<annotation>
	<folder>side육류부피배달종이박스치킨윙q3</folder>
	<filename>side_육류부피_배달종이박스_치킨윙_Q3_00021.JPG</filename>
	<path>/side육류부피배달종이박스치킨윙q3/side_육류부피_배달종이박스_치킨윙_Q3_00021.JPG</path>
	<source>
		<database>fooddata</database>
	</source>
	<size>
		<width>3008</width>
		<height>2000</height>
		<depth>3</depth>
	</size>
	<object>
		<name>ref_spoon</name>
		<bndbox>
			<xmin>295</xmin>
			<ymin>1579</ymin>
			<xmax>847</xmax>
			<ymax>1859</ymax>
		</bndbox>
	</object>
	<object>
		<name>ref_fork</name>
		<bndbox>
			<xmin>548</xmin>
			<ymin>1343</ymin>
			<xmax>1144</xmax>
			<ymax>1606</ymax>
		</bndbox>
	</object>
	<object>
		<name>ref_coin</name>
		<bndbox>
			<xmin>2464</xmin>
			<ymin>869</ymin>
			<xmax>2693</xmax>
			<ymax>1037</ymax>
		</bndbox>
	</object>
	<object>
		<name>dish</name>
		<bndbox>
			<xmin>948</xmin>
			<ymin>273</ymin>
			<xmax>2218</xmax>
			<ymax>1189</ymax>
		</bndbox>
	</object>
	<object>
		<name>치킨윙</name>
		<bndbox>
			<xmin>1033</xmin>
			<ymin>535</ymin>
			<xmax>2107</xmax>
			<ymax>1044</ymax>
		</bndbox>
	</object>
</annotation>