<annotation>
	<folder>side육류부피배달종이박스치킨윙q3</folder>
	<filename>side_육류부피_배달종이박스_치킨윙_Q3_00023.JPG</filename>
	<path>/side육류부피배달종이박스치킨윙q3/side_육류부피_배달종이박스_치킨윙_Q3_00023.JPG</path>
	<source>
		<database>fooddata</database>
	</source>
	<size>
		<width>3008</width>
		<height>2000</height>
		<depth>3</depth>
	</size>
	<object>
		<name>ref_spoon</name>
		<bndbox>
			<xmin>346</xmin>
			<ymin>1566</ymin>
			<xmax>861</xmax>
			<ymax>1845</ymax>
		</bndbox>
	</object>
	<object>
		<name>ref_fork</name>
		<bndbox>
			<xmin>592</xmin>
			<ymin>1337</ymin>
			<xmax>1174</xmax>
			<ymax>1589</ymax>
		</bndbox>
	</object>
	<object>
		<name>ref_coin</name>
		<bndbox>
			<xmin>2417</xmin>
			<ymin>333</ymin>
			<xmax>2639</xmax>
			<ymax>481</ymax>
		</bndbox>
	</object>
	<object>
		<name>dish</name>
		<bndbox>
			<xmin>740</xmin>
			<ymin>94</ymin>
			<xmax>2235</xmax>
			<ymax>1232</ymax>
		</bndbox>
	</object>
	<object>
		<name>치킨윙</name>
		<bndbox>
			<xmin>979</xmin>
			<ymin>354</ymin>
			<xmax>1989</xmax>
			<ymax>1071</ymax>
		</bndbox>
	</object>
</annotation>