<annotation>
	<folder>side육류부피배달종이박스치킨윙q3</folder>
	<filename>side_육류부피_배달종이박스_치킨윙_Q3_00054.JPG</filename>
	<path>/side육류부피배달종이박스치킨윙q3/side_육류부피_배달종이박스_치킨윙_Q3_00054.JPG</path>
	<source>
		<database>fooddata</database>
	</source>
	<size>
		<width>3008</width>
		<height>2000</height>
		<depth>3</depth>
	</size>
	<object>
		<name>ref_spoon</name>
		<bndbox>
			<xmin>302</xmin>
			<ymin>323</ymin>
			<xmax>602</xmax>
			<ymax>737</ymax>
		</bndbox>
	</object>
	<object>
		<name>ref_fork</name>
		<bndbox>
			<xmin>683</xmin>
			<ymin>397</ymin>
			<xmax>905</xmax>
			<ymax>872</ymax>
		</bndbox>
	</object>
	<object>
		<name>ref_coin</name>
		<bndbox>
			<xmin>208</xmin>
			<ymin>1717</ymin>
			<xmax>480</xmax>
			<ymax>1919</ymax>
		</bndbox>
	</object>
	<object>
		<name>dish</name>
		<bndbox>
			<xmin>1252</xmin>
			<ymin>337</ymin>
			<xmax>2868</xmax>
			<ymax>1630</ymax>
		</bndbox>
	</object>
	<object>
		<name>치킨윙</name>
		<bndbox>
			<xmin>1541</xmin>
			<ymin>643</ymin>
			<xmax>2699</xmax>
			<ymax>1253</ymax>
		</bndbox>
	</object>
</annotation>