<annotation>
	<folder>top육류부피배달종이박스치킨윙q3</folder>
	<filename>top_육류부피_배달종이박스_치킨윙_Q3_00031.JPG</filename>
	<path>/top육류부피배달종이박스치킨윙q3/top_육류부피_배달종이박스_치킨윙_Q3_00031.JPG</path>
	<source>
		<database>fooddata</database>
	</source>
	<size>
		<width>3008</width>
		<height>2000</height>
		<depth>3</depth>
	</size>
	<object>
		<name>ref_spoon</name>
		<bndbox>
			<xmin>806</xmin>
			<ymin>1641</ymin>
			<xmax>1204</xmax>
			<ymax>1934</ymax>
		</bndbox>
	</object>
	<object>
		<name>ref_fork</name>
		<bndbox>
			<xmin>826</xmin>
			<ymin>1351</ymin>
			<xmax>1266</xmax>
			<ymax>1548</ymax>
		</bndbox>
	</object>
	<object>
		<name>ref_coin</name>
		<bndbox>
			<xmin>600</xmin>
			<ymin>794</ymin>
			<xmax>801</xmax>
			<ymax>980</ymax>
		</bndbox>
	</object>
	<object>
		<name>dish</name>
		<bndbox>
			<xmin>993</xmin>
			<ymin>57</ymin>
			<xmax>2256</xmax>
			<ymax>1287</ymax>
		</bndbox>
	</object>
	<object>
		<name>치킨윙</name>
		<bndbox>
			<xmin>1199</xmin>
			<ymin>275</ymin>
			<xmax>2047</xmax>
			<ymax>1025</ymax>
		</bndbox>
	</object>
</annotation>