<annotation>
	<folder>top육류부피배달종이박스치킨윙q3</folder>
	<filename>top_육류부피_배달종이박스_치킨윙_Q3_00038.JPG</filename>
	<path>/top육류부피배달종이박스치킨윙q3/top_육류부피_배달종이박스_치킨윙_Q3_00038.JPG</path>
	<source>
		<database>fooddata</database>
	</source>
	<size>
		<width>3008</width>
		<height>2000</height>
		<depth>3</depth>
	</size>
	<object>
		<name>ref_spoon</name>
		<bndbox>
			<xmin>511</xmin>
			<ymin>66</ymin>
			<xmax>804</xmax>
			<ymax>504</ymax>
		</bndbox>
	</object>
	<object>
		<name>ref_fork</name>
		<bndbox>
			<xmin>892</xmin>
			<ymin>147</ymin>
			<xmax>1099</xmax>
			<ymax>619</ymax>
		</bndbox>
	</object>
	<object>
		<name>ref_coin</name>
		<bndbox>
			<xmin>932</xmin>
			<ymin>1663</ymin>
			<xmax>1140</xmax>
			<ymax>1885</ymax>
		</bndbox>
	</object>
	<object>
		<name>dish</name>
		<bndbox>
			<xmin>1194</xmin>
			<ymin>312</ymin>
			<xmax>2556</xmax>
			<ymax>1629</ymax>
		</bndbox>
	</object>
	<object>
		<name>치킨윙</name>
		<bndbox>
			<xmin>1384</xmin>
			<ymin>558</ymin>
			<xmax>2231</xmax>
			<ymax>1467</ymax>
		</bndbox>
	</object>
</annotation>