<annotation>
	<folder>top육류부피배달종이박스치킨윙q3</folder>
	<filename>top_육류부피_배달종이박스_치킨윙_Q3_00034.JPG</filename>
	<path>/top육류부피배달종이박스치킨윙q3/top_육류부피_배달종이박스_치킨윙_Q3_00034.JPG</path>
	<source>
		<database>fooddata</database>
	</source>
	<size>
		<width>3008</width>
		<height>2000</height>
		<depth>3</depth>
	</size>
	<object>
		<name>ref_spoon</name>
		<bndbox>
			<xmin>541</xmin>
			<ymin>113</ymin>
			<xmax>853</xmax>
			<ymax>577</ymax>
		</bndbox>
	</object>
	<object>
		<name>ref_fork</name>
		<bndbox>
			<xmin>959</xmin>
			<ymin>177</ymin>
			<xmax>1177</xmax>
			<ymax>678</ymax>
		</bndbox>
	</object>
	<object>
		<name>ref_coin</name>
		<bndbox>
			<xmin>1438</xmin>
			<ymin>1577</ymin>
			<xmax>1661</xmax>
			<ymax>1811</ymax>
		</bndbox>
	</object>
	<object>
		<name>dish</name>
		<bndbox>
			<xmin>1416</xmin>
			<ymin>140</ymin>
			<xmax>2632</xmax>
			<ymax>1415</ymax>
		</bndbox>
	</object>
	<object>
		<name>치킨윙</name>
		<bndbox>
			<xmin>1580</xmin>
			<ymin>376</ymin>
			<xmax>2447</xmax>
			<ymax>1292</ymax>
		</bndbox>
	</object>
</annotation>