<annotation>
	<folder>top육류부피배달종이박스치킨윙q3</folder>
	<filename>top_육류부피_배달종이박스_치킨윙_Q3_00021.JPG</filename>
	<path>/top육류부피배달종이박스치킨윙q3/top_육류부피_배달종이박스_치킨윙_Q3_00021.JPG</path>
	<source>
		<database>fooddata</database>
	</source>
	<size>
		<width>3008</width>
		<height>2000</height>
		<depth>3</depth>
	</size>
	<object>
		<name>ref_spoon</name>
		<bndbox>
			<xmin>909</xmin>
			<ymin>1545</ymin>
			<xmax>1266</xmax>
			<ymax>1806</ymax>
		</bndbox>
	</object>
	<object>
		<name>ref_fork</name>
		<bndbox>
			<xmin>936</xmin>
			<ymin>1287</ymin>
			<xmax>1320</xmax>
			<ymax>1459</ymax>
		</bndbox>
	</object>
	<object>
		<name>ref_coin</name>
		<bndbox>
			<xmin>2273</xmin>
			<ymin>442</ymin>
			<xmax>2433</xmax>
			<ymax>607</ymax>
		</bndbox>
	</object>
	<object>
		<name>dish</name>
		<bndbox>
			<xmin>868</xmin>
			<ymin>98</ymin>
			<xmax>1818</xmax>
			<ymax>1069</ymax>
		</bndbox>
	</object>
	<object>
		<name>치킨윙</name>
		<bndbox>
			<xmin>1025</xmin>
			<ymin>216</ymin>
			<xmax>1720</xmax>
			<ymax>914</ymax>
		</bndbox>
	</object>
</annotation>