<annotation>
	<folder>top육류부피배달종이박스치킨윙q3</folder>
	<filename>top_육류부피_배달종이박스_치킨윙_Q3_00055.JPG</filename>
	<path>/top육류부피배달종이박스치킨윙q3/top_육류부피_배달종이박스_치킨윙_Q3_00055.JPG</path>
	<source>
		<database>fooddata</database>
	</source>
	<size>
		<width>3008</width>
		<height>2000</height>
		<depth>3</depth>
	</size>
	<object>
		<name>ref_spoon</name>
		<bndbox>
			<xmin>543</xmin>
			<ymin>201</ymin>
			<xmax>833</xmax>
			<ymax>639</ymax>
		</bndbox>
	</object>
	<object>
		<name>ref_fork</name>
		<bndbox>
			<xmin>934</xmin>
			<ymin>246</ymin>
			<xmax>1143</xmax>
			<ymax>740</ymax>
		</bndbox>
	</object>
	<object>
		<name>ref_coin</name>
		<bndbox>
			<xmin>1843</xmin>
			<ymin>1595</ymin>
			<xmax>2057</xmax>
			<ymax>1808</ymax>
		</bndbox>
	</object>
	<object>
		<name>dish</name>
		<bndbox>
			<xmin>1283</xmin>
			<ymin>74</ymin>
			<xmax>2686</xmax>
			<ymax>1511</ymax>
		</bndbox>
	</object>
	<object>
		<name>치킨윙</name>
		<bndbox>
			<xmin>1428</xmin>
			<ymin>270</ymin>
			<xmax>2327</xmax>
			<ymax>1233</ymax>
		</bndbox>
	</object>
</annotation>