<annotation>
	<folder>top육류부피배달종이박스치킨윙q3</folder>
	<filename>top_육류부피_배달종이박스_치킨윙_Q3_00008.JPG</filename>
	<path>/top육류부피배달종이박스치킨윙q3/top_육류부피_배달종이박스_치킨윙_Q3_00008.JPG</path>
	<source>
		<database>fooddata</database>
	</source>
	<size>
		<width>3008</width>
		<height>2000</height>
		<depth>3</depth>
	</size>
	<object>
		<name>ref_spoon</name>
		<bndbox>
			<xmin>2116</xmin>
			<ymin>125</ymin>
			<xmax>2371</xmax>
			<ymax>504</ymax>
		</bndbox>
	</object>
	<object>
		<name>ref_fork</name>
		<bndbox>
			<xmin>2428</xmin>
			<ymin>310</ymin>
			<xmax>2612</xmax>
			<ymax>730</ymax>
		</bndbox>
	</object>
	<object>
		<name>ref_coin</name>
		<bndbox>
			<xmin>639</xmin>
			<ymin>1248</ymin>
			<xmax>836</xmax>
			<ymax>1442</ymax>
		</bndbox>
	</object>
	<object>
		<name>dish</name>
		<bndbox>
			<xmin>875</xmin>
			<ymin>278</ymin>
			<xmax>2148</xmax>
			<ymax>1506</ymax>
		</bndbox>
	</object>
	<object>
		<name>치킨윙</name>
		<bndbox>
			<xmin>1062</xmin>
			<ymin>501</ymin>
			<xmax>1959</xmax>
			<ymax>1400</ymax>
		</bndbox>
	</object>
</annotation>