<annotation>
	<folder>top육류부피배달종이박스치킨윙q3</folder>
	<filename>top_육류부피_배달종이박스_치킨윙_Q3_00016.JPG</filename>
	<path>/top육류부피배달종이박스치킨윙q3/top_육류부피_배달종이박스_치킨윙_Q3_00016.JPG</path>
	<source>
		<database>fooddata</database>
	</source>
	<size>
		<width>3008</width>
		<height>2000</height>
		<depth>3</depth>
	</size>
	<object>
		<name>ref_spoon</name>
		<bndbox>
			<xmin>1789</xmin>
			<ymin>69</ymin>
			<xmax>2079</xmax>
			<ymax>514</ymax>
		</bndbox>
	</object>
	<object>
		<name>ref_fork</name>
		<bndbox>
			<xmin>2175</xmin>
			<ymin>243</ymin>
			<xmax>2374</xmax>
			<ymax>742</ymax>
		</bndbox>
	</object>
	<object>
		<name>ref_coin</name>
		<bndbox>
			<xmin>2524</xmin>
			<ymin>853</ymin>
			<xmax>2733</xmax>
			<ymax>1061</ymax>
		</bndbox>
	</object>
	<object>
		<name>dish</name>
		<bndbox>
			<xmin>418</xmin>
			<ymin>231</ymin>
			<xmax>2010</xmax>
			<ymax>1811</ymax>
		</bndbox>
	</object>
	<object>
		<name>치킨윙</name>
		<bndbox>
			<xmin>669</xmin>
			<ymin>415</ymin>
			<xmax>1752</xmax>
			<ymax>1506</ymax>
		</bndbox>
	</object>
</annotation>