<annotation>
	<folder>side국류원형배달순두부찌개q3</folder>
	<filename>side_국류_원형배달_순두부찌개_Q3_00029.JPG</filename>
	<path>/side국류원형배달순두부찌개q3/side_국류_원형배달_순두부찌개_Q3_00029.JPG</path>
	<source>
		<database>fooddata</database>
	</source>
	<size>
		<width>3008</width>
		<height>2000</height>
		<depth>3</depth>
	</size>
	<object>
		<name>ref_spoon</name>
		<bndbox>
			<xmin>507</xmin>
			<ymin>1539</ymin>
			<xmax>1002</xmax>
			<ymax>1765</ymax>
		</bndbox>
	</object>
	<object>
		<name>ref_fork</name>
		<bndbox>
			<xmin>542</xmin>
			<ymin>1334</ymin>
			<xmax>1067</xmax>
			<ymax>1543</ymax>
		</bndbox>
	</object>
	<object>
		<name>ref_coin</name>
		<bndbox>
			<xmin>2545</xmin>
			<ymin>1437</ymin>
			<xmax>2770</xmax>
			<ymax>1587</ymax>
		</bndbox>
	</object>
	<object>
		<name>dish</name>
		<bndbox>
			<xmin>719</xmin>
			<ymin>164</ymin>
			<xmax>1982</xmax>
			<ymax>1311</ymax>
		</bndbox>
	</object>
	<object>
		<name>순두부찌개</name>
		<bndbox>
			<xmin>845</xmin>
			<ymin>471</ymin>
			<xmax>1873</xmax>
			<ymax>867</ymax>
		</bndbox>
	</object>
</annotation>