<annotation>
	<folder>side국류원형배달순두부찌개q3</folder>
	<filename>side_국류_원형배달_순두부찌개_Q3_00013.JPG</filename>
	<path>/side국류원형배달순두부찌개q3/side_국류_원형배달_순두부찌개_Q3_00013.JPG</path>
	<source>
		<database>fooddata</database>
	</source>
	<size>
		<width>3008</width>
		<height>2000</height>
		<depth>3</depth>
	</size>
	<object>
		<name>ref_spoon</name>
		<bndbox>
			<xmin>1832</xmin>
			<ymin>713</ymin>
			<xmax>2105</xmax>
			<ymax>1089</ymax>
		</bndbox>
	</object>
	<object>
		<name>ref_fork</name>
		<bndbox>
			<xmin>2187</xmin>
			<ymin>727</ymin>
			<xmax>2388</xmax>
			<ymax>1133</ymax>
		</bndbox>
	</object>
	<object>
		<name>ref_coin</name>
		<bndbox>
			<xmin>1081</xmin>
			<ymin>413</ymin>
			<xmax>1258</xmax>
			<ymax>519</ymax>
		</bndbox>
	</object>
	<object>
		<name>dish</name>
		<bndbox>
			<xmin>272</xmin>
			<ymin>580</ymin>
			<xmax>1559</xmax>
			<ymax>1778</ymax>
		</bndbox>
	</object>
	<object>
		<name>순두부찌개</name>
		<bndbox>
			<xmin>398</xmin>
			<ymin>874</ymin>
			<xmax>1449</xmax>
			<ymax>1314</ymax>
		</bndbox>
	</object>
</annotation>