<annotation>
	<folder>side국류원형배달순두부찌개q3</folder>
	<filename>side_국류_원형배달_순두부찌개_Q3_00042.JPG</filename>
	<path>/side국류원형배달순두부찌개q3/side_국류_원형배달_순두부찌개_Q3_00042.JPG</path>
	<source>
		<database>fooddata</database>
	</source>
	<size>
		<width>3008</width>
		<height>2000</height>
		<depth>3</depth>
	</size>
	<object>
		<name>ref_spoon</name>
		<bndbox>
			<xmin>241</xmin>
			<ymin>887</ymin>
			<xmax>514</xmax>
			<ymax>1239</ymax>
		</bndbox>
	</object>
	<object>
		<name>ref_fork</name>
		<bndbox>
			<xmin>647</xmin>
			<ymin>894</ymin>
			<xmax>832</xmax>
			<ymax>1307</ymax>
		</bndbox>
	</object>
	<object>
		<name>ref_coin</name>
		<bndbox>
			<xmin>2658</xmin>
			<ymin>1020</ymin>
			<xmax>2859</xmax>
			<ymax>1157</ymax>
		</bndbox>
	</object>
	<object>
		<name>dish</name>
		<bndbox>
			<xmin>955</xmin>
			<ymin>451</ymin>
			<xmax>2245</xmax>
			<ymax>1648</ymax>
		</bndbox>
	</object>
	<object>
		<name>순두부찌개</name>
		<bndbox>
			<xmin>1077</xmin>
			<ymin>775</ymin>
			<xmax>2129</xmax>
			<ymax>1184</ymax>
		</bndbox>
	</object>
</annotation>