<annotation>
	<folder>side국류원형배달순두부찌개q3</folder>
	<filename>side_국류_원형배달_순두부찌개_Q3_00002.JPG</filename>
	<path>/side국류원형배달순두부찌개q3/side_국류_원형배달_순두부찌개_Q3_00002.JPG</path>
	<source>
		<database>fooddata</database>
	</source>
	<size>
		<width>3008</width>
		<height>2000</height>
		<depth>3</depth>
	</size>
	<object>
		<name>ref_spoon</name>
		<bndbox>
			<xmin>1999</xmin>
			<ymin>669</ymin>
			<xmax>2262</xmax>
			<ymax>1020</ymax>
		</bndbox>
	</object>
	<object>
		<name>ref_fork</name>
		<bndbox>
			<xmin>2344</xmin>
			<ymin>696</ymin>
			<xmax>2535</xmax>
			<ymax>1089</ymax>
		</bndbox>
	</object>
	<object>
		<name>ref_coin</name>
		<bndbox>
			<xmin>1490</xmin>
			<ymin>1601</ymin>
			<xmax>1695</xmax>
			<ymax>1744</ymax>
		</bndbox>
	</object>
	<object>
		<name>dish</name>
		<bndbox>
			<xmin>463</xmin>
			<ymin>355</ymin>
			<xmax>1705</xmax>
			<ymax>1532</ymax>
		</bndbox>
	</object>
	<object>
		<name>순두부찌개</name>
		<bndbox>
			<xmin>572</xmin>
			<ymin>659</ymin>
			<xmax>1606</xmax>
			<ymax>1075</ymax>
		</bndbox>
	</object>
</annotation>