<annotation>
	<folder>side국류원형배달순두부찌개q3</folder>
	<filename>side_국류_원형배달_순두부찌개_Q3_00010.JPG</filename>
	<path>/side국류원형배달순두부찌개q3/side_국류_원형배달_순두부찌개_Q3_00010.JPG</path>
	<source>
		<database>fooddata</database>
	</source>
	<size>
		<width>3008</width>
		<height>2000</height>
		<depth>3</depth>
	</size>
	<object>
		<name>ref_spoon</name>
		<bndbox>
			<xmin>2071</xmin>
			<ymin>625</ymin>
			<xmax>2330</xmax>
			<ymax>976</ymax>
		</bndbox>
	</object>
	<object>
		<name>ref_fork</name>
		<bndbox>
			<xmin>2415</xmin>
			<ymin>642</ymin>
			<xmax>2610</xmax>
			<ymax>1038</ymax>
		</bndbox>
	</object>
	<object>
		<name>ref_coin</name>
		<bndbox>
			<xmin>129</xmin>
			<ymin>853</ymin>
			<xmax>320</xmax>
			<ymax>980</ymax>
		</bndbox>
	</object>
	<object>
		<name>dish</name>
		<bndbox>
			<xmin>562</xmin>
			<ymin>464</ymin>
			<xmax>1842</xmax>
			<ymax>1635</ymax>
		</bndbox>
	</object>
	<object>
		<name>순두부찌개</name>
		<bndbox>
			<xmin>678</xmin>
			<ymin>765</ymin>
			<xmax>1736</xmax>
			<ymax>1212</ymax>
		</bndbox>
	</object>
</annotation>