<annotation>
	<folder>side국류원형배달순두부찌개q3</folder>
	<filename>side_국류_원형배달_순두부찌개_Q3_00009.JPG</filename>
	<path>/side국류원형배달순두부찌개q3/side_국류_원형배달_순두부찌개_Q3_00009.JPG</path>
	<source>
		<database>fooddata</database>
	</source>
	<size>
		<width>3008</width>
		<height>2000</height>
		<depth>3</depth>
	</size>
	<object>
		<name>ref_spoon</name>
		<bndbox>
			<xmin>2210</xmin>
			<ymin>700</ymin>
			<xmax>2477</xmax>
			<ymax>1051</ymax>
		</bndbox>
	</object>
	<object>
		<name>ref_fork</name>
		<bndbox>
			<xmin>2565</xmin>
			<ymin>717</ymin>
			<xmax>2760</xmax>
			<ymax>1113</ymax>
		</bndbox>
	</object>
	<object>
		<name>ref_coin</name>
		<bndbox>
			<xmin>173</xmin>
			<ymin>1205</ymin>
			<xmax>371</xmax>
			<ymax>1338</ymax>
		</bndbox>
	</object>
	<object>
		<name>dish</name>
		<bndbox>
			<xmin>722</xmin>
			<ymin>553</ymin>
			<xmax>2006</xmax>
			<ymax>1737</ymax>
		</bndbox>
	</object>
	<object>
		<name>순두부찌개</name>
		<bndbox>
			<xmin>856</xmin>
			<ymin>853</ymin>
			<xmax>1903</xmax>
			<ymax>1300</ymax>
		</bndbox>
	</object>
</annotation>