<annotation>
	<folder>side국류원형배달순두부찌개q3</folder>
	<filename>side_국류_원형배달_순두부찌개_Q3_00043.JPG</filename>
	<path>/side국류원형배달순두부찌개q3/side_국류_원형배달_순두부찌개_Q3_00043.JPG</path>
	<source>
		<database>fooddata</database>
	</source>
	<size>
		<width>3008</width>
		<height>2000</height>
		<depth>3</depth>
	</size>
	<object>
		<name>ref_spoon</name>
		<bndbox>
			<xmin>316</xmin>
			<ymin>662</ymin>
			<xmax>596</xmax>
			<ymax>1055</ymax>
		</bndbox>
	</object>
	<object>
		<name>ref_fork</name>
		<bndbox>
			<xmin>719</xmin>
			<ymin>672</ymin>
			<xmax>910</xmax>
			<ymax>1085</ymax>
		</bndbox>
	</object>
	<object>
		<name>ref_coin</name>
		<bndbox>
			<xmin>1937</xmin>
			<ymin>314</ymin>
			<xmax>2129</xmax>
			<ymax>427</ymax>
		</bndbox>
	</object>
	<object>
		<name>dish</name>
		<bndbox>
			<xmin>1094</xmin>
			<ymin>556</ymin>
			<xmax>2460</xmax>
			<ymax>1853</ymax>
		</bndbox>
	</object>
	<object>
		<name>순두부찌개</name>
		<bndbox>
			<xmin>1217</xmin>
			<ymin>870</ymin>
			<xmax>2354</xmax>
			<ymax>1362</ymax>
		</bndbox>
	</object>
</annotation>