<annotation>
	<folder>side국류원형배달순두부찌개q3</folder>
	<filename>side_국류_원형배달_순두부찌개_Q3_00008.JPG</filename>
	<path>/side국류원형배달순두부찌개q3/side_국류_원형배달_순두부찌개_Q3_00008.JPG</path>
	<source>
		<database>fooddata</database>
	</source>
	<size>
		<width>3008</width>
		<height>2000</height>
		<depth>3</depth>
	</size>
	<object>
		<name>ref_spoon</name>
		<bndbox>
			<xmin>2067</xmin>
			<ymin>686</ymin>
			<xmax>2333</xmax>
			<ymax>1038</ymax>
		</bndbox>
	</object>
	<object>
		<name>ref_fork</name>
		<bndbox>
			<xmin>2419</xmin>
			<ymin>706</ymin>
			<xmax>2610</xmax>
			<ymax>1113</ymax>
		</bndbox>
	</object>
	<object>
		<name>ref_coin</name>
		<bndbox>
			<xmin>88</xmin>
			<ymin>1396</ymin>
			<xmax>292</xmax>
			<ymax>1536</ymax>
		</bndbox>
	</object>
	<object>
		<name>dish</name>
		<bndbox>
			<xmin>582</xmin>
			<ymin>485</ymin>
			<xmax>1849</xmax>
			<ymax>1666</ymax>
		</bndbox>
	</object>
	<object>
		<name>순두부찌개</name>
		<bndbox>
			<xmin>702</xmin>
			<ymin>788</ymin>
			<xmax>1739</xmax>
			<ymax>1225</ymax>
		</bndbox>
	</object>
</annotation>