<annotation>
	<folder>side국류원형배달순두부찌개q3</folder>
	<filename>side_국류_원형배달_순두부찌개_Q3_00035.JPG</filename>
	<path>/side국류원형배달순두부찌개q3/side_국류_원형배달_순두부찌개_Q3_00035.JPG</path>
	<source>
		<database>fooddata</database>
	</source>
	<size>
		<width>3008</width>
		<height>2000</height>
		<depth>3</depth>
	</size>
	<object>
		<name>ref_spoon</name>
		<bndbox>
			<xmin>521</xmin>
			<ymin>829</ymin>
			<xmax>794</xmax>
			<ymax>1201</ymax>
		</bndbox>
	</object>
	<object>
		<name>ref_fork</name>
		<bndbox>
			<xmin>924</xmin>
			<ymin>843</ymin>
			<xmax>1118</xmax>
			<ymax>1256</ymax>
		</bndbox>
	</object>
	<object>
		<name>ref_coin</name>
		<bndbox>
			<xmin>1449</xmin>
			<ymin>1734</ymin>
			<xmax>1661</xmax>
			<ymax>1887</ymax>
		</bndbox>
	</object>
	<object>
		<name>dish</name>
		<bndbox>
			<xmin>1238</xmin>
			<ymin>427</ymin>
			<xmax>2524</xmax>
			<ymax>1631</ymax>
		</bndbox>
	</object>
	<object>
		<name>순두부찌개</name>
		<bndbox>
			<xmin>1367</xmin>
			<ymin>754</ymin>
			<xmax>2419</xmax>
			<ymax>1154</ymax>
		</bndbox>
	</object>
</annotation>