<annotation>
	<folder>top국류원형배달순두부찌개q3</folder>
	<filename>top_국류_원형배달_순두부찌개_Q3_00031.JPG</filename>
	<path>/top국류원형배달순두부찌개q3/top_국류_원형배달_순두부찌개_Q3_00031.JPG</path>
	<source>
		<database>fooddata</database>
	</source>
	<size>
		<width>3008</width>
		<height>2000</height>
		<depth>3</depth>
	</size>
	<object>
		<name>ref_spoon</name>
		<bndbox>
			<xmin>562</xmin>
			<ymin>1310</ymin>
			<xmax>984</xmax>
			<ymax>1570</ymax>
		</bndbox>
	</object>
	<object>
		<name>ref_fork</name>
		<bndbox>
			<xmin>537</xmin>
			<ymin>1678</ymin>
			<xmax>1009</xmax>
			<ymax>1865</ymax>
		</bndbox>
	</object>
	<object>
		<name>ref_coin</name>
		<bndbox>
			<xmin>1952</xmin>
			<ymin>1228</ymin>
			<xmax>2131</xmax>
			<ymax>1408</ymax>
		</bndbox>
	</object>
	<object>
		<name>dish</name>
		<bndbox>
			<xmin>780</xmin>
			<ymin>158</ymin>
			<xmax>1904</xmax>
			<ymax>1272</ymax>
		</bndbox>
	</object>
	<object>
		<name>순두부찌개</name>
		<bndbox>
			<xmin>861</xmin>
			<ymin>299</ymin>
			<xmax>1835</xmax>
			<ymax>1210</ymax>
		</bndbox>
	</object>
</annotation>