<annotation>
	<folder>top국류원형배달순두부찌개q3</folder>
	<filename>top_국류_원형배달_순두부찌개_Q3_00012.JPG</filename>
	<path>/top국류원형배달순두부찌개q3/top_국류_원형배달_순두부찌개_Q3_00012.JPG</path>
	<source>
		<database>fooddata</database>
	</source>
	<size>
		<width>3008</width>
		<height>2000</height>
		<depth>3</depth>
	</size>
	<object>
		<name>ref_spoon</name>
		<bndbox>
			<xmin>2212</xmin>
			<ymin>434</ymin>
			<xmax>2477</xmax>
			<ymax>895</ymax>
		</bndbox>
	</object>
	<object>
		<name>ref_fork</name>
		<bndbox>
			<xmin>1926</xmin>
			<ymin>491</ymin>
			<xmax>2101</xmax>
			<ymax>987</ymax>
		</bndbox>
	</object>
	<object>
		<name>ref_coin</name>
		<bndbox>
			<xmin>1016</xmin>
			<ymin>153</ymin>
			<xmax>1199</xmax>
			<ymax>332</ymax>
		</bndbox>
	</object>
	<object>
		<name>dish</name>
		<bndbox>
			<xmin>392</xmin>
			<ymin>531</ymin>
			<xmax>1599</xmax>
			<ymax>1706</ymax>
		</bndbox>
	</object>
	<object>
		<name>순두부찌개</name>
		<bndbox>
			<xmin>492</xmin>
			<ymin>661</ymin>
			<xmax>1546</xmax>
			<ymax>1670</ymax>
		</bndbox>
	</object>
</annotation>