<annotation>
	<folder>top국류원형배달순두부찌개q3</folder>
	<filename>top_국류_원형배달_순두부찌개_Q3_00023.JPG</filename>
	<path>/top국류원형배달순두부찌개q3/top_국류_원형배달_순두부찌개_Q3_00023.JPG</path>
	<source>
		<database>fooddata</database>
	</source>
	<size>
		<width>3008</width>
		<height>2000</height>
		<depth>3</depth>
	</size>
	<object>
		<name>ref_spoon</name>
		<bndbox>
			<xmin>857</xmin>
			<ymin>1207</ymin>
			<xmax>1266</xmax>
			<ymax>1463</ymax>
		</bndbox>
	</object>
	<object>
		<name>ref_fork</name>
		<bndbox>
			<xmin>834</xmin>
			<ymin>1566</ymin>
			<xmax>1291</xmax>
			<ymax>1751</ymax>
		</bndbox>
	</object>
	<object>
		<name>ref_coin</name>
		<bndbox>
			<xmin>866</xmin>
			<ymin>373</ymin>
			<xmax>1038</xmax>
			<ymax>542</ymax>
		</bndbox>
	</object>
	<object>
		<name>dish</name>
		<bndbox>
			<xmin>1087</xmin>
			<ymin>185</ymin>
			<xmax>2195</xmax>
			<ymax>1261</ymax>
		</bndbox>
	</object>
	<object>
		<name>순두부찌개</name>
		<bndbox>
			<xmin>1169</xmin>
			<ymin>307</ymin>
			<xmax>2124</xmax>
			<ymax>1206</ymax>
		</bndbox>
	</object>
</annotation>