<annotation>
	<folder>top국류원형배달순두부찌개q3</folder>
	<filename>top_국류_원형배달_순두부찌개_Q3_00009.JPG</filename>
	<path>/top국류원형배달순두부찌개q3/top_국류_원형배달_순두부찌개_Q3_00009.JPG</path>
	<source>
		<database>fooddata</database>
	</source>
	<size>
		<width>3008</width>
		<height>2000</height>
		<depth>3</depth>
	</size>
	<object>
		<name>ref_spoon</name>
		<bndbox>
			<xmin>2285</xmin>
			<ymin>396</ymin>
			<xmax>2557</xmax>
			<ymax>863</ymax>
		</bndbox>
	</object>
	<object>
		<name>ref_fork</name>
		<bndbox>
			<xmin>2002</xmin>
			<ymin>460</ymin>
			<xmax>2180</xmax>
			<ymax>947</ymax>
		</bndbox>
	</object>
	<object>
		<name>ref_coin</name>
		<bndbox>
			<xmin>282</xmin>
			<ymin>936</ymin>
			<xmax>472</xmax>
			<ymax>1122</ymax>
		</bndbox>
	</object>
	<object>
		<name>dish</name>
		<bndbox>
			<xmin>545</xmin>
			<ymin>484</ymin>
			<xmax>1735</xmax>
			<ymax>1664</ymax>
		</bndbox>
	</object>
	<object>
		<name>순두부찌개</name>
		<bndbox>
			<xmin>653</xmin>
			<ymin>614</ymin>
			<xmax>1696</xmax>
			<ymax>1631</ymax>
		</bndbox>
	</object>
</annotation>