<annotation>
	<folder>top국류원형배달순두부찌개q3</folder>
	<filename>top_국류_원형배달_순두부찌개_Q3_00030.JPG</filename>
	<path>/top국류원형배달순두부찌개q3/top_국류_원형배달_순두부찌개_Q3_00030.JPG</path>
	<source>
		<database>fooddata</database>
	</source>
	<size>
		<width>3008</width>
		<height>2000</height>
		<depth>3</depth>
	</size>
	<object>
		<name>ref_spoon</name>
		<bndbox>
			<xmin>657</xmin>
			<ymin>1302</ymin>
			<xmax>1076</xmax>
			<ymax>1562</ymax>
		</bndbox>
	</object>
	<object>
		<name>ref_fork</name>
		<bndbox>
			<xmin>629</xmin>
			<ymin>1668</ymin>
			<xmax>1105</xmax>
			<ymax>1856</ymax>
		</bndbox>
	</object>
	<object>
		<name>ref_coin</name>
		<bndbox>
			<xmin>2123</xmin>
			<ymin>1039</ymin>
			<xmax>2303</xmax>
			<ymax>1216</ymax>
		</bndbox>
	</object>
	<object>
		<name>dish</name>
		<bndbox>
			<xmin>871</xmin>
			<ymin>178</ymin>
			<xmax>1986</xmax>
			<ymax>1286</ymax>
		</bndbox>
	</object>
	<object>
		<name>순두부찌개</name>
		<bndbox>
			<xmin>945</xmin>
			<ymin>304</ymin>
			<xmax>1920</xmax>
			<ymax>1225</ymax>
		</bndbox>
	</object>
</annotation>