<annotation>
	<folder>top국류원형배달순두부찌개q3</folder>
	<filename>top_국류_원형배달_순두부찌개_Q3_00055.JPG</filename>
	<path>/top국류원형배달순두부찌개q3/top_국류_원형배달_순두부찌개_Q3_00055.JPG</path>
	<source>
		<database>fooddata</database>
	</source>
	<size>
		<width>3008</width>
		<height>2000</height>
		<depth>3</depth>
	</size>
	<object>
		<name>ref_spoon</name>
		<bndbox>
			<xmin>644</xmin>
			<ymin>300</ymin>
			<xmax>906</xmax>
			<ymax>748</ymax>
		</bndbox>
	</object>
	<object>
		<name>ref_fork</name>
		<bndbox>
			<xmin>330</xmin>
			<ymin>378</ymin>
			<xmax>512</xmax>
			<ymax>873</ymax>
		</bndbox>
	</object>
	<object>
		<name>ref_coin</name>
		<bndbox>
			<xmin>2384</xmin>
			<ymin>961</ymin>
			<xmax>2576</xmax>
			<ymax>1150</ymax>
		</bndbox>
	</object>
	<object>
		<name>dish</name>
		<bndbox>
			<xmin>906</xmin>
			<ymin>384</ymin>
			<xmax>2092</xmax>
			<ymax>1558</ymax>
		</bndbox>
	</object>
	<object>
		<name>순두부찌개</name>
		<bndbox>
			<xmin>996</xmin>
			<ymin>504</ymin>
			<xmax>2037</xmax>
			<ymax>1521</ymax>
		</bndbox>
	</object>
</annotation>