<annotation>
	<folder>side비빔밥덮밥류냉면기회덮밥q3</folder>
	<filename>side_비빔밥덮밥류_냉면기_회덮밥_Q3_00009.JPG</filename>
	<path>/side비빔밥덮밥류냉면기회덮밥q3/side_비빔밥덮밥류_냉면기_회덮밥_Q3_00009.JPG</path>
	<source>
		<database>fooddata</database>
	</source>
	<size>
		<width>3008</width>
		<height>2000</height>
		<depth>3</depth>
	</size>
	<object>
		<name>ref_spoon</name>
		<bndbox>
			<xmin>2059</xmin>
			<ymin>843</ymin>
			<xmax>2320</xmax>
			<ymax>1214</ymax>
		</bndbox>
	</object>
	<object>
		<name>ref_fork</name>
		<bndbox>
			<xmin>2548</xmin>
			<ymin>946</ymin>
			<xmax>2730</xmax>
			<ymax>1354</ymax>
		</bndbox>
	</object>
	<object>
		<name>ref_coin</name>
		<bndbox>
			<xmin>536</xmin>
			<ymin>378</ymin>
			<xmax>703</xmax>
			<ymax>496</ymax>
		</bndbox>
	</object>
	<object>
		<name>dish</name>
		<bndbox>
			<xmin>411</xmin>
			<ymin>516</ymin>
			<xmax>1990</xmax>
			<ymax>1654</ymax>
		</bndbox>
	</object>
	<object>
		<name>회덮밥</name>
		<bndbox>
			<xmin>728</xmin>
			<ymin>914</ymin>
			<xmax>1619</xmax>
			<ymax>1496</ymax>
		</bndbox>
	</object>
</annotation>