<annotation>
	<folder>side비빔밥덮밥류냉면기회덮밥q3</folder>
	<filename>side_비빔밥덮밥류_냉면기_회덮밥_Q3_00043.JPG</filename>
	<path>/side비빔밥덮밥류냉면기회덮밥q3/side_비빔밥덮밥류_냉면기_회덮밥_Q3_00043.JPG</path>
	<source>
		<database>fooddata</database>
	</source>
	<size>
		<width>3008</width>
		<height>2000</height>
		<depth>3</depth>
	</size>
	<object>
		<name>ref_spoon</name>
		<bndbox>
			<xmin>185</xmin>
			<ymin>744</ymin>
			<xmax>460</xmax>
			<ymax>1098</ymax>
		</bndbox>
	</object>
	<object>
		<name>ref_fork</name>
		<bndbox>
			<xmin>602</xmin>
			<ymin>796</ymin>
			<xmax>784</xmax>
			<ymax>1209</ymax>
		</bndbox>
	</object>
	<object>
		<name>ref_coin</name>
		<bndbox>
			<xmin>1207</xmin>
			<ymin>361</ymin>
			<xmax>1389</xmax>
			<ymax>479</ymax>
		</bndbox>
	</object>
	<object>
		<name>dish</name>
		<bndbox>
			<xmin>1067</xmin>
			<ymin>541</ymin>
			<xmax>2691</xmax>
			<ymax>1732</ymax>
		</bndbox>
	</object>
	<object>
		<name>회덮밥</name>
		<bndbox>
			<xmin>1334</xmin>
			<ymin>907</ymin>
			<xmax>2420</xmax>
			<ymax>1595</ymax>
		</bndbox>
	</object>
</annotation>