<annotation>
	<folder>side비빔밥덮밥류냉면기회덮밥q3</folder>
	<filename>side_비빔밥덮밥류_냉면기_회덮밥_Q3_00046.JPG</filename>
	<path>/side비빔밥덮밥류냉면기회덮밥q3/side_비빔밥덮밥류_냉면기_회덮밥_Q3_00046.JPG</path>
	<source>
		<database>fooddata</database>
	</source>
	<size>
		<width>3008</width>
		<height>2000</height>
		<depth>3</depth>
	</size>
	<object>
		<name>ref_spoon</name>
		<bndbox>
			<xmin>180</xmin>
			<ymin>533</ymin>
			<xmax>450</xmax>
			<ymax>909</ymax>
		</bndbox>
	</object>
	<object>
		<name>ref_fork</name>
		<bndbox>
			<xmin>600</xmin>
			<ymin>570</ymin>
			<xmax>782</xmax>
			<ymax>993</ymax>
		</bndbox>
	</object>
	<object>
		<name>ref_coin</name>
		<bndbox>
			<xmin>1600</xmin>
			<ymin>1730</ymin>
			<xmax>1828</xmax>
			<ymax>1907</ymax>
		</bndbox>
	</object>
	<object>
		<name>dish</name>
		<bndbox>
			<xmin>1244</xmin>
			<ymin>150</ymin>
			<xmax>2833</xmax>
			<ymax>1307</ymax>
		</bndbox>
	</object>
	<object>
		<name>회덮밥</name>
		<bndbox>
			<xmin>1524</xmin>
			<ymin>479</ymin>
			<xmax>2450</xmax>
			<ymax>1157</ymax>
		</bndbox>
	</object>
</annotation>