<annotation>
	<folder>side비빔밥덮밥류냉면기회덮밥q3</folder>
	<filename>side_비빔밥덮밥류_냉면기_회덮밥_Q3_00011.JPG</filename>
	<path>/side비빔밥덮밥류냉면기회덮밥q3/side_비빔밥덮밥류_냉면기_회덮밥_Q3_00011.JPG</path>
	<source>
		<database>fooddata</database>
	</source>
	<size>
		<width>3008</width>
		<height>2000</height>
		<depth>3</depth>
	</size>
	<object>
		<name>ref_spoon</name>
		<bndbox>
			<xmin>1973</xmin>
			<ymin>727</ymin>
			<xmax>2231</xmax>
			<ymax>1076</ymax>
		</bndbox>
	</object>
	<object>
		<name>ref_fork</name>
		<bndbox>
			<xmin>2460</xmin>
			<ymin>830</ymin>
			<xmax>2644</xmax>
			<ymax>1231</ymax>
		</bndbox>
	</object>
	<object>
		<name>ref_coin</name>
		<bndbox>
			<xmin>1040</xmin>
			<ymin>201</ymin>
			<xmax>1219</xmax>
			<ymax>319</ymax>
		</bndbox>
	</object>
	<object>
		<name>dish</name>
		<bndbox>
			<xmin>342</xmin>
			<ymin>405</ymin>
			<xmax>1927</xmax>
			<ymax>1543</ymax>
		</bndbox>
	</object>
	<object>
		<name>회덮밥</name>
		<bndbox>
			<xmin>639</xmin>
			<ymin>769</ymin>
			<xmax>1622</xmax>
			<ymax>1381</ymax>
		</bndbox>
	</object>
</annotation>