<annotation>
	<folder>side비빔밥덮밥류냉면기회덮밥q3</folder>
	<filename>side_비빔밥덮밥류_냉면기_회덮밥_Q3_00022.JPG</filename>
	<path>/side비빔밥덮밥류냉면기회덮밥q3/side_비빔밥덮밥류_냉면기_회덮밥_Q3_00022.JPG</path>
	<source>
		<database>fooddata</database>
	</source>
	<size>
		<width>3008</width>
		<height>2000</height>
		<depth>3</depth>
	</size>
	<object>
		<name>ref_spoon</name>
		<bndbox>
			<xmin>740</xmin>
			<ymin>1440</ymin>
			<xmax>1155</xmax>
			<ymax>1649</ymax>
		</bndbox>
	</object>
	<object>
		<name>ref_fork</name>
		<bndbox>
			<xmin>801</xmin>
			<ymin>1201</ymin>
			<xmax>1217</xmax>
			<ymax>1386</ymax>
		</bndbox>
	</object>
	<object>
		<name>ref_coin</name>
		<bndbox>
			<xmin>543</xmin>
			<ymin>870</ymin>
			<xmax>715</xmax>
			<ymax>995</ymax>
		</bndbox>
	</object>
	<object>
		<name>dish</name>
		<bndbox>
			<xmin>1040</xmin>
			<ymin>120</ymin>
			<xmax>2268</xmax>
			<ymax>1015</ymax>
		</bndbox>
	</object>
	<object>
		<name>회덮밥</name>
		<bndbox>
			<xmin>1271</xmin>
			<ymin>359</ymin>
			<xmax>2062</xmax>
			<ymax>880</ymax>
		</bndbox>
	</object>
</annotation>