<annotation>
	<folder>side비빔밥덮밥류냉면기회덮밥q3</folder>
	<filename>side_비빔밥덮밥류_냉면기_회덮밥_Q3_00032.JPG</filename>
	<path>/side비빔밥덮밥류냉면기회덮밥q3/side_비빔밥덮밥류_냉면기_회덮밥_Q3_00032.JPG</path>
	<source>
		<database>fooddata</database>
	</source>
	<size>
		<width>3008</width>
		<height>2000</height>
		<depth>3</depth>
	</size>
	<object>
		<name>ref_spoon</name>
		<bndbox>
			<xmin>570</xmin>
			<ymin>1612</ymin>
			<xmax>1013</xmax>
			<ymax>1855</ymax>
		</bndbox>
	</object>
	<object>
		<name>ref_fork</name>
		<bndbox>
			<xmin>649</xmin>
			<ymin>1344</ymin>
			<xmax>1121</xmax>
			<ymax>1558</ymax>
		</bndbox>
	</object>
	<object>
		<name>ref_coin</name>
		<bndbox>
			<xmin>2234</xmin>
			<ymin>693</ymin>
			<xmax>2411</xmax>
			<ymax>818</ymax>
		</bndbox>
	</object>
	<object>
		<name>dish</name>
		<bndbox>
			<xmin>568</xmin>
			<ymin>74</ymin>
			<xmax>1971</xmax>
			<ymax>1086</ymax>
		</bndbox>
	</object>
	<object>
		<name>회덮밥</name>
		<bndbox>
			<xmin>892</xmin>
			<ymin>322</ymin>
			<xmax>1757</xmax>
			<ymax>924</ymax>
		</bndbox>
	</object>
</annotation>