<annotation>
	<folder>side비빔밥덮밥류냉면기회덮밥q3</folder>
	<filename>side_비빔밥덮밥류_냉면기_회덮밥_Q3_00037.JPG</filename>
	<path>/side비빔밥덮밥류냉면기회덮밥q3/side_비빔밥덮밥류_냉면기_회덮밥_Q3_00037.JPG</path>
	<source>
		<database>fooddata</database>
	</source>
	<size>
		<width>3008</width>
		<height>2000</height>
		<depth>3</depth>
	</size>
	<object>
		<name>ref_spoon</name>
		<bndbox>
			<xmin>187</xmin>
			<ymin>474</ymin>
			<xmax>462</xmax>
			<ymax>860</ymax>
		</bndbox>
	</object>
	<object>
		<name>ref_fork</name>
		<bndbox>
			<xmin>605</xmin>
			<ymin>528</ymin>
			<xmax>789</xmax>
			<ymax>948</ymax>
		</bndbox>
	</object>
	<object>
		<name>ref_coin</name>
		<bndbox>
			<xmin>2656</xmin>
			<ymin>1474</ymin>
			<xmax>2880</xmax>
			<ymax>1639</ymax>
		</bndbox>
	</object>
	<object>
		<name>dish</name>
		<bndbox>
			<xmin>1133</xmin>
			<ymin>143</ymin>
			<xmax>2703</xmax>
			<ymax>1295</ymax>
		</bndbox>
	</object>
	<object>
		<name>회덮밥</name>
		<bndbox>
			<xmin>1401</xmin>
			<ymin>489</ymin>
			<xmax>2452</xmax>
			<ymax>1155</ymax>
		</bndbox>
	</object>
</annotation>