<annotation>
	<folder>side비빔밥덮밥류냉면기회덮밥q3</folder>
	<filename>side_비빔밥덮밥류_냉면기_회덮밥_Q3_00050.JPG</filename>
	<path>/side비빔밥덮밥류냉면기회덮밥q3/side_비빔밥덮밥류_냉면기_회덮밥_Q3_00050.JPG</path>
	<source>
		<database>fooddata</database>
	</source>
	<size>
		<width>3008</width>
		<height>2000</height>
		<depth>3</depth>
	</size>
	<object>
		<name>ref_spoon</name>
		<bndbox>
			<xmin>148</xmin>
			<ymin>486</ymin>
			<xmax>430</xmax>
			<ymax>877</ymax>
		</bndbox>
	</object>
	<object>
		<name>ref_fork</name>
		<bndbox>
			<xmin>575</xmin>
			<ymin>528</ymin>
			<xmax>772</xmax>
			<ymax>975</ymax>
		</bndbox>
	</object>
	<object>
		<name>ref_coin</name>
		<bndbox>
			<xmin>1037</xmin>
			<ymin>1543</ymin>
			<xmax>1268</xmax>
			<ymax>1722</ymax>
		</bndbox>
	</object>
	<object>
		<name>dish</name>
		<bndbox>
			<xmin>1121</xmin>
			<ymin>115</ymin>
			<xmax>2750</xmax>
			<ymax>1302</ymax>
		</bndbox>
	</object>
	<object>
		<name>회덮밥</name>
		<bndbox>
			<xmin>1413</xmin>
			<ymin>351</ymin>
			<xmax>2465</xmax>
			<ymax>1143</ymax>
		</bndbox>
	</object>
</annotation>