<annotation>
	<folder>top비빔밥덮밥류냉면기회덮밥q3</folder>
	<filename>top_비빔밥덮밥류_냉면기_회덮밥_Q3_00011.JPG</filename>
	<path>/top비빔밥덮밥류냉면기회덮밥q3/top_비빔밥덮밥류_냉면기_회덮밥_Q3_00011.JPG</path>
	<source>
		<database>fooddata</database>
	</source>
	<size>
		<width>3008</width>
		<height>2000</height>
		<depth>3</depth>
	</size>
	<object>
		<name>ref_spoon</name>
		<bndbox>
			<xmin>1968</xmin>
			<ymin>504</ymin>
			<xmax>2180</xmax>
			<ymax>867</ymax>
		</bndbox>
	</object>
	<object>
		<name>ref_fork</name>
		<bndbox>
			<xmin>2307</xmin>
			<ymin>538</ymin>
			<xmax>2447</xmax>
			<ymax>912</ymax>
		</bndbox>
	</object>
	<object>
		<name>ref_coin</name>
		<bndbox>
			<xmin>1138</xmin>
			<ymin>108</ymin>
			<xmax>1288</xmax>
			<ymax>251</ymax>
		</bndbox>
	</object>
	<object>
		<name>dish</name>
		<bndbox>
			<xmin>590</xmin>
			<ymin>489</ymin>
			<xmax>2015</xmax>
			<ymax>1892</ymax>
		</bndbox>
	</object>
	<object>
		<name>회덮밥</name>
		<bndbox>
			<xmin>890</xmin>
			<ymin>823</ymin>
			<xmax>1752</xmax>
			<ymax>1644</ymax>
		</bndbox>
	</object>
</annotation>