<annotation>
	<folder>top비빔밥덮밥류냉면기회덮밥q3</folder>
	<filename>top_비빔밥덮밥류_냉면기_회덮밥_Q3_00006.JPG</filename>
	<path>/top비빔밥덮밥류냉면기회덮밥q3/top_비빔밥덮밥류_냉면기_회덮밥_Q3_00006.JPG</path>
	<source>
		<database>fooddata</database>
	</source>
	<size>
		<width>3008</width>
		<height>2000</height>
		<depth>3</depth>
	</size>
	<object>
		<name>ref_spoon</name>
		<bndbox>
			<xmin>2126</xmin>
			<ymin>420</ymin>
			<xmax>2357</xmax>
			<ymax>830</ymax>
		</bndbox>
	</object>
	<object>
		<name>ref_fork</name>
		<bndbox>
			<xmin>2489</xmin>
			<ymin>464</ymin>
			<xmax>2656</xmax>
			<ymax>877</ymax>
		</bndbox>
	</object>
	<object>
		<name>ref_coin</name>
		<bndbox>
			<xmin>251</xmin>
			<ymin>1047</ymin>
			<xmax>423</xmax>
			<ymax>1224</ymax>
		</bndbox>
	</object>
	<object>
		<name>dish</name>
		<bndbox>
			<xmin>531</xmin>
			<ymin>236</ymin>
			<xmax>2040</xmax>
			<ymax>1727</ymax>
		</bndbox>
	</object>
	<object>
		<name>회덮밥</name>
		<bndbox>
			<xmin>841</xmin>
			<ymin>563</ymin>
			<xmax>1745</xmax>
			<ymax>1469</ymax>
		</bndbox>
	</object>
</annotation>