<annotation>
	<folder>top비빔밥덮밥류냉면기회덮밥q3</folder>
	<filename>top_비빔밥덮밥류_냉면기_회덮밥_Q3_00008.JPG</filename>
	<path>/top비빔밥덮밥류냉면기회덮밥q3/top_비빔밥덮밥류_냉면기_회덮밥_Q3_00008.JPG</path>
	<source>
		<database>fooddata</database>
	</source>
	<size>
		<width>3008</width>
		<height>2000</height>
		<depth>3</depth>
	</size>
	<object>
		<name>ref_spoon</name>
		<bndbox>
			<xmin>2123</xmin>
			<ymin>361</ymin>
			<xmax>2357</xmax>
			<ymax>771</ymax>
		</bndbox>
	</object>
	<object>
		<name>ref_fork</name>
		<bndbox>
			<xmin>2487</xmin>
			<ymin>398</ymin>
			<xmax>2649</xmax>
			<ymax>801</ymax>
		</bndbox>
	</object>
	<object>
		<name>ref_coin</name>
		<bndbox>
			<xmin>271</xmin>
			<ymin>474</ymin>
			<xmax>438</xmax>
			<ymax>641</ymax>
		</bndbox>
	</object>
	<object>
		<name>dish</name>
		<bndbox>
			<xmin>681</xmin>
			<ymin>283</ymin>
			<xmax>2204</xmax>
			<ymax>1799</ymax>
		</bndbox>
	</object>
	<object>
		<name>회덮밥</name>
		<bndbox>
			<xmin>978</xmin>
			<ymin>604</ymin>
			<xmax>1895</xmax>
			<ymax>1484</ymax>
		</bndbox>
	</object>
</annotation>