<annotation>
	<folder>top비빔밥덮밥류냉면기회덮밥q3</folder>
	<filename>top_비빔밥덮밥류_냉면기_회덮밥_Q3_00041.JPG</filename>
	<path>/top비빔밥덮밥류냉면기회덮밥q3/top_비빔밥덮밥류_냉면기_회덮밥_Q3_00041.JPG</path>
	<source>
		<database>fooddata</database>
	</source>
	<size>
		<width>3008</width>
		<height>2000</height>
		<depth>3</depth>
	</size>
	<object>
		<name>ref_spoon</name>
		<bndbox>
			<xmin>305</xmin>
			<ymin>418</ymin>
			<xmax>548</xmax>
			<ymax>823</ymax>
		</bndbox>
	</object>
	<object>
		<name>ref_fork</name>
		<bndbox>
			<xmin>696</xmin>
			<ymin>484</ymin>
			<xmax>863</xmax>
			<ymax>892</ymax>
		</bndbox>
	</object>
	<object>
		<name>ref_coin</name>
		<bndbox>
			<xmin>2484</xmin>
			<ymin>1428</ymin>
			<xmax>2656</xmax>
			<ymax>1607</ymax>
		</bndbox>
	</object>
	<object>
		<name>dish</name>
		<bndbox>
			<xmin>946</xmin>
			<ymin>172</ymin>
			<xmax>2425</xmax>
			<ymax>1636</ymax>
		</bndbox>
	</object>
	<object>
		<name>회덮밥</name>
		<bndbox>
			<xmin>1231</xmin>
			<ymin>501</ymin>
			<xmax>2111</xmax>
			<ymax>1366</ymax>
		</bndbox>
	</object>
</annotation>