<annotation>
	<folder>top비빔밥덮밥류냉면기회덮밥q3</folder>
	<filename>top_비빔밥덮밥류_냉면기_회덮밥_Q3_00014.JPG</filename>
	<path>/top비빔밥덮밥류냉면기회덮밥q3/top_비빔밥덮밥류_냉면기_회덮밥_Q3_00014.JPG</path>
	<source>
		<database>fooddata</database>
	</source>
	<size>
		<width>3008</width>
		<height>2000</height>
		<depth>3</depth>
	</size>
	<object>
		<name>ref_spoon</name>
		<bndbox>
			<xmin>2118</xmin>
			<ymin>440</ymin>
			<xmax>2344</xmax>
			<ymax>840</ymax>
		</bndbox>
	</object>
	<object>
		<name>ref_fork</name>
		<bndbox>
			<xmin>2477</xmin>
			<ymin>491</ymin>
			<xmax>2634</xmax>
			<ymax>889</ymax>
		</bndbox>
	</object>
	<object>
		<name>ref_coin</name>
		<bndbox>
			<xmin>2175</xmin>
			<ymin>128</ymin>
			<xmax>2337</xmax>
			<ymax>283</ymax>
		</bndbox>
	</object>
	<object>
		<name>dish</name>
		<bndbox>
			<xmin>489</xmin>
			<ymin>324</ymin>
			<xmax>2005</xmax>
			<ymax>1806</ymax>
		</bndbox>
	</object>
	<object>
		<name>회덮밥</name>
		<bndbox>
			<xmin>769</xmin>
			<ymin>651</ymin>
			<xmax>1728</xmax>
			<ymax>1499</ymax>
		</bndbox>
	</object>
</annotation>