<annotation>
	<folder>top비빔밥덮밥류냉면기회덮밥q3</folder>
	<filename>top_비빔밥덮밥류_냉면기_회덮밥_Q3_00035.JPG</filename>
	<path>/top비빔밥덮밥류냉면기회덮밥q3/top_비빔밥덮밥류_냉면기_회덮밥_Q3_00035.JPG</path>
	<source>
		<database>fooddata</database>
	</source>
	<size>
		<width>3008</width>
		<height>2000</height>
		<depth>3</depth>
	</size>
	<object>
		<name>ref_spoon</name>
		<bndbox>
			<xmin>435</xmin>
			<ymin>300</ymin>
			<xmax>678</xmax>
			<ymax>705</ymax>
		</bndbox>
	</object>
	<object>
		<name>ref_fork</name>
		<bndbox>
			<xmin>833</xmin>
			<ymin>366</ymin>
			<xmax>993</xmax>
			<ymax>779</ymax>
		</bndbox>
	</object>
	<object>
		<name>ref_coin</name>
		<bndbox>
			<xmin>1167</xmin>
			<ymin>1580</ymin>
			<xmax>1342</xmax>
			<ymax>1759</ymax>
		</bndbox>
	</object>
	<object>
		<name>dish</name>
		<bndbox>
			<xmin>1131</xmin>
			<ymin>108</ymin>
			<xmax>2624</xmax>
			<ymax>1602</ymax>
		</bndbox>
	</object>
	<object>
		<name>회덮밥</name>
		<bndbox>
			<xmin>1403</xmin>
			<ymin>484</ymin>
			<xmax>2285</xmax>
			<ymax>1339</ymax>
		</bndbox>
	</object>
</annotation>