<annotation>
	<folder>top비빔밥덮밥류냉면기회덮밥q3</folder>
	<filename>top_비빔밥덮밥류_냉면기_회덮밥_Q3_00004.JPG</filename>
	<path>/top비빔밥덮밥류냉면기회덮밥q3/top_비빔밥덮밥류_냉면기_회덮밥_Q3_00004.JPG</path>
	<source>
		<database>fooddata</database>
	</source>
	<size>
		<width>3008</width>
		<height>2000</height>
		<depth>3</depth>
	</size>
	<object>
		<name>ref_spoon</name>
		<bndbox>
			<xmin>2106</xmin>
			<ymin>312</ymin>
			<xmax>2339</xmax>
			<ymax>710</ymax>
		</bndbox>
	</object>
	<object>
		<name>ref_fork</name>
		<bndbox>
			<xmin>2467</xmin>
			<ymin>359</ymin>
			<xmax>2634</xmax>
			<ymax>764</ymax>
		</bndbox>
	</object>
	<object>
		<name>ref_coin</name>
		<bndbox>
			<xmin>683</xmin>
			<ymin>1585</ymin>
			<xmax>858</xmax>
			<ymax>1769</ymax>
		</bndbox>
	</object>
	<object>
		<name>dish</name>
		<bndbox>
			<xmin>543</xmin>
			<ymin>150</ymin>
			<xmax>2067</xmax>
			<ymax>1641</ymax>
		</bndbox>
	</object>
	<object>
		<name>회덮밥</name>
		<bndbox>
			<xmin>877</xmin>
			<ymin>479</ymin>
			<xmax>1796</xmax>
			<ymax>1378</ymax>
		</bndbox>
	</object>
</annotation>