<annotation>
	<folder>top비빔밥덮밥류냉면기회덮밥q3</folder>
	<filename>top_비빔밥덮밥류_냉면기_회덮밥_Q3_00038.JPG</filename>
	<path>/top비빔밥덮밥류냉면기회덮밥q3/top_비빔밥덮밥류_냉면기_회덮밥_Q3_00038.JPG</path>
	<source>
		<database>fooddata</database>
	</source>
	<size>
		<width>3008</width>
		<height>2000</height>
		<depth>3</depth>
	</size>
	<object>
		<name>ref_spoon</name>
		<bndbox>
			<xmin>452</xmin>
			<ymin>349</ymin>
			<xmax>693</xmax>
			<ymax>749</ymax>
		</bndbox>
	</object>
	<object>
		<name>ref_fork</name>
		<bndbox>
			<xmin>843</xmin>
			<ymin>413</ymin>
			<xmax>1005</xmax>
			<ymax>816</ymax>
		</bndbox>
	</object>
	<object>
		<name>ref_coin</name>
		<bndbox>
			<xmin>1904</xmin>
			<ymin>1651</ymin>
			<xmax>2074</xmax>
			<ymax>1826</ymax>
		</bndbox>
	</object>
	<object>
		<name>dish</name>
		<bndbox>
			<xmin>1121</xmin>
			<ymin>84</ymin>
			<xmax>2583</xmax>
			<ymax>1538</ymax>
		</bndbox>
	</object>
	<object>
		<name>회덮밥</name>
		<bndbox>
			<xmin>1384</xmin>
			<ymin>420</ymin>
			<xmax>2256</xmax>
			<ymax>1292</ymax>
		</bndbox>
	</object>
</annotation>