<annotation>
	<folder>top비빔밥덮밥류냉면기회덮밥q3</folder>
	<filename>top_비빔밥덮밥류_냉면기_회덮밥_Q3_00031.JPG</filename>
	<path>/top비빔밥덮밥류냉면기회덮밥q3/top_비빔밥덮밥류_냉면기_회덮밥_Q3_00031.JPG</path>
	<source>
		<database>fooddata</database>
	</source>
	<size>
		<width>3008</width>
		<height>2000</height>
		<depth>3</depth>
	</size>
	<object>
		<name>ref_spoon</name>
		<bndbox>
			<xmin>846</xmin>
			<ymin>1695</ymin>
			<xmax>1204</xmax>
			<ymax>1921</ymax>
		</bndbox>
	</object>
	<object>
		<name>ref_fork</name>
		<bndbox>
			<xmin>956</xmin>
			<ymin>1518</ymin>
			<xmax>1330</xmax>
			<ymax>1656</ymax>
		</bndbox>
	</object>
	<object>
		<name>ref_coin</name>
		<bndbox>
			<xmin>2263</xmin>
			<ymin>882</ymin>
			<xmax>2403</xmax>
			<ymax>1032</ymax>
		</bndbox>
	</object>
	<object>
		<name>dish</name>
		<bndbox>
			<xmin>760</xmin>
			<ymin>182</ymin>
			<xmax>2010</xmax>
			<ymax>1391</ymax>
		</bndbox>
	</object>
	<object>
		<name>회덮밥</name>
		<bndbox>
			<xmin>1000</xmin>
			<ymin>393</ymin>
			<xmax>1752</xmax>
			<ymax>1179</ymax>
		</bndbox>
	</object>
</annotation>