<annotation>
	<folder>top비빔밥덮밥류냉면기회덮밥q3</folder>
	<filename>top_비빔밥덮밥류_냉면기_회덮밥_Q3_00034.JPG</filename>
	<path>/top비빔밥덮밥류냉면기회덮밥q3/top_비빔밥덮밥류_냉면기_회덮밥_Q3_00034.JPG</path>
	<source>
		<database>fooddata</database>
	</source>
	<size>
		<width>3008</width>
		<height>2000</height>
		<depth>3</depth>
	</size>
	<object>
		<name>ref_spoon</name>
		<bndbox>
			<xmin>882</xmin>
			<ymin>1678</ymin>
			<xmax>1219</xmax>
			<ymax>1889</ymax>
		</bndbox>
	</object>
	<object>
		<name>ref_fork</name>
		<bndbox>
			<xmin>988</xmin>
			<ymin>1511</ymin>
			<xmax>1337</xmax>
			<ymax>1649</ymax>
		</bndbox>
	</object>
	<object>
		<name>ref_coin</name>
		<bndbox>
			<xmin>1838</xmin>
			<ymin>93</ymin>
			<xmax>1961</xmax>
			<ymax>216</ymax>
		</bndbox>
	</object>
	<object>
		<name>dish</name>
		<bndbox>
			<xmin>966</xmin>
			<ymin>275</ymin>
			<xmax>2113</xmax>
			<ymax>1386</ymax>
		</bndbox>
	</object>
	<object>
		<name>회덮밥</name>
		<bndbox>
			<xmin>1170</xmin>
			<ymin>521</ymin>
			<xmax>1951</xmax>
			<ymax>1199</ymax>
		</bndbox>
	</object>
</annotation>