<annotation>
	<folder>side볶음밥류사각배달새우볶음밥q4</folder>
	<filename>side_볶음밥류_사각배달_새우볶음밥_Q4_00048.JPG</filename>
	<path>/side볶음밥류사각배달새우볶음밥q4/side_볶음밥류_사각배달_새우볶음밥_Q4_00048.JPG</path>
	<source>
		<database>fooddata</database>
	</source>
	<size>
		<width>3008</width>
		<height>2000</height>
		<depth>3</depth>
	</size>
	<object>
		<name>ref_spoon</name>
		<bndbox>
			<xmin>188</xmin>
			<ymin>497</ymin>
			<xmax>501</xmax>
			<ymax>948</ymax>
		</bndbox>
	</object>
	<object>
		<name>ref_fork</name>
		<bndbox>
			<xmin>599</xmin>
			<ymin>497</ymin>
			<xmax>803</xmax>
			<ymax>972</ymax>
		</bndbox>
	</object>
	<object>
		<name>ref_coin</name>
		<bndbox>
			<xmin>2167</xmin>
			<ymin>580</ymin>
			<xmax>2375</xmax>
			<ymax>717</ymax>
		</bndbox>
	</object>
	<object>
		<name>dish</name>
		<bndbox>
			<xmin>951</xmin>
			<ymin>250</ymin>
			<xmax>2252</xmax>
			<ymax>1532</ymax>
		</bndbox>
	</object>
	<object>
		<name>새우볶음밥</name>
		<bndbox>
			<xmin>1047</xmin>
			<ymin>295</ymin>
			<xmax>2080</xmax>
			<ymax>1233</ymax>
		</bndbox>
	</object>
</annotation>