<annotation>
	<folder>side볶음밥류사각배달새우볶음밥q4</folder>
	<filename>side_볶음밥류_사각배달_새우볶음밥_Q4_00022.JPG</filename>
	<path>/side볶음밥류사각배달새우볶음밥q4/side_볶음밥류_사각배달_새우볶음밥_Q4_00022.JPG</path>
	<source>
		<database>fooddata</database>
	</source>
	<size>
		<width>3008</width>
		<height>2000</height>
		<depth>3</depth>
	</size>
	<object>
		<name>ref_spoon</name>
		<bndbox>
			<xmin>624</xmin>
			<ymin>1619</ymin>
			<xmax>1132</xmax>
			<ymax>1855</ymax>
		</bndbox>
	</object>
	<object>
		<name>ref_fork</name>
		<bndbox>
			<xmin>694</xmin>
			<ymin>1397</ymin>
			<xmax>1205</xmax>
			<ymax>1613</ymax>
		</bndbox>
	</object>
	<object>
		<name>ref_coin</name>
		<bndbox>
			<xmin>1365</xmin>
			<ymin>1274</ymin>
			<xmax>1559</xmax>
			<ymax>1416</ymax>
		</bndbox>
	</object>
	<object>
		<name>dish</name>
		<bndbox>
			<xmin>864</xmin>
			<ymin>119</ymin>
			<xmax>1859</xmax>
			<ymax>1153</ymax>
		</bndbox>
	</object>
	<object>
		<name>새우볶음밥</name>
		<bndbox>
			<xmin>945</xmin>
			<ymin>353</ymin>
			<xmax>1763</xmax>
			<ymax>905</ymax>
		</bndbox>
	</object>
</annotation>