<annotation>
	<folder>side볶음밥류사각배달새우볶음밥q4</folder>
	<filename>side_볶음밥류_사각배달_새우볶음밥_Q4_00053.JPG</filename>
	<path>/side볶음밥류사각배달새우볶음밥q4/side_볶음밥류_사각배달_새우볶음밥_Q4_00053.JPG</path>
	<source>
		<database>fooddata</database>
	</source>
	<size>
		<width>3008</width>
		<height>2000</height>
		<depth>3</depth>
	</size>
	<object>
		<name>ref_spoon</name>
		<bndbox>
			<xmin>88</xmin>
			<ymin>630</ymin>
			<xmax>404</xmax>
			<ymax>1075</ymax>
		</bndbox>
	</object>
	<object>
		<name>ref_fork</name>
		<bndbox>
			<xmin>504</xmin>
			<ymin>617</ymin>
			<xmax>708</xmax>
			<ymax>1098</ymax>
		</bndbox>
	</object>
	<object>
		<name>ref_coin</name>
		<bndbox>
			<xmin>1558</xmin>
			<ymin>245</ymin>
			<xmax>1763</xmax>
			<ymax>377</ymax>
		</bndbox>
	</object>
	<object>
		<name>dish</name>
		<bndbox>
			<xmin>799</xmin>
			<ymin>505</ymin>
			<xmax>2563</xmax>
			<ymax>1545</ymax>
		</bndbox>
	</object>
	<object>
		<name>새우볶음밥</name>
		<bndbox>
			<xmin>917</xmin>
			<ymin>621</ymin>
			<xmax>2394</xmax>
			<ymax>1251</ymax>
		</bndbox>
	</object>
</annotation>