<annotation>
	<folder>side볶음밥류사각배달새우볶음밥q4</folder>
	<filename>side_볶음밥류_사각배달_새우볶음밥_Q4_00018.JPG</filename>
	<path>/side볶음밥류사각배달새우볶음밥q4/side_볶음밥류_사각배달_새우볶음밥_Q4_00018.JPG</path>
	<source>
		<database>fooddata</database>
	</source>
	<size>
		<width>3008</width>
		<height>2000</height>
		<depth>3</depth>
	</size>
	<object>
		<name>ref_spoon</name>
		<bndbox>
			<xmin>615</xmin>
			<ymin>1592</ymin>
			<xmax>1095</xmax>
			<ymax>1833</ymax>
		</bndbox>
	</object>
	<object>
		<name>ref_fork</name>
		<bndbox>
			<xmin>673</xmin>
			<ymin>1365</ymin>
			<xmax>1175</xmax>
			<ymax>1589</ymax>
		</bndbox>
	</object>
	<object>
		<name>ref_coin</name>
		<bndbox>
			<xmin>1606</xmin>
			<ymin>1189</ymin>
			<xmax>1803</xmax>
			<ymax>1334</ymax>
		</bndbox>
	</object>
	<object>
		<name>dish</name>
		<bndbox>
			<xmin>658</xmin>
			<ymin>154</ymin>
			<xmax>2118</xmax>
			<ymax>1160</ymax>
		</bndbox>
	</object>
	<object>
		<name>새우볶음밥</name>
		<bndbox>
			<xmin>936</xmin>
			<ymin>277</ymin>
			<xmax>1992</xmax>
			<ymax>908</ymax>
		</bndbox>
	</object>
</annotation>