<annotation>
	<folder>side볶음밥류사각배달새우볶음밥q4</folder>
	<filename>side_볶음밥류_사각배달_새우볶음밥_Q4_00027.JPG</filename>
	<path>/side볶음밥류사각배달새우볶음밥q4/side_볶음밥류_사각배달_새우볶음밥_Q4_00027.JPG</path>
	<source>
		<database>fooddata</database>
	</source>
	<size>
		<width>3008</width>
		<height>2000</height>
		<depth>3</depth>
	</size>
	<object>
		<name>ref_spoon</name>
		<bndbox>
			<xmin>206</xmin>
			<ymin>561</ymin>
			<xmax>505</xmax>
			<ymax>1012</ymax>
		</bndbox>
	</object>
	<object>
		<name>ref_fork</name>
		<bndbox>
			<xmin>604</xmin>
			<ymin>549</ymin>
			<xmax>802</xmax>
			<ymax>1035</ymax>
		</bndbox>
	</object>
	<object>
		<name>ref_coin</name>
		<bndbox>
			<xmin>1085</xmin>
			<ymin>1676</ymin>
			<xmax>1316</xmax>
			<ymax>1849</ymax>
		</bndbox>
	</object>
	<object>
		<name>dish</name>
		<bndbox>
			<xmin>1079</xmin>
			<ymin>248</ymin>
			<xmax>2295</xmax>
			<ymax>1491</ymax>
		</bndbox>
	</object>
	<object>
		<name>새우볶음밥</name>
		<bndbox>
			<xmin>1202</xmin>
			<ymin>391</ymin>
			<xmax>2154</xmax>
			<ymax>1222</ymax>
		</bndbox>
	</object>
</annotation>