<annotation>
	<folder>side볶음밥류사각배달새우볶음밥q4</folder>
	<filename>side_볶음밥류_사각배달_새우볶음밥_Q4_00055.JPG</filename>
	<path>/side볶음밥류사각배달새우볶음밥q4/side_볶음밥류_사각배달_새우볶음밥_Q4_00055.JPG</path>
	<source>
		<database>fooddata</database>
	</source>
	<size>
		<width>3008</width>
		<height>2000</height>
		<depth>3</depth>
	</size>
	<object>
		<name>ref_spoon</name>
		<bndbox>
			<xmin>379</xmin>
			<ymin>619</ymin>
			<xmax>684</xmax>
			<ymax>1062</ymax>
		</bndbox>
	</object>
	<object>
		<name>ref_fork</name>
		<bndbox>
			<xmin>780</xmin>
			<ymin>614</ymin>
			<xmax>982</xmax>
			<ymax>1102</ymax>
		</bndbox>
	</object>
	<object>
		<name>ref_coin</name>
		<bndbox>
			<xmin>1200</xmin>
			<ymin>319</ymin>
			<xmax>1404</xmax>
			<ymax>451</ymax>
		</bndbox>
	</object>
	<object>
		<name>dish</name>
		<bndbox>
			<xmin>1089</xmin>
			<ymin>558</ymin>
			<xmax>2818</xmax>
			<ymax>1553</ymax>
		</bndbox>
	</object>
	<object>
		<name>새우볶음밥</name>
		<bndbox>
			<xmin>1201</xmin>
			<ymin>702</ymin>
			<xmax>2714</xmax>
			<ymax>1269</ymax>
		</bndbox>
	</object>
</annotation>