<annotation>
	<folder>side볶음밥류사각배달새우볶음밥q4</folder>
	<filename>side_볶음밥류_사각배달_새우볶음밥_Q4_00044.JPG</filename>
	<path>/side볶음밥류사각배달새우볶음밥q4/side_볶음밥류_사각배달_새우볶음밥_Q4_00044.JPG</path>
	<source>
		<database>fooddata</database>
	</source>
	<size>
		<width>3008</width>
		<height>2000</height>
		<depth>3</depth>
	</size>
	<object>
		<name>ref_spoon</name>
		<bndbox>
			<xmin>355</xmin>
			<ymin>468</ymin>
			<xmax>658</xmax>
			<ymax>905</ymax>
		</bndbox>
	</object>
	<object>
		<name>ref_fork</name>
		<bndbox>
			<xmin>760</xmin>
			<ymin>451</ymin>
			<xmax>968</xmax>
			<ymax>945</ymax>
		</bndbox>
	</object>
	<object>
		<name>ref_coin</name>
		<bndbox>
			<xmin>2589</xmin>
			<ymin>1289</ymin>
			<xmax>2823</xmax>
			<ymax>1461</ymax>
		</bndbox>
	</object>
	<object>
		<name>dish</name>
		<bndbox>
			<xmin>1114</xmin>
			<ymin>155</ymin>
			<xmax>2419</xmax>
			<ymax>1439</ymax>
		</bndbox>
	</object>
	<object>
		<name>새우볶음밥</name>
		<bndbox>
			<xmin>1209</xmin>
			<ymin>220</ymin>
			<xmax>2250</xmax>
			<ymax>1143</ymax>
		</bndbox>
	</object>
</annotation>