<annotation>
	<folder>top볶음밥류사각배달새우볶음밥q4</folder>
	<filename>top_볶음밥류_사각배달_새우볶음밥_Q4_00043.JPG</filename>
	<path>/top볶음밥류사각배달새우볶음밥q4/top_볶음밥류_사각배달_새우볶음밥_Q4_00043.JPG</path>
	<source>
		<database>fooddata</database>
	</source>
	<size>
		<width>3008</width>
		<height>2000</height>
		<depth>3</depth>
	</size>
	<object>
		<name>ref_spoon</name>
		<bndbox>
			<xmin>221</xmin>
			<ymin>328</ymin>
			<xmax>487</xmax>
			<ymax>736</ymax>
		</bndbox>
	</object>
	<object>
		<name>ref_fork</name>
		<bndbox>
			<xmin>583</xmin>
			<ymin>432</ymin>
			<xmax>753</xmax>
			<ymax>886</ymax>
		</bndbox>
	</object>
	<object>
		<name>ref_coin</name>
		<bndbox>
			<xmin>1828</xmin>
			<ymin>112</ymin>
			<xmax>2013</xmax>
			<ymax>285</ymax>
		</bndbox>
	</object>
	<object>
		<name>dish</name>
		<bndbox>
			<xmin>679</xmin>
			<ymin>397</ymin>
			<xmax>2182</xmax>
			<ymax>1487</ymax>
		</bndbox>
	</object>
	<object>
		<name>새우볶음밥</name>
		<bndbox>
			<xmin>807</xmin>
			<ymin>539</ymin>
			<xmax>2043</xmax>
			<ymax>1395</ymax>
		</bndbox>
	</object>
</annotation>