<annotation>
	<folder>top볶음밥류사각배달새우볶음밥q4</folder>
	<filename>top_볶음밥류_사각배달_새우볶음밥_Q4_00021.JPG</filename>
	<path>/top볶음밥류사각배달새우볶음밥q4/top_볶음밥류_사각배달_새우볶음밥_Q4_00021.JPG</path>
	<source>
		<database>fooddata</database>
	</source>
	<size>
		<width>3008</width>
		<height>2000</height>
		<depth>3</depth>
	</size>
	<object>
		<name>ref_spoon</name>
		<bndbox>
			<xmin>521</xmin>
			<ymin>1611</ymin>
			<xmax>922</xmax>
			<ymax>1854</ymax>
		</bndbox>
	</object>
	<object>
		<name>ref_fork</name>
		<bndbox>
			<xmin>691</xmin>
			<ymin>1410</ymin>
			<xmax>1096</xmax>
			<ymax>1565</ymax>
		</bndbox>
	</object>
	<object>
		<name>ref_coin</name>
		<bndbox>
			<xmin>1446</xmin>
			<ymin>58</ymin>
			<xmax>1596</xmax>
			<ymax>204</ymax>
		</bndbox>
	</object>
	<object>
		<name>dish</name>
		<bndbox>
			<xmin>787</xmin>
			<ymin>181</ymin>
			<xmax>2117</xmax>
			<ymax>1410</ymax>
		</bndbox>
	</object>
	<object>
		<name>새우볶음밥</name>
		<bndbox>
			<xmin>903</xmin>
			<ymin>301</ymin>
			<xmax>1978</xmax>
			<ymax>1318</ymax>
		</bndbox>
	</object>
</annotation>