<annotation>
	<folder>top볶음밥류사각배달새우볶음밥q4</folder>
	<filename>top_볶음밥류_사각배달_새우볶음밥_Q4_00030.JPG</filename>
	<path>/top볶음밥류사각배달새우볶음밥q4/top_볶음밥류_사각배달_새우볶음밥_Q4_00030.JPG</path>
	<source>
		<database>fooddata</database>
	</source>
	<size>
		<width>3008</width>
		<height>2000</height>
		<depth>3</depth>
	</size>
	<object>
		<name>ref_spoon</name>
		<bndbox>
			<xmin>317</xmin>
			<ymin>250</ymin>
			<xmax>571</xmax>
			<ymax>632</ymax>
		</bndbox>
	</object>
	<object>
		<name>ref_fork</name>
		<bndbox>
			<xmin>649</xmin>
			<ymin>335</ymin>
			<xmax>818</xmax>
			<ymax>744</ymax>
		</bndbox>
	</object>
	<object>
		<name>ref_coin</name>
		<bndbox>
			<xmin>2036</xmin>
			<ymin>736</ymin>
			<xmax>2213</xmax>
			<ymax>909</ymax>
		</bndbox>
	</object>
	<object>
		<name>dish</name>
		<bndbox>
			<xmin>918</xmin>
			<ymin>181</ymin>
			<xmax>1912</xmax>
			<ymax>1499</ymax>
		</bndbox>
	</object>
	<object>
		<name>새우볶음밥</name>
		<bndbox>
			<xmin>1022</xmin>
			<ymin>304</ymin>
			<xmax>1805</xmax>
			<ymax>1414</ymax>
		</bndbox>
	</object>
</annotation>