<annotation>
	<folder>top볶음밥류사각배달새우볶음밥q4</folder>
	<filename>top_볶음밥류_사각배달_새우볶음밥_Q4_00051.JPG</filename>
	<path>/top볶음밥류사각배달새우볶음밥q4/top_볶음밥류_사각배달_새우볶음밥_Q4_00051.JPG</path>
	<source>
		<database>fooddata</database>
	</source>
	<size>
		<width>3008</width>
		<height>2000</height>
		<depth>3</depth>
	</size>
	<object>
		<name>ref_spoon</name>
		<bndbox>
			<xmin>325</xmin>
			<ymin>335</ymin>
			<xmax>595</xmax>
			<ymax>740</ymax>
		</bndbox>
	</object>
	<object>
		<name>ref_fork</name>
		<bndbox>
			<xmin>691</xmin>
			<ymin>435</ymin>
			<xmax>864</xmax>
			<ymax>875</ymax>
		</bndbox>
	</object>
	<object>
		<name>ref_coin</name>
		<bndbox>
			<xmin>2086</xmin>
			<ymin>1083</ymin>
			<xmax>2271</xmax>
			<ymax>1268</ymax>
		</bndbox>
	</object>
	<object>
		<name>dish</name>
		<bndbox>
			<xmin>857</xmin>
			<ymin>281</ymin>
			<xmax>1936</xmax>
			<ymax>1761</ymax>
		</bndbox>
	</object>
	<object>
		<name>새우볶음밥</name>
		<bndbox>
			<xmin>995</xmin>
			<ymin>428</ymin>
			<xmax>1847</xmax>
			<ymax>1638</ymax>
		</bndbox>
	</object>
</annotation>