<annotation>
	<folder>top볶음밥류사각배달새우볶음밥q4</folder>
	<filename>top_볶음밥류_사각배달_새우볶음밥_Q4_00033.JPG</filename>
	<path>/top볶음밥류사각배달새우볶음밥q4/top_볶음밥류_사각배달_새우볶음밥_Q4_00033.JPG</path>
	<source>
		<database>fooddata</database>
	</source>
	<size>
		<width>3008</width>
		<height>2000</height>
		<depth>3</depth>
	</size>
	<object>
		<name>ref_spoon</name>
		<bndbox>
			<xmin>383</xmin>
			<ymin>301</ymin>
			<xmax>637</xmax>
			<ymax>671</ymax>
		</bndbox>
	</object>
	<object>
		<name>ref_fork</name>
		<bndbox>
			<xmin>714</xmin>
			<ymin>389</ymin>
			<xmax>880</xmax>
			<ymax>798</ymax>
		</bndbox>
	</object>
	<object>
		<name>ref_coin</name>
		<bndbox>
			<xmin>2005</xmin>
			<ymin>166</ymin>
			<xmax>2167</xmax>
			<ymax>320</ymax>
		</bndbox>
	</object>
	<object>
		<name>dish</name>
		<bndbox>
			<xmin>991</xmin>
			<ymin>227</ymin>
			<xmax>1955</xmax>
			<ymax>1538</ymax>
		</bndbox>
	</object>
	<object>
		<name>새우볶음밥</name>
		<bndbox>
			<xmin>1096</xmin>
			<ymin>355</ymin>
			<xmax>1866</xmax>
			<ymax>1445</ymax>
		</bndbox>
	</object>
</annotation>