<annotation>
	<folder>top볶음밥류사각배달새우볶음밥q4</folder>
	<filename>top_볶음밥류_사각배달_새우볶음밥_Q4_00053.JPG</filename>
	<path>/top볶음밥류사각배달새우볶음밥q4/top_볶음밥류_사각배달_새우볶음밥_Q4_00053.JPG</path>
	<source>
		<database>fooddata</database>
	</source>
	<size>
		<width>3008</width>
		<height>2000</height>
		<depth>3</depth>
	</size>
	<object>
		<name>ref_spoon</name>
		<bndbox>
			<xmin>475</xmin>
			<ymin>274</ymin>
			<xmax>745</xmax>
			<ymax>678</ymax>
		</bndbox>
	</object>
	<object>
		<name>ref_fork</name>
		<bndbox>
			<xmin>833</xmin>
			<ymin>374</ymin>
			<xmax>1022</xmax>
			<ymax>809</ymax>
		</bndbox>
	</object>
	<object>
		<name>ref_coin</name>
		<bndbox>
			<xmin>2190</xmin>
			<ymin>543</ymin>
			<xmax>2371</xmax>
			<ymax>721</ymax>
		</bndbox>
	</object>
	<object>
		<name>dish</name>
		<bndbox>
			<xmin>1134</xmin>
			<ymin>204</ymin>
			<xmax>2198</xmax>
			<ymax>1645</ymax>
		</bndbox>
	</object>
	<object>
		<name>새우볶음밥</name>
		<bndbox>
			<xmin>1250</xmin>
			<ymin>351</ymin>
			<xmax>2082</xmax>
			<ymax>1549</ymax>
		</bndbox>
	</object>
</annotation>