<annotation>
	<folder>top볶음밥류사각배달새우볶음밥q4</folder>
	<filename>top_볶음밥류_사각배달_새우볶음밥_Q4_00050.JPG</filename>
	<path>/top볶음밥류사각배달새우볶음밥q4/top_볶음밥류_사각배달_새우볶음밥_Q4_00050.JPG</path>
	<source>
		<database>fooddata</database>
	</source>
	<size>
		<width>3008</width>
		<height>2000</height>
		<depth>3</depth>
	</size>
	<object>
		<name>ref_spoon</name>
		<bndbox>
			<xmin>290</xmin>
			<ymin>293</ymin>
			<xmax>564</xmax>
			<ymax>705</ymax>
		</bndbox>
	</object>
	<object>
		<name>ref_fork</name>
		<bndbox>
			<xmin>652</xmin>
			<ymin>401</ymin>
			<xmax>826</xmax>
			<ymax>844</ymax>
		</bndbox>
	</object>
	<object>
		<name>ref_coin</name>
		<bndbox>
			<xmin>1997</xmin>
			<ymin>1272</ymin>
			<xmax>2186</xmax>
			<ymax>1461</ymax>
		</bndbox>
	</object>
	<object>
		<name>dish</name>
		<bndbox>
			<xmin>860</xmin>
			<ymin>281</ymin>
			<xmax>1939</xmax>
			<ymax>1746</ymax>
		</bndbox>
	</object>
	<object>
		<name>새우볶음밥</name>
		<bndbox>
			<xmin>988</xmin>
			<ymin>420</ymin>
			<xmax>1851</xmax>
			<ymax>1622</ymax>
		</bndbox>
	</object>
</annotation>