<annotation>
	<folder>side국류냄비매운탕q4</folder>
	<filename>side_국류_냄비_매운탕_Q4_00001.JPG</filename>
	<path>/side국류냄비매운탕q4/side_국류_냄비_매운탕_Q4_00001.JPG</path>
	<source>
		<database>fooddata</database>
	</source>
	<size>
		<width>3008</width>
		<height>2000</height>
		<depth>3</depth>
	</size>
	<object>
		<name>ref_spoon</name>
		<bndbox>
			<xmin>1976</xmin>
			<ymin>587</ymin>
			<xmax>2270</xmax>
			<ymax>945</ymax>
		</bndbox>
	</object>
	<object>
		<name>ref_fork</name>
		<bndbox>
			<xmin>2341</xmin>
			<ymin>626</ymin>
			<xmax>2572</xmax>
			<ymax>1044</ymax>
		</bndbox>
	</object>
	<object>
		<name>ref_coin</name>
		<bndbox>
			<xmin>316</xmin>
			<ymin>1594</ymin>
			<xmax>582</xmax>
			<ymax>1779</ymax>
		</bndbox>
	</object>
	<object>
		<name>dish</name>
		<bndbox>
			<xmin>330</xmin>
			<ymin>431</ymin>
			<xmax>1908</xmax>
			<ymax>1594</ymax>
		</bndbox>
	</object>
	<object>
		<name>매운탕</name>
		<bndbox>
			<xmin>436</xmin>
			<ymin>562</ymin>
			<xmax>1759</xmax>
			<ymax>1452</ymax>
		</bndbox>
	</object>
</annotation>