<annotation>
	<folder>side국류냄비매운탕q4</folder>
	<filename>side_국류_냄비_매운탕_Q4_00005.JPG</filename>
	<path>/side국류냄비매운탕q4/side_국류_냄비_매운탕_Q4_00005.JPG</path>
	<source>
		<database>fooddata</database>
	</source>
	<size>
		<width>3008</width>
		<height>2000</height>
		<depth>3</depth>
	</size>
	<object>
		<name>ref_spoon</name>
		<bndbox>
			<xmin>2185</xmin>
			<ymin>693</ymin>
			<xmax>2487</xmax>
			<ymax>1055</ymax>
		</bndbox>
	</object>
	<object>
		<name>ref_fork</name>
		<bndbox>
			<xmin>2568</xmin>
			<ymin>750</ymin>
			<xmax>2788</xmax>
			<ymax>1172</ymax>
		</bndbox>
	</object>
	<object>
		<name>ref_coin</name>
		<bndbox>
			<xmin>245</xmin>
			<ymin>1495</ymin>
			<xmax>493</xmax>
			<ymax>1690</ymax>
		</bndbox>
	</object>
	<object>
		<name>dish</name>
		<bndbox>
			<xmin>433</xmin>
			<ymin>477</ymin>
			<xmax>1994</xmax>
			<ymax>1644</ymax>
		</bndbox>
	</object>
	<object>
		<name>매운탕</name>
		<bndbox>
			<xmin>571</xmin>
			<ymin>672</ymin>
			<xmax>1859</xmax>
			<ymax>1516</ymax>
		</bndbox>
	</object>
</annotation>