<annotation>
	<folder>side국류냄비매운탕q4</folder>
	<filename>side_국류_냄비_매운탕_Q4_00004.JPG</filename>
	<path>/side국류냄비매운탕q4/side_국류_냄비_매운탕_Q4_00004.JPG</path>
	<source>
		<database>fooddata</database>
	</source>
	<size>
		<width>3008</width>
		<height>2000</height>
		<depth>3</depth>
	</size>
	<object>
		<name>ref_spoon</name>
		<bndbox>
			<xmin>2270</xmin>
			<ymin>665</ymin>
			<xmax>2561</xmax>
			<ymax>1020</ymax>
		</bndbox>
	</object>
	<object>
		<name>ref_fork</name>
		<bndbox>
			<xmin>2636</xmin>
			<ymin>707</ymin>
			<xmax>2863</xmax>
			<ymax>1144</ymax>
		</bndbox>
	</object>
	<object>
		<name>ref_coin</name>
		<bndbox>
			<xmin>372</xmin>
			<ymin>1537</ymin>
			<xmax>621</xmax>
			<ymax>1743</ymax>
		</bndbox>
	</object>
	<object>
		<name>dish</name>
		<bndbox>
			<xmin>426</xmin>
			<ymin>388</ymin>
			<xmax>1962</xmax>
			<ymax>1523</ymax>
		</bndbox>
	</object>
	<object>
		<name>매운탕</name>
		<bndbox>
			<xmin>557</xmin>
			<ymin>629</ymin>
			<xmax>1841</xmax>
			<ymax>1403</ymax>
		</bndbox>
	</object>
</annotation>