<annotation>
	<folder>side국류냄비매운탕q4</folder>
	<filename>side_국류_냄비_매운탕_Q4_00028.JPG</filename>
	<path>/side국류냄비매운탕q4/side_국류_냄비_매운탕_Q4_00028.JPG</path>
	<source>
		<database>fooddata</database>
	</source>
	<size>
		<width>3008</width>
		<height>2000</height>
		<depth>3</depth>
	</size>
	<object>
		<name>ref_spoon</name>
		<bndbox>
			<xmin>543</xmin>
			<ymin>1381</ymin>
			<xmax>979</xmax>
			<ymax>1644</ymax>
		</bndbox>
	</object>
	<object>
		<name>ref_fork</name>
		<bndbox>
			<xmin>635</xmin>
			<ymin>1161</ymin>
			<xmax>1082</xmax>
			<ymax>1406</ymax>
		</bndbox>
	</object>
	<object>
		<name>ref_coin</name>
		<bndbox>
			<xmin>944</xmin>
			<ymin>1679</ymin>
			<xmax>1167</xmax>
			<ymax>1850</ymax>
		</bndbox>
	</object>
	<object>
		<name>dish</name>
		<bndbox>
			<xmin>748</xmin>
			<ymin>193</ymin>
			<xmax>2004</xmax>
			<ymax>1115</ymax>
		</bndbox>
	</object>
	<object>
		<name>매운탕</name>
		<bndbox>
			<xmin>883</xmin>
			<ymin>392</ymin>
			<xmax>1912</xmax>
			<ymax>1002</ymax>
		</bndbox>
	</object>
</annotation>