<annotation>
	<folder>side국류냄비매운탕q4</folder>
	<filename>side_국류_냄비_매운탕_Q4_00053.JPG</filename>
	<path>/side국류냄비매운탕q4/side_국류_냄비_매운탕_Q4_00053.JPG</path>
	<source>
		<database>fooddata</database>
	</source>
	<size>
		<width>3008</width>
		<height>2000</height>
		<depth>3</depth>
	</size>
	<object>
		<name>ref_spoon</name>
		<bndbox>
			<xmin>380</xmin>
			<ymin>516</ymin>
			<xmax>642</xmax>
			<ymax>835</ymax>
		</bndbox>
	</object>
	<object>
		<name>ref_fork</name>
		<bndbox>
			<xmin>681</xmin>
			<ymin>523</ymin>
			<xmax>880</xmax>
			<ymax>899</ymax>
		</bndbox>
	</object>
	<object>
		<name>ref_coin</name>
		<bndbox>
			<xmin>2284</xmin>
			<ymin>243</ymin>
			<xmax>2483</xmax>
			<ymax>374</ymax>
		</bndbox>
	</object>
	<object>
		<name>dish</name>
		<bndbox>
			<xmin>1156</xmin>
			<ymin>452</ymin>
			<xmax>2568</xmax>
			<ymax>1495</ymax>
		</bndbox>
	</object>
	<object>
		<name>매운탕</name>
		<bndbox>
			<xmin>1245</xmin>
			<ymin>672</ymin>
			<xmax>2398</xmax>
			<ymax>1356</ymax>
		</bndbox>
	</object>
</annotation>