<annotation>
	<folder>side국류냄비매운탕q4</folder>
	<filename>side_국류_냄비_매운탕_Q4_00012.JPG</filename>
	<path>/side국류냄비매운탕q4/side_국류_냄비_매운탕_Q4_00012.JPG</path>
	<source>
		<database>fooddata</database>
	</source>
	<size>
		<width>3008</width>
		<height>2000</height>
		<depth>3</depth>
	</size>
	<object>
		<name>ref_spoon</name>
		<bndbox>
			<xmin>2242</xmin>
			<ymin>665</ymin>
			<xmax>2529</xmax>
			<ymax>1034</ymax>
		</bndbox>
	</object>
	<object>
		<name>ref_fork</name>
		<bndbox>
			<xmin>2611</xmin>
			<ymin>718</ymin>
			<xmax>2848</xmax>
			<ymax>1129</ymax>
		</bndbox>
	</object>
	<object>
		<name>ref_coin</name>
		<bndbox>
			<xmin>188</xmin>
			<ymin>995</ymin>
			<xmax>429</xmax>
			<ymax>1183</ymax>
		</bndbox>
	</object>
	<object>
		<name>dish</name>
		<bndbox>
			<xmin>596</xmin>
			<ymin>456</ymin>
			<xmax>2146</xmax>
			<ymax>1591</ymax>
		</bndbox>
	</object>
	<object>
		<name>매운탕</name>
		<bndbox>
			<xmin>667</xmin>
			<ymin>583</ymin>
			<xmax>2008</xmax>
			<ymax>1463</ymax>
		</bndbox>
	</object>
</annotation>