<annotation>
	<folder>side국류냄비매운탕q4</folder>
	<filename>side_국류_냄비_매운탕_Q4_00048.JPG</filename>
	<path>/side국류냄비매운탕q4/side_국류_냄비_매운탕_Q4_00048.JPG</path>
	<source>
		<database>fooddata</database>
	</source>
	<size>
		<width>3008</width>
		<height>2000</height>
		<depth>3</depth>
	</size>
	<object>
		<name>ref_spoon</name>
		<bndbox>
			<xmin>145</xmin>
			<ymin>626</ymin>
			<xmax>419</xmax>
			<ymax>949</ymax>
		</bndbox>
	</object>
	<object>
		<name>ref_fork</name>
		<bndbox>
			<xmin>454</xmin>
			<ymin>644</ymin>
			<xmax>660</xmax>
			<ymax>1020</ymax>
		</bndbox>
	</object>
	<object>
		<name>ref_coin</name>
		<bndbox>
			<xmin>2639</xmin>
			<ymin>1222</ymin>
			<xmax>2848</xmax>
			<ymax>1388</ymax>
		</bndbox>
	</object>
	<object>
		<name>dish</name>
		<bndbox>
			<xmin>915</xmin>
			<ymin>519</ymin>
			<xmax>2313</xmax>
			<ymax>1555</ymax>
		</bndbox>
	</object>
	<object>
		<name>매운탕</name>
		<bndbox>
			<xmin>1014</xmin>
			<ymin>729</ymin>
			<xmax>2196</xmax>
			<ymax>1424</ymax>
		</bndbox>
	</object>
</annotation>