<annotation>
	<folder>top국류냄비매운탕q4</folder>
	<filename>top_국류_냄비_매운탕_Q4_00033.JPG</filename>
	<path>/top국류냄비매운탕q4/top_국류_냄비_매운탕_Q4_00033.JPG</path>
	<source>
		<database>fooddata</database>
	</source>
	<size>
		<width>3008</width>
		<height>2000</height>
		<depth>3</depth>
	</size>
	<object>
		<name>ref_spoon</name>
		<bndbox>
			<xmin>834</xmin>
			<ymin>1603</ymin>
			<xmax>1162</xmax>
			<ymax>1830</ymax>
		</bndbox>
	</object>
	<object>
		<name>ref_fork</name>
		<bndbox>
			<xmin>878</xmin>
			<ymin>1404</ymin>
			<xmax>1229</xmax>
			<ymax>1541</ymax>
		</bndbox>
	</object>
	<object>
		<name>ref_coin</name>
		<bndbox>
			<xmin>2028</xmin>
			<ymin>1413</ymin>
			<xmax>2169</xmax>
			<ymax>1550</ymax>
		</bndbox>
	</object>
	<object>
		<name>dish</name>
		<bndbox>
			<xmin>816</xmin>
			<ymin>135</ymin>
			<xmax>1943</xmax>
			<ymax>1204</ymax>
		</bndbox>
	</object>
	<object>
		<name>매운탕</name>
		<bndbox>
			<xmin>941</xmin>
			<ymin>295</ymin>
			<xmax>1815</xmax>
			<ymax>1151</ymax>
		</bndbox>
	</object>
</annotation>