<annotation>
	<folder>top국류냄비매운탕q4</folder>
	<filename>top_국류_냄비_매운탕_Q4_00028.JPG</filename>
	<path>/top국류냄비매운탕q4/top_국류_냄비_매운탕_Q4_00028.JPG</path>
	<source>
		<database>fooddata</database>
	</source>
	<size>
		<width>3008</width>
		<height>2000</height>
		<depth>3</depth>
	</size>
	<object>
		<name>ref_spoon</name>
		<bndbox>
			<xmin>577</xmin>
			<ymin>1670</ymin>
			<xmax>941</xmax>
			<ymax>1909</ymax>
		</bndbox>
	</object>
	<object>
		<name>ref_fork</name>
		<bndbox>
			<xmin>648</xmin>
			<ymin>1457</ymin>
			<xmax>1047</xmax>
			<ymax>1612</ymax>
		</bndbox>
	</object>
	<object>
		<name>ref_coin</name>
		<bndbox>
			<xmin>1996</xmin>
			<ymin>707</ymin>
			<xmax>2138</xmax>
			<ymax>845</ymax>
		</bndbox>
	</object>
	<object>
		<name>dish</name>
		<bndbox>
			<xmin>630</xmin>
			<ymin>99</ymin>
			<xmax>1863</xmax>
			<ymax>1293</ymax>
		</bndbox>
	</object>
	<object>
		<name>매운탕</name>
		<bndbox>
			<xmin>759</xmin>
			<ymin>250</ymin>
			<xmax>1726</xmax>
			<ymax>1200</ymax>
		</bndbox>
	</object>
</annotation>