<annotation>
	<folder>top국류냄비매운탕q4</folder>
	<filename>top_국류_냄비_매운탕_Q4_00021.JPG</filename>
	<path>/top국류냄비매운탕q4/top_국류_냄비_매운탕_Q4_00021.JPG</path>
	<source>
		<database>fooddata</database>
	</source>
	<size>
		<width>3008</width>
		<height>2000</height>
		<depth>3</depth>
	</size>
	<object>
		<name>ref_spoon</name>
		<bndbox>
			<xmin>807</xmin>
			<ymin>1648</ymin>
			<xmax>1122</xmax>
			<ymax>1870</ymax>
		</bndbox>
	</object>
	<object>
		<name>ref_fork</name>
		<bndbox>
			<xmin>861</xmin>
			<ymin>1448</ymin>
			<xmax>1198</xmax>
			<ymax>1586</ymax>
		</bndbox>
	</object>
	<object>
		<name>ref_coin</name>
		<bndbox>
			<xmin>790</xmin>
			<ymin>552</ymin>
			<xmax>918</xmax>
			<ymax>681</ymax>
		</bndbox>
	</object>
	<object>
		<name>dish</name>
		<bndbox>
			<xmin>963</xmin>
			<ymin>161</ymin>
			<xmax>2036</xmax>
			<ymax>1155</ymax>
		</bndbox>
	</object>
	<object>
		<name>매운탕</name>
		<bndbox>
			<xmin>1083</xmin>
			<ymin>295</ymin>
			<xmax>1925</xmax>
			<ymax>1111</ymax>
		</bndbox>
	</object>
</annotation>