<annotation>
	<folder>top국류냄비매운탕q4</folder>
	<filename>top_국류_냄비_매운탕_Q4_00005.JPG</filename>
	<path>/top국류냄비매운탕q4/top_국류_냄비_매운탕_Q4_00005.JPG</path>
	<source>
		<database>fooddata</database>
	</source>
	<size>
		<width>3008</width>
		<height>2000</height>
		<depth>3</depth>
	</size>
	<object>
		<name>ref_spoon</name>
		<bndbox>
			<xmin>2298</xmin>
			<ymin>290</ymin>
			<xmax>2547</xmax>
			<ymax>645</ymax>
		</bndbox>
	</object>
	<object>
		<name>ref_fork</name>
		<bndbox>
			<xmin>2560</xmin>
			<ymin>321</ymin>
			<xmax>2737</xmax>
			<ymax>738</ymax>
		</bndbox>
	</object>
	<object>
		<name>ref_coin</name>
		<bndbox>
			<xmin>461</xmin>
			<ymin>1040</ymin>
			<xmax>630</xmax>
			<ymax>1209</ymax>
		</bndbox>
	</object>
	<object>
		<name>dish</name>
		<bndbox>
			<xmin>697</xmin>
			<ymin>215</ymin>
			<xmax>2072</xmax>
			<ymax>1563</ymax>
		</bndbox>
	</object>
	<object>
		<name>매운탕</name>
		<bndbox>
			<xmin>847</xmin>
			<ymin>352</ymin>
			<xmax>1952</xmax>
			<ymax>1461</ymax>
		</bndbox>
	</object>
</annotation>