<annotation>
	<folder>top국류냄비매운탕q4</folder>
	<filename>top_국류_냄비_매운탕_Q4_00015.JPG</filename>
	<path>/top국류냄비매운탕q4/top_국류_냄비_매운탕_Q4_00015.JPG</path>
	<source>
		<database>fooddata</database>
	</source>
	<size>
		<width>3008</width>
		<height>2000</height>
		<depth>3</depth>
	</size>
	<object>
		<name>ref_spoon</name>
		<bndbox>
			<xmin>1899</xmin>
			<ymin>370</ymin>
			<xmax>2121</xmax>
			<ymax>685</ymax>
		</bndbox>
	</object>
	<object>
		<name>ref_fork</name>
		<bndbox>
			<xmin>2227</xmin>
			<ymin>481</ymin>
			<xmax>2391</xmax>
			<ymax>818</ymax>
		</bndbox>
	</object>
	<object>
		<name>ref_coin</name>
		<bndbox>
			<xmin>2263</xmin>
			<ymin>91</ymin>
			<xmax>2405</xmax>
			<ymax>232</ymax>
		</bndbox>
	</object>
	<object>
		<name>dish</name>
		<bndbox>
			<xmin>439</xmin>
			<ymin>379</ymin>
			<xmax>1668</xmax>
			<ymax>1581</ymax>
		</bndbox>
	</object>
	<object>
		<name>매운탕</name>
		<bndbox>
			<xmin>581</xmin>
			<ymin>530</ymin>
			<xmax>1557</xmax>
			<ymax>1484</ymax>
		</bndbox>
	</object>
</annotation>