<annotation>
	<folder>top국류냄비매운탕q4</folder>
	<filename>top_국류_냄비_매운탕_Q4_00032.JPG</filename>
	<path>/top국류냄비매운탕q4/top_국류_냄비_매운탕_Q4_00032.JPG</path>
	<source>
		<database>fooddata</database>
	</source>
	<size>
		<width>3008</width>
		<height>2000</height>
		<depth>3</depth>
	</size>
	<object>
		<name>ref_spoon</name>
		<bndbox>
			<xmin>883</xmin>
			<ymin>1568</ymin>
			<xmax>1216</xmax>
			<ymax>1807</ymax>
		</bndbox>
	</object>
	<object>
		<name>ref_fork</name>
		<bndbox>
			<xmin>923</xmin>
			<ymin>1359</ymin>
			<xmax>1295</xmax>
			<ymax>1510</ymax>
		</bndbox>
	</object>
	<object>
		<name>ref_coin</name>
		<bndbox>
			<xmin>2050</xmin>
			<ymin>1191</ymin>
			<xmax>2196</xmax>
			<ymax>1337</ymax>
		</bndbox>
	</object>
	<object>
		<name>dish</name>
		<bndbox>
			<xmin>816</xmin>
			<ymin>179</ymin>
			<xmax>2010</xmax>
			<ymax>1333</ymax>
		</bndbox>
	</object>
	<object>
		<name>매운탕</name>
		<bndbox>
			<xmin>932</xmin>
			<ymin>339</ymin>
			<xmax>1886</xmax>
			<ymax>1253</ymax>
		</bndbox>
	</object>
</annotation>