<annotation>
	<folder>top국류냄비매운탕q4</folder>
	<filename>top_국류_냄비_매운탕_Q4_00048.JPG</filename>
	<path>/top국류냄비매운탕q4/top_국류_냄비_매운탕_Q4_00048.JPG</path>
	<source>
		<database>fooddata</database>
	</source>
	<size>
		<width>3008</width>
		<height>2000</height>
		<depth>3</depth>
	</size>
	<object>
		<name>ref_spoon</name>
		<bndbox>
			<xmin>355</xmin>
			<ymin>339</ymin>
			<xmax>590</xmax>
			<ymax>689</ymax>
		</bndbox>
	</object>
	<object>
		<name>ref_fork</name>
		<bndbox>
			<xmin>697</xmin>
			<ymin>357</ymin>
			<xmax>865</xmax>
			<ymax>743</ymax>
		</bndbox>
	</object>
	<object>
		<name>ref_coin</name>
		<bndbox>
			<xmin>1189</xmin>
			<ymin>1532</ymin>
			<xmax>1349</xmax>
			<ymax>1701</ymax>
		</bndbox>
	</object>
	<object>
		<name>dish</name>
		<bndbox>
			<xmin>1247</xmin>
			<ymin>295</ymin>
			<xmax>2551</xmax>
			<ymax>1612</ymax>
		</bndbox>
	</object>
	<object>
		<name>매운탕</name>
		<bndbox>
			<xmin>1340</xmin>
			<ymin>450</ymin>
			<xmax>2374</xmax>
			<ymax>1492</ymax>
		</bndbox>
	</object>
</annotation>