<annotation>
	<folder>top국류냄비매운탕q4</folder>
	<filename>top_국류_냄비_매운탕_Q4_00034.JPG</filename>
	<path>/top국류냄비매운탕q4/top_국류_냄비_매운탕_Q4_00034.JPG</path>
	<source>
		<database>fooddata</database>
	</source>
	<size>
		<width>3008</width>
		<height>2000</height>
		<depth>3</depth>
	</size>
	<object>
		<name>ref_spoon</name>
		<bndbox>
			<xmin>231</xmin>
			<ymin>428</ymin>
			<xmax>470</xmax>
			<ymax>791</ymax>
		</bndbox>
	</object>
	<object>
		<name>ref_fork</name>
		<bndbox>
			<xmin>568</xmin>
			<ymin>428</ymin>
			<xmax>768</xmax>
			<ymax>823</ymax>
		</bndbox>
	</object>
	<object>
		<name>ref_coin</name>
		<bndbox>
			<xmin>2405</xmin>
			<ymin>1408</ymin>
			<xmax>2582</xmax>
			<ymax>1581</ymax>
		</bndbox>
	</object>
	<object>
		<name>dish</name>
		<bndbox>
			<xmin>1149</xmin>
			<ymin>277</ymin>
			<xmax>2551</xmax>
			<ymax>1670</ymax>
		</bndbox>
	</object>
	<object>
		<name>매운탕</name>
		<bndbox>
			<xmin>1273</xmin>
			<ymin>432</ymin>
			<xmax>2360</xmax>
			<ymax>1546</ymax>
		</bndbox>
	</object>
</annotation>