<annotation>
	<folder>top국류냄비매운탕q4</folder>
	<filename>top_국류_냄비_매운탕_Q4_00004.JPG</filename>
	<path>/top국류냄비매운탕q4/top_국류_냄비_매운탕_Q4_00004.JPG</path>
	<source>
		<database>fooddata</database>
	</source>
	<size>
		<width>3008</width>
		<height>2000</height>
		<depth>3</depth>
	</size>
	<object>
		<name>ref_spoon</name>
		<bndbox>
			<xmin>2285</xmin>
			<ymin>255</ymin>
			<xmax>2529</xmax>
			<ymax>627</ymax>
		</bndbox>
	</object>
	<object>
		<name>ref_fork</name>
		<bndbox>
			<xmin>2547</xmin>
			<ymin>290</ymin>
			<xmax>2720</xmax>
			<ymax>694</ymax>
		</bndbox>
	</object>
	<object>
		<name>ref_coin</name>
		<bndbox>
			<xmin>1238</xmin>
			<ymin>1697</ymin>
			<xmax>1406</xmax>
			<ymax>1883</ymax>
		</bndbox>
	</object>
	<object>
		<name>dish</name>
		<bndbox>
			<xmin>595</xmin>
			<ymin>210</ymin>
			<xmax>1983</xmax>
			<ymax>1577</ymax>
		</bndbox>
	</object>
	<object>
		<name>매운탕</name>
		<bndbox>
			<xmin>768</xmin>
			<ymin>370</ymin>
			<xmax>1850</xmax>
			<ymax>1461</ymax>
		</bndbox>
	</object>
</annotation>