<annotation>
	<folder>top국류냄비매운탕q4</folder>
	<filename>top_국류_냄비_매운탕_Q4_00014.JPG</filename>
	<path>/top국류냄비매운탕q4/top_국류_냄비_매운탕_Q4_00014.JPG</path>
	<source>
		<database>fooddata</database>
	</source>
	<size>
		<width>3008</width>
		<height>2000</height>
		<depth>3</depth>
	</size>
	<object>
		<name>ref_spoon</name>
		<bndbox>
			<xmin>1934</xmin>
			<ymin>410</ymin>
			<xmax>2147</xmax>
			<ymax>720</ymax>
		</bndbox>
	</object>
	<object>
		<name>ref_fork</name>
		<bndbox>
			<xmin>2263</xmin>
			<ymin>516</ymin>
			<xmax>2427</xmax>
			<ymax>862</ymax>
		</bndbox>
	</object>
	<object>
		<name>ref_coin</name>
		<bndbox>
			<xmin>1996</xmin>
			<ymin>126</ymin>
			<xmax>2138</xmax>
			<ymax>268</ymax>
		</bndbox>
	</object>
	<object>
		<name>dish</name>
		<bndbox>
			<xmin>550</xmin>
			<ymin>423</ymin>
			<xmax>1766</xmax>
			<ymax>1630</ymax>
		</bndbox>
	</object>
	<object>
		<name>매운탕</name>
		<bndbox>
			<xmin>688</xmin>
			<ymin>579</ymin>
			<xmax>1664</xmax>
			<ymax>1559</ymax>
		</bndbox>
	</object>
</annotation>