<annotation>
	<folder>top국류냄비매운탕q4</folder>
	<filename>top_국류_냄비_매운탕_Q4_00047.JPG</filename>
	<path>/top국류냄비매운탕q4/top_국류_냄비_매운탕_Q4_00047.JPG</path>
	<source>
		<database>fooddata</database>
	</source>
	<size>
		<width>3008</width>
		<height>2000</height>
		<depth>3</depth>
	</size>
	<object>
		<name>ref_spoon</name>
		<bndbox>
			<xmin>204</xmin>
			<ymin>343</ymin>
			<xmax>461</xmax>
			<ymax>712</ymax>
		</bndbox>
	</object>
	<object>
		<name>ref_fork</name>
		<bndbox>
			<xmin>568</xmin>
			<ymin>374</ymin>
			<xmax>754</xmax>
			<ymax>778</ymax>
		</bndbox>
	</object>
	<object>
		<name>ref_coin</name>
		<bndbox>
			<xmin>918</xmin>
			<ymin>1448</ymin>
			<xmax>1096</xmax>
			<ymax>1617</ymax>
		</bndbox>
	</object>
	<object>
		<name>dish</name>
		<bndbox>
			<xmin>1140</xmin>
			<ymin>317</ymin>
			<xmax>2493</xmax>
			<ymax>1692</ymax>
		</bndbox>
	</object>
	<object>
		<name>매운탕</name>
		<bndbox>
			<xmin>1251</xmin>
			<ymin>476</ymin>
			<xmax>2316</xmax>
			<ymax>1559</ymax>
		</bndbox>
	</object>
</annotation>