<annotation>
	<folder>top국류냄비매운탕q4</folder>
	<filename>top_국류_냄비_매운탕_Q4_00007.JPG</filename>
	<path>/top국류냄비매운탕q4/top_국류_냄비_매운탕_Q4_00007.JPG</path>
	<source>
		<database>fooddata</database>
	</source>
	<size>
		<width>3008</width>
		<height>2000</height>
		<depth>3</depth>
	</size>
	<object>
		<name>ref_spoon</name>
		<bndbox>
			<xmin>2249</xmin>
			<ymin>361</ymin>
			<xmax>2480</xmax>
			<ymax>698</ymax>
		</bndbox>
	</object>
	<object>
		<name>ref_fork</name>
		<bndbox>
			<xmin>2493</xmin>
			<ymin>397</ymin>
			<xmax>2644</xmax>
			<ymax>756</ymax>
		</bndbox>
	</object>
	<object>
		<name>ref_coin</name>
		<bndbox>
			<xmin>665</xmin>
			<ymin>654</ymin>
			<xmax>821</xmax>
			<ymax>796</ymax>
		</bndbox>
	</object>
	<object>
		<name>dish</name>
		<bndbox>
			<xmin>878</xmin>
			<ymin>259</ymin>
			<xmax>2130</xmax>
			<ymax>1488</ymax>
		</bndbox>
	</object>
	<object>
		<name>매운탕</name>
		<bndbox>
			<xmin>1016</xmin>
			<ymin>397</ymin>
			<xmax>2010</xmax>
			<ymax>1382</ymax>
		</bndbox>
	</object>
</annotation>