<annotation>
	<folder>side밥류밥그릇콩밥q3</folder>
	<filename>side_밥류_밥그릇_콩밥_Q3_00011.JPG</filename>
	<path>/side밥류밥그릇콩밥q3/side_밥류_밥그릇_콩밥_Q3_00011.JPG</path>
	<source>
		<database>fooddata</database>
	</source>
	<size>
		<width>5472</width>
		<height>3648</height>
		<depth>3</depth>
	</size>
	<object>
		<name>ref_spoon</name>
		<bndbox>
			<xmin>3408</xmin>
			<ymin>892</ymin>
			<xmax>3946</xmax>
			<ymax>1636</ymax>
		</bndbox>
	</object>
	<object>
		<name>ref_fork</name>
		<bndbox>
			<xmin>4054</xmin>
			<ymin>923</ymin>
			<xmax>4426</xmax>
			<ymax>1739</ymax>
		</bndbox>
	</object>
	<object>
		<name>ref_coin</name>
		<bndbox>
			<xmin>666</xmin>
			<ymin>1371</ymin>
			<xmax>1087</xmax>
			<ymax>1667</ymax>
		</bndbox>
	</object>
	<object>
		<name>dish</name>
		<bndbox>
			<xmin>1378</xmin>
			<ymin>708</ymin>
			<xmax>3256</xmax>
			<ymax>2209</ymax>
		</bndbox>
	</object>
	<object>
		<name>콩밥</name>
		<bndbox>
			<xmin>1571</xmin>
			<ymin>1049</ymin>
			<xmax>3027</xmax>
			<ymax>1932</ymax>
		</bndbox>
	</object>
</annotation>