<annotation>
	<folder>side밥류밥그릇콩밥q3</folder>
	<filename>side_밥류_밥그릇_콩밥_Q3_00022.JPG</filename>
	<path>/side밥류밥그릇콩밥q3/side_밥류_밥그릇_콩밥_Q3_00022.JPG</path>
	<source>
		<database>fooddata</database>
	</source>
	<size>
		<width>5472</width>
		<height>3648</height>
		<depth>3</depth>
	</size>
	<object>
		<name>ref_spoon</name>
		<bndbox>
			<xmin>1212</xmin>
			<ymin>2707</ymin>
			<xmax>2131</xmax>
			<ymax>3263</ymax>
		</bndbox>
	</object>
	<object>
		<name>ref_fork</name>
		<bndbox>
			<xmin>1324</xmin>
			<ymin>2277</ymin>
			<xmax>2319</xmax>
			<ymax>2770</ymax>
		</bndbox>
	</object>
	<object>
		<name>ref_coin</name>
		<bndbox>
			<xmin>1199</xmin>
			<ymin>1703</ymin>
			<xmax>1625</xmax>
			<ymax>2003</ymax>
		</bndbox>
	</object>
	<object>
		<name>dish</name>
		<bndbox>
			<xmin>2225</xmin>
			<ymin>686</ymin>
			<xmax>4063</xmax>
			<ymax>2183</ymax>
		</bndbox>
	</object>
	<object>
		<name>콩밥</name>
		<bndbox>
			<xmin>2413</xmin>
			<ymin>1156</ymin>
			<xmax>3906</xmax>
			<ymax>1927</ymax>
		</bndbox>
	</object>
</annotation>