<annotation>
	<folder>side밥류밥그릇콩밥q3</folder>
	<filename>side_밥류_밥그릇_콩밥_Q3_00002.JPG</filename>
	<path>/side밥류밥그릇콩밥q3/side_밥류_밥그릇_콩밥_Q3_00002.JPG</path>
	<source>
		<database>fooddata</database>
	</source>
	<size>
		<width>5472</width>
		<height>3648</height>
		<depth>3</depth>
	</size>
	<object>
		<name>ref_spoon</name>
		<bndbox>
			<xmin>3498</xmin>
			<ymin>1143</ymin>
			<xmax>4036</xmax>
			<ymax>1855</ymax>
		</bndbox>
	</object>
	<object>
		<name>ref_fork</name>
		<bndbox>
			<xmin>4139</xmin>
			<ymin>1188</ymin>
			<xmax>4520</xmax>
			<ymax>1994</ymax>
		</bndbox>
	</object>
	<object>
		<name>ref_coin</name>
		<bndbox>
			<xmin>2664</xmin>
			<ymin>2823</ymin>
			<xmax>3090</xmax>
			<ymax>3151</ymax>
		</bndbox>
	</object>
	<object>
		<name>dish</name>
		<bndbox>
			<xmin>1338</xmin>
			<ymin>887</ymin>
			<xmax>3180</xmax>
			<ymax>2353</ymax>
		</bndbox>
	</object>
	<object>
		<name>콩밥</name>
		<bndbox>
			<xmin>1490</xmin>
			<ymin>1425</ymin>
			<xmax>3032</xmax>
			<ymax>2093</ymax>
		</bndbox>
	</object>
</annotation>