<annotation>
	<folder>side밥류밥그릇콩밥q3</folder>
	<filename>side_밥류_밥그릇_콩밥_Q3_00024.JPG</filename>
	<path>/side밥류밥그릇콩밥q3/side_밥류_밥그릇_콩밥_Q3_00024.JPG</path>
	<source>
		<database>fooddata</database>
	</source>
	<size>
		<width>5472</width>
		<height>3648</height>
		<depth>3</depth>
	</size>
	<object>
		<name>ref_spoon</name>
		<bndbox>
			<xmin>1185</xmin>
			<ymin>968</ymin>
			<xmax>1714</xmax>
			<ymax>1725</ymax>
		</bndbox>
	</object>
	<object>
		<name>ref_fork</name>
		<bndbox>
			<xmin>2028</xmin>
			<ymin>950</ymin>
			<xmax>2373</xmax>
			<ymax>1757</ymax>
		</bndbox>
	</object>
	<object>
		<name>ref_coin</name>
		<bndbox>
			<xmin>2642</xmin>
			<ymin>2617</ymin>
			<xmax>3068</xmax>
			<ymax>2944</ymax>
		</bndbox>
	</object>
	<object>
		<name>dish</name>
		<bndbox>
			<xmin>2718</xmin>
			<ymin>838</ymin>
			<xmax>4578</xmax>
			<ymax>2321</ymax>
		</bndbox>
	</object>
	<object>
		<name>콩밥</name>
		<bndbox>
			<xmin>2902</xmin>
			<ymin>1340</ymin>
			<xmax>4363</xmax>
			<ymax>2053</ymax>
		</bndbox>
	</object>
</annotation>