<annotation>
	<folder>side밥류밥그릇콩밥q3</folder>
	<filename>side_밥류_밥그릇_콩밥_Q3_00038.JPG</filename>
	<path>/side밥류밥그릇콩밥q3/side_밥류_밥그릇_콩밥_Q3_00038.JPG</path>
	<source>
		<database>fooddata</database>
	</source>
	<size>
		<width>5472</width>
		<height>3648</height>
		<depth>3</depth>
	</size>
	<object>
		<name>ref_spoon</name>
		<bndbox>
			<xmin>1244</xmin>
			<ymin>578</ymin>
			<xmax>1781</xmax>
			<ymax>1322</ymax>
		</bndbox>
	</object>
	<object>
		<name>ref_fork</name>
		<bndbox>
			<xmin>2086</xmin>
			<ymin>565</ymin>
			<xmax>2436</xmax>
			<ymax>1362</ymax>
		</bndbox>
	</object>
	<object>
		<name>ref_coin</name>
		<bndbox>
			<xmin>4201</xmin>
			<ymin>2442</ymin>
			<xmax>4641</xmax>
			<ymax>2788</ymax>
		</bndbox>
	</object>
	<object>
		<name>dish</name>
		<bndbox>
			<xmin>2723</xmin>
			<ymin>439</ymin>
			<xmax>4578</xmax>
			<ymax>1909</ymax>
		</bndbox>
	</object>
	<object>
		<name>콩밥</name>
		<bndbox>
			<xmin>2893</xmin>
			<ymin>565</ymin>
			<xmax>4363</xmax>
			<ymax>1636</ymax>
		</bndbox>
	</object>
</annotation>