<annotation>
	<folder>side밥류밥그릇콩밥q3</folder>
	<filename>side_밥류_밥그릇_콩밥_Q3_00006.JPG</filename>
	<path>/side밥류밥그릇콩밥q3/side_밥류_밥그릇_콩밥_Q3_00006.JPG</path>
	<source>
		<database>fooddata</database>
	</source>
	<size>
		<width>5472</width>
		<height>3648</height>
		<depth>3</depth>
	</size>
	<object>
		<name>ref_spoon</name>
		<bndbox>
			<xmin>3337</xmin>
			<ymin>825</ymin>
			<xmax>3865</xmax>
			<ymax>1542</ymax>
		</bndbox>
	</object>
	<object>
		<name>ref_fork</name>
		<bndbox>
			<xmin>3977</xmin>
			<ymin>874</ymin>
			<xmax>4345</xmax>
			<ymax>1667</ymax>
		</bndbox>
	</object>
	<object>
		<name>ref_coin</name>
		<bndbox>
			<xmin>1324</xmin>
			<ymin>2339</ymin>
			<xmax>1750</xmax>
			<ymax>2671</ymax>
		</bndbox>
	</object>
	<object>
		<name>dish</name>
		<bndbox>
			<xmin>1383</xmin>
			<ymin>587</ymin>
			<xmax>3220</xmax>
			<ymax>2066</ymax>
		</bndbox>
	</object>
	<object>
		<name>콩밥</name>
		<bndbox>
			<xmin>1535</xmin>
			<ymin>820</ymin>
			<xmax>3036</xmax>
			<ymax>1811</ymax>
		</bndbox>
	</object>
</annotation>