<annotation>
	<folder>side밥류밥그릇콩밥q3</folder>
	<filename>side_밥류_밥그릇_콩밥_Q3_00030.JPG</filename>
	<path>/side밥류밥그릇콩밥q3/side_밥류_밥그릇_콩밥_Q3_00030.JPG</path>
	<source>
		<database>fooddata</database>
	</source>
	<size>
		<width>5472</width>
		<height>3648</height>
		<depth>3</depth>
	</size>
	<object>
		<name>ref_spoon</name>
		<bndbox>
			<xmin>1284</xmin>
			<ymin>955</ymin>
			<xmax>1813</xmax>
			<ymax>1681</ymax>
		</bndbox>
	</object>
	<object>
		<name>ref_fork</name>
		<bndbox>
			<xmin>2122</xmin>
			<ymin>937</ymin>
			<xmax>2476</xmax>
			<ymax>1730</ymax>
		</bndbox>
	</object>
	<object>
		<name>ref_coin</name>
		<bndbox>
			<xmin>4273</xmin>
			<ymin>2783</ymin>
			<xmax>4721</xmax>
			<ymax>3137</ymax>
		</bndbox>
	</object>
	<object>
		<name>dish</name>
		<bndbox>
			<xmin>2839</xmin>
			<ymin>807</ymin>
			<xmax>4717</xmax>
			<ymax>2290</ymax>
		</bndbox>
	</object>
	<object>
		<name>콩밥</name>
		<bndbox>
			<xmin>2996</xmin>
			<ymin>990</ymin>
			<xmax>4573</xmax>
			<ymax>2017</ymax>
		</bndbox>
	</object>
</annotation>