<annotation>
	<folder>side밥류밥그릇콩밥q3</folder>
	<filename>side_밥류_밥그릇_콩밥_Q3_00047.JPG</filename>
	<path>/side밥류밥그릇콩밥q3/side_밥류_밥그릇_콩밥_Q3_00047.JPG</path>
	<source>
		<database>fooddata</database>
	</source>
	<size>
		<width>5472</width>
		<height>3648</height>
		<depth>3</depth>
	</size>
	<object>
		<name>ref_spoon</name>
		<bndbox>
			<xmin>1096</xmin>
			<ymin>964</ymin>
			<xmax>1634</xmax>
			<ymax>1725</ymax>
		</bndbox>
	</object>
	<object>
		<name>ref_fork</name>
		<bndbox>
			<xmin>1943</xmin>
			<ymin>941</ymin>
			<xmax>2301</xmax>
			<ymax>1752</ymax>
		</bndbox>
	</object>
	<object>
		<name>ref_coin</name>
		<bndbox>
			<xmin>2548</xmin>
			<ymin>592</ymin>
			<xmax>2924</xmax>
			<ymax>843</ymax>
		</bndbox>
	</object>
	<object>
		<name>dish</name>
		<bndbox>
			<xmin>2646</xmin>
			<ymin>762</ymin>
			<xmax>4524</xmax>
			<ymax>2236</ymax>
		</bndbox>
	</object>
	<object>
		<name>콩밥</name>
		<bndbox>
			<xmin>2803</xmin>
			<ymin>950</ymin>
			<xmax>4349</xmax>
			<ymax>1949</ymax>
		</bndbox>
	</object>
</annotation>