<annotation>
	<folder>side밥류밥그릇콩밥q3</folder>
	<filename>side_밥류_밥그릇_콩밥_Q3_00019.JPG</filename>
	<path>/side밥류밥그릇콩밥q3/side_밥류_밥그릇_콩밥_Q3_00019.JPG</path>
	<source>
		<database>fooddata</database>
	</source>
	<size>
		<width>5472</width>
		<height>3648</height>
		<depth>3</depth>
	</size>
	<object>
		<name>ref_spoon</name>
		<bndbox>
			<xmin>1037</xmin>
			<ymin>2698</ymin>
			<xmax>1997</xmax>
			<ymax>3249</ymax>
		</bndbox>
	</object>
	<object>
		<name>ref_fork</name>
		<bndbox>
			<xmin>1163</xmin>
			<ymin>2272</ymin>
			<xmax>2158</xmax>
			<ymax>2761</ymax>
		</bndbox>
	</object>
	<object>
		<name>ref_coin</name>
		<bndbox>
			<xmin>1441</xmin>
			<ymin>713</ymin>
			<xmax>1822</xmax>
			<ymax>990</ymax>
		</bndbox>
	</object>
	<object>
		<name>dish</name>
		<bndbox>
			<xmin>1979</xmin>
			<ymin>668</ymin>
			<xmax>3807</xmax>
			<ymax>2165</ymax>
		</bndbox>
	</object>
	<object>
		<name>콩밥</name>
		<bndbox>
			<xmin>2198</xmin>
			<ymin>807</ymin>
			<xmax>3637</xmax>
			<ymax>1900</ymax>
		</bndbox>
	</object>
</annotation>