<annotation>
	<folder>side밥류밥그릇콩밥q3</folder>
	<filename>side_밥류_밥그릇_콩밥_Q3_00023.JPG</filename>
	<path>/side밥류밥그릇콩밥q3/side_밥류_밥그릇_콩밥_Q3_00023.JPG</path>
	<source>
		<database>fooddata</database>
	</source>
	<size>
		<width>5472</width>
		<height>3648</height>
		<depth>3</depth>
	</size>
	<object>
		<name>ref_spoon</name>
		<bndbox>
			<xmin>1333</xmin>
			<ymin>986</ymin>
			<xmax>1862</xmax>
			<ymax>1734</ymax>
		</bndbox>
	</object>
	<object>
		<name>ref_fork</name>
		<bndbox>
			<xmin>2153</xmin>
			<ymin>968</ymin>
			<xmax>2512</xmax>
			<ymax>1761</ymax>
		</bndbox>
	</object>
	<object>
		<name>ref_coin</name>
		<bndbox>
			<xmin>2655</xmin>
			<ymin>2572</ymin>
			<xmax>3072</xmax>
			<ymax>2909</ymax>
		</bndbox>
	</object>
	<object>
		<name>dish</name>
		<bndbox>
			<xmin>2857</xmin>
			<ymin>865</ymin>
			<xmax>4730</xmax>
			<ymax>2348</ymax>
		</bndbox>
	</object>
	<object>
		<name>콩밥</name>
		<bndbox>
			<xmin>3032</xmin>
			<ymin>1385</ymin>
			<xmax>4502</xmax>
			<ymax>2088</ymax>
		</bndbox>
	</object>
</annotation>