<annotation>
	<folder>top밥류밥그릇콩밥q3</folder>
	<filename>top_밥류_밥그릇_콩밥_Q3_00025.JPG</filename>
	<path>/top밥류밥그릇콩밥q3/top_밥류_밥그릇_콩밥_Q3_00025.JPG</path>
	<source>
		<database>fooddata</database>
	</source>
	<size>
		<width>5472</width>
		<height>3648</height>
		<depth>3</depth>
	</size>
	<object>
		<name>ref_spoon</name>
		<bndbox>
			<xmin>966</xmin>
			<ymin>332</ymin>
			<xmax>1634</xmax>
			<ymax>1407</ymax>
		</bndbox>
	</object>
	<object>
		<name>ref_fork</name>
		<bndbox>
			<xmin>1925</xmin>
			<ymin>305</ymin>
			<xmax>2346</xmax>
			<ymax>1470</ymax>
		</bndbox>
	</object>
	<object>
		<name>ref_coin</name>
		<bndbox>
			<xmin>3435</xmin>
			<ymin>2949</ymin>
			<xmax>3915</xmax>
			<ymax>3433</ymax>
		</bndbox>
	</object>
	<object>
		<name>dish</name>
		<bndbox>
			<xmin>2525</xmin>
			<ymin>529</ymin>
			<xmax>4798</xmax>
			<ymax>2761</ymax>
		</bndbox>
	</object>
	<object>
		<name>콩밥</name>
		<bndbox>
			<xmin>2763</xmin>
			<ymin>816</ymin>
			<xmax>4533</xmax>
			<ymax>2546</ymax>
		</bndbox>
	</object>
</annotation>