<annotation>
	<folder>top밥류밥그릇콩밥q3</folder>
	<filename>top_밥류_밥그릇_콩밥_Q3_00017.JPG</filename>
	<path>/top밥류밥그릇콩밥q3/top_밥류_밥그릇_콩밥_Q3_00017.JPG</path>
	<source>
		<database>fooddata</database>
	</source>
	<size>
		<width>5472</width>
		<height>3648</height>
		<depth>3</depth>
	</size>
	<object>
		<name>ref_spoon</name>
		<bndbox>
			<xmin>1369</xmin>
			<ymin>2407</ymin>
			<xmax>2221</xmax>
			<ymax>2918</ymax>
		</bndbox>
	</object>
	<object>
		<name>ref_fork</name>
		<bndbox>
			<xmin>1490</xmin>
			<ymin>3030</ymin>
			<xmax>2386</xmax>
			<ymax>3375</ymax>
		</bndbox>
	</object>
	<object>
		<name>ref_coin</name>
		<bndbox>
			<xmin>2732</xmin>
			<ymin>211</ymin>
			<xmax>3068</xmax>
			<ymax>533</ymax>
		</bndbox>
	</object>
	<object>
		<name>dish</name>
		<bndbox>
			<xmin>1656</xmin>
			<ymin>704</ymin>
			<xmax>3323</xmax>
			<ymax>2317</ymax>
		</bndbox>
	</object>
	<object>
		<name>콩밥</name>
		<bndbox>
			<xmin>1907</xmin>
			<ymin>1022</ymin>
			<xmax>3095</xmax>
			<ymax>2236</ymax>
		</bndbox>
	</object>
</annotation>