<annotation>
	<folder>top밥류밥그릇콩밥q3</folder>
	<filename>top_밥류_밥그릇_콩밥_Q3_00028.JPG</filename>
	<path>/top밥류밥그릇콩밥q3/top_밥류_밥그릇_콩밥_Q3_00028.JPG</path>
	<source>
		<database>fooddata</database>
	</source>
	<size>
		<width>5472</width>
		<height>3648</height>
		<depth>3</depth>
	</size>
	<object>
		<name>ref_spoon</name>
		<bndbox>
			<xmin>518</xmin>
			<ymin>542</ymin>
			<xmax>1194</xmax>
			<ymax>1578</ymax>
		</bndbox>
	</object>
	<object>
		<name>ref_fork</name>
		<bndbox>
			<xmin>1459</xmin>
			<ymin>475</ymin>
			<xmax>1920</xmax>
			<ymax>1645</ymax>
		</bndbox>
	</object>
	<object>
		<name>ref_coin</name>
		<bndbox>
			<xmin>4430</xmin>
			<ymin>2563</ymin>
			<xmax>4905</xmax>
			<ymax>3043</ymax>
		</bndbox>
	</object>
	<object>
		<name>dish</name>
		<bndbox>
			<xmin>2041</xmin>
			<ymin>699</ymin>
			<xmax>4296</xmax>
			<ymax>2922</ymax>
		</bndbox>
	</object>
	<object>
		<name>콩밥</name>
		<bndbox>
			<xmin>2395</xmin>
			<ymin>968</ymin>
			<xmax>4152</xmax>
			<ymax>2716</ymax>
		</bndbox>
	</object>
</annotation>