<annotation>
	<folder>top밥류밥그릇콩밥q3</folder>
	<filename>top_밥류_밥그릇_콩밥_Q3_00019.JPG</filename>
	<path>/top밥류밥그릇콩밥q3/top_밥류_밥그릇_콩밥_Q3_00019.JPG</path>
	<source>
		<database>fooddata</database>
	</source>
	<size>
		<width>5472</width>
		<height>3648</height>
		<depth>3</depth>
	</size>
	<object>
		<name>ref_spoon</name>
		<bndbox>
			<xmin>1423</xmin>
			<ymin>2277</ymin>
			<xmax>2315</xmax>
			<ymax>2841</ymax>
		</bndbox>
	</object>
	<object>
		<name>ref_fork</name>
		<bndbox>
			<xmin>1526</xmin>
			<ymin>2976</ymin>
			<xmax>2503</xmax>
			<ymax>3357</ymax>
		</bndbox>
	</object>
	<object>
		<name>ref_coin</name>
		<bndbox>
			<xmin>1844</xmin>
			<ymin>260</ymin>
			<xmax>2212</xmax>
			<ymax>609</ymax>
		</bndbox>
	</object>
	<object>
		<name>dish</name>
		<bndbox>
			<xmin>2001</xmin>
			<ymin>417</ymin>
			<xmax>3825</xmax>
			<ymax>2191</ymax>
		</bndbox>
	</object>
	<object>
		<name>콩밥</name>
		<bndbox>
			<xmin>2274</xmin>
			<ymin>708</ymin>
			<xmax>3632</xmax>
			<ymax>2057</ymax>
		</bndbox>
	</object>
</annotation>