<annotation>
	<folder>top밥류밥그릇콩밥q3</folder>
	<filename>top_밥류_밥그릇_콩밥_Q3_00003.JPG</filename>
	<path>/top밥류밥그릇콩밥q3/top_밥류_밥그릇_콩밥_Q3_00003.JPG</path>
	<source>
		<database>fooddata</database>
	</source>
	<size>
		<width>5472</width>
		<height>3648</height>
		<depth>3</depth>
	</size>
	<object>
		<name>ref_spoon</name>
		<bndbox>
			<xmin>3888</xmin>
			<ymin>623</ymin>
			<xmax>4627</xmax>
			<ymax>1775</ymax>
		</bndbox>
	</object>
	<object>
		<name>ref_fork</name>
		<bndbox>
			<xmin>4677</xmin>
			<ymin>713</ymin>
			<xmax>5178</xmax>
			<ymax>2030</ymax>
		</bndbox>
	</object>
	<object>
		<name>ref_coin</name>
		<bndbox>
			<xmin>1678</xmin>
			<ymin>2918</ymin>
			<xmax>2212</xmax>
			<ymax>3451</ymax>
		</bndbox>
	</object>
	<object>
		<name>dish</name>
		<bndbox>
			<xmin>1194</xmin>
			<ymin>282</ymin>
			<xmax>3767</xmax>
			<ymax>2832</ymax>
		</bndbox>
	</object>
	<object>
		<name>콩밥</name>
		<bndbox>
			<xmin>1499</xmin>
			<ymin>717</ymin>
			<xmax>3426</xmax>
			<ymax>2613</ymax>
		</bndbox>
	</object>
</annotation>