<annotation>
	<folder>top밥류밥그릇콩밥q3</folder>
	<filename>top_밥류_밥그릇_콩밥_Q3_00010.JPG</filename>
	<path>/top밥류밥그릇콩밥q3/top_밥류_밥그릇_콩밥_Q3_00010.JPG</path>
	<source>
		<database>fooddata</database>
	</source>
	<size>
		<width>5472</width>
		<height>3648</height>
		<depth>3</depth>
	</size>
	<object>
		<name>ref_spoon</name>
		<bndbox>
			<xmin>3838</xmin>
			<ymin>1035</ymin>
			<xmax>4542</xmax>
			<ymax>2169</ymax>
		</bndbox>
	</object>
	<object>
		<name>ref_fork</name>
		<bndbox>
			<xmin>4632</xmin>
			<ymin>1098</ymin>
			<xmax>5084</xmax>
			<ymax>2321</ymax>
		</bndbox>
	</object>
	<object>
		<name>ref_coin</name>
		<bndbox>
			<xmin>1333</xmin>
			<ymin>300</ymin>
			<xmax>1817</xmax>
			<ymax>762</ymax>
		</bndbox>
	</object>
	<object>
		<name>dish</name>
		<bndbox>
			<xmin>1333</xmin>
			<ymin>811</ymin>
			<xmax>3789</xmax>
			<ymax>3231</ymax>
		</bndbox>
	</object>
	<object>
		<name>콩밥</name>
		<bndbox>
			<xmin>1674</xmin>
			<ymin>1197</ymin>
			<xmax>3516</xmax>
			<ymax>3003</ymax>
		</bndbox>
	</object>
</annotation>