<annotation>
	<folder>top밥류밥그릇콩밥q3</folder>
	<filename>top_밥류_밥그릇_콩밥_Q3_00034.JPG</filename>
	<path>/top밥류밥그릇콩밥q3/top_밥류_밥그릇_콩밥_Q3_00034.JPG</path>
	<source>
		<database>fooddata</database>
	</source>
	<size>
		<width>5472</width>
		<height>3648</height>
		<depth>3</depth>
	</size>
	<object>
		<name>ref_spoon</name>
		<bndbox>
			<xmin>531</xmin>
			<ymin>825</ymin>
			<xmax>1248</xmax>
			<ymax>1963</ymax>
		</bndbox>
	</object>
	<object>
		<name>ref_fork</name>
		<bndbox>
			<xmin>1548</xmin>
			<ymin>807</ymin>
			<xmax>2019</xmax>
			<ymax>2035</ymax>
		</bndbox>
	</object>
	<object>
		<name>ref_coin</name>
		<bndbox>
			<xmin>3780</xmin>
			<ymin>480</ymin>
			<xmax>4269</xmax>
			<ymax>950</ymax>
		</bndbox>
	</object>
	<object>
		<name>dish</name>
		<bndbox>
			<xmin>2153</xmin>
			<ymin>1138</ymin>
			<xmax>4609</xmax>
			<ymax>3558</ymax>
		</bndbox>
	</object>
	<object>
		<name>콩밥</name>
		<bndbox>
			<xmin>2512</xmin>
			<ymin>1412</ymin>
			<xmax>4417</xmax>
			<ymax>3298</ymax>
		</bndbox>
	</object>
</annotation>