<annotation>
	<folder>top밥류밥그릇콩밥q3</folder>
	<filename>top_밥류_밥그릇_콩밥_Q3_00011.JPG</filename>
	<path>/top밥류밥그릇콩밥q3/top_밥류_밥그릇_콩밥_Q3_00011.JPG</path>
	<source>
		<database>fooddata</database>
	</source>
	<size>
		<width>5472</width>
		<height>3648</height>
		<depth>3</depth>
	</size>
	<object>
		<name>ref_spoon</name>
		<bndbox>
			<xmin>3596</xmin>
			<ymin>1318</ymin>
			<xmax>4237</xmax>
			<ymax>2348</ymax>
		</bndbox>
	</object>
	<object>
		<name>ref_fork</name>
		<bndbox>
			<xmin>4305</xmin>
			<ymin>1376</ymin>
			<xmax>4717</xmax>
			<ymax>2496</ymax>
		</bndbox>
	</object>
	<object>
		<name>ref_coin</name>
		<bndbox>
			<xmin>1970</xmin>
			<ymin>345</ymin>
			<xmax>2404</xmax>
			<ymax>780</ymax>
		</bndbox>
	</object>
	<object>
		<name>dish</name>
		<bndbox>
			<xmin>1324</xmin>
			<ymin>1134</ymin>
			<xmax>3570</xmax>
			<ymax>3352</ymax>
		</bndbox>
	</object>
	<object>
		<name>콩밥</name>
		<bndbox>
			<xmin>1562</xmin>
			<ymin>1474</ymin>
			<xmax>3274</xmax>
			<ymax>3142</ymax>
		</bndbox>
	</object>
</annotation>