<annotation>
	<folder>top밥류밥그릇콩밥q3</folder>
	<filename>top_밥류_밥그릇_콩밥_Q3_00024.JPG</filename>
	<path>/top밥류밥그릇콩밥q3/top_밥류_밥그릇_콩밥_Q3_00024.JPG</path>
	<source>
		<database>fooddata</database>
	</source>
	<size>
		<width>5472</width>
		<height>3648</height>
		<depth>3</depth>
	</size>
	<object>
		<name>ref_spoon</name>
		<bndbox>
			<xmin>872</xmin>
			<ymin>341</ymin>
			<xmax>1526</xmax>
			<ymax>1403</ymax>
		</bndbox>
	</object>
	<object>
		<name>ref_fork</name>
		<bndbox>
			<xmin>1813</xmin>
			<ymin>350</ymin>
			<xmax>2225</xmax>
			<ymax>1465</ymax>
		</bndbox>
	</object>
	<object>
		<name>ref_coin</name>
		<bndbox>
			<xmin>2853</xmin>
			<ymin>2913</ymin>
			<xmax>3323</xmax>
			<ymax>3397</ymax>
		</bndbox>
	</object>
	<object>
		<name>dish</name>
		<bndbox>
			<xmin>2328</xmin>
			<ymin>605</ymin>
			<xmax>4573</xmax>
			<ymax>2801</ymax>
		</bndbox>
	</object>
	<object>
		<name>콩밥</name>
		<bndbox>
			<xmin>2530</xmin>
			<ymin>860</ymin>
			<xmax>4314</xmax>
			<ymax>2595</ymax>
		</bndbox>
	</object>
</annotation>