<annotation>
	<folder>top밥류밥그릇콩밥q3</folder>
	<filename>top_밥류_밥그릇_콩밥_Q3_00012.JPG</filename>
	<path>/top밥류밥그릇콩밥q3/top_밥류_밥그릇_콩밥_Q3_00012.JPG</path>
	<source>
		<database>fooddata</database>
	</source>
	<size>
		<width>5472</width>
		<height>3648</height>
		<depth>3</depth>
	</size>
	<object>
		<name>ref_spoon</name>
		<bndbox>
			<xmin>1248</xmin>
			<ymin>2223</ymin>
			<xmax>2239</xmax>
			<ymax>2823</ymax>
		</bndbox>
	</object>
	<object>
		<name>ref_fork</name>
		<bndbox>
			<xmin>1400</xmin>
			<ymin>2958</ymin>
			<xmax>2481</xmax>
			<ymax>3366</ymax>
		</bndbox>
	</object>
	<object>
		<name>ref_coin</name>
		<bndbox>
			<xmin>3762</xmin>
			<ymin>1658</ymin>
			<xmax>4175</xmax>
			<ymax>2070</ymax>
		</bndbox>
	</object>
	<object>
		<name>dish</name>
		<bndbox>
			<xmin>1737</xmin>
			<ymin>76</ymin>
			<xmax>3717</xmax>
			<ymax>2048</ymax>
		</bndbox>
	</object>
	<object>
		<name>콩밥</name>
		<bndbox>
			<xmin>1970</xmin>
			<ymin>354</ymin>
			<xmax>3462</xmax>
			<ymax>1846</ymax>
		</bndbox>
	</object>
</annotation>