<annotation>
	<folder>side국류원형배달육개장q3</folder>
	<filename>side_국류_원형배달_육개장_Q3_00039.JPG</filename>
	<path>/side국류원형배달육개장q3/side_국류_원형배달_육개장_Q3_00039.JPG</path>
	<source>
		<database>fooddata</database>
	</source>
	<size>
		<width>3008</width>
		<height>2000</height>
		<depth>3</depth>
	</size>
	<object>
		<name>ref_spoon</name>
		<bndbox>
			<xmin>131</xmin>
			<ymin>487</ymin>
			<xmax>419</xmax>
			<ymax>875</ymax>
		</bndbox>
	</object>
	<object>
		<name>ref_fork</name>
		<bndbox>
			<xmin>530</xmin>
			<ymin>528</ymin>
			<xmax>744</xmax>
			<ymax>952</ymax>
		</bndbox>
	</object>
	<object>
		<name>ref_coin</name>
		<bndbox>
			<xmin>2652</xmin>
			<ymin>1524</ymin>
			<xmax>2884</xmax>
			<ymax>1712</ymax>
		</bndbox>
	</object>
	<object>
		<name>dish</name>
		<bndbox>
			<xmin>958</xmin>
			<ymin>207</ymin>
			<xmax>2408</xmax>
			<ymax>1502</ymax>
		</bndbox>
	</object>
	<object>
		<name>육개장</name>
		<bndbox>
			<xmin>1050</xmin>
			<ymin>469</ymin>
			<xmax>2279</xmax>
			<ymax>1133</ymax>
		</bndbox>
	</object>
</annotation>