<annotation>
	<folder>side국류원형배달육개장q3</folder>
	<filename>side_국류_원형배달_육개장_Q3_00038.JPG</filename>
	<path>/side국류원형배달육개장q3/side_국류_원형배달_육개장_Q3_00038.JPG</path>
	<source>
		<database>fooddata</database>
	</source>
	<size>
		<width>3008</width>
		<height>2000</height>
		<depth>3</depth>
	</size>
	<object>
		<name>ref_spoon</name>
		<bndbox>
			<xmin>168</xmin>
			<ymin>369</ymin>
			<xmax>471</xmax>
			<ymax>753</ymax>
		</bndbox>
	</object>
	<object>
		<name>ref_fork</name>
		<bndbox>
			<xmin>589</xmin>
			<ymin>410</ymin>
			<xmax>796</xmax>
			<ymax>852</ymax>
		</bndbox>
	</object>
	<object>
		<name>ref_coin</name>
		<bndbox>
			<xmin>2463</xmin>
			<ymin>1664</ymin>
			<xmax>2703</xmax>
			<ymax>1863</ymax>
		</bndbox>
	</object>
	<object>
		<name>dish</name>
		<bndbox>
			<xmin>1032</xmin>
			<ymin>103</ymin>
			<xmax>2537</xmax>
			<ymax>1428</ymax>
		</bndbox>
	</object>
	<object>
		<name>육개장</name>
		<bndbox>
			<xmin>1135</xmin>
			<ymin>373</ymin>
			<xmax>2408</xmax>
			<ymax>1044</ymax>
		</bndbox>
	</object>
</annotation>