<annotation>
	<folder>side국류원형배달육개장q3</folder>
	<filename>side_국류_원형배달_육개장_Q3_00016.JPG</filename>
	<path>/side국류원형배달육개장q3/side_국류_원형배달_육개장_Q3_00016.JPG</path>
	<source>
		<database>fooddata</database>
	</source>
	<size>
		<width>3008</width>
		<height>2000</height>
		<depth>3</depth>
	</size>
	<object>
		<name>ref_spoon</name>
		<bndbox>
			<xmin>1751</xmin>
			<ymin>435</ymin>
			<xmax>2021</xmax>
			<ymax>786</ymax>
		</bndbox>
	</object>
	<object>
		<name>ref_fork</name>
		<bndbox>
			<xmin>2168</xmin>
			<ymin>531</ymin>
			<xmax>2360</xmax>
			<ymax>945</ymax>
		</bndbox>
	</object>
	<object>
		<name>ref_coin</name>
		<bndbox>
			<xmin>928</xmin>
			<ymin>1646</ymin>
			<xmax>1165</xmax>
			<ymax>1827</ymax>
		</bndbox>
	</object>
	<object>
		<name>dish</name>
		<bndbox>
			<xmin>279</xmin>
			<ymin>118</ymin>
			<xmax>1707</xmax>
			<ymax>1380</ymax>
		</bndbox>
	</object>
	<object>
		<name>육개장</name>
		<bndbox>
			<xmin>371</xmin>
			<ymin>424</ymin>
			<xmax>1574</xmax>
			<ymax>1007</ymax>
		</bndbox>
	</object>
</annotation>