<annotation>
	<folder>side국류원형배달육개장q3</folder>
	<filename>side_국류_원형배달_육개장_Q3_00006.JPG</filename>
	<path>/side국류원형배달육개장q3/side_국류_원형배달_육개장_Q3_00006.JPG</path>
	<source>
		<database>fooddata</database>
	</source>
	<size>
		<width>3008</width>
		<height>2000</height>
		<depth>3</depth>
	</size>
	<object>
		<name>ref_spoon</name>
		<bndbox>
			<xmin>2128</xmin>
			<ymin>498</ymin>
			<xmax>2393</xmax>
			<ymax>841</ymax>
		</bndbox>
	</object>
	<object>
		<name>ref_fork</name>
		<bndbox>
			<xmin>2545</xmin>
			<ymin>579</ymin>
			<xmax>2729</xmax>
			<ymax>1000</ymax>
		</bndbox>
	</object>
	<object>
		<name>ref_coin</name>
		<bndbox>
			<xmin>109</xmin>
			<ymin>1166</ymin>
			<xmax>331</xmax>
			<ymax>1336</ymax>
		</bndbox>
	</object>
	<object>
		<name>dish</name>
		<bndbox>
			<xmin>718</xmin>
			<ymin>244</ymin>
			<xmax>2094</xmax>
			<ymax>1465</ymax>
		</bndbox>
	</object>
	<object>
		<name>육개장</name>
		<bndbox>
			<xmin>799</xmin>
			<ymin>539</ymin>
			<xmax>1969</xmax>
			<ymax>1103</ymax>
		</bndbox>
	</object>
</annotation>