<annotation>
	<folder>side국류원형배달육개장q3</folder>
	<filename>side_국류_원형배달_육개장_Q3_00048.JPG</filename>
	<path>/side국류원형배달육개장q3/side_국류_원형배달_육개장_Q3_00048.JPG</path>
	<source>
		<database>fooddata</database>
	</source>
	<size>
		<width>3008</width>
		<height>2000</height>
		<depth>3</depth>
	</size>
	<object>
		<name>ref_spoon</name>
		<bndbox>
			<xmin>689</xmin>
			<ymin>303</ymin>
			<xmax>980</xmax>
			<ymax>672</ymax>
		</bndbox>
	</object>
	<object>
		<name>ref_fork</name>
		<bndbox>
			<xmin>1087</xmin>
			<ymin>339</ymin>
			<xmax>1290</xmax>
			<ymax>775</ymax>
		</bndbox>
	</object>
	<object>
		<name>ref_coin</name>
		<bndbox>
			<xmin>102</xmin>
			<ymin>1221</ymin>
			<xmax>331</xmax>
			<ymax>1399</ymax>
		</bndbox>
	</object>
	<object>
		<name>dish</name>
		<bndbox>
			<xmin>1386</xmin>
			<ymin>159</ymin>
			<xmax>2851</xmax>
			<ymax>1472</ymax>
		</bndbox>
	</object>
	<object>
		<name>육개장</name>
		<bndbox>
			<xmin>1478</xmin>
			<ymin>461</ymin>
			<xmax>2718</xmax>
			<ymax>1103</ymax>
		</bndbox>
	</object>
</annotation>