<annotation>
	<folder>side국류원형배달육개장q3</folder>
	<filename>side_국류_원형배달_육개장_Q3_00008.JPG</filename>
	<path>/side국류원형배달육개장q3/side_국류_원형배달_육개장_Q3_00008.JPG</path>
	<source>
		<database>fooddata</database>
	</source>
	<size>
		<width>3008</width>
		<height>2000</height>
		<depth>3</depth>
	</size>
	<object>
		<name>ref_spoon</name>
		<bndbox>
			<xmin>1855</xmin>
			<ymin>646</ymin>
			<xmax>2153</xmax>
			<ymax>1044</ymax>
		</bndbox>
	</object>
	<object>
		<name>ref_fork</name>
		<bndbox>
			<xmin>2323</xmin>
			<ymin>756</ymin>
			<xmax>2530</xmax>
			<ymax>1196</ymax>
		</bndbox>
	</object>
	<object>
		<name>ref_coin</name>
		<bndbox>
			<xmin>1153</xmin>
			<ymin>225</ymin>
			<xmax>1356</xmax>
			<ymax>369</ymax>
		</bndbox>
	</object>
	<object>
		<name>dish</name>
		<bndbox>
			<xmin>102</xmin>
			<ymin>417</ymin>
			<xmax>1681</xmax>
			<ymax>1827</ymax>
		</bndbox>
	</object>
	<object>
		<name>육개장</name>
		<bndbox>
			<xmin>209</xmin>
			<ymin>734</ymin>
			<xmax>1556</xmax>
			<ymax>1417</ymax>
		</bndbox>
	</object>
</annotation>