<annotation>
	<folder>side국류원형배달육개장q3</folder>
	<filename>side_국류_원형배달_육개장_Q3_00041.JPG</filename>
	<path>/side국류원형배달육개장q3/side_국류_원형배달_육개장_Q3_00041.JPG</path>
	<source>
		<database>fooddata</database>
	</source>
	<size>
		<width>3008</width>
		<height>2000</height>
		<depth>3</depth>
	</size>
	<object>
		<name>ref_spoon</name>
		<bndbox>
			<xmin>319</xmin>
			<ymin>565</ymin>
			<xmax>607</xmax>
			<ymax>937</ymax>
		</bndbox>
	</object>
	<object>
		<name>ref_fork</name>
		<bndbox>
			<xmin>722</xmin>
			<ymin>590</ymin>
			<xmax>928</xmax>
			<ymax>1026</ymax>
		</bndbox>
	</object>
	<object>
		<name>ref_coin</name>
		<bndbox>
			<xmin>1264</xmin>
			<ymin>177</ymin>
			<xmax>1460</xmax>
			<ymax>310</ymax>
		</bndbox>
	</object>
	<object>
		<name>dish</name>
		<bndbox>
			<xmin>1039</xmin>
			<ymin>358</ymin>
			<xmax>2515</xmax>
			<ymax>1683</ymax>
		</bndbox>
	</object>
	<object>
		<name>육개장</name>
		<bndbox>
			<xmin>1135</xmin>
			<ymin>661</ymin>
			<xmax>2386</xmax>
			<ymax>1303</ymax>
		</bndbox>
	</object>
</annotation>