<annotation>
	<folder>side국류원형배달육개장q3</folder>
	<filename>side_국류_원형배달_육개장_Q3_00047.JPG</filename>
	<path>/side국류원형배달육개장q3/side_국류_원형배달_육개장_Q3_00047.JPG</path>
	<source>
		<database>fooddata</database>
	</source>
	<size>
		<width>3008</width>
		<height>2000</height>
		<depth>3</depth>
	</size>
	<object>
		<name>ref_spoon</name>
		<bndbox>
			<xmin>644</xmin>
			<ymin>336</ymin>
			<xmax>936</xmax>
			<ymax>716</ymax>
		</bndbox>
	</object>
	<object>
		<name>ref_fork</name>
		<bndbox>
			<xmin>1050</xmin>
			<ymin>365</ymin>
			<xmax>1253</xmax>
			<ymax>797</ymax>
		</bndbox>
	</object>
	<object>
		<name>ref_coin</name>
		<bndbox>
			<xmin>76</xmin>
			<ymin>1015</ymin>
			<xmax>308</xmax>
			<ymax>1188</ymax>
		</bndbox>
	</object>
	<object>
		<name>dish</name>
		<bndbox>
			<xmin>1353</xmin>
			<ymin>155</ymin>
			<xmax>2843</xmax>
			<ymax>1494</ymax>
		</bndbox>
	</object>
	<object>
		<name>육개장</name>
		<bndbox>
			<xmin>1449</xmin>
			<ymin>483</ymin>
			<xmax>2700</xmax>
			<ymax>1118</ymax>
		</bndbox>
	</object>
</annotation>