<annotation>
	<folder>side국류원형배달육개장q3</folder>
	<filename>side_국류_원형배달_육개장_Q3_00032.JPG</filename>
	<path>/side국류원형배달육개장q3/side_국류_원형배달_육개장_Q3_00032.JPG</path>
	<source>
		<database>fooddata</database>
	</source>
	<size>
		<width>3008</width>
		<height>2000</height>
		<depth>3</depth>
	</size>
	<object>
		<name>ref_spoon</name>
		<bndbox>
			<xmin>567</xmin>
			<ymin>1583</ymin>
			<xmax>1024</xmax>
			<ymax>1863</ymax>
		</bndbox>
	</object>
	<object>
		<name>ref_fork</name>
		<bndbox>
			<xmin>663</xmin>
			<ymin>1321</ymin>
			<xmax>1168</xmax>
			<ymax>1590</ymax>
		</bndbox>
	</object>
	<object>
		<name>ref_coin</name>
		<bndbox>
			<xmin>209</xmin>
			<ymin>587</ymin>
			<xmax>423</xmax>
			<ymax>742</ymax>
		</bndbox>
	</object>
	<object>
		<name>dish</name>
		<bndbox>
			<xmin>858</xmin>
			<ymin>89</ymin>
			<xmax>2216</xmax>
			<ymax>1299</ymax>
		</bndbox>
	</object>
	<object>
		<name>육개장</name>
		<bndbox>
			<xmin>947</xmin>
			<ymin>369</ymin>
			<xmax>2091</xmax>
			<ymax>952</ymax>
		</bndbox>
	</object>
</annotation>