<annotation>
	<folder>top국류원형배달육개장q3</folder>
	<filename>top_국류_원형배달_육개장_Q3_00019.JPG</filename>
	<path>/top국류원형배달육개장q3/top_국류_원형배달_육개장_Q3_00019.JPG</path>
	<source>
		<database>fooddata</database>
	</source>
	<size>
		<width>3008</width>
		<height>2000</height>
		<depth>3</depth>
	</size>
	<object>
		<name>ref_spoon</name>
		<bndbox>
			<xmin>630</xmin>
			<ymin>1577</ymin>
			<xmax>1037</xmax>
			<ymax>1841</ymax>
		</bndbox>
	</object>
	<object>
		<name>ref_fork</name>
		<bndbox>
			<xmin>701</xmin>
			<ymin>1343</ymin>
			<xmax>1108</xmax>
			<ymax>1536</ymax>
		</bndbox>
	</object>
	<object>
		<name>ref_coin</name>
		<bndbox>
			<xmin>513</xmin>
			<ymin>708</ymin>
			<xmax>706</xmax>
			<ymax>896</ymax>
		</bndbox>
	</object>
	<object>
		<name>dish</name>
		<bndbox>
			<xmin>874</xmin>
			<ymin>83</ymin>
			<xmax>2124</xmax>
			<ymax>1307</ymax>
		</bndbox>
	</object>
	<object>
		<name>육개장</name>
		<bndbox>
			<xmin>976</xmin>
			<ymin>240</ymin>
			<xmax>2002</xmax>
			<ymax>1241</ymax>
		</bndbox>
	</object>
</annotation>