<annotation>
	<folder>top국류원형배달육개장q3</folder>
	<filename>top_국류_원형배달_육개장_Q3_00037.JPG</filename>
	<path>/top국류원형배달육개장q3/top_국류_원형배달_육개장_Q3_00037.JPG</path>
	<source>
		<database>fooddata</database>
	</source>
	<size>
		<width>3008</width>
		<height>2000</height>
		<depth>3</depth>
	</size>
	<object>
		<name>ref_spoon</name>
		<bndbox>
			<xmin>325</xmin>
			<ymin>337</ymin>
			<xmax>610</xmax>
			<ymax>743</ymax>
		</bndbox>
	</object>
	<object>
		<name>ref_fork</name>
		<bndbox>
			<xmin>706</xmin>
			<ymin>337</ymin>
			<xmax>915</xmax>
			<ymax>784</ymax>
		</bndbox>
	</object>
	<object>
		<name>ref_coin</name>
		<bndbox>
			<xmin>1860</xmin>
			<ymin>1511</ymin>
			<xmax>2063</xmax>
			<ymax>1719</ymax>
		</bndbox>
	</object>
	<object>
		<name>dish</name>
		<bndbox>
			<xmin>965</xmin>
			<ymin>144</ymin>
			<xmax>2302</xmax>
			<ymax>1465</ymax>
		</bndbox>
	</object>
	<object>
		<name>육개장</name>
		<bndbox>
			<xmin>1062</xmin>
			<ymin>296</ymin>
			<xmax>2134</xmax>
			<ymax>1394</ymax>
		</bndbox>
	</object>
</annotation>