<annotation>
	<folder>top국류원형배달육개장q3</folder>
	<filename>top_국류_원형배달_육개장_Q3_00017.JPG</filename>
	<path>/top국류원형배달육개장q3/top_국류_원형배달_육개장_Q3_00017.JPG</path>
	<source>
		<database>fooddata</database>
	</source>
	<size>
		<width>3008</width>
		<height>2000</height>
		<depth>3</depth>
	</size>
	<object>
		<name>ref_spoon</name>
		<bndbox>
			<xmin>2017</xmin>
			<ymin>342</ymin>
			<xmax>2276</xmax>
			<ymax>738</ymax>
		</bndbox>
	</object>
	<object>
		<name>ref_fork</name>
		<bndbox>
			<xmin>2373</xmin>
			<ymin>459</ymin>
			<xmax>2591</xmax>
			<ymax>886</ymax>
		</bndbox>
	</object>
	<object>
		<name>ref_coin</name>
		<bndbox>
			<xmin>168</xmin>
			<ymin>1089</ymin>
			<xmax>386</xmax>
			<ymax>1292</ymax>
		</bndbox>
	</object>
	<object>
		<name>dish</name>
		<bndbox>
			<xmin>620</xmin>
			<ymin>317</ymin>
			<xmax>2022</xmax>
			<ymax>1699</ymax>
		</bndbox>
	</object>
	<object>
		<name>육개장</name>
		<bndbox>
			<xmin>701</xmin>
			<ymin>459</ymin>
			<xmax>1880</xmax>
			<ymax>1602</ymax>
		</bndbox>
	</object>
</annotation>