<annotation>
	<folder>top국류원형배달육개장q3</folder>
	<filename>top_국류_원형배달_육개장_Q3_00040.JPG</filename>
	<path>/top국류원형배달육개장q3/top_국류_원형배달_육개장_Q3_00040.JPG</path>
	<source>
		<database>fooddata</database>
	</source>
	<size>
		<width>3008</width>
		<height>2000</height>
		<depth>3</depth>
	</size>
	<object>
		<name>ref_spoon</name>
		<bndbox>
			<xmin>234</xmin>
			<ymin>347</ymin>
			<xmax>564</xmax>
			<ymax>784</ymax>
		</bndbox>
	</object>
	<object>
		<name>ref_fork</name>
		<bndbox>
			<xmin>655</xmin>
			<ymin>352</ymin>
			<xmax>894</xmax>
			<ymax>835</ymax>
		</bndbox>
	</object>
	<object>
		<name>ref_coin</name>
		<bndbox>
			<xmin>2530</xmin>
			<ymin>865</ymin>
			<xmax>2739</xmax>
			<ymax>1079</ymax>
		</bndbox>
	</object>
	<object>
		<name>dish</name>
		<bndbox>
			<xmin>950</xmin>
			<ymin>124</ymin>
			<xmax>2414</xmax>
			<ymax>1556</ymax>
		</bndbox>
	</object>
	<object>
		<name>육개장</name>
		<bndbox>
			<xmin>1037</xmin>
			<ymin>276</ymin>
			<xmax>2236</xmax>
			<ymax>1465</ymax>
		</bndbox>
	</object>
</annotation>