<annotation>
	<folder>top국류원형배달육개장q3</folder>
	<filename>top_국류_원형배달_육개장_Q3_00031.JPG</filename>
	<path>/top국류원형배달육개장q3/top_국류_원형배달_육개장_Q3_00031.JPG</path>
	<source>
		<database>fooddata</database>
	</source>
	<size>
		<width>3008</width>
		<height>2000</height>
		<depth>3</depth>
	</size>
	<object>
		<name>ref_spoon</name>
		<bndbox>
			<xmin>808</xmin>
			<ymin>1541</ymin>
			<xmax>1194</xmax>
			<ymax>1795</ymax>
		</bndbox>
	</object>
	<object>
		<name>ref_fork</name>
		<bndbox>
			<xmin>864</xmin>
			<ymin>1297</ymin>
			<xmax>1286</xmax>
			<ymax>1475</ymax>
		</bndbox>
	</object>
	<object>
		<name>ref_coin</name>
		<bndbox>
			<xmin>727</xmin>
			<ymin>1038</ymin>
			<xmax>915</xmax>
			<ymax>1211</ymax>
		</bndbox>
	</object>
	<object>
		<name>dish</name>
		<bndbox>
			<xmin>894</xmin>
			<ymin>93</ymin>
			<xmax>2058</xmax>
			<ymax>1221</ymax>
		</bndbox>
	</object>
	<object>
		<name>육개장</name>
		<bndbox>
			<xmin>986</xmin>
			<ymin>256</ymin>
			<xmax>1926</xmax>
			<ymax>1185</ymax>
		</bndbox>
	</object>
</annotation>