<annotation>
	<folder>top국류원형배달육개장q3</folder>
	<filename>top_국류_원형배달_육개장_Q3_00010.JPG</filename>
	<path>/top국류원형배달육개장q3/top_국류_원형배달_육개장_Q3_00010.JPG</path>
	<source>
		<database>fooddata</database>
	</source>
	<size>
		<width>3008</width>
		<height>2000</height>
		<depth>3</depth>
	</size>
	<object>
		<name>ref_spoon</name>
		<bndbox>
			<xmin>1982</xmin>
			<ymin>276</ymin>
			<xmax>2266</xmax>
			<ymax>703</ymax>
		</bndbox>
	</object>
	<object>
		<name>ref_fork</name>
		<bndbox>
			<xmin>2383</xmin>
			<ymin>378</ymin>
			<xmax>2591</xmax>
			<ymax>835</ymax>
		</bndbox>
	</object>
	<object>
		<name>ref_coin</name>
		<bndbox>
			<xmin>869</xmin>
			<ymin>164</ymin>
			<xmax>1077</xmax>
			<ymax>357</ymax>
		</bndbox>
	</object>
	<object>
		<name>dish</name>
		<bndbox>
			<xmin>183</xmin>
			<ymin>454</ymin>
			<xmax>1728</xmax>
			<ymax>1958</ymax>
		</bndbox>
	</object>
	<object>
		<name>육개장</name>
		<bndbox>
			<xmin>335</xmin>
			<ymin>596</ymin>
			<xmax>1595</xmax>
			<ymax>1851</ymax>
		</bndbox>
	</object>
</annotation>