<annotation>
	<folder>side기타튀김접시새우튀김q4</folder>
	<filename>side_기타튀김_접시_새우튀김_Q4_00051.JPG</filename>
	<path>/side기타튀김접시새우튀김q4/side_기타튀김_접시_새우튀김_Q4_00051.JPG</path>
	<source>
		<database>fooddata</database>
	</source>
	<size>
		<width>3008</width>
		<height>2000</height>
		<depth>3</depth>
	</size>
	<object>
		<name>ref_spoon</name>
		<bndbox>
			<xmin>74</xmin>
			<ymin>621</ymin>
			<xmax>386</xmax>
			<ymax>991</ymax>
		</bndbox>
	</object>
	<object>
		<name>ref_fork</name>
		<bndbox>
			<xmin>557</xmin>
			<ymin>632</ymin>
			<xmax>764</xmax>
			<ymax>1071</ymax>
		</bndbox>
	</object>
	<object>
		<name>ref_coin</name>
		<bndbox>
			<xmin>2332</xmin>
			<ymin>396</ymin>
			<xmax>2549</xmax>
			<ymax>544</ymax>
		</bndbox>
	</object>
	<object>
		<name>dish</name>
		<bndbox>
			<xmin>963</xmin>
			<ymin>417</ymin>
			<xmax>2506</xmax>
			<ymax>1419</ymax>
		</bndbox>
	</object>
	<object>
		<name>새우튀김</name>
		<bndbox>
			<xmin>1250</xmin>
			<ymin>396</ymin>
			<xmax>2226</xmax>
			<ymax>1285</ymax>
		</bndbox>
	</object>
</annotation>