<annotation>
	<folder>side기타튀김접시새우튀김q4</folder>
	<filename>side_기타튀김_접시_새우튀김_Q4_00025.JPG</filename>
	<path>/side기타튀김접시새우튀김q4/side_기타튀김_접시_새우튀김_Q4_00025.JPG</path>
	<source>
		<database>fooddata</database>
	</source>
	<size>
		<width>3008</width>
		<height>2000</height>
		<depth>3</depth>
	</size>
	<object>
		<name>ref_spoon</name>
		<bndbox>
			<xmin>1054</xmin>
			<ymin>1521</ymin>
			<xmax>1519</xmax>
			<ymax>1771</ymax>
		</bndbox>
	</object>
	<object>
		<name>ref_fork</name>
		<bndbox>
			<xmin>1058</xmin>
			<ymin>1307</ymin>
			<xmax>1562</xmax>
			<ymax>1521</ymax>
		</bndbox>
	</object>
	<object>
		<name>ref_coin</name>
		<bndbox>
			<xmin>535</xmin>
			<ymin>751</ymin>
			<xmax>756</xmax>
			<ymax>904</ymax>
		</bndbox>
	</object>
	<object>
		<name>dish</name>
		<bndbox>
			<xmin>1090</xmin>
			<ymin>207</ymin>
			<xmax>2520</xmax>
			<ymax>1118</ymax>
		</bndbox>
	</object>
	<object>
		<name>새우튀김</name>
		<bndbox>
			<xmin>1286</xmin>
			<ymin>399</ymin>
			<xmax>2346</xmax>
			<ymax>991</ymax>
		</bndbox>
	</object>
</annotation>