<annotation>
	<folder>side기타튀김접시새우튀김q4</folder>
	<filename>side_기타튀김_접시_새우튀김_Q4_00035.JPG</filename>
	<path>/side기타튀김접시새우튀김q4/side_기타튀김_접시_새우튀김_Q4_00035.JPG</path>
	<source>
		<database>fooddata</database>
	</source>
	<size>
		<width>3008</width>
		<height>2000</height>
		<depth>3</depth>
	</size>
	<object>
		<name>ref_spoon</name>
		<bndbox>
			<xmin>313</xmin>
			<ymin>490</ymin>
			<xmax>615</xmax>
			<ymax>864</ymax>
		</bndbox>
	</object>
	<object>
		<name>ref_fork</name>
		<bndbox>
			<xmin>771</xmin>
			<ymin>505</ymin>
			<xmax>981</xmax>
			<ymax>940</ymax>
		</bndbox>
	</object>
	<object>
		<name>ref_coin</name>
		<bndbox>
			<xmin>1188</xmin>
			<ymin>1361</ymin>
			<xmax>1431</xmax>
			<ymax>1539</ymax>
		</bndbox>
	</object>
	<object>
		<name>dish</name>
		<bndbox>
			<xmin>1141</xmin>
			<ymin>309</ymin>
			<xmax>2666</xmax>
			<ymax>1307</ymax>
		</bndbox>
	</object>
	<object>
		<name>새우튀김</name>
		<bndbox>
			<xmin>1352</xmin>
			<ymin>457</ymin>
			<xmax>2292</xmax>
			<ymax>1143</ymax>
		</bndbox>
	</object>
</annotation>