<annotation>
	<folder>side기타튀김접시새우튀김q4</folder>
	<filename>side_기타튀김_접시_새우튀김_Q4_00043.JPG</filename>
	<path>/side기타튀김접시새우튀김q4/side_기타튀김_접시_새우튀김_Q4_00043.JPG</path>
	<source>
		<database>fooddata</database>
	</source>
	<size>
		<width>3008</width>
		<height>2000</height>
		<depth>3</depth>
	</size>
	<object>
		<name>ref_spoon</name>
		<bndbox>
			<xmin>459</xmin>
			<ymin>610</ymin>
			<xmax>738</xmax>
			<ymax>955</ymax>
		</bndbox>
	</object>
	<object>
		<name>ref_fork</name>
		<bndbox>
			<xmin>901</xmin>
			<ymin>577</ymin>
			<xmax>1097</xmax>
			<ymax>976</ymax>
		</bndbox>
	</object>
	<object>
		<name>ref_coin</name>
		<bndbox>
			<xmin>2506</xmin>
			<ymin>218</ymin>
			<xmax>2709</xmax>
			<ymax>348</ymax>
		</bndbox>
	</object>
	<object>
		<name>dish</name>
		<bndbox>
			<xmin>1221</xmin>
			<ymin>265</ymin>
			<xmax>2644</xmax>
			<ymax>1172</ymax>
		</bndbox>
	</object>
	<object>
		<name>새우튀김</name>
		<bndbox>
			<xmin>1402</xmin>
			<ymin>367</ymin>
			<xmax>2335</xmax>
			<ymax>969</ymax>
		</bndbox>
	</object>
</annotation>