<annotation>
	<folder>side기타튀김접시새우튀김q4</folder>
	<filename>side_기타튀김_접시_새우튀김_Q4_00049.JPG</filename>
	<path>/side기타튀김접시새우튀김q4/side_기타튀김_접시_새우튀김_Q4_00049.JPG</path>
	<source>
		<database>fooddata</database>
	</source>
	<size>
		<width>3008</width>
		<height>2000</height>
		<depth>3</depth>
	</size>
	<object>
		<name>ref_spoon</name>
		<bndbox>
			<xmin>96</xmin>
			<ymin>693</ymin>
			<xmax>390</xmax>
			<ymax>1045</ymax>
		</bndbox>
	</object>
	<object>
		<name>ref_fork</name>
		<bndbox>
			<xmin>535</xmin>
			<ymin>708</ymin>
			<xmax>734</xmax>
			<ymax>1111</ymax>
		</bndbox>
	</object>
	<object>
		<name>ref_coin</name>
		<bndbox>
			<xmin>2546</xmin>
			<ymin>1060</ymin>
			<xmax>2760</xmax>
			<ymax>1216</ymax>
		</bndbox>
	</object>
	<object>
		<name>dish</name>
		<bndbox>
			<xmin>923</xmin>
			<ymin>519</ymin>
			<xmax>2361</xmax>
			<ymax>1456</ymax>
		</bndbox>
	</object>
	<object>
		<name>새우튀김</name>
		<bndbox>
			<xmin>1145</xmin>
			<ymin>613</ymin>
			<xmax>2226</xmax>
			<ymax>1361</ymax>
		</bndbox>
	</object>
</annotation>