<annotation>
	<folder>side기타튀김접시새우튀김q4</folder>
	<filename>side_기타튀김_접시_새우튀김_Q4_00021.JPG</filename>
	<path>/side기타튀김접시새우튀김q4/side_기타튀김_접시_새우튀김_Q4_00021.JPG</path>
	<source>
		<database>fooddata</database>
	</source>
	<size>
		<width>3008</width>
		<height>2000</height>
		<depth>3</depth>
	</size>
	<object>
		<name>ref_spoon</name>
		<bndbox>
			<xmin>803</xmin>
			<ymin>1583</ymin>
			<xmax>1290</xmax>
			<ymax>1851</ymax>
		</bndbox>
	</object>
	<object>
		<name>ref_fork</name>
		<bndbox>
			<xmin>822</xmin>
			<ymin>1361</ymin>
			<xmax>1344</xmax>
			<ymax>1593</ymax>
		</bndbox>
	</object>
	<object>
		<name>ref_coin</name>
		<bndbox>
			<xmin>1885</xmin>
			<ymin>134</ymin>
			<xmax>2099</xmax>
			<ymax>279</ymax>
		</bndbox>
	</object>
	<object>
		<name>dish</name>
		<bndbox>
			<xmin>734</xmin>
			<ymin>261</ymin>
			<xmax>2270</xmax>
			<ymax>1252</ymax>
		</bndbox>
	</object>
	<object>
		<name>새우튀김</name>
		<bndbox>
			<xmin>818</xmin>
			<ymin>381</ymin>
			<xmax>1958</xmax>
			<ymax>1024</ymax>
		</bndbox>
	</object>
</annotation>