<annotation>
	<folder>side기타튀김접시새우튀김q4</folder>
	<filename>side_기타튀김_접시_새우튀김_Q4_00048.JPG</filename>
	<path>/side기타튀김접시새우튀김q4/side_기타튀김_접시_새우튀김_Q4_00048.JPG</path>
	<source>
		<database>fooddata</database>
	</source>
	<size>
		<width>3008</width>
		<height>2000</height>
		<depth>3</depth>
	</size>
	<object>
		<name>ref_spoon</name>
		<bndbox>
			<xmin>168</xmin>
			<ymin>679</ymin>
			<xmax>451</xmax>
			<ymax>1024</ymax>
		</bndbox>
	</object>
	<object>
		<name>ref_fork</name>
		<bndbox>
			<xmin>597</xmin>
			<ymin>697</ymin>
			<xmax>793</xmax>
			<ymax>1082</ymax>
		</bndbox>
	</object>
	<object>
		<name>ref_coin</name>
		<bndbox>
			<xmin>2531</xmin>
			<ymin>1209</ymin>
			<xmax>2742</xmax>
			<ymax>1361</ymax>
		</bndbox>
	</object>
	<object>
		<name>dish</name>
		<bndbox>
			<xmin>981</xmin>
			<ymin>505</ymin>
			<xmax>2382</xmax>
			<ymax>1390</ymax>
		</bndbox>
	</object>
	<object>
		<name>새우튀김</name>
		<bndbox>
			<xmin>1199</xmin>
			<ymin>592</ymin>
			<xmax>2205</xmax>
			<ymax>1270</ymax>
		</bndbox>
	</object>
</annotation>