<annotation>
	<folder>side기타튀김접시새우튀김q4</folder>
	<filename>side_기타튀김_접시_새우튀김_Q4_00007.JPG</filename>
	<path>/side기타튀김접시새우튀김q4/side_기타튀김_접시_새우튀김_Q4_00007.JPG</path>
	<source>
		<database>fooddata</database>
	</source>
	<size>
		<width>3008</width>
		<height>2000</height>
		<depth>3</depth>
	</size>
	<object>
		<name>ref_spoon</name>
		<bndbox>
			<xmin>2114</xmin>
			<ymin>317</ymin>
			<xmax>2405</xmax>
			<ymax>672</ymax>
		</bndbox>
	</object>
	<object>
		<name>ref_fork</name>
		<bndbox>
			<xmin>2508</xmin>
			<ymin>342</ymin>
			<xmax>2728</xmax>
			<ymax>746</ymax>
		</bndbox>
	</object>
	<object>
		<name>ref_coin</name>
		<bndbox>
			<xmin>28</xmin>
			<ymin>934</ymin>
			<xmax>270</xmax>
			<ymax>1098</ymax>
		</bndbox>
	</object>
	<object>
		<name>dish</name>
		<bndbox>
			<xmin>536</xmin>
			<ymin>565</ymin>
			<xmax>2125</xmax>
			<ymax>1626</ymax>
		</bndbox>
	</object>
	<object>
		<name>새우튀김</name>
		<bndbox>
			<xmin>819</xmin>
			<ymin>658</ymin>
			<xmax>1958</xmax>
			<ymax>1339</ymax>
		</bndbox>
	</object>
</annotation>