<annotation>
	<folder>top기타튀김접시새우튀김q4</folder>
	<filename>top_기타튀김_접시_새우튀김_Q4_00038.JPG</filename>
	<path>/top기타튀김접시새우튀김q4/top_기타튀김_접시_새우튀김_Q4_00038.JPG</path>
	<source>
		<database>fooddata</database>
	</source>
	<size>
		<width>3008</width>
		<height>2000</height>
		<depth>3</depth>
	</size>
	<object>
		<name>ref_spoon</name>
		<bndbox>
			<xmin>683</xmin>
			<ymin>241</ymin>
			<xmax>931</xmax>
			<ymax>620</ymax>
		</bndbox>
	</object>
	<object>
		<name>ref_fork</name>
		<bndbox>
			<xmin>989</xmin>
			<ymin>314</ymin>
			<xmax>1176</xmax>
			<ymax>759</ymax>
		</bndbox>
	</object>
	<object>
		<name>ref_coin</name>
		<bndbox>
			<xmin>2435</xmin>
			<ymin>1285</ymin>
			<xmax>2632</xmax>
			<ymax>1478</ymax>
		</bndbox>
	</object>
	<object>
		<name>dish</name>
		<bndbox>
			<xmin>1340</xmin>
			<ymin>252</ymin>
			<xmax>2573</xmax>
			<ymax>1474</ymax>
		</bndbox>
	</object>
	<object>
		<name>새우튀김</name>
		<bndbox>
			<xmin>1504</xmin>
			<ymin>420</ymin>
			<xmax>2409</xmax>
			<ymax>1131</ymax>
		</bndbox>
	</object>
</annotation>