<annotation>
	<folder>top기타튀김접시새우튀김q4</folder>
	<filename>top_기타튀김_접시_새우튀김_Q4_00006.JPG</filename>
	<path>/top기타튀김접시새우튀김q4/top_기타튀김_접시_새우튀김_Q4_00006.JPG</path>
	<source>
		<database>fooddata</database>
	</source>
	<size>
		<width>3008</width>
		<height>2000</height>
		<depth>3</depth>
	</size>
	<object>
		<name>ref_spoon</name>
		<bndbox>
			<xmin>2154</xmin>
			<ymin>193</ymin>
			<xmax>2416</xmax>
			<ymax>609</ymax>
		</bndbox>
	</object>
	<object>
		<name>ref_fork</name>
		<bndbox>
			<xmin>2453</xmin>
			<ymin>266</ymin>
			<xmax>2646</xmax>
			<ymax>704</ymax>
		</bndbox>
	</object>
	<object>
		<name>ref_coin</name>
		<bndbox>
			<xmin>453</xmin>
			<ymin>774</ymin>
			<xmax>646</xmax>
			<ymax>960</ymax>
		</bndbox>
	</object>
	<object>
		<name>dish</name>
		<bndbox>
			<xmin>752</xmin>
			<ymin>453</ymin>
			<xmax>2095</xmax>
			<ymax>1792</ymax>
		</bndbox>
	</object>
	<object>
		<name>새우튀김</name>
		<bndbox>
			<xmin>1117</xmin>
			<ymin>588</ymin>
			<xmax>1975</xmax>
			<ymax>1515</ymax>
		</bndbox>
	</object>
</annotation>