<annotation>
	<folder>top기타튀김접시새우튀김q4</folder>
	<filename>top_기타튀김_접시_새우튀김_Q4_00015.JPG</filename>
	<path>/top기타튀김접시새우튀김q4/top_기타튀김_접시_새우튀김_Q4_00015.JPG</path>
	<source>
		<database>fooddata</database>
	</source>
	<size>
		<width>3008</width>
		<height>2000</height>
		<depth>3</depth>
	</size>
	<object>
		<name>ref_spoon</name>
		<bndbox>
			<xmin>1913</xmin>
			<ymin>91</ymin>
			<xmax>2172</xmax>
			<ymax>489</ymax>
		</bndbox>
	</object>
	<object>
		<name>ref_fork</name>
		<bndbox>
			<xmin>2219</xmin>
			<ymin>131</ymin>
			<xmax>2391</xmax>
			<ymax>569</ymax>
		</bndbox>
	</object>
	<object>
		<name>ref_coin</name>
		<bndbox>
			<xmin>1121</xmin>
			<ymin>1631</ymin>
			<xmax>1311</xmax>
			<ymax>1818</ymax>
		</bndbox>
	</object>
	<object>
		<name>dish</name>
		<bndbox>
			<xmin>665</xmin>
			<ymin>255</ymin>
			<xmax>1913</xmax>
			<ymax>1504</ymax>
		</bndbox>
	</object>
	<object>
		<name>새우튀김</name>
		<bndbox>
			<xmin>931</xmin>
			<ymin>376</ymin>
			<xmax>1836</xmax>
			<ymax>1234</ymax>
		</bndbox>
	</object>
</annotation>