<annotation>
	<folder>top기타튀김접시새우튀김q4</folder>
	<filename>top_기타튀김_접시_새우튀김_Q4_00023.JPG</filename>
	<path>/top기타튀김접시새우튀김q4/top_기타튀김_접시_새우튀김_Q4_00023.JPG</path>
	<source>
		<database>fooddata</database>
	</source>
	<size>
		<width>3008</width>
		<height>2000</height>
		<depth>3</depth>
	</size>
	<object>
		<name>ref_spoon</name>
		<bndbox>
			<xmin>960</xmin>
			<ymin>1690</ymin>
			<xmax>1311</xmax>
			<ymax>1927</ymax>
		</bndbox>
	</object>
	<object>
		<name>ref_fork</name>
		<bndbox>
			<xmin>1026</xmin>
			<ymin>1489</ymin>
			<xmax>1376</xmax>
			<ymax>1646</ymax>
		</bndbox>
	</object>
	<object>
		<name>ref_coin</name>
		<bndbox>
			<xmin>1770</xmin>
			<ymin>73</ymin>
			<xmax>1924</xmax>
			<ymax>230</ymax>
		</bndbox>
	</object>
	<object>
		<name>dish</name>
		<bndbox>
			<xmin>1194</xmin>
			<ymin>380</ymin>
			<xmax>2249</xmax>
			<ymax>1423</ymax>
		</bndbox>
	</object>
	<object>
		<name>새우튀김</name>
		<bndbox>
			<xmin>1468</xmin>
			<ymin>511</ymin>
			<xmax>2143</xmax>
			<ymax>1266</ymax>
		</bndbox>
	</object>
</annotation>