<annotation>
	<folder>top기타튀김접시새우튀김q4</folder>
	<filename>top_기타튀김_접시_새우튀김_Q4_00044.JPG</filename>
	<path>/top기타튀김접시새우튀김q4/top_기타튀김_접시_새우튀김_Q4_00044.JPG</path>
	<source>
		<database>fooddata</database>
	</source>
	<size>
		<width>3008</width>
		<height>2000</height>
		<depth>3</depth>
	</size>
	<object>
		<name>ref_spoon</name>
		<bndbox>
			<xmin>318</xmin>
			<ymin>391</ymin>
			<xmax>577</xmax>
			<ymax>792</ymax>
		</bndbox>
	</object>
	<object>
		<name>ref_fork</name>
		<bndbox>
			<xmin>654</xmin>
			<ymin>445</ymin>
			<xmax>836</xmax>
			<ymax>876</ymax>
		</bndbox>
	</object>
	<object>
		<name>ref_coin</name>
		<bndbox>
			<xmin>1960</xmin>
			<ymin>128</ymin>
			<xmax>2150</xmax>
			<ymax>299</ymax>
		</bndbox>
	</object>
	<object>
		<name>dish</name>
		<bndbox>
			<xmin>1030</xmin>
			<ymin>325</ymin>
			<xmax>2278</xmax>
			<ymax>1588</ymax>
		</bndbox>
	</object>
	<object>
		<name>새우튀김</name>
		<bndbox>
			<xmin>1238</xmin>
			<ymin>489</ymin>
			<xmax>2055</xmax>
			<ymax>1310</ymax>
		</bndbox>
	</object>
</annotation>