<annotation>
	<folder>top기타튀김접시새우튀김q4</folder>
	<filename>top_기타튀김_접시_새우튀김_Q4_00037.JPG</filename>
	<path>/top기타튀김접시새우튀김q4/top_기타튀김_접시_새우튀김_Q4_00037.JPG</path>
	<source>
		<database>fooddata</database>
	</source>
	<size>
		<width>3008</width>
		<height>2000</height>
		<depth>3</depth>
	</size>
	<object>
		<name>ref_spoon</name>
		<bndbox>
			<xmin>701</xmin>
			<ymin>255</ymin>
			<xmax>957</xmax>
			<ymax>646</ymax>
		</bndbox>
	</object>
	<object>
		<name>ref_fork</name>
		<bndbox>
			<xmin>1022</xmin>
			<ymin>325</ymin>
			<xmax>1190</xmax>
			<ymax>785</ymax>
		</bndbox>
	</object>
	<object>
		<name>ref_coin</name>
		<bndbox>
			<xmin>2391</xmin>
			<ymin>1500</ymin>
			<xmax>2573</xmax>
			<ymax>1693</ymax>
		</bndbox>
	</object>
	<object>
		<name>dish</name>
		<bndbox>
			<xmin>1369</xmin>
			<ymin>263</ymin>
			<xmax>2595</xmax>
			<ymax>1489</ymax>
		</bndbox>
	</object>
	<object>
		<name>새우튀김</name>
		<bndbox>
			<xmin>1500</xmin>
			<ymin>500</ymin>
			<xmax>2471</xmax>
			<ymax>1332</ymax>
		</bndbox>
	</object>
</annotation>