<annotation>
	<folder>top기타튀김접시새우튀김q4</folder>
	<filename>top_기타튀김_접시_새우튀김_Q4_00032.JPG</filename>
	<path>/top기타튀김접시새우튀김q4/top_기타튀김_접시_새우튀김_Q4_00032.JPG</path>
	<source>
		<database>fooddata</database>
	</source>
	<size>
		<width>3008</width>
		<height>2000</height>
		<depth>3</depth>
	</size>
	<object>
		<name>ref_spoon</name>
		<bndbox>
			<xmin>957</xmin>
			<ymin>1547</ymin>
			<xmax>1300</xmax>
			<ymax>1788</ymax>
		</bndbox>
	</object>
	<object>
		<name>ref_fork</name>
		<bndbox>
			<xmin>989</xmin>
			<ymin>1325</ymin>
			<xmax>1354</xmax>
			<ymax>1478</ymax>
		</bndbox>
	</object>
	<object>
		<name>ref_coin</name>
		<bndbox>
			<xmin>2333</xmin>
			<ymin>1303</ymin>
			<xmax>2500</xmax>
			<ymax>1467</ymax>
		</bndbox>
	</object>
	<object>
		<name>dish</name>
		<bndbox>
			<xmin>1066</xmin>
			<ymin>113</ymin>
			<xmax>2157</xmax>
			<ymax>1219</ymax>
		</bndbox>
	</object>
	<object>
		<name>새우튀김</name>
		<bndbox>
			<xmin>1234</xmin>
			<ymin>241</ymin>
			<xmax>2030</xmax>
			<ymax>901</ymax>
		</bndbox>
	</object>
</annotation>