<annotation>
	<folder>top기타튀김접시새우튀김q4</folder>
	<filename>top_기타튀김_접시_새우튀김_Q4_00046.JPG</filename>
	<path>/top기타튀김접시새우튀김q4/top_기타튀김_접시_새우튀김_Q4_00046.JPG</path>
	<source>
		<database>fooddata</database>
	</source>
	<size>
		<width>3008</width>
		<height>2000</height>
		<depth>3</depth>
	</size>
	<object>
		<name>ref_spoon</name>
		<bndbox>
			<xmin>482</xmin>
			<ymin>474</ymin>
			<xmax>749</xmax>
			<ymax>883</ymax>
		</bndbox>
	</object>
	<object>
		<name>ref_fork</name>
		<bndbox>
			<xmin>818</xmin>
			<ymin>529</ymin>
			<xmax>1004</xmax>
			<ymax>964</ymax>
		</bndbox>
	</object>
	<object>
		<name>ref_coin</name>
		<bndbox>
			<xmin>1449</xmin>
			<ymin>102</ymin>
			<xmax>1621</xmax>
			<ymax>274</ymax>
		</bndbox>
	</object>
	<object>
		<name>dish</name>
		<bndbox>
			<xmin>1187</xmin>
			<ymin>423</ymin>
			<xmax>2453</xmax>
			<ymax>1693</ymax>
		</bndbox>
	</object>
	<object>
		<name>새우튀김</name>
		<bndbox>
			<xmin>1351</xmin>
			<ymin>606</ymin>
			<xmax>2197</xmax>
			<ymax>1434</ymax>
		</bndbox>
	</object>
</annotation>