<annotation>
	<folder>side육류부피원형배달해물찜q4</folder>
	<filename>side_육류부피_원형배달_해물찜_Q4_00030.JPG</filename>
	<path>/side육류부피원형배달해물찜q4/side_육류부피_원형배달_해물찜_Q4_00030.JPG</path>
	<source>
		<database>fooddata</database>
	</source>
	<size>
		<width>3008</width>
		<height>2000</height>
		<depth>3</depth>
	</size>
	<object>
		<name>ref_spoon</name>
		<bndbox>
			<xmin>691</xmin>
			<ymin>1402</ymin>
			<xmax>1131</xmax>
			<ymax>1642</ymax>
		</bndbox>
	</object>
	<object>
		<name>ref_fork</name>
		<bndbox>
			<xmin>784</xmin>
			<ymin>1180</ymin>
			<xmax>1255</xmax>
			<ymax>1426</ymax>
		</bndbox>
	</object>
	<object>
		<name>ref_coin</name>
		<bndbox>
			<xmin>1215</xmin>
			<ymin>1708</ymin>
			<xmax>1440</xmax>
			<ymax>1867</ymax>
		</bndbox>
	</object>
	<object>
		<name>dish</name>
		<bndbox>
			<xmin>892</xmin>
			<ymin>84</ymin>
			<xmax>2209</xmax>
			<ymax>1206</ymax>
		</bndbox>
	</object>
	<object>
		<name>해물찜</name>
		<bndbox>
			<xmin>980</xmin>
			<ymin>388</ymin>
			<xmax>2087</xmax>
			<ymax>814</ymax>
		</bndbox>
	</object>
</annotation>