<annotation>
	<folder>side육류부피원형배달해물찜q4</folder>
	<filename>side_육류부피_원형배달_해물찜_Q4_00038.JPG</filename>
	<path>/side육류부피원형배달해물찜q4/side_육류부피_원형배달_해물찜_Q4_00038.JPG</path>
	<source>
		<database>fooddata</database>
	</source>
	<size>
		<width>3008</width>
		<height>2000</height>
		<depth>3</depth>
	</size>
	<object>
		<name>ref_spoon</name>
		<bndbox>
			<xmin>397</xmin>
			<ymin>740</ymin>
			<xmax>686</xmax>
			<ymax>1088</ymax>
		</bndbox>
	</object>
	<object>
		<name>ref_fork</name>
		<bndbox>
			<xmin>751</xmin>
			<ymin>765</ymin>
			<xmax>951</xmax>
			<ymax>1167</ymax>
		</bndbox>
	</object>
	<object>
		<name>ref_coin</name>
		<bndbox>
			<xmin>1592</xmin>
			<ymin>1772</ymin>
			<xmax>1817</xmax>
			<ymax>1941</ymax>
		</bndbox>
	</object>
	<object>
		<name>dish</name>
		<bndbox>
			<xmin>1176</xmin>
			<ymin>402</ymin>
			<xmax>2572</xmax>
			<ymax>1622</ymax>
		</bndbox>
	</object>
	<object>
		<name>해물찜</name>
		<bndbox>
			<xmin>1279</xmin>
			<ymin>667</ymin>
			<xmax>2332</xmax>
			<ymax>1230</ymax>
		</bndbox>
	</object>
</annotation>