<annotation>
	<folder>side육류부피원형배달해물찜q4</folder>
	<filename>side_육류부피_원형배달_해물찜_Q4_00033.JPG</filename>
	<path>/side육류부피원형배달해물찜q4/side_육류부피_원형배달_해물찜_Q4_00033.JPG</path>
	<source>
		<database>fooddata</database>
	</source>
	<size>
		<width>3008</width>
		<height>2000</height>
		<depth>3</depth>
	</size>
	<object>
		<name>ref_spoon</name>
		<bndbox>
			<xmin>558</xmin>
			<ymin>1681</ymin>
			<xmax>1014</xmax>
			<ymax>1922</ymax>
		</bndbox>
	</object>
	<object>
		<name>ref_fork</name>
		<bndbox>
			<xmin>644</xmin>
			<ymin>1451</ymin>
			<xmax>1132</xmax>
			<ymax>1689</ymax>
		</bndbox>
	</object>
	<object>
		<name>ref_coin</name>
		<bndbox>
			<xmin>2238</xmin>
			<ymin>1357</ymin>
			<xmax>2453</xmax>
			<ymax>1497</ymax>
		</bndbox>
	</object>
	<object>
		<name>dish</name>
		<bndbox>
			<xmin>825</xmin>
			<ymin>275</ymin>
			<xmax>2180</xmax>
			<ymax>1410</ymax>
		</bndbox>
	</object>
	<object>
		<name>해물찜</name>
		<bndbox>
			<xmin>955</xmin>
			<ymin>525</ymin>
			<xmax>2038</xmax>
			<ymax>1010</ymax>
		</bndbox>
	</object>
</annotation>