<annotation>
	<folder>side육류부피원형배달해물찜q4</folder>
	<filename>side_육류부피_원형배달_해물찜_Q4_00031.JPG</filename>
	<path>/side육류부피원형배달해물찜q4/side_육류부피_원형배달_해물찜_Q4_00031.JPG</path>
	<source>
		<database>fooddata</database>
	</source>
	<size>
		<width>3008</width>
		<height>2000</height>
		<depth>3</depth>
	</size>
	<object>
		<name>ref_spoon</name>
		<bndbox>
			<xmin>644</xmin>
			<ymin>1493</ymin>
			<xmax>1083</xmax>
			<ymax>1740</ymax>
		</bndbox>
	</object>
	<object>
		<name>ref_fork</name>
		<bndbox>
			<xmin>735</xmin>
			<ymin>1274</ymin>
			<xmax>1195</xmax>
			<ymax>1519</ymax>
		</bndbox>
	</object>
	<object>
		<name>ref_coin</name>
		<bndbox>
			<xmin>1641</xmin>
			<ymin>1818</ymin>
			<xmax>1862</xmax>
			<ymax>1990</ymax>
		</bndbox>
	</object>
	<object>
		<name>dish</name>
		<bndbox>
			<xmin>911</xmin>
			<ymin>144</ymin>
			<xmax>2216</xmax>
			<ymax>1245</ymax>
		</bndbox>
	</object>
	<object>
		<name>해물찜</name>
		<bndbox>
			<xmin>1043</xmin>
			<ymin>362</ymin>
			<xmax>2076</xmax>
			<ymax>856</ymax>
		</bndbox>
	</object>
</annotation>