<annotation>
	<folder>side육류부피원형배달해물찜q4</folder>
	<filename>side_육류부피_원형배달_해물찜_Q4_00035.JPG</filename>
	<path>/side육류부피원형배달해물찜q4/side_육류부피_원형배달_해물찜_Q4_00035.JPG</path>
	<source>
		<database>fooddata</database>
	</source>
	<size>
		<width>3008</width>
		<height>2000</height>
		<depth>3</depth>
	</size>
	<object>
		<name>ref_spoon</name>
		<bndbox>
			<xmin>578</xmin>
			<ymin>1613</ymin>
			<xmax>1039</xmax>
			<ymax>1854</ymax>
		</bndbox>
	</object>
	<object>
		<name>ref_fork</name>
		<bndbox>
			<xmin>661</xmin>
			<ymin>1384</ymin>
			<xmax>1139</xmax>
			<ymax>1621</ymax>
		</bndbox>
	</object>
	<object>
		<name>ref_coin</name>
		<bndbox>
			<xmin>2450</xmin>
			<ymin>919</ymin>
			<xmax>2655</xmax>
			<ymax>1054</ymax>
		</bndbox>
	</object>
	<object>
		<name>dish</name>
		<bndbox>
			<xmin>852</xmin>
			<ymin>197</ymin>
			<xmax>2209</xmax>
			<ymax>1348</ymax>
		</bndbox>
	</object>
	<object>
		<name>해물찜</name>
		<bndbox>
			<xmin>1009</xmin>
			<ymin>481</ymin>
			<xmax>2062</xmax>
			<ymax>946</ymax>
		</bndbox>
	</object>
</annotation>