<annotation>
	<folder>side육류부피원형배달해물찜q4</folder>
	<filename>side_육류부피_원형배달_해물찜_Q4_00014.JPG</filename>
	<path>/side육류부피원형배달해물찜q4/side_육류부피_원형배달_해물찜_Q4_00014.JPG</path>
	<source>
		<database>fooddata</database>
	</source>
	<size>
		<width>3008</width>
		<height>2000</height>
		<depth>3</depth>
	</size>
	<object>
		<name>ref_spoon</name>
		<bndbox>
			<xmin>1829</xmin>
			<ymin>601</ymin>
			<xmax>2094</xmax>
			<ymax>927</ymax>
		</bndbox>
	</object>
	<object>
		<name>ref_fork</name>
		<bndbox>
			<xmin>2217</xmin>
			<ymin>608</ymin>
			<xmax>2420</xmax>
			<ymax>966</ymax>
		</bndbox>
	</object>
	<object>
		<name>ref_coin</name>
		<bndbox>
			<xmin>2450</xmin>
			<ymin>1715</ymin>
			<xmax>2680</xmax>
			<ymax>1866</ymax>
		</bndbox>
	</object>
	<object>
		<name>dish</name>
		<bndbox>
			<xmin>377</xmin>
			<ymin>376</ymin>
			<xmax>1734</xmax>
			<ymax>1560</ymax>
		</bndbox>
	</object>
	<object>
		<name>해물찜</name>
		<bndbox>
			<xmin>500</xmin>
			<ymin>682</ymin>
			<xmax>1651</xmax>
			<ymax>1164</ymax>
		</bndbox>
	</object>
</annotation>