<annotation>
	<folder>side육류부피원형배달해물찜q4</folder>
	<filename>side_육류부피_원형배달_해물찜_Q4_00037.JPG</filename>
	<path>/side육류부피원형배달해물찜q4/side_육류부피_원형배달_해물찜_Q4_00037.JPG</path>
	<source>
		<database>fooddata</database>
	</source>
	<size>
		<width>3008</width>
		<height>2000</height>
		<depth>3</depth>
	</size>
	<object>
		<name>ref_spoon</name>
		<bndbox>
			<xmin>416</xmin>
			<ymin>765</ymin>
			<xmax>696</xmax>
			<ymax>1118</ymax>
		</bndbox>
	</object>
	<object>
		<name>ref_fork</name>
		<bndbox>
			<xmin>764</xmin>
			<ymin>789</ymin>
			<xmax>965</xmax>
			<ymax>1186</ymax>
		</bndbox>
	</object>
	<object>
		<name>ref_coin</name>
		<bndbox>
			<xmin>1257</xmin>
			<ymin>1752</ymin>
			<xmax>1486</xmax>
			<ymax>1916</ymax>
		</bndbox>
	</object>
	<object>
		<name>dish</name>
		<bndbox>
			<xmin>1186</xmin>
			<ymin>422</ymin>
			<xmax>2577</xmax>
			<ymax>1647</ymax>
		</bndbox>
	</object>
	<object>
		<name>해물찜</name>
		<bndbox>
			<xmin>1303</xmin>
			<ymin>691</ymin>
			<xmax>2352</xmax>
			<ymax>1255</ymax>
		</bndbox>
	</object>
</annotation>