<annotation>
	<folder>top육류부피원형배달해물찜q4</folder>
	<filename>top_육류부피_원형배달_해물찜_Q4_00039.JPG</filename>
	<path>/top육류부피원형배달해물찜q4/top_육류부피_원형배달_해물찜_Q4_00039.JPG</path>
	<source>
		<database>fooddata</database>
	</source>
	<size>
		<width>3008</width>
		<height>2000</height>
		<depth>3</depth>
	</size>
	<object>
		<name>ref_spoon</name>
		<bndbox>
			<xmin>716</xmin>
			<ymin>555</ymin>
			<xmax>960</xmax>
			<ymax>906</ymax>
		</bndbox>
	</object>
	<object>
		<name>ref_fork</name>
		<bndbox>
			<xmin>1021</xmin>
			<ymin>571</ymin>
			<xmax>1209</xmax>
			<ymax>957</ymax>
		</bndbox>
	</object>
	<object>
		<name>ref_coin</name>
		<bndbox>
			<xmin>2490</xmin>
			<ymin>1292</ymin>
			<xmax>2657</xmax>
			<ymax>1475</ymax>
		</bndbox>
	</object>
	<object>
		<name>dish</name>
		<bndbox>
			<xmin>1311</xmin>
			<ymin>505</ymin>
			<xmax>2469</xmax>
			<ymax>1648</ymax>
		</bndbox>
	</object>
	<object>
		<name>해물찜</name>
		<bndbox>
			<xmin>1382</xmin>
			<ymin>637</ymin>
			<xmax>2317</xmax>
			<ymax>1577</ymax>
		</bndbox>
	</object>
</annotation>