<annotation>
	<folder>top육류부피원형배달해물찜q4</folder>
	<filename>top_육류부피_원형배달_해물찜_Q4_00006.JPG</filename>
	<path>/top육류부피원형배달해물찜q4/top_육류부피_원형배달_해물찜_Q4_00006.JPG</path>
	<source>
		<database>fooddata</database>
	</source>
	<size>
		<width>3008</width>
		<height>2000</height>
		<depth>3</depth>
	</size>
	<object>
		<name>ref_spoon</name>
		<bndbox>
			<xmin>1931</xmin>
			<ymin>215</ymin>
			<xmax>2185</xmax>
			<ymax>581</ymax>
		</bndbox>
	</object>
	<object>
		<name>ref_fork</name>
		<bndbox>
			<xmin>2246</xmin>
			<ymin>210</ymin>
			<xmax>2439</xmax>
			<ymax>621</ymax>
		</bndbox>
	</object>
	<object>
		<name>ref_coin</name>
		<bndbox>
			<xmin>910</xmin>
			<ymin>1628</ymin>
			<xmax>1113</xmax>
			<ymax>1831</ymax>
		</bndbox>
	</object>
	<object>
		<name>dish</name>
		<bndbox>
			<xmin>701</xmin>
			<ymin>291</ymin>
			<xmax>1982</xmax>
			<ymax>1546</ymax>
		</bndbox>
	</object>
	<object>
		<name>해물찜</name>
		<bndbox>
			<xmin>782</xmin>
			<ymin>439</ymin>
			<xmax>1890</xmax>
			<ymax>1506</ymax>
		</bndbox>
	</object>
</annotation>