<annotation>
	<folder>top육류부피원형배달해물찜q4</folder>
	<filename>top_육류부피_원형배달_해물찜_Q4_00012.JPG</filename>
	<path>/top육류부피원형배달해물찜q4/top_육류부피_원형배달_해물찜_Q4_00012.JPG</path>
	<source>
		<database>fooddata</database>
	</source>
	<size>
		<width>3008</width>
		<height>2000</height>
		<depth>3</depth>
	</size>
	<object>
		<name>ref_spoon</name>
		<bndbox>
			<xmin>1839</xmin>
			<ymin>144</ymin>
			<xmax>2093</xmax>
			<ymax>530</ymax>
		</bndbox>
	</object>
	<object>
		<name>ref_fork</name>
		<bndbox>
			<xmin>2165</xmin>
			<ymin>129</ymin>
			<xmax>2353</xmax>
			<ymax>571</ymax>
		</bndbox>
	</object>
	<object>
		<name>ref_coin</name>
		<bndbox>
			<xmin>1352</xmin>
			<ymin>220</ymin>
			<xmax>1545</xmax>
			<ymax>408</ymax>
		</bndbox>
	</object>
	<object>
		<name>dish</name>
		<bndbox>
			<xmin>330</xmin>
			<ymin>317</ymin>
			<xmax>1687</xmax>
			<ymax>1617</ymax>
		</bndbox>
	</object>
	<object>
		<name>해물찜</name>
		<bndbox>
			<xmin>442</xmin>
			<ymin>459</ymin>
			<xmax>1606</xmax>
			<ymax>1561</ymax>
		</bndbox>
	</object>
</annotation>