<annotation>
	<folder>top육류부피원형배달해물찜q4</folder>
	<filename>top_육류부피_원형배달_해물찜_Q4_00047.JPG</filename>
	<path>/top육류부피원형배달해물찜q4/top_육류부피_원형배달_해물찜_Q4_00047.JPG</path>
	<source>
		<database>fooddata</database>
	</source>
	<size>
		<width>3008</width>
		<height>2000</height>
		<depth>3</depth>
	</size>
	<object>
		<name>ref_spoon</name>
		<bndbox>
			<xmin>432</xmin>
			<ymin>357</ymin>
			<xmax>716</xmax>
			<ymax>754</ymax>
		</bndbox>
	</object>
	<object>
		<name>ref_fork</name>
		<bndbox>
			<xmin>798</xmin>
			<ymin>372</ymin>
			<xmax>1006</xmax>
			<ymax>809</ymax>
		</bndbox>
	</object>
	<object>
		<name>ref_coin</name>
		<bndbox>
			<xmin>2332</xmin>
			<ymin>1368</ymin>
			<xmax>2535</xmax>
			<ymax>1577</ymax>
		</bndbox>
	</object>
	<object>
		<name>dish</name>
		<bndbox>
			<xmin>1138</xmin>
			<ymin>235</ymin>
			<xmax>2454</xmax>
			<ymax>1526</ymax>
		</bndbox>
	</object>
	<object>
		<name>해물찜</name>
		<bndbox>
			<xmin>1219</xmin>
			<ymin>388</ymin>
			<xmax>2317</xmax>
			<ymax>1460</ymax>
		</bndbox>
	</object>
</annotation>