<annotation>
	<folder>top육류부피원형배달해물찜q4</folder>
	<filename>top_육류부피_원형배달_해물찜_Q4_00041.JPG</filename>
	<path>/top육류부피원형배달해물찜q4/top_육류부피_원형배달_해물찜_Q4_00041.JPG</path>
	<source>
		<database>fooddata</database>
	</source>
	<size>
		<width>3008</width>
		<height>2000</height>
		<depth>3</depth>
	</size>
	<object>
		<name>ref_spoon</name>
		<bndbox>
			<xmin>711</xmin>
			<ymin>566</ymin>
			<xmax>950</xmax>
			<ymax>911</ymax>
		</bndbox>
	</object>
	<object>
		<name>ref_fork</name>
		<bndbox>
			<xmin>1016</xmin>
			<ymin>586</ymin>
			<xmax>1189</xmax>
			<ymax>967</ymax>
		</bndbox>
	</object>
	<object>
		<name>ref_coin</name>
		<bndbox>
			<xmin>2459</xmin>
			<ymin>835</ymin>
			<xmax>2627</xmax>
			<ymax>1008</ymax>
		</bndbox>
	</object>
	<object>
		<name>dish</name>
		<bndbox>
			<xmin>1286</xmin>
			<ymin>540</ymin>
			<xmax>2429</xmax>
			<ymax>1653</ymax>
		</bndbox>
	</object>
	<object>
		<name>해물찜</name>
		<bndbox>
			<xmin>1352</xmin>
			<ymin>652</ymin>
			<xmax>2286</xmax>
			<ymax>1597</ymax>
		</bndbox>
	</object>
</annotation>