<annotation>
	<folder>side파스타류원형배달토마토스파게티q5</folder>
	<filename>side_파스타류_원형배달_토마토스파게티_Q5_00037.JPG</filename>
	<path>/side파스타류원형배달토마토스파게티q5/side_파스타류_원형배달_토마토스파게티_Q5_00037.JPG</path>
	<source>
		<database>fooddata</database>
	</source>
	<size>
		<width>3008</width>
		<height>2000</height>
		<depth>3</depth>
	</size>
	<object>
		<name>ref_spoon</name>
		<bndbox>
			<xmin>227</xmin>
			<ymin>416</ymin>
			<xmax>543</xmax>
			<ymax>863</ymax>
		</bndbox>
	</object>
	<object>
		<name>ref_fork</name>
		<bndbox>
			<xmin>585</xmin>
			<ymin>459</ymin>
			<xmax>809</xmax>
			<ymax>906</ymax>
		</bndbox>
	</object>
	<object>
		<name>ref_coin</name>
		<bndbox>
			<xmin>1706</xmin>
			<ymin>1693</ymin>
			<xmax>1986</xmax>
			<ymax>1899</ymax>
		</bndbox>
	</object>
	<object>
		<name>dish</name>
		<bndbox>
			<xmin>1022</xmin>
			<ymin>211</ymin>
			<xmax>2469</xmax>
			<ymax>1505</ymax>
		</bndbox>
	</object>
	<object>
		<name>토마토스파게티</name>
		<bndbox>
			<xmin>1117</xmin>
			<ymin>519</ymin>
			<xmax>2370</xmax>
			<ymax>1129</ymax>
		</bndbox>
	</object>
</annotation>