<annotation>
	<folder>side파스타류원형배달토마토스파게티q5</folder>
	<filename>side_파스타류_원형배달_토마토스파게티_Q5_00034.JPG</filename>
	<path>/side파스타류원형배달토마토스파게티q5/side_파스타류_원형배달_토마토스파게티_Q5_00034.JPG</path>
	<source>
		<database>fooddata</database>
	</source>
	<size>
		<width>3008</width>
		<height>2000</height>
		<depth>3</depth>
	</size>
	<object>
		<name>ref_spoon</name>
		<bndbox>
			<xmin>312</xmin>
			<ymin>530</ymin>
			<xmax>624</xmax>
			<ymax>913</ymax>
		</bndbox>
	</object>
	<object>
		<name>ref_fork</name>
		<bndbox>
			<xmin>653</xmin>
			<ymin>555</ymin>
			<xmax>897</xmax>
			<ymax>1012</ymax>
		</bndbox>
	</object>
	<object>
		<name>ref_coin</name>
		<bndbox>
			<xmin>1110</xmin>
			<ymin>1679</ymin>
			<xmax>1373</xmax>
			<ymax>1874</ymax>
		</bndbox>
	</object>
	<object>
		<name>dish</name>
		<bndbox>
			<xmin>1103</xmin>
			<ymin>317</ymin>
			<xmax>2575</xmax>
			<ymax>1612</ymax>
		</bndbox>
	</object>
	<object>
		<name>토마토스파게티</name>
		<bndbox>
			<xmin>1192</xmin>
			<ymin>615</ymin>
			<xmax>2426</xmax>
			<ymax>1239</ymax>
		</bndbox>
	</object>
</annotation>