<annotation>
	<folder>side파스타류원형배달토마토스파게티q5</folder>
	<filename>side_파스타류_원형배달_토마토스파게티_Q5_00018.JPG</filename>
	<path>/side파스타류원형배달토마토스파게티q5/side_파스타류_원형배달_토마토스파게티_Q5_00018.JPG</path>
	<source>
		<database>fooddata</database>
	</source>
	<size>
		<width>3008</width>
		<height>2000</height>
		<depth>3</depth>
	</size>
	<object>
		<name>ref_spoon</name>
		<bndbox>
			<xmin>734</xmin>
			<ymin>1601</ymin>
			<xmax>1238</xmax>
			<ymax>1878</ymax>
		</bndbox>
	</object>
	<object>
		<name>ref_fork</name>
		<bndbox>
			<xmin>763</xmin>
			<ymin>1325</ymin>
			<xmax>1344</xmax>
			<ymax>1594</ymax>
		</bndbox>
	</object>
	<object>
		<name>ref_coin</name>
		<bndbox>
			<xmin>305</xmin>
			<ymin>1069</ymin>
			<xmax>543</xmax>
			<ymax>1257</ymax>
		</bndbox>
	</object>
	<object>
		<name>dish</name>
		<bndbox>
			<xmin>809</xmin>
			<ymin>158</ymin>
			<xmax>2100</xmax>
			<ymax>1307</ymax>
		</bndbox>
	</object>
	<object>
		<name>토마토스파게티</name>
		<bndbox>
			<xmin>897</xmin>
			<ymin>424</ymin>
			<xmax>1997</xmax>
			<ymax>956</ymax>
		</bndbox>
	</object>
</annotation>