<annotation>
	<folder>side파스타류원형배달토마토스파게티q5</folder>
	<filename>side_파스타류_원형배달_토마토스파게티_Q5_00016.JPG</filename>
	<path>/side파스타류원형배달토마토스파게티q5/side_파스타류_원형배달_토마토스파게티_Q5_00016.JPG</path>
	<source>
		<database>fooddata</database>
	</source>
	<size>
		<width>3008</width>
		<height>2000</height>
		<depth>3</depth>
	</size>
	<object>
		<name>ref_spoon</name>
		<bndbox>
			<xmin>2001</xmin>
			<ymin>548</ymin>
			<xmax>2313</xmax>
			<ymax>927</ymax>
		</bndbox>
	</object>
	<object>
		<name>ref_fork</name>
		<bndbox>
			<xmin>2433</xmin>
			<ymin>587</ymin>
			<xmax>2667</xmax>
			<ymax>1027</ymax>
		</bndbox>
	</object>
	<object>
		<name>ref_coin</name>
		<bndbox>
			<xmin>1951</xmin>
			<ymin>1562</ymin>
			<xmax>2203</xmax>
			<ymax>1761</ymax>
		</bndbox>
	</object>
	<object>
		<name>dish</name>
		<bndbox>
			<xmin>231</xmin>
			<ymin>416</ymin>
			<xmax>1685</xmax>
			<ymax>1672</ymax>
		</bndbox>
	</object>
	<object>
		<name>토마토스파게티</name>
		<bndbox>
			<xmin>341</xmin>
			<ymin>672</ymin>
			<xmax>1568</xmax>
			<ymax>1286</ymax>
		</bndbox>
	</object>
</annotation>