<annotation>
	<folder>side파스타류원형배달토마토스파게티q5</folder>
	<filename>side_파스타류_원형배달_토마토스파게티_Q5_00047.JPG</filename>
	<path>/side파스타류원형배달토마토스파게티q5/side_파스타류_원형배달_토마토스파게티_Q5_00047.JPG</path>
	<source>
		<database>fooddata</database>
	</source>
	<size>
		<width>3008</width>
		<height>2000</height>
		<depth>3</depth>
	</size>
	<object>
		<name>ref_spoon</name>
		<bndbox>
			<xmin>245</xmin>
			<ymin>711</ymin>
			<xmax>571</xmax>
			<ymax>1115</ymax>
		</bndbox>
	</object>
	<object>
		<name>ref_fork</name>
		<bndbox>
			<xmin>607</xmin>
			<ymin>725</ymin>
			<xmax>848</xmax>
			<ymax>1218</ymax>
		</bndbox>
	</object>
	<object>
		<name>ref_coin</name>
		<bndbox>
			<xmin>497</xmin>
			<ymin>420</ymin>
			<xmax>724</xmax>
			<ymax>573</ymax>
		</bndbox>
	</object>
	<object>
		<name>dish</name>
		<bndbox>
			<xmin>1018</xmin>
			<ymin>530</ymin>
			<xmax>2522</xmax>
			<ymax>1842</ymax>
		</bndbox>
	</object>
	<object>
		<name>토마토스파게티</name>
		<bndbox>
			<xmin>1107</xmin>
			<ymin>778</ymin>
			<xmax>2366</xmax>
			<ymax>1463</ymax>
		</bndbox>
	</object>
</annotation>