<annotation>
	<folder>top파스타류원형배달토마토스파게티q5</folder>
	<filename>top_파스타류_원형배달_토마토스파게티_Q5_00004.JPG</filename>
	<path>/top파스타류원형배달토마토스파게티q5/top_파스타류_원형배달_토마토스파게티_Q5_00004.JPG</path>
	<source>
		<database>fooddata</database>
	</source>
	<size>
		<width>3008</width>
		<height>2000</height>
		<depth>3</depth>
	</size>
	<object>
		<name>ref_spoon</name>
		<bndbox>
			<xmin>2081</xmin>
			<ymin>344</ymin>
			<xmax>2402</xmax>
			<ymax>805</ymax>
		</bndbox>
	</object>
	<object>
		<name>ref_fork</name>
		<bndbox>
			<xmin>2409</xmin>
			<ymin>437</ymin>
			<xmax>2687</xmax>
			<ymax>950</ymax>
		</bndbox>
	</object>
	<object>
		<name>ref_coin</name>
		<bndbox>
			<xmin>548</xmin>
			<ymin>1469</ymin>
			<xmax>779</xmax>
			<ymax>1700</ymax>
		</bndbox>
	</object>
	<object>
		<name>dish</name>
		<bndbox>
			<xmin>350</xmin>
			<ymin>69</ymin>
			<xmax>1836</xmax>
			<ymax>1534</ymax>
		</bndbox>
	</object>
	<object>
		<name>토마토스파게티</name>
		<bndbox>
			<xmin>527</xmin>
			<ymin>246</ymin>
			<xmax>1717</xmax>
			<ymax>1440</ymax>
		</bndbox>
	</object>
</annotation>