<annotation>
	<folder>top파스타류원형배달토마토스파게티q5</folder>
	<filename>top_파스타류_원형배달_토마토스파게티_Q5_00045.JPG</filename>
	<path>/top파스타류원형배달토마토스파게티q5/top_파스타류_원형배달_토마토스파게티_Q5_00045.JPG</path>
	<source>
		<database>fooddata</database>
	</source>
	<size>
		<width>3008</width>
		<height>2000</height>
		<depth>3</depth>
	</size>
	<object>
		<name>ref_spoon</name>
		<bndbox>
			<xmin>397</xmin>
			<ymin>304</ymin>
			<xmax>678</xmax>
			<ymax>715</ymax>
		</bndbox>
	</object>
	<object>
		<name>ref_fork</name>
		<bndbox>
			<xmin>761</xmin>
			<ymin>318</ymin>
			<xmax>963</xmax>
			<ymax>776</ymax>
		</bndbox>
	</object>
	<object>
		<name>ref_coin</name>
		<bndbox>
			<xmin>1677</xmin>
			<ymin>102</ymin>
			<xmax>1875</xmax>
			<ymax>293</ymax>
		</bndbox>
	</object>
	<object>
		<name>dish</name>
		<bndbox>
			<xmin>956</xmin>
			<ymin>398</ymin>
			<xmax>2316</xmax>
			<ymax>1747</ymax>
		</bndbox>
	</object>
	<object>
		<name>토마토스파게티</name>
		<bndbox>
			<xmin>1075</xmin>
			<ymin>531</ymin>
			<xmax>2171</xmax>
			<ymax>1610</ymax>
		</bndbox>
	</object>
</annotation>