<annotation>
	<folder>top파스타류원형배달토마토스파게티q5</folder>
	<filename>top_파스타류_원형배달_토마토스파게티_Q5_00038.JPG</filename>
	<path>/top파스타류원형배달토마토스파게티q5/top_파스타류_원형배달_토마토스파게티_Q5_00038.JPG</path>
	<source>
		<database>fooddata</database>
	</source>
	<size>
		<width>3008</width>
		<height>2000</height>
		<depth>3</depth>
	</size>
	<object>
		<name>ref_spoon</name>
		<bndbox>
			<xmin>317</xmin>
			<ymin>106</ymin>
			<xmax>599</xmax>
			<ymax>520</ymax>
		</bndbox>
	</object>
	<object>
		<name>ref_fork</name>
		<bndbox>
			<xmin>707</xmin>
			<ymin>113</ymin>
			<xmax>902</xmax>
			<ymax>589</ymax>
		</bndbox>
	</object>
	<object>
		<name>ref_coin</name>
		<bndbox>
			<xmin>2034</xmin>
			<ymin>1371</ymin>
			<xmax>2243</xmax>
			<ymax>1588</ymax>
		</bndbox>
	</object>
	<object>
		<name>dish</name>
		<bndbox>
			<xmin>938</xmin>
			<ymin>84</ymin>
			<xmax>2326</xmax>
			<ymax>1433</ymax>
		</bndbox>
	</object>
	<object>
		<name>토마토스파게티</name>
		<bndbox>
			<xmin>1096</xmin>
			<ymin>293</ymin>
			<xmax>2171</xmax>
			<ymax>1332</ymax>
		</bndbox>
	</object>
</annotation>