<annotation>
	<folder>top파스타류원형배달토마토스파게티q5</folder>
	<filename>top_파스타류_원형배달_토마토스파게티_Q5_00030.JPG</filename>
	<path>/top파스타류원형배달토마토스파게티q5/top_파스타류_원형배달_토마토스파게티_Q5_00030.JPG</path>
	<source>
		<database>fooddata</database>
	</source>
	<size>
		<width>3008</width>
		<height>2000</height>
		<depth>3</depth>
	</size>
	<object>
		<name>ref_spoon</name>
		<bndbox>
			<xmin>296</xmin>
			<ymin>1577</ymin>
			<xmax>725</xmax>
			<ymax>1851</ymax>
		</bndbox>
	</object>
	<object>
		<name>ref_fork</name>
		<bndbox>
			<xmin>375</xmin>
			<ymin>1256</ymin>
			<xmax>837</xmax>
			<ymax>1447</ymax>
		</bndbox>
	</object>
	<object>
		<name>ref_coin</name>
		<bndbox>
			<xmin>1688</xmin>
			<ymin>1415</ymin>
			<xmax>1879</xmax>
			<ymax>1599</ymax>
		</bndbox>
	</object>
	<object>
		<name>dish</name>
		<bndbox>
			<xmin>476</xmin>
			<ymin>33</ymin>
			<xmax>1738</xmax>
			<ymax>1227</ymax>
		</bndbox>
	</object>
	<object>
		<name>토마토스파게티</name>
		<bndbox>
			<xmin>671</xmin>
			<ymin>185</ymin>
			<xmax>1630</xmax>
			<ymax>1137</ymax>
		</bndbox>
	</object>
</annotation>