<annotation>
	<folder>top파스타류원형배달토마토스파게티q5</folder>
	<filename>top_파스타류_원형배달_토마토스파게티_Q5_00018.JPG</filename>
	<path>/top파스타류원형배달토마토스파게티q5/top_파스타류_원형배달_토마토스파게티_Q5_00018.JPG</path>
	<source>
		<database>fooddata</database>
	</source>
	<size>
		<width>3008</width>
		<height>2000</height>
		<depth>3</depth>
	</size>
	<object>
		<name>ref_spoon</name>
		<bndbox>
			<xmin>447</xmin>
			<ymin>1584</ymin>
			<xmax>891</xmax>
			<ymax>1858</ymax>
		</bndbox>
	</object>
	<object>
		<name>ref_fork</name>
		<bndbox>
			<xmin>534</xmin>
			<ymin>1242</ymin>
			<xmax>981</xmax>
			<ymax>1462</ymax>
		</bndbox>
	</object>
	<object>
		<name>ref_coin</name>
		<bndbox>
			<xmin>509</xmin>
			<ymin>719</ymin>
			<xmax>711</xmax>
			<ymax>903</ymax>
		</bndbox>
	</object>
	<object>
		<name>dish</name>
		<bndbox>
			<xmin>743</xmin>
			<ymin>41</ymin>
			<xmax>1980</xmax>
			<ymax>1252</ymax>
		</bndbox>
	</object>
	<object>
		<name>토마토스파게티</name>
		<bndbox>
			<xmin>891</xmin>
			<ymin>217</ymin>
			<xmax>1836</xmax>
			<ymax>1159</ymax>
		</bndbox>
	</object>
</annotation>