<annotation>
	<folder>side건더기국류전골냄비곱창전골q4</folder>
	<filename>side_건더기국류_전골냄비_곱창전골_Q4_00012.JPG</filename>
	<path>/side건더기국류전골냄비곱창전골q4/side_건더기국류_전골냄비_곱창전골_Q4_00012.JPG</path>
	<source>
		<database>fooddata</database>
	</source>
	<size>
		<width>3008</width>
		<height>2000</height>
		<depth>3</depth>
	</size>
	<object>
		<name>ref_spoon</name>
		<bndbox>
			<xmin>2307</xmin>
			<ymin>835</ymin>
			<xmax>2602</xmax>
			<ymax>1221</ymax>
		</bndbox>
	</object>
	<object>
		<name>ref_fork</name>
		<bndbox>
			<xmin>2668</xmin>
			<ymin>916</ymin>
			<xmax>2876</xmax>
			<ymax>1363</ymax>
		</bndbox>
	</object>
	<object>
		<name>ref_coin</name>
		<bndbox>
			<xmin>843</xmin>
			<ymin>403</ymin>
			<xmax>1047</xmax>
			<ymax>545</ymax>
		</bndbox>
	</object>
	<object>
		<name>dish</name>
		<bndbox>
			<xmin>437</xmin>
			<ymin>566</ymin>
			<xmax>1956</xmax>
			<ymax>1770</ymax>
		</bndbox>
	</object>
	<object>
		<name>곱창전골</name>
		<bndbox>
			<xmin>584</xmin>
			<ymin>815</ymin>
			<xmax>1799</xmax>
			<ymax>1572</ymax>
		</bndbox>
	</object>
</annotation>