<annotation>
	<folder>side건더기국류전골냄비곱창전골q4</folder>
	<filename>side_건더기국류_전골냄비_곱창전골_Q4_00040.JPG</filename>
	<path>/side건더기국류전골냄비곱창전골q4/side_건더기국류_전골냄비_곱창전골_Q4_00040.JPG</path>
	<source>
		<database>fooddata</database>
	</source>
	<size>
		<width>3008</width>
		<height>2000</height>
		<depth>3</depth>
	</size>
	<object>
		<name>ref_spoon</name>
		<bndbox>
			<xmin>686</xmin>
			<ymin>428</ymin>
			<xmax>981</xmax>
			<ymax>784</ymax>
		</bndbox>
	</object>
	<object>
		<name>ref_fork</name>
		<bndbox>
			<xmin>1006</xmin>
			<ymin>500</ymin>
			<xmax>1214</xmax>
			<ymax>936</ymax>
		</bndbox>
	</object>
	<object>
		<name>ref_coin</name>
		<bndbox>
			<xmin>198</xmin>
			<ymin>1160</ymin>
			<xmax>437</xmax>
			<ymax>1333</ymax>
		</bndbox>
	</object>
	<object>
		<name>dish</name>
		<bndbox>
			<xmin>1392</xmin>
			<ymin>357</ymin>
			<xmax>2871</xmax>
			<ymax>1506</ymax>
		</bndbox>
	</object>
	<object>
		<name>곱창전골</name>
		<bndbox>
			<xmin>1514</xmin>
			<ymin>621</ymin>
			<xmax>2673</xmax>
			<ymax>1312</ymax>
		</bndbox>
	</object>
</annotation>