<annotation>
	<folder>side건더기국류전골냄비곱창전골q4</folder>
	<filename>side_건더기국류_전골냄비_곱창전골_Q4_00006.JPG</filename>
	<path>/side건더기국류전골냄비곱창전골q4/side_건더기국류_전골냄비_곱창전골_Q4_00006.JPG</path>
	<source>
		<database>fooddata</database>
	</source>
	<size>
		<width>3008</width>
		<height>2000</height>
		<depth>3</depth>
	</size>
	<object>
		<name>ref_spoon</name>
		<bndbox>
			<xmin>2327</xmin>
			<ymin>713</ymin>
			<xmax>2632</xmax>
			<ymax>1094</ymax>
		</bndbox>
	</object>
	<object>
		<name>ref_fork</name>
		<bndbox>
			<xmin>2693</xmin>
			<ymin>784</ymin>
			<xmax>2901</xmax>
			<ymax>1201</ymax>
		</bndbox>
	</object>
	<object>
		<name>ref_coin</name>
		<bndbox>
			<xmin>457</xmin>
			<ymin>1683</ymin>
			<xmax>716</xmax>
			<ymax>1882</ymax>
		</bndbox>
	</object>
	<object>
		<name>dish</name>
		<bndbox>
			<xmin>478</xmin>
			<ymin>413</ymin>
			<xmax>1992</xmax>
			<ymax>1602</ymax>
		</bndbox>
	</object>
	<object>
		<name>곱창전골</name>
		<bndbox>
			<xmin>635</xmin>
			<ymin>652</ymin>
			<xmax>1855</xmax>
			<ymax>1404</ymax>
		</bndbox>
	</object>
</annotation>