<annotation>
	<folder>side건더기국류전골냄비곱창전골q4</folder>
	<filename>side_건더기국류_전골냄비_곱창전골_Q4_00042.JPG</filename>
	<path>/side건더기국류전골냄비곱창전골q4/side_건더기국류_전골냄비_곱창전골_Q4_00042.JPG</path>
	<source>
		<database>fooddata</database>
	</source>
	<size>
		<width>3008</width>
		<height>2000</height>
		<depth>3</depth>
	</size>
	<object>
		<name>ref_spoon</name>
		<bndbox>
			<xmin>574</xmin>
			<ymin>484</ymin>
			<xmax>854</xmax>
			<ymax>855</ymax>
		</bndbox>
	</object>
	<object>
		<name>ref_fork</name>
		<bndbox>
			<xmin>879</xmin>
			<ymin>571</ymin>
			<xmax>1098</xmax>
			<ymax>987</ymax>
		</bndbox>
	</object>
	<object>
		<name>ref_coin</name>
		<bndbox>
			<xmin>213</xmin>
			<ymin>936</ymin>
			<xmax>437</xmax>
			<ymax>1104</ymax>
		</bndbox>
	</object>
	<object>
		<name>dish</name>
		<bndbox>
			<xmin>1250</xmin>
			<ymin>423</ymin>
			<xmax>2708</xmax>
			<ymax>1556</ymax>
		</bndbox>
	</object>
	<object>
		<name>곱창전골</name>
		<bndbox>
			<xmin>1382</xmin>
			<ymin>652</ymin>
			<xmax>2525</xmax>
			<ymax>1368</ymax>
		</bndbox>
	</object>
</annotation>