<annotation>
	<folder>side건더기국류전골냄비곱창전골q4</folder>
	<filename>side_건더기국류_전골냄비_곱창전골_Q4_00046.JPG</filename>
	<path>/side건더기국류전골냄비곱창전골q4/side_건더기국류_전골냄비_곱창전골_Q4_00046.JPG</path>
	<source>
		<database>fooddata</database>
	</source>
	<size>
		<width>3008</width>
		<height>2000</height>
		<depth>3</depth>
	</size>
	<object>
		<name>ref_spoon</name>
		<bndbox>
			<xmin>325</xmin>
			<ymin>449</ymin>
			<xmax>620</xmax>
			<ymax>804</ymax>
		</bndbox>
	</object>
	<object>
		<name>ref_fork</name>
		<bndbox>
			<xmin>661</xmin>
			<ymin>540</ymin>
			<xmax>864</xmax>
			<ymax>967</ymax>
		</bndbox>
	</object>
	<object>
		<name>ref_coin</name>
		<bndbox>
			<xmin>803</xmin>
			<ymin>1567</ymin>
			<xmax>1057</xmax>
			<ymax>1739</ymax>
		</bndbox>
	</object>
	<object>
		<name>dish</name>
		<bndbox>
			<xmin>1011</xmin>
			<ymin>367</ymin>
			<xmax>2490</xmax>
			<ymax>1511</ymax>
		</bndbox>
	</object>
	<object>
		<name>곱창전골</name>
		<bndbox>
			<xmin>1143</xmin>
			<ymin>652</ymin>
			<xmax>2307</xmax>
			<ymax>1328</ymax>
		</bndbox>
	</object>
</annotation>