<annotation>
	<folder>side건더기국류전골냄비곱창전골q4</folder>
	<filename>side_건더기국류_전골냄비_곱창전골_Q4_00001.JPG</filename>
	<path>/side건더기국류전골냄비곱창전골q4/side_건더기국류_전골냄비_곱창전골_Q4_00001.JPG</path>
	<source>
		<database>fooddata</database>
	</source>
	<size>
		<width>3008</width>
		<height>2000</height>
		<depth>3</depth>
	</size>
	<object>
		<name>ref_spoon</name>
		<bndbox>
			<xmin>2251</xmin>
			<ymin>581</ymin>
			<xmax>2530</xmax>
			<ymax>936</ymax>
		</bndbox>
	</object>
	<object>
		<name>ref_fork</name>
		<bndbox>
			<xmin>2602</xmin>
			<ymin>642</ymin>
			<xmax>2800</xmax>
			<ymax>1048</ymax>
		</bndbox>
	</object>
	<object>
		<name>ref_coin</name>
		<bndbox>
			<xmin>701</xmin>
			<ymin>1709</ymin>
			<xmax>945</xmax>
			<ymax>1902</ymax>
		</bndbox>
	</object>
	<object>
		<name>dish</name>
		<bndbox>
			<xmin>523</xmin>
			<ymin>306</ymin>
			<xmax>1946</xmax>
			<ymax>1409</ymax>
		</bndbox>
	</object>
	<object>
		<name>곱창전골</name>
		<bndbox>
			<xmin>630</xmin>
			<ymin>540</ymin>
			<xmax>1789</xmax>
			<ymax>1231</ymax>
		</bndbox>
	</object>
</annotation>