<annotation>
	<folder>side건더기국류전골냄비곱창전골q4</folder>
	<filename>side_건더기국류_전골냄비_곱창전골_Q4_00002.JPG</filename>
	<path>/side건더기국류전골냄비곱창전골q4/side_건더기국류_전골냄비_곱창전골_Q4_00002.JPG</path>
	<source>
		<database>fooddata</database>
	</source>
	<size>
		<width>3008</width>
		<height>2000</height>
		<depth>3</depth>
	</size>
	<object>
		<name>ref_spoon</name>
		<bndbox>
			<xmin>2286</xmin>
			<ymin>581</ymin>
			<xmax>2576</xmax>
			<ymax>952</ymax>
		</bndbox>
	</object>
	<object>
		<name>ref_fork</name>
		<bndbox>
			<xmin>2642</xmin>
			<ymin>652</ymin>
			<xmax>2845</xmax>
			<ymax>1058</ymax>
		</bndbox>
	</object>
	<object>
		<name>ref_coin</name>
		<bndbox>
			<xmin>295</xmin>
			<ymin>1531</ymin>
			<xmax>539</xmax>
			<ymax>1714</ymax>
		</bndbox>
	</object>
	<object>
		<name>dish</name>
		<bndbox>
			<xmin>620</xmin>
			<ymin>306</ymin>
			<xmax>2058</xmax>
			<ymax>1434</ymax>
		</bndbox>
	</object>
	<object>
		<name>곱창전골</name>
		<bndbox>
			<xmin>747</xmin>
			<ymin>530</ymin>
			<xmax>1946</xmax>
			<ymax>1241</ymax>
		</bndbox>
	</object>
</annotation>