<annotation>
	<folder>side건더기국류전골냄비곱창전골q4</folder>
	<filename>side_건더기국류_전골냄비_곱창전골_Q4_00045.JPG</filename>
	<path>/side건더기국류전골냄비곱창전골q4/side_건더기국류_전골냄비_곱창전골_Q4_00045.JPG</path>
	<source>
		<database>fooddata</database>
	</source>
	<size>
		<width>3008</width>
		<height>2000</height>
		<depth>3</depth>
	</size>
	<object>
		<name>ref_spoon</name>
		<bndbox>
			<xmin>305</xmin>
			<ymin>342</ymin>
			<xmax>605</xmax>
			<ymax>723</ymax>
		</bndbox>
	</object>
	<object>
		<name>ref_fork</name>
		<bndbox>
			<xmin>630</xmin>
			<ymin>428</ymin>
			<xmax>838</xmax>
			<ymax>860</ymax>
		</bndbox>
	</object>
	<object>
		<name>ref_coin</name>
		<bndbox>
			<xmin>722</xmin>
			<ymin>1485</ymin>
			<xmax>976</xmax>
			<ymax>1668</ymax>
		</bndbox>
	</object>
	<object>
		<name>dish</name>
		<bndbox>
			<xmin>1001</xmin>
			<ymin>256</ymin>
			<xmax>2480</xmax>
			<ymax>1394</ymax>
		</bndbox>
	</object>
	<object>
		<name>곱창전골</name>
		<bndbox>
			<xmin>1128</xmin>
			<ymin>520</ymin>
			<xmax>2281</xmax>
			<ymax>1191</ymax>
		</bndbox>
	</object>
</annotation>