<annotation>
	<folder>top건더기국류전골냄비곱창전골q4</folder>
	<filename>top_건더기국류_전골냄비_곱창전골_Q4_00012.JPG</filename>
	<path>/top건더기국류전골냄비곱창전골q4/top_건더기국류_전골냄비_곱창전골_Q4_00012.JPG</path>
	<source>
		<database>fooddata</database>
	</source>
	<size>
		<width>3008</width>
		<height>2000</height>
		<depth>3</depth>
	</size>
	<object>
		<name>ref_spoon</name>
		<bndbox>
			<xmin>2180</xmin>
			<ymin>512</ymin>
			<xmax>2415</xmax>
			<ymax>898</ymax>
		</bndbox>
	</object>
	<object>
		<name>ref_fork</name>
		<bndbox>
			<xmin>2460</xmin>
			<ymin>662</ymin>
			<xmax>2630</xmax>
			<ymax>1092</ymax>
		</bndbox>
	</object>
	<object>
		<name>ref_coin</name>
		<bndbox>
			<xmin>1183</xmin>
			<ymin>72</ymin>
			<xmax>1344</xmax>
			<ymax>232</ymax>
		</bndbox>
	</object>
	<object>
		<name>dish</name>
		<bndbox>
			<xmin>545</xmin>
			<ymin>491</ymin>
			<xmax>1856</xmax>
			<ymax>1816</ymax>
		</bndbox>
	</object>
	<object>
		<name>곱창전골</name>
		<bndbox>
			<xmin>699</xmin>
			<ymin>635</ymin>
			<xmax>1746</xmax>
			<ymax>1693</ymax>
		</bndbox>
	</object>
</annotation>