<annotation>
	<folder>top건더기국류전골냄비곱창전골q4</folder>
	<filename>top_건더기국류_전골냄비_곱창전골_Q4_00027.JPG</filename>
	<path>/top건더기국류전골냄비곱창전골q4/top_건더기국류_전골냄비_곱창전골_Q4_00027.JPG</path>
	<source>
		<database>fooddata</database>
	</source>
	<size>
		<width>3008</width>
		<height>2000</height>
		<depth>3</depth>
	</size>
	<object>
		<name>ref_spoon</name>
		<bndbox>
			<xmin>838</xmin>
			<ymin>1614</ymin>
			<xmax>1228</xmax>
			<ymax>1850</ymax>
		</bndbox>
	</object>
	<object>
		<name>ref_fork</name>
		<bndbox>
			<xmin>931</xmin>
			<ymin>1403</ymin>
			<xmax>1330</xmax>
			<ymax>1553</ymax>
		</bndbox>
	</object>
	<object>
		<name>ref_coin</name>
		<bndbox>
			<xmin>808</xmin>
			<ymin>980</ymin>
			<xmax>965</xmax>
			<ymax>1133</ymax>
		</bndbox>
	</object>
	<object>
		<name>dish</name>
		<bndbox>
			<xmin>968</xmin>
			<ymin>61</ymin>
			<xmax>2156</xmax>
			<ymax>1249</ymax>
		</bndbox>
	</object>
	<object>
		<name>곱창전골</name>
		<bndbox>
			<xmin>1071</xmin>
			<ymin>218</ymin>
			<xmax>2016</xmax>
			<ymax>1164</ymax>
		</bndbox>
	</object>
</annotation>