<annotation>
	<folder>top건더기국류전골냄비곱창전골q4</folder>
	<filename>top_건더기국류_전골냄비_곱창전골_Q4_00039.JPG</filename>
	<path>/top건더기국류전골냄비곱창전골q4/top_건더기국류_전골냄비_곱창전골_Q4_00039.JPG</path>
	<source>
		<database>fooddata</database>
	</source>
	<size>
		<width>3008</width>
		<height>2000</height>
		<depth>3</depth>
	</size>
	<object>
		<name>ref_spoon</name>
		<bndbox>
			<xmin>603</xmin>
			<ymin>362</ymin>
			<xmax>832</xmax>
			<ymax>720</ymax>
		</bndbox>
	</object>
	<object>
		<name>ref_fork</name>
		<bndbox>
			<xmin>900</xmin>
			<ymin>427</ymin>
			<xmax>1057</xmax>
			<ymax>799</ymax>
		</bndbox>
	</object>
	<object>
		<name>ref_coin</name>
		<bndbox>
			<xmin>354</xmin>
			<ymin>1331</ymin>
			<xmax>511</xmax>
			<ymax>1488</ymax>
		</bndbox>
	</object>
	<object>
		<name>dish</name>
		<bndbox>
			<xmin>1081</xmin>
			<ymin>355</ymin>
			<xmax>2289</xmax>
			<ymax>1546</ymax>
		</bndbox>
	</object>
	<object>
		<name>곱창전골</name>
		<bndbox>
			<xmin>1193</xmin>
			<ymin>478</ymin>
			<xmax>2142</xmax>
			<ymax>1464</ymax>
		</bndbox>
	</object>
</annotation>