<annotation>
	<folder>top건더기국류전골냄비곱창전골q4</folder>
	<filename>top_건더기국류_전골냄비_곱창전골_Q4_00013.JPG</filename>
	<path>/top건더기국류전골냄비곱창전골q4/top_건더기국류_전골냄비_곱창전골_Q4_00013.JPG</path>
	<source>
		<database>fooddata</database>
	</source>
	<size>
		<width>3008</width>
		<height>2000</height>
		<depth>3</depth>
	</size>
	<object>
		<name>ref_spoon</name>
		<bndbox>
			<xmin>2166</xmin>
			<ymin>546</ymin>
			<xmax>2398</xmax>
			<ymax>939</ymax>
		</bndbox>
	</object>
	<object>
		<name>ref_fork</name>
		<bndbox>
			<xmin>2439</xmin>
			<ymin>693</ymin>
			<xmax>2617</xmax>
			<ymax>1119</ymax>
		</bndbox>
	</object>
	<object>
		<name>ref_coin</name>
		<bndbox>
			<xmin>1426</xmin>
			<ymin>34</ymin>
			<xmax>1579</xmax>
			<ymax>188</ymax>
		</bndbox>
	</object>
	<object>
		<name>dish</name>
		<bndbox>
			<xmin>613</xmin>
			<ymin>491</ymin>
			<xmax>1900</xmax>
			<ymax>1782</ymax>
		</bndbox>
	</object>
	<object>
		<name>곱창전골</name>
		<bndbox>
			<xmin>743</xmin>
			<ymin>614</ymin>
			<xmax>1794</xmax>
			<ymax>1710</ymax>
		</bndbox>
	</object>
</annotation>