<annotation>
	<folder>top건더기국류전골냄비곱창전골q4</folder>
	<filename>top_건더기국류_전골냄비_곱창전골_Q4_00024.JPG</filename>
	<path>/top건더기국류전골냄비곱창전골q4/top_건더기국류_전골냄비_곱창전골_Q4_00024.JPG</path>
	<source>
		<database>fooddata</database>
	</source>
	<size>
		<width>3008</width>
		<height>2000</height>
		<depth>3</depth>
	</size>
	<object>
		<name>ref_spoon</name>
		<bndbox>
			<xmin>972</xmin>
			<ymin>1696</ymin>
			<xmax>1327</xmax>
			<ymax>1915</ymax>
		</bndbox>
	</object>
	<object>
		<name>ref_fork</name>
		<bndbox>
			<xmin>1053</xmin>
			<ymin>1495</ymin>
			<xmax>1439</xmax>
			<ymax>1638</ymax>
		</bndbox>
	</object>
	<object>
		<name>ref_coin</name>
		<bndbox>
			<xmin>2112</xmin>
			<ymin>150</ymin>
			<xmax>2248</xmax>
			<ymax>290</ymax>
		</bndbox>
	</object>
	<object>
		<name>dish</name>
		<bndbox>
			<xmin>914</xmin>
			<ymin>130</ymin>
			<xmax>2016</xmax>
			<ymax>1222</ymax>
		</bndbox>
	</object>
	<object>
		<name>곱창전골</name>
		<bndbox>
			<xmin>1009</xmin>
			<ymin>266</ymin>
			<xmax>1914</xmax>
			<ymax>1150</ymax>
		</bndbox>
	</object>
</annotation>