<annotation>
	<folder>top건더기국류전골냄비곱창전골q4</folder>
	<filename>top_건더기국류_전골냄비_곱창전골_Q4_00031.JPG</filename>
	<path>/top건더기국류전골냄비곱창전골q4/top_건더기국류_전골냄비_곱창전골_Q4_00031.JPG</path>
	<source>
		<database>fooddata</database>
	</source>
	<size>
		<width>3008</width>
		<height>2000</height>
		<depth>3</depth>
	</size>
	<object>
		<name>ref_spoon</name>
		<bndbox>
			<xmin>794</xmin>
			<ymin>1666</ymin>
			<xmax>1176</xmax>
			<ymax>1901</ymax>
		</bndbox>
	</object>
	<object>
		<name>ref_fork</name>
		<bndbox>
			<xmin>890</xmin>
			<ymin>1457</ymin>
			<xmax>1282</xmax>
			<ymax>1611</ymax>
		</bndbox>
	</object>
	<object>
		<name>ref_coin</name>
		<bndbox>
			<xmin>661</xmin>
			<ymin>894</ymin>
			<xmax>821</xmax>
			<ymax>1041</ymax>
		</bndbox>
	</object>
	<object>
		<name>dish</name>
		<bndbox>
			<xmin>1002</xmin>
			<ymin>133</ymin>
			<xmax>2152</xmax>
			<ymax>1253</ymax>
		</bndbox>
	</object>
	<object>
		<name>곱창전골</name>
		<bndbox>
			<xmin>1091</xmin>
			<ymin>294</ymin>
			<xmax>2023</xmax>
			<ymax>1191</ymax>
		</bndbox>
	</object>
</annotation>