<annotation>
	<folder>side생선조림냄비갈치조림q4</folder>
	<filename>side_생선조림_냄비_갈치조림_Q4 00021.JPG</filename>
	<path>/side생선조림냄비갈치조림q4/side_생선조림_냄비_갈치조림_Q4 00021.JPG</path>
	<source>
		<database>fooddata</database>
	</source>
	<size>
		<width>3008</width>
		<height>2000</height>
		<depth>3</depth>
	</size>
	<object>
		<name>ref_spoon</name>
		<bndbox>
			<xmin>698</xmin>
			<ymin>1724</ymin>
			<xmax>1159</xmax>
			<ymax>1944</ymax>
		</bndbox>
	</object>
	<object>
		<name>ref_fork</name>
		<bndbox>
			<xmin>793</xmin>
			<ymin>1514</ymin>
			<xmax>1251</xmax>
			<ymax>1724</ymax>
		</bndbox>
	</object>
	<object>
		<name>ref_coin</name>
		<bndbox>
			<xmin>432</xmin>
			<ymin>801</ymin>
			<xmax>622</xmax>
			<ymax>926</ymax>
		</bndbox>
	</object>
	<object>
		<name>dish</name>
		<bndbox>
			<xmin>957</xmin>
			<ymin>304</ymin>
			<xmax>2215</xmax>
			<ymax>1233</ymax>
		</bndbox>
	</object>
	<object>
		<name>갈치조림</name>
		<bndbox>
			<xmin>1156</xmin>
			<ymin>747</ymin>
			<xmax>1859</xmax>
			<ymax>1054</ymax>
		</bndbox>
	</object>
</annotation>