<annotation>
	<folder>side생선조림냄비갈치조림q4</folder>
	<filename>side_생선조림_냄비_갈치조림_Q4 00046.JPG</filename>
	<path>/side생선조림냄비갈치조림q4/side_생선조림_냄비_갈치조림_Q4 00046.JPG</path>
	<source>
		<database>fooddata</database>
	</source>
	<size>
		<width>3008</width>
		<height>2000</height>
		<depth>3</depth>
	</size>
	<object>
		<name>ref_spoon</name>
		<bndbox>
			<xmin>532</xmin>
			<ymin>619</ymin>
			<xmax>767</xmax>
			<ymax>916</ymax>
		</bndbox>
	</object>
	<object>
		<name>ref_fork</name>
		<bndbox>
			<xmin>854</xmin>
			<ymin>581</ymin>
			<xmax>1023</xmax>
			<ymax>928</ymax>
		</bndbox>
	</object>
	<object>
		<name>ref_coin</name>
		<bndbox>
			<xmin>115</xmin>
			<ymin>1343</ymin>
			<xmax>310</xmax>
			<ymax>1483</ymax>
		</bndbox>
	</object>
	<object>
		<name>dish</name>
		<bndbox>
			<xmin>1330</xmin>
			<ymin>468</ymin>
			<xmax>2632</xmax>
			<ymax>1450</ymax>
		</bndbox>
	</object>
	<object>
		<name>갈치조림</name>
		<bndbox>
			<xmin>1652</xmin>
			<ymin>731</ymin>
			<xmax>2246</xmax>
			<ymax>1276</ymax>
		</bndbox>
	</object>
</annotation>