<annotation>
	<folder>side생선조림냄비갈치조림q4</folder>
	<filename>side_생선조림_냄비_갈치조림_Q4 00036.JPG</filename>
	<path>/side생선조림냄비갈치조림q4/side_생선조림_냄비_갈치조림_Q4 00036.JPG</path>
	<source>
		<database>fooddata</database>
	</source>
	<size>
		<width>3008</width>
		<height>2000</height>
		<depth>3</depth>
	</size>
	<object>
		<name>ref_spoon</name>
		<bndbox>
			<xmin>471</xmin>
			<ymin>552</ymin>
			<xmax>729</xmax>
			<ymax>872</ymax>
		</bndbox>
	</object>
	<object>
		<name>ref_fork</name>
		<bndbox>
			<xmin>819</xmin>
			<ymin>514</ymin>
			<xmax>987</xmax>
			<ymax>875</ymax>
		</bndbox>
	</object>
	<object>
		<name>ref_coin</name>
		<bndbox>
			<xmin>1570</xmin>
			<ymin>1578</ymin>
			<xmax>1785</xmax>
			<ymax>1742</ymax>
		</bndbox>
	</object>
	<object>
		<name>dish</name>
		<bndbox>
			<xmin>1156</xmin>
			<ymin>182</ymin>
			<xmax>2476</xmax>
			<ymax>1143</ymax>
		</bndbox>
	</object>
	<object>
		<name>갈치조림</name>
		<bndbox>
			<xmin>1532</xmin>
			<ymin>476</ymin>
			<xmax>2125</xmax>
			<ymax>926</ymax>
		</bndbox>
	</object>
</annotation>