<annotation>
	<folder>side생선조림냄비갈치조림q4</folder>
	<filename>side_생선조림_냄비_갈치조림_Q4 00022.JPG</filename>
	<path>/side생선조림냄비갈치조림q4/side_생선조림_냄비_갈치조림_Q4 00022.JPG</path>
	<source>
		<database>fooddata</database>
	</source>
	<size>
		<width>3008</width>
		<height>2000</height>
		<depth>3</depth>
	</size>
	<object>
		<name>ref_spoon</name>
		<bndbox>
			<xmin>716</xmin>
			<ymin>1706</ymin>
			<xmax>1146</xmax>
			<ymax>1936</ymax>
		</bndbox>
	</object>
	<object>
		<name>ref_fork</name>
		<bndbox>
			<xmin>806</xmin>
			<ymin>1499</ymin>
			<xmax>1299</xmax>
			<ymax>1706</ymax>
		</bndbox>
	</object>
	<object>
		<name>ref_coin</name>
		<bndbox>
			<xmin>348</xmin>
			<ymin>532</ymin>
			<xmax>527</xmax>
			<ymax>647</ymax>
		</bndbox>
	</object>
	<object>
		<name>dish</name>
		<bndbox>
			<xmin>957</xmin>
			<ymin>379</ymin>
			<xmax>2228</xmax>
			<ymax>1325</ymax>
		</bndbox>
	</object>
	<object>
		<name>갈치조림</name>
		<bndbox>
			<xmin>1161</xmin>
			<ymin>923</ymin>
			<xmax>1923</xmax>
			<ymax>1146</ymax>
		</bndbox>
	</object>
</annotation>