<annotation>
	<folder>side생선조림냄비갈치조림q4</folder>
	<filename>side_생선조림_냄비_갈치조림_Q4 00048.JPG</filename>
	<path>/side생선조림냄비갈치조림q4/side_생선조림_냄비_갈치조림_Q4 00048.JPG</path>
	<source>
		<database>fooddata</database>
	</source>
	<size>
		<width>3008</width>
		<height>2000</height>
		<depth>3</depth>
	</size>
	<object>
		<name>ref_spoon</name>
		<bndbox>
			<xmin>550</xmin>
			<ymin>535</ymin>
			<xmax>793</xmax>
			<ymax>841</ymax>
		</bndbox>
	</object>
	<object>
		<name>ref_fork</name>
		<bndbox>
			<xmin>883</xmin>
			<ymin>494</ymin>
			<xmax>1044</xmax>
			<ymax>834</ymax>
		</bndbox>
	</object>
	<object>
		<name>ref_coin</name>
		<bndbox>
			<xmin>857</xmin>
			<ymin>1476</ymin>
			<xmax>1059</xmax>
			<ymax>1624</ymax>
		</bndbox>
	</object>
	<object>
		<name>dish</name>
		<bndbox>
			<xmin>1340</xmin>
			<ymin>371</ymin>
			<xmax>2634</xmax>
			<ymax>1373</ymax>
		</bndbox>
	</object>
	<object>
		<name>갈치조림</name>
		<bndbox>
			<xmin>1568</xmin>
			<ymin>744</ymin>
			<xmax>2397</xmax>
			<ymax>1187</ymax>
		</bndbox>
	</object>
</annotation>