<annotation>
	<folder>top생선조림냄비갈치조림q4</folder>
	<filename>top_생선조림_냄비_갈치조림_Q4 00012.JPG</filename>
	<path>/top생선조림냄비갈치조림q4/top_생선조림_냄비_갈치조림_Q4 00012.JPG</path>
	<source>
		<database>fooddata</database>
	</source>
	<size>
		<width>3008</width>
		<height>2000</height>
		<depth>3</depth>
	</size>
	<object>
		<name>ref_spoon</name>
		<bndbox>
			<xmin>1968</xmin>
			<ymin>425</ymin>
			<xmax>2207</xmax>
			<ymax>784</ymax>
		</bndbox>
	</object>
	<object>
		<name>ref_fork</name>
		<bndbox>
			<xmin>2310</xmin>
			<ymin>464</ymin>
			<xmax>2467</xmax>
			<ymax>857</ymax>
		</bndbox>
	</object>
	<object>
		<name>ref_coin</name>
		<bndbox>
			<xmin>1064</xmin>
			<ymin>76</ymin>
			<xmax>1226</xmax>
			<ymax>241</ymax>
		</bndbox>
	</object>
	<object>
		<name>dish</name>
		<bndbox>
			<xmin>389</xmin>
			<ymin>494</ymin>
			<xmax>1492</xmax>
			<ymax>1600</ymax>
		</bndbox>
	</object>
	<object>
		<name>갈치조림</name>
		<bndbox>
			<xmin>674</xmin>
			<ymin>779</ymin>
			<xmax>1307</xmax>
			<ymax>1455</ymax>
		</bndbox>
	</object>
</annotation>