<annotation>
	<folder>top생선조림냄비갈치조림q4</folder>
	<filename>top_생선조림_냄비_갈치조림_Q4 00055.JPG</filename>
	<path>/top생선조림냄비갈치조림q4/top_생선조림_냄비_갈치조림_Q4 00055.JPG</path>
	<source>
		<database>fooddata</database>
	</source>
	<size>
		<width>3008</width>
		<height>2000</height>
		<depth>3</depth>
	</size>
	<object>
		<name>ref_spoon</name>
		<bndbox>
			<xmin>489</xmin>
			<ymin>226</ymin>
			<xmax>725</xmax>
			<ymax>575</ymax>
		</bndbox>
	</object>
	<object>
		<name>ref_fork</name>
		<bndbox>
			<xmin>801</xmin>
			<ymin>297</ymin>
			<xmax>976</xmax>
			<ymax>708</ymax>
		</bndbox>
	</object>
	<object>
		<name>ref_coin</name>
		<bndbox>
			<xmin>2123</xmin>
			<ymin>1405</ymin>
			<xmax>2293</xmax>
			<ymax>1577</ymax>
		</bndbox>
	</object>
	<object>
		<name>dish</name>
		<bndbox>
			<xmin>904</xmin>
			<ymin>435</ymin>
			<xmax>2052</xmax>
			<ymax>1568</ymax>
		</bndbox>
	</object>
	<object>
		<name>갈치조림</name>
		<bndbox>
			<xmin>1177</xmin>
			<ymin>673</ymin>
			<xmax>1843</xmax>
			<ymax>1339</ymax>
		</bndbox>
	</object>
</annotation>