<annotation>
	<folder>top생선조림냄비갈치조림q4</folder>
	<filename>top_생선조림_냄비_갈치조림_Q4 00007.JPG</filename>
	<path>/top생선조림냄비갈치조림q4/top_생선조림_냄비_갈치조림_Q4 00007.JPG</path>
	<source>
		<database>fooddata</database>
	</source>
	<size>
		<width>3008</width>
		<height>2000</height>
		<depth>3</depth>
	</size>
	<object>
		<name>ref_spoon</name>
		<bndbox>
			<xmin>1924</xmin>
			<ymin>334</ymin>
			<xmax>2160</xmax>
			<ymax>698</ymax>
		</bndbox>
	</object>
	<object>
		<name>ref_fork</name>
		<bndbox>
			<xmin>2253</xmin>
			<ymin>388</ymin>
			<xmax>2418</xmax>
			<ymax>794</ymax>
		</bndbox>
	</object>
	<object>
		<name>ref_coin</name>
		<bndbox>
			<xmin>391</xmin>
			<ymin>1287</ymin>
			<xmax>558</xmax>
			<ymax>1455</ymax>
		</bndbox>
	</object>
	<object>
		<name>dish</name>
		<bndbox>
			<xmin>470</xmin>
			<ymin>280</ymin>
			<xmax>1588</xmax>
			<ymax>1388</ymax>
		</bndbox>
	</object>
	<object>
		<name>갈치조림</name>
		<bndbox>
			<xmin>688</xmin>
			<ymin>560</ymin>
			<xmax>1433</xmax>
			<ymax>1177</ymax>
		</bndbox>
	</object>
</annotation>