<annotation>
	<folder>top생선조림냄비갈치조림q4</folder>
	<filename>top_생선조림_냄비_갈치조림_Q4 00038.JPG</filename>
	<path>/top생선조림냄비갈치조림q4/top_생선조림_냄비_갈치조림_Q4 00038.JPG</path>
	<source>
		<database>fooddata</database>
	</source>
	<size>
		<width>3008</width>
		<height>2000</height>
		<depth>3</depth>
	</size>
	<object>
		<name>ref_spoon</name>
		<bndbox>
			<xmin>519</xmin>
			<ymin>275</ymin>
			<xmax>742</xmax>
			<ymax>609</ymax>
		</bndbox>
	</object>
	<object>
		<name>ref_fork</name>
		<bndbox>
			<xmin>836</xmin>
			<ymin>317</ymin>
			<xmax>988</xmax>
			<ymax>698</ymax>
		</bndbox>
	</object>
	<object>
		<name>ref_coin</name>
		<bndbox>
			<xmin>1487</xmin>
			<ymin>1604</ymin>
			<xmax>1654</xmax>
			<ymax>1774</ymax>
		</bndbox>
	</object>
	<object>
		<name>dish</name>
		<bndbox>
			<xmin>1042</xmin>
			<ymin>297</ymin>
			<xmax>2135</xmax>
			<ymax>1386</ymax>
		</bndbox>
	</object>
	<object>
		<name>갈치조림</name>
		<bndbox>
			<xmin>1293</xmin>
			<ymin>555</ymin>
			<xmax>1833</xmax>
			<ymax>1177</ymax>
		</bndbox>
	</object>
</annotation>