<annotation>
	<folder>top생선조림냄비갈치조림q4</folder>
	<filename>top_생선조림_냄비_갈치조림_Q4 00016.JPG</filename>
	<path>/top생선조림냄비갈치조림q4/top_생선조림_냄비_갈치조림_Q4 00016.JPG</path>
	<source>
		<database>fooddata</database>
	</source>
	<size>
		<width>3008</width>
		<height>2000</height>
		<depth>3</depth>
	</size>
	<object>
		<name>ref_spoon</name>
		<bndbox>
			<xmin>1954</xmin>
			<ymin>305</ymin>
			<xmax>2194</xmax>
			<ymax>668</ymax>
		</bndbox>
	</object>
	<object>
		<name>ref_fork</name>
		<bndbox>
			<xmin>2305</xmin>
			<ymin>351</ymin>
			<xmax>2472</xmax>
			<ymax>759</ymax>
		</bndbox>
	</object>
	<object>
		<name>ref_coin</name>
		<bndbox>
			<xmin>1504</xmin>
			<ymin>1332</ymin>
			<xmax>1674</xmax>
			<ymax>1511</ymax>
		</bndbox>
	</object>
	<object>
		<name>dish</name>
		<bndbox>
			<xmin>494</xmin>
			<ymin>258</ymin>
			<xmax>1656</xmax>
			<ymax>1400</ymax>
		</bndbox>
	</object>
	<object>
		<name>갈치조림</name>
		<bndbox>
			<xmin>853</xmin>
			<ymin>477</ymin>
			<xmax>1389</xmax>
			<ymax>1204</ymax>
		</bndbox>
	</object>
</annotation>