<annotation>
	<folder>top생선조림냄비갈치조림q4</folder>
	<filename>top_생선조림_냄비_갈치조림_Q4 00037.JPG</filename>
	<path>/top생선조림냄비갈치조림q4/top_생선조림_냄비_갈치조림_Q4 00037.JPG</path>
	<source>
		<database>fooddata</database>
	</source>
	<size>
		<width>3008</width>
		<height>2000</height>
		<depth>3</depth>
	</size>
	<object>
		<name>ref_spoon</name>
		<bndbox>
			<xmin>529</xmin>
			<ymin>435</ymin>
			<xmax>745</xmax>
			<ymax>789</ymax>
		</bndbox>
	</object>
	<object>
		<name>ref_fork</name>
		<bndbox>
			<xmin>836</xmin>
			<ymin>484</ymin>
			<xmax>993</xmax>
			<ymax>865</ymax>
		</bndbox>
	</object>
	<object>
		<name>ref_coin</name>
		<bndbox>
			<xmin>1327</xmin>
			<ymin>1789</ymin>
			<xmax>1479</xmax>
			<ymax>1953</ymax>
		</bndbox>
	</object>
	<object>
		<name>dish</name>
		<bndbox>
			<xmin>1008</xmin>
			<ymin>477</ymin>
			<xmax>2104</xmax>
			<ymax>1543</ymax>
		</bndbox>
	</object>
	<object>
		<name>갈치조림</name>
		<bndbox>
			<xmin>1229</xmin>
			<ymin>794</ymin>
			<xmax>1912</xmax>
			<ymax>1425</ymax>
		</bndbox>
	</object>
</annotation>