<annotation>
	<folder>top생선조림냄비갈치조림q4</folder>
	<filename>top_생선조림_냄비_갈치조림_Q4 00002.JPG</filename>
	<path>/top생선조림냄비갈치조림q4/top_생선조림_냄비_갈치조림_Q4 00002.JPG</path>
	<source>
		<database>fooddata</database>
	</source>
	<size>
		<width>3008</width>
		<height>2000</height>
		<depth>3</depth>
	</size>
	<object>
		<name>ref_spoon</name>
		<bndbox>
			<xmin>1774</xmin>
			<ymin>482</ymin>
			<xmax>2008</xmax>
			<ymax>828</ymax>
		</bndbox>
	</object>
	<object>
		<name>ref_fork</name>
		<bndbox>
			<xmin>2113</xmin>
			<ymin>536</ymin>
			<xmax>2266</xmax>
			<ymax>919</ymax>
		</bndbox>
	</object>
	<object>
		<name>ref_coin</name>
		<bndbox>
			<xmin>1359</xmin>
			<ymin>1617</ymin>
			<xmax>1526</xmax>
			<ymax>1784</ymax>
		</bndbox>
	</object>
	<object>
		<name>dish</name>
		<bndbox>
			<xmin>452</xmin>
			<ymin>391</ymin>
			<xmax>1565</xmax>
			<ymax>1486</ymax>
		</bndbox>
	</object>
	<object>
		<name>갈치조림</name>
		<bndbox>
			<xmin>907</xmin>
			<ymin>808</ymin>
			<xmax>1386</xmax>
			<ymax>1246</ymax>
		</bndbox>
	</object>
</annotation>