<annotation>
	<folder>side오므라이스사각배달오므라이스q2</folder>
	<filename>side_오므라이스_사각배달_오므라이스_Q2_00045.JPG</filename>
	<path>/side오므라이스사각배달오므라이스q2/side_오므라이스_사각배달_오므라이스_Q2_00045.JPG</path>
	<source>
		<database>fooddata</database>
	</source>
	<size>
		<width>3008</width>
		<height>2000</height>
		<depth>3</depth>
	</size>
	<object>
		<name>ref_spoon</name>
		<bndbox>
			<xmin>593</xmin>
			<ymin>714</ymin>
			<xmax>868</xmax>
			<ymax>1058</ymax>
		</bndbox>
	</object>
	<object>
		<name>ref_fork</name>
		<bndbox>
			<xmin>960</xmin>
			<ymin>729</ymin>
			<xmax>1148</xmax>
			<ymax>1121</ymax>
		</bndbox>
	</object>
	<object>
		<name>ref_coin</name>
		<bndbox>
			<xmin>212</xmin>
			<ymin>905</ymin>
			<xmax>410</xmax>
			<ymax>1039</ymax>
		</bndbox>
	</object>
	<object>
		<name>dish</name>
		<bndbox>
			<xmin>1446</xmin>
			<ymin>409</ymin>
			<xmax>2675</xmax>
			<ymax>1568</ymax>
		</bndbox>
	</object>
	<object>
		<name>오므라이스</name>
		<bndbox>
			<xmin>1561</xmin>
			<ymin>649</ymin>
			<xmax>2377</xmax>
			<ymax>1269</ymax>
		</bndbox>
	</object>
</annotation>