<annotation>
	<folder>side오므라이스사각배달오므라이스q2</folder>
	<filename>side_오므라이스_사각배달_오므라이스_Q2_00002.JPG</filename>
	<path>/side오므라이스사각배달오므라이스q2/side_오므라이스_사각배달_오므라이스_Q2_00002.JPG</path>
	<source>
		<database>fooddata</database>
	</source>
	<size>
		<width>3008</width>
		<height>2000</height>
		<depth>3</depth>
	</size>
	<object>
		<name>ref_spoon</name>
		<bndbox>
			<xmin>1907</xmin>
			<ymin>458</ymin>
			<xmax>2189</xmax>
			<ymax>806</ymax>
		</bndbox>
	</object>
	<object>
		<name>ref_fork</name>
		<bndbox>
			<xmin>2351</xmin>
			<ymin>477</ymin>
			<xmax>2570</xmax>
			<ymax>867</ymax>
		</bndbox>
	</object>
	<object>
		<name>ref_coin</name>
		<bndbox>
			<xmin>1162</xmin>
			<ymin>1683</ymin>
			<xmax>1392</xmax>
			<ymax>1852</ymax>
		</bndbox>
	</object>
	<object>
		<name>dish</name>
		<bndbox>
			<xmin>393</xmin>
			<ymin>280</ymin>
			<xmax>1905</xmax>
			<ymax>1511</ymax>
		</bndbox>
	</object>
	<object>
		<name>오므라이스</name>
		<bndbox>
			<xmin>673</xmin>
			<ymin>472</ymin>
			<xmax>1435</xmax>
			<ymax>1229</ymax>
		</bndbox>
	</object>
</annotation>