<annotation>
	<folder>side오므라이스사각배달오므라이스q2</folder>
	<filename>side_오므라이스_사각배달_오므라이스_Q2_00013.JPG</filename>
	<path>/side오므라이스사각배달오므라이스q2/side_오므라이스_사각배달_오므라이스_Q2_00013.JPG</path>
	<source>
		<database>fooddata</database>
	</source>
	<size>
		<width>3008</width>
		<height>2000</height>
		<depth>3</depth>
	</size>
	<object>
		<name>ref_spoon</name>
		<bndbox>
			<xmin>1893</xmin>
			<ymin>637</ymin>
			<xmax>2165</xmax>
			<ymax>968</ymax>
		</bndbox>
	</object>
	<object>
		<name>ref_fork</name>
		<bndbox>
			<xmin>2323</xmin>
			<ymin>642</ymin>
			<xmax>2546</xmax>
			<ymax>1025</ymax>
		</bndbox>
	</object>
	<object>
		<name>ref_coin</name>
		<bndbox>
			<xmin>2205</xmin>
			<ymin>416</ymin>
			<xmax>2393</xmax>
			<ymax>536</ymax>
		</bndbox>
	</object>
	<object>
		<name>dish</name>
		<bndbox>
			<xmin>154</xmin>
			<ymin>710</ymin>
			<xmax>1707</xmax>
			<ymax>1671</ymax>
		</bndbox>
	</object>
	<object>
		<name>오므라이스</name>
		<bndbox>
			<xmin>255</xmin>
			<ymin>1051</ymin>
			<xmax>1192</xmax>
			<ymax>1398</ymax>
		</bndbox>
	</object>
</annotation>