<annotation>
	<folder>side오므라이스사각배달오므라이스q2</folder>
	<filename>side_오므라이스_사각배달_오므라이스_Q2_00044.JPG</filename>
	<path>/side오므라이스사각배달오므라이스q2/side_오므라이스_사각배달_오므라이스_Q2_00044.JPG</path>
	<source>
		<database>fooddata</database>
	</source>
	<size>
		<width>3008</width>
		<height>2000</height>
		<depth>3</depth>
	</size>
	<object>
		<name>ref_spoon</name>
		<bndbox>
			<xmin>532</xmin>
			<ymin>703</ymin>
			<xmax>802</xmax>
			<ymax>1051</ymax>
		</bndbox>
	</object>
	<object>
		<name>ref_fork</name>
		<bndbox>
			<xmin>894</xmin>
			<ymin>712</ymin>
			<xmax>1075</xmax>
			<ymax>1112</ymax>
		</bndbox>
	</object>
	<object>
		<name>ref_coin</name>
		<bndbox>
			<xmin>828</xmin>
			<ymin>501</ymin>
			<xmax>1016</xmax>
			<ymax>623</ymax>
		</bndbox>
	</object>
	<object>
		<name>dish</name>
		<bndbox>
			<xmin>1249</xmin>
			<ymin>578</ymin>
			<xmax>2365</xmax>
			<ymax>1753</ymax>
		</bndbox>
	</object>
	<object>
		<name>오므라이스</name>
		<bndbox>
			<xmin>1359</xmin>
			<ymin>841</ymin>
			<xmax>2229</xmax>
			<ymax>1497</ymax>
		</bndbox>
	</object>
</annotation>