<annotation>
	<folder>side오므라이스사각배달오므라이스q2</folder>
	<filename>side_오므라이스_사각배달_오므라이스_Q2_00006.JPG</filename>
	<path>/side오므라이스사각배달오므라이스q2/side_오므라이스_사각배달_오므라이스_Q2_00006.JPG</path>
	<source>
		<database>fooddata</database>
	</source>
	<size>
		<width>3008</width>
		<height>2000</height>
		<depth>3</depth>
	</size>
	<object>
		<name>ref_spoon</name>
		<bndbox>
			<xmin>2100</xmin>
			<ymin>597</ymin>
			<xmax>2379</xmax>
			<ymax>931</ymax>
		</bndbox>
	</object>
	<object>
		<name>ref_fork</name>
		<bndbox>
			<xmin>2544</xmin>
			<ymin>611</ymin>
			<xmax>2762</xmax>
			<ymax>999</ymax>
		</bndbox>
	</object>
	<object>
		<name>ref_coin</name>
		<bndbox>
			<xmin>116</xmin>
			<ymin>1615</ymin>
			<xmax>344</xmax>
			<ymax>1784</ymax>
		</bndbox>
	</object>
	<object>
		<name>dish</name>
		<bndbox>
			<xmin>631</xmin>
			<ymin>505</ymin>
			<xmax>1914</xmax>
			<ymax>1730</ymax>
		</bndbox>
	</object>
	<object>
		<name>오므라이스</name>
		<bndbox>
			<xmin>903</xmin>
			<ymin>1036</ymin>
			<xmax>1731</xmax>
			<ymax>1455</ymax>
		</bndbox>
	</object>
</annotation>