<annotation>
	<folder>side오므라이스사각배달오므라이스q2</folder>
	<filename>side_오므라이스_사각배달_오므라이스_Q2_00055.JPG</filename>
	<path>/side오므라이스사각배달오므라이스q2/side_오므라이스_사각배달_오므라이스_Q2_00055.JPG</path>
	<source>
		<database>fooddata</database>
	</source>
	<size>
		<width>3008</width>
		<height>2000</height>
		<depth>3</depth>
	</size>
	<object>
		<name>ref_spoon</name>
		<bndbox>
			<xmin>219</xmin>
			<ymin>613</ymin>
			<xmax>492</xmax>
			<ymax>957</ymax>
		</bndbox>
	</object>
	<object>
		<name>ref_fork</name>
		<bndbox>
			<xmin>598</xmin>
			<ymin>602</ymin>
			<xmax>779</xmax>
			<ymax>999</ymax>
		</bndbox>
	</object>
	<object>
		<name>ref_coin</name>
		<bndbox>
			<xmin>2513</xmin>
			<ymin>1394</ymin>
			<xmax>2737</xmax>
			<ymax>1549</ymax>
		</bndbox>
	</object>
	<object>
		<name>dish</name>
		<bndbox>
			<xmin>1056</xmin>
			<ymin>259</ymin>
			<xmax>2187</xmax>
			<ymax>1405</ymax>
		</bndbox>
	</object>
	<object>
		<name>오므라이스</name>
		<bndbox>
			<xmin>1174</xmin>
			<ymin>529</ymin>
			<xmax>2015</xmax>
			<ymax>1128</ymax>
		</bndbox>
	</object>
</annotation>