<annotation>
	<folder>side오므라이스사각배달오므라이스q2</folder>
	<filename>side_오므라이스_사각배달_오므라이스_Q2_00046.JPG</filename>
	<path>/side오므라이스사각배달오므라이스q2/side_오므라이스_사각배달_오므라이스_Q2_00046.JPG</path>
	<source>
		<database>fooddata</database>
	</source>
	<size>
		<width>3008</width>
		<height>2000</height>
		<depth>3</depth>
	</size>
	<object>
		<name>ref_spoon</name>
		<bndbox>
			<xmin>661</xmin>
			<ymin>804</ymin>
			<xmax>934</xmax>
			<ymax>1142</ymax>
		</bndbox>
	</object>
	<object>
		<name>ref_fork</name>
		<bndbox>
			<xmin>1030</xmin>
			<ymin>811</ymin>
			<xmax>1211</xmax>
			<ymax>1206</ymax>
		</bndbox>
	</object>
	<object>
		<name>ref_coin</name>
		<bndbox>
			<xmin>163</xmin>
			<ymin>1206</ymin>
			<xmax>365</xmax>
			<ymax>1349</ymax>
		</bndbox>
	</object>
	<object>
		<name>dish</name>
		<bndbox>
			<xmin>1376</xmin>
			<ymin>503</ymin>
			<xmax>2692</xmax>
			<ymax>1702</ymax>
		</bndbox>
	</object>
	<object>
		<name>오므라이스</name>
		<bndbox>
			<xmin>1709</xmin>
			<ymin>931</ymin>
			<xmax>2433</xmax>
			<ymax>1438</ymax>
		</bndbox>
	</object>
</annotation>