<annotation>
	<folder>side오므라이스사각배달오므라이스q2</folder>
	<filename>side_오므라이스_사각배달_오므라이스_Q2_00034.JPG</filename>
	<path>/side오므라이스사각배달오므라이스q2/side_오므라이스_사각배달_오므라이스_Q2_00034.JPG</path>
	<source>
		<database>fooddata</database>
	</source>
	<size>
		<width>3008</width>
		<height>2000</height>
		<depth>3</depth>
	</size>
	<object>
		<name>ref_spoon</name>
		<bndbox>
			<xmin>501</xmin>
			<ymin>1702</ymin>
			<xmax>955</xmax>
			<ymax>1915</ymax>
		</bndbox>
	</object>
	<object>
		<name>ref_fork</name>
		<bndbox>
			<xmin>558</xmin>
			<ymin>1499</ymin>
			<xmax>1037</xmax>
			<ymax>1694</ymax>
		</bndbox>
	</object>
	<object>
		<name>ref_coin</name>
		<bndbox>
			<xmin>1625</xmin>
			<ymin>277</ymin>
			<xmax>1796</xmax>
			<ymax>392</ymax>
		</bndbox>
	</object>
	<object>
		<name>dish</name>
		<bndbox>
			<xmin>603</xmin>
			<ymin>277</ymin>
			<xmax>1912</xmax>
			<ymax>1365</ymax>
		</bndbox>
	</object>
	<object>
		<name>오므라이스</name>
		<bndbox>
			<xmin>988</xmin>
			<ymin>766</ymin>
			<xmax>1764</xmax>
			<ymax>1112</ymax>
		</bndbox>
	</object>
</annotation>