<annotation>
	<folder>side오므라이스사각배달오므라이스q2</folder>
	<filename>side_오므라이스_사각배달_오므라이스_Q2_00021.JPG</filename>
	<path>/side오므라이스사각배달오므라이스q2/side_오므라이스_사각배달_오므라이스_Q2_00021.JPG</path>
	<source>
		<database>fooddata</database>
	</source>
	<size>
		<width>3008</width>
		<height>2000</height>
		<depth>3</depth>
	</size>
	<object>
		<name>ref_spoon</name>
		<bndbox>
			<xmin>621</xmin>
			<ymin>1633</ymin>
			<xmax>1075</xmax>
			<ymax>1859</ymax>
		</bndbox>
	</object>
	<object>
		<name>ref_fork</name>
		<bndbox>
			<xmin>682</xmin>
			<ymin>1412</ymin>
			<xmax>1167</xmax>
			<ymax>1631</ymax>
		</bndbox>
	</object>
	<object>
		<name>ref_coin</name>
		<bndbox>
			<xmin>2196</xmin>
			<ymin>1316</ymin>
			<xmax>2403</xmax>
			<ymax>1467</ymax>
		</bndbox>
	</object>
	<object>
		<name>dish</name>
		<bndbox>
			<xmin>767</xmin>
			<ymin>294</ymin>
			<xmax>2252</xmax>
			<ymax>1206</ymax>
		</bndbox>
	</object>
	<object>
		<name>오므라이스</name>
		<bndbox>
			<xmin>1308</xmin>
			<ymin>461</ymin>
			<xmax>2043</xmax>
			<ymax>893</ymax>
		</bndbox>
	</object>
</annotation>