<annotation>
	<folder>top오므라이스사각배달오므라이스q2</folder>
	<filename>top_오므라이스_사각배달_오므라이스_Q2_00018.JPG</filename>
	<path>/top오므라이스사각배달오므라이스q2/top_오므라이스_사각배달_오므라이스_Q2_00018.JPG</path>
	<source>
		<database>fooddata</database>
	</source>
	<size>
		<width>3008</width>
		<height>2000</height>
		<depth>3</depth>
	</size>
	<object>
		<name>ref_spoon</name>
		<bndbox>
			<xmin>874</xmin>
			<ymin>1612</ymin>
			<xmax>1209</xmax>
			<ymax>1846</ymax>
		</bndbox>
	</object>
	<object>
		<name>ref_fork</name>
		<bndbox>
			<xmin>925</xmin>
			<ymin>1363</ymin>
			<xmax>1280</xmax>
			<ymax>1531</ymax>
		</bndbox>
	</object>
	<object>
		<name>ref_coin</name>
		<bndbox>
			<xmin>2022</xmin>
			<ymin>1414</ymin>
			<xmax>2180</xmax>
			<ymax>1572</ymax>
		</bndbox>
	</object>
	<object>
		<name>dish</name>
		<bndbox>
			<xmin>1006</xmin>
			<ymin>276</ymin>
			<xmax>2083</xmax>
			<ymax>1384</ymax>
		</bndbox>
	</object>
	<object>
		<name>오므라이스</name>
		<bndbox>
			<xmin>1250</xmin>
			<ymin>606</ymin>
			<xmax>1829</xmax>
			<ymax>1272</ymax>
		</bndbox>
	</object>
</annotation>