<annotation>
	<folder>top오므라이스사각배달오므라이스q2</folder>
	<filename>top_오므라이스_사각배달_오므라이스_Q2_00046.JPG</filename>
	<path>/top오므라이스사각배달오므라이스q2/top_오므라이스_사각배달_오므라이스_Q2_00046.JPG</path>
	<source>
		<database>fooddata</database>
	</source>
	<size>
		<width>3008</width>
		<height>2000</height>
		<depth>3</depth>
	</size>
	<object>
		<name>ref_spoon</name>
		<bndbox>
			<xmin>661</xmin>
			<ymin>327</ymin>
			<xmax>930</xmax>
			<ymax>743</ymax>
		</bndbox>
	</object>
	<object>
		<name>ref_fork</name>
		<bndbox>
			<xmin>1047</xmin>
			<ymin>418</ymin>
			<xmax>1245</xmax>
			<ymax>865</ymax>
		</bndbox>
	</object>
	<object>
		<name>ref_coin</name>
		<bndbox>
			<xmin>315</xmin>
			<ymin>1033</ymin>
			<xmax>539</xmax>
			<ymax>1221</ymax>
		</bndbox>
	</object>
	<object>
		<name>dish</name>
		<bndbox>
			<xmin>1265</xmin>
			<ymin>256</ymin>
			<xmax>2490</xmax>
			<ymax>1790</ymax>
		</bndbox>
	</object>
	<object>
		<name>오므라이스</name>
		<bndbox>
			<xmin>1428</xmin>
			<ymin>571</ymin>
			<xmax>2256</xmax>
			<ymax>1673</ymax>
		</bndbox>
	</object>
</annotation>