<annotation>
	<folder>top오므라이스사각배달오므라이스q2</folder>
	<filename>top_오므라이스_사각배달_오므라이스_Q2_00012.JPG</filename>
	<path>/top오므라이스사각배달오므라이스q2/top_오므라이스_사각배달_오므라이스_Q2_00012.JPG</path>
	<source>
		<database>fooddata</database>
	</source>
	<size>
		<width>3008</width>
		<height>2000</height>
		<depth>3</depth>
	</size>
	<object>
		<name>ref_spoon</name>
		<bndbox>
			<xmin>1804</xmin>
			<ymin>555</ymin>
			<xmax>2048</xmax>
			<ymax>936</ymax>
		</bndbox>
	</object>
	<object>
		<name>ref_fork</name>
		<bndbox>
			<xmin>2104</xmin>
			<ymin>571</ymin>
			<xmax>2297</xmax>
			<ymax>997</ymax>
		</bndbox>
	</object>
	<object>
		<name>ref_coin</name>
		<bndbox>
			<xmin>1824</xmin>
			<ymin>57</ymin>
			<xmax>2002</xmax>
			<ymax>240</ymax>
		</bndbox>
	</object>
	<object>
		<name>dish</name>
		<bndbox>
			<xmin>406</xmin>
			<ymin>510</ymin>
			<xmax>1474</xmax>
			<ymax>1851</ymax>
		</bndbox>
	</object>
	<object>
		<name>오므라이스</name>
		<bndbox>
			<xmin>696</xmin>
			<ymin>621</ymin>
			<xmax>1275</xmax>
			<ymax>1526</ymax>
		</bndbox>
	</object>
</annotation>