<annotation>
	<folder>top오므라이스사각배달오므라이스q2</folder>
	<filename>top_오므라이스_사각배달_오므라이스_Q2_00017.JPG</filename>
	<path>/top오므라이스사각배달오므라이스q2/top_오므라이스_사각배달_오므라이스_Q2_00017.JPG</path>
	<source>
		<database>fooddata</database>
	</source>
	<size>
		<width>3008</width>
		<height>2000</height>
		<depth>3</depth>
	</size>
	<object>
		<name>ref_spoon</name>
		<bndbox>
			<xmin>879</xmin>
			<ymin>1607</ymin>
			<xmax>1209</xmax>
			<ymax>1846</ymax>
		</bndbox>
	</object>
	<object>
		<name>ref_fork</name>
		<bndbox>
			<xmin>915</xmin>
			<ymin>1373</ymin>
			<xmax>1296</xmax>
			<ymax>1531</ymax>
		</bndbox>
	</object>
	<object>
		<name>ref_coin</name>
		<bndbox>
			<xmin>2012</xmin>
			<ymin>1109</ymin>
			<xmax>2170</xmax>
			<ymax>1277</ymax>
		</bndbox>
	</object>
	<object>
		<name>dish</name>
		<bndbox>
			<xmin>1098</xmin>
			<ymin>245</ymin>
			<xmax>1900</xmax>
			<ymax>1323</ymax>
		</bndbox>
	</object>
	<object>
		<name>오므라이스</name>
		<bndbox>
			<xmin>1230</xmin>
			<ymin>459</ymin>
			<xmax>1809</xmax>
			<ymax>1231</ymax>
		</bndbox>
	</object>
</annotation>