<annotation>
	<folder>side밥류원형배달쌀밥q4</folder>
	<filename>side_밥류_원형배달_쌀밥_Q4_00040.JPG</filename>
	<path>/side밥류원형배달쌀밥q4/side_밥류_원형배달_쌀밥_Q4_00040.JPG</path>
	<source>
		<database>fooddata</database>
	</source>
	<size>
		<width>3008</width>
		<height>2000</height>
		<depth>3</depth>
	</size>
	<object>
		<name>ref_spoon</name>
		<bndbox>
			<xmin>386</xmin>
			<ymin>601</ymin>
			<xmax>688</xmax>
			<ymax>1062</ymax>
		</bndbox>
	</object>
	<object>
		<name>ref_fork</name>
		<bndbox>
			<xmin>852</xmin>
			<ymin>618</ymin>
			<xmax>1065</xmax>
			<ymax>1191</ymax>
		</bndbox>
	</object>
	<object>
		<name>ref_coin</name>
		<bndbox>
			<xmin>1717</xmin>
			<ymin>321</ymin>
			<xmax>1925</xmax>
			<ymax>463</ymax>
		</bndbox>
	</object>
	<object>
		<name>dish</name>
		<bndbox>
			<xmin>1180</xmin>
			<ymin>694</ymin>
			<xmax>2165</xmax>
			<ymax>1688</ymax>
		</bndbox>
	</object>
	<object>
		<name>쌀밥</name>
		<bndbox>
			<xmin>1273</xmin>
			<ymin>800</ymin>
			<xmax>2023</xmax>
			<ymax>1311</ymax>
		</bndbox>
	</object>
</annotation>