<annotation>
	<folder>side밥류원형배달쌀밥q4</folder>
	<filename>side_밥류_원형배달_쌀밥_Q4_00008.JPG</filename>
	<path>/side밥류원형배달쌀밥q4/side_밥류_원형배달_쌀밥_Q4_00008.JPG</path>
	<source>
		<database>fooddata</database>
	</source>
	<size>
		<width>3008</width>
		<height>2000</height>
		<depth>3</depth>
	</size>
	<object>
		<name>ref_spoon</name>
		<bndbox>
			<xmin>1815</xmin>
			<ymin>410</ymin>
			<xmax>2130</xmax>
			<ymax>880</ymax>
		</bndbox>
	</object>
	<object>
		<name>ref_fork</name>
		<bndbox>
			<xmin>2232</xmin>
			<ymin>503</ymin>
			<xmax>2449</xmax>
			<ymax>1049</ymax>
		</bndbox>
	</object>
	<object>
		<name>ref_coin</name>
		<bndbox>
			<xmin>461</xmin>
			<ymin>1328</ymin>
			<xmax>705</xmax>
			<ymax>1524</ymax>
		</bndbox>
	</object>
	<object>
		<name>dish</name>
		<bndbox>
			<xmin>861</xmin>
			<ymin>383</ymin>
			<xmax>1819</xmax>
			<ymax>1368</ymax>
		</bndbox>
	</object>
	<object>
		<name>쌀밥</name>
		<bndbox>
			<xmin>958</xmin>
			<ymin>574</ymin>
			<xmax>1739</xmax>
			<ymax>1000</ymax>
		</bndbox>
	</object>
</annotation>