<annotation>
	<folder>side밥류원형배달쌀밥q4</folder>
	<filename>side_밥류_원형배달_쌀밥_Q4_00050.JPG</filename>
	<path>/side밥류원형배달쌀밥q4/side_밥류_원형배달_쌀밥_Q4_00050.JPG</path>
	<source>
		<database>fooddata</database>
	</source>
	<size>
		<width>3008</width>
		<height>2000</height>
		<depth>3</depth>
	</size>
	<object>
		<name>ref_spoon</name>
		<bndbox>
			<xmin>293</xmin>
			<ymin>437</ymin>
			<xmax>603</xmax>
			<ymax>920</ymax>
		</bndbox>
	</object>
	<object>
		<name>ref_fork</name>
		<bndbox>
			<xmin>768</xmin>
			<ymin>485</ymin>
			<xmax>980</xmax>
			<ymax>1031</ymax>
		</bndbox>
	</object>
	<object>
		<name>ref_coin</name>
		<bndbox>
			<xmin>2440</xmin>
			<ymin>1692</ymin>
			<xmax>2684</xmax>
			<ymax>1887</ymax>
		</bndbox>
	</object>
	<object>
		<name>dish</name>
		<bndbox>
			<xmin>1154</xmin>
			<ymin>405</ymin>
			<xmax>2116</xmax>
			<ymax>1390</ymax>
		</bndbox>
	</object>
	<object>
		<name>쌀밥</name>
		<bndbox>
			<xmin>1242</xmin>
			<ymin>521</ymin>
			<xmax>2032</xmax>
			<ymax>1004</ymax>
		</bndbox>
	</object>
</annotation>