<annotation>
	<folder>side밥류원형배달쌀밥q4</folder>
	<filename>side_밥류_원형배달_쌀밥_Q4_00031.JPG</filename>
	<path>/side밥류원형배달쌀밥q4/side_밥류_원형배달_쌀밥_Q4_00031.JPG</path>
	<source>
		<database>fooddata</database>
	</source>
	<size>
		<width>3008</width>
		<height>2000</height>
		<depth>3</depth>
	</size>
	<object>
		<name>ref_spoon</name>
		<bndbox>
			<xmin>630</xmin>
			<ymin>1328</ymin>
			<xmax>1189</xmax>
			<ymax>1577</ymax>
		</bndbox>
	</object>
	<object>
		<name>ref_fork</name>
		<bndbox>
			<xmin>674</xmin>
			<ymin>1093</ymin>
			<xmax>1260</xmax>
			<ymax>1315</ymax>
		</bndbox>
	</object>
	<object>
		<name>ref_coin</name>
		<bndbox>
			<xmin>1149</xmin>
			<ymin>1674</ymin>
			<xmax>1366</xmax>
			<ymax>1856</ymax>
		</bndbox>
	</object>
	<object>
		<name>dish</name>
		<bndbox>
			<xmin>1025</xmin>
			<ymin>215</ymin>
			<xmax>1859</xmax>
			<ymax>1053</ymax>
		</bndbox>
	</object>
	<object>
		<name>쌀밥</name>
		<bndbox>
			<xmin>1083</xmin>
			<ymin>370</ymin>
			<xmax>1801</xmax>
			<ymax>725</ymax>
		</bndbox>
	</object>
</annotation>