<annotation>
	<folder>side밥류원형배달쌀밥q4</folder>
	<filename>side_밥류_원형배달_쌀밥_Q4_00045.JPG</filename>
	<path>/side밥류원형배달쌀밥q4/side_밥류_원형배달_쌀밥_Q4_00045.JPG</path>
	<source>
		<database>fooddata</database>
	</source>
	<size>
		<width>3008</width>
		<height>2000</height>
		<depth>3</depth>
	</size>
	<object>
		<name>ref_spoon</name>
		<bndbox>
			<xmin>577</xmin>
			<ymin>512</ymin>
			<xmax>896</xmax>
			<ymax>969</ymax>
		</bndbox>
	</object>
	<object>
		<name>ref_fork</name>
		<bndbox>
			<xmin>1056</xmin>
			<ymin>556</ymin>
			<xmax>1273</xmax>
			<ymax>1098</ymax>
		</bndbox>
	</object>
	<object>
		<name>ref_coin</name>
		<bndbox>
			<xmin>2169</xmin>
			<ymin>339</ymin>
			<xmax>2387</xmax>
			<ymax>499</ymax>
		</bndbox>
	</object>
	<object>
		<name>dish</name>
		<bndbox>
			<xmin>1366</xmin>
			<ymin>579</ymin>
			<xmax>2343</xmax>
			<ymax>1577</ymax>
		</bndbox>
	</object>
	<object>
		<name>쌀밥</name>
		<bndbox>
			<xmin>1464</xmin>
			<ymin>729</ymin>
			<xmax>2272</xmax>
			<ymax>1177</ymax>
		</bndbox>
	</object>
</annotation>