<annotation>
	<folder>side밥류원형배달쌀밥q4</folder>
	<filename>side_밥류_원형배달_쌀밥_Q4_00020.JPG</filename>
	<path>/side밥류원형배달쌀밥q4/side_밥류_원형배달_쌀밥_Q4_00020.JPG</path>
	<source>
		<database>fooddata</database>
	</source>
	<size>
		<width>3008</width>
		<height>2000</height>
		<depth>3</depth>
	</size>
	<object>
		<name>ref_spoon</name>
		<bndbox>
			<xmin>373</xmin>
			<ymin>1541</ymin>
			<xmax>1012</xmax>
			<ymax>1839</ymax>
		</bndbox>
	</object>
	<object>
		<name>ref_fork</name>
		<bndbox>
			<xmin>430</xmin>
			<ymin>1275</ymin>
			<xmax>1122</xmax>
			<ymax>1537</ymax>
		</bndbox>
	</object>
	<object>
		<name>ref_coin</name>
		<bndbox>
			<xmin>1380</xmin>
			<ymin>144</ymin>
			<xmax>1597</xmax>
			<ymax>290</ymax>
		</bndbox>
	</object>
	<object>
		<name>dish</name>
		<bndbox>
			<xmin>665</xmin>
			<ymin>308</ymin>
			<xmax>1593</xmax>
			<ymax>1244</ymax>
		</bndbox>
	</object>
	<object>
		<name>쌀밥</name>
		<bndbox>
			<xmin>768</xmin>
			<ymin>392</ymin>
			<xmax>1522</xmax>
			<ymax>876</ymax>
		</bndbox>
	</object>
</annotation>