<annotation>
	<folder>top밥류원형배달쌀밥q4</folder>
	<filename>top_밥류_원형배달_쌀밥_Q4_00014.JPG</filename>
	<path>/top밥류원형배달쌀밥q4/top_밥류_원형배달_쌀밥_Q4_00014.JPG</path>
	<source>
		<database>fooddata</database>
	</source>
	<size>
		<width>3008</width>
		<height>2000</height>
		<depth>3</depth>
	</size>
	<object>
		<name>ref_spoon</name>
		<bndbox>
			<xmin>1888</xmin>
			<ymin>348</ymin>
			<xmax>2226</xmax>
			<ymax>875</ymax>
		</bndbox>
	</object>
	<object>
		<name>ref_fork</name>
		<bndbox>
			<xmin>2325</xmin>
			<ymin>427</ymin>
			<xmax>2575</xmax>
			<ymax>980</ymax>
		</bndbox>
	</object>
	<object>
		<name>ref_coin</name>
		<bndbox>
			<xmin>1454</xmin>
			<ymin>1275</ymin>
			<xmax>1698</xmax>
			<ymax>1520</ymax>
		</bndbox>
	</object>
	<object>
		<name>dish</name>
		<bndbox>
			<xmin>199</xmin>
			<ymin>512</ymin>
			<xmax>1300</xmax>
			<ymax>1603</ymax>
		</bndbox>
	</object>
	<object>
		<name>쌀밥</name>
		<bndbox>
			<xmin>329</xmin>
			<ymin>641</ymin>
			<xmax>1200</xmax>
			<ymax>1511</ymax>
		</bndbox>
	</object>
</annotation>