<annotation>
	<folder>top밥류원형배달쌀밥q4</folder>
	<filename>top_밥류_원형배달_쌀밥_Q4_00028.JPG</filename>
	<path>/top밥류원형배달쌀밥q4/top_밥류_원형배달_쌀밥_Q4_00028.JPG</path>
	<source>
		<database>fooddata</database>
	</source>
	<size>
		<width>3008</width>
		<height>2000</height>
		<depth>3</depth>
	</size>
	<object>
		<name>ref_spoon</name>
		<bndbox>
			<xmin>613</xmin>
			<ymin>1575</ymin>
			<xmax>1051</xmax>
			<ymax>1856</ymax>
		</bndbox>
	</object>
	<object>
		<name>ref_fork</name>
		<bndbox>
			<xmin>692</xmin>
			<ymin>1326</ymin>
			<xmax>1135</xmax>
			<ymax>1498</ymax>
		</bndbox>
	</object>
	<object>
		<name>ref_coin</name>
		<bndbox>
			<xmin>1190</xmin>
			<ymin>123</ymin>
			<xmax>1360</xmax>
			<ymax>283</ymax>
		</bndbox>
	</object>
	<object>
		<name>dish</name>
		<bndbox>
			<xmin>936</xmin>
			<ymin>376</ymin>
			<xmax>1723</xmax>
			<ymax>1138</ymax>
		</bndbox>
	</object>
	<object>
		<name>쌀밥</name>
		<bndbox>
			<xmin>1049</xmin>
			<ymin>527</ymin>
			<xmax>1643</xmax>
			<ymax>1080</ymax>
		</bndbox>
	</object>
</annotation>