<annotation>
	<folder>top밥류원형배달쌀밥q4</folder>
	<filename>top_밥류_원형배달_쌀밥_Q4_00044.JPG</filename>
	<path>/top밥류원형배달쌀밥q4/top_밥류_원형배달_쌀밥_Q4_00044.JPG</path>
	<source>
		<database>fooddata</database>
	</source>
	<size>
		<width>3008</width>
		<height>2000</height>
		<depth>3</depth>
	</size>
	<object>
		<name>ref_spoon</name>
		<bndbox>
			<xmin>519</xmin>
			<ymin>143</ymin>
			<xmax>836</xmax>
			<ymax>617</ymax>
		</bndbox>
	</object>
	<object>
		<name>ref_fork</name>
		<bndbox>
			<xmin>992</xmin>
			<ymin>245</ymin>
			<xmax>1200</xmax>
			<ymax>743</ymax>
		</bndbox>
	</object>
	<object>
		<name>ref_coin</name>
		<bndbox>
			<xmin>1285</xmin>
			<ymin>1518</ymin>
			<xmax>1509</xmax>
			<ymax>1747</ymax>
		</bndbox>
	</object>
	<object>
		<name>dish</name>
		<bndbox>
			<xmin>1320</xmin>
			<ymin>547</ymin>
			<xmax>2306</xmax>
			<ymax>1538</ymax>
		</bndbox>
	</object>
	<object>
		<name>쌀밥</name>
		<bndbox>
			<xmin>1414</xmin>
			<ymin>706</ymin>
			<xmax>2196</xmax>
			<ymax>1448</ymax>
		</bndbox>
	</object>
</annotation>