<annotation>
	<folder>top밥류원형배달쌀밥q4</folder>
	<filename>top_밥류_원형배달_쌀밥_Q4_00015.JPG</filename>
	<path>/top밥류원형배달쌀밥q4/top_밥류_원형배달_쌀밥_Q4_00015.JPG</path>
	<source>
		<database>fooddata</database>
	</source>
	<size>
		<width>3008</width>
		<height>2000</height>
		<depth>3</depth>
	</size>
	<object>
		<name>ref_spoon</name>
		<bndbox>
			<xmin>1908</xmin>
			<ymin>343</ymin>
			<xmax>2251</xmax>
			<ymax>861</ymax>
		</bndbox>
	</object>
	<object>
		<name>ref_fork</name>
		<bndbox>
			<xmin>2346</xmin>
			<ymin>417</ymin>
			<xmax>2600</xmax>
			<ymax>950</ymax>
		</bndbox>
	</object>
	<object>
		<name>ref_coin</name>
		<bndbox>
			<xmin>1365</xmin>
			<ymin>1516</ymin>
			<xmax>1609</xmax>
			<ymax>1767</ymax>
		</bndbox>
	</object>
	<object>
		<name>dish</name>
		<bndbox>
			<xmin>258</xmin>
			<ymin>457</ymin>
			<xmax>1345</xmax>
			<ymax>1543</ymax>
		</bndbox>
	</object>
	<object>
		<name>쌀밥</name>
		<bndbox>
			<xmin>354</xmin>
			<ymin>572</ymin>
			<xmax>1235</xmax>
			<ymax>1452</ymax>
		</bndbox>
	</object>
</annotation>