<annotation>
	<folder>top밥류원형배달쌀밥q4</folder>
	<filename>top_밥류_원형배달_쌀밥_Q4_00025.JPG</filename>
	<path>/top밥류원형배달쌀밥q4/top_밥류_원형배달_쌀밥_Q4_00025.JPG</path>
	<source>
		<database>fooddata</database>
	</source>
	<size>
		<width>3008</width>
		<height>2000</height>
		<depth>3</depth>
	</size>
	<object>
		<name>ref_spoon</name>
		<bndbox>
			<xmin>528</xmin>
			<ymin>1474</ymin>
			<xmax>1006</xmax>
			<ymax>1787</ymax>
		</bndbox>
	</object>
	<object>
		<name>ref_fork</name>
		<bndbox>
			<xmin>588</xmin>
			<ymin>1184</ymin>
			<xmax>1101</xmax>
			<ymax>1374</ymax>
		</bndbox>
	</object>
	<object>
		<name>ref_coin</name>
		<bndbox>
			<xmin>1735</xmin>
			<ymin>203</ymin>
			<xmax>1938</xmax>
			<ymax>407</ymax>
		</bndbox>
	</object>
	<object>
		<name>dish</name>
		<bndbox>
			<xmin>787</xmin>
			<ymin>99</ymin>
			<xmax>1703</xmax>
			<ymax>1005</ymax>
		</bndbox>
	</object>
	<object>
		<name>쌀밥</name>
		<bndbox>
			<xmin>926</xmin>
			<ymin>229</ymin>
			<xmax>1594</xmax>
			<ymax>945</ymax>
		</bndbox>
	</object>
</annotation>