<annotation>
	<folder>side어육류면적철판닭갈비q1</folder>
	<filename>side_어육류면적_철판_닭갈비_Q1_00040.JPG</filename>
	<path>/side어육류면적철판닭갈비q1/side_어육류면적_철판_닭갈비_Q1_00040.JPG</path>
	<source>
		<database>fooddata</database>
	</source>
	<size>
		<width>3008</width>
		<height>2000</height>
		<depth>3</depth>
	</size>
	<object>
		<name>ref_spoon</name>
		<bndbox>
			<xmin>390</xmin>
			<ymin>414</ymin>
			<xmax>647</xmax>
			<ymax>737</ymax>
		</bndbox>
	</object>
	<object>
		<name>ref_fork</name>
		<bndbox>
			<xmin>727</xmin>
			<ymin>428</ymin>
			<xmax>905</xmax>
			<ymax>809</ymax>
		</bndbox>
	</object>
	<object>
		<name>ref_coin</name>
		<bndbox>
			<xmin>909</xmin>
			<ymin>1368</ymin>
			<xmax>1108</xmax>
			<ymax>1532</ymax>
		</bndbox>
	</object>
	<object>
		<name>dish</name>
		<bndbox>
			<xmin>1145</xmin>
			<ymin>279</ymin>
			<xmax>2629</xmax>
			<ymax>1376</ymax>
		</bndbox>
	</object>
	<object>
		<name>닭갈비</name>
		<bndbox>
			<xmin>1468</xmin>
			<ymin>563</ymin>
			<xmax>2284</xmax>
			<ymax>1158</ymax>
		</bndbox>
	</object>
</annotation>