<annotation>
	<folder>side어육류면적철판닭갈비q1</folder>
	<filename>side_어육류면적_철판_닭갈비_Q1_00009.JPG</filename>
	<path>/side어육류면적철판닭갈비q1/side_어육류면적_철판_닭갈비_Q1_00009.JPG</path>
	<source>
		<database>fooddata</database>
	</source>
	<size>
		<width>3008</width>
		<height>2000</height>
		<depth>3</depth>
	</size>
	<object>
		<name>ref_spoon</name>
		<bndbox>
			<xmin>2107</xmin>
			<ymin>555</ymin>
			<xmax>2368</xmax>
			<ymax>911</ymax>
		</bndbox>
	</object>
	<object>
		<name>ref_fork</name>
		<bndbox>
			<xmin>2466</xmin>
			<ymin>577</ymin>
			<xmax>2666</xmax>
			<ymax>987</ymax>
		</bndbox>
	</object>
	<object>
		<name>ref_coin</name>
		<bndbox>
			<xmin>622</xmin>
			<ymin>174</ymin>
			<xmax>803</xmax>
			<ymax>305</ymax>
		</bndbox>
	</object>
	<object>
		<name>dish</name>
		<bndbox>
			<xmin>408</xmin>
			<ymin>396</ymin>
			<xmax>1979</xmax>
			<ymax>1593</ymax>
		</bndbox>
	</object>
	<object>
		<name>닭갈비</name>
		<bndbox>
			<xmin>702</xmin>
			<ymin>795</ymin>
			<xmax>1504</xmax>
			<ymax>1278</ymax>
		</bndbox>
	</object>
</annotation>