<annotation>
	<folder>side어육류면적철판닭갈비q1</folder>
	<filename>side_어육류면적_철판_닭갈비_Q1_00013.JPG</filename>
	<path>/side어육류면적철판닭갈비q1/side_어육류면적_철판_닭갈비_Q1_00013.JPG</path>
	<source>
		<database>fooddata</database>
	</source>
	<size>
		<width>3008</width>
		<height>2000</height>
		<depth>3</depth>
	</size>
	<object>
		<name>ref_spoon</name>
		<bndbox>
			<xmin>2172</xmin>
			<ymin>606</ymin>
			<xmax>2426</xmax>
			<ymax>958</ymax>
		</bndbox>
	</object>
	<object>
		<name>ref_fork</name>
		<bndbox>
			<xmin>2524</xmin>
			<ymin>621</ymin>
			<xmax>2713</xmax>
			<ymax>1016</ymax>
		</bndbox>
	</object>
	<object>
		<name>ref_coin</name>
		<bndbox>
			<xmin>1896</xmin>
			<ymin>998</ymin>
			<xmax>2085</xmax>
			<ymax>1143</ymax>
		</bndbox>
	</object>
	<object>
		<name>dish</name>
		<bndbox>
			<xmin>299</xmin>
			<ymin>417</ymin>
			<xmax>1794</xmax>
			<ymax>1550</ymax>
		</bndbox>
	</object>
	<object>
		<name>닭갈비</name>
		<bndbox>
			<xmin>713</xmin>
			<ymin>780</ymin>
			<xmax>1348</xmax>
			<ymax>1299</ymax>
		</bndbox>
	</object>
</annotation>