<annotation>
	<folder>side어육류면적철판닭갈비q1</folder>
	<filename>side_어육류면적_철판_닭갈비_Q1_00010.JPG</filename>
	<path>/side어육류면적철판닭갈비q1/side_어육류면적_철판_닭갈비_Q1_00010.JPG</path>
	<source>
		<database>fooddata</database>
	</source>
	<size>
		<width>3008</width>
		<height>2000</height>
		<depth>3</depth>
	</size>
	<object>
		<name>ref_spoon</name>
		<bndbox>
			<xmin>2092</xmin>
			<ymin>526</ymin>
			<xmax>2346</xmax>
			<ymax>893</ymax>
		</bndbox>
	</object>
	<object>
		<name>ref_fork</name>
		<bndbox>
			<xmin>2455</xmin>
			<ymin>548</ymin>
			<xmax>2655</xmax>
			<ymax>955</ymax>
		</bndbox>
	</object>
	<object>
		<name>ref_coin</name>
		<bndbox>
			<xmin>1678</xmin>
			<ymin>240</ymin>
			<xmax>1867</xmax>
			<ymax>370</ymax>
		</bndbox>
	</object>
	<object>
		<name>dish</name>
		<bndbox>
			<xmin>299</xmin>
			<ymin>399</ymin>
			<xmax>1896</xmax>
			<ymax>1612</ymax>
		</bndbox>
	</object>
	<object>
		<name>닭갈비</name>
		<bndbox>
			<xmin>607</xmin>
			<ymin>838</ymin>
			<xmax>1388</xmax>
			<ymax>1328</ymax>
		</bndbox>
	</object>
</annotation>