<annotation>
	<folder>side어육류면적철판닭갈비q1</folder>
	<filename>side_어육류면적_철판_닭갈비_Q1_00062.JPG</filename>
	<path>/side어육류면적철판닭갈비q1/side_어육류면적_철판_닭갈비_Q1_00062.JPG</path>
	<source>
		<database>fooddata</database>
	</source>
	<size>
		<width>3008</width>
		<height>2000</height>
		<depth>3</depth>
	</size>
	<object>
		<name>ref_spoon</name>
		<bndbox>
			<xmin>361</xmin>
			<ymin>356</ymin>
			<xmax>626</xmax>
			<ymax>708</ymax>
		</bndbox>
	</object>
	<object>
		<name>ref_fork</name>
		<bndbox>
			<xmin>713</xmin>
			<ymin>359</ymin>
			<xmax>898</xmax>
			<ymax>755</ymax>
		</bndbox>
	</object>
	<object>
		<name>ref_coin</name>
		<bndbox>
			<xmin>945</xmin>
			<ymin>1713</ymin>
			<xmax>1174</xmax>
			<ymax>1895</ymax>
		</bndbox>
	</object>
	<object>
		<name>dish</name>
		<bndbox>
			<xmin>1112</xmin>
			<ymin>258</ymin>
			<xmax>2684</xmax>
			<ymax>1405</ymax>
		</bndbox>
	</object>
	<object>
		<name>닭갈비</name>
		<bndbox>
			<xmin>1417</xmin>
			<ymin>519</ymin>
			<xmax>2234</xmax>
			<ymax>958</ymax>
		</bndbox>
	</object>
</annotation>