<annotation>
	<folder>side어육류면적철판닭갈비q1</folder>
	<filename>side_어육류면적_철판_닭갈비_Q1_00038.JPG</filename>
	<path>/side어육류면적철판닭갈비q1/side_어육류면적_철판_닭갈비_Q1_00038.JPG</path>
	<source>
		<database>fooddata</database>
	</source>
	<size>
		<width>3008</width>
		<height>2000</height>
		<depth>3</depth>
	</size>
	<object>
		<name>ref_spoon</name>
		<bndbox>
			<xmin>328</xmin>
			<ymin>432</ymin>
			<xmax>582</xmax>
			<ymax>759</ymax>
		</bndbox>
	</object>
	<object>
		<name>ref_fork</name>
		<bndbox>
			<xmin>658</xmin>
			<ymin>439</ymin>
			<xmax>836</xmax>
			<ymax>824</ymax>
		</bndbox>
	</object>
	<object>
		<name>ref_coin</name>
		<bndbox>
			<xmin>455</xmin>
			<ymin>1579</ymin>
			<xmax>662</xmax>
			<ymax>1746</ymax>
		</bndbox>
	</object>
	<object>
		<name>dish</name>
		<bndbox>
			<xmin>1068</xmin>
			<ymin>312</ymin>
			<xmax>2553</xmax>
			<ymax>1397</ymax>
		</bndbox>
	</object>
	<object>
		<name>닭갈비</name>
		<bndbox>
			<xmin>1395</xmin>
			<ymin>523</ymin>
			<xmax>2215</xmax>
			<ymax>1176</ymax>
		</bndbox>
	</object>
</annotation>