<annotation>
	<folder>top어육류면적철판닭갈비q1</folder>
	<filename>top_어육류면적_철판_닭갈비_Q1_00011.JPG</filename>
	<path>/top어육류면적철판닭갈비q1/top_어육류면적_철판_닭갈비_Q1_00011.JPG</path>
	<source>
		<database>fooddata</database>
	</source>
	<size>
		<width>3008</width>
		<height>2000</height>
		<depth>3</depth>
	</size>
	<object>
		<name>ref_spoon</name>
		<bndbox>
			<xmin>2125</xmin>
			<ymin>383</ymin>
			<xmax>2356</xmax>
			<ymax>818</ymax>
		</bndbox>
	</object>
	<object>
		<name>ref_fork</name>
		<bndbox>
			<xmin>2409</xmin>
			<ymin>401</ymin>
			<xmax>2573</xmax>
			<ymax>814</ymax>
		</bndbox>
	</object>
	<object>
		<name>ref_coin</name>
		<bndbox>
			<xmin>1402</xmin>
			<ymin>122</ymin>
			<xmax>1566</xmax>
			<ymax>281</ymax>
		</bndbox>
	</object>
	<object>
		<name>dish</name>
		<bndbox>
			<xmin>595</xmin>
			<ymin>343</ymin>
			<xmax>1952</xmax>
			<ymax>1710</ymax>
		</bndbox>
	</object>
	<object>
		<name>닭갈비</name>
		<bndbox>
			<xmin>719</xmin>
			<ymin>663</ymin>
			<xmax>1495</xmax>
			<ymax>1284</ymax>
		</bndbox>
	</object>
</annotation>