<annotation>
	<folder>top어육류면적철판닭갈비q1</folder>
	<filename>top_어육류면적_철판_닭갈비_Q1_00048.JPG</filename>
	<path>/top어육류면적철판닭갈비q1/top_어육류면적_철판_닭갈비_Q1_00048.JPG</path>
	<source>
		<database>fooddata</database>
	</source>
	<size>
		<width>3008</width>
		<height>2000</height>
		<depth>3</depth>
	</size>
	<object>
		<name>ref_spoon</name>
		<bndbox>
			<xmin>537</xmin>
			<ymin>321</ymin>
			<xmax>794</xmax>
			<ymax>769</ymax>
		</bndbox>
	</object>
	<object>
		<name>ref_fork</name>
		<bndbox>
			<xmin>852</xmin>
			<ymin>374</ymin>
			<xmax>1029</xmax>
			<ymax>858</ymax>
		</bndbox>
	</object>
	<object>
		<name>ref_coin</name>
		<bndbox>
			<xmin>1154</xmin>
			<ymin>157</ymin>
			<xmax>1322</xmax>
			<ymax>330</ymax>
		</bndbox>
	</object>
	<object>
		<name>dish</name>
		<bndbox>
			<xmin>1069</xmin>
			<ymin>357</ymin>
			<xmax>2520</xmax>
			<ymax>1692</ymax>
		</bndbox>
	</object>
	<object>
		<name>닭갈비</name>
		<bndbox>
			<xmin>1309</xmin>
			<ymin>894</ymin>
			<xmax>2232</xmax>
			<ymax>1595</ymax>
		</bndbox>
	</object>
</annotation>