<annotation>
	<folder>top어육류면적철판닭갈비q1</folder>
	<filename>top_어육류면적_철판_닭갈비_Q1_00007.JPG</filename>
	<path>/top어육류면적철판닭갈비q1/top_어육류면적_철판_닭갈비_Q1_00007.JPG</path>
	<source>
		<database>fooddata</database>
	</source>
	<size>
		<width>3008</width>
		<height>2000</height>
		<depth>3</depth>
	</size>
	<object>
		<name>ref_spoon</name>
		<bndbox>
			<xmin>2028</xmin>
			<ymin>308</ymin>
			<xmax>2254</xmax>
			<ymax>734</ymax>
		</bndbox>
	</object>
	<object>
		<name>ref_fork</name>
		<bndbox>
			<xmin>2311</xmin>
			<ymin>317</ymin>
			<xmax>2467</xmax>
			<ymax>734</ymax>
		</bndbox>
	</object>
	<object>
		<name>ref_coin</name>
		<bndbox>
			<xmin>288</xmin>
			<ymin>840</ymin>
			<xmax>484</xmax>
			<ymax>1027</ymax>
		</bndbox>
	</object>
	<object>
		<name>dish</name>
		<bndbox>
			<xmin>581</xmin>
			<ymin>290</ymin>
			<xmax>1961</xmax>
			<ymax>1563</ymax>
		</bndbox>
	</object>
	<object>
		<name>닭갈비</name>
		<bndbox>
			<xmin>944</xmin>
			<ymin>658</ymin>
			<xmax>1730</xmax>
			<ymax>1269</ymax>
		</bndbox>
	</object>
</annotation>