<annotation>
	<folder>top어육류면적철판닭갈비q1</folder>
	<filename>top_어육류면적_철판_닭갈비_Q1_00023.JPG</filename>
	<path>/top어육류면적철판닭갈비q1/top_어육류면적_철판_닭갈비_Q1_00023.JPG</path>
	<source>
		<database>fooddata</database>
	</source>
	<size>
		<width>3008</width>
		<height>2000</height>
		<depth>3</depth>
	</size>
	<object>
		<name>ref_spoon</name>
		<bndbox>
			<xmin>1047</xmin>
			<ymin>1710</ymin>
			<xmax>1464</xmax>
			<ymax>1941</ymax>
		</bndbox>
	</object>
	<object>
		<name>ref_fork</name>
		<bndbox>
			<xmin>1198</xmin>
			<ymin>1519</ymin>
			<xmax>1602</xmax>
			<ymax>1683</ymax>
		</bndbox>
	</object>
	<object>
		<name>ref_coin</name>
		<bndbox>
			<xmin>923</xmin>
			<ymin>636</ymin>
			<xmax>1069</xmax>
			<ymax>783</ymax>
		</bndbox>
	</object>
	<object>
		<name>dish</name>
		<bndbox>
			<xmin>1207</xmin>
			<ymin>215</ymin>
			<xmax>2311</xmax>
			<ymax>1253</ymax>
		</bndbox>
	</object>
	<object>
		<name>닭갈비</name>
		<bndbox>
			<xmin>1353</xmin>
			<ymin>343</ymin>
			<xmax>2014</xmax>
			<ymax>982</ymax>
		</bndbox>
	</object>
</annotation>