<annotation>
	<folder>top어육류면적철판닭갈비q1</folder>
	<filename>top_어육류면적_철판_닭갈비_Q1_00053.JPG</filename>
	<path>/top어육류면적철판닭갈비q1/top_어육류면적_철판_닭갈비_Q1_00053.JPG</path>
	<source>
		<database>fooddata</database>
	</source>
	<size>
		<width>3008</width>
		<height>2000</height>
		<depth>3</depth>
	</size>
	<object>
		<name>ref_spoon</name>
		<bndbox>
			<xmin>608</xmin>
			<ymin>246</ymin>
			<xmax>861</xmax>
			<ymax>716</ymax>
		</bndbox>
	</object>
	<object>
		<name>ref_fork</name>
		<bndbox>
			<xmin>914</xmin>
			<ymin>299</ymin>
			<xmax>1087</xmax>
			<ymax>796</ymax>
		</bndbox>
	</object>
	<object>
		<name>ref_coin</name>
		<bndbox>
			<xmin>1105</xmin>
			<ymin>1679</ymin>
			<xmax>1295</xmax>
			<ymax>1883</ymax>
		</bndbox>
	</object>
	<object>
		<name>dish</name>
		<bndbox>
			<xmin>1105</xmin>
			<ymin>295</ymin>
			<xmax>2573</xmax>
			<ymax>1626</ymax>
		</bndbox>
	</object>
	<object>
		<name>닭갈비</name>
		<bndbox>
			<xmin>1486</xmin>
			<ymin>618</ymin>
			<xmax>2272</xmax>
			<ymax>1475</ymax>
		</bndbox>
	</object>
</annotation>