<annotation>
	<folder>top어육류면적철판닭갈비q1</folder>
	<filename>top_어육류면적_철판_닭갈비_Q1_00044.JPG</filename>
	<path>/top어육류면적철판닭갈비q1/top_어육류면적_철판_닭갈비_Q1_00044.JPG</path>
	<source>
		<database>fooddata</database>
	</source>
	<size>
		<width>3008</width>
		<height>2000</height>
		<depth>3</depth>
	</size>
	<object>
		<name>ref_spoon</name>
		<bndbox>
			<xmin>342</xmin>
			<ymin>308</ymin>
			<xmax>595</xmax>
			<ymax>738</ymax>
		</bndbox>
	</object>
	<object>
		<name>ref_fork</name>
		<bndbox>
			<xmin>639</xmin>
			<ymin>339</ymin>
			<xmax>843</xmax>
			<ymax>827</ymax>
		</bndbox>
	</object>
	<object>
		<name>ref_coin</name>
		<bndbox>
			<xmin>2063</xmin>
			<ymin>215</ymin>
			<xmax>2232</xmax>
			<ymax>374</ymax>
		</bndbox>
	</object>
	<object>
		<name>dish</name>
		<bndbox>
			<xmin>874</xmin>
			<ymin>303</ymin>
			<xmax>2263</xmax>
			<ymax>1590</ymax>
		</bndbox>
	</object>
	<object>
		<name>닭갈비</name>
		<bndbox>
			<xmin>1226</xmin>
			<ymin>765</ymin>
			<xmax>2014</xmax>
			<ymax>1371</ymax>
		</bndbox>
	</object>
</annotation>