<annotation>
	<folder>top어육류면적철판닭갈비q1</folder>
	<filename>top_어육류면적_철판_닭갈비_Q1_00010.JPG</filename>
	<path>/top어육류면적철판닭갈비q1/top_어육류면적_철판_닭갈비_Q1_00010.JPG</path>
	<source>
		<database>fooddata</database>
	</source>
	<size>
		<width>3008</width>
		<height>2000</height>
		<depth>3</depth>
	</size>
	<object>
		<name>ref_spoon</name>
		<bndbox>
			<xmin>2085</xmin>
			<ymin>357</ymin>
			<xmax>2307</xmax>
			<ymax>800</ymax>
		</bndbox>
	</object>
	<object>
		<name>ref_fork</name>
		<bndbox>
			<xmin>2369</xmin>
			<ymin>370</ymin>
			<xmax>2524</xmax>
			<ymax>823</ymax>
		</bndbox>
	</object>
	<object>
		<name>ref_coin</name>
		<bndbox>
			<xmin>856</xmin>
			<ymin>68</ymin>
			<xmax>1020</xmax>
			<ymax>237</ymax>
		</bndbox>
	</object>
	<object>
		<name>dish</name>
		<bndbox>
			<xmin>612</xmin>
			<ymin>317</ymin>
			<xmax>1877</xmax>
			<ymax>1683</ymax>
		</bndbox>
	</object>
	<object>
		<name>닭갈비</name>
		<bndbox>
			<xmin>781</xmin>
			<ymin>636</ymin>
			<xmax>1517</xmax>
			<ymax>1453</ymax>
		</bndbox>
	</object>
</annotation>