<annotation>
	<folder>top어육류면적철판닭갈비q1</folder>
	<filename>top_어육류면적_철판_닭갈비_Q1_00021.JPG</filename>
	<path>/top어육류면적철판닭갈비q1/top_어육류면적_철판_닭갈비_Q1_00021.JPG</path>
	<source>
		<database>fooddata</database>
	</source>
	<size>
		<width>3008</width>
		<height>2000</height>
		<depth>3</depth>
	</size>
	<object>
		<name>ref_spoon</name>
		<bndbox>
			<xmin>918</xmin>
			<ymin>1683</ymin>
			<xmax>1358</xmax>
			<ymax>1932</ymax>
		</bndbox>
	</object>
	<object>
		<name>ref_fork</name>
		<bndbox>
			<xmin>1078</xmin>
			<ymin>1479</ymin>
			<xmax>1548</xmax>
			<ymax>1648</ymax>
		</bndbox>
	</object>
	<object>
		<name>ref_coin</name>
		<bndbox>
			<xmin>630</xmin>
			<ymin>920</ymin>
			<xmax>790</xmax>
			<ymax>1080</ymax>
		</bndbox>
	</object>
	<object>
		<name>dish</name>
		<bndbox>
			<xmin>1038</xmin>
			<ymin>86</ymin>
			<xmax>2254</xmax>
			<ymax>1280</ymax>
		</bndbox>
	</object>
	<object>
		<name>닭갈비</name>
		<bndbox>
			<xmin>1114</xmin>
			<ymin>255</ymin>
			<xmax>1823</xmax>
			<ymax>947</ymax>
		</bndbox>
	</object>
</annotation>