<annotation>
	<folder>top어육류면적철판닭갈비q1</folder>
	<filename>top_어육류면적_철판_닭갈비_Q1_00002.JPG</filename>
	<path>/top어육류면적철판닭갈비q1/top_어육류면적_철판_닭갈비_Q1_00002.JPG</path>
	<source>
		<database>fooddata</database>
	</source>
	<size>
		<width>3008</width>
		<height>2000</height>
		<depth>3</depth>
	</size>
	<object>
		<name>ref_spoon</name>
		<bndbox>
			<xmin>1894</xmin>
			<ymin>392</ymin>
			<xmax>2107</xmax>
			<ymax>800</ymax>
		</bndbox>
	</object>
	<object>
		<name>ref_fork</name>
		<bndbox>
			<xmin>2165</xmin>
			<ymin>405</ymin>
			<xmax>2320</xmax>
			<ymax>836</ymax>
		</bndbox>
	</object>
	<object>
		<name>ref_coin</name>
		<bndbox>
			<xmin>1544</xmin>
			<ymin>1550</ymin>
			<xmax>1717</xmax>
			<ymax>1723</ymax>
		</bndbox>
	</object>
	<object>
		<name>dish</name>
		<bndbox>
			<xmin>470</xmin>
			<ymin>250</ymin>
			<xmax>1828</xmax>
			<ymax>1572</ymax>
		</bndbox>
	</object>
	<object>
		<name>닭갈비</name>
		<bndbox>
			<xmin>932</xmin>
			<ymin>388</ymin>
			<xmax>1539</xmax>
			<ymax>1146</ymax>
		</bndbox>
	</object>
</annotation>