<annotation>
	<folder>side주먹밥김밥류접시참치마요삼각김밥q3</folder>
	<filename>side_주먹밥김밥류_접시_참치마요삼각김밥_Q3_00016.JPG</filename>
	<path>/side주먹밥김밥류접시참치마요삼각김밥q3/side_주먹밥김밥류_접시_참치마요삼각김밥_Q3_00016.JPG</path>
	<source>
		<database>fooddata</database>
	</source>
	<size>
		<width>3008</width>
		<height>2000</height>
		<depth>3</depth>
	</size>
	<object>
		<name>ref_spoon</name>
		<bndbox>
			<xmin>1956</xmin>
			<ymin>339</ymin>
			<xmax>2288</xmax>
			<ymax>776</ymax>
		</bndbox>
	</object>
	<object>
		<name>ref_fork</name>
		<bndbox>
			<xmin>2435</xmin>
			<ymin>405</ymin>
			<xmax>2666</xmax>
			<ymax>919</ymax>
		</bndbox>
	</object>
	<object>
		<name>ref_coin</name>
		<bndbox>
			<xmin>1651</xmin>
			<ymin>828</ymin>
			<xmax>1904</xmax>
			<ymax>1032</ymax>
		</bndbox>
	</object>
	<object>
		<name>dish</name>
		<bndbox>
			<xmin>123</xmin>
			<ymin>472</ymin>
			<xmax>1506</xmax>
			<ymax>1533</ymax>
		</bndbox>
	</object>
	<object>
		<name>참치마요삼각김밥</name>
		<bndbox>
			<xmin>361</xmin>
			<ymin>624</ymin>
			<xmax>1199</xmax>
			<ymax>1310</ymax>
		</bndbox>
	</object>
</annotation>