<annotation>
	<folder>side주먹밥김밥류접시참치마요삼각김밥q3</folder>
	<filename>side_주먹밥김밥류_접시_참치마요삼각김밥_Q3_00011.JPG</filename>
	<path>/side주먹밥김밥류접시참치마요삼각김밥q3/side_주먹밥김밥류_접시_참치마요삼각김밥_Q3_00011.JPG</path>
	<source>
		<database>fooddata</database>
	</source>
	<size>
		<width>3008</width>
		<height>2000</height>
		<depth>3</depth>
	</size>
	<object>
		<name>ref_spoon</name>
		<bndbox>
			<xmin>1865</xmin>
			<ymin>265</ymin>
			<xmax>2182</xmax>
			<ymax>690</ymax>
		</bndbox>
	</object>
	<object>
		<name>ref_fork</name>
		<bndbox>
			<xmin>2327</xmin>
			<ymin>307</ymin>
			<xmax>2556</xmax>
			<ymax>799</ymax>
		</bndbox>
	</object>
	<object>
		<name>ref_coin</name>
		<bndbox>
			<xmin>408</xmin>
			<ymin>349</ymin>
			<xmax>639</xmax>
			<ymax>526</ymax>
		</bndbox>
	</object>
	<object>
		<name>dish</name>
		<bndbox>
			<xmin>450</xmin>
			<ymin>467</ymin>
			<xmax>1809</xmax>
			<ymax>1523</ymax>
		</bndbox>
	</object>
	<object>
		<name>참치마요삼각김밥</name>
		<bndbox>
			<xmin>968</xmin>
			<ymin>595</ymin>
			<xmax>1416</xmax>
			<ymax>1322</ymax>
		</bndbox>
	</object>
</annotation>