<annotation>
	<folder>side주먹밥김밥류접시참치마요삼각김밥q3</folder>
	<filename>side_주먹밥김밥류_접시_참치마요삼각김밥_Q3_00041.JPG</filename>
	<path>/side주먹밥김밥류접시참치마요삼각김밥q3/side_주먹밥김밥류_접시_참치마요삼각김밥_Q3_00041.JPG</path>
	<source>
		<database>fooddata</database>
	</source>
	<size>
		<width>3008</width>
		<height>2000</height>
		<depth>3</depth>
	</size>
	<object>
		<name>ref_spoon</name>
		<bndbox>
			<xmin>334</xmin>
			<ymin>337</ymin>
			<xmax>637</xmax>
			<ymax>720</ymax>
		</bndbox>
	</object>
	<object>
		<name>ref_fork</name>
		<bndbox>
			<xmin>669</xmin>
			<ymin>376</ymin>
			<xmax>877</xmax>
			<ymax>830</ymax>
		</bndbox>
	</object>
	<object>
		<name>ref_coin</name>
		<bndbox>
			<xmin>2588</xmin>
			<ymin>1061</ymin>
			<xmax>2826</xmax>
			<ymax>1253</ymax>
		</bndbox>
	</object>
	<object>
		<name>dish</name>
		<bndbox>
			<xmin>988</xmin>
			<ymin>491</ymin>
			<xmax>2234</xmax>
			<ymax>1479</ymax>
		</bndbox>
	</object>
	<object>
		<name>참치마요삼각김밥</name>
		<bndbox>
			<xmin>1278</xmin>
			<ymin>521</ymin>
			<xmax>1865</xmax>
			<ymax>1197</ymax>
		</bndbox>
	</object>
</annotation>