<annotation>
	<folder>side주먹밥김밥류접시참치마요삼각김밥q3</folder>
	<filename>side_주먹밥김밥류_접시_참치마요삼각김밥_Q3_00040.JPG</filename>
	<path>/side주먹밥김밥류접시참치마요삼각김밥q3/side_주먹밥김밥류_접시_참치마요삼각김밥_Q3_00040.JPG</path>
	<source>
		<database>fooddata</database>
	</source>
	<size>
		<width>3008</width>
		<height>2000</height>
		<depth>3</depth>
	</size>
	<object>
		<name>ref_spoon</name>
		<bndbox>
			<xmin>376</xmin>
			<ymin>243</ymin>
			<xmax>683</xmax>
			<ymax>636</ymax>
		</bndbox>
	</object>
	<object>
		<name>ref_fork</name>
		<bndbox>
			<xmin>718</xmin>
			<ymin>280</ymin>
			<xmax>934</xmax>
			<ymax>737</ymax>
		</bndbox>
	</object>
	<object>
		<name>ref_coin</name>
		<bndbox>
			<xmin>2644</xmin>
			<ymin>1098</ymin>
			<xmax>2887</xmax>
			<ymax>1302</ymax>
		</bndbox>
	</object>
	<object>
		<name>dish</name>
		<bndbox>
			<xmin>1047</xmin>
			<ymin>381</ymin>
			<xmax>2300</xmax>
			<ymax>1354</ymax>
		</bndbox>
	</object>
	<object>
		<name>참치마요삼각김밥</name>
		<bndbox>
			<xmin>1396</xmin>
			<ymin>514</ymin>
			<xmax>2091</xmax>
			<ymax>1081</ymax>
		</bndbox>
	</object>
</annotation>