<annotation>
	<folder>재작업2</folder>
	<filename>side_주먹밥김밥류_접시_참치마요삼각김밥_Q3_00037.JPG</filename>
	<path>/side주먹밥김밥류접시참치마요삼각김밥q3/side_주먹밥김밥류_접시_참치마요삼각김밥_Q3_00037.JPG</path>
	<source>
		<database>fooddata</database>
	</source>
	<size>
		<width>3008</width>
		<height>2000</height>
		<depth>3</depth>
	</size>
	<object>
		<name>ref_spoon</name>
		<bndbox>
			<xmin>499</xmin>
			<ymin>151</ymin>
			<xmax>790</xmax>
			<ymax>535</ymax>
		</bndbox>
	</object>
	<object>
		<name>ref_fork</name>
		<bndbox>
			<xmin>844</xmin>
			<ymin>184</ymin>
			<xmax>1044</xmax>
			<ymax>621</ymax>
		</bndbox>
	</object>
	<object>
		<name>ref_coin</name>
		<bndbox>
			<xmin>1903</xmin>
			<ymin>1399</ymin>
			<xmax>2138</xmax>
			<ymax>1598</ymax>
		</bndbox>
	</object>
	<object>
		<name>dish</name>
		<bndbox>
			<xmin>1079</xmin>
			<ymin>279</ymin>
			<xmax>2333</xmax>
			<ymax>1212</ymax>
		</bndbox>
	</object>
	<object>
		<name>참치마요삼각김밥</name>
		<bndbox>
			<xmin>1394</xmin>
			<ymin>368</ymin>
			<xmax>2013</xmax>
			<ymax>1038</ymax>
		</bndbox>
	</object>
</annotation>