<annotation>
	<folder>side주먹밥김밥류접시참치마요삼각김밥q3</folder>
	<filename>side_주먹밥김밥류_접시_참치마요삼각김밥_Q3_00021.JPG</filename>
	<path>/side주먹밥김밥류접시참치마요삼각김밥q3/side_주먹밥김밥류_접시_참치마요삼각김밥_Q3_00021.JPG</path>
	<source>
		<database>fooddata</database>
	</source>
	<size>
		<width>3008</width>
		<height>2000</height>
		<depth>3</depth>
	</size>
	<object>
		<name>ref_spoon</name>
		<bndbox>
			<xmin>465</xmin>
			<ymin>1516</ymin>
			<xmax>963</xmax>
			<ymax>1826</ymax>
		</bndbox>
	</object>
	<object>
		<name>ref_fork</name>
		<bndbox>
			<xmin>556</xmin>
			<ymin>1243</ymin>
			<xmax>1099</xmax>
			<ymax>1486</ymax>
		</bndbox>
	</object>
	<object>
		<name>ref_coin</name>
		<bndbox>
			<xmin>2045</xmin>
			<ymin>462</ymin>
			<xmax>2271</xmax>
			<ymax>644</ymax>
		</bndbox>
	</object>
	<object>
		<name>dish</name>
		<bndbox>
			<xmin>750</xmin>
			<ymin>209</ymin>
			<xmax>1968</xmax>
			<ymax>1133</ymax>
		</bndbox>
	</object>
	<object>
		<name>참치마요삼각김밥</name>
		<bndbox>
			<xmin>1072</xmin>
			<ymin>314</ymin>
			<xmax>1642</xmax>
			<ymax>939</ymax>
		</bndbox>
	</object>
</annotation>