<annotation>
	<folder>top주먹밥김밥류접시참치마요삼각김밥q3</folder>
	<filename>top_주먹밥김밥류_접시_참치마요삼각김밥_Q3_00030.JPG</filename>
	<path>/top주먹밥김밥류접시참치마요삼각김밥q3/top_주먹밥김밥류_접시_참치마요삼각김밥_Q3_00030.JPG</path>
	<source>
		<database>fooddata</database>
	</source>
	<size>
		<width>3008</width>
		<height>2000</height>
		<depth>3</depth>
	</size>
	<object>
		<name>ref_spoon</name>
		<bndbox>
			<xmin>579</xmin>
			<ymin>1507</ymin>
			<xmax>1103</xmax>
			<ymax>1789</ymax>
		</bndbox>
	</object>
	<object>
		<name>ref_fork</name>
		<bndbox>
			<xmin>631</xmin>
			<ymin>1250</ymin>
			<xmax>1182</xmax>
			<ymax>1433</ymax>
		</bndbox>
	</object>
	<object>
		<name>ref_coin</name>
		<bndbox>
			<xmin>2071</xmin>
			<ymin>1207</ymin>
			<xmax>2261</xmax>
			<ymax>1412</ymax>
		</bndbox>
	</object>
	<object>
		<name>dish</name>
		<bndbox>
			<xmin>885</xmin>
			<ymin>73</ymin>
			<xmax>1915</xmax>
			<ymax>1096</ymax>
		</bndbox>
	</object>
	<object>
		<name>참치마요삼각김밥</name>
		<bndbox>
			<xmin>1210</xmin>
			<ymin>245</ymin>
			<xmax>1636</xmax>
			<ymax>861</ymax>
		</bndbox>
	</object>
</annotation>