<annotation>
	<folder>top주먹밥김밥류접시참치마요삼각김밥q3</folder>
	<filename>top_주먹밥김밥류_접시_참치마요삼각김밥_Q3_00010.JPG</filename>
	<path>/top주먹밥김밥류접시참치마요삼각김밥q3/top_주먹밥김밥류_접시_참치마요삼각김밥_Q3_00010.JPG</path>
	<source>
		<database>fooddata</database>
	</source>
	<size>
		<width>3008</width>
		<height>2000</height>
		<depth>3</depth>
	</size>
	<object>
		<name>ref_spoon</name>
		<bndbox>
			<xmin>1908</xmin>
			<ymin>236</ymin>
			<xmax>2209</xmax>
			<ymax>827</ymax>
		</bndbox>
	</object>
	<object>
		<name>ref_fork</name>
		<bndbox>
			<xmin>2343</xmin>
			<ymin>337</ymin>
			<xmax>2546</xmax>
			<ymax>904</ymax>
		</bndbox>
	</object>
	<object>
		<name>ref_coin</name>
		<bndbox>
			<xmin>475</xmin>
			<ymin>202</ymin>
			<xmax>692</xmax>
			<ymax>410</ymax>
		</bndbox>
	</object>
	<object>
		<name>dish</name>
		<bndbox>
			<xmin>475</xmin>
			<ymin>453</ymin>
			<xmax>1761</xmax>
			<ymax>1724</ymax>
		</bndbox>
	</object>
	<object>
		<name>참치마요삼각김밥</name>
		<bndbox>
			<xmin>695</xmin>
			<ymin>741</ymin>
			<xmax>1320</xmax>
			<ymax>1522</ymax>
		</bndbox>
	</object>
</annotation>