<annotation>
	<folder>top주먹밥김밥류접시참치마요삼각김밥q3</folder>
	<filename>top_주먹밥김밥류_접시_참치마요삼각김밥_Q3_00008.JPG</filename>
	<path>/top주먹밥김밥류접시참치마요삼각김밥q3/top_주먹밥김밥류_접시_참치마요삼각김밥_Q3_00008.JPG</path>
	<source>
		<database>fooddata</database>
	</source>
	<size>
		<width>3008</width>
		<height>2000</height>
		<depth>3</depth>
	</size>
	<object>
		<name>ref_spoon</name>
		<bndbox>
			<xmin>1970</xmin>
			<ymin>211</ymin>
			<xmax>2276</xmax>
			<ymax>793</ymax>
		</bndbox>
	</object>
	<object>
		<name>ref_fork</name>
		<bndbox>
			<xmin>2395</xmin>
			<ymin>312</ymin>
			<xmax>2601</xmax>
			<ymax>900</ymax>
		</bndbox>
	</object>
	<object>
		<name>ref_coin</name>
		<bndbox>
			<xmin>150</xmin>
			<ymin>753</ymin>
			<xmax>417</xmax>
			<ymax>986</ymax>
		</bndbox>
	</object>
	<object>
		<name>dish</name>
		<bndbox>
			<xmin>539</xmin>
			<ymin>371</ymin>
			<xmax>1820</xmax>
			<ymax>1639</ymax>
		</bndbox>
	</object>
	<object>
		<name>참치마요삼각김밥</name>
		<bndbox>
			<xmin>747</xmin>
			<ymin>658</ymin>
			<xmax>1498</xmax>
			<ymax>1342</ymax>
		</bndbox>
	</object>
</annotation>