<annotation>
	<folder>top주먹밥김밥류접시참치마요삼각김밥q3</folder>
	<filename>top_주먹밥김밥류_접시_참치마요삼각김밥_Q3_00006.JPG</filename>
	<path>/top주먹밥김밥류접시참치마요삼각김밥q3/top_주먹밥김밥류_접시_참치마요삼각김밥_Q3_00006.JPG</path>
	<source>
		<database>fooddata</database>
	</source>
	<size>
		<width>3008</width>
		<height>2000</height>
		<depth>3</depth>
	</size>
	<object>
		<name>ref_spoon</name>
		<bndbox>
			<xmin>1749</xmin>
			<ymin>174</ymin>
			<xmax>2052</xmax>
			<ymax>763</ymax>
		</bndbox>
	</object>
	<object>
		<name>ref_fork</name>
		<bndbox>
			<xmin>2178</xmin>
			<ymin>273</ymin>
			<xmax>2386</xmax>
			<ymax>928</ymax>
		</bndbox>
	</object>
	<object>
		<name>ref_coin</name>
		<bndbox>
			<xmin>129</xmin>
			<ymin>1394</ymin>
			<xmax>377</xmax>
			<ymax>1639</ymax>
		</bndbox>
	</object>
	<object>
		<name>dish</name>
		<bndbox>
			<xmin>263</xmin>
			<ymin>242</ymin>
			<xmax>1562</xmax>
			<ymax>1504</ymax>
		</bndbox>
	</object>
	<object>
		<name>참치마요삼각김밥</name>
		<bndbox>
			<xmin>603</xmin>
			<ymin>619</ymin>
			<xmax>1375</xmax>
			<ymax>1204</ymax>
		</bndbox>
	</object>
</annotation>