<annotation>
	<folder>top주먹밥김밥류접시참치마요삼각김밥q3</folder>
	<filename>top_주먹밥김밥류_접시_참치마요삼각김밥_Q3_00051.JPG</filename>
	<path>/top주먹밥김밥류접시참치마요삼각김밥q3/top_주먹밥김밥류_접시_참치마요삼각김밥_Q3_00051.JPG</path>
	<source>
		<database>fooddata</database>
	</source>
	<size>
		<width>3008</width>
		<height>2000</height>
		<depth>3</depth>
	</size>
	<object>
		<name>ref_spoon</name>
		<bndbox>
			<xmin>291</xmin>
			<ymin>465</ymin>
			<xmax>600</xmax>
			<ymax>1051</ymax>
		</bndbox>
	</object>
	<object>
		<name>ref_fork</name>
		<bndbox>
			<xmin>683</xmin>
			<ymin>502</ymin>
			<xmax>885</xmax>
			<ymax>1096</ymax>
		</bndbox>
	</object>
	<object>
		<name>ref_coin</name>
		<bndbox>
			<xmin>1908</xmin>
			<ymin>138</ymin>
			<xmax>2132</xmax>
			<ymax>334</ymax>
		</bndbox>
	</object>
	<object>
		<name>dish</name>
		<bndbox>
			<xmin>1002</xmin>
			<ymin>557</ymin>
			<xmax>2248</xmax>
			<ymax>1783</ymax>
		</bndbox>
	</object>
	<object>
		<name>참치마요삼각김밥</name>
		<bndbox>
			<xmin>1400</xmin>
			<ymin>760</ymin>
			<xmax>1991</xmax>
			<ymax>1473</ymax>
		</bndbox>
	</object>
</annotation>