<annotation>
	<folder>side생선조림접시코다리조림q3</folder>
	<filename>side_생선조림_접시_코다리조림_Q3_00043.JPG</filename>
	<path>/side생선조림접시코다리조림q3/side_생선조림_접시_코다리조림_Q3_00043.JPG</path>
	<source>
		<database>fooddata</database>
	</source>
	<size>
		<width>3008</width>
		<height>2000</height>
		<depth>3</depth>
	</size>
	<object>
		<name>ref_spoon</name>
		<bndbox>
			<xmin>188</xmin>
			<ymin>633</ymin>
			<xmax>501</xmax>
			<ymax>1054</ymax>
		</bndbox>
	</object>
	<object>
		<name>ref_fork</name>
		<bndbox>
			<xmin>573</xmin>
			<ymin>660</ymin>
			<xmax>788</xmax>
			<ymax>1161</ymax>
		</bndbox>
	</object>
	<object>
		<name>ref_coin</name>
		<bndbox>
			<xmin>2614</xmin>
			<ymin>1179</ymin>
			<xmax>2856</xmax>
			<ymax>1367</ymax>
		</bndbox>
	</object>
	<object>
		<name>dish</name>
		<bndbox>
			<xmin>1012</xmin>
			<ymin>651</ymin>
			<xmax>2417</xmax>
			<ymax>1627</ymax>
		</bndbox>
	</object>
	<object>
		<name>코다리조림</name>
		<bndbox>
			<xmin>1601</xmin>
			<ymin>1020</ymin>
			<xmax>2215</xmax>
			<ymax>1488</ymax>
		</bndbox>
	</object>
</annotation>