<annotation>
	<folder>side생선조림접시코다리조림q3</folder>
	<filename>side_생선조림_접시_코다리조림_Q3_00010.JPG</filename>
	<path>/side생선조림접시코다리조림q3/side_생선조림_접시_코다리조림_Q3_00010.JPG</path>
	<source>
		<database>fooddata</database>
	</source>
	<size>
		<width>3008</width>
		<height>2000</height>
		<depth>3</depth>
	</size>
	<object>
		<name>ref_spoon</name>
		<bndbox>
			<xmin>2193</xmin>
			<ymin>543</ymin>
			<xmax>2480</xmax>
			<ymax>964</ymax>
		</bndbox>
	</object>
	<object>
		<name>ref_fork</name>
		<bndbox>
			<xmin>2632</xmin>
			<ymin>606</ymin>
			<xmax>2820</xmax>
			<ymax>1072</ymax>
		</bndbox>
	</object>
	<object>
		<name>ref_coin</name>
		<bndbox>
			<xmin>1701</xmin>
			<ymin>624</ymin>
			<xmax>1916</xmax>
			<ymax>803</ymax>
		</bndbox>
	</object>
	<object>
		<name>dish</name>
		<bndbox>
			<xmin>125</xmin>
			<ymin>543</ymin>
			<xmax>1549</xmax>
			<ymax>1546</ymax>
		</bndbox>
	</object>
	<object>
		<name>코다리조림</name>
		<bndbox>
			<xmin>501</xmin>
			<ymin>740</ymin>
			<xmax>1128</xmax>
			<ymax>1278</ymax>
		</bndbox>
	</object>
</annotation>