<annotation>
	<folder>side생선조림접시코다리조림q3</folder>
	<filename>side_생선조림_접시_코다리조림_Q3_00006.JPG</filename>
	<path>/side생선조림접시코다리조림q3/side_생선조림_접시_코다리조림_Q3_00006.JPG</path>
	<source>
		<database>fooddata</database>
	</source>
	<size>
		<width>3008</width>
		<height>2000</height>
		<depth>3</depth>
	</size>
	<object>
		<name>ref_spoon</name>
		<bndbox>
			<xmin>2113</xmin>
			<ymin>561</ymin>
			<xmax>2408</xmax>
			<ymax>991</ymax>
		</bndbox>
	</object>
	<object>
		<name>ref_fork</name>
		<bndbox>
			<xmin>2551</xmin>
			<ymin>615</ymin>
			<xmax>2730</xmax>
			<ymax>1098</ymax>
		</bndbox>
	</object>
	<object>
		<name>ref_coin</name>
		<bndbox>
			<xmin>161</xmin>
			<ymin>651</ymin>
			<xmax>385</xmax>
			<ymax>812</ymax>
		</bndbox>
	</object>
	<object>
		<name>dish</name>
		<bndbox>
			<xmin>448</xmin>
			<ymin>526</ymin>
			<xmax>1996</xmax>
			<ymax>1609</ymax>
		</bndbox>
	</object>
	<object>
		<name>코다리조림</name>
		<bndbox>
			<xmin>734</xmin>
			<ymin>884</ymin>
			<xmax>1423</xmax>
			<ymax>1385</ymax>
		</bndbox>
	</object>
</annotation>