<annotation>
	<folder>side생선조림접시코다리조림q3</folder>
	<filename>side_생선조림_접시_코다리조림_Q3_00041.JPG</filename>
	<path>/side생선조림접시코다리조림q3/side_생선조림_접시_코다리조림_Q3_00041.JPG</path>
	<source>
		<database>fooddata</database>
	</source>
	<size>
		<width>3008</width>
		<height>2000</height>
		<depth>3</depth>
	</size>
	<object>
		<name>ref_spoon</name>
		<bndbox>
			<xmin>125</xmin>
			<ymin>409</ymin>
			<xmax>430</xmax>
			<ymax>839</ymax>
		</bndbox>
	</object>
	<object>
		<name>ref_fork</name>
		<bndbox>
			<xmin>492</xmin>
			<ymin>427</ymin>
			<xmax>707</xmax>
			<ymax>937</ymax>
		</bndbox>
	</object>
	<object>
		<name>ref_coin</name>
		<bndbox>
			<xmin>2542</xmin>
			<ymin>1295</ymin>
			<xmax>2784</xmax>
			<ymax>1483</ymax>
		</bndbox>
	</object>
	<object>
		<name>dish</name>
		<bndbox>
			<xmin>967</xmin>
			<ymin>409</ymin>
			<xmax>2354</xmax>
			<ymax>1412</ymax>
		</bndbox>
	</object>
	<object>
		<name>코다리조림</name>
		<bndbox>
			<xmin>1247</xmin>
			<ymin>709</ymin>
			<xmax>2047</xmax>
			<ymax>1169</ymax>
		</bndbox>
	</object>
</annotation>