<annotation>
	<folder>side생선조림접시코다리조림q3</folder>
	<filename>side_생선조림_접시_코다리조림_Q3_00022.JPG</filename>
	<path>/side생선조림접시코다리조림q3/side_생선조림_접시_코다리조림_Q3_00022.JPG</path>
	<source>
		<database>fooddata</database>
	</source>
	<size>
		<width>3008</width>
		<height>2000</height>
		<depth>3</depth>
	</size>
	<object>
		<name>ref_spoon</name>
		<bndbox>
			<xmin>251</xmin>
			<ymin>1528</ymin>
			<xmax>797</xmax>
			<ymax>1815</ymax>
		</bndbox>
	</object>
	<object>
		<name>ref_fork</name>
		<bndbox>
			<xmin>421</xmin>
			<ymin>1278</ymin>
			<xmax>1021</xmax>
			<ymax>1510</ymax>
		</bndbox>
	</object>
	<object>
		<name>ref_coin</name>
		<bndbox>
			<xmin>2247</xmin>
			<ymin>472</ymin>
			<xmax>2462</xmax>
			<ymax>633</ymax>
		</bndbox>
	</object>
	<object>
		<name>dish</name>
		<bndbox>
			<xmin>645</xmin>
			<ymin>96</ymin>
			<xmax>2104</xmax>
			<ymax>1054</ymax>
		</bndbox>
	</object>
	<object>
		<name>코다리조림</name>
		<bndbox>
			<xmin>1018</xmin>
			<ymin>342</ymin>
			<xmax>1671</xmax>
			<ymax>769</ymax>
		</bndbox>
	</object>
</annotation>