<annotation>
	<folder>side생선조림접시코다리조림q3</folder>
	<filename>side_생선조림_접시_코다리조림_Q3_00058.JPG</filename>
	<path>/side생선조림접시코다리조림q3/side_생선조림_접시_코다리조림_Q3_00058.JPG</path>
	<source>
		<database>fooddata</database>
	</source>
	<size>
		<width>3008</width>
		<height>2000</height>
		<depth>3</depth>
	</size>
	<object>
		<name>ref_spoon</name>
		<bndbox>
			<xmin>170</xmin>
			<ymin>508</ymin>
			<xmax>474</xmax>
			<ymax>946</ymax>
		</bndbox>
	</object>
	<object>
		<name>ref_fork</name>
		<bndbox>
			<xmin>546</xmin>
			<ymin>526</ymin>
			<xmax>761</xmax>
			<ymax>1009</ymax>
		</bndbox>
	</object>
	<object>
		<name>ref_coin</name>
		<bndbox>
			<xmin>2686</xmin>
			<ymin>830</ymin>
			<xmax>2910</xmax>
			<ymax>991</ymax>
		</bndbox>
	</object>
	<object>
		<name>dish</name>
		<bndbox>
			<xmin>1003</xmin>
			<ymin>472</ymin>
			<xmax>2399</xmax>
			<ymax>1412</ymax>
		</bndbox>
	</object>
	<object>
		<name>코다리조림</name>
		<bndbox>
			<xmin>1400</xmin>
			<ymin>629</ymin>
			<xmax>2091</xmax>
			<ymax>1213</ymax>
		</bndbox>
	</object>
</annotation>