<annotation>
	<folder>side생선조림접시코다리조림q3</folder>
	<filename>side_생선조림_접시_코다리조림_Q3_00038.JPG</filename>
	<path>/side생선조림접시코다리조림q3/side_생선조림_접시_코다리조림_Q3_00038.JPG</path>
	<source>
		<database>fooddata</database>
	</source>
	<size>
		<width>3008</width>
		<height>2000</height>
		<depth>3</depth>
	</size>
	<object>
		<name>ref_spoon</name>
		<bndbox>
			<xmin>331</xmin>
			<ymin>427</ymin>
			<xmax>618</xmax>
			<ymax>866</ymax>
		</bndbox>
	</object>
	<object>
		<name>ref_fork</name>
		<bndbox>
			<xmin>680</xmin>
			<ymin>463</ymin>
			<xmax>895</xmax>
			<ymax>937</ymax>
		</bndbox>
	</object>
	<object>
		<name>ref_coin</name>
		<bndbox>
			<xmin>1853</xmin>
			<ymin>1654</ymin>
			<xmax>2104</xmax>
			<ymax>1859</ymax>
		</bndbox>
	</object>
	<object>
		<name>dish</name>
		<bndbox>
			<xmin>1146</xmin>
			<ymin>427</ymin>
			<xmax>2507</xmax>
			<ymax>1376</ymax>
		</bndbox>
	</object>
	<object>
		<name>코다리조림</name>
		<bndbox>
			<xmin>1438</xmin>
			<ymin>742</ymin>
			<xmax>2134</xmax>
			<ymax>1148</ymax>
		</bndbox>
	</object>
</annotation>