<annotation>
	<folder>side생선조림접시코다리조림q3</folder>
	<filename>side_생선조림_접시_코다리조림_Q3_00026.JPG</filename>
	<path>/side생선조림접시코다리조림q3/side_생선조림_접시_코다리조림_Q3_00026.JPG</path>
	<source>
		<database>fooddata</database>
	</source>
	<size>
		<width>3008</width>
		<height>2000</height>
		<depth>3</depth>
	</size>
	<object>
		<name>ref_spoon</name>
		<bndbox>
			<xmin>582</xmin>
			<ymin>1528</ymin>
			<xmax>1083</xmax>
			<ymax>1797</ymax>
		</bndbox>
	</object>
	<object>
		<name>ref_fork</name>
		<bndbox>
			<xmin>752</xmin>
			<ymin>1278</ymin>
			<xmax>1289</xmax>
			<ymax>1528</ymax>
		</bndbox>
	</object>
	<object>
		<name>ref_coin</name>
		<bndbox>
			<xmin>1030</xmin>
			<ymin>123</ymin>
			<xmax>1218</xmax>
			<ymax>239</ymax>
		</bndbox>
	</object>
	<object>
		<name>dish</name>
		<bndbox>
			<xmin>1021</xmin>
			<ymin>221</ymin>
			<xmax>2310</xmax>
			<ymax>1081</ymax>
		</bndbox>
	</object>
	<object>
		<name>코다리조림</name>
		<bndbox>
			<xmin>1425</xmin>
			<ymin>540</ymin>
			<xmax>1896</xmax>
			<ymax>902</ymax>
		</bndbox>
	</object>
</annotation>