<annotation>
	<folder>side생선조림접시코다리조림q3</folder>
	<filename>side_생선조림_접시_코다리조림_Q3_00007.JPG</filename>
	<path>/side생선조림접시코다리조림q3/side_생선조림_접시_코다리조림_Q3_00007.JPG</path>
	<source>
		<database>fooddata</database>
	</source>
	<size>
		<width>3008</width>
		<height>2000</height>
		<depth>3</depth>
	</size>
	<object>
		<name>ref_spoon</name>
		<bndbox>
			<xmin>2158</xmin>
			<ymin>669</ymin>
			<xmax>2453</xmax>
			<ymax>1090</ymax>
		</bndbox>
	</object>
	<object>
		<name>ref_fork</name>
		<bndbox>
			<xmin>2587</xmin>
			<ymin>722</ymin>
			<xmax>2784</xmax>
			<ymax>1197</ymax>
		</bndbox>
	</object>
	<object>
		<name>ref_coin</name>
		<bndbox>
			<xmin>546</xmin>
			<ymin>338</ymin>
			<xmax>761</xmax>
			<ymax>490</ymax>
		</bndbox>
	</object>
	<object>
		<name>dish</name>
		<bndbox>
			<xmin>430</xmin>
			<ymin>669</ymin>
			<xmax>1862</xmax>
			<ymax>1698</ymax>
		</bndbox>
	</object>
	<object>
		<name>코다리조림</name>
		<bndbox>
			<xmin>654</xmin>
			<ymin>982</ymin>
			<xmax>1361</xmax>
			<ymax>1483</ymax>
		</bndbox>
	</object>
</annotation>