<annotation>
	<folder>rework190files</folder>
	<filename>side_생선조림_접시_코다리조림_Q3_00018.JPG</filename>
	<path>/side생선조림접시코다리조림q3/side_생선조림_접시_코다리조림_Q3_00018.JPG</path>
	<source>
		<database>fooddata</database>
	</source>
	<size>
		<width>3008</width>
		<height>2000</height>
		<depth>3</depth>
	</size>
	<object>
		<name>ref_spoon</name>
		<bndbox>
			<xmin>300</xmin>
			<ymin>1556</ymin>
			<xmax>884</xmax>
			<ymax>1851</ymax>
		</bndbox>
	</object>
	<object>
		<name>ref_fork</name>
		<bndbox>
			<xmin>442</xmin>
			<ymin>1297</ymin>
			<xmax>1016</xmax>
			<ymax>1556</ymax>
		</bndbox>
	</object>
	<object>
		<name>ref_coin</name>
		<bndbox>
			<xmin>2266</xmin>
			<ymin>1089</ymin>
			<xmax>2500</xmax>
			<ymax>1262</ymax>
		</bndbox>
	</object>
	<object>
		<name>dish</name>
		<bndbox>
			<xmin>742</xmin>
			<ymin>174</ymin>
			<xmax>2231</xmax>
			<ymax>1180</ymax>
		</bndbox>
	</object>
	<object>
		<name>코다리조림</name>
		<bndbox>
			<xmin>1169</xmin>
			<ymin>505</ymin>
			<xmax>1722</xmax>
			<ymax>916</ymax>
		</bndbox>
	</object>
</annotation>