<annotation>
	<folder>top생선조림접시코다리조림q3</folder>
	<filename>top_생선조림_접시_코다리조림_Q3_00010.JPG</filename>
	<path>/top생선조림접시코다리조림q3/top_생선조림_접시_코다리조림_Q3_00010.JPG</path>
	<source>
		<database>fooddata</database>
	</source>
	<size>
		<width>3008</width>
		<height>2000</height>
		<depth>3</depth>
	</size>
	<object>
		<name>ref_spoon</name>
		<bndbox>
			<xmin>1905</xmin>
			<ymin>265</ymin>
			<xmax>2188</xmax>
			<ymax>761</ymax>
		</bndbox>
	</object>
	<object>
		<name>ref_fork</name>
		<bndbox>
			<xmin>2273</xmin>
			<ymin>298</ymin>
			<xmax>2494</xmax>
			<ymax>825</ymax>
		</bndbox>
	</object>
	<object>
		<name>ref_coin</name>
		<bndbox>
			<xmin>2653</xmin>
			<ymin>645</ymin>
			<xmax>2851</xmax>
			<ymax>838</ymax>
		</bndbox>
	</object>
	<object>
		<name>dish</name>
		<bndbox>
			<xmin>206</xmin>
			<ymin>257</ymin>
			<xmax>1681</xmax>
			<ymax>1697</ymax>
		</bndbox>
	</object>
	<object>
		<name>코다리조림</name>
		<bndbox>
			<xmin>478</xmin>
			<ymin>658</ymin>
			<xmax>1314</xmax>
			<ymax>1296</ymax>
		</bndbox>
	</object>
</annotation>