<annotation>
	<folder>top생선조림접시코다리조림q3</folder>
	<filename>top_생선조림_접시_코다리조림_Q3_00020.JPG</filename>
	<path>/top생선조림접시코다리조림q3/top_생선조림_접시_코다리조림_Q3_00020.JPG</path>
	<source>
		<database>fooddata</database>
	</source>
	<size>
		<width>3008</width>
		<height>2000</height>
		<depth>3</depth>
	</size>
	<object>
		<name>ref_spoon</name>
		<bndbox>
			<xmin>962</xmin>
			<ymin>1566</ymin>
			<xmax>1393</xmax>
			<ymax>1833</ymax>
		</bndbox>
	</object>
	<object>
		<name>ref_fork</name>
		<bndbox>
			<xmin>992</xmin>
			<ymin>1347</ymin>
			<xmax>1471</xmax>
			<ymax>1530</ymax>
		</bndbox>
	</object>
	<object>
		<name>ref_coin</name>
		<bndbox>
			<xmin>2149</xmin>
			<ymin>524</ymin>
			<xmax>2314</xmax>
			<ymax>686</ymax>
		</bndbox>
	</object>
	<object>
		<name>dish</name>
		<bndbox>
			<xmin>923</xmin>
			<ymin>90</ymin>
			<xmax>2026</xmax>
			<ymax>1165</ymax>
		</bndbox>
	</object>
	<object>
		<name>코다리조림</name>
		<bndbox>
			<xmin>1190</xmin>
			<ymin>319</ymin>
			<xmax>1720</xmax>
			<ymax>838</ymax>
		</bndbox>
	</object>
</annotation>