<annotation>
	<folder>top생선조림접시코다리조림q3</folder>
	<filename>top_생선조림_접시_코다리조림_Q3_00035.JPG</filename>
	<path>/top생선조림접시코다리조림q3/top_생선조림_접시_코다리조림_Q3_00035.JPG</path>
	<source>
		<database>fooddata</database>
	</source>
	<size>
		<width>3008</width>
		<height>2000</height>
		<depth>3</depth>
	</size>
	<object>
		<name>ref_spoon</name>
		<bndbox>
			<xmin>357</xmin>
			<ymin>319</ymin>
			<xmax>656</xmax>
			<ymax>802</ymax>
		</bndbox>
	</object>
	<object>
		<name>ref_fork</name>
		<bndbox>
			<xmin>769</xmin>
			<ymin>337</ymin>
			<xmax>962</xmax>
			<ymax>871</ymax>
		</bndbox>
	</object>
	<object>
		<name>ref_coin</name>
		<bndbox>
			<xmin>2530</xmin>
			<ymin>1396</ymin>
			<xmax>2735</xmax>
			<ymax>1612</ymax>
		</bndbox>
	</object>
	<object>
		<name>dish</name>
		<bndbox>
			<xmin>1121</xmin>
			<ymin>185</ymin>
			<xmax>2458</xmax>
			<ymax>1501</ymax>
		</bndbox>
	</object>
	<object>
		<name>코다리조림</name>
		<bndbox>
			<xmin>1471</xmin>
			<ymin>252</ymin>
			<xmax>2178</xmax>
			<ymax>1149</ymax>
		</bndbox>
	</object>
</annotation>