<annotation>
	<folder>top생선조림접시코다리조림q3</folder>
	<filename>top_생선조림_접시_코다리조림_Q3_00022.JPG</filename>
	<path>/top생선조림접시코다리조림q3/top_생선조림_접시_코다리조림_Q3_00022.JPG</path>
	<source>
		<database>fooddata</database>
	</source>
	<size>
		<width>3008</width>
		<height>2000</height>
		<depth>3</depth>
	</size>
	<object>
		<name>ref_spoon</name>
		<bndbox>
			<xmin>949</xmin>
			<ymin>1524</ymin>
			<xmax>1368</xmax>
			<ymax>1769</ymax>
		</bndbox>
	</object>
	<object>
		<name>ref_fork</name>
		<bndbox>
			<xmin>985</xmin>
			<ymin>1309</ymin>
			<xmax>1432</xmax>
			<ymax>1486</ymax>
		</bndbox>
	</object>
	<object>
		<name>ref_coin</name>
		<bndbox>
			<xmin>1936</xmin>
			<ymin>144</ymin>
			<xmax>2098</xmax>
			<ymax>306</ymax>
		</bndbox>
	</object>
	<object>
		<name>dish</name>
		<bndbox>
			<xmin>938</xmin>
			<ymin>69</ymin>
			<xmax>2049</xmax>
			<ymax>1129</ymax>
		</bndbox>
	</object>
	<object>
		<name>코다리조림</name>
		<bndbox>
			<xmin>1237</xmin>
			<ymin>267</ymin>
			<xmax>1802</xmax>
			<ymax>846</ymax>
		</bndbox>
	</object>
</annotation>