<annotation>
	<folder>top생선조림접시코다리조림q3</folder>
	<filename>top_생선조림_접시_코다리조림_Q3_00007.JPG</filename>
	<path>/top생선조림접시코다리조림q3/top_생선조림_접시_코다리조림_Q3_00007.JPG</path>
	<source>
		<database>fooddata</database>
	</source>
	<size>
		<width>3008</width>
		<height>2000</height>
		<depth>3</depth>
	</size>
	<object>
		<name>ref_spoon</name>
		<bndbox>
			<xmin>2021</xmin>
			<ymin>404</ymin>
			<xmax>2309</xmax>
			<ymax>915</ymax>
		</bndbox>
	</object>
	<object>
		<name>ref_fork</name>
		<bndbox>
			<xmin>2394</xmin>
			<ymin>437</ymin>
			<xmax>2615</xmax>
			<ymax>928</ymax>
		</bndbox>
	</object>
	<object>
		<name>ref_coin</name>
		<bndbox>
			<xmin>998</xmin>
			<ymin>110</ymin>
			<xmax>1193</xmax>
			<ymax>311</ymax>
		</bndbox>
	</object>
	<object>
		<name>dish</name>
		<bndbox>
			<xmin>388</xmin>
			<ymin>473</ymin>
			<xmax>1813</xmax>
			<ymax>1884</ymax>
		</bndbox>
	</object>
	<object>
		<name>코다리조림</name>
		<bndbox>
			<xmin>740</xmin>
			<ymin>835</ymin>
			<xmax>1468</xmax>
			<ymax>1666</ymax>
		</bndbox>
	</object>
</annotation>