<annotation>
	<folder>top생선조림접시코다리조림q3</folder>
	<filename>top_생선조림_접시_코다리조림_Q3_00042.JPG</filename>
	<path>/top생선조림접시코다리조림q3/top_생선조림_접시_코다리조림_Q3_00042.JPG</path>
	<source>
		<database>fooddata</database>
	</source>
	<size>
		<width>3008</width>
		<height>2000</height>
		<depth>3</depth>
	</size>
	<object>
		<name>ref_spoon</name>
		<bndbox>
			<xmin>350</xmin>
			<ymin>586</ymin>
			<xmax>638</xmax>
			<ymax>1044</ymax>
		</bndbox>
	</object>
	<object>
		<name>ref_fork</name>
		<bndbox>
			<xmin>735</xmin>
			<ymin>612</ymin>
			<xmax>938</xmax>
			<ymax>1136</ymax>
		</bndbox>
	</object>
	<object>
		<name>ref_coin</name>
		<bndbox>
			<xmin>1028</xmin>
			<ymin>141</ymin>
			<xmax>1224</xmax>
			<ymax>337</ymax>
		</bndbox>
	</object>
	<object>
		<name>dish</name>
		<bndbox>
			<xmin>1077</xmin>
			<ymin>445</ymin>
			<xmax>2396</xmax>
			<ymax>1771</ymax>
		</bndbox>
	</object>
	<object>
		<name>코다리조림</name>
		<bndbox>
			<xmin>1329</xmin>
			<ymin>709</ymin>
			<xmax>2059</xmax>
			<ymax>1429</ymax>
		</bndbox>
	</object>
</annotation>