<annotation>
	<folder>side육류부피배달종이박스치킨윙q5</folder>
	<filename>side_육류부피_배달종이박스_치킨윙_Q5_00038.JPG</filename>
	<path>/side육류부피배달종이박스치킨윙q5/side_육류부피_배달종이박스_치킨윙_Q5_00038.JPG</path>
	<source>
		<database>fooddata</database>
	</source>
	<size>
		<width>3008</width>
		<height>2000</height>
		<depth>3</depth>
	</size>
	<object>
		<name>ref_spoon</name>
		<bndbox>
			<xmin>384</xmin>
			<ymin>198</ymin>
			<xmax>695</xmax>
			<ymax>572</ymax>
		</bndbox>
	</object>
	<object>
		<name>ref_fork</name>
		<bndbox>
			<xmin>749</xmin>
			<ymin>274</ymin>
			<xmax>964</xmax>
			<ymax>713</ymax>
		</bndbox>
	</object>
	<object>
		<name>ref_coin</name>
		<bndbox>
			<xmin>454</xmin>
			<ymin>1559</ymin>
			<xmax>710</xmax>
			<ymax>1765</ymax>
		</bndbox>
	</object>
	<object>
		<name>dish</name>
		<bndbox>
			<xmin>1217</xmin>
			<ymin>324</ymin>
			<xmax>2483</xmax>
			<ymax>1285</ymax>
		</bndbox>
	</object>
	<object>
		<name>치킨윙</name>
		<bndbox>
			<xmin>1321</xmin>
			<ymin>460</ymin>
			<xmax>2384</xmax>
			<ymax>1123</ymax>
		</bndbox>
	</object>
</annotation>