<annotation>
	<folder>side육류부피배달종이박스치킨윙q5</folder>
	<filename>side_육류부피_배달종이박스_치킨윙_Q5_00024.JPG</filename>
	<path>/side육류부피배달종이박스치킨윙q5/side_육류부피_배달종이박스_치킨윙_Q5_00024.JPG</path>
	<source>
		<database>fooddata</database>
	</source>
	<size>
		<width>3008</width>
		<height>2000</height>
		<depth>3</depth>
	</size>
	<object>
		<name>ref_spoon</name>
		<bndbox>
			<xmin>360</xmin>
			<ymin>1277</ymin>
			<xmax>820</xmax>
			<ymax>1559</ymax>
		</bndbox>
	</object>
	<object>
		<name>ref_fork</name>
		<bndbox>
			<xmin>580</xmin>
			<ymin>1089</ymin>
			<xmax>1078</xmax>
			<ymax>1352</ymax>
		</bndbox>
	</object>
	<object>
		<name>ref_coin</name>
		<bndbox>
			<xmin>204</xmin>
			<ymin>1650</ymin>
			<xmax>449</xmax>
			<ymax>1846</ymax>
		</bndbox>
	</object>
	<object>
		<name>dish</name>
		<bndbox>
			<xmin>888</xmin>
			<ymin>144</ymin>
			<xmax>2081</xmax>
			<ymax>987</ymax>
		</bndbox>
	</object>
	<object>
		<name>치킨윙</name>
		<bndbox>
			<xmin>961</xmin>
			<ymin>274</ymin>
			<xmax>1927</xmax>
			<ymax>843</ymax>
		</bndbox>
	</object>
</annotation>