<annotation>
	<folder>side육류부피배달종이박스치킨윙q5</folder>
	<filename>side_육류부피_배달종이박스_치킨윙_Q5_00009.JPG</filename>
	<path>/side육류부피배달종이박스치킨윙q5/side_육류부피_배달종이박스_치킨윙_Q5_00009.JPG</path>
	<source>
		<database>fooddata</database>
	</source>
	<size>
		<width>3008</width>
		<height>2000</height>
		<depth>3</depth>
	</size>
	<object>
		<name>ref_spoon</name>
		<bndbox>
			<xmin>2152</xmin>
			<ymin>418</ymin>
			<xmax>2488</xmax>
			<ymax>825</ymax>
		</bndbox>
	</object>
	<object>
		<name>ref_fork</name>
		<bndbox>
			<xmin>2538</xmin>
			<ymin>493</ymin>
			<xmax>2773</xmax>
			<ymax>969</ymax>
		</bndbox>
	</object>
	<object>
		<name>ref_coin</name>
		<bndbox>
			<xmin>413</xmin>
			<ymin>1410</ymin>
			<xmax>695</xmax>
			<ymax>1611</ymax>
		</bndbox>
	</object>
	<object>
		<name>dish</name>
		<bndbox>
			<xmin>397</xmin>
			<ymin>209</ymin>
			<xmax>2094</xmax>
			<ymax>1501</ymax>
		</bndbox>
	</object>
	<object>
		<name>치킨윙</name>
		<bndbox>
			<xmin>676</xmin>
			<ymin>496</ymin>
			<xmax>1802</xmax>
			<ymax>1352</ymax>
		</bndbox>
	</object>
</annotation>