<annotation>
	<folder>side육류부피배달종이박스치킨윙q5</folder>
	<filename>side_육류부피_배달종이박스_치킨윙_Q5_00011.JPG</filename>
	<path>/side육류부피배달종이박스치킨윙q5/side_육류부피_배달종이박스_치킨윙_Q5_00011.JPG</path>
	<source>
		<database>fooddata</database>
	</source>
	<size>
		<width>3008</width>
		<height>2000</height>
		<depth>3</depth>
	</size>
	<object>
		<name>ref_spoon</name>
		<bndbox>
			<xmin>2144</xmin>
			<ymin>253</ymin>
			<xmax>2486</xmax>
			<ymax>661</ymax>
		</bndbox>
	</object>
	<object>
		<name>ref_fork</name>
		<bndbox>
			<xmin>2535</xmin>
			<ymin>329</ymin>
			<xmax>2770</xmax>
			<ymax>804</ymax>
		</bndbox>
	</object>
	<object>
		<name>ref_coin</name>
		<bndbox>
			<xmin>1136</xmin>
			<ymin>1480</ymin>
			<xmax>1413</xmax>
			<ymax>1697</ymax>
		</bndbox>
	</object>
	<object>
		<name>dish</name>
		<bndbox>
			<xmin>454</xmin>
			<ymin>125</ymin>
			<xmax>2044</xmax>
			<ymax>1418</ymax>
		</bndbox>
	</object>
	<object>
		<name>치킨윙</name>
		<bndbox>
			<xmin>530</xmin>
			<ymin>413</ymin>
			<xmax>1849</xmax>
			<ymax>1245</ymax>
		</bndbox>
	</object>
</annotation>