<annotation>
	<folder>side육류부피배달종이박스치킨윙q5</folder>
	<filename>side_육류부피_배달종이박스_치킨윙_Q5_00037.JPG</filename>
	<path>/side육류부피배달종이박스치킨윙q5/side_육류부피_배달종이박스_치킨윙_Q5_00037.JPG</path>
	<source>
		<database>fooddata</database>
	</source>
	<size>
		<width>3008</width>
		<height>2000</height>
		<depth>3</depth>
	</size>
	<object>
		<name>ref_spoon</name>
		<bndbox>
			<xmin>426</xmin>
			<ymin>110</ymin>
			<xmax>736</xmax>
			<ymax>491</ymax>
		</bndbox>
	</object>
	<object>
		<name>ref_fork</name>
		<bndbox>
			<xmin>791</xmin>
			<ymin>191</ymin>
			<xmax>1003</xmax>
			<ymax>629</ymax>
		</bndbox>
	</object>
	<object>
		<name>ref_coin</name>
		<bndbox>
			<xmin>849</xmin>
			<ymin>1420</ymin>
			<xmax>1097</xmax>
			<ymax>1619</ymax>
		</bndbox>
	</object>
	<object>
		<name>dish</name>
		<bndbox>
			<xmin>1248</xmin>
			<ymin>240</ymin>
			<xmax>2517</xmax>
			<ymax>1219</ymax>
		</bndbox>
	</object>
	<object>
		<name>치킨윙</name>
		<bndbox>
			<xmin>1326</xmin>
			<ymin>363</ymin>
			<xmax>2415</xmax>
			<ymax>1050</ymax>
		</bndbox>
	</object>
</annotation>