<annotation>
	<folder>side육류부피배달종이박스치킨윙q5</folder>
	<filename>side_육류부피_배달종이박스_치킨윙_Q5_00021.JPG</filename>
	<path>/side육류부피배달종이박스치킨윙q5/side_육류부피_배달종이박스_치킨윙_Q5_00021.JPG</path>
	<source>
		<database>fooddata</database>
	</source>
	<size>
		<width>3008</width>
		<height>2000</height>
		<depth>3</depth>
	</size>
	<object>
		<name>ref_spoon</name>
		<bndbox>
			<xmin>115</xmin>
			<ymin>1358</ymin>
			<xmax>611</xmax>
			<ymax>1671</ymax>
		</bndbox>
	</object>
	<object>
		<name>ref_fork</name>
		<bndbox>
			<xmin>363</xmin>
			<ymin>1151</ymin>
			<xmax>914</xmax>
			<ymax>1444</ymax>
		</bndbox>
	</object>
	<object>
		<name>ref_coin</name>
		<bndbox>
			<xmin>1107</xmin>
			<ymin>1736</ymin>
			<xmax>1381</xmax>
			<ymax>1953</ymax>
		</bndbox>
	</object>
	<object>
		<name>dish</name>
		<bndbox>
			<xmin>744</xmin>
			<ymin>81</ymin>
			<xmax>1945</xmax>
			<ymax>1081</ymax>
		</bndbox>
	</object>
	<object>
		<name>치킨윙</name>
		<bndbox>
			<xmin>856</xmin>
			<ymin>198</ymin>
			<xmax>1836</xmax>
			<ymax>919</ymax>
		</bndbox>
	</object>
</annotation>