<annotation>
	<folder>top육류부피배달종이박스치킨윙</folder>
	<filename>top_육류부피_배달종이박스_치킨윙_Q5_00019.JPG</filename>
	<path>/top육류부피배달종이박스치킨윙q5/top_육류부피_배달종이박스_치킨윙_Q5_00019.JPG</path>
	<source>
		<database>fooddata</database>
	</source>
	<size>
		<width>3008</width>
		<height>2000</height>
		<depth>3</depth>
	</size>
	<object>
		<name>ref_spoon</name>
		<bndbox>
			<xmin>976</xmin>
			<ymin>1579</ymin>
			<xmax>1314</xmax>
			<ymax>1829</ymax>
		</bndbox>
	</object>
	<object>
		<name>ref_fork</name>
		<bndbox>
			<xmin>1013</xmin>
			<ymin>1352</ymin>
			<xmax>1407</xmax>
			<ymax>1532</ymax>
		</bndbox>
	</object>
	<object>
		<name>ref_coin</name>
		<bndbox>
			<xmin>2235</xmin>
			<ymin>481</ymin>
			<xmax>2407</xmax>
			<ymax>648</ymax>
		</bndbox>
	</object>
	<object>
		<name>dish</name>
		<bndbox>
			<xmin>1069</xmin>
			<ymin>194</ymin>
			<xmax>2148</xmax>
			<ymax>1236</ymax>
		</bndbox>
	</object>
	<object>
		<name>치킨윙</name>
		<bndbox>
			<xmin>1198</xmin>
			<ymin>278</ymin>
			<xmax>1995</xmax>
			<ymax>1144</ymax>
		</bndbox>
	</object>
</annotation>