<annotation>
	<folder>top육류부피배달종이박스치킨윙</folder>
	<filename>top_육류부피_배달종이박스_치킨윙_Q5_00032.JPG</filename>
	<path>/top육류부피배달종이박스치킨윙q5/top_육류부피_배달종이박스_치킨윙_Q5_00032.JPG</path>
	<source>
		<database>fooddata</database>
	</source>
	<size>
		<width>3008</width>
		<height>2000</height>
		<depth>3</depth>
	</size>
	<object>
		<name>ref_spoon</name>
		<bndbox>
			<xmin>782</xmin>
			<ymin>1616</ymin>
			<xmax>1180</xmax>
			<ymax>1898</ymax>
		</bndbox>
	</object>
	<object>
		<name>ref_fork</name>
		<bndbox>
			<xmin>819</xmin>
			<ymin>1366</ymin>
			<xmax>1296</xmax>
			<ymax>1560</ymax>
		</bndbox>
	</object>
	<object>
		<name>ref_coin</name>
		<bndbox>
			<xmin>1666</xmin>
			<ymin>1162</ymin>
			<xmax>1860</xmax>
			<ymax>1347</ymax>
		</bndbox>
	</object>
	<object>
		<name>dish</name>
		<bndbox>
			<xmin>1023</xmin>
			<ymin>97</ymin>
			<xmax>2069</xmax>
			<ymax>1056</ymax>
		</bndbox>
	</object>
	<object>
		<name>치킨윙</name>
		<bndbox>
			<xmin>1115</xmin>
			<ymin>176</ymin>
			<xmax>1962</xmax>
			<ymax>991</ymax>
		</bndbox>
	</object>
</annotation>