<annotation>
	<folder>top육류부피배달종이박스치킨윙</folder>
	<filename>top_육류부피_배달종이박스_치킨윙_Q5_00009.JPG</filename>
	<path>/top육류부피배달종이박스치킨윙q5/top_육류부피_배달종이박스_치킨윙_Q5_00009.JPG</path>
	<source>
		<database>fooddata</database>
	</source>
	<size>
		<width>3008</width>
		<height>2000</height>
		<depth>3</depth>
	</size>
	<object>
		<name>ref_spoon</name>
		<bndbox>
			<xmin>1962</xmin>
			<ymin>231</ymin>
			<xmax>2254</xmax>
			<ymax>662</ymax>
		</bndbox>
	</object>
	<object>
		<name>ref_fork</name>
		<bndbox>
			<xmin>2333</xmin>
			<ymin>245</ymin>
			<xmax>2555</xmax>
			<ymax>690</ymax>
		</bndbox>
	</object>
	<object>
		<name>ref_coin</name>
		<bndbox>
			<xmin>314</xmin>
			<ymin>861</ymin>
			<xmax>536</xmax>
			<ymax>1088</ymax>
		</bndbox>
	</object>
	<object>
		<name>dish</name>
		<bndbox>
			<xmin>717</xmin>
			<ymin>407</ymin>
			<xmax>1893</xmax>
			<ymax>1514</ymax>
		</bndbox>
	</object>
	<object>
		<name>치킨윙</name>
		<bndbox>
			<xmin>837</xmin>
			<ymin>514</ymin>
			<xmax>1814</xmax>
			<ymax>1356</ymax>
		</bndbox>
	</object>
</annotation>