<annotation>
	<folder>top육류부피배달종이박스치킨윙</folder>
	<filename>top_육류부피_배달종이박스_치킨윙_Q5_00050.JPG</filename>
	<path>/top육류부피배달종이박스치킨윙q5/top_육류부피_배달종이박스_치킨윙_Q5_00050.JPG</path>
	<source>
		<database>fooddata</database>
	</source>
	<size>
		<width>3008</width>
		<height>2000</height>
		<depth>3</depth>
	</size>
	<object>
		<name>ref_spoon</name>
		<bndbox>
			<xmin>379</xmin>
			<ymin>176</ymin>
			<xmax>708</xmax>
			<ymax>648</ymax>
		</bndbox>
	</object>
	<object>
		<name>ref_fork</name>
		<bndbox>
			<xmin>823</xmin>
			<ymin>250</ymin>
			<xmax>1050</xmax>
			<ymax>750</ymax>
		</bndbox>
	</object>
	<object>
		<name>ref_coin</name>
		<bndbox>
			<xmin>1115</xmin>
			<ymin>801</ymin>
			<xmax>1347</xmax>
			<ymax>1032</ymax>
		</bndbox>
	</object>
	<object>
		<name>dish</name>
		<bndbox>
			<xmin>1388</xmin>
			<ymin>352</ymin>
			<xmax>2518</xmax>
			<ymax>1528</ymax>
		</bndbox>
	</object>
	<object>
		<name>치킨윙</name>
		<bndbox>
			<xmin>1435</xmin>
			<ymin>426</ymin>
			<xmax>2416</xmax>
			<ymax>1472</ymax>
		</bndbox>
	</object>
</annotation>