<annotation>
	<folder>top육류부피배달종이박스치킨윙</folder>
	<filename>top_육류부피_배달종이박스_치킨윙_Q5_00046.JPG</filename>
	<path>/top육류부피배달종이박스치킨윙q5/top_육류부피_배달종이박스_치킨윙_Q5_00046.JPG</path>
	<source>
		<database>fooddata</database>
	</source>
	<size>
		<width>3008</width>
		<height>2000</height>
		<depth>3</depth>
	</size>
	<object>
		<name>ref_spoon</name>
		<bndbox>
			<xmin>407</xmin>
			<ymin>528</ymin>
			<xmax>731</xmax>
			<ymax>958</ymax>
		</bndbox>
	</object>
	<object>
		<name>ref_fork</name>
		<bndbox>
			<xmin>828</xmin>
			<ymin>565</ymin>
			<xmax>1069</xmax>
			<ymax>1046</ymax>
		</bndbox>
	</object>
	<object>
		<name>ref_coin</name>
		<bndbox>
			<xmin>967</xmin>
			<ymin>74</ymin>
			<xmax>1171</xmax>
			<ymax>287</ymax>
		</bndbox>
	</object>
	<object>
		<name>dish</name>
		<bndbox>
			<xmin>1388</xmin>
			<ymin>551</ymin>
			<xmax>2476</xmax>
			<ymax>1745</ymax>
		</bndbox>
	</object>
	<object>
		<name>치킨윙</name>
		<bndbox>
			<xmin>1462</xmin>
			<ymin>648</ymin>
			<xmax>2388</xmax>
			<ymax>1644</ymax>
		</bndbox>
	</object>
</annotation>