<annotation>
	<folder>side국류대접시래기된장국q2</folder>
	<filename>side_국류_대접_시래기된장국_Q2_00029.JPG</filename>
	<path>/side국류대접시래기된장국q2/side_국류_대접_시래기된장국_Q2_00029.JPG</path>
	<source>
		<database>fooddata</database>
	</source>
	<size>
		<width>5472</width>
		<height>3648</height>
		<depth>3</depth>
	</size>
	<object>
		<name>ref_spoon</name>
		<bndbox>
			<xmin>1183</xmin>
			<ymin>2873</ymin>
			<xmax>2181</xmax>
			<ymax>3455</ymax>
		</bndbox>
	</object>
	<object>
		<name>ref_fork</name>
		<bndbox>
			<xmin>1442</xmin>
			<ymin>2429</ymin>
			<xmax>2551</xmax>
			<ymax>2910</ymax>
		</bndbox>
	</object>
	<object>
		<name>ref_coin</name>
		<bndbox>
			<xmin>4095</xmin>
			<ymin>1117</ymin>
			<xmax>4529</xmax>
			<ymax>1450</ymax>
		</bndbox>
	</object>
	<object>
		<name>dish</name>
		<bndbox>
			<xmin>1396</xmin>
			<ymin>211</ymin>
			<xmax>3938</xmax>
			<ymax>2355</ymax>
		</bndbox>
	</object>
	<object>
		<name>시래기된장국</name>
		<bndbox>
			<xmin>1710</xmin>
			<ymin>821</ymin>
			<xmax>3596</xmax>
			<ymax>2004</ymax>
		</bndbox>
	</object>
</annotation>