<annotation>
	<folder>side국류대접시래기된장국q2</folder>
	<filename>side_국류_대접_시래기된장국_Q2_00050.JPG</filename>
	<path>/side국류대접시래기된장국q2/side_국류_대접_시래기된장국_Q2_00050.JPG</path>
	<source>
		<database>fooddata</database>
	</source>
	<size>
		<width>5472</width>
		<height>3648</height>
		<depth>3</depth>
	</size>
	<object>
		<name>ref_spoon</name>
		<bndbox>
			<xmin>490</xmin>
			<ymin>1154</ymin>
			<xmax>1072</xmax>
			<ymax>2013</ymax>
		</bndbox>
	</object>
	<object>
		<name>ref_fork</name>
		<bndbox>
			<xmin>1165</xmin>
			<ymin>1209</ymin>
			<xmax>1590</xmax>
			<ymax>2180</ymax>
		</bndbox>
	</object>
	<object>
		<name>ref_coin</name>
		<bndbox>
			<xmin>758</xmin>
			<ymin>729</ymin>
			<xmax>1192</xmax>
			<ymax>1052</ymax>
		</bndbox>
	</object>
	<object>
		<name>dish</name>
		<bndbox>
			<xmin>1756</xmin>
			<ymin>793</ymin>
			<xmax>4492</xmax>
			<ymax>3113</ymax>
		</bndbox>
	</object>
	<object>
		<name>시래기된장국</name>
		<bndbox>
			<xmin>2117</xmin>
			<ymin>1385</ymin>
			<xmax>4104</xmax>
			<ymax>2725</ymax>
		</bndbox>
	</object>
</annotation>