<annotation>
	<folder>side국류대접시래기된장국q2</folder>
	<filename>side_국류_대접_시래기된장국_Q2_00011.JPG</filename>
	<path>/side국류대접시래기된장국q2/side_국류_대접_시래기된장국_Q2_00011.JPG</path>
	<source>
		<database>fooddata</database>
	</source>
	<size>
		<width>5472</width>
		<height>3648</height>
		<depth>3</depth>
	</size>
	<object>
		<name>ref_spoon</name>
		<bndbox>
			<xmin>3839</xmin>
			<ymin>646</ymin>
			<xmax>4386</xmax>
			<ymax>1441</ymax>
		</bndbox>
	</object>
	<object>
		<name>ref_fork</name>
		<bndbox>
			<xmin>4605</xmin>
			<ymin>825</ymin>
			<xmax>5022</xmax>
			<ymax>1680</ymax>
		</bndbox>
	</object>
	<object>
		<name>ref_coin</name>
		<bndbox>
			<xmin>3124</xmin>
			<ymin>3081</ymin>
			<xmax>3601</xmax>
			<ymax>3489</ymax>
		</bndbox>
	</object>
	<object>
		<name>dish</name>
		<bndbox>
			<xmin>1334</xmin>
			<ymin>487</ymin>
			<xmax>3810</xmax>
			<ymax>2614</ymax>
		</bndbox>
	</object>
	<object>
		<name>시래기된장국</name>
		<bndbox>
			<xmin>1662</xmin>
			<ymin>1103</ymin>
			<xmax>3491</xmax>
			<ymax>2296</ymax>
		</bndbox>
	</object>
</annotation>