<annotation>
	<folder>side국류대접시래기된장국q2</folder>
	<filename>side_국류_대접_시래기된장국_Q2_00022.JPG</filename>
	<path>/side국류대접시래기된장국q2/side_국류_대접_시래기된장국_Q2_00022.JPG</path>
	<source>
		<database>fooddata</database>
	</source>
	<size>
		<width>5472</width>
		<height>3648</height>
		<depth>3</depth>
	</size>
	<object>
		<name>ref_spoon</name>
		<bndbox>
			<xmin>1581</xmin>
			<ymin>3003</ymin>
			<xmax>2542</xmax>
			<ymax>3539</ymax>
		</bndbox>
	</object>
	<object>
		<name>ref_fork</name>
		<bndbox>
			<xmin>1802</xmin>
			<ymin>2614</ymin>
			<xmax>2847</xmax>
			<ymax>3030</ymax>
		</bndbox>
	</object>
	<object>
		<name>ref_coin</name>
		<bndbox>
			<xmin>2459</xmin>
			<ymin>193</ymin>
			<xmax>2838</xmax>
			<ymax>433</ymax>
		</bndbox>
	</object>
	<object>
		<name>dish</name>
		<bndbox>
			<xmin>1978</xmin>
			<ymin>655</ymin>
			<xmax>4270</xmax>
			<ymax>2550</ymax>
		</bndbox>
	</object>
	<object>
		<name>시래기된장국</name>
		<bndbox>
			<xmin>2265</xmin>
			<ymin>1219</ymin>
			<xmax>3975</xmax>
			<ymax>2272</ymax>
		</bndbox>
	</object>
</annotation>