<annotation>
	<folder>side국류대접시래기된장국q2</folder>
	<filename>side_국류_대접_시래기된장국_Q2_00015.JPG</filename>
	<path>/side국류대접시래기된장국q2/side_국류_대접_시래기된장국_Q2_00015.JPG</path>
	<source>
		<database>fooddata</database>
	</source>
	<size>
		<width>5472</width>
		<height>3648</height>
		<depth>3</depth>
	</size>
	<object>
		<name>ref_spoon</name>
		<bndbox>
			<xmin>3829</xmin>
			<ymin>1064</ymin>
			<xmax>4396</xmax>
			<ymax>1889</ymax>
		</bndbox>
	</object>
	<object>
		<name>ref_fork</name>
		<bndbox>
			<xmin>4605</xmin>
			<ymin>1233</ymin>
			<xmax>5032</xmax>
			<ymax>2137</ymax>
		</bndbox>
	</object>
	<object>
		<name>ref_coin</name>
		<bndbox>
			<xmin>2289</xmin>
			<ymin>288</ymin>
			<xmax>2656</xmax>
			<ymax>577</ymax>
		</bndbox>
	</object>
	<object>
		<name>dish</name>
		<bndbox>
			<xmin>1275</xmin>
			<ymin>865</ymin>
			<xmax>3810</xmax>
			<ymax>3012</ymax>
		</bndbox>
	</object>
	<object>
		<name>시래기된장국</name>
		<bndbox>
			<xmin>1603</xmin>
			<ymin>1461</ymin>
			<xmax>3501</xmax>
			<ymax>2654</ymax>
		</bndbox>
	</object>
</annotation>