<annotation>
	<folder>side국류대접시래기된장국q2</folder>
	<filename>side_국류_대접_시래기된장국_Q2_00025.JPG</filename>
	<path>/side국류대접시래기된장국q2/side_국류_대접_시래기된장국_Q2_00025.JPG</path>
	<source>
		<database>fooddata</database>
	</source>
	<size>
		<width>5472</width>
		<height>3648</height>
		<depth>3</depth>
	</size>
	<object>
		<name>ref_spoon</name>
		<bndbox>
			<xmin>1202</xmin>
			<ymin>2836</ymin>
			<xmax>2237</xmax>
			<ymax>3418</ymax>
		</bndbox>
	</object>
	<object>
		<name>ref_fork</name>
		<bndbox>
			<xmin>1488</xmin>
			<ymin>2411</ymin>
			<xmax>2634</xmax>
			<ymax>2873</ymax>
		</bndbox>
	</object>
	<object>
		<name>ref_coin</name>
		<bndbox>
			<xmin>980</xmin>
			<ymin>1117</ymin>
			<xmax>1405</xmax>
			<ymax>1450</ymax>
		</bndbox>
	</object>
	<object>
		<name>dish</name>
		<bndbox>
			<xmin>1960</xmin>
			<ymin>285</ymin>
			<xmax>4483</xmax>
			<ymax>2420</ymax>
		</bndbox>
	</object>
	<object>
		<name>시래기된장국</name>
		<bndbox>
			<xmin>2255</xmin>
			<ymin>932</ymin>
			<xmax>4122</xmax>
			<ymax>2115</ymax>
		</bndbox>
	</object>
</annotation>