<annotation>
	<folder>side국류대접시래기된장국q2</folder>
	<filename>side_국류_대접_시래기된장국_Q2_00032.JPG</filename>
	<path>/side국류대접시래기된장국q2/side_국류_대접_시래기된장국_Q2_00032.JPG</path>
	<source>
		<database>fooddata</database>
	</source>
	<size>
		<width>5472</width>
		<height>3648</height>
		<depth>3</depth>
	</size>
	<object>
		<name>ref_spoon</name>
		<bndbox>
			<xmin>647</xmin>
			<ymin>784</ymin>
			<xmax>1239</xmax>
			<ymax>1635</ymax>
		</bndbox>
	</object>
	<object>
		<name>ref_fork</name>
		<bndbox>
			<xmin>1340</xmin>
			<ymin>812</ymin>
			<xmax>1738</xmax>
			<ymax>1782</ymax>
		</bndbox>
	</object>
	<object>
		<name>ref_coin</name>
		<bndbox>
			<xmin>4529</xmin>
			<ymin>2411</ymin>
			<xmax>5019</xmax>
			<ymax>2836</ymax>
		</bndbox>
	</object>
	<object>
		<name>dish</name>
		<bndbox>
			<xmin>1923</xmin>
			<ymin>424</ymin>
			<xmax>4622</xmax>
			<ymax>2688</ymax>
		</bndbox>
	</object>
	<object>
		<name>시래기된장국</name>
		<bndbox>
			<xmin>2274</xmin>
			<ymin>1043</ymin>
			<xmax>4233</xmax>
			<ymax>2319</ymax>
		</bndbox>
	</object>
</annotation>