<annotation>
	<folder>side국류대접시래기된장국q2</folder>
	<filename>side_국류_대접_시래기된장국_Q2_00048.JPG</filename>
	<path>/side국류대접시래기된장국q2/side_국류_대접_시래기된장국_Q2_00048.JPG</path>
	<source>
		<database>fooddata</database>
	</source>
	<size>
		<width>5472</width>
		<height>3648</height>
		<depth>3</depth>
	</size>
	<object>
		<name>ref_spoon</name>
		<bndbox>
			<xmin>416</xmin>
			<ymin>1274</ymin>
			<xmax>1017</xmax>
			<ymax>2152</ymax>
		</bndbox>
	</object>
	<object>
		<name>ref_fork</name>
		<bndbox>
			<xmin>1109</xmin>
			<ymin>1320</ymin>
			<xmax>1534</xmax>
			<ymax>2272</ymax>
		</bndbox>
	</object>
	<object>
		<name>ref_coin</name>
		<bndbox>
			<xmin>1479</xmin>
			<ymin>581</ymin>
			<xmax>1913</xmax>
			<ymax>895</ymax>
		</bndbox>
	</object>
	<object>
		<name>dish</name>
		<bndbox>
			<xmin>1692</xmin>
			<ymin>951</ymin>
			<xmax>4409</xmax>
			<ymax>3206</ymax>
		</bndbox>
	</object>
	<object>
		<name>시래기된장국</name>
		<bndbox>
			<xmin>2034</xmin>
			<ymin>1598</ymin>
			<xmax>4067</xmax>
			<ymax>2855</ymax>
		</bndbox>
	</object>
</annotation>