<annotation>
	<folder>top국류대접q2</folder>
	<filename>top_국류_대접_시래기된장국_Q2_00003.JPG</filename>
	<path>/top국류대접시래기된장국q2/top_국류_대접_시래기된장국_Q2_00003.JPG</path>
	<source>
		<database>fooddata</database>
	</source>
	<size>
		<width>5472</width>
		<height>3648</height>
		<depth>3</depth>
	</size>
	<object>
		<name>ref_spoon</name>
		<bndbox>
			<xmin>3872</xmin>
			<ymin>500</ymin>
			<xmax>4414</xmax>
			<ymax>1435</ymax>
		</bndbox>
	</object>
	<object>
		<name>ref_fork</name>
		<bndbox>
			<xmin>4656</xmin>
			<ymin>506</ymin>
			<xmax>5016</xmax>
			<ymax>1499</ymax>
		</bndbox>
	</object>
	<object>
		<name>ref_coin</name>
		<bndbox>
			<xmin>2438</xmin>
			<ymin>3030</ymin>
			<xmax>2846</xmax>
			<ymax>3454</ymax>
		</bndbox>
	</object>
	<object>
		<name>dish</name>
		<bndbox>
			<xmin>1214</xmin>
			<ymin>248</ymin>
			<xmax>3866</xmax>
			<ymax>2809</ymax>
		</bndbox>
	</object>
	<object>
		<name>시래기된장국</name>
		<bndbox>
			<xmin>1606</xmin>
			<ymin>710</ymin>
			<xmax>3507</xmax>
			<ymax>2568</ymax>
		</bndbox>
	</object>
</annotation>