<annotation>
	<folder>top국류대접q2</folder>
	<filename>top_국류_대접_시래기된장국_Q2_00040.JPG</filename>
	<path>/top국류대접시래기된장국q2/top_국류_대접_시래기된장국_Q2_00040.JPG</path>
	<source>
		<database>fooddata</database>
	</source>
	<size>
		<width>5472</width>
		<height>3648</height>
		<depth>3</depth>
	</size>
	<object>
		<name>ref_spoon</name>
		<bndbox>
			<xmin>1112</xmin>
			<ymin>710</ymin>
			<xmax>1627</xmax>
			<ymax>1633</ymax>
		</bndbox>
	</object>
	<object>
		<name>ref_fork</name>
		<bndbox>
			<xmin>1944</xmin>
			<ymin>753</ymin>
			<xmax>2266</xmax>
			<ymax>1773</ymax>
		</bndbox>
	</object>
	<object>
		<name>ref_coin</name>
		<bndbox>
			<xmin>3367</xmin>
			<ymin>3040</ymin>
			<xmax>3754</xmax>
			<ymax>3438</ymax>
		</bndbox>
	</object>
	<object>
		<name>dish</name>
		<bndbox>
			<xmin>2443</xmin>
			<ymin>162</ymin>
			<xmax>4946</xmax>
			<ymax>2568</ymax>
		</bndbox>
	</object>
	<object>
		<name>시래기된장국</name>
		<bndbox>
			<xmin>2744</xmin>
			<ymin>602</ymin>
			<xmax>4532</xmax>
			<ymax>2331</ymax>
		</bndbox>
	</object>
</annotation>