<annotation>
	<folder>top국류대접q2</folder>
	<filename>top_국류_대접_시래기된장국_Q2_00011.JPG</filename>
	<path>/top국류대접시래기된장국q2/top_국류_대접_시래기된장국_Q2_00011.JPG</path>
	<source>
		<database>fooddata</database>
	</source>
	<size>
		<width>5472</width>
		<height>3648</height>
		<depth>3</depth>
	</size>
	<object>
		<name>ref_spoon</name>
		<bndbox>
			<xmin>3985</xmin>
			<ymin>812</ymin>
			<xmax>4500</xmax>
			<ymax>1709</ymax>
		</bndbox>
	</object>
	<object>
		<name>ref_fork</name>
		<bndbox>
			<xmin>4726</xmin>
			<ymin>823</ymin>
			<xmax>5085</xmax>
			<ymax>1848</ymax>
		</bndbox>
	</object>
	<object>
		<name>ref_coin</name>
		<bndbox>
			<xmin>2851</xmin>
			<ymin>194</ymin>
			<xmax>3217</xmax>
			<ymax>538</ymax>
		</bndbox>
	</object>
	<object>
		<name>dish</name>
		<bndbox>
			<xmin>1074</xmin>
			<ymin>785</ymin>
			<xmax>3662</xmax>
			<ymax>3336</ymax>
		</bndbox>
	</object>
	<object>
		<name>시래기된장국</name>
		<bndbox>
			<xmin>1471</xmin>
			<ymin>1225</ymin>
			<xmax>3313</xmax>
			<ymax>3078</ymax>
		</bndbox>
	</object>
</annotation>