<annotation>
	<folder>top국류대접q2</folder>
	<filename>top_국류_대접_시래기된장국_Q2_00042.JPG</filename>
	<path>/top국류대접시래기된장국q2/top_국류_대접_시래기된장국_Q2_00042.JPG</path>
	<source>
		<database>fooddata</database>
	</source>
	<size>
		<width>5472</width>
		<height>3648</height>
		<depth>3</depth>
	</size>
	<object>
		<name>ref_spoon</name>
		<bndbox>
			<xmin>1047</xmin>
			<ymin>1236</ymin>
			<xmax>1606</xmax>
			<ymax>2256</ymax>
		</bndbox>
	</object>
	<object>
		<name>ref_fork</name>
		<bndbox>
			<xmin>1939</xmin>
			<ymin>1311</ymin>
			<xmax>2298</xmax>
			<ymax>2369</ymax>
		</bndbox>
	</object>
	<object>
		<name>ref_coin</name>
		<bndbox>
			<xmin>4065</xmin>
			<ymin>248</ymin>
			<xmax>4468</xmax>
			<ymax>624</ymax>
		</bndbox>
	</object>
	<object>
		<name>dish</name>
		<bndbox>
			<xmin>2459</xmin>
			<ymin>720</ymin>
			<xmax>5198</xmax>
			<ymax>3389</ymax>
		</bndbox>
	</object>
	<object>
		<name>시래기된장국</name>
		<bndbox>
			<xmin>2792</xmin>
			<ymin>1172</ymin>
			<xmax>4747</xmax>
			<ymax>3078</ymax>
		</bndbox>
	</object>
</annotation>