<annotation>
	<folder>top국류대접q2</folder>
	<filename>top_국류_대접_시래기된장국_Q2_00006.JPG</filename>
	<path>/top국류대접시래기된장국q2/top_국류_대접_시래기된장국_Q2_00006.JPG</path>
	<source>
		<database>fooddata</database>
	</source>
	<size>
		<width>5472</width>
		<height>3648</height>
		<depth>3</depth>
	</size>
	<object>
		<name>ref_spoon</name>
		<bndbox>
			<xmin>3985</xmin>
			<ymin>473</ymin>
			<xmax>4516</xmax>
			<ymax>1419</ymax>
		</bndbox>
	</object>
	<object>
		<name>ref_fork</name>
		<bndbox>
			<xmin>4747</xmin>
			<ymin>490</ymin>
			<xmax>5123</xmax>
			<ymax>1547</ymax>
		</bndbox>
	</object>
	<object>
		<name>ref_coin</name>
		<bndbox>
			<xmin>666</xmin>
			<ymin>2020</ymin>
			<xmax>1079</xmax>
			<ymax>2428</ymax>
		</bndbox>
	</object>
	<object>
		<name>dish</name>
		<bndbox>
			<xmin>1246</xmin>
			<ymin>334</ymin>
			<xmax>3904</xmax>
			<ymax>2917</ymax>
		</bndbox>
	</object>
	<object>
		<name>시래기된장국</name>
		<bndbox>
			<xmin>1616</xmin>
			<ymin>796</ymin>
			<xmax>3523</xmax>
			<ymax>2654</ymax>
		</bndbox>
	</object>
</annotation>