<annotation>
	<folder>top국류대접q2</folder>
	<filename>top_국류_대접_시래기된장국_Q2_00043.JPG</filename>
	<path>/top국류대접시래기된장국q2/top_국류_대접_시래기된장국_Q2_00043.JPG</path>
	<source>
		<database>fooddata</database>
	</source>
	<size>
		<width>5472</width>
		<height>3648</height>
		<depth>3</depth>
	</size>
	<object>
		<name>ref_spoon</name>
		<bndbox>
			<xmin>967</xmin>
			<ymin>1150</ymin>
			<xmax>1514</xmax>
			<ymax>2111</ymax>
		</bndbox>
	</object>
	<object>
		<name>ref_fork</name>
		<bndbox>
			<xmin>1863</xmin>
			<ymin>1209</ymin>
			<xmax>2218</xmax>
			<ymax>2326</ymax>
		</bndbox>
	</object>
	<object>
		<name>ref_coin</name>
		<bndbox>
			<xmin>4731</xmin>
			<ymin>624</ymin>
			<xmax>5150</xmax>
			<ymax>1016</ymax>
		</bndbox>
	</object>
	<object>
		<name>dish</name>
		<bndbox>
			<xmin>2368</xmin>
			<ymin>586</ymin>
			<xmax>5128</xmax>
			<ymax>3244</ymax>
		</bndbox>
	</object>
	<object>
		<name>시래기된장국</name>
		<bndbox>
			<xmin>2712</xmin>
			<ymin>1043</ymin>
			<xmax>4672</xmax>
			<ymax>2965</ymax>
		</bndbox>
	</object>
</annotation>