<annotation>
	<folder>top국류대접q2</folder>
	<filename>top_국류_대접_시래기된장국_Q2_00045.JPG</filename>
	<path>/top국류대접시래기된장국q2/top_국류_대접_시래기된장국_Q2_00045.JPG</path>
	<source>
		<database>fooddata</database>
	</source>
	<size>
		<width>5472</width>
		<height>3648</height>
		<depth>3</depth>
	</size>
	<object>
		<name>ref_spoon</name>
		<bndbox>
			<xmin>301</xmin>
			<ymin>935</ymin>
			<xmax>886</xmax>
			<ymax>1977</ymax>
		</bndbox>
	</object>
	<object>
		<name>ref_fork</name>
		<bndbox>
			<xmin>1235</xmin>
			<ymin>1005</ymin>
			<xmax>1627</xmax>
			<ymax>2095</ymax>
		</bndbox>
	</object>
	<object>
		<name>ref_coin</name>
		<bndbox>
			<xmin>4822</xmin>
			<ymin>1687</ymin>
			<xmax>5241</xmax>
			<ymax>2095</ymax>
		</bndbox>
	</object>
	<object>
		<name>dish</name>
		<bndbox>
			<xmin>1745</xmin>
			<ymin>377</ymin>
			<xmax>4495</xmax>
			<ymax>3073</ymax>
		</bndbox>
	</object>
	<object>
		<name>시래기된장국</name>
		<bndbox>
			<xmin>2110</xmin>
			<ymin>855</ymin>
			<xmax>4097</xmax>
			<ymax>2804</ymax>
		</bndbox>
	</object>
</annotation>