<annotation>
	<folder>top국류대접q2</folder>
	<filename>top_국류_대접_시래기된장국_Q2_00044.JPG</filename>
	<path>/top국류대접시래기된장국q2/top_국류_대접_시래기된장국_Q2_00044.JPG</path>
	<source>
		<database>fooddata</database>
	</source>
	<size>
		<width>5472</width>
		<height>3648</height>
		<depth>3</depth>
	</size>
	<object>
		<name>ref_spoon</name>
		<bndbox>
			<xmin>516</xmin>
			<ymin>914</ymin>
			<xmax>1112</xmax>
			<ymax>1939</ymax>
		</bndbox>
	</object>
	<object>
		<name>ref_fork</name>
		<bndbox>
			<xmin>1461</xmin>
			<ymin>1000</ymin>
			<xmax>1826</xmax>
			<ymax>2074</ymax>
		</bndbox>
	</object>
	<object>
		<name>ref_coin</name>
		<bndbox>
			<xmin>4833</xmin>
			<ymin>1064</ymin>
			<xmax>5246</xmax>
			<ymax>1451</ymax>
		</bndbox>
	</object>
	<object>
		<name>dish</name>
		<bndbox>
			<xmin>1971</xmin>
			<ymin>382</ymin>
			<xmax>4752</xmax>
			<ymax>3089</ymax>
		</bndbox>
	</object>
	<object>
		<name>시래기된장국</name>
		<bndbox>
			<xmin>2331</xmin>
			<ymin>839</ymin>
			<xmax>4317</xmax>
			<ymax>2793</ymax>
		</bndbox>
	</object>
</annotation>