<annotation>
	<folder>top국류대접q2</folder>
	<filename>top_국류_대접_시래기된장국_Q2_00030.JPG</filename>
	<path>/top국류대접시래기된장국q2/top_국류_대접_시래기된장국_Q2_00030.JPG</path>
	<source>
		<database>fooddata</database>
	</source>
	<size>
		<width>5472</width>
		<height>3648</height>
		<depth>3</depth>
	</size>
	<object>
		<name>ref_spoon</name>
		<bndbox>
			<xmin>2148</xmin>
			<ymin>2847</ymin>
			<xmax>3061</xmax>
			<ymax>3325</ymax>
		</bndbox>
	</object>
	<object>
		<name>ref_fork</name>
		<bndbox>
			<xmin>2352</xmin>
			<ymin>2417</ymin>
			<xmax>3351</xmax>
			<ymax>2729</ymax>
		</bndbox>
	</object>
	<object>
		<name>ref_coin</name>
		<bndbox>
			<xmin>4822</xmin>
			<ymin>1193</ymin>
			<xmax>5161</xmax>
			<ymax>1521</ymax>
		</bndbox>
	</object>
	<object>
		<name>dish</name>
		<bndbox>
			<xmin>2314</xmin>
			<ymin>275</ymin>
			<xmax>4479</xmax>
			<ymax>2369</ymax>
		</bndbox>
	</object>
	<object>
		<name>시래기된장국</name>
		<bndbox>
			<xmin>2599</xmin>
			<ymin>661</ymin>
			<xmax>4135</xmax>
			<ymax>2181</ymax>
		</bndbox>
	</object>
</annotation>