<annotation>
	<folder>top국류대접q2</folder>
	<filename>top_국류_대접_시래기된장국_Q2_00033.JPG</filename>
	<path>/top국류대접시래기된장국q2/top_국류_대접_시래기된장국_Q2_00033.JPG</path>
	<source>
		<database>fooddata</database>
	</source>
	<size>
		<width>5472</width>
		<height>3648</height>
		<depth>3</depth>
	</size>
	<object>
		<name>ref_spoon</name>
		<bndbox>
			<xmin>1794</xmin>
			<ymin>3030</ymin>
			<xmax>2674</xmax>
			<ymax>3534</ymax>
		</bndbox>
	</object>
	<object>
		<name>ref_fork</name>
		<bndbox>
			<xmin>1906</xmin>
			<ymin>2546</ymin>
			<xmax>2884</xmax>
			<ymax>2868</ymax>
		</bndbox>
	</object>
	<object>
		<name>ref_coin</name>
		<bndbox>
			<xmin>4151</xmin>
			<ymin>688</ymin>
			<xmax>4479</xmax>
			<ymax>1000</ymax>
		</bndbox>
	</object>
	<object>
		<name>dish</name>
		<bndbox>
			<xmin>1933</xmin>
			<ymin>183</ymin>
			<xmax>4146</xmax>
			<ymax>2369</ymax>
		</bndbox>
	</object>
	<object>
		<name>시래기된장국</name>
		<bndbox>
			<xmin>2223</xmin>
			<ymin>613</ymin>
			<xmax>3802</xmax>
			<ymax>2176</ymax>
		</bndbox>
	</object>
</annotation>