<annotation>
	<folder>top국류대접q2</folder>
	<filename>top_국류_대접_시래기된장국_Q2_00012.JPG</filename>
	<path>/top국류대접시래기된장국q2/top_국류_대접_시래기된장국_Q2_00012.JPG</path>
	<source>
		<database>fooddata</database>
	</source>
	<size>
		<width>5472</width>
		<height>3648</height>
		<depth>3</depth>
	</size>
	<object>
		<name>ref_spoon</name>
		<bndbox>
			<xmin>4033</xmin>
			<ymin>823</ymin>
			<xmax>4564</xmax>
			<ymax>1698</ymax>
		</bndbox>
	</object>
	<object>
		<name>ref_fork</name>
		<bndbox>
			<xmin>4790</xmin>
			<ymin>849</ymin>
			<xmax>5144</xmax>
			<ymax>1886</ymax>
		</bndbox>
	</object>
	<object>
		<name>ref_coin</name>
		<bndbox>
			<xmin>3394</xmin>
			<ymin>613</ymin>
			<xmax>3764</xmax>
			<ymax>978</ymax>
		</bndbox>
	</object>
	<object>
		<name>dish</name>
		<bndbox>
			<xmin>1020</xmin>
			<ymin>715</ymin>
			<xmax>3619</xmax>
			<ymax>3250</ymax>
		</bndbox>
	</object>
	<object>
		<name>시래기된장국</name>
		<bndbox>
			<xmin>1402</xmin>
			<ymin>1118</ymin>
			<xmax>3265</xmax>
			<ymax>2960</ymax>
		</bndbox>
	</object>
</annotation>