<annotation>
	<folder>top국류대접q2</folder>
	<filename>top_국류_대접_시래기된장국_Q2_00010.JPG</filename>
	<path>/top국류대접시래기된장국q2/top_국류_대접_시래기된장국_Q2_00010.JPG</path>
	<source>
		<database>fooddata</database>
	</source>
	<size>
		<width>5472</width>
		<height>3648</height>
		<depth>3</depth>
	</size>
	<object>
		<name>ref_spoon</name>
		<bndbox>
			<xmin>4146</xmin>
			<ymin>763</ymin>
			<xmax>4672</xmax>
			<ymax>1741</ymax>
		</bndbox>
	</object>
	<object>
		<name>ref_fork</name>
		<bndbox>
			<xmin>4903</xmin>
			<ymin>790</ymin>
			<xmax>5268</xmax>
			<ymax>1794</ymax>
		</bndbox>
	</object>
	<object>
		<name>ref_coin</name>
		<bndbox>
			<xmin>2239</xmin>
			<ymin>205</ymin>
			<xmax>2610</xmax>
			<ymax>549</ymax>
		</bndbox>
	</object>
	<object>
		<name>dish</name>
		<bndbox>
			<xmin>1606</xmin>
			<ymin>871</ymin>
			<xmax>4151</xmax>
			<ymax>3416</ymax>
		</bndbox>
	</object>
	<object>
		<name>시래기된장국</name>
		<bndbox>
			<xmin>1965</xmin>
			<ymin>1274</ymin>
			<xmax>3807</xmax>
			<ymax>3121</ymax>
		</bndbox>
	</object>
</annotation>