<annotation>
	<folder>top국류대접q2</folder>
	<filename>top_국류_대접_시래기된장국_Q2_00049.JPG</filename>
	<path>/top국류대접시래기된장국q2/top_국류_대접_시래기된장국_Q2_00049.JPG</path>
	<source>
		<database>fooddata</database>
	</source>
	<size>
		<width>5472</width>
		<height>3648</height>
		<depth>3</depth>
	</size>
	<object>
		<name>ref_spoon</name>
		<bndbox>
			<xmin>1289</xmin>
			<ymin>651</ymin>
			<xmax>1783</xmax>
			<ymax>1510</ymax>
		</bndbox>
	</object>
	<object>
		<name>ref_fork</name>
		<bndbox>
			<xmin>2051</xmin>
			<ymin>731</ymin>
			<xmax>2379</xmax>
			<ymax>1676</ymax>
		</bndbox>
	</object>
	<object>
		<name>ref_coin</name>
		<bndbox>
			<xmin>3469</xmin>
			<ymin>2992</ymin>
			<xmax>3829</xmax>
			<ymax>3352</ymax>
		</bndbox>
	</object>
	<object>
		<name>dish</name>
		<bndbox>
			<xmin>2556</xmin>
			<ymin>210</ymin>
			<xmax>4924</xmax>
			<ymax>2460</ymax>
		</bndbox>
	</object>
	<object>
		<name>시래기된장국</name>
		<bndbox>
			<xmin>2814</xmin>
			<ymin>635</ymin>
			<xmax>4484</xmax>
			<ymax>2262</ymax>
		</bndbox>
	</object>
</annotation>