<annotation>
	<folder>top국류대접q2</folder>
	<filename>top_국류_대접_시래기된장국_Q2_00029.JPG</filename>
	<path>/top국류대접시래기된장국q2/top_국류_대접_시래기된장국_Q2_00029.JPG</path>
	<source>
		<database>fooddata</database>
	</source>
	<size>
		<width>5472</width>
		<height>3648</height>
		<depth>3</depth>
	</size>
	<object>
		<name>ref_spoon</name>
		<bndbox>
			<xmin>2186</xmin>
			<ymin>2804</ymin>
			<xmax>3045</xmax>
			<ymax>3277</ymax>
		</bndbox>
	</object>
	<object>
		<name>ref_fork</name>
		<bndbox>
			<xmin>2395</xmin>
			<ymin>2385</ymin>
			<xmax>3405</xmax>
			<ymax>2691</ymax>
		</bndbox>
	</object>
	<object>
		<name>ref_coin</name>
		<bndbox>
			<xmin>4693</xmin>
			<ymin>661</ymin>
			<xmax>5026</xmax>
			<ymax>967</ymax>
		</bndbox>
	</object>
	<object>
		<name>dish</name>
		<bndbox>
			<xmin>2470</xmin>
			<ymin>232</ymin>
			<xmax>4602</xmax>
			<ymax>2321</ymax>
		</bndbox>
	</object>
	<object>
		<name>시래기된장국</name>
		<bndbox>
			<xmin>2744</xmin>
			<ymin>624</ymin>
			<xmax>4280</xmax>
			<ymax>2127</ymax>
		</bndbox>
	</object>
</annotation>