<annotation>
	<folder>side어육류면적접시훈제오리q4</folder>
	<filename>side_어육류면적_접시_훈제오리_Q4_00002.JPG</filename>
	<path>/side어육류면적접시훈제오리q4/side_어육류면적_접시_훈제오리_Q4_00002.JPG</path>
	<source>
		<database>fooddata</database>
	</source>
	<size>
		<width>5472</width>
		<height>3648</height>
		<depth>3</depth>
	</size>
	<object>
		<name>ref_spoon</name>
		<bndbox>
			<xmin>3985</xmin>
			<ymin>919</ymin>
			<xmax>4511</xmax>
			<ymax>1752</ymax>
		</bndbox>
	</object>
	<object>
		<name>ref_fork</name>
		<bndbox>
			<xmin>4704</xmin>
			<ymin>935</ymin>
			<xmax>5085</xmax>
			<ymax>1859</ymax>
		</bndbox>
	</object>
	<object>
		<name>ref_coin</name>
		<bndbox>
			<xmin>2991</xmin>
			<ymin>2901</ymin>
			<xmax>3421</xmax>
			<ymax>3266</ymax>
		</bndbox>
	</object>
	<object>
		<name>dish</name>
		<bndbox>
			<xmin>1010</xmin>
			<ymin>747</ymin>
			<xmax>3743</xmax>
			<ymax>2691</ymax>
		</bndbox>
	</object>
	<object>
		<name>훈제오리</name>
		<bndbox>
			<xmin>1396</xmin>
			<ymin>1016</ymin>
			<xmax>3490</xmax>
			<ymax>2460</ymax>
		</bndbox>
	</object>
</annotation>