<annotation>
	<folder>side어육류면적접시훈제오리q4</folder>
	<filename>side_어육류면적_접시_훈제오리_Q4_00030.JPG</filename>
	<path>/side어육류면적접시훈제오리q4/side_어육류면적_접시_훈제오리_Q4_00030.JPG</path>
	<source>
		<database>fooddata</database>
	</source>
	<size>
		<width>5472</width>
		<height>3648</height>
		<depth>3</depth>
	</size>
	<object>
		<name>ref_spoon</name>
		<bndbox>
			<xmin>730</xmin>
			<ymin>468</ymin>
			<xmax>1278</xmax>
			<ymax>1322</ymax>
		</bndbox>
	</object>
	<object>
		<name>ref_fork</name>
		<bndbox>
			<xmin>1353</xmin>
			<ymin>592</ymin>
			<xmax>1772</xmax>
			<ymax>1483</ymax>
		</bndbox>
	</object>
	<object>
		<name>ref_coin</name>
		<bndbox>
			<xmin>4317</xmin>
			<ymin>3013</ymin>
			<xmax>4774</xmax>
			<ymax>3400</ymax>
		</bndbox>
	</object>
	<object>
		<name>dish</name>
		<bndbox>
			<xmin>1847</xmin>
			<ymin>720</ymin>
			<xmax>4672</xmax>
			<ymax>2783</ymax>
		</bndbox>
	</object>
	<object>
		<name>훈제오리</name>
		<bndbox>
			<xmin>2266</xmin>
			<ymin>1064</ymin>
			<xmax>4017</xmax>
			<ymax>2681</ymax>
		</bndbox>
	</object>
</annotation>