<annotation>
	<folder>side어육류면적접시훈제오리q4</folder>
	<filename>side_어육류면적_접시_훈제오리_Q4_00051.JPG</filename>
	<path>/side어육류면적접시훈제오리q4/side_어육류면적_접시_훈제오리_Q4_00051.JPG</path>
	<source>
		<database>fooddata</database>
	</source>
	<size>
		<width>5472</width>
		<height>3648</height>
		<depth>3</depth>
	</size>
	<object>
		<name>ref_spoon</name>
		<bndbox>
			<xmin>924</xmin>
			<ymin>323</ymin>
			<xmax>1504</xmax>
			<ymax>1193</ymax>
		</bndbox>
	</object>
	<object>
		<name>ref_fork</name>
		<bndbox>
			<xmin>1547</xmin>
			<ymin>452</ymin>
			<xmax>1987</xmax>
			<ymax>1343</ymax>
		</bndbox>
	</object>
	<object>
		<name>ref_coin</name>
		<bndbox>
			<xmin>3920</xmin>
			<ymin>3126</ymin>
			<xmax>4382</xmax>
			<ymax>3540</ymax>
		</bndbox>
	</object>
	<object>
		<name>dish</name>
		<bndbox>
			<xmin>2035</xmin>
			<ymin>678</ymin>
			<xmax>4897</xmax>
			<ymax>2804</ymax>
		</bndbox>
	</object>
	<object>
		<name>훈제오리</name>
		<bndbox>
			<xmin>2529</xmin>
			<ymin>946</ymin>
			<xmax>4409</xmax>
			<ymax>2498</ymax>
		</bndbox>
	</object>
</annotation>