<annotation>
	<folder>side어육류면적접시훈제오리q4</folder>
	<filename>side_어육류면적_접시_훈제오리_Q4_00022.JPG</filename>
	<path>/side어육류면적접시훈제오리q4/side_어육류면적_접시_훈제오리_Q4_00022.JPG</path>
	<source>
		<database>fooddata</database>
	</source>
	<size>
		<width>5472</width>
		<height>3648</height>
		<depth>3</depth>
	</size>
	<object>
		<name>ref_spoon</name>
		<bndbox>
			<xmin>1053</xmin>
			<ymin>2895</ymin>
			<xmax>2046</xmax>
			<ymax>3422</ymax>
		</bndbox>
	</object>
	<object>
		<name>ref_fork</name>
		<bndbox>
			<xmin>1240</xmin>
			<ymin>2525</ymin>
			<xmax>2347</xmax>
			<ymax>2954</ymax>
		</bndbox>
	</object>
	<object>
		<name>ref_coin</name>
		<bndbox>
			<xmin>1987</xmin>
			<ymin>302</ymin>
			<xmax>2320</xmax>
			<ymax>559</ymax>
		</bndbox>
	</object>
	<object>
		<name>dish</name>
		<bndbox>
			<xmin>1439</xmin>
			<ymin>699</ymin>
			<xmax>3845</xmax>
			<ymax>2401</ymax>
		</bndbox>
	</object>
	<object>
		<name>훈제오리</name>
		<bndbox>
			<xmin>1783</xmin>
			<ymin>957</ymin>
			<xmax>3485</xmax>
			<ymax>2224</ymax>
		</bndbox>
	</object>
</annotation>