<annotation>
	<folder>side어육류면적접시훈제오리q4</folder>
	<filename>side_어육류면적_접시_훈제오리_Q4_00025.JPG</filename>
	<path>/side어육류면적접시훈제오리q4/side_어육류면적_접시_훈제오리_Q4_00025.JPG</path>
	<source>
		<database>fooddata</database>
	</source>
	<size>
		<width>5472</width>
		<height>3648</height>
		<depth>3</depth>
	</size>
	<object>
		<name>ref_spoon</name>
		<bndbox>
			<xmin>945</xmin>
			<ymin>527</ymin>
			<xmax>1504</xmax>
			<ymax>1290</ymax>
		</bndbox>
	</object>
	<object>
		<name>ref_fork</name>
		<bndbox>
			<xmin>1573</xmin>
			<ymin>624</ymin>
			<xmax>1982</xmax>
			<ymax>1515</ymax>
		</bndbox>
	</object>
	<object>
		<name>ref_coin</name>
		<bndbox>
			<xmin>1901</xmin>
			<ymin>2729</ymin>
			<xmax>2336</xmax>
			<ymax>3094</ymax>
		</bndbox>
	</object>
	<object>
		<name>dish</name>
		<bndbox>
			<xmin>2041</xmin>
			<ymin>763</ymin>
			<xmax>4876</xmax>
			<ymax>2825</ymax>
		</bndbox>
	</object>
	<object>
		<name>훈제오리</name>
		<bndbox>
			<xmin>2454</xmin>
			<ymin>1118</ymin>
			<xmax>4339</xmax>
			<ymax>2648</ymax>
		</bndbox>
	</object>
</annotation>