<annotation>
	<folder>side어육류면적접시훈제오리q4</folder>
	<filename>side_어육류면적_접시_훈제오리_Q4_00017.JPG</filename>
	<path>/side어육류면적접시훈제오리q4/side_어육류면적_접시_훈제오리_Q4_00017.JPG</path>
	<source>
		<database>fooddata</database>
	</source>
	<size>
		<width>5472</width>
		<height>3648</height>
		<depth>3</depth>
	</size>
	<object>
		<name>ref_spoon</name>
		<bndbox>
			<xmin>881</xmin>
			<ymin>2707</ymin>
			<xmax>1901</xmax>
			<ymax>3244</ymax>
		</bndbox>
	</object>
	<object>
		<name>ref_fork</name>
		<bndbox>
			<xmin>1047</xmin>
			<ymin>2310</ymin>
			<xmax>2239</xmax>
			<ymax>2750</ymax>
		</bndbox>
	</object>
	<object>
		<name>ref_coin</name>
		<bndbox>
			<xmin>4001</xmin>
			<ymin>1064</ymin>
			<xmax>4377</xmax>
			<ymax>1333</ymax>
		</bndbox>
	</object>
	<object>
		<name>dish</name>
		<bndbox>
			<xmin>1198</xmin>
			<ymin>361</ymin>
			<xmax>3711</xmax>
			<ymax>2127</ymax>
		</bndbox>
	</object>
	<object>
		<name>훈제오리</name>
		<bndbox>
			<xmin>1541</xmin>
			<ymin>586</ymin>
			<xmax>3270</xmax>
			<ymax>1913</ymax>
		</bndbox>
	</object>
</annotation>