<annotation>
	<folder>side어육류면적접시훈제오리q4</folder>
	<filename>side_어육류면적_접시_훈제오리_Q4_00013.JPG</filename>
	<path>/side어육류면적접시훈제오리q4/side_어육류면적_접시_훈제오리_Q4_00013.JPG</path>
	<source>
		<database>fooddata</database>
	</source>
	<size>
		<width>5472</width>
		<height>3648</height>
		<depth>3</depth>
	</size>
	<object>
		<name>ref_spoon</name>
		<bndbox>
			<xmin>1520</xmin>
			<ymin>2638</ymin>
			<xmax>2588</xmax>
			<ymax>3185</ymax>
		</bndbox>
	</object>
	<object>
		<name>ref_fork</name>
		<bndbox>
			<xmin>1686</xmin>
			<ymin>2224</ymin>
			<xmax>2900</xmax>
			<ymax>2697</ymax>
		</bndbox>
	</object>
	<object>
		<name>ref_coin</name>
		<bndbox>
			<xmin>4194</xmin>
			<ymin>2074</ymin>
			<xmax>4613</xmax>
			<ymax>2391</ymax>
		</bndbox>
	</object>
	<object>
		<name>dish</name>
		<bndbox>
			<xmin>1783</xmin>
			<ymin>296</ymin>
			<xmax>4403</xmax>
			<ymax>2181</ymax>
		</bndbox>
	</object>
	<object>
		<name>훈제오리</name>
		<bndbox>
			<xmin>2094</xmin>
			<ymin>624</ymin>
			<xmax>4156</xmax>
			<ymax>2031</ymax>
		</bndbox>
	</object>
</annotation>