<annotation>
	<folder>side어육류면적접시훈제오리q4</folder>
	<filename>side_어육류면적_접시_훈제오리_Q4_00056.JPG</filename>
	<path>/side어육류면적접시훈제오리q4/side_어육류면적_접시_훈제오리_Q4_00056.JPG</path>
	<source>
		<database>fooddata</database>
	</source>
	<size>
		<width>5472</width>
		<height>3648</height>
		<depth>3</depth>
	</size>
	<object>
		<name>ref_spoon</name>
		<bndbox>
			<xmin>585</xmin>
			<ymin>538</ymin>
			<xmax>1149</xmax>
			<ymax>1408</ymax>
		</bndbox>
	</object>
	<object>
		<name>ref_fork</name>
		<bndbox>
			<xmin>1203</xmin>
			<ymin>699</ymin>
			<xmax>1643</xmax>
			<ymax>1628</ymax>
		</bndbox>
	</object>
	<object>
		<name>ref_coin</name>
		<bndbox>
			<xmin>4801</xmin>
			<ymin>1902</ymin>
			<xmax>5220</xmax>
			<ymax>2224</ymax>
		</bndbox>
	</object>
	<object>
		<name>dish</name>
		<bndbox>
			<xmin>1675</xmin>
			<ymin>946</ymin>
			<xmax>4538</xmax>
			<ymax>3062</ymax>
		</bndbox>
	</object>
	<object>
		<name>훈제오리</name>
		<bndbox>
			<xmin>2159</xmin>
			<ymin>1166</ymin>
			<xmax>4070</xmax>
			<ymax>2788</ymax>
		</bndbox>
	</object>
</annotation>