<annotation>
	<folder>side어육류면적접시훈제오리q4</folder>
	<filename>side_어육류면적_접시_훈제오리_Q4_00036.JPG</filename>
	<path>/side어육류면적접시훈제오리q4/side_어육류면적_접시_훈제오리_Q4_00036.JPG</path>
	<source>
		<database>fooddata</database>
	</source>
	<size>
		<width>5472</width>
		<height>3648</height>
		<depth>3</depth>
	</size>
	<object>
		<name>ref_spoon</name>
		<bndbox>
			<xmin>816</xmin>
			<ymin>592</ymin>
			<xmax>1375</xmax>
			<ymax>1386</ymax>
		</bndbox>
	</object>
	<object>
		<name>ref_fork</name>
		<bndbox>
			<xmin>1418</xmin>
			<ymin>720</ymin>
			<xmax>1847</xmax>
			<ymax>1612</ymax>
		</bndbox>
	</object>
	<object>
		<name>ref_coin</name>
		<bndbox>
			<xmin>4688</xmin>
			<ymin>1193</ymin>
			<xmax>5091</xmax>
			<ymax>1472</ymax>
		</bndbox>
	</object>
	<object>
		<name>dish</name>
		<bndbox>
			<xmin>1842</xmin>
			<ymin>898</ymin>
			<xmax>4656</xmax>
			<ymax>2997</ymax>
		</bndbox>
	</object>
	<object>
		<name>훈제오리</name>
		<bndbox>
			<xmin>2218</xmin>
			<ymin>1161</ymin>
			<xmax>4087</xmax>
			<ymax>2793</ymax>
		</bndbox>
	</object>
</annotation>