<annotation>
	<folder>side어육류면적접시훈제오리q4</folder>
	<filename>side_어육류면적_접시_훈제오리_Q4_00003.JPG</filename>
	<path>/side어육류면적접시훈제오리q4/side_어육류면적_접시_훈제오리_Q4_00003.JPG</path>
	<source>
		<database>fooddata</database>
	</source>
	<size>
		<width>5472</width>
		<height>3648</height>
		<depth>3</depth>
	</size>
	<object>
		<name>ref_spoon</name>
		<bndbox>
			<xmin>3985</xmin>
			<ymin>635</ymin>
			<xmax>4511</xmax>
			<ymax>1488</ymax>
		</bndbox>
	</object>
	<object>
		<name>ref_fork</name>
		<bndbox>
			<xmin>4726</xmin>
			<ymin>635</ymin>
			<xmax>5080</xmax>
			<ymax>1553</ymax>
		</bndbox>
	</object>
	<object>
		<name>ref_coin</name>
		<bndbox>
			<xmin>2572</xmin>
			<ymin>2750</ymin>
			<xmax>3013</xmax>
			<ymax>3110</ymax>
		</bndbox>
	</object>
	<object>
		<name>dish</name>
		<bndbox>
			<xmin>1085</xmin>
			<ymin>479</ymin>
			<xmax>3775</xmax>
			<ymax>2385</ymax>
		</bndbox>
	</object>
	<object>
		<name>훈제오리</name>
		<bndbox>
			<xmin>1536</xmin>
			<ymin>828</ymin>
			<xmax>3442</xmax>
			<ymax>2149</ymax>
		</bndbox>
	</object>
</annotation>