<annotation>
	<folder>side어육류면적접시훈제오리q4</folder>
	<filename>side_어육류면적_접시_훈제오리_Q4_00054.JPG</filename>
	<path>/side어육류면적접시훈제오리q4/side_어육류면적_접시_훈제오리_Q4_00054.JPG</path>
	<source>
		<database>fooddata</database>
	</source>
	<size>
		<width>5472</width>
		<height>3648</height>
		<depth>3</depth>
	</size>
	<object>
		<name>ref_spoon</name>
		<bndbox>
			<xmin>607</xmin>
			<ymin>463</ymin>
			<xmax>1176</xmax>
			<ymax>1284</ymax>
		</bndbox>
	</object>
	<object>
		<name>ref_fork</name>
		<bndbox>
			<xmin>1224</xmin>
			<ymin>602</ymin>
			<xmax>1675</xmax>
			<ymax>1494</ymax>
		</bndbox>
	</object>
	<object>
		<name>ref_coin</name>
		<bndbox>
			<xmin>4763</xmin>
			<ymin>2686</ymin>
			<xmax>5220</xmax>
			<ymax>3040</ymax>
		</bndbox>
	</object>
	<object>
		<name>dish</name>
		<bndbox>
			<xmin>1708</xmin>
			<ymin>871</ymin>
			<xmax>4559</xmax>
			<ymax>2970</ymax>
		</bndbox>
	</object>
	<object>
		<name>훈제오리</name>
		<bndbox>
			<xmin>2169</xmin>
			<ymin>1107</ymin>
			<xmax>4033</xmax>
			<ymax>2718</ymax>
		</bndbox>
	</object>
</annotation>