<annotation>
	<folder>side어육류면적접시훈제오리q4</folder>
	<filename>side_어육류면적_접시_훈제오리_Q4_00048.JPG</filename>
	<path>/side어육류면적접시훈제오리q4/side_어육류면적_접시_훈제오리_Q4_00048.JPG</path>
	<source>
		<database>fooddata</database>
	</source>
	<size>
		<width>5472</width>
		<height>3648</height>
		<depth>3</depth>
	</size>
	<object>
		<name>ref_spoon</name>
		<bndbox>
			<xmin>693</xmin>
			<ymin>592</ymin>
			<xmax>1267</xmax>
			<ymax>1429</ymax>
		</bndbox>
	</object>
	<object>
		<name>ref_fork</name>
		<bndbox>
			<xmin>1332</xmin>
			<ymin>704</ymin>
			<xmax>1756</xmax>
			<ymax>1655</ymax>
		</bndbox>
	</object>
	<object>
		<name>ref_coin</name>
		<bndbox>
			<xmin>1708</xmin>
			<ymin>3051</ymin>
			<xmax>2169</xmax>
			<ymax>3422</ymax>
		</bndbox>
	</object>
	<object>
		<name>dish</name>
		<bndbox>
			<xmin>1847</xmin>
			<ymin>892</ymin>
			<xmax>4693</xmax>
			<ymax>3008</ymax>
		</bndbox>
	</object>
	<object>
		<name>훈제오리</name>
		<bndbox>
			<xmin>2347</xmin>
			<ymin>1155</ymin>
			<xmax>4124</xmax>
			<ymax>2825</ymax>
		</bndbox>
	</object>
</annotation>