<annotation>
	<folder>side어육류면적접시훈제오리q4</folder>
	<filename>side_어육류면적_접시_훈제오리_Q4_00032.JPG</filename>
	<path>/side어육류면적접시훈제오리q4/side_어육류면적_접시_훈제오리_Q4_00032.JPG</path>
	<source>
		<database>fooddata</database>
	</source>
	<size>
		<width>5472</width>
		<height>3648</height>
		<depth>3</depth>
	</size>
	<object>
		<name>ref_spoon</name>
		<bndbox>
			<xmin>580</xmin>
			<ymin>661</ymin>
			<xmax>1133</xmax>
			<ymax>1429</ymax>
		</bndbox>
	</object>
	<object>
		<name>ref_fork</name>
		<bndbox>
			<xmin>1198</xmin>
			<ymin>796</ymin>
			<xmax>1622</xmax>
			<ymax>1698</ymax>
		</bndbox>
	</object>
	<object>
		<name>ref_coin</name>
		<bndbox>
			<xmin>4693</xmin>
			<ymin>2643</ymin>
			<xmax>5144</xmax>
			<ymax>2997</ymax>
		</bndbox>
	</object>
	<object>
		<name>dish</name>
		<bndbox>
			<xmin>1675</xmin>
			<ymin>967</ymin>
			<xmax>4500</xmax>
			<ymax>3051</ymax>
		</bndbox>
	</object>
	<object>
		<name>훈제오리</name>
		<bndbox>
			<xmin>2084</xmin>
			<ymin>1225</ymin>
			<xmax>3888</xmax>
			<ymax>2847</ymax>
		</bndbox>
	</object>
</annotation>