<annotation>
	<folder>side어육류면적접시훈제오리q4</folder>
	<filename>side_어육류면적_접시_훈제오리_Q4_00016.JPG</filename>
	<path>/side어육류면적접시훈제오리q4/side_어육류면적_접시_훈제오리_Q4_00016.JPG</path>
	<source>
		<database>fooddata</database>
	</source>
	<size>
		<width>5472</width>
		<height>3648</height>
		<depth>3</depth>
	</size>
	<object>
		<name>ref_spoon</name>
		<bndbox>
			<xmin>1149</xmin>
			<ymin>2750</ymin>
			<xmax>2169</xmax>
			<ymax>3298</ymax>
		</bndbox>
	</object>
	<object>
		<name>ref_fork</name>
		<bndbox>
			<xmin>1342</xmin>
			<ymin>2342</ymin>
			<xmax>2535</xmax>
			<ymax>2804</ymax>
		</bndbox>
	</object>
	<object>
		<name>ref_coin</name>
		<bndbox>
			<xmin>4382</xmin>
			<ymin>1483</ymin>
			<xmax>4763</xmax>
			<ymax>1773</ymax>
		</bndbox>
	</object>
	<object>
		<name>dish</name>
		<bndbox>
			<xmin>1520</xmin>
			<ymin>452</ymin>
			<xmax>4097</xmax>
			<ymax>2267</ymax>
		</bndbox>
	</object>
	<object>
		<name>훈제오리</name>
		<bndbox>
			<xmin>1906</xmin>
			<ymin>613</ymin>
			<xmax>3576</xmax>
			<ymax>2036</ymax>
		</bndbox>
	</object>
</annotation>