<annotation>
	<folder>side어육류면적접시훈제오리q4</folder>
	<filename>side_어육류면적_접시_훈제오리_Q4_00046.JPG</filename>
	<path>/side어육류면적접시훈제오리q4/side_어육류면적_접시_훈제오리_Q4_00046.JPG</path>
	<source>
		<database>fooddata</database>
	</source>
	<size>
		<width>5472</width>
		<height>3648</height>
		<depth>3</depth>
	</size>
	<object>
		<name>ref_spoon</name>
		<bndbox>
			<xmin>859</xmin>
			<ymin>667</ymin>
			<xmax>1396</xmax>
			<ymax>1435</ymax>
		</bndbox>
	</object>
	<object>
		<name>ref_fork</name>
		<bndbox>
			<xmin>1439</xmin>
			<ymin>769</ymin>
			<xmax>1874</xmax>
			<ymax>1644</ymax>
		</bndbox>
	</object>
	<object>
		<name>ref_coin</name>
		<bndbox>
			<xmin>4532</xmin>
			<ymin>2933</ymin>
			<xmax>4989</xmax>
			<ymax>3303</ymax>
		</bndbox>
	</object>
	<object>
		<name>dish</name>
		<bndbox>
			<xmin>1879</xmin>
			<ymin>1010</ymin>
			<xmax>4656</xmax>
			<ymax>3056</ymax>
		</bndbox>
	</object>
	<object>
		<name>훈제오리</name>
		<bndbox>
			<xmin>2288</xmin>
			<ymin>1300</ymin>
			<xmax>4232</xmax>
			<ymax>2842</ymax>
		</bndbox>
	</object>
</annotation>