<annotation>
	<folder>side어육류면적접시훈제오리q4</folder>
	<filename>side_어육류면적_접시_훈제오리_Q4_00055.JPG</filename>
	<path>/side어육류면적접시훈제오리q4/side_어육류면적_접시_훈제오리_Q4_00055.JPG</path>
	<source>
		<database>fooddata</database>
	</source>
	<size>
		<width>5472</width>
		<height>3648</height>
		<depth>3</depth>
	</size>
	<object>
		<name>ref_spoon</name>
		<bndbox>
			<xmin>553</xmin>
			<ymin>527</ymin>
			<xmax>1133</xmax>
			<ymax>1359</ymax>
		</bndbox>
	</object>
	<object>
		<name>ref_fork</name>
		<bndbox>
			<xmin>1176</xmin>
			<ymin>683</ymin>
			<xmax>1632</xmax>
			<ymax>1580</ymax>
		</bndbox>
	</object>
	<object>
		<name>ref_coin</name>
		<bndbox>
			<xmin>4790</xmin>
			<ymin>2294</ymin>
			<xmax>5241</xmax>
			<ymax>2632</ymax>
		</bndbox>
	</object>
	<object>
		<name>dish</name>
		<bndbox>
			<xmin>1659</xmin>
			<ymin>930</ymin>
			<xmax>4522</xmax>
			<ymax>3051</ymax>
		</bndbox>
	</object>
	<object>
		<name>훈제오리</name>
		<bndbox>
			<xmin>2180</xmin>
			<ymin>1172</ymin>
			<xmax>4027</xmax>
			<ymax>2901</ymax>
		</bndbox>
	</object>
</annotation>