<annotation>
	<folder>top어육류면적접시훈제오리q4</folder>
	<filename>top_어육류면적_접시_훈제오리_Q4_00020.JPG</filename>
	<path>/top어육류면적접시훈제오리q4/top_어육류면적_접시_훈제오리_Q4_00020.JPG</path>
	<source>
		<database>fooddata</database>
	</source>
	<size>
		<width>5472</width>
		<height>3648</height>
		<depth>3</depth>
	</size>
	<object>
		<name>ref_spoon</name>
		<bndbox>
			<xmin>1189</xmin>
			<ymin>2769</ymin>
			<xmax>1971</xmax>
			<ymax>3208</ymax>
		</bndbox>
	</object>
	<object>
		<name>ref_fork</name>
		<bndbox>
			<xmin>1449</xmin>
			<ymin>2329</ymin>
			<xmax>2247</xmax>
			<ymax>2655</ymax>
		</bndbox>
	</object>
	<object>
		<name>ref_coin</name>
		<bndbox>
			<xmin>3485</xmin>
			<ymin>375</ymin>
			<xmax>3795</xmax>
			<ymax>668</ymax>
		</bndbox>
	</object>
	<object>
		<name>dish</name>
		<bndbox>
			<xmin>1612</xmin>
			<ymin>358</ymin>
			<xmax>3648</xmax>
			<ymax>2329</ymax>
		</bndbox>
	</object>
	<object>
		<name>훈제오리</name>
		<bndbox>
			<xmin>1954</xmin>
			<ymin>603</ymin>
			<xmax>3257</xmax>
			<ymax>1938</ymax>
		</bndbox>
	</object>
</annotation>