<annotation>
	<folder>top어육류면적접시훈제오리q4</folder>
	<filename>top_어육류면적_접시_훈제오리_Q4_00048.JPG</filename>
	<path>/top어육류면적접시훈제오리q4/top_어육류면적_접시_훈제오리_Q4_00048.JPG</path>
	<source>
		<database>fooddata</database>
	</source>
	<size>
		<width>5472</width>
		<height>3648</height>
		<depth>3</depth>
	</size>
	<object>
		<name>ref_spoon</name>
		<bndbox>
			<xmin>1156</xmin>
			<ymin>505</ymin>
			<xmax>1612</xmax>
			<ymax>1449</ymax>
		</bndbox>
	</object>
	<object>
		<name>ref_fork</name>
		<bndbox>
			<xmin>1710</xmin>
			<ymin>554</ymin>
			<xmax>2052</xmax>
			<ymax>1482</ymax>
		</bndbox>
	</object>
	<object>
		<name>ref_coin</name>
		<bndbox>
			<xmin>4560</xmin>
			<ymin>1710</ymin>
			<xmax>4935</xmax>
			<ymax>2068</ymax>
		</bndbox>
	</object>
	<object>
		<name>dish</name>
		<bndbox>
			<xmin>1987</xmin>
			<ymin>635</ymin>
			<xmax>4348</xmax>
			<ymax>2997</ymax>
		</bndbox>
	</object>
	<object>
		<name>훈제오리</name>
		<bndbox>
			<xmin>2427</xmin>
			<ymin>879</ymin>
			<xmax>4071</xmax>
			<ymax>2606</ymax>
		</bndbox>
	</object>
</annotation>