<annotation>
	<folder>top어육류면적접시훈제오리q4</folder>
	<filename>top_어육류면적_접시_훈제오리_Q4_00018.JPG</filename>
	<path>/top어육류면적접시훈제오리q4/top_어육류면적_접시_훈제오리_Q4_00018.JPG</path>
	<source>
		<database>fooddata</database>
	</source>
	<size>
		<width>5472</width>
		<height>3648</height>
		<depth>3</depth>
	</size>
	<object>
		<name>ref_spoon</name>
		<bndbox>
			<xmin>1221</xmin>
			<ymin>2752</ymin>
			<xmax>1987</xmax>
			<ymax>3225</ymax>
		</bndbox>
	</object>
	<object>
		<name>ref_fork</name>
		<bndbox>
			<xmin>1466</xmin>
			<ymin>2361</ymin>
			<xmax>2247</xmax>
			<ymax>2671</ymax>
		</bndbox>
	</object>
	<object>
		<name>ref_coin</name>
		<bndbox>
			<xmin>3746</xmin>
			<ymin>717</ymin>
			<xmax>4006</xmax>
			<ymax>1026</ymax>
		</bndbox>
	</object>
	<object>
		<name>dish</name>
		<bndbox>
			<xmin>1580</xmin>
			<ymin>407</ymin>
			<xmax>3567</xmax>
			<ymax>2280</ymax>
		</bndbox>
	</object>
	<object>
		<name>훈제오리</name>
		<bndbox>
			<xmin>1824</xmin>
			<ymin>668</ymin>
			<xmax>3290</xmax>
			<ymax>2052</ymax>
		</bndbox>
	</object>
</annotation>