<annotation>
	<folder>top어육류면적접시훈제오리q4</folder>
	<filename>top_어육류면적_접시_훈제오리_Q4_00024.JPG</filename>
	<path>/top어육류면적접시훈제오리q4/top_어육류면적_접시_훈제오리_Q4_00024.JPG</path>
	<source>
		<database>fooddata</database>
	</source>
	<size>
		<width>5472</width>
		<height>3648</height>
		<depth>3</depth>
	</size>
	<object>
		<name>ref_spoon</name>
		<bndbox>
			<xmin>1091</xmin>
			<ymin>293</ymin>
			<xmax>1547</xmax>
			<ymax>1124</ymax>
		</bndbox>
	</object>
	<object>
		<name>ref_fork</name>
		<bndbox>
			<xmin>1629</xmin>
			<ymin>375</ymin>
			<xmax>1954</xmax>
			<ymax>1270</ymax>
		</bndbox>
	</object>
	<object>
		<name>ref_coin</name>
		<bndbox>
			<xmin>1840</xmin>
			<ymin>2785</ymin>
			<xmax>2199</xmax>
			<ymax>3127</ymax>
		</bndbox>
	</object>
	<object>
		<name>dish</name>
		<bndbox>
			<xmin>1922</xmin>
			<ymin>635</ymin>
			<xmax>4234</xmax>
			<ymax>2915</ymax>
		</bndbox>
	</object>
	<object>
		<name>훈제오리</name>
		<bndbox>
			<xmin>2231</xmin>
			<ymin>977</ymin>
			<xmax>3990</xmax>
			<ymax>2557</ymax>
		</bndbox>
	</object>
</annotation>