<annotation>
	<folder>top어육류면적접시훈제오리q4</folder>
	<filename>top_어육류면적_접시_훈제오리_Q4_00013.JPG</filename>
	<path>/top어육류면적접시훈제오리q4/top_어육류면적_접시_훈제오리_Q4_00013.JPG</path>
	<source>
		<database>fooddata</database>
	</source>
	<size>
		<width>5472</width>
		<height>3648</height>
		<depth>3</depth>
	</size>
	<object>
		<name>ref_spoon</name>
		<bndbox>
			<xmin>1189</xmin>
			<ymin>2899</ymin>
			<xmax>2003</xmax>
			<ymax>3404</ymax>
		</bndbox>
	</object>
	<object>
		<name>ref_fork</name>
		<bndbox>
			<xmin>1482</xmin>
			<ymin>2427</ymin>
			<xmax>2345</xmax>
			<ymax>2769</ymax>
		</bndbox>
	</object>
	<object>
		<name>ref_coin</name>
		<bndbox>
			<xmin>3811</xmin>
			<ymin>1873</ymin>
			<xmax>4153</xmax>
			<ymax>2231</ymax>
		</bndbox>
	</object>
	<object>
		<name>dish</name>
		<bndbox>
			<xmin>1710</xmin>
			<ymin>261</ymin>
			<xmax>3909</xmax>
			<ymax>2345</ymax>
		</bndbox>
	</object>
	<object>
		<name>훈제오리</name>
		<bndbox>
			<xmin>2133</xmin>
			<ymin>586</ymin>
			<xmax>3583</xmax>
			<ymax>2133</ymax>
		</bndbox>
	</object>
</annotation>