<annotation>
	<folder>top어육류면적접시훈제오리q4</folder>
	<filename>top_어육류면적_접시_훈제오리_Q4_00034.JPG</filename>
	<path>/top어육류면적접시훈제오리q4/top_어육류면적_접시_훈제오리_Q4_00034.JPG</path>
	<source>
		<database>fooddata</database>
	</source>
	<size>
		<width>5472</width>
		<height>3648</height>
		<depth>3</depth>
	</size>
	<object>
		<name>ref_spoon</name>
		<bndbox>
			<xmin>1140</xmin>
			<ymin>212</ymin>
			<xmax>1580</xmax>
			<ymax>1091</ymax>
		</bndbox>
	</object>
	<object>
		<name>ref_fork</name>
		<bndbox>
			<xmin>1677</xmin>
			<ymin>342</ymin>
			<xmax>2003</xmax>
			<ymax>1287</ymax>
		</bndbox>
	</object>
	<object>
		<name>ref_coin</name>
		<bndbox>
			<xmin>4544</xmin>
			<ymin>2280</ymin>
			<xmax>4951</xmax>
			<ymax>2655</ymax>
		</bndbox>
	</object>
	<object>
		<name>dish</name>
		<bndbox>
			<xmin>1889</xmin>
			<ymin>668</ymin>
			<xmax>4332</xmax>
			<ymax>3127</ymax>
		</bndbox>
	</object>
	<object>
		<name>훈제오리</name>
		<bndbox>
			<xmin>2231</xmin>
			<ymin>993</ymin>
			<xmax>3990</xmax>
			<ymax>2655</ymax>
		</bndbox>
	</object>
</annotation>