<annotation>
	<folder>side국류냉면기물회q1</folder>
	<filename>side_국류_냉면기_물회_Q1_00018.JPG</filename>
	<path>/side국류냉면기물회q1/side_국류_냉면기_물회_Q1_00018.JPG</path>
	<source>
		<database>fooddata</database>
	</source>
	<size>
		<width>3008</width>
		<height>2000</height>
		<depth>3</depth>
	</size>
	<object>
		<name>ref_spoon</name>
		<bndbox>
			<xmin>542</xmin>
			<ymin>1601</ymin>
			<xmax>982</xmax>
			<ymax>1829</ymax>
		</bndbox>
	</object>
	<object>
		<name>ref_fork</name>
		<bndbox>
			<xmin>594</xmin>
			<ymin>1391</ymin>
			<xmax>1069</xmax>
			<ymax>1606</ymax>
		</bndbox>
	</object>
	<object>
		<name>ref_coin</name>
		<bndbox>
			<xmin>2353</xmin>
			<ymin>957</ymin>
			<xmax>2553</xmax>
			<ymax>1087</ymax>
		</bndbox>
	</object>
	<object>
		<name>dish</name>
		<bndbox>
			<xmin>724</xmin>
			<ymin>120</ymin>
			<xmax>2125</xmax>
			<ymax>1100</ymax>
		</bndbox>
	</object>
	<object>
		<name>물회</name>
		<bndbox>
			<xmin>1005</xmin>
			<ymin>419</ymin>
			<xmax>1921</xmax>
			<ymax>895</ymax>
		</bndbox>
	</object>
</annotation>