<annotation>
	<folder>side국류냉면기물회q1</folder>
	<filename>side_국류_냉면기_물회_Q1_00009.JPG</filename>
	<path>/side국류냉면기물회q1/side_국류_냉면기_물회_Q1_00009.JPG</path>
	<source>
		<database>fooddata</database>
	</source>
	<size>
		<width>3008</width>
		<height>2000</height>
		<depth>3</depth>
	</size>
	<object>
		<name>ref_spoon</name>
		<bndbox>
			<xmin>2205</xmin>
			<ymin>555</ymin>
			<xmax>2463</xmax>
			<ymax>852</ymax>
		</bndbox>
	</object>
	<object>
		<name>ref_fork</name>
		<bndbox>
			<xmin>2599</xmin>
			<ymin>532</ymin>
			<xmax>2808</xmax>
			<ymax>875</ymax>
		</bndbox>
	</object>
	<object>
		<name>ref_coin</name>
		<bndbox>
			<xmin>1926</xmin>
			<ymin>875</ymin>
			<xmax>2123</xmax>
			<ymax>1003</ymax>
		</bndbox>
	</object>
	<object>
		<name>dish</name>
		<bndbox>
			<xmin>376</xmin>
			<ymin>376</ymin>
			<xmax>1790</xmax>
			<ymax>1373</ymax>
		</bndbox>
	</object>
	<object>
		<name>물회</name>
		<bndbox>
			<xmin>624</xmin>
			<ymin>824</ymin>
			<xmax>1524</xmax>
			<ymax>1179</ymax>
		</bndbox>
	</object>
</annotation>