<annotation>
	<folder>side국류냉면기물회q1</folder>
	<filename>side_국류_냉면기_물회_Q1_00010.JPG</filename>
	<path>/side국류냉면기물회q1/side_국류_냉면기_물회_Q1_00010.JPG</path>
	<source>
		<database>fooddata</database>
	</source>
	<size>
		<width>3008</width>
		<height>2000</height>
		<depth>3</depth>
	</size>
	<object>
		<name>ref_spoon</name>
		<bndbox>
			<xmin>2179</xmin>
			<ymin>558</ymin>
			<xmax>2432</xmax>
			<ymax>859</ymax>
		</bndbox>
	</object>
	<object>
		<name>ref_fork</name>
		<bndbox>
			<xmin>2570</xmin>
			<ymin>537</ymin>
			<xmax>2780</xmax>
			<ymax>875</ymax>
		</bndbox>
	</object>
	<object>
		<name>ref_coin</name>
		<bndbox>
			<xmin>2031</xmin>
			<ymin>1130</ymin>
			<xmax>2230</xmax>
			<ymax>1263</ymax>
		</bndbox>
	</object>
	<object>
		<name>dish</name>
		<bndbox>
			<xmin>371</xmin>
			<ymin>391</ymin>
			<xmax>1790</xmax>
			<ymax>1396</ymax>
		</bndbox>
	</object>
	<object>
		<name>물회</name>
		<bndbox>
			<xmin>657</xmin>
			<ymin>790</ymin>
			<xmax>1578</xmax>
			<ymax>1197</ymax>
		</bndbox>
	</object>
</annotation>