<annotation>
	<folder>side국류냉면기물회q1</folder>
	<filename>side_국류_냉면기_물회_Q1_00030.JPG</filename>
	<path>/side국류냉면기물회q1/side_국류_냉면기_물회_Q1_00030.JPG</path>
	<source>
		<database>fooddata</database>
	</source>
	<size>
		<width>3008</width>
		<height>2000</height>
		<depth>3</depth>
	</size>
	<object>
		<name>ref_spoon</name>
		<bndbox>
			<xmin>716</xmin>
			<ymin>1384</ymin>
			<xmax>1136</xmax>
			<ymax>1596</ymax>
		</bndbox>
	</object>
	<object>
		<name>ref_fork</name>
		<bndbox>
			<xmin>760</xmin>
			<ymin>1189</ymin>
			<xmax>1210</xmax>
			<ymax>1384</ymax>
		</bndbox>
	</object>
	<object>
		<name>ref_coin</name>
		<bndbox>
			<xmin>2317</xmin>
			<ymin>1136</ymin>
			<xmax>2517</xmax>
			<ymax>1269</ymax>
		</bndbox>
	</object>
	<object>
		<name>dish</name>
		<bndbox>
			<xmin>1013</xmin>
			<ymin>64</ymin>
			<xmax>2361</xmax>
			<ymax>992</ymax>
		</bndbox>
	</object>
	<object>
		<name>물회</name>
		<bndbox>
			<xmin>1215</xmin>
			<ymin>414</ymin>
			<xmax>2079</xmax>
			<ymax>798</ymax>
		</bndbox>
	</object>
</annotation>