<annotation>
	<folder>side국류냉면기물회q1</folder>
	<filename>side_국류_냉면기_물회_Q1_00022.JPG</filename>
	<path>/side국류냉면기물회q1/side_국류_냉면기_물회_Q1_00022.JPG</path>
	<source>
		<database>fooddata</database>
	</source>
	<size>
		<width>3008</width>
		<height>2000</height>
		<depth>3</depth>
	</size>
	<object>
		<name>ref_spoon</name>
		<bndbox>
			<xmin>591</xmin>
			<ymin>1588</ymin>
			<xmax>1013</xmax>
			<ymax>1801</ymax>
		</bndbox>
	</object>
	<object>
		<name>ref_fork</name>
		<bndbox>
			<xmin>629</xmin>
			<ymin>1389</ymin>
			<xmax>1085</xmax>
			<ymax>1591</ymax>
		</bndbox>
	</object>
	<object>
		<name>ref_coin</name>
		<bndbox>
			<xmin>1264</xmin>
			<ymin>66</ymin>
			<xmax>1425</xmax>
			<ymax>151</ymax>
		</bndbox>
	</object>
	<object>
		<name>dish</name>
		<bndbox>
			<xmin>824</xmin>
			<ymin>271</ymin>
			<xmax>2161</xmax>
			<ymax>1210</ymax>
		</bndbox>
	</object>
	<object>
		<name>물회</name>
		<bndbox>
			<xmin>1031</xmin>
			<ymin>634</ymin>
			<xmax>1885</xmax>
			<ymax>1008</ymax>
		</bndbox>
	</object>
</annotation>