<annotation>
	<folder>side국류냉면기물회q1</folder>
	<filename>side_국류_냉면기_물회_Q1_00019.JPG</filename>
	<path>/side국류냉면기물회q1/side_국류_냉면기_물회_Q1_00019.JPG</path>
	<source>
		<database>fooddata</database>
	</source>
	<size>
		<width>3008</width>
		<height>2000</height>
		<depth>3</depth>
	</size>
	<object>
		<name>ref_spoon</name>
		<bndbox>
			<xmin>555</xmin>
			<ymin>1591</ymin>
			<xmax>992</xmax>
			<ymax>1818</ymax>
		</bndbox>
	</object>
	<object>
		<name>ref_fork</name>
		<bndbox>
			<xmin>601</xmin>
			<ymin>1373</ymin>
			<xmax>1082</xmax>
			<ymax>1593</ymax>
		</bndbox>
	</object>
	<object>
		<name>ref_coin</name>
		<bndbox>
			<xmin>2351</xmin>
			<ymin>744</ymin>
			<xmax>2542</xmax>
			<ymax>864</ymax>
		</bndbox>
	</object>
	<object>
		<name>dish</name>
		<bndbox>
			<xmin>744</xmin>
			<ymin>123</ymin>
			<xmax>2138</xmax>
			<ymax>1100</ymax>
		</bndbox>
	</object>
	<object>
		<name>물회</name>
		<bndbox>
			<xmin>921</xmin>
			<ymin>545</ymin>
			<xmax>1934</xmax>
			<ymax>885</ymax>
		</bndbox>
	</object>
</annotation>