<annotation>
	<folder>side국류냉면기물회q1</folder>
	<filename>side_국류_냉면기_물회_Q1_00048.JPG</filename>
	<path>/side국류냉면기물회q1/side_국류_냉면기_물회_Q1_00048.JPG</path>
	<source>
		<database>fooddata</database>
	</source>
	<size>
		<width>3008</width>
		<height>2000</height>
		<depth>3</depth>
	</size>
	<object>
		<name>ref_spoon</name>
		<bndbox>
			<xmin>235</xmin>
			<ymin>760</ymin>
			<xmax>517</xmax>
			<ymax>1100</ymax>
		</bndbox>
	</object>
	<object>
		<name>ref_fork</name>
		<bndbox>
			<xmin>663</xmin>
			<ymin>752</ymin>
			<xmax>849</xmax>
			<ymax>1141</ymax>
		</bndbox>
	</object>
	<object>
		<name>ref_coin</name>
		<bndbox>
			<xmin>1356</xmin>
			<ymin>1714</ymin>
			<xmax>1576</xmax>
			<ymax>1867</ymax>
		</bndbox>
	</object>
	<object>
		<name>dish</name>
		<bndbox>
			<xmin>1233</xmin>
			<ymin>381</ymin>
			<xmax>2678</xmax>
			<ymax>1414</ymax>
		</bndbox>
	</object>
	<object>
		<name>물회</name>
		<bndbox>
			<xmin>1394</xmin>
			<ymin>601</ymin>
			<xmax>2414</xmax>
			<ymax>1217</ymax>
		</bndbox>
	</object>
</annotation>