<annotation>
	<folder>side국류냉면기물회q1</folder>
	<filename>side_국류_냉면기_물회_Q1_00036.JPG</filename>
	<path>/side국류냉면기물회q1/side_국류_냉면기_물회_Q1_00036.JPG</path>
	<source>
		<database>fooddata</database>
	</source>
	<size>
		<width>3008</width>
		<height>2000</height>
		<depth>3</depth>
	</size>
	<object>
		<name>ref_spoon</name>
		<bndbox>
			<xmin>205</xmin>
			<ymin>829</ymin>
			<xmax>486</xmax>
			<ymax>1171</ymax>
		</bndbox>
	</object>
	<object>
		<name>ref_fork</name>
		<bndbox>
			<xmin>622</xmin>
			<ymin>770</ymin>
			<xmax>842</xmax>
			<ymax>1159</ymax>
		</bndbox>
	</object>
	<object>
		<name>ref_coin</name>
		<bndbox>
			<xmin>2097</xmin>
			<ymin>1540</ymin>
			<xmax>2317</xmax>
			<ymax>1683</ymax>
		</bndbox>
	</object>
	<object>
		<name>dish</name>
		<bndbox>
			<xmin>1108</xmin>
			<ymin>243</ymin>
			<xmax>2560</xmax>
			<ymax>1271</ymax>
		</bndbox>
	</object>
	<object>
		<name>물회</name>
		<bndbox>
			<xmin>1381</xmin>
			<ymin>670</ymin>
			<xmax>2195</xmax>
			<ymax>1066</ymax>
		</bndbox>
	</object>
</annotation>