<annotation>
	<folder>side국류냉면기물회q1</folder>
	<filename>side_국류_냉면기_물회_Q1_00024.JPG</filename>
	<path>/side국류냉면기물회q1/side_국류_냉면기_물회_Q1_00024.JPG</path>
	<source>
		<database>fooddata</database>
	</source>
	<size>
		<width>3008</width>
		<height>2000</height>
		<depth>3</depth>
	</size>
	<object>
		<name>ref_spoon</name>
		<bndbox>
			<xmin>854</xmin>
			<ymin>1650</ymin>
			<xmax>1297</xmax>
			<ymax>1870</ymax>
		</bndbox>
	</object>
	<object>
		<name>ref_fork</name>
		<bndbox>
			<xmin>893</xmin>
			<ymin>1440</ymin>
			<xmax>1358</xmax>
			<ymax>1645</ymax>
		</bndbox>
	</object>
	<object>
		<name>ref_coin</name>
		<bndbox>
			<xmin>448</xmin>
			<ymin>448</ymin>
			<xmax>634</xmax>
			<ymax>560</ymax>
		</bndbox>
	</object>
	<object>
		<name>dish</name>
		<bndbox>
			<xmin>1013</xmin>
			<ymin>197</ymin>
			<xmax>2414</xmax>
			<ymax>1184</ymax>
		</bndbox>
	</object>
	<object>
		<name>물회</name>
		<bndbox>
			<xmin>1156</xmin>
			<ymin>496</ymin>
			<xmax>2195</xmax>
			<ymax>987</ymax>
		</bndbox>
	</object>
</annotation>