<annotation>
	<folder>side국류냉면기물회q1</folder>
	<filename>side_국류_냉면기_물회_Q1_00027.JPG</filename>
	<path>/side국류냉면기물회q1/side_국류_냉면기_물회_Q1_00027.JPG</path>
	<source>
		<database>fooddata</database>
	</source>
	<size>
		<width>3008</width>
		<height>2000</height>
		<depth>3</depth>
	</size>
	<object>
		<name>ref_spoon</name>
		<bndbox>
			<xmin>596</xmin>
			<ymin>1535</ymin>
			<xmax>1046</xmax>
			<ymax>1760</ymax>
		</bndbox>
	</object>
	<object>
		<name>ref_fork</name>
		<bndbox>
			<xmin>637</xmin>
			<ymin>1327</ymin>
			<xmax>1113</xmax>
			<ymax>1535</ymax>
		</bndbox>
	</object>
	<object>
		<name>ref_coin</name>
		<bndbox>
			<xmin>172</xmin>
			<ymin>1171</ymin>
			<xmax>389</xmax>
			<ymax>1312</ymax>
		</bndbox>
	</object>
	<object>
		<name>dish</name>
		<bndbox>
			<xmin>824</xmin>
			<ymin>102</ymin>
			<xmax>2235</xmax>
			<ymax>1084</ymax>
		</bndbox>
	</object>
	<object>
		<name>물회</name>
		<bndbox>
			<xmin>1069</xmin>
			<ymin>494</ymin>
			<xmax>2008</xmax>
			<ymax>870</ymax>
		</bndbox>
	</object>
</annotation>