<annotation>
	<folder>side국류냉면기물회q1</folder>
	<filename>side_국류_냉면기_물회_Q1_00020.JPG</filename>
	<path>/side국류냉면기물회q1/side_국류_냉면기_물회_Q1_00020.JPG</path>
	<source>
		<database>fooddata</database>
	</source>
	<size>
		<width>3008</width>
		<height>2000</height>
		<depth>3</depth>
	</size>
	<object>
		<name>ref_spoon</name>
		<bndbox>
			<xmin>547</xmin>
			<ymin>1573</ymin>
			<xmax>985</xmax>
			<ymax>1801</ymax>
		</bndbox>
	</object>
	<object>
		<name>ref_fork</name>
		<bndbox>
			<xmin>588</xmin>
			<ymin>1355</ymin>
			<xmax>1062</xmax>
			<ymax>1573</ymax>
		</bndbox>
	</object>
	<object>
		<name>ref_coin</name>
		<bndbox>
			<xmin>2223</xmin>
			<ymin>460</ymin>
			<xmax>2407</xmax>
			<ymax>578</ymax>
		</bndbox>
	</object>
	<object>
		<name>dish</name>
		<bndbox>
			<xmin>703</xmin>
			<ymin>110</ymin>
			<xmax>2105</xmax>
			<ymax>1095</ymax>
		</bndbox>
	</object>
	<object>
		<name>물회</name>
		<bndbox>
			<xmin>906</xmin>
			<ymin>491</ymin>
			<xmax>1862</xmax>
			<ymax>890</ymax>
		</bndbox>
	</object>
</annotation>