<annotation>
	<folder>side국류냉면기물회q1</folder>
	<filename>side_국류_냉면기_물회_Q1_00001.JPG</filename>
	<path>/side국류냉면기물회q1/side_국류_냉면기_물회_Q1_00001.JPG</path>
	<source>
		<database>fooddata</database>
	</source>
	<size>
		<width>3008</width>
		<height>2000</height>
		<depth>3</depth>
	</size>
	<object>
		<name>ref_spoon</name>
		<bndbox>
			<xmin>1975</xmin>
			<ymin>680</ymin>
			<xmax>2228</xmax>
			<ymax>977</ymax>
		</bndbox>
	</object>
	<object>
		<name>ref_fork</name>
		<bndbox>
			<xmin>2361</xmin>
			<ymin>665</ymin>
			<xmax>2570</xmax>
			<ymax>1010</ymax>
		</bndbox>
	</object>
	<object>
		<name>ref_coin</name>
		<bndbox>
			<xmin>1844</xmin>
			<ymin>1555</ymin>
			<xmax>2051</xmax>
			<ymax>1701</ymax>
		</bndbox>
	</object>
	<object>
		<name>dish</name>
		<bndbox>
			<xmin>461</xmin>
			<ymin>379</ymin>
			<xmax>1857</xmax>
			<ymax>1361</ymax>
		</bndbox>
	</object>
	<object>
		<name>물회</name>
		<bndbox>
			<xmin>732</xmin>
			<ymin>760</ymin>
			<xmax>1499</xmax>
			<ymax>1161</ymax>
		</bndbox>
	</object>
</annotation>