<annotation>
	<folder>재작업11-20</folder>
	<filename>side_국류_냉면기_물회_Q1_00003.JPG</filename>
	<path>/side국류냉면기물회q1/side_국류_냉면기_물회_Q1_00003.JPG</path>
	<source>
		<database>fooddata</database>
	</source>
	<size>
		<width>3008</width>
		<height>2000</height>
		<depth>3</depth>
	</size>
	<object>
		<name>ref_spoon</name>
		<bndbox>
			<xmin>2161</xmin>
			<ymin>675</ymin>
			<xmax>2417</xmax>
			<ymax>972</ymax>
		</bndbox>
	</object>
	<object>
		<name>ref_fork</name>
		<bndbox>
			<xmin>2550</xmin>
			<ymin>668</ymin>
			<xmax>2760</xmax>
			<ymax>1005</ymax>
		</bndbox>
	</object>
	<object>
		<name>ref_coin</name>
		<bndbox>
			<xmin>310</xmin>
			<ymin>1427</ymin>
			<xmax>530</xmax>
			<ymax>1570</ymax>
		</bndbox>
	</object>
	<object>
		<name>dish</name>
		<bndbox>
			<xmin>716</xmin>
			<ymin>437</ymin>
			<xmax>2128</xmax>
			<ymax>1437</ymax>
		</bndbox>
	</object>
	<object>
		<name>물회</name>
		<bndbox>
			<xmin>1018</xmin>
			<ymin>777</ymin>
			<xmax>1821</xmax>
			<ymax>1238</ymax>
		</bndbox>
	</object>
</annotation>