<annotation>
	<folder>top국류냉면기물회q1</folder>
	<filename>top_국류_냉면기_물회_Q1_00015.JPG</filename>
	<path>/top국류냉면기물회q1/top_국류_냉면기_물회_Q1_00015.JPG</path>
	<source>
		<database>fooddata</database>
	</source>
	<size>
		<width>3008</width>
		<height>2000</height>
		<depth>3</depth>
	</size>
	<object>
		<name>ref_spoon</name>
		<bndbox>
			<xmin>2153</xmin>
			<ymin>257</ymin>
			<xmax>2409</xmax>
			<ymax>633</ymax>
		</bndbox>
	</object>
	<object>
		<name>ref_fork</name>
		<bndbox>
			<xmin>2469</xmin>
			<ymin>271</ymin>
			<xmax>2667</xmax>
			<ymax>686</ymax>
		</bndbox>
	</object>
	<object>
		<name>ref_coin</name>
		<bndbox>
			<xmin>1135</xmin>
			<ymin>1651</ymin>
			<xmax>1341</xmax>
			<ymax>1857</ymax>
		</bndbox>
	</object>
	<object>
		<name>dish</name>
		<bndbox>
			<xmin>809</xmin>
			<ymin>211</ymin>
			<xmax>2128</xmax>
			<ymax>1498</ymax>
		</bndbox>
	</object>
	<object>
		<name>물회</name>
		<bndbox>
			<xmin>1078</xmin>
			<ymin>544</ymin>
			<xmax>1873</xmax>
			<ymax>1232</ymax>
		</bndbox>
	</object>
</annotation>