<annotation>
	<folder>top국류냉면기물회q1</folder>
	<filename>top_국류_냉면기_물회_Q1_00046.JPG</filename>
	<path>/top국류냉면기물회q1/top_국류_냉면기_물회_Q1_00046.JPG</path>
	<source>
		<database>fooddata</database>
	</source>
	<size>
		<width>3008</width>
		<height>2000</height>
		<depth>3</depth>
	</size>
	<object>
		<name>ref_spoon</name>
		<bndbox>
			<xmin>575</xmin>
			<ymin>615</ymin>
			<xmax>834</xmax>
			<ymax>959</ymax>
		</bndbox>
	</object>
	<object>
		<name>ref_fork</name>
		<bndbox>
			<xmin>841</xmin>
			<ymin>622</ymin>
			<xmax>1029</xmax>
			<ymax>995</ymax>
		</bndbox>
	</object>
	<object>
		<name>ref_coin</name>
		<bndbox>
			<xmin>1816</xmin>
			<ymin>147</ymin>
			<xmax>1979</xmax>
			<ymax>307</ymax>
		</bndbox>
	</object>
	<object>
		<name>dish</name>
		<bndbox>
			<xmin>1270</xmin>
			<ymin>654</ymin>
			<xmax>2455</xmax>
			<ymax>1850</ymax>
		</bndbox>
	</object>
	<object>
		<name>물회</name>
		<bndbox>
			<xmin>1458</xmin>
			<ymin>878</ymin>
			<xmax>2224</xmax>
			<ymax>1541</ymax>
		</bndbox>
	</object>
</annotation>