<annotation>
	<folder>top국류냉면기물회q1</folder>
	<filename>top_국류_냉면기_물회_Q1_00031.JPG</filename>
	<path>/top국류냉면기물회q1/top_국류_냉면기_물회_Q1_00031.JPG</path>
	<source>
		<database>fooddata</database>
	</source>
	<size>
		<width>3008</width>
		<height>2000</height>
		<depth>3</depth>
	</size>
	<object>
		<name>ref_spoon</name>
		<bndbox>
			<xmin>851</xmin>
			<ymin>1509</ymin>
			<xmax>1252</xmax>
			<ymax>1757</ymax>
		</bndbox>
	</object>
	<object>
		<name>ref_fork</name>
		<bndbox>
			<xmin>1004</xmin>
			<ymin>1293</ymin>
			<xmax>1398</xmax>
			<ymax>1466</ymax>
		</bndbox>
	</object>
	<object>
		<name>ref_coin</name>
		<bndbox>
			<xmin>330</xmin>
			<ymin>1115</ymin>
			<xmax>546</xmax>
			<ymax>1296</ymax>
		</bndbox>
	</object>
	<object>
		<name>dish</name>
		<bndbox>
			<xmin>1210</xmin>
			<ymin>87</ymin>
			<xmax>2412</xmax>
			<ymax>1261</ymax>
		</bndbox>
	</object>
	<object>
		<name>물회</name>
		<bndbox>
			<xmin>1430</xmin>
			<ymin>303</ymin>
			<xmax>2196</xmax>
			<ymax>1098</ymax>
		</bndbox>
	</object>
</annotation>