<annotation>
	<folder>top국류냉면기물회q1</folder>
	<filename>top_국류_냉면기_물회_Q1_00029.JPG</filename>
	<path>/top국류냉면기물회q1/top_국류_냉면기_물회_Q1_00029.JPG</path>
	<source>
		<database>fooddata</database>
	</source>
	<size>
		<width>3008</width>
		<height>2000</height>
		<depth>3</depth>
	</size>
	<object>
		<name>ref_spoon</name>
		<bndbox>
			<xmin>787</xmin>
			<ymin>1548</ymin>
			<xmax>1171</xmax>
			<ymax>1807</ymax>
		</bndbox>
	</object>
	<object>
		<name>ref_fork</name>
		<bndbox>
			<xmin>922</xmin>
			<ymin>1325</ymin>
			<xmax>1327</xmax>
			<ymax>1498</ymax>
		</bndbox>
	</object>
	<object>
		<name>ref_coin</name>
		<bndbox>
			<xmin>454</xmin>
			<ymin>750</ymin>
			<xmax>638</xmax>
			<ymax>927</ymax>
		</bndbox>
	</object>
	<object>
		<name>dish</name>
		<bndbox>
			<xmin>1110</xmin>
			<ymin>76</ymin>
			<xmax>2284</xmax>
			<ymax>1218</ymax>
		</bndbox>
	</object>
	<object>
		<name>물회</name>
		<bndbox>
			<xmin>1316</xmin>
			<ymin>314</ymin>
			<xmax>2057</xmax>
			<ymax>1066</ymax>
		</bndbox>
	</object>
</annotation>