<annotation>
	<folder>top국류냉면기물회q1</folder>
	<filename>top_국류_냉면기_물회_Q1_00014.JPG</filename>
	<path>/top국류냉면기물회q1/top_국류_냉면기_물회_Q1_00014.JPG</path>
	<source>
		<database>fooddata</database>
	</source>
	<size>
		<width>3008</width>
		<height>2000</height>
		<depth>3</depth>
	</size>
	<object>
		<name>ref_spoon</name>
		<bndbox>
			<xmin>2040</xmin>
			<ymin>246</ymin>
			<xmax>2277</xmax>
			<ymax>601</ymax>
		</bndbox>
	</object>
	<object>
		<name>ref_fork</name>
		<bndbox>
			<xmin>2355</xmin>
			<ymin>246</ymin>
			<xmax>2540</xmax>
			<ymax>651</ymax>
		</bndbox>
	</object>
	<object>
		<name>ref_coin</name>
		<bndbox>
			<xmin>1330</xmin>
			<ymin>1651</ymin>
			<xmax>1529</xmax>
			<ymax>1846</ymax>
		</bndbox>
	</object>
	<object>
		<name>dish</name>
		<bndbox>
			<xmin>692</xmin>
			<ymin>204</ymin>
			<xmax>2008</xmax>
			<ymax>1488</ymax>
		</bndbox>
	</object>
	<object>
		<name>물회</name>
		<bndbox>
			<xmin>926</xmin>
			<ymin>487</ymin>
			<xmax>1731</xmax>
			<ymax>1303</ymax>
		</bndbox>
	</object>
</annotation>