<annotation>
	<folder>top국류냉면기물회q1</folder>
	<filename>top_국류_냉면기_물회_Q1_00020.JPG</filename>
	<path>/top국류냉면기물회q1/top_국류_냉면기_물회_Q1_00020.JPG</path>
	<source>
		<database>fooddata</database>
	</source>
	<size>
		<width>3008</width>
		<height>2000</height>
		<depth>3</depth>
	</size>
	<object>
		<name>ref_spoon</name>
		<bndbox>
			<xmin>894</xmin>
			<ymin>1541</ymin>
			<xmax>1291</xmax>
			<ymax>1786</ymax>
		</bndbox>
	</object>
	<object>
		<name>ref_fork</name>
		<bndbox>
			<xmin>1022</xmin>
			<ymin>1335</ymin>
			<xmax>1444</xmax>
			<ymax>1495</ymax>
		</bndbox>
	</object>
	<object>
		<name>ref_coin</name>
		<bndbox>
			<xmin>2338</xmin>
			<ymin>800</ymin>
			<xmax>2511</xmax>
			<ymax>966</ymax>
		</bndbox>
	</object>
	<object>
		<name>dish</name>
		<bndbox>
			<xmin>1093</xmin>
			<ymin>69</ymin>
			<xmax>2270</xmax>
			<ymax>1204</ymax>
		</bndbox>
	</object>
	<object>
		<name>물회</name>
		<bndbox>
			<xmin>1330</xmin>
			<ymin>292</ymin>
			<xmax>2057</xmax>
			<ymax>1041</ymax>
		</bndbox>
	</object>
</annotation>