<annotation>
	<folder>top국류냉면기물회q1</folder>
	<filename>top_국류_냉면기_물회_Q1_00028.JPG</filename>
	<path>/top국류냉면기물회q1/top_국류_냉면기_물회_Q1_00028.JPG</path>
	<source>
		<database>fooddata</database>
	</source>
	<size>
		<width>3008</width>
		<height>2000</height>
		<depth>3</depth>
	</size>
	<object>
		<name>ref_spoon</name>
		<bndbox>
			<xmin>809</xmin>
			<ymin>1566</ymin>
			<xmax>1213</xmax>
			<ymax>1835</ymax>
		</bndbox>
	</object>
	<object>
		<name>ref_fork</name>
		<bndbox>
			<xmin>940</xmin>
			<ymin>1353</ymin>
			<xmax>1348</xmax>
			<ymax>1537</ymax>
		</bndbox>
	</object>
	<object>
		<name>ref_coin</name>
		<bndbox>
			<xmin>465</xmin>
			<ymin>448</ymin>
			<xmax>660</xmax>
			<ymax>612</ymax>
		</bndbox>
	</object>
	<object>
		<name>dish</name>
		<bndbox>
			<xmin>1153</xmin>
			<ymin>147</ymin>
			<xmax>2295</xmax>
			<ymax>1254</ymax>
		</bndbox>
	</object>
	<object>
		<name>물회</name>
		<bndbox>
			<xmin>1351</xmin>
			<ymin>434</ymin>
			<xmax>2100</xmax>
			<ymax>1208</ymax>
		</bndbox>
	</object>
</annotation>