<annotation>
	<folder>top국류냉면기물회q1</folder>
	<filename>top_국류_냉면기_물회_Q1_00005.JPG</filename>
	<path>/top국류냉면기물회q1/top_국류_냉면기_물회_Q1_00005.JPG</path>
	<source>
		<database>fooddata</database>
	</source>
	<size>
		<width>3008</width>
		<height>2000</height>
		<depth>3</depth>
	</size>
	<object>
		<name>ref_spoon</name>
		<bndbox>
			<xmin>2146</xmin>
			<ymin>338</ymin>
			<xmax>2398</xmax>
			<ymax>714</ymax>
		</bndbox>
	</object>
	<object>
		<name>ref_fork</name>
		<bndbox>
			<xmin>2469</xmin>
			<ymin>374</ymin>
			<xmax>2682</xmax>
			<ymax>785</ymax>
		</bndbox>
	</object>
	<object>
		<name>ref_coin</name>
		<bndbox>
			<xmin>174</xmin>
			<ymin>1296</ymin>
			<xmax>397</xmax>
			<ymax>1495</ymax>
		</bndbox>
	</object>
	<object>
		<name>dish</name>
		<bndbox>
			<xmin>670</xmin>
			<ymin>321</ymin>
			<xmax>2128</xmax>
			<ymax>1718</ymax>
		</bndbox>
	</object>
	<object>
		<name>물회</name>
		<bndbox>
			<xmin>936</xmin>
			<ymin>693</ymin>
			<xmax>1820</xmax>
			<ymax>1424</ymax>
		</bndbox>
	</object>
</annotation>