<annotation>
	<folder>top국류냉면기물회q1</folder>
	<filename>top_국류_냉면기_물회_Q1_00034.JPG</filename>
	<path>/top국류냉면기물회q1/top_국류_냉면기_물회_Q1_00034.JPG</path>
	<source>
		<database>fooddata</database>
	</source>
	<size>
		<width>3008</width>
		<height>2000</height>
		<depth>3</depth>
	</size>
	<object>
		<name>ref_spoon</name>
		<bndbox>
			<xmin>713</xmin>
			<ymin>1605</ymin>
			<xmax>1093</xmax>
			<ymax>1864</ymax>
		</bndbox>
	</object>
	<object>
		<name>ref_fork</name>
		<bndbox>
			<xmin>841</xmin>
			<ymin>1367</ymin>
			<xmax>1266</xmax>
			<ymax>1552</ymax>
		</bndbox>
	</object>
	<object>
		<name>ref_coin</name>
		<bndbox>
			<xmin>2189</xmin>
			<ymin>1310</ymin>
			<xmax>2366</xmax>
			<ymax>1495</ymax>
		</bndbox>
	</object>
	<object>
		<name>dish</name>
		<bndbox>
			<xmin>933</xmin>
			<ymin>72</ymin>
			<xmax>2235</xmax>
			<ymax>1371</ymax>
		</bndbox>
	</object>
	<object>
		<name>물회</name>
		<bndbox>
			<xmin>1160</xmin>
			<ymin>310</ymin>
			<xmax>2047</xmax>
			<ymax>1161</ymax>
		</bndbox>
	</object>
</annotation>