<annotation>
	<folder>top국류냉면기물회q1</folder>
	<filename>top_국류_냉면기_물회_Q1_00008.JPG</filename>
	<path>/top국류냉면기물회q1/top_국류_냉면기_물회_Q1_00008.JPG</path>
	<source>
		<database>fooddata</database>
	</source>
	<size>
		<width>3008</width>
		<height>2000</height>
		<depth>3</depth>
	</size>
	<object>
		<name>ref_spoon</name>
		<bndbox>
			<xmin>2171</xmin>
			<ymin>353</ymin>
			<xmax>2430</xmax>
			<ymax>729</ymax>
		</bndbox>
	</object>
	<object>
		<name>ref_fork</name>
		<bndbox>
			<xmin>2483</xmin>
			<ymin>395</ymin>
			<xmax>2717</xmax>
			<ymax>821</ymax>
		</bndbox>
	</object>
	<object>
		<name>ref_coin</name>
		<bndbox>
			<xmin>1000</xmin>
			<ymin>62</ymin>
			<xmax>1210</xmax>
			<ymax>236</ymax>
		</bndbox>
	</object>
	<object>
		<name>dish</name>
		<bndbox>
			<xmin>596</xmin>
			<ymin>459</ymin>
			<xmax>2015</xmax>
			<ymax>1885</ymax>
		</bndbox>
	</object>
	<object>
		<name>물회</name>
		<bndbox>
			<xmin>926</xmin>
			<ymin>714</ymin>
			<xmax>1735</xmax>
			<ymax>1608</ymax>
		</bndbox>
	</object>
</annotation>