<annotation>
	<folder>top국류냉면기물회q1</folder>
	<filename>top_국류_냉면기_물회_Q1_00033.JPG</filename>
	<path>/top국류냉면기물회q1/top_국류_냉면기_물회_Q1_00033.JPG</path>
	<source>
		<database>fooddata</database>
	</source>
	<size>
		<width>3008</width>
		<height>2000</height>
		<depth>3</depth>
	</size>
	<object>
		<name>ref_spoon</name>
		<bndbox>
			<xmin>873</xmin>
			<ymin>1623</ymin>
			<xmax>1249</xmax>
			<ymax>1864</ymax>
		</bndbox>
	</object>
	<object>
		<name>ref_fork</name>
		<bndbox>
			<xmin>990</xmin>
			<ymin>1388</ymin>
			<xmax>1366</xmax>
			<ymax>1584</ymax>
		</bndbox>
	</object>
	<object>
		<name>ref_coin</name>
		<bndbox>
			<xmin>2288</xmin>
			<ymin>1023</ymin>
			<xmax>2472</xmax>
			<ymax>1193</ymax>
		</bndbox>
	</object>
	<object>
		<name>dish</name>
		<bndbox>
			<xmin>1039</xmin>
			<ymin>126</ymin>
			<xmax>2245</xmax>
			<ymax>1321</ymax>
		</bndbox>
	</object>
	<object>
		<name>물회</name>
		<bndbox>
			<xmin>1245</xmin>
			<ymin>431</ymin>
			<xmax>1944</xmax>
			<ymax>1186</ymax>
		</bndbox>
	</object>
</annotation>