<annotation>
	<folder>side비빔밥덮밥류원형배달제육덮밥q2</folder>
	<filename>side_비빔밥덮밥류_원형배달_제육덮밥_Q2_00016.JPG</filename>
	<path>/side비빔밥덮밥류원형배달제육덮밥q2/side_비빔밥덮밥류_원형배달_제육덮밥_Q2_00016.JPG</path>
	<source>
		<database>fooddata</database>
	</source>
	<size>
		<width>3008</width>
		<height>2000</height>
		<depth>3</depth>
	</size>
	<object>
		<name>ref_spoon</name>
		<bndbox>
			<xmin>2007</xmin>
			<ymin>414</ymin>
			<xmax>2312</xmax>
			<ymax>794</ymax>
		</bndbox>
	</object>
	<object>
		<name>ref_fork</name>
		<bndbox>
			<xmin>2404</xmin>
			<ymin>471</ymin>
			<xmax>2627</xmax>
			<ymax>902</ymax>
		</bndbox>
	</object>
	<object>
		<name>ref_coin</name>
		<bndbox>
			<xmin>488</xmin>
			<ymin>1543</ymin>
			<xmax>754</xmax>
			<ymax>1729</ymax>
		</bndbox>
	</object>
	<object>
		<name>dish</name>
		<bndbox>
			<xmin>361</xmin>
			<ymin>200</ymin>
			<xmax>1936</xmax>
			<ymax>1531</ymax>
		</bndbox>
	</object>
	<object>
		<name>제육덮밥</name>
		<bndbox>
			<xmin>526</xmin>
			<ymin>844</ymin>
			<xmax>1219</xmax>
			<ymax>1074</ymax>
		</bndbox>
	</object>
</annotation>