<annotation>
	<folder>side비빔밥덮밥류원형배달제육덮밥q2</folder>
	<filename>side_비빔밥덮밥류_원형배달_제육덮밥_Q2_00048.JPG</filename>
	<path>/side비빔밥덮밥류원형배달제육덮밥q2/side_비빔밥덮밥류_원형배달_제육덮밥_Q2_00048.JPG</path>
	<source>
		<database>fooddata</database>
	</source>
	<size>
		<width>3008</width>
		<height>2000</height>
		<depth>3</depth>
	</size>
	<object>
		<name>ref_spoon</name>
		<bndbox>
			<xmin>661</xmin>
			<ymin>581</ymin>
			<xmax>955</xmax>
			<ymax>936</ymax>
		</bndbox>
	</object>
	<object>
		<name>ref_fork</name>
		<bndbox>
			<xmin>1066</xmin>
			<ymin>601</ymin>
			<xmax>1266</xmax>
			<ymax>987</ymax>
		</bndbox>
	</object>
	<object>
		<name>ref_coin</name>
		<bndbox>
			<xmin>203</xmin>
			<ymin>1335</ymin>
			<xmax>431</xmax>
			<ymax>1495</ymax>
		</bndbox>
	</object>
	<object>
		<name>dish</name>
		<bndbox>
			<xmin>1336</xmin>
			<ymin>393</ymin>
			<xmax>2678</xmax>
			<ymax>1567</ymax>
		</bndbox>
	</object>
	<object>
		<name>제육덮밥</name>
		<bndbox>
			<xmin>1499</xmin>
			<ymin>672</ymin>
			<xmax>2541</xmax>
			<ymax>1182</ymax>
		</bndbox>
	</object>
</annotation>