<annotation>
	<folder>side비빔밥덮밥류원형배달제육덮밥q2</folder>
	<filename>side_비빔밥덮밥류_원형배달_제육덮밥_Q2_00001.JPG</filename>
	<path>/side비빔밥덮밥류원형배달제육덮밥q2/side_비빔밥덮밥류_원형배달_제육덮밥_Q2_00001.JPG</path>
	<source>
		<database>fooddata</database>
	</source>
	<size>
		<width>3008</width>
		<height>2000</height>
		<depth>3</depth>
	</size>
	<object>
		<name>ref_spoon</name>
		<bndbox>
			<xmin>2043</xmin>
			<ymin>621</ymin>
			<xmax>2349</xmax>
			<ymax>982</ymax>
		</bndbox>
	</object>
	<object>
		<name>ref_fork</name>
		<bndbox>
			<xmin>2419</xmin>
			<ymin>662</ymin>
			<xmax>2644</xmax>
			<ymax>1081</ymax>
		</bndbox>
	</object>
	<object>
		<name>ref_coin</name>
		<bndbox>
			<xmin>1575</xmin>
			<ymin>1638</ymin>
			<xmax>1824</xmax>
			<ymax>1812</ymax>
		</bndbox>
	</object>
	<object>
		<name>dish</name>
		<bndbox>
			<xmin>439</xmin>
			<ymin>388</ymin>
			<xmax>1876</xmax>
			<ymax>1638</ymax>
		</bndbox>
	</object>
	<object>
		<name>제육덮밥</name>
		<bndbox>
			<xmin>583</xmin>
			<ymin>637</ymin>
			<xmax>1326</xmax>
			<ymax>1221</ymax>
		</bndbox>
	</object>
</annotation>