<annotation>
	<folder>side비빔밥덮밥류원형배달제육덮밥q2</folder>
	<filename>side_비빔밥덮밥류_원형배달_제육덮밥_Q2_00031.JPG</filename>
	<path>/side비빔밥덮밥류원형배달제육덮밥q2/side_비빔밥덮밥류_원형배달_제육덮밥_Q2_00031.JPG</path>
	<source>
		<database>fooddata</database>
	</source>
	<size>
		<width>3008</width>
		<height>2000</height>
		<depth>3</depth>
	</size>
	<object>
		<name>ref_spoon</name>
		<bndbox>
			<xmin>356</xmin>
			<ymin>1512</ymin>
			<xmax>873</xmax>
			<ymax>1800</ymax>
		</bndbox>
	</object>
	<object>
		<name>ref_fork</name>
		<bndbox>
			<xmin>605</xmin>
			<ymin>1258</ymin>
			<xmax>1133</xmax>
			<ymax>1536</ymax>
		</bndbox>
	</object>
	<object>
		<name>ref_coin</name>
		<bndbox>
			<xmin>2165</xmin>
			<ymin>921</ymin>
			<xmax>2388</xmax>
			<ymax>1089</ymax>
		</bndbox>
	</object>
	<object>
		<name>dish</name>
		<bndbox>
			<xmin>518</xmin>
			<ymin>47</ymin>
			<xmax>1921</xmax>
			<ymax>1267</ymax>
		</bndbox>
	</object>
	<object>
		<name>제육덮밥</name>
		<bndbox>
			<xmin>976</xmin>
			<ymin>500</ymin>
			<xmax>1778</xmax>
			<ymax>845</ymax>
		</bndbox>
	</object>
</annotation>