<annotation>
	<folder>side비빔밥덮밥류원형배달제육덮밥q2</folder>
	<filename>side_비빔밥덮밥류_원형배달_제육덮밥_Q2_00029.JPG</filename>
	<path>/side비빔밥덮밥류원형배달제육덮밥q2/side_비빔밥덮밥류_원형배달_제육덮밥_Q2_00029.JPG</path>
	<source>
		<database>fooddata</database>
	</source>
	<size>
		<width>3008</width>
		<height>2000</height>
		<depth>3</depth>
	</size>
	<object>
		<name>ref_spoon</name>
		<bndbox>
			<xmin>349</xmin>
			<ymin>1465</ymin>
			<xmax>854</xmax>
			<ymax>1742</ymax>
		</bndbox>
	</object>
	<object>
		<name>ref_fork</name>
		<bndbox>
			<xmin>569</xmin>
			<ymin>1208</ymin>
			<xmax>1106</xmax>
			<ymax>1475</ymax>
		</bndbox>
	</object>
	<object>
		<name>ref_coin</name>
		<bndbox>
			<xmin>300</xmin>
			<ymin>1019</ymin>
			<xmax>539</xmax>
			<ymax>1196</ymax>
		</bndbox>
	</object>
	<object>
		<name>dish</name>
		<bndbox>
			<xmin>510</xmin>
			<ymin>47</ymin>
			<xmax>1916</xmax>
			<ymax>1267</ymax>
		</bndbox>
	</object>
	<object>
		<name>제육덮밥</name>
		<bndbox>
			<xmin>1067</xmin>
			<ymin>379</ymin>
			<xmax>1789</xmax>
			<ymax>856</ymax>
		</bndbox>
	</object>
</annotation>