<annotation>
	<folder>side비빔밥덮밥류원형배달제육덮밥q2</folder>
	<filename>side_비빔밥덮밥류_원형배달_제육덮밥_Q2_00009.JPG</filename>
	<path>/side비빔밥덮밥류원형배달제육덮밥q2/side_비빔밥덮밥류_원형배달_제육덮밥_Q2_00009.JPG</path>
	<source>
		<database>fooddata</database>
	</source>
	<size>
		<width>3008</width>
		<height>2000</height>
		<depth>3</depth>
	</size>
	<object>
		<name>ref_spoon</name>
		<bndbox>
			<xmin>2073</xmin>
			<ymin>652</ymin>
			<xmax>2398</xmax>
			<ymax>1053</ymax>
		</bndbox>
	</object>
	<object>
		<name>ref_fork</name>
		<bndbox>
			<xmin>2480</xmin>
			<ymin>720</ymin>
			<xmax>2713</xmax>
			<ymax>1140</ymax>
		</bndbox>
	</object>
	<object>
		<name>ref_coin</name>
		<bndbox>
			<xmin>2185</xmin>
			<ymin>408</ymin>
			<xmax>2408</xmax>
			<ymax>560</ymax>
		</bndbox>
	</object>
	<object>
		<name>dish</name>
		<bndbox>
			<xmin>274</xmin>
			<ymin>469</ymin>
			<xmax>1842</xmax>
			<ymax>1821</ymax>
		</bndbox>
	</object>
	<object>
		<name>제육덮밥</name>
		<bndbox>
			<xmin>488</xmin>
			<ymin>720</ymin>
			<xmax>1455</xmax>
			<ymax>1250</ymax>
		</bndbox>
	</object>
</annotation>