<annotation>
	<folder>top비빔밥덮밥류원형배달제육덮밥q2</folder>
	<filename>top_비빔밥덮밥류_원형배달_제육덮밥_Q2_00021.JPG</filename>
	<path>/top비빔밥덮밥류원형배달제육덮밥q2/top_비빔밥덮밥류_원형배달_제육덮밥_Q2_00021.JPG</path>
	<source>
		<database>fooddata</database>
	</source>
	<size>
		<width>3008</width>
		<height>2000</height>
		<depth>3</depth>
	</size>
	<object>
		<name>ref_spoon</name>
		<bndbox>
			<xmin>738</xmin>
			<ymin>1666</ymin>
			<xmax>1090</xmax>
			<ymax>1902</ymax>
		</bndbox>
	</object>
	<object>
		<name>ref_fork</name>
		<bndbox>
			<xmin>836</xmin>
			<ymin>1448</ymin>
			<xmax>1199</xmax>
			<ymax>1604</ymax>
		</bndbox>
	</object>
	<object>
		<name>ref_coin</name>
		<bndbox>
			<xmin>2107</xmin>
			<ymin>468</ymin>
			<xmax>2266</xmax>
			<ymax>621</ymax>
		</bndbox>
	</object>
	<object>
		<name>dish</name>
		<bndbox>
			<xmin>949</xmin>
			<ymin>98</ymin>
			<xmax>2078</xmax>
			<ymax>1176</ymax>
		</bndbox>
	</object>
	<object>
		<name>제육덮밥</name>
		<bndbox>
			<xmin>1032</xmin>
			<ymin>203</ymin>
			<xmax>1983</xmax>
			<ymax>1154</ymax>
		</bndbox>
	</object>
</annotation>