<annotation>
	<folder>top비빔밥덮밥류원형배달제육덮밥q2</folder>
	<filename>top_비빔밥덮밥류_원형배달_제육덮밥_Q2_00030.JPG</filename>
	<path>/top비빔밥덮밥류원형배달제육덮밥q2/top_비빔밥덮밥류_원형배달_제육덮밥_Q2_00030.JPG</path>
	<source>
		<database>fooddata</database>
	</source>
	<size>
		<width>3008</width>
		<height>2000</height>
		<depth>3</depth>
	</size>
	<object>
		<name>ref_spoon</name>
		<bndbox>
			<xmin>912</xmin>
			<ymin>1641</ymin>
			<xmax>1264</xmax>
			<ymax>1877</ymax>
		</bndbox>
	</object>
	<object>
		<name>ref_fork</name>
		<bndbox>
			<xmin>1007</xmin>
			<ymin>1416</ymin>
			<xmax>1384</xmax>
			<ymax>1572</ymax>
		</bndbox>
	</object>
	<object>
		<name>ref_coin</name>
		<bndbox>
			<xmin>695</xmin>
			<ymin>1448</ymin>
			<xmax>876</xmax>
			<ymax>1615</ymax>
		</bndbox>
	</object>
	<object>
		<name>dish</name>
		<bndbox>
			<xmin>992</xmin>
			<ymin>160</ymin>
			<xmax>2168</xmax>
			<ymax>1307</ymax>
		</bndbox>
	</object>
	<object>
		<name>제육덮밥</name>
		<bndbox>
			<xmin>1072</xmin>
			<ymin>319</ymin>
			<xmax>2070</xmax>
			<ymax>1260</ymax>
		</bndbox>
	</object>
</annotation>