<annotation>
	<folder>my-project-name</folder>
	<filename>top_비빔밥덮밥류_원형배달_제육덮밥_Q2_00014.JPG</filename>
	<path>/top비빔밥덮밥류원형배달제육덮밥q2/top_비빔밥덮밥류_원형배달_제육덮밥_Q2_00014.JPG</path>
	<source>
		<database>fooddata</database>
	</source>
	<size>
		<width>3008</width>
		<height>2000</height>
		<depth>3</depth>
	</size>
	<object>
		<name>ref_spoon</name>
		<bndbox>
			<xmin>2064</xmin>
			<ymin>555</ymin>
			<xmax>2325</xmax>
			<ymax>958</ymax>
		</bndbox>
	</object>
	<object>
		<name>ref_fork</name>
		<bndbox>
			<xmin>2389</xmin>
			<ymin>634</ymin>
			<xmax>2578</xmax>
			<ymax>1061</ymax>
		</bndbox>
	</object>
	<object>
		<name>ref_coin</name>
		<bndbox>
			<xmin>1710</xmin>
			<ymin>130</ymin>
			<xmax>1902</xmax>
			<ymax>317</ymax>
		</bndbox>
	</object>
	<object>
		<name>dish</name>
		<bndbox>
			<xmin>624</xmin>
			<ymin>496</ymin>
			<xmax>1990</xmax>
			<ymax>1845</ymax>
		</bndbox>
	</object>
	<object>
		<name>제육덮밥</name>
		<bndbox>
			<xmin>823</xmin>
			<ymin>794</ymin>
			<xmax>1890</xmax>
			<ymax>1774</ymax>
		</bndbox>
	</object>
</annotation>