<annotation>
	<folder>top비빔밥덮밥류원형배달제육덮밥q2</folder>
	<filename>top_비빔밥덮밥류_원형배달_제육덮밥_Q2_00019.JPG</filename>
	<path>/top비빔밥덮밥류원형배달제육덮밥q2/top_비빔밥덮밥류_원형배달_제육덮밥_Q2_00019.JPG</path>
	<source>
		<database>fooddata</database>
	</source>
	<size>
		<width>3008</width>
		<height>2000</height>
		<depth>3</depth>
	</size>
	<object>
		<name>ref_spoon</name>
		<bndbox>
			<xmin>756</xmin>
			<ymin>1699</ymin>
			<xmax>1094</xmax>
			<ymax>1931</ymax>
		</bndbox>
	</object>
	<object>
		<name>ref_fork</name>
		<bndbox>
			<xmin>843</xmin>
			<ymin>1477</ymin>
			<xmax>1206</xmax>
			<ymax>1630</ymax>
		</bndbox>
	</object>
	<object>
		<name>ref_coin</name>
		<bndbox>
			<xmin>2128</xmin>
			<ymin>842</ymin>
			<xmax>2288</xmax>
			<ymax>998</ymax>
		</bndbox>
	</object>
	<object>
		<name>dish</name>
		<bndbox>
			<xmin>970</xmin>
			<ymin>138</ymin>
			<xmax>2096</xmax>
			<ymax>1216</ymax>
		</bndbox>
	</object>
	<object>
		<name>제육덮밥</name>
		<bndbox>
			<xmin>1054</xmin>
			<ymin>272</ymin>
			<xmax>2005</xmax>
			<ymax>1183</ymax>
		</bndbox>
	</object>
</annotation>