<annotation>
	<folder>top비빔밥덮밥류원형배달제육덮밥q2</folder>
	<filename>top_비빔밥덮밥류_원형배달_제육덮밥_Q2_00045.JPG</filename>
	<path>/top비빔밥덮밥류원형배달제육덮밥q2/top_비빔밥덮밥류_원형배달_제육덮밥_Q2_00045.JPG</path>
	<source>
		<database>fooddata</database>
	</source>
	<size>
		<width>3008</width>
		<height>2000</height>
		<depth>3</depth>
	</size>
	<object>
		<name>ref_spoon</name>
		<bndbox>
			<xmin>444</xmin>
			<ymin>232</ymin>
			<xmax>705</xmax>
			<ymax>610</ymax>
		</bndbox>
	</object>
	<object>
		<name>ref_fork</name>
		<bndbox>
			<xmin>803</xmin>
			<ymin>352</ymin>
			<xmax>981</xmax>
			<ymax>795</ymax>
		</bndbox>
	</object>
	<object>
		<name>ref_coin</name>
		<bndbox>
			<xmin>2495</xmin>
			<ymin>1252</ymin>
			<xmax>2691</xmax>
			<ymax>1441</ymax>
		</bndbox>
	</object>
	<object>
		<name>dish</name>
		<bndbox>
			<xmin>1079</xmin>
			<ymin>272</ymin>
			<xmax>2440</xmax>
			<ymax>1604</ymax>
		</bndbox>
	</object>
	<object>
		<name>제육덮밥</name>
		<bndbox>
			<xmin>1181</xmin>
			<ymin>417</ymin>
			<xmax>2295</xmax>
			<ymax>1557</ymax>
		</bndbox>
	</object>
</annotation>