<annotation>
	<folder>my-project-name</folder>
	<filename>top_비빔밥덮밥류_원형배달_제육덮밥_Q2_00005.JPG</filename>
	<path>/top비빔밥덮밥류원형배달제육덮밥q2/top_비빔밥덮밥류_원형배달_제육덮밥_Q2_00005.JPG</path>
	<source>
		<database>fooddata</database>
	</source>
	<size>
		<width>3008</width>
		<height>2000</height>
		<depth>3</depth>
	</size>
	<object>
		<name>ref_spoon</name>
		<bndbox>
			<xmin>2049</xmin>
			<ymin>280</ymin>
			<xmax>2342</xmax>
			<ymax>713</ymax>
		</bndbox>
	</object>
	<object>
		<name>ref_fork</name>
		<bndbox>
			<xmin>2408</xmin>
			<ymin>371</ymin>
			<xmax>2607</xmax>
			<ymax>862</ymax>
		</bndbox>
	</object>
	<object>
		<name>ref_coin</name>
		<bndbox>
			<xmin>718</xmin>
			<ymin>1590</ymin>
			<xmax>944</xmax>
			<ymax>1806</ymax>
		</bndbox>
	</object>
	<object>
		<name>dish</name>
		<bndbox>
			<xmin>428</xmin>
			<ymin>57</ymin>
			<xmax>1932</xmax>
			<ymax>1501</ymax>
		</bndbox>
	</object>
	<object>
		<name>제육덮밥</name>
		<bndbox>
			<xmin>548</xmin>
			<ymin>656</ymin>
			<xmax>1816</xmax>
			<ymax>1457</ymax>
		</bndbox>
	</object>
</annotation>