<annotation>
	<folder>top비빔밥덮밥류원형배달제육덮밥q2</folder>
	<filename>top_비빔밥덮밥류_원형배달_제육덮밥_Q2_00047.JPG</filename>
	<path>/top비빔밥덮밥류원형배달제육덮밥q2/top_비빔밥덮밥류_원형배달_제육덮밥_Q2_00047.JPG</path>
	<source>
		<database>fooddata</database>
	</source>
	<size>
		<width>3008</width>
		<height>2000</height>
		<depth>3</depth>
	</size>
	<object>
		<name>ref_spoon</name>
		<bndbox>
			<xmin>557</xmin>
			<ymin>359</ymin>
			<xmax>822</xmax>
			<ymax>737</ymax>
		</bndbox>
	</object>
	<object>
		<name>ref_fork</name>
		<bndbox>
			<xmin>920</xmin>
			<ymin>472</ymin>
			<xmax>1097</xmax>
			<ymax>897</ymax>
		</bndbox>
	</object>
	<object>
		<name>ref_coin</name>
		<bndbox>
			<xmin>1170</xmin>
			<ymin>1477</ymin>
			<xmax>1362</xmax>
			<ymax>1673</ymax>
		</bndbox>
	</object>
	<object>
		<name>dish</name>
		<bndbox>
			<xmin>1283</xmin>
			<ymin>287</ymin>
			<xmax>2618</xmax>
			<ymax>1612</ymax>
		</bndbox>
	</object>
	<object>
		<name>제육덮밥</name>
		<bndbox>
			<xmin>1370</xmin>
			<ymin>403</ymin>
			<xmax>2513</xmax>
			<ymax>1535</ymax>
		</bndbox>
	</object>
</annotation>