<annotation>
	<folder>top비빔밥덮밥류원형배달제육덮밥q2</folder>
	<filename>top_비빔밥덮밥류_원형배달_제육덮밥_Q2_00040.JPG</filename>
	<path>/top비빔밥덮밥류원형배달제육덮밥q2/top_비빔밥덮밥류_원형배달_제육덮밥_Q2_00040.JPG</path>
	<source>
		<database>fooddata</database>
	</source>
	<size>
		<width>3008</width>
		<height>2000</height>
		<depth>3</depth>
	</size>
	<object>
		<name>ref_spoon</name>
		<bndbox>
			<xmin>506</xmin>
			<ymin>152</ymin>
			<xmax>764</xmax>
			<ymax>530</ymax>
		</bndbox>
	</object>
	<object>
		<name>ref_fork</name>
		<bndbox>
			<xmin>847</xmin>
			<ymin>272</ymin>
			<xmax>1014</xmax>
			<ymax>672</ymax>
		</bndbox>
	</object>
	<object>
		<name>ref_coin</name>
		<bndbox>
			<xmin>1079</xmin>
			<ymin>1390</ymin>
			<xmax>1264</xmax>
			<ymax>1572</ymax>
		</bndbox>
	</object>
	<object>
		<name>dish</name>
		<bndbox>
			<xmin>1116</xmin>
			<ymin>174</ymin>
			<xmax>2408</xmax>
			<ymax>1412</ymax>
		</bndbox>
	</object>
	<object>
		<name>제육덮밥</name>
		<bndbox>
			<xmin>1185</xmin>
			<ymin>316</ymin>
			<xmax>2263</xmax>
			<ymax>1376</ymax>
		</bndbox>
	</object>
</annotation>