<annotation>
	<folder>side반찬면적접시오징어젓갈q2</folder>
	<filename>side_반찬면적_접시_오징어젓갈_Q2_00048.JPG</filename>
	<path>/side반찬면적접시오징어젓갈q2/side_반찬면적_접시_오징어젓갈_Q2_00048.JPG</path>
	<source>
		<database>fooddata</database>
	</source>
	<size>
		<width>3008</width>
		<height>2000</height>
		<depth>3</depth>
	</size>
	<object>
		<name>ref_spoon</name>
		<bndbox>
			<xmin>587</xmin>
			<ymin>454</ymin>
			<xmax>930</xmax>
			<ymax>866</ymax>
		</bndbox>
	</object>
	<object>
		<name>ref_fork</name>
		<bndbox>
			<xmin>1004</xmin>
			<ymin>477</ymin>
			<xmax>1235</xmax>
			<ymax>931</ymax>
		</bndbox>
	</object>
	<object>
		<name>ref_coin</name>
		<bndbox>
			<xmin>2407</xmin>
			<ymin>875</ymin>
			<xmax>2657</xmax>
			<ymax>1060</ymax>
		</bndbox>
	</object>
	<object>
		<name>dish</name>
		<bndbox>
			<xmin>1398</xmin>
			<ymin>602</ymin>
			<xmax>2286</xmax>
			<ymax>1185</ymax>
		</bndbox>
	</object>
	<object>
		<name>오징어젓갈</name>
		<bndbox>
			<xmin>1573</xmin>
			<ymin>792</ymin>
			<xmax>2115</xmax>
			<ymax>1111</ymax>
		</bndbox>
	</object>
</annotation>