<annotation>
	<folder>side반찬면적접시오징어젓갈q2</folder>
	<filename>side_반찬면적_접시_오징어젓갈_Q2_00038.JPG</filename>
	<path>/side반찬면적접시오징어젓갈q2/side_반찬면적_접시_오징어젓갈_Q2_00038.JPG</path>
	<source>
		<database>fooddata</database>
	</source>
	<size>
		<width>3008</width>
		<height>2000</height>
		<depth>3</depth>
	</size>
	<object>
		<name>ref_spoon</name>
		<bndbox>
			<xmin>476</xmin>
			<ymin>648</ymin>
			<xmax>823</xmax>
			<ymax>1074</ymax>
		</bndbox>
	</object>
	<object>
		<name>ref_fork</name>
		<bndbox>
			<xmin>893</xmin>
			<ymin>653</ymin>
			<xmax>1129</xmax>
			<ymax>1120</ymax>
		</bndbox>
	</object>
	<object>
		<name>ref_coin</name>
		<bndbox>
			<xmin>2342</xmin>
			<ymin>782</ymin>
			<xmax>2601</xmax>
			<ymax>963</ymax>
		</bndbox>
	</object>
	<object>
		<name>dish</name>
		<bndbox>
			<xmin>1235</xmin>
			<ymin>704</ymin>
			<xmax>2120</xmax>
			<ymax>1287</ymax>
		</bndbox>
	</object>
	<object>
		<name>오징어젓갈</name>
		<bndbox>
			<xmin>1430</xmin>
			<ymin>880</ymin>
			<xmax>1865</xmax>
			<ymax>1236</ymax>
		</bndbox>
	</object>
</annotation>