<annotation>
	<folder>side반찬면적접시오징어젓갈q2</folder>
	<filename>side_반찬면적_접시_오징어젓갈_Q2_00052.JPG</filename>
	<path>/side반찬면적접시오징어젓갈q2/side_반찬면적_접시_오징어젓갈_Q2_00052.JPG</path>
	<source>
		<database>fooddata</database>
	</source>
	<size>
		<width>3008</width>
		<height>2000</height>
		<depth>3</depth>
	</size>
	<object>
		<name>ref_spoon</name>
		<bndbox>
			<xmin>620</xmin>
			<ymin>505</ymin>
			<xmax>967</xmax>
			<ymax>912</ymax>
		</bndbox>
	</object>
	<object>
		<name>ref_fork</name>
		<bndbox>
			<xmin>1046</xmin>
			<ymin>495</ymin>
			<xmax>1291</xmax>
			<ymax>958</ymax>
		</bndbox>
	</object>
	<object>
		<name>ref_coin</name>
		<bndbox>
			<xmin>1286</xmin>
			<ymin>162</ymin>
			<xmax>1536</xmax>
			<ymax>315</ymax>
		</bndbox>
	</object>
	<object>
		<name>dish</name>
		<bndbox>
			<xmin>1384</xmin>
			<ymin>676</ymin>
			<xmax>2300</xmax>
			<ymax>1273</ymax>
		</bndbox>
	</object>
	<object>
		<name>오징어젓갈</name>
		<bndbox>
			<xmin>1601</xmin>
			<ymin>884</ymin>
			<xmax>2078</xmax>
			<ymax>1208</ymax>
		</bndbox>
	</object>
</annotation>