<annotation>
	<folder>side반찬면적접시오징어젓갈q2</folder>
	<filename>side_반찬면적_접시_오징어젓갈_Q2_00035.JPG</filename>
	<path>/side반찬면적접시오징어젓갈q2/side_반찬면적_접시_오징어젓갈_Q2_00035.JPG</path>
	<source>
		<database>fooddata</database>
	</source>
	<size>
		<width>3008</width>
		<height>2000</height>
		<depth>3</depth>
	</size>
	<object>
		<name>ref_spoon</name>
		<bndbox>
			<xmin>560</xmin>
			<ymin>662</ymin>
			<xmax>893</xmax>
			<ymax>1088</ymax>
		</bndbox>
	</object>
	<object>
		<name>ref_fork</name>
		<bndbox>
			<xmin>967</xmin>
			<ymin>681</ymin>
			<xmax>1198</xmax>
			<ymax>1148</ymax>
		</bndbox>
	</object>
	<object>
		<name>ref_coin</name>
		<bndbox>
			<xmin>1953</xmin>
			<ymin>1440</ymin>
			<xmax>2212</xmax>
			<ymax>1648</ymax>
		</bndbox>
	</object>
	<object>
		<name>dish</name>
		<bndbox>
			<xmin>1360</xmin>
			<ymin>699</ymin>
			<xmax>2240</xmax>
			<ymax>1296</ymax>
		</bndbox>
	</object>
	<object>
		<name>오징어젓갈</name>
		<bndbox>
			<xmin>1606</xmin>
			<ymin>931</ymin>
			<xmax>2055</xmax>
			<ymax>1231</ymax>
		</bndbox>
	</object>
</annotation>