<annotation>
	<folder>side반찬면적접시오징어젓갈q2</folder>
	<filename>side_반찬면적_접시_오징어젓갈_Q2_00004.JPG</filename>
	<path>/side반찬면적접시오징어젓갈q2/side_반찬면적_접시_오징어젓갈_Q2_00004.JPG</path>
	<source>
		<database>fooddata</database>
	</source>
	<size>
		<width>3008</width>
		<height>2000</height>
		<depth>3</depth>
	</size>
	<object>
		<name>ref_spoon</name>
		<bndbox>
			<xmin>1712</xmin>
			<ymin>699</ymin>
			<xmax>1995</xmax>
			<ymax>1032</ymax>
		</bndbox>
	</object>
	<object>
		<name>ref_fork</name>
		<bndbox>
			<xmin>2078</xmin>
			<ymin>690</ymin>
			<xmax>2277</xmax>
			<ymax>1093</ymax>
		</bndbox>
	</object>
	<object>
		<name>ref_coin</name>
		<bndbox>
			<xmin>1055</xmin>
			<ymin>1444</ymin>
			<xmax>1286</xmax>
			<ymax>1620</ymax>
		</bndbox>
	</object>
	<object>
		<name>dish</name>
		<bndbox>
			<xmin>898</xmin>
			<ymin>745</ymin>
			<xmax>1661</xmax>
			<ymax>1269</ymax>
		</bndbox>
	</object>
	<object>
		<name>오징어젓갈</name>
		<bndbox>
			<xmin>1129</xmin>
			<ymin>949</ymin>
			<xmax>1462</xmax>
			<ymax>1204</ymax>
		</bndbox>
	</object>
</annotation>