<annotation>
	<folder>side반찬면적접시오징어젓갈q2</folder>
	<filename>side_반찬면적_접시_오징어젓갈_Q2_00034.JPG</filename>
	<path>/side반찬면적접시오징어젓갈q2/side_반찬면적_접시_오징어젓갈_Q2_00034.JPG</path>
	<source>
		<database>fooddata</database>
	</source>
	<size>
		<width>3008</width>
		<height>2000</height>
		<depth>3</depth>
	</size>
	<object>
		<name>ref_spoon</name>
		<bndbox>
			<xmin>495</xmin>
			<ymin>671</ymin>
			<xmax>828</xmax>
			<ymax>1079</ymax>
		</bndbox>
	</object>
	<object>
		<name>ref_fork</name>
		<bndbox>
			<xmin>911</xmin>
			<ymin>685</ymin>
			<xmax>1129</xmax>
			<ymax>1176</ymax>
		</bndbox>
	</object>
	<object>
		<name>ref_coin</name>
		<bndbox>
			<xmin>1592</xmin>
			<ymin>1514</ymin>
			<xmax>1856</xmax>
			<ymax>1699</ymax>
		</bndbox>
	</object>
	<object>
		<name>dish</name>
		<bndbox>
			<xmin>1370</xmin>
			<ymin>694</ymin>
			<xmax>2222</xmax>
			<ymax>1287</ymax>
		</bndbox>
	</object>
	<object>
		<name>오징어젓갈</name>
		<bndbox>
			<xmin>1583</xmin>
			<ymin>870</ymin>
			<xmax>2041</xmax>
			<ymax>1199</ymax>
		</bndbox>
	</object>
</annotation>