<annotation>
	<folder>top반찬면적접시오징어젓갈q2</folder>
	<filename>top_반찬면적_접시_오징어젓갈_Q2_00036.JPG</filename>
	<path>/top반찬면적접시오징어젓갈q2/top_반찬면적_접시_오징어젓갈_Q2_00036.JPG</path>
	<source>
		<database>fooddata</database>
	</source>
	<size>
		<width>3008</width>
		<height>2000</height>
		<depth>3</depth>
	</size>
	<object>
		<name>ref_spoon</name>
		<bndbox>
			<xmin>520</xmin>
			<ymin>295</ymin>
			<xmax>863</xmax>
			<ymax>823</ymax>
		</bndbox>
	</object>
	<object>
		<name>ref_fork</name>
		<bndbox>
			<xmin>991</xmin>
			<ymin>322</ymin>
			<xmax>1263</xmax>
			<ymax>876</ymax>
		</bndbox>
	</object>
	<object>
		<name>ref_coin</name>
		<bndbox>
			<xmin>2284</xmin>
			<ymin>1324</ymin>
			<xmax>2541</xmax>
			<ymax>1565</ymax>
		</bndbox>
	</object>
	<object>
		<name>dish</name>
		<bndbox>
			<xmin>1523</xmin>
			<ymin>499</ymin>
			<xmax>2416</xmax>
			<ymax>1422</ymax>
		</bndbox>
	</object>
	<object>
		<name>오징어젓갈</name>
		<bndbox>
			<xmin>1723</xmin>
			<ymin>736</ymin>
			<xmax>2126</xmax>
			<ymax>1185</ymax>
		</bndbox>
	</object>
</annotation>