<annotation>
	<folder>top반찬면적접시오징어젓갈q2</folder>
	<filename>top_반찬면적_접시_오징어젓갈_Q2_00018.JPG</filename>
	<path>/top반찬면적접시오징어젓갈q2/top_반찬면적_접시_오징어젓갈_Q2_00018.JPG</path>
	<source>
		<database>fooddata</database>
	</source>
	<size>
		<width>3008</width>
		<height>2000</height>
		<depth>3</depth>
	</size>
	<object>
		<name>ref_spoon</name>
		<bndbox>
			<xmin>648</xmin>
			<ymin>1558</ymin>
			<xmax>1146</xmax>
			<ymax>1901</ymax>
		</bndbox>
	</object>
	<object>
		<name>ref_fork</name>
		<bndbox>
			<xmin>686</xmin>
			<ymin>1241</ymin>
			<xmax>1267</xmax>
			<ymax>1479</ymax>
		</bndbox>
	</object>
	<object>
		<name>ref_coin</name>
		<bndbox>
			<xmin>1888</xmin>
			<ymin>386</ymin>
			<xmax>2133</xmax>
			<ymax>631</ymax>
		</bndbox>
	</object>
	<object>
		<name>dish</name>
		<bndbox>
			<xmin>822</xmin>
			<ymin>227</ymin>
			<xmax>1711</xmax>
			<ymax>1117</ymax>
		</bndbox>
	</object>
	<object>
		<name>오징어젓갈</name>
		<bndbox>
			<xmin>1059</xmin>
			<ymin>529</ymin>
			<xmax>1361</xmax>
			<ymax>913</ymax>
		</bndbox>
	</object>
</annotation>