<annotation>
	<folder>top반찬면적접시오징어젓갈q2</folder>
	<filename>top_반찬면적_접시_오징어젓갈_Q2_00019.JPG</filename>
	<path>/top반찬면적접시오징어젓갈q2/top_반찬면적_접시_오징어젓갈_Q2_00019.JPG</path>
	<source>
		<database>fooddata</database>
	</source>
	<size>
		<width>3008</width>
		<height>2000</height>
		<depth>3</depth>
	</size>
	<object>
		<name>ref_spoon</name>
		<bndbox>
			<xmin>716</xmin>
			<ymin>1622</ymin>
			<xmax>1206</xmax>
			<ymax>1976</ymax>
		</bndbox>
	</object>
	<object>
		<name>ref_fork</name>
		<bndbox>
			<xmin>769</xmin>
			<ymin>1320</ymin>
			<xmax>1331</xmax>
			<ymax>1569</ymax>
		</bndbox>
	</object>
	<object>
		<name>ref_coin</name>
		<bndbox>
			<xmin>1806</xmin>
			<ymin>205</ymin>
			<xmax>2047</xmax>
			<ymax>423</ymax>
		</bndbox>
	</object>
	<object>
		<name>dish</name>
		<bndbox>
			<xmin>920</xmin>
			<ymin>310</ymin>
			<xmax>1790</xmax>
			<ymax>1177</ymax>
		</bndbox>
	</object>
	<object>
		<name>오징어젓갈</name>
		<bndbox>
			<xmin>1157</xmin>
			<ymin>567</ymin>
			<xmax>1523</xmax>
			<ymax>883</ymax>
		</bndbox>
	</object>
</annotation>