<annotation>
	<folder>top반찬면적접시오징어젓갈q2</folder>
	<filename>top_반찬면적_접시_오징어젓갈_Q2_00046.JPG</filename>
	<path>/top반찬면적접시오징어젓갈q2/top_반찬면적_접시_오징어젓갈_Q2_00046.JPG</path>
	<source>
		<database>fooddata</database>
	</source>
	<size>
		<width>3008</width>
		<height>2000</height>
		<depth>3</depth>
	</size>
	<object>
		<name>ref_spoon</name>
		<bndbox>
			<xmin>750</xmin>
			<ymin>133</ymin>
			<xmax>1104</xmax>
			<ymax>687</ymax>
		</bndbox>
	</object>
	<object>
		<name>ref_fork</name>
		<bndbox>
			<xmin>1225</xmin>
			<ymin>171</ymin>
			<xmax>1485</xmax>
			<ymax>751</ymax>
		</bndbox>
	</object>
	<object>
		<name>ref_coin</name>
		<bndbox>
			<xmin>2552</xmin>
			<ymin>1354</ymin>
			<xmax>2804</xmax>
			<ymax>1622</ymax>
		</bndbox>
	</object>
	<object>
		<name>dish</name>
		<bndbox>
			<xmin>1602</xmin>
			<ymin>502</ymin>
			<xmax>2548</xmax>
			<ymax>1426</ymax>
		</bndbox>
	</object>
	<object>
		<name>오징어젓갈</name>
		<bndbox>
			<xmin>1839</xmin>
			<ymin>763</ymin>
			<xmax>2299</xmax>
			<ymax>1177</ymax>
		</bndbox>
	</object>
</annotation>