<annotation>
	<folder>top반찬면적접시오징어젓갈q2</folder>
	<filename>top_반찬면적_접시_오징어젓갈_Q2_00033.JPG</filename>
	<path>/top반찬면적접시오징어젓갈q2/top_반찬면적_접시_오징어젓갈_Q2_00033.JPG</path>
	<source>
		<database>fooddata</database>
	</source>
	<size>
		<width>3008</width>
		<height>2000</height>
		<depth>3</depth>
	</size>
	<object>
		<name>ref_spoon</name>
		<bndbox>
			<xmin>980</xmin>
			<ymin>1433</ymin>
			<xmax>1432</xmax>
			<ymax>1758</ymax>
		</bndbox>
	</object>
	<object>
		<name>ref_fork</name>
		<bndbox>
			<xmin>1018</xmin>
			<ymin>1170</ymin>
			<xmax>1512</xmax>
			<ymax>1392</ymax>
		</bndbox>
	</object>
	<object>
		<name>ref_coin</name>
		<bndbox>
			<xmin>1455</xmin>
			<ymin>1705</ymin>
			<xmax>1681</xmax>
			<ymax>1946</ymax>
		</bndbox>
	</object>
	<object>
		<name>dish</name>
		<bndbox>
			<xmin>1251</xmin>
			<ymin>340</ymin>
			<xmax>2066</xmax>
			<ymax>1117</ymax>
		</bndbox>
	</object>
	<object>
		<name>오징어젓갈</name>
		<bndbox>
			<xmin>1523</xmin>
			<ymin>619</ymin>
			<xmax>1870</xmax>
			<ymax>928</ymax>
		</bndbox>
	</object>
</annotation>