<annotation>
	<folder>top반찬면적접시오징어젓갈q2</folder>
	<filename>top_반찬면적_접시_오징어젓갈_Q2_00017.JPG</filename>
	<path>/top반찬면적접시오징어젓갈q2/top_반찬면적_접시_오징어젓갈_Q2_00017.JPG</path>
	<source>
		<database>fooddata</database>
	</source>
	<size>
		<width>3008</width>
		<height>2000</height>
		<depth>3</depth>
	</size>
	<object>
		<name>ref_spoon</name>
		<bndbox>
			<xmin>648</xmin>
			<ymin>1516</ymin>
			<xmax>1202</xmax>
			<ymax>1878</ymax>
		</bndbox>
	</object>
	<object>
		<name>ref_fork</name>
		<bndbox>
			<xmin>701</xmin>
			<ymin>1211</ymin>
			<xmax>1240</xmax>
			<ymax>1456</ymax>
		</bndbox>
	</object>
	<object>
		<name>ref_coin</name>
		<bndbox>
			<xmin>1960</xmin>
			<ymin>623</ymin>
			<xmax>2171</xmax>
			<ymax>845</ymax>
		</bndbox>
	</object>
	<object>
		<name>dish</name>
		<bndbox>
			<xmin>814</xmin>
			<ymin>174</ymin>
			<xmax>1726</xmax>
			<ymax>1057</ymax>
		</bndbox>
	</object>
	<object>
		<name>오징어젓갈</name>
		<bndbox>
			<xmin>1052</xmin>
			<ymin>510</ymin>
			<xmax>1459</xmax>
			<ymax>853</ymax>
		</bndbox>
	</object>
</annotation>