<annotation>
	<folder>top반찬면적접시오징어젓갈q2</folder>
	<filename>top_반찬면적_접시_오징어젓갈_Q2_00035.JPG</filename>
	<path>/top반찬면적접시오징어젓갈q2/top_반찬면적_접시_오징어젓갈_Q2_00035.JPG</path>
	<source>
		<database>fooddata</database>
	</source>
	<size>
		<width>3008</width>
		<height>2000</height>
		<depth>3</depth>
	</size>
	<object>
		<name>ref_spoon</name>
		<bndbox>
			<xmin>550</xmin>
			<ymin>273</ymin>
			<xmax>912</xmax>
			<ymax>849</ymax>
		</bndbox>
	</object>
	<object>
		<name>ref_fork</name>
		<bndbox>
			<xmin>1033</xmin>
			<ymin>295</ymin>
			<xmax>1300</xmax>
			<ymax>925</ymax>
		</bndbox>
	</object>
	<object>
		<name>ref_coin</name>
		<bndbox>
			<xmin>1907</xmin>
			<ymin>1475</ymin>
			<xmax>2156</xmax>
			<ymax>1735</ymax>
		</bndbox>
	</object>
	<object>
		<name>dish</name>
		<bndbox>
			<xmin>1527</xmin>
			<ymin>389</ymin>
			<xmax>2446</xmax>
			<ymax>1309</ymax>
		</bndbox>
	</object>
	<object>
		<name>오징어젓갈</name>
		<bndbox>
			<xmin>1764</xmin>
			<ymin>672</ymin>
			<xmax>2194</xmax>
			<ymax>1064</ymax>
		</bndbox>
	</object>
</annotation>