<annotation>
	<folder>side돌솥밥류돌솥알밥q5</folder>
	<filename>side_돌솥밥류_돌솥_알밥_Q5_00015.JPG</filename>
	<path>/side돌솥밥류돌솥알밥q5/side_돌솥밥류_돌솥_알밥_Q5_00015.JPG</path>
	<source>
		<database>fooddata</database>
	</source>
	<size>
		<width>720</width>
		<height>480</height>
		<depth>3</depth>
	</size>
	<object>
		<name>ref_spoon</name>
		<bndbox>
			<xmin>466</xmin>
			<ymin>166</ymin>
			<xmax>532</xmax>
			<ymax>281</ymax>
		</bndbox>
	</object>
	<object>
		<name>ref_fork</name>
		<bndbox>
			<xmin>569</xmin>
			<ymin>167</ymin>
			<xmax>621</xmax>
			<ymax>292</ymax>
		</bndbox>
	</object>
	<object>
		<name>ref_coin</name>
		<bndbox>
			<xmin>542</xmin>
			<ymin>125</ymin>
			<xmax>588</xmax>
			<ymax>160</ymax>
		</bndbox>
	</object>
	<object>
		<name>dish</name>
		<bndbox>
			<xmin>145</xmin>
			<ymin>153</ymin>
			<xmax>447</xmax>
			<ymax>414</ymax>
		</bndbox>
	</object>
	<object>
		<name>알밥</name>
		<bndbox>
			<xmin>174</xmin>
			<ymin>190</ymin>
			<xmax>421</xmax>
			<ymax>341</ymax>
		</bndbox>
	</object>
</annotation>