<annotation>
	<folder>side돌솥밥류돌솥알밥q5</folder>
	<filename>side_돌솥밥류_돌솥_알밥_Q5_00047.JPG</filename>
	<path>/side돌솥밥류돌솥알밥q5/side_돌솥밥류_돌솥_알밥_Q5_00047.JPG</path>
	<source>
		<database>fooddata</database>
	</source>
	<size>
		<width>720</width>
		<height>480</height>
		<depth>3</depth>
	</size>
	<object>
		<name>ref_spoon</name>
		<bndbox>
			<xmin>99</xmin>
			<ymin>176</ymin>
			<xmax>168</xmax>
			<ymax>301</ymax>
		</bndbox>
	</object>
	<object>
		<name>ref_fork</name>
		<bndbox>
			<xmin>198</xmin>
			<ymin>180</ymin>
			<xmax>243</xmax>
			<ymax>310</ymax>
		</bndbox>
	</object>
	<object>
		<name>ref_coin</name>
		<bndbox>
			<xmin>430</xmin>
			<ymin>77</ymin>
			<xmax>476</xmax>
			<ymax>108</ymax>
		</bndbox>
	</object>
	<object>
		<name>dish</name>
		<bndbox>
			<xmin>280</xmin>
			<ymin>124</ymin>
			<xmax>573</xmax>
			<ymax>374</ymax>
		</bndbox>
	</object>
	<object>
		<name>알밥</name>
		<bndbox>
			<xmin>309</xmin>
			<ymin>159</ymin>
			<xmax>548</xmax>
			<ymax>300</ymax>
		</bndbox>
	</object>
</annotation>