<annotation>
	<folder>side돌솥밥류돌솥알밥q5</folder>
	<filename>side_돌솥밥류_돌솥_알밥_Q5_00027.JPG</filename>
	<path>/side돌솥밥류돌솥알밥q5/side_돌솥밥류_돌솥_알밥_Q5_00027.JPG</path>
	<source>
		<database>fooddata</database>
	</source>
	<size>
		<width>720</width>
		<height>480</height>
		<depth>3</depth>
	</size>
	<object>
		<name>ref_spoon</name>
		<bndbox>
			<xmin>189</xmin>
			<ymin>416</ymin>
			<xmax>323</xmax>
			<ymax>475</ymax>
		</bndbox>
	</object>
	<object>
		<name>ref_fork</name>
		<bndbox>
			<xmin>213</xmin>
			<ymin>351</ymin>
			<xmax>355</xmax>
			<ymax>397</ymax>
		</bndbox>
	</object>
	<object>
		<name>ref_coin</name>
		<bndbox>
			<xmin>335</xmin>
			<ymin>46</ymin>
			<xmax>374</xmax>
			<ymax>74</ymax>
		</bndbox>
	</object>
	<object>
		<name>dish</name>
		<bndbox>
			<xmin>234</xmin>
			<ymin>101</ymin>
			<xmax>493</xmax>
			<ymax>324</ymax>
		</bndbox>
	</object>
	<object>
		<name>알밥</name>
		<bndbox>
			<xmin>263</xmin>
			<ymin>126</ymin>
			<xmax>470</xmax>
			<ymax>259</ymax>
		</bndbox>
	</object>
</annotation>