<annotation>
	<folder>side돌솥밥류돌솥알밥q5</folder>
	<filename>side_돌솥밥류_돌솥_알밥_Q5_00004.JPG</filename>
	<path>/side돌솥밥류돌솥알밥q5/side_돌솥밥류_돌솥_알밥_Q5_00004.JPG</path>
	<source>
		<database>fooddata</database>
	</source>
	<size>
		<width>720</width>
		<height>480</height>
		<depth>3</depth>
	</size>
	<object>
		<name>ref_spoon</name>
		<bndbox>
			<xmin>453</xmin>
			<ymin>107</ymin>
			<xmax>519</xmax>
			<ymax>222</ymax>
		</bndbox>
	</object>
	<object>
		<name>ref_fork</name>
		<bndbox>
			<xmin>556</xmin>
			<ymin>112</ymin>
			<xmax>604</xmax>
			<ymax>236</ymax>
		</bndbox>
	</object>
	<object>
		<name>ref_coin</name>
		<bndbox>
			<xmin>70</xmin>
			<ymin>327</ymin>
			<xmax>126</xmax>
			<ymax>371</ymax>
		</bndbox>
	</object>
	<object>
		<name>dish</name>
		<bndbox>
			<xmin>144</xmin>
			<ymin>90</ymin>
			<xmax>449</xmax>
			<ymax>353</ymax>
		</bndbox>
	</object>
	<object>
		<name>알밥</name>
		<bndbox>
			<xmin>175</xmin>
			<ymin>120</ymin>
			<xmax>415</xmax>
			<ymax>277</ymax>
		</bndbox>
	</object>
</annotation>