<annotation>
	<folder>side돌솥밥류돌솥알밥q5</folder>
	<filename>side_돌솥밥류_돌솥_알밥_Q5_00013.JPG</filename>
	<path>/side돌솥밥류돌솥알밥q5/side_돌솥밥류_돌솥_알밥_Q5_00013.JPG</path>
	<source>
		<database>fooddata</database>
	</source>
	<size>
		<width>720</width>
		<height>480</height>
		<depth>3</depth>
	</size>
	<object>
		<name>ref_spoon</name>
		<bndbox>
			<xmin>488</xmin>
			<ymin>156</ymin>
			<xmax>554</xmax>
			<ymax>274</ymax>
		</bndbox>
	</object>
	<object>
		<name>ref_fork</name>
		<bndbox>
			<xmin>592</xmin>
			<ymin>157</ymin>
			<xmax>644</xmax>
			<ymax>284</ymax>
		</bndbox>
	</object>
	<object>
		<name>ref_coin</name>
		<bndbox>
			<xmin>477</xmin>
			<ymin>112</ymin>
			<xmax>524</xmax>
			<ymax>146</ymax>
		</bndbox>
	</object>
	<object>
		<name>dish</name>
		<bndbox>
			<xmin>160</xmin>
			<ymin>142</ymin>
			<xmax>461</xmax>
			<ymax>405</ymax>
		</bndbox>
	</object>
	<object>
		<name>알밥</name>
		<bndbox>
			<xmin>191</xmin>
			<ymin>168</ymin>
			<xmax>431</xmax>
			<ymax>333</ymax>
		</bndbox>
	</object>
</annotation>