<annotation>
	<folder>side돌솥밥류돌솥알밥q5</folder>
	<filename>side_돌솥밥류_돌솥_알밥_Q5_00011.JPG</filename>
	<path>/side돌솥밥류돌솥알밥q5/side_돌솥밥류_돌솥_알밥_Q5_00011.JPG</path>
	<source>
		<database>fooddata</database>
	</source>
	<size>
		<width>720</width>
		<height>480</height>
		<depth>3</depth>
	</size>
	<object>
		<name>ref_spoon</name>
		<bndbox>
			<xmin>448</xmin>
			<ymin>143</ymin>
			<xmax>514</xmax>
			<ymax>253</ymax>
		</bndbox>
	</object>
	<object>
		<name>ref_fork</name>
		<bndbox>
			<xmin>552</xmin>
			<ymin>143</ymin>
			<xmax>603</xmax>
			<ymax>264</ymax>
		</bndbox>
	</object>
	<object>
		<name>ref_coin</name>
		<bndbox>
			<xmin>321</xmin>
			<ymin>68</ymin>
			<xmax>367</xmax>
			<ymax>102</ymax>
		</bndbox>
	</object>
	<object>
		<name>dish</name>
		<bndbox>
			<xmin>124</xmin>
			<ymin>137</ymin>
			<xmax>426</xmax>
			<ymax>401</ymax>
		</bndbox>
	</object>
	<object>
		<name>알밥</name>
		<bndbox>
			<xmin>154</xmin>
			<ymin>158</ymin>
			<xmax>397</xmax>
			<ymax>326</ymax>
		</bndbox>
	</object>
</annotation>