<annotation>
	<folder>side돌솥밥류돌솥알밥q5</folder>
	<filename>side_돌솥밥류_돌솥_알밥_Q5_00009.JPG</filename>
	<path>/side돌솥밥류돌솥알밥q5/side_돌솥밥류_돌솥_알밥_Q5_00009.JPG</path>
	<source>
		<database>fooddata</database>
	</source>
	<size>
		<width>720</width>
		<height>480</height>
		<depth>3</depth>
	</size>
	<object>
		<name>ref_spoon</name>
		<bndbox>
			<xmin>457</xmin>
			<ymin>153</ymin>
			<xmax>527</xmax>
			<ymax>272</ymax>
		</bndbox>
	</object>
	<object>
		<name>ref_fork</name>
		<bndbox>
			<xmin>568</xmin>
			<ymin>158</ymin>
			<xmax>621</xmax>
			<ymax>295</ymax>
		</bndbox>
	</object>
	<object>
		<name>ref_coin</name>
		<bndbox>
			<xmin>220</xmin>
			<ymin>64</ymin>
			<xmax>269</xmax>
			<ymax>99</ymax>
		</bndbox>
	</object>
	<object>
		<name>dish</name>
		<bndbox>
			<xmin>122</xmin>
			<ymin>141</ymin>
			<xmax>453</xmax>
			<ymax>424</ymax>
		</bndbox>
	</object>
	<object>
		<name>알밥</name>
		<bndbox>
			<xmin>153</xmin>
			<ymin>160</ymin>
			<xmax>418</xmax>
			<ymax>343</ymax>
		</bndbox>
	</object>
</annotation>