<annotation>
	<folder>side돌솥밥류돌솥알밥q5</folder>
	<filename>side_돌솥밥류_돌솥_알밥_Q5_00055.JPG</filename>
	<path>/side돌솥밥류돌솥알밥q5/side_돌솥밥류_돌솥_알밥_Q5_00055.JPG</path>
	<source>
		<database>fooddata</database>
	</source>
	<size>
		<width>720</width>
		<height>480</height>
		<depth>3</depth>
	</size>
	<object>
		<name>ref_spoon</name>
		<bndbox>
			<xmin>202</xmin>
			<ymin>162</ymin>
			<xmax>266</xmax>
			<ymax>270</ymax>
		</bndbox>
	</object>
	<object>
		<name>ref_fork</name>
		<bndbox>
			<xmin>293</xmin>
			<ymin>162</ymin>
			<xmax>336</xmax>
			<ymax>280</ymax>
		</bndbox>
	</object>
	<object>
		<name>ref_coin</name>
		<bndbox>
			<xmin>470</xmin>
			<ymin>405</ymin>
			<xmax>521</xmax>
			<ymax>447</ymax>
		</bndbox>
	</object>
	<object>
		<name>dish</name>
		<bndbox>
			<xmin>345</xmin>
			<ymin>94</ymin>
			<xmax>623</xmax>
			<ymax>330</ymax>
		</bndbox>
	</object>
	<object>
		<name>알밥</name>
		<bndbox>
			<xmin>371</xmin>
			<ymin>113</ymin>
			<xmax>597</xmax>
			<ymax>261</ymax>
		</bndbox>
	</object>
</annotation>