<annotation>
	<folder>side돌솥밥류돌솥알밥q5</folder>
	<filename>side_돌솥밥류_돌솥_알밥_Q5_00038.JPG</filename>
	<path>/side돌솥밥류돌솥알밥q5/side_돌솥밥류_돌솥_알밥_Q5_00038.JPG</path>
	<source>
		<database>fooddata</database>
	</source>
	<size>
		<width>720</width>
		<height>480</height>
		<depth>3</depth>
	</size>
	<object>
		<name>ref_spoon</name>
		<bndbox>
			<xmin>131</xmin>
			<ymin>123</ymin>
			<xmax>198</xmax>
			<ymax>236</ymax>
		</bndbox>
	</object>
	<object>
		<name>ref_fork</name>
		<bndbox>
			<xmin>227</xmin>
			<ymin>126</ymin>
			<xmax>272</xmax>
			<ymax>256</ymax>
		</bndbox>
	</object>
	<object>
		<name>ref_coin</name>
		<bndbox>
			<xmin>379</xmin>
			<ymin>385</ymin>
			<xmax>433</xmax>
			<ymax>430</ymax>
		</bndbox>
	</object>
	<object>
		<name>dish</name>
		<bndbox>
			<xmin>299</xmin>
			<ymin>75</ymin>
			<xmax>597</xmax>
			<ymax>330</ymax>
		</bndbox>
	</object>
	<object>
		<name>알밥</name>
		<bndbox>
			<xmin>329</xmin>
			<ymin>100</ymin>
			<xmax>571</xmax>
			<ymax>254</ymax>
		</bndbox>
	</object>
</annotation>