<annotation>
	<folder>top돌솥밥류돌솥알밥q5</folder>
	<filename>top_돌솥밥류_돌솥_알밥_Q5_00041.JPG</filename>
	<path>/top돌솥밥류돌솥알밥q5/top_돌솥밥류_돌솥_알밥_Q5_00041.JPG</path>
	<source>
		<database>fooddata</database>
	</source>
	<size>
		<width>5472</width>
		<height>3648</height>
		<depth>3</depth>
	</size>
	<object>
		<name>ref_spoon</name>
		<bndbox>
			<xmin>1555</xmin>
			<ymin>2120</ymin>
			<xmax>2331</xmax>
			<ymax>2583</ymax>
		</bndbox>
	</object>
	<object>
		<name>ref_fork</name>
		<bndbox>
			<xmin>1599</xmin>
			<ymin>2809</ymin>
			<xmax>2461</xmax>
			<ymax>3128</ymax>
		</bndbox>
	</object>
	<object>
		<name>ref_coin</name>
		<bndbox>
			<xmin>3873</xmin>
			<ymin>554</ymin>
			<xmax>4196</xmax>
			<ymax>863</ymax>
		</bndbox>
	</object>
	<object>
		<name>dish</name>
		<bndbox>
			<xmin>1936</xmin>
			<ymin>246</ymin>
			<xmax>3907</xmax>
			<ymax>2164</ymax>
		</bndbox>
	</object>
	<object>
		<name>알밥</name>
		<bndbox>
			<xmin>2153</xmin>
			<ymin>439</ymin>
			<xmax>3705</xmax>
			<ymax>1928</ymax>
		</bndbox>
	</object>
</annotation>