<annotation>
	<folder>top돌솥밥류돌솥알밥q5</folder>
	<filename>top_돌솥밥류_돌솥_알밥_Q5_00036.JPG</filename>
	<path>/top돌솥밥류돌솥알밥q5/top_돌솥밥류_돌솥_알밥_Q5_00036.JPG</path>
	<source>
		<database>fooddata</database>
	</source>
	<size>
		<width>5472</width>
		<height>3648</height>
		<depth>3</depth>
	</size>
	<object>
		<name>ref_spoon</name>
		<bndbox>
			<xmin>1517</xmin>
			<ymin>2308</ymin>
			<xmax>2365</xmax>
			<ymax>2824</ymax>
		</bndbox>
	</object>
	<object>
		<name>ref_fork</name>
		<bndbox>
			<xmin>1604</xmin>
			<ymin>3065</ymin>
			<xmax>2558</xmax>
			<ymax>3422</ymax>
		</bndbox>
	</object>
	<object>
		<name>ref_coin</name>
		<bndbox>
			<xmin>1502</xmin>
			<ymin>636</ymin>
			<xmax>1854</xmax>
			<ymax>978</ymax>
		</bndbox>
	</object>
	<object>
		<name>dish</name>
		<bndbox>
			<xmin>2018</xmin>
			<ymin>92</ymin>
			<xmax>4211</xmax>
			<ymax>2255</ymax>
		</bndbox>
	</object>
	<object>
		<name>알밥</name>
		<bndbox>
			<xmin>2244</xmin>
			<ymin>342</ymin>
			<xmax>3979</xmax>
			<ymax>1990</ymax>
		</bndbox>
	</object>
</annotation>