<annotation>
	<folder>top돌솥밥류돌솥알밥q5</folder>
	<filename>top_돌솥밥류_돌솥_알밥_Q5_00025.JPG</filename>
	<path>/top돌솥밥류돌솥알밥q5/top_돌솥밥류_돌솥_알밥_Q5_00025.JPG</path>
	<source>
		<database>fooddata</database>
	</source>
	<size>
		<width>5472</width>
		<height>3648</height>
		<depth>3</depth>
	</size>
	<object>
		<name>ref_spoon</name>
		<bndbox>
			<xmin>1232</xmin>
			<ymin>2920</ymin>
			<xmax>2100</xmax>
			<ymax>3446</ymax>
		</bndbox>
	</object>
	<object>
		<name>ref_fork</name>
		<bndbox>
			<xmin>1382</xmin>
			<ymin>2318</ymin>
			<xmax>2312</xmax>
			<ymax>2650</ymax>
		</bndbox>
	</object>
	<object>
		<name>ref_coin</name>
		<bndbox>
			<xmin>3656</xmin>
			<ymin>424</ymin>
			<xmax>3994</xmax>
			<ymax>752</ymax>
		</bndbox>
	</object>
	<object>
		<name>dish</name>
		<bndbox>
			<xmin>1575</xmin>
			<ymin>173</ymin>
			<xmax>3695</xmax>
			<ymax>2217</ymax>
		</bndbox>
	</object>
	<object>
		<name>알밥</name>
		<bndbox>
			<xmin>1787</xmin>
			<ymin>371</ymin>
			<xmax>3464</xmax>
			<ymax>1961</ymax>
		</bndbox>
	</object>
</annotation>