<annotation>
	<folder>top돌솥밥류돌솥알밥q5</folder>
	<filename>top_돌솥밥류_돌솥_알밥_Q5_00050.JPG</filename>
	<path>/top돌솥밥류돌솥알밥q5/top_돌솥밥류_돌솥_알밥_Q5_00050.JPG</path>
	<source>
		<database>fooddata</database>
	</source>
	<size>
		<width>5472</width>
		<height>3648</height>
		<depth>3</depth>
	</size>
	<object>
		<name>ref_spoon</name>
		<bndbox>
			<xmin>1714</xmin>
			<ymin>2434</ymin>
			<xmax>2437</xmax>
			<ymax>2882</ymax>
		</bndbox>
	</object>
	<object>
		<name>ref_fork</name>
		<bndbox>
			<xmin>1816</xmin>
			<ymin>3060</ymin>
			<xmax>2630</xmax>
			<ymax>3373</ymax>
		</bndbox>
	</object>
	<object>
		<name>ref_coin</name>
		<bndbox>
			<xmin>3584</xmin>
			<ymin>448</ymin>
			<xmax>3888</xmax>
			<ymax>737</ymax>
		</bndbox>
	</object>
	<object>
		<name>dish</name>
		<bndbox>
			<xmin>1835</xmin>
			<ymin>612</ymin>
			<xmax>3700</xmax>
			<ymax>2467</ymax>
		</bndbox>
	</object>
	<object>
		<name>알밥</name>
		<bndbox>
			<xmin>2028</xmin>
			<ymin>790</ymin>
			<xmax>3459</xmax>
			<ymax>2260</ymax>
		</bndbox>
	</object>
</annotation>