<annotation>
	<folder>top돌솥밥류돌솥알밥q5</folder>
	<filename>top_돌솥밥류_돌솥_알밥_Q5_00049.JPG</filename>
	<path>/top돌솥밥류돌솥알밥q5/top_돌솥밥류_돌솥_알밥_Q5_00049.JPG</path>
	<source>
		<database>fooddata</database>
	</source>
	<size>
		<width>5472</width>
		<height>3648</height>
		<depth>3</depth>
	</size>
	<object>
		<name>ref_spoon</name>
		<bndbox>
			<xmin>1719</xmin>
			<ymin>2458</ymin>
			<xmax>2452</xmax>
			<ymax>2896</ymax>
		</bndbox>
	</object>
	<object>
		<name>ref_fork</name>
		<bndbox>
			<xmin>1820</xmin>
			<ymin>3084</ymin>
			<xmax>2640</xmax>
			<ymax>3402</ymax>
		</bndbox>
	</object>
	<object>
		<name>ref_coin</name>
		<bndbox>
			<xmin>3117</xmin>
			<ymin>231</ymin>
			<xmax>3415</xmax>
			<ymax>520</ymax>
		</bndbox>
	</object>
	<object>
		<name>dish</name>
		<bndbox>
			<xmin>1844</xmin>
			<ymin>665</ymin>
			<xmax>3714</xmax>
			<ymax>2516</ymax>
		</bndbox>
	</object>
	<object>
		<name>알밥</name>
		<bndbox>
			<xmin>2057</xmin>
			<ymin>843</ymin>
			<xmax>3483</xmax>
			<ymax>2303</ymax>
		</bndbox>
	</object>
</annotation>