<annotation>
	<folder>top돌솥밥류돌솥알밥q5</folder>
	<filename>top_돌솥밥류_돌솥_알밥_Q5_00035.JPG</filename>
	<path>/top돌솥밥류돌솥알밥q5/top_돌솥밥류_돌솥_알밥_Q5_00035.JPG</path>
	<source>
		<database>fooddata</database>
	</source>
	<size>
		<width>5472</width>
		<height>3648</height>
		<depth>3</depth>
	</size>
	<object>
		<name>ref_spoon</name>
		<bndbox>
			<xmin>1599</xmin>
			<ymin>2337</ymin>
			<xmax>2456</xmax>
			<ymax>2858</ymax>
		</bndbox>
	</object>
	<object>
		<name>ref_fork</name>
		<bndbox>
			<xmin>1690</xmin>
			<ymin>3099</ymin>
			<xmax>2635</xmax>
			<ymax>3450</ymax>
		</bndbox>
	</object>
	<object>
		<name>ref_coin</name>
		<bndbox>
			<xmin>1473</xmin>
			<ymin>1075</ymin>
			<xmax>1820</xmax>
			<ymax>1426</ymax>
		</bndbox>
	</object>
	<object>
		<name>dish</name>
		<bndbox>
			<xmin>2105</xmin>
			<ymin>140</ymin>
			<xmax>4288</xmax>
			<ymax>2275</ymax>
		</bndbox>
	</object>
	<object>
		<name>알밥</name>
		<bndbox>
			<xmin>2317</xmin>
			<ymin>381</ymin>
			<xmax>4052</xmax>
			<ymax>2019</ymax>
		</bndbox>
	</object>
</annotation>