<annotation>
	<folder>top돌솥밥류돌솥알밥q5</folder>
	<filename>top_돌솥밥류_돌솥_알밥_Q5_00018.JPG</filename>
	<path>/top돌솥밥류돌솥알밥q5/top_돌솥밥류_돌솥_알밥_Q5_00018.JPG</path>
	<source>
		<database>fooddata</database>
	</source>
	<size>
		<width>5472</width>
		<height>3648</height>
		<depth>3</depth>
	</size>
	<object>
		<name>ref_spoon</name>
		<bndbox>
			<xmin>1420</xmin>
			<ymin>2887</ymin>
			<xmax>2230</xmax>
			<ymax>3368</ymax>
		</bndbox>
	</object>
	<object>
		<name>ref_fork</name>
		<bndbox>
			<xmin>1575</xmin>
			<ymin>2342</ymin>
			<xmax>2418</xmax>
			<ymax>2646</ymax>
		</bndbox>
	</object>
	<object>
		<name>ref_coin</name>
		<bndbox>
			<xmin>1348</xmin>
			<ymin>1687</ymin>
			<xmax>1685</xmax>
			<ymax>2010</ymax>
		</bndbox>
	</object>
	<object>
		<name>dish</name>
		<bndbox>
			<xmin>1796</xmin>
			<ymin>328</ymin>
			<xmax>3748</xmax>
			<ymax>2202</ymax>
		</bndbox>
	</object>
	<object>
		<name>알밥</name>
		<bndbox>
			<xmin>2018</xmin>
			<ymin>520</ymin>
			<xmax>3488</xmax>
			<ymax>1952</ymax>
		</bndbox>
	</object>
</annotation>