<annotation>
	<folder>top돌솥밥류돌솥알밥q5</folder>
	<filename>top_돌솥밥류_돌솥_알밥_Q5_00011.JPG</filename>
	<path>/top돌솥밥류돌솥알밥q5/top_돌솥밥류_돌솥_알밥_Q5_00011.JPG</path>
	<source>
		<database>fooddata</database>
	</source>
	<size>
		<width>5472</width>
		<height>3648</height>
		<depth>3</depth>
	</size>
	<object>
		<name>ref_spoon</name>
		<bndbox>
			<xmin>3719</xmin>
			<ymin>520</ymin>
			<xmax>4240</xmax>
			<ymax>1364</ymax>
		</bndbox>
	</object>
	<object>
		<name>ref_fork</name>
		<bndbox>
			<xmin>4384</xmin>
			<ymin>694</ymin>
			<xmax>4779</xmax>
			<ymax>1667</ymax>
		</bndbox>
	</object>
	<object>
		<name>ref_coin</name>
		<bndbox>
			<xmin>2461</xmin>
			<ymin>405</ymin>
			<xmax>2823</xmax>
			<ymax>761</ymax>
		</bndbox>
	</object>
	<object>
		<name>dish</name>
		<bndbox>
			<xmin>654</xmin>
			<ymin>747</ymin>
			<xmax>3011</xmax>
			<ymax>3050</ymax>
		</bndbox>
	</object>
	<object>
		<name>알밥</name>
		<bndbox>
			<xmin>852</xmin>
			<ymin>925</ymin>
			<xmax>2731</xmax>
			<ymax>2795</ymax>
		</bndbox>
	</object>
</annotation>