<annotation>
	<folder>side건더기국류냄비꽃게탕q4</folder>
	<filename>side_건더기국류_냄비_꽃게탕_Q4_00027.JPG</filename>
	<path>/side건더기국류냄비꽃게탕q4/side_건더기국류_냄비_꽃게탕_Q4_00027.JPG</path>
	<source>
		<database>fooddata</database>
	</source>
	<size>
		<width>3008</width>
		<height>2000</height>
		<depth>3</depth>
	</size>
	<object>
		<name>ref_spoon</name>
		<bndbox>
			<xmin>588</xmin>
			<ymin>1705</ymin>
			<xmax>1014</xmax>
			<ymax>1942</ymax>
		</bndbox>
	</object>
	<object>
		<name>ref_fork</name>
		<bndbox>
			<xmin>603</xmin>
			<ymin>1449</ymin>
			<xmax>1120</xmax>
			<ymax>1682</ymax>
		</bndbox>
	</object>
	<object>
		<name>ref_coin</name>
		<bndbox>
			<xmin>2201</xmin>
			<ymin>551</ymin>
			<xmax>2386</xmax>
			<ymax>672</ymax>
		</bndbox>
	</object>
	<object>
		<name>dish</name>
		<bndbox>
			<xmin>633</xmin>
			<ymin>337</ymin>
			<xmax>1990</xmax>
			<ymax>1317</ymax>
		</bndbox>
	</object>
	<object>
		<name>꽃게탕</name>
		<bndbox>
			<xmin>724</xmin>
			<ymin>502</ymin>
			<xmax>1896</xmax>
			<ymax>1192</ymax>
		</bndbox>
	</object>
</annotation>