<annotation>
	<folder>side건더기국류냄비꽃게탕q4</folder>
	<filename>side_건더기국류_냄비_꽃게탕_Q4_00042.JPG</filename>
	<path>/side건더기국류냄비꽃게탕q4/side_건더기국류_냄비_꽃게탕_Q4_00042.JPG</path>
	<source>
		<database>fooddata</database>
	</source>
	<size>
		<width>3008</width>
		<height>2000</height>
		<depth>3</depth>
	</size>
	<object>
		<name>ref_spoon</name>
		<bndbox>
			<xmin>724</xmin>
			<ymin>631</ymin>
			<xmax>991</xmax>
			<ymax>955</ymax>
		</bndbox>
	</object>
	<object>
		<name>ref_fork</name>
		<bndbox>
			<xmin>452</xmin>
			<ymin>680</ymin>
			<xmax>633</xmax>
			<ymax>1053</ymax>
		</bndbox>
	</object>
	<object>
		<name>ref_coin</name>
		<bndbox>
			<xmin>2669</xmin>
			<ymin>891</ymin>
			<xmax>2884</xmax>
			<ymax>1038</ymax>
		</bndbox>
	</object>
	<object>
		<name>dish</name>
		<bndbox>
			<xmin>999</xmin>
			<ymin>382</ymin>
			<xmax>2409</xmax>
			<ymax>1396</ymax>
		</bndbox>
	</object>
	<object>
		<name>꽃게탕</name>
		<bndbox>
			<xmin>1101</xmin>
			<ymin>461</ymin>
			<xmax>2322</xmax>
			<ymax>1264</ymax>
		</bndbox>
	</object>
</annotation>