<annotation>
	<folder>side건더기국류냄비꽃게탕q4</folder>
	<filename>side_건더기국류_냄비_꽃게탕_Q4_00046.JPG</filename>
	<path>/side건더기국류냄비꽃게탕q4/side_건더기국류_냄비_꽃게탕_Q4_00046.JPG</path>
	<source>
		<database>fooddata</database>
	</source>
	<size>
		<width>3008</width>
		<height>2000</height>
		<depth>3</depth>
	</size>
	<object>
		<name>ref_spoon</name>
		<bndbox>
			<xmin>528</xmin>
			<ymin>879</ymin>
			<xmax>784</xmax>
			<ymax>1200</ymax>
		</bndbox>
	</object>
	<object>
		<name>ref_fork</name>
		<bndbox>
			<xmin>245</xmin>
			<ymin>921</ymin>
			<xmax>430</xmax>
			<ymax>1309</ymax>
		</bndbox>
	</object>
	<object>
		<name>ref_coin</name>
		<bndbox>
			<xmin>1059</xmin>
			<ymin>683</ymin>
			<xmax>1236</xmax>
			<ymax>804</ymax>
		</bndbox>
	</object>
	<object>
		<name>dish</name>
		<bndbox>
			<xmin>980</xmin>
			<ymin>721</ymin>
			<xmax>2428</xmax>
			<ymax>1773</ymax>
		</bndbox>
	</object>
	<object>
		<name>꽃게탕</name>
		<bndbox>
			<xmin>1086</xmin>
			<ymin>868</ymin>
			<xmax>2337</xmax>
			<ymax>1641</ymax>
		</bndbox>
	</object>
</annotation>