<annotation>
	<folder>side건더기국류냄비꽃게탕q4</folder>
	<filename>side_건더기국류_냄비_꽃게탕_Q4_00004.JPG</filename>
	<path>/side건더기국류냄비꽃게탕q4/side_건더기국류_냄비_꽃게탕_Q4_00004.JPG</path>
	<source>
		<database>fooddata</database>
	</source>
	<size>
		<width>3008</width>
		<height>2000</height>
		<depth>3</depth>
	</size>
	<object>
		<name>ref_spoon</name>
		<bndbox>
			<xmin>2194</xmin>
			<ymin>567</ymin>
			<xmax>2443</xmax>
			<ymax>894</ymax>
		</bndbox>
	</object>
	<object>
		<name>ref_fork</name>
		<bndbox>
			<xmin>2533</xmin>
			<ymin>551</ymin>
			<xmax>2740</xmax>
			<ymax>940</ymax>
		</bndbox>
	</object>
	<object>
		<name>ref_coin</name>
		<bndbox>
			<xmin>622</xmin>
			<ymin>1660</ymin>
			<xmax>844</xmax>
			<ymax>1818</ymax>
		</bndbox>
	</object>
	<object>
		<name>dish</name>
		<bndbox>
			<xmin>509</xmin>
			<ymin>457</ymin>
			<xmax>1941</xmax>
			<ymax>1501</ymax>
		</bndbox>
	</object>
	<object>
		<name>꽃게탕</name>
		<bndbox>
			<xmin>614</xmin>
			<ymin>600</ymin>
			<xmax>1866</xmax>
			<ymax>1366</ymax>
		</bndbox>
	</object>
</annotation>