<annotation>
	<folder>side건더기국류냄비꽃게탕q4</folder>
	<filename>side_건더기국류_냄비_꽃게탕_Q4_00028.JPG</filename>
	<path>/side건더기국류냄비꽃게탕q4/side_건더기국류_냄비_꽃게탕_Q4_00028.JPG</path>
	<source>
		<database>fooddata</database>
	</source>
	<size>
		<width>3008</width>
		<height>2000</height>
		<depth>3</depth>
	</size>
	<object>
		<name>ref_spoon</name>
		<bndbox>
			<xmin>637</xmin>
			<ymin>1633</ymin>
			<xmax>1078</xmax>
			<ymax>1875</ymax>
		</bndbox>
	</object>
	<object>
		<name>ref_fork</name>
		<bndbox>
			<xmin>675</xmin>
			<ymin>1381</ymin>
			<xmax>1161</xmax>
			<ymax>1618</ymax>
		</bndbox>
	</object>
	<object>
		<name>ref_coin</name>
		<bndbox>
			<xmin>2311</xmin>
			<ymin>819</ymin>
			<xmax>2488</xmax>
			<ymax>943</ymax>
		</bndbox>
	</object>
	<object>
		<name>dish</name>
		<bndbox>
			<xmin>690</xmin>
			<ymin>299</ymin>
			<xmax>2035</xmax>
			<ymax>1264</ymax>
		</bndbox>
	</object>
	<object>
		<name>꽃게탕</name>
		<bndbox>
			<xmin>780</xmin>
			<ymin>491</ymin>
			<xmax>1949</xmax>
			<ymax>1124</ymax>
		</bndbox>
	</object>
</annotation>