<annotation>
	<folder>side건더기국류냄비꽃게탕q4</folder>
	<filename>side_건더기국류_냄비_꽃게탕_Q4_00043.JPG</filename>
	<path>/side건더기국류냄비꽃게탕q4/side_건더기국류_냄비_꽃게탕_Q4_00043.JPG</path>
	<source>
		<database>fooddata</database>
	</source>
	<size>
		<width>3008</width>
		<height>2000</height>
		<depth>3</depth>
	</size>
	<object>
		<name>ref_spoon</name>
		<bndbox>
			<xmin>739</xmin>
			<ymin>781</ymin>
			<xmax>995</xmax>
			<ymax>1113</ymax>
		</bndbox>
	</object>
	<object>
		<name>ref_fork</name>
		<bndbox>
			<xmin>452</xmin>
			<ymin>823</ymin>
			<xmax>633</xmax>
			<ymax>1185</ymax>
		</bndbox>
	</object>
	<object>
		<name>ref_coin</name>
		<bndbox>
			<xmin>2635</xmin>
			<ymin>959</ymin>
			<xmax>2835</xmax>
			<ymax>1094</ymax>
		</bndbox>
	</object>
	<object>
		<name>dish</name>
		<bndbox>
			<xmin>1006</xmin>
			<ymin>582</ymin>
			<xmax>2424</xmax>
			<ymax>1592</ymax>
		</bndbox>
	</object>
	<object>
		<name>꽃게탕</name>
		<bndbox>
			<xmin>1086</xmin>
			<ymin>638</ymin>
			<xmax>2307</xmax>
			<ymax>1464</ymax>
		</bndbox>
	</object>
</annotation>