<annotation>
	<folder>side건더기국류냄비꽃게탕q4</folder>
	<filename>side_건더기국류_냄비_꽃게탕_Q4_00053.JPG</filename>
	<path>/side건더기국류냄비꽃게탕q4/side_건더기국류_냄비_꽃게탕_Q4_00053.JPG</path>
	<source>
		<database>fooddata</database>
	</source>
	<size>
		<width>3008</width>
		<height>2000</height>
		<depth>3</depth>
	</size>
	<object>
		<name>ref_spoon</name>
		<bndbox>
			<xmin>467</xmin>
			<ymin>646</ymin>
			<xmax>724</xmax>
			<ymax>970</ymax>
		</bndbox>
	</object>
	<object>
		<name>ref_fork</name>
		<bndbox>
			<xmin>188</xmin>
			<ymin>717</ymin>
			<xmax>381</xmax>
			<ymax>1102</ymax>
		</bndbox>
	</object>
	<object>
		<name>ref_coin</name>
		<bndbox>
			<xmin>1025</xmin>
			<ymin>1750</ymin>
			<xmax>1251</xmax>
			<ymax>1924</ymax>
		</bndbox>
	</object>
	<object>
		<name>dish</name>
		<bndbox>
			<xmin>1116</xmin>
			<ymin>352</ymin>
			<xmax>2571</xmax>
			<ymax>1411</ymax>
		</bndbox>
	</object>
	<object>
		<name>꽃게탕</name>
		<bndbox>
			<xmin>1180</xmin>
			<ymin>476</ymin>
			<xmax>2480</xmax>
			<ymax>1264</ymax>
		</bndbox>
	</object>
</annotation>