<annotation>
	<folder>side건더기국류냄비꽃게탕q4</folder>
	<filename>side_건더기국류_냄비_꽃게탕_Q4_00039.JPG</filename>
	<path>/side건더기국류냄비꽃게탕q4/side_건더기국류_냄비_꽃게탕_Q4_00039.JPG</path>
	<source>
		<database>fooddata</database>
	</source>
	<size>
		<width>3008</width>
		<height>2000</height>
		<depth>3</depth>
	</size>
	<object>
		<name>ref_spoon</name>
		<bndbox>
			<xmin>633</xmin>
			<ymin>612</ymin>
			<xmax>886</xmax>
			<ymax>959</ymax>
		</bndbox>
	</object>
	<object>
		<name>ref_fork</name>
		<bndbox>
			<xmin>343</xmin>
			<ymin>646</ymin>
			<xmax>524</xmax>
			<ymax>1038</ymax>
		</bndbox>
	</object>
	<object>
		<name>ref_coin</name>
		<bndbox>
			<xmin>2356</xmin>
			<ymin>1562</ymin>
			<xmax>2575</xmax>
			<ymax>1735</ymax>
		</bndbox>
	</object>
	<object>
		<name>dish</name>
		<bndbox>
			<xmin>890</xmin>
			<ymin>393</ymin>
			<xmax>2307</xmax>
			<ymax>1415</ymax>
		</bndbox>
	</object>
	<object>
		<name>꽃게탕</name>
		<bndbox>
			<xmin>995</xmin>
			<ymin>536</ymin>
			<xmax>2216</xmax>
			<ymax>1294</ymax>
		</bndbox>
	</object>
</annotation>