<annotation>
	<folder>side건더기국류냄비꽃게탕q4</folder>
	<filename>side_건더기국류_냄비_꽃게탕_Q4_00038.JPG</filename>
	<path>/side건더기국류냄비꽃게탕q4/side_건더기국류_냄비_꽃게탕_Q4_00038.JPG</path>
	<source>
		<database>fooddata</database>
	</source>
	<size>
		<width>3008</width>
		<height>2000</height>
		<depth>3</depth>
	</size>
	<object>
		<name>ref_spoon</name>
		<bndbox>
			<xmin>671</xmin>
			<ymin>540</ymin>
			<xmax>935</xmax>
			<ymax>868</ymax>
		</bndbox>
	</object>
	<object>
		<name>ref_fork</name>
		<bndbox>
			<xmin>384</xmin>
			<ymin>574</ymin>
			<xmax>577</xmax>
			<ymax>951</ymax>
		</bndbox>
	</object>
	<object>
		<name>ref_coin</name>
		<bndbox>
			<xmin>2141</xmin>
			<ymin>1652</ymin>
			<xmax>2371</xmax>
			<ymax>1822</ymax>
		</bndbox>
	</object>
	<object>
		<name>dish</name>
		<bndbox>
			<xmin>935</xmin>
			<ymin>333</ymin>
			<xmax>2352</xmax>
			<ymax>1366</ymax>
		</bndbox>
	</object>
	<object>
		<name>꽃게탕</name>
		<bndbox>
			<xmin>1055</xmin>
			<ymin>536</ymin>
			<xmax>2247</xmax>
			<ymax>1230</ymax>
		</bndbox>
	</object>
</annotation>