<annotation>
	<folder>side건더기국류냄비꽃게탕q4</folder>
	<filename>side_건더기국류_냄비_꽃게탕_Q4_00015.JPG</filename>
	<path>/side건더기국류냄비꽃게탕q4/side_건더기국류_냄비_꽃게탕_Q4_00015.JPG</path>
	<source>
		<database>fooddata</database>
	</source>
	<size>
		<width>3008</width>
		<height>2000</height>
		<depth>3</depth>
	</size>
	<object>
		<name>ref_spoon</name>
		<bndbox>
			<xmin>2069</xmin>
			<ymin>536</ymin>
			<xmax>2333</xmax>
			<ymax>857</ymax>
		</bndbox>
	</object>
	<object>
		<name>ref_fork</name>
		<bndbox>
			<xmin>2416</xmin>
			<ymin>495</ymin>
			<xmax>2627</xmax>
			<ymax>868</ymax>
		</bndbox>
	</object>
	<object>
		<name>ref_coin</name>
		<bndbox>
			<xmin>1387</xmin>
			<ymin>1614</ymin>
			<xmax>1613</xmax>
			<ymax>1769</ymax>
		</bndbox>
	</object>
	<object>
		<name>dish</name>
		<bndbox>
			<xmin>283</xmin>
			<ymin>435</ymin>
			<xmax>1726</xmax>
			<ymax>1479</ymax>
		</bndbox>
	</object>
	<object>
		<name>꽃게탕</name>
		<bndbox>
			<xmin>407</xmin>
			<ymin>544</ymin>
			<xmax>1632</xmax>
			<ymax>1335</ymax>
		</bndbox>
	</object>
</annotation>