<annotation>
	<folder>top건더기국류냄비꽃게탕q4</folder>
	<filename>top_건더기국류_냄비_꽃게탕_Q4_00017.JPG</filename>
	<path>/top건더기국류냄비꽃게탕q4/top_건더기국류_냄비_꽃게탕_Q4_00017.JPG</path>
	<source>
		<database>fooddata</database>
	</source>
	<size>
		<width>3008</width>
		<height>2000</height>
		<depth>3</depth>
	</size>
	<object>
		<name>ref_spoon</name>
		<bndbox>
			<xmin>651</xmin>
			<ymin>1241</ymin>
			<xmax>1018</xmax>
			<ymax>1491</ymax>
		</bndbox>
	</object>
	<object>
		<name>ref_fork</name>
		<bndbox>
			<xmin>583</xmin>
			<ymin>1570</ymin>
			<xmax>1003</xmax>
			<ymax>1759</ymax>
		</bndbox>
	</object>
	<object>
		<name>ref_coin</name>
		<bndbox>
			<xmin>1963</xmin>
			<ymin>1275</ymin>
			<xmax>2138</xmax>
			<ymax>1452</ymax>
		</bndbox>
	</object>
	<object>
		<name>dish</name>
		<bndbox>
			<xmin>823</xmin>
			<ymin>91</ymin>
			<xmax>2081</xmax>
			<ymax>1314</ymax>
		</bndbox>
	</object>
	<object>
		<name>꽃게탕</name>
		<bndbox>
			<xmin>922</xmin>
			<ymin>214</ymin>
			<xmax>1993</xmax>
			<ymax>1260</ymax>
		</bndbox>
	</object>
</annotation>