<annotation>
	<folder>top건더기국류냄비꽃게탕q4</folder>
	<filename>top_건더기국류_냄비_꽃게탕_Q4_00015.JPG</filename>
	<path>/top건더기국류냄비꽃게탕q4/top_건더기국류_냄비_꽃게탕_Q4_00015.JPG</path>
	<source>
		<database>fooddata</database>
	</source>
	<size>
		<width>3008</width>
		<height>2000</height>
		<depth>3</depth>
	</size>
	<object>
		<name>ref_spoon</name>
		<bndbox>
			<xmin>2072</xmin>
			<ymin>550</ymin>
			<xmax>2305</xmax>
			<ymax>902</ymax>
		</bndbox>
	</object>
	<object>
		<name>ref_fork</name>
		<bndbox>
			<xmin>2325</xmin>
			<ymin>619</ymin>
			<xmax>2521</xmax>
			<ymax>1002</ymax>
		</bndbox>
	</object>
	<object>
		<name>ref_coin</name>
		<bndbox>
			<xmin>1715</xmin>
			<ymin>1253</ymin>
			<xmax>1890</xmax>
			<ymax>1423</ymax>
		</bndbox>
	</object>
	<object>
		<name>dish</name>
		<bndbox>
			<xmin>369</xmin>
			<ymin>378</ymin>
			<xmax>1573</xmax>
			<ymax>1560</ymax>
		</bndbox>
	</object>
	<object>
		<name>꽃게탕</name>
		<bndbox>
			<xmin>475</xmin>
			<ymin>491</ymin>
			<xmax>1494</xmax>
			<ymax>1506</ymax>
		</bndbox>
	</object>
</annotation>