<annotation>
	<folder>top건더기국류냄비꽃게탕q4</folder>
	<filename>top_건더기국류_냄비_꽃게탕_Q4_00006.JPG</filename>
	<path>/top건더기국류냄비꽃게탕q4/top_건더기국류_냄비_꽃게탕_Q4_00006.JPG</path>
	<source>
		<database>fooddata</database>
	</source>
	<size>
		<width>3008</width>
		<height>2000</height>
		<depth>3</depth>
	</size>
	<object>
		<name>ref_spoon</name>
		<bndbox>
			<xmin>1922</xmin>
			<ymin>484</ymin>
			<xmax>2155</xmax>
			<ymax>830</ymax>
		</bndbox>
	</object>
	<object>
		<name>ref_fork</name>
		<bndbox>
			<xmin>2175</xmin>
			<ymin>541</ymin>
			<xmax>2369</xmax>
			<ymax>934</ymax>
		</bndbox>
	</object>
	<object>
		<name>ref_coin</name>
		<bndbox>
			<xmin>371</xmin>
			<ymin>1307</ymin>
			<xmax>543</xmax>
			<ymax>1477</ymax>
		</bndbox>
	</object>
	<object>
		<name>dish</name>
		<bndbox>
			<xmin>438</xmin>
			<ymin>287</ymin>
			<xmax>1634</xmax>
			<ymax>1457</ymax>
		</bndbox>
	</object>
	<object>
		<name>꽃게탕</name>
		<bndbox>
			<xmin>536</xmin>
			<ymin>393</ymin>
			<xmax>1565</xmax>
			<ymax>1396</ymax>
		</bndbox>
	</object>
</annotation>