<annotation>
	<folder>top건더기국류냄비꽃게탕q4</folder>
	<filename>top_건더기국류_냄비_꽃게탕_Q4_00010.JPG</filename>
	<path>/top건더기국류냄비꽃게탕q4/top_건더기국류_냄비_꽃게탕_Q4_00010.JPG</path>
	<source>
		<database>fooddata</database>
	</source>
	<size>
		<width>3008</width>
		<height>2000</height>
		<depth>3</depth>
	</size>
	<object>
		<name>ref_spoon</name>
		<bndbox>
			<xmin>2013</xmin>
			<ymin>526</ymin>
			<xmax>2253</xmax>
			<ymax>870</ymax>
		</bndbox>
	</object>
	<object>
		<name>ref_fork</name>
		<bndbox>
			<xmin>2273</xmin>
			<ymin>585</ymin>
			<xmax>2465</xmax>
			<ymax>966</ymax>
		</bndbox>
	</object>
	<object>
		<name>ref_coin</name>
		<bndbox>
			<xmin>723</xmin>
			<ymin>221</ymin>
			<xmax>887</xmax>
			<ymax>386</ymax>
		</bndbox>
	</object>
	<object>
		<name>dish</name>
		<bndbox>
			<xmin>450</xmin>
			<ymin>464</ymin>
			<xmax>1651</xmax>
			<ymax>1651</ymax>
		</bndbox>
	</object>
	<object>
		<name>꽃게탕</name>
		<bndbox>
			<xmin>548</xmin>
			<ymin>560</ymin>
			<xmax>1565</xmax>
			<ymax>1582</ymax>
		</bndbox>
	</object>
</annotation>