<annotation>
	<folder>top건더기국류냄비꽃게탕q4</folder>
	<filename>top_건더기국류_냄비_꽃게탕_Q4_00034.JPG</filename>
	<path>/top건더기국류냄비꽃게탕q4/top_건더기국류_냄비_꽃게탕_Q4_00034.JPG</path>
	<source>
		<database>fooddata</database>
	</source>
	<size>
		<width>3008</width>
		<height>2000</height>
		<depth>3</depth>
	</size>
	<object>
		<name>ref_spoon</name>
		<bndbox>
			<xmin>752</xmin>
			<ymin>297</ymin>
			<xmax>988</xmax>
			<ymax>663</ymax>
		</bndbox>
	</object>
	<object>
		<name>ref_fork</name>
		<bndbox>
			<xmin>457</xmin>
			<ymin>300</ymin>
			<xmax>634</xmax>
			<ymax>713</ymax>
		</bndbox>
	</object>
	<object>
		<name>ref_coin</name>
		<bndbox>
			<xmin>954</xmin>
			<ymin>1717</ymin>
			<xmax>1133</xmax>
			<ymax>1902</ymax>
		</bndbox>
	</object>
	<object>
		<name>dish</name>
		<bndbox>
			<xmin>959</xmin>
			<ymin>322</ymin>
			<xmax>2202</xmax>
			<ymax>1541</ymax>
		</bndbox>
	</object>
	<object>
		<name>꽃게탕</name>
		<bndbox>
			<xmin>1047</xmin>
			<ymin>430</ymin>
			<xmax>2113</xmax>
			<ymax>1479</ymax>
		</bndbox>
	</object>
</annotation>