<annotation>
	<folder>top건더기국류냄비꽃게탕q4</folder>
	<filename>top_건더기국류_냄비_꽃게탕_Q4_00001.JPG</filename>
	<path>/top건더기국류냄비꽃게탕q4/top_건더기국류_냄비_꽃게탕_Q4_00001.JPG</path>
	<source>
		<database>fooddata</database>
	</source>
	<size>
		<width>3008</width>
		<height>2000</height>
		<depth>3</depth>
	</size>
	<object>
		<name>ref_spoon</name>
		<bndbox>
			<xmin>1917</xmin>
			<ymin>354</ymin>
			<xmax>2150</xmax>
			<ymax>698</ymax>
		</bndbox>
	</object>
	<object>
		<name>ref_fork</name>
		<bndbox>
			<xmin>2194</xmin>
			<ymin>376</ymin>
			<xmax>2357</xmax>
			<ymax>774</ymax>
		</bndbox>
	</object>
	<object>
		<name>ref_coin</name>
		<bndbox>
			<xmin>1580</xmin>
			<ymin>1526</ymin>
			<xmax>1752</xmax>
			<ymax>1698</ymax>
		</bndbox>
	</object>
	<object>
		<name>dish</name>
		<bndbox>
			<xmin>519</xmin>
			<ymin>319</ymin>
			<xmax>1720</xmax>
			<ymax>1499</ymax>
		</bndbox>
	</object>
	<object>
		<name>꽃게탕</name>
		<bndbox>
			<xmin>629</xmin>
			<ymin>430</ymin>
			<xmax>1647</xmax>
			<ymax>1435</ymax>
		</bndbox>
	</object>
</annotation>