<annotation>
	<folder>top건더기국류냄비꽃게탕q4</folder>
	<filename>top_건더기국류_냄비_꽃게탕_Q4_00027.JPG</filename>
	<path>/top건더기국류냄비꽃게탕q4/top_건더기국류_냄비_꽃게탕_Q4_00027.JPG</path>
	<source>
		<database>fooddata</database>
	</source>
	<size>
		<width>3008</width>
		<height>2000</height>
		<depth>3</depth>
	</size>
	<object>
		<name>ref_spoon</name>
		<bndbox>
			<xmin>637</xmin>
			<ymin>1391</ymin>
			<xmax>946</xmax>
			<ymax>1602</ymax>
		</bndbox>
	</object>
	<object>
		<name>ref_fork</name>
		<bndbox>
			<xmin>597</xmin>
			<ymin>1631</ymin>
			<xmax>949</xmax>
			<ymax>1789</ymax>
		</bndbox>
	</object>
	<object>
		<name>ref_coin</name>
		<bndbox>
			<xmin>2030</xmin>
			<ymin>531</ymin>
			<xmax>2177</xmax>
			<ymax>676</ymax>
		</bndbox>
	</object>
	<object>
		<name>dish</name>
		<bndbox>
			<xmin>774</xmin>
			<ymin>233</ymin>
			<xmax>1809</xmax>
			<ymax>1243</ymax>
		</bndbox>
	</object>
	<object>
		<name>꽃게탕</name>
		<bndbox>
			<xmin>853</xmin>
			<ymin>322</ymin>
			<xmax>1740</xmax>
			<ymax>1197</ymax>
		</bndbox>
	</object>
</annotation>