<annotation>
	<folder>side건더기국류냄비닭볶음탕q5</folder>
	<filename>side_건더기국류_냄비_닭볶음탕_Q5_00018.JPG</filename>
	<path>/side건더기국류냄비닭볶음탕q5/side_건더기국류_냄비_닭볶음탕_Q5_00018.JPG</path>
	<source>
		<database>fooddata</database>
	</source>
	<size>
		<width>3008</width>
		<height>2000</height>
		<depth>3</depth>
	</size>
	<object>
		<name>ref_spoon</name>
		<bndbox>
			<xmin>573</xmin>
			<ymin>1484</ymin>
			<xmax>990</xmax>
			<ymax>1710</ymax>
		</bndbox>
	</object>
	<object>
		<name>ref_fork</name>
		<bndbox>
			<xmin>681</xmin>
			<ymin>1287</ymin>
			<xmax>1138</xmax>
			<ymax>1496</ymax>
		</bndbox>
	</object>
	<object>
		<name>ref_coin</name>
		<bndbox>
			<xmin>1907</xmin>
			<ymin>1184</ymin>
			<xmax>2081</xmax>
			<ymax>1317</ymax>
		</bndbox>
	</object>
	<object>
		<name>dish</name>
		<bndbox>
			<xmin>826</xmin>
			<ymin>258</ymin>
			<xmax>1993</xmax>
			<ymax>1140</ymax>
		</bndbox>
	</object>
	<object>
		<name>닭볶음탕</name>
		<bndbox>
			<xmin>961</xmin>
			<ymin>486</ymin>
			<xmax>1828</xmax>
			<ymax>990</ymax>
		</bndbox>
	</object>
</annotation>