<annotation>
	<folder>side건더기국류냄비닭볶음탕q5</folder>
	<filename>side_건더기국류_냄비_닭볶음탕_Q5_00035.JPG</filename>
	<path>/side건더기국류냄비닭볶음탕q5/side_건더기국류_냄비_닭볶음탕_Q5_00035.JPG</path>
	<source>
		<database>fooddata</database>
	</source>
	<size>
		<width>3008</width>
		<height>2000</height>
		<depth>3</depth>
	</size>
	<object>
		<name>ref_spoon</name>
		<bndbox>
			<xmin>393</xmin>
			<ymin>666</ymin>
			<xmax>622</xmax>
			<ymax>968</ymax>
		</bndbox>
	</object>
	<object>
		<name>ref_fork</name>
		<bndbox>
			<xmin>801</xmin>
			<ymin>681</ymin>
			<xmax>949</xmax>
			<ymax>1010</ymax>
		</bndbox>
	</object>
	<object>
		<name>ref_coin</name>
		<bndbox>
			<xmin>1057</xmin>
			<ymin>1405</ymin>
			<xmax>1234</xmax>
			<ymax>1538</ymax>
		</bndbox>
	</object>
	<object>
		<name>dish</name>
		<bndbox>
			<xmin>1246</xmin>
			<ymin>499</ymin>
			<xmax>2396</xmax>
			<ymax>1386</ymax>
		</bndbox>
	</object>
	<object>
		<name>닭볶음탕</name>
		<bndbox>
			<xmin>1349</xmin>
			<ymin>717</ymin>
			<xmax>2229</xmax>
			<ymax>1251</ymax>
		</bndbox>
	</object>
</annotation>