<annotation>
	<folder>side건더기국류냄비닭볶음탕q5</folder>
	<filename>side_건더기국류_냄비_닭볶음탕_Q5_00023.JPG</filename>
	<path>/side건더기국류냄비닭볶음탕q5/side_건더기국류_냄비_닭볶음탕_Q5_00023.JPG</path>
	<source>
		<database>fooddata</database>
	</source>
	<size>
		<width>3008</width>
		<height>2000</height>
		<depth>3</depth>
	</size>
	<object>
		<name>ref_spoon</name>
		<bndbox>
			<xmin>398</xmin>
			<ymin>1555</ymin>
			<xmax>873</xmax>
			<ymax>1811</ymax>
		</bndbox>
	</object>
	<object>
		<name>ref_fork</name>
		<bndbox>
			<xmin>511</xmin>
			<ymin>1327</ymin>
			<xmax>1035</xmax>
			<ymax>1548</ymax>
		</bndbox>
	</object>
	<object>
		<name>ref_coin</name>
		<bndbox>
			<xmin>2278</xmin>
			<ymin>1275</ymin>
			<xmax>2487</xmax>
			<ymax>1432</ymax>
		</bndbox>
	</object>
	<object>
		<name>dish</name>
		<bndbox>
			<xmin>595</xmin>
			<ymin>221</ymin>
			<xmax>1971</xmax>
			<ymax>1268</ymax>
		</bndbox>
	</object>
	<object>
		<name>닭볶음탕</name>
		<bndbox>
			<xmin>811</xmin>
			<ymin>533</ymin>
			<xmax>1760</xmax>
			<ymax>1111</ymax>
		</bndbox>
	</object>
</annotation>