<annotation>
	<folder>side건더기국류냄비닭볶음탕q5</folder>
	<filename>side_건더기국류_냄비_닭볶음탕_Q5_00005.JPG</filename>
	<path>/side건더기국류냄비닭볶음탕q5/side_건더기국류_냄비_닭볶음탕_Q5_00005.JPG</path>
	<source>
		<database>fooddata</database>
	</source>
	<size>
		<width>3008</width>
		<height>2000</height>
		<depth>3</depth>
	</size>
	<object>
		<name>ref_spoon</name>
		<bndbox>
			<xmin>2089</xmin>
			<ymin>646</ymin>
			<xmax>2354</xmax>
			<ymax>998</ymax>
		</bndbox>
	</object>
	<object>
		<name>ref_fork</name>
		<bndbox>
			<xmin>2526</xmin>
			<ymin>673</ymin>
			<xmax>2703</xmax>
			<ymax>1071</ymax>
		</bndbox>
	</object>
	<object>
		<name>ref_coin</name>
		<bndbox>
			<xmin>209</xmin>
			<ymin>1509</ymin>
			<xmax>423</xmax>
			<ymax>1671</ymax>
		</bndbox>
	</object>
	<object>
		<name>dish</name>
		<bndbox>
			<xmin>565</xmin>
			<ymin>366</ymin>
			<xmax>1990</xmax>
			<ymax>1432</ymax>
		</bndbox>
	</object>
	<object>
		<name>닭볶음탕</name>
		<bndbox>
			<xmin>762</xmin>
			<ymin>688</ymin>
			<xmax>1821</xmax>
			<ymax>1260</ymax>
		</bndbox>
	</object>
</annotation>