<annotation>
	<folder>side건더기국류냄비닭볶음탕q5</folder>
	<filename>side_건더기국류_냄비_닭볶음탕_Q5_00008.JPG</filename>
	<path>/side건더기국류냄비닭볶음탕q5/side_건더기국류_냄비_닭볶음탕_Q5_00008.JPG</path>
	<source>
		<database>fooddata</database>
	</source>
	<size>
		<width>3008</width>
		<height>2000</height>
		<depth>3</depth>
	</size>
	<object>
		<name>ref_spoon</name>
		<bndbox>
			<xmin>2177</xmin>
			<ymin>690</ymin>
			<xmax>2450</xmax>
			<ymax>1057</ymax>
		</bndbox>
	</object>
	<object>
		<name>ref_fork</name>
		<bndbox>
			<xmin>2615</xmin>
			<ymin>732</ymin>
			<xmax>2799</xmax>
			<ymax>1138</ymax>
		</bndbox>
	</object>
	<object>
		<name>ref_coin</name>
		<bndbox>
			<xmin>452</xmin>
			<ymin>337</ymin>
			<xmax>632</xmax>
			<ymax>459</ymax>
		</bndbox>
	</object>
	<object>
		<name>dish</name>
		<bndbox>
			<xmin>401</xmin>
			<ymin>464</ymin>
			<xmax>1843</xmax>
			<ymax>1580</ymax>
		</bndbox>
	</object>
	<object>
		<name>닭볶음탕</name>
		<bndbox>
			<xmin>622</xmin>
			<ymin>796</ymin>
			<xmax>1671</xmax>
			<ymax>1405</ymax>
		</bndbox>
	</object>
</annotation>