<annotation>
	<folder>top건더기국류냄비닭복음탕q5</folder>
	<filename>top_건더기국류_냄비_닭볶음탕_Q5_00008.JPG</filename>
	<path>/top건더기국류냄비닭볶음탕q5/top_건더기국류_냄비_닭볶음탕_Q5_00008.JPG</path>
	<source>
		<database>fooddata</database>
	</source>
	<size>
		<width>3008</width>
		<height>2000</height>
		<depth>3</depth>
	</size>
	<object>
		<name>ref_spoon</name>
		<bndbox>
			<xmin>2265</xmin>
			<ymin>350</ymin>
			<xmax>2483</xmax>
			<ymax>690</ymax>
		</bndbox>
	</object>
	<object>
		<name>ref_fork</name>
		<bndbox>
			<xmin>1981</xmin>
			<ymin>372</ymin>
			<xmax>2122</xmax>
			<ymax>748</ymax>
		</bndbox>
	</object>
	<object>
		<name>ref_coin</name>
		<bndbox>
			<xmin>447</xmin>
			<ymin>1015</ymin>
			<xmax>610</xmax>
			<ymax>1175</ymax>
		</bndbox>
	</object>
	<object>
		<name>dish</name>
		<bndbox>
			<xmin>759</xmin>
			<ymin>334</ymin>
			<xmax>1940</xmax>
			<ymax>1479</ymax>
		</bndbox>
	</object>
	<object>
		<name>닭볶음탕</name>
		<bndbox>
			<xmin>963</xmin>
			<ymin>549</ymin>
			<xmax>1821</xmax>
			<ymax>1352</ymax>
		</bndbox>
	</object>
</annotation>