<annotation>
	<folder>top건더기국류냄비닭복음탕q5</folder>
	<filename>top_건더기국류_냄비_닭볶음탕_Q5_00001.JPG</filename>
	<path>/top건더기국류냄비닭볶음탕q5/top_건더기국류_냄비_닭볶음탕_Q5_00001.JPG</path>
	<source>
		<database>fooddata</database>
	</source>
	<size>
		<width>3008</width>
		<height>2000</height>
		<depth>3</depth>
	</size>
	<object>
		<name>ref_spoon</name>
		<bndbox>
			<xmin>776</xmin>
			<ymin>450</ymin>
			<xmax>1013</xmax>
			<ymax>811</ymax>
		</bndbox>
	</object>
	<object>
		<name>ref_fork</name>
		<bndbox>
			<xmin>519</xmin>
			<ymin>486</ymin>
			<xmax>696</xmax>
			<ymax>886</ymax>
		</bndbox>
	</object>
	<object>
		<name>ref_coin</name>
		<bndbox>
			<xmin>2354</xmin>
			<ymin>1421</ymin>
			<xmax>2527</xmax>
			<ymax>1603</ymax>
		</bndbox>
	</object>
	<object>
		<name>dish</name>
		<bndbox>
			<xmin>1300</xmin>
			<ymin>210</ymin>
			<xmax>2558</xmax>
			<ymax>1451</ymax>
		</bndbox>
	</object>
	<object>
		<name>닭볶음탕</name>
		<bndbox>
			<xmin>1413</xmin>
			<ymin>383</ymin>
			<xmax>2417</xmax>
			<ymax>1310</ymax>
		</bndbox>
	</object>
</annotation>