<annotation>
	<folder>top건더기국류냄비닭복음탕q5</folder>
	<filename>top_건더기국류_냄비_닭볶음탕_Q5_00034.JPG</filename>
	<path>/top건더기국류냄비닭볶음탕q5/top_건더기국류_냄비_닭볶음탕_Q5_00034.JPG</path>
	<source>
		<database>fooddata</database>
	</source>
	<size>
		<width>3008</width>
		<height>2000</height>
		<depth>3</depth>
	</size>
	<object>
		<name>ref_spoon</name>
		<bndbox>
			<xmin>632</xmin>
			<ymin>1319</ymin>
			<xmax>944</xmax>
			<ymax>1523</ymax>
		</bndbox>
	</object>
	<object>
		<name>ref_fork</name>
		<bndbox>
			<xmin>630</xmin>
			<ymin>1622</ymin>
			<xmax>994</xmax>
			<ymax>1766</ymax>
		</bndbox>
	</object>
	<object>
		<name>ref_coin</name>
		<bndbox>
			<xmin>1794</xmin>
			<ymin>1377</ymin>
			<xmax>1923</xmax>
			<ymax>1514</ymax>
		</bndbox>
	</object>
	<object>
		<name>dish</name>
		<bndbox>
			<xmin>745</xmin>
			<ymin>215</ymin>
			<xmax>1716</xmax>
			<ymax>1128</ymax>
		</bndbox>
	</object>
	<object>
		<name>닭볶음탕</name>
		<bndbox>
			<xmin>892</xmin>
			<ymin>417</ymin>
			<xmax>1603</xmax>
			<ymax>1051</ymax>
		</bndbox>
	</object>
</annotation>