<annotation>
	<folder>top건더기국류냄비닭복음탕q5</folder>
	<filename>top_건더기국류_냄비_닭볶음탕_Q5_00009.JPG</filename>
	<path>/top건더기국류냄비닭볶음탕q5/top_건더기국류_냄비_닭볶음탕_Q5_00009.JPG</path>
	<source>
		<database>fooddata</database>
	</source>
	<size>
		<width>3008</width>
		<height>2000</height>
		<depth>3</depth>
	</size>
	<object>
		<name>ref_spoon</name>
		<bndbox>
			<xmin>2260</xmin>
			<ymin>223</ymin>
			<xmax>2470</xmax>
			<ymax>568</ymax>
		</bndbox>
	</object>
	<object>
		<name>ref_fork</name>
		<bndbox>
			<xmin>1976</xmin>
			<ymin>257</ymin>
			<xmax>2114</xmax>
			<ymax>637</ymax>
		</bndbox>
	</object>
	<object>
		<name>ref_coin</name>
		<bndbox>
			<xmin>370</xmin>
			<ymin>646</ymin>
			<xmax>530</xmax>
			<ymax>800</ymax>
		</bndbox>
	</object>
	<object>
		<name>dish</name>
		<bndbox>
			<xmin>555</xmin>
			<ymin>295</ymin>
			<xmax>1763</xmax>
			<ymax>1470</ymax>
		</bndbox>
	</object>
	<object>
		<name>닭볶음탕</name>
		<bndbox>
			<xmin>740</xmin>
			<ymin>527</ymin>
			<xmax>1623</xmax>
			<ymax>1330</ymax>
		</bndbox>
	</object>
</annotation>