<annotation>
	<folder>top건더기국류냄비닭복음탕q5</folder>
	<filename>top_건더기국류_냄비_닭볶음탕_Q5_00023.JPG</filename>
	<path>/top건더기국류냄비닭볶음탕q5/top_건더기국류_냄비_닭볶음탕_Q5_00023.JPG</path>
	<source>
		<database>fooddata</database>
	</source>
	<size>
		<width>3008</width>
		<height>2000</height>
		<depth>3</depth>
	</size>
	<object>
		<name>ref_spoon</name>
		<bndbox>
			<xmin>723</xmin>
			<ymin>1274</ymin>
			<xmax>1024</xmax>
			<ymax>1468</ymax>
		</bndbox>
	</object>
	<object>
		<name>ref_fork</name>
		<bndbox>
			<xmin>770</xmin>
			<ymin>1586</ymin>
			<xmax>1121</xmax>
			<ymax>1719</ymax>
		</bndbox>
	</object>
	<object>
		<name>ref_coin</name>
		<bndbox>
			<xmin>2031</xmin>
			<ymin>753</ymin>
			<xmax>2158</xmax>
			<ymax>880</ymax>
		</bndbox>
	</object>
	<object>
		<name>dish</name>
		<bndbox>
			<xmin>936</xmin>
			<ymin>171</ymin>
			<xmax>1901</xmax>
			<ymax>1084</ymax>
		</bndbox>
	</object>
	<object>
		<name>닭볶음탕</name>
		<bndbox>
			<xmin>1052</xmin>
			<ymin>381</ymin>
			<xmax>1736</xmax>
			<ymax>1018</ymax>
		</bndbox>
	</object>
</annotation>