<annotation>
	<folder>top건더기국류냄비닭복음탕q5</folder>
	<filename>top_건더기국류_냄비_닭볶음탕_Q5_00006.JPG</filename>
	<path>/top건더기국류냄비닭볶음탕q5/top_건더기국류_냄비_닭볶음탕_Q5_00006.JPG</path>
	<source>
		<database>fooddata</database>
	</source>
	<size>
		<width>3008</width>
		<height>2000</height>
		<depth>3</depth>
	</size>
	<object>
		<name>ref_spoon</name>
		<bndbox>
			<xmin>2310</xmin>
			<ymin>408</ymin>
			<xmax>2527</xmax>
			<ymax>745</ymax>
		</bndbox>
	</object>
	<object>
		<name>ref_fork</name>
		<bndbox>
			<xmin>2017</xmin>
			<ymin>425</ymin>
			<xmax>2163</xmax>
			<ymax>797</ymax>
		</bndbox>
	</object>
	<object>
		<name>ref_coin</name>
		<bndbox>
			<xmin>743</xmin>
			<ymin>1556</ymin>
			<xmax>905</xmax>
			<ymax>1724</ymax>
		</bndbox>
	</object>
	<object>
		<name>dish</name>
		<bndbox>
			<xmin>572</xmin>
			<ymin>345</ymin>
			<xmax>1763</xmax>
			<ymax>1492</ymax>
		</bndbox>
	</object>
	<object>
		<name>닭볶음탕</name>
		<bndbox>
			<xmin>765</xmin>
			<ymin>554</ymin>
			<xmax>1623</xmax>
			<ymax>1379</ymax>
		</bndbox>
	</object>
</annotation>