<annotation>
	<folder>top건더기국류냄비닭복음탕q5</folder>
	<filename>top_건더기국류_냄비_닭볶음탕_Q5_00031.JPG</filename>
	<path>/top건더기국류냄비닭볶음탕q5/top_건더기국류_냄비_닭볶음탕_Q5_00031.JPG</path>
	<source>
		<database>fooddata</database>
	</source>
	<size>
		<width>3008</width>
		<height>2000</height>
		<depth>3</depth>
	</size>
	<object>
		<name>ref_spoon</name>
		<bndbox>
			<xmin>566</xmin>
			<ymin>1319</ymin>
			<xmax>905</xmax>
			<ymax>1534</ymax>
		</bndbox>
	</object>
	<object>
		<name>ref_fork</name>
		<bndbox>
			<xmin>569</xmin>
			<ymin>1652</ymin>
			<xmax>963</xmax>
			<ymax>1804</ymax>
		</bndbox>
	</object>
	<object>
		<name>ref_coin</name>
		<bndbox>
			<xmin>925</xmin>
			<ymin>168</ymin>
			<xmax>1060</xmax>
			<ymax>295</ymax>
		</bndbox>
	</object>
	<object>
		<name>dish</name>
		<bndbox>
			<xmin>850</xmin>
			<ymin>218</ymin>
			<xmax>1907</xmax>
			<ymax>1239</ymax>
		</bndbox>
	</object>
	<object>
		<name>닭볶음탕</name>
		<bndbox>
			<xmin>1018</xmin>
			<ymin>419</ymin>
			<xmax>1772</xmax>
			<ymax>1137</ymax>
		</bndbox>
	</object>
</annotation>