<annotation>
	<folder>side반찬부피원형배달두부김치q2</folder>
	<filename>side_반찬부피_원형배달_두부김치_Q2_00036.JPG</filename>
	<path>/side반찬부피원형배달두부김치q2/side_반찬부피_원형배달_두부김치_Q2_00036.JPG</path>
	<source>
		<database>fooddata</database>
	</source>
	<size>
		<width>3008</width>
		<height>2000</height>
		<depth>3</depth>
	</size>
	<object>
		<name>ref_spoon</name>
		<bndbox>
			<xmin>254</xmin>
			<ymin>500</ymin>
			<xmax>518</xmax>
			<ymax>896</ymax>
		</bndbox>
	</object>
	<object>
		<name>ref_fork</name>
		<bndbox>
			<xmin>732</xmin>
			<ymin>520</ymin>
			<xmax>910</xmax>
			<ymax>967</ymax>
		</bndbox>
	</object>
	<object>
		<name>ref_coin</name>
		<bndbox>
			<xmin>991</xmin>
			<ymin>1109</ymin>
			<xmax>1209</xmax>
			<ymax>1282</ymax>
		</bndbox>
	</object>
	<object>
		<name>dish</name>
		<bndbox>
			<xmin>1392</xmin>
			<ymin>312</ymin>
			<xmax>2632</xmax>
			<ymax>1511</ymax>
		</bndbox>
	</object>
	<object>
		<name>두부김치</name>
		<bndbox>
			<xmin>1656</xmin>
			<ymin>642</ymin>
			<xmax>2398</xmax>
			<ymax>1140</ymax>
		</bndbox>
	</object>
</annotation>