<annotation>
	<folder>side반찬부피원형배달두부김치q2</folder>
	<filename>side_반찬부피_원형배달_두부김치_Q2_00026.JPG</filename>
	<path>/side반찬부피원형배달두부김치q2/side_반찬부피_원형배달_두부김치_Q2_00026.JPG</path>
	<source>
		<database>fooddata</database>
	</source>
	<size>
		<width>3008</width>
		<height>2000</height>
		<depth>3</depth>
	</size>
	<object>
		<name>ref_spoon</name>
		<bndbox>
			<xmin>559</xmin>
			<ymin>1628</ymin>
			<xmax>1016</xmax>
			<ymax>1897</ymax>
		</bndbox>
	</object>
	<object>
		<name>ref_fork</name>
		<bndbox>
			<xmin>732</xmin>
			<ymin>1424</ymin>
			<xmax>1250</xmax>
			<ymax>1663</ymax>
		</bndbox>
	</object>
	<object>
		<name>ref_coin</name>
		<bndbox>
			<xmin>2053</xmin>
			<ymin>200</ymin>
			<xmax>2226</xmax>
			<ymax>347</ymax>
		</bndbox>
	</object>
	<object>
		<name>dish</name>
		<bndbox>
			<xmin>955</xmin>
			<ymin>251</ymin>
			<xmax>2170</xmax>
			<ymax>1419</ymax>
		</bndbox>
	</object>
	<object>
		<name>두부김치</name>
		<bndbox>
			<xmin>1052</xmin>
			<ymin>571</ymin>
			<xmax>2053</xmax>
			<ymax>1079</ymax>
		</bndbox>
	</object>
</annotation>