<annotation>
	<folder>side반찬부피원형배달두부김치q2</folder>
	<filename>side_반찬부피_원형배달_두부김치_Q2_00046.JPG</filename>
	<path>/side반찬부피원형배달두부김치q2/side_반찬부피_원형배달_두부김치_Q2_00046.JPG</path>
	<source>
		<database>fooddata</database>
	</source>
	<size>
		<width>3008</width>
		<height>2000</height>
		<depth>3</depth>
	</size>
	<object>
		<name>ref_spoon</name>
		<bndbox>
			<xmin>488</xmin>
			<ymin>545</ymin>
			<xmax>747</xmax>
			<ymax>921</ymax>
		</bndbox>
	</object>
	<object>
		<name>ref_fork</name>
		<bndbox>
			<xmin>935</xmin>
			<ymin>571</ymin>
			<xmax>1118</xmax>
			<ymax>1008</ymax>
		</bndbox>
	</object>
	<object>
		<name>ref_coin</name>
		<bndbox>
			<xmin>46</xmin>
			<ymin>1445</ymin>
			<xmax>254</xmax>
			<ymax>1617</ymax>
		</bndbox>
	</object>
	<object>
		<name>dish</name>
		<bndbox>
			<xmin>1504</xmin>
			<ymin>347</ymin>
			<xmax>2698</xmax>
			<ymax>1495</ymax>
		</bndbox>
	</object>
	<object>
		<name>두부김치</name>
		<bndbox>
			<xmin>1570</xmin>
			<ymin>743</ymin>
			<xmax>2561</xmax>
			<ymax>1145</ymax>
		</bndbox>
	</object>
</annotation>