<annotation>
	<folder>side반찬부피원형배달두부김치q2</folder>
	<filename>side_반찬부피_원형배달_두부김치_Q2_00012.JPG</filename>
	<path>/side반찬부피원형배달두부김치q2/side_반찬부피_원형배달_두부김치_Q2_00012.JPG</path>
	<source>
		<database>fooddata</database>
	</source>
	<size>
		<width>3008</width>
		<height>2000</height>
		<depth>3</depth>
	</size>
	<object>
		<name>ref_spoon</name>
		<bndbox>
			<xmin>1966</xmin>
			<ymin>220</ymin>
			<xmax>2266</xmax>
			<ymax>632</ymax>
		</bndbox>
	</object>
	<object>
		<name>ref_fork</name>
		<bndbox>
			<xmin>2429</xmin>
			<ymin>235</ymin>
			<xmax>2662</xmax>
			<ymax>693</ymax>
		</bndbox>
	</object>
	<object>
		<name>ref_coin</name>
		<bndbox>
			<xmin>1875</xmin>
			<ymin>1567</ymin>
			<xmax>2124</xmax>
			<ymax>1770</ymax>
		</bndbox>
	</object>
	<object>
		<name>dish</name>
		<bndbox>
			<xmin>137</xmin>
			<ymin>63</ymin>
			<xmax>1575</xmax>
			<ymax>1424</ymax>
		</bndbox>
	</object>
	<object>
		<name>두부김치</name>
		<bndbox>
			<xmin>579</xmin>
			<ymin>383</ymin>
			<xmax>1265</xmax>
			<ymax>1008</ymax>
		</bndbox>
	</object>
</annotation>