<annotation>
	<folder>side반찬부피원형배달두부김치q2</folder>
	<filename>side_반찬부피_원형배달_두부김치_Q2_00039.JPG</filename>
	<path>/side반찬부피원형배달두부김치q2/side_반찬부피_원형배달_두부김치_Q2_00039.JPG</path>
	<source>
		<database>fooddata</database>
	</source>
	<size>
		<width>3008</width>
		<height>2000</height>
		<depth>3</depth>
	</size>
	<object>
		<name>ref_spoon</name>
		<bndbox>
			<xmin>229</xmin>
			<ymin>357</ymin>
			<xmax>518</xmax>
			<ymax>759</ymax>
		</bndbox>
	</object>
	<object>
		<name>ref_fork</name>
		<bndbox>
			<xmin>711</xmin>
			<ymin>378</ymin>
			<xmax>904</xmax>
			<ymax>830</ymax>
		</bndbox>
	</object>
	<object>
		<name>ref_coin</name>
		<bndbox>
			<xmin>1011</xmin>
			<ymin>1572</ymin>
			<xmax>1250</xmax>
			<ymax>1755</ymax>
		</bndbox>
	</object>
	<object>
		<name>dish</name>
		<bndbox>
			<xmin>1336</xmin>
			<ymin>149</ymin>
			<xmax>2591</xmax>
			<ymax>1363</ymax>
		</bndbox>
	</object>
	<object>
		<name>두부김치</name>
		<bndbox>
			<xmin>1448</xmin>
			<ymin>459</ymin>
			<xmax>2419</xmax>
			<ymax>987</ymax>
		</bndbox>
	</object>
</annotation>