<annotation>
	<folder>top반찬부피원형배달두부김치q2</folder>
	<filename>top_반찬부피_원형배달_두부김치_Q2_00018.JPG</filename>
	<path>/top반찬부피원형배달두부김치q2/top_반찬부피_원형배달_두부김치_Q2_00018.JPG</path>
	<source>
		<database>fooddata</database>
	</source>
	<size>
		<width>3008</width>
		<height>2000</height>
		<depth>3</depth>
	</size>
	<object>
		<name>ref_spoon</name>
		<bndbox>
			<xmin>2049</xmin>
			<ymin>111</ymin>
			<xmax>2305</xmax>
			<ymax>521</ymax>
		</bndbox>
	</object>
	<object>
		<name>ref_fork</name>
		<bndbox>
			<xmin>2359</xmin>
			<ymin>152</ymin>
			<xmax>2546</xmax>
			<ymax>609</ymax>
		</bndbox>
	</object>
	<object>
		<name>ref_coin</name>
		<bndbox>
			<xmin>386</xmin>
			<ymin>720</ymin>
			<xmax>597</xmax>
			<ymax>924</ymax>
		</bndbox>
	</object>
	<object>
		<name>dish</name>
		<bndbox>
			<xmin>809</xmin>
			<ymin>383</ymin>
			<xmax>2155</xmax>
			<ymax>1705</ymax>
		</bndbox>
	</object>
	<object>
		<name>두부김치</name>
		<bndbox>
			<xmin>1241</xmin>
			<ymin>553</ymin>
			<xmax>1927</xmax>
			<ymax>1474</ymax>
		</bndbox>
	</object>
</annotation>