<annotation>
	<folder>top반찬부피원형배달두부김치q2</folder>
	<filename>top_반찬부피_원형배달_두부김치_Q2_00007.JPG</filename>
	<path>/top반찬부피원형배달두부김치q2/top_반찬부피_원형배달_두부김치_Q2_00007.JPG</path>
	<source>
		<database>fooddata</database>
	</source>
	<size>
		<width>3008</width>
		<height>2000</height>
		<depth>3</depth>
	</size>
	<object>
		<name>ref_spoon</name>
		<bndbox>
			<xmin>1946</xmin>
			<ymin>197</ymin>
			<xmax>2221</xmax>
			<ymax>617</ymax>
		</bndbox>
	</object>
	<object>
		<name>ref_fork</name>
		<bndbox>
			<xmin>2271</xmin>
			<ymin>243</ymin>
			<xmax>2465</xmax>
			<ymax>698</ymax>
		</bndbox>
	</object>
	<object>
		<name>ref_coin</name>
		<bndbox>
			<xmin>288</xmin>
			<ymin>420</ymin>
			<xmax>506</xmax>
			<ymax>624</ymax>
		</bndbox>
	</object>
	<object>
		<name>dish</name>
		<bndbox>
			<xmin>565</xmin>
			<ymin>425</ymin>
			<xmax>1946</xmax>
			<ymax>1774</ymax>
		</bndbox>
	</object>
	<object>
		<name>두부김치</name>
		<bndbox>
			<xmin>904</xmin>
			<ymin>784</ymin>
			<xmax>1809</xmax>
			<ymax>1656</ymax>
		</bndbox>
	</object>
</annotation>