<annotation>
	<folder>top반찬부피원형배달두부김치q2</folder>
	<filename>top_반찬부피_원형배달_두부김치_Q2_00011.JPG</filename>
	<path>/top반찬부피원형배달두부김치q2/top_반찬부피_원형배달_두부김치_Q2_00011.JPG</path>
	<source>
		<database>fooddata</database>
	</source>
	<size>
		<width>3008</width>
		<height>2000</height>
		<depth>3</depth>
	</size>
	<object>
		<name>ref_spoon</name>
		<bndbox>
			<xmin>1914</xmin>
			<ymin>91</ymin>
			<xmax>2185</xmax>
			<ymax>506</ymax>
		</bndbox>
	</object>
	<object>
		<name>ref_fork</name>
		<bndbox>
			<xmin>2244</xmin>
			<ymin>128</ymin>
			<xmax>2433</xmax>
			<ymax>590</ymax>
		</bndbox>
	</object>
	<object>
		<name>ref_coin</name>
		<bndbox>
			<xmin>1563</xmin>
			<ymin>548</ymin>
			<xmax>1757</xmax>
			<ymax>740</ymax>
		</bndbox>
	</object>
	<object>
		<name>dish</name>
		<bndbox>
			<xmin>283</xmin>
			<ymin>403</ymin>
			<xmax>1686</xmax>
			<ymax>1779</ymax>
		</bndbox>
	</object>
	<object>
		<name>두부김치</name>
		<bndbox>
			<xmin>457</xmin>
			<ymin>764</ymin>
			<xmax>1504</xmax>
			<ymax>1661</ymax>
		</bndbox>
	</object>
</annotation>