<annotation>
	<folder>top반찬부피원형배달두부김치q2</folder>
	<filename>top_반찬부피_원형배달_두부김치_Q2_00034.JPG</filename>
	<path>/top반찬부피원형배달두부김치q2/top_반찬부피_원형배달_두부김치_Q2_00034.JPG</path>
	<source>
		<database>fooddata</database>
	</source>
	<size>
		<width>3008</width>
		<height>2000</height>
		<depth>3</depth>
	</size>
	<object>
		<name>ref_spoon</name>
		<bndbox>
			<xmin>733</xmin>
			<ymin>1506</ymin>
			<xmax>1106</xmax>
			<ymax>1769</ymax>
		</bndbox>
	</object>
	<object>
		<name>ref_fork</name>
		<bndbox>
			<xmin>814</xmin>
			<ymin>1263</ymin>
			<xmax>1219</xmax>
			<ymax>1450</ymax>
		</bndbox>
	</object>
	<object>
		<name>ref_coin</name>
		<bndbox>
			<xmin>1037</xmin>
			<ymin>398</ymin>
			<xmax>1209</xmax>
			<ymax>565</ymax>
		</bndbox>
	</object>
	<object>
		<name>dish</name>
		<bndbox>
			<xmin>1204</xmin>
			<ymin>145</ymin>
			<xmax>2293</xmax>
			<ymax>1221</ymax>
		</bndbox>
	</object>
	<object>
		<name>두부김치</name>
		<bndbox>
			<xmin>1275</xmin>
			<ymin>319</ymin>
			<xmax>2140</xmax>
			<ymax>1167</ymax>
		</bndbox>
	</object>
</annotation>