<annotation>
	<folder>top반찬부피원형배달두부김치q2</folder>
	<filename>top_반찬부피_원형배달_두부김치_Q2_00014.JPG</filename>
	<path>/top반찬부피원형배달두부김치q2/top_반찬부피_원형배달_두부김치_Q2_00014.JPG</path>
	<source>
		<database>fooddata</database>
	</source>
	<size>
		<width>3008</width>
		<height>2000</height>
		<depth>3</depth>
	</size>
	<object>
		<name>ref_spoon</name>
		<bndbox>
			<xmin>1909</xmin>
			<ymin>125</ymin>
			<xmax>2185</xmax>
			<ymax>523</ymax>
		</bndbox>
	</object>
	<object>
		<name>ref_fork</name>
		<bndbox>
			<xmin>2231</xmin>
			<ymin>155</ymin>
			<xmax>2418</xmax>
			<ymax>607</ymax>
		</bndbox>
	</object>
	<object>
		<name>ref_coin</name>
		<bndbox>
			<xmin>1447</xmin>
			<ymin>1597</ymin>
			<xmax>1659</xmax>
			<ymax>1806</ymax>
		</bndbox>
	</object>
	<object>
		<name>dish</name>
		<bndbox>
			<xmin>561</xmin>
			<ymin>268</ymin>
			<xmax>1927</xmax>
			<ymax>1607</ymax>
		</bndbox>
	</object>
	<object>
		<name>두부김치</name>
		<bndbox>
			<xmin>696</xmin>
			<ymin>457</ymin>
			<xmax>1602</xmax>
			<ymax>1310</ymax>
		</bndbox>
	</object>
</annotation>