<annotation>
	<folder>top반찬부피원형배달두부김치q2</folder>
	<filename>top_반찬부피_원형배달_두부김치_Q2_00026.JPG</filename>
	<path>/top반찬부피원형배달두부김치q2/top_반찬부피_원형배달_두부김치_Q2_00026.JPG</path>
	<source>
		<database>fooddata</database>
	</source>
	<size>
		<width>3008</width>
		<height>2000</height>
		<depth>3</depth>
	</size>
	<object>
		<name>ref_spoon</name>
		<bndbox>
			<xmin>627</xmin>
			<ymin>1509</ymin>
			<xmax>1013</xmax>
			<ymax>1764</ymax>
		</bndbox>
	</object>
	<object>
		<name>ref_fork</name>
		<bndbox>
			<xmin>703</xmin>
			<ymin>1268</ymin>
			<xmax>1118</xmax>
			<ymax>1450</ymax>
		</bndbox>
	</object>
	<object>
		<name>ref_coin</name>
		<bndbox>
			<xmin>2128</xmin>
			<ymin>140</ymin>
			<xmax>2295</xmax>
			<ymax>300</ymax>
		</bndbox>
	</object>
	<object>
		<name>dish</name>
		<bndbox>
			<xmin>895</xmin>
			<ymin>236</ymin>
			<xmax>2000</xmax>
			<ymax>1322</ymax>
		</bndbox>
	</object>
	<object>
		<name>두부김치</name>
		<bndbox>
			<xmin>1005</xmin>
			<ymin>418</ymin>
			<xmax>1873</xmax>
			<ymax>1258</ymax>
		</bndbox>
	</object>
</annotation>