<annotation>
	<folder>top반찬부피원형배달두부김치q2</folder>
	<filename>top_반찬부피_원형배달_두부김치_Q2_00038.JPG</filename>
	<path>/top반찬부피원형배달두부김치q2/top_반찬부피_원형배달_두부김치_Q2_00038.JPG</path>
	<source>
		<database>fooddata</database>
	</source>
	<size>
		<width>3008</width>
		<height>2000</height>
		<depth>3</depth>
	</size>
	<object>
		<name>ref_spoon</name>
		<bndbox>
			<xmin>447</xmin>
			<ymin>71</ymin>
			<xmax>723</xmax>
			<ymax>477</ymax>
		</bndbox>
	</object>
	<object>
		<name>ref_fork</name>
		<bndbox>
			<xmin>860</xmin>
			<ymin>206</ymin>
			<xmax>1047</xmax>
			<ymax>673</ymax>
		</bndbox>
	</object>
	<object>
		<name>ref_coin</name>
		<bndbox>
			<xmin>150</xmin>
			<ymin>1332</ymin>
			<xmax>364</xmax>
			<ymax>1538</ymax>
		</bndbox>
	</object>
	<object>
		<name>dish</name>
		<bndbox>
			<xmin>1256</xmin>
			<ymin>268</ymin>
			<xmax>2529</xmax>
			<ymax>1528</ymax>
		</bndbox>
	</object>
	<object>
		<name>두부김치</name>
		<bndbox>
			<xmin>1322</xmin>
			<ymin>440</ymin>
			<xmax>2310</xmax>
			<ymax>1437</ymax>
		</bndbox>
	</object>
</annotation>