<annotation>
	<folder>top반찬부피원형배달두부김치q2</folder>
	<filename>top_반찬부피_원형배달_두부김치_Q2_00005.JPG</filename>
	<path>/top반찬부피원형배달두부김치q2/top_반찬부피_원형배달_두부김치_Q2_00005.JPG</path>
	<source>
		<database>fooddata</database>
	</source>
	<size>
		<width>3008</width>
		<height>2000</height>
		<depth>3</depth>
	</size>
	<object>
		<name>ref_spoon</name>
		<bndbox>
			<xmin>1855</xmin>
			<ymin>108</ymin>
			<xmax>2121</xmax>
			<ymax>523</ymax>
		</bndbox>
	</object>
	<object>
		<name>ref_fork</name>
		<bndbox>
			<xmin>2167</xmin>
			<ymin>150</ymin>
			<xmax>2354</xmax>
			<ymax>590</ymax>
		</bndbox>
	</object>
	<object>
		<name>ref_coin</name>
		<bndbox>
			<xmin>325</xmin>
			<ymin>1199</ymin>
			<xmax>538</xmax>
			<ymax>1405</ymax>
		</bndbox>
	</object>
	<object>
		<name>dish</name>
		<bndbox>
			<xmin>551</xmin>
			<ymin>263</ymin>
			<xmax>1863</xmax>
			<ymax>1543</ymax>
		</bndbox>
	</object>
	<object>
		<name>두부김치</name>
		<bndbox>
			<xmin>978</xmin>
			<ymin>450</ymin>
			<xmax>1686</xmax>
			<ymax>1366</ymax>
		</bndbox>
	</object>
</annotation>