<annotation>
	<folder>top반찬부피원형배달두부김치q2</folder>
	<filename>top_반찬부피_원형배달_두부김치_Q2_00049.JPG</filename>
	<path>/top반찬부피원형배달두부김치q2/top_반찬부피_원형배달_두부김치_Q2_00049.JPG</path>
	<source>
		<database>fooddata</database>
	</source>
	<size>
		<width>3008</width>
		<height>2000</height>
		<depth>3</depth>
	</size>
	<object>
		<name>ref_spoon</name>
		<bndbox>
			<xmin>649</xmin>
			<ymin>81</ymin>
			<xmax>949</xmax>
			<ymax>533</ymax>
		</bndbox>
	</object>
	<object>
		<name>ref_fork</name>
		<bndbox>
			<xmin>1113</xmin>
			<ymin>226</ymin>
			<xmax>1317</xmax>
			<ymax>705</ymax>
		</bndbox>
	</object>
	<object>
		<name>ref_coin</name>
		<bndbox>
			<xmin>320</xmin>
			<ymin>523</ymin>
			<xmax>538</xmax>
			<ymax>735</ymax>
		</bndbox>
	</object>
	<object>
		<name>dish</name>
		<bndbox>
			<xmin>1447</xmin>
			<ymin>187</ymin>
			<xmax>2853</xmax>
			<ymax>1587</ymax>
		</bndbox>
	</object>
	<object>
		<name>두부김치</name>
		<bndbox>
			<xmin>1536</xmin>
			<ymin>445</ymin>
			<xmax>2440</xmax>
			<ymax>1477</ymax>
		</bndbox>
	</object>
</annotation>