<annotation>
	<folder>top반찬부피원형배달두부김치q2</folder>
	<filename>top_반찬부피_원형배달_두부김치_Q2_00040.JPG</filename>
	<path>/top반찬부피원형배달두부김치q2/top_반찬부피_원형배달_두부김치_Q2_00040.JPG</path>
	<source>
		<database>fooddata</database>
	</source>
	<size>
		<width>3008</width>
		<height>2000</height>
		<depth>3</depth>
	</size>
	<object>
		<name>ref_spoon</name>
		<bndbox>
			<xmin>592</xmin>
			<ymin>204</ymin>
			<xmax>860</xmax>
			<ymax>604</ymax>
		</bndbox>
	</object>
	<object>
		<name>ref_fork</name>
		<bndbox>
			<xmin>988</xmin>
			<ymin>346</ymin>
			<xmax>1177</xmax>
			<ymax>794</ymax>
		</bndbox>
	</object>
	<object>
		<name>ref_coin</name>
		<bndbox>
			<xmin>229</xmin>
			<ymin>988</ymin>
			<xmax>433</xmax>
			<ymax>1187</ymax>
		</bndbox>
	</object>
	<object>
		<name>dish</name>
		<bndbox>
			<xmin>1425</xmin>
			<ymin>482</ymin>
			<xmax>2725</xmax>
			<ymax>1764</ymax>
		</bndbox>
	</object>
	<object>
		<name>두부김치</name>
		<bndbox>
			<xmin>1497</xmin>
			<ymin>644</ymin>
			<xmax>2475</xmax>
			<ymax>1658</ymax>
		</bndbox>
	</object>
</annotation>