<annotation>
	<folder>top반찬부피원형배달두부김치q2</folder>
	<filename>top_반찬부피_원형배달_두부김치_Q2_00010.JPG</filename>
	<path>/top반찬부피원형배달두부김치q2/top_반찬부피_원형배달_두부김치_Q2_00010.JPG</path>
	<source>
		<database>fooddata</database>
	</source>
	<size>
		<width>3008</width>
		<height>2000</height>
		<depth>3</depth>
	</size>
	<object>
		<name>ref_spoon</name>
		<bndbox>
			<xmin>1868</xmin>
			<ymin>20</ymin>
			<xmax>2148</xmax>
			<ymax>459</ymax>
		</bndbox>
	</object>
	<object>
		<name>ref_fork</name>
		<bndbox>
			<xmin>2197</xmin>
			<ymin>54</ymin>
			<xmax>2393</xmax>
			<ymax>523</ymax>
		</bndbox>
	</object>
	<object>
		<name>ref_coin</name>
		<bndbox>
			<xmin>1317</xmin>
			<ymin>184</ymin>
			<xmax>1516</xmax>
			<ymax>386</ymax>
		</bndbox>
	</object>
	<object>
		<name>dish</name>
		<bndbox>
			<xmin>374</xmin>
			<ymin>413</ymin>
			<xmax>1784</xmax>
			<ymax>1796</ymax>
		</bndbox>
	</object>
	<object>
		<name>두부김치</name>
		<bndbox>
			<xmin>565</xmin>
			<ymin>808</ymin>
			<xmax>1639</xmax>
			<ymax>1658</ymax>
		</bndbox>
	</object>
</annotation>