<annotation>
	<folder>top반찬부피원형배달두부김치q2</folder>
	<filename>top_반찬부피_원형배달_두부김치_Q2_00029.JPG</filename>
	<path>/top반찬부피원형배달두부김치q2/top_반찬부피_원형배달_두부김치_Q2_00029.JPG</path>
	<source>
		<database>fooddata</database>
	</source>
	<size>
		<width>3008</width>
		<height>2000</height>
		<depth>3</depth>
	</size>
	<object>
		<name>ref_spoon</name>
		<bndbox>
			<xmin>568</xmin>
			<ymin>1467</ymin>
			<xmax>968</xmax>
			<ymax>1722</ymax>
		</bndbox>
	</object>
	<object>
		<name>ref_fork</name>
		<bndbox>
			<xmin>647</xmin>
			<ymin>1231</ymin>
			<xmax>1081</xmax>
			<ymax>1400</ymax>
		</bndbox>
	</object>
	<object>
		<name>ref_coin</name>
		<bndbox>
			<xmin>1895</xmin>
			<ymin>1091</ymin>
			<xmax>2057</xmax>
			<ymax>1251</ymax>
		</bndbox>
	</object>
	<object>
		<name>dish</name>
		<bndbox>
			<xmin>890</xmin>
			<ymin>115</ymin>
			<xmax>1990</xmax>
			<ymax>1189</ymax>
		</bndbox>
	</object>
	<object>
		<name>두부김치</name>
		<bndbox>
			<xmin>990</xmin>
			<ymin>287</ymin>
			<xmax>1841</xmax>
			<ymax>1128</ymax>
		</bndbox>
	</object>
</annotation>