<annotation>
	<folder>side건더기국류원형배달알탕q1</folder>
	<filename>side_건더기국류_원형배달_알탕_Q1_00006.JPG</filename>
	<path>/side건더기국류원형배달알탕q1/side_건더기국류_원형배달_알탕_Q1_00006.JPG</path>
	<source>
		<database>fooddata</database>
	</source>
	<size>
		<width>3008</width>
		<height>2000</height>
		<depth>3</depth>
	</size>
	<object>
		<name>ref_spoon</name>
		<bndbox>
			<xmin>1962</xmin>
			<ymin>445</ymin>
			<xmax>2288</xmax>
			<ymax>874</ymax>
		</bndbox>
	</object>
	<object>
		<name>ref_fork</name>
		<bndbox>
			<xmin>2366</xmin>
			<ymin>448</ymin>
			<xmax>2618</xmax>
			<ymax>895</ymax>
		</bndbox>
	</object>
	<object>
		<name>ref_coin</name>
		<bndbox>
			<xmin>270</xmin>
			<ymin>1417</ymin>
			<xmax>543</xmax>
			<ymax>1615</ymax>
		</bndbox>
	</object>
	<object>
		<name>dish</name>
		<bndbox>
			<xmin>433</xmin>
			<ymin>207</ymin>
			<xmax>1823</xmax>
			<ymax>1534</ymax>
		</bndbox>
	</object>
	<object>
		<name>알탕</name>
		<bndbox>
			<xmin>585</xmin>
			<ymin>619</ymin>
			<xmax>1703</xmax>
			<ymax>1098</ymax>
		</bndbox>
	</object>
</annotation>