<annotation>
	<folder>side건더기국류원형배달알탕q1</folder>
	<filename>side_건더기국류_원형배달_알탕_Q1_00016.JPG</filename>
	<path>/side건더기국류원형배달알탕q1/side_건더기국류_원형배달_알탕_Q1_00016.JPG</path>
	<source>
		<database>fooddata</database>
	</source>
	<size>
		<width>3008</width>
		<height>2000</height>
		<depth>3</depth>
	</size>
	<object>
		<name>ref_spoon</name>
		<bndbox>
			<xmin>2139</xmin>
			<ymin>597</ymin>
			<xmax>2444</xmax>
			<ymax>970</ymax>
		</bndbox>
	</object>
	<object>
		<name>ref_fork</name>
		<bndbox>
			<xmin>2515</xmin>
			<ymin>612</ymin>
			<xmax>2738</xmax>
			<ymax>1012</ymax>
		</bndbox>
	</object>
	<object>
		<name>ref_coin</name>
		<bndbox>
			<xmin>1603</xmin>
			<ymin>1566</ymin>
			<xmax>1859</xmax>
			<ymax>1750</ymax>
		</bndbox>
	</object>
	<object>
		<name>dish</name>
		<bndbox>
			<xmin>667</xmin>
			<ymin>331</ymin>
			<xmax>1944</xmax>
			<ymax>1530</ymax>
		</bndbox>
	</object>
	<object>
		<name>알탕</name>
		<bndbox>
			<xmin>802</xmin>
			<ymin>711</ymin>
			<xmax>1813</xmax>
			<ymax>1126</ymax>
		</bndbox>
	</object>
</annotation>