<annotation>
	<folder>side건더기국류원형배달알탕q1</folder>
	<filename>side_건더기국류_원형배달_알탕_Q1_00010.JPG</filename>
	<path>/side건더기국류원형배달알탕q1/side_건더기국류_원형배달_알탕_Q1_00010.JPG</path>
	<source>
		<database>fooddata</database>
	</source>
	<size>
		<width>3008</width>
		<height>2000</height>
		<depth>3</depth>
	</size>
	<object>
		<name>ref_spoon</name>
		<bndbox>
			<xmin>2118</xmin>
			<ymin>587</ymin>
			<xmax>2448</xmax>
			<ymax>984</ymax>
		</bndbox>
	</object>
	<object>
		<name>ref_fork</name>
		<bndbox>
			<xmin>2511</xmin>
			<ymin>601</ymin>
			<xmax>2767</xmax>
			<ymax>1027</ymax>
		</bndbox>
	</object>
	<object>
		<name>ref_coin</name>
		<bndbox>
			<xmin>341</xmin>
			<ymin>431</ymin>
			<xmax>575</xmax>
			<ymax>590</ymax>
		</bndbox>
	</object>
	<object>
		<name>dish</name>
		<bndbox>
			<xmin>646</xmin>
			<ymin>346</ymin>
			<xmax>2033</xmax>
			<ymax>1672</ymax>
		</bndbox>
	</object>
	<object>
		<name>알탕</name>
		<bndbox>
			<xmin>791</xmin>
			<ymin>746</ymin>
			<xmax>1901</xmax>
			<ymax>1211</ymax>
		</bndbox>
	</object>
</annotation>