<annotation>
	<folder>side건더기국류원형배달알탕q1</folder>
	<filename>side_건더기국류_원형배달_알탕_Q1_00037.JPG</filename>
	<path>/side건더기국류원형배달알탕q1/side_건더기국류_원형배달_알탕_Q1_00037.JPG</path>
	<source>
		<database>fooddata</database>
	</source>
	<size>
		<width>3008</width>
		<height>2000</height>
		<depth>3</depth>
	</size>
	<object>
		<name>ref_spoon</name>
		<bndbox>
			<xmin>670</xmin>
			<ymin>551</ymin>
			<xmax>972</xmax>
			<ymax>941</ymax>
		</bndbox>
	</object>
	<object>
		<name>ref_fork</name>
		<bndbox>
			<xmin>979</xmin>
			<ymin>651</ymin>
			<xmax>1195</xmax>
			<ymax>1069</ymax>
		</bndbox>
	</object>
	<object>
		<name>ref_coin</name>
		<bndbox>
			<xmin>1834</xmin>
			<ymin>1615</ymin>
			<xmax>2096</xmax>
			<ymax>1835</ymax>
		</bndbox>
	</object>
	<object>
		<name>dish</name>
		<bndbox>
			<xmin>1298</xmin>
			<ymin>228</ymin>
			<xmax>2597</xmax>
			<ymax>1505</ymax>
		</bndbox>
	</object>
	<object>
		<name>알탕</name>
		<bndbox>
			<xmin>1430</xmin>
			<ymin>601</ymin>
			<xmax>2469</xmax>
			<ymax>1069</ymax>
		</bndbox>
	</object>
</annotation>