<annotation>
	<folder>side건더기국류원형배달알탕q1</folder>
	<filename>side_건더기국류_원형배달_알탕_Q1_00003.JPG</filename>
	<path>/side건더기국류원형배달알탕q1/side_건더기국류_원형배달_알탕_Q1_00003.JPG</path>
	<source>
		<database>fooddata</database>
	</source>
	<size>
		<width>3008</width>
		<height>2000</height>
		<depth>3</depth>
	</size>
	<object>
		<name>ref_spoon</name>
		<bndbox>
			<xmin>1848</xmin>
			<ymin>480</ymin>
			<xmax>2174</xmax>
			<ymax>881</ymax>
		</bndbox>
	</object>
	<object>
		<name>ref_fork</name>
		<bndbox>
			<xmin>2249</xmin>
			<ymin>470</ymin>
			<xmax>2501</xmax>
			<ymax>927</ymax>
		</bndbox>
	</object>
	<object>
		<name>ref_coin</name>
		<bndbox>
			<xmin>972</xmin>
			<ymin>1630</ymin>
			<xmax>1252</xmax>
			<ymax>1853</ymax>
		</bndbox>
	</object>
	<object>
		<name>dish</name>
		<bndbox>
			<xmin>319</xmin>
			<ymin>214</ymin>
			<xmax>1692</xmax>
			<ymax>1530</ymax>
		</bndbox>
	</object>
	<object>
		<name>알탕</name>
		<bndbox>
			<xmin>479</xmin>
			<ymin>612</ymin>
			<xmax>1571</xmax>
			<ymax>1083</ymax>
		</bndbox>
	</object>
</annotation>