<annotation>
	<folder>side건더기국류원형배달알탕q1</folder>
	<filename>side_건더기국류_원형배달_알탕_Q1_00054.JPG</filename>
	<path>/side건더기국류원형배달알탕q1/side_건더기국류_원형배달_알탕_Q1_00054.JPG</path>
	<source>
		<database>fooddata</database>
	</source>
	<size>
		<width>3008</width>
		<height>2000</height>
		<depth>3</depth>
	</size>
	<object>
		<name>ref_spoon</name>
		<bndbox>
			<xmin>826</xmin>
			<ymin>392</ymin>
			<xmax>1135</xmax>
			<ymax>775</ymax>
		</bndbox>
	</object>
	<object>
		<name>ref_fork</name>
		<bndbox>
			<xmin>1149</xmin>
			<ymin>445</ymin>
			<xmax>1376</xmax>
			<ymax>892</ymax>
		</bndbox>
	</object>
	<object>
		<name>ref_coin</name>
		<bndbox>
			<xmin>2522</xmin>
			<ymin>1435</ymin>
			<xmax>2802</xmax>
			<ymax>1651</ymax>
		</bndbox>
	</object>
	<object>
		<name>dish</name>
		<bndbox>
			<xmin>1401</xmin>
			<ymin>143</ymin>
			<xmax>2774</xmax>
			<ymax>1442</ymax>
		</bndbox>
	</object>
	<object>
		<name>알탕</name>
		<bndbox>
			<xmin>1557</xmin>
			<ymin>530</ymin>
			<xmax>2650</xmax>
			<ymax>1041</ymax>
		</bndbox>
	</object>
</annotation>