<annotation>
	<folder>side건더기국류원형배달알탕q1</folder>
	<filename>side_건더기국류_원형배달_알탕_Q1_00030.JPG</filename>
	<path>/side건더기국류원형배달알탕q1/side_건더기국류_원형배달_알탕_Q1_00030.JPG</path>
	<source>
		<database>fooddata</database>
	</source>
	<size>
		<width>3008</width>
		<height>2000</height>
		<depth>3</depth>
	</size>
	<object>
		<name>ref_spoon</name>
		<bndbox>
			<xmin>614</xmin>
			<ymin>1566</ymin>
			<xmax>1089</xmax>
			<ymax>1835</ymax>
		</bndbox>
	</object>
	<object>
		<name>ref_fork</name>
		<bndbox>
			<xmin>571</xmin>
			<ymin>1317</ymin>
			<xmax>1078</xmax>
			<ymax>1559</ymax>
		</bndbox>
	</object>
	<object>
		<name>ref_coin</name>
		<bndbox>
			<xmin>2391</xmin>
			<ymin>1168</ymin>
			<xmax>2628</xmax>
			<ymax>1353</ymax>
		</bndbox>
	</object>
	<object>
		<name>dish</name>
		<bndbox>
			<xmin>596</xmin>
			<ymin>136</ymin>
			<xmax>1852</xmax>
			<ymax>1339</ymax>
		</bndbox>
	</object>
	<object>
		<name>알탕</name>
		<bndbox>
			<xmin>734</xmin>
			<ymin>509</ymin>
			<xmax>1724</xmax>
			<ymax>913</ymax>
		</bndbox>
	</object>
</annotation>