<annotation>
	<folder>side건더기국류원형배달알탕q1재작업</folder>
	<filename>side_건더기국류_원형배달_알탕_Q1_00044.JPG</filename>
	<path>/side건더기국류원형배달알탕q1/side_건더기국류_원형배달_알탕_Q1_00044.JPG</path>
	<source>
		<database>fooddata</database>
	</source>
	<size>
		<width>3008</width>
		<height>2000</height>
		<depth>3</depth>
	</size>
	<object>
		<name>ref_spoon</name>
		<bndbox>
			<xmin>384</xmin>
			<ymin>725</ymin>
			<xmax>654</xmax>
			<ymax>1111</ymax>
		</bndbox>
	</object>
	<object>
		<name>ref_fork</name>
		<bndbox>
			<xmin>703</xmin>
			<ymin>776</ymin>
			<xmax>892</xmax>
			<ymax>1206</ymax>
		</bndbox>
	</object>
	<object>
		<name>ref_coin</name>
		<bndbox>
			<xmin>1408</xmin>
			<ymin>123</ymin>
			<xmax>1600</xmax>
			<ymax>253</ymax>
		</bndbox>
	</object>
	<object>
		<name>dish</name>
		<bndbox>
			<xmin>968</xmin>
			<ymin>504</ymin>
			<xmax>2290</xmax>
			<ymax>1779</ymax>
		</bndbox>
	</object>
	<object>
		<name>알탕</name>
		<bndbox>
			<xmin>1116</xmin>
			<ymin>872</ymin>
			<xmax>2175</xmax>
			<ymax>1371</ymax>
		</bndbox>
	</object>
</annotation>