<annotation>
	<folder>top건더기국류원형배달알탕q1</folder>
	<filename>top_건더기국류_원형배달_알탕_Q1_00041.JPG</filename>
	<path>/top건더기국류원형배달알탕q1/top_건더기국류_원형배달_알탕_Q1_00041.JPG</path>
	<source>
		<database>fooddata</database>
	</source>
	<size>
		<width>3008</width>
		<height>2000</height>
		<depth>3</depth>
	</size>
	<object>
		<name>ref_spoon</name>
		<bndbox>
			<xmin>293</xmin>
			<ymin>168</ymin>
			<xmax>572</xmax>
			<ymax>615</ymax>
		</bndbox>
	</object>
	<object>
		<name>ref_fork</name>
		<bndbox>
			<xmin>671</xmin>
			<ymin>254</ymin>
			<xmax>858</xmax>
			<ymax>731</ymax>
		</bndbox>
	</object>
	<object>
		<name>ref_coin</name>
		<bndbox>
			<xmin>2268</xmin>
			<ymin>400</ymin>
			<xmax>2464</xmax>
			<ymax>590</ymax>
		</bndbox>
	</object>
	<object>
		<name>dish</name>
		<bndbox>
			<xmin>952</xmin>
			<ymin>193</ymin>
			<xmax>2238</xmax>
			<ymax>1459</ymax>
		</bndbox>
	</object>
	<object>
		<name>알탕</name>
		<bndbox>
			<xmin>1054</xmin>
			<ymin>370</ymin>
			<xmax>2105</xmax>
			<ymax>1404</ymax>
		</bndbox>
	</object>
</annotation>