<annotation>
	<folder>top건더기국류원형배달알탕q1</folder>
	<filename>top_건더기국류_원형배달_알탕_Q1_00017.JPG</filename>
	<path>/top건더기국류원형배달알탕q1/top_건더기국류_원형배달_알탕_Q1_00017.JPG</path>
	<source>
		<database>fooddata</database>
	</source>
	<size>
		<width>3008</width>
		<height>2000</height>
		<depth>3</depth>
	</size>
	<object>
		<name>ref_spoon</name>
		<bndbox>
			<xmin>889</xmin>
			<ymin>1597</ymin>
			<xmax>1261</xmax>
			<ymax>1834</ymax>
		</bndbox>
	</object>
	<object>
		<name>ref_fork</name>
		<bndbox>
			<xmin>919</xmin>
			<ymin>1308</ymin>
			<xmax>1327</xmax>
			<ymax>1462</ymax>
		</bndbox>
	</object>
	<object>
		<name>ref_coin</name>
		<bndbox>
			<xmin>698</xmin>
			<ymin>966</ymin>
			<xmax>864</xmax>
			<ymax>1131</ymax>
		</bndbox>
	</object>
	<object>
		<name>dish</name>
		<bndbox>
			<xmin>938</xmin>
			<ymin>105</ymin>
			<xmax>1995</xmax>
			<ymax>1131</ymax>
		</bndbox>
	</object>
	<object>
		<name>알탕</name>
		<bndbox>
			<xmin>1049</xmin>
			<ymin>273</ymin>
			<xmax>1898</xmax>
			<ymax>1101</ymax>
		</bndbox>
	</object>
</annotation>