<annotation>
	<folder>top건더기국류원형배달알탕q1</folder>
	<filename>top_건더기국류_원형배달_알탕_Q1_00044.JPG</filename>
	<path>/top건더기국류원형배달알탕q1/top_건더기국류_원형배달_알탕_Q1_00044.JPG</path>
	<source>
		<database>fooddata</database>
	</source>
	<size>
		<width>3008</width>
		<height>2000</height>
		<depth>3</depth>
	</size>
	<object>
		<name>ref_spoon</name>
		<bndbox>
			<xmin>279</xmin>
			<ymin>320</ymin>
			<xmax>547</xmax>
			<ymax>753</ymax>
		</bndbox>
	</object>
	<object>
		<name>ref_fork</name>
		<bndbox>
			<xmin>646</xmin>
			<ymin>386</ymin>
			<xmax>825</xmax>
			<ymax>847</ymax>
		</bndbox>
	</object>
	<object>
		<name>ref_coin</name>
		<bndbox>
			<xmin>999</xmin>
			<ymin>309</ymin>
			<xmax>1178</xmax>
			<ymax>488</ymax>
		</bndbox>
	</object>
	<object>
		<name>dish</name>
		<bndbox>
			<xmin>1041</xmin>
			<ymin>455</ymin>
			<xmax>2285</xmax>
			<ymax>1674</ymax>
		</bndbox>
	</object>
	<object>
		<name>알탕</name>
		<bndbox>
			<xmin>1148</xmin>
			<ymin>610</ymin>
			<xmax>2161</xmax>
			<ymax>1611</ymax>
		</bndbox>
	</object>
</annotation>