<annotation>
	<folder>top건더기국류원형배달알탕q1</folder>
	<filename>top_건더기국류_원형배달_알탕_Q1_00053.JPG</filename>
	<path>/top건더기국류원형배달알탕q1/top_건더기국류_원형배달_알탕_Q1_00053.JPG</path>
	<source>
		<database>fooddata</database>
	</source>
	<size>
		<width>3008</width>
		<height>2000</height>
		<depth>3</depth>
	</size>
	<object>
		<name>ref_spoon</name>
		<bndbox>
			<xmin>271</xmin>
			<ymin>201</ymin>
			<xmax>536</xmax>
			<ymax>637</ymax>
		</bndbox>
	</object>
	<object>
		<name>ref_fork</name>
		<bndbox>
			<xmin>638</xmin>
			<ymin>259</ymin>
			<xmax>820</xmax>
			<ymax>709</ymax>
		</bndbox>
	</object>
	<object>
		<name>ref_coin</name>
		<bndbox>
			<xmin>1967</xmin>
			<ymin>1446</ymin>
			<xmax>2155</xmax>
			<ymax>1641</ymax>
		</bndbox>
	</object>
	<object>
		<name>dish</name>
		<bndbox>
			<xmin>900</xmin>
			<ymin>210</ymin>
			<xmax>2136</xmax>
			<ymax>1410</ymax>
		</bndbox>
	</object>
	<object>
		<name>알탕</name>
		<bndbox>
			<xmin>1016</xmin>
			<ymin>372</ymin>
			<xmax>2025</xmax>
			<ymax>1374</ymax>
		</bndbox>
	</object>
</annotation>