<annotation>
	<folder>top건더기국류원형배달알탕q1</folder>
	<filename>top_건더기국류_원형배달_알탕_Q1_00014.JPG</filename>
	<path>/top건더기국류원형배달알탕q1/top_건더기국류_원형배달_알탕_Q1_00014.JPG</path>
	<source>
		<database>fooddata</database>
	</source>
	<size>
		<width>3008</width>
		<height>2000</height>
		<depth>3</depth>
	</size>
	<object>
		<name>ref_spoon</name>
		<bndbox>
			<xmin>1976</xmin>
			<ymin>240</ymin>
			<xmax>2246</xmax>
			<ymax>654</ymax>
		</bndbox>
	</object>
	<object>
		<name>ref_fork</name>
		<bndbox>
			<xmin>2359</xmin>
			<ymin>268</ymin>
			<xmax>2533</xmax>
			<ymax>737</ymax>
		</bndbox>
	</object>
	<object>
		<name>ref_coin</name>
		<bndbox>
			<xmin>1463</xmin>
			<ymin>1528</ymin>
			<xmax>1653</xmax>
			<ymax>1732</ymax>
		</bndbox>
	</object>
	<object>
		<name>dish</name>
		<bndbox>
			<xmin>414</xmin>
			<ymin>257</ymin>
			<xmax>1664</xmax>
			<ymax>1490</ymax>
		</bndbox>
	</object>
	<object>
		<name>알탕</name>
		<bndbox>
			<xmin>580</xmin>
			<ymin>425</ymin>
			<xmax>1598</xmax>
			<ymax>1429</ymax>
		</bndbox>
	</object>
</annotation>