<annotation>
	<folder>top건더기국류원형배달알탕q1</folder>
	<filename>top_건더기국류_원형배달_알탕_Q1_00040.JPG</filename>
	<path>/top건더기국류원형배달알탕q1/top_건더기국류_원형배달_알탕_Q1_00040.JPG</path>
	<source>
		<database>fooddata</database>
	</source>
	<size>
		<width>3008</width>
		<height>2000</height>
		<depth>3</depth>
	</size>
	<object>
		<name>ref_spoon</name>
		<bndbox>
			<xmin>249</xmin>
			<ymin>154</ymin>
			<xmax>530</xmax>
			<ymax>590</ymax>
		</bndbox>
	</object>
	<object>
		<name>ref_fork</name>
		<bndbox>
			<xmin>630</xmin>
			<ymin>229</ymin>
			<xmax>812</xmax>
			<ymax>723</ymax>
		</bndbox>
	</object>
	<object>
		<name>ref_coin</name>
		<bndbox>
			<xmin>2304</xmin>
			<ymin>1170</ymin>
			<xmax>2500</xmax>
			<ymax>1368</ymax>
		</bndbox>
	</object>
	<object>
		<name>dish</name>
		<bndbox>
			<xmin>905</xmin>
			<ymin>174</ymin>
			<xmax>2196</xmax>
			<ymax>1432</ymax>
		</bndbox>
	</object>
	<object>
		<name>알탕</name>
		<bndbox>
			<xmin>1018</xmin>
			<ymin>348</ymin>
			<xmax>2058</xmax>
			<ymax>1377</ymax>
		</bndbox>
	</object>
</annotation>