<annotation>
	<folder>top건더기국류원형배달알탕q1</folder>
	<filename>top_건더기국류_원형배달_알탕_Q1_00026.JPG</filename>
	<path>/top건더기국류원형배달알탕q1/top_건더기국류_원형배달_알탕_Q1_00026.JPG</path>
	<source>
		<database>fooddata</database>
	</source>
	<size>
		<width>3008</width>
		<height>2000</height>
		<depth>3</depth>
	</size>
	<object>
		<name>ref_spoon</name>
		<bndbox>
			<xmin>842</xmin>
			<ymin>1677</ymin>
			<xmax>1203</xmax>
			<ymax>1920</ymax>
		</bndbox>
	</object>
	<object>
		<name>ref_fork</name>
		<bndbox>
			<xmin>872</xmin>
			<ymin>1388</ymin>
			<xmax>1261</xmax>
			<ymax>1534</ymax>
		</bndbox>
	</object>
	<object>
		<name>ref_coin</name>
		<bndbox>
			<xmin>2089</xmin>
			<ymin>897</ymin>
			<xmax>2257</xmax>
			<ymax>1065</ymax>
		</bndbox>
	</object>
	<object>
		<name>dish</name>
		<bndbox>
			<xmin>930</xmin>
			<ymin>221</ymin>
			<xmax>1973</xmax>
			<ymax>1219</ymax>
		</bndbox>
	</object>
	<object>
		<name>알탕</name>
		<bndbox>
			<xmin>1027</xmin>
			<ymin>375</ymin>
			<xmax>1879</xmax>
			<ymax>1186</ymax>
		</bndbox>
	</object>
</annotation>