<annotation>
	<folder>side어육류면적철판닭갈비q3</folder>
	<filename>side_어육류면적_철판_닭갈비_Q3_00024.JPG</filename>
	<path>/side어육류면적철판닭갈비q3/side_어육류면적_철판_닭갈비_Q3_00024.JPG</path>
	<source>
		<database>fooddata</database>
	</source>
	<size>
		<width>3008</width>
		<height>2000</height>
		<depth>3</depth>
	</size>
	<object>
		<name>ref_spoon</name>
		<bndbox>
			<xmin>681</xmin>
			<ymin>1648</ymin>
			<xmax>1072</xmax>
			<ymax>1892</ymax>
		</bndbox>
	</object>
	<object>
		<name>ref_fork</name>
		<bndbox>
			<xmin>752</xmin>
			<ymin>1445</ymin>
			<xmax>1169</xmax>
			<ymax>1653</ymax>
		</bndbox>
	</object>
	<object>
		<name>ref_coin</name>
		<bndbox>
			<xmin>1977</xmin>
			<ymin>57</ymin>
			<xmax>2129</xmax>
			<ymax>174</ymax>
		</bndbox>
	</object>
	<object>
		<name>dish</name>
		<bndbox>
			<xmin>849</xmin>
			<ymin>184</ymin>
			<xmax>2134</xmax>
			<ymax>1135</ymax>
		</bndbox>
	</object>
	<object>
		<name>닭갈비</name>
		<bndbox>
			<xmin>1021</xmin>
			<ymin>357</ymin>
			<xmax>2032</xmax>
			<ymax>1033</ymax>
		</bndbox>
	</object>
</annotation>