<annotation>
	<folder>side어육류면적철판닭갈비q3</folder>
	<filename>side_어육류면적_철판_닭갈비_Q3_00028.JPG</filename>
	<path>/side어육류면적철판닭갈비q3/side_어육류면적_철판_닭갈비_Q3_00028.JPG</path>
	<source>
		<database>fooddata</database>
	</source>
	<size>
		<width>3008</width>
		<height>2000</height>
		<depth>3</depth>
	</size>
	<object>
		<name>ref_spoon</name>
		<bndbox>
			<xmin>701</xmin>
			<ymin>1495</ymin>
			<xmax>1098</xmax>
			<ymax>1729</ymax>
		</bndbox>
	</object>
	<object>
		<name>ref_fork</name>
		<bndbox>
			<xmin>747</xmin>
			<ymin>1297</ymin>
			<xmax>1194</xmax>
			<ymax>1495</ymax>
		</bndbox>
	</object>
	<object>
		<name>ref_coin</name>
		<bndbox>
			<xmin>346</xmin>
			<ymin>769</ymin>
			<xmax>534</xmax>
			<ymax>916</ymax>
		</bndbox>
	</object>
	<object>
		<name>dish</name>
		<bndbox>
			<xmin>884</xmin>
			<ymin>113</ymin>
			<xmax>2165</xmax>
			<ymax>1058</ymax>
		</bndbox>
	</object>
	<object>
		<name>닭갈비</name>
		<bndbox>
			<xmin>1108</xmin>
			<ymin>306</ymin>
			<xmax>1987</xmax>
			<ymax>977</ymax>
		</bndbox>
	</object>
</annotation>