<annotation>
	<folder>side어육류면적철판닭갈비q3</folder>
	<filename>side_어육류면적_철판_닭갈비_Q3_00003.JPG</filename>
	<path>/side어육류면적철판닭갈비q3/side_어육류면적_철판_닭갈비_Q3_00003.JPG</path>
	<source>
		<database>fooddata</database>
	</source>
	<size>
		<width>3008</width>
		<height>2000</height>
		<depth>3</depth>
	</size>
	<object>
		<name>ref_spoon</name>
		<bndbox>
			<xmin>2154</xmin>
			<ymin>540</ymin>
			<xmax>2398</xmax>
			<ymax>886</ymax>
		</bndbox>
	</object>
	<object>
		<name>ref_fork</name>
		<bndbox>
			<xmin>2510</xmin>
			<ymin>576</ymin>
			<xmax>2703</xmax>
			<ymax>962</ymax>
		</bndbox>
	</object>
	<object>
		<name>ref_coin</name>
		<bndbox>
			<xmin>1148</xmin>
			<ymin>1719</ymin>
			<xmax>1377</xmax>
			<ymax>1897</ymax>
		</bndbox>
	</object>
	<object>
		<name>dish</name>
		<bndbox>
			<xmin>391</xmin>
			<ymin>251</ymin>
			<xmax>1916</xmax>
			<ymax>1373</ymax>
		</bndbox>
	</object>
	<object>
		<name>닭갈비</name>
		<bndbox>
			<xmin>600</xmin>
			<ymin>449</ymin>
			<xmax>1662</xmax>
			<ymax>1241</ymax>
		</bndbox>
	</object>
</annotation>