<annotation>
	<folder>side어육류면적철판닭갈비q3</folder>
	<filename>side_어육류면적_철판_닭갈비_Q3_00010.JPG</filename>
	<path>/side어육류면적철판닭갈비q3/side_어육류면적_철판_닭갈비_Q3_00010.JPG</path>
	<source>
		<database>fooddata</database>
	</source>
	<size>
		<width>3008</width>
		<height>2000</height>
		<depth>3</depth>
	</size>
	<object>
		<name>ref_spoon</name>
		<bndbox>
			<xmin>2236</xmin>
			<ymin>642</ymin>
			<xmax>2505</xmax>
			<ymax>1008</ymax>
		</bndbox>
	</object>
	<object>
		<name>ref_fork</name>
		<bndbox>
			<xmin>2612</xmin>
			<ymin>672</ymin>
			<xmax>2825</xmax>
			<ymax>1089</ymax>
		</bndbox>
	</object>
	<object>
		<name>ref_coin</name>
		<bndbox>
			<xmin>798</xmin>
			<ymin>235</ymin>
			<xmax>991</xmax>
			<ymax>367</ymax>
		</bndbox>
	</object>
	<object>
		<name>dish</name>
		<bndbox>
			<xmin>335</xmin>
			<ymin>418</ymin>
			<xmax>1941</xmax>
			<ymax>1668</ymax>
		</bndbox>
	</object>
	<object>
		<name>닭갈비</name>
		<bndbox>
			<xmin>701</xmin>
			<ymin>738</ymin>
			<xmax>1834</xmax>
			<ymax>1556</ymax>
		</bndbox>
	</object>
</annotation>