<annotation>
	<folder>side어육류면적철판닭갈비q3</folder>
	<filename>side_어육류면적_철판_닭갈비_Q3_00049.JPG</filename>
	<path>/side어육류면적철판닭갈비q3/side_어육류면적_철판_닭갈비_Q3_00049.JPG</path>
	<source>
		<database>fooddata</database>
	</source>
	<size>
		<width>3008</width>
		<height>2000</height>
		<depth>3</depth>
	</size>
	<object>
		<name>ref_spoon</name>
		<bndbox>
			<xmin>193</xmin>
			<ymin>459</ymin>
			<xmax>447</xmax>
			<ymax>779</ymax>
		</bndbox>
	</object>
	<object>
		<name>ref_fork</name>
		<bndbox>
			<xmin>493</xmin>
			<ymin>545</ymin>
			<xmax>681</xmax>
			<ymax>911</ymax>
		</bndbox>
	</object>
	<object>
		<name>ref_coin</name>
		<bndbox>
			<xmin>2678</xmin>
			<ymin>855</ymin>
			<xmax>2886</xmax>
			<ymax>1008</ymax>
		</bndbox>
	</object>
	<object>
		<name>dish</name>
		<bndbox>
			<xmin>930</xmin>
			<ymin>398</ymin>
			<xmax>2342</xmax>
			<ymax>1485</ymax>
		</bndbox>
	</object>
	<object>
		<name>닭갈비</name>
		<bndbox>
			<xmin>1087</xmin>
			<ymin>632</ymin>
			<xmax>2266</xmax>
			<ymax>1323</ymax>
		</bndbox>
	</object>
</annotation>