<annotation>
	<folder>side어육류면적철판닭갈비q3</folder>
	<filename>side_어육류면적_철판_닭갈비_Q3_00019.JPG</filename>
	<path>/side어육류면적철판닭갈비q3/side_어육류면적_철판_닭갈비_Q3_00019.JPG</path>
	<source>
		<database>fooddata</database>
	</source>
	<size>
		<width>3008</width>
		<height>2000</height>
		<depth>3</depth>
	</size>
	<object>
		<name>ref_spoon</name>
		<bndbox>
			<xmin>747</xmin>
			<ymin>1612</ymin>
			<xmax>1235</xmax>
			<ymax>1871</ymax>
		</bndbox>
	</object>
	<object>
		<name>ref_fork</name>
		<bndbox>
			<xmin>833</xmin>
			<ymin>1379</ymin>
			<xmax>1326</xmax>
			<ymax>1607</ymax>
		</bndbox>
	</object>
	<object>
		<name>ref_coin</name>
		<bndbox>
			<xmin>2459</xmin>
			<ymin>1043</ymin>
			<xmax>2683</xmax>
			<ymax>1196</ymax>
		</bndbox>
	</object>
	<object>
		<name>dish</name>
		<bndbox>
			<xmin>859</xmin>
			<ymin>98</ymin>
			<xmax>2226</xmax>
			<ymax>1130</ymax>
		</bndbox>
	</object>
	<object>
		<name>닭갈비</name>
		<bndbox>
			<xmin>1026</xmin>
			<ymin>220</ymin>
			<xmax>1987</xmax>
			<ymax>1053</ymax>
		</bndbox>
	</object>
</annotation>