<annotation>
	<folder>top어육류면적철판닭갈비q3</folder>
	<filename>top_어육류면적_철판_닭갈비_Q3_00019.JPG</filename>
	<path>/top어육류면적철판닭갈비q3/top_어육류면적_철판_닭갈비_Q3_00019.JPG</path>
	<source>
		<database>fooddata</database>
	</source>
	<size>
		<width>3008</width>
		<height>2000</height>
		<depth>3</depth>
	</size>
	<object>
		<name>ref_spoon</name>
		<bndbox>
			<xmin>1121</xmin>
			<ymin>1607</ymin>
			<xmax>1462</xmax>
			<ymax>1840</ymax>
		</bndbox>
	</object>
	<object>
		<name>ref_fork</name>
		<bndbox>
			<xmin>1134</xmin>
			<ymin>1428</ymin>
			<xmax>1467</xmax>
			<ymax>1572</ymax>
		</bndbox>
	</object>
	<object>
		<name>ref_coin</name>
		<bndbox>
			<xmin>2341</xmin>
			<ymin>800</ymin>
			<xmax>2478</xmax>
			<ymax>941</ymax>
		</bndbox>
	</object>
	<object>
		<name>dish</name>
		<bndbox>
			<xmin>1029</xmin>
			<ymin>73</ymin>
			<xmax>2214</xmax>
			<ymax>1239</ymax>
		</bndbox>
	</object>
	<object>
		<name>닭갈비</name>
		<bndbox>
			<xmin>1357</xmin>
			<ymin>319</ymin>
			<xmax>1999</xmax>
			<ymax>1110</ymax>
		</bndbox>
	</object>
</annotation>