<annotation>
	<folder>top어육류면적철판닭갈비q3</folder>
	<filename>top_어육류면적_철판_닭갈비_Q3_00007.JPG</filename>
	<path>/top어육류면적철판닭갈비q3/top_어육류면적_철판_닭갈비_Q3_00007.JPG</path>
	<source>
		<database>fooddata</database>
	</source>
	<size>
		<width>3008</width>
		<height>2000</height>
		<depth>3</depth>
	</size>
	<object>
		<name>ref_spoon</name>
		<bndbox>
			<xmin>2246</xmin>
			<ymin>407</ymin>
			<xmax>2449</xmax>
			<ymax>717</ymax>
		</bndbox>
	</object>
	<object>
		<name>ref_fork</name>
		<bndbox>
			<xmin>2546</xmin>
			<ymin>418</ymin>
			<xmax>2680</xmax>
			<ymax>751</ymax>
		</bndbox>
	</object>
	<object>
		<name>ref_coin</name>
		<bndbox>
			<xmin>583</xmin>
			<ymin>1041</ymin>
			<xmax>751</xmax>
			<ymax>1203</ymax>
		</bndbox>
	</object>
	<object>
		<name>dish</name>
		<bndbox>
			<xmin>895</xmin>
			<ymin>319</ymin>
			<xmax>2163</xmax>
			<ymax>1507</ymax>
		</bndbox>
	</object>
	<object>
		<name>닭갈비</name>
		<bndbox>
			<xmin>1183</xmin>
			<ymin>622</ymin>
			<xmax>1851</xmax>
			<ymax>1308</ymax>
		</bndbox>
	</object>
</annotation>