<annotation>
	<folder>top어육류면적철판닭갈비q3</folder>
	<filename>top_어육류면적_철판_닭갈비_Q3_00050.JPG</filename>
	<path>/top어육류면적철판닭갈비q3/top_어육류면적_철판_닭갈비_Q3_00050.JPG</path>
	<source>
		<database>fooddata</database>
	</source>
	<size>
		<width>3008</width>
		<height>2000</height>
		<depth>3</depth>
	</size>
	<object>
		<name>ref_spoon</name>
		<bndbox>
			<xmin>244</xmin>
			<ymin>535</ymin>
			<xmax>507</xmax>
			<ymax>924</ymax>
		</bndbox>
	</object>
	<object>
		<name>ref_fork</name>
		<bndbox>
			<xmin>611</xmin>
			<ymin>518</ymin>
			<xmax>778</xmax>
			<ymax>916</ymax>
		</bndbox>
	</object>
	<object>
		<name>ref_coin</name>
		<bndbox>
			<xmin>2070</xmin>
			<ymin>249</ymin>
			<xmax>2232</xmax>
			<ymax>398</ymax>
		</bndbox>
	</object>
	<object>
		<name>dish</name>
		<bndbox>
			<xmin>877</xmin>
			<ymin>249</ymin>
			<xmax>2316</xmax>
			<ymax>1618</ymax>
		</bndbox>
	</object>
	<object>
		<name>닭갈비</name>
		<bndbox>
			<xmin>1223</xmin>
			<ymin>585</ymin>
			<xmax>2088</xmax>
			<ymax>1527</ymax>
		</bndbox>
	</object>
</annotation>