<annotation>
	<folder>top어육류면적철판닭갈비q3</folder>
	<filename>top_어육류면적_철판_닭갈비_Q3_00043.JPG</filename>
	<path>/top어육류면적철판닭갈비q3/top_어육류면적_철판_닭갈비_Q3_00043.JPG</path>
	<source>
		<database>fooddata</database>
	</source>
	<size>
		<width>3008</width>
		<height>2000</height>
		<depth>3</depth>
	</size>
	<object>
		<name>ref_spoon</name>
		<bndbox>
			<xmin>433</xmin>
			<ymin>586</ymin>
			<xmax>669</xmax>
			<ymax>935</ymax>
		</bndbox>
	</object>
	<object>
		<name>ref_fork</name>
		<bndbox>
			<xmin>765</xmin>
			<ymin>562</ymin>
			<xmax>926</xmax>
			<ymax>925</ymax>
		</bndbox>
	</object>
	<object>
		<name>ref_coin</name>
		<bndbox>
			<xmin>2176</xmin>
			<ymin>1408</ymin>
			<xmax>2337</xmax>
			<ymax>1565</ymax>
		</bndbox>
	</object>
	<object>
		<name>dish</name>
		<bndbox>
			<xmin>1017</xmin>
			<ymin>287</ymin>
			<xmax>2348</xmax>
			<ymax>1565</ymax>
		</bndbox>
	</object>
	<object>
		<name>닭갈비</name>
		<bndbox>
			<xmin>1121</xmin>
			<ymin>414</ymin>
			<xmax>1914</xmax>
			<ymax>1461</ymax>
		</bndbox>
	</object>
</annotation>