<annotation>
	<folder>top어육류면적철판닭갈비q3</folder>
	<filename>top_어육류면적_철판_닭갈비_Q3_00005.JPG</filename>
	<path>/top어육류면적철판닭갈비q3/top_어육류면적_철판_닭갈비_Q3_00005.JPG</path>
	<source>
		<database>fooddata</database>
	</source>
	<size>
		<width>3008</width>
		<height>2000</height>
		<depth>3</depth>
	</size>
	<object>
		<name>ref_spoon</name>
		<bndbox>
			<xmin>2315</xmin>
			<ymin>440</ymin>
			<xmax>2507</xmax>
			<ymax>746</ymax>
		</bndbox>
	</object>
	<object>
		<name>ref_fork</name>
		<bndbox>
			<xmin>2606</xmin>
			<ymin>448</ymin>
			<xmax>2739</xmax>
			<ymax>786</ymax>
		</bndbox>
	</object>
	<object>
		<name>ref_coin</name>
		<bndbox>
			<xmin>1174</xmin>
			<ymin>1567</ymin>
			<xmax>1332</xmax>
			<ymax>1729</ymax>
		</bndbox>
	</object>
	<object>
		<name>dish</name>
		<bndbox>
			<xmin>983</xmin>
			<ymin>223</ymin>
			<xmax>2222</xmax>
			<ymax>1423</ymax>
		</bndbox>
	</object>
	<object>
		<name>닭갈비</name>
		<bndbox>
			<xmin>1313</xmin>
			<ymin>465</ymin>
			<xmax>1964</xmax>
			<ymax>1234</ymax>
		</bndbox>
	</object>
</annotation>