<annotation>
	<folder>top어육류면적철판닭갈비q3</folder>
	<filename>top_어육류면적_철판_닭갈비_Q3_00010.JPG</filename>
	<path>/top어육류면적철판닭갈비q3/top_어육류면적_철판_닭갈비_Q3_00010.JPG</path>
	<source>
		<database>fooddata</database>
	</source>
	<size>
		<width>3008</width>
		<height>2000</height>
		<depth>3</depth>
	</size>
	<object>
		<name>ref_spoon</name>
		<bndbox>
			<xmin>2237</xmin>
			<ymin>465</ymin>
			<xmax>2446</xmax>
			<ymax>796</ymax>
		</bndbox>
	</object>
	<object>
		<name>ref_fork</name>
		<bndbox>
			<xmin>2536</xmin>
			<ymin>483</ymin>
			<xmax>2675</xmax>
			<ymax>841</ymax>
		</bndbox>
	</object>
	<object>
		<name>ref_coin</name>
		<bndbox>
			<xmin>1339</xmin>
			<ymin>167</ymin>
			<xmax>1487</xmax>
			<ymax>314</ymax>
		</bndbox>
	</object>
	<object>
		<name>dish</name>
		<bndbox>
			<xmin>805</xmin>
			<ymin>383</ymin>
			<xmax>2043</xmax>
			<ymax>1676</ymax>
		</bndbox>
	</object>
	<object>
		<name>닭갈비</name>
		<bndbox>
			<xmin>1139</xmin>
			<ymin>694</ymin>
			<xmax>1732</xmax>
			<ymax>1408</ymax>
		</bndbox>
	</object>
</annotation>