<annotation>
	<folder>side반찬부피접시양념게장q2</folder>
	<filename>side_반찬부피_접시_양념게장_Q2_00048.JPG</filename>
	<path>/side반찬부피접시양념게장q2/side_반찬부피_접시_양념게장_Q2_00048.JPG</path>
	<source>
		<database>fooddata</database>
	</source>
	<size>
		<width>720</width>
		<height>480</height>
		<depth>3</depth>
	</size>
	<object>
		<name>ref_spoon</name>
		<bndbox>
			<xmin>141</xmin>
			<ymin>125</ymin>
			<xmax>207</xmax>
			<ymax>218</ymax>
		</bndbox>
	</object>
	<object>
		<name>ref_fork</name>
		<bndbox>
			<xmin>228</xmin>
			<ymin>124</ymin>
			<xmax>272</xmax>
			<ymax>227</ymax>
		</bndbox>
	</object>
	<object>
		<name>ref_coin</name>
		<bndbox>
			<xmin>556</xmin>
			<ymin>60</ymin>
			<xmax>601</xmax>
			<ymax>91</ymax>
		</bndbox>
	</object>
	<object>
		<name>dish</name>
		<bndbox>
			<xmin>316</xmin>
			<ymin>97</ymin>
			<xmax>667</xmax>
			<ymax>358</ymax>
		</bndbox>
	</object>
	<object>
		<name>양념게장</name>
		<bndbox>
			<xmin>391</xmin>
			<ymin>169</ymin>
			<xmax>564</xmax>
			<ymax>340</ymax>
		</bndbox>
	</object>
</annotation>