<annotation>
	<folder>side반찬부피접시양념게장q2</folder>
	<filename>side_반찬부피_접시_양념게장_Q2_00030.JPG</filename>
	<path>/side반찬부피접시양념게장q2/side_반찬부피_접시_양념게장_Q2_00030.JPG</path>
	<source>
		<database>fooddata</database>
	</source>
	<size>
		<width>720</width>
		<height>480</height>
		<depth>3</depth>
	</size>
	<object>
		<name>ref_spoon</name>
		<bndbox>
			<xmin>238</xmin>
			<ymin>366</ymin>
			<xmax>340</xmax>
			<ymax>424</ymax>
		</bndbox>
	</object>
	<object>
		<name>ref_fork</name>
		<bndbox>
			<xmin>256</xmin>
			<ymin>303</ymin>
			<xmax>368</xmax>
			<ymax>351</ymax>
		</bndbox>
	</object>
	<object>
		<name>ref_coin</name>
		<bndbox>
			<xmin>622</xmin>
			<ymin>213</ymin>
			<xmax>668</xmax>
			<ymax>249</ymax>
		</bndbox>
	</object>
	<object>
		<name>dish</name>
		<bndbox>
			<xmin>283</xmin>
			<ymin>42</ymin>
			<xmax>600</xmax>
			<ymax>267</ymax>
		</bndbox>
	</object>
	<object>
		<name>양념게장</name>
		<bndbox>
			<xmin>375</xmin>
			<ymin>93</ymin>
			<xmax>515</xmax>
			<ymax>196</ymax>
		</bndbox>
	</object>
</annotation>