<annotation>
	<folder>side반찬부피접시양념게장q2</folder>
	<filename>side_반찬부피_접시_양념게장_Q2_00052.JPG</filename>
	<path>/side반찬부피접시양념게장q2/side_반찬부피_접시_양념게장_Q2_00052.JPG</path>
	<source>
		<database>fooddata</database>
	</source>
	<size>
		<width>720</width>
		<height>480</height>
		<depth>3</depth>
	</size>
	<object>
		<name>ref_spoon</name>
		<bndbox>
			<xmin>129</xmin>
			<ymin>155</ymin>
			<xmax>197</xmax>
			<ymax>250</ymax>
		</bndbox>
	</object>
	<object>
		<name>ref_fork</name>
		<bndbox>
			<xmin>219</xmin>
			<ymin>156</ymin>
			<xmax>263</xmax>
			<ymax>260</ymax>
		</bndbox>
	</object>
	<object>
		<name>ref_coin</name>
		<bndbox>
			<xmin>309</xmin>
			<ymin>111</ymin>
			<xmax>352</xmax>
			<ymax>144</ymax>
		</bndbox>
	</object>
	<object>
		<name>dish</name>
		<bndbox>
			<xmin>305</xmin>
			<ymin>132</ymin>
			<xmax>663</xmax>
			<ymax>398</ymax>
		</bndbox>
	</object>
	<object>
		<name>양념게장</name>
		<bndbox>
			<xmin>396</xmin>
			<ymin>201</ymin>
			<xmax>514</xmax>
			<ymax>353</ymax>
		</bndbox>
	</object>
</annotation>