<annotation>
	<folder>side반찬부피접시양념게장q2</folder>
	<filename>side_반찬부피_접시_양념게장_Q2_00018.JPG</filename>
	<path>/side반찬부피접시양념게장q2/side_반찬부피_접시_양념게장_Q2_00018.JPG</path>
	<source>
		<database>fooddata</database>
	</source>
	<size>
		<width>720</width>
		<height>480</height>
		<depth>3</depth>
	</size>
	<object>
		<name>ref_spoon</name>
		<bndbox>
			<xmin>288</xmin>
			<ymin>365</ymin>
			<xmax>389</xmax>
			<ymax>423</ymax>
		</bndbox>
	</object>
	<object>
		<name>ref_fork</name>
		<bndbox>
			<xmin>306</xmin>
			<ymin>304</ymin>
			<xmax>415</xmax>
			<ymax>352</ymax>
		</bndbox>
	</object>
	<object>
		<name>ref_coin</name>
		<bndbox>
			<xmin>229</xmin>
			<ymin>158</ymin>
			<xmax>272</xmax>
			<ymax>192</ymax>
		</bndbox>
	</object>
	<object>
		<name>dish</name>
		<bndbox>
			<xmin>336</xmin>
			<ymin>62</ymin>
			<xmax>654</xmax>
			<ymax>292</ymax>
		</bndbox>
	</object>
	<object>
		<name>양념게장</name>
		<bndbox>
			<xmin>410</xmin>
			<ymin>104</ymin>
			<xmax>548</xmax>
			<ymax>232</ymax>
		</bndbox>
	</object>
</annotation>