<annotation>
	<folder>side반찬부피접시양념게장q2</folder>
	<filename>side_반찬부피_접시_양념게장_Q2_00002.JPG</filename>
	<path>/side반찬부피접시양념게장q2/side_반찬부피_접시_양념게장_Q2_00002.JPG</path>
	<source>
		<database>fooddata</database>
	</source>
	<size>
		<width>720</width>
		<height>480</height>
		<depth>3</depth>
	</size>
	<object>
		<name>ref_spoon</name>
		<bndbox>
			<xmin>516</xmin>
			<ymin>108</ymin>
			<xmax>584</xmax>
			<ymax>199</ymax>
		</bndbox>
	</object>
	<object>
		<name>ref_fork</name>
		<bndbox>
			<xmin>621</xmin>
			<ymin>128</ymin>
			<xmax>669</xmax>
			<ymax>230</ymax>
		</bndbox>
	</object>
	<object>
		<name>ref_coin</name>
		<bndbox>
			<xmin>323</xmin>
			<ymin>388</ymin>
			<xmax>377</xmax>
			<ymax>433</ymax>
		</bndbox>
	</object>
	<object>
		<name>dish</name>
		<bndbox>
			<xmin>132</xmin>
			<ymin>79</ymin>
			<xmax>497</xmax>
			<ymax>336</ymax>
		</bndbox>
	</object>
	<object>
		<name>양념게장</name>
		<bndbox>
			<xmin>240</xmin>
			<ymin>148</ymin>
			<xmax>405</xmax>
			<ymax>294</ymax>
		</bndbox>
	</object>
</annotation>