<annotation>
	<folder>side반찬부피접시양념게장q2</folder>
	<filename>side_반찬부피_접시_양념게장_Q2_00013.JPG</filename>
	<path>/side반찬부피접시양념게장q2/side_반찬부피_접시_양념게장_Q2_00013.JPG</path>
	<source>
		<database>fooddata</database>
	</source>
	<size>
		<width>720</width>
		<height>480</height>
		<depth>3</depth>
	</size>
	<object>
		<name>ref_spoon</name>
		<bndbox>
			<xmin>539</xmin>
			<ymin>147</ymin>
			<xmax>598</xmax>
			<ymax>227</ymax>
		</bndbox>
	</object>
	<object>
		<name>ref_fork</name>
		<bndbox>
			<xmin>631</xmin>
			<ymin>164</ymin>
			<xmax>671</xmax>
			<ymax>256</ymax>
		</bndbox>
	</object>
	<object>
		<name>ref_coin</name>
		<bndbox>
			<xmin>433</xmin>
			<ymin>121</ymin>
			<xmax>474</xmax>
			<ymax>151</ymax>
		</bndbox>
	</object>
	<object>
		<name>dish</name>
		<bndbox>
			<xmin>211</xmin>
			<ymin>171</ymin>
			<xmax>529</xmax>
			<ymax>412</ymax>
		</bndbox>
	</object>
	<object>
		<name>양념게장</name>
		<bndbox>
			<xmin>317</xmin>
			<ymin>220</ymin>
			<xmax>461</xmax>
			<ymax>347</ymax>
		</bndbox>
	</object>
</annotation>