<annotation>
	<folder>side반찬부피접시양념게장q2</folder>
	<filename>side_반찬부피_접시_양념게장_Q2_00029.JPG</filename>
	<path>/side반찬부피접시양념게장q2/side_반찬부피_접시_양념게장_Q2_00029.JPG</path>
	<source>
		<database>fooddata</database>
	</source>
	<size>
		<width>720</width>
		<height>480</height>
		<depth>3</depth>
	</size>
	<object>
		<name>ref_spoon</name>
		<bndbox>
			<xmin>204</xmin>
			<ymin>370</ymin>
			<xmax>312</xmax>
			<ymax>428</ymax>
		</bndbox>
	</object>
	<object>
		<name>ref_fork</name>
		<bndbox>
			<xmin>220</xmin>
			<ymin>308</ymin>
			<xmax>336</xmax>
			<ymax>356</ymax>
		</bndbox>
	</object>
	<object>
		<name>ref_coin</name>
		<bndbox>
			<xmin>600</xmin>
			<ymin>189</ymin>
			<xmax>648</xmax>
			<ymax>224</ymax>
		</bndbox>
	</object>
	<object>
		<name>dish</name>
		<bndbox>
			<xmin>246</xmin>
			<ymin>45</ymin>
			<xmax>562</xmax>
			<ymax>269</ymax>
		</bndbox>
	</object>
	<object>
		<name>양념게장</name>
		<bndbox>
			<xmin>332</xmin>
			<ymin>97</ymin>
			<xmax>467</xmax>
			<ymax>200</ymax>
		</bndbox>
	</object>
</annotation>