<annotation>
	<folder>side반찬부피접시양념게장q2</folder>
	<filename>side_반찬부피_접시_양념게장_Q2_00008.JPG</filename>
	<path>/side반찬부피접시양념게장q2/side_반찬부피_접시_양념게장_Q2_00008.JPG</path>
	<source>
		<database>fooddata</database>
	</source>
	<size>
		<width>720</width>
		<height>480</height>
		<depth>3</depth>
	</size>
	<object>
		<name>ref_spoon</name>
		<bndbox>
			<xmin>513</xmin>
			<ymin>125</ymin>
			<xmax>581</xmax>
			<ymax>219</ymax>
		</bndbox>
	</object>
	<object>
		<name>ref_fork</name>
		<bndbox>
			<xmin>619</xmin>
			<ymin>144</ymin>
			<xmax>666</xmax>
			<ymax>249</ymax>
		</bndbox>
	</object>
	<object>
		<name>ref_coin</name>
		<bndbox>
			<xmin>28</xmin>
			<ymin>207</ymin>
			<xmax>80</xmax>
			<ymax>245</ymax>
		</bndbox>
	</object>
	<object>
		<name>dish</name>
		<bndbox>
			<xmin>137</xmin>
			<ymin>130</ymin>
			<xmax>510</xmax>
			<ymax>396</ymax>
		</bndbox>
	</object>
	<object>
		<name>양념게장</name>
		<bndbox>
			<xmin>241</xmin>
			<ymin>180</ymin>
			<xmax>394</xmax>
			<ymax>309</ymax>
		</bndbox>
	</object>
</annotation>