<annotation>
	<folder>side반찬부피접시양념게장q2</folder>
	<filename>side_반찬부피_접시_양념게장_Q2_00028.JPG</filename>
	<path>/side반찬부피접시양념게장q2/side_반찬부피_접시_양념게장_Q2_00028.JPG</path>
	<source>
		<database>fooddata</database>
	</source>
	<size>
		<width>720</width>
		<height>480</height>
		<depth>3</depth>
	</size>
	<object>
		<name>ref_spoon</name>
		<bndbox>
			<xmin>193</xmin>
			<ymin>386</ymin>
			<xmax>300</xmax>
			<ymax>444</ymax>
		</bndbox>
	</object>
	<object>
		<name>ref_fork</name>
		<bndbox>
			<xmin>211</xmin>
			<ymin>322</ymin>
			<xmax>329</xmax>
			<ymax>371</ymax>
		</bndbox>
	</object>
	<object>
		<name>ref_coin</name>
		<bndbox>
			<xmin>598</xmin>
			<ymin>170</ymin>
			<xmax>643</xmax>
			<ymax>204</ymax>
		</bndbox>
	</object>
	<object>
		<name>dish</name>
		<bndbox>
			<xmin>232</xmin>
			<ymin>62</ymin>
			<xmax>548</xmax>
			<ymax>288</ymax>
		</bndbox>
	</object>
	<object>
		<name>양념게장</name>
		<bndbox>
			<xmin>315</xmin>
			<ymin>108</ymin>
			<xmax>449</xmax>
			<ymax>217</ymax>
		</bndbox>
	</object>
</annotation>