<annotation>
	<folder>top반찬부피접시양념게장q2</folder>
	<filename>top_반찬부피_접시_양념게장_Q2_00049.JPG</filename>
	<path>/top반찬부피접시양념게장q2/top_반찬부피_접시_양념게장_Q2_00049.JPG</path>
	<source>
		<database>fooddata</database>
	</source>
	<size>
		<width>720</width>
		<height>480</height>
		<depth>3</depth>
	</size>
	<object>
		<name>ref_spoon</name>
		<bndbox>
			<xmin>90</xmin>
			<ymin>71</ymin>
			<xmax>163</xmax>
			<ymax>201</ymax>
		</bndbox>
	</object>
	<object>
		<name>ref_fork</name>
		<bndbox>
			<xmin>184</xmin>
			<ymin>86</ymin>
			<xmax>234</xmax>
			<ymax>221</ymax>
		</bndbox>
	</object>
	<object>
		<name>ref_coin</name>
		<bndbox>
			<xmin>315</xmin>
			<ymin>69</ymin>
			<xmax>358</xmax>
			<ymax>114</ymax>
		</bndbox>
	</object>
	<object>
		<name>dish</name>
		<bndbox>
			<xmin>309</xmin>
			<ymin>79</ymin>
			<xmax>658</xmax>
			<ymax>429</ymax>
		</bndbox>
	</object>
	<object>
		<name>양념게장</name>
		<bndbox>
			<xmin>401</xmin>
			<ymin>163</ymin>
			<xmax>568</xmax>
			<ymax>343</ymax>
		</bndbox>
	</object>
</annotation>