<annotation>
	<folder>top반찬부피접시양념게장q2</folder>
	<filename>top_반찬부피_접시_양념게장_Q2_00041.JPG</filename>
	<path>/top반찬부피접시양념게장q2/top_반찬부피_접시_양념게장_Q2_00041.JPG</path>
	<source>
		<database>fooddata</database>
	</source>
	<size>
		<width>720</width>
		<height>480</height>
		<depth>3</depth>
	</size>
	<object>
		<name>ref_spoon</name>
		<bndbox>
			<xmin>146</xmin>
			<ymin>41</ymin>
			<xmax>208</xmax>
			<ymax>159</ymax>
		</bndbox>
	</object>
	<object>
		<name>ref_fork</name>
		<bndbox>
			<xmin>231</xmin>
			<ymin>54</ymin>
			<xmax>274</xmax>
			<ymax>189</ymax>
		</bndbox>
	</object>
	<object>
		<name>ref_coin</name>
		<bndbox>
			<xmin>287</xmin>
			<ymin>144</ymin>
			<xmax>330</xmax>
			<ymax>195</ymax>
		</bndbox>
	</object>
	<object>
		<name>dish</name>
		<bndbox>
			<xmin>341</xmin>
			<ymin>71</ymin>
			<xmax>664</xmax>
			<ymax>388</ymax>
		</bndbox>
	</object>
	<object>
		<name>양념게장</name>
		<bndbox>
			<xmin>456</xmin>
			<ymin>148</ymin>
			<xmax>585</xmax>
			<ymax>294</ymax>
		</bndbox>
	</object>
</annotation>