<annotation>
	<folder>top반찬부피접시양념게장q2</folder>
	<filename>top_반찬부피_접시_양념게장_Q2_00006.JPG</filename>
	<path>/top반찬부피접시양념게장q2/top_반찬부피_접시_양념게장_Q2_00006.JPG</path>
	<source>
		<database>fooddata</database>
	</source>
	<size>
		<width>720</width>
		<height>480</height>
		<depth>3</depth>
	</size>
	<object>
		<name>ref_spoon</name>
		<bndbox>
			<xmin>527</xmin>
			<ymin>43</ymin>
			<xmax>594</xmax>
			<ymax>178</ymax>
		</bndbox>
	</object>
	<object>
		<name>ref_fork</name>
		<bndbox>
			<xmin>606</xmin>
			<ymin>58</ymin>
			<xmax>654</xmax>
			<ymax>204</ymax>
		</bndbox>
	</object>
	<object>
		<name>ref_coin</name>
		<bndbox>
			<xmin>111</xmin>
			<ymin>311</ymin>
			<xmax>163</xmax>
			<ymax>364</ymax>
		</bndbox>
	</object>
	<object>
		<name>dish</name>
		<bndbox>
			<xmin>159</xmin>
			<ymin>39</ymin>
			<xmax>516</xmax>
			<ymax>386</ymax>
		</bndbox>
	</object>
	<object>
		<name>양념게장</name>
		<bndbox>
			<xmin>272</xmin>
			<ymin>129</ymin>
			<xmax>426</xmax>
			<ymax>306</ymax>
		</bndbox>
	</object>
</annotation>