<annotation>
	<folder>top반찬부피접시양념게장q2</folder>
	<filename>top_반찬부피_접시_양념게장_Q2_00007.JPG</filename>
	<path>/top반찬부피접시양념게장q2/top_반찬부피_접시_양념게장_Q2_00007.JPG</path>
	<source>
		<database>fooddata</database>
	</source>
	<size>
		<width>720</width>
		<height>480</height>
		<depth>3</depth>
	</size>
	<object>
		<name>ref_spoon</name>
		<bndbox>
			<xmin>536</xmin>
			<ymin>56</ymin>
			<xmax>606</xmax>
			<ymax>184</ymax>
		</bndbox>
	</object>
	<object>
		<name>ref_fork</name>
		<bndbox>
			<xmin>613</xmin>
			<ymin>75</ymin>
			<xmax>666</xmax>
			<ymax>210</ymax>
		</bndbox>
	</object>
	<object>
		<name>ref_coin</name>
		<bndbox>
			<xmin>88</xmin>
			<ymin>251</ymin>
			<xmax>144</xmax>
			<ymax>306</ymax>
		</bndbox>
	</object>
	<object>
		<name>dish</name>
		<bndbox>
			<xmin>171</xmin>
			<ymin>47</ymin>
			<xmax>527</xmax>
			<ymax>399</ymax>
		</bndbox>
	</object>
	<object>
		<name>양념게장</name>
		<bndbox>
			<xmin>285</xmin>
			<ymin>146</ymin>
			<xmax>439</xmax>
			<ymax>315</ymax>
		</bndbox>
	</object>
</annotation>