<annotation>
	<folder>top반찬부피접시양념게장q2</folder>
	<filename>top_반찬부피_접시_양념게장_Q2_00004.JPG</filename>
	<path>/top반찬부피접시양념게장q2/top_반찬부피_접시_양념게장_Q2_00004.JPG</path>
	<source>
		<database>fooddata</database>
	</source>
	<size>
		<width>720</width>
		<height>480</height>
		<depth>3</depth>
	</size>
	<object>
		<name>ref_spoon</name>
		<bndbox>
			<xmin>476</xmin>
			<ymin>47</ymin>
			<xmax>540</xmax>
			<ymax>180</ymax>
		</bndbox>
	</object>
	<object>
		<name>ref_fork</name>
		<bndbox>
			<xmin>551</xmin>
			<ymin>71</ymin>
			<xmax>598</xmax>
			<ymax>204</ymax>
		</bndbox>
	</object>
	<object>
		<name>ref_coin</name>
		<bndbox>
			<xmin>195</xmin>
			<ymin>399</ymin>
			<xmax>253</xmax>
			<ymax>452</ymax>
		</bndbox>
	</object>
	<object>
		<name>dish</name>
		<bndbox>
			<xmin>124</xmin>
			<ymin>45</ymin>
			<xmax>469</xmax>
			<ymax>381</ymax>
		</bndbox>
	</object>
	<object>
		<name>양념게장</name>
		<bndbox>
			<xmin>240</xmin>
			<ymin>135</ymin>
			<xmax>386</xmax>
			<ymax>279</ymax>
		</bndbox>
	</object>
</annotation>