<annotation>
	<folder>top반찬부피접시양념게장q2</folder>
	<filename>top_반찬부피_접시_양념게장_Q2_00039.JPG</filename>
	<path>/top반찬부피접시양념게장q2/top_반찬부피_접시_양념게장_Q2_00039.JPG</path>
	<source>
		<database>fooddata</database>
	</source>
	<size>
		<width>720</width>
		<height>480</height>
		<depth>3</depth>
	</size>
	<object>
		<name>ref_spoon</name>
		<bndbox>
			<xmin>79</xmin>
			<ymin>51</ymin>
			<xmax>148</xmax>
			<ymax>171</ymax>
		</bndbox>
	</object>
	<object>
		<name>ref_fork</name>
		<bndbox>
			<xmin>171</xmin>
			<ymin>56</ymin>
			<xmax>214</xmax>
			<ymax>186</ymax>
		</bndbox>
	</object>
	<object>
		<name>ref_coin</name>
		<bndbox>
			<xmin>574</xmin>
			<ymin>276</ymin>
			<xmax>621</xmax>
			<ymax>328</ymax>
		</bndbox>
	</object>
	<object>
		<name>dish</name>
		<bndbox>
			<xmin>231</xmin>
			<ymin>64</ymin>
			<xmax>546</xmax>
			<ymax>373</ymax>
		</bndbox>
	</object>
	<object>
		<name>양념게장</name>
		<bndbox>
			<xmin>321</xmin>
			<ymin>141</ymin>
			<xmax>482</xmax>
			<ymax>268</ymax>
		</bndbox>
	</object>
</annotation>