<annotation>
	<folder>top반찬부피접시양념게장q2</folder>
	<filename>top_반찬부피_접시_양념게장_Q2_00024.JPG</filename>
	<path>/top반찬부피접시양념게장q2/top_반찬부피_접시_양념게장_Q2_00024.JPG</path>
	<source>
		<database>fooddata</database>
	</source>
	<size>
		<width>720</width>
		<height>480</height>
		<depth>3</depth>
	</size>
	<object>
		<name>ref_spoon</name>
		<bndbox>
			<xmin>195</xmin>
			<ymin>392</ymin>
			<xmax>296</xmax>
			<ymax>459</ymax>
		</bndbox>
	</object>
	<object>
		<name>ref_fork</name>
		<bndbox>
			<xmin>219</xmin>
			<ymin>341</ymin>
			<xmax>315</xmax>
			<ymax>384</ymax>
		</bndbox>
	</object>
	<object>
		<name>ref_coin</name>
		<bndbox>
			<xmin>362</xmin>
			<ymin>28</ymin>
			<xmax>401</xmax>
			<ymax>66</ymax>
		</bndbox>
	</object>
	<object>
		<name>dish</name>
		<bndbox>
			<xmin>236</xmin>
			<ymin>75</ymin>
			<xmax>499</xmax>
			<ymax>334</ymax>
		</bndbox>
	</object>
	<object>
		<name>양념게장</name>
		<bndbox>
			<xmin>319</xmin>
			<ymin>150</ymin>
			<xmax>429</xmax>
			<ymax>270</ymax>
		</bndbox>
	</object>
</annotation>