<annotation>
	<folder>side국류뚝배기전주콩나물국밥q4</folder>
	<filename>side_국류_뚝배기_전주콩나물국밥_Q4_00053.JPG</filename>
	<path>/side국류뚝배기전주콩나물국밥q4/side_국류_뚝배기_전주콩나물국밥_Q4_00053.JPG</path>
	<source>
		<database>fooddata</database>
	</source>
	<size>
		<width>5472</width>
		<height>3648</height>
		<depth>3</depth>
	</size>
	<object>
		<name>ref_spoon</name>
		<bndbox>
			<xmin>652</xmin>
			<ymin>630</ymin>
			<xmax>1117</xmax>
			<ymax>1477</ymax>
		</bndbox>
	</object>
	<object>
		<name>ref_fork</name>
		<bndbox>
			<xmin>1299</xmin>
			<ymin>675</ymin>
			<xmax>1615</xmax>
			<ymax>1527</ymax>
		</bndbox>
	</object>
	<object>
		<name>ref_coin</name>
		<bndbox>
			<xmin>4554</xmin>
			<ymin>492</ymin>
			<xmax>4920</xmax>
			<ymax>741</ymax>
		</bndbox>
	</object>
	<object>
		<name>dish</name>
		<bndbox>
			<xmin>1903</xmin>
			<ymin>287</ymin>
			<xmax>4599</xmax>
			<ymax>2607</ymax>
		</bndbox>
	</object>
	<object>
		<name>전주콩나물국밥</name>
		<bndbox>
			<xmin>2146</xmin>
			<ymin>691</ymin>
			<xmax>4344</xmax>
			<ymax>1959</ymax>
		</bndbox>
	</object>
</annotation>