<annotation>
	<folder>side국류뚝배기전주콩나물국밥q4</folder>
	<filename>side_국류_뚝배기_전주콩나물국밥_Q4_00032.JPG</filename>
	<path>/side국류뚝배기전주콩나물국밥q4/side_국류_뚝배기_전주콩나물국밥_Q4_00032.JPG</path>
	<source>
		<database>fooddata</database>
	</source>
	<size>
		<width>5472</width>
		<height>3648</height>
		<depth>3</depth>
	</size>
	<object>
		<name>ref_spoon</name>
		<bndbox>
			<xmin>1388</xmin>
			<ymin>2911</ymin>
			<xmax>2324</xmax>
			<ymax>3387</ymax>
		</bndbox>
	</object>
	<object>
		<name>ref_fork</name>
		<bndbox>
			<xmin>1510</xmin>
			<ymin>2435</ymin>
			<xmax>2495</xmax>
			<ymax>2834</ymax>
		</bndbox>
	</object>
	<object>
		<name>ref_coin</name>
		<bndbox>
			<xmin>1410</xmin>
			<ymin>2053</ymin>
			<xmax>1781</xmax>
			<ymax>2330</ymax>
		</bndbox>
	</object>
	<object>
		<name>dish</name>
		<bndbox>
			<xmin>1853</xmin>
			<ymin>121</ymin>
			<xmax>4361</xmax>
			<ymax>2252</ymax>
		</bndbox>
	</object>
	<object>
		<name>전주콩나물국밥</name>
		<bndbox>
			<xmin>2097</xmin>
			<ymin>525</ymin>
			<xmax>4123</xmax>
			<ymax>1632</ymax>
		</bndbox>
	</object>
</annotation>