<annotation>
	<folder>side국류뚝배기전주콩나물국밥q4</folder>
	<filename>side_국류_뚝배기_전주콩나물국밥_Q4_00051.JPG</filename>
	<path>/side국류뚝배기전주콩나물국밥q4/side_국류_뚝배기_전주콩나물국밥_Q4_00051.JPG</path>
	<source>
		<database>fooddata</database>
	</source>
	<size>
		<width>5472</width>
		<height>3648</height>
		<depth>3</depth>
	</size>
	<object>
		<name>ref_spoon</name>
		<bndbox>
			<xmin>403</xmin>
			<ymin>675</ymin>
			<xmax>873</xmax>
			<ymax>1428</ymax>
		</bndbox>
	</object>
	<object>
		<name>ref_fork</name>
		<bndbox>
			<xmin>1056</xmin>
			<ymin>730</ymin>
			<xmax>1377</xmax>
			<ymax>1588</ymax>
		</bndbox>
	</object>
	<object>
		<name>ref_coin</name>
		<bndbox>
			<xmin>4527</xmin>
			<ymin>1965</ymin>
			<xmax>4914</xmax>
			<ymax>2252</ymax>
		</bndbox>
	</object>
	<object>
		<name>dish</name>
		<bndbox>
			<xmin>1654</xmin>
			<ymin>359</ymin>
			<xmax>4333</xmax>
			<ymax>2679</ymax>
		</bndbox>
	</object>
	<object>
		<name>전주콩나물국밥</name>
		<bndbox>
			<xmin>1886</xmin>
			<ymin>780</ymin>
			<xmax>4084</xmax>
			<ymax>2025</ymax>
		</bndbox>
	</object>
</annotation>