<annotation>
	<folder>side국류뚝배기전주콩나물국밥q4</folder>
	<filename>side_국류_뚝배기_전주콩나물국밥_Q4_00016.JPG</filename>
	<path>/side국류뚝배기전주콩나물국밥q4/side_국류_뚝배기_전주콩나물국밥_Q4_00016.JPG</path>
	<source>
		<database>fooddata</database>
	</source>
	<size>
		<width>5472</width>
		<height>3648</height>
		<depth>3</depth>
	</size>
	<object>
		<name>ref_spoon</name>
		<bndbox>
			<xmin>3863</xmin>
			<ymin>1018</ymin>
			<xmax>4383</xmax>
			<ymax>1787</ymax>
		</bndbox>
	</object>
	<object>
		<name>ref_fork</name>
		<bndbox>
			<xmin>4737</xmin>
			<ymin>1062</ymin>
			<xmax>5125</xmax>
			<ymax>1948</ymax>
		</bndbox>
	</object>
	<object>
		<name>ref_coin</name>
		<bndbox>
			<xmin>4001</xmin>
			<ymin>664</ymin>
			<xmax>4383</xmax>
			<ymax>924</ymax>
		</bndbox>
	</object>
	<object>
		<name>dish</name>
		<bndbox>
			<xmin>768</xmin>
			<ymin>426</ymin>
			<xmax>3757</xmax>
			<ymax>2939</ymax>
		</bndbox>
	</object>
	<object>
		<name>전주콩나물국밥</name>
		<bndbox>
			<xmin>1056</xmin>
			<ymin>874</ymin>
			<xmax>3475</xmax>
			<ymax>2186</ymax>
		</bndbox>
	</object>
</annotation>