<annotation>
	<folder>side국류뚝배기전주콩나물국밥q4</folder>
	<filename>side_국류_뚝배기_전주콩나물국밥_Q4_00023.JPG</filename>
	<path>/side국류뚝배기전주콩나물국밥q4/side_국류_뚝배기_전주콩나물국밥_Q4_00023.JPG</path>
	<source>
		<database>fooddata</database>
	</source>
	<size>
		<width>5472</width>
		<height>3648</height>
		<depth>3</depth>
	</size>
	<object>
		<name>ref_spoon</name>
		<bndbox>
			<xmin>1521</xmin>
			<ymin>2989</ymin>
			<xmax>2407</xmax>
			<ymax>3431</ymax>
		</bndbox>
	</object>
	<object>
		<name>ref_fork</name>
		<bndbox>
			<xmin>1626</xmin>
			<ymin>2557</ymin>
			<xmax>2634</xmax>
			<ymax>2917</ymax>
		</bndbox>
	</object>
	<object>
		<name>ref_coin</name>
		<bndbox>
			<xmin>3492</xmin>
			<ymin>365</ymin>
			<xmax>3779</xmax>
			<ymax>564</ymax>
		</bndbox>
	</object>
	<object>
		<name>dish</name>
		<bndbox>
			<xmin>1759</xmin>
			<ymin>475</ymin>
			<xmax>4073</xmax>
			<ymax>2435</ymax>
		</bndbox>
	</object>
	<object>
		<name>전주콩나물국밥</name>
		<bndbox>
			<xmin>1975</xmin>
			<ymin>841</ymin>
			<xmax>3868</xmax>
			<ymax>1854</ymax>
		</bndbox>
	</object>
</annotation>