<annotation>
	<folder>side국류뚝배기전주콩나물국밥q4</folder>
	<filename>side_국류_뚝배기_전주콩나물국밥_Q4_00027.JPG</filename>
	<path>/side국류뚝배기전주콩나물국밥q4/side_국류_뚝배기_전주콩나물국밥_Q4_00027.JPG</path>
	<source>
		<database>fooddata</database>
	</source>
	<size>
		<width>5472</width>
		<height>3648</height>
		<depth>3</depth>
	</size>
	<object>
		<name>ref_spoon</name>
		<bndbox>
			<xmin>1510</xmin>
			<ymin>2883</ymin>
			<xmax>2396</xmax>
			<ymax>3332</ymax>
		</bndbox>
	</object>
	<object>
		<name>ref_fork</name>
		<bndbox>
			<xmin>1626</xmin>
			<ymin>2446</ymin>
			<xmax>2551</xmax>
			<ymax>2806</ymax>
		</bndbox>
	</object>
	<object>
		<name>ref_coin</name>
		<bndbox>
			<xmin>1438</xmin>
			<ymin>309</ymin>
			<xmax>1720</xmax>
			<ymax>514</ymax>
		</bndbox>
	</object>
	<object>
		<name>dish</name>
		<bndbox>
			<xmin>1892</xmin>
			<ymin>343</ymin>
			<xmax>4195</xmax>
			<ymax>2291</ymax>
		</bndbox>
	</object>
	<object>
		<name>전주콩나물국밥</name>
		<bndbox>
			<xmin>2135</xmin>
			<ymin>697</ymin>
			<xmax>3973</xmax>
			<ymax>1732</ymax>
		</bndbox>
	</object>
</annotation>