<annotation>
	<folder>side국류뚝배기전주콩나물국밥q4</folder>
	<filename>side_국류_뚝배기_전주콩나물국밥_Q4_00014.JPG</filename>
	<path>/side국류뚝배기전주콩나물국밥q4/side_국류_뚝배기_전주콩나물국밥_Q4_00014.JPG</path>
	<source>
		<database>fooddata</database>
	</source>
	<size>
		<width>5472</width>
		<height>3648</height>
		<depth>3</depth>
	</size>
	<object>
		<name>ref_spoon</name>
		<bndbox>
			<xmin>3724</xmin>
			<ymin>1267</ymin>
			<xmax>4233</xmax>
			<ymax>2142</ymax>
		</bndbox>
	</object>
	<object>
		<name>ref_fork</name>
		<bndbox>
			<xmin>4599</xmin>
			<ymin>1317</ymin>
			<xmax>4975</xmax>
			<ymax>2214</ymax>
		</bndbox>
	</object>
	<object>
		<name>ref_coin</name>
		<bndbox>
			<xmin>3276</xmin>
			<ymin>581</ymin>
			<xmax>3630</xmax>
			<ymax>824</ymax>
		</bndbox>
	</object>
	<object>
		<name>dish</name>
		<bndbox>
			<xmin>702</xmin>
			<ymin>630</ymin>
			<xmax>3630</xmax>
			<ymax>3127</ymax>
		</bndbox>
	</object>
	<object>
		<name>전주콩나물국밥</name>
		<bndbox>
			<xmin>984</xmin>
			<ymin>1079</ymin>
			<xmax>3370</xmax>
			<ymax>2380</ymax>
		</bndbox>
	</object>
</annotation>