<annotation>
	<folder>top국류뚝배기전주콩나물국밥q4</folder>
	<filename>top_국류_뚝배기_전주콩나물국밥_Q4_00025.JPG</filename>
	<path>/top국류뚝배기전주콩나물국밥q4/top_국류_뚝배기_전주콩나물국밥_Q4_00025.JPG</path>
	<source>
		<database>fooddata</database>
	</source>
	<size>
		<width>5472</width>
		<height>3648</height>
		<depth>3</depth>
	</size>
	<object>
		<name>ref_spoon</name>
		<bndbox>
			<xmin>2003</xmin>
			<ymin>2962</ymin>
			<xmax>2627</xmax>
			<ymax>3360</ymax>
		</bndbox>
	</object>
	<object>
		<name>ref_fork</name>
		<bndbox>
			<xmin>2136</xmin>
			<ymin>2596</ymin>
			<xmax>2814</xmax>
			<ymax>2869</ymax>
		</bndbox>
	</object>
	<object>
		<name>ref_coin</name>
		<bndbox>
			<xmin>2892</xmin>
			<ymin>257</ymin>
			<xmax>3134</xmax>
			<ymax>499</ymax>
		</bndbox>
	</object>
	<object>
		<name>dish</name>
		<bndbox>
			<xmin>2214</xmin>
			<ymin>530</ymin>
			<xmax>4194</xmax>
			<ymax>2494</ymax>
		</bndbox>
	</object>
	<object>
		<name>전주콩나물국밥</name>
		<bndbox>
			<xmin>2393</xmin>
			<ymin>725</ymin>
			<xmax>4030</xmax>
			<ymax>2315</ymax>
		</bndbox>
	</object>
</annotation>