<annotation>
	<folder>top국류뚝배기전주콩나물국밥q4</folder>
	<filename>top_국류_뚝배기_전주콩나물국밥_Q4_00042.JPG</filename>
	<path>/top국류뚝배기전주콩나물국밥q4/top_국류_뚝배기_전주콩나물국밥_Q4_00042.JPG</path>
	<source>
		<database>fooddata</database>
	</source>
	<size>
		<width>5472</width>
		<height>3648</height>
		<depth>3</depth>
	</size>
	<object>
		<name>ref_spoon</name>
		<bndbox>
			<xmin>889</xmin>
			<ymin>546</ymin>
			<xmax>1372</xmax>
			<ymax>1286</ymax>
		</bndbox>
	</object>
	<object>
		<name>ref_fork</name>
		<bndbox>
			<xmin>1575</xmin>
			<ymin>639</ymin>
			<xmax>1941</xmax>
			<ymax>1419</ymax>
		</bndbox>
	</object>
	<object>
		<name>ref_coin</name>
		<bndbox>
			<xmin>3968</xmin>
			<ymin>296</ymin>
			<xmax>4295</xmax>
			<ymax>592</ymax>
		</bndbox>
	</object>
	<object>
		<name>dish</name>
		<bndbox>
			<xmin>1980</xmin>
			<ymin>382</ymin>
			<xmax>4568</xmax>
			<ymax>2931</ymax>
		</bndbox>
	</object>
	<object>
		<name>전주콩나물국밥</name>
		<bndbox>
			<xmin>2206</xmin>
			<ymin>655</ymin>
			<xmax>4342</xmax>
			<ymax>2666</ymax>
		</bndbox>
	</object>
</annotation>