<annotation>
	<folder>top국류뚝배기전주콩나물국밥q4</folder>
	<filename>top_국류_뚝배기_전주콩나물국밥_Q4_00032.JPG</filename>
	<path>/top국류뚝배기전주콩나물국밥q4/top_국류_뚝배기_전주콩나물국밥_Q4_00032.JPG</path>
	<source>
		<database>fooddata</database>
	</source>
	<size>
		<width>5472</width>
		<height>3648</height>
		<depth>3</depth>
	</size>
	<object>
		<name>ref_spoon</name>
		<bndbox>
			<xmin>1824</xmin>
			<ymin>2744</ymin>
			<xmax>2463</xmax>
			<ymax>3157</ymax>
		</bndbox>
	</object>
	<object>
		<name>ref_fork</name>
		<bndbox>
			<xmin>1925</xmin>
			<ymin>2354</ymin>
			<xmax>2603</xmax>
			<ymax>2627</ymax>
		</bndbox>
	</object>
	<object>
		<name>ref_coin</name>
		<bndbox>
			<xmin>3975</xmin>
			<ymin>1411</ymin>
			<xmax>4248</xmax>
			<ymax>1684</ymax>
		</bndbox>
	</object>
	<object>
		<name>dish</name>
		<bndbox>
			<xmin>1863</xmin>
			<ymin>296</ymin>
			<xmax>3921</xmax>
			<ymax>2331</ymax>
		</bndbox>
	</object>
	<object>
		<name>전주콩나물국밥</name>
		<bndbox>
			<xmin>2042</xmin>
			<ymin>514</ymin>
			<xmax>3742</xmax>
			<ymax>2151</ymax>
		</bndbox>
	</object>
</annotation>