<annotation>
	<folder>top국류뚝배기전주콩나물국밥q4</folder>
	<filename>top_국류_뚝배기_전주콩나물국밥_Q4_00038.JPG</filename>
	<path>/top국류뚝배기전주콩나물국밥q4/top_국류_뚝배기_전주콩나물국밥_Q4_00038.JPG</path>
	<source>
		<database>fooddata</database>
	</source>
	<size>
		<width>5472</width>
		<height>3648</height>
		<depth>3</depth>
	</size>
	<object>
		<name>ref_spoon</name>
		<bndbox>
			<xmin>850</xmin>
			<ymin>538</ymin>
			<xmax>1333</xmax>
			<ymax>1310</ymax>
		</bndbox>
	</object>
	<object>
		<name>ref_fork</name>
		<bndbox>
			<xmin>1551</xmin>
			<ymin>600</ymin>
			<xmax>1910</xmax>
			<ymax>1434</ymax>
		</bndbox>
	</object>
	<object>
		<name>ref_coin</name>
		<bndbox>
			<xmin>4537</xmin>
			<ymin>2151</ymin>
			<xmax>4887</xmax>
			<ymax>2487</ymax>
		</bndbox>
	</object>
	<object>
		<name>dish</name>
		<bndbox>
			<xmin>1925</xmin>
			<ymin>374</ymin>
			<xmax>4552</xmax>
			<ymax>2962</ymax>
		</bndbox>
	</object>
	<object>
		<name>전주콩나물국밥</name>
		<bndbox>
			<xmin>2159</xmin>
			<ymin>639</ymin>
			<xmax>4318</xmax>
			<ymax>2720</ymax>
		</bndbox>
	</object>
</annotation>