<annotation>
	<folder>top국류뚝배기전주콩나물국밥q4</folder>
	<filename>top_국류_뚝배기_전주콩나물국밥_Q4_00052.JPG</filename>
	<path>/top국류뚝배기전주콩나물국밥q4/top_국류_뚝배기_전주콩나물국밥_Q4_00052.JPG</path>
	<source>
		<database>fooddata</database>
	</source>
	<size>
		<width>5472</width>
		<height>3648</height>
		<depth>3</depth>
	</size>
	<object>
		<name>ref_spoon</name>
		<bndbox>
			<xmin>514</xmin>
			<ymin>491</ymin>
			<xmax>1013</xmax>
			<ymax>1271</ymax>
		</bndbox>
	</object>
	<object>
		<name>ref_fork</name>
		<bndbox>
			<xmin>1224</xmin>
			<ymin>569</ymin>
			<xmax>1614</xmax>
			<ymax>1419</ymax>
		</bndbox>
	</object>
	<object>
		<name>ref_coin</name>
		<bndbox>
			<xmin>2479</xmin>
			<ymin>3095</ymin>
			<xmax>2845</xmax>
			<ymax>3461</ymax>
		</bndbox>
	</object>
	<object>
		<name>dish</name>
		<bndbox>
			<xmin>1621</xmin>
			<ymin>288</ymin>
			<xmax>4287</xmax>
			<ymax>2931</ymax>
		</bndbox>
	</object>
	<object>
		<name>전주콩나물국밥</name>
		<bndbox>
			<xmin>1863</xmin>
			<ymin>553</ymin>
			<xmax>4053</xmax>
			<ymax>2650</ymax>
		</bndbox>
	</object>
</annotation>