<annotation>
	<folder>top국류뚝배기전주콩나물국밥q4</folder>
	<filename>top_국류_뚝배기_전주콩나물국밥_Q4_00017.JPG</filename>
	<path>/top국류뚝배기전주콩나물국밥q4/top_국류_뚝배기_전주콩나물국밥_Q4_00017.JPG</path>
	<source>
		<database>fooddata</database>
	</source>
	<size>
		<width>5472</width>
		<height>3648</height>
		<depth>3</depth>
	</size>
	<object>
		<name>ref_spoon</name>
		<bndbox>
			<xmin>1871</xmin>
			<ymin>3017</ymin>
			<xmax>2596</xmax>
			<ymax>3500</ymax>
		</bndbox>
	</object>
	<object>
		<name>ref_fork</name>
		<bndbox>
			<xmin>1902</xmin>
			<ymin>2596</ymin>
			<xmax>2658</xmax>
			<ymax>2907</ymax>
		</bndbox>
	</object>
	<object>
		<name>ref_coin</name>
		<bndbox>
			<xmin>3975</xmin>
			<ymin>1676</ymin>
			<xmax>4287</xmax>
			<ymax>1995</ymax>
		</bndbox>
	</object>
	<object>
		<name>dish</name>
		<bndbox>
			<xmin>1699</xmin>
			<ymin>140</ymin>
			<xmax>4061</xmax>
			<ymax>2463</ymax>
		</bndbox>
	</object>
	<object>
		<name>전주콩나물국밥</name>
		<bndbox>
			<xmin>1925</xmin>
			<ymin>390</ymin>
			<xmax>3874</xmax>
			<ymax>2222</ymax>
		</bndbox>
	</object>
</annotation>