<annotation>
	<folder>top국류뚝배기전주콩나물국밥q4</folder>
	<filename>top_국류_뚝배기_전주콩나물국밥_Q4_00050.JPG</filename>
	<path>/top국류뚝배기전주콩나물국밥q4/top_국류_뚝배기_전주콩나물국밥_Q4_00050.JPG</path>
	<source>
		<database>fooddata</database>
	</source>
	<size>
		<width>5472</width>
		<height>3648</height>
		<depth>3</depth>
	</size>
	<object>
		<name>ref_spoon</name>
		<bndbox>
			<xmin>577</xmin>
			<ymin>608</ymin>
			<xmax>1076</xmax>
			<ymax>1380</ymax>
		</bndbox>
	</object>
	<object>
		<name>ref_fork</name>
		<bndbox>
			<xmin>1278</xmin>
			<ymin>694</ymin>
			<xmax>1676</xmax>
			<ymax>1512</ymax>
		</bndbox>
	</object>
	<object>
		<name>ref_coin</name>
		<bndbox>
			<xmin>3921</xmin>
			<ymin>2907</ymin>
			<xmax>4295</xmax>
			<ymax>3282</ymax>
		</bndbox>
	</object>
	<object>
		<name>dish</name>
		<bndbox>
			<xmin>1676</xmin>
			<ymin>421</ymin>
			<xmax>4357</xmax>
			<ymax>3063</ymax>
		</bndbox>
	</object>
	<object>
		<name>전주콩나물국밥</name>
		<bndbox>
			<xmin>1910</xmin>
			<ymin>678</ymin>
			<xmax>4123</xmax>
			<ymax>2806</ymax>
		</bndbox>
	</object>
</annotation>