<annotation>
	<folder>top국류뚝배기전주콩나물국밥q4</folder>
	<filename>top_국류_뚝배기_전주콩나물국밥_Q4_00035.JPG</filename>
	<path>/top국류뚝배기전주콩나물국밥q4/top_국류_뚝배기_전주콩나물국밥_Q4_00035.JPG</path>
	<source>
		<database>fooddata</database>
	</source>
	<size>
		<width>5472</width>
		<height>3648</height>
		<depth>3</depth>
	</size>
	<object>
		<name>ref_spoon</name>
		<bndbox>
			<xmin>873</xmin>
			<ymin>413</ymin>
			<xmax>1364</xmax>
			<ymax>1232</ymax>
		</bndbox>
	</object>
	<object>
		<name>ref_fork</name>
		<bndbox>
			<xmin>1582</xmin>
			<ymin>499</ymin>
			<xmax>1964</xmax>
			<ymax>1349</ymax>
		</bndbox>
	</object>
	<object>
		<name>ref_coin</name>
		<bndbox>
			<xmin>3562</xmin>
			<ymin>3110</ymin>
			<xmax>3929</xmax>
			<ymax>3484</ymax>
		</bndbox>
	</object>
	<object>
		<name>dish</name>
		<bndbox>
			<xmin>1980</xmin>
			<ymin>288</ymin>
			<xmax>4661</xmax>
			<ymax>2946</ymax>
		</bndbox>
	</object>
	<object>
		<name>전주콩나물국밥</name>
		<bndbox>
			<xmin>2222</xmin>
			<ymin>530</ymin>
			<xmax>4420</xmax>
			<ymax>2705</ymax>
		</bndbox>
	</object>
</annotation>