<annotation>
	<folder>top국류뚝배기전주콩나물국밥q4</folder>
	<filename>top_국류_뚝배기_전주콩나물국밥_Q4_00051.JPG</filename>
	<path>/top국류뚝배기전주콩나물국밥q4/top_국류_뚝배기_전주콩나물국밥_Q4_00051.JPG</path>
	<source>
		<database>fooddata</database>
	</source>
	<size>
		<width>5472</width>
		<height>3648</height>
		<depth>3</depth>
	</size>
	<object>
		<name>ref_spoon</name>
		<bndbox>
			<xmin>702</xmin>
			<ymin>507</ymin>
			<xmax>1200</xmax>
			<ymax>1278</ymax>
		</bndbox>
	</object>
	<object>
		<name>ref_fork</name>
		<bndbox>
			<xmin>1411</xmin>
			<ymin>577</ymin>
			<xmax>1801</xmax>
			<ymax>1395</ymax>
		</bndbox>
	</object>
	<object>
		<name>ref_coin</name>
		<bndbox>
			<xmin>3391</xmin>
			<ymin>3079</ymin>
			<xmax>3757</xmax>
			<ymax>3453</ymax>
		</bndbox>
	</object>
	<object>
		<name>dish</name>
		<bndbox>
			<xmin>1832</xmin>
			<ymin>288</ymin>
			<xmax>4482</xmax>
			<ymax>2907</ymax>
		</bndbox>
	</object>
	<object>
		<name>전주콩나물국밥</name>
		<bndbox>
			<xmin>2058</xmin>
			<ymin>577</ymin>
			<xmax>4248</xmax>
			<ymax>2635</ymax>
		</bndbox>
	</object>
</annotation>