<annotation>
	<folder>top국류뚝배기전주콩나물국밥q4</folder>
	<filename>top_국류_뚝배기_전주콩나물국밥_Q4_00030.JPG</filename>
	<path>/top국류뚝배기전주콩나물국밥q4/top_국류_뚝배기_전주콩나물국밥_Q4_00030.JPG</path>
	<source>
		<database>fooddata</database>
	</source>
	<size>
		<width>5472</width>
		<height>3648</height>
		<depth>3</depth>
	</size>
	<object>
		<name>ref_spoon</name>
		<bndbox>
			<xmin>1824</xmin>
			<ymin>2767</ymin>
			<xmax>2479</xmax>
			<ymax>3180</ymax>
		</bndbox>
	</object>
	<object>
		<name>ref_fork</name>
		<bndbox>
			<xmin>1925</xmin>
			<ymin>2377</ymin>
			<xmax>2642</xmax>
			<ymax>2658</ymax>
		</bndbox>
	</object>
	<object>
		<name>ref_coin</name>
		<bndbox>
			<xmin>3936</xmin>
			<ymin>1590</ymin>
			<xmax>4209</xmax>
			<ymax>1855</ymax>
		</bndbox>
	</object>
	<object>
		<name>dish</name>
		<bndbox>
			<xmin>1855</xmin>
			<ymin>304</ymin>
			<xmax>3897</xmax>
			<ymax>2331</ymax>
		</bndbox>
	</object>
	<object>
		<name>전주콩나물국밥</name>
		<bndbox>
			<xmin>2027</xmin>
			<ymin>530</ymin>
			<xmax>3734</xmax>
			<ymax>2120</ymax>
		</bndbox>
	</object>
</annotation>