<annotation>
	<folder>top국류뚝배기전주콩나물국밥q4</folder>
	<filename>top_국류_뚝배기_전주콩나물국밥_Q4_00024.JPG</filename>
	<path>/top국류뚝배기전주콩나물국밥q4/top_국류_뚝배기_전주콩나물국밥_Q4_00024.JPG</path>
	<source>
		<database>fooddata</database>
	</source>
	<size>
		<width>5472</width>
		<height>3648</height>
		<depth>3</depth>
	</size>
	<object>
		<name>ref_spoon</name>
		<bndbox>
			<xmin>1746</xmin>
			<ymin>2900</ymin>
			<xmax>2393</xmax>
			<ymax>3336</ymax>
		</bndbox>
	</object>
	<object>
		<name>ref_fork</name>
		<bndbox>
			<xmin>1746</xmin>
			<ymin>2533</ymin>
			<xmax>2494</xmax>
			<ymax>2830</ymax>
		</bndbox>
	</object>
	<object>
		<name>ref_coin</name>
		<bndbox>
			<xmin>2003</xmin>
			<ymin>187</ymin>
			<xmax>2268</xmax>
			<ymax>437</ymax>
		</bndbox>
	</object>
	<object>
		<name>dish</name>
		<bndbox>
			<xmin>1621</xmin>
			<ymin>444</ymin>
			<xmax>3726</xmax>
			<ymax>2510</ymax>
		</bndbox>
	</object>
	<object>
		<name>전주콩나물국밥</name>
		<bndbox>
			<xmin>1808</xmin>
			<ymin>678</ymin>
			<xmax>3547</xmax>
			<ymax>2307</ymax>
		</bndbox>
	</object>
</annotation>