<annotation>
	<folder>top국류뚝배기전주콩나물국밥q4</folder>
	<filename>top_국류_뚝배기_전주콩나물국밥_Q4_00031.JPG</filename>
	<path>/top국류뚝배기전주콩나물국밥q4/top_국류_뚝배기_전주콩나물국밥_Q4_00031.JPG</path>
	<source>
		<database>fooddata</database>
	</source>
	<size>
		<width>5472</width>
		<height>3648</height>
		<depth>3</depth>
	</size>
	<object>
		<name>ref_spoon</name>
		<bndbox>
			<xmin>1847</xmin>
			<ymin>2720</ymin>
			<xmax>2463</xmax>
			<ymax>3118</ymax>
		</bndbox>
	</object>
	<object>
		<name>ref_fork</name>
		<bndbox>
			<xmin>1949</xmin>
			<ymin>2323</ymin>
			<xmax>2635</xmax>
			<ymax>2596</ymax>
		</bndbox>
	</object>
	<object>
		<name>ref_coin</name>
		<bndbox>
			<xmin>3851</xmin>
			<ymin>1801</ymin>
			<xmax>4116</xmax>
			<ymax>2066</ymax>
		</bndbox>
	</object>
	<object>
		<name>dish</name>
		<bndbox>
			<xmin>1879</xmin>
			<ymin>249</ymin>
			<xmax>3921</xmax>
			<ymax>2276</ymax>
		</bndbox>
	</object>
	<object>
		<name>전주콩나물국밥</name>
		<bndbox>
			<xmin>2058</xmin>
			<ymin>475</ymin>
			<xmax>3749</xmax>
			<ymax>2073</ymax>
		</bndbox>
	</object>
</annotation>