<annotation>
	<folder>top국류뚝배기전주콩나물국밥q4</folder>
	<filename>top_국류_뚝배기_전주콩나물국밥_Q4_00004.JPG</filename>
	<path>/top국류뚝배기전주콩나물국밥q4/top_국류_뚝배기_전주콩나물국밥_Q4_00004.JPG</path>
	<source>
		<database>fooddata</database>
	</source>
	<size>
		<width>5472</width>
		<height>3648</height>
		<depth>3</depth>
	</size>
	<object>
		<name>ref_spoon</name>
		<bndbox>
			<xmin>3617</xmin>
			<ymin>483</ymin>
			<xmax>4092</xmax>
			<ymax>1239</ymax>
		</bndbox>
	</object>
	<object>
		<name>ref_fork</name>
		<bndbox>
			<xmin>4272</xmin>
			<ymin>444</ymin>
			<xmax>4591</xmax>
			<ymax>1278</ymax>
		</bndbox>
	</object>
	<object>
		<name>ref_coin</name>
		<bndbox>
			<xmin>1684</xmin>
			<ymin>3009</ymin>
			<xmax>2066</xmax>
			<ymax>3383</ymax>
		</bndbox>
	</object>
	<object>
		<name>dish</name>
		<bndbox>
			<xmin>967</xmin>
			<ymin>304</ymin>
			<xmax>3664</xmax>
			<ymax>2931</ymax>
		</bndbox>
	</object>
	<object>
		<name>전주콩나물국밥</name>
		<bndbox>
			<xmin>1208</xmin>
			<ymin>561</ymin>
			<xmax>3438</xmax>
			<ymax>2666</ymax>
		</bndbox>
	</object>
</annotation>