<annotation>
	<folder>side어육류정형철판햄버거스테이크q4</folder>
	<filename>side_어육류정형_철판_햄버거스테이크_Q4_00013.JPG</filename>
	<path>/side어육류정형철판햄버거스테이크q4/side_어육류정형_철판_햄버거스테이크_Q4_00013.JPG</path>
	<source>
		<database>fooddata</database>
	</source>
	<size>
		<width>3008</width>
		<height>2000</height>
		<depth>3</depth>
	</size>
	<object>
		<name>ref_spoon</name>
		<bndbox>
			<xmin>2210</xmin>
			<ymin>537</ymin>
			<xmax>2478</xmax>
			<ymax>919</ymax>
		</bndbox>
	</object>
	<object>
		<name>ref_fork</name>
		<bndbox>
			<xmin>2522</xmin>
			<ymin>609</ymin>
			<xmax>2703</xmax>
			<ymax>1035</ymax>
		</bndbox>
	</object>
	<object>
		<name>ref_coin</name>
		<bndbox>
			<xmin>460</xmin>
			<ymin>1721</ymin>
			<xmax>684</xmax>
			<ymax>1894</ymax>
		</bndbox>
	</object>
	<object>
		<name>dish</name>
		<bndbox>
			<xmin>434</xmin>
			<ymin>470</ymin>
			<xmax>1812</xmax>
			<ymax>1450</ymax>
		</bndbox>
	</object>
	<object>
		<name>햄버거스테이크</name>
		<bndbox>
			<xmin>494</xmin>
			<ymin>483</ymin>
			<xmax>1753</xmax>
			<ymax>1355</ymax>
		</bndbox>
	</object>
</annotation>