<annotation>
	<folder>side어육류정형철판햄버거스테이크q4</folder>
	<filename>side_어육류정형_철판_햄버거스테이크_Q4_00035.JPG</filename>
	<path>/side어육류정형철판햄버거스테이크q4/side_어육류정형_철판_햄버거스테이크_Q4_00035.JPG</path>
	<source>
		<database>fooddata</database>
	</source>
	<size>
		<width>3008</width>
		<height>2000</height>
		<depth>3</depth>
	</size>
	<object>
		<name>ref_spoon</name>
		<bndbox>
			<xmin>269</xmin>
			<ymin>387</ymin>
			<xmax>524</xmax>
			<ymax>774</ymax>
		</bndbox>
	</object>
	<object>
		<name>ref_fork</name>
		<bndbox>
			<xmin>638</xmin>
			<ymin>403</ymin>
			<xmax>814</xmax>
			<ymax>815</ymax>
		</bndbox>
	</object>
	<object>
		<name>ref_coin</name>
		<bndbox>
			<xmin>2065</xmin>
			<ymin>1701</ymin>
			<xmax>2277</xmax>
			<ymax>1868</ymax>
		</bndbox>
	</object>
	<object>
		<name>dish</name>
		<bndbox>
			<xmin>1084</xmin>
			<ymin>372</ymin>
			<xmax>2390</xmax>
			<ymax>1321</ymax>
		</bndbox>
	</object>
	<object>
		<name>햄버거스테이크</name>
		<bndbox>
			<xmin>1319</xmin>
			<ymin>395</ymin>
			<xmax>2331</xmax>
			<ymax>1231</ymax>
		</bndbox>
	</object>
</annotation>