<annotation>
	<folder>side어육류정형철판햄버거스테이크q4</folder>
	<filename>side_어육류정형_철판_햄버거스테이크_Q4_00002.JPG</filename>
	<path>/side어육류정형철판햄버거스테이크q4/side_어육류정형_철판_햄버거스테이크_Q4_00002.JPG</path>
	<source>
		<database>fooddata</database>
	</source>
	<size>
		<width>3008</width>
		<height>2000</height>
		<depth>3</depth>
	</size>
	<object>
		<name>ref_spoon</name>
		<bndbox>
			<xmin>2230</xmin>
			<ymin>338</ymin>
			<xmax>2486</xmax>
			<ymax>697</ymax>
		</bndbox>
	</object>
	<object>
		<name>ref_fork</name>
		<bndbox>
			<xmin>2530</xmin>
			<ymin>405</ymin>
			<xmax>2718</xmax>
			<ymax>808</ymax>
		</bndbox>
	</object>
	<object>
		<name>ref_coin</name>
		<bndbox>
			<xmin>1219</xmin>
			<ymin>1675</ymin>
			<xmax>1448</xmax>
			<ymax>1843</ymax>
		</bndbox>
	</object>
	<object>
		<name>dish</name>
		<bndbox>
			<xmin>524</xmin>
			<ymin>341</ymin>
			<xmax>1854</xmax>
			<ymax>1290</ymax>
		</bndbox>
	</object>
	<object>
		<name>햄버거스테이크</name>
		<bndbox>
			<xmin>540</xmin>
			<ymin>343</ymin>
			<xmax>1804</xmax>
			<ymax>1195</ymax>
		</bndbox>
	</object>
</annotation>