<annotation>
	<folder>side어육류정형철판햄버거스테이크q4</folder>
	<filename>side_어육류정형_철판_햄버거스테이크_Q4_00007.JPG</filename>
	<path>/side어육류정형철판햄버거스테이크q4/side_어육류정형_철판_햄버거스테이크_Q4_00007.JPG</path>
	<source>
		<database>fooddata</database>
	</source>
	<size>
		<width>3008</width>
		<height>2000</height>
		<depth>3</depth>
	</size>
	<object>
		<name>ref_spoon</name>
		<bndbox>
			<xmin>2334</xmin>
			<ymin>423</ymin>
			<xmax>2592</xmax>
			<ymax>790</ymax>
		</bndbox>
	</object>
	<object>
		<name>ref_fork</name>
		<bndbox>
			<xmin>2633</xmin>
			<ymin>485</ymin>
			<xmax>2819</xmax>
			<ymax>906</ymax>
		</bndbox>
	</object>
	<object>
		<name>ref_coin</name>
		<bndbox>
			<xmin>1423</xmin>
			<ymin>152</ymin>
			<xmax>1601</xmax>
			<ymax>274</ymax>
		</bndbox>
	</object>
	<object>
		<name>dish</name>
		<bndbox>
			<xmin>643</xmin>
			<ymin>436</ymin>
			<xmax>1964</xmax>
			<ymax>1386</ymax>
		</bndbox>
	</object>
	<object>
		<name>햄버거스테이크</name>
		<bndbox>
			<xmin>695</xmin>
			<ymin>480</ymin>
			<xmax>1887</xmax>
			<ymax>1288</ymax>
		</bndbox>
	</object>
</annotation>