<annotation>
	<folder>side어육류정형철판햄버거스테이크q4</folder>
	<filename>side_어육류정형_철판_햄버거스테이크_Q4_00022.JPG</filename>
	<path>/side어육류정형철판햄버거스테이크q4/side_어육류정형_철판_햄버거스테이크_Q4_00022.JPG</path>
	<source>
		<database>fooddata</database>
	</source>
	<size>
		<width>3008</width>
		<height>2000</height>
		<depth>3</depth>
	</size>
	<object>
		<name>ref_spoon</name>
		<bndbox>
			<xmin>728</xmin>
			<ymin>1618</ymin>
			<xmax>1247</xmax>
			<ymax>1884</ymax>
		</bndbox>
	</object>
	<object>
		<name>ref_fork</name>
		<bndbox>
			<xmin>788</xmin>
			<ymin>1427</ymin>
			<xmax>1371</xmax>
			<ymax>1665</ymax>
		</bndbox>
	</object>
	<object>
		<name>ref_coin</name>
		<bndbox>
			<xmin>256</xmin>
			<ymin>519</ymin>
			<xmax>450</xmax>
			<ymax>658</ymax>
		</bndbox>
	</object>
	<object>
		<name>dish</name>
		<bndbox>
			<xmin>868</xmin>
			<ymin>263</ymin>
			<xmax>2212</xmax>
			<ymax>1254</ymax>
		</bndbox>
	</object>
	<object>
		<name>햄버거스테이크</name>
		<bndbox>
			<xmin>930</xmin>
			<ymin>377</ymin>
			<xmax>2153</xmax>
			<ymax>1115</ymax>
		</bndbox>
	</object>
</annotation>