<annotation>
	<folder>side어육류정형철판햄버거스테이크q4</folder>
	<filename>side_어육류정형_철판_햄버거스테이크_Q4_00034.JPG</filename>
	<path>/side어육류정형철판햄버거스테이크q4/side_어육류정형_철판_햄버거스테이크_Q4_00034.JPG</path>
	<source>
		<database>fooddata</database>
	</source>
	<size>
		<width>3008</width>
		<height>2000</height>
		<depth>3</depth>
	</size>
	<object>
		<name>ref_spoon</name>
		<bndbox>
			<xmin>186</xmin>
			<ymin>395</ymin>
			<xmax>444</xmax>
			<ymax>769</ymax>
		</bndbox>
	</object>
	<object>
		<name>ref_fork</name>
		<bndbox>
			<xmin>563</xmin>
			<ymin>410</ymin>
			<xmax>741</xmax>
			<ymax>849</ymax>
		</bndbox>
	</object>
	<object>
		<name>ref_coin</name>
		<bndbox>
			<xmin>1466</xmin>
			<ymin>1670</ymin>
			<xmax>1675</xmax>
			<ymax>1835</ymax>
		</bndbox>
	</object>
	<object>
		<name>dish</name>
		<bndbox>
			<xmin>1004</xmin>
			<ymin>395</ymin>
			<xmax>2318</xmax>
			<ymax>1347</ymax>
		</bndbox>
	</object>
	<object>
		<name>햄버거스테이크</name>
		<bndbox>
			<xmin>1319</xmin>
			<ymin>490</ymin>
			<xmax>2269</xmax>
			<ymax>1270</ymax>
		</bndbox>
	</object>
</annotation>