<annotation>
	<folder>side어육류정형철판햄버거스테이크q4</folder>
	<filename>side_어육류정형_철판_햄버거스테이크_Q4_00031.JPG</filename>
	<path>/side어육류정형철판햄버거스테이크q4/side_어육류정형_철판_햄버거스테이크_Q4_00031.JPG</path>
	<source>
		<database>fooddata</database>
	</source>
	<size>
		<width>3008</width>
		<height>2000</height>
		<depth>3</depth>
	</size>
	<object>
		<name>ref_spoon</name>
		<bndbox>
			<xmin>597</xmin>
			<ymin>1546</ymin>
			<xmax>1123</xmax>
			<ymax>1794</ymax>
		</bndbox>
	</object>
	<object>
		<name>ref_fork</name>
		<bndbox>
			<xmin>651</xmin>
			<ymin>1355</ymin>
			<xmax>1229</xmax>
			<ymax>1566</ymax>
		</bndbox>
	</object>
	<object>
		<name>ref_coin</name>
		<bndbox>
			<xmin>2473</xmin>
			<ymin>635</ymin>
			<xmax>2669</xmax>
			<ymax>785</ymax>
		</bndbox>
	</object>
	<object>
		<name>dish</name>
		<bndbox>
			<xmin>659</xmin>
			<ymin>181</ymin>
			<xmax>1980</xmax>
			<ymax>1146</ymax>
		</bndbox>
	</object>
	<object>
		<name>햄버거스테이크</name>
		<bndbox>
			<xmin>715</xmin>
			<ymin>284</ymin>
			<xmax>1931</xmax>
			<ymax>1025</ymax>
		</bndbox>
	</object>
</annotation>