<annotation>
	<folder>side어육류정형철판햄버거스테이크q4</folder>
	<filename>side_어육류정형_철판_햄버거스테이크_Q4_00036.JPG</filename>
	<path>/side어육류정형철판햄버거스테이크q4/side_어육류정형_철판_햄버거스테이크_Q4_00036.JPG</path>
	<source>
		<database>fooddata</database>
	</source>
	<size>
		<width>3008</width>
		<height>2000</height>
		<depth>3</depth>
	</size>
	<object>
		<name>ref_spoon</name>
		<bndbox>
			<xmin>192</xmin>
			<ymin>539</ymin>
			<xmax>455</xmax>
			<ymax>908</ymax>
		</bndbox>
	</object>
	<object>
		<name>ref_fork</name>
		<bndbox>
			<xmin>574</xmin>
			<ymin>563</ymin>
			<xmax>749</xmax>
			<ymax>986</ymax>
		</bndbox>
	</object>
	<object>
		<name>ref_coin</name>
		<bndbox>
			<xmin>2643</xmin>
			<ymin>1533</ymin>
			<xmax>2847</xmax>
			<ymax>1701</ymax>
		</bndbox>
	</object>
	<object>
		<name>dish</name>
		<bndbox>
			<xmin>1020</xmin>
			<ymin>521</ymin>
			<xmax>2326</xmax>
			<ymax>1486</ymax>
		</bndbox>
	</object>
	<object>
		<name>햄버거스테이크</name>
		<bndbox>
			<xmin>1278</xmin>
			<ymin>539</ymin>
			<xmax>2274</xmax>
			<ymax>1401</ymax>
		</bndbox>
	</object>
</annotation>