<annotation>
	<folder>side어육류정형철판햄버거스테이크q4</folder>
	<filename>side_어육류정형_철판_햄버거스테이크_Q4_00025.JPG</filename>
	<path>/side어육류정형철판햄버거스테이크q4/side_어육류정형_철판_햄버거스테이크_Q4_00025.JPG</path>
	<source>
		<database>fooddata</database>
	</source>
	<size>
		<width>3008</width>
		<height>2000</height>
		<depth>3</depth>
	</size>
	<object>
		<name>ref_spoon</name>
		<bndbox>
			<xmin>844</xmin>
			<ymin>1587</ymin>
			<xmax>1294</xmax>
			<ymax>1804</ymax>
		</bndbox>
	</object>
	<object>
		<name>ref_fork</name>
		<bndbox>
			<xmin>894</xmin>
			<ymin>1419</ymin>
			<xmax>1363</xmax>
			<ymax>1621</ymax>
		</bndbox>
	</object>
	<object>
		<name>ref_coin</name>
		<bndbox>
			<xmin>1265</xmin>
			<ymin>165</ymin>
			<xmax>1410</xmax>
			<ymax>274</ymax>
		</bndbox>
	</object>
	<object>
		<name>dish</name>
		<bndbox>
			<xmin>909</xmin>
			<ymin>436</ymin>
			<xmax>2026</xmax>
			<ymax>1262</ymax>
		</bndbox>
	</object>
	<object>
		<name>햄버거스테이크</name>
		<bndbox>
			<xmin>935</xmin>
			<ymin>532</ymin>
			<xmax>1993</xmax>
			<ymax>1143</ymax>
		</bndbox>
	</object>
</annotation>