<annotation>
	<folder>side어육류정형철판햄버거스테이크q4</folder>
	<filename>side_어육류정형_철판_햄버거스테이크_Q4_00015.JPG</filename>
	<path>/side어육류정형철판햄버거스테이크q4/side_어육류정형_철판_햄버거스테이크_Q4_00015.JPG</path>
	<source>
		<database>fooddata</database>
	</source>
	<size>
		<width>3008</width>
		<height>2000</height>
		<depth>3</depth>
	</size>
	<object>
		<name>ref_spoon</name>
		<bndbox>
			<xmin>2419</xmin>
			<ymin>614</ymin>
			<xmax>2669</xmax>
			<ymax>973</ymax>
		</bndbox>
	</object>
	<object>
		<name>ref_fork</name>
		<bndbox>
			<xmin>2713</xmin>
			<ymin>689</ymin>
			<xmax>2891</xmax>
			<ymax>1089</ymax>
		</bndbox>
	</object>
	<object>
		<name>ref_coin</name>
		<bndbox>
			<xmin>42</xmin>
			<ymin>1308</ymin>
			<xmax>246</xmax>
			<ymax>1463</ymax>
		</bndbox>
	</object>
	<object>
		<name>dish</name>
		<bndbox>
			<xmin>780</xmin>
			<ymin>560</ymin>
			<xmax>2086</xmax>
			<ymax>1479</ymax>
		</bndbox>
	</object>
	<object>
		<name>햄버거스테이크</name>
		<bndbox>
			<xmin>904</xmin>
			<ymin>565</ymin>
			<xmax>2034</xmax>
			<ymax>1399</ymax>
		</bndbox>
	</object>
</annotation>