<annotation>
	<folder>top어육류정형철판햄버거스테이크q4</folder>
	<filename>top_어육류정형_철판_햄버거스테이크_Q4_00034.JPG</filename>
	<path>/top어육류정형철판햄버거스테이크q4/top_어육류정형_철판_햄버거스테이크_Q4_00034.JPG</path>
	<source>
		<database>fooddata</database>
	</source>
	<size>
		<width>3008</width>
		<height>2000</height>
		<depth>3</depth>
	</size>
	<object>
		<name>ref_spoon</name>
		<bndbox>
			<xmin>244</xmin>
			<ymin>229</ymin>
			<xmax>472</xmax>
			<ymax>572</ymax>
		</bndbox>
	</object>
	<object>
		<name>ref_fork</name>
		<bndbox>
			<xmin>561</xmin>
			<ymin>256</ymin>
			<xmax>708</xmax>
			<ymax>629</ymax>
		</bndbox>
	</object>
	<object>
		<name>ref_coin</name>
		<bndbox>
			<xmin>1015</xmin>
			<ymin>1597</ymin>
			<xmax>1170</xmax>
			<ymax>1764</ymax>
		</bndbox>
	</object>
	<object>
		<name>dish</name>
		<bndbox>
			<xmin>924</xmin>
			<ymin>270</ymin>
			<xmax>2018</xmax>
			<ymax>1314</ymax>
		</bndbox>
	</object>
	<object>
		<name>햄버거스테이크</name>
		<bndbox>
			<xmin>1008</xmin>
			<ymin>305</ymin>
			<xmax>1914</xmax>
			<ymax>1194</ymax>
		</bndbox>
	</object>
</annotation>