<annotation>
	<folder>top어육류정형철판햄버거스테이크q4</folder>
	<filename>top_어육류정형_철판_햄버거스테이크_Q4_00004.JPG</filename>
	<path>/top어육류정형철판햄버거스테이크q4/top_어육류정형_철판_햄버거스테이크_Q4_00004.JPG</path>
	<source>
		<database>fooddata</database>
	</source>
	<size>
		<width>3008</width>
		<height>2000</height>
		<depth>3</depth>
	</size>
	<object>
		<name>ref_spoon</name>
		<bndbox>
			<xmin>2111</xmin>
			<ymin>359</ymin>
			<xmax>2322</xmax>
			<ymax>717</ymax>
		</bndbox>
	</object>
	<object>
		<name>ref_fork</name>
		<bndbox>
			<xmin>2352</xmin>
			<ymin>506</ymin>
			<xmax>2504</xmax>
			<ymax>909</ymax>
		</bndbox>
	</object>
	<object>
		<name>ref_coin</name>
		<bndbox>
			<xmin>1723</xmin>
			<ymin>1600</ymin>
			<xmax>1882</xmax>
			<ymax>1759</ymax>
		</bndbox>
	</object>
	<object>
		<name>dish</name>
		<bndbox>
			<xmin>401</xmin>
			<ymin>258</ymin>
			<xmax>1580</xmax>
			<ymax>1391</ymax>
		</bndbox>
	</object>
	<object>
		<name>햄버거스테이크</name>
		<bndbox>
			<xmin>509</xmin>
			<ymin>342</ymin>
			<xmax>1494</xmax>
			<ymax>1287</ymax>
		</bndbox>
	</object>
</annotation>