<annotation>
	<folder>top어육류정형철판햄버거스테이크q4</folder>
	<filename>top_어육류정형_철판_햄버거스테이크_Q4_00044.JPG</filename>
	<path>/top어육류정형철판햄버거스테이크q4/top_어육류정형_철판_햄버거스테이크_Q4_00044.JPG</path>
	<source>
		<database>fooddata</database>
	</source>
	<size>
		<width>3008</width>
		<height>2000</height>
		<depth>3</depth>
	</size>
	<object>
		<name>ref_spoon</name>
		<bndbox>
			<xmin>86</xmin>
			<ymin>283</ymin>
			<xmax>344</xmax>
			<ymax>683</ymax>
		</bndbox>
	</object>
	<object>
		<name>ref_fork</name>
		<bndbox>
			<xmin>455</xmin>
			<ymin>302</ymin>
			<xmax>624</xmax>
			<ymax>735</ymax>
		</bndbox>
	</object>
	<object>
		<name>ref_coin</name>
		<bndbox>
			<xmin>2406</xmin>
			<ymin>541</ymin>
			<xmax>2580</xmax>
			<ymax>710</ymax>
		</bndbox>
	</object>
	<object>
		<name>dish</name>
		<bndbox>
			<xmin>865</xmin>
			<ymin>302</ymin>
			<xmax>2172</xmax>
			<ymax>1572</ymax>
		</bndbox>
	</object>
	<object>
		<name>햄버거스테이크</name>
		<bndbox>
			<xmin>956</xmin>
			<ymin>359</ymin>
			<xmax>2099</xmax>
			<ymax>1435</ymax>
		</bndbox>
	</object>
</annotation>