<annotation>
	<folder>top어육류정형철판햄버거스테이크q4</folder>
	<filename>top_어육류정형_철판_햄버거스테이크_Q4_00006.JPG</filename>
	<path>/top어육류정형철판햄버거스테이크q4/top_어육류정형_철판_햄버거스테이크_Q4_00006.JPG</path>
	<source>
		<database>fooddata</database>
	</source>
	<size>
		<width>3008</width>
		<height>2000</height>
		<depth>3</depth>
	</size>
	<object>
		<name>ref_spoon</name>
		<bndbox>
			<xmin>2244</xmin>
			<ymin>361</ymin>
			<xmax>2467</xmax>
			<ymax>732</ymax>
		</bndbox>
	</object>
	<object>
		<name>ref_fork</name>
		<bndbox>
			<xmin>2499</xmin>
			<ymin>501</ymin>
			<xmax>2644</xmax>
			<ymax>914</ymax>
		</bndbox>
	</object>
	<object>
		<name>ref_coin</name>
		<bndbox>
			<xmin>2045</xmin>
			<ymin>1219</ymin>
			<xmax>2217</xmax>
			<ymax>1378</ymax>
		</bndbox>
	</object>
	<object>
		<name>dish</name>
		<bndbox>
			<xmin>570</xmin>
			<ymin>275</ymin>
			<xmax>1698</xmax>
			<ymax>1398</ymax>
		</bndbox>
	</object>
	<object>
		<name>햄버거스테이크</name>
		<bndbox>
			<xmin>674</xmin>
			<ymin>393</ymin>
			<xmax>1644</xmax>
			<ymax>1339</ymax>
		</bndbox>
	</object>
</annotation>