<annotation>
	<folder>top어육류정형철판햄버거스테이크q4</folder>
	<filename>top_어육류정형_철판_햄버거스테이크_Q4_00015.JPG</filename>
	<path>/top어육류정형철판햄버거스테이크q4/top_어육류정형_철판_햄버거스테이크_Q4_00015.JPG</path>
	<source>
		<database>fooddata</database>
	</source>
	<size>
		<width>3008</width>
		<height>2000</height>
		<depth>3</depth>
	</size>
	<object>
		<name>ref_spoon</name>
		<bndbox>
			<xmin>2182</xmin>
			<ymin>477</ymin>
			<xmax>2398</xmax>
			<ymax>845</ymax>
		</bndbox>
	</object>
	<object>
		<name>ref_fork</name>
		<bndbox>
			<xmin>2416</xmin>
			<ymin>619</ymin>
			<xmax>2558</xmax>
			<ymax>988</ymax>
		</bndbox>
	</object>
	<object>
		<name>ref_coin</name>
		<bndbox>
			<xmin>231</xmin>
			<ymin>619</ymin>
			<xmax>386</xmax>
			<ymax>767</ymax>
		</bndbox>
	</object>
	<object>
		<name>dish</name>
		<bndbox>
			<xmin>583</xmin>
			<ymin>383</ymin>
			<xmax>1691</xmax>
			<ymax>1467</ymax>
		</bndbox>
	</object>
	<object>
		<name>햄버거스테이크</name>
		<bndbox>
			<xmin>671</xmin>
			<ymin>445</ymin>
			<xmax>1632</xmax>
			<ymax>1361</ymax>
		</bndbox>
	</object>
</annotation>