<annotation>
	<folder>top어육류정형철판햄버거스테이크q4</folder>
	<filename>top_어육류정형_철판_햄버거스테이크_Q4_00023.JPG</filename>
	<path>/top어육류정형철판햄버거스테이크q4/top_어육류정형_철판_햄버거스테이크_Q4_00023.JPG</path>
	<source>
		<database>fooddata</database>
	</source>
	<size>
		<width>3008</width>
		<height>2000</height>
		<depth>3</depth>
	</size>
	<object>
		<name>ref_spoon</name>
		<bndbox>
			<xmin>902</xmin>
			<ymin>1700</ymin>
			<xmax>1209</xmax>
			<ymax>1899</ymax>
		</bndbox>
	</object>
	<object>
		<name>ref_fork</name>
		<bndbox>
			<xmin>959</xmin>
			<ymin>1462</ymin>
			<xmax>1280</xmax>
			<ymax>1582</ymax>
		</bndbox>
	</object>
	<object>
		<name>ref_coin</name>
		<bndbox>
			<xmin>961</xmin>
			<ymin>125</ymin>
			<xmax>1074</xmax>
			<ymax>233</ymax>
		</bndbox>
	</object>
	<object>
		<name>dish</name>
		<bndbox>
			<xmin>1094</xmin>
			<ymin>398</ymin>
			<xmax>1954</xmax>
			<ymax>1224</ymax>
		</bndbox>
	</object>
	<object>
		<name>햄버거스테이크</name>
		<bndbox>
			<xmin>1160</xmin>
			<ymin>545</ymin>
			<xmax>1885</xmax>
			<ymax>1172</ymax>
		</bndbox>
	</object>
</annotation>