<annotation>
	<folder>side육류부피사각배달순대볶음q1</folder>
	<filename>side_육류부피_사각배달_순대볶음_Q1_00008.JPG</filename>
	<path>/side육류부피사각배달순대볶음q1/side_육류부피_사각배달_순대볶음_Q1_00008.JPG</path>
	<source>
		<database>fooddata</database>
	</source>
	<size>
		<width>3008</width>
		<height>2000</height>
		<depth>3</depth>
	</size>
	<object>
		<name>ref_spoon</name>
		<bndbox>
			<xmin>2209</xmin>
			<ymin>426</ymin>
			<xmax>2458</xmax>
			<ymax>762</ymax>
		</bndbox>
	</object>
	<object>
		<name>ref_fork</name>
		<bndbox>
			<xmin>2565</xmin>
			<ymin>400</ymin>
			<xmax>2752</xmax>
			<ymax>766</ymax>
		</bndbox>
	</object>
	<object>
		<name>ref_coin</name>
		<bndbox>
			<xmin>1979</xmin>
			<ymin>1031</ymin>
			<xmax>2174</xmax>
			<ymax>1170</ymax>
		</bndbox>
	</object>
	<object>
		<name>dish</name>
		<bndbox>
			<xmin>563</xmin>
			<ymin>387</ymin>
			<xmax>1750</xmax>
			<ymax>1526</ymax>
		</bndbox>
	</object>
	<object>
		<name>순대볶음</name>
		<bndbox>
			<xmin>776</xmin>
			<ymin>707</ymin>
			<xmax>1588</xmax>
			<ymax>1254</ymax>
		</bndbox>
	</object>
</annotation>