<annotation>
	<folder>side육류부피사각배달순대볶음q1</folder>
	<filename>side_육류부피_사각배달_순대볶음_Q1_00013.JPG</filename>
	<path>/side육류부피사각배달순대볶음q1/side_육류부피_사각배달_순대볶음_Q1_00013.JPG</path>
	<source>
		<database>fooddata</database>
	</source>
	<size>
		<width>3008</width>
		<height>2000</height>
		<depth>3</depth>
	</size>
	<object>
		<name>ref_spoon</name>
		<bndbox>
			<xmin>2177</xmin>
			<ymin>410</ymin>
			<xmax>2442</xmax>
			<ymax>740</ymax>
		</bndbox>
	</object>
	<object>
		<name>ref_fork</name>
		<bndbox>
			<xmin>2539</xmin>
			<ymin>374</ymin>
			<xmax>2743</xmax>
			<ymax>753</ymax>
		</bndbox>
	</object>
	<object>
		<name>ref_coin</name>
		<bndbox>
			<xmin>395</xmin>
			<ymin>623</ymin>
			<xmax>589</xmax>
			<ymax>749</ymax>
		</bndbox>
	</object>
	<object>
		<name>dish</name>
		<bndbox>
			<xmin>712</xmin>
			<ymin>416</ymin>
			<xmax>2154</xmax>
			<ymax>1619</ymax>
		</bndbox>
	</object>
	<object>
		<name>순대볶음</name>
		<bndbox>
			<xmin>1087</xmin>
			<ymin>937</ymin>
			<xmax>1853</xmax>
			<ymax>1344</ymax>
		</bndbox>
	</object>
</annotation>