<annotation>
	<folder>side육류부피사각배달순대볶음q1</folder>
	<filename>side_육류부피_사각배달_순대볶음_Q1_00028.JPG</filename>
	<path>/side육류부피사각배달순대볶음q1/side_육류부피_사각배달_순대볶음_Q1_00028.JPG</path>
	<source>
		<database>fooddata</database>
	</source>
	<size>
		<width>3008</width>
		<height>2000</height>
		<depth>3</depth>
	</size>
	<object>
		<name>ref_spoon</name>
		<bndbox>
			<xmin>812</xmin>
			<ymin>1658</ymin>
			<xmax>1216</xmax>
			<ymax>1881</ymax>
		</bndbox>
	</object>
	<object>
		<name>ref_fork</name>
		<bndbox>
			<xmin>841</xmin>
			<ymin>1435</ymin>
			<xmax>1281</xmax>
			<ymax>1645</ymax>
		</bndbox>
	</object>
	<object>
		<name>ref_coin</name>
		<bndbox>
			<xmin>1918</xmin>
			<ymin>1241</ymin>
			<xmax>2099</xmax>
			<ymax>1377</ymax>
		</bndbox>
	</object>
	<object>
		<name>dish</name>
		<bndbox>
			<xmin>899</xmin>
			<ymin>322</ymin>
			<xmax>2051</xmax>
			<ymax>1344</ymax>
		</bndbox>
	</object>
	<object>
		<name>순대볶음</name>
		<bndbox>
			<xmin>1096</xmin>
			<ymin>617</ymin>
			<xmax>1840</xmax>
			<ymax>1095</ymax>
		</bndbox>
	</object>
</annotation>