<annotation>
	<folder>side육류부피사각배달순대볶음q1</folder>
	<filename>side_육류부피_사각배달_순대볶음_Q1_00010.JPG</filename>
	<path>/side육류부피사각배달순대볶음q1/side_육류부피_사각배달_순대볶음_Q1_00010.JPG</path>
	<source>
		<database>fooddata</database>
	</source>
	<size>
		<width>3008</width>
		<height>2000</height>
		<depth>3</depth>
	</size>
	<object>
		<name>ref_spoon</name>
		<bndbox>
			<xmin>2274</xmin>
			<ymin>306</ymin>
			<xmax>2526</xmax>
			<ymax>649</ymax>
		</bndbox>
	</object>
	<object>
		<name>ref_fork</name>
		<bndbox>
			<xmin>2626</xmin>
			<ymin>277</ymin>
			<xmax>2817</xmax>
			<ymax>652</ymax>
		</bndbox>
	</object>
	<object>
		<name>ref_coin</name>
		<bndbox>
			<xmin>1753</xmin>
			<ymin>361</ymin>
			<xmax>1928</xmax>
			<ymax>481</ymax>
		</bndbox>
	</object>
	<object>
		<name>dish</name>
		<bndbox>
			<xmin>634</xmin>
			<ymin>533</ymin>
			<xmax>2186</xmax>
			<ymax>1539</ymax>
		</bndbox>
	</object>
	<object>
		<name>순대볶음</name>
		<bndbox>
			<xmin>1119</xmin>
			<ymin>856</ymin>
			<xmax>2012</xmax>
			<ymax>1254</ymax>
		</bndbox>
	</object>
</annotation>