<annotation>
	<folder>side육류부피사각배달순대볶음q1</folder>
	<filename>side_육류부피_사각배달_순대볶음_Q1_00041.JPG</filename>
	<path>/side육류부피사각배달순대볶음q1/side_육류부피_사각배달_순대볶음_Q1_00041.JPG</path>
	<source>
		<database>fooddata</database>
	</source>
	<size>
		<width>3008</width>
		<height>2000</height>
		<depth>3</depth>
	</size>
	<object>
		<name>ref_spoon</name>
		<bndbox>
			<xmin>537</xmin>
			<ymin>833</ymin>
			<xmax>786</xmax>
			<ymax>1163</ymax>
		</bndbox>
	</object>
	<object>
		<name>ref_fork</name>
		<bndbox>
			<xmin>857</xmin>
			<ymin>820</ymin>
			<xmax>1016</xmax>
			<ymax>1199</ymax>
		</bndbox>
	</object>
	<object>
		<name>ref_coin</name>
		<bndbox>
			<xmin>1168</xmin>
			<ymin>1060</ymin>
			<xmax>1355</xmax>
			<ymax>1180</ymax>
		</bndbox>
	</object>
	<object>
		<name>dish</name>
		<bndbox>
			<xmin>1630</xmin>
			<ymin>678</ymin>
			<xmax>2652</xmax>
			<ymax>1729</ymax>
		</bndbox>
	</object>
	<object>
		<name>순대볶음</name>
		<bndbox>
			<xmin>1837</xmin>
			<ymin>973</ymin>
			<xmax>2500</xmax>
			<ymax>1454</ymax>
		</bndbox>
	</object>
</annotation>