<annotation>
	<folder>side육류부피사각배달순대볶음q1</folder>
	<filename>side_육류부피_사각배달_순대볶음_Q1_00009.JPG</filename>
	<path>/side육류부피사각배달순대볶음q1/side_육류부피_사각배달_순대볶음_Q1_00009.JPG</path>
	<source>
		<database>fooddata</database>
	</source>
	<size>
		<width>3008</width>
		<height>2000</height>
		<depth>3</depth>
	</size>
	<object>
		<name>ref_spoon</name>
		<bndbox>
			<xmin>2241</xmin>
			<ymin>355</ymin>
			<xmax>2500</xmax>
			<ymax>672</ymax>
		</bndbox>
	</object>
	<object>
		<name>ref_fork</name>
		<bndbox>
			<xmin>2597</xmin>
			<ymin>322</ymin>
			<xmax>2791</xmax>
			<ymax>691</ymax>
		</bndbox>
	</object>
	<object>
		<name>ref_coin</name>
		<bndbox>
			<xmin>2054</xmin>
			<ymin>905</ymin>
			<xmax>2251</xmax>
			<ymax>1031</ymax>
		</bndbox>
	</object>
	<object>
		<name>dish</name>
		<bndbox>
			<xmin>492</xmin>
			<ymin>406</ymin>
			<xmax>1918</xmax>
			<ymax>1257</ymax>
		</bndbox>
	</object>
	<object>
		<name>순대볶음</name>
		<bndbox>
			<xmin>870</xmin>
			<ymin>678</ymin>
			<xmax>1782</xmax>
			<ymax>989</ymax>
		</bndbox>
	</object>
</annotation>