<annotation>
	<folder>side육류부피사각배달순대볶음q1</folder>
	<filename>side_육류부피_사각배달_순대볶음_Q1_00001.JPG</filename>
	<path>/side육류부피사각배달순대볶음q1/side_육류부피_사각배달_순대볶음_Q1_00001.JPG</path>
	<source>
		<database>fooddata</database>
	</source>
	<size>
		<width>3008</width>
		<height>2000</height>
		<depth>3</depth>
	</size>
	<object>
		<name>ref_spoon</name>
		<bndbox>
			<xmin>1915</xmin>
			<ymin>516</ymin>
			<xmax>2157</xmax>
			<ymax>837</ymax>
		</bndbox>
	</object>
	<object>
		<name>ref_fork</name>
		<bndbox>
			<xmin>2261</xmin>
			<ymin>491</ymin>
			<xmax>2442</xmax>
			<ymax>850</ymax>
		</bndbox>
	</object>
	<object>
		<name>ref_coin</name>
		<bndbox>
			<xmin>1824</xmin>
			<ymin>1558</ymin>
			<xmax>2031</xmax>
			<ymax>1694</ymax>
		</bndbox>
	</object>
	<object>
		<name>dish</name>
		<bndbox>
			<xmin>802</xmin>
			<ymin>381</ymin>
			<xmax>1827</xmax>
			<ymax>1441</ymax>
		</bndbox>
	</object>
	<object>
		<name>순대볶음</name>
		<bndbox>
			<xmin>1029</xmin>
			<ymin>804</ymin>
			<xmax>1679</xmax>
			<ymax>1180</ymax>
		</bndbox>
	</object>
</annotation>