<annotation>
	<folder>top육류부피사각배달순대볶음q1</folder>
	<filename>top_육류부피_사각배달_순대볶음_Q1_00002.JPG</filename>
	<path>/top육류부피사각배달순대볶음q1/top_육류부피_사각배달_순대볶음_Q1_00002.JPG</path>
	<source>
		<database>fooddata</database>
	</source>
	<size>
		<width>3008</width>
		<height>2000</height>
		<depth>3</depth>
	</size>
	<object>
		<name>ref_spoon</name>
		<bndbox>
			<xmin>2125</xmin>
			<ymin>166</ymin>
			<xmax>2391</xmax>
			<ymax>587</ymax>
		</bndbox>
	</object>
	<object>
		<name>ref_fork</name>
		<bndbox>
			<xmin>2498</xmin>
			<ymin>148</ymin>
			<xmax>2689</xmax>
			<ymax>610</ymax>
		</bndbox>
	</object>
	<object>
		<name>ref_coin</name>
		<bndbox>
			<xmin>967</xmin>
			<ymin>1617</ymin>
			<xmax>1176</xmax>
			<ymax>1821</ymax>
		</bndbox>
	</object>
	<object>
		<name>dish</name>
		<bndbox>
			<xmin>324</xmin>
			<ymin>157</ymin>
			<xmax>1988</xmax>
			<ymax>1621</ymax>
		</bndbox>
	</object>
	<object>
		<name>순대볶음</name>
		<bndbox>
			<xmin>683</xmin>
			<ymin>357</ymin>
			<xmax>1349</xmax>
			<ymax>1350</ymax>
		</bndbox>
	</object>
</annotation>