<annotation>
	<folder>top육류부피사각배달순대볶음q1</folder>
	<filename>top_육류부피_사각배달_순대볶음_Q1_00008.JPG</filename>
	<path>/top육류부피사각배달순대볶음q1/top_육류부피_사각배달_순대볶음_Q1_00008.JPG</path>
	<source>
		<database>fooddata</database>
	</source>
	<size>
		<width>3008</width>
		<height>2000</height>
		<depth>3</depth>
	</size>
	<object>
		<name>ref_spoon</name>
		<bndbox>
			<xmin>2316</xmin>
			<ymin>139</ymin>
			<xmax>2587</xmax>
			<ymax>561</ymax>
		</bndbox>
	</object>
	<object>
		<name>ref_fork</name>
		<bndbox>
			<xmin>2680</xmin>
			<ymin>135</ymin>
			<xmax>2870</xmax>
			<ymax>605</ymax>
		</bndbox>
	</object>
	<object>
		<name>ref_coin</name>
		<bndbox>
			<xmin>1832</xmin>
			<ymin>419</ymin>
			<xmax>2028</xmax>
			<ymax>614</ymax>
		</bndbox>
	</object>
	<object>
		<name>dish</name>
		<bndbox>
			<xmin>546</xmin>
			<ymin>250</ymin>
			<xmax>2116</xmax>
			<ymax>1909</ymax>
		</bndbox>
	</object>
	<object>
		<name>순대볶음</name>
		<bndbox>
			<xmin>1136</xmin>
			<ymin>698</ymin>
			<xmax>1806</xmax>
			<ymax>1732</ymax>
		</bndbox>
	</object>
</annotation>