<annotation>
	<folder>top육류부피사각배달순대볶음q1</folder>
	<filename>top_육류부피_사각배달_순대볶음_Q1_00048.JPG</filename>
	<path>/top육류부피사각배달순대볶음q1/top_육류부피_사각배달_순대볶음_Q1_00048.JPG</path>
	<source>
		<database>fooddata</database>
	</source>
	<size>
		<width>3008</width>
		<height>2000</height>
		<depth>3</depth>
	</size>
	<object>
		<name>ref_spoon</name>
		<bndbox>
			<xmin>599</xmin>
			<ymin>410</ymin>
			<xmax>839</xmax>
			<ymax>778</ymax>
		</bndbox>
	</object>
	<object>
		<name>ref_fork</name>
		<bndbox>
			<xmin>958</xmin>
			<ymin>441</ymin>
			<xmax>1118</xmax>
			<ymax>840</ymax>
		</bndbox>
	</object>
	<object>
		<name>ref_coin</name>
		<bndbox>
			<xmin>1668</xmin>
			<ymin>91</ymin>
			<xmax>1823</xmax>
			<ymax>241</ymax>
		</bndbox>
	</object>
	<object>
		<name>dish</name>
		<bndbox>
			<xmin>1375</xmin>
			<ymin>454</ymin>
			<xmax>2538</xmax>
			<ymax>1839</ymax>
		</bndbox>
	</object>
	<object>
		<name>순대볶음</name>
		<bndbox>
			<xmin>1584</xmin>
			<ymin>650</ymin>
			<xmax>2334</xmax>
			<ymax>1639</ymax>
		</bndbox>
	</object>
</annotation>