<annotation>
	<folder>top육류부피사각배달순대볶음q1</folder>
	<filename>top_육류부피_사각배달_순대볶음_Q1_00038.JPG</filename>
	<path>/top육류부피사각배달순대볶음q1/top_육류부피_사각배달_순대볶음_Q1_00038.JPG</path>
	<source>
		<database>fooddata</database>
	</source>
	<size>
		<width>3008</width>
		<height>2000</height>
		<depth>3</depth>
	</size>
	<object>
		<name>ref_spoon</name>
		<bndbox>
			<xmin>222</xmin>
			<ymin>512</ymin>
			<xmax>506</xmax>
			<ymax>933</ymax>
		</bndbox>
	</object>
	<object>
		<name>ref_fork</name>
		<bndbox>
			<xmin>648</xmin>
			<ymin>512</ymin>
			<xmax>830</xmax>
			<ymax>969</ymax>
		</bndbox>
	</object>
	<object>
		<name>ref_coin</name>
		<bndbox>
			<xmin>2347</xmin>
			<ymin>783</ymin>
			<xmax>2533</xmax>
			<ymax>960</ymax>
		</bndbox>
	</object>
	<object>
		<name>dish</name>
		<bndbox>
			<xmin>1247</xmin>
			<ymin>343</ymin>
			<xmax>2303</xmax>
			<ymax>1834</ymax>
		</bndbox>
	</object>
	<object>
		<name>순대볶음</name>
		<bndbox>
			<xmin>1353</xmin>
			<ymin>592</ymin>
			<xmax>2116</xmax>
			<ymax>1577</ymax>
		</bndbox>
	</object>
</annotation>