<annotation>
	<folder>top육류부피사각배달순대볶음q1</folder>
	<filename>top_육류부피_사각배달_순대볶음_Q1_00020.JPG</filename>
	<path>/top육류부피사각배달순대볶음q1/top_육류부피_사각배달_순대볶음_Q1_00020.JPG</path>
	<source>
		<database>fooddata</database>
	</source>
	<size>
		<width>3008</width>
		<height>2000</height>
		<depth>3</depth>
	</size>
	<object>
		<name>ref_spoon</name>
		<bndbox>
			<xmin>923</xmin>
			<ymin>1648</ymin>
			<xmax>1278</xmax>
			<ymax>1892</ymax>
		</bndbox>
	</object>
	<object>
		<name>ref_fork</name>
		<bndbox>
			<xmin>918</xmin>
			<ymin>1377</ymin>
			<xmax>1287</xmax>
			<ymax>1532</ymax>
		</bndbox>
	</object>
	<object>
		<name>ref_coin</name>
		<bndbox>
			<xmin>2263</xmin>
			<ymin>632</ymin>
			<xmax>2418</xmax>
			<ymax>765</ymax>
		</bndbox>
	</object>
	<object>
		<name>dish</name>
		<bndbox>
			<xmin>1238</xmin>
			<ymin>113</ymin>
			<xmax>2099</xmax>
			<ymax>1266</ymax>
		</bndbox>
	</object>
	<object>
		<name>순대볶음</name>
		<bndbox>
			<xmin>1353</xmin>
			<ymin>268</ymin>
			<xmax>1948</xmax>
			<ymax>1120</ymax>
		</bndbox>
	</object>
</annotation>