<annotation>
	<folder>top육류부피사각배달순대볶음q1</folder>
	<filename>top_육류부피_사각배달_순대볶음_Q1_00049.JPG</filename>
	<path>/top육류부피사각배달순대볶음q1/top_육류부피_사각배달_순대볶음_Q1_00049.JPG</path>
	<source>
		<database>fooddata</database>
	</source>
	<size>
		<width>3008</width>
		<height>2000</height>
		<depth>3</depth>
	</size>
	<object>
		<name>ref_spoon</name>
		<bndbox>
			<xmin>630</xmin>
			<ymin>459</ymin>
			<xmax>883</xmax>
			<ymax>823</ymax>
		</bndbox>
	</object>
	<object>
		<name>ref_fork</name>
		<bndbox>
			<xmin>998</xmin>
			<ymin>490</ymin>
			<xmax>1158</xmax>
			<ymax>889</ymax>
		</bndbox>
	</object>
	<object>
		<name>ref_coin</name>
		<bndbox>
			<xmin>1508</xmin>
			<ymin>232</ymin>
			<xmax>1664</xmax>
			<ymax>392</ymax>
		</bndbox>
	</object>
	<object>
		<name>dish</name>
		<bndbox>
			<xmin>1637</xmin>
			<ymin>552</ymin>
			<xmax>2560</xmax>
			<ymax>1861</ymax>
		</bndbox>
	</object>
	<object>
		<name>순대볶음</name>
		<bndbox>
			<xmin>1717</xmin>
			<ymin>902</ymin>
			<xmax>2343</xmax>
			<ymax>1688</ymax>
		</bndbox>
	</object>
</annotation>