<annotation>
	<folder>top육류부피사각배달순대볶음q1</folder>
	<filename>top_육류부피_사각배달_순대볶음_Q1_00041.JPG</filename>
	<path>/top육류부피사각배달순대볶음q1/top_육류부피_사각배달_순대볶음_Q1_00041.JPG</path>
	<source>
		<database>fooddata</database>
	</source>
	<size>
		<width>3008</width>
		<height>2000</height>
		<depth>3</depth>
	</size>
	<object>
		<name>ref_spoon</name>
		<bndbox>
			<xmin>324</xmin>
			<ymin>667</ymin>
			<xmax>612</xmax>
			<ymax>1075</ymax>
		</bndbox>
	</object>
	<object>
		<name>ref_fork</name>
		<bndbox>
			<xmin>754</xmin>
			<ymin>658</ymin>
			<xmax>936</xmax>
			<ymax>1115</ymax>
		</bndbox>
	</object>
	<object>
		<name>ref_coin</name>
		<bndbox>
			<xmin>1952</xmin>
			<ymin>139</ymin>
			<xmax>2125</xmax>
			<ymax>303</ymax>
		</bndbox>
	</object>
	<object>
		<name>dish</name>
		<bndbox>
			<xmin>1149</xmin>
			<ymin>703</ymin>
			<xmax>2671</xmax>
			<ymax>1856</ymax>
		</bndbox>
	</object>
	<object>
		<name>순대볶음</name>
		<bndbox>
			<xmin>1460</xmin>
			<ymin>911</ymin>
			<xmax>2240</xmax>
			<ymax>1705</ymax>
		</bndbox>
	</object>
</annotation>