<annotation>
	<folder>top육류부피사각배달순대볶음q1</folder>
	<filename>top_육류부피_사각배달_순대볶음_Q1_00014.JPG</filename>
	<path>/top육류부피사각배달순대볶음q1/top_육류부피_사각배달_순대볶음_Q1_00014.JPG</path>
	<source>
		<database>fooddata</database>
	</source>
	<size>
		<width>3008</width>
		<height>2000</height>
		<depth>3</depth>
	</size>
	<object>
		<name>ref_spoon</name>
		<bndbox>
			<xmin>2307</xmin>
			<ymin>432</ymin>
			<xmax>2547</xmax>
			<ymax>827</ymax>
		</bndbox>
	</object>
	<object>
		<name>ref_fork</name>
		<bndbox>
			<xmin>2618</xmin>
			<ymin>441</ymin>
			<xmax>2804</xmax>
			<ymax>871</ymax>
		</bndbox>
	</object>
	<object>
		<name>ref_coin</name>
		<bndbox>
			<xmin>586</xmin>
			<ymin>1377</ymin>
			<xmax>785</xmax>
			<ymax>1568</ymax>
		</bndbox>
	</object>
	<object>
		<name>dish</name>
		<bndbox>
			<xmin>861</xmin>
			<ymin>330</ymin>
			<xmax>2152</xmax>
			<ymax>1830</ymax>
		</bndbox>
	</object>
	<object>
		<name>순대볶음</name>
		<bndbox>
			<xmin>1149</xmin>
			<ymin>543</ymin>
			<xmax>1739</xmax>
			<ymax>1408</ymax>
		</bndbox>
	</object>
</annotation>