<annotation>
	<folder>top육류부피사각배달순대볶음q1</folder>
	<filename>top_육류부피_사각배달_순대볶음_Q1_00042.JPG</filename>
	<path>/top육류부피사각배달순대볶음q1/top_육류부피_사각배달_순대볶음_Q1_00042.JPG</path>
	<source>
		<database>fooddata</database>
	</source>
	<size>
		<width>3008</width>
		<height>2000</height>
		<depth>3</depth>
	</size>
	<object>
		<name>ref_spoon</name>
		<bndbox>
			<xmin>448</xmin>
			<ymin>543</ymin>
			<xmax>710</xmax>
			<ymax>916</ymax>
		</bndbox>
	</object>
	<object>
		<name>ref_fork</name>
		<bndbox>
			<xmin>834</xmin>
			<ymin>547</ymin>
			<xmax>1003</xmax>
			<ymax>951</ymax>
		</bndbox>
	</object>
	<object>
		<name>ref_coin</name>
		<bndbox>
			<xmin>1251</xmin>
			<ymin>144</ymin>
			<xmax>1415</xmax>
			<ymax>321</ymax>
		</bndbox>
	</object>
	<object>
		<name>dish</name>
		<bndbox>
			<xmin>1442</xmin>
			<ymin>494</ymin>
			<xmax>2529</xmax>
			<ymax>1874</ymax>
		</bndbox>
	</object>
	<object>
		<name>순대볶음</name>
		<bndbox>
			<xmin>1593</xmin>
			<ymin>769</ymin>
			<xmax>2258</xmax>
			<ymax>1679</ymax>
		</bndbox>
	</object>
</annotation>