<annotation>
	<folder>side국물면류원형배달콩국수q4</folder>
	<filename>side_국물면류_원형배달_콩국수_Q4_00045.JPG</filename>
	<path>/side국물면류원형배달콩국수q4/side_국물면류_원형배달_콩국수_Q4_00045.JPG</path>
	<source>
		<database>fooddata</database>
	</source>
	<size>
		<width>3008</width>
		<height>2000</height>
		<depth>3</depth>
	</size>
	<object>
		<name>ref_spoon</name>
		<bndbox>
			<xmin>382</xmin>
			<ymin>876</ymin>
			<xmax>661</xmax>
			<ymax>1248</ymax>
		</bndbox>
	</object>
	<object>
		<name>ref_fork</name>
		<bndbox>
			<xmin>719</xmin>
			<ymin>885</ymin>
			<xmax>918</xmax>
			<ymax>1311</ymax>
		</bndbox>
	</object>
	<object>
		<name>ref_coin</name>
		<bndbox>
			<xmin>1508</xmin>
			<ymin>82</ymin>
			<xmax>1686</xmax>
			<ymax>206</ymax>
		</bndbox>
	</object>
	<object>
		<name>dish</name>
		<bndbox>
			<xmin>1185</xmin>
			<ymin>614</ymin>
			<xmax>2587</xmax>
			<ymax>1883</ymax>
		</bndbox>
	</object>
	<object>
		<name>콩국수</name>
		<bndbox>
			<xmin>1264</xmin>
			<ymin>837</ymin>
			<xmax>2503</xmax>
			<ymax>1536</ymax>
		</bndbox>
	</object>
</annotation>