<annotation>
	<folder>side국물면류원형배달콩국수q4</folder>
	<filename>side_국물면류_원형배달_콩국수_Q4_00023.JPG</filename>
	<path>/side국물면류원형배달콩국수q4/side_국물면류_원형배달_콩국수_Q4_00023.JPG</path>
	<source>
		<database>fooddata</database>
	</source>
	<size>
		<width>3008</width>
		<height>2000</height>
		<depth>3</depth>
	</size>
	<object>
		<name>ref_spoon</name>
		<bndbox>
			<xmin>634</xmin>
			<ymin>1572</ymin>
			<xmax>1114</xmax>
			<ymax>1843</ymax>
		</bndbox>
	</object>
	<object>
		<name>ref_fork</name>
		<bndbox>
			<xmin>710</xmin>
			<ymin>1297</ymin>
			<xmax>1229</xmax>
			<ymax>1555</ymax>
		</bndbox>
	</object>
	<object>
		<name>ref_coin</name>
		<bndbox>
			<xmin>790</xmin>
			<ymin>59</ymin>
			<xmax>985</xmax>
			<ymax>193</ymax>
		</bndbox>
	</object>
	<object>
		<name>dish</name>
		<bndbox>
			<xmin>972</xmin>
			<ymin>161</ymin>
			<xmax>2316</xmax>
			<ymax>1349</ymax>
		</bndbox>
	</object>
	<object>
		<name>콩국수</name>
		<bndbox>
			<xmin>1051</xmin>
			<ymin>367</ymin>
			<xmax>2222</xmax>
			<ymax>1012</ymax>
		</bndbox>
	</object>
</annotation>