<annotation>
	<folder>side국물면류원형배달콩국수q4</folder>
	<filename>side_국물면류_원형배달_콩국수_Q4_00051.JPG</filename>
	<path>/side국물면류원형배달콩국수q4/side_국물면류_원형배달_콩국수_Q4_00051.JPG</path>
	<source>
		<database>fooddata</database>
	</source>
	<size>
		<width>3008</width>
		<height>2000</height>
		<depth>3</depth>
	</size>
	<object>
		<name>ref_spoon</name>
		<bndbox>
			<xmin>244</xmin>
			<ymin>512</ymin>
			<xmax>528</xmax>
			<ymax>880</ymax>
		</bndbox>
	</object>
	<object>
		<name>ref_fork</name>
		<bndbox>
			<xmin>595</xmin>
			<ymin>508</ymin>
			<xmax>794</xmax>
			<ymax>925</ymax>
		</bndbox>
	</object>
	<object>
		<name>ref_coin</name>
		<bndbox>
			<xmin>2547</xmin>
			<ymin>1195</ymin>
			<xmax>2777</xmax>
			<ymax>1373</ymax>
		</bndbox>
	</object>
	<object>
		<name>dish</name>
		<bndbox>
			<xmin>1056</xmin>
			<ymin>175</ymin>
			<xmax>2471</xmax>
			<ymax>1426</ymax>
		</bndbox>
	</object>
	<object>
		<name>콩국수</name>
		<bndbox>
			<xmin>1136</xmin>
			<ymin>394</ymin>
			<xmax>2375</xmax>
			<ymax>1066</ymax>
		</bndbox>
	</object>
</annotation>