<annotation>
	<folder>side국물면류원형배달콩국수q4</folder>
	<filename>side_국물면류_원형배달_콩국수_Q4_00013.JPG</filename>
	<path>/side국물면류원형배달콩국수q4/side_국물면류_원형배달_콩국수_Q4_00013.JPG</path>
	<source>
		<database>fooddata</database>
	</source>
	<size>
		<width>3008</width>
		<height>2000</height>
		<depth>3</depth>
	</size>
	<object>
		<name>ref_spoon</name>
		<bndbox>
			<xmin>1899</xmin>
			<ymin>650</ymin>
			<xmax>2169</xmax>
			<ymax>1013</ymax>
		</bndbox>
	</object>
	<object>
		<name>ref_fork</name>
		<bndbox>
			<xmin>2263</xmin>
			<ymin>672</ymin>
			<xmax>2449</xmax>
			<ymax>1089</ymax>
		</bndbox>
	</object>
	<object>
		<name>ref_coin</name>
		<bndbox>
			<xmin>1868</xmin>
			<ymin>374</ymin>
			<xmax>2067</xmax>
			<ymax>516</ymax>
		</bndbox>
	</object>
	<object>
		<name>dish</name>
		<bndbox>
			<xmin>257</xmin>
			<ymin>450</ymin>
			<xmax>1668</xmax>
			<ymax>1718</ymax>
		</bndbox>
	</object>
	<object>
		<name>콩국수</name>
		<bndbox>
			<xmin>331</xmin>
			<ymin>646</ymin>
			<xmax>1587</xmax>
			<ymax>1373</ymax>
		</bndbox>
	</object>
</annotation>