<annotation>
	<folder>side국물면류원형배달콩국수q4</folder>
	<filename>side_국물면류_원형배달_콩국수_Q4_00009.JPG</filename>
	<path>/side국물면류원형배달콩국수q4/side_국물면류_원형배달_콩국수_Q4_00009.JPG</path>
	<source>
		<database>fooddata</database>
	</source>
	<size>
		<width>3008</width>
		<height>2000</height>
		<depth>3</depth>
	</size>
	<object>
		<name>ref_spoon</name>
		<bndbox>
			<xmin>1957</xmin>
			<ymin>672</ymin>
			<xmax>2232</xmax>
			<ymax>1044</ymax>
		</bndbox>
	</object>
	<object>
		<name>ref_fork</name>
		<bndbox>
			<xmin>2325</xmin>
			<ymin>703</ymin>
			<xmax>2520</xmax>
			<ymax>1098</ymax>
		</bndbox>
	</object>
	<object>
		<name>ref_coin</name>
		<bndbox>
			<xmin>408</xmin>
			<ymin>281</ymin>
			<xmax>603</xmax>
			<ymax>423</ymax>
		</bndbox>
	</object>
	<object>
		<name>dish</name>
		<bndbox>
			<xmin>444</xmin>
			<ymin>468</ymin>
			<xmax>1854</xmax>
			<ymax>1732</ymax>
		</bndbox>
	</object>
	<object>
		<name>콩국수</name>
		<bndbox>
			<xmin>519</xmin>
			<ymin>663</ymin>
			<xmax>1775</xmax>
			<ymax>1377</ymax>
		</bndbox>
	</object>
</annotation>