<annotation>
	<folder>top국물면류원형배달콩국수q4</folder>
	<filename>top_국물면류_원형배달_콩국수_Q4_00033.JPG</filename>
	<path>/top국물면류원형배달콩국수q4/top_국물면류_원형배달_콩국수_Q4_00033.JPG</path>
	<source>
		<database>fooddata</database>
	</source>
	<size>
		<width>3008</width>
		<height>2000</height>
		<depth>3</depth>
	</size>
	<object>
		<name>ref_spoon</name>
		<bndbox>
			<xmin>916</xmin>
			<ymin>1562</ymin>
			<xmax>1275</xmax>
			<ymax>1805</ymax>
		</bndbox>
	</object>
	<object>
		<name>ref_fork</name>
		<bndbox>
			<xmin>1019</xmin>
			<ymin>1339</ymin>
			<xmax>1388</xmax>
			<ymax>1493</ymax>
		</bndbox>
	</object>
	<object>
		<name>ref_coin</name>
		<bndbox>
			<xmin>2255</xmin>
			<ymin>411</ymin>
			<xmax>2422</xmax>
			<ymax>572</ymax>
		</bndbox>
	</object>
	<object>
		<name>dish</name>
		<bndbox>
			<xmin>1029</xmin>
			<ymin>76</ymin>
			<xmax>2209</xmax>
			<ymax>1215</ymax>
		</bndbox>
	</object>
	<object>
		<name>콩국수</name>
		<bndbox>
			<xmin>1109</xmin>
			<ymin>190</ymin>
			<xmax>2109</xmax>
			<ymax>1167</ymax>
		</bndbox>
	</object>
</annotation>