<annotation>
	<folder>top국물면류원형배달콩국수q4</folder>
	<filename>top_국물면류_원형배달_콩국수_Q4_00032.JPG</filename>
	<path>/top국물면류원형배달콩국수q4/top_국물면류_원형배달_콩국수_Q4_00032.JPG</path>
	<source>
		<database>fooddata</database>
	</source>
	<size>
		<width>3008</width>
		<height>2000</height>
		<depth>3</depth>
	</size>
	<object>
		<name>ref_spoon</name>
		<bndbox>
			<xmin>892</xmin>
			<ymin>1661</ymin>
			<xmax>1263</xmax>
			<ymax>1905</ymax>
		</bndbox>
	</object>
	<object>
		<name>ref_fork</name>
		<bndbox>
			<xmin>975</xmin>
			<ymin>1437</ymin>
			<xmax>1361</xmax>
			<ymax>1587</ymax>
		</bndbox>
	</object>
	<object>
		<name>ref_coin</name>
		<bndbox>
			<xmin>2051</xmin>
			<ymin>228</ymin>
			<xmax>2212</xmax>
			<ymax>384</ymax>
		</bndbox>
	</object>
	<object>
		<name>dish</name>
		<bndbox>
			<xmin>950</xmin>
			<ymin>174</ymin>
			<xmax>2149</xmax>
			<ymax>1323</ymax>
		</bndbox>
	</object>
	<object>
		<name>콩국수</name>
		<bndbox>
			<xmin>1058</xmin>
			<ymin>281</ymin>
			<xmax>2036</xmax>
			<ymax>1250</ymax>
		</bndbox>
	</object>
</annotation>