<annotation>
	<folder>top국물면류원형배달콩국수q4</folder>
	<filename>top_국물면류_원형배달_콩국수_Q4_00053.JPG</filename>
	<path>/top국물면류원형배달콩국수q4/top_국물면류_원형배달_콩국수_Q4_00053.JPG</path>
	<source>
		<database>fooddata</database>
	</source>
	<size>
		<width>3008</width>
		<height>2000</height>
		<depth>3</depth>
	</size>
	<object>
		<name>ref_spoon</name>
		<bndbox>
			<xmin>270</xmin>
			<ymin>100</ymin>
			<xmax>564</xmax>
			<ymax>546</ymax>
		</bndbox>
	</object>
	<object>
		<name>ref_fork</name>
		<bndbox>
			<xmin>713</xmin>
			<ymin>185</ymin>
			<xmax>904</xmax>
			<ymax>659</ymax>
		</bndbox>
	</object>
	<object>
		<name>ref_coin</name>
		<bndbox>
			<xmin>2333</xmin>
			<ymin>343</ymin>
			<xmax>2531</xmax>
			<ymax>534</ymax>
		</bndbox>
	</object>
	<object>
		<name>dish</name>
		<bndbox>
			<xmin>1064</xmin>
			<ymin>336</ymin>
			<xmax>2575</xmax>
			<ymax>1833</ymax>
		</bndbox>
	</object>
	<object>
		<name>콩국수</name>
		<bndbox>
			<xmin>1167</xmin>
			<ymin>431</ymin>
			<xmax>2421</xmax>
			<ymax>1730</ymax>
		</bndbox>
	</object>
</annotation>