<annotation>
	<folder>top국물면류원형배달콩국수q4</folder>
	<filename>top_국물면류_원형배달_콩국수_Q4_00005.JPG</filename>
	<path>/top국물면류원형배달콩국수q4/top_국물면류_원형배달_콩국수_Q4_00005.JPG</path>
	<source>
		<database>fooddata</database>
	</source>
	<size>
		<width>3008</width>
		<height>2000</height>
		<depth>3</depth>
	</size>
	<object>
		<name>ref_spoon</name>
		<bndbox>
			<xmin>1840</xmin>
			<ymin>212</ymin>
			<xmax>2095</xmax>
			<ymax>590</ymax>
		</bndbox>
	</object>
	<object>
		<name>ref_fork</name>
		<bndbox>
			<xmin>2186</xmin>
			<ymin>248</ymin>
			<xmax>2368</xmax>
			<ymax>666</ymax>
		</bndbox>
	</object>
	<object>
		<name>ref_coin</name>
		<bndbox>
			<xmin>395</xmin>
			<ymin>1523</ymin>
			<xmax>597</xmax>
			<ymax>1722</ymax>
		</bndbox>
	</object>
	<object>
		<name>dish</name>
		<bndbox>
			<xmin>319</xmin>
			<ymin>159</ymin>
			<xmax>1739</xmax>
			<ymax>1492</ymax>
		</bndbox>
	</object>
	<object>
		<name>콩국수</name>
		<bndbox>
			<xmin>479</xmin>
			<ymin>280</ymin>
			<xmax>1649</xmax>
			<ymax>1449</ymax>
		</bndbox>
	</object>
</annotation>