<annotation>
	<folder>side어육류정형접시떡갈비q5</folder>
	<filename>side_어육류정형_접시_떡갈비_Q5_00022.JPG</filename>
	<path>/side어육류정형접시떡갈비q5/side_어육류정형_접시_떡갈비_Q5_00022.JPG</path>
	<source>
		<database>fooddata</database>
	</source>
	<size>
		<width>5472</width>
		<height>3648</height>
		<depth>3</depth>
	</size>
	<object>
		<name>ref_spoon</name>
		<bndbox>
			<xmin>1222</xmin>
			<ymin>2919</ymin>
			<xmax>2017</xmax>
			<ymax>3453</ymax>
		</bndbox>
	</object>
	<object>
		<name>ref_fork</name>
		<bndbox>
			<xmin>1583</xmin>
			<ymin>2467</ymin>
			<xmax>2431</xmax>
			<ymax>2857</ymax>
		</bndbox>
	</object>
	<object>
		<name>ref_coin</name>
		<bndbox>
			<xmin>2245</xmin>
			<ymin>2081</ymin>
			<xmax>2622</xmax>
			<ymax>2410</ymax>
		</bndbox>
	</object>
	<object>
		<name>dish</name>
		<bndbox>
			<xmin>2198</xmin>
			<ymin>210</ymin>
			<xmax>4665</xmax>
			<ymax>2238</ymax>
		</bndbox>
	</object>
	<object>
		<name>떡갈비</name>
		<bndbox>
			<xmin>2584</xmin>
			<ymin>457</ymin>
			<xmax>4374</xmax>
			<ymax>2081</ymax>
		</bndbox>
	</object>
</annotation>