<annotation>
	<folder>side어육류정형접시떡갈비q5</folder>
	<filename>side_어육류정형_접시_떡갈비_Q5_00026.JPG</filename>
	<path>/side어육류정형접시떡갈비q5/side_어육류정형_접시_떡갈비_Q5_00026.JPG</path>
	<source>
		<database>fooddata</database>
	</source>
	<size>
		<width>5472</width>
		<height>3648</height>
		<depth>3</depth>
	</size>
	<object>
		<name>ref_spoon</name>
		<bndbox>
			<xmin>1283</xmin>
			<ymin>2972</ymin>
			<xmax>2084</xmax>
			<ymax>3500</ymax>
		</bndbox>
	</object>
	<object>
		<name>ref_fork</name>
		<bndbox>
			<xmin>1650</xmin>
			<ymin>2524</ymin>
			<xmax>2522</xmax>
			<ymax>2905</ymax>
		</bndbox>
	</object>
	<object>
		<name>ref_coin</name>
		<bndbox>
			<xmin>2069</xmin>
			<ymin>152</ymin>
			<xmax>2412</xmax>
			<ymax>429</ymax>
		</bndbox>
	</object>
	<object>
		<name>dish</name>
		<bndbox>
			<xmin>1926</xmin>
			<ymin>324</ymin>
			<xmax>4412</xmax>
			<ymax>2381</ymax>
		</bndbox>
	</object>
	<object>
		<name>떡갈비</name>
		<bndbox>
			<xmin>2122</xmin>
			<ymin>462</ymin>
			<xmax>4046</xmax>
			<ymax>2181</ymax>
		</bndbox>
	</object>
</annotation>