<annotation>
	<folder>side어육류정형접시떡갈비q5</folder>
	<filename>side_어육류정형_접시_떡갈비_Q5_00040.JPG</filename>
	<path>/side어육류정형접시떡갈비q5/side_어육류정형_접시_떡갈비_Q5_00040.JPG</path>
	<source>
		<database>fooddata</database>
	</source>
	<size>
		<width>5472</width>
		<height>3648</height>
		<depth>3</depth>
	</size>
	<object>
		<name>ref_spoon</name>
		<bndbox>
			<xmin>245</xmin>
			<ymin>443</ymin>
			<xmax>845</xmax>
			<ymax>1238</ymax>
		</bndbox>
	</object>
	<object>
		<name>ref_fork</name>
		<bndbox>
			<xmin>1102</xmin>
			<ymin>414</ymin>
			<xmax>1488</xmax>
			<ymax>1300</ymax>
		</bndbox>
	</object>
	<object>
		<name>ref_coin</name>
		<bndbox>
			<xmin>3284</xmin>
			<ymin>3186</ymin>
			<xmax>3736</xmax>
			<ymax>3619</ymax>
		</bndbox>
	</object>
	<object>
		<name>dish</name>
		<bndbox>
			<xmin>1712</xmin>
			<ymin>357</ymin>
			<xmax>4789</xmax>
			<ymax>2862</ymax>
		</bndbox>
	</object>
	<object>
		<name>떡갈비</name>
		<bndbox>
			<xmin>1950</xmin>
			<ymin>705</ymin>
			<xmax>4546</xmax>
			<ymax>2291</ymax>
		</bndbox>
	</object>
</annotation>