<annotation>
	<folder>side어육류정형접시떡갈비q5</folder>
	<filename>side_어육류정형_접시_떡갈비_Q5_00029.JPG</filename>
	<path>/side어육류정형접시떡갈비q5/side_어육류정형_접시_떡갈비_Q5_00029.JPG</path>
	<source>
		<database>fooddata</database>
	</source>
	<size>
		<width>5472</width>
		<height>3648</height>
		<depth>3</depth>
	</size>
	<object>
		<name>ref_spoon</name>
		<bndbox>
			<xmin>1483</xmin>
			<ymin>2953</ymin>
			<xmax>2293</xmax>
			<ymax>3500</ymax>
		</bndbox>
	</object>
	<object>
		<name>ref_fork</name>
		<bndbox>
			<xmin>1850</xmin>
			<ymin>2495</ymin>
			<xmax>2731</xmax>
			<ymax>2876</ymax>
		</bndbox>
	</object>
	<object>
		<name>ref_coin</name>
		<bndbox>
			<xmin>4146</xmin>
			<ymin>471</ymin>
			<xmax>4493</xmax>
			<ymax>757</ymax>
		</bndbox>
	</object>
	<object>
		<name>dish</name>
		<bndbox>
			<xmin>1698</xmin>
			<ymin>167</ymin>
			<xmax>4227</xmax>
			<ymax>2229</ymax>
		</bndbox>
	</object>
	<object>
		<name>떡갈비</name>
		<bndbox>
			<xmin>2022</xmin>
			<ymin>295</ymin>
			<xmax>3922</xmax>
			<ymax>1876</ymax>
		</bndbox>
	</object>
</annotation>