<annotation>
	<folder>side어육류정형접시떡갈비q5</folder>
	<filename>side_어육류정형_접시_떡갈비_Q5_00012.JPG</filename>
	<path>/side어육류정형접시떡갈비q5/side_어육류정형_접시_떡갈비_Q5_00012.JPG</path>
	<source>
		<database>fooddata</database>
	</source>
	<size>
		<width>5472</width>
		<height>3648</height>
		<depth>3</depth>
	</size>
	<object>
		<name>ref_spoon</name>
		<bndbox>
			<xmin>3812</xmin>
			<ymin>424</ymin>
			<xmax>4350</xmax>
			<ymax>1153</ymax>
		</bndbox>
	</object>
	<object>
		<name>ref_fork</name>
		<bndbox>
			<xmin>4470</xmin>
			<ymin>510</ymin>
			<xmax>4841</xmax>
			<ymax>1348</ymax>
		</bndbox>
	</object>
	<object>
		<name>ref_coin</name>
		<bndbox>
			<xmin>3541</xmin>
			<ymin>1543</ymin>
			<xmax>3936</xmax>
			<ymax>1886</ymax>
		</bndbox>
	</object>
	<object>
		<name>dish</name>
		<bndbox>
			<xmin>607</xmin>
			<ymin>476</ymin>
			<xmax>3493</xmax>
			<ymax>2862</ymax>
		</bndbox>
	</object>
	<object>
		<name>떡갈비</name>
		<bndbox>
			<xmin>1012</xmin>
			<ymin>619</ymin>
			<xmax>3155</xmax>
			<ymax>2457</ymax>
		</bndbox>
	</object>
</annotation>