<annotation>
	<folder>side어육류정형접시떡갈비q5</folder>
	<filename>side_어육류정형_접시_떡갈비_Q5_00007.JPG</filename>
	<path>/side어육류정형접시떡갈비q5/side_어육류정형_접시_떡갈비_Q5_00007.JPG</path>
	<source>
		<database>fooddata</database>
	</source>
	<size>
		<width>5472</width>
		<height>3648</height>
		<depth>3</depth>
	</size>
	<object>
		<name>ref_spoon</name>
		<bndbox>
			<xmin>3793</xmin>
			<ymin>629</ymin>
			<xmax>4331</xmax>
			<ymax>1381</ymax>
		</bndbox>
	</object>
	<object>
		<name>ref_fork</name>
		<bndbox>
			<xmin>4450</xmin>
			<ymin>748</ymin>
			<xmax>4822</xmax>
			<ymax>1614</ymax>
		</bndbox>
	</object>
	<object>
		<name>ref_coin</name>
		<bndbox>
			<xmin>1336</xmin>
			<ymin>405</ymin>
			<xmax>1726</xmax>
			<ymax>714</ymax>
		</bndbox>
	</object>
	<object>
		<name>dish</name>
		<bndbox>
			<xmin>650</xmin>
			<ymin>757</ymin>
			<xmax>3608</xmax>
			<ymax>3210</ymax>
		</bndbox>
	</object>
	<object>
		<name>떡갈비</name>
		<bndbox>
			<xmin>850</xmin>
			<ymin>1100</ymin>
			<xmax>3193</xmax>
			<ymax>2605</ymax>
		</bndbox>
	</object>
</annotation>