<annotation>
	<folder>side어육류정형접시떡갈비q5</folder>
	<filename>side_어육류정형_접시_떡갈비_Q5_00034.JPG</filename>
	<path>/side어육류정형접시떡갈비q5/side_어육류정형_접시_떡갈비_Q5_00034.JPG</path>
	<source>
		<database>fooddata</database>
	</source>
	<size>
		<width>5472</width>
		<height>3648</height>
		<depth>3</depth>
	</size>
	<object>
		<name>ref_spoon</name>
		<bndbox>
			<xmin>245</xmin>
			<ymin>738</ymin>
			<xmax>831</xmax>
			<ymax>1543</ymax>
		</bndbox>
	</object>
	<object>
		<name>ref_fork</name>
		<bndbox>
			<xmin>1074</xmin>
			<ymin>719</ymin>
			<xmax>1445</xmax>
			<ymax>1586</ymax>
		</bndbox>
	</object>
	<object>
		<name>ref_coin</name>
		<bndbox>
			<xmin>4808</xmin>
			<ymin>1691</ymin>
			<xmax>5231</xmax>
			<ymax>2043</ymax>
		</bndbox>
	</object>
	<object>
		<name>dish</name>
		<bndbox>
			<xmin>1655</xmin>
			<ymin>686</ymin>
			<xmax>4650</xmax>
			<ymax>3162</ymax>
		</bndbox>
	</object>
	<object>
		<name>떡갈비</name>
		<bndbox>
			<xmin>1988</xmin>
			<ymin>862</ymin>
			<xmax>4470</xmax>
			<ymax>3024</ymax>
		</bndbox>
	</object>
</annotation>