<annotation>
	<folder>side어육류정형접시떡갈비q5</folder>
	<filename>side_어육류정형_접시_떡갈비_Q5_00020.JPG</filename>
	<path>/side어육류정형접시떡갈비q5/side_어육류정형_접시_떡갈비_Q5_00020.JPG</path>
	<source>
		<database>fooddata</database>
	</source>
	<size>
		<width>5472</width>
		<height>3648</height>
		<depth>3</depth>
	</size>
	<object>
		<name>ref_spoon</name>
		<bndbox>
			<xmin>1136</xmin>
			<ymin>3019</ymin>
			<xmax>1936</xmax>
			<ymax>3543</ymax>
		</bndbox>
	</object>
	<object>
		<name>ref_fork</name>
		<bndbox>
			<xmin>1498</xmin>
			<ymin>2576</ymin>
			<xmax>2355</xmax>
			<ymax>2953</ymax>
		</bndbox>
	</object>
	<object>
		<name>ref_coin</name>
		<bndbox>
			<xmin>3427</xmin>
			<ymin>2200</ymin>
			<xmax>3793</xmax>
			<ymax>2519</ymax>
		</bndbox>
	</object>
	<object>
		<name>dish</name>
		<bndbox>
			<xmin>1760</xmin>
			<ymin>138</ymin>
			<xmax>4193</xmax>
			<ymax>2105</ymax>
		</bndbox>
	</object>
	<object>
		<name>떡갈비</name>
		<bndbox>
			<xmin>2093</xmin>
			<ymin>305</ymin>
			<xmax>3927</xmax>
			<ymax>1938</ymax>
		</bndbox>
	</object>
</annotation>