<annotation>
	<folder>side어육류정형접시떡갈비q5</folder>
	<filename>side_어육류정형_접시_떡갈비_Q5_00037.JPG</filename>
	<path>/side어육류정형접시떡갈비q5/side_어육류정형_접시_떡갈비_Q5_00037.JPG</path>
	<source>
		<database>fooddata</database>
	</source>
	<size>
		<width>5472</width>
		<height>3648</height>
		<depth>3</depth>
	</size>
	<object>
		<name>ref_spoon</name>
		<bndbox>
			<xmin>421</xmin>
			<ymin>448</ymin>
			<xmax>998</xmax>
			<ymax>1238</ymax>
		</bndbox>
	</object>
	<object>
		<name>ref_fork</name>
		<bndbox>
			<xmin>1245</xmin>
			<ymin>433</ymin>
			<xmax>1617</xmax>
			<ymax>1333</ymax>
		</bndbox>
	</object>
	<object>
		<name>ref_coin</name>
		<bndbox>
			<xmin>4389</xmin>
			<ymin>2848</ymin>
			<xmax>4841</xmax>
			<ymax>3262</ymax>
		</bndbox>
	</object>
	<object>
		<name>dish</name>
		<bndbox>
			<xmin>1826</xmin>
			<ymin>438</ymin>
			<xmax>4841</xmax>
			<ymax>2924</ymax>
		</bndbox>
	</object>
	<object>
		<name>떡갈비</name>
		<bndbox>
			<xmin>2360</xmin>
			<ymin>724</ymin>
			<xmax>4574</xmax>
			<ymax>2719</ymax>
		</bndbox>
	</object>
</annotation>