<annotation>
	<folder>top어육류정형접시떡갈비q5</folder>
	<filename>top_어육류정형_접시_떡갈비_Q5_00048.JPG</filename>
	<path>/top어육류정형접시떡갈비q5/top_어육류정형_접시_떡갈비_Q5_00048.JPG</path>
	<source>
		<database>fooddata</database>
	</source>
	<size>
		<width>5472</width>
		<height>3648</height>
		<depth>3</depth>
	</size>
	<object>
		<name>ref_spoon</name>
		<bndbox>
			<xmin>460</xmin>
			<ymin>662</ymin>
			<xmax>1022</xmax>
			<ymax>1500</ymax>
		</bndbox>
	</object>
	<object>
		<name>ref_fork</name>
		<bndbox>
			<xmin>1207</xmin>
			<ymin>676</ymin>
			<xmax>1574</xmax>
			<ymax>1553</ymax>
		</bndbox>
	</object>
	<object>
		<name>ref_coin</name>
		<bndbox>
			<xmin>4403</xmin>
			<ymin>2891</ymin>
			<xmax>4808</xmax>
			<ymax>3296</ymax>
		</bndbox>
	</object>
	<object>
		<name>dish</name>
		<bndbox>
			<xmin>1936</xmin>
			<ymin>348</ymin>
			<xmax>4836</xmax>
			<ymax>3186</ymax>
		</bndbox>
	</object>
	<object>
		<name>떡갈비</name>
		<bndbox>
			<xmin>2484</xmin>
			<ymin>643</ymin>
			<xmax>4560</xmax>
			<ymax>2867</ymax>
		</bndbox>
	</object>
</annotation>