<annotation>
	<folder>top어육류정형접시떡갈비q5</folder>
	<filename>top_어육류정형_접시_떡갈비_Q5_00011.JPG</filename>
	<path>/top어육류정형접시떡갈비q5/top_어육류정형_접시_떡갈비_Q5_00011.JPG</path>
	<source>
		<database>fooddata</database>
	</source>
	<size>
		<width>5472</width>
		<height>3648</height>
		<depth>3</depth>
	</size>
	<object>
		<name>ref_spoon</name>
		<bndbox>
			<xmin>4246</xmin>
			<ymin>995</ymin>
			<xmax>4731</xmax>
			<ymax>1719</ymax>
		</bndbox>
	</object>
	<object>
		<name>ref_fork</name>
		<bndbox>
			<xmin>4798</xmin>
			<ymin>1305</ymin>
			<xmax>5179</xmax>
			<ymax>2124</ymax>
		</bndbox>
	</object>
	<object>
		<name>ref_coin</name>
		<bndbox>
			<xmin>1803</xmin>
			<ymin>100</ymin>
			<xmax>2145</xmax>
			<ymax>438</ymax>
		</bndbox>
	</object>
	<object>
		<name>dish</name>
		<bndbox>
			<xmin>964</xmin>
			<ymin>795</ymin>
			<xmax>3584</xmax>
			<ymax>3396</ymax>
		</bndbox>
	</object>
	<object>
		<name>떡갈비</name>
		<bndbox>
			<xmin>1403</xmin>
			<ymin>1043</ymin>
			<xmax>3160</xmax>
			<ymax>3005</ymax>
		</bndbox>
	</object>
</annotation>