<annotation>
	<folder>top어육류정형접시떡갈비q5</folder>
	<filename>top_어육류정형_접시_떡갈비_Q5_00046.JPG</filename>
	<path>/top어육류정형접시떡갈비q5/top_어육류정형_접시_떡갈비_Q5_00046.JPG</path>
	<source>
		<database>fooddata</database>
	</source>
	<size>
		<width>5472</width>
		<height>3648</height>
		<depth>3</depth>
	</size>
	<object>
		<name>ref_spoon</name>
		<bndbox>
			<xmin>669</xmin>
			<ymin>852</ymin>
			<xmax>1212</xmax>
			<ymax>1657</ymax>
		</bndbox>
	</object>
	<object>
		<name>ref_fork</name>
		<bndbox>
			<xmin>1388</xmin>
			<ymin>857</ymin>
			<xmax>1736</xmax>
			<ymax>1714</ymax>
		</bndbox>
	</object>
	<object>
		<name>ref_coin</name>
		<bndbox>
			<xmin>4841</xmin>
			<ymin>2410</ymin>
			<xmax>5236</xmax>
			<ymax>2800</ymax>
		</bndbox>
	</object>
	<object>
		<name>dish</name>
		<bndbox>
			<xmin>2060</xmin>
			<ymin>500</ymin>
			<xmax>4836</xmax>
			<ymax>3191</ymax>
		</bndbox>
	</object>
	<object>
		<name>떡갈비</name>
		<bndbox>
			<xmin>2493</xmin>
			<ymin>781</ymin>
			<xmax>4531</xmax>
			<ymax>2710</ymax>
		</bndbox>
	</object>
</annotation>