<annotation>
	<folder>top어육류정형접시떡갈비q5</folder>
	<filename>top_어육류정형_접시_떡갈비_Q5_00041.JPG</filename>
	<path>/top어육류정형접시떡갈비q5/top_어육류정형_접시_떡갈비_Q5_00041.JPG</path>
	<source>
		<database>fooddata</database>
	</source>
	<size>
		<width>5472</width>
		<height>3648</height>
		<depth>3</depth>
	</size>
	<object>
		<name>ref_spoon</name>
		<bndbox>
			<xmin>1074</xmin>
			<ymin>548</ymin>
			<xmax>1603</xmax>
			<ymax>1362</ymax>
		</bndbox>
	</object>
	<object>
		<name>ref_fork</name>
		<bndbox>
			<xmin>1760</xmin>
			<ymin>552</ymin>
			<xmax>2103</xmax>
			<ymax>1381</ymax>
		</bndbox>
	</object>
	<object>
		<name>ref_coin</name>
		<bndbox>
			<xmin>2631</xmin>
			<ymin>2919</ymin>
			<xmax>3003</xmax>
			<ymax>3296</ymax>
		</bndbox>
	</object>
	<object>
		<name>dish</name>
		<bndbox>
			<xmin>2407</xmin>
			<ymin>262</ymin>
			<xmax>5131</xmax>
			<ymax>2896</ymax>
		</bndbox>
	</object>
	<object>
		<name>떡갈비</name>
		<bndbox>
			<xmin>2736</xmin>
			<ymin>833</ymin>
			<xmax>4803</xmax>
			<ymax>2710</ymax>
		</bndbox>
	</object>
</annotation>