<annotation>
	<folder>top어육류정형접시떡갈비q5</folder>
	<filename>top_어육류정형_접시_떡갈비_Q5_00038.JPG</filename>
	<path>/top어육류정형접시떡갈비q5/top_어육류정형_접시_떡갈비_Q5_00038.JPG</path>
	<source>
		<database>fooddata</database>
	</source>
	<size>
		<width>5472</width>
		<height>3648</height>
		<depth>3</depth>
	</size>
	<object>
		<name>ref_spoon</name>
		<bndbox>
			<xmin>402</xmin>
			<ymin>700</ymin>
			<xmax>983</xmax>
			<ymax>1581</ymax>
		</bndbox>
	</object>
	<object>
		<name>ref_fork</name>
		<bndbox>
			<xmin>1174</xmin>
			<ymin>719</ymin>
			<xmax>1550</xmax>
			<ymax>1643</ymax>
		</bndbox>
	</object>
	<object>
		<name>ref_coin</name>
		<bndbox>
			<xmin>4603</xmin>
			<ymin>2776</ymin>
			<xmax>5027</xmax>
			<ymax>3200</ymax>
		</bndbox>
	</object>
	<object>
		<name>dish</name>
		<bndbox>
			<xmin>1893</xmin>
			<ymin>371</ymin>
			<xmax>4851</xmax>
			<ymax>3300</ymax>
		</bndbox>
	</object>
	<object>
		<name>떡갈비</name>
		<bndbox>
			<xmin>2469</xmin>
			<ymin>624</ymin>
			<xmax>4479</xmax>
			<ymax>3000</ymax>
		</bndbox>
	</object>
</annotation>