<annotation>
	<folder>top어육류정형접시떡갈비q5</folder>
	<filename>top_어육류정형_접시_떡갈비_Q5_00026.JPG</filename>
	<path>/top어육류정형접시떡갈비q5/top_어육류정형_접시_떡갈비_Q5_00026.JPG</path>
	<source>
		<database>fooddata</database>
	</source>
	<size>
		<width>5472</width>
		<height>3648</height>
		<depth>3</depth>
	</size>
	<object>
		<name>ref_spoon</name>
		<bndbox>
			<xmin>1755</xmin>
			<ymin>3015</ymin>
			<xmax>2379</xmax>
			<ymax>3477</ymax>
		</bndbox>
	</object>
	<object>
		<name>ref_fork</name>
		<bndbox>
			<xmin>2036</xmin>
			<ymin>2629</ymin>
			<xmax>2712</xmax>
			<ymax>2919</ymax>
		</bndbox>
	</object>
	<object>
		<name>ref_coin</name>
		<bndbox>
			<xmin>1588</xmin>
			<ymin>1172</ymin>
			<xmax>1879</xmax>
			<ymax>1467</ymax>
		</bndbox>
	</object>
	<object>
		<name>dish</name>
		<bndbox>
			<xmin>2222</xmin>
			<ymin>471</ymin>
			<xmax>4355</xmax>
			<ymax>2596</ymax>
		</bndbox>
	</object>
	<object>
		<name>떡갈비</name>
		<bndbox>
			<xmin>2565</xmin>
			<ymin>595</ymin>
			<xmax>4150</xmax>
			<ymax>2238</ymax>
		</bndbox>
	</object>
</annotation>