<annotation>
	<folder>side육류부피원형배달해물찜q1</folder>
	<filename>side_육류부피_원형배달_해물찜_Q1_00032.JPG</filename>
	<path>/side육류부피원형배달해물찜q1/side_육류부피_원형배달_해물찜_Q1_00032.JPG</path>
	<source>
		<database>fooddata</database>
	</source>
	<size>
		<width>3008</width>
		<height>2000</height>
		<depth>3</depth>
	</size>
	<object>
		<name>ref_spoon</name>
		<bndbox>
			<xmin>728</xmin>
			<ymin>1519</ymin>
			<xmax>1167</xmax>
			<ymax>1728</ymax>
		</bndbox>
	</object>
	<object>
		<name>ref_fork</name>
		<bndbox>
			<xmin>732</xmin>
			<ymin>1293</ymin>
			<xmax>1224</xmax>
			<ymax>1501</ymax>
		</bndbox>
	</object>
	<object>
		<name>ref_coin</name>
		<bndbox>
			<xmin>2280</xmin>
			<ymin>712</ymin>
			<xmax>2476</xmax>
			<ymax>831</ymax>
		</bndbox>
	</object>
	<object>
		<name>dish</name>
		<bndbox>
			<xmin>728</xmin>
			<ymin>113</ymin>
			<xmax>2076</xmax>
			<ymax>1253</ymax>
		</bndbox>
	</object>
	<object>
		<name>해물찜</name>
		<bndbox>
			<xmin>1029</xmin>
			<ymin>512</ymin>
			<xmax>1877</xmax>
			<ymax>858</ymax>
		</bndbox>
	</object>
</annotation>