<annotation>
	<folder>side육류부피원형배달해물찜q1</folder>
	<filename>side_육류부피_원형배달_해물찜_Q1_00046.JPG</filename>
	<path>/side육류부피원형배달해물찜q1/side_육류부피_원형배달_해물찜_Q1_00046.JPG</path>
	<source>
		<database>fooddata</database>
	</source>
	<size>
		<width>3008</width>
		<height>2000</height>
		<depth>3</depth>
	</size>
	<object>
		<name>ref_spoon</name>
		<bndbox>
			<xmin>399</xmin>
			<ymin>667</ymin>
			<xmax>643</xmax>
			<ymax>978</ymax>
		</bndbox>
	</object>
	<object>
		<name>ref_fork</name>
		<bndbox>
			<xmin>692</xmin>
			<ymin>694</ymin>
			<xmax>870</xmax>
			<ymax>1031</ymax>
		</bndbox>
	</object>
	<object>
		<name>ref_coin</name>
		<bndbox>
			<xmin>1007</xmin>
			<ymin>335</ymin>
			<xmax>1176</xmax>
			<ymax>432</ymax>
		</bndbox>
	</object>
	<object>
		<name>dish</name>
		<bndbox>
			<xmin>1216</xmin>
			<ymin>312</ymin>
			<xmax>2493</xmax>
			<ymax>1377</ymax>
		</bndbox>
	</object>
	<object>
		<name>해물찜</name>
		<bndbox>
			<xmin>1411</xmin>
			<ymin>658</ymin>
			<xmax>2094</xmax>
			<ymax>996</ymax>
		</bndbox>
	</object>
</annotation>