<annotation>
	<folder>side육류부피원형배달해물찜q1</folder>
	<filename>side_육류부피_원형배달_해물찜_Q1_00011.JPG</filename>
	<path>/side육류부피원형배달해물찜q1/side_육류부피_원형배달_해물찜_Q1_00011.JPG</path>
	<source>
		<database>fooddata</database>
	</source>
	<size>
		<width>3008</width>
		<height>2000</height>
		<depth>3</depth>
	</size>
	<object>
		<name>ref_spoon</name>
		<bndbox>
			<xmin>1996</xmin>
			<ymin>707</ymin>
			<xmax>2267</xmax>
			<ymax>1013</ymax>
		</bndbox>
	</object>
	<object>
		<name>ref_fork</name>
		<bndbox>
			<xmin>2440</xmin>
			<ymin>729</ymin>
			<xmax>2640</xmax>
			<ymax>1080</ymax>
		</bndbox>
	</object>
	<object>
		<name>ref_coin</name>
		<bndbox>
			<xmin>2360</xmin>
			<ymin>516</ymin>
			<xmax>2542</xmax>
			<ymax>627</ymax>
		</bndbox>
	</object>
	<object>
		<name>dish</name>
		<bndbox>
			<xmin>426</xmin>
			<ymin>450</ymin>
			<xmax>1792</xmax>
			<ymax>1626</ymax>
		</bndbox>
	</object>
	<object>
		<name>해물찜</name>
		<bndbox>
			<xmin>719</xmin>
			<ymin>840</ymin>
			<xmax>1513</xmax>
			<ymax>1231</ymax>
		</bndbox>
	</object>
</annotation>