<annotation>
	<folder>side육류부피원형배달해물찜q1</folder>
	<filename>side_육류부피_원형배달_해물찜_Q1_00048.JPG</filename>
	<path>/side육류부피원형배달해물찜q1/side_육류부피_원형배달_해물찜_Q1_00048.JPG</path>
	<source>
		<database>fooddata</database>
	</source>
	<size>
		<width>3008</width>
		<height>2000</height>
		<depth>3</depth>
	</size>
	<object>
		<name>ref_spoon</name>
		<bndbox>
			<xmin>377</xmin>
			<ymin>663</ymin>
			<xmax>630</xmax>
			<ymax>960</ymax>
		</bndbox>
	</object>
	<object>
		<name>ref_fork</name>
		<bndbox>
			<xmin>683</xmin>
			<ymin>672</ymin>
			<xmax>852</xmax>
			<ymax>1031</ymax>
		</bndbox>
	</object>
	<object>
		<name>ref_coin</name>
		<bndbox>
			<xmin>1482</xmin>
			<ymin>1382</ymin>
			<xmax>1681</xmax>
			<ymax>1515</ymax>
		</bndbox>
	</object>
	<object>
		<name>dish</name>
		<bndbox>
			<xmin>1193</xmin>
			<ymin>272</ymin>
			<xmax>2489</xmax>
			<ymax>1333</ymax>
		</bndbox>
	</object>
	<object>
		<name>해물찜</name>
		<bndbox>
			<xmin>1433</xmin>
			<ymin>623</ymin>
			<xmax>2107</xmax>
			<ymax>942</ymax>
		</bndbox>
	</object>
</annotation>