<annotation>
	<folder>side육류부피원형배달해물찜q1</folder>
	<filename>side_육류부피_원형배달_해물찜_Q1_00039.JPG</filename>
	<path>/side육류부피원형배달해물찜q1/side_육류부피_원형배달_해물찜_Q1_00039.JPG</path>
	<source>
		<database>fooddata</database>
	</source>
	<size>
		<width>3008</width>
		<height>2000</height>
		<depth>3</depth>
	</size>
	<object>
		<name>ref_spoon</name>
		<bndbox>
			<xmin>266</xmin>
			<ymin>907</ymin>
			<xmax>515</xmax>
			<ymax>1204</ymax>
		</bndbox>
	</object>
	<object>
		<name>ref_fork</name>
		<bndbox>
			<xmin>555</xmin>
			<ymin>947</ymin>
			<xmax>723</xmax>
			<ymax>1293</ymax>
		</bndbox>
	</object>
	<object>
		<name>ref_coin</name>
		<bndbox>
			<xmin>1952</xmin>
			<ymin>1692</ymin>
			<xmax>2143</xmax>
			<ymax>1816</ymax>
		</bndbox>
	</object>
	<object>
		<name>dish</name>
		<bndbox>
			<xmin>1020</xmin>
			<ymin>583</ymin>
			<xmax>2227</xmax>
			<ymax>1608</ymax>
		</bndbox>
	</object>
	<object>
		<name>해물찜</name>
		<bndbox>
			<xmin>1202</xmin>
			<ymin>973</ymin>
			<xmax>1925</xmax>
			<ymax>1257</ymax>
		</bndbox>
	</object>
</annotation>