<annotation>
	<folder>side육류부피원형배달해물찜q1</folder>
	<filename>side_육류부피_원형배달_해물찜_Q1_00003.JPG</filename>
	<path>/side육류부피원형배달해물찜q1/side_육류부피_원형배달_해물찜_Q1_00003.JPG</path>
	<source>
		<database>fooddata</database>
	</source>
	<size>
		<width>3008</width>
		<height>2000</height>
		<depth>3</depth>
	</size>
	<object>
		<name>ref_spoon</name>
		<bndbox>
			<xmin>1939</xmin>
			<ymin>729</ymin>
			<xmax>2187</xmax>
			<ymax>1022</ymax>
		</bndbox>
	</object>
	<object>
		<name>ref_fork</name>
		<bndbox>
			<xmin>2334</xmin>
			<ymin>743</ymin>
			<xmax>2529</xmax>
			<ymax>1084</ymax>
		</bndbox>
	</object>
	<object>
		<name>ref_coin</name>
		<bndbox>
			<xmin>794</xmin>
			<ymin>1728</ymin>
			<xmax>980</xmax>
			<ymax>1865</ymax>
		</bndbox>
	</object>
	<object>
		<name>dish</name>
		<bndbox>
			<xmin>515</xmin>
			<ymin>494</ymin>
			<xmax>1752</xmax>
			<ymax>1572</ymax>
		</bndbox>
	</object>
	<object>
		<name>해물찜</name>
		<bndbox>
			<xmin>745</xmin>
			<ymin>916</ymin>
			<xmax>1424</xmax>
			<ymax>1204</ymax>
		</bndbox>
	</object>
</annotation>