<annotation>
	<folder>side육류부피원형배달해물찜q1</folder>
	<filename>side_육류부피_원형배달_해물찜_Q1_00001.JPG</filename>
	<path>/side육류부피원형배달해물찜q1/side_육류부피_원형배달_해물찜_Q1_00001.JPG</path>
	<source>
		<database>fooddata</database>
	</source>
	<size>
		<width>3008</width>
		<height>2000</height>
		<depth>3</depth>
	</size>
	<object>
		<name>ref_spoon</name>
		<bndbox>
			<xmin>1952</xmin>
			<ymin>632</ymin>
			<xmax>2201</xmax>
			<ymax>925</ymax>
		</bndbox>
	</object>
	<object>
		<name>ref_fork</name>
		<bndbox>
			<xmin>2298</xmin>
			<ymin>632</ymin>
			<xmax>2498</xmax>
			<ymax>973</ymax>
		</bndbox>
	</object>
	<object>
		<name>ref_coin</name>
		<bndbox>
			<xmin>1748</xmin>
			<ymin>1577</ymin>
			<xmax>1943</xmax>
			<ymax>1714</ymax>
		</bndbox>
	</object>
	<object>
		<name>dish</name>
		<bndbox>
			<xmin>550</xmin>
			<ymin>419</ymin>
			<xmax>1810</xmax>
			<ymax>1519</ymax>
		</bndbox>
	</object>
	<object>
		<name>해물찜</name>
		<bndbox>
			<xmin>949</xmin>
			<ymin>827</ymin>
			<xmax>1606</xmax>
			<ymax>1142</ymax>
		</bndbox>
	</object>
</annotation>