<annotation>
	<folder>side육류부피원형배달해물찜q1</folder>
	<filename>side_육류부피_원형배달_해물찜_Q1_00006.JPG</filename>
	<path>/side육류부피원형배달해물찜q1/side_육류부피_원형배달_해물찜_Q1_00006.JPG</path>
	<source>
		<database>fooddata</database>
	</source>
	<size>
		<width>3008</width>
		<height>2000</height>
		<depth>3</depth>
	</size>
	<object>
		<name>ref_spoon</name>
		<bndbox>
			<xmin>2303</xmin>
			<ymin>796</ymin>
			<xmax>2547</xmax>
			<ymax>1098</ymax>
		</bndbox>
	</object>
	<object>
		<name>ref_fork</name>
		<bndbox>
			<xmin>2693</xmin>
			<ymin>818</ymin>
			<xmax>2893</xmax>
			<ymax>1155</ymax>
		</bndbox>
	</object>
	<object>
		<name>ref_coin</name>
		<bndbox>
			<xmin>169</xmin>
			<ymin>902</ymin>
			<xmax>342</xmax>
			<ymax>1013</ymax>
		</bndbox>
	</object>
	<object>
		<name>dish</name>
		<bndbox>
			<xmin>821</xmin>
			<ymin>547</ymin>
			<xmax>2067</xmax>
			<ymax>1612</ymax>
		</bndbox>
	</object>
	<object>
		<name>해물찜</name>
		<bndbox>
			<xmin>976</xmin>
			<ymin>956</ymin>
			<xmax>1801</xmax>
			<ymax>1257</ymax>
		</bndbox>
	</object>
</annotation>