<annotation>
	<folder>side육류부피원형배달해물찜q1</folder>
	<filename>side_육류부피_원형배달_해물찜_Q1_00007.JPG</filename>
	<path>/side육류부피원형배달해물찜q1/side_육류부피_원형배달_해물찜_Q1_00007.JPG</path>
	<source>
		<database>fooddata</database>
	</source>
	<size>
		<width>3008</width>
		<height>2000</height>
		<depth>3</depth>
	</size>
	<object>
		<name>ref_spoon</name>
		<bndbox>
			<xmin>2019</xmin>
			<ymin>885</ymin>
			<xmax>2272</xmax>
			<ymax>1177</ymax>
		</bndbox>
	</object>
	<object>
		<name>ref_fork</name>
		<bndbox>
			<xmin>2431</xmin>
			<ymin>916</ymin>
			<xmax>2622</xmax>
			<ymax>1257</ymax>
		</bndbox>
	</object>
	<object>
		<name>ref_coin</name>
		<bndbox>
			<xmin>461</xmin>
			<ymin>547</ymin>
			<xmax>621</xmax>
			<ymax>641</ymax>
		</bndbox>
	</object>
	<object>
		<name>dish</name>
		<bndbox>
			<xmin>426</xmin>
			<ymin>676</ymin>
			<xmax>1730</xmax>
			<ymax>1790</ymax>
		</bndbox>
	</object>
	<object>
		<name>해물찜</name>
		<bndbox>
			<xmin>581</xmin>
			<ymin>1031</ymin>
			<xmax>1469</xmax>
			<ymax>1413</ymax>
		</bndbox>
	</object>
</annotation>