<annotation>
	<folder>top육류부피원형배달해물찜q1</folder>
	<filename>top_육류부피_원형배달_해물찜_Q1_00050.JPG</filename>
	<path>/top육류부피원형배달해물찜q1/top_육류부피_원형배달_해물찜_Q1_00050.JPG</path>
	<source>
		<database>fooddata</database>
	</source>
	<size>
		<width>3008</width>
		<height>2000</height>
		<depth>3</depth>
	</size>
	<object>
		<name>ref_spoon</name>
		<bndbox>
			<xmin>524</xmin>
			<ymin>276</ymin>
			<xmax>778</xmax>
			<ymax>646</ymax>
		</bndbox>
	</object>
	<object>
		<name>ref_fork</name>
		<bndbox>
			<xmin>851</xmin>
			<ymin>290</ymin>
			<xmax>1025</xmax>
			<ymax>711</ymax>
		</bndbox>
	</object>
	<object>
		<name>ref_coin</name>
		<bndbox>
			<xmin>1813</xmin>
			<ymin>1583</ymin>
			<xmax>1990</xmax>
			<ymax>1779</ymax>
		</bndbox>
	</object>
	<object>
		<name>dish</name>
		<bndbox>
			<xmin>1214</xmin>
			<ymin>171</ymin>
			<xmax>2542</xmax>
			<ymax>1481</ymax>
		</bndbox>
	</object>
	<object>
		<name>해물찜</name>
		<bndbox>
			<xmin>1431</xmin>
			<ymin>407</ymin>
			<xmax>2252</xmax>
			<ymax>1318</ymax>
		</bndbox>
	</object>
</annotation>