<annotation>
	<folder>top육류부피원형배달해물찜q1</folder>
	<filename>top_육류부피_원형배달_해물찜_Q1_00005.JPG</filename>
	<path>/top육류부피원형배달해물찜q1/top_육류부피_원형배달_해물찜_Q1_00005.JPG</path>
	<source>
		<database>fooddata</database>
	</source>
	<size>
		<width>3008</width>
		<height>2000</height>
		<depth>3</depth>
	</size>
	<object>
		<name>ref_spoon</name>
		<bndbox>
			<xmin>2157</xmin>
			<ymin>174</ymin>
			<xmax>2415</xmax>
			<ymax>563</ymax>
		</bndbox>
	</object>
	<object>
		<name>ref_fork</name>
		<bndbox>
			<xmin>2506</xmin>
			<ymin>345</ymin>
			<xmax>2687</xmax>
			<ymax>766</ymax>
		</bndbox>
	</object>
	<object>
		<name>ref_coin</name>
		<bndbox>
			<xmin>393</xmin>
			<ymin>1321</ymin>
			<xmax>589</xmax>
			<ymax>1521</ymax>
		</bndbox>
	</object>
	<object>
		<name>dish</name>
		<bndbox>
			<xmin>724</xmin>
			<ymin>178</ymin>
			<xmax>2092</xmax>
			<ymax>1517</ymax>
		</bndbox>
	</object>
	<object>
		<name>해물찜</name>
		<bndbox>
			<xmin>898</xmin>
			<ymin>780</ymin>
			<xmax>1907</xmax>
			<ymax>1441</ymax>
		</bndbox>
	</object>
</annotation>