<annotation>
	<folder>top육류부피원형배달해물찜q1</folder>
	<filename>top_육류부피_원형배달_해물찜_Q1_00030.JPG</filename>
	<path>/top육류부피원형배달해물찜q1/top_육류부피_원형배달_해물찜_Q1_00030.JPG</path>
	<source>
		<database>fooddata</database>
	</source>
	<size>
		<width>3008</width>
		<height>2000</height>
		<depth>3</depth>
	</size>
	<object>
		<name>ref_spoon</name>
		<bndbox>
			<xmin>927</xmin>
			<ymin>1619</ymin>
			<xmax>1243</xmax>
			<ymax>1844</ymax>
		</bndbox>
	</object>
	<object>
		<name>ref_fork</name>
		<bndbox>
			<xmin>985</xmin>
			<ymin>1347</ymin>
			<xmax>1337</xmax>
			<ymax>1492</ymax>
		</bndbox>
	</object>
	<object>
		<name>ref_coin</name>
		<bndbox>
			<xmin>2146</xmin>
			<ymin>1285</ymin>
			<xmax>2295</xmax>
			<ymax>1441</ymax>
		</bndbox>
	</object>
	<object>
		<name>dish</name>
		<bndbox>
			<xmin>1148</xmin>
			<ymin>171</ymin>
			<xmax>2241</xmax>
			<ymax>1230</ymax>
		</bndbox>
	</object>
	<object>
		<name>해물찜</name>
		<bndbox>
			<xmin>1359</xmin>
			<ymin>385</ymin>
			<xmax>2099</xmax>
			<ymax>1180</ymax>
		</bndbox>
	</object>
</annotation>