<annotation>
	<folder>top육류부피원형배달해물찜q1</folder>
	<filename>top_육류부피_원형배달_해물찜_Q1_00042.JPG</filename>
	<path>/top육류부피원형배달해물찜q1/top_육류부피_원형배달_해물찜_Q1_00042.JPG</path>
	<source>
		<database>fooddata</database>
	</source>
	<size>
		<width>3008</width>
		<height>2000</height>
		<depth>3</depth>
	</size>
	<object>
		<name>ref_spoon</name>
		<bndbox>
			<xmin>401</xmin>
			<ymin>240</ymin>
			<xmax>669</xmax>
			<ymax>642</ymax>
		</bndbox>
	</object>
	<object>
		<name>ref_fork</name>
		<bndbox>
			<xmin>753</xmin>
			<ymin>261</ymin>
			<xmax>930</xmax>
			<ymax>708</ymax>
		</bndbox>
	</object>
	<object>
		<name>ref_coin</name>
		<bndbox>
			<xmin>2513</xmin>
			<ymin>1263</ymin>
			<xmax>2695</xmax>
			<ymax>1452</ymax>
		</bndbox>
	</object>
	<object>
		<name>dish</name>
		<bndbox>
			<xmin>1127</xmin>
			<ymin>279</ymin>
			<xmax>2513</xmax>
			<ymax>1655</ymax>
		</bndbox>
	</object>
	<object>
		<name>해물찜</name>
		<bndbox>
			<xmin>1304</xmin>
			<ymin>555</ymin>
			<xmax>2197</xmax>
			<ymax>1419</ymax>
		</bndbox>
	</object>
</annotation>