<annotation>
	<folder>top육류부피원형배달해물찜q1</folder>
	<filename>top_육류부피_원형배달_해물찜_Q1_00023.JPG</filename>
	<path>/top육류부피원형배달해물찜q1/top_육류부피_원형배달_해물찜_Q1_00023.JPG</path>
	<source>
		<database>fooddata</database>
	</source>
	<size>
		<width>3008</width>
		<height>2000</height>
		<depth>3</depth>
	</size>
	<object>
		<name>ref_spoon</name>
		<bndbox>
			<xmin>970</xmin>
			<ymin>1597</ymin>
			<xmax>1323</xmax>
			<ymax>1844</ymax>
		</bndbox>
	</object>
	<object>
		<name>ref_fork</name>
		<bndbox>
			<xmin>1036</xmin>
			<ymin>1303</ymin>
			<xmax>1410</xmax>
			<ymax>1466</ymax>
		</bndbox>
	</object>
	<object>
		<name>ref_coin</name>
		<bndbox>
			<xmin>825</xmin>
			<ymin>417</ymin>
			<xmax>989</xmax>
			<ymax>588</ymax>
		</bndbox>
	</object>
	<object>
		<name>dish</name>
		<bndbox>
			<xmin>1134</xmin>
			<ymin>83</ymin>
			<xmax>2350</xmax>
			<ymax>1278</ymax>
		</bndbox>
	</object>
	<object>
		<name>해물찜</name>
		<bndbox>
			<xmin>1250</xmin>
			<ymin>276</ymin>
			<xmax>2074</xmax>
			<ymax>1191</ymax>
		</bndbox>
	</object>
</annotation>