<annotation>
	<folder>top육류부피원형배달해물찜q1</folder>
	<filename>top_육류부피_원형배달_해물찜_Q1_00017.JPG</filename>
	<path>/top육류부피원형배달해물찜q1/top_육류부피_원형배달_해물찜_Q1_00017.JPG</path>
	<source>
		<database>fooddata</database>
	</source>
	<size>
		<width>3008</width>
		<height>2000</height>
		<depth>3</depth>
	</size>
	<object>
		<name>ref_spoon</name>
		<bndbox>
			<xmin>2070</xmin>
			<ymin>181</ymin>
			<xmax>2328</xmax>
			<ymax>563</ymax>
		</bndbox>
	</object>
	<object>
		<name>ref_fork</name>
		<bndbox>
			<xmin>2419</xmin>
			<ymin>363</ymin>
			<xmax>2607</xmax>
			<ymax>780</ymax>
		</bndbox>
	</object>
	<object>
		<name>ref_coin</name>
		<bndbox>
			<xmin>444</xmin>
			<ymin>1474</ymin>
			<xmax>644</xmax>
			<ymax>1670</ymax>
		</bndbox>
	</object>
	<object>
		<name>dish</name>
		<bndbox>
			<xmin>560</xmin>
			<ymin>142</ymin>
			<xmax>1979</xmax>
			<ymax>1528</ymax>
		</bndbox>
	</object>
	<object>
		<name>해물찜</name>
		<bndbox>
			<xmin>843</xmin>
			<ymin>708</ymin>
			<xmax>1823</xmax>
			<ymax>1445</ymax>
		</bndbox>
	</object>
</annotation>