<annotation>
	<folder>top육류부피원형배달해물찜q1</folder>
	<filename>top_육류부피_원형배달_해물찜_Q1_00055.JPG</filename>
	<path>/top육류부피원형배달해물찜q1/top_육류부피_원형배달_해물찜_Q1_00055.JPG</path>
	<source>
		<database>fooddata</database>
	</source>
	<size>
		<width>3008</width>
		<height>2000</height>
		<depth>3</depth>
	</size>
	<object>
		<name>ref_spoon</name>
		<bndbox>
			<xmin>186</xmin>
			<ymin>501</ymin>
			<xmax>484</xmax>
			<ymax>918</ymax>
		</bndbox>
	</object>
	<object>
		<name>ref_fork</name>
		<bndbox>
			<xmin>560</xmin>
			<ymin>505</ymin>
			<xmax>778</xmax>
			<ymax>984</ymax>
		</bndbox>
	</object>
	<object>
		<name>ref_coin</name>
		<bndbox>
			<xmin>2462</xmin>
			<ymin>548</ymin>
			<xmax>2666</xmax>
			<ymax>744</ymax>
		</bndbox>
	</object>
	<object>
		<name>dish</name>
		<bndbox>
			<xmin>981</xmin>
			<ymin>381</ymin>
			<xmax>2517</xmax>
			<ymax>1898</ymax>
		</bndbox>
	</object>
	<object>
		<name>해물찜</name>
		<bndbox>
			<xmin>1159</xmin>
			<ymin>679</ymin>
			<xmax>2168</xmax>
			<ymax>1586</ymax>
		</bndbox>
	</object>
</annotation>