<annotation>
	<folder>top육류부피원형배달해물찜q1</folder>
	<filename>top_육류부피_원형배달_해물찜_Q1_00038.JPG</filename>
	<path>/top육류부피원형배달해물찜q1/top_육류부피_원형배달_해물찜_Q1_00038.JPG</path>
	<source>
		<database>fooddata</database>
	</source>
	<size>
		<width>3008</width>
		<height>2000</height>
		<depth>3</depth>
	</size>
	<object>
		<name>ref_spoon</name>
		<bndbox>
			<xmin>350</xmin>
			<ymin>167</ymin>
			<xmax>633</xmax>
			<ymax>588</ymax>
		</bndbox>
	</object>
	<object>
		<name>ref_fork</name>
		<bndbox>
			<xmin>716</xmin>
			<ymin>174</ymin>
			<xmax>923</xmax>
			<ymax>632</ymax>
		</bndbox>
	</object>
	<object>
		<name>ref_coin</name>
		<bndbox>
			<xmin>1431</xmin>
			<ymin>1568</ymin>
			<xmax>1620</xmax>
			<ymax>1768</ymax>
		</bndbox>
	</object>
	<object>
		<name>dish</name>
		<bndbox>
			<xmin>1163</xmin>
			<ymin>87</ymin>
			<xmax>2575</xmax>
			<ymax>1495</ymax>
		</bndbox>
	</object>
	<object>
		<name>해물찜</name>
		<bndbox>
			<xmin>1323</xmin>
			<ymin>247</ymin>
			<xmax>2241</xmax>
			<ymax>1263</ymax>
		</bndbox>
	</object>
</annotation>