<annotation>
	<folder>top육류부피원형배달해물찜q1</folder>
	<filename>top_육류부피_원형배달_해물찜_Q1_00049.JPG</filename>
	<path>/top육류부피원형배달해물찜q1/top_육류부피_원형배달_해물찜_Q1_00049.JPG</path>
	<source>
		<database>fooddata</database>
	</source>
	<size>
		<width>3008</width>
		<height>2000</height>
		<depth>3</depth>
	</size>
	<object>
		<name>ref_spoon</name>
		<bndbox>
			<xmin>589</xmin>
			<ymin>323</ymin>
			<xmax>843</xmax>
			<ymax>701</ymax>
		</bndbox>
	</object>
	<object>
		<name>ref_fork</name>
		<bndbox>
			<xmin>916</xmin>
			<ymin>345</ymin>
			<xmax>1083</xmax>
			<ymax>755</ymax>
		</bndbox>
	</object>
	<object>
		<name>ref_coin</name>
		<bndbox>
			<xmin>1457</xmin>
			<ymin>1641</ymin>
			<xmax>1649</xmax>
			<ymax>1833</ymax>
		</bndbox>
	</object>
	<object>
		<name>dish</name>
		<bndbox>
			<xmin>1275</xmin>
			<ymin>236</ymin>
			<xmax>2611</xmax>
			<ymax>1550</ymax>
		</bndbox>
	</object>
	<object>
		<name>해물찜</name>
		<bndbox>
			<xmin>1489</xmin>
			<ymin>479</ymin>
			<xmax>2303</xmax>
			<ymax>1376</ymax>
		</bndbox>
	</object>
</annotation>