<annotation>
	<folder>top육류부피원형배달해물찜q1</folder>
	<filename>top_육류부피_원형배달_해물찜_Q1_00054.JPG</filename>
	<path>/top육류부피원형배달해물찜q1/top_육류부피_원형배달_해물찜_Q1_00054.JPG</path>
	<source>
		<database>fooddata</database>
	</source>
	<size>
		<width>3008</width>
		<height>2000</height>
		<depth>3</depth>
	</size>
	<object>
		<name>ref_spoon</name>
		<bndbox>
			<xmin>157</xmin>
			<ymin>305</ymin>
			<xmax>459</xmax>
			<ymax>737</ymax>
		</bndbox>
	</object>
	<object>
		<name>ref_fork</name>
		<bndbox>
			<xmin>538</xmin>
			<ymin>312</ymin>
			<xmax>742</xmax>
			<ymax>788</ymax>
		</bndbox>
	</object>
	<object>
		<name>ref_coin</name>
		<bndbox>
			<xmin>2520</xmin>
			<ymin>980</ymin>
			<xmax>2716</xmax>
			<ymax>1176</ymax>
		</bndbox>
	</object>
	<object>
		<name>dish</name>
		<bndbox>
			<xmin>923</xmin>
			<ymin>214</ymin>
			<xmax>2426</xmax>
			<ymax>1691</ymax>
		</bndbox>
	</object>
	<object>
		<name>해물찜</name>
		<bndbox>
			<xmin>1156</xmin>
			<ymin>450</ymin>
			<xmax>2132</xmax>
			<ymax>1332</ymax>
		</bndbox>
	</object>
</annotation>