<annotation>
	<folder>top육류부피원형배달해물찜q1</folder>
	<filename>top_육류부피_원형배달_해물찜_Q1_00003.JPG</filename>
	<path>/top육류부피원형배달해물찜q1/top_육류부피_원형배달_해물찜_Q1_00003.JPG</path>
	<source>
		<database>fooddata</database>
	</source>
	<size>
		<width>3008</width>
		<height>2000</height>
		<depth>3</depth>
	</size>
	<object>
		<name>ref_spoon</name>
		<bndbox>
			<xmin>2099</xmin>
			<ymin>214</ymin>
			<xmax>2346</xmax>
			<ymax>592</ymax>
		</bndbox>
	</object>
	<object>
		<name>ref_fork</name>
		<bndbox>
			<xmin>2444</xmin>
			<ymin>381</ymin>
			<xmax>2622</xmax>
			<ymax>809</ymax>
		</bndbox>
	</object>
	<object>
		<name>ref_coin</name>
		<bndbox>
			<xmin>1156</xmin>
			<ymin>1695</ymin>
			<xmax>1348</xmax>
			<ymax>1891</ymax>
		</bndbox>
	</object>
	<object>
		<name>dish</name>
		<bndbox>
			<xmin>691</xmin>
			<ymin>160</ymin>
			<xmax>2045</xmax>
			<ymax>1463</ymax>
		</bndbox>
	</object>
	<object>
		<name>해물찜</name>
		<bndbox>
			<xmin>1090</xmin>
			<ymin>577</ymin>
			<xmax>1903</xmax>
			<ymax>1419</ymax>
		</bndbox>
	</object>
</annotation>