<annotation>
	<folder>side부침개류접시두부구이q2</folder>
	<filename>side_부침개류_접시_두부구이_Q2_00033.JPG</filename>
	<path>/side부침개류접시두부구이q2/side_부침개류_접시_두부구이_Q2_00033.JPG</path>
	<source>
		<database>fooddata</database>
	</source>
	<size>
		<width>720</width>
		<height>480</height>
		<depth>3</depth>
	</size>
	<object>
		<name>ref_spoon</name>
		<bndbox>
			<xmin>162</xmin>
			<ymin>124</ymin>
			<xmax>224</xmax>
			<ymax>207</ymax>
		</bndbox>
	</object>
	<object>
		<name>ref_fork</name>
		<bndbox>
			<xmin>249</xmin>
			<ymin>127</ymin>
			<xmax>292</xmax>
			<ymax>219</ymax>
		</bndbox>
	</object>
	<object>
		<name>ref_coin</name>
		<bndbox>
			<xmin>308</xmin>
			<ymin>364</ymin>
			<xmax>360</xmax>
			<ymax>408</ymax>
		</bndbox>
	</object>
	<object>
		<name>dish</name>
		<bndbox>
			<xmin>313</xmin>
			<ymin>121</ymin>
			<xmax>615</xmax>
			<ymax>345</ymax>
		</bndbox>
	</object>
	<object>
		<name>두부구이</name>
		<bndbox>
			<xmin>351</xmin>
			<ymin>150</ymin>
			<xmax>510</xmax>
			<ymax>280</ymax>
		</bndbox>
	</object>
</annotation>