<annotation>
	<folder>side부침개류접시두부구이q2</folder>
	<filename>side_부침개류_접시_두부구이_Q2_00028.JPG</filename>
	<path>/side부침개류접시두부구이q2/side_부침개류_접시_두부구이_Q2_00028.JPG</path>
	<source>
		<database>fooddata</database>
	</source>
	<size>
		<width>720</width>
		<height>480</height>
		<depth>3</depth>
	</size>
	<object>
		<name>ref_spoon</name>
		<bndbox>
			<xmin>148</xmin>
			<ymin>380</ymin>
			<xmax>267</xmax>
			<ymax>453</ymax>
		</bndbox>
	</object>
	<object>
		<name>ref_fork</name>
		<bndbox>
			<xmin>168</xmin>
			<ymin>323</ymin>
			<xmax>298</xmax>
			<ymax>382</ymax>
		</bndbox>
	</object>
	<object>
		<name>ref_coin</name>
		<bndbox>
			<xmin>312</xmin>
			<ymin>295</ymin>
			<xmax>369</xmax>
			<ymax>336</ymax>
		</bndbox>
	</object>
	<object>
		<name>dish</name>
		<bndbox>
			<xmin>193</xmin>
			<ymin>24</ymin>
			<xmax>543</xmax>
			<ymax>269</ymax>
		</bndbox>
	</object>
	<object>
		<name>두부구이</name>
		<bndbox>
			<xmin>287</xmin>
			<ymin>78</ymin>
			<xmax>451</xmax>
			<ymax>223</ymax>
		</bndbox>
	</object>
</annotation>