<annotation>
	<folder>side부침개류접시두부구이q2</folder>
	<filename>side_부침개류_접시_두부구이_Q2_00012.JPG</filename>
	<path>/side부침개류접시두부구이q2/side_부침개류_접시_두부구이_Q2_00012.JPG</path>
	<source>
		<database>fooddata</database>
	</source>
	<size>
		<width>720</width>
		<height>480</height>
		<depth>3</depth>
	</size>
	<object>
		<name>ref_spoon</name>
		<bndbox>
			<xmin>505</xmin>
			<ymin>141</ymin>
			<xmax>575</xmax>
			<ymax>235</ymax>
		</bndbox>
	</object>
	<object>
		<name>ref_fork</name>
		<bndbox>
			<xmin>600</xmin>
			<ymin>151</ymin>
			<xmax>652</xmax>
			<ymax>254</ymax>
		</bndbox>
	</object>
	<object>
		<name>ref_coin</name>
		<bndbox>
			<xmin>421</xmin>
			<ymin>150</ymin>
			<xmax>472</xmax>
			<ymax>188</ymax>
		</bndbox>
	</object>
	<object>
		<name>dish</name>
		<bndbox>
			<xmin>83</xmin>
			<ymin>163</ymin>
			<xmax>472</xmax>
			<ymax>453</ymax>
		</bndbox>
	</object>
	<object>
		<name>두부구이</name>
		<bndbox>
			<xmin>184</xmin>
			<ymin>255</ymin>
			<xmax>381</xmax>
			<ymax>379</ymax>
		</bndbox>
	</object>
</annotation>