<annotation>
	<folder>side부침개류접시두부구이q2</folder>
	<filename>side_부침개류_접시_두부구이_Q2_00018.JPG</filename>
	<path>/side부침개류접시두부구이q2/side_부침개류_접시_두부구이_Q2_00018.JPG</path>
	<source>
		<database>fooddata</database>
	</source>
	<size>
		<width>720</width>
		<height>480</height>
		<depth>3</depth>
	</size>
	<object>
		<name>ref_spoon</name>
		<bndbox>
			<xmin>209</xmin>
			<ymin>371</ymin>
			<xmax>335</xmax>
			<ymax>445</ymax>
		</bndbox>
	</object>
	<object>
		<name>ref_fork</name>
		<bndbox>
			<xmin>229</xmin>
			<ymin>310</ymin>
			<xmax>357</xmax>
			<ymax>370</ymax>
		</bndbox>
	</object>
	<object>
		<name>ref_coin</name>
		<bndbox>
			<xmin>618</xmin>
			<ymin>208</ymin>
			<xmax>675</xmax>
			<ymax>251</ymax>
		</bndbox>
	</object>
	<object>
		<name>dish</name>
		<bndbox>
			<xmin>235</xmin>
			<ymin>26</ymin>
			<xmax>587</xmax>
			<ymax>282</ymax>
		</bndbox>
	</object>
	<object>
		<name>두부구이</name>
		<bndbox>
			<xmin>318</xmin>
			<ymin>94</ymin>
			<xmax>514</xmax>
			<ymax>227</ymax>
		</bndbox>
	</object>
</annotation>