<annotation>
	<folder>side부침개류접시두부구이q2</folder>
	<filename>side_부침개류_접시_두부구이_Q2_00051.JPG</filename>
	<path>/side부침개류접시두부구이q2/side_부침개류_접시_두부구이_Q2_00051.JPG</path>
	<source>
		<database>fooddata</database>
	</source>
	<size>
		<width>720</width>
		<height>480</height>
		<depth>3</depth>
	</size>
	<object>
		<name>ref_spoon</name>
		<bndbox>
			<xmin>52</xmin>
			<ymin>89</ymin>
			<xmax>125</xmax>
			<ymax>185</ymax>
		</bndbox>
	</object>
	<object>
		<name>ref_fork</name>
		<bndbox>
			<xmin>154</xmin>
			<ymin>91</ymin>
			<xmax>204</xmax>
			<ymax>196</ymax>
		</bndbox>
	</object>
	<object>
		<name>ref_coin</name>
		<bndbox>
			<xmin>543</xmin>
			<ymin>377</ymin>
			<xmax>602</xmax>
			<ymax>427</ymax>
		</bndbox>
	</object>
	<object>
		<name>dish</name>
		<bndbox>
			<xmin>231</xmin>
			<ymin>85</ymin>
			<xmax>575</xmax>
			<ymax>340</ymax>
		</bndbox>
	</object>
	<object>
		<name>두부구이</name>
		<bndbox>
			<xmin>318</xmin>
			<ymin>150</ymin>
			<xmax>508</xmax>
			<ymax>304</ymax>
		</bndbox>
	</object>
</annotation>