<annotation>
	<folder>top부침개류접시두부구이q2</folder>
	<filename>top_부침개류_접시_두부구이_Q2_00025.JPG</filename>
	<path>/top부침개류접시두부구이q2/top_부침개류_접시_두부구이_Q2_00025.JPG</path>
	<source>
		<database>fooddata</database>
	</source>
	<size>
		<width>720</width>
		<height>480</height>
		<depth>3</depth>
	</size>
	<object>
		<name>ref_spoon</name>
		<bndbox>
			<xmin>241</xmin>
			<ymin>403</ymin>
			<xmax>330</xmax>
			<ymax>465</ymax>
		</bndbox>
	</object>
	<object>
		<name>ref_fork</name>
		<bndbox>
			<xmin>263</xmin>
			<ymin>347</ymin>
			<xmax>359</xmax>
			<ymax>387</ymax>
		</bndbox>
	</object>
	<object>
		<name>ref_coin</name>
		<bndbox>
			<xmin>364</xmin>
			<ymin>21</ymin>
			<xmax>405</xmax>
			<ymax>58</ymax>
		</bndbox>
	</object>
	<object>
		<name>dish</name>
		<bndbox>
			<xmin>291</xmin>
			<ymin>84</ymin>
			<xmax>546</xmax>
			<ymax>331</ymax>
		</bndbox>
	</object>
	<object>
		<name>두부구이</name>
		<bndbox>
			<xmin>338</xmin>
			<ymin>130</ymin>
			<xmax>501</xmax>
			<ymax>289</ymax>
		</bndbox>
	</object>
</annotation>