<annotation>
	<folder>top부침개류접시두부구이q2</folder>
	<filename>top_부침개류_접시_두부구이_Q2_00015.JPG</filename>
	<path>/top부침개류접시두부구이q2/top_부침개류_접시_두부구이_Q2_00015.JPG</path>
	<source>
		<database>fooddata</database>
	</source>
	<size>
		<width>720</width>
		<height>480</height>
		<depth>3</depth>
	</size>
	<object>
		<name>ref_spoon</name>
		<bndbox>
			<xmin>507</xmin>
			<ymin>78</ymin>
			<xmax>568</xmax>
			<ymax>170</ymax>
		</bndbox>
	</object>
	<object>
		<name>ref_fork</name>
		<bndbox>
			<xmin>581</xmin>
			<ymin>96</ymin>
			<xmax>627</xmax>
			<ymax>200</ymax>
		</bndbox>
	</object>
	<object>
		<name>ref_coin</name>
		<bndbox>
			<xmin>105</xmin>
			<ymin>275</ymin>
			<xmax>150</xmax>
			<ymax>321</ymax>
		</bndbox>
	</object>
	<object>
		<name>dish</name>
		<bndbox>
			<xmin>207</xmin>
			<ymin>110</ymin>
			<xmax>506</xmax>
			<ymax>399</ymax>
		</bndbox>
	</object>
	<object>
		<name>두부구이</name>
		<bndbox>
			<xmin>276</xmin>
			<ymin>159</ymin>
			<xmax>430</xmax>
			<ymax>347</ymax>
		</bndbox>
	</object>
</annotation>