<annotation>
	<folder>top부침개류접시두부구이q2</folder>
	<filename>top_부침개류_접시_두부구이_Q2_00004.JPG</filename>
	<path>/top부침개류접시두부구이q2/top_부침개류_접시_두부구이_Q2_00004.JPG</path>
	<source>
		<database>fooddata</database>
	</source>
	<size>
		<width>720</width>
		<height>480</height>
		<depth>3</depth>
	</size>
	<object>
		<name>ref_spoon</name>
		<bndbox>
			<xmin>518</xmin>
			<ymin>66</ymin>
			<xmax>583</xmax>
			<ymax>166</ymax>
		</bndbox>
	</object>
	<object>
		<name>ref_fork</name>
		<bndbox>
			<xmin>594</xmin>
			<ymin>87</ymin>
			<xmax>645</xmax>
			<ymax>198</ymax>
		</bndbox>
	</object>
	<object>
		<name>ref_coin</name>
		<bndbox>
			<xmin>148</xmin>
			<ymin>307</ymin>
			<xmax>198</xmax>
			<ymax>356</ymax>
		</bndbox>
	</object>
	<object>
		<name>dish</name>
		<bndbox>
			<xmin>171</xmin>
			<ymin>44</ymin>
			<xmax>510</xmax>
			<ymax>377</ymax>
		</bndbox>
	</object>
	<object>
		<name>두부구이</name>
		<bndbox>
			<xmin>258</xmin>
			<ymin>121</ymin>
			<xmax>409</xmax>
			<ymax>296</ymax>
		</bndbox>
	</object>
</annotation>