<annotation>
	<folder>top부침개류접시두부구이q2</folder>
	<filename>top_부침개류_접시_두부구이_Q2_00024.JPG</filename>
	<path>/top부침개류접시두부구이q2/top_부침개류_접시_두부구이_Q2_00024.JPG</path>
	<source>
		<database>fooddata</database>
	</source>
	<size>
		<width>720</width>
		<height>480</height>
		<depth>3</depth>
	</size>
	<object>
		<name>ref_spoon</name>
		<bndbox>
			<xmin>228</xmin>
			<ymin>402</ymin>
			<xmax>320</xmax>
			<ymax>465</ymax>
		</bndbox>
	</object>
	<object>
		<name>ref_fork</name>
		<bndbox>
			<xmin>252</xmin>
			<ymin>347</ymin>
			<xmax>348</xmax>
			<ymax>386</ymax>
		</bndbox>
	</object>
	<object>
		<name>ref_coin</name>
		<bndbox>
			<xmin>306</xmin>
			<ymin>21</ymin>
			<xmax>346</xmax>
			<ymax>58</ymax>
		</bndbox>
	</object>
	<object>
		<name>dish</name>
		<bndbox>
			<xmin>281</xmin>
			<ymin>80</ymin>
			<xmax>540</xmax>
			<ymax>330</ymax>
		</bndbox>
	</object>
	<object>
		<name>두부구이</name>
		<bndbox>
			<xmin>330</xmin>
			<ymin>125</ymin>
			<xmax>473</xmax>
			<ymax>281</ymax>
		</bndbox>
	</object>
</annotation>