<annotation>
	<folder>top부침개류접시두부구이q2</folder>
	<filename>top_부침개류_접시_두부구이_Q2_00051.JPG</filename>
	<path>/top부침개류접시두부구이q2/top_부침개류_접시_두부구이_Q2_00051.JPG</path>
	<source>
		<database>fooddata</database>
	</source>
	<size>
		<width>720</width>
		<height>480</height>
		<depth>3</depth>
	</size>
	<object>
		<name>ref_spoon</name>
		<bndbox>
			<xmin>232</xmin>
			<ymin>58</ymin>
			<xmax>292</xmax>
			<ymax>150</ymax>
		</bndbox>
	</object>
	<object>
		<name>ref_fork</name>
		<bndbox>
			<xmin>311</xmin>
			<ymin>70</ymin>
			<xmax>355</xmax>
			<ymax>173</ymax>
		</bndbox>
	</object>
	<object>
		<name>ref_coin</name>
		<bndbox>
			<xmin>135</xmin>
			<ymin>223</ymin>
			<xmax>184</xmax>
			<ymax>270</ymax>
		</bndbox>
	</object>
	<object>
		<name>dish</name>
		<bndbox>
			<xmin>365</xmin>
			<ymin>123</ymin>
			<xmax>672</xmax>
			<ymax>429</ymax>
		</bndbox>
	</object>
	<object>
		<name>두부구이</name>
		<bndbox>
			<xmin>451</xmin>
			<ymin>149</ymin>
			<xmax>619</xmax>
			<ymax>330</ymax>
		</bndbox>
	</object>
</annotation>