<annotation>
	<folder>top부침개류접시두부구이q2</folder>
	<filename>top_부침개류_접시_두부구이_Q2_00053.JPG</filename>
	<path>/top부침개류접시두부구이q2/top_부침개류_접시_두부구이_Q2_00053.JPG</path>
	<source>
		<database>fooddata</database>
	</source>
	<size>
		<width>720</width>
		<height>480</height>
		<depth>3</depth>
	</size>
	<object>
		<name>ref_spoon</name>
		<bndbox>
			<xmin>181</xmin>
			<ymin>26</ymin>
			<xmax>241</xmax>
			<ymax>120</ymax>
		</bndbox>
	</object>
	<object>
		<name>ref_fork</name>
		<bndbox>
			<xmin>263</xmin>
			<ymin>34</ymin>
			<xmax>304</xmax>
			<ymax>140</ymax>
		</bndbox>
	</object>
	<object>
		<name>ref_coin</name>
		<bndbox>
			<xmin>365</xmin>
			<ymin>379</ymin>
			<xmax>413</xmax>
			<ymax>428</ymax>
		</bndbox>
	</object>
	<object>
		<name>dish</name>
		<bndbox>
			<xmin>298</xmin>
			<ymin>42</ymin>
			<xmax>622</xmax>
			<ymax>358</ymax>
		</bndbox>
	</object>
	<object>
		<name>두부구이</name>
		<bndbox>
			<xmin>392</xmin>
			<ymin>94</ymin>
			<xmax>558</xmax>
			<ymax>269</ymax>
		</bndbox>
	</object>
</annotation>