<annotation>
	<folder>side국류대접q3</folder>
	<filename>side_국류_대접_시래기된장국_Q3_00033.JPG</filename>
	<path>/side국류대접시래기된장국q3/side_국류_대접_시래기된장국_Q3_00033.JPG</path>
	<source>
		<database>fooddata</database>
	</source>
	<size>
		<width>5472</width>
		<height>3648</height>
		<depth>3</depth>
	</size>
	<object>
		<name>ref_spoon</name>
		<bndbox>
			<xmin>800</xmin>
			<ymin>1524</ymin>
			<xmax>1336</xmax>
			<ymax>2350</ymax>
		</bndbox>
	</object>
	<object>
		<name>ref_fork</name>
		<bndbox>
			<xmin>1394</xmin>
			<ymin>1595</ymin>
			<xmax>1755</xmax>
			<ymax>2492</ymax>
		</bndbox>
	</object>
	<object>
		<name>ref_coin</name>
		<bndbox>
			<xmin>3981</xmin>
			<ymin>956</ymin>
			<xmax>4375</xmax>
			<ymax>1234</ymax>
		</bndbox>
	</object>
	<object>
		<name>dish</name>
		<bndbox>
			<xmin>1897</xmin>
			<ymin>1201</ymin>
			<xmax>4349</xmax>
			<ymax>3298</ymax>
		</bndbox>
	</object>
	<object>
		<name>시래기된장국</name>
		<bndbox>
			<xmin>2142</xmin>
			<ymin>1685</ymin>
			<xmax>4098</xmax>
			<ymax>2982</ymax>
		</bndbox>
	</object>
</annotation>