<annotation>
	<folder>side국류대접q3</folder>
	<filename>side_국류_대접_시래기된장국_Q3_00017.JPG</filename>
	<path>/side국류대접시래기된장국q3/side_국류_대접_시래기된장국_Q3_00017.JPG</path>
	<source>
		<database>fooddata</database>
	</source>
	<size>
		<width>5472</width>
		<height>3648</height>
		<depth>3</depth>
	</size>
	<object>
		<name>ref_spoon</name>
		<bndbox>
			<xmin>942</xmin>
			<ymin>2802</ymin>
			<xmax>1923</xmax>
			<ymax>3369</ymax>
		</bndbox>
	</object>
	<object>
		<name>ref_fork</name>
		<bndbox>
			<xmin>1329</xmin>
			<ymin>2331</ymin>
			<xmax>2407</xmax>
			<ymax>2795</ymax>
		</bndbox>
	</object>
	<object>
		<name>ref_coin</name>
		<bndbox>
			<xmin>4104</xmin>
			<ymin>775</ymin>
			<xmax>4543</xmax>
			<ymax>1079</ymax>
		</bndbox>
	</object>
	<object>
		<name>dish</name>
		<bndbox>
			<xmin>1342</xmin>
			<ymin>214</ymin>
			<xmax>3788</xmax>
			<ymax>2253</ymax>
		</bndbox>
	</object>
	<object>
		<name>시래기된장국</name>
		<bndbox>
			<xmin>1587</xmin>
			<ymin>730</ymin>
			<xmax>3536</xmax>
			<ymax>1930</ymax>
		</bndbox>
	</object>
</annotation>