<annotation>
	<folder>side국류대접q3</folder>
	<filename>side_국류_대접_시래기된장국_Q3_00040.JPG</filename>
	<path>/side국류대접시래기된장국q3/side_국류_대접_시래기된장국_Q3_00040.JPG</path>
	<source>
		<database>fooddata</database>
	</source>
	<size>
		<width>5472</width>
		<height>3648</height>
		<depth>3</depth>
	</size>
	<object>
		<name>ref_spoon</name>
		<bndbox>
			<xmin>729</xmin>
			<ymin>943</ymin>
			<xmax>1271</xmax>
			<ymax>1692</ymax>
		</bndbox>
	</object>
	<object>
		<name>ref_fork</name>
		<bndbox>
			<xmin>1323</xmin>
			<ymin>995</ymin>
			<xmax>1704</xmax>
			<ymax>1898</ymax>
		</bndbox>
	</object>
	<object>
		<name>ref_coin</name>
		<bndbox>
			<xmin>2710</xmin>
			<ymin>3105</ymin>
			<xmax>3175</xmax>
			<ymax>3492</ymax>
		</bndbox>
	</object>
	<object>
		<name>dish</name>
		<bndbox>
			<xmin>1826</xmin>
			<ymin>562</ymin>
			<xmax>4285</xmax>
			<ymax>2660</ymax>
		</bndbox>
	</object>
	<object>
		<name>시래기된장국</name>
		<bndbox>
			<xmin>2020</xmin>
			<ymin>943</ymin>
			<xmax>4130</xmax>
			<ymax>2363</ymax>
		</bndbox>
	</object>
</annotation>