<annotation>
	<folder>side국류대접q3</folder>
	<filename>side_국류_대접_시래기된장국_Q3_00030.JPG</filename>
	<path>/side국류대접시래기된장국q3/side_국류_대접_시래기된장국_Q3_00030.JPG</path>
	<source>
		<database>fooddata</database>
	</source>
	<size>
		<width>5472</width>
		<height>3648</height>
		<depth>3</depth>
	</size>
	<object>
		<name>ref_spoon</name>
		<bndbox>
			<xmin>1123</xmin>
			<ymin>2756</ymin>
			<xmax>2136</xmax>
			<ymax>3292</ymax>
		</bndbox>
	</object>
	<object>
		<name>ref_fork</name>
		<bndbox>
			<xmin>1510</xmin>
			<ymin>2260</ymin>
			<xmax>2588</xmax>
			<ymax>2705</ymax>
		</bndbox>
	</object>
	<object>
		<name>ref_coin</name>
		<bndbox>
			<xmin>4440</xmin>
			<ymin>2085</ymin>
			<xmax>4878</xmax>
			<ymax>2427</ymax>
		</bndbox>
	</object>
	<object>
		<name>dish</name>
		<bndbox>
			<xmin>1471</xmin>
			<ymin>156</ymin>
			<xmax>3917</xmax>
			<ymax>2208</ymax>
		</bndbox>
	</object>
	<object>
		<name>시래기된장국</name>
		<bndbox>
			<xmin>1704</xmin>
			<ymin>646</ymin>
			<xmax>3717</xmax>
			<ymax>1872</ymax>
		</bndbox>
	</object>
</annotation>