<annotation>
	<folder>side국류대접q3</folder>
	<filename>side_국류_대접_시래기된장국_Q3_00003.JPG</filename>
	<path>/side국류대접시래기된장국q3/side_국류_대접_시래기된장국_Q3_00003.JPG</path>
	<source>
		<database>fooddata</database>
	</source>
	<size>
		<width>5472</width>
		<height>3648</height>
		<depth>3</depth>
	</size>
	<object>
		<name>ref_spoon</name>
		<bndbox>
			<xmin>3639</xmin>
			<ymin>995</ymin>
			<xmax>4194</xmax>
			<ymax>1795</ymax>
		</bndbox>
	</object>
	<object>
		<name>ref_fork</name>
		<bndbox>
			<xmin>4414</xmin>
			<ymin>1066</ymin>
			<xmax>4788</xmax>
			<ymax>1911</ymax>
		</bndbox>
	</object>
	<object>
		<name>ref_coin</name>
		<bndbox>
			<xmin>2291</xmin>
			<ymin>3034</ymin>
			<xmax>2723</xmax>
			<ymax>3421</ymax>
		</bndbox>
	</object>
	<object>
		<name>dish</name>
		<bndbox>
			<xmin>1123</xmin>
			<ymin>491</ymin>
			<xmax>3536</xmax>
			<ymax>2543</ymax>
		</bndbox>
	</object>
	<object>
		<name>시래기된장국</name>
		<bndbox>
			<xmin>1316</xmin>
			<ymin>846</ymin>
			<xmax>3368</xmax>
			<ymax>2260</ymax>
		</bndbox>
	</object>
</annotation>