<annotation>
	<folder>side국류대접q3</folder>
	<filename>side_국류_대접_시래기된장국_Q3_00001.JPG</filename>
	<path>/side국류대접시래기된장국q3/side_국류_대접_시래기된장국_Q3_00001.JPG</path>
	<source>
		<database>fooddata</database>
	</source>
	<size>
		<width>5472</width>
		<height>3648</height>
		<depth>3</depth>
	</size>
	<object>
		<name>ref_spoon</name>
		<bndbox>
			<xmin>3898</xmin>
			<ymin>885</ymin>
			<xmax>4459</xmax>
			<ymax>1640</ymax>
		</bndbox>
	</object>
	<object>
		<name>ref_fork</name>
		<bndbox>
			<xmin>4678</xmin>
			<ymin>930</ymin>
			<xmax>5078</xmax>
			<ymax>1769</ymax>
		</bndbox>
	</object>
	<object>
		<name>ref_coin</name>
		<bndbox>
			<xmin>2336</xmin>
			<ymin>3021</ymin>
			<xmax>2794</xmax>
			<ymax>3389</ymax>
		</bndbox>
	</object>
	<object>
		<name>dish</name>
		<bndbox>
			<xmin>1149</xmin>
			<ymin>433</ymin>
			<xmax>3607</xmax>
			<ymax>2498</ymax>
		</bndbox>
	</object>
	<object>
		<name>시래기된장국</name>
		<bndbox>
			<xmin>1381</xmin>
			<ymin>885</ymin>
			<xmax>3388</xmax>
			<ymax>2131</ymax>
		</bndbox>
	</object>
</annotation>