<annotation>
	<folder>side국류대접q3</folder>
	<filename>side_국류_대접_시래기된장국_Q3_00006.JPG</filename>
	<path>/side국류대접시래기된장국q3/side_국류_대접_시래기된장국_Q3_00006.JPG</path>
	<source>
		<database>fooddata</database>
	</source>
	<size>
		<width>5472</width>
		<height>3648</height>
		<depth>3</depth>
	</size>
	<object>
		<name>ref_spoon</name>
		<bndbox>
			<xmin>3794</xmin>
			<ymin>963</ymin>
			<xmax>4336</xmax>
			<ymax>1679</ymax>
		</bndbox>
	</object>
	<object>
		<name>ref_fork</name>
		<bndbox>
			<xmin>4549</xmin>
			<ymin>1021</ymin>
			<xmax>4949</xmax>
			<ymax>1872</ymax>
		</bndbox>
	</object>
	<object>
		<name>ref_coin</name>
		<bndbox>
			<xmin>542</xmin>
			<ymin>2363</ymin>
			<xmax>1000</xmax>
			<ymax>2724</ymax>
		</bndbox>
	</object>
	<object>
		<name>dish</name>
		<bndbox>
			<xmin>1303</xmin>
			<ymin>608</ymin>
			<xmax>3768</xmax>
			<ymax>2673</ymax>
		</bndbox>
	</object>
	<object>
		<name>시래기된장국</name>
		<bndbox>
			<xmin>1529</xmin>
			<ymin>1085</ymin>
			<xmax>3510</xmax>
			<ymax>2337</ymax>
		</bndbox>
	</object>
</annotation>