<annotation>
	<folder>side국류대접q3</folder>
	<filename>side_국류_대접_시래기된장국_Q3_00016.JPG</filename>
	<path>/side국류대접시래기된장국q3/side_국류_대접_시래기된장국_Q3_00016.JPG</path>
	<source>
		<database>fooddata</database>
	</source>
	<size>
		<width>5472</width>
		<height>3648</height>
		<depth>3</depth>
	</size>
	<object>
		<name>ref_spoon</name>
		<bndbox>
			<xmin>1336</xmin>
			<ymin>2956</ymin>
			<xmax>2375</xmax>
			<ymax>3499</ymax>
		</bndbox>
	</object>
	<object>
		<name>ref_fork</name>
		<bndbox>
			<xmin>1678</xmin>
			<ymin>2479</ymin>
			<xmax>2723</xmax>
			<ymax>2905</ymax>
		</bndbox>
	</object>
	<object>
		<name>ref_coin</name>
		<bndbox>
			<xmin>3898</xmin>
			<ymin>401</ymin>
			<xmax>4298</xmax>
			<ymax>704</ymax>
		</bndbox>
	</object>
	<object>
		<name>dish</name>
		<bndbox>
			<xmin>1639</xmin>
			<ymin>356</ymin>
			<xmax>4078</xmax>
			<ymax>2356</ymax>
		</bndbox>
	</object>
	<object>
		<name>시래기된장국</name>
		<bndbox>
			<xmin>1891</xmin>
			<ymin>814</ymin>
			<xmax>3827</xmax>
			<ymax>2027</ymax>
		</bndbox>
	</object>
</annotation>