<annotation>
	<folder>side국류대접q3</folder>
	<filename>side_국류_대접_시래기된장국_Q3_00025.JPG</filename>
	<path>/side국류대접시래기된장국q3/side_국류_대접_시래기된장국_Q3_00025.JPG</path>
	<source>
		<database>fooddata</database>
	</source>
	<size>
		<width>5472</width>
		<height>3648</height>
		<depth>3</depth>
	</size>
	<object>
		<name>ref_spoon</name>
		<bndbox>
			<xmin>1142</xmin>
			<ymin>2834</ymin>
			<xmax>2071</xmax>
			<ymax>3382</ymax>
		</bndbox>
	</object>
	<object>
		<name>ref_fork</name>
		<bndbox>
			<xmin>1529</xmin>
			<ymin>2350</ymin>
			<xmax>2626</xmax>
			<ymax>2795</ymax>
		</bndbox>
	</object>
	<object>
		<name>ref_coin</name>
		<bndbox>
			<xmin>4472</xmin>
			<ymin>1756</ymin>
			<xmax>4904</xmax>
			<ymax>2085</ymax>
		</bndbox>
	</object>
	<object>
		<name>dish</name>
		<bndbox>
			<xmin>1381</xmin>
			<ymin>214</ymin>
			<xmax>3762</xmax>
			<ymax>2221</ymax>
		</bndbox>
	</object>
	<object>
		<name>시래기된장국</name>
		<bndbox>
			<xmin>1581</xmin>
			<ymin>724</ymin>
			<xmax>3543</xmax>
			<ymax>1911</ymax>
		</bndbox>
	</object>
</annotation>