<annotation>
	<folder>side국류대접q3</folder>
	<filename>side_국류_대접_시래기된장국_Q3_00035.JPG</filename>
	<path>/side국류대접시래기된장국q3/side_국류_대접_시래기된장국_Q3_00035.JPG</path>
	<source>
		<database>fooddata</database>
	</source>
	<size>
		<width>5472</width>
		<height>3648</height>
		<depth>3</depth>
	</size>
	<object>
		<name>ref_spoon</name>
		<bndbox>
			<xmin>568</xmin>
			<ymin>1382</ymin>
			<xmax>1116</xmax>
			<ymax>2150</ymax>
		</bndbox>
	</object>
	<object>
		<name>ref_fork</name>
		<bndbox>
			<xmin>1162</xmin>
			<ymin>1440</ymin>
			<xmax>1549</xmax>
			<ymax>2279</ymax>
		</bndbox>
	</object>
	<object>
		<name>ref_coin</name>
		<bndbox>
			<xmin>4723</xmin>
			<ymin>1659</ymin>
			<xmax>5156</xmax>
			<ymax>1969</ymax>
		</bndbox>
	</object>
	<object>
		<name>dish</name>
		<bndbox>
			<xmin>1658</xmin>
			<ymin>1027</ymin>
			<xmax>4156</xmax>
			<ymax>3118</ymax>
		</bndbox>
	</object>
	<object>
		<name>시래기된장국</name>
		<bndbox>
			<xmin>1910</xmin>
			<ymin>1511</ymin>
			<xmax>3885</xmax>
			<ymax>2815</ymax>
		</bndbox>
	</object>
</annotation>