<annotation>
	<folder>side국류대접q3</folder>
	<filename>side_국류_대접_시래기된장국_Q3_00026.JPG</filename>
	<path>/side국류대접시래기된장국q3/side_국류_대접_시래기된장국_Q3_00026.JPG</path>
	<source>
		<database>fooddata</database>
	</source>
	<size>
		<width>5472</width>
		<height>3648</height>
		<depth>3</depth>
	</size>
	<object>
		<name>ref_spoon</name>
		<bndbox>
			<xmin>1265</xmin>
			<ymin>2924</ymin>
			<xmax>2220</xmax>
			<ymax>3447</ymax>
		</bndbox>
	</object>
	<object>
		<name>ref_fork</name>
		<bndbox>
			<xmin>1645</xmin>
			<ymin>2434</ymin>
			<xmax>2717</xmax>
			<ymax>2873</ymax>
		</bndbox>
	</object>
	<object>
		<name>ref_coin</name>
		<bndbox>
			<xmin>3768</xmin>
			<ymin>375</ymin>
			<xmax>4175</xmax>
			<ymax>666</ymax>
		</bndbox>
	</object>
	<object>
		<name>dish</name>
		<bndbox>
			<xmin>1587</xmin>
			<ymin>246</ymin>
			<xmax>3981</xmax>
			<ymax>2260</ymax>
		</bndbox>
	</object>
	<object>
		<name>시래기된장국</name>
		<bndbox>
			<xmin>1833</xmin>
			<ymin>756</ymin>
			<xmax>3756</xmax>
			<ymax>1918</ymax>
		</bndbox>
	</object>
</annotation>