<annotation>
	<folder>side국류대접q3</folder>
	<filename>side_국류_대접_시래기된장국_Q3_00037.JPG</filename>
	<path>/side국류대접시래기된장국q3/side_국류_대접_시래기된장국_Q3_00037.JPG</path>
	<source>
		<database>fooddata</database>
	</source>
	<size>
		<width>5472</width>
		<height>3648</height>
		<depth>3</depth>
	</size>
	<object>
		<name>ref_spoon</name>
		<bndbox>
			<xmin>490</xmin>
			<ymin>1408</ymin>
			<xmax>1052</xmax>
			<ymax>2163</ymax>
		</bndbox>
	</object>
	<object>
		<name>ref_fork</name>
		<bndbox>
			<xmin>1097</xmin>
			<ymin>1485</ymin>
			<xmax>1484</xmax>
			<ymax>2305</ymax>
		</bndbox>
	</object>
	<object>
		<name>ref_coin</name>
		<bndbox>
			<xmin>4582</xmin>
			<ymin>2873</ymin>
			<xmax>5040</xmax>
			<ymax>3240</ymax>
		</bndbox>
	</object>
	<object>
		<name>dish</name>
		<bndbox>
			<xmin>1587</xmin>
			<ymin>1046</ymin>
			<xmax>4052</xmax>
			<ymax>3150</ymax>
		</bndbox>
	</object>
	<object>
		<name>시래기된장국</name>
		<bndbox>
			<xmin>1787</xmin>
			<ymin>1537</ymin>
			<xmax>3820</xmax>
			<ymax>2827</ymax>
		</bndbox>
	</object>
</annotation>