<annotation>
	<folder>top국류대접시래기된장국q3</folder>
	<filename>top_국류_대접_시래기된장국_Q3_00040.JPG</filename>
	<path>/top국류대접시래기된장국q3/top_국류_대접_시래기된장국_Q3_00040.JPG</path>
	<source>
		<database>fooddata</database>
	</source>
	<size>
		<width>5472</width>
		<height>3648</height>
		<depth>3</depth>
	</size>
	<object>
		<name>ref_spoon</name>
		<bndbox>
			<xmin>1070</xmin>
			<ymin>910</ymin>
			<xmax>1616</xmax>
			<ymax>1750</ymax>
		</bndbox>
	</object>
	<object>
		<name>ref_fork</name>
		<bndbox>
			<xmin>1789</xmin>
			<ymin>811</ymin>
			<xmax>2154</xmax>
			<ymax>1707</ymax>
		</bndbox>
	</object>
	<object>
		<name>ref_coin</name>
		<bndbox>
			<xmin>3068</xmin>
			<ymin>3016</ymin>
			<xmax>3451</xmax>
			<ymax>3409</ymax>
		</bndbox>
	</object>
	<object>
		<name>dish</name>
		<bndbox>
			<xmin>2599</xmin>
			<ymin>195</ymin>
			<xmax>5081</xmax>
			<ymax>2638</ymax>
		</bndbox>
	</object>
	<object>
		<name>시래기된장국</name>
		<bndbox>
			<xmin>2788</xmin>
			<ymin>520</ymin>
			<xmax>4848</xmax>
			<ymax>2464</ymax>
		</bndbox>
	</object>
</annotation>