<annotation>
	<folder>top국류대접시래기된장국q3</folder>
	<filename>top_국류_대접_시래기된장국_Q3_00016.JPG</filename>
	<path>/top국류대접시래기된장국q3/top_국류_대접_시래기된장국_Q3_00016.JPG</path>
	<source>
		<database>fooddata</database>
	</source>
	<size>
		<width>5472</width>
		<height>3648</height>
		<depth>3</depth>
	</size>
	<object>
		<name>ref_spoon</name>
		<bndbox>
			<xmin>2100</xmin>
			<ymin>3035</ymin>
			<xmax>2874</xmax>
			<ymax>3579</ymax>
		</bndbox>
	</object>
	<object>
		<name>ref_fork</name>
		<bndbox>
			<xmin>2100</xmin>
			<ymin>2483</ymin>
			<xmax>2911</xmax>
			<ymax>2851</ymax>
		</bndbox>
	</object>
	<object>
		<name>ref_coin</name>
		<bndbox>
			<xmin>4348</xmin>
			<ymin>198</ymin>
			<xmax>4717</xmax>
			<ymax>567</ymax>
		</bndbox>
	</object>
	<object>
		<name>dish</name>
		<bndbox>
			<xmin>2082</xmin>
			<ymin>106</ymin>
			<xmax>4385</xmax>
			<ymax>2335</ymax>
		</bndbox>
	</object>
	<object>
		<name>시래기된장국</name>
		<bndbox>
			<xmin>2303</xmin>
			<ymin>428</ymin>
			<xmax>4127</xmax>
			<ymax>2206</ymax>
		</bndbox>
	</object>
</annotation>