<annotation>
	<folder>top국류대접시래기된장국q3</folder>
	<filename>top_국류_대접_시래기된장국_Q3_00035.JPG</filename>
	<path>/top국류대접시래기된장국q3/top_국류_대접_시래기된장국_Q3_00035.JPG</path>
	<source>
		<database>fooddata</database>
	</source>
	<size>
		<width>5472</width>
		<height>3648</height>
		<depth>3</depth>
	</size>
	<object>
		<name>ref_spoon</name>
		<bndbox>
			<xmin>152</xmin>
			<ymin>1041</ymin>
			<xmax>789</xmax>
			<ymax>1986</ymax>
		</bndbox>
	</object>
	<object>
		<name>ref_fork</name>
		<bndbox>
			<xmin>1009</xmin>
			<ymin>965</ymin>
			<xmax>1418</xmax>
			<ymax>1998</ymax>
		</bndbox>
	</object>
	<object>
		<name>ref_coin</name>
		<bndbox>
			<xmin>4770</xmin>
			<ymin>2237</ymin>
			<xmax>5199</xmax>
			<ymax>2666</ymax>
		</bndbox>
	</object>
	<object>
		<name>dish</name>
		<bndbox>
			<xmin>1885</xmin>
			<ymin>350</ymin>
			<xmax>4723</xmax>
			<ymax>3206</ymax>
		</bndbox>
	</object>
	<object>
		<name>시래기된장국</name>
		<bndbox>
			<xmin>2138</xmin>
			<ymin>730</ymin>
			<xmax>4372</xmax>
			<ymax>2976</ymax>
		</bndbox>
	</object>
</annotation>