<annotation>
	<folder>top국류대접시래기된장국q3</folder>
	<filename>top_국류_대접_시래기된장국_Q3_00045.JPG</filename>
	<path>/top국류대접시래기된장국q3/top_국류_대접_시래기된장국_Q3_00045.JPG</path>
	<source>
		<database>fooddata</database>
	</source>
	<size>
		<width>5472</width>
		<height>3648</height>
		<depth>3</depth>
	</size>
	<object>
		<name>ref_spoon</name>
		<bndbox>
			<xmin>873</xmin>
			<ymin>1528</ymin>
			<xmax>1448</xmax>
			<ymax>2403</ymax>
		</bndbox>
	</object>
	<object>
		<name>ref_fork</name>
		<bndbox>
			<xmin>1633</xmin>
			<ymin>1421</ymin>
			<xmax>2016</xmax>
			<ymax>2327</ymax>
		</bndbox>
	</object>
	<object>
		<name>ref_coin</name>
		<bndbox>
			<xmin>3172</xmin>
			<ymin>136</ymin>
			<xmax>3543</xmax>
			<ymax>499</ymax>
		</bndbox>
	</object>
	<object>
		<name>dish</name>
		<bndbox>
			<xmin>2480</xmin>
			<ymin>779</ymin>
			<xmax>5096</xmax>
			<ymax>3368</ymax>
		</bndbox>
	</object>
	<object>
		<name>시래기된장국</name>
		<bndbox>
			<xmin>2695</xmin>
			<ymin>1127</ymin>
			<xmax>4727</xmax>
			<ymax>3189</ymax>
		</bndbox>
	</object>
</annotation>