<annotation>
	<folder>top국류대접시래기된장국q3</folder>
	<filename>top_국류_대접_시래기된장국_Q3_00048.JPG</filename>
	<path>/top국류대접시래기된장국q3/top_국류_대접_시래기된장국_Q3_00048.JPG</path>
	<source>
		<database>fooddata</database>
	</source>
	<size>
		<width>5472</width>
		<height>3648</height>
		<depth>3</depth>
	</size>
	<object>
		<name>ref_spoon</name>
		<bndbox>
			<xmin>841</xmin>
			<ymin>1069</ymin>
			<xmax>1418</xmax>
			<ymax>1950</ymax>
		</bndbox>
	</object>
	<object>
		<name>ref_fork</name>
		<bndbox>
			<xmin>1590</xmin>
			<ymin>929</ymin>
			<xmax>2003</xmax>
			<ymax>1862</ymax>
		</bndbox>
	</object>
	<object>
		<name>ref_coin</name>
		<bndbox>
			<xmin>2987</xmin>
			<ymin>3122</ymin>
			<xmax>3389</xmax>
			<ymax>3545</ymax>
		</bndbox>
	</object>
	<object>
		<name>dish</name>
		<bndbox>
			<xmin>2467</xmin>
			<ymin>173</ymin>
			<xmax>5090</xmax>
			<ymax>2757</ymax>
		</bndbox>
	</object>
	<object>
		<name>시래기된장국</name>
		<bndbox>
			<xmin>2684</xmin>
			<ymin>552</ymin>
			<xmax>4743</xmax>
			<ymax>2584</ymax>
		</bndbox>
	</object>
</annotation>