<annotation>
	<folder>top국류대접시래기된장국q3</folder>
	<filename>top_국류_대접_시래기된장국_Q3_00008.JPG</filename>
	<path>/top국류대접시래기된장국q3/top_국류_대접_시래기된장국_Q3_00008.JPG</path>
	<source>
		<database>fooddata</database>
	</source>
	<size>
		<width>5472</width>
		<height>3648</height>
		<depth>3</depth>
	</size>
	<object>
		<name>ref_spoon</name>
		<bndbox>
			<xmin>3990</xmin>
			<ymin>395</ymin>
			<xmax>4551</xmax>
			<ymax>1248</ymax>
		</bndbox>
	</object>
	<object>
		<name>ref_fork</name>
		<bndbox>
			<xmin>4761</xmin>
			<ymin>309</ymin>
			<xmax>5122</xmax>
			<ymax>1294</ymax>
		</bndbox>
	</object>
	<object>
		<name>ref_coin</name>
		<bndbox>
			<xmin>451</xmin>
			<ymin>769</ymin>
			<xmax>857</xmax>
			<ymax>1161</ymax>
		</bndbox>
	</object>
	<object>
		<name>dish</name>
		<bndbox>
			<xmin>1253</xmin>
			<ymin>438</ymin>
			<xmax>3980</xmax>
			<ymax>3091</ymax>
		</bndbox>
	</object>
	<object>
		<name>시래기된장국</name>
		<bndbox>
			<xmin>1557</xmin>
			<ymin>751</ymin>
			<xmax>3685</xmax>
			<ymax>2870</ymax>
		</bndbox>
	</object>
</annotation>