<annotation>
	<folder>top국류대접시래기된장국q3</folder>
	<filename>top_국류_대접_시래기된장국_Q3_00017.JPG</filename>
	<path>/top국류대접시래기된장국q3/top_국류_대접_시래기된장국_Q3_00017.JPG</path>
	<source>
		<database>fooddata</database>
	</source>
	<size>
		<width>5472</width>
		<height>3648</height>
		<depth>3</depth>
	</size>
	<object>
		<name>ref_spoon</name>
		<bndbox>
			<xmin>2146</xmin>
			<ymin>3017</ymin>
			<xmax>2856</xmax>
			<ymax>3514</ymax>
		</bndbox>
	</object>
	<object>
		<name>ref_fork</name>
		<bndbox>
			<xmin>2156</xmin>
			<ymin>2501</ymin>
			<xmax>2976</xmax>
			<ymax>2833</ymax>
		</bndbox>
	</object>
	<object>
		<name>ref_coin</name>
		<bndbox>
			<xmin>4459</xmin>
			<ymin>788</ymin>
			<xmax>4790</xmax>
			<ymax>1138</ymax>
		</bndbox>
	</object>
	<object>
		<name>dish</name>
		<bndbox>
			<xmin>2192</xmin>
			<ymin>207</ymin>
			<xmax>4348</xmax>
			<ymax>2335</ymax>
		</bndbox>
	</object>
	<object>
		<name>시래기된장국</name>
		<bndbox>
			<xmin>2395</xmin>
			<ymin>493</ymin>
			<xmax>4081</xmax>
			<ymax>2188</ymax>
		</bndbox>
	</object>
</annotation>