<annotation>
	<folder>side국류대접시래기된장국q1</folder>
	<filename>side_국류_대접_시래기된장국_Q1_00050.JPG</filename>
	<path>/side국류대접시래기된장국q1/side_국류_대접_시래기된장국_Q1_00050.JPG</path>
	<source>
		<database>fooddata</database>
	</source>
	<size>
		<width>5472</width>
		<height>3648</height>
		<depth>3</depth>
	</size>
	<object>
		<name>ref_spoon</name>
		<bndbox>
			<xmin>453</xmin>
			<ymin>1542</ymin>
			<xmax>1035</xmax>
			<ymax>2355</ymax>
		</bndbox>
	</object>
	<object>
		<name>ref_fork</name>
		<bndbox>
			<xmin>1192</xmin>
			<ymin>1505</ymin>
			<xmax>1636</xmax>
			<ymax>2411</ymax>
		</bndbox>
	</object>
	<object>
		<name>ref_coin</name>
		<bndbox>
			<xmin>2542</xmin>
			<ymin>562</ymin>
			<xmax>2912</xmax>
			<ymax>858</ymax>
		</bndbox>
	</object>
	<object>
		<name>dish</name>
		<bndbox>
			<xmin>2052</xmin>
			<ymin>1098</ymin>
			<xmax>4622</xmax>
			<ymax>3243</ymax>
		</bndbox>
	</object>
	<object>
		<name>시래기된장국</name>
		<bndbox>
			<xmin>2477</xmin>
			<ymin>1810</ymin>
			<xmax>4196</xmax>
			<ymax>2892</ymax>
		</bndbox>
	</object>
</annotation>