<annotation>
	<folder>side국류대접시래기된장국q1</folder>
	<filename>side_국류_대접_시래기된장국_Q1_00014.JPG</filename>
	<path>/side국류대접시래기된장국q1/side_국류_대접_시래기된장국_Q1_00014.JPG</path>
	<source>
		<database>fooddata</database>
	</source>
	<size>
		<width>5472</width>
		<height>3648</height>
		<depth>3</depth>
	</size>
	<object>
		<name>ref_spoon</name>
		<bndbox>
			<xmin>3771</xmin>
			<ymin>1450</ymin>
			<xmax>4363</xmax>
			<ymax>2235</ymax>
		</bndbox>
	</object>
	<object>
		<name>ref_fork</name>
		<bndbox>
			<xmin>4659</xmin>
			<ymin>1440</ymin>
			<xmax>5084</xmax>
			<ymax>2328</ymax>
		</bndbox>
	</object>
	<object>
		<name>ref_coin</name>
		<bndbox>
			<xmin>3753</xmin>
			<ymin>895</ymin>
			<xmax>4141</xmax>
			<ymax>1209</ymax>
		</bndbox>
	</object>
	<object>
		<name>dish</name>
		<bndbox>
			<xmin>897</xmin>
			<ymin>1145</ymin>
			<xmax>3475</xmax>
			<ymax>3317</ymax>
		</bndbox>
	</object>
	<object>
		<name>시래기된장국</name>
		<bndbox>
			<xmin>1331</xmin>
			<ymin>1856</ymin>
			<xmax>3106</xmax>
			<ymax>2966</ymax>
		</bndbox>
	</object>
</annotation>