<annotation>
	<folder>side국류대접시래기된장국q1</folder>
	<filename>side_국류_대접_시래기된장국_Q1_00020.JPG</filename>
	<path>/side국류대접시래기된장국q1/side_국류_대접_시래기된장국_Q1_00020.JPG</path>
	<source>
		<database>fooddata</database>
	</source>
	<size>
		<width>5472</width>
		<height>3648</height>
		<depth>3</depth>
	</size>
	<object>
		<name>ref_spoon</name>
		<bndbox>
			<xmin>1886</xmin>
			<ymin>3030</ymin>
			<xmax>2810</xmax>
			<ymax>3557</ymax>
		</bndbox>
	</object>
	<object>
		<name>ref_fork</name>
		<bndbox>
			<xmin>2089</xmin>
			<ymin>2651</ymin>
			<xmax>3078</xmax>
			<ymax>3021</ymax>
		</bndbox>
	</object>
	<object>
		<name>ref_coin</name>
		<bndbox>
			<xmin>3771</xmin>
			<ymin>257</ymin>
			<xmax>4132</xmax>
			<ymax>544</ymax>
		</bndbox>
	</object>
	<object>
		<name>dish</name>
		<bndbox>
			<xmin>2191</xmin>
			<ymin>451</ymin>
			<xmax>4492</xmax>
			<ymax>2374</ymax>
		</bndbox>
	</object>
	<object>
		<name>시래기된장국</name>
		<bndbox>
			<xmin>2551</xmin>
			<ymin>1117</ymin>
			<xmax>4132</xmax>
			<ymax>2023</ymax>
		</bndbox>
	</object>
</annotation>