<annotation>
	<folder>top국류대접q1</folder>
	<filename>top_국류_대접_시래기된장국_Q1_00039.JPG</filename>
	<path>/top국류대접시래기된장국q1/top_국류_대접_시래기된장국_Q1_00039.JPG</path>
	<source>
		<database>fooddata</database>
	</source>
	<size>
		<width>5472</width>
		<height>3648</height>
		<depth>3</depth>
	</size>
	<object>
		<name>ref_spoon</name>
		<bndbox>
			<xmin>1076</xmin>
			<ymin>292</ymin>
			<xmax>1617</xmax>
			<ymax>1238</ymax>
		</bndbox>
	</object>
	<object>
		<name>ref_fork</name>
		<bndbox>
			<xmin>1772</xmin>
			<ymin>345</ymin>
			<xmax>2189</xmax>
			<ymax>1404</ymax>
		</bndbox>
	</object>
	<object>
		<name>ref_coin</name>
		<bndbox>
			<xmin>3551</xmin>
			<ymin>3065</ymin>
			<xmax>3944</xmax>
			<ymax>3475</ymax>
		</bndbox>
	</object>
	<object>
		<name>dish</name>
		<bndbox>
			<xmin>2302</xmin>
			<ymin>125</ymin>
			<xmax>4867</xmax>
			<ymax>2648</ymax>
		</bndbox>
	</object>
	<object>
		<name>시래기된장국</name>
		<bndbox>
			<xmin>2718</xmin>
			<ymin>708</ymin>
			<xmax>4271</xmax>
			<ymax>2226</ymax>
		</bndbox>
	</object>
</annotation>