<annotation>
	<folder>top국류대접q1</folder>
	<filename>top_국류_대접_시래기된장국_Q1_00045.JPG</filename>
	<path>/top국류대접시래기된장국q1/top_국류_대접_시래기된장국_Q1_00045.JPG</path>
	<source>
		<database>fooddata</database>
	</source>
	<size>
		<width>5472</width>
		<height>3648</height>
		<depth>3</depth>
	</size>
	<object>
		<name>ref_spoon</name>
		<bndbox>
			<xmin>1052</xmin>
			<ymin>524</ymin>
			<xmax>1605</xmax>
			<ymax>1494</ymax>
		</bndbox>
	</object>
	<object>
		<name>ref_fork</name>
		<bndbox>
			<xmin>1760</xmin>
			<ymin>571</ymin>
			<xmax>2159</xmax>
			<ymax>1642</ymax>
		</bndbox>
	</object>
	<object>
		<name>ref_coin</name>
		<bndbox>
			<xmin>4129</xmin>
			<ymin>3071</ymin>
			<xmax>4510</xmax>
			<ymax>3452</ymax>
		</bndbox>
	</object>
	<object>
		<name>dish</name>
		<bndbox>
			<xmin>2266</xmin>
			<ymin>363</ymin>
			<xmax>4795</xmax>
			<ymax>2862</ymax>
		</bndbox>
	</object>
	<object>
		<name>시래기된장국</name>
		<bndbox>
			<xmin>2683</xmin>
			<ymin>958</ymin>
			<xmax>4212</xmax>
			<ymax>2434</ymax>
		</bndbox>
	</object>
</annotation>