<annotation>
	<folder>top국류대접q1</folder>
	<filename>top_국류_대접_시래기된장국_Q1_00050.JPG</filename>
	<path>/top국류대접시래기된장국q1/top_국류_대접_시래기된장국_Q1_00050.JPG</path>
	<source>
		<database>fooddata</database>
	</source>
	<size>
		<width>5472</width>
		<height>3648</height>
		<depth>3</depth>
	</size>
	<object>
		<name>ref_spoon</name>
		<bndbox>
			<xmin>850</xmin>
			<ymin>684</ymin>
			<xmax>1409</xmax>
			<ymax>1654</ymax>
		</bndbox>
	</object>
	<object>
		<name>ref_fork</name>
		<bndbox>
			<xmin>1552</xmin>
			<ymin>726</ymin>
			<xmax>1992</xmax>
			<ymax>1767</ymax>
		</bndbox>
	</object>
	<object>
		<name>ref_coin</name>
		<bndbox>
			<xmin>4825</xmin>
			<ymin>1375</ymin>
			<xmax>5224</xmax>
			<ymax>1750</ymax>
		</bndbox>
	</object>
	<object>
		<name>dish</name>
		<bndbox>
			<xmin>2093</xmin>
			<ymin>530</ymin>
			<xmax>4724</xmax>
			<ymax>3089</ymax>
		</bndbox>
	</object>
	<object>
		<name>시래기된장국</name>
		<bndbox>
			<xmin>2558</xmin>
			<ymin>1083</ymin>
			<xmax>4123</xmax>
			<ymax>2642</ymax>
		</bndbox>
	</object>
</annotation>