<annotation>
	<folder>top국류대접q1</folder>
	<filename>top_국류_대접_시래기된장국_Q1_00040.JPG</filename>
	<path>/top국류대접시래기된장국q1/top_국류_대접_시래기된장국_Q1_00040.JPG</path>
	<source>
		<database>fooddata</database>
	</source>
	<size>
		<width>5472</width>
		<height>3648</height>
		<depth>3</depth>
	</size>
	<object>
		<name>ref_spoon</name>
		<bndbox>
			<xmin>1332</xmin>
			<ymin>369</ymin>
			<xmax>1861</xmax>
			<ymax>1268</ymax>
		</bndbox>
	</object>
	<object>
		<name>ref_fork</name>
		<bndbox>
			<xmin>2004</xmin>
			<ymin>428</ymin>
			<xmax>2397</xmax>
			<ymax>1410</ymax>
		</bndbox>
	</object>
	<object>
		<name>ref_coin</name>
		<bndbox>
			<xmin>2974</xmin>
			<ymin>3017</ymin>
			<xmax>3343</xmax>
			<ymax>3386</ymax>
		</bndbox>
	</object>
	<object>
		<name>dish</name>
		<bndbox>
			<xmin>2504</xmin>
			<ymin>220</ymin>
			<xmax>4998</xmax>
			<ymax>2678</ymax>
		</bndbox>
	</object>
	<object>
		<name>시래기된장국</name>
		<bndbox>
			<xmin>2903</xmin>
			<ymin>833</ymin>
			<xmax>4402</xmax>
			<ymax>2315</ymax>
		</bndbox>
	</object>
</annotation>