<annotation>
	<folder>top국류대접q1</folder>
	<filename>top_국류_대접_시래기된장국_Q1_00037.JPG</filename>
	<path>/top국류대접시래기된장국q1/top_국류_대접_시래기된장국_Q1_00037.JPG</path>
	<source>
		<database>fooddata</database>
	</source>
	<size>
		<width>5472</width>
		<height>3648</height>
		<depth>3</depth>
	</size>
	<object>
		<name>ref_spoon</name>
		<bndbox>
			<xmin>540</xmin>
			<ymin>464</ymin>
			<xmax>1153</xmax>
			<ymax>1452</ymax>
		</bndbox>
	</object>
	<object>
		<name>ref_fork</name>
		<bndbox>
			<xmin>1350</xmin>
			<ymin>530</ymin>
			<xmax>1778</xmax>
			<ymax>1672</ymax>
		</bndbox>
	</object>
	<object>
		<name>ref_coin</name>
		<bndbox>
			<xmin>4510</xmin>
			<ymin>2928</ymin>
			<xmax>4920</xmax>
			<ymax>3368</ymax>
		</bndbox>
	</object>
	<object>
		<name>dish</name>
		<bndbox>
			<xmin>1838</xmin>
			<ymin>363</ymin>
			<xmax>4676</xmax>
			<ymax>3190</ymax>
		</bndbox>
	</object>
	<object>
		<name>시래기된장국</name>
		<bndbox>
			<xmin>2325</xmin>
			<ymin>1000</ymin>
			<xmax>4045</xmax>
			<ymax>2678</ymax>
		</bndbox>
	</object>
</annotation>