<annotation>
	<folder>top국류대접q1</folder>
	<filename>top_국류_대접_시래기된장국_Q1_00013.JPG</filename>
	<path>/top국류대접시래기된장국q1/top_국류_대접_시래기된장국_Q1_00013.JPG</path>
	<source>
		<database>fooddata</database>
	</source>
	<size>
		<width>5472</width>
		<height>3648</height>
		<depth>3</depth>
	</size>
	<object>
		<name>ref_spoon</name>
		<bndbox>
			<xmin>3855</xmin>
			<ymin>244</ymin>
			<xmax>4391</xmax>
			<ymax>1166</ymax>
		</bndbox>
	</object>
	<object>
		<name>ref_fork</name>
		<bndbox>
			<xmin>4682</xmin>
			<ymin>161</ymin>
			<xmax>5045</xmax>
			<ymax>1279</ymax>
		</bndbox>
	</object>
	<object>
		<name>ref_coin</name>
		<bndbox>
			<xmin>3599</xmin>
			<ymin>1470</ymin>
			<xmax>3980</xmax>
			<ymax>1881</ymax>
		</bndbox>
	</object>
	<object>
		<name>dish</name>
		<bndbox>
			<xmin>909</xmin>
			<ymin>732</ymin>
			<xmax>3623</xmax>
			<ymax>3446</ymax>
		</bndbox>
	</object>
	<object>
		<name>시래기된장국</name>
		<bndbox>
			<xmin>1451</xmin>
			<ymin>1291</ymin>
			<xmax>3129</xmax>
			<ymax>2940</ymax>
		</bndbox>
	</object>
</annotation>