<annotation>
	<folder>top국류대접q1</folder>
	<filename>top_국류_대접_시래기된장국_Q1_00032.JPG</filename>
	<path>/top국류대접시래기된장국q1/top_국류_대접_시래기된장국_Q1_00032.JPG</path>
	<source>
		<database>fooddata</database>
	</source>
	<size>
		<width>5472</width>
		<height>3648</height>
		<depth>3</depth>
	</size>
	<object>
		<name>ref_spoon</name>
		<bndbox>
			<xmin>1213</xmin>
			<ymin>738</ymin>
			<xmax>1754</xmax>
			<ymax>1714</ymax>
		</bndbox>
	</object>
	<object>
		<name>ref_fork</name>
		<bndbox>
			<xmin>1933</xmin>
			<ymin>780</ymin>
			<xmax>2290</xmax>
			<ymax>1821</ymax>
		</bndbox>
	</object>
	<object>
		<name>ref_coin</name>
		<bndbox>
			<xmin>3914</xmin>
			<ymin>173</ymin>
			<xmax>4283</xmax>
			<ymax>565</ymax>
		</bndbox>
	</object>
	<object>
		<name>dish</name>
		<bndbox>
			<xmin>2367</xmin>
			<ymin>768</ymin>
			<xmax>4968</xmax>
			<ymax>3362</ymax>
		</bndbox>
	</object>
	<object>
		<name>시래기된장국</name>
		<bndbox>
			<xmin>2760</xmin>
			<ymin>1315</ymin>
			<xmax>4349</xmax>
			<ymax>2898</ymax>
		</bndbox>
	</object>
</annotation>