<annotation>
	<folder>top국류대접q1</folder>
	<filename>top_국류_대접_시래기된장국_Q1_00010.JPG</filename>
	<path>/top국류대접시래기된장국q1/top_국류_대접_시래기된장국_Q1_00010.JPG</path>
	<source>
		<database>fooddata</database>
	</source>
	<size>
		<width>5472</width>
		<height>3648</height>
		<depth>3</depth>
	</size>
	<object>
		<name>ref_spoon</name>
		<bndbox>
			<xmin>3891</xmin>
			<ymin>286</ymin>
			<xmax>4450</xmax>
			<ymax>1327</ymax>
		</bndbox>
	</object>
	<object>
		<name>ref_fork</name>
		<bndbox>
			<xmin>4724</xmin>
			<ymin>226</ymin>
			<xmax>5087</xmax>
			<ymax>1351</ymax>
		</bndbox>
	</object>
	<object>
		<name>ref_coin</name>
		<bndbox>
			<xmin>2266</xmin>
			<ymin>238</ymin>
			<xmax>2653</xmax>
			<ymax>625</ymax>
		</bndbox>
	</object>
	<object>
		<name>dish</name>
		<bndbox>
			<xmin>1117</xmin>
			<ymin>702</ymin>
			<xmax>3861</xmax>
			<ymax>3422</ymax>
		</bndbox>
	</object>
	<object>
		<name>시래기된장국</name>
		<bndbox>
			<xmin>1701</xmin>
			<ymin>1250</ymin>
			<xmax>3355</xmax>
			<ymax>2934</ymax>
		</bndbox>
	</object>
</annotation>