<annotation>
	<folder>top국류대접q1</folder>
	<filename>top_국류_대접_시래기된장국_Q1_00049.JPG</filename>
	<path>/top국류대접시래기된장국q1/top_국류_대접_시래기된장국_Q1_00049.JPG</path>
	<source>
		<database>fooddata</database>
	</source>
	<size>
		<width>5472</width>
		<height>3648</height>
		<depth>3</depth>
	</size>
	<object>
		<name>ref_spoon</name>
		<bndbox>
			<xmin>933</xmin>
			<ymin>684</ymin>
			<xmax>1498</xmax>
			<ymax>1583</ymax>
		</bndbox>
	</object>
	<object>
		<name>ref_fork</name>
		<bndbox>
			<xmin>1695</xmin>
			<ymin>726</ymin>
			<xmax>2105</xmax>
			<ymax>1809</ymax>
		</bndbox>
	</object>
	<object>
		<name>ref_coin</name>
		<bndbox>
			<xmin>4712</xmin>
			<ymin>631</ymin>
			<xmax>5099</xmax>
			<ymax>1030</ymax>
		</bndbox>
	</object>
	<object>
		<name>dish</name>
		<bndbox>
			<xmin>2224</xmin>
			<ymin>536</ymin>
			<xmax>4932</xmax>
			<ymax>3196</ymax>
		</bndbox>
	</object>
	<object>
		<name>시래기된장국</name>
		<bndbox>
			<xmin>2653</xmin>
			<ymin>1125</ymin>
			<xmax>4313</xmax>
			<ymax>2708</ymax>
		</bndbox>
	</object>
</annotation>