<annotation>
	<folder>top국류대접q1</folder>
	<filename>top_국류_대접_시래기된장국_Q1_00021.JPG</filename>
	<path>/top국류대접시래기된장국q1/top_국류_대접_시래기된장국_Q1_00021.JPG</path>
	<source>
		<database>fooddata</database>
	</source>
	<size>
		<width>5472</width>
		<height>3648</height>
		<depth>3</depth>
	</size>
	<object>
		<name>ref_spoon</name>
		<bndbox>
			<xmin>2016</xmin>
			<ymin>2940</ymin>
			<xmax>2879</xmax>
			<ymax>3434</ymax>
		</bndbox>
	</object>
	<object>
		<name>ref_fork</name>
		<bndbox>
			<xmin>2129</xmin>
			<ymin>2482</ymin>
			<xmax>2974</xmax>
			<ymax>2827</ymax>
		</bndbox>
	</object>
	<object>
		<name>ref_coin</name>
		<bndbox>
			<xmin>2343</xmin>
			<ymin>286</ymin>
			<xmax>2659</xmax>
			<ymax>607</ymax>
		</bndbox>
	</object>
	<object>
		<name>dish</name>
		<bndbox>
			<xmin>2450</xmin>
			<ymin>244</ymin>
			<xmax>4599</xmax>
			<ymax>2398</ymax>
		</bndbox>
	</object>
	<object>
		<name>시래기된장국</name>
		<bndbox>
			<xmin>2819</xmin>
			<ymin>768</ymin>
			<xmax>4135</xmax>
			<ymax>2071</ymax>
		</bndbox>
	</object>
</annotation>