<annotation>
	<folder>top국류대접q1</folder>
	<filename>top_국류_대접_시래기된장국_Q1_00042.JPG</filename>
	<path>/top국류대접시래기된장국q1/top_국류_대접_시래기된장국_Q1_00042.JPG</path>
	<source>
		<database>fooddata</database>
	</source>
	<size>
		<width>5472</width>
		<height>3648</height>
		<depth>3</depth>
	</size>
	<object>
		<name>ref_spoon</name>
		<bndbox>
			<xmin>856</xmin>
			<ymin>678</ymin>
			<xmax>1457</xmax>
			<ymax>1720</ymax>
		</bndbox>
	</object>
	<object>
		<name>ref_fork</name>
		<bndbox>
			<xmin>1623</xmin>
			<ymin>720</ymin>
			<xmax>2064</xmax>
			<ymax>1845</ymax>
		</bndbox>
	</object>
	<object>
		<name>ref_coin</name>
		<bndbox>
			<xmin>4730</xmin>
			<ymin>601</ymin>
			<xmax>5128</xmax>
			<ymax>1012</ymax>
		</bndbox>
	</object>
	<object>
		<name>dish</name>
		<bndbox>
			<xmin>2141</xmin>
			<ymin>500</ymin>
			<xmax>4932</xmax>
			<ymax>3237</ymax>
		</bndbox>
	</object>
	<object>
		<name>시래기된장국</name>
		<bndbox>
			<xmin>2629</xmin>
			<ymin>1119</ymin>
			<xmax>4325</xmax>
			<ymax>2797</ymax>
		</bndbox>
	</object>
</annotation>