<annotation>
	<folder>top국류대접q1</folder>
	<filename>top_국류_대접_시래기된장국_Q1_00020.JPG</filename>
	<path>/top국류대접시래기된장국q1/top_국류_대접_시래기된장국_Q1_00020.JPG</path>
	<source>
		<database>fooddata</database>
	</source>
	<size>
		<width>5472</width>
		<height>3648</height>
		<depth>3</depth>
	</size>
	<object>
		<name>ref_spoon</name>
		<bndbox>
			<xmin>2058</xmin>
			<ymin>2851</ymin>
			<xmax>2855</xmax>
			<ymax>3333</ymax>
		</bndbox>
	</object>
	<object>
		<name>ref_fork</name>
		<bndbox>
			<xmin>2183</xmin>
			<ymin>2386</ymin>
			<xmax>3028</xmax>
			<ymax>2708</ymax>
		</bndbox>
	</object>
	<object>
		<name>ref_coin</name>
		<bndbox>
			<xmin>2070</xmin>
			<ymin>470</ymin>
			<xmax>2373</xmax>
			<ymax>780</ymax>
		</bndbox>
	</object>
	<object>
		<name>dish</name>
		<bndbox>
			<xmin>2456</xmin>
			<ymin>202</ymin>
			<xmax>4575</xmax>
			<ymax>2351</ymax>
		</bndbox>
	</object>
	<object>
		<name>시래기된장국</name>
		<bndbox>
			<xmin>2796</xmin>
			<ymin>714</ymin>
			<xmax>4099</xmax>
			<ymax>2029</ymax>
		</bndbox>
	</object>
</annotation>