<annotation>
	<folder>top국류대접q1</folder>
	<filename>top_국류_대접_시래기된장국_Q1_00005.JPG</filename>
	<path>/top국류대접시래기된장국q1/top_국류_대접_시래기된장국_Q1_00005.JPG</path>
	<source>
		<database>fooddata</database>
	</source>
	<size>
		<width>5472</width>
		<height>3648</height>
		<depth>3</depth>
	</size>
	<object>
		<name>ref_spoon</name>
		<bndbox>
			<xmin>3920</xmin>
			<ymin>315</ymin>
			<xmax>4426</xmax>
			<ymax>1238</ymax>
		</bndbox>
	</object>
	<object>
		<name>ref_fork</name>
		<bndbox>
			<xmin>4652</xmin>
			<ymin>315</ymin>
			<xmax>4998</xmax>
			<ymax>1351</ymax>
		</bndbox>
	</object>
	<object>
		<name>ref_coin</name>
		<bndbox>
			<xmin>933</xmin>
			<ymin>1851</ymin>
			<xmax>1314</xmax>
			<ymax>2226</ymax>
		</bndbox>
	</object>
	<object>
		<name>dish</name>
		<bndbox>
			<xmin>1421</xmin>
			<ymin>393</ymin>
			<xmax>3956</xmax>
			<ymax>2922</ymax>
		</bndbox>
	</object>
	<object>
		<name>시래기된장국</name>
		<bndbox>
			<xmin>1933</xmin>
			<ymin>1000</ymin>
			<xmax>3450</xmax>
			<ymax>2488</ymax>
		</bndbox>
	</object>
</annotation>