<annotation>
	<folder>side생선찜류사각배달문어숙회q1</folder>
	<filename>side_생선찜류_사각배달_문어숙회_Q1_00042.JPG</filename>
	<path>/side생선찜류사각배달문어숙회q1/side_생선찜류_사각배달_문어숙회_Q1_00042.JPG</path>
	<source>
		<database>fooddata</database>
	</source>
	<size>
		<width>3008</width>
		<height>2000</height>
		<depth>3</depth>
	</size>
	<object>
		<name>ref_spoon</name>
		<bndbox>
			<xmin>248</xmin>
			<ymin>504</ymin>
			<xmax>526</xmax>
			<ymax>860</ymax>
		</bndbox>
	</object>
	<object>
		<name>ref_fork</name>
		<bndbox>
			<xmin>629</xmin>
			<ymin>474</ymin>
			<xmax>823</xmax>
			<ymax>872</ymax>
		</bndbox>
	</object>
	<object>
		<name>ref_coin</name>
		<bndbox>
			<xmin>1605</xmin>
			<ymin>1568</ymin>
			<xmax>1843</xmax>
			<ymax>1742</ymax>
		</bndbox>
	</object>
	<object>
		<name>dish</name>
		<bndbox>
			<xmin>1020</xmin>
			<ymin>462</ymin>
			<xmax>2617</xmax>
			<ymax>1329</ymax>
		</bndbox>
	</object>
	<object>
		<name>문어숙회</name>
		<bndbox>
			<xmin>1420</xmin>
			<ymin>862</ymin>
			<xmax>2221</xmax>
			<ymax>1170</ymax>
		</bndbox>
	</object>
</annotation>