<annotation>
	<folder>side생선찜류사각배달문어숙회q1</folder>
	<filename>side_생선찜류_사각배달_문어숙회_Q1_00041.JPG</filename>
	<path>/side생선찜류사각배달문어숙회q1/side_생선찜류_사각배달_문어숙회_Q1_00041.JPG</path>
	<source>
		<database>fooddata</database>
	</source>
	<size>
		<width>3008</width>
		<height>2000</height>
		<depth>3</depth>
	</size>
	<object>
		<name>ref_spoon</name>
		<bndbox>
			<xmin>275</xmin>
			<ymin>565</ymin>
			<xmax>561</xmax>
			<ymax>924</ymax>
		</bndbox>
	</object>
	<object>
		<name>ref_fork</name>
		<bndbox>
			<xmin>659</xmin>
			<ymin>545</ymin>
			<xmax>855</xmax>
			<ymax>939</ymax>
		</bndbox>
	</object>
	<object>
		<name>ref_coin</name>
		<bndbox>
			<xmin>1344</xmin>
			<ymin>1641</ymin>
			<xmax>1580</xmax>
			<ymax>1811</ymax>
		</bndbox>
	</object>
	<object>
		<name>dish</name>
		<bndbox>
			<xmin>1079</xmin>
			<ymin>592</ymin>
			<xmax>2642</xmax>
			<ymax>1403</ymax>
		</bndbox>
	</object>
	<object>
		<name>문어숙회</name>
		<bndbox>
			<xmin>1465</xmin>
			<ymin>975</ymin>
			<xmax>2126</xmax>
			<ymax>1263</ymax>
		</bndbox>
	</object>
</annotation>