<annotation>
	<folder>side생선찜류사각배달문어숙회q1</folder>
	<filename>side_생선찜류_사각배달_문어숙회_Q1_00026.JPG</filename>
	<path>/side생선찜류사각배달문어숙회q1/side_생선찜류_사각배달_문어숙회_Q1_00026.JPG</path>
	<source>
		<database>fooddata</database>
	</source>
	<size>
		<width>3008</width>
		<height>2000</height>
		<depth>3</depth>
	</size>
	<object>
		<name>ref_spoon</name>
		<bndbox>
			<xmin>691</xmin>
			<ymin>1607</ymin>
			<xmax>1207</xmax>
			<ymax>1860</ymax>
		</bndbox>
	</object>
	<object>
		<name>ref_fork</name>
		<bndbox>
			<xmin>737</xmin>
			<ymin>1356</ymin>
			<xmax>1288</xmax>
			<ymax>1597</ymax>
		</bndbox>
	</object>
	<object>
		<name>ref_coin</name>
		<bndbox>
			<xmin>2440</xmin>
			<ymin>717</ymin>
			<xmax>2671</xmax>
			<ymax>875</ymax>
		</bndbox>
	</object>
	<object>
		<name>dish</name>
		<bndbox>
			<xmin>728</xmin>
			<ymin>123</ymin>
			<xmax>2420</xmax>
			<ymax>1238</ymax>
		</bndbox>
	</object>
	<object>
		<name>문어숙회</name>
		<bndbox>
			<xmin>1096</xmin>
			<ymin>607</ymin>
			<xmax>1782</xmax>
			<ymax>1093</ymax>
		</bndbox>
	</object>
</annotation>