<annotation>
	<folder>side생선찜류사각배달문어숙회q1</folder>
	<filename>side_생선찜류_사각배달_문어숙회_Q1_00034.JPG</filename>
	<path>/side생선찜류사각배달문어숙회q1/side_생선찜류_사각배달_문어숙회_Q1_00034.JPG</path>
	<source>
		<database>fooddata</database>
	</source>
	<size>
		<width>3008</width>
		<height>2000</height>
		<depth>3</depth>
	</size>
	<object>
		<name>ref_spoon</name>
		<bndbox>
			<xmin>177</xmin>
			<ymin>491</ymin>
			<xmax>479</xmax>
			<ymax>862</ymax>
		</bndbox>
	</object>
	<object>
		<name>ref_fork</name>
		<bndbox>
			<xmin>588</xmin>
			<ymin>474</ymin>
			<xmax>796</xmax>
			<ymax>902</ymax>
		</bndbox>
	</object>
	<object>
		<name>ref_coin</name>
		<bndbox>
			<xmin>1578</xmin>
			<ymin>1641</ymin>
			<xmax>1826</xmax>
			<ymax>1821</ymax>
		</bndbox>
	</object>
	<object>
		<name>dish</name>
		<bndbox>
			<xmin>951</xmin>
			<ymin>260</ymin>
			<xmax>2570</xmax>
			<ymax>1396</ymax>
		</bndbox>
	</object>
	<object>
		<name>문어숙회</name>
		<bndbox>
			<xmin>1435</xmin>
			<ymin>767</ymin>
			<xmax>2074</xmax>
			<ymax>1096</ymax>
		</bndbox>
	</object>
</annotation>