<annotation>
	<folder>side생선찜류사각배달문어숙회q1</folder>
	<filename>side_생선찜류_사각배달_문어숙회_Q1_00013.JPG</filename>
	<path>/side생선찜류사각배달문어숙회q1/side_생선찜류_사각배달_문어숙회_Q1_00013.JPG</path>
	<source>
		<database>fooddata</database>
	</source>
	<size>
		<width>3008</width>
		<height>2000</height>
		<depth>3</depth>
	</size>
	<object>
		<name>ref_spoon</name>
		<bndbox>
			<xmin>2138</xmin>
			<ymin>479</ymin>
			<xmax>2435</xmax>
			<ymax>855</ymax>
		</bndbox>
	</object>
	<object>
		<name>ref_fork</name>
		<bndbox>
			<xmin>2561</xmin>
			<ymin>516</ymin>
			<xmax>2777</xmax>
			<ymax>934</ymax>
		</bndbox>
	</object>
	<object>
		<name>ref_coin</name>
		<bndbox>
			<xmin>511</xmin>
			<ymin>455</ymin>
			<xmax>728</xmax>
			<ymax>604</ymax>
		</bndbox>
	</object>
	<object>
		<name>dish</name>
		<bndbox>
			<xmin>116</xmin>
			<ymin>506</ymin>
			<xmax>1897</xmax>
			<ymax>1752</ymax>
		</bndbox>
	</object>
	<object>
		<name>문어숙회</name>
		<bndbox>
			<xmin>634</xmin>
			<ymin>1103</ymin>
			<xmax>1339</xmax>
			<ymax>1575</ymax>
		</bndbox>
	</object>
</annotation>