<annotation>
	<folder>top생선찜류사각배달문어숙회q1</folder>
	<filename>top_생선찜류_사각배달_문어숙회_Q1_00042.JPG</filename>
	<path>/top생선찜류사각배달문어숙회q1/top_생선찜류_사각배달_문어숙회_Q1_00042.JPG</path>
	<source>
		<database>fooddata</database>
	</source>
	<size>
		<width>3008</width>
		<height>2000</height>
		<depth>3</depth>
	</size>
	<object>
		<name>ref_spoon</name>
		<bndbox>
			<xmin>531</xmin>
			<ymin>221</ymin>
			<xmax>762</xmax>
			<ymax>582</ymax>
		</bndbox>
	</object>
	<object>
		<name>ref_fork</name>
		<bndbox>
			<xmin>865</xmin>
			<ymin>283</ymin>
			<xmax>1018</xmax>
			<ymax>693</ymax>
		</bndbox>
	</object>
	<object>
		<name>ref_coin</name>
		<bndbox>
			<xmin>2293</xmin>
			<ymin>545</ymin>
			<xmax>2465</xmax>
			<ymax>715</ymax>
		</bndbox>
	</object>
	<object>
		<name>dish</name>
		<bndbox>
			<xmin>1081</xmin>
			<ymin>209</ymin>
			<xmax>2079</xmax>
			<ymax>1469</ymax>
		</bndbox>
	</object>
	<object>
		<name>문어숙회</name>
		<bndbox>
			<xmin>1307</xmin>
			<ymin>423</ymin>
			<xmax>1745</xmax>
			<ymax>1010</ymax>
		</bndbox>
	</object>
</annotation>