<annotation>
	<folder>top생선찜류사각배달문어숙회q1</folder>
	<filename>top_생선찜류_사각배달_문어숙회_Q1_00037.JPG</filename>
	<path>/top생선찜류사각배달문어숙회q1/top_생선찜류_사각배달_문어숙회_Q1_00037.JPG</path>
	<source>
		<database>fooddata</database>
	</source>
	<size>
		<width>3008</width>
		<height>2000</height>
		<depth>3</depth>
	</size>
	<object>
		<name>ref_spoon</name>
		<bndbox>
			<xmin>777</xmin>
			<ymin>388</ymin>
			<xmax>998</xmax>
			<ymax>737</ymax>
		</bndbox>
	</object>
	<object>
		<name>ref_fork</name>
		<bndbox>
			<xmin>1086</xmin>
			<ymin>442</ymin>
			<xmax>1241</xmax>
			<ymax>826</ymax>
		</bndbox>
	</object>
	<object>
		<name>ref_coin</name>
		<bndbox>
			<xmin>1949</xmin>
			<ymin>1649</ymin>
			<xmax>2108</xmax>
			<ymax>1816</ymax>
		</bndbox>
	</object>
	<object>
		<name>dish</name>
		<bndbox>
			<xmin>1332</xmin>
			<ymin>334</ymin>
			<xmax>2190</xmax>
			<ymax>1479</ymax>
		</bndbox>
	</object>
	<object>
		<name>문어숙회</name>
		<bndbox>
			<xmin>1509</xmin>
			<ymin>695</ymin>
			<xmax>1981</xmax>
			<ymax>1170</ymax>
		</bndbox>
	</object>
</annotation>