<annotation>
	<folder>top생선찜류사각배달문어숙회q1</folder>
	<filename>top_생선찜류_사각배달_문어숙회_Q1_00035.JPG</filename>
	<path>/top생선찜류사각배달문어숙회q1/top_생선찜류_사각배달_문어숙회_Q1_00035.JPG</path>
	<source>
		<database>fooddata</database>
	</source>
	<size>
		<width>3008</width>
		<height>2000</height>
		<depth>3</depth>
	</size>
	<object>
		<name>ref_spoon</name>
		<bndbox>
			<xmin>757</xmin>
			<ymin>393</ymin>
			<xmax>968</xmax>
			<ymax>740</ymax>
		</bndbox>
	</object>
	<object>
		<name>ref_fork</name>
		<bndbox>
			<xmin>1069</xmin>
			<ymin>457</ymin>
			<xmax>1214</xmax>
			<ymax>848</ymax>
		</bndbox>
	</object>
	<object>
		<name>ref_coin</name>
		<bndbox>
			<xmin>1570</xmin>
			<ymin>1658</ymin>
			<xmax>1725</xmax>
			<ymax>1823</ymax>
		</bndbox>
	</object>
	<object>
		<name>dish</name>
		<bndbox>
			<xmin>1330</xmin>
			<ymin>354</ymin>
			<xmax>2202</xmax>
			<ymax>1511</ymax>
		</bndbox>
	</object>
	<object>
		<name>문어숙회</name>
		<bndbox>
			<xmin>1509</xmin>
			<ymin>722</ymin>
			<xmax>1875</xmax>
			<ymax>1332</ymax>
		</bndbox>
	</object>
</annotation>