<annotation>
	<folder>top생선찜류사각배달문어숙회q1</folder>
	<filename>top_생선찜류_사각배달_문어숙회_Q1_00012.JPG</filename>
	<path>/top생선찜류사각배달문어숙회q1/top_생선찜류_사각배달_문어숙회_Q1_00012.JPG</path>
	<source>
		<database>fooddata</database>
	</source>
	<size>
		<width>3008</width>
		<height>2000</height>
		<depth>3</depth>
	</size>
	<object>
		<name>ref_spoon</name>
		<bndbox>
			<xmin>2101</xmin>
			<ymin>509</ymin>
			<xmax>2334</xmax>
			<ymax>875</ymax>
		</bndbox>
	</object>
	<object>
		<name>ref_fork</name>
		<bndbox>
			<xmin>2457</xmin>
			<ymin>597</ymin>
			<xmax>2610</xmax>
			<ymax>1007</ymax>
		</bndbox>
	</object>
	<object>
		<name>ref_coin</name>
		<bndbox>
			<xmin>1809</xmin>
			<ymin>172</ymin>
			<xmax>1973</xmax>
			<ymax>339</ymax>
		</bndbox>
	</object>
	<object>
		<name>dish</name>
		<bndbox>
			<xmin>602</xmin>
			<ymin>661</ymin>
			<xmax>1993</xmax>
			<ymax>1870</ymax>
		</bndbox>
	</object>
	<object>
		<name>문어숙회</name>
		<bndbox>
			<xmin>1158</xmin>
			<ymin>1054</ymin>
			<xmax>1683</xmax>
			<ymax>1455</ymax>
		</bndbox>
	</object>
</annotation>