<annotation>
	<folder>top생선찜류사각배달문어숙회q1</folder>
	<filename>top_생선찜류_사각배달_문어숙회_Q1_00004.JPG</filename>
	<path>/top생선찜류사각배달문어숙회q1/top_생선찜류_사각배달_문어숙회_Q1_00004.JPG</path>
	<source>
		<database>fooddata</database>
	</source>
	<size>
		<width>3008</width>
		<height>2000</height>
		<depth>3</depth>
	</size>
	<object>
		<name>ref_spoon</name>
		<bndbox>
			<xmin>1993</xmin>
			<ymin>256</ymin>
			<xmax>2231</xmax>
			<ymax>641</ymax>
		</bndbox>
	</object>
	<object>
		<name>ref_fork</name>
		<bndbox>
			<xmin>2342</xmin>
			<ymin>359</ymin>
			<xmax>2504</xmax>
			<ymax>764</ymax>
		</bndbox>
	</object>
	<object>
		<name>ref_coin</name>
		<bndbox>
			<xmin>489</xmin>
			<ymin>1629</ymin>
			<xmax>659</xmax>
			<ymax>1803</ymax>
		</bndbox>
	</object>
	<object>
		<name>dish</name>
		<bndbox>
			<xmin>541</xmin>
			<ymin>405</ymin>
			<xmax>1904</xmax>
			<ymax>1511</ymax>
		</bndbox>
	</object>
	<object>
		<name>문어숙회</name>
		<bndbox>
			<xmin>809</xmin>
			<ymin>789</ymin>
			<xmax>1366</xmax>
			<ymax>1219</ymax>
		</bndbox>
	</object>
</annotation>