<annotation>
	<folder>top생선찜류사각배달문어숙회q1</folder>
	<filename>top_생선찜류_사각배달_문어숙회_Q1_00002.JPG</filename>
	<path>/top생선찜류사각배달문어숙회q1/top_생선찜류_사각배달_문어숙회_Q1_00002.JPG</path>
	<source>
		<database>fooddata</database>
	</source>
	<size>
		<width>3008</width>
		<height>2000</height>
		<depth>3</depth>
	</size>
	<object>
		<name>ref_spoon</name>
		<bndbox>
			<xmin>1809</xmin>
			<ymin>292</ymin>
			<xmax>2047</xmax>
			<ymax>683</ymax>
		</bndbox>
	</object>
	<object>
		<name>ref_fork</name>
		<bndbox>
			<xmin>2165</xmin>
			<ymin>386</ymin>
			<xmax>2327</xmax>
			<ymax>811</ymax>
		</bndbox>
	</object>
	<object>
		<name>ref_coin</name>
		<bndbox>
			<xmin>1192</xmin>
			<ymin>1720</ymin>
			<xmax>1361</xmax>
			<ymax>1892</ymax>
		</bndbox>
	</object>
	<object>
		<name>dish</name>
		<bndbox>
			<xmin>541</xmin>
			<ymin>221</ymin>
			<xmax>1678</xmax>
			<ymax>1585</ymax>
		</bndbox>
	</object>
	<object>
		<name>문어숙회</name>
		<bndbox>
			<xmin>836</xmin>
			<ymin>759</ymin>
			<xmax>1325</xmax>
			<ymax>1314</ymax>
		</bndbox>
	</object>
</annotation>