<annotation>
	<folder>top생선찜류사각배달문어숙회q1</folder>
	<filename>top_생선찜류_사각배달_문어숙회_Q1_00010.JPG</filename>
	<path>/top생선찜류사각배달문어숙회q1/top_생선찜류_사각배달_문어숙회_Q1_00010.JPG</path>
	<source>
		<database>fooddata</database>
	</source>
	<size>
		<width>3008</width>
		<height>2000</height>
		<depth>3</depth>
	</size>
	<object>
		<name>ref_spoon</name>
		<bndbox>
			<xmin>2187</xmin>
			<ymin>450</ymin>
			<xmax>2425</xmax>
			<ymax>818</ymax>
		</bndbox>
	</object>
	<object>
		<name>ref_fork</name>
		<bndbox>
			<xmin>2533</xmin>
			<ymin>538</ymin>
			<xmax>2701</xmax>
			<ymax>958</ymax>
		</bndbox>
	</object>
	<object>
		<name>ref_coin</name>
		<bndbox>
			<xmin>656</xmin>
			<ymin>199</ymin>
			<xmax>826</xmax>
			<ymax>364</ymax>
		</bndbox>
	</object>
	<object>
		<name>dish</name>
		<bndbox>
			<xmin>944</xmin>
			<ymin>572</ymin>
			<xmax>2131</xmax>
			<ymax>1943</ymax>
		</bndbox>
	</object>
	<object>
		<name>문어숙회</name>
		<bndbox>
			<xmin>1352</xmin>
			<ymin>912</ymin>
			<xmax>1818</xmax>
			<ymax>1445</ymax>
		</bndbox>
	</object>
</annotation>