<annotation>
	<folder>top생선찜류사각배달문어숙회q1</folder>
	<filename>top_생선찜류_사각배달_문어숙회_Q1_00051.JPG</filename>
	<path>/top생선찜류사각배달문어숙회q1/top_생선찜류_사각배달_문어숙회_Q1_00051.JPG</path>
	<source>
		<database>fooddata</database>
	</source>
	<size>
		<width>3008</width>
		<height>2000</height>
		<depth>3</depth>
	</size>
	<object>
		<name>ref_spoon</name>
		<bndbox>
			<xmin>838</xmin>
			<ymin>369</ymin>
			<xmax>1062</xmax>
			<ymax>730</ymax>
		</bndbox>
	</object>
	<object>
		<name>ref_fork</name>
		<bndbox>
			<xmin>1162</xmin>
			<ymin>430</ymin>
			<xmax>1327</xmax>
			<ymax>838</ymax>
		</bndbox>
	</object>
	<object>
		<name>ref_coin</name>
		<bndbox>
			<xmin>460</xmin>
			<ymin>1486</ymin>
			<xmax>632</xmax>
			<ymax>1654</ymax>
		</bndbox>
	</object>
	<object>
		<name>dish</name>
		<bndbox>
			<xmin>1396</xmin>
			<ymin>469</ymin>
			<xmax>2275</xmax>
			<ymax>1649</ymax>
		</bndbox>
	</object>
	<object>
		<name>문어숙회</name>
		<bndbox>
			<xmin>1592</xmin>
			<ymin>779</ymin>
			<xmax>2022</xmax>
			<ymax>1344</ymax>
		</bndbox>
	</object>
</annotation>