<annotation>
	<folder>top생선찜류사각배달문어숙회q1</folder>
	<filename>top_생선찜류_사각배달_문어숙회_Q1_00008.JPG</filename>
	<path>/top생선찜류사각배달문어숙회q1/top_생선찜류_사각배달_문어숙회_Q1_00008.JPG</path>
	<source>
		<database>fooddata</database>
	</source>
	<size>
		<width>3008</width>
		<height>2000</height>
		<depth>3</depth>
	</size>
	<object>
		<name>ref_spoon</name>
		<bndbox>
			<xmin>2280</xmin>
			<ymin>236</ymin>
			<xmax>2514</xmax>
			<ymax>602</ymax>
		</bndbox>
	</object>
	<object>
		<name>ref_fork</name>
		<bndbox>
			<xmin>2629</xmin>
			<ymin>324</ymin>
			<xmax>2791</xmax>
			<ymax>742</ymax>
		</bndbox>
	</object>
	<object>
		<name>ref_coin</name>
		<bndbox>
			<xmin>327</xmin>
			<ymin>791</ymin>
			<xmax>494</xmax>
			<ymax>961</ymax>
		</bndbox>
	</object>
	<object>
		<name>dish</name>
		<bndbox>
			<xmin>804</xmin>
			<ymin>342</ymin>
			<xmax>2086</xmax>
			<ymax>1727</ymax>
		</bndbox>
	</object>
	<object>
		<name>문어숙회</name>
		<bndbox>
			<xmin>1187</xmin>
			<ymin>681</ymin>
			<xmax>1595</xmax>
			<ymax>1206</ymax>
		</bndbox>
	</object>
</annotation>