<annotation>
	<folder>side비빔면류냉면기회냉면q5</folder>
	<filename>side_비빔면류_냉면기_회냉면_Q5_00041.JPG</filename>
	<path>/side비빔면류냉면기회냉면q5/side_비빔면류_냉면기_회냉면_Q5_00041.JPG</path>
	<source>
		<database>fooddata</database>
	</source>
	<size>
		<width>3008</width>
		<height>2000</height>
		<depth>3</depth>
	</size>
	<object>
		<name>ref_spoon</name>
		<bndbox>
			<xmin>415</xmin>
			<ymin>750</ymin>
			<xmax>666</xmax>
			<ymax>1062</ymax>
		</bndbox>
	</object>
	<object>
		<name>ref_fork</name>
		<bndbox>
			<xmin>778</xmin>
			<ymin>747</ymin>
			<xmax>946</xmax>
			<ymax>1098</ymax>
		</bndbox>
	</object>
	<object>
		<name>ref_coin</name>
		<bndbox>
			<xmin>2631</xmin>
			<ymin>1067</ymin>
			<xmax>2811</xmax>
			<ymax>1202</ymax>
		</bndbox>
	</object>
	<object>
		<name>dish</name>
		<bndbox>
			<xmin>1152</xmin>
			<ymin>399</ymin>
			<xmax>2476</xmax>
			<ymax>1367</ymax>
		</bndbox>
	</object>
	<object>
		<name>회냉면</name>
		<bndbox>
			<xmin>1391</xmin>
			<ymin>452</ymin>
			<xmax>2278</xmax>
			<ymax>1212</ymax>
		</bndbox>
	</object>
</annotation>