<annotation>
	<folder>side비빔면류냉면기회냉면q5</folder>
	<filename>side_비빔면류_냉면기_회냉면_Q5_00042.JPG</filename>
	<path>/side비빔면류냉면기회냉면q5/side_비빔면류_냉면기_회냉면_Q5_00042.JPG</path>
	<source>
		<database>fooddata</database>
	</source>
	<size>
		<width>3008</width>
		<height>2000</height>
		<depth>3</depth>
	</size>
	<object>
		<name>ref_spoon</name>
		<bndbox>
			<xmin>387</xmin>
			<ymin>729</ymin>
			<xmax>636</xmax>
			<ymax>1044</ymax>
		</bndbox>
	</object>
	<object>
		<name>ref_fork</name>
		<bndbox>
			<xmin>750</xmin>
			<ymin>727</ymin>
			<xmax>916</xmax>
			<ymax>1072</ymax>
		</bndbox>
	</object>
	<object>
		<name>ref_coin</name>
		<bndbox>
			<xmin>2588</xmin>
			<ymin>846</ymin>
			<xmax>2766</xmax>
			<ymax>971</ymax>
		</bndbox>
	</object>
	<object>
		<name>dish</name>
		<bndbox>
			<xmin>1101</xmin>
			<ymin>358</ymin>
			<xmax>2420</xmax>
			<ymax>1314</ymax>
		</bndbox>
	</object>
	<object>
		<name>회냉면</name>
		<bndbox>
			<xmin>1325</xmin>
			<ymin>450</ymin>
			<xmax>2232</xmax>
			<ymax>1146</ymax>
		</bndbox>
	</object>
</annotation>