<annotation>
	<folder>side비빔면류냉면기회냉면q5</folder>
	<filename>side_비빔면류_냉면기_회냉면_Q5_00047.JPG</filename>
	<path>/side비빔면류냉면기회냉면q5/side_비빔면류_냉면기_회냉면_Q5_00047.JPG</path>
	<source>
		<database>fooddata</database>
	</source>
	<size>
		<width>3008</width>
		<height>2000</height>
		<depth>3</depth>
	</size>
	<object>
		<name>ref_spoon</name>
		<bndbox>
			<xmin>400</xmin>
			<ymin>706</ymin>
			<xmax>651</xmax>
			<ymax>1022</ymax>
		</bndbox>
	</object>
	<object>
		<name>ref_fork</name>
		<bndbox>
			<xmin>766</xmin>
			<ymin>684</ymin>
			<xmax>931</xmax>
			<ymax>1034</ymax>
		</bndbox>
	</object>
	<object>
		<name>ref_coin</name>
		<bndbox>
			<xmin>1355</xmin>
			<ymin>1499</ymin>
			<xmax>1551</xmax>
			<ymax>1649</ymax>
		</bndbox>
	</object>
	<object>
		<name>dish</name>
		<bndbox>
			<xmin>1060</xmin>
			<ymin>297</ymin>
			<xmax>2382</xmax>
			<ymax>1263</ymax>
		</bndbox>
	</object>
	<object>
		<name>회냉면</name>
		<bndbox>
			<xmin>1223</xmin>
			<ymin>404</ymin>
			<xmax>2168</xmax>
			<ymax>1100</ymax>
		</bndbox>
	</object>
</annotation>