<annotation>
	<folder>side비빔면류냉면기회냉면q5</folder>
	<filename>side_비빔면류_냉면기_회냉면_Q5_00034.JPG</filename>
	<path>/side비빔면류냉면기회냉면q5/side_비빔면류_냉면기_회냉면_Q5_00034.JPG</path>
	<source>
		<database>fooddata</database>
	</source>
	<size>
		<width>3008</width>
		<height>2000</height>
		<depth>3</depth>
	</size>
	<object>
		<name>ref_spoon</name>
		<bndbox>
			<xmin>565</xmin>
			<ymin>808</ymin>
			<xmax>816</xmax>
			<ymax>1116</ymax>
		</bndbox>
	</object>
	<object>
		<name>ref_fork</name>
		<bndbox>
			<xmin>916</xmin>
			<ymin>821</ymin>
			<xmax>1081</xmax>
			<ymax>1179</ymax>
		</bndbox>
	</object>
	<object>
		<name>ref_coin</name>
		<bndbox>
			<xmin>1528</xmin>
			<ymin>1675</ymin>
			<xmax>1724</xmax>
			<ymax>1820</ymax>
		</bndbox>
	</object>
	<object>
		<name>dish</name>
		<bndbox>
			<xmin>1226</xmin>
			<ymin>485</ymin>
			<xmax>2522</xmax>
			<ymax>1436</ymax>
		</bndbox>
	</object>
	<object>
		<name>회냉면</name>
		<bndbox>
			<xmin>1398</xmin>
			<ymin>551</ymin>
			<xmax>2257</xmax>
			<ymax>1278</ymax>
		</bndbox>
	</object>
</annotation>