<annotation>
	<folder>side비빔면류냉면기회냉면q5</folder>
	<filename>side_비빔면류_냉면기_회냉면_Q5_00036.JPG</filename>
	<path>/side비빔면류냉면기회냉면q5/side_비빔면류_냉면기_회냉면_Q5_00036.JPG</path>
	<source>
		<database>fooddata</database>
	</source>
	<size>
		<width>3008</width>
		<height>2000</height>
		<depth>3</depth>
	</size>
	<object>
		<name>ref_spoon</name>
		<bndbox>
			<xmin>461</xmin>
			<ymin>745</ymin>
			<xmax>717</xmax>
			<ymax>1057</ymax>
		</bndbox>
	</object>
	<object>
		<name>ref_fork</name>
		<bndbox>
			<xmin>819</xmin>
			<ymin>750</ymin>
			<xmax>987</xmax>
			<ymax>1095</ymax>
		</bndbox>
	</object>
	<object>
		<name>ref_coin</name>
		<bndbox>
			<xmin>1955</xmin>
			<ymin>1550</ymin>
			<xmax>2148</xmax>
			<ymax>1695</ymax>
		</bndbox>
	</object>
	<object>
		<name>dish</name>
		<bndbox>
			<xmin>1226</xmin>
			<ymin>409</ymin>
			<xmax>2517</xmax>
			<ymax>1370</ymax>
		</bndbox>
	</object>
	<object>
		<name>회냉면</name>
		<bndbox>
			<xmin>1393</xmin>
			<ymin>534</ymin>
			<xmax>2293</xmax>
			<ymax>1220</ymax>
		</bndbox>
	</object>
</annotation>