<annotation>
	<folder>side비빔면류냉면기회냉면q5</folder>
	<filename>side_비빔면류_냉면기_회냉면_Q5_00022.JPG</filename>
	<path>/side비빔면류냉면기회냉면q5/side_비빔면류_냉면기_회냉면_Q5_00022.JPG</path>
	<source>
		<database>fooddata</database>
	</source>
	<size>
		<width>3008</width>
		<height>2000</height>
		<depth>3</depth>
	</size>
	<object>
		<name>ref_spoon</name>
		<bndbox>
			<xmin>778</xmin>
			<ymin>1489</ymin>
			<xmax>1180</xmax>
			<ymax>1718</ymax>
		</bndbox>
	</object>
	<object>
		<name>ref_fork</name>
		<bndbox>
			<xmin>839</xmin>
			<ymin>1286</ymin>
			<xmax>1281</xmax>
			<ymax>1482</ymax>
		</bndbox>
	</object>
	<object>
		<name>ref_coin</name>
		<bndbox>
			<xmin>2214</xmin>
			<ymin>315</ymin>
			<xmax>2379</xmax>
			<ymax>424</ymax>
		</bndbox>
	</object>
	<object>
		<name>dish</name>
		<bndbox>
			<xmin>949</xmin>
			<ymin>170</ymin>
			<xmax>2227</xmax>
			<ymax>1083</ymax>
		</bndbox>
	</object>
	<object>
		<name>회냉면</name>
		<bndbox>
			<xmin>1154</xmin>
			<ymin>295</ymin>
			<xmax>1996</xmax>
			<ymax>917</ymax>
		</bndbox>
	</object>
</annotation>