<annotation>
	<folder>side비빔면류냉면기회냉면q5</folder>
	<filename>side_비빔면류_냉면기_회냉면_Q5_00012.JPG</filename>
	<path>/side비빔면류냉면기회냉면q5/side_비빔면류_냉면기_회냉면_Q5_00012.JPG</path>
	<source>
		<database>fooddata</database>
	</source>
	<size>
		<width>3008</width>
		<height>2000</height>
		<depth>3</depth>
	</size>
	<object>
		<name>ref_spoon</name>
		<bndbox>
			<xmin>2006</xmin>
			<ymin>572</ymin>
			<xmax>2267</xmax>
			<ymax>884</ymax>
		</bndbox>
	</object>
	<object>
		<name>ref_fork</name>
		<bndbox>
			<xmin>2382</xmin>
			<ymin>536</ymin>
			<xmax>2603</xmax>
			<ymax>887</ymax>
		</bndbox>
	</object>
	<object>
		<name>ref_coin</name>
		<bndbox>
			<xmin>2085</xmin>
			<ymin>384</ymin>
			<xmax>2257</xmax>
			<ymax>496</ymax>
		</bndbox>
	</object>
	<object>
		<name>dish</name>
		<bndbox>
			<xmin>425</xmin>
			<ymin>470</ymin>
			<xmax>1904</xmax>
			<ymax>1515</ymax>
		</bndbox>
	</object>
	<object>
		<name>회냉면</name>
		<bndbox>
			<xmin>687</xmin>
			<ymin>602</ymin>
			<xmax>1642</xmax>
			<ymax>1319</ymax>
		</bndbox>
	</object>
</annotation>