<annotation>
	<folder>side비빔면류냉면기회냉면q5</folder>
	<filename>side_비빔면류_냉면기_회냉면_Q5_00031.JPG</filename>
	<path>/side비빔면류냉면기회냉면q5/side_비빔면류_냉면기_회냉면_Q5_00031.JPG</path>
	<source>
		<database>fooddata</database>
	</source>
	<size>
		<width>3008</width>
		<height>2000</height>
		<depth>3</depth>
	</size>
	<object>
		<name>ref_spoon</name>
		<bndbox>
			<xmin>949</xmin>
			<ymin>1512</ymin>
			<xmax>1375</xmax>
			<ymax>1731</ymax>
		</bndbox>
	</object>
	<object>
		<name>ref_fork</name>
		<bndbox>
			<xmin>997</xmin>
			<ymin>1311</ymin>
			<xmax>1444</xmax>
			<ymax>1487</ymax>
		</bndbox>
	</object>
	<object>
		<name>ref_coin</name>
		<bndbox>
			<xmin>2463</xmin>
			<ymin>1014</ymin>
			<xmax>2656</xmax>
			<ymax>1151</ymax>
		</bndbox>
	</object>
	<object>
		<name>dish</name>
		<bndbox>
			<xmin>1038</xmin>
			<ymin>168</ymin>
			<xmax>2351</xmax>
			<ymax>1090</ymax>
		</bndbox>
	</object>
	<object>
		<name>회냉면</name>
		<bndbox>
			<xmin>1254</xmin>
			<ymin>310</ymin>
			<xmax>2151</xmax>
			<ymax>910</ymax>
		</bndbox>
	</object>
</annotation>