<annotation>
	<folder>top비빔면류냉면기회냉면q5</folder>
	<filename>top_비빔면류_냉면기_회냉면_Q5_00013.JPG</filename>
	<path>/top비빔면류냉면기회냉면q5/top_비빔면류_냉면기_회냉면_Q5_00013.JPG</path>
	<source>
		<database>fooddata</database>
	</source>
	<size>
		<width>3008</width>
		<height>2000</height>
		<depth>3</depth>
	</size>
	<object>
		<name>ref_spoon</name>
		<bndbox>
			<xmin>2289</xmin>
			<ymin>212</ymin>
			<xmax>2527</xmax>
			<ymax>581</ymax>
		</bndbox>
	</object>
	<object>
		<name>ref_fork</name>
		<bndbox>
			<xmin>2657</xmin>
			<ymin>240</ymin>
			<xmax>2831</xmax>
			<ymax>634</ymax>
		</bndbox>
	</object>
	<object>
		<name>ref_coin</name>
		<bndbox>
			<xmin>1819</xmin>
			<ymin>153</ymin>
			<xmax>2003</xmax>
			<ymax>327</ymax>
		</bndbox>
	</object>
	<object>
		<name>dish</name>
		<bndbox>
			<xmin>831</xmin>
			<ymin>307</ymin>
			<xmax>2312</xmax>
			<ymax>1765</ymax>
		</bndbox>
	</object>
	<object>
		<name>회냉면</name>
		<bndbox>
			<xmin>1118</xmin>
			<ymin>578</ymin>
			<xmax>1923</xmax>
			<ymax>1499</ymax>
		</bndbox>
	</object>
</annotation>