<annotation>
	<folder>top비빔면류냉면기회냉면q5</folder>
	<filename>top_비빔면류_냉면기_회냉면_Q5_00043.JPG</filename>
	<path>/top비빔면류냉면기회냉면q5/top_비빔면류_냉면기_회냉면_Q5_00043.JPG</path>
	<source>
		<database>fooddata</database>
	</source>
	<size>
		<width>3008</width>
		<height>2000</height>
		<depth>3</depth>
	</size>
	<object>
		<name>ref_spoon</name>
		<bndbox>
			<xmin>553</xmin>
			<ymin>570</ymin>
			<xmax>793</xmax>
			<ymax>944</ymax>
		</bndbox>
	</object>
	<object>
		<name>ref_fork</name>
		<bndbox>
			<xmin>852</xmin>
			<ymin>604</ymin>
			<xmax>1013</xmax>
			<ymax>1015</ymax>
		</bndbox>
	</object>
	<object>
		<name>ref_coin</name>
		<bndbox>
			<xmin>2709</xmin>
			<ymin>1066</ymin>
			<xmax>2877</xmax>
			<ymax>1240</ymax>
		</bndbox>
	</object>
	<object>
		<name>dish</name>
		<bndbox>
			<xmin>1164</xmin>
			<ymin>292</ymin>
			<xmax>2545</xmax>
			<ymax>1660</ymax>
		</bndbox>
	</object>
	<object>
		<name>회냉면</name>
		<bndbox>
			<xmin>1358</xmin>
			<ymin>384</ymin>
			<xmax>2238</xmax>
			<ymax>1427</ymax>
		</bndbox>
	</object>
</annotation>