<annotation>
	<folder>top비빔면류냉면기회냉면q5</folder>
	<filename>top_비빔면류_냉면기_회냉면_Q5_00003.JPG</filename>
	<path>/top비빔면류냉면기회냉면q5/top_비빔면류_냉면기_회냉면_Q5_00003.JPG</path>
	<source>
		<database>fooddata</database>
	</source>
	<size>
		<width>3008</width>
		<height>2000</height>
		<depth>3</depth>
	</size>
	<object>
		<name>ref_spoon</name>
		<bndbox>
			<xmin>1939</xmin>
			<ymin>187</ymin>
			<xmax>2187</xmax>
			<ymax>583</ymax>
		</bndbox>
	</object>
	<object>
		<name>ref_fork</name>
		<bndbox>
			<xmin>2340</xmin>
			<ymin>153</ymin>
			<xmax>2504</xmax>
			<ymax>591</ymax>
		</bndbox>
	</object>
	<object>
		<name>ref_coin</name>
		<bndbox>
			<xmin>1555</xmin>
			<ymin>1621</ymin>
			<xmax>1742</xmax>
			<ymax>1829</ymax>
		</bndbox>
	</object>
	<object>
		<name>dish</name>
		<bndbox>
			<xmin>420</xmin>
			<ymin>176</ymin>
			<xmax>1985</xmax>
			<ymax>1714</ymax>
		</bndbox>
	</object>
	<object>
		<name>회냉면</name>
		<bndbox>
			<xmin>836</xmin>
			<ymin>471</ymin>
			<xmax>1691</xmax>
			<ymax>1465</ymax>
		</bndbox>
	</object>
</annotation>