<annotation>
	<folder>top비빔면류냉면기회냉면q5</folder>
	<filename>top_비빔면류_냉면기_회냉면_Q5_00053.JPG</filename>
	<path>/top비빔면류냉면기회냉면q5/top_비빔면류_냉면기_회냉면_Q5_00053.JPG</path>
	<source>
		<database>fooddata</database>
	</source>
	<size>
		<width>3008</width>
		<height>2000</height>
		<depth>3</depth>
	</size>
	<object>
		<name>ref_spoon</name>
		<bndbox>
			<xmin>501</xmin>
			<ymin>598</ymin>
			<xmax>757</xmax>
			<ymax>964</ymax>
		</bndbox>
	</object>
	<object>
		<name>ref_fork</name>
		<bndbox>
			<xmin>816</xmin>
			<ymin>624</ymin>
			<xmax>990</xmax>
			<ymax>1051</ymax>
		</bndbox>
	</object>
	<object>
		<name>ref_coin</name>
		<bndbox>
			<xmin>1570</xmin>
			<ymin>187</ymin>
			<xmax>1734</xmax>
			<ymax>348</ymax>
		</bndbox>
	</object>
	<object>
		<name>dish</name>
		<bndbox>
			<xmin>1438</xmin>
			<ymin>330</ymin>
			<xmax>2834</xmax>
			<ymax>1726</ymax>
		</bndbox>
	</object>
	<object>
		<name>회냉면</name>
		<bndbox>
			<xmin>1501</xmin>
			<ymin>650</ymin>
			<xmax>2481</xmax>
			<ymax>1522</ymax>
		</bndbox>
	</object>
</annotation>