<annotation>
	<folder>top비빔면류냉면기회냉면q5</folder>
	<filename>top_비빔면류_냉면기_회냉면_Q5_00030.JPG</filename>
	<path>/top비빔면류냉면기회냉면q5/top_비빔면류_냉면기_회냉면_Q5_00030.JPG</path>
	<source>
		<database>fooddata</database>
	</source>
	<size>
		<width>3008</width>
		<height>2000</height>
		<depth>3</depth>
	</size>
	<object>
		<name>ref_spoon</name>
		<bndbox>
			<xmin>880</xmin>
			<ymin>1632</ymin>
			<xmax>1261</xmax>
			<ymax>1903</ymax>
		</bndbox>
	</object>
	<object>
		<name>ref_fork</name>
		<bndbox>
			<xmin>939</xmin>
			<ymin>1407</ymin>
			<xmax>1338</xmax>
			<ymax>1570</ymax>
		</bndbox>
	</object>
	<object>
		<name>ref_coin</name>
		<bndbox>
			<xmin>402</xmin>
			<ymin>1629</ymin>
			<xmax>591</xmax>
			<ymax>1818</ymax>
		</bndbox>
	</object>
	<object>
		<name>dish</name>
		<bndbox>
			<xmin>1087</xmin>
			<ymin>95</ymin>
			<xmax>2438</xmax>
			<ymax>1384</ymax>
		</bndbox>
	</object>
	<object>
		<name>회냉면</name>
		<bndbox>
			<xmin>1333</xmin>
			<ymin>340</ymin>
			<xmax>2097</xmax>
			<ymax>1182</ymax>
		</bndbox>
	</object>
</annotation>