<annotation>
	<folder>top비빔면류냉면기회냉면q5</folder>
	<filename>top_비빔면류_냉면기_회냉면_Q5_00052.JPG</filename>
	<path>/top비빔면류냉면기회냉면q5/top_비빔면류_냉면기_회냉면_Q5_00052.JPG</path>
	<source>
		<database>fooddata</database>
	</source>
	<size>
		<width>3008</width>
		<height>2000</height>
		<depth>3</depth>
	</size>
	<object>
		<name>ref_spoon</name>
		<bndbox>
			<xmin>547</xmin>
			<ymin>527</ymin>
			<xmax>785</xmax>
			<ymax>895</ymax>
		</bndbox>
	</object>
	<object>
		<name>ref_fork</name>
		<bndbox>
			<xmin>842</xmin>
			<ymin>555</ymin>
			<xmax>1005</xmax>
			<ymax>954</ymax>
		</bndbox>
	</object>
	<object>
		<name>ref_coin</name>
		<bndbox>
			<xmin>1596</xmin>
			<ymin>133</ymin>
			<xmax>1767</xmax>
			<ymax>297</ymax>
		</bndbox>
	</object>
	<object>
		<name>dish</name>
		<bndbox>
			<xmin>1399</xmin>
			<ymin>253</ymin>
			<xmax>2808</xmax>
			<ymax>1627</ymax>
		</bndbox>
	</object>
	<object>
		<name>회냉면</name>
		<bndbox>
			<xmin>1594</xmin>
			<ymin>535</ymin>
			<xmax>2476</xmax>
			<ymax>1463</ymax>
		</bndbox>
	</object>
</annotation>