<annotation>
	<folder>top비빔면류냉면기회냉면q5</folder>
	<filename>top_비빔면류_냉면기_회냉면_Q5_00012.JPG</filename>
	<path>/top비빔면류냉면기회냉면q5/top_비빔면류_냉면기_회냉면_Q5_00012.JPG</path>
	<source>
		<database>fooddata</database>
	</source>
	<size>
		<width>3008</width>
		<height>2000</height>
		<depth>3</depth>
	</size>
	<object>
		<name>ref_spoon</name>
		<bndbox>
			<xmin>2248</xmin>
			<ymin>256</ymin>
			<xmax>2489</xmax>
			<ymax>647</ymax>
		</bndbox>
	</object>
	<object>
		<name>ref_fork</name>
		<bndbox>
			<xmin>2611</xmin>
			<ymin>279</ymin>
			<xmax>2775</xmax>
			<ymax>688</ymax>
		</bndbox>
	</object>
	<object>
		<name>ref_coin</name>
		<bndbox>
			<xmin>1491</xmin>
			<ymin>138</ymin>
			<xmax>1663</xmax>
			<ymax>297</ymax>
		</bndbox>
	</object>
	<object>
		<name>dish</name>
		<bndbox>
			<xmin>796</xmin>
			<ymin>379</ymin>
			<xmax>2264</xmax>
			<ymax>1816</ymax>
		</bndbox>
	</object>
	<object>
		<name>회냉면</name>
		<bndbox>
			<xmin>1097</xmin>
			<ymin>634</ymin>
			<xmax>1888</xmax>
			<ymax>1550</ymax>
		</bndbox>
	</object>
</annotation>