<annotation>
	<folder>top비빔면류냉면기회냉면q5</folder>
	<filename>top_비빔면류_냉면기_회냉면_Q5_00015.JPG</filename>
	<path>/top비빔면류냉면기회냉면q5/top_비빔면류_냉면기_회냉면_Q5_00015.JPG</path>
	<source>
		<database>fooddata</database>
	</source>
	<size>
		<width>3008</width>
		<height>2000</height>
		<depth>3</depth>
	</size>
	<object>
		<name>ref_spoon</name>
		<bndbox>
			<xmin>2281</xmin>
			<ymin>205</ymin>
			<xmax>2524</xmax>
			<ymax>583</ymax>
		</bndbox>
	</object>
	<object>
		<name>ref_fork</name>
		<bndbox>
			<xmin>2663</xmin>
			<ymin>220</ymin>
			<xmax>2826</xmax>
			<ymax>652</ymax>
		</bndbox>
	</object>
	<object>
		<name>ref_coin</name>
		<bndbox>
			<xmin>1975</xmin>
			<ymin>1123</ymin>
			<xmax>2156</xmax>
			<ymax>1302</ymax>
		</bndbox>
	</object>
	<object>
		<name>dish</name>
		<bndbox>
			<xmin>489</xmin>
			<ymin>128</ymin>
			<xmax>1967</xmax>
			<ymax>1581</ymax>
		</bndbox>
	</object>
	<object>
		<name>회냉면</name>
		<bndbox>
			<xmin>808</xmin>
			<ymin>412</ymin>
			<xmax>1634</xmax>
			<ymax>1325</ymax>
		</bndbox>
	</object>
</annotation>