<annotation>
	<folder>top비빔면류냉면기회냉면q5</folder>
	<filename>top_비빔면류_냉면기_회냉면_Q5_00035.JPG</filename>
	<path>/top비빔면류냉면기회냉면q5/top_비빔면류_냉면기_회냉면_Q5_00035.JPG</path>
	<source>
		<database>fooddata</database>
	</source>
	<size>
		<width>3008</width>
		<height>2000</height>
		<depth>3</depth>
	</size>
	<object>
		<name>ref_spoon</name>
		<bndbox>
			<xmin>640</xmin>
			<ymin>440</ymin>
			<xmax>888</xmax>
			<ymax>813</ymax>
		</bndbox>
	</object>
	<object>
		<name>ref_fork</name>
		<bndbox>
			<xmin>944</xmin>
			<ymin>476</ymin>
			<xmax>1115</xmax>
			<ymax>887</ymax>
		</bndbox>
	</object>
	<object>
		<name>ref_coin</name>
		<bndbox>
			<xmin>2220</xmin>
			<ymin>1560</ymin>
			<xmax>2402</xmax>
			<ymax>1752</ymax>
		</bndbox>
	</object>
	<object>
		<name>dish</name>
		<bndbox>
			<xmin>1289</xmin>
			<ymin>164</ymin>
			<xmax>2721</xmax>
			<ymax>1552</ymax>
		</bndbox>
	</object>
	<object>
		<name>회냉면</name>
		<bndbox>
			<xmin>1478</xmin>
			<ymin>435</ymin>
			<xmax>2404</xmax>
			<ymax>1343</ymax>
		</bndbox>
	</object>
</annotation>