<annotation>
	<folder>top비빔면류냉면기회냉면q5</folder>
	<filename>top_비빔면류_냉면기_회냉면_Q5_00010.JPG</filename>
	<path>/top비빔면류냉면기회냉면q5/top_비빔면류_냉면기_회냉면_Q5_00010.JPG</path>
	<source>
		<database>fooddata</database>
	</source>
	<size>
		<width>3008</width>
		<height>2000</height>
		<depth>3</depth>
	</size>
	<object>
		<name>ref_spoon</name>
		<bndbox>
			<xmin>2310</xmin>
			<ymin>261</ymin>
			<xmax>2563</xmax>
			<ymax>665</ymax>
		</bndbox>
	</object>
	<object>
		<name>ref_fork</name>
		<bndbox>
			<xmin>2688</xmin>
			<ymin>304</ymin>
			<xmax>2890</xmax>
			<ymax>747</ymax>
		</bndbox>
	</object>
	<object>
		<name>ref_coin</name>
		<bndbox>
			<xmin>299</xmin>
			<ymin>616</ymin>
			<xmax>496</xmax>
			<ymax>806</ymax>
		</bndbox>
	</object>
	<object>
		<name>dish</name>
		<bndbox>
			<xmin>701</xmin>
			<ymin>202</ymin>
			<xmax>2256</xmax>
			<ymax>1711</ymax>
		</bndbox>
	</object>
	<object>
		<name>회냉면</name>
		<bndbox>
			<xmin>992</xmin>
			<ymin>512</ymin>
			<xmax>1893</xmax>
			<ymax>1445</ymax>
		</bndbox>
	</object>
</annotation>