<annotation>
	<folder>top비빔면류냉면기회냉면q5</folder>
	<filename>top_비빔면류_냉면기_회냉면_Q5_00007.JPG</filename>
	<path>/top비빔면류냉면기회냉면q5/top_비빔면류_냉면기_회냉면_Q5_00007.JPG</path>
	<source>
		<database>fooddata</database>
	</source>
	<size>
		<width>3008</width>
		<height>2000</height>
		<depth>3</depth>
	</size>
	<object>
		<name>ref_spoon</name>
		<bndbox>
			<xmin>2118</xmin>
			<ymin>202</ymin>
			<xmax>2368</xmax>
			<ymax>588</ymax>
		</bndbox>
	</object>
	<object>
		<name>ref_fork</name>
		<bndbox>
			<xmin>2496</xmin>
			<ymin>205</ymin>
			<xmax>2675</xmax>
			<ymax>645</ymax>
		</bndbox>
	</object>
	<object>
		<name>ref_coin</name>
		<bndbox>
			<xmin>573</xmin>
			<ymin>1499</ymin>
			<xmax>765</xmax>
			<ymax>1696</ymax>
		</bndbox>
	</object>
	<object>
		<name>dish</name>
		<bndbox>
			<xmin>599</xmin>
			<ymin>125</ymin>
			<xmax>2151</xmax>
			<ymax>1670</ymax>
		</bndbox>
	</object>
	<object>
		<name>회냉면</name>
		<bndbox>
			<xmin>880</xmin>
			<ymin>535</ymin>
			<xmax>1865</xmax>
			<ymax>1361</ymax>
		</bndbox>
	</object>
</annotation>