<annotation>
	<folder>side비빔면류냉면기회냉면q2</folder>
	<filename>side_비빔면류_냉면기_회냉면_Q2_00049.JPG</filename>
	<path>/side비빔면류냉면기회냉면q2/side_비빔면류_냉면기_회냉면_Q2_00049.JPG</path>
	<source>
		<database>fooddata</database>
	</source>
	<size>
		<width>3008</width>
		<height>2000</height>
		<depth>3</depth>
	</size>
	<object>
		<name>ref_spoon</name>
		<bndbox>
			<xmin>355</xmin>
			<ymin>809</ymin>
			<xmax>617</xmax>
			<ymax>1155</ymax>
		</bndbox>
	</object>
	<object>
		<name>ref_fork</name>
		<bndbox>
			<xmin>665</xmin>
			<ymin>774</ymin>
			<xmax>861</xmax>
			<ymax>1173</ymax>
		</bndbox>
	</object>
	<object>
		<name>ref_coin</name>
		<bndbox>
			<xmin>2680</xmin>
			<ymin>920</ymin>
			<xmax>2884</xmax>
			<ymax>1062</ymax>
		</bndbox>
	</object>
	<object>
		<name>dish</name>
		<bndbox>
			<xmin>1109</xmin>
			<ymin>179</ymin>
			<xmax>2445</xmax>
			<ymax>1164</ymax>
		</bndbox>
	</object>
	<object>
		<name>회냉면</name>
		<bndbox>
			<xmin>1325</xmin>
			<ymin>502</ymin>
			<xmax>2244</xmax>
			<ymax>990</ymax>
		</bndbox>
	</object>
</annotation>