<annotation>
	<folder>side비빔면류냉면기회냉면q2</folder>
	<filename>side_비빔면류_냉면기_회냉면_Q2_00004.JPG</filename>
	<path>/side비빔면류냉면기회냉면q2/side_비빔면류_냉면기_회냉면_Q2_00004.JPG</path>
	<source>
		<database>fooddata</database>
	</source>
	<size>
		<width>3008</width>
		<height>2000</height>
		<depth>3</depth>
	</size>
	<object>
		<name>ref_spoon</name>
		<bndbox>
			<xmin>2245</xmin>
			<ymin>543</ymin>
			<xmax>2542</xmax>
			<ymax>911</ymax>
		</bndbox>
	</object>
	<object>
		<name>ref_fork</name>
		<bndbox>
			<xmin>2653</xmin>
			<ymin>565</ymin>
			<xmax>2870</xmax>
			<ymax>969</ymax>
		</bndbox>
	</object>
	<object>
		<name>ref_coin</name>
		<bndbox>
			<xmin>590</xmin>
			<ymin>1650</ymin>
			<xmax>839</xmax>
			<ymax>1834</ymax>
		</bndbox>
	</object>
	<object>
		<name>dish</name>
		<bndbox>
			<xmin>484</xmin>
			<ymin>245</ymin>
			<xmax>2070</xmax>
			<ymax>1406</ymax>
		</bndbox>
	</object>
	<object>
		<name>회냉면</name>
		<bndbox>
			<xmin>922</xmin>
			<ymin>686</ymin>
			<xmax>1778</xmax>
			<ymax>1186</ymax>
		</bndbox>
	</object>
</annotation>