<annotation>
	<folder>side비빔면류냉면기회냉면q2</folder>
	<filename>side_비빔면류_냉면기_회냉면_Q2_00054.JPG</filename>
	<path>/side비빔면류냉면기회냉면q2/side_비빔면류_냉면기_회냉면_Q2_00054.JPG</path>
	<source>
		<database>fooddata</database>
	</source>
	<size>
		<width>3008</width>
		<height>2000</height>
		<depth>3</depth>
	</size>
	<object>
		<name>ref_spoon</name>
		<bndbox>
			<xmin>204</xmin>
			<ymin>712</ymin>
			<xmax>484</xmax>
			<ymax>1053</ymax>
		</bndbox>
	</object>
	<object>
		<name>ref_fork</name>
		<bndbox>
			<xmin>528</xmin>
			<ymin>698</ymin>
			<xmax>728</xmax>
			<ymax>1084</ymax>
		</bndbox>
	</object>
	<object>
		<name>ref_coin</name>
		<bndbox>
			<xmin>2094</xmin>
			<ymin>1364</ymin>
			<xmax>2311</xmax>
			<ymax>1524</ymax>
		</bndbox>
	</object>
	<object>
		<name>dish</name>
		<bndbox>
			<xmin>1012</xmin>
			<ymin>153</ymin>
			<xmax>2382</xmax>
			<ymax>1133</ymax>
		</bndbox>
	</object>
	<object>
		<name>회냉면</name>
		<bndbox>
			<xmin>1195</xmin>
			<ymin>369</ymin>
			<xmax>2155</xmax>
			<ymax>942</ymax>
		</bndbox>
	</object>
</annotation>