<annotation>
	<folder>side비빔면류냉면기회냉면q2</folder>
	<filename>side_비빔면류_냉면기_회냉면_Q2_00043.JPG</filename>
	<path>/side비빔면류냉면기회냉면q2/side_비빔면류_냉면기_회냉면_Q2_00043.JPG</path>
	<source>
		<database>fooddata</database>
	</source>
	<size>
		<width>3008</width>
		<height>2000</height>
		<depth>3</depth>
	</size>
	<object>
		<name>ref_spoon</name>
		<bndbox>
			<xmin>173</xmin>
			<ymin>720</ymin>
			<xmax>475</xmax>
			<ymax>1093</ymax>
		</bndbox>
	</object>
	<object>
		<name>ref_fork</name>
		<bndbox>
			<xmin>519</xmin>
			<ymin>725</ymin>
			<xmax>732</xmax>
			<ymax>1146</ymax>
		</bndbox>
	</object>
	<object>
		<name>ref_coin</name>
		<bndbox>
			<xmin>2099</xmin>
			<ymin>1706</ymin>
			<xmax>2338</xmax>
			<ymax>1883</ymax>
		</bndbox>
	</object>
	<object>
		<name>dish</name>
		<bndbox>
			<xmin>1017</xmin>
			<ymin>194</ymin>
			<xmax>2514</xmax>
			<ymax>1255</ymax>
		</bndbox>
	</object>
	<object>
		<name>회냉면</name>
		<bndbox>
			<xmin>1236</xmin>
			<ymin>445</ymin>
			<xmax>2266</xmax>
			<ymax>1044</ymax>
		</bndbox>
	</object>
</annotation>