<annotation>
	<folder>side비빔면류냉면기회냉면q2</folder>
	<filename>side_비빔면류_냉면기_회냉면_Q2_00003.JPG</filename>
	<path>/side비빔면류냉면기회냉면q2/side_비빔면류_냉면기_회냉면_Q2_00003.JPG</path>
	<source>
		<database>fooddata</database>
	</source>
	<size>
		<width>3008</width>
		<height>2000</height>
		<depth>3</depth>
	</size>
	<object>
		<name>ref_spoon</name>
		<bndbox>
			<xmin>2245</xmin>
			<ymin>574</ymin>
			<xmax>2547</xmax>
			<ymax>942</ymax>
		</bndbox>
	</object>
	<object>
		<name>ref_fork</name>
		<bndbox>
			<xmin>2653</xmin>
			<ymin>596</ymin>
			<xmax>2875</xmax>
			<ymax>1004</ymax>
		</bndbox>
	</object>
	<object>
		<name>ref_coin</name>
		<bndbox>
			<xmin>958</xmin>
			<ymin>1732</ymin>
			<xmax>1216</xmax>
			<ymax>1918</ymax>
		</bndbox>
	</object>
	<object>
		<name>dish</name>
		<bndbox>
			<xmin>528</xmin>
			<ymin>272</ymin>
			<xmax>2130</xmax>
			<ymax>1426</ymax>
		</bndbox>
	</object>
	<object>
		<name>회냉면</name>
		<bndbox>
			<xmin>922</xmin>
			<ymin>651</ymin>
			<xmax>1790</xmax>
			<ymax>1205</ymax>
		</bndbox>
	</object>
</annotation>