<annotation>
	<folder>side비빔면류냉면기회냉면q2</folder>
	<filename>side_비빔면류_냉면기_회냉면_Q2_00047.JPG</filename>
	<path>/side비빔면류냉면기회냉면q2/side_비빔면류_냉면기_회냉면_Q2_00047.JPG</path>
	<source>
		<database>fooddata</database>
	</source>
	<size>
		<width>3008</width>
		<height>2000</height>
		<depth>3</depth>
	</size>
	<object>
		<name>ref_spoon</name>
		<bndbox>
			<xmin>80</xmin>
			<ymin>902</ymin>
			<xmax>382</xmax>
			<ymax>1275</ymax>
		</bndbox>
	</object>
	<object>
		<name>ref_fork</name>
		<bndbox>
			<xmin>430</xmin>
			<ymin>880</ymin>
			<xmax>648</xmax>
			<ymax>1306</ymax>
		</bndbox>
	</object>
	<object>
		<name>ref_coin</name>
		<bndbox>
			<xmin>2413</xmin>
			<ymin>1501</ymin>
			<xmax>2643</xmax>
			<ymax>1665</ymax>
		</bndbox>
	</object>
	<object>
		<name>dish</name>
		<bndbox>
			<xmin>969</xmin>
			<ymin>279</ymin>
			<xmax>2451</xmax>
			<ymax>1333</ymax>
		</bndbox>
	</object>
	<object>
		<name>회냉면</name>
		<bndbox>
			<xmin>1148</xmin>
			<ymin>622</ymin>
			<xmax>2206</xmax>
			<ymax>1122</ymax>
		</bndbox>
	</object>
</annotation>