<annotation>
	<folder>side비빔면류냉면기회냉면q2</folder>
	<filename>side_비빔면류_냉면기_회냉면_Q2_00031.JPG</filename>
	<path>/side비빔면류냉면기회냉면q2/side_비빔면류_냉면기_회냉면_Q2_00031.JPG</path>
	<source>
		<database>fooddata</database>
	</source>
	<size>
		<width>3008</width>
		<height>2000</height>
		<depth>3</depth>
	</size>
	<object>
		<name>ref_spoon</name>
		<bndbox>
			<xmin>639</xmin>
			<ymin>1497</ymin>
			<xmax>1100</xmax>
			<ymax>1736</ymax>
		</bndbox>
	</object>
	<object>
		<name>ref_fork</name>
		<bndbox>
			<xmin>670</xmin>
			<ymin>1262</ymin>
			<xmax>1167</xmax>
			<ymax>1492</ymax>
		</bndbox>
	</object>
	<object>
		<name>ref_coin</name>
		<bndbox>
			<xmin>1784</xmin>
			<ymin>1759</ymin>
			<xmax>2028</xmax>
			<ymax>1936</ymax>
		</bndbox>
	</object>
	<object>
		<name>dish</name>
		<bndbox>
			<xmin>830</xmin>
			<ymin>113</ymin>
			<xmax>2258</xmax>
			<ymax>1129</ymax>
		</bndbox>
	</object>
	<object>
		<name>회냉면</name>
		<bndbox>
			<xmin>1006</xmin>
			<ymin>525</ymin>
			<xmax>2044</xmax>
			<ymax>924</ymax>
		</bndbox>
	</object>
</annotation>