<annotation>
	<folder>side비빔면류냉면기회냉면q2</folder>
	<filename>side_비빔면류_냉면기_회냉면_Q2_00055.JPG</filename>
	<path>/side비빔면류냉면기회냉면q2/side_비빔면류_냉면기_회냉면_Q2_00055.JPG</path>
	<source>
		<database>fooddata</database>
	</source>
	<size>
		<width>3008</width>
		<height>2000</height>
		<depth>3</depth>
	</size>
	<object>
		<name>ref_spoon</name>
		<bndbox>
			<xmin>226</xmin>
			<ymin>911</ymin>
			<xmax>506</xmax>
			<ymax>1266</ymax>
		</bndbox>
	</object>
	<object>
		<name>ref_fork</name>
		<bndbox>
			<xmin>555</xmin>
			<ymin>894</ymin>
			<xmax>745</xmax>
			<ymax>1288</ymax>
		</bndbox>
	</object>
	<object>
		<name>ref_coin</name>
		<bndbox>
			<xmin>2343</xmin>
			<ymin>1488</ymin>
			<xmax>2560</xmax>
			<ymax>1639</ymax>
		</bndbox>
	</object>
	<object>
		<name>dish</name>
		<bndbox>
			<xmin>1035</xmin>
			<ymin>349</ymin>
			<xmax>2411</xmax>
			<ymax>1333</ymax>
		</bndbox>
	</object>
	<object>
		<name>회냉면</name>
		<bndbox>
			<xmin>1177</xmin>
			<ymin>766</ymin>
			<xmax>2188</xmax>
			<ymax>1138</ymax>
		</bndbox>
	</object>
</annotation>