<annotation>
	<folder>top비빔면류냉면기회냉면q2</folder>
	<filename>top_비빔면류_냉면기_회냉면_Q2_00030.JPG</filename>
	<path>/top비빔면류냉면기회냉면q2/top_비빔면류_냉면기_회냉면_Q2_00030.JPG</path>
	<source>
		<database>fooddata</database>
	</source>
	<size>
		<width>3008</width>
		<height>2000</height>
		<depth>3</depth>
	</size>
	<object>
		<name>ref_spoon</name>
		<bndbox>
			<xmin>1031</xmin>
			<ymin>1628</ymin>
			<xmax>1392</xmax>
			<ymax>1887</ymax>
		</bndbox>
	</object>
	<object>
		<name>ref_fork</name>
		<bndbox>
			<xmin>1067</xmin>
			<ymin>1368</ymin>
			<xmax>1407</xmax>
			<ymax>1541</ymax>
		</bndbox>
	</object>
	<object>
		<name>ref_coin</name>
		<bndbox>
			<xmin>615</xmin>
			<ymin>962</ymin>
			<xmax>793</xmax>
			<ymax>1140</ymax>
		</bndbox>
	</object>
	<object>
		<name>dish</name>
		<bndbox>
			<xmin>1138</xmin>
			<ymin>83</ymin>
			<xmax>2322</xmax>
			<ymax>1257</ymax>
		</bndbox>
	</object>
	<object>
		<name>회냉면</name>
		<bndbox>
			<xmin>1362</xmin>
			<ymin>408</ymin>
			<xmax>2063</xmax>
			<ymax>1018</ymax>
		</bndbox>
	</object>
</annotation>