<annotation>
	<folder>top비빔면류냉면기회냉면q2</folder>
	<filename>top_비빔면류_냉면기_회냉면_Q2_00007.JPG</filename>
	<path>/top비빔면류냉면기회냉면q2/top_비빔면류_냉면기_회냉면_Q2_00007.JPG</path>
	<source>
		<database>fooddata</database>
	</source>
	<size>
		<width>3008</width>
		<height>2000</height>
		<depth>3</depth>
	</size>
	<object>
		<name>ref_spoon</name>
		<bndbox>
			<xmin>2139</xmin>
			<ymin>251</ymin>
			<xmax>2403</xmax>
			<ymax>677</ymax>
		</bndbox>
	</object>
	<object>
		<name>ref_fork</name>
		<bndbox>
			<xmin>2530</xmin>
			<ymin>251</ymin>
			<xmax>2723</xmax>
			<ymax>693</ymax>
		</bndbox>
	</object>
	<object>
		<name>ref_coin</name>
		<bndbox>
			<xmin>249</xmin>
			<ymin>1429</ymin>
			<xmax>467</xmax>
			<ymax>1638</ymax>
		</bndbox>
	</object>
	<object>
		<name>dish</name>
		<bndbox>
			<xmin>594</xmin>
			<ymin>179</ymin>
			<xmax>2170</xmax>
			<ymax>1719</ymax>
		</bndbox>
	</object>
	<object>
		<name>회냉면</name>
		<bndbox>
			<xmin>925</xmin>
			<ymin>576</ymin>
			<xmax>1799</xmax>
			<ymax>1475</ymax>
		</bndbox>
	</object>
</annotation>