<annotation>
	<folder>top비빔면류냉면기회냉면q2</folder>
	<filename>top_비빔면류_냉면기_회냉면_Q2_00006.JPG</filename>
	<path>/top비빔면류냉면기회냉면q2/top_비빔면류_냉면기_회냉면_Q2_00006.JPG</path>
	<source>
		<database>fooddata</database>
	</source>
	<size>
		<width>3008</width>
		<height>2000</height>
		<depth>3</depth>
	</size>
	<object>
		<name>ref_spoon</name>
		<bndbox>
			<xmin>2170</xmin>
			<ymin>235</ymin>
			<xmax>2419</xmax>
			<ymax>647</ymax>
		</bndbox>
	</object>
	<object>
		<name>ref_fork</name>
		<bndbox>
			<xmin>2561</xmin>
			<ymin>225</ymin>
			<xmax>2744</xmax>
			<ymax>632</ymax>
		</bndbox>
	</object>
	<object>
		<name>ref_coin</name>
		<bndbox>
			<xmin>620</xmin>
			<ymin>1572</ymin>
			<xmax>823</xmax>
			<ymax>1780</ymax>
		</bndbox>
	</object>
	<object>
		<name>dish</name>
		<bndbox>
			<xmin>681</xmin>
			<ymin>174</ymin>
			<xmax>2236</xmax>
			<ymax>1709</ymax>
		</bndbox>
	</object>
	<object>
		<name>회냉면</name>
		<bndbox>
			<xmin>1042</xmin>
			<ymin>571</ymin>
			<xmax>1855</xmax>
			<ymax>1490</ymax>
		</bndbox>
	</object>
</annotation>