<annotation>
	<folder>top비빔면류냉면기회냉면q2</folder>
	<filename>top_비빔면류_냉면기_회냉면_Q2_00024.JPG</filename>
	<path>/top비빔면류냉면기회냉면q2/top_비빔면류_냉면기_회냉면_Q2_00024.JPG</path>
	<source>
		<database>fooddata</database>
	</source>
	<size>
		<width>3008</width>
		<height>2000</height>
		<depth>3</depth>
	</size>
	<object>
		<name>ref_spoon</name>
		<bndbox>
			<xmin>1118</xmin>
			<ymin>1699</ymin>
			<xmax>1484</xmax>
			<ymax>1963</ymax>
		</bndbox>
	</object>
	<object>
		<name>ref_fork</name>
		<bndbox>
			<xmin>1174</xmin>
			<ymin>1445</ymin>
			<xmax>1534</xmax>
			<ymax>1628</ymax>
		</bndbox>
	</object>
	<object>
		<name>ref_coin</name>
		<bndbox>
			<xmin>2256</xmin>
			<ymin>317</ymin>
			<xmax>2408</xmax>
			<ymax>464</ymax>
		</bndbox>
	</object>
	<object>
		<name>dish</name>
		<bndbox>
			<xmin>1006</xmin>
			<ymin>174</ymin>
			<xmax>2236</xmax>
			<ymax>1333</ymax>
		</bndbox>
	</object>
	<object>
		<name>회냉면</name>
		<bndbox>
			<xmin>1219</xmin>
			<ymin>520</ymin>
			<xmax>1921</xmax>
			<ymax>1155</ymax>
		</bndbox>
	</object>
</annotation>