<annotation>
	<folder>top비빔면류냉면기회냉면q2</folder>
	<filename>top_비빔면류_냉면기_회냉면_Q2_00016.JPG</filename>
	<path>/top비빔면류냉면기회냉면q2/top_비빔면류_냉면기_회냉면_Q2_00016.JPG</path>
	<source>
		<database>fooddata</database>
	</source>
	<size>
		<width>3008</width>
		<height>2000</height>
		<depth>3</depth>
	</size>
	<object>
		<name>ref_spoon</name>
		<bndbox>
			<xmin>2226</xmin>
			<ymin>312</ymin>
			<xmax>2469</xmax>
			<ymax>693</ymax>
		</bndbox>
	</object>
	<object>
		<name>ref_fork</name>
		<bndbox>
			<xmin>2612</xmin>
			<ymin>301</ymin>
			<xmax>2810</xmax>
			<ymax>743</ymax>
		</bndbox>
	</object>
	<object>
		<name>ref_coin</name>
		<bndbox>
			<xmin>1900</xmin>
			<ymin>962</ymin>
			<xmax>2104</xmax>
			<ymax>1160</ymax>
		</bndbox>
	</object>
	<object>
		<name>dish</name>
		<bndbox>
			<xmin>173</xmin>
			<ymin>32</ymin>
			<xmax>1794</xmax>
			<ymax>1567</ymax>
		</bndbox>
	</object>
	<object>
		<name>회냉면</name>
		<bndbox>
			<xmin>615</xmin>
			<ymin>327</ymin>
			<xmax>1433</xmax>
			<ymax>1257</ymax>
		</bndbox>
	</object>
</annotation>