<annotation>
	<folder>side어육류면적접시돼지갈비q4</folder>
	<filename>side_어육류면적_접시_돼지갈비_Q4_00035.JPG</filename>
	<path>/side어육류면적접시돼지갈비q4/side_어육류면적_접시_돼지갈비_Q4_00035.JPG</path>
	<source>
		<database>fooddata</database>
	</source>
	<size>
		<width>5472</width>
		<height>3648</height>
		<depth>3</depth>
	</size>
	<object>
		<name>ref_spoon</name>
		<bndbox>
			<xmin>1360</xmin>
			<ymin>2935</ymin>
			<xmax>2351</xmax>
			<ymax>3402</ymax>
		</bndbox>
	</object>
	<object>
		<name>ref_fork</name>
		<bndbox>
			<xmin>1526</xmin>
			<ymin>2563</ymin>
			<xmax>2584</xmax>
			<ymax>2918</ymax>
		</bndbox>
	</object>
	<object>
		<name>ref_coin</name>
		<bndbox>
			<xmin>1351</xmin>
			<ymin>645</ymin>
			<xmax>1665</xmax>
			<ymax>883</ymax>
		</bndbox>
	</object>
	<object>
		<name>dish</name>
		<bndbox>
			<xmin>1073</xmin>
			<ymin>722</ymin>
			<xmax>4385</xmax>
			<ymax>2245</ymax>
		</bndbox>
	</object>
	<object>
		<name>돼지갈비</name>
		<bndbox>
			<xmin>1320</xmin>
			<ymin>1098</ymin>
			<xmax>4054</xmax>
			<ymax>2178</ymax>
		</bndbox>
	</object>
</annotation>