<annotation>
	<folder>side어육류면적접시돼지갈비q4</folder>
	<filename>side_어육류면적_접시_돼지갈비_Q4_00027.JPG</filename>
	<path>/side어육류면적접시돼지갈비q4/side_어육류면적_접시_돼지갈비_Q4_00027.JPG</path>
	<source>
		<database>fooddata</database>
	</source>
	<size>
		<width>5472</width>
		<height>3648</height>
		<depth>3</depth>
	</size>
	<object>
		<name>ref_spoon</name>
		<bndbox>
			<xmin>1396</xmin>
			<ymin>2590</ymin>
			<xmax>2427</xmax>
			<ymax>3061</ymax>
		</bndbox>
	</object>
	<object>
		<name>ref_fork</name>
		<bndbox>
			<xmin>1575</xmin>
			<ymin>2214</ymin>
			<xmax>2646</xmax>
			<ymax>2590</ymax>
		</bndbox>
	</object>
	<object>
		<name>ref_coin</name>
		<bndbox>
			<xmin>4600</xmin>
			<ymin>1358</ymin>
			<xmax>4963</xmax>
			<ymax>1631</ymax>
		</bndbox>
	</object>
	<object>
		<name>dish</name>
		<bndbox>
			<xmin>1154</xmin>
			<ymin>421</ymin>
			<xmax>4538</xmax>
			<ymax>1941</ymax>
		</bndbox>
	</object>
	<object>
		<name>돼지갈비</name>
		<bndbox>
			<xmin>1598</xmin>
			<ymin>659</ymin>
			<xmax>4166</xmax>
			<ymax>1864</ymax>
		</bndbox>
	</object>
</annotation>