<annotation>
	<folder>side어육류면적접시돼지갈비q4</folder>
	<filename>side_어육류면적_접시_돼지갈비_Q4_00028.JPG</filename>
	<path>/side어육류면적접시돼지갈비q4/side_어육류면적_접시_돼지갈비_Q4_00028.JPG</path>
	<source>
		<database>fooddata</database>
	</source>
	<size>
		<width>5472</width>
		<height>3648</height>
		<depth>3</depth>
	</size>
	<object>
		<name>ref_spoon</name>
		<bndbox>
			<xmin>1235</xmin>
			<ymin>2792</ymin>
			<xmax>2274</xmax>
			<ymax>3294</ymax>
		</bndbox>
	</object>
	<object>
		<name>ref_fork</name>
		<bndbox>
			<xmin>1427</xmin>
			<ymin>2425</ymin>
			<xmax>2507</xmax>
			<ymax>2828</ymax>
		</bndbox>
	</object>
	<object>
		<name>ref_coin</name>
		<bndbox>
			<xmin>4596</xmin>
			<ymin>1268</ymin>
			<xmax>4954</xmax>
			<ymax>1533</ymax>
		</bndbox>
	</object>
	<object>
		<name>dish</name>
		<bndbox>
			<xmin>1046</xmin>
			<ymin>695</ymin>
			<xmax>4475</xmax>
			<ymax>2183</ymax>
		</bndbox>
	</object>
	<object>
		<name>돼지갈비</name>
		<bndbox>
			<xmin>1490</xmin>
			<ymin>928</ymin>
			<xmax>4089</xmax>
			<ymax>2111</ymax>
		</bndbox>
	</object>
</annotation>