<annotation>
	<folder>side어육류면적접시돼지갈비q4</folder>
	<filename>side_어육류면적_접시_돼지갈비_Q4_00013.JPG</filename>
	<path>/side어육류면적접시돼지갈비q4/side_어육류면적_접시_돼지갈비_Q4_00013.JPG</path>
	<source>
		<database>fooddata</database>
	</source>
	<size>
		<width>5472</width>
		<height>3648</height>
		<depth>3</depth>
	</size>
	<object>
		<name>ref_spoon</name>
		<bndbox>
			<xmin>845</xmin>
			<ymin>932</ymin>
			<xmax>1302</xmax>
			<ymax>1672</ymax>
		</bndbox>
	</object>
	<object>
		<name>ref_fork</name>
		<bndbox>
			<xmin>1396</xmin>
			<ymin>946</ymin>
			<xmax>1701</xmax>
			<ymax>1761</ymax>
		</bndbox>
	</object>
	<object>
		<name>ref_coin</name>
		<bndbox>
			<xmin>2893</xmin>
			<ymin>2859</ymin>
			<xmax>3260</xmax>
			<ymax>3173</ymax>
		</bndbox>
	</object>
	<object>
		<name>dish</name>
		<bndbox>
			<xmin>1790</xmin>
			<ymin>1044</ymin>
			<xmax>5048</xmax>
			<ymax>2622</ymax>
		</bndbox>
	</object>
	<object>
		<name>돼지갈비</name>
		<bndbox>
			<xmin>2131</xmin>
			<ymin>1246</ymin>
			<xmax>4721</xmax>
			<ymax>2510</ymax>
		</bndbox>
	</object>
</annotation>