<annotation>
	<folder>side어육류면적접시돼지갈비q4</folder>
	<filename>side_어육류면적_접시_돼지갈비_Q4_00060.JPG</filename>
	<path>/side어육류면적접시돼지갈비q4/side_어육류면적_접시_돼지갈비_Q4_00060.JPG</path>
	<source>
		<database>fooddata</database>
	</source>
	<size>
		<width>5472</width>
		<height>3648</height>
		<depth>3</depth>
	</size>
	<object>
		<name>ref_spoon</name>
		<bndbox>
			<xmin>1163</xmin>
			<ymin>2855</ymin>
			<xmax>2270</xmax>
			<ymax>3343</ymax>
		</bndbox>
	</object>
	<object>
		<name>ref_fork</name>
		<bndbox>
			<xmin>1342</xmin>
			<ymin>2487</ymin>
			<xmax>2395</xmax>
			<ymax>2864</ymax>
		</bndbox>
	</object>
	<object>
		<name>ref_coin</name>
		<bndbox>
			<xmin>2808</xmin>
			<ymin>399</ymin>
			<xmax>3135</xmax>
			<ymax>632</ymax>
		</bndbox>
	</object>
	<object>
		<name>dish</name>
		<bndbox>
			<xmin>903</xmin>
			<ymin>668</ymin>
			<xmax>4269</xmax>
			<ymax>2205</ymax>
		</bndbox>
	</object>
	<object>
		<name>돼지갈비</name>
		<bndbox>
			<xmin>1320</xmin>
			<ymin>981</ymin>
			<xmax>3717</xmax>
			<ymax>2093</ymax>
		</bndbox>
	</object>
</annotation>