<annotation>
	<folder>side어육류면적접시돼지갈비q4</folder>
	<filename>side_어육류면적_접시_돼지갈비_Q4_00045.JPG</filename>
	<path>/side어육류면적접시돼지갈비q4/side_어육류면적_접시_돼지갈비_Q4_00045.JPG</path>
	<source>
		<database>fooddata</database>
	</source>
	<size>
		<width>5472</width>
		<height>3648</height>
		<depth>3</depth>
	</size>
	<object>
		<name>ref_spoon</name>
		<bndbox>
			<xmin>1755</xmin>
			<ymin>2989</ymin>
			<xmax>2776</xmax>
			<ymax>3442</ymax>
		</bndbox>
	</object>
	<object>
		<name>ref_fork</name>
		<bndbox>
			<xmin>1893</xmin>
			<ymin>2644</ymin>
			<xmax>2951</xmax>
			<ymax>2971</ymax>
		</bndbox>
	</object>
	<object>
		<name>ref_coin</name>
		<bndbox>
			<xmin>4036</xmin>
			<ymin>641</ymin>
			<xmax>4349</xmax>
			<ymax>883</ymax>
		</bndbox>
	</object>
	<object>
		<name>dish</name>
		<bndbox>
			<xmin>1445</xmin>
			<ymin>825</ymin>
			<xmax>4636</xmax>
			<ymax>2326</ymax>
		</bndbox>
	</object>
	<object>
		<name>돼지갈비</name>
		<bndbox>
			<xmin>1804</xmin>
			<ymin>1004</ymin>
			<xmax>4179</xmax>
			<ymax>2241</ymax>
		</bndbox>
	</object>
</annotation>