<annotation>
	<folder>side어육류면적접시돼지갈비q4</folder>
	<filename>side_어육류면적_접시_돼지갈비_Q4_00020.JPG</filename>
	<path>/side어육류면적접시돼지갈비q4/side_어육류면적_접시_돼지갈비_Q4_00020.JPG</path>
	<source>
		<database>fooddata</database>
	</source>
	<size>
		<width>5472</width>
		<height>3648</height>
		<depth>3</depth>
	</size>
	<object>
		<name>ref_spoon</name>
		<bndbox>
			<xmin>450</xmin>
			<ymin>1174</ymin>
			<xmax>925</xmax>
			<ymax>1972</ymax>
		</bndbox>
	</object>
	<object>
		<name>ref_fork</name>
		<bndbox>
			<xmin>1037</xmin>
			<ymin>1179</ymin>
			<xmax>1360</xmax>
			<ymax>2017</ymax>
		</bndbox>
	</object>
	<object>
		<name>ref_coin</name>
		<bndbox>
			<xmin>4771</xmin>
			<ymin>2680</ymin>
			<xmax>5152</xmax>
			<ymax>2994</ymax>
		</bndbox>
	</object>
	<object>
		<name>dish</name>
		<bndbox>
			<xmin>1239</xmin>
			<ymin>1241</ymin>
			<xmax>4533</xmax>
			<ymax>3128</ymax>
		</bndbox>
	</object>
	<object>
		<name>돼지갈비</name>
		<bndbox>
			<xmin>1660</xmin>
			<ymin>1551</ymin>
			<xmax>4112</xmax>
			<ymax>3003</ymax>
		</bndbox>
	</object>
</annotation>