<annotation>
	<folder>side어육류면적접시돼지갈비q4</folder>
	<filename>side_어육류면적_접시_돼지갈비_Q4_00050.JPG</filename>
	<path>/side어육류면적접시돼지갈비q4/side_어육류면적_접시_돼지갈비_Q4_00050.JPG</path>
	<source>
		<database>fooddata</database>
	</source>
	<size>
		<width>5472</width>
		<height>3648</height>
		<depth>3</depth>
	</size>
	<object>
		<name>ref_spoon</name>
		<bndbox>
			<xmin>1495</xmin>
			<ymin>2971</ymin>
			<xmax>2498</xmax>
			<ymax>3424</ymax>
		</bndbox>
	</object>
	<object>
		<name>ref_fork</name>
		<bndbox>
			<xmin>1656</xmin>
			<ymin>2608</ymin>
			<xmax>2678</xmax>
			<ymax>2958</ymax>
		</bndbox>
	</object>
	<object>
		<name>ref_coin</name>
		<bndbox>
			<xmin>4726</xmin>
			<ymin>1322</ymin>
			<xmax>5071</xmax>
			<ymax>1578</ymax>
		</bndbox>
	</object>
	<object>
		<name>dish</name>
		<bndbox>
			<xmin>1221</xmin>
			<ymin>825</ymin>
			<xmax>4484</xmax>
			<ymax>2312</ymax>
		</bndbox>
	</object>
	<object>
		<name>돼지갈비</name>
		<bndbox>
			<xmin>1620</xmin>
			<ymin>1228</ymin>
			<xmax>3991</xmax>
			<ymax>2196</ymax>
		</bndbox>
	</object>
</annotation>