<annotation>
	<folder>side어육류면적접시돼지갈비q4</folder>
	<filename>side_어육류면적_접시_돼지갈비_Q4_00005.JPG</filename>
	<path>/side어육류면적접시돼지갈비q4/side_어육류면적_접시_돼지갈비_Q4_00005.JPG</path>
	<source>
		<database>fooddata</database>
	</source>
	<size>
		<width>5472</width>
		<height>3648</height>
		<depth>3</depth>
	</size>
	<object>
		<name>ref_spoon</name>
		<bndbox>
			<xmin>3583</xmin>
			<ymin>847</ymin>
			<xmax>4027</xmax>
			<ymax>1600</ymax>
		</bndbox>
	</object>
	<object>
		<name>ref_fork</name>
		<bndbox>
			<xmin>4251</xmin>
			<ymin>919</ymin>
			<xmax>4556</xmax>
			<ymax>1739</ymax>
		</bndbox>
	</object>
	<object>
		<name>ref_coin</name>
		<bndbox>
			<xmin>966</xmin>
			<ymin>2245</ymin>
			<xmax>1320</xmax>
			<ymax>2523</ymax>
		</bndbox>
	</object>
	<object>
		<name>dish</name>
		<bndbox>
			<xmin>1365</xmin>
			<ymin>538</ymin>
			<xmax>3426</xmax>
			<ymax>2832</ymax>
		</bndbox>
	</object>
	<object>
		<name>돼지갈비</name>
		<bndbox>
			<xmin>1566</xmin>
			<ymin>834</ymin>
			<xmax>3238</xmax>
			<ymax>2644</ymax>
		</bndbox>
	</object>
</annotation>