<annotation>
	<folder>side어육류면적접시돼지갈비q4</folder>
	<filename>side_어육류면적_접시_돼지갈비_Q4_00030.JPG</filename>
	<path>/side어육류면적접시돼지갈비q4/side_어육류면적_접시_돼지갈비_Q4_00030.JPG</path>
	<source>
		<database>fooddata</database>
	</source>
	<size>
		<width>5472</width>
		<height>3648</height>
		<depth>3</depth>
	</size>
	<object>
		<name>ref_spoon</name>
		<bndbox>
			<xmin>1351</xmin>
			<ymin>2998</ymin>
			<xmax>2373</xmax>
			<ymax>3464</ymax>
		</bndbox>
	</object>
	<object>
		<name>ref_fork</name>
		<bndbox>
			<xmin>1517</xmin>
			<ymin>2631</ymin>
			<xmax>2602</xmax>
			<ymax>2985</ymax>
		</bndbox>
	</object>
	<object>
		<name>ref_coin</name>
		<bndbox>
			<xmin>3368</xmin>
			<ymin>417</ymin>
			<xmax>3682</xmax>
			<ymax>650</ymax>
		</bndbox>
	</object>
	<object>
		<name>dish</name>
		<bndbox>
			<xmin>1069</xmin>
			<ymin>789</ymin>
			<xmax>4376</xmax>
			<ymax>2317</ymax>
		</bndbox>
	</object>
	<object>
		<name>돼지갈비</name>
		<bndbox>
			<xmin>1526</xmin>
			<ymin>1156</ymin>
			<xmax>4072</xmax>
			<ymax>2236</ymax>
		</bndbox>
	</object>
</annotation>