<annotation>
	<folder>my-project-name</folder>
	<filename>top_어육류면적_접시_돼지갈비_Q4_00051.JPG</filename>
	<path>/top어육류면적접시돼지갈비q4/top_어육류면적_접시_돼지갈비_Q4_00051.JPG</path>
	<source>
		<database>fooddata</database>
	</source>
	<size>
		<width>720</width>
		<height>480</height>
		<depth>3</depth>
	</size>
	<object>
		<name>ref_spoon</name>
		<bndbox>
			<xmin>183</xmin>
			<ymin>379</ymin>
			<xmax>288</xmax>
			<ymax>446</ymax>
		</bndbox>
	</object>
	<object>
		<name>ref_fork</name>
		<bndbox>
			<xmin>195</xmin>
			<ymin>324</ymin>
			<xmax>303</xmax>
			<ymax>369</ymax>
		</bndbox>
	</object>
	<object>
		<name>ref_coin</name>
		<bndbox>
			<xmin>605</xmin>
			<ymin>136</ymin>
			<xmax>649</xmax>
			<ymax>178</ymax>
		</bndbox>
	</object>
	<object>
		<name>dish</name>
		<bndbox>
			<xmin>128</xmin>
			<ymin>36</ymin>
			<xmax>582</xmax>
			<ymax>301</ymax>
		</bndbox>
	</object>
	<object>
		<name>돼지갈비</name>
		<bndbox>
			<xmin>183</xmin>
			<ymin>79</ymin>
			<xmax>514</xmax>
			<ymax>265</ymax>
		</bndbox>
	</object>
</annotation>