<annotation>
	<folder>my-project-name</folder>
	<filename>top_어육류면적_접시_돼지갈비_Q4_00017.JPG</filename>
	<path>/top어육류면적접시돼지갈비q4/top_어육류면적_접시_돼지갈비_Q4_00017.JPG</path>
	<source>
		<database>fooddata</database>
	</source>
	<size>
		<width>720</width>
		<height>480</height>
		<depth>3</depth>
	</size>
	<object>
		<name>ref_spoon</name>
		<bndbox>
			<xmin>68</xmin>
			<ymin>69</ymin>
			<xmax>132</xmax>
			<ymax>170</ymax>
		</bndbox>
	</object>
	<object>
		<name>ref_fork</name>
		<bndbox>
			<xmin>166</xmin>
			<ymin>86</ymin>
			<xmax>210</xmax>
			<ymax>195</ymax>
		</bndbox>
	</object>
	<object>
		<name>ref_coin</name>
		<bndbox>
			<xmin>326</xmin>
			<ymin>380</ymin>
			<xmax>371</xmax>
			<ymax>428</ymax>
		</bndbox>
	</object>
	<object>
		<name>dish</name>
		<bndbox>
			<xmin>227</xmin>
			<ymin>51</ymin>
			<xmax>639</xmax>
			<ymax>415</ymax>
		</bndbox>
	</object>
	<object>
		<name>돼지갈비</name>
		<bndbox>
			<xmin>287</xmin>
			<ymin>89</ymin>
			<xmax>585</xmax>
			<ymax>384</ymax>
		</bndbox>
	</object>
</annotation>