<annotation>
	<folder>my-project-name</folder>
	<filename>top_어육류면적_접시_돼지갈비_Q4_00021.JPG</filename>
	<path>/top어육류면적접시돼지갈비q4/top_어육류면적_접시_돼지갈비_Q4_00021.JPG</path>
	<source>
		<database>fooddata</database>
	</source>
	<size>
		<width>720</width>
		<height>480</height>
		<depth>3</depth>
	</size>
	<object>
		<name>ref_spoon</name>
		<bndbox>
			<xmin>106</xmin>
			<ymin>56</ymin>
			<xmax>163</xmax>
			<ymax>146</ymax>
		</bndbox>
	</object>
	<object>
		<name>ref_fork</name>
		<bndbox>
			<xmin>190</xmin>
			<ymin>75</ymin>
			<xmax>232</xmax>
			<ymax>179</ymax>
		</bndbox>
	</object>
	<object>
		<name>ref_coin</name>
		<bndbox>
			<xmin>506</xmin>
			<ymin>276</ymin>
			<xmax>548</xmax>
			<ymax>318</ymax>
		</bndbox>
	</object>
	<object>
		<name>dish</name>
		<bndbox>
			<xmin>228</xmin>
			<ymin>32</ymin>
			<xmax>511</xmax>
			<ymax>430</ymax>
		</bndbox>
	</object>
	<object>
		<name>돼지갈비</name>
		<bndbox>
			<xmin>250</xmin>
			<ymin>96</ymin>
			<xmax>488</xmax>
			<ymax>380</ymax>
		</bndbox>
	</object>
</annotation>