<annotation>
	<folder>my-project-name</folder>
	<filename>top_어육류면적_접시_돼지갈비_Q4_00028.JPG</filename>
	<path>/top어육류면적접시돼지갈비q4/top_어육류면적_접시_돼지갈비_Q4_00028.JPG</path>
	<source>
		<database>fooddata</database>
	</source>
	<size>
		<width>720</width>
		<height>480</height>
		<depth>3</depth>
	</size>
	<object>
		<name>ref_spoon</name>
		<bndbox>
			<xmin>198</xmin>
			<ymin>367</ymin>
			<xmax>293</xmax>
			<ymax>428</ymax>
		</bndbox>
	</object>
	<object>
		<name>ref_fork</name>
		<bndbox>
			<xmin>214</xmin>
			<ymin>324</ymin>
			<xmax>314</xmax>
			<ymax>363</ymax>
		</bndbox>
	</object>
	<object>
		<name>ref_coin</name>
		<bndbox>
			<xmin>415</xmin>
			<ymin>276</ymin>
			<xmax>455</xmax>
			<ymax>316</ymax>
		</bndbox>
	</object>
	<object>
		<name>dish</name>
		<bndbox>
			<xmin>194</xmin>
			<ymin>37</ymin>
			<xmax>596</xmax>
			<ymax>268</ymax>
		</bndbox>
	</object>
	<object>
		<name>돼지갈비</name>
		<bndbox>
			<xmin>247</xmin>
			<ymin>57</ymin>
			<xmax>527</xmax>
			<ymax>237</ymax>
		</bndbox>
	</object>
</annotation>