<annotation>
	<folder>my-project-name</folder>
	<filename>top_어육류면적_접시_돼지갈비_Q4_00027.JPG</filename>
	<path>/top어육류면적접시돼지갈비q4/top_어육류면적_접시_돼지갈비_Q4_00027.JPG</path>
	<source>
		<database>fooddata</database>
	</source>
	<size>
		<width>720</width>
		<height>480</height>
		<depth>3</depth>
	</size>
	<object>
		<name>ref_spoon</name>
		<bndbox>
			<xmin>204</xmin>
			<ymin>365</ymin>
			<xmax>298</xmax>
			<ymax>426</ymax>
		</bndbox>
	</object>
	<object>
		<name>ref_fork</name>
		<bndbox>
			<xmin>219</xmin>
			<ymin>320</ymin>
			<xmax>320</xmax>
			<ymax>360</ymax>
		</bndbox>
	</object>
	<object>
		<name>ref_coin</name>
		<bndbox>
			<xmin>375</xmin>
			<ymin>274</ymin>
			<xmax>416</xmax>
			<ymax>314</ymax>
		</bndbox>
	</object>
	<object>
		<name>dish</name>
		<bndbox>
			<xmin>196</xmin>
			<ymin>31</ymin>
			<xmax>599</xmax>
			<ymax>264</ymax>
		</bndbox>
	</object>
	<object>
		<name>돼지갈비</name>
		<bndbox>
			<xmin>256</xmin>
			<ymin>51</ymin>
			<xmax>532</xmax>
			<ymax>231</ymax>
		</bndbox>
	</object>
</annotation>