<annotation>
	<folder>my-project-name</folder>
	<filename>top_어육류면적_접시_돼지갈비_Q4_00054.JPG</filename>
	<path>/top어육류면적접시돼지갈비q4/top_어육류면적_접시_돼지갈비_Q4_00054.JPG</path>
	<source>
		<database>fooddata</database>
	</source>
	<size>
		<width>720</width>
		<height>480</height>
		<depth>3</depth>
	</size>
	<object>
		<name>ref_spoon</name>
		<bndbox>
			<xmin>214</xmin>
			<ymin>362</ymin>
			<xmax>317</xmax>
			<ymax>429</ymax>
		</bndbox>
	</object>
	<object>
		<name>ref_fork</name>
		<bndbox>
			<xmin>225</xmin>
			<ymin>309</ymin>
			<xmax>335</xmax>
			<ymax>353</ymax>
		</bndbox>
	</object>
	<object>
		<name>ref_coin</name>
		<bndbox>
			<xmin>573</xmin>
			<ymin>260</ymin>
			<xmax>619</xmax>
			<ymax>305</ymax>
		</bndbox>
	</object>
	<object>
		<name>dish</name>
		<bndbox>
			<xmin>162</xmin>
			<ymin>23</ymin>
			<xmax>617</xmax>
			<ymax>286</ymax>
		</bndbox>
	</object>
	<object>
		<name>돼지갈비</name>
		<bndbox>
			<xmin>227</xmin>
			<ymin>55</ymin>
			<xmax>547</xmax>
			<ymax>250</ymax>
		</bndbox>
	</object>
</annotation>