<annotation>
	<folder>side국류원형배달순두부찌개q5</folder>
	<filename>side_국류_원형배달_순두부찌개_Q5_00038.JPG</filename>
	<path>/side국류원형배달순두부찌개q5/side_국류_원형배달_순두부찌개_Q5_00038.JPG</path>
	<source>
		<database>fooddata</database>
	</source>
	<size>
		<width>3008</width>
		<height>2000</height>
		<depth>3</depth>
	</size>
	<object>
		<name>ref_spoon</name>
		<bndbox>
			<xmin>262</xmin>
			<ymin>604</ymin>
			<xmax>548</xmax>
			<ymax>997</ymax>
		</bndbox>
	</object>
	<object>
		<name>ref_fork</name>
		<bndbox>
			<xmin>668</xmin>
			<ymin>590</ymin>
			<xmax>866</xmax>
			<ymax>1024</ymax>
		</bndbox>
	</object>
	<object>
		<name>ref_coin</name>
		<bndbox>
			<xmin>2125</xmin>
			<ymin>1406</ymin>
			<xmax>2361</xmax>
			<ymax>1560</ymax>
		</bndbox>
	</object>
	<object>
		<name>dish</name>
		<bndbox>
			<xmin>948</xmin>
			<ymin>116</ymin>
			<xmax>2296</xmax>
			<ymax>1334</ymax>
		</bndbox>
	</object>
	<object>
		<name>순두부찌개</name>
		<bndbox>
			<xmin>1040</xmin>
			<ymin>372</ymin>
			<xmax>2200</xmax>
			<ymax>881</ymax>
		</bndbox>
	</object>
</annotation>