<annotation>
	<folder>side국류원형배달순두부찌개q5</folder>
	<filename>side_국류_원형배달_순두부찌개_Q5_00019.JPG</filename>
	<path>/side국류원형배달순두부찌개q5/side_국류_원형배달_순두부찌개_Q5_00019.JPG</path>
	<source>
		<database>fooddata</database>
	</source>
	<size>
		<width>3008</width>
		<height>2000</height>
		<depth>3</depth>
	</size>
	<object>
		<name>ref_spoon</name>
		<bndbox>
			<xmin>651</xmin>
			<ymin>1608</ymin>
			<xmax>1156</xmax>
			<ymax>1857</ymax>
		</bndbox>
	</object>
	<object>
		<name>ref_fork</name>
		<bndbox>
			<xmin>705</xmin>
			<ymin>1389</ymin>
			<xmax>1248</xmax>
			<ymax>1642</ymax>
		</bndbox>
	</object>
	<object>
		<name>ref_coin</name>
		<bndbox>
			<xmin>668</xmin>
			<ymin>294</ymin>
			<xmax>856</xmax>
			<ymax>406</ymax>
		</bndbox>
	</object>
	<object>
		<name>dish</name>
		<bndbox>
			<xmin>876</xmin>
			<ymin>177</ymin>
			<xmax>2152</xmax>
			<ymax>1328</ymax>
		</bndbox>
	</object>
	<object>
		<name>순두부찌개</name>
		<bndbox>
			<xmin>955</xmin>
			<ymin>403</ymin>
			<xmax>2064</xmax>
			<ymax>860</ymax>
		</bndbox>
	</object>
</annotation>