<annotation>
	<folder>side국류원형배달순두부찌개q5</folder>
	<filename>side_국류_원형배달_순두부찌개_Q5_00032.JPG</filename>
	<path>/side국류원형배달순두부찌개q5/side_국류_원형배달_순두부찌개_Q5_00032.JPG</path>
	<source>
		<database>fooddata</database>
	</source>
	<size>
		<width>3008</width>
		<height>2000</height>
		<depth>3</depth>
	</size>
	<object>
		<name>ref_spoon</name>
		<bndbox>
			<xmin>514</xmin>
			<ymin>874</ymin>
			<xmax>794</xmax>
			<ymax>1246</ymax>
		</bndbox>
	</object>
	<object>
		<name>ref_fork</name>
		<bndbox>
			<xmin>903</xmin>
			<ymin>881</ymin>
			<xmax>1098</xmax>
			<ymax>1321</ymax>
		</bndbox>
	</object>
	<object>
		<name>ref_coin</name>
		<bndbox>
			<xmin>1193</xmin>
			<ymin>1638</ymin>
			<xmax>1405</xmax>
			<ymax>1799</ymax>
		</bndbox>
	</object>
	<object>
		<name>dish</name>
		<bndbox>
			<xmin>1200</xmin>
			<ymin>464</ymin>
			<xmax>2490</xmax>
			<ymax>1645</ymax>
		</bndbox>
	</object>
	<object>
		<name>순두부찌개</name>
		<bndbox>
			<xmin>1279</xmin>
			<ymin>679</ymin>
			<xmax>2402</xmax>
			<ymax>1195</ymax>
		</bndbox>
	</object>
</annotation>