<annotation>
	<folder>side국류원형배달순두부찌개q5</folder>
	<filename>side_국류_원형배달_순두부찌개_Q5_00051.JPG</filename>
	<path>/side국류원형배달순두부찌개q5/side_국류_원형배달_순두부찌개_Q5_00051.JPG</path>
	<source>
		<database>fooddata</database>
	</source>
	<size>
		<width>3008</width>
		<height>2000</height>
		<depth>3</depth>
	</size>
	<object>
		<name>ref_spoon</name>
		<bndbox>
			<xmin>272</xmin>
			<ymin>683</ymin>
			<xmax>562</xmax>
			<ymax>1058</ymax>
		</bndbox>
	</object>
	<object>
		<name>ref_fork</name>
		<bndbox>
			<xmin>671</xmin>
			<ymin>696</ymin>
			<xmax>873</xmax>
			<ymax>1140</ymax>
		</bndbox>
	</object>
	<object>
		<name>ref_coin</name>
		<bndbox>
			<xmin>2197</xmin>
			<ymin>1720</ymin>
			<xmax>2429</xmax>
			<ymax>1881</ymax>
		</bndbox>
	</object>
	<object>
		<name>dish</name>
		<bndbox>
			<xmin>1006</xmin>
			<ymin>317</ymin>
			<xmax>2337</xmax>
			<ymax>1549</ymax>
		</bndbox>
	</object>
	<object>
		<name>순두부찌개</name>
		<bndbox>
			<xmin>1081</xmin>
			<ymin>563</ymin>
			<xmax>2238</xmax>
			<ymax>1092</ymax>
		</bndbox>
	</object>
</annotation>