<annotation>
	<folder>side국류원형배달순두부찌개q5</folder>
	<filename>side_국류_원형배달_순두부찌개_Q5_00005.JPG</filename>
	<path>/side국류원형배달순두부찌개q5/side_국류_원형배달_순두부찌개_Q5_00005.JPG</path>
	<source>
		<database>fooddata</database>
	</source>
	<size>
		<width>3008</width>
		<height>2000</height>
		<depth>3</depth>
	</size>
	<object>
		<name>ref_spoon</name>
		<bndbox>
			<xmin>1972</xmin>
			<ymin>737</ymin>
			<xmax>2251</xmax>
			<ymax>1106</ymax>
		</bndbox>
	</object>
	<object>
		<name>ref_fork</name>
		<bndbox>
			<xmin>2364</xmin>
			<ymin>768</ymin>
			<xmax>2555</xmax>
			<ymax>1171</ymax>
		</bndbox>
	</object>
	<object>
		<name>ref_coin</name>
		<bndbox>
			<xmin>91</xmin>
			<ymin>1481</ymin>
			<xmax>313</xmax>
			<ymax>1628</ymax>
		</bndbox>
	</object>
	<object>
		<name>dish</name>
		<bndbox>
			<xmin>432</xmin>
			<ymin>403</ymin>
			<xmax>1750</xmax>
			<ymax>1611</ymax>
		</bndbox>
	</object>
	<object>
		<name>순두부찌개</name>
		<bndbox>
			<xmin>524</xmin>
			<ymin>631</ymin>
			<xmax>1664</xmax>
			<ymax>1116</ymax>
		</bndbox>
	</object>
</annotation>