<annotation>
	<folder>side국류원형배달순두부찌개q5</folder>
	<filename>side_국류_원형배달_순두부찌개_Q5_00039.JPG</filename>
	<path>/side국류원형배달순두부찌개q5/side_국류_원형배달_순두부찌개_Q5_00039.JPG</path>
	<source>
		<database>fooddata</database>
	</source>
	<size>
		<width>3008</width>
		<height>2000</height>
		<depth>3</depth>
	</size>
	<object>
		<name>ref_spoon</name>
		<bndbox>
			<xmin>330</xmin>
			<ymin>737</ymin>
			<xmax>606</xmax>
			<ymax>1123</ymax>
		</bndbox>
	</object>
	<object>
		<name>ref_fork</name>
		<bndbox>
			<xmin>736</xmin>
			<ymin>741</ymin>
			<xmax>927</xmax>
			<ymax>1181</ymax>
		</bndbox>
	</object>
	<object>
		<name>ref_coin</name>
		<bndbox>
			<xmin>2357</xmin>
			<ymin>1502</ymin>
			<xmax>2593</xmax>
			<ymax>1662</ymax>
		</bndbox>
	</object>
	<object>
		<name>dish</name>
		<bndbox>
			<xmin>1023</xmin>
			<ymin>263</ymin>
			<xmax>2350</xmax>
			<ymax>1478</ymax>
		</bndbox>
	</object>
	<object>
		<name>순두부찌개</name>
		<bndbox>
			<xmin>1122</xmin>
			<ymin>522</ymin>
			<xmax>2265</xmax>
			<ymax>1010</ymax>
		</bndbox>
	</object>
</annotation>