<annotation>
	<folder>top국류원형배달순두부찌개q5</folder>
	<filename>top_국류_원형배달_순두부찌개_Q5_00051.JPG</filename>
	<path>/top국류원형배달순두부찌개q5/top_국류_원형배달_순두부찌개_Q5_00051.JPG</path>
	<source>
		<database>fooddata</database>
	</source>
	<size>
		<width>3008</width>
		<height>2000</height>
		<depth>3</depth>
	</size>
	<object>
		<name>ref_spoon</name>
		<bndbox>
			<xmin>726</xmin>
			<ymin>422</ymin>
			<xmax>992</xmax>
			<ymax>871</ymax>
		</bndbox>
	</object>
	<object>
		<name>ref_fork</name>
		<bndbox>
			<xmin>401</xmin>
			<ymin>437</ymin>
			<xmax>579</xmax>
			<ymax>938</ymax>
		</bndbox>
	</object>
	<object>
		<name>ref_coin</name>
		<bndbox>
			<xmin>2383</xmin>
			<ymin>1441</ymin>
			<xmax>2578</xmax>
			<ymax>1633</ymax>
		</bndbox>
	</object>
	<object>
		<name>dish</name>
		<bndbox>
			<xmin>1032</xmin>
			<ymin>440</ymin>
			<xmax>2242</xmax>
			<ymax>1611</ymax>
		</bndbox>
	</object>
	<object>
		<name>순두부찌개</name>
		<bndbox>
			<xmin>1108</xmin>
			<ymin>542</ymin>
			<xmax>2179</xmax>
			<ymax>1572</ymax>
		</bndbox>
	</object>
</annotation>