<annotation>
	<folder>top국류원형배달순두부찌개q5</folder>
	<filename>top_국류_원형배달_순두부찌개_Q5_00036.JPG</filename>
	<path>/top국류원형배달순두부찌개q5/top_국류_원형배달_순두부찌개_Q5_00036.JPG</path>
	<source>
		<database>fooddata</database>
	</source>
	<size>
		<width>3008</width>
		<height>2000</height>
		<depth>3</depth>
	</size>
	<object>
		<name>ref_spoon</name>
		<bndbox>
			<xmin>583</xmin>
			<ymin>299</ymin>
			<xmax>847</xmax>
			<ymax>753</ymax>
		</bndbox>
	</object>
	<object>
		<name>ref_fork</name>
		<bndbox>
			<xmin>252</xmin>
			<ymin>309</ymin>
			<xmax>430</xmax>
			<ymax>816</ymax>
		</bndbox>
	</object>
	<object>
		<name>ref_coin</name>
		<bndbox>
			<xmin>1283</xmin>
			<ymin>1588</ymin>
			<xmax>1475</xmax>
			<ymax>1780</ymax>
		</bndbox>
	</object>
	<object>
		<name>dish</name>
		<bndbox>
			<xmin>938</xmin>
			<ymin>299</ymin>
			<xmax>2143</xmax>
			<ymax>1467</ymax>
		</bndbox>
	</object>
	<object>
		<name>순두부찌개</name>
		<bndbox>
			<xmin>996</xmin>
			<ymin>401</ymin>
			<xmax>2069</xmax>
			<ymax>1420</ymax>
		</bndbox>
	</object>
</annotation>