<annotation>
	<folder>top국류원형배달순두부찌개q5</folder>
	<filename>top_국류_원형배달_순두부찌개_Q5_00015.JPG</filename>
	<path>/top국류원형배달순두부찌개q5/top_국류_원형배달_순두부찌개_Q5_00015.JPG</path>
	<source>
		<database>fooddata</database>
	</source>
	<size>
		<width>3008</width>
		<height>2000</height>
		<depth>3</depth>
	</size>
	<object>
		<name>ref_spoon</name>
		<bndbox>
			<xmin>2063</xmin>
			<ymin>511</ymin>
			<xmax>2302</xmax>
			<ymax>918</ymax>
		</bndbox>
	</object>
	<object>
		<name>ref_fork</name>
		<bndbox>
			<xmin>1733</xmin>
			<ymin>585</ymin>
			<xmax>1894</xmax>
			<ymax>1058</ymax>
		</bndbox>
	</object>
	<object>
		<name>ref_coin</name>
		<bndbox>
			<xmin>1312</xmin>
			<ymin>1401</ymin>
			<xmax>1488</xmax>
			<ymax>1574</ymax>
		</bndbox>
	</object>
	<object>
		<name>dish</name>
		<bndbox>
			<xmin>243</xmin>
			<ymin>463</ymin>
			<xmax>1330</xmax>
			<ymax>1528</ymax>
		</bndbox>
	</object>
	<object>
		<name>순두부찌개</name>
		<bndbox>
			<xmin>318</xmin>
			<ymin>563</ymin>
			<xmax>1286</xmax>
			<ymax>1482</ymax>
		</bndbox>
	</object>
</annotation>