<annotation>
	<folder>top국류원형배달순두부찌개q5</folder>
	<filename>top_국류_원형배달_순두부찌개_Q5_00013.JPG</filename>
	<path>/top국류원형배달순두부찌개q5/top_국류_원형배달_순두부찌개_Q5_00013.JPG</path>
	<source>
		<database>fooddata</database>
	</source>
	<size>
		<width>3008</width>
		<height>2000</height>
		<depth>3</depth>
	</size>
	<object>
		<name>ref_spoon</name>
		<bndbox>
			<xmin>2065</xmin>
			<ymin>474</ymin>
			<xmax>2307</xmax>
			<ymax>886</ymax>
		</bndbox>
	</object>
	<object>
		<name>ref_fork</name>
		<bndbox>
			<xmin>1737</xmin>
			<ymin>546</ymin>
			<xmax>1896</xmax>
			<ymax>1015</ymax>
		</bndbox>
	</object>
	<object>
		<name>ref_coin</name>
		<bndbox>
			<xmin>1477</xmin>
			<ymin>836</ymin>
			<xmax>1644</xmax>
			<ymax>1003</ymax>
		</bndbox>
	</object>
	<object>
		<name>dish</name>
		<bndbox>
			<xmin>190</xmin>
			<ymin>443</ymin>
			<xmax>1276</xmax>
			<ymax>1512</ymax>
		</bndbox>
	</object>
	<object>
		<name>순두부찌개</name>
		<bndbox>
			<xmin>265</xmin>
			<ymin>546</ymin>
			<xmax>1233</xmax>
			<ymax>1469</ymax>
		</bndbox>
	</object>
</annotation>