<annotation>
	<folder>top국류원형배달순두부찌개q5</folder>
	<filename>top_국류_원형배달_순두부찌개_Q5_00017.JPG</filename>
	<path>/top국류원형배달순두부찌개q5/top_국류_원형배달_순두부찌개_Q5_00017.JPG</path>
	<source>
		<database>fooddata</database>
	</source>
	<size>
		<width>3008</width>
		<height>2000</height>
		<depth>3</depth>
	</size>
	<object>
		<name>ref_spoon</name>
		<bndbox>
			<xmin>2045</xmin>
			<ymin>482</ymin>
			<xmax>2287</xmax>
			<ymax>892</ymax>
		</bndbox>
	</object>
	<object>
		<name>ref_fork</name>
		<bndbox>
			<xmin>1714</xmin>
			<ymin>554</ymin>
			<xmax>1873</xmax>
			<ymax>1018</ymax>
		</bndbox>
	</object>
	<object>
		<name>ref_coin</name>
		<bndbox>
			<xmin>785</xmin>
			<ymin>1612</ymin>
			<xmax>957</xmax>
			<ymax>1787</ymax>
		</bndbox>
	</object>
	<object>
		<name>dish</name>
		<bndbox>
			<xmin>368</xmin>
			<ymin>399</ymin>
			<xmax>1466</xmax>
			<ymax>1464</ymax>
		</bndbox>
	</object>
	<object>
		<name>순두부찌개</name>
		<bndbox>
			<xmin>437</xmin>
			<ymin>497</ymin>
			<xmax>1419</xmax>
			<ymax>1409</ymax>
		</bndbox>
	</object>
</annotation>