<annotation>
	<folder>top국류원형배달순두부찌개q5</folder>
	<filename>top_국류_원형배달_순두부찌개_Q5_00020.JPG</filename>
	<path>/top국류원형배달순두부찌개q5/top_국류_원형배달_순두부찌개_Q5_00020.JPG</path>
	<source>
		<database>fooddata</database>
	</source>
	<size>
		<width>3008</width>
		<height>2000</height>
		<depth>3</depth>
	</size>
	<object>
		<name>ref_spoon</name>
		<bndbox>
			<xmin>559</xmin>
			<ymin>1288</ymin>
			<xmax>977</xmax>
			<ymax>1534</ymax>
		</bndbox>
	</object>
	<object>
		<name>ref_fork</name>
		<bndbox>
			<xmin>579</xmin>
			<ymin>1595</ymin>
			<xmax>1051</xmax>
			<ymax>1761</ymax>
		</bndbox>
	</object>
	<object>
		<name>ref_coin</name>
		<bndbox>
			<xmin>550</xmin>
			<ymin>695</ymin>
			<xmax>718</xmax>
			<ymax>864</ymax>
		</bndbox>
	</object>
	<object>
		<name>dish</name>
		<bndbox>
			<xmin>794</xmin>
			<ymin>188</ymin>
			<xmax>1880</xmax>
			<ymax>1240</ymax>
		</bndbox>
	</object>
	<object>
		<name>순두부찌개</name>
		<bndbox>
			<xmin>859</xmin>
			<ymin>284</ymin>
			<xmax>1833</xmax>
			<ymax>1187</ymax>
		</bndbox>
	</object>
</annotation>