<annotation>
	<folder>top국류원형배달순두부찌개q5</folder>
	<filename>top_국류_원형배달_순두부찌개_Q5_00010.JPG</filename>
	<path>/top국류원형배달순두부찌개q5/top_국류_원형배달_순두부찌개_Q5_00010.JPG</path>
	<source>
		<database>fooddata</database>
	</source>
	<size>
		<width>3008</width>
		<height>2000</height>
		<depth>3</depth>
	</size>
	<object>
		<name>ref_spoon</name>
		<bndbox>
			<xmin>2183</xmin>
			<ymin>441</ymin>
			<xmax>2424</xmax>
			<ymax>849</ymax>
		</bndbox>
	</object>
	<object>
		<name>ref_fork</name>
		<bndbox>
			<xmin>1849</xmin>
			<ymin>505</ymin>
			<xmax>2012</xmax>
			<ymax>974</ymax>
		</bndbox>
	</object>
	<object>
		<name>ref_coin</name>
		<bndbox>
			<xmin>609</xmin>
			<ymin>344</ymin>
			<xmax>778</xmax>
			<ymax>513</ymax>
		</bndbox>
	</object>
	<object>
		<name>dish</name>
		<bndbox>
			<xmin>442</xmin>
			<ymin>477</ymin>
			<xmax>1536</xmax>
			<ymax>1541</ymax>
		</bndbox>
	</object>
	<object>
		<name>순두부찌개</name>
		<bndbox>
			<xmin>515</xmin>
			<ymin>575</ymin>
			<xmax>1489</xmax>
			<ymax>1502</ymax>
		</bndbox>
	</object>
</annotation>