<annotation>
	<folder>side비빔밥덮밥류원형배달카레라이스q5</folder>
	<filename>side_비빔밥덮밥류_원형배달_카레라이스_Q5_00014.JPG</filename>
	<path>/side비빔밥덮밥류원형배달카레라이스q5/side_비빔밥덮밥류_원형배달_카레라이스_Q5_00014.JPG</path>
	<source>
		<database>fooddata</database>
	</source>
	<size>
		<width>3008</width>
		<height>2000</height>
		<depth>3</depth>
	</size>
	<object>
		<name>ref_spoon</name>
		<bndbox>
			<xmin>1833</xmin>
			<ymin>683</ymin>
			<xmax>2087</xmax>
			<ymax>1018</ymax>
		</bndbox>
	</object>
	<object>
		<name>ref_fork</name>
		<bndbox>
			<xmin>2206</xmin>
			<ymin>752</ymin>
			<xmax>2390</xmax>
			<ymax>1117</ymax>
		</bndbox>
	</object>
	<object>
		<name>ref_coin</name>
		<bndbox>
			<xmin>1600</xmin>
			<ymin>458</ymin>
			<xmax>1784</xmax>
			<ymax>581</ymax>
		</bndbox>
	</object>
	<object>
		<name>dish</name>
		<bndbox>
			<xmin>368</xmin>
			<ymin>564</ymin>
			<xmax>1567</xmax>
			<ymax>1690</ymax>
		</bndbox>
	</object>
	<object>
		<name>카레라이스</name>
		<bndbox>
			<xmin>442</xmin>
			<ymin>728</ymin>
			<xmax>1494</xmax>
			<ymax>1321</ymax>
		</bndbox>
	</object>
</annotation>