<annotation>
	<folder>side비빔밥덮밥류원형배달카레라이스q5</folder>
	<filename>side_비빔밥덮밥류_원형배달_카레라이스_Q5_00020.JPG</filename>
	<path>/side비빔밥덮밥류원형배달카레라이스q5/side_비빔밥덮밥류_원형배달_카레라이스_Q5_00020.JPG</path>
	<source>
		<database>fooddata</database>
	</source>
	<size>
		<width>3008</width>
		<height>2000</height>
		<depth>3</depth>
	</size>
	<object>
		<name>ref_spoon</name>
		<bndbox>
			<xmin>422</xmin>
			<ymin>1268</ymin>
			<xmax>835</xmax>
			<ymax>1522</ymax>
		</bndbox>
	</object>
	<object>
		<name>ref_fork</name>
		<bndbox>
			<xmin>446</xmin>
			<ymin>1579</ymin>
			<xmax>929</xmax>
			<ymax>1796</ymax>
		</bndbox>
	</object>
	<object>
		<name>ref_coin</name>
		<bndbox>
			<xmin>1981</xmin>
			<ymin>642</ymin>
			<xmax>2185</xmax>
			<ymax>789</ymax>
		</bndbox>
	</object>
	<object>
		<name>dish</name>
		<bndbox>
			<xmin>700</xmin>
			<ymin>122</ymin>
			<xmax>1878</xmax>
			<ymax>1215</ymax>
		</bndbox>
	</object>
	<object>
		<name>카레라이스</name>
		<bndbox>
			<xmin>769</xmin>
			<ymin>282</ymin>
			<xmax>1821</xmax>
			<ymax>851</ymax>
		</bndbox>
	</object>
</annotation>