<annotation>
	<folder>side비빔밥덮밥류원형배달카레라이스q5</folder>
	<filename>side_비빔밥덮밥류_원형배달_카레라이스_Q5_00027.JPG</filename>
	<path>/side비빔밥덮밥류원형배달카레라이스q5/side_비빔밥덮밥류_원형배달_카레라이스_Q5_00027.JPG</path>
	<source>
		<database>fooddata</database>
	</source>
	<size>
		<width>3008</width>
		<height>2000</height>
		<depth>3</depth>
	</size>
	<object>
		<name>ref_spoon</name>
		<bndbox>
			<xmin>512</xmin>
			<ymin>1358</ymin>
			<xmax>933</xmax>
			<ymax>1616</ymax>
		</bndbox>
	</object>
	<object>
		<name>ref_fork</name>
		<bndbox>
			<xmin>475</xmin>
			<ymin>1608</ymin>
			<xmax>949</xmax>
			<ymax>1833</ymax>
		</bndbox>
	</object>
	<object>
		<name>ref_coin</name>
		<bndbox>
			<xmin>299</xmin>
			<ymin>1182</ymin>
			<xmax>516</xmax>
			<ymax>1346</ymax>
		</bndbox>
	</object>
	<object>
		<name>dish</name>
		<bndbox>
			<xmin>769</xmin>
			<ymin>241</ymin>
			<xmax>1969</xmax>
			<ymax>1391</ymax>
		</bndbox>
	</object>
	<object>
		<name>카레라이스</name>
		<bndbox>
			<xmin>855</xmin>
			<ymin>421</ymin>
			<xmax>1899</xmax>
			<ymax>1027</ymax>
		</bndbox>
	</object>
</annotation>