<annotation>
	<folder>side비빔밥덮밥류원형배달카레라이스q5</folder>
	<filename>side_비빔밥덮밥류_원형배달_카레라이스_Q5_00018.JPG</filename>
	<path>/side비빔밥덮밥류원형배달카레라이스q5/side_비빔밥덮밥류_원형배달_카레라이스_Q5_00018.JPG</path>
	<source>
		<database>fooddata</database>
	</source>
	<size>
		<width>3008</width>
		<height>2000</height>
		<depth>3</depth>
	</size>
	<object>
		<name>ref_spoon</name>
		<bndbox>
			<xmin>377</xmin>
			<ymin>1280</ymin>
			<xmax>786</xmax>
			<ymax>1530</ymax>
		</bndbox>
	</object>
	<object>
		<name>ref_fork</name>
		<bndbox>
			<xmin>397</xmin>
			<ymin>1587</ymin>
			<xmax>876</xmax>
			<ymax>1804</ymax>
		</bndbox>
	</object>
	<object>
		<name>ref_coin</name>
		<bndbox>
			<xmin>1948</xmin>
			<ymin>920</ymin>
			<xmax>2149</xmax>
			<ymax>1076</ymax>
		</bndbox>
	</object>
	<object>
		<name>dish</name>
		<bndbox>
			<xmin>655</xmin>
			<ymin>192</ymin>
			<xmax>1829</xmax>
			<ymax>1293</ymax>
		</bndbox>
	</object>
	<object>
		<name>카레라이스</name>
		<bndbox>
			<xmin>704</xmin>
			<ymin>355</ymin>
			<xmax>1760</xmax>
			<ymax>920</ymax>
		</bndbox>
	</object>
</annotation>