<annotation>
	<folder>side비빔밥덮밥류원형배달카레라이스q5</folder>
	<filename>side_비빔밥덮밥류_원형배달_카레라이스_Q5_00032.JPG</filename>
	<path>/side비빔밥덮밥류원형배달카레라이스q5/side_비빔밥덮밥류_원형배달_카레라이스_Q5_00032.JPG</path>
	<source>
		<database>fooddata</database>
	</source>
	<size>
		<width>3008</width>
		<height>2000</height>
		<depth>3</depth>
	</size>
	<object>
		<name>ref_spoon</name>
		<bndbox>
			<xmin>393</xmin>
			<ymin>1338</ymin>
			<xmax>806</xmax>
			<ymax>1583</ymax>
		</bndbox>
	</object>
	<object>
		<name>ref_fork</name>
		<bndbox>
			<xmin>401</xmin>
			<ymin>1640</ymin>
			<xmax>884</xmax>
			<ymax>1874</ymax>
		</bndbox>
	</object>
	<object>
		<name>ref_coin</name>
		<bndbox>
			<xmin>430</xmin>
			<ymin>437</ymin>
			<xmax>622</xmax>
			<ymax>576</ymax>
		</bndbox>
	</object>
	<object>
		<name>dish</name>
		<bndbox>
			<xmin>757</xmin>
			<ymin>184</ymin>
			<xmax>1932</xmax>
			<ymax>1280</ymax>
		</bndbox>
	</object>
	<object>
		<name>카레라이스</name>
		<bndbox>
			<xmin>806</xmin>
			<ymin>335</ymin>
			<xmax>1854</xmax>
			<ymax>924</ymax>
		</bndbox>
	</object>
</annotation>