<annotation>
	<folder>side비빔밥덮밥류원형배달카레라이스q5</folder>
	<filename>side_비빔밥덮밥류_원형배달_카레라이스_Q5_00023.JPG</filename>
	<path>/side비빔밥덮밥류원형배달카레라이스q5/side_비빔밥덮밥류_원형배달_카레라이스_Q5_00023.JPG</path>
	<source>
		<database>fooddata</database>
	</source>
	<size>
		<width>3008</width>
		<height>2000</height>
		<depth>3</depth>
	</size>
	<object>
		<name>ref_spoon</name>
		<bndbox>
			<xmin>303</xmin>
			<ymin>1358</ymin>
			<xmax>728</xmax>
			<ymax>1595</ymax>
		</bndbox>
	</object>
	<object>
		<name>ref_fork</name>
		<bndbox>
			<xmin>331</xmin>
			<ymin>1669</ymin>
			<xmax>814</xmax>
			<ymax>1882</ymax>
		</bndbox>
	</object>
	<object>
		<name>ref_coin</name>
		<bndbox>
			<xmin>1363</xmin>
			<ymin>36</ymin>
			<xmax>1547</xmax>
			<ymax>155</ymax>
		</bndbox>
	</object>
	<object>
		<name>dish</name>
		<bndbox>
			<xmin>708</xmin>
			<ymin>237</ymin>
			<xmax>1874</xmax>
			<ymax>1342</ymax>
		</bndbox>
	</object>
	<object>
		<name>카레라이스</name>
		<bndbox>
			<xmin>778</xmin>
			<ymin>380</ymin>
			<xmax>1817</xmax>
			<ymax>961</ymax>
		</bndbox>
	</object>
</annotation>