<annotation>
	<folder>side비빔밥덮밥류원형배달카레라이스q5</folder>
	<filename>side_비빔밥덮밥류_원형배달_카레라이스_Q5_00035.JPG</filename>
	<path>/side비빔밥덮밥류원형배달카레라이스q5/side_비빔밥덮밥류_원형배달_카레라이스_Q5_00035.JPG</path>
	<source>
		<database>fooddata</database>
	</source>
	<size>
		<width>3008</width>
		<height>2000</height>
		<depth>3</depth>
	</size>
	<object>
		<name>ref_spoon</name>
		<bndbox>
			<xmin>307</xmin>
			<ymin>351</ymin>
			<xmax>622</xmax>
			<ymax>728</ymax>
		</bndbox>
	</object>
	<object>
		<name>ref_fork</name>
		<bndbox>
			<xmin>671</xmin>
			<ymin>388</ymin>
			<xmax>884</xmax>
			<ymax>822</ymax>
		</bndbox>
	</object>
	<object>
		<name>ref_coin</name>
		<bndbox>
			<xmin>1101</xmin>
			<ymin>1595</ymin>
			<xmax>1346</xmax>
			<ymax>1784</ymax>
		</bndbox>
	</object>
	<object>
		<name>dish</name>
		<bndbox>
			<xmin>1056</xmin>
			<ymin>233</ymin>
			<xmax>2410</xmax>
			<ymax>1530</ymax>
		</bndbox>
	</object>
	<object>
		<name>카레라이스</name>
		<bndbox>
			<xmin>1097</xmin>
			<ymin>433</ymin>
			<xmax>2333</xmax>
			<ymax>1121</ymax>
		</bndbox>
	</object>
</annotation>