<annotation>
	<folder>side비빔밥덮밥류원형배달카레라이스q5</folder>
	<filename>side_비빔밥덮밥류_원형배달_카레라이스_Q5_00015.JPG</filename>
	<path>/side비빔밥덮밥류원형배달카레라이스q5/side_비빔밥덮밥류_원형배달_카레라이스_Q5_00015.JPG</path>
	<source>
		<database>fooddata</database>
	</source>
	<size>
		<width>3008</width>
		<height>2000</height>
		<depth>3</depth>
	</size>
	<object>
		<name>ref_spoon</name>
		<bndbox>
			<xmin>1772</xmin>
			<ymin>650</ymin>
			<xmax>2030</xmax>
			<ymax>977</ymax>
		</bndbox>
	</object>
	<object>
		<name>ref_fork</name>
		<bndbox>
			<xmin>2144</xmin>
			<ymin>707</ymin>
			<xmax>2325</xmax>
			<ymax>1072</ymax>
		</bndbox>
	</object>
	<object>
		<name>ref_coin</name>
		<bndbox>
			<xmin>1923</xmin>
			<ymin>511</ymin>
			<xmax>2108</xmax>
			<ymax>638</ymax>
		</bndbox>
	</object>
	<object>
		<name>dish</name>
		<bndbox>
			<xmin>270</xmin>
			<ymin>490</ymin>
			<xmax>1457</xmax>
			<ymax>1604</ymax>
		</bndbox>
	</object>
	<object>
		<name>카레라이스</name>
		<bndbox>
			<xmin>336</xmin>
			<ymin>650</ymin>
			<xmax>1391</xmax>
			<ymax>1239</ymax>
		</bndbox>
	</object>
</annotation>