<annotation>
	<folder>side비빔밥덮밥류원형배달카레라이스q5</folder>
	<filename>side_비빔밥덮밥류_원형배달_카레라이스_Q5_00048.JPG</filename>
	<path>/side비빔밥덮밥류원형배달카레라이스q5/side_비빔밥덮밥류_원형배달_카레라이스_Q5_00048.JPG</path>
	<source>
		<database>fooddata</database>
	</source>
	<size>
		<width>3008</width>
		<height>2000</height>
		<depth>3</depth>
	</size>
	<object>
		<name>ref_spoon</name>
		<bndbox>
			<xmin>348</xmin>
			<ymin>527</ymin>
			<xmax>655</xmax>
			<ymax>900</ymax>
		</bndbox>
	</object>
	<object>
		<name>ref_fork</name>
		<bndbox>
			<xmin>704</xmin>
			<ymin>564</ymin>
			<xmax>917</xmax>
			<ymax>990</ymax>
		</bndbox>
	</object>
	<object>
		<name>ref_coin</name>
		<bndbox>
			<xmin>847</xmin>
			<ymin>1436</ymin>
			<xmax>1089</xmax>
			<ymax>1616</ymax>
		</bndbox>
	</object>
	<object>
		<name>dish</name>
		<bndbox>
			<xmin>1256</xmin>
			<ymin>421</ymin>
			<xmax>2586</xmax>
			<ymax>1694</ymax>
		</bndbox>
	</object>
	<object>
		<name>카레라이스</name>
		<bndbox>
			<xmin>1326</xmin>
			<ymin>560</ymin>
			<xmax>2525</xmax>
			<ymax>1293</ymax>
		</bndbox>
	</object>
</annotation>