<annotation>
	<folder>top비빔밥덮밥류원형배달카레라이스q5</folder>
	<filename>top_비빔밥덮밥류_원형배달_카레라이스_Q5_00046.JPG</filename>
	<path>/top비빔밥덮밥류원형배달카레라이스q5/top_비빔밥덮밥류_원형배달_카레라이스_Q5_00046.JPG</path>
	<source>
		<database>fooddata</database>
	</source>
	<size>
		<width>3008</width>
		<height>2000</height>
		<depth>3</depth>
	</size>
	<object>
		<name>ref_spoon</name>
		<bndbox>
			<xmin>606</xmin>
			<ymin>118</ymin>
			<xmax>868</xmax>
			<ymax>482</ymax>
		</bndbox>
	</object>
	<object>
		<name>ref_fork</name>
		<bndbox>
			<xmin>917</xmin>
			<ymin>229</ymin>
			<xmax>1105</xmax>
			<ymax>650</ymax>
		</bndbox>
	</object>
	<object>
		<name>ref_coin</name>
		<bndbox>
			<xmin>593</xmin>
			<ymin>1456</ymin>
			<xmax>786</xmax>
			<ymax>1640</ymax>
		</bndbox>
	</object>
	<object>
		<name>dish</name>
		<bndbox>
			<xmin>1117</xmin>
			<ymin>470</ymin>
			<xmax>2214</xmax>
			<ymax>1530</ymax>
		</bndbox>
	</object>
	<object>
		<name>카레라이스</name>
		<bndbox>
			<xmin>1158</xmin>
			<ymin>527</ymin>
			<xmax>2144</xmax>
			<ymax>1497</ymax>
		</bndbox>
	</object>
</annotation>