<annotation>
	<folder>top비빔밥덮밥류원형배달카레라이스q5</folder>
	<filename>top_비빔밥덮밥류_원형배달_카레라이스_Q5_00044.JPG</filename>
	<path>/top비빔밥덮밥류원형배달카레라이스q5/top_비빔밥덮밥류_원형배달_카레라이스_Q5_00044.JPG</path>
	<source>
		<database>fooddata</database>
	</source>
	<size>
		<width>3008</width>
		<height>2000</height>
		<depth>3</depth>
	</size>
	<object>
		<name>ref_spoon</name>
		<bndbox>
			<xmin>552</xmin>
			<ymin>576</ymin>
			<xmax>802</xmax>
			<ymax>937</ymax>
		</bndbox>
	</object>
	<object>
		<name>ref_fork</name>
		<bndbox>
			<xmin>884</xmin>
			<ymin>675</ymin>
			<xmax>1048</xmax>
			<ymax>1063</ymax>
		</bndbox>
	</object>
	<object>
		<name>ref_coin</name>
		<bndbox>
			<xmin>917</xmin>
			<ymin>134</ymin>
			<xmax>1097</xmax>
			<ymax>310</ymax>
		</bndbox>
	</object>
	<object>
		<name>dish</name>
		<bndbox>
			<xmin>1089</xmin>
			<ymin>879</ymin>
			<xmax>2177</xmax>
			<ymax>1927</ymax>
		</bndbox>
	</object>
	<object>
		<name>카레라이스</name>
		<bndbox>
			<xmin>1150</xmin>
			<ymin>928</ymin>
			<xmax>2112</xmax>
			<ymax>1898</ymax>
		</bndbox>
	</object>
</annotation>