<annotation>
	<folder>top비빔밥덮밥류원형배달카레라이스q5</folder>
	<filename>top_비빔밥덮밥류_원형배달_카레라이스_Q5_00048.JPG</filename>
	<path>/top비빔밥덮밥류원형배달카레라이스q5/top_비빔밥덮밥류_원형배달_카레라이스_Q5_00048.JPG</path>
	<source>
		<database>fooddata</database>
	</source>
	<size>
		<width>3008</width>
		<height>2000</height>
		<depth>3</depth>
	</size>
	<object>
		<name>ref_spoon</name>
		<bndbox>
			<xmin>557</xmin>
			<ymin>155</ymin>
			<xmax>819</xmax>
			<ymax>523</ymax>
		</bndbox>
	</object>
	<object>
		<name>ref_fork</name>
		<bndbox>
			<xmin>872</xmin>
			<ymin>265</ymin>
			<xmax>1056</xmax>
			<ymax>687</ymax>
		</bndbox>
	</object>
	<object>
		<name>ref_coin</name>
		<bndbox>
			<xmin>966</xmin>
			<ymin>1706</ymin>
			<xmax>1166</xmax>
			<ymax>1898</ymax>
		</bndbox>
	</object>
	<object>
		<name>dish</name>
		<bndbox>
			<xmin>1064</xmin>
			<ymin>495</ymin>
			<xmax>2194</xmax>
			<ymax>1591</ymax>
		</bndbox>
	</object>
	<object>
		<name>카레라이스</name>
		<bndbox>
			<xmin>1121</xmin>
			<ymin>560</ymin>
			<xmax>2128</xmax>
			<ymax>1546</ymax>
		</bndbox>
	</object>
</annotation>