<annotation>
	<folder>top비빔밥덮밥류원형배달카레라이스q5</folder>
	<filename>top_비빔밥덮밥류_원형배달_카레라이스_Q5_00015.JPG</filename>
	<path>/top비빔밥덮밥류원형배달카레라이스q5/top_비빔밥덮밥류_원형배달_카레라이스_Q5_00015.JPG</path>
	<source>
		<database>fooddata</database>
	</source>
	<size>
		<width>3008</width>
		<height>2000</height>
		<depth>3</depth>
	</size>
	<object>
		<name>ref_spoon</name>
		<bndbox>
			<xmin>1527</xmin>
			<ymin>306</ymin>
			<xmax>1793</xmax>
			<ymax>703</ymax>
		</bndbox>
	</object>
	<object>
		<name>ref_fork</name>
		<bndbox>
			<xmin>1866</xmin>
			<ymin>355</ymin>
			<xmax>2046</xmax>
			<ymax>781</ymax>
		</bndbox>
	</object>
	<object>
		<name>ref_coin</name>
		<bndbox>
			<xmin>2104</xmin>
			<ymin>1055</ymin>
			<xmax>2296</xmax>
			<ymax>1256</ymax>
		</bndbox>
	</object>
	<object>
		<name>dish</name>
		<bndbox>
			<xmin>340</xmin>
			<ymin>245</ymin>
			<xmax>1527</xmax>
			<ymax>1407</ymax>
		</bndbox>
	</object>
	<object>
		<name>카레라이스</name>
		<bndbox>
			<xmin>389</xmin>
			<ymin>335</ymin>
			<xmax>1469</xmax>
			<ymax>1358</ymax>
		</bndbox>
	</object>
</annotation>