<annotation>
	<folder>top비빔밥덮밥류원형배달카레라이스q5</folder>
	<filename>top_비빔밥덮밥류_원형배달_카레라이스_Q5_00003.JPG</filename>
	<path>/top비빔밥덮밥류원형배달카레라이스q5/top_비빔밥덮밥류_원형배달_카레라이스_Q5_00003.JPG</path>
	<source>
		<database>fooddata</database>
	</source>
	<size>
		<width>3008</width>
		<height>2000</height>
		<depth>3</depth>
	</size>
	<object>
		<name>ref_spoon</name>
		<bndbox>
			<xmin>1690</xmin>
			<ymin>233</ymin>
			<xmax>1952</xmax>
			<ymax>621</ymax>
		</bndbox>
	</object>
	<object>
		<name>ref_fork</name>
		<bndbox>
			<xmin>2034</xmin>
			<ymin>265</ymin>
			<xmax>2210</xmax>
			<ymax>703</ymax>
		</bndbox>
	</object>
	<object>
		<name>ref_coin</name>
		<bndbox>
			<xmin>945</xmin>
			<ymin>1685</ymin>
			<xmax>1150</xmax>
			<ymax>1890</ymax>
		</bndbox>
	</object>
	<object>
		<name>dish</name>
		<bndbox>
			<xmin>401</xmin>
			<ymin>302</ymin>
			<xmax>1612</xmax>
			<ymax>1477</ymax>
		</bndbox>
	</object>
	<object>
		<name>카레라이스</name>
		<bndbox>
			<xmin>458</xmin>
			<ymin>380</ymin>
			<xmax>1551</xmax>
			<ymax>1424</ymax>
		</bndbox>
	</object>
</annotation>