<annotation>
	<folder>top비빔밥덮밥류원형배달카레라이스q5</folder>
	<filename>top_비빔밥덮밥류_원형배달_카레라이스_Q5_00051.JPG</filename>
	<path>/top비빔밥덮밥류원형배달카레라이스q5/top_비빔밥덮밥류_원형배달_카레라이스_Q5_00051.JPG</path>
	<source>
		<database>fooddata</database>
	</source>
	<size>
		<width>3008</width>
		<height>2000</height>
		<depth>3</depth>
	</size>
	<object>
		<name>ref_spoon</name>
		<bndbox>
			<xmin>540</xmin>
			<ymin>130</ymin>
			<xmax>798</xmax>
			<ymax>503</ymax>
		</bndbox>
	</object>
	<object>
		<name>ref_fork</name>
		<bndbox>
			<xmin>855</xmin>
			<ymin>237</ymin>
			<xmax>1044</xmax>
			<ymax>662</ymax>
		</bndbox>
	</object>
	<object>
		<name>ref_coin</name>
		<bndbox>
			<xmin>1919</xmin>
			<ymin>1616</ymin>
			<xmax>2108</xmax>
			<ymax>1804</ymax>
		</bndbox>
	</object>
	<object>
		<name>dish</name>
		<bndbox>
			<xmin>982</xmin>
			<ymin>355</ymin>
			<xmax>2108</xmax>
			<ymax>1465</ymax>
		</bndbox>
	</object>
	<object>
		<name>카레라이스</name>
		<bndbox>
			<xmin>1039</xmin>
			<ymin>433</ymin>
			<xmax>2038</xmax>
			<ymax>1399</ymax>
		</bndbox>
	</object>
</annotation>