<annotation>
	<folder>top비빔밥덮밥류원형배달카레라이스q5</folder>
	<filename>top_비빔밥덮밥류_원형배달_카레라이스_Q5_00005.JPG</filename>
	<path>/top비빔밥덮밥류원형배달카레라이스q5/top_비빔밥덮밥류_원형배달_카레라이스_Q5_00005.JPG</path>
	<source>
		<database>fooddata</database>
	</source>
	<size>
		<width>3008</width>
		<height>2000</height>
		<depth>3</depth>
	</size>
	<object>
		<name>ref_spoon</name>
		<bndbox>
			<xmin>1850</xmin>
			<ymin>184</ymin>
			<xmax>2112</xmax>
			<ymax>581</ymax>
		</bndbox>
	</object>
	<object>
		<name>ref_fork</name>
		<bndbox>
			<xmin>2177</xmin>
			<ymin>224</ymin>
			<xmax>2370</xmax>
			<ymax>666</ymax>
		</bndbox>
	</object>
	<object>
		<name>ref_coin</name>
		<bndbox>
			<xmin>233</xmin>
			<ymin>1121</ymin>
			<xmax>434</xmax>
			<ymax>1321</ymax>
		</bndbox>
	</object>
	<object>
		<name>dish</name>
		<bndbox>
			<xmin>630</xmin>
			<ymin>331</ymin>
			<xmax>1846</xmax>
			<ymax>1510</ymax>
		</bndbox>
	</object>
	<object>
		<name>카레라이스</name>
		<bndbox>
			<xmin>688</xmin>
			<ymin>429</ymin>
			<xmax>1776</xmax>
			<ymax>1460</ymax>
		</bndbox>
	</object>
</annotation>