<annotation>
	<folder>top비빔밥덮밥류원형배달카레라이스q5</folder>
	<filename>top_비빔밥덮밥류_원형배달_카레라이스_Q5_00001.JPG</filename>
	<path>/top비빔밥덮밥류원형배달카레라이스q5/top_비빔밥덮밥류_원형배달_카레라이스_Q5_00001.JPG</path>
	<source>
		<database>fooddata</database>
	</source>
	<size>
		<width>3008</width>
		<height>2000</height>
		<depth>3</depth>
	</size>
	<object>
		<name>ref_spoon</name>
		<bndbox>
			<xmin>1588</xmin>
			<ymin>233</ymin>
			<xmax>1862</xmax>
			<ymax>638</ymax>
		</bndbox>
	</object>
	<object>
		<name>ref_fork</name>
		<bndbox>
			<xmin>1952</xmin>
			<ymin>261</ymin>
			<xmax>2128</xmax>
			<ymax>699</ymax>
		</bndbox>
	</object>
	<object>
		<name>ref_coin</name>
		<bndbox>
			<xmin>1195</xmin>
			<ymin>1559</ymin>
			<xmax>1396</xmax>
			<ymax>1767</ymax>
		</bndbox>
	</object>
	<object>
		<name>dish</name>
		<bndbox>
			<xmin>295</xmin>
			<ymin>261</ymin>
			<xmax>1522</xmax>
			<ymax>1448</ymax>
		</bndbox>
	</object>
	<object>
		<name>카레라이스</name>
		<bndbox>
			<xmin>344</xmin>
			<ymin>351</ymin>
			<xmax>1469</xmax>
			<ymax>1403</ymax>
		</bndbox>
	</object>
</annotation>