<annotation>
	<folder>side국류원형배달육개장q2</folder>
	<filename>side_국류_원형배달_육개장_Q2_00010.JPG</filename>
	<path>/side국류원형배달육개장q2/side_국류_원형배달_육개장_Q2_00010.JPG</path>
	<source>
		<database>fooddata</database>
	</source>
	<size>
		<width>3008</width>
		<height>2000</height>
		<depth>3</depth>
	</size>
	<object>
		<name>ref_spoon</name>
		<bndbox>
			<xmin>2036</xmin>
			<ymin>661</ymin>
			<xmax>2316</xmax>
			<ymax>1044</ymax>
		</bndbox>
	</object>
	<object>
		<name>ref_fork</name>
		<bndbox>
			<xmin>2472</xmin>
			<ymin>750</ymin>
			<xmax>2675</xmax>
			<ymax>1200</ymax>
		</bndbox>
	</object>
	<object>
		<name>ref_coin</name>
		<bndbox>
			<xmin>1703</xmin>
			<ymin>321</ymin>
			<xmax>1905</xmax>
			<ymax>466</ymax>
		</bndbox>
	</object>
	<object>
		<name>dish</name>
		<bndbox>
			<xmin>429</xmin>
			<ymin>427</ymin>
			<xmax>1944</xmax>
			<ymax>1814</ymax>
		</bndbox>
	</object>
	<object>
		<name>육개장</name>
		<bndbox>
			<xmin>521</xmin>
			<ymin>771</ymin>
			<xmax>1802</xmax>
			<ymax>1452</ymax>
		</bndbox>
	</object>
</annotation>