<annotation>
	<folder>side국류원형배달육개장q2</folder>
	<filename>side_국류_원형배달_육개장_Q2_00041.JPG</filename>
	<path>/side국류원형배달육개장q2/side_국류_원형배달_육개장_Q2_00041.JPG</path>
	<source>
		<database>fooddata</database>
	</source>
	<size>
		<width>3008</width>
		<height>2000</height>
		<depth>3</depth>
	</size>
	<object>
		<name>ref_spoon</name>
		<bndbox>
			<xmin>277</xmin>
			<ymin>452</ymin>
			<xmax>557</xmax>
			<ymax>792</ymax>
		</bndbox>
	</object>
	<object>
		<name>ref_fork</name>
		<bndbox>
			<xmin>614</xmin>
			<ymin>495</ymin>
			<xmax>826</xmax>
			<ymax>892</ymax>
		</bndbox>
	</object>
	<object>
		<name>ref_coin</name>
		<bndbox>
			<xmin>2579</xmin>
			<ymin>1300</ymin>
			<xmax>2785</xmax>
			<ymax>1466</ymax>
		</bndbox>
	</object>
	<object>
		<name>dish</name>
		<bndbox>
			<xmin>1029</xmin>
			<ymin>225</ymin>
			<xmax>2384</xmax>
			<ymax>1431</ymax>
		</bndbox>
	</object>
	<object>
		<name>육개장</name>
		<bndbox>
			<xmin>1103</xmin>
			<ymin>530</ymin>
			<xmax>2260</xmax>
			<ymax>1083</ymax>
		</bndbox>
	</object>
</annotation>