<annotation>
	<folder>side국류원형배달육개장q2</folder>
	<filename>side_국류_원형배달_육개장_Q2_00016.JPG</filename>
	<path>/side국류원형배달육개장q2/side_국류_원형배달_육개장_Q2_00016.JPG</path>
	<source>
		<database>fooddata</database>
	</source>
	<size>
		<width>3008</width>
		<height>2000</height>
		<depth>3</depth>
	</size>
	<object>
		<name>ref_spoon</name>
		<bndbox>
			<xmin>2064</xmin>
			<ymin>370</ymin>
			<xmax>2341</xmax>
			<ymax>725</ymax>
		</bndbox>
	</object>
	<object>
		<name>ref_fork</name>
		<bndbox>
			<xmin>2494</xmin>
			<ymin>441</ymin>
			<xmax>2682</xmax>
			<ymax>860</ymax>
		</bndbox>
	</object>
	<object>
		<name>ref_coin</name>
		<bndbox>
			<xmin>866</xmin>
			<ymin>1637</ymin>
			<xmax>1103</xmax>
			<ymax>1832</ymax>
		</bndbox>
	</object>
	<object>
		<name>dish</name>
		<bndbox>
			<xmin>582</xmin>
			<ymin>129</ymin>
			<xmax>1986</xmax>
			<ymax>1406</ymax>
		</bndbox>
	</object>
	<object>
		<name>육개장</name>
		<bndbox>
			<xmin>678</xmin>
			<ymin>448</ymin>
			<xmax>1873</xmax>
			<ymax>1059</ymax>
		</bndbox>
	</object>
</annotation>