<annotation>
	<folder>side국류원형배달육개장q2</folder>
	<filename>side_국류_원형배달_육개장_Q2_00033.JPG</filename>
	<path>/side국류원형배달육개장q2/side_국류_원형배달_육개장_Q2_00033.JPG</path>
	<source>
		<database>fooddata</database>
	</source>
	<size>
		<width>3008</width>
		<height>2000</height>
		<depth>3</depth>
	</size>
	<object>
		<name>ref_spoon</name>
		<bndbox>
			<xmin>387</xmin>
			<ymin>1484</ymin>
			<xmax>830</xmax>
			<ymax>1772</ymax>
		</bndbox>
	</object>
	<object>
		<name>ref_fork</name>
		<bndbox>
			<xmin>646</xmin>
			<ymin>1261</ymin>
			<xmax>1110</xmax>
			<ymax>1527</ymax>
		</bndbox>
	</object>
	<object>
		<name>ref_coin</name>
		<bndbox>
			<xmin>2302</xmin>
			<ymin>1314</ymin>
			<xmax>2504</xmax>
			<ymax>1477</ymax>
		</bndbox>
	</object>
	<object>
		<name>dish</name>
		<bndbox>
			<xmin>883</xmin>
			<ymin>122</ymin>
			<xmax>2160</xmax>
			<ymax>1254</ymax>
		</bndbox>
	</object>
	<object>
		<name>육개장</name>
		<bndbox>
			<xmin>979</xmin>
			<ymin>406</ymin>
			<xmax>2029</xmax>
			<ymax>924</ymax>
		</bndbox>
	</object>
</annotation>