<annotation>
	<folder>side국류원형배달육개장q2</folder>
	<filename>side_국류_원형배달_육개장_Q2_00048.JPG</filename>
	<path>/side국류원형배달육개장q2/side_국류_원형배달_육개장_Q2_00048.JPG</path>
	<source>
		<database>fooddata</database>
	</source>
	<size>
		<width>3008</width>
		<height>2000</height>
		<depth>3</depth>
	</size>
	<object>
		<name>ref_spoon</name>
		<bndbox>
			<xmin>589</xmin>
			<ymin>452</ymin>
			<xmax>894</xmax>
			<ymax>828</ymax>
		</bndbox>
	</object>
	<object>
		<name>ref_fork</name>
		<bndbox>
			<xmin>958</xmin>
			<ymin>491</ymin>
			<xmax>1188</xmax>
			<ymax>924</ymax>
		</bndbox>
	</object>
	<object>
		<name>ref_coin</name>
		<bndbox>
			<xmin>50</xmin>
			<ymin>906</ymin>
			<xmax>284</xmax>
			<ymax>1069</ymax>
		</bndbox>
	</object>
	<object>
		<name>dish</name>
		<bndbox>
			<xmin>1327</xmin>
			<ymin>360</ymin>
			<xmax>2873</xmax>
			<ymax>1750</ymax>
		</bndbox>
	</object>
	<object>
		<name>육개장</name>
		<bndbox>
			<xmin>1419</xmin>
			<ymin>707</ymin>
			<xmax>2721</xmax>
			<ymax>1356</ymax>
		</bndbox>
	</object>
</annotation>