<annotation>
	<folder>side국류원형배달육개장q2</folder>
	<filename>side_국류_원형배달_육개장_Q2_00011.JPG</filename>
	<path>/side국류원형배달육개장q2/side_국류_원형배달_육개장_Q2_00011.JPG</path>
	<source>
		<database>fooddata</database>
	</source>
	<size>
		<width>3008</width>
		<height>2000</height>
		<depth>3</depth>
	</size>
	<object>
		<name>ref_spoon</name>
		<bndbox>
			<xmin>1983</xmin>
			<ymin>707</ymin>
			<xmax>2274</xmax>
			<ymax>1101</ymax>
		</bndbox>
	</object>
	<object>
		<name>ref_fork</name>
		<bndbox>
			<xmin>2423</xmin>
			<ymin>800</ymin>
			<xmax>2625</xmax>
			<ymax>1247</ymax>
		</bndbox>
	</object>
	<object>
		<name>ref_coin</name>
		<bndbox>
			<xmin>2164</xmin>
			<ymin>317</ymin>
			<xmax>2366</xmax>
			<ymax>466</ymax>
		</bndbox>
	</object>
	<object>
		<name>dish</name>
		<bndbox>
			<xmin>330</xmin>
			<ymin>445</ymin>
			<xmax>1848</xmax>
			<ymax>1832</ymax>
		</bndbox>
	</object>
	<object>
		<name>육개장</name>
		<bndbox>
			<xmin>426</xmin>
			<ymin>785</ymin>
			<xmax>1706</xmax>
			<ymax>1470</ymax>
		</bndbox>
	</object>
</annotation>