<annotation>
	<folder>side국류원형배달육개장q2</folder>
	<filename>side_국류_원형배달_육개장_Q2_00055.JPG</filename>
	<path>/side국류원형배달육개장q2/side_국류_원형배달_육개장_Q2_00055.JPG</path>
	<source>
		<database>fooddata</database>
	</source>
	<size>
		<width>3008</width>
		<height>2000</height>
		<depth>3</depth>
	</size>
	<object>
		<name>ref_spoon</name>
		<bndbox>
			<xmin>341</xmin>
			<ymin>360</ymin>
			<xmax>631</xmax>
			<ymax>743</ymax>
		</bndbox>
	</object>
	<object>
		<name>ref_fork</name>
		<bndbox>
			<xmin>706</xmin>
			<ymin>395</ymin>
			<xmax>908</xmax>
			<ymax>832</ymax>
		</bndbox>
	</object>
	<object>
		<name>ref_coin</name>
		<bndbox>
			<xmin>2561</xmin>
			<ymin>1466</ymin>
			<xmax>2795</xmax>
			<ymax>1654</ymax>
		</bndbox>
	</object>
	<object>
		<name>dish</name>
		<bndbox>
			<xmin>1054</xmin>
			<ymin>239</ymin>
			<xmax>2522</xmax>
			<ymax>1580</ymax>
		</bndbox>
	</object>
	<object>
		<name>육개장</name>
		<bndbox>
			<xmin>1149</xmin>
			<ymin>555</ymin>
			<xmax>2394</xmax>
			<ymax>1239</ymax>
		</bndbox>
	</object>
</annotation>