<annotation>
	<folder>side국류원형배달육개장q2</folder>
	<filename>side_국류_원형배달_육개장_Q2_00018.JPG</filename>
	<path>/side국류원형배달육개장q2/side_국류_원형배달_육개장_Q2_00018.JPG</path>
	<source>
		<database>fooddata</database>
	</source>
	<size>
		<width>3008</width>
		<height>2000</height>
		<depth>3</depth>
	</size>
	<object>
		<name>ref_spoon</name>
		<bndbox>
			<xmin>426</xmin>
			<ymin>1544</ymin>
			<xmax>869</xmax>
			<ymax>1821</ymax>
		</bndbox>
	</object>
	<object>
		<name>ref_fork</name>
		<bndbox>
			<xmin>670</xmin>
			<ymin>1310</ymin>
			<xmax>1156</xmax>
			<ymax>1559</ymax>
		</bndbox>
	</object>
	<object>
		<name>ref_coin</name>
		<bndbox>
			<xmin>358</xmin>
			<ymin>796</ymin>
			<xmax>560</xmax>
			<ymax>945</ymax>
		</bndbox>
	</object>
	<object>
		<name>dish</name>
		<bndbox>
			<xmin>894</xmin>
			<ymin>133</ymin>
			<xmax>2196</xmax>
			<ymax>1278</ymax>
		</bndbox>
	</object>
	<object>
		<name>육개장</name>
		<bndbox>
			<xmin>997</xmin>
			<ymin>427</ymin>
			<xmax>2089</xmax>
			<ymax>949</ymax>
		</bndbox>
	</object>
</annotation>