<annotation>
	<folder>side국류원형배달육개장q2</folder>
	<filename>side_국류_원형배달_육개장_Q2_00052.JPG</filename>
	<path>/side국류원형배달육개장q2/side_국류_원형배달_육개장_Q2_00052.JPG</path>
	<source>
		<database>fooddata</database>
	</source>
	<size>
		<width>3008</width>
		<height>2000</height>
		<depth>3</depth>
	</size>
	<object>
		<name>ref_spoon</name>
		<bndbox>
			<xmin>482</xmin>
			<ymin>236</ymin>
			<xmax>752</xmax>
			<ymax>580</ymax>
		</bndbox>
	</object>
	<object>
		<name>ref_fork</name>
		<bndbox>
			<xmin>816</xmin>
			<ymin>264</ymin>
			<xmax>1011</xmax>
			<ymax>672</ymax>
		</bndbox>
	</object>
	<object>
		<name>ref_coin</name>
		<bndbox>
			<xmin>1500</xmin>
			<ymin>1651</ymin>
			<xmax>1724</xmax>
			<ymax>1835</ymax>
		</bndbox>
	</object>
	<object>
		<name>dish</name>
		<bndbox>
			<xmin>1142</xmin>
			<ymin>129</ymin>
			<xmax>2504</xmax>
			<ymax>1378</ymax>
		</bndbox>
	</object>
	<object>
		<name>육개장</name>
		<bndbox>
			<xmin>1227</xmin>
			<ymin>427</ymin>
			<xmax>2380</xmax>
			<ymax>1059</ymax>
		</bndbox>
	</object>
</annotation>