<annotation>
	<folder>side국류원형배달육개장q2</folder>
	<filename>side_국류_원형배달_육개장_Q2_00047.JPG</filename>
	<path>/side국류원형배달육개장q2/side_국류_원형배달_육개장_Q2_00047.JPG</path>
	<source>
		<database>fooddata</database>
	</source>
	<size>
		<width>3008</width>
		<height>2000</height>
		<depth>3</depth>
	</size>
	<object>
		<name>ref_spoon</name>
		<bndbox>
			<xmin>529</xmin>
			<ymin>530</ymin>
			<xmax>837</xmax>
			<ymax>913</ymax>
		</bndbox>
	</object>
	<object>
		<name>ref_fork</name>
		<bndbox>
			<xmin>901</xmin>
			<ymin>580</ymin>
			<xmax>1132</xmax>
			<ymax>1012</ymax>
		</bndbox>
	</object>
	<object>
		<name>ref_coin</name>
		<bndbox>
			<xmin>85</xmin>
			<ymin>750</ymin>
			<xmax>309</xmax>
			<ymax>906</ymax>
		</bndbox>
	</object>
	<object>
		<name>dish</name>
		<bndbox>
			<xmin>1270</xmin>
			<ymin>445</ymin>
			<xmax>2816</xmax>
			<ymax>1828</ymax>
		</bndbox>
	</object>
	<object>
		<name>육개장</name>
		<bndbox>
			<xmin>1355</xmin>
			<ymin>789</ymin>
			<xmax>2664</xmax>
			<ymax>1438</ymax>
		</bndbox>
	</object>
</annotation>