<annotation>
	<folder>side국류원형배달육개장q2</folder>
	<filename>side_국류_원형배달_육개장_Q2_00049.JPG</filename>
	<path>/side국류원형배달육개장q2/side_국류_원형배달_육개장_Q2_00049.JPG</path>
	<source>
		<database>fooddata</database>
	</source>
	<size>
		<width>3008</width>
		<height>2000</height>
		<depth>3</depth>
	</size>
	<object>
		<name>ref_spoon</name>
		<bndbox>
			<xmin>826</xmin>
			<ymin>658</ymin>
			<xmax>1100</xmax>
			<ymax>1005</ymax>
		</bndbox>
	</object>
	<object>
		<name>ref_fork</name>
		<bndbox>
			<xmin>1160</xmin>
			<ymin>711</ymin>
			<xmax>1373</xmax>
			<ymax>1101</ymax>
		</bndbox>
	</object>
	<object>
		<name>ref_coin</name>
		<bndbox>
			<xmin>266</xmin>
			<ymin>1282</ymin>
			<xmax>490</xmax>
			<ymax>1445</ymax>
		</bndbox>
	</object>
	<object>
		<name>dish</name>
		<bndbox>
			<xmin>1504</xmin>
			<ymin>601</ymin>
			<xmax>2919</xmax>
			<ymax>1864</ymax>
		</bndbox>
	</object>
	<object>
		<name>육개장</name>
		<bndbox>
			<xmin>1593</xmin>
			<ymin>917</ymin>
			<xmax>2774</xmax>
			<ymax>1502</ymax>
		</bndbox>
	</object>
</annotation>