<annotation>
	<folder>side국류원형배달육개장q2</folder>
	<filename>side_국류_원형배달_육개장_Q2_00034.JPG</filename>
	<path>/side국류원형배달육개장q2/side_국류_원형배달_육개장_Q2_00034.JPG</path>
	<source>
		<database>fooddata</database>
	</source>
	<size>
		<width>3008</width>
		<height>2000</height>
		<depth>3</depth>
	</size>
	<object>
		<name>ref_spoon</name>
		<bndbox>
			<xmin>369</xmin>
			<ymin>1488</ymin>
			<xmax>823</xmax>
			<ymax>1764</ymax>
		</bndbox>
	</object>
	<object>
		<name>ref_fork</name>
		<bndbox>
			<xmin>624</xmin>
			<ymin>1261</ymin>
			<xmax>1093</xmax>
			<ymax>1527</ymax>
		</bndbox>
	</object>
	<object>
		<name>ref_coin</name>
		<bndbox>
			<xmin>2231</xmin>
			<ymin>1718</ymin>
			<xmax>2455</xmax>
			<ymax>1896</ymax>
		</bndbox>
	</object>
	<object>
		<name>dish</name>
		<bndbox>
			<xmin>912</xmin>
			<ymin>147</ymin>
			<xmax>2182</xmax>
			<ymax>1282</ymax>
		</bndbox>
	</object>
	<object>
		<name>육개장</name>
		<bndbox>
			<xmin>993</xmin>
			<ymin>434</ymin>
			<xmax>2047</xmax>
			<ymax>952</ymax>
		</bndbox>
	</object>
</annotation>