<annotation>
	<folder>side국류원형배달육개장q2</folder>
	<filename>side_국류_원형배달_육개장_Q2_00013.JPG</filename>
	<path>/side국류원형배달육개장q2/side_국류_원형배달_육개장_Q2_00013.JPG</path>
	<source>
		<database>fooddata</database>
	</source>
	<size>
		<width>3008</width>
		<height>2000</height>
		<depth>3</depth>
	</size>
	<object>
		<name>ref_spoon</name>
		<bndbox>
			<xmin>1986</xmin>
			<ymin>668</ymin>
			<xmax>2274</xmax>
			<ymax>1051</ymax>
		</bndbox>
	</object>
	<object>
		<name>ref_fork</name>
		<bndbox>
			<xmin>2426</xmin>
			<ymin>764</ymin>
			<xmax>2628</xmax>
			<ymax>1204</ymax>
		</bndbox>
	</object>
	<object>
		<name>ref_coin</name>
		<bndbox>
			<xmin>2302</xmin>
			<ymin>480</ymin>
			<xmax>2511</xmax>
			<ymax>629</ymax>
		</bndbox>
	</object>
	<object>
		<name>dish</name>
		<bndbox>
			<xmin>294</xmin>
			<ymin>377</ymin>
			<xmax>1813</xmax>
			<ymax>1743</ymax>
		</bndbox>
	</object>
	<object>
		<name>육개장</name>
		<bndbox>
			<xmin>387</xmin>
			<ymin>711</ymin>
			<xmax>1681</xmax>
			<ymax>1381</ymax>
		</bndbox>
	</object>
</annotation>