<annotation>
	<folder>top국류원형배달육개장q2</folder>
	<filename>top_국류_원형배달_육개장_Q2_00018.JPG</filename>
	<path>/top국류원형배달육개장q2/top_국류_원형배달_육개장_Q2_00018.JPG</path>
	<source>
		<database>fooddata</database>
	</source>
	<size>
		<width>3008</width>
		<height>2000</height>
		<depth>3</depth>
	</size>
	<object>
		<name>ref_spoon</name>
		<bndbox>
			<xmin>681</xmin>
			<ymin>1668</ymin>
			<xmax>1108</xmax>
			<ymax>1943</ymax>
		</bndbox>
	</object>
	<object>
		<name>ref_fork</name>
		<bndbox>
			<xmin>732</xmin>
			<ymin>1404</ymin>
			<xmax>1174</xmax>
			<ymax>1612</ymax>
		</bndbox>
	</object>
	<object>
		<name>ref_coin</name>
		<bndbox>
			<xmin>539</xmin>
			<ymin>1124</ymin>
			<xmax>742</xmax>
			<ymax>1307</ymax>
		</bndbox>
	</object>
	<object>
		<name>dish</name>
		<bndbox>
			<xmin>716</xmin>
			<ymin>68</ymin>
			<xmax>2012</xmax>
			<ymax>1312</ymax>
		</bndbox>
	</object>
	<object>
		<name>육개장</name>
		<bndbox>
			<xmin>843</xmin>
			<ymin>215</ymin>
			<xmax>1900</xmax>
			<ymax>1267</ymax>
		</bndbox>
	</object>
</annotation>