<annotation>
	<folder>top국류원형배달육개장q2</folder>
	<filename>top_국류_원형배달_육개장_Q2_00033.JPG</filename>
	<path>/top국류원형배달육개장q2/top_국류_원형배달_육개장_Q2_00033.JPG</path>
	<source>
		<database>fooddata</database>
	</source>
	<size>
		<width>3008</width>
		<height>2000</height>
		<depth>3</depth>
	</size>
	<object>
		<name>ref_spoon</name>
		<bndbox>
			<xmin>711</xmin>
			<ymin>1577</ymin>
			<xmax>1087</xmax>
			<ymax>1831</ymax>
		</bndbox>
	</object>
	<object>
		<name>ref_fork</name>
		<bndbox>
			<xmin>752</xmin>
			<ymin>1333</ymin>
			<xmax>1179</xmax>
			<ymax>1526</ymax>
		</bndbox>
	</object>
	<object>
		<name>ref_coin</name>
		<bndbox>
			<xmin>2063</xmin>
			<ymin>1516</ymin>
			<xmax>2256</xmax>
			<ymax>1699</ymax>
		</bndbox>
	</object>
	<object>
		<name>dish</name>
		<bndbox>
			<xmin>843</xmin>
			<ymin>108</ymin>
			<xmax>2032</xmax>
			<ymax>1267</ymax>
		</bndbox>
	</object>
	<object>
		<name>육개장</name>
		<bndbox>
			<xmin>940</xmin>
			<ymin>296</ymin>
			<xmax>1916</xmax>
			<ymax>1231</ymax>
		</bndbox>
	</object>
</annotation>