<annotation>
	<folder>top국류원형배달육개장q2</folder>
	<filename>top_국류_원형배달_육개장_Q2_00003.JPG</filename>
	<path>/top국류원형배달육개장q2/top_국류_원형배달_육개장_Q2_00003.JPG</path>
	<source>
		<database>fooddata</database>
	</source>
	<size>
		<width>3008</width>
		<height>2000</height>
		<depth>3</depth>
	</size>
	<object>
		<name>ref_spoon</name>
		<bndbox>
			<xmin>1910</xmin>
			<ymin>195</ymin>
			<xmax>2175</xmax>
			<ymax>611</ymax>
		</bndbox>
	</object>
	<object>
		<name>ref_fork</name>
		<bndbox>
			<xmin>2286</xmin>
			<ymin>256</ymin>
			<xmax>2490</xmax>
			<ymax>723</ymax>
		</bndbox>
	</object>
	<object>
		<name>ref_coin</name>
		<bndbox>
			<xmin>899</xmin>
			<ymin>1592</ymin>
			<xmax>1108</xmax>
			<ymax>1800</ymax>
		</bndbox>
	</object>
	<object>
		<name>dish</name>
		<bndbox>
			<xmin>422</xmin>
			<ymin>108</ymin>
			<xmax>1839</xmax>
			<ymax>1480</ymax>
		</bndbox>
	</object>
	<object>
		<name>육개장</name>
		<bndbox>
			<xmin>600</xmin>
			<ymin>266</ymin>
			<xmax>1728</xmax>
			<ymax>1434</ymax>
		</bndbox>
	</object>
</annotation>