<annotation>
	<folder>top국류원형배달육개장q2</folder>
	<filename>top_국류_원형배달_육개장_Q2_00027.JPG</filename>
	<path>/top국류원형배달육개장q2/top_국류_원형배달_육개장_Q2_00027.JPG</path>
	<source>
		<database>fooddata</database>
	</source>
	<size>
		<width>3008</width>
		<height>2000</height>
		<depth>3</depth>
	</size>
	<object>
		<name>ref_spoon</name>
		<bndbox>
			<xmin>727</xmin>
			<ymin>1577</ymin>
			<xmax>1118</xmax>
			<ymax>1851</ymax>
		</bndbox>
	</object>
	<object>
		<name>ref_fork</name>
		<bndbox>
			<xmin>782</xmin>
			<ymin>1343</ymin>
			<xmax>1214</xmax>
			<ymax>1531</ymax>
		</bndbox>
	</object>
	<object>
		<name>ref_coin</name>
		<bndbox>
			<xmin>2053</xmin>
			<ymin>459</ymin>
			<xmax>2231</xmax>
			<ymax>632</ymax>
		</bndbox>
	</object>
	<object>
		<name>dish</name>
		<bndbox>
			<xmin>788</xmin>
			<ymin>52</ymin>
			<xmax>2022</xmax>
			<ymax>1262</ymax>
		</bndbox>
	</object>
	<object>
		<name>육개장</name>
		<bndbox>
			<xmin>884</xmin>
			<ymin>220</ymin>
			<xmax>1885</xmax>
			<ymax>1221</ymax>
		</bndbox>
	</object>
</annotation>