<annotation>
	<folder>top국류원형배달육개장q2</folder>
	<filename>top_국류_원형배달_육개장_Q2_00009.JPG</filename>
	<path>/top국류원형배달육개장q2/top_국류_원형배달_육개장_Q2_00009.JPG</path>
	<source>
		<database>fooddata</database>
	</source>
	<size>
		<width>3008</width>
		<height>2000</height>
		<depth>3</depth>
	</size>
	<object>
		<name>ref_spoon</name>
		<bndbox>
			<xmin>2048</xmin>
			<ymin>439</ymin>
			<xmax>2337</xmax>
			<ymax>865</ymax>
		</bndbox>
	</object>
	<object>
		<name>ref_fork</name>
		<bndbox>
			<xmin>2419</xmin>
			<ymin>540</ymin>
			<xmax>2662</xmax>
			<ymax>1008</ymax>
		</bndbox>
	</object>
	<object>
		<name>ref_coin</name>
		<bndbox>
			<xmin>346</xmin>
			<ymin>291</ymin>
			<xmax>569</xmax>
			<ymax>500</ymax>
		</bndbox>
	</object>
	<object>
		<name>dish</name>
		<bndbox>
			<xmin>544</xmin>
			<ymin>352</ymin>
			<xmax>2022</xmax>
			<ymax>1800</ymax>
		</bndbox>
	</object>
	<object>
		<name>육개장</name>
		<bndbox>
			<xmin>686</xmin>
			<ymin>530</ymin>
			<xmax>1860</xmax>
			<ymax>1719</ymax>
		</bndbox>
	</object>
</annotation>