<annotation>
	<folder>side육류부피사각배달순대볶음q3</folder>
	<filename>side_육류부피_사각배달_순대볶음_Q3_00043.JPG</filename>
	<path>/side육류부피사각배달순대볶음q3/side_육류부피_사각배달_순대볶음_Q3_00043.JPG</path>
	<source>
		<database>fooddata</database>
	</source>
	<size>
		<width>3008</width>
		<height>2000</height>
		<depth>3</depth>
	</size>
	<object>
		<name>ref_spoon</name>
		<bndbox>
			<xmin>220</xmin>
			<ymin>768</ymin>
			<xmax>521</xmax>
			<ymax>1146</ymax>
		</bndbox>
	</object>
	<object>
		<name>ref_fork</name>
		<bndbox>
			<xmin>638</xmin>
			<ymin>747</ymin>
			<xmax>832</xmax>
			<ymax>1186</ymax>
		</bndbox>
	</object>
	<object>
		<name>ref_coin</name>
		<bndbox>
			<xmin>1032</xmin>
			<ymin>686</ymin>
			<xmax>1241</xmax>
			<ymax>829</ymax>
		</bndbox>
	</object>
	<object>
		<name>dish</name>
		<bndbox>
			<xmin>1246</xmin>
			<ymin>696</ymin>
			<xmax>2865</xmax>
			<ymax>1682</ymax>
		</bndbox>
	</object>
	<object>
		<name>순대볶음</name>
		<bndbox>
			<xmin>1348</xmin>
			<ymin>890</ymin>
			<xmax>2666</xmax>
			<ymax>1370</ymax>
		</bndbox>
	</object>
</annotation>