<annotation>
	<folder>side육류부피사각배달순대볶음q3</folder>
	<filename>side_육류부피_사각배달_순대볶음_Q3_00019.JPG</filename>
	<path>/side육류부피사각배달순대볶음q3/side_육류부피_사각배달_순대볶음_Q3_00019.JPG</path>
	<source>
		<database>fooddata</database>
	</source>
	<size>
		<width>3008</width>
		<height>2000</height>
		<depth>3</depth>
	</size>
	<object>
		<name>ref_spoon</name>
		<bndbox>
			<xmin>838</xmin>
			<ymin>1605</ymin>
			<xmax>1312</xmax>
			<ymax>1850</ymax>
		</bndbox>
	</object>
	<object>
		<name>ref_fork</name>
		<bndbox>
			<xmin>858</xmin>
			<ymin>1329</ymin>
			<xmax>1369</xmax>
			<ymax>1554</ymax>
		</bndbox>
	</object>
	<object>
		<name>ref_coin</name>
		<bndbox>
			<xmin>2436</xmin>
			<ymin>1105</ymin>
			<xmax>2635</xmax>
			<ymax>1237</ymax>
		</bndbox>
	</object>
	<object>
		<name>dish</name>
		<bndbox>
			<xmin>858</xmin>
			<ymin>206</ymin>
			<xmax>2324</xmax>
			<ymax>1207</ymax>
		</bndbox>
	</object>
	<object>
		<name>순대볶음</name>
		<bndbox>
			<xmin>1016</xmin>
			<ymin>415</ymin>
			<xmax>2211</xmax>
			<ymax>936</ymax>
		</bndbox>
	</object>
</annotation>