<annotation>
	<folder>side육류부피사각배달순대볶음q3</folder>
	<filename>side_육류부피_사각배달_순대볶음_Q3_00016.JPG</filename>
	<path>/side육류부피사각배달순대볶음q3/side_육류부피_사각배달_순대볶음_Q3_00016.JPG</path>
	<source>
		<database>fooddata</database>
	</source>
	<size>
		<width>3008</width>
		<height>2000</height>
		<depth>3</depth>
	</size>
	<object>
		<name>ref_spoon</name>
		<bndbox>
			<xmin>2073</xmin>
			<ymin>599</ymin>
			<xmax>2324</xmax>
			<ymax>962</ymax>
		</bndbox>
	</object>
	<object>
		<name>ref_fork</name>
		<bndbox>
			<xmin>2441</xmin>
			<ymin>584</ymin>
			<xmax>2651</xmax>
			<ymax>987</ymax>
		</bndbox>
	</object>
	<object>
		<name>ref_coin</name>
		<bndbox>
			<xmin>363</xmin>
			<ymin>1319</ymin>
			<xmax>577</xmax>
			<ymax>1472</ymax>
		</bndbox>
	</object>
	<object>
		<name>dish</name>
		<bndbox>
			<xmin>761</xmin>
			<ymin>512</ymin>
			<xmax>2068</xmax>
			<ymax>1718</ymax>
		</bndbox>
	</object>
	<object>
		<name>순대볶음</name>
		<bndbox>
			<xmin>1098</xmin>
			<ymin>757</ymin>
			<xmax>1971</xmax>
			<ymax>1442</ymax>
		</bndbox>
	</object>
</annotation>