<annotation>
	<folder>side육류부피사각배달순대볶음q3</folder>
	<filename>side_육류부피_사각배달_순대볶음_Q3_00014.JPG</filename>
	<path>/side육류부피사각배달순대볶음q3/side_육류부피_사각배달_순대볶음_Q3_00014.JPG</path>
	<source>
		<database>fooddata</database>
	</source>
	<size>
		<width>3008</width>
		<height>2000</height>
		<depth>3</depth>
	</size>
	<object>
		<name>ref_spoon</name>
		<bndbox>
			<xmin>2099</xmin>
			<ymin>614</ymin>
			<xmax>2354</xmax>
			<ymax>982</ymax>
		</bndbox>
	</object>
	<object>
		<name>ref_fork</name>
		<bndbox>
			<xmin>2472</xmin>
			<ymin>604</ymin>
			<xmax>2671</xmax>
			<ymax>1003</ymax>
		</bndbox>
	</object>
	<object>
		<name>ref_coin</name>
		<bndbox>
			<xmin>955</xmin>
			<ymin>1651</ymin>
			<xmax>1185</xmax>
			<ymax>1809</ymax>
		</bndbox>
	</object>
	<object>
		<name>dish</name>
		<bndbox>
			<xmin>531</xmin>
			<ymin>553</ymin>
			<xmax>2012</xmax>
			<ymax>1498</ymax>
		</bndbox>
	</object>
	<object>
		<name>순대볶음</name>
		<bndbox>
			<xmin>781</xmin>
			<ymin>783</ymin>
			<xmax>1936</xmax>
			<ymax>1212</ymax>
		</bndbox>
	</object>
</annotation>