<annotation>
	<folder>side육류부피사각배달순대볶음q3</folder>
	<filename>side_육류부피_사각배달_순대볶음_Q3_00051.JPG</filename>
	<path>/side육류부피사각배달순대볶음q3/side_육류부피_사각배달_순대볶음_Q3_00051.JPG</path>
	<source>
		<database>fooddata</database>
	</source>
	<size>
		<width>3008</width>
		<height>2000</height>
		<depth>3</depth>
	</size>
	<object>
		<name>ref_spoon</name>
		<bndbox>
			<xmin>250</xmin>
			<ymin>814</ymin>
			<xmax>526</xmax>
			<ymax>1232</ymax>
		</bndbox>
	</object>
	<object>
		<name>ref_fork</name>
		<bndbox>
			<xmin>659</xmin>
			<ymin>778</ymin>
			<xmax>873</xmax>
			<ymax>1237</ymax>
		</bndbox>
	</object>
	<object>
		<name>ref_coin</name>
		<bndbox>
			<xmin>2513</xmin>
			<ymin>1615</ymin>
			<xmax>2748</xmax>
			<ymax>1774</ymax>
		</bndbox>
	</object>
	<object>
		<name>dish</name>
		<bndbox>
			<xmin>1124</xmin>
			<ymin>390</ymin>
			<xmax>2308</xmax>
			<ymax>1610</ymax>
		</bndbox>
	</object>
	<object>
		<name>순대볶음</name>
		<bndbox>
			<xmin>1210</xmin>
			<ymin>640</ymin>
			<xmax>2181</xmax>
			<ymax>1329</ymax>
		</bndbox>
	</object>
</annotation>