<annotation>
	<folder>side육류부피사각배달순대볶음q3</folder>
	<filename>side_육류부피_사각배달_순대볶음_Q3_00030.JPG</filename>
	<path>/side육류부피사각배달순대볶음q3/side_육류부피_사각배달_순대볶음_Q3_00030.JPG</path>
	<source>
		<database>fooddata</database>
	</source>
	<size>
		<width>3008</width>
		<height>2000</height>
		<depth>3</depth>
	</size>
	<object>
		<name>ref_spoon</name>
		<bndbox>
			<xmin>603</xmin>
			<ymin>722</ymin>
			<xmax>863</xmax>
			<ymax>1130</ymax>
		</bndbox>
	</object>
	<object>
		<name>ref_fork</name>
		<bndbox>
			<xmin>991</xmin>
			<ymin>706</ymin>
			<xmax>1175</xmax>
			<ymax>1135</ymax>
		</bndbox>
	</object>
	<object>
		<name>ref_coin</name>
		<bndbox>
			<xmin>1496</xmin>
			<ymin>1733</ymin>
			<xmax>1716</xmax>
			<ymax>1896</ymax>
		</bndbox>
	</object>
	<object>
		<name>dish</name>
		<bndbox>
			<xmin>1512</xmin>
			<ymin>395</ymin>
			<xmax>2610</xmax>
			<ymax>1544</ymax>
		</bndbox>
	</object>
	<object>
		<name>순대볶음</name>
		<bndbox>
			<xmin>1619</xmin>
			<ymin>640</ymin>
			<xmax>2482</xmax>
			<ymax>1258</ymax>
		</bndbox>
	</object>
</annotation>