<annotation>
	<folder>top육류부피사각배달순대볶음q3</folder>
	<filename>top_육류부피_사각배달_순대볶음_Q3_00039.JPG</filename>
	<path>/top육류부피사각배달순대볶음q3/top_육류부피_사각배달_순대볶음_Q3_00039.JPG</path>
	<source>
		<database>fooddata</database>
	</source>
	<size>
		<width>3008</width>
		<height>2000</height>
		<depth>3</depth>
	</size>
	<object>
		<name>ref_spoon</name>
		<bndbox>
			<xmin>421</xmin>
			<ymin>556</ymin>
			<xmax>688</xmax>
			<ymax>956</ymax>
		</bndbox>
	</object>
	<object>
		<name>ref_fork</name>
		<bndbox>
			<xmin>741</xmin>
			<ymin>543</ymin>
			<xmax>967</xmax>
			<ymax>982</ymax>
		</bndbox>
	</object>
	<object>
		<name>ref_coin</name>
		<bndbox>
			<xmin>2560</xmin>
			<ymin>1102</ymin>
			<xmax>2737</xmax>
			<ymax>1284</ymax>
		</bndbox>
	</object>
	<object>
		<name>dish</name>
		<bndbox>
			<xmin>1282</xmin>
			<ymin>188</ymin>
			<xmax>2396</xmax>
			<ymax>1657</ymax>
		</bndbox>
	</object>
	<object>
		<name>순대볶음</name>
		<bndbox>
			<xmin>1402</xmin>
			<ymin>326</ymin>
			<xmax>2258</xmax>
			<ymax>1537</ymax>
		</bndbox>
	</object>
</annotation>