<annotation>
	<folder>top육류부피사각배달순대볶음q3</folder>
	<filename>top_육류부피_사각배달_순대볶음_Q3_00002.JPG</filename>
	<path>/top육류부피사각배달순대볶음q3/top_육류부피_사각배달_순대볶음_Q3_00002.JPG</path>
	<source>
		<database>fooddata</database>
	</source>
	<size>
		<width>3008</width>
		<height>2000</height>
		<depth>3</depth>
	</size>
	<object>
		<name>ref_spoon</name>
		<bndbox>
			<xmin>2169</xmin>
			<ymin>237</ymin>
			<xmax>2436</xmax>
			<ymax>645</ymax>
		</bndbox>
	</object>
	<object>
		<name>ref_fork</name>
		<bndbox>
			<xmin>2431</xmin>
			<ymin>366</ymin>
			<xmax>2626</xmax>
			<ymax>814</ymax>
		</bndbox>
	</object>
	<object>
		<name>ref_coin</name>
		<bndbox>
			<xmin>1593</xmin>
			<ymin>1683</ymin>
			<xmax>1792</xmax>
			<ymax>1874</ymax>
		</bndbox>
	</object>
	<object>
		<name>dish</name>
		<bndbox>
			<xmin>479</xmin>
			<ymin>339</ymin>
			<xmax>2103</xmax>
			<ymax>1657</ymax>
		</bndbox>
	</object>
	<object>
		<name>순대볶음</name>
		<bndbox>
			<xmin>612</xmin>
			<ymin>481</ymin>
			<xmax>1748</xmax>
			<ymax>1430</ymax>
		</bndbox>
	</object>
</annotation>