<annotation>
	<folder>top육류부피사각배달순대볶음q3</folder>
	<filename>top_육류부피_사각배달_순대볶음_Q3_00004.JPG</filename>
	<path>/top육류부피사각배달순대볶음q3/top_육류부피_사각배달_순대볶음_Q3_00004.JPG</path>
	<source>
		<database>fooddata</database>
	</source>
	<size>
		<width>3008</width>
		<height>2000</height>
		<depth>3</depth>
	</size>
	<object>
		<name>ref_spoon</name>
		<bndbox>
			<xmin>2276</xmin>
			<ymin>215</ymin>
			<xmax>2542</xmax>
			<ymax>636</ymax>
		</bndbox>
	</object>
	<object>
		<name>ref_fork</name>
		<bndbox>
			<xmin>2524</xmin>
			<ymin>348</ymin>
			<xmax>2737</xmax>
			<ymax>809</ymax>
		</bndbox>
	</object>
	<object>
		<name>ref_coin</name>
		<bndbox>
			<xmin>852</xmin>
			<ymin>1665</ymin>
			<xmax>1056</xmax>
			<ymax>1865</ymax>
		</bndbox>
	</object>
	<object>
		<name>dish</name>
		<bndbox>
			<xmin>843</xmin>
			<ymin>135</ymin>
			<xmax>2081</xmax>
			<ymax>1692</ymax>
		</bndbox>
	</object>
	<object>
		<name>순대볶음</name>
		<bndbox>
			<xmin>949</xmin>
			<ymin>268</ymin>
			<xmax>1894</xmax>
			<ymax>1479</ymax>
		</bndbox>
	</object>
</annotation>