<annotation>
	<folder>top순대볶음q3재작업</folder>
	<filename>top_육류부피_사각배달_순대볶음_Q3_00047.JPG</filename>
	<path>/top육류부피사각배달순대볶음q3/top_육류부피_사각배달_순대볶음_Q3_00047.JPG</path>
	<source>
		<database>fooddata</database>
	</source>
	<size>
		<width>3008</width>
		<height>2000</height>
		<depth>3</depth>
	</size>
	<object>
		<name>ref_spoon</name>
		<bndbox>
			<xmin>166</xmin>
			<ymin>345</ymin>
			<xmax>463</xmax>
			<ymax>762</ymax>
		</bndbox>
	</object>
	<object>
		<name>ref_fork</name>
		<bndbox>
			<xmin>527</xmin>
			<ymin>348</ymin>
			<xmax>744</xmax>
			<ymax>801</ymax>
		</bndbox>
	</object>
	<object>
		<name>ref_coin</name>
		<bndbox>
			<xmin>2507</xmin>
			<ymin>844</ymin>
			<xmax>2683</xmax>
			<ymax>1028</ymax>
		</bndbox>
	</object>
	<object>
		<name>dish</name>
		<bndbox>
			<xmin>870</xmin>
			<ymin>320</ymin>
			<xmax>2414</xmax>
			<ymax>1847</ymax>
		</bndbox>
	</object>
	<object>
		<name>순대볶음</name>
		<bndbox>
			<xmin>1005</xmin>
			<ymin>775</ymin>
			<xmax>2256</xmax>
			<ymax>1688</ymax>
		</bndbox>
	</object>
</annotation>