<annotation>
	<folder>top육류부피사각배달순대볶음q3</folder>
	<filename>top_육류부피_사각배달_순대볶음_Q3_00005.JPG</filename>
	<path>/top육류부피사각배달순대볶음q3/top_육류부피_사각배달_순대볶음_Q3_00005.JPG</path>
	<source>
		<database>fooddata</database>
	</source>
	<size>
		<width>3008</width>
		<height>2000</height>
		<depth>3</depth>
	</size>
	<object>
		<name>ref_spoon</name>
		<bndbox>
			<xmin>2303</xmin>
			<ymin>126</ymin>
			<xmax>2569</xmax>
			<ymax>552</ymax>
		</bndbox>
	</object>
	<object>
		<name>ref_fork</name>
		<bndbox>
			<xmin>2551</xmin>
			<ymin>264</ymin>
			<xmax>2768</xmax>
			<ymax>720</ymax>
		</bndbox>
	</object>
	<object>
		<name>ref_coin</name>
		<bndbox>
			<xmin>595</xmin>
			<ymin>1226</ymin>
			<xmax>803</xmax>
			<ymax>1430</ymax>
		</bndbox>
	</object>
	<object>
		<name>dish</name>
		<bndbox>
			<xmin>1012</xmin>
			<ymin>255</ymin>
			<xmax>2143</xmax>
			<ymax>1816</ymax>
		</bndbox>
	</object>
	<object>
		<name>순대볶음</name>
		<bndbox>
			<xmin>1136</xmin>
			<ymin>357</ymin>
			<xmax>2010</xmax>
			<ymax>1555</ymax>
		</bndbox>
	</object>
</annotation>