<annotation>
	<folder>side육류부피접시오징어볶음q3</folder>
	<filename>side_육류부피_접시_오징어볶음_Q3_00016.JPG</filename>
	<path>/side육류부피접시오징어볶음q3/side_육류부피_접시_오징어볶음_Q3_00016.JPG</path>
	<source>
		<database>fooddata</database>
	</source>
	<size>
		<width>720</width>
		<height>480</height>
		<depth>3</depth>
	</size>
	<object>
		<name>ref_spoon</name>
		<bndbox>
			<xmin>196</xmin>
			<ymin>378</ymin>
			<xmax>319</xmax>
			<ymax>451</ymax>
		</bndbox>
	</object>
	<object>
		<name>ref_fork</name>
		<bndbox>
			<xmin>230</xmin>
			<ymin>309</ymin>
			<xmax>346</xmax>
			<ymax>372</ymax>
		</bndbox>
	</object>
	<object>
		<name>ref_coin</name>
		<bndbox>
			<xmin>579</xmin>
			<ymin>113</ymin>
			<xmax>627</xmax>
			<ymax>148</ymax>
		</bndbox>
	</object>
	<object>
		<name>dish</name>
		<bndbox>
			<xmin>253</xmin>
			<ymin>65</ymin>
			<xmax>588</xmax>
			<ymax>314</ymax>
		</bndbox>
	</object>
	<object>
		<name>오징어볶음</name>
		<bndbox>
			<xmin>329</xmin>
			<ymin>110</ymin>
			<xmax>513</xmax>
			<ymax>274</ymax>
		</bndbox>
	</object>
</annotation>