<annotation>
	<folder>side육류부피접시오징어볶음q3</folder>
	<filename>side_육류부피_접시_오징어볶음_Q3_00035.JPG</filename>
	<path>/side육류부피접시오징어볶음q3/side_육류부피_접시_오징어볶음_Q3_00035.JPG</path>
	<source>
		<database>fooddata</database>
	</source>
	<size>
		<width>720</width>
		<height>480</height>
		<depth>3</depth>
	</size>
	<object>
		<name>ref_spoon</name>
		<bndbox>
			<xmin>169</xmin>
			<ymin>65</ymin>
			<xmax>237</xmax>
			<ymax>162</ymax>
		</bndbox>
	</object>
	<object>
		<name>ref_fork</name>
		<bndbox>
			<xmin>262</xmin>
			<ymin>82</ymin>
			<xmax>309</xmax>
			<ymax>195</ymax>
		</bndbox>
	</object>
	<object>
		<name>ref_coin</name>
		<bndbox>
			<xmin>506</xmin>
			<ymin>49</ymin>
			<xmax>555</xmax>
			<ymax>84</ymax>
		</bndbox>
	</object>
	<object>
		<name>dish</name>
		<bndbox>
			<xmin>313</xmin>
			<ymin>92</ymin>
			<xmax>679</xmax>
			<ymax>365</ymax>
		</bndbox>
	</object>
	<object>
		<name>오징어볶음</name>
		<bndbox>
			<xmin>342</xmin>
			<ymin>132</ymin>
			<xmax>667</xmax>
			<ymax>342</ymax>
		</bndbox>
	</object>
</annotation>