<annotation>
	<folder>side육류부피접시오징어볶음q3</folder>
	<filename>side_육류부피_접시_오징어볶음_Q3_00013.JPG</filename>
	<path>/side육류부피접시오징어볶음q3/side_육류부피_접시_오징어볶음_Q3_00013.JPG</path>
	<source>
		<database>fooddata</database>
	</source>
	<size>
		<width>720</width>
		<height>480</height>
		<depth>3</depth>
	</size>
	<object>
		<name>ref_spoon</name>
		<bndbox>
			<xmin>177</xmin>
			<ymin>388</ymin>
			<xmax>310</xmax>
			<ymax>458</ymax>
		</bndbox>
	</object>
	<object>
		<name>ref_fork</name>
		<bndbox>
			<xmin>206</xmin>
			<ymin>319</ymin>
			<xmax>334</xmax>
			<ymax>380</ymax>
		</bndbox>
	</object>
	<object>
		<name>ref_coin</name>
		<bndbox>
			<xmin>573</xmin>
			<ymin>266</ymin>
			<xmax>622</xmax>
			<ymax>306</ymax>
		</bndbox>
	</object>
	<object>
		<name>dish</name>
		<bndbox>
			<xmin>222</xmin>
			<ymin>72</ymin>
			<xmax>553</xmax>
			<ymax>319</ymax>
		</bndbox>
	</object>
	<object>
		<name>오징어볶음</name>
		<bndbox>
			<xmin>291</xmin>
			<ymin>124</ymin>
			<xmax>488</xmax>
			<ymax>264</ymax>
		</bndbox>
	</object>
</annotation>