<annotation>
	<folder>side육류부피접시오징어볶음q3</folder>
	<filename>side_육류부피_접시_오징어볶음_Q3_00038.JPG</filename>
	<path>/side육류부피접시오징어볶음q3/side_육류부피_접시_오징어볶음_Q3_00038.JPG</path>
	<source>
		<database>fooddata</database>
	</source>
	<size>
		<width>720</width>
		<height>480</height>
		<depth>3</depth>
	</size>
	<object>
		<name>ref_spoon</name>
		<bndbox>
			<xmin>151</xmin>
			<ymin>136</ymin>
			<xmax>221</xmax>
			<ymax>229</ymax>
		</bndbox>
	</object>
	<object>
		<name>ref_fork</name>
		<bndbox>
			<xmin>246</xmin>
			<ymin>151</ymin>
			<xmax>294</xmax>
			<ymax>260</ymax>
		</bndbox>
	</object>
	<object>
		<name>ref_coin</name>
		<bndbox>
			<xmin>324</xmin>
			<ymin>115</ymin>
			<xmax>372</xmax>
			<ymax>149</ymax>
		</bndbox>
	</object>
	<object>
		<name>dish</name>
		<bndbox>
			<xmin>311</xmin>
			<ymin>157</ymin>
			<xmax>678</xmax>
			<ymax>427</ymax>
		</bndbox>
	</object>
	<object>
		<name>오징어볶음</name>
		<bndbox>
			<xmin>337</xmin>
			<ymin>191</ymin>
			<xmax>664</xmax>
			<ymax>406</ymax>
		</bndbox>
	</object>
</annotation>