<annotation>
	<folder>side육류부피접시오징어볶음q3</folder>
	<filename>side_육류부피_접시_오징어볶음_Q3_00022.JPG</filename>
	<path>/side육류부피접시오징어볶음q3/side_육류부피_접시_오징어볶음_Q3_00022.JPG</path>
	<source>
		<database>fooddata</database>
	</source>
	<size>
		<width>720</width>
		<height>480</height>
		<depth>3</depth>
	</size>
	<object>
		<name>ref_spoon</name>
		<bndbox>
			<xmin>240</xmin>
			<ymin>372</ymin>
			<xmax>355</xmax>
			<ymax>439</ymax>
		</bndbox>
	</object>
	<object>
		<name>ref_fork</name>
		<bndbox>
			<xmin>273</xmin>
			<ymin>305</ymin>
			<xmax>385</xmax>
			<ymax>366</ymax>
		</bndbox>
	</object>
	<object>
		<name>ref_coin</name>
		<bndbox>
			<xmin>315</xmin>
			<ymin>45</ymin>
			<xmax>356</xmax>
			<ymax>76</ymax>
		</bndbox>
	</object>
	<object>
		<name>dish</name>
		<bndbox>
			<xmin>313</xmin>
			<ymin>76</ymin>
			<xmax>623</xmax>
			<ymax>308</ymax>
		</bndbox>
	</object>
	<object>
		<name>오징어볶음</name>
		<bndbox>
			<xmin>381</xmin>
			<ymin>127</ymin>
			<xmax>556</xmax>
			<ymax>271</ymax>
		</bndbox>
	</object>
</annotation>