<annotation>
	<folder>side육류부피접시오징어볶음q3</folder>
	<filename>side_육류부피_접시_오징어볶음_Q3_00024.JPG</filename>
	<path>/side육류부피접시오징어볶음q3/side_육류부피_접시_오징어볶음_Q3_00024.JPG</path>
	<source>
		<database>fooddata</database>
	</source>
	<size>
		<width>720</width>
		<height>480</height>
		<depth>3</depth>
	</size>
	<object>
		<name>ref_spoon</name>
		<bndbox>
			<xmin>150</xmin>
			<ymin>108</ymin>
			<xmax>217</xmax>
			<ymax>206</ymax>
		</bndbox>
	</object>
	<object>
		<name>ref_fork</name>
		<bndbox>
			<xmin>239</xmin>
			<ymin>126</ymin>
			<xmax>287</xmax>
			<ymax>235</ymax>
		</bndbox>
	</object>
	<object>
		<name>ref_coin</name>
		<bndbox>
			<xmin>257</xmin>
			<ymin>335</ymin>
			<xmax>311</xmax>
			<ymax>378</ymax>
		</bndbox>
	</object>
	<object>
		<name>dish</name>
		<bndbox>
			<xmin>340</xmin>
			<ymin>145</ymin>
			<xmax>697</xmax>
			<ymax>414</ymax>
		</bndbox>
	</object>
	<object>
		<name>오징어볶음</name>
		<bndbox>
			<xmin>395</xmin>
			<ymin>197</ymin>
			<xmax>618</xmax>
			<ymax>367</ymax>
		</bndbox>
	</object>
</annotation>