<annotation>
	<folder>side육류부피접시오징어볶음q3</folder>
	<filename>side_육류부피_접시_오징어볶음_Q3_00044.JPG</filename>
	<path>/side육류부피접시오징어볶음q3/side_육류부피_접시_오징어볶음_Q3_00044.JPG</path>
	<source>
		<database>fooddata</database>
	</source>
	<size>
		<width>720</width>
		<height>480</height>
		<depth>3</depth>
	</size>
	<object>
		<name>ref_spoon</name>
		<bndbox>
			<xmin>147</xmin>
			<ymin>99</ymin>
			<xmax>211</xmax>
			<ymax>184</ymax>
		</bndbox>
	</object>
	<object>
		<name>ref_fork</name>
		<bndbox>
			<xmin>236</xmin>
			<ymin>114</ymin>
			<xmax>281</xmax>
			<ymax>215</ymax>
		</bndbox>
	</object>
	<object>
		<name>ref_coin</name>
		<bndbox>
			<xmin>338</xmin>
			<ymin>82</ymin>
			<xmax>384</xmax>
			<ymax>115</ymax>
		</bndbox>
	</object>
	<object>
		<name>dish</name>
		<bndbox>
			<xmin>297</xmin>
			<ymin>118</ymin>
			<xmax>639</xmax>
			<ymax>371</ymax>
		</bndbox>
	</object>
	<object>
		<name>오징어볶음</name>
		<bndbox>
			<xmin>328</xmin>
			<ymin>156</ymin>
			<xmax>630</xmax>
			<ymax>352</ymax>
		</bndbox>
	</object>
</annotation>