<annotation>
	<folder>side육류부피접시오징어볶음q3</folder>
	<filename>side_육류부피_접시_오징어볶음_Q3_00040.JPG</filename>
	<path>/side육류부피접시오징어볶음q3/side_육류부피_접시_오징어볶음_Q3_00040.JPG</path>
	<source>
		<database>fooddata</database>
	</source>
	<size>
		<width>720</width>
		<height>480</height>
		<depth>3</depth>
	</size>
	<object>
		<name>ref_spoon</name>
		<bndbox>
			<xmin>171</xmin>
			<ymin>94</ymin>
			<xmax>239</xmax>
			<ymax>190</ymax>
		</bndbox>
	</object>
	<object>
		<name>ref_fork</name>
		<bndbox>
			<xmin>265</xmin>
			<ymin>110</ymin>
			<xmax>311</xmax>
			<ymax>215</ymax>
		</bndbox>
	</object>
	<object>
		<name>ref_coin</name>
		<bndbox>
			<xmin>219</xmin>
			<ymin>60</ymin>
			<xmax>268</xmax>
			<ymax>95</ymax>
		</bndbox>
	</object>
	<object>
		<name>dish</name>
		<bndbox>
			<xmin>330</xmin>
			<ymin>114</ymin>
			<xmax>700</xmax>
			<ymax>387</ymax>
		</bndbox>
	</object>
	<object>
		<name>오징어볶음</name>
		<bndbox>
			<xmin>354</xmin>
			<ymin>159</ymin>
			<xmax>684</xmax>
			<ymax>364</ymax>
		</bndbox>
	</object>
</annotation>