<annotation>
	<folder>top육류부피접시오징어볶음q3</folder>
	<filename>top_육류부피_접시_오징어볶음_Q3_00032.JPG</filename>
	<path>/top육류부피접시오징어볶음q3/top_육류부피_접시_오징어볶음_Q3_00032.JPG</path>
	<source>
		<database>fooddata</database>
	</source>
	<size>
		<width>5472</width>
		<height>3648</height>
		<depth>3</depth>
	</size>
	<object>
		<name>ref_spoon</name>
		<bndbox>
			<xmin>1315</xmin>
			<ymin>605</ymin>
			<xmax>1786</xmax>
			<ymax>1412</ymax>
		</bndbox>
	</object>
	<object>
		<name>ref_fork</name>
		<bndbox>
			<xmin>1925</xmin>
			<ymin>775</ymin>
			<xmax>2239</xmax>
			<ymax>1631</ymax>
		</bndbox>
	</object>
	<object>
		<name>ref_coin</name>
		<bndbox>
			<xmin>4278</xmin>
			<ymin>726</ymin>
			<xmax>4632</xmax>
			<ymax>1067</ymax>
		</bndbox>
	</object>
	<object>
		<name>dish</name>
		<bndbox>
			<xmin>2198</xmin>
			<ymin>775</ymin>
			<xmax>4726</xmax>
			<ymax>3245</ymax>
		</bndbox>
	</object>
	<object>
		<name>오징어볶음</name>
		<bndbox>
			<xmin>2660</xmin>
			<ymin>1219</ymin>
			<xmax>4448</xmax>
			<ymax>2832</ymax>
		</bndbox>
	</object>
</annotation>