<annotation>
	<folder>top육류부피접시오징어볶음q3</folder>
	<filename>top_육류부피_접시_오징어볶음_Q3_00023.JPG</filename>
	<path>/top육류부피접시오징어볶음q3/top_육류부피_접시_오징어볶음_Q3_00023.JPG</path>
	<source>
		<database>fooddata</database>
	</source>
	<size>
		<width>5472</width>
		<height>3648</height>
		<depth>3</depth>
	</size>
	<object>
		<name>ref_spoon</name>
		<bndbox>
			<xmin>1414</xmin>
			<ymin>108</ymin>
			<xmax>1929</xmax>
			<ymax>1026</ymax>
		</bndbox>
	</object>
	<object>
		<name>ref_fork</name>
		<bndbox>
			<xmin>2073</xmin>
			<ymin>336</ymin>
			<xmax>2422</xmax>
			<ymax>1273</ymax>
		</bndbox>
	</object>
	<object>
		<name>ref_coin</name>
		<bndbox>
			<xmin>2431</xmin>
			<ymin>2931</ymin>
			<xmax>2817</xmax>
			<ymax>3339</ymax>
		</bndbox>
	</object>
	<object>
		<name>dish</name>
		<bndbox>
			<xmin>2337</xmin>
			<ymin>412</ymin>
			<xmax>5120</xmax>
			<ymax>3155</ymax>
		</bndbox>
	</object>
	<object>
		<name>오징어볶음</name>
		<bndbox>
			<xmin>2938</xmin>
			<ymin>766</ymin>
			<xmax>4623</xmax>
			<ymax>2608</ymax>
		</bndbox>
	</object>
</annotation>