<annotation>
	<folder>top육류부피접시오징어볶음q3</folder>
	<filename>top_육류부피_접시_오징어볶음_Q3_00017.JPG</filename>
	<path>/top육류부피접시오징어볶음q3/top_육류부피_접시_오징어볶음_Q3_00017.JPG</path>
	<source>
		<database>fooddata</database>
	</source>
	<size>
		<width>5472</width>
		<height>3648</height>
		<depth>3</depth>
	</size>
	<object>
		<name>ref_spoon</name>
		<bndbox>
			<xmin>1911</xmin>
			<ymin>2873</ymin>
			<xmax>2584</xmax>
			<ymax>3298</ymax>
		</bndbox>
	</object>
	<object>
		<name>ref_fork</name>
		<bndbox>
			<xmin>1970</xmin>
			<ymin>2438</ymin>
			<xmax>2709</xmax>
			<ymax>2725</ymax>
		</bndbox>
	</object>
	<object>
		<name>ref_coin</name>
		<bndbox>
			<xmin>3453</xmin>
			<ymin>143</ymin>
			<xmax>3735</xmax>
			<ymax>403</ymax>
		</bndbox>
	</object>
	<object>
		<name>dish</name>
		<bndbox>
			<xmin>1997</xmin>
			<ymin>403</ymin>
			<xmax>3986</xmax>
			<ymax>2371</ymax>
		</bndbox>
	</object>
	<object>
		<name>오징어볶음</name>
		<bndbox>
			<xmin>2355</xmin>
			<ymin>757</ymin>
			<xmax>3592</xmax>
			<ymax>2026</ymax>
		</bndbox>
	</object>
</annotation>