<annotation>
	<folder>top육류부피접시오징어볶음q3</folder>
	<filename>top_육류부피_접시_오징어볶음_Q3_00033.JPG</filename>
	<path>/top육류부피접시오징어볶음q3/top_육류부피_접시_오징어볶음_Q3_00033.JPG</path>
	<source>
		<database>fooddata</database>
	</source>
	<size>
		<width>5472</width>
		<height>3648</height>
		<depth>3</depth>
	</size>
	<object>
		<name>ref_spoon</name>
		<bndbox>
			<xmin>1279</xmin>
			<ymin>596</ymin>
			<xmax>1746</xmax>
			<ymax>1362</ymax>
		</bndbox>
	</object>
	<object>
		<name>ref_fork</name>
		<bndbox>
			<xmin>1880</xmin>
			<ymin>784</ymin>
			<xmax>2203</xmax>
			<ymax>1636</ymax>
		</bndbox>
	</object>
	<object>
		<name>ref_coin</name>
		<bndbox>
			<xmin>3821</xmin>
			<ymin>399</ymin>
			<xmax>4161</xmax>
			<ymax>722</ymax>
		</bndbox>
	</object>
	<object>
		<name>dish</name>
		<bndbox>
			<xmin>2140</xmin>
			<ymin>771</ymin>
			<xmax>4672</xmax>
			<ymax>3227</ymax>
		</bndbox>
	</object>
	<object>
		<name>오징어볶음</name>
		<bndbox>
			<xmin>2615</xmin>
			<ymin>1170</ymin>
			<xmax>4394</xmax>
			<ymax>2823</ymax>
		</bndbox>
	</object>
</annotation>