<annotation>
	<folder>top육류부피접시오징어볶음q3</folder>
	<filename>top_육류부피_접시_오징어볶음_Q3_00037.JPG</filename>
	<path>/top육류부피접시오징어볶음q3/top_육류부피_접시_오징어볶음_Q3_00037.JPG</path>
	<source>
		<database>fooddata</database>
	</source>
	<size>
		<width>5472</width>
		<height>3648</height>
		<depth>3</depth>
	</size>
	<object>
		<name>ref_spoon</name>
		<bndbox>
			<xmin>1360</xmin>
			<ymin>659</ymin>
			<xmax>1826</xmax>
			<ymax>1448</ymax>
		</bndbox>
	</object>
	<object>
		<name>ref_fork</name>
		<bndbox>
			<xmin>1965</xmin>
			<ymin>843</ymin>
			<xmax>2274</xmax>
			<ymax>1707</ymax>
		</bndbox>
	</object>
	<object>
		<name>ref_coin</name>
		<bndbox>
			<xmin>2301</xmin>
			<ymin>502</ymin>
			<xmax>2642</xmax>
			<ymax>825</ymax>
		</bndbox>
	</object>
	<object>
		<name>dish</name>
		<bndbox>
			<xmin>2221</xmin>
			<ymin>843</ymin>
			<xmax>4748</xmax>
			<ymax>3307</ymax>
		</bndbox>
	</object>
	<object>
		<name>오징어볶음</name>
		<bndbox>
			<xmin>2821</xmin>
			<ymin>1237</ymin>
			<xmax>4506</xmax>
			<ymax>2900</ymax>
		</bndbox>
	</object>
</annotation>