<annotation>
	<folder>top육류부피접시오징어볶음q3</folder>
	<filename>top_육류부피_접시_오징어볶음_Q3_00006.JPG</filename>
	<path>/top육류부피접시오징어볶음q3/top_육류부피_접시_오징어볶음_Q3_00006.JPG</path>
	<source>
		<database>fooddata</database>
	</source>
	<size>
		<width>5472</width>
		<height>3648</height>
		<depth>3</depth>
	</size>
	<object>
		<name>ref_spoon</name>
		<bndbox>
			<xmin>3682</xmin>
			<ymin>367</ymin>
			<xmax>4193</xmax>
			<ymax>1223</ymax>
		</bndbox>
	</object>
	<object>
		<name>ref_fork</name>
		<bndbox>
			<xmin>4367</xmin>
			<ymin>592</ymin>
			<xmax>4735</xmax>
			<ymax>1483</ymax>
		</bndbox>
	</object>
	<object>
		<name>ref_coin</name>
		<bndbox>
			<xmin>890</xmin>
			<ymin>2658</ymin>
			<xmax>1262</xmax>
			<ymax>3039</ymax>
		</bndbox>
	</object>
	<object>
		<name>dish</name>
		<bndbox>
			<xmin>1064</xmin>
			<ymin>345</ymin>
			<xmax>3668</xmax>
			<ymax>2918</ymax>
		</bndbox>
	</object>
	<object>
		<name>오징어볶음</name>
		<bndbox>
			<xmin>1499</xmin>
			<ymin>789</ymin>
			<xmax>3202</xmax>
			<ymax>2339</ymax>
		</bndbox>
	</object>
</annotation>