<annotation>
	<folder>top육류부피접시오징어볶음q3</folder>
	<filename>top_육류부피_접시_오징어볶음_Q3_00049.JPG</filename>
	<path>/top육류부피접시오징어볶음q3/top_육류부피_접시_오징어볶음_Q3_00049.JPG</path>
	<source>
		<database>fooddata</database>
	</source>
	<size>
		<width>5472</width>
		<height>3648</height>
		<depth>3</depth>
	</size>
	<object>
		<name>ref_spoon</name>
		<bndbox>
			<xmin>1096</xmin>
			<ymin>435</ymin>
			<xmax>1562</xmax>
			<ymax>1237</ymax>
		</bndbox>
	</object>
	<object>
		<name>ref_fork</name>
		<bndbox>
			<xmin>1705</xmin>
			<ymin>614</ymin>
			<xmax>2014</xmax>
			<ymax>1510</ymax>
		</bndbox>
	</object>
	<object>
		<name>ref_coin</name>
		<bndbox>
			<xmin>4224</xmin>
			<ymin>753</ymin>
			<xmax>4569</xmax>
			<ymax>1080</ymax>
		</bndbox>
	</object>
	<object>
		<name>dish</name>
		<bndbox>
			<xmin>2113</xmin>
			<ymin>690</ymin>
			<xmax>4605</xmax>
			<ymax>3142</ymax>
		</bndbox>
	</object>
	<object>
		<name>오징어볶음</name>
		<bndbox>
			<xmin>2481</xmin>
			<ymin>1174</ymin>
			<xmax>4524</xmax>
			<ymax>2895</ymax>
		</bndbox>
	</object>
</annotation>