<annotation>
	<folder>top육류부피접시오징어볶음q3</folder>
	<filename>top_육류부피_접시_오징어볶음_Q3_00031.JPG</filename>
	<path>/top육류부피접시오징어볶음q3/top_육류부피_접시_오징어볶음_Q3_00031.JPG</path>
	<source>
		<database>fooddata</database>
	</source>
	<size>
		<width>5472</width>
		<height>3648</height>
		<depth>3</depth>
	</size>
	<object>
		<name>ref_spoon</name>
		<bndbox>
			<xmin>1342</xmin>
			<ymin>520</ymin>
			<xmax>1813</xmax>
			<ymax>1295</ymax>
		</bndbox>
	</object>
	<object>
		<name>ref_fork</name>
		<bndbox>
			<xmin>1947</xmin>
			<ymin>690</ymin>
			<xmax>2270</xmax>
			<ymax>1537</ymax>
		</bndbox>
	</object>
	<object>
		<name>ref_coin</name>
		<bndbox>
			<xmin>4636</xmin>
			<ymin>1004</ymin>
			<xmax>5004</xmax>
			<ymax>1344</ymax>
		</bndbox>
	</object>
	<object>
		<name>dish</name>
		<bndbox>
			<xmin>2212</xmin>
			<ymin>668</ymin>
			<xmax>4766</xmax>
			<ymax>3137</ymax>
		</bndbox>
	</object>
	<object>
		<name>오징어볶음</name>
		<bndbox>
			<xmin>2682</xmin>
			<ymin>1116</ymin>
			<xmax>4327</xmax>
			<ymax>2671</ymax>
		</bndbox>
	</object>
</annotation>