<annotation>
	<folder>top육류부피접시오징어볶음q3</folder>
	<filename>top_육류부피_접시_오징어볶음_Q3_00015.JPG</filename>
	<path>/top육류부피접시오징어볶음q3/top_육류부피_접시_오징어볶음_Q3_00015.JPG</path>
	<source>
		<database>fooddata</database>
	</source>
	<size>
		<width>5472</width>
		<height>3648</height>
		<depth>3</depth>
	</size>
	<object>
		<name>ref_spoon</name>
		<bndbox>
			<xmin>1876</xmin>
			<ymin>2904</ymin>
			<xmax>2570</xmax>
			<ymax>3330</ymax>
		</bndbox>
	</object>
	<object>
		<name>ref_fork</name>
		<bndbox>
			<xmin>1934</xmin>
			<ymin>2460</ymin>
			<xmax>2673</xmax>
			<ymax>2747</ymax>
		</bndbox>
	</object>
	<object>
		<name>ref_coin</name>
		<bndbox>
			<xmin>3959</xmin>
			<ymin>713</ymin>
			<xmax>4242</xmax>
			<ymax>981</ymax>
		</bndbox>
	</object>
	<object>
		<name>dish</name>
		<bndbox>
			<xmin>1974</xmin>
			<ymin>448</ymin>
			<xmax>3982</xmax>
			<ymax>2442</ymax>
		</bndbox>
	</object>
	<object>
		<name>오징어볶음</name>
		<bndbox>
			<xmin>2382</xmin>
			<ymin>865</ymin>
			<xmax>3726</xmax>
			<ymax>2079</ymax>
		</bndbox>
	</object>
</annotation>