<annotation>
	<folder>my-project-name</folder>
	<filename>side_국류_뚝배기_전주콩나물국밥_Q3_00026.JPG</filename>
	<path>/side국류뚝배기전주콩나물국밥q3/side_국류_뚝배기_전주콩나물국밥_Q3_00026.JPG</path>
	<source>
		<database>fooddata</database>
	</source>
	<size>
		<width>5472</width>
		<height>3648</height>
		<depth>3</depth>
	</size>
	<object>
		<name>ref_spoon</name>
		<bndbox>
			<xmin>1679</xmin>
			<ymin>3091</ymin>
			<xmax>2470</xmax>
			<ymax>3535</ymax>
		</bndbox>
	</object>
	<object>
		<name>ref_fork</name>
		<bndbox>
			<xmin>1679</xmin>
			<ymin>2623</ymin>
			<xmax>2526</xmax>
			<ymax>2986</ymax>
		</bndbox>
	</object>
	<object>
		<name>ref_coin</name>
		<bndbox>
			<xmin>1606</xmin>
			<ymin>500</ymin>
			<xmax>1929</xmax>
			<ymax>726</ymax>
		</bndbox>
	</object>
	<object>
		<name>dish</name>
		<bndbox>
			<xmin>1945</xmin>
			<ymin>468</ymin>
			<xmax>4237</xmax>
			<ymax>2397</ymax>
		</bndbox>
	</object>
	<object>
		<name>전주콩나물국밥</name>
		<bndbox>
			<xmin>2195</xmin>
			<ymin>896</ymin>
			<xmax>3987</xmax>
			<ymax>1792</ymax>
		</bndbox>
	</object>
</annotation>