<annotation>
	<folder>my-project-name</folder>
	<filename>side_국류_뚝배기_전주콩나물국밥_Q3_00043.JPG</filename>
	<path>/side국류뚝배기전주콩나물국밥q3/side_국류_뚝배기_전주콩나물국밥_Q3_00043.JPG</path>
	<source>
		<database>fooddata</database>
	</source>
	<size>
		<width>5472</width>
		<height>3648</height>
		<depth>3</depth>
	</size>
	<object>
		<name>ref_spoon</name>
		<bndbox>
			<xmin>452</xmin>
			<ymin>1743</ymin>
			<xmax>944</xmax>
			<ymax>2437</ymax>
		</bndbox>
	</object>
	<object>
		<name>ref_fork</name>
		<bndbox>
			<xmin>1138</xmin>
			<ymin>1735</ymin>
			<xmax>1493</xmax>
			<ymax>2486</ymax>
		</bndbox>
	</object>
	<object>
		<name>ref_coin</name>
		<bndbox>
			<xmin>4592</xmin>
			<ymin>1695</ymin>
			<xmax>4964</xmax>
			<ymax>1969</ymax>
		</bndbox>
	</object>
	<object>
		<name>dish</name>
		<bndbox>
			<xmin>1792</xmin>
			<ymin>1057</ymin>
			<xmax>4318</xmax>
			<ymax>3228</ymax>
		</bndbox>
	</object>
	<object>
		<name>전주콩나물국밥</name>
		<bndbox>
			<xmin>2074</xmin>
			<ymin>1485</ymin>
			<xmax>4116</xmax>
			<ymax>2591</ymax>
		</bndbox>
	</object>
</annotation>