<annotation>
	<folder>my-project-name</folder>
	<filename>side_국류_뚝배기_전주콩나물국밥_Q3_00048.JPG</filename>
	<path>/side국류뚝배기전주콩나물국밥q3/side_국류_뚝배기_전주콩나물국밥_Q3_00048.JPG</path>
	<source>
		<database>fooddata</database>
	</source>
	<size>
		<width>5472</width>
		<height>3648</height>
		<depth>3</depth>
	</size>
	<object>
		<name>ref_spoon</name>
		<bndbox>
			<xmin>847</xmin>
			<ymin>1146</ymin>
			<xmax>1372</xmax>
			<ymax>1872</ymax>
		</bndbox>
	</object>
	<object>
		<name>ref_fork</name>
		<bndbox>
			<xmin>1582</xmin>
			<ymin>1122</ymin>
			<xmax>1953</xmax>
			<ymax>1937</ymax>
		</bndbox>
	</object>
	<object>
		<name>ref_coin</name>
		<bndbox>
			<xmin>2639</xmin>
			<ymin>2994</ymin>
			<xmax>3067</xmax>
			<ymax>3349</ymax>
		</bndbox>
	</object>
	<object>
		<name>dish</name>
		<bndbox>
			<xmin>2284</xmin>
			<ymin>404</ymin>
			<xmax>5044</xmax>
			<ymax>2744</ymax>
		</bndbox>
	</object>
	<object>
		<name>전주콩나물국밥</name>
		<bndbox>
			<xmin>2591</xmin>
			<ymin>880</ymin>
			<xmax>4762</xmax>
			<ymax>2058</ymax>
		</bndbox>
	</object>
</annotation>