<annotation>
	<folder>my-project-name</folder>
	<filename>side_국류_뚝배기_전주콩나물국밥_Q3_00055.JPG</filename>
	<path>/side국류뚝배기전주콩나물국밥q3/side_국류_뚝배기_전주콩나물국밥_Q3_00055.JPG</path>
	<source>
		<database>fooddata</database>
	</source>
	<size>
		<width>5472</width>
		<height>3648</height>
		<depth>3</depth>
	</size>
	<object>
		<name>ref_spoon</name>
		<bndbox>
			<xmin>960</xmin>
			<ymin>1283</ymin>
			<xmax>1485</xmax>
			<ymax>1993</ymax>
		</bndbox>
	</object>
	<object>
		<name>ref_fork</name>
		<bndbox>
			<xmin>1671</xmin>
			<ymin>1299</ymin>
			<xmax>2042</xmax>
			<ymax>2098</ymax>
		</bndbox>
	</object>
	<object>
		<name>ref_coin</name>
		<bndbox>
			<xmin>3963</xmin>
			<ymin>476</ymin>
			<xmax>4326</xmax>
			<ymax>726</ymax>
		</bndbox>
	</object>
	<object>
		<name>dish</name>
		<bndbox>
			<xmin>2381</xmin>
			<ymin>678</ymin>
			<xmax>5052</xmax>
			<ymax>2978</ymax>
		</bndbox>
	</object>
	<object>
		<name>전주콩나물국밥</name>
		<bndbox>
			<xmin>2671</xmin>
			<ymin>1041</ymin>
			<xmax>4810</xmax>
			<ymax>2300</ymax>
		</bndbox>
	</object>
</annotation>