<annotation>
	<folder>my-project-name</folder>
	<filename>side_국류_뚝배기_전주콩나물국밥_Q3_00023.JPG</filename>
	<path>/side국류뚝배기전주콩나물국밥q3/side_국류_뚝배기_전주콩나물국밥_Q3_00023.JPG</path>
	<source>
		<database>fooddata</database>
	</source>
	<size>
		<width>5472</width>
		<height>3648</height>
		<depth>3</depth>
	</size>
	<object>
		<name>ref_spoon</name>
		<bndbox>
			<xmin>1808</xmin>
			<ymin>3156</ymin>
			<xmax>2591</xmax>
			<ymax>3592</ymax>
		</bndbox>
	</object>
	<object>
		<name>ref_fork</name>
		<bndbox>
			<xmin>1808</xmin>
			<ymin>2696</ymin>
			<xmax>2647</xmax>
			<ymax>3059</ymax>
		</bndbox>
	</object>
	<object>
		<name>ref_coin</name>
		<bndbox>
			<xmin>3995</xmin>
			<ymin>839</ymin>
			<xmax>4318</xmax>
			<ymax>1065</ymax>
		</bndbox>
	</object>
	<object>
		<name>dish</name>
		<bndbox>
			<xmin>1864</xmin>
			<ymin>589</ymin>
			<xmax>4132</xmax>
			<ymax>2494</ymax>
		</bndbox>
	</object>
	<object>
		<name>전주콩나물국밥</name>
		<bndbox>
			<xmin>2106</xmin>
			<ymin>1009</ymin>
			<xmax>3890</xmax>
			<ymax>1905</ymax>
		</bndbox>
	</object>
</annotation>