<annotation>
	<folder>my-project-name</folder>
	<filename>side_국류_뚝배기_전주콩나물국밥_Q3_00021.JPG</filename>
	<path>/side국류뚝배기전주콩나물국밥q3/side_국류_뚝배기_전주콩나물국밥_Q3_00021.JPG</path>
	<source>
		<database>fooddata</database>
	</source>
	<size>
		<width>5472</width>
		<height>3648</height>
		<depth>3</depth>
	</size>
	<object>
		<name>ref_spoon</name>
		<bndbox>
			<xmin>1711</xmin>
			<ymin>2986</ymin>
			<xmax>2502</xmax>
			<ymax>3414</ymax>
		</bndbox>
	</object>
	<object>
		<name>ref_fork</name>
		<bndbox>
			<xmin>1695</xmin>
			<ymin>2526</ymin>
			<xmax>2542</xmax>
			<ymax>2873</ymax>
		</bndbox>
	</object>
	<object>
		<name>ref_coin</name>
		<bndbox>
			<xmin>4148</xmin>
			<ymin>1404</ymin>
			<xmax>4504</xmax>
			<ymax>1646</ymax>
		</bndbox>
	</object>
	<object>
		<name>dish</name>
		<bndbox>
			<xmin>1759</xmin>
			<ymin>395</ymin>
			<xmax>4027</xmax>
			<ymax>2316</ymax>
		</bndbox>
	</object>
	<object>
		<name>전주콩나물국밥</name>
		<bndbox>
			<xmin>2002</xmin>
			<ymin>823</ymin>
			<xmax>3793</xmax>
			<ymax>1711</ymax>
		</bndbox>
	</object>
</annotation>