<annotation>
	<folder>my-project-name</folder>
	<filename>side_국류_뚝배기_전주콩나물국밥_Q3_00020.JPG</filename>
	<path>/side국류뚝배기전주콩나물국밥q3/side_국류_뚝배기_전주콩나물국밥_Q3_00020.JPG</path>
	<source>
		<database>fooddata</database>
	</source>
	<size>
		<width>5472</width>
		<height>3648</height>
		<depth>3</depth>
	</size>
	<object>
		<name>ref_spoon</name>
		<bndbox>
			<xmin>1340</xmin>
			<ymin>2922</ymin>
			<xmax>2171</xmax>
			<ymax>3382</ymax>
		</bndbox>
	</object>
	<object>
		<name>ref_fork</name>
		<bndbox>
			<xmin>1356</xmin>
			<ymin>2429</ymin>
			<xmax>2236</xmax>
			<ymax>2825</ymax>
		</bndbox>
	</object>
	<object>
		<name>ref_coin</name>
		<bndbox>
			<xmin>3914</xmin>
			<ymin>1864</ymin>
			<xmax>4294</xmax>
			<ymax>2147</ymax>
		</bndbox>
	</object>
	<object>
		<name>dish</name>
		<bndbox>
			<xmin>1485</xmin>
			<ymin>258</ymin>
			<xmax>3874</xmax>
			<ymax>2276</ymax>
		</bndbox>
	</object>
	<object>
		<name>전주콩나물국밥</name>
		<bndbox>
			<xmin>1759</xmin>
			<ymin>702</ymin>
			<xmax>3616</xmax>
			<ymax>1638</ymax>
		</bndbox>
	</object>
</annotation>