<annotation>
	<folder>my-project-name</folder>
	<filename>side_국류_뚝배기_전주콩나물국밥_Q3_00030.JPG</filename>
	<path>/side국류뚝배기전주콩나물국밥q3/side_국류_뚝배기_전주콩나물국밥_Q3_00030.JPG</path>
	<source>
		<database>fooddata</database>
	</source>
	<size>
		<width>5472</width>
		<height>3648</height>
		<depth>3</depth>
	</size>
	<object>
		<name>ref_spoon</name>
		<bndbox>
			<xmin>1848</xmin>
			<ymin>3043</ymin>
			<xmax>2639</xmax>
			<ymax>3479</ymax>
		</bndbox>
	</object>
	<object>
		<name>ref_fork</name>
		<bndbox>
			<xmin>1840</xmin>
			<ymin>2558</ymin>
			<xmax>2704</xmax>
			<ymax>2922</ymax>
		</bndbox>
	</object>
	<object>
		<name>ref_coin</name>
		<bndbox>
			<xmin>1178</xmin>
			<ymin>1784</ymin>
			<xmax>1542</xmax>
			<ymax>2066</ymax>
		</bndbox>
	</object>
	<object>
		<name>dish</name>
		<bndbox>
			<xmin>2139</xmin>
			<ymin>339</ymin>
			<xmax>4439</xmax>
			<ymax>2284</ymax>
		</bndbox>
	</object>
	<object>
		<name>전주콩나물국밥</name>
		<bndbox>
			<xmin>2389</xmin>
			<ymin>767</ymin>
			<xmax>4221</xmax>
			<ymax>1671</ymax>
		</bndbox>
	</object>
</annotation>