<annotation>
	<folder>top국류뚝배기전주콩나물국밥q3</folder>
	<filename>top_국류_뚝배기_전주콩나물국밥_Q3_00044.JPG</filename>
	<path>/top국류뚝배기전주콩나물국밥q3/top_국류_뚝배기_전주콩나물국밥_Q3_00044.JPG</path>
	<source>
		<database>fooddata</database>
	</source>
	<size>
		<width>5472</width>
		<height>3648</height>
		<depth>3</depth>
	</size>
	<object>
		<name>ref_spoon</name>
		<bndbox>
			<xmin>421</xmin>
			<ymin>663</ymin>
			<xmax>974</xmax>
			<ymax>1512</ymax>
		</bndbox>
	</object>
	<object>
		<name>ref_fork</name>
		<bndbox>
			<xmin>1115</xmin>
			<ymin>803</ymin>
			<xmax>1481</xmax>
			<ymax>1699</ymax>
		</bndbox>
	</object>
	<object>
		<name>ref_coin</name>
		<bndbox>
			<xmin>4513</xmin>
			<ymin>1052</ymin>
			<xmax>4903</xmax>
			<ymax>1419</ymax>
		</bndbox>
	</object>
	<object>
		<name>dish</name>
		<bndbox>
			<xmin>1551</xmin>
			<ymin>242</ymin>
			<xmax>4505</xmax>
			<ymax>3157</ymax>
		</bndbox>
	</object>
	<object>
		<name>전주콩나물국밥</name>
		<bndbox>
			<xmin>1832</xmin>
			<ymin>569</ymin>
			<xmax>4186</xmax>
			<ymax>2907</ymax>
		</bndbox>
	</object>
</annotation>