<annotation>
	<folder>top국류뚝배기전주콩나물국밥q3</folder>
	<filename>top_국류_뚝배기_전주콩나물국밥_Q3_00004.JPG</filename>
	<path>/top국류뚝배기전주콩나물국밥q3/top_국류_뚝배기_전주콩나물국밥_Q3_00004.JPG</path>
	<source>
		<database>fooddata</database>
	</source>
	<size>
		<width>5472</width>
		<height>3648</height>
		<depth>3</depth>
	</size>
	<object>
		<name>ref_spoon</name>
		<bndbox>
			<xmin>3788</xmin>
			<ymin>507</ymin>
			<xmax>4248</xmax>
			<ymax>1271</ymax>
		</bndbox>
	</object>
	<object>
		<name>ref_fork</name>
		<bndbox>
			<xmin>4435</xmin>
			<ymin>507</ymin>
			<xmax>4770</xmax>
			<ymax>1387</ymax>
		</bndbox>
	</object>
	<object>
		<name>ref_coin</name>
		<bndbox>
			<xmin>1364</xmin>
			<ymin>2931</ymin>
			<xmax>1715</xmax>
			<ymax>3297</ymax>
		</bndbox>
	</object>
	<object>
		<name>dish</name>
		<bndbox>
			<xmin>920</xmin>
			<ymin>242</ymin>
			<xmax>3625</xmax>
			<ymax>2923</ymax>
		</bndbox>
	</object>
	<object>
		<name>전주콩나물국밥</name>
		<bndbox>
			<xmin>1216</xmin>
			<ymin>561</ymin>
			<xmax>3375</xmax>
			<ymax>2674</ymax>
		</bndbox>
	</object>
</annotation>