<annotation>
	<folder>top국류뚝배기전주콩나물국밥q3</folder>
	<filename>top_국류_뚝배기_전주콩나물국밥_Q3_00016.JPG</filename>
	<path>/top국류뚝배기전주콩나물국밥q3/top_국류_뚝배기_전주콩나물국밥_Q3_00016.JPG</path>
	<source>
		<database>fooddata</database>
	</source>
	<size>
		<width>5472</width>
		<height>3648</height>
		<depth>3</depth>
	</size>
	<object>
		<name>ref_spoon</name>
		<bndbox>
			<xmin>3578</xmin>
			<ymin>452</ymin>
			<xmax>4053</xmax>
			<ymax>1239</ymax>
		</bndbox>
	</object>
	<object>
		<name>ref_fork</name>
		<bndbox>
			<xmin>4240</xmin>
			<ymin>444</ymin>
			<xmax>4576</xmax>
			<ymax>1294</ymax>
		</bndbox>
	</object>
	<object>
		<name>ref_coin</name>
		<bndbox>
			<xmin>2409</xmin>
			<ymin>3180</ymin>
			<xmax>2767</xmax>
			<ymax>3539</ymax>
		</bndbox>
	</object>
	<object>
		<name>dish</name>
		<bndbox>
			<xmin>725</xmin>
			<ymin>421</ymin>
			<xmax>3500</xmax>
			<ymax>3134</ymax>
		</bndbox>
	</object>
	<object>
		<name>전주콩나물국밥</name>
		<bndbox>
			<xmin>1021</xmin>
			<ymin>725</ymin>
			<xmax>3219</xmax>
			<ymax>2915</ymax>
		</bndbox>
	</object>
</annotation>