<annotation>
	<folder>top국류뚝배기전주콩나물국밥q3</folder>
	<filename>top_국류_뚝배기_전주콩나물국밥_Q3_00001.JPG</filename>
	<path>/top국류뚝배기전주콩나물국밥q3/top_국류_뚝배기_전주콩나물국밥_Q3_00001.JPG</path>
	<source>
		<database>fooddata</database>
	</source>
	<size>
		<width>5472</width>
		<height>3648</height>
		<depth>3</depth>
	</size>
	<object>
		<name>ref_spoon</name>
		<bndbox>
			<xmin>3936</xmin>
			<ymin>483</ymin>
			<xmax>4443</xmax>
			<ymax>1310</ymax>
		</bndbox>
	</object>
	<object>
		<name>ref_fork</name>
		<bndbox>
			<xmin>4622</xmin>
			<ymin>507</ymin>
			<xmax>4989</xmax>
			<ymax>1434</ymax>
		</bndbox>
	</object>
	<object>
		<name>ref_coin</name>
		<bndbox>
			<xmin>3383</xmin>
			<ymin>2915</ymin>
			<xmax>3773</xmax>
			<ymax>3313</ymax>
		</bndbox>
	</object>
	<object>
		<name>dish</name>
		<bndbox>
			<xmin>741</xmin>
			<ymin>242</ymin>
			<xmax>3695</xmax>
			<ymax>3149</ymax>
		</bndbox>
	</object>
	<object>
		<name>전주콩나물국밥</name>
		<bndbox>
			<xmin>1052</xmin>
			<ymin>561</ymin>
			<xmax>3399</xmax>
			<ymax>2892</ymax>
		</bndbox>
	</object>
</annotation>