<annotation>
	<folder>top국류뚝배기전주콩나물국밥q3</folder>
	<filename>top_국류_뚝배기_전주콩나물국밥_Q3_00033.JPG</filename>
	<path>/top국류뚝배기전주콩나물국밥q3/top_국류_뚝배기_전주콩나물국밥_Q3_00033.JPG</path>
	<source>
		<database>fooddata</database>
	</source>
	<size>
		<width>5472</width>
		<height>3648</height>
		<depth>3</depth>
	</size>
	<object>
		<name>ref_spoon</name>
		<bndbox>
			<xmin>507</xmin>
			<ymin>546</ymin>
			<xmax>1068</xmax>
			<ymax>1387</ymax>
		</bndbox>
	</object>
	<object>
		<name>ref_fork</name>
		<bndbox>
			<xmin>1208</xmin>
			<ymin>694</ymin>
			<xmax>1582</xmax>
			<ymax>1614</ymax>
		</bndbox>
	</object>
	<object>
		<name>ref_coin</name>
		<bndbox>
			<xmin>4700</xmin>
			<ymin>1738</ymin>
			<xmax>5106</xmax>
			<ymax>2120</ymax>
		</bndbox>
	</object>
	<object>
		<name>dish</name>
		<bndbox>
			<xmin>1653</xmin>
			<ymin>195</ymin>
			<xmax>4615</xmax>
			<ymax>3110</ymax>
		</bndbox>
	</object>
	<object>
		<name>전주콩나물국밥</name>
		<bndbox>
			<xmin>1949</xmin>
			<ymin>514</ymin>
			<xmax>4287</xmax>
			<ymax>2830</ymax>
		</bndbox>
	</object>
</annotation>