<annotation>
	<folder>top국류뚝배기전주콩나물국밥q3</folder>
	<filename>top_국류_뚝배기_전주콩나물국밥_Q3_00052.JPG</filename>
	<path>/top국류뚝배기전주콩나물국밥q3/top_국류_뚝배기_전주콩나물국밥_Q3_00052.JPG</path>
	<source>
		<database>fooddata</database>
	</source>
	<size>
		<width>5472</width>
		<height>3648</height>
		<depth>3</depth>
	</size>
	<object>
		<name>ref_spoon</name>
		<bndbox>
			<xmin>561</xmin>
			<ymin>678</ymin>
			<xmax>1091</xmax>
			<ymax>1489</ymax>
		</bndbox>
	</object>
	<object>
		<name>ref_fork</name>
		<bndbox>
			<xmin>1239</xmin>
			<ymin>811</ymin>
			<xmax>1582</xmax>
			<ymax>1699</ymax>
		</bndbox>
	</object>
	<object>
		<name>ref_coin</name>
		<bndbox>
			<xmin>4537</xmin>
			<ymin>881</ymin>
			<xmax>4903</xmax>
			<ymax>1239</ymax>
		</bndbox>
	</object>
	<object>
		<name>dish</name>
		<bndbox>
			<xmin>1645</xmin>
			<ymin>288</ymin>
			<xmax>4537</xmax>
			<ymax>3141</ymax>
		</bndbox>
	</object>
	<object>
		<name>전주콩나물국밥</name>
		<bndbox>
			<xmin>1941</xmin>
			<ymin>585</ymin>
			<xmax>4209</xmax>
			<ymax>2884</ymax>
		</bndbox>
	</object>
</annotation>