<annotation>
	<folder>top국류뚝배기전주콩나물국밥q3</folder>
	<filename>top_국류_뚝배기_전주콩나물국밥_Q3_00019.JPG</filename>
	<path>/top국류뚝배기전주콩나물국밥q3/top_국류_뚝배기_전주콩나물국밥_Q3_00019.JPG</path>
	<source>
		<database>fooddata</database>
	</source>
	<size>
		<width>5472</width>
		<height>3648</height>
		<depth>3</depth>
	</size>
	<object>
		<name>ref_spoon</name>
		<bndbox>
			<xmin>1980</xmin>
			<ymin>3017</ymin>
			<xmax>2674</xmax>
			<ymax>3492</ymax>
		</bndbox>
	</object>
	<object>
		<name>ref_fork</name>
		<bndbox>
			<xmin>2097</xmin>
			<ymin>2588</ymin>
			<xmax>2845</xmax>
			<ymax>2915</ymax>
		</bndbox>
	</object>
	<object>
		<name>ref_coin</name>
		<bndbox>
			<xmin>1567</xmin>
			<ymin>1029</ymin>
			<xmax>1879</xmax>
			<ymax>1325</ymax>
		</bndbox>
	</object>
	<object>
		<name>dish</name>
		<bndbox>
			<xmin>1980</xmin>
			<ymin>148</ymin>
			<xmax>4334</xmax>
			<ymax>2455</ymax>
		</bndbox>
	</object>
	<object>
		<name>전주콩나물국밥</name>
		<bndbox>
			<xmin>2222</xmin>
			<ymin>452</ymin>
			<xmax>4085</xmax>
			<ymax>2229</ymax>
		</bndbox>
	</object>
</annotation>