<annotation>
	<folder>top국류뚝배기전주콩나물국밥q3</folder>
	<filename>top_국류_뚝배기_전주콩나물국밥_Q3_00051.JPG</filename>
	<path>/top국류뚝배기전주콩나물국밥q3/top_국류_뚝배기_전주콩나물국밥_Q3_00051.JPG</path>
	<source>
		<database>fooddata</database>
	</source>
	<size>
		<width>5472</width>
		<height>3648</height>
		<depth>3</depth>
	</size>
	<object>
		<name>ref_spoon</name>
		<bndbox>
			<xmin>452</xmin>
			<ymin>733</ymin>
			<xmax>982</xmax>
			<ymax>1536</ymax>
		</bndbox>
	</object>
	<object>
		<name>ref_fork</name>
		<bndbox>
			<xmin>1130</xmin>
			<ymin>865</ymin>
			<xmax>1481</xmax>
			<ymax>1738</ymax>
		</bndbox>
	</object>
	<object>
		<name>ref_coin</name>
		<bndbox>
			<xmin>4311</xmin>
			<ymin>2424</ymin>
			<xmax>4700</xmax>
			<ymax>2791</ymax>
		</bndbox>
	</object>
	<object>
		<name>dish</name>
		<bndbox>
			<xmin>1543</xmin>
			<ymin>320</ymin>
			<xmax>4404</xmax>
			<ymax>3149</ymax>
		</bndbox>
	</object>
	<object>
		<name>전주콩나물국밥</name>
		<bndbox>
			<xmin>1832</xmin>
			<ymin>647</ymin>
			<xmax>4100</xmax>
			<ymax>2876</ymax>
		</bndbox>
	</object>
</annotation>