<annotation>
	<folder>top국류뚝배기전주콩나물국밥q3</folder>
	<filename>top_국류_뚝배기_전주콩나물국밥_Q3_00014.JPG</filename>
	<path>/top국류뚝배기전주콩나물국밥q3/top_국류_뚝배기_전주콩나물국밥_Q3_00014.JPG</path>
	<source>
		<database>fooddata</database>
	</source>
	<size>
		<width>5472</width>
		<height>3648</height>
		<depth>3</depth>
	</size>
	<object>
		<name>ref_spoon</name>
		<bndbox>
			<xmin>3445</xmin>
			<ymin>585</ymin>
			<xmax>3929</xmax>
			<ymax>1356</ymax>
		</bndbox>
	</object>
	<object>
		<name>ref_fork</name>
		<bndbox>
			<xmin>4131</xmin>
			<ymin>600</ymin>
			<xmax>4459</xmax>
			<ymax>1403</ymax>
		</bndbox>
	</object>
	<object>
		<name>ref_coin</name>
		<bndbox>
			<xmin>2775</xmin>
			<ymin>273</ymin>
			<xmax>3126</xmax>
			<ymax>608</ymax>
		</bndbox>
	</object>
	<object>
		<name>dish</name>
		<bndbox>
			<xmin>631</xmin>
			<ymin>577</ymin>
			<xmax>3438</xmax>
			<ymax>3352</ymax>
		</bndbox>
	</object>
	<object>
		<name>전주콩나물국밥</name>
		<bndbox>
			<xmin>943</xmin>
			<ymin>889</ymin>
			<xmax>3165</xmax>
			<ymax>3087</ymax>
		</bndbox>
	</object>
</annotation>