<annotation>
	<folder>top국류뚝배기전주콩나물국밥q3</folder>
	<filename>top_국류_뚝배기_전주콩나물국밥_Q3_00025.JPG</filename>
	<path>/top국류뚝배기전주콩나물국밥q3/top_국류_뚝배기_전주콩나물국밥_Q3_00025.JPG</path>
	<source>
		<database>fooddata</database>
	</source>
	<size>
		<width>5472</width>
		<height>3648</height>
		<depth>3</depth>
	</size>
	<object>
		<name>ref_spoon</name>
		<bndbox>
			<xmin>1715</xmin>
			<ymin>2923</ymin>
			<xmax>2385</xmax>
			<ymax>3352</ymax>
		</bndbox>
	</object>
	<object>
		<name>ref_fork</name>
		<bndbox>
			<xmin>1801</xmin>
			<ymin>2518</ymin>
			<xmax>2541</xmax>
			<ymax>2814</ymax>
		</bndbox>
	</object>
	<object>
		<name>ref_coin</name>
		<bndbox>
			<xmin>3367</xmin>
			<ymin>234</ymin>
			<xmax>3640</xmax>
			<ymax>491</ymax>
		</bndbox>
	</object>
	<object>
		<name>dish</name>
		<bndbox>
			<xmin>1707</xmin>
			<ymin>312</ymin>
			<xmax>3835</xmax>
			<ymax>2416</ymax>
		</bndbox>
	</object>
	<object>
		<name>전주콩나물국밥</name>
		<bndbox>
			<xmin>1933</xmin>
			<ymin>608</ymin>
			<xmax>3625</xmax>
			<ymax>2214</ymax>
		</bndbox>
	</object>
</annotation>