<annotation>
	<folder>top국류뚝배기전주콩나물국밥q3</folder>
	<filename>top_국류_뚝배기_전주콩나물국밥_Q3_00022.JPG</filename>
	<path>/top국류뚝배기전주콩나물국밥q3/top_국류_뚝배기_전주콩나물국밥_Q3_00022.JPG</path>
	<source>
		<database>fooddata</database>
	</source>
	<size>
		<width>5472</width>
		<height>3648</height>
		<depth>3</depth>
	</size>
	<object>
		<name>ref_spoon</name>
		<bndbox>
			<xmin>1824</xmin>
			<ymin>2923</ymin>
			<xmax>2455</xmax>
			<ymax>3352</ymax>
		</bndbox>
	</object>
	<object>
		<name>ref_fork</name>
		<bndbox>
			<xmin>1918</xmin>
			<ymin>2572</ymin>
			<xmax>2572</xmax>
			<ymax>2845</ymax>
		</bndbox>
	</object>
	<object>
		<name>ref_coin</name>
		<bndbox>
			<xmin>2268</xmin>
			<ymin>179</ymin>
			<xmax>2526</xmax>
			<ymax>398</ymax>
		</bndbox>
	</object>
	<object>
		<name>dish</name>
		<bndbox>
			<xmin>1847</xmin>
			<ymin>491</ymin>
			<xmax>3835</xmax>
			<ymax>2448</ymax>
		</bndbox>
	</object>
	<object>
		<name>전주콩나물국밥</name>
		<bndbox>
			<xmin>2050</xmin>
			<ymin>756</ymin>
			<xmax>3640</xmax>
			<ymax>2261</ymax>
		</bndbox>
	</object>
</annotation>