<annotation>
	<folder>top국류뚝배기전주콩나물국밥q3</folder>
	<filename>top_국류_뚝배기_전주콩나물국밥_Q3_00013.JPG</filename>
	<path>/top국류뚝배기전주콩나물국밥q3/top_국류_뚝배기_전주콩나물국밥_Q3_00013.JPG</path>
	<source>
		<database>fooddata</database>
	</source>
	<size>
		<width>5472</width>
		<height>3648</height>
		<depth>3</depth>
	</size>
	<object>
		<name>ref_spoon</name>
		<bndbox>
			<xmin>3438</xmin>
			<ymin>694</ymin>
			<xmax>3913</xmax>
			<ymax>1465</ymax>
		</bndbox>
	</object>
	<object>
		<name>ref_fork</name>
		<bndbox>
			<xmin>4100</xmin>
			<ymin>694</ymin>
			<xmax>4427</xmax>
			<ymax>1536</ymax>
		</bndbox>
	</object>
	<object>
		<name>ref_coin</name>
		<bndbox>
			<xmin>2448</xmin>
			<ymin>265</ymin>
			<xmax>2791</xmax>
			<ymax>600</ymax>
		</bndbox>
	</object>
	<object>
		<name>dish</name>
		<bndbox>
			<xmin>741</xmin>
			<ymin>655</ymin>
			<xmax>3508</xmax>
			<ymax>3391</ymax>
		</bndbox>
	</object>
	<object>
		<name>전주콩나물국밥</name>
		<bndbox>
			<xmin>1037</xmin>
			<ymin>951</ymin>
			<xmax>3235</xmax>
			<ymax>3126</ymax>
		</bndbox>
	</object>
</annotation>