<annotation>
	<folder>side생선찜류사각배달문어숙회q3</folder>
	<filename>side_생선찜류_사각배달_문어숙회_Q3_00050.JPG</filename>
	<path>/side생선찜류사각배달문어숙회q3/side_생선찜류_사각배달_문어숙회_Q3_00050.JPG</path>
	<source>
		<database>fooddata</database>
	</source>
	<size>
		<width>3008</width>
		<height>2000</height>
		<depth>3</depth>
	</size>
	<object>
		<name>ref_spoon</name>
		<bndbox>
			<xmin>578</xmin>
			<ymin>452</ymin>
			<xmax>870</xmax>
			<ymax>813</ymax>
		</bndbox>
	</object>
	<object>
		<name>ref_fork</name>
		<bndbox>
			<xmin>1049</xmin>
			<ymin>486</ymin>
			<xmax>1253</xmax>
			<ymax>885</ymax>
		</bndbox>
	</object>
	<object>
		<name>ref_coin</name>
		<bndbox>
			<xmin>116</xmin>
			<ymin>1381</ymin>
			<xmax>361</xmax>
			<ymax>1555</ymax>
		</bndbox>
	</object>
	<object>
		<name>dish</name>
		<bndbox>
			<xmin>1460</xmin>
			<ymin>437</ymin>
			<xmax>2784</xmax>
			<ymax>1523</ymax>
		</bndbox>
	</object>
	<object>
		<name>문어숙회</name>
		<bndbox>
			<xmin>1740</xmin>
			<ymin>693</ymin>
			<xmax>2588</xmax>
			<ymax>1366</ymax>
		</bndbox>
	</object>
</annotation>