<annotation>
	<folder>side생선찜류사각배달문어숙회q3</folder>
	<filename>side_생선찜류_사각배달_문어숙회_Q3_00043.JPG</filename>
	<path>/side생선찜류사각배달문어숙회q3/side_생선찜류_사각배달_문어숙회_Q3_00043.JPG</path>
	<source>
		<database>fooddata</database>
	</source>
	<size>
		<width>3008</width>
		<height>2000</height>
		<depth>3</depth>
	</size>
	<object>
		<name>ref_spoon</name>
		<bndbox>
			<xmin>379</xmin>
			<ymin>479</ymin>
			<xmax>671</xmax>
			<ymax>840</ymax>
		</bndbox>
	</object>
	<object>
		<name>ref_fork</name>
		<bndbox>
			<xmin>838</xmin>
			<ymin>516</ymin>
			<xmax>1047</xmax>
			<ymax>921</ymax>
		</bndbox>
	</object>
	<object>
		<name>ref_coin</name>
		<bndbox>
			<xmin>2681</xmin>
			<ymin>649</ymin>
			<xmax>2904</xmax>
			<ymax>799</ymax>
		</bndbox>
	</object>
	<object>
		<name>dish</name>
		<bndbox>
			<xmin>1108</xmin>
			<ymin>432</ymin>
			<xmax>2310</xmax>
			<ymax>1496</ymax>
		</bndbox>
	</object>
	<object>
		<name>문어숙회</name>
		<bndbox>
			<xmin>1310</xmin>
			<ymin>686</ymin>
			<xmax>2180</xmax>
			<ymax>1334</ymax>
		</bndbox>
	</object>
</annotation>