<annotation>
	<folder>side생선찜류사각배달문어숙회q3</folder>
	<filename>side_생선찜류_사각배달_문어숙회_Q3_00023.JPG</filename>
	<path>/side생선찜류사각배달문어숙회q3/side_생선찜류_사각배달_문어숙회_Q3_00023.JPG</path>
	<source>
		<database>fooddata</database>
	</source>
	<size>
		<width>3008</width>
		<height>2000</height>
		<depth>3</depth>
	</size>
	<object>
		<name>ref_spoon</name>
		<bndbox>
			<xmin>511</xmin>
			<ymin>1528</ymin>
			<xmax>1022</xmax>
			<ymax>1779</ymax>
		</bndbox>
	</object>
	<object>
		<name>ref_fork</name>
		<bndbox>
			<xmin>526</xmin>
			<ymin>1278</ymin>
			<xmax>1072</xmax>
			<ymax>1509</ymax>
		</bndbox>
	</object>
	<object>
		<name>ref_coin</name>
		<bndbox>
			<xmin>762</xmin>
			<ymin>155</ymin>
			<xmax>973</xmax>
			<ymax>285</ymax>
		</bndbox>
	</object>
	<object>
		<name>dish</name>
		<bndbox>
			<xmin>462</xmin>
			<ymin>179</ymin>
			<xmax>2221</xmax>
			<ymax>1187</ymax>
		</bndbox>
	</object>
	<object>
		<name>문어숙회</name>
		<bndbox>
			<xmin>728</xmin>
			<ymin>425</ymin>
			<xmax>1850</xmax>
			<ymax>1057</ymax>
		</bndbox>
	</object>
</annotation>