<annotation>
	<folder>side생선찜류사각배달문어숙회q3</folder>
	<filename>side_생선찜류_사각배달_문어숙회_Q3_00013.JPG</filename>
	<path>/side생선찜류사각배달문어숙회q3/side_생선찜류_사각배달_문어숙회_Q3_00013.JPG</path>
	<source>
		<database>fooddata</database>
	</source>
	<size>
		<width>3008</width>
		<height>2000</height>
		<depth>3</depth>
	</size>
	<object>
		<name>ref_spoon</name>
		<bndbox>
			<xmin>2158</xmin>
			<ymin>231</ymin>
			<xmax>2465</xmax>
			<ymax>619</ymax>
		</bndbox>
	</object>
	<object>
		<name>ref_fork</name>
		<bndbox>
			<xmin>2538</xmin>
			<ymin>243</ymin>
			<xmax>2757</xmax>
			<ymax>681</ymax>
		</bndbox>
	</object>
	<object>
		<name>ref_coin</name>
		<bndbox>
			<xmin>411</xmin>
			<ymin>152</ymin>
			<xmax>634</xmax>
			<ymax>297</ymax>
		</bndbox>
	</object>
	<object>
		<name>dish</name>
		<bndbox>
			<xmin>167</xmin>
			<ymin>295</ymin>
			<xmax>2096</xmax>
			<ymax>1450</ymax>
		</bndbox>
	</object>
	<object>
		<name>문어숙회</name>
		<bndbox>
			<xmin>460</xmin>
			<ymin>646</ymin>
			<xmax>1379</xmax>
			<ymax>1327</ymax>
		</bndbox>
	</object>
</annotation>