<annotation>
	<folder>side생선찜류사각배달문어숙회q3</folder>
	<filename>side_생선찜류_사각배달_문어숙회_Q3_00046.JPG</filename>
	<path>/side생선찜류사각배달문어숙회q3/side_생선찜류_사각배달_문어숙회_Q3_00046.JPG</path>
	<source>
		<database>fooddata</database>
	</source>
	<size>
		<width>3008</width>
		<height>2000</height>
		<depth>3</depth>
	</size>
	<object>
		<name>ref_spoon</name>
		<bndbox>
			<xmin>467</xmin>
			<ymin>474</ymin>
			<xmax>760</xmax>
			<ymax>821</ymax>
		</bndbox>
	</object>
	<object>
		<name>ref_fork</name>
		<bndbox>
			<xmin>941</xmin>
			<ymin>479</ymin>
			<xmax>1148</xmax>
			<ymax>892</ymax>
		</bndbox>
	</object>
	<object>
		<name>ref_coin</name>
		<bndbox>
			<xmin>1433</xmin>
			<ymin>285</ymin>
			<xmax>1642</xmax>
			<ymax>418</ymax>
		</bndbox>
	</object>
	<object>
		<name>dish</name>
		<bndbox>
			<xmin>1337</xmin>
			<ymin>440</ymin>
			<xmax>2558</xmax>
			<ymax>1543</ymax>
		</bndbox>
	</object>
	<object>
		<name>문어숙회</name>
		<bndbox>
			<xmin>1666</xmin>
			<ymin>705</ymin>
			<xmax>2396</xmax>
			<ymax>1383</ymax>
		</bndbox>
	</object>
</annotation>