<annotation>
	<folder>side생선찜류사각배달문어숙회q3</folder>
	<filename>side_생선찜류_사각배달_문어숙회_Q3_00008.JPG</filename>
	<path>/side생선찜류사각배달문어숙회q3/side_생선찜류_사각배달_문어숙회_Q3_00008.JPG</path>
	<source>
		<database>fooddata</database>
	</source>
	<size>
		<width>3008</width>
		<height>2000</height>
		<depth>3</depth>
	</size>
	<object>
		<name>ref_spoon</name>
		<bndbox>
			<xmin>2273</xmin>
			<ymin>801</ymin>
			<xmax>2558</xmax>
			<ymax>1155</ymax>
		</bndbox>
	</object>
	<object>
		<name>ref_fork</name>
		<bndbox>
			<xmin>2615</xmin>
			<ymin>821</ymin>
			<xmax>2821</xmax>
			<ymax>1231</ymax>
		</bndbox>
	</object>
	<object>
		<name>ref_coin</name>
		<bndbox>
			<xmin>62</xmin>
			<ymin>1494</ymin>
			<xmax>300</xmax>
			<ymax>1661</ymax>
		</bndbox>
	</object>
	<object>
		<name>dish</name>
		<bndbox>
			<xmin>524</xmin>
			<ymin>769</ymin>
			<xmax>2253</xmax>
			<ymax>1806</ymax>
		</bndbox>
	</object>
	<object>
		<name>문어숙회</name>
		<bndbox>
			<xmin>1194</xmin>
			<ymin>1113</ymin>
			<xmax>2052</xmax>
			<ymax>1681</ymax>
		</bndbox>
	</object>
</annotation>