<annotation>
	<folder>side생선찜류사각배달문어숙회q3</folder>
	<filename>side_생선찜류_사각배달_문어숙회_Q3_00049.JPG</filename>
	<path>/side생선찜류사각배달문어숙회q3/side_생선찜류_사각배달_문어숙회_Q3_00049.JPG</path>
	<source>
		<database>fooddata</database>
	</source>
	<size>
		<width>3008</width>
		<height>2000</height>
		<depth>3</depth>
	</size>
	<object>
		<name>ref_spoon</name>
		<bndbox>
			<xmin>472</xmin>
			<ymin>292</ymin>
			<xmax>764</xmax>
			<ymax>641</ymax>
		</bndbox>
	</object>
	<object>
		<name>ref_fork</name>
		<bndbox>
			<xmin>939</xmin>
			<ymin>319</ymin>
			<xmax>1143</xmax>
			<ymax>730</ymax>
		</bndbox>
	</object>
	<object>
		<name>ref_coin</name>
		<bndbox>
			<xmin>76</xmin>
			<ymin>1010</ymin>
			<xmax>312</xmax>
			<ymax>1170</ymax>
		</bndbox>
	</object>
	<object>
		<name>dish</name>
		<bndbox>
			<xmin>1357</xmin>
			<ymin>314</ymin>
			<xmax>2592</xmax>
			<ymax>1383</ymax>
		</bndbox>
	</object>
	<object>
		<name>문어숙회</name>
		<bndbox>
			<xmin>1565</xmin>
			<ymin>560</ymin>
			<xmax>2413</xmax>
			<ymax>1206</ymax>
		</bndbox>
	</object>
</annotation>