<annotation>
	<folder>side생선찜류사각배달문어숙회q3</folder>
	<filename>side_생선찜류_사각배달_문어숙회_Q3_00027.JPG</filename>
	<path>/side생선찜류사각배달문어숙회q3/side_생선찜류_사각배달_문어숙회_Q3_00027.JPG</path>
	<source>
		<database>fooddata</database>
	</source>
	<size>
		<width>3008</width>
		<height>2000</height>
		<depth>3</depth>
	</size>
	<object>
		<name>ref_spoon</name>
		<bndbox>
			<xmin>538</xmin>
			<ymin>1533</ymin>
			<xmax>1057</xmax>
			<ymax>1784</ymax>
		</bndbox>
	</object>
	<object>
		<name>ref_fork</name>
		<bndbox>
			<xmin>551</xmin>
			<ymin>1280</ymin>
			<xmax>1123</xmax>
			<ymax>1509</ymax>
		</bndbox>
	</object>
	<object>
		<name>ref_coin</name>
		<bndbox>
			<xmin>2027</xmin>
			<ymin>568</ymin>
			<xmax>2261</xmax>
			<ymax>720</ymax>
		</bndbox>
	</object>
	<object>
		<name>dish</name>
		<bndbox>
			<xmin>396</xmin>
			<ymin>111</ymin>
			<xmax>1696</xmax>
			<ymax>1152</ymax>
		</bndbox>
	</object>
	<object>
		<name>문어숙회</name>
		<bndbox>
			<xmin>757</xmin>
			<ymin>391</ymin>
			<xmax>1506</xmax>
			<ymax>1000</ymax>
		</bndbox>
	</object>
</annotation>