<annotation>
	<folder>side생선찜류사각배달문어숙회q3</folder>
	<filename>side_생선찜류_사각배달_문어숙회_Q3_00011.JPG</filename>
	<path>/side생선찜류사각배달문어숙회q3/side_생선찜류_사각배달_문어숙회_Q3_00011.JPG</path>
	<source>
		<database>fooddata</database>
	</source>
	<size>
		<width>3008</width>
		<height>2000</height>
		<depth>3</depth>
	</size>
	<object>
		<name>ref_spoon</name>
		<bndbox>
			<xmin>2197</xmin>
			<ymin>371</ymin>
			<xmax>2506</xmax>
			<ymax>749</ymax>
		</bndbox>
	</object>
	<object>
		<name>ref_fork</name>
		<bndbox>
			<xmin>2573</xmin>
			<ymin>391</ymin>
			<xmax>2801</xmax>
			<ymax>828</ymax>
		</bndbox>
	</object>
	<object>
		<name>ref_coin</name>
		<bndbox>
			<xmin>226</xmin>
			<ymin>771</ymin>
			<xmax>462</xmax>
			<ymax>939</ymax>
		</bndbox>
	</object>
	<object>
		<name>dish</name>
		<bndbox>
			<xmin>440</xmin>
			<ymin>329</ymin>
			<xmax>1990</xmax>
			<ymax>1558</ymax>
		</bndbox>
	</object>
	<object>
		<name>문어숙회</name>
		<bndbox>
			<xmin>659</xmin>
			<ymin>867</ymin>
			<xmax>1701</xmax>
			<ymax>1418</ymax>
		</bndbox>
	</object>
</annotation>