<annotation>
	<folder>top생선찜류사각배달문어숙회q3</folder>
	<filename>top_생선찜류_사각배달_문어숙회_Q3_00030.JPG</filename>
	<path>/top생선찜류사각배달문어숙회q3/top_생선찜류_사각배달_문어숙회_Q3_00030.JPG</path>
	<source>
		<database>fooddata</database>
	</source>
	<size>
		<width>3008</width>
		<height>2000</height>
		<depth>3</depth>
	</size>
	<object>
		<name>ref_spoon</name>
		<bndbox>
			<xmin>770</xmin>
			<ymin>1462</ymin>
			<xmax>1094</xmax>
			<ymax>1674</ymax>
		</bndbox>
	</object>
	<object>
		<name>ref_fork</name>
		<bndbox>
			<xmin>820</xmin>
			<ymin>1279</ymin>
			<xmax>1172</xmax>
			<ymax>1418</ymax>
		</bndbox>
	</object>
	<object>
		<name>ref_coin</name>
		<bndbox>
			<xmin>1538</xmin>
			<ymin>1700</ymin>
			<xmax>1682</xmax>
			<ymax>1851</ymax>
		</bndbox>
	</object>
	<object>
		<name>dish</name>
		<bndbox>
			<xmin>702</xmin>
			<ymin>86</ymin>
			<xmax>1901</xmax>
			<ymax>1141</ymax>
		</bndbox>
	</object>
	<object>
		<name>문어숙회</name>
		<bndbox>
			<xmin>1081</xmin>
			<ymin>334</ymin>
			<xmax>1606</xmax>
			<ymax>1013</ymax>
		</bndbox>
	</object>
</annotation>