<annotation>
	<folder>top생선찜류사각배달문어숙회q3</folder>
	<filename>top_생선찜류_사각배달_문어숙회_Q3_00013.JPG</filename>
	<path>/top생선찜류사각배달문어숙회q3/top_생선찜류_사각배달_문어숙회_Q3_00013.JPG</path>
	<source>
		<database>fooddata</database>
	</source>
	<size>
		<width>3008</width>
		<height>2000</height>
		<depth>3</depth>
	</size>
	<object>
		<name>ref_spoon</name>
		<bndbox>
			<xmin>1943</xmin>
			<ymin>316</ymin>
			<xmax>2185</xmax>
			<ymax>702</ymax>
		</bndbox>
	</object>
	<object>
		<name>ref_fork</name>
		<bndbox>
			<xmin>2303</xmin>
			<ymin>329</ymin>
			<xmax>2465</xmax>
			<ymax>757</ymax>
		</bndbox>
	</object>
	<object>
		<name>ref_coin</name>
		<bndbox>
			<xmin>1120</xmin>
			<ymin>99</ymin>
			<xmax>1300</xmax>
			<ymax>269</ymax>
		</bndbox>
	</object>
	<object>
		<name>dish</name>
		<bndbox>
			<xmin>373</xmin>
			<ymin>590</ymin>
			<xmax>1695</xmax>
			<ymax>1564</ymax>
		</bndbox>
	</object>
	<object>
		<name>문어숙회</name>
		<bndbox>
			<xmin>478</xmin>
			<ymin>770</ymin>
			<xmax>1165</xmax>
			<ymax>1473</ymax>
		</bndbox>
	</object>
</annotation>