<annotation>
	<folder>top생선찜류사각배달문어숙회q3</folder>
	<filename>top_생선찜류_사각배달_문어숙회_Q3_00036.JPG</filename>
	<path>/top생선찜류사각배달문어숙회q3/top_생선찜류_사각배달_문어숙회_Q3_00036.JPG</path>
	<source>
		<database>fooddata</database>
	</source>
	<size>
		<width>3008</width>
		<height>2000</height>
		<depth>3</depth>
	</size>
	<object>
		<name>ref_spoon</name>
		<bndbox>
			<xmin>713</xmin>
			<ymin>298</ymin>
			<xmax>961</xmax>
			<ymax>695</ymax>
		</bndbox>
	</object>
	<object>
		<name>ref_fork</name>
		<bndbox>
			<xmin>1084</xmin>
			<ymin>324</ymin>
			<xmax>1253</xmax>
			<ymax>765</ymax>
		</bndbox>
	</object>
	<object>
		<name>ref_coin</name>
		<bndbox>
			<xmin>1919</xmin>
			<ymin>1796</ymin>
			<xmax>2105</xmax>
			<ymax>1982</ymax>
		</bndbox>
	</object>
	<object>
		<name>dish</name>
		<bndbox>
			<xmin>1431</xmin>
			<ymin>196</ymin>
			<xmax>2473</xmax>
			<ymax>1540</ymax>
		</bndbox>
	</object>
	<object>
		<name>문어숙회</name>
		<bndbox>
			<xmin>1559</xmin>
			<ymin>517</ymin>
			<xmax>2319</xmax>
			<ymax>1381</ymax>
		</bndbox>
	</object>
</annotation>