<annotation>
	<folder>top생선찜류사각배달문어숙회q3</folder>
	<filename>top_생선찜류_사각배달_문어숙회_Q3_00050.JPG</filename>
	<path>/top생선찜류사각배달문어숙회q3/top_생선찜류_사각배달_문어숙회_Q3_00050.JPG</path>
	<source>
		<database>fooddata</database>
	</source>
	<size>
		<width>3008</width>
		<height>2000</height>
		<depth>3</depth>
	</size>
	<object>
		<name>ref_spoon</name>
		<bndbox>
			<xmin>248</xmin>
			<ymin>360</ymin>
			<xmax>514</xmax>
			<ymax>783</ymax>
		</bndbox>
	</object>
	<object>
		<name>ref_fork</name>
		<bndbox>
			<xmin>666</xmin>
			<ymin>352</ymin>
			<xmax>846</xmax>
			<ymax>802</ymax>
		</bndbox>
	</object>
	<object>
		<name>ref_coin</name>
		<bndbox>
			<xmin>2298</xmin>
			<ymin>783</ymin>
			<xmax>2483</xmax>
			<ymax>963</ymax>
		</bndbox>
	</object>
	<object>
		<name>dish</name>
		<bndbox>
			<xmin>979</xmin>
			<ymin>371</ymin>
			<xmax>2031</xmax>
			<ymax>1736</ymax>
		</bndbox>
	</object>
	<object>
		<name>문어숙회</name>
		<bndbox>
			<xmin>1131</xmin>
			<ymin>551</ymin>
			<xmax>1760</xmax>
			<ymax>1587</ymax>
		</bndbox>
	</object>
</annotation>