<annotation>
	<folder>side건더기국류원형배달감자탕q3</folder>
	<filename>side_건더기국류_원형배달_감자탕_Q3_00020.JPG</filename>
	<path>/side건더기국류원형배달감자탕q3/side_건더기국류_원형배달_감자탕_Q3_00020.JPG</path>
	<source>
		<database>fooddata</database>
	</source>
	<size>
		<width>3008</width>
		<height>2000</height>
		<depth>3</depth>
	</size>
	<object>
		<name>ref_spoon</name>
		<bndbox>
			<xmin>666</xmin>
			<ymin>1609</ymin>
			<xmax>1083</xmax>
			<ymax>1863</ymax>
		</bndbox>
	</object>
	<object>
		<name>ref_fork</name>
		<bndbox>
			<xmin>755</xmin>
			<ymin>1432</ymin>
			<xmax>1224</xmax>
			<ymax>1642</ymax>
		</bndbox>
	</object>
	<object>
		<name>ref_coin</name>
		<bndbox>
			<xmin>2500</xmin>
			<ymin>882</ymin>
			<xmax>2718</xmax>
			<ymax>1044</ymax>
		</bndbox>
	</object>
	<object>
		<name>dish</name>
		<bndbox>
			<xmin>858</xmin>
			<ymin>251</ymin>
			<xmax>2153</xmax>
			<ymax>1303</ymax>
		</bndbox>
	</object>
	<object>
		<name>감자탕</name>
		<bndbox>
			<xmin>1046</xmin>
			<ymin>557</ymin>
			<xmax>1976</xmax>
			<ymax>974</ymax>
		</bndbox>
	</object>
</annotation>