<annotation>
	<folder>side건더기국류원형배달감자탕q3</folder>
	<filename>side_건더기국류_원형배달_감자탕_Q3_00002.JPG</filename>
	<path>/side건더기국류원형배달감자탕q3/side_건더기국류_원형배달_감자탕_Q3_00002.JPG</path>
	<source>
		<database>fooddata</database>
	</source>
	<size>
		<width>3008</width>
		<height>2000</height>
		<depth>3</depth>
	</size>
	<object>
		<name>ref_spoon</name>
		<bndbox>
			<xmin>1991</xmin>
			<ymin>587</ymin>
			<xmax>2279</xmax>
			<ymax>919</ymax>
		</bndbox>
	</object>
	<object>
		<name>ref_fork</name>
		<bndbox>
			<xmin>2390</xmin>
			<ymin>598</ymin>
			<xmax>2611</xmax>
			<ymax>967</ymax>
		</bndbox>
	</object>
	<object>
		<name>ref_coin</name>
		<bndbox>
			<xmin>1353</xmin>
			<ymin>1657</ymin>
			<xmax>1607</xmax>
			<ymax>1845</ymax>
		</bndbox>
	</object>
	<object>
		<name>dish</name>
		<bndbox>
			<xmin>364</xmin>
			<ymin>232</ymin>
			<xmax>1847</xmax>
			<ymax>1432</ymax>
		</bndbox>
	</object>
	<object>
		<name>감자탕</name>
		<bndbox>
			<xmin>574</xmin>
			<ymin>609</ymin>
			<xmax>1622</xmax>
			<ymax>1074</ymax>
		</bndbox>
	</object>
</annotation>