<annotation>
	<folder>side건더기국류원형배달감자탕q3</folder>
	<filename>side_건더기국류_원형배달_감자탕_Q3_00047.JPG</filename>
	<path>/side건더기국류원형배달감자탕q3/side_건더기국류_원형배달_감자탕_Q3_00047.JPG</path>
	<source>
		<database>fooddata</database>
	</source>
	<size>
		<width>3008</width>
		<height>2000</height>
		<depth>3</depth>
	</size>
	<object>
		<name>ref_spoon</name>
		<bndbox>
			<xmin>375</xmin>
			<ymin>723</ymin>
			<xmax>663</xmax>
			<ymax>1055</ymax>
		</bndbox>
	</object>
	<object>
		<name>ref_fork</name>
		<bndbox>
			<xmin>733</xmin>
			<ymin>705</ymin>
			<xmax>958</xmax>
			<ymax>1089</ymax>
		</bndbox>
	</object>
	<object>
		<name>ref_coin</name>
		<bndbox>
			<xmin>880</xmin>
			<ymin>365</ymin>
			<xmax>1080</xmax>
			<ymax>506</ymax>
		</bndbox>
	</object>
	<object>
		<name>dish</name>
		<bndbox>
			<xmin>1135</xmin>
			<ymin>365</ymin>
			<xmax>2585</xmax>
			<ymax>1528</ymax>
		</bndbox>
	</object>
	<object>
		<name>감자탕</name>
		<bndbox>
			<xmin>1338</xmin>
			<ymin>764</ymin>
			<xmax>2371</xmax>
			<ymax>1177</ymax>
		</bndbox>
	</object>
</annotation>