<annotation>
	<folder>side건더기국류원형배달감자탕q3</folder>
	<filename>side_건더기국류_원형배달_감자탕_Q3_00028.JPG</filename>
	<path>/side건더기국류원형배달감자탕q3/side_건더기국류_원형배달_감자탕_Q3_00028.JPG</path>
	<source>
		<database>fooddata</database>
	</source>
	<size>
		<width>3008</width>
		<height>2000</height>
		<depth>3</depth>
	</size>
	<object>
		<name>ref_spoon</name>
		<bndbox>
			<xmin>855</xmin>
			<ymin>1638</ymin>
			<xmax>1297</xmax>
			<ymax>1900</ymax>
		</bndbox>
	</object>
	<object>
		<name>ref_fork</name>
		<bndbox>
			<xmin>943</xmin>
			<ymin>1469</ymin>
			<xmax>1412</xmax>
			<ymax>1675</ymax>
		</bndbox>
	</object>
	<object>
		<name>ref_coin</name>
		<bndbox>
			<xmin>312</xmin>
			<ymin>1192</ymin>
			<xmax>522</xmax>
			<ymax>1362</ymax>
		</bndbox>
	</object>
	<object>
		<name>dish</name>
		<bndbox>
			<xmin>1028</xmin>
			<ymin>317</ymin>
			<xmax>2338</xmax>
			<ymax>1369</ymax>
		</bndbox>
	</object>
	<object>
		<name>감자탕</name>
		<bndbox>
			<xmin>1212</xmin>
			<ymin>609</ymin>
			<xmax>2161</xmax>
			<ymax>1048</ymax>
		</bndbox>
	</object>
</annotation>