<annotation>
	<folder>side건더기국류원형배달감자탕q3</folder>
	<filename>side_건더기국류_원형배달_감자탕_Q3_00039.JPG</filename>
	<path>/side건더기국류원형배달감자탕q3/side_건더기국류_원형배달_감자탕_Q3_00039.JPG</path>
	<source>
		<database>fooddata</database>
	</source>
	<size>
		<width>3008</width>
		<height>2000</height>
		<depth>3</depth>
	</size>
	<object>
		<name>ref_spoon</name>
		<bndbox>
			<xmin>596</xmin>
			<ymin>771</ymin>
			<xmax>895</xmax>
			<ymax>1103</ymax>
		</bndbox>
	</object>
	<object>
		<name>ref_fork</name>
		<bndbox>
			<xmin>965</xmin>
			<ymin>745</ymin>
			<xmax>1179</xmax>
			<ymax>1122</ymax>
		</bndbox>
	</object>
	<object>
		<name>ref_coin</name>
		<bndbox>
			<xmin>2486</xmin>
			<ymin>1314</ymin>
			<xmax>2718</xmax>
			<ymax>1487</ymax>
		</bndbox>
	</object>
	<object>
		<name>dish</name>
		<bndbox>
			<xmin>1238</xmin>
			<ymin>203</ymin>
			<xmax>2604</xmax>
			<ymax>1295</ymax>
		</bndbox>
	</object>
	<object>
		<name>감자탕</name>
		<bndbox>
			<xmin>1415</xmin>
			<ymin>568</ymin>
			<xmax>2390</xmax>
			<ymax>941</ymax>
		</bndbox>
	</object>
</annotation>