<annotation>
	<folder>top건더기류원형배달감자탕q3</folder>
	<filename>top_건더기국류_원형배달_감자탕_Q3_00004.JPG</filename>
	<path>/top건더기국류원형배달감자탕q3/top_건더기국류_원형배달_감자탕_Q3_00004.JPG</path>
	<source>
		<database>fooddata</database>
	</source>
	<size>
		<width>3008</width>
		<height>2000</height>
		<depth>3</depth>
	</size>
	<object>
		<name>ref_spoon</name>
		<bndbox>
			<xmin>2090</xmin>
			<ymin>307</ymin>
			<xmax>2294</xmax>
			<ymax>642</ymax>
		</bndbox>
	</object>
	<object>
		<name>ref_fork</name>
		<bndbox>
			<xmin>2414</xmin>
			<ymin>312</ymin>
			<xmax>2568</xmax>
			<ymax>685</ymax>
		</bndbox>
	</object>
	<object>
		<name>ref_coin</name>
		<bndbox>
			<xmin>982</xmin>
			<ymin>1688</ymin>
			<xmax>1146</xmax>
			<ymax>1859</ymax>
		</bndbox>
	</object>
	<object>
		<name>dish</name>
		<bndbox>
			<xmin>752</xmin>
			<ymin>194</ymin>
			<xmax>2074</xmax>
			<ymax>1514</ymax>
		</bndbox>
	</object>
	<object>
		<name>감자탕</name>
		<bndbox>
			<xmin>929</xmin>
			<ymin>430</ymin>
			<xmax>1898</xmax>
			<ymax>1384</ymax>
		</bndbox>
	</object>
</annotation>