<annotation>
	<folder>top건더기류원형배달감자탕q3</folder>
	<filename>top_건더기국류_원형배달_감자탕_Q3_00006.JPG</filename>
	<path>/top건더기국류원형배달감자탕q3/top_건더기국류_원형배달_감자탕_Q3_00006.JPG</path>
	<source>
		<database>fooddata</database>
	</source>
	<size>
		<width>3008</width>
		<height>2000</height>
		<depth>3</depth>
	</size>
	<object>
		<name>ref_spoon</name>
		<bndbox>
			<xmin>2079</xmin>
			<ymin>253</ymin>
			<xmax>2297</xmax>
			<ymax>601</ymax>
		</bndbox>
	</object>
	<object>
		<name>ref_fork</name>
		<bndbox>
			<xmin>2427</xmin>
			<ymin>256</ymin>
			<xmax>2586</xmax>
			<ymax>639</ymax>
		</bndbox>
	</object>
	<object>
		<name>ref_coin</name>
		<bndbox>
			<xmin>338</xmin>
			<ymin>1276</ymin>
			<xmax>514</xmax>
			<ymax>1442</ymax>
		</bndbox>
	</object>
	<object>
		<name>dish</name>
		<bndbox>
			<xmin>675</xmin>
			<ymin>292</ymin>
			<xmax>2033</xmax>
			<ymax>1670</ymax>
		</bndbox>
	</object>
	<object>
		<name>감자탕</name>
		<bndbox>
			<xmin>877</xmin>
			<ymin>512</ymin>
			<xmax>1875</xmax>
			<ymax>1494</ymax>
		</bndbox>
	</object>
</annotation>