<annotation>
	<folder>top건더기류원형배달감자탕q3</folder>
	<filename>top_건더기국류_원형배달_감자탕_Q3_00011.JPG</filename>
	<path>/top건더기국류원형배달감자탕q3/top_건더기국류_원형배달_감자탕_Q3_00011.JPG</path>
	<source>
		<database>fooddata</database>
	</source>
	<size>
		<width>3008</width>
		<height>2000</height>
		<depth>3</depth>
	</size>
	<object>
		<name>ref_spoon</name>
		<bndbox>
			<xmin>2056</xmin>
			<ymin>330</ymin>
			<xmax>2274</xmax>
			<ymax>680</ymax>
		</bndbox>
	</object>
	<object>
		<name>ref_fork</name>
		<bndbox>
			<xmin>2399</xmin>
			<ymin>327</ymin>
			<xmax>2553</xmax>
			<ymax>708</ymax>
		</bndbox>
	</object>
	<object>
		<name>ref_coin</name>
		<bndbox>
			<xmin>1573</xmin>
			<ymin>77</ymin>
			<xmax>1734</xmax>
			<ymax>235</ymax>
		</bndbox>
	</object>
	<object>
		<name>dish</name>
		<bndbox>
			<xmin>545</xmin>
			<ymin>440</ymin>
			<xmax>1944</xmax>
			<ymax>1839</ymax>
		</bndbox>
	</object>
	<object>
		<name>감자탕</name>
		<bndbox>
			<xmin>752</xmin>
			<ymin>645</ymin>
			<xmax>1770</xmax>
			<ymax>1665</ymax>
		</bndbox>
	</object>
</annotation>