<annotation>
	<folder>top건더기류원형배달감자탕q3</folder>
	<filename>top_건더기국류_원형배달_감자탕_Q3_00034.JPG</filename>
	<path>/top건더기국류원형배달감자탕q3/top_건더기국류_원형배달_감자탕_Q3_00034.JPG</path>
	<source>
		<database>fooddata</database>
	</source>
	<size>
		<width>3008</width>
		<height>2000</height>
		<depth>3</depth>
	</size>
	<object>
		<name>ref_spoon</name>
		<bndbox>
			<xmin>665</xmin>
			<ymin>210</ymin>
			<xmax>898</xmax>
			<ymax>565</ymax>
		</bndbox>
	</object>
	<object>
		<name>ref_fork</name>
		<bndbox>
			<xmin>1023</xmin>
			<ymin>256</ymin>
			<xmax>1172</xmax>
			<ymax>657</ymax>
		</bndbox>
	</object>
	<object>
		<name>ref_coin</name>
		<bndbox>
			<xmin>1414</xmin>
			<ymin>1706</ymin>
			<xmax>1588</xmax>
			<ymax>1875</ymax>
		</bndbox>
	</object>
	<object>
		<name>dish</name>
		<bndbox>
			<xmin>1307</xmin>
			<ymin>240</ymin>
			<xmax>2647</xmax>
			<ymax>1596</ymax>
		</bndbox>
	</object>
	<object>
		<name>감자탕</name>
		<bndbox>
			<xmin>1440</xmin>
			<ymin>442</ymin>
			<xmax>2425</xmax>
			<ymax>1440</ymax>
		</bndbox>
	</object>
</annotation>