<annotation>
	<folder>top건더기류원형배달감자탕q3</folder>
	<filename>top_건더기국류_원형배달_감자탕_Q3_00020.JPG</filename>
	<path>/top건더기국류원형배달감자탕q3/top_건더기국류_원형배달_감자탕_Q3_00020.JPG</path>
	<source>
		<database>fooddata</database>
	</source>
	<size>
		<width>3008</width>
		<height>2000</height>
		<depth>3</depth>
	</size>
	<object>
		<name>ref_spoon</name>
		<bndbox>
			<xmin>867</xmin>
			<ymin>1629</ymin>
			<xmax>1197</xmax>
			<ymax>1847</ymax>
		</bndbox>
	</object>
	<object>
		<name>ref_fork</name>
		<bndbox>
			<xmin>890</xmin>
			<ymin>1391</ymin>
			<xmax>1251</xmax>
			<ymax>1537</ymax>
		</bndbox>
	</object>
	<object>
		<name>ref_coin</name>
		<bndbox>
			<xmin>2276</xmin>
			<ymin>593</ymin>
			<xmax>2409</xmax>
			<ymax>729</ymax>
		</bndbox>
	</object>
	<object>
		<name>dish</name>
		<bndbox>
			<xmin>1072</xmin>
			<ymin>130</ymin>
			<xmax>2238</xmax>
			<ymax>1269</ymax>
		</bndbox>
	</object>
	<object>
		<name>감자탕</name>
		<bndbox>
			<xmin>1202</xmin>
			<ymin>345</ymin>
			<xmax>2041</xmax>
			<ymax>1174</ymax>
		</bndbox>
	</object>
</annotation>