<annotation>
	<folder>top건더기류원형배달감자탕q3</folder>
	<filename>top_건더기국류_원형배달_감자탕_Q3_00050.JPG</filename>
	<path>/top건더기국류원형배달감자탕q3/top_건더기국류_원형배달_감자탕_Q3_00050.JPG</path>
	<source>
		<database>fooddata</database>
	</source>
	<size>
		<width>3008</width>
		<height>2000</height>
		<depth>3</depth>
	</size>
	<object>
		<name>ref_spoon</name>
		<bndbox>
			<xmin>425</xmin>
			<ymin>376</ymin>
			<xmax>655</xmax>
			<ymax>729</ymax>
		</bndbox>
	</object>
	<object>
		<name>ref_fork</name>
		<bndbox>
			<xmin>780</xmin>
			<ymin>414</ymin>
			<xmax>929</xmax>
			<ymax>798</ymax>
		</bndbox>
	</object>
	<object>
		<name>ref_coin</name>
		<bndbox>
			<xmin>2187</xmin>
			<ymin>174</ymin>
			<xmax>2343</xmax>
			<ymax>322</ymax>
		</bndbox>
	</object>
	<object>
		<name>dish</name>
		<bndbox>
			<xmin>1118</xmin>
			<ymin>506</ymin>
			<xmax>2407</xmax>
			<ymax>1806</ymax>
		</bndbox>
	</object>
	<object>
		<name>감자탕</name>
		<bndbox>
			<xmin>1258</xmin>
			<ymin>685</ymin>
			<xmax>2210</xmax>
			<ymax>1657</ymax>
		</bndbox>
	</object>
</annotation>