<annotation>
	<folder>side국물면류냉면기삼선짬뽕q2</folder>
	<filename>side_국물면류_냉면기_삼선짬뽕_Q2_00035.JPG</filename>
	<path>/side국물면류냉면기삼선짬뽕q2/side_국물면류_냉면기_삼선짬뽕_Q2_00035.JPG</path>
	<source>
		<database>fooddata</database>
	</source>
	<size>
		<width>3008</width>
		<height>2000</height>
		<depth>3</depth>
	</size>
	<object>
		<name>ref_spoon</name>
		<bndbox>
			<xmin>432</xmin>
			<ymin>1526</ymin>
			<xmax>920</xmax>
			<ymax>1758</ymax>
		</bndbox>
	</object>
	<object>
		<name>ref_fork</name>
		<bndbox>
			<xmin>504</xmin>
			<ymin>1317</ymin>
			<xmax>1013</xmax>
			<ymax>1529</ymax>
		</bndbox>
	</object>
	<object>
		<name>ref_coin</name>
		<bndbox>
			<xmin>2053</xmin>
			<ymin>392</ymin>
			<xmax>2238</xmax>
			<ymax>512</ymax>
		</bndbox>
	</object>
	<object>
		<name>dish</name>
		<bndbox>
			<xmin>494</xmin>
			<ymin>92</ymin>
			<xmax>2002</xmax>
			<ymax>1150</ymax>
		</bndbox>
	</object>
	<object>
		<name>삼선짬뽕</name>
		<bndbox>
			<xmin>726</xmin>
			<ymin>498</ymin>
			<xmax>1733</xmax>
			<ymax>935</ymax>
		</bndbox>
	</object>
</annotation>