<annotation>
	<folder>side국물면류냉면기삼선짬뽕q2</folder>
	<filename>side_국물면류_냉면기_삼선짬뽕_Q2_00049.JPG</filename>
	<path>/side국물면류냉면기삼선짬뽕q2/side_국물면류_냉면기_삼선짬뽕_Q2_00049.JPG</path>
	<source>
		<database>fooddata</database>
	</source>
	<size>
		<width>3008</width>
		<height>2000</height>
		<depth>3</depth>
	</size>
	<object>
		<name>ref_spoon</name>
		<bndbox>
			<xmin>354</xmin>
			<ymin>904</ymin>
			<xmax>606</xmax>
			<ymax>1242</ymax>
		</bndbox>
	</object>
	<object>
		<name>ref_fork</name>
		<bndbox>
			<xmin>678</xmin>
			<ymin>877</ymin>
			<xmax>852</xmax>
			<ymax>1273</ymax>
		</bndbox>
	</object>
	<object>
		<name>ref_coin</name>
		<bndbox>
			<xmin>2658</xmin>
			<ymin>1044</ymin>
			<xmax>2849</xmax>
			<ymax>1167</ymax>
		</bndbox>
	</object>
	<object>
		<name>dish</name>
		<bndbox>
			<xmin>961</xmin>
			<ymin>403</ymin>
			<xmax>2357</xmax>
			<ymax>1410</ymax>
		</bndbox>
	</object>
	<object>
		<name>삼선짬뽕</name>
		<bndbox>
			<xmin>1132</xmin>
			<ymin>703</ymin>
			<xmax>2125</xmax>
			<ymax>1225</ymax>
		</bndbox>
	</object>
</annotation>