<annotation>
	<folder>side국물면류냉면기삼선짬뽕q2</folder>
	<filename>side_국물면류_냉면기_삼선짬뽕_Q2_00047.JPG</filename>
	<path>/side국물면류냉면기삼선짬뽕q2/side_국물면류_냉면기_삼선짬뽕_Q2_00047.JPG</path>
	<source>
		<database>fooddata</database>
	</source>
	<size>
		<width>3008</width>
		<height>2000</height>
		<depth>3</depth>
	</size>
	<object>
		<name>ref_spoon</name>
		<bndbox>
			<xmin>446</xmin>
			<ymin>915</ymin>
			<xmax>702</xmax>
			<ymax>1266</ymax>
		</bndbox>
	</object>
	<object>
		<name>ref_fork</name>
		<bndbox>
			<xmin>767</xmin>
			<ymin>898</ymin>
			<xmax>948</xmax>
			<ymax>1287</ymax>
		</bndbox>
	</object>
	<object>
		<name>ref_coin</name>
		<bndbox>
			<xmin>2637</xmin>
			<ymin>1266</ymin>
			<xmax>2842</xmax>
			<ymax>1403</ymax>
		</bndbox>
	</object>
	<object>
		<name>dish</name>
		<bndbox>
			<xmin>1057</xmin>
			<ymin>440</ymin>
			<xmax>2463</xmax>
			<ymax>1444</ymax>
		</bndbox>
	</object>
	<object>
		<name>삼선짬뽕</name>
		<bndbox>
			<xmin>1279</xmin>
			<ymin>771</ymin>
			<xmax>2207</xmax>
			<ymax>1259</ymax>
		</bndbox>
	</object>
</annotation>