<annotation>
	<folder>side국물면류냉면기삼선짬뽕q2</folder>
	<filename>side_국물면류_냉면기_삼선짬뽕_Q2_00043.JPG</filename>
	<path>/side국물면류냉면기삼선짬뽕q2/side_국물면류_냉면기_삼선짬뽕_Q2_00043.JPG</path>
	<source>
		<database>fooddata</database>
	</source>
	<size>
		<width>3008</width>
		<height>2000</height>
		<depth>3</depth>
	</size>
	<object>
		<name>ref_spoon</name>
		<bndbox>
			<xmin>350</xmin>
			<ymin>836</ymin>
			<xmax>606</xmax>
			<ymax>1184</ymax>
		</bndbox>
	</object>
	<object>
		<name>ref_fork</name>
		<bndbox>
			<xmin>675</xmin>
			<ymin>823</ymin>
			<xmax>845</xmax>
			<ymax>1205</ymax>
		</bndbox>
	</object>
	<object>
		<name>ref_coin</name>
		<bndbox>
			<xmin>2077</xmin>
			<ymin>1625</ymin>
			<xmax>2269</xmax>
			<ymax>1768</ymax>
		</bndbox>
	</object>
	<object>
		<name>dish</name>
		<bndbox>
			<xmin>955</xmin>
			<ymin>369</ymin>
			<xmax>2364</xmax>
			<ymax>1379</ymax>
		</bndbox>
	</object>
	<object>
		<name>삼선짬뽕</name>
		<bndbox>
			<xmin>1170</xmin>
			<ymin>676</ymin>
			<xmax>2132</xmax>
			<ymax>1201</ymax>
		</bndbox>
	</object>
</annotation>