<annotation>
	<folder>side국물면류냉면기삼선짬뽕q2</folder>
	<filename>side_국물면류_냉면기_삼선짬뽕_Q2_00005.JPG</filename>
	<path>/side국물면류냉면기삼선짬뽕q2/side_국물면류_냉면기_삼선짬뽕_Q2_00005.JPG</path>
	<source>
		<database>fooddata</database>
	</source>
	<size>
		<width>3008</width>
		<height>2000</height>
		<depth>3</depth>
	</size>
	<object>
		<name>ref_spoon</name>
		<bndbox>
			<xmin>1975</xmin>
			<ymin>491</ymin>
			<xmax>2238</xmax>
			<ymax>843</ymax>
		</bndbox>
	</object>
	<object>
		<name>ref_fork</name>
		<bndbox>
			<xmin>2361</xmin>
			<ymin>464</ymin>
			<xmax>2572</xmax>
			<ymax>850</ymax>
		</bndbox>
	</object>
	<object>
		<name>ref_coin</name>
		<bndbox>
			<xmin>330</xmin>
			<ymin>1621</ymin>
			<xmax>559</xmax>
			<ymax>1778</ymax>
		</bndbox>
	</object>
	<object>
		<name>dish</name>
		<bndbox>
			<xmin>466</xmin>
			<ymin>294</ymin>
			<xmax>1972</xmax>
			<ymax>1372</ymax>
		</bndbox>
	</object>
	<object>
		<name>삼선짬뽕</name>
		<bndbox>
			<xmin>702</xmin>
			<ymin>666</ymin>
			<xmax>1739</xmax>
			<ymax>1174</ymax>
		</bndbox>
	</object>
</annotation>