<annotation>
	<folder>side국물면류냉면기삼선짬뽕q2</folder>
	<filename>side_국물면류_냉면기_삼선짬뽕_Q2_00031.JPG</filename>
	<path>/side국물면류냉면기삼선짬뽕q2/side_국물면류_냉면기_삼선짬뽕_Q2_00031.JPG</path>
	<source>
		<database>fooddata</database>
	</source>
	<size>
		<width>3008</width>
		<height>2000</height>
		<depth>3</depth>
	</size>
	<object>
		<name>ref_spoon</name>
		<bndbox>
			<xmin>644</xmin>
			<ymin>1406</ymin>
			<xmax>1105</xmax>
			<ymax>1638</ymax>
		</bndbox>
	</object>
	<object>
		<name>ref_fork</name>
		<bndbox>
			<xmin>722</xmin>
			<ymin>1205</ymin>
			<xmax>1210</xmax>
			<ymax>1423</ymax>
		</bndbox>
	</object>
	<object>
		<name>ref_coin</name>
		<bndbox>
			<xmin>1180</xmin>
			<ymin>1765</ymin>
			<xmax>1405</xmax>
			<ymax>1922</ymax>
		</bndbox>
	</object>
	<object>
		<name>dish</name>
		<bndbox>
			<xmin>753</xmin>
			<ymin>106</ymin>
			<xmax>2152</xmax>
			<ymax>1099</ymax>
		</bndbox>
	</object>
	<object>
		<name>삼선짬뽕</name>
		<bndbox>
			<xmin>978</xmin>
			<ymin>433</ymin>
			<xmax>1903</xmax>
			<ymax>887</ymax>
		</bndbox>
	</object>
</annotation>