<annotation>
	<folder>side국물면류냉면기삼선짬뽕q2</folder>
	<filename>side_국물면류_냉면기_삼선짬뽕_Q2_00030.JPG</filename>
	<path>/side국물면류냉면기삼선짬뽕q2/side_국물면류_냉면기_삼선짬뽕_Q2_00030.JPG</path>
	<source>
		<database>fooddata</database>
	</source>
	<size>
		<width>3008</width>
		<height>2000</height>
		<depth>3</depth>
	</size>
	<object>
		<name>ref_spoon</name>
		<bndbox>
			<xmin>668</xmin>
			<ymin>1590</ymin>
			<xmax>1156</xmax>
			<ymax>1826</ymax>
		</bndbox>
	</object>
	<object>
		<name>ref_fork</name>
		<bndbox>
			<xmin>739</xmin>
			<ymin>1369</ymin>
			<xmax>1272</xmax>
			<ymax>1597</ymax>
		</bndbox>
	</object>
	<object>
		<name>ref_coin</name>
		<bndbox>
			<xmin>163</xmin>
			<ymin>1563</ymin>
			<xmax>385</xmax>
			<ymax>1730</ymax>
		</bndbox>
	</object>
	<object>
		<name>dish</name>
		<bndbox>
			<xmin>811</xmin>
			<ymin>171</ymin>
			<xmax>2344</xmax>
			<ymax>1235</ymax>
		</bndbox>
	</object>
	<object>
		<name>삼선짬뽕</name>
		<bndbox>
			<xmin>1023</xmin>
			<ymin>577</ymin>
			<xmax>2053</xmax>
			<ymax>1027</ymax>
		</bndbox>
	</object>
</annotation>