<annotation>
	<folder>side국물면류냉면기삼선짬뽕q2</folder>
	<filename>side_국물면류_냉면기_삼선짬뽕_Q2_00013.JPG</filename>
	<path>/side국물면류냉면기삼선짬뽕q2/side_국물면류_냉면기_삼선짬뽕_Q2_00013.JPG</path>
	<source>
		<database>fooddata</database>
	</source>
	<size>
		<width>3008</width>
		<height>2000</height>
		<depth>3</depth>
	</size>
	<object>
		<name>ref_spoon</name>
		<bndbox>
			<xmin>1972</xmin>
			<ymin>481</ymin>
			<xmax>2241</xmax>
			<ymax>819</ymax>
		</bndbox>
	</object>
	<object>
		<name>ref_fork</name>
		<bndbox>
			<xmin>2371</xmin>
			<ymin>457</ymin>
			<xmax>2576</xmax>
			<ymax>846</ymax>
		</bndbox>
	</object>
	<object>
		<name>ref_coin</name>
		<bndbox>
			<xmin>1903</xmin>
			<ymin>1287</ymin>
			<xmax>2115</xmax>
			<ymax>1437</ymax>
		</bndbox>
	</object>
	<object>
		<name>dish</name>
		<bndbox>
			<xmin>221</xmin>
			<ymin>345</ymin>
			<xmax>1780</xmax>
			<ymax>1457</ymax>
		</bndbox>
	</object>
	<object>
		<name>삼선짬뽕</name>
		<bndbox>
			<xmin>460</xmin>
			<ymin>737</ymin>
			<xmax>1562</xmax>
			<ymax>1253</ymax>
		</bndbox>
	</object>
</annotation>