<annotation>
	<folder>top국물면류냉면기삼선짬뽕q2</folder>
	<filename>top_국물면류_냉면기_삼선짬뽕_Q2_00054.JPG</filename>
	<path>/top국물면류냉면기삼선짬뽕q2/top_국물면류_냉면기_삼선짬뽕_Q2_00054.JPG</path>
	<source>
		<database>fooddata</database>
	</source>
	<size>
		<width>3008</width>
		<height>2000</height>
		<depth>3</depth>
	</size>
	<object>
		<name>ref_spoon</name>
		<bndbox>
			<xmin>114</xmin>
			<ymin>386</ymin>
			<xmax>404</xmax>
			<ymax>805</ymax>
		</bndbox>
	</object>
	<object>
		<name>ref_fork</name>
		<bndbox>
			<xmin>543</xmin>
			<ymin>471</ymin>
			<xmax>759</xmax>
			<ymax>915</ymax>
		</bndbox>
	</object>
	<object>
		<name>ref_coin</name>
		<bndbox>
			<xmin>2675</xmin>
			<ymin>1174</ymin>
			<xmax>2863</xmax>
			<ymax>1365</ymax>
		</bndbox>
	</object>
	<object>
		<name>dish</name>
		<bndbox>
			<xmin>830</xmin>
			<ymin>152</ymin>
			<xmax>2433</xmax>
			<ymax>1734</ymax>
		</bndbox>
	</object>
	<object>
		<name>삼선짬뽕</name>
		<bndbox>
			<xmin>1064</xmin>
			<ymin>305</ymin>
			<xmax>2174</xmax>
			<ymax>1497</ymax>
		</bndbox>
	</object>
</annotation>