<annotation>
	<folder>top국물면류냉면기삼선짬뽕q2</folder>
	<filename>top_국물면류_냉면기_삼선짬뽕_Q2_00009.JPG</filename>
	<path>/top국물면류냉면기삼선짬뽕q2/top_국물면류_냉면기_삼선짬뽕_Q2_00009.JPG</path>
	<source>
		<database>fooddata</database>
	</source>
	<size>
		<width>3008</width>
		<height>2000</height>
		<depth>3</depth>
	</size>
	<object>
		<name>ref_spoon</name>
		<bndbox>
			<xmin>2201</xmin>
			<ymin>77</ymin>
			<xmax>2437</xmax>
			<ymax>455</ymax>
		</bndbox>
	</object>
	<object>
		<name>ref_fork</name>
		<bndbox>
			<xmin>2544</xmin>
			<ymin>104</ymin>
			<xmax>2706</xmax>
			<ymax>501</ymax>
		</bndbox>
	</object>
	<object>
		<name>ref_coin</name>
		<bndbox>
			<xmin>279</xmin>
			<ymin>971</ymin>
			<xmax>456</xmax>
			<ymax>1152</ymax>
		</bndbox>
	</object>
	<object>
		<name>dish</name>
		<bndbox>
			<xmin>953</xmin>
			<ymin>212</ymin>
			<xmax>2383</xmax>
			<ymax>1603</ymax>
		</bndbox>
	</object>
	<object>
		<name>삼선짬뽕</name>
		<bndbox>
			<xmin>1138</xmin>
			<ymin>439</ymin>
			<xmax>2140</xmax>
			<ymax>1499</ymax>
		</bndbox>
	</object>
</annotation>