<annotation>
	<folder>top국물면류냉면기삼선짬뽕q2</folder>
	<filename>top_국물면류_냉면기_삼선짬뽕_Q2_00046.JPG</filename>
	<path>/top국물면류냉면기삼선짬뽕q2/top_국물면류_냉면기_삼선짬뽕_Q2_00046.JPG</path>
	<source>
		<database>fooddata</database>
	</source>
	<size>
		<width>3008</width>
		<height>2000</height>
		<depth>3</depth>
	</size>
	<object>
		<name>ref_spoon</name>
		<bndbox>
			<xmin>145</xmin>
			<ymin>322</ymin>
			<xmax>433</xmax>
			<ymax>734</ymax>
		</bndbox>
	</object>
	<object>
		<name>ref_fork</name>
		<bndbox>
			<xmin>575</xmin>
			<ymin>401</ymin>
			<xmax>784</xmax>
			<ymax>858</ymax>
		</bndbox>
	</object>
	<object>
		<name>ref_coin</name>
		<bndbox>
			<xmin>2291</xmin>
			<ymin>1585</ymin>
			<xmax>2494</xmax>
			<ymax>1791</ymax>
		</bndbox>
	</object>
	<object>
		<name>dish</name>
		<bndbox>
			<xmin>844</xmin>
			<ymin>106</ymin>
			<xmax>2455</xmax>
			<ymax>1692</ymax>
		</bndbox>
	</object>
	<object>
		<name>삼선짬뽕</name>
		<bndbox>
			<xmin>1039</xmin>
			<ymin>315</ymin>
			<xmax>2171</xmax>
			<ymax>1450</ymax>
		</bndbox>
	</object>
</annotation>