<annotation>
	<folder>top국물면류냉면기삼선짬뽕q2</folder>
	<filename>top_국물면류_냉면기_삼선짬뽕_Q2_00005.JPG</filename>
	<path>/top국물면류냉면기삼선짬뽕q2/top_국물면류_냉면기_삼선짬뽕_Q2_00005.JPG</path>
	<source>
		<database>fooddata</database>
	</source>
	<size>
		<width>3008</width>
		<height>2000</height>
		<depth>3</depth>
	</size>
	<object>
		<name>ref_spoon</name>
		<bndbox>
			<xmin>2113</xmin>
			<ymin>135</ymin>
			<xmax>2348</xmax>
			<ymax>497</ymax>
		</bndbox>
	</object>
	<object>
		<name>ref_fork</name>
		<bndbox>
			<xmin>2444</xmin>
			<ymin>162</ymin>
			<xmax>2598</xmax>
			<ymax>563</ymax>
		</bndbox>
	</object>
	<object>
		<name>ref_coin</name>
		<bndbox>
			<xmin>1096</xmin>
			<ymin>1661</ymin>
			<xmax>1273</xmax>
			<ymax>1842</ymax>
		</bndbox>
	</object>
	<object>
		<name>dish</name>
		<bndbox>
			<xmin>776</xmin>
			<ymin>116</ymin>
			<xmax>2163</xmax>
			<ymax>1491</ymax>
		</bndbox>
	</object>
	<object>
		<name>삼선짬뽕</name>
		<bndbox>
			<xmin>953</xmin>
			<ymin>335</ymin>
			<xmax>1997</xmax>
			<ymax>1345</ymax>
		</bndbox>
	</object>
</annotation>