<annotation>
	<folder>top국물면류냉면기삼선짬뽕q2</folder>
	<filename>top_국물면류_냉면기_삼선짬뽕_Q2_00008.JPG</filename>
	<path>/top국물면류냉면기삼선짬뽕q2/top_국물면류_냉면기_삼선짬뽕_Q2_00008.JPG</path>
	<source>
		<database>fooddata</database>
	</source>
	<size>
		<width>3008</width>
		<height>2000</height>
		<depth>3</depth>
	</size>
	<object>
		<name>ref_spoon</name>
		<bndbox>
			<xmin>2205</xmin>
			<ymin>81</ymin>
			<xmax>2440</xmax>
			<ymax>451</ymax>
		</bndbox>
	</object>
	<object>
		<name>ref_fork</name>
		<bndbox>
			<xmin>2548</xmin>
			<ymin>104</ymin>
			<xmax>2706</xmax>
			<ymax>505</ymax>
		</bndbox>
	</object>
	<object>
		<name>ref_coin</name>
		<bndbox>
			<xmin>302</xmin>
			<ymin>1245</ymin>
			<xmax>491</xmax>
			<ymax>1430</ymax>
		</bndbox>
	</object>
	<object>
		<name>dish</name>
		<bndbox>
			<xmin>887</xmin>
			<ymin>181</ymin>
			<xmax>2313</xmax>
			<ymax>1568</ymax>
		</bndbox>
	</object>
	<object>
		<name>삼선짬뽕</name>
		<bndbox>
			<xmin>1092</xmin>
			<ymin>412</ymin>
			<xmax>2082</xmax>
			<ymax>1430</ymax>
		</bndbox>
	</object>
</annotation>