<annotation>
	<folder>top국물면류냉면기삼선짬뽕q2</folder>
	<filename>top_국물면류_냉면기_삼선짬뽕_Q2_00016.JPG</filename>
	<path>/top국물면류냉면기삼선짬뽕q2/top_국물면류_냉면기_삼선짬뽕_Q2_00016.JPG</path>
	<source>
		<database>fooddata</database>
	</source>
	<size>
		<width>3008</width>
		<height>2000</height>
		<depth>3</depth>
	</size>
	<object>
		<name>ref_spoon</name>
		<bndbox>
			<xmin>1936</xmin>
			<ymin>331</ymin>
			<xmax>2151</xmax>
			<ymax>674</ymax>
		</bndbox>
	</object>
	<object>
		<name>ref_fork</name>
		<bndbox>
			<xmin>2244</xmin>
			<ymin>351</ymin>
			<xmax>2394</xmax>
			<ymax>721</ymax>
		</bndbox>
	</object>
	<object>
		<name>ref_coin</name>
		<bndbox>
			<xmin>2001</xmin>
			<ymin>116</ymin>
			<xmax>2148</xmax>
			<ymax>258</ymax>
		</bndbox>
	</object>
	<object>
		<name>dish</name>
		<bndbox>
			<xmin>656</xmin>
			<ymin>505</ymin>
			<xmax>2005</xmax>
			<ymax>1842</ymax>
		</bndbox>
	</object>
	<object>
		<name>삼선짬뽕</name>
		<bndbox>
			<xmin>845</xmin>
			<ymin>686</ymin>
			<xmax>1832</xmax>
			<ymax>1699</ymax>
		</bndbox>
	</object>
</annotation>