<annotation>
	<folder>top국물면류냉면기삼선짬뽕q2</folder>
	<filename>top_국물면류_냉면기_삼선짬뽕_Q2_00004.JPG</filename>
	<path>/top국물면류냉면기삼선짬뽕q2/top_국물면류_냉면기_삼선짬뽕_Q2_00004.JPG</path>
	<source>
		<database>fooddata</database>
	</source>
	<size>
		<width>3008</width>
		<height>2000</height>
		<depth>3</depth>
	</size>
	<object>
		<name>ref_spoon</name>
		<bndbox>
			<xmin>2113</xmin>
			<ymin>100</ymin>
			<xmax>2340</xmax>
			<ymax>470</ymax>
		</bndbox>
	</object>
	<object>
		<name>ref_fork</name>
		<bndbox>
			<xmin>2444</xmin>
			<ymin>131</ymin>
			<xmax>2602</xmax>
			<ymax>528</ymax>
		</bndbox>
	</object>
	<object>
		<name>ref_coin</name>
		<bndbox>
			<xmin>1381</xmin>
			<ymin>1734</ymin>
			<xmax>1566</xmax>
			<ymax>1923</ymax>
		</bndbox>
	</object>
	<object>
		<name>dish</name>
		<bndbox>
			<xmin>706</xmin>
			<ymin>81</ymin>
			<xmax>2117</xmax>
			<ymax>1464</ymax>
		</bndbox>
	</object>
	<object>
		<name>삼선짬뽕</name>
		<bndbox>
			<xmin>914</xmin>
			<ymin>250</ymin>
			<xmax>1920</xmax>
			<ymax>1322</ymax>
		</bndbox>
	</object>
</annotation>