<annotation>
	<folder>top국물면류냉면기삼선짬뽕q2</folder>
	<filename>top_국물면류_냉면기_삼선짬뽕_Q2_00027.JPG</filename>
	<path>/top국물면류냉면기삼선짬뽕q2/top_국물면류_냉면기_삼선짬뽕_Q2_00027.JPG</path>
	<source>
		<database>fooddata</database>
	</source>
	<size>
		<width>3008</width>
		<height>2000</height>
		<depth>3</depth>
	</size>
	<object>
		<name>ref_spoon</name>
		<bndbox>
			<xmin>1015</xmin>
			<ymin>1595</ymin>
			<xmax>1358</xmax>
			<ymax>1827</ymax>
		</bndbox>
	</object>
	<object>
		<name>ref_fork</name>
		<bndbox>
			<xmin>1072</xmin>
			<ymin>1353</ymin>
			<xmax>1442</xmax>
			<ymax>1503</ymax>
		</bndbox>
	</object>
	<object>
		<name>ref_coin</name>
		<bndbox>
			<xmin>945</xmin>
			<ymin>343</ymin>
			<xmax>1099</xmax>
			<ymax>497</ymax>
		</bndbox>
	</object>
	<object>
		<name>dish</name>
		<bndbox>
			<xmin>1261</xmin>
			<ymin>135</ymin>
			<xmax>2506</xmax>
			<ymax>1380</ymax>
		</bndbox>
	</object>
	<object>
		<name>삼선짬뽕</name>
		<bndbox>
			<xmin>1392</xmin>
			<ymin>270</ymin>
			<xmax>2294</xmax>
			<ymax>1225</ymax>
		</bndbox>
	</object>
</annotation>