<annotation>
	<folder>top국물면류냉면기삼선짬뽕q2</folder>
	<filename>top_국물면류_냉면기_삼선짬뽕_Q2_00017.JPG</filename>
	<path>/top국물면류냉면기삼선짬뽕q2/top_국물면류_냉면기_삼선짬뽕_Q2_00017.JPG</path>
	<source>
		<database>fooddata</database>
	</source>
	<size>
		<width>3008</width>
		<height>2000</height>
		<depth>3</depth>
	</size>
	<object>
		<name>ref_spoon</name>
		<bndbox>
			<xmin>1007</xmin>
			<ymin>1534</ymin>
			<xmax>1327</xmax>
			<ymax>1750</ymax>
		</bndbox>
	</object>
	<object>
		<name>ref_fork</name>
		<bndbox>
			<xmin>1053</xmin>
			<ymin>1314</ymin>
			<xmax>1396</xmax>
			<ymax>1453</ymax>
		</bndbox>
	</object>
	<object>
		<name>ref_coin</name>
		<bndbox>
			<xmin>2194</xmin>
			<ymin>1168</ymin>
			<xmax>2333</xmax>
			<ymax>1310</ymax>
		</bndbox>
	</object>
	<object>
		<name>dish</name>
		<bndbox>
			<xmin>1107</xmin>
			<ymin>123</ymin>
			<xmax>2294</xmax>
			<ymax>1306</ymax>
		</bndbox>
	</object>
	<object>
		<name>삼선짬뽕</name>
		<bndbox>
			<xmin>1277</xmin>
			<ymin>293</ymin>
			<xmax>2140</xmax>
			<ymax>1145</ymax>
		</bndbox>
	</object>
</annotation>