<annotation>
	<folder>side비빔밥덮밥류접시류산슬덮밥q1</folder>
	<filename>side_비빔밥덮밥류_접시_류산슬덮밥_Q1_00010.JPG</filename>
	<path>/side비빔밥덮밥류접시류산슬덮밥q1/side_비빔밥덮밥류_접시_류산슬덮밥_Q1_00010.JPG</path>
	<source>
		<database>fooddata</database>
	</source>
	<size>
		<width>3008</width>
		<height>2000</height>
		<depth>3</depth>
	</size>
	<object>
		<name>ref_spoon</name>
		<bndbox>
			<xmin>2217</xmin>
			<ymin>539</ymin>
			<xmax>2501</xmax>
			<ymax>939</ymax>
		</bndbox>
	</object>
	<object>
		<name>ref_fork</name>
		<bndbox>
			<xmin>2603</xmin>
			<ymin>556</ymin>
			<xmax>2801</xmax>
			<ymax>1014</ymax>
		</bndbox>
	</object>
	<object>
		<name>ref_coin</name>
		<bndbox>
			<xmin>1320</xmin>
			<ymin>181</ymin>
			<xmax>1511</xmax>
			<ymax>300</ymax>
		</bndbox>
	</object>
	<object>
		<name>dish</name>
		<bndbox>
			<xmin>524</xmin>
			<ymin>317</ymin>
			<xmax>1900</xmax>
			<ymax>1556</ymax>
		</bndbox>
	</object>
	<object>
		<name>류산슬덮밥</name>
		<bndbox>
			<xmin>695</xmin>
			<ymin>642</ymin>
			<xmax>1787</xmax>
			<ymax>1089</ymax>
		</bndbox>
	</object>
</annotation>