<annotation>
	<folder>side비빔밥덮밥류접시류산슬덮밥q1</folder>
	<filename>side_비빔밥덮밥류_접시_류산슬덮밥_Q1_00002.JPG</filename>
	<path>/side비빔밥덮밥류접시류산슬덮밥q1/side_비빔밥덮밥류_접시_류산슬덮밥_Q1_00002.JPG</path>
	<source>
		<database>fooddata</database>
	</source>
	<size>
		<width>3008</width>
		<height>2000</height>
		<depth>3</depth>
	</size>
	<object>
		<name>ref_spoon</name>
		<bndbox>
			<xmin>2040</xmin>
			<ymin>498</ymin>
			<xmax>2303</xmax>
			<ymax>898</ymax>
		</bndbox>
	</object>
	<object>
		<name>ref_fork</name>
		<bndbox>
			<xmin>2405</xmin>
			<ymin>529</ymin>
			<xmax>2593</xmax>
			<ymax>945</ymax>
		</bndbox>
	</object>
	<object>
		<name>ref_coin</name>
		<bndbox>
			<xmin>1408</xmin>
			<ymin>1529</ymin>
			<xmax>1623</xmax>
			<ymax>1683</ymax>
		</bndbox>
	</object>
	<object>
		<name>dish</name>
		<bndbox>
			<xmin>664</xmin>
			<ymin>215</ymin>
			<xmax>1920</xmax>
			<ymax>1355</ymax>
		</bndbox>
	</object>
	<object>
		<name>류산슬덮밥</name>
		<bndbox>
			<xmin>883</xmin>
			<ymin>410</ymin>
			<xmax>1801</xmax>
			<ymax>945</ymax>
		</bndbox>
	</object>
</annotation>