<annotation>
	<folder>side비빔밥덮밥류접시류산슬덮밥q1</folder>
	<filename>side_비빔밥덮밥류_접시_류산슬덮밥_Q1_00005.JPG</filename>
	<path>/side비빔밥덮밥류접시류산슬덮밥q1/side_비빔밥덮밥류_접시_류산슬덮밥_Q1_00005.JPG</path>
	<source>
		<database>fooddata</database>
	</source>
	<size>
		<width>3008</width>
		<height>2000</height>
		<depth>3</depth>
	</size>
	<object>
		<name>ref_spoon</name>
		<bndbox>
			<xmin>2064</xmin>
			<ymin>536</ymin>
			<xmax>2350</xmax>
			<ymax>918</ymax>
		</bndbox>
	</object>
	<object>
		<name>ref_fork</name>
		<bndbox>
			<xmin>2463</xmin>
			<ymin>560</ymin>
			<xmax>2668</xmax>
			<ymax>1000</ymax>
		</bndbox>
	</object>
	<object>
		<name>ref_coin</name>
		<bndbox>
			<xmin>388</xmin>
			<ymin>1556</ymin>
			<xmax>613</xmax>
			<ymax>1720</ymax>
		</bndbox>
	</object>
	<object>
		<name>dish</name>
		<bndbox>
			<xmin>521</xmin>
			<ymin>304</ymin>
			<xmax>1910</xmax>
			<ymax>1556</ymax>
		</bndbox>
	</object>
	<object>
		<name>류산슬덮밥</name>
		<bndbox>
			<xmin>1217</xmin>
			<ymin>758</ymin>
			<xmax>1794</xmax>
			<ymax>1089</ymax>
		</bndbox>
	</object>
</annotation>