<annotation>
	<folder>side비빔밥덮밥류접시류산슬덮밥q1</folder>
	<filename>side_비빔밥덮밥류_접시_류산슬덮밥_Q1_00034.JPG</filename>
	<path>/side비빔밥덮밥류접시류산슬덮밥q1/side_비빔밥덮밥류_접시_류산슬덮밥_Q1_00034.JPG</path>
	<source>
		<database>fooddata</database>
	</source>
	<size>
		<width>3008</width>
		<height>2000</height>
		<depth>3</depth>
	</size>
	<object>
		<name>ref_spoon</name>
		<bndbox>
			<xmin>589</xmin>
			<ymin>1611</ymin>
			<xmax>1067</xmax>
			<ymax>1860</ymax>
		</bndbox>
	</object>
	<object>
		<name>ref_fork</name>
		<bndbox>
			<xmin>634</xmin>
			<ymin>1369</ymin>
			<xmax>1152</xmax>
			<ymax>1601</ymax>
		</bndbox>
	</object>
	<object>
		<name>ref_coin</name>
		<bndbox>
			<xmin>2217</xmin>
			<ymin>478</ymin>
			<xmax>2395</xmax>
			<ymax>608</ymax>
		</bndbox>
	</object>
	<object>
		<name>dish</name>
		<bndbox>
			<xmin>866</xmin>
			<ymin>218</ymin>
			<xmax>2064</xmax>
			<ymax>1338</ymax>
		</bndbox>
	</object>
	<object>
		<name>류산슬덮밥</name>
		<bndbox>
			<xmin>1077</xmin>
			<ymin>655</ymin>
			<xmax>1972</xmax>
			<ymax>956</ymax>
		</bndbox>
	</object>
</annotation>