<annotation>
	<folder>side비빔밥덮밥류접시류산슬덮밥q1</folder>
	<filename>side_비빔밥덮밥류_접시_류산슬덮밥_Q1_00043.JPG</filename>
	<path>/side비빔밥덮밥류접시류산슬덮밥q1/side_비빔밥덮밥류_접시_류산슬덮밥_Q1_00043.JPG</path>
	<source>
		<database>fooddata</database>
	</source>
	<size>
		<width>3008</width>
		<height>2000</height>
		<depth>3</depth>
	</size>
	<object>
		<name>ref_spoon</name>
		<bndbox>
			<xmin>163</xmin>
			<ymin>577</ymin>
			<xmax>443</xmax>
			<ymax>949</ymax>
		</bndbox>
	</object>
	<object>
		<name>ref_fork</name>
		<bndbox>
			<xmin>524</xmin>
			<ymin>587</ymin>
			<xmax>716</xmax>
			<ymax>1007</ymax>
		</bndbox>
	</object>
	<object>
		<name>ref_coin</name>
		<bndbox>
			<xmin>1456</xmin>
			<ymin>154</ymin>
			<xmax>1634</xmax>
			<ymax>266</ymax>
		</bndbox>
	</object>
	<object>
		<name>dish</name>
		<bndbox>
			<xmin>927</xmin>
			<ymin>392</ymin>
			<xmax>2245</xmax>
			<ymax>1601</ymax>
		</bndbox>
	</object>
	<object>
		<name>류산슬덮밥</name>
		<bndbox>
			<xmin>1084</xmin>
			<ymin>597</ymin>
			<xmax>1866</xmax>
			<ymax>1150</ymax>
		</bndbox>
	</object>
</annotation>