<annotation>
	<folder>side비빔밥덮밥류접시류산슬덮밥q1</folder>
	<filename>side_비빔밥덮밥류_접시_류산슬덮밥_Q1_00031.JPG</filename>
	<path>/side비빔밥덮밥류접시류산슬덮밥q1/side_비빔밥덮밥류_접시_류산슬덮밥_Q1_00031.JPG</path>
	<source>
		<database>fooddata</database>
	</source>
	<size>
		<width>3008</width>
		<height>2000</height>
		<depth>3</depth>
	</size>
	<object>
		<name>ref_spoon</name>
		<bndbox>
			<xmin>538</xmin>
			<ymin>1464</ymin>
			<xmax>1030</xmax>
			<ymax>1720</ymax>
		</bndbox>
	</object>
	<object>
		<name>ref_fork</name>
		<bndbox>
			<xmin>593</xmin>
			<ymin>1218</ymin>
			<xmax>1105</xmax>
			<ymax>1461</ymax>
		</bndbox>
	</object>
	<object>
		<name>ref_coin</name>
		<bndbox>
			<xmin>313</xmin>
			<ymin>283</ymin>
			<xmax>504</xmax>
			<ymax>420</ymax>
		</bndbox>
	</object>
	<object>
		<name>dish</name>
		<bndbox>
			<xmin>862</xmin>
			<ymin>51</ymin>
			<xmax>2081</xmax>
			<ymax>1205</ymax>
		</bndbox>
	</object>
	<object>
		<name>류산슬덮밥</name>
		<bndbox>
			<xmin>958</xmin>
			<ymin>321</ymin>
			<xmax>1944</xmax>
			<ymax>823</ymax>
		</bndbox>
	</object>
</annotation>