<annotation>
	<folder>top비빔밥덮밥류접시류산슬덮밥q1</folder>
	<filename>top_비빔밥덮밥류_접시_류산슬덮밥_Q1_00047.JPG</filename>
	<path>/top비빔밥덮밥류접시류산슬덮밥q1/top_비빔밥덮밥류_접시_류산슬덮밥_Q1_00047.JPG</path>
	<source>
		<database>fooddata</database>
	</source>
	<size>
		<width>3008</width>
		<height>2000</height>
		<depth>3</depth>
	</size>
	<object>
		<name>ref_spoon</name>
		<bndbox>
			<xmin>339</xmin>
			<ymin>129</ymin>
			<xmax>602</xmax>
			<ymax>591</ymax>
		</bndbox>
	</object>
	<object>
		<name>ref_fork</name>
		<bndbox>
			<xmin>721</xmin>
			<ymin>163</ymin>
			<xmax>900</xmax>
			<ymax>678</ymax>
		</bndbox>
	</object>
	<object>
		<name>ref_coin</name>
		<bndbox>
			<xmin>1997</xmin>
			<ymin>1747</ymin>
			<xmax>2195</xmax>
			<ymax>1950</ymax>
		</bndbox>
	</object>
	<object>
		<name>dish</name>
		<bndbox>
			<xmin>1326</xmin>
			<ymin>297</ymin>
			<xmax>2583</xmax>
			<ymax>1520</ymax>
		</bndbox>
	</object>
	<object>
		<name>류산슬덮밥</name>
		<bndbox>
			<xmin>1409</xmin>
			<ymin>462</ymin>
			<xmax>2422</xmax>
			<ymax>1310</ymax>
		</bndbox>
	</object>
</annotation>