<annotation>
	<folder>top비빔밥덮밥류접시류산슬덮밥q1</folder>
	<filename>top_비빔밥덮밥류_접시_류산슬덮밥_Q1_00002.JPG</filename>
	<path>/top비빔밥덮밥류접시류산슬덮밥q1/top_비빔밥덮밥류_접시_류산슬덮밥_Q1_00002.JPG</path>
	<source>
		<database>fooddata</database>
	</source>
	<size>
		<width>3008</width>
		<height>2000</height>
		<depth>3</depth>
	</size>
	<object>
		<name>ref_spoon</name>
		<bndbox>
			<xmin>1732</xmin>
			<ymin>241</ymin>
			<xmax>1975</xmax>
			<ymax>662</ymax>
		</bndbox>
	</object>
	<object>
		<name>ref_fork</name>
		<bndbox>
			<xmin>2039</xmin>
			<ymin>385</ymin>
			<xmax>2225</xmax>
			<ymax>861</ymax>
		</bndbox>
	</object>
	<object>
		<name>ref_coin</name>
		<bndbox>
			<xmin>971</xmin>
			<ymin>1536</ymin>
			<xmax>1152</xmax>
			<ymax>1714</ymax>
		</bndbox>
	</object>
	<object>
		<name>dish</name>
		<bndbox>
			<xmin>411</xmin>
			<ymin>194</ymin>
			<xmax>1578</xmax>
			<ymax>1325</ymax>
		</bndbox>
	</object>
	<object>
		<name>류산슬덮밥</name>
		<bndbox>
			<xmin>763</xmin>
			<ymin>688</ymin>
			<xmax>1523</xmax>
			<ymax>1275</ymax>
		</bndbox>
	</object>
</annotation>