<annotation>
	<folder>top비빔밥덮밥류접시류산슬덮밥q1</folder>
	<filename>top_비빔밥덮밥류_접시_류산슬덮밥_Q1_00020.JPG</filename>
	<path>/top비빔밥덮밥류접시류산슬덮밥q1/top_비빔밥덮밥류_접시_류산슬덮밥_Q1_00020.JPG</path>
	<source>
		<database>fooddata</database>
	</source>
	<size>
		<width>3008</width>
		<height>2000</height>
		<depth>3</depth>
	</size>
	<object>
		<name>ref_spoon</name>
		<bndbox>
			<xmin>540</xmin>
			<ymin>1666</ymin>
			<xmax>1015</xmax>
			<ymax>1931</ymax>
		</bndbox>
	</object>
	<object>
		<name>ref_fork</name>
		<bndbox>
			<xmin>646</xmin>
			<ymin>1371</ymin>
			<xmax>1152</xmax>
			<ymax>1538</ymax>
		</bndbox>
	</object>
	<object>
		<name>ref_coin</name>
		<bndbox>
			<xmin>2125</xmin>
			<ymin>1569</ymin>
			<xmax>2313</xmax>
			<ymax>1764</ymax>
		</bndbox>
	</object>
	<object>
		<name>dish</name>
		<bndbox>
			<xmin>698</xmin>
			<ymin>104</ymin>
			<xmax>1865</xmax>
			<ymax>1235</ymax>
		</bndbox>
	</object>
	<object>
		<name>류산슬덮밥</name>
		<bndbox>
			<xmin>1240</xmin>
			<ymin>344</ymin>
			<xmax>1817</xmax>
			<ymax>1080</ymax>
		</bndbox>
	</object>
</annotation>