<annotation>
	<folder>top비빔밥덮밥류접시류산슬덮밥q1</folder>
	<filename>top_비빔밥덮밥류_접시_류산슬덮밥_Q1_00009.JPG</filename>
	<path>/top비빔밥덮밥류접시류산슬덮밥q1/top_비빔밥덮밥류_접시_류산슬덮밥_Q1_00009.JPG</path>
	<source>
		<database>fooddata</database>
	</source>
	<size>
		<width>3008</width>
		<height>2000</height>
		<depth>3</depth>
	</size>
	<object>
		<name>ref_spoon</name>
		<bndbox>
			<xmin>1814</xmin>
			<ymin>204</ymin>
			<xmax>2060</xmax>
			<ymax>631</ymax>
		</bndbox>
	</object>
	<object>
		<name>ref_fork</name>
		<bndbox>
			<xmin>2123</xmin>
			<ymin>345</ymin>
			<xmax>2309</xmax>
			<ymax>825</ymax>
		</bndbox>
	</object>
	<object>
		<name>ref_coin</name>
		<bndbox>
			<xmin>344</xmin>
			<ymin>426</ymin>
			<xmax>522</xmax>
			<ymax>590</ymax>
		</bndbox>
	</object>
	<object>
		<name>dish</name>
		<bndbox>
			<xmin>533</xmin>
			<ymin>285</ymin>
			<xmax>1698</xmax>
			<ymax>1404</ymax>
		</bndbox>
	</object>
	<object>
		<name>류산슬덮밥</name>
		<bndbox>
			<xmin>651</xmin>
			<ymin>458</ymin>
			<xmax>1387</xmax>
			<ymax>1145</ymax>
		</bndbox>
	</object>
</annotation>