<annotation>
	<folder>top비빔밥덮밥류접시류산슬덮밥q1</folder>
	<filename>top_비빔밥덮밥류_접시_류산슬덮밥_Q1_00012.JPG</filename>
	<path>/top비빔밥덮밥류접시류산슬덮밥q1/top_비빔밥덮밥류_접시_류산슬덮밥_Q1_00012.JPG</path>
	<source>
		<database>fooddata</database>
	</source>
	<size>
		<width>3008</width>
		<height>2000</height>
		<depth>3</depth>
	</size>
	<object>
		<name>ref_spoon</name>
		<bndbox>
			<xmin>1757</xmin>
			<ymin>302</ymin>
			<xmax>2005</xmax>
			<ymax>731</ymax>
		</bndbox>
	</object>
	<object>
		<name>ref_fork</name>
		<bndbox>
			<xmin>2070</xmin>
			<ymin>442</ymin>
			<xmax>2253</xmax>
			<ymax>925</ymax>
		</bndbox>
	</object>
	<object>
		<name>ref_coin</name>
		<bndbox>
			<xmin>957</xmin>
			<ymin>175</ymin>
			<xmax>1127</xmax>
			<ymax>339</ymax>
		</bndbox>
	</object>
	<object>
		<name>dish</name>
		<bndbox>
			<xmin>458</xmin>
			<ymin>471</ymin>
			<xmax>1639</xmax>
			<ymax>1593</ymax>
		</bndbox>
	</object>
	<object>
		<name>류산슬덮밥</name>
		<bndbox>
			<xmin>928</xmin>
			<ymin>603</ymin>
			<xmax>1580</xmax>
			<ymax>1438</ymax>
		</bndbox>
	</object>
</annotation>