<annotation>
	<folder>top비빔밥덮밥류접시류산슬덮밥q1</folder>
	<filename>top_비빔밥덮밥류_접시_류산슬덮밥_Q1_00018.JPG</filename>
	<path>/top비빔밥덮밥류접시류산슬덮밥q1/top_비빔밥덮밥류_접시_류산슬덮밥_Q1_00018.JPG</path>
	<source>
		<database>fooddata</database>
	</source>
	<size>
		<width>3008</width>
		<height>2000</height>
		<depth>3</depth>
	</size>
	<object>
		<name>ref_spoon</name>
		<bndbox>
			<xmin>470</xmin>
			<ymin>1646</ymin>
			<xmax>951</xmax>
			<ymax>1913</ymax>
		</bndbox>
	</object>
	<object>
		<name>ref_fork</name>
		<bndbox>
			<xmin>575</xmin>
			<ymin>1348</ymin>
			<xmax>1055</xmax>
			<ymax>1519</ymax>
		</bndbox>
	</object>
	<object>
		<name>ref_coin</name>
		<bndbox>
			<xmin>1883</xmin>
			<ymin>1092</ymin>
			<xmax>2066</xmax>
			<ymax>1274</ymax>
		</bndbox>
	</object>
	<object>
		<name>dish</name>
		<bndbox>
			<xmin>621</xmin>
			<ymin>75</ymin>
			<xmax>1790</xmax>
			<ymax>1221</ymax>
		</bndbox>
	</object>
	<object>
		<name>류산슬덮밥</name>
		<bndbox>
			<xmin>934</xmin>
			<ymin>192</ymin>
			<xmax>1698</xmax>
			<ymax>823</ymax>
		</bndbox>
	</object>
</annotation>