<annotation>
	<folder>side건더기국류원형배달알탕q5</folder>
	<filename>side_건더기국류_원형배달_알탕_Q5_00004.JPG</filename>
	<path>/side건더기국류원형배달알탕q5/side_건더기국류_원형배달_알탕_Q5_00004.JPG</path>
	<source>
		<database>fooddata</database>
	</source>
	<size>
		<width>3008</width>
		<height>2000</height>
		<depth>3</depth>
	</size>
	<object>
		<name>ref_spoon</name>
		<bndbox>
			<xmin>1793</xmin>
			<ymin>734</ymin>
			<xmax>2077</xmax>
			<ymax>1090</ymax>
		</bndbox>
	</object>
	<object>
		<name>ref_fork</name>
		<bndbox>
			<xmin>2210</xmin>
			<ymin>724</ymin>
			<xmax>2417</xmax>
			<ymax>1130</ymax>
		</bndbox>
	</object>
	<object>
		<name>ref_coin</name>
		<bndbox>
			<xmin>1138</xmin>
			<ymin>1777</ymin>
			<xmax>1371</xmax>
			<ymax>1951</ymax>
		</bndbox>
	</object>
	<object>
		<name>dish</name>
		<bndbox>
			<xmin>335</xmin>
			<ymin>450</ymin>
			<xmax>1647</xmax>
			<ymax>1696</ymax>
		</bndbox>
	</object>
	<object>
		<name>알탕</name>
		<bndbox>
			<xmin>386</xmin>
			<ymin>611</ymin>
			<xmax>1581</xmax>
			<ymax>1223</ymax>
		</bndbox>
	</object>
</annotation>