<annotation>
	<folder>side건더기국류원형배달알탕q5</folder>
	<filename>side_건더기국류_원형배달_알탕_Q5_00037.JPG</filename>
	<path>/side건더기국류원형배달알탕q5/side_건더기국류_원형배달_알탕_Q5_00037.JPG</path>
	<source>
		<database>fooddata</database>
	</source>
	<size>
		<width>3008</width>
		<height>2000</height>
		<depth>3</depth>
	</size>
	<object>
		<name>ref_spoon</name>
		<bndbox>
			<xmin>476</xmin>
			<ymin>246</ymin>
			<xmax>729</xmax>
			<ymax>578</ymax>
		</bndbox>
	</object>
	<object>
		<name>ref_fork</name>
		<bndbox>
			<xmin>803</xmin>
			<ymin>261</ymin>
			<xmax>977</xmax>
			<ymax>629</ymax>
		</bndbox>
	</object>
	<object>
		<name>ref_coin</name>
		<bndbox>
			<xmin>1829</xmin>
			<ymin>1292</ymin>
			<xmax>2039</xmax>
			<ymax>1445</ymax>
		</bndbox>
	</object>
	<object>
		<name>dish</name>
		<bndbox>
			<xmin>1064</xmin>
			<ymin>46</ymin>
			<xmax>2253</xmax>
			<ymax>1171</ymax>
		</bndbox>
	</object>
	<object>
		<name>알탕</name>
		<bndbox>
			<xmin>1115</xmin>
			<ymin>184</ymin>
			<xmax>2195</xmax>
			<ymax>747</ymax>
		</bndbox>
	</object>
</annotation>