<annotation>
	<folder>side건더기국류원형배달알탕q5</folder>
	<filename>side_건더기국류_원형배달_알탕_Q5_00011.JPG</filename>
	<path>/side건더기국류원형배달알탕q5/side_건더기국류_원형배달_알탕_Q5_00011.JPG</path>
	<source>
		<database>fooddata</database>
	</source>
	<size>
		<width>3008</width>
		<height>2000</height>
		<depth>3</depth>
	</size>
	<object>
		<name>ref_spoon</name>
		<bndbox>
			<xmin>2005</xmin>
			<ymin>624</ymin>
			<xmax>2276</xmax>
			<ymax>972</ymax>
		</bndbox>
	</object>
	<object>
		<name>ref_fork</name>
		<bndbox>
			<xmin>2414</xmin>
			<ymin>604</ymin>
			<xmax>2609</xmax>
			<ymax>997</ymax>
		</bndbox>
	</object>
	<object>
		<name>ref_coin</name>
		<bndbox>
			<xmin>149</xmin>
			<ymin>941</ymin>
			<xmax>353</xmax>
			<ymax>1079</ymax>
		</bndbox>
	</object>
	<object>
		<name>dish</name>
		<bndbox>
			<xmin>599</xmin>
			<ymin>396</ymin>
			<xmax>1849</xmax>
			<ymax>1565</ymax>
		</bndbox>
	</object>
	<object>
		<name>알탕</name>
		<bndbox>
			<xmin>665</xmin>
			<ymin>455</ymin>
			<xmax>1798</xmax>
			<ymax>1136</ymax>
		</bndbox>
	</object>
</annotation>