<annotation>
	<folder>side건더기국류원형배달알탕q5</folder>
	<filename>side_건더기국류_원형배달_알탕_Q5_00040.JPG</filename>
	<path>/side건더기국류원형배달알탕q5/side_건더기국류_원형배달_알탕_Q5_00040.JPG</path>
	<source>
		<database>fooddata</database>
	</source>
	<size>
		<width>3008</width>
		<height>2000</height>
		<depth>3</depth>
	</size>
	<object>
		<name>ref_spoon</name>
		<bndbox>
			<xmin>420</xmin>
			<ymin>558</ymin>
			<xmax>675</xmax>
			<ymax>875</ymax>
		</bndbox>
	</object>
	<object>
		<name>ref_fork</name>
		<bndbox>
			<xmin>747</xmin>
			<ymin>570</ymin>
			<xmax>923</xmax>
			<ymax>936</ymax>
		</bndbox>
	</object>
	<object>
		<name>ref_coin</name>
		<bndbox>
			<xmin>2356</xmin>
			<ymin>1304</ymin>
			<xmax>2570</xmax>
			<ymax>1448</ymax>
		</bndbox>
	</object>
	<object>
		<name>dish</name>
		<bndbox>
			<xmin>1087</xmin>
			<ymin>297</ymin>
			<xmax>2253</xmax>
			<ymax>1386</ymax>
		</bndbox>
	</object>
	<object>
		<name>알탕</name>
		<bndbox>
			<xmin>1146</xmin>
			<ymin>414</ymin>
			<xmax>2200</xmax>
			<ymax>959</ymax>
		</bndbox>
	</object>
</annotation>