<annotation>
	<folder>side건더기국류원형배달알탕q5</folder>
	<filename>side_건더기국류_원형배달_알탕_Q5_00046.JPG</filename>
	<path>/side건더기국류원형배달알탕q5/side_건더기국류_원형배달_알탕_Q5_00046.JPG</path>
	<source>
		<database>fooddata</database>
	</source>
	<size>
		<width>3008</width>
		<height>2000</height>
		<depth>3</depth>
	</size>
	<object>
		<name>ref_spoon</name>
		<bndbox>
			<xmin>299</xmin>
			<ymin>583</ymin>
			<xmax>563</xmax>
			<ymax>910</ymax>
		</bndbox>
	</object>
	<object>
		<name>ref_fork</name>
		<bndbox>
			<xmin>640</xmin>
			<ymin>593</ymin>
			<xmax>813</xmax>
			<ymax>974</ymax>
		</bndbox>
	</object>
	<object>
		<name>ref_coin</name>
		<bndbox>
			<xmin>1512</xmin>
			<ymin>261</ymin>
			<xmax>1691</xmax>
			<ymax>371</ymax>
		</bndbox>
	</object>
	<object>
		<name>dish</name>
		<bndbox>
			<xmin>1023</xmin>
			<ymin>391</ymin>
			<xmax>2253</xmax>
			<ymax>1540</ymax>
		</bndbox>
	</object>
	<object>
		<name>알탕</name>
		<bndbox>
			<xmin>1087</xmin>
			<ymin>563</ymin>
			<xmax>2195</xmax>
			<ymax>1128</ymax>
		</bndbox>
	</object>
</annotation>