<annotation>
	<folder>side건더기국류원형배달알탕q5</folder>
	<filename>side_건더기국류_원형배달_알탕_Q5_00016.JPG</filename>
	<path>/side건더기국류원형배달알탕q5/side_건더기국류_원형배달_알탕_Q5_00016.JPG</path>
	<source>
		<database>fooddata</database>
	</source>
	<size>
		<width>3008</width>
		<height>2000</height>
		<depth>3</depth>
	</size>
	<object>
		<name>ref_spoon</name>
		<bndbox>
			<xmin>1775</xmin>
			<ymin>598</ymin>
			<xmax>2051</xmax>
			<ymax>944</ymax>
		</bndbox>
	</object>
	<object>
		<name>ref_fork</name>
		<bndbox>
			<xmin>2182</xmin>
			<ymin>570</ymin>
			<xmax>2386</xmax>
			<ymax>967</ymax>
		</bndbox>
	</object>
	<object>
		<name>ref_coin</name>
		<bndbox>
			<xmin>2550</xmin>
			<ymin>898</ymin>
			<xmax>2765</xmax>
			<ymax>1033</ymax>
		</bndbox>
	</object>
	<object>
		<name>dish</name>
		<bndbox>
			<xmin>292</xmin>
			<ymin>422</ymin>
			<xmax>1570</xmax>
			<ymax>1655</ymax>
		</bndbox>
	</object>
	<object>
		<name>알탕</name>
		<bndbox>
			<xmin>366</xmin>
			<ymin>542</ymin>
			<xmax>1512</xmax>
			<ymax>1189</ymax>
		</bndbox>
	</object>
</annotation>