<annotation>
	<folder>side건더기국류원형배달알탕q5</folder>
	<filename>side_건더기국류_원형배달_알탕_Q5_00036.JPG</filename>
	<path>/side건더기국류원형배달알탕q5/side_건더기국류_원형배달_알탕_Q5_00036.JPG</path>
	<source>
		<database>fooddata</database>
	</source>
	<size>
		<width>3008</width>
		<height>2000</height>
		<depth>3</depth>
	</size>
	<object>
		<name>ref_spoon</name>
		<bndbox>
			<xmin>463</xmin>
			<ymin>391</ymin>
			<xmax>716</xmax>
			<ymax>724</ymax>
		</bndbox>
	</object>
	<object>
		<name>ref_fork</name>
		<bndbox>
			<xmin>793</xmin>
			<ymin>409</ymin>
			<xmax>969</xmax>
			<ymax>783</ymax>
		</bndbox>
	</object>
	<object>
		<name>ref_coin</name>
		<bndbox>
			<xmin>1547</xmin>
			<ymin>1430</ymin>
			<xmax>1760</xmax>
			<ymax>1583</ymax>
		</bndbox>
	</object>
	<object>
		<name>dish</name>
		<bndbox>
			<xmin>1044</xmin>
			<ymin>199</ymin>
			<xmax>2241</xmax>
			<ymax>1327</ymax>
		</bndbox>
	</object>
	<object>
		<name>알탕</name>
		<bndbox>
			<xmin>1105</xmin>
			<ymin>338</ymin>
			<xmax>2179</xmax>
			<ymax>893</ymax>
		</bndbox>
	</object>
</annotation>