<annotation>
	<folder>side건더기국류원형배달알탕q5</folder>
	<filename>side_건더기국류_원형배달_알탕_Q5_00035.JPG</filename>
	<path>/side건더기국류원형배달알탕q5/side_건더기국류_원형배달_알탕_Q5_00035.JPG</path>
	<source>
		<database>fooddata</database>
	</source>
	<size>
		<width>3008</width>
		<height>2000</height>
		<depth>3</depth>
	</size>
	<object>
		<name>ref_spoon</name>
		<bndbox>
			<xmin>432</xmin>
			<ymin>501</ymin>
			<xmax>693</xmax>
			<ymax>829</ymax>
		</bndbox>
	</object>
	<object>
		<name>ref_fork</name>
		<bndbox>
			<xmin>762</xmin>
			<ymin>524</ymin>
			<xmax>939</xmax>
			<ymax>898</ymax>
		</bndbox>
	</object>
	<object>
		<name>ref_coin</name>
		<bndbox>
			<xmin>1271</xmin>
			<ymin>1550</ymin>
			<xmax>1484</xmax>
			<ymax>1708</ymax>
		</bndbox>
	</object>
	<object>
		<name>dish</name>
		<bndbox>
			<xmin>1018</xmin>
			<ymin>309</ymin>
			<xmax>2205</xmax>
			<ymax>1437</ymax>
		</bndbox>
	</object>
	<object>
		<name>알탕</name>
		<bndbox>
			<xmin>1077</xmin>
			<ymin>419</ymin>
			<xmax>2151</xmax>
			<ymax>1013</ymax>
		</bndbox>
	</object>
</annotation>