<annotation>
	<folder>side건더기국류원형배달알탕q5</folder>
	<filename>side_건더기국류_원형배달_알탕_Q5_00014.JPG</filename>
	<path>/side건더기국류원형배달알탕q5/side_건더기국류_원형배달_알탕_Q5_00014.JPG</path>
	<source>
		<database>fooddata</database>
	</source>
	<size>
		<width>3008</width>
		<height>2000</height>
		<depth>3</depth>
	</size>
	<object>
		<name>ref_spoon</name>
		<bndbox>
			<xmin>1911</xmin>
			<ymin>721</ymin>
			<xmax>2184</xmax>
			<ymax>1069</ymax>
		</bndbox>
	</object>
	<object>
		<name>ref_fork</name>
		<bndbox>
			<xmin>2317</xmin>
			<ymin>696</ymin>
			<xmax>2517</xmax>
			<ymax>1087</ymax>
		</bndbox>
	</object>
	<object>
		<name>ref_coin</name>
		<bndbox>
			<xmin>1519</xmin>
			<ymin>422</ymin>
			<xmax>1711</xmax>
			<ymax>542</ymax>
		</bndbox>
	</object>
	<object>
		<name>dish</name>
		<bndbox>
			<xmin>376</xmin>
			<ymin>491</ymin>
			<xmax>1655</xmax>
			<ymax>1675</ymax>
		</bndbox>
	</object>
	<object>
		<name>알탕</name>
		<bndbox>
			<xmin>450</xmin>
			<ymin>650</ymin>
			<xmax>1601</xmax>
			<ymax>1235</ymax>
		</bndbox>
	</object>
</annotation>