<annotation>
	<folder>top건더기국류원형배달알탕q5</folder>
	<filename>top_건더기국류_원형배달_알탕_Q5_00047.JPG</filename>
	<path>/top건더기국류원형배달알탕q5/top_건더기국류_원형배달_알탕_Q5_00047.JPG</path>
	<source>
		<database>fooddata</database>
	</source>
	<size>
		<width>3008</width>
		<height>2000</height>
		<depth>3</depth>
	</size>
	<object>
		<name>ref_spoon</name>
		<bndbox>
			<xmin>289</xmin>
			<ymin>178</ymin>
			<xmax>584</xmax>
			<ymax>600</ymax>
		</bndbox>
	</object>
	<object>
		<name>ref_fork</name>
		<bndbox>
			<xmin>599</xmin>
			<ymin>293</ymin>
			<xmax>848</xmax>
			<ymax>766</ymax>
		</bndbox>
	</object>
	<object>
		<name>ref_coin</name>
		<bndbox>
			<xmin>1068</xmin>
			<ymin>174</ymin>
			<xmax>1284</xmax>
			<ymax>387</ymax>
		</bndbox>
	</object>
	<object>
		<name>dish</name>
		<bndbox>
			<xmin>988</xmin>
			<ymin>560</ymin>
			<xmax>2229</xmax>
			<ymax>1772</ymax>
		</bndbox>
	</object>
	<object>
		<name>알탕</name>
		<bndbox>
			<xmin>1053</xmin>
			<ymin>621</ymin>
			<xmax>2171</xmax>
			<ymax>1703</ymax>
		</bndbox>
	</object>
</annotation>