<annotation>
	<folder>top건더기국류원형배달알탕q5</folder>
	<filename>top_건더기국류_원형배달_알탕_Q5_00001.JPG</filename>
	<path>/top건더기국류원형배달알탕q5/top_건더기국류_원형배달_알탕_Q5_00001.JPG</path>
	<source>
		<database>fooddata</database>
	</source>
	<size>
		<width>3008</width>
		<height>2000</height>
		<depth>3</depth>
	</size>
	<object>
		<name>ref_spoon</name>
		<bndbox>
			<xmin>1948</xmin>
			<ymin>520</ymin>
			<xmax>2258</xmax>
			<ymax>931</ymax>
		</bndbox>
	</object>
	<object>
		<name>ref_fork</name>
		<bndbox>
			<xmin>2326</xmin>
			<ymin>618</ymin>
			<xmax>2564</xmax>
			<ymax>1065</ymax>
		</bndbox>
	</object>
	<object>
		<name>ref_coin</name>
		<bndbox>
			<xmin>1371</xmin>
			<ymin>1581</ymin>
			<xmax>1598</xmax>
			<ymax>1786</ymax>
		</bndbox>
	</object>
	<object>
		<name>dish</name>
		<bndbox>
			<xmin>563</xmin>
			<ymin>329</ymin>
			<xmax>1775</xmax>
			<ymax>1512</ymax>
		</bndbox>
	</object>
	<object>
		<name>알탕</name>
		<bndbox>
			<xmin>667</xmin>
			<ymin>405</ymin>
			<xmax>1720</xmax>
			<ymax>1469</ymax>
		</bndbox>
	</object>
</annotation>