<annotation>
	<folder>top건더기국류원형배달알탕q5</folder>
	<filename>top_건더기국류_원형배달_알탕_Q5_00005.JPG</filename>
	<path>/top건더기국류원형배달알탕q5/top_건더기국류_원형배달_알탕_Q5_00005.JPG</path>
	<source>
		<database>fooddata</database>
	</source>
	<size>
		<width>3008</width>
		<height>2000</height>
		<depth>3</depth>
	</size>
	<object>
		<name>ref_spoon</name>
		<bndbox>
			<xmin>1746</xmin>
			<ymin>448</ymin>
			<xmax>2034</xmax>
			<ymax>849</ymax>
		</bndbox>
	</object>
	<object>
		<name>ref_fork</name>
		<bndbox>
			<xmin>2128</xmin>
			<ymin>546</ymin>
			<xmax>2344</xmax>
			<ymax>1004</ymax>
		</bndbox>
	</object>
	<object>
		<name>ref_coin</name>
		<bndbox>
			<xmin>245</xmin>
			<ymin>1433</ymin>
			<xmax>472</xmax>
			<ymax>1649</ymax>
		</bndbox>
	</object>
	<object>
		<name>dish</name>
		<bndbox>
			<xmin>292</xmin>
			<ymin>448</ymin>
			<xmax>1500</xmax>
			<ymax>1635</ymax>
		</bndbox>
	</object>
	<object>
		<name>알탕</name>
		<bndbox>
			<xmin>390</xmin>
			<ymin>520</ymin>
			<xmax>1482</xmax>
			<ymax>1577</ymax>
		</bndbox>
	</object>
</annotation>