<annotation>
	<folder>top건더기국류원형배달알탕q5</folder>
	<filename>top_건더기국류_원형배달_알탕_Q5_00010.JPG</filename>
	<path>/top건더기국류원형배달알탕q5/top_건더기국류_원형배달_알탕_Q5_00010.JPG</path>
	<source>
		<database>fooddata</database>
	</source>
	<size>
		<width>3008</width>
		<height>2000</height>
		<depth>3</depth>
	</size>
	<object>
		<name>ref_spoon</name>
		<bndbox>
			<xmin>1857</xmin>
			<ymin>549</ymin>
			<xmax>2164</xmax>
			<ymax>964</ymax>
		</bndbox>
	</object>
	<object>
		<name>ref_fork</name>
		<bndbox>
			<xmin>2243</xmin>
			<ymin>625</ymin>
			<xmax>2474</xmax>
			<ymax>1094</ymax>
		</bndbox>
	</object>
	<object>
		<name>ref_coin</name>
		<bndbox>
			<xmin>985</xmin>
			<ymin>116</ymin>
			<xmax>1212</xmax>
			<ymax>329</ymax>
		</bndbox>
	</object>
	<object>
		<name>dish</name>
		<bndbox>
			<xmin>249</xmin>
			<ymin>524</ymin>
			<xmax>1544</xmax>
			<ymax>1747</ymax>
		</bndbox>
	</object>
	<object>
		<name>알탕</name>
		<bndbox>
			<xmin>357</xmin>
			<ymin>621</ymin>
			<xmax>1446</xmax>
			<ymax>1711</ymax>
		</bndbox>
	</object>
</annotation>