<annotation>
	<folder>top건더기국류원형배달알탕q5</folder>
	<filename>top_건더기국류_원형배달_알탕_Q5_00019.JPG</filename>
	<path>/top건더기국류원형배달알탕q5/top_건더기국류_원형배달_알탕_Q5_00019.JPG</path>
	<source>
		<database>fooddata</database>
	</source>
	<size>
		<width>3008</width>
		<height>2000</height>
		<depth>3</depth>
	</size>
	<object>
		<name>ref_spoon</name>
		<bndbox>
			<xmin>801</xmin>
			<ymin>1512</ymin>
			<xmax>1183</xmax>
			<ymax>1790</ymax>
		</bndbox>
	</object>
	<object>
		<name>ref_fork</name>
		<bndbox>
			<xmin>844</xmin>
			<ymin>1234</ymin>
			<xmax>1280</xmax>
			<ymax>1462</ymax>
		</bndbox>
	</object>
	<object>
		<name>ref_coin</name>
		<bndbox>
			<xmin>682</xmin>
			<ymin>618</ymin>
			<xmax>862</xmax>
			<ymax>816</ymax>
		</bndbox>
	</object>
	<object>
		<name>dish</name>
		<bndbox>
			<xmin>995</xmin>
			<ymin>142</ymin>
			<xmax>2063</xmax>
			<ymax>1195</ymax>
		</bndbox>
	</object>
	<object>
		<name>알탕</name>
		<bndbox>
			<xmin>1057</xmin>
			<ymin>214</ymin>
			<xmax>2005</xmax>
			<ymax>1166</ymax>
		</bndbox>
	</object>
</annotation>