<annotation>
	<folder>top건더기국류원형배달알탕q5</folder>
	<filename>top_건더기국류_원형배달_알탕_Q5_00025.JPG</filename>
	<path>/top건더기국류원형배달알탕q5/top_건더기국류_원형배달_알탕_Q5_00025.JPG</path>
	<source>
		<database>fooddata</database>
	</source>
	<size>
		<width>3008</width>
		<height>2000</height>
		<depth>3</depth>
	</size>
	<object>
		<name>ref_spoon</name>
		<bndbox>
			<xmin>577</xmin>
			<ymin>1541</ymin>
			<xmax>967</xmax>
			<ymax>1786</ymax>
		</bndbox>
	</object>
	<object>
		<name>ref_fork</name>
		<bndbox>
			<xmin>638</xmin>
			<ymin>1292</ymin>
			<xmax>1053</xmax>
			<ymax>1483</ymax>
		</bndbox>
	</object>
	<object>
		<name>ref_coin</name>
		<bndbox>
			<xmin>1875</xmin>
			<ymin>827</ymin>
			<xmax>2063</xmax>
			<ymax>1004</ymax>
		</bndbox>
	</object>
	<object>
		<name>dish</name>
		<bndbox>
			<xmin>765</xmin>
			<ymin>225</ymin>
			<xmax>1782</xmax>
			<ymax>1231</ymax>
		</bndbox>
	</object>
	<object>
		<name>알탕</name>
		<bndbox>
			<xmin>837</xmin>
			<ymin>293</ymin>
			<xmax>1728</xmax>
			<ymax>1173</ymax>
		</bndbox>
	</object>
</annotation>