<annotation>
	<folder>top건더기국류원형배달알탕q5</folder>
	<filename>top_건더기국류_원형배달_알탕_Q5_00013.JPG</filename>
	<path>/top건더기국류원형배달알탕q5/top_건더기국류_원형배달_알탕_Q5_00013.JPG</path>
	<source>
		<database>fooddata</database>
	</source>
	<size>
		<width>3008</width>
		<height>2000</height>
		<depth>3</depth>
	</size>
	<object>
		<name>ref_spoon</name>
		<bndbox>
			<xmin>1825</xmin>
			<ymin>564</ymin>
			<xmax>2117</xmax>
			<ymax>978</ymax>
		</bndbox>
	</object>
	<object>
		<name>ref_fork</name>
		<bndbox>
			<xmin>2207</xmin>
			<ymin>650</ymin>
			<xmax>2438</xmax>
			<ymax>1108</ymax>
		</bndbox>
	</object>
	<object>
		<name>ref_coin</name>
		<bndbox>
			<xmin>1482</xmin>
			<ymin>1332</ymin>
			<xmax>1699</xmax>
			<ymax>1566</ymax>
		</bndbox>
	</object>
	<object>
		<name>dish</name>
		<bndbox>
			<xmin>220</xmin>
			<ymin>376</ymin>
			<xmax>1457</xmax>
			<ymax>1555</ymax>
		</bndbox>
	</object>
	<object>
		<name>알탕</name>
		<bndbox>
			<xmin>314</xmin>
			<ymin>463</ymin>
			<xmax>1421</xmax>
			<ymax>1519</ymax>
		</bndbox>
	</object>
</annotation>