<annotation>
	<folder>top건더기국류원형배달알탕q5</folder>
	<filename>top_건더기국류_원형배달_알탕_Q5_00006.JPG</filename>
	<path>/top건더기국류원형배달알탕q5/top_건더기국류_원형배달_알탕_Q5_00006.JPG</path>
	<source>
		<database>fooddata</database>
	</source>
	<size>
		<width>3008</width>
		<height>2000</height>
		<depth>3</depth>
	</size>
	<object>
		<name>ref_spoon</name>
		<bndbox>
			<xmin>1904</xmin>
			<ymin>603</ymin>
			<xmax>2189</xmax>
			<ymax>1025</ymax>
		</bndbox>
	</object>
	<object>
		<name>ref_fork</name>
		<bndbox>
			<xmin>2294</xmin>
			<ymin>697</ymin>
			<xmax>2507</xmax>
			<ymax>1151</ymax>
		</bndbox>
	</object>
	<object>
		<name>ref_coin</name>
		<bndbox>
			<xmin>209</xmin>
			<ymin>1364</ymin>
			<xmax>418</xmax>
			<ymax>1559</ymax>
		</bndbox>
	</object>
	<object>
		<name>dish</name>
		<bndbox>
			<xmin>411</xmin>
			<ymin>571</ymin>
			<xmax>1623</xmax>
			<ymax>1783</ymax>
		</bndbox>
	</object>
	<object>
		<name>알탕</name>
		<bndbox>
			<xmin>498</xmin>
			<ymin>647</ymin>
			<xmax>1601</xmax>
			<ymax>1743</ymax>
		</bndbox>
	</object>
</annotation>