<annotation>
	<folder>top건더기국류원형배달알탕q5</folder>
	<filename>top_건더기국류_원형배달_알탕_Q5_00027.JPG</filename>
	<path>/top건더기국류원형배달알탕q5/top_건더기국류_원형배달_알탕_Q5_00027.JPG</path>
	<source>
		<database>fooddata</database>
	</source>
	<size>
		<width>3008</width>
		<height>2000</height>
		<depth>3</depth>
	</size>
	<object>
		<name>ref_spoon</name>
		<bndbox>
			<xmin>545</xmin>
			<ymin>1498</ymin>
			<xmax>931</xmax>
			<ymax>1772</ymax>
		</bndbox>
	</object>
	<object>
		<name>ref_fork</name>
		<bndbox>
			<xmin>595</xmin>
			<ymin>1256</ymin>
			<xmax>1010</xmax>
			<ymax>1454</ymax>
		</bndbox>
	</object>
	<object>
		<name>ref_coin</name>
		<bndbox>
			<xmin>1724</xmin>
			<ymin>1155</ymin>
			<xmax>1908</xmax>
			<ymax>1343</ymax>
		</bndbox>
	</object>
	<object>
		<name>dish</name>
		<bndbox>
			<xmin>793</xmin>
			<ymin>228</ymin>
			<xmax>1803</xmax>
			<ymax>1227</ymax>
		</bndbox>
	</object>
	<object>
		<name>알탕</name>
		<bndbox>
			<xmin>851</xmin>
			<ymin>300</ymin>
			<xmax>1746</xmax>
			<ymax>1188</ymax>
		</bndbox>
	</object>
</annotation>