<annotation>
	<folder>side어육류면적사각배달훈제연어q2</folder>
	<filename>side_어육류면적_사각배달_훈제연어_Q2_00049.JPG</filename>
	<path>/side어육류면적사각배달훈제연어q2/side_어육류면적_사각배달_훈제연어_Q2_00049.JPG</path>
	<source>
		<database>fooddata</database>
	</source>
	<size>
		<width>3008</width>
		<height>2000</height>
		<depth>3</depth>
	</size>
	<object>
		<name>ref_spoon</name>
		<bndbox>
			<xmin>81</xmin>
			<ymin>479</ymin>
			<xmax>437</xmax>
			<ymax>926</ymax>
		</bndbox>
	</object>
	<object>
		<name>ref_fork</name>
		<bndbox>
			<xmin>554</xmin>
			<ymin>469</ymin>
			<xmax>813</xmax>
			<ymax>967</ymax>
		</bndbox>
	</object>
	<object>
		<name>ref_coin</name>
		<bndbox>
			<xmin>2358</xmin>
			<ymin>876</ymin>
			<xmax>2617</xmax>
			<ymax>1058</ymax>
		</bndbox>
	</object>
	<object>
		<name>dish</name>
		<bndbox>
			<xmin>1052</xmin>
			<ymin>291</ymin>
			<xmax>2378</xmax>
			<ymax>1739</ymax>
		</bndbox>
	</object>
	<object>
		<name>훈제연어</name>
		<bndbox>
			<xmin>1311</xmin>
			<ymin>896</ymin>
			<xmax>2180</xmax>
			<ymax>1470</ymax>
		</bndbox>
	</object>
</annotation>