<annotation>
	<folder>side어육류면적사각배달훈제연어q2</folder>
	<filename>side_어육류면적_사각배달_훈제연어_Q2_00051.JPG</filename>
	<path>/side어육류면적사각배달훈제연어q2/side_어육류면적_사각배달_훈제연어_Q2_00051.JPG</path>
	<source>
		<database>fooddata</database>
	</source>
	<size>
		<width>3008</width>
		<height>2000</height>
		<depth>3</depth>
	</size>
	<object>
		<name>ref_spoon</name>
		<bndbox>
			<xmin>229</xmin>
			<ymin>616</ymin>
			<xmax>579</xmax>
			<ymax>1038</ymax>
		</bndbox>
	</object>
	<object>
		<name>ref_fork</name>
		<bndbox>
			<xmin>691</xmin>
			<ymin>621</ymin>
			<xmax>940</xmax>
			<ymax>1104</ymax>
		</bndbox>
	</object>
	<object>
		<name>ref_coin</name>
		<bndbox>
			<xmin>2541</xmin>
			<ymin>378</ymin>
			<xmax>2774</xmax>
			<ymax>540</ymax>
		</bndbox>
	</object>
	<object>
		<name>dish</name>
		<bndbox>
			<xmin>1199</xmin>
			<ymin>423</ymin>
			<xmax>2500</xmax>
			<ymax>1851</ymax>
		</bndbox>
	</object>
	<object>
		<name>훈제연어</name>
		<bndbox>
			<xmin>1443</xmin>
			<ymin>1018</ymin>
			<xmax>2281</xmax>
			<ymax>1587</ymax>
		</bndbox>
	</object>
</annotation>