<annotation>
	<folder>side어육류면적사각배달훈제연어q2</folder>
	<filename>side_어육류면적_사각배달_훈제연어_Q2_00042.JPG</filename>
	<path>/side어육류면적사각배달훈제연어q2/side_어육류면적_사각배달_훈제연어_Q2_00042.JPG</path>
	<source>
		<database>fooddata</database>
	</source>
	<size>
		<width>3008</width>
		<height>2000</height>
		<depth>3</depth>
	</size>
	<object>
		<name>ref_spoon</name>
		<bndbox>
			<xmin>122</xmin>
			<ymin>469</ymin>
			<xmax>478</xmax>
			<ymax>906</ymax>
		</bndbox>
	</object>
	<object>
		<name>ref_fork</name>
		<bndbox>
			<xmin>589</xmin>
			<ymin>479</ymin>
			<xmax>854</xmax>
			<ymax>967</ymax>
		</bndbox>
	</object>
	<object>
		<name>ref_coin</name>
		<bndbox>
			<xmin>1697</xmin>
			<ymin>134</ymin>
			<xmax>1941</xmax>
			<ymax>296</ymax>
		</bndbox>
	</object>
	<object>
		<name>dish</name>
		<bndbox>
			<xmin>991</xmin>
			<ymin>510</ymin>
			<xmax>2825</xmax>
			<ymax>1633</ymax>
		</bndbox>
	</object>
	<object>
		<name>훈제연어</name>
		<bndbox>
			<xmin>1626</xmin>
			<ymin>809</ymin>
			<xmax>2474</xmax>
			<ymax>1363</ymax>
		</bndbox>
	</object>
</annotation>