<annotation>
	<folder>side어육류면적사각배달훈제연어q2</folder>
	<filename>side_어육류면적_사각배달_훈제연어_Q2_00012.JPG</filename>
	<path>/side어육류면적사각배달훈제연어q2/side_어육류면적_사각배달_훈제연어_Q2_00012.JPG</path>
	<source>
		<database>fooddata</database>
	</source>
	<size>
		<width>3008</width>
		<height>2000</height>
		<depth>3</depth>
	</size>
	<object>
		<name>ref_spoon</name>
		<bndbox>
			<xmin>1809</xmin>
			<ymin>586</ymin>
			<xmax>2114</xmax>
			<ymax>957</ymax>
		</bndbox>
	</object>
	<object>
		<name>ref_fork</name>
		<bndbox>
			<xmin>2195</xmin>
			<ymin>586</ymin>
			<xmax>2419</xmax>
			<ymax>1013</ymax>
		</bndbox>
	</object>
	<object>
		<name>ref_coin</name>
		<bndbox>
			<xmin>2586</xmin>
			<ymin>876</ymin>
			<xmax>2825</xmax>
			<ymax>1043</ymax>
		</bndbox>
	</object>
	<object>
		<name>dish</name>
		<bndbox>
			<xmin>239</xmin>
			<ymin>439</ymin>
			<xmax>1768</xmax>
			<ymax>1749</ymax>
		</bndbox>
	</object>
	<object>
		<name>훈제연어</name>
		<bndbox>
			<xmin>528</xmin>
			<ymin>804</ymin>
			<xmax>1372</xmax>
			<ymax>1460</ymax>
		</bndbox>
	</object>
</annotation>