<annotation>
	<folder>side어육류면적사각배달훈제연어q2</folder>
	<filename>side_어육류면적_사각배달_훈제연어_Q2_00026.JPG</filename>
	<path>/side어육류면적사각배달훈제연어q2/side_어육류면적_사각배달_훈제연어_Q2_00026.JPG</path>
	<source>
		<database>fooddata</database>
	</source>
	<size>
		<width>3008</width>
		<height>2000</height>
		<depth>3</depth>
	</size>
	<object>
		<name>ref_spoon</name>
		<bndbox>
			<xmin>498</xmin>
			<ymin>1434</ymin>
			<xmax>996</xmax>
			<ymax>1729</ymax>
		</bndbox>
	</object>
	<object>
		<name>ref_fork</name>
		<bndbox>
			<xmin>574</xmin>
			<ymin>1135</ymin>
			<xmax>1103</xmax>
			<ymax>1414</ymax>
		</bndbox>
	</object>
	<object>
		<name>ref_coin</name>
		<bndbox>
			<xmin>640</xmin>
			<ymin>124</ymin>
			<xmax>854</xmax>
			<ymax>256</ymax>
		</bndbox>
	</object>
	<object>
		<name>dish</name>
		<bndbox>
			<xmin>666</xmin>
			<ymin>57</ymin>
			<xmax>2215</xmax>
			<ymax>1069</ymax>
		</bndbox>
	</object>
	<object>
		<name>훈제연어</name>
		<bndbox>
			<xmin>1067</xmin>
			<ymin>428</ymin>
			<xmax>1860</xmax>
			<ymax>815</ymax>
		</bndbox>
	</object>
</annotation>