<annotation>
	<folder>rework190files</folder>
	<filename>top_어육류면적_사각배달_훈제연어_Q2_00046.JPG</filename>
	<path>/top어육류면적사각배달훈제연어q2/top_어육류면적_사각배달_훈제연어_Q2_00046.JPG</path>
	<source>
		<database>fooddata</database>
	</source>
	<size>
		<width>3008</width>
		<height>2000</height>
		<depth>3</depth>
	</size>
	<object>
		<name>ref_spoon</name>
		<bndbox>
			<xmin>681</xmin>
			<ymin>566</ymin>
			<xmax>955</xmax>
			<ymax>1003</ymax>
		</bndbox>
	</object>
	<object>
		<name>ref_fork</name>
		<bndbox>
			<xmin>991</xmin>
			<ymin>601</ymin>
			<xmax>1174</xmax>
			<ymax>1069</ymax>
		</bndbox>
	</object>
	<object>
		<name>ref_coin</name>
		<bndbox>
			<xmin>1103</xmin>
			<ymin>78</ymin>
			<xmax>1296</xmax>
			<ymax>261</ymax>
		</bndbox>
	</object>
	<object>
		<name>dish</name>
		<bndbox>
			<xmin>1402</xmin>
			<ymin>479</ymin>
			<xmax>2419</xmax>
			<ymax>1882</ymax>
		</bndbox>
	</object>
	<object>
		<name>훈제연어</name>
		<bndbox>
			<xmin>1595</xmin>
			<ymin>779</ymin>
			<xmax>2241</xmax>
			<ymax>1460</ymax>
		</bndbox>
	</object>
</annotation>