<annotation>
	<folder>top어육류면적사각배달훈제연어q2</folder>
	<filename>top_어육류면적_사각배달_훈제연어_Q2_00052.JPG</filename>
	<path>/top어육류면적사각배달훈제연어q2/top_어육류면적_사각배달_훈제연어_Q2_00052.JPG</path>
	<source>
		<database>fooddata</database>
	</source>
	<size>
		<width>3008</width>
		<height>2000</height>
		<depth>3</depth>
	</size>
	<object>
		<name>ref_spoon</name>
		<bndbox>
			<xmin>315</xmin>
			<ymin>170</ymin>
			<xmax>648</xmax>
			<ymax>663</ymax>
		</bndbox>
	</object>
	<object>
		<name>ref_fork</name>
		<bndbox>
			<xmin>697</xmin>
			<ymin>201</ymin>
			<xmax>914</xmax>
			<ymax>734</ymax>
		</bndbox>
	</object>
	<object>
		<name>ref_coin</name>
		<bndbox>
			<xmin>878</xmin>
			<ymin>1173</ymin>
			<xmax>1114</xmax>
			<ymax>1408</ymax>
		</bndbox>
	</object>
	<object>
		<name>dish</name>
		<bndbox>
			<xmin>1309</xmin>
			<ymin>126</ymin>
			<xmax>2489</xmax>
			<ymax>1772</ymax>
		</bndbox>
	</object>
	<object>
		<name>훈제연어</name>
		<bndbox>
			<xmin>1446</xmin>
			<ymin>454</ymin>
			<xmax>2276</xmax>
			<ymax>1430</ymax>
		</bndbox>
	</object>
</annotation>