<annotation>
	<folder>top어육류면적사각배달훈제연어q2</folder>
	<filename>top_어육류면적_사각배달_훈제연어_Q2_00037.JPG</filename>
	<path>/top어육류면적사각배달훈제연어q2/top_어육류면적_사각배달_훈제연어_Q2_00037.JPG</path>
	<source>
		<database>fooddata</database>
	</source>
	<size>
		<width>3008</width>
		<height>2000</height>
		<depth>3</depth>
	</size>
	<object>
		<name>ref_spoon</name>
		<bndbox>
			<xmin>590</xmin>
			<ymin>184</ymin>
			<xmax>878</xmax>
			<ymax>601</ymax>
		</bndbox>
	</object>
	<object>
		<name>ref_fork</name>
		<bndbox>
			<xmin>914</xmin>
			<ymin>219</ymin>
			<xmax>1109</xmax>
			<ymax>681</ymax>
		</bndbox>
	</object>
	<object>
		<name>ref_coin</name>
		<bndbox>
			<xmin>297</xmin>
			<ymin>1537</ymin>
			<xmax>510</xmax>
			<ymax>1750</ymax>
		</bndbox>
	</object>
	<object>
		<name>dish</name>
		<bndbox>
			<xmin>1327</xmin>
			<ymin>135</ymin>
			<xmax>2365</xmax>
			<ymax>1572</ymax>
		</bndbox>
	</object>
	<object>
		<name>훈제연어</name>
		<bndbox>
			<xmin>1446</xmin>
			<ymin>408</ymin>
			<xmax>2215</xmax>
			<ymax>1262</ymax>
		</bndbox>
	</object>
</annotation>