<annotation>
	<folder>top어육류면적사각배달훈제연어q2</folder>
	<filename>top_어육류면적_사각배달_훈제연어_Q2_00022.JPG</filename>
	<path>/top어육류면적사각배달훈제연어q2/top_어육류면적_사각배달_훈제연어_Q2_00022.JPG</path>
	<source>
		<database>fooddata</database>
	</source>
	<size>
		<width>3008</width>
		<height>2000</height>
		<depth>3</depth>
	</size>
	<object>
		<name>ref_spoon</name>
		<bndbox>
			<xmin>812</xmin>
			<ymin>1453</ymin>
			<xmax>1145</xmax>
			<ymax>1683</ymax>
		</bndbox>
	</object>
	<object>
		<name>ref_fork</name>
		<bndbox>
			<xmin>901</xmin>
			<ymin>1280</ymin>
			<xmax>1256</xmax>
			<ymax>1426</ymax>
		</bndbox>
	</object>
	<object>
		<name>ref_coin</name>
		<bndbox>
			<xmin>1260</xmin>
			<ymin>1723</ymin>
			<xmax>1424</xmax>
			<ymax>1887</ymax>
		</bndbox>
	</object>
	<object>
		<name>dish</name>
		<bndbox>
			<xmin>998</xmin>
			<ymin>122</ymin>
			<xmax>2041</xmax>
			<ymax>1230</ymax>
		</bndbox>
	</object>
	<object>
		<name>훈제연어</name>
		<bndbox>
			<xmin>1242</xmin>
			<ymin>363</ymin>
			<xmax>1887</xmax>
			<ymax>838</ymax>
		</bndbox>
	</object>
</annotation>