<annotation>
	<folder>top어육류면적사각배달훈제연어q2</folder>
	<filename>top_어육류면적_사각배달_훈제연어_Q2_00040.JPG</filename>
	<path>/top어육류면적사각배달훈제연어q2/top_어육류면적_사각배달_훈제연어_Q2_00040.JPG</path>
	<source>
		<database>fooddata</database>
	</source>
	<size>
		<width>3008</width>
		<height>2000</height>
		<depth>3</depth>
	</size>
	<object>
		<name>ref_spoon</name>
		<bndbox>
			<xmin>541</xmin>
			<ymin>255</ymin>
			<xmax>834</xmax>
			<ymax>685</ymax>
		</bndbox>
	</object>
	<object>
		<name>ref_fork</name>
		<bndbox>
			<xmin>874</xmin>
			<ymin>295</ymin>
			<xmax>1065</xmax>
			<ymax>765</ymax>
		</bndbox>
	</object>
	<object>
		<name>ref_coin</name>
		<bndbox>
			<xmin>288</xmin>
			<ymin>1027</ymin>
			<xmax>492</xmax>
			<ymax>1231</ymax>
		</bndbox>
	</object>
	<object>
		<name>dish</name>
		<bndbox>
			<xmin>1278</xmin>
			<ymin>188</ymin>
			<xmax>2338</xmax>
			<ymax>1643</ymax>
		</bndbox>
	</object>
	<object>
		<name>훈제연어</name>
		<bndbox>
			<xmin>1389</xmin>
			<ymin>485</ymin>
			<xmax>2156</xmax>
			<ymax>1302</ymax>
		</bndbox>
	</object>
</annotation>