<annotation>
	<folder>top어육류면적사각배달훈제연어q2</folder>
	<filename>top_어육류면적_사각배달_훈제연어_Q2_00043.JPG</filename>
	<path>/top어육류면적사각배달훈제연어q2/top_어육류면적_사각배달_훈제연어_Q2_00043.JPG</path>
	<source>
		<database>fooddata</database>
	</source>
	<size>
		<width>3008</width>
		<height>2000</height>
		<depth>3</depth>
	</size>
	<object>
		<name>ref_spoon</name>
		<bndbox>
			<xmin>608</xmin>
			<ymin>388</ymin>
			<xmax>892</xmax>
			<ymax>809</ymax>
		</bndbox>
	</object>
	<object>
		<name>ref_fork</name>
		<bndbox>
			<xmin>927</xmin>
			<ymin>419</ymin>
			<xmax>1122</xmax>
			<ymax>885</ymax>
		</bndbox>
	</object>
	<object>
		<name>ref_coin</name>
		<bndbox>
			<xmin>204</xmin>
			<ymin>303</ymin>
			<xmax>413</xmax>
			<ymax>503</ymax>
		</bndbox>
	</object>
	<object>
		<name>dish</name>
		<bndbox>
			<xmin>1358</xmin>
			<ymin>303</ymin>
			<xmax>2409</xmax>
			<ymax>1750</ymax>
		</bndbox>
	</object>
	<object>
		<name>훈제연어</name>
		<bndbox>
			<xmin>1464</xmin>
			<ymin>602</ymin>
			<xmax>2218</xmax>
			<ymax>1430</ymax>
		</bndbox>
	</object>
</annotation>