<annotation>
	<folder>top어육류면적사각배달훈제연어q2</folder>
	<filename>top_어육류면적_사각배달_훈제연어_Q2_00032.JPG</filename>
	<path>/top어육류면적사각배달훈제연어q2/top_어육류면적_사각배달_훈제연어_Q2_00032.JPG</path>
	<source>
		<database>fooddata</database>
	</source>
	<size>
		<width>3008</width>
		<height>2000</height>
		<depth>3</depth>
	</size>
	<object>
		<name>ref_spoon</name>
		<bndbox>
			<xmin>679</xmin>
			<ymin>1630</ymin>
			<xmax>1069</xmax>
			<ymax>1901</ymax>
		</bndbox>
	</object>
	<object>
		<name>ref_fork</name>
		<bndbox>
			<xmin>781</xmin>
			<ymin>1417</ymin>
			<xmax>1203</xmax>
			<ymax>1599</ymax>
		</bndbox>
	</object>
	<object>
		<name>ref_coin</name>
		<bndbox>
			<xmin>643</xmin>
			<ymin>82</ymin>
			<xmax>825</xmax>
			<ymax>255</ymax>
		</bndbox>
	</object>
	<object>
		<name>dish</name>
		<bndbox>
			<xmin>821</xmin>
			<ymin>201</ymin>
			<xmax>2152</xmax>
			<ymax>1384</ymax>
		</bndbox>
	</object>
	<object>
		<name>훈제연어</name>
		<bndbox>
			<xmin>1023</xmin>
			<ymin>411</ymin>
			<xmax>1611</xmax>
			<ymax>1151</ymax>
		</bndbox>
	</object>
</annotation>