<annotation>
	<folder>top어육류면적사각배달훈제연어q2</folder>
	<filename>top_어육류면적_사각배달_훈제연어_Q2_00025.JPG</filename>
	<path>/top어육류면적사각배달훈제연어q2/top_어육류면적_사각배달_훈제연어_Q2_00025.JPG</path>
	<source>
		<database>fooddata</database>
	</source>
	<size>
		<width>3008</width>
		<height>2000</height>
		<depth>3</depth>
	</size>
	<object>
		<name>ref_spoon</name>
		<bndbox>
			<xmin>723</xmin>
			<ymin>1359</ymin>
			<xmax>1091</xmax>
			<ymax>1603</ymax>
		</bndbox>
	</object>
	<object>
		<name>ref_fork</name>
		<bndbox>
			<xmin>821</xmin>
			<ymin>1169</ymin>
			<xmax>1202</xmax>
			<ymax>1333</ymax>
		</bndbox>
	</object>
	<object>
		<name>ref_coin</name>
		<bndbox>
			<xmin>754</xmin>
			<ymin>1705</ymin>
			<xmax>927</xmax>
			<ymax>1883</ymax>
		</bndbox>
	</object>
	<object>
		<name>dish</name>
		<bndbox>
			<xmin>852</xmin>
			<ymin>87</ymin>
			<xmax>2059</xmax>
			<ymax>1125</ymax>
		</bndbox>
	</object>
	<object>
		<name>훈제연어</name>
		<bndbox>
			<xmin>1312</xmin>
			<ymin>371</ymin>
			<xmax>1840</xmax>
			<ymax>1029</ymax>
		</bndbox>
	</object>
</annotation>