<annotation>
	<folder>side육류부피사각배달순대볶음q5</folder>
	<filename>side_육류부피_사각배달_순대볶음_Q5_00040.JPG</filename>
	<path>/side육류부피사각배달순대볶음q5/side_육류부피_사각배달_순대볶음_Q5_00040.JPG</path>
	<source>
		<database>fooddata</database>
	</source>
	<size>
		<width>3008</width>
		<height>2000</height>
		<depth>3</depth>
	</size>
	<object>
		<name>ref_spoon</name>
		<bndbox>
			<xmin>349</xmin>
			<ymin>575</ymin>
			<xmax>615</xmax>
			<ymax>929</ymax>
		</bndbox>
	</object>
	<object>
		<name>ref_fork</name>
		<bndbox>
			<xmin>730</xmin>
			<ymin>587</ymin>
			<xmax>914</xmax>
			<ymax>990</ymax>
		</bndbox>
	</object>
	<object>
		<name>ref_coin</name>
		<bndbox>
			<xmin>2413</xmin>
			<ymin>1130</ymin>
			<xmax>2607</xmax>
			<ymax>1270</ymax>
		</bndbox>
	</object>
	<object>
		<name>dish</name>
		<bndbox>
			<xmin>1165</xmin>
			<ymin>366</ymin>
			<xmax>2278</xmax>
			<ymax>1474</ymax>
		</bndbox>
	</object>
	<object>
		<name>순대볶음</name>
		<bndbox>
			<xmin>1258</xmin>
			<ymin>577</ymin>
			<xmax>2158</xmax>
			<ymax>1204</ymax>
		</bndbox>
	</object>
</annotation>