<annotation>
	<folder>side육류부피사각배달순대볶음q5</folder>
	<filename>side_육류부피_사각배달_순대볶음_Q5_00020.JPG</filename>
	<path>/side육류부피사각배달순대볶음q5/side_육류부피_사각배달_순대볶음_Q5_00020.JPG</path>
	<source>
		<database>fooddata</database>
	</source>
	<size>
		<width>3008</width>
		<height>2000</height>
		<depth>3</depth>
	</size>
	<object>
		<name>ref_spoon</name>
		<bndbox>
			<xmin>890</xmin>
			<ymin>1703</ymin>
			<xmax>1359</xmax>
			<ymax>1941</ymax>
		</bndbox>
	</object>
	<object>
		<name>ref_fork</name>
		<bndbox>
			<xmin>946</xmin>
			<ymin>1472</ymin>
			<xmax>1438</xmax>
			<ymax>1693</ymax>
		</bndbox>
	</object>
	<object>
		<name>ref_coin</name>
		<bndbox>
			<xmin>2403</xmin>
			<ymin>1113</ymin>
			<xmax>2597</xmax>
			<ymax>1251</ymax>
		</bndbox>
	</object>
	<object>
		<name>dish</name>
		<bndbox>
			<xmin>961</xmin>
			<ymin>243</ymin>
			<xmax>2344</xmax>
			<ymax>1305</ymax>
		</bndbox>
	</object>
	<object>
		<name>순대볶음</name>
		<bndbox>
			<xmin>1128</xmin>
			<ymin>437</ymin>
			<xmax>2175</xmax>
			<ymax>1047</ymax>
		</bndbox>
	</object>
</annotation>