<annotation>
	<folder>side육류부피사각배달순대볶음q5</folder>
	<filename>side_육류부피_사각배달_순대볶음_Q5_00013.JPG</filename>
	<path>/side육류부피사각배달순대볶음q5/side_육류부피_사각배달_순대볶음_Q5_00013.JPG</path>
	<source>
		<database>fooddata</database>
	</source>
	<size>
		<width>3008</width>
		<height>2000</height>
		<depth>3</depth>
	</size>
	<object>
		<name>ref_spoon</name>
		<bndbox>
			<xmin>2116</xmin>
			<ymin>484</ymin>
			<xmax>2389</xmax>
			<ymax>840</ymax>
		</bndbox>
	</object>
	<object>
		<name>ref_fork</name>
		<bndbox>
			<xmin>2526</xmin>
			<ymin>499</ymin>
			<xmax>2730</xmax>
			<ymax>916</ymax>
		</bndbox>
	</object>
	<object>
		<name>ref_coin</name>
		<bndbox>
			<xmin>806</xmin>
			<ymin>314</ymin>
			<xmax>1003</xmax>
			<ymax>435</ymax>
		</bndbox>
	</object>
	<object>
		<name>dish</name>
		<bndbox>
			<xmin>403</xmin>
			<ymin>545</ymin>
			<xmax>2076</xmax>
			<ymax>1511</ymax>
		</bndbox>
	</object>
	<object>
		<name>순대볶음</name>
		<bndbox>
			<xmin>592</xmin>
			<ymin>744</ymin>
			<xmax>1946</xmax>
			<ymax>1214</ymax>
		</bndbox>
	</object>
</annotation>