<annotation>
	<folder>side육류부피사각배달순대볶음q5</folder>
	<filename>side_육류부피_사각배달_순대볶음_Q5_00033.JPG</filename>
	<path>/side육류부피사각배달순대볶음q5/side_육류부피_사각배달_순대볶음_Q5_00033.JPG</path>
	<source>
		<database>fooddata</database>
	</source>
	<size>
		<width>3008</width>
		<height>2000</height>
		<depth>3</depth>
	</size>
	<object>
		<name>ref_spoon</name>
		<bndbox>
			<xmin>860</xmin>
			<ymin>1673</ymin>
			<xmax>1236</xmax>
			<ymax>1897</ymax>
		</bndbox>
	</object>
	<object>
		<name>ref_fork</name>
		<bndbox>
			<xmin>922</xmin>
			<ymin>1469</ymin>
			<xmax>1332</xmax>
			<ymax>1681</ymax>
		</bndbox>
	</object>
	<object>
		<name>ref_coin</name>
		<bndbox>
			<xmin>619</xmin>
			<ymin>1025</ymin>
			<xmax>801</xmax>
			<ymax>1147</ymax>
		</bndbox>
	</object>
	<object>
		<name>dish</name>
		<bndbox>
			<xmin>1035</xmin>
			<ymin>381</ymin>
			<xmax>2197</xmax>
			<ymax>1386</ymax>
		</bndbox>
	</object>
	<object>
		<name>순대볶음</name>
		<bndbox>
			<xmin>1170</xmin>
			<ymin>580</ymin>
			<xmax>2020</xmax>
			<ymax>1135</ymax>
		</bndbox>
	</object>
</annotation>