<annotation>
	<folder>side육류부피사각배달순대볶음q5</folder>
	<filename>side_육류부피_사각배달_순대볶음_Q5_00034.JPG</filename>
	<path>/side육류부피사각배달순대볶음q5/side_육류부피_사각배달_순대볶음_Q5_00034.JPG</path>
	<source>
		<database>fooddata</database>
	</source>
	<size>
		<width>3008</width>
		<height>2000</height>
		<depth>3</depth>
	</size>
	<object>
		<name>ref_spoon</name>
		<bndbox>
			<xmin>411</xmin>
			<ymin>678</ymin>
			<xmax>674</xmax>
			<ymax>1015</ymax>
		</bndbox>
	</object>
	<object>
		<name>ref_fork</name>
		<bndbox>
			<xmin>796</xmin>
			<ymin>690</ymin>
			<xmax>976</xmax>
			<ymax>1079</ymax>
		</bndbox>
	</object>
	<object>
		<name>ref_coin</name>
		<bndbox>
			<xmin>1445</xmin>
			<ymin>1713</ymin>
			<xmax>1654</xmax>
			<ymax>1860</ymax>
		</bndbox>
	</object>
	<object>
		<name>dish</name>
		<bndbox>
			<xmin>1226</xmin>
			<ymin>479</ymin>
			<xmax>2300</xmax>
			<ymax>1595</ymax>
		</bndbox>
	</object>
	<object>
		<name>순대볶음</name>
		<bndbox>
			<xmin>1307</xmin>
			<ymin>683</ymin>
			<xmax>2180</xmax>
			<ymax>1332</ymax>
		</bndbox>
	</object>
</annotation>