<annotation>
	<folder>side육류부피사각배달순대볶음q5</folder>
	<filename>side_육류부피_사각배달_순대볶음_Q5_00014.JPG</filename>
	<path>/side육류부피사각배달순대볶음q5/side_육류부피_사각배달_순대볶음_Q5_00014.JPG</path>
	<source>
		<database>fooddata</database>
	</source>
	<size>
		<width>3008</width>
		<height>2000</height>
		<depth>3</depth>
	</size>
	<object>
		<name>ref_spoon</name>
		<bndbox>
			<xmin>2099</xmin>
			<ymin>531</ymin>
			<xmax>2381</xmax>
			<ymax>880</ymax>
		</bndbox>
	</object>
	<object>
		<name>ref_fork</name>
		<bndbox>
			<xmin>2511</xmin>
			<ymin>543</ymin>
			<xmax>2725</xmax>
			<ymax>963</ymax>
		</bndbox>
	</object>
	<object>
		<name>ref_coin</name>
		<bndbox>
			<xmin>236</xmin>
			<ymin>314</ymin>
			<xmax>438</xmax>
			<ymax>445</ymax>
		</bndbox>
	</object>
	<object>
		<name>dish</name>
		<bndbox>
			<xmin>256</xmin>
			<ymin>486</ymin>
			<xmax>1993</xmax>
			<ymax>1644</ymax>
		</bndbox>
	</object>
	<object>
		<name>순대볶음</name>
		<bndbox>
			<xmin>423</xmin>
			<ymin>720</ymin>
			<xmax>1814</xmax>
			<ymax>1344</ymax>
		</bndbox>
	</object>
</annotation>