<annotation>
	<folder>side육류부피사각배달순대볶음q5</folder>
	<filename>side_육류부피_사각배달_순대볶음_Q5_00031.JPG</filename>
	<path>/side육류부피사각배달순대볶음q5/side_육류부피_사각배달_순대볶음_Q5_00031.JPG</path>
	<source>
		<database>fooddata</database>
	</source>
	<size>
		<width>3008</width>
		<height>2000</height>
		<depth>3</depth>
	</size>
	<object>
		<name>ref_spoon</name>
		<bndbox>
			<xmin>902</xmin>
			<ymin>1639</ymin>
			<xmax>1293</xmax>
			<ymax>1872</ymax>
		</bndbox>
	</object>
	<object>
		<name>ref_fork</name>
		<bndbox>
			<xmin>961</xmin>
			<ymin>1430</ymin>
			<xmax>1389</xmax>
			<ymax>1654</ymax>
		</bndbox>
	</object>
	<object>
		<name>ref_coin</name>
		<bndbox>
			<xmin>573</xmin>
			<ymin>550</ymin>
			<xmax>745</xmax>
			<ymax>661</ymax>
		</bndbox>
	</object>
	<object>
		<name>dish</name>
		<bndbox>
			<xmin>1057</xmin>
			<ymin>388</ymin>
			<xmax>2371</xmax>
			<ymax>1324</ymax>
		</bndbox>
	</object>
	<object>
		<name>순대볶음</name>
		<bndbox>
			<xmin>1167</xmin>
			<ymin>565</ymin>
			<xmax>2268</xmax>
			<ymax>1081</ymax>
		</bndbox>
	</object>
</annotation>