<annotation>
	<folder>side육류부피사각배달순대볶음q5</folder>
	<filename>side_육류부피_사각배달_순대볶음_Q5_00052.JPG</filename>
	<path>/side육류부피사각배달순대볶음q5/side_육류부피_사각배달_순대볶음_Q5_00052.JPG</path>
	<source>
		<database>fooddata</database>
	</source>
	<size>
		<width>3008</width>
		<height>2000</height>
		<depth>3</depth>
	</size>
	<object>
		<name>ref_spoon</name>
		<bndbox>
			<xmin>202</xmin>
			<ymin>703</ymin>
			<xmax>484</xmax>
			<ymax>1096</ymax>
		</bndbox>
	</object>
	<object>
		<name>ref_fork</name>
		<bndbox>
			<xmin>617</xmin>
			<ymin>678</ymin>
			<xmax>816</xmax>
			<ymax>1096</ymax>
		</bndbox>
	</object>
	<object>
		<name>ref_coin</name>
		<bndbox>
			<xmin>2553</xmin>
			<ymin>1265</ymin>
			<xmax>2762</xmax>
			<ymax>1413</ymax>
		</bndbox>
	</object>
	<object>
		<name>dish</name>
		<bndbox>
			<xmin>1040</xmin>
			<ymin>342</ymin>
			<xmax>2533</xmax>
			<ymax>1523</ymax>
		</bndbox>
	</object>
	<object>
		<name>순대볶음</name>
		<bndbox>
			<xmin>1197</xmin>
			<ymin>565</ymin>
			<xmax>2371</xmax>
			<ymax>1268</ymax>
		</bndbox>
	</object>
</annotation>