<annotation>
	<folder>top육류부피사각배달순대볶음q5</folder>
	<filename>top_육류부피_사각배달_순대볶음_Q5_00048.JPG</filename>
	<path>/top육류부피사각배달순대볶음q5/top_육류부피_사각배달_순대볶음_Q5_00048.JPG</path>
	<source>
		<database>fooddata</database>
	</source>
	<size>
		<width>3008</width>
		<height>2000</height>
		<depth>3</depth>
	</size>
	<object>
		<name>ref_spoon</name>
		<bndbox>
			<xmin>453</xmin>
			<ymin>667</ymin>
			<xmax>701</xmax>
			<ymax>1018</ymax>
		</bndbox>
	</object>
	<object>
		<name>ref_fork</name>
		<bndbox>
			<xmin>776</xmin>
			<ymin>641</ymin>
			<xmax>958</xmax>
			<ymax>1035</ymax>
		</bndbox>
	</object>
	<object>
		<name>ref_coin</name>
		<bndbox>
			<xmin>1358</xmin>
			<ymin>1506</ymin>
			<xmax>1522</xmax>
			<ymax>1670</ymax>
		</bndbox>
	</object>
	<object>
		<name>dish</name>
		<bndbox>
			<xmin>1300</xmin>
			<ymin>295</ymin>
			<xmax>2511</xmax>
			<ymax>1621</ymax>
		</bndbox>
	</object>
	<object>
		<name>순대볶음</name>
		<bndbox>
			<xmin>1375</xmin>
			<ymin>454</ymin>
			<xmax>2374</xmax>
			<ymax>1541</ymax>
		</bndbox>
	</object>
</annotation>