<annotation>
	<folder>top육류부피사각배달순대볶음q5</folder>
	<filename>top_육류부피_사각배달_순대볶음_Q5_00003.JPG</filename>
	<path>/top육류부피사각배달순대볶음q5/top_육류부피_사각배달_순대볶음_Q5_00003.JPG</path>
	<source>
		<database>fooddata</database>
	</source>
	<size>
		<width>3008</width>
		<height>2000</height>
		<depth>3</depth>
	</size>
	<object>
		<name>ref_spoon</name>
		<bndbox>
			<xmin>2187</xmin>
			<ymin>193</ymin>
			<xmax>2431</xmax>
			<ymax>579</ymax>
		</bndbox>
	</object>
	<object>
		<name>ref_fork</name>
		<bndbox>
			<xmin>2542</xmin>
			<ymin>197</ymin>
			<xmax>2711</xmax>
			<ymax>618</ymax>
		</bndbox>
	</object>
	<object>
		<name>ref_coin</name>
		<bndbox>
			<xmin>665</xmin>
			<ymin>1231</ymin>
			<xmax>861</xmax>
			<ymax>1417</ymax>
		</bndbox>
	</object>
	<object>
		<name>dish</name>
		<bndbox>
			<xmin>985</xmin>
			<ymin>317</ymin>
			<xmax>2205</xmax>
			<ymax>1821</ymax>
		</bndbox>
	</object>
	<object>
		<name>순대볶음</name>
		<bndbox>
			<xmin>1136</xmin>
			<ymin>494</ymin>
			<xmax>2014</xmax>
			<ymax>1692</ymax>
		</bndbox>
	</object>
</annotation>