<annotation>
	<folder>top육류부피사각배달순대볶음q5</folder>
	<filename>top_육류부피_사각배달_순대볶음_Q5_00035.JPG</filename>
	<path>/top육류부피사각배달순대볶음q5/top_육류부피_사각배달_순대볶음_Q5_00035.JPG</path>
	<source>
		<database>fooddata</database>
	</source>
	<size>
		<width>3008</width>
		<height>2000</height>
		<depth>3</depth>
	</size>
	<object>
		<name>ref_spoon</name>
		<bndbox>
			<xmin>643</xmin>
			<ymin>459</ymin>
			<xmax>887</xmax>
			<ymax>827</ymax>
		</bndbox>
	</object>
	<object>
		<name>ref_fork</name>
		<bndbox>
			<xmin>963</xmin>
			<ymin>432</ymin>
			<xmax>1149</xmax>
			<ymax>858</ymax>
		</bndbox>
	</object>
	<object>
		<name>ref_coin</name>
		<bndbox>
			<xmin>1850</xmin>
			<ymin>1395</ymin>
			<xmax>2010</xmax>
			<ymax>1555</ymax>
		</bndbox>
	</object>
	<object>
		<name>dish</name>
		<bndbox>
			<xmin>1291</xmin>
			<ymin>250</ymin>
			<xmax>2631</xmax>
			<ymax>1359</ymax>
		</bndbox>
	</object>
	<object>
		<name>순대볶음</name>
		<bndbox>
			<xmin>1371</xmin>
			<ymin>432</ymin>
			<xmax>2471</xmax>
			<ymax>1231</ymax>
		</bndbox>
	</object>
</annotation>