<annotation>
	<folder>top육류부피사각배달순대볶음q5</folder>
	<filename>top_육류부피_사각배달_순대볶음_Q5_00018.JPG</filename>
	<path>/top육류부피사각배달순대볶음q5/top_육류부피_사각배달_순대볶음_Q5_00018.JPG</path>
	<source>
		<database>fooddata</database>
	</source>
	<size>
		<width>3008</width>
		<height>2000</height>
		<depth>3</depth>
	</size>
	<object>
		<name>ref_spoon</name>
		<bndbox>
			<xmin>1100</xmin>
			<ymin>1532</ymin>
			<xmax>1433</xmax>
			<ymax>1763</ymax>
		</bndbox>
	</object>
	<object>
		<name>ref_fork</name>
		<bndbox>
			<xmin>1149</xmin>
			<ymin>1315</ymin>
			<xmax>1491</xmax>
			<ymax>1470</ymax>
		</bndbox>
	</object>
	<object>
		<name>ref_coin</name>
		<bndbox>
			<xmin>2387</xmin>
			<ymin>831</ymin>
			<xmax>2529</xmax>
			<ymax>973</ymax>
		</bndbox>
	</object>
	<object>
		<name>dish</name>
		<bndbox>
			<xmin>1074</xmin>
			<ymin>153</ymin>
			<xmax>2329</xmax>
			<ymax>1173</ymax>
		</bndbox>
	</object>
	<object>
		<name>순대볶음</name>
		<bndbox>
			<xmin>1189</xmin>
			<ymin>303</ymin>
			<xmax>2138</xmax>
			<ymax>1080</ymax>
		</bndbox>
	</object>
</annotation>