<annotation>
	<folder>top육류부피사각배달순대볶음q5</folder>
	<filename>top_육류부피_사각배달_순대볶음_Q5_00011.JPG</filename>
	<path>/top육류부피사각배달순대볶음q5/top_육류부피_사각배달_순대볶음_Q5_00011.JPG</path>
	<source>
		<database>fooddata</database>
	</source>
	<size>
		<width>3008</width>
		<height>2000</height>
		<depth>3</depth>
	</size>
	<object>
		<name>ref_spoon</name>
		<bndbox>
			<xmin>2156</xmin>
			<ymin>228</ymin>
			<xmax>2409</xmax>
			<ymax>614</ymax>
		</bndbox>
	</object>
	<object>
		<name>ref_fork</name>
		<bndbox>
			<xmin>2516</xmin>
			<ymin>219</ymin>
			<xmax>2680</xmax>
			<ymax>645</ymax>
		</bndbox>
	</object>
	<object>
		<name>ref_coin</name>
		<bndbox>
			<xmin>1943</xmin>
			<ymin>1035</ymin>
			<xmax>2116</xmax>
			<ymax>1213</ymax>
		</bndbox>
	</object>
	<object>
		<name>dish</name>
		<bndbox>
			<xmin>719</xmin>
			<ymin>228</ymin>
			<xmax>1877</xmax>
			<ymax>1705</ymax>
		</bndbox>
	</object>
	<object>
		<name>순대볶음</name>
		<bndbox>
			<xmin>874</xmin>
			<ymin>414</ymin>
			<xmax>1717</xmax>
			<ymax>1577</ymax>
		</bndbox>
	</object>
</annotation>