<annotation>
	<folder>top육류부피사각배달순대볶음q5</folder>
	<filename>top_육류부피_사각배달_순대볶음_Q5_00012.JPG</filename>
	<path>/top육류부피사각배달순대볶음q5/top_육류부피_사각배달_순대볶음_Q5_00012.JPG</path>
	<source>
		<database>fooddata</database>
	</source>
	<size>
		<width>3008</width>
		<height>2000</height>
		<depth>3</depth>
	</size>
	<object>
		<name>ref_spoon</name>
		<bndbox>
			<xmin>2174</xmin>
			<ymin>232</ymin>
			<xmax>2422</xmax>
			<ymax>618</ymax>
		</bndbox>
	</object>
	<object>
		<name>ref_fork</name>
		<bndbox>
			<xmin>2524</xmin>
			<ymin>232</ymin>
			<xmax>2702</xmax>
			<ymax>654</ymax>
		</bndbox>
	</object>
	<object>
		<name>ref_coin</name>
		<bndbox>
			<xmin>1828</xmin>
			<ymin>1457</ymin>
			<xmax>2014</xmax>
			<ymax>1634</ymax>
		</bndbox>
	</object>
	<object>
		<name>dish</name>
		<bndbox>
			<xmin>515</xmin>
			<ymin>295</ymin>
			<xmax>2094</xmax>
			<ymax>1768</ymax>
		</bndbox>
	</object>
	<object>
		<name>순대볶음</name>
		<bndbox>
			<xmin>728</xmin>
			<ymin>503</ymin>
			<xmax>1948</xmax>
			<ymax>1612</ymax>
		</bndbox>
	</object>
</annotation>