<annotation>
	<folder>top육류부피사각배달순대볶음q5</folder>
	<filename>top_육류부피_사각배달_순대볶음_Q5_00020.JPG</filename>
	<path>/top육류부피사각배달순대볶음q5/top_육류부피_사각배달_순대볶음_Q5_00020.JPG</path>
	<source>
		<database>fooddata</database>
	</source>
	<size>
		<width>3008</width>
		<height>2000</height>
		<depth>3</depth>
	</size>
	<object>
		<name>ref_spoon</name>
		<bndbox>
			<xmin>1043</xmin>
			<ymin>1634</ymin>
			<xmax>1384</xmax>
			<ymax>1865</ymax>
		</bndbox>
	</object>
	<object>
		<name>ref_fork</name>
		<bndbox>
			<xmin>1118</xmin>
			<ymin>1408</ymin>
			<xmax>1482</xmax>
			<ymax>1568</ymax>
		</bndbox>
	</object>
	<object>
		<name>ref_coin</name>
		<bndbox>
			<xmin>2347</xmin>
			<ymin>672</ymin>
			<xmax>2493</xmax>
			<ymax>814</ymax>
		</bndbox>
	</object>
	<object>
		<name>dish</name>
		<bndbox>
			<xmin>1167</xmin>
			<ymin>86</ymin>
			<xmax>2285</xmax>
			<ymax>1324</ymax>
		</bndbox>
	</object>
	<object>
		<name>순대볶음</name>
		<bndbox>
			<xmin>1273</xmin>
			<ymin>259</ymin>
			<xmax>2099</xmax>
			<ymax>1248</ymax>
		</bndbox>
	</object>
</annotation>