<annotation>
	<folder>side어육류면적접시돼지갈비q5</folder>
	<filename>side_어육류면적_접시_돼지갈비_Q5_00038.JPG</filename>
	<path>/side어육류면적접시돼지갈비q5/side_어육류면적_접시_돼지갈비_Q5_00038.JPG</path>
	<source>
		<database>fooddata</database>
	</source>
	<size>
		<width>5472</width>
		<height>3648</height>
		<depth>3</depth>
	</size>
	<object>
		<name>ref_spoon</name>
		<bndbox>
			<xmin>1333</xmin>
			<ymin>2671</ymin>
			<xmax>2167</xmax>
			<ymax>3124</ymax>
		</bndbox>
	</object>
	<object>
		<name>ref_fork</name>
		<bndbox>
			<xmin>1575</xmin>
			<ymin>2308</ymin>
			<xmax>2449</xmax>
			<ymax>2680</ymax>
		</bndbox>
	</object>
	<object>
		<name>ref_coin</name>
		<bndbox>
			<xmin>3838</xmin>
			<ymin>1864</ymin>
			<xmax>4197</xmax>
			<ymax>2142</ymax>
		</bndbox>
	</object>
	<object>
		<name>dish</name>
		<bndbox>
			<xmin>1253</xmin>
			<ymin>417</ymin>
			<xmax>4394</xmax>
			<ymax>1775</ymax>
		</bndbox>
	</object>
	<object>
		<name>돼지갈비</name>
		<bndbox>
			<xmin>1634</xmin>
			<ymin>488</ymin>
			<xmax>4063</xmax>
			<ymax>1604</ymax>
		</bndbox>
	</object>
</annotation>