<annotation>
	<folder>side어육류면적접시돼지갈비q5</folder>
	<filename>side_어육류면적_접시_돼지갈비_Q5_00046.JPG</filename>
	<path>/side어육류면적접시돼지갈비q5/side_어육류면적_접시_돼지갈비_Q5_00046.JPG</path>
	<source>
		<database>fooddata</database>
	</source>
	<size>
		<width>5472</width>
		<height>3648</height>
		<depth>3</depth>
	</size>
	<object>
		<name>ref_spoon</name>
		<bndbox>
			<xmin>1217</xmin>
			<ymin>2662</ymin>
			<xmax>2037</xmax>
			<ymax>3115</ymax>
		</bndbox>
	</object>
	<object>
		<name>ref_fork</name>
		<bndbox>
			<xmin>1450</xmin>
			<ymin>2295</ymin>
			<xmax>2324</xmax>
			<ymax>2671</ymax>
		</bndbox>
	</object>
	<object>
		<name>ref_coin</name>
		<bndbox>
			<xmin>2046</xmin>
			<ymin>403</ymin>
			<xmax>2373</xmax>
			<ymax>632</ymax>
		</bndbox>
	</object>
	<object>
		<name>dish</name>
		<bndbox>
			<xmin>1163</xmin>
			<ymin>695</ymin>
			<xmax>4394</xmax>
			<ymax>2106</ymax>
		</bndbox>
	</object>
	<object>
		<name>돼지갈비</name>
		<bndbox>
			<xmin>1544</xmin>
			<ymin>798</ymin>
			<xmax>4018</xmax>
			<ymax>1981</ymax>
		</bndbox>
	</object>
</annotation>