<annotation>
	<folder>side어육류면적접시돼지갈비q5</folder>
	<filename>side_어육류면적_접시_돼지갈비_Q5_00029.JPG</filename>
	<path>/side어육류면적접시돼지갈비q5/side_어육류면적_접시_돼지갈비_Q5_00029.JPG</path>
	<source>
		<database>fooddata</database>
	</source>
	<size>
		<width>5472</width>
		<height>3648</height>
		<depth>3</depth>
	</size>
	<object>
		<name>ref_spoon</name>
		<bndbox>
			<xmin>890</xmin>
			<ymin>726</ymin>
			<xmax>1387</xmax>
			<ymax>1430</ymax>
		</bndbox>
	</object>
	<object>
		<name>ref_fork</name>
		<bndbox>
			<xmin>1553</xmin>
			<ymin>753</ymin>
			<xmax>1885</xmax>
			<ymax>1524</ymax>
		</bndbox>
	</object>
	<object>
		<name>ref_coin</name>
		<bndbox>
			<xmin>4210</xmin>
			<ymin>775</ymin>
			<xmax>4569</xmax>
			<ymax>1040</ymax>
		</bndbox>
	</object>
	<object>
		<name>dish</name>
		<bndbox>
			<xmin>2230</xmin>
			<ymin>524</ymin>
			<xmax>4372</xmax>
			<ymax>3151</ymax>
		</bndbox>
	</object>
	<object>
		<name>돼지갈비</name>
		<bndbox>
			<xmin>2377</xmin>
			<ymin>793</ymin>
			<xmax>4139</xmax>
			<ymax>2931</ymax>
		</bndbox>
	</object>
</annotation>