<annotation>
	<folder>side어육류면적접시돼지갈비q5</folder>
	<filename>side_어육류면적_접시_돼지갈비_Q5_00016.JPG</filename>
	<path>/side어육류면적접시돼지갈비q5/side_어육류면적_접시_돼지갈비_Q5_00016.JPG</path>
	<source>
		<database>fooddata</database>
	</source>
	<size>
		<width>5472</width>
		<height>3648</height>
		<depth>3</depth>
	</size>
	<object>
		<name>ref_spoon</name>
		<bndbox>
			<xmin>4125</xmin>
			<ymin>932</ymin>
			<xmax>4641</xmax>
			<ymax>1667</ymax>
		</bndbox>
	</object>
	<object>
		<name>ref_fork</name>
		<bndbox>
			<xmin>4793</xmin>
			<ymin>1138</ymin>
			<xmax>5161</xmax>
			<ymax>1967</ymax>
		</bndbox>
	</object>
	<object>
		<name>ref_coin</name>
		<bndbox>
			<xmin>3475</xmin>
			<ymin>2053</ymin>
			<xmax>3865</xmax>
			<ymax>2362</ymax>
		</bndbox>
	</object>
	<object>
		<name>dish</name>
		<bndbox>
			<xmin>661</xmin>
			<ymin>381</ymin>
			<xmax>3458</xmax>
			<ymax>2823</ymax>
		</bndbox>
	</object>
	<object>
		<name>돼지갈비</name>
		<bndbox>
			<xmin>791</xmin>
			<ymin>542</ymin>
			<xmax>3211</xmax>
			<ymax>2667</ymax>
		</bndbox>
	</object>
</annotation>