<annotation>
	<folder>side어육류면적접시돼지갈비q5</folder>
	<filename>side_어육류면적_접시_돼지갈비_Q5_00030.JPG</filename>
	<path>/side어육류면적접시돼지갈비q5/side_어육류면적_접시_돼지갈비_Q5_00030.JPG</path>
	<source>
		<database>fooddata</database>
	</source>
	<size>
		<width>5472</width>
		<height>3648</height>
		<depth>3</depth>
	</size>
	<object>
		<name>ref_spoon</name>
		<bndbox>
			<xmin>916</xmin>
			<ymin>677</ymin>
			<xmax>1405</xmax>
			<ymax>1367</ymax>
		</bndbox>
	</object>
	<object>
		<name>ref_fork</name>
		<bndbox>
			<xmin>1575</xmin>
			<ymin>708</ymin>
			<xmax>1902</xmax>
			<ymax>1470</ymax>
		</bndbox>
	</object>
	<object>
		<name>ref_coin</name>
		<bndbox>
			<xmin>4439</xmin>
			<ymin>869</ymin>
			<xmax>4815</xmax>
			<ymax>1129</ymax>
		</bndbox>
	</object>
	<object>
		<name>dish</name>
		<bndbox>
			<xmin>1880</xmin>
			<ymin>480</ymin>
			<xmax>4224</xmax>
			<ymax>2944</ymax>
		</bndbox>
	</object>
	<object>
		<name>돼지갈비</name>
		<bndbox>
			<xmin>1970</xmin>
			<ymin>627</ymin>
			<xmax>4112</xmax>
			<ymax>2770</ymax>
		</bndbox>
	</object>
</annotation>