<annotation>
	<folder>side어육류면적접시돼지갈비q5</folder>
	<filename>side_어육류면적_접시_돼지갈비_Q5_00011.JPG</filename>
	<path>/side어육류면적접시돼지갈비q5/side_어육류면적_접시_돼지갈비_Q5_00011.JPG</path>
	<source>
		<database>fooddata</database>
	</source>
	<size>
		<width>5472</width>
		<height>3648</height>
		<depth>3</depth>
	</size>
	<object>
		<name>ref_spoon</name>
		<bndbox>
			<xmin>4376</xmin>
			<ymin>1035</ymin>
			<xmax>4901</xmax>
			<ymax>1766</ymax>
		</bndbox>
	</object>
	<object>
		<name>ref_fork</name>
		<bndbox>
			<xmin>5044</xmin>
			<ymin>1241</ymin>
			<xmax>5407</xmax>
			<ymax>2079</ymax>
		</bndbox>
	</object>
	<object>
		<name>ref_coin</name>
		<bndbox>
			<xmin>3404</xmin>
			<ymin>1246</ymin>
			<xmax>3771</xmax>
			<ymax>1528</ymax>
		</bndbox>
	</object>
	<object>
		<name>dish</name>
		<bndbox>
			<xmin>545</xmin>
			<ymin>1215</ymin>
			<xmax>4184</xmax>
			<ymax>3133</ymax>
		</bndbox>
	</object>
	<object>
		<name>돼지갈비</name>
		<bndbox>
			<xmin>764</xmin>
			<ymin>1452</ymin>
			<xmax>3812</xmax>
			<ymax>3034</ymax>
		</bndbox>
	</object>
</annotation>