<annotation>
	<folder>side어육류면적접시돼지갈비q5</folder>
	<filename>side_어육류면적_접시_돼지갈비_Q5_00013.JPG</filename>
	<path>/side어육류면적접시돼지갈비q5/side_어육류면적_접시_돼지갈비_Q5_00013.JPG</path>
	<source>
		<database>fooddata</database>
	</source>
	<size>
		<width>5472</width>
		<height>3648</height>
		<depth>3</depth>
	</size>
	<object>
		<name>ref_spoon</name>
		<bndbox>
			<xmin>3883</xmin>
			<ymin>990</ymin>
			<xmax>4399</xmax>
			<ymax>1712</ymax>
		</bndbox>
	</object>
	<object>
		<name>ref_fork</name>
		<bndbox>
			<xmin>4560</xmin>
			<ymin>1174</ymin>
			<xmax>4919</xmax>
			<ymax>2026</ymax>
		</bndbox>
	</object>
	<object>
		<name>ref_coin</name>
		<bndbox>
			<xmin>4300</xmin>
			<ymin>748</ymin>
			<xmax>4672</xmax>
			<ymax>1013</ymax>
		</bndbox>
	</object>
	<object>
		<name>dish</name>
		<bndbox>
			<xmin>468</xmin>
			<ymin>820</ymin>
			<xmax>3368</xmax>
			<ymax>3249</ymax>
		</bndbox>
	</object>
	<object>
		<name>돼지갈비</name>
		<bndbox>
			<xmin>657</xmin>
			<ymin>1062</ymin>
			<xmax>3103</xmax>
			<ymax>3088</ymax>
		</bndbox>
	</object>
</annotation>