<annotation>
	<folder>my-project-name</folder>
	<filename>top_어육류면적_접시_돼지갈비_Q5_00039.JPG</filename>
	<path>/top어육류면적접시돼지갈비q5/top_어육류면적_접시_돼지갈비_Q5_00039.JPG</path>
	<source>
		<database>fooddata</database>
	</source>
	<size>
		<width>5472</width>
		<height>3648</height>
		<depth>3</depth>
	</size>
	<object>
		<name>ref_spoon</name>
		<bndbox>
			<xmin>1700</xmin>
			<ymin>2699</ymin>
			<xmax>2431</xmax>
			<ymax>3158</ymax>
		</bndbox>
	</object>
	<object>
		<name>ref_fork</name>
		<bndbox>
			<xmin>1902</xmin>
			<ymin>2295</ymin>
			<xmax>2678</xmax>
			<ymax>2583</ymax>
		</bndbox>
	</object>
	<object>
		<name>ref_coin</name>
		<bndbox>
			<xmin>4510</xmin>
			<ymin>1856</ymin>
			<xmax>4827</xmax>
			<ymax>2169</ymax>
		</bndbox>
	</object>
	<object>
		<name>dish</name>
		<bndbox>
			<xmin>1680</xmin>
			<ymin>197</ymin>
			<xmax>4661</xmax>
			<ymax>2194</ymax>
		</bndbox>
	</object>
	<object>
		<name>돼지갈비</name>
		<bndbox>
			<xmin>2103</xmin>
			<ymin>277</ymin>
			<xmax>4409</xmax>
			<ymax>1917</ymax>
		</bndbox>
	</object>
</annotation>