<annotation>
	<folder>my-project-name</folder>
	<filename>top_어육류면적_접시_돼지갈비_Q5_00053.JPG</filename>
	<path>/top어육류면적접시돼지갈비q5/top_어육류면적_접시_돼지갈비_Q5_00053.JPG</path>
	<source>
		<database>fooddata</database>
	</source>
	<size>
		<width>5472</width>
		<height>3648</height>
		<depth>3</depth>
	</size>
	<object>
		<name>ref_spoon</name>
		<bndbox>
			<xmin>1690</xmin>
			<ymin>2853</ymin>
			<xmax>2450</xmax>
			<ymax>3333</ymax>
		</bndbox>
	</object>
	<object>
		<name>ref_fork</name>
		<bndbox>
			<xmin>1880</xmin>
			<ymin>2398</ymin>
			<xmax>2654</xmax>
			<ymax>2706</ymax>
		</bndbox>
	</object>
	<object>
		<name>ref_coin</name>
		<bndbox>
			<xmin>1173</xmin>
			<ymin>181</ymin>
			<xmax>1476</xmax>
			<ymax>480</ymax>
		</bndbox>
	</object>
	<object>
		<name>dish</name>
		<bndbox>
			<xmin>1459</xmin>
			<ymin>300</ymin>
			<xmax>4670</xmax>
			<ymax>2196</ymax>
		</bndbox>
	</object>
	<object>
		<name>돼지갈비</name>
		<bndbox>
			<xmin>1983</xmin>
			<ymin>480</ymin>
			<xmax>4116</xmax>
			<ymax>1984</ymax>
		</bndbox>
	</object>
</annotation>