<annotation>
	<folder>my-project-name</folder>
	<filename>top_어육류면적_접시_돼지갈비_Q5_00061.JPG</filename>
	<path>/top어육류면적접시돼지갈비q5/top_어육류면적_접시_돼지갈비_Q5_00061.JPG</path>
	<source>
		<database>fooddata</database>
	</source>
	<size>
		<width>5472</width>
		<height>3648</height>
		<depth>3</depth>
	</size>
	<object>
		<name>ref_spoon</name>
		<bndbox>
			<xmin>1491</xmin>
			<ymin>2725</ymin>
			<xmax>2203</xmax>
			<ymax>3181</ymax>
		</bndbox>
	</object>
	<object>
		<name>ref_fork</name>
		<bndbox>
			<xmin>1652</xmin>
			<ymin>2293</ymin>
			<xmax>2383</xmax>
			<ymax>2583</ymax>
		</bndbox>
	</object>
	<object>
		<name>ref_coin</name>
		<bndbox>
			<xmin>4189</xmin>
			<ymin>1302</ymin>
			<xmax>4476</xmax>
			<ymax>1596</ymax>
		</bndbox>
	</object>
	<object>
		<name>dish</name>
		<bndbox>
			<xmin>1220</xmin>
			<ymin>309</ymin>
			<xmax>4221</xmax>
			<ymax>2056</ymax>
		</bndbox>
	</object>
	<object>
		<name>돼지갈비</name>
		<bndbox>
			<xmin>1742</xmin>
			<ymin>418</ymin>
			<xmax>4088</xmax>
			<ymax>1890</ymax>
		</bndbox>
	</object>
</annotation>