<annotation>
	<folder>my-project-name</folder>
	<filename>top_어육류면적_접시_돼지갈비_Q5_00002.JPG</filename>
	<path>/top어육류면적접시돼지갈비q5/top_어육류면적_접시_돼지갈비_Q5_00002.JPG</path>
	<source>
		<database>fooddata</database>
	</source>
	<size>
		<width>5472</width>
		<height>3648</height>
		<depth>3</depth>
	</size>
	<object>
		<name>ref_spoon</name>
		<bndbox>
			<xmin>3991</xmin>
			<ymin>350</ymin>
			<xmax>4457</xmax>
			<ymax>1085</ymax>
		</bndbox>
	</object>
	<object>
		<name>ref_fork</name>
		<bndbox>
			<xmin>4618</xmin>
			<ymin>507</ymin>
			<xmax>4941</xmax>
			<ymax>1314</ymax>
		</bndbox>
	</object>
	<object>
		<name>ref_coin</name>
		<bndbox>
			<xmin>2771</xmin>
			<ymin>2928</ymin>
			<xmax>3098</xmax>
			<ymax>3269</ymax>
		</bndbox>
	</object>
	<object>
		<name>dish</name>
		<bndbox>
			<xmin>570</xmin>
			<ymin>398</ymin>
			<xmax>3799</xmax>
			<ymax>2787</ymax>
		</bndbox>
	</object>
	<object>
		<name>돼지갈비</name>
		<bndbox>
			<xmin>1012</xmin>
			<ymin>533</ymin>
			<xmax>3336</xmax>
			<ymax>2610</ymax>
		</bndbox>
	</object>
</annotation>