<annotation>
	<folder>my-project-name</folder>
	<filename>top_어육류면적_접시_돼지갈비_Q5_00015.JPG</filename>
	<path>/top어육류면적접시돼지갈비q5/top_어육류면적_접시_돼지갈비_Q5_00015.JPG</path>
	<source>
		<database>fooddata</database>
	</source>
	<size>
		<width>5472</width>
		<height>3648</height>
		<depth>3</depth>
	</size>
	<object>
		<name>ref_spoon</name>
		<bndbox>
			<xmin>3816</xmin>
			<ymin>628</ymin>
			<xmax>4242</xmax>
			<ymax>1305</ymax>
		</bndbox>
	</object>
	<object>
		<name>ref_fork</name>
		<bndbox>
			<xmin>4363</xmin>
			<ymin>847</ymin>
			<xmax>4699</xmax>
			<ymax>1574</ymax>
		</bndbox>
	</object>
	<object>
		<name>ref_coin</name>
		<bndbox>
			<xmin>2798</xmin>
			<ymin>2430</ymin>
			<xmax>3103</xmax>
			<ymax>2744</ymax>
		</bndbox>
	</object>
	<object>
		<name>dish</name>
		<bndbox>
			<xmin>656</xmin>
			<ymin>301</ymin>
			<xmax>3223</xmax>
			<ymax>3013</ymax>
		</bndbox>
	</object>
	<object>
		<name>돼지갈비</name>
		<bndbox>
			<xmin>861</xmin>
			<ymin>624</ymin>
			<xmax>3040</xmax>
			<ymax>2644</ymax>
		</bndbox>
	</object>
</annotation>