<annotation>
	<folder>my-project-name</folder>
	<filename>top_어육류면적_접시_돼지갈비_Q5_00008.JPG</filename>
	<path>/top어육류면적접시돼지갈비q5/top_어육류면적_접시_돼지갈비_Q5_00008.JPG</path>
	<source>
		<database>fooddata</database>
	</source>
	<size>
		<width>5472</width>
		<height>3648</height>
		<depth>3</depth>
	</size>
	<object>
		<name>ref_spoon</name>
		<bndbox>
			<xmin>3894</xmin>
			<ymin>696</ymin>
			<xmax>4313</xmax>
			<ymax>1352</ymax>
		</bndbox>
	</object>
	<object>
		<name>ref_fork</name>
		<bndbox>
			<xmin>4449</xmin>
			<ymin>888</ymin>
			<xmax>4762</xmax>
			<ymax>1594</ymax>
		</bndbox>
	</object>
	<object>
		<name>ref_coin</name>
		<bndbox>
			<xmin>1357</xmin>
			<ymin>731</ymin>
			<xmax>1655</xmax>
			<ymax>1029</ymax>
		</bndbox>
	</object>
	<object>
		<name>dish</name>
		<bndbox>
			<xmin>1388</xmin>
			<ymin>495</ymin>
			<xmax>3799</xmax>
			<ymax>3180</ymax>
		</bndbox>
	</object>
	<object>
		<name>돼지갈비</name>
		<bndbox>
			<xmin>1570</xmin>
			<ymin>833</ymin>
			<xmax>3659</xmax>
			<ymax>2846</ymax>
		</bndbox>
	</object>
</annotation>