<annotation>
	<folder>my-project-name</folder>
	<filename>top_어육류면적_접시_돼지갈비_Q5_00023.JPG</filename>
	<path>/top어육류면적접시돼지갈비q5/top_어육류면적_접시_돼지갈비_Q5_00023.JPG</path>
	<source>
		<database>fooddata</database>
	</source>
	<size>
		<width>5472</width>
		<height>3648</height>
		<depth>3</depth>
	</size>
	<object>
		<name>ref_spoon</name>
		<bndbox>
			<xmin>940</xmin>
			<ymin>774</ymin>
			<xmax>1372</xmax>
			<ymax>1462</ymax>
		</bndbox>
	</object>
	<object>
		<name>ref_fork</name>
		<bndbox>
			<xmin>1581</xmin>
			<ymin>760</ymin>
			<xmax>1861</xmax>
			<ymax>1500</ymax>
		</bndbox>
	</object>
	<object>
		<name>ref_coin</name>
		<bndbox>
			<xmin>3252</xmin>
			<ymin>3143</ymin>
			<xmax>3570</xmax>
			<ymax>3475</ymax>
		</bndbox>
	</object>
	<object>
		<name>dish</name>
		<bndbox>
			<xmin>2589</xmin>
			<ymin>186</ymin>
			<xmax>4693</xmax>
			<ymax>3117</ymax>
		</bndbox>
	</object>
	<object>
		<name>돼지갈비</name>
		<bndbox>
			<xmin>2800</xmin>
			<ymin>499</ymin>
			<xmax>4575</xmax>
			<ymax>2754</ymax>
		</bndbox>
	</object>
</annotation>