<annotation>
	<folder>my-project-name</folder>
	<filename>top_어육류면적_접시_돼지갈비_Q5_00022.JPG</filename>
	<path>/top어육류면적접시돼지갈비q5/top_어육류면적_접시_돼지갈비_Q5_00022.JPG</path>
	<source>
		<database>fooddata</database>
	</source>
	<size>
		<width>5472</width>
		<height>3648</height>
		<depth>3</depth>
	</size>
	<object>
		<name>ref_spoon</name>
		<bndbox>
			<xmin>794</xmin>
			<ymin>794</ymin>
			<xmax>1264</xmax>
			<ymax>1529</ymax>
		</bndbox>
	</object>
	<object>
		<name>ref_fork</name>
		<bndbox>
			<xmin>1502</xmin>
			<ymin>780</ymin>
			<xmax>1807</xmax>
			<ymax>1587</ymax>
		</bndbox>
	</object>
	<object>
		<name>ref_coin</name>
		<bndbox>
			<xmin>2914</xmin>
			<ymin>3036</ymin>
			<xmax>3260</xmax>
			<ymax>3394</ymax>
		</bndbox>
	</object>
	<object>
		<name>dish</name>
		<bndbox>
			<xmin>2390</xmin>
			<ymin>217</ymin>
			<xmax>4948</xmax>
			<ymax>3266</ymax>
		</bndbox>
	</object>
	<object>
		<name>돼지갈비</name>
		<bndbox>
			<xmin>2650</xmin>
			<ymin>498</ymin>
			<xmax>4771</xmax>
			<ymax>2806</ymax>
		</bndbox>
	</object>
</annotation>