<annotation>
	<folder>my-project-name</folder>
	<filename>top_어육류면적_접시_돼지갈비_Q5_00028.JPG</filename>
	<path>/top어육류면적접시돼지갈비q5/top_어육류면적_접시_돼지갈비_Q5_00028.JPG</path>
	<source>
		<database>fooddata</database>
	</source>
	<size>
		<width>5472</width>
		<height>3648</height>
		<depth>3</depth>
	</size>
	<object>
		<name>ref_spoon</name>
		<bndbox>
			<xmin>595</xmin>
			<ymin>812</ymin>
			<xmax>1044</xmax>
			<ymax>1523</ymax>
		</bndbox>
	</object>
	<object>
		<name>ref_fork</name>
		<bndbox>
			<xmin>1246</xmin>
			<ymin>832</ymin>
			<xmax>1549</xmax>
			<ymax>1614</ymax>
		</bndbox>
	</object>
	<object>
		<name>ref_coin</name>
		<bndbox>
			<xmin>4807</xmin>
			<ymin>1876</ymin>
			<xmax>5140</xmax>
			<ymax>2204</ymax>
		</bndbox>
	</object>
	<object>
		<name>dish</name>
		<bndbox>
			<xmin>1508</xmin>
			<ymin>837</ymin>
			<xmax>4827</xmax>
			<ymax>2805</ymax>
		</bndbox>
	</object>
	<object>
		<name>돼지갈비</name>
		<bndbox>
			<xmin>1821</xmin>
			<ymin>1110</ymin>
			<xmax>4404</xmax>
			<ymax>2638</ymax>
		</bndbox>
	</object>
</annotation>