<annotation>
	<folder>my-project-name</folder>
	<filename>top_어육류면적_접시_돼지갈비_Q5_00030.JPG</filename>
	<path>/top어육류면적접시돼지갈비q5/top_어육류면적_접시_돼지갈비_Q5_00030.JPG</path>
	<source>
		<database>fooddata</database>
	</source>
	<size>
		<width>5472</width>
		<height>3648</height>
		<depth>3</depth>
	</size>
	<object>
		<name>ref_spoon</name>
		<bndbox>
			<xmin>764</xmin>
			<ymin>622</ymin>
			<xmax>1225</xmax>
			<ymax>1363</ymax>
		</bndbox>
	</object>
	<object>
		<name>ref_fork</name>
		<bndbox>
			<xmin>1434</xmin>
			<ymin>617</ymin>
			<xmax>1747</xmax>
			<ymax>1415</ymax>
		</bndbox>
	</object>
	<object>
		<name>ref_coin</name>
		<bndbox>
			<xmin>4016</xmin>
			<ymin>337</ymin>
			<xmax>4344</xmax>
			<ymax>655</ymax>
		</bndbox>
	</object>
	<object>
		<name>dish</name>
		<bndbox>
			<xmin>1856</xmin>
			<ymin>619</ymin>
			<xmax>4902</xmax>
			<ymax>3228</ymax>
		</bndbox>
	</object>
	<object>
		<name>돼지갈비</name>
		<bndbox>
			<xmin>2098</xmin>
			<ymin>866</ymin>
			<xmax>4520</xmax>
			<ymax>3072</ymax>
		</bndbox>
	</object>
</annotation>