<annotation>
	<folder>my-project-name</folder>
	<filename>top_어육류면적_접시_돼지갈비_Q5_00012.JPG</filename>
	<path>/top어육류면적접시돼지갈비q5/top_어육류면적_접시_돼지갈비_Q5_00012.JPG</path>
	<source>
		<database>fooddata</database>
	</source>
	<size>
		<width>5472</width>
		<height>3648</height>
		<depth>3</depth>
	</size>
	<object>
		<name>ref_spoon</name>
		<bndbox>
			<xmin>3859</xmin>
			<ymin>610</ymin>
			<xmax>4278</xmax>
			<ymax>1271</ymax>
		</bndbox>
	</object>
	<object>
		<name>ref_fork</name>
		<bndbox>
			<xmin>4409</xmin>
			<ymin>817</ymin>
			<xmax>4732</xmax>
			<ymax>1538</ymax>
		</bndbox>
	</object>
	<object>
		<name>ref_coin</name>
		<bndbox>
			<xmin>3556</xmin>
			<ymin>1125</ymin>
			<xmax>3854</xmax>
			<ymax>1422</ymax>
		</bndbox>
	</object>
	<object>
		<name>dish</name>
		<bndbox>
			<xmin>1167</xmin>
			<ymin>323</ymin>
			<xmax>3390</xmax>
			<ymax>3228</ymax>
		</bndbox>
	</object>
	<object>
		<name>돼지갈비</name>
		<bndbox>
			<xmin>1322</xmin>
			<ymin>664</ymin>
			<xmax>3161</xmax>
			<ymax>2955</ymax>
		</bndbox>
	</object>
</annotation>