<annotation>
	<folder>side생선조림사각배달꽁치조림q5</folder>
	<filename>side_생선조림_사각배달_꽁치조림_Q5_00018.JPG</filename>
	<path>/side생선조림사각배달꽁치조림q5/side_생선조림_사각배달_꽁치조림_Q5_00018.JPG</path>
	<source>
		<database>fooddata</database>
	</source>
	<size>
		<width>3008</width>
		<height>2000</height>
		<depth>3</depth>
	</size>
	<object>
		<name>ref_spoon</name>
		<bndbox>
			<xmin>622</xmin>
			<ymin>1629</ymin>
			<xmax>1088</xmax>
			<ymax>1872</ymax>
		</bndbox>
	</object>
	<object>
		<name>ref_fork</name>
		<bndbox>
			<xmin>701</xmin>
			<ymin>1375</ymin>
			<xmax>1171</xmax>
			<ymax>1630</ymax>
		</bndbox>
	</object>
	<object>
		<name>ref_coin</name>
		<bndbox>
			<xmin>416</xmin>
			<ymin>933</ymin>
			<xmax>622</xmax>
			<ymax>1071</ymax>
		</bndbox>
	</object>
	<object>
		<name>dish</name>
		<bndbox>
			<xmin>838</xmin>
			<ymin>263</ymin>
			<xmax>2131</xmax>
			<ymax>1370</ymax>
		</bndbox>
	</object>
	<object>
		<name>꽁치조림</name>
		<bndbox>
			<xmin>1151</xmin>
			<ymin>571</ymin>
			<xmax>1906</xmax>
			<ymax>1086</ymax>
		</bndbox>
	</object>
</annotation>