<annotation>
	<folder>side생선조림사각배달꽁치조림q5</folder>
	<filename>side_생선조림_사각배달_꽁치조림_Q5_00005.JPG</filename>
	<path>/side생선조림사각배달꽁치조림q5/side_생선조림_사각배달_꽁치조림_Q5_00005.JPG</path>
	<source>
		<database>fooddata</database>
	</source>
	<size>
		<width>3008</width>
		<height>2000</height>
		<depth>3</depth>
	</size>
	<object>
		<name>ref_spoon</name>
		<bndbox>
			<xmin>2039</xmin>
			<ymin>468</ymin>
			<xmax>2317</xmax>
			<ymax>811</ymax>
		</bndbox>
	</object>
	<object>
		<name>ref_fork</name>
		<bndbox>
			<xmin>2438</xmin>
			<ymin>492</ymin>
			<xmax>2634</xmax>
			<ymax>854</ymax>
		</bndbox>
	</object>
	<object>
		<name>ref_coin</name>
		<bndbox>
			<xmin>922</xmin>
			<ymin>1560</ymin>
			<xmax>1151</xmax>
			<ymax>1723</ymax>
		</bndbox>
	</object>
	<object>
		<name>dish</name>
		<bndbox>
			<xmin>367</xmin>
			<ymin>415</ymin>
			<xmax>1908</xmax>
			<ymax>1295</ymax>
		</bndbox>
	</object>
	<object>
		<name>꽁치조림</name>
		<bndbox>
			<xmin>686</xmin>
			<ymin>694</ymin>
			<xmax>1646</xmax>
			<ymax>1027</ymax>
		</bndbox>
	</object>
</annotation>