<annotation>
	<folder>side생선조림사각배달꽁치조림q5</folder>
	<filename>side_생선조림_사각배달_꽁치조림_Q5_00016.JPG</filename>
	<path>/side생선조림사각배달꽁치조림q5/side_생선조림_사각배달_꽁치조림_Q5_00016.JPG</path>
	<source>
		<database>fooddata</database>
	</source>
	<size>
		<width>3008</width>
		<height>2000</height>
		<depth>3</depth>
	</size>
	<object>
		<name>ref_spoon</name>
		<bndbox>
			<xmin>2046</xmin>
			<ymin>375</ymin>
			<xmax>2332</xmax>
			<ymax>713</ymax>
		</bndbox>
	</object>
	<object>
		<name>ref_fork</name>
		<bndbox>
			<xmin>2459</xmin>
			<ymin>375</ymin>
			<xmax>2655</xmax>
			<ymax>743</ymax>
		</bndbox>
	</object>
	<object>
		<name>ref_coin</name>
		<bndbox>
			<xmin>1662</xmin>
			<ymin>455</ymin>
			<xmax>1865</xmax>
			<ymax>579</ymax>
		</bndbox>
	</object>
	<object>
		<name>dish</name>
		<bndbox>
			<xmin>377</xmin>
			<ymin>346</ymin>
			<xmax>1632</xmax>
			<ymax>1546</ymax>
		</bndbox>
	</object>
	<object>
		<name>꽁치조림</name>
		<bndbox>
			<xmin>603</xmin>
			<ymin>709</ymin>
			<xmax>1481</xmax>
			<ymax>1243</ymax>
		</bndbox>
	</object>
</annotation>