<annotation>
	<folder>side생선조림사각배달꽁치조림q5</folder>
	<filename>side_생선조림_사각배달_꽁치조림_Q5_00042.JPG</filename>
	<path>/side생선조림사각배달꽁치조림q5/side_생선조림_사각배달_꽁치조림_Q5_00042.JPG</path>
	<source>
		<database>fooddata</database>
	</source>
	<size>
		<width>3008</width>
		<height>2000</height>
		<depth>3</depth>
	</size>
	<object>
		<name>ref_spoon</name>
		<bndbox>
			<xmin>309</xmin>
			<ymin>455</ymin>
			<xmax>583</xmax>
			<ymax>782</ymax>
		</bndbox>
	</object>
	<object>
		<name>ref_fork</name>
		<bndbox>
			<xmin>648</xmin>
			<ymin>492</ymin>
			<xmax>843</xmax>
			<ymax>855</ymax>
		</bndbox>
	</object>
	<object>
		<name>ref_coin</name>
		<bndbox>
			<xmin>2432</xmin>
			<ymin>733</ymin>
			<xmax>2637</xmax>
			<ymax>870</ymax>
		</bndbox>
	</object>
	<object>
		<name>dish</name>
		<bndbox>
			<xmin>1017</xmin>
			<ymin>293</ymin>
			<xmax>2140</xmax>
			<ymax>1429</ymax>
		</bndbox>
	</object>
	<object>
		<name>꽁치조림</name>
		<bndbox>
			<xmin>1181</xmin>
			<ymin>673</ymin>
			<xmax>1926</xmax>
			<ymax>1135</ymax>
		</bndbox>
	</object>
</annotation>