<annotation>
	<folder>side생선조림사각배달꽁치조림q5</folder>
	<filename>side_생선조림_사각배달_꽁치조림_Q5_00043.JPG</filename>
	<path>/side생선조림사각배달꽁치조림q5/side_생선조림_사각배달_꽁치조림_Q5_00043.JPG</path>
	<source>
		<database>fooddata</database>
	</source>
	<size>
		<width>3008</width>
		<height>2000</height>
		<depth>3</depth>
	</size>
	<object>
		<name>ref_spoon</name>
		<bndbox>
			<xmin>348</xmin>
			<ymin>394</ymin>
			<xmax>622</xmax>
			<ymax>718</ymax>
		</bndbox>
	</object>
	<object>
		<name>ref_fork</name>
		<bndbox>
			<xmin>696</xmin>
			<ymin>431</ymin>
			<xmax>882</xmax>
			<ymax>797</ymax>
		</bndbox>
	</object>
	<object>
		<name>ref_coin</name>
		<bndbox>
			<xmin>2441</xmin>
			<ymin>439</ymin>
			<xmax>2641</xmax>
			<ymax>566</ymax>
		</bndbox>
	</object>
	<object>
		<name>dish</name>
		<bndbox>
			<xmin>1049</xmin>
			<ymin>235</ymin>
			<xmax>2176</xmax>
			<ymax>1370</ymax>
		</bndbox>
	</object>
	<object>
		<name>꽁치조림</name>
		<bndbox>
			<xmin>1235</xmin>
			<ymin>611</ymin>
			<xmax>1969</xmax>
			<ymax>1076</ymax>
		</bndbox>
	</object>
</annotation>