<annotation>
	<folder>side생선조림사각배달꽁치조림q5</folder>
	<filename>side_생선조림_사각배달_꽁치조림_Q5_00006.JPG</filename>
	<path>/side생선조림사각배달꽁치조림q5/side_생선조림_사각배달_꽁치조림_Q5_00006.JPG</path>
	<source>
		<database>fooddata</database>
	</source>
	<size>
		<width>3008</width>
		<height>2000</height>
		<depth>3</depth>
	</size>
	<object>
		<name>ref_spoon</name>
		<bndbox>
			<xmin>2058</xmin>
			<ymin>449</ymin>
			<xmax>2337</xmax>
			<ymax>787</ymax>
		</bndbox>
	</object>
	<object>
		<name>ref_fork</name>
		<bndbox>
			<xmin>2459</xmin>
			<ymin>468</ymin>
			<xmax>2655</xmax>
			<ymax>836</ymax>
		</bndbox>
	</object>
	<object>
		<name>ref_coin</name>
		<bndbox>
			<xmin>1068</xmin>
			<ymin>1562</ymin>
			<xmax>1308</xmax>
			<ymax>1728</ymax>
		</bndbox>
	</object>
	<object>
		<name>dish</name>
		<bndbox>
			<xmin>274</xmin>
			<ymin>349</ymin>
			<xmax>1881</xmax>
			<ymax>1359</ymax>
		</bndbox>
	</object>
	<object>
		<name>꽁치조림</name>
		<bndbox>
			<xmin>710</xmin>
			<ymin>645</ymin>
			<xmax>1636</xmax>
			<ymax>1071</ymax>
		</bndbox>
	</object>
</annotation>