<annotation>
	<folder>side생선조림사각배달꽁치조림q5</folder>
	<filename>side_생선조림_사각배달_꽁치조림_Q5_00039.JPG</filename>
	<path>/side생선조림사각배달꽁치조림q5/side_생선조림_사각배달_꽁치조림_Q5_00039.JPG</path>
	<source>
		<database>fooddata</database>
	</source>
	<size>
		<width>3008</width>
		<height>2000</height>
		<depth>3</depth>
	</size>
	<object>
		<name>ref_spoon</name>
		<bndbox>
			<xmin>290</xmin>
			<ymin>582</ymin>
			<xmax>563</xmax>
			<ymax>914</ymax>
		</bndbox>
	</object>
	<object>
		<name>ref_fork</name>
		<bndbox>
			<xmin>632</xmin>
			<ymin>630</ymin>
			<xmax>817</xmax>
			<ymax>993</ymax>
		</bndbox>
	</object>
	<object>
		<name>ref_coin</name>
		<bndbox>
			<xmin>2592</xmin>
			<ymin>1541</ymin>
			<xmax>2817</xmax>
			<ymax>1698</ymax>
		</bndbox>
	</object>
	<object>
		<name>dish</name>
		<bndbox>
			<xmin>995</xmin>
			<ymin>492</ymin>
			<xmax>2528</xmax>
			<ymax>1385</ymax>
		</bndbox>
	</object>
	<object>
		<name>꽁치조림</name>
		<bndbox>
			<xmin>1151</xmin>
			<ymin>816</ymin>
			<xmax>2342</xmax>
			<ymax>1100</ymax>
		</bndbox>
	</object>
</annotation>