<annotation>
	<folder>top생선조림사각배달꽁치조림q5</folder>
	<filename>top_생선조림_사각배달_꽁치조림_Q5_00001.JPG</filename>
	<path>/top생선조림사각배달꽁치조림q5/top_생선조림_사각배달_꽁치조림_Q5_00001.JPG</path>
	<source>
		<database>fooddata</database>
	</source>
	<size>
		<width>3008</width>
		<height>2000</height>
		<depth>3</depth>
	</size>
	<object>
		<name>ref_spoon</name>
		<bndbox>
			<xmin>1860</xmin>
			<ymin>134</ymin>
			<xmax>2132</xmax>
			<ymax>538</ymax>
		</bndbox>
	</object>
	<object>
		<name>ref_fork</name>
		<bndbox>
			<xmin>2249</xmin>
			<ymin>182</ymin>
			<xmax>2423</xmax>
			<ymax>628</ymax>
		</bndbox>
	</object>
	<object>
		<name>ref_coin</name>
		<bndbox>
			<xmin>1326</xmin>
			<ymin>1579</ymin>
			<xmax>1528</xmax>
			<ymax>1777</ymax>
		</bndbox>
	</object>
	<object>
		<name>dish</name>
		<bndbox>
			<xmin>459</xmin>
			<ymin>101</ymin>
			<xmax>1516</xmax>
			<ymax>1506</ymax>
		</bndbox>
	</object>
	<object>
		<name>꽁치조림</name>
		<bndbox>
			<xmin>678</xmin>
			<ymin>255</ymin>
			<xmax>1399</xmax>
			<ymax>1267</ymax>
		</bndbox>
	</object>
</annotation>