<annotation>
	<folder>top생선조림사각배달꽁치조림q5</folder>
	<filename>top_생선조림_사각배달_꽁치조림_Q5_00037.JPG</filename>
	<path>/top생선조림사각배달꽁치조림q5/top_생선조림_사각배달_꽁치조림_Q5_00037.JPG</path>
	<source>
		<database>fooddata</database>
	</source>
	<size>
		<width>3008</width>
		<height>2000</height>
		<depth>3</depth>
	</size>
	<object>
		<name>ref_spoon</name>
		<bndbox>
			<xmin>322</xmin>
			<ymin>182</ymin>
			<xmax>605</xmax>
			<ymax>595</ymax>
		</bndbox>
	</object>
	<object>
		<name>ref_fork</name>
		<bndbox>
			<xmin>702</xmin>
			<ymin>251</ymin>
			<xmax>889</xmax>
			<ymax>713</ymax>
		</bndbox>
	</object>
	<object>
		<name>ref_coin</name>
		<bndbox>
			<xmin>1383</xmin>
			<ymin>1510</ymin>
			<xmax>1585</xmax>
			<ymax>1717</ymax>
		</bndbox>
	</object>
	<object>
		<name>dish</name>
		<bndbox>
			<xmin>957</xmin>
			<ymin>328</ymin>
			<xmax>2427</xmax>
			<ymax>1417</ymax>
		</bndbox>
	</object>
	<object>
		<name>꽁치조림</name>
		<bndbox>
			<xmin>1265</xmin>
			<ymin>462</ymin>
			<xmax>2293</xmax>
			<ymax>1227</ymax>
		</bndbox>
	</object>
</annotation>