<annotation>
	<folder>top생선조림사각배달꽁치조림q5</folder>
	<filename>top_생선조림_사각배달_꽁치조림_Q5_00039.JPG</filename>
	<path>/top생선조림사각배달꽁치조림q5/top_생선조림_사각배달_꽁치조림_Q5_00039.JPG</path>
	<source>
		<database>fooddata</database>
	</source>
	<size>
		<width>3008</width>
		<height>2000</height>
		<depth>3</depth>
	</size>
	<object>
		<name>ref_spoon</name>
		<bndbox>
			<xmin>387</xmin>
			<ymin>202</ymin>
			<xmax>674</xmax>
			<ymax>611</ymax>
		</bndbox>
	</object>
	<object>
		<name>ref_fork</name>
		<bndbox>
			<xmin>771</xmin>
			<ymin>259</ymin>
			<xmax>957</xmax>
			<ymax>729</ymax>
		</bndbox>
	</object>
	<object>
		<name>ref_coin</name>
		<bndbox>
			<xmin>1812</xmin>
			<ymin>1563</ymin>
			<xmax>2022</xmax>
			<ymax>1769</ymax>
		</bndbox>
	</object>
	<object>
		<name>dish</name>
		<bndbox>
			<xmin>1014</xmin>
			<ymin>324</ymin>
			<xmax>2492</xmax>
			<ymax>1385</ymax>
		</bndbox>
	</object>
	<object>
		<name>꽁치조림</name>
		<bndbox>
			<xmin>1245</xmin>
			<ymin>470</ymin>
			<xmax>2346</xmax>
			<ymax>1215</ymax>
		</bndbox>
	</object>
</annotation>