<annotation>
	<folder>top생선조림사각배달꽁치조림q5</folder>
	<filename>top_생선조림_사각배달_꽁치조림_Q5_00019.JPG</filename>
	<path>/top생선조림사각배달꽁치조림q5/top_생선조림_사각배달_꽁치조림_Q5_00019.JPG</path>
	<source>
		<database>fooddata</database>
	</source>
	<size>
		<width>3008</width>
		<height>2000</height>
		<depth>3</depth>
	</size>
	<object>
		<name>ref_spoon</name>
		<bndbox>
			<xmin>702</xmin>
			<ymin>1575</ymin>
			<xmax>1071</xmax>
			<ymax>1838</ymax>
		</bndbox>
	</object>
	<object>
		<name>ref_fork</name>
		<bndbox>
			<xmin>731</xmin>
			<ymin>1332</ymin>
			<xmax>1144</xmax>
			<ymax>1514</ymax>
		</bndbox>
	</object>
	<object>
		<name>ref_coin</name>
		<bndbox>
			<xmin>342</xmin>
			<ymin>806</ymin>
			<xmax>528</xmax>
			<ymax>988</ymax>
		</bndbox>
	</object>
	<object>
		<name>dish</name>
		<bndbox>
			<xmin>710</xmin>
			<ymin>4</ymin>
			<xmax>2051</xmax>
			<ymax>1239</ymax>
		</bndbox>
	</object>
	<object>
		<name>꽁치조림</name>
		<bndbox>
			<xmin>1055</xmin>
			<ymin>215</ymin>
			<xmax>1917</xmax>
			<ymax>1085</ymax>
		</bndbox>
	</object>
</annotation>