<annotation>
	<folder>top생선조림사각배달꽁치조림q5</folder>
	<filename>top_생선조림_사각배달_꽁치조림_Q5_00023.JPG</filename>
	<path>/top생선조림사각배달꽁치조림q5/top_생선조림_사각배달_꽁치조림_Q5_00023.JPG</path>
	<source>
		<database>fooddata</database>
	</source>
	<size>
		<width>3008</width>
		<height>2000</height>
		<depth>3</depth>
	</size>
	<object>
		<name>ref_spoon</name>
		<bndbox>
			<xmin>654</xmin>
			<ymin>1644</ymin>
			<xmax>986</xmax>
			<ymax>1879</ymax>
		</bndbox>
	</object>
	<object>
		<name>ref_fork</name>
		<bndbox>
			<xmin>694</xmin>
			<ymin>1417</ymin>
			<xmax>1047</xmax>
			<ymax>1595</ymax>
		</bndbox>
	</object>
	<object>
		<name>ref_coin</name>
		<bndbox>
			<xmin>1342</xmin>
			<ymin>1243</ymin>
			<xmax>1508</xmax>
			<ymax>1409</ymax>
		</bndbox>
	</object>
	<object>
		<name>dish</name>
		<bndbox>
			<xmin>658</xmin>
			<ymin>113</ymin>
			<xmax>1820</xmax>
			<ymax>1235</ymax>
		</bndbox>
	</object>
	<object>
		<name>꽁치조림</name>
		<bndbox>
			<xmin>848</xmin>
			<ymin>429</ymin>
			<xmax>1674</xmax>
			<ymax>1166</ymax>
		</bndbox>
	</object>
</annotation>