<annotation>
	<folder>top생선조림사각배달꽁치조림q5</folder>
	<filename>top_생선조림_사각배달_꽁치조림_Q5_00038.JPG</filename>
	<path>/top생선조림사각배달꽁치조림q5/top_생선조림_사각배달_꽁치조림_Q5_00038.JPG</path>
	<source>
		<database>fooddata</database>
	</source>
	<size>
		<width>3008</width>
		<height>2000</height>
		<depth>3</depth>
	</size>
	<object>
		<name>ref_spoon</name>
		<bndbox>
			<xmin>399</xmin>
			<ymin>178</ymin>
			<xmax>674</xmax>
			<ymax>583</ymax>
		</bndbox>
	</object>
	<object>
		<name>ref_fork</name>
		<bndbox>
			<xmin>771</xmin>
			<ymin>247</ymin>
			<xmax>957</xmax>
			<ymax>696</ymax>
		</bndbox>
	</object>
	<object>
		<name>ref_coin</name>
		<bndbox>
			<xmin>1613</xmin>
			<ymin>1522</ymin>
			<xmax>1828</xmax>
			<ymax>1733</ymax>
		</bndbox>
	</object>
	<object>
		<name>dish</name>
		<bndbox>
			<xmin>1018</xmin>
			<ymin>304</ymin>
			<xmax>2492</xmax>
			<ymax>1368</ymax>
		</bndbox>
	</object>
	<object>
		<name>꽁치조림</name>
		<bndbox>
			<xmin>1229</xmin>
			<ymin>413</ymin>
			<xmax>2350</xmax>
			<ymax>1206</ymax>
		</bndbox>
	</object>
</annotation>