<annotation>
	<folder>side_기타튀김접시채소튀김q4</folder>
	<filename>side_기타튀김_접시_채소튀김_Q4_00052.JPG</filename>
	<path>/side기타튀김접시채소튀김q4/side_기타튀김_접시_채소튀김_Q4_00052.JPG</path>
	<source>
		<database>fooddata</database>
	</source>
	<size>
		<width>720</width>
		<height>480</height>
		<depth>3</depth>
	</size>
	<object>
		<name>ref_spoon</name>
		<bndbox>
			<xmin>124</xmin>
			<ymin>150</ymin>
			<xmax>196</xmax>
			<ymax>265</ymax>
		</bndbox>
	</object>
	<object>
		<name>ref_fork</name>
		<bndbox>
			<xmin>229</xmin>
			<ymin>145</ymin>
			<xmax>277</xmax>
			<ymax>277</ymax>
		</bndbox>
	</object>
	<object>
		<name>ref_coin</name>
		<bndbox>
			<xmin>216</xmin>
			<ymin>101</ymin>
			<xmax>267</xmax>
			<ymax>138</ymax>
		</bndbox>
	</object>
	<object>
		<name>dish</name>
		<bndbox>
			<xmin>333</xmin>
			<ymin>135</ymin>
			<xmax>624</xmax>
			<ymax>344</ymax>
		</bndbox>
	</object>
	<object>
		<name>채소튀김</name>
		<bndbox>
			<xmin>356</xmin>
			<ymin>171</ymin>
			<xmax>593</xmax>
			<ymax>321</ymax>
		</bndbox>
	</object>
</annotation>