<annotation>
	<folder>side_기타튀김접시채소튀김q4</folder>
	<filename>side_기타튀김_접시_채소튀김_Q4_00040.JPG</filename>
	<path>/side기타튀김접시채소튀김q4/side_기타튀김_접시_채소튀김_Q4_00040.JPG</path>
	<source>
		<database>fooddata</database>
	</source>
	<size>
		<width>720</width>
		<height>480</height>
		<depth>3</depth>
	</size>
	<object>
		<name>ref_spoon</name>
		<bndbox>
			<xmin>149</xmin>
			<ymin>109</ymin>
			<xmax>219</xmax>
			<ymax>222</ymax>
		</bndbox>
	</object>
	<object>
		<name>ref_fork</name>
		<bndbox>
			<xmin>251</xmin>
			<ymin>105</ymin>
			<xmax>297</xmax>
			<ymax>239</ymax>
		</bndbox>
	</object>
	<object>
		<name>ref_coin</name>
		<bndbox>
			<xmin>595</xmin>
			<ymin>350</ymin>
			<xmax>650</xmax>
			<ymax>395</ymax>
		</bndbox>
	</object>
	<object>
		<name>dish</name>
		<bndbox>
			<xmin>350</xmin>
			<ymin>100</ymin>
			<xmax>638</xmax>
			<ymax>304</ymax>
		</bndbox>
	</object>
	<object>
		<name>채소튀김</name>
		<bndbox>
			<xmin>368</xmin>
			<ymin>121</ymin>
			<xmax>608</xmax>
			<ymax>279</ymax>
		</bndbox>
	</object>
</annotation>