<annotation>
	<folder>side_기타튀김접시채소튀김q4</folder>
	<filename>side_기타튀김_접시_채소튀김_Q4_00047.JPG</filename>
	<path>/side기타튀김접시채소튀김q4/side_기타튀김_접시_채소튀김_Q4_00047.JPG</path>
	<source>
		<database>fooddata</database>
	</source>
	<size>
		<width>720</width>
		<height>480</height>
		<depth>3</depth>
	</size>
	<object>
		<name>ref_spoon</name>
		<bndbox>
			<xmin>93</xmin>
			<ymin>150</ymin>
			<xmax>165</xmax>
			<ymax>287</ymax>
		</bndbox>
	</object>
	<object>
		<name>ref_fork</name>
		<bndbox>
			<xmin>198</xmin>
			<ymin>144</ymin>
			<xmax>246</xmax>
			<ymax>294</ymax>
		</bndbox>
	</object>
	<object>
		<name>ref_coin</name>
		<bndbox>
			<xmin>519</xmin>
			<ymin>107</ymin>
			<xmax>568</xmax>
			<ymax>143</ymax>
		</bndbox>
	</object>
	<object>
		<name>dish</name>
		<bndbox>
			<xmin>301</xmin>
			<ymin>138</ymin>
			<xmax>590</xmax>
			<ymax>345</ymax>
		</bndbox>
	</object>
	<object>
		<name>채소튀김</name>
		<bndbox>
			<xmin>320</xmin>
			<ymin>175</ymin>
			<xmax>551</xmax>
			<ymax>327</ymax>
		</bndbox>
	</object>
</annotation>