<annotation>
	<folder>side_기타튀김접시채소튀김q4</folder>
	<filename>side_기타튀김_접시_채소튀김_Q4_00020.JPG</filename>
	<path>/side기타튀김접시채소튀김q4/side_기타튀김_접시_채소튀김_Q4_00020.JPG</path>
	<source>
		<database>fooddata</database>
	</source>
	<size>
		<width>720</width>
		<height>480</height>
		<depth>3</depth>
	</size>
	<object>
		<name>ref_spoon</name>
		<bndbox>
			<xmin>263</xmin>
			<ymin>353</ymin>
			<xmax>405</xmax>
			<ymax>419</ymax>
		</bndbox>
	</object>
	<object>
		<name>ref_fork</name>
		<bndbox>
			<xmin>286</xmin>
			<ymin>288</ymin>
			<xmax>435</xmax>
			<ymax>343</ymax>
		</bndbox>
	</object>
	<object>
		<name>ref_coin</name>
		<bndbox>
			<xmin>216</xmin>
			<ymin>204</ymin>
			<xmax>269</xmax>
			<ymax>244</ymax>
		</bndbox>
	</object>
	<object>
		<name>dish</name>
		<bndbox>
			<xmin>301</xmin>
			<ymin>52</ymin>
			<xmax>583</xmax>
			<ymax>253</ymax>
		</bndbox>
	</object>
	<object>
		<name>채소튀김</name>
		<bndbox>
			<xmin>374</xmin>
			<ymin>74</ymin>
			<xmax>527</xmax>
			<ymax>226</ymax>
		</bndbox>
	</object>
</annotation>