<annotation>
	<folder>side_기타튀김접시채소튀김q4</folder>
	<filename>side_기타튀김_접시_채소튀김_Q4_00005.JPG</filename>
	<path>/side기타튀김접시채소튀김q4/side_기타튀김_접시_채소튀김_Q4_00005.JPG</path>
	<source>
		<database>fooddata</database>
	</source>
	<size>
		<width>720</width>
		<height>480</height>
		<depth>3</depth>
	</size>
	<object>
		<name>ref_spoon</name>
		<bndbox>
			<xmin>495</xmin>
			<ymin>104</ymin>
			<xmax>563</xmax>
			<ymax>228</ymax>
		</bndbox>
	</object>
	<object>
		<name>ref_fork</name>
		<bndbox>
			<xmin>596</xmin>
			<ymin>120</ymin>
			<xmax>645</xmax>
			<ymax>248</ymax>
		</bndbox>
	</object>
	<object>
		<name>ref_coin</name>
		<bndbox>
			<xmin>262</xmin>
			<ymin>379</ymin>
			<xmax>322</xmax>
			<ymax>426</ymax>
		</bndbox>
	</object>
	<object>
		<name>dish</name>
		<bndbox>
			<xmin>190</xmin>
			<ymin>125</ymin>
			<xmax>482</xmax>
			<ymax>331</ymax>
		</bndbox>
	</object>
	<object>
		<name>채소튀김</name>
		<bndbox>
			<xmin>232</xmin>
			<ymin>150</ymin>
			<xmax>442</xmax>
			<ymax>301</ymax>
		</bndbox>
	</object>
</annotation>