<annotation>
	<folder>top_기타튀김접시채소튀김q4</folder>
	<filename>top_기타튀김_접시_채소튀김_Q4_00014.JPG</filename>
	<path>/top기타튀김접시채소튀김q4/top_기타튀김_접시_채소튀김_Q4_00014.JPG</path>
	<source>
		<database>fooddata</database>
	</source>
	<size>
		<width>720</width>
		<height>480</height>
		<depth>3</depth>
	</size>
	<object>
		<name>ref_spoon</name>
		<bndbox>
			<xmin>545</xmin>
			<ymin>50</ymin>
			<xmax>615</xmax>
			<ymax>173</ymax>
		</bndbox>
	</object>
	<object>
		<name>ref_fork</name>
		<bndbox>
			<xmin>628</xmin>
			<ymin>70</ymin>
			<xmax>680</xmax>
			<ymax>194</ymax>
		</bndbox>
	</object>
	<object>
		<name>ref_coin</name>
		<bndbox>
			<xmin>324</xmin>
			<ymin>17</ymin>
			<xmax>371</xmax>
			<ymax>64</ymax>
		</bndbox>
	</object>
	<object>
		<name>dish</name>
		<bndbox>
			<xmin>243</xmin>
			<ymin>119</ymin>
			<xmax>532</xmax>
			<ymax>407</ymax>
		</bndbox>
	</object>
	<object>
		<name>채소튀김</name>
		<bndbox>
			<xmin>274</xmin>
			<ymin>141</ymin>
			<xmax>507</xmax>
			<ymax>339</ymax>
		</bndbox>
	</object>
</annotation>