<annotation>
	<folder>top_기타튀김접시채소튀김q4</folder>
	<filename>top_기타튀김_접시_채소튀김_Q4_00025.JPG</filename>
	<path>/top기타튀김접시채소튀김q4/top_기타튀김_접시_채소튀김_Q4_00025.JPG</path>
	<source>
		<database>fooddata</database>
	</source>
	<size>
		<width>720</width>
		<height>480</height>
		<depth>3</depth>
	</size>
	<object>
		<name>ref_spoon</name>
		<bndbox>
			<xmin>241</xmin>
			<ymin>403</ymin>
			<xmax>379</xmax>
			<ymax>469</ymax>
		</bndbox>
	</object>
	<object>
		<name>ref_fork</name>
		<bndbox>
			<xmin>249</xmin>
			<ymin>342</ymin>
			<xmax>385</xmax>
			<ymax>385</ymax>
		</bndbox>
	</object>
	<object>
		<name>ref_coin</name>
		<bndbox>
			<xmin>467</xmin>
			<ymin>12</ymin>
			<xmax>510</xmax>
			<ymax>53</ymax>
		</bndbox>
	</object>
	<object>
		<name>dish</name>
		<bndbox>
			<xmin>292</xmin>
			<ymin>72</ymin>
			<xmax>535</xmax>
			<ymax>314</ymax>
		</bndbox>
	</object>
	<object>
		<name>채소튀김</name>
		<bndbox>
			<xmin>309</xmin>
			<ymin>106</ymin>
			<xmax>499</xmax>
			<ymax>264</ymax>
		</bndbox>
	</object>
</annotation>