<annotation>
	<folder>top_기타튀김접시채소튀김q4</folder>
	<filename>top_기타튀김_접시_채소튀김_Q4_00033.JPG</filename>
	<path>/top기타튀김접시채소튀김q4/top_기타튀김_접시_채소튀김_Q4_00033.JPG</path>
	<source>
		<database>fooddata</database>
	</source>
	<size>
		<width>720</width>
		<height>480</height>
		<depth>3</depth>
	</size>
	<object>
		<name>ref_spoon</name>
		<bndbox>
			<xmin>132</xmin>
			<ymin>53</ymin>
			<xmax>202</xmax>
			<ymax>194</ymax>
		</bndbox>
	</object>
	<object>
		<name>ref_fork</name>
		<bndbox>
			<xmin>223</xmin>
			<ymin>60</ymin>
			<xmax>269</xmax>
			<ymax>199</ymax>
		</bndbox>
	</object>
	<object>
		<name>ref_coin</name>
		<bndbox>
			<xmin>288</xmin>
			<ymin>361</ymin>
			<xmax>339</xmax>
			<ymax>414</ymax>
		</bndbox>
	</object>
	<object>
		<name>dish</name>
		<bndbox>
			<xmin>308</xmin>
			<ymin>90</ymin>
			<xmax>596</xmax>
			<ymax>379</ymax>
		</bndbox>
	</object>
	<object>
		<name>채소튀김</name>
		<bndbox>
			<xmin>364</xmin>
			<ymin>127</ymin>
			<xmax>553</xmax>
			<ymax>340</ymax>
		</bndbox>
	</object>
</annotation>