<annotation>
	<folder>top_기타튀김접시채소튀김q4</folder>
	<filename>top_기타튀김_접시_채소튀김_Q4_00007.JPG</filename>
	<path>/top기타튀김접시채소튀김q4/top_기타튀김_접시_채소튀김_Q4_00007.JPG</path>
	<source>
		<database>fooddata</database>
	</source>
	<size>
		<width>720</width>
		<height>480</height>
		<depth>3</depth>
	</size>
	<object>
		<name>ref_spoon</name>
		<bndbox>
			<xmin>490</xmin>
			<ymin>39</ymin>
			<xmax>556</xmax>
			<ymax>166</ymax>
		</bndbox>
	</object>
	<object>
		<name>ref_fork</name>
		<bndbox>
			<xmin>570</xmin>
			<ymin>61</ymin>
			<xmax>621</xmax>
			<ymax>192</ymax>
		</bndbox>
	</object>
	<object>
		<name>ref_coin</name>
		<bndbox>
			<xmin>97</xmin>
			<ymin>273</ymin>
			<xmax>148</xmax>
			<ymax>323</ymax>
		</bndbox>
	</object>
	<object>
		<name>dish</name>
		<bndbox>
			<xmin>178</xmin>
			<ymin>93</ymin>
			<xmax>464</xmax>
			<ymax>377</ymax>
		</bndbox>
	</object>
	<object>
		<name>채소튀김</name>
		<bndbox>
			<xmin>191</xmin>
			<ymin>141</ymin>
			<xmax>423</xmax>
			<ymax>346</ymax>
		</bndbox>
	</object>
</annotation>