<annotation>
	<folder>top_기타튀김접시채소튀김q4</folder>
	<filename>top_기타튀김_접시_채소튀김_Q4_00051.JPG</filename>
	<path>/top기타튀김접시채소튀김q4/top_기타튀김_접시_채소튀김_Q4_00051.JPG</path>
	<source>
		<database>fooddata</database>
	</source>
	<size>
		<width>720</width>
		<height>480</height>
		<depth>3</depth>
	</size>
	<object>
		<name>ref_spoon</name>
		<bndbox>
			<xmin>176</xmin>
			<ymin>39</ymin>
			<xmax>241</xmax>
			<ymax>166</ymax>
		</bndbox>
	</object>
	<object>
		<name>ref_fork</name>
		<bndbox>
			<xmin>263</xmin>
			<ymin>46</ymin>
			<xmax>304</xmax>
			<ymax>176</ymax>
		</bndbox>
	</object>
	<object>
		<name>ref_coin</name>
		<bndbox>
			<xmin>331</xmin>
			<ymin>371</ymin>
			<xmax>379</xmax>
			<ymax>422</ymax>
		</bndbox>
	</object>
	<object>
		<name>dish</name>
		<bndbox>
			<xmin>347</xmin>
			<ymin>70</ymin>
			<xmax>616</xmax>
			<ymax>337</ymax>
		</bndbox>
	</object>
	<object>
		<name>채소튀김</name>
		<bndbox>
			<xmin>360</xmin>
			<ymin>103</ymin>
			<xmax>604</xmax>
			<ymax>291</ymax>
		</bndbox>
	</object>
</annotation>