<annotation>
	<folder>top_기타튀김접시채소튀김q4</folder>
	<filename>top_기타튀김_접시_채소튀김_Q4_00017.JPG</filename>
	<path>/top기타튀김접시채소튀김q4/top_기타튀김_접시_채소튀김_Q4_00017.JPG</path>
	<source>
		<database>fooddata</database>
	</source>
	<size>
		<width>720</width>
		<height>480</height>
		<depth>3</depth>
	</size>
	<object>
		<name>ref_spoon</name>
		<bndbox>
			<xmin>234</xmin>
			<ymin>383</ymin>
			<xmax>381</xmax>
			<ymax>449</ymax>
		</bndbox>
	</object>
	<object>
		<name>ref_fork</name>
		<bndbox>
			<xmin>242</xmin>
			<ymin>320</ymin>
			<xmax>379</xmax>
			<ymax>364</ymax>
		</bndbox>
	</object>
	<object>
		<name>ref_coin</name>
		<bndbox>
			<xmin>223</xmin>
			<ymin>240</ymin>
			<xmax>269</xmax>
			<ymax>284</ymax>
		</bndbox>
	</object>
	<object>
		<name>dish</name>
		<bndbox>
			<xmin>292</xmin>
			<ymin>45</ymin>
			<xmax>550</xmax>
			<ymax>303</ymax>
		</bndbox>
	</object>
	<object>
		<name>채소튀김</name>
		<bndbox>
			<xmin>322</xmin>
			<ymin>96</ymin>
			<xmax>519</xmax>
			<ymax>270</ymax>
		</bndbox>
	</object>
</annotation>