<annotation>
	<folder>top_기타튀김접시채소튀김q4</folder>
	<filename>top_기타튀김_접시_채소튀김_Q4_00009.JPG</filename>
	<path>/top기타튀김접시채소튀김q4/top_기타튀김_접시_채소튀김_Q4_00009.JPG</path>
	<source>
		<database>fooddata</database>
	</source>
	<size>
		<width>720</width>
		<height>480</height>
		<depth>3</depth>
	</size>
	<object>
		<name>ref_spoon</name>
		<bndbox>
			<xmin>507</xmin>
			<ymin>35</ymin>
			<xmax>575</xmax>
			<ymax>176</ymax>
		</bndbox>
	</object>
	<object>
		<name>ref_fork</name>
		<bndbox>
			<xmin>589</xmin>
			<ymin>55</ymin>
			<xmax>639</xmax>
			<ymax>192</ymax>
		</bndbox>
	</object>
	<object>
		<name>ref_coin</name>
		<bndbox>
			<xmin>117</xmin>
			<ymin>170</ymin>
			<xmax>164</xmax>
			<ymax>219</ymax>
		</bndbox>
	</object>
	<object>
		<name>dish</name>
		<bndbox>
			<xmin>216</xmin>
			<ymin>91</ymin>
			<xmax>500</xmax>
			<ymax>372</ymax>
		</bndbox>
	</object>
	<object>
		<name>채소튀김</name>
		<bndbox>
			<xmin>237</xmin>
			<ymin>127</ymin>
			<xmax>440</xmax>
			<ymax>339</ymax>
		</bndbox>
	</object>
</annotation>