<annotation>
	<folder>top_기타튀김접시채소튀김q4</folder>
	<filename>top_기타튀김_접시_채소튀김_Q4_00006.JPG</filename>
	<path>/top기타튀김접시채소튀김q4/top_기타튀김_접시_채소튀김_Q4_00006.JPG</path>
	<source>
		<database>fooddata</database>
	</source>
	<size>
		<width>720</width>
		<height>480</height>
		<depth>3</depth>
	</size>
	<object>
		<name>ref_spoon</name>
		<bndbox>
			<xmin>502</xmin>
			<ymin>44</ymin>
			<xmax>568</xmax>
			<ymax>182</ymax>
		</bndbox>
	</object>
	<object>
		<name>ref_fork</name>
		<bndbox>
			<xmin>581</xmin>
			<ymin>63</ymin>
			<xmax>630</xmax>
			<ymax>197</ymax>
		</bndbox>
	</object>
	<object>
		<name>ref_coin</name>
		<bndbox>
			<xmin>131</xmin>
			<ymin>321</ymin>
			<xmax>181</xmax>
			<ymax>373</ymax>
		</bndbox>
	</object>
	<object>
		<name>dish</name>
		<bndbox>
			<xmin>199</xmin>
			<ymin>93</ymin>
			<xmax>483</xmax>
			<ymax>374</ymax>
		</bndbox>
	</object>
	<object>
		<name>채소튀김</name>
		<bndbox>
			<xmin>226</xmin>
			<ymin>154</ymin>
			<xmax>455</xmax>
			<ymax>353</ymax>
		</bndbox>
	</object>
</annotation>