<annotation>
	<folder>top_기타튀김접시채소튀김q4</folder>
	<filename>top_기타튀김_접시_채소튀김_Q4_00008.JPG</filename>
	<path>/top기타튀김접시채소튀김q4/top_기타튀김_접시_채소튀김_Q4_00008.JPG</path>
	<source>
		<database>fooddata</database>
	</source>
	<size>
		<width>720</width>
		<height>480</height>
		<depth>3</depth>
	</size>
	<object>
		<name>ref_spoon</name>
		<bndbox>
			<xmin>511</xmin>
			<ymin>31</ymin>
			<xmax>580</xmax>
			<ymax>181</ymax>
		</bndbox>
	</object>
	<object>
		<name>ref_fork</name>
		<bndbox>
			<xmin>592</xmin>
			<ymin>52</ymin>
			<xmax>642</xmax>
			<ymax>208</ymax>
		</bndbox>
	</object>
	<object>
		<name>ref_coin</name>
		<bndbox>
			<xmin>108</xmin>
			<ymin>209</ymin>
			<xmax>157</xmax>
			<ymax>258</ymax>
		</bndbox>
	</object>
	<object>
		<name>dish</name>
		<bndbox>
			<xmin>224</xmin>
			<ymin>82</ymin>
			<xmax>505</xmax>
			<ymax>364</ymax>
		</bndbox>
	</object>
	<object>
		<name>채소튀김</name>
		<bndbox>
			<xmin>239</xmin>
			<ymin>119</ymin>
			<xmax>451</xmax>
			<ymax>325</ymax>
		</bndbox>
	</object>
</annotation>