<annotation>
	<folder>top_기타튀김접시채소튀김q4</folder>
	<filename>top_기타튀김_접시_채소튀김_Q4_00034.JPG</filename>
	<path>/top기타튀김접시채소튀김q4/top_기타튀김_접시_채소튀김_Q4_00034.JPG</path>
	<source>
		<database>fooddata</database>
	</source>
	<size>
		<width>720</width>
		<height>480</height>
		<depth>3</depth>
	</size>
	<object>
		<name>ref_spoon</name>
		<bndbox>
			<xmin>152</xmin>
			<ymin>44</ymin>
			<xmax>219</xmax>
			<ymax>168</ymax>
		</bndbox>
	</object>
	<object>
		<name>ref_fork</name>
		<bndbox>
			<xmin>242</xmin>
			<ymin>50</ymin>
			<xmax>287</xmax>
			<ymax>196</ymax>
		</bndbox>
	</object>
	<object>
		<name>ref_coin</name>
		<bndbox>
			<xmin>349</xmin>
			<ymin>374</ymin>
			<xmax>399</xmax>
			<ymax>425</ymax>
		</bndbox>
	</object>
	<object>
		<name>dish</name>
		<bndbox>
			<xmin>327</xmin>
			<ymin>74</ymin>
			<xmax>608</xmax>
			<ymax>358</ymax>
		</bndbox>
	</object>
	<object>
		<name>채소튀김</name>
		<bndbox>
			<xmin>373</xmin>
			<ymin>119</ymin>
			<xmax>548</xmax>
			<ymax>337</ymax>
		</bndbox>
	</object>
</annotation>