<annotation>
	<folder>top_기타튀김접시채소튀김q4</folder>
	<filename>top_기타튀김_접시_채소튀김_Q4_00012.JPG</filename>
	<path>/top기타튀김접시채소튀김q4/top_기타튀김_접시_채소튀김_Q4_00012.JPG</path>
	<source>
		<database>fooddata</database>
	</source>
	<size>
		<width>720</width>
		<height>480</height>
		<depth>3</depth>
	</size>
	<object>
		<name>ref_spoon</name>
		<bndbox>
			<xmin>524</xmin>
			<ymin>34</ymin>
			<xmax>595</xmax>
			<ymax>186</ymax>
		</bndbox>
	</object>
	<object>
		<name>ref_fork</name>
		<bndbox>
			<xmin>612</xmin>
			<ymin>57</ymin>
			<xmax>668</xmax>
			<ymax>208</ymax>
		</bndbox>
	</object>
	<object>
		<name>ref_coin</name>
		<bndbox>
			<xmin>200</xmin>
			<ymin>31</ymin>
			<xmax>253</xmax>
			<ymax>82</ymax>
		</bndbox>
	</object>
	<object>
		<name>dish</name>
		<bndbox>
			<xmin>199</xmin>
			<ymin>100</ymin>
			<xmax>512</xmax>
			<ymax>409</ymax>
		</bndbox>
	</object>
	<object>
		<name>채소튀김</name>
		<bndbox>
			<xmin>245</xmin>
			<ymin>117</ymin>
			<xmax>468</xmax>
			<ymax>345</ymax>
		</bndbox>
	</object>
</annotation>