<annotation>
	<folder>side반찬부피접시시금치나물q5</folder>
	<filename>side_반찬부피_접시_시금치나물_Q5_00039.JPG</filename>
	<path>/side반찬부피접시시금치나물q5/side_반찬부피_접시_시금치나물_Q5_00039.JPG</path>
	<source>
		<database>fooddata</database>
	</source>
	<size>
		<width>3008</width>
		<height>2000</height>
		<depth>3</depth>
	</size>
	<object>
		<name>ref_spoon</name>
		<bndbox>
			<xmin>262</xmin>
			<ymin>585</ymin>
			<xmax>589</xmax>
			<ymax>994</ymax>
		</bndbox>
	</object>
	<object>
		<name>ref_fork</name>
		<bndbox>
			<xmin>728</xmin>
			<ymin>556</ymin>
			<xmax>958</xmax>
			<ymax>1035</ymax>
		</bndbox>
	</object>
	<object>
		<name>ref_coin</name>
		<bndbox>
			<xmin>2308</xmin>
			<ymin>1587</ymin>
			<xmax>2562</xmax>
			<ymax>1780</ymax>
		</bndbox>
	</object>
	<object>
		<name>dish</name>
		<bndbox>
			<xmin>1179</xmin>
			<ymin>495</ymin>
			<xmax>2525</xmax>
			<ymax>1444</ymax>
		</bndbox>
	</object>
	<object>
		<name>시금치나물</name>
		<bndbox>
			<xmin>1314</xmin>
			<ymin>638</ymin>
			<xmax>2325</xmax>
			<ymax>1338</ymax>
		</bndbox>
	</object>
</annotation>