<annotation>
	<folder>side반찬부피접시시금치나물q5</folder>
	<filename>side_반찬부피_접시_시금치나물_Q5_00014.JPG</filename>
	<path>/side반찬부피접시시금치나물q5/side_반찬부피_접시_시금치나물_Q5_00014.JPG</path>
	<source>
		<database>fooddata</database>
	</source>
	<size>
		<width>3008</width>
		<height>2000</height>
		<depth>3</depth>
	</size>
	<object>
		<name>ref_spoon</name>
		<bndbox>
			<xmin>1694</xmin>
			<ymin>171</ymin>
			<xmax>2014</xmax>
			<ymax>572</ymax>
		</bndbox>
	</object>
	<object>
		<name>ref_fork</name>
		<bndbox>
			<xmin>2177</xmin>
			<ymin>163</ymin>
			<xmax>2419</xmax>
			<ymax>617</ymax>
		</bndbox>
	</object>
	<object>
		<name>ref_coin</name>
		<bndbox>
			<xmin>1326</xmin>
			<ymin>1436</ymin>
			<xmax>1592</xmax>
			<ymax>1636</ymax>
		</bndbox>
	</object>
	<object>
		<name>dish</name>
		<bndbox>
			<xmin>295</xmin>
			<ymin>364</ymin>
			<xmax>1682</xmax>
			<ymax>1329</ymax>
		</bndbox>
	</object>
	<object>
		<name>시금치나물</name>
		<bndbox>
			<xmin>585</xmin>
			<ymin>462</ymin>
			<xmax>1527</xmax>
			<ymax>1104</ymax>
		</bndbox>
	</object>
</annotation>