<annotation>
	<folder>side반찬부피접시시금치나물q5</folder>
	<filename>side_반찬부피_접시_시금치나물_Q5_00016.JPG</filename>
	<path>/side반찬부피접시시금치나물q5/side_반찬부피_접시_시금치나물_Q5_00016.JPG</path>
	<source>
		<database>fooddata</database>
	</source>
	<size>
		<width>3008</width>
		<height>2000</height>
		<depth>3</depth>
	</size>
	<object>
		<name>ref_spoon</name>
		<bndbox>
			<xmin>1801</xmin>
			<ymin>204</ymin>
			<xmax>2112</xmax>
			<ymax>605</ymax>
		</bndbox>
	</object>
	<object>
		<name>ref_fork</name>
		<bndbox>
			<xmin>2284</xmin>
			<ymin>196</ymin>
			<xmax>2525</xmax>
			<ymax>662</ymax>
		</bndbox>
	</object>
	<object>
		<name>ref_coin</name>
		<bndbox>
			<xmin>499</xmin>
			<ymin>1493</ymin>
			<xmax>765</xmax>
			<ymax>1698</ymax>
		</bndbox>
	</object>
	<object>
		<name>dish</name>
		<bndbox>
			<xmin>393</xmin>
			<ymin>372</ymin>
			<xmax>1776</xmax>
			<ymax>1334</ymax>
		</bndbox>
	</object>
	<object>
		<name>시금치나물</name>
		<bndbox>
			<xmin>728</xmin>
			<ymin>499</ymin>
			<xmax>1600</xmax>
			<ymax>1133</ymax>
		</bndbox>
	</object>
</annotation>