<annotation>
	<folder>side반찬부피접시시금치나물q5</folder>
	<filename>side_반찬부피_접시_시금치나물_Q5_00045.JPG</filename>
	<path>/side반찬부피접시시금치나물q5/side_반찬부피_접시_시금치나물_Q5_00045.JPG</path>
	<source>
		<database>fooddata</database>
	</source>
	<size>
		<width>3008</width>
		<height>2000</height>
		<depth>3</depth>
	</size>
	<object>
		<name>ref_spoon</name>
		<bndbox>
			<xmin>233</xmin>
			<ymin>626</ymin>
			<xmax>565</xmax>
			<ymax>1039</ymax>
		</bndbox>
	</object>
	<object>
		<name>ref_fork</name>
		<bndbox>
			<xmin>704</xmin>
			<ymin>593</ymin>
			<xmax>937</xmax>
			<ymax>1076</ymax>
		</bndbox>
	</object>
	<object>
		<name>ref_coin</name>
		<bndbox>
			<xmin>2406</xmin>
			<ymin>474</ymin>
			<xmax>2644</xmax>
			<ymax>642</ymax>
		</bndbox>
	</object>
	<object>
		<name>dish</name>
		<bndbox>
			<xmin>1146</xmin>
			<ymin>495</ymin>
			<xmax>2496</xmax>
			<ymax>1436</ymax>
		</bndbox>
	</object>
	<object>
		<name>시금치나물</name>
		<bndbox>
			<xmin>1281</xmin>
			<ymin>548</ymin>
			<xmax>2280</xmax>
			<ymax>1313</ymax>
		</bndbox>
	</object>
</annotation>