<annotation>
	<folder>side반찬부피접시시금치나물q5</folder>
	<filename>side_반찬부피_접시_시금치나물_Q5_00034.JPG</filename>
	<path>/side반찬부피접시시금치나물q5/side_반찬부피_접시_시금치나물_Q5_00034.JPG</path>
	<source>
		<database>fooddata</database>
	</source>
	<size>
		<width>3008</width>
		<height>2000</height>
		<depth>3</depth>
	</size>
	<object>
		<name>ref_spoon</name>
		<bndbox>
			<xmin>769</xmin>
			<ymin>1485</ymin>
			<xmax>1228</xmax>
			<ymax>1763</ymax>
		</bndbox>
	</object>
	<object>
		<name>ref_fork</name>
		<bndbox>
			<xmin>814</xmin>
			<ymin>1244</ymin>
			<xmax>1306</xmax>
			<ymax>1485</ymax>
		</bndbox>
	</object>
	<object>
		<name>ref_coin</name>
		<bndbox>
			<xmin>278</xmin>
			<ymin>732</ymin>
			<xmax>507</xmax>
			<ymax>896</ymax>
		</bndbox>
	</object>
	<object>
		<name>dish</name>
		<bndbox>
			<xmin>851</xmin>
			<ymin>343</ymin>
			<xmax>2046</xmax>
			<ymax>1162</ymax>
		</bndbox>
	</object>
	<object>
		<name>시금치나물</name>
		<bndbox>
			<xmin>1056</xmin>
			<ymin>482</ymin>
			<xmax>1866</xmax>
			<ymax>1035</ymax>
		</bndbox>
	</object>
</annotation>