<annotation>
	<folder>side반찬부피접시시금치나물q5</folder>
	<filename>side_반찬부피_접시_시금치나물_Q5_00012.JPG</filename>
	<path>/side반찬부피접시시금치나물q5/side_반찬부피_접시_시금치나물_Q5_00012.JPG</path>
	<source>
		<database>fooddata</database>
	</source>
	<size>
		<width>3008</width>
		<height>2000</height>
		<depth>3</depth>
	</size>
	<object>
		<name>ref_spoon</name>
		<bndbox>
			<xmin>1547</xmin>
			<ymin>368</ymin>
			<xmax>1862</xmax>
			<ymax>756</ymax>
		</bndbox>
	</object>
	<object>
		<name>ref_fork</name>
		<bndbox>
			<xmin>2030</xmin>
			<ymin>364</ymin>
			<xmax>2275</xmax>
			<ymax>814</ymax>
		</bndbox>
	</object>
	<object>
		<name>ref_coin</name>
		<bndbox>
			<xmin>2611</xmin>
			<ymin>1481</ymin>
			<xmax>2877</xmax>
			<ymax>1681</ymax>
		</bndbox>
	</object>
	<object>
		<name>dish</name>
		<bndbox>
			<xmin>156</xmin>
			<ymin>576</ymin>
			<xmax>1576</xmax>
			<ymax>1559</ymax>
		</bndbox>
	</object>
	<object>
		<name>시금치나물</name>
		<bndbox>
			<xmin>450</xmin>
			<ymin>662</ymin>
			<xmax>1244</xmax>
			<ymax>1358</ymax>
		</bndbox>
	</object>
</annotation>