<annotation>
	<folder>side반찬부피접시시금치나물q5</folder>
	<filename>side_반찬부피_접시_시금치나물_Q5_00032.JPG</filename>
	<path>/side반찬부피접시시금치나물q5/side_반찬부피_접시_시금치나물_Q5_00032.JPG</path>
	<source>
		<database>fooddata</database>
	</source>
	<size>
		<width>3008</width>
		<height>2000</height>
		<depth>3</depth>
	</size>
	<object>
		<name>ref_spoon</name>
		<bndbox>
			<xmin>765</xmin>
			<ymin>1522</ymin>
			<xmax>1228</xmax>
			<ymax>1796</ymax>
		</bndbox>
	</object>
	<object>
		<name>ref_fork</name>
		<bndbox>
			<xmin>810</xmin>
			<ymin>1268</ymin>
			<xmax>1297</xmax>
			<ymax>1518</ymax>
		</bndbox>
	</object>
	<object>
		<name>ref_coin</name>
		<bndbox>
			<xmin>246</xmin>
			<ymin>1133</ymin>
			<xmax>475</xmax>
			<ymax>1309</ymax>
		</bndbox>
	</object>
	<object>
		<name>dish</name>
		<bndbox>
			<xmin>876</xmin>
			<ymin>360</ymin>
			<xmax>2063</xmax>
			<ymax>1174</ymax>
		</bndbox>
	</object>
	<object>
		<name>시금치나물</name>
		<bndbox>
			<xmin>1064</xmin>
			<ymin>495</ymin>
			<xmax>1858</xmax>
			<ymax>1047</ymax>
		</bndbox>
	</object>
</annotation>