<annotation>
	<folder>top반찬부피접시시금치나물q5</folder>
	<filename>top_반찬부피_접시_시금치나물_Q5_00006.JPG</filename>
	<path>/top반찬부피접시시금치나물q5/top_반찬부피_접시_시금치나물_Q5_00006.JPG</path>
	<source>
		<database>fooddata</database>
	</source>
	<size>
		<width>3008</width>
		<height>2000</height>
		<depth>3</depth>
	</size>
	<object>
		<name>ref_spoon</name>
		<bndbox>
			<xmin>2124</xmin>
			<ymin>103</ymin>
			<xmax>2441</xmax>
			<ymax>591</ymax>
		</bndbox>
	</object>
	<object>
		<name>ref_fork</name>
		<bndbox>
			<xmin>2571</xmin>
			<ymin>118</ymin>
			<xmax>2790</xmax>
			<ymax>642</ymax>
		</bndbox>
	</object>
	<object>
		<name>ref_coin</name>
		<bndbox>
			<xmin>178</xmin>
			<ymin>956</ymin>
			<xmax>427</xmax>
			<ymax>1184</ymax>
		</bndbox>
	</object>
	<object>
		<name>dish</name>
		<bndbox>
			<xmin>757</xmin>
			<ymin>418</ymin>
			<xmax>2027</xmax>
			<ymax>1658</ymax>
		</bndbox>
	</object>
	<object>
		<name>시금치나물</name>
		<bndbox>
			<xmin>1103</xmin>
			<ymin>724</ymin>
			<xmax>1743</xmax>
			<ymax>1282</ymax>
		</bndbox>
	</object>
</annotation>