<annotation>
	<folder>rework190files</folder>
	<filename>top_반찬부피_접시_시금치나물_Q5_00048.JPG</filename>
	<path>/top반찬부피접시시금치나물q5/top_반찬부피_접시_시금치나물_Q5_00048.JPG</path>
	<source>
		<database>fooddata</database>
	</source>
	<size>
		<width>3008</width>
		<height>2000</height>
		<depth>3</depth>
	</size>
	<object>
		<name>ref_spoon</name>
		<bndbox>
			<xmin>264</xmin>
			<ymin>83</ymin>
			<xmax>620</xmax>
			<ymax>621</ymax>
		</bndbox>
	</object>
	<object>
		<name>ref_fork</name>
		<bndbox>
			<xmin>752</xmin>
			<ymin>78</ymin>
			<xmax>981</xmax>
			<ymax>657</ymax>
		</bndbox>
	</object>
	<object>
		<name>ref_coin</name>
		<bndbox>
			<xmin>2337</xmin>
			<ymin>1348</ymin>
			<xmax>2576</xmax>
			<ymax>1587</ymax>
		</bndbox>
	</object>
	<object>
		<name>dish</name>
		<bndbox>
			<xmin>1021</xmin>
			<ymin>266</ymin>
			<xmax>2337</xmax>
			<ymax>1577</ymax>
		</bndbox>
	</object>
	<object>
		<name>시금치나물</name>
		<bndbox>
			<xmin>1184</xmin>
			<ymin>444</ymin>
			<xmax>2093</xmax>
			<ymax>1333</ymax>
		</bndbox>
	</object>
</annotation>