<annotation>
	<folder>top반찬부피접시시금치나물q5</folder>
	<filename>top_반찬부피_접시_시금치나물_Q5_00019.JPG</filename>
	<path>/top반찬부피접시시금치나물q5/top_반찬부피_접시_시금치나물_Q5_00019.JPG</path>
	<source>
		<database>fooddata</database>
	</source>
	<size>
		<width>3008</width>
		<height>2000</height>
		<depth>3</depth>
	</size>
	<object>
		<name>ref_spoon</name>
		<bndbox>
			<xmin>869</xmin>
			<ymin>1551</ymin>
			<xmax>1316</xmax>
			<ymax>1847</ymax>
		</bndbox>
	</object>
	<object>
		<name>ref_fork</name>
		<bndbox>
			<xmin>876</xmin>
			<ymin>1307</ymin>
			<xmax>1352</xmax>
			<ymax>1516</ymax>
		</bndbox>
	</object>
	<object>
		<name>ref_coin</name>
		<bndbox>
			<xmin>2121</xmin>
			<ymin>430</ymin>
			<xmax>2317</xmax>
			<ymax>616</ymax>
		</bndbox>
	</object>
	<object>
		<name>dish</name>
		<bndbox>
			<xmin>986</xmin>
			<ymin>113</ymin>
			<xmax>2043</xmax>
			<ymax>1145</ymax>
		</bndbox>
	</object>
	<object>
		<name>시금치나물</name>
		<bndbox>
			<xmin>1199</xmin>
			<ymin>317</ymin>
			<xmax>1753</xmax>
			<ymax>865</ymax>
		</bndbox>
	</object>
</annotation>