<annotation>
	<folder>top반찬부피접시시금치나물q5</folder>
	<filename>top_반찬부피_접시_시금치나물_Q5_00007.JPG</filename>
	<path>/top반찬부피접시시금치나물q5/top_반찬부피_접시_시금치나물_Q5_00007.JPG</path>
	<source>
		<database>fooddata</database>
	</source>
	<size>
		<width>3008</width>
		<height>2000</height>
		<depth>3</depth>
	</size>
	<object>
		<name>ref_spoon</name>
		<bndbox>
			<xmin>2032</xmin>
			<ymin>124</ymin>
			<xmax>2337</xmax>
			<ymax>601</ymax>
		</bndbox>
	</object>
	<object>
		<name>ref_fork</name>
		<bndbox>
			<xmin>2469</xmin>
			<ymin>124</ymin>
			<xmax>2683</xmax>
			<ymax>642</ymax>
		</bndbox>
	</object>
	<object>
		<name>ref_coin</name>
		<bndbox>
			<xmin>265</xmin>
			<ymin>484</ymin>
			<xmax>498</xmax>
			<ymax>723</ymax>
		</bndbox>
	</object>
	<object>
		<name>dish</name>
		<bndbox>
			<xmin>650</xmin>
			<ymin>520</ymin>
			<xmax>1895</xmax>
			<ymax>1760</ymax>
		</bndbox>
	</object>
	<object>
		<name>시금치나물</name>
		<bndbox>
			<xmin>1022</xmin>
			<ymin>835</ymin>
			<xmax>1606</xmax>
			<ymax>1413</ymax>
		</bndbox>
	</object>
</annotation>