<annotation>
	<folder>top반찬부피접시시금치나물q5</folder>
	<filename>top_반찬부피_접시_시금치나물_Q5_00022.JPG</filename>
	<path>/top반찬부피접시시금치나물q5/top_반찬부피_접시_시금치나물_Q5_00022.JPG</path>
	<source>
		<database>fooddata</database>
	</source>
	<size>
		<width>3008</width>
		<height>2000</height>
		<depth>3</depth>
	</size>
	<object>
		<name>ref_spoon</name>
		<bndbox>
			<xmin>991</xmin>
			<ymin>1572</ymin>
			<xmax>1390</xmax>
			<ymax>1851</ymax>
		</bndbox>
	</object>
	<object>
		<name>ref_fork</name>
		<bndbox>
			<xmin>1026</xmin>
			<ymin>1379</ymin>
			<xmax>1438</xmax>
			<ymax>1567</ymax>
		</bndbox>
	</object>
	<object>
		<name>ref_coin</name>
		<bndbox>
			<xmin>1617</xmin>
			<ymin>52</ymin>
			<xmax>1789</xmax>
			<ymax>208</ymax>
		</bndbox>
	</object>
	<object>
		<name>dish</name>
		<bndbox>
			<xmin>1143</xmin>
			<ymin>373</ymin>
			<xmax>2058</xmax>
			<ymax>1267</ymax>
		</bndbox>
	</object>
	<object>
		<name>시금치나물</name>
		<bndbox>
			<xmin>1398</xmin>
			<ymin>566</ymin>
			<xmax>1809</xmax>
			<ymax>1084</ymax>
		</bndbox>
	</object>
</annotation>