<annotation>
	<folder>top반찬부피접시시금치나물q5</folder>
	<filename>top_반찬부피_접시_시금치나물_Q5_00015.JPG</filename>
	<path>/top반찬부피접시시금치나물q5/top_반찬부피_접시_시금치나물_Q5_00015.JPG</path>
	<source>
		<database>fooddata</database>
	</source>
	<size>
		<width>3008</width>
		<height>2000</height>
		<depth>3</depth>
	</size>
	<object>
		<name>ref_spoon</name>
		<bndbox>
			<xmin>1885</xmin>
			<ymin>98</ymin>
			<xmax>2180</xmax>
			<ymax>559</ymax>
		</bndbox>
	</object>
	<object>
		<name>ref_fork</name>
		<bndbox>
			<xmin>2309</xmin>
			<ymin>102</ymin>
			<xmax>2522</xmax>
			<ymax>591</ymax>
		</bndbox>
	</object>
	<object>
		<name>ref_coin</name>
		<bndbox>
			<xmin>1782</xmin>
			<ymin>1569</ymin>
			<xmax>2007</xmax>
			<ymax>1795</ymax>
		</bndbox>
	</object>
	<object>
		<name>dish</name>
		<bndbox>
			<xmin>611</xmin>
			<ymin>449</ymin>
			<xmax>1824</xmax>
			<ymax>1649</ymax>
		</bndbox>
	</object>
	<object>
		<name>시금치나물</name>
		<bndbox>
			<xmin>904</xmin>
			<ymin>764</ymin>
			<xmax>1504</xmax>
			<ymax>1287</ymax>
		</bndbox>
	</object>
</annotation>