<annotation>
	<folder>top반찬부피접시시금치나물q5</folder>
	<filename>top_반찬부피_접시_시금치나물_Q5_00047.JPG</filename>
	<path>/top반찬부피접시시금치나물q5/top_반찬부피_접시_시금치나물_Q5_00047.JPG</path>
	<source>
		<database>fooddata</database>
	</source>
	<size>
		<width>3008</width>
		<height>2000</height>
		<depth>3</depth>
	</size>
	<object>
		<name>ref_spoon</name>
		<bndbox>
			<xmin>330</xmin>
			<ymin>139</ymin>
			<xmax>681</xmax>
			<ymax>642</ymax>
		</bndbox>
	</object>
	<object>
		<name>ref_fork</name>
		<bndbox>
			<xmin>797</xmin>
			<ymin>112</ymin>
			<xmax>1037</xmax>
			<ymax>671</ymax>
		</bndbox>
	</object>
	<object>
		<name>ref_coin</name>
		<bndbox>
			<xmin>2080</xmin>
			<ymin>1464</ymin>
			<xmax>2327</xmax>
			<ymax>1708</ymax>
		</bndbox>
	</object>
	<object>
		<name>dish</name>
		<bndbox>
			<xmin>1086</xmin>
			<ymin>296</ymin>
			<xmax>2327</xmax>
			<ymax>1526</ymax>
		</bndbox>
	</object>
	<object>
		<name>시금치나물</name>
		<bndbox>
			<xmin>1315</xmin>
			<ymin>452</ymin>
			<xmax>2048</xmax>
			<ymax>1246</ymax>
		</bndbox>
	</object>
</annotation>