<annotation>
	<folder>side파스타류원형배달토마토스파게티q3</folder>
	<filename>side_파스타류_원형배달_토마토스파게티_Q3_00043.JPG</filename>
	<path>/side파스타류원형배달토마토스파게티q3/side_파스타류_원형배달_토마토스파게티_Q3_00043.JPG</path>
	<source>
		<database>fooddata</database>
	</source>
	<size>
		<width>3008</width>
		<height>2000</height>
		<depth>3</depth>
	</size>
	<object>
		<name>ref_spoon</name>
		<bndbox>
			<xmin>299</xmin>
			<ymin>402</ymin>
			<xmax>599</xmax>
			<ymax>781</ymax>
		</bndbox>
	</object>
	<object>
		<name>ref_fork</name>
		<bndbox>
			<xmin>696</xmin>
			<ymin>430</ymin>
			<xmax>898</xmax>
			<ymax>863</ymax>
		</bndbox>
	</object>
	<object>
		<name>ref_coin</name>
		<bndbox>
			<xmin>2673</xmin>
			<ymin>1256</ymin>
			<xmax>2906</xmax>
			<ymax>1427</ymax>
		</bndbox>
	</object>
	<object>
		<name>dish</name>
		<bndbox>
			<xmin>1054</xmin>
			<ymin>43</ymin>
			<xmax>2499</xmax>
			<ymax>1338</ymax>
		</bndbox>
	</object>
	<object>
		<name>토마토스파게티</name>
		<bndbox>
			<xmin>1146</xmin>
			<ymin>391</ymin>
			<xmax>2368</xmax>
			<ymax>949</ymax>
		</bndbox>
	</object>
</annotation>