<annotation>
	<folder>side파스타류원형배달토마토스파게티q3</folder>
	<filename>side_파스타류_원형배달_토마토스파게티_Q3_00049.JPG</filename>
	<path>/side파스타류원형배달토마토스파게티q3/side_파스타류_원형배달_토마토스파게티_Q3_00049.JPG</path>
	<source>
		<database>fooddata</database>
	</source>
	<size>
		<width>3008</width>
		<height>2000</height>
		<depth>3</depth>
	</size>
	<object>
		<name>ref_spoon</name>
		<bndbox>
			<xmin>381</xmin>
			<ymin>609</ymin>
			<xmax>665</xmax>
			<ymax>977</ymax>
		</bndbox>
	</object>
	<object>
		<name>ref_fork</name>
		<bndbox>
			<xmin>773</xmin>
			<ymin>637</ymin>
			<xmax>969</xmax>
			<ymax>1059</ymax>
		</bndbox>
	</object>
	<object>
		<name>ref_coin</name>
		<bndbox>
			<xmin>1348</xmin>
			<ymin>284</ymin>
			<xmax>1540</xmax>
			<ymax>412</ymax>
		</bndbox>
	</object>
	<object>
		<name>dish</name>
		<bndbox>
			<xmin>1343</xmin>
			<ymin>350</ymin>
			<xmax>2819</xmax>
			<ymax>1670</ymax>
		</bndbox>
	</object>
	<object>
		<name>토마토스파게티</name>
		<bndbox>
			<xmin>1427</xmin>
			<ymin>639</ymin>
			<xmax>2680</xmax>
			<ymax>1286</ymax>
		</bndbox>
	</object>
</annotation>