<annotation>
	<folder>side파스타류원형배달토마토스파게티q3</folder>
	<filename>side_파스타류_원형배달_토마토스파게티_Q3_00018.JPG</filename>
	<path>/side파스타류원형배달토마토스파게티q3/side_파스타류_원형배달_토마토스파게티_Q3_00018.JPG</path>
	<source>
		<database>fooddata</database>
	</source>
	<size>
		<width>3008</width>
		<height>2000</height>
		<depth>3</depth>
	</size>
	<object>
		<name>ref_spoon</name>
		<bndbox>
			<xmin>900</xmin>
			<ymin>1639</ymin>
			<xmax>1352</xmax>
			<ymax>1880</ymax>
		</bndbox>
	</object>
	<object>
		<name>ref_fork</name>
		<bndbox>
			<xmin>934</xmin>
			<ymin>1407</ymin>
			<xmax>1399</xmax>
			<ymax>1619</ymax>
		</bndbox>
	</object>
	<object>
		<name>ref_coin</name>
		<bndbox>
			<xmin>1632</xmin>
			<ymin>1279</ymin>
			<xmax>1836</xmax>
			<ymax>1432</ymax>
		</bndbox>
	</object>
	<object>
		<name>dish</name>
		<bndbox>
			<xmin>844</xmin>
			<ymin>59</ymin>
			<xmax>2095</xmax>
			<ymax>1166</ymax>
		</bndbox>
	</object>
	<object>
		<name>토마토스파게티</name>
		<bndbox>
			<xmin>1016</xmin>
			<ymin>468</ymin>
			<xmax>1975</xmax>
			<ymax>824</ymax>
		</bndbox>
	</object>
</annotation>