<annotation>
	<folder>side파스타류원형배달토마토스파게티q3</folder>
	<filename>side_파스타류_원형배달_토마토스파게티_Q3_00003.JPG</filename>
	<path>/side파스타류원형배달토마토스파게티q3/side_파스타류_원형배달_토마토스파게티_Q3_00003.JPG</path>
	<source>
		<database>fooddata</database>
	</source>
	<size>
		<width>3008</width>
		<height>2000</height>
		<depth>3</depth>
	</size>
	<object>
		<name>ref_spoon</name>
		<bndbox>
			<xmin>1767</xmin>
			<ymin>389</ymin>
			<xmax>2044</xmax>
			<ymax>745</ymax>
		</bndbox>
	</object>
	<object>
		<name>ref_fork</name>
		<bndbox>
			<xmin>2166</xmin>
			<ymin>481</ymin>
			<xmax>2381</xmax>
			<ymax>891</ymax>
		</bndbox>
	</object>
	<object>
		<name>ref_coin</name>
		<bndbox>
			<xmin>1136</xmin>
			<ymin>1621</ymin>
			<xmax>1379</xmax>
			<ymax>1811</ymax>
		</bndbox>
	</object>
	<object>
		<name>dish</name>
		<bndbox>
			<xmin>225</xmin>
			<ymin>56</ymin>
			<xmax>1693</xmax>
			<ymax>1396</ymax>
		</bndbox>
	</object>
	<object>
		<name>토마토스파게티</name>
		<bndbox>
			<xmin>675</xmin>
			<ymin>414</ymin>
			<xmax>1576</xmax>
			<ymax>1020</ymax>
		</bndbox>
	</object>
</annotation>