<annotation>
	<folder>side파스타류원형배달토마토스파게티q3</folder>
	<filename>side_파스타류_원형배달_토마토스파게티_Q3_00004.JPG</filename>
	<path>/side파스타류원형배달토마토스파게티q3/side_파스타류_원형배달_토마토스파게티_Q3_00004.JPG</path>
	<source>
		<database>fooddata</database>
	</source>
	<size>
		<width>3008</width>
		<height>2000</height>
		<depth>3</depth>
	</size>
	<object>
		<name>ref_spoon</name>
		<bndbox>
			<xmin>1773</xmin>
			<ymin>340</ymin>
			<xmax>2059</xmax>
			<ymax>703</ymax>
		</bndbox>
	</object>
	<object>
		<name>ref_fork</name>
		<bndbox>
			<xmin>2187</xmin>
			<ymin>430</ymin>
			<xmax>2399</xmax>
			<ymax>852</ymax>
		</bndbox>
	</object>
	<object>
		<name>ref_coin</name>
		<bndbox>
			<xmin>859</xmin>
			<ymin>1563</ymin>
			<xmax>1097</xmax>
			<ymax>1744</ymax>
		</bndbox>
	</object>
	<object>
		<name>dish</name>
		<bndbox>
			<xmin>281</xmin>
			<ymin>79</ymin>
			<xmax>1770</xmax>
			<ymax>1425</ymax>
		</bndbox>
	</object>
	<object>
		<name>토마토스파게티</name>
		<bndbox>
			<xmin>675</xmin>
			<ymin>473</ymin>
			<xmax>1645</xmax>
			<ymax>1056</ymax>
		</bndbox>
	</object>
</annotation>