<annotation>
	<folder>side파스타류원형배달토마토스파게티q3</folder>
	<filename>side_파스타류_원형배달_토마토스파게티_Q3_00008.JPG</filename>
	<path>/side파스타류원형배달토마토스파게티q3/side_파스타류_원형배달_토마토스파게티_Q3_00008.JPG</path>
	<source>
		<database>fooddata</database>
	</source>
	<size>
		<width>3008</width>
		<height>2000</height>
		<depth>3</depth>
	</size>
	<object>
		<name>ref_spoon</name>
		<bndbox>
			<xmin>2256</xmin>
			<ymin>506</ymin>
			<xmax>2537</xmax>
			<ymax>874</ymax>
		</bndbox>
	</object>
	<object>
		<name>ref_fork</name>
		<bndbox>
			<xmin>2670</xmin>
			<ymin>596</ymin>
			<xmax>2888</xmax>
			<ymax>1018</ymax>
		</bndbox>
	</object>
	<object>
		<name>ref_coin</name>
		<bndbox>
			<xmin>64</xmin>
			<ymin>1253</ymin>
			<xmax>305</xmax>
			<ymax>1435</ymax>
		</bndbox>
	</object>
	<object>
		<name>dish</name>
		<bndbox>
			<xmin>734</xmin>
			<ymin>286</ymin>
			<xmax>2243</xmax>
			<ymax>1655</ymax>
		</bndbox>
	</object>
	<object>
		<name>토마토스파게티</name>
		<bndbox>
			<xmin>816</xmin>
			<ymin>660</ymin>
			<xmax>1862</xmax>
			<ymax>1276</ymax>
		</bndbox>
	</object>
</annotation>