<annotation>
	<folder>side파스타류원형배달토마토스파게티q3</folder>
	<filename>side_파스타류_원형배달_토마토스파게티_Q3_00046.JPG</filename>
	<path>/side파스타류원형배달토마토스파게티q3/side_파스타류_원형배달_토마토스파게티_Q3_00046.JPG</path>
	<source>
		<database>fooddata</database>
	</source>
	<size>
		<width>3008</width>
		<height>2000</height>
		<depth>3</depth>
	</size>
	<object>
		<name>ref_spoon</name>
		<bndbox>
			<xmin>281</xmin>
			<ymin>402</ymin>
			<xmax>570</xmax>
			<ymax>778</ymax>
		</bndbox>
	</object>
	<object>
		<name>ref_fork</name>
		<bndbox>
			<xmin>673</xmin>
			<ymin>435</ymin>
			<xmax>875</xmax>
			<ymax>858</ymax>
		</bndbox>
	</object>
	<object>
		<name>ref_coin</name>
		<bndbox>
			<xmin>954</xmin>
			<ymin>1061</ymin>
			<xmax>1182</xmax>
			<ymax>1225</ymax>
		</bndbox>
	</object>
	<object>
		<name>dish</name>
		<bndbox>
			<xmin>1251</xmin>
			<ymin>166</ymin>
			<xmax>2737</xmax>
			<ymax>1491</ymax>
		</bndbox>
	</object>
	<object>
		<name>토마토스파게티</name>
		<bndbox>
			<xmin>1438</xmin>
			<ymin>450</ymin>
			<xmax>2591</xmax>
			<ymax>1107</ymax>
		</bndbox>
	</object>
</annotation>