<annotation>
	<folder>side파스타류원형배달토마토스파게티q3</folder>
	<filename>side_파스타류_원형배달_토마토스파게티_Q3_00051.JPG</filename>
	<path>/side파스타류원형배달토마토스파게티q3/side_파스타류_원형배달_토마토스파게티_Q3_00051.JPG</path>
	<source>
		<database>fooddata</database>
	</source>
	<size>
		<width>3008</width>
		<height>2000</height>
		<depth>3</depth>
	</size>
	<object>
		<name>ref_spoon</name>
		<bndbox>
			<xmin>494</xmin>
			<ymin>486</ymin>
			<xmax>788</xmax>
			<ymax>872</ymax>
		</bndbox>
	</object>
	<object>
		<name>ref_fork</name>
		<bndbox>
			<xmin>888</xmin>
			<ymin>517</ymin>
			<xmax>1087</xmax>
			<ymax>952</ymax>
		</bndbox>
	</object>
	<object>
		<name>ref_coin</name>
		<bndbox>
			<xmin>21</xmin>
			<ymin>885</ymin>
			<xmax>248</xmax>
			<ymax>1046</ymax>
		</bndbox>
	</object>
	<object>
		<name>dish</name>
		<bndbox>
			<xmin>1414</xmin>
			<ymin>294</ymin>
			<xmax>2913</xmax>
			<ymax>1642</ymax>
		</bndbox>
	</object>
	<object>
		<name>토마토스파게티</name>
		<bndbox>
			<xmin>1501</xmin>
			<ymin>621</ymin>
			<xmax>2765</xmax>
			<ymax>1248</ymax>
		</bndbox>
	</object>
</annotation>