<annotation>
	<folder>top파스타류원형배달토마토스파게티q3project-name</folder>
	<filename>top_파스타류_원형배달_토마토스파게티_Q3_00007.JPG</filename>
	<path>/top파스타류원형배달토마토스파게티q3/top_파스타류_원형배달_토마토스파게티_Q3_00007.JPG</path>
	<source>
		<database>fooddata</database>
	</source>
	<size>
		<width>3008</width>
		<height>2000</height>
		<depth>3</depth>
	</size>
	<object>
		<name>ref_spoon</name>
		<bndbox>
			<xmin>2106</xmin>
			<ymin>246</ymin>
			<xmax>2409</xmax>
			<ymax>665</ymax>
		</bndbox>
	</object>
	<object>
		<name>ref_fork</name>
		<bndbox>
			<xmin>2435</xmin>
			<ymin>419</ymin>
			<xmax>2694</xmax>
			<ymax>903</ymax>
		</bndbox>
	</object>
	<object>
		<name>ref_coin</name>
		<bndbox>
			<xmin>371</xmin>
			<ymin>805</ymin>
			<xmax>602</xmax>
			<ymax>1036</ymax>
		</bndbox>
	</object>
	<object>
		<name>dish</name>
		<bndbox>
			<xmin>700</xmin>
			<ymin>203</ymin>
			<xmax>2088</xmax>
			<ymax>1537</ymax>
		</bndbox>
	</object>
	<object>
		<name>토마토스파게티</name>
		<bndbox>
			<xmin>905</xmin>
			<ymin>452</ymin>
			<xmax>1912</xmax>
			<ymax>1433</ymax>
		</bndbox>
	</object>
</annotation>