<annotation>
	<folder>top파스타류원형배달토마토스파게티q3project-name</folder>
	<filename>top_파스타류_원형배달_토마토스파게티_Q3_00041.JPG</filename>
	<path>/top파스타류원형배달토마토스파게티q3/top_파스타류_원형배달_토마토스파게티_Q3_00041.JPG</path>
	<source>
		<database>fooddata</database>
	</source>
	<size>
		<width>3008</width>
		<height>2000</height>
		<depth>3</depth>
	</size>
	<object>
		<name>ref_spoon</name>
		<bndbox>
			<xmin>400</xmin>
			<ymin>178</ymin>
			<xmax>700</xmax>
			<ymax>610</ymax>
		</bndbox>
	</object>
	<object>
		<name>ref_fork</name>
		<bndbox>
			<xmin>750</xmin>
			<ymin>221</ymin>
			<xmax>974</xmax>
			<ymax>715</ymax>
		</bndbox>
	</object>
	<object>
		<name>ref_coin</name>
		<bndbox>
			<xmin>2146</xmin>
			<ymin>1505</ymin>
			<xmax>2377</xmax>
			<ymax>1736</ymax>
		</bndbox>
	</object>
	<object>
		<name>dish</name>
		<bndbox>
			<xmin>981</xmin>
			<ymin>160</ymin>
			<xmax>2424</xmax>
			<ymax>1555</ymax>
		</bndbox>
	</object>
	<object>
		<name>토마토스파게티</name>
		<bndbox>
			<xmin>1154</xmin>
			<ymin>329</ymin>
			<xmax>2160</xmax>
			<ymax>1375</ymax>
		</bndbox>
	</object>
</annotation>