<annotation>
	<folder>top파스타류원형배달토마토스파게티q3project-name</folder>
	<filename>top_파스타류_원형배달_토마토스파게티_Q3_00003.JPG</filename>
	<path>/top파스타류원형배달토마토스파게티q3/top_파스타류_원형배달_토마토스파게티_Q3_00003.JPG</path>
	<source>
		<database>fooddata</database>
	</source>
	<size>
		<width>3008</width>
		<height>2000</height>
		<depth>3</depth>
	</size>
	<object>
		<name>ref_spoon</name>
		<bndbox>
			<xmin>1825</xmin>
			<ymin>243</ymin>
			<xmax>2106</xmax>
			<ymax>647</ymax>
		</bndbox>
	</object>
	<object>
		<name>ref_fork</name>
		<bndbox>
			<xmin>2150</xmin>
			<ymin>362</ymin>
			<xmax>2373</xmax>
			<ymax>830</ymax>
		</bndbox>
	</object>
	<object>
		<name>ref_coin</name>
		<bndbox>
			<xmin>851</xmin>
			<ymin>1530</ymin>
			<xmax>1064</xmax>
			<ymax>1750</ymax>
		</bndbox>
	</object>
	<object>
		<name>dish</name>
		<bndbox>
			<xmin>548</xmin>
			<ymin>214</ymin>
			<xmax>1847</xmax>
			<ymax>1480</ymax>
		</bndbox>
	</object>
	<object>
		<name>토마토스파게티</name>
		<bndbox>
			<xmin>747</xmin>
			<ymin>430</ymin>
			<xmax>1699</xmax>
			<ymax>1371</ymax>
		</bndbox>
	</object>
</annotation>