<annotation>
	<folder>top파스타류원형배달토마토스파게티q3project-name</folder>
	<filename>top_파스타류_원형배달_토마토스파게티_Q3_00004.JPG</filename>
	<path>/top파스타류원형배달토마토스파게티q3/top_파스타류_원형배달_토마토스파게티_Q3_00004.JPG</path>
	<source>
		<database>fooddata</database>
	</source>
	<size>
		<width>3008</width>
		<height>2000</height>
		<depth>3</depth>
	</size>
	<object>
		<name>ref_spoon</name>
		<bndbox>
			<xmin>1854</xmin>
			<ymin>243</ymin>
			<xmax>2121</xmax>
			<ymax>647</ymax>
		</bndbox>
	</object>
	<object>
		<name>ref_fork</name>
		<bndbox>
			<xmin>2168</xmin>
			<ymin>365</ymin>
			<xmax>2373</xmax>
			<ymax>823</ymax>
		</bndbox>
	</object>
	<object>
		<name>ref_coin</name>
		<bndbox>
			<xmin>613</xmin>
			<ymin>1465</ymin>
			<xmax>833</xmax>
			<ymax>1664</ymax>
		</bndbox>
	</object>
	<object>
		<name>dish</name>
		<bndbox>
			<xmin>530</xmin>
			<ymin>239</ymin>
			<xmax>1832</xmax>
			<ymax>1512</ymax>
		</bndbox>
	</object>
	<object>
		<name>토마토스파게티</name>
		<bndbox>
			<xmin>848</xmin>
			<ymin>434</ymin>
			<xmax>1717</xmax>
			<ymax>1346</ymax>
		</bndbox>
	</object>
</annotation>