<annotation>
	<folder>top파스타류원형배달토마토스파게티q3project-name</folder>
	<filename>top_파스타류_원형배달_토마토스파게티_Q3_00016.JPG</filename>
	<path>/top파스타류원형배달토마토스파게티q3/top_파스타류_원형배달_토마토스파게티_Q3_00016.JPG</path>
	<source>
		<database>fooddata</database>
	</source>
	<size>
		<width>3008</width>
		<height>2000</height>
		<depth>3</depth>
	</size>
	<object>
		<name>ref_spoon</name>
		<bndbox>
			<xmin>1987</xmin>
			<ymin>412</ymin>
			<xmax>2272</xmax>
			<ymax>849</ymax>
		</bndbox>
	</object>
	<object>
		<name>ref_fork</name>
		<bndbox>
			<xmin>2294</xmin>
			<ymin>603</ymin>
			<xmax>2550</xmax>
			<ymax>1054</ymax>
		</bndbox>
	</object>
	<object>
		<name>ref_coin</name>
		<bndbox>
			<xmin>2077</xmin>
			<ymin>116</ymin>
			<xmax>2287</xmax>
			<ymax>347</ymax>
		</bndbox>
	</object>
	<object>
		<name>dish</name>
		<bndbox>
			<xmin>303</xmin>
			<ymin>271</ymin>
			<xmax>1695</xmax>
			<ymax>1613</ymax>
		</bndbox>
	</object>
	<object>
		<name>토마토스파게티</name>
		<bndbox>
			<xmin>689</xmin>
			<ymin>495</ymin>
			<xmax>1569</xmax>
			<ymax>1469</ymax>
		</bndbox>
	</object>
</annotation>