<annotation>
	<folder>side생선조림접시코다리조림q5</folder>
	<filename>side_생선조림_접시_코다리조림_Q5_00002.JPG</filename>
	<path>/side생선조림접시코다리조림q5/side_생선조림_접시_코다리조림_Q5_00002.JPG</path>
	<source>
		<database>fooddata</database>
	</source>
	<size>
		<width>3008</width>
		<height>2000</height>
		<depth>3</depth>
	</size>
	<object>
		<name>ref_spoon</name>
		<bndbox>
			<xmin>2211</xmin>
			<ymin>472</ymin>
			<xmax>2516</xmax>
			<ymax>902</ymax>
		</bndbox>
	</object>
	<object>
		<name>ref_fork</name>
		<bndbox>
			<xmin>2623</xmin>
			<ymin>561</ymin>
			<xmax>2838</xmax>
			<ymax>1036</ymax>
		</bndbox>
	</object>
	<object>
		<name>ref_coin</name>
		<bndbox>
			<xmin>81</xmin>
			<ymin>1188</ymin>
			<xmax>304</xmax>
			<ymax>1349</ymax>
		</bndbox>
	</object>
	<object>
		<name>dish</name>
		<bndbox>
			<xmin>654</xmin>
			<ymin>481</ymin>
			<xmax>2149</xmax>
			<ymax>1510</ymax>
		</bndbox>
	</object>
	<object>
		<name>코다리조림</name>
		<bndbox>
			<xmin>1087</xmin>
			<ymin>697</ymin>
			<xmax>1800</xmax>
			<ymax>1225</ymax>
		</bndbox>
	</object>
</annotation>