<annotation>
	<folder>side생선조림접시코다리조림q5</folder>
	<filename>side_생선조림_접시_코다리조림_Q5_00037.JPG</filename>
	<path>/side생선조림접시코다리조림q5/side_생선조림_접시_코다리조림_Q5_00037.JPG</path>
	<source>
		<database>fooddata</database>
	</source>
	<size>
		<width>3008</width>
		<height>2000</height>
		<depth>3</depth>
	</size>
	<object>
		<name>ref_spoon</name>
		<bndbox>
			<xmin>430</xmin>
			<ymin>257</ymin>
			<xmax>725</xmax>
			<ymax>687</ymax>
		</bndbox>
	</object>
	<object>
		<name>ref_fork</name>
		<bndbox>
			<xmin>833</xmin>
			<ymin>311</ymin>
			<xmax>1038</xmax>
			<ymax>794</ymax>
		</bndbox>
	</object>
	<object>
		<name>ref_coin</name>
		<bndbox>
			<xmin>2050</xmin>
			<ymin>1645</ymin>
			<xmax>2310</xmax>
			<ymax>1842</ymax>
		</bndbox>
	</object>
	<object>
		<name>dish</name>
		<bndbox>
			<xmin>1173</xmin>
			<ymin>382</ymin>
			<xmax>2560</xmax>
			<ymax>1358</ymax>
		</bndbox>
	</object>
	<object>
		<name>코다리조림</name>
		<bndbox>
			<xmin>1526</xmin>
			<ymin>481</ymin>
			<xmax>2075</xmax>
			<ymax>1174</ymax>
		</bndbox>
	</object>
</annotation>