<annotation>
	<folder>side생선조림접시코다리조림q5</folder>
	<filename>side_생선조림_접시_코다리조림_Q5_00030.JPG</filename>
	<path>/side생선조림접시코다리조림q5/side_생선조림_접시_코다리조림_Q5_00030.JPG</path>
	<source>
		<database>fooddata</database>
	</source>
	<size>
		<width>3008</width>
		<height>2000</height>
		<depth>3</depth>
	</size>
	<object>
		<name>ref_spoon</name>
		<bndbox>
			<xmin>260</xmin>
			<ymin>1439</ymin>
			<xmax>788</xmax>
			<ymax>1734</ymax>
		</bndbox>
	</object>
	<object>
		<name>ref_fork</name>
		<bndbox>
			<xmin>466</xmin>
			<ymin>1170</ymin>
			<xmax>1003</xmax>
			<ymax>1421</ymax>
		</bndbox>
	</object>
	<object>
		<name>ref_coin</name>
		<bndbox>
			<xmin>394</xmin>
			<ymin>893</ymin>
			<xmax>627</xmax>
			<ymax>1072</ymax>
		</bndbox>
	</object>
	<object>
		<name>dish</name>
		<bndbox>
			<xmin>734</xmin>
			<ymin>141</ymin>
			<xmax>2041</xmax>
			<ymax>991</ymax>
		</bndbox>
	</object>
	<object>
		<name>코다리조림</name>
		<bndbox>
			<xmin>1019</xmin>
			<ymin>374</ymin>
			<xmax>1698</xmax>
			<ymax>760</ymax>
		</bndbox>
	</object>
</annotation>