<annotation>
	<folder>side생선조림접시코다리조림q5</folder>
	<filename>side_생선조림_접시_코다리조림_Q5_00013.JPG</filename>
	<path>/side생선조림접시코다리조림q5/side_생선조림_접시_코다리조림_Q5_00013.JPG</path>
	<source>
		<database>fooddata</database>
	</source>
	<size>
		<width>3008</width>
		<height>2000</height>
		<depth>3</depth>
	</size>
	<object>
		<name>ref_spoon</name>
		<bndbox>
			<xmin>1808</xmin>
			<ymin>311</ymin>
			<xmax>2068</xmax>
			<ymax>722</ymax>
		</bndbox>
	</object>
	<object>
		<name>ref_fork</name>
		<bndbox>
			<xmin>2193</xmin>
			<ymin>373</ymin>
			<xmax>2381</xmax>
			<ymax>839</ymax>
		</bndbox>
	</object>
	<object>
		<name>ref_coin</name>
		<bndbox>
			<xmin>2149</xmin>
			<ymin>1582</ymin>
			<xmax>2390</xmax>
			<ymax>1779</ymax>
		</bndbox>
	</object>
	<object>
		<name>dish</name>
		<bndbox>
			<xmin>188</xmin>
			<ymin>284</ymin>
			<xmax>1558</xmax>
			<ymax>1224</ymax>
		</bndbox>
	</object>
	<object>
		<name>코다리조림</name>
		<bndbox>
			<xmin>592</xmin>
			<ymin>512</ymin>
			<xmax>1243</xmax>
			<ymax>977</ymax>
		</bndbox>
	</object>
</annotation>