<annotation>
	<folder>side생선조림접시코다리조림q5</folder>
	<filename>side_생선조림_접시_코다리조림_Q5_00008.JPG</filename>
	<path>/side생선조림접시코다리조림q5/side_생선조림_접시_코다리조림_Q5_00008.JPG</path>
	<source>
		<database>fooddata</database>
	</source>
	<size>
		<width>3008</width>
		<height>2000</height>
		<depth>3</depth>
	</size>
	<object>
		<name>ref_spoon</name>
		<bndbox>
			<xmin>2005</xmin>
			<ymin>490</ymin>
			<xmax>2292</xmax>
			<ymax>955</ymax>
		</bndbox>
	</object>
	<object>
		<name>ref_fork</name>
		<bndbox>
			<xmin>2408</xmin>
			<ymin>570</ymin>
			<xmax>2632</xmax>
			<ymax>1063</ymax>
		</bndbox>
	</object>
	<object>
		<name>ref_coin</name>
		<bndbox>
			<xmin>1343</xmin>
			<ymin>400</ymin>
			<xmax>1558</xmax>
			<ymax>570</ymax>
		</bndbox>
	</object>
	<object>
		<name>dish</name>
		<bndbox>
			<xmin>197</xmin>
			<ymin>499</ymin>
			<xmax>1853</xmax>
			<ymax>1645</ymax>
		</bndbox>
	</object>
	<object>
		<name>코다리조림</name>
		<bndbox>
			<xmin>612</xmin>
			<ymin>733</ymin>
			<xmax>1394</xmax>
			<ymax>1208</ymax>
		</bndbox>
	</object>
</annotation>