<annotation>
	<folder>side생선조림접시코다리조림q5</folder>
	<filename>side_생선조림_접시_코다리조림_Q5_00014.JPG</filename>
	<path>/side생선조림접시코다리조림q5/side_생선조림_접시_코다리조림_Q5_00014.JPG</path>
	<source>
		<database>fooddata</database>
	</source>
	<size>
		<width>3008</width>
		<height>2000</height>
		<depth>3</depth>
	</size>
	<object>
		<name>ref_spoon</name>
		<bndbox>
			<xmin>1925</xmin>
			<ymin>346</ymin>
			<xmax>2229</xmax>
			<ymax>767</ymax>
		</bndbox>
	</object>
	<object>
		<name>ref_fork</name>
		<bndbox>
			<xmin>2337</xmin>
			<ymin>427</ymin>
			<xmax>2560</xmax>
			<ymax>902</ymax>
		</bndbox>
	</object>
	<object>
		<name>ref_coin</name>
		<bndbox>
			<xmin>1549</xmin>
			<ymin>1492</ymin>
			<xmax>1799</xmax>
			<ymax>1707</ymax>
		</bndbox>
	</object>
	<object>
		<name>dish</name>
		<bndbox>
			<xmin>206</xmin>
			<ymin>293</ymin>
			<xmax>1665</xmax>
			<ymax>1286</ymax>
		</bndbox>
	</object>
	<object>
		<name>코다리조림</name>
		<bndbox>
			<xmin>630</xmin>
			<ymin>523</ymin>
			<xmax>1317</xmax>
			<ymax>1022</ymax>
		</bndbox>
	</object>
</annotation>