<annotation>
	<folder>side생선조림접시코다리조림q5</folder>
	<filename>side_생선조림_접시_코다리조림_Q5_00036.JPG</filename>
	<path>/side생선조림접시코다리조림q5/side_생선조림_접시_코다리조림_Q5_00036.JPG</path>
	<source>
		<database>fooddata</database>
	</source>
	<size>
		<width>3008</width>
		<height>2000</height>
		<depth>3</depth>
	</size>
	<object>
		<name>ref_spoon</name>
		<bndbox>
			<xmin>394</xmin>
			<ymin>221</ymin>
			<xmax>680</xmax>
			<ymax>642</ymax>
		</bndbox>
	</object>
	<object>
		<name>ref_fork</name>
		<bndbox>
			<xmin>797</xmin>
			<ymin>266</ymin>
			<xmax>985</xmax>
			<ymax>740</ymax>
		</bndbox>
	</object>
	<object>
		<name>ref_coin</name>
		<bndbox>
			<xmin>1674</xmin>
			<ymin>1591</ymin>
			<xmax>1916</xmax>
			<ymax>1788</ymax>
		</bndbox>
	</object>
	<object>
		<name>dish</name>
		<bndbox>
			<xmin>1119</xmin>
			<ymin>338</ymin>
			<xmax>2507</xmax>
			<ymax>1349</ymax>
		</bndbox>
	</object>
	<object>
		<name>코다리조림</name>
		<bndbox>
			<xmin>1441</xmin>
			<ymin>455</ymin>
			<xmax>1978</xmax>
			<ymax>1146</ymax>
		</bndbox>
	</object>
</annotation>