<annotation>
	<folder>side생선조림접시코다리조림q5</folder>
	<filename>side_생선조림_접시_코다리조림_Q5_00016.JPG</filename>
	<path>/side생선조림접시코다리조림q5/side_생선조림_접시_코다리조림_Q5_00016.JPG</path>
	<source>
		<database>fooddata</database>
	</source>
	<size>
		<width>3008</width>
		<height>2000</height>
		<depth>3</depth>
	</size>
	<object>
		<name>ref_spoon</name>
		<bndbox>
			<xmin>1934</xmin>
			<ymin>257</ymin>
			<xmax>2220</xmax>
			<ymax>696</ymax>
		</bndbox>
	</object>
	<object>
		<name>ref_fork</name>
		<bndbox>
			<xmin>2337</xmin>
			<ymin>346</ymin>
			<xmax>2560</xmax>
			<ymax>839</ymax>
		</bndbox>
	</object>
	<object>
		<name>ref_coin</name>
		<bndbox>
			<xmin>546</xmin>
			<ymin>1555</ymin>
			<xmax>797</xmax>
			<ymax>1752</ymax>
		</bndbox>
	</object>
	<object>
		<name>dish</name>
		<bndbox>
			<xmin>304</xmin>
			<ymin>221</ymin>
			<xmax>1764</xmax>
			<ymax>1206</ymax>
		</bndbox>
	</object>
	<object>
		<name>코다리조림</name>
		<bndbox>
			<xmin>704</xmin>
			<ymin>410</ymin>
			<xmax>1368</xmax>
			<ymax>919</ymax>
		</bndbox>
	</object>
</annotation>