<annotation>
	<folder>side생선조림접시코다리조림q5</folder>
	<filename>side_생선조림_접시_코다리조림_Q5_00021.JPG</filename>
	<path>/side생선조림접시코다리조림q5/side_생선조림_접시_코다리조림_Q5_00021.JPG</path>
	<source>
		<database>fooddata</database>
	</source>
	<size>
		<width>3008</width>
		<height>2000</height>
		<depth>3</depth>
	</size>
	<object>
		<name>ref_spoon</name>
		<bndbox>
			<xmin>367</xmin>
			<ymin>1394</ymin>
			<xmax>904</xmax>
			<ymax>1680</ymax>
		</bndbox>
	</object>
	<object>
		<name>ref_fork</name>
		<bndbox>
			<xmin>510</xmin>
			<ymin>1215</ymin>
			<xmax>1074</xmax>
			<ymax>1457</ymax>
		</bndbox>
	</object>
	<object>
		<name>ref_coin</name>
		<bndbox>
			<xmin>2353</xmin>
			<ymin>606</ymin>
			<xmax>2560</xmax>
			<ymax>758</ymax>
		</bndbox>
	</object>
	<object>
		<name>dish</name>
		<bndbox>
			<xmin>671</xmin>
			<ymin>158</ymin>
			<xmax>1943</xmax>
			<ymax>1036</ymax>
		</bndbox>
	</object>
	<object>
		<name>코다리조림</name>
		<bndbox>
			<xmin>1042</xmin>
			<ymin>250</ymin>
			<xmax>1543</xmax>
			<ymax>869</ymax>
		</bndbox>
	</object>
</annotation>