<annotation>
	<folder>rework190files</folder>
	<filename>side_생선조림_접시_코다리조림_Q5_00011.JPG</filename>
	<path>/side생선조림접시코다리조림q5/side_생선조림_접시_코다리조림_Q5_00011.JPG</path>
	<source>
		<database>fooddata</database>
	</source>
	<size>
		<width>3008</width>
		<height>2000</height>
		<depth>3</depth>
	</size>
	<object>
		<name>ref_spoon</name>
		<bndbox>
			<xmin>1860</xmin>
			<ymin>388</ymin>
			<xmax>2124</xmax>
			<ymax>754</ymax>
		</bndbox>
	</object>
	<object>
		<name>ref_fork</name>
		<bndbox>
			<xmin>2226</xmin>
			<ymin>433</ymin>
			<xmax>2419</xmax>
			<ymax>835</ymax>
		</bndbox>
	</object>
	<object>
		<name>ref_coin</name>
		<bndbox>
			<xmin>2637</xmin>
			<ymin>1185</ymin>
			<xmax>2856</xmax>
			<ymax>1358</ymax>
		</bndbox>
	</object>
	<object>
		<name>dish</name>
		<bndbox>
			<xmin>264</xmin>
			<ymin>408</ymin>
			<xmax>1667</xmax>
			<ymax>1404</ymax>
		</bndbox>
	</object>
	<object>
		<name>코다리조림</name>
		<bndbox>
			<xmin>671</xmin>
			<ymin>596</ymin>
			<xmax>1296</xmax>
			<ymax>1109</ymax>
		</bndbox>
	</object>
</annotation>