<annotation>
	<folder>side생선조림접시코다리조림q5</folder>
	<filename>side_생선조림_접시_코다리조림_Q5_00053.JPG</filename>
	<path>/side생선조림접시코다리조림q5/side_생선조림_접시_코다리조림_Q5_00053.JPG</path>
	<source>
		<database>fooddata</database>
	</source>
	<size>
		<width>3008</width>
		<height>2000</height>
		<depth>3</depth>
	</size>
	<object>
		<name>ref_spoon</name>
		<bndbox>
			<xmin>179</xmin>
			<ymin>302</ymin>
			<xmax>483</xmax>
			<ymax>740</ymax>
		</bndbox>
	</object>
	<object>
		<name>ref_fork</name>
		<bndbox>
			<xmin>591</xmin>
			<ymin>364</ymin>
			<xmax>788</xmax>
			<ymax>875</ymax>
		</bndbox>
	</object>
	<object>
		<name>ref_coin</name>
		<bndbox>
			<xmin>2632</xmin>
			<ymin>570</ymin>
			<xmax>2865</xmax>
			<ymax>740</ymax>
		</bndbox>
	</object>
	<object>
		<name>dish</name>
		<bndbox>
			<xmin>886</xmin>
			<ymin>436</ymin>
			<xmax>2363</xmax>
			<ymax>1501</ymax>
		</bndbox>
	</object>
	<object>
		<name>코다리조림</name>
		<bndbox>
			<xmin>1235</xmin>
			<ymin>626</ymin>
			<xmax>2056</xmax>
			<ymax>1135</ymax>
		</bndbox>
	</object>
</annotation>