<annotation>
	<folder>side생선조림접시코다리조림q5</folder>
	<filename>side_생선조림_접시_코다리조림_Q5_00005.JPG</filename>
	<path>/side생선조림접시코다리조림q5/side_생선조림_접시_코다리조림_Q5_00005.JPG</path>
	<source>
		<database>fooddata</database>
	</source>
	<size>
		<width>3008</width>
		<height>2000</height>
		<depth>3</depth>
	</size>
	<object>
		<name>ref_spoon</name>
		<bndbox>
			<xmin>2122</xmin>
			<ymin>517</ymin>
			<xmax>2408</xmax>
			<ymax>928</ymax>
		</bndbox>
	</object>
	<object>
		<name>ref_fork</name>
		<bndbox>
			<xmin>2507</xmin>
			<ymin>606</ymin>
			<xmax>2722</xmax>
			<ymax>1054</ymax>
		</bndbox>
	</object>
	<object>
		<name>ref_coin</name>
		<bndbox>
			<xmin>483</xmin>
			<ymin>418</ymin>
			<xmax>698</xmax>
			<ymax>561</ymax>
		</bndbox>
	</object>
	<object>
		<name>dish</name>
		<bndbox>
			<xmin>564</xmin>
			<ymin>561</ymin>
			<xmax>2059</xmax>
			<ymax>1582</ymax>
		</bndbox>
	</object>
	<object>
		<name>코다리조림</name>
		<bndbox>
			<xmin>1000</xmin>
			<ymin>723</ymin>
			<xmax>1576</xmax>
			<ymax>1345</ymax>
		</bndbox>
	</object>
</annotation>