<annotation>
	<folder>top생선조림접시코다리조림q5</folder>
	<filename>top_생선조림_접시_코다리조림_Q5_00006.JPG</filename>
	<path>/top생선조림접시코다리조림q5/top_생선조림_접시_코다리조림_Q5_00006.JPG</path>
	<source>
		<database>fooddata</database>
	</source>
	<size>
		<width>3008</width>
		<height>2000</height>
		<depth>3</depth>
	</size>
	<object>
		<name>ref_spoon</name>
		<bndbox>
			<xmin>1854</xmin>
			<ymin>213</ymin>
			<xmax>2108</xmax>
			<ymax>602</ymax>
		</bndbox>
	</object>
	<object>
		<name>ref_fork</name>
		<bndbox>
			<xmin>2203</xmin>
			<ymin>239</ymin>
			<xmax>2370</xmax>
			<ymax>689</ymax>
		</bndbox>
	</object>
	<object>
		<name>ref_coin</name>
		<bndbox>
			<xmin>972</xmin>
			<ymin>1558</ymin>
			<xmax>1170</xmax>
			<ymax>1766</ymax>
		</bndbox>
	</object>
	<object>
		<name>dish</name>
		<bndbox>
			<xmin>437</xmin>
			<ymin>242</ymin>
			<xmax>1687</xmax>
			<ymax>1452</ymax>
		</bndbox>
	</object>
	<object>
		<name>코다리조림</name>
		<bndbox>
			<xmin>686</xmin>
			<ymin>483</ymin>
			<xmax>1414</xmax>
			<ymax>1183</ymax>
		</bndbox>
	</object>
</annotation>