<annotation>
	<folder>top생선조림접시코다리조림q5</folder>
	<filename>top_생선조림_접시_코다리조림_Q5_00016.JPG</filename>
	<path>/top생선조림접시코다리조림q5/top_생선조림_접시_코다리조림_Q5_00016.JPG</path>
	<source>
		<database>fooddata</database>
	</source>
	<size>
		<width>3008</width>
		<height>2000</height>
		<depth>3</depth>
	</size>
	<object>
		<name>ref_spoon</name>
		<bndbox>
			<xmin>1967</xmin>
			<ymin>270</ymin>
			<xmax>2237</xmax>
			<ymax>738</ymax>
		</bndbox>
	</object>
	<object>
		<name>ref_fork</name>
		<bndbox>
			<xmin>2340</xmin>
			<ymin>262</ymin>
			<xmax>2530</xmax>
			<ymax>748</ymax>
		</bndbox>
	</object>
	<object>
		<name>ref_coin</name>
		<bndbox>
			<xmin>1759</xmin>
			<ymin>1265</ymin>
			<xmax>1954</xmax>
			<ymax>1463</ymax>
		</bndbox>
	</object>
	<object>
		<name>dish</name>
		<bndbox>
			<xmin>278</xmin>
			<ymin>409</ymin>
			<xmax>1751</xmax>
			<ymax>1856</ymax>
		</bndbox>
	</object>
	<object>
		<name>코다리조림</name>
		<bndbox>
			<xmin>643</xmin>
			<ymin>769</ymin>
			<xmax>1388</xmax>
			<ymax>1499</ymax>
		</bndbox>
	</object>
</annotation>