<annotation>
	<folder>top생선조림접시코다리조림q5</folder>
	<filename>top_생선조림_접시_코다리조림_Q5_00059.JPG</filename>
	<path>/top생선조림접시코다리조림q5/top_생선조림_접시_코다리조림_Q5_00059.JPG</path>
	<source>
		<database>fooddata</database>
	</source>
	<size>
		<width>3008</width>
		<height>2000</height>
		<depth>3</depth>
	</size>
	<object>
		<name>ref_spoon</name>
		<bndbox>
			<xmin>283</xmin>
			<ymin>357</ymin>
			<xmax>576</xmax>
			<ymax>856</ymax>
		</bndbox>
	</object>
	<object>
		<name>ref_fork</name>
		<bndbox>
			<xmin>743</xmin>
			<ymin>424</ymin>
			<xmax>956</xmax>
			<ymax>933</ymax>
		</bndbox>
	</object>
	<object>
		<name>ref_coin</name>
		<bndbox>
			<xmin>1946</xmin>
			<ymin>126</ymin>
			<xmax>2152</xmax>
			<ymax>332</ymax>
		</bndbox>
	</object>
	<object>
		<name>dish</name>
		<bndbox>
			<xmin>1049</xmin>
			<ymin>352</ymin>
			<xmax>2532</xmax>
			<ymax>1833</ymax>
		</bndbox>
	</object>
	<object>
		<name>코다리조림</name>
		<bndbox>
			<xmin>1427</xmin>
			<ymin>604</ymin>
			<xmax>2221</xmax>
			<ymax>1327</ymax>
		</bndbox>
	</object>
</annotation>