<annotation>
	<folder>top생선조림접시코다리조림q5</folder>
	<filename>top_생선조림_접시_코다리조림_Q5_00053.JPG</filename>
	<path>/top생선조림접시코다리조림q5/top_생선조림_접시_코다리조림_Q5_00053.JPG</path>
	<source>
		<database>fooddata</database>
	</source>
	<size>
		<width>3008</width>
		<height>2000</height>
		<depth>3</depth>
	</size>
	<object>
		<name>ref_spoon</name>
		<bndbox>
			<xmin>434</xmin>
			<ymin>154</ymin>
			<xmax>712</xmax>
			<ymax>594</ymax>
		</bndbox>
	</object>
	<object>
		<name>ref_fork</name>
		<bndbox>
			<xmin>874</xmin>
			<ymin>226</ymin>
			<xmax>1062</xmax>
			<ymax>738</ymax>
		</bndbox>
	</object>
	<object>
		<name>ref_coin</name>
		<bndbox>
			<xmin>2134</xmin>
			<ymin>1676</ymin>
			<xmax>2334</xmax>
			<ymax>1895</ymax>
		</bndbox>
	</object>
	<object>
		<name>dish</name>
		<bndbox>
			<xmin>1203</xmin>
			<ymin>242</ymin>
			<xmax>2571</xmax>
			<ymax>1607</ymax>
		</bndbox>
	</object>
	<object>
		<name>코다리조림</name>
		<bndbox>
			<xmin>1447</xmin>
			<ymin>473</ymin>
			<xmax>2291</xmax>
			<ymax>1434</ymax>
		</bndbox>
	</object>
</annotation>