<annotation>
	<folder>top생선조림접시코다리조림q5</folder>
	<filename>top_생선조림_접시_코다리조림_Q5_00052.JPG</filename>
	<path>/top생선조림접시코다리조림q5/top_생선조림_접시_코다리조림_Q5_00052.JPG</path>
	<source>
		<database>fooddata</database>
	</source>
	<size>
		<width>3008</width>
		<height>2000</height>
		<depth>3</depth>
	</size>
	<object>
		<name>ref_spoon</name>
		<bndbox>
			<xmin>447</xmin>
			<ymin>98</ymin>
			<xmax>722</xmax>
			<ymax>589</ymax>
		</bndbox>
	</object>
	<object>
		<name>ref_fork</name>
		<bndbox>
			<xmin>879</xmin>
			<ymin>175</ymin>
			<xmax>1067</xmax>
			<ymax>671</ymax>
		</bndbox>
	</object>
	<object>
		<name>ref_coin</name>
		<bndbox>
			<xmin>1615</xmin>
			<ymin>1635</ymin>
			<xmax>1818</xmax>
			<ymax>1846</ymax>
		</bndbox>
	</object>
	<object>
		<name>dish</name>
		<bndbox>
			<xmin>1208</xmin>
			<ymin>170</ymin>
			<xmax>2563</xmax>
			<ymax>1522</ymax>
		</bndbox>
	</object>
	<object>
		<name>코다리조림</name>
		<bndbox>
			<xmin>1442</xmin>
			<ymin>437</ymin>
			<xmax>2311</xmax>
			<ymax>1337</ymax>
		</bndbox>
	</object>
</annotation>