<annotation>
	<folder>top생선조림접시코다리조림q5</folder>
	<filename>top_생선조림_접시_코다리조림_Q5_00025.JPG</filename>
	<path>/top생선조림접시코다리조림q5/top_생선조림_접시_코다리조림_Q5_00025.JPG</path>
	<source>
		<database>fooddata</database>
	</source>
	<size>
		<width>3008</width>
		<height>2000</height>
		<depth>3</depth>
	</size>
	<object>
		<name>ref_spoon</name>
		<bndbox>
			<xmin>823</xmin>
			<ymin>1635</ymin>
			<xmax>1239</xmax>
			<ymax>1887</ymax>
		</bndbox>
	</object>
	<object>
		<name>ref_fork</name>
		<bndbox>
			<xmin>933</xmin>
			<ymin>1386</ymin>
			<xmax>1404</xmax>
			<ymax>1555</ymax>
		</bndbox>
	</object>
	<object>
		<name>ref_coin</name>
		<bndbox>
			<xmin>1936</xmin>
			<ymin>80</ymin>
			<xmax>2098</xmax>
			<ymax>239</ymax>
		</bndbox>
	</object>
	<object>
		<name>dish</name>
		<bndbox>
			<xmin>897</xmin>
			<ymin>249</ymin>
			<xmax>2018</xmax>
			<ymax>1339</ymax>
		</bndbox>
	</object>
	<object>
		<name>코다리조림</name>
		<bndbox>
			<xmin>1170</xmin>
			<ymin>460</ymin>
			<xmax>1687</xmax>
			<ymax>1118</ymax>
		</bndbox>
	</object>
</annotation>