<annotation>
	<folder>top생선조림접시코다리조림q5</folder>
	<filename>top_생선조림_접시_코다리조림_Q5_00056.JPG</filename>
	<path>/top생선조림접시코다리조림q5/top_생선조림_접시_코다리조림_Q5_00056.JPG</path>
	<source>
		<database>fooddata</database>
	</source>
	<size>
		<width>3008</width>
		<height>2000</height>
		<depth>3</depth>
	</size>
	<object>
		<name>ref_spoon</name>
		<bndbox>
			<xmin>208</xmin>
			<ymin>226</ymin>
			<xmax>494</xmax>
			<ymax>697</ymax>
		</bndbox>
	</object>
	<object>
		<name>ref_fork</name>
		<bndbox>
			<xmin>645</xmin>
			<ymin>290</ymin>
			<xmax>846</xmax>
			<ymax>763</ymax>
		</bndbox>
	</object>
	<object>
		<name>ref_coin</name>
		<bndbox>
			<xmin>2568</xmin>
			<ymin>956</ymin>
			<xmax>2787</xmax>
			<ymax>1162</ymax>
		</bndbox>
	</object>
	<object>
		<name>dish</name>
		<bndbox>
			<xmin>910</xmin>
			<ymin>239</ymin>
			<xmax>2373</xmax>
			<ymax>1681</ymax>
		</bndbox>
	</object>
	<object>
		<name>코다리조림</name>
		<bndbox>
			<xmin>1208</xmin>
			<ymin>524</ymin>
			<xmax>2178</xmax>
			<ymax>1213</ymax>
		</bndbox>
	</object>
</annotation>