<annotation>
	<folder>top생선조림접시코다리조림q5</folder>
	<filename>top_생선조림_접시_코다리조림_Q5_00010.JPG</filename>
	<path>/top생선조림접시코다리조림q5/top_생선조림_접시_코다리조림_Q5_00010.JPG</path>
	<source>
		<database>fooddata</database>
	</source>
	<size>
		<width>3008</width>
		<height>2000</height>
		<depth>3</depth>
	</size>
	<object>
		<name>ref_spoon</name>
		<bndbox>
			<xmin>2111</xmin>
			<ymin>265</ymin>
			<xmax>2399</xmax>
			<ymax>743</ymax>
		</bndbox>
	</object>
	<object>
		<name>ref_fork</name>
		<bndbox>
			<xmin>2481</xmin>
			<ymin>270</ymin>
			<xmax>2669</xmax>
			<ymax>784</ymax>
		</bndbox>
	</object>
	<object>
		<name>ref_coin</name>
		<bndbox>
			<xmin>283</xmin>
			<ymin>452</ymin>
			<xmax>491</xmax>
			<ymax>650</ymax>
		</bndbox>
	</object>
	<object>
		<name>dish</name>
		<bndbox>
			<xmin>476</xmin>
			<ymin>432</ymin>
			<xmax>1998</xmax>
			<ymax>1931</ymax>
		</bndbox>
	</object>
	<object>
		<name>코다리조림</name>
		<bndbox>
			<xmin>869</xmin>
			<ymin>779</ymin>
			<xmax>1633</xmax>
			<ymax>1537</ymax>
		</bndbox>
	</object>
</annotation>