<annotation>
	<folder>top생선조림접시코다리조림q5</folder>
	<filename>top_생선조림_접시_코다리조림_Q5_00036.JPG</filename>
	<path>/top생선조림접시코다리조림q5/top_생선조림_접시_코다리조림_Q5_00036.JPG</path>
	<source>
		<database>fooddata</database>
	</source>
	<size>
		<width>3008</width>
		<height>2000</height>
		<depth>3</depth>
	</size>
	<object>
		<name>ref_spoon</name>
		<bndbox>
			<xmin>897</xmin>
			<ymin>1560</ymin>
			<xmax>1309</xmax>
			<ymax>1815</ymax>
		</bndbox>
	</object>
	<object>
		<name>ref_fork</name>
		<bndbox>
			<xmin>1000</xmin>
			<ymin>1314</ymin>
			<xmax>1429</xmax>
			<ymax>1481</ymax>
		</bndbox>
	</object>
	<object>
		<name>ref_coin</name>
		<bndbox>
			<xmin>668</xmin>
			<ymin>586</ymin>
			<xmax>838</xmax>
			<ymax>751</ymax>
		</bndbox>
	</object>
	<object>
		<name>dish</name>
		<bndbox>
			<xmin>987</xmin>
			<ymin>164</ymin>
			<xmax>2165</xmax>
			<ymax>1316</ymax>
		</bndbox>
	</object>
	<object>
		<name>코다리조림</name>
		<bndbox>
			<xmin>1270</xmin>
			<ymin>398</ymin>
			<xmax>1820</xmax>
			<ymax>1051</ymax>
		</bndbox>
	</object>
</annotation>