<annotation>
	<folder>side반찬면적접시깻잎장아찌q1</folder>
	<filename>side_반찬면적_접시_깻잎장아찌_Q1_00048.JPG</filename>
	<path>/side반찬면적접시깻잎장아찌q1/side_반찬면적_접시_깻잎장아찌_Q1_00048.JPG</path>
	<source>
		<database>fooddata</database>
	</source>
	<size>
		<width>3008</width>
		<height>2000</height>
		<depth>3</depth>
	</size>
	<object>
		<name>ref_spoon</name>
		<bndbox>
			<xmin>334</xmin>
			<ymin>556</ymin>
			<xmax>632</xmax>
			<ymax>958</ymax>
		</bndbox>
	</object>
	<object>
		<name>ref_fork</name>
		<bndbox>
			<xmin>811</xmin>
			<ymin>523</ymin>
			<xmax>1012</xmax>
			<ymax>966</ymax>
		</bndbox>
	</object>
	<object>
		<name>ref_coin</name>
		<bndbox>
			<xmin>2612</xmin>
			<ymin>1078</ymin>
			<xmax>2832</xmax>
			<ymax>1228</ymax>
		</bndbox>
	</object>
	<object>
		<name>dish</name>
		<bndbox>
			<xmin>1232</xmin>
			<ymin>581</ymin>
			<xmax>2418</xmax>
			<ymax>1382</ymax>
		</bndbox>
	</object>
	<object>
		<name>깻잎장아찌</name>
		<bndbox>
			<xmin>1287</xmin>
			<ymin>701</ymin>
			<xmax>2238</xmax>
			<ymax>1129</ymax>
		</bndbox>
	</object>
</annotation>