<annotation>
	<folder>side반찬면적접시깻잎장아찌q1</folder>
	<filename>side_반찬면적_접시_깻잎장아찌_Q1_00028.JPG</filename>
	<path>/side반찬면적접시깻잎장아찌q1/side_반찬면적_접시_깻잎장아찌_Q1_00028.JPG</path>
	<source>
		<database>fooddata</database>
	</source>
	<size>
		<width>3008</width>
		<height>2000</height>
		<depth>3</depth>
	</size>
	<object>
		<name>ref_spoon</name>
		<bndbox>
			<xmin>1078</xmin>
			<ymin>1530</ymin>
			<xmax>1618</xmax>
			<ymax>1779</ymax>
		</bndbox>
	</object>
	<object>
		<name>ref_fork</name>
		<bndbox>
			<xmin>1105</xmin>
			<ymin>1269</ymin>
			<xmax>1670</xmax>
			<ymax>1487</ymax>
		</bndbox>
	</object>
	<object>
		<name>ref_coin</name>
		<bndbox>
			<xmin>447</xmin>
			<ymin>1537</ymin>
			<xmax>685</xmax>
			<ymax>1703</ymax>
		</bndbox>
	</object>
	<object>
		<name>dish</name>
		<bndbox>
			<xmin>1173</xmin>
			<ymin>485</ymin>
			<xmax>2344</xmax>
			<ymax>1262</ymax>
		</bndbox>
	</object>
	<object>
		<name>깻잎장아찌</name>
		<bndbox>
			<xmin>1338</xmin>
			<ymin>654</ymin>
			<xmax>2116</xmax>
			<ymax>1074</ymax>
		</bndbox>
	</object>
</annotation>