<annotation>
	<folder>side반찬면적접시깻잎장아찌q1</folder>
	<filename>side_반찬면적_접시_깻잎장아찌_Q1_00034.JPG</filename>
	<path>/side반찬면적접시깻잎장아찌q1/side_반찬면적_접시_깻잎장아찌_Q1_00034.JPG</path>
	<source>
		<database>fooddata</database>
	</source>
	<size>
		<width>3008</width>
		<height>2000</height>
		<depth>3</depth>
	</size>
	<object>
		<name>ref_spoon</name>
		<bndbox>
			<xmin>465</xmin>
			<ymin>753</ymin>
			<xmax>750</xmax>
			<ymax>1160</ymax>
		</bndbox>
	</object>
	<object>
		<name>ref_fork</name>
		<bndbox>
			<xmin>918</xmin>
			<ymin>738</ymin>
			<xmax>1108</xmax>
			<ymax>1181</ymax>
		</bndbox>
	</object>
	<object>
		<name>ref_coin</name>
		<bndbox>
			<xmin>1737</xmin>
			<ymin>690</ymin>
			<xmax>1930</xmax>
			<ymax>817</ymax>
		</bndbox>
	</object>
	<object>
		<name>dish</name>
		<bndbox>
			<xmin>1279</xmin>
			<ymin>854</ymin>
			<xmax>2422</xmax>
			<ymax>1661</ymax>
		</bndbox>
	</object>
	<object>
		<name>깻잎장아찌</name>
		<bndbox>
			<xmin>1539</xmin>
			<ymin>925</ymin>
			<xmax>2022</xmax>
			<ymax>1471</ymax>
		</bndbox>
	</object>
</annotation>