<annotation>
	<folder>side반찬면적접시깻잎장아찌q1</folder>
	<filename>side_반찬면적_접시_깻잎장아찌_Q1_00006.JPG</filename>
	<path>/side반찬면적접시깻잎장아찌q1/side_반찬면적_접시_깻잎장아찌_Q1_00006.JPG</path>
	<source>
		<database>fooddata</database>
	</source>
	<size>
		<width>3008</width>
		<height>2000</height>
		<depth>3</depth>
	</size>
	<object>
		<name>ref_spoon</name>
		<bndbox>
			<xmin>1964</xmin>
			<ymin>499</ymin>
			<xmax>2252</xmax>
			<ymax>917</ymax>
		</bndbox>
	</object>
	<object>
		<name>ref_fork</name>
		<bndbox>
			<xmin>2366</xmin>
			<ymin>486</ymin>
			<xmax>2574</xmax>
			<ymax>926</ymax>
		</bndbox>
	</object>
	<object>
		<name>ref_coin</name>
		<bndbox>
			<xmin>373</xmin>
			<ymin>1093</ymin>
			<xmax>597</xmax>
			<ymax>1248</ymax>
		</bndbox>
	</object>
	<object>
		<name>dish</name>
		<bndbox>
			<xmin>737</xmin>
			<ymin>616</ymin>
			<xmax>1939</xmax>
			<ymax>1445</ymax>
		</bndbox>
	</object>
	<object>
		<name>깻잎장아찌</name>
		<bndbox>
			<xmin>1006</xmin>
			<ymin>683</ymin>
			<xmax>1609</xmax>
			<ymax>1241</ymax>
		</bndbox>
	</object>
</annotation>