<annotation>
	<folder>side반찬면적접시깻잎장아찌q1</folder>
	<filename>side_반찬면적_접시_깻잎장아찌_Q1_00025.JPG</filename>
	<path>/side반찬면적접시깻잎장아찌q1/side_반찬면적_접시_깻잎장아찌_Q1_00025.JPG</path>
	<source>
		<database>fooddata</database>
	</source>
	<size>
		<width>3008</width>
		<height>2000</height>
		<depth>3</depth>
	</size>
	<object>
		<name>ref_spoon</name>
		<bndbox>
			<xmin>1099</xmin>
			<ymin>1526</ymin>
			<xmax>1643</xmax>
			<ymax>1775</ymax>
		</bndbox>
	</object>
	<object>
		<name>ref_fork</name>
		<bndbox>
			<xmin>1124</xmin>
			<ymin>1264</ymin>
			<xmax>1693</xmax>
			<ymax>1483</ymax>
		</bndbox>
	</object>
	<object>
		<name>ref_coin</name>
		<bndbox>
			<xmin>664</xmin>
			<ymin>914</ymin>
			<xmax>879</xmax>
			<ymax>1058</ymax>
		</bndbox>
	</object>
	<object>
		<name>dish</name>
		<bndbox>
			<xmin>1197</xmin>
			<ymin>434</ymin>
			<xmax>2363</xmax>
			<ymax>1204</ymax>
		</bndbox>
	</object>
	<object>
		<name>깻잎장아찌</name>
		<bndbox>
			<xmin>1499</xmin>
			<ymin>555</ymin>
			<xmax>2120</xmax>
			<ymax>1025</ymax>
		</bndbox>
	</object>
</annotation>