<annotation>
	<folder>side반찬면적접시깻잎장아찌q1</folder>
	<filename>side_반찬면적_접시_깻잎장아찌_Q1_00031.JPG</filename>
	<path>/side반찬면적접시깻잎장아찌q1/side_반찬면적_접시_깻잎장아찌_Q1_00031.JPG</path>
	<source>
		<database>fooddata</database>
	</source>
	<size>
		<width>3008</width>
		<height>2000</height>
		<depth>3</depth>
	</size>
	<object>
		<name>ref_spoon</name>
		<bndbox>
			<xmin>946</xmin>
			<ymin>1627</ymin>
			<xmax>1482</xmax>
			<ymax>1881</ymax>
		</bndbox>
	</object>
	<object>
		<name>ref_fork</name>
		<bndbox>
			<xmin>980</xmin>
			<ymin>1370</ymin>
			<xmax>1531</xmax>
			<ymax>1594</ymax>
		</bndbox>
	</object>
	<object>
		<name>ref_coin</name>
		<bndbox>
			<xmin>2105</xmin>
			<ymin>505</ymin>
			<xmax>2299</xmax>
			<ymax>629</ymax>
		</bndbox>
	</object>
	<object>
		<name>dish</name>
		<bndbox>
			<xmin>1114</xmin>
			<ymin>626</ymin>
			<xmax>2269</xmax>
			<ymax>1392</ymax>
		</bndbox>
	</object>
	<object>
		<name>깻잎장아찌</name>
		<bndbox>
			<xmin>1379</xmin>
			<ymin>752</ymin>
			<xmax>2018</xmax>
			<ymax>1227</ymax>
		</bndbox>
	</object>
</annotation>