<annotation>
	<folder>top반찬면적접시깻잎장아찌q1</folder>
	<filename>top_반찬면적_접시_깻잎장아찌_Q1_00037.JPG</filename>
	<path>/top반찬면적접시깻잎장아찌q1/top_반찬면적_접시_깻잎장아찌_Q1_00037.JPG</path>
	<source>
		<database>fooddata</database>
	</source>
	<size>
		<width>3008</width>
		<height>2000</height>
		<depth>3</depth>
	</size>
	<object>
		<name>ref_spoon</name>
		<bndbox>
			<xmin>685</xmin>
			<ymin>514</ymin>
			<xmax>958</xmax>
			<ymax>936</ymax>
		</bndbox>
	</object>
	<object>
		<name>ref_fork</name>
		<bndbox>
			<xmin>1124</xmin>
			<ymin>532</ymin>
			<xmax>1298</xmax>
			<ymax>982</ymax>
		</bndbox>
	</object>
	<object>
		<name>ref_coin</name>
		<bndbox>
			<xmin>1894</xmin>
			<ymin>1681</ymin>
			<xmax>2086</xmax>
			<ymax>1876</ymax>
		</bndbox>
	</object>
	<object>
		<name>dish</name>
		<bndbox>
			<xmin>1433</xmin>
			<ymin>528</ymin>
			<xmax>2458</xmax>
			<ymax>1564</ymax>
		</bndbox>
	</object>
	<object>
		<name>깻잎장아찌</name>
		<bndbox>
			<xmin>1589</xmin>
			<ymin>858</ymin>
			<xmax>2135</xmax>
			<ymax>1333</ymax>
		</bndbox>
	</object>
</annotation>