<annotation>
	<folder>top반찬면적접시깻잎장아찌q1</folder>
	<filename>top_반찬면적_접시_깻잎장아찌_Q1_00021.JPG</filename>
	<path>/top반찬면적접시깻잎장아찌q1/top_반찬면적_접시_깻잎장아찌_Q1_00021.JPG</path>
	<source>
		<database>fooddata</database>
	</source>
	<size>
		<width>3008</width>
		<height>2000</height>
		<depth>3</depth>
	</size>
	<object>
		<name>ref_spoon</name>
		<bndbox>
			<xmin>926</xmin>
			<ymin>1585</ymin>
			<xmax>1351</xmax>
			<ymax>1873</ymax>
		</bndbox>
	</object>
	<object>
		<name>ref_fork</name>
		<bndbox>
			<xmin>954</xmin>
			<ymin>1337</ymin>
			<xmax>1415</xmax>
			<ymax>1518</ymax>
		</bndbox>
	</object>
	<object>
		<name>ref_coin</name>
		<bndbox>
			<xmin>2260</xmin>
			<ymin>550</ymin>
			<xmax>2440</xmax>
			<ymax>730</ymax>
		</bndbox>
	</object>
	<object>
		<name>dish</name>
		<bndbox>
			<xmin>1110</xmin>
			<ymin>198</ymin>
			<xmax>2139</xmax>
			<ymax>1223</ymax>
		</bndbox>
	</object>
	<object>
		<name>깻잎장아찌</name>
		<bndbox>
			<xmin>1337</xmin>
			<ymin>344</ymin>
			<xmax>1798</xmax>
			<ymax>1007</ymax>
		</bndbox>
	</object>
</annotation>