<annotation>
	<folder>top반찬면적접시깻잎장아찌q1</folder>
	<filename>top_반찬면적_접시_깻잎장아찌_Q1_00035.JPG</filename>
	<path>/top반찬면적접시깻잎장아찌q1/top_반찬면적_접시_깻잎장아찌_Q1_00035.JPG</path>
	<source>
		<database>fooddata</database>
	</source>
	<size>
		<width>3008</width>
		<height>2000</height>
		<depth>3</depth>
	</size>
	<object>
		<name>ref_spoon</name>
		<bndbox>
			<xmin>780</xmin>
			<ymin>496</ymin>
			<xmax>1050</xmax>
			<ymax>908</ymax>
		</bndbox>
	</object>
	<object>
		<name>ref_fork</name>
		<bndbox>
			<xmin>1210</xmin>
			<ymin>514</ymin>
			<xmax>1380</xmax>
			<ymax>961</ymax>
		</bndbox>
	</object>
	<object>
		<name>ref_coin</name>
		<bndbox>
			<xmin>1437</xmin>
			<ymin>1511</ymin>
			<xmax>1625</xmax>
			<ymax>1706</ymax>
		</bndbox>
	</object>
	<object>
		<name>dish</name>
		<bndbox>
			<xmin>1476</xmin>
			<ymin>486</ymin>
			<xmax>2497</xmax>
			<ymax>1514</ymax>
		</bndbox>
	</object>
	<object>
		<name>깻잎장아찌</name>
		<bndbox>
			<xmin>1813</xmin>
			<ymin>762</ymin>
			<xmax>2178</xmax>
			<ymax>1380</ymax>
		</bndbox>
	</object>
</annotation>