<annotation>
	<folder>top반찬면적접시깻잎장아찌q1</folder>
	<filename>top_반찬면적_접시_깻잎장아찌_Q1_00002.JPG</filename>
	<path>/top반찬면적접시깻잎장아찌q1/top_반찬면적_접시_깻잎장아찌_Q1_00002.JPG</path>
	<source>
		<database>fooddata</database>
	</source>
	<size>
		<width>3008</width>
		<height>2000</height>
		<depth>3</depth>
	</size>
	<object>
		<name>ref_spoon</name>
		<bndbox>
			<xmin>1816</xmin>
			<ymin>188</ymin>
			<xmax>2100</xmax>
			<ymax>628</ymax>
		</bndbox>
	</object>
	<object>
		<name>ref_fork</name>
		<bndbox>
			<xmin>2221</xmin>
			<ymin>213</ymin>
			<xmax>2412</xmax>
			<ymax>684</ymax>
		</bndbox>
	</object>
	<object>
		<name>ref_coin</name>
		<bndbox>
			<xmin>1224</xmin>
			<ymin>1642</ymin>
			<xmax>1433</xmax>
			<ymax>1855</ymax>
		</bndbox>
	</object>
	<object>
		<name>dish</name>
		<bndbox>
			<xmin>642</xmin>
			<ymin>369</ymin>
			<xmax>1802</xmax>
			<ymax>1518</ymax>
		</bndbox>
	</object>
	<object>
		<name>깻잎장아찌</name>
		<bndbox>
			<xmin>997</xmin>
			<ymin>592</ymin>
			<xmax>1582</xmax>
			<ymax>1209</ymax>
		</bndbox>
	</object>
</annotation>