<annotation>
	<folder>top반찬면적접시깻잎장아찌q1</folder>
	<filename>top_반찬면적_접시_깻잎장아찌_Q1_00053.JPG</filename>
	<path>/top반찬면적접시깻잎장아찌q1/top_반찬면적_접시_깻잎장아찌_Q1_00053.JPG</path>
	<source>
		<database>fooddata</database>
	</source>
	<size>
		<width>3008</width>
		<height>2000</height>
		<depth>3</depth>
	</size>
	<object>
		<name>ref_spoon</name>
		<bndbox>
			<xmin>699</xmin>
			<ymin>418</ymin>
			<xmax>979</xmax>
			<ymax>847</ymax>
		</bndbox>
	</object>
	<object>
		<name>ref_fork</name>
		<bndbox>
			<xmin>1142</xmin>
			<ymin>443</ymin>
			<xmax>1320</xmax>
			<ymax>897</ymax>
		</bndbox>
	</object>
	<object>
		<name>ref_coin</name>
		<bndbox>
			<xmin>2270</xmin>
			<ymin>535</ymin>
			<xmax>2455</xmax>
			<ymax>713</ymax>
		</bndbox>
	</object>
	<object>
		<name>dish</name>
		<bndbox>
			<xmin>1323</xmin>
			<ymin>624</ymin>
			<xmax>2391</xmax>
			<ymax>1692</ymax>
		</bndbox>
	</object>
	<object>
		<name>깻잎장아찌</name>
		<bndbox>
			<xmin>1564</xmin>
			<ymin>755</ymin>
			<xmax>1915</xmax>
			<ymax>1394</ymax>
		</bndbox>
	</object>
</annotation>