<annotation>
	<folder>top반찬면적접시깻잎장아찌q1</folder>
	<filename>top_반찬면적_접시_깻잎장아찌_Q1_00045.JPG</filename>
	<path>/top반찬면적접시깻잎장아찌q1/top_반찬면적_접시_깻잎장아찌_Q1_00045.JPG</path>
	<source>
		<database>fooddata</database>
	</source>
	<size>
		<width>3008</width>
		<height>2000</height>
		<depth>3</depth>
	</size>
	<object>
		<name>ref_spoon</name>
		<bndbox>
			<xmin>656</xmin>
			<ymin>532</ymin>
			<xmax>933</xmax>
			<ymax>940</ymax>
		</bndbox>
	</object>
	<object>
		<name>ref_fork</name>
		<bndbox>
			<xmin>1100</xmin>
			<ymin>542</ymin>
			<xmax>1273</xmax>
			<ymax>986</ymax>
		</bndbox>
	</object>
	<object>
		<name>ref_coin</name>
		<bndbox>
			<xmin>1511</xmin>
			<ymin>486</ymin>
			<xmax>1688</xmax>
			<ymax>667</ymax>
		</bndbox>
	</object>
	<object>
		<name>dish</name>
		<bndbox>
			<xmin>1390</xmin>
			<ymin>727</ymin>
			<xmax>2430</xmax>
			<ymax>1777</ymax>
		</bndbox>
	</object>
	<object>
		<name>깻잎장아찌</name>
		<bndbox>
			<xmin>1688</xmin>
			<ymin>1071</ymin>
			<xmax>2213</xmax>
			<ymax>1578</ymax>
		</bndbox>
	</object>
</annotation>