<annotation>
	<folder>top반찬면적접시깻잎장아찌q1</folder>
	<filename>top_반찬면적_접시_깻잎장아찌_Q1_00013.JPG</filename>
	<path>/top반찬면적접시깻잎장아찌q1/top_반찬면적_접시_깻잎장아찌_Q1_00013.JPG</path>
	<source>
		<database>fooddata</database>
	</source>
	<size>
		<width>3008</width>
		<height>2000</height>
		<depth>3</depth>
	</size>
	<object>
		<name>ref_spoon</name>
		<bndbox>
			<xmin>1788</xmin>
			<ymin>276</ymin>
			<xmax>2072</xmax>
			<ymax>713</ymax>
		</bndbox>
	</object>
	<object>
		<name>ref_fork</name>
		<bndbox>
			<xmin>2171</xmin>
			<ymin>301</ymin>
			<xmax>2355</xmax>
			<ymax>787</ymax>
		</bndbox>
	</object>
	<object>
		<name>ref_coin</name>
		<bndbox>
			<xmin>2433</xmin>
			<ymin>773</ymin>
			<xmax>2625</xmax>
			<ymax>968</ymax>
		</bndbox>
	</object>
	<object>
		<name>dish</name>
		<bndbox>
			<xmin>266</xmin>
			<ymin>571</ymin>
			<xmax>1476</xmax>
			<ymax>1766</ymax>
		</bndbox>
	</object>
	<object>
		<name>깻잎장아찌</name>
		<bndbox>
			<xmin>699</xmin>
			<ymin>808</ymin>
			<xmax>1206</xmax>
			<ymax>1419</ymax>
		</bndbox>
	</object>
</annotation>