<annotation>
	<folder>top반찬면적접시깻잎장아찌q1</folder>
	<filename>top_반찬면적_접시_깻잎장아찌_Q1_00027.JPG</filename>
	<path>/top반찬면적접시깻잎장아찌q1/top_반찬면적_접시_깻잎장아찌_Q1_00027.JPG</path>
	<source>
		<database>fooddata</database>
	</source>
	<size>
		<width>3008</width>
		<height>2000</height>
		<depth>3</depth>
	</size>
	<object>
		<name>ref_spoon</name>
		<bndbox>
			<xmin>954</xmin>
			<ymin>1599</ymin>
			<xmax>1412</xmax>
			<ymax>1908</ymax>
		</bndbox>
	</object>
	<object>
		<name>ref_fork</name>
		<bndbox>
			<xmin>1000</xmin>
			<ymin>1344</ymin>
			<xmax>1469</xmax>
			<ymax>1536</ymax>
		</bndbox>
	</object>
	<object>
		<name>ref_coin</name>
		<bndbox>
			<xmin>809</xmin>
			<ymin>698</ymin>
			<xmax>1007</xmax>
			<ymax>897</ymax>
		</bndbox>
	</object>
	<object>
		<name>dish</name>
		<bndbox>
			<xmin>1192</xmin>
			<ymin>181</ymin>
			<xmax>2263</xmax>
			<ymax>1255</ymax>
		</bndbox>
	</object>
	<object>
		<name>깻잎장아찌</name>
		<bndbox>
			<xmin>1412</xmin>
			<ymin>507</ymin>
			<xmax>2107</xmax>
			<ymax>1039</ymax>
		</bndbox>
	</object>
</annotation>