<annotation>
	<folder>top반찬면적접시깻잎장아찌q1</folder>
	<filename>top_반찬면적_접시_깻잎장아찌_Q1_00009.JPG</filename>
	<path>/top반찬면적접시깻잎장아찌q1/top_반찬면적_접시_깻잎장아찌_Q1_00009.JPG</path>
	<source>
		<database>fooddata</database>
	</source>
	<size>
		<width>3008</width>
		<height>2000</height>
		<depth>3</depth>
	</size>
	<object>
		<name>ref_spoon</name>
		<bndbox>
			<xmin>1848</xmin>
			<ymin>195</ymin>
			<xmax>2125</xmax>
			<ymax>635</ymax>
		</bndbox>
	</object>
	<object>
		<name>ref_fork</name>
		<bndbox>
			<xmin>2242</xmin>
			<ymin>230</ymin>
			<xmax>2433</xmax>
			<ymax>709</ymax>
		</bndbox>
	</object>
	<object>
		<name>ref_coin</name>
		<bndbox>
			<xmin>621</xmin>
			<ymin>283</ymin>
			<xmax>823</xmax>
			<ymax>482</ymax>
		</bndbox>
	</object>
	<object>
		<name>dish</name>
		<bndbox>
			<xmin>532</xmin>
			<ymin>557</ymin>
			<xmax>1727</xmax>
			<ymax>1727</ymax>
		</bndbox>
	</object>
	<object>
		<name>깻잎장아찌</name>
		<bndbox>
			<xmin>752</xmin>
			<ymin>847</ymin>
			<xmax>1387</xmax>
			<ymax>1316</ymax>
		</bndbox>
	</object>
</annotation>