<annotation>
	<folder>top반찬면적접시깻잎장아찌q1</folder>
	<filename>top_반찬면적_접시_깻잎장아찌_Q1_00029.JPG</filename>
	<path>/top반찬면적접시깻잎장아찌q1/top_반찬면적_접시_깻잎장아찌_Q1_00029.JPG</path>
	<source>
		<database>fooddata</database>
	</source>
	<size>
		<width>3008</width>
		<height>2000</height>
		<depth>3</depth>
	</size>
	<object>
		<name>ref_spoon</name>
		<bndbox>
			<xmin>1050</xmin>
			<ymin>1571</ymin>
			<xmax>1486</xmax>
			<ymax>1876</ymax>
		</bndbox>
	</object>
	<object>
		<name>ref_fork</name>
		<bndbox>
			<xmin>1085</xmin>
			<ymin>1312</ymin>
			<xmax>1547</xmax>
			<ymax>1504</ymax>
		</bndbox>
	</object>
	<object>
		<name>ref_coin</name>
		<bndbox>
			<xmin>614</xmin>
			<ymin>1110</ymin>
			<xmax>823</xmax>
			<ymax>1316</ymax>
		</bndbox>
	</object>
	<object>
		<name>dish</name>
		<bndbox>
			<xmin>1249</xmin>
			<ymin>202</ymin>
			<xmax>2316</xmax>
			<ymax>1270</ymax>
		</bndbox>
	</object>
	<object>
		<name>깻잎장아찌</name>
		<bndbox>
			<xmin>1465</xmin>
			<ymin>401</ymin>
			<xmax>1986</xmax>
			<ymax>1103</ymax>
		</bndbox>
	</object>
</annotation>