<annotation>
	<folder>side오므라이스접시오므라이스q1</folder>
	<filename>side_오므라이스_접시_오므라이스_Q1_00021.JPG</filename>
	<path>/side오므라이스접시오므라이스q1/side_오므라이스_접시_오므라이스_Q1_00021.JPG</path>
	<source>
		<database>fooddata</database>
	</source>
	<size>
		<width>5472</width>
		<height>3648</height>
		<depth>3</depth>
	</size>
	<object>
		<name>ref_spoon</name>
		<bndbox>
			<xmin>1100</xmin>
			<ymin>2984</ymin>
			<xmax>2061</xmax>
			<ymax>3539</ymax>
		</bndbox>
	</object>
	<object>
		<name>ref_fork</name>
		<bndbox>
			<xmin>1239</xmin>
			<ymin>2531</ymin>
			<xmax>2274</xmax>
			<ymax>2929</ymax>
		</bndbox>
	</object>
	<object>
		<name>ref_coin</name>
		<bndbox>
			<xmin>4548</xmin>
			<ymin>1413</ymin>
			<xmax>4936</xmax>
			<ymax>1736</ymax>
		</bndbox>
	</object>
	<object>
		<name>dish</name>
		<bndbox>
			<xmin>749</xmin>
			<ymin>405</ymin>
			<xmax>4326</xmax>
			<ymax>2383</ymax>
		</bndbox>
	</object>
	<object>
		<name>오므라이스</name>
		<bndbox>
			<xmin>1812</xmin>
			<ymin>895</ymin>
			<xmax>3272</xmax>
			<ymax>1912</ymax>
		</bndbox>
	</object>
</annotation>