<annotation>
	<folder>side오므라이스접시오므라이스q1</folder>
	<filename>side_오므라이스_접시_오므라이스_Q1_00012.JPG</filename>
	<path>/side오므라이스접시오므라이스q1/side_오므라이스_접시_오므라이스_Q1_00012.JPG</path>
	<source>
		<database>fooddata</database>
	</source>
	<size>
		<width>5472</width>
		<height>3648</height>
		<depth>3</depth>
	</size>
	<object>
		<name>ref_spoon</name>
		<bndbox>
			<xmin>157</xmin>
			<ymin>932</ymin>
			<xmax>693</xmax>
			<ymax>1745</ymax>
		</bndbox>
	</object>
	<object>
		<name>ref_fork</name>
		<bndbox>
			<xmin>832</xmin>
			<ymin>969</ymin>
			<xmax>1202</xmax>
			<ymax>1856</ymax>
		</bndbox>
	</object>
	<object>
		<name>ref_coin</name>
		<bndbox>
			<xmin>4622</xmin>
			<ymin>1385</ymin>
			<xmax>5010</xmax>
			<ymax>1699</ymax>
		</bndbox>
	</object>
	<object>
		<name>dish</name>
		<bndbox>
			<xmin>1239</xmin>
			<ymin>803</ymin>
			<xmax>4954</xmax>
			<ymax>3123</ymax>
		</bndbox>
	</object>
	<object>
		<name>오므라이스</name>
		<bndbox>
			<xmin>2329</xmin>
			<ymin>1283</ymin>
			<xmax>3780</xmax>
			<ymax>2476</ymax>
		</bndbox>
	</object>
</annotation>