<annotation>
	<folder>side오므라이스접시오므라이스q1</folder>
	<filename>side_오므라이스_접시_오므라이스_Q1_00040.JPG</filename>
	<path>/side오므라이스접시오므라이스q1/side_오므라이스_접시_오므라이스_Q1_00040.JPG</path>
	<source>
		<database>fooddata</database>
	</source>
	<size>
		<width>5472</width>
		<height>3648</height>
		<depth>3</depth>
	</size>
	<object>
		<name>ref_spoon</name>
		<bndbox>
			<xmin>1636</xmin>
			<ymin>2929</ymin>
			<xmax>2505</xmax>
			<ymax>3418</ymax>
		</bndbox>
	</object>
	<object>
		<name>ref_fork</name>
		<bndbox>
			<xmin>1756</xmin>
			<ymin>2513</ymin>
			<xmax>2662</xmax>
			<ymax>2855</ymax>
		</bndbox>
	</object>
	<object>
		<name>ref_coin</name>
		<bndbox>
			<xmin>4696</xmin>
			<ymin>1635</ymin>
			<xmax>5084</xmax>
			<ymax>1958</ymax>
		</bndbox>
	</object>
	<object>
		<name>dish</name>
		<bndbox>
			<xmin>1340</xmin>
			<ymin>451</ymin>
			<xmax>4649</xmax>
			<ymax>2300</ymax>
		</bndbox>
	</object>
	<object>
		<name>오므라이스</name>
		<bndbox>
			<xmin>2274</xmin>
			<ymin>710</ymin>
			<xmax>3864</xmax>
			<ymax>1949</ymax>
		</bndbox>
	</object>
</annotation>