<annotation>
	<folder>side오므라이스접시오므라이스q1</folder>
	<filename>side_오므라이스_접시_오므라이스_Q1_00047.JPG</filename>
	<path>/side오므라이스접시오므라이스q1/side_오므라이스_접시_오므라이스_Q1_00047.JPG</path>
	<source>
		<database>fooddata</database>
	</source>
	<size>
		<width>5472</width>
		<height>3648</height>
		<depth>3</depth>
	</size>
	<object>
		<name>ref_spoon</name>
		<bndbox>
			<xmin>647</xmin>
			<ymin>655</ymin>
			<xmax>1146</xmax>
			<ymax>1403</ymax>
		</bndbox>
	</object>
	<object>
		<name>ref_fork</name>
		<bndbox>
			<xmin>1229</xmin>
			<ymin>692</ymin>
			<xmax>1618</xmax>
			<ymax>1561</ymax>
		</bndbox>
	</object>
	<object>
		<name>ref_coin</name>
		<bndbox>
			<xmin>2052</xmin>
			<ymin>2383</ymin>
			<xmax>2477</xmax>
			<ymax>2753</ymax>
		</bndbox>
	</object>
	<object>
		<name>dish</name>
		<bndbox>
			<xmin>1793</xmin>
			<ymin>220</ymin>
			<xmax>5112</xmax>
			<ymax>2762</ymax>
		</bndbox>
	</object>
	<object>
		<name>오므라이스</name>
		<bndbox>
			<xmin>2533</xmin>
			<ymin>775</ymin>
			<xmax>4252</xmax>
			<ymax>1884</ymax>
		</bndbox>
	</object>
</annotation>