<annotation>
	<folder>side오므라이스접시오므라이스q1</folder>
	<filename>side_오므라이스_접시_오므라이스_Q1_00002.JPG</filename>
	<path>/side오므라이스접시오므라이스q1/side_오므라이스_접시_오므라이스_Q1_00002.JPG</path>
	<source>
		<database>fooddata</database>
	</source>
	<size>
		<width>5472</width>
		<height>3648</height>
		<depth>3</depth>
	</size>
	<object>
		<name>ref_spoon</name>
		<bndbox>
			<xmin>111</xmin>
			<ymin>710</ymin>
			<xmax>666</xmax>
			<ymax>1542</ymax>
		</bndbox>
	</object>
	<object>
		<name>ref_fork</name>
		<bndbox>
			<xmin>786</xmin>
			<ymin>701</ymin>
			<xmax>1165</xmax>
			<ymax>1579</ymax>
		</bndbox>
	</object>
	<object>
		<name>ref_coin</name>
		<bndbox>
			<xmin>4159</xmin>
			<ymin>544</ymin>
			<xmax>4585</xmax>
			<ymax>858</ymax>
		</bndbox>
	</object>
	<object>
		<name>dish</name>
		<bndbox>
			<xmin>1294</xmin>
			<ymin>664</ymin>
			<xmax>5287</xmax>
			<ymax>2947</ymax>
		</bndbox>
	</object>
	<object>
		<name>오므라이스</name>
		<bndbox>
			<xmin>2477</xmin>
			<ymin>1219</ymin>
			<xmax>3771</xmax>
			<ymax>2180</ymax>
		</bndbox>
	</object>
</annotation>