<annotation>
	<folder>side오므라이스접시오므라이스q1</folder>
	<filename>side_오므라이스_접시_오므라이스_Q1_00035.JPG</filename>
	<path>/side오므라이스접시오므라이스q1/side_오므라이스_접시_오므라이스_Q1_00035.JPG</path>
	<source>
		<database>fooddata</database>
	</source>
	<size>
		<width>5472</width>
		<height>3648</height>
		<depth>3</depth>
	</size>
	<object>
		<name>ref_spoon</name>
		<bndbox>
			<xmin>1497</xmin>
			<ymin>3021</ymin>
			<xmax>2366</xmax>
			<ymax>3529</ymax>
		</bndbox>
	</object>
	<object>
		<name>ref_fork</name>
		<bndbox>
			<xmin>1581</xmin>
			<ymin>2596</ymin>
			<xmax>2579</xmax>
			<ymax>2966</ymax>
		</bndbox>
	</object>
	<object>
		<name>ref_coin</name>
		<bndbox>
			<xmin>4566</xmin>
			<ymin>1625</ymin>
			<xmax>4936</xmax>
			<ymax>1930</ymax>
		</bndbox>
	</object>
	<object>
		<name>dish</name>
		<bndbox>
			<xmin>1239</xmin>
			<ymin>590</ymin>
			<xmax>4548</xmax>
			<ymax>2429</ymax>
		</bndbox>
	</object>
	<object>
		<name>오므라이스</name>
		<bndbox>
			<xmin>2080</xmin>
			<ymin>821</ymin>
			<xmax>3577</xmax>
			<ymax>1986</ymax>
		</bndbox>
	</object>
</annotation>