<annotation>
	<folder>side오므라이스접시오므라이스q1</folder>
	<filename>side_오므라이스_접시_오므라이스_Q1_00030.JPG</filename>
	<path>/side오므라이스접시오므라이스q1/side_오므라이스_접시_오므라이스_Q1_00030.JPG</path>
	<source>
		<database>fooddata</database>
	</source>
	<size>
		<width>5472</width>
		<height>3648</height>
		<depth>3</depth>
	</size>
	<object>
		<name>ref_spoon</name>
		<bndbox>
			<xmin>1904</xmin>
			<ymin>2753</ymin>
			<xmax>2791</xmax>
			<ymax>3280</ymax>
		</bndbox>
	</object>
	<object>
		<name>ref_fork</name>
		<bndbox>
			<xmin>2034</xmin>
			<ymin>2300</ymin>
			<xmax>3032</xmax>
			<ymax>2716</ymax>
		</bndbox>
	</object>
	<object>
		<name>ref_coin</name>
		<bndbox>
			<xmin>4012</xmin>
			<ymin>193</ymin>
			<xmax>4363</xmax>
			<ymax>488</ymax>
		</bndbox>
	</object>
	<object>
		<name>dish</name>
		<bndbox>
			<xmin>1618</xmin>
			<ymin>322</ymin>
			<xmax>5112</xmax>
			<ymax>2235</ymax>
		</bndbox>
	</object>
	<object>
		<name>오므라이스</name>
		<bndbox>
			<xmin>2644</xmin>
			<ymin>766</ymin>
			<xmax>4233</xmax>
			<ymax>1829</ymax>
		</bndbox>
	</object>
</annotation>