<annotation>
	<folder>side오므라이스접시오므라이스q1</folder>
	<filename>side_오므라이스_접시_오므라이스_Q1_00038.JPG</filename>
	<path>/side오므라이스접시오므라이스q1/side_오므라이스_접시_오므라이스_Q1_00038.JPG</path>
	<source>
		<database>fooddata</database>
	</source>
	<size>
		<width>5472</width>
		<height>3648</height>
		<depth>3</depth>
	</size>
	<object>
		<name>ref_spoon</name>
		<bndbox>
			<xmin>1562</xmin>
			<ymin>2947</ymin>
			<xmax>2422</xmax>
			<ymax>3446</ymax>
		</bndbox>
	</object>
	<object>
		<name>ref_fork</name>
		<bndbox>
			<xmin>1645</xmin>
			<ymin>2513</ymin>
			<xmax>2607</xmax>
			<ymax>2882</ymax>
		</bndbox>
	</object>
	<object>
		<name>ref_coin</name>
		<bndbox>
			<xmin>693</xmin>
			<ymin>1810</ymin>
			<xmax>1091</xmax>
			<ymax>2143</ymax>
		</bndbox>
	</object>
	<object>
		<name>dish</name>
		<bndbox>
			<xmin>1285</xmin>
			<ymin>479</ymin>
			<xmax>4585</xmax>
			<ymax>2319</ymax>
		</bndbox>
	</object>
	<object>
		<name>오므라이스</name>
		<bndbox>
			<xmin>2228</xmin>
			<ymin>803</ymin>
			<xmax>3734</xmax>
			<ymax>1875</ymax>
		</bndbox>
	</object>
</annotation>