<annotation>
	<folder>side오므라이스접시오므라이스q1</folder>
	<filename>side_오므라이스_접시_오므라이스_Q1_00049.JPG</filename>
	<path>/side오므라이스접시오므라이스q1/side_오므라이스_접시_오므라이스_Q1_00049.JPG</path>
	<source>
		<database>fooddata</database>
	</source>
	<size>
		<width>5472</width>
		<height>3648</height>
		<depth>3</depth>
	</size>
	<object>
		<name>ref_spoon</name>
		<bndbox>
			<xmin>675</xmin>
			<ymin>710</ymin>
			<xmax>1192</xmax>
			<ymax>1505</ymax>
		</bndbox>
	</object>
	<object>
		<name>ref_fork</name>
		<bndbox>
			<xmin>1266</xmin>
			<ymin>747</ymin>
			<xmax>1645</xmax>
			<ymax>1616</ymax>
		</bndbox>
	</object>
	<object>
		<name>ref_coin</name>
		<bndbox>
			<xmin>1719</xmin>
			<ymin>2189</ymin>
			<xmax>2154</xmax>
			<ymax>2550</ymax>
		</bndbox>
	</object>
	<object>
		<name>dish</name>
		<bndbox>
			<xmin>1830</xmin>
			<ymin>276</ymin>
			<xmax>5167</xmax>
			<ymax>2836</ymax>
		</bndbox>
	</object>
	<object>
		<name>오므라이스</name>
		<bndbox>
			<xmin>2496</xmin>
			<ymin>461</ymin>
			<xmax>3984</xmax>
			<ymax>1930</ymax>
		</bndbox>
	</object>
</annotation>