<annotation>
	<folder>side오므라이스접시오므라이스q1</folder>
	<filename>side_오므라이스_접시_오므라이스_Q1_00044.JPG</filename>
	<path>/side오므라이스접시오므라이스q1/side_오므라이스_접시_오므라이스_Q1_00044.JPG</path>
	<source>
		<database>fooddata</database>
	</source>
	<size>
		<width>5472</width>
		<height>3648</height>
		<depth>3</depth>
	</size>
	<object>
		<name>ref_spoon</name>
		<bndbox>
			<xmin>314</xmin>
			<ymin>719</ymin>
			<xmax>850</xmax>
			<ymax>1505</ymax>
		</bndbox>
	</object>
	<object>
		<name>ref_fork</name>
		<bndbox>
			<xmin>924</xmin>
			<ymin>766</ymin>
			<xmax>1294</xmax>
			<ymax>1653</ymax>
		</bndbox>
	</object>
	<object>
		<name>ref_coin</name>
		<bndbox>
			<xmin>4492</xmin>
			<ymin>2688</ymin>
			<xmax>4927</xmax>
			<ymax>3095</ymax>
		</bndbox>
	</object>
	<object>
		<name>dish</name>
		<bndbox>
			<xmin>1470</xmin>
			<ymin>285</ymin>
			<xmax>4770</xmax>
			<ymax>2781</ymax>
		</bndbox>
	</object>
	<object>
		<name>오므라이스</name>
		<bndbox>
			<xmin>1960</xmin>
			<ymin>849</ymin>
			<xmax>3716</xmax>
			<ymax>2134</ymax>
		</bndbox>
	</object>
</annotation>