<annotation>
	<folder>side오므라이스접시오므라이스q1</folder>
	<filename>side_오므라이스_접시_오므라이스_Q1_00027.JPG</filename>
	<path>/side오므라이스접시오므라이스q1/side_오므라이스_접시_오므라이스_Q1_00027.JPG</path>
	<source>
		<database>fooddata</database>
	</source>
	<size>
		<width>5472</width>
		<height>3648</height>
		<depth>3</depth>
	</size>
	<object>
		<name>ref_spoon</name>
		<bndbox>
			<xmin>1590</xmin>
			<ymin>3003</ymin>
			<xmax>2505</xmax>
			<ymax>3529</ymax>
		</bndbox>
	</object>
	<object>
		<name>ref_fork</name>
		<bndbox>
			<xmin>1682</xmin>
			<ymin>2559</ymin>
			<xmax>2644</xmax>
			<ymax>2929</ymax>
		</bndbox>
	</object>
	<object>
		<name>ref_coin</name>
		<bndbox>
			<xmin>3226</xmin>
			<ymin>100</ymin>
			<xmax>3577</xmax>
			<ymax>377</ymax>
		</bndbox>
	</object>
	<object>
		<name>dish</name>
		<bndbox>
			<xmin>1174</xmin>
			<ymin>470</ymin>
			<xmax>4640</xmax>
			<ymax>2374</ymax>
		</bndbox>
	</object>
	<object>
		<name>오므라이스</name>
		<bndbox>
			<xmin>2200</xmin>
			<ymin>951</ymin>
			<xmax>3790</xmax>
			<ymax>2041</ymax>
		</bndbox>
	</object>
</annotation>