<annotation>
	<folder>side오므라이스접시오므라이스q1</folder>
	<filename>side_오므라이스_접시_오므라이스_Q1_00019.JPG</filename>
	<path>/side오므라이스접시오므라이스q1/side_오므라이스_접시_오므라이스_Q1_00019.JPG</path>
	<source>
		<database>fooddata</database>
	</source>
	<size>
		<width>5472</width>
		<height>3648</height>
		<depth>3</depth>
	</size>
	<object>
		<name>ref_spoon</name>
		<bndbox>
			<xmin>259</xmin>
			<ymin>803</ymin>
			<xmax>795</xmax>
			<ymax>1588</ymax>
		</bndbox>
	</object>
	<object>
		<name>ref_fork</name>
		<bndbox>
			<xmin>934</xmin>
			<ymin>821</ymin>
			<xmax>1313</xmax>
			<ymax>1727</ymax>
		</bndbox>
	</object>
	<object>
		<name>ref_coin</name>
		<bndbox>
			<xmin>2015</xmin>
			<ymin>2799</ymin>
			<xmax>2449</xmax>
			<ymax>3206</ymax>
		</bndbox>
	</object>
	<object>
		<name>dish</name>
		<bndbox>
			<xmin>1534</xmin>
			<ymin>572</ymin>
			<xmax>5176</xmax>
			<ymax>3049</ymax>
		</bndbox>
	</object>
	<object>
		<name>오므라이스</name>
		<bndbox>
			<xmin>2634</xmin>
			<ymin>1191</ymin>
			<xmax>4095</xmax>
			<ymax>2420</ymax>
		</bndbox>
	</object>
</annotation>