<annotation>
	<folder>side오므라이스접시오므라이스q1</folder>
	<filename>side_오므라이스_접시_오므라이스_Q1_00013.JPG</filename>
	<path>/side오므라이스접시오므라이스q1/side_오므라이스_접시_오므라이스_Q1_00013.JPG</path>
	<source>
		<database>fooddata</database>
	</source>
	<size>
		<width>5472</width>
		<height>3648</height>
		<depth>3</depth>
	</size>
	<object>
		<name>ref_spoon</name>
		<bndbox>
			<xmin>166</xmin>
			<ymin>803</ymin>
			<xmax>712</xmax>
			<ymax>1616</ymax>
		</bndbox>
	</object>
	<object>
		<name>ref_fork</name>
		<bndbox>
			<xmin>850</xmin>
			<ymin>821</ymin>
			<xmax>1229</xmax>
			<ymax>1736</ymax>
		</bndbox>
	</object>
	<object>
		<name>ref_coin</name>
		<bndbox>
			<xmin>4816</xmin>
			<ymin>1884</ymin>
			<xmax>5232</xmax>
			<ymax>2226</ymax>
		</bndbox>
	</object>
	<object>
		<name>dish</name>
		<bndbox>
			<xmin>1442</xmin>
			<ymin>396</ymin>
			<xmax>4733</xmax>
			<ymax>3113</ymax>
		</bndbox>
	</object>
	<object>
		<name>오므라이스</name>
		<bndbox>
			<xmin>2292</xmin>
			<ymin>1043</ymin>
			<xmax>3614</xmax>
			<ymax>2328</ymax>
		</bndbox>
	</object>
</annotation>