<annotation>
	<folder>side오므라이스접시오므라이스q1</folder>
	<filename>side_오므라이스_접시_오므라이스_Q1_00050.JPG</filename>
	<path>/side오므라이스접시오므라이스q1/side_오므라이스_접시_오므라이스_Q1_00050.JPG</path>
	<source>
		<database>fooddata</database>
	</source>
	<size>
		<width>5472</width>
		<height>3648</height>
		<depth>3</depth>
	</size>
	<object>
		<name>ref_spoon</name>
		<bndbox>
			<xmin>721</xmin>
			<ymin>692</ymin>
			<xmax>1239</xmax>
			<ymax>1487</ymax>
		</bndbox>
	</object>
	<object>
		<name>ref_fork</name>
		<bndbox>
			<xmin>1313</xmin>
			<ymin>756</ymin>
			<xmax>1682</xmax>
			<ymax>1635</ymax>
		</bndbox>
	</object>
	<object>
		<name>ref_coin</name>
		<bndbox>
			<xmin>2616</xmin>
			<ymin>2725</ymin>
			<xmax>3050</xmax>
			<ymax>3132</ymax>
		</bndbox>
	</object>
	<object>
		<name>dish</name>
		<bndbox>
			<xmin>1895</xmin>
			<ymin>331</ymin>
			<xmax>5195</xmax>
			<ymax>2947</ymax>
		</bndbox>
	</object>
	<object>
		<name>오므라이스</name>
		<bndbox>
			<xmin>2579</xmin>
			<ymin>840</ymin>
			<xmax>4122</xmax>
			<ymax>2041</ymax>
		</bndbox>
	</object>
</annotation>