<annotation>
	<folder>top오므라이스접시오므라이스q1</folder>
	<filename>top_오므라이스_접시_오므라이스_Q1_00030.JPG</filename>
	<path>/top오므라이스접시오므라이스q1/top_오므라이스_접시_오므라이스_Q1_00030.JPG</path>
	<source>
		<database>fooddata</database>
	</source>
	<size>
		<width>5472</width>
		<height>3648</height>
		<depth>3</depth>
	</size>
	<object>
		<name>ref_spoon</name>
		<bndbox>
			<xmin>603</xmin>
			<ymin>865</ymin>
			<xmax>1081</xmax>
			<ymax>1605</ymax>
		</bndbox>
	</object>
	<object>
		<name>ref_fork</name>
		<bndbox>
			<xmin>1211</xmin>
			<ymin>835</ymin>
			<xmax>1543</xmax>
			<ymax>1620</ymax>
		</bndbox>
	</object>
	<object>
		<name>ref_coin</name>
		<bndbox>
			<xmin>4809</xmin>
			<ymin>1872</ymin>
			<xmax>5141</xmax>
			<ymax>2204</ymax>
		</bndbox>
	</object>
	<object>
		<name>dish</name>
		<bndbox>
			<xmin>1629</xmin>
			<ymin>548</ymin>
			<xmax>4844</xmax>
			<ymax>2813</ymax>
		</bndbox>
	</object>
	<object>
		<name>오므라이스</name>
		<bndbox>
			<xmin>2681</xmin>
			<ymin>1238</ymin>
			<xmax>3727</xmax>
			<ymax>2219</ymax>
		</bndbox>
	</object>
</annotation>