<annotation>
	<folder>top오므라이스접시오므라이스q1</folder>
	<filename>top_오므라이스_접시_오므라이스_Q1_00024.JPG</filename>
	<path>/top오므라이스접시오므라이스q1/top_오므라이스_접시_오므라이스_Q1_00024.JPG</path>
	<source>
		<database>fooddata</database>
	</source>
	<size>
		<width>5472</width>
		<height>3648</height>
		<depth>3</depth>
	</size>
	<object>
		<name>ref_spoon</name>
		<bndbox>
			<xmin>819</xmin>
			<ymin>870</ymin>
			<xmax>1277</xmax>
			<ymax>1676</ymax>
		</bndbox>
	</object>
	<object>
		<name>ref_fork</name>
		<bndbox>
			<xmin>1428</xmin>
			<ymin>845</ymin>
			<xmax>1745</xmax>
			<ymax>1701</ymax>
		</bndbox>
	</object>
	<object>
		<name>ref_coin</name>
		<bndbox>
			<xmin>3808</xmin>
			<ymin>2853</ymin>
			<xmax>4135</xmax>
			<ymax>3190</ymax>
		</bndbox>
	</object>
	<object>
		<name>dish</name>
		<bndbox>
			<xmin>1830</xmin>
			<ymin>569</ymin>
			<xmax>5101</xmax>
			<ymax>2873</ymax>
		</bndbox>
	</object>
	<object>
		<name>오므라이스</name>
		<bndbox>
			<xmin>2867</xmin>
			<ymin>1283</ymin>
			<xmax>4034</xmax>
			<ymax>2249</ymax>
		</bndbox>
	</object>
</annotation>