<annotation>
	<folder>top오므라이스접시오므라이스q1</folder>
	<filename>top_오므라이스_접시_오므라이스_Q1_00008.JPG</filename>
	<path>/top오므라이스접시오므라이스q1/top_오므라이스_접시_오므라이스_Q1_00008.JPG</path>
	<source>
		<database>fooddata</database>
	</source>
	<size>
		<width>5472</width>
		<height>3648</height>
		<depth>3</depth>
	</size>
	<object>
		<name>ref_spoon</name>
		<bndbox>
			<xmin>4034</xmin>
			<ymin>392</ymin>
			<xmax>4477</xmax>
			<ymax>1132</ymax>
		</bndbox>
	</object>
	<object>
		<name>ref_fork</name>
		<bndbox>
			<xmin>4638</xmin>
			<ymin>398</ymin>
			<xmax>4945</xmax>
			<ymax>1187</ymax>
		</bndbox>
	</object>
	<object>
		<name>ref_coin</name>
		<bndbox>
			<xmin>3737</xmin>
			<ymin>2893</ymin>
			<xmax>4074</xmax>
			<ymax>3225</ymax>
		</bndbox>
	</object>
	<object>
		<name>dish</name>
		<bndbox>
			<xmin>965</xmin>
			<ymin>518</ymin>
			<xmax>3999</xmax>
			<ymax>3175</ymax>
		</bndbox>
	</object>
	<object>
		<name>오므라이스</name>
		<bndbox>
			<xmin>2107</xmin>
			<ymin>1293</ymin>
			<xmax>3108</xmax>
			<ymax>2385</ymax>
		</bndbox>
	</object>
</annotation>