<annotation>
	<folder>top오므라이스접시오므라이스q1</folder>
	<filename>top_오므라이스_접시_오므라이스_Q1_00048.JPG</filename>
	<path>/top오므라이스접시오므라이스q1/top_오므라이스_접시_오므라이스_Q1_00048.JPG</path>
	<source>
		<database>fooddata</database>
	</source>
	<size>
		<width>5472</width>
		<height>3648</height>
		<depth>3</depth>
	</size>
	<object>
		<name>ref_spoon</name>
		<bndbox>
			<xmin>507</xmin>
			<ymin>649</ymin>
			<xmax>995</xmax>
			<ymax>1520</ymax>
		</bndbox>
	</object>
	<object>
		<name>ref_fork</name>
		<bndbox>
			<xmin>1151</xmin>
			<ymin>634</ymin>
			<xmax>1483</xmax>
			<ymax>1545</ymax>
		</bndbox>
	</object>
	<object>
		<name>ref_coin</name>
		<bndbox>
			<xmin>3556</xmin>
			<ymin>2908</ymin>
			<xmax>3898</xmax>
			<ymax>3276</ymax>
		</bndbox>
	</object>
	<object>
		<name>dish</name>
		<bndbox>
			<xmin>1554</xmin>
			<ymin>403</ymin>
			<xmax>5015</xmax>
			<ymax>2803</ymax>
		</bndbox>
	</object>
	<object>
		<name>오므라이스</name>
		<bndbox>
			<xmin>2605</xmin>
			<ymin>981</ymin>
			<xmax>3974</xmax>
			<ymax>2118</ymax>
		</bndbox>
	</object>
</annotation>