<annotation>
	<folder>top오므라이스접시오므라이스q1</folder>
	<filename>top_오므라이스_접시_오므라이스_Q1_00019.JPG</filename>
	<path>/top오므라이스접시오므라이스q1/top_오므라이스_접시_오므라이스_Q1_00019.JPG</path>
	<source>
		<database>fooddata</database>
	</source>
	<size>
		<width>5472</width>
		<height>3648</height>
		<depth>3</depth>
	</size>
	<object>
		<name>ref_spoon</name>
		<bndbox>
			<xmin>985</xmin>
			<ymin>1042</ymin>
			<xmax>1428</xmax>
			<ymax>1776</ymax>
		</bndbox>
	</object>
	<object>
		<name>ref_fork</name>
		<bndbox>
			<xmin>1589</xmin>
			<ymin>946</ymin>
			<xmax>1896</xmax>
			<ymax>1786</ymax>
		</bndbox>
	</object>
	<object>
		<name>ref_coin</name>
		<bndbox>
			<xmin>3013</xmin>
			<ymin>2783</ymin>
			<xmax>3330</xmax>
			<ymax>3125</ymax>
		</bndbox>
	</object>
	<object>
		<name>dish</name>
		<bndbox>
			<xmin>2067</xmin>
			<ymin>564</ymin>
			<xmax>5136</xmax>
			<ymax>2813</ymax>
		</bndbox>
	</object>
	<object>
		<name>오므라이스</name>
		<bndbox>
			<xmin>3103</xmin>
			<ymin>1187</ymin>
			<xmax>4155</xmax>
			<ymax>2128</ymax>
		</bndbox>
	</object>
</annotation>