<annotation>
	<folder>side건더기국류뚝배기갈비탕q3</folder>
	<filename>side_건더기국류_뚝배기_갈비탕_Q3_00008.JPG</filename>
	<path>/side건더기국류뚝배기갈비탕q3/side_건더기국류_뚝배기_갈비탕_Q3_00008.JPG</path>
	<source>
		<database>fooddata</database>
	</source>
	<size>
		<width>3008</width>
		<height>2000</height>
		<depth>3</depth>
	</size>
	<object>
		<name>ref_spoon</name>
		<bndbox>
			<xmin>2125</xmin>
			<ymin>697</ymin>
			<xmax>2405</xmax>
			<ymax>1042</ymax>
		</bndbox>
	</object>
	<object>
		<name>ref_fork</name>
		<bndbox>
			<xmin>2494</xmin>
			<ymin>684</ymin>
			<xmax>2723</xmax>
			<ymax>1076</ymax>
		</bndbox>
	</object>
	<object>
		<name>ref_coin</name>
		<bndbox>
			<xmin>68</xmin>
			<ymin>1018</ymin>
			<xmax>282</xmax>
			<ymax>1172</ymax>
		</bndbox>
	</object>
	<object>
		<name>dish</name>
		<bndbox>
			<xmin>833</xmin>
			<ymin>512</ymin>
			<xmax>2097</xmax>
			<ymax>1601</ymax>
		</bndbox>
	</object>
	<object>
		<name>갈비탕</name>
		<bndbox>
			<xmin>945</xmin>
			<ymin>815</ymin>
			<xmax>1943</xmax>
			<ymax>1269</ymax>
		</bndbox>
	</object>
</annotation>