<annotation>
	<folder>side건더기국류뚝배기갈비탕q3</folder>
	<filename>side_건더기국류_뚝배기_갈비탕_Q3_00047.JPG</filename>
	<path>/side건더기국류뚝배기갈비탕q3/side_건더기국류_뚝배기_갈비탕_Q3_00047.JPG</path>
	<source>
		<database>fooddata</database>
	</source>
	<size>
		<width>3008</width>
		<height>2000</height>
		<depth>3</depth>
	</size>
	<object>
		<name>ref_spoon</name>
		<bndbox>
			<xmin>196</xmin>
			<ymin>739</ymin>
			<xmax>504</xmax>
			<ymax>1110</ymax>
		</bndbox>
	</object>
	<object>
		<name>ref_fork</name>
		<bndbox>
			<xmin>658</xmin>
			<ymin>721</ymin>
			<xmax>880</xmax>
			<ymax>1151</ymax>
		</bndbox>
	</object>
	<object>
		<name>ref_coin</name>
		<bndbox>
			<xmin>1125</xmin>
			<ymin>350</ymin>
			<xmax>1337</xmax>
			<ymax>478</ymax>
		</bndbox>
	</object>
	<object>
		<name>dish</name>
		<bndbox>
			<xmin>1418</xmin>
			<ymin>308</ymin>
			<xmax>2718</xmax>
			<ymax>1418</ymax>
		</bndbox>
	</object>
	<object>
		<name>갈비탕</name>
		<bndbox>
			<xmin>1546</xmin>
			<ymin>572</ymin>
			<xmax>2582</xmax>
			<ymax>1052</ymax>
		</bndbox>
	</object>
</annotation>