<annotation>
	<folder>side건더기국류뚝배기갈비탕q3</folder>
	<filename>side_건더기국류_뚝배기_갈비탕_Q3_00055.JPG</filename>
	<path>/side건더기국류뚝배기갈비탕q3/side_건더기국류_뚝배기_갈비탕_Q3_00055.JPG</path>
	<source>
		<database>fooddata</database>
	</source>
	<size>
		<width>3008</width>
		<height>2000</height>
		<depth>3</depth>
	</size>
	<object>
		<name>ref_spoon</name>
		<bndbox>
			<xmin>165</xmin>
			<ymin>990</ymin>
			<xmax>470</xmax>
			<ymax>1368</ymax>
		</bndbox>
	</object>
	<object>
		<name>ref_fork</name>
		<bndbox>
			<xmin>614</xmin>
			<ymin>919</ymin>
			<xmax>872</xmax>
			<ymax>1350</ymax>
		</bndbox>
	</object>
	<object>
		<name>ref_coin</name>
		<bndbox>
			<xmin>2593</xmin>
			<ymin>634</ymin>
			<xmax>2807</xmax>
			<ymax>773</ymax>
		</bndbox>
	</object>
	<object>
		<name>dish</name>
		<bndbox>
			<xmin>1112</xmin>
			<ymin>274</ymin>
			<xmax>2407</xmax>
			<ymax>1368</ymax>
		</bndbox>
	</object>
	<object>
		<name>갈비탕</name>
		<bndbox>
			<xmin>1266</xmin>
			<ymin>606</ymin>
			<xmax>2279</xmax>
			<ymax>990</ymax>
		</bndbox>
	</object>
</annotation>