<annotation>
	<folder>side건더기국류뚝배기갈비탕q3</folder>
	<filename>side_건더기국류_뚝배기_갈비탕_Q3_00022.JPG</filename>
	<path>/side건더기국류뚝배기갈비탕q3/side_건더기국류_뚝배기_갈비탕_Q3_00022.JPG</path>
	<source>
		<database>fooddata</database>
	</source>
	<size>
		<width>3008</width>
		<height>2000</height>
		<depth>3</depth>
	</size>
	<object>
		<name>ref_spoon</name>
		<bndbox>
			<xmin>1052</xmin>
			<ymin>1653</ymin>
			<xmax>1509</xmax>
			<ymax>1890</ymax>
		</bndbox>
	</object>
	<object>
		<name>ref_fork</name>
		<bndbox>
			<xmin>1037</xmin>
			<ymin>1436</ymin>
			<xmax>1525</xmax>
			<ymax>1637</ymax>
		</bndbox>
	</object>
	<object>
		<name>ref_coin</name>
		<bndbox>
			<xmin>1394</xmin>
			<ymin>164</ymin>
			<xmax>1585</xmax>
			<ymax>290</ymax>
		</bndbox>
	</object>
	<object>
		<name>dish</name>
		<bndbox>
			<xmin>1253</xmin>
			<ymin>232</ymin>
			<xmax>2457</xmax>
			<ymax>1279</ymax>
		</bndbox>
	</object>
	<object>
		<name>갈비탕</name>
		<bndbox>
			<xmin>1350</xmin>
			<ymin>543</ymin>
			<xmax>2321</xmax>
			<ymax>943</ymax>
		</bndbox>
	</object>
</annotation>