<annotation>
	<folder>side건더기국류뚝배기갈비탕q3</folder>
	<filename>side_건더기국류_뚝배기_갈비탕_Q3_00041.JPG</filename>
	<path>/side건더기국류뚝배기갈비탕q3/side_건더기국류_뚝배기_갈비탕_Q3_00041.JPG</path>
	<source>
		<database>fooddata</database>
	</source>
	<size>
		<width>3008</width>
		<height>2000</height>
		<depth>3</depth>
	</size>
	<object>
		<name>ref_spoon</name>
		<bndbox>
			<xmin>167</xmin>
			<ymin>655</ymin>
			<xmax>465</xmax>
			<ymax>1029</ymax>
		</bndbox>
	</object>
	<object>
		<name>ref_fork</name>
		<bndbox>
			<xmin>619</xmin>
			<ymin>663</ymin>
			<xmax>825</xmax>
			<ymax>1091</ymax>
		</bndbox>
	</object>
	<object>
		<name>ref_coin</name>
		<bndbox>
			<xmin>2601</xmin>
			<ymin>1311</ymin>
			<xmax>2830</xmax>
			<ymax>1478</ymax>
		</bndbox>
	</object>
	<object>
		<name>dish</name>
		<bndbox>
			<xmin>1084</xmin>
			<ymin>217</ymin>
			<xmax>2347</xmax>
			<ymax>1295</ymax>
		</bndbox>
	</object>
	<object>
		<name>갈비탕</name>
		<bndbox>
			<xmin>1209</xmin>
			<ymin>538</ymin>
			<xmax>2191</xmax>
			<ymax>935</ymax>
		</bndbox>
	</object>
</annotation>