<annotation>
	<folder>side건더기국류뚝배기갈비탕q3</folder>
	<filename>side_건더기국류_뚝배기_갈비탕_Q3_00027.JPG</filename>
	<path>/side건더기국류뚝배기갈비탕q3/side_건더기국류_뚝배기_갈비탕_Q3_00027.JPG</path>
	<source>
		<database>fooddata</database>
	</source>
	<size>
		<width>3008</width>
		<height>2000</height>
		<depth>3</depth>
	</size>
	<object>
		<name>ref_spoon</name>
		<bndbox>
			<xmin>786</xmin>
			<ymin>1564</ymin>
			<xmax>1243</xmax>
			<ymax>1799</ymax>
		</bndbox>
	</object>
	<object>
		<name>ref_fork</name>
		<bndbox>
			<xmin>765</xmin>
			<ymin>1347</ymin>
			<xmax>1279</xmax>
			<ymax>1551</ymax>
		</bndbox>
	</object>
	<object>
		<name>ref_coin</name>
		<bndbox>
			<xmin>172</xmin>
			<ymin>1520</ymin>
			<xmax>410</xmax>
			<ymax>1697</ymax>
		</bndbox>
	</object>
	<object>
		<name>dish</name>
		<bndbox>
			<xmin>870</xmin>
			<ymin>138</ymin>
			<xmax>2084</xmax>
			<ymax>1183</ymax>
		</bndbox>
	</object>
	<object>
		<name>갈비탕</name>
		<bndbox>
			<xmin>987</xmin>
			<ymin>444</ymin>
			<xmax>1953</xmax>
			<ymax>838</ymax>
		</bndbox>
	</object>
</annotation>