<annotation>
	<folder>side건더기국류뚝배기갈비탕q3</folder>
	<filename>side_건더기국류_뚝배기_갈비탕_Q3_00028.JPG</filename>
	<path>/side건더기국류뚝배기갈비탕q3/side_건더기국류_뚝배기_갈비탕_Q3_00028.JPG</path>
	<source>
		<database>fooddata</database>
	</source>
	<size>
		<width>3008</width>
		<height>2000</height>
		<depth>3</depth>
	</size>
	<object>
		<name>ref_spoon</name>
		<bndbox>
			<xmin>791</xmin>
			<ymin>1561</ymin>
			<xmax>1251</xmax>
			<ymax>1799</ymax>
		</bndbox>
	</object>
	<object>
		<name>ref_fork</name>
		<bndbox>
			<xmin>765</xmin>
			<ymin>1342</ymin>
			<xmax>1253</xmax>
			<ymax>1540</ymax>
		</bndbox>
	</object>
	<object>
		<name>ref_coin</name>
		<bndbox>
			<xmin>308</xmin>
			<ymin>1632</ymin>
			<xmax>543</xmax>
			<ymax>1804</ymax>
		</bndbox>
	</object>
	<object>
		<name>dish</name>
		<bndbox>
			<xmin>830</xmin>
			<ymin>133</ymin>
			<xmax>2047</xmax>
			<ymax>1183</ymax>
		</bndbox>
	</object>
	<object>
		<name>갈비탕</name>
		<bndbox>
			<xmin>932</xmin>
			<ymin>439</ymin>
			<xmax>1924</xmax>
			<ymax>838</ymax>
		</bndbox>
	</object>
</annotation>