<annotation>
	<folder>top건더기국류뚝배기갈비탕q3</folder>
	<filename>top_건더기국류_뚝배기_갈비탕_Q3_00048.JPG</filename>
	<path>/top건더기국류뚝배기갈비탕q3/top_건더기국류_뚝배기_갈비탕_Q3_00048.JPG</path>
	<source>
		<database>fooddata</database>
	</source>
	<size>
		<width>3008</width>
		<height>2000</height>
		<depth>3</depth>
	</size>
	<object>
		<name>ref_spoon</name>
		<bndbox>
			<xmin>494</xmin>
			<ymin>221</ymin>
			<xmax>784</xmax>
			<ymax>676</ymax>
		</bndbox>
	</object>
	<object>
		<name>ref_fork</name>
		<bndbox>
			<xmin>904</xmin>
			<ymin>369</ymin>
			<xmax>1091</xmax>
			<ymax>870</ymax>
		</bndbox>
	</object>
	<object>
		<name>ref_coin</name>
		<bndbox>
			<xmin>1747</xmin>
			<ymin>1602</ymin>
			<xmax>1951</xmax>
			<ymax>1803</ymax>
		</bndbox>
	</object>
	<object>
		<name>dish</name>
		<bndbox>
			<xmin>1224</xmin>
			<ymin>57</ymin>
			<xmax>2590</xmax>
			<ymax>1430</ymax>
		</bndbox>
	</object>
	<object>
		<name>갈비탕</name>
		<bndbox>
			<xmin>1320</xmin>
			<ymin>248</ymin>
			<xmax>2389</xmax>
			<ymax>1319</ymax>
		</bndbox>
	</object>
</annotation>