<annotation>
	<folder>top건더기국류뚝배기갈비탕q3</folder>
	<filename>top_건더기국류_뚝배기_갈비탕_Q3_00044.JPG</filename>
	<path>/top건더기국류뚝배기갈비탕q3/top_건더기국류_뚝배기_갈비탕_Q3_00044.JPG</path>
	<source>
		<database>fooddata</database>
	</source>
	<size>
		<width>3008</width>
		<height>2000</height>
		<depth>3</depth>
	</size>
	<object>
		<name>ref_spoon</name>
		<bndbox>
			<xmin>445</xmin>
			<ymin>759</ymin>
			<xmax>715</xmax>
			<ymax>1170</ymax>
		</bndbox>
	</object>
	<object>
		<name>ref_fork</name>
		<bndbox>
			<xmin>836</xmin>
			<ymin>880</ymin>
			<xmax>1018</xmax>
			<ymax>1327</ymax>
		</bndbox>
	</object>
	<object>
		<name>ref_coin</name>
		<bndbox>
			<xmin>1514</xmin>
			<ymin>64</ymin>
			<xmax>1691</xmax>
			<ymax>248</ymax>
		</bndbox>
	</object>
	<object>
		<name>dish</name>
		<bndbox>
			<xmin>1123</xmin>
			<ymin>636</ymin>
			<xmax>2393</xmax>
			<ymax>1921</ymax>
		</bndbox>
	</object>
	<object>
		<name>갈비탕</name>
		<bndbox>
			<xmin>1221</xmin>
			<ymin>769</ymin>
			<xmax>2226</xmax>
			<ymax>1799</ymax>
		</bndbox>
	</object>
</annotation>