<annotation>
	<folder>top건더기국류뚝배기갈비탕q3</folder>
	<filename>top_건더기국류_뚝배기_갈비탕_Q3_00031.JPG</filename>
	<path>/top건더기국류뚝배기갈비탕q3/top_건더기국류_뚝배기_갈비탕_Q3_00031.JPG</path>
	<source>
		<database>fooddata</database>
	</source>
	<size>
		<width>3008</width>
		<height>2000</height>
		<depth>3</depth>
	</size>
	<object>
		<name>ref_spoon</name>
		<bndbox>
			<xmin>922</xmin>
			<ymin>1622</ymin>
			<xmax>1293</xmax>
			<ymax>1875</ymax>
		</bndbox>
	</object>
	<object>
		<name>ref_fork</name>
		<bndbox>
			<xmin>936</xmin>
			<ymin>1359</ymin>
			<xmax>1337</xmax>
			<ymax>1533</ymax>
		</bndbox>
	</object>
	<object>
		<name>ref_coin</name>
		<bndbox>
			<xmin>2290</xmin>
			<ymin>889</ymin>
			<xmax>2462</xmax>
			<ymax>1059</ymax>
		</bndbox>
	</object>
	<object>
		<name>dish</name>
		<bndbox>
			<xmin>1101</xmin>
			<ymin>128</ymin>
			<xmax>2258</xmax>
			<ymax>1273</ymax>
		</bndbox>
	</object>
	<object>
		<name>갈비탕</name>
		<bndbox>
			<xmin>1217</xmin>
			<ymin>260</ymin>
			<xmax>2133</xmax>
			<ymax>1201</ymax>
		</bndbox>
	</object>
</annotation>