<annotation>
	<folder>top건더기국류뚝배기갈비탕q3</folder>
	<filename>top_건더기국류_뚝배기_갈비탕_Q3_00028.JPG</filename>
	<path>/top건더기국류뚝배기갈비탕q3/top_건더기국류_뚝배기_갈비탕_Q3_00028.JPG</path>
	<source>
		<database>fooddata</database>
	</source>
	<size>
		<width>3008</width>
		<height>2000</height>
		<depth>3</depth>
	</size>
	<object>
		<name>ref_spoon</name>
		<bndbox>
			<xmin>932</xmin>
			<ymin>1587</ymin>
			<xmax>1322</xmax>
			<ymax>1848</ymax>
		</bndbox>
	</object>
	<object>
		<name>ref_fork</name>
		<bndbox>
			<xmin>968</xmin>
			<ymin>1324</ymin>
			<xmax>1389</xmax>
			<ymax>1491</ymax>
		</bndbox>
	</object>
	<object>
		<name>ref_coin</name>
		<bndbox>
			<xmin>600</xmin>
			<ymin>1098</ymin>
			<xmax>774</xmax>
			<ymax>1275</ymax>
		</bndbox>
	</object>
	<object>
		<name>dish</name>
		<bndbox>
			<xmin>1131</xmin>
			<ymin>84</ymin>
			<xmax>2305</xmax>
			<ymax>1216</ymax>
		</bndbox>
	</object>
	<object>
		<name>갈비탕</name>
		<bndbox>
			<xmin>1214</xmin>
			<ymin>238</ymin>
			<xmax>2165</xmax>
			<ymax>1170</ymax>
		</bndbox>
	</object>
</annotation>