<annotation>
	<folder>top건더기국류뚝배기갈비탕q3</folder>
	<filename>top_건더기국류_뚝배기_갈비탕_Q3_00025.JPG</filename>
	<path>/top건더기국류뚝배기갈비탕q3/top_건더기국류_뚝배기_갈비탕_Q3_00025.JPG</path>
	<source>
		<database>fooddata</database>
	</source>
	<size>
		<width>3008</width>
		<height>2000</height>
		<depth>3</depth>
	</size>
	<object>
		<name>ref_spoon</name>
		<bndbox>
			<xmin>929</xmin>
			<ymin>1622</ymin>
			<xmax>1303</xmax>
			<ymax>1872</ymax>
		</bndbox>
	</object>
	<object>
		<name>ref_fork</name>
		<bndbox>
			<xmin>959</xmin>
			<ymin>1376</ymin>
			<xmax>1349</xmax>
			<ymax>1541</ymax>
		</bndbox>
	</object>
	<object>
		<name>ref_coin</name>
		<bndbox>
			<xmin>900</xmin>
			<ymin>49</ymin>
			<xmax>1064</xmax>
			<ymax>209</ymax>
		</bndbox>
	</object>
	<object>
		<name>dish</name>
		<bndbox>
			<xmin>1182</xmin>
			<ymin>211</ymin>
			<xmax>2256</xmax>
			<ymax>1260</ymax>
		</bndbox>
	</object>
	<object>
		<name>갈비탕</name>
		<bndbox>
			<xmin>1248</xmin>
			<ymin>366</ymin>
			<xmax>2126</xmax>
			<ymax>1224</ymax>
		</bndbox>
	</object>
</annotation>