<annotation>
	<folder>side반찬면적접시깻잎장아찌q2</folder>
	<filename>side_반찬면적_접시_깻잎장아찌_Q2_00040.JPG</filename>
	<path>/side반찬면적접시깻잎장아찌q2/side_반찬면적_접시_깻잎장아찌_Q2_00040.JPG</path>
	<source>
		<database>fooddata</database>
	</source>
	<size>
		<width>3008</width>
		<height>2000</height>
		<depth>3</depth>
	</size>
	<object>
		<name>ref_spoon</name>
		<bndbox>
			<xmin>330</xmin>
			<ymin>539</ymin>
			<xmax>638</xmax>
			<ymax>936</ymax>
		</bndbox>
	</object>
	<object>
		<name>ref_fork</name>
		<bndbox>
			<xmin>738</xmin>
			<ymin>528</ymin>
			<xmax>944</xmax>
			<ymax>965</ymax>
		</bndbox>
	</object>
	<object>
		<name>ref_coin</name>
		<bndbox>
			<xmin>2380</xmin>
			<ymin>1323</ymin>
			<xmax>2611</xmax>
			<ymax>1486</ymax>
		</bndbox>
	</object>
	<object>
		<name>dish</name>
		<bndbox>
			<xmin>1135</xmin>
			<ymin>542</ymin>
			<xmax>2366</xmax>
			<ymax>1397</ymax>
		</bndbox>
	</object>
	<object>
		<name>깻잎장아찌</name>
		<bndbox>
			<xmin>1323</xmin>
			<ymin>667</ymin>
			<xmax>2125</xmax>
			<ymax>1138</ymax>
		</bndbox>
	</object>
</annotation>