<annotation>
	<folder>side반찬면적접시깻잎장아찌q2</folder>
	<filename>side_반찬면적_접시_깻잎장아찌_Q2_00048.JPG</filename>
	<path>/side반찬면적접시깻잎장아찌q2/side_반찬면적_접시_깻잎장아찌_Q2_00048.JPG</path>
	<source>
		<database>fooddata</database>
	</source>
	<size>
		<width>3008</width>
		<height>2000</height>
		<depth>3</depth>
	</size>
	<object>
		<name>ref_spoon</name>
		<bndbox>
			<xmin>319</xmin>
			<ymin>738</ymin>
			<xmax>631</xmax>
			<ymax>1124</ymax>
		</bndbox>
	</object>
	<object>
		<name>ref_fork</name>
		<bndbox>
			<xmin>731</xmin>
			<ymin>720</ymin>
			<xmax>936</xmax>
			<ymax>1153</ymax>
		</bndbox>
	</object>
	<object>
		<name>ref_coin</name>
		<bndbox>
			<xmin>2366</xmin>
			<ymin>1060</ymin>
			<xmax>2589</xmax>
			<ymax>1216</ymax>
		</bndbox>
	</object>
	<object>
		<name>dish</name>
		<bndbox>
			<xmin>1007</xmin>
			<ymin>858</ymin>
			<xmax>2256</xmax>
			<ymax>1745</ymax>
		</bndbox>
	</object>
	<object>
		<name>깻잎장아찌</name>
		<bndbox>
			<xmin>1082</xmin>
			<ymin>1053</ymin>
			<xmax>1951</xmax>
			<ymax>1560</ymax>
		</bndbox>
	</object>
</annotation>