<annotation>
	<folder>side반찬면적접시깻잎장아찌q2</folder>
	<filename>side_반찬면적_접시_깻잎장아찌_Q2_00012.JPG</filename>
	<path>/side반찬면적접시깻잎장아찌q2/side_반찬면적_접시_깻잎장아찌_Q2_00012.JPG</path>
	<source>
		<database>fooddata</database>
	</source>
	<size>
		<width>3008</width>
		<height>2000</height>
		<depth>3</depth>
	</size>
	<object>
		<name>ref_spoon</name>
		<bndbox>
			<xmin>1806</xmin>
			<ymin>720</ymin>
			<xmax>2089</xmax>
			<ymax>1067</ymax>
		</bndbox>
	</object>
	<object>
		<name>ref_fork</name>
		<bndbox>
			<xmin>2213</xmin>
			<ymin>716</ymin>
			<xmax>2433</xmax>
			<ymax>1114</ymax>
		</bndbox>
	</object>
	<object>
		<name>ref_coin</name>
		<bndbox>
			<xmin>1798</xmin>
			<ymin>535</ymin>
			<xmax>1990</xmax>
			<ymax>663</ymax>
		</bndbox>
	</object>
	<object>
		<name>dish</name>
		<bndbox>
			<xmin>482</xmin>
			<ymin>869</ymin>
			<xmax>1674</xmax>
			<ymax>1706</ymax>
		</bndbox>
	</object>
	<object>
		<name>깻잎장아찌</name>
		<bndbox>
			<xmin>638</xmin>
			<ymin>1057</ymin>
			<xmax>1461</xmax>
			<ymax>1599</ymax>
		</bndbox>
	</object>
</annotation>