<annotation>
	<folder>side반찬면적접시깻잎장아찌q2</folder>
	<filename>side_반찬면적_접시_깻잎장아찌_Q2_00024.JPG</filename>
	<path>/side반찬면적접시깻잎장아찌q2/side_반찬면적_접시_깻잎장아찌_Q2_00024.JPG</path>
	<source>
		<database>fooddata</database>
	</source>
	<size>
		<width>3008</width>
		<height>2000</height>
		<depth>3</depth>
	</size>
	<object>
		<name>ref_spoon</name>
		<bndbox>
			<xmin>745</xmin>
			<ymin>1589</ymin>
			<xmax>1227</xmax>
			<ymax>1862</ymax>
		</bndbox>
	</object>
	<object>
		<name>ref_fork</name>
		<bndbox>
			<xmin>848</xmin>
			<ymin>1369</ymin>
			<xmax>1376</xmax>
			<ymax>1617</ymax>
		</bndbox>
	</object>
	<object>
		<name>ref_coin</name>
		<bndbox>
			<xmin>1224</xmin>
			<ymin>397</ymin>
			<xmax>1426</xmax>
			<ymax>532</ymax>
		</bndbox>
	</object>
	<object>
		<name>dish</name>
		<bndbox>
			<xmin>1022</xmin>
			<ymin>567</ymin>
			<xmax>2210</xmax>
			<ymax>1380</ymax>
		</bndbox>
	</object>
	<object>
		<name>깻잎장아찌</name>
		<bndbox>
			<xmin>1117</xmin>
			<ymin>681</ymin>
			<xmax>1947</xmax>
			<ymax>1284</ymax>
		</bndbox>
	</object>
</annotation>