<annotation>
	<folder>side반찬면적접시깻잎장아찌q2</folder>
	<filename>side_반찬면적_접시_깻잎장아찌_Q2_00052.JPG</filename>
	<path>/side반찬면적접시깻잎장아찌q2/side_반찬면적_접시_깻잎장아찌_Q2_00052.JPG</path>
	<source>
		<database>fooddata</database>
	</source>
	<size>
		<width>3008</width>
		<height>2000</height>
		<depth>3</depth>
	</size>
	<object>
		<name>ref_spoon</name>
		<bndbox>
			<xmin>415</xmin>
			<ymin>638</ymin>
			<xmax>713</xmax>
			<ymax>1000</ymax>
		</bndbox>
	</object>
	<object>
		<name>ref_fork</name>
		<bndbox>
			<xmin>798</xmin>
			<ymin>635</ymin>
			<xmax>997</xmax>
			<ymax>1043</ymax>
		</bndbox>
	</object>
	<object>
		<name>ref_coin</name>
		<bndbox>
			<xmin>1951</xmin>
			<ymin>1553</ymin>
			<xmax>2178</xmax>
			<ymax>1709</ymax>
		</bndbox>
	</object>
	<object>
		<name>dish</name>
		<bndbox>
			<xmin>1156</xmin>
			<ymin>695</ymin>
			<xmax>2330</xmax>
			<ymax>1511</ymax>
		</bndbox>
	</object>
	<object>
		<name>깻잎장아찌</name>
		<bndbox>
			<xmin>1366</xmin>
			<ymin>794</ymin>
			<xmax>2118</xmax>
			<ymax>1348</ymax>
		</bndbox>
	</object>
</annotation>