<annotation>
	<folder>side반찬면적접시깻잎장아찌q2</folder>
	<filename>side_반찬면적_접시_깻잎장아찌_Q2_00010.JPG</filename>
	<path>/side반찬면적접시깻잎장아찌q2/side_반찬면적_접시_깻잎장아찌_Q2_00010.JPG</path>
	<source>
		<database>fooddata</database>
	</source>
	<size>
		<width>3008</width>
		<height>2000</height>
		<depth>3</depth>
	</size>
	<object>
		<name>ref_spoon</name>
		<bndbox>
			<xmin>1816</xmin>
			<ymin>564</ymin>
			<xmax>2093</xmax>
			<ymax>922</ymax>
		</bndbox>
	</object>
	<object>
		<name>ref_fork</name>
		<bndbox>
			<xmin>2224</xmin>
			<ymin>557</ymin>
			<xmax>2444</xmax>
			<ymax>965</ymax>
		</bndbox>
	</object>
	<object>
		<name>ref_coin</name>
		<bndbox>
			<xmin>1089</xmin>
			<ymin>560</ymin>
			<xmax>1291</xmax>
			<ymax>691</ymax>
		</bndbox>
	</object>
	<object>
		<name>dish</name>
		<bndbox>
			<xmin>518</xmin>
			<ymin>777</ymin>
			<xmax>1717</xmax>
			<ymax>1617</ymax>
		</bndbox>
	</object>
	<object>
		<name>깻잎장아찌</name>
		<bndbox>
			<xmin>851</xmin>
			<ymin>890</ymin>
			<xmax>1632</xmax>
			<ymax>1486</ymax>
		</bndbox>
	</object>
</annotation>