<annotation>
	<folder>side반찬면적접시깻잎장아찌q2</folder>
	<filename>side_반찬면적_접시_깻잎장아찌_Q2_00016.JPG</filename>
	<path>/side반찬면적접시깻잎장아찌q2/side_반찬면적_접시_깻잎장아찌_Q2_00016.JPG</path>
	<source>
		<database>fooddata</database>
	</source>
	<size>
		<width>3008</width>
		<height>2000</height>
		<depth>3</depth>
	</size>
	<object>
		<name>ref_spoon</name>
		<bndbox>
			<xmin>1575</xmin>
			<ymin>415</ymin>
			<xmax>1862</xmax>
			<ymax>766</ymax>
		</bndbox>
	</object>
	<object>
		<name>ref_fork</name>
		<bndbox>
			<xmin>1990</xmin>
			<ymin>404</ymin>
			<xmax>2213</xmax>
			<ymax>805</ymax>
		</bndbox>
	</object>
	<object>
		<name>ref_coin</name>
		<bndbox>
			<xmin>1355</xmin>
			<ymin>1429</ymin>
			<xmax>1596</xmax>
			<ymax>1589</ymax>
		</bndbox>
	</object>
	<object>
		<name>dish</name>
		<bndbox>
			<xmin>369</xmin>
			<ymin>578</ymin>
			<xmax>1568</xmax>
			<ymax>1401</ymax>
		</bndbox>
	</object>
	<object>
		<name>깻잎장아찌</name>
		<bndbox>
			<xmin>660</xmin>
			<ymin>638</ymin>
			<xmax>1323</xmax>
			<ymax>1255</ymax>
		</bndbox>
	</object>
</annotation>