<annotation>
	<folder>side반찬면적접시깻잎장아찌q2</folder>
	<filename>side_반찬면적_접시_깻잎장아찌_Q2_00027.JPG</filename>
	<path>/side반찬면적접시깻잎장아찌q2/side_반찬면적_접시_깻잎장아찌_Q2_00027.JPG</path>
	<source>
		<database>fooddata</database>
	</source>
	<size>
		<width>3008</width>
		<height>2000</height>
		<depth>3</depth>
	</size>
	<object>
		<name>ref_spoon</name>
		<bndbox>
			<xmin>717</xmin>
			<ymin>1550</ymin>
			<xmax>1192</xmax>
			<ymax>1819</ymax>
		</bndbox>
	</object>
	<object>
		<name>ref_fork</name>
		<bndbox>
			<xmin>816</xmin>
			<ymin>1330</ymin>
			<xmax>1337</xmax>
			<ymax>1571</ymax>
		</bndbox>
	</object>
	<object>
		<name>ref_coin</name>
		<bndbox>
			<xmin>546</xmin>
			<ymin>826</ymin>
			<xmax>766</xmax>
			<ymax>972</ymax>
		</bndbox>
	</object>
	<object>
		<name>dish</name>
		<bndbox>
			<xmin>1036</xmin>
			<ymin>489</ymin>
			<xmax>2217</xmax>
			<ymax>1291</ymax>
		</bndbox>
	</object>
	<object>
		<name>깻잎장아찌</name>
		<bndbox>
			<xmin>1135</xmin>
			<ymin>596</ymin>
			<xmax>2072</xmax>
			<ymax>1082</ymax>
		</bndbox>
	</object>
</annotation>