<annotation>
	<folder>top반찬면적접시깻잎장아찌q2</folder>
	<filename>top_반찬면적_접시_깻잎장아찌_Q2_00050.JPG</filename>
	<path>/top반찬면적접시깻잎장아찌q2/top_반찬면적_접시_깻잎장아찌_Q2_00050.JPG</path>
	<source>
		<database>fooddata</database>
	</source>
	<size>
		<width>3008</width>
		<height>2000</height>
		<depth>3</depth>
	</size>
	<object>
		<name>ref_spoon</name>
		<bndbox>
			<xmin>302</xmin>
			<ymin>304</ymin>
			<xmax>645</xmax>
			<ymax>809</ymax>
		</bndbox>
	</object>
	<object>
		<name>ref_fork</name>
		<bndbox>
			<xmin>733</xmin>
			<ymin>385</ymin>
			<xmax>968</xmax>
			<ymax>921</ymax>
		</bndbox>
	</object>
	<object>
		<name>ref_coin</name>
		<bndbox>
			<xmin>2159</xmin>
			<ymin>1630</ymin>
			<xmax>2383</xmax>
			<ymax>1861</ymax>
		</bndbox>
	</object>
	<object>
		<name>dish</name>
		<bndbox>
			<xmin>1215</xmin>
			<ymin>355</ymin>
			<xmax>2460</xmax>
			<ymax>1615</ymax>
		</bndbox>
	</object>
	<object>
		<name>깻잎장아찌</name>
		<bndbox>
			<xmin>1377</xmin>
			<ymin>717</ymin>
			<xmax>2213</xmax>
			<ymax>1260</ymax>
		</bndbox>
	</object>
</annotation>