<annotation>
	<folder>top반찬면적접시깻잎장아찌q2</folder>
	<filename>top_반찬면적_접시_깻잎장아찌_Q2_00013.JPG</filename>
	<path>/top반찬면적접시깻잎장아찌q2/top_반찬면적_접시_깻잎장아찌_Q2_00013.JPG</path>
	<source>
		<database>fooddata</database>
	</source>
	<size>
		<width>3008</width>
		<height>2000</height>
		<depth>3</depth>
	</size>
	<object>
		<name>ref_spoon</name>
		<bndbox>
			<xmin>1889</xmin>
			<ymin>220</ymin>
			<xmax>2194</xmax>
			<ymax>686</ymax>
		</bndbox>
	</object>
	<object>
		<name>ref_fork</name>
		<bndbox>
			<xmin>2336</xmin>
			<ymin>270</ymin>
			<xmax>2541</xmax>
			<ymax>778</ymax>
		</bndbox>
	</object>
	<object>
		<name>ref_coin</name>
		<bndbox>
			<xmin>1092</xmin>
			<ymin>1618</ymin>
			<xmax>1315</xmax>
			<ymax>1850</ymax>
		</bndbox>
	</object>
	<object>
		<name>dish</name>
		<bndbox>
			<xmin>525</xmin>
			<ymin>366</ymin>
			<xmax>1758</xmax>
			<ymax>1588</ymax>
		</bndbox>
	</object>
	<object>
		<name>깻잎장아찌</name>
		<bndbox>
			<xmin>637</xmin>
			<ymin>566</ymin>
			<xmax>1558</xmax>
			<ymax>1291</ymax>
		</bndbox>
	</object>
</annotation>