<annotation>
	<folder>top반찬면적접시깻잎장아찌q2</folder>
	<filename>top_반찬면적_접시_깻잎장아찌_Q2_00009.JPG</filename>
	<path>/top반찬면적접시깻잎장아찌q2/top_반찬면적_접시_깻잎장아찌_Q2_00009.JPG</path>
	<source>
		<database>fooddata</database>
	</source>
	<size>
		<width>3008</width>
		<height>2000</height>
		<depth>3</depth>
	</size>
	<object>
		<name>ref_spoon</name>
		<bndbox>
			<xmin>1939</xmin>
			<ymin>173</ymin>
			<xmax>2232</xmax>
			<ymax>632</ymax>
		</bndbox>
	</object>
	<object>
		<name>ref_fork</name>
		<bndbox>
			<xmin>2363</xmin>
			<ymin>227</ymin>
			<xmax>2564</xmax>
			<ymax>736</ymax>
		</bndbox>
	</object>
	<object>
		<name>ref_coin</name>
		<bndbox>
			<xmin>1662</xmin>
			<ymin>844</ymin>
			<xmax>1874</xmax>
			<ymax>1052</ymax>
		</bndbox>
	</object>
	<object>
		<name>dish</name>
		<bndbox>
			<xmin>460</xmin>
			<ymin>674</ymin>
			<xmax>1693</xmax>
			<ymax>1919</ymax>
		</bndbox>
	</object>
	<object>
		<name>깻잎장아찌</name>
		<bndbox>
			<xmin>691</xmin>
			<ymin>913</ymin>
			<xmax>1519</xmax>
			<ymax>1734</ymax>
		</bndbox>
	</object>
</annotation>