<annotation>
	<folder>top반찬면적접시깻잎장아찌q2</folder>
	<filename>top_반찬면적_접시_깻잎장아찌_Q2_00012.JPG</filename>
	<path>/top반찬면적접시깻잎장아찌q2/top_반찬면적_접시_깻잎장아찌_Q2_00012.JPG</path>
	<source>
		<database>fooddata</database>
	</source>
	<size>
		<width>3008</width>
		<height>2000</height>
		<depth>3</depth>
	</size>
	<object>
		<name>ref_spoon</name>
		<bndbox>
			<xmin>2074</xmin>
			<ymin>150</ymin>
			<xmax>2363</xmax>
			<ymax>601</ymax>
		</bndbox>
	</object>
	<object>
		<name>ref_fork</name>
		<bndbox>
			<xmin>2498</xmin>
			<ymin>193</ymin>
			<xmax>2702</xmax>
			<ymax>701</ymax>
		</bndbox>
	</object>
	<object>
		<name>ref_coin</name>
		<bndbox>
			<xmin>1724</xmin>
			<ymin>1522</ymin>
			<xmax>1939</xmax>
			<ymax>1746</ymax>
		</bndbox>
	</object>
	<object>
		<name>dish</name>
		<bndbox>
			<xmin>517</xmin>
			<ymin>447</ymin>
			<xmax>1720</xmax>
			<ymax>1645</ymax>
		</bndbox>
	</object>
	<object>
		<name>깻잎장아찌</name>
		<bndbox>
			<xmin>679</xmin>
			<ymin>713</ymin>
			<xmax>1504</xmax>
			<ymax>1376</ymax>
		</bndbox>
	</object>
</annotation>