<annotation>
	<folder>top반찬면적접시깻잎장아찌q2</folder>
	<filename>top_반찬면적_접시_깻잎장아찌_Q2_00034.JPG</filename>
	<path>/top반찬면적접시깻잎장아찌q2/top_반찬면적_접시_깻잎장아찌_Q2_00034.JPG</path>
	<source>
		<database>fooddata</database>
	</source>
	<size>
		<width>3008</width>
		<height>2000</height>
		<depth>3</depth>
	</size>
	<object>
		<name>ref_spoon</name>
		<bndbox>
			<xmin>976</xmin>
			<ymin>1661</ymin>
			<xmax>1350</xmax>
			<ymax>1927</ymax>
		</bndbox>
	</object>
	<object>
		<name>ref_fork</name>
		<bndbox>
			<xmin>949</xmin>
			<ymin>1410</ymin>
			<xmax>1365</xmax>
			<ymax>1592</ymax>
		</bndbox>
	</object>
	<object>
		<name>ref_coin</name>
		<bndbox>
			<xmin>1404</xmin>
			<ymin>31</ymin>
			<xmax>1573</xmax>
			<ymax>197</ymax>
		</bndbox>
	</object>
	<object>
		<name>dish</name>
		<bndbox>
			<xmin>1026</xmin>
			<ymin>320</ymin>
			<xmax>1966</xmax>
			<ymax>1260</ymax>
		</bndbox>
	</object>
	<object>
		<name>깻잎장아찌</name>
		<bndbox>
			<xmin>1176</xmin>
			<ymin>509</ymin>
			<xmax>1797</xmax>
			<ymax>1102</ymax>
		</bndbox>
	</object>
</annotation>