<annotation>
	<folder>top반찬면적접시깻잎장아찌q2</folder>
	<filename>top_반찬면적_접시_깻잎장아찌_Q2_00038.JPG</filename>
	<path>/top반찬면적접시깻잎장아찌q2/top_반찬면적_접시_깻잎장아찌_Q2_00038.JPG</path>
	<source>
		<database>fooddata</database>
	</source>
	<size>
		<width>3008</width>
		<height>2000</height>
		<depth>3</depth>
	</size>
	<object>
		<name>ref_spoon</name>
		<bndbox>
			<xmin>494</xmin>
			<ymin>227</ymin>
			<xmax>810</xmax>
			<ymax>709</ymax>
		</bndbox>
	</object>
	<object>
		<name>ref_fork</name>
		<bndbox>
			<xmin>922</xmin>
			<ymin>370</ymin>
			<xmax>1130</xmax>
			<ymax>882</ymax>
		</bndbox>
	</object>
	<object>
		<name>ref_coin</name>
		<bndbox>
			<xmin>2094</xmin>
			<ymin>1607</ymin>
			<xmax>2306</xmax>
			<ymax>1823</ymax>
		</bndbox>
	</object>
	<object>
		<name>dish</name>
		<bndbox>
			<xmin>1311</xmin>
			<ymin>385</ymin>
			<xmax>2479</xmax>
			<ymax>1565</ymax>
		</bndbox>
	</object>
	<object>
		<name>깻잎장아찌</name>
		<bndbox>
			<xmin>1481</xmin>
			<ymin>617</ymin>
			<xmax>2198</xmax>
			<ymax>1299</ymax>
		</bndbox>
	</object>
</annotation>