<annotation>
	<folder>top반찬면적접시깻잎장아찌q2</folder>
	<filename>top_반찬면적_접시_깻잎장아찌_Q2_00005.JPG</filename>
	<path>/top반찬면적접시깻잎장아찌q2/top_반찬면적_접시_깻잎장아찌_Q2_00005.JPG</path>
	<source>
		<database>fooddata</database>
	</source>
	<size>
		<width>3008</width>
		<height>2000</height>
		<depth>3</depth>
	</size>
	<object>
		<name>ref_spoon</name>
		<bndbox>
			<xmin>2082</xmin>
			<ymin>254</ymin>
			<xmax>2406</xmax>
			<ymax>755</ymax>
		</bndbox>
	</object>
	<object>
		<name>ref_fork</name>
		<bndbox>
			<xmin>2552</xmin>
			<ymin>331</ymin>
			<xmax>2780</xmax>
			<ymax>875</ymax>
		</bndbox>
	</object>
	<object>
		<name>ref_coin</name>
		<bndbox>
			<xmin>178</xmin>
			<ymin>590</ymin>
			<xmax>425</xmax>
			<ymax>832</ymax>
		</bndbox>
	</object>
	<object>
		<name>dish</name>
		<bndbox>
			<xmin>618</xmin>
			<ymin>289</ymin>
			<xmax>1974</xmax>
			<ymax>1638</ymax>
		</bndbox>
	</object>
	<object>
		<name>깻잎장아찌</name>
		<bndbox>
			<xmin>988</xmin>
			<ymin>393</ymin>
			<xmax>1728</xmax>
			<ymax>1399</ymax>
		</bndbox>
	</object>
</annotation>