<annotation>
	<folder>top반찬면적접시깻잎장아찌q2</folder>
	<filename>top_반찬면적_접시_깻잎장아찌_Q2_00047.JPG</filename>
	<path>/top반찬면적접시깻잎장아찌q2/top_반찬면적_접시_깻잎장아찌_Q2_00047.JPG</path>
	<source>
		<database>fooddata</database>
	</source>
	<size>
		<width>3008</width>
		<height>2000</height>
		<depth>3</depth>
	</size>
	<object>
		<name>ref_spoon</name>
		<bndbox>
			<xmin>336</xmin>
			<ymin>335</ymin>
			<xmax>675</xmax>
			<ymax>829</ymax>
		</bndbox>
	</object>
	<object>
		<name>ref_fork</name>
		<bndbox>
			<xmin>764</xmin>
			<ymin>424</ymin>
			<xmax>991</xmax>
			<ymax>952</ymax>
		</bndbox>
	</object>
	<object>
		<name>ref_coin</name>
		<bndbox>
			<xmin>2491</xmin>
			<ymin>690</ymin>
			<xmax>2706</xmax>
			<ymax>906</ymax>
		</bndbox>
	</object>
	<object>
		<name>dish</name>
		<bndbox>
			<xmin>1203</xmin>
			<ymin>543</ymin>
			<xmax>2460</xmax>
			<ymax>1803</ymax>
		</bndbox>
	</object>
	<object>
		<name>깻잎장아찌</name>
		<bndbox>
			<xmin>1531</xmin>
			<ymin>790</ymin>
			<xmax>2105</xmax>
			<ymax>1661</ymax>
		</bndbox>
	</object>
</annotation>