<annotation>
	<folder>top반찬면적접시깻잎장아찌q2</folder>
	<filename>top_반찬면적_접시_깻잎장아찌_Q2_00022.JPG</filename>
	<path>/top반찬면적접시깻잎장아찌q2/top_반찬면적_접시_깻잎장아찌_Q2_00022.JPG</path>
	<source>
		<database>fooddata</database>
	</source>
	<size>
		<width>3008</width>
		<height>2000</height>
		<depth>3</depth>
	</size>
	<object>
		<name>ref_spoon</name>
		<bndbox>
			<xmin>926</xmin>
			<ymin>1595</ymin>
			<xmax>1288</xmax>
			<ymax>1846</ymax>
		</bndbox>
	</object>
	<object>
		<name>ref_fork</name>
		<bndbox>
			<xmin>907</xmin>
			<ymin>1360</ymin>
			<xmax>1311</xmax>
			<ymax>1530</ymax>
		</bndbox>
	</object>
	<object>
		<name>ref_coin</name>
		<bndbox>
			<xmin>1327</xmin>
			<ymin>108</ymin>
			<xmax>1485</xmax>
			<ymax>262</ymax>
		</bndbox>
	</object>
	<object>
		<name>dish</name>
		<bndbox>
			<xmin>1080</xmin>
			<ymin>362</ymin>
			<xmax>1974</xmax>
			<ymax>1260</ymax>
		</bndbox>
	</object>
	<object>
		<name>깻잎장아찌</name>
		<bndbox>
			<xmin>1227</xmin>
			<ymin>555</ymin>
			<xmax>1816</xmax>
			<ymax>1075</ymax>
		</bndbox>
	</object>
</annotation>