<annotation>
	<folder>top반찬면적접시깻잎장아찌q2</folder>
	<filename>top_반찬면적_접시_깻잎장아찌_Q2_00007.JPG</filename>
	<path>/top반찬면적접시깻잎장아찌q2/top_반찬면적_접시_깻잎장아찌_Q2_00007.JPG</path>
	<source>
		<database>fooddata</database>
	</source>
	<size>
		<width>3008</width>
		<height>2000</height>
		<depth>3</depth>
	</size>
	<object>
		<name>ref_spoon</name>
		<bndbox>
			<xmin>1797</xmin>
			<ymin>135</ymin>
			<xmax>2113</xmax>
			<ymax>632</ymax>
		</bndbox>
	</object>
	<object>
		<name>ref_fork</name>
		<bndbox>
			<xmin>2267</xmin>
			<ymin>197</ymin>
			<xmax>2483</xmax>
			<ymax>751</ymax>
		</bndbox>
	</object>
	<object>
		<name>ref_coin</name>
		<bndbox>
			<xmin>1157</xmin>
			<ymin>100</ymin>
			<xmax>1388</xmax>
			<ymax>331</ymax>
		</bndbox>
	</object>
	<object>
		<name>dish</name>
		<bndbox>
			<xmin>514</xmin>
			<ymin>532</ymin>
			<xmax>1843</xmax>
			<ymax>1865</ymax>
		</bndbox>
	</object>
	<object>
		<name>깻잎장아찌</name>
		<bndbox>
			<xmin>760</xmin>
			<ymin>859</ymin>
			<xmax>1681</xmax>
			<ymax>1553</ymax>
		</bndbox>
	</object>
</annotation>