<annotation>
	<folder>side반찬면적접시오징어젓갈q5</folder>
	<filename>side_반찬면적_접시_오징어젓갈_Q5_00014.JPG</filename>
	<path>/side반찬면적접시오징어젓갈q5/side_반찬면적_접시_오징어젓갈_Q5_00014.JPG</path>
	<source>
		<database>fooddata</database>
	</source>
	<size>
		<width>3008</width>
		<height>2000</height>
		<depth>3</depth>
	</size>
	<object>
		<name>ref_spoon</name>
		<bndbox>
			<xmin>1440</xmin>
			<ymin>420</ymin>
			<xmax>1764</xmax>
			<ymax>815</ymax>
		</bndbox>
	</object>
	<object>
		<name>ref_fork</name>
		<bndbox>
			<xmin>1892</xmin>
			<ymin>386</ymin>
			<xmax>2160</xmax>
			<ymax>815</ymax>
		</bndbox>
	</object>
	<object>
		<name>ref_coin</name>
		<bndbox>
			<xmin>2292</xmin>
			<ymin>646</ymin>
			<xmax>2518</xmax>
			<ymax>808</ymax>
		</bndbox>
	</object>
	<object>
		<name>dish</name>
		<bndbox>
			<xmin>452</xmin>
			<ymin>668</ymin>
			<xmax>1349</xmax>
			<ymax>1286</ymax>
		</bndbox>
	</object>
	<object>
		<name>오징어젓갈</name>
		<bndbox>
			<xmin>678</xmin>
			<ymin>808</ymin>
			<xmax>1112</xmax>
			<ymax>1200</ymax>
		</bndbox>
	</object>
</annotation>