<annotation>
	<folder>side반찬면적접시오징어젓갈q5</folder>
	<filename>side_반찬면적_접시_오징어젓갈_Q5_00054.JPG</filename>
	<path>/side반찬면적접시오징어젓갈q5/side_반찬면적_접시_오징어젓갈_Q5_00054.JPG</path>
	<source>
		<database>fooddata</database>
	</source>
	<size>
		<width>3008</width>
		<height>2000</height>
		<depth>3</depth>
	</size>
	<object>
		<name>ref_spoon</name>
		<bndbox>
			<xmin>460</xmin>
			<ymin>499</ymin>
			<xmax>788</xmax>
			<ymax>917</ymax>
		</bndbox>
	</object>
	<object>
		<name>ref_fork</name>
		<bndbox>
			<xmin>867</xmin>
			<ymin>506</ymin>
			<xmax>1089</xmax>
			<ymax>970</ymax>
		</bndbox>
	</object>
	<object>
		<name>ref_coin</name>
		<bndbox>
			<xmin>1248</xmin>
			<ymin>469</ymin>
			<xmax>1466</xmax>
			<ymax>627</ymax>
		</bndbox>
	</object>
	<object>
		<name>dish</name>
		<bndbox>
			<xmin>1184</xmin>
			<ymin>702</ymin>
			<xmax>2062</xmax>
			<ymax>1279</ymax>
		</bndbox>
	</object>
	<object>
		<name>오징어젓갈</name>
		<bndbox>
			<xmin>1383</xmin>
			<ymin>861</ymin>
			<xmax>1885</xmax>
			<ymax>1222</ymax>
		</bndbox>
	</object>
</annotation>