<annotation>
	<folder>side반찬면적접시오징어젓갈q5</folder>
	<filename>side_반찬면적_접시_오징어젓갈_Q5_00002.JPG</filename>
	<path>/side반찬면적접시오징어젓갈q5/side_반찬면적_접시_오징어젓갈_Q5_00002.JPG</path>
	<source>
		<database>fooddata</database>
	</source>
	<size>
		<width>3008</width>
		<height>2000</height>
		<depth>3</depth>
	</size>
	<object>
		<name>ref_spoon</name>
		<bndbox>
			<xmin>1602</xmin>
			<ymin>514</ymin>
			<xmax>1915</xmax>
			<ymax>891</ymax>
		</bndbox>
	</object>
	<object>
		<name>ref_fork</name>
		<bndbox>
			<xmin>2043</xmin>
			<ymin>510</ymin>
			<xmax>2277</xmax>
			<ymax>947</ymax>
		</bndbox>
	</object>
	<object>
		<name>ref_coin</name>
		<bndbox>
			<xmin>1387</xmin>
			<ymin>1550</ymin>
			<xmax>1643</xmax>
			<ymax>1739</ymax>
		</bndbox>
	</object>
	<object>
		<name>dish</name>
		<bndbox>
			<xmin>761</xmin>
			<ymin>838</ymin>
			<xmax>1643</xmax>
			<ymax>1437</ymax>
		</bndbox>
	</object>
	<object>
		<name>오징어젓갈</name>
		<bndbox>
			<xmin>950</xmin>
			<ymin>1026</ymin>
			<xmax>1432</xmax>
			<ymax>1351</ymax>
		</bndbox>
	</object>
</annotation>