<annotation>
	<folder>side반찬면적접시오징어젓갈q5</folder>
	<filename>side_반찬면적_접시_오징어젓갈_Q5_00020.JPG</filename>
	<path>/side반찬면적접시오징어젓갈q5/side_반찬면적_접시_오징어젓갈_Q5_00020.JPG</path>
	<source>
		<database>fooddata</database>
	</source>
	<size>
		<width>3008</width>
		<height>2000</height>
		<depth>3</depth>
	</size>
	<object>
		<name>ref_spoon</name>
		<bndbox>
			<xmin>724</xmin>
			<ymin>1554</ymin>
			<xmax>1180</xmax>
			<ymax>1837</ymax>
		</bndbox>
	</object>
	<object>
		<name>ref_fork</name>
		<bndbox>
			<xmin>780</xmin>
			<ymin>1305</ymin>
			<xmax>1316</xmax>
			<ymax>1577</ymax>
		</bndbox>
	</object>
	<object>
		<name>ref_coin</name>
		<bndbox>
			<xmin>2171</xmin>
			<ymin>977</ymin>
			<xmax>2397</xmax>
			<ymax>1121</ymax>
		</bndbox>
	</object>
	<object>
		<name>dish</name>
		<bndbox>
			<xmin>1229</xmin>
			<ymin>717</ymin>
			<xmax>2032</xmax>
			<ymax>1260</ymax>
		</bndbox>
	</object>
	<object>
		<name>오징어젓갈</name>
		<bndbox>
			<xmin>1402</xmin>
			<ymin>891</ymin>
			<xmax>1855</xmax>
			<ymax>1200</ymax>
		</bndbox>
	</object>
</annotation>