<annotation>
	<folder>side반찬면적접시오징어젓갈q5</folder>
	<filename>side_반찬면적_접시_오징어젓갈_Q5_00024.JPG</filename>
	<path>/side반찬면적접시오징어젓갈q5/side_반찬면적_접시_오징어젓갈_Q5_00024.JPG</path>
	<source>
		<database>fooddata</database>
	</source>
	<size>
		<width>3008</width>
		<height>2000</height>
		<depth>3</depth>
	</size>
	<object>
		<name>ref_spoon</name>
		<bndbox>
			<xmin>637</xmin>
			<ymin>1528</ymin>
			<xmax>1093</xmax>
			<ymax>1810</ymax>
		</bndbox>
	</object>
	<object>
		<name>ref_fork</name>
		<bndbox>
			<xmin>697</xmin>
			<ymin>1264</ymin>
			<xmax>1236</xmax>
			<ymax>1543</ymax>
		</bndbox>
	</object>
	<object>
		<name>ref_coin</name>
		<bndbox>
			<xmin>788</xmin>
			<ymin>680</ymin>
			<xmax>1018</xmax>
			<ymax>830</ymax>
		</bndbox>
	</object>
	<object>
		<name>dish</name>
		<bndbox>
			<xmin>1210</xmin>
			<ymin>687</ymin>
			<xmax>2002</xmax>
			<ymax>1234</ymax>
		</bndbox>
	</object>
	<object>
		<name>오징어젓갈</name>
		<bndbox>
			<xmin>1380</xmin>
			<ymin>842</ymin>
			<xmax>1813</xmax>
			<ymax>1166</ymax>
		</bndbox>
	</object>
</annotation>