<annotation>
	<folder>side반찬면적접시오징어젓갈q5</folder>
	<filename>side_반찬면적_접시_오징어젓갈_Q5_00018.JPG</filename>
	<path>/side반찬면적접시오징어젓갈q5/side_반찬면적_접시_오징어젓갈_Q5_00018.JPG</path>
	<source>
		<database>fooddata</database>
	</source>
	<size>
		<width>3008</width>
		<height>2000</height>
		<depth>3</depth>
	</size>
	<object>
		<name>ref_spoon</name>
		<bndbox>
			<xmin>618</xmin>
			<ymin>1411</ymin>
			<xmax>1097</xmax>
			<ymax>1697</ymax>
		</bndbox>
	</object>
	<object>
		<name>ref_fork</name>
		<bndbox>
			<xmin>682</xmin>
			<ymin>1166</ymin>
			<xmax>1195</xmax>
			<ymax>1433</ymax>
		</bndbox>
	</object>
	<object>
		<name>ref_coin</name>
		<bndbox>
			<xmin>2020</xmin>
			<ymin>1038</ymin>
			<xmax>2243</xmax>
			<ymax>1215</ymax>
		</bndbox>
	</object>
	<object>
		<name>dish</name>
		<bndbox>
			<xmin>1123</xmin>
			<ymin>529</ymin>
			<xmax>1915</xmax>
			<ymax>1075</ymax>
		</bndbox>
	</object>
	<object>
		<name>오징어젓갈</name>
		<bndbox>
			<xmin>1300</xmin>
			<ymin>680</ymin>
			<xmax>1753</xmax>
			<ymax>1004</ymax>
		</bndbox>
	</object>
</annotation>