<annotation>
	<folder>side반찬면적접시오징어젓갈q5</folder>
	<filename>side_반찬면적_접시_오징어젓갈_Q5_00023.JPG</filename>
	<path>/side반찬면적접시오징어젓갈q5/side_반찬면적_접시_오징어젓갈_Q5_00023.JPG</path>
	<source>
		<database>fooddata</database>
	</source>
	<size>
		<width>3008</width>
		<height>2000</height>
		<depth>3</depth>
	</size>
	<object>
		<name>ref_spoon</name>
		<bndbox>
			<xmin>667</xmin>
			<ymin>1516</ymin>
			<xmax>1150</xmax>
			<ymax>1822</ymax>
		</bndbox>
	</object>
	<object>
		<name>ref_fork</name>
		<bndbox>
			<xmin>731</xmin>
			<ymin>1268</ymin>
			<xmax>1251</xmax>
			<ymax>1547</ymax>
		</bndbox>
	</object>
	<object>
		<name>ref_coin</name>
		<bndbox>
			<xmin>1055</xmin>
			<ymin>567</ymin>
			<xmax>1270</xmax>
			<ymax>714</ymax>
		</bndbox>
	</object>
	<object>
		<name>dish</name>
		<bndbox>
			<xmin>1221</xmin>
			<ymin>665</ymin>
			<xmax>2009</xmax>
			<ymax>1207</ymax>
		</bndbox>
	</object>
	<object>
		<name>오징어젓갈</name>
		<bndbox>
			<xmin>1387</xmin>
			<ymin>808</ymin>
			<xmax>1839</xmax>
			<ymax>1147</ymax>
		</bndbox>
	</object>
</annotation>