<annotation>
	<folder>side반찬면적접시오징어젓갈q5</folder>
	<filename>side_반찬면적_접시_오징어젓갈_Q5_00027.JPG</filename>
	<path>/side반찬면적접시오징어젓갈q5/side_반찬면적_접시_오징어젓갈_Q5_00027.JPG</path>
	<source>
		<database>fooddata</database>
	</source>
	<size>
		<width>3008</width>
		<height>2000</height>
		<depth>3</depth>
	</size>
	<object>
		<name>ref_spoon</name>
		<bndbox>
			<xmin>629</xmin>
			<ymin>1547</ymin>
			<xmax>1116</xmax>
			<ymax>1837</ymax>
		</bndbox>
	</object>
	<object>
		<name>ref_fork</name>
		<bndbox>
			<xmin>678</xmin>
			<ymin>1298</ymin>
			<xmax>1206</xmax>
			<ymax>1562</ymax>
		</bndbox>
	</object>
	<object>
		<name>ref_coin</name>
		<bndbox>
			<xmin>132</xmin>
			<ymin>1290</ymin>
			<xmax>377</xmax>
			<ymax>1475</ymax>
		</bndbox>
	</object>
	<object>
		<name>dish</name>
		<bndbox>
			<xmin>1172</xmin>
			<ymin>714</ymin>
			<xmax>1983</xmax>
			<ymax>1260</ymax>
		</bndbox>
	</object>
	<object>
		<name>오징어젓갈</name>
		<bndbox>
			<xmin>1334</xmin>
			<ymin>876</ymin>
			<xmax>1783</xmax>
			<ymax>1185</ymax>
		</bndbox>
	</object>
</annotation>