<annotation>
	<folder>top반찬면적접시오징어젓갈q5</folder>
	<filename>top_반찬면적_접시_오징어젓갈_Q5_00053.JPG</filename>
	<path>/top반찬면적접시오징어젓갈q5/top_반찬면적_접시_오징어젓갈_Q5_00053.JPG</path>
	<source>
		<database>fooddata</database>
	</source>
	<size>
		<width>3008</width>
		<height>2000</height>
		<depth>3</depth>
	</size>
	<object>
		<name>ref_spoon</name>
		<bndbox>
			<xmin>678</xmin>
			<ymin>123</ymin>
			<xmax>976</xmax>
			<ymax>575</ymax>
		</bndbox>
	</object>
	<object>
		<name>ref_fork</name>
		<bndbox>
			<xmin>1190</xmin>
			<ymin>238</ymin>
			<xmax>1379</xmax>
			<ymax>732</ymax>
		</bndbox>
	</object>
	<object>
		<name>ref_coin</name>
		<bndbox>
			<xmin>1624</xmin>
			<ymin>1592</ymin>
			<xmax>1838</xmax>
			<ymax>1818</ymax>
		</bndbox>
	</object>
	<object>
		<name>dish</name>
		<bndbox>
			<xmin>1519</xmin>
			<ymin>703</ymin>
			<xmax>2283</xmax>
			<ymax>1459</ymax>
		</bndbox>
	</object>
	<object>
		<name>오징어젓갈</name>
		<bndbox>
			<xmin>1693</xmin>
			<ymin>862</ymin>
			<xmax>2094</xmax>
			<ymax>1270</ymax>
		</bndbox>
	</object>
</annotation>