<annotation>
	<folder>top반찬면적접시오징어젓갈q5</folder>
	<filename>top_반찬면적_접시_오징어젓갈_Q5_00002.JPG</filename>
	<path>/top반찬면적접시오징어젓갈q5/top_반찬면적_접시_오징어젓갈_Q5_00002.JPG</path>
	<source>
		<database>fooddata</database>
	</source>
	<size>
		<width>3008</width>
		<height>2000</height>
		<depth>3</depth>
	</size>
	<object>
		<name>ref_spoon</name>
		<bndbox>
			<xmin>1533</xmin>
			<ymin>263</ymin>
			<xmax>1843</xmax>
			<ymax>725</ymax>
		</bndbox>
	</object>
	<object>
		<name>ref_fork</name>
		<bndbox>
			<xmin>2000</xmin>
			<ymin>214</ymin>
			<xmax>2212</xmax>
			<ymax>740</ymax>
		</bndbox>
	</object>
	<object>
		<name>ref_coin</name>
		<bndbox>
			<xmin>1167</xmin>
			<ymin>1364</ymin>
			<xmax>1398</xmax>
			<ymax>1595</ymax>
		</bndbox>
	</object>
	<object>
		<name>dish</name>
		<bndbox>
			<xmin>607</xmin>
			<ymin>479</ymin>
			<xmax>1455</xmax>
			<ymax>1322</ymax>
		</bndbox>
	</object>
	<object>
		<name>오징어젓갈</name>
		<bndbox>
			<xmin>794</xmin>
			<ymin>690</ymin>
			<xmax>1241</xmax>
			<ymax>1120</ymax>
		</bndbox>
	</object>
</annotation>