<annotation>
	<folder>top반찬면적접시오징어젓갈q5</folder>
	<filename>top_반찬면적_접시_오징어젓갈_Q5_00035.JPG</filename>
	<path>/top반찬면적접시오징어젓갈q5/top_반찬면적_접시_오징어젓갈_Q5_00035.JPG</path>
	<source>
		<database>fooddata</database>
	</source>
	<size>
		<width>3008</width>
		<height>2000</height>
		<depth>3</depth>
	</size>
	<object>
		<name>ref_spoon</name>
		<bndbox>
			<xmin>833</xmin>
			<ymin>1523</ymin>
			<xmax>1349</xmax>
			<ymax>1865</ymax>
		</bndbox>
	</object>
	<object>
		<name>ref_fork</name>
		<bndbox>
			<xmin>1020</xmin>
			<ymin>1209</ymin>
			<xmax>1575</xmax>
			<ymax>1437</ymax>
		</bndbox>
	</object>
	<object>
		<name>ref_coin</name>
		<bndbox>
			<xmin>1005</xmin>
			<ymin>312</ymin>
			<xmax>1244</xmax>
			<ymax>548</ymax>
		</bndbox>
	</object>
	<object>
		<name>dish</name>
		<bndbox>
			<xmin>1492</xmin>
			<ymin>270</ymin>
			<xmax>2337</xmax>
			<ymax>1111</ymax>
		</bndbox>
	</object>
	<object>
		<name>오징어젓갈</name>
		<bndbox>
			<xmin>1661</xmin>
			<ymin>437</ymin>
			<xmax>2123</xmax>
			<ymax>904</ymax>
		</bndbox>
	</object>
</annotation>