<annotation>
	<folder>top반찬면적접시오징어젓갈q5</folder>
	<filename>top_반찬면적_접시_오징어젓갈_Q5_00028.JPG</filename>
	<path>/top반찬면적접시오징어젓갈q5/top_반찬면적_접시_오징어젓갈_Q5_00028.JPG</path>
	<source>
		<database>fooddata</database>
	</source>
	<size>
		<width>3008</width>
		<height>2000</height>
		<depth>3</depth>
	</size>
	<object>
		<name>ref_spoon</name>
		<bndbox>
			<xmin>951</xmin>
			<ymin>1334</ymin>
			<xmax>1420</xmax>
			<ymax>1651</ymax>
		</bndbox>
	</object>
	<object>
		<name>ref_fork</name>
		<bndbox>
			<xmin>1091</xmin>
			<ymin>1029</ymin>
			<xmax>1595</xmax>
			<ymax>1238</ymax>
		</bndbox>
	</object>
	<object>
		<name>ref_coin</name>
		<bndbox>
			<xmin>2165</xmin>
			<ymin>1587</ymin>
			<xmax>2384</xmax>
			<ymax>1813</ymax>
		</bndbox>
	</object>
	<object>
		<name>dish</name>
		<bndbox>
			<xmin>1425</xmin>
			<ymin>138</ymin>
			<xmax>2226</xmax>
			<ymax>931</ymax>
		</bndbox>
	</object>
	<object>
		<name>오징어젓갈</name>
		<bndbox>
			<xmin>1592</xmin>
			<ymin>305</ymin>
			<xmax>2027</xmax>
			<ymax>735</ymax>
		</bndbox>
	</object>
</annotation>