<annotation>
	<folder>top반찬면적접시오징어젓갈q5</folder>
	<filename>top_반찬면적_접시_오징어젓갈_Q5_00018.JPG</filename>
	<path>/top반찬면적접시오징어젓갈q5/top_반찬면적_접시_오징어젓갈_Q5_00018.JPG</path>
	<source>
		<database>fooddata</database>
	</source>
	<size>
		<width>3008</width>
		<height>2000</height>
		<depth>3</depth>
	</size>
	<object>
		<name>ref_spoon</name>
		<bndbox>
			<xmin>1954</xmin>
			<ymin>221</ymin>
			<xmax>2273</xmax>
			<ymax>722</ymax>
		</bndbox>
	</object>
	<object>
		<name>ref_fork</name>
		<bndbox>
			<xmin>2411</xmin>
			<ymin>243</ymin>
			<xmax>2634</xmax>
			<ymax>767</ymax>
		</bndbox>
	</object>
	<object>
		<name>ref_coin</name>
		<bndbox>
			<xmin>752</xmin>
			<ymin>1504</ymin>
			<xmax>995</xmax>
			<ymax>1742</ymax>
		</bndbox>
	</object>
	<object>
		<name>dish</name>
		<bndbox>
			<xmin>1020</xmin>
			<ymin>457</ymin>
			<xmax>1877</xmax>
			<ymax>1314</ymax>
		</bndbox>
	</object>
	<object>
		<name>오징어젓갈</name>
		<bndbox>
			<xmin>1214</xmin>
			<ymin>690</ymin>
			<xmax>1659</xmax>
			<ymax>1123</ymax>
		</bndbox>
	</object>
</annotation>