<annotation>
	<folder>top반찬면적접시오징어젓갈q5</folder>
	<filename>top_반찬면적_접시_오징어젓갈_Q5_00040.JPG</filename>
	<path>/top반찬면적접시오징어젓갈q5/top_반찬면적_접시_오징어젓갈_Q5_00040.JPG</path>
	<source>
		<database>fooddata</database>
	</source>
	<size>
		<width>3008</width>
		<height>2000</height>
		<depth>3</depth>
	</size>
	<object>
		<name>ref_spoon</name>
		<bndbox>
			<xmin>477</xmin>
			<ymin>160</ymin>
			<xmax>809</xmax>
			<ymax>646</ymax>
		</bndbox>
	</object>
	<object>
		<name>ref_fork</name>
		<bndbox>
			<xmin>1057</xmin>
			<ymin>273</ymin>
			<xmax>1263</xmax>
			<ymax>823</ymax>
		</bndbox>
	</object>
	<object>
		<name>ref_coin</name>
		<bndbox>
			<xmin>2332</xmin>
			<ymin>1209</ymin>
			<xmax>2551</xmax>
			<ymax>1437</ymax>
		</bndbox>
	</object>
	<object>
		<name>dish</name>
		<bndbox>
			<xmin>1443</xmin>
			<ymin>688</ymin>
			<xmax>2275</xmax>
			<ymax>1516</ymax>
		</bndbox>
	</object>
	<object>
		<name>오징어젓갈</name>
		<bndbox>
			<xmin>1619</xmin>
			<ymin>902</ymin>
			<xmax>2089</xmax>
			<ymax>1361</ymax>
		</bndbox>
	</object>
</annotation>