<annotation>
	<folder>side육류부피배달종이박스닭튀김q5</folder>
	<filename>side_육류부피_배달종이박스_닭튀김_Q5_00015.JPG</filename>
	<path>/side육류부피배달종이박스닭튀김q5/side_육류부피_배달종이박스_닭튀김_Q5_00015.JPG</path>
	<source>
		<database>fooddata</database>
	</source>
	<size>
		<width>3008</width>
		<height>2000</height>
		<depth>3</depth>
	</size>
	<object>
		<name>ref_spoon</name>
		<bndbox>
			<xmin>2374</xmin>
			<ymin>752</ymin>
			<xmax>2662</xmax>
			<ymax>1104</ymax>
		</bndbox>
	</object>
	<object>
		<name>ref_fork</name>
		<bndbox>
			<xmin>2700</xmin>
			<ymin>779</ymin>
			<xmax>2930</xmax>
			<ymax>1160</ymax>
		</bndbox>
	</object>
	<object>
		<name>ref_coin</name>
		<bndbox>
			<xmin>729</xmin>
			<ymin>1688</ymin>
			<xmax>965</xmax>
			<ymax>1868</ymax>
		</bndbox>
	</object>
	<object>
		<name>dish</name>
		<bndbox>
			<xmin>782</xmin>
			<ymin>581</ymin>
			<xmax>2386</xmax>
			<ymax>1949</ymax>
		</bndbox>
	</object>
	<object>
		<name>닭튀김</name>
		<bndbox>
			<xmin>1064</xmin>
			<ymin>756</ymin>
			<xmax>2114</xmax>
			<ymax>1445</ymax>
		</bndbox>
	</object>
</annotation>