<annotation>
	<folder>side육류부피배달종이박스닭튀김q5</folder>
	<filename>side_육류부피_배달종이박스_닭튀김_Q5_00020.JPG</filename>
	<path>/side육류부피배달종이박스닭튀김q5/side_육류부피_배달종이박스_닭튀김_Q5_00020.JPG</path>
	<source>
		<database>fooddata</database>
	</source>
	<size>
		<width>3008</width>
		<height>2000</height>
		<depth>3</depth>
	</size>
	<object>
		<name>ref_spoon</name>
		<bndbox>
			<xmin>625</xmin>
			<ymin>1638</ymin>
			<xmax>1067</xmax>
			<ymax>1882</ymax>
		</bndbox>
	</object>
	<object>
		<name>ref_fork</name>
		<bndbox>
			<xmin>696</xmin>
			<ymin>1432</ymin>
			<xmax>1158</xmax>
			<ymax>1633</ymax>
		</bndbox>
	</object>
	<object>
		<name>ref_coin</name>
		<bndbox>
			<xmin>2093</xmin>
			<ymin>957</ymin>
			<xmax>2286</xmax>
			<ymax>1109</ymax>
		</bndbox>
	</object>
	<object>
		<name>dish</name>
		<bndbox>
			<xmin>554</xmin>
			<ymin>337</ymin>
			<xmax>1870</xmax>
			<ymax>1363</ymax>
		</bndbox>
	</object>
	<object>
		<name>닭튀김</name>
		<bndbox>
			<xmin>745</xmin>
			<ymin>471</ymin>
			<xmax>1703</xmax>
			<ymax>977</ymax>
		</bndbox>
	</object>
</annotation>