<annotation>
	<folder>side육류부피배달종이박스닭튀김q5</folder>
	<filename>side_육류부피_배달종이박스_닭튀김_Q5_00045.JPG</filename>
	<path>/side육류부피배달종이박스닭튀김q5/side_육류부피_배달종이박스_닭튀김_Q5_00045.JPG</path>
	<source>
		<database>fooddata</database>
	</source>
	<size>
		<width>3008</width>
		<height>2000</height>
		<depth>3</depth>
	</size>
	<object>
		<name>ref_spoon</name>
		<bndbox>
			<xmin>413</xmin>
			<ymin>601</ymin>
			<xmax>701</xmax>
			<ymax>942</ymax>
		</bndbox>
	</object>
	<object>
		<name>ref_fork</name>
		<bndbox>
			<xmin>777</xmin>
			<ymin>601</ymin>
			<xmax>981</xmax>
			<ymax>987</ymax>
		</bndbox>
	</object>
	<object>
		<name>ref_coin</name>
		<bndbox>
			<xmin>784</xmin>
			<ymin>317</ymin>
			<xmax>976</xmax>
			<ymax>454</ymax>
		</bndbox>
	</object>
	<object>
		<name>dish</name>
		<bndbox>
			<xmin>1216</xmin>
			<ymin>342</ymin>
			<xmax>2536</xmax>
			<ymax>1368</ymax>
		</bndbox>
	</object>
	<object>
		<name>닭튀김</name>
		<bndbox>
			<xmin>1352</xmin>
			<ymin>439</ymin>
			<xmax>2388</xmax>
			<ymax>964</ymax>
		</bndbox>
	</object>
</annotation>