<annotation>
	<folder>side육류부피배달종이박스닭튀김q5</folder>
	<filename>side_육류부피_배달종이박스_닭튀김_Q5_00019.JPG</filename>
	<path>/side육류부피배달종이박스닭튀김q5/side_육류부피_배달종이박스_닭튀김_Q5_00019.JPG</path>
	<source>
		<database>fooddata</database>
	</source>
	<size>
		<width>3008</width>
		<height>2000</height>
		<depth>3</depth>
	</size>
	<object>
		<name>ref_spoon</name>
		<bndbox>
			<xmin>650</xmin>
			<ymin>1617</ymin>
			<xmax>1098</xmax>
			<ymax>1851</ymax>
		</bndbox>
	</object>
	<object>
		<name>ref_fork</name>
		<bndbox>
			<xmin>716</xmin>
			<ymin>1404</ymin>
			<xmax>1184</xmax>
			<ymax>1607</ymax>
		</bndbox>
	</object>
	<object>
		<name>ref_coin</name>
		<bndbox>
			<xmin>2114</xmin>
			<ymin>982</ymin>
			<xmax>2307</xmax>
			<ymax>1130</ymax>
		</bndbox>
	</object>
	<object>
		<name>dish</name>
		<bndbox>
			<xmin>732</xmin>
			<ymin>345</ymin>
			<xmax>1921</xmax>
			<ymax>1267</ymax>
		</bndbox>
	</object>
	<object>
		<name>닭튀김</name>
		<bndbox>
			<xmin>793</xmin>
			<ymin>428</ymin>
			<xmax>1809</xmax>
			<ymax>891</ymax>
		</bndbox>
	</object>
</annotation>