<annotation>
	<folder>side육류부피배달종이박스닭튀김q5</folder>
	<filename>side_육류부피_배달종이박스_닭튀김_Q5_00007.JPG</filename>
	<path>/side육류부피배달종이박스닭튀김q5/side_육류부피_배달종이박스_닭튀김_Q5_00007.JPG</path>
	<source>
		<database>fooddata</database>
	</source>
	<size>
		<width>3008</width>
		<height>2000</height>
		<depth>3</depth>
	</size>
	<object>
		<name>ref_spoon</name>
		<bndbox>
			<xmin>2210</xmin>
			<ymin>559</ymin>
			<xmax>2520</xmax>
			<ymax>925</ymax>
		</bndbox>
	</object>
	<object>
		<name>ref_fork</name>
		<bndbox>
			<xmin>2566</xmin>
			<ymin>575</ymin>
			<xmax>2810</xmax>
			<ymax>987</ymax>
		</bndbox>
	</object>
	<object>
		<name>ref_coin</name>
		<bndbox>
			<xmin>1991</xmin>
			<ymin>1069</ymin>
			<xmax>2223</xmax>
			<ymax>1238</ymax>
		</bndbox>
	</object>
	<object>
		<name>dish</name>
		<bndbox>
			<xmin>117</xmin>
			<ymin>388</ymin>
			<xmax>1855</xmax>
			<ymax>1845</ymax>
		</bndbox>
	</object>
	<object>
		<name>닭튀김</name>
		<bndbox>
			<xmin>406</xmin>
			<ymin>588</ymin>
			<xmax>1700</xmax>
			<ymax>1333</ymax>
		</bndbox>
	</object>
</annotation>