<annotation>
	<folder>side육류부피배달종이박스닭튀김q5</folder>
	<filename>side_육류부피_배달종이박스_닭튀김_Q5_00012.JPG</filename>
	<path>/side육류부피배달종이박스닭튀김q5/side_육류부피_배달종이박스_닭튀김_Q5_00012.JPG</path>
	<source>
		<database>fooddata</database>
	</source>
	<size>
		<width>3008</width>
		<height>2000</height>
		<depth>3</depth>
	</size>
	<object>
		<name>ref_spoon</name>
		<bndbox>
			<xmin>2078</xmin>
			<ymin>418</ymin>
			<xmax>2368</xmax>
			<ymax>769</ymax>
		</bndbox>
	</object>
	<object>
		<name>ref_fork</name>
		<bndbox>
			<xmin>2413</xmin>
			<ymin>418</ymin>
			<xmax>2647</xmax>
			<ymax>799</ymax>
		</bndbox>
	</object>
	<object>
		<name>ref_coin</name>
		<bndbox>
			<xmin>476</xmin>
			<ymin>347</ymin>
			<xmax>681</xmax>
			<ymax>484</ymax>
		</bndbox>
	</object>
	<object>
		<name>dish</name>
		<bndbox>
			<xmin>478</xmin>
			<ymin>271</ymin>
			<xmax>2092</xmax>
			<ymax>1659</ymax>
		</bndbox>
	</object>
	<object>
		<name>닭튀김</name>
		<bndbox>
			<xmin>681</xmin>
			<ymin>546</ymin>
			<xmax>1810</xmax>
			<ymax>1119</ymax>
		</bndbox>
	</object>
</annotation>