<annotation>
	<folder>side육류부피배달종이박스닭튀김q5</folder>
	<filename>side_육류부피_배달종이박스_닭튀김_Q5_00013.JPG</filename>
	<path>/side육류부피배달종이박스닭튀김q5/side_육류부피_배달종이박스_닭튀김_Q5_00013.JPG</path>
	<source>
		<database>fooddata</database>
	</source>
	<size>
		<width>3008</width>
		<height>2000</height>
		<depth>3</depth>
	</size>
	<object>
		<name>ref_spoon</name>
		<bndbox>
			<xmin>2290</xmin>
			<ymin>822</ymin>
			<xmax>2571</xmax>
			<ymax>1170</ymax>
		</bndbox>
	</object>
	<object>
		<name>ref_fork</name>
		<bndbox>
			<xmin>2617</xmin>
			<ymin>853</ymin>
			<xmax>2834</xmax>
			<ymax>1246</ymax>
		</bndbox>
	</object>
	<object>
		<name>ref_coin</name>
		<bndbox>
			<xmin>330</xmin>
			<ymin>722</ymin>
			<xmax>539</xmax>
			<ymax>860</ymax>
		</bndbox>
	</object>
	<object>
		<name>dish</name>
		<bndbox>
			<xmin>762</xmin>
			<ymin>667</ymin>
			<xmax>2206</xmax>
			<ymax>1744</ymax>
		</bndbox>
	</object>
	<object>
		<name>닭튀김</name>
		<bndbox>
			<xmin>845</xmin>
			<ymin>890</ymin>
			<xmax>2043</xmax>
			<ymax>1246</ymax>
		</bndbox>
	</object>
</annotation>