<annotation>
	<folder>top육류부피배달종이박스닭튀김q5</folder>
	<filename>top_육류부피_배달종이박스_닭튀김_Q5_00031.JPG</filename>
	<path>/top육류부피배달종이박스닭튀김q5/top_육류부피_배달종이박스_닭튀김_Q5_00031.JPG</path>
	<source>
		<database>fooddata</database>
	</source>
	<size>
		<width>3008</width>
		<height>2000</height>
		<depth>3</depth>
	</size>
	<object>
		<name>ref_spoon</name>
		<bndbox>
			<xmin>1206</xmin>
			<ymin>1339</ymin>
			<xmax>1490</xmax>
			<ymax>1544</ymax>
		</bndbox>
	</object>
	<object>
		<name>ref_fork</name>
		<bndbox>
			<xmin>1242</xmin>
			<ymin>1608</ymin>
			<xmax>1543</xmax>
			<ymax>1740</ymax>
		</bndbox>
	</object>
	<object>
		<name>ref_coin</name>
		<bndbox>
			<xmin>1930</xmin>
			<ymin>1098</ymin>
			<xmax>2072</xmax>
			<ymax>1236</ymax>
		</bndbox>
	</object>
	<object>
		<name>dish</name>
		<bndbox>
			<xmin>1227</xmin>
			<ymin>51</ymin>
			<xmax>2192</xmax>
			<ymax>1154</ymax>
		</bndbox>
	</object>
	<object>
		<name>닭튀김</name>
		<bndbox>
			<xmin>1398</xmin>
			<ymin>147</ymin>
			<xmax>1994</xmax>
			<ymax>1080</ymax>
		</bndbox>
	</object>
</annotation>