<annotation>
	<folder>top육류부피배달종이박스닭튀김q5</folder>
	<filename>top_육류부피_배달종이박스_닭튀김_Q5_00007.JPG</filename>
	<path>/top육류부피배달종이박스닭튀김q5/top_육류부피_배달종이박스_닭튀김_Q5_00007.JPG</path>
	<source>
		<database>fooddata</database>
	</source>
	<size>
		<width>3008</width>
		<height>2000</height>
		<depth>3</depth>
	</size>
	<object>
		<name>ref_spoon</name>
		<bndbox>
			<xmin>2142</xmin>
			<ymin>275</ymin>
			<xmax>2366</xmax>
			<ymax>601</ymax>
		</bndbox>
	</object>
	<object>
		<name>ref_fork</name>
		<bndbox>
			<xmin>2440</xmin>
			<ymin>271</ymin>
			<xmax>2600</xmax>
			<ymax>629</ymax>
		</bndbox>
	</object>
	<object>
		<name>ref_coin</name>
		<bndbox>
			<xmin>990</xmin>
			<ymin>1693</ymin>
			<xmax>1163</xmax>
			<ymax>1874</ymax>
		</bndbox>
	</object>
	<object>
		<name>dish</name>
		<bndbox>
			<xmin>756</xmin>
			<ymin>335</ymin>
			<xmax>2103</xmax>
			<ymax>1640</ymax>
		</bndbox>
	</object>
	<object>
		<name>닭튀김</name>
		<bndbox>
			<xmin>983</xmin>
			<ymin>512</ymin>
			<xmax>1990</xmax>
			<ymax>1498</ymax>
		</bndbox>
	</object>
</annotation>