<annotation>
	<folder>top육류부피배달종이박스닭튀김q5</folder>
	<filename>top_육류부피_배달종이박스_닭튀김_Q5_00051.JPG</filename>
	<path>/top육류부피배달종이박스닭튀김q5/top_육류부피_배달종이박스_닭튀김_Q5_00051.JPG</path>
	<source>
		<database>fooddata</database>
	</source>
	<size>
		<width>3008</width>
		<height>2000</height>
		<depth>3</depth>
	</size>
	<object>
		<name>ref_spoon</name>
		<bndbox>
			<xmin>784</xmin>
			<ymin>573</ymin>
			<xmax>1057</xmax>
			<ymax>949</ymax>
		</bndbox>
	</object>
	<object>
		<name>ref_fork</name>
		<bndbox>
			<xmin>546</xmin>
			<ymin>604</ymin>
			<xmax>724</xmax>
			<ymax>1034</ymax>
		</bndbox>
	</object>
	<object>
		<name>ref_coin</name>
		<bndbox>
			<xmin>2653</xmin>
			<ymin>906</ymin>
			<xmax>2838</xmax>
			<ymax>1087</ymax>
		</bndbox>
	</object>
	<object>
		<name>dish</name>
		<bndbox>
			<xmin>1202</xmin>
			<ymin>505</ymin>
			<xmax>2550</xmax>
			<ymax>1520</ymax>
		</bndbox>
	</object>
	<object>
		<name>닭튀김</name>
		<bndbox>
			<xmin>1263</xmin>
			<ymin>619</ymin>
			<xmax>2472</xmax>
			<ymax>1424</ymax>
		</bndbox>
	</object>
</annotation>