<annotation>
	<folder>top육류부피배달종이박스닭튀김q5</folder>
	<filename>top_육류부피_배달종이박스_닭튀김_Q5_00028.JPG</filename>
	<path>/top육류부피배달종이박스닭튀김q5/top_육류부피_배달종이박스_닭튀김_Q5_00028.JPG</path>
	<source>
		<database>fooddata</database>
	</source>
	<size>
		<width>3008</width>
		<height>2000</height>
		<depth>3</depth>
	</size>
	<object>
		<name>ref_spoon</name>
		<bndbox>
			<xmin>1327</xmin>
			<ymin>1293</ymin>
			<xmax>1635</xmax>
			<ymax>1516</ymax>
		</bndbox>
	</object>
	<object>
		<name>ref_fork</name>
		<bndbox>
			<xmin>1348</xmin>
			<ymin>1594</ymin>
			<xmax>1688</xmax>
			<ymax>1747</ymax>
		</bndbox>
	</object>
	<object>
		<name>ref_coin</name>
		<bndbox>
			<xmin>1174</xmin>
			<ymin>842</ymin>
			<xmax>1337</xmax>
			<ymax>998</ymax>
		</bndbox>
	</object>
	<object>
		<name>dish</name>
		<bndbox>
			<xmin>1518</xmin>
			<ymin>62</ymin>
			<xmax>2728</xmax>
			<ymax>1080</ymax>
		</bndbox>
	</object>
	<object>
		<name>닭튀김</name>
		<bndbox>
			<xmin>1593</xmin>
			<ymin>253</ymin>
			<xmax>2543</xmax>
			<ymax>902</ymax>
		</bndbox>
	</object>
</annotation>