<annotation>
	<folder>top육류부피배달종이박스닭튀김q5</folder>
	<filename>top_육류부피_배달종이박스_닭튀김_Q5_00024.JPG</filename>
	<path>/top육류부피배달종이박스닭튀김q5/top_육류부피_배달종이박스_닭튀김_Q5_00024.JPG</path>
	<source>
		<database>fooddata</database>
	</source>
	<size>
		<width>3008</width>
		<height>2000</height>
		<depth>3</depth>
	</size>
	<object>
		<name>ref_spoon</name>
		<bndbox>
			<xmin>1327</xmin>
			<ymin>1403</ymin>
			<xmax>1589</xmax>
			<ymax>1594</ymax>
		</bndbox>
	</object>
	<object>
		<name>ref_fork</name>
		<bndbox>
			<xmin>1341</xmin>
			<ymin>1665</ymin>
			<xmax>1628</xmax>
			<ymax>1796</ymax>
		</bndbox>
	</object>
	<object>
		<name>ref_coin</name>
		<bndbox>
			<xmin>1827</xmin>
			<ymin>30</ymin>
			<xmax>1954</xmax>
			<ymax>161</ymax>
		</bndbox>
	</object>
	<object>
		<name>dish</name>
		<bndbox>
			<xmin>1589</xmin>
			<ymin>335</ymin>
			<xmax>2384</xmax>
			<ymax>1307</ymax>
		</bndbox>
	</object>
	<object>
		<name>닭튀김</name>
		<bndbox>
			<xmin>1628</xmin>
			<ymin>452</ymin>
			<xmax>2277</xmax>
			<ymax>1275</ymax>
		</bndbox>
	</object>
</annotation>