<annotation>
	<folder>top육류부피배달종이박스닭튀김q5</folder>
	<filename>top_육류부피_배달종이박스_닭튀김_Q5_00006.JPG</filename>
	<path>/top육류부피배달종이박스닭튀김q5/top_육류부피_배달종이박스_닭튀김_Q5_00006.JPG</path>
	<source>
		<database>fooddata</database>
	</source>
	<size>
		<width>3008</width>
		<height>2000</height>
		<depth>3</depth>
	</size>
	<object>
		<name>ref_spoon</name>
		<bndbox>
			<xmin>2146</xmin>
			<ymin>299</ymin>
			<xmax>2362</xmax>
			<ymax>619</ymax>
		</bndbox>
	</object>
	<object>
		<name>ref_fork</name>
		<bndbox>
			<xmin>2440</xmin>
			<ymin>292</ymin>
			<xmax>2593</xmax>
			<ymax>654</ymax>
		</bndbox>
	</object>
	<object>
		<name>ref_coin</name>
		<bndbox>
			<xmin>816</xmin>
			<ymin>1626</ymin>
			<xmax>990</xmax>
			<ymax>1803</ymax>
		</bndbox>
	</object>
	<object>
		<name>dish</name>
		<bndbox>
			<xmin>795</xmin>
			<ymin>282</ymin>
			<xmax>1986</xmax>
			<ymax>1591</ymax>
		</bndbox>
	</object>
	<object>
		<name>닭튀김</name>
		<bndbox>
			<xmin>983</xmin>
			<ymin>487</ymin>
			<xmax>1894</xmax>
			<ymax>1474</ymax>
		</bndbox>
	</object>
</annotation>