<annotation>
	<folder>my-project-name</folder>
	<filename>side_부침개류_접시_파전_Q1_00052.JPG</filename>
	<path>/side부침개류접시파전q1/side_부침개류_접시_파전_Q1_00052.JPG</path>
	<source>
		<database>fooddata</database>
	</source>
	<size>
		<width>720</width>
		<height>480</height>
		<depth>3</depth>
	</size>
	<object>
		<name>ref_spoon</name>
		<bndbox>
			<xmin>119</xmin>
			<ymin>108</ymin>
			<xmax>178</xmax>
			<ymax>191</ymax>
		</bndbox>
	</object>
	<object>
		<name>ref_fork</name>
		<bndbox>
			<xmin>198</xmin>
			<ymin>110</ymin>
			<xmax>238</xmax>
			<ymax>201</ymax>
		</bndbox>
	</object>
	<object>
		<name>ref_coin</name>
		<bndbox>
			<xmin>31</xmin>
			<ymin>307</ymin>
			<xmax>78</xmax>
			<ymax>344</ymax>
		</bndbox>
	</object>
	<object>
		<name>dish</name>
		<bndbox>
			<xmin>254</xmin>
			<ymin>63</ymin>
			<xmax>672</xmax>
			<ymax>365</ymax>
		</bndbox>
	</object>
	<object>
		<name>파전</name>
		<bndbox>
			<xmin>309</xmin>
			<ymin>160</ymin>
			<xmax>532</xmax>
			<ymax>283</ymax>
		</bndbox>
	</object>
</annotation>