<annotation>
	<folder>my-project-name</folder>
	<filename>side_부침개류_접시_파전_Q1_00025.JPG</filename>
	<path>/side부침개류접시파전q1/side_부침개류_접시_파전_Q1_00025.JPG</path>
	<source>
		<database>fooddata</database>
	</source>
	<size>
		<width>720</width>
		<height>480</height>
		<depth>3</depth>
	</size>
	<object>
		<name>ref_spoon</name>
		<bndbox>
			<xmin>231</xmin>
			<ymin>408</ymin>
			<xmax>332</xmax>
			<ymax>460</ymax>
		</bndbox>
	</object>
	<object>
		<name>ref_fork</name>
		<bndbox>
			<xmin>229</xmin>
			<ymin>363</ymin>
			<xmax>330</xmax>
			<ymax>403</ymax>
		</bndbox>
	</object>
	<object>
		<name>ref_coin</name>
		<bndbox>
			<xmin>552</xmin>
			<ymin>75</ymin>
			<xmax>588</xmax>
			<ymax>101</ymax>
		</bndbox>
	</object>
	<object>
		<name>dish</name>
		<bndbox>
			<xmin>198</xmin>
			<ymin>71</ymin>
			<xmax>576</xmax>
			<ymax>345</ymax>
		</bndbox>
	</object>
	<object>
		<name>파전</name>
		<bndbox>
			<xmin>282</xmin>
			<ymin>143</ymin>
			<xmax>470</xmax>
			<ymax>298</ymax>
		</bndbox>
	</object>
</annotation>