<annotation>
	<folder>my-project-name</folder>
	<filename>side_부침개류_접시_파전_Q1_00028.JPG</filename>
	<path>/side부침개류접시파전q1/side_부침개류_접시_파전_Q1_00028.JPG</path>
	<source>
		<database>fooddata</database>
	</source>
	<size>
		<width>720</width>
		<height>480</height>
		<depth>3</depth>
	</size>
	<object>
		<name>ref_spoon</name>
		<bndbox>
			<xmin>201</xmin>
			<ymin>405</ymin>
			<xmax>299</xmax>
			<ymax>460</ymax>
		</bndbox>
	</object>
	<object>
		<name>ref_fork</name>
		<bndbox>
			<xmin>200</xmin>
			<ymin>360</ymin>
			<xmax>304</xmax>
			<ymax>401</ymax>
		</bndbox>
	</object>
	<object>
		<name>ref_coin</name>
		<bndbox>
			<xmin>407</xmin>
			<ymin>20</ymin>
			<xmax>441</xmax>
			<ymax>43</ymax>
		</bndbox>
	</object>
	<object>
		<name>dish</name>
		<bndbox>
			<xmin>178</xmin>
			<ymin>69</ymin>
			<xmax>559</xmax>
			<ymax>343</ymax>
		</bndbox>
	</object>
	<object>
		<name>파전</name>
		<bndbox>
			<xmin>254</xmin>
			<ymin>136</ymin>
			<xmax>463</xmax>
			<ymax>275</ymax>
		</bndbox>
	</object>
</annotation>