<annotation>
	<folder>my-project-name</folder>
	<filename>side_부침개류_접시_파전_Q1_00036.JPG</filename>
	<path>/side부침개류접시파전q1/side_부침개류_접시_파전_Q1_00036.JPG</path>
	<source>
		<database>fooddata</database>
	</source>
	<size>
		<width>720</width>
		<height>480</height>
		<depth>3</depth>
	</size>
	<object>
		<name>ref_spoon</name>
		<bndbox>
			<xmin>84</xmin>
			<ymin>78</ymin>
			<xmax>147</xmax>
			<ymax>167</ymax>
		</bndbox>
	</object>
	<object>
		<name>ref_fork</name>
		<bndbox>
			<xmin>170</xmin>
			<ymin>80</ymin>
			<xmax>212</xmax>
			<ymax>179</ymax>
		</bndbox>
	</object>
	<object>
		<name>ref_coin</name>
		<bndbox>
			<xmin>454</xmin>
			<ymin>412</ymin>
			<xmax>504</xmax>
			<ymax>455</ymax>
		</bndbox>
	</object>
	<object>
		<name>dish</name>
		<bndbox>
			<xmin>229</xmin>
			<ymin>29</ymin>
			<xmax>679</xmax>
			<ymax>357</ymax>
		</bndbox>
	</object>
	<object>
		<name>파전</name>
		<bndbox>
			<xmin>331</xmin>
			<ymin>69</ymin>
			<xmax>587</xmax>
			<ymax>324</ymax>
		</bndbox>
	</object>
</annotation>