<annotation>
	<folder>my-project-name</folder>
	<filename>side_부침개류_접시_파전_Q1_00045.JPG</filename>
	<path>/side부침개류접시파전q1/side_부침개류_접시_파전_Q1_00045.JPG</path>
	<source>
		<database>fooddata</database>
	</source>
	<size>
		<width>720</width>
		<height>480</height>
		<depth>3</depth>
	</size>
	<object>
		<name>ref_spoon</name>
		<bndbox>
			<xmin>58</xmin>
			<ymin>129</ymin>
			<xmax>119</xmax>
			<ymax>212</ymax>
		</bndbox>
	</object>
	<object>
		<name>ref_fork</name>
		<bndbox>
			<xmin>141</xmin>
			<ymin>130</ymin>
			<xmax>180</xmax>
			<ymax>223</ymax>
		</bndbox>
	</object>
	<object>
		<name>ref_coin</name>
		<bndbox>
			<xmin>452</xmin>
			<ymin>40</ymin>
			<xmax>489</xmax>
			<ymax>66</ymax>
		</bndbox>
	</object>
	<object>
		<name>dish</name>
		<bndbox>
			<xmin>197</xmin>
			<ymin>78</ymin>
			<xmax>619</xmax>
			<ymax>384</ymax>
		</bndbox>
	</object>
	<object>
		<name>파전</name>
		<bndbox>
			<xmin>262</xmin>
			<ymin>142</ymin>
			<xmax>483</xmax>
			<ymax>321</ymax>
		</bndbox>
	</object>
</annotation>