<annotation>
	<folder>my-project-name</folder>
	<filename>side_부침개류_접시_파전_Q1_00016.JPG</filename>
	<path>/side부침개류접시파전q1/side_부침개류_접시_파전_Q1_00016.JPG</path>
	<source>
		<database>fooddata</database>
	</source>
	<size>
		<width>720</width>
		<height>480</height>
		<depth>3</depth>
	</size>
	<object>
		<name>ref_spoon</name>
		<bndbox>
			<xmin>535</xmin>
			<ymin>90</ymin>
			<xmax>591</xmax>
			<ymax>167</ymax>
		</bndbox>
	</object>
	<object>
		<name>ref_fork</name>
		<bndbox>
			<xmin>611</xmin>
			<ymin>87</ymin>
			<xmax>652</xmax>
			<ymax>175</ymax>
		</bndbox>
	</object>
	<object>
		<name>ref_coin</name>
		<bndbox>
			<xmin>370</xmin>
			<ymin>38</ymin>
			<xmax>408</xmax>
			<ymax>65</ymax>
		</bndbox>
	</object>
	<object>
		<name>dish</name>
		<bndbox>
			<xmin>127</xmin>
			<ymin>98</ymin>
			<xmax>554</xmax>
			<ymax>417</ymax>
		</bndbox>
	</object>
	<object>
		<name>파전</name>
		<bndbox>
			<xmin>161</xmin>
			<ymin>175</ymin>
			<xmax>390</xmax>
			<ymax>346</ymax>
		</bndbox>
	</object>
</annotation>