<annotation>
	<folder>my-project-name</folder>
	<filename>side_부침개류_접시_파전_Q1_00034.JPG</filename>
	<path>/side부침개류접시파전q1/side_부침개류_접시_파전_Q1_00034.JPG</path>
	<source>
		<database>fooddata</database>
	</source>
	<size>
		<width>720</width>
		<height>480</height>
		<depth>3</depth>
	</size>
	<object>
		<name>ref_spoon</name>
		<bndbox>
			<xmin>95</xmin>
			<ymin>110</ymin>
			<xmax>158</xmax>
			<ymax>198</ymax>
		</bndbox>
	</object>
	<object>
		<name>ref_fork</name>
		<bndbox>
			<xmin>180</xmin>
			<ymin>112</ymin>
			<xmax>221</xmax>
			<ymax>211</ymax>
		</bndbox>
	</object>
	<object>
		<name>ref_coin</name>
		<bndbox>
			<xmin>308</xmin>
			<ymin>410</ymin>
			<xmax>357</xmax>
			<ymax>452</ymax>
		</bndbox>
	</object>
	<object>
		<name>dish</name>
		<bndbox>
			<xmin>239</xmin>
			<ymin>64</ymin>
			<xmax>687</xmax>
			<ymax>392</ymax>
		</bndbox>
	</object>
	<object>
		<name>파전</name>
		<bndbox>
			<xmin>355</xmin>
			<ymin>122</ymin>
			<xmax>579</xmax>
			<ymax>359</ymax>
		</bndbox>
	</object>
</annotation>