<annotation>
	<folder>my-project-name</folder>
	<filename>side_부침개류_접시_파전_Q1_00010.JPG</filename>
	<path>/side부침개류접시파전q1/side_부침개류_접시_파전_Q1_00010.JPG</path>
	<source>
		<database>fooddata</database>
	</source>
	<size>
		<width>720</width>
		<height>480</height>
		<depth>3</depth>
	</size>
	<object>
		<name>ref_spoon</name>
		<bndbox>
			<xmin>568</xmin>
			<ymin>123</ymin>
			<xmax>625</xmax>
			<ymax>200</ymax>
		</bndbox>
	</object>
	<object>
		<name>ref_fork</name>
		<bndbox>
			<xmin>643</xmin>
			<ymin>124</ymin>
			<xmax>684</xmax>
			<ymax>211</ymax>
		</bndbox>
	</object>
	<object>
		<name>ref_coin</name>
		<bndbox>
			<xmin>76</xmin>
			<ymin>293</ymin>
			<xmax>122</xmax>
			<ymax>329</ymax>
		</bndbox>
	</object>
	<object>
		<name>dish</name>
		<bndbox>
			<xmin>144</xmin>
			<ymin>89</ymin>
			<xmax>554</xmax>
			<ymax>388</ymax>
		</bndbox>
	</object>
	<object>
		<name>파전</name>
		<bndbox>
			<xmin>284</xmin>
			<ymin>198</ymin>
			<xmax>519</xmax>
			<ymax>351</ymax>
		</bndbox>
	</object>
</annotation>