<annotation>
	<folder>top_부침개류접시파전q1</folder>
	<filename>top_부침개류_접시_파전_Q1_00050.JPG</filename>
	<path>/top부침개류접시파전q1/top_부침개류_접시_파전_Q1_00050.JPG</path>
	<source>
		<database>fooddata</database>
	</source>
	<size>
		<width>5472</width>
		<height>3648</height>
		<depth>3</depth>
	</size>
	<object>
		<name>ref_spoon</name>
		<bndbox>
			<xmin>995</xmin>
			<ymin>647</ymin>
			<xmax>1394</xmax>
			<ymax>1594</ymax>
		</bndbox>
	</object>
	<object>
		<name>ref_fork</name>
		<bndbox>
			<xmin>1598</xmin>
			<ymin>713</ymin>
			<xmax>1864</xmax>
			<ymax>1560</ymax>
		</bndbox>
	</object>
	<object>
		<name>ref_coin</name>
		<bndbox>
			<xmin>2086</xmin>
			<ymin>2695</ymin>
			<xmax>2379</xmax>
			<ymax>3000</ymax>
		</bndbox>
	</object>
	<object>
		<name>dish</name>
		<bndbox>
			<xmin>2108</xmin>
			<ymin>337</ymin>
			<xmax>4881</xmax>
			<ymax>3110</ymax>
		</bndbox>
	</object>
	<object>
		<name>파전</name>
		<bndbox>
			<xmin>2844</xmin>
			<ymin>1400</ymin>
			<xmax>4455</xmax>
			<ymax>2917</ymax>
		</bndbox>
	</object>
</annotation>