<annotation>
	<folder>top_부침개류접시파전q1</folder>
	<filename>top_부침개류_접시_파전_Q1_00048.JPG</filename>
	<path>/top부침개류접시파전q1/top_부침개류_접시_파전_Q1_00048.JPG</path>
	<source>
		<database>fooddata</database>
	</source>
	<size>
		<width>5472</width>
		<height>3648</height>
		<depth>3</depth>
	</size>
	<object>
		<name>ref_spoon</name>
		<bndbox>
			<xmin>641</xmin>
			<ymin>963</ymin>
			<xmax>1045</xmax>
			<ymax>1776</ymax>
		</bndbox>
	</object>
	<object>
		<name>ref_fork</name>
		<bndbox>
			<xmin>1244</xmin>
			<ymin>1007</ymin>
			<xmax>1526</xmax>
			<ymax>1854</ymax>
		</bndbox>
	</object>
	<object>
		<name>ref_coin</name>
		<bndbox>
			<xmin>4743</xmin>
			<ymin>1167</ymin>
			<xmax>5019</xmax>
			<ymax>1439</ymax>
		</bndbox>
	</object>
	<object>
		<name>dish</name>
		<bndbox>
			<xmin>1776</xmin>
			<ymin>498</ymin>
			<xmax>4543</xmax>
			<ymax>3243</ymax>
		</bndbox>
	</object>
	<object>
		<name>파전</name>
		<bndbox>
			<xmin>2301</xmin>
			<ymin>1311</ymin>
			<xmax>3807</xmax>
			<ymax>2917</ymax>
		</bndbox>
	</object>
</annotation>