<annotation>
	<folder>top_부침개류접시파전q1</folder>
	<filename>top_부침개류_접시_파전_Q1_00011.JPG</filename>
	<path>/top부침개류접시파전q1/top_부침개류_접시_파전_Q1_00011.JPG</path>
	<source>
		<database>fooddata</database>
	</source>
	<size>
		<width>5472</width>
		<height>3648</height>
		<depth>3</depth>
	</size>
	<object>
		<name>ref_spoon</name>
		<bndbox>
			<xmin>4200</xmin>
			<ymin>852</ymin>
			<xmax>4599</xmax>
			<ymax>1704</ymax>
		</bndbox>
	</object>
	<object>
		<name>ref_fork</name>
		<bndbox>
			<xmin>4621</xmin>
			<ymin>1007</ymin>
			<xmax>4920</xmax>
			<ymax>1865</ymax>
		</bndbox>
	</object>
	<object>
		<name>ref_coin</name>
		<bndbox>
			<xmin>1781</xmin>
			<ymin>343</ymin>
			<xmax>2069</xmax>
			<ymax>614</ymax>
		</bndbox>
	</object>
	<object>
		<name>dish</name>
		<bndbox>
			<xmin>1283</xmin>
			<ymin>581</ymin>
			<xmax>4139</xmax>
			<ymax>3443</ymax>
		</bndbox>
	</object>
	<object>
		<name>파전</name>
		<bndbox>
			<xmin>1687</xmin>
			<ymin>1345</ymin>
			<xmax>2993</xmax>
			<ymax>3144</ymax>
		</bndbox>
	</object>
</annotation>