<annotation>
	<folder>top_부침개류접시파전q1</folder>
	<filename>top_부침개류_접시_파전_Q1_00012.JPG</filename>
	<path>/top부침개류접시파전q1/top_부침개류_접시_파전_Q1_00012.JPG</path>
	<source>
		<database>fooddata</database>
	</source>
	<size>
		<width>5472</width>
		<height>3648</height>
		<depth>3</depth>
	</size>
	<object>
		<name>ref_spoon</name>
		<bndbox>
			<xmin>4244</xmin>
			<ymin>940</ymin>
			<xmax>4637</xmax>
			<ymax>1771</ymax>
		</bndbox>
	</object>
	<object>
		<name>ref_fork</name>
		<bndbox>
			<xmin>4665</xmin>
			<ymin>1084</ymin>
			<xmax>4964</xmax>
			<ymax>1893</ymax>
		</bndbox>
	</object>
	<object>
		<name>ref_coin</name>
		<bndbox>
			<xmin>2362</xmin>
			<ymin>282</ymin>
			<xmax>2645</xmax>
			<ymax>547</ymax>
		</bndbox>
	</object>
	<object>
		<name>dish</name>
		<bndbox>
			<xmin>1366</xmin>
			<ymin>686</ymin>
			<xmax>4211</xmax>
			<ymax>3542</ymax>
		</bndbox>
	</object>
	<object>
		<name>파전</name>
		<bndbox>
			<xmin>1582</xmin>
			<ymin>1311</ymin>
			<xmax>3154</xmax>
			<ymax>2994</ymax>
		</bndbox>
	</object>
</annotation>