<annotation>
	<folder>top_부침개류접시파전q1</folder>
	<filename>top_부침개류_접시_파전_Q1_00039.JPG</filename>
	<path>/top부침개류접시파전q1/top_부침개류_접시_파전_Q1_00039.JPG</path>
	<source>
		<database>fooddata</database>
	</source>
	<size>
		<width>5472</width>
		<height>3648</height>
		<depth>3</depth>
	</size>
	<object>
		<name>ref_spoon</name>
		<bndbox>
			<xmin>1006</xmin>
			<ymin>736</ymin>
			<xmax>1388</xmax>
			<ymax>1505</ymax>
		</bndbox>
	</object>
	<object>
		<name>ref_fork</name>
		<bndbox>
			<xmin>1571</xmin>
			<ymin>802</ymin>
			<xmax>1836</xmax>
			<ymax>1616</ymax>
		</bndbox>
	</object>
	<object>
		<name>ref_coin</name>
		<bndbox>
			<xmin>4006</xmin>
			<ymin>3083</ymin>
			<xmax>4289</xmax>
			<ymax>3371</ymax>
		</bndbox>
	</object>
	<object>
		<name>dish</name>
		<bndbox>
			<xmin>2019</xmin>
			<ymin>359</ymin>
			<xmax>4665</xmax>
			<ymax>3011</ymax>
		</bndbox>
	</object>
	<object>
		<name>파전</name>
		<bndbox>
			<xmin>2451</xmin>
			<ymin>747</ymin>
			<xmax>4001</xmax>
			<ymax>2513</ymax>
		</bndbox>
	</object>
</annotation>