<annotation>
	<folder>top_부침개류접시파전q1</folder>
	<filename>top_부침개류_접시_파전_Q1_00041.JPG</filename>
	<path>/top부침개류접시파전q1/top_부침개류_접시_파전_Q1_00041.JPG</path>
	<source>
		<database>fooddata</database>
	</source>
	<size>
		<width>5472</width>
		<height>3648</height>
		<depth>3</depth>
	</size>
	<object>
		<name>ref_spoon</name>
		<bndbox>
			<xmin>757</xmin>
			<ymin>918</ymin>
			<xmax>1178</xmax>
			<ymax>1743</ymax>
		</bndbox>
	</object>
	<object>
		<name>ref_fork</name>
		<bndbox>
			<xmin>1383</xmin>
			<ymin>979</ymin>
			<xmax>1670</xmax>
			<ymax>1815</ymax>
		</bndbox>
	</object>
	<object>
		<name>ref_coin</name>
		<bndbox>
			<xmin>1698</xmin>
			<ymin>564</ymin>
			<xmax>1986</xmax>
			<ymax>835</ymax>
		</bndbox>
	</object>
	<object>
		<name>dish</name>
		<bndbox>
			<xmin>1875</xmin>
			<ymin>442</ymin>
			<xmax>4693</xmax>
			<ymax>3260</ymax>
		</bndbox>
	</object>
	<object>
		<name>파전</name>
		<bndbox>
			<xmin>2545</xmin>
			<ymin>868</ymin>
			<xmax>4195</xmax>
			<ymax>2286</ymax>
		</bndbox>
	</object>
</annotation>