<annotation>
	<folder>top_부침개류접시파전q1</folder>
	<filename>top_부침개류_접시_파전_Q1_00032.JPG</filename>
	<path>/top부침개류접시파전q1/top_부침개류_접시_파전_Q1_00032.JPG</path>
	<source>
		<database>fooddata</database>
	</source>
	<size>
		<width>5472</width>
		<height>3648</height>
		<depth>3</depth>
	</size>
	<object>
		<name>ref_spoon</name>
		<bndbox>
			<xmin>1798</xmin>
			<ymin>3050</ymin>
			<xmax>2462</xmax>
			<ymax>3415</ymax>
		</bndbox>
	</object>
	<object>
		<name>ref_fork</name>
		<bndbox>
			<xmin>1991</xmin>
			<ymin>2668</ymin>
			<xmax>2628</xmax>
			<ymax>2906</ymax>
		</bndbox>
	</object>
	<object>
		<name>ref_coin</name>
		<bndbox>
			<xmin>3796</xmin>
			<ymin>2490</ymin>
			<xmax>4056</xmax>
			<ymax>2751</ymax>
		</bndbox>
	</object>
	<object>
		<name>dish</name>
		<bndbox>
			<xmin>1864</xmin>
			<ymin>248</ymin>
			<xmax>4239</xmax>
			<ymax>2568</ymax>
		</bndbox>
	</object>
	<object>
		<name>파전</name>
		<bndbox>
			<xmin>1975</xmin>
			<ymin>952</ymin>
			<xmax>3226</xmax>
			<ymax>2241</ymax>
		</bndbox>
	</object>
</annotation>