<annotation>
	<folder>top_부침개류접시파전q1</folder>
	<filename>top_부침개류_접시_파전_Q1_00040.JPG</filename>
	<path>/top부침개류접시파전q1/top_부침개류_접시_파전_Q1_00040.JPG</path>
	<source>
		<database>fooddata</database>
	</source>
	<size>
		<width>5472</width>
		<height>3648</height>
		<depth>3</depth>
	</size>
	<object>
		<name>ref_spoon</name>
		<bndbox>
			<xmin>989</xmin>
			<ymin>868</ymin>
			<xmax>1377</xmax>
			<ymax>1677</ymax>
		</bndbox>
	</object>
	<object>
		<name>ref_fork</name>
		<bndbox>
			<xmin>1571</xmin>
			<ymin>929</ymin>
			<xmax>1825</xmax>
			<ymax>1732</ymax>
		</bndbox>
	</object>
	<object>
		<name>ref_coin</name>
		<bndbox>
			<xmin>4361</xmin>
			<ymin>2966</ymin>
			<xmax>4643</xmax>
			<ymax>3260</ymax>
		</bndbox>
	</object>
	<object>
		<name>dish</name>
		<bndbox>
			<xmin>2014</xmin>
			<ymin>475</ymin>
			<xmax>4682</xmax>
			<ymax>3133</ymax>
		</bndbox>
	</object>
	<object>
		<name>파전</name>
		<bndbox>
			<xmin>2623</xmin>
			<ymin>857</ymin>
			<xmax>4012</xmax>
			<ymax>2446</ymax>
		</bndbox>
	</object>
</annotation>