<annotation>
	<folder>side생선찜류접시벙어찜q4</folder>
	<filename>side_생선찜류_접시_병어찜_Q4_00035.JPG</filename>
	<path>/side생선찜류접시병어찜q4/side_생선찜류_접시_병어찜_Q4_00035.JPG</path>
	<source>
		<database>fooddata</database>
	</source>
	<size>
		<width>5472</width>
		<height>3648</height>
		<depth>3</depth>
	</size>
	<object>
		<name>ref_spoon</name>
		<bndbox>
			<xmin>1398</xmin>
			<ymin>2165</ymin>
			<xmax>2301</xmax>
			<ymax>2633</ymax>
		</bndbox>
	</object>
	<object>
		<name>ref_fork</name>
		<bndbox>
			<xmin>1529</xmin>
			<ymin>2773</ymin>
			<xmax>2577</xmax>
			<ymax>3208</ymax>
		</bndbox>
	</object>
	<object>
		<name>ref_coin</name>
		<bndbox>
			<xmin>889</xmin>
			<ymin>781</ymin>
			<xmax>1277</xmax>
			<ymax>1066</ymax>
		</bndbox>
	</object>
	<object>
		<name>dish</name>
		<bndbox>
			<xmin>1300</xmin>
			<ymin>421</ymin>
			<xmax>4972</xmax>
			<ymax>2020</ymax>
		</bndbox>
	</object>
	<object>
		<name>병어찜</name>
		<bndbox>
			<xmin>1585</xmin>
			<ymin>688</ymin>
			<xmax>4466</xmax>
			<ymax>1819</ymax>
		</bndbox>
	</object>
</annotation>