<annotation>
	<folder>side생선찜류접시벙어찜q4</folder>
	<filename>side_생선찜류_접시_병어찜_Q4_00028.JPG</filename>
	<path>/side생선찜류접시병어찜q4/side_생선찜류_접시_병어찜_Q4_00028.JPG</path>
	<source>
		<database>fooddata</database>
	</source>
	<size>
		<width>5472</width>
		<height>3648</height>
		<depth>3</depth>
	</size>
	<object>
		<name>ref_spoon</name>
		<bndbox>
			<xmin>575</xmin>
			<ymin>575</ymin>
			<xmax>1076</xmax>
			<ymax>1239</ymax>
		</bndbox>
	</object>
	<object>
		<name>ref_fork</name>
		<bndbox>
			<xmin>1258</xmin>
			<ymin>641</ymin>
			<xmax>1600</xmax>
			<ymax>1375</ymax>
		</bndbox>
	</object>
	<object>
		<name>ref_coin</name>
		<bndbox>
			<xmin>4036</xmin>
			<ymin>2787</ymin>
			<xmax>4448</xmax>
			<ymax>3120</ymax>
		</bndbox>
	</object>
	<object>
		<name>dish</name>
		<bndbox>
			<xmin>1759</xmin>
			<ymin>664</ymin>
			<xmax>4944</xmax>
			<ymax>2521</ymax>
		</bndbox>
	</object>
	<object>
		<name>병어찜</name>
		<bndbox>
			<xmin>2179</xmin>
			<ymin>711</ymin>
			<xmax>4588</xmax>
			<ymax>2348</ymax>
		</bndbox>
	</object>
</annotation>