<annotation>
	<folder>side생선찜류접시벙어찜q4</folder>
	<filename>side_생선찜류_접시_병어찜_Q4_00036.JPG</filename>
	<path>/side생선찜류접시병어찜q4/side_생선찜류_접시_병어찜_Q4_00036.JPG</path>
	<source>
		<database>fooddata</database>
	</source>
	<size>
		<width>5472</width>
		<height>3648</height>
		<depth>3</depth>
	</size>
	<object>
		<name>ref_spoon</name>
		<bndbox>
			<xmin>1333</xmin>
			<ymin>2352</ymin>
			<xmax>2226</xmax>
			<ymax>2830</ymax>
		</bndbox>
	</object>
	<object>
		<name>ref_fork</name>
		<bndbox>
			<xmin>1450</xmin>
			<ymin>2956</ymin>
			<xmax>2418</xmax>
			<ymax>3409</ymax>
		</bndbox>
	</object>
	<object>
		<name>ref_coin</name>
		<bndbox>
			<xmin>1417</xmin>
			<ymin>374</ymin>
			<xmax>1791</xmax>
			<ymax>664</ymax>
		</bndbox>
	</object>
	<object>
		<name>dish</name>
		<bndbox>
			<xmin>1216</xmin>
			<ymin>599</ymin>
			<xmax>4901</xmax>
			<ymax>2198</ymax>
		</bndbox>
	</object>
	<object>
		<name>병어찜</name>
		<bndbox>
			<xmin>1534</xmin>
			<ymin>851</ymin>
			<xmax>4387</xmax>
			<ymax>2039</ymax>
		</bndbox>
	</object>
</annotation>