<annotation>
	<folder>side생선찜류접시벙어찜q4</folder>
	<filename>side_생선찜류_접시_병어찜_Q4_00012.JPG</filename>
	<path>/side생선찜류접시병어찜q4/side_생선찜류_접시_병어찜_Q4_00012.JPG</path>
	<source>
		<database>fooddata</database>
	</source>
	<size>
		<width>5472</width>
		<height>3648</height>
		<depth>3</depth>
	</size>
	<object>
		<name>ref_spoon</name>
		<bndbox>
			<xmin>3980</xmin>
			<ymin>884</ymin>
			<xmax>4490</xmax>
			<ymax>1609</ymax>
		</bndbox>
	</object>
	<object>
		<name>ref_fork</name>
		<bndbox>
			<xmin>4649</xmin>
			<ymin>1038</ymin>
			<xmax>5042</xmax>
			<ymax>1777</ymax>
		</bndbox>
	</object>
	<object>
		<name>ref_coin</name>
		<bndbox>
			<xmin>3685</xmin>
			<ymin>2058</ymin>
			<xmax>4064</xmax>
			<ymax>2357</ymax>
		</bndbox>
	</object>
	<object>
		<name>dish</name>
		<bndbox>
			<xmin>669</xmin>
			<ymin>716</ymin>
			<xmax>3255</xmax>
			<ymax>3311</ymax>
		</bndbox>
	</object>
	<object>
		<name>병어찜</name>
		<bndbox>
			<xmin>1085</xmin>
			<ymin>1193</ymin>
			<xmax>3199</xmax>
			<ymax>3105</ymax>
		</bndbox>
	</object>
</annotation>