<annotation>
	<folder>side생선찜류접시벙어찜q4</folder>
	<filename>side_생선찜류_접시_병어찜_Q4_00040.JPG</filename>
	<path>/side생선찜류접시병어찜q4/side_생선찜류_접시_병어찜_Q4_00040.JPG</path>
	<source>
		<database>fooddata</database>
	</source>
	<size>
		<width>5472</width>
		<height>3648</height>
		<depth>3</depth>
	</size>
	<object>
		<name>ref_spoon</name>
		<bndbox>
			<xmin>926</xmin>
			<ymin>2465</ymin>
			<xmax>1847</xmax>
			<ymax>2984</ymax>
		</bndbox>
	</object>
	<object>
		<name>ref_fork</name>
		<bndbox>
			<xmin>1034</xmin>
			<ymin>3096</ymin>
			<xmax>2109</xmax>
			<ymax>3559</ymax>
		</bndbox>
	</object>
	<object>
		<name>ref_coin</name>
		<bndbox>
			<xmin>3933</xmin>
			<ymin>599</ymin>
			<xmax>4303</xmax>
			<ymax>875</ymax>
		</bndbox>
	</object>
	<object>
		<name>dish</name>
		<bndbox>
			<xmin>341</xmin>
			<ymin>580</ymin>
			<xmax>4139</xmax>
			<ymax>2203</ymax>
		</bndbox>
	</object>
	<object>
		<name>병어찜</name>
		<bndbox>
			<xmin>645</xmin>
			<ymin>968</ymin>
			<xmax>3606</xmax>
			<ymax>2002</ymax>
		</bndbox>
	</object>
</annotation>