<annotation>
	<folder>side생선찜류접시벙어찜q4</folder>
	<filename>side_생선찜류_접시_병어찜_Q4_00006.JPG</filename>
	<path>/side생선찜류접시병어찜q4/side_생선찜류_접시_병어찜_Q4_00006.JPG</path>
	<source>
		<database>fooddata</database>
	</source>
	<size>
		<width>5472</width>
		<height>3648</height>
		<depth>3</depth>
	</size>
	<object>
		<name>ref_spoon</name>
		<bndbox>
			<xmin>3849</xmin>
			<ymin>753</ymin>
			<xmax>4368</xmax>
			<ymax>1492</ymax>
		</bndbox>
	</object>
	<object>
		<name>ref_fork</name>
		<bndbox>
			<xmin>4546</xmin>
			<ymin>879</ymin>
			<xmax>4920</xmax>
			<ymax>1684</ymax>
		</bndbox>
	</object>
	<object>
		<name>ref_coin</name>
		<bndbox>
			<xmin>851</xmin>
			<ymin>2025</ymin>
			<xmax>1253</xmax>
			<ymax>2334</ymax>
		</bndbox>
	</object>
	<object>
		<name>dish</name>
		<bndbox>
			<xmin>1600</xmin>
			<ymin>533</ymin>
			<xmax>3891</xmax>
			<ymax>3082</ymax>
		</bndbox>
	</object>
	<object>
		<name>병어찜</name>
		<bndbox>
			<xmin>1866</xmin>
			<ymin>818</ymin>
			<xmax>3494</xmax>
			<ymax>2886</ymax>
		</bndbox>
	</object>
</annotation>