<annotation>
	<folder>side생선찜류접시벙어찜q4</folder>
	<filename>side_생선찜류_접시_병어찜_Q4_00051.JPG</filename>
	<path>/side생선찜류접시병어찜q4/side_생선찜류_접시_병어찜_Q4_00051.JPG</path>
	<source>
		<database>fooddata</database>
	</source>
	<size>
		<width>5472</width>
		<height>3648</height>
		<depth>3</depth>
	</size>
	<object>
		<name>ref_spoon</name>
		<bndbox>
			<xmin>1688</xmin>
			<ymin>2451</ymin>
			<xmax>2540</xmax>
			<ymax>2914</ymax>
		</bndbox>
	</object>
	<object>
		<name>ref_fork</name>
		<bndbox>
			<xmin>1796</xmin>
			<ymin>3012</ymin>
			<xmax>2731</xmax>
			<ymax>3409</ymax>
		</bndbox>
	</object>
	<object>
		<name>ref_coin</name>
		<bndbox>
			<xmin>3138</xmin>
			<ymin>2165</ymin>
			<xmax>3526</xmax>
			<ymax>2460</ymax>
		</bndbox>
	</object>
	<object>
		<name>dish</name>
		<bndbox>
			<xmin>1169</xmin>
			<ymin>435</ymin>
			<xmax>4448</xmax>
			<ymax>1787</ymax>
		</bndbox>
	</object>
	<object>
		<name>병어찜</name>
		<bndbox>
			<xmin>1637</xmin>
			<ymin>664</ymin>
			<xmax>4298</xmax>
			<ymax>1688</ymax>
		</bndbox>
	</object>
</annotation>