<annotation>
	<folder>side생선찜류접시벙어찜q4</folder>
	<filename>side_생선찜류_접시_병어찜_Q4_00008.JPG</filename>
	<path>/side생선찜류접시병어찜q4/side_생선찜류_접시_병어찜_Q4_00008.JPG</path>
	<source>
		<database>fooddata</database>
	</source>
	<size>
		<width>5472</width>
		<height>3648</height>
		<depth>3</depth>
	</size>
	<object>
		<name>ref_spoon</name>
		<bndbox>
			<xmin>3816</xmin>
			<ymin>893</ymin>
			<xmax>4317</xmax>
			<ymax>1646</ymax>
		</bndbox>
	</object>
	<object>
		<name>ref_fork</name>
		<bndbox>
			<xmin>4509</xmin>
			<ymin>1015</ymin>
			<xmax>4892</xmax>
			<ymax>1791</ymax>
		</bndbox>
	</object>
	<object>
		<name>ref_coin</name>
		<bndbox>
			<xmin>1146</xmin>
			<ymin>1445</ymin>
			<xmax>1525</xmax>
			<ymax>1726</ymax>
		</bndbox>
	</object>
	<object>
		<name>dish</name>
		<bndbox>
			<xmin>1492</xmin>
			<ymin>903</ymin>
			<xmax>3858</xmax>
			<ymax>3531</ymax>
		</bndbox>
	</object>
	<object>
		<name>병어찜</name>
		<bndbox>
			<xmin>1852</xmin>
			<ymin>1062</ymin>
			<xmax>3559</xmax>
			<ymax>3246</ymax>
		</bndbox>
	</object>
</annotation>