<annotation>
	<folder>side생선찜류접시벙어찜q4</folder>
	<filename>side_생선찜류_접시_병어찜_Q4_00048.JPG</filename>
	<path>/side생선찜류접시병어찜q4/side_생선찜류_접시_병어찜_Q4_00048.JPG</path>
	<source>
		<database>fooddata</database>
	</source>
	<size>
		<width>5472</width>
		<height>3648</height>
		<depth>3</depth>
	</size>
	<object>
		<name>ref_spoon</name>
		<bndbox>
			<xmin>1543</xmin>
			<ymin>2324</ymin>
			<xmax>2460</xmax>
			<ymax>2834</ymax>
		</bndbox>
	</object>
	<object>
		<name>ref_fork</name>
		<bndbox>
			<xmin>1665</xmin>
			<ymin>2946</ymin>
			<xmax>2680</xmax>
			<ymax>3400</ymax>
		</bndbox>
	</object>
	<object>
		<name>ref_coin</name>
		<bndbox>
			<xmin>1057</xmin>
			<ymin>2217</ymin>
			<xmax>1497</xmax>
			<ymax>2563</ymax>
		</bndbox>
	</object>
	<object>
		<name>dish</name>
		<bndbox>
			<xmin>973</xmin>
			<ymin>472</ymin>
			<xmax>4691</xmax>
			<ymax>2095</ymax>
		</bndbox>
	</object>
	<object>
		<name>병어찜</name>
		<bndbox>
			<xmin>1080</xmin>
			<ymin>870</ymin>
			<xmax>4153</xmax>
			<ymax>1899</ymax>
		</bndbox>
	</object>
</annotation>