<annotation>
	<folder>side생선찜류접시벙어찜q4</folder>
	<filename>side_생선찜류_접시_병어찜_Q4_00049.JPG</filename>
	<path>/side생선찜류접시병어찜q4/side_생선찜류_접시_병어찜_Q4_00049.JPG</path>
	<source>
		<database>fooddata</database>
	</source>
	<size>
		<width>5472</width>
		<height>3648</height>
		<depth>3</depth>
	</size>
	<object>
		<name>ref_spoon</name>
		<bndbox>
			<xmin>1543</xmin>
			<ymin>2338</ymin>
			<xmax>2455</xmax>
			<ymax>2872</ymax>
		</bndbox>
	</object>
	<object>
		<name>ref_fork</name>
		<bndbox>
			<xmin>1670</xmin>
			<ymin>2946</ymin>
			<xmax>2741</xmax>
			<ymax>3428</ymax>
		</bndbox>
	</object>
	<object>
		<name>ref_coin</name>
		<bndbox>
			<xmin>1642</xmin>
			<ymin>1885</ymin>
			<xmax>2077</xmax>
			<ymax>2226</ymax>
		</bndbox>
	</object>
	<object>
		<name>dish</name>
		<bndbox>
			<xmin>804</xmin>
			<ymin>173</ymin>
			<xmax>4457</xmax>
			<ymax>1740</ymax>
		</bndbox>
	</object>
	<object>
		<name>병어찜</name>
		<bndbox>
			<xmin>912</xmin>
			<ymin>594</ymin>
			<xmax>3947</xmax>
			<ymax>1553</ymax>
		</bndbox>
	</object>
</annotation>