<annotation>
	<folder>side생선찜류접시벙어찜q4</folder>
	<filename>side_생선찜류_접시_병어찜_Q4_00016.JPG</filename>
	<path>/side생선찜류접시병어찜q4/side_생선찜류_접시_병어찜_Q4_00016.JPG</path>
	<source>
		<database>fooddata</database>
	</source>
	<size>
		<width>5472</width>
		<height>3648</height>
		<depth>3</depth>
	</size>
	<object>
		<name>ref_spoon</name>
		<bndbox>
			<xmin>402</xmin>
			<ymin>1347</ymin>
			<xmax>893</xmax>
			<ymax>2133</ymax>
		</bndbox>
	</object>
	<object>
		<name>ref_fork</name>
		<bndbox>
			<xmin>1085</xmin>
			<ymin>1370</ymin>
			<xmax>1436</xmax>
			<ymax>2208</ymax>
		</bndbox>
	</object>
	<object>
		<name>ref_coin</name>
		<bndbox>
			<xmin>1656</xmin>
			<ymin>2998</ymin>
			<xmax>2044</xmax>
			<ymax>3316</ymax>
		</bndbox>
	</object>
	<object>
		<name>dish</name>
		<bndbox>
			<xmin>1875</xmin>
			<ymin>1324</ymin>
			<xmax>5346</xmax>
			<ymax>2820</ymax>
		</bndbox>
	</object>
	<object>
		<name>병어찜</name>
		<bndbox>
			<xmin>2348</xmin>
			<ymin>1487</ymin>
			<xmax>5070</xmax>
			<ymax>2694</ymax>
		</bndbox>
	</object>
</annotation>