<annotation>
	<folder>side생선찜류접시벙어찜q4</folder>
	<filename>side_생선찜류_접시_병어찜_Q4_00029.JPG</filename>
	<path>/side생선찜류접시병어찜q4/side_생선찜류_접시_병어찜_Q4_00029.JPG</path>
	<source>
		<database>fooddata</database>
	</source>
	<size>
		<width>5472</width>
		<height>3648</height>
		<depth>3</depth>
	</size>
	<object>
		<name>ref_spoon</name>
		<bndbox>
			<xmin>449</xmin>
			<ymin>669</ymin>
			<xmax>968</xmax>
			<ymax>1380</ymax>
		</bndbox>
	</object>
	<object>
		<name>ref_fork</name>
		<bndbox>
			<xmin>1136</xmin>
			<ymin>730</ymin>
			<xmax>1497</xmax>
			<ymax>1520</ymax>
		</bndbox>
	</object>
	<object>
		<name>ref_coin</name>
		<bndbox>
			<xmin>4158</xmin>
			<ymin>2881</ymin>
			<xmax>4569</xmax>
			<ymax>3218</ymax>
		</bndbox>
	</object>
	<object>
		<name>dish</name>
		<bndbox>
			<xmin>1665</xmin>
			<ymin>987</ymin>
			<xmax>5191</xmax>
			<ymax>2549</ymax>
		</bndbox>
	</object>
	<object>
		<name>병어찜</name>
		<bndbox>
			<xmin>2151</xmin>
			<ymin>1183</ymin>
			<xmax>4906</xmax>
			<ymax>2409</ymax>
		</bndbox>
	</object>
</annotation>