<annotation>
	<folder>top생선찜류접시병어찜q4</folder>
	<filename>top_생선찜류_접시_병어찜_Q4_00013.JPG</filename>
	<path>/top생선찜류접시병어찜q4/top_생선찜류_접시_병어찜_Q4_00013.JPG</path>
	<source>
		<database>fooddata</database>
	</source>
	<size>
		<width>720</width>
		<height>480</height>
		<depth>3</depth>
	</size>
	<object>
		<name>ref_spoon</name>
		<bndbox>
			<xmin>165</xmin>
			<ymin>367</ymin>
			<xmax>265</xmax>
			<ymax>433</ymax>
		</bndbox>
	</object>
	<object>
		<name>ref_fork</name>
		<bndbox>
			<xmin>175</xmin>
			<ymin>309</ymin>
			<xmax>287</xmax>
			<ymax>351</ymax>
		</bndbox>
	</object>
	<object>
		<name>ref_coin</name>
		<bndbox>
			<xmin>501</xmin>
			<ymin>291</ymin>
			<xmax>545</xmax>
			<ymax>336</ymax>
		</bndbox>
	</object>
	<object>
		<name>dish</name>
		<bndbox>
			<xmin>148</xmin>
			<ymin>44</ymin>
			<xmax>570</xmax>
			<ymax>285</ymax>
		</bndbox>
	</object>
	<object>
		<name>병어찜</name>
		<bndbox>
			<xmin>211</xmin>
			<ymin>71</ymin>
			<xmax>532</xmax>
			<ymax>256</ymax>
		</bndbox>
	</object>
</annotation>