<annotation>
	<folder>top생선찜류접시병어찜q4</folder>
	<filename>top_생선찜류_접시_병어찜_Q4_00014.JPG</filename>
	<path>/top생선찜류접시병어찜q4/top_생선찜류_접시_병어찜_Q4_00014.JPG</path>
	<source>
		<database>fooddata</database>
	</source>
	<size>
		<width>720</width>
		<height>480</height>
		<depth>3</depth>
	</size>
	<object>
		<name>ref_spoon</name>
		<bndbox>
			<xmin>181</xmin>
			<ymin>378</ymin>
			<xmax>281</xmax>
			<ymax>441</ymax>
		</bndbox>
	</object>
	<object>
		<name>ref_fork</name>
		<bndbox>
			<xmin>191</xmin>
			<ymin>321</ymin>
			<xmax>299</xmax>
			<ymax>362</ymax>
		</bndbox>
	</object>
	<object>
		<name>ref_coin</name>
		<bndbox>
			<xmin>526</xmin>
			<ymin>253</ymin>
			<xmax>567</xmax>
			<ymax>295</ymax>
		</bndbox>
	</object>
	<object>
		<name>dish</name>
		<bndbox>
			<xmin>157</xmin>
			<ymin>34</ymin>
			<xmax>550</xmax>
			<ymax>299</ymax>
		</bndbox>
	</object>
	<object>
		<name>병어찜</name>
		<bndbox>
			<xmin>221</xmin>
			<ymin>64</ymin>
			<xmax>519</xmax>
			<ymax>276</ymax>
		</bndbox>
	</object>
</annotation>