<annotation>
	<folder>top생선찜류접시병어찜q4</folder>
	<filename>top_생선찜류_접시_병어찜_Q4_00036.JPG</filename>
	<path>/top생선찜류접시병어찜q4/top_생선찜류_접시_병어찜_Q4_00036.JPG</path>
	<source>
		<database>fooddata</database>
	</source>
	<size>
		<width>720</width>
		<height>480</height>
		<depth>3</depth>
	</size>
	<object>
		<name>ref_spoon</name>
		<bndbox>
			<xmin>128</xmin>
			<ymin>150</ymin>
			<xmax>185</xmax>
			<ymax>257</ymax>
		</bndbox>
	</object>
	<object>
		<name>ref_fork</name>
		<bndbox>
			<xmin>203</xmin>
			<ymin>157</ymin>
			<xmax>242</xmax>
			<ymax>271</ymax>
		</bndbox>
	</object>
	<object>
		<name>ref_coin</name>
		<bndbox>
			<xmin>306</xmin>
			<ymin>75</ymin>
			<xmax>346</xmax>
			<ymax>115</ymax>
		</bndbox>
	</object>
	<object>
		<name>dish</name>
		<bndbox>
			<xmin>248</xmin>
			<ymin>186</ymin>
			<xmax>673</xmax>
			<ymax>433</ymax>
		</bndbox>
	</object>
	<object>
		<name>병어찜</name>
		<bndbox>
			<xmin>311</xmin>
			<ymin>206</ymin>
			<xmax>634</xmax>
			<ymax>404</ymax>
		</bndbox>
	</object>
</annotation>