<annotation>
	<folder>top생선찜류접시병어찜q4</folder>
	<filename>top_생선찜류_접시_병어찜_Q4_00020.JPG</filename>
	<path>/top생선찜류접시병어찜q4/top_생선찜류_접시_병어찜_Q4_00020.JPG</path>
	<source>
		<database>fooddata</database>
	</source>
	<size>
		<width>720</width>
		<height>480</height>
		<depth>3</depth>
	</size>
	<object>
		<name>ref_spoon</name>
		<bndbox>
			<xmin>228</xmin>
			<ymin>371</ymin>
			<xmax>322</xmax>
			<ymax>430</ymax>
		</bndbox>
	</object>
	<object>
		<name>ref_fork</name>
		<bndbox>
			<xmin>238</xmin>
			<ymin>317</ymin>
			<xmax>339</xmax>
			<ymax>357</ymax>
		</bndbox>
	</object>
	<object>
		<name>ref_coin</name>
		<bndbox>
			<xmin>558</xmin>
			<ymin>254</ymin>
			<xmax>597</xmax>
			<ymax>295</ymax>
		</bndbox>
	</object>
	<object>
		<name>dish</name>
		<bndbox>
			<xmin>205</xmin>
			<ymin>46</ymin>
			<xmax>591</xmax>
			<ymax>276</ymax>
		</bndbox>
	</object>
	<object>
		<name>병어찜</name>
		<bndbox>
			<xmin>236</xmin>
			<ymin>71</ymin>
			<xmax>529</xmax>
			<ymax>264</ymax>
		</bndbox>
	</object>
</annotation>