<annotation>
	<folder>top생선찜류접시병어찜q4</folder>
	<filename>top_생선찜류_접시_병어찜_Q4_00029.JPG</filename>
	<path>/top생선찜류접시병어찜q4/top_생선찜류_접시_병어찜_Q4_00029.JPG</path>
	<source>
		<database>fooddata</database>
	</source>
	<size>
		<width>720</width>
		<height>480</height>
		<depth>3</depth>
	</size>
	<object>
		<name>ref_spoon</name>
		<bndbox>
			<xmin>143</xmin>
			<ymin>128</ymin>
			<xmax>196</xmax>
			<ymax>217</ymax>
		</bndbox>
	</object>
	<object>
		<name>ref_fork</name>
		<bndbox>
			<xmin>213</xmin>
			<ymin>133</ymin>
			<xmax>249</xmax>
			<ymax>230</ymax>
		</bndbox>
	</object>
	<object>
		<name>ref_coin</name>
		<bndbox>
			<xmin>341</xmin>
			<ymin>378</ymin>
			<xmax>379</xmax>
			<ymax>420</ymax>
		</bndbox>
	</object>
	<object>
		<name>dish</name>
		<bndbox>
			<xmin>257</xmin>
			<ymin>149</ymin>
			<xmax>644</xmax>
			<ymax>377</ymax>
		</bndbox>
	</object>
	<object>
		<name>병어찜</name>
		<bndbox>
			<xmin>317</xmin>
			<ymin>170</ymin>
			<xmax>608</xmax>
			<ymax>347</ymax>
		</bndbox>
	</object>
</annotation>