<annotation>
	<folder>top생선찜류접시병어찜q4</folder>
	<filename>top_생선찜류_접시_병어찜_Q4_00028.JPG</filename>
	<path>/top생선찜류접시병어찜q4/top_생선찜류_접시_병어찜_Q4_00028.JPG</path>
	<source>
		<database>fooddata</database>
	</source>
	<size>
		<width>720</width>
		<height>480</height>
		<depth>3</depth>
	</size>
	<object>
		<name>ref_spoon</name>
		<bndbox>
			<xmin>110</xmin>
			<ymin>131</ymin>
			<xmax>166</xmax>
			<ymax>222</ymax>
		</bndbox>
	</object>
	<object>
		<name>ref_fork</name>
		<bndbox>
			<xmin>183</xmin>
			<ymin>137</ymin>
			<xmax>220</xmax>
			<ymax>238</ymax>
		</bndbox>
	</object>
	<object>
		<name>ref_coin</name>
		<bndbox>
			<xmin>268</xmin>
			<ymin>376</ymin>
			<xmax>308</xmax>
			<ymax>419</ymax>
		</bndbox>
	</object>
	<object>
		<name>dish</name>
		<bndbox>
			<xmin>228</xmin>
			<ymin>160</ymin>
			<xmax>619</xmax>
			<ymax>389</ymax>
		</bndbox>
	</object>
	<object>
		<name>병어찜</name>
		<bndbox>
			<xmin>287</xmin>
			<ymin>187</ymin>
			<xmax>582</xmax>
			<ymax>359</ymax>
		</bndbox>
	</object>
</annotation>