<annotation>
	<folder>side국물면류뚝배기일식우동q4</folder>
	<filename>side_국물면류_뚝배기_일식우동_Q4_00032.JPG</filename>
	<path>/side국물면류뚝배기일식우동q4/side_국물면류_뚝배기_일식우동_Q4_00032.JPG</path>
	<source>
		<database>fooddata</database>
	</source>
	<size>
		<width>3008</width>
		<height>2000</height>
		<depth>3</depth>
	</size>
	<object>
		<name>ref_spoon</name>
		<bndbox>
			<xmin>346</xmin>
			<ymin>430</ymin>
			<xmax>633</xmax>
			<ymax>828</ymax>
		</bndbox>
	</object>
	<object>
		<name>ref_fork</name>
		<bndbox>
			<xmin>707</xmin>
			<ymin>458</ymin>
			<xmax>910</xmax>
			<ymax>910</ymax>
		</bndbox>
	</object>
	<object>
		<name>ref_coin</name>
		<bndbox>
			<xmin>1075</xmin>
			<ymin>1546</ymin>
			<xmax>1302</xmax>
			<ymax>1722</ymax>
		</bndbox>
	</object>
	<object>
		<name>dish</name>
		<bndbox>
			<xmin>1174</xmin>
			<ymin>178</ymin>
			<xmax>2689</xmax>
			<ymax>1456</ymax>
		</bndbox>
	</object>
	<object>
		<name>일식우동</name>
		<bndbox>
			<xmin>1267</xmin>
			<ymin>369</ymin>
			<xmax>2559</xmax>
			<ymax>1177</ymax>
		</bndbox>
	</object>
</annotation>