<annotation>
	<folder>side국물면류뚝배기일식우동q4</folder>
	<filename>side_국물면류_뚝배기_일식우동_Q4_00043.JPG</filename>
	<path>/side국물면류뚝배기일식우동q4/side_국물면류_뚝배기_일식우동_Q4_00043.JPG</path>
	<source>
		<database>fooddata</database>
	</source>
	<size>
		<width>3008</width>
		<height>2000</height>
		<depth>3</depth>
	</size>
	<object>
		<name>ref_spoon</name>
		<bndbox>
			<xmin>244</xmin>
			<ymin>777</ymin>
			<xmax>529</xmax>
			<ymax>1179</ymax>
		</bndbox>
	</object>
	<object>
		<name>ref_fork</name>
		<bndbox>
			<xmin>605</xmin>
			<ymin>801</ymin>
			<xmax>803</xmax>
			<ymax>1254</ymax>
		</bndbox>
	</object>
	<object>
		<name>ref_coin</name>
		<bndbox>
			<xmin>1799</xmin>
			<ymin>249</ymin>
			<xmax>1977</xmax>
			<ymax>370</ymax>
		</bndbox>
	</object>
	<object>
		<name>dish</name>
		<bndbox>
			<xmin>1058</xmin>
			<ymin>509</ymin>
			<xmax>2540</xmax>
			<ymax>1773</ymax>
		</bndbox>
	</object>
	<object>
		<name>일식우동</name>
		<bndbox>
			<xmin>1171</xmin>
			<ymin>714</ymin>
			<xmax>2424</xmax>
			<ymax>1502</ymax>
		</bndbox>
	</object>
</annotation>