<annotation>
	<folder>side국물면류뚝배기일식우동q4</folder>
	<filename>side_국물면류_뚝배기_일식우동_Q4_00005.JPG</filename>
	<path>/side국물면류뚝배기일식우동q4/side_국물면류_뚝배기_일식우동_Q4_00005.JPG</path>
	<source>
		<database>fooddata</database>
	</source>
	<size>
		<width>3008</width>
		<height>2000</height>
		<depth>3</depth>
	</size>
	<object>
		<name>ref_spoon</name>
		<bndbox>
			<xmin>2142</xmin>
			<ymin>594</ymin>
			<xmax>2403</xmax>
			<ymax>970</ymax>
		</bndbox>
	</object>
	<object>
		<name>ref_fork</name>
		<bndbox>
			<xmin>2516</xmin>
			<ymin>620</ymin>
			<xmax>2692</xmax>
			<ymax>1053</ymax>
		</bndbox>
	</object>
	<object>
		<name>ref_coin</name>
		<bndbox>
			<xmin>177</xmin>
			<ymin>1446</ymin>
			<xmax>388</xmax>
			<ymax>1610</ymax>
		</bndbox>
	</object>
	<object>
		<name>dish</name>
		<bndbox>
			<xmin>649</xmin>
			<ymin>392</ymin>
			<xmax>2059</xmax>
			<ymax>1579</ymax>
		</bndbox>
	</object>
	<object>
		<name>일식우동</name>
		<bndbox>
			<xmin>749</xmin>
			<ymin>587</ymin>
			<xmax>1970</xmax>
			<ymax>1317</ymax>
		</bndbox>
	</object>
</annotation>