<annotation>
	<folder>side국물면류뚝배기일식우동q4</folder>
	<filename>side_국물면류_뚝배기_일식우동_Q4_00016.JPG</filename>
	<path>/side국물면류뚝배기일식우동q4/side_국물면류_뚝배기_일식우동_Q4_00016.JPG</path>
	<source>
		<database>fooddata</database>
	</source>
	<size>
		<width>3008</width>
		<height>2000</height>
		<depth>3</depth>
	</size>
	<object>
		<name>ref_spoon</name>
		<bndbox>
			<xmin>580</xmin>
			<ymin>1478</ymin>
			<xmax>1036</xmax>
			<ymax>1706</ymax>
		</bndbox>
	</object>
	<object>
		<name>ref_fork</name>
		<bndbox>
			<xmin>650</xmin>
			<ymin>1280</ymin>
			<xmax>1142</xmax>
			<ymax>1477</ymax>
		</bndbox>
	</object>
	<object>
		<name>ref_coin</name>
		<bndbox>
			<xmin>2001</xmin>
			<ymin>1114</ymin>
			<xmax>2180</xmax>
			<ymax>1259</ymax>
		</bndbox>
	</object>
	<object>
		<name>dish</name>
		<bndbox>
			<xmin>895</xmin>
			<ymin>82</ymin>
			<xmax>2100</xmax>
			<ymax>1101</ymax>
		</bndbox>
	</object>
	<object>
		<name>일식우동</name>
		<bndbox>
			<xmin>972</xmin>
			<ymin>244</ymin>
			<xmax>2011</xmax>
			<ymax>873</ymax>
		</bndbox>
	</object>
</annotation>