<annotation>
	<folder>side국물면류뚝배기일식우동q4</folder>
	<filename>side_국물면류_뚝배기_일식우동_Q4_00012.JPG</filename>
	<path>/side국물면류뚝배기일식우동q4/side_국물면류_뚝배기_일식우동_Q4_00012.JPG</path>
	<source>
		<database>fooddata</database>
	</source>
	<size>
		<width>3008</width>
		<height>2000</height>
		<depth>3</depth>
	</size>
	<object>
		<name>ref_spoon</name>
		<bndbox>
			<xmin>2018</xmin>
			<ymin>560</ymin>
			<xmax>2279</xmax>
			<ymax>934</ymax>
		</bndbox>
	</object>
	<object>
		<name>ref_fork</name>
		<bndbox>
			<xmin>2399</xmin>
			<ymin>582</ymin>
			<xmax>2576</xmax>
			<ymax>1005</ymax>
		</bndbox>
	</object>
	<object>
		<name>ref_coin</name>
		<bndbox>
			<xmin>1998</xmin>
			<ymin>346</ymin>
			<xmax>2175</xmax>
			<ymax>468</ymax>
		</bndbox>
	</object>
	<object>
		<name>dish</name>
		<bndbox>
			<xmin>346</xmin>
			<ymin>334</ymin>
			<xmax>1759</xmax>
			<ymax>1517</ymax>
		</bndbox>
	</object>
	<object>
		<name>일식우동</name>
		<bndbox>
			<xmin>443</xmin>
			<ymin>526</ymin>
			<xmax>1675</xmax>
			<ymax>1246</ymax>
		</bndbox>
	</object>
</annotation>