<annotation>
	<folder>side국물면류뚝배기일식우동q4</folder>
	<filename>side_국물면류_뚝배기_일식우동_Q4_00047.JPG</filename>
	<path>/side국물면류뚝배기일식우동q4/side_국물면류_뚝배기_일식우동_Q4_00047.JPG</path>
	<source>
		<database>fooddata</database>
	</source>
	<size>
		<width>3008</width>
		<height>2000</height>
		<depth>3</depth>
	</size>
	<object>
		<name>ref_spoon</name>
		<bndbox>
			<xmin>212</xmin>
			<ymin>482</ymin>
			<xmax>475</xmax>
			<ymax>853</ymax>
		</bndbox>
	</object>
	<object>
		<name>ref_fork</name>
		<bndbox>
			<xmin>552</xmin>
			<ymin>501</ymin>
			<xmax>734</xmax>
			<ymax>913</ymax>
		</bndbox>
	</object>
	<object>
		<name>ref_coin</name>
		<bndbox>
			<xmin>1332</xmin>
			<ymin>1657</ymin>
			<xmax>1541</xmax>
			<ymax>1825</ymax>
		</bndbox>
	</object>
	<object>
		<name>dish</name>
		<bndbox>
			<xmin>970</xmin>
			<ymin>208</ymin>
			<xmax>2352</xmax>
			<ymax>1381</ymax>
		</bndbox>
	</object>
	<object>
		<name>일식우동</name>
		<bndbox>
			<xmin>1061</xmin>
			<ymin>380</ymin>
			<xmax>2253</xmax>
			<ymax>1135</ymax>
		</bndbox>
	</object>
</annotation>