<annotation>
	<folder>side국물면류뚝배기일식우동q4</folder>
	<filename>side_국물면류_뚝배기_일식우동_Q4_00002.JPG</filename>
	<path>/side국물면류뚝배기일식우동q4/side_국물면류_뚝배기_일식우동_Q4_00002.JPG</path>
	<source>
		<database>fooddata</database>
	</source>
	<size>
		<width>3008</width>
		<height>2000</height>
		<depth>3</depth>
	</size>
	<object>
		<name>ref_spoon</name>
		<bndbox>
			<xmin>1936</xmin>
			<ymin>348</ymin>
			<xmax>2197</xmax>
			<ymax>719</ymax>
		</bndbox>
	</object>
	<object>
		<name>ref_fork</name>
		<bndbox>
			<xmin>2311</xmin>
			<ymin>381</ymin>
			<xmax>2483</xmax>
			<ymax>800</ymax>
		</bndbox>
	</object>
	<object>
		<name>ref_coin</name>
		<bndbox>
			<xmin>1178</xmin>
			<ymin>1608</ymin>
			<xmax>1397</xmax>
			<ymax>1780</ymax>
		</bndbox>
	</object>
	<object>
		<name>dish</name>
		<bndbox>
			<xmin>474</xmin>
			<ymin>112</ymin>
			<xmax>1876</xmax>
			<ymax>1293</ymax>
		</bndbox>
	</object>
	<object>
		<name>일식우동</name>
		<bndbox>
			<xmin>568</xmin>
			<ymin>297</ymin>
			<xmax>1784</xmax>
			<ymax>1031</ymax>
		</bndbox>
	</object>
</annotation>