<annotation>
	<folder>side국물면류뚝배기일식우동q4</folder>
	<filename>side_국물면류_뚝배기_일식우동_Q4_00015.JPG</filename>
	<path>/side국물면류뚝배기일식우동q4/side_국물면류_뚝배기_일식우동_Q4_00015.JPG</path>
	<source>
		<database>fooddata</database>
	</source>
	<size>
		<width>3008</width>
		<height>2000</height>
		<depth>3</depth>
	</size>
	<object>
		<name>ref_spoon</name>
		<bndbox>
			<xmin>1902</xmin>
			<ymin>573</ymin>
			<xmax>2166</xmax>
			<ymax>945</ymax>
		</bndbox>
	</object>
	<object>
		<name>ref_fork</name>
		<bndbox>
			<xmin>2283</xmin>
			<ymin>595</ymin>
			<xmax>2460</xmax>
			<ymax>1009</ymax>
		</bndbox>
	</object>
	<object>
		<name>ref_coin</name>
		<bndbox>
			<xmin>2688</xmin>
			<ymin>768</ymin>
			<xmax>2880</xmax>
			<ymax>905</ymax>
		</bndbox>
	</object>
	<object>
		<name>dish</name>
		<bndbox>
			<xmin>163</xmin>
			<ymin>304</ymin>
			<xmax>1561</xmax>
			<ymax>1470</ymax>
		</bndbox>
	</object>
	<object>
		<name>일식우동</name>
		<bndbox>
			<xmin>248</xmin>
			<ymin>487</ymin>
			<xmax>1484</xmax>
			<ymax>1203</ymax>
		</bndbox>
	</object>
</annotation>