<annotation>
	<folder>side국물면류뚝배기일식우동q4</folder>
	<filename>side_국물면류_뚝배기_일식우동_Q4_00025.JPG</filename>
	<path>/side국물면류뚝배기일식우동q4/side_국물면류_뚝배기_일식우동_Q4_00025.JPG</path>
	<source>
		<database>fooddata</database>
	</source>
	<size>
		<width>3008</width>
		<height>2000</height>
		<depth>3</depth>
	</size>
	<object>
		<name>ref_spoon</name>
		<bndbox>
			<xmin>721</xmin>
			<ymin>1572</ymin>
			<xmax>1178</xmax>
			<ymax>1802</ymax>
		</bndbox>
	</object>
	<object>
		<name>ref_fork</name>
		<bndbox>
			<xmin>784</xmin>
			<ymin>1375</ymin>
			<xmax>1270</xmax>
			<ymax>1564</ymax>
		</bndbox>
	</object>
	<object>
		<name>ref_coin</name>
		<bndbox>
			<xmin>945</xmin>
			<ymin>69</ymin>
			<xmax>1097</xmax>
			<ymax>172</ymax>
		</bndbox>
	</object>
	<object>
		<name>dish</name>
		<bndbox>
			<xmin>883</xmin>
			<ymin>147</ymin>
			<xmax>2111</xmax>
			<ymax>1179</ymax>
		</bndbox>
	</object>
	<object>
		<name>일식우동</name>
		<bndbox>
			<xmin>955</xmin>
			<ymin>335</ymin>
			<xmax>2032</xmax>
			<ymax>953</ymax>
		</bndbox>
	</object>
</annotation>