<annotation>
	<folder>side국물면류뚝배기일식우동q4</folder>
	<filename>side_국물면류_뚝배기_일식우동_Q4_00033.JPG</filename>
	<path>/side국물면류뚝배기일식우동q4/side_국물면류_뚝배기_일식우동_Q4_00033.JPG</path>
	<source>
		<database>fooddata</database>
	</source>
	<size>
		<width>3008</width>
		<height>2000</height>
		<depth>3</depth>
	</size>
	<object>
		<name>ref_spoon</name>
		<bndbox>
			<xmin>447</xmin>
			<ymin>351</ymin>
			<xmax>734</xmax>
			<ymax>750</ymax>
		</bndbox>
	</object>
	<object>
		<name>ref_fork</name>
		<bndbox>
			<xmin>808</xmin>
			<ymin>376</ymin>
			<xmax>1008</xmax>
			<ymax>828</ymax>
		</bndbox>
	</object>
	<object>
		<name>ref_coin</name>
		<bndbox>
			<xmin>1470</xmin>
			<ymin>1561</ymin>
			<xmax>1698</xmax>
			<ymax>1740</ymax>
		</bndbox>
	</object>
	<object>
		<name>dish</name>
		<bndbox>
			<xmin>1272</xmin>
			<ymin>86</ymin>
			<xmax>2795</xmax>
			<ymax>1371</ymax>
		</bndbox>
	</object>
	<object>
		<name>일식우동</name>
		<bndbox>
			<xmin>1367</xmin>
			<ymin>278</ymin>
			<xmax>2667</xmax>
			<ymax>1091</ymax>
		</bndbox>
	</object>
</annotation>