<annotation>
	<folder>top국물면류뚝배기일식우동q4</folder>
	<filename>top_국물면류_뚝배기_일식우동_Q4_00050.JPG</filename>
	<path>/top국물면류뚝배기일식우동q4/top_국물면류_뚝배기_일식우동_Q4_00050.JPG</path>
	<source>
		<database>fooddata</database>
	</source>
	<size>
		<width>3008</width>
		<height>2000</height>
		<depth>3</depth>
	</size>
	<object>
		<name>ref_spoon</name>
		<bndbox>
			<xmin>497</xmin>
			<ymin>355</ymin>
			<xmax>743</xmax>
			<ymax>853</ymax>
		</bndbox>
	</object>
	<object>
		<name>ref_fork</name>
		<bndbox>
			<xmin>835</xmin>
			<ymin>372</ymin>
			<xmax>1019</xmax>
			<ymax>901</ymax>
		</bndbox>
	</object>
	<object>
		<name>ref_coin</name>
		<bndbox>
			<xmin>2504</xmin>
			<ymin>1416</ymin>
			<xmax>2675</xmax>
			<ymax>1597</ymax>
		</bndbox>
	</object>
	<object>
		<name>dish</name>
		<bndbox>
			<xmin>1299</xmin>
			<ymin>259</ymin>
			<xmax>2593</xmax>
			<ymax>1556</ymax>
		</bndbox>
	</object>
	<object>
		<name>일식우동</name>
		<bndbox>
			<xmin>1361</xmin>
			<ymin>341</ymin>
			<xmax>2466</xmax>
			<ymax>1474</ymax>
		</bndbox>
	</object>
</annotation>