<annotation>
	<folder>top국물면류뚝배기일식우동q4</folder>
	<filename>top_국물면류_뚝배기_일식우동_Q4_00032.JPG</filename>
	<path>/top국물면류뚝배기일식우동q4/top_국물면류_뚝배기_일식우동_Q4_00032.JPG</path>
	<source>
		<database>fooddata</database>
	</source>
	<size>
		<width>3008</width>
		<height>2000</height>
		<depth>3</depth>
	</size>
	<object>
		<name>ref_spoon</name>
		<bndbox>
			<xmin>1023</xmin>
			<ymin>1454</ymin>
			<xmax>1422</xmax>
			<ymax>1676</ymax>
		</bndbox>
	</object>
	<object>
		<name>ref_fork</name>
		<bndbox>
			<xmin>1077</xmin>
			<ymin>1246</ymin>
			<xmax>1504</xmax>
			<ymax>1389</ymax>
		</bndbox>
	</object>
	<object>
		<name>ref_coin</name>
		<bndbox>
			<xmin>1746</xmin>
			<ymin>1727</ymin>
			<xmax>1890</xmax>
			<ymax>1884</ymax>
		</bndbox>
	</object>
	<object>
		<name>dish</name>
		<bndbox>
			<xmin>1275</xmin>
			<ymin>116</ymin>
			<xmax>2327</xmax>
			<ymax>1150</ymax>
		</bndbox>
	</object>
	<object>
		<name>일식우동</name>
		<bndbox>
			<xmin>1337</xmin>
			<ymin>215</ymin>
			<xmax>2221</xmax>
			<ymax>1113</ymax>
		</bndbox>
	</object>
</annotation>