<annotation>
	<folder>top국물면류뚝배기일식우동q4</folder>
	<filename>top_국물면류_뚝배기_일식우동_Q4_00029.JPG</filename>
	<path>/top국물면류뚝배기일식우동q4/top_국물면류_뚝배기_일식우동_Q4_00029.JPG</path>
	<source>
		<database>fooddata</database>
	</source>
	<size>
		<width>3008</width>
		<height>2000</height>
		<depth>3</depth>
	</size>
	<object>
		<name>ref_spoon</name>
		<bndbox>
			<xmin>955</xmin>
			<ymin>1601</ymin>
			<xmax>1381</xmax>
			<ymax>1829</ymax>
		</bndbox>
	</object>
	<object>
		<name>ref_fork</name>
		<bndbox>
			<xmin>1006</xmin>
			<ymin>1372</ymin>
			<xmax>1473</xmax>
			<ymax>1519</ymax>
		</bndbox>
	</object>
	<object>
		<name>ref_coin</name>
		<bndbox>
			<xmin>896</xmin>
			<ymin>908</ymin>
			<xmax>1050</xmax>
			<ymax>1058</ymax>
		</bndbox>
	</object>
	<object>
		<name>dish</name>
		<bndbox>
			<xmin>1204</xmin>
			<ymin>137</ymin>
			<xmax>2306</xmax>
			<ymax>1215</ymax>
		</bndbox>
	</object>
	<object>
		<name>일식우동</name>
		<bndbox>
			<xmin>1272</xmin>
			<ymin>259</ymin>
			<xmax>2207</xmax>
			<ymax>1164</ymax>
		</bndbox>
	</object>
</annotation>