<annotation>
	<folder>top국물면류뚝배기일식우동q4</folder>
	<filename>top_국물면류_뚝배기_일식우동_Q4_00017.JPG</filename>
	<path>/top국물면류뚝배기일식우동q4/top_국물면류_뚝배기_일식우동_Q4_00017.JPG</path>
	<source>
		<database>fooddata</database>
	</source>
	<size>
		<width>3008</width>
		<height>2000</height>
		<depth>3</depth>
	</size>
	<object>
		<name>ref_spoon</name>
		<bndbox>
			<xmin>1917</xmin>
			<ymin>195</ymin>
			<xmax>2170</xmax>
			<ymax>717</ymax>
		</bndbox>
	</object>
	<object>
		<name>ref_fork</name>
		<bndbox>
			<xmin>2269</xmin>
			<ymin>215</ymin>
			<xmax>2439</xmax>
			<ymax>765</ymax>
		</bndbox>
	</object>
	<object>
		<name>ref_coin</name>
		<bndbox>
			<xmin>2282</xmin>
			<ymin>1703</ymin>
			<xmax>2473</xmax>
			<ymax>1894</ymax>
		</bndbox>
	</object>
	<object>
		<name>dish</name>
		<bndbox>
			<xmin>398</xmin>
			<ymin>352</ymin>
			<xmax>1856</xmax>
			<ymax>1795</ymax>
		</bndbox>
	</object>
	<object>
		<name>일식우동</name>
		<bndbox>
			<xmin>514</xmin>
			<ymin>474</ymin>
			<xmax>1760</xmax>
			<ymax>1672</ymax>
		</bndbox>
	</object>
</annotation>