<annotation>
	<folder>top국물면류뚝배기일식우동q4</folder>
	<filename>top_국물면류_뚝배기_일식우동_Q4_00018.JPG</filename>
	<path>/top국물면류뚝배기일식우동q4/top_국물면류_뚝배기_일식우동_Q4_00018.JPG</path>
	<source>
		<database>fooddata</database>
	</source>
	<size>
		<width>3008</width>
		<height>2000</height>
		<depth>3</depth>
	</size>
	<object>
		<name>ref_spoon</name>
		<bndbox>
			<xmin>903</xmin>
			<ymin>1645</ymin>
			<xmax>1381</xmax>
			<ymax>1881</ymax>
		</bndbox>
	</object>
	<object>
		<name>ref_fork</name>
		<bndbox>
			<xmin>931</xmin>
			<ymin>1440</ymin>
			<xmax>1405</xmax>
			<ymax>1597</ymax>
		</bndbox>
	</object>
	<object>
		<name>ref_coin</name>
		<bndbox>
			<xmin>2033</xmin>
			<ymin>1154</ymin>
			<xmax>2187</xmax>
			<ymax>1311</ymax>
		</bndbox>
	</object>
	<object>
		<name>dish</name>
		<bndbox>
			<xmin>917</xmin>
			<ymin>229</ymin>
			<xmax>2036</xmax>
			<ymax>1331</ymax>
		</bndbox>
	</object>
	<object>
		<name>일식우동</name>
		<bndbox>
			<xmin>995</xmin>
			<ymin>348</ymin>
			<xmax>1951</xmax>
			<ymax>1266</ymax>
		</bndbox>
	</object>
</annotation>