<annotation>
	<folder>side어육류정형사각배달돈가스q5</folder>
	<filename>side_어육류정형_사각배달_돈가스_Q5_00028.JPG</filename>
	<path>/side어육류정형사각배달돈가스q5/side_어육류정형_사각배달_돈가스_Q5_00028.JPG</path>
	<source>
		<database>fooddata</database>
	</source>
	<size>
		<width>3008</width>
		<height>2000</height>
		<depth>3</depth>
	</size>
	<object>
		<name>ref_spoon</name>
		<bndbox>
			<xmin>635</xmin>
			<ymin>1610</ymin>
			<xmax>1105</xmax>
			<ymax>1859</ymax>
		</bndbox>
	</object>
	<object>
		<name>ref_fork</name>
		<bndbox>
			<xmin>690</xmin>
			<ymin>1342</ymin>
			<xmax>1178</xmax>
			<ymax>1572</ymax>
		</bndbox>
	</object>
	<object>
		<name>ref_coin</name>
		<bndbox>
			<xmin>1559</xmin>
			<ymin>78</ymin>
			<xmax>1733</xmax>
			<ymax>188</ymax>
		</bndbox>
	</object>
	<object>
		<name>dish</name>
		<bndbox>
			<xmin>1019</xmin>
			<ymin>190</ymin>
			<xmax>2053</xmax>
			<ymax>1274</ymax>
		</bndbox>
	</object>
	<object>
		<name>돈가스</name>
		<bndbox>
			<xmin>1134</xmin>
			<ymin>390</ymin>
			<xmax>1926</xmax>
			<ymax>1036</ymax>
		</bndbox>
	</object>
</annotation>