<annotation>
	<folder>side어육류정형사각배달돈가스q5</folder>
	<filename>side_어육류정형_사각배달_돈가스_Q5_00018.JPG</filename>
	<path>/side어육류정형사각배달돈가스q5/side_어육류정형_사각배달_돈가스_Q5_00018.JPG</path>
	<source>
		<database>fooddata</database>
	</source>
	<size>
		<width>3008</width>
		<height>2000</height>
		<depth>3</depth>
	</size>
	<object>
		<name>ref_spoon</name>
		<bndbox>
			<xmin>624</xmin>
			<ymin>1412</ymin>
			<xmax>1075</xmax>
			<ymax>1652</ymax>
		</bndbox>
	</object>
	<object>
		<name>ref_fork</name>
		<bndbox>
			<xmin>680</xmin>
			<ymin>1156</ymin>
			<xmax>1160</xmax>
			<ymax>1370</ymax>
		</bndbox>
	</object>
	<object>
		<name>ref_coin</name>
		<bndbox>
			<xmin>2116</xmin>
			<ymin>898</ymin>
			<xmax>2316</xmax>
			<ymax>1043</ymax>
		</bndbox>
	</object>
	<object>
		<name>dish</name>
		<bndbox>
			<xmin>621</xmin>
			<ymin>181</ymin>
			<xmax>2017</xmax>
			<ymax>999</ymax>
		</bndbox>
	</object>
	<object>
		<name>돈가스</name>
		<bndbox>
			<xmin>737</xmin>
			<ymin>374</ymin>
			<xmax>1890</xmax>
			<ymax>769</ymax>
		</bndbox>
	</object>
</annotation>