<annotation>
	<folder>side어육류정형사각배달돈가스q5</folder>
	<filename>side_어육류정형_사각배달_돈가스_Q5_00007.JPG</filename>
	<path>/side어육류정형사각배달돈가스q5/side_어육류정형_사각배달_돈가스_Q5_00007.JPG</path>
	<source>
		<database>fooddata</database>
	</source>
	<size>
		<width>3008</width>
		<height>2000</height>
		<depth>3</depth>
	</size>
	<object>
		<name>ref_spoon</name>
		<bndbox>
			<xmin>2274</xmin>
			<ymin>477</ymin>
			<xmax>2553</xmax>
			<ymax>844</ymax>
		</bndbox>
	</object>
	<object>
		<name>ref_fork</name>
		<bndbox>
			<xmin>2692</xmin>
			<ymin>512</ymin>
			<xmax>2899</xmax>
			<ymax>919</ymax>
		</bndbox>
	</object>
	<object>
		<name>ref_coin</name>
		<bndbox>
			<xmin>69</xmin>
			<ymin>1307</ymin>
			<xmax>295</xmax>
			<ymax>1471</ymax>
		</bndbox>
	</object>
	<object>
		<name>dish</name>
		<bndbox>
			<xmin>659</xmin>
			<ymin>343</ymin>
			<xmax>2123</xmax>
			<ymax>1664</ymax>
		</bndbox>
	</object>
	<object>
		<name>돈가스</name>
		<bndbox>
			<xmin>840</xmin>
			<ymin>526</ymin>
			<xmax>1897</xmax>
			<ymax>1396</ymax>
		</bndbox>
	</object>
</annotation>