<annotation>
	<folder>side어육류정형사각배달돈가스q5</folder>
	<filename>side_어육류정형_사각배달_돈가스_Q5_00023.JPG</filename>
	<path>/side어육류정형사각배달돈가스q5/side_어육류정형_사각배달_돈가스_Q5_00023.JPG</path>
	<source>
		<database>fooddata</database>
	</source>
	<size>
		<width>3008</width>
		<height>2000</height>
		<depth>3</depth>
	</size>
	<object>
		<name>ref_spoon</name>
		<bndbox>
			<xmin>485</xmin>
			<ymin>1514</ymin>
			<xmax>932</xmax>
			<ymax>1756</ymax>
		</bndbox>
	</object>
	<object>
		<name>ref_fork</name>
		<bndbox>
			<xmin>546</xmin>
			<ymin>1253</ymin>
			<xmax>1021</xmax>
			<ymax>1478</ymax>
		</bndbox>
	</object>
	<object>
		<name>ref_coin</name>
		<bndbox>
			<xmin>1996</xmin>
			<ymin>651</ymin>
			<xmax>2187</xmax>
			<ymax>790</ymax>
		</bndbox>
	</object>
	<object>
		<name>dish</name>
		<bndbox>
			<xmin>628</xmin>
			<ymin>54</ymin>
			<xmax>1919</xmax>
			<ymax>1161</ymax>
		</bndbox>
	</object>
	<object>
		<name>돈가스</name>
		<bndbox>
			<xmin>802</xmin>
			<ymin>247</ymin>
			<xmax>1796</xmax>
			<ymax>924</ymax>
		</bndbox>
	</object>
</annotation>