<annotation>
	<folder>side어육류정형사각배달돈가스q5</folder>
	<filename>side_어육류정형_사각배달_돈가스_Q5_00015.JPG</filename>
	<path>/side어육류정형사각배달돈가스q5/side_어육류정형_사각배달_돈가스_Q5_00015.JPG</path>
	<source>
		<database>fooddata</database>
	</source>
	<size>
		<width>3008</width>
		<height>2000</height>
		<depth>3</depth>
	</size>
	<object>
		<name>ref_spoon</name>
		<bndbox>
			<xmin>2236</xmin>
			<ymin>573</ymin>
			<xmax>2525</xmax>
			<ymax>947</ymax>
		</bndbox>
	</object>
	<object>
		<name>ref_fork</name>
		<bndbox>
			<xmin>2664</xmin>
			<ymin>609</ymin>
			<xmax>2863</xmax>
			<ymax>1039</ymax>
		</bndbox>
	</object>
	<object>
		<name>ref_coin</name>
		<bndbox>
			<xmin>1874</xmin>
			<ymin>1083</ymin>
			<xmax>2090</xmax>
			<ymax>1243</ymax>
		</bndbox>
	</object>
	<object>
		<name>dish</name>
		<bndbox>
			<xmin>205</xmin>
			<ymin>439</ymin>
			<xmax>1392</xmax>
			<ymax>1725</ymax>
		</bndbox>
	</object>
	<object>
		<name>돈가스</name>
		<bndbox>
			<xmin>342</xmin>
			<ymin>679</ymin>
			<xmax>1261</xmax>
			<ymax>1459</ymax>
		</bndbox>
	</object>
</annotation>