<annotation>
	<folder>side어육류정형사각배달돈가스q5</folder>
	<filename>side_어육류정형_사각배달_돈가스_Q5_00031.JPG</filename>
	<path>/side어육류정형사각배달돈가스q5/side_어육류정형_사각배달_돈가스_Q5_00031.JPG</path>
	<source>
		<database>fooddata</database>
	</source>
	<size>
		<width>3008</width>
		<height>2000</height>
		<depth>3</depth>
	</size>
	<object>
		<name>ref_spoon</name>
		<bndbox>
			<xmin>405</xmin>
			<ymin>1570</ymin>
			<xmax>894</xmax>
			<ymax>1838</ymax>
		</bndbox>
	</object>
	<object>
		<name>ref_fork</name>
		<bndbox>
			<xmin>462</xmin>
			<ymin>1278</ymin>
			<xmax>995</xmax>
			<ymax>1518</ymax>
		</bndbox>
	</object>
	<object>
		<name>ref_coin</name>
		<bndbox>
			<xmin>539</xmin>
			<ymin>80</ymin>
			<xmax>737</xmax>
			<ymax>212</ymax>
		</bndbox>
	</object>
	<object>
		<name>dish</name>
		<bndbox>
			<xmin>664</xmin>
			<ymin>167</ymin>
			<xmax>2248</xmax>
			<ymax>1098</ymax>
		</bndbox>
	</object>
	<object>
		<name>돈가스</name>
		<bndbox>
			<xmin>769</xmin>
			<ymin>374</ymin>
			<xmax>2095</xmax>
			<ymax>832</ymax>
		</bndbox>
	</object>
</annotation>