<annotation>
	<folder>side어육류정형사각배달돈가스q5</folder>
	<filename>side_어육류정형_사각배달_돈가스_Q5_00039.JPG</filename>
	<path>/side어육류정형사각배달돈가스q5/side_어육류정형_사각배달_돈가스_Q5_00039.JPG</path>
	<source>
		<database>fooddata</database>
	</source>
	<size>
		<width>3008</width>
		<height>2000</height>
		<depth>3</depth>
	</size>
	<object>
		<name>ref_spoon</name>
		<bndbox>
			<xmin>278</xmin>
			<ymin>463</ymin>
			<xmax>617</xmax>
			<ymax>888</ymax>
		</bndbox>
	</object>
	<object>
		<name>ref_fork</name>
		<bndbox>
			<xmin>699</xmin>
			<ymin>465</ymin>
			<xmax>936</xmax>
			<ymax>954</ymax>
		</bndbox>
	</object>
	<object>
		<name>ref_coin</name>
		<bndbox>
			<xmin>2283</xmin>
			<ymin>186</ymin>
			<xmax>2501</xmax>
			<ymax>338</ymax>
		</bndbox>
	</object>
	<object>
		<name>dish</name>
		<bndbox>
			<xmin>950</xmin>
			<ymin>313</ymin>
			<xmax>2863</xmax>
			<ymax>1774</ymax>
		</bndbox>
	</object>
	<object>
		<name>돈가스</name>
		<bndbox>
			<xmin>1176</xmin>
			<ymin>651</ymin>
			<xmax>2734</xmax>
			<ymax>1483</ymax>
		</bndbox>
	</object>
</annotation>