<annotation>
	<folder>side어육류정형사각배달돈가스q5</folder>
	<filename>side_어육류정형_사각배달_돈가스_Q5_00008.JPG</filename>
	<path>/side어육류정형사각배달돈가스q5/side_어육류정형_사각배달_돈가스_Q5_00008.JPG</path>
	<source>
		<database>fooddata</database>
	</source>
	<size>
		<width>3008</width>
		<height>2000</height>
		<depth>3</depth>
	</size>
	<object>
		<name>ref_spoon</name>
		<bndbox>
			<xmin>2238</xmin>
			<ymin>425</ymin>
			<xmax>2523</xmax>
			<ymax>799</ymax>
		</bndbox>
	</object>
	<object>
		<name>ref_fork</name>
		<bndbox>
			<xmin>2664</xmin>
			<ymin>454</ymin>
			<xmax>2866</xmax>
			<ymax>881</ymax>
		</bndbox>
	</object>
	<object>
		<name>ref_coin</name>
		<bndbox>
			<xmin>215</xmin>
			<ymin>966</ymin>
			<xmax>440</xmax>
			<ymax>1128</ymax>
		</bndbox>
	</object>
	<object>
		<name>dish</name>
		<bndbox>
			<xmin>840</xmin>
			<ymin>369</ymin>
			<xmax>2024</xmax>
			<ymax>1645</ymax>
		</bndbox>
	</object>
	<object>
		<name>돈가스</name>
		<bndbox>
			<xmin>953</xmin>
			<ymin>524</ymin>
			<xmax>1869</xmax>
			<ymax>1380</ymax>
		</bndbox>
	</object>
</annotation>