<annotation>
	<folder>top어육류정형사각배달돈까스q5</folder>
	<filename>top_어육류정형_사각배달_돈가스_Q5_00040.JPG</filename>
	<path>/top어육류정형사각배달돈가스q5/top_어육류정형_사각배달_돈가스_Q5_00040.JPG</path>
	<source>
		<database>fooddata</database>
	</source>
	<size>
		<width>3008</width>
		<height>2000</height>
		<depth>3</depth>
	</size>
	<object>
		<name>ref_spoon</name>
		<bndbox>
			<xmin>516</xmin>
			<ymin>237</ymin>
			<xmax>776</xmax>
			<ymax>625</ymax>
		</bndbox>
	</object>
	<object>
		<name>ref_fork</name>
		<bndbox>
			<xmin>859</xmin>
			<ymin>317</ymin>
			<xmax>1037</xmax>
			<ymax>754</ymax>
		</bndbox>
	</object>
	<object>
		<name>ref_coin</name>
		<bndbox>
			<xmin>2236</xmin>
			<ymin>228</ymin>
			<xmax>2419</xmax>
			<ymax>407</ymax>
		</bndbox>
	</object>
	<object>
		<name>dish</name>
		<bndbox>
			<xmin>1120</xmin>
			<ymin>385</ymin>
			<xmax>2158</xmax>
			<ymax>1779</ymax>
		</bndbox>
	</object>
	<object>
		<name>돈가스</name>
		<bndbox>
			<xmin>1251</xmin>
			<ymin>550</ymin>
			<xmax>2017</xmax>
			<ymax>1692</ymax>
		</bndbox>
	</object>
</annotation>