<annotation>
	<folder>top어육류정형사각배달돈까스q5</folder>
	<filename>top_어육류정형_사각배달_돈가스_Q5_00027.JPG</filename>
	<path>/top어육류정형사각배달돈가스q5/top_어육류정형_사각배달_돈가스_Q5_00027.JPG</path>
	<source>
		<database>fooddata</database>
	</source>
	<size>
		<width>3008</width>
		<height>2000</height>
		<depth>3</depth>
	</size>
	<object>
		<name>ref_spoon</name>
		<bndbox>
			<xmin>781</xmin>
			<ymin>1586</ymin>
			<xmax>1118</xmax>
			<ymax>1807</ymax>
		</bndbox>
	</object>
	<object>
		<name>ref_fork</name>
		<bndbox>
			<xmin>831</xmin>
			<ymin>1368</ymin>
			<xmax>1177</xmax>
			<ymax>1521</ymax>
		</bndbox>
	</object>
	<object>
		<name>ref_coin</name>
		<bndbox>
			<xmin>1914</xmin>
			<ymin>783</ymin>
			<xmax>2062</xmax>
			<ymax>933</ymax>
		</bndbox>
	</object>
	<object>
		<name>dish</name>
		<bndbox>
			<xmin>645</xmin>
			<ymin>179</ymin>
			<xmax>1836</xmax>
			<ymax>1123</ymax>
		</bndbox>
	</object>
	<object>
		<name>돈가스</name>
		<bndbox>
			<xmin>762</xmin>
			<ymin>324</ymin>
			<xmax>1745</xmax>
			<ymax>1065</ymax>
		</bndbox>
	</object>
</annotation>