<annotation>
	<folder>top어육류정형사각배달돈까스q5</folder>
	<filename>top_어육류정형_사각배달_돈가스_Q5_00050.JPG</filename>
	<path>/top어육류정형사각배달돈가스q5/top_어육류정형_사각배달_돈가스_Q5_00050.JPG</path>
	<source>
		<database>fooddata</database>
	</source>
	<size>
		<width>3008</width>
		<height>2000</height>
		<depth>3</depth>
	</size>
	<object>
		<name>ref_spoon</name>
		<bndbox>
			<xmin>471</xmin>
			<ymin>291</ymin>
			<xmax>737</xmax>
			<ymax>689</ymax>
		</bndbox>
	</object>
	<object>
		<name>ref_fork</name>
		<bndbox>
			<xmin>802</xmin>
			<ymin>392</ymin>
			<xmax>983</xmax>
			<ymax>839</ymax>
		</bndbox>
	</object>
	<object>
		<name>ref_coin</name>
		<bndbox>
			<xmin>2318</xmin>
			<ymin>383</ymin>
			<xmax>2509</xmax>
			<ymax>562</ymax>
		</bndbox>
	</object>
	<object>
		<name>dish</name>
		<bndbox>
			<xmin>1075</xmin>
			<ymin>414</ymin>
			<xmax>2149</xmax>
			<ymax>1819</ymax>
		</bndbox>
	</object>
	<object>
		<name>돈가스</name>
		<bndbox>
			<xmin>1223</xmin>
			<ymin>550</ymin>
			<xmax>2024</xmax>
			<ymax>1744</ymax>
		</bndbox>
	</object>
</annotation>