<annotation>
	<folder>top어육류정형사각배달돈까스q5</folder>
	<filename>top_어육류정형_사각배달_돈가스_Q5_00053.JPG</filename>
	<path>/top어육류정형사각배달돈가스q5/top_어육류정형_사각배달_돈가스_Q5_00053.JPG</path>
	<source>
		<database>fooddata</database>
	</source>
	<size>
		<width>3008</width>
		<height>2000</height>
		<depth>3</depth>
	</size>
	<object>
		<name>ref_spoon</name>
		<bndbox>
			<xmin>556</xmin>
			<ymin>350</ymin>
			<xmax>805</xmax>
			<ymax>699</ymax>
		</bndbox>
	</object>
	<object>
		<name>ref_fork</name>
		<bndbox>
			<xmin>854</xmin>
			<ymin>444</ymin>
			<xmax>1037</xmax>
			<ymax>862</ymax>
		</bndbox>
	</object>
	<object>
		<name>ref_coin</name>
		<bndbox>
			<xmin>1573</xmin>
			<ymin>75</ymin>
			<xmax>1745</xmax>
			<ymax>247</ymax>
		</bndbox>
	</object>
	<object>
		<name>dish</name>
		<bndbox>
			<xmin>1066</xmin>
			<ymin>526</ymin>
			<xmax>2100</xmax>
			<ymax>1852</ymax>
		</bndbox>
	</object>
	<object>
		<name>돈가스</name>
		<bndbox>
			<xmin>1225</xmin>
			<ymin>649</ymin>
			<xmax>1987</xmax>
			<ymax>1770</ymax>
		</bndbox>
	</object>
</annotation>