<annotation>
	<folder>top어육류정형사각배달돈까스q5</folder>
	<filename>top_어육류정형_사각배달_돈가스_Q5_00045.JPG</filename>
	<path>/top어육류정형사각배달돈가스q5/top_어육류정형_사각배달_돈가스_Q5_00045.JPG</path>
	<source>
		<database>fooddata</database>
	</source>
	<size>
		<width>3008</width>
		<height>2000</height>
		<depth>3</depth>
	</size>
	<object>
		<name>ref_spoon</name>
		<bndbox>
			<xmin>438</xmin>
			<ymin>63</ymin>
			<xmax>708</xmax>
			<ymax>452</ymax>
		</bndbox>
	</object>
	<object>
		<name>ref_fork</name>
		<bndbox>
			<xmin>772</xmin>
			<ymin>162</ymin>
			<xmax>957</xmax>
			<ymax>601</ymax>
		</bndbox>
	</object>
	<object>
		<name>ref_coin</name>
		<bndbox>
			<xmin>2156</xmin>
			<ymin>1250</ymin>
			<xmax>2349</xmax>
			<ymax>1443</ymax>
		</bndbox>
	</object>
	<object>
		<name>dish</name>
		<bndbox>
			<xmin>1058</xmin>
			<ymin>247</ymin>
			<xmax>2137</xmax>
			<ymax>1655</ymax>
		</bndbox>
	</object>
	<object>
		<name>돈가스</name>
		<bndbox>
			<xmin>1190</xmin>
			<ymin>425</ymin>
			<xmax>1989</xmax>
			<ymax>1572</ymax>
		</bndbox>
	</object>
</annotation>