<annotation>
	<folder>top어육류정형사각배달돈까스q5</folder>
	<filename>top_어육류정형_사각배달_돈가스_Q5_00016.JPG</filename>
	<path>/top어육류정형사각배달돈가스q5/top_어육류정형_사각배달_돈가스_Q5_00016.JPG</path>
	<source>
		<database>fooddata</database>
	</source>
	<size>
		<width>3008</width>
		<height>2000</height>
		<depth>3</depth>
	</size>
	<object>
		<name>ref_spoon</name>
		<bndbox>
			<xmin>2137</xmin>
			<ymin>388</ymin>
			<xmax>2396</xmax>
			<ymax>777</ymax>
		</bndbox>
	</object>
	<object>
		<name>ref_fork</name>
		<bndbox>
			<xmin>2530</xmin>
			<ymin>421</ymin>
			<xmax>2713</xmax>
			<ymax>857</ymax>
		</bndbox>
	</object>
	<object>
		<name>ref_coin</name>
		<bndbox>
			<xmin>1836</xmin>
			<ymin>1029</ymin>
			<xmax>2022</xmax>
			<ymax>1217</ymax>
		</bndbox>
	</object>
	<object>
		<name>dish</name>
		<bndbox>
			<xmin>356</xmin>
			<ymin>606</ymin>
			<xmax>1764</xmax>
			<ymax>1612</ymax>
		</bndbox>
	</object>
	<object>
		<name>돈가스</name>
		<bndbox>
			<xmin>452</xmin>
			<ymin>759</ymin>
			<xmax>1660</xmax>
			<ymax>1528</ymax>
		</bndbox>
	</object>
</annotation>