<annotation>
	<folder>top어육류정형사각배달돈까스q5</folder>
	<filename>top_어육류정형_사각배달_돈가스_Q5_00007.JPG</filename>
	<path>/top어육류정형사각배달돈가스q5/top_어육류정형_사각배달_돈가스_Q5_00007.JPG</path>
	<source>
		<database>fooddata</database>
	</source>
	<size>
		<width>3008</width>
		<height>2000</height>
		<depth>3</depth>
	</size>
	<object>
		<name>ref_spoon</name>
		<bndbox>
			<xmin>2055</xmin>
			<ymin>385</ymin>
			<xmax>2316</xmax>
			<ymax>787</ymax>
		</bndbox>
	</object>
	<object>
		<name>ref_fork</name>
		<bndbox>
			<xmin>2426</xmin>
			<ymin>374</ymin>
			<xmax>2596</xmax>
			<ymax>818</ymax>
		</bndbox>
	</object>
	<object>
		<name>ref_coin</name>
		<bndbox>
			<xmin>1768</xmin>
			<ymin>1001</ymin>
			<xmax>1952</xmax>
			<ymax>1187</ymax>
		</bndbox>
	</object>
	<object>
		<name>dish</name>
		<bndbox>
			<xmin>328</xmin>
			<ymin>510</ymin>
			<xmax>1735</xmax>
			<ymax>1535</ymax>
		</bndbox>
	</object>
	<object>
		<name>돈가스</name>
		<bndbox>
			<xmin>417</xmin>
			<ymin>705</ymin>
			<xmax>1620</xmax>
			<ymax>1436</ymax>
		</bndbox>
	</object>
</annotation>