<annotation>
	<folder>top어육류정형사각배달돈까스q5</folder>
	<filename>top_어육류정형_사각배달_돈가스_Q5_00023.JPG</filename>
	<path>/top어육류정형사각배달돈가스q5/top_어육류정형_사각배달_돈가스_Q5_00023.JPG</path>
	<source>
		<database>fooddata</database>
	</source>
	<size>
		<width>3008</width>
		<height>2000</height>
		<depth>3</depth>
	</size>
	<object>
		<name>ref_spoon</name>
		<bndbox>
			<xmin>809</xmin>
			<ymin>1535</ymin>
			<xmax>1146</xmax>
			<ymax>1760</ymax>
		</bndbox>
	</object>
	<object>
		<name>ref_fork</name>
		<bndbox>
			<xmin>866</xmin>
			<ymin>1314</ymin>
			<xmax>1226</xmax>
			<ymax>1471</ymax>
		</bndbox>
	</object>
	<object>
		<name>ref_coin</name>
		<bndbox>
			<xmin>1968</xmin>
			<ymin>646</ymin>
			<xmax>2123</xmax>
			<ymax>799</ymax>
		</bndbox>
	</object>
	<object>
		<name>dish</name>
		<bndbox>
			<xmin>687</xmin>
			<ymin>153</ymin>
			<xmax>1907</xmax>
			<ymax>1168</ymax>
		</bndbox>
	</object>
	<object>
		<name>돈가스</name>
		<bndbox>
			<xmin>781</xmin>
			<ymin>294</ymin>
			<xmax>1778</xmax>
			<ymax>1083</ymax>
		</bndbox>
	</object>
</annotation>