<annotation>
	<folder>top어육류정형사각배달돈까스q5</folder>
	<filename>top_어육류정형_사각배달_돈가스_Q5_00039.JPG</filename>
	<path>/top어육류정형사각배달돈가스q5/top_어육류정형_사각배달_돈가스_Q5_00039.JPG</path>
	<source>
		<database>fooddata</database>
	</source>
	<size>
		<width>3008</width>
		<height>2000</height>
		<depth>3</depth>
	</size>
	<object>
		<name>ref_spoon</name>
		<bndbox>
			<xmin>520</xmin>
			<ymin>103</ymin>
			<xmax>786</xmax>
			<ymax>501</ymax>
		</bndbox>
	</object>
	<object>
		<name>ref_fork</name>
		<bndbox>
			<xmin>868</xmin>
			<ymin>188</ymin>
			<xmax>1044</xmax>
			<ymax>630</ymax>
		</bndbox>
	</object>
	<object>
		<name>ref_coin</name>
		<bndbox>
			<xmin>2299</xmin>
			<ymin>414</ymin>
			<xmax>2487</xmax>
			<ymax>599</ymax>
		</bndbox>
	</object>
	<object>
		<name>dish</name>
		<bndbox>
			<xmin>1138</xmin>
			<ymin>270</ymin>
			<xmax>2187</xmax>
			<ymax>1657</ymax>
		</bndbox>
	</object>
	<object>
		<name>돈가스</name>
		<bndbox>
			<xmin>1272</xmin>
			<ymin>425</ymin>
			<xmax>2034</xmax>
			<ymax>1579</ymax>
		</bndbox>
	</object>
</annotation>