<annotation>
	<folder>side건더기국류전골냄비곱창전골q1</folder>
	<filename>side_건더기국류_전골냄비_곱창전골_Q1_00026.JPG</filename>
	<path>/side건더기국류전골냄비곱창전골q1/side_건더기국류_전골냄비_곱창전골_Q1_00026.JPG</path>
	<source>
		<database>fooddata</database>
	</source>
	<size>
		<width>3008</width>
		<height>2000</height>
		<depth>3</depth>
	</size>
	<object>
		<name>ref_spoon</name>
		<bndbox>
			<xmin>567</xmin>
			<ymin>1652</ymin>
			<xmax>995</xmax>
			<ymax>1885</ymax>
		</bndbox>
	</object>
	<object>
		<name>ref_fork</name>
		<bndbox>
			<xmin>760</xmin>
			<ymin>1403</ymin>
			<xmax>1209</xmax>
			<ymax>1612</ymax>
		</bndbox>
	</object>
	<object>
		<name>ref_coin</name>
		<bndbox>
			<xmin>321</xmin>
			<ymin>1436</ymin>
			<xmax>523</xmax>
			<ymax>1596</ymax>
		</bndbox>
	</object>
	<object>
		<name>dish</name>
		<bndbox>
			<xmin>868</xmin>
			<ymin>247</ymin>
			<xmax>2128</xmax>
			<ymax>1208</ymax>
		</bndbox>
	</object>
	<object>
		<name>곱창전골</name>
		<bndbox>
			<xmin>1047</xmin>
			<ymin>602</ymin>
			<xmax>1907</xmax>
			<ymax>1058</ymax>
		</bndbox>
	</object>
</annotation>