<annotation>
	<folder>side건더기국류전골냄비곱창전골q1</folder>
	<filename>side_건더기국류_전골냄비_곱창전골_Q1_00045.JPG</filename>
	<path>/side건더기국류전골냄비곱창전골q1/side_건더기국류_전골냄비_곱창전골_Q1_00045.JPG</path>
	<source>
		<database>fooddata</database>
	</source>
	<size>
		<width>3008</width>
		<height>2000</height>
		<depth>3</depth>
	</size>
	<object>
		<name>ref_spoon</name>
		<bndbox>
			<xmin>377</xmin>
			<ymin>555</ymin>
			<xmax>652</xmax>
			<ymax>917</ymax>
		</bndbox>
	</object>
	<object>
		<name>ref_fork</name>
		<bndbox>
			<xmin>708</xmin>
			<ymin>590</ymin>
			<xmax>892</xmax>
			<ymax>989</ymax>
		</bndbox>
	</object>
	<object>
		<name>ref_coin</name>
		<bndbox>
			<xmin>894</xmin>
			<ymin>1631</ymin>
			<xmax>1117</xmax>
			<ymax>1803</ymax>
		</bndbox>
	</object>
	<object>
		<name>dish</name>
		<bndbox>
			<xmin>1016</xmin>
			<ymin>355</ymin>
			<xmax>2464</xmax>
			<ymax>1483</ymax>
		</bndbox>
	</object>
	<object>
		<name>곱창전골</name>
		<bndbox>
			<xmin>1237</xmin>
			<ymin>752</ymin>
			<xmax>2264</xmax>
			<ymax>1325</ymax>
		</bndbox>
	</object>
</annotation>