<annotation>
	<folder>side건더기국류전골냄비곱창전골q1</folder>
	<filename>side_건더기국류_전골냄비_곱창전골_Q1_00049.JPG</filename>
	<path>/side건더기국류전골냄비곱창전골q1/side_건더기국류_전골냄비_곱창전골_Q1_00049.JPG</path>
	<source>
		<database>fooddata</database>
	</source>
	<size>
		<width>3008</width>
		<height>2000</height>
		<depth>3</depth>
	</size>
	<object>
		<name>ref_spoon</name>
		<bndbox>
			<xmin>452</xmin>
			<ymin>519</ymin>
			<xmax>727</xmax>
			<ymax>879</ymax>
		</bndbox>
	</object>
	<object>
		<name>ref_fork</name>
		<bndbox>
			<xmin>781</xmin>
			<ymin>543</ymin>
			<xmax>969</xmax>
			<ymax>942</ymax>
		</bndbox>
	</object>
	<object>
		<name>ref_coin</name>
		<bndbox>
			<xmin>668</xmin>
			<ymin>1746</ymin>
			<xmax>899</xmax>
			<ymax>1925</ymax>
		</bndbox>
	</object>
	<object>
		<name>dish</name>
		<bndbox>
			<xmin>1113</xmin>
			<ymin>287</ymin>
			<xmax>2560</xmax>
			<ymax>1394</ymax>
		</bndbox>
	</object>
	<object>
		<name>곱창전골</name>
		<bndbox>
			<xmin>1336</xmin>
			<ymin>707</ymin>
			<xmax>2335</xmax>
			<ymax>1250</ymax>
		</bndbox>
	</object>
</annotation>