<annotation>
	<folder>side건더기국류전골냄비곱창전골q1</folder>
	<filename>side_건더기국류_전골냄비_곱창전골_Q1_00030.JPG</filename>
	<path>/side건더기국류전골냄비곱창전골q1/side_건더기국류_전골냄비_곱창전골_Q1_00030.JPG</path>
	<source>
		<database>fooddata</database>
	</source>
	<size>
		<width>3008</width>
		<height>2000</height>
		<depth>3</depth>
	</size>
	<object>
		<name>ref_spoon</name>
		<bndbox>
			<xmin>551</xmin>
			<ymin>1539</ymin>
			<xmax>955</xmax>
			<ymax>1760</ymax>
		</bndbox>
	</object>
	<object>
		<name>ref_fork</name>
		<bndbox>
			<xmin>732</xmin>
			<ymin>1302</ymin>
			<xmax>1152</xmax>
			<ymax>1499</ymax>
		</bndbox>
	</object>
	<object>
		<name>ref_coin</name>
		<bndbox>
			<xmin>1526</xmin>
			<ymin>1725</ymin>
			<xmax>1724</xmax>
			<ymax>1890</ymax>
		</bndbox>
	</object>
	<object>
		<name>dish</name>
		<bndbox>
			<xmin>927</xmin>
			<ymin>179</ymin>
			<xmax>2118</xmax>
			<ymax>1076</ymax>
		</bndbox>
	</object>
	<object>
		<name>곱창전골</name>
		<bndbox>
			<xmin>1115</xmin>
			<ymin>526</ymin>
			<xmax>1933</xmax>
			<ymax>931</ymax>
		</bndbox>
	</object>
</annotation>