<annotation>
	<folder>side건더기국류전골냄비곱창전골q1</folder>
	<filename>side_건더기국류_전골냄비_곱창전골_Q1_00016.JPG</filename>
	<path>/side건더기국류전골냄비곱창전골q1/side_건더기국류_전골냄비_곱창전골_Q1_00016.JPG</path>
	<source>
		<database>fooddata</database>
	</source>
	<size>
		<width>3008</width>
		<height>2000</height>
		<depth>3</depth>
	</size>
	<object>
		<name>ref_spoon</name>
		<bndbox>
			<xmin>2295</xmin>
			<ymin>449</ymin>
			<xmax>2551</xmax>
			<ymax>783</ymax>
		</bndbox>
	</object>
	<object>
		<name>ref_fork</name>
		<bndbox>
			<xmin>2682</xmin>
			<ymin>454</ymin>
			<xmax>2873</xmax>
			<ymax>832</ymax>
		</bndbox>
	</object>
	<object>
		<name>ref_coin</name>
		<bndbox>
			<xmin>1207</xmin>
			<ymin>1706</ymin>
			<xmax>1425</xmax>
			<ymax>1880</ymax>
		</bndbox>
	</object>
	<object>
		<name>dish</name>
		<bndbox>
			<xmin>466</xmin>
			<ymin>313</ymin>
			<xmax>1834</xmax>
			<ymax>1387</ymax>
		</bndbox>
	</object>
	<object>
		<name>곱창전골</name>
		<bndbox>
			<xmin>715</xmin>
			<ymin>722</ymin>
			<xmax>1646</xmax>
			<ymax>1234</ymax>
		</bndbox>
	</object>
</annotation>