<annotation>
	<folder>side건더기국류전골냄비곱창전골q1</folder>
	<filename>side_건더기국류_전골냄비_곱창전골_Q1_00028.JPG</filename>
	<path>/side건더기국류전골냄비곱창전골q1/side_건더기국류_전골냄비_곱창전골_Q1_00028.JPG</path>
	<source>
		<database>fooddata</database>
	</source>
	<size>
		<width>3008</width>
		<height>2000</height>
		<depth>3</depth>
	</size>
	<object>
		<name>ref_spoon</name>
		<bndbox>
			<xmin>591</xmin>
			<ymin>1434</ymin>
			<xmax>997</xmax>
			<ymax>1657</ymax>
		</bndbox>
	</object>
	<object>
		<name>ref_fork</name>
		<bndbox>
			<xmin>765</xmin>
			<ymin>1199</ymin>
			<xmax>1192</xmax>
			<ymax>1401</ymax>
		</bndbox>
	</object>
	<object>
		<name>ref_coin</name>
		<bndbox>
			<xmin>1061</xmin>
			<ymin>1702</ymin>
			<xmax>1258</xmax>
			<ymax>1873</ymax>
		</bndbox>
	</object>
	<object>
		<name>dish</name>
		<bndbox>
			<xmin>936</xmin>
			<ymin>82</ymin>
			<xmax>2116</xmax>
			<ymax>992</ymax>
		</bndbox>
	</object>
	<object>
		<name>곱창전골</name>
		<bndbox>
			<xmin>1108</xmin>
			<ymin>416</ymin>
			<xmax>1928</xmax>
			<ymax>841</ymax>
		</bndbox>
	</object>
</annotation>