<annotation>
	<folder>side건더기국류전골냄비곱창전골q1</folder>
	<filename>side_건더기국류_전골냄비_곱창전골_Q1_00052.JPG</filename>
	<path>/side건더기국류전골냄비곱창전골q1/side_건더기국류_전골냄비_곱창전골_Q1_00052.JPG</path>
	<source>
		<database>fooddata</database>
	</source>
	<size>
		<width>3008</width>
		<height>2000</height>
		<depth>3</depth>
	</size>
	<object>
		<name>ref_spoon</name>
		<bndbox>
			<xmin>581</xmin>
			<ymin>482</ymin>
			<xmax>854</xmax>
			<ymax>827</ymax>
		</bndbox>
	</object>
	<object>
		<name>ref_fork</name>
		<bndbox>
			<xmin>903</xmin>
			<ymin>519</ymin>
			<xmax>1082</xmax>
			<ymax>912</ymax>
		</bndbox>
	</object>
	<object>
		<name>ref_coin</name>
		<bndbox>
			<xmin>177</xmin>
			<ymin>1062</ymin>
			<xmax>389</xmax>
			<ymax>1217</ymax>
		</bndbox>
	</object>
	<object>
		<name>dish</name>
		<bndbox>
			<xmin>1244</xmin>
			<ymin>296</ymin>
			<xmax>2675</xmax>
			<ymax>1396</ymax>
		</bndbox>
	</object>
	<object>
		<name>곱창전골</name>
		<bndbox>
			<xmin>1437</xmin>
			<ymin>700</ymin>
			<xmax>2436</xmax>
			<ymax>1243</ymax>
		</bndbox>
	</object>
</annotation>