<annotation>
	<folder>top건더기국류전골냄비곱창전골q1</folder>
	<filename>top_건더기국류_전골냄비_곱창전골_Q1_00001.JPG</filename>
	<path>/top건더기국류전골냄비곱창전골q1/top_건더기국류_전골냄비_곱창전골_Q1_00001.JPG</path>
	<source>
		<database>fooddata</database>
	</source>
	<size>
		<width>3008</width>
		<height>2000</height>
		<depth>3</depth>
	</size>
	<object>
		<name>ref_spoon</name>
		<bndbox>
			<xmin>1799</xmin>
			<ymin>317</ymin>
			<xmax>2053</xmax>
			<ymax>713</ymax>
		</bndbox>
	</object>
	<object>
		<name>ref_fork</name>
		<bndbox>
			<xmin>2109</xmin>
			<ymin>357</ymin>
			<xmax>2297</xmax>
			<ymax>779</ymax>
		</bndbox>
	</object>
	<object>
		<name>ref_coin</name>
		<bndbox>
			<xmin>1555</xmin>
			<ymin>1516</ymin>
			<xmax>1733</xmax>
			<ymax>1709</ymax>
		</bndbox>
	</object>
	<object>
		<name>dish</name>
		<bndbox>
			<xmin>437</xmin>
			<ymin>286</ymin>
			<xmax>1778</xmax>
			<ymax>1582</ymax>
		</bndbox>
	</object>
	<object>
		<name>곱창전골</name>
		<bndbox>
			<xmin>722</xmin>
			<ymin>591</ymin>
			<xmax>1509</xmax>
			<ymax>1328</ymax>
		</bndbox>
	</object>
</annotation>