<annotation>
	<folder>top건더기국류전골냄비곱창전골q1</folder>
	<filename>top_건더기국류_전골냄비_곱창전골_Q1_00016.JPG</filename>
	<path>/top건더기국류전골냄비곱창전골q1/top_건더기국류_전골냄비_곱창전골_Q1_00016.JPG</path>
	<source>
		<database>fooddata</database>
	</source>
	<size>
		<width>3008</width>
		<height>2000</height>
		<depth>3</depth>
	</size>
	<object>
		<name>ref_spoon</name>
		<bndbox>
			<xmin>2195</xmin>
			<ymin>342</ymin>
			<xmax>2449</xmax>
			<ymax>759</ymax>
		</bndbox>
	</object>
	<object>
		<name>ref_fork</name>
		<bndbox>
			<xmin>2495</xmin>
			<ymin>403</ymin>
			<xmax>2703</xmax>
			<ymax>815</ymax>
		</bndbox>
	</object>
	<object>
		<name>ref_coin</name>
		<bndbox>
			<xmin>1042</xmin>
			<ymin>1628</ymin>
			<xmax>1245</xmax>
			<ymax>1821</ymax>
		</bndbox>
	</object>
	<object>
		<name>dish</name>
		<bndbox>
			<xmin>594</xmin>
			<ymin>251</ymin>
			<xmax>1931</xmax>
			<ymax>1577</ymax>
		</bndbox>
	</object>
	<object>
		<name>곱창전골</name>
		<bndbox>
			<xmin>899</xmin>
			<ymin>550</ymin>
			<xmax>1682</xmax>
			<ymax>1363</ymax>
		</bndbox>
	</object>
</annotation>