<annotation>
	<folder>top건더기국류전골냄비곱창전골q1</folder>
	<filename>top_건더기국류_전골냄비_곱창전골_Q1_00042.JPG</filename>
	<path>/top건더기국류전골냄비곱창전골q1/top_건더기국류_전골냄비_곱창전골_Q1_00042.JPG</path>
	<source>
		<database>fooddata</database>
	</source>
	<size>
		<width>3008</width>
		<height>2000</height>
		<depth>3</depth>
	</size>
	<object>
		<name>ref_spoon</name>
		<bndbox>
			<xmin>620</xmin>
			<ymin>357</ymin>
			<xmax>879</xmax>
			<ymax>733</ymax>
		</bndbox>
	</object>
	<object>
		<name>ref_fork</name>
		<bndbox>
			<xmin>991</xmin>
			<ymin>378</ymin>
			<xmax>1194</xmax>
			<ymax>794</ymax>
		</bndbox>
	</object>
	<object>
		<name>ref_coin</name>
		<bndbox>
			<xmin>305</xmin>
			<ymin>530</ymin>
			<xmax>503</xmax>
			<ymax>703</ymax>
		</bndbox>
	</object>
	<object>
		<name>dish</name>
		<bndbox>
			<xmin>1280</xmin>
			<ymin>322</ymin>
			<xmax>2602</xmax>
			<ymax>1607</ymax>
		</bndbox>
	</object>
	<object>
		<name>곱창전골</name>
		<bndbox>
			<xmin>1509</xmin>
			<ymin>560</ymin>
			<xmax>2246</xmax>
			<ymax>1409</ymax>
		</bndbox>
	</object>
</annotation>