<annotation>
	<folder>top건더기국류전골냄비곱창전골q1</folder>
	<filename>top_건더기국류_전골냄비_곱창전골_Q1_00035.JPG</filename>
	<path>/top건더기국류전골냄비곱창전골q1/top_건더기국류_전골냄비_곱창전골_Q1_00035.JPG</path>
	<source>
		<database>fooddata</database>
	</source>
	<size>
		<width>3008</width>
		<height>2000</height>
		<depth>3</depth>
	</size>
	<object>
		<name>ref_spoon</name>
		<bndbox>
			<xmin>417</xmin>
			<ymin>317</ymin>
			<xmax>681</xmax>
			<ymax>667</ymax>
		</bndbox>
	</object>
	<object>
		<name>ref_fork</name>
		<bndbox>
			<xmin>777</xmin>
			<ymin>306</ymin>
			<xmax>986</xmax>
			<ymax>713</ymax>
		</bndbox>
	</object>
	<object>
		<name>ref_coin</name>
		<bndbox>
			<xmin>767</xmin>
			<ymin>1668</ymin>
			<xmax>950</xmax>
			<ymax>1851</ymax>
		</bndbox>
	</object>
	<object>
		<name>dish</name>
		<bndbox>
			<xmin>1082</xmin>
			<ymin>256</ymin>
			<xmax>2368</xmax>
			<ymax>1516</ymax>
		</bndbox>
	</object>
	<object>
		<name>곱창전골</name>
		<bndbox>
			<xmin>1311</xmin>
			<ymin>469</ymin>
			<xmax>2063</xmax>
			<ymax>1292</ymax>
		</bndbox>
	</object>
</annotation>