<annotation>
	<folder>top건더기국류전골냄비곱창전골q1</folder>
	<filename>top_건더기국류_전골냄비_곱창전골_Q1_00021.JPG</filename>
	<path>/top건더기국류전골냄비곱창전골q1/top_건더기국류_전골냄비_곱창전골_Q1_00021.JPG</path>
	<source>
		<database>fooddata</database>
	</source>
	<size>
		<width>3008</width>
		<height>2000</height>
		<depth>3</depth>
	</size>
	<object>
		<name>ref_spoon</name>
		<bndbox>
			<xmin>833</xmin>
			<ymin>1617</ymin>
			<xmax>1148</xmax>
			<ymax>1851</ymax>
		</bndbox>
	</object>
	<object>
		<name>ref_fork</name>
		<bndbox>
			<xmin>915</xmin>
			<ymin>1424</ymin>
			<xmax>1260</xmax>
			<ymax>1587</ymax>
		</bndbox>
	</object>
	<object>
		<name>ref_coin</name>
		<bndbox>
			<xmin>889</xmin>
			<ymin>1160</ymin>
			<xmax>1062</xmax>
			<ymax>1333</ymax>
		</bndbox>
	</object>
	<object>
		<name>dish</name>
		<bndbox>
			<xmin>1047</xmin>
			<ymin>205</ymin>
			<xmax>2104</xmax>
			<ymax>1236</ymax>
		</bndbox>
	</object>
	<object>
		<name>곱창전골</name>
		<bndbox>
			<xmin>1148</xmin>
			<ymin>469</ymin>
			<xmax>1829</xmax>
			<ymax>1008</ymax>
		</bndbox>
	</object>
</annotation>