<annotation>
	<folder>top건더기국류전골냄비곱창전골q1</folder>
	<filename>top_건더기국류_전골냄비_곱창전골_Q1_00053.JPG</filename>
	<path>/top건더기국류전골냄비곱창전골q1/top_건더기국류_전골냄비_곱창전골_Q1_00053.JPG</path>
	<source>
		<database>fooddata</database>
	</source>
	<size>
		<width>3008</width>
		<height>2000</height>
		<depth>3</depth>
	</size>
	<object>
		<name>ref_spoon</name>
		<bndbox>
			<xmin>473</xmin>
			<ymin>342</ymin>
			<xmax>737</xmax>
			<ymax>713</ymax>
		</bndbox>
	</object>
	<object>
		<name>ref_fork</name>
		<bndbox>
			<xmin>833</xmin>
			<ymin>362</ymin>
			<xmax>1021</xmax>
			<ymax>769</ymax>
		</bndbox>
	</object>
	<object>
		<name>ref_coin</name>
		<bndbox>
			<xmin>254</xmin>
			<ymin>647</ymin>
			<xmax>442</xmax>
			<ymax>845</ymax>
		</bndbox>
	</object>
	<object>
		<name>dish</name>
		<bndbox>
			<xmin>1108</xmin>
			<ymin>312</ymin>
			<xmax>2419</xmax>
			<ymax>1582</ymax>
		</bndbox>
	</object>
	<object>
		<name>곱창전골</name>
		<bndbox>
			<xmin>1331</xmin>
			<ymin>632</ymin>
			<xmax>2165</xmax>
			<ymax>1358</ymax>
		</bndbox>
	</object>
</annotation>