<annotation>
	<folder>side건더기국류원형배달감자탕q5</folder>
	<filename>side_건더기국류_원형배달_감자탕_Q5_00001.JPG</filename>
	<path>/side건더기국류원형배달감자탕q5/side_건더기국류_원형배달_감자탕_Q5_00001.JPG</path>
	<source>
		<database>fooddata</database>
	</source>
	<size>
		<width>3008</width>
		<height>2000</height>
		<depth>3</depth>
	</size>
	<object>
		<name>ref_spoon</name>
		<bndbox>
			<xmin>1724</xmin>
			<ymin>679</ymin>
			<xmax>2022</xmax>
			<ymax>1020</ymax>
		</bndbox>
	</object>
	<object>
		<name>ref_fork</name>
		<bndbox>
			<xmin>2185</xmin>
			<ymin>714</ymin>
			<xmax>2398</xmax>
			<ymax>1098</ymax>
		</bndbox>
	</object>
	<object>
		<name>ref_coin</name>
		<bndbox>
			<xmin>2664</xmin>
			<ymin>1413</ymin>
			<xmax>2891</xmax>
			<ymax>1591</ymax>
		</bndbox>
	</object>
	<object>
		<name>dish</name>
		<bndbox>
			<xmin>114</xmin>
			<ymin>299</ymin>
			<xmax>1639</xmax>
			<ymax>1530</ymax>
		</bndbox>
	</object>
	<object>
		<name>감자탕</name>
		<bndbox>
			<xmin>248</xmin>
			<ymin>573</ymin>
			<xmax>1497</xmax>
			<ymax>1168</ymax>
		</bndbox>
	</object>
</annotation>