<annotation>
	<folder>side건더기국류원형배달감자탕q5</folder>
	<filename>side_건더기국류_원형배달_감자탕_Q5_00018.JPG</filename>
	<path>/side건더기국류원형배달감자탕q5/side_건더기국류_원형배달_감자탕_Q5_00018.JPG</path>
	<source>
		<database>fooddata</database>
	</source>
	<size>
		<width>3008</width>
		<height>2000</height>
		<depth>3</depth>
	</size>
	<object>
		<name>ref_spoon</name>
		<bndbox>
			<xmin>1766</xmin>
			<ymin>718</ymin>
			<xmax>2043</xmax>
			<ymax>1027</ymax>
		</bndbox>
	</object>
	<object>
		<name>ref_fork</name>
		<bndbox>
			<xmin>2174</xmin>
			<ymin>722</ymin>
			<xmax>2373</xmax>
			<ymax>1073</ymax>
		</bndbox>
	</object>
	<object>
		<name>ref_coin</name>
		<bndbox>
			<xmin>1490</xmin>
			<ymin>1566</ymin>
			<xmax>1717</xmax>
			<ymax>1747</ymax>
		</bndbox>
	</object>
	<object>
		<name>dish</name>
		<bndbox>
			<xmin>284</xmin>
			<ymin>420</ymin>
			<xmax>1635</xmax>
			<ymax>1477</ymax>
		</bndbox>
	</object>
	<object>
		<name>감자탕</name>
		<bndbox>
			<xmin>433</xmin>
			<ymin>658</ymin>
			<xmax>1504</xmax>
			<ymax>1151</ymax>
		</bndbox>
	</object>
</annotation>