<annotation>
	<folder>side건더기국류원형배달감자탕q5</folder>
	<filename>side_건더기국류_원형배달_감자탕_Q5_00007.JPG</filename>
	<path>/side건더기국류원형배달감자탕q5/side_건더기국류_원형배달_감자탕_Q5_00007.JPG</path>
	<source>
		<database>fooddata</database>
	</source>
	<size>
		<width>3008</width>
		<height>2000</height>
		<depth>3</depth>
	</size>
	<object>
		<name>ref_spoon</name>
		<bndbox>
			<xmin>2103</xmin>
			<ymin>714</ymin>
			<xmax>2384</xmax>
			<ymax>1044</ymax>
		</bndbox>
	</object>
	<object>
		<name>ref_fork</name>
		<bndbox>
			<xmin>2529</xmin>
			<ymin>736</ymin>
			<xmax>2756</xmax>
			<ymax>1098</ymax>
		</bndbox>
	</object>
	<object>
		<name>ref_coin</name>
		<bndbox>
			<xmin>138</xmin>
			<ymin>906</ymin>
			<xmax>351</xmax>
			<ymax>1069</ymax>
		</bndbox>
	</object>
	<object>
		<name>dish</name>
		<bndbox>
			<xmin>653</xmin>
			<ymin>502</ymin>
			<xmax>2079</xmax>
			<ymax>1644</ymax>
		</bndbox>
	</object>
	<object>
		<name>감자탕</name>
		<bndbox>
			<xmin>780</xmin>
			<ymin>746</ymin>
			<xmax>1926</xmax>
			<ymax>1296</ymax>
		</bndbox>
	</object>
</annotation>