<annotation>
	<folder>side건더기국류원형배달감자탕q5</folder>
	<filename>side_건더기국류_원형배달_감자탕_Q5_00051.JPG</filename>
	<path>/side건더기국류원형배달감자탕q5/side_건더기국류_원형배달_감자탕_Q5_00051.JPG</path>
	<source>
		<database>fooddata</database>
	</source>
	<size>
		<width>3008</width>
		<height>2000</height>
		<depth>3</depth>
	</size>
	<object>
		<name>ref_spoon</name>
		<bndbox>
			<xmin>291</xmin>
			<ymin>828</ymin>
			<xmax>592</xmax>
			<ymax>1183</ymax>
		</bndbox>
	</object>
	<object>
		<name>ref_fork</name>
		<bndbox>
			<xmin>642</xmin>
			<ymin>817</ymin>
			<xmax>851</xmax>
			<ymax>1215</ymax>
		</bndbox>
	</object>
	<object>
		<name>ref_coin</name>
		<bndbox>
			<xmin>1394</xmin>
			<ymin>1732</ymin>
			<xmax>1646</xmax>
			<ymax>1931</ymax>
		</bndbox>
	</object>
	<object>
		<name>dish</name>
		<bndbox>
			<xmin>1093</xmin>
			<ymin>346</ymin>
			<xmax>2533</xmax>
			<ymax>1534</ymax>
		</bndbox>
	</object>
	<object>
		<name>감자탕</name>
		<bndbox>
			<xmin>1224</xmin>
			<ymin>619</ymin>
			<xmax>2373</xmax>
			<ymax>1197</ymax>
		</bndbox>
	</object>
</annotation>