<annotation>
	<folder>side건더기국류원형배달감자탕q5</folder>
	<filename>side_건더기국류_원형배달_감자탕_Q5_00029.JPG</filename>
	<path>/side건더기국류원형배달감자탕q5/side_건더기국류_원형배달_감자탕_Q5_00029.JPG</path>
	<source>
		<database>fooddata</database>
	</source>
	<size>
		<width>3008</width>
		<height>2000</height>
		<depth>3</depth>
	</size>
	<object>
		<name>ref_spoon</name>
		<bndbox>
			<xmin>468</xmin>
			<ymin>1481</ymin>
			<xmax>887</xmax>
			<ymax>1736</ymax>
		</bndbox>
	</object>
	<object>
		<name>ref_fork</name>
		<bndbox>
			<xmin>582</xmin>
			<ymin>1261</ymin>
			<xmax>1022</xmax>
			<ymax>1495</ymax>
		</bndbox>
	</object>
	<object>
		<name>ref_coin</name>
		<bndbox>
			<xmin>177</xmin>
			<ymin>782</ymin>
			<xmax>383</xmax>
			<ymax>934</ymax>
		</bndbox>
	</object>
	<object>
		<name>dish</name>
		<bndbox>
			<xmin>802</xmin>
			<ymin>211</ymin>
			<xmax>2114</xmax>
			<ymax>1261</ymax>
		</bndbox>
	</object>
	<object>
		<name>감자탕</name>
		<bndbox>
			<xmin>922</xmin>
			<ymin>431</ymin>
			<xmax>1979</xmax>
			<ymax>934</ymax>
		</bndbox>
	</object>
</annotation>