<annotation>
	<folder>side건더기국류원형배달감자탕q5</folder>
	<filename>side_건더기국류_원형배달_감자탕_Q5_00055.JPG</filename>
	<path>/side건더기국류원형배달감자탕q5/side_건더기국류_원형배달_감자탕_Q5_00055.JPG</path>
	<source>
		<database>fooddata</database>
	</source>
	<size>
		<width>3008</width>
		<height>2000</height>
		<depth>3</depth>
	</size>
	<object>
		<name>ref_spoon</name>
		<bndbox>
			<xmin>245</xmin>
			<ymin>885</ymin>
			<xmax>550</xmax>
			<ymax>1218</ymax>
		</bndbox>
	</object>
	<object>
		<name>ref_fork</name>
		<bndbox>
			<xmin>589</xmin>
			<ymin>874</ymin>
			<xmax>798</xmax>
			<ymax>1254</ymax>
		</bndbox>
	</object>
	<object>
		<name>ref_coin</name>
		<bndbox>
			<xmin>2391</xmin>
			<ymin>1573</ymin>
			<xmax>2625</xmax>
			<ymax>1761</ymax>
		</bndbox>
	</object>
	<object>
		<name>dish</name>
		<bndbox>
			<xmin>979</xmin>
			<ymin>363</ymin>
			<xmax>2384</xmax>
			<ymax>1537</ymax>
		</bndbox>
	</object>
	<object>
		<name>감자탕</name>
		<bndbox>
			<xmin>1103</xmin>
			<ymin>597</ymin>
			<xmax>2231</xmax>
			<ymax>1215</ymax>
		</bndbox>
	</object>
</annotation>