<annotation>
	<folder>side건더기국류원형배달감자탕q5-재작업</folder>
	<filename>side_건더기국류_원형배달_감자탕_Q5_00031.JPG</filename>
	<path>/side건더기국류원형배달감자탕q5/side_건더기국류_원형배달_감자탕_Q5_00031.JPG</path>
	<source>
		<database>fooddata</database>
	</source>
	<size>
		<width>3008</width>
		<height>2000</height>
		<depth>3</depth>
	</size>
	<object>
		<name>ref_spoon</name>
		<bndbox>
			<xmin>529</xmin>
			<ymin>1511</ymin>
			<xmax>932</xmax>
			<ymax>1735</ymax>
		</bndbox>
	</object>
	<object>
		<name>ref_fork</name>
		<bndbox>
			<xmin>629</xmin>
			<ymin>1295</ymin>
			<xmax>1089</xmax>
			<ymax>1499</ymax>
		</bndbox>
	</object>
	<object>
		<name>ref_coin</name>
		<bndbox>
			<xmin>111</xmin>
			<ymin>1233</ymin>
			<xmax>310</xmax>
			<ymax>1371</ymax>
		</bndbox>
	</object>
	<object>
		<name>dish</name>
		<bndbox>
			<xmin>823</xmin>
			<ymin>238</ymin>
			<xmax>2212</xmax>
			<ymax>1256</ymax>
		</bndbox>
	</object>
	<object>
		<name>감자탕</name>
		<bndbox>
			<xmin>954</xmin>
			<ymin>455</ymin>
			<xmax>1981</xmax>
			<ymax>926</ymax>
		</bndbox>
	</object>
</annotation>