<annotation>
	<folder>top건더기국류원형배달감자탕q5</folder>
	<filename>top_건더기국류_원형배달_감자탕_Q5_00031.JPG</filename>
	<path>/top건더기국류원형배달감자탕q5/top_건더기국류_원형배달_감자탕_Q5_00031.JPG</path>
	<source>
		<database>fooddata</database>
	</source>
	<size>
		<width>3008</width>
		<height>2000</height>
		<depth>3</depth>
	</size>
	<object>
		<name>ref_spoon</name>
		<bndbox>
			<xmin>952</xmin>
			<ymin>1611</ymin>
			<xmax>1261</xmax>
			<ymax>1823</ymax>
		</bndbox>
	</object>
	<object>
		<name>ref_fork</name>
		<bndbox>
			<xmin>980</xmin>
			<ymin>1415</ymin>
			<xmax>1316</xmax>
			<ymax>1564</ymax>
		</bndbox>
	</object>
	<object>
		<name>ref_coin</name>
		<bndbox>
			<xmin>2089</xmin>
			<ymin>949</ymin>
			<xmax>2218</xmax>
			<ymax>1081</ymax>
		</bndbox>
	</object>
	<object>
		<name>dish</name>
		<bndbox>
			<xmin>941</xmin>
			<ymin>127</ymin>
			<xmax>2045</xmax>
			<ymax>1211</ymax>
		</bndbox>
	</object>
	<object>
		<name>감자탕</name>
		<bndbox>
			<xmin>1060</xmin>
			<ymin>281</ymin>
			<xmax>1921</xmax>
			<ymax>1139</ymax>
		</bndbox>
	</object>
</annotation>