<annotation>
	<folder>top건더기국류원형배달감자탕q5</folder>
	<filename>top_건더기국류_원형배달_감자탕_Q5_00051.JPG</filename>
	<path>/top건더기국류원형배달감자탕q5/top_건더기국류_원형배달_감자탕_Q5_00051.JPG</path>
	<source>
		<database>fooddata</database>
	</source>
	<size>
		<width>3008</width>
		<height>2000</height>
		<depth>3</depth>
	</size>
	<object>
		<name>ref_spoon</name>
		<bndbox>
			<xmin>370</xmin>
			<ymin>199</ymin>
			<xmax>641</xmax>
			<ymax>601</ymax>
		</bndbox>
	</object>
	<object>
		<name>ref_fork</name>
		<bndbox>
			<xmin>748</xmin>
			<ymin>232</ymin>
			<xmax>930</xmax>
			<ymax>681</ymax>
		</bndbox>
	</object>
	<object>
		<name>ref_coin</name>
		<bndbox>
			<xmin>2425</xmin>
			<ymin>177</ymin>
			<xmax>2605</xmax>
			<ymax>353</ymax>
		</bndbox>
	</object>
	<object>
		<name>dish</name>
		<bndbox>
			<xmin>1035</xmin>
			<ymin>135</ymin>
			<xmax>2569</xmax>
			<ymax>1688</ymax>
		</bndbox>
	</object>
	<object>
		<name>감자탕</name>
		<bndbox>
			<xmin>1178</xmin>
			<ymin>328</ymin>
			<xmax>2378</xmax>
			<ymax>1520</ymax>
		</bndbox>
	</object>
</annotation>