<annotation>
	<folder>top건더기국류원형배달감자탕q5</folder>
	<filename>top_건더기국류_원형배달_감자탕_Q5_00047.JPG</filename>
	<path>/top건더기국류원형배달감자탕q5/top_건더기국류_원형배달_감자탕_Q5_00047.JPG</path>
	<source>
		<database>fooddata</database>
	</source>
	<size>
		<width>3008</width>
		<height>2000</height>
		<depth>3</depth>
	</size>
	<object>
		<name>ref_spoon</name>
		<bndbox>
			<xmin>486</xmin>
			<ymin>160</ymin>
			<xmax>762</xmax>
			<ymax>568</ymax>
		</bndbox>
	</object>
	<object>
		<name>ref_fork</name>
		<bndbox>
			<xmin>872</xmin>
			<ymin>193</ymin>
			<xmax>1046</xmax>
			<ymax>646</ymax>
		</bndbox>
	</object>
	<object>
		<name>ref_coin</name>
		<bndbox>
			<xmin>2282</xmin>
			<ymin>1727</ymin>
			<xmax>2472</xmax>
			<ymax>1923</ymax>
		</bndbox>
	</object>
	<object>
		<name>dish</name>
		<bndbox>
			<xmin>1071</xmin>
			<ymin>119</ymin>
			<xmax>2663</xmax>
			<ymax>1727</ymax>
		</bndbox>
	</object>
	<object>
		<name>감자탕</name>
		<bndbox>
			<xmin>1239</xmin>
			<ymin>309</ymin>
			<xmax>2450</xmax>
			<ymax>1537</ymax>
		</bndbox>
	</object>
</annotation>