<annotation>
	<folder>top건더기국류원형배달감자탕q5</folder>
	<filename>top_건더기국류_원형배달_감자탕_Q5_00046.JPG</filename>
	<path>/top건더기국류원형배달감자탕q5/top_건더기국류_원형배달_감자탕_Q5_00046.JPG</path>
	<source>
		<database>fooddata</database>
	</source>
	<size>
		<width>3008</width>
		<height>2000</height>
		<depth>3</depth>
	</size>
	<object>
		<name>ref_spoon</name>
		<bndbox>
			<xmin>183</xmin>
			<ymin>177</ymin>
			<xmax>478</xmax>
			<ymax>615</ymax>
		</bndbox>
	</object>
	<object>
		<name>ref_fork</name>
		<bndbox>
			<xmin>594</xmin>
			<ymin>218</ymin>
			<xmax>781</xmax>
			<ymax>692</ymax>
		</bndbox>
	</object>
	<object>
		<name>ref_coin</name>
		<bndbox>
			<xmin>2398</xmin>
			<ymin>1636</ymin>
			<xmax>2594</xmax>
			<ymax>1840</ymax>
		</bndbox>
	</object>
	<object>
		<name>dish</name>
		<bndbox>
			<xmin>878</xmin>
			<ymin>130</ymin>
			<xmax>2522</xmax>
			<ymax>1807</ymax>
		</bndbox>
	</object>
	<object>
		<name>감자탕</name>
		<bndbox>
			<xmin>1054</xmin>
			<ymin>334</ymin>
			<xmax>2307</xmax>
			<ymax>1619</ymax>
		</bndbox>
	</object>
</annotation>