<annotation>
	<folder>top건더기국류원형배달감자탕q5</folder>
	<filename>top_건더기국류_원형배달_감자탕_Q5_00022.JPG</filename>
	<path>/top건더기국류원형배달감자탕q5/top_건더기국류_원형배달_감자탕_Q5_00022.JPG</path>
	<source>
		<database>fooddata</database>
	</source>
	<size>
		<width>3008</width>
		<height>2000</height>
		<depth>3</depth>
	</size>
	<object>
		<name>ref_spoon</name>
		<bndbox>
			<xmin>790</xmin>
			<ymin>1589</ymin>
			<xmax>1137</xmax>
			<ymax>1815</ymax>
		</bndbox>
	</object>
	<object>
		<name>ref_fork</name>
		<bndbox>
			<xmin>809</xmin>
			<ymin>1363</ymin>
			<xmax>1184</xmax>
			<ymax>1528</ymax>
		</bndbox>
	</object>
	<object>
		<name>ref_coin</name>
		<bndbox>
			<xmin>1871</xmin>
			<ymin>80</ymin>
			<xmax>2009</xmax>
			<ymax>221</ymax>
		</bndbox>
	</object>
	<object>
		<name>dish</name>
		<bndbox>
			<xmin>864</xmin>
			<ymin>39</ymin>
			<xmax>2067</xmax>
			<ymax>1214</ymax>
		</bndbox>
	</object>
	<object>
		<name>감자탕</name>
		<bndbox>
			<xmin>994</xmin>
			<ymin>212</ymin>
			<xmax>1929</xmax>
			<ymax>1134</ymax>
		</bndbox>
	</object>
</annotation>