<annotation>
	<folder>side볶음밥류사각배달새우볶음밥q1</folder>
	<filename>side_볶음밥류_사각배달_새우볶음밥_Q1_00019.JPG</filename>
	<path>/side볶음밥류사각배달새우볶음밥q1/side_볶음밥류_사각배달_새우볶음밥_Q1_00019.JPG</path>
	<source>
		<database>fooddata</database>
	</source>
	<size>
		<width>3008</width>
		<height>2000</height>
		<depth>3</depth>
	</size>
	<object>
		<name>ref_spoon</name>
		<bndbox>
			<xmin>514</xmin>
			<ymin>1635</ymin>
			<xmax>1016</xmax>
			<ymax>1870</ymax>
		</bndbox>
	</object>
	<object>
		<name>ref_fork</name>
		<bndbox>
			<xmin>579</xmin>
			<ymin>1406</ymin>
			<xmax>1098</xmax>
			<ymax>1604</ymax>
		</bndbox>
	</object>
	<object>
		<name>ref_coin</name>
		<bndbox>
			<xmin>1002</xmin>
			<ymin>160</ymin>
			<xmax>1166</xmax>
			<ymax>263</ymax>
		</bndbox>
	</object>
	<object>
		<name>dish</name>
		<bndbox>
			<xmin>620</xmin>
			<ymin>410</ymin>
			<xmax>2033</xmax>
			<ymax>1253</ymax>
		</bndbox>
	</object>
	<object>
		<name>새우볶음밥</name>
		<bndbox>
			<xmin>883</xmin>
			<ymin>560</ymin>
			<xmax>1917</xmax>
			<ymax>990</ymax>
		</bndbox>
	</object>
</annotation>