<annotation>
	<folder>side볶음밥류사각배달새우볶음밥q1</folder>
	<filename>side_볶음밥류_사각배달_새우볶음밥_Q1_00005.JPG</filename>
	<path>/side볶음밥류사각배달새우볶음밥q1/side_볶음밥류_사각배달_새우볶음밥_Q1_00005.JPG</path>
	<source>
		<database>fooddata</database>
	</source>
	<size>
		<width>3008</width>
		<height>2000</height>
		<depth>3</depth>
	</size>
	<object>
		<name>ref_spoon</name>
		<bndbox>
			<xmin>1890</xmin>
			<ymin>321</ymin>
			<xmax>2149</xmax>
			<ymax>706</ymax>
		</bndbox>
	</object>
	<object>
		<name>ref_fork</name>
		<bndbox>
			<xmin>2265</xmin>
			<ymin>338</ymin>
			<xmax>2453</xmax>
			<ymax>782</ymax>
		</bndbox>
	</object>
	<object>
		<name>ref_coin</name>
		<bndbox>
			<xmin>1661</xmin>
			<ymin>1369</ymin>
			<xmax>1876</xmax>
			<ymax>1532</ymax>
		</bndbox>
	</object>
	<object>
		<name>dish</name>
		<bndbox>
			<xmin>193</xmin>
			<ymin>229</ymin>
			<xmax>1757</xmax>
			<ymax>1205</ymax>
		</bndbox>
	</object>
	<object>
		<name>새우볶음밥</name>
		<bndbox>
			<xmin>995</xmin>
			<ymin>505</ymin>
			<xmax>1647</xmax>
			<ymax>945</ymax>
		</bndbox>
	</object>
</annotation>