<annotation>
	<folder>side볶음밥류사각배달새우볶음밥q1</folder>
	<filename>side_볶음밥류_사각배달_새우볶음밥_Q1_00037.JPG</filename>
	<path>/side볶음밥류사각배달새우볶음밥q1/side_볶음밥류_사각배달_새우볶음밥_Q1_00037.JPG</path>
	<source>
		<database>fooddata</database>
	</source>
	<size>
		<width>3008</width>
		<height>2000</height>
		<depth>3</depth>
	</size>
	<object>
		<name>ref_spoon</name>
		<bndbox>
			<xmin>255</xmin>
			<ymin>522</ymin>
			<xmax>528</xmax>
			<ymax>939</ymax>
		</bndbox>
	</object>
	<object>
		<name>ref_fork</name>
		<bndbox>
			<xmin>668</xmin>
			<ymin>587</ymin>
			<xmax>862</xmax>
			<ymax>1041</ymax>
		</bndbox>
	</object>
	<object>
		<name>ref_coin</name>
		<bndbox>
			<xmin>2559</xmin>
			<ymin>1010</ymin>
			<xmax>2770</xmax>
			<ymax>1150</ymax>
		</bndbox>
	</object>
	<object>
		<name>dish</name>
		<bndbox>
			<xmin>1112</xmin>
			<ymin>287</ymin>
			<xmax>2289</xmax>
			<ymax>1505</ymax>
		</bndbox>
	</object>
	<object>
		<name>새우볶음밥</name>
		<bndbox>
			<xmin>1234</xmin>
			<ymin>522</ymin>
			<xmax>2091</xmax>
			<ymax>1222</ymax>
		</bndbox>
	</object>
</annotation>