<annotation>
	<folder>side볶음밥류사각배달새우볶음밥q1</folder>
	<filename>side_볶음밥류_사각배달_새우볶음밥_Q1_00009.JPG</filename>
	<path>/side볶음밥류사각배달새우볶음밥q1/side_볶음밥류_사각배달_새우볶음밥_Q1_00009.JPG</path>
	<source>
		<database>fooddata</database>
	</source>
	<size>
		<width>3008</width>
		<height>2000</height>
		<depth>3</depth>
	</size>
	<object>
		<name>ref_spoon</name>
		<bndbox>
			<xmin>1975</xmin>
			<ymin>369</ymin>
			<xmax>2262</xmax>
			<ymax>795</ymax>
		</bndbox>
	</object>
	<object>
		<name>ref_fork</name>
		<bndbox>
			<xmin>2378</xmin>
			<ymin>369</ymin>
			<xmax>2582</xmax>
			<ymax>819</ymax>
		</bndbox>
	</object>
	<object>
		<name>ref_coin</name>
		<bndbox>
			<xmin>1746</xmin>
			<ymin>1014</ymin>
			<xmax>1955</xmax>
			<ymax>1167</ymax>
		</bndbox>
	</object>
	<object>
		<name>dish</name>
		<bndbox>
			<xmin>251</xmin>
			<ymin>300</ymin>
			<xmax>1770</xmax>
			<ymax>1631</ymax>
		</bndbox>
	</object>
	<object>
		<name>새우볶음밥</name>
		<bndbox>
			<xmin>494</xmin>
			<ymin>1055</ymin>
			<xmax>1251</xmax>
			<ymax>1369</ymax>
		</bndbox>
	</object>
</annotation>