<annotation>
	<folder>side볶음밥류사각배달새우볶음밥q1</folder>
	<filename>side_볶음밥류_사각배달_새우볶음밥_Q1_00004.JPG</filename>
	<path>/side볶음밥류사각배달새우볶음밥q1/side_볶음밥류_사각배달_새우볶음밥_Q1_00004.JPG</path>
	<source>
		<database>fooddata</database>
	</source>
	<size>
		<width>3008</width>
		<height>2000</height>
		<depth>3</depth>
	</size>
	<object>
		<name>ref_spoon</name>
		<bndbox>
			<xmin>1914</xmin>
			<ymin>345</ymin>
			<xmax>2180</xmax>
			<ymax>765</ymax>
		</bndbox>
	</object>
	<object>
		<name>ref_fork</name>
		<bndbox>
			<xmin>2296</xmin>
			<ymin>362</ymin>
			<xmax>2480</xmax>
			<ymax>829</ymax>
		</bndbox>
	</object>
	<object>
		<name>ref_coin</name>
		<bndbox>
			<xmin>1443</xmin>
			<ymin>1491</ymin>
			<xmax>1668</xmax>
			<ymax>1659</ymax>
		</bndbox>
	</object>
	<object>
		<name>dish</name>
		<bndbox>
			<xmin>289</xmin>
			<ymin>283</ymin>
			<xmax>1873</xmax>
			<ymax>1290</ymax>
		</bndbox>
	</object>
	<object>
		<name>새우볶음밥</name>
		<bndbox>
			<xmin>961</xmin>
			<ymin>454</ymin>
			<xmax>1716</xmax>
			<ymax>962</ymax>
		</bndbox>
	</object>
</annotation>