<annotation>
	<folder>side볶음밥류사각배달새우볶음밥q1</folder>
	<filename>side_볶음밥류_사각배달_새우볶음밥_Q1_00014.JPG</filename>
	<path>/side볶음밥류사각배달새우볶음밥q1/side_볶음밥류_사각배달_새우볶음밥_Q1_00014.JPG</path>
	<source>
		<database>fooddata</database>
	</source>
	<size>
		<width>3008</width>
		<height>2000</height>
		<depth>3</depth>
	</size>
	<object>
		<name>ref_spoon</name>
		<bndbox>
			<xmin>436</xmin>
			<ymin>1645</ymin>
			<xmax>978</xmax>
			<ymax>1898</ymax>
		</bndbox>
	</object>
	<object>
		<name>ref_fork</name>
		<bndbox>
			<xmin>507</xmin>
			<ymin>1396</ymin>
			<xmax>1098</xmax>
			<ymax>1628</ymax>
		</bndbox>
	</object>
	<object>
		<name>ref_coin</name>
		<bndbox>
			<xmin>2013</xmin>
			<ymin>727</ymin>
			<xmax>2204</xmax>
			<ymax>867</ymax>
		</bndbox>
	</object>
	<object>
		<name>dish</name>
		<bndbox>
			<xmin>528</xmin>
			<ymin>96</ymin>
			<xmax>1859</xmax>
			<ymax>1304</ymax>
		</bndbox>
	</object>
	<object>
		<name>새우볶음밥</name>
		<bndbox>
			<xmin>658</xmin>
			<ymin>328</ymin>
			<xmax>1576</xmax>
			<ymax>1038</ymax>
		</bndbox>
	</object>
</annotation>