<annotation>
	<folder>side볶음밥류사각배달새우볶음밥q1</folder>
	<filename>side_볶음밥류_사각배달_새우볶음밥_Q1_00040.JPG</filename>
	<path>/side볶음밥류사각배달새우볶음밥q1/side_볶음밥류_사각배달_새우볶음밥_Q1_00040.JPG</path>
	<source>
		<database>fooddata</database>
	</source>
	<size>
		<width>3008</width>
		<height>2000</height>
		<depth>3</depth>
	</size>
	<object>
		<name>ref_spoon</name>
		<bndbox>
			<xmin>221</xmin>
			<ymin>529</ymin>
			<xmax>501</xmax>
			<ymax>939</ymax>
		</bndbox>
	</object>
	<object>
		<name>ref_fork</name>
		<bndbox>
			<xmin>644</xmin>
			<ymin>590</ymin>
			<xmax>835</xmax>
			<ymax>1044</ymax>
		</bndbox>
	</object>
	<object>
		<name>ref_coin</name>
		<bndbox>
			<xmin>2265</xmin>
			<ymin>1543</ymin>
			<xmax>2473</xmax>
			<ymax>1713</ymax>
		</bndbox>
	</object>
	<object>
		<name>dish</name>
		<bndbox>
			<xmin>1033</xmin>
			<ymin>232</ymin>
			<xmax>2210</xmax>
			<ymax>1451</ymax>
		</bndbox>
	</object>
	<object>
		<name>새우볶음밥</name>
		<bndbox>
			<xmin>1139</xmin>
			<ymin>549</ymin>
			<xmax>2019</xmax>
			<ymax>1154</ymax>
		</bndbox>
	</object>
</annotation>