<annotation>
	<folder>top볶음밥류사각배달새우볶음밥q1</folder>
	<filename>top_볶음밥류_사각배달_새우볶음밥_Q1_00048.JPG</filename>
	<path>/top볶음밥류사각배달새우볶음밥q1/top_볶음밥류_사각배달_새우볶음밥_Q1_00048.JPG</path>
	<source>
		<database>fooddata</database>
	</source>
	<size>
		<width>3008</width>
		<height>2000</height>
		<depth>3</depth>
	</size>
	<object>
		<name>ref_spoon</name>
		<bndbox>
			<xmin>415</xmin>
			<ymin>372</ymin>
			<xmax>653</xmax>
			<ymax>792</ymax>
		</bndbox>
	</object>
	<object>
		<name>ref_fork</name>
		<bndbox>
			<xmin>771</xmin>
			<ymin>469</ymin>
			<xmax>936</xmax>
			<ymax>910</ymax>
		</bndbox>
	</object>
	<object>
		<name>ref_coin</name>
		<bndbox>
			<xmin>824</xmin>
			<ymin>47</ymin>
			<xmax>988</xmax>
			<ymax>205</ymax>
		</bndbox>
	</object>
	<object>
		<name>dish</name>
		<bndbox>
			<xmin>937</xmin>
			<ymin>500</ymin>
			<xmax>1896</xmax>
			<ymax>1763</ymax>
		</bndbox>
	</object>
	<object>
		<name>새우볶음밥</name>
		<bndbox>
			<xmin>1030</xmin>
			<ymin>680</ymin>
			<xmax>1716</xmax>
			<ymax>1689</ymax>
		</bndbox>
	</object>
</annotation>