<annotation>
	<folder>top볶음밥류사각배달새우볶음밥q1</folder>
	<filename>top_볶음밥류_사각배달_새우볶음밥_Q1_00004.JPG</filename>
	<path>/top볶음밥류사각배달새우볶음밥q1/top_볶음밥류_사각배달_새우볶음밥_Q1_00004.JPG</path>
	<source>
		<database>fooddata</database>
	</source>
	<size>
		<width>3008</width>
		<height>2000</height>
		<depth>3</depth>
	</size>
	<object>
		<name>ref_spoon</name>
		<bndbox>
			<xmin>1839</xmin>
			<ymin>271</ymin>
			<xmax>2086</xmax>
			<ymax>714</ymax>
		</bndbox>
	</object>
	<object>
		<name>ref_fork</name>
		<bndbox>
			<xmin>2187</xmin>
			<ymin>399</ymin>
			<xmax>2353</xmax>
			<ymax>867</ymax>
		</bndbox>
	</object>
	<object>
		<name>ref_coin</name>
		<bndbox>
			<xmin>385</xmin>
			<ymin>1339</ymin>
			<xmax>572</xmax>
			<ymax>1524</ymax>
		</bndbox>
	</object>
	<object>
		<name>dish</name>
		<bndbox>
			<xmin>550</xmin>
			<ymin>187</ymin>
			<xmax>1832</xmax>
			<ymax>1636</ymax>
		</bndbox>
	</object>
	<object>
		<name>새우볶음밥</name>
		<bndbox>
			<xmin>656</xmin>
			<ymin>365</ymin>
			<xmax>1410</xmax>
			<ymax>1103</ymax>
		</bndbox>
	</object>
</annotation>