<annotation>
	<folder>top볶음밥류사각배달새우볶음밥q1</folder>
	<filename>top_볶음밥류_사각배달_새우볶음밥_Q1_00023.JPG</filename>
	<path>/top볶음밥류사각배달새우볶음밥q1/top_볶음밥류_사각배달_새우볶음밥_Q1_00023.JPG</path>
	<source>
		<database>fooddata</database>
	</source>
	<size>
		<width>3008</width>
		<height>2000</height>
		<depth>3</depth>
	</size>
	<object>
		<name>ref_spoon</name>
		<bndbox>
			<xmin>658</xmin>
			<ymin>378</ymin>
			<xmax>880</xmax>
			<ymax>775</ymax>
		</bndbox>
	</object>
	<object>
		<name>ref_fork</name>
		<bndbox>
			<xmin>956</xmin>
			<ymin>415</ymin>
			<xmax>1103</xmax>
			<ymax>846</ymax>
		</bndbox>
	</object>
	<object>
		<name>ref_coin</name>
		<bndbox>
			<xmin>1243</xmin>
			<ymin>1644</ymin>
			<xmax>1402</xmax>
			<ymax>1806</ymax>
		</bndbox>
	</object>
	<object>
		<name>dish</name>
		<bndbox>
			<xmin>1149</xmin>
			<ymin>403</ymin>
			<xmax>2053</xmax>
			<ymax>1611</ymax>
		</bndbox>
	</object>
	<object>
		<name>새우볶음밥</name>
		<bndbox>
			<xmin>1290</xmin>
			<ymin>532</ymin>
			<xmax>1950</xmax>
			<ymax>1232</ymax>
		</bndbox>
	</object>
</annotation>