<annotation>
	<folder>top볶음밥류사각배달새우볶음밥q1</folder>
	<filename>top_볶음밥류_사각배달_새우볶음밥_Q1_00005.JPG</filename>
	<path>/top볶음밥류사각배달새우볶음밥q1/top_볶음밥류_사각배달_새우볶음밥_Q1_00005.JPG</path>
	<source>
		<database>fooddata</database>
	</source>
	<size>
		<width>3008</width>
		<height>2000</height>
		<depth>3</depth>
	</size>
	<object>
		<name>ref_spoon</name>
		<bndbox>
			<xmin>1958</xmin>
			<ymin>236</ymin>
			<xmax>2206</xmax>
			<ymax>693</ymax>
		</bndbox>
	</object>
	<object>
		<name>ref_fork</name>
		<bndbox>
			<xmin>2307</xmin>
			<ymin>363</ymin>
			<xmax>2472</xmax>
			<ymax>856</ymax>
		</bndbox>
	</object>
	<object>
		<name>ref_coin</name>
		<bndbox>
			<xmin>388</xmin>
			<ymin>1038</ymin>
			<xmax>571</xmax>
			<ymax>1222</ymax>
		</bndbox>
	</object>
	<object>
		<name>dish</name>
		<bndbox>
			<xmin>735</xmin>
			<ymin>280</ymin>
			<xmax>1785</xmax>
			<ymax>1668</ymax>
		</bndbox>
	</object>
	<object>
		<name>새우볶음밥</name>
		<bndbox>
			<xmin>877</xmin>
			<ymin>442</ymin>
			<xmax>1647</xmax>
			<ymax>1067</ymax>
		</bndbox>
	</object>
</annotation>