<annotation>
	<folder>top볶음밥류사각배달새우볶음밥q1</folder>
	<filename>top_볶음밥류_사각배달_새우볶음밥_Q1_00041.JPG</filename>
	<path>/top볶음밥류사각배달새우볶음밥q1/top_볶음밥류_사각배달_새우볶음밥_Q1_00041.JPG</path>
	<source>
		<database>fooddata</database>
	</source>
	<size>
		<width>3008</width>
		<height>2000</height>
		<depth>3</depth>
	</size>
	<object>
		<name>ref_spoon</name>
		<bndbox>
			<xmin>508</xmin>
			<ymin>198</ymin>
			<xmax>729</xmax>
			<ymax>622</ymax>
		</bndbox>
	</object>
	<object>
		<name>ref_fork</name>
		<bndbox>
			<xmin>853</xmin>
			<ymin>277</ymin>
			<xmax>1001</xmax>
			<ymax>700</ymax>
		</bndbox>
	</object>
	<object>
		<name>ref_coin</name>
		<bndbox>
			<xmin>1485</xmin>
			<ymin>1653</ymin>
			<xmax>1645</xmax>
			<ymax>1819</ymax>
		</bndbox>
	</object>
	<object>
		<name>dish</name>
		<bndbox>
			<xmin>1067</xmin>
			<ymin>276</ymin>
			<xmax>1953</xmax>
			<ymax>1459</ymax>
		</bndbox>
	</object>
	<object>
		<name>새우볶음밥</name>
		<bndbox>
			<xmin>1179</xmin>
			<ymin>412</ymin>
			<xmax>1834</xmax>
			<ymax>1363</ymax>
		</bndbox>
	</object>
</annotation>