<annotation>
	<folder>side생선조림사각배달꽁치조림q2</folder>
	<filename>side_생선조림_사각배달_꽁치조림_Q2_00005.JPG</filename>
	<path>/side생선조림사각배달꽁치조림q2/side_생선조림_사각배달_꽁치조림_Q2_00005.JPG</path>
	<source>
		<database>fooddata</database>
	</source>
	<size>
		<width>3008</width>
		<height>2000</height>
		<depth>3</depth>
	</size>
	<object>
		<name>ref_spoon</name>
		<bndbox>
			<xmin>1992</xmin>
			<ymin>632</ymin>
			<xmax>2236</xmax>
			<ymax>951</ymax>
		</bndbox>
	</object>
	<object>
		<name>ref_fork</name>
		<bndbox>
			<xmin>2365</xmin>
			<ymin>645</ymin>
			<xmax>2533</xmax>
			<ymax>987</ymax>
		</bndbox>
	</object>
	<object>
		<name>ref_coin</name>
		<bndbox>
			<xmin>816</xmin>
			<ymin>1595</ymin>
			<xmax>1016</xmax>
			<ymax>1741</ymax>
		</bndbox>
	</object>
	<object>
		<name>dish</name>
		<bndbox>
			<xmin>368</xmin>
			<ymin>579</ymin>
			<xmax>1761</xmax>
			<ymax>1404</ymax>
		</bndbox>
	</object>
	<object>
		<name>꽁치조림</name>
		<bndbox>
			<xmin>852</xmin>
			<ymin>871</ymin>
			<xmax>1482</xmax>
			<ymax>1133</ymax>
		</bndbox>
	</object>
</annotation>