<annotation>
	<folder>side생선조림사각배달꽁치조림q2</folder>
	<filename>side_생선조림_사각배달_꽁치조림_Q2_00010.JPG</filename>
	<path>/side생선조림사각배달꽁치조림q2/side_생선조림_사각배달_꽁치조림_Q2_00010.JPG</path>
	<source>
		<database>fooddata</database>
	</source>
	<size>
		<width>3008</width>
		<height>2000</height>
		<depth>3</depth>
	</size>
	<object>
		<name>ref_spoon</name>
		<bndbox>
			<xmin>2099</xmin>
			<ymin>485</ymin>
			<xmax>2351</xmax>
			<ymax>791</ymax>
		</bndbox>
	</object>
	<object>
		<name>ref_fork</name>
		<bndbox>
			<xmin>2489</xmin>
			<ymin>485</ymin>
			<xmax>2658</xmax>
			<ymax>840</ymax>
		</bndbox>
	</object>
	<object>
		<name>ref_coin</name>
		<bndbox>
			<xmin>395</xmin>
			<ymin>654</ymin>
			<xmax>568</xmax>
			<ymax>769</ymax>
		</bndbox>
	</object>
	<object>
		<name>dish</name>
		<bndbox>
			<xmin>457</xmin>
			<ymin>441</ymin>
			<xmax>1886</xmax>
			<ymax>1577</ymax>
		</bndbox>
	</object>
	<object>
		<name>꽁치조림</name>
		<bndbox>
			<xmin>909</xmin>
			<ymin>1018</ymin>
			<xmax>1464</xmax>
			<ymax>1319</ymax>
		</bndbox>
	</object>
</annotation>