<annotation>
	<folder>side생선조림사각배달꽁치조림q2</folder>
	<filename>side_생선조림_사각배달_꽁치조림_Q2_00035.JPG</filename>
	<path>/side생선조림사각배달꽁치조림q2/side_생선조림_사각배달_꽁치조림_Q2_00035.JPG</path>
	<source>
		<database>fooddata</database>
	</source>
	<size>
		<width>3008</width>
		<height>2000</height>
		<depth>3</depth>
	</size>
	<object>
		<name>ref_spoon</name>
		<bndbox>
			<xmin>661</xmin>
			<ymin>485</ymin>
			<xmax>932</xmax>
			<ymax>827</ymax>
		</bndbox>
	</object>
	<object>
		<name>ref_fork</name>
		<bndbox>
			<xmin>1016</xmin>
			<ymin>516</ymin>
			<xmax>1202</xmax>
			<ymax>907</ymax>
		</bndbox>
	</object>
	<object>
		<name>ref_coin</name>
		<bndbox>
			<xmin>1792</xmin>
			<ymin>1572</ymin>
			<xmax>2023</xmax>
			<ymax>1732</ymax>
		</bndbox>
	</object>
	<object>
		<name>dish</name>
		<bndbox>
			<xmin>1335</xmin>
			<ymin>201</ymin>
			<xmax>2458</xmax>
			<ymax>1350</ymax>
		</bndbox>
	</object>
	<object>
		<name>꽁치조림</name>
		<bndbox>
			<xmin>1495</xmin>
			<ymin>570</ymin>
			<xmax>2076</xmax>
			<ymax>1044</ymax>
		</bndbox>
	</object>
</annotation>