<annotation>
	<folder>side생선조림사각배달꽁치조림q2</folder>
	<filename>side_생선조림_사각배달_꽁치조림_Q2_00032.JPG</filename>
	<path>/side생선조림사각배달꽁치조림q2/side_생선조림_사각배달_꽁치조림_Q2_00032.JPG</path>
	<source>
		<database>fooddata</database>
	</source>
	<size>
		<width>3008</width>
		<height>2000</height>
		<depth>3</depth>
	</size>
	<object>
		<name>ref_spoon</name>
		<bndbox>
			<xmin>470</xmin>
			<ymin>1568</ymin>
			<xmax>896</xmax>
			<ymax>1776</ymax>
		</bndbox>
	</object>
	<object>
		<name>ref_fork</name>
		<bndbox>
			<xmin>488</xmin>
			<ymin>1275</ymin>
			<xmax>936</xmax>
			<ymax>1479</ymax>
		</bndbox>
	</object>
	<object>
		<name>ref_coin</name>
		<bndbox>
			<xmin>2001</xmin>
			<ymin>996</ymin>
			<xmax>2183</xmax>
			<ymax>1138</ymax>
		</bndbox>
	</object>
	<object>
		<name>dish</name>
		<bndbox>
			<xmin>657</xmin>
			<ymin>170</ymin>
			<xmax>1615</xmax>
			<ymax>1142</ymax>
		</bndbox>
	</object>
	<object>
		<name>꽁치조림</name>
		<bndbox>
			<xmin>812</xmin>
			<ymin>583</ymin>
			<xmax>1358</xmax>
			<ymax>894</ymax>
		</bndbox>
	</object>
</annotation>