<annotation>
	<folder>side생선조림사각배달꽁치조림q2</folder>
	<filename>side_생선조림_사각배달_꽁치조림_Q2_00054.JPG</filename>
	<path>/side생선조림사각배달꽁치조림q2/side_생선조림_사각배달_꽁치조림_Q2_00054.JPG</path>
	<source>
		<database>fooddata</database>
	</source>
	<size>
		<width>3008</width>
		<height>2000</height>
		<depth>3</depth>
	</size>
	<object>
		<name>ref_spoon</name>
		<bndbox>
			<xmin>364</xmin>
			<ymin>552</ymin>
			<xmax>626</xmax>
			<ymax>889</ymax>
		</bndbox>
	</object>
	<object>
		<name>ref_fork</name>
		<bndbox>
			<xmin>714</xmin>
			<ymin>570</ymin>
			<xmax>901</xmax>
			<ymax>956</ymax>
		</bndbox>
	</object>
	<object>
		<name>ref_coin</name>
		<bndbox>
			<xmin>2644</xmin>
			<ymin>996</ymin>
			<xmax>2866</xmax>
			<ymax>1146</ymax>
		</bndbox>
	</object>
	<object>
		<name>dish</name>
		<bndbox>
			<xmin>958</xmin>
			<ymin>272</ymin>
			<xmax>2107</xmax>
			<ymax>1421</ymax>
		</bndbox>
	</object>
	<object>
		<name>꽁치조림</name>
		<bndbox>
			<xmin>1180</xmin>
			<ymin>565</ymin>
			<xmax>1925</xmax>
			<ymax>1129</ymax>
		</bndbox>
	</object>
</annotation>