<annotation>
	<folder>side생선조림사각배달꽁치조림q2</folder>
	<filename>side_생선조림_사각배달_꽁치조림_Q2_00022.JPG</filename>
	<path>/side생선조림사각배달꽁치조림q2/side_생선조림_사각배달_꽁치조림_Q2_00022.JPG</path>
	<source>
		<database>fooddata</database>
	</source>
	<size>
		<width>3008</width>
		<height>2000</height>
		<depth>3</depth>
	</size>
	<object>
		<name>ref_spoon</name>
		<bndbox>
			<xmin>537</xmin>
			<ymin>1550</ymin>
			<xmax>1003</xmax>
			<ymax>1776</ymax>
		</bndbox>
	</object>
	<object>
		<name>ref_fork</name>
		<bndbox>
			<xmin>568</xmin>
			<ymin>1240</ymin>
			<xmax>1065</xmax>
			<ymax>1453</ymax>
		</bndbox>
	</object>
	<object>
		<name>ref_coin</name>
		<bndbox>
			<xmin>1238</xmin>
			<ymin>113</ymin>
			<xmax>1402</xmax>
			<ymax>219</ymax>
		</bndbox>
	</object>
	<object>
		<name>dish</name>
		<bndbox>
			<xmin>657</xmin>
			<ymin>210</ymin>
			<xmax>2147</xmax>
			<ymax>1209</ymax>
		</bndbox>
	</object>
	<object>
		<name>꽁치조림</name>
		<bndbox>
			<xmin>1224</xmin>
			<ymin>565</ymin>
			<xmax>1766</xmax>
			<ymax>907</ymax>
		</bndbox>
	</object>
</annotation>