<annotation>
	<folder>side생선조림사각배달꽁치조림q2</folder>
	<filename>side_생선조림_사각배달_꽁치조림_Q2_00041.JPG</filename>
	<path>/side생선조림사각배달꽁치조림q2/side_생선조림_사각배달_꽁치조림_Q2_00041.JPG</path>
	<source>
		<database>fooddata</database>
	</source>
	<size>
		<width>3008</width>
		<height>2000</height>
		<depth>3</depth>
	</size>
	<object>
		<name>ref_spoon</name>
		<bndbox>
			<xmin>563</xmin>
			<ymin>410</ymin>
			<xmax>843</xmax>
			<ymax>765</ymax>
		</bndbox>
	</object>
	<object>
		<name>ref_fork</name>
		<bndbox>
			<xmin>936</xmin>
			<ymin>432</ymin>
			<xmax>1114</xmax>
			<ymax>823</ymax>
		</bndbox>
	</object>
	<object>
		<name>ref_coin</name>
		<bndbox>
			<xmin>2720</xmin>
			<ymin>632</ymin>
			<xmax>2924</xmax>
			<ymax>769</ymax>
		</bndbox>
	</object>
	<object>
		<name>dish</name>
		<bndbox>
			<xmin>1264</xmin>
			<ymin>139</ymin>
			<xmax>2391</xmax>
			<ymax>1297</ymax>
		</bndbox>
	</object>
	<object>
		<name>꽁치조림</name>
		<bndbox>
			<xmin>1508</xmin>
			<ymin>614</ymin>
			<xmax>2192</xmax>
			<ymax>1004</ymax>
		</bndbox>
	</object>
</annotation>