<annotation>
	<folder>top생선조림사각배달꽁치조림q2</folder>
	<filename>top_생선조림_사각배달_꽁치조림_Q2_00042.JPG</filename>
	<path>/top생선조림사각배달꽁치조림q2/top_생선조림_사각배달_꽁치조림_Q2_00042.JPG</path>
	<source>
		<database>fooddata</database>
	</source>
	<size>
		<width>3008</width>
		<height>2000</height>
		<depth>3</depth>
	</size>
	<object>
		<name>ref_spoon</name>
		<bndbox>
			<xmin>392</xmin>
			<ymin>552</ymin>
			<xmax>656</xmax>
			<ymax>934</ymax>
		</bndbox>
	</object>
	<object>
		<name>ref_fork</name>
		<bndbox>
			<xmin>738</xmin>
			<ymin>590</ymin>
			<xmax>911</xmax>
			<ymax>1002</ymax>
		</bndbox>
	</object>
	<object>
		<name>ref_coin</name>
		<bndbox>
			<xmin>1235</xmin>
			<ymin>93</ymin>
			<xmax>1406</xmax>
			<ymax>265</ymax>
		</bndbox>
	</object>
	<object>
		<name>dish</name>
		<bndbox>
			<xmin>995</xmin>
			<ymin>573</ymin>
			<xmax>1974</xmax>
			<ymax>1894</ymax>
		</bndbox>
	</object>
	<object>
		<name>꽁치조림</name>
		<bndbox>
			<xmin>1132</xmin>
			<ymin>875</ymin>
			<xmax>1867</xmax>
			<ymax>1759</ymax>
		</bndbox>
	</object>
</annotation>