<annotation>
	<folder>top생선조림사각배달꽁치조림q2</folder>
	<filename>top_생선조림_사각배달_꽁치조림_Q2_00047.JPG</filename>
	<path>/top생선조림사각배달꽁치조림q2/top_생선조림_사각배달_꽁치조림_Q2_00047.JPG</path>
	<source>
		<database>fooddata</database>
	</source>
	<size>
		<width>3008</width>
		<height>2000</height>
		<depth>3</depth>
	</size>
	<object>
		<name>ref_spoon</name>
		<bndbox>
			<xmin>324</xmin>
			<ymin>175</ymin>
			<xmax>593</xmax>
			<ymax>562</ymax>
		</bndbox>
	</object>
	<object>
		<name>ref_fork</name>
		<bndbox>
			<xmin>795</xmin>
			<ymin>247</ymin>
			<xmax>980</xmax>
			<ymax>655</ymax>
		</bndbox>
	</object>
	<object>
		<name>ref_coin</name>
		<bndbox>
			<xmin>1450</xmin>
			<ymin>1740</ymin>
			<xmax>1646</xmax>
			<ymax>1932</ymax>
		</bndbox>
	</object>
	<object>
		<name>dish</name>
		<bndbox>
			<xmin>1063</xmin>
			<ymin>179</ymin>
			<xmax>2086</xmax>
			<ymax>1551</ymax>
		</bndbox>
	</object>
	<object>
		<name>꽁치조림</name>
		<bndbox>
			<xmin>1190</xmin>
			<ymin>410</ymin>
			<xmax>1881</xmax>
			<ymax>1404</ymax>
		</bndbox>
	</object>
</annotation>