<annotation>
	<folder>top생선조림사각배달꽁치조림q2</folder>
	<filename>top_생선조림_사각배달_꽁치조림_Q2_00021.JPG</filename>
	<path>/top생선조림사각배달꽁치조림q2/top_생선조림_사각배달_꽁치조림_Q2_00021.JPG</path>
	<source>
		<database>fooddata</database>
	</source>
	<size>
		<width>3008</width>
		<height>2000</height>
		<depth>3</depth>
	</size>
	<object>
		<name>ref_spoon</name>
		<bndbox>
			<xmin>857</xmin>
			<ymin>1557</ymin>
			<xmax>1186</xmax>
			<ymax>1786</ymax>
		</bndbox>
	</object>
	<object>
		<name>ref_fork</name>
		<bndbox>
			<xmin>882</xmin>
			<ymin>1318</ymin>
			<xmax>1230</xmax>
			<ymax>1480</ymax>
		</bndbox>
	</object>
	<object>
		<name>ref_coin</name>
		<bndbox>
			<xmin>652</xmin>
			<ymin>522</ymin>
			<xmax>803</xmax>
			<ymax>668</ymax>
		</bndbox>
	</object>
	<object>
		<name>dish</name>
		<bndbox>
			<xmin>962</xmin>
			<ymin>135</ymin>
			<xmax>1904</xmax>
			<ymax>1256</ymax>
		</bndbox>
	</object>
	<object>
		<name>꽁치조림</name>
		<bndbox>
			<xmin>1176</xmin>
			<ymin>289</ymin>
			<xmax>1680</xmax>
			<ymax>1087</ymax>
		</bndbox>
	</object>
</annotation>