<annotation>
	<folder>top생선조림사각배달꽁치조림q2</folder>
	<filename>top_생선조림_사각배달_꽁치조림_Q2_00030.JPG</filename>
	<path>/top생선조림사각배달꽁치조림q2/top_생선조림_사각배달_꽁치조림_Q2_00030.JPG</path>
	<source>
		<database>fooddata</database>
	</source>
	<size>
		<width>3008</width>
		<height>2000</height>
		<depth>3</depth>
	</size>
	<object>
		<name>ref_spoon</name>
		<bndbox>
			<xmin>676</xmin>
			<ymin>1546</ymin>
			<xmax>1004</xmax>
			<ymax>1770</ymax>
		</bndbox>
	</object>
	<object>
		<name>ref_fork</name>
		<bndbox>
			<xmin>720</xmin>
			<ymin>1306</ymin>
			<xmax>1068</xmax>
			<ymax>1468</ymax>
		</bndbox>
	</object>
	<object>
		<name>ref_coin</name>
		<bndbox>
			<xmin>2050</xmin>
			<ymin>865</ymin>
			<xmax>2208</xmax>
			<ymax>1024</ymax>
		</bndbox>
	</object>
	<object>
		<name>dish</name>
		<bndbox>
			<xmin>720</xmin>
			<ymin>157</ymin>
			<xmax>1779</xmax>
			<ymax>1291</ymax>
		</bndbox>
	</object>
	<object>
		<name>꽁치조림</name>
		<bndbox>
			<xmin>1048</xmin>
			<ymin>462</ymin>
			<xmax>1436</xmax>
			<ymax>1238</ymax>
		</bndbox>
	</object>
</annotation>