<annotation>
	<folder>top생선조림사각배달꽁치조림q2</folder>
	<filename>top_생선조림_사각배달_꽁치조림_Q2_00023.JPG</filename>
	<path>/top생선조림사각배달꽁치조림q2/top_생선조림_사각배달_꽁치조림_Q2_00023.JPG</path>
	<source>
		<database>fooddata</database>
	</source>
	<size>
		<width>3008</width>
		<height>2000</height>
		<depth>3</depth>
	</size>
	<object>
		<name>ref_spoon</name>
		<bndbox>
			<xmin>828</xmin>
			<ymin>1615</ymin>
			<xmax>1166</xmax>
			<ymax>1850</ymax>
		</bndbox>
	</object>
	<object>
		<name>ref_fork</name>
		<bndbox>
			<xmin>854</xmin>
			<ymin>1381</ymin>
			<xmax>1205</xmax>
			<ymax>1536</ymax>
		</bndbox>
	</object>
	<object>
		<name>ref_coin</name>
		<bndbox>
			<xmin>644</xmin>
			<ymin>892</ymin>
			<xmax>794</xmax>
			<ymax>1047</ymax>
		</bndbox>
	</object>
	<object>
		<name>dish</name>
		<bndbox>
			<xmin>838</xmin>
			<ymin>90</ymin>
			<xmax>2028</xmax>
			<ymax>1081</ymax>
		</bndbox>
	</object>
	<object>
		<name>꽁치조림</name>
		<bndbox>
			<xmin>1004</xmin>
			<ymin>299</ymin>
			<xmax>1793</xmax>
			<ymax>944</ymax>
		</bndbox>
	</object>
</annotation>