<annotation>
	<folder>top생선조림사각배달꽁치조림q2</folder>
	<filename>top_생선조림_사각배달_꽁치조림_Q2_00004.JPG</filename>
	<path>/top생선조림사각배달꽁치조림q2/top_생선조림_사각배달_꽁치조림_Q2_00004.JPG</path>
	<source>
		<database>fooddata</database>
	</source>
	<size>
		<width>3008</width>
		<height>2000</height>
		<depth>3</depth>
	</size>
	<object>
		<name>ref_spoon</name>
		<bndbox>
			<xmin>2200</xmin>
			<ymin>243</ymin>
			<xmax>2494</xmax>
			<ymax>660</ymax>
		</bndbox>
	</object>
	<object>
		<name>ref_fork</name>
		<bndbox>
			<xmin>2552</xmin>
			<ymin>307</ymin>
			<xmax>2753</xmax>
			<ymax>778</ymax>
		</bndbox>
	</object>
	<object>
		<name>ref_coin</name>
		<bndbox>
			<xmin>482</xmin>
			<ymin>1493</ymin>
			<xmax>686</xmax>
			<ymax>1693</ymax>
		</bndbox>
	</object>
	<object>
		<name>dish</name>
		<bndbox>
			<xmin>701</xmin>
			<ymin>108</ymin>
			<xmax>1773</xmax>
			<ymax>1559</ymax>
		</bndbox>
	</object>
	<object>
		<name>꽁치조림</name>
		<bndbox>
			<xmin>843</xmin>
			<ymin>483</ymin>
			<xmax>1426</xmax>
			<ymax>1218</ymax>
		</bndbox>
	</object>
</annotation>