<annotation>
	<folder>top생선조림사각배달꽁치조림q2</folder>
	<filename>top_생선조림_사각배달_꽁치조림_Q2_00037.JPG</filename>
	<path>/top생선조림사각배달꽁치조림q2/top_생선조림_사각배달_꽁치조림_Q2_00037.JPG</path>
	<source>
		<database>fooddata</database>
	</source>
	<size>
		<width>3008</width>
		<height>2000</height>
		<depth>3</depth>
	</size>
	<object>
		<name>ref_spoon</name>
		<bndbox>
			<xmin>464</xmin>
			<ymin>330</ymin>
			<xmax>735</xmax>
			<ymax>733</ymax>
		</bndbox>
	</object>
	<object>
		<name>ref_fork</name>
		<bndbox>
			<xmin>825</xmin>
			<ymin>372</ymin>
			<xmax>1004</xmax>
			<ymax>809</ymax>
		</bndbox>
	</object>
	<object>
		<name>ref_coin</name>
		<bndbox>
			<xmin>2212</xmin>
			<ymin>1732</ymin>
			<xmax>2408</xmax>
			<ymax>1932</ymax>
		</bndbox>
	</object>
	<object>
		<name>dish</name>
		<bndbox>
			<xmin>1097</xmin>
			<ymin>213</ymin>
			<xmax>2116</xmax>
			<ymax>1590</ymax>
		</bndbox>
	</object>
	<object>
		<name>꽁치조림</name>
		<bndbox>
			<xmin>1249</xmin>
			<ymin>564</ymin>
			<xmax>1821</xmax>
			<ymax>1473</ymax>
		</bndbox>
	</object>
</annotation>