<annotation>
	<folder>top생선조림사각배달꽁치조림q2</folder>
	<filename>top_생선조림_사각배달_꽁치조림_Q2_00051.JPG</filename>
	<path>/top생선조림사각배달꽁치조림q2/top_생선조림_사각배달_꽁치조림_Q2_00051.JPG</path>
	<source>
		<database>fooddata</database>
	</source>
	<size>
		<width>3008</width>
		<height>2000</height>
		<depth>3</depth>
	</size>
	<object>
		<name>ref_spoon</name>
		<bndbox>
			<xmin>392</xmin>
			<ymin>272</ymin>
			<xmax>661</xmax>
			<ymax>660</ymax>
		</bndbox>
	</object>
	<object>
		<name>ref_fork</name>
		<bndbox>
			<xmin>867</xmin>
			<ymin>331</ymin>
			<xmax>1043</xmax>
			<ymax>753</ymax>
		</bndbox>
	</object>
	<object>
		<name>ref_coin</name>
		<bndbox>
			<xmin>2513</xmin>
			<ymin>790</ymin>
			<xmax>2707</xmax>
			<ymax>983</ymax>
		</bndbox>
	</object>
	<object>
		<name>dish</name>
		<bndbox>
			<xmin>1141</xmin>
			<ymin>272</ymin>
			<xmax>2146</xmax>
			<ymax>1605</ymax>
		</bndbox>
	</object>
	<object>
		<name>꽁치조림</name>
		<bndbox>
			<xmin>1284</xmin>
			<ymin>464</ymin>
			<xmax>1920</xmax>
			<ymax>1468</ymax>
		</bndbox>
	</object>
</annotation>