<annotation>
	<folder>side밥류밥그릇오곡밥q1</folder>
	<filename>side_밥류_밥그릇_오곡밥_Q1_00049.JPG</filename>
	<path>/side밥류밥그릇오곡밥q1/side_밥류_밥그릇_오곡밥_Q1_00049.JPG</path>
	<source>
		<database>fooddata</database>
	</source>
	<size>
		<width>5472</width>
		<height>3648</height>
		<depth>3</depth>
	</size>
	<object>
		<name>ref_spoon</name>
		<bndbox>
			<xmin>621</xmin>
			<ymin>973</ymin>
			<xmax>1181</xmax>
			<ymax>1712</ymax>
		</bndbox>
	</object>
	<object>
		<name>ref_fork</name>
		<bndbox>
			<xmin>1360</xmin>
			<ymin>1008</ymin>
			<xmax>1746</xmax>
			<ymax>1842</ymax>
		</bndbox>
	</object>
	<object>
		<name>ref_coin</name>
		<bndbox>
			<xmin>3305</xmin>
			<ymin>2532</ymin>
			<xmax>3726</xmax>
			<ymax>2864</ymax>
		</bndbox>
	</object>
	<object>
		<name>dish</name>
		<bndbox>
			<xmin>1750</xmin>
			<ymin>932</ymin>
			<xmax>3570</xmax>
			<ymax>2393</ymax>
		</bndbox>
	</object>
	<object>
		<name>오곡밥</name>
		<bndbox>
			<xmin>1947</xmin>
			<ymin>1501</ymin>
			<xmax>3229</xmax>
			<ymax>2120</ymax>
		</bndbox>
	</object>
</annotation>