<annotation>
	<folder>side밥류밥그릇오곡밥q1</folder>
	<filename>side_밥류_밥그릇_오곡밥_Q1_00018.JPG</filename>
	<path>/side밥류밥그릇오곡밥q1/side_밥류_밥그릇_오곡밥_Q1_00018.JPG</path>
	<source>
		<database>fooddata</database>
	</source>
	<size>
		<width>5472</width>
		<height>3648</height>
		<depth>3</depth>
	</size>
	<object>
		<name>ref_spoon</name>
		<bndbox>
			<xmin>1342</xmin>
			<ymin>2537</ymin>
			<xmax>2279</xmax>
			<ymax>3056</ymax>
		</bndbox>
	</object>
	<object>
		<name>ref_fork</name>
		<bndbox>
			<xmin>1463</xmin>
			<ymin>2093</ymin>
			<xmax>2454</xmax>
			<ymax>2537</ymax>
		</bndbox>
	</object>
	<object>
		<name>ref_coin</name>
		<bndbox>
			<xmin>2651</xmin>
			<ymin>206</ymin>
			<xmax>3018</xmax>
			<ymax>462</ymax>
		</bndbox>
	</object>
	<object>
		<name>dish</name>
		<bndbox>
			<xmin>2037</xmin>
			<ymin>560</ymin>
			<xmax>3789</xmax>
			<ymax>1994</ymax>
		</bndbox>
	</object>
	<object>
		<name>오곡밥</name>
		<bndbox>
			<xmin>2297</xmin>
			<ymin>896</ymin>
			<xmax>3305</xmax>
			<ymax>1703</ymax>
		</bndbox>
	</object>
</annotation>