<annotation>
	<folder>side밥류밥그릇오곡밥q1</folder>
	<filename>side_밥류_밥그릇_오곡밥_Q1_00014.JPG</filename>
	<path>/side밥류밥그릇오곡밥q1/side_밥류_밥그릇_오곡밥_Q1_00014.JPG</path>
	<source>
		<database>fooddata</database>
	</source>
	<size>
		<width>5472</width>
		<height>3648</height>
		<depth>3</depth>
	</size>
	<object>
		<name>ref_spoon</name>
		<bndbox>
			<xmin>1432</xmin>
			<ymin>2442</ymin>
			<xmax>2360</xmax>
			<ymax>2962</ymax>
		</bndbox>
	</object>
	<object>
		<name>ref_fork</name>
		<bndbox>
			<xmin>1553</xmin>
			<ymin>2003</ymin>
			<xmax>2525</xmax>
			<ymax>2456</ymax>
		</bndbox>
	</object>
	<object>
		<name>ref_coin</name>
		<bndbox>
			<xmin>3798</xmin>
			<ymin>1398</ymin>
			<xmax>4197</xmax>
			<ymax>1694</ymax>
		</bndbox>
	</object>
	<object>
		<name>dish</name>
		<bndbox>
			<xmin>2055</xmin>
			<ymin>435</ymin>
			<xmax>3785</xmax>
			<ymax>1837</ymax>
		</bndbox>
	</object>
	<object>
		<name>오곡밥</name>
		<bndbox>
			<xmin>2400</xmin>
			<ymin>1223</ymin>
			<xmax>3081</xmax>
			<ymax>1591</ymax>
		</bndbox>
	</object>
</annotation>