<annotation>
	<folder>side밥류밥그릇오곡밥q1</folder>
	<filename>side_밥류_밥그릇_오곡밥_Q1_00003.JPG</filename>
	<path>/side밥류밥그릇오곡밥q1/side_밥류_밥그릇_오곡밥_Q1_00003.JPG</path>
	<source>
		<database>fooddata</database>
	</source>
	<size>
		<width>5472</width>
		<height>3648</height>
		<depth>3</depth>
	</size>
	<object>
		<name>ref_spoon</name>
		<bndbox>
			<xmin>3762</xmin>
			<ymin>834</ymin>
			<xmax>4300</xmax>
			<ymax>1569</ymax>
		</bndbox>
	</object>
	<object>
		<name>ref_fork</name>
		<bndbox>
			<xmin>4457</xmin>
			<ymin>860</ymin>
			<xmax>4820</xmax>
			<ymax>1667</ymax>
		</bndbox>
	</object>
	<object>
		<name>ref_coin</name>
		<bndbox>
			<xmin>1988</xmin>
			<ymin>2680</ymin>
			<xmax>2409</xmax>
			<ymax>3021</ymax>
		</bndbox>
	</object>
	<object>
		<name>dish</name>
		<bndbox>
			<xmin>1849</xmin>
			<ymin>686</ymin>
			<xmax>3623</xmax>
			<ymax>2129</ymax>
		</bndbox>
	</object>
	<object>
		<name>오곡밥</name>
		<bndbox>
			<xmin>2158</xmin>
			<ymin>1506</ymin>
			<xmax>3045</xmax>
			<ymax>1860</ymax>
		</bndbox>
	</object>
</annotation>