<annotation>
	<folder>side밥류밥그릇오곡밥q1</folder>
	<filename>side_밥류_밥그릇_오곡밥_Q1_00020.JPG</filename>
	<path>/side밥류밥그릇오곡밥q1/side_밥류_밥그릇_오곡밥_Q1_00020.JPG</path>
	<source>
		<database>fooddata</database>
	</source>
	<size>
		<width>5472</width>
		<height>3648</height>
		<depth>3</depth>
	</size>
	<object>
		<name>ref_spoon</name>
		<bndbox>
			<xmin>1275</xmin>
			<ymin>2433</ymin>
			<xmax>2225</xmax>
			<ymax>2962</ymax>
		</bndbox>
	</object>
	<object>
		<name>ref_fork</name>
		<bndbox>
			<xmin>1396</xmin>
			<ymin>1985</ymin>
			<xmax>2395</xmax>
			<ymax>2433</ymax>
		</bndbox>
	</object>
	<object>
		<name>ref_coin</name>
		<bndbox>
			<xmin>1450</xmin>
			<ymin>354</ymin>
			<xmax>1817</xmax>
			<ymax>623</ymax>
		</bndbox>
	</object>
	<object>
		<name>dish</name>
		<bndbox>
			<xmin>1979</xmin>
			<ymin>403</ymin>
			<xmax>3740</xmax>
			<ymax>1842</ymax>
		</bndbox>
	</object>
	<object>
		<name>오곡밥</name>
		<bndbox>
			<xmin>2682</xmin>
			<ymin>798</ymin>
			<xmax>3458</xmax>
			<ymax>1578</ymax>
		</bndbox>
	</object>
</annotation>