<annotation>
	<folder>side밥류밥그릇오곡밥q1</folder>
	<filename>side_밥류_밥그릇_오곡밥_Q1_00048.JPG</filename>
	<path>/side밥류밥그릇오곡밥q1/side_밥류_밥그릇_오곡밥_Q1_00048.JPG</path>
	<source>
		<database>fooddata</database>
	</source>
	<size>
		<width>5472</width>
		<height>3648</height>
		<depth>3</depth>
	</size>
	<object>
		<name>ref_spoon</name>
		<bndbox>
			<xmin>782</xmin>
			<ymin>856</ymin>
			<xmax>1329</xmax>
			<ymax>1613</ymax>
		</bndbox>
	</object>
	<object>
		<name>ref_fork</name>
		<bndbox>
			<xmin>1513</xmin>
			<ymin>887</ymin>
			<xmax>1898</xmax>
			<ymax>1716</ymax>
		</bndbox>
	</object>
	<object>
		<name>ref_coin</name>
		<bndbox>
			<xmin>3224</xmin>
			<ymin>2550</ymin>
			<xmax>3655</xmax>
			<ymax>2891</ymax>
		</bndbox>
	</object>
	<object>
		<name>dish</name>
		<bndbox>
			<xmin>1907</xmin>
			<ymin>798</ymin>
			<xmax>3731</xmax>
			<ymax>2277</ymax>
		</bndbox>
	</object>
	<object>
		<name>오곡밥</name>
		<bndbox>
			<xmin>2104</xmin>
			<ymin>1434</ymin>
			<xmax>3395</xmax>
			<ymax>1994</ymax>
		</bndbox>
	</object>
</annotation>