<annotation>
	<folder>side밥류밥그릇오곡밥q1</folder>
	<filename>side_밥류_밥그릇_오곡밥_Q1_00030.JPG</filename>
	<path>/side밥류밥그릇오곡밥q1/side_밥류_밥그릇_오곡밥_Q1_00030.JPG</path>
	<source>
		<database>fooddata</database>
	</source>
	<size>
		<width>5472</width>
		<height>3648</height>
		<depth>3</depth>
	</size>
	<object>
		<name>ref_spoon</name>
		<bndbox>
			<xmin>966</xmin>
			<ymin>318</ymin>
			<xmax>1513</xmax>
			<ymax>1080</ymax>
		</bndbox>
	</object>
	<object>
		<name>ref_fork</name>
		<bndbox>
			<xmin>1705</xmin>
			<ymin>345</ymin>
			<xmax>2082</xmax>
			<ymax>1183</ymax>
		</bndbox>
	</object>
	<object>
		<name>ref_coin</name>
		<bndbox>
			<xmin>4210</xmin>
			<ymin>1250</ymin>
			<xmax>4618</xmax>
			<ymax>1560</ymax>
		</bndbox>
	</object>
	<object>
		<name>dish</name>
		<bndbox>
			<xmin>2180</xmin>
			<ymin>193</ymin>
			<xmax>3986</xmax>
			<ymax>1649</ymax>
		</bndbox>
	</object>
	<object>
		<name>오곡밥</name>
		<bndbox>
			<xmin>2422</xmin>
			<ymin>955</ymin>
			<xmax>3422</xmax>
			<ymax>1380</ymax>
		</bndbox>
	</object>
</annotation>