<annotation>
	<folder>top밥류밥그릇오곡밥q1</folder>
	<filename>top_밥류_밥그릇_오곡밥_Q1_00019.JPG</filename>
	<path>/top밥류밥그릇오곡밥q1/top_밥류_밥그릇_오곡밥_Q1_00019.JPG</path>
	<source>
		<database>fooddata</database>
	</source>
	<size>
		<width>5472</width>
		<height>3648</height>
		<depth>3</depth>
	</size>
	<object>
		<name>ref_spoon</name>
		<bndbox>
			<xmin>1693</xmin>
			<ymin>2886</ymin>
			<xmax>2560</xmax>
			<ymax>3477</ymax>
		</bndbox>
	</object>
	<object>
		<name>ref_fork</name>
		<bndbox>
			<xmin>1803</xmin>
			<ymin>2324</ymin>
			<xmax>2717</xmax>
			<ymax>2729</ymax>
		</bndbox>
	</object>
	<object>
		<name>ref_coin</name>
		<bndbox>
			<xmin>2065</xmin>
			<ymin>238</ymin>
			<xmax>2460</xmax>
			<ymax>610</ymax>
		</bndbox>
	</object>
	<object>
		<name>dish</name>
		<bndbox>
			<xmin>2736</xmin>
			<ymin>548</ymin>
			<xmax>4565</xmax>
			<ymax>2357</ymax>
		</bndbox>
	</object>
	<object>
		<name>오곡밥</name>
		<bndbox>
			<xmin>3046</xmin>
			<ymin>1119</ymin>
			<xmax>3989</xmax>
			<ymax>2162</ymax>
		</bndbox>
	</object>
</annotation>