<annotation>
	<folder>top밥류밥그릇오곡밥q1</folder>
	<filename>top_밥류_밥그릇_오곡밥_Q1_00040.JPG</filename>
	<path>/top밥류밥그릇오곡밥q1/top_밥류_밥그릇_오곡밥_Q1_00040.JPG</path>
	<source>
		<database>fooddata</database>
	</source>
	<size>
		<width>5472</width>
		<height>3648</height>
		<depth>3</depth>
	</size>
	<object>
		<name>ref_spoon</name>
		<bndbox>
			<xmin>1241</xmin>
			<ymin>400</ymin>
			<xmax>1855</xmax>
			<ymax>1348</ymax>
		</bndbox>
	</object>
	<object>
		<name>ref_fork</name>
		<bndbox>
			<xmin>2112</xmin>
			<ymin>524</ymin>
			<xmax>2531</xmax>
			<ymax>1600</ymax>
		</bndbox>
	</object>
	<object>
		<name>ref_coin</name>
		<bndbox>
			<xmin>4722</xmin>
			<ymin>1895</ymin>
			<xmax>5189</xmax>
			<ymax>2353</ymax>
		</bndbox>
	</object>
	<object>
		<name>dish</name>
		<bndbox>
			<xmin>2617</xmin>
			<ymin>767</ymin>
			<xmax>4689</xmax>
			<ymax>2886</ymax>
		</bndbox>
	</object>
	<object>
		<name>오곡밥</name>
		<bndbox>
			<xmin>2855</xmin>
			<ymin>1191</ymin>
			<xmax>4041</xmax>
			<ymax>2424</ymax>
		</bndbox>
	</object>
</annotation>