<annotation>
	<folder>top밥류밥그릇오곡밥q1</folder>
	<filename>top_밥류_밥그릇_오곡밥_Q1_00052.JPG</filename>
	<path>/top밥류밥그릇오곡밥q1/top_밥류_밥그릇_오곡밥_Q1_00052.JPG</path>
	<source>
		<database>fooddata</database>
	</source>
	<size>
		<width>5472</width>
		<height>3648</height>
		<depth>3</depth>
	</size>
	<object>
		<name>ref_spoon</name>
		<bndbox>
			<xmin>1293</xmin>
			<ymin>295</ymin>
			<xmax>1926</xmax>
			<ymax>1276</ymax>
		</bndbox>
	</object>
	<object>
		<name>ref_fork</name>
		<bndbox>
			<xmin>2145</xmin>
			<ymin>457</ymin>
			<xmax>2612</xmax>
			<ymax>1505</ymax>
		</bndbox>
	</object>
	<object>
		<name>ref_coin</name>
		<bndbox>
			<xmin>3927</xmin>
			<ymin>271</ymin>
			<xmax>4346</xmax>
			<ymax>700</ymax>
		</bndbox>
	</object>
	<object>
		<name>dish</name>
		<bndbox>
			<xmin>2517</xmin>
			<ymin>838</ymin>
			<xmax>4698</xmax>
			<ymax>2972</ymax>
		</bndbox>
	</object>
	<object>
		<name>오곡밥</name>
		<bndbox>
			<xmin>2846</xmin>
			<ymin>1353</ymin>
			<xmax>4289</xmax>
			<ymax>2443</ymax>
		</bndbox>
	</object>
</annotation>