<annotation>
	<folder>top밥류밥그릇오곡밥q1</folder>
	<filename>top_밥류_밥그릇_오곡밥_Q1_00028.JPG</filename>
	<path>/top밥류밥그릇오곡밥q1/top_밥류_밥그릇_오곡밥_Q1_00028.JPG</path>
	<source>
		<database>fooddata</database>
	</source>
	<size>
		<width>5472</width>
		<height>3648</height>
		<depth>3</depth>
	</size>
	<object>
		<name>ref_spoon</name>
		<bndbox>
			<xmin>1422</xmin>
			<ymin>371</ymin>
			<xmax>2022</xmax>
			<ymax>1300</ymax>
		</bndbox>
	</object>
	<object>
		<name>ref_fork</name>
		<bndbox>
			<xmin>2260</xmin>
			<ymin>476</ymin>
			<xmax>2669</xmax>
			<ymax>1491</ymax>
		</bndbox>
	</object>
	<object>
		<name>ref_coin</name>
		<bndbox>
			<xmin>4631</xmin>
			<ymin>2457</ymin>
			<xmax>5074</xmax>
			<ymax>2900</ymax>
		</bndbox>
	</object>
	<object>
		<name>dish</name>
		<bndbox>
			<xmin>2684</xmin>
			<ymin>705</ymin>
			<xmax>4765</xmax>
			<ymax>2757</ymax>
		</bndbox>
	</object>
	<object>
		<name>오곡밥</name>
		<bndbox>
			<xmin>3127</xmin>
			<ymin>1272</ymin>
			<xmax>4427</xmax>
			<ymax>2472</ymax>
		</bndbox>
	</object>
</annotation>