<annotation>
	<folder>top밥류밥그릇오곡밥q1</folder>
	<filename>top_밥류_밥그릇_오곡밥_Q1_00009.JPG</filename>
	<path>/top밥류밥그릇오곡밥q1/top_밥류_밥그릇_오곡밥_Q1_00009.JPG</path>
	<source>
		<database>fooddata</database>
	</source>
	<size>
		<width>5472</width>
		<height>3648</height>
		<depth>3</depth>
	</size>
	<object>
		<name>ref_spoon</name>
		<bndbox>
			<xmin>3450</xmin>
			<ymin>500</ymin>
			<xmax>4069</xmax>
			<ymax>1443</ymax>
		</bndbox>
	</object>
	<object>
		<name>ref_fork</name>
		<bndbox>
			<xmin>4265</xmin>
			<ymin>657</ymin>
			<xmax>4689</xmax>
			<ymax>1700</ymax>
		</bndbox>
	</object>
	<object>
		<name>ref_coin</name>
		<bndbox>
			<xmin>1069</xmin>
			<ymin>619</ymin>
			<xmax>1512</xmax>
			<ymax>1057</ymax>
		</bndbox>
	</object>
	<object>
		<name>dish</name>
		<bndbox>
			<xmin>1393</xmin>
			<ymin>857</ymin>
			<xmax>3574</xmax>
			<ymax>2943</ymax>
		</bndbox>
	</object>
	<object>
		<name>오곡밥</name>
		<bndbox>
			<xmin>1803</xmin>
			<ymin>1848</ymin>
			<xmax>2974</xmax>
			<ymax>2767</ymax>
		</bndbox>
	</object>
</annotation>