<annotation>
	<folder>top밥류밥그릇오곡밥q1</folder>
	<filename>top_밥류_밥그릇_오곡밥_Q1_00038.JPG</filename>
	<path>/top밥류밥그릇오곡밥q1/top_밥류_밥그릇_오곡밥_Q1_00038.JPG</path>
	<source>
		<database>fooddata</database>
	</source>
	<size>
		<width>5472</width>
		<height>3648</height>
		<depth>3</depth>
	</size>
	<object>
		<name>ref_spoon</name>
		<bndbox>
			<xmin>1388</xmin>
			<ymin>410</ymin>
			<xmax>1993</xmax>
			<ymax>1353</ymax>
		</bndbox>
	</object>
	<object>
		<name>ref_fork</name>
		<bndbox>
			<xmin>2250</xmin>
			<ymin>538</ymin>
			<xmax>2674</xmax>
			<ymax>1567</ymax>
		</bndbox>
	</object>
	<object>
		<name>ref_coin</name>
		<bndbox>
			<xmin>4431</xmin>
			<ymin>2657</ymin>
			<xmax>4898</xmax>
			<ymax>3124</ymax>
		</bndbox>
	</object>
	<object>
		<name>dish</name>
		<bndbox>
			<xmin>2769</xmin>
			<ymin>719</ymin>
			<xmax>4903</xmax>
			<ymax>2857</ymax>
		</bndbox>
	</object>
	<object>
		<name>오곡밥</name>
		<bndbox>
			<xmin>3217</xmin>
			<ymin>1362</ymin>
			<xmax>4546</xmax>
			<ymax>2548</ymax>
		</bndbox>
	</object>
</annotation>