<annotation>
	<folder>top밥류밥그릇오곡밥q1</folder>
	<filename>top_밥류_밥그릇_오곡밥_Q1_00018.JPG</filename>
	<path>/top밥류밥그릇오곡밥q1/top_밥류_밥그릇_오곡밥_Q1_00018.JPG</path>
	<source>
		<database>fooddata</database>
	</source>
	<size>
		<width>5472</width>
		<height>3648</height>
		<depth>3</depth>
	</size>
	<object>
		<name>ref_spoon</name>
		<bndbox>
			<xmin>1717</xmin>
			<ymin>2819</ymin>
			<xmax>2517</xmax>
			<ymax>3338</ymax>
		</bndbox>
	</object>
	<object>
		<name>ref_fork</name>
		<bndbox>
			<xmin>1812</xmin>
			<ymin>2324</ymin>
			<xmax>2641</xmax>
			<ymax>2657</ymax>
		</bndbox>
	</object>
	<object>
		<name>ref_coin</name>
		<bndbox>
			<xmin>2212</xmin>
			<ymin>233</ymin>
			<xmax>2555</xmax>
			<ymax>576</ymax>
		</bndbox>
	</object>
	<object>
		<name>dish</name>
		<bndbox>
			<xmin>2450</xmin>
			<ymin>686</ymin>
			<xmax>4074</xmax>
			<ymax>2300</ymax>
		</bndbox>
	</object>
	<object>
		<name>오곡밥</name>
		<bndbox>
			<xmin>2736</xmin>
			<ymin>1276</ymin>
			<xmax>3650</xmax>
			<ymax>2124</ymax>
		</bndbox>
	</object>
</annotation>