<annotation>
	<folder>top밥류밥그릇오곡밥q1</folder>
	<filename>top_밥류_밥그릇_오곡밥_Q1_00025.JPG</filename>
	<path>/top밥류밥그릇오곡밥q1/top_밥류_밥그릇_오곡밥_Q1_00025.JPG</path>
	<source>
		<database>fooddata</database>
	</source>
	<size>
		<width>5472</width>
		<height>3648</height>
		<depth>3</depth>
	</size>
	<object>
		<name>ref_spoon</name>
		<bndbox>
			<xmin>1341</xmin>
			<ymin>352</ymin>
			<xmax>1931</xmax>
			<ymax>1329</ymax>
		</bndbox>
	</object>
	<object>
		<name>ref_fork</name>
		<bndbox>
			<xmin>2198</xmin>
			<ymin>414</ymin>
			<xmax>2593</xmax>
			<ymax>1476</ymax>
		</bndbox>
	</object>
	<object>
		<name>ref_coin</name>
		<bndbox>
			<xmin>4065</xmin>
			<ymin>2948</ymin>
			<xmax>4527</xmax>
			<ymax>3419</ymax>
		</bndbox>
	</object>
	<object>
		<name>dish</name>
		<bndbox>
			<xmin>2603</xmin>
			<ymin>571</ymin>
			<xmax>4727</xmax>
			<ymax>2634</ymax>
		</bndbox>
	</object>
	<object>
		<name>오곡밥</name>
		<bndbox>
			<xmin>2893</xmin>
			<ymin>1191</ymin>
			<xmax>4274</xmax>
			<ymax>2343</ymax>
		</bndbox>
	</object>
</annotation>