<annotation>
	<folder>top밥류밥그릇오곡밥q1</folder>
	<filename>top_밥류_밥그릇_오곡밥_Q1_00049.JPG</filename>
	<path>/top밥류밥그릇오곡밥q1/top_밥류_밥그릇_오곡밥_Q1_00049.JPG</path>
	<source>
		<database>fooddata</database>
	</source>
	<size>
		<width>5472</width>
		<height>3648</height>
		<depth>3</depth>
	</size>
	<object>
		<name>ref_spoon</name>
		<bndbox>
			<xmin>1464</xmin>
			<ymin>267</ymin>
			<xmax>2103</xmax>
			<ymax>1195</ymax>
		</bndbox>
	</object>
	<object>
		<name>ref_fork</name>
		<bndbox>
			<xmin>2312</xmin>
			<ymin>405</ymin>
			<xmax>2774</xmax>
			<ymax>1438</ymax>
		</bndbox>
	</object>
	<object>
		<name>ref_coin</name>
		<bndbox>
			<xmin>4846</xmin>
			<ymin>2067</ymin>
			<xmax>5312</xmax>
			<ymax>2557</ymax>
		</bndbox>
	</object>
	<object>
		<name>dish</name>
		<bndbox>
			<xmin>2707</xmin>
			<ymin>729</ymin>
			<xmax>4893</xmax>
			<ymax>2876</ymax>
		</bndbox>
	</object>
	<object>
		<name>오곡밥</name>
		<bndbox>
			<xmin>3003</xmin>
			<ymin>1167</ymin>
			<xmax>4365</xmax>
			<ymax>2453</ymax>
		</bndbox>
	</object>
</annotation>