<annotation>
	<folder>top밥류밥그릇오곡밥q1</folder>
	<filename>top_밥류_밥그릇_오곡밥_Q1_00050.JPG</filename>
	<path>/top밥류밥그릇오곡밥q1/top_밥류_밥그릇_오곡밥_Q1_00050.JPG</path>
	<source>
		<database>fooddata</database>
	</source>
	<size>
		<width>5472</width>
		<height>3648</height>
		<depth>3</depth>
	</size>
	<object>
		<name>ref_spoon</name>
		<bndbox>
			<xmin>1255</xmin>
			<ymin>295</ymin>
			<xmax>1879</xmax>
			<ymax>1224</ymax>
		</bndbox>
	</object>
	<object>
		<name>ref_fork</name>
		<bndbox>
			<xmin>2093</xmin>
			<ymin>438</ymin>
			<xmax>2574</xmax>
			<ymax>1491</ymax>
		</bndbox>
	</object>
	<object>
		<name>ref_coin</name>
		<bndbox>
			<xmin>4760</xmin>
			<ymin>1495</ymin>
			<xmax>5227</xmax>
			<ymax>1929</ymax>
		</bndbox>
	</object>
	<object>
		<name>dish</name>
		<bndbox>
			<xmin>2484</xmin>
			<ymin>757</ymin>
			<xmax>4665</xmax>
			<ymax>2929</ymax>
		</bndbox>
	</object>
	<object>
		<name>오곡밥</name>
		<bndbox>
			<xmin>2826</xmin>
			<ymin>1248</ymin>
			<xmax>4150</xmax>
			<ymax>2500</ymax>
		</bndbox>
	</object>
</annotation>