<annotation>
	<folder>top밥류밥그릇오곡밥q1</folder>
	<filename>top_밥류_밥그릇_오곡밥_Q1_00051.JPG</filename>
	<path>/top밥류밥그릇오곡밥q1/top_밥류_밥그릇_오곡밥_Q1_00051.JPG</path>
	<source>
		<database>fooddata</database>
	</source>
	<size>
		<width>5472</width>
		<height>3648</height>
		<depth>3</depth>
	</size>
	<object>
		<name>ref_spoon</name>
		<bndbox>
			<xmin>1307</xmin>
			<ymin>276</ymin>
			<xmax>1936</xmax>
			<ymax>1253</ymax>
		</bndbox>
	</object>
	<object>
		<name>ref_fork</name>
		<bndbox>
			<xmin>2160</xmin>
			<ymin>424</ymin>
			<xmax>2622</xmax>
			<ymax>1514</ymax>
		</bndbox>
	</object>
	<object>
		<name>ref_coin</name>
		<bndbox>
			<xmin>4636</xmin>
			<ymin>910</ymin>
			<xmax>5084</xmax>
			<ymax>1329</ymax>
		</bndbox>
	</object>
	<object>
		<name>dish</name>
		<bndbox>
			<xmin>2536</xmin>
			<ymin>786</ymin>
			<xmax>4717</xmax>
			<ymax>2943</ymax>
		</bndbox>
	</object>
	<object>
		<name>오곡밥</name>
		<bndbox>
			<xmin>2869</xmin>
			<ymin>1248</ymin>
			<xmax>4203</xmax>
			<ymax>2429</ymax>
		</bndbox>
	</object>
</annotation>