<annotation>
	<folder>top밥류밥그릇오곡밥q1</folder>
	<filename>top_밥류_밥그릇_오곡밥_Q1_00008.JPG</filename>
	<path>/top밥류밥그릇오곡밥q1/top_밥류_밥그릇_오곡밥_Q1_00008.JPG</path>
	<source>
		<database>fooddata</database>
	</source>
	<size>
		<width>5472</width>
		<height>3648</height>
		<depth>3</depth>
	</size>
	<object>
		<name>ref_spoon</name>
		<bndbox>
			<xmin>3550</xmin>
			<ymin>519</ymin>
			<xmax>4141</xmax>
			<ymax>1510</ymax>
		</bndbox>
	</object>
	<object>
		<name>ref_fork</name>
		<bndbox>
			<xmin>4370</xmin>
			<ymin>676</ymin>
			<xmax>4779</xmax>
			<ymax>1719</ymax>
		</bndbox>
	</object>
	<object>
		<name>ref_coin</name>
		<bndbox>
			<xmin>760</xmin>
			<ymin>967</ymin>
			<xmax>1198</xmax>
			<ymax>1395</ymax>
		</bndbox>
	</object>
	<object>
		<name>dish</name>
		<bndbox>
			<xmin>1407</xmin>
			<ymin>786</ymin>
			<xmax>3550</xmax>
			<ymax>2876</ymax>
		</bndbox>
	</object>
	<object>
		<name>오곡밥</name>
		<bndbox>
			<xmin>1988</xmin>
			<ymin>1843</ymin>
			<xmax>3174</xmax>
			<ymax>2729</ymax>
		</bndbox>
	</object>
</annotation>