<annotation>
	<folder>side어육류면적접시돼지갈비q3</folder>
	<filename>side_어육류면적_접시_돼지갈비_Q3_00023.JPG</filename>
	<path>/side어육류면적접시돼지갈비q3/side_어육류면적_접시_돼지갈비_Q3_00023.JPG</path>
	<source>
		<database>fooddata</database>
	</source>
	<size>
		<width>5472</width>
		<height>3648</height>
		<depth>3</depth>
	</size>
	<object>
		<name>ref_spoon</name>
		<bndbox>
			<xmin>1879</xmin>
			<ymin>2915</ymin>
			<xmax>2874</xmax>
			<ymax>3377</ymax>
		</bndbox>
	</object>
	<object>
		<name>ref_fork</name>
		<bndbox>
			<xmin>1931</xmin>
			<ymin>2567</ymin>
			<xmax>2998</xmax>
			<ymax>2938</ymax>
		</bndbox>
	</object>
	<object>
		<name>ref_coin</name>
		<bndbox>
			<xmin>2345</xmin>
			<ymin>2186</ymin>
			<xmax>2688</xmax>
			<ymax>2457</ymax>
		</bndbox>
	</object>
	<object>
		<name>dish</name>
		<bndbox>
			<xmin>1450</xmin>
			<ymin>629</ymin>
			<xmax>4608</xmax>
			<ymax>2014</ymax>
		</bndbox>
	</object>
	<object>
		<name>돼지갈비</name>
		<bndbox>
			<xmin>1960</xmin>
			<ymin>881</ymin>
			<xmax>4227</xmax>
			<ymax>1891</ymax>
		</bndbox>
	</object>
</annotation>