<annotation>
	<folder>side어육류면적접시돼지갈비q3</folder>
	<filename>side_어육류면적_접시_돼지갈비_Q3_00003.JPG</filename>
	<path>/side어육류면적접시돼지갈비q3/side_어육류면적_접시_돼지갈비_Q3_00003.JPG</path>
	<source>
		<database>fooddata</database>
	</source>
	<size>
		<width>5472</width>
		<height>3648</height>
		<depth>3</depth>
	</size>
	<object>
		<name>ref_spoon</name>
		<bndbox>
			<xmin>3584</xmin>
			<ymin>972</ymin>
			<xmax>4041</xmax>
			<ymax>1738</ymax>
		</bndbox>
	</object>
	<object>
		<name>ref_fork</name>
		<bndbox>
			<xmin>4265</xmin>
			<ymin>1081</ymin>
			<xmax>4584</xmax>
			<ymax>1919</ymax>
		</bndbox>
	</object>
	<object>
		<name>ref_coin</name>
		<bndbox>
			<xmin>1760</xmin>
			<ymin>2767</ymin>
			<xmax>2122</xmax>
			<ymax>3072</ymax>
		</bndbox>
	</object>
	<object>
		<name>dish</name>
		<bndbox>
			<xmin>621</xmin>
			<ymin>714</ymin>
			<xmax>3469</xmax>
			<ymax>2519</ymax>
		</bndbox>
	</object>
	<object>
		<name>돼지갈비</name>
		<bndbox>
			<xmin>1031</xmin>
			<ymin>972</ymin>
			<xmax>3084</xmax>
			<ymax>2419</ymax>
		</bndbox>
	</object>
</annotation>