<annotation>
	<folder>side어육류면적접시돼지갈비q3</folder>
	<filename>side_어육류면적_접시_돼지갈비_Q3_00042.JPG</filename>
	<path>/side어육류면적접시돼지갈비q3/side_어육류면적_접시_돼지갈비_Q3_00042.JPG</path>
	<source>
		<database>fooddata</database>
	</source>
	<size>
		<width>5472</width>
		<height>3648</height>
		<depth>3</depth>
	</size>
	<object>
		<name>ref_spoon</name>
		<bndbox>
			<xmin>1888</xmin>
			<ymin>2543</ymin>
			<xmax>2922</xmax>
			<ymax>3019</ymax>
		</bndbox>
	</object>
	<object>
		<name>ref_fork</name>
		<bndbox>
			<xmin>1912</xmin>
			<ymin>2176</ymin>
			<xmax>2979</xmax>
			<ymax>2538</ymax>
		</bndbox>
	</object>
	<object>
		<name>ref_coin</name>
		<bndbox>
			<xmin>531</xmin>
			<ymin>881</ymin>
			<xmax>893</xmax>
			<ymax>1153</ymax>
		</bndbox>
	</object>
	<object>
		<name>dish</name>
		<bndbox>
			<xmin>1326</xmin>
			<ymin>252</ymin>
			<xmax>4836</xmax>
			<ymax>1829</ymax>
		</bndbox>
	</object>
	<object>
		<name>돼지갈비</name>
		<bndbox>
			<xmin>2060</xmin>
			<ymin>400</ymin>
			<xmax>4384</xmax>
			<ymax>1619</ymax>
		</bndbox>
	</object>
</annotation>