<annotation>
	<folder>side어육류면적접시돼지갈비q3</folder>
	<filename>side_어육류면적_접시_돼지갈비_Q3_00024.JPG</filename>
	<path>/side어육류면적접시돼지갈비q3/side_어육류면적_접시_돼지갈비_Q3_00024.JPG</path>
	<source>
		<database>fooddata</database>
	</source>
	<size>
		<width>5472</width>
		<height>3648</height>
		<depth>3</depth>
	</size>
	<object>
		<name>ref_spoon</name>
		<bndbox>
			<xmin>1722</xmin>
			<ymin>2977</ymin>
			<xmax>2722</xmax>
			<ymax>3438</ymax>
		</bndbox>
	</object>
	<object>
		<name>ref_fork</name>
		<bndbox>
			<xmin>1769</xmin>
			<ymin>2638</ymin>
			<xmax>2798</xmax>
			<ymax>3000</ymax>
		</bndbox>
	</object>
	<object>
		<name>ref_coin</name>
		<bndbox>
			<xmin>2407</xmin>
			<ymin>2253</ymin>
			<xmax>2750</xmax>
			<ymax>2529</ymax>
		</bndbox>
	</object>
	<object>
		<name>dish</name>
		<bndbox>
			<xmin>1264</xmin>
			<ymin>667</ymin>
			<xmax>4422</xmax>
			<ymax>2062</ymax>
		</bndbox>
	</object>
	<object>
		<name>돼지갈비</name>
		<bndbox>
			<xmin>1850</xmin>
			<ymin>924</ymin>
			<xmax>4036</xmax>
			<ymax>1948</ymax>
		</bndbox>
	</object>
</annotation>