<annotation>
	<folder>side어육류면적접시돼지갈비q3</folder>
	<filename>side_어육류면적_접시_돼지갈비_Q3_00001.JPG</filename>
	<path>/side어육류면적접시돼지갈비q3/side_어육류면적_접시_돼지갈비_Q3_00001.JPG</path>
	<source>
		<database>fooddata</database>
	</source>
	<size>
		<width>5472</width>
		<height>3648</height>
		<depth>3</depth>
	</size>
	<object>
		<name>ref_spoon</name>
		<bndbox>
			<xmin>3631</xmin>
			<ymin>1076</ymin>
			<xmax>4079</xmax>
			<ymax>1824</ymax>
		</bndbox>
	</object>
	<object>
		<name>ref_fork</name>
		<bndbox>
			<xmin>4298</xmin>
			<ymin>1200</ymin>
			<xmax>4603</xmax>
			<ymax>2053</ymax>
		</bndbox>
	</object>
	<object>
		<name>ref_coin</name>
		<bndbox>
			<xmin>2884</xmin>
			<ymin>2748</ymin>
			<xmax>3246</xmax>
			<ymax>3038</ymax>
		</bndbox>
	</object>
	<object>
		<name>dish</name>
		<bndbox>
			<xmin>426</xmin>
			<ymin>1048</ymin>
			<xmax>3665</xmax>
			<ymax>2462</ymax>
		</bndbox>
	</object>
	<object>
		<name>돼지갈비</name>
		<bndbox>
			<xmin>945</xmin>
			<ymin>1276</ymin>
			<xmax>3312</xmax>
			<ymax>2315</ymax>
		</bndbox>
	</object>
</annotation>