<annotation>
	<folder>side어육류면적접시돼지갈비q3</folder>
	<filename>side_어육류면적_접시_돼지갈비_Q3_00051.JPG</filename>
	<path>/side어육류면적접시돼지갈비q3/side_어육류면적_접시_돼지갈비_Q3_00051.JPG</path>
	<source>
		<database>fooddata</database>
	</source>
	<size>
		<width>5472</width>
		<height>3648</height>
		<depth>3</depth>
	</size>
	<object>
		<name>ref_spoon</name>
		<bndbox>
			<xmin>1245</xmin>
			<ymin>2872</ymin>
			<xmax>2365</xmax>
			<ymax>3391</ymax>
		</bndbox>
	</object>
	<object>
		<name>ref_fork</name>
		<bndbox>
			<xmin>1293</xmin>
			<ymin>2472</ymin>
			<xmax>2503</xmax>
			<ymax>2881</ymax>
		</bndbox>
	</object>
	<object>
		<name>ref_coin</name>
		<bndbox>
			<xmin>4727</xmin>
			<ymin>1024</ymin>
			<xmax>5117</xmax>
			<ymax>1310</ymax>
		</bndbox>
	</object>
	<object>
		<name>dish</name>
		<bndbox>
			<xmin>693</xmin>
			<ymin>486</ymin>
			<xmax>4422</xmax>
			<ymax>2138</ymax>
		</bndbox>
	</object>
	<object>
		<name>돼지갈비</name>
		<bndbox>
			<xmin>1550</xmin>
			<ymin>695</ymin>
			<xmax>4231</xmax>
			<ymax>2038</ymax>
		</bndbox>
	</object>
</annotation>