<annotation>
	<folder>side어육류면적접시돼지갈비q3</folder>
	<filename>side_어육류면적_접시_돼지갈비_Q3_00018.JPG</filename>
	<path>/side어육류면적접시돼지갈비q3/side_어육류면적_접시_돼지갈비_Q3_00018.JPG</path>
	<source>
		<database>fooddata</database>
	</source>
	<size>
		<width>5472</width>
		<height>3648</height>
		<depth>3</depth>
	</size>
	<object>
		<name>ref_spoon</name>
		<bndbox>
			<xmin>1588</xmin>
			<ymin>876</ymin>
			<xmax>2012</xmax>
			<ymax>1619</ymax>
		</bndbox>
	</object>
	<object>
		<name>ref_fork</name>
		<bndbox>
			<xmin>2203</xmin>
			<ymin>848</ymin>
			<xmax>2488</xmax>
			<ymax>1614</ymax>
		</bndbox>
	</object>
	<object>
		<name>ref_coin</name>
		<bndbox>
			<xmin>3755</xmin>
			<ymin>3148</ymin>
			<xmax>4122</xmax>
			<ymax>3462</ymax>
		</bndbox>
	</object>
	<object>
		<name>dish</name>
		<bndbox>
			<xmin>2693</xmin>
			<ymin>467</ymin>
			<xmax>4698</xmax>
			<ymax>2815</ymax>
		</bndbox>
	</object>
	<object>
		<name>돼지갈비</name>
		<bndbox>
			<xmin>2912</xmin>
			<ymin>848</ymin>
			<xmax>4303</xmax>
			<ymax>2634</ymax>
		</bndbox>
	</object>
</annotation>