<annotation>
	<folder>side어육류면적접시돼지갈비q3</folder>
	<filename>side_어육류면적_접시_돼지갈비_Q3_00025.JPG</filename>
	<path>/side어육류면적접시돼지갈비q3/side_어육류면적_접시_돼지갈비_Q3_00025.JPG</path>
	<source>
		<database>fooddata</database>
	</source>
	<size>
		<width>5472</width>
		<height>3648</height>
		<depth>3</depth>
	</size>
	<object>
		<name>ref_spoon</name>
		<bndbox>
			<xmin>1945</xmin>
			<ymin>2929</ymin>
			<xmax>2984</xmax>
			<ymax>3391</ymax>
		</bndbox>
	</object>
	<object>
		<name>ref_fork</name>
		<bndbox>
			<xmin>1988</xmin>
			<ymin>2581</ymin>
			<xmax>3093</xmax>
			<ymax>2943</ymax>
		</bndbox>
	</object>
	<object>
		<name>ref_coin</name>
		<bndbox>
			<xmin>2931</xmin>
			<ymin>2267</ymin>
			<xmax>3288</xmax>
			<ymax>2553</ymax>
		</bndbox>
	</object>
	<object>
		<name>dish</name>
		<bndbox>
			<xmin>1474</xmin>
			<ymin>610</ymin>
			<xmax>4627</xmax>
			<ymax>2005</ymax>
		</bndbox>
	</object>
	<object>
		<name>돼지갈비</name>
		<bndbox>
			<xmin>2055</xmin>
			<ymin>857</ymin>
			<xmax>4265</xmax>
			<ymax>1891</ymax>
		</bndbox>
	</object>
</annotation>