<annotation>
	<folder>side어육류면적접시돼지갈비q3</folder>
	<filename>side_어육류면적_접시_돼지갈비_Q3_00049.JPG</filename>
	<path>/side어육류면적접시돼지갈비q3/side_어육류면적_접시_돼지갈비_Q3_00049.JPG</path>
	<source>
		<database>fooddata</database>
	</source>
	<size>
		<width>5472</width>
		<height>3648</height>
		<depth>3</depth>
	</size>
	<object>
		<name>ref_spoon</name>
		<bndbox>
			<xmin>1784</xmin>
			<ymin>2957</ymin>
			<xmax>2874</xmax>
			<ymax>3458</ymax>
		</bndbox>
	</object>
	<object>
		<name>ref_fork</name>
		<bndbox>
			<xmin>1822</xmin>
			<ymin>2572</ymin>
			<xmax>2946</xmax>
			<ymax>2962</ymax>
		</bndbox>
	</object>
	<object>
		<name>ref_coin</name>
		<bndbox>
			<xmin>3488</xmin>
			<ymin>210</ymin>
			<xmax>3841</xmax>
			<ymax>467</ymax>
		</bndbox>
	</object>
	<object>
		<name>dish</name>
		<bndbox>
			<xmin>1207</xmin>
			<ymin>567</ymin>
			<xmax>4855</xmax>
			<ymax>2219</ymax>
		</bndbox>
	</object>
	<object>
		<name>돼지갈비</name>
		<bndbox>
			<xmin>1474</xmin>
			<ymin>1100</ymin>
			<xmax>4398</xmax>
			<ymax>2143</ymax>
		</bndbox>
	</object>
</annotation>