<annotation>
	<folder>my-project-name</folder>
	<filename>top_어육류면적_접시_돼지갈비_Q3_00003.JPG</filename>
	<path>/top어육류면적접시돼지갈비q3/top_어육류면적_접시_돼지갈비_Q3_00003.JPG</path>
	<source>
		<database>fooddata</database>
	</source>
	<size>
		<width>720</width>
		<height>480</height>
		<depth>3</depth>
	</size>
	<object>
		<name>ref_spoon</name>
		<bndbox>
			<xmin>524</xmin>
			<ymin>72</ymin>
			<xmax>583</xmax>
			<ymax>170</ymax>
		</bndbox>
	</object>
	<object>
		<name>ref_fork</name>
		<bndbox>
			<xmin>604</xmin>
			<ymin>96</ymin>
			<xmax>644</xmax>
			<ymax>200</ymax>
		</bndbox>
	</object>
	<object>
		<name>ref_coin</name>
		<bndbox>
			<xmin>483</xmin>
			<ymin>216</ymin>
			<xmax>524</xmax>
			<ymax>259</ymax>
		</bndbox>
	</object>
	<object>
		<name>dish</name>
		<bndbox>
			<xmin>115</xmin>
			<ymin>24</ymin>
			<xmax>475</xmax>
			<ymax>384</ymax>
		</bndbox>
	</object>
	<object>
		<name>돼지갈비</name>
		<bndbox>
			<xmin>185</xmin>
			<ymin>82</ymin>
			<xmax>450</xmax>
			<ymax>319</ymax>
		</bndbox>
	</object>
</annotation>