<annotation>
	<folder>my-project-name</folder>
	<filename>top_어육류면적_접시_돼지갈비_Q3_00038.JPG</filename>
	<path>/top어육류면적접시돼지갈비q3/top_어육류면적_접시_돼지갈비_Q3_00038.JPG</path>
	<source>
		<database>fooddata</database>
	</source>
	<size>
		<width>720</width>
		<height>480</height>
		<depth>3</depth>
	</size>
	<object>
		<name>ref_spoon</name>
		<bndbox>
			<xmin>265</xmin>
			<ymin>394</ymin>
			<xmax>350</xmax>
			<ymax>451</ymax>
		</bndbox>
	</object>
	<object>
		<name>ref_fork</name>
		<bndbox>
			<xmin>280</xmin>
			<ymin>345</ymin>
			<xmax>372</xmax>
			<ymax>381</ymax>
		</bndbox>
	</object>
	<object>
		<name>ref_coin</name>
		<bndbox>
			<xmin>333</xmin>
			<ymin>38</ymin>
			<xmax>368</xmax>
			<ymax>70</ymax>
		</bndbox>
	</object>
	<object>
		<name>dish</name>
		<bndbox>
			<xmin>245</xmin>
			<ymin>102</ymin>
			<xmax>616</xmax>
			<ymax>318</ymax>
		</bndbox>
	</object>
	<object>
		<name>돼지갈비</name>
		<bndbox>
			<xmin>318</xmin>
			<ymin>149</ymin>
			<xmax>566</xmax>
			<ymax>288</ymax>
		</bndbox>
	</object>
</annotation>