<annotation>
	<folder>my-project-name</folder>
	<filename>top_어육류면적_접시_돼지갈비_Q3_00035.JPG</filename>
	<path>/top어육류면적접시돼지갈비q3/top_어육류면적_접시_돼지갈비_Q3_00035.JPG</path>
	<source>
		<database>fooddata</database>
	</source>
	<size>
		<width>720</width>
		<height>480</height>
		<depth>3</depth>
	</size>
	<object>
		<name>ref_spoon</name>
		<bndbox>
			<xmin>248</xmin>
			<ymin>398</ymin>
			<xmax>336</xmax>
			<ymax>454</ymax>
		</bndbox>
	</object>
	<object>
		<name>ref_fork</name>
		<bndbox>
			<xmin>263</xmin>
			<ymin>348</ymin>
			<xmax>350</xmax>
			<ymax>384</ymax>
		</bndbox>
	</object>
	<object>
		<name>ref_coin</name>
		<bndbox>
			<xmin>387</xmin>
			<ymin>33</ymin>
			<xmax>422</xmax>
			<ymax>67</ymax>
		</bndbox>
	</object>
	<object>
		<name>dish</name>
		<bndbox>
			<xmin>225</xmin>
			<ymin>102</ymin>
			<xmax>594</xmax>
			<ymax>320</ymax>
		</bndbox>
	</object>
	<object>
		<name>돼지갈비</name>
		<bndbox>
			<xmin>287</xmin>
			<ymin>149</ymin>
			<xmax>546</xmax>
			<ymax>276</ymax>
		</bndbox>
	</object>
</annotation>