<annotation>
	<folder>my-project-name</folder>
	<filename>top_어육류면적_접시_돼지갈비_Q3_00040.JPG</filename>
	<path>/top어육류면적접시돼지갈비q3/top_어육류면적_접시_돼지갈비_Q3_00040.JPG</path>
	<source>
		<database>fooddata</database>
	</source>
	<size>
		<width>720</width>
		<height>480</height>
		<depth>3</depth>
	</size>
	<object>
		<name>ref_spoon</name>
		<bndbox>
			<xmin>261</xmin>
			<ymin>382</ymin>
			<xmax>348</xmax>
			<ymax>438</ymax>
		</bndbox>
	</object>
	<object>
		<name>ref_fork</name>
		<bndbox>
			<xmin>276</xmin>
			<ymin>334</ymin>
			<xmax>368</xmax>
			<ymax>369</ymax>
		</bndbox>
	</object>
	<object>
		<name>ref_coin</name>
		<bndbox>
			<xmin>262</xmin>
			<ymin>39</ymin>
			<xmax>296</xmax>
			<ymax>72</ymax>
		</bndbox>
	</object>
	<object>
		<name>dish</name>
		<bndbox>
			<xmin>243</xmin>
			<ymin>94</ymin>
			<xmax>610</xmax>
			<ymax>306</ymax>
		</bndbox>
	</object>
	<object>
		<name>돼지갈비</name>
		<bndbox>
			<xmin>280</xmin>
			<ymin>138</ymin>
			<xmax>563</xmax>
			<ymax>289</ymax>
		</bndbox>
	</object>
</annotation>