<annotation>
	<folder>my-project-name</folder>
	<filename>top_어육류면적_접시_돼지갈비_Q3_00020.JPG</filename>
	<path>/top어육류면적접시돼지갈비q3/top_어육류면적_접시_돼지갈비_Q3_00020.JPG</path>
	<source>
		<database>fooddata</database>
	</source>
	<size>
		<width>720</width>
		<height>480</height>
		<depth>3</depth>
	</size>
	<object>
		<name>ref_spoon</name>
		<bndbox>
			<xmin>131</xmin>
			<ymin>92</ymin>
			<xmax>186</xmax>
			<ymax>185</ymax>
		</bndbox>
	</object>
	<object>
		<name>ref_fork</name>
		<bndbox>
			<xmin>202</xmin>
			<ymin>132</ymin>
			<xmax>240</xmax>
			<ymax>229</ymax>
		</bndbox>
	</object>
	<object>
		<name>ref_coin</name>
		<bndbox>
			<xmin>443</xmin>
			<ymin>72</ymin>
			<xmax>480</xmax>
			<ymax>109</ymax>
		</bndbox>
	</object>
	<object>
		<name>dish</name>
		<bndbox>
			<xmin>244</xmin>
			<ymin>135</ymin>
			<xmax>648</xmax>
			<ymax>402</ymax>
		</bndbox>
	</object>
	<object>
		<name>돼지갈비</name>
		<bndbox>
			<xmin>289</xmin>
			<ymin>197</ymin>
			<xmax>573</xmax>
			<ymax>374</ymax>
		</bndbox>
	</object>
</annotation>