<annotation>
	<folder>side기타튀김접시새우튀김q5</folder>
	<filename>side_기타튀김_접시_새우튀김_Q5_00035.JPG</filename>
	<path>/side기타튀김접시새우튀김q5/side_기타튀김_접시_새우튀김_Q5_00035.JPG</path>
	<source>
		<database>fooddata</database>
	</source>
	<size>
		<width>3008</width>
		<height>2000</height>
		<depth>3</depth>
	</size>
	<object>
		<name>ref_spoon</name>
		<bndbox>
			<xmin>226</xmin>
			<ymin>494</ymin>
			<xmax>517</xmax>
			<ymax>853</ymax>
		</bndbox>
	</object>
	<object>
		<name>ref_fork</name>
		<bndbox>
			<xmin>604</xmin>
			<ymin>497</ymin>
			<xmax>803</xmax>
			<ymax>911</ymax>
		</bndbox>
	</object>
	<object>
		<name>ref_coin</name>
		<bndbox>
			<xmin>1210</xmin>
			<ymin>1503</ymin>
			<xmax>1442</xmax>
			<ymax>1673</ymax>
		</bndbox>
	</object>
	<object>
		<name>dish</name>
		<bndbox>
			<xmin>934</xmin>
			<ymin>461</ymin>
			<xmax>2375</xmax>
			<ymax>1437</ymax>
		</bndbox>
	</object>
	<object>
		<name>새우튀김</name>
		<bndbox>
			<xmin>1166</xmin>
			<ymin>541</ymin>
			<xmax>2085</xmax>
			<ymax>1252</ymax>
		</bndbox>
	</object>
</annotation>