<annotation>
	<folder>side기타튀김접시새우튀김q5</folder>
	<filename>side_기타튀김_접시_새우튀김_Q5_00044.JPG</filename>
	<path>/side기타튀김접시새우튀김q5/side_기타튀김_접시_새우튀김_Q5_00044.JPG</path>
	<source>
		<database>fooddata</database>
	</source>
	<size>
		<width>3008</width>
		<height>2000</height>
		<depth>3</depth>
	</size>
	<object>
		<name>ref_spoon</name>
		<bndbox>
			<xmin>303</xmin>
			<ymin>388</ymin>
			<xmax>600</xmax>
			<ymax>740</ymax>
		</bndbox>
	</object>
	<object>
		<name>ref_fork</name>
		<bndbox>
			<xmin>705</xmin>
			<ymin>381</ymin>
			<xmax>894</xmax>
			<ymax>788</ymax>
		</bndbox>
	</object>
	<object>
		<name>ref_coin</name>
		<bndbox>
			<xmin>1039</xmin>
			<ymin>1397</ymin>
			<xmax>1283</xmax>
			<ymax>1572</ymax>
		</bndbox>
	</object>
	<object>
		<name>dish</name>
		<bndbox>
			<xmin>1083</xmin>
			<ymin>352</ymin>
			<xmax>2575</xmax>
			<ymax>1332</ymax>
		</bndbox>
	</object>
	<object>
		<name>새우튀김</name>
		<bndbox>
			<xmin>1330</xmin>
			<ymin>403</ymin>
			<xmax>2419</xmax>
			<ymax>1191</ymax>
		</bndbox>
	</object>
</annotation>