<annotation>
	<folder>side기타튀김접시새우튀김q5</folder>
	<filename>side_기타튀김_접시_새우튀김_Q5_00032.JPG</filename>
	<path>/side기타튀김접시새우튀김q5/side_기타튀김_접시_새우튀김_Q5_00032.JPG</path>
	<source>
		<database>fooddata</database>
	</source>
	<size>
		<width>3008</width>
		<height>2000</height>
		<depth>3</depth>
	</size>
	<object>
		<name>ref_spoon</name>
		<bndbox>
			<xmin>564</xmin>
			<ymin>1710</ymin>
			<xmax>1010</xmax>
			<ymax>1964</ymax>
		</bndbox>
	</object>
	<object>
		<name>ref_fork</name>
		<bndbox>
			<xmin>604</xmin>
			<ymin>1485</ymin>
			<xmax>1090</xmax>
			<ymax>1724</ymax>
		</bndbox>
	</object>
	<object>
		<name>ref_coin</name>
		<bndbox>
			<xmin>2186</xmin>
			<ymin>770</ymin>
			<xmax>2390</xmax>
			<ymax>907</ymax>
		</bndbox>
	</object>
	<object>
		<name>dish</name>
		<bndbox>
			<xmin>691</xmin>
			<ymin>537</ymin>
			<xmax>2088</xmax>
			<ymax>1448</ymax>
		</bndbox>
	</object>
	<object>
		<name>새우튀김</name>
		<bndbox>
			<xmin>865</xmin>
			<ymin>617</ymin>
			<xmax>1874</xmax>
			<ymax>1220</ymax>
		</bndbox>
	</object>
</annotation>