<annotation>
	<folder>side기타튀김접시새우튀김q5</folder>
	<filename>side_기타튀김_접시_새우튀김_Q5_00022.JPG</filename>
	<path>/side기타튀김접시새우튀김q5/side_기타튀김_접시_새우튀김_Q5_00022.JPG</path>
	<source>
		<database>fooddata</database>
	</source>
	<size>
		<width>3008</width>
		<height>2000</height>
		<depth>3</depth>
	</size>
	<object>
		<name>ref_spoon</name>
		<bndbox>
			<xmin>528</xmin>
			<ymin>1641</ymin>
			<xmax>945</xmax>
			<ymax>1887</ymax>
		</bndbox>
	</object>
	<object>
		<name>ref_fork</name>
		<bndbox>
			<xmin>568</xmin>
			<ymin>1434</ymin>
			<xmax>1025</xmax>
			<ymax>1652</ymax>
		</bndbox>
	</object>
	<object>
		<name>ref_coin</name>
		<bndbox>
			<xmin>1225</xmin>
			<ymin>240</ymin>
			<xmax>1399</xmax>
			<ymax>363</ymax>
		</bndbox>
	</object>
	<object>
		<name>dish</name>
		<bndbox>
			<xmin>742</xmin>
			<ymin>541</ymin>
			<xmax>2016</xmax>
			<ymax>1397</ymax>
		</bndbox>
	</object>
	<object>
		<name>새우튀김</name>
		<bndbox>
			<xmin>1021</xmin>
			<ymin>544</ymin>
			<xmax>1783</xmax>
			<ymax>1260</ymax>
		</bndbox>
	</object>
</annotation>