<annotation>
	<folder>side기타튀김접시새우튀김q5</folder>
	<filename>side_기타튀김_접시_새우튀김_Q5_00029.JPG</filename>
	<path>/side기타튀김접시새우튀김q5/side_기타튀김_접시_새우튀김_Q5_00029.JPG</path>
	<source>
		<database>fooddata</database>
	</source>
	<size>
		<width>3008</width>
		<height>2000</height>
		<depth>3</depth>
	</size>
	<object>
		<name>ref_spoon</name>
		<bndbox>
			<xmin>713</xmin>
			<ymin>1630</ymin>
			<xmax>1127</xmax>
			<ymax>1862</ymax>
		</bndbox>
	</object>
	<object>
		<name>ref_fork</name>
		<bndbox>
			<xmin>742</xmin>
			<ymin>1430</ymin>
			<xmax>1185</xmax>
			<ymax>1630</ymax>
		</bndbox>
	</object>
	<object>
		<name>ref_coin</name>
		<bndbox>
			<xmin>2313</xmin>
			<ymin>1318</ymin>
			<xmax>2509</xmax>
			<ymax>1463</ymax>
		</bndbox>
	</object>
	<object>
		<name>dish</name>
		<bndbox>
			<xmin>807</xmin>
			<ymin>468</ymin>
			<xmax>2070</xmax>
			<ymax>1303</ymax>
		</bndbox>
	</object>
	<object>
		<name>새우튀김</name>
		<bndbox>
			<xmin>989</xmin>
			<ymin>501</ymin>
			<xmax>1925</xmax>
			<ymax>1172</ymax>
		</bndbox>
	</object>
</annotation>