<annotation>
	<folder>side기타튀김접시새우튀김q5</folder>
	<filename>side_기타튀김_접시_새우튀김_Q5_00050.JPG</filename>
	<path>/side기타튀김접시새우튀김q5/side_기타튀김_접시_새우튀김_Q5_00050.JPG</path>
	<source>
		<database>fooddata</database>
	</source>
	<size>
		<width>3008</width>
		<height>2000</height>
		<depth>3</depth>
	</size>
	<object>
		<name>ref_spoon</name>
		<bndbox>
			<xmin>321</xmin>
			<ymin>497</ymin>
			<xmax>626</xmax>
			<ymax>846</ymax>
		</bndbox>
	</object>
	<object>
		<name>ref_fork</name>
		<bndbox>
			<xmin>720</xmin>
			<ymin>483</ymin>
			<xmax>923</xmax>
			<ymax>893</ymax>
		</bndbox>
	</object>
	<object>
		<name>ref_coin</name>
		<bndbox>
			<xmin>2353</xmin>
			<ymin>363</ymin>
			<xmax>2560</xmax>
			<ymax>501</ymax>
		</bndbox>
	</object>
	<object>
		<name>dish</name>
		<bndbox>
			<xmin>1134</xmin>
			<ymin>446</ymin>
			<xmax>2636</xmax>
			<ymax>1426</ymax>
		</bndbox>
	</object>
	<object>
		<name>새우튀김</name>
		<bndbox>
			<xmin>1373</xmin>
			<ymin>497</ymin>
			<xmax>2404</xmax>
			<ymax>1296</ymax>
		</bndbox>
	</object>
</annotation>