<annotation>
	<folder>top기타튀김접시새우튀김q5</folder>
	<filename>top_기타튀김_접시_새우튀김_Q5_00014.JPG</filename>
	<path>/top기타튀김접시새우튀김q5/top_기타튀김_접시_새우튀김_Q5_00014.JPG</path>
	<source>
		<database>fooddata</database>
	</source>
	<size>
		<width>3008</width>
		<height>2000</height>
		<depth>3</depth>
	</size>
	<object>
		<name>ref_spoon</name>
		<bndbox>
			<xmin>1843</xmin>
			<ymin>226</ymin>
			<xmax>2088</xmax>
			<ymax>613</ymax>
		</bndbox>
	</object>
	<object>
		<name>ref_fork</name>
		<bndbox>
			<xmin>2183</xmin>
			<ymin>215</ymin>
			<xmax>2354</xmax>
			<ymax>650</ymax>
		</bndbox>
	</object>
	<object>
		<name>ref_coin</name>
		<bndbox>
			<xmin>800</xmin>
			<ymin>1752</ymin>
			<xmax>975</xmax>
			<ymax>1934</ymax>
		</bndbox>
	</object>
	<object>
		<name>dish</name>
		<bndbox>
			<xmin>610</xmin>
			<ymin>456</ymin>
			<xmax>1851</xmax>
			<ymax>1701</ymax>
		</bndbox>
	</object>
	<object>
		<name>새우튀김</name>
		<bndbox>
			<xmin>800</xmin>
			<ymin>599</ymin>
			<xmax>1668</xmax>
			<ymax>1544</ymax>
		</bndbox>
	</object>
</annotation>