<annotation>
	<folder>top기타튀김접시새우튀김q5</folder>
	<filename>top_기타튀김_접시_새우튀김_Q5_00033.JPG</filename>
	<path>/top기타튀김접시새우튀김q5/top_기타튀김_접시_새우튀김_Q5_00033.JPG</path>
	<source>
		<database>fooddata</database>
	</source>
	<size>
		<width>3008</width>
		<height>2000</height>
		<depth>3</depth>
	</size>
	<object>
		<name>ref_spoon</name>
		<bndbox>
			<xmin>329</xmin>
			<ymin>489</ymin>
			<xmax>577</xmax>
			<ymax>887</ymax>
		</bndbox>
	</object>
	<object>
		<name>ref_fork</name>
		<bndbox>
			<xmin>646</xmin>
			<ymin>493</ymin>
			<xmax>811</xmax>
			<ymax>912</ymax>
		</bndbox>
	</object>
	<object>
		<name>ref_coin</name>
		<bndbox>
			<xmin>2062</xmin>
			<ymin>511</ymin>
			<xmax>2227</xmax>
			<ymax>679</ymax>
		</bndbox>
	</object>
	<object>
		<name>dish</name>
		<bndbox>
			<xmin>924</xmin>
			<ymin>391</ymin>
			<xmax>2070</xmax>
			<ymax>1551</ymax>
		</bndbox>
	</object>
	<object>
		<name>새우튀김</name>
		<bndbox>
			<xmin>1041</xmin>
			<ymin>547</ymin>
			<xmax>1909</xmax>
			<ymax>1438</ymax>
		</bndbox>
	</object>
</annotation>