<annotation>
	<folder>top기타튀김접시새우튀김q5</folder>
	<filename>top_기타튀김_접시_새우튀김_Q5_00051.JPG</filename>
	<path>/top기타튀김접시새우튀김q5/top_기타튀김_접시_새우튀김_Q5_00051.JPG</path>
	<source>
		<database>fooddata</database>
	</source>
	<size>
		<width>3008</width>
		<height>2000</height>
		<depth>3</depth>
	</size>
	<object>
		<name>ref_spoon</name>
		<bndbox>
			<xmin>446</xmin>
			<ymin>376</ymin>
			<xmax>697</xmax>
			<ymax>752</ymax>
		</bndbox>
	</object>
	<object>
		<name>ref_fork</name>
		<bndbox>
			<xmin>774</xmin>
			<ymin>383</ymin>
			<xmax>957</xmax>
			<ymax>803</ymax>
		</bndbox>
	</object>
	<object>
		<name>ref_coin</name>
		<bndbox>
			<xmin>2398</xmin>
			<ymin>1288</ymin>
			<xmax>2570</xmax>
			<ymax>1460</ymax>
		</bndbox>
	</object>
	<object>
		<name>dish</name>
		<bndbox>
			<xmin>1132</xmin>
			<ymin>325</ymin>
			<xmax>2333</xmax>
			<ymax>1551</ymax>
		</bndbox>
	</object>
	<object>
		<name>새우튀김</name>
		<bndbox>
			<xmin>1391</xmin>
			<ymin>511</ymin>
			<xmax>2241</xmax>
			<ymax>1332</ymax>
		</bndbox>
	</object>
</annotation>