<annotation>
	<folder>top기타튀김접시새우튀김q5</folder>
	<filename>top_기타튀김_접시_새우튀김_Q5_00009.JPG</filename>
	<path>/top기타튀김접시새우튀김q5/top_기타튀김_접시_새우튀김_Q5_00009.JPG</path>
	<source>
		<database>fooddata</database>
	</source>
	<size>
		<width>3008</width>
		<height>2000</height>
		<depth>3</depth>
	</size>
	<object>
		<name>ref_spoon</name>
		<bndbox>
			<xmin>1822</xmin>
			<ymin>179</ymin>
			<xmax>2070</xmax>
			<ymax>595</ymax>
		</bndbox>
	</object>
	<object>
		<name>ref_fork</name>
		<bndbox>
			<xmin>2165</xmin>
			<ymin>186</ymin>
			<xmax>2340</xmax>
			<ymax>599</ymax>
		</bndbox>
	</object>
	<object>
		<name>ref_coin</name>
		<bndbox>
			<xmin>953</xmin>
			<ymin>182</ymin>
			<xmax>1139</xmax>
			<ymax>365</ymax>
		</bndbox>
	</object>
	<object>
		<name>dish</name>
		<bndbox>
			<xmin>373</xmin>
			<ymin>500</ymin>
			<xmax>1632</xmax>
			<ymax>1745</ymax>
		</bndbox>
	</object>
	<object>
		<name>새우튀김</name>
		<bndbox>
			<xmin>577</xmin>
			<ymin>755</ymin>
			<xmax>1442</xmax>
			<ymax>1584</ymax>
		</bndbox>
	</object>
</annotation>