<annotation>
	<folder>top기타튀김접시새우튀김q5</folder>
	<filename>top_기타튀김_접시_새우튀김_Q5_00045.JPG</filename>
	<path>/top기타튀김접시새우튀김q5/top_기타튀김_접시_새우튀김_Q5_00045.JPG</path>
	<source>
		<database>fooddata</database>
	</source>
	<size>
		<width>3008</width>
		<height>2000</height>
		<depth>3</depth>
	</size>
	<object>
		<name>ref_spoon</name>
		<bndbox>
			<xmin>592</xmin>
			<ymin>332</ymin>
			<xmax>847</xmax>
			<ymax>723</ymax>
		</bndbox>
	</object>
	<object>
		<name>ref_fork</name>
		<bndbox>
			<xmin>920</xmin>
			<ymin>358</ymin>
			<xmax>1103</xmax>
			<ymax>766</ymax>
		</bndbox>
	</object>
	<object>
		<name>ref_coin</name>
		<bndbox>
			<xmin>2318</xmin>
			<ymin>420</ymin>
			<xmax>2497</xmax>
			<ymax>595</ymax>
		</bndbox>
	</object>
	<object>
		<name>dish</name>
		<bndbox>
			<xmin>1165</xmin>
			<ymin>369</ymin>
			<xmax>2351</xmax>
			<ymax>1599</ymax>
		</bndbox>
	</object>
	<object>
		<name>새우튀김</name>
		<bndbox>
			<xmin>1278</xmin>
			<ymin>533</ymin>
			<xmax>2194</xmax>
			<ymax>1369</ymax>
		</bndbox>
	</object>
</annotation>