<annotation>
	<folder>top기타튀김접시새우튀김q5</folder>
	<filename>top_기타튀김_접시_새우튀김_Q5_00006.JPG</filename>
	<path>/top기타튀김접시새우튀김q5/top_기타튀김_접시_새우튀김_Q5_00006.JPG</path>
	<source>
		<database>fooddata</database>
	</source>
	<size>
		<width>3008</width>
		<height>2000</height>
		<depth>3</depth>
	</size>
	<object>
		<name>ref_spoon</name>
		<bndbox>
			<xmin>1858</xmin>
			<ymin>168</ymin>
			<xmax>2110</xmax>
			<ymax>544</ymax>
		</bndbox>
	</object>
	<object>
		<name>ref_fork</name>
		<bndbox>
			<xmin>2201</xmin>
			<ymin>161</ymin>
			<xmax>2369</xmax>
			<ymax>599</ymax>
		</bndbox>
	</object>
	<object>
		<name>ref_coin</name>
		<bndbox>
			<xmin>139</xmin>
			<ymin>1062</ymin>
			<xmax>318</xmax>
			<ymax>1248</ymax>
		</bndbox>
	</object>
	<object>
		<name>dish</name>
		<bndbox>
			<xmin>555</xmin>
			<ymin>405</ymin>
			<xmax>1814</xmax>
			<ymax>1661</ymax>
		</bndbox>
	</object>
	<object>
		<name>새우튀김</name>
		<bndbox>
			<xmin>807</xmin>
			<ymin>544</ymin>
			<xmax>1643</xmax>
			<ymax>1460</ymax>
		</bndbox>
	</object>
</annotation>