<annotation>
	<folder>top기타튀김접시새우튀김q5</folder>
	<filename>top_기타튀김_접시_새우튀김_Q5_00050.JPG</filename>
	<path>/top기타튀김접시새우튀김q5/top_기타튀김_접시_새우튀김_Q5_00050.JPG</path>
	<source>
		<database>fooddata</database>
	</source>
	<size>
		<width>3008</width>
		<height>2000</height>
		<depth>3</depth>
	</size>
	<object>
		<name>ref_spoon</name>
		<bndbox>
			<xmin>489</xmin>
			<ymin>321</ymin>
			<xmax>745</xmax>
			<ymax>693</ymax>
		</bndbox>
	</object>
	<object>
		<name>ref_fork</name>
		<bndbox>
			<xmin>829</xmin>
			<ymin>328</ymin>
			<xmax>1000</xmax>
			<ymax>745</ymax>
		</bndbox>
	</object>
	<object>
		<name>ref_coin</name>
		<bndbox>
			<xmin>1223</xmin>
			<ymin>1401</ymin>
			<xmax>1402</xmax>
			<ymax>1577</ymax>
		</bndbox>
	</object>
	<object>
		<name>dish</name>
		<bndbox>
			<xmin>1227</xmin>
			<ymin>193</ymin>
			<xmax>2420</xmax>
			<ymax>1409</ymax>
		</bndbox>
	</object>
	<object>
		<name>새우튀김</name>
		<bndbox>
			<xmin>1384</xmin>
			<ymin>482</ymin>
			<xmax>2292</xmax>
			<ymax>1296</ymax>
		</bndbox>
	</object>
</annotation>