<annotation>
	<folder>top기타튀김접시새우튀김q5</folder>
	<filename>top_기타튀김_접시_새우튀김_Q5_00008.JPG</filename>
	<path>/top기타튀김접시새우튀김q5/top_기타튀김_접시_새우튀김_Q5_00008.JPG</path>
	<source>
		<database>fooddata</database>
	</source>
	<size>
		<width>3008</width>
		<height>2000</height>
		<depth>3</depth>
	</size>
	<object>
		<name>ref_spoon</name>
		<bndbox>
			<xmin>1851</xmin>
			<ymin>172</ymin>
			<xmax>2099</xmax>
			<ymax>562</ymax>
		</bndbox>
	</object>
	<object>
		<name>ref_fork</name>
		<bndbox>
			<xmin>2190</xmin>
			<ymin>164</ymin>
			<xmax>2362</xmax>
			<ymax>602</ymax>
		</bndbox>
	</object>
	<object>
		<name>ref_coin</name>
		<bndbox>
			<xmin>573</xmin>
			<ymin>266</ymin>
			<xmax>756</xmax>
			<ymax>445</ymax>
		</bndbox>
	</object>
	<object>
		<name>dish</name>
		<bndbox>
			<xmin>457</xmin>
			<ymin>464</ymin>
			<xmax>1727</xmax>
			<ymax>1715</ymax>
		</bndbox>
	</object>
	<object>
		<name>새우튀김</name>
		<bndbox>
			<xmin>657</xmin>
			<ymin>650</ymin>
			<xmax>1555</xmax>
			<ymax>1595</ymax>
		</bndbox>
	</object>
</annotation>