<annotation>
	<folder>side돌솥밥류돌솥영양돌솥밥q4</folder>
	<filename>side_돌솥밥류_돌솥_영양돌솥밥_Q4_00005.JPG</filename>
	<path>/side돌솥밥류돌솥영양돌솥밥q4/side_돌솥밥류_돌솥_영양돌솥밥_Q4_00005.JPG</path>
	<source>
		<database>fooddata</database>
	</source>
	<size>
		<width>720</width>
		<height>480</height>
		<depth>3</depth>
	</size>
	<object>
		<name>ref_spoon</name>
		<bndbox>
			<xmin>430</xmin>
			<ymin>94</ymin>
			<xmax>497</xmax>
			<ymax>188</ymax>
		</bndbox>
	</object>
	<object>
		<name>ref_fork</name>
		<bndbox>
			<xmin>544</xmin>
			<ymin>112</ymin>
			<xmax>594</xmax>
			<ymax>219</ymax>
		</bndbox>
	</object>
	<object>
		<name>ref_coin</name>
		<bndbox>
			<xmin>115</xmin>
			<ymin>389</ymin>
			<xmax>173</xmax>
			<ymax>435</ymax>
		</bndbox>
	</object>
	<object>
		<name>dish</name>
		<bndbox>
			<xmin>75</xmin>
			<ymin>61</ymin>
			<xmax>438</xmax>
			<ymax>359</ymax>
		</bndbox>
	</object>
	<object>
		<name>영양돌솥밥</name>
		<bndbox>
			<xmin>127</xmin>
			<ymin>109</ymin>
			<xmax>381</xmax>
			<ymax>264</ymax>
		</bndbox>
	</object>
</annotation>