<annotation>
	<folder>side돌솥밥류돌솥영양돌솥밥q4</folder>
	<filename>side_돌솥밥류_돌솥_영양돌솥밥_Q4_00035.JPG</filename>
	<path>/side돌솥밥류돌솥영양돌솥밥q4/side_돌솥밥류_돌솥_영양돌솥밥_Q4_00035.JPG</path>
	<source>
		<database>fooddata</database>
	</source>
	<size>
		<width>720</width>
		<height>480</height>
		<depth>3</depth>
	</size>
	<object>
		<name>ref_spoon</name>
		<bndbox>
			<xmin>159</xmin>
			<ymin>192</ymin>
			<xmax>216</xmax>
			<ymax>274</ymax>
		</bndbox>
	</object>
	<object>
		<name>ref_fork</name>
		<bndbox>
			<xmin>243</xmin>
			<ymin>209</ymin>
			<xmax>286</xmax>
			<ymax>298</ymax>
		</bndbox>
	</object>
	<object>
		<name>ref_coin</name>
		<bndbox>
			<xmin>303</xmin>
			<ymin>85</ymin>
			<xmax>339</xmax>
			<ymax>109</ymax>
		</bndbox>
	</object>
	<object>
		<name>dish</name>
		<bndbox>
			<xmin>305</xmin>
			<ymin>141</ymin>
			<xmax>598</xmax>
			<ymax>383</ymax>
		</bndbox>
	</object>
	<object>
		<name>영양돌솥밥</name>
		<bndbox>
			<xmin>347</xmin>
			<ymin>164</ymin>
			<xmax>503</xmax>
			<ymax>304</ymax>
		</bndbox>
	</object>
</annotation>