<annotation>
	<folder>side돌솥밥류돌솥영양돌솥밥q4</folder>
	<filename>side_돌솥밥류_돌솥_영양돌솥밥_Q4_00047.JPG</filename>
	<path>/side돌솥밥류돌솥영양돌솥밥q4/side_돌솥밥류_돌솥_영양돌솥밥_Q4_00047.JPG</path>
	<source>
		<database>fooddata</database>
	</source>
	<size>
		<width>720</width>
		<height>480</height>
		<depth>3</depth>
	</size>
	<object>
		<name>ref_spoon</name>
		<bndbox>
			<xmin>177</xmin>
			<ymin>178</ymin>
			<xmax>237</xmax>
			<ymax>257</ymax>
		</bndbox>
	</object>
	<object>
		<name>ref_fork</name>
		<bndbox>
			<xmin>262</xmin>
			<ymin>195</ymin>
			<xmax>305</xmax>
			<ymax>289</ymax>
		</bndbox>
	</object>
	<object>
		<name>ref_coin</name>
		<bndbox>
			<xmin>637</xmin>
			<ymin>256</ymin>
			<xmax>678</xmax>
			<ymax>286</ymax>
		</bndbox>
	</object>
	<object>
		<name>dish</name>
		<bndbox>
			<xmin>322</xmin>
			<ymin>125</ymin>
			<xmax>615</xmax>
			<ymax>369</ymax>
		</bndbox>
	</object>
	<object>
		<name>영양돌솥밥</name>
		<bndbox>
			<xmin>400</xmin>
			<ymin>141</ymin>
			<xmax>579</xmax>
			<ymax>293</ymax>
		</bndbox>
	</object>
</annotation>