<annotation>
	<folder>side돌솥밥류돌솥영양돌솥밥q4</folder>
	<filename>side_돌솥밥류_돌솥_영양돌솥밥_Q4_00033.JPG</filename>
	<path>/side돌솥밥류돌솥영양돌솥밥q4/side_돌솥밥류_돌솥_영양돌솥밥_Q4_00033.JPG</path>
	<source>
		<database>fooddata</database>
	</source>
	<size>
		<width>720</width>
		<height>480</height>
		<depth>3</depth>
	</size>
	<object>
		<name>ref_spoon</name>
		<bndbox>
			<xmin>184</xmin>
			<ymin>161</ymin>
			<xmax>243</xmax>
			<ymax>243</ymax>
		</bndbox>
	</object>
	<object>
		<name>ref_fork</name>
		<bndbox>
			<xmin>271</xmin>
			<ymin>173</ymin>
			<xmax>313</xmax>
			<ymax>270</ymax>
		</bndbox>
	</object>
	<object>
		<name>ref_coin</name>
		<bndbox>
			<xmin>611</xmin>
			<ymin>164</ymin>
			<xmax>653</xmax>
			<ymax>194</ymax>
		</bndbox>
	</object>
	<object>
		<name>dish</name>
		<bndbox>
			<xmin>325</xmin>
			<ymin>104</ymin>
			<xmax>623</xmax>
			<ymax>349</ymax>
		</bndbox>
	</object>
	<object>
		<name>영양돌솥밥</name>
		<bndbox>
			<xmin>402</xmin>
			<ymin>131</ymin>
			<xmax>582</xmax>
			<ymax>270</ymax>
		</bndbox>
	</object>
</annotation>