<annotation>
	<folder>side돌솥밥류돌솥영양돌솥밥q4</folder>
	<filename>side_돌솥밥류_돌솥_영양돌솥밥_Q4_00014.JPG</filename>
	<path>/side돌솥밥류돌솥영양돌솥밥q4/side_돌솥밥류_돌솥_영양돌솥밥_Q4_00014.JPG</path>
	<source>
		<database>fooddata</database>
	</source>
	<size>
		<width>720</width>
		<height>480</height>
		<depth>3</depth>
	</size>
	<object>
		<name>ref_spoon</name>
		<bndbox>
			<xmin>200</xmin>
			<ymin>393</ymin>
			<xmax>316</xmax>
			<ymax>458</ymax>
		</bndbox>
	</object>
	<object>
		<name>ref_fork</name>
		<bndbox>
			<xmin>224</xmin>
			<ymin>341</ymin>
			<xmax>347</xmax>
			<ymax>392</ymax>
		</bndbox>
	</object>
	<object>
		<name>ref_coin</name>
		<bndbox>
			<xmin>564</xmin>
			<ymin>236</ymin>
			<xmax>610</xmax>
			<ymax>271</ymax>
		</bndbox>
	</object>
	<object>
		<name>dish</name>
		<bndbox>
			<xmin>249</xmin>
			<ymin>37</ymin>
			<xmax>566</xmax>
			<ymax>297</ymax>
		</bndbox>
	</object>
	<object>
		<name>영양돌솥밥</name>
		<bndbox>
			<xmin>337</xmin>
			<ymin>87</ymin>
			<xmax>515</xmax>
			<ymax>208</ymax>
		</bndbox>
	</object>
</annotation>