<annotation>
	<folder>side돌솥밥류돌솥영양돌솥밥q4</folder>
	<filename>side_돌솥밥류_돌솥_영양돌솥밥_Q4_00020.JPG</filename>
	<path>/side돌솥밥류돌솥영양돌솥밥q4/side_돌솥밥류_돌솥_영양돌솥밥_Q4_00020.JPG</path>
	<source>
		<database>fooddata</database>
	</source>
	<size>
		<width>720</width>
		<height>480</height>
		<depth>3</depth>
	</size>
	<object>
		<name>ref_spoon</name>
		<bndbox>
			<xmin>186</xmin>
			<ymin>388</ymin>
			<xmax>299</xmax>
			<ymax>452</ymax>
		</bndbox>
	</object>
	<object>
		<name>ref_fork</name>
		<bndbox>
			<xmin>208</xmin>
			<ymin>332</ymin>
			<xmax>333</xmax>
			<ymax>386</ymax>
		</bndbox>
	</object>
	<object>
		<name>ref_coin</name>
		<bndbox>
			<xmin>457</xmin>
			<ymin>15</ymin>
			<xmax>495</xmax>
			<ymax>42</ymax>
		</bndbox>
	</object>
	<object>
		<name>dish</name>
		<bndbox>
			<xmin>222</xmin>
			<ymin>46</ymin>
			<xmax>542</xmax>
			<ymax>313</ymax>
		</bndbox>
	</object>
	<object>
		<name>영양돌솥밥</name>
		<bndbox>
			<xmin>266</xmin>
			<ymin>83</ymin>
			<xmax>440</xmax>
			<ymax>227</ymax>
		</bndbox>
	</object>
</annotation>