<annotation>
	<folder>top돌솥밥류돌솥영양돌솥밥q4</folder>
	<filename>top_돌솥밥류_돌솥_영양돌솥밥_Q4_00051.JPG</filename>
	<path>/top돌솥밥류돌솥영양돌솥밥q4/top_돌솥밥류_돌솥_영양돌솥밥_Q4_00051.JPG</path>
	<source>
		<database>fooddata</database>
	</source>
	<size>
		<width>720</width>
		<height>480</height>
		<depth>3</depth>
	</size>
	<object>
		<name>ref_spoon</name>
		<bndbox>
			<xmin>228</xmin>
			<ymin>72</ymin>
			<xmax>292</xmax>
			<ymax>175</ymax>
		</bndbox>
	</object>
	<object>
		<name>ref_fork</name>
		<bndbox>
			<xmin>170</xmin>
			<ymin>75</ymin>
			<xmax>213</xmax>
			<ymax>185</ymax>
		</bndbox>
	</object>
	<object>
		<name>ref_coin</name>
		<bndbox>
			<xmin>512</xmin>
			<ymin>403</ymin>
			<xmax>563</xmax>
			<ymax>453</ymax>
		</bndbox>
	</object>
	<object>
		<name>dish</name>
		<bndbox>
			<xmin>303</xmin>
			<ymin>47</ymin>
			<xmax>649</xmax>
			<ymax>386</ymax>
		</bndbox>
	</object>
	<object>
		<name>영양돌솥밥</name>
		<bndbox>
			<xmin>364</xmin>
			<ymin>84</ymin>
			<xmax>615</xmax>
			<ymax>330</ymax>
		</bndbox>
	</object>
</annotation>