<annotation>
	<folder>top돌솥밥류돌솥영양돌솥밥q4</folder>
	<filename>top_돌솥밥류_돌솥_영양돌솥밥_Q4_00037.JPG</filename>
	<path>/top돌솥밥류돌솥영양돌솥밥q4/top_돌솥밥류_돌솥_영양돌솥밥_Q4_00037.JPG</path>
	<source>
		<database>fooddata</database>
	</source>
	<size>
		<width>720</width>
		<height>480</height>
		<depth>3</depth>
	</size>
	<object>
		<name>ref_spoon</name>
		<bndbox>
			<xmin>224</xmin>
			<ymin>126</ymin>
			<xmax>289</xmax>
			<ymax>229</ymax>
		</bndbox>
	</object>
	<object>
		<name>ref_fork</name>
		<bndbox>
			<xmin>166</xmin>
			<ymin>128</ymin>
			<xmax>211</xmax>
			<ymax>241</ymax>
		</bndbox>
	</object>
	<object>
		<name>ref_coin</name>
		<bndbox>
			<xmin>238</xmin>
			<ymin>36</ymin>
			<xmax>284</xmax>
			<ymax>80</ymax>
		</bndbox>
	</object>
	<object>
		<name>dish</name>
		<bndbox>
			<xmin>299</xmin>
			<ymin>107</ymin>
			<xmax>638</xmax>
			<ymax>443</ymax>
		</bndbox>
	</object>
	<object>
		<name>영양돌솥밥</name>
		<bndbox>
			<xmin>352</xmin>
			<ymin>156</ymin>
			<xmax>599</xmax>
			<ymax>390</ymax>
		</bndbox>
	</object>
</annotation>