<annotation>
	<folder>top돌솥밥류돌솥영양돌솥밥q4</folder>
	<filename>top_돌솥밥류_돌솥_영양돌솥밥_Q4_00009.JPG</filename>
	<path>/top돌솥밥류돌솥영양돌솥밥q4/top_돌솥밥류_돌솥_영양돌솥밥_Q4_00009.JPG</path>
	<source>
		<database>fooddata</database>
	</source>
	<size>
		<width>720</width>
		<height>480</height>
		<depth>3</depth>
	</size>
	<object>
		<name>ref_spoon</name>
		<bndbox>
			<xmin>618</xmin>
			<ymin>114</ymin>
			<xmax>679</xmax>
			<ymax>212</ymax>
		</bndbox>
	</object>
	<object>
		<name>ref_fork</name>
		<bndbox>
			<xmin>554</xmin>
			<ymin>121</ymin>
			<xmax>600</xmax>
			<ymax>229</ymax>
		</bndbox>
	</object>
	<object>
		<name>ref_coin</name>
		<bndbox>
			<xmin>246</xmin>
			<ymin>56</ymin>
			<xmax>289</xmax>
			<ymax>99</ymax>
		</bndbox>
	</object>
	<object>
		<name>dish</name>
		<bndbox>
			<xmin>223</xmin>
			<ymin>77</ymin>
			<xmax>543</xmax>
			<ymax>390</ymax>
		</bndbox>
	</object>
	<object>
		<name>영양돌솥밥</name>
		<bndbox>
			<xmin>269</xmin>
			<ymin>116</ymin>
			<xmax>481</xmax>
			<ymax>338</ymax>
		</bndbox>
	</object>
</annotation>