<annotation>
	<folder>top돌솥밥류돌솥영양돌솥밥q4</folder>
	<filename>top_돌솥밥류_돌솥_영양돌솥밥_Q4_00004.JPG</filename>
	<path>/top돌솥밥류돌솥영양돌솥밥q4/top_돌솥밥류_돌솥_영양돌솥밥_Q4_00004.JPG</path>
	<source>
		<database>fooddata</database>
	</source>
	<size>
		<width>720</width>
		<height>480</height>
		<depth>3</depth>
	</size>
	<object>
		<name>ref_spoon</name>
		<bndbox>
			<xmin>571</xmin>
			<ymin>107</ymin>
			<xmax>628</xmax>
			<ymax>204</ymax>
		</bndbox>
	</object>
	<object>
		<name>ref_fork</name>
		<bndbox>
			<xmin>510</xmin>
			<ymin>114</ymin>
			<xmax>554</xmax>
			<ymax>218</ymax>
		</bndbox>
	</object>
	<object>
		<name>ref_coin</name>
		<bndbox>
			<xmin>187</xmin>
			<ymin>332</ymin>
			<xmax>231</xmax>
			<ymax>378</ymax>
		</bndbox>
	</object>
	<object>
		<name>dish</name>
		<bndbox>
			<xmin>194</xmin>
			<ymin>62</ymin>
			<xmax>508</xmax>
			<ymax>370</ymax>
		</bndbox>
	</object>
	<object>
		<name>영양돌솥밥</name>
		<bndbox>
			<xmin>238</xmin>
			<ymin>143</ymin>
			<xmax>466</xmax>
			<ymax>328</ymax>
		</bndbox>
	</object>
</annotation>