<annotation>
	<folder>top돌솥밥류돌솥영양돌솥밥q4</folder>
	<filename>top_돌솥밥류_돌솥_영양돌솥밥_Q4_00020.JPG</filename>
	<path>/top돌솥밥류돌솥영양돌솥밥q4/top_돌솥밥류_돌솥_영양돌솥밥_Q4_00020.JPG</path>
	<source>
		<database>fooddata</database>
	</source>
	<size>
		<width>720</width>
		<height>480</height>
		<depth>3</depth>
	</size>
	<object>
		<name>ref_spoon</name>
		<bndbox>
			<xmin>247</xmin>
			<ymin>335</ymin>
			<xmax>346</xmax>
			<ymax>390</ymax>
		</bndbox>
	</object>
	<object>
		<name>ref_fork</name>
		<bndbox>
			<xmin>260</xmin>
			<ymin>408</ymin>
			<xmax>362</xmax>
			<ymax>450</ymax>
		</bndbox>
	</object>
	<object>
		<name>ref_coin</name>
		<bndbox>
			<xmin>359</xmin>
			<ymin>13</ymin>
			<xmax>398</xmax>
			<ymax>49</ymax>
		</bndbox>
	</object>
	<object>
		<name>dish</name>
		<bndbox>
			<xmin>280</xmin>
			<ymin>77</ymin>
			<xmax>562</xmax>
			<ymax>347</ymax>
		</bndbox>
	</object>
	<object>
		<name>영양돌솥밥</name>
		<bndbox>
			<xmin>340</xmin>
			<ymin>102</ymin>
			<xmax>528</xmax>
			<ymax>305</ymax>
		</bndbox>
	</object>
</annotation>