<annotation>
	<folder>side주먹밥김밥류접시김밥q5</folder>
	<filename>side_주먹밥김밥류_접시_김밥_Q5_00051.JPG</filename>
	<path>/side주먹밥김밥류접시김밥q5/side_주먹밥김밥류_접시_김밥_Q5_00051.JPG</path>
	<source>
		<database>fooddata</database>
	</source>
	<size>
		<width>5472</width>
		<height>3648</height>
		<depth>3</depth>
	</size>
	<object>
		<name>ref_spoon</name>
		<bndbox>
			<xmin>2008</xmin>
			<ymin>2906</ymin>
			<xmax>2921</xmax>
			<ymax>3389</ymax>
		</bndbox>
	</object>
	<object>
		<name>ref_fork</name>
		<bndbox>
			<xmin>2164</xmin>
			<ymin>2546</ymin>
			<xmax>3158</xmax>
			<ymax>2879</ymax>
		</bndbox>
	</object>
	<object>
		<name>ref_coin</name>
		<bndbox>
			<xmin>2459</xmin>
			<ymin>318</ymin>
			<xmax>2798</xmax>
			<ymax>570</ymax>
		</bndbox>
	</object>
	<object>
		<name>dish</name>
		<bndbox>
			<xmin>1353</xmin>
			<ymin>737</ymin>
			<xmax>4726</xmax>
			<ymax>2101</ymax>
		</bndbox>
	</object>
	<object>
		<name>김밥</name>
		<bndbox>
			<xmin>1643</xmin>
			<ymin>790</ymin>
			<xmax>3968</xmax>
			<ymax>1934</ymax>
		</bndbox>
	</object>
</annotation>