<annotation>
	<folder>side주먹밥김밥류접시김밥q5</folder>
	<filename>side_주먹밥김밥류_접시_김밥_Q5_00027.JPG</filename>
	<path>/side주먹밥김밥류접시김밥q5/side_주먹밥김밥류_접시_김밥_Q5_00027.JPG</path>
	<source>
		<database>fooddata</database>
	</source>
	<size>
		<width>5472</width>
		<height>3648</height>
		<depth>3</depth>
	</size>
	<object>
		<name>ref_spoon</name>
		<bndbox>
			<xmin>1085</xmin>
			<ymin>796</ymin>
			<xmax>1525</xmax>
			<ymax>1504</ymax>
		</bndbox>
	</object>
	<object>
		<name>ref_fork</name>
		<bndbox>
			<xmin>1632</xmin>
			<ymin>828</ymin>
			<xmax>1949</xmax>
			<ymax>1574</ymax>
		</bndbox>
	</object>
	<object>
		<name>ref_coin</name>
		<bndbox>
			<xmin>4280</xmin>
			<ymin>2482</ymin>
			<xmax>4645</xmax>
			<ymax>2793</ymax>
		</bndbox>
	</object>
	<object>
		<name>dish</name>
		<bndbox>
			<xmin>2073</xmin>
			<ymin>377</ymin>
			<xmax>4527</xmax>
			<ymax>2965</ymax>
		</bndbox>
	</object>
	<object>
		<name>김밥</name>
		<bndbox>
			<xmin>2459</xmin>
			<ymin>490</ymin>
			<xmax>4167</xmax>
			<ymax>2482</ymax>
		</bndbox>
	</object>
</annotation>