<annotation>
	<folder>side주먹밥김밥류접시김밥q5</folder>
	<filename>side_주먹밥김밥류_접시_김밥_Q5_00010.JPG</filename>
	<path>/side주먹밥김밥류접시김밥q5/side_주먹밥김밥류_접시_김밥_Q5_00010.JPG</path>
	<source>
		<database>fooddata</database>
	</source>
	<size>
		<width>5472</width>
		<height>3648</height>
		<depth>3</depth>
	</size>
	<object>
		<name>ref_spoon</name>
		<bndbox>
			<xmin>4258</xmin>
			<ymin>801</ymin>
			<xmax>4758</xmax>
			<ymax>1558</ymax>
		</bndbox>
	</object>
	<object>
		<name>ref_fork</name>
		<bndbox>
			<xmin>4876</xmin>
			<ymin>817</ymin>
			<xmax>5214</xmax>
			<ymax>1644</ymax>
		</bndbox>
	</object>
	<object>
		<name>ref_coin</name>
		<bndbox>
			<xmin>2180</xmin>
			<ymin>710</ymin>
			<xmax>2551</xmax>
			<ymax>989</ymax>
		</bndbox>
	</object>
	<object>
		<name>dish</name>
		<bndbox>
			<xmin>209</xmin>
			<ymin>941</ymin>
			<xmax>4253</xmax>
			<ymax>3046</ymax>
		</bndbox>
	</object>
	<object>
		<name>김밥</name>
		<bndbox>
			<xmin>805</xmin>
			<ymin>1021</ymin>
			<xmax>3748</xmax>
			<ymax>2750</ymax>
		</bndbox>
	</object>
</annotation>