<annotation>
	<folder>side주먹밥김밥류접시김밥q5</folder>
	<filename>side_주먹밥김밥류_접시_김밥_Q5_00013.JPG</filename>
	<path>/side주먹밥김밥류접시김밥q5/side_주먹밥김밥류_접시_김밥_Q5_00013.JPG</path>
	<source>
		<database>fooddata</database>
	</source>
	<size>
		<width>5472</width>
		<height>3648</height>
		<depth>3</depth>
	</size>
	<object>
		<name>ref_spoon</name>
		<bndbox>
			<xmin>3995</xmin>
			<ymin>785</ymin>
			<xmax>4484</xmax>
			<ymax>1564</ymax>
		</bndbox>
	</object>
	<object>
		<name>ref_fork</name>
		<bndbox>
			<xmin>4597</xmin>
			<ymin>796</ymin>
			<xmax>4951</xmax>
			<ymax>1628</ymax>
		</bndbox>
	</object>
	<object>
		<name>ref_coin</name>
		<bndbox>
			<xmin>2996</xmin>
			<ymin>1118</ymin>
			<xmax>3405</xmax>
			<ymax>1386</ymax>
		</bndbox>
	</object>
	<object>
		<name>dish</name>
		<bndbox>
			<xmin>118</xmin>
			<ymin>511</ymin>
			<xmax>4113</xmax>
			<ymax>3244</ymax>
		</bndbox>
	</object>
	<object>
		<name>김밥</name>
		<bndbox>
			<xmin>677</xmin>
			<ymin>844</ymin>
			<xmax>3737</xmax>
			<ymax>2836</ymax>
		</bndbox>
	</object>
</annotation>