<annotation>
	<folder>side주먹밥김밥류접시김밥q5</folder>
	<filename>side_주먹밥김밥류_접시_김밥_Q5_00042.JPG</filename>
	<path>/side주먹밥김밥류접시김밥q5/side_주먹밥김밥류_접시_김밥_Q5_00042.JPG</path>
	<source>
		<database>fooddata</database>
	</source>
	<size>
		<width>5472</width>
		<height>3648</height>
		<depth>3</depth>
	</size>
	<object>
		<name>ref_spoon</name>
		<bndbox>
			<xmin>1933</xmin>
			<ymin>2836</ymin>
			<xmax>2846</xmax>
			<ymax>3282</ymax>
		</bndbox>
	</object>
	<object>
		<name>ref_fork</name>
		<bndbox>
			<xmin>2057</xmin>
			<ymin>2487</ymin>
			<xmax>3125</xmax>
			<ymax>2783</ymax>
		</bndbox>
	</object>
	<object>
		<name>ref_coin</name>
		<bndbox>
			<xmin>2621</xmin>
			<ymin>388</ymin>
			<xmax>2921</xmax>
			<ymax>618</ymax>
		</bndbox>
	</object>
	<object>
		<name>dish</name>
		<bndbox>
			<xmin>1230</xmin>
			<ymin>742</ymin>
			<xmax>4559</xmax>
			<ymax>2224</ymax>
		</bndbox>
	</object>
	<object>
		<name>김밥</name>
		<bndbox>
			<xmin>1573</xmin>
			<ymin>812</ymin>
			<xmax>4130</xmax>
			<ymax>2052</ymax>
		</bndbox>
	</object>
</annotation>