<annotation>
	<folder>side주먹밥김밥류접시김밥q5</folder>
	<filename>side_주먹밥김밥류_접시_김밥_Q5_00035.JPG</filename>
	<path>/side주먹밥김밥류접시김밥q5/side_주먹밥김밥류_접시_김밥_Q5_00035.JPG</path>
	<source>
		<database>fooddata</database>
	</source>
	<size>
		<width>5472</width>
		<height>3648</height>
		<depth>3</depth>
	</size>
	<object>
		<name>ref_spoon</name>
		<bndbox>
			<xmin>913</xmin>
			<ymin>935</ymin>
			<xmax>1359</xmax>
			<ymax>1569</ymax>
		</bndbox>
	</object>
	<object>
		<name>ref_fork</name>
		<bndbox>
			<xmin>1487</xmin>
			<ymin>967</ymin>
			<xmax>1794</xmax>
			<ymax>1687</ymax>
		</bndbox>
	</object>
	<object>
		<name>ref_coin</name>
		<bndbox>
			<xmin>3968</xmin>
			<ymin>1139</ymin>
			<xmax>4307</xmax>
			<ymax>1402</ymax>
		</bndbox>
	</object>
	<object>
		<name>dish</name>
		<bndbox>
			<xmin>2148</xmin>
			<ymin>651</ymin>
			<xmax>4607</xmax>
			<ymax>3250</ymax>
		</bndbox>
	</object>
	<object>
		<name>김밥</name>
		<bndbox>
			<xmin>2545</xmin>
			<ymin>849</ymin>
			<xmax>4296</xmax>
			<ymax>2895</ymax>
		</bndbox>
	</object>
</annotation>