<annotation>
	<folder>side주먹밥김밥류접시김밥q5</folder>
	<filename>side_주먹밥김밥류_접시_김밥_Q5_00004.JPG</filename>
	<path>/side주먹밥김밥류접시김밥q5/side_주먹밥김밥류_접시_김밥_Q5_00004.JPG</path>
	<source>
		<database>fooddata</database>
	</source>
	<size>
		<width>5472</width>
		<height>3648</height>
		<depth>3</depth>
	</size>
	<object>
		<name>ref_spoon</name>
		<bndbox>
			<xmin>4291</xmin>
			<ymin>855</ymin>
			<xmax>4811</xmax>
			<ymax>1612</ymax>
		</bndbox>
	</object>
	<object>
		<name>ref_fork</name>
		<bndbox>
			<xmin>4930</xmin>
			<ymin>849</ymin>
			<xmax>5289</xmax>
			<ymax>1698</ymax>
		</bndbox>
	</object>
	<object>
		<name>ref_coin</name>
		<bndbox>
			<xmin>1606</xmin>
			<ymin>2740</ymin>
			<xmax>2035</xmax>
			<ymax>3094</ymax>
		</bndbox>
	</object>
	<object>
		<name>dish</name>
		<bndbox>
			<xmin>709</xmin>
			<ymin>430</ymin>
			<xmax>4532</xmax>
			<ymax>3341</ymax>
		</bndbox>
	</object>
	<object>
		<name>김밥</name>
		<bndbox>
			<xmin>1079</xmin>
			<ymin>753</ymin>
			<xmax>4011</xmax>
			<ymax>2901</ymax>
		</bndbox>
	</object>
</annotation>