<annotation>
	<folder>side주먹밥김밥류접시김밥q5</folder>
	<filename>side_주먹밥김밥류_접시_김밥_Q5_00040.JPG</filename>
	<path>/side주먹밥김밥류접시김밥q5/side_주먹밥김밥류_접시_김밥_Q5_00040.JPG</path>
	<source>
		<database>fooddata</database>
	</source>
	<size>
		<width>5472</width>
		<height>3648</height>
		<depth>3</depth>
	</size>
	<object>
		<name>ref_spoon</name>
		<bndbox>
			<xmin>1917</xmin>
			<ymin>2815</ymin>
			<xmax>2819</xmax>
			<ymax>3255</ymax>
		</bndbox>
	</object>
	<object>
		<name>ref_fork</name>
		<bndbox>
			<xmin>2051</xmin>
			<ymin>2460</ymin>
			<xmax>3034</xmax>
			<ymax>2772</ymax>
		</bndbox>
	</object>
	<object>
		<name>ref_coin</name>
		<bndbox>
			<xmin>3372</xmin>
			<ymin>371</ymin>
			<xmax>3684</xmax>
			<ymax>602</ymax>
		</bndbox>
	</object>
	<object>
		<name>dish</name>
		<bndbox>
			<xmin>1240</xmin>
			<ymin>737</ymin>
			<xmax>4564</xmax>
			<ymax>2203</ymax>
		</bndbox>
	</object>
	<object>
		<name>김밥</name>
		<bndbox>
			<xmin>1380</xmin>
			<ymin>790</ymin>
			<xmax>4113</xmax>
			<ymax>2031</ymax>
		</bndbox>
	</object>
</annotation>