<annotation>
	<folder>top주먹밥김밥류접시김밥q5</folder>
	<filename>top_주먹밥김밥류_접시_김밥_Q5_00006.JPG</filename>
	<path>/top주먹밥김밥류접시김밥q5/top_주먹밥김밥류_접시_김밥_Q5_00006.JPG</path>
	<source>
		<database>fooddata</database>
	</source>
	<size>
		<width>720</width>
		<height>480</height>
		<depth>3</depth>
	</size>
	<object>
		<name>ref_spoon</name>
		<bndbox>
			<xmin>458</xmin>
			<ymin>107</ymin>
			<xmax>504</xmax>
			<ymax>182</ymax>
		</bndbox>
	</object>
	<object>
		<name>ref_fork</name>
		<bndbox>
			<xmin>528</xmin>
			<ymin>113</ymin>
			<xmax>558</xmax>
			<ymax>194</ymax>
		</bndbox>
	</object>
	<object>
		<name>ref_coin</name>
		<bndbox>
			<xmin>209</xmin>
			<ymin>339</ymin>
			<xmax>243</xmax>
			<ymax>375</ymax>
		</bndbox>
	</object>
	<object>
		<name>dish</name>
		<bndbox>
			<xmin>103</xmin>
			<ymin>39</ymin>
			<xmax>447</xmax>
			<ymax>380</ymax>
		</bndbox>
	</object>
	<object>
		<name>김밥</name>
		<bndbox>
			<xmin>143</xmin>
			<ymin>80</ymin>
			<xmax>392</xmax>
			<ymax>339</ymax>
		</bndbox>
	</object>
</annotation>