<annotation>
	<folder>top주먹밥김밥류접시김밥q5</folder>
	<filename>top_주먹밥김밥류_접시_김밥_Q5_00016.JPG</filename>
	<path>/top주먹밥김밥류접시김밥q5/top_주먹밥김밥류_접시_김밥_Q5_00016.JPG</path>
	<source>
		<database>fooddata</database>
	</source>
	<size>
		<width>720</width>
		<height>480</height>
		<depth>3</depth>
	</size>
	<object>
		<name>ref_spoon</name>
		<bndbox>
			<xmin>448</xmin>
			<ymin>94</ymin>
			<xmax>492</xmax>
			<ymax>164</ymax>
		</bndbox>
	</object>
	<object>
		<name>ref_fork</name>
		<bndbox>
			<xmin>516</xmin>
			<ymin>100</ymin>
			<xmax>544</xmax>
			<ymax>177</ymax>
		</bndbox>
	</object>
	<object>
		<name>ref_coin</name>
		<bndbox>
			<xmin>356</xmin>
			<ymin>138</ymin>
			<xmax>386</xmax>
			<ymax>167</ymax>
		</bndbox>
	</object>
	<object>
		<name>dish</name>
		<bndbox>
			<xmin>155</xmin>
			<ymin>56</ymin>
			<xmax>357</xmax>
			<ymax>379</ymax>
		</bndbox>
	</object>
	<object>
		<name>김밥</name>
		<bndbox>
			<xmin>184</xmin>
			<ymin>78</ymin>
			<xmax>335</xmax>
			<ymax>348</ymax>
		</bndbox>
	</object>
</annotation>