<annotation>
	<folder>top주먹밥김밥류접시김밥q5</folder>
	<filename>top_주먹밥김밥류_접시_김밥_Q5_00049.JPG</filename>
	<path>/top주먹밥김밥류접시김밥q5/top_주먹밥김밥류_접시_김밥_Q5_00049.JPG</path>
	<source>
		<database>fooddata</database>
	</source>
	<size>
		<width>720</width>
		<height>480</height>
		<depth>3</depth>
	</size>
	<object>
		<name>ref_spoon</name>
		<bndbox>
			<xmin>84</xmin>
			<ymin>46</ymin>
			<xmax>145</xmax>
			<ymax>140</ymax>
		</bndbox>
	</object>
	<object>
		<name>ref_fork</name>
		<bndbox>
			<xmin>167</xmin>
			<ymin>47</ymin>
			<xmax>208</xmax>
			<ymax>147</ymax>
		</bndbox>
	</object>
	<object>
		<name>ref_coin</name>
		<bndbox>
			<xmin>467</xmin>
			<ymin>353</ymin>
			<xmax>511</xmax>
			<ymax>398</ymax>
		</bndbox>
	</object>
	<object>
		<name>dish</name>
		<bndbox>
			<xmin>200</xmin>
			<ymin>78</ymin>
			<xmax>640</xmax>
			<ymax>319</ymax>
		</bndbox>
	</object>
	<object>
		<name>김밥</name>
		<bndbox>
			<xmin>241</xmin>
			<ymin>105</ymin>
			<xmax>586</xmax>
			<ymax>291</ymax>
		</bndbox>
	</object>
</annotation>