<annotation>
	<folder>top주먹밥김밥류접시김밥q5</folder>
	<filename>top_주먹밥김밥류_접시_김밥_Q5_00010.JPG</filename>
	<path>/top주먹밥김밥류접시김밥q5/top_주먹밥김밥류_접시_김밥_Q5_00010.JPG</path>
	<source>
		<database>fooddata</database>
	</source>
	<size>
		<width>720</width>
		<height>480</height>
		<depth>3</depth>
	</size>
	<object>
		<name>ref_spoon</name>
		<bndbox>
			<xmin>477</xmin>
			<ymin>129</ymin>
			<xmax>524</xmax>
			<ymax>207</ymax>
		</bndbox>
	</object>
	<object>
		<name>ref_fork</name>
		<bndbox>
			<xmin>547</xmin>
			<ymin>138</ymin>
			<xmax>578</xmax>
			<ymax>221</ymax>
		</bndbox>
	</object>
	<object>
		<name>ref_coin</name>
		<bndbox>
			<xmin>207</xmin>
			<ymin>117</ymin>
			<xmax>239</xmax>
			<ymax>148</ymax>
		</bndbox>
	</object>
	<object>
		<name>dish</name>
		<bndbox>
			<xmin>119</xmin>
			<ymin>74</ymin>
			<xmax>445</xmax>
			<ymax>431</ymax>
		</bndbox>
	</object>
	<object>
		<name>김밥</name>
		<bndbox>
			<xmin>156</xmin>
			<ymin>112</ymin>
			<xmax>405</xmax>
			<ymax>368</ymax>
		</bndbox>
	</object>
</annotation>