<annotation>
	<folder>top주먹밥김밥류접시김밥q5</folder>
	<filename>top_주먹밥김밥류_접시_김밥_Q5_00053.JPG</filename>
	<path>/top주먹밥김밥류접시김밥q5/top_주먹밥김밥류_접시_김밥_Q5_00053.JPG</path>
	<source>
		<database>fooddata</database>
	</source>
	<size>
		<width>720</width>
		<height>480</height>
		<depth>3</depth>
	</size>
	<object>
		<name>ref_spoon</name>
		<bndbox>
			<xmin>119</xmin>
			<ymin>98</ymin>
			<xmax>172</xmax>
			<ymax>184</ymax>
		</bndbox>
	</object>
	<object>
		<name>ref_fork</name>
		<bndbox>
			<xmin>191</xmin>
			<ymin>101</ymin>
			<xmax>225</xmax>
			<ymax>191</ymax>
		</bndbox>
	</object>
	<object>
		<name>ref_coin</name>
		<bndbox>
			<xmin>493</xmin>
			<ymin>299</ymin>
			<xmax>531</xmax>
			<ymax>337</ymax>
		</bndbox>
	</object>
	<object>
		<name>dish</name>
		<bndbox>
			<xmin>238</xmin>
			<ymin>46</ymin>
			<xmax>441</xmax>
			<ymax>421</ymax>
		</bndbox>
	</object>
	<object>
		<name>김밥</name>
		<bndbox>
			<xmin>277</xmin>
			<ymin>78</ymin>
			<xmax>420</xmax>
			<ymax>371</ymax>
		</bndbox>
	</object>
</annotation>