<annotation>
	<folder>top주먹밥김밥류접시김밥q5</folder>
	<filename>top_주먹밥김밥류_접시_김밥_Q5_00003.JPG</filename>
	<path>/top주먹밥김밥류접시김밥q5/top_주먹밥김밥류_접시_김밥_Q5_00003.JPG</path>
	<source>
		<database>fooddata</database>
	</source>
	<size>
		<width>720</width>
		<height>480</height>
		<depth>3</depth>
	</size>
	<object>
		<name>ref_spoon</name>
		<bndbox>
			<xmin>446</xmin>
			<ymin>101</ymin>
			<xmax>493</xmax>
			<ymax>179</ymax>
		</bndbox>
	</object>
	<object>
		<name>ref_fork</name>
		<bndbox>
			<xmin>518</xmin>
			<ymin>108</ymin>
			<xmax>548</xmax>
			<ymax>190</ymax>
		</bndbox>
	</object>
	<object>
		<name>ref_coin</name>
		<bndbox>
			<xmin>244</xmin>
			<ymin>384</ymin>
			<xmax>279</xmax>
			<ymax>420</ymax>
		</bndbox>
	</object>
	<object>
		<name>dish</name>
		<bndbox>
			<xmin>42</xmin>
			<ymin>50</ymin>
			<xmax>415</xmax>
			<ymax>355</ymax>
		</bndbox>
	</object>
	<object>
		<name>김밥</name>
		<bndbox>
			<xmin>87</xmin>
			<ymin>94</ymin>
			<xmax>376</xmax>
			<ymax>316</ymax>
		</bndbox>
	</object>
</annotation>