<annotation>
	<folder>top주먹밥김밥류접시김밥q5</folder>
	<filename>top_주먹밥김밥류_접시_김밥_Q5_00018.JPG</filename>
	<path>/top주먹밥김밥류접시김밥q5/top_주먹밥김밥류_접시_김밥_Q5_00018.JPG</path>
	<source>
		<database>fooddata</database>
	</source>
	<size>
		<width>720</width>
		<height>480</height>
		<depth>3</depth>
	</size>
	<object>
		<name>ref_spoon</name>
		<bndbox>
			<xmin>187</xmin>
			<ymin>383</ymin>
			<xmax>270</xmax>
			<ymax>438</ymax>
		</bndbox>
	</object>
	<object>
		<name>ref_fork</name>
		<bndbox>
			<xmin>206</xmin>
			<ymin>342</ymin>
			<xmax>295</xmax>
			<ymax>377</ymax>
		</bndbox>
	</object>
	<object>
		<name>ref_coin</name>
		<bndbox>
			<xmin>587</xmin>
			<ymin>208</ymin>
			<xmax>622</xmax>
			<ymax>241</ymax>
		</bndbox>
	</object>
	<object>
		<name>dish</name>
		<bndbox>
			<xmin>189</xmin>
			<ymin>115</ymin>
			<xmax>551</xmax>
			<ymax>316</ymax>
		</bndbox>
	</object>
	<object>
		<name>김밥</name>
		<bndbox>
			<xmin>209</xmin>
			<ymin>140</ymin>
			<xmax>515</xmax>
			<ymax>293</ymax>
		</bndbox>
	</object>
</annotation>