<annotation>
	<folder>top주먹밥김밥류접시김밥q5</folder>
	<filename>top_주먹밥김밥류_접시_김밥_Q5_00037.JPG</filename>
	<path>/top주먹밥김밥류접시김밥q5/top_주먹밥김밥류_접시_김밥_Q5_00037.JPG</path>
	<source>
		<database>fooddata</database>
	</source>
	<size>
		<width>720</width>
		<height>480</height>
		<depth>3</depth>
	</size>
	<object>
		<name>ref_spoon</name>
		<bndbox>
			<xmin>108</xmin>
			<ymin>64</ymin>
			<xmax>166</xmax>
			<ymax>156</ymax>
		</bndbox>
	</object>
	<object>
		<name>ref_fork</name>
		<bndbox>
			<xmin>186</xmin>
			<ymin>70</ymin>
			<xmax>221</xmax>
			<ymax>167</ymax>
		</bndbox>
	</object>
	<object>
		<name>ref_coin</name>
		<bndbox>
			<xmin>330</xmin>
			<ymin>348</ymin>
			<xmax>372</xmax>
			<ymax>391</ymax>
		</bndbox>
	</object>
	<object>
		<name>dish</name>
		<bndbox>
			<xmin>234</xmin>
			<ymin>102</ymin>
			<xmax>654</xmax>
			<ymax>329</ymax>
		</bndbox>
	</object>
	<object>
		<name>김밥</name>
		<bndbox>
			<xmin>251</xmin>
			<ymin>130</ymin>
			<xmax>611</xmax>
			<ymax>308</ymax>
		</bndbox>
	</object>
</annotation>