<annotation>
	<folder>side육류부피접시오징어볶음q1</folder>
	<filename>side_육류부피_접시_오징어볶음_Q1_00032.JPG</filename>
	<path>/side육류부피접시오징어볶음q1/side_육류부피_접시_오징어볶음_Q1_00032.JPG</path>
	<source>
		<database>fooddata</database>
	</source>
	<size>
		<width>720</width>
		<height>480</height>
		<depth>3</depth>
	</size>
	<object>
		<name>ref_spoon</name>
		<bndbox>
			<xmin>56</xmin>
			<ymin>77</ymin>
			<xmax>129</xmax>
			<ymax>193</ymax>
		</bndbox>
	</object>
	<object>
		<name>ref_fork</name>
		<bndbox>
			<xmin>163</xmin>
			<ymin>90</ymin>
			<xmax>212</xmax>
			<ymax>219</ymax>
		</bndbox>
	</object>
	<object>
		<name>ref_coin</name>
		<bndbox>
			<xmin>613</xmin>
			<ymin>152</ymin>
			<xmax>666</xmax>
			<ymax>193</ymax>
		</bndbox>
	</object>
	<object>
		<name>dish</name>
		<bndbox>
			<xmin>223</xmin>
			<ymin>75</ymin>
			<xmax>583</xmax>
			<ymax>341</ymax>
		</bndbox>
	</object>
	<object>
		<name>오징어볶음</name>
		<bndbox>
			<xmin>364</xmin>
			<ymin>111</ymin>
			<xmax>452</xmax>
			<ymax>257</ymax>
		</bndbox>
	</object>
</annotation>