<annotation>
	<folder>side육류부피접시오징어볶음q1</folder>
	<filename>side_육류부피_접시_오징어볶음_Q1_00008.JPG</filename>
	<path>/side육류부피접시오징어볶음q1/side_육류부피_접시_오징어볶음_Q1_00008.JPG</path>
	<source>
		<database>fooddata</database>
	</source>
	<size>
		<width>720</width>
		<height>480</height>
		<depth>3</depth>
	</size>
	<object>
		<name>ref_spoon</name>
		<bndbox>
			<xmin>386</xmin>
			<ymin>111</ymin>
			<xmax>459</xmax>
			<ymax>219</ymax>
		</bndbox>
	</object>
	<object>
		<name>ref_fork</name>
		<bndbox>
			<xmin>476</xmin>
			<ymin>122</ymin>
			<xmax>527</xmax>
			<ymax>242</ymax>
		</bndbox>
	</object>
	<object>
		<name>ref_coin</name>
		<bndbox>
			<xmin>564</xmin>
			<ymin>249</ymin>
			<xmax>615</xmax>
			<ymax>291</ymax>
		</bndbox>
	</object>
	<object>
		<name>dish</name>
		<bndbox>
			<xmin>26</xmin>
			<ymin>118</ymin>
			<xmax>384</xmax>
			<ymax>377</ymax>
		</bndbox>
	</object>
	<object>
		<name>오징어볶음</name>
		<bndbox>
			<xmin>141</xmin>
			<ymin>204</ymin>
			<xmax>285</xmax>
			<ymax>296</ymax>
		</bndbox>
	</object>
</annotation>