<annotation>
	<folder>side육류부피접시오징어볶음q1</folder>
	<filename>side_육류부피_접시_오징어볶음_Q1_00023.JPG</filename>
	<path>/side육류부피접시오징어볶음q1/side_육류부피_접시_오징어볶음_Q1_00023.JPG</path>
	<source>
		<database>fooddata</database>
	</source>
	<size>
		<width>720</width>
		<height>480</height>
		<depth>3</depth>
	</size>
	<object>
		<name>ref_spoon</name>
		<bndbox>
			<xmin>109</xmin>
			<ymin>84</ymin>
			<xmax>178</xmax>
			<ymax>195</ymax>
		</bndbox>
	</object>
	<object>
		<name>ref_fork</name>
		<bndbox>
			<xmin>210</xmin>
			<ymin>94</ymin>
			<xmax>257</xmax>
			<ymax>219</ymax>
		</bndbox>
	</object>
	<object>
		<name>ref_coin</name>
		<bndbox>
			<xmin>298</xmin>
			<ymin>360</ymin>
			<xmax>356</xmax>
			<ymax>409</ymax>
		</bndbox>
	</object>
	<object>
		<name>dish</name>
		<bndbox>
			<xmin>296</xmin>
			<ymin>84</ymin>
			<xmax>656</xmax>
			<ymax>349</ymax>
		</bndbox>
	</object>
	<object>
		<name>오징어볶음</name>
		<bndbox>
			<xmin>414</xmin>
			<ymin>159</ymin>
			<xmax>529</xmax>
			<ymax>279</ymax>
		</bndbox>
	</object>
</annotation>