<annotation>
	<folder>side육류부피접시오징어볶음q1</folder>
	<filename>side_육류부피_접시_오징어볶음_Q1_00039.JPG</filename>
	<path>/side육류부피접시오징어볶음q1/side_육류부피_접시_오징어볶음_Q1_00039.JPG</path>
	<source>
		<database>fooddata</database>
	</source>
	<size>
		<width>720</width>
		<height>480</height>
		<depth>3</depth>
	</size>
	<object>
		<name>ref_spoon</name>
		<bndbox>
			<xmin>111</xmin>
			<ymin>107</ymin>
			<xmax>184</xmax>
			<ymax>223</ymax>
		</bndbox>
	</object>
	<object>
		<name>ref_fork</name>
		<bndbox>
			<xmin>214</xmin>
			<ymin>116</ymin>
			<xmax>268</xmax>
			<ymax>236</ymax>
		</bndbox>
	</object>
	<object>
		<name>ref_coin</name>
		<bndbox>
			<xmin>261</xmin>
			<ymin>60</ymin>
			<xmax>311</xmax>
			<ymax>99</ymax>
		</bndbox>
	</object>
	<object>
		<name>dish</name>
		<bndbox>
			<xmin>276</xmin>
			<ymin>94</ymin>
			<xmax>643</xmax>
			<ymax>360</ymax>
		</bndbox>
	</object>
	<object>
		<name>오징어볶음</name>
		<bndbox>
			<xmin>454</xmin>
			<ymin>165</ymin>
			<xmax>564</xmax>
			<ymax>281</ymax>
		</bndbox>
	</object>
</annotation>