<annotation>
	<folder>side육류부피접시오징어볶음q1</folder>
	<filename>side_육류부피_접시_오징어볶음_Q1_00045.JPG</filename>
	<path>/side육류부피접시오징어볶음q1/side_육류부피_접시_오징어볶음_Q1_00045.JPG</path>
	<source>
		<database>fooddata</database>
	</source>
	<size>
		<width>720</width>
		<height>480</height>
		<depth>3</depth>
	</size>
	<object>
		<name>ref_spoon</name>
		<bndbox>
			<xmin>94</xmin>
			<ymin>131</ymin>
			<xmax>165</xmax>
			<ymax>244</ymax>
		</bndbox>
	</object>
	<object>
		<name>ref_fork</name>
		<bndbox>
			<xmin>195</xmin>
			<ymin>139</ymin>
			<xmax>249</xmax>
			<ymax>264</ymax>
		</bndbox>
	</object>
	<object>
		<name>ref_coin</name>
		<bndbox>
			<xmin>476</xmin>
			<ymin>69</ymin>
			<xmax>523</xmax>
			<ymax>103</ymax>
		</bndbox>
	</object>
	<object>
		<name>dish</name>
		<bndbox>
			<xmin>255</xmin>
			<ymin>120</ymin>
			<xmax>624</xmax>
			<ymax>384</ymax>
		</bndbox>
	</object>
	<object>
		<name>오징어볶음</name>
		<bndbox>
			<xmin>422</xmin>
			<ymin>186</ymin>
			<xmax>521</xmax>
			<ymax>306</ymax>
		</bndbox>
	</object>
</annotation>