<annotation>
	<folder>side육류부피접시오징어볶음q1</folder>
	<filename>side_육류부피_접시_오징어볶음_Q1_00033.JPG</filename>
	<path>/side육류부피접시오징어볶음q1/side_육류부피_접시_오징어볶음_Q1_00033.JPG</path>
	<source>
		<database>fooddata</database>
	</source>
	<size>
		<width>720</width>
		<height>480</height>
		<depth>3</depth>
	</size>
	<object>
		<name>ref_spoon</name>
		<bndbox>
			<xmin>75</xmin>
			<ymin>124</ymin>
			<xmax>141</xmax>
			<ymax>231</ymax>
		</bndbox>
	</object>
	<object>
		<name>ref_fork</name>
		<bndbox>
			<xmin>176</xmin>
			<ymin>129</ymin>
			<xmax>227</xmax>
			<ymax>253</ymax>
		</bndbox>
	</object>
	<object>
		<name>ref_coin</name>
		<bndbox>
			<xmin>576</xmin>
			<ymin>146</ymin>
			<xmax>626</xmax>
			<ymax>182</ymax>
		</bndbox>
	</object>
	<object>
		<name>dish</name>
		<bndbox>
			<xmin>240</xmin>
			<ymin>116</ymin>
			<xmax>600</xmax>
			<ymax>384</ymax>
		</bndbox>
	</object>
	<object>
		<name>오징어볶음</name>
		<bndbox>
			<xmin>309</xmin>
			<ymin>152</ymin>
			<xmax>426</xmax>
			<ymax>242</ymax>
		</bndbox>
	</object>
</annotation>