<annotation>
	<folder>side육류부피접시오징어볶음q1</folder>
	<filename>side_육류부피_접시_오징어볶음_Q1_00017.JPG</filename>
	<path>/side육류부피접시오징어볶음q1/side_육류부피_접시_오징어볶음_Q1_00017.JPG</path>
	<source>
		<database>fooddata</database>
	</source>
	<size>
		<width>720</width>
		<height>480</height>
		<depth>3</depth>
	</size>
	<object>
		<name>ref_spoon</name>
		<bndbox>
			<xmin>186</xmin>
			<ymin>369</ymin>
			<xmax>302</xmax>
			<ymax>437</ymax>
		</bndbox>
	</object>
	<object>
		<name>ref_fork</name>
		<bndbox>
			<xmin>195</xmin>
			<ymin>304</ymin>
			<xmax>315</xmax>
			<ymax>360</ymax>
		</bndbox>
	</object>
	<object>
		<name>ref_coin</name>
		<bndbox>
			<xmin>542</xmin>
			<ymin>124</ymin>
			<xmax>589</xmax>
			<ymax>163</ymax>
		</bndbox>
	</object>
	<object>
		<name>dish</name>
		<bndbox>
			<xmin>214</xmin>
			<ymin>69</ymin>
			<xmax>534</xmax>
			<ymax>304</ymax>
		</bndbox>
	</object>
	<object>
		<name>오징어볶음</name>
		<bndbox>
			<xmin>315</xmin>
			<ymin>131</ymin>
			<xmax>433</xmax>
			<ymax>242</ymax>
		</bndbox>
	</object>
</annotation>