<annotation>
	<folder>side육류부피접시오징어볶음q1</folder>
	<filename>side_육류부피_접시_오징어볶음_Q1_00046.JPG</filename>
	<path>/side육류부피접시오징어볶음q1/side_육류부피_접시_오징어볶음_Q1_00046.JPG</path>
	<source>
		<database>fooddata</database>
	</source>
	<size>
		<width>720</width>
		<height>480</height>
		<depth>3</depth>
	</size>
	<object>
		<name>ref_spoon</name>
		<bndbox>
			<xmin>94</xmin>
			<ymin>129</ymin>
			<xmax>167</xmax>
			<ymax>244</ymax>
		</bndbox>
	</object>
	<object>
		<name>ref_fork</name>
		<bndbox>
			<xmin>199</xmin>
			<ymin>137</ymin>
			<xmax>249</xmax>
			<ymax>259</ymax>
		</bndbox>
	</object>
	<object>
		<name>ref_coin</name>
		<bndbox>
			<xmin>529</xmin>
			<ymin>81</ymin>
			<xmax>579</xmax>
			<ymax>122</ymax>
		</bndbox>
	</object>
	<object>
		<name>dish</name>
		<bndbox>
			<xmin>261</xmin>
			<ymin>118</ymin>
			<xmax>624</xmax>
			<ymax>386</ymax>
		</bndbox>
	</object>
	<object>
		<name>오징어볶음</name>
		<bndbox>
			<xmin>362</xmin>
			<ymin>221</ymin>
			<xmax>523</xmax>
			<ymax>302</ymax>
		</bndbox>
	</object>
</annotation>