<annotation>
	<folder>재작업2</folder>
	<filename>side_육류부피_접시_오징어볶음_Q1_00044.JPG</filename>
	<path>/side육류부피접시오징어볶음q1/side_육류부피_접시_오징어볶음_Q1_00044.JPG</path>
	<source>
		<database>fooddata</database>
	</source>
	<size>
		<width>720</width>
		<height>480</height>
		<depth>3</depth>
	</size>
	<object>
		<name>ref_spoon</name>
		<bndbox>
			<xmin>106</xmin>
			<ymin>131</ymin>
			<xmax>177</xmax>
			<ymax>225</ymax>
		</bndbox>
	</object>
	<object>
		<name>ref_fork</name>
		<bndbox>
			<xmin>210</xmin>
			<ymin>138</ymin>
			<xmax>258</xmax>
			<ymax>244</ymax>
		</bndbox>
	</object>
	<object>
		<name>ref_coin</name>
		<bndbox>
			<xmin>441</xmin>
			<ymin>69</ymin>
			<xmax>491</xmax>
			<ymax>106</ymax>
		</bndbox>
	</object>
	<object>
		<name>dish</name>
		<bndbox>
			<xmin>269</xmin>
			<ymin>119</ymin>
			<xmax>639</xmax>
			<ymax>392</ymax>
		</bndbox>
	</object>
	<object>
		<name>오징어볶음</name>
		<bndbox>
			<xmin>378</xmin>
			<ymin>165</ymin>
			<xmax>532</xmax>
			<ymax>332</ymax>
		</bndbox>
	</object>
</annotation>