<annotation>
	<folder>side육류부피접시오징어볶음q1</folder>
	<filename>side_육류부피_접시_오징어볶음_Q1_00037.JPG</filename>
	<path>/side육류부피접시오징어볶음q1/side_육류부피_접시_오징어볶음_Q1_00037.JPG</path>
	<source>
		<database>fooddata</database>
	</source>
	<size>
		<width>720</width>
		<height>480</height>
		<depth>3</depth>
	</size>
	<object>
		<name>ref_spoon</name>
		<bndbox>
			<xmin>109</xmin>
			<ymin>122</ymin>
			<xmax>182</xmax>
			<ymax>236</ymax>
		</bndbox>
	</object>
	<object>
		<name>ref_fork</name>
		<bndbox>
			<xmin>214</xmin>
			<ymin>126</ymin>
			<xmax>261</xmax>
			<ymax>253</ymax>
		</bndbox>
	</object>
	<object>
		<name>ref_coin</name>
		<bndbox>
			<xmin>349</xmin>
			<ymin>49</ymin>
			<xmax>401</xmax>
			<ymax>81</ymax>
		</bndbox>
	</object>
	<object>
		<name>dish</name>
		<bndbox>
			<xmin>276</xmin>
			<ymin>111</ymin>
			<xmax>641</xmax>
			<ymax>373</ymax>
		</bndbox>
	</object>
	<object>
		<name>오징어볶음</name>
		<bndbox>
			<xmin>339</xmin>
			<ymin>184</ymin>
			<xmax>439</xmax>
			<ymax>291</ymax>
		</bndbox>
	</object>
</annotation>