<annotation>
	<folder>side육류부피접시오징어볶음q1</folder>
	<filename>side_육류부피_접시_오징어볶음_Q1_00043.JPG</filename>
	<path>/side육류부피접시오징어볶음q1/side_육류부피_접시_오징어볶음_Q1_00043.JPG</path>
	<source>
		<database>fooddata</database>
	</source>
	<size>
		<width>720</width>
		<height>480</height>
		<depth>3</depth>
	</size>
	<object>
		<name>ref_spoon</name>
		<bndbox>
			<xmin>107</xmin>
			<ymin>131</ymin>
			<xmax>176</xmax>
			<ymax>249</ymax>
		</bndbox>
	</object>
	<object>
		<name>ref_fork</name>
		<bndbox>
			<xmin>208</xmin>
			<ymin>144</ymin>
			<xmax>259</xmax>
			<ymax>270</ymax>
		</bndbox>
	</object>
	<object>
		<name>ref_coin</name>
		<bndbox>
			<xmin>371</xmin>
			<ymin>66</ymin>
			<xmax>422</xmax>
			<ymax>107</ymax>
		</bndbox>
	</object>
	<object>
		<name>dish</name>
		<bndbox>
			<xmin>274</xmin>
			<ymin>122</ymin>
			<xmax>636</xmax>
			<ymax>392</ymax>
		</bndbox>
	</object>
	<object>
		<name>오징어볶음</name>
		<bndbox>
			<xmin>414</xmin>
			<ymin>197</ymin>
			<xmax>534</xmax>
			<ymax>298</ymax>
		</bndbox>
	</object>
</annotation>