<annotation>
	<folder>top육류부피접시오징어볶음q1</folder>
	<filename>top_육류부피_접시_오징어볶음_Q1_00021.JPG</filename>
	<path>/top육류부피접시오징어볶음q1/top_육류부피_접시_오징어볶음_Q1_00021.JPG</path>
	<source>
		<database>fooddata</database>
	</source>
	<size>
		<width>5472</width>
		<height>3648</height>
		<depth>3</depth>
	</size>
	<object>
		<name>ref_spoon</name>
		<bndbox>
			<xmin>2022</xmin>
			<ymin>3005</ymin>
			<xmax>2679</xmax>
			<ymax>3419</ymax>
		</bndbox>
	</object>
	<object>
		<name>ref_fork</name>
		<bndbox>
			<xmin>2141</xmin>
			<ymin>2567</ymin>
			<xmax>2836</xmax>
			<ymax>2838</ymax>
		</bndbox>
	</object>
	<object>
		<name>ref_coin</name>
		<bndbox>
			<xmin>2236</xmin>
			<ymin>343</ymin>
			<xmax>2503</xmax>
			<ymax>591</ymax>
		</bndbox>
	</object>
	<object>
		<name>dish</name>
		<bndbox>
			<xmin>2217</xmin>
			<ymin>643</ymin>
			<xmax>4141</xmax>
			<ymax>2519</ymax>
		</bndbox>
	</object>
	<object>
		<name>오징어볶음</name>
		<bndbox>
			<xmin>2798</xmin>
			<ymin>1076</ymin>
			<xmax>3688</xmax>
			<ymax>1938</ymax>
		</bndbox>
	</object>
</annotation>