<annotation>
	<folder>top육류부피접시오징어볶음q1</folder>
	<filename>top_육류부피_접시_오징어볶음_Q1_00016.JPG</filename>
	<path>/top육류부피접시오징어볶음q1/top_육류부피_접시_오징어볶음_Q1_00016.JPG</path>
	<source>
		<database>fooddata</database>
	</source>
	<size>
		<width>5472</width>
		<height>3648</height>
		<depth>3</depth>
	</size>
	<object>
		<name>ref_spoon</name>
		<bndbox>
			<xmin>1941</xmin>
			<ymin>2800</ymin>
			<xmax>2650</xmax>
			<ymax>3229</ymax>
		</bndbox>
	</object>
	<object>
		<name>ref_fork</name>
		<bndbox>
			<xmin>2065</xmin>
			<ymin>2343</ymin>
			<xmax>2793</xmax>
			<ymax>2619</ymax>
		</bndbox>
	</object>
	<object>
		<name>ref_coin</name>
		<bndbox>
			<xmin>3779</xmin>
			<ymin>238</ymin>
			<xmax>4065</xmax>
			<ymax>510</ymax>
		</bndbox>
	</object>
	<object>
		<name>dish</name>
		<bndbox>
			<xmin>2026</xmin>
			<ymin>233</ymin>
			<xmax>4079</xmax>
			<ymax>2248</ymax>
		</bndbox>
	</object>
	<object>
		<name>오징어볶음</name>
		<bndbox>
			<xmin>2360</xmin>
			<ymin>919</ymin>
			<xmax>3560</xmax>
			<ymax>1738</ymax>
		</bndbox>
	</object>
</annotation>