<annotation>
	<folder>top육류부피접시오징어볶음q1</folder>
	<filename>top_육류부피_접시_오징어볶음_Q1_00031.JPG</filename>
	<path>/top육류부피접시오징어볶음q1/top_육류부피_접시_오징어볶음_Q1_00031.JPG</path>
	<source>
		<database>fooddata</database>
	</source>
	<size>
		<width>5472</width>
		<height>3648</height>
		<depth>3</depth>
	</size>
	<object>
		<name>ref_spoon</name>
		<bndbox>
			<xmin>1117</xmin>
			<ymin>691</ymin>
			<xmax>1598</xmax>
			<ymax>1519</ymax>
		</bndbox>
	</object>
	<object>
		<name>ref_fork</name>
		<bndbox>
			<xmin>1707</xmin>
			<ymin>733</ymin>
			<xmax>2026</xmax>
			<ymax>1619</ymax>
		</bndbox>
	</object>
	<object>
		<name>ref_coin</name>
		<bndbox>
			<xmin>4241</xmin>
			<ymin>843</ymin>
			<xmax>4598</xmax>
			<ymax>1181</ymax>
		</bndbox>
	</object>
	<object>
		<name>dish</name>
		<bndbox>
			<xmin>1969</xmin>
			<ymin>729</ymin>
			<xmax>4546</xmax>
			<ymax>3277</ymax>
		</bndbox>
	</object>
	<object>
		<name>오징어볶음</name>
		<bndbox>
			<xmin>2465</xmin>
			<ymin>1562</ymin>
			<xmax>3612</xmax>
			<ymax>2672</ymax>
		</bndbox>
	</object>
</annotation>