<annotation>
	<folder>top육류부피접시오징어볶음q1</folder>
	<filename>top_육류부피_접시_오징어볶음_Q1_00037.JPG</filename>
	<path>/top육류부피접시오징어볶음q1/top_육류부피_접시_오징어볶음_Q1_00037.JPG</path>
	<source>
		<database>fooddata</database>
	</source>
	<size>
		<width>5472</width>
		<height>3648</height>
		<depth>3</depth>
	</size>
	<object>
		<name>ref_spoon</name>
		<bndbox>
			<xmin>836</xmin>
			<ymin>838</ymin>
			<xmax>1303</xmax>
			<ymax>1676</ymax>
		</bndbox>
	</object>
	<object>
		<name>ref_fork</name>
		<bndbox>
			<xmin>1407</xmin>
			<ymin>867</ymin>
			<xmax>1736</xmax>
			<ymax>1724</ymax>
		</bndbox>
	</object>
	<object>
		<name>ref_coin</name>
		<bndbox>
			<xmin>2117</xmin>
			<ymin>362</ymin>
			<xmax>2445</xmax>
			<ymax>681</ymax>
		</bndbox>
	</object>
	<object>
		<name>dish</name>
		<bndbox>
			<xmin>1731</xmin>
			<ymin>843</ymin>
			<xmax>4193</xmax>
			<ymax>3286</ymax>
		</bndbox>
	</object>
	<object>
		<name>오징어볶음</name>
		<bndbox>
			<xmin>2298</xmin>
			<ymin>1619</ymin>
			<xmax>3593</xmax>
			<ymax>2748</ymax>
		</bndbox>
	</object>
</annotation>