<annotation>
	<folder>top육류부피접시오징어볶음q1</folder>
	<filename>top_육류부피_접시_오징어볶음_Q1_00041.JPG</filename>
	<path>/top육류부피접시오징어볶음q1/top_육류부피_접시_오징어볶음_Q1_00041.JPG</path>
	<source>
		<database>fooddata</database>
	</source>
	<size>
		<width>5472</width>
		<height>3648</height>
		<depth>3</depth>
	</size>
	<object>
		<name>ref_spoon</name>
		<bndbox>
			<xmin>1079</xmin>
			<ymin>1000</ymin>
			<xmax>1550</xmax>
			<ymax>1829</ymax>
		</bndbox>
	</object>
	<object>
		<name>ref_fork</name>
		<bndbox>
			<xmin>1636</xmin>
			<ymin>1010</ymin>
			<xmax>1969</xmax>
			<ymax>1843</ymax>
		</bndbox>
	</object>
	<object>
		<name>ref_coin</name>
		<bndbox>
			<xmin>4031</xmin>
			<ymin>738</ymin>
			<xmax>4365</xmax>
			<ymax>1048</ymax>
		</bndbox>
	</object>
	<object>
		<name>dish</name>
		<bndbox>
			<xmin>1988</xmin>
			<ymin>938</ymin>
			<xmax>4412</xmax>
			<ymax>3362</ymax>
		</bndbox>
	</object>
	<object>
		<name>오징어볶음</name>
		<bndbox>
			<xmin>2465</xmin>
			<ymin>1557</ymin>
			<xmax>3360</xmax>
			<ymax>2919</ymax>
		</bndbox>
	</object>
</annotation>