<annotation>
	<folder>top육류부피접시오징어볶음q1</folder>
	<filename>top_육류부피_접시_오징어볶음_Q1_00039.JPG</filename>
	<path>/top육류부피접시오징어볶음q1/top_육류부피_접시_오징어볶음_Q1_00039.JPG</path>
	<source>
		<database>fooddata</database>
	</source>
	<size>
		<width>5472</width>
		<height>3648</height>
		<depth>3</depth>
	</size>
	<object>
		<name>ref_spoon</name>
		<bndbox>
			<xmin>1055</xmin>
			<ymin>867</ymin>
			<xmax>1517</xmax>
			<ymax>1638</ymax>
		</bndbox>
	</object>
	<object>
		<name>ref_fork</name>
		<bndbox>
			<xmin>1612</xmin>
			<ymin>876</ymin>
			<xmax>1936</xmax>
			<ymax>1743</ymax>
		</bndbox>
	</object>
	<object>
		<name>ref_coin</name>
		<bndbox>
			<xmin>3227</xmin>
			<ymin>271</ymin>
			<xmax>3560</xmax>
			<ymax>586</ymax>
		</bndbox>
	</object>
	<object>
		<name>dish</name>
		<bndbox>
			<xmin>1936</xmin>
			<ymin>843</ymin>
			<xmax>4384</xmax>
			<ymax>3257</ymax>
		</bndbox>
	</object>
	<object>
		<name>오징어볶음</name>
		<bndbox>
			<xmin>2479</xmin>
			<ymin>1495</ymin>
			<xmax>3769</xmax>
			<ymax>2800</ymax>
		</bndbox>
	</object>
</annotation>