<annotation>
	<folder>top육류부피접시오징어볶음q1</folder>
	<filename>top_육류부피_접시_오징어볶음_Q1_00022.JPG</filename>
	<path>/top육류부피접시오징어볶음q1/top_육류부피_접시_오징어볶음_Q1_00022.JPG</path>
	<source>
		<database>fooddata</database>
	</source>
	<size>
		<width>5472</width>
		<height>3648</height>
		<depth>3</depth>
	</size>
	<object>
		<name>ref_spoon</name>
		<bndbox>
			<xmin>2145</xmin>
			<ymin>2900</ymin>
			<xmax>2812</xmax>
			<ymax>3319</ymax>
		</bndbox>
	</object>
	<object>
		<name>ref_fork</name>
		<bndbox>
			<xmin>2269</xmin>
			<ymin>2472</ymin>
			<xmax>2960</xmax>
			<ymax>2738</ymax>
		</bndbox>
	</object>
	<object>
		<name>ref_coin</name>
		<bndbox>
			<xmin>2131</xmin>
			<ymin>443</ymin>
			<xmax>2398</xmax>
			<ymax>691</ymax>
		</bndbox>
	</object>
	<object>
		<name>dish</name>
		<bndbox>
			<xmin>2350</xmin>
			<ymin>533</ymin>
			<xmax>4279</xmax>
			<ymax>2400</ymax>
		</bndbox>
	</object>
	<object>
		<name>오징어볶음</name>
		<bndbox>
			<xmin>2841</xmin>
			<ymin>967</ymin>
			<xmax>3927</xmax>
			<ymax>1738</ymax>
		</bndbox>
	</object>
</annotation>