<annotation>
	<folder>top육류부피접시오징어볶음q1</folder>
	<filename>top_육류부피_접시_오징어볶음_Q1_00004.JPG</filename>
	<path>/top육류부피접시오징어볶음q1/top_육류부피_접시_오징어볶음_Q1_00004.JPG</path>
	<source>
		<database>fooddata</database>
	</source>
	<size>
		<width>5472</width>
		<height>3648</height>
		<depth>3</depth>
	</size>
	<object>
		<name>ref_spoon</name>
		<bndbox>
			<xmin>3884</xmin>
			<ymin>371</ymin>
			<xmax>4393</xmax>
			<ymax>1248</ymax>
		</bndbox>
	</object>
	<object>
		<name>ref_fork</name>
		<bndbox>
			<xmin>4550</xmin>
			<ymin>391</ymin>
			<xmax>4874</xmax>
			<ymax>1338</ymax>
		</bndbox>
	</object>
	<object>
		<name>ref_coin</name>
		<bndbox>
			<xmin>1793</xmin>
			<ymin>3110</ymin>
			<xmax>2169</xmax>
			<ymax>3505</ymax>
		</bndbox>
	</object>
	<object>
		<name>dish</name>
		<bndbox>
			<xmin>1141</xmin>
			<ymin>395</ymin>
			<xmax>3769</xmax>
			<ymax>3010</ymax>
		</bndbox>
	</object>
	<object>
		<name>오징어볶음</name>
		<bndbox>
			<xmin>1555</xmin>
			<ymin>1200</ymin>
			<xmax>2765</xmax>
			<ymax>2319</ymax>
		</bndbox>
	</object>
</annotation>