<annotation>
	<folder>top육류부피접시오징어볶음q1</folder>
	<filename>top_육류부피_접시_오징어볶음_Q1_00012.JPG</filename>
	<path>/top육류부피접시오징어볶음q1/top_육류부피_접시_오징어볶음_Q1_00012.JPG</path>
	<source>
		<database>fooddata</database>
	</source>
	<size>
		<width>5472</width>
		<height>3648</height>
		<depth>3</depth>
	</size>
	<object>
		<name>ref_spoon</name>
		<bndbox>
			<xmin>1745</xmin>
			<ymin>2829</ymin>
			<xmax>2445</xmax>
			<ymax>3257</ymax>
		</bndbox>
	</object>
	<object>
		<name>ref_fork</name>
		<bndbox>
			<xmin>1874</xmin>
			<ymin>2367</ymin>
			<xmax>2622</xmax>
			<ymax>2648</ymax>
		</bndbox>
	</object>
	<object>
		<name>ref_coin</name>
		<bndbox>
			<xmin>3688</xmin>
			<ymin>1914</ymin>
			<xmax>3989</xmax>
			<ymax>2210</ymax>
		</bndbox>
	</object>
	<object>
		<name>dish</name>
		<bndbox>
			<xmin>1826</xmin>
			<ymin>186</ymin>
			<xmax>3898</xmax>
			<ymax>2253</ymax>
		</bndbox>
	</object>
	<object>
		<name>오징어볶음</name>
		<bndbox>
			<xmin>2493</xmin>
			<ymin>786</ymin>
			<xmax>3403</xmax>
			<ymax>1786</ymax>
		</bndbox>
	</object>
</annotation>