<annotation>
	<folder>top육류부피접시오징어볶음q1</folder>
	<filename>top_육류부피_접시_오징어볶음_Q1_00030.JPG</filename>
	<path>/top육류부피접시오징어볶음q1/top_육류부피_접시_오징어볶음_Q1_00030.JPG</path>
	<source>
		<database>fooddata</database>
	</source>
	<size>
		<width>5472</width>
		<height>3648</height>
		<depth>3</depth>
	</size>
	<object>
		<name>ref_spoon</name>
		<bndbox>
			<xmin>1074</xmin>
			<ymin>695</ymin>
			<xmax>1560</xmax>
			<ymax>1538</ymax>
		</bndbox>
	</object>
	<object>
		<name>ref_fork</name>
		<bndbox>
			<xmin>1669</xmin>
			<ymin>724</ymin>
			<xmax>1984</xmax>
			<ymax>1595</ymax>
		</bndbox>
	</object>
	<object>
		<name>ref_coin</name>
		<bndbox>
			<xmin>4550</xmin>
			<ymin>1419</ymin>
			<xmax>4917</xmax>
			<ymax>1772</ymax>
		</bndbox>
	</object>
	<object>
		<name>dish</name>
		<bndbox>
			<xmin>1955</xmin>
			<ymin>724</ymin>
			<xmax>4522</xmax>
			<ymax>3257</ymax>
		</bndbox>
	</object>
	<object>
		<name>오징어볶음</name>
		<bndbox>
			<xmin>2441</xmin>
			<ymin>1419</ymin>
			<xmax>4036</xmax>
			<ymax>2634</ymax>
		</bndbox>
	</object>
</annotation>