<annotation>
	<folder>top육류부피접시오징어볶음q1</folder>
	<filename>top_육류부피_접시_오징어볶음_Q1_00007.JPG</filename>
	<path>/top육류부피접시오징어볶음q1/top_육류부피_접시_오징어볶음_Q1_00007.JPG</path>
	<source>
		<database>fooddata</database>
	</source>
	<size>
		<width>5472</width>
		<height>3648</height>
		<depth>3</depth>
	</size>
	<object>
		<name>ref_spoon</name>
		<bndbox>
			<xmin>4074</xmin>
			<ymin>400</ymin>
			<xmax>4589</xmax>
			<ymax>1272</ymax>
		</bndbox>
	</object>
	<object>
		<name>ref_fork</name>
		<bndbox>
			<xmin>4741</xmin>
			<ymin>410</ymin>
			<xmax>5065</xmax>
			<ymax>1329</ymax>
		</bndbox>
	</object>
	<object>
		<name>ref_coin</name>
		<bndbox>
			<xmin>926</xmin>
			<ymin>2019</ymin>
			<xmax>1303</xmax>
			<ymax>2395</ymax>
		</bndbox>
	</object>
	<object>
		<name>dish</name>
		<bndbox>
			<xmin>1536</xmin>
			<ymin>695</ymin>
			<xmax>4193</xmax>
			<ymax>3338</ymax>
		</bndbox>
	</object>
	<object>
		<name>오징어볶음</name>
		<bndbox>
			<xmin>2231</xmin>
			<ymin>1110</ymin>
			<xmax>3350</xmax>
			<ymax>2281</ymax>
		</bndbox>
	</object>
</annotation>