<annotation>
	<folder>top육류부피접시오징어볶음q1</folder>
	<filename>top_육류부피_접시_오징어볶음_Q1_00017.JPG</filename>
	<path>/top육류부피접시오징어볶음q1/top_육류부피_접시_오징어볶음_Q1_00017.JPG</path>
	<source>
		<database>fooddata</database>
	</source>
	<size>
		<width>5472</width>
		<height>3648</height>
		<depth>3</depth>
	</size>
	<object>
		<name>ref_spoon</name>
		<bndbox>
			<xmin>1984</xmin>
			<ymin>2948</ymin>
			<xmax>2641</xmax>
			<ymax>3362</ymax>
		</bndbox>
	</object>
	<object>
		<name>ref_fork</name>
		<bndbox>
			<xmin>2112</xmin>
			<ymin>2515</ymin>
			<xmax>2793</xmax>
			<ymax>2772</ymax>
		</bndbox>
	</object>
	<object>
		<name>ref_coin</name>
		<bndbox>
			<xmin>3455</xmin>
			<ymin>171</ymin>
			<xmax>3722</xmax>
			<ymax>429</ymax>
		</bndbox>
	</object>
	<object>
		<name>dish</name>
		<bndbox>
			<xmin>2122</xmin>
			<ymin>514</ymin>
			<xmax>4041</xmax>
			<ymax>2400</ymax>
		</bndbox>
	</object>
	<object>
		<name>오징어볶음</name>
		<bndbox>
			<xmin>2412</xmin>
			<ymin>1014</ymin>
			<xmax>3574</xmax>
			<ymax>1886</ymax>
		</bndbox>
	</object>
</annotation>