<annotation>
	<folder>top육류부피접시오징어볶음q1</folder>
	<filename>top_육류부피_접시_오징어볶음_Q1_00003.JPG</filename>
	<path>/top육류부피접시오징어볶음q1/top_육류부피_접시_오징어볶음_Q1_00003.JPG</path>
	<source>
		<database>fooddata</database>
	</source>
	<size>
		<width>5472</width>
		<height>3648</height>
		<depth>3</depth>
	</size>
	<object>
		<name>ref_spoon</name>
		<bndbox>
			<xmin>3808</xmin>
			<ymin>376</ymin>
			<xmax>4312</xmax>
			<ymax>1243</ymax>
		</bndbox>
	</object>
	<object>
		<name>ref_fork</name>
		<bndbox>
			<xmin>4470</xmin>
			<ymin>391</ymin>
			<xmax>4798</xmax>
			<ymax>1272</ymax>
		</bndbox>
	</object>
	<object>
		<name>ref_coin</name>
		<bndbox>
			<xmin>2360</xmin>
			<ymin>3057</ymin>
			<xmax>2731</xmax>
			<ymax>3453</ymax>
		</bndbox>
	</object>
	<object>
		<name>dish</name>
		<bndbox>
			<xmin>1145</xmin>
			<ymin>291</ymin>
			<xmax>3774</xmax>
			<ymax>2896</ymax>
		</bndbox>
	</object>
	<object>
		<name>오징어볶음</name>
		<bndbox>
			<xmin>1726</xmin>
			<ymin>1329</ymin>
			<xmax>2946</xmax>
			<ymax>2243</ymax>
		</bndbox>
	</object>
</annotation>