<annotation>
	<folder>top육류부피접시오징어볶음q1</folder>
	<filename>top_육류부피_접시_오징어볶음_Q1_00042.JPG</filename>
	<path>/top육류부피접시오징어볶음q1/top_육류부피_접시_오징어볶음_Q1_00042.JPG</path>
	<source>
		<database>fooddata</database>
	</source>
	<size>
		<width>5472</width>
		<height>3648</height>
		<depth>3</depth>
	</size>
	<object>
		<name>ref_spoon</name>
		<bndbox>
			<xmin>888</xmin>
			<ymin>510</ymin>
			<xmax>1398</xmax>
			<ymax>1343</ymax>
		</bndbox>
	</object>
	<object>
		<name>ref_fork</name>
		<bndbox>
			<xmin>1512</xmin>
			<ymin>514</ymin>
			<xmax>1855</xmax>
			<ymax>1433</ymax>
		</bndbox>
	</object>
	<object>
		<name>ref_coin</name>
		<bndbox>
			<xmin>4417</xmin>
			<ymin>571</ymin>
			<xmax>4784</xmax>
			<ymax>929</ymax>
		</bndbox>
	</object>
	<object>
		<name>dish</name>
		<bndbox>
			<xmin>1879</xmin>
			<ymin>471</ymin>
			<xmax>4512</xmax>
			<ymax>3081</ymax>
		</bndbox>
	</object>
	<object>
		<name>오징어볶음</name>
		<bndbox>
			<xmin>2422</xmin>
			<ymin>1138</ymin>
			<xmax>3679</xmax>
			<ymax>2610</ymax>
		</bndbox>
	</object>
</annotation>