<annotation>
	<folder>top육류부피접시오징어볶음q1</folder>
	<filename>top_육류부피_접시_오징어볶음_Q1_00005.JPG</filename>
	<path>/top육류부피접시오징어볶음q1/top_육류부피_접시_오징어볶음_Q1_00005.JPG</path>
	<source>
		<database>fooddata</database>
	</source>
	<size>
		<width>5472</width>
		<height>3648</height>
		<depth>3</depth>
	</size>
	<object>
		<name>ref_spoon</name>
		<bndbox>
			<xmin>3998</xmin>
			<ymin>419</ymin>
			<xmax>4508</xmax>
			<ymax>1262</ymax>
		</bndbox>
	</object>
	<object>
		<name>ref_fork</name>
		<bndbox>
			<xmin>4670</xmin>
			<ymin>429</ymin>
			<xmax>5003</xmax>
			<ymax>1343</ymax>
		</bndbox>
	</object>
	<object>
		<name>ref_coin</name>
		<bndbox>
			<xmin>1288</xmin>
			<ymin>2929</ymin>
			<xmax>1660</xmax>
			<ymax>3315</ymax>
		</bndbox>
	</object>
	<object>
		<name>dish</name>
		<bndbox>
			<xmin>1350</xmin>
			<ymin>491</ymin>
			<xmax>3965</xmax>
			<ymax>3096</ymax>
		</bndbox>
	</object>
	<object>
		<name>오징어볶음</name>
		<bndbox>
			<xmin>1779</xmin>
			<ymin>1133</ymin>
			<xmax>2898</xmax>
			<ymax>2357</ymax>
		</bndbox>
	</object>
</annotation>