<annotation>
	<folder>side기타튀김배달종이박스감자튀김(웨지감자)q3</folder>
	<filename>side_기타튀김_배달종이박스_감자튀김(웨지감자)_Q3_00029.JPG</filename>
	<path>/side기타튀김배달종이박스감자튀김(웨지감자)q3/side_기타튀김_배달종이박스_감자튀김(웨지감자)_Q3_00029.JPG</path>
	<source>
		<database>fooddata</database>
	</source>
	<size>
		<width>3008</width>
		<height>2000</height>
		<depth>3</depth>
	</size>
	<object>
		<name>ref_spoon</name>
		<bndbox>
			<xmin>204</xmin>
			<ymin>1310</ymin>
			<xmax>656</xmax>
			<ymax>1583</ymax>
		</bndbox>
	</object>
	<object>
		<name>ref_fork</name>
		<bndbox>
			<xmin>467</xmin>
			<ymin>1089</ymin>
			<xmax>925</xmax>
			<ymax>1373</ymax>
		</bndbox>
	</object>
	<object>
		<name>ref_coin</name>
		<bndbox>
			<xmin>1178</xmin>
			<ymin>1722</ymin>
			<xmax>1407</xmax>
			<ymax>1905</ymax>
		</bndbox>
	</object>
	<object>
		<name>dish</name>
		<bndbox>
			<xmin>617</xmin>
			<ymin>145</ymin>
			<xmax>1929</xmax>
			<ymax>1199</ymax>
		</bndbox>
	</object>
	<object>
		<name>감자튀김(웨지감자)</name>
		<bndbox>
			<xmin>776</xmin>
			<ymin>385</ymin>
			<xmax>1574</xmax>
			<ymax>1045</ymax>
		</bndbox>
	</object>
</annotation>