<annotation>
	<folder>side기타튀김배달종이박스감자튀김(웨지감자)q3</folder>
	<filename>side_기타튀김_배달종이박스_감자튀김(웨지감자)_Q3_00001.JPG</filename>
	<path>/side기타튀김배달종이박스감자튀김(웨지감자)q3/side_기타튀김_배달종이박스_감자튀김(웨지감자)_Q3_00001.JPG</path>
	<source>
		<database>fooddata</database>
	</source>
	<size>
		<width>3008</width>
		<height>2000</height>
		<depth>3</depth>
	</size>
	<object>
		<name>ref_spoon</name>
		<bndbox>
			<xmin>1878</xmin>
			<ymin>293</ymin>
			<xmax>2184</xmax>
			<ymax>692</ymax>
		</bndbox>
	</object>
	<object>
		<name>ref_fork</name>
		<bndbox>
			<xmin>2185</xmin>
			<ymin>354</ymin>
			<xmax>2391</xmax>
			<ymax>793</ymax>
		</bndbox>
	</object>
	<object>
		<name>ref_coin</name>
		<bndbox>
			<xmin>1313</xmin>
			<ymin>1334</ymin>
			<xmax>1571</xmax>
			<ymax>1527</ymax>
		</bndbox>
	</object>
	<object>
		<name>dish</name>
		<bndbox>
			<xmin>358</xmin>
			<ymin>229</ymin>
			<xmax>1717</xmax>
			<ymax>1270</ymax>
		</bndbox>
	</object>
	<object>
		<name>감자튀김(웨지감자)</name>
		<bndbox>
			<xmin>486</xmin>
			<ymin>483</ymin>
			<xmax>1621</xmax>
			<ymax>1119</ymax>
		</bndbox>
	</object>
</annotation>