<annotation>
	<folder>side기타튀김배달종이박스감자튀김(웨지감자)q3</folder>
	<filename>side_기타튀김_배달종이박스_감자튀김(웨지감자)_Q3_00007.JPG</filename>
	<path>/side기타튀김배달종이박스감자튀김(웨지감자)q3/side_기타튀김_배달종이박스_감자튀김(웨지감자)_Q3_00007.JPG</path>
	<source>
		<database>fooddata</database>
	</source>
	<size>
		<width>3008</width>
		<height>2000</height>
		<depth>3</depth>
	</size>
	<object>
		<name>ref_spoon</name>
		<bndbox>
			<xmin>2095</xmin>
			<ymin>374</ymin>
			<xmax>2411</xmax>
			<ymax>801</ymax>
		</bndbox>
	</object>
	<object>
		<name>ref_fork</name>
		<bndbox>
			<xmin>2401</xmin>
			<ymin>459</ymin>
			<xmax>2607</xmax>
			<ymax>915</ymax>
		</bndbox>
	</object>
	<object>
		<name>ref_coin</name>
		<bndbox>
			<xmin>308</xmin>
			<ymin>440</ymin>
			<xmax>562</xmax>
			<ymax>618</ymax>
		</bndbox>
	</object>
	<object>
		<name>dish</name>
		<bndbox>
			<xmin>307</xmin>
			<ymin>284</ymin>
			<xmax>2043</xmax>
			<ymax>1631</ymax>
		</bndbox>
	</object>
	<object>
		<name>감자튀김(웨지감자)</name>
		<bndbox>
			<xmin>512</xmin>
			<ymin>597</ymin>
			<xmax>1531</xmax>
			<ymax>1447</ymax>
		</bndbox>
	</object>
</annotation>