<annotation>
	<folder>side기타튀김배달종이박스감자튀김(웨지감자)q3</folder>
	<filename>side_기타튀김_배달종이박스_감자튀김(웨지감자)_Q3_00032.JPG</filename>
	<path>/side기타튀김배달종이박스감자튀김(웨지감자)q3/side_기타튀김_배달종이박스_감자튀김(웨지감자)_Q3_00032.JPG</path>
	<source>
		<database>fooddata</database>
	</source>
	<size>
		<width>3008</width>
		<height>2000</height>
		<depth>3</depth>
	</size>
	<object>
		<name>ref_spoon</name>
		<bndbox>
			<xmin>167</xmin>
			<ymin>1293</ymin>
			<xmax>621</xmax>
			<ymax>1567</ymax>
		</bndbox>
	</object>
	<object>
		<name>ref_fork</name>
		<bndbox>
			<xmin>433</xmin>
			<ymin>1071</ymin>
			<xmax>883</xmax>
			<ymax>1358</ymax>
		</bndbox>
	</object>
	<object>
		<name>ref_coin</name>
		<bndbox>
			<xmin>2126</xmin>
			<ymin>1721</ymin>
			<xmax>2342</xmax>
			<ymax>1905</ymax>
		</bndbox>
	</object>
	<object>
		<name>dish</name>
		<bndbox>
			<xmin>673</xmin>
			<ymin>110</ymin>
			<xmax>2014</xmax>
			<ymax>1121</ymax>
		</bndbox>
	</object>
	<object>
		<name>감자튀김(웨지감자)</name>
		<bndbox>
			<xmin>876</xmin>
			<ymin>239</ymin>
			<xmax>1748</xmax>
			<ymax>935</ymax>
		</bndbox>
	</object>
</annotation>