<annotation>
	<folder>side기타튀김배달종이박스감자튀김(웨지감자)q3</folder>
	<filename>side_기타튀김_배달종이박스_감자튀김(웨지감자)_Q3_00049.JPG</filename>
	<path>/side기타튀김배달종이박스감자튀김(웨지감자)q3/side_기타튀김_배달종이박스_감자튀김(웨지감자)_Q3_00049.JPG</path>
	<source>
		<database>fooddata</database>
	</source>
	<size>
		<width>3008</width>
		<height>2000</height>
		<depth>3</depth>
	</size>
	<object>
		<name>ref_spoon</name>
		<bndbox>
			<xmin>677</xmin>
			<ymin>453</ymin>
			<xmax>964</xmax>
			<ymax>831</ymax>
		</bndbox>
	</object>
	<object>
		<name>ref_fork</name>
		<bndbox>
			<xmin>1029</xmin>
			<ymin>488</ymin>
			<xmax>1223</xmax>
			<ymax>911</ymax>
		</bndbox>
	</object>
	<object>
		<name>ref_coin</name>
		<bndbox>
			<xmin>257</xmin>
			<ymin>821</ymin>
			<xmax>460</xmax>
			<ymax>987</ymax>
		</bndbox>
	</object>
	<object>
		<name>dish</name>
		<bndbox>
			<xmin>1337</xmin>
			<ymin>513</ymin>
			<xmax>2779</xmax>
			<ymax>1597</ymax>
		</bndbox>
	</object>
	<object>
		<name>감자튀김(웨지감자)</name>
		<bndbox>
			<xmin>1556</xmin>
			<ymin>736</ymin>
			<xmax>2471</xmax>
			<ymax>1475</ymax>
		</bndbox>
	</object>
</annotation>