<annotation>
	<folder>side기타튀김배달종이박스감자튀김(웨지감자)q3</folder>
	<filename>side_기타튀김_배달종이박스_감자튀김(웨지감자)_Q3_00024.JPG</filename>
	<path>/side기타튀김배달종이박스감자튀김(웨지감자)q3/side_기타튀김_배달종이박스_감자튀김(웨지감자)_Q3_00024.JPG</path>
	<source>
		<database>fooddata</database>
	</source>
	<size>
		<width>3008</width>
		<height>2000</height>
		<depth>3</depth>
	</size>
	<object>
		<name>ref_spoon</name>
		<bndbox>
			<xmin>353</xmin>
			<ymin>1563</ymin>
			<xmax>855</xmax>
			<ymax>1873</ymax>
		</bndbox>
	</object>
	<object>
		<name>ref_fork</name>
		<bndbox>
			<xmin>646</xmin>
			<ymin>1313</ymin>
			<xmax>1144</xmax>
			<ymax>1631</ymax>
		</bndbox>
	</object>
	<object>
		<name>ref_coin</name>
		<bndbox>
			<xmin>1366</xmin>
			<ymin>60</ymin>
			<xmax>1556</xmax>
			<ymax>195</ymax>
		</bndbox>
	</object>
	<object>
		<name>dish</name>
		<bndbox>
			<xmin>1001</xmin>
			<ymin>388</ymin>
			<xmax>2163</xmax>
			<ymax>1369</ymax>
		</bndbox>
	</object>
	<object>
		<name>감자튀김(웨지감자)</name>
		<bndbox>
			<xmin>1124</xmin>
			<ymin>544</ymin>
			<xmax>1999</xmax>
			<ymax>1214</ymax>
		</bndbox>
	</object>
</annotation>