<annotation>
	<folder>side기타튀김배달종이박스감자튀김(웨지감자)q3</folder>
	<filename>side_기타튀김_배달종이박스_감자튀김(웨지감자)_Q3_00034.JPG</filename>
	<path>/side기타튀김배달종이박스감자튀김(웨지감자)q3/side_기타튀김_배달종이박스_감자튀김(웨지감자)_Q3_00034.JPG</path>
	<source>
		<database>fooddata</database>
	</source>
	<size>
		<width>3008</width>
		<height>2000</height>
		<depth>3</depth>
	</size>
	<object>
		<name>ref_spoon</name>
		<bndbox>
			<xmin>579</xmin>
			<ymin>279</ymin>
			<xmax>890</xmax>
			<ymax>677</ymax>
		</bndbox>
	</object>
	<object>
		<name>ref_fork</name>
		<bndbox>
			<xmin>948</xmin>
			<ymin>324</ymin>
			<xmax>1158</xmax>
			<ymax>776</ymax>
		</bndbox>
	</object>
	<object>
		<name>ref_coin</name>
		<bndbox>
			<xmin>1410</xmin>
			<ymin>1512</ymin>
			<xmax>1661</xmax>
			<ymax>1716</ymax>
		</bndbox>
	</object>
	<object>
		<name>dish</name>
		<bndbox>
			<xmin>1243</xmin>
			<ymin>140</ymin>
			<xmax>2814</xmax>
			<ymax>1423</ymax>
		</bndbox>
	</object>
	<object>
		<name>감자튀김(웨지감자)</name>
		<bndbox>
			<xmin>1637</xmin>
			<ymin>477</ymin>
			<xmax>2625</xmax>
			<ymax>1281</ymax>
		</bndbox>
	</object>
</annotation>