<annotation>
	<folder>side기타튀김배달종이박스감자튀김(웨지감자)q3</folder>
	<filename>side_기타튀김_배달종이박스_감자튀김(웨지감자)_Q3_00004.JPG</filename>
	<path>/side기타튀김배달종이박스감자튀김(웨지감자)q3/side_기타튀김_배달종이박스_감자튀김(웨지감자)_Q3_00004.JPG</path>
	<source>
		<database>fooddata</database>
	</source>
	<size>
		<width>3008</width>
		<height>2000</height>
		<depth>3</depth>
	</size>
	<object>
		<name>ref_spoon</name>
		<bndbox>
			<xmin>2004</xmin>
			<ymin>428</ymin>
			<xmax>2317</xmax>
			<ymax>836</ymax>
		</bndbox>
	</object>
	<object>
		<name>ref_fork</name>
		<bndbox>
			<xmin>2312</xmin>
			<ymin>506</ymin>
			<xmax>2526</xmax>
			<ymax>960</ymax>
		</bndbox>
	</object>
	<object>
		<name>ref_coin</name>
		<bndbox>
			<xmin>80</xmin>
			<ymin>1313</ymin>
			<xmax>353</xmax>
			<ymax>1517</ymax>
		</bndbox>
	</object>
	<object>
		<name>dish</name>
		<bndbox>
			<xmin>313</xmin>
			<ymin>259</ymin>
			<xmax>2009</xmax>
			<ymax>1537</ymax>
		</bndbox>
	</object>
	<object>
		<name>감자튀김(웨지감자)</name>
		<bndbox>
			<xmin>597</xmin>
			<ymin>657</ymin>
			<xmax>1641</xmax>
			<ymax>1393</ymax>
		</bndbox>
	</object>
</annotation>