<annotation>
	<folder>top기타튀김배달종이박스감자튀김(웨지감자)q3</folder>
	<filename>top_기타튀김_배달종이박스_감자튀김(웨지감자)_Q3_00003.JPG</filename>
	<path>/top기타튀김배달종이박스감자튀김(웨지감자)q3/top_기타튀김_배달종이박스_감자튀김(웨지감자)_Q3_00003.JPG</path>
	<source>
		<database>fooddata</database>
	</source>
	<size>
		<width>3008</width>
		<height>2000</height>
		<depth>3</depth>
	</size>
	<object>
		<name>ref_spoon</name>
		<bndbox>
			<xmin>1828</xmin>
			<ymin>109</ymin>
			<xmax>2103</xmax>
			<ymax>538</ymax>
		</bndbox>
	</object>
	<object>
		<name>ref_fork</name>
		<bndbox>
			<xmin>2217</xmin>
			<ymin>97</ymin>
			<xmax>2403</xmax>
			<ymax>587</ymax>
		</bndbox>
	</object>
	<object>
		<name>ref_coin</name>
		<bndbox>
			<xmin>670</xmin>
			<ymin>1668</ymin>
			<xmax>889</xmax>
			<ymax>1895</ymax>
		</bndbox>
	</object>
	<object>
		<name>dish</name>
		<bndbox>
			<xmin>407</xmin>
			<ymin>170</ymin>
			<xmax>1901</xmax>
			<ymax>1644</ymax>
		</bndbox>
	</object>
	<object>
		<name>감자튀김(웨지감자)</name>
		<bndbox>
			<xmin>824</xmin>
			<ymin>518</ymin>
			<xmax>1585</xmax>
			<ymax>1462</ymax>
		</bndbox>
	</object>
</annotation>