<annotation>
	<folder>top기타튀김배달종이박스감자튀김(웨지감자)q3</folder>
	<filename>top_기타튀김_배달종이박스_감자튀김(웨지감자)_Q3_00034.JPG</filename>
	<path>/top기타튀김배달종이박스감자튀김(웨지감자)q3/top_기타튀김_배달종이박스_감자튀김(웨지감자)_Q3_00034.JPG</path>
	<source>
		<database>fooddata</database>
	</source>
	<size>
		<width>3008</width>
		<height>2000</height>
		<depth>3</depth>
	</size>
	<object>
		<name>ref_spoon</name>
		<bndbox>
			<xmin>662</xmin>
			<ymin>304</ymin>
			<xmax>933</xmax>
			<ymax>717</ymax>
		</bndbox>
	</object>
	<object>
		<name>ref_fork</name>
		<bndbox>
			<xmin>1026</xmin>
			<ymin>320</ymin>
			<xmax>1237</xmax>
			<ymax>789</ymax>
		</bndbox>
	</object>
	<object>
		<name>ref_coin</name>
		<bndbox>
			<xmin>496</xmin>
			<ymin>1340</ymin>
			<xmax>694</xmax>
			<ymax>1543</ymax>
		</bndbox>
	</object>
	<object>
		<name>dish</name>
		<bndbox>
			<xmin>1334</xmin>
			<ymin>462</ymin>
			<xmax>2532</xmax>
			<ymax>1652</ymax>
		</bndbox>
	</object>
	<object>
		<name>감자튀김(웨지감자)</name>
		<bndbox>
			<xmin>1666</xmin>
			<ymin>672</ymin>
			<xmax>2350</xmax>
			<ymax>1486</ymax>
		</bndbox>
	</object>
</annotation>