<annotation>
	<folder>top기타튀김배달종이박스감자튀김(웨지감자)q3</folder>
	<filename>top_기타튀김_배달종이박스_감자튀김(웨지감자)_Q3_00001.JPG</filename>
	<path>/top기타튀김배달종이박스감자튀김(웨지감자)q3/top_기타튀김_배달종이박스_감자튀김(웨지감자)_Q3_00001.JPG</path>
	<source>
		<database>fooddata</database>
	</source>
	<size>
		<width>3008</width>
		<height>2000</height>
		<depth>3</depth>
	</size>
	<object>
		<name>ref_spoon</name>
		<bndbox>
			<xmin>1945</xmin>
			<ymin>126</ymin>
			<xmax>2233</xmax>
			<ymax>563</ymax>
		</bndbox>
	</object>
	<object>
		<name>ref_fork</name>
		<bndbox>
			<xmin>2346</xmin>
			<ymin>130</ymin>
			<xmax>2524</xmax>
			<ymax>623</ymax>
		</bndbox>
	</object>
	<object>
		<name>ref_coin</name>
		<bndbox>
			<xmin>1678</xmin>
			<ymin>1640</ymin>
			<xmax>1897</xmax>
			<ymax>1866</ymax>
		</bndbox>
	</object>
	<object>
		<name>dish</name>
		<bndbox>
			<xmin>625</xmin>
			<ymin>340</ymin>
			<xmax>1832</xmax>
			<ymax>1437</ymax>
		</bndbox>
	</object>
	<object>
		<name>감자튀김(웨지감자)</name>
		<bndbox>
			<xmin>710</xmin>
			<ymin>474</ymin>
			<xmax>1698</xmax>
			<ymax>1340</ymax>
		</bndbox>
	</object>
</annotation>