<annotation>
	<folder>top기타튀김배달종이박스감자튀김(웨지감자)q3</folder>
	<filename>top_기타튀김_배달종이박스_감자튀김(웨지감자)_Q3_00014.JPG</filename>
	<path>/top기타튀김배달종이박스감자튀김(웨지감자)q3/top_기타튀김_배달종이박스_감자튀김(웨지감자)_Q3_00014.JPG</path>
	<source>
		<database>fooddata</database>
	</source>
	<size>
		<width>3008</width>
		<height>2000</height>
		<depth>3</depth>
	</size>
	<object>
		<name>ref_spoon</name>
		<bndbox>
			<xmin>1941</xmin>
			<ymin>429</ymin>
			<xmax>2184</xmax>
			<ymax>822</ymax>
		</bndbox>
	</object>
	<object>
		<name>ref_fork</name>
		<bndbox>
			<xmin>2281</xmin>
			<ymin>449</ymin>
			<xmax>2451</xmax>
			<ymax>874</ymax>
		</bndbox>
	</object>
	<object>
		<name>ref_coin</name>
		<bndbox>
			<xmin>2132</xmin>
			<ymin>77</ymin>
			<xmax>2306</xmax>
			<ymax>255</ymax>
		</bndbox>
	</object>
	<object>
		<name>dish</name>
		<bndbox>
			<xmin>435</xmin>
			<ymin>587</ymin>
			<xmax>1731</xmax>
			<ymax>1903</ymax>
		</bndbox>
	</object>
	<object>
		<name>감자튀김(웨지감자)</name>
		<bndbox>
			<xmin>779</xmin>
			<ymin>822</ymin>
			<xmax>1504</xmax>
			<ymax>1753</ymax>
		</bndbox>
	</object>
</annotation>