<annotation>
	<folder>top기타튀김배달종이박스감자튀김(웨지감자)q3</folder>
	<filename>top_기타튀김_배달종이박스_감자튀김(웨지감자)_Q3_00031.JPG</filename>
	<path>/top기타튀김배달종이박스감자튀김(웨지감자)q3/top_기타튀김_배달종이박스_감자튀김(웨지감자)_Q3_00031.JPG</path>
	<source>
		<database>fooddata</database>
	</source>
	<size>
		<width>3008</width>
		<height>2000</height>
		<depth>3</depth>
	</size>
	<object>
		<name>ref_spoon</name>
		<bndbox>
			<xmin>1091</xmin>
			<ymin>1644</ymin>
			<xmax>1443</xmax>
			<ymax>1887</ymax>
		</bndbox>
	</object>
	<object>
		<name>ref_fork</name>
		<bndbox>
			<xmin>1099</xmin>
			<ymin>1352</ymin>
			<xmax>1488</xmax>
			<ymax>1518</ymax>
		</bndbox>
	</object>
	<object>
		<name>ref_coin</name>
		<bndbox>
			<xmin>856</xmin>
			<ymin>1696</ymin>
			<xmax>1026</xmax>
			<ymax>1874</ymax>
		</bndbox>
	</object>
	<object>
		<name>dish</name>
		<bndbox>
			<xmin>1018</xmin>
			<ymin>117</ymin>
			<xmax>2103</xmax>
			<ymax>1198</ymax>
		</bndbox>
	</object>
	<object>
		<name>감자튀김(웨지감자)</name>
		<bndbox>
			<xmin>1200</xmin>
			<ymin>287</ymin>
			<xmax>1856</xmax>
			<ymax>1126</ymax>
		</bndbox>
	</object>
</annotation>