<annotation>
	<folder>top기타튀김배달종이박스감자튀김(웨지감자)q3</folder>
	<filename>top_기타튀김_배달종이박스_감자튀김(웨지감자)_Q3_00021.JPG</filename>
	<path>/top기타튀김배달종이박스감자튀김(웨지감자)q3/top_기타튀김_배달종이박스_감자튀김(웨지감자)_Q3_00021.JPG</path>
	<source>
		<database>fooddata</database>
	</source>
	<size>
		<width>3008</width>
		<height>2000</height>
		<depth>3</depth>
	</size>
	<object>
		<name>ref_spoon</name>
		<bndbox>
			<xmin>1107</xmin>
			<ymin>1547</ymin>
			<xmax>1459</xmax>
			<ymax>1781</ymax>
		</bndbox>
	</object>
	<object>
		<name>ref_fork</name>
		<bndbox>
			<xmin>1132</xmin>
			<ymin>1259</ymin>
			<xmax>1504</xmax>
			<ymax>1421</ymax>
		</bndbox>
	</object>
	<object>
		<name>ref_coin</name>
		<bndbox>
			<xmin>2314</xmin>
			<ymin>142</ymin>
			<xmax>2476</xmax>
			<ymax>304</ymax>
		</bndbox>
	</object>
	<object>
		<name>dish</name>
		<bndbox>
			<xmin>1160</xmin>
			<ymin>178</ymin>
			<xmax>2047</xmax>
			<ymax>1109</ymax>
		</bndbox>
	</object>
	<object>
		<name>감자튀김(웨지감자)</name>
		<bndbox>
			<xmin>1257</xmin>
			<ymin>287</ymin>
			<xmax>1856</xmax>
			<ymax>1057</ymax>
		</bndbox>
	</object>
</annotation>