<annotation>
	<folder>side국류대접q4</folder>
	<filename>side_국류_대접_시래기된장국_Q4_00024.JPG</filename>
	<path>/side국류대접시래기된장국q4/side_국류_대접_시래기된장국_Q4_00024.JPG</path>
	<source>
		<database>fooddata</database>
	</source>
	<size>
		<width>5472</width>
		<height>3648</height>
		<depth>3</depth>
	</size>
	<object>
		<name>ref_spoon</name>
		<bndbox>
			<xmin>1678</xmin>
			<ymin>2905</ymin>
			<xmax>2568</xmax>
			<ymax>3428</ymax>
		</bndbox>
	</object>
	<object>
		<name>ref_fork</name>
		<bndbox>
			<xmin>1942</xmin>
			<ymin>2550</ymin>
			<xmax>2936</xmax>
			<ymax>2944</ymax>
		</bndbox>
	</object>
	<object>
		<name>ref_coin</name>
		<bndbox>
			<xmin>1213</xmin>
			<ymin>1292</ymin>
			<xmax>1600</xmax>
			<ymax>1595</ymax>
		</bndbox>
	</object>
	<object>
		<name>dish</name>
		<bndbox>
			<xmin>2200</xmin>
			<ymin>143</ymin>
			<xmax>4549</xmax>
			<ymax>2079</ymax>
		</bndbox>
	</object>
	<object>
		<name>시래기된장국</name>
		<bndbox>
			<xmin>2375</xmin>
			<ymin>530</ymin>
			<xmax>4381</xmax>
			<ymax>1769</ymax>
		</bndbox>
	</object>
</annotation>