<annotation>
	<folder>side국류대접q4</folder>
	<filename>side_국류_대접_시래기된장국_Q4_00046.JPG</filename>
	<path>/side국류대접시래기된장국q4/side_국류_대접_시래기된장국_Q4_00046.JPG</path>
	<source>
		<database>fooddata</database>
	</source>
	<size>
		<width>5472</width>
		<height>3648</height>
		<depth>3</depth>
	</size>
	<object>
		<name>ref_spoon</name>
		<bndbox>
			<xmin>813</xmin>
			<ymin>853</ymin>
			<xmax>1349</xmax>
			<ymax>1640</ymax>
		</bndbox>
	</object>
	<object>
		<name>ref_fork</name>
		<bndbox>
			<xmin>1471</xmin>
			<ymin>963</ymin>
			<xmax>1858</xmax>
			<ymax>1808</ymax>
		</bndbox>
	</object>
	<object>
		<name>ref_coin</name>
		<bndbox>
			<xmin>4569</xmin>
			<ymin>1808</ymin>
			<xmax>4982</xmax>
			<ymax>2143</ymax>
		</bndbox>
	</object>
	<object>
		<name>dish</name>
		<bndbox>
			<xmin>1968</xmin>
			<ymin>672</ymin>
			<xmax>4491</xmax>
			<ymax>2827</ymax>
		</bndbox>
	</object>
	<object>
		<name>시래기된장국</name>
		<bndbox>
			<xmin>2123</xmin>
			<ymin>1085</ymin>
			<xmax>4285</xmax>
			<ymax>2524</ymax>
		</bndbox>
	</object>
</annotation>