<annotation>
	<folder>side국류대접q4</folder>
	<filename>side_국류_대접_시래기된장국_Q4_00005.JPG</filename>
	<path>/side국류대접시래기된장국q4/side_국류_대접_시래기된장국_Q4_00005.JPG</path>
	<source>
		<database>fooddata</database>
	</source>
	<size>
		<width>5472</width>
		<height>3648</height>
		<depth>3</depth>
	</size>
	<object>
		<name>ref_spoon</name>
		<bndbox>
			<xmin>3781</xmin>
			<ymin>963</ymin>
			<xmax>4336</xmax>
			<ymax>1769</ymax>
		</bndbox>
	</object>
	<object>
		<name>ref_fork</name>
		<bndbox>
			<xmin>4646</xmin>
			<ymin>1014</ymin>
			<xmax>5046</xmax>
			<ymax>1872</ymax>
		</bndbox>
	</object>
	<object>
		<name>ref_coin</name>
		<bndbox>
			<xmin>1374</xmin>
			<ymin>3027</ymin>
			<xmax>1846</xmax>
			<ymax>3415</ymax>
		</bndbox>
	</object>
	<object>
		<name>dish</name>
		<bndbox>
			<xmin>1162</xmin>
			<ymin>388</ymin>
			<xmax>3672</xmax>
			<ymax>2473</ymax>
		</bndbox>
	</object>
	<object>
		<name>시래기된장국</name>
		<bndbox>
			<xmin>1342</xmin>
			<ymin>795</ymin>
			<xmax>3465</xmax>
			<ymax>2156</ymax>
		</bndbox>
	</object>
</annotation>