<annotation>
	<folder>side국류대접q4</folder>
	<filename>side_국류_대접_시래기된장국_Q4_00018.JPG</filename>
	<path>/side국류대접시래기된장국q4/side_국류_대접_시래기된장국_Q4_00018.JPG</path>
	<source>
		<database>fooddata</database>
	</source>
	<size>
		<width>5472</width>
		<height>3648</height>
		<depth>3</depth>
	</size>
	<object>
		<name>ref_spoon</name>
		<bndbox>
			<xmin>1084</xmin>
			<ymin>2963</ymin>
			<xmax>2110</xmax>
			<ymax>3499</ymax>
		</bndbox>
	</object>
	<object>
		<name>ref_fork</name>
		<bndbox>
			<xmin>1394</xmin>
			<ymin>2582</ymin>
			<xmax>2375</xmax>
			<ymax>3034</ymax>
		</bndbox>
	</object>
	<object>
		<name>ref_coin</name>
		<bndbox>
			<xmin>4014</xmin>
			<ymin>1376</ymin>
			<xmax>4414</xmax>
			<ymax>1698</ymax>
		</bndbox>
	</object>
	<object>
		<name>dish</name>
		<bndbox>
			<xmin>1413</xmin>
			<ymin>414</ymin>
			<xmax>3820</xmax>
			<ymax>2460</ymax>
		</bndbox>
	</object>
	<object>
		<name>시래기된장국</name>
		<bndbox>
			<xmin>1600</xmin>
			<ymin>801</ymin>
			<xmax>3633</xmax>
			<ymax>2156</ymax>
		</bndbox>
	</object>
</annotation>