<annotation>
	<folder>side국류대접q4</folder>
	<filename>side_국류_대접_시래기된장국_Q4_00042.JPG</filename>
	<path>/side국류대접시래기된장국q4/side_국류_대접_시래기된장국_Q4_00042.JPG</path>
	<source>
		<database>fooddata</database>
	</source>
	<size>
		<width>5472</width>
		<height>3648</height>
		<depth>3</depth>
	</size>
	<object>
		<name>ref_spoon</name>
		<bndbox>
			<xmin>1052</xmin>
			<ymin>756</ymin>
			<xmax>1594</xmax>
			<ymax>1466</ymax>
		</bndbox>
	</object>
	<object>
		<name>ref_fork</name>
		<bndbox>
			<xmin>1716</xmin>
			<ymin>859</ymin>
			<xmax>2091</xmax>
			<ymax>1711</ymax>
		</bndbox>
	</object>
	<object>
		<name>ref_coin</name>
		<bndbox>
			<xmin>2704</xmin>
			<ymin>285</ymin>
			<xmax>3097</xmax>
			<ymax>556</ymax>
		</bndbox>
	</object>
	<object>
		<name>dish</name>
		<bndbox>
			<xmin>2200</xmin>
			<ymin>608</ymin>
			<xmax>4730</xmax>
			<ymax>2744</ymax>
		</bndbox>
	</object>
	<object>
		<name>시래기된장국</name>
		<bndbox>
			<xmin>2368</xmin>
			<ymin>1021</ymin>
			<xmax>4491</xmax>
			<ymax>2447</ymax>
		</bndbox>
	</object>
</annotation>