<annotation>
	<folder>side국류대접q4</folder>
	<filename>side_국류_대접_시래기된장국_Q4_00011.JPG</filename>
	<path>/side국류대접시래기된장국q4/side_국류_대접_시래기된장국_Q4_00011.JPG</path>
	<source>
		<database>fooddata</database>
	</source>
	<size>
		<width>5472</width>
		<height>3648</height>
		<depth>3</depth>
	</size>
	<object>
		<name>ref_spoon</name>
		<bndbox>
			<xmin>4007</xmin>
			<ymin>1059</ymin>
			<xmax>4562</xmax>
			<ymax>1853</ymax>
		</bndbox>
	</object>
	<object>
		<name>ref_fork</name>
		<bndbox>
			<xmin>4898</xmin>
			<ymin>1124</ymin>
			<xmax>5291</xmax>
			<ymax>1976</ymax>
		</bndbox>
	</object>
	<object>
		<name>ref_coin</name>
		<bndbox>
			<xmin>258</xmin>
			<ymin>1530</ymin>
			<xmax>716</xmax>
			<ymax>1872</ymax>
		</bndbox>
	</object>
	<object>
		<name>dish</name>
		<bndbox>
			<xmin>1478</xmin>
			<ymin>414</ymin>
			<xmax>3968</xmax>
			<ymax>2505</ymax>
		</bndbox>
	</object>
	<object>
		<name>시래기된장국</name>
		<bndbox>
			<xmin>1633</xmin>
			<ymin>821</ymin>
			<xmax>3756</xmax>
			<ymax>2182</ymax>
		</bndbox>
	</object>
</annotation>