<annotation>
	<folder>side국류대접q4</folder>
	<filename>side_국류_대접_시래기된장국_Q4_00035.JPG</filename>
	<path>/side국류대접시래기된장국q4/side_국류_대접_시래기된장국_Q4_00035.JPG</path>
	<source>
		<database>fooddata</database>
	</source>
	<size>
		<width>5472</width>
		<height>3648</height>
		<depth>3</depth>
	</size>
	<object>
		<name>ref_spoon</name>
		<bndbox>
			<xmin>858</xmin>
			<ymin>608</ymin>
			<xmax>1413</xmax>
			<ymax>1369</ymax>
		</bndbox>
	</object>
	<object>
		<name>ref_fork</name>
		<bndbox>
			<xmin>1529</xmin>
			<ymin>724</ymin>
			<xmax>1904</xmax>
			<ymax>1588</ymax>
		</bndbox>
	</object>
	<object>
		<name>ref_coin</name>
		<bndbox>
			<xmin>4027</xmin>
			<ymin>2815</ymin>
			<xmax>4465</xmax>
			<ymax>3195</ymax>
		</bndbox>
	</object>
	<object>
		<name>dish</name>
		<bndbox>
			<xmin>2026</xmin>
			<ymin>459</ymin>
			<xmax>4517</xmax>
			<ymax>2595</ymax>
		</bndbox>
	</object>
	<object>
		<name>시래기된장국</name>
		<bndbox>
			<xmin>2181</xmin>
			<ymin>866</ymin>
			<xmax>4304</xmax>
			<ymax>2285</ymax>
		</bndbox>
	</object>
</annotation>