<annotation>
	<folder>side국류대접q4</folder>
	<filename>side_국류_대접_시래기된장국_Q4_00015.JPG</filename>
	<path>/side국류대접시래기된장국q4/side_국류_대접_시래기된장국_Q4_00015.JPG</path>
	<source>
		<database>fooddata</database>
	</source>
	<size>
		<width>5472</width>
		<height>3648</height>
		<depth>3</depth>
	</size>
	<object>
		<name>ref_spoon</name>
		<bndbox>
			<xmin>3936</xmin>
			<ymin>1963</ymin>
			<xmax>4472</xmax>
			<ymax>2724</ymax>
		</bndbox>
	</object>
	<object>
		<name>ref_fork</name>
		<bndbox>
			<xmin>4814</xmin>
			<ymin>2001</ymin>
			<xmax>5207</xmax>
			<ymax>2860</ymax>
		</bndbox>
	</object>
	<object>
		<name>ref_coin</name>
		<bndbox>
			<xmin>3762</xmin>
			<ymin>1382</ymin>
			<xmax>4149</xmax>
			<ymax>1666</ymax>
		</bndbox>
	</object>
	<object>
		<name>dish</name>
		<bndbox>
			<xmin>1252</xmin>
			<ymin>1363</ymin>
			<xmax>3710</xmax>
			<ymax>3460</ymax>
		</bndbox>
	</object>
	<object>
		<name>시래기된장국</name>
		<bndbox>
			<xmin>1407</xmin>
			<ymin>1750</ymin>
			<xmax>3517</xmax>
			<ymax>3137</ymax>
		</bndbox>
	</object>
</annotation>