<annotation>
	<folder>side국류대접q4</folder>
	<filename>side_국류_대접_시래기된장국_Q4_00028.JPG</filename>
	<path>/side국류대접시래기된장국q4/side_국류_대접_시래기된장국_Q4_00028.JPG</path>
	<source>
		<database>fooddata</database>
	</source>
	<size>
		<width>5472</width>
		<height>3648</height>
		<depth>3</depth>
	</size>
	<object>
		<name>ref_spoon</name>
		<bndbox>
			<xmin>1833</xmin>
			<ymin>3008</ymin>
			<xmax>2736</xmax>
			<ymax>3499</ymax>
		</bndbox>
	</object>
	<object>
		<name>ref_fork</name>
		<bndbox>
			<xmin>2117</xmin>
			<ymin>2640</ymin>
			<xmax>3033</xmax>
			<ymax>3066</ymax>
		</bndbox>
	</object>
	<object>
		<name>ref_coin</name>
		<bndbox>
			<xmin>2459</xmin>
			<ymin>169</ymin>
			<xmax>2807</xmax>
			<ymax>421</ymax>
		</bndbox>
	</object>
	<object>
		<name>dish</name>
		<bndbox>
			<xmin>2588</xmin>
			<ymin>304</ymin>
			<xmax>4840</xmax>
			<ymax>2195</ymax>
		</bndbox>
	</object>
	<object>
		<name>시래기된장국</name>
		<bndbox>
			<xmin>2717</xmin>
			<ymin>672</ymin>
			<xmax>4652</xmax>
			<ymax>1898</ymax>
		</bndbox>
	</object>
</annotation>