<annotation>
	<folder>side국류대접q4</folder>
	<filename>side_국류_대접_시래기된장국_Q4_00026.JPG</filename>
	<path>/side국류대접시래기된장국q4/side_국류_대접_시래기된장국_Q4_00026.JPG</path>
	<source>
		<database>fooddata</database>
	</source>
	<size>
		<width>5472</width>
		<height>3648</height>
		<depth>3</depth>
	</size>
	<object>
		<name>ref_spoon</name>
		<bndbox>
			<xmin>1613</xmin>
			<ymin>2866</ymin>
			<xmax>2510</xmax>
			<ymax>3376</ymax>
		</bndbox>
	</object>
	<object>
		<name>ref_fork</name>
		<bndbox>
			<xmin>1865</xmin>
			<ymin>2518</ymin>
			<xmax>2865</xmax>
			<ymax>2918</ymax>
		</bndbox>
	</object>
	<object>
		<name>ref_coin</name>
		<bndbox>
			<xmin>1813</xmin>
			<ymin>2131</ymin>
			<xmax>2194</xmax>
			<ymax>2440</ymax>
		</bndbox>
	</object>
	<object>
		<name>dish</name>
		<bndbox>
			<xmin>2181</xmin>
			<ymin>156</ymin>
			<xmax>4427</xmax>
			<ymax>2027</ymax>
		</bndbox>
	</object>
	<object>
		<name>시래기된장국</name>
		<bndbox>
			<xmin>2336</xmin>
			<ymin>524</ymin>
			<xmax>4240</xmax>
			<ymax>1724</ymax>
		</bndbox>
	</object>
</annotation>