<annotation>
	<folder>side국류대접q4</folder>
	<filename>side_국류_대접_시래기된장국_Q4_00044.JPG</filename>
	<path>/side국류대접시래기된장국q4/side_국류_대접_시래기된장국_Q4_00044.JPG</path>
	<source>
		<database>fooddata</database>
	</source>
	<size>
		<width>5472</width>
		<height>3648</height>
		<depth>3</depth>
	</size>
	<object>
		<name>ref_spoon</name>
		<bndbox>
			<xmin>1142</xmin>
			<ymin>717</ymin>
			<xmax>1684</xmax>
			<ymax>1511</ymax>
		</bndbox>
	</object>
	<object>
		<name>ref_fork</name>
		<bndbox>
			<xmin>1813</xmin>
			<ymin>821</ymin>
			<xmax>2194</xmax>
			<ymax>1685</ymax>
		</bndbox>
	</object>
	<object>
		<name>ref_coin</name>
		<bndbox>
			<xmin>4362</xmin>
			<ymin>2989</ymin>
			<xmax>4833</xmax>
			<ymax>3382</ymax>
		</bndbox>
	</object>
	<object>
		<name>dish</name>
		<bndbox>
			<xmin>2304</xmin>
			<ymin>543</ymin>
			<xmax>4827</xmax>
			<ymax>2698</ymax>
		</bndbox>
	</object>
	<object>
		<name>시래기된장국</name>
		<bndbox>
			<xmin>2465</xmin>
			<ymin>963</ymin>
			<xmax>4594</xmax>
			<ymax>2414</ymax>
		</bndbox>
	</object>
</annotation>