<annotation>
	<folder>side국류대접q4</folder>
	<filename>side_국류_대접_시래기된장국_Q4_00043.JPG</filename>
	<path>/side국류대접시래기된장국q4/side_국류_대접_시래기된장국_Q4_00043.JPG</path>
	<source>
		<database>fooddata</database>
	</source>
	<size>
		<width>5472</width>
		<height>3648</height>
		<depth>3</depth>
	</size>
	<object>
		<name>ref_spoon</name>
		<bndbox>
			<xmin>1071</xmin>
			<ymin>782</ymin>
			<xmax>1607</xmax>
			<ymax>1517</ymax>
		</bndbox>
	</object>
	<object>
		<name>ref_fork</name>
		<bndbox>
			<xmin>1723</xmin>
			<ymin>904</ymin>
			<xmax>2110</xmax>
			<ymax>1769</ymax>
		</bndbox>
	</object>
	<object>
		<name>ref_coin</name>
		<bndbox>
			<xmin>2142</xmin>
			<ymin>440</ymin>
			<xmax>2523</xmax>
			<ymax>711</ymax>
		</bndbox>
	</object>
	<object>
		<name>dish</name>
		<bndbox>
			<xmin>2220</xmin>
			<ymin>653</ymin>
			<xmax>4743</xmax>
			<ymax>2802</ymax>
		</bndbox>
	</object>
	<object>
		<name>시래기된장국</name>
		<bndbox>
			<xmin>2375</xmin>
			<ymin>1053</ymin>
			<xmax>4517</xmax>
			<ymax>2479</ymax>
		</bndbox>
	</object>
</annotation>