<annotation>
	<folder>side국류대접q4</folder>
	<filename>side_국류_대접_시래기된장국_Q4_00029.JPG</filename>
	<path>/side국류대접시래기된장국q4/side_국류_대접_시래기된장국_Q4_00029.JPG</path>
	<source>
		<database>fooddata</database>
	</source>
	<size>
		<width>5472</width>
		<height>3648</height>
		<depth>3</depth>
	</size>
	<object>
		<name>ref_spoon</name>
		<bndbox>
			<xmin>1252</xmin>
			<ymin>2963</ymin>
			<xmax>2200</xmax>
			<ymax>3460</ymax>
		</bndbox>
	</object>
	<object>
		<name>ref_fork</name>
		<bndbox>
			<xmin>1516</xmin>
			<ymin>2602</ymin>
			<xmax>2530</xmax>
			<ymax>3015</ymax>
		</bndbox>
	</object>
	<object>
		<name>ref_coin</name>
		<bndbox>
			<xmin>949</xmin>
			<ymin>1543</ymin>
			<xmax>1342</xmax>
			<ymax>1840</ymax>
		</bndbox>
	</object>
	<object>
		<name>dish</name>
		<bndbox>
			<xmin>2020</xmin>
			<ymin>253</ymin>
			<xmax>4285</xmax>
			<ymax>2156</ymax>
		</bndbox>
	</object>
	<object>
		<name>시래기된장국</name>
		<bndbox>
			<xmin>2181</xmin>
			<ymin>633</ymin>
			<xmax>4117</xmax>
			<ymax>1853</ymax>
		</bndbox>
	</object>
</annotation>