<annotation>
	<folder>side국류대접q4</folder>
	<filename>side_국류_대접_시래기된장국_Q4_00025.JPG</filename>
	<path>/side국류대접시래기된장국q4/side_국류_대접_시래기된장국_Q4_00025.JPG</path>
	<source>
		<database>fooddata</database>
	</source>
	<size>
		<width>5472</width>
		<height>3648</height>
		<depth>3</depth>
	</size>
	<object>
		<name>ref_spoon</name>
		<bndbox>
			<xmin>1684</xmin>
			<ymin>3008</ymin>
			<xmax>2575</xmax>
			<ymax>3524</ymax>
		</bndbox>
	</object>
	<object>
		<name>ref_fork</name>
		<bndbox>
			<xmin>1962</xmin>
			<ymin>2621</ymin>
			<xmax>2897</xmax>
			<ymax>3047</ymax>
		</bndbox>
	</object>
	<object>
		<name>ref_coin</name>
		<bndbox>
			<xmin>1491</xmin>
			<ymin>1859</ymin>
			<xmax>1884</xmax>
			<ymax>2176</ymax>
		</bndbox>
	</object>
	<object>
		<name>dish</name>
		<bndbox>
			<xmin>2220</xmin>
			<ymin>195</ymin>
			<xmax>4575</xmax>
			<ymax>2137</ymax>
		</bndbox>
	</object>
	<object>
		<name>시래기된장국</name>
		<bndbox>
			<xmin>2375</xmin>
			<ymin>569</ymin>
			<xmax>4388</xmax>
			<ymax>1827</ymax>
		</bndbox>
	</object>
</annotation>