<annotation>
	<folder>top국류대접시래기된장국q4</folder>
	<filename>top_국류_대접_시래기된장국_Q4_00027.JPG</filename>
	<path>/top국류대접시래기된장국q4/top_국류_대접_시래기된장국_Q4_00027.JPG</path>
	<source>
		<database>fooddata</database>
	</source>
	<size>
		<width>5472</width>
		<height>3648</height>
		<depth>3</depth>
	</size>
	<object>
		<name>ref_spoon</name>
		<bndbox>
			<xmin>2223</xmin>
			<ymin>2962</ymin>
			<xmax>2965</xmax>
			<ymax>3460</ymax>
		</bndbox>
	</object>
	<object>
		<name>ref_fork</name>
		<bndbox>
			<xmin>2294</xmin>
			<ymin>2520</ymin>
			<xmax>3066</xmax>
			<ymax>2830</ymax>
		</bndbox>
	</object>
	<object>
		<name>ref_coin</name>
		<bndbox>
			<xmin>3061</xmin>
			<ymin>152</ymin>
			<xmax>3366</xmax>
			<ymax>457</ymax>
		</bndbox>
	</object>
	<object>
		<name>dish</name>
		<bndbox>
			<xmin>2802</xmin>
			<ymin>406</ymin>
			<xmax>4839</xmax>
			<ymax>2403</ymax>
		</bndbox>
	</object>
	<object>
		<name>시래기된장국</name>
		<bndbox>
			<xmin>2934</xmin>
			<ymin>640</ymin>
			<xmax>4631</xmax>
			<ymax>2297</ymax>
		</bndbox>
	</object>
</annotation>