<annotation>
	<folder>top국류대접시래기된장국q4</folder>
	<filename>top_국류_대접_시래기된장국_Q4_00016.JPG</filename>
	<path>/top국류대접시래기된장국q4/top_국류_대접_시래기된장국_Q4_00016.JPG</path>
	<source>
		<database>fooddata</database>
	</source>
	<size>
		<width>5472</width>
		<height>3648</height>
		<depth>3</depth>
	</size>
	<object>
		<name>ref_spoon</name>
		<bndbox>
			<xmin>1948</xmin>
			<ymin>3013</ymin>
			<xmax>2690</xmax>
			<ymax>3501</ymax>
		</bndbox>
	</object>
	<object>
		<name>ref_fork</name>
		<bndbox>
			<xmin>2055</xmin>
			<ymin>2576</ymin>
			<xmax>2777</xmax>
			<ymax>2886</ymax>
		</bndbox>
	</object>
	<object>
		<name>ref_coin</name>
		<bndbox>
			<xmin>4021</xmin>
			<ymin>295</ymin>
			<xmax>4336</xmax>
			<ymax>589</ymax>
		</bndbox>
	</object>
	<object>
		<name>dish</name>
		<bndbox>
			<xmin>2319</xmin>
			<ymin>310</ymin>
			<xmax>4377</xmax>
			<ymax>2357</ymax>
		</bndbox>
	</object>
	<object>
		<name>시래기된장국</name>
		<bndbox>
			<xmin>2462</xmin>
			<ymin>528</ymin>
			<xmax>4169</xmax>
			<ymax>2251</ymax>
		</bndbox>
	</object>
</annotation>