<annotation>
	<folder>top국류대접시래기된장국q4</folder>
	<filename>top_국류_대접_시래기된장국_Q4_00029.JPG</filename>
	<path>/top국류대접시래기된장국q4/top_국류_대접_시래기된장국_Q4_00029.JPG</path>
	<source>
		<database>fooddata</database>
	</source>
	<size>
		<width>5472</width>
		<height>3648</height>
		<depth>3</depth>
	</size>
	<object>
		<name>ref_spoon</name>
		<bndbox>
			<xmin>1832</xmin>
			<ymin>3033</ymin>
			<xmax>2553</xmax>
			<ymax>3526</ymax>
		</bndbox>
	</object>
	<object>
		<name>ref_fork</name>
		<bndbox>
			<xmin>1913</xmin>
			<ymin>2576</ymin>
			<xmax>2685</xmax>
			<ymax>2891</ymax>
		</bndbox>
	</object>
	<object>
		<name>ref_coin</name>
		<bndbox>
			<xmin>3544</xmin>
			<ymin>254</ymin>
			<xmax>3854</xmax>
			<ymax>549</ymax>
		</bndbox>
	</object>
	<object>
		<name>dish</name>
		<bndbox>
			<xmin>2355</xmin>
			<ymin>533</ymin>
			<xmax>4413</xmax>
			<ymax>2551</ymax>
		</bndbox>
	</object>
	<object>
		<name>시래기된장국</name>
		<bndbox>
			<xmin>2497</xmin>
			<ymin>752</ymin>
			<xmax>4220</xmax>
			<ymax>2444</ymax>
		</bndbox>
	</object>
</annotation>