<annotation>
	<folder>top국류대접시래기된장국q4</folder>
	<filename>top_국류_대접_시래기된장국_Q4_00013.JPG</filename>
	<path>/top국류대접시래기된장국q4/top_국류_대접_시래기된장국_Q4_00013.JPG</path>
	<source>
		<database>fooddata</database>
	</source>
	<size>
		<width>5472</width>
		<height>3648</height>
		<depth>3</depth>
	</size>
	<object>
		<name>ref_spoon</name>
		<bndbox>
			<xmin>3859</xmin>
			<ymin>671</ymin>
			<xmax>4408</xmax>
			<ymax>1611</ymax>
		</bndbox>
	</object>
	<object>
		<name>ref_fork</name>
		<bndbox>
			<xmin>4550</xmin>
			<ymin>737</ymin>
			<xmax>4926</xmax>
			<ymax>1682</ymax>
		</bndbox>
	</object>
	<object>
		<name>ref_coin</name>
		<bndbox>
			<xmin>2446</xmin>
			<ymin>244</ymin>
			<xmax>2843</xmax>
			<ymax>625</ymax>
		</bndbox>
	</object>
	<object>
		<name>dish</name>
		<bndbox>
			<xmin>1247</xmin>
			<ymin>782</ymin>
			<xmax>3864</xmax>
			<ymax>3374</ymax>
		</bndbox>
	</object>
	<object>
		<name>시래기된장국</name>
		<bndbox>
			<xmin>1471</xmin>
			<ymin>1021</ymin>
			<xmax>3640</xmax>
			<ymax>3186</ymax>
		</bndbox>
	</object>
</annotation>