<annotation>
	<folder>top국류대접시래기된장국q4</folder>
	<filename>top_국류_대접_시래기된장국_Q4_00018.JPG</filename>
	<path>/top국류대접시래기된장국q4/top_국류_대접_시래기된장국_Q4_00018.JPG</path>
	<source>
		<database>fooddata</database>
	</source>
	<size>
		<width>5472</width>
		<height>3648</height>
		<depth>3</depth>
	</size>
	<object>
		<name>ref_spoon</name>
		<bndbox>
			<xmin>1766</xmin>
			<ymin>2962</ymin>
			<xmax>2528</xmax>
			<ymax>3450</ymax>
		</bndbox>
	</object>
	<object>
		<name>ref_fork</name>
		<bndbox>
			<xmin>1842</xmin>
			<ymin>2500</ymin>
			<xmax>2619</xmax>
			<ymax>2825</ymax>
		</bndbox>
	</object>
	<object>
		<name>ref_coin</name>
		<bndbox>
			<xmin>4199</xmin>
			<ymin>600</ymin>
			<xmax>4530</xmax>
			<ymax>909</ymax>
		</bndbox>
	</object>
	<object>
		<name>dish</name>
		<bndbox>
			<xmin>2111</xmin>
			<ymin>132</ymin>
			<xmax>4179</xmax>
			<ymax>2149</ymax>
		</bndbox>
	</object>
	<object>
		<name>시래기된장국</name>
		<bndbox>
			<xmin>2269</xmin>
			<ymin>351</ymin>
			<xmax>3996</xmax>
			<ymax>2053</ymax>
		</bndbox>
	</object>
</annotation>