<annotation>
	<folder>top국류대접시래기된장국q4</folder>
	<filename>top_국류_대접_시래기된장국_Q4_00002.JPG</filename>
	<path>/top국류대접시래기된장국q4/top_국류_대접_시래기된장국_Q4_00002.JPG</path>
	<source>
		<database>fooddata</database>
	</source>
	<size>
		<width>5472</width>
		<height>3648</height>
		<depth>3</depth>
	</size>
	<object>
		<name>ref_spoon</name>
		<bndbox>
			<xmin>3920</xmin>
			<ymin>432</ymin>
			<xmax>4494</xmax>
			<ymax>1387</ymax>
		</bndbox>
	</object>
	<object>
		<name>ref_fork</name>
		<bndbox>
			<xmin>4682</xmin>
			<ymin>462</ymin>
			<xmax>5048</xmax>
			<ymax>1514</ymax>
		</bndbox>
	</object>
	<object>
		<name>ref_coin</name>
		<bndbox>
			<xmin>3183</xmin>
			<ymin>2916</ymin>
			<xmax>3620</xmax>
			<ymax>3358</ymax>
		</bndbox>
	</object>
	<object>
		<name>dish</name>
		<bndbox>
			<xmin>1125</xmin>
			<ymin>203</ymin>
			<xmax>3905</xmax>
			<ymax>2901</ymax>
		</bndbox>
	</object>
	<object>
		<name>시래기된장국</name>
		<bndbox>
			<xmin>1379</xmin>
			<ymin>488</ymin>
			<xmax>3696</xmax>
			<ymax>2769</ymax>
		</bndbox>
	</object>
</annotation>