<annotation>
	<folder>top국류대접시래기된장국q4</folder>
	<filename>top_국류_대접_시래기된장국_Q4_00025.JPG</filename>
	<path>/top국류대접시래기된장국q4/top_국류_대접_시래기된장국_Q4_00025.JPG</path>
	<source>
		<database>fooddata</database>
	</source>
	<size>
		<width>5472</width>
		<height>3648</height>
		<depth>3</depth>
	</size>
	<object>
		<name>ref_spoon</name>
		<bndbox>
			<xmin>2070</xmin>
			<ymin>3023</ymin>
			<xmax>2873</xmax>
			<ymax>3531</ymax>
		</bndbox>
	</object>
	<object>
		<name>ref_fork</name>
		<bndbox>
			<xmin>2157</xmin>
			<ymin>2535</ymin>
			<xmax>3005</xmax>
			<ymax>2871</ymax>
		</bndbox>
	</object>
	<object>
		<name>ref_coin</name>
		<bndbox>
			<xmin>1999</xmin>
			<ymin>757</ymin>
			<xmax>2319</xmax>
			<ymax>1092</ymax>
		</bndbox>
	</object>
	<object>
		<name>dish</name>
		<bndbox>
			<xmin>2716</xmin>
			<ymin>239</ymin>
			<xmax>4900</xmax>
			<ymax>2408</ymax>
		</bndbox>
	</object>
	<object>
		<name>시래기된장국</name>
		<bndbox>
			<xmin>2843</xmin>
			<ymin>473</ymin>
			<xmax>4707</xmax>
			<ymax>2297</ymax>
		</bndbox>
	</object>
</annotation>