<annotation>
	<folder>top국류대접시래기된장국q4</folder>
	<filename>top_국류_대접_시래기된장국_Q4_00010.JPG</filename>
	<path>/top국류대접시래기된장국q4/top_국류_대접_시래기된장국_Q4_00010.JPG</path>
	<source>
		<database>fooddata</database>
	</source>
	<size>
		<width>5472</width>
		<height>3648</height>
		<depth>3</depth>
	</size>
	<object>
		<name>ref_spoon</name>
		<bndbox>
			<xmin>3986</xmin>
			<ymin>422</ymin>
			<xmax>4519</xmax>
			<ymax>1412</ymax>
		</bndbox>
	</object>
	<object>
		<name>ref_fork</name>
		<bndbox>
			<xmin>4672</xmin>
			<ymin>498</ymin>
			<xmax>5033</xmax>
			<ymax>1407</ymax>
		</bndbox>
	</object>
	<object>
		<name>ref_coin</name>
		<bndbox>
			<xmin>1075</xmin>
			<ymin>544</ymin>
			<xmax>1491</xmax>
			<ymax>945</ymax>
		</bndbox>
	</object>
	<object>
		<name>dish</name>
		<bndbox>
			<xmin>1435</xmin>
			<ymin>452</ymin>
			<xmax>4027</xmax>
			<ymax>3038</ymax>
		</bndbox>
	</object>
	<object>
		<name>시래기된장국</name>
		<bndbox>
			<xmin>1633</xmin>
			<ymin>716</ymin>
			<xmax>3803</xmax>
			<ymax>2881</ymax>
		</bndbox>
	</object>
</annotation>