<annotation>
	<folder>top국류대접시래기된장국q4</folder>
	<filename>top_국류_대접_시래기된장국_Q4_00005.JPG</filename>
	<path>/top국류대접시래기된장국q4/top_국류_대접_시래기된장국_Q4_00005.JPG</path>
	<source>
		<database>fooddata</database>
	</source>
	<size>
		<width>5472</width>
		<height>3648</height>
		<depth>3</depth>
	</size>
	<object>
		<name>ref_spoon</name>
		<bndbox>
			<xmin>4021</xmin>
			<ymin>356</ymin>
			<xmax>4550</xmax>
			<ymax>1280</ymax>
		</bndbox>
	</object>
	<object>
		<name>ref_fork</name>
		<bndbox>
			<xmin>4707</xmin>
			<ymin>422</ymin>
			<xmax>5068</xmax>
			<ymax>1382</ymax>
		</bndbox>
	</object>
	<object>
		<name>ref_coin</name>
		<bndbox>
			<xmin>1811</xmin>
			<ymin>2825</ymin>
			<xmax>2208</xmax>
			<ymax>3242</ymax>
		</bndbox>
	</object>
	<object>
		<name>dish</name>
		<bndbox>
			<xmin>1349</xmin>
			<ymin>142</ymin>
			<xmax>3935</xmax>
			<ymax>2713</ymax>
		</bndbox>
	</object>
	<object>
		<name>시래기된장국</name>
		<bndbox>
			<xmin>1562</xmin>
			<ymin>427</ymin>
			<xmax>3727</xmax>
			<ymax>2556</ymax>
		</bndbox>
	</object>
</annotation>