<annotation>
	<folder>top국류대접시래기된장국q4</folder>
	<filename>top_국류_대접_시래기된장국_Q4_00049.JPG</filename>
	<path>/top국류대접시래기된장국q4/top_국류_대접_시래기된장국_Q4_00049.JPG</path>
	<source>
		<database>fooddata</database>
	</source>
	<size>
		<width>5472</width>
		<height>3648</height>
		<depth>3</depth>
	</size>
	<object>
		<name>ref_spoon</name>
		<bndbox>
			<xmin>577</xmin>
			<ymin>777</ymin>
			<xmax>1186</xmax>
			<ymax>1743</ymax>
		</bndbox>
	</object>
	<object>
		<name>ref_fork</name>
		<bndbox>
			<xmin>1379</xmin>
			<ymin>752</ymin>
			<xmax>1806</xmax>
			<ymax>1783</ymax>
		</bndbox>
	</object>
	<object>
		<name>ref_coin</name>
		<bndbox>
			<xmin>4387</xmin>
			<ymin>2855</ymin>
			<xmax>4839</xmax>
			<ymax>3303</ymax>
		</bndbox>
	</object>
	<object>
		<name>dish</name>
		<bndbox>
			<xmin>2121</xmin>
			<ymin>142</ymin>
			<xmax>4824</xmax>
			<ymax>2739</ymax>
		</bndbox>
	</object>
	<object>
		<name>시래기된장국</name>
		<bndbox>
			<xmin>2284</xmin>
			<ymin>381</ymin>
			<xmax>4570</xmax>
			<ymax>2606</ymax>
		</bndbox>
	</object>
</annotation>