<annotation>
	<folder>side어육류정형사각배달돈가스q4</folder>
	<filename>side_어육류정형_사각배달_돈가스_Q4_00037.JPG</filename>
	<path>/side어육류정형사각배달돈가스q4/side_어육류정형_사각배달_돈가스_Q4_00037.JPG</path>
	<source>
		<database>fooddata</database>
	</source>
	<size>
		<width>3008</width>
		<height>2000</height>
		<depth>3</depth>
	</size>
	<object>
		<name>ref_spoon</name>
		<bndbox>
			<xmin>491</xmin>
			<ymin>1593</ymin>
			<xmax>956</xmax>
			<ymax>1877</ymax>
		</bndbox>
	</object>
	<object>
		<name>ref_fork</name>
		<bndbox>
			<xmin>514</xmin>
			<ymin>1310</ymin>
			<xmax>1034</xmax>
			<ymax>1558</ymax>
		</bndbox>
	</object>
	<object>
		<name>ref_coin</name>
		<bndbox>
			<xmin>1747</xmin>
			<ymin>1227</ymin>
			<xmax>1977</xmax>
			<ymax>1388</ymax>
		</bndbox>
	</object>
	<object>
		<name>dish</name>
		<bndbox>
			<xmin>646</xmin>
			<ymin>131</ymin>
			<xmax>1928</xmax>
			<ymax>1194</ymax>
		</bndbox>
	</object>
	<object>
		<name>돈가스</name>
		<bndbox>
			<xmin>908</xmin>
			<ymin>409</ymin>
			<xmax>1526</xmax>
			<ymax>886</ymax>
		</bndbox>
	</object>
</annotation>