<annotation>
	<folder>side어육류정형사각배달돈가스q4</folder>
	<filename>side_어육류정형_사각배달_돈가스_Q4_00051.JPG</filename>
	<path>/side어육류정형사각배달돈가스q4/side_어육류정형_사각배달_돈가스_Q4_00051.JPG</path>
	<source>
		<database>fooddata</database>
	</source>
	<size>
		<width>3008</width>
		<height>2000</height>
		<depth>3</depth>
	</size>
	<object>
		<name>ref_spoon</name>
		<bndbox>
			<xmin>301</xmin>
			<ymin>402</ymin>
			<xmax>620</xmax>
			<ymax>791</ymax>
		</bndbox>
	</object>
	<object>
		<name>ref_fork</name>
		<bndbox>
			<xmin>732</xmin>
			<ymin>398</ymin>
			<xmax>964</xmax>
			<ymax>835</ymax>
		</bndbox>
	</object>
	<object>
		<name>ref_coin</name>
		<bndbox>
			<xmin>1281</xmin>
			<ymin>1628</ymin>
			<xmax>1550</xmax>
			<ymax>1816</ymax>
		</bndbox>
	</object>
	<object>
		<name>dish</name>
		<bndbox>
			<xmin>1240</xmin>
			<ymin>159</ymin>
			<xmax>2673</xmax>
			<ymax>1493</ymax>
		</bndbox>
	</object>
	<object>
		<name>돈가스</name>
		<bndbox>
			<xmin>1534</xmin>
			<ymin>540</ymin>
			<xmax>2408</xmax>
			<ymax>1180</ymax>
		</bndbox>
	</object>
</annotation>