<annotation>
	<folder>side어육류정형사각배달돈가스q4</folder>
	<filename>side_어육류정형_사각배달_돈가스_Q4_00013.JPG</filename>
	<path>/side어육류정형사각배달돈가스q4/side_어육류정형_사각배달_돈가스_Q4_00013.JPG</path>
	<source>
		<database>fooddata</database>
	</source>
	<size>
		<width>3008</width>
		<height>2000</height>
		<depth>3</depth>
	</size>
	<object>
		<name>ref_spoon</name>
		<bndbox>
			<xmin>2056</xmin>
			<ymin>522</ymin>
			<xmax>2377</xmax>
			<ymax>945</ymax>
		</bndbox>
	</object>
	<object>
		<name>ref_fork</name>
		<bndbox>
			<xmin>2494</xmin>
			<ymin>578</ymin>
			<xmax>2744</xmax>
			<ymax>1062</ymax>
		</bndbox>
	</object>
	<object>
		<name>ref_coin</name>
		<bndbox>
			<xmin>1515</xmin>
			<ymin>1539</ymin>
			<xmax>1785</xmax>
			<ymax>1752</ymax>
		</bndbox>
	</object>
	<object>
		<name>dish</name>
		<bndbox>
			<xmin>135</xmin>
			<ymin>84</ymin>
			<xmax>1961</xmax>
			<ymax>1437</ymax>
		</bndbox>
	</object>
	<object>
		<name>돈가스</name>
		<bndbox>
			<xmin>594</xmin>
			<ymin>462</ymin>
			<xmax>1423</xmax>
			<ymax>1099</ymax>
		</bndbox>
	</object>
</annotation>