<annotation>
	<folder>side어육류정형사각배달돈가스q4</folder>
	<filename>side_어육류정형_사각배달_돈가스_Q4_00036.JPG</filename>
	<path>/side어육류정형사각배달돈가스q4/side_어육류정형_사각배달_돈가스_Q4_00036.JPG</path>
	<source>
		<database>fooddata</database>
	</source>
	<size>
		<width>3008</width>
		<height>2000</height>
		<depth>3</depth>
	</size>
	<object>
		<name>ref_spoon</name>
		<bndbox>
			<xmin>631</xmin>
			<ymin>1559</ymin>
			<xmax>1112</xmax>
			<ymax>1818</ymax>
		</bndbox>
	</object>
	<object>
		<name>ref_fork</name>
		<bndbox>
			<xmin>672</xmin>
			<ymin>1275</ymin>
			<xmax>1174</xmax>
			<ymax>1517</ymax>
		</bndbox>
	</object>
	<object>
		<name>ref_coin</name>
		<bndbox>
			<xmin>1695</xmin>
			<ymin>1202</ymin>
			<xmax>1908</xmax>
			<ymax>1363</ymax>
		</bndbox>
	</object>
	<object>
		<name>dish</name>
		<bndbox>
			<xmin>717</xmin>
			<ymin>78</ymin>
			<xmax>2228</xmax>
			<ymax>1106</ymax>
		</bndbox>
	</object>
	<object>
		<name>돈가스</name>
		<bndbox>
			<xmin>1086</xmin>
			<ymin>372</ymin>
			<xmax>1753</xmax>
			<ymax>844</ymax>
		</bndbox>
	</object>
</annotation>