<annotation>
	<folder>side어육류정형사각배달돈가스q4</folder>
	<filename>side_어육류정형_사각배달_돈가스_Q4_00003.JPG</filename>
	<path>/side어육류정형사각배달돈가스q4/side_어육류정형_사각배달_돈가스_Q4_00003.JPG</path>
	<source>
		<database>fooddata</database>
	</source>
	<size>
		<width>3008</width>
		<height>2000</height>
		<depth>3</depth>
	</size>
	<object>
		<name>ref_spoon</name>
		<bndbox>
			<xmin>2025</xmin>
			<ymin>688</ymin>
			<xmax>2384</xmax>
			<ymax>1140</ymax>
		</bndbox>
	</object>
	<object>
		<name>ref_fork</name>
		<bndbox>
			<xmin>2531</xmin>
			<ymin>747</ymin>
			<xmax>2788</xmax>
			<ymax>1253</ymax>
		</bndbox>
	</object>
	<object>
		<name>ref_coin</name>
		<bndbox>
			<xmin>249</xmin>
			<ymin>281</ymin>
			<xmax>509</xmax>
			<ymax>461</ymax>
		</bndbox>
	</object>
	<object>
		<name>dish</name>
		<bndbox>
			<xmin>289</xmin>
			<ymin>457</ymin>
			<xmax>1863</xmax>
			<ymax>1936</ymax>
		</bndbox>
	</object>
	<object>
		<name>돈가스</name>
		<bndbox>
			<xmin>536</xmin>
			<ymin>831</ymin>
			<xmax>1506</xmax>
			<ymax>1642</ymax>
		</bndbox>
	</object>
</annotation>