<annotation>
	<folder>side어육류정형사각배달돈가스q4</folder>
	<filename>side_어육류정형_사각배달_돈가스_Q4_00043.JPG</filename>
	<path>/side어육류정형사각배달돈가스q4/side_어육류정형_사각배달_돈가스_Q4_00043.JPG</path>
	<source>
		<database>fooddata</database>
	</source>
	<size>
		<width>3008</width>
		<height>2000</height>
		<depth>3</depth>
	</size>
	<object>
		<name>ref_spoon</name>
		<bndbox>
			<xmin>162</xmin>
			<ymin>587</ymin>
			<xmax>467</xmax>
			<ymax>961</ymax>
		</bndbox>
	</object>
	<object>
		<name>ref_fork</name>
		<bndbox>
			<xmin>560</xmin>
			<ymin>602</ymin>
			<xmax>800</xmax>
			<ymax>1026</ymax>
		</bndbox>
	</object>
	<object>
		<name>ref_coin</name>
		<bndbox>
			<xmin>2614</xmin>
			<ymin>1256</ymin>
			<xmax>2847</xmax>
			<ymax>1422</ymax>
		</bndbox>
	</object>
	<object>
		<name>dish</name>
		<bndbox>
			<xmin>895</xmin>
			<ymin>556</ymin>
			<xmax>2625</xmax>
			<ymax>1704</ymax>
		</bndbox>
	</object>
	<object>
		<name>돈가스</name>
		<bndbox>
			<xmin>1375</xmin>
			<ymin>880</ymin>
			<xmax>2224</xmax>
			<ymax>1415</ymax>
		</bndbox>
	</object>
</annotation>