<annotation>
	<folder>side어육류정형사각배달돈가스q4</folder>
	<filename>side_어육류정형_사각배달_돈가스_Q4_00038.JPG</filename>
	<path>/side어육류정형사각배달돈가스q4/side_어육류정형_사각배달_돈가스_Q4_00038.JPG</path>
	<source>
		<database>fooddata</database>
	</source>
	<size>
		<width>3008</width>
		<height>2000</height>
		<depth>3</depth>
	</size>
	<object>
		<name>ref_spoon</name>
		<bndbox>
			<xmin>182</xmin>
			<ymin>317</ymin>
			<xmax>503</xmax>
			<ymax>715</ymax>
		</bndbox>
	</object>
	<object>
		<name>ref_fork</name>
		<bndbox>
			<xmin>615</xmin>
			<ymin>324</ymin>
			<xmax>852</xmax>
			<ymax>778</ymax>
		</bndbox>
	</object>
	<object>
		<name>ref_coin</name>
		<bndbox>
			<xmin>1121</xmin>
			<ymin>1703</ymin>
			<xmax>1394</xmax>
			<ymax>1913</ymax>
		</bndbox>
	</object>
	<object>
		<name>dish</name>
		<bndbox>
			<xmin>1178</xmin>
			<ymin>167</ymin>
			<xmax>2444</xmax>
			<ymax>1471</ymax>
		</bndbox>
	</object>
	<object>
		<name>돈가스</name>
		<bndbox>
			<xmin>1365</xmin>
			<ymin>526</ymin>
			<xmax>2142</xmax>
			<ymax>1172</ymax>
		</bndbox>
	</object>
</annotation>