<annotation>
	<folder>side어육류정형사각배달돈가스q4</folder>
	<filename>side_어육류정형_사각배달_돈가스_Q4_00001.JPG</filename>
	<path>/side어육류정형사각배달돈가스q4/side_어육류정형_사각배달_돈가스_Q4_00001.JPG</path>
	<source>
		<database>fooddata</database>
	</source>
	<size>
		<width>3008</width>
		<height>2000</height>
		<depth>3</depth>
	</size>
	<object>
		<name>ref_spoon</name>
		<bndbox>
			<xmin>2025</xmin>
			<ymin>812</ymin>
			<xmax>2362</xmax>
			<ymax>1260</ymax>
		</bndbox>
	</object>
	<object>
		<name>ref_fork</name>
		<bndbox>
			<xmin>2509</xmin>
			<ymin>857</ymin>
			<xmax>2766</xmax>
			<ymax>1348</ymax>
		</bndbox>
	</object>
	<object>
		<name>ref_coin</name>
		<bndbox>
			<xmin>1423</xmin>
			<ymin>351</ymin>
			<xmax>1665</xmax>
			<ymax>512</ymax>
		</bndbox>
	</object>
	<object>
		<name>dish</name>
		<bndbox>
			<xmin>139</xmin>
			<ymin>674</ymin>
			<xmax>1933</xmax>
			<ymax>1762</ymax>
		</bndbox>
	</object>
	<object>
		<name>돈가스</name>
		<bndbox>
			<xmin>374</xmin>
			<ymin>1048</ymin>
			<xmax>1684</xmax>
			<ymax>1473</ymax>
		</bndbox>
	</object>
</annotation>