<annotation>
	<folder>side어육류정형사각배달돈가스q4</folder>
	<filename>side_어육류정형_사각배달_돈가스_Q4_00045.JPG</filename>
	<path>/side어육류정형사각배달돈가스q4/side_어육류정형_사각배달_돈가스_Q4_00045.JPG</path>
	<source>
		<database>fooddata</database>
	</source>
	<size>
		<width>3008</width>
		<height>2000</height>
		<depth>3</depth>
	</size>
	<object>
		<name>ref_spoon</name>
		<bndbox>
			<xmin>256</xmin>
			<ymin>423</ymin>
			<xmax>587</xmax>
			<ymax>814</ymax>
		</bndbox>
	</object>
	<object>
		<name>ref_fork</name>
		<bndbox>
			<xmin>684</xmin>
			<ymin>443</ymin>
			<xmax>924</xmax>
			<ymax>894</ymax>
		</bndbox>
	</object>
	<object>
		<name>ref_coin</name>
		<bndbox>
			<xmin>1736</xmin>
			<ymin>144</ymin>
			<xmax>1953</xmax>
			<ymax>285</ymax>
		</bndbox>
	</object>
	<object>
		<name>dish</name>
		<bndbox>
			<xmin>1335</xmin>
			<ymin>382</ymin>
			<xmax>2582</xmax>
			<ymax>1737</ymax>
		</bndbox>
	</object>
	<object>
		<name>돈가스</name>
		<bndbox>
			<xmin>1549</xmin>
			<ymin>799</ymin>
			<xmax>2318</xmax>
			<ymax>1421</ymax>
		</bndbox>
	</object>
</annotation>