<annotation>
	<folder>side어육류정형사각배달돈가스q4</folder>
	<filename>side_어육류정형_사각배달_돈가스_Q4_00010.JPG</filename>
	<path>/side어육류정형사각배달돈가스q4/side_어육류정형_사각배달_돈가스_Q4_00010.JPG</path>
	<source>
		<database>fooddata</database>
	</source>
	<size>
		<width>3008</width>
		<height>2000</height>
		<depth>3</depth>
	</size>
	<object>
		<name>ref_spoon</name>
		<bndbox>
			<xmin>1954</xmin>
			<ymin>504</ymin>
			<xmax>2274</xmax>
			<ymax>938</ymax>
		</bndbox>
	</object>
	<object>
		<name>ref_fork</name>
		<bndbox>
			<xmin>2407</xmin>
			<ymin>563</ymin>
			<xmax>2641</xmax>
			<ymax>1034</ymax>
		</bndbox>
	</object>
	<object>
		<name>ref_coin</name>
		<bndbox>
			<xmin>1174</xmin>
			<ymin>1708</ymin>
			<xmax>1443</xmax>
			<ymax>1917</ymax>
		</bndbox>
	</object>
	<object>
		<name>dish</name>
		<bndbox>
			<xmin>264</xmin>
			<ymin>64</ymin>
			<xmax>1856</xmax>
			<ymax>1503</ymax>
		</bndbox>
	</object>
	<object>
		<name>돈가스</name>
		<bndbox>
			<xmin>632</xmin>
			<ymin>571</ymin>
			<xmax>1629</xmax>
			<ymax>1172</ymax>
		</bndbox>
	</object>
</annotation>