<annotation>
	<folder>top어육류정형사각배달돈까스q4</folder>
	<filename>top_어육류정형_사각배달_돈가스_Q4_00020.JPG</filename>
	<path>/top어육류정형사각배달돈가스q4/top_어육류정형_사각배달_돈가스_Q4_00020.JPG</path>
	<source>
		<database>fooddata</database>
	</source>
	<size>
		<width>3008</width>
		<height>2000</height>
		<depth>3</depth>
	</size>
	<object>
		<name>ref_spoon</name>
		<bndbox>
			<xmin>885</xmin>
			<ymin>1683</ymin>
			<xmax>1251</xmax>
			<ymax>1932</ymax>
		</bndbox>
	</object>
	<object>
		<name>ref_fork</name>
		<bndbox>
			<xmin>932</xmin>
			<ymin>1422</ymin>
			<xmax>1326</xmax>
			<ymax>1600</ymax>
		</bndbox>
	</object>
	<object>
		<name>ref_coin</name>
		<bndbox>
			<xmin>2285</xmin>
			<ymin>797</ymin>
			<xmax>2454</xmax>
			<ymax>964</ymax>
		</bndbox>
	</object>
	<object>
		<name>dish</name>
		<bndbox>
			<xmin>950</xmin>
			<ymin>174</ymin>
			<xmax>2257</xmax>
			<ymax>1382</ymax>
		</bndbox>
	</object>
	<object>
		<name>돈가스</name>
		<bndbox>
			<xmin>1056</xmin>
			<ymin>383</ymin>
			<xmax>2147</xmax>
			<ymax>1098</ymax>
		</bndbox>
	</object>
</annotation>