<annotation>
	<folder>top어육류정형사각배달돈까스q4</folder>
	<filename>top_어육류정형_사각배달_돈가스_Q4_00048.JPG</filename>
	<path>/top어육류정형사각배달돈가스q4/top_어육류정형_사각배달_돈가스_Q4_00048.JPG</path>
	<source>
		<database>fooddata</database>
	</source>
	<size>
		<width>3008</width>
		<height>2000</height>
		<depth>3</depth>
	</size>
	<object>
		<name>ref_spoon</name>
		<bndbox>
			<xmin>332</xmin>
			<ymin>139</ymin>
			<xmax>584</xmax>
			<ymax>498</ymax>
		</bndbox>
	</object>
	<object>
		<name>ref_fork</name>
		<bndbox>
			<xmin>650</xmin>
			<ymin>289</ymin>
			<xmax>838</xmax>
			<ymax>691</ymax>
		</bndbox>
	</object>
	<object>
		<name>ref_coin</name>
		<bndbox>
			<xmin>1768</xmin>
			<ymin>1640</ymin>
			<xmax>1947</xmax>
			<ymax>1819</ymax>
		</bndbox>
	</object>
	<object>
		<name>dish</name>
		<bndbox>
			<xmin>894</xmin>
			<ymin>329</ymin>
			<xmax>1900</xmax>
			<ymax>1643</ymax>
		</bndbox>
	</object>
	<object>
		<name>돈가스</name>
		<bndbox>
			<xmin>1068</xmin>
			<ymin>475</ymin>
			<xmax>1761</xmax>
			<ymax>1530</ymax>
		</bndbox>
	</object>
</annotation>