<annotation>
	<folder>top어육류정형사각배달돈까스q4</folder>
	<filename>top_어육류정형_사각배달_돈가스_Q4_00008.JPG</filename>
	<path>/top어육류정형사각배달돈가스q4/top_어육류정형_사각배달_돈가스_Q4_00008.JPG</path>
	<source>
		<database>fooddata</database>
	</source>
	<size>
		<width>3008</width>
		<height>2000</height>
		<depth>3</depth>
	</size>
	<object>
		<name>ref_spoon</name>
		<bndbox>
			<xmin>2158</xmin>
			<ymin>475</ymin>
			<xmax>2424</xmax>
			<ymax>858</ymax>
		</bndbox>
	</object>
	<object>
		<name>ref_fork</name>
		<bndbox>
			<xmin>2523</xmin>
			<ymin>512</ymin>
			<xmax>2720</xmax>
			<ymax>942</ymax>
		</bndbox>
	</object>
	<object>
		<name>ref_coin</name>
		<bndbox>
			<xmin>203</xmin>
			<ymin>566</ymin>
			<xmax>389</xmax>
			<ymax>750</ymax>
		</bndbox>
	</object>
	<object>
		<name>dish</name>
		<bndbox>
			<xmin>567</xmin>
			<ymin>541</ymin>
			<xmax>2010</xmax>
			<ymax>1918</ymax>
		</bndbox>
	</object>
	<object>
		<name>돈가스</name>
		<bndbox>
			<xmin>981</xmin>
			<ymin>724</ymin>
			<xmax>1801</xmax>
			<ymax>1831</ymax>
		</bndbox>
	</object>
</annotation>