<annotation>
	<folder>top어육류정형사각배달돈까스q4</folder>
	<filename>top_어육류정형_사각배달_돈가스_Q4_00034.JPG</filename>
	<path>/top어육류정형사각배달돈가스q4/top_어육류정형_사각배달_돈가스_Q4_00034.JPG</path>
	<source>
		<database>fooddata</database>
	</source>
	<size>
		<width>3008</width>
		<height>2000</height>
		<depth>3</depth>
	</size>
	<object>
		<name>ref_spoon</name>
		<bndbox>
			<xmin>490</xmin>
			<ymin>1398</ymin>
			<xmax>786</xmax>
			<ymax>1608</ymax>
		</bndbox>
	</object>
	<object>
		<name>ref_fork</name>
		<bndbox>
			<xmin>572</xmin>
			<ymin>1156</ymin>
			<xmax>906</xmax>
			<ymax>1318</ymax>
		</bndbox>
	</object>
	<object>
		<name>ref_coin</name>
		<bndbox>
			<xmin>1317</xmin>
			<ymin>1746</ymin>
			<xmax>1463</xmax>
			<ymax>1894</ymax>
		</bndbox>
	</object>
	<object>
		<name>dish</name>
		<bndbox>
			<xmin>666</xmin>
			<ymin>125</ymin>
			<xmax>1623</xmax>
			<ymax>1194</ymax>
		</bndbox>
	</object>
	<object>
		<name>돈가스</name>
		<bndbox>
			<xmin>791</xmin>
			<ymin>308</ymin>
			<xmax>1491</xmax>
			<ymax>1011</ymax>
		</bndbox>
	</object>
</annotation>