<annotation>
	<folder>top어육류정형사각배달돈까스q4</folder>
	<filename>top_어육류정형_사각배달_돈가스_Q4_00026.JPG</filename>
	<path>/top어육류정형사각배달돈가스q4/top_어육류정형_사각배달_돈가스_Q4_00026.JPG</path>
	<source>
		<database>fooddata</database>
	</source>
	<size>
		<width>3008</width>
		<height>2000</height>
		<depth>3</depth>
	</size>
	<object>
		<name>ref_spoon</name>
		<bndbox>
			<xmin>720</xmin>
			<ymin>1528</ymin>
			<xmax>1054</xmax>
			<ymax>1751</ymax>
		</bndbox>
	</object>
	<object>
		<name>ref_fork</name>
		<bndbox>
			<xmin>786</xmin>
			<ymin>1264</ymin>
			<xmax>1150</xmax>
			<ymax>1422</ymax>
		</bndbox>
	</object>
	<object>
		<name>ref_coin</name>
		<bndbox>
			<xmin>1914</xmin>
			<ymin>999</ymin>
			<xmax>2069</xmax>
			<ymax>1152</ymax>
		</bndbox>
	</object>
	<object>
		<name>dish</name>
		<bndbox>
			<xmin>941</xmin>
			<ymin>92</ymin>
			<xmax>2137</xmax>
			<ymax>1060</ymax>
		</bndbox>
	</object>
	<object>
		<name>돈가스</name>
		<bndbox>
			<xmin>1026</xmin>
			<ymin>334</ymin>
			<xmax>2046</xmax>
			<ymax>985</ymax>
		</bndbox>
	</object>
</annotation>