<annotation>
	<folder>sid볶음밥류접시삼선볶음밥q3</folder>
	<filename>side_볶음밥류_접시_삼선볶음밥_Q3_00050.JPG</filename>
	<path>/side볶음밥류접시삼선볶음밥q3/side_볶음밥류_접시_삼선볶음밥_Q3_00050.JPG</path>
	<source>
		<database>fooddata</database>
	</source>
	<size>
		<width>720</width>
		<height>480</height>
		<depth>3</depth>
	</size>
	<object>
		<name>ref_spoon</name>
		<bndbox>
			<xmin>121</xmin>
			<ymin>397</ymin>
			<xmax>246</xmax>
			<ymax>459</ymax>
		</bndbox>
	</object>
	<object>
		<name>ref_fork</name>
		<bndbox>
			<xmin>129</xmin>
			<ymin>337</ymin>
			<xmax>253</xmax>
			<ymax>387</ymax>
		</bndbox>
	</object>
	<object>
		<name>ref_coin</name>
		<bndbox>
			<xmin>246</xmin>
			<ymin>26</ymin>
			<xmax>290</xmax>
			<ymax>56</ymax>
		</bndbox>
	</object>
	<object>
		<name>dish</name>
		<bndbox>
			<xmin>105</xmin>
			<ymin>88</ymin>
			<xmax>555</xmax>
			<ymax>281</ymax>
		</bndbox>
	</object>
	<object>
		<name>삼선볶음밥</name>
		<bndbox>
			<xmin>144</xmin>
			<ymin>122</ymin>
			<xmax>521</xmax>
			<ymax>270</ymax>
		</bndbox>
	</object>
</annotation>