<annotation>
	<folder>sid볶음밥류접시삼선볶음밥q3</folder>
	<filename>side_볶음밥류_접시_삼선볶음밥_Q3_00013.JPG</filename>
	<path>/side볶음밥류접시삼선볶음밥q3/side_볶음밥류_접시_삼선볶음밥_Q3_00013.JPG</path>
	<source>
		<database>fooddata</database>
	</source>
	<size>
		<width>720</width>
		<height>480</height>
		<depth>3</depth>
	</size>
	<object>
		<name>ref_spoon</name>
		<bndbox>
			<xmin>99</xmin>
			<ymin>108</ymin>
			<xmax>162</xmax>
			<ymax>198</ymax>
		</bndbox>
	</object>
	<object>
		<name>ref_fork</name>
		<bndbox>
			<xmin>194</xmin>
			<ymin>110</ymin>
			<xmax>236</xmax>
			<ymax>206</ymax>
		</bndbox>
	</object>
	<object>
		<name>ref_coin</name>
		<bndbox>
			<xmin>331</xmin>
			<ymin>358</ymin>
			<xmax>384</xmax>
			<ymax>400</ymax>
		</bndbox>
	</object>
	<object>
		<name>dish</name>
		<bndbox>
			<xmin>241</xmin>
			<ymin>114</ymin>
			<xmax>681</xmax>
			<ymax>318</ymax>
		</bndbox>
	</object>
	<object>
		<name>삼선볶음밥</name>
		<bndbox>
			<xmin>279</xmin>
			<ymin>143</ymin>
			<xmax>646</xmax>
			<ymax>306</ymax>
		</bndbox>
	</object>
</annotation>