<annotation>
	<folder>sid볶음밥류접시삼선볶음밥q3</folder>
	<filename>side_볶음밥류_접시_삼선볶음밥_Q3_00051.JPG</filename>
	<path>/side볶음밥류접시삼선볶음밥q3/side_볶음밥류_접시_삼선볶음밥_Q3_00051.JPG</path>
	<source>
		<database>fooddata</database>
	</source>
	<size>
		<width>720</width>
		<height>480</height>
		<depth>3</depth>
	</size>
	<object>
		<name>ref_spoon</name>
		<bndbox>
			<xmin>119</xmin>
			<ymin>391</ymin>
			<xmax>241</xmax>
			<ymax>452</ymax>
		</bndbox>
	</object>
	<object>
		<name>ref_fork</name>
		<bndbox>
			<xmin>126</xmin>
			<ymin>331</ymin>
			<xmax>250</xmax>
			<ymax>380</ymax>
		</bndbox>
	</object>
	<object>
		<name>ref_coin</name>
		<bndbox>
			<xmin>196</xmin>
			<ymin>21</ymin>
			<xmax>240</xmax>
			<ymax>53</ymax>
		</bndbox>
	</object>
	<object>
		<name>dish</name>
		<bndbox>
			<xmin>101</xmin>
			<ymin>80</ymin>
			<xmax>554</xmax>
			<ymax>273</ymax>
		</bndbox>
	</object>
	<object>
		<name>삼선볶음밥</name>
		<bndbox>
			<xmin>139</xmin>
			<ymin>112</ymin>
			<xmax>515</xmax>
			<ymax>264</ymax>
		</bndbox>
	</object>
</annotation>