<annotation>
	<folder>sid볶음밥류접시삼선볶음밥q3</folder>
	<filename>side_볶음밥류_접시_삼선볶음밥_Q3_00001.JPG</filename>
	<path>/side볶음밥류접시삼선볶음밥q3/side_볶음밥류_접시_삼선볶음밥_Q3_00001.JPG</path>
	<source>
		<database>fooddata</database>
	</source>
	<size>
		<width>720</width>
		<height>480</height>
		<depth>3</depth>
	</size>
	<object>
		<name>ref_spoon</name>
		<bndbox>
			<xmin>567</xmin>
			<ymin>142</ymin>
			<xmax>628</xmax>
			<ymax>231</ymax>
		</bndbox>
	</object>
	<object>
		<name>ref_fork</name>
		<bndbox>
			<xmin>510</xmin>
			<ymin>148</ymin>
			<xmax>553</xmax>
			<ymax>239</ymax>
		</bndbox>
	</object>
	<object>
		<name>ref_coin</name>
		<bndbox>
			<xmin>452</xmin>
			<ymin>378</ymin>
			<xmax>500</xmax>
			<ymax>415</ymax>
		</bndbox>
	</object>
	<object>
		<name>dish</name>
		<bndbox>
			<xmin>70</xmin>
			<ymin>172</ymin>
			<xmax>494</xmax>
			<ymax>349</ymax>
		</bndbox>
	</object>
	<object>
		<name>삼선볶음밥</name>
		<bndbox>
			<xmin>142</xmin>
			<ymin>198</ymin>
			<xmax>457</xmax>
			<ymax>338</ymax>
		</bndbox>
	</object>
</annotation>