<annotation>
	<folder>sid볶음밥류접시삼선볶음밥q3</folder>
	<filename>side_볶음밥류_접시_삼선볶음밥_Q3_00048.JPG</filename>
	<path>/side볶음밥류접시삼선볶음밥q3/side_볶음밥류_접시_삼선볶음밥_Q3_00048.JPG</path>
	<source>
		<database>fooddata</database>
	</source>
	<size>
		<width>720</width>
		<height>480</height>
		<depth>3</depth>
	</size>
	<object>
		<name>ref_spoon</name>
		<bndbox>
			<xmin>115</xmin>
			<ymin>384</ymin>
			<xmax>246</xmax>
			<ymax>447</ymax>
		</bndbox>
	</object>
	<object>
		<name>ref_fork</name>
		<bndbox>
			<xmin>121</xmin>
			<ymin>320</ymin>
			<xmax>258</xmax>
			<ymax>371</ymax>
		</bndbox>
	</object>
	<object>
		<name>ref_coin</name>
		<bndbox>
			<xmin>540</xmin>
			<ymin>283</ymin>
			<xmax>595</xmax>
			<ymax>326</ymax>
		</bndbox>
	</object>
	<object>
		<name>dish</name>
		<bndbox>
			<xmin>91</xmin>
			<ymin>53</ymin>
			<xmax>566</xmax>
			<ymax>258</ymax>
		</bndbox>
	</object>
	<object>
		<name>삼선볶음밥</name>
		<bndbox>
			<xmin>138</xmin>
			<ymin>79</ymin>
			<xmax>532</xmax>
			<ymax>244</ymax>
		</bndbox>
	</object>
</annotation>