<annotation>
	<folder>sid볶음밥류접시삼선볶음밥q3</folder>
	<filename>side_볶음밥류_접시_삼선볶음밥_Q3_00032.JPG</filename>
	<path>/side볶음밥류접시삼선볶음밥q3/side_볶음밥류_접시_삼선볶음밥_Q3_00032.JPG</path>
	<source>
		<database>fooddata</database>
	</source>
	<size>
		<width>720</width>
		<height>480</height>
		<depth>3</depth>
	</size>
	<object>
		<name>ref_spoon</name>
		<bndbox>
			<xmin>205</xmin>
			<ymin>382</ymin>
			<xmax>322</xmax>
			<ymax>441</ymax>
		</bndbox>
	</object>
	<object>
		<name>ref_fork</name>
		<bndbox>
			<xmin>211</xmin>
			<ymin>327</ymin>
			<xmax>332</xmax>
			<ymax>375</ymax>
		</bndbox>
	</object>
	<object>
		<name>ref_coin</name>
		<bndbox>
			<xmin>100</xmin>
			<ymin>263</ymin>
			<xmax>151</xmax>
			<ymax>300</ymax>
		</bndbox>
	</object>
	<object>
		<name>dish</name>
		<bndbox>
			<xmin>158</xmin>
			<ymin>61</ymin>
			<xmax>578</xmax>
			<ymax>246</ymax>
		</bndbox>
	</object>
	<object>
		<name>삼선볶음밥</name>
		<bndbox>
			<xmin>198</xmin>
			<ymin>81</ymin>
			<xmax>545</xmax>
			<ymax>236</ymax>
		</bndbox>
	</object>
</annotation>