<annotation>
	<folder>top볶음밥류접시삼선볶음밥q3</folder>
	<filename>top_볶음밥류_접시_삼선볶음밥_Q3_00022.JPG</filename>
	<path>/top볶음밥류접시삼선볶음밥q3/top_볶음밥류_접시_삼선볶음밥_Q3_00022.JPG</path>
	<source>
		<database>fooddata</database>
	</source>
	<size>
		<width>720</width>
		<height>480</height>
		<depth>3</depth>
	</size>
	<object>
		<name>ref_spoon</name>
		<bndbox>
			<xmin>138</xmin>
			<ymin>89</ymin>
			<xmax>194</xmax>
			<ymax>181</ymax>
		</bndbox>
	</object>
	<object>
		<name>ref_fork</name>
		<bndbox>
			<xmin>212</xmin>
			<ymin>91</ymin>
			<xmax>247</xmax>
			<ymax>188</ymax>
		</bndbox>
	</object>
	<object>
		<name>ref_coin</name>
		<bndbox>
			<xmin>323</xmin>
			<ymin>37</ymin>
			<xmax>363</xmax>
			<ymax>74</ymax>
		</bndbox>
	</object>
	<object>
		<name>dish</name>
		<bndbox>
			<xmin>264</xmin>
			<ymin>90</ymin>
			<xmax>588</xmax>
			<ymax>430</ymax>
		</bndbox>
	</object>
	<object>
		<name>삼선볶음밥</name>
		<bndbox>
			<xmin>309</xmin>
			<ymin>129</ymin>
			<xmax>550</xmax>
			<ymax>394</ymax>
		</bndbox>
	</object>
</annotation>