<annotation>
	<folder>top볶음밥류접시삼선볶음밥q3</folder>
	<filename>top_볶음밥류_접시_삼선볶음밥_Q3_00015.JPG</filename>
	<path>/top볶음밥류접시삼선볶음밥q3/top_볶음밥류_접시_삼선볶음밥_Q3_00015.JPG</path>
	<source>
		<database>fooddata</database>
	</source>
	<size>
		<width>720</width>
		<height>480</height>
		<depth>3</depth>
	</size>
	<object>
		<name>ref_spoon</name>
		<bndbox>
			<xmin>125</xmin>
			<ymin>57</ymin>
			<xmax>184</xmax>
			<ymax>152</ymax>
		</bndbox>
	</object>
	<object>
		<name>ref_fork</name>
		<bndbox>
			<xmin>204</xmin>
			<ymin>57</ymin>
			<xmax>242</xmax>
			<ymax>159</ymax>
		</bndbox>
	</object>
	<object>
		<name>ref_coin</name>
		<bndbox>
			<xmin>417</xmin>
			<ymin>374</ymin>
			<xmax>461</xmax>
			<ymax>419</ymax>
		</bndbox>
	</object>
	<object>
		<name>dish</name>
		<bndbox>
			<xmin>249</xmin>
			<ymin>44</ymin>
			<xmax>626</xmax>
			<ymax>368</ymax>
		</bndbox>
	</object>
	<object>
		<name>삼선볶음밥</name>
		<bndbox>
			<xmin>287</xmin>
			<ymin>81</ymin>
			<xmax>562</xmax>
			<ymax>336</ymax>
		</bndbox>
	</object>
</annotation>