<annotation>
	<folder>top볶음밥류접시삼선볶음밥q3</folder>
	<filename>top_볶음밥류_접시_삼선볶음밥_Q3_00003.JPG</filename>
	<path>/top볶음밥류접시삼선볶음밥q3/top_볶음밥류_접시_삼선볶음밥_Q3_00003.JPG</path>
	<source>
		<database>fooddata</database>
	</source>
	<size>
		<width>720</width>
		<height>480</height>
		<depth>3</depth>
	</size>
	<object>
		<name>ref_spoon</name>
		<bndbox>
			<xmin>543</xmin>
			<ymin>65</ymin>
			<xmax>599</xmax>
			<ymax>159</ymax>
		</bndbox>
	</object>
	<object>
		<name>ref_fork</name>
		<bndbox>
			<xmin>616</xmin>
			<ymin>99</ymin>
			<xmax>657</xmax>
			<ymax>200</ymax>
		</bndbox>
	</object>
	<object>
		<name>ref_coin</name>
		<bndbox>
			<xmin>323</xmin>
			<ymin>369</ymin>
			<xmax>366</xmax>
			<ymax>411</ymax>
		</bndbox>
	</object>
	<object>
		<name>dish</name>
		<bndbox>
			<xmin>158</xmin>
			<ymin>51</ymin>
			<xmax>531</xmax>
			<ymax>370</ymax>
		</bndbox>
	</object>
	<object>
		<name>삼선볶음밥</name>
		<bndbox>
			<xmin>200</xmin>
			<ymin>84</ymin>
			<xmax>450</xmax>
			<ymax>328</ymax>
		</bndbox>
	</object>
</annotation>