<annotation>
	<folder>top볶음밥류접시삼선볶음밥q3</folder>
	<filename>top_볶음밥류_접시_삼선볶음밥_Q3_00026.JPG</filename>
	<path>/top볶음밥류접시삼선볶음밥q3/top_볶음밥류_접시_삼선볶음밥_Q3_00026.JPG</path>
	<source>
		<database>fooddata</database>
	</source>
	<size>
		<width>720</width>
		<height>480</height>
		<depth>3</depth>
	</size>
	<object>
		<name>ref_spoon</name>
		<bndbox>
			<xmin>220</xmin>
			<ymin>394</ymin>
			<xmax>311</xmax>
			<ymax>452</ymax>
		</bndbox>
	</object>
	<object>
		<name>ref_fork</name>
		<bndbox>
			<xmin>228</xmin>
			<ymin>332</ymin>
			<xmax>329</xmax>
			<ymax>369</ymax>
		</bndbox>
	</object>
	<object>
		<name>ref_coin</name>
		<bndbox>
			<xmin>361</xmin>
			<ymin>274</ymin>
			<xmax>399</xmax>
			<ymax>313</ymax>
		</bndbox>
	</object>
	<object>
		<name>dish</name>
		<bndbox>
			<xmin>193</xmin>
			<ymin>54</ymin>
			<xmax>565</xmax>
			<ymax>264</ymax>
		</bndbox>
	</object>
	<object>
		<name>삼선볶음밥</name>
		<bndbox>
			<xmin>229</xmin>
			<ymin>81</ymin>
			<xmax>511</xmax>
			<ymax>252</ymax>
		</bndbox>
	</object>
</annotation>