<annotation>
	<folder>top볶음밥류접시삼선볶음밥q3</folder>
	<filename>top_볶음밥류_접시_삼선볶음밥_Q3_00005.JPG</filename>
	<path>/top볶음밥류접시삼선볶음밥q3/top_볶음밥류_접시_삼선볶음밥_Q3_00005.JPG</path>
	<source>
		<database>fooddata</database>
	</source>
	<size>
		<width>720</width>
		<height>480</height>
		<depth>3</depth>
	</size>
	<object>
		<name>ref_spoon</name>
		<bndbox>
			<xmin>500</xmin>
			<ymin>77</ymin>
			<xmax>554</xmax>
			<ymax>167</ymax>
		</bndbox>
	</object>
	<object>
		<name>ref_fork</name>
		<bndbox>
			<xmin>575</xmin>
			<ymin>107</ymin>
			<xmax>611</xmax>
			<ymax>201</ymax>
		</bndbox>
	</object>
	<object>
		<name>ref_coin</name>
		<bndbox>
			<xmin>172</xmin>
			<ymin>282</ymin>
			<xmax>213</xmax>
			<ymax>323</ymax>
		</bndbox>
	</object>
	<object>
		<name>dish</name>
		<bndbox>
			<xmin>230</xmin>
			<ymin>35</ymin>
			<xmax>487</xmax>
			<ymax>424</ymax>
		</bndbox>
	</object>
	<object>
		<name>삼선볶음밥</name>
		<bndbox>
			<xmin>259</xmin>
			<ymin>70</ymin>
			<xmax>435</xmax>
			<ymax>332</ymax>
		</bndbox>
	</object>
</annotation>