<annotation>
	<folder>top볶음밥류접시삼선볶음밥q3</folder>
	<filename>top_볶음밥류_접시_삼선볶음밥_Q3_00013.JPG</filename>
	<path>/top볶음밥류접시삼선볶음밥q3/top_볶음밥류_접시_삼선볶음밥_Q3_00013.JPG</path>
	<source>
		<database>fooddata</database>
	</source>
	<size>
		<width>720</width>
		<height>480</height>
		<depth>3</depth>
	</size>
	<object>
		<name>ref_spoon</name>
		<bndbox>
			<xmin>119</xmin>
			<ymin>70</ymin>
			<xmax>178</xmax>
			<ymax>173</ymax>
		</bndbox>
	</object>
	<object>
		<name>ref_fork</name>
		<bndbox>
			<xmin>198</xmin>
			<ymin>73</ymin>
			<xmax>236</xmax>
			<ymax>175</ymax>
		</bndbox>
	</object>
	<object>
		<name>ref_coin</name>
		<bndbox>
			<xmin>311</xmin>
			<ymin>364</ymin>
			<xmax>355</xmax>
			<ymax>409</ymax>
		</bndbox>
	</object>
	<object>
		<name>dish</name>
		<bndbox>
			<xmin>237</xmin>
			<ymin>107</ymin>
			<xmax>665</xmax>
			<ymax>363</ymax>
		</bndbox>
	</object>
	<object>
		<name>삼선볶음밥</name>
		<bndbox>
			<xmin>280</xmin>
			<ymin>144</ymin>
			<xmax>582</xmax>
			<ymax>344</ymax>
		</bndbox>
	</object>
</annotation>