<annotation>
	<folder>top볶음밥류접시삼선볶음밥q3</folder>
	<filename>top_볶음밥류_접시_삼선볶음밥_Q3_00011.JPG</filename>
	<path>/top볶음밥류접시삼선볶음밥q3/top_볶음밥류_접시_삼선볶음밥_Q3_00011.JPG</path>
	<source>
		<database>fooddata</database>
	</source>
	<size>
		<width>720</width>
		<height>480</height>
		<depth>3</depth>
	</size>
	<object>
		<name>ref_spoon</name>
		<bndbox>
			<xmin>468</xmin>
			<ymin>62</ymin>
			<xmax>525</xmax>
			<ymax>160</ymax>
		</bndbox>
	</object>
	<object>
		<name>ref_fork</name>
		<bndbox>
			<xmin>548</xmin>
			<ymin>90</ymin>
			<xmax>585</xmax>
			<ymax>190</ymax>
		</bndbox>
	</object>
	<object>
		<name>ref_coin</name>
		<bndbox>
			<xmin>411</xmin>
			<ymin>133</ymin>
			<xmax>454</xmax>
			<ymax>173</ymax>
		</bndbox>
	</object>
	<object>
		<name>dish</name>
		<bndbox>
			<xmin>89</xmin>
			<ymin>65</ymin>
			<xmax>435</xmax>
			<ymax>426</ymax>
		</bndbox>
	</object>
	<object>
		<name>삼선볶음밥</name>
		<bndbox>
			<xmin>160</xmin>
			<ymin>126</ymin>
			<xmax>401</xmax>
			<ymax>390</ymax>
		</bndbox>
	</object>
</annotation>