<annotation>
	<folder>top볶음밥류접시삼선볶음밥q3</folder>
	<filename>top_볶음밥류_접시_삼선볶음밥_Q3_00039.JPG</filename>
	<path>/top볶음밥류접시삼선볶음밥q3/top_볶음밥류_접시_삼선볶음밥_Q3_00039.JPG</path>
	<source>
		<database>fooddata</database>
	</source>
	<size>
		<width>720</width>
		<height>480</height>
		<depth>3</depth>
	</size>
	<object>
		<name>ref_spoon</name>
		<bndbox>
			<xmin>218</xmin>
			<ymin>371</ymin>
			<xmax>318</xmax>
			<ymax>428</ymax>
		</bndbox>
	</object>
	<object>
		<name>ref_fork</name>
		<bndbox>
			<xmin>225</xmin>
			<ymin>306</ymin>
			<xmax>328</xmax>
			<ymax>345</ymax>
		</bndbox>
	</object>
	<object>
		<name>ref_coin</name>
		<bndbox>
			<xmin>158</xmin>
			<ymin>32</ymin>
			<xmax>198</xmax>
			<ymax>68</ymax>
		</bndbox>
	</object>
	<object>
		<name>dish</name>
		<bndbox>
			<xmin>177</xmin>
			<ymin>67</ymin>
			<xmax>566</xmax>
			<ymax>290</ymax>
		</bndbox>
	</object>
	<object>
		<name>삼선볶음밥</name>
		<bndbox>
			<xmin>213</xmin>
			<ymin>89</ymin>
			<xmax>526</xmax>
			<ymax>271</ymax>
		</bndbox>
	</object>
</annotation>