<annotation>
	<folder>side어육류면적철판닭갈비q4</folder>
	<filename>side_어육류면적_철판_닭갈비_Q4_00041.JPG</filename>
	<path>/side어육류면적철판닭갈비q4/side_어육류면적_철판_닭갈비_Q4_00041.JPG</path>
	<source>
		<database>fooddata</database>
	</source>
	<size>
		<width>3008</width>
		<height>2000</height>
		<depth>3</depth>
	</size>
	<object>
		<name>ref_spoon</name>
		<bndbox>
			<xmin>193</xmin>
			<ymin>479</ymin>
			<xmax>452</xmax>
			<ymax>815</ymax>
		</bndbox>
	</object>
	<object>
		<name>ref_fork</name>
		<bndbox>
			<xmin>569</xmin>
			<ymin>510</ymin>
			<xmax>762</xmax>
			<ymax>901</ymax>
		</bndbox>
	</object>
	<object>
		<name>ref_coin</name>
		<bndbox>
			<xmin>2510</xmin>
			<ymin>1445</ymin>
			<xmax>2729</xmax>
			<ymax>1622</ymax>
		</bndbox>
	</object>
	<object>
		<name>dish</name>
		<bndbox>
			<xmin>955</xmin>
			<ymin>317</ymin>
			<xmax>2424</xmax>
			<ymax>1384</ymax>
		</bndbox>
	</object>
	<object>
		<name>닭갈비</name>
		<bndbox>
			<xmin>1052</xmin>
			<ymin>418</ymin>
			<xmax>2266</xmax>
			<ymax>1252</ymax>
		</bndbox>
	</object>
</annotation>