<annotation>
	<folder>side어육류면적철판닭갈비q4</folder>
	<filename>side_어육류면적_철판_닭갈비_Q4_00001.JPG</filename>
	<path>/side어육류면적철판닭갈비q4/side_어육류면적_철판_닭갈비_Q4_00001.JPG</path>
	<source>
		<database>fooddata</database>
	</source>
	<size>
		<width>3008</width>
		<height>2000</height>
		<depth>3</depth>
	</size>
	<object>
		<name>ref_spoon</name>
		<bndbox>
			<xmin>2093</xmin>
			<ymin>611</ymin>
			<xmax>2342</xmax>
			<ymax>952</ymax>
		</bndbox>
	</object>
	<object>
		<name>ref_fork</name>
		<bndbox>
			<xmin>2459</xmin>
			<ymin>621</ymin>
			<xmax>2637</xmax>
			<ymax>1003</ymax>
		</bndbox>
	</object>
	<object>
		<name>ref_coin</name>
		<bndbox>
			<xmin>1829</xmin>
			<ymin>1541</ymin>
			<xmax>2053</xmax>
			<ymax>1709</ymax>
		</bndbox>
	</object>
	<object>
		<name>dish</name>
		<bndbox>
			<xmin>356</xmin>
			<ymin>393</ymin>
			<xmax>1829</xmax>
			<ymax>1516</ymax>
		</bndbox>
	</object>
	<object>
		<name>닭갈비</name>
		<bndbox>
			<xmin>661</xmin>
			<ymin>611</ymin>
			<xmax>1697</xmax>
			<ymax>1404</ymax>
		</bndbox>
	</object>
</annotation>