<annotation>
	<folder>side어육류면적철판닭갈비q4</folder>
	<filename>side_어육류면적_철판_닭갈비_Q4_00020.JPG</filename>
	<path>/side어육류면적철판닭갈비q4/side_어육류면적_철판_닭갈비_Q4_00020.JPG</path>
	<source>
		<database>fooddata</database>
	</source>
	<size>
		<width>3008</width>
		<height>2000</height>
		<depth>3</depth>
	</size>
	<object>
		<name>ref_spoon</name>
		<bndbox>
			<xmin>396</xmin>
			<ymin>1597</ymin>
			<xmax>889</xmax>
			<ymax>1882</ymax>
		</bndbox>
	</object>
	<object>
		<name>ref_fork</name>
		<bndbox>
			<xmin>574</xmin>
			<ymin>1353</ymin>
			<xmax>1108</xmax>
			<ymax>1617</ymax>
		</bndbox>
	</object>
	<object>
		<name>ref_coin</name>
		<bndbox>
			<xmin>305</xmin>
			<ymin>195</ymin>
			<xmax>508</xmax>
			<ymax>337</ymax>
		</bndbox>
	</object>
	<object>
		<name>dish</name>
		<bndbox>
			<xmin>752</xmin>
			<ymin>124</ymin>
			<xmax>2205</xmax>
			<ymax>1226</ymax>
		</bndbox>
	</object>
	<object>
		<name>닭갈비</name>
		<bndbox>
			<xmin>910</xmin>
			<ymin>357</ymin>
			<xmax>2078</xmax>
			<ymax>1119</ymax>
		</bndbox>
	</object>
</annotation>