<annotation>
	<folder>side어육류면적철판닭갈비q4</folder>
	<filename>side_어육류면적_철판_닭갈비_Q4_00032.JPG</filename>
	<path>/side어육류면적철판닭갈비q4/side_어육류면적_철판_닭갈비_Q4_00032.JPG</path>
	<source>
		<database>fooddata</database>
	</source>
	<size>
		<width>3008</width>
		<height>2000</height>
		<depth>3</depth>
	</size>
	<object>
		<name>ref_spoon</name>
		<bndbox>
			<xmin>620</xmin>
			<ymin>1475</ymin>
			<xmax>1047</xmax>
			<ymax>1729</ymax>
		</bndbox>
	</object>
	<object>
		<name>ref_fork</name>
		<bndbox>
			<xmin>762</xmin>
			<ymin>1292</ymin>
			<xmax>1250</xmax>
			<ymax>1521</ymax>
		</bndbox>
	</object>
	<object>
		<name>ref_coin</name>
		<bndbox>
			<xmin>2210</xmin>
			<ymin>144</ymin>
			<xmax>2368</xmax>
			<ymax>256</ymax>
		</bndbox>
	</object>
	<object>
		<name>dish</name>
		<bndbox>
			<xmin>904</xmin>
			<ymin>113</ymin>
			<xmax>2226</xmax>
			<ymax>1069</ymax>
		</bndbox>
	</object>
	<object>
		<name>닭갈비</name>
		<bndbox>
			<xmin>1052</xmin>
			<ymin>291</ymin>
			<xmax>2078</xmax>
			<ymax>987</ymax>
		</bndbox>
	</object>
</annotation>