<annotation>
	<folder>side어육류면적철판닭갈비q4</folder>
	<filename>side_어육류면적_철판_닭갈비_Q4_00042.JPG</filename>
	<path>/side어육류면적철판닭갈비q4/side_어육류면적_철판_닭갈비_Q4_00042.JPG</path>
	<source>
		<database>fooddata</database>
	</source>
	<size>
		<width>3008</width>
		<height>2000</height>
		<depth>3</depth>
	</size>
	<object>
		<name>ref_spoon</name>
		<bndbox>
			<xmin>173</xmin>
			<ymin>449</ymin>
			<xmax>447</xmax>
			<ymax>815</ymax>
		</bndbox>
	</object>
	<object>
		<name>ref_fork</name>
		<bndbox>
			<xmin>554</xmin>
			<ymin>500</ymin>
			<xmax>742</xmax>
			<ymax>881</ymax>
		</bndbox>
	</object>
	<object>
		<name>ref_coin</name>
		<bndbox>
			<xmin>2581</xmin>
			<ymin>1312</ymin>
			<xmax>2800</xmax>
			<ymax>1485</ymax>
		</bndbox>
	</object>
	<object>
		<name>dish</name>
		<bndbox>
			<xmin>935</xmin>
			<ymin>276</ymin>
			<xmax>2403</xmax>
			<ymax>1353</ymax>
		</bndbox>
	</object>
	<object>
		<name>닭갈비</name>
		<bndbox>
			<xmin>1016</xmin>
			<ymin>388</ymin>
			<xmax>2292</xmax>
			<ymax>1231</ymax>
		</bndbox>
	</object>
</annotation>