<annotation>
	<folder>top어육류면적철판닭갈비q4</folder>
	<filename>top_어육류면적_철판_닭갈비_Q4_00037.JPG</filename>
	<path>/top어육류면적철판닭갈비q4/top_어육류면적_철판_닭갈비_Q4_00037.JPG</path>
	<source>
		<database>fooddata</database>
	</source>
	<size>
		<width>3008</width>
		<height>2000</height>
		<depth>3</depth>
	</size>
	<object>
		<name>ref_spoon</name>
		<bndbox>
			<xmin>490</xmin>
			<ymin>404</ymin>
			<xmax>722</xmax>
			<ymax>794</ymax>
		</bndbox>
	</object>
	<object>
		<name>ref_fork</name>
		<bndbox>
			<xmin>835</xmin>
			<ymin>367</ymin>
			<xmax>1009</xmax>
			<ymax>776</ymax>
		</bndbox>
	</object>
	<object>
		<name>ref_coin</name>
		<bndbox>
			<xmin>2516</xmin>
			<ymin>1234</ymin>
			<xmax>2666</xmax>
			<ymax>1394</ymax>
		</bndbox>
	</object>
	<object>
		<name>dish</name>
		<bndbox>
			<xmin>1345</xmin>
			<ymin>92</ymin>
			<xmax>2624</xmax>
			<ymax>1375</ymax>
		</bndbox>
	</object>
	<object>
		<name>닭갈비</name>
		<bndbox>
			<xmin>1442</xmin>
			<ymin>350</ymin>
			<xmax>2426</xmax>
			<ymax>1267</ymax>
		</bndbox>
	</object>
</annotation>