<annotation>
	<folder>top어육류면적철판닭갈비q4</folder>
	<filename>top_어육류면적_철판_닭갈비_Q4_00053.JPG</filename>
	<path>/top어육류면적철판닭갈비q4/top_어육류면적_철판_닭갈비_Q4_00053.JPG</path>
	<source>
		<database>fooddata</database>
	</source>
	<size>
		<width>3008</width>
		<height>2000</height>
		<depth>3</depth>
	</size>
	<object>
		<name>ref_spoon</name>
		<bndbox>
			<xmin>135</xmin>
			<ymin>385</ymin>
			<xmax>407</xmax>
			<ymax>848</ymax>
		</bndbox>
	</object>
	<object>
		<name>ref_fork</name>
		<bndbox>
			<xmin>534</xmin>
			<ymin>341</ymin>
			<xmax>727</xmax>
			<ymax>804</ymax>
		</bndbox>
	</object>
	<object>
		<name>ref_coin</name>
		<bndbox>
			<xmin>2697</xmin>
			<ymin>825</ymin>
			<xmax>2863</xmax>
			<ymax>999</ymax>
		</bndbox>
	</object>
	<object>
		<name>dish</name>
		<bndbox>
			<xmin>1075</xmin>
			<ymin>26</ymin>
			<xmax>2553</xmax>
			<ymax>1481</ymax>
		</bndbox>
	</object>
	<object>
		<name>닭갈비</name>
		<bndbox>
			<xmin>1178</xmin>
			<ymin>324</ymin>
			<xmax>2391</xmax>
			<ymax>1351</ymax>
		</bndbox>
	</object>
</annotation>