<annotation>
	<folder>top어육류면적철판닭갈비q4</folder>
	<filename>top_어육류면적_철판_닭갈비_Q4_00009.JPG</filename>
	<path>/top어육류면적철판닭갈비q4/top_어육류면적_철판_닭갈비_Q4_00009.JPG</path>
	<source>
		<database>fooddata</database>
	</source>
	<size>
		<width>3008</width>
		<height>2000</height>
		<depth>3</depth>
	</size>
	<object>
		<name>ref_spoon</name>
		<bndbox>
			<xmin>2187</xmin>
			<ymin>345</ymin>
			<xmax>2417</xmax>
			<ymax>757</ymax>
		</bndbox>
	</object>
	<object>
		<name>ref_fork</name>
		<bndbox>
			<xmin>2490</xmin>
			<ymin>383</ymin>
			<xmax>2657</xmax>
			<ymax>806</ymax>
		</bndbox>
	</object>
	<object>
		<name>ref_coin</name>
		<bndbox>
			<xmin>1312</xmin>
			<ymin>122</ymin>
			<xmax>1486</xmax>
			<ymax>289</ymax>
		</bndbox>
	</object>
	<object>
		<name>dish</name>
		<bndbox>
			<xmin>511</xmin>
			<ymin>367</ymin>
			<xmax>2036</xmax>
			<ymax>1871</ymax>
		</bndbox>
	</object>
	<object>
		<name>닭갈비</name>
		<bndbox>
			<xmin>821</xmin>
			<ymin>503</ymin>
			<xmax>1822</xmax>
			<ymax>1638</ymax>
		</bndbox>
	</object>
</annotation>