<annotation>
	<folder>top어육류면적철판닭갈비q4</folder>
	<filename>top_어육류면적_철판_닭갈비_Q4_00013.JPG</filename>
	<path>/top어육류면적철판닭갈비q4/top_어육류면적_철판_닭갈비_Q4_00013.JPG</path>
	<source>
		<database>fooddata</database>
	</source>
	<size>
		<width>3008</width>
		<height>2000</height>
		<depth>3</depth>
	</size>
	<object>
		<name>ref_spoon</name>
		<bndbox>
			<xmin>2125</xmin>
			<ymin>289</ymin>
			<xmax>2353</xmax>
			<ymax>712</ymax>
		</bndbox>
	</object>
	<object>
		<name>ref_fork</name>
		<bndbox>
			<xmin>2433</xmin>
			<ymin>317</ymin>
			<xmax>2591</xmax>
			<ymax>747</ymax>
		</bndbox>
	</object>
	<object>
		<name>ref_coin</name>
		<bndbox>
			<xmin>1928</xmin>
			<ymin>1011</ymin>
			<xmax>2100</xmax>
			<ymax>1187</ymax>
		</bndbox>
	</object>
	<object>
		<name>dish</name>
		<bndbox>
			<xmin>363</xmin>
			<ymin>237</ymin>
			<xmax>1867</xmax>
			<ymax>1709</ymax>
		</bndbox>
	</object>
	<object>
		<name>닭갈비</name>
		<bndbox>
			<xmin>635</xmin>
			<ymin>494</ymin>
			<xmax>1731</xmax>
			<ymax>1530</ymax>
		</bndbox>
	</object>
</annotation>