<annotation>
	<folder>top어육류면적철판닭갈비q4</folder>
	<filename>top_어육류면적_철판_닭갈비_Q4_00003.JPG</filename>
	<path>/top어육류면적철판닭갈비q4/top_어육류면적_철판_닭갈비_Q4_00003.JPG</path>
	<source>
		<database>fooddata</database>
	</source>
	<size>
		<width>3008</width>
		<height>2000</height>
		<depth>3</depth>
	</size>
	<object>
		<name>ref_spoon</name>
		<bndbox>
			<xmin>2175</xmin>
			<ymin>214</ymin>
			<xmax>2400</xmax>
			<ymax>611</ymax>
		</bndbox>
	</object>
	<object>
		<name>ref_fork</name>
		<bndbox>
			<xmin>2471</xmin>
			<ymin>249</ymin>
			<xmax>2633</xmax>
			<ymax>670</ymax>
		</bndbox>
	</object>
	<object>
		<name>ref_coin</name>
		<bndbox>
			<xmin>1493</xmin>
			<ymin>1699</ymin>
			<xmax>1670</xmax>
			<ymax>1887</ymax>
		</bndbox>
	</object>
	<object>
		<name>dish</name>
		<bndbox>
			<xmin>588</xmin>
			<ymin>186</ymin>
			<xmax>2027</xmax>
			<ymax>1582</ymax>
		</bndbox>
	</object>
	<object>
		<name>닭갈비</name>
		<bndbox>
			<xmin>816</xmin>
			<ymin>404</ymin>
			<xmax>1740</xmax>
			<ymax>1467</ymax>
		</bndbox>
	</object>
</annotation>