<annotation>
	<folder>top어육류면적철판닭갈비q4</folder>
	<filename>top_어육류면적_철판_닭갈비_Q4_00045.JPG</filename>
	<path>/top어육류면적철판닭갈비q4/top_어육류면적_철판_닭갈비_Q4_00045.JPG</path>
	<source>
		<database>fooddata</database>
	</source>
	<size>
		<width>3008</width>
		<height>2000</height>
		<depth>3</depth>
	</size>
	<object>
		<name>ref_spoon</name>
		<bndbox>
			<xmin>78</xmin>
			<ymin>616</ymin>
			<xmax>368</xmax>
			<ymax>1083</ymax>
		</bndbox>
	</object>
	<object>
		<name>ref_fork</name>
		<bndbox>
			<xmin>506</xmin>
			<ymin>564</ymin>
			<xmax>704</xmax>
			<ymax>1053</ymax>
		</bndbox>
	</object>
	<object>
		<name>ref_coin</name>
		<bndbox>
			<xmin>1117</xmin>
			<ymin>106</ymin>
			<xmax>1298</xmax>
			<ymax>280</ymax>
		</bndbox>
	</object>
	<object>
		<name>dish</name>
		<bndbox>
			<xmin>1075</xmin>
			<ymin>242</ymin>
			<xmax>2628</xmax>
			<ymax>1779</ymax>
		</bndbox>
	</object>
	<object>
		<name>닭갈비</name>
		<bndbox>
			<xmin>1275</xmin>
			<ymin>501</ymin>
			<xmax>2506</xmax>
			<ymax>1704</ymax>
		</bndbox>
	</object>
</annotation>