<annotation>
	<folder>top어육류면적철판닭갈비q4</folder>
	<filename>top_어육류면적_철판_닭갈비_Q4_00019.JPG</filename>
	<path>/top어육류면적철판닭갈비q4/top_어육류면적_철판_닭갈비_Q4_00019.JPG</path>
	<source>
		<database>fooddata</database>
	</source>
	<size>
		<width>3008</width>
		<height>2000</height>
		<depth>3</depth>
	</size>
	<object>
		<name>ref_spoon</name>
		<bndbox>
			<xmin>1122</xmin>
			<ymin>1633</ymin>
			<xmax>1496</xmax>
			<ymax>1852</ymax>
		</bndbox>
	</object>
	<object>
		<name>ref_fork</name>
		<bndbox>
			<xmin>1157</xmin>
			<ymin>1412</ymin>
			<xmax>1538</xmax>
			<ymax>1546</ymax>
		</bndbox>
	</object>
	<object>
		<name>ref_coin</name>
		<bndbox>
			<xmin>2212</xmin>
			<ymin>952</ymin>
			<xmax>2339</xmax>
			<ymax>1086</ymax>
		</bndbox>
	</object>
	<object>
		<name>dish</name>
		<bndbox>
			<xmin>1082</xmin>
			<ymin>118</ymin>
			<xmax>2168</xmax>
			<ymax>1182</ymax>
		</bndbox>
	</object>
	<object>
		<name>닭갈비</name>
		<bndbox>
			<xmin>1319</xmin>
			<ymin>341</ymin>
			<xmax>1989</xmax>
			<ymax>1058</ymax>
		</bndbox>
	</object>
</annotation>