<annotation>
	<folder>top어육류면적철판닭갈비q4</folder>
	<filename>top_어육류면적_철판_닭갈비_Q4_00044.JPG</filename>
	<path>/top어육류면적철판닭갈비q4/top_어육류면적_철판_닭갈비_Q4_00044.JPG</path>
	<source>
		<database>fooddata</database>
	</source>
	<size>
		<width>3008</width>
		<height>2000</height>
		<depth>3</depth>
	</size>
	<object>
		<name>ref_spoon</name>
		<bndbox>
			<xmin>208</xmin>
			<ymin>761</ymin>
			<xmax>480</xmax>
			<ymax>1220</ymax>
		</bndbox>
	</object>
	<object>
		<name>ref_fork</name>
		<bndbox>
			<xmin>605</xmin>
			<ymin>703</ymin>
			<xmax>807</xmax>
			<ymax>1168</ymax>
		</bndbox>
	</object>
	<object>
		<name>ref_coin</name>
		<bndbox>
			<xmin>1545</xmin>
			<ymin>92</ymin>
			<xmax>1717</xmax>
			<ymax>261</ymax>
		</bndbox>
	</object>
	<object>
		<name>dish</name>
		<bndbox>
			<xmin>1167</xmin>
			<ymin>371</ymin>
			<xmax>2654</xmax>
			<ymax>1864</ymax>
		</bndbox>
	</object>
	<object>
		<name>닭갈비</name>
		<bndbox>
			<xmin>1289</xmin>
			<ymin>630</ymin>
			<xmax>2452</xmax>
			<ymax>1699</ymax>
		</bndbox>
	</object>
</annotation>