<annotation>
	<folder>top어육류면적철판닭갈비q4</folder>
	<filename>top_어육류면적_철판_닭갈비_Q4_00017.JPG</filename>
	<path>/top어육류면적철판닭갈비q4/top_어육류면적_철판_닭갈비_Q4_00017.JPG</path>
	<source>
		<database>fooddata</database>
	</source>
	<size>
		<width>3008</width>
		<height>2000</height>
		<depth>3</depth>
	</size>
	<object>
		<name>ref_spoon</name>
		<bndbox>
			<xmin>1066</xmin>
			<ymin>1671</ymin>
			<xmax>1470</xmax>
			<ymax>1908</ymax>
		</bndbox>
	</object>
	<object>
		<name>ref_fork</name>
		<bndbox>
			<xmin>1087</xmin>
			<ymin>1422</ymin>
			<xmax>1500</xmax>
			<ymax>1572</ymax>
		</bndbox>
	</object>
	<object>
		<name>ref_coin</name>
		<bndbox>
			<xmin>2161</xmin>
			<ymin>1152</ymin>
			<xmax>2306</xmax>
			<ymax>1300</ymax>
		</bndbox>
	</object>
	<object>
		<name>dish</name>
		<bndbox>
			<xmin>1033</xmin>
			<ymin>78</ymin>
			<xmax>2187</xmax>
			<ymax>1293</ymax>
		</bndbox>
	</object>
	<object>
		<name>닭갈비</name>
		<bndbox>
			<xmin>1272</xmin>
			<ymin>322</ymin>
			<xmax>1977</xmax>
			<ymax>1090</ymax>
		</bndbox>
	</object>
</annotation>