<annotation>
	<folder>side죽류대접호박죽q5</folder>
	<filename>side_죽류_대접_호박죽_Q5_00014.JPG</filename>
	<path>/side죽류대접호박죽q5/side_죽류_대접_호박죽_Q5_00014.JPG</path>
	<source>
		<database>fooddata</database>
	</source>
	<size>
		<width>5472</width>
		<height>3648</height>
		<depth>3</depth>
	</size>
	<object>
		<name>ref_spoon</name>
		<bndbox>
			<xmin>3405</xmin>
			<ymin>935</ymin>
			<xmax>3899</xmax>
			<ymax>1703</ymax>
		</bndbox>
	</object>
	<object>
		<name>ref_fork</name>
		<bndbox>
			<xmin>4092</xmin>
			<ymin>930</ymin>
			<xmax>4457</xmax>
			<ymax>1800</ymax>
		</bndbox>
	</object>
	<object>
		<name>ref_coin</name>
		<bndbox>
			<xmin>4607</xmin>
			<ymin>1462</ymin>
			<xmax>5021</xmax>
			<ymax>1752</ymax>
		</bndbox>
	</object>
	<object>
		<name>dish</name>
		<bndbox>
			<xmin>655</xmin>
			<ymin>720</ymin>
			<xmax>3174</xmax>
			<ymax>2460</ymax>
		</bndbox>
	</object>
	<object>
		<name>호박죽</name>
		<bndbox>
			<xmin>918</xmin>
			<ymin>1037</ymin>
			<xmax>2905</xmax>
			<ymax>2401</ymax>
		</bndbox>
	</object>
</annotation>