<annotation>
	<folder>side죽류대접호박죽q5</folder>
	<filename>side_죽류_대접_호박죽_Q5_00030.JPG</filename>
	<path>/side죽류대접호박죽q5/side_죽류_대접_호박죽_Q5_00030.JPG</path>
	<source>
		<database>fooddata</database>
	</source>
	<size>
		<width>5472</width>
		<height>3648</height>
		<depth>3</depth>
	</size>
	<object>
		<name>ref_spoon</name>
		<bndbox>
			<xmin>1230</xmin>
			<ymin>2944</ymin>
			<xmax>2255</xmax>
			<ymax>3427</ymax>
		</bndbox>
	</object>
	<object>
		<name>ref_fork</name>
		<bndbox>
			<xmin>1316</xmin>
			<ymin>2509</ymin>
			<xmax>2433</xmax>
			<ymax>2901</ymax>
		</bndbox>
	</object>
	<object>
		<name>ref_coin</name>
		<bndbox>
			<xmin>945</xmin>
			<ymin>1918</ymin>
			<xmax>1332</xmax>
			<ymax>2213</ymax>
		</bndbox>
	</object>
	<object>
		<name>dish</name>
		<bndbox>
			<xmin>1885</xmin>
			<ymin>452</ymin>
			<xmax>4178</xmax>
			<ymax>2101</ymax>
		</bndbox>
	</object>
	<object>
		<name>호박죽</name>
		<bndbox>
			<xmin>2110</xmin>
			<ymin>790</ymin>
			<xmax>3958</xmax>
			<ymax>2036</ymax>
		</bndbox>
	</object>
</annotation>