<annotation>
	<folder>side죽류대접호박죽q5</folder>
	<filename>side_죽류_대접_호박죽_Q5_00029.JPG</filename>
	<path>/side죽류대접호박죽q5/side_죽류_대접_호박죽_Q5_00029.JPG</path>
	<source>
		<database>fooddata</database>
	</source>
	<size>
		<width>5472</width>
		<height>3648</height>
		<depth>3</depth>
	</size>
	<object>
		<name>ref_spoon</name>
		<bndbox>
			<xmin>1310</xmin>
			<ymin>3040</ymin>
			<xmax>2320</xmax>
			<ymax>3534</ymax>
		</bndbox>
	</object>
	<object>
		<name>ref_fork</name>
		<bndbox>
			<xmin>1407</xmin>
			<ymin>2600</ymin>
			<xmax>2524</xmax>
			<ymax>2997</ymax>
		</bndbox>
	</object>
	<object>
		<name>ref_coin</name>
		<bndbox>
			<xmin>838</xmin>
			<ymin>1322</ymin>
			<xmax>1214</xmax>
			<ymax>1601</ymax>
		</bndbox>
	</object>
	<object>
		<name>dish</name>
		<bndbox>
			<xmin>1912</xmin>
			<ymin>565</ymin>
			<xmax>4194</xmax>
			<ymax>2219</ymax>
		</bndbox>
	</object>
	<object>
		<name>호박죽</name>
		<bndbox>
			<xmin>2164</xmin>
			<ymin>903</ymin>
			<xmax>3990</xmax>
			<ymax>2165</ymax>
		</bndbox>
	</object>
</annotation>