<annotation>
	<folder>side죽류대접호박죽q5</folder>
	<filename>side_죽류_대접_호박죽_Q5_00033.JPG</filename>
	<path>/side죽류대접호박죽q5/side_죽류_대접_호박죽_Q5_00033.JPG</path>
	<source>
		<database>fooddata</database>
	</source>
	<size>
		<width>5472</width>
		<height>3648</height>
		<depth>3</depth>
	</size>
	<object>
		<name>ref_spoon</name>
		<bndbox>
			<xmin>1187</xmin>
			<ymin>2750</ymin>
			<xmax>2191</xmax>
			<ymax>3239</ymax>
		</bndbox>
	</object>
	<object>
		<name>ref_fork</name>
		<bndbox>
			<xmin>1278</xmin>
			<ymin>2299</ymin>
			<xmax>2384</xmax>
			<ymax>2707</ymax>
		</bndbox>
	</object>
	<object>
		<name>ref_coin</name>
		<bndbox>
			<xmin>1101</xmin>
			<ymin>1451</ymin>
			<xmax>1493</xmax>
			<ymax>1735</ymax>
		</bndbox>
	</object>
	<object>
		<name>dish</name>
		<bndbox>
			<xmin>1879</xmin>
			<ymin>200</ymin>
			<xmax>4178</xmax>
			<ymax>1848</ymax>
		</bndbox>
	</object>
	<object>
		<name>호박죽</name>
		<bndbox>
			<xmin>2116</xmin>
			<ymin>516</ymin>
			<xmax>3947</xmax>
			<ymax>1800</ymax>
		</bndbox>
	</object>
</annotation>