<annotation>
	<folder>side죽류대접호박죽q5</folder>
	<filename>side_죽류_대접_호박죽_Q5_00046.JPG</filename>
	<path>/side죽류대접호박죽q5/side_죽류_대접_호박죽_Q5_00046.JPG</path>
	<source>
		<database>fooddata</database>
	</source>
	<size>
		<width>5472</width>
		<height>3648</height>
		<depth>3</depth>
	</size>
	<object>
		<name>ref_spoon</name>
		<bndbox>
			<xmin>456</xmin>
			<ymin>1053</ymin>
			<xmax>993</xmax>
			<ymax>1805</ymax>
		</bndbox>
	</object>
	<object>
		<name>ref_fork</name>
		<bndbox>
			<xmin>1047</xmin>
			<ymin>1021</ymin>
			<xmax>1418</xmax>
			<ymax>1827</ymax>
		</bndbox>
	</object>
	<object>
		<name>ref_coin</name>
		<bndbox>
			<xmin>4543</xmin>
			<ymin>1145</ymin>
			<xmax>4930</xmax>
			<ymax>1424</ymax>
		</bndbox>
	</object>
	<object>
		<name>dish</name>
		<bndbox>
			<xmin>1912</xmin>
			<ymin>731</ymin>
			<xmax>4274</xmax>
			<ymax>2407</ymax>
		</bndbox>
	</object>
	<object>
		<name>호박죽</name>
		<bndbox>
			<xmin>2127</xmin>
			<ymin>1032</ymin>
			<xmax>4044</xmax>
			<ymax>2331</ymax>
		</bndbox>
	</object>
</annotation>