<annotation>
	<folder>side죽류대접호박죽q5</folder>
	<filename>side_죽류_대접_호박죽_Q5_00010.JPG</filename>
	<path>/side죽류대접호박죽q5/side_죽류_대접_호박죽_Q5_00010.JPG</path>
	<source>
		<database>fooddata</database>
	</source>
	<size>
		<width>5472</width>
		<height>3648</height>
		<depth>3</depth>
	</size>
	<object>
		<name>ref_spoon</name>
		<bndbox>
			<xmin>3635</xmin>
			<ymin>1322</ymin>
			<xmax>4146</xmax>
			<ymax>2063</ymax>
		</bndbox>
	</object>
	<object>
		<name>ref_fork</name>
		<bndbox>
			<xmin>4334</xmin>
			<ymin>1343</ymin>
			<xmax>4693</xmax>
			<ymax>2149</ymax>
		</bndbox>
	</object>
	<object>
		<name>ref_coin</name>
		<bndbox>
			<xmin>1300</xmin>
			<ymin>629</ymin>
			<xmax>1665</xmax>
			<ymax>871</ymax>
		</bndbox>
	</object>
	<object>
		<name>dish</name>
		<bndbox>
			<xmin>1090</xmin>
			<ymin>1070</ymin>
			<xmax>3528</xmax>
			<ymax>2804</ymax>
		</bndbox>
	</object>
	<object>
		<name>호박죽</name>
		<bndbox>
			<xmin>1342</xmin>
			<ymin>1413</ymin>
			<xmax>3303</xmax>
			<ymax>2707</ymax>
		</bndbox>
	</object>
</annotation>