<annotation>
	<folder>side죽류대접호박죽q5</folder>
	<filename>side_죽류_대접_호박죽_Q5_00011.JPG</filename>
	<path>/side죽류대접호박죽q5/side_죽류_대접_호박죽_Q5_00011.JPG</path>
	<source>
		<database>fooddata</database>
	</source>
	<size>
		<width>5472</width>
		<height>3648</height>
		<depth>3</depth>
	</size>
	<object>
		<name>ref_spoon</name>
		<bndbox>
			<xmin>3501</xmin>
			<ymin>1053</ymin>
			<xmax>4006</xmax>
			<ymax>1805</ymax>
		</bndbox>
	</object>
	<object>
		<name>ref_fork</name>
		<bndbox>
			<xmin>4210</xmin>
			<ymin>1086</ymin>
			<xmax>4559</xmax>
			<ymax>1913</ymax>
		</bndbox>
	</object>
	<object>
		<name>ref_coin</name>
		<bndbox>
			<xmin>2502</xmin>
			<ymin>468</ymin>
			<xmax>2857</xmax>
			<ymax>715</ymax>
		</bndbox>
	</object>
	<object>
		<name>dish</name>
		<bndbox>
			<xmin>977</xmin>
			<ymin>828</ymin>
			<xmax>3448</xmax>
			<ymax>2562</ymax>
		</bndbox>
	</object>
	<object>
		<name>호박죽</name>
		<bndbox>
			<xmin>1230</xmin>
			<ymin>1172</ymin>
			<xmax>3179</xmax>
			<ymax>2493</ymax>
		</bndbox>
	</object>
</annotation>