<annotation>
	<folder>side죽류대접호박죽q5</folder>
	<filename>side_죽류_대접_호박죽_Q5_00025.JPG</filename>
	<path>/side죽류대접호박죽q5/side_죽류_대접_호박죽_Q5_00025.JPG</path>
	<source>
		<database>fooddata</database>
	</source>
	<size>
		<width>5472</width>
		<height>3648</height>
		<depth>3</depth>
	</size>
	<object>
		<name>ref_spoon</name>
		<bndbox>
			<xmin>977</xmin>
			<ymin>3056</ymin>
			<xmax>1960</xmax>
			<ymax>3545</ymax>
		</bndbox>
	</object>
	<object>
		<name>ref_fork</name>
		<bndbox>
			<xmin>1074</xmin>
			<ymin>2621</ymin>
			<xmax>2137</xmax>
			<ymax>3013</ymax>
		</bndbox>
	</object>
	<object>
		<name>ref_coin</name>
		<bndbox>
			<xmin>2776</xmin>
			<ymin>216</ymin>
			<xmax>3104</xmax>
			<ymax>457</ymax>
		</bndbox>
	</object>
	<object>
		<name>dish</name>
		<bndbox>
			<xmin>1428</xmin>
			<ymin>656</ymin>
			<xmax>3737</xmax>
			<ymax>2299</ymax>
		</bndbox>
	</object>
	<object>
		<name>호박죽</name>
		<bndbox>
			<xmin>1670</xmin>
			<ymin>946</ymin>
			<xmax>3517</xmax>
			<ymax>2246</ymax>
		</bndbox>
	</object>
</annotation>