<annotation>
	<folder>top죽류대접호박죽q5</folder>
	<filename>top_죽류_대접_호박죽_Q5_00030.JPG</filename>
	<path>/top죽류대접호박죽q5/top_죽류_대접_호박죽_Q5_00030.JPG</path>
	<source>
		<database>fooddata</database>
	</source>
	<size>
		<width>5472</width>
		<height>3648</height>
		<depth>3</depth>
	</size>
	<object>
		<name>ref_spoon</name>
		<bndbox>
			<xmin>1759</xmin>
			<ymin>2980</ymin>
			<xmax>2492</xmax>
			<ymax>3404</ymax>
		</bndbox>
	</object>
	<object>
		<name>ref_fork</name>
		<bndbox>
			<xmin>1791</xmin>
			<ymin>2524</ymin>
			<xmax>2508</xmax>
			<ymax>2883</ymax>
		</bndbox>
	</object>
	<object>
		<name>ref_coin</name>
		<bndbox>
			<xmin>1287</xmin>
			<ymin>1384</ymin>
			<xmax>1580</xmax>
			<ymax>1726</ymax>
		</bndbox>
	</object>
	<object>
		<name>dish</name>
		<bndbox>
			<xmin>2019</xmin>
			<ymin>603</ymin>
			<xmax>3892</xmax>
			<ymax>2443</ymax>
		</bndbox>
	</object>
	<object>
		<name>호박죽</name>
		<bndbox>
			<xmin>2247</xmin>
			<ymin>782</ymin>
			<xmax>3664</xmax>
			<ymax>2280</ymax>
		</bndbox>
	</object>
</annotation>