<annotation>
	<folder>top죽류대접호박죽q5</folder>
	<filename>top_죽류_대접_호박죽_Q5_00051.JPG</filename>
	<path>/top죽류대접호박죽q5/top_죽류_대접_호박죽_Q5_00051.JPG</path>
	<source>
		<database>fooddata</database>
	</source>
	<size>
		<width>5472</width>
		<height>3648</height>
		<depth>3</depth>
	</size>
	<object>
		<name>ref_spoon</name>
		<bndbox>
			<xmin>586</xmin>
			<ymin>765</ymin>
			<xmax>1075</xmax>
			<ymax>1743</ymax>
		</bndbox>
	</object>
	<object>
		<name>ref_fork</name>
		<bndbox>
			<xmin>1205</xmin>
			<ymin>717</ymin>
			<xmax>1596</xmax>
			<ymax>1726</ymax>
		</bndbox>
	</object>
	<object>
		<name>ref_coin</name>
		<bndbox>
			<xmin>4430</xmin>
			<ymin>1726</ymin>
			<xmax>4821</xmax>
			<ymax>2101</ymax>
		</bndbox>
	</object>
	<object>
		<name>dish</name>
		<bndbox>
			<xmin>1743</xmin>
			<ymin>472</ymin>
			<xmax>4120</xmax>
			<ymax>2883</ymax>
		</bndbox>
	</object>
	<object>
		<name>호박죽</name>
		<bndbox>
			<xmin>2068</xmin>
			<ymin>798</ymin>
			<xmax>3843</xmax>
			<ymax>2638</ymax>
		</bndbox>
	</object>
</annotation>