<annotation>
	<folder>top죽류대접호박죽q5</folder>
	<filename>top_죽류_대접_호박죽_Q5_00006.JPG</filename>
	<path>/top죽류대접호박죽q5/top_죽류_대접_호박죽_Q5_00006.JPG</path>
	<source>
		<database>fooddata</database>
	</source>
	<size>
		<width>5472</width>
		<height>3648</height>
		<depth>3</depth>
	</size>
	<object>
		<name>ref_spoon</name>
		<bndbox>
			<xmin>3420</xmin>
			<ymin>391</ymin>
			<xmax>3892</xmax>
			<ymax>1319</ymax>
		</bndbox>
	</object>
	<object>
		<name>ref_fork</name>
		<bndbox>
			<xmin>4006</xmin>
			<ymin>456</ymin>
			<xmax>4397</xmax>
			<ymax>1401</ymax>
		</bndbox>
	</object>
	<object>
		<name>ref_coin</name>
		<bndbox>
			<xmin>1498</xmin>
			<ymin>2899</ymin>
			<xmax>1889</xmax>
			<ymax>3290</ymax>
		</bndbox>
	</object>
	<object>
		<name>dish</name>
		<bndbox>
			<xmin>977</xmin>
			<ymin>521</ymin>
			<xmax>3306</xmax>
			<ymax>2817</ymax>
		</bndbox>
	</object>
	<object>
		<name>호박죽</name>
		<bndbox>
			<xmin>1287</xmin>
			<ymin>749</ymin>
			<xmax>3094</xmax>
			<ymax>2573</ymax>
		</bndbox>
	</object>
</annotation>