<annotation>
	<folder>top죽류대접호박죽q5</folder>
	<filename>top_죽류_대접_호박죽_Q5_00040.JPG</filename>
	<path>/top죽류대접호박죽q5/top_죽류_대접_호박죽_Q5_00040.JPG</path>
	<source>
		<database>fooddata</database>
	</source>
	<size>
		<width>5472</width>
		<height>3648</height>
		<depth>3</depth>
	</size>
	<object>
		<name>ref_spoon</name>
		<bndbox>
			<xmin>945</xmin>
			<ymin>896</ymin>
			<xmax>1401</xmax>
			<ymax>1857</ymax>
		</bndbox>
	</object>
	<object>
		<name>ref_fork</name>
		<bndbox>
			<xmin>1547</xmin>
			<ymin>863</ymin>
			<xmax>1889</xmax>
			<ymax>1857</ymax>
		</bndbox>
	</object>
	<object>
		<name>ref_coin</name>
		<bndbox>
			<xmin>4755</xmin>
			<ymin>1987</ymin>
			<xmax>5097</xmax>
			<ymax>2410</ymax>
		</bndbox>
	</object>
	<object>
		<name>dish</name>
		<bndbox>
			<xmin>2117</xmin>
			<ymin>651</ymin>
			<xmax>4446</xmax>
			<ymax>2980</ymax>
		</bndbox>
	</object>
	<object>
		<name>호박죽</name>
		<bndbox>
			<xmin>2361</xmin>
			<ymin>896</ymin>
			<xmax>4185</xmax>
			<ymax>2769</ymax>
		</bndbox>
	</object>
</annotation>