<annotation>
	<folder>top죽류대접호박죽q5</folder>
	<filename>top_죽류_대접_호박죽_Q5_00011.JPG</filename>
	<path>/top죽류대접호박죽q5/top_죽류_대접_호박죽_Q5_00011.JPG</path>
	<source>
		<database>fooddata</database>
	</source>
	<size>
		<width>5472</width>
		<height>3648</height>
		<depth>3</depth>
	</size>
	<object>
		<name>ref_spoon</name>
		<bndbox>
			<xmin>3518</xmin>
			<ymin>391</ymin>
			<xmax>4023</xmax>
			<ymax>1352</ymax>
		</bndbox>
	</object>
	<object>
		<name>ref_fork</name>
		<bndbox>
			<xmin>4137</xmin>
			<ymin>489</ymin>
			<xmax>4495</xmax>
			<ymax>1449</ymax>
		</bndbox>
	</object>
	<object>
		<name>ref_coin</name>
		<bndbox>
			<xmin>505</xmin>
			<ymin>554</ymin>
			<xmax>847</xmax>
			<ymax>912</ymax>
		</bndbox>
	</object>
	<object>
		<name>dish</name>
		<bndbox>
			<xmin>1238</xmin>
			<ymin>489</ymin>
			<xmax>3567</xmax>
			<ymax>2801</ymax>
		</bndbox>
	</object>
	<object>
		<name>호박죽</name>
		<bndbox>
			<xmin>1531</xmin>
			<ymin>782</ymin>
			<xmax>3306</xmax>
			<ymax>2541</ymax>
		</bndbox>
	</object>
</annotation>