<annotation>
	<folder>top죽류대접호박죽q5</folder>
	<filename>top_죽류_대접_호박죽_Q5_00022.JPG</filename>
	<path>/top죽류대접호박죽q5/top_죽류_대접_호박죽_Q5_00022.JPG</path>
	<source>
		<database>fooddata</database>
	</source>
	<size>
		<width>5472</width>
		<height>3648</height>
		<depth>3</depth>
	</size>
	<object>
		<name>ref_spoon</name>
		<bndbox>
			<xmin>1140</xmin>
			<ymin>2931</ymin>
			<xmax>1971</xmax>
			<ymax>3436</ymax>
		</bndbox>
	</object>
	<object>
		<name>ref_fork</name>
		<bndbox>
			<xmin>1189</xmin>
			<ymin>2427</ymin>
			<xmax>2101</xmax>
			<ymax>2817</ymax>
		</bndbox>
	</object>
	<object>
		<name>ref_coin</name>
		<bndbox>
			<xmin>3322</xmin>
			<ymin>309</ymin>
			<xmax>3664</xmax>
			<ymax>619</ymax>
		</bndbox>
	</object>
	<object>
		<name>dish</name>
		<bndbox>
			<xmin>1352</xmin>
			<ymin>326</ymin>
			<xmax>3518</xmax>
			<ymax>2459</ymax>
		</bndbox>
	</object>
	<object>
		<name>호박죽</name>
		<bndbox>
			<xmin>1612</xmin>
			<ymin>570</ymin>
			<xmax>3306</xmax>
			<ymax>2231</ymax>
		</bndbox>
	</object>
</annotation>