<annotation>
	<folder>top죽류대접호박죽q5</folder>
	<filename>top_죽류_대접_호박죽_Q5_00047.JPG</filename>
	<path>/top죽류대접호박죽q5/top_죽류_대접_호박죽_Q5_00047.JPG</path>
	<source>
		<database>fooddata</database>
	</source>
	<size>
		<width>5472</width>
		<height>3648</height>
		<depth>3</depth>
	</size>
	<object>
		<name>ref_spoon</name>
		<bndbox>
			<xmin>879</xmin>
			<ymin>1075</ymin>
			<xmax>1352</xmax>
			<ymax>2085</ymax>
		</bndbox>
	</object>
	<object>
		<name>ref_fork</name>
		<bndbox>
			<xmin>1515</xmin>
			<ymin>1059</ymin>
			<xmax>1857</xmax>
			<ymax>2085</ymax>
		</bndbox>
	</object>
	<object>
		<name>ref_coin</name>
		<bndbox>
			<xmin>2948</xmin>
			<ymin>98</ymin>
			<xmax>3290</xmax>
			<ymax>456</ymax>
		</bndbox>
	</object>
	<object>
		<name>dish</name>
		<bndbox>
			<xmin>2003</xmin>
			<ymin>945</ymin>
			<xmax>4397</xmax>
			<ymax>3290</ymax>
		</bndbox>
	</object>
	<object>
		<name>호박죽</name>
		<bndbox>
			<xmin>2313</xmin>
			<ymin>1189</ymin>
			<xmax>4120</xmax>
			<ymax>3045</ymax>
		</bndbox>
	</object>
</annotation>