<annotation>
	<folder>side밥류원형배달쌀밥q5</folder>
	<filename>side_밥류_원형배달_쌀밥_Q5_00009.JPG</filename>
	<path>/side밥류원형배달쌀밥q5/side_밥류_원형배달_쌀밥_Q5_00009.JPG</path>
	<source>
		<database>fooddata</database>
	</source>
	<size>
		<width>3008</width>
		<height>2000</height>
		<depth>3</depth>
	</size>
	<object>
		<name>ref_spoon</name>
		<bndbox>
			<xmin>1977</xmin>
			<ymin>502</ymin>
			<xmax>2296</xmax>
			<ymax>915</ymax>
		</bndbox>
	</object>
	<object>
		<name>ref_fork</name>
		<bndbox>
			<xmin>2385</xmin>
			<ymin>542</ymin>
			<xmax>2605</xmax>
			<ymax>980</ymax>
		</bndbox>
	</object>
	<object>
		<name>ref_coin</name>
		<bndbox>
			<xmin>618</xmin>
			<ymin>467</ymin>
			<xmax>852</xmax>
			<ymax>626</ymax>
		</bndbox>
	</object>
	<object>
		<name>dish</name>
		<bndbox>
			<xmin>951</xmin>
			<ymin>587</ymin>
			<xmax>1912</xmax>
			<ymax>1578</ymax>
		</bndbox>
	</object>
	<object>
		<name>쌀밥</name>
		<bndbox>
			<xmin>1031</xmin>
			<ymin>681</ymin>
			<xmax>1848</xmax>
			<ymax>1184</ymax>
		</bndbox>
	</object>
</annotation>