<annotation>
	<folder>side밥류원형배달쌀밥q5</folder>
	<filename>side_밥류_원형배달_쌀밥_Q5_00004.JPG</filename>
	<path>/side밥류원형배달쌀밥q5/side_밥류_원형배달_쌀밥_Q5_00004.JPG</path>
	<source>
		<database>fooddata</database>
	</source>
	<size>
		<width>3008</width>
		<height>2000</height>
		<depth>3</depth>
	</size>
	<object>
		<name>ref_spoon</name>
		<bndbox>
			<xmin>1838</xmin>
			<ymin>512</ymin>
			<xmax>2146</xmax>
			<ymax>905</ymax>
		</bndbox>
	</object>
	<object>
		<name>ref_fork</name>
		<bndbox>
			<xmin>2246</xmin>
			<ymin>547</ymin>
			<xmax>2470</xmax>
			<ymax>995</ymax>
		</bndbox>
	</object>
	<object>
		<name>ref_coin</name>
		<bndbox>
			<xmin>498</xmin>
			<ymin>1468</ymin>
			<xmax>762</xmax>
			<ymax>1672</ymax>
		</bndbox>
	</object>
	<object>
		<name>dish</name>
		<bndbox>
			<xmin>732</xmin>
			<ymin>532</ymin>
			<xmax>1683</xmax>
			<ymax>1518</ymax>
		</bndbox>
	</object>
	<object>
		<name>쌀밥</name>
		<bndbox>
			<xmin>807</xmin>
			<ymin>622</ymin>
			<xmax>1614</xmax>
			<ymax>1134</ymax>
		</bndbox>
	</object>
</annotation>