<annotation>
	<folder>side밥류원형배달쌀밥q5</folder>
	<filename>side_밥류_원형배달_쌀밥_Q5_00035.JPG</filename>
	<path>/side밥류원형배달쌀밥q5/side_밥류_원형배달_쌀밥_Q5_00035.JPG</path>
	<source>
		<database>fooddata</database>
	</source>
	<size>
		<width>3008</width>
		<height>2000</height>
		<depth>3</depth>
	</size>
	<object>
		<name>ref_spoon</name>
		<bndbox>
			<xmin>553</xmin>
			<ymin>387</ymin>
			<xmax>867</xmax>
			<ymax>791</ymax>
		</bndbox>
	</object>
	<object>
		<name>ref_fork</name>
		<bndbox>
			<xmin>976</xmin>
			<ymin>397</ymin>
			<xmax>1200</xmax>
			<ymax>821</ymax>
		</bndbox>
	</object>
	<object>
		<name>ref_coin</name>
		<bndbox>
			<xmin>1494</xmin>
			<ymin>1309</ymin>
			<xmax>1743</xmax>
			<ymax>1498</ymax>
		</bndbox>
	</object>
	<object>
		<name>dish</name>
		<bndbox>
			<xmin>1290</xmin>
			<ymin>223</ymin>
			<xmax>2211</xmax>
			<ymax>1169</ymax>
		</bndbox>
	</object>
	<object>
		<name>쌀밥</name>
		<bndbox>
			<xmin>1345</xmin>
			<ymin>268</ymin>
			<xmax>2161</xmax>
			<ymax>796</ymax>
		</bndbox>
	</object>
</annotation>