<annotation>
	<folder>side밥류원형배달쌀밥q5</folder>
	<filename>side_밥류_원형배달_쌀밥_Q5_00049.JPG</filename>
	<path>/side밥류원형배달쌀밥q5/side_밥류_원형배달_쌀밥_Q5_00049.JPG</path>
	<source>
		<database>fooddata</database>
	</source>
	<size>
		<width>3008</width>
		<height>2000</height>
		<depth>3</depth>
	</size>
	<object>
		<name>ref_spoon</name>
		<bndbox>
			<xmin>239</xmin>
			<ymin>582</ymin>
			<xmax>588</xmax>
			<ymax>1015</ymax>
		</bndbox>
	</object>
	<object>
		<name>ref_fork</name>
		<bndbox>
			<xmin>712</xmin>
			<ymin>572</ymin>
			<xmax>951</xmax>
			<ymax>1055</ymax>
		</bndbox>
	</object>
	<object>
		<name>ref_coin</name>
		<bndbox>
			<xmin>1275</xmin>
			<ymin>318</ymin>
			<xmax>1514</xmax>
			<ymax>497</ymax>
		</bndbox>
	</object>
	<object>
		<name>dish</name>
		<bndbox>
			<xmin>956</xmin>
			<ymin>582</ymin>
			<xmax>2017</xmax>
			<ymax>1662</ymax>
		</bndbox>
	</object>
	<object>
		<name>쌀밥</name>
		<bndbox>
			<xmin>1036</xmin>
			<ymin>731</ymin>
			<xmax>1922</xmax>
			<ymax>1274</ymax>
		</bndbox>
	</object>
</annotation>