<annotation>
	<folder>side밥류원형배달쌀밥q5</folder>
	<filename>side_밥류_원형배달_쌀밥_Q5_00034.JPG</filename>
	<path>/side밥류원형배달쌀밥q5/side_밥류_원형배달_쌀밥_Q5_00034.JPG</path>
	<source>
		<database>fooddata</database>
	</source>
	<size>
		<width>3008</width>
		<height>2000</height>
		<depth>3</depth>
	</size>
	<object>
		<name>ref_spoon</name>
		<bndbox>
			<xmin>588</xmin>
			<ymin>557</ymin>
			<xmax>901</xmax>
			<ymax>955</ymax>
		</bndbox>
	</object>
	<object>
		<name>ref_fork</name>
		<bndbox>
			<xmin>1006</xmin>
			<ymin>587</ymin>
			<xmax>1225</xmax>
			<ymax>1010</ymax>
		</bndbox>
	</object>
	<object>
		<name>ref_coin</name>
		<bndbox>
			<xmin>1330</xmin>
			<ymin>1264</ymin>
			<xmax>1584</xmax>
			<ymax>1463</ymax>
		</bndbox>
	</object>
	<object>
		<name>dish</name>
		<bndbox>
			<xmin>1469</xmin>
			<ymin>338</ymin>
			<xmax>2381</xmax>
			<ymax>1269</ymax>
		</bndbox>
	</object>
	<object>
		<name>쌀밥</name>
		<bndbox>
			<xmin>1514</xmin>
			<ymin>437</ymin>
			<xmax>2306</xmax>
			<ymax>895</ymax>
		</bndbox>
	</object>
</annotation>