<annotation>
	<folder>side밥류원형배달쌀밥q5</folder>
	<filename>side_밥류_원형배달_쌀밥_Q5_00007.JPG</filename>
	<path>/side밥류원형배달쌀밥q5/side_밥류_원형배달_쌀밥_Q5_00007.JPG</path>
	<source>
		<database>fooddata</database>
	</source>
	<size>
		<width>3008</width>
		<height>2000</height>
		<depth>3</depth>
	</size>
	<object>
		<name>ref_spoon</name>
		<bndbox>
			<xmin>1987</xmin>
			<ymin>472</ymin>
			<xmax>2306</xmax>
			<ymax>875</ymax>
		</bndbox>
	</object>
	<object>
		<name>ref_fork</name>
		<bndbox>
			<xmin>2405</xmin>
			<ymin>522</ymin>
			<xmax>2620</xmax>
			<ymax>950</ymax>
		</bndbox>
	</object>
	<object>
		<name>ref_coin</name>
		<bndbox>
			<xmin>329</xmin>
			<ymin>836</ymin>
			<xmax>568</xmax>
			<ymax>1000</ymax>
		</bndbox>
	</object>
	<object>
		<name>dish</name>
		<bndbox>
			<xmin>901</xmin>
			<ymin>517</ymin>
			<xmax>1887</xmax>
			<ymax>1503</ymax>
		</bndbox>
	</object>
	<object>
		<name>쌀밥</name>
		<bndbox>
			<xmin>971</xmin>
			<ymin>587</ymin>
			<xmax>1808</xmax>
			<ymax>1120</ymax>
		</bndbox>
	</object>
</annotation>