<annotation>
	<folder>top밥류원형배달쌀밥q5</folder>
	<filename>top_밥류_원형배달_쌀밥_Q5_00014.JPG</filename>
	<path>/top밥류원형배달쌀밥q5/top_밥류_원형배달_쌀밥_Q5_00014.JPG</path>
	<source>
		<database>fooddata</database>
	</source>
	<size>
		<width>3008</width>
		<height>2000</height>
		<depth>3</depth>
	</size>
	<object>
		<name>ref_spoon</name>
		<bndbox>
			<xmin>1862</xmin>
			<ymin>123</ymin>
			<xmax>2168</xmax>
			<ymax>597</ymax>
		</bndbox>
	</object>
	<object>
		<name>ref_fork</name>
		<bndbox>
			<xmin>2253</xmin>
			<ymin>202</ymin>
			<xmax>2490</xmax>
			<ymax>701</ymax>
		</bndbox>
	</object>
	<object>
		<name>ref_coin</name>
		<bndbox>
			<xmin>1295</xmin>
			<ymin>1443</ymin>
			<xmax>1524</xmax>
			<ymax>1675</ymax>
		</bndbox>
	</object>
	<object>
		<name>dish</name>
		<bndbox>
			<xmin>395</xmin>
			<ymin>298</ymin>
			<xmax>1437</xmax>
			<ymax>1319</ymax>
		</bndbox>
	</object>
	<object>
		<name>쌀밥</name>
		<bndbox>
			<xmin>477</xmin>
			<ymin>377</ymin>
			<xmax>1359</xmax>
			<ymax>1251</ymax>
		</bndbox>
	</object>
</annotation>