<annotation>
	<folder>top밥류원형배달쌀밥q5</folder>
	<filename>top_밥류_원형배달_쌀밥_Q5_00006.JPG</filename>
	<path>/top밥류원형배달쌀밥q5/top_밥류_원형배달_쌀밥_Q5_00006.JPG</path>
	<source>
		<database>fooddata</database>
	</source>
	<size>
		<width>3008</width>
		<height>2000</height>
		<depth>3</depth>
	</size>
	<object>
		<name>ref_spoon</name>
		<bndbox>
			<xmin>1757</xmin>
			<ymin>153</ymin>
			<xmax>2049</xmax>
			<ymax>611</ymax>
		</bndbox>
	</object>
	<object>
		<name>ref_fork</name>
		<bndbox>
			<xmin>2138</xmin>
			<ymin>220</ymin>
			<xmax>2358</xmax>
			<ymax>696</ymax>
		</bndbox>
	</object>
	<object>
		<name>ref_coin</name>
		<bndbox>
			<xmin>257</xmin>
			<ymin>846</ymin>
			<xmax>483</xmax>
			<ymax>1068</ymax>
		</bndbox>
	</object>
	<object>
		<name>dish</name>
		<bndbox>
			<xmin>523</xmin>
			<ymin>359</ymin>
			<xmax>1499</xmax>
			<ymax>1329</ymax>
		</bndbox>
	</object>
	<object>
		<name>쌀밥</name>
		<bndbox>
			<xmin>594</xmin>
			<ymin>447</ymin>
			<xmax>1429</xmax>
			<ymax>1269</ymax>
		</bndbox>
	</object>
</annotation>