<annotation>
	<folder>top밥류원형배달쌀밥q5</folder>
	<filename>top_밥류_원형배달_쌀밥_Q5_00036.JPG</filename>
	<path>/top밥류원형배달쌀밥q5/top_밥류_원형배달_쌀밥_Q5_00036.JPG</path>
	<source>
		<database>fooddata</database>
	</source>
	<size>
		<width>3008</width>
		<height>2000</height>
		<depth>3</depth>
	</size>
	<object>
		<name>ref_spoon</name>
		<bndbox>
			<xmin>502</xmin>
			<ymin>152</ymin>
			<xmax>832</xmax>
			<ymax>656</ymax>
		</bndbox>
	</object>
	<object>
		<name>ref_fork</name>
		<bndbox>
			<xmin>939</xmin>
			<ymin>243</ymin>
			<xmax>1145</xmax>
			<ymax>771</ymax>
		</bndbox>
	</object>
	<object>
		<name>ref_coin</name>
		<bndbox>
			<xmin>1647</xmin>
			<ymin>1618</ymin>
			<xmax>1885</xmax>
			<ymax>1867</ymax>
		</bndbox>
	</object>
	<object>
		<name>dish</name>
		<bndbox>
			<xmin>1250</xmin>
			<ymin>329</ymin>
			<xmax>2287</xmax>
			<ymax>1349</ymax>
		</bndbox>
	</object>
	<object>
		<name>쌀밥</name>
		<bndbox>
			<xmin>1345</xmin>
			<ymin>422</ymin>
			<xmax>2174</xmax>
			<ymax>1279</ymax>
		</bndbox>
	</object>
</annotation>