<annotation>
	<folder>top밥류원형배달쌀밥q5</folder>
	<filename>top_밥류_원형배달_쌀밥_Q5_00007.JPG</filename>
	<path>/top밥류원형배달쌀밥q5/top_밥류_원형배달_쌀밥_Q5_00007.JPG</path>
	<source>
		<database>fooddata</database>
	</source>
	<size>
		<width>3008</width>
		<height>2000</height>
		<depth>3</depth>
	</size>
	<object>
		<name>ref_spoon</name>
		<bndbox>
			<xmin>1772</xmin>
			<ymin>152</ymin>
			<xmax>2067</xmax>
			<ymax>602</ymax>
		</bndbox>
	</object>
	<object>
		<name>ref_fork</name>
		<bndbox>
			<xmin>2151</xmin>
			<ymin>213</ymin>
			<xmax>2371</xmax>
			<ymax>691</ymax>
		</bndbox>
	</object>
	<object>
		<name>ref_coin</name>
		<bndbox>
			<xmin>234</xmin>
			<ymin>582</ymin>
			<xmax>461</xmax>
			<ymax>804</ymax>
		</bndbox>
	</object>
	<object>
		<name>dish</name>
		<bndbox>
			<xmin>494</xmin>
			<ymin>369</ymin>
			<xmax>1465</xmax>
			<ymax>1319</ymax>
		</bndbox>
	</object>
	<object>
		<name>쌀밥</name>
		<bndbox>
			<xmin>563</xmin>
			<ymin>427</ymin>
			<xmax>1401</xmax>
			<ymax>1254</ymax>
		</bndbox>
	</object>
</annotation>