<annotation>
	<folder>top밥류원형배달쌀밥q5</folder>
	<filename>top_밥류_원형배달_쌀밥_Q5_00041.JPG</filename>
	<path>/top밥류원형배달쌀밥q5/top_밥류_원형배달_쌀밥_Q5_00041.JPG</path>
	<source>
		<database>fooddata</database>
	</source>
	<size>
		<width>3008</width>
		<height>2000</height>
		<depth>3</depth>
	</size>
	<object>
		<name>ref_spoon</name>
		<bndbox>
			<xmin>477</xmin>
			<ymin>283</ymin>
			<xmax>792</xmax>
			<ymax>741</ymax>
		</bndbox>
	</object>
	<object>
		<name>ref_fork</name>
		<bndbox>
			<xmin>891</xmin>
			<ymin>363</ymin>
			<xmax>1091</xmax>
			<ymax>856</ymax>
		</bndbox>
	</object>
	<object>
		<name>ref_coin</name>
		<bndbox>
			<xmin>1917</xmin>
			<ymin>293</ymin>
			<xmax>2122</xmax>
			<ymax>497</ymax>
		</bndbox>
	</object>
	<object>
		<name>dish</name>
		<bndbox>
			<xmin>1195</xmin>
			<ymin>643</ymin>
			<xmax>2181</xmax>
			<ymax>1629</ymax>
		</bndbox>
	</object>
	<object>
		<name>쌀밥</name>
		<bndbox>
			<xmin>1255</xmin>
			<ymin>721</ymin>
			<xmax>2077</xmax>
			<ymax>1533</ymax>
		</bndbox>
	</object>
</annotation>