<annotation>
	<folder>top밥류원형배달쌀밥q5</folder>
	<filename>top_밥류_원형배달_쌀밥_Q5_00047.JPG</filename>
	<path>/top밥류원형배달쌀밥q5/top_밥류_원형배달_쌀밥_Q5_00047.JPG</path>
	<source>
		<database>fooddata</database>
	</source>
	<size>
		<width>3008</width>
		<height>2000</height>
		<depth>3</depth>
	</size>
	<object>
		<name>ref_spoon</name>
		<bndbox>
			<xmin>692</xmin>
			<ymin>149</ymin>
			<xmax>1006</xmax>
			<ymax>634</ymax>
		</bndbox>
	</object>
	<object>
		<name>ref_fork</name>
		<bndbox>
			<xmin>1111</xmin>
			<ymin>243</ymin>
			<xmax>1316</xmax>
			<ymax>746</ymax>
		</bndbox>
	</object>
	<object>
		<name>ref_coin</name>
		<bndbox>
			<xmin>254</xmin>
			<ymin>1037</ymin>
			<xmax>490</xmax>
			<ymax>1269</ymax>
		</bndbox>
	</object>
	<object>
		<name>dish</name>
		<bndbox>
			<xmin>1562</xmin>
			<ymin>776</ymin>
			<xmax>2570</xmax>
			<ymax>1792</ymax>
		</bndbox>
	</object>
	<object>
		<name>쌀밥</name>
		<bndbox>
			<xmin>1626</xmin>
			<ymin>869</ymin>
			<xmax>2475</xmax>
			<ymax>1692</ymax>
		</bndbox>
	</object>
</annotation>