<annotation>
	<folder>top밥류원형배달쌀밥q5</folder>
	<filename>top_밥류_원형배달_쌀밥_Q5_00037.JPG</filename>
	<path>/top밥류원형배달쌀밥q5/top_밥류_원형배달_쌀밥_Q5_00037.JPG</path>
	<source>
		<database>fooddata</database>
	</source>
	<size>
		<width>3008</width>
		<height>2000</height>
		<depth>3</depth>
	</size>
	<object>
		<name>ref_spoon</name>
		<bndbox>
			<xmin>521</xmin>
			<ymin>152</ymin>
			<xmax>824</xmax>
			<ymax>612</ymax>
		</bndbox>
	</object>
	<object>
		<name>ref_fork</name>
		<bndbox>
			<xmin>919</xmin>
			<ymin>237</ymin>
			<xmax>1115</xmax>
			<ymax>726</ymax>
		</bndbox>
	</object>
	<object>
		<name>ref_coin</name>
		<bndbox>
			<xmin>1892</xmin>
			<ymin>1418</ymin>
			<xmax>2112</xmax>
			<ymax>1643</ymax>
		</bndbox>
	</object>
	<object>
		<name>dish</name>
		<bndbox>
			<xmin>1195</xmin>
			<ymin>318</ymin>
			<xmax>2146</xmax>
			<ymax>1254</ymax>
		</bndbox>
	</object>
	<object>
		<name>쌀밥</name>
		<bndbox>
			<xmin>1265</xmin>
			<ymin>387</ymin>
			<xmax>2072</xmax>
			<ymax>1185</ymax>
		</bndbox>
	</object>
</annotation>