<annotation>
	<folder>top밥류원형배달쌀밥q5</folder>
	<filename>top_밥류_원형배달_쌀밥_Q5_00044.JPG</filename>
	<path>/top밥류원형배달쌀밥q5/top_밥류_원형배달_쌀밥_Q5_00044.JPG</path>
	<source>
		<database>fooddata</database>
	</source>
	<size>
		<width>3008</width>
		<height>2000</height>
		<depth>3</depth>
	</size>
	<object>
		<name>ref_spoon</name>
		<bndbox>
			<xmin>478</xmin>
			<ymin>138</ymin>
			<xmax>812</xmax>
			<ymax>647</ymax>
		</bndbox>
	</object>
	<object>
		<name>ref_fork</name>
		<bndbox>
			<xmin>931</xmin>
			<ymin>223</ymin>
			<xmax>1140</xmax>
			<ymax>771</ymax>
		</bndbox>
	</object>
	<object>
		<name>ref_coin</name>
		<bndbox>
			<xmin>1547</xmin>
			<ymin>183</ymin>
			<xmax>1768</xmax>
			<ymax>407</ymax>
		</bndbox>
	</object>
	<object>
		<name>dish</name>
		<bndbox>
			<xmin>1305</xmin>
			<ymin>693</ymin>
			<xmax>2390</xmax>
			<ymax>1772</ymax>
		</bndbox>
	</object>
	<object>
		<name>쌀밥</name>
		<bndbox>
			<xmin>1384</xmin>
			<ymin>811</ymin>
			<xmax>2259</xmax>
			<ymax>1692</ymax>
		</bndbox>
	</object>
</annotation>