<annotation>
	<folder>top밥류원형배달쌀밥q5</folder>
	<filename>top_밥류_원형배달_쌀밥_Q5_00002.JPG</filename>
	<path>/top밥류원형배달쌀밥q5/top_밥류_원형배달_쌀밥_Q5_00002.JPG</path>
	<source>
		<database>fooddata</database>
	</source>
	<size>
		<width>3008</width>
		<height>2000</height>
		<depth>3</depth>
	</size>
	<object>
		<name>ref_spoon</name>
		<bndbox>
			<xmin>1648</xmin>
			<ymin>129</ymin>
			<xmax>1942</xmax>
			<ymax>572</ymax>
		</bndbox>
	</object>
	<object>
		<name>ref_fork</name>
		<bndbox>
			<xmin>2023</xmin>
			<ymin>195</ymin>
			<xmax>2241</xmax>
			<ymax>681</ymax>
		</bndbox>
	</object>
	<object>
		<name>ref_coin</name>
		<bndbox>
			<xmin>1145</xmin>
			<ymin>1375</ymin>
			<xmax>1360</xmax>
			<ymax>1596</ymax>
		</bndbox>
	</object>
	<object>
		<name>dish</name>
		<bndbox>
			<xmin>520</xmin>
			<ymin>202</ymin>
			<xmax>1484</xmax>
			<ymax>1134</ymax>
		</bndbox>
	</object>
	<object>
		<name>쌀밥</name>
		<bndbox>
			<xmin>598</xmin>
			<ymin>293</ymin>
			<xmax>1403</xmax>
			<ymax>1075</ymax>
		</bndbox>
	</object>
</annotation>