<annotation>
	<folder>top밥류원형배달쌀밥q5</folder>
	<filename>top_밥류_원형배달_쌀밥_Q5_00009.JPG</filename>
	<path>/top밥류원형배달쌀밥q5/top_밥류_원형배달_쌀밥_Q5_00009.JPG</path>
	<source>
		<database>fooddata</database>
	</source>
	<size>
		<width>3008</width>
		<height>2000</height>
		<depth>3</depth>
	</size>
	<object>
		<name>ref_spoon</name>
		<bndbox>
			<xmin>1713</xmin>
			<ymin>168</ymin>
			<xmax>2002</xmax>
			<ymax>617</ymax>
		</bndbox>
	</object>
	<object>
		<name>ref_fork</name>
		<bndbox>
			<xmin>2092</xmin>
			<ymin>227</ymin>
			<xmax>2311</xmax>
			<ymax>716</ymax>
		</bndbox>
	</object>
	<object>
		<name>ref_coin</name>
		<bndbox>
			<xmin>658</xmin>
			<ymin>149</ymin>
			<xmax>877</xmax>
			<ymax>363</ymax>
		</bndbox>
	</object>
	<object>
		<name>dish</name>
		<bndbox>
			<xmin>326</xmin>
			<ymin>421</ymin>
			<xmax>1322</xmax>
			<ymax>1393</ymax>
		</bndbox>
	</object>
	<object>
		<name>쌀밥</name>
		<bndbox>
			<xmin>408</xmin>
			<ymin>487</ymin>
			<xmax>1230</xmax>
			<ymax>1324</ymax>
		</bndbox>
	</object>
</annotation>