<annotation>
	<folder>top밥류원형배달쌀밥q5</folder>
	<filename>top_밥류_원형배달_쌀밥_Q5_00016.JPG</filename>
	<path>/top밥류원형배달쌀밥q5/top_밥류_원형배달_쌀밥_Q5_00016.JPG</path>
	<source>
		<database>fooddata</database>
	</source>
	<size>
		<width>3008</width>
		<height>2000</height>
		<depth>3</depth>
	</size>
	<object>
		<name>ref_spoon</name>
		<bndbox>
			<xmin>488</xmin>
			<ymin>1390</ymin>
			<xmax>946</xmax>
			<ymax>1683</ymax>
		</bndbox>
	</object>
	<object>
		<name>ref_fork</name>
		<bndbox>
			<xmin>553</xmin>
			<ymin>1092</ymin>
			<xmax>1041</xmax>
			<ymax>1289</ymax>
		</bndbox>
	</object>
	<object>
		<name>ref_coin</name>
		<bndbox>
			<xmin>1849</xmin>
			<ymin>666</ymin>
			<xmax>2047</xmax>
			<ymax>866</ymax>
		</bndbox>
	</object>
	<object>
		<name>dish</name>
		<bndbox>
			<xmin>827</xmin>
			<ymin>102</ymin>
			<xmax>1723</xmax>
			<ymax>985</ymax>
		</bndbox>
	</object>
	<object>
		<name>쌀밥</name>
		<bndbox>
			<xmin>881</xmin>
			<ymin>208</ymin>
			<xmax>1650</xmax>
			<ymax>905</ymax>
		</bndbox>
	</object>
</annotation>