<annotation>
	<folder>side돌솥밥류돌솥알밥q4</folder>
	<filename>side_돌솥밥류_돌솥_알밥_Q4_00043.JPG</filename>
	<path>/side돌솥밥류돌솥알밥q4/side_돌솥밥류_돌솥_알밥_Q4_00043.JPG</path>
	<source>
		<database>fooddata</database>
	</source>
	<size>
		<width>5472</width>
		<height>3648</height>
		<depth>3</depth>
	</size>
	<object>
		<name>ref_spoon</name>
		<bndbox>
			<xmin>907</xmin>
			<ymin>924</ymin>
			<xmax>1412</xmax>
			<ymax>1791</ymax>
		</bndbox>
	</object>
	<object>
		<name>ref_fork</name>
		<bndbox>
			<xmin>1541</xmin>
			<ymin>1052</ymin>
			<xmax>1879</xmax>
			<ymax>2014</ymax>
		</bndbox>
	</object>
	<object>
		<name>ref_coin</name>
		<bndbox>
			<xmin>4522</xmin>
			<ymin>1386</ymin>
			<xmax>4879</xmax>
			<ymax>1653</ymax>
		</bndbox>
	</object>
	<object>
		<name>dish</name>
		<bndbox>
			<xmin>2017</xmin>
			<ymin>795</ymin>
			<xmax>4203</xmax>
			<ymax>2686</ymax>
		</bndbox>
	</object>
	<object>
		<name>알밥</name>
		<bndbox>
			<xmin>2265</xmin>
			<ymin>943</ymin>
			<xmax>3946</xmax>
			<ymax>2124</ymax>
		</bndbox>
	</object>
</annotation>