<annotation>
	<folder>side돌솥밥류돌솥알밥q4</folder>
	<filename>side_돌솥밥류_돌솥_알밥_Q4_00007.JPG</filename>
	<path>/side돌솥밥류돌솥알밥q4/side_돌솥밥류_돌솥_알밥_Q4_00007.JPG</path>
	<source>
		<database>fooddata</database>
	</source>
	<size>
		<width>5472</width>
		<height>3648</height>
		<depth>3</depth>
	</size>
	<object>
		<name>ref_spoon</name>
		<bndbox>
			<xmin>3288</xmin>
			<ymin>1433</ymin>
			<xmax>3765</xmax>
			<ymax>2272</ymax>
		</bndbox>
	</object>
	<object>
		<name>ref_fork</name>
		<bndbox>
			<xmin>4031</xmin>
			<ymin>1510</ymin>
			<xmax>4379</xmax>
			<ymax>2386</ymax>
		</bndbox>
	</object>
	<object>
		<name>ref_coin</name>
		<bndbox>
			<xmin>2217</xmin>
			<ymin>881</ymin>
			<xmax>2550</xmax>
			<ymax>1105</ymax>
		</bndbox>
	</object>
	<object>
		<name>dish</name>
		<bndbox>
			<xmin>793</xmin>
			<ymin>1262</ymin>
			<xmax>3017</xmax>
			<ymax>3138</ymax>
		</bndbox>
	</object>
	<object>
		<name>알밥</name>
		<bndbox>
			<xmin>1055</xmin>
			<ymin>1543</ymin>
			<xmax>2798</xmax>
			<ymax>2562</ymax>
		</bndbox>
	</object>
</annotation>