<annotation>
	<folder>side돌솥밥류돌솥알밥q4</folder>
	<filename>side_돌솥밥류_돌솥_알밥_Q4_00055.JPG</filename>
	<path>/side돌솥밥류돌솥알밥q4/side_돌솥밥류_돌솥_알밥_Q4_00055.JPG</path>
	<source>
		<database>fooddata</database>
	</source>
	<size>
		<width>5472</width>
		<height>3648</height>
		<depth>3</depth>
	</size>
	<object>
		<name>ref_spoon</name>
		<bndbox>
			<xmin>1093</xmin>
			<ymin>1072</ymin>
			<xmax>1603</xmax>
			<ymax>1938</ymax>
		</bndbox>
	</object>
	<object>
		<name>ref_fork</name>
		<bndbox>
			<xmin>1736</xmin>
			<ymin>1186</ymin>
			<xmax>2074</xmax>
			<ymax>2100</ymax>
		</bndbox>
	</object>
	<object>
		<name>ref_coin</name>
		<bndbox>
			<xmin>3931</xmin>
			<ymin>700</ymin>
			<xmax>4274</xmax>
			<ymax>948</ymax>
		</bndbox>
	</object>
	<object>
		<name>dish</name>
		<bndbox>
			<xmin>2217</xmin>
			<ymin>867</ymin>
			<xmax>4427</xmax>
			<ymax>2762</ymax>
		</bndbox>
	</object>
	<object>
		<name>알밥</name>
		<bndbox>
			<xmin>2493</xmin>
			<ymin>1043</ymin>
			<xmax>4193</xmax>
			<ymax>2210</ymax>
		</bndbox>
	</object>
</annotation>