<annotation>
	<folder>side돌솥밥류돌솥알밥q4</folder>
	<filename>side_돌솥밥류_돌솥_알밥_Q4_00027.JPG</filename>
	<path>/side돌솥밥류돌솥알밥q4/side_돌솥밥류_돌솥_알밥_Q4_00027.JPG</path>
	<source>
		<database>fooddata</database>
	</source>
	<size>
		<width>5472</width>
		<height>3648</height>
		<depth>3</depth>
	</size>
	<object>
		<name>ref_spoon</name>
		<bndbox>
			<xmin>1536</xmin>
			<ymin>2848</ymin>
			<xmax>2641</xmax>
			<ymax>3319</ymax>
		</bndbox>
	</object>
	<object>
		<name>ref_fork</name>
		<bndbox>
			<xmin>1712</xmin>
			<ymin>2381</ymin>
			<xmax>2765</xmax>
			<ymax>2772</ymax>
		</bndbox>
	</object>
	<object>
		<name>ref_coin</name>
		<bndbox>
			<xmin>1755</xmin>
			<ymin>229</ymin>
			<xmax>2088</xmax>
			<ymax>471</ymax>
		</bndbox>
	</object>
	<object>
		<name>dish</name>
		<bndbox>
			<xmin>2036</xmin>
			<ymin>419</ymin>
			<xmax>4127</xmax>
			<ymax>2205</ymax>
		</bndbox>
	</object>
	<object>
		<name>알밥</name>
		<bndbox>
			<xmin>2260</xmin>
			<ymin>552</ymin>
			<xmax>3869</xmax>
			<ymax>1676</ymax>
		</bndbox>
	</object>
</annotation>