<annotation>
	<folder>side돌솥밥류돌솥알밥q4</folder>
	<filename>side_돌솥밥류_돌솥_알밥_Q4_00035.JPG</filename>
	<path>/side돌솥밥류돌솥알밥q4/side_돌솥밥류_돌솥_알밥_Q4_00035.JPG</path>
	<source>
		<database>fooddata</database>
	</source>
	<size>
		<width>5472</width>
		<height>3648</height>
		<depth>3</depth>
	</size>
	<object>
		<name>ref_spoon</name>
		<bndbox>
			<xmin>1141</xmin>
			<ymin>3110</ymin>
			<xmax>2279</xmax>
			<ymax>3591</ymax>
		</bndbox>
	</object>
	<object>
		<name>ref_fork</name>
		<bndbox>
			<xmin>1312</xmin>
			<ymin>2615</ymin>
			<xmax>2450</xmax>
			<ymax>3015</ymax>
		</bndbox>
	</object>
	<object>
		<name>ref_coin</name>
		<bndbox>
			<xmin>1122</xmin>
			<ymin>2048</ymin>
			<xmax>1512</xmax>
			<ymax>2338</ymax>
		</bndbox>
	</object>
	<object>
		<name>dish</name>
		<bndbox>
			<xmin>1750</xmin>
			<ymin>552</ymin>
			<xmax>3908</xmax>
			<ymax>2395</ymax>
		</bndbox>
	</object>
	<object>
		<name>알밥</name>
		<bndbox>
			<xmin>2026</xmin>
			<ymin>833</ymin>
			<xmax>3641</xmax>
			<ymax>1843</ymax>
		</bndbox>
	</object>
</annotation>