<annotation>
	<folder>side돌솥밥류돌솥알밥q4</folder>
	<filename>side_돌솥밥류_돌솥_알밥_Q4_00020.JPG</filename>
	<path>/side돌솥밥류돌솥알밥q4/side_돌솥밥류_돌솥_알밥_Q4_00020.JPG</path>
	<source>
		<database>fooddata</database>
	</source>
	<size>
		<width>5472</width>
		<height>3648</height>
		<depth>3</depth>
	</size>
	<object>
		<name>ref_spoon</name>
		<bndbox>
			<xmin>1288</xmin>
			<ymin>3048</ymin>
			<xmax>2388</xmax>
			<ymax>3534</ymax>
		</bndbox>
	</object>
	<object>
		<name>ref_fork</name>
		<bndbox>
			<xmin>1455</xmin>
			<ymin>2557</ymin>
			<xmax>2646</xmax>
			<ymax>2953</ymax>
		</bndbox>
	</object>
	<object>
		<name>ref_coin</name>
		<bndbox>
			<xmin>4174</xmin>
			<ymin>1591</ymin>
			<xmax>4555</xmax>
			<ymax>1876</ymax>
		</bndbox>
	</object>
	<object>
		<name>dish</name>
		<bndbox>
			<xmin>1731</xmin>
			<ymin>371</ymin>
			<xmax>3884</xmax>
			<ymax>2224</ymax>
		</bndbox>
	</object>
	<object>
		<name>알밥</name>
		<bndbox>
			<xmin>2036</xmin>
			<ymin>781</ymin>
			<xmax>3660</xmax>
			<ymax>1672</ymax>
		</bndbox>
	</object>
</annotation>