<annotation>
	<folder>side돌솥밥류돌솥알밥q4</folder>
	<filename>side_돌솥밥류_돌솥_알밥_Q4_00041.JPG</filename>
	<path>/side돌솥밥류돌솥알밥q4/side_돌솥밥류_돌솥_알밥_Q4_00041.JPG</path>
	<source>
		<database>fooddata</database>
	</source>
	<size>
		<width>5472</width>
		<height>3648</height>
		<depth>3</depth>
	</size>
	<object>
		<name>ref_spoon</name>
		<bndbox>
			<xmin>1126</xmin>
			<ymin>1100</ymin>
			<xmax>1622</xmax>
			<ymax>1981</ymax>
		</bndbox>
	</object>
	<object>
		<name>ref_fork</name>
		<bndbox>
			<xmin>1755</xmin>
			<ymin>1219</ymin>
			<xmax>2088</xmax>
			<ymax>2176</ymax>
		</bndbox>
	</object>
	<object>
		<name>ref_coin</name>
		<bndbox>
			<xmin>4770</xmin>
			<ymin>2434</ymin>
			<xmax>5151</xmax>
			<ymax>2734</ymax>
		</bndbox>
	</object>
	<object>
		<name>dish</name>
		<bndbox>
			<xmin>2312</xmin>
			<ymin>1005</ymin>
			<xmax>4498</xmax>
			<ymax>2891</ymax>
		</bndbox>
	</object>
	<object>
		<name>알밥</name>
		<bndbox>
			<xmin>2569</xmin>
			<ymin>1262</ymin>
			<xmax>4284</xmax>
			<ymax>2324</ymax>
		</bndbox>
	</object>
</annotation>