<annotation>
	<folder>side돌솥밥류돌솥알밥q4</folder>
	<filename>side_돌솥밥류_돌솥_알밥_Q4_00047.JPG</filename>
	<path>/side돌솥밥류돌솥알밥q4/side_돌솥밥류_돌솥_알밥_Q4_00047.JPG</path>
	<source>
		<database>fooddata</database>
	</source>
	<size>
		<width>5472</width>
		<height>3648</height>
		<depth>3</depth>
	</size>
	<object>
		<name>ref_spoon</name>
		<bndbox>
			<xmin>850</xmin>
			<ymin>1243</ymin>
			<xmax>1360</xmax>
			<ymax>2134</ymax>
		</bndbox>
	</object>
	<object>
		<name>ref_fork</name>
		<bndbox>
			<xmin>1479</xmin>
			<ymin>1376</ymin>
			<xmax>1822</xmax>
			<ymax>2281</ymax>
		</bndbox>
	</object>
	<object>
		<name>ref_coin</name>
		<bndbox>
			<xmin>3041</xmin>
			<ymin>719</ymin>
			<xmax>3374</xmax>
			<ymax>952</ymax>
		</bndbox>
	</object>
	<object>
		<name>dish</name>
		<bndbox>
			<xmin>1960</xmin>
			<ymin>1119</ymin>
			<xmax>4141</xmax>
			<ymax>3015</ymax>
		</bndbox>
	</object>
	<object>
		<name>알밥</name>
		<bndbox>
			<xmin>2179</xmin>
			<ymin>1395</ymin>
			<xmax>3865</xmax>
			<ymax>2453</ymax>
		</bndbox>
	</object>
</annotation>