<annotation>
	<folder>top돌솥밥류돌솥알밥q4</folder>
	<filename>top_돌솥밥류_돌솥_알밥_Q4_00001.JPG</filename>
	<path>/top돌솥밥류돌솥알밥q4/top_돌솥밥류_돌솥_알밥_Q4_00001.JPG</path>
	<source>
		<database>fooddata</database>
	</source>
	<size>
		<width>5472</width>
		<height>3648</height>
		<depth>3</depth>
	</size>
	<object>
		<name>ref_spoon</name>
		<bndbox>
			<xmin>4193</xmin>
			<ymin>233</ymin>
			<xmax>4739</xmax>
			<ymax>1138</ymax>
		</bndbox>
	</object>
	<object>
		<name>ref_fork</name>
		<bndbox>
			<xmin>3677</xmin>
			<ymin>251</ymin>
			<xmax>4036</xmax>
			<ymax>1282</ymax>
		</bndbox>
	</object>
	<object>
		<name>ref_coin</name>
		<bndbox>
			<xmin>2633</xmin>
			<ymin>2864</ymin>
			<xmax>3045</xmax>
			<ymax>3281</ymax>
		</bndbox>
	</object>
	<object>
		<name>dish</name>
		<bndbox>
			<xmin>872</xmin>
			<ymin>336</ymin>
			<xmax>3372</xmax>
			<ymax>2788</ymax>
		</bndbox>
	</object>
	<object>
		<name>알밥</name>
		<bndbox>
			<xmin>1154</xmin>
			<ymin>641</ymin>
			<xmax>3081</xmax>
			<ymax>2505</ymax>
		</bndbox>
	</object>
</annotation>