<annotation>
	<folder>top돌솥밥류돌솥알밥q4</folder>
	<filename>top_돌솥밥류_돌솥_알밥_Q4_00021.JPG</filename>
	<path>/top돌솥밥류돌솥알밥q4/top_돌솥밥류_돌솥_알밥_Q4_00021.JPG</path>
	<source>
		<database>fooddata</database>
	</source>
	<size>
		<width>5472</width>
		<height>3648</height>
		<depth>3</depth>
	</size>
	<object>
		<name>ref_spoon</name>
		<bndbox>
			<xmin>1607</xmin>
			<ymin>2765</ymin>
			<xmax>2391</xmax>
			<ymax>3240</ymax>
		</bndbox>
	</object>
	<object>
		<name>ref_fork</name>
		<bndbox>
			<xmin>1719</xmin>
			<ymin>2304</ymin>
			<xmax>2557</xmax>
			<ymax>2604</ymax>
		</bndbox>
	</object>
	<object>
		<name>ref_coin</name>
		<bndbox>
			<xmin>1674</xmin>
			<ymin>381</ymin>
			<xmax>1988</xmax>
			<ymax>681</ymax>
		</bndbox>
	</object>
	<object>
		<name>dish</name>
		<bndbox>
			<xmin>2109</xmin>
			<ymin>175</ymin>
			<xmax>4049</xmax>
			<ymax>2070</ymax>
		</bndbox>
	</object>
	<object>
		<name>알밥</name>
		<bndbox>
			<xmin>2351</xmin>
			<ymin>453</ymin>
			<xmax>3744</xmax>
			<ymax>1828</ymax>
		</bndbox>
	</object>
</annotation>