<annotation>
	<folder>top돌솥밥류돌솥알밥q4</folder>
	<filename>top_돌솥밥류_돌솥_알밥_Q4_00046.JPG</filename>
	<path>/top돌솥밥류돌솥알밥q4/top_돌솥밥류_돌솥_알밥_Q4_00046.JPG</path>
	<source>
		<database>fooddata</database>
	</source>
	<size>
		<width>5472</width>
		<height>3648</height>
		<depth>3</depth>
	</size>
	<object>
		<name>ref_spoon</name>
		<bndbox>
			<xmin>657</xmin>
			<ymin>484</ymin>
			<xmax>1208</xmax>
			<ymax>1407</ymax>
		</bndbox>
	</object>
	<object>
		<name>ref_fork</name>
		<bndbox>
			<xmin>1392</xmin>
			<ymin>574</ymin>
			<xmax>1759</xmax>
			<ymax>1569</ymax>
		</bndbox>
	</object>
	<object>
		<name>ref_coin</name>
		<bndbox>
			<xmin>4390</xmin>
			<ymin>2308</ymin>
			<xmax>4806</xmax>
			<ymax>2725</ymax>
		</bndbox>
	</object>
	<object>
		<name>dish</name>
		<bndbox>
			<xmin>1920</xmin>
			<ymin>166</ymin>
			<xmax>4421</xmax>
			<ymax>2617</ymax>
		</bndbox>
	</object>
	<object>
		<name>알밥</name>
		<bndbox>
			<xmin>2171</xmin>
			<ymin>466</ymin>
			<xmax>4161</xmax>
			<ymax>2326</ymax>
		</bndbox>
	</object>
</annotation>