<annotation>
	<folder>top돌솥밥류돌솥알밥q4</folder>
	<filename>top_돌솥밥류_돌솥_알밥_Q4_00022.JPG</filename>
	<path>/top돌솥밥류돌솥알밥q4/top_돌솥밥류_돌솥_알밥_Q4_00022.JPG</path>
	<source>
		<database>fooddata</database>
	</source>
	<size>
		<width>5472</width>
		<height>3648</height>
		<depth>3</depth>
	</size>
	<object>
		<name>ref_spoon</name>
		<bndbox>
			<xmin>1642</xmin>
			<ymin>2891</ymin>
			<xmax>2409</xmax>
			<ymax>3357</ymax>
		</bndbox>
	</object>
	<object>
		<name>ref_fork</name>
		<bndbox>
			<xmin>1737</xmin>
			<ymin>2438</ymin>
			<xmax>2548</xmax>
			<ymax>2734</ymax>
		</bndbox>
	</object>
	<object>
		<name>ref_coin</name>
		<bndbox>
			<xmin>2068</xmin>
			<ymin>215</ymin>
			<xmax>2355</xmax>
			<ymax>493</ymax>
		</bndbox>
	</object>
	<object>
		<name>dish</name>
		<bndbox>
			<xmin>2095</xmin>
			<ymin>376</ymin>
			<xmax>3951</xmax>
			<ymax>2209</ymax>
		</bndbox>
	</object>
	<object>
		<name>알밥</name>
		<bndbox>
			<xmin>2360</xmin>
			<ymin>636</ymin>
			<xmax>3731</xmax>
			<ymax>1985</ymax>
		</bndbox>
	</object>
</annotation>