<annotation>
	<folder>top돌솥밥류돌솥알밥q4</folder>
	<filename>top_돌솥밥류_돌솥_알밥_Q4_00012.JPG</filename>
	<path>/top돌솥밥류돌솥알밥q4/top_돌솥밥류_돌솥_알밥_Q4_00012.JPG</path>
	<source>
		<database>fooddata</database>
	</source>
	<size>
		<width>5472</width>
		<height>3648</height>
		<depth>3</depth>
	</size>
	<object>
		<name>ref_spoon</name>
		<bndbox>
			<xmin>4475</xmin>
			<ymin>475</ymin>
			<xmax>4990</xmax>
			<ymax>1349</ymax>
		</bndbox>
	</object>
	<object>
		<name>ref_fork</name>
		<bndbox>
			<xmin>3897</xmin>
			<ymin>475</ymin>
			<xmax>4251</xmax>
			<ymax>1439</ymax>
		</bndbox>
	</object>
	<object>
		<name>ref_coin</name>
		<bndbox>
			<xmin>1759</xmin>
			<ymin>2962</ymin>
			<xmax>2153</xmax>
			<ymax>3361</ymax>
		</bndbox>
	</object>
	<object>
		<name>dish</name>
		<bndbox>
			<xmin>1418</xmin>
			<ymin>511</ymin>
			<xmax>3825</xmax>
			<ymax>2873</ymax>
		</bndbox>
	</object>
	<object>
		<name>알밥</name>
		<bndbox>
			<xmin>1719</xmin>
			<ymin>753</ymin>
			<xmax>3579</xmax>
			<ymax>2617</ymax>
		</bndbox>
	</object>
</annotation>