<annotation>
	<folder>top돌솥밥류돌솥알밥q4</folder>
	<filename>top_돌솥밥류_돌솥_알밥_Q4_00004.JPG</filename>
	<path>/top돌솥밥류돌솥알밥q4/top_돌솥밥류_돌솥_알밥_Q4_00004.JPG</path>
	<source>
		<database>fooddata</database>
	</source>
	<size>
		<width>5472</width>
		<height>3648</height>
		<depth>3</depth>
	</size>
	<object>
		<name>ref_spoon</name>
		<bndbox>
			<xmin>4188</xmin>
			<ymin>421</ymin>
			<xmax>4668</xmax>
			<ymax>1219</ymax>
		</bndbox>
	</object>
	<object>
		<name>ref_fork</name>
		<bndbox>
			<xmin>3735</xmin>
			<ymin>444</ymin>
			<xmax>4063</xmax>
			<ymax>1313</ymax>
		</bndbox>
	</object>
	<object>
		<name>ref_coin</name>
		<bndbox>
			<xmin>1244</xmin>
			<ymin>2129</ymin>
			<xmax>1593</xmax>
			<ymax>2483</ymax>
		</bndbox>
	</object>
	<object>
		<name>dish</name>
		<bndbox>
			<xmin>1602</xmin>
			<ymin>417</ymin>
			<xmax>3762</xmax>
			<ymax>2546</ymax>
		</bndbox>
	</object>
	<object>
		<name>알밥</name>
		<bndbox>
			<xmin>1849</xmin>
			<ymin>632</ymin>
			<xmax>3435</xmax>
			<ymax>2304</ymax>
		</bndbox>
	</object>
</annotation>