<annotation>
	<folder>top돌솥밥류돌솥알밥q4</folder>
	<filename>top_돌솥밥류_돌솥_알밥_Q4_00007.JPG</filename>
	<path>/top돌솥밥류돌솥알밥q4/top_돌솥밥류_돌솥_알밥_Q4_00007.JPG</path>
	<source>
		<database>fooddata</database>
	</source>
	<size>
		<width>5472</width>
		<height>3648</height>
		<depth>3</depth>
	</size>
	<object>
		<name>ref_spoon</name>
		<bndbox>
			<xmin>4134</xmin>
			<ymin>215</ymin>
			<xmax>4641</xmax>
			<ymax>1062</ymax>
		</bndbox>
	</object>
	<object>
		<name>ref_fork</name>
		<bndbox>
			<xmin>3659</xmin>
			<ymin>246</ymin>
			<xmax>4000</xmax>
			<ymax>1174</ymax>
		</bndbox>
	</object>
	<object>
		<name>ref_coin</name>
		<bndbox>
			<xmin>1217</xmin>
			<ymin>444</ymin>
			<xmax>1580</xmax>
			<ymax>798</ymax>
		</bndbox>
	</object>
	<object>
		<name>dish</name>
		<bndbox>
			<xmin>1414</xmin>
			<ymin>444</ymin>
			<xmax>3726</xmax>
			<ymax>2720</ymax>
		</bndbox>
	</object>
	<object>
		<name>알밥</name>
		<bndbox>
			<xmin>1687</xmin>
			<ymin>677</ymin>
			<xmax>3377</xmax>
			<ymax>2433</ymax>
		</bndbox>
	</object>
</annotation>