<annotation>
	<folder>top돌솥밥류돌솥알밥q4</folder>
	<filename>top_돌솥밥류_돌솥_알밥_Q4_00030.JPG</filename>
	<path>/top돌솥밥류돌솥알밥q4/top_돌솥밥류_돌솥_알밥_Q4_00030.JPG</path>
	<source>
		<database>fooddata</database>
	</source>
	<size>
		<width>5472</width>
		<height>3648</height>
		<depth>3</depth>
	</size>
	<object>
		<name>ref_spoon</name>
		<bndbox>
			<xmin>1817</xmin>
			<ymin>2841</ymin>
			<xmax>2611</xmax>
			<ymax>3330</ymax>
		</bndbox>
	</object>
	<object>
		<name>ref_fork</name>
		<bndbox>
			<xmin>1934</xmin>
			<ymin>2366</ymin>
			<xmax>2772</xmax>
			<ymax>2680</ymax>
		</bndbox>
	</object>
	<object>
		<name>ref_coin</name>
		<bndbox>
			<xmin>4291</xmin>
			<ymin>1125</ymin>
			<xmax>4614</xmax>
			<ymax>1439</ymax>
		</bndbox>
	</object>
	<object>
		<name>dish</name>
		<bndbox>
			<xmin>2171</xmin>
			<ymin>193</ymin>
			<xmax>4161</xmax>
			<ymax>2160</ymax>
		</bndbox>
	</object>
	<object>
		<name>알밥</name>
		<bndbox>
			<xmin>2377</xmin>
			<ymin>462</ymin>
			<xmax>3870</xmax>
			<ymax>1918</ymax>
		</bndbox>
	</object>
</annotation>