<annotation>
	<folder>side국류대접소고기무국q2</folder>
	<filename>side_국류_대접_소고기무국_Q2_00004.JPG</filename>
	<path>/side국류대접소고기무국q2/side_국류_대접_소고기무국_Q2_00004.JPG</path>
	<source>
		<database>fooddata</database>
	</source>
	<size>
		<width>5472</width>
		<height>3648</height>
		<depth>3</depth>
	</size>
	<object>
		<name>ref_spoon</name>
		<bndbox>
			<xmin>3722</xmin>
			<ymin>718</ymin>
			<xmax>4246</xmax>
			<ymax>1587</ymax>
		</bndbox>
	</object>
	<object>
		<name>ref_fork</name>
		<bndbox>
			<xmin>4447</xmin>
			<ymin>740</ymin>
			<xmax>4798</xmax>
			<ymax>1710</ymax>
		</bndbox>
	</object>
	<object>
		<name>ref_coin</name>
		<bndbox>
			<xmin>1432</xmin>
			<ymin>2685</ymin>
			<xmax>1861</xmax>
			<ymax>3030</ymax>
		</bndbox>
	</object>
	<object>
		<name>dish</name>
		<bndbox>
			<xmin>981</xmin>
			<ymin>255</ymin>
			<xmax>3438</xmax>
			<ymax>2267</ymax>
		</bndbox>
	</object>
	<object>
		<name>소고기무국</name>
		<bndbox>
			<xmin>1276</xmin>
			<ymin>958</ymin>
			<xmax>3048</xmax>
			<ymax>1922</ymax>
		</bndbox>
	</object>
</annotation>