<annotation>
	<folder>side국류대접소고기무국q2</folder>
	<filename>side_국류_대접_소고기무국_Q2_00041.JPG</filename>
	<path>/side국류대접소고기무국q2/side_국류_대접_소고기무국_Q2_00041.JPG</path>
	<source>
		<database>fooddata</database>
	</source>
	<size>
		<width>5472</width>
		<height>3648</height>
		<depth>3</depth>
	</size>
	<object>
		<name>ref_spoon</name>
		<bndbox>
			<xmin>1170</xmin>
			<ymin>489</ymin>
			<xmax>1650</xmax>
			<ymax>1286</ymax>
		</bndbox>
	</object>
	<object>
		<name>ref_fork</name>
		<bndbox>
			<xmin>1850</xmin>
			<ymin>572</ymin>
			<xmax>2179</xmax>
			<ymax>1525</ymax>
		</bndbox>
	</object>
	<object>
		<name>ref_coin</name>
		<bndbox>
			<xmin>4698</xmin>
			<ymin>1954</ymin>
			<xmax>5088</xmax>
			<ymax>2255</ymax>
		</bndbox>
	</object>
	<object>
		<name>dish</name>
		<bndbox>
			<xmin>2324</xmin>
			<ymin>310</ymin>
			<xmax>4642</xmax>
			<ymax>2211</ymax>
		</bndbox>
	</object>
	<object>
		<name>소고기무국</name>
		<bndbox>
			<xmin>2591</xmin>
			<ymin>890</ymin>
			<xmax>4358</xmax>
			<ymax>1893</ymax>
		</bndbox>
	</object>
</annotation>