<annotation>
	<folder>side국류대접소고기무국q2</folder>
	<filename>side_국류_대접_소고기무국_Q2_00030.JPG</filename>
	<path>/side국류대접소고기무국q2/side_국류_대접_소고기무국_Q2_00030.JPG</path>
	<source>
		<database>fooddata</database>
	</source>
	<size>
		<width>5472</width>
		<height>3648</height>
		<depth>3</depth>
	</size>
	<object>
		<name>ref_spoon</name>
		<bndbox>
			<xmin>1326</xmin>
			<ymin>3007</ymin>
			<xmax>2201</xmax>
			<ymax>3481</ymax>
		</bndbox>
	</object>
	<object>
		<name>ref_fork</name>
		<bndbox>
			<xmin>1460</xmin>
			<ymin>2584</ymin>
			<xmax>2502</xmax>
			<ymax>3002</ymax>
		</bndbox>
	</object>
	<object>
		<name>ref_coin</name>
		<bndbox>
			<xmin>4112</xmin>
			<ymin>2238</ymin>
			<xmax>4491</xmax>
			<ymax>2545</ymax>
		</bndbox>
	</object>
	<object>
		<name>dish</name>
		<bndbox>
			<xmin>1555</xmin>
			<ymin>567</ymin>
			<xmax>3745</xmax>
			<ymax>2394</ymax>
		</bndbox>
	</object>
	<object>
		<name>소고기무국</name>
		<bndbox>
			<xmin>1917</xmin>
			<ymin>1196</ymin>
			<xmax>3483</xmax>
			<ymax>2088</ymax>
		</bndbox>
	</object>
</annotation>