<annotation>
	<folder>side국류대접소고기무국q2</folder>
	<filename>side_국류_대접_소고기무국_Q2_00034.JPG</filename>
	<path>/side국류대접소고기무국q2/side_국류_대접_소고기무국_Q2_00034.JPG</path>
	<source>
		<database>fooddata</database>
	</source>
	<size>
		<width>5472</width>
		<height>3648</height>
		<depth>3</depth>
	</size>
	<object>
		<name>ref_spoon</name>
		<bndbox>
			<xmin>1399</xmin>
			<ymin>3041</ymin>
			<xmax>2324</xmax>
			<ymax>3520</ymax>
		</bndbox>
	</object>
	<object>
		<name>ref_fork</name>
		<bndbox>
			<xmin>1560</xmin>
			<ymin>2628</ymin>
			<xmax>2719</xmax>
			<ymax>3030</ymax>
		</bndbox>
	</object>
	<object>
		<name>ref_coin</name>
		<bndbox>
			<xmin>1995</xmin>
			<ymin>511</ymin>
			<xmax>2329</xmax>
			<ymax>751</ymax>
		</bndbox>
	</object>
	<object>
		<name>dish</name>
		<bndbox>
			<xmin>1906</xmin>
			<ymin>617</ymin>
			<xmax>4124</xmax>
			<ymax>2467</ymax>
		</bndbox>
	</object>
	<object>
		<name>소고기무국</name>
		<bndbox>
			<xmin>2229</xmin>
			<ymin>1174</ymin>
			<xmax>3778</xmax>
			<ymax>2160</ymax>
		</bndbox>
	</object>
</annotation>