<annotation>
	<folder>side국류대접소고기무국q2</folder>
	<filename>side_국류_대접_소고기무국_Q2_00049.JPG</filename>
	<path>/side국류대접소고기무국q2/side_국류_대접_소고기무국_Q2_00049.JPG</path>
	<source>
		<database>fooddata</database>
	</source>
	<size>
		<width>5472</width>
		<height>3648</height>
		<depth>3</depth>
	</size>
	<object>
		<name>ref_spoon</name>
		<bndbox>
			<xmin>1009</xmin>
			<ymin>901</ymin>
			<xmax>1499</xmax>
			<ymax>1625</ymax>
		</bndbox>
	</object>
	<object>
		<name>ref_fork</name>
		<bndbox>
			<xmin>1672</xmin>
			<ymin>990</ymin>
			<xmax>2012</xmax>
			<ymax>1876</ymax>
		</bndbox>
	</object>
	<object>
		<name>ref_coin</name>
		<bndbox>
			<xmin>4034</xmin>
			<ymin>433</ymin>
			<xmax>4391</xmax>
			<ymax>689</ymax>
		</bndbox>
	</object>
	<object>
		<name>dish</name>
		<bndbox>
			<xmin>2162</xmin>
			<ymin>712</ymin>
			<xmax>4491</xmax>
			<ymax>2651</ymax>
		</bndbox>
	</object>
	<object>
		<name>소고기무국</name>
		<bndbox>
			<xmin>2379</xmin>
			<ymin>1336</ymin>
			<xmax>4241</xmax>
			<ymax>2328</ymax>
		</bndbox>
	</object>
</annotation>