<annotation>
	<folder>side국류대접소고기무국q2</folder>
	<filename>side_국류_대접_소고기무국_Q2_00019.JPG</filename>
	<path>/side국류대접소고기무국q2/side_국류_대접_소고기무국_Q2_00019.JPG</path>
	<source>
		<database>fooddata</database>
	</source>
	<size>
		<width>5472</width>
		<height>3648</height>
		<depth>3</depth>
	</size>
	<object>
		<name>ref_spoon</name>
		<bndbox>
			<xmin>3878</xmin>
			<ymin>1130</ymin>
			<xmax>4397</xmax>
			<ymax>1938</ymax>
		</bndbox>
	</object>
	<object>
		<name>ref_fork</name>
		<bndbox>
			<xmin>4586</xmin>
			<ymin>1130</ymin>
			<xmax>4954</xmax>
			<ymax>2089</ymax>
		</bndbox>
	</object>
	<object>
		<name>ref_coin</name>
		<bndbox>
			<xmin>725</xmin>
			<ymin>2507</ymin>
			<xmax>1120</xmax>
			<ymax>2847</ymax>
		</bndbox>
	</object>
	<object>
		<name>dish</name>
		<bndbox>
			<xmin>1176</xmin>
			<ymin>545</ymin>
			<xmax>3583</xmax>
			<ymax>2501</ymax>
		</bndbox>
	</object>
	<object>
		<name>소고기무국</name>
		<bndbox>
			<xmin>1527</xmin>
			<ymin>1208</ymin>
			<xmax>3215</xmax>
			<ymax>2172</ymax>
		</bndbox>
	</object>
</annotation>