<annotation>
	<folder>side국류대접소고기무국q2</folder>
	<filename>side_국류_대접_소고기무국_Q2_00003.JPG</filename>
	<path>/side국류대접소고기무국q2/side_국류_대접_소고기무국_Q2_00003.JPG</path>
	<source>
		<database>fooddata</database>
	</source>
	<size>
		<width>5472</width>
		<height>3648</height>
		<depth>3</depth>
	</size>
	<object>
		<name>ref_spoon</name>
		<bndbox>
			<xmin>3656</xmin>
			<ymin>757</ymin>
			<xmax>4174</xmax>
			<ymax>1582</ymax>
		</bndbox>
	</object>
	<object>
		<name>ref_fork</name>
		<bndbox>
			<xmin>4363</xmin>
			<ymin>746</ymin>
			<xmax>4742</xmax>
			<ymax>1632</ymax>
		</bndbox>
	</object>
	<object>
		<name>ref_coin</name>
		<bndbox>
			<xmin>1895</xmin>
			<ymin>2813</ymin>
			<xmax>2313</xmax>
			<ymax>3164</ymax>
		</bndbox>
	</object>
	<object>
		<name>dish</name>
		<bndbox>
			<xmin>892</xmin>
			<ymin>278</ymin>
			<xmax>3332</xmax>
			<ymax>2328</ymax>
		</bndbox>
	</object>
	<object>
		<name>소고기무국</name>
		<bndbox>
			<xmin>1193</xmin>
			<ymin>1024</ymin>
			<xmax>2970</xmax>
			<ymax>2000</ymax>
		</bndbox>
	</object>
</annotation>