<annotation>
	<folder>side국류대접소고기무국q2</folder>
	<filename>side_국류_대접_소고기무국_Q2_00014.JPG</filename>
	<path>/side국류대접소고기무국q2/side_국류_대접_소고기무국_Q2_00014.JPG</path>
	<source>
		<database>fooddata</database>
	</source>
	<size>
		<width>5472</width>
		<height>3648</height>
		<depth>3</depth>
	</size>
	<object>
		<name>ref_spoon</name>
		<bndbox>
			<xmin>3728</xmin>
			<ymin>1370</ymin>
			<xmax>4252</xmax>
			<ymax>2178</ymax>
		</bndbox>
	</object>
	<object>
		<name>ref_fork</name>
		<bndbox>
			<xmin>4447</xmin>
			<ymin>1370</ymin>
			<xmax>4798</xmax>
			<ymax>2312</ymax>
		</bndbox>
	</object>
	<object>
		<name>ref_coin</name>
		<bndbox>
			<xmin>3355</xmin>
			<ymin>863</ymin>
			<xmax>3711</xmax>
			<ymax>1097</ymax>
		</bndbox>
	</object>
	<object>
		<name>dish</name>
		<bndbox>
			<xmin>596</xmin>
			<ymin>740</ymin>
			<xmax>2965</xmax>
			<ymax>2696</ymax>
		</bndbox>
	</object>
	<object>
		<name>소고기무국</name>
		<bndbox>
			<xmin>903</xmin>
			<ymin>1431</ymin>
			<xmax>2619</xmax>
			<ymax>2373</ymax>
		</bndbox>
	</object>
</annotation>