<annotation>
	<folder>side국류대접소고기무국q2</folder>
	<filename>side_국류_대접_소고기무국_Q2_00044.JPG</filename>
	<path>/side국류대접소고기무국q2/side_국류_대접_소고기무국_Q2_00044.JPG</path>
	<source>
		<database>fooddata</database>
	</source>
	<size>
		<width>5472</width>
		<height>3648</height>
		<depth>3</depth>
	</size>
	<object>
		<name>ref_spoon</name>
		<bndbox>
			<xmin>1031</xmin>
			<ymin>622</ymin>
			<xmax>1521</xmax>
			<ymax>1575</ymax>
		</bndbox>
	</object>
	<object>
		<name>ref_fork</name>
		<bndbox>
			<xmin>1716</xmin>
			<ymin>678</ymin>
			<xmax>2045</xmax>
			<ymax>1625</ymax>
		</bndbox>
	</object>
	<object>
		<name>ref_coin</name>
		<bndbox>
			<xmin>4486</xmin>
			<ymin>723</ymin>
			<xmax>4837</xmax>
			<ymax>985</ymax>
		</bndbox>
	</object>
	<object>
		<name>dish</name>
		<bndbox>
			<xmin>2190</xmin>
			<ymin>416</ymin>
			<xmax>4525</xmax>
			<ymax>2344</ymax>
		</bndbox>
	</object>
	<object>
		<name>소고기무국</name>
		<bndbox>
			<xmin>2508</xmin>
			<ymin>1124</ymin>
			<xmax>4135</xmax>
			<ymax>2027</ymax>
		</bndbox>
	</object>
</annotation>