<annotation>
	<folder>side국류대접소고기무국q2</folder>
	<filename>side_국류_대접_소고기무국_Q2_00017.JPG</filename>
	<path>/side국류대접소고기무국q2/side_국류_대접_소고기무국_Q2_00017.JPG</path>
	<source>
		<database>fooddata</database>
	</source>
	<size>
		<width>5472</width>
		<height>3648</height>
		<depth>3</depth>
	</size>
	<object>
		<name>ref_spoon</name>
		<bndbox>
			<xmin>3934</xmin>
			<ymin>1119</ymin>
			<xmax>4464</xmax>
			<ymax>1977</ymax>
		</bndbox>
	</object>
	<object>
		<name>ref_fork</name>
		<bndbox>
			<xmin>4642</xmin>
			<ymin>1136</ymin>
			<xmax>4998</xmax>
			<ymax>2005</ymax>
		</bndbox>
	</object>
	<object>
		<name>ref_coin</name>
		<bndbox>
			<xmin>446</xmin>
			<ymin>1147</ymin>
			<xmax>819</xmax>
			<ymax>1426</ymax>
		</bndbox>
	</object>
	<object>
		<name>dish</name>
		<bndbox>
			<xmin>1103</xmin>
			<ymin>506</ymin>
			<xmax>3494</xmax>
			<ymax>2484</ymax>
		</bndbox>
	</object>
	<object>
		<name>소고기무국</name>
		<bndbox>
			<xmin>1482</xmin>
			<ymin>1180</ymin>
			<xmax>3148</xmax>
			<ymax>2150</ymax>
		</bndbox>
	</object>
</annotation>