<annotation>
	<folder>side국류대접소고기무국q2</folder>
	<filename>side_국류_대접_소고기무국_Q2_00039.JPG</filename>
	<path>/side국류대접소고기무국q2/side_국류_대접_소고기무국_Q2_00039.JPG</path>
	<source>
		<database>fooddata</database>
	</source>
	<size>
		<width>5472</width>
		<height>3648</height>
		<depth>3</depth>
	</size>
	<object>
		<name>ref_spoon</name>
		<bndbox>
			<xmin>1232</xmin>
			<ymin>444</ymin>
			<xmax>1705</xmax>
			<ymax>1352</ymax>
		</bndbox>
	</object>
	<object>
		<name>ref_fork</name>
		<bndbox>
			<xmin>1889</xmin>
			<ymin>528</ymin>
			<xmax>2212</xmax>
			<ymax>1442</ymax>
		</bndbox>
	</object>
	<object>
		<name>ref_coin</name>
		<bndbox>
			<xmin>3979</xmin>
			<ymin>2589</ymin>
			<xmax>4369</xmax>
			<ymax>2913</ymax>
		</bndbox>
	</object>
	<object>
		<name>dish</name>
		<bndbox>
			<xmin>2379</xmin>
			<ymin>283</ymin>
			<xmax>4670</xmax>
			<ymax>2177</ymax>
		</bndbox>
	</object>
	<object>
		<name>소고기무국</name>
		<bndbox>
			<xmin>2630</xmin>
			<ymin>873</ymin>
			<xmax>4302</xmax>
			<ymax>1865</ymax>
		</bndbox>
	</object>
</annotation>