<annotation>
	<folder>side국류대접소고기무국q2</folder>
	<filename>side_국류_대접_소고기무국_Q2_00028.JPG</filename>
	<path>/side국류대접소고기무국q2/side_국류_대접_소고기무국_Q2_00028.JPG</path>
	<source>
		<database>fooddata</database>
	</source>
	<size>
		<width>5472</width>
		<height>3648</height>
		<depth>3</depth>
	</size>
	<object>
		<name>ref_spoon</name>
		<bndbox>
			<xmin>1310</xmin>
			<ymin>3007</ymin>
			<xmax>2262</xmax>
			<ymax>3514</ymax>
		</bndbox>
	</object>
	<object>
		<name>ref_fork</name>
		<bndbox>
			<xmin>1460</xmin>
			<ymin>2606</ymin>
			<xmax>2508</xmax>
			<ymax>3007</ymax>
		</bndbox>
	</object>
	<object>
		<name>ref_coin</name>
		<bndbox>
			<xmin>4542</xmin>
			<ymin>778</ymin>
			<xmax>4870</xmax>
			<ymax>1035</ymax>
		</bndbox>
	</object>
	<object>
		<name>dish</name>
		<bndbox>
			<xmin>1337</xmin>
			<ymin>533</ymin>
			<xmax>3533</xmax>
			<ymax>2367</ymax>
		</bndbox>
	</object>
	<object>
		<name>소고기무국</name>
		<bndbox>
			<xmin>1633</xmin>
			<ymin>1063</ymin>
			<xmax>3193</xmax>
			<ymax>2032</ymax>
		</bndbox>
	</object>
</annotation>