<annotation>
	<folder>side국류대접소고기무국q2</folder>
	<filename>side_국류_대접_소고기무국_Q2_00029.JPG</filename>
	<path>/side국류대접소고기무국q2/side_국류_대접_소고기무국_Q2_00029.JPG</path>
	<source>
		<database>fooddata</database>
	</source>
	<size>
		<width>5472</width>
		<height>3648</height>
		<depth>3</depth>
	</size>
	<object>
		<name>ref_spoon</name>
		<bndbox>
			<xmin>1326</xmin>
			<ymin>2996</ymin>
			<xmax>2379</xmax>
			<ymax>3475</ymax>
		</bndbox>
	</object>
	<object>
		<name>ref_fork</name>
		<bndbox>
			<xmin>1477</xmin>
			<ymin>2567</ymin>
			<xmax>2630</xmax>
			<ymax>2985</ymax>
		</bndbox>
	</object>
	<object>
		<name>ref_coin</name>
		<bndbox>
			<xmin>4425</xmin>
			<ymin>1698</ymin>
			<xmax>4781</xmax>
			<ymax>1971</ymax>
		</bndbox>
	</object>
	<object>
		<name>dish</name>
		<bndbox>
			<xmin>1254</xmin>
			<ymin>578</ymin>
			<xmax>3472</xmax>
			<ymax>2389</ymax>
		</bndbox>
	</object>
	<object>
		<name>소고기무국</name>
		<bndbox>
			<xmin>1605</xmin>
			<ymin>1130</ymin>
			<xmax>3132</xmax>
			<ymax>2077</ymax>
		</bndbox>
	</object>
</annotation>