<annotation>
	<folder>top국류대접소고기무국q2</folder>
	<filename>top_국류_대접_소고기무국_Q2_00011.JPG</filename>
	<path>/top국류대접소고기무국q2/top_국류_대접_소고기무국_Q2_00011.JPG</path>
	<source>
		<database>fooddata</database>
	</source>
	<size>
		<width>5472</width>
		<height>3648</height>
		<depth>3</depth>
	</size>
	<object>
		<name>ref_spoon</name>
		<bndbox>
			<xmin>3953</xmin>
			<ymin>833</ymin>
			<xmax>4455</xmax>
			<ymax>1616</ymax>
		</bndbox>
	</object>
	<object>
		<name>ref_fork</name>
		<bndbox>
			<xmin>4680</xmin>
			<ymin>802</ymin>
			<xmax>5013</xmax>
			<ymax>1656</ymax>
		</bndbox>
	</object>
	<object>
		<name>ref_coin</name>
		<bndbox>
			<xmin>2305</xmin>
			<ymin>266</ymin>
			<xmax>2650</xmax>
			<ymax>602</ymax>
		</bndbox>
	</object>
	<object>
		<name>dish</name>
		<bndbox>
			<xmin>1329</xmin>
			<ymin>719</ymin>
			<xmax>3834</xmax>
			<ymax>3223</ymax>
		</bndbox>
	</object>
	<object>
		<name>소고기무국</name>
		<bndbox>
			<xmin>1800</xmin>
			<ymin>1185</ymin>
			<xmax>3402</xmax>
			<ymax>2823</ymax>
		</bndbox>
	</object>
</annotation>