<annotation>
	<folder>top국류대접소고기무국q2</folder>
	<filename>top_국류_대접_소고기무국_Q2_00006.JPG</filename>
	<path>/top국류대접소고기무국q2/top_국류_대접_소고기무국_Q2_00006.JPG</path>
	<source>
		<database>fooddata</database>
	</source>
	<size>
		<width>5472</width>
		<height>3648</height>
		<depth>3</depth>
	</size>
	<object>
		<name>ref_spoon</name>
		<bndbox>
			<xmin>3930</xmin>
			<ymin>597</ymin>
			<xmax>4444</xmax>
			<ymax>1384</ymax>
		</bndbox>
	</object>
	<object>
		<name>ref_fork</name>
		<bndbox>
			<xmin>4659</xmin>
			<ymin>556</ymin>
			<xmax>5002</xmax>
			<ymax>1429</ymax>
		</bndbox>
	</object>
	<object>
		<name>ref_coin</name>
		<bndbox>
			<xmin>959</xmin>
			<ymin>2182</ymin>
			<xmax>1328</xmax>
			<ymax>2541</ymax>
		</bndbox>
	</object>
	<object>
		<name>dish</name>
		<bndbox>
			<xmin>1294</xmin>
			<ymin>396</ymin>
			<xmax>3814</xmax>
			<ymax>2896</ymax>
		</bndbox>
	</object>
	<object>
		<name>소고기무국</name>
		<bndbox>
			<xmin>1800</xmin>
			<ymin>902</ymin>
			<xmax>3391</xmax>
			<ymax>2522</ymax>
		</bndbox>
	</object>
</annotation>