<annotation>
	<folder>top국류대접소고기무국q2</folder>
	<filename>top_국류_대접_소고기무국_Q2_00039.JPG</filename>
	<path>/top국류대접소고기무국q2/top_국류_대접_소고기무국_Q2_00039.JPG</path>
	<source>
		<database>fooddata</database>
	</source>
	<size>
		<width>5472</width>
		<height>3648</height>
		<depth>3</depth>
	</size>
	<object>
		<name>ref_spoon</name>
		<bndbox>
			<xmin>597</xmin>
			<ymin>405</ymin>
			<xmax>1168</xmax>
			<ymax>1308</ymax>
		</bndbox>
	</object>
	<object>
		<name>ref_fork</name>
		<bndbox>
			<xmin>1357</xmin>
			<ymin>573</ymin>
			<xmax>1718</xmax>
			<ymax>1539</ymax>
		</bndbox>
	</object>
	<object>
		<name>ref_coin</name>
		<bndbox>
			<xmin>4735</xmin>
			<ymin>1560</ymin>
			<xmax>5126</xmax>
			<ymax>1951</ymax>
		</bndbox>
	</object>
	<object>
		<name>dish</name>
		<bndbox>
			<xmin>1864</xmin>
			<ymin>469</ymin>
			<xmax>4632</xmax>
			<ymax>3180</ymax>
		</bndbox>
	</object>
	<object>
		<name>소고기무국</name>
		<bndbox>
			<xmin>2336</xmin>
			<ymin>1044</ymin>
			<xmax>4062</xmax>
			<ymax>2718</ymax>
		</bndbox>
	</object>
</annotation>