<annotation>
	<folder>top국류대접소고기무국q2</folder>
	<filename>top_국류_대접_소고기무국_Q2_00021.JPG</filename>
	<path>/top국류대접소고기무국q2/top_국류_대접_소고기무국_Q2_00021.JPG</path>
	<source>
		<database>fooddata</database>
	</source>
	<size>
		<width>5472</width>
		<height>3648</height>
		<depth>3</depth>
	</size>
	<object>
		<name>ref_spoon</name>
		<bndbox>
			<xmin>1756</xmin>
			<ymin>2977</ymin>
			<xmax>2471</xmax>
			<ymax>3446</ymax>
		</bndbox>
	</object>
	<object>
		<name>ref_fork</name>
		<bndbox>
			<xmin>1799</xmin>
			<ymin>2476</ymin>
			<xmax>2574</xmax>
			<ymax>2781</ymax>
		</bndbox>
	</object>
	<object>
		<name>ref_coin</name>
		<bndbox>
			<xmin>3896</xmin>
			<ymin>943</ymin>
			<xmax>4195</xmax>
			<ymax>1228</ymax>
		</bndbox>
	</object>
	<object>
		<name>dish</name>
		<bndbox>
			<xmin>1736</xmin>
			<ymin>355</ymin>
			<xmax>3818</xmax>
			<ymax>2340</ymax>
		</bndbox>
	</object>
	<object>
		<name>소고기무국</name>
		<bndbox>
			<xmin>2166</xmin>
			<ymin>853</ymin>
			<xmax>3428</xmax>
			<ymax>2123</ymax>
		</bndbox>
	</object>
</annotation>