<annotation>
	<folder>side생선조림냄비갈치조림q3</folder>
	<filename>side_생선조림_냄비_갈치조림_Q3 00025.JPG</filename>
	<path>/side생선조림냄비갈치조림q3/side_생선조림_냄비_갈치조림_Q3 00025.JPG</path>
	<source>
		<database>fooddata</database>
	</source>
	<size>
		<width>3008</width>
		<height>2000</height>
		<depth>3</depth>
	</size>
	<object>
		<name>ref_spoon</name>
		<bndbox>
			<xmin>809</xmin>
			<ymin>1572</ymin>
			<xmax>1204</xmax>
			<ymax>1793</ymax>
		</bndbox>
	</object>
	<object>
		<name>ref_fork</name>
		<bndbox>
			<xmin>902</xmin>
			<ymin>1346</ymin>
			<xmax>1354</xmax>
			<ymax>1545</ymax>
		</bndbox>
	</object>
	<object>
		<name>ref_coin</name>
		<bndbox>
			<xmin>2112</xmin>
			<ymin>153</ymin>
			<xmax>2275</xmax>
			<ymax>253</ymax>
		</bndbox>
	</object>
	<object>
		<name>dish</name>
		<bndbox>
			<xmin>1144</xmin>
			<ymin>234</ymin>
			<xmax>2343</xmax>
			<ymax>1079</ymax>
		</bndbox>
	</object>
	<object>
		<name>갈치조림</name>
		<bndbox>
			<xmin>1376</xmin>
			<ymin>670</ymin>
			<xmax>2090</xmax>
			<ymax>918</ymax>
		</bndbox>
	</object>
</annotation>