<annotation>
	<folder>side생선조림냄비갈치조림q3</folder>
	<filename>side_생선조림_냄비_갈치조림_Q3 00013.JPG</filename>
	<path>/side생선조림냄비갈치조림q3/side_생선조림_냄비_갈치조림_Q3 00013.JPG</path>
	<source>
		<database>fooddata</database>
	</source>
	<size>
		<width>3008</width>
		<height>2000</height>
		<depth>3</depth>
	</size>
	<object>
		<name>ref_spoon</name>
		<bndbox>
			<xmin>2319</xmin>
			<ymin>785</ymin>
			<xmax>2586</xmax>
			<ymax>1120</ymax>
		</bndbox>
	</object>
	<object>
		<name>ref_fork</name>
		<bndbox>
			<xmin>2703</xmin>
			<ymin>837</ymin>
			<xmax>2891</xmax>
			<ymax>1221</ymax>
		</bndbox>
	</object>
	<object>
		<name>ref_coin</name>
		<bndbox>
			<xmin>1687</xmin>
			<ymin>368</ymin>
			<xmax>1875</xmax>
			<ymax>490</ymax>
		</bndbox>
	</object>
	<object>
		<name>dish</name>
		<bndbox>
			<xmin>512</xmin>
			<ymin>542</ymin>
			<xmax>1924</xmax>
			<ymax>1613</ymax>
		</bndbox>
	</object>
	<object>
		<name>갈치조림</name>
		<bndbox>
			<xmin>730</xmin>
			<ymin>948</ymin>
			<xmax>1460</xmax>
			<ymax>1428</ymax>
		</bndbox>
	</object>
</annotation>