<annotation>
	<folder>side생선조림냄비갈치조림q3</folder>
	<filename>side_생선조림_냄비_갈치조림_Q3 00004.JPG</filename>
	<path>/side생선조림냄비갈치조림q3/side_생선조림_냄비_갈치조림_Q3 00004.JPG</path>
	<source>
		<database>fooddata</database>
	</source>
	<size>
		<width>3008</width>
		<height>2000</height>
		<depth>3</depth>
	</size>
	<object>
		<name>ref_spoon</name>
		<bndbox>
			<xmin>2202</xmin>
			<ymin>512</ymin>
			<xmax>2466</xmax>
			<ymax>847</ymax>
		</bndbox>
	</object>
	<object>
		<name>ref_fork</name>
		<bndbox>
			<xmin>2591</xmin>
			<ymin>537</ymin>
			<xmax>2779</xmax>
			<ymax>910</ymax>
		</bndbox>
	</object>
	<object>
		<name>ref_coin</name>
		<bndbox>
			<xmin>806</xmin>
			<ymin>1594</ymin>
			<xmax>1019</xmax>
			<ymax>1747</ymax>
		</bndbox>
	</object>
	<object>
		<name>dish</name>
		<bndbox>
			<xmin>640</xmin>
			<ymin>360</ymin>
			<xmax>2027</xmax>
			<ymax>1392</ymax>
		</bndbox>
	</object>
	<object>
		<name>갈치조림</name>
		<bndbox>
			<xmin>877</xmin>
			<ymin>850</ymin>
			<xmax>1673</xmax>
			<ymax>1199</ymax>
		</bndbox>
	</object>
</annotation>