<annotation>
	<folder>side생선조림냄비갈치조림q3</folder>
	<filename>side_생선조림_냄비_갈치조림_Q3 00040.JPG</filename>
	<path>/side생선조림냄비갈치조림q3/side_생선조림_냄비_갈치조림_Q3 00040.JPG</path>
	<source>
		<database>fooddata</database>
	</source>
	<size>
		<width>3008</width>
		<height>2000</height>
		<depth>3</depth>
	</size>
	<object>
		<name>ref_spoon</name>
		<bndbox>
			<xmin>256</xmin>
			<ymin>654</ymin>
			<xmax>515</xmax>
			<ymax>973</ymax>
		</bndbox>
	</object>
	<object>
		<name>ref_fork</name>
		<bndbox>
			<xmin>654</xmin>
			<ymin>594</ymin>
			<xmax>831</xmax>
			<ymax>965</ymax>
		</bndbox>
	</object>
	<object>
		<name>ref_coin</name>
		<bndbox>
			<xmin>1523</xmin>
			<ymin>1708</ymin>
			<xmax>1752</xmax>
			<ymax>1877</ymax>
		</bndbox>
	</object>
	<object>
		<name>dish</name>
		<bndbox>
			<xmin>1114</xmin>
			<ymin>428</ymin>
			<xmax>2545</xmax>
			<ymax>1439</ymax>
		</bndbox>
	</object>
	<object>
		<name>갈치조림</name>
		<bndbox>
			<xmin>1610</xmin>
			<ymin>834</ymin>
			<xmax>2234</xmax>
			<ymax>1243</ymax>
		</bndbox>
	</object>
</annotation>