<annotation>
	<folder>side생선조림냄비갈치조림q3</folder>
	<filename>side_생선조림_냄비_갈치조림_Q3 00051.JPG</filename>
	<path>/side생선조림냄비갈치조림q3/side_생선조림_냄비_갈치조림_Q3 00051.JPG</path>
	<source>
		<database>fooddata</database>
	</source>
	<size>
		<width>3008</width>
		<height>2000</height>
		<depth>3</depth>
	</size>
	<object>
		<name>ref_spoon</name>
		<bndbox>
			<xmin>602</xmin>
			<ymin>545</ymin>
			<xmax>864</xmax>
			<ymax>866</ymax>
		</bndbox>
	</object>
	<object>
		<name>ref_fork</name>
		<bndbox>
			<xmin>989</xmin>
			<ymin>518</ymin>
			<xmax>1169</xmax>
			<ymax>883</ymax>
		</bndbox>
	</object>
	<object>
		<name>ref_coin</name>
		<bndbox>
			<xmin>1932</xmin>
			<ymin>1548</ymin>
			<xmax>2147</xmax>
			<ymax>1698</ymax>
		</bndbox>
	</object>
	<object>
		<name>dish</name>
		<bndbox>
			<xmin>1463</xmin>
			<ymin>302</ymin>
			<xmax>2820</xmax>
			<ymax>1311</ymax>
		</bndbox>
	</object>
	<object>
		<name>갈치조림</name>
		<bndbox>
			<xmin>1706</xmin>
			<ymin>602</ymin>
			<xmax>2291</xmax>
			<ymax>1109</ymax>
		</bndbox>
	</object>
</annotation>