<annotation>
	<folder>side생선조림냄비갈치조림q3</folder>
	<filename>side_생선조림_냄비_갈치조림_Q3 00024.JPG</filename>
	<path>/side생선조림냄비갈치조림q3/side_생선조림_냄비_갈치조림_Q3 00024.JPG</path>
	<source>
		<database>fooddata</database>
	</source>
	<size>
		<width>3008</width>
		<height>2000</height>
		<depth>3</depth>
	</size>
	<object>
		<name>ref_spoon</name>
		<bndbox>
			<xmin>779</xmin>
			<ymin>1613</ymin>
			<xmax>1202</xmax>
			<ymax>1826</ymax>
		</bndbox>
	</object>
	<object>
		<name>ref_fork</name>
		<bndbox>
			<xmin>872</xmin>
			<ymin>1381</ymin>
			<xmax>1379</xmax>
			<ymax>1580</ymax>
		</bndbox>
	</object>
	<object>
		<name>ref_coin</name>
		<bndbox>
			<xmin>1150</xmin>
			<ymin>234</ymin>
			<xmax>1305</xmax>
			<ymax>332</ymax>
		</bndbox>
	</object>
	<object>
		<name>dish</name>
		<bndbox>
			<xmin>1125</xmin>
			<ymin>305</ymin>
			<xmax>2335</xmax>
			<ymax>1196</ymax>
		</bndbox>
	</object>
	<object>
		<name>갈치조림</name>
		<bndbox>
			<xmin>1455</xmin>
			<ymin>665</ymin>
			<xmax>2098</xmax>
			<ymax>995</ymax>
		</bndbox>
	</object>
</annotation>