<annotation>
	<folder>side생선조림냄비갈치조림q3</folder>
	<filename>side_생선조림_냄비_갈치조림_Q3 00002.JPG</filename>
	<path>/side생선조림냄비갈치조림q3/side_생선조림_냄비_갈치조림_Q3 00002.JPG</path>
	<source>
		<database>fooddata</database>
	</source>
	<size>
		<width>3008</width>
		<height>2000</height>
		<depth>3</depth>
	</size>
	<object>
		<name>ref_spoon</name>
		<bndbox>
			<xmin>2289</xmin>
			<ymin>599</ymin>
			<xmax>2526</xmax>
			<ymax>888</ymax>
		</bndbox>
	</object>
	<object>
		<name>ref_fork</name>
		<bndbox>
			<xmin>2640</xmin>
			<ymin>621</ymin>
			<xmax>2804</xmax>
			<ymax>962</ymax>
		</bndbox>
	</object>
	<object>
		<name>ref_coin</name>
		<bndbox>
			<xmin>1659</xmin>
			<ymin>1504</ymin>
			<xmax>1861</xmax>
			<ymax>1640</ymax>
		</bndbox>
	</object>
	<object>
		<name>dish</name>
		<bndbox>
			<xmin>826</xmin>
			<ymin>439</ymin>
			<xmax>2071</xmax>
			<ymax>1381</ymax>
		</bndbox>
	</object>
	<object>
		<name>갈치조림</name>
		<bndbox>
			<xmin>1095</xmin>
			<ymin>864</ymin>
			<xmax>1632</xmax>
			<ymax>1207</ymax>
		</bndbox>
	</object>
</annotation>