<annotation>
	<folder>side생선조림냄비갈치조림q3</folder>
	<filename>side_생선조림_냄비_갈치조림_Q3 00015.JPG</filename>
	<path>/side생선조림냄비갈치조림q3/side_생선조림_냄비_갈치조림_Q3 00015.JPG</path>
	<source>
		<database>fooddata</database>
	</source>
	<size>
		<width>3008</width>
		<height>2000</height>
		<depth>3</depth>
	</size>
	<object>
		<name>ref_spoon</name>
		<bndbox>
			<xmin>2349</xmin>
			<ymin>752</ymin>
			<xmax>2618</xmax>
			<ymax>1087</ymax>
		</bndbox>
	</object>
	<object>
		<name>ref_fork</name>
		<bndbox>
			<xmin>2736</xmin>
			<ymin>801</ymin>
			<xmax>2918</xmax>
			<ymax>1177</ymax>
		</bndbox>
	</object>
	<object>
		<name>ref_coin</name>
		<bndbox>
			<xmin>2659</xmin>
			<ymin>578</ymin>
			<xmax>2847</xmax>
			<ymax>692</ymax>
		</bndbox>
	</object>
	<object>
		<name>dish</name>
		<bndbox>
			<xmin>501</xmin>
			<ymin>488</ymin>
			<xmax>1915</xmax>
			<ymax>1534</ymax>
		</bndbox>
	</object>
	<object>
		<name>갈치조림</name>
		<bndbox>
			<xmin>736</xmin>
			<ymin>1005</ymin>
			<xmax>1575</xmax>
			<ymax>1343</ymax>
		</bndbox>
	</object>
</annotation>