<annotation>
	<folder>side생선조림냄비갈치조림q3</folder>
	<filename>side_생선조림_냄비_갈치조림_Q3 00049.JPG</filename>
	<path>/side생선조림냄비갈치조림q3/side_생선조림_냄비_갈치조림_Q3 00049.JPG</path>
	<source>
		<database>fooddata</database>
	</source>
	<size>
		<width>3008</width>
		<height>2000</height>
		<depth>3</depth>
	</size>
	<object>
		<name>ref_spoon</name>
		<bndbox>
			<xmin>509</xmin>
			<ymin>627</ymin>
			<xmax>771</xmax>
			<ymax>956</ymax>
		</bndbox>
	</object>
	<object>
		<name>ref_fork</name>
		<bndbox>
			<xmin>894</xmin>
			<ymin>610</ymin>
			<xmax>1071</xmax>
			<ymax>970</ymax>
		</bndbox>
	</object>
	<object>
		<name>ref_coin</name>
		<bndbox>
			<xmin>1259</xmin>
			<ymin>1559</ymin>
			<xmax>1469</xmax>
			<ymax>1706</ymax>
		</bndbox>
	</object>
	<object>
		<name>dish</name>
		<bndbox>
			<xmin>1373</xmin>
			<ymin>403</ymin>
			<xmax>2722</xmax>
			<ymax>1398</ymax>
		</bndbox>
	</object>
	<object>
		<name>갈치조림</name>
		<bndbox>
			<xmin>1692</xmin>
			<ymin>728</ymin>
			<xmax>2261</xmax>
			<ymax>1147</ymax>
		</bndbox>
	</object>
</annotation>