<annotation>
	<folder>side생선조림냄비갈치조림q3</folder>
	<filename>side_생선조림_냄비_갈치조림_Q3 00053.JPG</filename>
	<path>/side생선조림냄비갈치조림q3/side_생선조림_냄비_갈치조림_Q3 00053.JPG</path>
	<source>
		<database>fooddata</database>
	</source>
	<size>
		<width>3008</width>
		<height>2000</height>
		<depth>3</depth>
	</size>
	<object>
		<name>ref_spoon</name>
		<bndbox>
			<xmin>392</xmin>
			<ymin>597</ymin>
			<xmax>657</xmax>
			<ymax>929</ymax>
		</bndbox>
	</object>
	<object>
		<name>ref_fork</name>
		<bndbox>
			<xmin>787</xmin>
			<ymin>564</ymin>
			<xmax>967</xmax>
			<ymax>935</ymax>
		</bndbox>
	</object>
	<object>
		<name>ref_coin</name>
		<bndbox>
			<xmin>2425</xmin>
			<ymin>1613</ymin>
			<xmax>2648</xmax>
			<ymax>1774</ymax>
		</bndbox>
	</object>
	<object>
		<name>dish</name>
		<bndbox>
			<xmin>1281</xmin>
			<ymin>324</ymin>
			<xmax>2624</xmax>
			<ymax>1324</ymax>
		</bndbox>
	</object>
	<object>
		<name>갈치조림</name>
		<bndbox>
			<xmin>1499</xmin>
			<ymin>638</ymin>
			<xmax>2294</xmax>
			<ymax>1076</ymax>
		</bndbox>
	</object>
</annotation>