<annotation>
	<folder>side생선조림냄비갈치조림q3</folder>
	<filename>side_생선조림_냄비_갈치조림_Q3 00041.JPG</filename>
	<path>/side생선조림냄비갈치조림q3/side_생선조림_냄비_갈치조림_Q3 00041.JPG</path>
	<source>
		<database>fooddata</database>
	</source>
	<size>
		<width>3008</width>
		<height>2000</height>
		<depth>3</depth>
	</size>
	<object>
		<name>ref_spoon</name>
		<bndbox>
			<xmin>223</xmin>
			<ymin>561</ymin>
			<xmax>474</xmax>
			<ymax>894</ymax>
		</bndbox>
	</object>
	<object>
		<name>ref_fork</name>
		<bndbox>
			<xmin>621</xmin>
			<ymin>493</ymin>
			<xmax>801</xmax>
			<ymax>875</ymax>
		</bndbox>
	</object>
	<object>
		<name>ref_coin</name>
		<bndbox>
			<xmin>1793</xmin>
			<ymin>1673</ymin>
			<xmax>2027</xmax>
			<ymax>1853</ymax>
		</bndbox>
	</object>
	<object>
		<name>dish</name>
		<bndbox>
			<xmin>1090</xmin>
			<ymin>316</ymin>
			<xmax>2509</xmax>
			<ymax>1330</ymax>
		</bndbox>
	</object>
	<object>
		<name>갈치조림</name>
		<bndbox>
			<xmin>1632</xmin>
			<ymin>845</ymin>
			<xmax>2207</xmax>
			<ymax>1139</ymax>
		</bndbox>
	</object>
</annotation>