<annotation>
	<folder>side생선조림냄비갈치조림q3</folder>
	<filename>side_생선조림_냄비_갈치조림_Q3 00016.JPG</filename>
	<path>/side생선조림냄비갈치조림q3/side_생선조림_냄비_갈치조림_Q3 00016.JPG</path>
	<source>
		<database>fooddata</database>
	</source>
	<size>
		<width>3008</width>
		<height>2000</height>
		<depth>3</depth>
	</size>
	<object>
		<name>ref_spoon</name>
		<bndbox>
			<xmin>2259</xmin>
			<ymin>649</ymin>
			<xmax>2531</xmax>
			<ymax>995</ymax>
		</bndbox>
	</object>
	<object>
		<name>ref_fork</name>
		<bndbox>
			<xmin>2651</xmin>
			<ymin>692</ymin>
			<xmax>2839</xmax>
			<ymax>1071</ymax>
		</bndbox>
	</object>
	<object>
		<name>ref_coin</name>
		<bndbox>
			<xmin>1809</xmin>
			<ymin>1703</ymin>
			<xmax>2035</xmax>
			<ymax>1864</ymax>
		</bndbox>
	</object>
	<object>
		<name>dish</name>
		<bndbox>
			<xmin>471</xmin>
			<ymin>433</ymin>
			<xmax>1899</xmax>
			<ymax>1496</ymax>
		</bndbox>
	</object>
	<object>
		<name>갈치조림</name>
		<bndbox>
			<xmin>806</xmin>
			<ymin>984</ymin>
			<xmax>1531</xmax>
			<ymax>1292</ymax>
		</bndbox>
	</object>
</annotation>