<annotation>
	<folder>side생선조림냄비갈치조림q3</folder>
	<filename>side_생선조림_냄비_갈치조림_Q3 00010.JPG</filename>
	<path>/side생선조림냄비갈치조림q3/side_생선조림_냄비_갈치조림_Q3 00010.JPG</path>
	<source>
		<database>fooddata</database>
	</source>
	<size>
		<width>3008</width>
		<height>2000</height>
		<depth>3</depth>
	</size>
	<object>
		<name>ref_spoon</name>
		<bndbox>
			<xmin>2294</xmin>
			<ymin>725</ymin>
			<xmax>2529</xmax>
			<ymax>1035</ymax>
		</bndbox>
	</object>
	<object>
		<name>ref_fork</name>
		<bndbox>
			<xmin>2643</xmin>
			<ymin>763</ymin>
			<xmax>2806</xmax>
			<ymax>1095</ymax>
		</bndbox>
	</object>
	<object>
		<name>ref_coin</name>
		<bndbox>
			<xmin>466</xmin>
			<ymin>510</ymin>
			<xmax>638</xmax>
			<ymax>624</ymax>
		</bndbox>
	</object>
	<object>
		<name>dish</name>
		<bndbox>
			<xmin>891</xmin>
			<ymin>515</ymin>
			<xmax>2153</xmax>
			<ymax>1452</ymax>
		</bndbox>
	</object>
	<object>
		<name>갈치조림</name>
		<bndbox>
			<xmin>1158</xmin>
			<ymin>875</ymin>
			<xmax>1902</xmax>
			<ymax>1281</ymax>
		</bndbox>
	</object>
</annotation>