<annotation>
	<folder>top생선조림냄비갈치조림q3</folder>
	<filename>top_생선조림_냄비_갈치조림_Q3 00043.JPG</filename>
	<path>/top생선조림냄비갈치조림q3/top_생선조림_냄비_갈치조림_Q3 00043.JPG</path>
	<source>
		<database>fooddata</database>
	</source>
	<size>
		<width>3008</width>
		<height>2000</height>
		<depth>3</depth>
	</size>
	<object>
		<name>ref_spoon</name>
		<bndbox>
			<xmin>339</xmin>
			<ymin>388</ymin>
			<xmax>578</xmax>
			<ymax>764</ymax>
		</bndbox>
	</object>
	<object>
		<name>ref_fork</name>
		<bndbox>
			<xmin>656</xmin>
			<ymin>403</ymin>
			<xmax>828</xmax>
			<ymax>813</ymax>
		</bndbox>
	</object>
	<object>
		<name>ref_coin</name>
		<bndbox>
			<xmin>919</xmin>
			<ymin>757</ymin>
			<xmax>1091</xmax>
			<ymax>931</ymax>
		</bndbox>
	</object>
	<object>
		<name>dish</name>
		<bndbox>
			<xmin>1160</xmin>
			<ymin>214</ymin>
			<xmax>2438</xmax>
			<ymax>1474</ymax>
		</bndbox>
	</object>
	<object>
		<name>갈치조림</name>
		<bndbox>
			<xmin>1580</xmin>
			<ymin>555</ymin>
			<xmax>2030</xmax>
			<ymax>1224</ymax>
		</bndbox>
	</object>
</annotation>