<annotation>
	<folder>top생선조림냄비갈치조림q3</folder>
	<filename>top_생선조림_냄비_갈치조림_Q3 00007.JPG</filename>
	<path>/top생선조림냄비갈치조림q3/top_생선조림_냄비_갈치조림_Q3 00007.JPG</path>
	<source>
		<database>fooddata</database>
	</source>
	<size>
		<width>3008</width>
		<height>2000</height>
		<depth>3</depth>
	</size>
	<object>
		<name>ref_spoon</name>
		<bndbox>
			<xmin>2138</xmin>
			<ymin>199</ymin>
			<xmax>2381</xmax>
			<ymax>568</ymax>
		</bndbox>
	</object>
	<object>
		<name>ref_fork</name>
		<bndbox>
			<xmin>2484</xmin>
			<ymin>361</ymin>
			<xmax>2696</xmax>
			<ymax>771</ymax>
		</bndbox>
	</object>
	<object>
		<name>ref_coin</name>
		<bndbox>
			<xmin>1873</xmin>
			<ymin>273</ymin>
			<xmax>2045</xmax>
			<ymax>450</ymax>
		</bndbox>
	</object>
	<object>
		<name>dish</name>
		<bndbox>
			<xmin>430</xmin>
			<ymin>346</ymin>
			<xmax>1703</xmax>
			<ymax>1612</ymax>
		</bndbox>
	</object>
	<object>
		<name>갈치조림</name>
		<bndbox>
			<xmin>963</xmin>
			<ymin>673</ymin>
			<xmax>1541</xmax>
			<ymax>1216</ymax>
		</bndbox>
	</object>
</annotation>