<annotation>
	<folder>top생선조림냄비갈치조림q3</folder>
	<filename>top_생선조림_냄비_갈치조림_Q3 00036.JPG</filename>
	<path>/top생선조림냄비갈치조림q3/top_생선조림_냄비_갈치조림_Q3 00036.JPG</path>
	<source>
		<database>fooddata</database>
	</source>
	<size>
		<width>3008</width>
		<height>2000</height>
		<depth>3</depth>
	</size>
	<object>
		<name>ref_spoon</name>
		<bndbox>
			<xmin>275</xmin>
			<ymin>307</ymin>
			<xmax>531</xmax>
			<ymax>688</ymax>
		</bndbox>
	</object>
	<object>
		<name>ref_fork</name>
		<bndbox>
			<xmin>622</xmin>
			<ymin>322</ymin>
			<xmax>806</xmax>
			<ymax>752</ymax>
		</bndbox>
	</object>
	<object>
		<name>ref_coin</name>
		<bndbox>
			<xmin>1177</xmin>
			<ymin>1595</ymin>
			<xmax>1354</xmax>
			<ymax>1784</ymax>
		</bndbox>
	</object>
	<object>
		<name>dish</name>
		<bndbox>
			<xmin>1170</xmin>
			<ymin>263</ymin>
			<xmax>2482</xmax>
			<ymax>1577</ymax>
		</bndbox>
	</object>
	<object>
		<name>갈치조림</name>
		<bndbox>
			<xmin>1428</xmin>
			<ymin>511</ymin>
			<xmax>2116</xmax>
			<ymax>1138</ymax>
		</bndbox>
	</object>
</annotation>