<annotation>
	<folder>top생선조림냄비갈치조림q3</folder>
	<filename>top_생선조림_냄비_갈치조림_Q3 00009.JPG</filename>
	<path>/top생선조림냄비갈치조림q3/top_생선조림_냄비_갈치조림_Q3 00009.JPG</path>
	<source>
		<database>fooddata</database>
	</source>
	<size>
		<width>3008</width>
		<height>2000</height>
		<depth>3</depth>
	</size>
	<object>
		<name>ref_spoon</name>
		<bndbox>
			<xmin>1946</xmin>
			<ymin>378</ymin>
			<xmax>2155</xmax>
			<ymax>690</ymax>
		</bndbox>
	</object>
	<object>
		<name>ref_fork</name>
		<bndbox>
			<xmin>2244</xmin>
			<ymin>523</ymin>
			<xmax>2435</xmax>
			<ymax>872</ymax>
		</bndbox>
	</object>
	<object>
		<name>ref_coin</name>
		<bndbox>
			<xmin>1973</xmin>
			<ymin>133</ymin>
			<xmax>2138</xmax>
			<ymax>287</ymax>
		</bndbox>
	</object>
	<object>
		<name>dish</name>
		<bndbox>
			<xmin>575</xmin>
			<ymin>428</ymin>
			<xmax>1733</xmax>
			<ymax>1570</ymax>
		</bndbox>
	</object>
	<object>
		<name>갈치조림</name>
		<bndbox>
			<xmin>988</xmin>
			<ymin>818</ymin>
			<xmax>1514</xmax>
			<ymax>1386</ymax>
		</bndbox>
	</object>
</annotation>