<annotation>
	<folder>top생선조림냄비갈치조림q3</folder>
	<filename>top_생선조림_냄비_갈치조림_Q3 00051.JPG</filename>
	<path>/top생선조림냄비갈치조림q3/top_생선조림_냄비_갈치조림_Q3 00051.JPG</path>
	<source>
		<database>fooddata</database>
	</source>
	<size>
		<width>3008</width>
		<height>2000</height>
		<depth>3</depth>
	</size>
	<object>
		<name>ref_spoon</name>
		<bndbox>
			<xmin>325</xmin>
			<ymin>405</ymin>
			<xmax>578</xmax>
			<ymax>791</ymax>
		</bndbox>
	</object>
	<object>
		<name>ref_fork</name>
		<bndbox>
			<xmin>654</xmin>
			<ymin>408</ymin>
			<xmax>848</xmax>
			<ymax>835</ymax>
		</bndbox>
	</object>
	<object>
		<name>ref_coin</name>
		<bndbox>
			<xmin>1455</xmin>
			<ymin>1636</ymin>
			<xmax>1651</xmax>
			<ymax>1833</ymax>
		</bndbox>
	</object>
	<object>
		<name>dish</name>
		<bndbox>
			<xmin>1116</xmin>
			<ymin>199</ymin>
			<xmax>2443</xmax>
			<ymax>1521</ymax>
		</bndbox>
	</object>
	<object>
		<name>갈치조림</name>
		<bndbox>
			<xmin>1369</xmin>
			<ymin>536</ymin>
			<xmax>1990</xmax>
			<ymax>1322</ymax>
		</bndbox>
	</object>
</annotation>