<annotation>
	<folder>top생선조림냄비갈치조림q3</folder>
	<filename>top_생선조림_냄비_갈치조림_Q3 00018.JPG</filename>
	<path>/top생선조림냄비갈치조림q3/top_생선조림_냄비_갈치조림_Q3 00018.JPG</path>
	<source>
		<database>fooddata</database>
	</source>
	<size>
		<width>3008</width>
		<height>2000</height>
		<depth>3</depth>
	</size>
	<object>
		<name>ref_spoon</name>
		<bndbox>
			<xmin>914</xmin>
			<ymin>1654</ymin>
			<xmax>1285</xmax>
			<ymax>1904</ymax>
		</bndbox>
	</object>
	<object>
		<name>ref_fork</name>
		<bndbox>
			<xmin>924</xmin>
			<ymin>1361</ymin>
			<xmax>1354</xmax>
			<ymax>1523</ymax>
		</bndbox>
	</object>
	<object>
		<name>ref_coin</name>
		<bndbox>
			<xmin>723</xmin>
			<ymin>1081</ymin>
			<xmax>892</xmax>
			<ymax>1246</ymax>
		</bndbox>
	</object>
	<object>
		<name>dish</name>
		<bndbox>
			<xmin>941</xmin>
			<ymin>69</ymin>
			<xmax>2182</xmax>
			<ymax>1285</ymax>
		</bndbox>
	</object>
	<object>
		<name>갈치조림</name>
		<bndbox>
			<xmin>1261</xmin>
			<ymin>528</ymin>
			<xmax>1838</xmax>
			<ymax>968</ymax>
		</bndbox>
	</object>
</annotation>