<annotation>
	<folder>side육류부피배달종이박스치킨윙q1</folder>
	<filename>side_육류부피_배달종이박스_치킨윙_Q1_00040.JPG</filename>
	<path>/side육류부피배달종이박스치킨윙q1/side_육류부피_배달종이박스_치킨윙_Q1_00040.JPG</path>
	<source>
		<database>fooddata</database>
	</source>
	<size>
		<width>3008</width>
		<height>2000</height>
		<depth>3</depth>
	</size>
	<object>
		<name>ref_spoon</name>
		<bndbox>
			<xmin>625</xmin>
			<ymin>330</ymin>
			<xmax>932</xmax>
			<ymax>724</ymax>
		</bndbox>
	</object>
	<object>
		<name>ref_fork</name>
		<bndbox>
			<xmin>1009</xmin>
			<ymin>407</ymin>
			<xmax>1221</xmax>
			<ymax>859</ymax>
		</bndbox>
	</object>
	<object>
		<name>ref_coin</name>
		<bndbox>
			<xmin>184</xmin>
			<ymin>1189</ymin>
			<xmax>427</xmax>
			<ymax>1370</ymax>
		</bndbox>
	</object>
	<object>
		<name>dish</name>
		<bndbox>
			<xmin>1427</xmin>
			<ymin>471</ymin>
			<xmax>2736</xmax>
			<ymax>1478</ymax>
		</bndbox>
	</object>
	<object>
		<name>치킨윙</name>
		<bndbox>
			<xmin>1740</xmin>
			<ymin>842</ymin>
			<xmax>2413</xmax>
			<ymax>1313</ymax>
		</bndbox>
	</object>
</annotation>