<annotation>
	<folder>side육류부피배달종이박스치킨윙q1</folder>
	<filename>side_육류부피_배달종이박스_치킨윙_Q1_00004.JPG</filename>
	<path>/side육류부피배달종이박스치킨윙q1/side_육류부피_배달종이박스_치킨윙_Q1_00004.JPG</path>
	<source>
		<database>fooddata</database>
	</source>
	<size>
		<width>3008</width>
		<height>2000</height>
		<depth>3</depth>
	</size>
	<object>
		<name>ref_spoon</name>
		<bndbox>
			<xmin>1916</xmin>
			<ymin>433</ymin>
			<xmax>2220</xmax>
			<ymax>825</ymax>
		</bndbox>
	</object>
	<object>
		<name>ref_fork</name>
		<bndbox>
			<xmin>2347</xmin>
			<ymin>464</ymin>
			<xmax>2571</xmax>
			<ymax>911</ymax>
		</bndbox>
	</object>
	<object>
		<name>ref_coin</name>
		<bndbox>
			<xmin>1626</xmin>
			<ymin>1516</ymin>
			<xmax>1870</xmax>
			<ymax>1704</ymax>
		</bndbox>
	</object>
	<object>
		<name>dish</name>
		<bndbox>
			<xmin>335</xmin>
			<ymin>500</ymin>
			<xmax>1672</xmax>
			<ymax>1470</ymax>
		</bndbox>
	</object>
	<object>
		<name>치킨윙</name>
		<bndbox>
			<xmin>478</xmin>
			<ymin>789</ymin>
			<xmax>1357</xmax>
			<ymax>1287</ymax>
		</bndbox>
	</object>
</annotation>