<annotation>
	<folder>side육류부피배달종이박스치킨윙q1</folder>
	<filename>side_육류부피_배달종이박스_치킨윙_Q1_00051.JPG</filename>
	<path>/side육류부피배달종이박스치킨윙q1/side_육류부피_배달종이박스_치킨윙_Q1_00051.JPG</path>
	<source>
		<database>fooddata</database>
	</source>
	<size>
		<width>3008</width>
		<height>2000</height>
		<depth>3</depth>
	</size>
	<object>
		<name>ref_spoon</name>
		<bndbox>
			<xmin>467</xmin>
			<ymin>391</ymin>
			<xmax>777</xmax>
			<ymax>781</ymax>
		</bndbox>
	</object>
	<object>
		<name>ref_fork</name>
		<bndbox>
			<xmin>861</xmin>
			<ymin>465</ymin>
			<xmax>1066</xmax>
			<ymax>912</ymax>
		</bndbox>
	</object>
	<object>
		<name>ref_coin</name>
		<bndbox>
			<xmin>137</xmin>
			<ymin>943</ymin>
			<xmax>383</xmax>
			<ymax>1111</ymax>
		</bndbox>
	</object>
	<object>
		<name>dish</name>
		<bndbox>
			<xmin>1194</xmin>
			<ymin>209</ymin>
			<xmax>2800</xmax>
			<ymax>1411</ymax>
		</bndbox>
	</object>
	<object>
		<name>치킨윙</name>
		<bndbox>
			<xmin>1656</xmin>
			<ymin>552</ymin>
			<xmax>2369</xmax>
			<ymax>1024</ymax>
		</bndbox>
	</object>
</annotation>