<annotation>
	<folder>side육류부피배달종이박스치킨윙q1</folder>
	<filename>side_육류부피_배달종이박스_치킨윙_Q1_00042.JPG</filename>
	<path>/side육류부피배달종이박스치킨윙q1/side_육류부피_배달종이박스_치킨윙_Q1_00042.JPG</path>
	<source>
		<database>fooddata</database>
	</source>
	<size>
		<width>3008</width>
		<height>2000</height>
		<depth>3</depth>
	</size>
	<object>
		<name>ref_spoon</name>
		<bndbox>
			<xmin>518</xmin>
			<ymin>397</ymin>
			<xmax>831</xmax>
			<ymax>798</ymax>
		</bndbox>
	</object>
	<object>
		<name>ref_fork</name>
		<bndbox>
			<xmin>911</xmin>
			<ymin>478</ymin>
			<xmax>1117</xmax>
			<ymax>933</ymax>
		</bndbox>
	</object>
	<object>
		<name>ref_coin</name>
		<bndbox>
			<xmin>56</xmin>
			<ymin>771</ymin>
			<xmax>275</xmax>
			<ymax>936</ymax>
		</bndbox>
	</object>
	<object>
		<name>dish</name>
		<bndbox>
			<xmin>1457</xmin>
			<ymin>485</ymin>
			<xmax>2851</xmax>
			<ymax>1532</ymax>
		</bndbox>
	</object>
	<object>
		<name>치킨윙</name>
		<bndbox>
			<xmin>1810</xmin>
			<ymin>700</ymin>
			<xmax>2406</xmax>
			<ymax>1316</ymax>
		</bndbox>
	</object>
</annotation>