<annotation>
	<folder>side육류부피배달종이박스치킨윙q1</folder>
	<filename>side_육류부피_배달종이박스_치킨윙_Q1_00001.JPG</filename>
	<path>/side육류부피배달종이박스치킨윙q1/side_육류부피_배달종이박스_치킨윙_Q1_00001.JPG</path>
	<source>
		<database>fooddata</database>
	</source>
	<size>
		<width>3008</width>
		<height>2000</height>
		<depth>3</depth>
	</size>
	<object>
		<name>ref_spoon</name>
		<bndbox>
			<xmin>2063</xmin>
			<ymin>500</ymin>
			<xmax>2337</xmax>
			<ymax>870</ymax>
		</bndbox>
	</object>
	<object>
		<name>ref_fork</name>
		<bndbox>
			<xmin>2464</xmin>
			<ymin>525</ymin>
			<xmax>2683</xmax>
			<ymax>957</ymax>
		</bndbox>
	</object>
	<object>
		<name>ref_coin</name>
		<bndbox>
			<xmin>224</xmin>
			<ymin>1064</ymin>
			<xmax>462</xmax>
			<ymax>1252</ymax>
		</bndbox>
	</object>
	<object>
		<name>dish</name>
		<bndbox>
			<xmin>813</xmin>
			<ymin>611</ymin>
			<xmax>1961</xmax>
			<ymax>1592</ymax>
		</bndbox>
	</object>
	<object>
		<name>치킨윙</name>
		<bndbox>
			<xmin>1057</xmin>
			<ymin>947</ymin>
			<xmax>1728</xmax>
			<ymax>1445</ymax>
		</bndbox>
	</object>
</annotation>