<annotation>
	<folder>side육류부피배달종이박스치킨윙q1</folder>
	<filename>side_육류부피_배달종이박스_치킨윙_Q1_00048.JPG</filename>
	<path>/side육류부피배달종이박스치킨윙q1/side_육류부피_배달종이박스_치킨윙_Q1_00048.JPG</path>
	<source>
		<database>fooddata</database>
	</source>
	<size>
		<width>3008</width>
		<height>2000</height>
		<depth>3</depth>
	</size>
	<object>
		<name>ref_spoon</name>
		<bndbox>
			<xmin>514</xmin>
			<ymin>165</ymin>
			<xmax>831</xmax>
			<ymax>576</ymax>
		</bndbox>
	</object>
	<object>
		<name>ref_fork</name>
		<bndbox>
			<xmin>911</xmin>
			<ymin>242</ymin>
			<xmax>1137</xmax>
			<ymax>700</ymax>
		</bndbox>
	</object>
	<object>
		<name>ref_coin</name>
		<bndbox>
			<xmin>56</xmin>
			<ymin>1360</ymin>
			<xmax>319</xmax>
			<ymax>1556</ymax>
		</bndbox>
	</object>
	<object>
		<name>dish</name>
		<bndbox>
			<xmin>1369</xmin>
			<ymin>286</ymin>
			<xmax>2767</xmax>
			<ymax>1475</ymax>
		</bndbox>
	</object>
	<object>
		<name>치킨윙</name>
		<bndbox>
			<xmin>1807</xmin>
			<ymin>781</ymin>
			<xmax>2410</xmax>
			<ymax>1246</ymax>
		</bndbox>
	</object>
</annotation>