<annotation>
	<folder>top육류부피배달종이박스치킨윙q1</folder>
	<filename>top_육류부피_배달종이박스_치킨윙_Q1_00036.JPG</filename>
	<path>/top육류부피배달종이박스치킨윙q1/top_육류부피_배달종이박스_치킨윙_Q1_00036.JPG</path>
	<source>
		<database>fooddata</database>
	</source>
	<size>
		<width>3008</width>
		<height>2000</height>
		<depth>3</depth>
	</size>
	<object>
		<name>ref_spoon</name>
		<bndbox>
			<xmin>502</xmin>
			<ymin>236</ymin>
			<xmax>804</xmax>
			<ymax>681</ymax>
		</bndbox>
	</object>
	<object>
		<name>ref_fork</name>
		<bndbox>
			<xmin>880</xmin>
			<ymin>297</ymin>
			<xmax>1084</xmax>
			<ymax>784</ymax>
		</bndbox>
	</object>
	<object>
		<name>ref_coin</name>
		<bndbox>
			<xmin>219</xmin>
			<ymin>695</ymin>
			<xmax>438</xmax>
			<ymax>909</ymax>
		</bndbox>
	</object>
	<object>
		<name>dish</name>
		<bndbox>
			<xmin>1256</xmin>
			<ymin>432</ymin>
			<xmax>2401</xmax>
			<ymax>1646</ymax>
		</bndbox>
	</object>
	<object>
		<name>치킨윙</name>
		<bndbox>
			<xmin>1612</xmin>
			<ymin>698</ymin>
			<xmax>2059</xmax>
			<ymax>1563</ymax>
		</bndbox>
	</object>
</annotation>