<annotation>
	<folder>top육류부피배달종이박스치킨윙q1</folder>
	<filename>top_육류부피_배달종이박스_치킨윙_Q1_00025.JPG</filename>
	<path>/top육류부피배달종이박스치킨윙q1/top_육류부피_배달종이박스_치킨윙_Q1_00025.JPG</path>
	<source>
		<database>fooddata</database>
	</source>
	<size>
		<width>3008</width>
		<height>2000</height>
		<depth>3</depth>
	</size>
	<object>
		<name>ref_spoon</name>
		<bndbox>
			<xmin>740</xmin>
			<ymin>1658</ymin>
			<xmax>1138</xmax>
			<ymax>1946</ymax>
		</bndbox>
	</object>
	<object>
		<name>ref_fork</name>
		<bndbox>
			<xmin>850</xmin>
			<ymin>1418</ymin>
			<xmax>1278</xmax>
			<ymax>1607</ymax>
		</bndbox>
	</object>
	<object>
		<name>ref_coin</name>
		<bndbox>
			<xmin>1777</xmin>
			<ymin>1182</ymin>
			<xmax>1961</xmax>
			<ymax>1364</ymax>
		</bndbox>
	</object>
	<object>
		<name>dish</name>
		<bndbox>
			<xmin>841</xmin>
			<ymin>42</ymin>
			<xmax>2126</xmax>
			<ymax>1268</ymax>
		</bndbox>
	</object>
	<object>
		<name>치킨윙</name>
		<bndbox>
			<xmin>1185</xmin>
			<ymin>452</ymin>
			<xmax>1708</xmax>
			<ymax>956</ymax>
		</bndbox>
	</object>
</annotation>