<annotation>
	<folder>top육류부피배달종이박스치킨윙q1</folder>
	<filename>top_육류부피_배달종이박스_치킨윙_Q1_00048.JPG</filename>
	<path>/top육류부피배달종이박스치킨윙q1/top_육류부피_배달종이박스_치킨윙_Q1_00048.JPG</path>
	<source>
		<database>fooddata</database>
	</source>
	<size>
		<width>3008</width>
		<height>2000</height>
		<depth>3</depth>
	</size>
	<object>
		<name>ref_spoon</name>
		<bndbox>
			<xmin>467</xmin>
			<ymin>258</ymin>
			<xmax>777</xmax>
			<ymax>710</ymax>
		</bndbox>
	</object>
	<object>
		<name>ref_fork</name>
		<bndbox>
			<xmin>865</xmin>
			<ymin>297</ymin>
			<xmax>1081</xmax>
			<ymax>799</ymax>
		</bndbox>
	</object>
	<object>
		<name>ref_coin</name>
		<bndbox>
			<xmin>165</xmin>
			<ymin>732</ymin>
			<xmax>386</xmax>
			<ymax>948</ymax>
		</bndbox>
	</object>
	<object>
		<name>dish</name>
		<bndbox>
			<xmin>1420</xmin>
			<ymin>378</ymin>
			<xmax>2612</xmax>
			<ymax>1656</ymax>
		</bndbox>
	</object>
	<object>
		<name>치킨윙</name>
		<bndbox>
			<xmin>1691</xmin>
			<ymin>590</ymin>
			<xmax>2288</xmax>
			<ymax>1376</ymax>
		</bndbox>
	</object>
</annotation>