<annotation>
	<folder>top육류부피배달종이박스치킨윙q1</folder>
	<filename>top_육류부피_배달종이박스_치킨윙_Q1_00010.JPG</filename>
	<path>/top육류부피배달종이박스치킨윙q1/top_육류부피_배달종이박스_치킨윙_Q1_00010.JPG</path>
	<source>
		<database>fooddata</database>
	</source>
	<size>
		<width>3008</width>
		<height>2000</height>
		<depth>3</depth>
	</size>
	<object>
		<name>ref_spoon</name>
		<bndbox>
			<xmin>1816</xmin>
			<ymin>373</ymin>
			<xmax>2089</xmax>
			<ymax>781</ymax>
		</bndbox>
	</object>
	<object>
		<name>ref_fork</name>
		<bndbox>
			<xmin>2209</xmin>
			<ymin>376</ymin>
			<xmax>2396</xmax>
			<ymax>838</ymax>
		</bndbox>
	</object>
	<object>
		<name>ref_coin</name>
		<bndbox>
			<xmin>2236</xmin>
			<ymin>69</ymin>
			<xmax>2425</xmax>
			<ymax>256</ymax>
		</bndbox>
	</object>
	<object>
		<name>dish</name>
		<bndbox>
			<xmin>497</xmin>
			<ymin>558</ymin>
			<xmax>1787</xmax>
			<ymax>1757</ymax>
		</bndbox>
	</object>
	<object>
		<name>치킨윙</name>
		<bndbox>
			<xmin>693</xmin>
			<ymin>1074</ymin>
			<xmax>1452</xmax>
			<ymax>1607</ymax>
		</bndbox>
	</object>
</annotation>