<annotation>
	<folder>top육류부피배달종이박스치킨윙q1</folder>
	<filename>top_육류부피_배달종이박스_치킨윙_Q1_00017.JPG</filename>
	<path>/top육류부피배달종이박스치킨윙q1/top_육류부피_배달종이박스_치킨윙_Q1_00017.JPG</path>
	<source>
		<database>fooddata</database>
	</source>
	<size>
		<width>3008</width>
		<height>2000</height>
		<depth>3</depth>
	</size>
	<object>
		<name>ref_spoon</name>
		<bndbox>
			<xmin>1904</xmin>
			<ymin>160</ymin>
			<xmax>2170</xmax>
			<ymax>568</ymax>
		</bndbox>
	</object>
	<object>
		<name>ref_fork</name>
		<bndbox>
			<xmin>2273</xmin>
			<ymin>182</ymin>
			<xmax>2467</xmax>
			<ymax>627</ymax>
		</bndbox>
	</object>
	<object>
		<name>ref_coin</name>
		<bndbox>
			<xmin>2160</xmin>
			<ymin>1612</ymin>
			<xmax>2361</xmax>
			<ymax>1826</ymax>
		</bndbox>
	</object>
	<object>
		<name>dish</name>
		<bndbox>
			<xmin>384</xmin>
			<ymin>140</ymin>
			<xmax>1873</xmax>
			<ymax>1582</ymax>
		</bndbox>
	</object>
	<object>
		<name>치킨윙</name>
		<bndbox>
			<xmin>904</xmin>
			<ymin>614</ymin>
			<xmax>1624</xmax>
			<ymax>1118</ymax>
		</bndbox>
	</object>
</annotation>