<annotation>
	<folder>side국물면류뚝배기일식우동q3</folder>
	<filename>side_국물면류_뚝배기_일식우동_Q3_00006.JPG</filename>
	<path>/side국물면류뚝배기일식우동q3/side_국물면류_뚝배기_일식우동_Q3_00006.JPG</path>
	<source>
		<database>fooddata</database>
	</source>
	<size>
		<width>3008</width>
		<height>2000</height>
		<depth>3</depth>
	</size>
	<object>
		<name>ref_spoon</name>
		<bndbox>
			<xmin>2271</xmin>
			<ymin>557</ymin>
			<xmax>2560</xmax>
			<ymax>950</ymax>
		</bndbox>
	</object>
	<object>
		<name>ref_fork</name>
		<bndbox>
			<xmin>2659</xmin>
			<ymin>626</ymin>
			<xmax>2869</xmax>
			<ymax>1080</ymax>
		</bndbox>
	</object>
	<object>
		<name>ref_coin</name>
		<bndbox>
			<xmin>75</xmin>
			<ymin>1060</ymin>
			<xmax>299</xmax>
			<ymax>1219</ymax>
		</bndbox>
	</object>
	<object>
		<name>dish</name>
		<bndbox>
			<xmin>608</xmin>
			<ymin>243</ymin>
			<xmax>2072</xmax>
			<ymax>1458</ymax>
		</bndbox>
	</object>
	<object>
		<name>일식우동</name>
		<bndbox>
			<xmin>747</xmin>
			<ymin>492</ymin>
			<xmax>1942</xmax>
			<ymax>1159</ymax>
		</bndbox>
	</object>
</annotation>