<annotation>
	<folder>side국물면류뚝배기일식우동q3</folder>
	<filename>side_국물면류_뚝배기_일식우동_Q3_00002.JPG</filename>
	<path>/side국물면류뚝배기일식우동q3/side_국물면류_뚝배기_일식우동_Q3_00002.JPG</path>
	<source>
		<database>fooddata</database>
	</source>
	<size>
		<width>3008</width>
		<height>2000</height>
		<depth>3</depth>
	</size>
	<object>
		<name>ref_spoon</name>
		<bndbox>
			<xmin>2017</xmin>
			<ymin>397</ymin>
			<xmax>2301</xmax>
			<ymax>796</ymax>
		</bndbox>
	</object>
	<object>
		<name>ref_fork</name>
		<bndbox>
			<xmin>2400</xmin>
			<ymin>477</ymin>
			<xmax>2605</xmax>
			<ymax>920</ymax>
		</bndbox>
	</object>
	<object>
		<name>ref_coin</name>
		<bndbox>
			<xmin>1409</xmin>
			<ymin>1623</ymin>
			<xmax>1648</xmax>
			<ymax>1817</ymax>
		</bndbox>
	</object>
	<object>
		<name>dish</name>
		<bndbox>
			<xmin>274</xmin>
			<ymin>109</ymin>
			<xmax>1743</xmax>
			<ymax>1339</ymax>
		</bndbox>
	</object>
	<object>
		<name>일식우동</name>
		<bndbox>
			<xmin>448</xmin>
			<ymin>368</ymin>
			<xmax>1604</xmax>
			<ymax>1040</ymax>
		</bndbox>
	</object>
</annotation>