<annotation>
	<folder>side국물면류뚝배기일식우동q3</folder>
	<filename>side_국물면류_뚝배기_일식우동_Q3_00010.JPG</filename>
	<path>/side국물면류뚝배기일식우동q3/side_국물면류_뚝배기_일식우동_Q3_00010.JPG</path>
	<source>
		<database>fooddata</database>
	</source>
	<size>
		<width>3008</width>
		<height>2000</height>
		<depth>3</depth>
	</size>
	<object>
		<name>ref_spoon</name>
		<bndbox>
			<xmin>2171</xmin>
			<ymin>741</ymin>
			<xmax>2465</xmax>
			<ymax>1169</ymax>
		</bndbox>
	</object>
	<object>
		<name>ref_fork</name>
		<bndbox>
			<xmin>2570</xmin>
			<ymin>831</ymin>
			<xmax>2779</xmax>
			<ymax>1314</ymax>
		</bndbox>
	</object>
	<object>
		<name>ref_coin</name>
		<bndbox>
			<xmin>652</xmin>
			<ymin>283</ymin>
			<xmax>852</xmax>
			<ymax>412</ymax>
		</bndbox>
	</object>
	<object>
		<name>dish</name>
		<bndbox>
			<xmin>229</xmin>
			<ymin>522</ymin>
			<xmax>1803</xmax>
			<ymax>1852</ymax>
		</bndbox>
	</object>
	<object>
		<name>일식우동</name>
		<bndbox>
			<xmin>408</xmin>
			<ymin>811</ymin>
			<xmax>1648</xmax>
			<ymax>1568</ymax>
		</bndbox>
	</object>
</annotation>