<annotation>
	<folder>side국물면류뚝배기일식우동q3</folder>
	<filename>side_국물면류_뚝배기_일식우동_Q3_00035.JPG</filename>
	<path>/side국물면류뚝배기일식우동q3/side_국물면류_뚝배기_일식우동_Q3_00035.JPG</path>
	<source>
		<database>fooddata</database>
	</source>
	<size>
		<width>3008</width>
		<height>2000</height>
		<depth>3</depth>
	</size>
	<object>
		<name>ref_spoon</name>
		<bndbox>
			<xmin>543</xmin>
			<ymin>248</ymin>
			<xmax>807</xmax>
			<ymax>612</ymax>
		</bndbox>
	</object>
	<object>
		<name>ref_fork</name>
		<bndbox>
			<xmin>896</xmin>
			<ymin>298</ymin>
			<xmax>1091</xmax>
			<ymax>731</ymax>
		</bndbox>
	</object>
	<object>
		<name>ref_coin</name>
		<bndbox>
			<xmin>1375</xmin>
			<ymin>1383</ymin>
			<xmax>1594</xmax>
			<ymax>1563</ymax>
		</bndbox>
	</object>
	<object>
		<name>dish</name>
		<bndbox>
			<xmin>1265</xmin>
			<ymin>79</ymin>
			<xmax>2630</xmax>
			<ymax>1239</ymax>
		</bndbox>
	</object>
	<object>
		<name>일식우동</name>
		<bndbox>
			<xmin>1365</xmin>
			<ymin>298</ymin>
			<xmax>2510</xmax>
			<ymax>970</ymax>
		</bndbox>
	</object>
</annotation>