<annotation>
	<folder>side국물면류뚝배기일식우동q3</folder>
	<filename>side_국물면류_뚝배기_일식우동_Q3_00026.JPG</filename>
	<path>/side국물면류뚝배기일식우동q3/side_국물면류_뚝배기_일식우동_Q3_00026.JPG</path>
	<source>
		<database>fooddata</database>
	</source>
	<size>
		<width>3008</width>
		<height>2000</height>
		<depth>3</depth>
	</size>
	<object>
		<name>ref_spoon</name>
		<bndbox>
			<xmin>777</xmin>
			<ymin>1642</ymin>
			<xmax>1255</xmax>
			<ymax>1906</ymax>
		</bndbox>
	</object>
	<object>
		<name>ref_fork</name>
		<bndbox>
			<xmin>946</xmin>
			<ymin>1393</ymin>
			<xmax>1479</xmax>
			<ymax>1608</ymax>
		</bndbox>
	</object>
	<object>
		<name>ref_coin</name>
		<bndbox>
			<xmin>1788</xmin>
			<ymin>84</ymin>
			<xmax>1952</xmax>
			<ymax>198</ymax>
		</bndbox>
	</object>
	<object>
		<name>dish</name>
		<bndbox>
			<xmin>931</xmin>
			<ymin>183</ymin>
			<xmax>2211</xmax>
			<ymax>1254</ymax>
		</bndbox>
	</object>
	<object>
		<name>일식우동</name>
		<bndbox>
			<xmin>1046</xmin>
			<ymin>422</ymin>
			<xmax>2122</xmax>
			<ymax>1000</ymax>
		</bndbox>
	</object>
</annotation>