<annotation>
	<folder>side국물면류뚝배기일식우동q3</folder>
	<filename>side_국물면류_뚝배기_일식우동_Q3_00038.JPG</filename>
	<path>/side국물면류뚝배기일식우동q3/side_국물면류_뚝배기_일식우동_Q3_00038.JPG</path>
	<source>
		<database>fooddata</database>
	</source>
	<size>
		<width>3008</width>
		<height>2000</height>
		<depth>3</depth>
	</size>
	<object>
		<name>ref_spoon</name>
		<bndbox>
			<xmin>548</xmin>
			<ymin>397</ymin>
			<xmax>827</xmax>
			<ymax>801</ymax>
		</bndbox>
	</object>
	<object>
		<name>ref_fork</name>
		<bndbox>
			<xmin>921</xmin>
			<ymin>447</ymin>
			<xmax>1116</xmax>
			<ymax>915</ymax>
		</bndbox>
	</object>
	<object>
		<name>ref_coin</name>
		<bndbox>
			<xmin>2171</xmin>
			<ymin>1727</ymin>
			<xmax>2400</xmax>
			<ymax>1916</ymax>
		</bndbox>
	</object>
	<object>
		<name>dish</name>
		<bndbox>
			<xmin>1300</xmin>
			<ymin>248</ymin>
			<xmax>2724</xmax>
			<ymax>1458</ymax>
		</bndbox>
	</object>
	<object>
		<name>일식우동</name>
		<bndbox>
			<xmin>1394</xmin>
			<ymin>487</ymin>
			<xmax>2580</xmax>
			<ymax>1189</ymax>
		</bndbox>
	</object>
</annotation>