<annotation>
	<folder>side국물면류뚝배기일식우동q3</folder>
	<filename>side_국물면류_뚝배기_일식우동_Q3_00007.JPG</filename>
	<path>/side국물면류뚝배기일식우동q3/side_국물면류_뚝배기_일식우동_Q3_00007.JPG</path>
	<source>
		<database>fooddata</database>
	</source>
	<size>
		<width>3008</width>
		<height>2000</height>
		<depth>3</depth>
	</size>
	<object>
		<name>ref_spoon</name>
		<bndbox>
			<xmin>2281</xmin>
			<ymin>552</ymin>
			<xmax>2565</xmax>
			<ymax>960</ymax>
		</bndbox>
	</object>
	<object>
		<name>ref_fork</name>
		<bndbox>
			<xmin>2669</xmin>
			<ymin>622</ymin>
			<xmax>2879</xmax>
			<ymax>1090</ymax>
		</bndbox>
	</object>
	<object>
		<name>ref_coin</name>
		<bndbox>
			<xmin>55</xmin>
			<ymin>831</ymin>
			<xmax>274</xmax>
			<ymax>995</ymax>
		</bndbox>
	</object>
	<object>
		<name>dish</name>
		<bndbox>
			<xmin>563</xmin>
			<ymin>248</ymin>
			<xmax>2032</xmax>
			<ymax>1468</ymax>
		</bndbox>
	</object>
	<object>
		<name>일식우동</name>
		<bndbox>
			<xmin>687</xmin>
			<ymin>532</ymin>
			<xmax>1927</xmax>
			<ymax>1184</ymax>
		</bndbox>
	</object>
</annotation>