<annotation>
	<folder>side국물면류뚝배기일식우동q3</folder>
	<filename>side_국물면류_뚝배기_일식우동_Q3_00017.JPG</filename>
	<path>/side국물면류뚝배기일식우동q3/side_국물면류_뚝배기_일식우동_Q3_00017.JPG</path>
	<source>
		<database>fooddata</database>
	</source>
	<size>
		<width>3008</width>
		<height>2000</height>
		<depth>3</depth>
	</size>
	<object>
		<name>ref_spoon</name>
		<bndbox>
			<xmin>2276</xmin>
			<ymin>831</ymin>
			<xmax>2560</xmax>
			<ymax>1219</ymax>
		</bndbox>
	</object>
	<object>
		<name>ref_fork</name>
		<bndbox>
			<xmin>2649</xmin>
			<ymin>915</ymin>
			<xmax>2854</xmax>
			<ymax>1339</ymax>
		</bndbox>
	</object>
	<object>
		<name>ref_coin</name>
		<bndbox>
			<xmin>65</xmin>
			<ymin>1224</ymin>
			<xmax>289</xmax>
			<ymax>1383</ymax>
		</bndbox>
	</object>
	<object>
		<name>dish</name>
		<bndbox>
			<xmin>603</xmin>
			<ymin>552</ymin>
			<xmax>2032</xmax>
			<ymax>1767</ymax>
		</bndbox>
	</object>
	<object>
		<name>일식우동</name>
		<bndbox>
			<xmin>737</xmin>
			<ymin>786</ymin>
			<xmax>1882</xmax>
			<ymax>1468</ymax>
		</bndbox>
	</object>
</annotation>