<annotation>
	<folder>side국물면류뚝배기일식우동q3</folder>
	<filename>side_국물면류_뚝배기_일식우동_Q3_00052.JPG</filename>
	<path>/side국물면류뚝배기일식우동q3/side_국물면류_뚝배기_일식우동_Q3_00052.JPG</path>
	<source>
		<database>fooddata</database>
	</source>
	<size>
		<width>3008</width>
		<height>2000</height>
		<depth>3</depth>
	</size>
	<object>
		<name>ref_spoon</name>
		<bndbox>
			<xmin>234</xmin>
			<ymin>467</ymin>
			<xmax>518</xmax>
			<ymax>841</ymax>
		</bndbox>
	</object>
	<object>
		<name>ref_fork</name>
		<bndbox>
			<xmin>593</xmin>
			<ymin>547</ymin>
			<xmax>807</xmax>
			<ymax>975</ymax>
		</bndbox>
	</object>
	<object>
		<name>ref_coin</name>
		<bndbox>
			<xmin>2649</xmin>
			<ymin>1344</ymin>
			<xmax>2864</xmax>
			<ymax>1518</ymax>
		</bndbox>
	</object>
	<object>
		<name>dish</name>
		<bndbox>
			<xmin>966</xmin>
			<ymin>363</ymin>
			<xmax>2405</xmax>
			<ymax>1583</ymax>
		</bndbox>
	</object>
	<object>
		<name>일식우동</name>
		<bndbox>
			<xmin>1106</xmin>
			<ymin>656</ymin>
			<xmax>2266</xmax>
			<ymax>1314</ymax>
		</bndbox>
	</object>
</annotation>