<annotation>
	<folder>top국물면류뚝배기일식우동q3</folder>
	<filename>top_국물면류_뚝배기_일식우동_Q3_00041.JPG</filename>
	<path>/top국물면류뚝배기일식우동q3/top_국물면류_뚝배기_일식우동_Q3_00041.JPG</path>
	<source>
		<database>fooddata</database>
	</source>
	<size>
		<width>3008</width>
		<height>2000</height>
		<depth>3</depth>
	</size>
	<object>
		<name>ref_spoon</name>
		<bndbox>
			<xmin>392</xmin>
			<ymin>322</ymin>
			<xmax>675</xmax>
			<ymax>710</ymax>
		</bndbox>
	</object>
	<object>
		<name>ref_fork</name>
		<bndbox>
			<xmin>799</xmin>
			<ymin>291</ymin>
			<xmax>995</xmax>
			<ymax>732</ymax>
		</bndbox>
	</object>
	<object>
		<name>ref_coin</name>
		<bndbox>
			<xmin>2005</xmin>
			<ymin>1565</ymin>
			<xmax>2194</xmax>
			<ymax>1761</ymax>
		</bndbox>
	</object>
	<object>
		<name>dish</name>
		<bndbox>
			<xmin>1323</xmin>
			<ymin>54</ymin>
			<xmax>2673</xmax>
			<ymax>1411</ymax>
		</bndbox>
	</object>
	<object>
		<name>일식우동</name>
		<bndbox>
			<xmin>1406</xmin>
			<ymin>205</ymin>
			<xmax>2522</xmax>
			<ymax>1305</ymax>
		</bndbox>
	</object>
</annotation>