<annotation>
	<folder>top국물면류뚝배기일식우동q3</folder>
	<filename>top_국물면류_뚝배기_일식우동_Q3_00001.JPG</filename>
	<path>/top국물면류뚝배기일식우동q3/top_국물면류_뚝배기_일식우동_Q3_00001.JPG</path>
	<source>
		<database>fooddata</database>
	</source>
	<size>
		<width>3008</width>
		<height>2000</height>
		<depth>3</depth>
	</size>
	<object>
		<name>ref_spoon</name>
		<bndbox>
			<xmin>1824</xmin>
			<ymin>99</ymin>
			<xmax>2077</xmax>
			<ymax>476</ymax>
		</bndbox>
	</object>
	<object>
		<name>ref_fork</name>
		<bndbox>
			<xmin>2213</xmin>
			<ymin>92</ymin>
			<xmax>2386</xmax>
			<ymax>514</ymax>
		</bndbox>
	</object>
	<object>
		<name>ref_coin</name>
		<bndbox>
			<xmin>1365</xmin>
			<ymin>1656</ymin>
			<xmax>1564</xmax>
			<ymax>1859</ymax>
		</bndbox>
	</object>
	<object>
		<name>dish</name>
		<bndbox>
			<xmin>426</xmin>
			<ymin>144</ymin>
			<xmax>1855</xmax>
			<ymax>1531</ymax>
		</bndbox>
	</object>
	<object>
		<name>일식우동</name>
		<bndbox>
			<xmin>569</xmin>
			<ymin>299</ymin>
			<xmax>1723</xmax>
			<ymax>1437</ymax>
		</bndbox>
	</object>
</annotation>