<annotation>
	<folder>top국물면류뚝배기일식우동q3</folder>
	<filename>top_국물면류_뚝배기_일식우동_Q3_00035.JPG</filename>
	<path>/top국물면류뚝배기일식우동q3/top_국물면류_뚝배기_일식우동_Q3_00035.JPG</path>
	<source>
		<database>fooddata</database>
	</source>
	<size>
		<width>3008</width>
		<height>2000</height>
		<depth>3</depth>
	</size>
	<object>
		<name>ref_spoon</name>
		<bndbox>
			<xmin>795</xmin>
			<ymin>1547</ymin>
			<xmax>1146</xmax>
			<ymax>1792</ymax>
		</bndbox>
	</object>
	<object>
		<name>ref_fork</name>
		<bndbox>
			<xmin>837</xmin>
			<ymin>1343</ymin>
			<xmax>1199</xmax>
			<ymax>1505</ymax>
		</bndbox>
	</object>
	<object>
		<name>ref_coin</name>
		<bndbox>
			<xmin>927</xmin>
			<ymin>1087</ymin>
			<xmax>1086</xmax>
			<ymax>1249</ymax>
		</bndbox>
	</object>
	<object>
		<name>dish</name>
		<bndbox>
			<xmin>1025</xmin>
			<ymin>24</ymin>
			<xmax>2175</xmax>
			<ymax>1166</ymax>
		</bndbox>
	</object>
	<object>
		<name>일식우동</name>
		<bndbox>
			<xmin>1116</xmin>
			<ymin>156</ymin>
			<xmax>2066</xmax>
			<ymax>1106</ymax>
		</bndbox>
	</object>
</annotation>