<annotation>
	<folder>top국물면류뚝배기일식우동q3</folder>
	<filename>top_국물면류_뚝배기_일식우동_Q3_00057.JPG</filename>
	<path>/top국물면류뚝배기일식우동q3/top_국물면류_뚝배기_일식우동_Q3_00057.JPG</path>
	<source>
		<database>fooddata</database>
	</source>
	<size>
		<width>3008</width>
		<height>2000</height>
		<depth>3</depth>
	</size>
	<object>
		<name>ref_spoon</name>
		<bndbox>
			<xmin>283</xmin>
			<ymin>567</ymin>
			<xmax>588</xmax>
			<ymax>974</ymax>
		</bndbox>
	</object>
	<object>
		<name>ref_fork</name>
		<bndbox>
			<xmin>724</xmin>
			<ymin>533</ymin>
			<xmax>939</xmax>
			<ymax>977</ymax>
		</bndbox>
	</object>
	<object>
		<name>ref_coin</name>
		<bndbox>
			<xmin>991</xmin>
			<ymin>190</ymin>
			<xmax>1180</xmax>
			<ymax>401</ymax>
		</bndbox>
	</object>
	<object>
		<name>dish</name>
		<bndbox>
			<xmin>1293</xmin>
			<ymin>269</ymin>
			<xmax>2804</xmax>
			<ymax>1773</ymax>
		</bndbox>
	</object>
	<object>
		<name>일식우동</name>
		<bndbox>
			<xmin>1395</xmin>
			<ymin>423</ymin>
			<xmax>2635</xmax>
			<ymax>1652</ymax>
		</bndbox>
	</object>
</annotation>