<annotation>
	<folder>top국물면류뚝배기일식우동q3</folder>
	<filename>top_국물면류_뚝배기_일식우동_Q3_00053.JPG</filename>
	<path>/top국물면류뚝배기일식우동q3/top_국물면류_뚝배기_일식우동_Q3_00053.JPG</path>
	<source>
		<database>fooddata</database>
	</source>
	<size>
		<width>3008</width>
		<height>2000</height>
		<depth>3</depth>
	</size>
	<object>
		<name>ref_spoon</name>
		<bndbox>
			<xmin>407</xmin>
			<ymin>600</ymin>
			<xmax>667</xmax>
			<ymax>992</ymax>
		</bndbox>
	</object>
	<object>
		<name>ref_fork</name>
		<bndbox>
			<xmin>788</xmin>
			<ymin>600</ymin>
			<xmax>976</xmax>
			<ymax>1011</ymax>
		</bndbox>
	</object>
	<object>
		<name>ref_coin</name>
		<bndbox>
			<xmin>2133</xmin>
			<ymin>159</ymin>
			<xmax>2307</xmax>
			<ymax>322</ymax>
		</bndbox>
	</object>
	<object>
		<name>dish</name>
		<bndbox>
			<xmin>1274</xmin>
			<ymin>431</ymin>
			<xmax>2593</xmax>
			<ymax>1761</ymax>
		</bndbox>
	</object>
	<object>
		<name>일식우동</name>
		<bndbox>
			<xmin>1349</xmin>
			<ymin>570</ymin>
			<xmax>2458</xmax>
			<ymax>1656</ymax>
		</bndbox>
	</object>
</annotation>