<annotation>
	<folder>top국물면류뚝배기일식우동q3</folder>
	<filename>top_국물면류_뚝배기_일식우동_Q3_00044.JPG</filename>
	<path>/top국물면류뚝배기일식우동q3/top_국물면류_뚝배기_일식우동_Q3_00044.JPG</path>
	<source>
		<database>fooddata</database>
	</source>
	<size>
		<width>3008</width>
		<height>2000</height>
		<depth>3</depth>
	</size>
	<object>
		<name>ref_spoon</name>
		<bndbox>
			<xmin>358</xmin>
			<ymin>401</ymin>
			<xmax>633</xmax>
			<ymax>815</ymax>
		</bndbox>
	</object>
	<object>
		<name>ref_fork</name>
		<bndbox>
			<xmin>761</xmin>
			<ymin>371</ymin>
			<xmax>965</xmax>
			<ymax>838</ymax>
		</bndbox>
	</object>
	<object>
		<name>ref_coin</name>
		<bndbox>
			<xmin>2397</xmin>
			<ymin>1501</ymin>
			<xmax>2593</xmax>
			<ymax>1697</ymax>
		</bndbox>
	</object>
	<object>
		<name>dish</name>
		<bndbox>
			<xmin>1270</xmin>
			<ymin>129</ymin>
			<xmax>2639</xmax>
			<ymax>1490</ymax>
		</bndbox>
	</object>
	<object>
		<name>일식우동</name>
		<bndbox>
			<xmin>1349</xmin>
			<ymin>276</ymin>
			<xmax>2503</xmax>
			<ymax>1411</ymax>
		</bndbox>
	</object>
</annotation>