<annotation>
	<folder>top국물면류뚝배기일식우동q3</folder>
	<filename>top_국물면류_뚝배기_일식우동_Q3_00039.JPG</filename>
	<path>/top국물면류뚝배기일식우동q3/top_국물면류_뚝배기_일식우동_Q3_00039.JPG</path>
	<source>
		<database>fooddata</database>
	</source>
	<size>
		<width>3008</width>
		<height>2000</height>
		<depth>3</depth>
	</size>
	<object>
		<name>ref_spoon</name>
		<bndbox>
			<xmin>373</xmin>
			<ymin>318</ymin>
			<xmax>641</xmax>
			<ymax>702</ymax>
		</bndbox>
	</object>
	<object>
		<name>ref_fork</name>
		<bndbox>
			<xmin>773</xmin>
			<ymin>310</ymin>
			<xmax>957</xmax>
			<ymax>729</ymax>
		</bndbox>
	</object>
	<object>
		<name>ref_coin</name>
		<bndbox>
			<xmin>1357</xmin>
			<ymin>1528</ymin>
			<xmax>1545</xmax>
			<ymax>1720</ymax>
		</bndbox>
	</object>
	<object>
		<name>dish</name>
		<bndbox>
			<xmin>1236</xmin>
			<ymin>88</ymin>
			<xmax>2544</xmax>
			<ymax>1377</ymax>
		</bndbox>
	</object>
	<object>
		<name>일식우동</name>
		<bndbox>
			<xmin>1327</xmin>
			<ymin>261</ymin>
			<xmax>2401</xmax>
			<ymax>1290</ymax>
		</bndbox>
	</object>
</annotation>