<annotation>
	<folder>top국물면류뚝배기일식우동q3</folder>
	<filename>top_국물면류_뚝배기_일식우동_Q3_00032.JPG</filename>
	<path>/top국물면류뚝배기일식우동q3/top_국물면류_뚝배기_일식우동_Q3_00032.JPG</path>
	<source>
		<database>fooddata</database>
	</source>
	<size>
		<width>3008</width>
		<height>2000</height>
		<depth>3</depth>
	</size>
	<object>
		<name>ref_spoon</name>
		<bndbox>
			<xmin>893</xmin>
			<ymin>1682</ymin>
			<xmax>1248</xmax>
			<ymax>1920</ymax>
		</bndbox>
	</object>
	<object>
		<name>ref_fork</name>
		<bndbox>
			<xmin>905</xmin>
			<ymin>1464</ymin>
			<xmax>1289</xmax>
			<ymax>1622</ymax>
		</bndbox>
	</object>
	<object>
		<name>ref_coin</name>
		<bndbox>
			<xmin>629</xmin>
			<ymin>729</ymin>
			<xmax>799</xmax>
			<ymax>894</ymax>
		</bndbox>
	</object>
	<object>
		<name>dish</name>
		<bndbox>
			<xmin>1059</xmin>
			<ymin>118</ymin>
			<xmax>2209</xmax>
			<ymax>1249</ymax>
		</bndbox>
	</object>
	<object>
		<name>일식우동</name>
		<bndbox>
			<xmin>1157</xmin>
			<ymin>220</ymin>
			<xmax>2103</xmax>
			<ymax>1181</ymax>
		</bndbox>
	</object>
</annotation>