<annotation>
	<folder>top국물면류뚝배기일식우동q3</folder>
	<filename>top_국물면류_뚝배기_일식우동_Q3_00026.JPG</filename>
	<path>/top국물면류뚝배기일식우동q3/top_국물면류_뚝배기_일식우동_Q3_00026.JPG</path>
	<source>
		<database>fooddata</database>
	</source>
	<size>
		<width>3008</width>
		<height>2000</height>
		<depth>3</depth>
	</size>
	<object>
		<name>ref_spoon</name>
		<bndbox>
			<xmin>829</xmin>
			<ymin>1690</ymin>
			<xmax>1191</xmax>
			<ymax>1924</ymax>
		</bndbox>
	</object>
	<object>
		<name>ref_fork</name>
		<bndbox>
			<xmin>848</xmin>
			<ymin>1467</ymin>
			<xmax>1221</xmax>
			<ymax>1629</ymax>
		</bndbox>
	</object>
	<object>
		<name>ref_coin</name>
		<bndbox>
			<xmin>1994</xmin>
			<ymin>182</ymin>
			<xmax>2156</xmax>
			<ymax>340</ymax>
		</bndbox>
	</object>
	<object>
		<name>dish</name>
		<bndbox>
			<xmin>950</xmin>
			<ymin>137</ymin>
			<xmax>2081</xmax>
			<ymax>1264</ymax>
		</bndbox>
	</object>
	<object>
		<name>일식우동</name>
		<bndbox>
			<xmin>1040</xmin>
			<ymin>273</ymin>
			<xmax>1990</xmax>
			<ymax>1211</ymax>
		</bndbox>
	</object>
</annotation>