<annotation>
	<folder>top국물면류뚝배기일식우동q3</folder>
	<filename>top_국물면류_뚝배기_일식우동_Q3_00048.JPG</filename>
	<path>/top국물면류뚝배기일식우동q3/top_국물면류_뚝배기_일식우동_Q3_00048.JPG</path>
	<source>
		<database>fooddata</database>
	</source>
	<size>
		<width>3008</width>
		<height>2000</height>
		<depth>3</depth>
	</size>
	<object>
		<name>ref_spoon</name>
		<bndbox>
			<xmin>196</xmin>
			<ymin>393</ymin>
			<xmax>501</xmax>
			<ymax>838</ymax>
		</bndbox>
	</object>
	<object>
		<name>ref_fork</name>
		<bndbox>
			<xmin>633</xmin>
			<ymin>363</ymin>
			<xmax>844</xmax>
			<ymax>838</ymax>
		</bndbox>
	</object>
	<object>
		<name>ref_coin</name>
		<bndbox>
			<xmin>2729</xmin>
			<ymin>959</ymin>
			<xmax>2921</xmax>
			<ymax>1170</ymax>
		</bndbox>
	</object>
	<object>
		<name>dish</name>
		<bndbox>
			<xmin>1191</xmin>
			<ymin>122</ymin>
			<xmax>2650</xmax>
			<ymax>1577</ymax>
		</bndbox>
	</object>
	<object>
		<name>일식우동</name>
		<bndbox>
			<xmin>1282</xmin>
			<ymin>280</ymin>
			<xmax>2473</xmax>
			<ymax>1494</ymax>
		</bndbox>
	</object>
</annotation>