<annotation>
	<folder>top국물면류뚝배기일식우동q3</folder>
	<filename>top_국물면류_뚝배기_일식우동_Q3_00005.JPG</filename>
	<path>/top국물면류뚝배기일식우동q3/top_국물면류_뚝배기_일식우동_Q3_00005.JPG</path>
	<source>
		<database>fooddata</database>
	</source>
	<size>
		<width>3008</width>
		<height>2000</height>
		<depth>3</depth>
	</size>
	<object>
		<name>ref_spoon</name>
		<bndbox>
			<xmin>2111</xmin>
			<ymin>208</ymin>
			<xmax>2382</xmax>
			<ymax>597</ymax>
		</bndbox>
	</object>
	<object>
		<name>ref_fork</name>
		<bndbox>
			<xmin>2503</xmin>
			<ymin>205</ymin>
			<xmax>2691</xmax>
			<ymax>646</ymax>
		</bndbox>
	</object>
	<object>
		<name>ref_coin</name>
		<bndbox>
			<xmin>139</xmin>
			<ymin>1286</ymin>
			<xmax>343</xmax>
			<ymax>1505</ymax>
		</bndbox>
	</object>
	<object>
		<name>dish</name>
		<bndbox>
			<xmin>629</xmin>
			<ymin>216</ymin>
			<xmax>2088</xmax>
			<ymax>1671</ymax>
		</bndbox>
	</object>
	<object>
		<name>일식우동</name>
		<bndbox>
			<xmin>754</xmin>
			<ymin>389</ymin>
			<xmax>1975</xmax>
			<ymax>1569</ymax>
		</bndbox>
	</object>
</annotation>