<annotation>
	<folder>side볶음밥류낮고큰파스타볼김치볶음밥q5</folder>
	<filename>side_볶음밥류_낮고큰파스타볼_김치볶음밥_Q5_00032.JPG</filename>
	<path>/side볶음밥류낮고큰파스타볼김치볶음밥q5/side_볶음밥류_낮고큰파스타볼_김치볶음밥_Q5_00032.JPG</path>
	<source>
		<database>fooddata</database>
	</source>
	<size>
		<width>5472</width>
		<height>3648</height>
		<depth>3</depth>
	</size>
	<object>
		<name>ref_spoon</name>
		<bndbox>
			<xmin>1065</xmin>
			<ymin>2575</ymin>
			<xmax>1913</xmax>
			<ymax>3010</ymax>
		</bndbox>
	</object>
	<object>
		<name>ref_fork</name>
		<bndbox>
			<xmin>1122</xmin>
			<ymin>2155</ymin>
			<xmax>2090</xmax>
			<ymax>2526</ymax>
		</bndbox>
	</object>
	<object>
		<name>ref_coin</name>
		<bndbox>
			<xmin>3624</xmin>
			<ymin>1864</ymin>
			<xmax>3979</xmax>
			<ymax>2139</ymax>
		</bndbox>
	</object>
	<object>
		<name>dish</name>
		<bndbox>
			<xmin>1283</xmin>
			<ymin>129</ymin>
			<xmax>3914</xmax>
			<ymax>1880</ymax>
		</bndbox>
	</object>
	<object>
		<name>김치볶음밥</name>
		<bndbox>
			<xmin>1719</xmin>
			<ymin>541</ymin>
			<xmax>3414</xmax>
			<ymax>1824</ymax>
		</bndbox>
	</object>
</annotation>