<annotation>
	<folder>side볶음밥류낮고큰파스타볼김치볶음밥q5</folder>
	<filename>side_볶음밥류_낮고큰파스타볼_김치볶음밥_Q5_00045.JPG</filename>
	<path>/side볶음밥류낮고큰파스타볼김치볶음밥q5/side_볶음밥류_낮고큰파스타볼_김치볶음밥_Q5_00045.JPG</path>
	<source>
		<database>fooddata</database>
	</source>
	<size>
		<width>5472</width>
		<height>3648</height>
		<depth>3</depth>
	</size>
	<object>
		<name>ref_spoon</name>
		<bndbox>
			<xmin>307</xmin>
			<ymin>928</ymin>
			<xmax>799</xmax>
			<ymax>1655</ymax>
		</bndbox>
	</object>
	<object>
		<name>ref_fork</name>
		<bndbox>
			<xmin>1025</xmin>
			<ymin>1009</ymin>
			<xmax>1372</xmax>
			<ymax>1800</ymax>
		</bndbox>
	</object>
	<object>
		<name>ref_coin</name>
		<bndbox>
			<xmin>4754</xmin>
			<ymin>2058</ymin>
			<xmax>5125</xmax>
			<ymax>2332</ymax>
		</bndbox>
	</object>
	<object>
		<name>dish</name>
		<bndbox>
			<xmin>1800</xmin>
			<ymin>420</ymin>
			<xmax>4633</xmax>
			<ymax>2316</ymax>
		</bndbox>
	</object>
	<object>
		<name>김치볶음밥</name>
		<bndbox>
			<xmin>2203</xmin>
			<ymin>896</ymin>
			<xmax>4003</xmax>
			<ymax>2252</ymax>
		</bndbox>
	</object>
</annotation>