<annotation>
	<folder>side볶음밥류낮고큰파스타볼김치볶음밥q5</folder>
	<filename>side_볶음밥류_낮고큰파스타볼_김치볶음밥_Q5_00031.JPG</filename>
	<path>/side볶음밥류낮고큰파스타볼김치볶음밥q5/side_볶음밥류_낮고큰파스타볼_김치볶음밥_Q5_00031.JPG</path>
	<source>
		<database>fooddata</database>
	</source>
	<size>
		<width>5472</width>
		<height>3648</height>
		<depth>3</depth>
	</size>
	<object>
		<name>ref_spoon</name>
		<bndbox>
			<xmin>1098</xmin>
			<ymin>2680</ymin>
			<xmax>1937</xmax>
			<ymax>3123</ymax>
		</bndbox>
	</object>
	<object>
		<name>ref_fork</name>
		<bndbox>
			<xmin>1154</xmin>
			<ymin>2284</ymin>
			<xmax>2074</xmax>
			<ymax>2647</ymax>
		</bndbox>
	</object>
	<object>
		<name>ref_coin</name>
		<bndbox>
			<xmin>1033</xmin>
			<ymin>1961</ymin>
			<xmax>1396</xmax>
			<ymax>2219</ymax>
		</bndbox>
	</object>
	<object>
		<name>dish</name>
		<bndbox>
			<xmin>1380</xmin>
			<ymin>266</ymin>
			<xmax>3995</xmax>
			<ymax>2010</ymax>
		</bndbox>
	</object>
	<object>
		<name>김치볶음밥</name>
		<bndbox>
			<xmin>1816</xmin>
			<ymin>662</ymin>
			<xmax>3479</xmax>
			<ymax>1953</ymax>
		</bndbox>
	</object>
</annotation>