<annotation>
	<folder>side볶음밥류낮고큰파스타볼김치볶음밥q5</folder>
	<filename>side_볶음밥류_낮고큰파스타볼_김치볶음밥_Q5_00028.JPG</filename>
	<path>/side볶음밥류낮고큰파스타볼김치볶음밥q5/side_볶음밥류_낮고큰파스타볼_김치볶음밥_Q5_00028.JPG</path>
	<source>
		<database>fooddata</database>
	</source>
	<size>
		<width>5472</width>
		<height>3648</height>
		<depth>3</depth>
	</size>
	<object>
		<name>ref_spoon</name>
		<bndbox>
			<xmin>1065</xmin>
			<ymin>2744</ymin>
			<xmax>1945</xmax>
			<ymax>3180</ymax>
		</bndbox>
	</object>
	<object>
		<name>ref_fork</name>
		<bndbox>
			<xmin>1130</xmin>
			<ymin>2341</ymin>
			<xmax>2115</xmax>
			<ymax>2704</ymax>
		</bndbox>
	</object>
	<object>
		<name>ref_coin</name>
		<bndbox>
			<xmin>476</xmin>
			<ymin>1227</ymin>
			<xmax>831</xmax>
			<ymax>1469</ymax>
		</bndbox>
	</object>
	<object>
		<name>dish</name>
		<bndbox>
			<xmin>1429</xmin>
			<ymin>347</ymin>
			<xmax>4035</xmax>
			<ymax>2090</ymax>
		</bndbox>
	</object>
	<object>
		<name>김치볶음밥</name>
		<bndbox>
			<xmin>1856</xmin>
			<ymin>783</ymin>
			<xmax>3527</xmax>
			<ymax>2018</ymax>
		</bndbox>
	</object>
</annotation>