<annotation>
	<folder>side볶음밥류낮고큰파스타볼김치볶음밥q5</folder>
	<filename>side_볶음밥류_낮고큰파스타볼_김치볶음밥_Q5_00034.JPG</filename>
	<path>/side볶음밥류낮고큰파스타볼김치볶음밥q5/side_볶음밥류_낮고큰파스타볼_김치볶음밥_Q5_00034.JPG</path>
	<source>
		<database>fooddata</database>
	</source>
	<size>
		<width>5472</width>
		<height>3648</height>
		<depth>3</depth>
	</size>
	<object>
		<name>ref_spoon</name>
		<bndbox>
			<xmin>1098</xmin>
			<ymin>2583</ymin>
			<xmax>1993</xmax>
			<ymax>3027</ymax>
		</bndbox>
	</object>
	<object>
		<name>ref_fork</name>
		<bndbox>
			<xmin>1146</xmin>
			<ymin>2163</ymin>
			<xmax>2211</xmax>
			<ymax>2542</ymax>
		</bndbox>
	</object>
	<object>
		<name>ref_coin</name>
		<bndbox>
			<xmin>4116</xmin>
			<ymin>1001</ymin>
			<xmax>4431</xmax>
			<ymax>1251</ymax>
		</bndbox>
	</object>
	<object>
		<name>dish</name>
		<bndbox>
			<xmin>1324</xmin>
			<ymin>129</ymin>
			<xmax>3922</xmax>
			<ymax>1872</ymax>
		</bndbox>
	</object>
	<object>
		<name>김치볶음밥</name>
		<bndbox>
			<xmin>1816</xmin>
			<ymin>549</ymin>
			<xmax>3503</xmax>
			<ymax>1840</ymax>
		</bndbox>
	</object>
</annotation>