<annotation>
	<folder>side볶음밥류낮고큰파스타볼김치볶음밥q5</folder>
	<filename>side_볶음밥류_낮고큰파스타볼_김치볶음밥_Q5_00029.JPG</filename>
	<path>/side볶음밥류낮고큰파스타볼김치볶음밥q5/side_볶음밥류_낮고큰파스타볼_김치볶음밥_Q5_00029.JPG</path>
	<source>
		<database>fooddata</database>
	</source>
	<size>
		<width>5472</width>
		<height>3648</height>
		<depth>3</depth>
	</size>
	<object>
		<name>ref_spoon</name>
		<bndbox>
			<xmin>1138</xmin>
			<ymin>2704</ymin>
			<xmax>2106</xmax>
			<ymax>3131</ymax>
		</bndbox>
	</object>
	<object>
		<name>ref_fork</name>
		<bndbox>
			<xmin>1186</xmin>
			<ymin>2292</ymin>
			<xmax>2147</xmax>
			<ymax>2663</ymax>
		</bndbox>
	</object>
	<object>
		<name>ref_coin</name>
		<bndbox>
			<xmin>654</xmin>
			<ymin>1542</ymin>
			<xmax>993</xmax>
			<ymax>1776</ymax>
		</bndbox>
	</object>
	<object>
		<name>dish</name>
		<bndbox>
			<xmin>1437</xmin>
			<ymin>282</ymin>
			<xmax>4043</xmax>
			<ymax>2034</ymax>
		</bndbox>
	</object>
	<object>
		<name>김치볶음밥</name>
		<bndbox>
			<xmin>1905</xmin>
			<ymin>686</ymin>
			<xmax>3543</xmax>
			<ymax>1961</ymax>
		</bndbox>
	</object>
</annotation>