<annotation>
	<folder>side볶음밥류낮고큰파스타볼김치볶음밥q5</folder>
	<filename>side_볶음밥류_낮고큰파스타볼_김치볶음밥_Q5_00003.JPG</filename>
	<path>/side볶음밥류낮고큰파스타볼김치볶음밥q5/side_볶음밥류_낮고큰파스타볼_김치볶음밥_Q5_00003.JPG</path>
	<source>
		<database>fooddata</database>
	</source>
	<size>
		<width>5472</width>
		<height>3648</height>
		<depth>3</depth>
	</size>
	<object>
		<name>ref_spoon</name>
		<bndbox>
			<xmin>3882</xmin>
			<ymin>751</ymin>
			<xmax>4358</xmax>
			<ymax>1566</ymax>
		</bndbox>
	</object>
	<object>
		<name>ref_fork</name>
		<bndbox>
			<xmin>4665</xmin>
			<ymin>767</ymin>
			<xmax>5012</xmax>
			<ymax>1614</ymax>
		</bndbox>
	</object>
	<object>
		<name>ref_coin</name>
		<bndbox>
			<xmin>2744</xmin>
			<ymin>3123</ymin>
			<xmax>3172</xmax>
			<ymax>3479</ymax>
		</bndbox>
	</object>
	<object>
		<name>dish</name>
		<bndbox>
			<xmin>743</xmin>
			<ymin>218</ymin>
			<xmax>3906</xmax>
			<ymax>2357</ymax>
		</bndbox>
	</object>
	<object>
		<name>김치볶음밥</name>
		<bndbox>
			<xmin>1275</xmin>
			<ymin>678</ymin>
			<xmax>3253</xmax>
			<ymax>2268</ymax>
		</bndbox>
	</object>
</annotation>