<annotation>
	<folder>side볶음밥류낮고큰파스타볼김치볶음밥q5</folder>
	<filename>top_볶음밥류_낮고큰파스타볼_김치볶음밥_Q5_00017.JPG</filename>
	<path>/top볶음밥류낮고큰파스타볼김치볶음밥q5/top_볶음밥류_낮고큰파스타볼_김치볶음밥_Q5_00017.JPG</path>
	<source>
		<database>fooddata</database>
	</source>
	<size>
		<width>5472</width>
		<height>3648</height>
		<depth>3</depth>
	</size>
	<object>
		<name>ref_spoon</name>
		<bndbox>
			<xmin>3771</xmin>
			<ymin>215</ymin>
			<xmax>4228</xmax>
			<ymax>973</ymax>
		</bndbox>
	</object>
	<object>
		<name>ref_fork</name>
		<bndbox>
			<xmin>4408</xmin>
			<ymin>300</ymin>
			<xmax>4699</xmax>
			<ymax>1111</ymax>
		</bndbox>
	</object>
	<object>
		<name>ref_coin</name>
		<bndbox>
			<xmin>2942</xmin>
			<ymin>3227</ymin>
			<xmax>3292</xmax>
			<ymax>3581</ymax>
		</bndbox>
	</object>
	<object>
		<name>dish</name>
		<bndbox>
			<xmin>858</xmin>
			<ymin>202</ymin>
			<xmax>3906</xmax>
			<ymax>3195</ymax>
		</bndbox>
	</object>
	<object>
		<name>김치볶음밥</name>
		<bndbox>
			<xmin>1548</xmin>
			<ymin>829</ymin>
			<xmax>3350</xmax>
			<ymax>2613</ymax>
		</bndbox>
	</object>
</annotation>