<annotation>
	<folder>side볶음밥류낮고큰파스타볼김치볶음밥q5</folder>
	<filename>top_볶음밥류_낮고큰파스타볼_김치볶음밥_Q5_00027.JPG</filename>
	<path>/top볶음밥류낮고큰파스타볼김치볶음밥q5/top_볶음밥류_낮고큰파스타볼_김치볶음밥_Q5_00027.JPG</path>
	<source>
		<database>fooddata</database>
	</source>
	<size>
		<width>5472</width>
		<height>3648</height>
		<depth>3</depth>
	</size>
	<object>
		<name>ref_spoon</name>
		<bndbox>
			<xmin>2301</xmin>
			<ymin>3016</ymin>
			<xmax>2884</xmax>
			<ymax>3388</ymax>
		</bndbox>
	</object>
	<object>
		<name>ref_fork</name>
		<bndbox>
			<xmin>2274</xmin>
			<ymin>2675</ymin>
			<xmax>2870</xmax>
			<ymax>2940</ymax>
		</bndbox>
	</object>
	<object>
		<name>ref_coin</name>
		<bndbox>
			<xmin>1867</xmin>
			<ymin>1071</ymin>
			<xmax>2118</xmax>
			<ymax>1300</ymax>
		</bndbox>
	</object>
	<object>
		<name>dish</name>
		<bndbox>
			<xmin>2458</xmin>
			<ymin>587</ymin>
			<xmax>4556</xmax>
			<ymax>2653</ymax>
		</bndbox>
	</object>
	<object>
		<name>김치볶음밥</name>
		<bndbox>
			<xmin>2835</xmin>
			<ymin>1013</ymin>
			<xmax>4094</xmax>
			<ymax>2236</ymax>
		</bndbox>
	</object>
</annotation>