<annotation>
	<folder>side볶음밥류낮고큰파스타볼김치볶음밥q5</folder>
	<filename>top_볶음밥류_낮고큰파스타볼_김치볶음밥_Q5_00049.JPG</filename>
	<path>/top볶음밥류낮고큰파스타볼김치볶음밥q5/top_볶음밥류_낮고큰파스타볼_김치볶음밥_Q5_00049.JPG</path>
	<source>
		<database>fooddata</database>
	</source>
	<size>
		<width>5472</width>
		<height>3648</height>
		<depth>3</depth>
	</size>
	<object>
		<name>ref_spoon</name>
		<bndbox>
			<xmin>468</xmin>
			<ymin>798</ymin>
			<xmax>943</xmax>
			<ymax>1555</ymax>
		</bndbox>
	</object>
	<object>
		<name>ref_fork</name>
		<bndbox>
			<xmin>1293</xmin>
			<ymin>762</ymin>
			<xmax>1602</xmax>
			<ymax>1569</ymax>
		</bndbox>
	</object>
	<object>
		<name>ref_coin</name>
		<bndbox>
			<xmin>4753</xmin>
			<ymin>1102</ymin>
			<xmax>5080</xmax>
			<ymax>1412</ymax>
		</bndbox>
	</object>
	<object>
		<name>dish</name>
		<bndbox>
			<xmin>1790</xmin>
			<ymin>385</ymin>
			<xmax>4632</xmax>
			<ymax>3200</ymax>
		</bndbox>
	</object>
	<object>
		<name>김치볶음밥</name>
		<bndbox>
			<xmin>2337</xmin>
			<ymin>968</ymin>
			<xmax>4054</xmax>
			<ymax>2662</ymax>
		</bndbox>
	</object>
</annotation>