<annotation>
	<folder>side볶음밥류낮고큰파스타볼김치볶음밥q5</folder>
	<filename>top_볶음밥류_낮고큰파스타볼_김치볶음밥_Q5_00060.JPG</filename>
	<path>/top볶음밥류낮고큰파스타볼김치볶음밥q5/top_볶음밥류_낮고큰파스타볼_김치볶음밥_Q5_00060.JPG</path>
	<source>
		<database>fooddata</database>
	</source>
	<size>
		<width>5472</width>
		<height>3648</height>
		<depth>3</depth>
	</size>
	<object>
		<name>ref_spoon</name>
		<bndbox>
			<xmin>912</xmin>
			<ymin>645</ymin>
			<xmax>1374</xmax>
			<ymax>1389</ymax>
		</bndbox>
	</object>
	<object>
		<name>ref_fork</name>
		<bndbox>
			<xmin>1678</xmin>
			<ymin>618</ymin>
			<xmax>1983</xmax>
			<ymax>1394</ymax>
		</bndbox>
	</object>
	<object>
		<name>ref_coin</name>
		<bndbox>
			<xmin>2539</xmin>
			<ymin>3043</ymin>
			<xmax>2866</xmax>
			<ymax>3388</ymax>
		</bndbox>
	</object>
	<object>
		<name>dish</name>
		<bndbox>
			<xmin>2234</xmin>
			<ymin>224</ymin>
			<xmax>4999</xmax>
			<ymax>2976</ymax>
		</bndbox>
	</object>
	<object>
		<name>김치볶음밥</name>
		<bndbox>
			<xmin>2740</xmin>
			<ymin>820</ymin>
			<xmax>4443</xmax>
			<ymax>2532</ymax>
		</bndbox>
	</object>
</annotation>