<annotation>
	<folder>side볶음밥류낮고큰파스타볼김치볶음밥q5</folder>
	<filename>top_볶음밥류_낮고큰파스타볼_김치볶음밥_Q5_00040.JPG</filename>
	<path>/top볶음밥류낮고큰파스타볼김치볶음밥q5/top_볶음밥류_낮고큰파스타볼_김치볶음밥_Q5_00040.JPG</path>
	<source>
		<database>fooddata</database>
	</source>
	<size>
		<width>5472</width>
		<height>3648</height>
		<depth>3</depth>
	</size>
	<object>
		<name>ref_spoon</name>
		<bndbox>
			<xmin>1163</xmin>
			<ymin>977</ymin>
			<xmax>1598</xmax>
			<ymax>1712</ymax>
		</bndbox>
	</object>
	<object>
		<name>ref_fork</name>
		<bndbox>
			<xmin>1893</xmin>
			<ymin>901</ymin>
			<xmax>2207</xmax>
			<ymax>1672</ymax>
		</bndbox>
	</object>
	<object>
		<name>ref_coin</name>
		<bndbox>
			<xmin>4815</xmin>
			<ymin>2671</ymin>
			<xmax>5125</xmax>
			<ymax>2971</ymax>
		</bndbox>
	</object>
	<object>
		<name>dish</name>
		<bndbox>
			<xmin>2449</xmin>
			<ymin>444</ymin>
			<xmax>5084</xmax>
			<ymax>3003</ymax>
		</bndbox>
	</object>
	<object>
		<name>김치볶음밥</name>
		<bndbox>
			<xmin>2875</xmin>
			<ymin>955</ymin>
			<xmax>4564</xmax>
			<ymax>2523</ymax>
		</bndbox>
	</object>
</annotation>