<annotation>
	<folder>side볶음밥류낮고큰파스타볼김치볶음밥q5</folder>
	<filename>top_볶음밥류_낮고큰파스타볼_김치볶음밥_Q5_00045.JPG</filename>
	<path>/top볶음밥류낮고큰파스타볼김치볶음밥q5/top_볶음밥류_낮고큰파스타볼_김치볶음밥_Q5_00045.JPG</path>
	<source>
		<database>fooddata</database>
	</source>
	<size>
		<width>5472</width>
		<height>3648</height>
		<depth>3</depth>
	</size>
	<object>
		<name>ref_spoon</name>
		<bndbox>
			<xmin>267</xmin>
			<ymin>851</ymin>
			<xmax>787</xmax>
			<ymax>1645</ymax>
		</bndbox>
	</object>
	<object>
		<name>ref_fork</name>
		<bndbox>
			<xmin>1145</xmin>
			<ymin>780</ymin>
			<xmax>1490</xmax>
			<ymax>1672</ymax>
		</bndbox>
	</object>
	<object>
		<name>ref_coin</name>
		<bndbox>
			<xmin>4798</xmin>
			<ymin>2519</ymin>
			<xmax>5156</xmax>
			<ymax>2882</ymax>
		</bndbox>
	</object>
	<object>
		<name>dish</name>
		<bndbox>
			<xmin>1701</xmin>
			<ymin>314</ymin>
			<xmax>4717</xmax>
			<ymax>3281</ymax>
		</bndbox>
	</object>
	<object>
		<name>김치볶음밥</name>
		<bndbox>
			<xmin>2288</xmin>
			<ymin>923</ymin>
			<xmax>4112</xmax>
			<ymax>2716</ymax>
		</bndbox>
	</object>
</annotation>