<annotation>
	<folder>side생선조림사각배달꽁치조림q4</folder>
	<filename>side_생선조림_사각배달_꽁치조림_Q4_00045.JPG</filename>
	<path>/side생선조림사각배달꽁치조림q4/side_생선조림_사각배달_꽁치조림_Q4_00045.JPG</path>
	<source>
		<database>fooddata</database>
	</source>
	<size>
		<width>3008</width>
		<height>2000</height>
		<depth>3</depth>
	</size>
	<object>
		<name>ref_spoon</name>
		<bndbox>
			<xmin>343</xmin>
			<ymin>528</ymin>
			<xmax>617</xmax>
			<ymax>863</ymax>
		</bndbox>
	</object>
	<object>
		<name>ref_fork</name>
		<bndbox>
			<xmin>784</xmin>
			<ymin>611</ymin>
			<xmax>970</xmax>
			<ymax>976</ymax>
		</bndbox>
	</object>
	<object>
		<name>ref_coin</name>
		<bndbox>
			<xmin>1485</xmin>
			<ymin>464</ymin>
			<xmax>1671</xmax>
			<ymax>585</ymax>
		</bndbox>
	</object>
	<object>
		<name>dish</name>
		<bndbox>
			<xmin>1024</xmin>
			<ymin>618</ymin>
			<xmax>2563</xmax>
			<ymax>1493</ymax>
		</bndbox>
	</object>
	<object>
		<name>꽁치조림</name>
		<bndbox>
			<xmin>1229</xmin>
			<ymin>909</ymin>
			<xmax>2342</xmax>
			<ymax>1233</ymax>
		</bndbox>
	</object>
</annotation>