<annotation>
	<folder>side생선조림사각배달꽁치조림q4</folder>
	<filename>side_생선조림_사각배달_꽁치조림_Q4_00014.JPG</filename>
	<path>/side생선조림사각배달꽁치조림q4/side_생선조림_사각배달_꽁치조림_Q4_00014.JPG</path>
	<source>
		<database>fooddata</database>
	</source>
	<size>
		<width>3008</width>
		<height>2000</height>
		<depth>3</depth>
	</size>
	<object>
		<name>ref_spoon</name>
		<bndbox>
			<xmin>1928</xmin>
			<ymin>676</ymin>
			<xmax>2201</xmax>
			<ymax>1015</ymax>
		</bndbox>
	</object>
	<object>
		<name>ref_fork</name>
		<bndbox>
			<xmin>2292</xmin>
			<ymin>686</ymin>
			<xmax>2489</xmax>
			<ymax>1059</ymax>
		</bndbox>
	</object>
	<object>
		<name>ref_coin</name>
		<bndbox>
			<xmin>1416</xmin>
			<ymin>1705</ymin>
			<xmax>1648</xmax>
			<ymax>1862</ymax>
		</bndbox>
	</object>
	<object>
		<name>dish</name>
		<bndbox>
			<xmin>78</xmin>
			<ymin>633</ymin>
			<xmax>1626</xmax>
			<ymax>1519</ymax>
		</bndbox>
	</object>
	<object>
		<name>꽁치조림</name>
		<bndbox>
			<xmin>339</xmin>
			<ymin>951</ymin>
			<xmax>1490</xmax>
			<ymax>1225</ymax>
		</bndbox>
	</object>
</annotation>