<annotation>
	<folder>side생선조림사각배달꽁치조림q4</folder>
	<filename>side_생선조림_사각배달_꽁치조림_Q4_00042.JPG</filename>
	<path>/side생선조림사각배달꽁치조림q4/side_생선조림_사각배달_꽁치조림_Q4_00042.JPG</path>
	<source>
		<database>fooddata</database>
	</source>
	<size>
		<width>3008</width>
		<height>2000</height>
		<depth>3</depth>
	</size>
	<object>
		<name>ref_spoon</name>
		<bndbox>
			<xmin>505</xmin>
			<ymin>641</ymin>
			<xmax>769</xmax>
			<ymax>980</ymax>
		</bndbox>
	</object>
	<object>
		<name>ref_fork</name>
		<bndbox>
			<xmin>950</xmin>
			<ymin>679</ymin>
			<xmax>1131</xmax>
			<ymax>1054</ymax>
		</bndbox>
	</object>
	<object>
		<name>ref_coin</name>
		<bndbox>
			<xmin>2675</xmin>
			<ymin>755</ymin>
			<xmax>2876</xmax>
			<ymax>897</ymax>
		</bndbox>
	</object>
	<object>
		<name>dish</name>
		<bndbox>
			<xmin>1221</xmin>
			<ymin>268</ymin>
			<xmax>2265</xmax>
			<ymax>1350</ymax>
		</bndbox>
	</object>
	<object>
		<name>꽁치조림</name>
		<bndbox>
			<xmin>1401</xmin>
			<ymin>539</ymin>
			<xmax>2077</xmax>
			<ymax>1090</ymax>
		</bndbox>
	</object>
</annotation>