<annotation>
	<folder>side생선조림사각배달꽁치조림q4</folder>
	<filename>side_생선조림_사각배달_꽁치조림_Q4_00036.JPG</filename>
	<path>/side생선조림사각배달꽁치조림q4/side_생선조림_사각배달_꽁치조림_Q4_00036.JPG</path>
	<source>
		<database>fooddata</database>
	</source>
	<size>
		<width>3008</width>
		<height>2000</height>
		<depth>3</depth>
	</size>
	<object>
		<name>ref_spoon</name>
		<bndbox>
			<xmin>495</xmin>
			<ymin>585</ymin>
			<xmax>759</xmax>
			<ymax>912</ymax>
		</bndbox>
	</object>
	<object>
		<name>ref_fork</name>
		<bndbox>
			<xmin>931</xmin>
			<ymin>652</ymin>
			<xmax>1112</xmax>
			<ymax>1010</ymax>
		</bndbox>
	</object>
	<object>
		<name>ref_coin</name>
		<bndbox>
			<xmin>1726</xmin>
			<ymin>1594</ymin>
			<xmax>1939</xmax>
			<ymax>1750</ymax>
		</bndbox>
	</object>
	<object>
		<name>dish</name>
		<bndbox>
			<xmin>1190</xmin>
			<ymin>305</ymin>
			<xmax>2244</xmax>
			<ymax>1388</ymax>
		</bndbox>
	</object>
	<object>
		<name>꽁치조림</name>
		<bndbox>
			<xmin>1367</xmin>
			<ymin>594</ymin>
			<xmax>2107</xmax>
			<ymax>1132</ymax>
		</bndbox>
	</object>
</annotation>