<annotation>
	<folder>side생선조림사각배달꽁치조림q4</folder>
	<filename>side_생선조림_사각배달_꽁치조림_Q4_00003.JPG</filename>
	<path>/side생선조림사각배달꽁치조림q4/side_생선조림_사각배달_꽁치조림_Q4_00003.JPG</path>
	<source>
		<database>fooddata</database>
	</source>
	<size>
		<width>3008</width>
		<height>2000</height>
		<depth>3</depth>
	</size>
	<object>
		<name>ref_spoon</name>
		<bndbox>
			<xmin>1881</xmin>
			<ymin>543</ymin>
			<xmax>2156</xmax>
			<ymax>878</ymax>
		</bndbox>
	</object>
	<object>
		<name>ref_fork</name>
		<bndbox>
			<xmin>2239</xmin>
			<ymin>544</ymin>
			<xmax>2438</xmax>
			<ymax>917</ymax>
		</bndbox>
	</object>
	<object>
		<name>ref_coin</name>
		<bndbox>
			<xmin>695</xmin>
			<ymin>1696</ymin>
			<xmax>922</xmax>
			<ymax>1855</ymax>
		</bndbox>
	</object>
	<object>
		<name>dish</name>
		<bndbox>
			<xmin>343</xmin>
			<ymin>339</ymin>
			<xmax>1710</xmax>
			<ymax>1514</ymax>
		</bndbox>
	</object>
	<object>
		<name>꽁치조림</name>
		<bndbox>
			<xmin>597</xmin>
			<ymin>729</ymin>
			<xmax>1516</xmax>
			<ymax>1235</ymax>
		</bndbox>
	</object>
</annotation>