<annotation>
	<folder>side생선조림사각배달꽁치조림q4</folder>
	<filename>side_생선조림_사각배달_꽁치조림_Q4_00043.JPG</filename>
	<path>/side생선조림사각배달꽁치조림q4/side_생선조림_사각배달_꽁치조림_Q4_00043.JPG</path>
	<source>
		<database>fooddata</database>
	</source>
	<size>
		<width>3008</width>
		<height>2000</height>
		<depth>3</depth>
	</size>
	<object>
		<name>ref_spoon</name>
		<bndbox>
			<xmin>448</xmin>
			<ymin>781</ymin>
			<xmax>710</xmax>
			<ymax>1118</ymax>
		</bndbox>
	</object>
	<object>
		<name>ref_fork</name>
		<bndbox>
			<xmin>904</xmin>
			<ymin>804</ymin>
			<xmax>1082</xmax>
			<ymax>1172</ymax>
		</bndbox>
	</object>
	<object>
		<name>ref_coin</name>
		<bndbox>
			<xmin>2538</xmin>
			<ymin>527</ymin>
			<xmax>2724</xmax>
			<ymax>652</ymax>
		</bndbox>
	</object>
	<object>
		<name>dish</name>
		<bndbox>
			<xmin>1117</xmin>
			<ymin>369</ymin>
			<xmax>2175</xmax>
			<ymax>1451</ymax>
		</bndbox>
	</object>
	<object>
		<name>꽁치조림</name>
		<bndbox>
			<xmin>1293</xmin>
			<ymin>647</ymin>
			<xmax>1999</xmax>
			<ymax>1196</ymax>
		</bndbox>
	</object>
</annotation>