<annotation>
	<folder>side생선조림사각배달꽁치조림q4</folder>
	<filename>side_생선조림_사각배달_꽁치조림_Q4_00005.JPG</filename>
	<path>/side생선조림사각배달꽁치조림q4/side_생선조림_사각배달_꽁치조림_Q4_00005.JPG</path>
	<source>
		<database>fooddata</database>
	</source>
	<size>
		<width>3008</width>
		<height>2000</height>
		<depth>3</depth>
	</size>
	<object>
		<name>ref_spoon</name>
		<bndbox>
			<xmin>1946</xmin>
			<ymin>593</ymin>
			<xmax>2219</xmax>
			<ymax>927</ymax>
		</bndbox>
	</object>
	<object>
		<name>ref_fork</name>
		<bndbox>
			<xmin>2306</xmin>
			<ymin>598</ymin>
			<xmax>2502</xmax>
			<ymax>961</ymax>
		</bndbox>
	</object>
	<object>
		<name>ref_coin</name>
		<bndbox>
			<xmin>191</xmin>
			<ymin>1626</ymin>
			<xmax>416</xmax>
			<ymax>1794</ymax>
		</bndbox>
	</object>
	<object>
		<name>dish</name>
		<bndbox>
			<xmin>211</xmin>
			<ymin>459</ymin>
			<xmax>1783</xmax>
			<ymax>1500</ymax>
		</bndbox>
	</object>
	<object>
		<name>꽁치조림</name>
		<bndbox>
			<xmin>490</xmin>
			<ymin>794</ymin>
			<xmax>1494</xmax>
			<ymax>1220</ymax>
		</bndbox>
	</object>
</annotation>