<annotation>
	<folder>side생선조림사각배달꽁치조림q4</folder>
	<filename>side_생선조림_사각배달_꽁치조림_Q4_00022.JPG</filename>
	<path>/side생선조림사각배달꽁치조림q4/side_생선조림_사각배달_꽁치조림_Q4_00022.JPG</path>
	<source>
		<database>fooddata</database>
	</source>
	<size>
		<width>3008</width>
		<height>2000</height>
		<depth>3</depth>
	</size>
	<object>
		<name>ref_spoon</name>
		<bndbox>
			<xmin>665</xmin>
			<ymin>1573</ymin>
			<xmax>1092</xmax>
			<ymax>1801</ymax>
		</bndbox>
	</object>
	<object>
		<name>ref_fork</name>
		<bndbox>
			<xmin>725</xmin>
			<ymin>1323</ymin>
			<xmax>1171</xmax>
			<ymax>1558</ymax>
		</bndbox>
	</object>
	<object>
		<name>ref_coin</name>
		<bndbox>
			<xmin>1778</xmin>
			<ymin>291</ymin>
			<xmax>1956</xmax>
			<ymax>406</ymax>
		</bndbox>
	</object>
	<object>
		<name>dish</name>
		<bndbox>
			<xmin>701</xmin>
			<ymin>427</ymin>
			<xmax>2146</xmax>
			<ymax>1256</ymax>
		</bndbox>
	</object>
	<object>
		<name>꽁치조림</name>
		<bndbox>
			<xmin>867</xmin>
			<ymin>686</ymin>
			<xmax>1892</xmax>
			<ymax>1000</ymax>
		</bndbox>
	</object>
</annotation>