<annotation>
	<folder>side생선조림사각배달꽁치조림q4</folder>
	<filename>side_생선조림_사각배달_꽁치조림_Q4_00011.JPG</filename>
	<path>/side생선조림사각배달꽁치조림q4/side_생선조림_사각배달_꽁치조림_Q4_00011.JPG</path>
	<source>
		<database>fooddata</database>
	</source>
	<size>
		<width>3008</width>
		<height>2000</height>
		<depth>3</depth>
	</size>
	<object>
		<name>ref_spoon</name>
		<bndbox>
			<xmin>1782</xmin>
			<ymin>551</ymin>
			<xmax>2062</xmax>
			<ymax>882</ymax>
		</bndbox>
	</object>
	<object>
		<name>ref_fork</name>
		<bndbox>
			<xmin>2144</xmin>
			<ymin>564</ymin>
			<xmax>2348</xmax>
			<ymax>927</ymax>
		</bndbox>
	</object>
	<object>
		<name>ref_coin</name>
		<bndbox>
			<xmin>799</xmin>
			<ymin>1715</ymin>
			<xmax>1034</xmax>
			<ymax>1885</ymax>
		</bndbox>
	</object>
	<object>
		<name>dish</name>
		<bndbox>
			<xmin>216</xmin>
			<ymin>336</ymin>
			<xmax>1573</xmax>
			<ymax>1530</ymax>
		</bndbox>
	</object>
	<object>
		<name>꽁치조림</name>
		<bndbox>
			<xmin>449</xmin>
			<ymin>588</ymin>
			<xmax>1342</xmax>
			<ymax>1245</ymax>
		</bndbox>
	</object>
</annotation>