<annotation>
	<folder>top생선조림사각배달꽁치조림q4</folder>
	<filename>top_생선조림_사각배달_꽁치조림_Q4_00041.JPG</filename>
	<path>/top생선조림사각배달꽁치조림q4/top_생선조림_사각배달_꽁치조림_Q4_00041.JPG</path>
	<source>
		<database>fooddata</database>
	</source>
	<size>
		<width>3008</width>
		<height>2000</height>
		<depth>3</depth>
	</size>
	<object>
		<name>ref_spoon</name>
		<bndbox>
			<xmin>367</xmin>
			<ymin>302</ymin>
			<xmax>637</xmax>
			<ymax>709</ymax>
		</bndbox>
	</object>
	<object>
		<name>ref_fork</name>
		<bndbox>
			<xmin>720</xmin>
			<ymin>317</ymin>
			<xmax>916</xmax>
			<ymax>748</ymax>
		</bndbox>
	</object>
	<object>
		<name>ref_coin</name>
		<bndbox>
			<xmin>2033</xmin>
			<ymin>1443</ymin>
			<xmax>2229</xmax>
			<ymax>1639</ymax>
		</bndbox>
	</object>
	<object>
		<name>dish</name>
		<bndbox>
			<xmin>960</xmin>
			<ymin>303</ymin>
			<xmax>2378</xmax>
			<ymax>1316</ymax>
		</bndbox>
	</object>
	<object>
		<name>꽁치조림</name>
		<bndbox>
			<xmin>1205</xmin>
			<ymin>503</ymin>
			<xmax>2205</xmax>
			<ymax>1214</ymax>
		</bndbox>
	</object>
</annotation>