<annotation>
	<folder>top생선조림사각배달꽁치조림q4</folder>
	<filename>top_생선조림_사각배달_꽁치조림_Q4_00049.JPG</filename>
	<path>/top생선조림사각배달꽁치조림q4/top_생선조림_사각배달_꽁치조림_Q4_00049.JPG</path>
	<source>
		<database>fooddata</database>
	</source>
	<size>
		<width>3008</width>
		<height>2000</height>
		<depth>3</depth>
	</size>
	<object>
		<name>ref_spoon</name>
		<bndbox>
			<xmin>514</xmin>
			<ymin>547</ymin>
			<xmax>774</xmax>
			<ymax>939</ymax>
		</bndbox>
	</object>
	<object>
		<name>ref_fork</name>
		<bndbox>
			<xmin>853</xmin>
			<ymin>582</ymin>
			<xmax>1029</xmax>
			<ymax>1002</ymax>
		</bndbox>
	</object>
	<object>
		<name>ref_coin</name>
		<bndbox>
			<xmin>196</xmin>
			<ymin>1150</ymin>
			<xmax>382</xmax>
			<ymax>1340</ymax>
		</bndbox>
	</object>
	<object>
		<name>dish</name>
		<bndbox>
			<xmin>1043</xmin>
			<ymin>607</ymin>
			<xmax>2450</xmax>
			<ymax>1642</ymax>
		</bndbox>
	</object>
	<object>
		<name>꽁치조림</name>
		<bndbox>
			<xmin>1352</xmin>
			<ymin>767</ymin>
			<xmax>2317</xmax>
			<ymax>1532</ymax>
		</bndbox>
	</object>
</annotation>