<annotation>
	<folder>top생선조림사각배달꽁치조림q4</folder>
	<filename>top_생선조림_사각배달_꽁치조림_Q4_00007.JPG</filename>
	<path>/top생선조림사각배달꽁치조림q4/top_생선조림_사각배달_꽁치조림_Q4_00007.JPG</path>
	<source>
		<database>fooddata</database>
	</source>
	<size>
		<width>3008</width>
		<height>2000</height>
		<depth>3</depth>
	</size>
	<object>
		<name>ref_spoon</name>
		<bndbox>
			<xmin>2043</xmin>
			<ymin>288</ymin>
			<xmax>2322</xmax>
			<ymax>709</ymax>
		</bndbox>
	</object>
	<object>
		<name>ref_fork</name>
		<bndbox>
			<xmin>2450</xmin>
			<ymin>312</ymin>
			<xmax>2645</xmax>
			<ymax>753</ymax>
		</bndbox>
	</object>
	<object>
		<name>ref_coin</name>
		<bndbox>
			<xmin>241</xmin>
			<ymin>635</ymin>
			<xmax>431</xmax>
			<ymax>836</ymax>
		</bndbox>
	</object>
	<object>
		<name>dish</name>
		<bndbox>
			<xmin>348</xmin>
			<ymin>380</ymin>
			<xmax>1705</xmax>
			<ymax>1899</ymax>
		</bndbox>
	</object>
	<object>
		<name>꽁치조림</name>
		<bndbox>
			<xmin>598</xmin>
			<ymin>660</ymin>
			<xmax>1386</xmax>
			<ymax>1664</ymax>
		</bndbox>
	</object>
</annotation>