<annotation>
	<folder>top생선조림사각배달꽁치조림q4</folder>
	<filename>top_생선조림_사각배달_꽁치조림_Q4_00031.JPG</filename>
	<path>/top생선조림사각배달꽁치조림q4/top_생선조림_사각배달_꽁치조림_Q4_00031.JPG</path>
	<source>
		<database>fooddata</database>
	</source>
	<size>
		<width>3008</width>
		<height>2000</height>
		<depth>3</depth>
	</size>
	<object>
		<name>ref_spoon</name>
		<bndbox>
			<xmin>431</xmin>
			<ymin>1591</ymin>
			<xmax>789</xmax>
			<ymax>1832</ymax>
		</bndbox>
	</object>
	<object>
		<name>ref_fork</name>
		<bndbox>
			<xmin>495</xmin>
			<ymin>1333</ymin>
			<xmax>882</xmax>
			<ymax>1502</ymax>
		</bndbox>
	</object>
	<object>
		<name>ref_coin</name>
		<bndbox>
			<xmin>451</xmin>
			<ymin>111</ymin>
			<xmax>614</xmax>
			<ymax>277</ymax>
		</bndbox>
	</object>
	<object>
		<name>dish</name>
		<bndbox>
			<xmin>578</xmin>
			<ymin>219</ymin>
			<xmax>1871</xmax>
			<ymax>1252</ymax>
		</bndbox>
	</object>
	<object>
		<name>꽁치조림</name>
		<bndbox>
			<xmin>799</xmin>
			<ymin>500</ymin>
			<xmax>1703</xmax>
			<ymax>1122</ymax>
		</bndbox>
	</object>
</annotation>