<annotation>
	<folder>top생선조림사각배달꽁치조림q4</folder>
	<filename>top_생선조림_사각배달_꽁치조림_Q4_00046.JPG</filename>
	<path>/top생선조림사각배달꽁치조림q4/top_생선조림_사각배달_꽁치조림_Q4_00046.JPG</path>
	<source>
		<database>fooddata</database>
	</source>
	<size>
		<width>3008</width>
		<height>2000</height>
		<depth>3</depth>
	</size>
	<object>
		<name>ref_spoon</name>
		<bndbox>
			<xmin>406</xmin>
			<ymin>679</ymin>
			<xmax>671</xmax>
			<ymax>1076</ymax>
		</bndbox>
	</object>
	<object>
		<name>ref_fork</name>
		<bndbox>
			<xmin>750</xmin>
			<ymin>689</ymin>
			<xmax>941</xmax>
			<ymax>1105</ymax>
		</bndbox>
	</object>
	<object>
		<name>ref_coin</name>
		<bndbox>
			<xmin>1466</xmin>
			<ymin>195</ymin>
			<xmax>1647</xmax>
			<ymax>370</ymax>
		</bndbox>
	</object>
	<object>
		<name>dish</name>
		<bndbox>
			<xmin>980</xmin>
			<ymin>659</ymin>
			<xmax>2361</xmax>
			<ymax>1648</ymax>
		</bndbox>
	</object>
	<object>
		<name>꽁치조림</name>
		<bndbox>
			<xmin>1141</xmin>
			<ymin>846</ymin>
			<xmax>2214</xmax>
			<ymax>1540</ymax>
		</bndbox>
	</object>
</annotation>