<annotation>
	<folder>side돌솥밥류돌솥영양돌솥밥q5</folder>
	<filename>side_돌솥밥류_돌솥_영양돌솥밥_Q5_00045.JPG</filename>
	<path>/side돌솥밥류돌솥영양돌솥밥q5/side_돌솥밥류_돌솥_영양돌솥밥_Q5_00045.JPG</path>
	<source>
		<database>fooddata</database>
	</source>
	<size>
		<width>720</width>
		<height>480</height>
		<depth>3</depth>
	</size>
	<object>
		<name>ref_spoon</name>
		<bndbox>
			<xmin>162</xmin>
			<ymin>191</ymin>
			<xmax>219</xmax>
			<ymax>269</ymax>
		</bndbox>
	</object>
	<object>
		<name>ref_fork</name>
		<bndbox>
			<xmin>225</xmin>
			<ymin>212</ymin>
			<xmax>265</xmax>
			<ymax>305</ymax>
		</bndbox>
	</object>
	<object>
		<name>ref_coin</name>
		<bndbox>
			<xmin>548</xmin>
			<ymin>155</ymin>
			<xmax>587</xmax>
			<ymax>181</ymax>
		</bndbox>
	</object>
	<object>
		<name>dish</name>
		<bndbox>
			<xmin>301</xmin>
			<ymin>153</ymin>
			<xmax>592</xmax>
			<ymax>396</ymax>
		</bndbox>
	</object>
	<object>
		<name>영양돌솥밥</name>
		<bndbox>
			<xmin>347</xmin>
			<ymin>196</ymin>
			<xmax>552</xmax>
			<ymax>318</ymax>
		</bndbox>
	</object>
</annotation>