<annotation>
	<folder>side돌솥밥류돌솥영양돌솥밥q5</folder>
	<filename>side_돌솥밥류_돌솥_영양돌솥밥_Q5_00040.JPG</filename>
	<path>/side돌솥밥류돌솥영양돌솥밥q5/side_돌솥밥류_돌솥_영양돌솥밥_Q5_00040.JPG</path>
	<source>
		<database>fooddata</database>
	</source>
	<size>
		<width>720</width>
		<height>480</height>
		<depth>3</depth>
	</size>
	<object>
		<name>ref_spoon</name>
		<bndbox>
			<xmin>184</xmin>
			<ymin>186</ymin>
			<xmax>240</xmax>
			<ymax>266</ymax>
		</bndbox>
	</object>
	<object>
		<name>ref_fork</name>
		<bndbox>
			<xmin>248</xmin>
			<ymin>204</ymin>
			<xmax>289</xmax>
			<ymax>294</ymax>
		</bndbox>
	</object>
	<object>
		<name>ref_coin</name>
		<bndbox>
			<xmin>619</xmin>
			<ymin>336</ymin>
			<xmax>666</xmax>
			<ymax>372</ymax>
		</bndbox>
	</object>
	<object>
		<name>dish</name>
		<bndbox>
			<xmin>323</xmin>
			<ymin>133</ymin>
			<xmax>610</xmax>
			<ymax>371</ymax>
		</bndbox>
	</object>
	<object>
		<name>영양돌솥밥</name>
		<bndbox>
			<xmin>366</xmin>
			<ymin>183</ymin>
			<xmax>564</xmax>
			<ymax>293</ymax>
		</bndbox>
	</object>
</annotation>