<annotation>
	<folder>side돌솥밥류돌솥영양돌솥밥q5</folder>
	<filename>side_돌솥밥류_돌솥_영양돌솥밥_Q5_00019.JPG</filename>
	<path>/side돌솥밥류돌솥영양돌솥밥q5/side_돌솥밥류_돌솥_영양돌솥밥_Q5_00019.JPG</path>
	<source>
		<database>fooddata</database>
	</source>
	<size>
		<width>720</width>
		<height>480</height>
		<depth>3</depth>
	</size>
	<object>
		<name>ref_spoon</name>
		<bndbox>
			<xmin>205</xmin>
			<ymin>367</ymin>
			<xmax>312</xmax>
			<ymax>429</ymax>
		</bndbox>
	</object>
	<object>
		<name>ref_fork</name>
		<bndbox>
			<xmin>224</xmin>
			<ymin>313</ymin>
			<xmax>342</xmax>
			<ymax>363</ymax>
		</bndbox>
	</object>
	<object>
		<name>ref_coin</name>
		<bndbox>
			<xmin>541</xmin>
			<ymin>195</ymin>
			<xmax>585</xmax>
			<ymax>230</ymax>
		</bndbox>
	</object>
	<object>
		<name>dish</name>
		<bndbox>
			<xmin>234</xmin>
			<ymin>42</ymin>
			<xmax>536</xmax>
			<ymax>290</ymax>
		</bndbox>
	</object>
	<object>
		<name>영양돌솥밥</name>
		<bndbox>
			<xmin>286</xmin>
			<ymin>95</ymin>
			<xmax>474</xmax>
			<ymax>206</ymax>
		</bndbox>
	</object>
</annotation>