<annotation>
	<folder>side돌솥밥류돌솥영양돌솥밥q5</folder>
	<filename>side_돌솥밥류_돌솥_영양돌솥밥_Q5_00002.JPG</filename>
	<path>/side돌솥밥류돌솥영양돌솥밥q5/side_돌솥밥류_돌솥_영양돌솥밥_Q5_00002.JPG</path>
	<source>
		<database>fooddata</database>
	</source>
	<size>
		<width>720</width>
		<height>480</height>
		<depth>3</depth>
	</size>
	<object>
		<name>ref_spoon</name>
		<bndbox>
			<xmin>496</xmin>
			<ymin>123</ymin>
			<xmax>559</xmax>
			<ymax>215</ymax>
		</bndbox>
	</object>
	<object>
		<name>ref_fork</name>
		<bndbox>
			<xmin>585</xmin>
			<ymin>142</ymin>
			<xmax>632</xmax>
			<ymax>240</ymax>
		</bndbox>
	</object>
	<object>
		<name>ref_coin</name>
		<bndbox>
			<xmin>421</xmin>
			<ymin>376</ymin>
			<xmax>471</xmax>
			<ymax>417</ymax>
		</bndbox>
	</object>
	<object>
		<name>dish</name>
		<bndbox>
			<xmin>174</xmin>
			<ymin>87</ymin>
			<xmax>506</xmax>
			<ymax>359</ymax>
		</bndbox>
	</object>
	<object>
		<name>영양돌솥밥</name>
		<bndbox>
			<xmin>223</xmin>
			<ymin>141</ymin>
			<xmax>456</xmax>
			<ymax>269</ymax>
		</bndbox>
	</object>
</annotation>