<annotation>
	<folder>side돌솥밥류돌솥영양돌솥밥q5</folder>
	<filename>side_돌솥밥류_돌솥_영양돌솥밥_Q5_00053.JPG</filename>
	<path>/side돌솥밥류돌솥영양돌솥밥q5/side_돌솥밥류_돌솥_영양돌솥밥_Q5_00053.JPG</path>
	<source>
		<database>fooddata</database>
	</source>
	<size>
		<width>720</width>
		<height>480</height>
		<depth>3</depth>
	</size>
	<object>
		<name>ref_spoon</name>
		<bndbox>
			<xmin>171</xmin>
			<ymin>166</ymin>
			<xmax>230</xmax>
			<ymax>245</ymax>
		</bndbox>
	</object>
	<object>
		<name>ref_fork</name>
		<bndbox>
			<xmin>237</xmin>
			<ymin>187</ymin>
			<xmax>278</xmax>
			<ymax>274</ymax>
		</bndbox>
	</object>
	<object>
		<name>ref_coin</name>
		<bndbox>
			<xmin>354</xmin>
			<ymin>91</ymin>
			<xmax>393</xmax>
			<ymax>119</ymax>
		</bndbox>
	</object>
	<object>
		<name>dish</name>
		<bndbox>
			<xmin>313</xmin>
			<ymin>122</ymin>
			<xmax>606</xmax>
			<ymax>364</ymax>
		</bndbox>
	</object>
	<object>
		<name>영양돌솥밥</name>
		<bndbox>
			<xmin>358</xmin>
			<ymin>165</ymin>
			<xmax>559</xmax>
			<ymax>286</ymax>
		</bndbox>
	</object>
</annotation>