<annotation>
	<folder>side돌솥밥류돌솥영양돌솥밥q5</folder>
	<filename>side_돌솥밥류_돌솥_영양돌솥밥_Q5_00022.JPG</filename>
	<path>/side돌솥밥류돌솥영양돌솥밥q5/side_돌솥밥류_돌솥_영양돌솥밥_Q5_00022.JPG</path>
	<source>
		<database>fooddata</database>
	</source>
	<size>
		<width>720</width>
		<height>480</height>
		<depth>3</depth>
	</size>
	<object>
		<name>ref_spoon</name>
		<bndbox>
			<xmin>208</xmin>
			<ymin>379</ymin>
			<xmax>315</xmax>
			<ymax>440</ymax>
		</bndbox>
	</object>
	<object>
		<name>ref_fork</name>
		<bndbox>
			<xmin>226</xmin>
			<ymin>323</ymin>
			<xmax>336</xmax>
			<ymax>374</ymax>
		</bndbox>
	</object>
	<object>
		<name>ref_coin</name>
		<bndbox>
			<xmin>546</xmin>
			<ymin>104</ymin>
			<xmax>584</xmax>
			<ymax>133</ymax>
		</bndbox>
	</object>
	<object>
		<name>dish</name>
		<bndbox>
			<xmin>241</xmin>
			<ymin>55</ymin>
			<xmax>543</xmax>
			<ymax>304</ymax>
		</bndbox>
	</object>
	<object>
		<name>영양돌솥밥</name>
		<bndbox>
			<xmin>287</xmin>
			<ymin>102</ymin>
			<xmax>493</xmax>
			<ymax>218</ymax>
		</bndbox>
	</object>
</annotation>