<annotation>
	<folder>side돌솥밥류돌솥영양돌솥밥q5</folder>
	<filename>side_돌솥밥류_돌솥_영양돌솥밥_Q5_00038.JPG</filename>
	<path>/side돌솥밥류돌솥영양돌솥밥q5/side_돌솥밥류_돌솥_영양돌솥밥_Q5_00038.JPG</path>
	<source>
		<database>fooddata</database>
	</source>
	<size>
		<width>720</width>
		<height>480</height>
		<depth>3</depth>
	</size>
	<object>
		<name>ref_spoon</name>
		<bndbox>
			<xmin>224</xmin>
			<ymin>167</ymin>
			<xmax>279</xmax>
			<ymax>249</ymax>
		</bndbox>
	</object>
	<object>
		<name>ref_fork</name>
		<bndbox>
			<xmin>287</xmin>
			<ymin>184</ymin>
			<xmax>328</xmax>
			<ymax>272</ymax>
		</bndbox>
	</object>
	<object>
		<name>ref_coin</name>
		<bndbox>
			<xmin>597</xmin>
			<ymin>385</ymin>
			<xmax>642</xmax>
			<ymax>419</ymax>
		</bndbox>
	</object>
	<object>
		<name>dish</name>
		<bndbox>
			<xmin>362</xmin>
			<ymin>117</ymin>
			<xmax>650</xmax>
			<ymax>355</ymax>
		</bndbox>
	</object>
	<object>
		<name>영양돌솥밥</name>
		<bndbox>
			<xmin>405</xmin>
			<ymin>164</ymin>
			<xmax>602</xmax>
			<ymax>280</ymax>
		</bndbox>
	</object>
</annotation>