<annotation>
	<folder>side돌솥밥류돌솥영양돌솥밥q5</folder>
	<filename>side_돌솥밥류_돌솥_영양돌솥밥_Q5_00050.JPG</filename>
	<path>/side돌솥밥류돌솥영양돌솥밥q5/side_돌솥밥류_돌솥_영양돌솥밥_Q5_00050.JPG</path>
	<source>
		<database>fooddata</database>
	</source>
	<size>
		<width>720</width>
		<height>480</height>
		<depth>3</depth>
	</size>
	<object>
		<name>ref_spoon</name>
		<bndbox>
			<xmin>166</xmin>
			<ymin>189</ymin>
			<xmax>223</xmax>
			<ymax>271</ymax>
		</bndbox>
	</object>
	<object>
		<name>ref_fork</name>
		<bndbox>
			<xmin>231</xmin>
			<ymin>209</ymin>
			<xmax>271</xmax>
			<ymax>301</ymax>
		</bndbox>
	</object>
	<object>
		<name>ref_coin</name>
		<bndbox>
			<xmin>417</xmin>
			<ymin>95</ymin>
			<xmax>454</xmax>
			<ymax>122</ymax>
		</bndbox>
	</object>
	<object>
		<name>dish</name>
		<bndbox>
			<xmin>307</xmin>
			<ymin>147</ymin>
			<xmax>599</xmax>
			<ymax>389</ymax>
		</bndbox>
	</object>
	<object>
		<name>영양돌솥밥</name>
		<bndbox>
			<xmin>349</xmin>
			<ymin>192</ymin>
			<xmax>553</xmax>
			<ymax>310</ymax>
		</bndbox>
	</object>
</annotation>