<annotation>
	<folder>top돌솥밥류돌솥영양돌솥밥q5</folder>
	<filename>top_돌솥밥류_돌솥_영양돌솥밥_Q5_00034.JPG</filename>
	<path>/top돌솥밥류돌솥영양돌솥밥q5/top_돌솥밥류_돌솥_영양돌솥밥_Q5_00034.JPG</path>
	<source>
		<database>fooddata</database>
	</source>
	<size>
		<width>720</width>
		<height>480</height>
		<depth>3</depth>
	</size>
	<object>
		<name>ref_spoon</name>
		<bndbox>
			<xmin>252</xmin>
			<ymin>366</ymin>
			<xmax>347</xmax>
			<ymax>423</ymax>
		</bndbox>
	</object>
	<object>
		<name>ref_fork</name>
		<bndbox>
			<xmin>273</xmin>
			<ymin>311</ymin>
			<xmax>369</xmax>
			<ymax>350</ymax>
		</bndbox>
	</object>
	<object>
		<name>ref_coin</name>
		<bndbox>
			<xmin>226</xmin>
			<ymin>57</ymin>
			<xmax>261</xmax>
			<ymax>91</ymax>
		</bndbox>
	</object>
	<object>
		<name>dish</name>
		<bndbox>
			<xmin>287</xmin>
			<ymin>63</ymin>
			<xmax>559</xmax>
			<ymax>328</ymax>
		</bndbox>
	</object>
	<object>
		<name>영양돌솥밥</name>
		<bndbox>
			<xmin>329</xmin>
			<ymin>100</ymin>
			<xmax>524</xmax>
			<ymax>288</ymax>
		</bndbox>
	</object>
</annotation>