<annotation>
	<folder>top돌솥밥류돌솥영양돌솥밥q5</folder>
	<filename>top_돌솥밥류_돌솥_영양돌솥밥_Q5_00029.JPG</filename>
	<path>/top돌솥밥류돌솥영양돌솥밥q5/top_돌솥밥류_돌솥_영양돌솥밥_Q5_00029.JPG</path>
	<source>
		<database>fooddata</database>
	</source>
	<size>
		<width>720</width>
		<height>480</height>
		<depth>3</depth>
	</size>
	<object>
		<name>ref_spoon</name>
		<bndbox>
			<xmin>211</xmin>
			<ymin>392</ymin>
			<xmax>301</xmax>
			<ymax>449</ymax>
		</bndbox>
	</object>
	<object>
		<name>ref_fork</name>
		<bndbox>
			<xmin>229</xmin>
			<ymin>339</ymin>
			<xmax>323</xmax>
			<ymax>377</ymax>
		</bndbox>
	</object>
	<object>
		<name>ref_coin</name>
		<bndbox>
			<xmin>343</xmin>
			<ymin>30</ymin>
			<xmax>381</xmax>
			<ymax>66</ymax>
		</bndbox>
	</object>
	<object>
		<name>dish</name>
		<bndbox>
			<xmin>242</xmin>
			<ymin>90</ymin>
			<xmax>505</xmax>
			<ymax>347</ymax>
		</bndbox>
	</object>
	<object>
		<name>영양돌솥밥</name>
		<bndbox>
			<xmin>280</xmin>
			<ymin>118</ymin>
			<xmax>466</xmax>
			<ymax>302</ymax>
		</bndbox>
	</object>
</annotation>