<annotation>
	<folder>top돌솥밥류돌솥영양돌솥밥q5</folder>
	<filename>top_돌솥밥류_돌솥_영양돌솥밥_Q5_00004.JPG</filename>
	<path>/top돌솥밥류돌솥영양돌솥밥q5/top_돌솥밥류_돌솥_영양돌솥밥_Q5_00004.JPG</path>
	<source>
		<database>fooddata</database>
	</source>
	<size>
		<width>5472</width>
		<height>3648</height>
		<depth>3</depth>
	</size>
	<object>
		<name>ref_spoon</name>
		<bndbox>
			<xmin>3855</xmin>
			<ymin>410</ymin>
			<xmax>4345</xmax>
			<ymax>1159</ymax>
		</bndbox>
	</object>
	<object>
		<name>ref_fork</name>
		<bndbox>
			<xmin>4457</xmin>
			<ymin>457</ymin>
			<xmax>4835</xmax>
			<ymax>1318</ymax>
		</bndbox>
	</object>
	<object>
		<name>ref_coin</name>
		<bndbox>
			<xmin>2140</xmin>
			<ymin>2794</ymin>
			<xmax>2498</xmax>
			<ymax>3151</ymax>
		</bndbox>
	</object>
	<object>
		<name>dish</name>
		<bndbox>
			<xmin>1094</xmin>
			<ymin>126</ymin>
			<xmax>3603</xmax>
			<ymax>2602</ymax>
		</bndbox>
	</object>
	<object>
		<name>영양돌솥밥</name>
		<bndbox>
			<xmin>1518</xmin>
			<ymin>523</ymin>
			<xmax>3266</xmax>
			<ymax>2238</ymax>
		</bndbox>
	</object>
</annotation>