<annotation>
	<folder>top돌솥밥류돌솥영양돌솥밥q5</folder>
	<filename>top_돌솥밥류_돌솥_영양돌솥밥_Q5_00033.JPG</filename>
	<path>/top돌솥밥류돌솥영양돌솥밥q5/top_돌솥밥류_돌솥_영양돌솥밥_Q5_00033.JPG</path>
	<source>
		<database>fooddata</database>
	</source>
	<size>
		<width>720</width>
		<height>480</height>
		<depth>3</depth>
	</size>
	<object>
		<name>ref_spoon</name>
		<bndbox>
			<xmin>243</xmin>
			<ymin>380</ymin>
			<xmax>337</xmax>
			<ymax>436</ymax>
		</bndbox>
	</object>
	<object>
		<name>ref_fork</name>
		<bndbox>
			<xmin>261</xmin>
			<ymin>324</ymin>
			<xmax>357</xmax>
			<ymax>365</ymax>
		</bndbox>
	</object>
	<object>
		<name>ref_coin</name>
		<bndbox>
			<xmin>272</xmin>
			<ymin>30</ymin>
			<xmax>308</xmax>
			<ymax>66</ymax>
		</bndbox>
	</object>
	<object>
		<name>dish</name>
		<bndbox>
			<xmin>273</xmin>
			<ymin>72</ymin>
			<xmax>548</xmax>
			<ymax>341</ymax>
		</bndbox>
	</object>
	<object>
		<name>영양돌솥밥</name>
		<bndbox>
			<xmin>318</xmin>
			<ymin>108</ymin>
			<xmax>513</xmax>
			<ymax>296</ymax>
		</bndbox>
	</object>
</annotation>