<annotation>
	<folder>top돌솥밥류돌솥영양돌솥밥q5</folder>
	<filename>top_돌솥밥류_돌솥_영양돌솥밥_Q5_00031.JPG</filename>
	<path>/top돌솥밥류돌솥영양돌솥밥q5/top_돌솥밥류_돌솥_영양돌솥밥_Q5_00031.JPG</path>
	<source>
		<database>fooddata</database>
	</source>
	<size>
		<width>720</width>
		<height>480</height>
		<depth>3</depth>
	</size>
	<object>
		<name>ref_spoon</name>
		<bndbox>
			<xmin>222</xmin>
			<ymin>388</ymin>
			<xmax>311</xmax>
			<ymax>443</ymax>
		</bndbox>
	</object>
	<object>
		<name>ref_fork</name>
		<bndbox>
			<xmin>240</xmin>
			<ymin>334</ymin>
			<xmax>336</xmax>
			<ymax>373</ymax>
		</bndbox>
	</object>
	<object>
		<name>ref_coin</name>
		<bndbox>
			<xmin>314</xmin>
			<ymin>27</ymin>
			<xmax>350</xmax>
			<ymax>60</ymax>
		</bndbox>
	</object>
	<object>
		<name>dish</name>
		<bndbox>
			<xmin>255</xmin>
			<ymin>90</ymin>
			<xmax>517</xmax>
			<ymax>343</ymax>
		</bndbox>
	</object>
	<object>
		<name>영양돌솥밥</name>
		<bndbox>
			<xmin>294</xmin>
			<ymin>122</ymin>
			<xmax>478</xmax>
			<ymax>303</ymax>
		</bndbox>
	</object>
</annotation>