<annotation>
	<folder>top돌솥밥류돌솥영양돌솥밥q5</folder>
	<filename>top_돌솥밥류_돌솥_영양돌솥밥_Q5_00059.JPG</filename>
	<path>/top돌솥밥류돌솥영양돌솥밥q5/top_돌솥밥류_돌솥_영양돌솥밥_Q5_00059.JPG</path>
	<source>
		<database>fooddata</database>
	</source>
	<size>
		<width>720</width>
		<height>480</height>
		<depth>3</depth>
	</size>
	<object>
		<name>ref_spoon</name>
		<bndbox>
			<xmin>148</xmin>
			<ymin>88</ymin>
			<xmax>210</xmax>
			<ymax>186</ymax>
		</bndbox>
	</object>
	<object>
		<name>ref_fork</name>
		<bndbox>
			<xmin>230</xmin>
			<ymin>99</ymin>
			<xmax>272</xmax>
			<ymax>204</ymax>
		</bndbox>
	</object>
	<object>
		<name>ref_coin</name>
		<bndbox>
			<xmin>466</xmin>
			<ymin>410</ymin>
			<xmax>514</xmax>
			<ymax>459</ymax>
		</bndbox>
	</object>
	<object>
		<name>dish</name>
		<bndbox>
			<xmin>280</xmin>
			<ymin>57</ymin>
			<xmax>607</xmax>
			<ymax>372</ymax>
		</bndbox>
	</object>
	<object>
		<name>영양돌솥밥</name>
		<bndbox>
			<xmin>329</xmin>
			<ymin>105</ymin>
			<xmax>564</xmax>
			<ymax>318</ymax>
		</bndbox>
	</object>
</annotation>