<annotation>
	<folder>top돌솥밥류돌솥영양돌솥밥q5</folder>
	<filename>top_돌솥밥류_돌솥_영양돌솥밥_Q5_00023.JPG</filename>
	<path>/top돌솥밥류돌솥영양돌솥밥q5/top_돌솥밥류_돌솥_영양돌솥밥_Q5_00023.JPG</path>
	<source>
		<database>fooddata</database>
	</source>
	<size>
		<width>720</width>
		<height>480</height>
		<depth>3</depth>
	</size>
	<object>
		<name>ref_spoon</name>
		<bndbox>
			<xmin>255</xmin>
			<ymin>374</ymin>
			<xmax>349</xmax>
			<ymax>434</ymax>
		</bndbox>
	</object>
	<object>
		<name>ref_fork</name>
		<bndbox>
			<xmin>272</xmin>
			<ymin>317</ymin>
			<xmax>370</xmax>
			<ymax>357</ymax>
		</bndbox>
	</object>
	<object>
		<name>ref_coin</name>
		<bndbox>
			<xmin>569</xmin>
			<ymin>104</ymin>
			<xmax>611</xmax>
			<ymax>141</ymax>
		</bndbox>
	</object>
	<object>
		<name>dish</name>
		<bndbox>
			<xmin>277</xmin>
			<ymin>30</ymin>
			<xmax>564</xmax>
			<ymax>308</ymax>
		</bndbox>
	</object>
	<object>
		<name>영양돌솥밥</name>
		<bndbox>
			<xmin>311</xmin>
			<ymin>71</ymin>
			<xmax>521</xmax>
			<ymax>263</ymax>
		</bndbox>
	</object>
</annotation>