<annotation>
	<folder>top돌솥밥류돌솥영양돌솥밥q5</folder>
	<filename>top_돌솥밥류_돌솥_영양돌솥밥_Q5_00017.JPG</filename>
	<path>/top돌솥밥류돌솥영양돌솥밥q5/top_돌솥밥류_돌솥_영양돌솥밥_Q5_00017.JPG</path>
	<source>
		<database>fooddata</database>
	</source>
	<size>
		<width>720</width>
		<height>480</height>
		<depth>3</depth>
	</size>
	<object>
		<name>ref_spoon</name>
		<bndbox>
			<xmin>431</xmin>
			<ymin>41</ymin>
			<xmax>491</xmax>
			<ymax>144</ymax>
		</bndbox>
	</object>
	<object>
		<name>ref_fork</name>
		<bndbox>
			<xmin>512</xmin>
			<ymin>48</ymin>
			<xmax>555</xmax>
			<ymax>163</ymax>
		</bndbox>
	</object>
	<object>
		<name>ref_coin</name>
		<bndbox>
			<xmin>205</xmin>
			<ymin>403</ymin>
			<xmax>255</xmax>
			<ymax>454</ymax>
		</bndbox>
	</object>
	<object>
		<name>dish</name>
		<bndbox>
			<xmin>92</xmin>
			<ymin>39</ymin>
			<xmax>434</xmax>
			<ymax>372</ymax>
		</bndbox>
	</object>
	<object>
		<name>영양돌솥밥</name>
		<bndbox>
			<xmin>152</xmin>
			<ymin>78</ymin>
			<xmax>390</xmax>
			<ymax>320</ymax>
		</bndbox>
	</object>
</annotation>