<annotation>
	<folder>top돌솥밥류돌솥영양돌솥밥q5</folder>
	<filename>top_돌솥밥류_돌솥_영양돌솥밥_Q5_00019.JPG</filename>
	<path>/top돌솥밥류돌솥영양돌솥밥q5/top_돌솥밥류_돌솥_영양돌솥밥_Q5_00019.JPG</path>
	<source>
		<database>fooddata</database>
	</source>
	<size>
		<width>720</width>
		<height>480</height>
		<depth>3</depth>
	</size>
	<object>
		<name>ref_spoon</name>
		<bndbox>
			<xmin>442</xmin>
			<ymin>41</ymin>
			<xmax>504</xmax>
			<ymax>144</ymax>
		</bndbox>
	</object>
	<object>
		<name>ref_fork</name>
		<bndbox>
			<xmin>523</xmin>
			<ymin>51</ymin>
			<xmax>568</xmax>
			<ymax>164</ymax>
		</bndbox>
	</object>
	<object>
		<name>ref_coin</name>
		<bndbox>
			<xmin>43</xmin>
			<ymin>206</ymin>
			<xmax>95</xmax>
			<ymax>254</ymax>
		</bndbox>
	</object>
	<object>
		<name>dish</name>
		<bndbox>
			<xmin>99</xmin>
			<ymin>25</ymin>
			<xmax>444</xmax>
			<ymax>362</ymax>
		</bndbox>
	</object>
	<object>
		<name>영양돌솥밥</name>
		<bndbox>
			<xmin>153</xmin>
			<ymin>84</ymin>
			<xmax>397</xmax>
			<ymax>307</ymax>
		</bndbox>
	</object>
</annotation>