<annotation>
	<folder>top돌솥밥류돌솥영양돌솥밥q5</folder>
	<filename>top_돌솥밥류_돌솥_영양돌솥밥_Q5_00001.JPG</filename>
	<path>/top돌솥밥류돌솥영양돌솥밥q5/top_돌솥밥류_돌솥_영양돌솥밥_Q5_00001.JPG</path>
	<source>
		<database>fooddata</database>
	</source>
	<size>
		<width>5472</width>
		<height>3648</height>
		<depth>3</depth>
	</size>
	<object>
		<name>ref_spoon</name>
		<bndbox>
			<xmin>3881</xmin>
			<ymin>457</ymin>
			<xmax>4385</xmax>
			<ymax>1238</ymax>
		</bndbox>
	</object>
	<object>
		<name>ref_fork</name>
		<bndbox>
			<xmin>4510</xmin>
			<ymin>543</ymin>
			<xmax>4901</xmax>
			<ymax>1404</ymax>
		</bndbox>
	</object>
	<object>
		<name>ref_coin</name>
		<bndbox>
			<xmin>3173</xmin>
			<ymin>2589</ymin>
			<xmax>3524</xmax>
			<ymax>2926</ymax>
		</bndbox>
	</object>
	<object>
		<name>dish</name>
		<bndbox>
			<xmin>1048</xmin>
			<ymin>126</ymin>
			<xmax>3630</xmax>
			<ymax>2688</ymax>
		</bndbox>
	</object>
	<object>
		<name>영양돌솥밥</name>
		<bndbox>
			<xmin>1452</xmin>
			<ymin>589</ymin>
			<xmax>3312</xmax>
			<ymax>2304</ymax>
		</bndbox>
	</object>
</annotation>