<annotation>
	<folder>top돌솥밥류돌솥영양돌솥밥q5</folder>
	<filename>top_돌솥밥류_돌솥_영양돌솥밥_Q5_00056.JPG</filename>
	<path>/top돌솥밥류돌솥영양돌솥밥q5/top_돌솥밥류_돌솥_영양돌솥밥_Q5_00056.JPG</path>
	<source>
		<database>fooddata</database>
	</source>
	<size>
		<width>720</width>
		<height>480</height>
		<depth>3</depth>
	</size>
	<object>
		<name>ref_spoon</name>
		<bndbox>
			<xmin>127</xmin>
			<ymin>141</ymin>
			<xmax>188</xmax>
			<ymax>240</ymax>
		</bndbox>
	</object>
	<object>
		<name>ref_fork</name>
		<bndbox>
			<xmin>208</xmin>
			<ymin>152</ymin>
			<xmax>250</xmax>
			<ymax>257</ymax>
		</bndbox>
	</object>
	<object>
		<name>ref_coin</name>
		<bndbox>
			<xmin>609</xmin>
			<ymin>304</ymin>
			<xmax>658</xmax>
			<ymax>351</ymax>
		</bndbox>
	</object>
	<object>
		<name>dish</name>
		<bndbox>
			<xmin>259</xmin>
			<ymin>110</ymin>
			<xmax>586</xmax>
			<ymax>433</ymax>
		</bndbox>
	</object>
	<object>
		<name>영양돌솥밥</name>
		<bndbox>
			<xmin>312</xmin>
			<ymin>158</ymin>
			<xmax>542</xmax>
			<ymax>380</ymax>
		</bndbox>
	</object>
</annotation>