<annotation>
	<folder>top돌솥밥류돌솥영양돌솥밥q5</folder>
	<filename>top_돌솥밥류_돌솥_영양돌솥밥_Q5_00005.JPG</filename>
	<path>/top돌솥밥류돌솥영양돌솥밥q5/top_돌솥밥류_돌솥_영양돌솥밥_Q5_00005.JPG</path>
	<source>
		<database>fooddata</database>
	</source>
	<size>
		<width>5472</width>
		<height>3648</height>
		<depth>3</depth>
	</size>
	<object>
		<name>ref_spoon</name>
		<bndbox>
			<xmin>3848</xmin>
			<ymin>576</ymin>
			<xmax>4332</xmax>
			<ymax>1331</ymax>
		</bndbox>
	</object>
	<object>
		<name>ref_fork</name>
		<bndbox>
			<xmin>4457</xmin>
			<ymin>636</ymin>
			<xmax>4828</xmax>
			<ymax>1516</ymax>
		</bndbox>
	</object>
	<object>
		<name>ref_coin</name>
		<bndbox>
			<xmin>1538</xmin>
			<ymin>2827</ymin>
			<xmax>1895</xmax>
			<ymax>3185</ymax>
		</bndbox>
	</object>
	<object>
		<name>dish</name>
		<bndbox>
			<xmin>1081</xmin>
			<ymin>311</ymin>
			<xmax>3610</xmax>
			<ymax>2801</ymax>
		</bndbox>
	</object>
	<object>
		<name>영양돌솥밥</name>
		<bndbox>
			<xmin>1485</xmin>
			<ymin>682</ymin>
			<xmax>3213</xmax>
			<ymax>2463</ymax>
		</bndbox>
	</object>
</annotation>