<annotation>
	<folder>top돌솥밥류돌솥영양돌솥밥q5</folder>
	<filename>top_돌솥밥류_돌솥_영양돌솥밥_Q5_00011.JPG</filename>
	<path>/top돌솥밥류돌솥영양돌솥밥q5/top_돌솥밥류_돌솥_영양돌솥밥_Q5_00011.JPG</path>
	<source>
		<database>fooddata</database>
	</source>
	<size>
		<width>720</width>
		<height>480</height>
		<depth>3</depth>
	</size>
	<object>
		<name>ref_spoon</name>
		<bndbox>
			<xmin>480</xmin>
			<ymin>71</ymin>
			<xmax>547</xmax>
			<ymax>179</ymax>
		</bndbox>
	</object>
	<object>
		<name>ref_fork</name>
		<bndbox>
			<xmin>564</xmin>
			<ymin>78</ymin>
			<xmax>611</xmax>
			<ymax>201</ymax>
		</bndbox>
	</object>
	<object>
		<name>ref_coin</name>
		<bndbox>
			<xmin>201</xmin>
			<ymin>40</ymin>
			<xmax>248</xmax>
			<ymax>86</ymax>
		</bndbox>
	</object>
	<object>
		<name>dish</name>
		<bndbox>
			<xmin>133</xmin>
			<ymin>72</ymin>
			<xmax>489</xmax>
			<ymax>423</ymax>
		</bndbox>
	</object>
	<object>
		<name>영양돌솥밥</name>
		<bndbox>
			<xmin>186</xmin>
			<ymin>120</ymin>
			<xmax>433</xmax>
			<ymax>364</ymax>
		</bndbox>
	</object>
</annotation>