<annotation>
	<folder>side국류원형배달미소된장국q2</folder>
	<filename>side_국류_원형배달_미소된장국_Q2_00017.JPG</filename>
	<path>/side국류원형배달미소된장국q2/side_국류_원형배달_미소된장국_Q2_00017.JPG</path>
	<source>
		<database>fooddata</database>
	</source>
	<size>
		<width>3008</width>
		<height>2000</height>
		<depth>3</depth>
	</size>
	<object>
		<name>ref_spoon</name>
		<bndbox>
			<xmin>173</xmin>
			<ymin>1409</ymin>
			<xmax>864</xmax>
			<ymax>1800</ymax>
		</bndbox>
	</object>
	<object>
		<name>ref_fork</name>
		<bndbox>
			<xmin>473</xmin>
			<ymin>1043</ymin>
			<xmax>1204</xmax>
			<ymax>1404</ymax>
		</bndbox>
	</object>
	<object>
		<name>ref_coin</name>
		<bndbox>
			<xmin>620</xmin>
			<ymin>713</ymin>
			<xmax>925</xmax>
			<ymax>952</ymax>
		</bndbox>
	</object>
	<object>
		<name>dish</name>
		<bndbox>
			<xmin>1179</xmin>
			<ymin>144</ymin>
			<xmax>2012</xmax>
			<ymax>1074</ymax>
		</bndbox>
	</object>
	<object>
		<name>미소된장국</name>
		<bndbox>
			<xmin>1286</xmin>
			<ymin>454</ymin>
			<xmax>1890</xmax>
			<ymax>754</ymax>
		</bndbox>
	</object>
</annotation>