<annotation>
	<folder>side국류원형배달미소된장국q2</folder>
	<filename>side_국류_원형배달_미소된장국_Q2_00008.JPG</filename>
	<path>/side국류원형배달미소된장국q2/side_국류_원형배달_미소된장국_Q2_00008.JPG</path>
	<source>
		<database>fooddata</database>
	</source>
	<size>
		<width>3008</width>
		<height>2000</height>
		<depth>3</depth>
	</size>
	<object>
		<name>ref_spoon</name>
		<bndbox>
			<xmin>1870</xmin>
			<ymin>245</ymin>
			<xmax>2286</xmax>
			<ymax>815</ymax>
		</bndbox>
	</object>
	<object>
		<name>ref_fork</name>
		<bndbox>
			<xmin>2388</xmin>
			<ymin>276</ymin>
			<xmax>2662</xmax>
			<ymax>916</ymax>
		</bndbox>
	</object>
	<object>
		<name>ref_coin</name>
		<bndbox>
			<xmin>203</xmin>
			<ymin>1343</ymin>
			<xmax>544</xmax>
			<ymax>1617</ymax>
		</bndbox>
	</object>
	<object>
		<name>dish</name>
		<bndbox>
			<xmin>843</xmin>
			<ymin>535</ymin>
			<xmax>1687</xmax>
			<ymax>1506</ymax>
		</bndbox>
	</object>
	<object>
		<name>미소된장국</name>
		<bndbox>
			<xmin>940</xmin>
			<ymin>860</ymin>
			<xmax>1575</xmax>
			<ymax>1180</ymax>
		</bndbox>
	</object>
</annotation>