<annotation>
	<folder>side국류원형배달미소된장국q2</folder>
	<filename>side_국류_원형배달_미소된장국_Q2_00032.JPG</filename>
	<path>/side국류원형배달미소된장국q2/side_국류_원형배달_미소된장국_Q2_00032.JPG</path>
	<source>
		<database>fooddata</database>
	</source>
	<size>
		<width>3008</width>
		<height>2000</height>
		<depth>3</depth>
	</size>
	<object>
		<name>ref_spoon</name>
		<bndbox>
			<xmin>91</xmin>
			<ymin>1262</ymin>
			<xmax>742</xmax>
			<ymax>1658</ymax>
		</bndbox>
	</object>
	<object>
		<name>ref_fork</name>
		<bndbox>
			<xmin>386</xmin>
			<ymin>947</ymin>
			<xmax>1108</xmax>
			<ymax>1282</ymax>
		</bndbox>
	</object>
	<object>
		<name>ref_coin</name>
		<bndbox>
			<xmin>2073</xmin>
			<ymin>967</ymin>
			<xmax>2353</xmax>
			<ymax>1206</ymax>
		</bndbox>
	</object>
	<object>
		<name>dish</name>
		<bndbox>
			<xmin>1225</xmin>
			<ymin>154</ymin>
			<xmax>2007</xmax>
			<ymax>1023</ymax>
		</bndbox>
	</object>
	<object>
		<name>미소된장국</name>
		<bndbox>
			<xmin>1331</xmin>
			<ymin>454</ymin>
			<xmax>1870</xmax>
			<ymax>703</ymax>
		</bndbox>
	</object>
</annotation>