<annotation>
	<folder>side국류원형배달미소된장국q2</folder>
	<filename>side_국류_원형배달_미소된장국_Q2_00042.JPG</filename>
	<path>/side국류원형배달미소된장국q2/side_국류_원형배달_미소된장국_Q2_00042.JPG</path>
	<source>
		<database>fooddata</database>
	</source>
	<size>
		<width>3008</width>
		<height>2000</height>
		<depth>3</depth>
	</size>
	<object>
		<name>ref_spoon</name>
		<bndbox>
			<xmin>249</xmin>
			<ymin>276</ymin>
			<xmax>671</xmax>
			<ymax>809</ymax>
		</bndbox>
	</object>
	<object>
		<name>ref_fork</name>
		<bndbox>
			<xmin>737</xmin>
			<ymin>352</ymin>
			<xmax>1031</xmax>
			<ymax>1003</ymax>
		</bndbox>
	</object>
	<object>
		<name>ref_coin</name>
		<bndbox>
			<xmin>2429</xmin>
			<ymin>1272</ymin>
			<xmax>2764</xmax>
			<ymax>1531</ymax>
		</bndbox>
	</object>
	<object>
		<name>dish</name>
		<bndbox>
			<xmin>1341</xmin>
			<ymin>748</ymin>
			<xmax>2200</xmax>
			<ymax>1719</ymax>
		</bndbox>
	</object>
	<object>
		<name>미소된장국</name>
		<bndbox>
			<xmin>1468</xmin>
			<ymin>1099</ymin>
			<xmax>2073</xmax>
			<ymax>1394</ymax>
		</bndbox>
	</object>
</annotation>