<annotation>
	<folder>side국류원형배달미소된장국q2</folder>
	<filename>side_국류_원형배달_미소된장국_Q2_00015.JPG</filename>
	<path>/side국류원형배달미소된장국q2/side_국류_원형배달_미소된장국_Q2_00015.JPG</path>
	<source>
		<database>fooddata</database>
	</source>
	<size>
		<width>3008</width>
		<height>2000</height>
		<depth>3</depth>
	</size>
	<object>
		<name>ref_spoon</name>
		<bndbox>
			<xmin>1453</xmin>
			<ymin>200</ymin>
			<xmax>1860</xmax>
			<ymax>743</ymax>
		</bndbox>
	</object>
	<object>
		<name>ref_fork</name>
		<bndbox>
			<xmin>1966</xmin>
			<ymin>210</ymin>
			<xmax>2246</xmax>
			<ymax>830</ymax>
		</bndbox>
	</object>
	<object>
		<name>ref_coin</name>
		<bndbox>
			<xmin>1087</xmin>
			<ymin>408</ymin>
			<xmax>1392</xmax>
			<ymax>652</ymax>
		</bndbox>
	</object>
	<object>
		<name>dish</name>
		<bndbox>
			<xmin>457</xmin>
			<ymin>865</ymin>
			<xmax>1352</xmax>
			<ymax>1871</ymax>
		</bndbox>
	</object>
	<object>
		<name>미소된장국</name>
		<bndbox>
			<xmin>569</xmin>
			<ymin>1170</ymin>
			<xmax>1235</xmax>
			<ymax>1567</ymax>
		</bndbox>
	</object>
</annotation>