<annotation>
	<folder>side국류원형배달미소된장국q2</folder>
	<filename>side_국류_원형배달_미소된장국_Q2_00029.JPG</filename>
	<path>/side국류원형배달미소된장국q2/side_국류_원형배달_미소된장국_Q2_00029.JPG</path>
	<source>
		<database>fooddata</database>
	</source>
	<size>
		<width>3008</width>
		<height>2000</height>
		<depth>3</depth>
	</size>
	<object>
		<name>ref_spoon</name>
		<bndbox>
			<xmin>0</xmin>
			<ymin>1252</ymin>
			<xmax>600</xmax>
			<ymax>1648</ymax>
		</bndbox>
	</object>
	<object>
		<name>ref_fork</name>
		<bndbox>
			<xmin>264</xmin>
			<ymin>926</ymin>
			<xmax>945</xmax>
			<ymax>1282</ymax>
		</bndbox>
	</object>
	<object>
		<name>ref_coin</name>
		<bndbox>
			<xmin>2368</xmin>
			<ymin>1607</ymin>
			<xmax>2673</xmax>
			<ymax>1861</ymax>
		</bndbox>
	</object>
	<object>
		<name>dish</name>
		<bndbox>
			<xmin>1052</xmin>
			<ymin>103</ymin>
			<xmax>1819</xmax>
			<ymax>982</ymax>
		</bndbox>
	</object>
	<object>
		<name>미소된장국</name>
		<bndbox>
			<xmin>1138</xmin>
			<ymin>408</ymin>
			<xmax>1677</xmax>
			<ymax>667</ymax>
		</bndbox>
	</object>
</annotation>