<annotation>
	<folder>side국류원형배달미소된장국q2</folder>
	<filename>side_국류_원형배달_미소된장국_Q2_00026.JPG</filename>
	<path>/side국류원형배달미소된장국q2/side_국류_원형배달_미소된장국_Q2_00026.JPG</path>
	<source>
		<database>fooddata</database>
	</source>
	<size>
		<width>3008</width>
		<height>2000</height>
		<depth>3</depth>
	</size>
	<object>
		<name>ref_spoon</name>
		<bndbox>
			<xmin>117</xmin>
			<ymin>1109</ymin>
			<xmax>722</xmax>
			<ymax>1480</ymax>
		</bndbox>
	</object>
	<object>
		<name>ref_fork</name>
		<bndbox>
			<xmin>406</xmin>
			<ymin>809</ymin>
			<xmax>1042</xmax>
			<ymax>1150</ymax>
		</bndbox>
	</object>
	<object>
		<name>ref_coin</name>
		<bndbox>
			<xmin>1494</xmin>
			<ymin>1622</ymin>
			<xmax>1789</xmax>
			<ymax>1882</ymax>
		</bndbox>
	</object>
	<object>
		<name>dish</name>
		<bndbox>
			<xmin>1087</xmin>
			<ymin>113</ymin>
			<xmax>1829</xmax>
			<ymax>947</ymax>
		</bndbox>
	</object>
	<object>
		<name>미소된장국</name>
		<bndbox>
			<xmin>1179</xmin>
			<ymin>403</ymin>
			<xmax>1697</xmax>
			<ymax>662</ymax>
		</bndbox>
	</object>
</annotation>