<annotation>
	<folder>top국류원형배달미소된장국q2</folder>
	<filename>top_국류_원형배달_미소된장국_Q2_00003.JPG</filename>
	<path>/top국류원형배달미소된장국q2/top_국류_원형배달_미소된장국_Q2_00003.JPG</path>
	<source>
		<database>fooddata</database>
	</source>
	<size>
		<width>3008</width>
		<height>2000</height>
		<depth>3</depth>
	</size>
	<object>
		<name>ref_spoon</name>
		<bndbox>
			<xmin>1535</xmin>
			<ymin>253</ymin>
			<xmax>1883</xmax>
			<ymax>976</ymax>
		</bndbox>
	</object>
	<object>
		<name>ref_fork</name>
		<bndbox>
			<xmin>1910</xmin>
			<ymin>375</ymin>
			<xmax>2159</xmax>
			<ymax>1116</ymax>
		</bndbox>
	</object>
	<object>
		<name>ref_coin</name>
		<bndbox>
			<xmin>504</xmin>
			<ymin>1485</ymin>
			<xmax>750</xmax>
			<ymax>1741</ymax>
		</bndbox>
	</object>
	<object>
		<name>dish</name>
		<bndbox>
			<xmin>610</xmin>
			<ymin>519</ymin>
			<xmax>1333</xmax>
			<ymax>1225</ymax>
		</bndbox>
	</object>
	<object>
		<name>미소된장국</name>
		<bndbox>
			<xmin>726</xmin>
			<ymin>679</ymin>
			<xmax>1269</xmax>
			<ymax>1195</ymax>
		</bndbox>
	</object>
</annotation>