<annotation>
	<folder>top국류원형배달미소된장국q2</folder>
	<filename>top_국류_원형배달_미소된장국_Q2_00013.JPG</filename>
	<path>/top국류원형배달미소된장국q2/top_국류_원형배달_미소된장국_Q2_00013.JPG</path>
	<source>
		<database>fooddata</database>
	</source>
	<size>
		<width>3008</width>
		<height>2000</height>
		<depth>3</depth>
	</size>
	<object>
		<name>ref_spoon</name>
		<bndbox>
			<xmin>1739</xmin>
			<ymin>92</ymin>
			<xmax>2074</xmax>
			<ymax>768</ymax>
		</bndbox>
	</object>
	<object>
		<name>ref_fork</name>
		<bndbox>
			<xmin>2108</xmin>
			<ymin>195</ymin>
			<xmax>2340</xmax>
			<ymax>925</ymax>
		</bndbox>
	</object>
	<object>
		<name>ref_coin</name>
		<bndbox>
			<xmin>1142</xmin>
			<ymin>1614</ymin>
			<xmax>1374</xmax>
			<ymax>1843</ymax>
		</bndbox>
	</object>
	<object>
		<name>dish</name>
		<bndbox>
			<xmin>685</xmin>
			<ymin>747</ymin>
			<xmax>1378</xmax>
			<ymax>1430</ymax>
		</bndbox>
	</object>
	<object>
		<name>미소된장국</name>
		<bndbox>
			<xmin>798</xmin>
			<ymin>881</ymin>
			<xmax>1313</xmax>
			<ymax>1399</ymax>
		</bndbox>
	</object>
</annotation>