<annotation>
	<folder>top국류원형배달미소된장국q2</folder>
	<filename>top_국류_원형배달_미소된장국_Q2_00035.JPG</filename>
	<path>/top국류원형배달미소된장국q2/top_국류_원형배달_미소된장국_Q2_00035.JPG</path>
	<source>
		<database>fooddata</database>
	</source>
	<size>
		<width>3008</width>
		<height>2000</height>
		<depth>3</depth>
	</size>
	<object>
		<name>ref_spoon</name>
		<bndbox>
			<xmin>753</xmin>
			<ymin>270</ymin>
			<xmax>1053</xmax>
			<ymax>908</ymax>
		</bndbox>
	</object>
	<object>
		<name>ref_fork</name>
		<bndbox>
			<xmin>415</xmin>
			<ymin>256</ymin>
			<xmax>630</xmax>
			<ymax>887</ymax>
		</bndbox>
	</object>
	<object>
		<name>ref_coin</name>
		<bndbox>
			<xmin>1777</xmin>
			<ymin>1515</ymin>
			<xmax>1989</xmax>
			<ymax>1730</ymax>
		</bndbox>
	</object>
	<object>
		<name>dish</name>
		<bndbox>
			<xmin>989</xmin>
			<ymin>833</ymin>
			<xmax>1610</xmax>
			<ymax>1457</ymax>
		</bndbox>
	</object>
	<object>
		<name>미소된장국</name>
		<bndbox>
			<xmin>1053</xmin>
			<ymin>942</ymin>
			<xmax>1528</xmax>
			<ymax>1427</ymax>
		</bndbox>
	</object>
</annotation>