<annotation>
	<folder>top국류원형배달미소된장국q2</folder>
	<filename>top_국류_원형배달_미소된장국_Q2_00050.JPG</filename>
	<path>/top국류원형배달미소된장국q2/top_국류_원형배달_미소된장국_Q2_00050.JPG</path>
	<source>
		<database>fooddata</database>
	</source>
	<size>
		<width>3008</width>
		<height>2000</height>
		<depth>3</depth>
	</size>
	<object>
		<name>ref_spoon</name>
		<bndbox>
			<xmin>886</xmin>
			<ymin>150</ymin>
			<xmax>1187</xmax>
			<ymax>778</ymax>
		</bndbox>
	</object>
	<object>
		<name>ref_fork</name>
		<bndbox>
			<xmin>545</xmin>
			<ymin>143</ymin>
			<xmax>746</xmax>
			<ymax>771</ymax>
		</bndbox>
	</object>
	<object>
		<name>ref_coin</name>
		<bndbox>
			<xmin>183</xmin>
			<ymin>819</ymin>
			<xmax>398</xmax>
			<ymax>1031</ymax>
		</bndbox>
	</object>
	<object>
		<name>dish</name>
		<bndbox>
			<xmin>1193</xmin>
			<ymin>747</ymin>
			<xmax>1835</xmax>
			<ymax>1389</ymax>
		</bndbox>
	</object>
	<object>
		<name>미소된장국</name>
		<bndbox>
			<xmin>1272</xmin>
			<ymin>853</ymin>
			<xmax>1746</xmax>
			<ymax>1341</ymax>
		</bndbox>
	</object>
</annotation>