<annotation>
	<folder>top국류원형배달미소된장국q2</folder>
	<filename>top_국류_원형배달_미소된장국_Q2_00048.JPG</filename>
	<path>/top국류원형배달미소된장국q2/top_국류_원형배달_미소된장국_Q2_00048.JPG</path>
	<source>
		<database>fooddata</database>
	</source>
	<size>
		<width>3008</width>
		<height>2000</height>
		<depth>3</depth>
	</size>
	<object>
		<name>ref_spoon</name>
		<bndbox>
			<xmin>835</xmin>
			<ymin>106</ymin>
			<xmax>1129</xmax>
			<ymax>741</ymax>
		</bndbox>
	</object>
	<object>
		<name>ref_fork</name>
		<bndbox>
			<xmin>490</xmin>
			<ymin>96</ymin>
			<xmax>695</xmax>
			<ymax>741</ymax>
		</bndbox>
	</object>
	<object>
		<name>ref_coin</name>
		<bndbox>
			<xmin>1060</xmin>
			<ymin>1457</ymin>
			<xmax>1272</xmax>
			<ymax>1672</ymax>
		</bndbox>
	</object>
	<object>
		<name>dish</name>
		<bndbox>
			<xmin>1204</xmin>
			<ymin>604</ymin>
			<xmax>1832</xmax>
			<ymax>1232</ymax>
		</bndbox>
	</object>
	<object>
		<name>미소된장국</name>
		<bndbox>
			<xmin>1255</xmin>
			<ymin>710</ymin>
			<xmax>1726</xmax>
			<ymax>1195</ymax>
		</bndbox>
	</object>
</annotation>