<annotation>
	<folder>top국류원형배달미소된장국q2</folder>
	<filename>top_국류_원형배달_미소된장국_Q2_00011.JPG</filename>
	<path>/top국류원형배달미소된장국q2/top_국류_원형배달_미소된장국_Q2_00011.JPG</path>
	<source>
		<database>fooddata</database>
	</source>
	<size>
		<width>3008</width>
		<height>2000</height>
		<depth>3</depth>
	</size>
	<object>
		<name>ref_spoon</name>
		<bndbox>
			<xmin>1514</xmin>
			<ymin>99</ymin>
			<xmax>1893</xmax>
			<ymax>846</ymax>
		</bndbox>
	</object>
	<object>
		<name>ref_fork</name>
		<bndbox>
			<xmin>1951</xmin>
			<ymin>218</ymin>
			<xmax>2197</xmax>
			<ymax>997</ymax>
		</bndbox>
	</object>
	<object>
		<name>ref_coin</name>
		<bndbox>
			<xmin>1033</xmin>
			<ymin>253</ymin>
			<xmax>1292</xmax>
			<ymax>519</ymax>
		</bndbox>
	</object>
	<object>
		<name>dish</name>
		<bndbox>
			<xmin>415</xmin>
			<ymin>973</ymin>
			<xmax>1214</xmax>
			<ymax>1785</ymax>
		</bndbox>
	</object>
	<object>
		<name>미소된장국</name>
		<bndbox>
			<xmin>545</xmin>
			<ymin>1126</ymin>
			<xmax>1156</xmax>
			<ymax>1741</ymax>
		</bndbox>
	</object>
</annotation>