<annotation>
	<folder>side죽류대접호박죽q2</folder>
	<filename>side_죽류_대접_호박죽_Q2_00015.JPG</filename>
	<path>/side죽류대접호박죽q2/side_죽류_대접_호박죽_Q2_00015.JPG</path>
	<source>
		<database>fooddata</database>
	</source>
	<size>
		<width>5472</width>
		<height>3648</height>
		<depth>3</depth>
	</size>
	<object>
		<name>ref_spoon</name>
		<bndbox>
			<xmin>3873</xmin>
			<ymin>1648</ymin>
			<xmax>4386</xmax>
			<ymax>2451</ymax>
		</bndbox>
	</object>
	<object>
		<name>ref_fork</name>
		<bndbox>
			<xmin>4553</xmin>
			<ymin>1682</ymin>
			<xmax>4915</xmax>
			<ymax>2573</ymax>
		</bndbox>
	</object>
	<object>
		<name>ref_coin</name>
		<bndbox>
			<xmin>3750</xmin>
			<ymin>1297</ymin>
			<xmax>4135</xmax>
			<ymax>1537</ymax>
		</bndbox>
	</object>
	<object>
		<name>dish</name>
		<bndbox>
			<xmin>869</xmin>
			<ymin>1303</ymin>
			<xmax>3226</xmax>
			<ymax>2986</ymax>
		</bndbox>
	</object>
	<object>
		<name>호박죽</name>
		<bndbox>
			<xmin>1482</xmin>
			<ymin>2044</ymin>
			<xmax>2680</xmax>
			<ymax>2863</ymax>
		</bndbox>
	</object>
</annotation>