<annotation>
	<folder>side죽류대접호박죽q2</folder>
	<filename>side_죽류_대접_호박죽_Q2_00035.JPG</filename>
	<path>/side죽류대접호박죽q2/side_죽류_대접_호박죽_Q2_00035.JPG</path>
	<source>
		<database>fooddata</database>
	</source>
	<size>
		<width>5472</width>
		<height>3648</height>
		<depth>3</depth>
	</size>
	<object>
		<name>ref_spoon</name>
		<bndbox>
			<xmin>1388</xmin>
			<ymin>2841</ymin>
			<xmax>2324</xmax>
			<ymax>3303</ymax>
		</bndbox>
	</object>
	<object>
		<name>ref_fork</name>
		<bndbox>
			<xmin>1571</xmin>
			<ymin>2412</ymin>
			<xmax>2552</xmax>
			<ymax>2774</ymax>
		</bndbox>
	</object>
	<object>
		<name>ref_coin</name>
		<bndbox>
			<xmin>1611</xmin>
			<ymin>2066</ymin>
			<xmax>1995</xmax>
			<ymax>2356</ymax>
		</bndbox>
	</object>
	<object>
		<name>dish</name>
		<bndbox>
			<xmin>2062</xmin>
			<ymin>467</ymin>
			<xmax>4252</xmax>
			<ymax>2050</ymax>
		</bndbox>
	</object>
	<object>
		<name>호박죽</name>
		<bndbox>
			<xmin>2591</xmin>
			<ymin>1075</ymin>
			<xmax>3734</xmax>
			<ymax>1938</ymax>
		</bndbox>
	</object>
</annotation>