<annotation>
	<folder>side죽류대접호박죽q2</folder>
	<filename>side_죽류_대접_호박죽_Q2_00047.JPG</filename>
	<path>/side죽류대접호박죽q2/side_죽류_대접_호박죽_Q2_00047.JPG</path>
	<source>
		<database>fooddata</database>
	</source>
	<size>
		<width>5472</width>
		<height>3648</height>
		<depth>3</depth>
	</size>
	<object>
		<name>ref_spoon</name>
		<bndbox>
			<xmin>1031</xmin>
			<ymin>1041</ymin>
			<xmax>1505</xmax>
			<ymax>1838</ymax>
		</bndbox>
	</object>
	<object>
		<name>ref_fork</name>
		<bndbox>
			<xmin>1644</xmin>
			<ymin>1080</ymin>
			<xmax>1956</xmax>
			<ymax>1983</ymax>
		</bndbox>
	</object>
	<object>
		<name>ref_coin</name>
		<bndbox>
			<xmin>4341</xmin>
			<ymin>1019</ymin>
			<xmax>4686</xmax>
			<ymax>1264</ymax>
		</bndbox>
	</object>
	<object>
		<name>dish</name>
		<bndbox>
			<xmin>1984</xmin>
			<ymin>835</ymin>
			<xmax>4263</xmax>
			<ymax>2451</ymax>
		</bndbox>
	</object>
	<object>
		<name>호박죽</name>
		<bndbox>
			<xmin>2441</xmin>
			<ymin>1387</ymin>
			<xmax>3823</xmax>
			<ymax>2356</ymax>
		</bndbox>
	</object>
</annotation>