<annotation>
	<folder>side죽류대접호박죽q2</folder>
	<filename>side_죽류_대접_호박죽_Q2_00032.JPG</filename>
	<path>/side죽류대접호박죽q2/side_죽류_대접_호박죽_Q2_00032.JPG</path>
	<source>
		<database>fooddata</database>
	</source>
	<size>
		<width>5472</width>
		<height>3648</height>
		<depth>3</depth>
	</size>
	<object>
		<name>ref_spoon</name>
		<bndbox>
			<xmin>1571</xmin>
			<ymin>2869</ymin>
			<xmax>2580</xmax>
			<ymax>3331</ymax>
		</bndbox>
	</object>
	<object>
		<name>ref_fork</name>
		<bndbox>
			<xmin>1761</xmin>
			<ymin>2423</ymin>
			<xmax>2820</xmax>
			<ymax>2813</ymax>
		</bndbox>
	</object>
	<object>
		<name>ref_coin</name>
		<bndbox>
			<xmin>1627</xmin>
			<ymin>1002</ymin>
			<xmax>1950</xmax>
			<ymax>1242</ymax>
		</bndbox>
	</object>
	<object>
		<name>dish</name>
		<bndbox>
			<xmin>2145</xmin>
			<ymin>517</ymin>
			<xmax>4358</xmax>
			<ymax>2061</ymax>
		</bndbox>
	</object>
	<object>
		<name>호박죽</name>
		<bndbox>
			<xmin>2675</xmin>
			<ymin>1192</ymin>
			<xmax>3839</xmax>
			<ymax>1966</ymax>
		</bndbox>
	</object>
</annotation>