<annotation>
	<folder>side죽류대접호박죽q2</folder>
	<filename>side_죽류_대접_호박죽_Q2_00006.JPG</filename>
	<path>/side죽류대접호박죽q2/side_죽류_대접_호박죽_Q2_00006.JPG</path>
	<source>
		<database>fooddata</database>
	</source>
	<size>
		<width>5472</width>
		<height>3648</height>
		<depth>3</depth>
	</size>
	<object>
		<name>ref_spoon</name>
		<bndbox>
			<xmin>3728</xmin>
			<ymin>1030</ymin>
			<xmax>4224</xmax>
			<ymax>1782</ymax>
		</bndbox>
	</object>
	<object>
		<name>ref_fork</name>
		<bndbox>
			<xmin>4397</xmin>
			<ymin>1024</ymin>
			<xmax>4764</xmax>
			<ymax>1949</ymax>
		</bndbox>
	</object>
	<object>
		<name>ref_coin</name>
		<bndbox>
			<xmin>1003</xmin>
			<ymin>2713</ymin>
			<xmax>1415</xmax>
			<ymax>3042</ymax>
		</bndbox>
	</object>
	<object>
		<name>dish</name>
		<bndbox>
			<xmin>1310</xmin>
			<ymin>690</ymin>
			<xmax>3678</xmax>
			<ymax>2356</ymax>
		</bndbox>
	</object>
	<object>
		<name>호박죽</name>
		<bndbox>
			<xmin>1911</xmin>
			<ymin>1420</ymin>
			<xmax>3132</xmax>
			<ymax>2250</ymax>
		</bndbox>
	</object>
</annotation>