<annotation>
	<folder>top죽류대접호박죽q2</folder>
	<filename>top_죽류_대접_호박죽_Q2_00029.JPG</filename>
	<path>/top죽류대접호박죽q2/top_죽류_대접_호박죽_Q2_00029.JPG</path>
	<source>
		<database>fooddata</database>
	</source>
	<size>
		<width>5472</width>
		<height>3648</height>
		<depth>3</depth>
	</size>
	<object>
		<name>ref_spoon</name>
		<bndbox>
			<xmin>1986</xmin>
			<ymin>2809</ymin>
			<xmax>2547</xmax>
			<ymax>3176</ymax>
		</bndbox>
	</object>
	<object>
		<name>ref_fork</name>
		<bndbox>
			<xmin>2011</xmin>
			<ymin>2423</ymin>
			<xmax>2601</xmax>
			<ymax>2653</ymax>
		</bndbox>
	</object>
	<object>
		<name>ref_coin</name>
		<bndbox>
			<xmin>2043</xmin>
			<ymin>524</ymin>
			<xmax>2269</xmax>
			<ymax>750</ymax>
		</bndbox>
	</object>
	<object>
		<name>dish</name>
		<bndbox>
			<xmin>2174</xmin>
			<ymin>763</ymin>
			<xmax>3866</xmax>
			<ymax>2420</ymax>
		</bndbox>
	</object>
	<object>
		<name>호박죽</name>
		<bndbox>
			<xmin>2712</xmin>
			<ymin>1212</ymin>
			<xmax>3490</xmax>
			<ymax>2047</ymax>
		</bndbox>
	</object>
</annotation>