<annotation>
	<folder>top죽류대접호박죽q2</folder>
	<filename>top_죽류_대접_호박죽_Q2_00048.JPG</filename>
	<path>/top죽류대접호박죽q2/top_죽류_대접_호박죽_Q2_00048.JPG</path>
	<source>
		<database>fooddata</database>
	</source>
	<size>
		<width>5472</width>
		<height>3648</height>
		<depth>3</depth>
	</size>
	<object>
		<name>ref_spoon</name>
		<bndbox>
			<xmin>462</xmin>
			<ymin>420</ymin>
			<xmax>1022</xmax>
			<ymax>1276</ymax>
		</bndbox>
	</object>
	<object>
		<name>ref_fork</name>
		<bndbox>
			<xmin>1182</xmin>
			<ymin>425</ymin>
			<xmax>1542</xmax>
			<ymax>1339</ymax>
		</bndbox>
	</object>
	<object>
		<name>ref_coin</name>
		<bndbox>
			<xmin>4023</xmin>
			<ymin>697</ymin>
			<xmax>4403</xmax>
			<ymax>1072</ymax>
		</bndbox>
	</object>
	<object>
		<name>dish</name>
		<bndbox>
			<xmin>1547</xmin>
			<ymin>686</ymin>
			<xmax>4246</xmax>
			<ymax>3385</ymax>
		</bndbox>
	</object>
	<object>
		<name>호박죽</name>
		<bndbox>
			<xmin>2169</xmin>
			<ymin>1469</ymin>
			<xmax>3482</xmax>
			<ymax>2621</ymax>
		</bndbox>
	</object>
</annotation>