<annotation>
	<folder>top죽류대접호박죽q2</folder>
	<filename>top_죽류_대접_호박죽_Q2_00017.JPG</filename>
	<path>/top죽류대접호박죽q2/top_죽류_대접_호박죽_Q2_00017.JPG</path>
	<source>
		<database>fooddata</database>
	</source>
	<size>
		<width>5472</width>
		<height>3648</height>
		<depth>3</depth>
	</size>
	<object>
		<name>ref_spoon</name>
		<bndbox>
			<xmin>1656</xmin>
			<ymin>2830</ymin>
			<xmax>2344</xmax>
			<ymax>3281</ymax>
		</bndbox>
	</object>
	<object>
		<name>ref_fork</name>
		<bndbox>
			<xmin>1675</xmin>
			<ymin>2364</ymin>
			<xmax>2411</xmax>
			<ymax>2648</ymax>
		</bndbox>
	</object>
	<object>
		<name>ref_coin</name>
		<bndbox>
			<xmin>3971</xmin>
			<ymin>1820</ymin>
			<xmax>4263</xmax>
			<ymax>2112</ymax>
		</bndbox>
	</object>
	<object>
		<name>dish</name>
		<bndbox>
			<xmin>1858</xmin>
			<ymin>186</ymin>
			<xmax>3938</xmax>
			<ymax>2225</ymax>
		</bndbox>
	</object>
	<object>
		<name>호박죽</name>
		<bndbox>
			<xmin>2334</xmin>
			<ymin>736</ymin>
			<xmax>3323</xmax>
			<ymax>1735</ymax>
		</bndbox>
	</object>
</annotation>