<annotation>
	<folder>top죽류대접호박죽q2</folder>
	<filename>top_죽류_대접_호박죽_Q2_00021.JPG</filename>
	<path>/top죽류대접호박죽q2/top_죽류_대접_호박죽_Q2_00021.JPG</path>
	<source>
		<database>fooddata</database>
	</source>
	<size>
		<width>5472</width>
		<height>3648</height>
		<depth>3</depth>
	</size>
	<object>
		<name>ref_spoon</name>
		<bndbox>
			<xmin>1764</xmin>
			<ymin>2841</ymin>
			<xmax>2437</xmax>
			<ymax>3284</ymax>
		</bndbox>
	</object>
	<object>
		<name>ref_fork</name>
		<bndbox>
			<xmin>1778</xmin>
			<ymin>2368</ymin>
			<xmax>2503</xmax>
			<ymax>2648</ymax>
		</bndbox>
	</object>
	<object>
		<name>ref_coin</name>
		<bndbox>
			<xmin>4089</xmin>
			<ymin>608</ymin>
			<xmax>4381</xmax>
			<ymax>892</ymax>
		</bndbox>
	</object>
	<object>
		<name>dish</name>
		<bndbox>
			<xmin>1752</xmin>
			<ymin>283</ymin>
			<xmax>3807</xmax>
			<ymax>2274</ymax>
		</bndbox>
	</object>
	<object>
		<name>호박죽</name>
		<bndbox>
			<xmin>2437</xmin>
			<ymin>833</ymin>
			<xmax>3370</xmax>
			<ymax>1846</ymax>
		</bndbox>
	</object>
</annotation>