<annotation>
	<folder>top죽류대접호박죽q2</folder>
	<filename>top_죽류_대접_호박죽_Q2_00003.JPG</filename>
	<path>/top죽류대접호박죽q2/top_죽류_대접_호박죽_Q2_00003.JPG</path>
	<source>
		<database>fooddata</database>
	</source>
	<size>
		<width>5472</width>
		<height>3648</height>
		<depth>3</depth>
	</size>
	<object>
		<name>ref_spoon</name>
		<bndbox>
			<xmin>3548</xmin>
			<ymin>371</ymin>
			<xmax>4056</xmax>
			<ymax>1178</ymax>
		</bndbox>
	</object>
	<object>
		<name>ref_fork</name>
		<bndbox>
			<xmin>4206</xmin>
			<ymin>310</ymin>
			<xmax>4540</xmax>
			<ymax>1196</ymax>
		</bndbox>
	</object>
	<object>
		<name>ref_coin</name>
		<bndbox>
			<xmin>2457</xmin>
			<ymin>3091</ymin>
			<xmax>2801</xmax>
			<ymax>3460</ymax>
		</bndbox>
	</object>
	<object>
		<name>dish</name>
		<bndbox>
			<xmin>754</xmin>
			<ymin>347</ymin>
			<xmax>3289</xmax>
			<ymax>2857</ymax>
		</bndbox>
	</object>
	<object>
		<name>호박죽</name>
		<bndbox>
			<xmin>1498</xmin>
			<ymin>1009</ymin>
			<xmax>2788</xmax>
			<ymax>2239</ymax>
		</bndbox>
	</object>
</annotation>