<annotation>
	<folder>top죽류대접호박죽q2</folder>
	<filename>top_죽류_대접_호박죽_Q2_00022.JPG</filename>
	<path>/top죽류대접호박죽q2/top_죽류_대접_호박죽_Q2_00022.JPG</path>
	<source>
		<database>fooddata</database>
	</source>
	<size>
		<width>5472</width>
		<height>3648</height>
		<depth>3</depth>
	</size>
	<object>
		<name>ref_spoon</name>
		<bndbox>
			<xmin>1667</xmin>
			<ymin>2757</ymin>
			<xmax>2290</xmax>
			<ymax>3151</ymax>
		</bndbox>
	</object>
	<object>
		<name>ref_fork</name>
		<bndbox>
			<xmin>1674</xmin>
			<ymin>2322</ymin>
			<xmax>2328</xmax>
			<ymax>2582</ymax>
		</bndbox>
	</object>
	<object>
		<name>ref_coin</name>
		<bndbox>
			<xmin>3673</xmin>
			<ymin>436</ymin>
			<xmax>3934</xmax>
			<ymax>686</ymax>
		</bndbox>
	</object>
	<object>
		<name>dish</name>
		<bndbox>
			<xmin>1691</xmin>
			<ymin>479</ymin>
			<xmax>3543</xmax>
			<ymax>2304</ymax>
		</bndbox>
	</object>
	<object>
		<name>호박죽</name>
		<bndbox>
			<xmin>2218</xmin>
			<ymin>1072</ymin>
			<xmax>3139</xmax>
			<ymax>1919</ymax>
		</bndbox>
	</object>
</annotation>