<annotation>
	<folder>top죽류대접호박죽q2</folder>
	<filename>top_죽류_대접_호박죽_Q2_00053.JPG</filename>
	<path>/top죽류대접호박죽q2/top_죽류_대접_호박죽_Q2_00053.JPG</path>
	<source>
		<database>fooddata</database>
	</source>
	<size>
		<width>5472</width>
		<height>3648</height>
		<depth>3</depth>
	</size>
	<object>
		<name>ref_spoon</name>
		<bndbox>
			<xmin>378</xmin>
			<ymin>241</ymin>
			<xmax>908</xmax>
			<ymax>1085</ymax>
		</bndbox>
	</object>
	<object>
		<name>ref_fork</name>
		<bndbox>
			<xmin>1071</xmin>
			<ymin>224</ymin>
			<xmax>1412</xmax>
			<ymax>1140</ymax>
		</bndbox>
	</object>
	<object>
		<name>ref_coin</name>
		<bndbox>
			<xmin>3567</xmin>
			<ymin>3043</ymin>
			<xmax>3949</xmax>
			<ymax>3426</ymax>
		</bndbox>
	</object>
	<object>
		<name>dish</name>
		<bndbox>
			<xmin>1382</xmin>
			<ymin>376</ymin>
			<xmax>4067</xmax>
			<ymax>2984</ymax>
		</bndbox>
	</object>
	<object>
		<name>호박죽</name>
		<bndbox>
			<xmin>1946</xmin>
			<ymin>1242</ymin>
			<xmax>2773</xmax>
			<ymax>2293</ymax>
		</bndbox>
	</object>
</annotation>