<annotation>
	<folder>top죽류대접호박죽q2</folder>
	<filename>top_죽류_대접_호박죽_Q2_00032.JPG</filename>
	<path>/top죽류대접호박죽q2/top_죽류_대접_호박죽_Q2_00032.JPG</path>
	<source>
		<database>fooddata</database>
	</source>
	<size>
		<width>5472</width>
		<height>3648</height>
		<depth>3</depth>
	</size>
	<object>
		<name>ref_spoon</name>
		<bndbox>
			<xmin>1840</xmin>
			<ymin>2746</ymin>
			<xmax>2392</xmax>
			<ymax>3116</ymax>
		</bndbox>
	</object>
	<object>
		<name>ref_fork</name>
		<bndbox>
			<xmin>1863</xmin>
			<ymin>2359</ymin>
			<xmax>2468</xmax>
			<ymax>2592</ymax>
		</bndbox>
	</object>
	<object>
		<name>ref_coin</name>
		<bndbox>
			<xmin>1571</xmin>
			<ymin>1214</ymin>
			<xmax>1807</xmax>
			<ymax>1438</ymax>
		</bndbox>
	</object>
	<object>
		<name>dish</name>
		<bndbox>
			<xmin>2142</xmin>
			<ymin>665</ymin>
			<xmax>3846</xmax>
			<ymax>2335</ymax>
		</bndbox>
	</object>
	<object>
		<name>호박죽</name>
		<bndbox>
			<xmin>2548</xmin>
			<ymin>1196</ymin>
			<xmax>3400</xmax>
			<ymax>1985</ymax>
		</bndbox>
	</object>
</annotation>