<annotation>
	<folder>top죽류대접호박죽q2</folder>
	<filename>top_죽류_대접_호박죽_Q2_00008.JPG</filename>
	<path>/top죽류대접호박죽q2/top_죽류_대접_호박죽_Q2_00008.JPG</path>
	<source>
		<database>fooddata</database>
	</source>
	<size>
		<width>5472</width>
		<height>3648</height>
		<depth>3</depth>
	</size>
	<object>
		<name>ref_spoon</name>
		<bndbox>
			<xmin>3744</xmin>
			<ymin>562</ymin>
			<xmax>4209</xmax>
			<ymax>1323</ymax>
		</bndbox>
	</object>
	<object>
		<name>ref_fork</name>
		<bndbox>
			<xmin>4341</xmin>
			<ymin>559</ymin>
			<xmax>4622</xmax>
			<ymax>1360</ymax>
		</bndbox>
	</object>
	<object>
		<name>ref_coin</name>
		<bndbox>
			<xmin>739</xmin>
			<ymin>1221</ymin>
			<xmax>1072</xmax>
			<ymax>1548</ymax>
		</bndbox>
	</object>
	<object>
		<name>dish</name>
		<bndbox>
			<xmin>1437</xmin>
			<ymin>473</ymin>
			<xmax>3748</xmax>
			<ymax>2811</ymax>
		</bndbox>
	</object>
	<object>
		<name>호박죽</name>
		<bndbox>
			<xmin>1983</xmin>
			<ymin>1065</ymin>
			<xmax>3157</xmax>
			<ymax>2229</ymax>
		</bndbox>
	</object>
</annotation>