<annotation>
	<folder>top죽류대접호박죽q2</folder>
	<filename>top_죽류_대접_호박죽_Q2_00042.JPG</filename>
	<path>/top죽류대접호박죽q2/top_죽류_대접_호박죽_Q2_00042.JPG</path>
	<source>
		<database>fooddata</database>
	</source>
	<size>
		<width>5472</width>
		<height>3648</height>
		<depth>3</depth>
	</size>
	<object>
		<name>ref_spoon</name>
		<bndbox>
			<xmin>1372</xmin>
			<ymin>552</ymin>
			<xmax>1808</xmax>
			<ymax>1262</ymax>
		</bndbox>
	</object>
	<object>
		<name>ref_fork</name>
		<bndbox>
			<xmin>1923</xmin>
			<ymin>563</ymin>
			<xmax>2215</xmax>
			<ymax>1295</ymax>
		</bndbox>
	</object>
	<object>
		<name>ref_coin</name>
		<bndbox>
			<xmin>4884</xmin>
			<ymin>1676</ymin>
			<xmax>5195</xmax>
			<ymax>1983</ymax>
		</bndbox>
	</object>
	<object>
		<name>dish</name>
		<bndbox>
			<xmin>2233</xmin>
			<ymin>770</ymin>
			<xmax>4461</xmax>
			<ymax>2974</ymax>
		</bndbox>
	</object>
	<object>
		<name>호박죽</name>
		<bndbox>
			<xmin>2690</xmin>
			<ymin>1417</ymin>
			<xmax>3799</xmax>
			<ymax>2249</ymax>
		</bndbox>
	</object>
</annotation>