<annotation>
	<folder>top죽류대접호박죽q2</folder>
	<filename>top_죽류_대접_호박죽_Q2_00020.JPG</filename>
	<path>/top죽류대접호박죽q2/top_죽류_대접_호박죽_Q2_00020.JPG</path>
	<source>
		<database>fooddata</database>
	</source>
	<size>
		<width>5472</width>
		<height>3648</height>
		<depth>3</depth>
	</size>
	<object>
		<name>ref_spoon</name>
		<bndbox>
			<xmin>1717</xmin>
			<ymin>2814</ymin>
			<xmax>2397</xmax>
			<ymax>3256</ymax>
		</bndbox>
	</object>
	<object>
		<name>ref_fork</name>
		<bndbox>
			<xmin>1733</xmin>
			<ymin>2355</ymin>
			<xmax>2430</xmax>
			<ymax>2626</ymax>
		</bndbox>
	</object>
	<object>
		<name>ref_coin</name>
		<bndbox>
			<xmin>4166</xmin>
			<ymin>843</ymin>
			<xmax>4463</xmax>
			<ymax>1133</ymax>
		</bndbox>
	</object>
	<object>
		<name>dish</name>
		<bndbox>
			<xmin>1736</xmin>
			<ymin>251</ymin>
			<xmax>3786</xmax>
			<ymax>2264</ymax>
		</bndbox>
	</object>
	<object>
		<name>호박죽</name>
		<bndbox>
			<xmin>2335</xmin>
			<ymin>797</ymin>
			<xmax>3340</xmax>
			<ymax>1794</ymax>
		</bndbox>
	</object>
</annotation>