<annotation>
	<folder>top죽류대접호박죽q2</folder>
	<filename>top_죽류_대접_호박죽_Q2_00038.JPG</filename>
	<path>/top죽류대접호박죽q2/top_죽류_대접_호박죽_Q2_00038.JPG</path>
	<source>
		<database>fooddata</database>
	</source>
	<size>
		<width>5472</width>
		<height>3648</height>
		<depth>3</depth>
	</size>
	<object>
		<name>ref_spoon</name>
		<bndbox>
			<xmin>1334</xmin>
			<ymin>316</ymin>
			<xmax>1794</xmax>
			<ymax>1035</ymax>
		</bndbox>
	</object>
	<object>
		<name>ref_fork</name>
		<bndbox>
			<xmin>1927</xmin>
			<ymin>313</ymin>
			<xmax>2207</xmax>
			<ymax>1104</ymax>
		</bndbox>
	</object>
	<object>
		<name>ref_coin</name>
		<bndbox>
			<xmin>4261</xmin>
			<ymin>2670</ymin>
			<xmax>4581</xmax>
			<ymax>2999</ymax>
		</bndbox>
	</object>
	<object>
		<name>dish</name>
		<bndbox>
			<xmin>2272</xmin>
			<ymin>493</ymin>
			<xmax>4549</xmax>
			<ymax>2750</ymax>
		</bndbox>
	</object>
	<object>
		<name>호박죽</name>
		<bndbox>
			<xmin>2773</xmin>
			<ymin>1155</ymin>
			<xmax>3824</xmax>
			<ymax>2259</ymax>
		</bndbox>
	</object>
</annotation>