<annotation>
	<folder>top죽류대접호박죽q2</folder>
	<filename>top_죽류_대접_호박죽_Q2_00011.JPG</filename>
	<path>/top죽류대접호박죽q2/top_죽류_대접_호박죽_Q2_00011.JPG</path>
	<source>
		<database>fooddata</database>
	</source>
	<size>
		<width>5472</width>
		<height>3648</height>
		<depth>3</depth>
	</size>
	<object>
		<name>ref_spoon</name>
		<bndbox>
			<xmin>3775</xmin>
			<ymin>578</ymin>
			<xmax>4281</xmax>
			<ymax>1399</ymax>
		</bndbox>
	</object>
	<object>
		<name>ref_fork</name>
		<bndbox>
			<xmin>4426</xmin>
			<ymin>541</ymin>
			<xmax>4758</xmax>
			<ymax>1425</ymax>
		</bndbox>
	</object>
	<object>
		<name>ref_coin</name>
		<bndbox>
			<xmin>858</xmin>
			<ymin>774</ymin>
			<xmax>1205</xmax>
			<ymax>1122</ymax>
		</bndbox>
	</object>
	<object>
		<name>dish</name>
		<bndbox>
			<xmin>1338</xmin>
			<ymin>502</ymin>
			<xmax>3909</xmax>
			<ymax>3090</ymax>
		</bndbox>
	</object>
	<object>
		<name>호박죽</name>
		<bndbox>
			<xmin>2039</xmin>
			<ymin>1160</ymin>
			<xmax>3295</xmax>
			<ymax>2432</ymax>
		</bndbox>
	</object>
</annotation>