<annotation>
	<folder>side생선조림사각배달꽁치조림q3</folder>
	<filename>side_생선조림_사각배달_꽁치조림_Q3_00030.JPG</filename>
	<path>/side생선조림사각배달꽁치조림q3/side_생선조림_사각배달_꽁치조림_Q3_00030.JPG</path>
	<source>
		<database>fooddata</database>
	</source>
	<size>
		<width>3008</width>
		<height>2000</height>
		<depth>3</depth>
	</size>
	<object>
		<name>ref_spoon</name>
		<bndbox>
			<xmin>927</xmin>
			<ymin>1617</ymin>
			<xmax>1366</xmax>
			<ymax>1830</ymax>
		</bndbox>
	</object>
	<object>
		<name>ref_fork</name>
		<bndbox>
			<xmin>923</xmin>
			<ymin>1350</ymin>
			<xmax>1398</xmax>
			<ymax>1563</ymax>
		</bndbox>
	</object>
	<object>
		<name>ref_coin</name>
		<bndbox>
			<xmin>2418</xmin>
			<ymin>1102</ymin>
			<xmax>2613</xmax>
			<ymax>1244</ymax>
		</bndbox>
	</object>
	<object>
		<name>dish</name>
		<bndbox>
			<xmin>728</xmin>
			<ymin>228</ymin>
			<xmax>2183</xmax>
			<ymax>1173</ymax>
		</bndbox>
	</object>
	<object>
		<name>꽁치조림</name>
		<bndbox>
			<xmin>989</xmin>
			<ymin>610</ymin>
			<xmax>1921</xmax>
			<ymax>907</ymax>
		</bndbox>
	</object>
</annotation>