<annotation>
	<folder>side생선조림사각배달꽁치조림q3</folder>
	<filename>side_생선조림_사각배달_꽁치조림_Q3_00014.JPG</filename>
	<path>/side생선조림사각배달꽁치조림q3/side_생선조림_사각배달_꽁치조림_Q3_00014.JPG</path>
	<source>
		<database>fooddata</database>
	</source>
	<size>
		<width>3008</width>
		<height>2000</height>
		<depth>3</depth>
	</size>
	<object>
		<name>ref_spoon</name>
		<bndbox>
			<xmin>2125</xmin>
			<ymin>632</ymin>
			<xmax>2391</xmax>
			<ymax>978</ymax>
		</bndbox>
	</object>
	<object>
		<name>ref_fork</name>
		<bndbox>
			<xmin>2533</xmin>
			<ymin>663</ymin>
			<xmax>2728</xmax>
			<ymax>1035</ymax>
		</bndbox>
	</object>
	<object>
		<name>ref_coin</name>
		<bndbox>
			<xmin>1602</xmin>
			<ymin>1639</ymin>
			<xmax>1823</xmax>
			<ymax>1790</ymax>
		</bndbox>
	</object>
	<object>
		<name>dish</name>
		<bndbox>
			<xmin>377</xmin>
			<ymin>432</ymin>
			<xmax>1637</xmax>
			<ymax>1603</ymax>
		</bndbox>
	</object>
	<object>
		<name>꽁치조림</name>
		<bndbox>
			<xmin>568</xmin>
			<ymin>809</ymin>
			<xmax>1256</xmax>
			<ymax>1288</ymax>
		</bndbox>
	</object>
</annotation>