<annotation>
	<folder>side생선조림사각배달꽁치조림q3</folder>
	<filename>side_생선조림_사각배달_꽁치조림_Q3_00026.JPG</filename>
	<path>/side생선조림사각배달꽁치조림q3/side_생선조림_사각배달_꽁치조림_Q3_00026.JPG</path>
	<source>
		<database>fooddata</database>
	</source>
	<size>
		<width>3008</width>
		<height>2000</height>
		<depth>3</depth>
	</size>
	<object>
		<name>ref_spoon</name>
		<bndbox>
			<xmin>905</xmin>
			<ymin>1603</ymin>
			<xmax>1344</xmax>
			<ymax>1816</ymax>
		</bndbox>
	</object>
	<object>
		<name>ref_fork</name>
		<bndbox>
			<xmin>909</xmin>
			<ymin>1333</ymin>
			<xmax>1375</xmax>
			<ymax>1541</ymax>
		</bndbox>
	</object>
	<object>
		<name>ref_coin</name>
		<bndbox>
			<xmin>1287</xmin>
			<ymin>1231</ymin>
			<xmax>1482</xmax>
			<ymax>1373</ymax>
		</bndbox>
	</object>
	<object>
		<name>dish</name>
		<bndbox>
			<xmin>1051</xmin>
			<ymin>99</ymin>
			<xmax>2054</xmax>
			<ymax>1111</ymax>
		</bndbox>
	</object>
	<object>
		<name>꽁치조림</name>
		<bndbox>
			<xmin>1278</xmin>
			<ymin>370</ymin>
			<xmax>1908</xmax>
			<ymax>827</ymax>
		</bndbox>
	</object>
</annotation>