<annotation>
	<folder>side생선조림사각배달꽁치조림q3</folder>
	<filename>side_생선조림_사각배달_꽁치조림_Q3_00033.JPG</filename>
	<path>/side생선조림사각배달꽁치조림q3/side_생선조림_사각배달_꽁치조림_Q3_00033.JPG</path>
	<source>
		<database>fooddata</database>
	</source>
	<size>
		<width>3008</width>
		<height>2000</height>
		<depth>3</depth>
	</size>
	<object>
		<name>ref_spoon</name>
		<bndbox>
			<xmin>621</xmin>
			<ymin>729</ymin>
			<xmax>878</xmax>
			<ymax>1044</ymax>
		</bndbox>
	</object>
	<object>
		<name>ref_fork</name>
		<bndbox>
			<xmin>1029</xmin>
			<ymin>752</ymin>
			<xmax>1202</xmax>
			<ymax>1124</ymax>
		</bndbox>
	</object>
	<object>
		<name>ref_coin</name>
		<bndbox>
			<xmin>1313</xmin>
			<ymin>1657</ymin>
			<xmax>1531</xmax>
			<ymax>1799</ymax>
		</bndbox>
	</object>
	<object>
		<name>dish</name>
		<bndbox>
			<xmin>1353</xmin>
			<ymin>428</ymin>
			<xmax>2405</xmax>
			<ymax>1515</ymax>
		</bndbox>
	</object>
	<object>
		<name>꽁치조림</name>
		<bndbox>
			<xmin>1517</xmin>
			<ymin>756</ymin>
			<xmax>2272</xmax>
			<ymax>1226</ymax>
		</bndbox>
	</object>
</annotation>