<annotation>
	<folder>side생선조림사각배달꽁치조림q3</folder>
	<filename>side_생선조림_사각배달_꽁치조림_Q3_00049.JPG</filename>
	<path>/side생선조림사각배달꽁치조림q3/side_생선조림_사각배달_꽁치조림_Q3_00049.JPG</path>
	<source>
		<database>fooddata</database>
	</source>
	<size>
		<width>3008</width>
		<height>2000</height>
		<depth>3</depth>
	</size>
	<object>
		<name>ref_spoon</name>
		<bndbox>
			<xmin>546</xmin>
			<ymin>539</ymin>
			<xmax>790</xmax>
			<ymax>858</ymax>
		</bndbox>
	</object>
	<object>
		<name>ref_fork</name>
		<bndbox>
			<xmin>949</xmin>
			<ymin>552</ymin>
			<xmax>1122</xmax>
			<ymax>916</ymax>
		</bndbox>
	</object>
	<object>
		<name>ref_coin</name>
		<bndbox>
			<xmin>1358</xmin>
			<ymin>224</ymin>
			<xmax>1526</xmax>
			<ymax>335</ymax>
		</bndbox>
	</object>
	<object>
		<name>dish</name>
		<bndbox>
			<xmin>1327</xmin>
			<ymin>414</ymin>
			<xmax>2409</xmax>
			<ymax>1546</ymax>
		</bndbox>
	</object>
	<object>
		<name>꽁치조림</name>
		<bndbox>
			<xmin>1584</xmin>
			<ymin>791</ymin>
			<xmax>2280</xmax>
			<ymax>1257</ymax>
		</bndbox>
	</object>
</annotation>