<annotation>
	<folder>top생선조림사각배달꽁치조림q3</folder>
	<filename>top_생선조림_사각배달_꽁치조림_Q3_00001.JPG</filename>
	<path>/top생선조림사각배달꽁치조림q3/top_생선조림_사각배달_꽁치조림_Q3_00001.JPG</path>
	<source>
		<database>fooddata</database>
	</source>
	<size>
		<width>3008</width>
		<height>2000</height>
		<depth>3</depth>
	</size>
	<object>
		<name>ref_spoon</name>
		<bndbox>
			<xmin>1969</xmin>
			<ymin>314</ymin>
			<xmax>2249</xmax>
			<ymax>731</ymax>
		</bndbox>
	</object>
	<object>
		<name>ref_fork</name>
		<bndbox>
			<xmin>2332</xmin>
			<ymin>389</ymin>
			<xmax>2544</xmax>
			<ymax>833</ymax>
		</bndbox>
	</object>
	<object>
		<name>ref_coin</name>
		<bndbox>
			<xmin>1417</xmin>
			<ymin>1553</ymin>
			<xmax>1617</xmax>
			<ymax>1754</ymax>
		</bndbox>
	</object>
	<object>
		<name>dish</name>
		<bndbox>
			<xmin>174</xmin>
			<ymin>309</ymin>
			<xmax>1656</xmax>
			<ymax>1392</ymax>
		</bndbox>
	</object>
	<object>
		<name>꽁치조림</name>
		<bndbox>
			<xmin>397</xmin>
			<ymin>554</ymin>
			<xmax>1298</xmax>
			<ymax>1244</ymax>
		</bndbox>
	</object>
</annotation>