<annotation>
	<folder>top생선조림사각배달꽁치조림q3</folder>
	<filename>top_생선조림_사각배달_꽁치조림_Q3_00028.JPG</filename>
	<path>/top생선조림사각배달꽁치조림q3/top_생선조림_사각배달_꽁치조림_Q3_00028.JPG</path>
	<source>
		<database>fooddata</database>
	</source>
	<size>
		<width>3008</width>
		<height>2000</height>
		<depth>3</depth>
	</size>
	<object>
		<name>ref_spoon</name>
		<bndbox>
			<xmin>808</xmin>
			<ymin>1598</ymin>
			<xmax>1146</xmax>
			<ymax>1828</ymax>
		</bndbox>
	</object>
	<object>
		<name>ref_fork</name>
		<bndbox>
			<xmin>852</xmin>
			<ymin>1356</ymin>
			<xmax>1205</xmax>
			<ymax>1509</ymax>
		</bndbox>
	</object>
	<object>
		<name>ref_coin</name>
		<bndbox>
			<xmin>2131</xmin>
			<ymin>238</ymin>
			<xmax>2287</xmax>
			<ymax>389</ymax>
		</bndbox>
	</object>
	<object>
		<name>dish</name>
		<bndbox>
			<xmin>781</xmin>
			<ymin>187</ymin>
			<xmax>1974</xmax>
			<ymax>1284</ymax>
		</bndbox>
	</object>
	<object>
		<name>꽁치조림</name>
		<bndbox>
			<xmin>1026</xmin>
			<ymin>368</ymin>
			<xmax>1818</xmax>
			<ymax>1186</ymax>
		</bndbox>
	</object>
</annotation>