<annotation>
	<folder>top생선조림사각배달꽁치조림q3</folder>
	<filename>top_생선조림_사각배달_꽁치조림_Q3_00005.JPG</filename>
	<path>/top생선조림사각배달꽁치조림q3/top_생선조림_사각배달_꽁치조림_Q3_00005.JPG</path>
	<source>
		<database>fooddata</database>
	</source>
	<size>
		<width>3008</width>
		<height>2000</height>
		<depth>3</depth>
	</size>
	<object>
		<name>ref_spoon</name>
		<bndbox>
			<xmin>1984</xmin>
			<ymin>420</ymin>
			<xmax>2254</xmax>
			<ymax>804</ymax>
		</bndbox>
	</object>
	<object>
		<name>ref_fork</name>
		<bndbox>
			<xmin>2320</xmin>
			<ymin>508</ymin>
			<xmax>2530</xmax>
			<ymax>922</ymax>
		</bndbox>
	</object>
	<object>
		<name>ref_coin</name>
		<bndbox>
			<xmin>395</xmin>
			<ymin>1029</ymin>
			<xmax>578</xmax>
			<ymax>1211</ymax>
		</bndbox>
	</object>
	<object>
		<name>dish</name>
		<bndbox>
			<xmin>572</xmin>
			<ymin>325</ymin>
			<xmax>1659</xmax>
			<ymax>1715</ymax>
		</bndbox>
	</object>
	<object>
		<name>꽁치조림</name>
		<bndbox>
			<xmin>784</xmin>
			<ymin>545</ymin>
			<xmax>1455</xmax>
			<ymax>1382</ymax>
		</bndbox>
	</object>
</annotation>