<annotation>
	<folder>top생선조림사각배달꽁치조림q3</folder>
	<filename>top_생선조림_사각배달_꽁치조림_Q3_00033.JPG</filename>
	<path>/top생선조림사각배달꽁치조림q3/top_생선조림_사각배달_꽁치조림_Q3_00033.JPG</path>
	<source>
		<database>fooddata</database>
	</source>
	<size>
		<width>3008</width>
		<height>2000</height>
		<depth>3</depth>
	</size>
	<object>
		<name>ref_spoon</name>
		<bndbox>
			<xmin>637</xmin>
			<ymin>275</ymin>
			<xmax>882</xmax>
			<ymax>633</ymax>
		</bndbox>
	</object>
	<object>
		<name>ref_fork</name>
		<bndbox>
			<xmin>926</xmin>
			<ymin>339</ymin>
			<xmax>1082</xmax>
			<ymax>716</ymax>
		</bndbox>
	</object>
	<object>
		<name>ref_coin</name>
		<bndbox>
			<xmin>1104</xmin>
			<ymin>1544</ymin>
			<xmax>1270</xmax>
			<ymax>1720</ymax>
		</bndbox>
	</object>
	<object>
		<name>dish</name>
		<bndbox>
			<xmin>1156</xmin>
			<ymin>236</ymin>
			<xmax>2120</xmax>
			<ymax>1505</ymax>
		</bndbox>
	</object>
	<object>
		<name>꽁치조림</name>
		<bndbox>
			<xmin>1382</xmin>
			<ymin>427</ymin>
			<xmax>1925</xmax>
			<ymax>1382</ymax>
		</bndbox>
	</object>
</annotation>