<annotation>
	<folder>top생선조림사각배달꽁치조림q3</folder>
	<filename>top_생선조림_사각배달_꽁치조림_Q3_00040.JPG</filename>
	<path>/top생선조림사각배달꽁치조림q3/top_생선조림_사각배달_꽁치조림_Q3_00040.JPG</path>
	<source>
		<database>fooddata</database>
	</source>
	<size>
		<width>3008</width>
		<height>2000</height>
		<depth>3</depth>
	</size>
	<object>
		<name>ref_spoon</name>
		<bndbox>
			<xmin>467</xmin>
			<ymin>255</ymin>
			<xmax>720</xmax>
			<ymax>628</ymax>
		</bndbox>
	</object>
	<object>
		<name>ref_fork</name>
		<bndbox>
			<xmin>757</xmin>
			<ymin>336</ymin>
			<xmax>924</xmax>
			<ymax>740</ymax>
		</bndbox>
	</object>
	<object>
		<name>ref_coin</name>
		<bndbox>
			<xmin>2092</xmin>
			<ymin>1162</ymin>
			<xmax>2268</xmax>
			<ymax>1338</ymax>
		</bndbox>
	</object>
	<object>
		<name>dish</name>
		<bndbox>
			<xmin>917</xmin>
			<ymin>238</ymin>
			<xmax>1997</xmax>
			<ymax>1579</ymax>
		</bndbox>
	</object>
	<object>
		<name>꽁치조림</name>
		<bndbox>
			<xmin>1151</xmin>
			<ymin>698</ymin>
			<xmax>1862</xmax>
			<ymax>1367</ymax>
		</bndbox>
	</object>
</annotation>