<annotation>
	<folder>top생선조림사각배달꽁치조림q3</folder>
	<filename>top_생선조림_사각배달_꽁치조림_Q3_00054.JPG</filename>
	<path>/top생선조림사각배달꽁치조림q3/top_생선조림_사각배달_꽁치조림_Q3_00054.JPG</path>
	<source>
		<database>fooddata</database>
	</source>
	<size>
		<width>3008</width>
		<height>2000</height>
		<depth>3</depth>
	</size>
	<object>
		<name>ref_spoon</name>
		<bndbox>
			<xmin>396</xmin>
			<ymin>94</ymin>
			<xmax>661</xmax>
			<ymax>500</ymax>
		</bndbox>
	</object>
	<object>
		<name>ref_fork</name>
		<bndbox>
			<xmin>701</xmin>
			<ymin>182</ymin>
			<xmax>886</xmax>
			<ymax>628</ymax>
		</bndbox>
	</object>
	<object>
		<name>ref_coin</name>
		<bndbox>
			<xmin>1911</xmin>
			<ymin>1585</ymin>
			<xmax>2111</xmax>
			<ymax>1785</ymax>
		</bndbox>
	</object>
	<object>
		<name>dish</name>
		<bndbox>
			<xmin>808</xmin>
			<ymin>206</ymin>
			<xmax>1965</xmax>
			<ymax>1663</ymax>
		</bndbox>
	</object>
	<object>
		<name>꽁치조림</name>
		<bndbox>
			<xmin>1029</xmin>
			<ymin>393</ymin>
			<xmax>1816</xmax>
			<ymax>1470</ymax>
		</bndbox>
	</object>
</annotation>