<annotation>
	<folder>top생선조림사각배달꽁치조림q3</folder>
	<filename>top_생선조림_사각배달_꽁치조림_Q3_00008.JPG</filename>
	<path>/top생선조림사각배달꽁치조림q3/top_생선조림_사각배달_꽁치조림_Q3_00008.JPG</path>
	<source>
		<database>fooddata</database>
	</source>
	<size>
		<width>3008</width>
		<height>2000</height>
		<depth>3</depth>
	</size>
	<object>
		<name>ref_spoon</name>
		<bndbox>
			<xmin>1935</xmin>
			<ymin>427</ymin>
			<xmax>2205</xmax>
			<ymax>814</ymax>
		</bndbox>
	</object>
	<object>
		<name>ref_fork</name>
		<bndbox>
			<xmin>2265</xmin>
			<ymin>505</ymin>
			<xmax>2483</xmax>
			<ymax>927</ymax>
		</bndbox>
	</object>
	<object>
		<name>ref_coin</name>
		<bndbox>
			<xmin>708</xmin>
			<ymin>219</ymin>
			<xmax>886</xmax>
			<ymax>392</ymax>
		</bndbox>
	</object>
	<object>
		<name>dish</name>
		<bndbox>
			<xmin>216</xmin>
			<ymin>593</ymin>
			<xmax>1646</xmax>
			<ymax>1681</ymax>
		</bndbox>
	</object>
	<object>
		<name>꽁치조림</name>
		<bndbox>
			<xmin>601</xmin>
			<ymin>794</ymin>
			<xmax>1519</xmax>
			<ymax>1407</ymax>
		</bndbox>
	</object>
</annotation>