<annotation>
	<folder>top생선조림사각배달꽁치조림q3</folder>
	<filename>top_생선조림_사각배달_꽁치조림_Q3_00006.JPG</filename>
	<path>/top생선조림사각배달꽁치조림q3/top_생선조림_사각배달_꽁치조림_Q3_00006.JPG</path>
	<source>
		<database>fooddata</database>
	</source>
	<size>
		<width>3008</width>
		<height>2000</height>
		<depth>3</depth>
	</size>
	<object>
		<name>ref_spoon</name>
		<bndbox>
			<xmin>1994</xmin>
			<ymin>432</ymin>
			<xmax>2257</xmax>
			<ymax>809</ymax>
		</bndbox>
	</object>
	<object>
		<name>ref_fork</name>
		<bndbox>
			<xmin>2321</xmin>
			<ymin>515</ymin>
			<xmax>2532</xmax>
			<ymax>936</ymax>
		</bndbox>
	</object>
	<object>
		<name>ref_coin</name>
		<bndbox>
			<xmin>367</xmin>
			<ymin>671</ymin>
			<xmax>558</xmax>
			<ymax>848</ymax>
		</bndbox>
	</object>
	<object>
		<name>dish</name>
		<bndbox>
			<xmin>420</xmin>
			<ymin>353</ymin>
			<xmax>1708</xmax>
			<ymax>1796</ymax>
		</bndbox>
	</object>
	<object>
		<name>꽁치조림</name>
		<bndbox>
			<xmin>725</xmin>
			<ymin>655</ymin>
			<xmax>1491</xmax>
			<ymax>1382</ymax>
		</bndbox>
	</object>
</annotation>