<annotation>
	<folder>side비빔밥덮밥류냉면기전주비빔밥q3</folder>
	<filename>side_비빔밥덮밥류_냉면기_전주비빔밥_Q3_00013.JPG</filename>
	<path>/side비빔밥덮밥류냉면기전주비빔밥q3/side_비빔밥덮밥류_냉면기_전주비빔밥_Q3_00013.JPG</path>
	<source>
		<database>fooddata</database>
	</source>
	<size>
		<width>3008</width>
		<height>2000</height>
		<depth>3</depth>
	</size>
	<object>
		<name>ref_spoon</name>
		<bndbox>
			<xmin>2241</xmin>
			<ymin>451</ymin>
			<xmax>2504</xmax>
			<ymax>956</ymax>
		</bndbox>
	</object>
	<object>
		<name>ref_fork</name>
		<bndbox>
			<xmin>2692</xmin>
			<ymin>526</ymin>
			<xmax>2890</xmax>
			<ymax>1034</ymax>
		</bndbox>
	</object>
	<object>
		<name>ref_coin</name>
		<bndbox>
			<xmin>1985</xmin>
			<ymin>881</ymin>
			<xmax>2187</xmax>
			<ymax>1020</ymax>
		</bndbox>
	</object>
	<object>
		<name>dish</name>
		<bndbox>
			<xmin>146</xmin>
			<ymin>471</ymin>
			<xmax>1600</xmax>
			<ymax>1700</ymax>
		</bndbox>
	</object>
	<object>
		<name>전주비빔밥</name>
		<bndbox>
			<xmin>398</xmin>
			<ymin>771</ymin>
			<xmax>1432</xmax>
			<ymax>1416</ymax>
		</bndbox>
	</object>
</annotation>