<annotation>
	<folder>side비빔밥덮밥류냉면기전주비빔밥q3</folder>
	<filename>side_비빔밥덮밥류_냉면기_전주비빔밥_Q3_00055.JPG</filename>
	<path>/side비빔밥덮밥류냉면기전주비빔밥q3/side_비빔밥덮밥류_냉면기_전주비빔밥_Q3_00055.JPG</path>
	<source>
		<database>fooddata</database>
	</source>
	<size>
		<width>3008</width>
		<height>2000</height>
		<depth>3</depth>
	</size>
	<object>
		<name>ref_spoon</name>
		<bndbox>
			<xmin>453</xmin>
			<ymin>515</ymin>
			<xmax>678</xmax>
			<ymax>952</ymax>
		</bndbox>
	</object>
	<object>
		<name>ref_fork</name>
		<bndbox>
			<xmin>784</xmin>
			<ymin>536</ymin>
			<xmax>941</xmax>
			<ymax>966</ymax>
		</bndbox>
	</object>
	<object>
		<name>ref_coin</name>
		<bndbox>
			<xmin>2555</xmin>
			<ymin>1270</ymin>
			<xmax>2733</xmax>
			<ymax>1403</ymax>
		</bndbox>
	</object>
	<object>
		<name>dish</name>
		<bndbox>
			<xmin>1159</xmin>
			<ymin>369</ymin>
			<xmax>2344</xmax>
			<ymax>1379</ymax>
		</bndbox>
	</object>
	<object>
		<name>전주비빔밥</name>
		<bndbox>
			<xmin>1279</xmin>
			<ymin>532</ymin>
			<xmax>2180</xmax>
			<ymax>1140</ymax>
		</bndbox>
	</object>
</annotation>