<annotation>
	<folder>side비빔밥덮밥류냉면기전주비빔밥q3</folder>
	<filename>side_비빔밥덮밥류_냉면기_전주비빔밥_Q3_00011.JPG</filename>
	<path>/side비빔밥덮밥류냉면기전주비빔밥q3/side_비빔밥덮밥류_냉면기_전주비빔밥_Q3_00011.JPG</path>
	<source>
		<database>fooddata</database>
	</source>
	<size>
		<width>3008</width>
		<height>2000</height>
		<depth>3</depth>
	</size>
	<object>
		<name>ref_spoon</name>
		<bndbox>
			<xmin>2064</xmin>
			<ymin>635</ymin>
			<xmax>2327</xmax>
			<ymax>1181</ymax>
		</bndbox>
	</object>
	<object>
		<name>ref_fork</name>
		<bndbox>
			<xmin>2494</xmin>
			<ymin>751</ymin>
			<xmax>2671</xmax>
			<ymax>1283</ymax>
		</bndbox>
	</object>
	<object>
		<name>ref_coin</name>
		<bndbox>
			<xmin>1378</xmin>
			<ymin>355</ymin>
			<xmax>1562</xmax>
			<ymax>478</ymax>
		</bndbox>
	</object>
	<object>
		<name>dish</name>
		<bndbox>
			<xmin>115</xmin>
			<ymin>488</ymin>
			<xmax>1555</xmax>
			<ymax>1703</ymax>
		</bndbox>
	</object>
	<object>
		<name>전주비빔밥</name>
		<bndbox>
			<xmin>374</xmin>
			<ymin>778</ymin>
			<xmax>1333</xmax>
			<ymax>1420</ymax>
		</bndbox>
	</object>
</annotation>