<annotation>
	<folder>side비빔밥덮밥류냉면기전주비빔밥q3</folder>
	<filename>side_비빔밥덮밥류_냉면기_전주비빔밥_Q3_00052.JPG</filename>
	<path>/side비빔밥덮밥류냉면기전주비빔밥q3/side_비빔밥덮밥류_냉면기_전주비빔밥_Q3_00052.JPG</path>
	<source>
		<database>fooddata</database>
	</source>
	<size>
		<width>3008</width>
		<height>2000</height>
		<depth>3</depth>
	</size>
	<object>
		<name>ref_spoon</name>
		<bndbox>
			<xmin>470</xmin>
			<ymin>362</ymin>
			<xmax>712</xmax>
			<ymax>846</ymax>
		</bndbox>
	</object>
	<object>
		<name>ref_fork</name>
		<bndbox>
			<xmin>845</xmin>
			<ymin>379</ymin>
			<xmax>1016</xmax>
			<ymax>898</ymax>
		</bndbox>
	</object>
	<object>
		<name>ref_coin</name>
		<bndbox>
			<xmin>1426</xmin>
			<ymin>1563</ymin>
			<xmax>1630</xmax>
			<ymax>1720</ymax>
		</bndbox>
	</object>
	<object>
		<name>dish</name>
		<bndbox>
			<xmin>1292</xmin>
			<ymin>198</ymin>
			<xmax>2627</xmax>
			<ymax>1334</ymax>
		</bndbox>
	</object>
	<object>
		<name>전주비빔밥</name>
		<bndbox>
			<xmin>1460</xmin>
			<ymin>406</ymin>
			<xmax>2265</xmax>
			<ymax>1089</ymax>
		</bndbox>
	</object>
</annotation>