<annotation>
	<folder>side비빔밥덮밥류냉면기전주비빔밥q3</folder>
	<filename>side_비빔밥덮밥류_냉면기_전주비빔밥_Q3_00057.JPG</filename>
	<path>/side비빔밥덮밥류냉면기전주비빔밥q3/side_비빔밥덮밥류_냉면기_전주비빔밥_Q3_00057.JPG</path>
	<source>
		<database>fooddata</database>
	</source>
	<size>
		<width>3008</width>
		<height>2000</height>
		<depth>3</depth>
	</size>
	<object>
		<name>ref_spoon</name>
		<bndbox>
			<xmin>630</xmin>
			<ymin>410</ymin>
			<xmax>849</xmax>
			<ymax>799</ymax>
		</bndbox>
	</object>
	<object>
		<name>ref_fork</name>
		<bndbox>
			<xmin>955</xmin>
			<ymin>416</ymin>
			<xmax>1108</xmax>
			<ymax>870</ymax>
		</bndbox>
	</object>
	<object>
		<name>ref_coin</name>
		<bndbox>
			<xmin>1600</xmin>
			<ymin>1468</ymin>
			<xmax>1784</xmax>
			<ymax>1601</ymax>
		</bndbox>
	</object>
	<object>
		<name>dish</name>
		<bndbox>
			<xmin>1316</xmin>
			<ymin>259</ymin>
			<xmax>2501</xmax>
			<ymax>1270</ymax>
		</bndbox>
	</object>
	<object>
		<name>전주비빔밥</name>
		<bndbox>
			<xmin>1470</xmin>
			<ymin>474</ymin>
			<xmax>2361</xmax>
			<ymax>1027</ymax>
		</bndbox>
	</object>
</annotation>