<annotation>
	<folder>top비빔밥덮밥류냉면기전주비빔밥q3</folder>
	<filename>top_비빔밥덮밥류_냉면기_전주비빔밥_Q3_00006.JPG</filename>
	<path>/top비빔밥덮밥류냉면기전주비빔밥q3/top_비빔밥덮밥류_냉면기_전주비빔밥_Q3_00006.JPG</path>
	<source>
		<database>fooddata</database>
	</source>
	<size>
		<width>3008</width>
		<height>2000</height>
		<depth>3</depth>
	</size>
	<object>
		<name>ref_spoon</name>
		<bndbox>
			<xmin>1997</xmin>
			<ymin>173</ymin>
			<xmax>2263</xmax>
			<ymax>617</ymax>
		</bndbox>
	</object>
	<object>
		<name>ref_fork</name>
		<bndbox>
			<xmin>2344</xmin>
			<ymin>243</ymin>
			<xmax>2521</xmax>
			<ymax>717</ymax>
		</bndbox>
	</object>
	<object>
		<name>ref_coin</name>
		<bndbox>
			<xmin>178</xmin>
			<ymin>1091</ymin>
			<xmax>386</xmax>
			<ymax>1291</ymax>
		</bndbox>
	</object>
	<object>
		<name>dish</name>
		<bndbox>
			<xmin>517</xmin>
			<ymin>127</ymin>
			<xmax>1982</xmax>
			<ymax>1572</ymax>
		</bndbox>
	</object>
	<object>
		<name>전주비빔밥</name>
		<bndbox>
			<xmin>814</xmin>
			<ymin>443</ymin>
			<xmax>1704</xmax>
			<ymax>1329</ymax>
		</bndbox>
	</object>
</annotation>