<annotation>
	<folder>top비빔밥덮밥류냉면기전주비빔밥q3</folder>
	<filename>top_비빔밥덮밥류_냉면기_전주비빔밥_Q3_00050.JPG</filename>
	<path>/top비빔밥덮밥류냉면기전주비빔밥q3/top_비빔밥덮밥류_냉면기_전주비빔밥_Q3_00050.JPG</path>
	<source>
		<database>fooddata</database>
	</source>
	<size>
		<width>3008</width>
		<height>2000</height>
		<depth>3</depth>
	</size>
	<object>
		<name>ref_spoon</name>
		<bndbox>
			<xmin>464</xmin>
			<ymin>200</ymin>
			<xmax>749</xmax>
			<ymax>671</ymax>
		</bndbox>
	</object>
	<object>
		<name>ref_fork</name>
		<bndbox>
			<xmin>872</xmin>
			<ymin>270</ymin>
			<xmax>1057</xmax>
			<ymax>767</ymax>
		</bndbox>
	</object>
	<object>
		<name>ref_coin</name>
		<bndbox>
			<xmin>1192</xmin>
			<ymin>1580</ymin>
			<xmax>1400</xmax>
			<ymax>1792</ymax>
		</bndbox>
	</object>
	<object>
		<name>dish</name>
		<bndbox>
			<xmin>1192</xmin>
			<ymin>162</ymin>
			<xmax>2729</xmax>
			<ymax>1672</ymax>
		</bndbox>
	</object>
	<object>
		<name>전주비빔밥</name>
		<bndbox>
			<xmin>1381</xmin>
			<ymin>455</ymin>
			<xmax>2479</xmax>
			<ymax>1561</ymax>
		</bndbox>
	</object>
</annotation>