<annotation>
	<folder>top비빔밥덮밥류냉면기전주비빔밥q3</folder>
	<filename>top_비빔밥덮밥류_냉면기_전주비빔밥_Q3_00035.JPG</filename>
	<path>/top비빔밥덮밥류냉면기전주비빔밥q3/top_비빔밥덮밥류_냉면기_전주비빔밥_Q3_00035.JPG</path>
	<source>
		<database>fooddata</database>
	</source>
	<size>
		<width>3008</width>
		<height>2000</height>
		<depth>3</depth>
	</size>
	<object>
		<name>ref_spoon</name>
		<bndbox>
			<xmin>425</xmin>
			<ymin>204</ymin>
			<xmax>687</xmax>
			<ymax>667</ymax>
		</bndbox>
	</object>
	<object>
		<name>ref_fork</name>
		<bndbox>
			<xmin>803</xmin>
			<ymin>258</ymin>
			<xmax>984</xmax>
			<ymax>736</ymax>
		</bndbox>
	</object>
	<object>
		<name>ref_coin</name>
		<bndbox>
			<xmin>1947</xmin>
			<ymin>1653</ymin>
			<xmax>2148</xmax>
			<ymax>1854</ymax>
		</bndbox>
	</object>
	<object>
		<name>dish</name>
		<bndbox>
			<xmin>1088</xmin>
			<ymin>119</ymin>
			<xmax>2533</xmax>
			<ymax>1530</ymax>
		</bndbox>
	</object>
	<object>
		<name>전주비빔밥</name>
		<bndbox>
			<xmin>1288</xmin>
			<ymin>328</ymin>
			<xmax>2298</xmax>
			<ymax>1310</ymax>
		</bndbox>
	</object>
</annotation>