<annotation>
	<folder>top비빔밥덮밥류냉면기전주비빔밥q3</folder>
	<filename>top_비빔밥덮밥류_냉면기_전주비빔밥_Q3_00013.JPG</filename>
	<path>/top비빔밥덮밥류냉면기전주비빔밥q3/top_비빔밥덮밥류_냉면기_전주비빔밥_Q3_00013.JPG</path>
	<source>
		<database>fooddata</database>
	</source>
	<size>
		<width>3008</width>
		<height>2000</height>
		<depth>3</depth>
	</size>
	<object>
		<name>ref_spoon</name>
		<bndbox>
			<xmin>1897</xmin>
			<ymin>513</ymin>
			<xmax>2151</xmax>
			<ymax>936</ymax>
		</bndbox>
	</object>
	<object>
		<name>ref_fork</name>
		<bndbox>
			<xmin>2182</xmin>
			<ymin>555</ymin>
			<xmax>2356</xmax>
			<ymax>998</ymax>
		</bndbox>
	</object>
	<object>
		<name>ref_coin</name>
		<bndbox>
			<xmin>1701</xmin>
			<ymin>158</ymin>
			<xmax>1886</xmax>
			<ymax>320</ymax>
		</bndbox>
	</object>
	<object>
		<name>dish</name>
		<bndbox>
			<xmin>252</xmin>
			<ymin>466</ymin>
			<xmax>1720</xmax>
			<ymax>1915</ymax>
		</bndbox>
	</object>
	<object>
		<name>전주비빔밥</name>
		<bndbox>
			<xmin>568</xmin>
			<ymin>794</ymin>
			<xmax>1527</xmax>
			<ymax>1699</ymax>
		</bndbox>
	</object>
</annotation>