<annotation>
	<folder>top비빔밥덮밥류냉면기전주비빔밥q3</folder>
	<filename>top_비빔밥덮밥류_냉면기_전주비빔밥_Q3_00032.JPG</filename>
	<path>/top비빔밥덮밥류냉면기전주비빔밥q3/top_비빔밥덮밥류_냉면기_전주비빔밥_Q3_00032.JPG</path>
	<source>
		<database>fooddata</database>
	</source>
	<size>
		<width>3008</width>
		<height>2000</height>
		<depth>3</depth>
	</size>
	<object>
		<name>ref_spoon</name>
		<bndbox>
			<xmin>807</xmin>
			<ymin>1669</ymin>
			<xmax>1227</xmax>
			<ymax>1931</ymax>
		</bndbox>
	</object>
	<object>
		<name>ref_fork</name>
		<bndbox>
			<xmin>880</xmin>
			<ymin>1399</ymin>
			<xmax>1331</xmax>
			<ymax>1565</ymax>
		</bndbox>
	</object>
	<object>
		<name>ref_coin</name>
		<bndbox>
			<xmin>2383</xmin>
			<ymin>1083</ymin>
			<xmax>2548</xmax>
			<ymax>1245</ymax>
		</bndbox>
	</object>
	<object>
		<name>dish</name>
		<bndbox>
			<xmin>1057</xmin>
			<ymin>46</ymin>
			<xmax>2259</xmax>
			<ymax>1168</ymax>
		</bndbox>
	</object>
	<object>
		<name>전주비빔밥</name>
		<bndbox>
			<xmin>1234</xmin>
			<ymin>374</ymin>
			<xmax>1990</xmax>
			<ymax>1094</ymax>
		</bndbox>
	</object>
</annotation>