<annotation>
	<folder>top비빔밥덮밥류냉면기전주비빔밥q3</folder>
	<filename>top_비빔밥덮밥류_냉면기_전주비빔밥_Q3_00055.JPG</filename>
	<path>/top비빔밥덮밥류냉면기전주비빔밥q3/top_비빔밥덮밥류_냉면기_전주비빔밥_Q3_00055.JPG</path>
	<source>
		<database>fooddata</database>
	</source>
	<size>
		<width>3008</width>
		<height>2000</height>
		<depth>3</depth>
	</size>
	<object>
		<name>ref_spoon</name>
		<bndbox>
			<xmin>379</xmin>
			<ymin>150</ymin>
			<xmax>660</xmax>
			<ymax>601</ymax>
		</bndbox>
	</object>
	<object>
		<name>ref_fork</name>
		<bndbox>
			<xmin>783</xmin>
			<ymin>220</ymin>
			<xmax>968</xmax>
			<ymax>705</ymax>
		</bndbox>
	</object>
	<object>
		<name>ref_coin</name>
		<bndbox>
			<xmin>2606</xmin>
			<ymin>1453</ymin>
			<xmax>2814</xmax>
			<ymax>1657</ymax>
		</bndbox>
	</object>
	<object>
		<name>dish</name>
		<bndbox>
			<xmin>1088</xmin>
			<ymin>119</ymin>
			<xmax>2614</xmax>
			<ymax>1603</ymax>
		</bndbox>
	</object>
	<object>
		<name>전주비빔밥</name>
		<bndbox>
			<xmin>1250</xmin>
			<ymin>393</ymin>
			<xmax>2356</xmax>
			<ymax>1445</ymax>
		</bndbox>
	</object>
</annotation>