<annotation>
	<folder>top비빔밥덮밥류냉면기전주비빔밥q3</folder>
	<filename>top_비빔밥덮밥류_냉면기_전주비빔밥_Q3_00020.JPG</filename>
	<path>/top비빔밥덮밥류냉면기전주비빔밥q3/top_비빔밥덮밥류_냉면기_전주비빔밥_Q3_00020.JPG</path>
	<source>
		<database>fooddata</database>
	</source>
	<size>
		<width>3008</width>
		<height>2000</height>
		<depth>3</depth>
	</size>
	<object>
		<name>ref_spoon</name>
		<bndbox>
			<xmin>830</xmin>
			<ymin>1599</ymin>
			<xmax>1254</xmax>
			<ymax>1854</ymax>
		</bndbox>
	</object>
	<object>
		<name>ref_fork</name>
		<bndbox>
			<xmin>887</xmin>
			<ymin>1333</ymin>
			<xmax>1350</xmax>
			<ymax>1495</ymax>
		</bndbox>
	</object>
	<object>
		<name>ref_coin</name>
		<bndbox>
			<xmin>864</xmin>
			<ymin>281</ymin>
			<xmax>1026</xmax>
			<ymax>420</ymax>
		</bndbox>
	</object>
	<object>
		<name>dish</name>
		<bndbox>
			<xmin>1134</xmin>
			<ymin>100</ymin>
			<xmax>2336</xmax>
			<ymax>1252</ymax>
		</bndbox>
	</object>
	<object>
		<name>전주비빔밥</name>
		<bndbox>
			<xmin>1273</xmin>
			<ymin>393</ymin>
			<xmax>2043</xmax>
			<ymax>1125</ymax>
		</bndbox>
	</object>
</annotation>