<annotation>
	<folder>side밥류밥그릇콩밥q2</folder>
	<filename>side_밥류_밥그릇_콩밥_Q2_00047.JPG</filename>
	<path>/side밥류밥그릇콩밥q2/side_밥류_밥그릇_콩밥_Q2_00047.JPG</path>
	<source>
		<database>fooddata</database>
	</source>
	<size>
		<width>5472</width>
		<height>3648</height>
		<depth>3</depth>
	</size>
	<object>
		<name>ref_spoon</name>
		<bndbox>
			<xmin>1154</xmin>
			<ymin>695</ymin>
			<xmax>1696</xmax>
			<ymax>1439</ymax>
		</bndbox>
	</object>
	<object>
		<name>ref_fork</name>
		<bndbox>
			<xmin>1911</xmin>
			<ymin>735</ymin>
			<xmax>2288</xmax>
			<ymax>1537</ymax>
		</bndbox>
	</object>
	<object>
		<name>ref_coin</name>
		<bndbox>
			<xmin>4560</xmin>
			<ymin>2290</ymin>
			<xmax>4999</xmax>
			<ymax>2622</ymax>
		</bndbox>
	</object>
	<object>
		<name>dish</name>
		<bndbox>
			<xmin>2404</xmin>
			<ymin>583</ymin>
			<xmax>4251</xmax>
			<ymax>2088</ymax>
		</bndbox>
	</object>
	<object>
		<name>콩밥</name>
		<bndbox>
			<xmin>2718</xmin>
			<ymin>869</ymin>
			<xmax>4013</xmax>
			<ymax>1828</ymax>
		</bndbox>
	</object>
</annotation>