<annotation>
	<folder>side밥류밥그릇콩밥q2</folder>
	<filename>side_밥류_밥그릇_콩밥_Q2_00038.JPG</filename>
	<path>/side밥류밥그릇콩밥q2/side_밥류_밥그릇_콩밥_Q2_00038.JPG</path>
	<source>
		<database>fooddata</database>
	</source>
	<size>
		<width>5472</width>
		<height>3648</height>
		<depth>3</depth>
	</size>
	<object>
		<name>ref_spoon</name>
		<bndbox>
			<xmin>916</xmin>
			<ymin>1192</ymin>
			<xmax>1463</xmax>
			<ymax>1936</ymax>
		</bndbox>
	</object>
	<object>
		<name>ref_fork</name>
		<bndbox>
			<xmin>1683</xmin>
			<ymin>1237</ymin>
			<xmax>2046</xmax>
			<ymax>2021</ymax>
		</bndbox>
	</object>
	<object>
		<name>ref_coin</name>
		<bndbox>
			<xmin>2404</xmin>
			<ymin>2873</ymin>
			<xmax>2835</xmax>
			<ymax>3213</ymax>
		</bndbox>
	</object>
	<object>
		<name>dish</name>
		<bndbox>
			<xmin>2261</xmin>
			<ymin>1089</ymin>
			<xmax>4072</xmax>
			<ymax>2546</ymax>
		</bndbox>
	</object>
	<object>
		<name>콩밥</name>
		<bndbox>
			<xmin>2561</xmin>
			<ymin>1479</ymin>
			<xmax>3830</xmax>
			<ymax>2295</ymax>
		</bndbox>
	</object>
</annotation>