<annotation>
	<folder>side밥류밥그릇콩밥q2</folder>
	<filename>side_밥류_밥그릇_콩밥_Q2_00023.JPG</filename>
	<path>/side밥류밥그릇콩밥q2/side_밥류_밥그릇_콩밥_Q2_00023.JPG</path>
	<source>
		<database>fooddata</database>
	</source>
	<size>
		<width>5472</width>
		<height>3648</height>
		<depth>3</depth>
	</size>
	<object>
		<name>ref_spoon</name>
		<bndbox>
			<xmin>1203</xmin>
			<ymin>2586</ymin>
			<xmax>2135</xmax>
			<ymax>3110</ymax>
		</bndbox>
	</object>
	<object>
		<name>ref_fork</name>
		<bndbox>
			<xmin>1400</xmin>
			<ymin>2075</ymin>
			<xmax>2369</xmax>
			<ymax>2546</ymax>
		</bndbox>
	</object>
	<object>
		<name>ref_coin</name>
		<bndbox>
			<xmin>3556</xmin>
			<ymin>1712</ymin>
			<xmax>3982</xmax>
			<ymax>2017</ymax>
		</bndbox>
	</object>
	<object>
		<name>dish</name>
		<bndbox>
			<xmin>1822</xmin>
			<ymin>296</ymin>
			<xmax>3646</xmax>
			<ymax>1739</ymax>
		</bndbox>
	</object>
	<object>
		<name>콩밥</name>
		<bndbox>
			<xmin>2023</xmin>
			<ymin>1062</ymin>
			<xmax>3341</xmax>
			<ymax>1448</ymax>
		</bndbox>
	</object>
</annotation>