<annotation>
	<folder>side밥류밥그릇콩밥q2</folder>
	<filename>side_밥류_밥그릇_콩밥_Q2_00006.JPG</filename>
	<path>/side밥류밥그릇콩밥q2/side_밥류_밥그릇_콩밥_Q2_00006.JPG</path>
	<source>
		<database>fooddata</database>
	</source>
	<size>
		<width>5472</width>
		<height>3648</height>
		<depth>3</depth>
	</size>
	<object>
		<name>ref_spoon</name>
		<bndbox>
			<xmin>3471</xmin>
			<ymin>923</ymin>
			<xmax>3977</xmax>
			<ymax>1618</ymax>
		</bndbox>
	</object>
	<object>
		<name>ref_fork</name>
		<bndbox>
			<xmin>4193</xmin>
			<ymin>986</ymin>
			<xmax>4556</xmax>
			<ymax>1752</ymax>
		</bndbox>
	</object>
	<object>
		<name>ref_coin</name>
		<bndbox>
			<xmin>1472</xmin>
			<ymin>2599</ymin>
			<xmax>1889</xmax>
			<ymax>2922</ymax>
		</bndbox>
	</object>
	<object>
		<name>dish</name>
		<bndbox>
			<xmin>1620</xmin>
			<ymin>811</ymin>
			<xmax>3399</xmax>
			<ymax>2232</ymax>
		</bndbox>
	</object>
	<object>
		<name>콩밥</name>
		<bndbox>
			<xmin>1750</xmin>
			<ymin>1407</ymin>
			<xmax>2915</xmax>
			<ymax>1954</ymax>
		</bndbox>
	</object>
</annotation>