<annotation>
	<folder>side밥류밥그릇콩밥q2</folder>
	<filename>side_밥류_밥그릇_콩밥_Q2_00035.JPG</filename>
	<path>/side밥류밥그릇콩밥q2/side_밥류_밥그릇_콩밥_Q2_00035.JPG</path>
	<source>
		<database>fooddata</database>
	</source>
	<size>
		<width>5472</width>
		<height>3648</height>
		<depth>3</depth>
	</size>
	<object>
		<name>ref_spoon</name>
		<bndbox>
			<xmin>1046</xmin>
			<ymin>1111</ymin>
			<xmax>1575</xmax>
			<ymax>1846</ymax>
		</bndbox>
	</object>
	<object>
		<name>ref_fork</name>
		<bndbox>
			<xmin>1799</xmin>
			<ymin>1143</ymin>
			<xmax>2167</xmax>
			<ymax>1945</ymax>
		</bndbox>
	</object>
	<object>
		<name>ref_coin</name>
		<bndbox>
			<xmin>2023</xmin>
			<ymin>462</ymin>
			<xmax>2386</xmax>
			<ymax>708</ymax>
		</bndbox>
	</object>
	<object>
		<name>dish</name>
		<bndbox>
			<xmin>2306</xmin>
			<ymin>928</ymin>
			<xmax>4116</xmax>
			<ymax>2398</ymax>
		</bndbox>
	</object>
	<object>
		<name>콩밥</name>
		<bndbox>
			<xmin>2485</xmin>
			<ymin>1439</ymin>
			<xmax>3865</xmax>
			<ymax>2142</ymax>
		</bndbox>
	</object>
</annotation>