<annotation>
	<folder>side밥류밥그릇콩밥q2</folder>
	<filename>side_밥류_밥그릇_콩밥_Q2_00046.JPG</filename>
	<path>/side밥류밥그릇콩밥q2/side_밥류_밥그릇_콩밥_Q2_00046.JPG</path>
	<source>
		<database>fooddata</database>
	</source>
	<size>
		<width>5472</width>
		<height>3648</height>
		<depth>3</depth>
	</size>
	<object>
		<name>ref_spoon</name>
		<bndbox>
			<xmin>1114</xmin>
			<ymin>730</ymin>
			<xmax>1660</xmax>
			<ymax>1470</ymax>
		</bndbox>
	</object>
	<object>
		<name>ref_fork</name>
		<bndbox>
			<xmin>1876</xmin>
			<ymin>748</ymin>
			<xmax>2252</xmax>
			<ymax>1555</ymax>
		</bndbox>
	</object>
	<object>
		<name>ref_coin</name>
		<bndbox>
			<xmin>4076</xmin>
			<ymin>2608</ymin>
			<xmax>4515</xmax>
			<ymax>2953</ymax>
		</bndbox>
	</object>
	<object>
		<name>dish</name>
		<bndbox>
			<xmin>2373</xmin>
			<ymin>645</ymin>
			<xmax>4224</xmax>
			<ymax>2120</ymax>
		</bndbox>
	</object>
	<object>
		<name>콩밥</name>
		<bndbox>
			<xmin>2660</xmin>
			<ymin>1179</ymin>
			<xmax>3977</xmax>
			<ymax>1860</ymax>
		</bndbox>
	</object>
</annotation>