<annotation>
	<folder>side밥류밥그릇콩밥q2</folder>
	<filename>side_밥류_밥그릇_콩밥_Q2_00041.JPG</filename>
	<path>/side밥류밥그릇콩밥q2/side_밥류_밥그릇_콩밥_Q2_00041.JPG</path>
	<source>
		<database>fooddata</database>
	</source>
	<size>
		<width>5472</width>
		<height>3648</height>
		<depth>3</depth>
	</size>
	<object>
		<name>ref_spoon</name>
		<bndbox>
			<xmin>1002</xmin>
			<ymin>825</ymin>
			<xmax>1544</xmax>
			<ymax>1555</ymax>
		</bndbox>
	</object>
	<object>
		<name>ref_fork</name>
		<bndbox>
			<xmin>1755</xmin>
			<ymin>869</ymin>
			<xmax>2135</xmax>
			<ymax>1663</ymax>
		</bndbox>
	</object>
	<object>
		<name>ref_coin</name>
		<bndbox>
			<xmin>4363</xmin>
			<ymin>2147</ymin>
			<xmax>4784</xmax>
			<ymax>2465</ymax>
		</bndbox>
	</object>
	<object>
		<name>dish</name>
		<bndbox>
			<xmin>2274</xmin>
			<ymin>744</ymin>
			<xmax>4094</xmax>
			<ymax>2214</ymax>
		</bndbox>
	</object>
	<object>
		<name>콩밥</name>
		<bndbox>
			<xmin>2633</xmin>
			<ymin>1331</ymin>
			<xmax>3865</xmax>
			<ymax>1967</ymax>
		</bndbox>
	</object>
</annotation>