<annotation>
	<folder>side밥류밥그릇콩밥q2</folder>
	<filename>side_밥류_밥그릇_콩밥_Q2_00053.JPG</filename>
	<path>/side밥류밥그릇콩밥q2/side_밥류_밥그릇_콩밥_Q2_00053.JPG</path>
	<source>
		<database>fooddata</database>
	</source>
	<size>
		<width>5472</width>
		<height>3648</height>
		<depth>3</depth>
	</size>
	<object>
		<name>ref_spoon</name>
		<bndbox>
			<xmin>1262</xmin>
			<ymin>914</ymin>
			<xmax>1786</xmax>
			<ymax>1636</ymax>
		</bndbox>
	</object>
	<object>
		<name>ref_fork</name>
		<bndbox>
			<xmin>2010</xmin>
			<ymin>946</ymin>
			<xmax>2369</xmax>
			<ymax>1757</ymax>
		</bndbox>
	</object>
	<object>
		<name>ref_coin</name>
		<bndbox>
			<xmin>4210</xmin>
			<ymin>2756</ymin>
			<xmax>4645</xmax>
			<ymax>3101</ymax>
		</bndbox>
	</object>
	<object>
		<name>dish</name>
		<bndbox>
			<xmin>2637</xmin>
			<ymin>784</ymin>
			<xmax>4443</xmax>
			<ymax>2277</ymax>
		</bndbox>
	</object>
	<object>
		<name>콩밥</name>
		<bndbox>
			<xmin>3032</xmin>
			<ymin>1237</ymin>
			<xmax>4309</xmax>
			<ymax>2012</ymax>
		</bndbox>
	</object>
</annotation>