<annotation>
	<folder>side밥류밥그릇콩밥q2</folder>
	<filename>side_밥류_밥그릇_콩밥_Q2_00013.JPG</filename>
	<path>/side밥류밥그릇콩밥q2/side_밥류_밥그릇_콩밥_Q2_00013.JPG</path>
	<source>
		<database>fooddata</database>
	</source>
	<size>
		<width>5472</width>
		<height>3648</height>
		<depth>3</depth>
	</size>
	<object>
		<name>ref_spoon</name>
		<bndbox>
			<xmin>1665</xmin>
			<ymin>2720</ymin>
			<xmax>2624</xmax>
			<ymax>3249</ymax>
		</bndbox>
	</object>
	<object>
		<name>ref_fork</name>
		<bndbox>
			<xmin>1835</xmin>
			<ymin>2218</ymin>
			<xmax>2803</xmax>
			<ymax>2680</ymax>
		</bndbox>
	</object>
	<object>
		<name>ref_coin</name>
		<bndbox>
			<xmin>1459</xmin>
			<ymin>1802</ymin>
			<xmax>1871</xmax>
			<ymax>2111</ymax>
		</bndbox>
	</object>
	<object>
		<name>dish</name>
		<bndbox>
			<xmin>2472</xmin>
			<ymin>601</ymin>
			<xmax>4322</xmax>
			<ymax>2070</ymax>
		</bndbox>
	</object>
	<object>
		<name>콩밥</name>
		<bndbox>
			<xmin>2906</xmin>
			<ymin>1179</ymin>
			<xmax>4125</xmax>
			<ymax>1802</ymax>
		</bndbox>
	</object>
</annotation>