<annotation>
	<folder>side밥류밥그릇콩밥q2</folder>
	<filename>side_밥류_밥그릇_콩밥_Q2_00009.JPG</filename>
	<path>/side밥류밥그릇콩밥q2/side_밥류_밥그릇_콩밥_Q2_00009.JPG</path>
	<source>
		<database>fooddata</database>
	</source>
	<size>
		<width>5472</width>
		<height>3648</height>
		<depth>3</depth>
	</size>
	<object>
		<name>ref_spoon</name>
		<bndbox>
			<xmin>3565</xmin>
			<ymin>964</ymin>
			<xmax>4089</xmax>
			<ymax>1672</ymax>
		</bndbox>
	</object>
	<object>
		<name>ref_fork</name>
		<bndbox>
			<xmin>4305</xmin>
			<ymin>1022</ymin>
			<xmax>4668</xmax>
			<ymax>1793</ymax>
		</bndbox>
	</object>
	<object>
		<name>ref_coin</name>
		<bndbox>
			<xmin>1082</xmin>
			<ymin>1905</ymin>
			<xmax>1495</xmax>
			<ymax>2196</ymax>
		</bndbox>
	</object>
	<object>
		<name>dish</name>
		<bndbox>
			<xmin>1696</xmin>
			<ymin>829</ymin>
			<xmax>3489</xmax>
			<ymax>2254</ymax>
		</bndbox>
	</object>
	<object>
		<name>콩밥</name>
		<bndbox>
			<xmin>2006</xmin>
			<ymin>1049</ymin>
			<xmax>3242</xmax>
			<ymax>1963</ymax>
		</bndbox>
	</object>
</annotation>