<annotation>
	<folder>side밥류밥그릇콩밥q2</folder>
	<filename>side_밥류_밥그릇_콩밥_Q2_00036.JPG</filename>
	<path>/side밥류밥그릇콩밥q2/side_밥류_밥그릇_콩밥_Q2_00036.JPG</path>
	<source>
		<database>fooddata</database>
	</source>
	<size>
		<width>5472</width>
		<height>3648</height>
		<depth>3</depth>
	</size>
	<object>
		<name>ref_spoon</name>
		<bndbox>
			<xmin>930</xmin>
			<ymin>1111</ymin>
			<xmax>1477</xmax>
			<ymax>1846</ymax>
		</bndbox>
	</object>
	<object>
		<name>ref_fork</name>
		<bndbox>
			<xmin>1701</xmin>
			<ymin>1143</ymin>
			<xmax>2059</xmax>
			<ymax>1954</ymax>
		</bndbox>
	</object>
	<object>
		<name>ref_coin</name>
		<bndbox>
			<xmin>1436</xmin>
			<ymin>578</ymin>
			<xmax>1799</xmax>
			<ymax>829</ymax>
		</bndbox>
	</object>
	<object>
		<name>dish</name>
		<bndbox>
			<xmin>2212</xmin>
			<ymin>959</ymin>
			<xmax>4009</xmax>
			<ymax>2411</ymax>
		</bndbox>
	</object>
	<object>
		<name>콩밥</name>
		<bndbox>
			<xmin>2382</xmin>
			<ymin>1452</ymin>
			<xmax>3780</xmax>
			<ymax>2169</ymax>
		</bndbox>
	</object>
</annotation>