<annotation>
	<folder>side밥류밥그릇콩밥q2</folder>
	<filename>side_밥류_밥그릇_콩밥_Q2_00043.JPG</filename>
	<path>/side밥류밥그릇콩밥q2/side_밥류_밥그릇_콩밥_Q2_00043.JPG</path>
	<source>
		<database>fooddata</database>
	</source>
	<size>
		<width>5472</width>
		<height>3648</height>
		<depth>3</depth>
	</size>
	<object>
		<name>ref_spoon</name>
		<bndbox>
			<xmin>988</xmin>
			<ymin>977</ymin>
			<xmax>1535</xmax>
			<ymax>1712</ymax>
		</bndbox>
	</object>
	<object>
		<name>ref_fork</name>
		<bndbox>
			<xmin>1755</xmin>
			<ymin>1008</ymin>
			<xmax>2122</xmax>
			<ymax>1806</ymax>
		</bndbox>
	</object>
	<object>
		<name>ref_coin</name>
		<bndbox>
			<xmin>2377</xmin>
			<ymin>2684</ymin>
			<xmax>2808</xmax>
			<ymax>3030</ymax>
		</bndbox>
	</object>
	<object>
		<name>dish</name>
		<bndbox>
			<xmin>2283</xmin>
			<ymin>847</ymin>
			<xmax>4098</xmax>
			<ymax>2326</ymax>
		</bndbox>
	</object>
	<object>
		<name>콩밥</name>
		<bndbox>
			<xmin>2485</xmin>
			<ymin>1125</ymin>
			<xmax>3870</xmax>
			<ymax>2057</ymax>
		</bndbox>
	</object>
</annotation>