<annotation>
	<folder>top밥류밥그릇콩밥q2</folder>
	<filename>top_밥류_밥그릇_콩밥_Q2_00036.JPG</filename>
	<path>/top밥류밥그릇콩밥q2/top_밥류_밥그릇_콩밥_Q2_00036.JPG</path>
	<source>
		<database>fooddata</database>
	</source>
	<size>
		<width>5472</width>
		<height>3648</height>
		<depth>3</depth>
	</size>
	<object>
		<name>ref_spoon</name>
		<bndbox>
			<xmin>981</xmin>
			<ymin>550</ymin>
			<xmax>1600</xmax>
			<ymax>1569</ymax>
		</bndbox>
	</object>
	<object>
		<name>ref_fork</name>
		<bndbox>
			<xmin>1884</xmin>
			<ymin>640</ymin>
			<xmax>2297</xmax>
			<ymax>1763</ymax>
		</bndbox>
	</object>
	<object>
		<name>ref_coin</name>
		<bndbox>
			<xmin>2581</xmin>
			<ymin>517</ymin>
			<xmax>3033</xmax>
			<ymax>969</ymax>
		</bndbox>
	</object>
	<object>
		<name>dish</name>
		<bndbox>
			<xmin>2426</xmin>
			<ymin>879</ymin>
			<xmax>4723</xmax>
			<ymax>3111</ymax>
		</bndbox>
	</object>
	<object>
		<name>콩밥</name>
		<bndbox>
			<xmin>2723</xmin>
			<ymin>1485</ymin>
			<xmax>4169</xmax>
			<ymax>2879</ymax>
		</bndbox>
	</object>
</annotation>