<annotation>
	<folder>top밥류밥그릇콩밥q2</folder>
	<filename>top_밥류_밥그릇_콩밥_Q2_00034.JPG</filename>
	<path>/top밥류밥그릇콩밥q2/top_밥류_밥그릇_콩밥_Q2_00034.JPG</path>
	<source>
		<database>fooddata</database>
	</source>
	<size>
		<width>5472</width>
		<height>3648</height>
		<depth>3</depth>
	</size>
	<object>
		<name>ref_spoon</name>
		<bndbox>
			<xmin>607</xmin>
			<ymin>324</ymin>
			<xmax>1258</xmax>
			<ymax>1330</ymax>
		</bndbox>
	</object>
	<object>
		<name>ref_fork</name>
		<bndbox>
			<xmin>1549</xmin>
			<ymin>408</ymin>
			<xmax>1968</xmax>
			<ymax>1556</ymax>
		</bndbox>
	</object>
	<object>
		<name>ref_coin</name>
		<bndbox>
			<xmin>4711</xmin>
			<ymin>2085</ymin>
			<xmax>5182</xmax>
			<ymax>2582</ymax>
		</bndbox>
	</object>
	<object>
		<name>dish</name>
		<bndbox>
			<xmin>2084</xmin>
			<ymin>601</ymin>
			<xmax>4388</xmax>
			<ymax>2866</ymax>
		</bndbox>
	</object>
	<object>
		<name>콩밥</name>
		<bndbox>
			<xmin>2452</xmin>
			<ymin>1098</ymin>
			<xmax>3685</xmax>
			<ymax>2692</ymax>
		</bndbox>
	</object>
</annotation>