<annotation>
	<folder>top밥류밥그릇콩밥q2</folder>
	<filename>top_밥류_밥그릇_콩밥_Q2_00040.JPG</filename>
	<path>/top밥류밥그릇콩밥q2/top_밥류_밥그릇_콩밥_Q2_00040.JPG</path>
	<source>
		<database>fooddata</database>
	</source>
	<size>
		<width>5472</width>
		<height>3648</height>
		<depth>3</depth>
	</size>
	<object>
		<name>ref_spoon</name>
		<bndbox>
			<xmin>942</xmin>
			<ymin>846</ymin>
			<xmax>1581</xmax>
			<ymax>1872</ymax>
		</bndbox>
	</object>
	<object>
		<name>ref_fork</name>
		<bndbox>
			<xmin>1871</xmin>
			<ymin>892</ymin>
			<xmax>2317</xmax>
			<ymax>2027</ymax>
		</bndbox>
	</object>
	<object>
		<name>ref_coin</name>
		<bndbox>
			<xmin>4310</xmin>
			<ymin>285</ymin>
			<xmax>4788</xmax>
			<ymax>750</ymax>
		</bndbox>
	</object>
	<object>
		<name>dish</name>
		<bndbox>
			<xmin>2381</xmin>
			<ymin>1040</ymin>
			<xmax>4698</xmax>
			<ymax>3324</ymax>
		</bndbox>
	</object>
	<object>
		<name>콩밥</name>
		<bndbox>
			<xmin>2801</xmin>
			<ymin>1388</ymin>
			<xmax>4201</xmax>
			<ymax>2931</ymax>
		</bndbox>
	</object>
</annotation>