<annotation>
	<folder>top밥류밥그릇콩밥q2</folder>
	<filename>top_밥류_밥그릇_콩밥_Q2_00041.JPG</filename>
	<path>/top밥류밥그릇콩밥q2/top_밥류_밥그릇_콩밥_Q2_00041.JPG</path>
	<source>
		<database>fooddata</database>
	</source>
	<size>
		<width>5472</width>
		<height>3648</height>
		<depth>3</depth>
	</size>
	<object>
		<name>ref_spoon</name>
		<bndbox>
			<xmin>1207</xmin>
			<ymin>143</ymin>
			<xmax>1846</xmax>
			<ymax>1195</ymax>
		</bndbox>
	</object>
	<object>
		<name>ref_fork</name>
		<bndbox>
			<xmin>2136</xmin>
			<ymin>195</ymin>
			<xmax>2568</xmax>
			<ymax>1356</ymax>
		</bndbox>
	</object>
	<object>
		<name>ref_coin</name>
		<bndbox>
			<xmin>2671</xmin>
			<ymin>2369</ymin>
			<xmax>3130</xmax>
			<ymax>2860</ymax>
		</bndbox>
	</object>
	<object>
		<name>dish</name>
		<bndbox>
			<xmin>2659</xmin>
			<ymin>317</ymin>
			<xmax>4956</xmax>
			<ymax>2518</ymax>
		</bndbox>
	</object>
	<object>
		<name>콩밥</name>
		<bndbox>
			<xmin>3065</xmin>
			<ymin>672</ymin>
			<xmax>4536</xmax>
			<ymax>2195</ymax>
		</bndbox>
	</object>
</annotation>