<annotation>
	<folder>top밥류밥그릇콩밥q2</folder>
	<filename>top_밥류_밥그릇_콩밥_Q2_00005.JPG</filename>
	<path>/top밥류밥그릇콩밥q2/top_밥류_밥그릇_콩밥_Q2_00005.JPG</path>
	<source>
		<database>fooddata</database>
	</source>
	<size>
		<width>5472</width>
		<height>3648</height>
		<depth>3</depth>
	</size>
	<object>
		<name>ref_spoon</name>
		<bndbox>
			<xmin>3672</xmin>
			<ymin>608</ymin>
			<xmax>4336</xmax>
			<ymax>1666</ymax>
		</bndbox>
	</object>
	<object>
		<name>ref_fork</name>
		<bndbox>
			<xmin>4543</xmin>
			<ymin>621</ymin>
			<xmax>4988</xmax>
			<ymax>1776</ymax>
		</bndbox>
	</object>
	<object>
		<name>ref_coin</name>
		<bndbox>
			<xmin>955</xmin>
			<ymin>1924</ymin>
			<xmax>1426</xmax>
			<ymax>2389</ymax>
		</bndbox>
	</object>
	<object>
		<name>dish</name>
		<bndbox>
			<xmin>1265</xmin>
			<ymin>421</ymin>
			<xmax>3497</xmax>
			<ymax>2614</ymax>
		</bndbox>
	</object>
	<object>
		<name>콩밥</name>
		<bndbox>
			<xmin>1594</xmin>
			<ymin>982</ymin>
			<xmax>2813</xmax>
			<ymax>2414</ymax>
		</bndbox>
	</object>
</annotation>