<annotation>
	<folder>side어육류정형접시떡갈비q4</folder>
	<filename>side_어육류정형_접시_떡갈비_Q4_00008.JPG</filename>
	<path>/side어육류정형접시떡갈비q4/side_어육류정형_접시_떡갈비_Q4_00008.JPG</path>
	<source>
		<database>fooddata</database>
	</source>
	<size>
		<width>5472</width>
		<height>3648</height>
		<depth>3</depth>
	</size>
	<object>
		<name>ref_spoon</name>
		<bndbox>
			<xmin>3660</xmin>
			<ymin>176</ymin>
			<xmax>4212</xmax>
			<ymax>924</ymax>
		</bndbox>
	</object>
	<object>
		<name>ref_fork</name>
		<bndbox>
			<xmin>4427</xmin>
			<ymin>210</ymin>
			<xmax>4822</xmax>
			<ymax>1052</ymax>
		</bndbox>
	</object>
	<object>
		<name>ref_coin</name>
		<bndbox>
			<xmin>455</xmin>
			<ymin>2662</ymin>
			<xmax>907</xmax>
			<ymax>3067</ymax>
		</bndbox>
	</object>
	<object>
		<name>dish</name>
		<bndbox>
			<xmin>802</xmin>
			<ymin>391</ymin>
			<xmax>3788</xmax>
			<ymax>2824</ymax>
		</bndbox>
	</object>
	<object>
		<name>떡갈비</name>
		<bndbox>
			<xmin>1112</xmin>
			<ymin>610</ymin>
			<xmax>3174</xmax>
			<ymax>2338</ymax>
		</bndbox>
	</object>
</annotation>