<annotation>
	<folder>side어육류정형접시떡갈비q4</folder>
	<filename>side_어육류정형_접시_떡갈비_Q4_00016.JPG</filename>
	<path>/side어육류정형접시떡갈비q4/side_어육류정형_접시_떡갈비_Q4_00016.JPG</path>
	<source>
		<database>fooddata</database>
	</source>
	<size>
		<width>5472</width>
		<height>3648</height>
		<depth>3</depth>
	</size>
	<object>
		<name>ref_spoon</name>
		<bndbox>
			<xmin>1603</xmin>
			<ymin>3024</ymin>
			<xmax>2350</xmax>
			<ymax>3515</ymax>
		</bndbox>
	</object>
	<object>
		<name>ref_fork</name>
		<bndbox>
			<xmin>1707</xmin>
			<ymin>2596</ymin>
			<xmax>2536</xmax>
			<ymax>2929</ymax>
		</bndbox>
	</object>
	<object>
		<name>ref_coin</name>
		<bndbox>
			<xmin>1574</xmin>
			<ymin>138</ymin>
			<xmax>1907</xmax>
			<ymax>386</ymax>
		</bndbox>
	</object>
	<object>
		<name>dish</name>
		<bndbox>
			<xmin>1560</xmin>
			<ymin>376</ymin>
			<xmax>3950</xmax>
			<ymax>2295</ymax>
		</bndbox>
	</object>
	<object>
		<name>떡갈비</name>
		<bndbox>
			<xmin>2093</xmin>
			<ymin>524</ymin>
			<xmax>3527</xmax>
			<ymax>1972</ymax>
		</bndbox>
	</object>
</annotation>