<annotation>
	<folder>side어육류정형접시떡갈비q4</folder>
	<filename>side_어육류정형_접시_떡갈비_Q4_00026.JPG</filename>
	<path>/side어육류정형접시떡갈비q4/side_어육류정형_접시_떡갈비_Q4_00026.JPG</path>
	<source>
		<database>fooddata</database>
	</source>
	<size>
		<width>5472</width>
		<height>3648</height>
		<depth>3</depth>
	</size>
	<object>
		<name>ref_spoon</name>
		<bndbox>
			<xmin>1764</xmin>
			<ymin>2862</ymin>
			<xmax>2450</xmax>
			<ymax>3334</ymax>
		</bndbox>
	</object>
	<object>
		<name>ref_fork</name>
		<bndbox>
			<xmin>1855</xmin>
			<ymin>2453</ymin>
			<xmax>2636</xmax>
			<ymax>2781</ymax>
		</bndbox>
	</object>
	<object>
		<name>ref_coin</name>
		<bndbox>
			<xmin>4179</xmin>
			<ymin>1919</ymin>
			<xmax>4512</xmax>
			<ymax>2210</ymax>
		</bndbox>
	</object>
	<object>
		<name>dish</name>
		<bndbox>
			<xmin>1793</xmin>
			<ymin>410</ymin>
			<xmax>4093</xmax>
			<ymax>2267</ymax>
		</bndbox>
	</object>
	<object>
		<name>떡갈비</name>
		<bndbox>
			<xmin>2236</xmin>
			<ymin>691</ymin>
			<xmax>3584</xmax>
			<ymax>2100</ymax>
		</bndbox>
	</object>
</annotation>