<annotation>
	<folder>side어육류정형접시떡갈비q4</folder>
	<filename>side_어육류정형_접시_떡갈비_Q4_00024.JPG</filename>
	<path>/side어육류정형접시떡갈비q4/side_어육류정형_접시_떡갈비_Q4_00024.JPG</path>
	<source>
		<database>fooddata</database>
	</source>
	<size>
		<width>5472</width>
		<height>3648</height>
		<depth>3</depth>
	</size>
	<object>
		<name>ref_spoon</name>
		<bndbox>
			<xmin>1760</xmin>
			<ymin>2857</ymin>
			<xmax>2465</xmax>
			<ymax>3334</ymax>
		</bndbox>
	</object>
	<object>
		<name>ref_fork</name>
		<bndbox>
			<xmin>1860</xmin>
			<ymin>2448</ymin>
			<xmax>2607</xmax>
			<ymax>2786</ymax>
		</bndbox>
	</object>
	<object>
		<name>ref_coin</name>
		<bndbox>
			<xmin>4222</xmin>
			<ymin>1495</ymin>
			<xmax>4555</xmax>
			<ymax>1776</ymax>
		</bndbox>
	</object>
	<object>
		<name>dish</name>
		<bndbox>
			<xmin>1755</xmin>
			<ymin>443</ymin>
			<xmax>4069</xmax>
			<ymax>2324</ymax>
		</bndbox>
	</object>
	<object>
		<name>떡갈비</name>
		<bndbox>
			<xmin>2036</xmin>
			<ymin>676</ymin>
			<xmax>3360</xmax>
			<ymax>2119</ymax>
		</bndbox>
	</object>
</annotation>