<annotation>
	<folder>side어육류정형접시떡갈비q4</folder>
	<filename>side_어육류정형_접시_떡갈비_Q4_00014.JPG</filename>
	<path>/side어육류정형접시떡갈비q4/side_어육류정형_접시_떡갈비_Q4_00014.JPG</path>
	<source>
		<database>fooddata</database>
	</source>
	<size>
		<width>5472</width>
		<height>3648</height>
		<depth>3</depth>
	</size>
	<object>
		<name>ref_spoon</name>
		<bndbox>
			<xmin>3836</xmin>
			<ymin>219</ymin>
			<xmax>4384</xmax>
			<ymax>976</ymax>
		</bndbox>
	</object>
	<object>
		<name>ref_fork</name>
		<bndbox>
			<xmin>4608</xmin>
			<ymin>248</ymin>
			<xmax>5003</xmax>
			<ymax>1105</ymax>
		</bndbox>
	</object>
	<object>
		<name>ref_coin</name>
		<bndbox>
			<xmin>469</xmin>
			<ymin>691</ymin>
			<xmax>879</xmax>
			<ymax>1014</ymax>
		</bndbox>
	</object>
	<object>
		<name>dish</name>
		<bndbox>
			<xmin>936</xmin>
			<ymin>652</ymin>
			<xmax>3960</xmax>
			<ymax>3167</ymax>
		</bndbox>
	</object>
	<object>
		<name>떡갈비</name>
		<bndbox>
			<xmin>1555</xmin>
			<ymin>848</ymin>
			<xmax>3646</xmax>
			<ymax>2686</ymax>
		</bndbox>
	</object>
</annotation>