<annotation>
	<folder>side어육류정형접시떡갈비q4</folder>
	<filename>side_어육류정형_접시_떡갈비_Q4_00004.JPG</filename>
	<path>/side어육류정형접시떡갈비q4/side_어육류정형_접시_떡갈비_Q4_00004.JPG</path>
	<source>
		<database>fooddata</database>
	</source>
	<size>
		<width>5472</width>
		<height>3648</height>
		<depth>3</depth>
	</size>
	<object>
		<name>ref_spoon</name>
		<bndbox>
			<xmin>3693</xmin>
			<ymin>319</ymin>
			<xmax>4231</xmax>
			<ymax>1067</ymax>
		</bndbox>
	</object>
	<object>
		<name>ref_fork</name>
		<bndbox>
			<xmin>4450</xmin>
			<ymin>357</ymin>
			<xmax>4831</xmax>
			<ymax>1191</ymax>
		</bndbox>
	</object>
	<object>
		<name>ref_coin</name>
		<bndbox>
			<xmin>2512</xmin>
			<ymin>3081</ymin>
			<xmax>2955</xmax>
			<ymax>3481</ymax>
		</bndbox>
	</object>
	<object>
		<name>dish</name>
		<bndbox>
			<xmin>722</xmin>
			<ymin>438</ymin>
			<xmax>3688</xmax>
			<ymax>2853</ymax>
		</bndbox>
	</object>
	<object>
		<name>떡갈비</name>
		<bndbox>
			<xmin>1283</xmin>
			<ymin>852</ymin>
			<xmax>3093</xmax>
			<ymax>2462</ymax>
		</bndbox>
	</object>
</annotation>