<annotation>
	<folder>side어육류정형접시떡갈비q4</folder>
	<filename>side_어육류정형_접시_떡갈비_Q4_00041.JPG</filename>
	<path>/side어육류정형접시떡갈비q4/side_어육류정형_접시_떡갈비_Q4_00041.JPG</path>
	<source>
		<database>fooddata</database>
	</source>
	<size>
		<width>5472</width>
		<height>3648</height>
		<depth>3</depth>
	</size>
	<object>
		<name>ref_spoon</name>
		<bndbox>
			<xmin>436</xmin>
			<ymin>691</ymin>
			<xmax>993</xmax>
			<ymax>1472</ymax>
		</bndbox>
	</object>
	<object>
		<name>ref_fork</name>
		<bndbox>
			<xmin>1083</xmin>
			<ymin>691</ymin>
			<xmax>1455</xmax>
			<ymax>1581</ymax>
		</bndbox>
	</object>
	<object>
		<name>ref_coin</name>
		<bndbox>
			<xmin>4636</xmin>
			<ymin>1033</ymin>
			<xmax>5022</xmax>
			<ymax>1367</ymax>
		</bndbox>
	</object>
	<object>
		<name>dish</name>
		<bndbox>
			<xmin>1722</xmin>
			<ymin>291</ymin>
			<xmax>4570</xmax>
			<ymax>2610</ymax>
		</bndbox>
	</object>
	<object>
		<name>떡갈비</name>
		<bndbox>
			<xmin>2241</xmin>
			<ymin>381</ymin>
			<xmax>4184</xmax>
			<ymax>2191</ymax>
		</bndbox>
	</object>
</annotation>