<annotation>
	<folder>top어육류정형접시떡갈비q4</folder>
	<filename>top_어육류정형_접시_떡갈비_Q4_00011.JPG</filename>
	<path>/top어육류정형접시떡갈비q4/top_어육류정형_접시_떡갈비_Q4_00011.JPG</path>
	<source>
		<database>fooddata</database>
	</source>
	<size>
		<width>5472</width>
		<height>3648</height>
		<depth>3</depth>
	</size>
	<object>
		<name>ref_spoon</name>
		<bndbox>
			<xmin>4036</xmin>
			<ymin>457</ymin>
			<xmax>4555</xmax>
			<ymax>1200</ymax>
		</bndbox>
	</object>
	<object>
		<name>ref_fork</name>
		<bndbox>
			<xmin>4693</xmin>
			<ymin>600</ymin>
			<xmax>5027</xmax>
			<ymax>1410</ymax>
		</bndbox>
	</object>
	<object>
		<name>ref_coin</name>
		<bndbox>
			<xmin>2826</xmin>
			<ymin>238</ymin>
			<xmax>3179</xmax>
			<ymax>595</ymax>
		</bndbox>
	</object>
	<object>
		<name>dish</name>
		<bndbox>
			<xmin>917</xmin>
			<ymin>695</ymin>
			<xmax>3660</xmax>
			<ymax>3396</ymax>
		</bndbox>
	</object>
	<object>
		<name>떡갈비</name>
		<bndbox>
			<xmin>1212</xmin>
			<ymin>1319</ymin>
			<xmax>3274</xmax>
			<ymax>2753</ymax>
		</bndbox>
	</object>
</annotation>