<annotation>
	<folder>top어육류정형접시떡갈비q4</folder>
	<filename>top_어육류정형_접시_떡갈비_Q4_00039.JPG</filename>
	<path>/top어육류정형접시떡갈비q4/top_어육류정형_접시_떡갈비_Q4_00039.JPG</path>
	<source>
		<database>fooddata</database>
	</source>
	<size>
		<width>5472</width>
		<height>3648</height>
		<depth>3</depth>
	</size>
	<object>
		<name>ref_spoon</name>
		<bndbox>
			<xmin>798</xmin>
			<ymin>276</ymin>
			<xmax>1374</xmax>
			<ymax>1110</ymax>
		</bndbox>
	</object>
	<object>
		<name>ref_fork</name>
		<bndbox>
			<xmin>1660</xmin>
			<ymin>386</ymin>
			<xmax>2026</xmax>
			<ymax>1310</ymax>
		</bndbox>
	</object>
	<object>
		<name>ref_coin</name>
		<bndbox>
			<xmin>2274</xmin>
			<ymin>2705</ymin>
			<xmax>2669</xmax>
			<ymax>3119</ymax>
		</bndbox>
	</object>
	<object>
		<name>dish</name>
		<bndbox>
			<xmin>2379</xmin>
			<ymin>167</ymin>
			<xmax>5241</xmax>
			<ymax>2986</ymax>
		</bndbox>
	</object>
	<object>
		<name>떡갈비</name>
		<bndbox>
			<xmin>2669</xmin>
			<ymin>529</ymin>
			<xmax>4960</xmax>
			<ymax>2391</ymax>
		</bndbox>
	</object>
</annotation>