<annotation>
	<folder>top어육류정형접시떡갈비q4</folder>
	<filename>top_어육류정형_접시_떡갈비_Q4_00044.JPG</filename>
	<path>/top어육류정형접시떡갈비q4/top_어육류정형_접시_떡갈비_Q4_00044.JPG</path>
	<source>
		<database>fooddata</database>
	</source>
	<size>
		<width>5472</width>
		<height>3648</height>
		<depth>3</depth>
	</size>
	<object>
		<name>ref_spoon</name>
		<bndbox>
			<xmin>650</xmin>
			<ymin>529</ymin>
			<xmax>1207</xmax>
			<ymax>1348</ymax>
		</bndbox>
	</object>
	<object>
		<name>ref_fork</name>
		<bndbox>
			<xmin>1422</xmin>
			<ymin>576</ymin>
			<xmax>1779</xmax>
			<ymax>1457</ymax>
		</bndbox>
	</object>
	<object>
		<name>ref_coin</name>
		<bndbox>
			<xmin>4884</xmin>
			<ymin>1524</ymin>
			<xmax>5270</xmax>
			<ymax>1900</ymax>
		</bndbox>
	</object>
	<object>
		<name>dish</name>
		<bndbox>
			<xmin>1960</xmin>
			<ymin>333</ymin>
			<xmax>4750</xmax>
			<ymax>3105</ymax>
		</bndbox>
	</object>
	<object>
		<name>떡갈비</name>
		<bndbox>
			<xmin>2131</xmin>
			<ymin>833</ymin>
			<xmax>4427</xmax>
			<ymax>2657</ymax>
		</bndbox>
	</object>
</annotation>