<annotation>
	<folder>top어육류정형접시떡갈비q4</folder>
	<filename>top_어육류정형_접시_떡갈비_Q4_00020.JPG</filename>
	<path>/top어육류정형접시떡갈비q4/top_어육류정형_접시_떡갈비_Q4_00020.JPG</path>
	<source>
		<database>fooddata</database>
	</source>
	<size>
		<width>5472</width>
		<height>3648</height>
		<depth>3</depth>
	</size>
	<object>
		<name>ref_spoon</name>
		<bndbox>
			<xmin>1955</xmin>
			<ymin>3005</ymin>
			<xmax>2631</xmax>
			<ymax>3477</ymax>
		</bndbox>
	</object>
	<object>
		<name>ref_fork</name>
		<bndbox>
			<xmin>1979</xmin>
			<ymin>2524</ymin>
			<xmax>2712</xmax>
			<ymax>2824</ymax>
		</bndbox>
	</object>
	<object>
		<name>ref_coin</name>
		<bndbox>
			<xmin>2107</xmin>
			<ymin>1895</ymin>
			<xmax>2436</xmax>
			<ymax>2210</ymax>
		</bndbox>
	</object>
	<object>
		<name>dish</name>
		<bndbox>
			<xmin>2469</xmin>
			<ymin>219</ymin>
			<xmax>4698</xmax>
			<ymax>2395</ymax>
		</bndbox>
	</object>
	<object>
		<name>떡갈비</name>
		<bndbox>
			<xmin>2960</xmin>
			<ymin>495</ymin>
			<xmax>4379</xmax>
			<ymax>1957</ymax>
		</bndbox>
	</object>
</annotation>