<annotation>
	<folder>top어육류정형접시떡갈비q4</folder>
	<filename>top_어육류정형_접시_떡갈비_Q4_00047.JPG</filename>
	<path>/top어육류정형접시떡갈비q4/top_어육류정형_접시_떡갈비_Q4_00047.JPG</path>
	<source>
		<database>fooddata</database>
	</source>
	<size>
		<width>5472</width>
		<height>3648</height>
		<depth>3</depth>
	</size>
	<object>
		<name>ref_spoon</name>
		<bndbox>
			<xmin>922</xmin>
			<ymin>348</ymin>
			<xmax>1474</xmax>
			<ymax>1157</ymax>
		</bndbox>
	</object>
	<object>
		<name>ref_fork</name>
		<bndbox>
			<xmin>1703</xmin>
			<ymin>395</ymin>
			<xmax>2055</xmax>
			<ymax>1276</ymax>
		</bndbox>
	</object>
	<object>
		<name>ref_coin</name>
		<bndbox>
			<xmin>4022</xmin>
			<ymin>3038</ymin>
			<xmax>4412</xmax>
			<ymax>3438</ymax>
		</bndbox>
	</object>
	<object>
		<name>dish</name>
		<bndbox>
			<xmin>2217</xmin>
			<ymin>133</ymin>
			<xmax>5027</xmax>
			<ymax>2896</ymax>
		</bndbox>
	</object>
	<object>
		<name>떡갈비</name>
		<bndbox>
			<xmin>2817</xmin>
			<ymin>529</ymin>
			<xmax>4955</xmax>
			<ymax>2353</ymax>
		</bndbox>
	</object>
</annotation>