<annotation>
	<folder>top어육류정형접시떡갈비q4</folder>
	<filename>top_어육류정형_접시_떡갈비_Q4_00018.JPG</filename>
	<path>/top어육류정형접시떡갈비q4/top_어육류정형_접시_떡갈비_Q4_00018.JPG</path>
	<source>
		<database>fooddata</database>
	</source>
	<size>
		<width>5472</width>
		<height>3648</height>
		<depth>3</depth>
	</size>
	<object>
		<name>ref_spoon</name>
		<bndbox>
			<xmin>1869</xmin>
			<ymin>2943</ymin>
			<xmax>2550</xmax>
			<ymax>3405</ymax>
		</bndbox>
	</object>
	<object>
		<name>ref_fork</name>
		<bndbox>
			<xmin>1926</xmin>
			<ymin>2481</ymin>
			<xmax>2650</xmax>
			<ymax>2786</ymax>
		</bndbox>
	</object>
	<object>
		<name>ref_coin</name>
		<bndbox>
			<xmin>4350</xmin>
			<ymin>1772</ymin>
			<xmax>4646</xmax>
			<ymax>2072</ymax>
		</bndbox>
	</object>
	<object>
		<name>dish</name>
		<bndbox>
			<xmin>2203</xmin>
			<ymin>243</ymin>
			<xmax>4398</xmax>
			<ymax>2405</ymax>
		</bndbox>
	</object>
	<object>
		<name>떡갈비</name>
		<bndbox>
			<xmin>2655</xmin>
			<ymin>457</ymin>
			<xmax>3993</xmax>
			<ymax>1900</ymax>
		</bndbox>
	</object>
</annotation>