<annotation>
	<folder>top어육류정형접시떡갈비q4</folder>
	<filename>top_어육류정형_접시_떡갈비_Q4_00036.JPG</filename>
	<path>/top어육류정형접시떡갈비q4/top_어육류정형_접시_떡갈비_Q4_00036.JPG</path>
	<source>
		<database>fooddata</database>
	</source>
	<size>
		<width>5472</width>
		<height>3648</height>
		<depth>3</depth>
	</size>
	<object>
		<name>ref_spoon</name>
		<bndbox>
			<xmin>979</xmin>
			<ymin>295</ymin>
			<xmax>1512</xmax>
			<ymax>1076</ymax>
		</bndbox>
	</object>
	<object>
		<name>ref_fork</name>
		<bndbox>
			<xmin>1769</xmin>
			<ymin>410</ymin>
			<xmax>2112</xmax>
			<ymax>1257</ymax>
		</bndbox>
	</object>
	<object>
		<name>ref_coin</name>
		<bndbox>
			<xmin>3593</xmin>
			<ymin>3086</ymin>
			<xmax>3974</xmax>
			<ymax>3462</ymax>
		</bndbox>
	</object>
	<object>
		<name>dish</name>
		<bndbox>
			<xmin>2426</xmin>
			<ymin>238</ymin>
			<xmax>5060</xmax>
			<ymax>2867</ymax>
		</bndbox>
	</object>
	<object>
		<name>떡갈비</name>
		<bndbox>
			<xmin>3031</xmin>
			<ymin>471</ymin>
			<xmax>5003</xmax>
			<ymax>2291</ymax>
		</bndbox>
	</object>
</annotation>