<annotation>
	<folder>my-project-name</folder>
	<filename>side_부침개류_접시_파전_Q3_00027.JPG</filename>
	<path>/side부침개류접시파전q3/side_부침개류_접시_파전_Q3_00027.JPG</path>
	<source>
		<database>fooddata</database>
	</source>
	<size>
		<width>720</width>
		<height>480</height>
		<depth>3</depth>
	</size>
	<object>
		<name>ref_spoon</name>
		<bndbox>
			<xmin>210</xmin>
			<ymin>397</ymin>
			<xmax>307</xmax>
			<ymax>450</ymax>
		</bndbox>
	</object>
	<object>
		<name>ref_fork</name>
		<bndbox>
			<xmin>204</xmin>
			<ymin>345</ymin>
			<xmax>307</xmax>
			<ymax>385</ymax>
		</bndbox>
	</object>
	<object>
		<name>ref_coin</name>
		<bndbox>
			<xmin>506</xmin>
			<ymin>99</ymin>
			<xmax>543</xmax>
			<ymax>126</ymax>
		</bndbox>
	</object>
	<object>
		<name>dish</name>
		<bndbox>
			<xmin>141</xmin>
			<ymin>47</ymin>
			<xmax>516</xmax>
			<ymax>315</ymax>
		</bndbox>
	</object>
	<object>
		<name>파전</name>
		<bndbox>
			<xmin>265</xmin>
			<ymin>76</ymin>
			<xmax>483</xmax>
			<ymax>296</ymax>
		</bndbox>
	</object>
</annotation>