<annotation>
	<folder>my-project-name</folder>
	<filename>side_부침개류_접시_파전_Q3_00028.JPG</filename>
	<path>/side부침개류접시파전q3/side_부침개류_접시_파전_Q3_00028.JPG</path>
	<source>
		<database>fooddata</database>
	</source>
	<size>
		<width>720</width>
		<height>480</height>
		<depth>3</depth>
	</size>
	<object>
		<name>ref_spoon</name>
		<bndbox>
			<xmin>216</xmin>
			<ymin>394</ymin>
			<xmax>313</xmax>
			<ymax>447</ymax>
		</bndbox>
	</object>
	<object>
		<name>ref_fork</name>
		<bndbox>
			<xmin>211</xmin>
			<ymin>344</ymin>
			<xmax>311</xmax>
			<ymax>382</ymax>
		</bndbox>
	</object>
	<object>
		<name>ref_coin</name>
		<bndbox>
			<xmin>547</xmin>
			<ymin>143</ymin>
			<xmax>584</xmax>
			<ymax>171</ymax>
		</bndbox>
	</object>
	<object>
		<name>dish</name>
		<bndbox>
			<xmin>148</xmin>
			<ymin>46</ymin>
			<xmax>524</xmax>
			<ymax>314</ymax>
		</bndbox>
	</object>
	<object>
		<name>파전</name>
		<bndbox>
			<xmin>227</xmin>
			<ymin>91</ymin>
			<xmax>494</xmax>
			<ymax>296</ymax>
		</bndbox>
	</object>
</annotation>