<annotation>
	<folder>my-project-name</folder>
	<filename>side_부침개류_접시_파전_Q3_00034.JPG</filename>
	<path>/side부침개류접시파전q3/side_부침개류_접시_파전_Q3_00034.JPG</path>
	<source>
		<database>fooddata</database>
	</source>
	<size>
		<width>720</width>
		<height>480</height>
		<depth>3</depth>
	</size>
	<object>
		<name>ref_spoon</name>
		<bndbox>
			<xmin>178</xmin>
			<ymin>134</ymin>
			<xmax>229</xmax>
			<ymax>206</ymax>
		</bndbox>
	</object>
	<object>
		<name>ref_fork</name>
		<bndbox>
			<xmin>252</xmin>
			<ymin>134</ymin>
			<xmax>286</xmax>
			<ymax>213</ymax>
		</bndbox>
	</object>
	<object>
		<name>ref_coin</name>
		<bndbox>
			<xmin>413</xmin>
			<ymin>389</ymin>
			<xmax>455</xmax>
			<ymax>425</ymax>
		</bndbox>
	</object>
	<object>
		<name>dish</name>
		<bndbox>
			<xmin>303</xmin>
			<ymin>92</ymin>
			<xmax>680</xmax>
			<ymax>360</ymax>
		</bndbox>
	</object>
	<object>
		<name>파전</name>
		<bndbox>
			<xmin>333</xmin>
			<ymin>124</ymin>
			<xmax>574</xmax>
			<ymax>347</ymax>
		</bndbox>
	</object>
</annotation>