<annotation>
	<folder>my-project-name</folder>
	<filename>side_부침개류_접시_파전_Q3_00006.JPG</filename>
	<path>/side부침개류접시파전q3/side_부침개류_접시_파전_Q3_00006.JPG</path>
	<source>
		<database>fooddata</database>
	</source>
	<size>
		<width>720</width>
		<height>480</height>
		<depth>3</depth>
	</size>
	<object>
		<name>ref_spoon</name>
		<bndbox>
			<xmin>547</xmin>
			<ymin>124</ymin>
			<xmax>602</xmax>
			<ymax>201</ymax>
		</bndbox>
	</object>
	<object>
		<name>ref_fork</name>
		<bndbox>
			<xmin>635</xmin>
			<ymin>129</ymin>
			<xmax>676</xmax>
			<ymax>216</ymax>
		</bndbox>
	</object>
	<object>
		<name>ref_coin</name>
		<bndbox>
			<xmin>90</xmin>
			<ymin>375</ymin>
			<xmax>137</xmax>
			<ymax>412</ymax>
		</bndbox>
	</object>
	<object>
		<name>dish</name>
		<bndbox>
			<xmin>127</xmin>
			<ymin>96</ymin>
			<xmax>538</xmax>
			<ymax>393</ymax>
		</bndbox>
	</object>
	<object>
		<name>파전</name>
		<bndbox>
			<xmin>258</xmin>
			<ymin>127</ymin>
			<xmax>504</xmax>
			<ymax>370</ymax>
		</bndbox>
	</object>
</annotation>