<annotation>
	<folder>my-project-name</folder>
	<filename>side_부침개류_접시_파전_Q3_00024.JPG</filename>
	<path>/side부침개류접시파전q3/side_부침개류_접시_파전_Q3_00024.JPG</path>
	<source>
		<database>fooddata</database>
	</source>
	<size>
		<width>720</width>
		<height>480</height>
		<depth>3</depth>
	</size>
	<object>
		<name>ref_spoon</name>
		<bndbox>
			<xmin>230</xmin>
			<ymin>410</ymin>
			<xmax>323</xmax>
			<ymax>462</ymax>
		</bndbox>
	</object>
	<object>
		<name>ref_fork</name>
		<bndbox>
			<xmin>227</xmin>
			<ymin>359</ymin>
			<xmax>326</xmax>
			<ymax>398</ymax>
		</bndbox>
	</object>
	<object>
		<name>ref_coin</name>
		<bndbox>
			<xmin>340</xmin>
			<ymin>23</ymin>
			<xmax>373</xmax>
			<ymax>46</ymax>
		</bndbox>
	</object>
	<object>
		<name>dish</name>
		<bndbox>
			<xmin>179</xmin>
			<ymin>62</ymin>
			<xmax>550</xmax>
			<ymax>328</ymax>
		</bndbox>
	</object>
	<object>
		<name>파전</name>
		<bndbox>
			<xmin>233</xmin>
			<ymin>86</ymin>
			<xmax>515</xmax>
			<ymax>279</ymax>
		</bndbox>
	</object>
</annotation>