<annotation>
	<folder>my-project-name</folder>
	<filename>side_부침개류_접시_파전_Q3_00017.JPG</filename>
	<path>/side부침개류접시파전q3/side_부침개류_접시_파전_Q3_00017.JPG</path>
	<source>
		<database>fooddata</database>
	</source>
	<size>
		<width>720</width>
		<height>480</height>
		<depth>3</depth>
	</size>
	<object>
		<name>ref_spoon</name>
		<bndbox>
			<xmin>499</xmin>
			<ymin>106</ymin>
			<xmax>553</xmax>
			<ymax>183</ymax>
		</bndbox>
	</object>
	<object>
		<name>ref_fork</name>
		<bndbox>
			<xmin>584</xmin>
			<ymin>112</ymin>
			<xmax>625</xmax>
			<ymax>198</ymax>
		</bndbox>
	</object>
	<object>
		<name>ref_coin</name>
		<bndbox>
			<xmin>338</xmin>
			<ymin>411</ymin>
			<xmax>385</xmax>
			<ymax>451</ymax>
		</bndbox>
	</object>
	<object>
		<name>dish</name>
		<bndbox>
			<xmin>87</xmin>
			<ymin>80</ymin>
			<xmax>495</xmax>
			<ymax>371</ymax>
		</bndbox>
	</object>
	<object>
		<name>파전</name>
		<bndbox>
			<xmin>122</xmin>
			<ymin>117</ymin>
			<xmax>364</xmax>
			<ymax>354</ymax>
		</bndbox>
	</object>
</annotation>