<annotation>
	<folder>my-project-name</folder>
	<filename>side_부침개류_접시_파전_Q3_00010.JPG</filename>
	<path>/side부침개류접시파전q3/side_부침개류_접시_파전_Q3_00010.JPG</path>
	<source>
		<database>fooddata</database>
	</source>
	<size>
		<width>720</width>
		<height>480</height>
		<depth>3</depth>
	</size>
	<object>
		<name>ref_spoon</name>
		<bndbox>
			<xmin>537</xmin>
			<ymin>164</ymin>
			<xmax>592</xmax>
			<ymax>241</ymax>
		</bndbox>
	</object>
	<object>
		<name>ref_fork</name>
		<bndbox>
			<xmin>624</xmin>
			<ymin>173</ymin>
			<xmax>664</xmax>
			<ymax>257</ymax>
		</bndbox>
	</object>
	<object>
		<name>ref_coin</name>
		<bndbox>
			<xmin>79</xmin>
			<ymin>172</ymin>
			<xmax>120</xmax>
			<ymax>200</ymax>
		</bndbox>
	</object>
	<object>
		<name>dish</name>
		<bndbox>
			<xmin>124</xmin>
			<ymin>150</ymin>
			<xmax>534</xmax>
			<ymax>450</ymax>
		</bndbox>
	</object>
	<object>
		<name>파전</name>
		<bndbox>
			<xmin>177</xmin>
			<ymin>228</ymin>
			<xmax>503</xmax>
			<ymax>435</ymax>
		</bndbox>
	</object>
</annotation>