<annotation>
	<folder>top_부침개류접시파전q3</folder>
	<filename>top_부침개류_접시_파전_Q3_00036.JPG</filename>
	<path>/top부침개류접시파전q3/top_부침개류_접시_파전_Q3_00036.JPG</path>
	<source>
		<database>fooddata</database>
	</source>
	<size>
		<width>5472</width>
		<height>3648</height>
		<depth>3</depth>
	</size>
	<object>
		<name>ref_spoon</name>
		<bndbox>
			<xmin>1133</xmin>
			<ymin>570</ymin>
			<xmax>1532</xmax>
			<ymax>1389</ymax>
		</bndbox>
	</object>
	<object>
		<name>ref_fork</name>
		<bndbox>
			<xmin>1676</xmin>
			<ymin>603</ymin>
			<xmax>1936</xmax>
			<ymax>1466</ymax>
		</bndbox>
	</object>
	<object>
		<name>ref_coin</name>
		<bndbox>
			<xmin>2728</xmin>
			<ymin>3160</ymin>
			<xmax>3032</xmax>
			<ymax>3481</ymax>
		</bndbox>
	</object>
	<object>
		<name>dish</name>
		<bndbox>
			<xmin>2069</xmin>
			<ymin>326</ymin>
			<xmax>4898</xmax>
			<ymax>3166</ymax>
		</bndbox>
	</object>
	<object>
		<name>파전</name>
		<bndbox>
			<xmin>2191</xmin>
			<ymin>558</ymin>
			<xmax>4267</xmax>
			<ymax>3038</ymax>
		</bndbox>
	</object>
</annotation>