<annotation>
	<folder>top_부침개류접시파전q3</folder>
	<filename>top_부침개류_접시_파전_Q3_00006.JPG</filename>
	<path>/top부침개류접시파전q3/top_부침개류_접시_파전_Q3_00006.JPG</path>
	<source>
		<database>fooddata</database>
	</source>
	<size>
		<width>5472</width>
		<height>3648</height>
		<depth>3</depth>
	</size>
	<object>
		<name>ref_spoon</name>
		<bndbox>
			<xmin>4305</xmin>
			<ymin>913</ymin>
			<xmax>4698</xmax>
			<ymax>1744</ymax>
		</bndbox>
	</object>
	<object>
		<name>ref_fork</name>
		<bndbox>
			<xmin>4770</xmin>
			<ymin>1168</ymin>
			<xmax>5102</xmax>
			<ymax>1976</ymax>
		</bndbox>
	</object>
	<object>
		<name>ref_coin</name>
		<bndbox>
			<xmin>1228</xmin>
			<ymin>2712</ymin>
			<xmax>1526</xmax>
			<ymax>3006</ymax>
		</bndbox>
	</object>
	<object>
		<name>dish</name>
		<bndbox>
			<xmin>1421</xmin>
			<ymin>454</ymin>
			<xmax>4173</xmax>
			<ymax>3200</ymax>
		</bndbox>
	</object>
	<object>
		<name>파전</name>
		<bndbox>
			<xmin>1543</xmin>
			<ymin>626</ymin>
			<xmax>3979</xmax>
			<ymax>2441</ymax>
		</bndbox>
	</object>
</annotation>