<annotation>
	<folder>top_부침개류접시파전q3</folder>
	<filename>top_부침개류_접시_파전_Q3_00012.JPG</filename>
	<path>/top부침개류접시파전q3/top_부침개류_접시_파전_Q3_00012.JPG</path>
	<source>
		<database>fooddata</database>
	</source>
	<size>
		<width>5472</width>
		<height>3648</height>
		<depth>3</depth>
	</size>
	<object>
		<name>ref_spoon</name>
		<bndbox>
			<xmin>4278</xmin>
			<ymin>1001</ymin>
			<xmax>4654</xmax>
			<ymax>1738</ymax>
		</bndbox>
	</object>
	<object>
		<name>ref_fork</name>
		<bndbox>
			<xmin>4748</xmin>
			<ymin>1250</ymin>
			<xmax>5047</xmax>
			<ymax>2175</ymax>
		</bndbox>
	</object>
	<object>
		<name>ref_coin</name>
		<bndbox>
			<xmin>2650</xmin>
			<ymin>304</ymin>
			<xmax>2927</xmax>
			<ymax>558</ymax>
		</bndbox>
	</object>
	<object>
		<name>dish</name>
		<bndbox>
			<xmin>1399</xmin>
			<ymin>752</ymin>
			<xmax>4112</xmax>
			<ymax>3465</ymax>
		</bndbox>
	</object>
	<object>
		<name>파전</name>
		<bndbox>
			<xmin>2097</xmin>
			<ymin>913</ymin>
			<xmax>4034</xmax>
			<ymax>3360</ymax>
		</bndbox>
	</object>
</annotation>