<annotation>
	<folder>top_부침개류접시파전q3</folder>
	<filename>top_부침개류_접시_파전_Q3_00048.JPG</filename>
	<path>/top부침개류접시파전q3/top_부침개류_접시_파전_Q3_00048.JPG</path>
	<source>
		<database>fooddata</database>
	</source>
	<size>
		<width>5472</width>
		<height>3648</height>
		<depth>3</depth>
	</size>
	<object>
		<name>ref_spoon</name>
		<bndbox>
			<xmin>1122</xmin>
			<ymin>603</ymin>
			<xmax>1510</xmax>
			<ymax>1367</ymax>
		</bndbox>
	</object>
	<object>
		<name>ref_fork</name>
		<bndbox>
			<xmin>1654</xmin>
			<ymin>614</ymin>
			<xmax>1914</xmax>
			<ymax>1405</ymax>
		</bndbox>
	</object>
	<object>
		<name>ref_coin</name>
		<bndbox>
			<xmin>4300</xmin>
			<ymin>265</ymin>
			<xmax>4588</xmax>
			<ymax>531</ymax>
		</bndbox>
	</object>
	<object>
		<name>dish</name>
		<bndbox>
			<xmin>2041</xmin>
			<ymin>392</ymin>
			<xmax>4820</xmax>
			<ymax>3149</ymax>
		</bndbox>
	</object>
	<object>
		<name>파전</name>
		<bndbox>
			<xmin>2158</xmin>
			<ymin>553</ymin>
			<xmax>4184</xmax>
			<ymax>3016</ymax>
		</bndbox>
	</object>
</annotation>