<annotation>
	<folder>top_부침개류접시파전q3</folder>
	<filename>top_부침개류_접시_파전_Q3_00025.JPG</filename>
	<path>/top부침개류접시파전q3/top_부침개류_접시_파전_Q3_00025.JPG</path>
	<source>
		<database>fooddata</database>
	</source>
	<size>
		<width>5472</width>
		<height>3648</height>
		<depth>3</depth>
	</size>
	<object>
		<name>ref_spoon</name>
		<bndbox>
			<xmin>1991</xmin>
			<ymin>3094</ymin>
			<xmax>2744</xmax>
			<ymax>3481</ymax>
		</bndbox>
	</object>
	<object>
		<name>ref_fork</name>
		<bndbox>
			<xmin>2097</xmin>
			<ymin>2723</ymin>
			<xmax>2844</xmax>
			<ymax>2989</ymax>
		</bndbox>
	</object>
	<object>
		<name>ref_coin</name>
		<bndbox>
			<xmin>3912</xmin>
			<ymin>138</ymin>
			<xmax>4173</xmax>
			<ymax>376</ymax>
		</bndbox>
	</object>
	<object>
		<name>dish</name>
		<bndbox>
			<xmin>1859</xmin>
			<ymin>221</ymin>
			<xmax>4322</xmax>
			<ymax>2657</ymax>
		</bndbox>
	</object>
	<object>
		<name>파전</name>
		<bndbox>
			<xmin>2252</xmin>
			<ymin>437</ymin>
			<xmax>4222</xmax>
			<ymax>2579</ymax>
		</bndbox>
	</object>
</annotation>