<annotation>
	<folder>top_부침개류접시파전q3</folder>
	<filename>top_부침개류_접시_파전_Q3_00049.JPG</filename>
	<path>/top부침개류접시파전q3/top_부침개류_접시_파전_Q3_00049.JPG</path>
	<source>
		<database>fooddata</database>
	</source>
	<size>
		<width>5472</width>
		<height>3648</height>
		<depth>3</depth>
	</size>
	<object>
		<name>ref_spoon</name>
		<bndbox>
			<xmin>973</xmin>
			<ymin>487</ymin>
			<xmax>1383</xmax>
			<ymax>1383</ymax>
		</bndbox>
	</object>
	<object>
		<name>ref_fork</name>
		<bndbox>
			<xmin>1504</xmin>
			<ymin>520</ymin>
			<xmax>1776</xmax>
			<ymax>1333</ymax>
		</bndbox>
	</object>
	<object>
		<name>ref_coin</name>
		<bndbox>
			<xmin>4715</xmin>
			<ymin>963</ymin>
			<xmax>5025</xmax>
			<ymax>1256</ymax>
		</bndbox>
	</object>
	<object>
		<name>dish</name>
		<bndbox>
			<xmin>1864</xmin>
			<ymin>370</ymin>
			<xmax>4698</xmax>
			<ymax>3177</ymax>
		</bndbox>
	</object>
	<object>
		<name>파전</name>
		<bndbox>
			<xmin>1980</xmin>
			<ymin>575</ymin>
			<xmax>4101</xmax>
			<ymax>3066</ymax>
		</bndbox>
	</object>
</annotation>