<annotation>
	<folder>top_부침개류접시파전q3</folder>
	<filename>top_부침개류_접시_파전_Q3_00002.JPG</filename>
	<path>/top부침개류접시파전q3/top_부침개류_접시_파전_Q3_00002.JPG</path>
	<source>
		<database>fooddata</database>
	</source>
	<size>
		<width>5472</width>
		<height>3648</height>
		<depth>3</depth>
	</size>
	<object>
		<name>ref_spoon</name>
		<bndbox>
			<xmin>3929</xmin>
			<ymin>681</ymin>
			<xmax>4300</xmax>
			<ymax>1423</ymax>
		</bndbox>
	</object>
	<object>
		<name>ref_fork</name>
		<bndbox>
			<xmin>4422</xmin>
			<ymin>897</ymin>
			<xmax>4687</xmax>
			<ymax>1655</ymax>
		</bndbox>
	</object>
	<object>
		<name>ref_coin</name>
		<bndbox>
			<xmin>3104</xmin>
			<ymin>3200</ymin>
			<xmax>3398</xmax>
			<ymax>3499</ymax>
		</bndbox>
	</object>
	<object>
		<name>dish</name>
		<bndbox>
			<xmin>1200</xmin>
			<ymin>293</ymin>
			<xmax>3863</xmax>
			<ymax>2928</ymax>
		</bndbox>
	</object>
	<object>
		<name>파전</name>
		<bndbox>
			<xmin>1327</xmin>
			<ymin>548</ymin>
			<xmax>3331</xmax>
			<ymax>2796</ymax>
		</bndbox>
	</object>
</annotation>