<annotation>
	<folder>top_부침개류접시파전q3</folder>
	<filename>top_부침개류_접시_파전_Q3_00031.JPG</filename>
	<path>/top부침개류접시파전q3/top_부침개류_접시_파전_Q3_00031.JPG</path>
	<source>
		<database>fooddata</database>
	</source>
	<size>
		<width>5472</width>
		<height>3648</height>
		<depth>3</depth>
	</size>
	<object>
		<name>ref_spoon</name>
		<bndbox>
			<xmin>1853</xmin>
			<ymin>3011</ymin>
			<xmax>2667</xmax>
			<ymax>3393</ymax>
		</bndbox>
	</object>
	<object>
		<name>ref_fork</name>
		<bndbox>
			<xmin>1964</xmin>
			<ymin>2640</ymin>
			<xmax>2700</xmax>
			<ymax>2906</ymax>
		</bndbox>
	</object>
	<object>
		<name>ref_coin</name>
		<bndbox>
			<xmin>4217</xmin>
			<ymin>1749</ymin>
			<xmax>4477</xmax>
			<ymax>2009</ymax>
		</bndbox>
	</object>
	<object>
		<name>dish</name>
		<bndbox>
			<xmin>1776</xmin>
			<ymin>188</ymin>
			<xmax>4256</xmax>
			<ymax>2623</ymax>
		</bndbox>
	</object>
	<object>
		<name>파전</name>
		<bndbox>
			<xmin>1853</xmin>
			<ymin>487</ymin>
			<xmax>3957</xmax>
			<ymax>2535</ymax>
		</bndbox>
	</object>
</annotation>