<annotation>
	<folder>top_부침개류접시파전q3</folder>
	<filename>top_부침개류_접시_파전_Q3_00050.JPG</filename>
	<path>/top부침개류접시파전q3/top_부침개류_접시_파전_Q3_00050.JPG</path>
	<source>
		<database>fooddata</database>
	</source>
	<size>
		<width>5472</width>
		<height>3648</height>
		<depth>3</depth>
	</size>
	<object>
		<name>ref_spoon</name>
		<bndbox>
			<xmin>835</xmin>
			<ymin>481</ymin>
			<xmax>1244</xmax>
			<ymax>1306</ymax>
		</bndbox>
	</object>
	<object>
		<name>ref_fork</name>
		<bndbox>
			<xmin>1394</xmin>
			<ymin>498</ymin>
			<xmax>1654</xmax>
			<ymax>1378</ymax>
		</bndbox>
	</object>
	<object>
		<name>ref_coin</name>
		<bndbox>
			<xmin>4887</xmin>
			<ymin>1361</ymin>
			<xmax>5191</xmax>
			<ymax>1643</ymax>
		</bndbox>
	</object>
	<object>
		<name>dish</name>
		<bndbox>
			<xmin>1748</xmin>
			<ymin>332</ymin>
			<xmax>4621</xmax>
			<ymax>3193</ymax>
		</bndbox>
	</object>
	<object>
		<name>파전</name>
		<bndbox>
			<xmin>1892</xmin>
			<ymin>536</ymin>
			<xmax>4289</xmax>
			<ymax>3061</ymax>
		</bndbox>
	</object>
</annotation>