<annotation>
	<folder>side스프류작은파스타볼콘스프q4</folder>
	<filename>side_스프류_작은파스타볼_콘스프_Q4_00039.JPG</filename>
	<path>/side스프류작은파스타볼콘스프q4/side_스프류_작은파스타볼_콘스프_Q4_00039.JPG</path>
	<source>
		<database>fooddata</database>
	</source>
	<size>
		<width>5472</width>
		<height>3648</height>
		<depth>3</depth>
	</size>
	<object>
		<name>ref_spoon</name>
		<bndbox>
			<xmin>360</xmin>
			<ymin>940</ymin>
			<xmax>939</xmax>
			<ymax>1730</ymax>
		</bndbox>
	</object>
	<object>
		<name>ref_fork</name>
		<bndbox>
			<xmin>1165</xmin>
			<ymin>998</ymin>
			<xmax>1536</xmax>
			<ymax>1875</ymax>
		</bndbox>
	</object>
	<object>
		<name>ref_coin</name>
		<bndbox>
			<xmin>4601</xmin>
			<ymin>1894</ymin>
			<xmax>5030</xmax>
			<ymax>2222</ymax>
		</bndbox>
	</object>
	<object>
		<name>dish</name>
		<bndbox>
			<xmin>1594</xmin>
			<ymin>742</ymin>
			<xmax>4187</xmax>
			<ymax>2689</ymax>
		</bndbox>
	</object>
	<object>
		<name>콘스프</name>
		<bndbox>
			<xmin>1975</xmin>
			<ymin>1224</ymin>
			<xmax>3753</xmax>
			<ymax>2549</ymax>
		</bndbox>
	</object>
</annotation>