<annotation>
	<folder>side스프류작은파스타볼콘스프q4</folder>
	<filename>side_스프류_작은파스타볼_콘스프_Q4_00009.JPG</filename>
	<path>/side스프류작은파스타볼콘스프q4/side_스프류_작은파스타볼_콘스프_Q4_00009.JPG</path>
	<source>
		<database>fooddata</database>
	</source>
	<size>
		<width>5472</width>
		<height>3648</height>
		<depth>3</depth>
	</size>
	<object>
		<name>ref_spoon</name>
		<bndbox>
			<xmin>3632</xmin>
			<ymin>1345</ymin>
			<xmax>4172</xmax>
			<ymax>2130</ymax>
		</bndbox>
	</object>
	<object>
		<name>ref_fork</name>
		<bndbox>
			<xmin>4413</xmin>
			<ymin>1398</ymin>
			<xmax>4774</xmax>
			<ymax>2260</ymax>
		</bndbox>
	</object>
	<object>
		<name>ref_coin</name>
		<bndbox>
			<xmin>2341</xmin>
			<ymin>458</ymin>
			<xmax>2702</xmax>
			<ymax>718</ymax>
		</bndbox>
	</object>
	<object>
		<name>dish</name>
		<bndbox>
			<xmin>823</xmin>
			<ymin>1108</ymin>
			<xmax>3473</xmax>
			<ymax>3017</ymax>
		</bndbox>
	</object>
	<object>
		<name>콘스프</name>
		<bndbox>
			<xmin>1223</xmin>
			<ymin>1585</ymin>
			<xmax>3073</xmax>
			<ymax>2911</ymax>
		</bndbox>
	</object>
</annotation>