<annotation>
	<folder>side스프류작은파스타볼콘스프q4</folder>
	<filename>side_스프류_작은파스타볼_콘스프_Q4_00049.JPG</filename>
	<path>/side스프류작은파스타볼콘스프q4/side_스프류_작은파스타볼_콘스프_Q4_00049.JPG</path>
	<source>
		<database>fooddata</database>
	</source>
	<size>
		<width>5472</width>
		<height>3648</height>
		<depth>3</depth>
	</size>
	<object>
		<name>ref_spoon</name>
		<bndbox>
			<xmin>452</xmin>
			<ymin>911</ymin>
			<xmax>1020</xmax>
			<ymax>1716</ymax>
		</bndbox>
	</object>
	<object>
		<name>ref_fork</name>
		<bndbox>
			<xmin>1247</xmin>
			<ymin>993</ymin>
			<xmax>1628</xmax>
			<ymax>1889</ymax>
		</bndbox>
	</object>
	<object>
		<name>ref_coin</name>
		<bndbox>
			<xmin>4331</xmin>
			<ymin>2771</ymin>
			<xmax>4784</xmax>
			<ymax>3132</ymax>
		</bndbox>
	</object>
	<object>
		<name>dish</name>
		<bndbox>
			<xmin>1695</xmin>
			<ymin>771</ymin>
			<xmax>4346</xmax>
			<ymax>2752</ymax>
		</bndbox>
	</object>
	<object>
		<name>콘스프</name>
		<bndbox>
			<xmin>2081</xmin>
			<ymin>1291</ymin>
			<xmax>3897</xmax>
			<ymax>2612</ymax>
		</bndbox>
	</object>
</annotation>