<annotation>
	<folder>side스프류작은파스타볼콘스프q4</folder>
	<filename>side_스프류_작은파스타볼_콘스프_Q4_00043.JPG</filename>
	<path>/side스프류작은파스타볼콘스프q4/side_스프류_작은파스타볼_콘스프_Q4_00043.JPG</path>
	<source>
		<database>fooddata</database>
	</source>
	<size>
		<width>5472</width>
		<height>3648</height>
		<depth>3</depth>
	</size>
	<object>
		<name>ref_spoon</name>
		<bndbox>
			<xmin>596</xmin>
			<ymin>988</ymin>
			<xmax>1165</xmax>
			<ymax>1797</ymax>
		</bndbox>
	</object>
	<object>
		<name>ref_fork</name>
		<bndbox>
			<xmin>1401</xmin>
			<ymin>1055</ymin>
			<xmax>1777</xmax>
			<ymax>1947</ymax>
		</bndbox>
	</object>
	<object>
		<name>ref_coin</name>
		<bndbox>
			<xmin>3093</xmin>
			<ymin>453</ymin>
			<xmax>3464</xmax>
			<ymax>728</ymax>
		</bndbox>
	</object>
	<object>
		<name>dish</name>
		<bndbox>
			<xmin>1840</xmin>
			<ymin>819</ymin>
			<xmax>4480</xmax>
			<ymax>2776</ymax>
		</bndbox>
	</object>
	<object>
		<name>콘스프</name>
		<bndbox>
			<xmin>2240</xmin>
			<ymin>1301</ymin>
			<xmax>4052</xmax>
			<ymax>2646</ymax>
		</bndbox>
	</object>
</annotation>