<annotation>
	<folder>side스프류작은파스타볼콘스프q4</folder>
	<filename>side_스프류_작은파스타볼_콘스프_Q4_00017.JPG</filename>
	<path>/side스프류작은파스타볼콘스프q4/side_스프류_작은파스타볼_콘스프_Q4_00017.JPG</path>
	<source>
		<database>fooddata</database>
	</source>
	<size>
		<width>5472</width>
		<height>3648</height>
		<depth>3</depth>
	</size>
	<object>
		<name>ref_spoon</name>
		<bndbox>
			<xmin>572</xmin>
			<ymin>2814</ymin>
			<xmax>1570</xmax>
			<ymax>3364</ymax>
		</bndbox>
	</object>
	<object>
		<name>ref_fork</name>
		<bndbox>
			<xmin>746</xmin>
			<ymin>2347</ymin>
			<xmax>1820</xmax>
			<ymax>2800</ymax>
		</bndbox>
	</object>
	<object>
		<name>ref_coin</name>
		<bndbox>
			<xmin>3758</xmin>
			<ymin>1378</ymin>
			<xmax>4172</xmax>
			<ymax>1691</ymax>
		</bndbox>
	</object>
	<object>
		<name>dish</name>
		<bndbox>
			<xmin>1112</xmin>
			<ymin>198</ymin>
			<xmax>3681</xmax>
			<ymax>2053</ymax>
		</bndbox>
	</object>
	<object>
		<name>콘스프</name>
		<bndbox>
			<xmin>1488</xmin>
			<ymin>655</ymin>
			<xmax>3281</xmax>
			<ymax>1952</ymax>
		</bndbox>
	</object>
</annotation>