<annotation>
	<folder>top_스프류작은파스타볼콘스프q4</folder>
	<filename>top_스프류_작은파스타볼_콘스프_Q4_00002.JPG</filename>
	<path>/top스프류작은파스타볼콘스프q4/top_스프류_작은파스타볼_콘스프_Q4_00002.JPG</path>
	<source>
		<database>fooddata</database>
	</source>
	<size>
		<width>5472</width>
		<height>3648</height>
		<depth>3</depth>
	</size>
	<object>
		<name>ref_spoon</name>
		<bndbox>
			<xmin>3648</xmin>
			<ymin>404</ymin>
			<xmax>4124</xmax>
			<ymax>1332</ymax>
		</bndbox>
	</object>
	<object>
		<name>ref_fork</name>
		<bndbox>
			<xmin>4197</xmin>
			<ymin>428</ymin>
			<xmax>4512</xmax>
			<ymax>1622</ymax>
		</bndbox>
	</object>
	<object>
		<name>ref_coin</name>
		<bndbox>
			<xmin>2486</xmin>
			<ymin>2962</ymin>
			<xmax>2841</xmax>
			<ymax>3325</ymax>
		</bndbox>
	</object>
	<object>
		<name>dish</name>
		<bndbox>
			<xmin>1114</xmin>
			<ymin>234</ymin>
			<xmax>3511</xmax>
			<ymax>2663</ymax>
		</bndbox>
	</object>
	<object>
		<name>콘스프</name>
		<bndbox>
			<xmin>1533</xmin>
			<ymin>710</ymin>
			<xmax>3107</xmax>
			<ymax>2276</ymax>
		</bndbox>
	</object>
</annotation>