<annotation>
	<folder>top_스프류작은파스타볼콘스프q4</folder>
	<filename>top_스프류_작은파스타볼_콘스프_Q4_00047.JPG</filename>
	<path>/top스프류작은파스타볼콘스프q4/top_스프류_작은파스타볼_콘스프_Q4_00047.JPG</path>
	<source>
		<database>fooddata</database>
	</source>
	<size>
		<width>5472</width>
		<height>3648</height>
		<depth>3</depth>
	</size>
	<object>
		<name>ref_spoon</name>
		<bndbox>
			<xmin>573</xmin>
			<ymin>307</ymin>
			<xmax>1098</xmax>
			<ymax>1316</ymax>
		</bndbox>
	</object>
	<object>
		<name>ref_fork</name>
		<bndbox>
			<xmin>1348</xmin>
			<ymin>291</ymin>
			<xmax>1703</xmax>
			<ymax>1533</ymax>
		</bndbox>
	</object>
	<object>
		<name>ref_coin</name>
		<bndbox>
			<xmin>4512</xmin>
			<ymin>670</ymin>
			<xmax>4899</xmax>
			<ymax>1049</ymax>
		</bndbox>
	</object>
	<object>
		<name>dish</name>
		<bndbox>
			<xmin>1921</xmin>
			<ymin>412</ymin>
			<xmax>4608</xmax>
			<ymax>3083</ymax>
		</bndbox>
	</object>
	<object>
		<name>콘스프</name>
		<bndbox>
			<xmin>2365</xmin>
			<ymin>936</ymin>
			<xmax>4108</xmax>
			<ymax>2680</ymax>
		</bndbox>
	</object>
</annotation>