<annotation>
	<folder>top_스프류작은파스타볼콘스프q4</folder>
	<filename>top_스프류_작은파스타볼_콘스프_Q4_00038.JPG</filename>
	<path>/top스프류작은파스타볼콘스프q4/top_스프류_작은파스타볼_콘스프_Q4_00038.JPG</path>
	<source>
		<database>fooddata</database>
	</source>
	<size>
		<width>5472</width>
		<height>3648</height>
		<depth>3</depth>
	</size>
	<object>
		<name>ref_spoon</name>
		<bndbox>
			<xmin>646</xmin>
			<ymin>339</ymin>
			<xmax>1170</xmax>
			<ymax>1324</ymax>
		</bndbox>
	</object>
	<object>
		<name>ref_fork</name>
		<bndbox>
			<xmin>1396</xmin>
			<ymin>363</ymin>
			<xmax>1719</xmax>
			<ymax>1412</ymax>
		</bndbox>
	</object>
	<object>
		<name>ref_coin</name>
		<bndbox>
			<xmin>4713</xmin>
			<ymin>1574</ymin>
			<xmax>5085</xmax>
			<ymax>1945</ymax>
		</bndbox>
	</object>
	<object>
		<name>dish</name>
		<bndbox>
			<xmin>1889</xmin>
			<ymin>565</ymin>
			<xmax>4415</xmax>
			<ymax>3091</ymax>
		</bndbox>
	</object>
	<object>
		<name>콘스프</name>
		<bndbox>
			<xmin>2357</xmin>
			<ymin>1025</ymin>
			<xmax>3955</xmax>
			<ymax>2631</ymax>
		</bndbox>
	</object>
</annotation>