<annotation>
	<folder>top_스프류작은파스타볼콘스프q4</folder>
	<filename>top_스프류_작은파스타볼_콘스프_Q4_00045.JPG</filename>
	<path>/top스프류작은파스타볼콘스프q4/top_스프류_작은파스타볼_콘스프_Q4_00045.JPG</path>
	<source>
		<database>fooddata</database>
	</source>
	<size>
		<width>5472</width>
		<height>3648</height>
		<depth>3</depth>
	</size>
	<object>
		<name>ref_spoon</name>
		<bndbox>
			<xmin>395</xmin>
			<ymin>266</ymin>
			<xmax>960</xmax>
			<ymax>1348</ymax>
		</bndbox>
	</object>
	<object>
		<name>ref_fork</name>
		<bndbox>
			<xmin>1194</xmin>
			<ymin>266</ymin>
			<xmax>1566</xmax>
			<ymax>1429</ymax>
		</bndbox>
	</object>
	<object>
		<name>ref_coin</name>
		<bndbox>
			<xmin>4649</xmin>
			<ymin>2066</ymin>
			<xmax>5060</xmax>
			<ymax>2462</ymax>
		</bndbox>
	</object>
	<object>
		<name>dish</name>
		<bndbox>
			<xmin>1776</xmin>
			<ymin>371</ymin>
			<xmax>4552</xmax>
			<ymax>3115</ymax>
		</bndbox>
	</object>
	<object>
		<name>콘스프</name>
		<bndbox>
			<xmin>2260</xmin>
			<ymin>896</ymin>
			<xmax>4011</xmax>
			<ymax>2631</ymax>
		</bndbox>
	</object>
</annotation>