<annotation>
	<folder>top_스프류작은파스타볼콘스프q4</folder>
	<filename>top_스프류_작은파스타볼_콘스프_Q4_00040.JPG</filename>
	<path>/top스프류작은파스타볼콘스프q4/top_스프류_작은파스타볼_콘스프_Q4_00040.JPG</path>
	<source>
		<database>fooddata</database>
	</source>
	<size>
		<width>5472</width>
		<height>3648</height>
		<depth>3</depth>
	</size>
	<object>
		<name>ref_spoon</name>
		<bndbox>
			<xmin>589</xmin>
			<ymin>315</ymin>
			<xmax>1146</xmax>
			<ymax>1380</ymax>
		</bndbox>
	</object>
	<object>
		<name>ref_fork</name>
		<bndbox>
			<xmin>1380</xmin>
			<ymin>331</ymin>
			<xmax>1719</xmax>
			<ymax>1533</ymax>
		</bndbox>
	</object>
	<object>
		<name>ref_coin</name>
		<bndbox>
			<xmin>4391</xmin>
			<ymin>234</ymin>
			<xmax>4778</xmax>
			<ymax>621</ymax>
		</bndbox>
	</object>
	<object>
		<name>dish</name>
		<bndbox>
			<xmin>1880</xmin>
			<ymin>533</ymin>
			<xmax>4576</xmax>
			<ymax>3212</ymax>
		</bndbox>
	</object>
	<object>
		<name>콘스프</name>
		<bndbox>
			<xmin>2357</xmin>
			<ymin>1033</ymin>
			<xmax>4060</xmax>
			<ymax>2712</ymax>
		</bndbox>
	</object>
</annotation>