<annotation>
	<folder>top_스프류작은파스타볼콘스프q4</folder>
	<filename>top_스프류_작은파스타볼_콘스프_Q4_00049.JPG</filename>
	<path>/top스프류작은파스타볼콘스프q4/top_스프류_작은파스타볼_콘스프_Q4_00049.JPG</path>
	<source>
		<database>fooddata</database>
	</source>
	<size>
		<width>5472</width>
		<height>3648</height>
		<depth>3</depth>
	</size>
	<object>
		<name>ref_spoon</name>
		<bndbox>
			<xmin>646</xmin>
			<ymin>823</ymin>
			<xmax>1154</xmax>
			<ymax>1703</ymax>
		</bndbox>
	</object>
	<object>
		<name>ref_fork</name>
		<bndbox>
			<xmin>1356</xmin>
			<ymin>807</ymin>
			<xmax>1687</xmax>
			<ymax>1824</ymax>
		</bndbox>
	</object>
	<object>
		<name>ref_coin</name>
		<bndbox>
			<xmin>3422</xmin>
			<ymin>274</ymin>
			<xmax>3745</xmax>
			<ymax>621</ymax>
		</bndbox>
	</object>
	<object>
		<name>dish</name>
		<bndbox>
			<xmin>1872</xmin>
			<ymin>888</ymin>
			<xmax>4278</xmax>
			<ymax>3309</ymax>
		</bndbox>
	</object>
	<object>
		<name>콘스프</name>
		<bndbox>
			<xmin>2276</xmin>
			<ymin>1332</ymin>
			<xmax>3826</xmax>
			<ymax>2889</ymax>
		</bndbox>
	</object>
</annotation>