<annotation>
	<folder>top_스프류작은파스타볼콘스프q4</folder>
	<filename>top_스프류_작은파스타볼_콘스프_Q4_00034.JPG</filename>
	<path>/top스프류작은파스타볼콘스프q4/top_스프류_작은파스타볼_콘스프_Q4_00034.JPG</path>
	<source>
		<database>fooddata</database>
	</source>
	<size>
		<width>5472</width>
		<height>3648</height>
		<depth>3</depth>
	</size>
	<object>
		<name>ref_spoon</name>
		<bndbox>
			<xmin>1025</xmin>
			<ymin>339</ymin>
			<xmax>1525</xmax>
			<ymax>1340</ymax>
		</bndbox>
	</object>
	<object>
		<name>ref_fork</name>
		<bndbox>
			<xmin>1719</xmin>
			<ymin>363</ymin>
			<xmax>2050</xmax>
			<ymax>1445</ymax>
		</bndbox>
	</object>
	<object>
		<name>ref_coin</name>
		<bndbox>
			<xmin>3446</xmin>
			<ymin>3115</ymin>
			<xmax>3817</xmax>
			<ymax>3487</ymax>
		</bndbox>
	</object>
	<object>
		<name>dish</name>
		<bndbox>
			<xmin>2244</xmin>
			<ymin>533</ymin>
			<xmax>4705</xmax>
			<ymax>2970</ymax>
		</bndbox>
	</object>
	<object>
		<name>콘스프</name>
		<bndbox>
			<xmin>2647</xmin>
			<ymin>1009</ymin>
			<xmax>4213</xmax>
			<ymax>2550</ymax>
		</bndbox>
	</object>
</annotation>