<annotation>
	<folder>top_스프류작은파스타볼콘스프q4</folder>
	<filename>top_스프류_작은파스타볼_콘스프_Q4_00007.JPG</filename>
	<path>/top스프류작은파스타볼콘스프q4/top_스프류_작은파스타볼_콘스프_Q4_00007.JPG</path>
	<source>
		<database>fooddata</database>
	</source>
	<size>
		<width>5472</width>
		<height>3648</height>
		<depth>3</depth>
	</size>
	<object>
		<name>ref_spoon</name>
		<bndbox>
			<xmin>3850</xmin>
			<ymin>347</ymin>
			<xmax>4342</xmax>
			<ymax>1372</ymax>
		</bndbox>
	</object>
	<object>
		<name>ref_fork</name>
		<bndbox>
			<xmin>4374</xmin>
			<ymin>379</ymin>
			<xmax>4746</xmax>
			<ymax>1485</ymax>
		</bndbox>
	</object>
	<object>
		<name>ref_coin</name>
		<bndbox>
			<xmin>791</xmin>
			<ymin>1396</ymin>
			<xmax>1154</xmax>
			<ymax>1768</ymax>
		</bndbox>
	</object>
	<object>
		<name>dish</name>
		<bndbox>
			<xmin>1283</xmin>
			<ymin>347</ymin>
			<xmax>3713</xmax>
			<ymax>2792</ymax>
		</bndbox>
	</object>
	<object>
		<name>콘스프</name>
		<bndbox>
			<xmin>1751</xmin>
			<ymin>823</ymin>
			<xmax>3301</xmax>
			<ymax>2365</ymax>
		</bndbox>
	</object>
</annotation>