<annotation>
	<folder>top_스프류작은파스타볼콘스프q4</folder>
	<filename>top_스프류_작은파스타볼_콘스프_Q4_00048.JPG</filename>
	<path>/top스프류작은파스타볼콘스프q4/top_스프류_작은파스타볼_콘스프_Q4_00048.JPG</path>
	<source>
		<database>fooddata</database>
	</source>
	<size>
		<width>5472</width>
		<height>3648</height>
		<depth>3</depth>
	</size>
	<object>
		<name>ref_spoon</name>
		<bndbox>
			<xmin>508</xmin>
			<ymin>525</ymin>
			<xmax>1073</xmax>
			<ymax>1598</ymax>
		</bndbox>
	</object>
	<object>
		<name>ref_fork</name>
		<bndbox>
			<xmin>1316</xmin>
			<ymin>500</ymin>
			<xmax>1695</xmax>
			<ymax>1719</ymax>
		</bndbox>
	</object>
	<object>
		<name>ref_coin</name>
		<bndbox>
			<xmin>4173</xmin>
			<ymin>307</ymin>
			<xmax>4568</xmax>
			<ymax>702</ymax>
		</bndbox>
	</object>
	<object>
		<name>dish</name>
		<bndbox>
			<xmin>1905</xmin>
			<ymin>597</ymin>
			<xmax>4657</xmax>
			<ymax>3317</ymax>
		</bndbox>
	</object>
	<object>
		<name>콘스프</name>
		<bndbox>
			<xmin>2365</xmin>
			<ymin>1065</ymin>
			<xmax>4132</xmax>
			<ymax>2881</ymax>
		</bndbox>
	</object>
</annotation>