<annotation>
	<folder>top_스프류작은파스타볼콘스프q4</folder>
	<filename>top_스프류_작은파스타볼_콘스프_Q4_00028.JPG</filename>
	<path>/top스프류작은파스타볼콘스프q4/top_스프류_작은파스타볼_콘스프_Q4_00028.JPG</path>
	<source>
		<database>fooddata</database>
	</source>
	<size>
		<width>5472</width>
		<height>3648</height>
		<depth>3</depth>
	</size>
	<object>
		<name>ref_spoon</name>
		<bndbox>
			<xmin>1090</xmin>
			<ymin>2897</ymin>
			<xmax>1921</xmax>
			<ymax>3357</ymax>
		</bndbox>
	</object>
	<object>
		<name>ref_fork</name>
		<bndbox>
			<xmin>1130</xmin>
			<ymin>2389</ymin>
			<xmax>2106</xmax>
			<ymax>2704</ymax>
		</bndbox>
	</object>
	<object>
		<name>ref_coin</name>
		<bndbox>
			<xmin>3608</xmin>
			<ymin>2026</ymin>
			<xmax>3922</xmax>
			<ymax>2341</ymax>
		</bndbox>
	</object>
	<object>
		<name>dish</name>
		<bndbox>
			<xmin>1703</xmin>
			<ymin>186</ymin>
			<xmax>3842</xmax>
			<ymax>2284</ymax>
		</bndbox>
	</object>
	<object>
		<name>콘스프</name>
		<bndbox>
			<xmin>2082</xmin>
			<ymin>605</ymin>
			<xmax>3462</xmax>
			<ymax>1961</ymax>
		</bndbox>
	</object>
</annotation>