<annotation>
	<folder>top_스프류작은파스타볼콘스프q4</folder>
	<filename>top_스프류_작은파스타볼_콘스프_Q4_00011.JPG</filename>
	<path>/top스프류작은파스타볼콘스프q4/top_스프류_작은파스타볼_콘스프_Q4_00011.JPG</path>
	<source>
		<database>fooddata</database>
	</source>
	<size>
		<width>5472</width>
		<height>3648</height>
		<depth>3</depth>
	</size>
	<object>
		<name>ref_spoon</name>
		<bndbox>
			<xmin>3559</xmin>
			<ymin>751</ymin>
			<xmax>3995</xmax>
			<ymax>1784</ymax>
		</bndbox>
	</object>
	<object>
		<name>ref_fork</name>
		<bndbox>
			<xmin>4052</xmin>
			<ymin>759</ymin>
			<xmax>4350</xmax>
			<ymax>1759</ymax>
		</bndbox>
	</object>
	<object>
		<name>ref_coin</name>
		<bndbox>
			<xmin>2010</xmin>
			<ymin>145</ymin>
			<xmax>2316</xmax>
			<ymax>444</ymax>
		</bndbox>
	</object>
	<object>
		<name>dish</name>
		<bndbox>
			<xmin>1259</xmin>
			<ymin>839</ymin>
			<xmax>3438</xmax>
			<ymax>3002</ymax>
		</bndbox>
	</object>
	<object>
		<name>콘스프</name>
		<bndbox>
			<xmin>1655</xmin>
			<ymin>1259</ymin>
			<xmax>3059</xmax>
			<ymax>2615</ymax>
		</bndbox>
	</object>
</annotation>