<annotation>
	<folder>top_스프류작은파스타볼콘스프q4</folder>
	<filename>top_스프류_작은파스타볼_콘스프_Q4_00020.JPG</filename>
	<path>/top스프류작은파스타볼콘스프q4/top_스프류_작은파스타볼_콘스프_Q4_00020.JPG</path>
	<source>
		<database>fooddata</database>
	</source>
	<size>
		<width>5472</width>
		<height>3648</height>
		<depth>3</depth>
	</size>
	<object>
		<name>ref_spoon</name>
		<bndbox>
			<xmin>1856</xmin>
			<ymin>2825</ymin>
			<xmax>2631</xmax>
			<ymax>3228</ymax>
		</bndbox>
	</object>
	<object>
		<name>ref_fork</name>
		<bndbox>
			<xmin>1872</xmin>
			<ymin>2389</ymin>
			<xmax>2736</xmax>
			<ymax>2647</ymax>
		</bndbox>
	</object>
	<object>
		<name>ref_coin</name>
		<bndbox>
			<xmin>2768</xmin>
			<ymin>129</ymin>
			<xmax>3051</xmax>
			<ymax>404</ymax>
		</bndbox>
	</object>
	<object>
		<name>dish</name>
		<bndbox>
			<xmin>2268</xmin>
			<ymin>500</ymin>
			<xmax>4076</xmax>
			<ymax>2316</ymax>
		</bndbox>
	</object>
	<object>
		<name>콘스프</name>
		<bndbox>
			<xmin>2583</xmin>
			<ymin>864</ymin>
			<xmax>3753</xmax>
			<ymax>2010</ymax>
		</bndbox>
	</object>
</annotation>