<annotation>
	<folder>side기타튀김배달종이박스감자튀김(스틱형)q5</folder>
	<filename>side_기타튀김_배달종이박스_감자튀김(스틱형)_Q5_00027.JPG</filename>
	<path>/side기타튀김배달종이박스감자튀김(스틱형)q5/side_기타튀김_배달종이박스_감자튀김(스틱형)_Q5_00027.JPG</path>
	<source>
		<database>fooddata</database>
	</source>
	<size>
		<width>3008</width>
		<height>2000</height>
		<depth>3</depth>
	</size>
	<object>
		<name>ref_spoon</name>
		<bndbox>
			<xmin>581</xmin>
			<ymin>1508</ymin>
			<xmax>1043</xmax>
			<ymax>1767</ymax>
		</bndbox>
	</object>
	<object>
		<name>ref_fork</name>
		<bndbox>
			<xmin>725</xmin>
			<ymin>1205</ymin>
			<xmax>1226</xmax>
			<ymax>1442</ymax>
		</bndbox>
	</object>
	<object>
		<name>ref_coin</name>
		<bndbox>
			<xmin>557</xmin>
			<ymin>783</ymin>
			<xmax>769</xmax>
			<ymax>927</ymax>
		</bndbox>
	</object>
	<object>
		<name>dish</name>
		<bndbox>
			<xmin>999</xmin>
			<ymin>150</ymin>
			<xmax>2432</xmax>
			<ymax>1144</ymax>
		</bndbox>
	</object>
	<object>
		<name>감자튀김(스틱형)</name>
		<bndbox>
			<xmin>1067</xmin>
			<ymin>180</ymin>
			<xmax>2317</xmax>
			<ymax>1005</ymax>
		</bndbox>
	</object>
</annotation>