<annotation>
	<folder>side기타튀김배달종이박스감자튀김(스틱형)q5</folder>
	<filename>side_기타튀김_배달종이박스_감자튀김(스틱형)_Q5_00018.JPG</filename>
	<path>/side기타튀김배달종이박스감자튀김(스틱형)q5/side_기타튀김_배달종이박스_감자튀김(스틱형)_Q5_00018.JPG</path>
	<source>
		<database>fooddata</database>
	</source>
	<size>
		<width>3008</width>
		<height>2000</height>
		<depth>3</depth>
	</size>
	<object>
		<name>ref_spoon</name>
		<bndbox>
			<xmin>471</xmin>
			<ymin>1530</ymin>
			<xmax>925</xmax>
			<ymax>1791</ymax>
		</bndbox>
	</object>
	<object>
		<name>ref_fork</name>
		<bndbox>
			<xmin>603</xmin>
			<ymin>1232</ymin>
			<xmax>1089</xmax>
			<ymax>1457</ymax>
		</bndbox>
	</object>
	<object>
		<name>ref_coin</name>
		<bndbox>
			<xmin>2361</xmin>
			<ymin>746</ymin>
			<xmax>2564</xmax>
			<ymax>885</ymax>
		</bndbox>
	</object>
	<object>
		<name>dish</name>
		<bndbox>
			<xmin>879</xmin>
			<ymin>194</ymin>
			<xmax>2236</xmax>
			<ymax>1139</ymax>
		</bndbox>
	</object>
	<object>
		<name>감자튀김(스틱형)</name>
		<bndbox>
			<xmin>947</xmin>
			<ymin>204</ymin>
			<xmax>2149</xmax>
			<ymax>995</ymax>
		</bndbox>
	</object>
</annotation>