<annotation>
	<folder>side기타튀김배달종이박스감자튀김(스틱형)q5</folder>
	<filename>side_기타튀김_배달종이박스_감자튀김(스틱형)_Q5_00038.JPG</filename>
	<path>/side기타튀김배달종이박스감자튀김(스틱형)q5/side_기타튀김_배달종이박스_감자튀김(스틱형)_Q5_00038.JPG</path>
	<source>
		<database>fooddata</database>
	</source>
	<size>
		<width>3008</width>
		<height>2000</height>
		<depth>3</depth>
	</size>
	<object>
		<name>ref_spoon</name>
		<bndbox>
			<xmin>552</xmin>
			<ymin>414</ymin>
			<xmax>825</xmax>
			<ymax>756</ymax>
		</bndbox>
	</object>
	<object>
		<name>ref_fork</name>
		<bndbox>
			<xmin>928</xmin>
			<ymin>463</ymin>
			<xmax>1106</xmax>
			<ymax>856</ymax>
		</bndbox>
	</object>
	<object>
		<name>ref_coin</name>
		<bndbox>
			<xmin>171</xmin>
			<ymin>1078</ymin>
			<xmax>388</xmax>
			<ymax>1237</ymax>
		</bndbox>
	</object>
	<object>
		<name>dish</name>
		<bndbox>
			<xmin>1397</xmin>
			<ymin>517</ymin>
			<xmax>2573</xmax>
			<ymax>1396</ymax>
		</bndbox>
	</object>
	<object>
		<name>감자튀김(스틱형)</name>
		<bndbox>
			<xmin>1480</xmin>
			<ymin>561</ymin>
			<xmax>2517</xmax>
			<ymax>1261</ymax>
		</bndbox>
	</object>
</annotation>