<annotation>
	<folder>side기타튀김배달종이박스감자튀김(스틱형)q5</folder>
	<filename>side_기타튀김_배달종이박스_감자튀김(스틱형)_Q5_00028.JPG</filename>
	<path>/side기타튀김배달종이박스감자튀김(스틱형)q5/side_기타튀김_배달종이박스_감자튀김(스틱형)_Q5_00028.JPG</path>
	<source>
		<database>fooddata</database>
	</source>
	<size>
		<width>3008</width>
		<height>2000</height>
		<depth>3</depth>
	</size>
	<object>
		<name>ref_spoon</name>
		<bndbox>
			<xmin>606</xmin>
			<ymin>1410</ymin>
			<xmax>1057</xmax>
			<ymax>1671</ymax>
		</bndbox>
	</object>
	<object>
		<name>ref_fork</name>
		<bndbox>
			<xmin>745</xmin>
			<ymin>1115</ymin>
			<xmax>1238</xmax>
			<ymax>1349</ymax>
		</bndbox>
	</object>
	<object>
		<name>ref_coin</name>
		<bndbox>
			<xmin>606</xmin>
			<ymin>766</ymin>
			<xmax>825</xmax>
			<ymax>910</ymax>
		</bndbox>
	</object>
	<object>
		<name>dish</name>
		<bndbox>
			<xmin>1060</xmin>
			<ymin>116</ymin>
			<xmax>2261</xmax>
			<ymax>978</ymax>
		</bndbox>
	</object>
	<object>
		<name>감자튀김(스틱형)</name>
		<bndbox>
			<xmin>1155</xmin>
			<ymin>138</ymin>
			<xmax>2200</xmax>
			<ymax>827</ymax>
		</bndbox>
	</object>
</annotation>