<annotation>
	<folder>side기타튀김배달종이박스감자튀김(스틱형)q5</folder>
	<filename>side_기타튀김_배달종이박스_감자튀김(스틱형)_Q5_00035.JPG</filename>
	<path>/side기타튀김배달종이박스감자튀김(스틱형)q5/side_기타튀김_배달종이박스_감자튀김(스틱형)_Q5_00035.JPG</path>
	<source>
		<database>fooddata</database>
	</source>
	<size>
		<width>3008</width>
		<height>2000</height>
		<depth>3</depth>
	</size>
	<object>
		<name>ref_spoon</name>
		<bndbox>
			<xmin>508</xmin>
			<ymin>180</ymin>
			<xmax>779</xmax>
			<ymax>517</ymax>
		</bndbox>
	</object>
	<object>
		<name>ref_fork</name>
		<bndbox>
			<xmin>891</xmin>
			<ymin>228</ymin>
			<xmax>1072</xmax>
			<ymax>619</ymax>
		</bndbox>
	</object>
	<object>
		<name>ref_coin</name>
		<bndbox>
			<xmin>772</xmin>
			<ymin>1415</ymin>
			<xmax>999</xmax>
			<ymax>1586</ymax>
		</bndbox>
	</object>
	<object>
		<name>dish</name>
		<bndbox>
			<xmin>1353</xmin>
			<ymin>272</ymin>
			<xmax>2527</xmax>
			<ymax>1132</ymax>
		</bndbox>
	</object>
	<object>
		<name>감자튀김(스틱형)</name>
		<bndbox>
			<xmin>1423</xmin>
			<ymin>314</ymin>
			<xmax>2468</xmax>
			<ymax>1002</ymax>
		</bndbox>
	</object>
</annotation>