<annotation>
	<folder>top기타튀김배달종이박스감자튀김(스틱형)q5</folder>
	<filename>top_기타튀김_배달종이박스_감자튀김(스틱형)_Q5_00004.JPG</filename>
	<path>/top기타튀김배달종이박스감자튀김(스틱형)q5/top_기타튀김_배달종이박스_감자튀김(스틱형)_Q5_00004.JPG</path>
	<source>
		<database>fooddata</database>
	</source>
	<size>
		<width>3008</width>
		<height>2000</height>
		<depth>3</depth>
	</size>
	<object>
		<name>ref_spoon</name>
		<bndbox>
			<xmin>1890</xmin>
			<ymin>63</ymin>
			<xmax>2175</xmax>
			<ymax>500</ymax>
		</bndbox>
	</object>
	<object>
		<name>ref_fork</name>
		<bndbox>
			<xmin>2210</xmin>
			<ymin>256</ymin>
			<xmax>2398</xmax>
			<ymax>708</ymax>
		</bndbox>
	</object>
	<object>
		<name>ref_coin</name>
		<bndbox>
			<xmin>1199</xmin>
			<ymin>1536</ymin>
			<xmax>1413</xmax>
			<ymax>1744</ymax>
		</bndbox>
	</object>
	<object>
		<name>dish</name>
		<bndbox>
			<xmin>549</xmin>
			<ymin>205</ymin>
			<xmax>1768</xmax>
			<ymax>1455</ymax>
		</bndbox>
	</object>
	<object>
		<name>감자튀김(스틱형)</name>
		<bndbox>
			<xmin>661</xmin>
			<ymin>362</ymin>
			<xmax>1667</xmax>
			<ymax>1373</ymax>
		</bndbox>
	</object>
</annotation>