<annotation>
	<folder>top기타튀김배달종이박스감자튀김(스틱형)q5</folder>
	<filename>top_기타튀김_배달종이박스_감자튀김(스틱형)_Q5_00006.JPG</filename>
	<path>/top기타튀김배달종이박스감자튀김(스틱형)q5/top_기타튀김_배달종이박스_감자튀김(스틱형)_Q5_00006.JPG</path>
	<source>
		<database>fooddata</database>
	</source>
	<size>
		<width>3008</width>
		<height>2000</height>
		<depth>3</depth>
	</size>
	<object>
		<name>ref_spoon</name>
		<bndbox>
			<xmin>2012</xmin>
			<ymin>124</ymin>
			<xmax>2276</xmax>
			<ymax>550</ymax>
		</bndbox>
	</object>
	<object>
		<name>ref_fork</name>
		<bndbox>
			<xmin>2342</xmin>
			<ymin>301</ymin>
			<xmax>2530</xmax>
			<ymax>754</ymax>
		</bndbox>
	</object>
	<object>
		<name>ref_coin</name>
		<bndbox>
			<xmin>1667</xmin>
			<ymin>1536</ymin>
			<xmax>1880</xmax>
			<ymax>1744</ymax>
		</bndbox>
	</object>
	<object>
		<name>dish</name>
		<bndbox>
			<xmin>447</xmin>
			<ymin>205</ymin>
			<xmax>1931</xmax>
			<ymax>1678</ymax>
		</bndbox>
	</object>
	<object>
		<name>감자튀김(스틱형)</name>
		<bndbox>
			<xmin>605</xmin>
			<ymin>418</ymin>
			<xmax>1783</xmax>
			<ymax>1567</ymax>
		</bndbox>
	</object>
</annotation>