<annotation>
	<folder>top기타튀김배달종이박스감자튀김(스틱형)q5</folder>
	<filename>top_기타튀김_배달종이박스_감자튀김(스틱형)_Q5_00049.JPG</filename>
	<path>/top기타튀김배달종이박스감자튀김(스틱형)q5/top_기타튀김_배달종이박스_감자튀김(스틱형)_Q5_00049.JPG</path>
	<source>
		<database>fooddata</database>
	</source>
	<size>
		<width>3008</width>
		<height>2000</height>
		<depth>3</depth>
	</size>
	<object>
		<name>ref_spoon</name>
		<bndbox>
			<xmin>589</xmin>
			<ymin>372</ymin>
			<xmax>869</xmax>
			<ymax>799</ymax>
		</bndbox>
	</object>
	<object>
		<name>ref_fork</name>
		<bndbox>
			<xmin>986</xmin>
			<ymin>459</ymin>
			<xmax>1184</xmax>
			<ymax>916</ymax>
		</bndbox>
	</object>
	<object>
		<name>ref_coin</name>
		<bndbox>
			<xmin>315</xmin>
			<ymin>1302</ymin>
			<xmax>528</xmax>
			<ymax>1506</ymax>
		</bndbox>
	</object>
	<object>
		<name>dish</name>
		<bndbox>
			<xmin>1443</xmin>
			<ymin>301</ymin>
			<xmax>2662</xmax>
			<ymax>1414</ymax>
		</bndbox>
	</object>
	<object>
		<name>감자튀김(스틱형)</name>
		<bndbox>
			<xmin>1484</xmin>
			<ymin>347</ymin>
			<xmax>2571</xmax>
			<ymax>1353</ymax>
		</bndbox>
	</object>
</annotation>