<annotation>
	<folder>top기타튀김배달종이박스감자튀김(스틱형)q5</folder>
	<filename>top_기타튀김_배달종이박스_감자튀김(스틱형)_Q5_00035.JPG</filename>
	<path>/top기타튀김배달종이박스감자튀김(스틱형)q5/top_기타튀김_배달종이박스_감자튀김(스틱형)_Q5_00035.JPG</path>
	<source>
		<database>fooddata</database>
	</source>
	<size>
		<width>3008</width>
		<height>2000</height>
		<depth>3</depth>
	</size>
	<object>
		<name>ref_spoon</name>
		<bndbox>
			<xmin>508</xmin>
			<ymin>179</ymin>
			<xmax>798</xmax>
			<ymax>616</ymax>
		</bndbox>
	</object>
	<object>
		<name>ref_fork</name>
		<bndbox>
			<xmin>955</xmin>
			<ymin>215</ymin>
			<xmax>1169</xmax>
			<ymax>713</ymax>
		</bndbox>
	</object>
	<object>
		<name>ref_coin</name>
		<bndbox>
			<xmin>1047</xmin>
			<ymin>1704</ymin>
			<xmax>1250</xmax>
			<ymax>1922</ymax>
		</bndbox>
	</object>
	<object>
		<name>dish</name>
		<bndbox>
			<xmin>1463</xmin>
			<ymin>149</ymin>
			<xmax>2561</xmax>
			<ymax>1338</ymax>
		</bndbox>
	</object>
	<object>
		<name>감자튀김(스틱형)</name>
		<bndbox>
			<xmin>1499</xmin>
			<ymin>240</ymin>
			<xmax>2546</xmax>
			<ymax>1282</ymax>
		</bndbox>
	</object>
</annotation>