<annotation>
	<folder>top기타튀김배달종이박스감자튀김(스틱형)q5</folder>
	<filename>top_기타튀김_배달종이박스_감자튀김(스틱형)_Q5_00014.JPG</filename>
	<path>/top기타튀김배달종이박스감자튀김(스틱형)q5/top_기타튀김_배달종이박스_감자튀김(스틱형)_Q5_00014.JPG</path>
	<source>
		<database>fooddata</database>
	</source>
	<size>
		<width>3008</width>
		<height>2000</height>
		<depth>3</depth>
	</size>
	<object>
		<name>ref_spoon</name>
		<bndbox>
			<xmin>1997</xmin>
			<ymin>149</ymin>
			<xmax>2286</xmax>
			<ymax>586</ymax>
		</bndbox>
	</object>
	<object>
		<name>ref_fork</name>
		<bndbox>
			<xmin>2347</xmin>
			<ymin>327</ymin>
			<xmax>2551</xmax>
			<ymax>804</ymax>
		</bndbox>
	</object>
	<object>
		<name>ref_coin</name>
		<bndbox>
			<xmin>1743</xmin>
			<ymin>652</ymin>
			<xmax>1941</xmax>
			<ymax>850</ymax>
		</bndbox>
	</object>
	<object>
		<name>dish</name>
		<bndbox>
			<xmin>518</xmin>
			<ymin>454</ymin>
			<xmax>1824</xmax>
			<ymax>1668</ymax>
		</bndbox>
	</object>
	<object>
		<name>감자튀김(스틱형)</name>
		<bndbox>
			<xmin>666</xmin>
			<ymin>560</ymin>
			<xmax>1728</xmax>
			<ymax>1577</ymax>
		</bndbox>
	</object>
</annotation>