<annotation>
	<folder>side반찬부피접시총각김치q3</folder>
	<filename>side_반찬부피_접시_총각김치_Q3_00024.JPG</filename>
	<path>/side반찬부피접시총각김치q3/side_반찬부피_접시_총각김치_Q3_00024.JPG</path>
	<source>
		<database>fooddata</database>
	</source>
	<size>
		<width>3008</width>
		<height>2000</height>
		<depth>3</depth>
	</size>
	<object>
		<name>ref_spoon</name>
		<bndbox>
			<xmin>579</xmin>
			<ymin>1536</ymin>
			<xmax>1158</xmax>
			<ymax>1846</ymax>
		</bndbox>
	</object>
	<object>
		<name>ref_fork</name>
		<bndbox>
			<xmin>569</xmin>
			<ymin>1282</ymin>
			<xmax>1194</xmax>
			<ymax>1531</ymax>
		</bndbox>
	</object>
	<object>
		<name>ref_coin</name>
		<bndbox>
			<xmin>325</xmin>
			<ymin>550</ymin>
			<xmax>569</xmax>
			<ymax>733</ymax>
		</bndbox>
	</object>
	<object>
		<name>dish</name>
		<bndbox>
			<xmin>849</xmin>
			<ymin>179</ymin>
			<xmax>2154</xmax>
			<ymax>1150</ymax>
		</bndbox>
	</object>
	<object>
		<name>총각김치</name>
		<bndbox>
			<xmin>1184</xmin>
			<ymin>444</ymin>
			<xmax>1799</xmax>
			<ymax>865</ymax>
		</bndbox>
	</object>
</annotation>