<annotation>
	<folder>side반찬부피접시총각김치q3</folder>
	<filename>side_반찬부피_접시_총각김치_Q3_00011.JPG</filename>
	<path>/side반찬부피접시총각김치q3/side_반찬부피_접시_총각김치_Q3_00011.JPG</path>
	<source>
		<database>fooddata</database>
	</source>
	<size>
		<width>3008</width>
		<height>2000</height>
		<depth>3</depth>
	</size>
	<object>
		<name>ref_spoon</name>
		<bndbox>
			<xmin>1809</xmin>
			<ymin>327</ymin>
			<xmax>2119</xmax>
			<ymax>764</ymax>
		</bndbox>
	</object>
	<object>
		<name>ref_fork</name>
		<bndbox>
			<xmin>2231</xmin>
			<ymin>347</ymin>
			<xmax>2469</xmax>
			<ymax>865</ymax>
		</bndbox>
	</object>
	<object>
		<name>ref_coin</name>
		<bndbox>
			<xmin>1585</xmin>
			<ymin>1506</ymin>
			<xmax>1839</xmax>
			<ymax>1704</ymax>
		</bndbox>
	</object>
	<object>
		<name>dish</name>
		<bndbox>
			<xmin>142</xmin>
			<ymin>550</ymin>
			<xmax>1580</xmax>
			<ymax>1551</ymax>
		</bndbox>
	</object>
	<object>
		<name>총각김치</name>
		<bndbox>
			<xmin>534</xmin>
			<ymin>860</ymin>
			<xmax>1250</xmax>
			<ymax>1343</ymax>
		</bndbox>
	</object>
</annotation>