<annotation>
	<folder>side반찬부피접시총각김치q3</folder>
	<filename>side_반찬부피_접시_총각김치_Q3_00007.JPG</filename>
	<path>/side반찬부피접시총각김치q3/side_반찬부피_접시_총각김치_Q3_00007.JPG</path>
	<source>
		<database>fooddata</database>
	</source>
	<size>
		<width>3008</width>
		<height>2000</height>
		<depth>3</depth>
	</size>
	<object>
		<name>ref_spoon</name>
		<bndbox>
			<xmin>2002</xmin>
			<ymin>179</ymin>
			<xmax>2337</xmax>
			<ymax>632</ymax>
		</bndbox>
	</object>
	<object>
		<name>ref_fork</name>
		<bndbox>
			<xmin>2439</xmin>
			<ymin>225</ymin>
			<xmax>2683</xmax>
			<ymax>723</ymax>
		</bndbox>
	</object>
	<object>
		<name>ref_coin</name>
		<bndbox>
			<xmin>528</xmin>
			<ymin>1465</ymin>
			<xmax>808</xmax>
			<ymax>1678</ymax>
		</bndbox>
	</object>
	<object>
		<name>dish</name>
		<bndbox>
			<xmin>610</xmin>
			<ymin>388</ymin>
			<xmax>2038</xmax>
			<ymax>1384</ymax>
		</bndbox>
	</object>
	<object>
		<name>총각김치</name>
		<bndbox>
			<xmin>1001</xmin>
			<ymin>581</ymin>
			<xmax>1641</xmax>
			<ymax>1140</ymax>
		</bndbox>
	</object>
</annotation>