<annotation>
	<folder>side반찬부피접시총각김치q3</folder>
	<filename>side_반찬부피_접시_총각김치_Q3_00020.JPG</filename>
	<path>/side반찬부피접시총각김치q3/side_반찬부피_접시_총각김치_Q3_00020.JPG</path>
	<source>
		<database>fooddata</database>
	</source>
	<size>
		<width>3008</width>
		<height>2000</height>
		<depth>3</depth>
	</size>
	<object>
		<name>ref_spoon</name>
		<bndbox>
			<xmin>594</xmin>
			<ymin>1511</ymin>
			<xmax>1158</xmax>
			<ymax>1831</ymax>
		</bndbox>
	</object>
	<object>
		<name>ref_fork</name>
		<bndbox>
			<xmin>600</xmin>
			<ymin>1272</ymin>
			<xmax>1230</xmax>
			<ymax>1516</ymax>
		</bndbox>
	</object>
	<object>
		<name>ref_coin</name>
		<bndbox>
			<xmin>1850</xmin>
			<ymin>154</ymin>
			<xmax>2063</xmax>
			<ymax>312</ymax>
		</bndbox>
	</object>
	<object>
		<name>dish</name>
		<bndbox>
			<xmin>849</xmin>
			<ymin>215</ymin>
			<xmax>2114</xmax>
			<ymax>1140</ymax>
		</bndbox>
	</object>
	<object>
		<name>총각김치</name>
		<bndbox>
			<xmin>1138</xmin>
			<ymin>479</ymin>
			<xmax>1804</xmax>
			<ymax>901</ymax>
		</bndbox>
	</object>
</annotation>