<annotation>
	<folder>side반찬부피접시총각김치q3</folder>
	<filename>side_반찬부피_접시_총각김치_Q3_00016.JPG</filename>
	<path>/side반찬부피접시총각김치q3/side_반찬부피_접시_총각김치_Q3_00016.JPG</path>
	<source>
		<database>fooddata</database>
	</source>
	<size>
		<width>3008</width>
		<height>2000</height>
		<depth>3</depth>
	</size>
	<object>
		<name>ref_spoon</name>
		<bndbox>
			<xmin>676</xmin>
			<ymin>1506</ymin>
			<xmax>1280</xmax>
			<ymax>1821</ymax>
		</bndbox>
	</object>
	<object>
		<name>ref_fork</name>
		<bndbox>
			<xmin>696</xmin>
			<ymin>1231</ymin>
			<xmax>1331</xmax>
			<ymax>1495</ymax>
		</bndbox>
	</object>
	<object>
		<name>ref_coin</name>
		<bndbox>
			<xmin>2129</xmin>
			<ymin>952</ymin>
			<xmax>2388</xmax>
			<ymax>1160</ymax>
		</bndbox>
	</object>
	<object>
		<name>dish</name>
		<bndbox>
			<xmin>716</xmin>
			<ymin>78</ymin>
			<xmax>2088</xmax>
			<ymax>1064</ymax>
		</bndbox>
	</object>
	<object>
		<name>총각김치</name>
		<bndbox>
			<xmin>1153</xmin>
			<ymin>256</ymin>
			<xmax>1667</xmax>
			<ymax>876</ymax>
		</bndbox>
	</object>
</annotation>