<annotation>
	<folder>rework190files</folder>
	<filename>side_반찬부피_접시_총각김치_Q3_00032.JPG</filename>
	<path>/side반찬부피접시총각김치q3/side_반찬부피_접시_총각김치_Q3_00032.JPG</path>
	<source>
		<database>fooddata</database>
	</source>
	<size>
		<width>3008</width>
		<height>2000</height>
		<depth>3</depth>
	</size>
	<object>
		<name>ref_spoon</name>
		<bndbox>
			<xmin>427</xmin>
			<ymin>271</ymin>
			<xmax>742</xmax>
			<ymax>708</ymax>
		</bndbox>
	</object>
	<object>
		<name>ref_fork</name>
		<bndbox>
			<xmin>843</xmin>
			<ymin>296</ymin>
			<xmax>1067</xmax>
			<ymax>784</ymax>
		</bndbox>
	</object>
	<object>
		<name>ref_coin</name>
		<bndbox>
			<xmin>1250</xmin>
			<ymin>1465</ymin>
			<xmax>1504</xmax>
			<ymax>1668</ymax>
		</bndbox>
	</object>
	<object>
		<name>dish</name>
		<bndbox>
			<xmin>1158</xmin>
			<ymin>433</ymin>
			<xmax>2449</xmax>
			<ymax>1414</ymax>
		</bndbox>
	</object>
	<object>
		<name>총각김치</name>
		<bndbox>
			<xmin>1529</xmin>
			<ymin>672</ymin>
			<xmax>2073</xmax>
			<ymax>1201</ymax>
		</bndbox>
	</object>
</annotation>