<annotation>
	<folder>top반찬부피접시총각김치q3</folder>
	<filename>top_반찬부피_접시_총각김치_Q3_00016.JPG</filename>
	<path>/top반찬부피접시총각김치q3/top_반찬부피_접시_총각김치_Q3_00016.JPG</path>
	<source>
		<database>fooddata</database>
	</source>
	<size>
		<width>3008</width>
		<height>2000</height>
		<depth>3</depth>
	</size>
	<object>
		<name>ref_spoon</name>
		<bndbox>
			<xmin>1958</xmin>
			<ymin>190</ymin>
			<xmax>2263</xmax>
			<ymax>630</ymax>
		</bndbox>
	</object>
	<object>
		<name>ref_fork</name>
		<bndbox>
			<xmin>2398</xmin>
			<ymin>352</ymin>
			<xmax>2606</xmax>
			<ymax>843</ymax>
		</bndbox>
	</object>
	<object>
		<name>ref_coin</name>
		<bndbox>
			<xmin>1481</xmin>
			<ymin>389</ymin>
			<xmax>1708</xmax>
			<ymax>616</ymax>
		</bndbox>
	</object>
	<object>
		<name>dish</name>
		<bndbox>
			<xmin>370</xmin>
			<ymin>532</ymin>
			<xmax>1708</xmax>
			<ymax>1856</ymax>
		</bndbox>
	</object>
	<object>
		<name>총각김치</name>
		<bndbox>
			<xmin>819</xmin>
			<ymin>866</ymin>
			<xmax>1328</xmax>
			<ymax>1528</ymax>
		</bndbox>
	</object>
</annotation>