<annotation>
	<folder>top반찬부피접시총각김치q3</folder>
	<filename>top_반찬부피_접시_총각김치_Q3_00021.JPG</filename>
	<path>/top반찬부피접시총각김치q3/top_반찬부피_접시_총각김치_Q3_00021.JPG</path>
	<source>
		<database>fooddata</database>
	</source>
	<size>
		<width>3008</width>
		<height>2000</height>
		<depth>3</depth>
	</size>
	<object>
		<name>ref_spoon</name>
		<bndbox>
			<xmin>1041</xmin>
			<ymin>1630</ymin>
			<xmax>1430</xmax>
			<ymax>1903</ymax>
		</bndbox>
	</object>
	<object>
		<name>ref_fork</name>
		<bndbox>
			<xmin>1041</xmin>
			<ymin>1407</ymin>
			<xmax>1416</xmax>
			<ymax>1574</ymax>
		</bndbox>
	</object>
	<object>
		<name>ref_coin</name>
		<bndbox>
			<xmin>1837</xmin>
			<ymin>120</ymin>
			<xmax>2013</xmax>
			<ymax>292</ymax>
		</bndbox>
	</object>
	<object>
		<name>dish</name>
		<bndbox>
			<xmin>1097</xmin>
			<ymin>259</ymin>
			<xmax>2064</xmax>
			<ymax>1213</ymax>
		</bndbox>
	</object>
	<object>
		<name>총각김치</name>
		<bndbox>
			<xmin>1416</xmin>
			<ymin>486</ymin>
			<xmax>1837</xmax>
			<ymax>963</ymax>
		</bndbox>
	</object>
</annotation>