<annotation>
	<folder>top반찬부피접시총각김치q3</folder>
	<filename>top_반찬부피_접시_총각김치_Q3_00002.JPG</filename>
	<path>/top반찬부피접시총각김치q3/top_반찬부피_접시_총각김치_Q3_00002.JPG</path>
	<source>
		<database>fooddata</database>
	</source>
	<size>
		<width>3008</width>
		<height>2000</height>
		<depth>3</depth>
	</size>
	<object>
		<name>ref_spoon</name>
		<bndbox>
			<xmin>1661</xmin>
			<ymin>199</ymin>
			<xmax>1958</xmax>
			<ymax>630</ymax>
		</bndbox>
	</object>
	<object>
		<name>ref_fork</name>
		<bndbox>
			<xmin>2106</xmin>
			<ymin>301</ymin>
			<xmax>2300</xmax>
			<ymax>773</ymax>
		</bndbox>
	</object>
	<object>
		<name>ref_coin</name>
		<bndbox>
			<xmin>1208</xmin>
			<ymin>213</ymin>
			<xmax>1430</xmax>
			<ymax>421</ymax>
		</bndbox>
	</object>
	<object>
		<name>dish</name>
		<bndbox>
			<xmin>509</xmin>
			<ymin>495</ymin>
			<xmax>1759</xmax>
			<ymax>1755</ymax>
		</bndbox>
	</object>
	<object>
		<name>총각김치</name>
		<bndbox>
			<xmin>884</xmin>
			<ymin>819</ymin>
			<xmax>1398</xmax>
			<ymax>1421</ymax>
		</bndbox>
	</object>
</annotation>