<annotation>
	<folder>top반찬부피접시총각김치q3</folder>
	<filename>top_반찬부피_접시_총각김치_Q3_00015.JPG</filename>
	<path>/top반찬부피접시총각김치q3/top_반찬부피_접시_총각김치_Q3_00015.JPG</path>
	<source>
		<database>fooddata</database>
	</source>
	<size>
		<width>3008</width>
		<height>2000</height>
		<depth>3</depth>
	</size>
	<object>
		<name>ref_spoon</name>
		<bndbox>
			<xmin>1985</xmin>
			<ymin>241</ymin>
			<xmax>2300</xmax>
			<ymax>699</ymax>
		</bndbox>
	</object>
	<object>
		<name>ref_fork</name>
		<bndbox>
			<xmin>2416</xmin>
			<ymin>417</ymin>
			<xmax>2638</xmax>
			<ymax>921</ymax>
		</bndbox>
	</object>
	<object>
		<name>ref_coin</name>
		<bndbox>
			<xmin>1652</xmin>
			<ymin>579</ymin>
			<xmax>1870</xmax>
			<ymax>806</ymax>
		</bndbox>
	</object>
	<object>
		<name>dish</name>
		<bndbox>
			<xmin>351</xmin>
			<ymin>528</ymin>
			<xmax>1689</xmax>
			<ymax>1866</ymax>
		</bndbox>
	</object>
	<object>
		<name>총각김치</name>
		<bndbox>
			<xmin>745</xmin>
			<ymin>889</ymin>
			<xmax>1337</xmax>
			<ymax>1523</ymax>
		</bndbox>
	</object>
</annotation>