<annotation>
	<folder>top반찬부피접시총각김치q3</folder>
	<filename>top_반찬부피_접시_총각김치_Q3_00033.JPG</filename>
	<path>/top반찬부피접시총각김치q3/top_반찬부피_접시_총각김치_Q3_00033.JPG</path>
	<source>
		<database>fooddata</database>
	</source>
	<size>
		<width>3008</width>
		<height>2000</height>
		<depth>3</depth>
	</size>
	<object>
		<name>ref_spoon</name>
		<bndbox>
			<xmin>884</xmin>
			<ymin>1611</ymin>
			<xmax>1273</xmax>
			<ymax>1898</ymax>
		</bndbox>
	</object>
	<object>
		<name>ref_fork</name>
		<bndbox>
			<xmin>874</xmin>
			<ymin>1375</ymin>
			<xmax>1282</xmax>
			<ymax>1560</ymax>
		</bndbox>
	</object>
	<object>
		<name>ref_coin</name>
		<bndbox>
			<xmin>2143</xmin>
			<ymin>426</ymin>
			<xmax>2319</xmax>
			<ymax>602</ymax>
		</bndbox>
	</object>
	<object>
		<name>dish</name>
		<bndbox>
			<xmin>1050</xmin>
			<ymin>93</ymin>
			<xmax>2078</xmax>
			<ymax>1093</ymax>
		</bndbox>
	</object>
	<object>
		<name>총각김치</name>
		<bndbox>
			<xmin>1398</xmin>
			<ymin>292</ymin>
			<xmax>1851</xmax>
			<ymax>833</ymax>
		</bndbox>
	</object>
</annotation>