<annotation>
	<folder>top반찬부피접시총각김치q3</folder>
	<filename>top_반찬부피_접시_총각김치_Q3_00003.JPG</filename>
	<path>/top반찬부피접시총각김치q3/top_반찬부피_접시_총각김치_Q3_00003.JPG</path>
	<source>
		<database>fooddata</database>
	</source>
	<size>
		<width>3008</width>
		<height>2000</height>
		<depth>3</depth>
	</size>
	<object>
		<name>ref_spoon</name>
		<bndbox>
			<xmin>1819</xmin>
			<ymin>218</ymin>
			<xmax>2101</xmax>
			<ymax>653</ymax>
		</bndbox>
	</object>
	<object>
		<name>ref_fork</name>
		<bndbox>
			<xmin>2235</xmin>
			<ymin>356</ymin>
			<xmax>2435</xmax>
			<ymax>801</ymax>
		</bndbox>
	</object>
	<object>
		<name>ref_coin</name>
		<bndbox>
			<xmin>1097</xmin>
			<ymin>167</ymin>
			<xmax>1310</xmax>
			<ymax>375</ymax>
		</bndbox>
	</object>
	<object>
		<name>dish</name>
		<bndbox>
			<xmin>629</xmin>
			<ymin>565</ymin>
			<xmax>1879</xmax>
			<ymax>1819</ymax>
		</bndbox>
	</object>
	<object>
		<name>총각김치</name>
		<bndbox>
			<xmin>1018</xmin>
			<ymin>907</ymin>
			<xmax>1541</xmax>
			<ymax>1519</ymax>
		</bndbox>
	</object>
</annotation>