<annotation>
	<folder>side국류냉면기물회q5</folder>
	<filename>side_국류_냉면기_물회_Q5_00053.JPG</filename>
	<path>/side국류냉면기물회q5/side_국류_냉면기_물회_Q5_00053.JPG</path>
	<source>
		<database>fooddata</database>
	</source>
	<size>
		<width>3008</width>
		<height>2000</height>
		<depth>3</depth>
	</size>
	<object>
		<name>ref_spoon</name>
		<bndbox>
			<xmin>99</xmin>
			<ymin>860</ymin>
			<xmax>380</xmax>
			<ymax>1186</ymax>
		</bndbox>
	</object>
	<object>
		<name>ref_fork</name>
		<bndbox>
			<xmin>433</xmin>
			<ymin>885</ymin>
			<xmax>635</xmax>
			<ymax>1254</ymax>
		</bndbox>
	</object>
	<object>
		<name>ref_coin</name>
		<bndbox>
			<xmin>709</xmin>
			<ymin>1250</ymin>
			<xmax>919</xmax>
			<ymax>1406</ymax>
		</bndbox>
	</object>
	<object>
		<name>dish</name>
		<bndbox>
			<xmin>1213</xmin>
			<ymin>601</ymin>
			<xmax>2533</xmax>
			<ymax>1601</ymax>
		</bndbox>
	</object>
	<object>
		<name>물회</name>
		<bndbox>
			<xmin>1256</xmin>
			<ymin>622</ymin>
			<xmax>2533</xmax>
			<ymax>1424</ymax>
		</bndbox>
	</object>
</annotation>