<annotation>
	<folder>side국류냉면기물회q5</folder>
	<filename>side_국류_냉면기_물회_Q5_00024.JPG</filename>
	<path>/side국류냉면기물회q5/side_국류_냉면기_물회_Q5_00024.JPG</path>
	<source>
		<database>fooddata</database>
	</source>
	<size>
		<width>3008</width>
		<height>2000</height>
		<depth>3</depth>
	</size>
	<object>
		<name>ref_spoon</name>
		<bndbox>
			<xmin>880</xmin>
			<ymin>1644</ymin>
			<xmax>1291</xmax>
			<ymax>1881</ymax>
		</bndbox>
	</object>
	<object>
		<name>ref_fork</name>
		<bndbox>
			<xmin>965</xmin>
			<ymin>1410</ymin>
			<xmax>1433</xmax>
			<ymax>1658</ymax>
		</bndbox>
	</object>
	<object>
		<name>ref_coin</name>
		<bndbox>
			<xmin>1915</xmin>
			<ymin>250</ymin>
			<xmax>2114</xmax>
			<ymax>367</ymax>
		</bndbox>
	</object>
	<object>
		<name>dish</name>
		<bndbox>
			<xmin>1188</xmin>
			<ymin>353</ymin>
			<xmax>2384</xmax>
			<ymax>1239</ymax>
		</bndbox>
	</object>
	<object>
		<name>물회</name>
		<bndbox>
			<xmin>1202</xmin>
			<ymin>367</ymin>
			<xmax>2355</xmax>
			<ymax>1073</ymax>
		</bndbox>
	</object>
</annotation>