<annotation>
	<folder>side국류냉면기물회q5</folder>
	<filename>side_국류_냉면기_물회_Q5_00051.JPG</filename>
	<path>/side국류냉면기물회q5/side_국류_냉면기_물회_Q5_00051.JPG</path>
	<source>
		<database>fooddata</database>
	</source>
	<size>
		<width>3008</width>
		<height>2000</height>
		<depth>3</depth>
	</size>
	<object>
		<name>ref_spoon</name>
		<bndbox>
			<xmin>213</xmin>
			<ymin>771</ymin>
			<xmax>486</xmax>
			<ymax>1098</ymax>
		</bndbox>
	</object>
	<object>
		<name>ref_fork</name>
		<bndbox>
			<xmin>543</xmin>
			<ymin>789</ymin>
			<xmax>738</xmax>
			<ymax>1172</ymax>
		</bndbox>
	</object>
	<object>
		<name>ref_coin</name>
		<bndbox>
			<xmin>851</xmin>
			<ymin>456</ymin>
			<xmax>1050</xmax>
			<ymax>580</ymax>
		</bndbox>
	</object>
	<object>
		<name>dish</name>
		<bndbox>
			<xmin>1128</xmin>
			<ymin>558</ymin>
			<xmax>2455</xmax>
			<ymax>1594</ymax>
		</bndbox>
	</object>
	<object>
		<name>물회</name>
		<bndbox>
			<xmin>1181</xmin>
			<ymin>573</ymin>
			<xmax>2444</xmax>
			<ymax>1427</ymax>
		</bndbox>
	</object>
</annotation>