<annotation>
	<folder>side국류냉면기물회q5</folder>
	<filename>side_국류_냉면기_물회_Q5_00035.JPG</filename>
	<path>/side국류냉면기물회q5/side_국류_냉면기_물회_Q5_00035.JPG</path>
	<source>
		<database>fooddata</database>
	</source>
	<size>
		<width>3008</width>
		<height>2000</height>
		<depth>3</depth>
	</size>
	<object>
		<name>ref_spoon</name>
		<bndbox>
			<xmin>298</xmin>
			<ymin>658</ymin>
			<xmax>564</xmax>
			<ymax>988</ymax>
		</bndbox>
	</object>
	<object>
		<name>ref_fork</name>
		<bndbox>
			<xmin>628</xmin>
			<ymin>686</ymin>
			<xmax>826</xmax>
			<ymax>1041</ymax>
		</bndbox>
	</object>
	<object>
		<name>ref_coin</name>
		<bndbox>
			<xmin>1305</xmin>
			<ymin>1591</ymin>
			<xmax>1532</xmax>
			<ymax>1764</ymax>
		</bndbox>
	</object>
	<object>
		<name>dish</name>
		<bndbox>
			<xmin>1061</xmin>
			<ymin>310</ymin>
			<xmax>2391</xmax>
			<ymax>1300</ymax>
		</bndbox>
	</object>
	<object>
		<name>물회</name>
		<bndbox>
			<xmin>1093</xmin>
			<ymin>353</ymin>
			<xmax>2352</xmax>
			<ymax>1126</ymax>
		</bndbox>
	</object>
</annotation>