<annotation>
	<folder>side국류냉면기물회q5</folder>
	<filename>side_국류_냉면기_물회_Q5_00008.JPG</filename>
	<path>/side국류냉면기물회q5/side_국류_냉면기_물회_Q5_00008.JPG</path>
	<source>
		<database>fooddata</database>
	</source>
	<size>
		<width>3008</width>
		<height>2000</height>
		<depth>3</depth>
	</size>
	<object>
		<name>ref_spoon</name>
		<bndbox>
			<xmin>2160</xmin>
			<ymin>736</ymin>
			<xmax>2419</xmax>
			<ymax>1055</ymax>
		</bndbox>
	</object>
	<object>
		<name>ref_fork</name>
		<bndbox>
			<xmin>2511</xmin>
			<ymin>729</ymin>
			<xmax>2699</xmax>
			<ymax>1087</ymax>
		</bndbox>
	</object>
	<object>
		<name>ref_coin</name>
		<bndbox>
			<xmin>344</xmin>
			<ymin>697</ymin>
			<xmax>539</xmax>
			<ymax>824</ymax>
		</bndbox>
	</object>
	<object>
		<name>dish</name>
		<bndbox>
			<xmin>777</xmin>
			<ymin>622</ymin>
			<xmax>2096</xmax>
			<ymax>1630</ymax>
		</bndbox>
	</object>
	<object>
		<name>물회</name>
		<bndbox>
			<xmin>830</xmin>
			<ymin>644</ymin>
			<xmax>2072</xmax>
			<ymax>1452</ymax>
		</bndbox>
	</object>
</annotation>