<annotation>
	<folder>side국류냉면기물회q5</folder>
	<filename>side_국류_냉면기_물회_Q5_00022.JPG</filename>
	<path>/side국류냉면기물회q5/side_국류_냉면기_물회_Q5_00022.JPG</path>
	<source>
		<database>fooddata</database>
	</source>
	<size>
		<width>3008</width>
		<height>2000</height>
		<depth>3</depth>
	</size>
	<object>
		<name>ref_spoon</name>
		<bndbox>
			<xmin>922</xmin>
			<ymin>1665</ymin>
			<xmax>1359</xmax>
			<ymax>1903</ymax>
		</bndbox>
	</object>
	<object>
		<name>ref_fork</name>
		<bndbox>
			<xmin>1004</xmin>
			<ymin>1427</ymin>
			<xmax>1486</xmax>
			<ymax>1665</ymax>
		</bndbox>
	</object>
	<object>
		<name>ref_coin</name>
		<bndbox>
			<xmin>2597</xmin>
			<ymin>828</ymin>
			<xmax>2781</xmax>
			<ymax>977</ymax>
		</bndbox>
	</object>
	<object>
		<name>dish</name>
		<bndbox>
			<xmin>1195</xmin>
			<ymin>349</ymin>
			<xmax>2401</xmax>
			<ymax>1229</ymax>
		</bndbox>
	</object>
	<object>
		<name>물회</name>
		<bndbox>
			<xmin>1206</xmin>
			<ymin>374</ymin>
			<xmax>2370</xmax>
			<ymax>1059</ymax>
		</bndbox>
	</object>
</annotation>