<annotation>
	<folder>side국류냉면기물회q5</folder>
	<filename>side_국류_냉면기_물회_Q5_00031.JPG</filename>
	<path>/side국류냉면기물회q5/side_국류_냉면기_물회_Q5_00031.JPG</path>
	<source>
		<database>fooddata</database>
	</source>
	<size>
		<width>3008</width>
		<height>2000</height>
		<depth>3</depth>
	</size>
	<object>
		<name>ref_spoon</name>
		<bndbox>
			<xmin>784</xmin>
			<ymin>1619</ymin>
			<xmax>1224</xmax>
			<ymax>1864</ymax>
		</bndbox>
	</object>
	<object>
		<name>ref_fork</name>
		<bndbox>
			<xmin>851</xmin>
			<ymin>1392</ymin>
			<xmax>1309</xmax>
			<ymax>1626</ymax>
		</bndbox>
	</object>
	<object>
		<name>ref_coin</name>
		<bndbox>
			<xmin>270</xmin>
			<ymin>1427</ymin>
			<xmax>497</xmax>
			<ymax>1584</ymax>
		</bndbox>
	</object>
	<object>
		<name>dish</name>
		<bndbox>
			<xmin>972</xmin>
			<ymin>317</ymin>
			<xmax>2228</xmax>
			<ymax>1222</ymax>
		</bndbox>
	</object>
	<object>
		<name>물회</name>
		<bndbox>
			<xmin>1000</xmin>
			<ymin>328</ymin>
			<xmax>2192</xmax>
			<ymax>1044</ymax>
		</bndbox>
	</object>
</annotation>