<annotation>
	<folder>side국류냉면기물회q5</folder>
	<filename>side_국류_냉면기_물회_Q5_00006.JPG</filename>
	<path>/side국류냉면기물회q5/side_국류_냉면기_물회_Q5_00006.JPG</path>
	<source>
		<database>fooddata</database>
	</source>
	<size>
		<width>3008</width>
		<height>2000</height>
		<depth>3</depth>
	</size>
	<object>
		<name>ref_spoon</name>
		<bndbox>
			<xmin>2153</xmin>
			<ymin>679</ymin>
			<xmax>2412</xmax>
			<ymax>984</ymax>
		</bndbox>
	</object>
	<object>
		<name>ref_fork</name>
		<bndbox>
			<xmin>2497</xmin>
			<ymin>654</ymin>
			<xmax>2703</xmax>
			<ymax>1027</ymax>
		</bndbox>
	</object>
	<object>
		<name>ref_coin</name>
		<bndbox>
			<xmin>415</xmin>
			<ymin>1484</ymin>
			<xmax>638</xmax>
			<ymax>1665</ymax>
		</bndbox>
	</object>
	<object>
		<name>dish</name>
		<bndbox>
			<xmin>791</xmin>
			<ymin>466</ymin>
			<xmax>2125</xmax>
			<ymax>1438</ymax>
		</bndbox>
	</object>
	<object>
		<name>물회</name>
		<bndbox>
			<xmin>830</xmin>
			<ymin>491</ymin>
			<xmax>2096</xmax>
			<ymax>1271</ymax>
		</bndbox>
	</object>
</annotation>