<annotation>
	<folder>side국류냉면기물회q5</folder>
	<filename>side_국류_냉면기_물회_Q5_00014.JPG</filename>
	<path>/side국류냉면기물회q5/side_국류_냉면기_물회_Q5_00014.JPG</path>
	<source>
		<database>fooddata</database>
	</source>
	<size>
		<width>3008</width>
		<height>2000</height>
		<depth>3</depth>
	</size>
	<object>
		<name>ref_spoon</name>
		<bndbox>
			<xmin>2167</xmin>
			<ymin>732</ymin>
			<xmax>2455</xmax>
			<ymax>1055</ymax>
		</bndbox>
	</object>
	<object>
		<name>ref_fork</name>
		<bndbox>
			<xmin>2522</xmin>
			<ymin>729</ymin>
			<xmax>2738</xmax>
			<ymax>1083</ymax>
		</bndbox>
	</object>
	<object>
		<name>ref_coin</name>
		<bndbox>
			<xmin>1742</xmin>
			<ymin>1757</ymin>
			<xmax>1990</xmax>
			<ymax>1903</ymax>
		</bndbox>
	</object>
	<object>
		<name>dish</name>
		<bndbox>
			<xmin>752</xmin>
			<ymin>463</ymin>
			<xmax>2036</xmax>
			<ymax>1381</ymax>
		</bndbox>
	</object>
	<object>
		<name>물회</name>
		<bndbox>
			<xmin>802</xmin>
			<ymin>473</ymin>
			<xmax>2011</xmax>
			<ymax>1222</ymax>
		</bndbox>
	</object>
</annotation>