<annotation>
	<folder>side국류냉면기물회q5</folder>
	<filename>side_국류_냉면기_물회_Q5_00007.JPG</filename>
	<path>/side국류냉면기물회q5/side_국류_냉면기_물회_Q5_00007.JPG</path>
	<source>
		<database>fooddata</database>
	</source>
	<size>
		<width>3008</width>
		<height>2000</height>
		<depth>3</depth>
	</size>
	<object>
		<name>ref_spoon</name>
		<bndbox>
			<xmin>2135</xmin>
			<ymin>711</ymin>
			<xmax>2419</xmax>
			<ymax>1002</ymax>
		</bndbox>
	</object>
	<object>
		<name>ref_fork</name>
		<bndbox>
			<xmin>2494</xmin>
			<ymin>693</ymin>
			<xmax>2699</xmax>
			<ymax>1041</ymax>
		</bndbox>
	</object>
	<object>
		<name>ref_coin</name>
		<bndbox>
			<xmin>209</xmin>
			<ymin>1165</ymin>
			<xmax>440</xmax>
			<ymax>1317</ymax>
		</bndbox>
	</object>
	<object>
		<name>dish</name>
		<bndbox>
			<xmin>795</xmin>
			<ymin>495</ymin>
			<xmax>2089</xmax>
			<ymax>1442</ymax>
		</bndbox>
	</object>
	<object>
		<name>물회</name>
		<bndbox>
			<xmin>848</xmin>
			<ymin>537</ymin>
			<xmax>2068</xmax>
			<ymax>1268</ymax>
		</bndbox>
	</object>
</annotation>