<annotation>
	<folder>top국류냉면기물회q5</folder>
	<filename>top_국류_냉면기_물회_Q5_00002.JPG</filename>
	<path>/top국류냉면기물회q5/top_국류_냉면기_물회_Q5_00002.JPG</path>
	<source>
		<database>fooddata</database>
	</source>
	<size>
		<width>3008</width>
		<height>2000</height>
		<depth>3</depth>
	</size>
	<object>
		<name>ref_spoon</name>
		<bndbox>
			<xmin>2109</xmin>
			<ymin>165</ymin>
			<xmax>2354</xmax>
			<ymax>599</ymax>
		</bndbox>
	</object>
	<object>
		<name>ref_fork</name>
		<bndbox>
			<xmin>2492</xmin>
			<ymin>185</ymin>
			<xmax>2661</xmax>
			<ymax>650</ymax>
		</bndbox>
	</object>
	<object>
		<name>ref_coin</name>
		<bndbox>
			<xmin>1670</xmin>
			<ymin>1585</ymin>
			<xmax>1859</xmax>
			<ymax>1763</ymax>
		</bndbox>
	</object>
	<object>
		<name>dish</name>
		<bndbox>
			<xmin>500</xmin>
			<ymin>150</ymin>
			<xmax>2033</xmax>
			<ymax>1626</ymax>
		</bndbox>
	</object>
	<object>
		<name>물회</name>
		<bndbox>
			<xmin>633</xmin>
			<ymin>242</ymin>
			<xmax>1946</xmax>
			<ymax>1529</ymax>
		</bndbox>
	</object>
</annotation>