<annotation>
	<folder>top국류냉면기물회q5</folder>
	<filename>top_국류_냉면기_물회_Q5_00044.JPG</filename>
	<path>/top국류냉면기물회q5/top_국류_냉면기_물회_Q5_00044.JPG</path>
	<source>
		<database>fooddata</database>
	</source>
	<size>
		<width>3008</width>
		<height>2000</height>
		<depth>3</depth>
	</size>
	<object>
		<name>ref_spoon</name>
		<bndbox>
			<xmin>260</xmin>
			<ymin>589</ymin>
			<xmax>511</xmax>
			<ymax>997</ymax>
		</bndbox>
	</object>
	<object>
		<name>ref_fork</name>
		<bndbox>
			<xmin>669</xmin>
			<ymin>553</ymin>
			<xmax>838</xmax>
			<ymax>1013</ymax>
		</bndbox>
	</object>
	<object>
		<name>ref_coin</name>
		<bndbox>
			<xmin>2349</xmin>
			<ymin>119</ymin>
			<xmax>2513</xmax>
			<ymax>277</ymax>
		</bndbox>
	</object>
	<object>
		<name>dish</name>
		<bndbox>
			<xmin>1195</xmin>
			<ymin>359</ymin>
			<xmax>2569</xmax>
			<ymax>1723</ymax>
		</bndbox>
	</object>
	<object>
		<name>물회</name>
		<bndbox>
			<xmin>1297</xmin>
			<ymin>410</ymin>
			<xmax>2482</xmax>
			<ymax>1666</ymax>
		</bndbox>
	</object>
</annotation>