<annotation>
	<folder>top국류냉면기물회q5</folder>
	<filename>top_국류_냉면기_물회_Q5_00036.JPG</filename>
	<path>/top국류냉면기물회q5/top_국류_냉면기_물회_Q5_00036.JPG</path>
	<source>
		<database>fooddata</database>
	</source>
	<size>
		<width>3008</width>
		<height>2000</height>
		<depth>3</depth>
	</size>
	<object>
		<name>ref_spoon</name>
		<bndbox>
			<xmin>383</xmin>
			<ymin>446</ymin>
			<xmax>633</xmax>
			<ymax>844</ymax>
		</bndbox>
	</object>
	<object>
		<name>ref_fork</name>
		<bndbox>
			<xmin>776</xmin>
			<ymin>425</ymin>
			<xmax>950</xmax>
			<ymax>860</ymax>
		</bndbox>
	</object>
	<object>
		<name>ref_coin</name>
		<bndbox>
			<xmin>1598</xmin>
			<ymin>1590</ymin>
			<xmax>1767</xmax>
			<ymax>1763</ymax>
		</bndbox>
	</object>
	<object>
		<name>dish</name>
		<bndbox>
			<xmin>1190</xmin>
			<ymin>114</ymin>
			<xmax>2518</xmax>
			<ymax>1401</ymax>
		</bndbox>
	</object>
	<object>
		<name>물회</name>
		<bndbox>
			<xmin>1226</xmin>
			<ymin>226</ymin>
			<xmax>2441</xmax>
			<ymax>1345</ymax>
		</bndbox>
	</object>
</annotation>