<annotation>
	<folder>top국류냉면기물회q5</folder>
	<filename>top_국류_냉면기_물회_Q5_00008.JPG</filename>
	<path>/top국류냉면기물회q5/top_국류_냉면기_물회_Q5_00008.JPG</path>
	<source>
		<database>fooddata</database>
	</source>
	<size>
		<width>3008</width>
		<height>2000</height>
		<depth>3</depth>
	</size>
	<object>
		<name>ref_spoon</name>
		<bndbox>
			<xmin>2186</xmin>
			<ymin>180</ymin>
			<xmax>2426</xmax>
			<ymax>579</ymax>
		</bndbox>
	</object>
	<object>
		<name>ref_fork</name>
		<bndbox>
			<xmin>2538</xmin>
			<ymin>206</ymin>
			<xmax>2732</xmax>
			<ymax>640</ymax>
		</bndbox>
	</object>
	<object>
		<name>ref_coin</name>
		<bndbox>
			<xmin>771</xmin>
			<ymin>104</ymin>
			<xmax>955</xmax>
			<ymax>277</ymax>
		</bndbox>
	</object>
	<object>
		<name>dish</name>
		<bndbox>
			<xmin>649</xmin>
			<ymin>400</ymin>
			<xmax>2140</xmax>
			<ymax>1855</ymax>
		</bndbox>
	</object>
	<object>
		<name>물회</name>
		<bndbox>
			<xmin>741</xmin>
			<ymin>487</ymin>
			<xmax>2058</xmax>
			<ymax>1748</ymax>
		</bndbox>
	</object>
</annotation>