<annotation>
	<folder>top국류냉면기물회q5</folder>
	<filename>top_국류_냉면기_물회_Q5_00009.JPG</filename>
	<path>/top국류냉면기물회q5/top_국류_냉면기_물회_Q5_00009.JPG</path>
	<source>
		<database>fooddata</database>
	</source>
	<size>
		<width>3008</width>
		<height>2000</height>
		<depth>3</depth>
	</size>
	<object>
		<name>ref_spoon</name>
		<bndbox>
			<xmin>2150</xmin>
			<ymin>191</ymin>
			<xmax>2395</xmax>
			<ymax>579</ymax>
		</bndbox>
	</object>
	<object>
		<name>ref_fork</name>
		<bndbox>
			<xmin>2508</xmin>
			<ymin>226</ymin>
			<xmax>2676</xmax>
			<ymax>671</ymax>
		</bndbox>
	</object>
	<object>
		<name>ref_coin</name>
		<bndbox>
			<xmin>1343</xmin>
			<ymin>104</ymin>
			<xmax>1527</xmax>
			<ymax>272</ymax>
		</bndbox>
	</object>
	<object>
		<name>dish</name>
		<bndbox>
			<xmin>546</xmin>
			<ymin>359</ymin>
			<xmax>2033</xmax>
			<ymax>1830</ymax>
		</bndbox>
	</object>
	<object>
		<name>물회</name>
		<bndbox>
			<xmin>628</xmin>
			<ymin>420</ymin>
			<xmax>1946</xmax>
			<ymax>1723</ymax>
		</bndbox>
	</object>
</annotation>