<annotation>
	<folder>top국류냉면기물회q5</folder>
	<filename>top_국류_냉면기_물회_Q5_00033.JPG</filename>
	<path>/top국류냉면기물회q5/top_국류_냉면기_물회_Q5_00033.JPG</path>
	<source>
		<database>fooddata</database>
	</source>
	<size>
		<width>3008</width>
		<height>2000</height>
		<depth>3</depth>
	</size>
	<object>
		<name>ref_spoon</name>
		<bndbox>
			<xmin>266</xmin>
			<ymin>425</ymin>
			<xmax>521</xmax>
			<ymax>875</ymax>
		</bndbox>
	</object>
	<object>
		<name>ref_fork</name>
		<bndbox>
			<xmin>695</xmin>
			<ymin>400</ymin>
			<xmax>873</xmax>
			<ymax>885</ymax>
		</bndbox>
	</object>
	<object>
		<name>ref_coin</name>
		<bndbox>
			<xmin>1200</xmin>
			<ymin>1534</ymin>
			<xmax>1384</xmax>
			<ymax>1718</ymax>
		</bndbox>
	</object>
	<object>
		<name>dish</name>
		<bndbox>
			<xmin>1139</xmin>
			<ymin>114</ymin>
			<xmax>2564</xmax>
			<ymax>1518</ymax>
		</bndbox>
	</object>
	<object>
		<name>물회</name>
		<bndbox>
			<xmin>1190</xmin>
			<ymin>185</ymin>
			<xmax>2421</xmax>
			<ymax>1462</ymax>
		</bndbox>
	</object>
</annotation>