<annotation>
	<folder>top국류냉면기물회q5</folder>
	<filename>top_국류_냉면기_물회_Q5_00054.JPG</filename>
	<path>/top국류냉면기물회q5/top_국류_냉면기_물회_Q5_00054.JPG</path>
	<source>
		<database>fooddata</database>
	</source>
	<size>
		<width>3008</width>
		<height>2000</height>
		<depth>3</depth>
	</size>
	<object>
		<name>ref_spoon</name>
		<bndbox>
			<xmin>245</xmin>
			<ymin>487</ymin>
			<xmax>506</xmax>
			<ymax>885</ymax>
		</bndbox>
	</object>
	<object>
		<name>ref_fork</name>
		<bndbox>
			<xmin>638</xmin>
			<ymin>456</ymin>
			<xmax>812</xmax>
			<ymax>900</ymax>
		</bndbox>
	</object>
	<object>
		<name>ref_coin</name>
		<bndbox>
			<xmin>2298</xmin>
			<ymin>1355</ymin>
			<xmax>2482</xmax>
			<ymax>1534</ymax>
		</bndbox>
	</object>
	<object>
		<name>dish</name>
		<bndbox>
			<xmin>1144</xmin>
			<ymin>211</ymin>
			<xmax>2482</xmax>
			<ymax>1518</ymax>
		</bndbox>
	</object>
	<object>
		<name>물회</name>
		<bndbox>
			<xmin>1246</xmin>
			<ymin>308</ymin>
			<xmax>2370</xmax>
			<ymax>1432</ymax>
		</bndbox>
	</object>
</annotation>