<annotation>
	<folder>side건더기국류원형배달알탕q2</folder>
	<filename>side_건더기국류_원형배달_알탕_Q2_00053.JPG</filename>
	<path>/side건더기국류원형배달알탕q2/side_건더기국류_원형배달_알탕_Q2_00053.JPG</path>
	<source>
		<database>fooddata</database>
	</source>
	<size>
		<width>3008</width>
		<height>2000</height>
		<depth>3</depth>
	</size>
	<object>
		<name>ref_spoon</name>
		<bndbox>
			<xmin>170</xmin>
			<ymin>608</ymin>
			<xmax>511</xmax>
			<ymax>1027</ymax>
		</bndbox>
	</object>
	<object>
		<name>ref_fork</name>
		<bndbox>
			<xmin>653</xmin>
			<ymin>573</ymin>
			<xmax>894</xmax>
			<ymax>1034</ymax>
		</bndbox>
	</object>
	<object>
		<name>ref_coin</name>
		<bndbox>
			<xmin>2699</xmin>
			<ymin>729</ymin>
			<xmax>2958</xmax>
			<ymax>917</ymax>
		</bndbox>
	</object>
	<object>
		<name>dish</name>
		<bndbox>
			<xmin>954</xmin>
			<ymin>179</ymin>
			<xmax>2398</xmax>
			<ymax>1566</ymax>
		</bndbox>
	</object>
	<object>
		<name>알탕</name>
		<bndbox>
			<xmin>1117</xmin>
			<ymin>441</ymin>
			<xmax>2256</xmax>
			<ymax>1080</ymax>
		</bndbox>
	</object>
</annotation>