<annotation>
	<folder>side건더기국류원형배달알탕q2</folder>
	<filename>side_건더기국류_원형배달_알탕_Q2_00009.JPG</filename>
	<path>/side건더기국류원형배달알탕q2/side_건더기국류_원형배달_알탕_Q2_00009.JPG</path>
	<source>
		<database>fooddata</database>
	</source>
	<size>
		<width>3008</width>
		<height>2000</height>
		<depth>3</depth>
	</size>
	<object>
		<name>ref_spoon</name>
		<bndbox>
			<xmin>2040</xmin>
			<ymin>651</ymin>
			<xmax>2338</xmax>
			<ymax>1030</ymax>
		</bndbox>
	</object>
	<object>
		<name>ref_fork</name>
		<bndbox>
			<xmin>2472</xmin>
			<ymin>644</ymin>
			<xmax>2710</xmax>
			<ymax>1087</ymax>
		</bndbox>
	</object>
	<object>
		<name>ref_coin</name>
		<bndbox>
			<xmin>408</xmin>
			<ymin>505</ymin>
			<xmax>646</xmax>
			<ymax>668</ymax>
		</bndbox>
	</object>
	<object>
		<name>dish</name>
		<bndbox>
			<xmin>543</xmin>
			<ymin>434</ymin>
			<xmax>1876</xmax>
			<ymax>1679</ymax>
		</bndbox>
	</object>
	<object>
		<name>알탕</name>
		<bndbox>
			<xmin>706</xmin>
			<ymin>785</ymin>
			<xmax>1766</xmax>
			<ymax>1254</ymax>
		</bndbox>
	</object>
</annotation>