<annotation>
	<folder>side건더기국류원형배달알탕q2</folder>
	<filename>side_건더기국류_원형배달_알탕_Q2_00022.JPG</filename>
	<path>/side건더기국류원형배달알탕q2/side_건더기국류_원형배달_알탕_Q2_00022.JPG</path>
	<source>
		<database>fooddata</database>
	</source>
	<size>
		<width>3008</width>
		<height>2000</height>
		<depth>3</depth>
	</size>
	<object>
		<name>ref_spoon</name>
		<bndbox>
			<xmin>599</xmin>
			<ymin>1523</ymin>
			<xmax>1078</xmax>
			<ymax>1803</ymax>
		</bndbox>
	</object>
	<object>
		<name>ref_fork</name>
		<bndbox>
			<xmin>681</xmin>
			<ymin>1293</ymin>
			<xmax>1199</xmax>
			<ymax>1566</ymax>
		</bndbox>
	</object>
	<object>
		<name>ref_coin</name>
		<bndbox>
			<xmin>1529</xmin>
			<ymin>48</ymin>
			<xmax>1759</xmax>
			<ymax>200</ymax>
		</bndbox>
	</object>
	<object>
		<name>dish</name>
		<bndbox>
			<xmin>880</xmin>
			<ymin>175</ymin>
			<xmax>2128</xmax>
			<ymax>1353</ymax>
		</bndbox>
	</object>
	<object>
		<name>알탕</name>
		<bndbox>
			<xmin>1004</xmin>
			<ymin>491</ymin>
			<xmax>1986</xmax>
			<ymax>920</ymax>
		</bndbox>
	</object>
</annotation>