<annotation>
	<folder>side건더기국류원형배달알탕q2</folder>
	<filename>side_건더기국류_원형배달_알탕_Q2_00021.JPG</filename>
	<path>/side건더기국류원형배달알탕q2/side_건더기국류_원형배달_알탕_Q2_00021.JPG</path>
	<source>
		<database>fooddata</database>
	</source>
	<size>
		<width>3008</width>
		<height>2000</height>
		<depth>3</depth>
	</size>
	<object>
		<name>ref_spoon</name>
		<bndbox>
			<xmin>635</xmin>
			<ymin>1495</ymin>
			<xmax>1139</xmax>
			<ymax>1775</ymax>
		</bndbox>
	</object>
	<object>
		<name>ref_fork</name>
		<bndbox>
			<xmin>706</xmin>
			<ymin>1278</ymin>
			<xmax>1238</xmax>
			<ymax>1541</ymax>
		</bndbox>
	</object>
	<object>
		<name>ref_coin</name>
		<bndbox>
			<xmin>922</xmin>
			<ymin>48</ymin>
			<xmax>1142</xmax>
			<ymax>200</ymax>
		</bndbox>
	</object>
	<object>
		<name>dish</name>
		<bndbox>
			<xmin>936</xmin>
			<ymin>161</ymin>
			<xmax>2203</xmax>
			<ymax>1367</ymax>
		</bndbox>
	</object>
	<object>
		<name>알탕</name>
		<bndbox>
			<xmin>1054</xmin>
			<ymin>512</ymin>
			<xmax>2057</xmax>
			<ymax>906</ymax>
		</bndbox>
	</object>
</annotation>