<annotation>
	<folder>side건더기국류원형배달알탕q2</folder>
	<filename>side_건더기국류_원형배달_알탕_Q2_00033.JPG</filename>
	<path>/side건더기국류원형배달알탕q2/side_건더기국류_원형배달_알탕_Q2_00033.JPG</path>
	<source>
		<database>fooddata</database>
	</source>
	<size>
		<width>3008</width>
		<height>2000</height>
		<depth>3</depth>
	</size>
	<object>
		<name>ref_spoon</name>
		<bndbox>
			<xmin>752</xmin>
			<ymin>1623</ymin>
			<xmax>1263</xmax>
			<ymax>1942</ymax>
		</bndbox>
	</object>
	<object>
		<name>ref_fork</name>
		<bndbox>
			<xmin>826</xmin>
			<ymin>1349</ymin>
			<xmax>1380</xmax>
			<ymax>1630</ymax>
		</bndbox>
	</object>
	<object>
		<name>ref_coin</name>
		<bndbox>
			<xmin>394</xmin>
			<ymin>1310</ymin>
			<xmax>649</xmax>
			<ymax>1509</ymax>
		</bndbox>
	</object>
	<object>
		<name>dish</name>
		<bndbox>
			<xmin>802</xmin>
			<ymin>104</ymin>
			<xmax>2132</xmax>
			<ymax>1371</ymax>
		</bndbox>
	</object>
	<object>
		<name>알탕</name>
		<bndbox>
			<xmin>947</xmin>
			<ymin>385</ymin>
			<xmax>2022</xmax>
			<ymax>899</ymax>
		</bndbox>
	</object>
</annotation>