<annotation>
	<folder>top건더기국류원형배달알탕q2</folder>
	<filename>top_건더기국류_원형배달_알탕_Q2_00011.JPG</filename>
	<path>/top건더기국류원형배달알탕q2/top_건더기국류_원형배달_알탕_Q2_00011.JPG</path>
	<source>
		<database>fooddata</database>
	</source>
	<size>
		<width>3008</width>
		<height>2000</height>
		<depth>3</depth>
	</size>
	<object>
		<name>ref_spoon</name>
		<bndbox>
			<xmin>2039</xmin>
			<ymin>469</ymin>
			<xmax>2340</xmax>
			<ymax>932</ymax>
		</bndbox>
	</object>
	<object>
		<name>ref_fork</name>
		<bndbox>
			<xmin>2423</xmin>
			<ymin>593</ymin>
			<xmax>2654</xmax>
			<ymax>1109</ymax>
		</bndbox>
	</object>
	<object>
		<name>ref_coin</name>
		<bndbox>
			<xmin>1115</xmin>
			<ymin>14</ymin>
			<xmax>1325</xmax>
			<ymax>210</ymax>
		</bndbox>
	</object>
	<object>
		<name>dish</name>
		<bndbox>
			<xmin>403</xmin>
			<ymin>290</ymin>
			<xmax>1799</xmax>
			<ymax>1636</ymax>
		</bndbox>
	</object>
	<object>
		<name>알탕</name>
		<bndbox>
			<xmin>525</xmin>
			<ymin>466</ymin>
			<xmax>1686</xmax>
			<ymax>1594</ymax>
		</bndbox>
	</object>
</annotation>