<annotation>
	<folder>top건더기국류원형배달알탕q2</folder>
	<filename>top_건더기국류_원형배달_알탕_Q2_00015.JPG</filename>
	<path>/top건더기국류원형배달알탕q2/top_건더기국류_원형배달_알탕_Q2_00015.JPG</path>
	<source>
		<database>fooddata</database>
	</source>
	<size>
		<width>3008</width>
		<height>2000</height>
		<depth>3</depth>
	</size>
	<object>
		<name>ref_spoon</name>
		<bndbox>
			<xmin>1976</xmin>
			<ymin>463</ymin>
			<xmax>2276</xmax>
			<ymax>919</ymax>
		</bndbox>
	</object>
	<object>
		<name>ref_fork</name>
		<bndbox>
			<xmin>2351</xmin>
			<ymin>596</ymin>
			<xmax>2591</xmax>
			<ymax>1114</ymax>
		</bndbox>
	</object>
	<object>
		<name>ref_coin</name>
		<bndbox>
			<xmin>1281</xmin>
			<ymin>1650</ymin>
			<xmax>1496</xmax>
			<ymax>1876</ymax>
		</bndbox>
	</object>
	<object>
		<name>dish</name>
		<bndbox>
			<xmin>205</xmin>
			<ymin>124</ymin>
			<xmax>1614</xmax>
			<ymax>1470</ymax>
		</bndbox>
	</object>
	<object>
		<name>알탕</name>
		<bndbox>
			<xmin>332</xmin>
			<ymin>309</ymin>
			<xmax>1518</xmax>
			<ymax>1415</ymax>
		</bndbox>
	</object>
</annotation>