<annotation>
	<folder>top건더기국류원형배달알탕q2</folder>
	<filename>top_건더기국류_원형배달_알탕_Q2_00038.JPG</filename>
	<path>/top건더기국류원형배달알탕q2/top_건더기국류_원형배달_알탕_Q2_00038.JPG</path>
	<source>
		<database>fooddata</database>
	</source>
	<size>
		<width>3008</width>
		<height>2000</height>
		<depth>3</depth>
	</size>
	<object>
		<name>ref_spoon</name>
		<bndbox>
			<xmin>337</xmin>
			<ymin>110</ymin>
			<xmax>638</xmax>
			<ymax>568</ymax>
		</bndbox>
	</object>
	<object>
		<name>ref_fork</name>
		<bndbox>
			<xmin>751</xmin>
			<ymin>152</ymin>
			<xmax>950</xmax>
			<ymax>659</ymax>
		</bndbox>
	</object>
	<object>
		<name>ref_coin</name>
		<bndbox>
			<xmin>2607</xmin>
			<ymin>988</ymin>
			<xmax>2831</xmax>
			<ymax>1208</ymax>
		</bndbox>
	</object>
	<object>
		<name>dish</name>
		<bndbox>
			<xmin>922</xmin>
			<ymin>171</ymin>
			<xmax>2362</xmax>
			<ymax>1592</ymax>
		</bndbox>
	</object>
	<object>
		<name>알탕</name>
		<bndbox>
			<xmin>1063</xmin>
			<ymin>367</ymin>
			<xmax>2221</xmax>
			<ymax>1512</ymax>
		</bndbox>
	</object>
</annotation>