<annotation>
	<folder>top건더기국류원형배달알탕q2</folder>
	<filename>top_건더기국류_원형배달_알탕_Q2_00031.JPG</filename>
	<path>/top건더기국류원형배달알탕q2/top_건더기국류_원형배달_알탕_Q2_00031.JPG</path>
	<source>
		<database>fooddata</database>
	</source>
	<size>
		<width>3008</width>
		<height>2000</height>
		<depth>3</depth>
	</size>
	<object>
		<name>ref_spoon</name>
		<bndbox>
			<xmin>527</xmin>
			<ymin>1622</ymin>
			<xmax>941</xmax>
			<ymax>1898</ymax>
		</bndbox>
	</object>
	<object>
		<name>ref_fork</name>
		<bndbox>
			<xmin>583</xmin>
			<ymin>1352</ymin>
			<xmax>1041</xmax>
			<ymax>1531</ymax>
		</bndbox>
	</object>
	<object>
		<name>ref_coin</name>
		<bndbox>
			<xmin>781</xmin>
			<ymin>44</ymin>
			<xmax>955</xmax>
			<ymax>218</ymax>
		</bndbox>
	</object>
	<object>
		<name>dish</name>
		<bndbox>
			<xmin>737</xmin>
			<ymin>141</ymin>
			<xmax>1945</xmax>
			<ymax>1302</ymax>
		</bndbox>
	</object>
	<object>
		<name>알탕</name>
		<bndbox>
			<xmin>850</xmin>
			<ymin>312</ymin>
			<xmax>1849</xmax>
			<ymax>1269</ymax>
		</bndbox>
	</object>
</annotation>