<annotation>
	<folder>top건더기국류원형배달알탕q2</folder>
	<filename>top_건더기국류_원형배달_알탕_Q2_00029.JPG</filename>
	<path>/top건더기국류원형배달알탕q2/top_건더기국류_원형배달_알탕_Q2_00029.JPG</path>
	<source>
		<database>fooddata</database>
	</source>
	<size>
		<width>3008</width>
		<height>2000</height>
		<depth>3</depth>
	</size>
	<object>
		<name>ref_spoon</name>
		<bndbox>
			<xmin>550</xmin>
			<ymin>1630</ymin>
			<xmax>966</xmax>
			<ymax>1906</ymax>
		</bndbox>
	</object>
	<object>
		<name>ref_fork</name>
		<bndbox>
			<xmin>599</xmin>
			<ymin>1354</ymin>
			<xmax>1054</xmax>
			<ymax>1542</ymax>
		</bndbox>
	</object>
	<object>
		<name>ref_coin</name>
		<bndbox>
			<xmin>412</xmin>
			<ymin>643</ymin>
			<xmax>594</xmax>
			<ymax>822</ymax>
		</bndbox>
	</object>
	<object>
		<name>dish</name>
		<bndbox>
			<xmin>803</xmin>
			<ymin>121</ymin>
			<xmax>1981</xmax>
			<ymax>1269</ymax>
		</bndbox>
	</object>
	<object>
		<name>알탕</name>
		<bndbox>
			<xmin>908</xmin>
			<ymin>290</ymin>
			<xmax>1885</xmax>
			<ymax>1239</ymax>
		</bndbox>
	</object>
</annotation>