<annotation>
	<folder>top건더기국류원형배달알탕q2</folder>
	<filename>top_건더기국류_원형배달_알탕_Q2_00006.JPG</filename>
	<path>/top건더기국류원형배달알탕q2/top_건더기국류_원형배달_알탕_Q2_00006.JPG</path>
	<source>
		<database>fooddata</database>
	</source>
	<size>
		<width>3008</width>
		<height>2000</height>
		<depth>3</depth>
	</size>
	<object>
		<name>ref_spoon</name>
		<bndbox>
			<xmin>2031</xmin>
			<ymin>190</ymin>
			<xmax>2326</xmax>
			<ymax>651</ymax>
		</bndbox>
	</object>
	<object>
		<name>ref_fork</name>
		<bndbox>
			<xmin>2412</xmin>
			<ymin>306</ymin>
			<xmax>2646</xmax>
			<ymax>833</ymax>
		</bndbox>
	</object>
	<object>
		<name>ref_coin</name>
		<bndbox>
			<xmin>39</xmin>
			<ymin>1123</ymin>
			<xmax>260</xmax>
			<ymax>1335</ymax>
		</bndbox>
	</object>
	<object>
		<name>dish</name>
		<bndbox>
			<xmin>254</xmin>
			<ymin>55</ymin>
			<xmax>1642</xmax>
			<ymax>1404</ymax>
		</bndbox>
	</object>
	<object>
		<name>알탕</name>
		<bndbox>
			<xmin>395</xmin>
			<ymin>243</ymin>
			<xmax>1570</xmax>
			<ymax>1366</ymax>
		</bndbox>
	</object>
</annotation>