<annotation>
	<folder>side생선찜류접시병어찜q2</folder>
	<filename>side_생선찜류_접시_병어찜_Q2_00007.JPG</filename>
	<path>/side생선찜류접시병어찜q2/side_생선찜류_접시_병어찜_Q2_00007.JPG</path>
	<source>
		<database>fooddata</database>
	</source>
	<size>
		<width>5472</width>
		<height>3648</height>
		<depth>3</depth>
	</size>
	<object>
		<name>ref_spoon</name>
		<bndbox>
			<xmin>3784</xmin>
			<ymin>711</ymin>
			<xmax>4279</xmax>
			<ymax>1370</ymax>
		</bndbox>
	</object>
	<object>
		<name>ref_fork</name>
		<bndbox>
			<xmin>4378</xmin>
			<ymin>884</ymin>
			<xmax>4747</xmax>
			<ymax>1693</ymax>
		</bndbox>
	</object>
	<object>
		<name>ref_coin</name>
		<bndbox>
			<xmin>931</xmin>
			<ymin>1361</ymin>
			<xmax>1305</xmax>
			<ymax>1637</ymax>
		</bndbox>
	</object>
	<object>
		<name>dish</name>
		<bndbox>
			<xmin>1506</xmin>
			<ymin>519</ymin>
			<xmax>3751</xmax>
			<ymax>3077</ymax>
		</bndbox>
	</object>
	<object>
		<name>병어찜</name>
		<bndbox>
			<xmin>1880</xmin>
			<ymin>1239</ymin>
			<xmax>3194</xmax>
			<ymax>2787</ymax>
		</bndbox>
	</object>
</annotation>