<annotation>
	<folder>side생선찜류접시병어찜q2</folder>
	<filename>side_생선찜류_접시_병어찜_Q2_00038.JPG</filename>
	<path>/side생선찜류접시병어찜q2/side_생선찜류_접시_병어찜_Q2_00038.JPG</path>
	<source>
		<database>fooddata</database>
	</source>
	<size>
		<width>5472</width>
		<height>3648</height>
		<depth>3</depth>
	</size>
	<object>
		<name>ref_spoon</name>
		<bndbox>
			<xmin>1305</xmin>
			<ymin>2946</ymin>
			<xmax>2119</xmax>
			<ymax>3409</ymax>
		</bndbox>
	</object>
	<object>
		<name>ref_fork</name>
		<bndbox>
			<xmin>1426</xmin>
			<ymin>2577</ymin>
			<xmax>2371</xmax>
			<ymax>2989</ymax>
		</bndbox>
	</object>
	<object>
		<name>ref_coin</name>
		<bndbox>
			<xmin>3040</xmin>
			<ymin>716</ymin>
			<xmax>3358</xmax>
			<ymax>945</ymax>
		</bndbox>
	</object>
	<object>
		<name>dish</name>
		<bndbox>
			<xmin>1141</xmin>
			<ymin>1006</ymin>
			<xmax>4429</xmax>
			<ymax>2455</ymax>
		</bndbox>
	</object>
	<object>
		<name>병어찜</name>
		<bndbox>
			<xmin>2002</xmin>
			<ymin>1263</ymin>
			<xmax>4200</xmax>
			<ymax>2278</ymax>
		</bndbox>
	</object>
</annotation>