<annotation>
	<folder>side생선찜류접시병어찜q2</folder>
	<filename>side_생선찜류_접시_병어찜_Q2_00050.JPG</filename>
	<path>/side생선찜류접시병어찜q2/side_생선찜류_접시_병어찜_Q2_00050.JPG</path>
	<source>
		<database>fooddata</database>
	</source>
	<size>
		<width>5472</width>
		<height>3648</height>
		<depth>3</depth>
	</size>
	<object>
		<name>ref_spoon</name>
		<bndbox>
			<xmin>1239</xmin>
			<ymin>2596</ymin>
			<xmax>2119</xmax>
			<ymax>3082</ymax>
		</bndbox>
	</object>
	<object>
		<name>ref_fork</name>
		<bndbox>
			<xmin>1370</xmin>
			<ymin>2226</ymin>
			<xmax>2236</xmax>
			<ymax>2656</ymax>
		</bndbox>
	</object>
	<object>
		<name>ref_coin</name>
		<bndbox>
			<xmin>3115</xmin>
			<ymin>468</ymin>
			<xmax>3447</xmax>
			<ymax>702</ymax>
		</bndbox>
	</object>
	<object>
		<name>dish</name>
		<bndbox>
			<xmin>1136</xmin>
			<ymin>725</ymin>
			<xmax>4415</xmax>
			<ymax>2161</ymax>
		</bndbox>
	</object>
	<object>
		<name>병어찜</name>
		<bndbox>
			<xmin>2338</xmin>
			<ymin>1108</ymin>
			<xmax>3807</xmax>
			<ymax>1988</ymax>
		</bndbox>
	</object>
</annotation>