<annotation>
	<folder>side생선찜류접시병어찜q2</folder>
	<filename>side_생선찜류_접시_병어찜_Q2_00036.JPG</filename>
	<path>/side생선찜류접시병어찜q2/side_생선찜류_접시_병어찜_Q2_00036.JPG</path>
	<source>
		<database>fooddata</database>
	</source>
	<size>
		<width>5472</width>
		<height>3648</height>
		<depth>3</depth>
	</size>
	<object>
		<name>ref_spoon</name>
		<bndbox>
			<xmin>1436</xmin>
			<ymin>2745</ymin>
			<xmax>2441</xmax>
			<ymax>3222</ymax>
		</bndbox>
	</object>
	<object>
		<name>ref_fork</name>
		<bndbox>
			<xmin>1581</xmin>
			<ymin>2371</ymin>
			<xmax>2460</xmax>
			<ymax>2801</ymax>
		</bndbox>
	</object>
	<object>
		<name>ref_coin</name>
		<bndbox>
			<xmin>2030</xmin>
			<ymin>608</ymin>
			<xmax>2367</xmax>
			<ymax>851</ymax>
		</bndbox>
	</object>
	<object>
		<name>dish</name>
		<bndbox>
			<xmin>1338</xmin>
			<ymin>875</ymin>
			<xmax>4630</xmax>
			<ymax>2310</ymax>
		</bndbox>
	</object>
	<object>
		<name>병어찜</name>
		<bndbox>
			<xmin>2175</xmin>
			<ymin>1141</ymin>
			<xmax>4214</xmax>
			<ymax>2105</ymax>
		</bndbox>
	</object>
</annotation>