<annotation>
	<folder>병어찜q2재작업</folder>
	<filename>side_생선찜류_접시_병어찜_Q2_00012.JPG</filename>
	<path>/side생선찜류접시병어찜q2/side_생선찜류_접시_병어찜_Q2_00012.JPG</path>
	<source>
		<database>fooddata</database>
	</source>
	<size>
		<width>5472</width>
		<height>3648</height>
		<depth>3</depth>
	</size>
	<object>
		<name>ref_spoon</name>
		<bndbox>
			<xmin>3793</xmin>
			<ymin>752</ymin>
			<xmax>4269</xmax>
			<ymax>1391</ymax>
		</bndbox>
	</object>
	<object>
		<name>ref_fork</name>
		<bndbox>
			<xmin>4370</xmin>
			<ymin>924</ymin>
			<xmax>4727</xmax>
			<ymax>1657</ymax>
		</bndbox>
	</object>
	<object>
		<name>ref_coin</name>
		<bndbox>
			<xmin>3307</xmin>
			<ymin>905</ymin>
			<xmax>3674</xmax>
			<ymax>1172</ymax>
		</bndbox>
	</object>
	<object>
		<name>dish</name>
		<bndbox>
			<xmin>983</xmin>
			<ymin>348</ymin>
			<xmax>3550</xmax>
			<ymax>2648</ymax>
		</bndbox>
	</object>
	<object>
		<name>병어찜</name>
		<bndbox>
			<xmin>1441</xmin>
			<ymin>838</ymin>
			<xmax>2893</xmax>
			<ymax>2234</ymax>
		</bndbox>
	</object>
</annotation>