<annotation>
	<folder>side생선찜류접시병어찜q2</folder>
	<filename>side_생선찜류_접시_병어찜_Q2_00003.JPG</filename>
	<path>/side생선찜류접시병어찜q2/side_생선찜류_접시_병어찜_Q2_00003.JPG</path>
	<source>
		<database>fooddata</database>
	</source>
	<size>
		<width>5472</width>
		<height>3648</height>
		<depth>3</depth>
	</size>
	<object>
		<name>ref_spoon</name>
		<bndbox>
			<xmin>3770</xmin>
			<ymin>767</ymin>
			<xmax>4242</xmax>
			<ymax>1483</ymax>
		</bndbox>
	</object>
	<object>
		<name>ref_fork</name>
		<bndbox>
			<xmin>4354</xmin>
			<ymin>945</ymin>
			<xmax>4705</xmax>
			<ymax>1716</ymax>
		</bndbox>
	</object>
	<object>
		<name>ref_coin</name>
		<bndbox>
			<xmin>2016</xmin>
			<ymin>2549</ymin>
			<xmax>2413</xmax>
			<ymax>2867</ymax>
		</bndbox>
	</object>
	<object>
		<name>dish</name>
		<bndbox>
			<xmin>772</xmin>
			<ymin>412</ymin>
			<xmax>3788</xmax>
			<ymax>2418</ymax>
		</bndbox>
	</object>
	<object>
		<name>병어찜</name>
		<bndbox>
			<xmin>1525</xmin>
			<ymin>1094</ymin>
			<xmax>3297</xmax>
			<ymax>2179</ymax>
		</bndbox>
	</object>
</annotation>