<annotation>
	<folder>side생선찜류접시병어찜q2</folder>
	<filename>side_생선찜류_접시_병어찜_Q2_00034.JPG</filename>
	<path>/side생선찜류접시병어찜q2/side_생선찜류_접시_병어찜_Q2_00034.JPG</path>
	<source>
		<database>fooddata</database>
	</source>
	<size>
		<width>5472</width>
		<height>3648</height>
		<depth>3</depth>
	</size>
	<object>
		<name>ref_spoon</name>
		<bndbox>
			<xmin>1571</xmin>
			<ymin>2881</ymin>
			<xmax>2493</xmax>
			<ymax>3353</ymax>
		</bndbox>
	</object>
	<object>
		<name>ref_fork</name>
		<bndbox>
			<xmin>1693</xmin>
			<ymin>2516</ymin>
			<xmax>2568</xmax>
			<ymax>2914</ymax>
		</bndbox>
	</object>
	<object>
		<name>ref_coin</name>
		<bndbox>
			<xmin>781</xmin>
			<ymin>2114</ymin>
			<xmax>1165</xmax>
			<ymax>2395</ymax>
		</bndbox>
	</object>
	<object>
		<name>dish</name>
		<bndbox>
			<xmin>1408</xmin>
			<ymin>940</ymin>
			<xmax>4700</xmax>
			<ymax>2385</ymax>
		</bndbox>
	</object>
	<object>
		<name>병어찜</name>
		<bndbox>
			<xmin>1833</xmin>
			<ymin>1352</ymin>
			<xmax>4027</xmax>
			<ymax>2128</ymax>
		</bndbox>
	</object>
</annotation>