<annotation>
	<folder>side생선찜류접시병어찜q2</folder>
	<filename>side_생선찜류_접시_병어찜_Q2_00030.JPG</filename>
	<path>/side생선찜류접시병어찜q2/side_생선찜류_접시_병어찜_Q2_00030.JPG</path>
	<source>
		<database>fooddata</database>
	</source>
	<size>
		<width>5472</width>
		<height>3648</height>
		<depth>3</depth>
	</size>
	<object>
		<name>ref_spoon</name>
		<bndbox>
			<xmin>1099</xmin>
			<ymin>1104</ymin>
			<xmax>1548</xmax>
			<ymax>1759</ymax>
		</bndbox>
	</object>
	<object>
		<name>ref_fork</name>
		<bndbox>
			<xmin>1768</xmin>
			<ymin>1118</ymin>
			<xmax>2086</xmax>
			<ymax>1819</ymax>
		</bndbox>
	</object>
	<object>
		<name>ref_coin</name>
		<bndbox>
			<xmin>299</xmin>
			<ymin>1904</ymin>
			<xmax>659</xmax>
			<ymax>2184</ymax>
		</bndbox>
	</object>
	<object>
		<name>dish</name>
		<bndbox>
			<xmin>2507</xmin>
			<ymin>804</ymin>
			<xmax>5065</xmax>
			<ymax>2773</ymax>
		</bndbox>
	</object>
	<object>
		<name>병어찜</name>
		<bndbox>
			<xmin>2820</xmin>
			<ymin>1183</ymin>
			<xmax>4209</xmax>
			<ymax>2596</ymax>
		</bndbox>
	</object>
</annotation>