<annotation>
	<folder>side생선찜류접시병어찜q2</folder>
	<filename>side_생선찜류_접시_병어찜_Q2_00026.JPG</filename>
	<path>/side생선찜류접시병어찜q2/side_생선찜류_접시_병어찜_Q2_00026.JPG</path>
	<source>
		<database>fooddata</database>
	</source>
	<size>
		<width>5472</width>
		<height>3648</height>
		<depth>3</depth>
	</size>
	<object>
		<name>ref_spoon</name>
		<bndbox>
			<xmin>444</xmin>
			<ymin>926</ymin>
			<xmax>903</xmax>
			<ymax>1590</ymax>
		</bndbox>
	</object>
	<object>
		<name>ref_fork</name>
		<bndbox>
			<xmin>1127</xmin>
			<ymin>954</ymin>
			<xmax>1436</xmax>
			<ymax>1693</ymax>
		</bndbox>
	</object>
	<object>
		<name>ref_coin</name>
		<bndbox>
			<xmin>4696</xmin>
			<ymin>2526</ymin>
			<xmax>5046</xmax>
			<ymax>2825</ymax>
		</bndbox>
	</object>
	<object>
		<name>dish</name>
		<bndbox>
			<xmin>1562</xmin>
			<ymin>1001</ymin>
			<xmax>4705</xmax>
			<ymax>2357</ymax>
		</bndbox>
	</object>
	<object>
		<name>병어찜</name>
		<bndbox>
			<xmin>2081</xmin>
			<ymin>1300</ymin>
			<xmax>3915</xmax>
			<ymax>2119</ymax>
		</bndbox>
	</object>
</annotation>