<annotation>
	<folder>side생선찜류접시병어찜q2</folder>
	<filename>side_생선찜류_접시_병어찜_Q2_00004.JPG</filename>
	<path>/side생선찜류접시병어찜q2/side_생선찜류_접시_병어찜_Q2_00004.JPG</path>
	<source>
		<database>fooddata</database>
	</source>
	<size>
		<width>5472</width>
		<height>3648</height>
		<depth>3</depth>
	</size>
	<object>
		<name>ref_spoon</name>
		<bndbox>
			<xmin>3751</xmin>
			<ymin>870</ymin>
			<xmax>4219</xmax>
			<ymax>1501</ymax>
		</bndbox>
	</object>
	<object>
		<name>ref_fork</name>
		<bndbox>
			<xmin>4331</xmin>
			<ymin>1043</ymin>
			<xmax>4677</xmax>
			<ymax>1805</ymax>
		</bndbox>
	</object>
	<object>
		<name>ref_coin</name>
		<bndbox>
			<xmin>1361</xmin>
			<ymin>2633</ymin>
			<xmax>1768</xmax>
			<ymax>2946</ymax>
		</bndbox>
	</object>
	<object>
		<name>dish</name>
		<bndbox>
			<xmin>1094</xmin>
			<ymin>421</ymin>
			<xmax>3765</xmax>
			<ymax>2661</ymax>
		</bndbox>
	</object>
	<object>
		<name>병어찜</name>
		<bndbox>
			<xmin>1674</xmin>
			<ymin>1136</ymin>
			<xmax>3283</xmax>
			<ymax>2460</ymax>
		</bndbox>
	</object>
</annotation>