<annotation>
	<folder>top생선찜류접시병어찜q2</folder>
	<filename>top_생선찜류_접시_병어찜_Q2_00034.JPG</filename>
	<path>/top생선찜류접시병어찜q2/top_생선찜류_접시_병어찜_Q2_00034.JPG</path>
	<source>
		<database>fooddata</database>
	</source>
	<size>
		<width>720</width>
		<height>480</height>
		<depth>3</depth>
	</size>
	<object>
		<name>ref_spoon</name>
		<bndbox>
			<xmin>197</xmin>
			<ymin>362</ymin>
			<xmax>309</xmax>
			<ymax>427</ymax>
		</bndbox>
	</object>
	<object>
		<name>ref_fork</name>
		<bndbox>
			<xmin>198</xmin>
			<ymin>303</ymin>
			<xmax>319</xmax>
			<ymax>349</ymax>
		</bndbox>
	</object>
	<object>
		<name>ref_coin</name>
		<bndbox>
			<xmin>98</xmin>
			<ymin>202</ymin>
			<xmax>144</xmax>
			<ymax>249</ymax>
		</bndbox>
	</object>
	<object>
		<name>dish</name>
		<bndbox>
			<xmin>158</xmin>
			<ymin>31</ymin>
			<xmax>602</xmax>
			<ymax>290</ymax>
		</bndbox>
	</object>
	<object>
		<name>병어찜</name>
		<bndbox>
			<xmin>233</xmin>
			<ymin>95</ymin>
			<xmax>487</xmax>
			<ymax>261</ymax>
		</bndbox>
	</object>
</annotation>