<annotation>
	<folder>top생선찜류접시병어찜q2</folder>
	<filename>top_생선찜류_접시_병어찜_Q2_00040.JPG</filename>
	<path>/top생선찜류접시병어찜q2/top_생선찜류_접시_병어찜_Q2_00040.JPG</path>
	<source>
		<database>fooddata</database>
	</source>
	<size>
		<width>720</width>
		<height>480</height>
		<depth>3</depth>
	</size>
	<object>
		<name>ref_spoon</name>
		<bndbox>
			<xmin>208</xmin>
			<ymin>399</ymin>
			<xmax>309</xmax>
			<ymax>460</ymax>
		</bndbox>
	</object>
	<object>
		<name>ref_fork</name>
		<bndbox>
			<xmin>207</xmin>
			<ymin>345</ymin>
			<xmax>310</xmax>
			<ymax>388</ymax>
		</bndbox>
	</object>
	<object>
		<name>ref_coin</name>
		<bndbox>
			<xmin>370</xmin>
			<ymin>41</ymin>
			<xmax>410</xmax>
			<ymax>79</ymax>
		</bndbox>
	</object>
	<object>
		<name>dish</name>
		<bndbox>
			<xmin>168</xmin>
			<ymin>102</ymin>
			<xmax>555</xmax>
			<ymax>333</ymax>
		</bndbox>
	</object>
	<object>
		<name>병어찜</name>
		<bndbox>
			<xmin>234</xmin>
			<ymin>166</ymin>
			<xmax>526</xmax>
			<ymax>284</ymax>
		</bndbox>
	</object>
</annotation>