<annotation>
	<folder>top생선찜류접시병어찜q2</folder>
	<filename>top_생선찜류_접시_병어찜_Q2_00049.JPG</filename>
	<path>/top생선찜류접시병어찜q2/top_생선찜류_접시_병어찜_Q2_00049.JPG</path>
	<source>
		<database>fooddata</database>
	</source>
	<size>
		<width>720</width>
		<height>480</height>
		<depth>3</depth>
	</size>
	<object>
		<name>ref_spoon</name>
		<bndbox>
			<xmin>194</xmin>
			<ymin>378</ymin>
			<xmax>314</xmax>
			<ymax>441</ymax>
		</bndbox>
	</object>
	<object>
		<name>ref_fork</name>
		<bndbox>
			<xmin>194</xmin>
			<ymin>324</ymin>
			<xmax>302</xmax>
			<ymax>366</ymax>
		</bndbox>
	</object>
	<object>
		<name>ref_coin</name>
		<bndbox>
			<xmin>402</xmin>
			<ymin>14</ymin>
			<xmax>441</xmax>
			<ymax>51</ymax>
		</bndbox>
	</object>
	<object>
		<name>dish</name>
		<bndbox>
			<xmin>151</xmin>
			<ymin>79</ymin>
			<xmax>550</xmax>
			<ymax>310</ymax>
		</bndbox>
	</object>
	<object>
		<name>병어찜</name>
		<bndbox>
			<xmin>219</xmin>
			<ymin>119</ymin>
			<xmax>530</xmax>
			<ymax>280</ymax>
		</bndbox>
	</object>
</annotation>