<annotation>
	<folder>top생선찜류접시병어찜q2</folder>
	<filename>top_생선찜류_접시_병어찜_Q2_00001.JPG</filename>
	<path>/top생선찜류접시병어찜q2/top_생선찜류_접시_병어찜_Q2_00001.JPG</path>
	<source>
		<database>fooddata</database>
	</source>
	<size>
		<width>720</width>
		<height>480</height>
		<depth>3</depth>
	</size>
	<object>
		<name>ref_spoon</name>
		<bndbox>
			<xmin>503</xmin>
			<ymin>44</ymin>
			<xmax>570</xmax>
			<ymax>164</ymax>
		</bndbox>
	</object>
	<object>
		<name>ref_fork</name>
		<bndbox>
			<xmin>586</xmin>
			<ymin>81</ymin>
			<xmax>636</xmax>
			<ymax>193</ymax>
		</bndbox>
	</object>
	<object>
		<name>ref_coin</name>
		<bndbox>
			<xmin>394</xmin>
			<ymin>370</ymin>
			<xmax>441</xmax>
			<ymax>418</ymax>
		</bndbox>
	</object>
	<object>
		<name>dish</name>
		<bndbox>
			<xmin>18</xmin>
			<ymin>76</ymin>
			<xmax>487</xmax>
			<ymax>355</ymax>
		</bndbox>
	</object>
	<object>
		<name>병어찜</name>
		<bndbox>
			<xmin>69</xmin>
			<ymin>135</ymin>
			<xmax>448</xmax>
			<ymax>296</ymax>
		</bndbox>
	</object>
</annotation>