<annotation>
	<folder>재작업3</folder>
	<filename>top_생선찜류_접시_병어찜_Q2_00008.JPG</filename>
	<path>/top생선찜류접시병어찜q2/top_생선찜류_접시_병어찜_Q2_00008.JPG</path>
	<source>
		<database>fooddata</database>
	</source>
	<size>
		<width>720</width>
		<height>480</height>
		<depth>3</depth>
	</size>
	<object>
		<name>ref_spoon</name>
		<bndbox>
			<xmin>469</xmin>
			<ymin>36</ymin>
			<xmax>526</xmax>
			<ymax>120</ymax>
		</bndbox>
	</object>
	<object>
		<name>ref_fork</name>
		<bndbox>
			<xmin>546</xmin>
			<ymin>61</ymin>
			<xmax>585</xmax>
			<ymax>160</ymax>
		</bndbox>
	</object>
	<object>
		<name>ref_coin</name>
		<bndbox>
			<xmin>244</xmin>
			<ymin>51</ymin>
			<xmax>285</xmax>
			<ymax>90</ymax>
		</bndbox>
	</object>
	<object>
		<name>dish</name>
		<bndbox>
			<xmin>37</xmin>
			<ymin>137</ymin>
			<xmax>464</xmax>
			<ymax>395</ymax>
		</bndbox>
	</object>
	<object>
		<name>병어찜</name>
		<bndbox>
			<xmin>149</xmin>
			<ymin>197</ymin>
			<xmax>391</xmax>
			<ymax>320</ymax>
		</bndbox>
	</object>
</annotation>