<annotation>
	<folder>top생선찜류접시병어찜q2</folder>
	<filename>top_생선찜류_접시_병어찜_Q2_00042.JPG</filename>
	<path>/top생선찜류접시병어찜q2/top_생선찜류_접시_병어찜_Q2_00042.JPG</path>
	<source>
		<database>fooddata</database>
	</source>
	<size>
		<width>720</width>
		<height>480</height>
		<depth>3</depth>
	</size>
	<object>
		<name>ref_spoon</name>
		<bndbox>
			<xmin>211</xmin>
			<ymin>390</ymin>
			<xmax>311</xmax>
			<ymax>454</ymax>
		</bndbox>
	</object>
	<object>
		<name>ref_fork</name>
		<bndbox>
			<xmin>207</xmin>
			<ymin>338</ymin>
			<xmax>318</xmax>
			<ymax>380</ymax>
		</bndbox>
	</object>
	<object>
		<name>ref_coin</name>
		<bndbox>
			<xmin>473</xmin>
			<ymin>38</ymin>
			<xmax>513</xmax>
			<ymax>76</ymax>
		</bndbox>
	</object>
	<object>
		<name>dish</name>
		<bndbox>
			<xmin>164</xmin>
			<ymin>94</ymin>
			<xmax>557</xmax>
			<ymax>322</ymax>
		</bndbox>
	</object>
	<object>
		<name>병어찜</name>
		<bndbox>
			<xmin>232</xmin>
			<ymin>138</ymin>
			<xmax>523</xmax>
			<ymax>292</ymax>
		</bndbox>
	</object>
</annotation>