<annotation>
	<folder>side반찬면적접시깻잎장아찌q4</folder>
	<filename>side_반찬면적_접시_깻잎장아찌_Q4_00043.JPG</filename>
	<path>/side반찬면적접시깻잎장아찌q4/side_반찬면적_접시_깻잎장아찌_Q4_00043.JPG</path>
	<source>
		<database>fooddata</database>
	</source>
	<size>
		<width>3008</width>
		<height>2000</height>
		<depth>3</depth>
	</size>
	<object>
		<name>ref_spoon</name>
		<bndbox>
			<xmin>493</xmin>
			<ymin>833</ymin>
			<xmax>795</xmax>
			<ymax>1220</ymax>
		</bndbox>
	</object>
	<object>
		<name>ref_fork</name>
		<bndbox>
			<xmin>908</xmin>
			<ymin>791</ymin>
			<xmax>1103</xmax>
			<ymax>1220</ymax>
		</bndbox>
	</object>
	<object>
		<name>ref_coin</name>
		<bndbox>
			<xmin>2355</xmin>
			<ymin>684</ymin>
			<xmax>2561</xmax>
			<ymax>819</ymax>
		</bndbox>
	</object>
	<object>
		<name>dish</name>
		<bndbox>
			<xmin>1220</xmin>
			<ymin>858</ymin>
			<xmax>2433</xmax>
			<ymax>1720</ymax>
		</bndbox>
	</object>
	<object>
		<name>깻잎장아찌</name>
		<bndbox>
			<xmin>1316</xmin>
			<ymin>943</ymin>
			<xmax>2238</xmax>
			<ymax>1511</ymax>
		</bndbox>
	</object>
</annotation>