<annotation>
	<folder>side반찬면적접시깻잎장아찌q4</folder>
	<filename>side_반찬면적_접시_깻잎장아찌_Q4_00038.JPG</filename>
	<path>/side반찬면적접시깻잎장아찌q4/side_반찬면적_접시_깻잎장아찌_Q4_00038.JPG</path>
	<source>
		<database>fooddata</database>
	</source>
	<size>
		<width>3008</width>
		<height>2000</height>
		<depth>3</depth>
	</size>
	<object>
		<name>ref_spoon</name>
		<bndbox>
			<xmin>578</xmin>
			<ymin>798</ymin>
			<xmax>883</xmax>
			<ymax>1174</ymax>
		</bndbox>
	</object>
	<object>
		<name>ref_fork</name>
		<bndbox>
			<xmin>1004</xmin>
			<ymin>741</ymin>
			<xmax>1206</xmax>
			<ymax>1163</ymax>
		</bndbox>
	</object>
	<object>
		<name>ref_coin</name>
		<bndbox>
			<xmin>2387</xmin>
			<ymin>1479</ymin>
			<xmax>2625</xmax>
			<ymax>1638</ymax>
		</bndbox>
	</object>
	<object>
		<name>dish</name>
		<bndbox>
			<xmin>1376</xmin>
			<ymin>652</ymin>
			<xmax>2586</xmax>
			<ymax>1475</ymax>
		</bndbox>
	</object>
	<object>
		<name>깻잎장아찌</name>
		<bndbox>
			<xmin>1472</xmin>
			<ymin>762</ymin>
			<xmax>2426</xmax>
			<ymax>1294</ymax>
		</bndbox>
	</object>
</annotation>