<annotation>
	<folder>side반찬면적접시깻잎장아찌q4</folder>
	<filename>side_반찬면적_접시_깻잎장아찌_Q4_00006.JPG</filename>
	<path>/side반찬면적접시깻잎장아찌q4/side_반찬면적_접시_깻잎장아찌_Q4_00006.JPG</path>
	<source>
		<database>fooddata</database>
	</source>
	<size>
		<width>3008</width>
		<height>2000</height>
		<depth>3</depth>
	</size>
	<object>
		<name>ref_spoon</name>
		<bndbox>
			<xmin>1866</xmin>
			<ymin>521</ymin>
			<xmax>2150</xmax>
			<ymax>886</ymax>
		</bndbox>
	</object>
	<object>
		<name>ref_fork</name>
		<bndbox>
			<xmin>2299</xmin>
			<ymin>500</ymin>
			<xmax>2526</xmax>
			<ymax>901</ymax>
		</bndbox>
	</object>
	<object>
		<name>ref_coin</name>
		<bndbox>
			<xmin>128</xmin>
			<ymin>1192</ymin>
			<xmax>358</xmax>
			<ymax>1355</ymax>
		</bndbox>
	</object>
	<object>
		<name>dish</name>
		<bndbox>
			<xmin>546</xmin>
			<ymin>755</ymin>
			<xmax>1766</xmax>
			<ymax>1628</ymax>
		</bndbox>
	</object>
	<object>
		<name>깻잎장아찌</name>
		<bndbox>
			<xmin>617</xmin>
			<ymin>918</ymin>
			<xmax>1699</xmax>
			<ymax>1380</ymax>
		</bndbox>
	</object>
</annotation>