<annotation>
	<folder>side반찬면적접시깻잎장아찌q4</folder>
	<filename>side_반찬면적_접시_깻잎장아찌_Q4_00037.JPG</filename>
	<path>/side반찬면적접시깻잎장아찌q4/side_반찬면적_접시_깻잎장아찌_Q4_00037.JPG</path>
	<source>
		<database>fooddata</database>
	</source>
	<size>
		<width>3008</width>
		<height>2000</height>
		<depth>3</depth>
	</size>
	<object>
		<name>ref_spoon</name>
		<bndbox>
			<xmin>745</xmin>
			<ymin>567</ymin>
			<xmax>1050</xmax>
			<ymax>947</ymax>
		</bndbox>
	</object>
	<object>
		<name>ref_fork</name>
		<bndbox>
			<xmin>1163</xmin>
			<ymin>514</ymin>
			<xmax>1369</xmax>
			<ymax>940</ymax>
		</bndbox>
	</object>
	<object>
		<name>ref_coin</name>
		<bndbox>
			<xmin>2409</xmin>
			<ymin>1337</ymin>
			<xmax>2646</xmax>
			<ymax>1500</ymax>
		</bndbox>
	</object>
	<object>
		<name>dish</name>
		<bndbox>
			<xmin>1550</xmin>
			<ymin>408</ymin>
			<xmax>2756</xmax>
			<ymax>1231</ymax>
		</bndbox>
	</object>
	<object>
		<name>깻잎장아찌</name>
		<bndbox>
			<xmin>1646</xmin>
			<ymin>535</ymin>
			<xmax>2582</xmax>
			<ymax>1053</ymax>
		</bndbox>
	</object>
</annotation>