<annotation>
	<folder>side반찬면적접시깻잎장아찌q4</folder>
	<filename>side_반찬면적_접시_깻잎장아찌_Q4_00013.JPG</filename>
	<path>/side반찬면적접시깻잎장아찌q4/side_반찬면적_접시_깻잎장아찌_Q4_00013.JPG</path>
	<source>
		<database>fooddata</database>
	</source>
	<size>
		<width>3008</width>
		<height>2000</height>
		<depth>3</depth>
	</size>
	<object>
		<name>ref_spoon</name>
		<bndbox>
			<xmin>1557</xmin>
			<ymin>532</ymin>
			<xmax>1852</xmax>
			<ymax>897</ymax>
		</bndbox>
	</object>
	<object>
		<name>ref_fork</name>
		<bndbox>
			<xmin>1986</xmin>
			<ymin>475</ymin>
			<xmax>2228</xmax>
			<ymax>883</ymax>
		</bndbox>
	</object>
	<object>
		<name>ref_coin</name>
		<bndbox>
			<xmin>2352</xmin>
			<ymin>684</ymin>
			<xmax>2561</xmax>
			<ymax>826</ymax>
		</bndbox>
	</object>
	<object>
		<name>dish</name>
		<bndbox>
			<xmin>319</xmin>
			<ymin>798</ymin>
			<xmax>1543</xmax>
			<ymax>1663</ymax>
		</bndbox>
	</object>
	<object>
		<name>깻잎장아찌</name>
		<bndbox>
			<xmin>411</xmin>
			<ymin>911</ymin>
			<xmax>1362</xmax>
			<ymax>1465</ymax>
		</bndbox>
	</object>
</annotation>