<annotation>
	<folder>top반찬면적접시깻잎장아찌q4</folder>
	<filename>top_반찬면적_접시_깻잎장아찌_Q4_00032.JPG</filename>
	<path>/top반찬면적접시깻잎장아찌q4/top_반찬면적_접시_깻잎장아찌_Q4_00032.JPG</path>
	<source>
		<database>fooddata</database>
	</source>
	<size>
		<width>3008</width>
		<height>2000</height>
		<depth>3</depth>
	</size>
	<object>
		<name>ref_spoon</name>
		<bndbox>
			<xmin>1256</xmin>
			<ymin>1510</ymin>
			<xmax>1592</xmax>
			<ymax>1771</ymax>
		</bndbox>
	</object>
	<object>
		<name>ref_fork</name>
		<bndbox>
			<xmin>1318</xmin>
			<ymin>1211</ymin>
			<xmax>1670</xmax>
			<ymax>1379</ymax>
		</bndbox>
	</object>
	<object>
		<name>ref_coin</name>
		<bndbox>
			<xmin>2144</xmin>
			<ymin>118</ymin>
			<xmax>2304</xmax>
			<ymax>282</ymax>
		</bndbox>
	</object>
	<object>
		<name>dish</name>
		<bndbox>
			<xmin>1387</xmin>
			<ymin>208</ymin>
			<xmax>2259</xmax>
			<ymax>1084</ymax>
		</bndbox>
	</object>
	<object>
		<name>깻잎장아찌</name>
		<bndbox>
			<xmin>1518</xmin>
			<ymin>261</ymin>
			<xmax>2120</xmax>
			<ymax>1035</ymax>
		</bndbox>
	</object>
</annotation>