<annotation>
	<folder>top반찬면적접시깻잎장아찌q4</folder>
	<filename>top_반찬면적_접시_깻잎장아찌_Q4_00028.JPG</filename>
	<path>/top반찬면적접시깻잎장아찌q4/top_반찬면적_접시_깻잎장아찌_Q4_00028.JPG</path>
	<source>
		<database>fooddata</database>
	</source>
	<size>
		<width>3008</width>
		<height>2000</height>
		<depth>3</depth>
	</size>
	<object>
		<name>ref_spoon</name>
		<bndbox>
			<xmin>1572</xmin>
			<ymin>1514</ymin>
			<xmax>1923</xmax>
			<ymax>1788</ymax>
		</bndbox>
	</object>
	<object>
		<name>ref_fork</name>
		<bndbox>
			<xmin>1608</xmin>
			<ymin>1182</ymin>
			<xmax>1964</xmax>
			<ymax>1370</ymax>
		</bndbox>
	</object>
	<object>
		<name>ref_coin</name>
		<bndbox>
			<xmin>1138</xmin>
			<ymin>1198</ymin>
			<xmax>1330</xmax>
			<ymax>1391</ymax>
		</bndbox>
	</object>
	<object>
		<name>dish</name>
		<bndbox>
			<xmin>1608</xmin>
			<ymin>151</ymin>
			<xmax>2537</xmax>
			<ymax>1092</ymax>
		</bndbox>
	</object>
	<object>
		<name>깻잎장아찌</name>
		<bndbox>
			<xmin>1760</xmin>
			<ymin>216</ymin>
			<xmax>2398</xmax>
			<ymax>1023</ymax>
		</bndbox>
	</object>
</annotation>