<annotation>
	<folder>top반찬면적접시깻잎장아찌q4</folder>
	<filename>top_반찬면적_접시_깻잎장아찌_Q4_00022.JPG</filename>
	<path>/top반찬면적접시깻잎장아찌q4/top_반찬면적_접시_깻잎장아찌_Q4_00022.JPG</path>
	<source>
		<database>fooddata</database>
	</source>
	<size>
		<width>3008</width>
		<height>2000</height>
		<depth>3</depth>
	</size>
	<object>
		<name>ref_spoon</name>
		<bndbox>
			<xmin>1269</xmin>
			<ymin>1575</ymin>
			<xmax>1604</xmax>
			<ymax>1841</ymax>
		</bndbox>
	</object>
	<object>
		<name>ref_fork</name>
		<bndbox>
			<xmin>1310</xmin>
			<ymin>1252</ymin>
			<xmax>1666</xmax>
			<ymax>1432</ymax>
		</bndbox>
	</object>
	<object>
		<name>ref_coin</name>
		<bndbox>
			<xmin>1535</xmin>
			<ymin>8</ymin>
			<xmax>1702</xmax>
			<ymax>171</ymax>
		</bndbox>
	</object>
	<object>
		<name>dish</name>
		<bndbox>
			<xmin>1334</xmin>
			<ymin>233</ymin>
			<xmax>2226</xmax>
			<ymax>1137</ymax>
		</bndbox>
	</object>
	<object>
		<name>깻잎장아찌</name>
		<bndbox>
			<xmin>1457</xmin>
			<ymin>282</ymin>
			<xmax>2001</xmax>
			<ymax>1100</ymax>
		</bndbox>
	</object>
</annotation>