<annotation>
	<folder>top반찬면적접시깻잎장아찌q4</folder>
	<filename>top_반찬면적_접시_깻잎장아찌_Q4_00039.JPG</filename>
	<path>/top반찬면적접시깻잎장아찌q4/top_반찬면적_접시_깻잎장아찌_Q4_00039.JPG</path>
	<source>
		<database>fooddata</database>
	</source>
	<size>
		<width>3008</width>
		<height>2000</height>
		<depth>3</depth>
	</size>
	<object>
		<name>ref_spoon</name>
		<bndbox>
			<xmin>389</xmin>
			<ymin>445</ymin>
			<xmax>724</xmax>
			<ymax>892</ymax>
		</bndbox>
	</object>
	<object>
		<name>ref_fork</name>
		<bndbox>
			<xmin>990</xmin>
			<ymin>445</ymin>
			<xmax>1215</xmax>
			<ymax>937</ymax>
		</bndbox>
	</object>
	<object>
		<name>ref_coin</name>
		<bndbox>
			<xmin>2595</xmin>
			<ymin>1088</ymin>
			<xmax>2807</xmax>
			<ymax>1317</ymax>
		</bndbox>
	</object>
	<object>
		<name>dish</name>
		<bndbox>
			<xmin>1412</xmin>
			<ymin>278</ymin>
			<xmax>2582</xmax>
			<ymax>1477</ymax>
		</bndbox>
	</object>
	<object>
		<name>깻잎장아찌</name>
		<bndbox>
			<xmin>1465</xmin>
			<ymin>400</ymin>
			<xmax>2464</xmax>
			<ymax>1276</ymax>
		</bndbox>
	</object>
</annotation>