<annotation>
	<folder>top반찬면적접시깻잎장아찌q4</folder>
	<filename>top_반찬면적_접시_깻잎장아찌_Q4_00004.JPG</filename>
	<path>/top반찬면적접시깻잎장아찌q4/top_반찬면적_접시_깻잎장아찌_Q4_00004.JPG</path>
	<source>
		<database>fooddata</database>
	</source>
	<size>
		<width>3008</width>
		<height>2000</height>
		<depth>3</depth>
	</size>
	<object>
		<name>ref_spoon</name>
		<bndbox>
			<xmin>1952</xmin>
			<ymin>0</ymin>
			<xmax>2247</xmax>
			<ymax>445</ymax>
		</bndbox>
	</object>
	<object>
		<name>ref_fork</name>
		<bndbox>
			<xmin>2353</xmin>
			<ymin>3</ymin>
			<xmax>2550</xmax>
			<ymax>478</ymax>
		</bndbox>
	</object>
	<object>
		<name>ref_coin</name>
		<bndbox>
			<xmin>1228</xmin>
			<ymin>1489</ymin>
			<xmax>1453</xmax>
			<ymax>1714</ymax>
		</bndbox>
	</object>
	<object>
		<name>dish</name>
		<bndbox>
			<xmin>700</xmin>
			<ymin>224</ymin>
			<xmax>1903</xmax>
			<ymax>1444</ymax>
		</bndbox>
	</object>
	<object>
		<name>깻잎장아찌</name>
		<bndbox>
			<xmin>737</xmin>
			<ymin>523</ymin>
			<xmax>1858</xmax>
			<ymax>1211</ymax>
		</bndbox>
	</object>
</annotation>