<annotation>
	<folder>top반찬면적접시깻잎장아찌q4</folder>
	<filename>top_반찬면적_접시_깻잎장아찌_Q4_00048.JPG</filename>
	<path>/top반찬면적접시깻잎장아찌q4/top_반찬면적_접시_깻잎장아찌_Q4_00048.JPG</path>
	<source>
		<database>fooddata</database>
	</source>
	<size>
		<width>3008</width>
		<height>2000</height>
		<depth>3</depth>
	</size>
	<object>
		<name>ref_spoon</name>
		<bndbox>
			<xmin>389</xmin>
			<ymin>470</ymin>
			<xmax>708</xmax>
			<ymax>916</ymax>
		</bndbox>
	</object>
	<object>
		<name>ref_fork</name>
		<bndbox>
			<xmin>823</xmin>
			<ymin>429</ymin>
			<xmax>1039</xmax>
			<ymax>916</ymax>
		</bndbox>
	</object>
	<object>
		<name>ref_coin</name>
		<bndbox>
			<xmin>2382</xmin>
			<ymin>1432</ymin>
			<xmax>2599</xmax>
			<ymax>1649</ymax>
		</bndbox>
	</object>
	<object>
		<name>dish</name>
		<bndbox>
			<xmin>1318</xmin>
			<ymin>421</ymin>
			<xmax>2443</xmax>
			<ymax>1579</ymax>
		</bndbox>
	</object>
	<object>
		<name>깻잎장아찌</name>
		<bndbox>
			<xmin>1351</xmin>
			<ymin>490</ymin>
			<xmax>2235</xmax>
			<ymax>1350</ymax>
		</bndbox>
	</object>
</annotation>