<annotation>
	<folder>top반찬면적접시깻잎장아찌q4</folder>
	<filename>top_반찬면적_접시_깻잎장아찌_Q4_00019.JPG</filename>
	<path>/top반찬면적접시깻잎장아찌q4/top_반찬면적_접시_깻잎장아찌_Q4_00019.JPG</path>
	<source>
		<database>fooddata</database>
	</source>
	<size>
		<width>3008</width>
		<height>2000</height>
		<depth>3</depth>
	</size>
	<object>
		<name>ref_spoon</name>
		<bndbox>
			<xmin>1109</xmin>
			<ymin>1563</ymin>
			<xmax>1473</xmax>
			<ymax>1845</ymax>
		</bndbox>
	</object>
	<object>
		<name>ref_fork</name>
		<bndbox>
			<xmin>1170</xmin>
			<ymin>1239</ymin>
			<xmax>1555</xmax>
			<ymax>1419</ymax>
		</bndbox>
	</object>
	<object>
		<name>ref_coin</name>
		<bndbox>
			<xmin>2308</xmin>
			<ymin>433</ymin>
			<xmax>2488</xmax>
			<ymax>617</ymax>
		</bndbox>
	</object>
	<object>
		<name>dish</name>
		<bndbox>
			<xmin>1191</xmin>
			<ymin>134</ymin>
			<xmax>2169</xmax>
			<ymax>1117</ymax>
		</bndbox>
	</object>
	<object>
		<name>깻잎장아찌</name>
		<bndbox>
			<xmin>1228</xmin>
			<ymin>351</ymin>
			<xmax>2116</xmax>
			<ymax>965</ymax>
		</bndbox>
	</object>
</annotation>