<annotation>
	<folder>top반찬면적접시깻잎장아찌q4</folder>
	<filename>top_반찬면적_접시_깻잎장아찌_Q4_00012.JPG</filename>
	<path>/top반찬면적접시깻잎장아찌q4/top_반찬면적_접시_깻잎장아찌_Q4_00012.JPG</path>
	<source>
		<database>fooddata</database>
	</source>
	<size>
		<width>3008</width>
		<height>2000</height>
		<depth>3</depth>
	</size>
	<object>
		<name>ref_spoon</name>
		<bndbox>
			<xmin>2202</xmin>
			<ymin>85</ymin>
			<xmax>2484</xmax>
			<ymax>507</ymax>
		</bndbox>
	</object>
	<object>
		<name>ref_fork</name>
		<bndbox>
			<xmin>2599</xmin>
			<ymin>69</ymin>
			<xmax>2795</xmax>
			<ymax>535</ymax>
		</bndbox>
	</object>
	<object>
		<name>ref_coin</name>
		<bndbox>
			<xmin>1670</xmin>
			<ymin>163</ymin>
			<xmax>1883</xmax>
			<ymax>380</ymax>
		</bndbox>
	</object>
	<object>
		<name>dish</name>
		<bndbox>
			<xmin>913</xmin>
			<ymin>544</ymin>
			<xmax>2083</xmax>
			<ymax>1739</ymax>
		</bndbox>
	</object>
	<object>
		<name>깻잎장아찌</name>
		<bndbox>
			<xmin>1158</xmin>
			<ymin>597</ymin>
			<xmax>1870</xmax>
			<ymax>1673</ymax>
		</bndbox>
	</object>
</annotation>