<annotation>
	<folder>top반찬면적접시깻잎장아찌q4</folder>
	<filename>top_반찬면적_접시_깻잎장아찌_Q4_00026.JPG</filename>
	<path>/top반찬면적접시깻잎장아찌q4/top_반찬면적_접시_깻잎장아찌_Q4_00026.JPG</path>
	<source>
		<database>fooddata</database>
	</source>
	<size>
		<width>3008</width>
		<height>2000</height>
		<depth>3</depth>
	</size>
	<object>
		<name>ref_spoon</name>
		<bndbox>
			<xmin>1428</xmin>
			<ymin>1497</ymin>
			<xmax>1780</xmax>
			<ymax>1780</ymax>
		</bndbox>
	</object>
	<object>
		<name>ref_fork</name>
		<bndbox>
			<xmin>1465</xmin>
			<ymin>1174</ymin>
			<xmax>1850</xmax>
			<ymax>1354</ymax>
		</bndbox>
	</object>
	<object>
		<name>ref_coin</name>
		<bndbox>
			<xmin>1089</xmin>
			<ymin>679</ymin>
			<xmax>1273</xmax>
			<ymax>871</ymax>
		</bndbox>
	</object>
	<object>
		<name>dish</name>
		<bndbox>
			<xmin>1518</xmin>
			<ymin>106</ymin>
			<xmax>2451</xmax>
			<ymax>1072</ymax>
		</bndbox>
	</object>
	<object>
		<name>깻잎장아찌</name>
		<bndbox>
			<xmin>1604</xmin>
			<ymin>208</ymin>
			<xmax>2312</xmax>
			<ymax>990</ymax>
		</bndbox>
	</object>
</annotation>