<annotation>
	<folder>top반찬면적접시깻잎장아찌q4</folder>
	<filename>top_반찬면적_접시_깻잎장아찌_Q4_00031.JPG</filename>
	<path>/top반찬면적접시깻잎장아찌q4/top_반찬면적_접시_깻잎장아찌_Q4_00031.JPG</path>
	<source>
		<database>fooddata</database>
	</source>
	<size>
		<width>3008</width>
		<height>2000</height>
		<depth>3</depth>
	</size>
	<object>
		<name>ref_spoon</name>
		<bndbox>
			<xmin>1265</xmin>
			<ymin>1546</ymin>
			<xmax>1604</xmax>
			<ymax>1808</ymax>
		</bndbox>
	</object>
	<object>
		<name>ref_fork</name>
		<bndbox>
			<xmin>1314</xmin>
			<ymin>1235</ymin>
			<xmax>1666</xmax>
			<ymax>1411</ymax>
		</bndbox>
	</object>
	<object>
		<name>ref_coin</name>
		<bndbox>
			<xmin>2312</xmin>
			<ymin>368</ymin>
			<xmax>2472</xmax>
			<ymax>535</ymax>
		</bndbox>
	</object>
	<object>
		<name>dish</name>
		<bndbox>
			<xmin>1383</xmin>
			<ymin>265</ymin>
			<xmax>2263</xmax>
			<ymax>1158</ymax>
		</bndbox>
	</object>
	<object>
		<name>깻잎장아찌</name>
		<bndbox>
			<xmin>1490</xmin>
			<ymin>368</ymin>
			<xmax>2189</xmax>
			<ymax>1059</ymax>
		</bndbox>
	</object>
</annotation>