<annotation>
	<folder>top반찬면적접시깻잎장아찌q4</folder>
	<filename>top_반찬면적_접시_깻잎장아찌_Q4_00030.JPG</filename>
	<path>/top반찬면적접시깻잎장아찌q4/top_반찬면적_접시_깻잎장아찌_Q4_00030.JPG</path>
	<source>
		<database>fooddata</database>
	</source>
	<size>
		<width>3008</width>
		<height>2000</height>
		<depth>3</depth>
	</size>
	<object>
		<name>ref_spoon</name>
		<bndbox>
			<xmin>1215</xmin>
			<ymin>1608</ymin>
			<xmax>1551</xmax>
			<ymax>1870</ymax>
		</bndbox>
	</object>
	<object>
		<name>ref_fork</name>
		<bndbox>
			<xmin>1277</xmin>
			<ymin>1309</ymin>
			<xmax>1617</xmax>
			<ymax>1477</ymax>
		</bndbox>
	</object>
	<object>
		<name>ref_coin</name>
		<bndbox>
			<xmin>2337</xmin>
			<ymin>732</ymin>
			<xmax>2496</xmax>
			<ymax>896</ymax>
		</bndbox>
	</object>
	<object>
		<name>dish</name>
		<bndbox>
			<xmin>1391</xmin>
			<ymin>331</ymin>
			<xmax>2239</xmax>
			<ymax>1194</ymax>
		</bndbox>
	</object>
	<object>
		<name>깻잎장아찌</name>
		<bndbox>
			<xmin>1412</xmin>
			<ymin>531</ymin>
			<xmax>2194</xmax>
			<ymax>1059</ymax>
		</bndbox>
	</object>
</annotation>