<annotation>
	<folder>top반찬면적접시깻잎장아찌q4</folder>
	<filename>top_반찬면적_접시_깻잎장아찌_Q4_00006.JPG</filename>
	<path>/top반찬면적접시깻잎장아찌q4/top_반찬면적_접시_깻잎장아찌_Q4_00006.JPG</path>
	<source>
		<database>fooddata</database>
	</source>
	<size>
		<width>3008</width>
		<height>2000</height>
		<depth>3</depth>
	</size>
	<object>
		<name>ref_spoon</name>
		<bndbox>
			<xmin>1985</xmin>
			<ymin>155</ymin>
			<xmax>2271</xmax>
			<ymax>593</ymax>
		</bndbox>
	</object>
	<object>
		<name>ref_fork</name>
		<bndbox>
			<xmin>2374</xmin>
			<ymin>147</ymin>
			<xmax>2570</xmax>
			<ymax>617</ymax>
		</bndbox>
	</object>
	<object>
		<name>ref_coin</name>
		<bndbox>
			<xmin>786</xmin>
			<ymin>1661</ymin>
			<xmax>1019</xmax>
			<ymax>1890</ymax>
		</bndbox>
	</object>
	<object>
		<name>dish</name>
		<bndbox>
			<xmin>749</xmin>
			<ymin>429</ymin>
			<xmax>1944</xmax>
			<ymax>1628</ymax>
		</bndbox>
	</object>
	<object>
		<name>깻잎장아찌</name>
		<bndbox>
			<xmin>884</xmin>
			<ymin>531</ymin>
			<xmax>1731</xmax>
			<ymax>1526</ymax>
		</bndbox>
	</object>
</annotation>