<annotation>
	<folder>side비빔면류원형배달자장면q5</folder>
	<filename>side_비빔면류_원형배달_자장면_Q5_00024.JPG</filename>
	<path>/side비빔면류원형배달자장면q5/side_비빔면류_원형배달_자장면_Q5_00024.JPG</path>
	<source>
		<database>fooddata</database>
	</source>
	<size>
		<width>3008</width>
		<height>2000</height>
		<depth>3</depth>
	</size>
	<object>
		<name>ref_spoon</name>
		<bndbox>
			<xmin>711</xmin>
			<ymin>1642</ymin>
			<xmax>1216</xmax>
			<ymax>1902</ymax>
		</bndbox>
	</object>
	<object>
		<name>ref_fork</name>
		<bndbox>
			<xmin>793</xmin>
			<ymin>1381</ymin>
			<xmax>1306</xmax>
			<ymax>1642</ymax>
		</bndbox>
	</object>
	<object>
		<name>ref_coin</name>
		<bndbox>
			<xmin>1321</xmin>
			<ymin>52</ymin>
			<xmax>1505</xmax>
			<ymax>166</ymax>
		</bndbox>
	</object>
	<object>
		<name>dish</name>
		<bndbox>
			<xmin>972</xmin>
			<ymin>325</ymin>
			<xmax>2318</xmax>
			<ymax>1451</ymax>
		</bndbox>
	</object>
	<object>
		<name>자장면</name>
		<bndbox>
			<xmin>1067</xmin>
			<ymin>540</ymin>
			<xmax>2215</xmax>
			<ymax>1053</ymax>
		</bndbox>
	</object>
</annotation>