<annotation>
	<folder>side비빔면류원형배달자장면q5</folder>
	<filename>side_비빔면류_원형배달_자장면_Q5_00049.JPG</filename>
	<path>/side비빔면류원형배달자장면q5/side_비빔면류_원형배달_자장면_Q5_00049.JPG</path>
	<source>
		<database>fooddata</database>
	</source>
	<size>
		<width>3008</width>
		<height>2000</height>
		<depth>3</depth>
	</size>
	<object>
		<name>ref_spoon</name>
		<bndbox>
			<xmin>458</xmin>
			<ymin>621</ymin>
			<xmax>784</xmax>
			<ymax>967</ymax>
		</bndbox>
	</object>
	<object>
		<name>ref_fork</name>
		<bndbox>
			<xmin>849</xmin>
			<ymin>637</ymin>
			<xmax>1077</xmax>
			<ymax>1028</ymax>
		</bndbox>
	</object>
	<object>
		<name>ref_coin</name>
		<bndbox>
			<xmin>2484</xmin>
			<ymin>1578</ymin>
			<xmax>2731</xmax>
			<ymax>1743</ymax>
		</bndbox>
	</object>
	<object>
		<name>dish</name>
		<bndbox>
			<xmin>1271</xmin>
			<ymin>317</ymin>
			<xmax>2683</xmax>
			<ymax>1506</ymax>
		</bndbox>
	</object>
	<object>
		<name>자장면</name>
		<bndbox>
			<xmin>1341</xmin>
			<ymin>591</ymin>
			<xmax>2581</xmax>
			<ymax>1079</ymax>
		</bndbox>
	</object>
</annotation>