<annotation>
	<folder>side비빔면류원형배달자장면q5</folder>
	<filename>side_비빔면류_원형배달_자장면_Q5_00023.JPG</filename>
	<path>/side비빔면류원형배달자장면q5/side_비빔면류_원형배달_자장면_Q5_00023.JPG</path>
	<source>
		<database>fooddata</database>
	</source>
	<size>
		<width>3008</width>
		<height>2000</height>
		<depth>3</depth>
	</size>
	<object>
		<name>ref_spoon</name>
		<bndbox>
			<xmin>711</xmin>
			<ymin>1612</ymin>
			<xmax>1169</xmax>
			<ymax>1892</ymax>
		</bndbox>
	</object>
	<object>
		<name>ref_fork</name>
		<bndbox>
			<xmin>767</xmin>
			<ymin>1381</ymin>
			<xmax>1280</xmax>
			<ymax>1628</ymax>
		</bndbox>
	</object>
	<object>
		<name>ref_coin</name>
		<bndbox>
			<xmin>1848</xmin>
			<ymin>172</ymin>
			<xmax>2053</xmax>
			<ymax>287</ymax>
		</bndbox>
	</object>
	<object>
		<name>dish</name>
		<bndbox>
			<xmin>925</xmin>
			<ymin>299</ymin>
			<xmax>2274</xmax>
			<ymax>1419</ymax>
		</bndbox>
	</object>
	<object>
		<name>자장면</name>
		<bndbox>
			<xmin>1016</xmin>
			<ymin>500</ymin>
			<xmax>2159</xmax>
			<ymax>1018</ymax>
		</bndbox>
	</object>
</annotation>