<annotation>
	<folder>side비빔면류원형배달자장면q5</folder>
	<filename>side_비빔면류_원형배달_자장면_Q5_00043.JPG</filename>
	<path>/side비빔면류원형배달자장면q5/side_비빔면류_원형배달_자장면_Q5_00043.JPG</path>
	<source>
		<database>fooddata</database>
	</source>
	<size>
		<width>3008</width>
		<height>2000</height>
		<depth>3</depth>
	</size>
	<object>
		<name>ref_spoon</name>
		<bndbox>
			<xmin>300</xmin>
			<ymin>571</ymin>
			<xmax>610</xmax>
			<ymax>924</ymax>
		</bndbox>
	</object>
	<object>
		<name>ref_fork</name>
		<bndbox>
			<xmin>691</xmin>
			<ymin>576</ymin>
			<xmax>915</xmax>
			<ymax>982</ymax>
		</bndbox>
	</object>
	<object>
		<name>ref_coin</name>
		<bndbox>
			<xmin>1512</xmin>
			<ymin>283</ymin>
			<xmax>1722</xmax>
			<ymax>428</ymax>
		</bndbox>
	</object>
	<object>
		<name>dish</name>
		<bndbox>
			<xmin>1163</xmin>
			<ymin>601</ymin>
			<xmax>2676</xmax>
			<ymax>1899</ymax>
		</bndbox>
	</object>
	<object>
		<name>자장면</name>
		<bndbox>
			<xmin>1255</xmin>
			<ymin>830</ymin>
			<xmax>2541</xmax>
			<ymax>1440</ymax>
		</bndbox>
	</object>
</annotation>