<annotation>
	<folder>side비빔면류원형배달자장면q5</folder>
	<filename>side_비빔면류_원형배달_자장면_Q5_00035.JPG</filename>
	<path>/side비빔면류원형배달자장면q5/side_비빔면류_원형배달_자장면_Q5_00035.JPG</path>
	<source>
		<database>fooddata</database>
	</source>
	<size>
		<width>3008</width>
		<height>2000</height>
		<depth>3</depth>
	</size>
	<object>
		<name>ref_spoon</name>
		<bndbox>
			<xmin>290</xmin>
			<ymin>616</ymin>
			<xmax>630</xmax>
			<ymax>1018</ymax>
		</bndbox>
	</object>
	<object>
		<name>ref_fork</name>
		<bndbox>
			<xmin>711</xmin>
			<ymin>621</ymin>
			<xmax>955</xmax>
			<ymax>1058</ymax>
		</bndbox>
	</object>
	<object>
		<name>ref_coin</name>
		<bndbox>
			<xmin>1644</xmin>
			<ymin>1668</ymin>
			<xmax>1905</xmax>
			<ymax>1866</ymax>
		</bndbox>
	</object>
	<object>
		<name>dish</name>
		<bndbox>
			<xmin>1189</xmin>
			<ymin>278</ymin>
			<xmax>2678</xmax>
			<ymax>1546</ymax>
		</bndbox>
	</object>
	<object>
		<name>자장면</name>
		<bndbox>
			<xmin>1291</xmin>
			<ymin>560</ymin>
			<xmax>2591</xmax>
			<ymax>1119</ymax>
		</bndbox>
	</object>
</annotation>