<annotation>
	<folder>side비빔면류원형배달자장면q5</folder>
	<filename>side_비빔면류_원형배달_자장면_Q5_00021.JPG</filename>
	<path>/side비빔면류원형배달자장면q5/side_비빔면류_원형배달_자장면_Q5_00021.JPG</path>
	<source>
		<database>fooddata</database>
	</source>
	<size>
		<width>3008</width>
		<height>2000</height>
		<depth>3</depth>
	</size>
	<object>
		<name>ref_spoon</name>
		<bndbox>
			<xmin>722</xmin>
			<ymin>1617</ymin>
			<xmax>1204</xmax>
			<ymax>1892</ymax>
		</bndbox>
	</object>
	<object>
		<name>ref_fork</name>
		<bndbox>
			<xmin>796</xmin>
			<ymin>1373</ymin>
			<xmax>1301</xmax>
			<ymax>1627</ymax>
		</bndbox>
	</object>
	<object>
		<name>ref_coin</name>
		<bndbox>
			<xmin>2419</xmin>
			<ymin>786</ymin>
			<xmax>2634</xmax>
			<ymax>933</ymax>
		</bndbox>
	</object>
	<object>
		<name>dish</name>
		<bndbox>
			<xmin>915</xmin>
			<ymin>286</ymin>
			<xmax>2224</xmax>
			<ymax>1415</ymax>
		</bndbox>
	</object>
	<object>
		<name>자장면</name>
		<bndbox>
			<xmin>1011</xmin>
			<ymin>510</ymin>
			<xmax>2129</xmax>
			<ymax>1018</ymax>
		</bndbox>
	</object>
</annotation>