<annotation>
	<folder>side비빔면류원형배달자장면q5</folder>
	<filename>side_비빔면류_원형배달_자장면_Q5_00018.JPG</filename>
	<path>/side비빔면류원형배달자장면q5/side_비빔면류_원형배달_자장면_Q5_00018.JPG</path>
	<source>
		<database>fooddata</database>
	</source>
	<size>
		<width>3008</width>
		<height>2000</height>
		<depth>3</depth>
	</size>
	<object>
		<name>ref_spoon</name>
		<bndbox>
			<xmin>704</xmin>
			<ymin>1628</ymin>
			<xmax>1184</xmax>
			<ymax>1894</ymax>
		</bndbox>
	</object>
	<object>
		<name>ref_fork</name>
		<bndbox>
			<xmin>757</xmin>
			<ymin>1373</ymin>
			<xmax>1280</xmax>
			<ymax>1617</ymax>
		</bndbox>
	</object>
	<object>
		<name>ref_coin</name>
		<bndbox>
			<xmin>2088</xmin>
			<ymin>1255</ymin>
			<xmax>2317</xmax>
			<ymax>1419</ymax>
		</bndbox>
	</object>
	<object>
		<name>dish</name>
		<bndbox>
			<xmin>859</xmin>
			<ymin>225</ymin>
			<xmax>2171</xmax>
			<ymax>1343</ymax>
		</bndbox>
	</object>
	<object>
		<name>자장면</name>
		<bndbox>
			<xmin>930</xmin>
			<ymin>464</ymin>
			<xmax>2054</xmax>
			<ymax>926</ymax>
		</bndbox>
	</object>
</annotation>