<annotation>
	<folder>side비빔면류원형배달자장면q5</folder>
	<filename>side_비빔면류_원형배달_자장면_Q5_00013.JPG</filename>
	<path>/side비빔면류원형배달자장면q5/side_비빔면류_원형배달_자장면_Q5_00013.JPG</path>
	<source>
		<database>fooddata</database>
	</source>
	<size>
		<width>3008</width>
		<height>2000</height>
		<depth>3</depth>
	</size>
	<object>
		<name>ref_spoon</name>
		<bndbox>
			<xmin>2175</xmin>
			<ymin>518</ymin>
			<xmax>2479</xmax>
			<ymax>880</ymax>
		</bndbox>
	</object>
	<object>
		<name>ref_fork</name>
		<bndbox>
			<xmin>2581</xmin>
			<ymin>510</ymin>
			<xmax>2816</xmax>
			<ymax>931</ymax>
		</bndbox>
	</object>
	<object>
		<name>ref_coin</name>
		<bndbox>
			<xmin>285</xmin>
			<ymin>1506</ymin>
			<xmax>554</xmax>
			<ymax>1709</ymax>
		</bndbox>
	</object>
	<object>
		<name>dish</name>
		<bndbox>
			<xmin>600</xmin>
			<ymin>343</ymin>
			<xmax>2104</xmax>
			<ymax>1602</ymax>
		</bndbox>
	</object>
	<object>
		<name>자장면</name>
		<bndbox>
			<xmin>716</xmin>
			<ymin>576</ymin>
			<xmax>2002</xmax>
			<ymax>1175</ymax>
		</bndbox>
	</object>
</annotation>