<annotation>
	<folder>side비빔면류원형배달자장면q5</folder>
	<filename>side_비빔면류_원형배달_자장면_Q5_00050.JPG</filename>
	<path>/side비빔면류원형배달자장면q5/side_비빔면류_원형배달_자장면_Q5_00050.JPG</path>
	<source>
		<database>fooddata</database>
	</source>
	<size>
		<width>3008</width>
		<height>2000</height>
		<depth>3</depth>
	</size>
	<object>
		<name>ref_spoon</name>
		<bndbox>
			<xmin>385</xmin>
			<ymin>723</ymin>
			<xmax>710</xmax>
			<ymax>1073</ymax>
		</bndbox>
	</object>
	<object>
		<name>ref_fork</name>
		<bndbox>
			<xmin>781</xmin>
			<ymin>730</ymin>
			<xmax>1011</xmax>
			<ymax>1140</ymax>
		</bndbox>
	</object>
	<object>
		<name>ref_coin</name>
		<bndbox>
			<xmin>2658</xmin>
			<ymin>1552</ymin>
			<xmax>2909</xmax>
			<ymax>1722</ymax>
		</bndbox>
	</object>
	<object>
		<name>dish</name>
		<bndbox>
			<xmin>1174</xmin>
			<ymin>408</ymin>
			<xmax>2581</xmax>
			<ymax>1608</ymax>
		</bndbox>
	</object>
	<object>
		<name>자장면</name>
		<bndbox>
			<xmin>1280</xmin>
			<ymin>652</ymin>
			<xmax>2444</xmax>
			<ymax>1191</ymax>
		</bndbox>
	</object>
</annotation>