<annotation>
	<folder>side비빔면류원형배달자장면q5</folder>
	<filename>side_비빔면류_원형배달_자장면_Q5_00005.JPG</filename>
	<path>/side비빔면류원형배달자장면q5/side_비빔면류_원형배달_자장면_Q5_00005.JPG</path>
	<source>
		<database>fooddata</database>
	</source>
	<size>
		<width>3008</width>
		<height>2000</height>
		<depth>3</depth>
	</size>
	<object>
		<name>ref_spoon</name>
		<bndbox>
			<xmin>2200</xmin>
			<ymin>581</ymin>
			<xmax>2490</xmax>
			<ymax>947</ymax>
		</bndbox>
	</object>
	<object>
		<name>ref_fork</name>
		<bndbox>
			<xmin>2587</xmin>
			<ymin>585</ymin>
			<xmax>2820</xmax>
			<ymax>997</ymax>
		</bndbox>
	</object>
	<object>
		<name>ref_coin</name>
		<bndbox>
			<xmin>173</xmin>
			<ymin>1495</ymin>
			<xmax>427</xmax>
			<ymax>1683</ymax>
		</bndbox>
	</object>
	<object>
		<name>dish</name>
		<bndbox>
			<xmin>673</xmin>
			<ymin>423</ymin>
			<xmax>2152</xmax>
			<ymax>1663</ymax>
		</bndbox>
	</object>
	<object>
		<name>자장면</name>
		<bndbox>
			<xmin>772</xmin>
			<ymin>687</ymin>
			<xmax>2063</xmax>
			<ymax>1241</ymax>
		</bndbox>
	</object>
</annotation>