<annotation>
	<folder>top비빔면류원형배달자장면q5</folder>
	<filename>top_비빔면류_원형배달_자장면_Q5_00048.JPG</filename>
	<path>/top비빔면류원형배달자장면q5/top_비빔면류_원형배달_자장면_Q5_00048.JPG</path>
	<source>
		<database>fooddata</database>
	</source>
	<size>
		<width>3008</width>
		<height>2000</height>
		<depth>3</depth>
	</size>
	<object>
		<name>ref_spoon</name>
		<bndbox>
			<xmin>241</xmin>
			<ymin>370</ymin>
			<xmax>506</xmax>
			<ymax>737</ymax>
		</bndbox>
	</object>
	<object>
		<name>ref_fork</name>
		<bndbox>
			<xmin>593</xmin>
			<ymin>388</ymin>
			<xmax>760</xmax>
			<ymax>795</ymax>
		</bndbox>
	</object>
	<object>
		<name>ref_coin</name>
		<bndbox>
			<xmin>2215</xmin>
			<ymin>348</ymin>
			<xmax>2386</xmax>
			<ymax>515</ymax>
		</bndbox>
	</object>
	<object>
		<name>dish</name>
		<bndbox>
			<xmin>1039</xmin>
			<ymin>417</ymin>
			<xmax>2368</xmax>
			<ymax>1728</ymax>
		</bndbox>
	</object>
	<object>
		<name>자장면</name>
		<bndbox>
			<xmin>1119</xmin>
			<ymin>577</ymin>
			<xmax>2215</xmax>
			<ymax>1652</ymax>
		</bndbox>
	</object>
</annotation>