<annotation>
	<folder>top비빔면류원형배달자장면q5</folder>
	<filename>top_비빔면류_원형배달_자장면_Q5_00024.JPG</filename>
	<path>/top비빔면류원형배달자장면q5/top_비빔면류_원형배달_자장면_Q5_00024.JPG</path>
	<source>
		<database>fooddata</database>
	</source>
	<size>
		<width>3008</width>
		<height>2000</height>
		<depth>3</depth>
	</size>
	<object>
		<name>ref_spoon</name>
		<bndbox>
			<xmin>789</xmin>
			<ymin>1659</ymin>
			<xmax>1141</xmax>
			<ymax>1906</ymax>
		</bndbox>
	</object>
	<object>
		<name>ref_fork</name>
		<bndbox>
			<xmin>807</xmin>
			<ymin>1401</ymin>
			<xmax>1195</xmax>
			<ymax>1557</ymax>
		</bndbox>
	</object>
	<object>
		<name>ref_coin</name>
		<bndbox>
			<xmin>477</xmin>
			<ymin>759</ymin>
			<xmax>644</xmax>
			<ymax>918</ymax>
		</bndbox>
	</object>
	<object>
		<name>dish</name>
		<bndbox>
			<xmin>992</xmin>
			<ymin>134</ymin>
			<xmax>2154</xmax>
			<ymax>1260</ymax>
		</bndbox>
	</object>
	<object>
		<name>자장면</name>
		<bndbox>
			<xmin>1068</xmin>
			<ymin>276</ymin>
			<xmax>2016</xmax>
			<ymax>1220</ymax>
		</bndbox>
	</object>
</annotation>