<annotation>
	<folder>top비빔면류원형배달자장면q5</folder>
	<filename>top_비빔면류_원형배달_자장면_Q5_00049.JPG</filename>
	<path>/top비빔면류원형배달자장면q5/top_비빔면류_원형배달_자장면_Q5_00049.JPG</path>
	<source>
		<database>fooddata</database>
	</source>
	<size>
		<width>3008</width>
		<height>2000</height>
		<depth>3</depth>
	</size>
	<object>
		<name>ref_spoon</name>
		<bndbox>
			<xmin>274</xmin>
			<ymin>345</ymin>
			<xmax>531</xmax>
			<ymax>708</ymax>
		</bndbox>
	</object>
	<object>
		<name>ref_fork</name>
		<bndbox>
			<xmin>611</xmin>
			<ymin>370</ymin>
			<xmax>774</xmax>
			<ymax>770</ymax>
		</bndbox>
	</object>
	<object>
		<name>ref_coin</name>
		<bndbox>
			<xmin>1780</xmin>
			<ymin>152</ymin>
			<xmax>1940</xmax>
			<ymax>312</ymax>
		</bndbox>
	</object>
	<object>
		<name>dish</name>
		<bndbox>
			<xmin>999</xmin>
			<ymin>432</ymin>
			<xmax>2339</xmax>
			<ymax>1724</ymax>
		</bndbox>
	</object>
	<object>
		<name>자장면</name>
		<bndbox>
			<xmin>1083</xmin>
			<ymin>563</ymin>
			<xmax>2186</xmax>
			<ymax>1662</ymax>
		</bndbox>
	</object>
</annotation>