<annotation>
	<folder>top비빔면류원형배달자장면q5</folder>
	<filename>top_비빔면류_원형배달_자장면_Q5_00002.JPG</filename>
	<path>/top비빔면류원형배달자장면q5/top_비빔면류_원형배달_자장면_Q5_00002.JPG</path>
	<source>
		<database>fooddata</database>
	</source>
	<size>
		<width>3008</width>
		<height>2000</height>
		<depth>3</depth>
	</size>
	<object>
		<name>ref_spoon</name>
		<bndbox>
			<xmin>1954</xmin>
			<ymin>152</ymin>
			<xmax>2197</xmax>
			<ymax>523</ymax>
		</bndbox>
	</object>
	<object>
		<name>ref_fork</name>
		<bndbox>
			<xmin>2288</xmin>
			<ymin>171</ymin>
			<xmax>2455</xmax>
			<ymax>563</ymax>
		</bndbox>
	</object>
	<object>
		<name>ref_coin</name>
		<bndbox>
			<xmin>1522</xmin>
			<ymin>1546</ymin>
			<xmax>1711</xmax>
			<ymax>1728</ymax>
		</bndbox>
	</object>
	<object>
		<name>dish</name>
		<bndbox>
			<xmin>560</xmin>
			<ymin>207</ymin>
			<xmax>1954</xmax>
			<ymax>1579</ymax>
		</bndbox>
	</object>
	<object>
		<name>자장면</name>
		<bndbox>
			<xmin>680</xmin>
			<ymin>341</ymin>
			<xmax>1852</xmax>
			<ymax>1485</ymax>
		</bndbox>
	</object>
</annotation>