<annotation>
	<folder>top비빔면류원형배달자장면q5</folder>
	<filename>top_비빔면류_원형배달_자장면_Q5_00032.JPG</filename>
	<path>/top비빔면류원형배달자장면q5/top_비빔면류_원형배달_자장면_Q5_00032.JPG</path>
	<source>
		<database>fooddata</database>
	</source>
	<size>
		<width>3008</width>
		<height>2000</height>
		<depth>3</depth>
	</size>
	<object>
		<name>ref_spoon</name>
		<bndbox>
			<xmin>847</xmin>
			<ymin>1652</ymin>
			<xmax>1152</xmax>
			<ymax>1866</ymax>
		</bndbox>
	</object>
	<object>
		<name>ref_fork</name>
		<bndbox>
			<xmin>854</xmin>
			<ymin>1405</ymin>
			<xmax>1181</xmax>
			<ymax>1546</ymax>
		</bndbox>
	</object>
	<object>
		<name>ref_coin</name>
		<bndbox>
			<xmin>1373</xmin>
			<ymin>98</ymin>
			<xmax>1508</xmax>
			<ymax>229</ymax>
		</bndbox>
	</object>
	<object>
		<name>dish</name>
		<bndbox>
			<xmin>945</xmin>
			<ymin>330</ymin>
			<xmax>1987</xmax>
			<ymax>1347</ymax>
		</bndbox>
	</object>
	<object>
		<name>자장면</name>
		<bndbox>
			<xmin>1032</xmin>
			<ymin>443</ymin>
			<xmax>1881</xmax>
			<ymax>1289</ymax>
		</bndbox>
	</object>
</annotation>