<annotation>
	<folder>top비빔면류원형배달자장면q5</folder>
	<filename>top_비빔면류_원형배달_자장면_Q5_00031.JPG</filename>
	<path>/top비빔면류원형배달자장면q5/top_비빔면류_원형배달_자장면_Q5_00031.JPG</path>
	<source>
		<database>fooddata</database>
	</source>
	<size>
		<width>3008</width>
		<height>2000</height>
		<depth>3</depth>
	</size>
	<object>
		<name>ref_spoon</name>
		<bndbox>
			<xmin>716</xmin>
			<ymin>1604</ymin>
			<xmax>1054</xmax>
			<ymax>1840</ymax>
		</bndbox>
	</object>
	<object>
		<name>ref_fork</name>
		<bndbox>
			<xmin>742</xmin>
			<ymin>1361</ymin>
			<xmax>1101</xmax>
			<ymax>1506</ymax>
		</bndbox>
	</object>
	<object>
		<name>ref_coin</name>
		<bndbox>
			<xmin>1845</xmin>
			<ymin>156</ymin>
			<xmax>1983</xmax>
			<ymax>287</ymax>
		</bndbox>
	</object>
	<object>
		<name>dish</name>
		<bndbox>
			<xmin>909</xmin>
			<ymin>196</ymin>
			<xmax>2009</xmax>
			<ymax>1245</ymax>
		</bndbox>
	</object>
	<object>
		<name>자장면</name>
		<bndbox>
			<xmin>974</xmin>
			<ymin>330</ymin>
			<xmax>1892</xmax>
			<ymax>1216</ymax>
		</bndbox>
	</object>
</annotation>