<annotation>
	<folder>side주먹밥김밥류접시참치마요삼각김밥q4</folder>
	<filename>side_주먹밥김밥류_접시_참치마요삼각김밥_Q4_00056.JPG</filename>
	<path>/side주먹밥김밥류접시참치마요삼각김밥q4/side_주먹밥김밥류_접시_참치마요삼각김밥_Q4_00056.JPG</path>
	<source>
		<database>fooddata</database>
	</source>
	<size>
		<width>3008</width>
		<height>2000</height>
		<depth>3</depth>
	</size>
	<object>
		<name>ref_spoon</name>
		<bndbox>
			<xmin>229</xmin>
			<ymin>187</ymin>
			<xmax>546</xmax>
			<ymax>629</ymax>
		</bndbox>
	</object>
	<object>
		<name>ref_fork</name>
		<bndbox>
			<xmin>644</xmin>
			<ymin>219</ymin>
			<xmax>865</xmax>
			<ymax>735</ymax>
		</bndbox>
	</object>
	<object>
		<name>ref_coin</name>
		<bndbox>
			<xmin>924</xmin>
			<ymin>1511</ymin>
			<xmax>1187</xmax>
			<ymax>1732</ymax>
		</bndbox>
	</object>
	<object>
		<name>dish</name>
		<bndbox>
			<xmin>1015</xmin>
			<ymin>371</ymin>
			<xmax>2359</xmax>
			<ymax>1371</ymax>
		</bndbox>
	</object>
	<object>
		<name>참치마요삼각김밥</name>
		<bndbox>
			<xmin>1303</xmin>
			<ymin>378</ymin>
			<xmax>1902</xmax>
			<ymax>1096</ymax>
		</bndbox>
	</object>
</annotation>