<annotation>
	<folder>side주먹밥김밥류접시참치마요삼각김밥q4</folder>
	<filename>side_주먹밥김밥류_접시_참치마요삼각김밥_Q4_00018.JPG</filename>
	<path>/side주먹밥김밥류접시참치마요삼각김밥q4/side_주먹밥김밥류_접시_참치마요삼각김밥_Q4_00018.JPG</path>
	<source>
		<database>fooddata</database>
	</source>
	<size>
		<width>3008</width>
		<height>2000</height>
		<depth>3</depth>
	</size>
	<object>
		<name>ref_spoon</name>
		<bndbox>
			<xmin>472</xmin>
			<ymin>1428</ymin>
			<xmax>1020</xmax>
			<ymax>1737</ymax>
		</bndbox>
	</object>
	<object>
		<name>ref_fork</name>
		<bndbox>
			<xmin>597</xmin>
			<ymin>1128</ymin>
			<xmax>1180</xmax>
			<ymax>1393</ymax>
		</bndbox>
	</object>
	<object>
		<name>ref_coin</name>
		<bndbox>
			<xmin>2209</xmin>
			<ymin>973</ymin>
			<xmax>2452</xmax>
			<ymax>1179</ymax>
		</bndbox>
	</object>
	<object>
		<name>dish</name>
		<bndbox>
			<xmin>868</xmin>
			<ymin>162</ymin>
			<xmax>2135</xmax>
			<ymax>1106</ymax>
		</bndbox>
	</object>
	<object>
		<name>참치마요삼각김밥</name>
		<bndbox>
			<xmin>1138</xmin>
			<ymin>337</ymin>
			<xmax>1882</xmax>
			<ymax>961</ymax>
		</bndbox>
	</object>
</annotation>