<annotation>
	<folder>side주먹밥김밥류접시참치마요삼각김밥q4</folder>
	<filename>side_주먹밥김밥류_접시_참치마요삼각김밥_Q4_00050.JPG</filename>
	<path>/side주먹밥김밥류접시참치마요삼각김밥q4/side_주먹밥김밥류_접시_참치마요삼각김밥_Q4_00050.JPG</path>
	<source>
		<database>fooddata</database>
	</source>
	<size>
		<width>3008</width>
		<height>2000</height>
		<depth>3</depth>
	</size>
	<object>
		<name>ref_spoon</name>
		<bndbox>
			<xmin>359</xmin>
			<ymin>405</ymin>
			<xmax>674</xmax>
			<ymax>857</ymax>
		</bndbox>
	</object>
	<object>
		<name>ref_fork</name>
		<bndbox>
			<xmin>769</xmin>
			<ymin>420</ymin>
			<xmax>981</xmax>
			<ymax>941</ymax>
		</bndbox>
	</object>
	<object>
		<name>ref_coin</name>
		<bndbox>
			<xmin>1531</xmin>
			<ymin>204</ymin>
			<xmax>1752</xmax>
			<ymax>356</ymax>
		</bndbox>
	</object>
	<object>
		<name>dish</name>
		<bndbox>
			<xmin>1140</xmin>
			<ymin>582</ymin>
			<xmax>2472</xmax>
			<ymax>1595</ymax>
		</bndbox>
	</object>
	<object>
		<name>참치마요삼각김밥</name>
		<bndbox>
			<xmin>1447</xmin>
			<ymin>695</ymin>
			<xmax>2162</xmax>
			<ymax>1405</ymax>
		</bndbox>
	</object>
</annotation>