<annotation>
	<folder>side주먹밥김밥류접시참치마요삼각김밥q4</folder>
	<filename>side_주먹밥김밥류_접시_참치마요삼각김밥_Q4_00012.JPG</filename>
	<path>/side주먹밥김밥류접시참치마요삼각김밥q4/side_주먹밥김밥류_접시_참치마요삼각김밥_Q4_00012.JPG</path>
	<source>
		<database>fooddata</database>
	</source>
	<size>
		<width>3008</width>
		<height>2000</height>
		<depth>3</depth>
	</size>
	<object>
		<name>ref_spoon</name>
		<bndbox>
			<xmin>2221</xmin>
			<ymin>297</ymin>
			<xmax>2553</xmax>
			<ymax>767</ymax>
		</bndbox>
	</object>
	<object>
		<name>ref_fork</name>
		<bndbox>
			<xmin>2634</xmin>
			<ymin>314</ymin>
			<xmax>2865</xmax>
			<ymax>862</ymax>
		</bndbox>
	</object>
	<object>
		<name>ref_coin</name>
		<bndbox>
			<xmin>317</xmin>
			<ymin>555</ymin>
			<xmax>568</xmax>
			<ymax>754</ymax>
		</bndbox>
	</object>
	<object>
		<name>dish</name>
		<bndbox>
			<xmin>674</xmin>
			<ymin>349</ymin>
			<xmax>2084</xmax>
			<ymax>1400</ymax>
		</bndbox>
	</object>
	<object>
		<name>참치마요삼각김밥</name>
		<bndbox>
			<xmin>900</xmin>
			<ymin>541</ymin>
			<xmax>1828</xmax>
			<ymax>1192</ymax>
		</bndbox>
	</object>
</annotation>