<annotation>
	<folder>side주먹밥김밥류접시참치마요삼각김밥q4</folder>
	<filename>side_주먹밥김밥류_접시_참치마요삼각김밥_Q4_00007.JPG</filename>
	<path>/side주먹밥김밥류접시참치마요삼각김밥q4/side_주먹밥김밥류_접시_참치마요삼각김밥_Q4_00007.JPG</path>
	<source>
		<database>fooddata</database>
	</source>
	<size>
		<width>3008</width>
		<height>2000</height>
		<depth>3</depth>
	</size>
	<object>
		<name>ref_spoon</name>
		<bndbox>
			<xmin>1944</xmin>
			<ymin>194</ymin>
			<xmax>2275</xmax>
			<ymax>663</ymax>
		</bndbox>
	</object>
	<object>
		<name>ref_fork</name>
		<bndbox>
			<xmin>2354</xmin>
			<ymin>211</ymin>
			<xmax>2583</xmax>
			<ymax>757</ymax>
		</bndbox>
	</object>
	<object>
		<name>ref_coin</name>
		<bndbox>
			<xmin>494</xmin>
			<ymin>1351</ymin>
			<xmax>769</xmax>
			<ymax>1577</ymax>
		</bndbox>
	</object>
	<object>
		<name>dish</name>
		<bndbox>
			<xmin>384</xmin>
			<ymin>241</ymin>
			<xmax>1801</xmax>
			<ymax>1312</ymax>
		</bndbox>
	</object>
	<object>
		<name>참치마요삼각김밥</name>
		<bndbox>
			<xmin>484</xmin>
			<ymin>307</ymin>
			<xmax>1325</xmax>
			<ymax>1015</ymax>
		</bndbox>
	</object>
</annotation>