<annotation>
	<folder>top주먹밥김밥류접시참치마요삼각김밥q4</folder>
	<filename>top_주먹밥김밥류_접시_참치마요삼각김밥_Q4_00025.JPG</filename>
	<path>/top주먹밥김밥류접시참치마요삼각김밥q4/top_주먹밥김밥류_접시_참치마요삼각김밥_Q4_00025.JPG</path>
	<source>
		<database>fooddata</database>
	</source>
	<size>
		<width>3008</width>
		<height>2000</height>
		<depth>3</depth>
	</size>
	<object>
		<name>ref_spoon</name>
		<bndbox>
			<xmin>757</xmin>
			<ymin>1550</ymin>
			<xmax>1268</xmax>
			<ymax>1804</ymax>
		</bndbox>
	</object>
	<object>
		<name>ref_fork</name>
		<bndbox>
			<xmin>741</xmin>
			<ymin>1289</ymin>
			<xmax>1256</xmax>
			<ymax>1467</ymax>
		</bndbox>
	</object>
	<object>
		<name>ref_coin</name>
		<bndbox>
			<xmin>1866</xmin>
			<ymin>729</ymin>
			<xmax>2028</xmax>
			<ymax>904</ymax>
		</bndbox>
	</object>
	<object>
		<name>dish</name>
		<bndbox>
			<xmin>766</xmin>
			<ymin>150</ymin>
			<xmax>1743</xmax>
			<ymax>1100</ymax>
		</bndbox>
	</object>
	<object>
		<name>참치마요삼각김밥</name>
		<bndbox>
			<xmin>1109</xmin>
			<ymin>325</ymin>
			<xmax>1526</xmax>
			<ymax>928</ymax>
		</bndbox>
	</object>
</annotation>