<annotation>
	<folder>top주먹밥김밥류접시참치마요삼각김밥q4</folder>
	<filename>top_주먹밥김밥류_접시_참치마요삼각김밥_Q4_00013.JPG</filename>
	<path>/top주먹밥김밥류접시참치마요삼각김밥q4/top_주먹밥김밥류_접시_참치마요삼각김밥_Q4_00013.JPG</path>
	<source>
		<database>fooddata</database>
	</source>
	<size>
		<width>3008</width>
		<height>2000</height>
		<depth>3</depth>
	</size>
	<object>
		<name>ref_spoon</name>
		<bndbox>
			<xmin>1789</xmin>
			<ymin>214</ymin>
			<xmax>2058</xmax>
			<ymax>741</ymax>
		</bndbox>
	</object>
	<object>
		<name>ref_fork</name>
		<bndbox>
			<xmin>2215</xmin>
			<ymin>248</ymin>
			<xmax>2429</xmax>
			<ymax>753</ymax>
		</bndbox>
	</object>
	<object>
		<name>ref_coin</name>
		<bndbox>
			<xmin>1302</xmin>
			<ymin>1565</ymin>
			<xmax>1507</xmax>
			<ymax>1777</ymax>
		</bndbox>
	</object>
	<object>
		<name>dish</name>
		<bndbox>
			<xmin>496</xmin>
			<ymin>374</ymin>
			<xmax>1602</xmax>
			<ymax>1455</ymax>
		</bndbox>
	</object>
	<object>
		<name>참치마요삼각김밥</name>
		<bndbox>
			<xmin>720</xmin>
			<ymin>726</ymin>
			<xmax>1418</xmax>
			<ymax>1237</ymax>
		</bndbox>
	</object>
</annotation>