<annotation>
	<folder>top주먹밥김밥류접시참치마요삼각김밥q4</folder>
	<filename>top_주먹밥김밥류_접시_참치마요삼각김밥_Q4_00026.JPG</filename>
	<path>/top주먹밥김밥류접시참치마요삼각김밥q4/top_주먹밥김밥류_접시_참치마요삼각김밥_Q4_00026.JPG</path>
	<source>
		<database>fooddata</database>
	</source>
	<size>
		<width>3008</width>
		<height>2000</height>
		<depth>3</depth>
	</size>
	<object>
		<name>ref_spoon</name>
		<bndbox>
			<xmin>830</xmin>
			<ymin>1476</ymin>
			<xmax>1253</xmax>
			<ymax>1731</ymax>
		</bndbox>
	</object>
	<object>
		<name>ref_fork</name>
		<bndbox>
			<xmin>812</xmin>
			<ymin>1216</ymin>
			<xmax>1274</xmax>
			<ymax>1397</ymax>
		</bndbox>
	</object>
	<object>
		<name>ref_coin</name>
		<bndbox>
			<xmin>1829</xmin>
			<ymin>904</ymin>
			<xmax>2006</xmax>
			<ymax>1072</ymax>
		</bndbox>
	</object>
	<object>
		<name>dish</name>
		<bndbox>
			<xmin>882</xmin>
			<ymin>64</ymin>
			<xmax>1859</xmax>
			<ymax>1020</ymax>
		</bndbox>
	</object>
	<object>
		<name>참치마요삼각김밥</name>
		<bndbox>
			<xmin>1274</xmin>
			<ymin>263</ymin>
			<xmax>1559</xmax>
			<ymax>888</ymax>
		</bndbox>
	</object>
</annotation>