<annotation>
	<folder>top주먹밥김밥류접시참치마요삼각김밥q4</folder>
	<filename>top_주먹밥김밥류_접시_참치마요삼각김밥_Q4_00006.JPG</filename>
	<path>/top주먹밥김밥류접시참치마요삼각김밥q4/top_주먹밥김밥류_접시_참치마요삼각김밥_Q4_00006.JPG</path>
	<source>
		<database>fooddata</database>
	</source>
	<size>
		<width>3008</width>
		<height>2000</height>
		<depth>3</depth>
	</size>
	<object>
		<name>ref_spoon</name>
		<bndbox>
			<xmin>1911</xmin>
			<ymin>245</ymin>
			<xmax>2178</xmax>
			<ymax>735</ymax>
		</bndbox>
	</object>
	<object>
		<name>ref_fork</name>
		<bndbox>
			<xmin>2346</xmin>
			<ymin>279</ymin>
			<xmax>2564</xmax>
			<ymax>900</ymax>
		</bndbox>
	</object>
	<object>
		<name>ref_coin</name>
		<bndbox>
			<xmin>417</xmin>
			<ymin>1008</ymin>
			<xmax>625</xmax>
			<ymax>1210</ymax>
		</bndbox>
	</object>
	<object>
		<name>dish</name>
		<bndbox>
			<xmin>686</xmin>
			<ymin>435</ymin>
			<xmax>1807</xmax>
			<ymax>1568</ymax>
		</bndbox>
	</object>
	<object>
		<name>참치마요삼각김밥</name>
		<bndbox>
			<xmin>836</xmin>
			<ymin>591</ymin>
			<xmax>1498</xmax>
			<ymax>1185</ymax>
		</bndbox>
	</object>
</annotation>