<annotation>
	<folder>top주먹밥김밥류접시참치마요삼각김밥q4</folder>
	<filename>top_주먹밥김밥류_접시_참치마요삼각김밥_Q4_00004.JPG</filename>
	<path>/top주먹밥김밥류접시참치마요삼각김밥q4/top_주먹밥김밥류_접시_참치마요삼각김밥_Q4_00004.JPG</path>
	<source>
		<database>fooddata</database>
	</source>
	<size>
		<width>3008</width>
		<height>2000</height>
		<depth>3</depth>
	</size>
	<object>
		<name>ref_spoon</name>
		<bndbox>
			<xmin>1792</xmin>
			<ymin>184</ymin>
			<xmax>2077</xmax>
			<ymax>707</ymax>
		</bndbox>
	</object>
	<object>
		<name>ref_fork</name>
		<bndbox>
			<xmin>2255</xmin>
			<ymin>208</ymin>
			<xmax>2457</xmax>
			<ymax>760</ymax>
		</bndbox>
	</object>
	<object>
		<name>ref_coin</name>
		<bndbox>
			<xmin>720</xmin>
			<ymin>1525</ymin>
			<xmax>928</xmax>
			<ymax>1743</ymax>
		</bndbox>
	</object>
	<object>
		<name>dish</name>
		<bndbox>
			<xmin>472</xmin>
			<ymin>364</ymin>
			<xmax>1627</xmax>
			<ymax>1498</ymax>
		</bndbox>
	</object>
	<object>
		<name>참치마요삼각김밥</name>
		<bndbox>
			<xmin>671</xmin>
			<ymin>505</ymin>
			<xmax>1287</xmax>
			<ymax>1216</ymax>
		</bndbox>
	</object>
</annotation>