<annotation>
	<folder>top주먹밥김밥류접시참치마요삼각김밥q4</folder>
	<filename>top_주먹밥김밥류_접시_참치마요삼각김밥_Q4_00002.JPG</filename>
	<path>/top주먹밥김밥류접시참치마요삼각김밥q4/top_주먹밥김밥류_접시_참치마요삼각김밥_Q4_00002.JPG</path>
	<source>
		<database>fooddata</database>
	</source>
	<size>
		<width>3008</width>
		<height>2000</height>
		<depth>3</depth>
	</size>
	<object>
		<name>ref_spoon</name>
		<bndbox>
			<xmin>1774</xmin>
			<ymin>171</ymin>
			<xmax>2049</xmax>
			<ymax>683</ymax>
		</bndbox>
	</object>
	<object>
		<name>ref_fork</name>
		<bndbox>
			<xmin>2227</xmin>
			<ymin>190</ymin>
			<xmax>2432</xmax>
			<ymax>732</ymax>
		</bndbox>
	</object>
	<object>
		<name>ref_coin</name>
		<bndbox>
			<xmin>1235</xmin>
			<ymin>1562</ymin>
			<xmax>1449</xmax>
			<ymax>1780</ymax>
		</bndbox>
	</object>
	<object>
		<name>dish</name>
		<bndbox>
			<xmin>420</xmin>
			<ymin>303</ymin>
			<xmax>1571</xmax>
			<ymax>1446</ymax>
		</bndbox>
	</object>
	<object>
		<name>참치마요삼각김밥</name>
		<bndbox>
			<xmin>518</xmin>
			<ymin>643</ymin>
			<xmax>1244</xmax>
			<ymax>1280</ymax>
		</bndbox>
	</object>
</annotation>