<annotation>
	<folder>top주먹밥김밥류접시참치마요삼각김밥q4</folder>
	<filename>top_주먹밥김밥류_접시_참치마요삼각김밥_Q4_00037.JPG</filename>
	<path>/top주먹밥김밥류접시참치마요삼각김밥q4/top_주먹밥김밥류_접시_참치마요삼각김밥_Q4_00037.JPG</path>
	<source>
		<database>fooddata</database>
	</source>
	<size>
		<width>3008</width>
		<height>2000</height>
		<depth>3</depth>
	</size>
	<object>
		<name>ref_spoon</name>
		<bndbox>
			<xmin>294</xmin>
			<ymin>245</ymin>
			<xmax>613</xmax>
			<ymax>821</ymax>
		</bndbox>
	</object>
	<object>
		<name>ref_fork</name>
		<bndbox>
			<xmin>702</xmin>
			<ymin>239</ymin>
			<xmax>931</xmax>
			<ymax>864</ymax>
		</bndbox>
	</object>
	<object>
		<name>ref_coin</name>
		<bndbox>
			<xmin>2457</xmin>
			<ymin>1296</ymin>
			<xmax>2686</xmax>
			<ymax>1519</ymax>
		</bndbox>
	</object>
	<object>
		<name>dish</name>
		<bndbox>
			<xmin>1026</xmin>
			<ymin>273</ymin>
			<xmax>2322</xmax>
			<ymax>1541</ymax>
		</bndbox>
	</object>
	<object>
		<name>참치마요삼각김밥</name>
		<bndbox>
			<xmin>1253</xmin>
			<ymin>631</ymin>
			<xmax>2062</xmax>
			<ymax>1170</ymax>
		</bndbox>
	</object>
</annotation>