<annotation>
	<folder>top주먹밥김밥류접시참치마요삼각김밥q4_재작업</folder>
	<filename>top_주먹밥김밥류_접시_참치마요삼각김밥_Q4_00045.JPG</filename>
	<path>/top주먹밥김밥류접시참치마요삼각김밥q4/top_주먹밥김밥류_접시_참치마요삼각김밥_Q4_00045.JPG</path>
	<source>
		<database>fooddata</database>
	</source>
	<size>
		<width>3008</width>
		<height>2000</height>
		<depth>3</depth>
	</size>
	<object>
		<name>ref_spoon</name>
		<bndbox>
			<xmin>286</xmin>
			<ymin>449</ymin>
			<xmax>603</xmax>
			<ymax>962</ymax>
		</bndbox>
	</object>
	<object>
		<name>ref_fork</name>
		<bndbox>
			<xmin>709</xmin>
			<ymin>465</ymin>
			<xmax>912</xmax>
			<ymax>1036</ymax>
		</bndbox>
	</object>
	<object>
		<name>ref_coin</name>
		<bndbox>
			<xmin>814</xmin>
			<ymin>114</ymin>
			<xmax>1034</xmax>
			<ymax>328</ymax>
		</bndbox>
	</object>
	<object>
		<name>dish</name>
		<bndbox>
			<xmin>1071</xmin>
			<ymin>555</ymin>
			<xmax>2357</xmax>
			<ymax>1834</ymax>
		</bndbox>
	</object>
	<object>
		<name>참치마요삼각김밥</name>
		<bndbox>
			<xmin>1382</xmin>
			<ymin>774</ymin>
			<xmax>2120</xmax>
			<ymax>1271</ymax>
		</bndbox>
	</object>
</annotation>