<annotation>
	<folder>side어육류면적접시훈제오리q3</folder>
	<filename>side_어육류면적_접시_훈제오리_Q3_00032.JPG</filename>
	<path>/side어육류면적접시훈제오리q3/side_어육류면적_접시_훈제오리_Q3_00032.JPG</path>
	<source>
		<database>fooddata</database>
	</source>
	<size>
		<width>5472</width>
		<height>3648</height>
		<depth>3</depth>
	</size>
	<object>
		<name>ref_spoon</name>
		<bndbox>
			<xmin>693</xmin>
			<ymin>592</ymin>
			<xmax>1235</xmax>
			<ymax>1392</ymax>
		</bndbox>
	</object>
	<object>
		<name>ref_fork</name>
		<bndbox>
			<xmin>1337</xmin>
			<ymin>667</ymin>
			<xmax>1740</xmax>
			<ymax>1590</ymax>
		</bndbox>
	</object>
	<object>
		<name>ref_coin</name>
		<bndbox>
			<xmin>4876</xmin>
			<ymin>2041</ymin>
			<xmax>5311</xmax>
			<ymax>2374</ymax>
		</bndbox>
	</object>
	<object>
		<name>dish</name>
		<bndbox>
			<xmin>1869</xmin>
			<ymin>774</ymin>
			<xmax>4607</xmax>
			<ymax>2772</ymax>
		</bndbox>
	</object>
	<object>
		<name>훈제오리</name>
		<bndbox>
			<xmin>2535</xmin>
			<ymin>1215</ymin>
			<xmax>4087</xmax>
			<ymax>2267</ymax>
		</bndbox>
	</object>
</annotation>