<annotation>
	<folder>side어육류면적접시훈제오리q3</folder>
	<filename>side_어육류면적_접시_훈제오리_Q3_00045.JPG</filename>
	<path>/side어육류면적접시훈제오리q3/side_어육류면적_접시_훈제오리_Q3_00045.JPG</path>
	<source>
		<database>fooddata</database>
	</source>
	<size>
		<width>5472</width>
		<height>3648</height>
		<depth>3</depth>
	</size>
	<object>
		<name>ref_spoon</name>
		<bndbox>
			<xmin>644</xmin>
			<ymin>549</ymin>
			<xmax>1192</xmax>
			<ymax>1376</ymax>
		</bndbox>
	</object>
	<object>
		<name>ref_fork</name>
		<bndbox>
			<xmin>1289</xmin>
			<ymin>640</ymin>
			<xmax>1697</xmax>
			<ymax>1537</ymax>
		</bndbox>
	</object>
	<object>
		<name>ref_coin</name>
		<bndbox>
			<xmin>3813</xmin>
			<ymin>522</ymin>
			<xmax>4205</xmax>
			<ymax>790</ymax>
		</bndbox>
	</object>
	<object>
		<name>dish</name>
		<bndbox>
			<xmin>1804</xmin>
			<ymin>774</ymin>
			<xmax>4570</xmax>
			<ymax>2777</ymax>
		</bndbox>
	</object>
	<object>
		<name>훈제오리</name>
		<bndbox>
			<xmin>2459</xmin>
			<ymin>1193</ymin>
			<xmax>3995</xmax>
			<ymax>2337</ymax>
		</bndbox>
	</object>
</annotation>