<annotation>
	<folder>side어육류면적접시훈제오리q3</folder>
	<filename>side_어육류면적_접시_훈제오리_Q3_00051.JPG</filename>
	<path>/side어육류면적접시훈제오리q3/side_어육류면적_접시_훈제오리_Q3_00051.JPG</path>
	<source>
		<database>fooddata</database>
	</source>
	<size>
		<width>5472</width>
		<height>3648</height>
		<depth>3</depth>
	</size>
	<object>
		<name>ref_spoon</name>
		<bndbox>
			<xmin>639</xmin>
			<ymin>328</ymin>
			<xmax>1208</xmax>
			<ymax>1107</ymax>
		</bndbox>
	</object>
	<object>
		<name>ref_fork</name>
		<bndbox>
			<xmin>1289</xmin>
			<ymin>420</ymin>
			<xmax>1718</xmax>
			<ymax>1322</ymax>
		</bndbox>
	</object>
	<object>
		<name>ref_coin</name>
		<bndbox>
			<xmin>4634</xmin>
			<ymin>2095</ymin>
			<xmax>5075</xmax>
			<ymax>2439</ymax>
		</bndbox>
	</object>
	<object>
		<name>dish</name>
		<bndbox>
			<xmin>1815</xmin>
			<ymin>549</ymin>
			<xmax>4597</xmax>
			<ymax>2573</ymax>
		</bndbox>
	</object>
	<object>
		<name>훈제오리</name>
		<bndbox>
			<xmin>2384</xmin>
			<ymin>925</ymin>
			<xmax>4049</xmax>
			<ymax>2262</ymax>
		</bndbox>
	</object>
</annotation>