<annotation>
	<folder>side어육류면적접시훈제오리q3</folder>
	<filename>side_어육류면적_접시_훈제오리_Q3_00039.JPG</filename>
	<path>/side어육류면적접시훈제오리q3/side_어육류면적_접시_훈제오리_Q3_00039.JPG</path>
	<source>
		<database>fooddata</database>
	</source>
	<size>
		<width>5472</width>
		<height>3648</height>
		<depth>3</depth>
	</size>
	<object>
		<name>ref_spoon</name>
		<bndbox>
			<xmin>666</xmin>
			<ymin>350</ymin>
			<xmax>1208</xmax>
			<ymax>1134</ymax>
		</bndbox>
	</object>
	<object>
		<name>ref_fork</name>
		<bndbox>
			<xmin>1310</xmin>
			<ymin>425</ymin>
			<xmax>1718</xmax>
			<ymax>1333</ymax>
		</bndbox>
	</object>
	<object>
		<name>ref_coin</name>
		<bndbox>
			<xmin>3780</xmin>
			<ymin>2799</ymin>
			<xmax>4226</xmax>
			<ymax>3169</ymax>
		</bndbox>
	</object>
	<object>
		<name>dish</name>
		<bndbox>
			<xmin>1842</xmin>
			<ymin>538</ymin>
			<xmax>4586</xmax>
			<ymax>2541</ymax>
		</bndbox>
	</object>
	<object>
		<name>훈제오리</name>
		<bndbox>
			<xmin>2588</xmin>
			<ymin>925</ymin>
			<xmax>4033</xmax>
			<ymax>2294</ymax>
		</bndbox>
	</object>
</annotation>