<annotation>
	<folder>side어육류면적접시훈제오리q3</folder>
	<filename>side_어육류면적_접시_훈제오리_Q3_00035.JPG</filename>
	<path>/side어육류면적접시훈제오리q3/side_어육류면적_접시_훈제오리_Q3_00035.JPG</path>
	<source>
		<database>fooddata</database>
	</source>
	<size>
		<width>5472</width>
		<height>3648</height>
		<depth>3</depth>
	</size>
	<object>
		<name>ref_spoon</name>
		<bndbox>
			<xmin>698</xmin>
			<ymin>441</ymin>
			<xmax>1246</xmax>
			<ymax>1215</ymax>
		</bndbox>
	</object>
	<object>
		<name>ref_fork</name>
		<bndbox>
			<xmin>1353</xmin>
			<ymin>516</ymin>
			<xmax>1751</xmax>
			<ymax>1376</ymax>
		</bndbox>
	</object>
	<object>
		<name>ref_coin</name>
		<bndbox>
			<xmin>4500</xmin>
			<ymin>871</ymin>
			<xmax>4887</xmax>
			<ymax>1150</ymax>
		</bndbox>
	</object>
	<object>
		<name>dish</name>
		<bndbox>
			<xmin>1869</xmin>
			<ymin>645</ymin>
			<xmax>4607</xmax>
			<ymax>2621</ymax>
		</bndbox>
	</object>
	<object>
		<name>훈제오리</name>
		<bndbox>
			<xmin>2578</xmin>
			<ymin>1043</ymin>
			<xmax>4199</xmax>
			<ymax>2353</ymax>
		</bndbox>
	</object>
</annotation>