<annotation>
	<folder>side어육류면적접시훈제오리q3</folder>
	<filename>side_어육류면적_접시_훈제오리_Q3_00025.JPG</filename>
	<path>/side어육류면적접시훈제오리q3/side_어육류면적_접시_훈제오리_Q3_00025.JPG</path>
	<source>
		<database>fooddata</database>
	</source>
	<size>
		<width>5472</width>
		<height>3648</height>
		<depth>3</depth>
	</size>
	<object>
		<name>ref_spoon</name>
		<bndbox>
			<xmin>1187</xmin>
			<ymin>527</ymin>
			<xmax>1718</xmax>
			<ymax>1343</ymax>
		</bndbox>
	</object>
	<object>
		<name>ref_fork</name>
		<bndbox>
			<xmin>1815</xmin>
			<ymin>602</ymin>
			<xmax>2212</xmax>
			<ymax>1515</ymax>
		</bndbox>
	</object>
	<object>
		<name>ref_coin</name>
		<bndbox>
			<xmin>2975</xmin>
			<ymin>2954</ymin>
			<xmax>3410</xmax>
			<ymax>3314</ymax>
		</bndbox>
	</object>
	<object>
		<name>dish</name>
		<bndbox>
			<xmin>2336</xmin>
			<ymin>710</ymin>
			<xmax>5064</xmax>
			<ymax>2686</ymax>
		</bndbox>
	</object>
	<object>
		<name>훈제오리</name>
		<bndbox>
			<xmin>2900</xmin>
			<ymin>1231</ymin>
			<xmax>4607</xmax>
			<ymax>2374</ymax>
		</bndbox>
	</object>
</annotation>