<annotation>
	<folder>side어육류면적접시훈제오리q3</folder>
	<filename>side_어육류면적_접시_훈제오리_Q3_00007.JPG</filename>
	<path>/side어육류면적접시훈제오리q3/side_어육류면적_접시_훈제오리_Q3_00007.JPG</path>
	<source>
		<database>fooddata</database>
	</source>
	<size>
		<width>5472</width>
		<height>3648</height>
		<depth>3</depth>
	</size>
	<object>
		<name>ref_spoon</name>
		<bndbox>
			<xmin>4108</xmin>
			<ymin>763</ymin>
			<xmax>4661</xmax>
			<ymax>1682</ymax>
		</bndbox>
	</object>
	<object>
		<name>ref_fork</name>
		<bndbox>
			<xmin>4865</xmin>
			<ymin>865</ymin>
			<xmax>5246</xmax>
			<ymax>1837</ymax>
		</bndbox>
	</object>
	<object>
		<name>ref_coin</name>
		<bndbox>
			<xmin>328</xmin>
			<ymin>1837</ymin>
			<xmax>773</xmax>
			<ymax>2165</ymax>
		</bndbox>
	</object>
	<object>
		<name>dish</name>
		<bndbox>
			<xmin>1047</xmin>
			<ymin>484</ymin>
			<xmax>3861</xmax>
			<ymax>2471</ymax>
		</bndbox>
	</object>
	<object>
		<name>훈제오리</name>
		<bndbox>
			<xmin>1815</xmin>
			<ymin>839</ymin>
			<xmax>3378</xmax>
			<ymax>2160</ymax>
		</bndbox>
	</object>
</annotation>