<annotation>
	<folder>side어육류면적접시훈제오리q3</folder>
	<filename>side_어육류면적_접시_훈제오리_Q3_00012.JPG</filename>
	<path>/side어육류면적접시훈제오리q3/side_어육류면적_접시_훈제오리_Q3_00012.JPG</path>
	<source>
		<database>fooddata</database>
	</source>
	<size>
		<width>5472</width>
		<height>3648</height>
		<depth>3</depth>
	</size>
	<object>
		<name>ref_spoon</name>
		<bndbox>
			<xmin>1493</xmin>
			<ymin>2638</ymin>
			<xmax>2653</xmax>
			<ymax>3201</ymax>
		</bndbox>
	</object>
	<object>
		<name>ref_fork</name>
		<bndbox>
			<xmin>1638</xmin>
			<ymin>2192</ymin>
			<xmax>2911</xmax>
			<ymax>2670</ymax>
		</bndbox>
	</object>
	<object>
		<name>ref_coin</name>
		<bndbox>
			<xmin>4436</xmin>
			<ymin>2036</ymin>
			<xmax>4881</xmax>
			<ymax>2401</ymax>
		</bndbox>
	</object>
	<object>
		<name>dish</name>
		<bndbox>
			<xmin>1740</xmin>
			<ymin>248</ymin>
			<xmax>4591</xmax>
			<ymax>2246</ymax>
		</bndbox>
	</object>
	<object>
		<name>훈제오리</name>
		<bndbox>
			<xmin>2293</xmin>
			<ymin>710</ymin>
			<xmax>3845</xmax>
			<ymax>1999</ymax>
		</bndbox>
	</object>
</annotation>