<annotation>
	<folder>side어육류면적접시훈제오리q3</folder>
	<filename>side_어육류면적_접시_훈제오리_Q3_00009.JPG</filename>
	<path>/side어육류면적접시훈제오리q3/side_어육류면적_접시_훈제오리_Q3_00009.JPG</path>
	<source>
		<database>fooddata</database>
	</source>
	<size>
		<width>5472</width>
		<height>3648</height>
		<depth>3</depth>
	</size>
	<object>
		<name>ref_spoon</name>
		<bndbox>
			<xmin>3925</xmin>
			<ymin>753</ymin>
			<xmax>4462</xmax>
			<ymax>1612</ymax>
		</bndbox>
	</object>
	<object>
		<name>ref_fork</name>
		<bndbox>
			<xmin>4667</xmin>
			<ymin>839</ymin>
			<xmax>5053</xmax>
			<ymax>1794</ymax>
		</bndbox>
	</object>
	<object>
		<name>ref_coin</name>
		<bndbox>
			<xmin>516</xmin>
			<ymin>763</ymin>
			<xmax>918</xmax>
			<ymax>1064</ymax>
		</bndbox>
	</object>
	<object>
		<name>dish</name>
		<bndbox>
			<xmin>993</xmin>
			<ymin>645</ymin>
			<xmax>3829</xmax>
			<ymax>2654</ymax>
		</bndbox>
	</object>
	<object>
		<name>훈제오리</name>
		<bndbox>
			<xmin>1697</xmin>
			<ymin>1086</ymin>
			<xmax>3184</xmax>
			<ymax>2364</ymax>
		</bndbox>
	</object>
</annotation>