<annotation>
	<folder>side어육류면적접시훈제오리q3</folder>
	<filename>side_어육류면적_접시_훈제오리_Q3_00030.JPG</filename>
	<path>/side어육류면적접시훈제오리q3/side_어육류면적_접시_훈제오리_Q3_00030.JPG</path>
	<source>
		<database>fooddata</database>
	</source>
	<size>
		<width>5472</width>
		<height>3648</height>
		<depth>3</depth>
	</size>
	<object>
		<name>ref_spoon</name>
		<bndbox>
			<xmin>789</xmin>
			<ymin>597</ymin>
			<xmax>1332</xmax>
			<ymax>1429</ymax>
		</bndbox>
	</object>
	<object>
		<name>ref_fork</name>
		<bndbox>
			<xmin>1428</xmin>
			<ymin>672</ymin>
			<xmax>1837</xmax>
			<ymax>1585</ymax>
		</bndbox>
	</object>
	<object>
		<name>ref_coin</name>
		<bndbox>
			<xmin>4683</xmin>
			<ymin>2675</ymin>
			<xmax>5128</xmax>
			<ymax>3024</ymax>
		</bndbox>
	</object>
	<object>
		<name>dish</name>
		<bndbox>
			<xmin>1955</xmin>
			<ymin>785</ymin>
			<xmax>4704</xmax>
			<ymax>2777</ymax>
		</bndbox>
	</object>
	<object>
		<name>훈제오리</name>
		<bndbox>
			<xmin>2255</xmin>
			<ymin>1161</ymin>
			<xmax>4183</xmax>
			<ymax>2213</ymax>
		</bndbox>
	</object>
</annotation>