<annotation>
	<folder>top어육류면적접시훈제오리q3</folder>
	<filename>top_어육류면적_접시_훈제오리_Q3_00039.JPG</filename>
	<path>/top어육류면적접시훈제오리q3/top_어육류면적_접시_훈제오리_Q3_00039.JPG</path>
	<source>
		<database>fooddata</database>
	</source>
	<size>
		<width>5472</width>
		<height>3648</height>
		<depth>3</depth>
	</size>
	<object>
		<name>ref_spoon</name>
		<bndbox>
			<xmin>863</xmin>
			<ymin>586</ymin>
			<xmax>1319</xmax>
			<ymax>1449</ymax>
		</bndbox>
	</object>
	<object>
		<name>ref_fork</name>
		<bndbox>
			<xmin>1433</xmin>
			<ymin>668</ymin>
			<xmax>1759</xmax>
			<ymax>1596</ymax>
		</bndbox>
	</object>
	<object>
		<name>ref_coin</name>
		<bndbox>
			<xmin>3632</xmin>
			<ymin>212</ymin>
			<xmax>4023</xmax>
			<ymax>537</ymax>
		</bndbox>
	</object>
	<object>
		<name>dish</name>
		<bndbox>
			<xmin>2541</xmin>
			<ymin>798</ymin>
			<xmax>5016</xmax>
			<ymax>3208</ymax>
		</bndbox>
	</object>
	<object>
		<name>훈제오리</name>
		<bndbox>
			<xmin>2899</xmin>
			<ymin>1319</ymin>
			<xmax>4609</xmax>
			<ymax>2671</ymax>
		</bndbox>
	</object>
</annotation>