<annotation>
	<folder>top어육류면적접시훈제오리q3</folder>
	<filename>top_어육류면적_접시_훈제오리_Q3_00015.JPG</filename>
	<path>/top어육류면적접시훈제오리q3/top_어육류면적_접시_훈제오리_Q3_00015.JPG</path>
	<source>
		<database>fooddata</database>
	</source>
	<size>
		<width>5472</width>
		<height>3648</height>
		<depth>3</depth>
	</size>
	<object>
		<name>ref_spoon</name>
		<bndbox>
			<xmin>1677</xmin>
			<ymin>2720</ymin>
			<xmax>2492</xmax>
			<ymax>3241</ymax>
		</bndbox>
	</object>
	<object>
		<name>ref_fork</name>
		<bndbox>
			<xmin>1759</xmin>
			<ymin>2345</ymin>
			<xmax>2606</xmax>
			<ymax>2703</ymax>
		</bndbox>
	</object>
	<object>
		<name>ref_coin</name>
		<bndbox>
			<xmin>4071</xmin>
			<ymin>831</ymin>
			<xmax>4413</xmax>
			<ymax>1156</ymax>
		</bndbox>
	</object>
	<object>
		<name>dish</name>
		<bndbox>
			<xmin>1629</xmin>
			<ymin>130</ymin>
			<xmax>3843</xmax>
			<ymax>2280</ymax>
		</bndbox>
	</object>
	<object>
		<name>훈제오리</name>
		<bndbox>
			<xmin>2231</xmin>
			<ymin>521</ymin>
			<xmax>3453</xmax>
			<ymax>1857</ymax>
		</bndbox>
	</object>
</annotation>