<annotation>
	<folder>top어육류면적접시훈제오리q3</folder>
	<filename>top_어육류면적_접시_훈제오리_Q3_00033.JPG</filename>
	<path>/top어육류면적접시훈제오리q3/top_어육류면적_접시_훈제오리_Q3_00033.JPG</path>
	<source>
		<database>fooddata</database>
	</source>
	<size>
		<width>5472</width>
		<height>3648</height>
		<depth>3</depth>
	</size>
	<object>
		<name>ref_spoon</name>
		<bndbox>
			<xmin>505</xmin>
			<ymin>505</ymin>
			<xmax>961</xmax>
			<ymax>1384</ymax>
		</bndbox>
	</object>
	<object>
		<name>ref_fork</name>
		<bndbox>
			<xmin>1107</xmin>
			<ymin>537</ymin>
			<xmax>1417</xmax>
			<ymax>1515</ymax>
		</bndbox>
	</object>
	<object>
		<name>ref_coin</name>
		<bndbox>
			<xmin>4788</xmin>
			<ymin>1433</ymin>
			<xmax>5114</xmax>
			<ymax>1791</ymax>
		</bndbox>
	</object>
	<object>
		<name>dish</name>
		<bndbox>
			<xmin>2215</xmin>
			<ymin>635</ymin>
			<xmax>4625</xmax>
			<ymax>3013</ymax>
		</bndbox>
	</object>
	<object>
		<name>훈제오리</name>
		<bndbox>
			<xmin>2736</xmin>
			<ymin>1189</ymin>
			<xmax>4120</xmax>
			<ymax>2687</ymax>
		</bndbox>
	</object>
</annotation>