<annotation>
	<folder>top어육류면적접시훈제오리q3</folder>
	<filename>top_어육류면적_접시_훈제오리_Q3_00029.JPG</filename>
	<path>/top어육류면적접시훈제오리q3/top_어육류면적_접시_훈제오리_Q3_00029.JPG</path>
	<source>
		<database>fooddata</database>
	</source>
	<size>
		<width>5472</width>
		<height>3648</height>
		<depth>3</depth>
	</size>
	<object>
		<name>ref_spoon</name>
		<bndbox>
			<xmin>554</xmin>
			<ymin>472</ymin>
			<xmax>1059</xmax>
			<ymax>1352</ymax>
		</bndbox>
	</object>
	<object>
		<name>ref_fork</name>
		<bndbox>
			<xmin>1156</xmin>
			<ymin>505</ymin>
			<xmax>1498</xmax>
			<ymax>1466</ymax>
		</bndbox>
	</object>
	<object>
		<name>ref_coin</name>
		<bndbox>
			<xmin>4641</xmin>
			<ymin>2638</ymin>
			<xmax>5032</xmax>
			<ymax>3045</ymax>
		</bndbox>
	</object>
	<object>
		<name>dish</name>
		<bndbox>
			<xmin>2345</xmin>
			<ymin>586</ymin>
			<xmax>4772</xmax>
			<ymax>2964</ymax>
		</bndbox>
	</object>
	<object>
		<name>훈제오리</name>
		<bndbox>
			<xmin>2752</xmin>
			<ymin>1026</ymin>
			<xmax>4479</xmax>
			<ymax>2606</ymax>
		</bndbox>
	</object>
</annotation>