<annotation>
	<folder>top어육류면적접시훈제오리q3</folder>
	<filename>top_어육류면적_접시_훈제오리_Q3_00044.JPG</filename>
	<path>/top어육류면적접시훈제오리q3/top_어육류면적_접시_훈제오리_Q3_00044.JPG</path>
	<source>
		<database>fooddata</database>
	</source>
	<size>
		<width>5472</width>
		<height>3648</height>
		<depth>3</depth>
	</size>
	<object>
		<name>ref_spoon</name>
		<bndbox>
			<xmin>668</xmin>
			<ymin>114</ymin>
			<xmax>1107</xmax>
			<ymax>993</ymax>
		</bndbox>
	</object>
	<object>
		<name>ref_fork</name>
		<bndbox>
			<xmin>1270</xmin>
			<ymin>212</ymin>
			<xmax>1580</xmax>
			<ymax>1124</ymax>
		</bndbox>
	</object>
	<object>
		<name>ref_coin</name>
		<bndbox>
			<xmin>4413</xmin>
			<ymin>2720</ymin>
			<xmax>4821</xmax>
			<ymax>3094</ymax>
		</bndbox>
	</object>
	<object>
		<name>dish</name>
		<bndbox>
			<xmin>2394</xmin>
			<ymin>407</ymin>
			<xmax>4869</xmax>
			<ymax>2850</ymax>
		</bndbox>
	</object>
	<object>
		<name>훈제오리</name>
		<bndbox>
			<xmin>2817</xmin>
			<ymin>831</ymin>
			<xmax>4446</xmax>
			<ymax>2296</ymax>
		</bndbox>
	</object>
</annotation>