<annotation>
	<folder>top어육류면적접시훈제오리q3</folder>
	<filename>top_어육류면적_접시_훈제오리_Q3_00043.JPG</filename>
	<path>/top어육류면적접시훈제오리q3/top_어육류면적_접시_훈제오리_Q3_00043.JPG</path>
	<source>
		<database>fooddata</database>
	</source>
	<size>
		<width>5472</width>
		<height>3648</height>
		<depth>3</depth>
	</size>
	<object>
		<name>ref_spoon</name>
		<bndbox>
			<xmin>782</xmin>
			<ymin>179</ymin>
			<xmax>1221</xmax>
			<ymax>1042</ymax>
		</bndbox>
	</object>
	<object>
		<name>ref_fork</name>
		<bndbox>
			<xmin>1335</xmin>
			<ymin>244</ymin>
			<xmax>1645</xmax>
			<ymax>1189</ymax>
		</bndbox>
	</object>
	<object>
		<name>ref_coin</name>
		<bndbox>
			<xmin>4185</xmin>
			<ymin>2899</ymin>
			<xmax>4609</xmax>
			<ymax>3306</ymax>
		</bndbox>
	</object>
	<object>
		<name>dish</name>
		<bndbox>
			<xmin>2492</xmin>
			<ymin>440</ymin>
			<xmax>4967</xmax>
			<ymax>2850</ymax>
		</bndbox>
	</object>
	<object>
		<name>훈제오리</name>
		<bndbox>
			<xmin>3045</xmin>
			<ymin>912</ymin>
			<xmax>4495</xmax>
			<ymax>2313</ymax>
		</bndbox>
	</object>
</annotation>