<annotation>
	<folder>top어육류면적접시훈제오리q3</folder>
	<filename>top_어육류면적_접시_훈제오리_Q3_00013.JPG</filename>
	<path>/top어육류면적접시훈제오리q3/top_어육류면적_접시_훈제오리_Q3_00013.JPG</path>
	<source>
		<database>fooddata</database>
	</source>
	<size>
		<width>5472</width>
		<height>3648</height>
		<depth>3</depth>
	</size>
	<object>
		<name>ref_spoon</name>
		<bndbox>
			<xmin>1694</xmin>
			<ymin>2785</ymin>
			<xmax>2524</xmax>
			<ymax>3322</ymax>
		</bndbox>
	</object>
	<object>
		<name>ref_fork</name>
		<bndbox>
			<xmin>1759</xmin>
			<ymin>2361</ymin>
			<xmax>2638</xmax>
			<ymax>2752</ymax>
		</bndbox>
	</object>
	<object>
		<name>ref_coin</name>
		<bndbox>
			<xmin>4006</xmin>
			<ymin>1335</ymin>
			<xmax>4332</xmax>
			<ymax>1661</ymax>
		</bndbox>
	</object>
	<object>
		<name>dish</name>
		<bndbox>
			<xmin>1694</xmin>
			<ymin>163</ymin>
			<xmax>3925</xmax>
			<ymax>2361</ymax>
		</bndbox>
	</object>
	<object>
		<name>훈제오리</name>
		<bndbox>
			<xmin>2150</xmin>
			<ymin>635</ymin>
			<xmax>3567</xmax>
			<ymax>1775</ymax>
		</bndbox>
	</object>
</annotation>