<annotation>
	<folder>top어육류면적접시훈제오리q3</folder>
	<filename>top_어육류면적_접시_훈제오리_Q3_00023.JPG</filename>
	<path>/top어육류면적접시훈제오리q3/top_어육류면적_접시_훈제오리_Q3_00023.JPG</path>
	<source>
		<database>fooddata</database>
	</source>
	<size>
		<width>5472</width>
		<height>3648</height>
		<depth>3</depth>
	</size>
	<object>
		<name>ref_spoon</name>
		<bndbox>
			<xmin>651</xmin>
			<ymin>391</ymin>
			<xmax>1156</xmax>
			<ymax>1319</ymax>
		</bndbox>
	</object>
	<object>
		<name>ref_fork</name>
		<bndbox>
			<xmin>1270</xmin>
			<ymin>456</ymin>
			<xmax>1645</xmax>
			<ymax>1482</ymax>
		</bndbox>
	</object>
	<object>
		<name>ref_coin</name>
		<bndbox>
			<xmin>2980</xmin>
			<ymin>3208</ymin>
			<xmax>3355</xmax>
			<ymax>3615</ymax>
		</bndbox>
	</object>
	<object>
		<name>dish</name>
		<bndbox>
			<xmin>2492</xmin>
			<ymin>472</ymin>
			<xmax>5130</xmax>
			<ymax>3094</ymax>
		</bndbox>
	</object>
	<object>
		<name>훈제오리</name>
		<bndbox>
			<xmin>3013</xmin>
			<ymin>896</ymin>
			<xmax>4788</xmax>
			<ymax>2622</ymax>
		</bndbox>
	</object>
</annotation>