<annotation>
	<folder>top어육류면적접시훈제오리q3</folder>
	<filename>top_어육류면적_접시_훈제오리_Q3_00018.JPG</filename>
	<path>/top어육류면적접시훈제오리q3/top_어육류면적_접시_훈제오리_Q3_00018.JPG</path>
	<source>
		<database>fooddata</database>
	</source>
	<size>
		<width>5472</width>
		<height>3648</height>
		<depth>3</depth>
	</size>
	<object>
		<name>ref_spoon</name>
		<bndbox>
			<xmin>2215</xmin>
			<ymin>2866</ymin>
			<xmax>2964</xmax>
			<ymax>3339</ymax>
		</bndbox>
	</object>
	<object>
		<name>ref_fork</name>
		<bndbox>
			<xmin>2247</xmin>
			<ymin>2475</ymin>
			<xmax>3029</xmax>
			<ymax>2801</ymax>
		</bndbox>
	</object>
	<object>
		<name>ref_coin</name>
		<bndbox>
			<xmin>1596</xmin>
			<ymin>1938</ymin>
			<xmax>1938</xmax>
			<ymax>2264</ymax>
		</bndbox>
	</object>
	<object>
		<name>dish</name>
		<bndbox>
			<xmin>2019</xmin>
			<ymin>244</ymin>
			<xmax>4251</xmax>
			<ymax>2427</ymax>
		</bndbox>
	</object>
	<object>
		<name>훈제오리</name>
		<bndbox>
			<xmin>2427</xmin>
			<ymin>765</ymin>
			<xmax>3811</xmax>
			<ymax>1954</ymax>
		</bndbox>
	</object>
</annotation>