<annotation>
	<folder>top어육류면적접시훈제오리q3</folder>
	<filename>top_어육류면적_접시_훈제오리_Q3_00035.JPG</filename>
	<path>/top어육류면적접시훈제오리q3/top_어육류면적_접시_훈제오리_Q3_00035.JPG</path>
	<source>
		<database>fooddata</database>
	</source>
	<size>
		<width>5472</width>
		<height>3648</height>
		<depth>3</depth>
	</size>
	<object>
		<name>ref_spoon</name>
		<bndbox>
			<xmin>521</xmin>
			<ymin>440</ymin>
			<xmax>993</xmax>
			<ymax>1335</ymax>
		</bndbox>
	</object>
	<object>
		<name>ref_fork</name>
		<bndbox>
			<xmin>1140</xmin>
			<ymin>505</ymin>
			<xmax>1466</xmax>
			<ymax>1417</ymax>
		</bndbox>
	</object>
	<object>
		<name>ref_coin</name>
		<bndbox>
			<xmin>4511</xmin>
			<ymin>765</ymin>
			<xmax>4853</xmax>
			<ymax>1140</ymax>
		</bndbox>
	</object>
	<object>
		<name>dish</name>
		<bndbox>
			<xmin>2264</xmin>
			<ymin>635</ymin>
			<xmax>4674</xmax>
			<ymax>3013</ymax>
		</bndbox>
	</object>
	<object>
		<name>훈제오리</name>
		<bndbox>
			<xmin>2736</xmin>
			<ymin>1124</ymin>
			<xmax>4185</xmax>
			<ymax>2378</ymax>
		</bndbox>
	</object>
</annotation>