<annotation>
	<folder>top어육류면적접시훈제오리q3</folder>
	<filename>top_어육류면적_접시_훈제오리_Q3_00010.JPG</filename>
	<path>/top어육류면적접시훈제오리q3/top_어육류면적_접시_훈제오리_Q3_00010.JPG</path>
	<source>
		<database>fooddata</database>
	</source>
	<size>
		<width>5472</width>
		<height>3648</height>
		<depth>3</depth>
	</size>
	<object>
		<name>ref_spoon</name>
		<bndbox>
			<xmin>1840</xmin>
			<ymin>2899</ymin>
			<xmax>2638</xmax>
			<ymax>3420</ymax>
		</bndbox>
	</object>
	<object>
		<name>ref_fork</name>
		<bndbox>
			<xmin>1840</xmin>
			<ymin>2492</ymin>
			<xmax>2720</xmax>
			<ymax>2834</ymax>
		</bndbox>
	</object>
	<object>
		<name>ref_coin</name>
		<bndbox>
			<xmin>3892</xmin>
			<ymin>1840</ymin>
			<xmax>4251</xmax>
			<ymax>2182</ymax>
		</bndbox>
	</object>
	<object>
		<name>dish</name>
		<bndbox>
			<xmin>1726</xmin>
			<ymin>195</ymin>
			<xmax>3957</xmax>
			<ymax>2427</ymax>
		</bndbox>
	</object>
	<object>
		<name>훈제오리</name>
		<bndbox>
			<xmin>2231</xmin>
			<ymin>635</ymin>
			<xmax>3436</xmax>
			<ymax>1873</ymax>
		</bndbox>
	</object>
</annotation>