<annotation>
	<folder>side파스타류낮고큰파스타볼크림소스스파게티q3</folder>
	<filename>side_파스타류_낮고큰파스타볼_크림소스스파게티_Q3_00008.JPG</filename>
	<path>/side파스타류낮고큰파스타볼크림소스스파게티q3/side_파스타류_낮고큰파스타볼_크림소스스파게티_Q3_00008.JPG</path>
	<source>
		<database>fooddata</database>
	</source>
	<size>
		<width>5472</width>
		<height>3648</height>
		<depth>3</depth>
	</size>
	<object>
		<name>ref_spoon</name>
		<bndbox>
			<xmin>3952</xmin>
			<ymin>624</ymin>
			<xmax>4451</xmax>
			<ymax>1302</ymax>
		</bndbox>
	</object>
	<object>
		<name>ref_fork</name>
		<bndbox>
			<xmin>4591</xmin>
			<ymin>647</ymin>
			<xmax>4965</xmax>
			<ymax>1380</ymax>
		</bndbox>
	</object>
	<object>
		<name>ref_coin</name>
		<bndbox>
			<xmin>452</xmin>
			<ymin>2728</ymin>
			<xmax>896</xmax>
			<ymax>3071</ymax>
		</bndbox>
	</object>
	<object>
		<name>dish</name>
		<bndbox>
			<xmin>928</xmin>
			<ymin>327</ymin>
			<xmax>3999</xmax>
			<ymax>2479</ymax>
		</bndbox>
	</object>
	<object>
		<name>크림소스스파게티</name>
		<bndbox>
			<xmin>1653</xmin>
			<ymin>1083</ymin>
			<xmax>3321</xmax>
			<ymax>2276</ymax>
		</bndbox>
	</object>
</annotation>