<annotation>
	<folder>side파스타류낮고큰파스타볼크림소스스파게티q3</folder>
	<filename>side_파스타류_낮고큰파스타볼_크림소스스파게티_Q3_00007.JPG</filename>
	<path>/side파스타류낮고큰파스타볼크림소스스파게티q3/side_파스타류_낮고큰파스타볼_크림소스스파게티_Q3_00007.JPG</path>
	<source>
		<database>fooddata</database>
	</source>
	<size>
		<width>5472</width>
		<height>3648</height>
		<depth>3</depth>
	</size>
	<object>
		<name>ref_spoon</name>
		<bndbox>
			<xmin>3960</xmin>
			<ymin>608</ymin>
			<xmax>4466</xmax>
			<ymax>1310</ymax>
		</bndbox>
	</object>
	<object>
		<name>ref_fork</name>
		<bndbox>
			<xmin>4622</xmin>
			<ymin>592</ymin>
			<xmax>4981</xmax>
			<ymax>1372</ymax>
		</bndbox>
	</object>
	<object>
		<name>ref_coin</name>
		<bndbox>
			<xmin>920</xmin>
			<ymin>2939</ymin>
			<xmax>1349</xmax>
			<ymax>3289</ymax>
		</bndbox>
	</object>
	<object>
		<name>dish</name>
		<bndbox>
			<xmin>920</xmin>
			<ymin>288</ymin>
			<xmax>3983</xmax>
			<ymax>2448</ymax>
		</bndbox>
	</object>
	<object>
		<name>크림소스스파게티</name>
		<bndbox>
			<xmin>1668</xmin>
			<ymin>1021</ymin>
			<xmax>3258</xmax>
			<ymax>2253</ymax>
		</bndbox>
	</object>
</annotation>