<annotation>
	<folder>side파스타류낮고큰파스타볼크림소스스파게티q3</folder>
	<filename>side_파스타류_낮고큰파스타볼_크림소스스파게티_Q3_00018.JPG</filename>
	<path>/side파스타류낮고큰파스타볼크림소스스파게티q3/side_파스타류_낮고큰파스타볼_크림소스스파게티_Q3_00018.JPG</path>
	<source>
		<database>fooddata</database>
	</source>
	<size>
		<width>5472</width>
		<height>3648</height>
		<depth>3</depth>
	</size>
	<object>
		<name>ref_spoon</name>
		<bndbox>
			<xmin>1115</xmin>
			<ymin>2783</ymin>
			<xmax>1988</xmax>
			<ymax>3258</ymax>
		</bndbox>
	</object>
	<object>
		<name>ref_fork</name>
		<bndbox>
			<xmin>1239</xmin>
			<ymin>2416</ymin>
			<xmax>2183</xmax>
			<ymax>2822</ymax>
		</bndbox>
	</object>
	<object>
		<name>ref_coin</name>
		<bndbox>
			<xmin>4147</xmin>
			<ymin>873</ymin>
			<xmax>4451</xmax>
			<ymax>1091</ymax>
		</bndbox>
	</object>
	<object>
		<name>dish</name>
		<bndbox>
			<xmin>1434</xmin>
			<ymin>366</ymin>
			<xmax>4162</xmax>
			<ymax>2292</ymax>
		</bndbox>
	</object>
	<object>
		<name>크림소스스파게티</name>
		<bndbox>
			<xmin>2105</xmin>
			<ymin>920</ymin>
			<xmax>3547</xmax>
			<ymax>2136</ymax>
		</bndbox>
	</object>
</annotation>