<annotation>
	<folder>side파스타류낮고큰파스타볼크림소스스파게티q3</folder>
	<filename>side_파스타류_낮고큰파스타볼_크림소스스파게티_Q3_00032.JPG</filename>
	<path>/side파스타류낮고큰파스타볼크림소스스파게티q3/side_파스타류_낮고큰파스타볼_크림소스스파게티_Q3_00032.JPG</path>
	<source>
		<database>fooddata</database>
	</source>
	<size>
		<width>5472</width>
		<height>3648</height>
		<depth>3</depth>
	</size>
	<object>
		<name>ref_spoon</name>
		<bndbox>
			<xmin>850</xmin>
			<ymin>1302</ymin>
			<xmax>1333</xmax>
			<ymax>1957</ymax>
		</bndbox>
	</object>
	<object>
		<name>ref_fork</name>
		<bndbox>
			<xmin>1504</xmin>
			<ymin>1333</ymin>
			<xmax>1847</xmax>
			<ymax>2058</ymax>
		</bndbox>
	</object>
	<object>
		<name>ref_coin</name>
		<bndbox>
			<xmin>3087</xmin>
			<ymin>390</ymin>
			<xmax>3375</xmax>
			<ymax>592</ymax>
		</bndbox>
	</object>
	<object>
		<name>dish</name>
		<bndbox>
			<xmin>1894</xmin>
			<ymin>842</ymin>
			<xmax>4739</xmax>
			<ymax>2884</ymax>
		</bndbox>
	</object>
	<object>
		<name>크림소스스파게티</name>
		<bndbox>
			<xmin>2331</xmin>
			<ymin>1497</ymin>
			<xmax>4186</xmax>
			<ymax>2689</ymax>
		</bndbox>
	</object>
</annotation>