<annotation>
	<folder>side파스타류낮고큰파스타볼크림소스스파게티q3</folder>
	<filename>side_파스타류_낮고큰파스타볼_크림소스스파게티_Q3_00009.JPG</filename>
	<path>/side파스타류낮고큰파스타볼크림소스스파게티q3/side_파스타류_낮고큰파스타볼_크림소스스파게티_Q3_00009.JPG</path>
	<source>
		<database>fooddata</database>
	</source>
	<size>
		<width>5472</width>
		<height>3648</height>
		<depth>3</depth>
	</size>
	<object>
		<name>ref_spoon</name>
		<bndbox>
			<xmin>3999</xmin>
			<ymin>553</ymin>
			<xmax>4498</xmax>
			<ymax>1239</ymax>
		</bndbox>
	</object>
	<object>
		<name>ref_fork</name>
		<bndbox>
			<xmin>4638</xmin>
			<ymin>553</ymin>
			<xmax>5004</xmax>
			<ymax>1310</ymax>
		</bndbox>
	</object>
	<object>
		<name>ref_coin</name>
		<bndbox>
			<xmin>148</xmin>
			<ymin>2416</ymin>
			<xmax>577</xmax>
			<ymax>2728</ymax>
		</bndbox>
	</object>
	<object>
		<name>dish</name>
		<bndbox>
			<xmin>959</xmin>
			<ymin>234</ymin>
			<xmax>4022</xmax>
			<ymax>2393</ymax>
		</bndbox>
	</object>
	<object>
		<name>크림소스스파게티</name>
		<bndbox>
			<xmin>1660</xmin>
			<ymin>982</ymin>
			<xmax>3328</xmax>
			<ymax>2198</ymax>
		</bndbox>
	</object>
</annotation>