<annotation>
	<folder>side파스타류낮고큰파스타볼크림소스스파게티q3</folder>
	<filename>side_파스타류_낮고큰파스타볼_크림소스스파게티_Q3_00047.JPG</filename>
	<path>/side파스타류낮고큰파스타볼크림소스스파게티q3/side_파스타류_낮고큰파스타볼_크림소스스파게티_Q3_00047.JPG</path>
	<source>
		<database>fooddata</database>
	</source>
	<size>
		<width>5472</width>
		<height>3648</height>
		<depth>3</depth>
	</size>
	<object>
		<name>ref_spoon</name>
		<bndbox>
			<xmin>709</xmin>
			<ymin>787</ymin>
			<xmax>1224</xmax>
			<ymax>1458</ymax>
		</bndbox>
	</object>
	<object>
		<name>ref_fork</name>
		<bndbox>
			<xmin>1403</xmin>
			<ymin>795</ymin>
			<xmax>1754</xmax>
			<ymax>1551</ymax>
		</bndbox>
	</object>
	<object>
		<name>ref_coin</name>
		<bndbox>
			<xmin>2752</xmin>
			<ymin>3102</ymin>
			<xmax>3149</xmax>
			<ymax>3430</ymax>
		</bndbox>
	</object>
	<object>
		<name>dish</name>
		<bndbox>
			<xmin>1769</xmin>
			<ymin>210</ymin>
			<xmax>4700</xmax>
			<ymax>2276</ymax>
		</bndbox>
	</object>
	<object>
		<name>크림소스스파게티</name>
		<bndbox>
			<xmin>2580</xmin>
			<ymin>826</ymin>
			<xmax>4147</xmax>
			<ymax>2128</ymax>
		</bndbox>
	</object>
</annotation>