<annotation>
	<folder>side파스타류낮고큰파스타볼크림소스스파게티q3</folder>
	<filename>side_파스타류_낮고큰파스타볼_크림소스스파게티_Q3_00042.JPG</filename>
	<path>/side파스타류낮고큰파스타볼크림소스스파게티q3/side_파스타류_낮고큰파스타볼_크림소스스파게티_Q3_00042.JPG</path>
	<source>
		<database>fooddata</database>
	</source>
	<size>
		<width>5472</width>
		<height>3648</height>
		<depth>3</depth>
	</size>
	<object>
		<name>ref_spoon</name>
		<bndbox>
			<xmin>242</xmin>
			<ymin>1115</ymin>
			<xmax>779</xmax>
			<ymax>1785</ymax>
		</bndbox>
	</object>
	<object>
		<name>ref_fork</name>
		<bndbox>
			<xmin>967</xmin>
			<ymin>1154</ymin>
			<xmax>1325</xmax>
			<ymax>1925</ymax>
		</bndbox>
	</object>
	<object>
		<name>ref_coin</name>
		<bndbox>
			<xmin>4505</xmin>
			<ymin>2689</ymin>
			<xmax>4919</xmax>
			<ymax>3009</ymax>
		</bndbox>
	</object>
	<object>
		<name>dish</name>
		<bndbox>
			<xmin>1380</xmin>
			<ymin>647</ymin>
			<xmax>4357</xmax>
			<ymax>2744</ymax>
		</bndbox>
	</object>
	<object>
		<name>크림소스스파게티</name>
		<bndbox>
			<xmin>2159</xmin>
			<ymin>1364</ymin>
			<xmax>3734</xmax>
			<ymax>2580</ymax>
		</bndbox>
	</object>
</annotation>