<annotation>
	<folder>top파스타류낮고큰파스타볼크림소스스파게티q3</folder>
	<filename>top_파스타류_낮고큰파스타볼_크림소스스파게티_Q3_00013.JPG</filename>
	<path>/top파스타류낮고큰파스타볼크림소스스파게티q3/top_파스타류_낮고큰파스타볼_크림소스스파게티_Q3_00013.JPG</path>
	<source>
		<database>fooddata</database>
	</source>
	<size>
		<width>5472</width>
		<height>3648</height>
		<depth>3</depth>
	</size>
	<object>
		<name>ref_spoon</name>
		<bndbox>
			<xmin>1692</xmin>
			<ymin>3039</ymin>
			<xmax>2436</xmax>
			<ymax>3491</ymax>
		</bndbox>
	</object>
	<object>
		<name>ref_fork</name>
		<bndbox>
			<xmin>1746</xmin>
			<ymin>2644</ymin>
			<xmax>2530</xmax>
			<ymax>2962</ymax>
		</bndbox>
	</object>
	<object>
		<name>ref_coin</name>
		<bndbox>
			<xmin>1414</xmin>
			<ymin>376</ymin>
			<xmax>1719</xmax>
			<ymax>690</ymax>
		</bndbox>
	</object>
	<object>
		<name>dish</name>
		<bndbox>
			<xmin>1746</xmin>
			<ymin>81</ymin>
			<xmax>4394</xmax>
			<ymax>2689</ymax>
		</bndbox>
	</object>
	<object>
		<name>크림소스스파게티</name>
		<bndbox>
			<xmin>2310</xmin>
			<ymin>654</ymin>
			<xmax>3722</xmax>
			<ymax>2106</ymax>
		</bndbox>
	</object>
</annotation>