<annotation>
	<folder>top파스타류낮고큰파스타볼크림소스스파게티q3</folder>
	<filename>top_파스타류_낮고큰파스타볼_크림소스스파게티_Q3_00017.JPG</filename>
	<path>/top파스타류낮고큰파스타볼크림소스스파게티q3/top_파스타류_낮고큰파스타볼_크림소스스파게티_Q3_00017.JPG</path>
	<source>
		<database>fooddata</database>
	</source>
	<size>
		<width>5472</width>
		<height>3648</height>
		<depth>3</depth>
	</size>
	<object>
		<name>ref_spoon</name>
		<bndbox>
			<xmin>1660</xmin>
			<ymin>3025</ymin>
			<xmax>2283</xmax>
			<ymax>3433</ymax>
		</bndbox>
	</object>
	<object>
		<name>ref_fork</name>
		<bndbox>
			<xmin>1705</xmin>
			<ymin>2689</ymin>
			<xmax>2377</xmax>
			<ymax>2967</ymax>
		</bndbox>
	</object>
	<object>
		<name>ref_coin</name>
		<bndbox>
			<xmin>3363</xmin>
			<ymin>394</ymin>
			<xmax>3628</xmax>
			<ymax>645</ymax>
		</bndbox>
	</object>
	<object>
		<name>dish</name>
		<bndbox>
			<xmin>1710</xmin>
			<ymin>520</ymin>
			<xmax>3959</xmax>
			<ymax>2720</ymax>
		</bndbox>
	</object>
	<object>
		<name>크림소스스파게티</name>
		<bndbox>
			<xmin>2243</xmin>
			<ymin>941</ymin>
			<xmax>3440</xmax>
			<ymax>2295</ymax>
		</bndbox>
	</object>
</annotation>