<annotation>
	<folder>top파스타류낮고큰파스타볼크림소스스파게티q3</folder>
	<filename>top_파스타류_낮고큰파스타볼_크림소스스파게티_Q3_00021.JPG</filename>
	<path>/top파스타류낮고큰파스타볼크림소스스파게티q3/top_파스타류_낮고큰파스타볼_크림소스스파게티_Q3_00021.JPG</path>
	<source>
		<database>fooddata</database>
	</source>
	<size>
		<width>5472</width>
		<height>3648</height>
		<depth>3</depth>
	</size>
	<object>
		<name>ref_spoon</name>
		<bndbox>
			<xmin>1710</xmin>
			<ymin>2962</ymin>
			<xmax>2342</xmax>
			<ymax>3393</ymax>
		</bndbox>
	</object>
	<object>
		<name>ref_fork</name>
		<bndbox>
			<xmin>1737</xmin>
			<ymin>2586</ymin>
			<xmax>2427</xmax>
			<ymax>2882</ymax>
		</bndbox>
	</object>
	<object>
		<name>ref_coin</name>
		<bndbox>
			<xmin>4054</xmin>
			<ymin>2021</ymin>
			<xmax>4345</xmax>
			<ymax>2308</ymax>
		</bndbox>
	</object>
	<object>
		<name>dish</name>
		<bndbox>
			<xmin>1642</xmin>
			<ymin>215</ymin>
			<xmax>4022</xmax>
			<ymax>2550</ymax>
		</bndbox>
	</object>
	<object>
		<name>크림소스스파게티</name>
		<bndbox>
			<xmin>2135</xmin>
			<ymin>901</ymin>
			<xmax>3489</xmax>
			<ymax>2111</ymax>
		</bndbox>
	</object>
</annotation>