<annotation>
	<folder>top파스타류낮고큰파스타볼크림소스스파게티q3</folder>
	<filename>top_파스타류_낮고큰파스타볼_크림소스스파게티_Q3_00014.JPG</filename>
	<path>/top파스타류낮고큰파스타볼크림소스스파게티q3/top_파스타류_낮고큰파스타볼_크림소스스파게티_Q3_00014.JPG</path>
	<source>
		<database>fooddata</database>
	</source>
	<size>
		<width>5472</width>
		<height>3648</height>
		<depth>3</depth>
	</size>
	<object>
		<name>ref_spoon</name>
		<bndbox>
			<xmin>1638</xmin>
			<ymin>2949</ymin>
			<xmax>2256</xmax>
			<ymax>3366</ymax>
		</bndbox>
	</object>
	<object>
		<name>ref_fork</name>
		<bndbox>
			<xmin>1669</xmin>
			<ymin>2608</ymin>
			<xmax>2377</xmax>
			<ymax>2882</ymax>
		</bndbox>
	</object>
	<object>
		<name>ref_coin</name>
		<bndbox>
			<xmin>1710</xmin>
			<ymin>242</ymin>
			<xmax>1983</xmax>
			<ymax>497</ymax>
		</bndbox>
	</object>
	<object>
		<name>dish</name>
		<bndbox>
			<xmin>1678</xmin>
			<ymin>323</ymin>
			<xmax>4013</xmax>
			<ymax>2608</ymax>
		</bndbox>
	</object>
	<object>
		<name>크림소스스파게티</name>
		<bndbox>
			<xmin>2109</xmin>
			<ymin>851</ymin>
			<xmax>3502</xmax>
			<ymax>2115</ymax>
		</bndbox>
	</object>
</annotation>