<annotation>
	<folder>top파스타류낮고큰파스타볼크림소스스파게티q3</folder>
	<filename>top_파스타류_낮고큰파스타볼_크림소스스파게티_Q3_00056.JPG</filename>
	<path>/top파스타류낮고큰파스타볼크림소스스파게티q3/top_파스타류_낮고큰파스타볼_크림소스스파게티_Q3_00056.JPG</path>
	<source>
		<database>fooddata</database>
	</source>
	<size>
		<width>5472</width>
		<height>3648</height>
		<depth>3</depth>
	</size>
	<object>
		<name>ref_spoon</name>
		<bndbox>
			<xmin>746</xmin>
			<ymin>829</ymin>
			<xmax>1194</xmax>
			<ymax>1524</ymax>
		</bndbox>
	</object>
	<object>
		<name>ref_fork</name>
		<bndbox>
			<xmin>1302</xmin>
			<ymin>807</ymin>
			<xmax>1625</xmax>
			<ymax>1542</ymax>
		</bndbox>
	</object>
	<object>
		<name>ref_coin</name>
		<bndbox>
			<xmin>4403</xmin>
			<ymin>807</ymin>
			<xmax>4721</xmax>
			<ymax>1116</ymax>
		</bndbox>
	</object>
	<object>
		<name>dish</name>
		<bndbox>
			<xmin>1835</xmin>
			<ymin>515</ymin>
			<xmax>4614</xmax>
			<ymax>3258</ymax>
		</bndbox>
	</object>
	<object>
		<name>크림소스스파게티</name>
		<bndbox>
			<xmin>2413</xmin>
			<ymin>1174</ymin>
			<xmax>4121</xmax>
			<ymax>2640</ymax>
		</bndbox>
	</object>
</annotation>