<annotation>
	<folder>top파스타류낮고큰파스타볼크림소스스파게티q3</folder>
	<filename>top_파스타류_낮고큰파스타볼_크림소스스파게티_Q3_00047.JPG</filename>
	<path>/top파스타류낮고큰파스타볼크림소스스파게티q3/top_파스타류_낮고큰파스타볼_크림소스스파게티_Q3_00047.JPG</path>
	<source>
		<database>fooddata</database>
	</source>
	<size>
		<width>5472</width>
		<height>3648</height>
		<depth>3</depth>
	</size>
	<object>
		<name>ref_spoon</name>
		<bndbox>
			<xmin>567</xmin>
			<ymin>901</ymin>
			<xmax>1051</xmax>
			<ymax>1658</ymax>
		</bndbox>
	</object>
	<object>
		<name>ref_fork</name>
		<bndbox>
			<xmin>1167</xmin>
			<ymin>834</ymin>
			<xmax>1517</xmax>
			<ymax>1645</ymax>
		</bndbox>
	</object>
	<object>
		<name>ref_coin</name>
		<bndbox>
			<xmin>3977</xmin>
			<ymin>233</ymin>
			<xmax>4309</xmax>
			<ymax>574</ymax>
		</bndbox>
	</object>
	<object>
		<name>dish</name>
		<bndbox>
			<xmin>1799</xmin>
			<ymin>475</ymin>
			<xmax>4780</xmax>
			<ymax>3455</ymax>
		</bndbox>
	</object>
	<object>
		<name>크림소스스파게티</name>
		<bndbox>
			<xmin>2431</xmin>
			<ymin>1008</ymin>
			<xmax>4152</xmax>
			<ymax>2586</ymax>
		</bndbox>
	</object>
</annotation>