<annotation>
	<folder>top파스타류낮고큰파스타볼크림소스스파게티q3</folder>
	<filename>top_파스타류_낮고큰파스타볼_크림소스스파게티_Q3_00039.JPG</filename>
	<path>/top파스타류낮고큰파스타볼크림소스스파게티q3/top_파스타류_낮고큰파스타볼_크림소스스파게티_Q3_00039.JPG</path>
	<source>
		<database>fooddata</database>
	</source>
	<size>
		<width>5472</width>
		<height>3648</height>
		<depth>3</depth>
	</size>
	<object>
		<name>ref_spoon</name>
		<bndbox>
			<xmin>1405</xmin>
			<ymin>475</ymin>
			<xmax>1844</xmax>
			<ymax>1188</ymax>
		</bndbox>
	</object>
	<object>
		<name>ref_fork</name>
		<bndbox>
			<xmin>1961</xmin>
			<ymin>453</ymin>
			<xmax>2270</xmax>
			<ymax>1219</ymax>
		</bndbox>
	</object>
	<object>
		<name>ref_coin</name>
		<bndbox>
			<xmin>4107</xmin>
			<ymin>3164</ymin>
			<xmax>4457</xmax>
			<ymax>3531</ymax>
		</bndbox>
	</object>
	<object>
		<name>dish</name>
		<bndbox>
			<xmin>2575</xmin>
			<ymin>193</ymin>
			<xmax>5385</xmax>
			<ymax>2967</ymax>
		</bndbox>
	</object>
	<object>
		<name>크림소스스파게티</name>
		<bndbox>
			<xmin>3086</xmin>
			<ymin>757</ymin>
			<xmax>4712</xmax>
			<ymax>2295</ymax>
		</bndbox>
	</object>
</annotation>