<annotation>
	<folder>top파스타류낮고큰파스타볼크림소스스파게티q3</folder>
	<filename>top_파스타류_낮고큰파스타볼_크림소스스파게티_Q3_00022.JPG</filename>
	<path>/top파스타류낮고큰파스타볼크림소스스파게티q3/top_파스타류_낮고큰파스타볼_크림소스스파게티_Q3_00022.JPG</path>
	<source>
		<database>fooddata</database>
	</source>
	<size>
		<width>5472</width>
		<height>3648</height>
		<depth>3</depth>
	</size>
	<object>
		<name>ref_spoon</name>
		<bndbox>
			<xmin>1687</xmin>
			<ymin>2873</ymin>
			<xmax>2319</xmax>
			<ymax>3303</ymax>
		</bndbox>
	</object>
	<object>
		<name>ref_fork</name>
		<bndbox>
			<xmin>1701</xmin>
			<ymin>2501</ymin>
			<xmax>2445</xmax>
			<ymax>2797</ymax>
		</bndbox>
	</object>
	<object>
		<name>ref_coin</name>
		<bndbox>
			<xmin>3910</xmin>
			<ymin>2286</ymin>
			<xmax>4188</xmax>
			<ymax>2599</ymax>
		</bndbox>
	</object>
	<object>
		<name>dish</name>
		<bndbox>
			<xmin>1611</xmin>
			<ymin>130</ymin>
			<xmax>4027</xmax>
			<ymax>2492</ymax>
		</bndbox>
	</object>
	<object>
		<name>크림소스스파게티</name>
		<bndbox>
			<xmin>2113</xmin>
			<ymin>686</ymin>
			<xmax>3466</xmax>
			<ymax>2097</ymax>
		</bndbox>
	</object>
</annotation>