<annotation>
	<folder>top파스타류낮고큰파스타볼크림소스스파게티q3</folder>
	<filename>top_파스타류_낮고큰파스타볼_크림소스스파게티_Q3_00038.JPG</filename>
	<path>/top파스타류낮고큰파스타볼크림소스스파게티q3/top_파스타류_낮고큰파스타볼_크림소스스파게티_Q3_00038.JPG</path>
	<source>
		<database>fooddata</database>
	</source>
	<size>
		<width>5472</width>
		<height>3648</height>
		<depth>3</depth>
	</size>
	<object>
		<name>ref_spoon</name>
		<bndbox>
			<xmin>1302</xmin>
			<ymin>394</ymin>
			<xmax>1750</xmax>
			<ymax>1094</ymax>
		</bndbox>
	</object>
	<object>
		<name>ref_fork</name>
		<bndbox>
			<xmin>1871</xmin>
			<ymin>394</ymin>
			<xmax>2171</xmax>
			<ymax>1161</ymax>
		</bndbox>
	</object>
	<object>
		<name>ref_coin</name>
		<bndbox>
			<xmin>3337</xmin>
			<ymin>3083</ymin>
			<xmax>3682</xmax>
			<ymax>3437</ymax>
		</bndbox>
	</object>
	<object>
		<name>dish</name>
		<bndbox>
			<xmin>2418</xmin>
			<ymin>152</ymin>
			<xmax>5250</xmax>
			<ymax>2935</ymax>
		</bndbox>
	</object>
	<object>
		<name>크림소스스파게티</name>
		<bndbox>
			<xmin>2951</xmin>
			<ymin>775</ymin>
			<xmax>4614</xmax>
			<ymax>2156</ymax>
		</bndbox>
	</object>
</annotation>