<annotation>
	<folder>side건더기국류전골냄비부대찌개q2</folder>
	<filename>side_건더기국류_전골냄비_부대찌개_Q2_00036.JPG</filename>
	<path>/side건더기국류전골냄비부대찌개q2/side_건더기국류_전골냄비_부대찌개_Q2_00036.JPG</path>
	<source>
		<database>fooddata</database>
	</source>
	<size>
		<width>3008</width>
		<height>2000</height>
		<depth>3</depth>
	</size>
	<object>
		<name>ref_spoon</name>
		<bndbox>
			<xmin>201</xmin>
			<ymin>457</ymin>
			<xmax>473</xmax>
			<ymax>890</ymax>
		</bndbox>
	</object>
	<object>
		<name>ref_fork</name>
		<bndbox>
			<xmin>541</xmin>
			<ymin>499</ymin>
			<xmax>731</xmax>
			<ymax>990</ymax>
		</bndbox>
	</object>
	<object>
		<name>ref_coin</name>
		<bndbox>
			<xmin>2272</xmin>
			<ymin>1512</ymin>
			<xmax>2488</xmax>
			<ymax>1679</ymax>
		</bndbox>
	</object>
	<object>
		<name>dish</name>
		<bndbox>
			<xmin>768</xmin>
			<ymin>342</ymin>
			<xmax>2162</xmax>
			<ymax>1418</ymax>
		</bndbox>
	</object>
	<object>
		<name>부대찌개</name>
		<bndbox>
			<xmin>930</xmin>
			<ymin>689</ymin>
			<xmax>1974</xmax>
			<ymax>1264</ymax>
		</bndbox>
	</object>
</annotation>