<annotation>
	<folder>side건더기국류전골냄비부대찌개q2</folder>
	<filename>side_건더기국류_전골냄비_부대찌개_Q2_00050.JPG</filename>
	<path>/side건더기국류전골냄비부대찌개q2/side_건더기국류_전골냄비_부대찌개_Q2_00050.JPG</path>
	<source>
		<database>fooddata</database>
	</source>
	<size>
		<width>3008</width>
		<height>2000</height>
		<depth>3</depth>
	</size>
	<object>
		<name>ref_spoon</name>
		<bndbox>
			<xmin>232</xmin>
			<ymin>433</ymin>
			<xmax>512</xmax>
			<ymax>916</ymax>
		</bndbox>
	</object>
	<object>
		<name>ref_fork</name>
		<bndbox>
			<xmin>582</xmin>
			<ymin>478</ymin>
			<xmax>783</xmax>
			<ymax>969</ymax>
		</bndbox>
	</object>
	<object>
		<name>ref_coin</name>
		<bndbox>
			<xmin>2272</xmin>
			<ymin>1509</ymin>
			<xmax>2494</xmax>
			<ymax>1679</ymax>
		</bndbox>
	</object>
	<object>
		<name>dish</name>
		<bndbox>
			<xmin>812</xmin>
			<ymin>316</ymin>
			<xmax>2261</xmax>
			<ymax>1436</ymax>
		</bndbox>
	</object>
	<object>
		<name>부대찌개</name>
		<bndbox>
			<xmin>943</xmin>
			<ymin>574</ymin>
			<xmax>2039</xmax>
			<ymax>1266</ymax>
		</bndbox>
	</object>
</annotation>