<annotation>
	<folder>side건더기국류전골냄비부대찌개q2</folder>
	<filename>side_건더기국류_전골냄비_부대찌개_Q2_00020.JPG</filename>
	<path>/side건더기국류전골냄비부대찌개q2/side_건더기국류_전골냄비_부대찌개_Q2_00020.JPG</path>
	<source>
		<database>fooddata</database>
	</source>
	<size>
		<width>3008</width>
		<height>2000</height>
		<depth>3</depth>
	</size>
	<object>
		<name>ref_spoon</name>
		<bndbox>
			<xmin>695</xmin>
			<ymin>1527</ymin>
			<xmax>1298</xmax>
			<ymax>1783</ymax>
		</bndbox>
	</object>
	<object>
		<name>ref_fork</name>
		<bndbox>
			<xmin>744</xmin>
			<ymin>1295</ymin>
			<xmax>1387</xmax>
			<ymax>1535</ymax>
		</bndbox>
	</object>
	<object>
		<name>ref_coin</name>
		<bndbox>
			<xmin>2381</xmin>
			<ymin>1029</ymin>
			<xmax>2585</xmax>
			<ymax>1183</ymax>
		</bndbox>
	</object>
	<object>
		<name>dish</name>
		<bndbox>
			<xmin>825</xmin>
			<ymin>94</ymin>
			<xmax>2146</xmax>
			<ymax>1117</ymax>
		</bndbox>
	</object>
	<object>
		<name>부대찌개</name>
		<bndbox>
			<xmin>979</xmin>
			<ymin>389</ymin>
			<xmax>1974</xmax>
			<ymax>956</ymax>
		</bndbox>
	</object>
</annotation>