<annotation>
	<folder>side건더기국류전골냄비부대찌개q2</folder>
	<filename>side_건더기국류_전골냄비_부대찌개_Q2_00010.JPG</filename>
	<path>/side건더기국류전골냄비부대찌개q2/side_건더기국류_전골냄비_부대찌개_Q2_00010.JPG</path>
	<source>
		<database>fooddata</database>
	</source>
	<size>
		<width>3008</width>
		<height>2000</height>
		<depth>3</depth>
	</size>
	<object>
		<name>ref_spoon</name>
		<bndbox>
			<xmin>2172</xmin>
			<ymin>446</ymin>
			<xmax>2444</xmax>
			<ymax>896</ymax>
		</bndbox>
	</object>
	<object>
		<name>ref_fork</name>
		<bndbox>
			<xmin>2671</xmin>
			<ymin>462</ymin>
			<xmax>2854</xmax>
			<ymax>961</ymax>
		</bndbox>
	</object>
	<object>
		<name>ref_coin</name>
		<bndbox>
			<xmin>1300</xmin>
			<ymin>1681</ymin>
			<xmax>1525</xmax>
			<ymax>1854</ymax>
		</bndbox>
	</object>
	<object>
		<name>dish</name>
		<bndbox>
			<xmin>546</xmin>
			<ymin>287</ymin>
			<xmax>1958</xmax>
			<ymax>1389</ymax>
		</bndbox>
	</object>
	<object>
		<name>부대찌개</name>
		<bndbox>
			<xmin>726</xmin>
			<ymin>634</ymin>
			<xmax>1799</xmax>
			<ymax>1225</ymax>
		</bndbox>
	</object>
</annotation>