<annotation>
	<folder>side건더기국류전골냄비부대찌개q2</folder>
	<filename>side_건더기국류_전골냄비_부대찌개_Q2_00032.JPG</filename>
	<path>/side건더기국류전골냄비부대찌개q2/side_건더기국류_전골냄비_부대찌개_Q2_00032.JPG</path>
	<source>
		<database>fooddata</database>
	</source>
	<size>
		<width>3008</width>
		<height>2000</height>
		<depth>3</depth>
	</size>
	<object>
		<name>ref_spoon</name>
		<bndbox>
			<xmin>627</xmin>
			<ymin>1371</ymin>
			<xmax>1123</xmax>
			<ymax>1603</ymax>
		</bndbox>
	</object>
	<object>
		<name>ref_fork</name>
		<bndbox>
			<xmin>676</xmin>
			<ymin>1178</ymin>
			<xmax>1196</xmax>
			<ymax>1394</ymax>
		</bndbox>
	</object>
	<object>
		<name>ref_coin</name>
		<bndbox>
			<xmin>969</xmin>
			<ymin>1692</ymin>
			<xmax>1165</xmax>
			<ymax>1843</ymax>
		</bndbox>
	</object>
	<object>
		<name>dish</name>
		<bndbox>
			<xmin>885</xmin>
			<ymin>167</ymin>
			<xmax>1995</xmax>
			<ymax>995</ymax>
		</bndbox>
	</object>
	<object>
		<name>부대찌개</name>
		<bndbox>
			<xmin>1011</xmin>
			<ymin>441</ymin>
			<xmax>1856</xmax>
			<ymax>854</ymax>
		</bndbox>
	</object>
</annotation>