<annotation>
	<folder>side건더기국류전골냄비부대찌개q2</folder>
	<filename>side_건더기국류_전골냄비_부대찌개_Q2_00015.JPG</filename>
	<path>/side건더기국류전골냄비부대찌개q2/side_건더기국류_전골냄비_부대찌개_Q2_00015.JPG</path>
	<source>
		<database>fooddata</database>
	</source>
	<size>
		<width>3008</width>
		<height>2000</height>
		<depth>3</depth>
	</size>
	<object>
		<name>ref_spoon</name>
		<bndbox>
			<xmin>2094</xmin>
			<ymin>535</ymin>
			<xmax>2373</xmax>
			<ymax>1026</ymax>
		</bndbox>
	</object>
	<object>
		<name>ref_fork</name>
		<bndbox>
			<xmin>2525</xmin>
			<ymin>585</ymin>
			<xmax>2713</xmax>
			<ymax>1102</ymax>
		</bndbox>
	</object>
	<object>
		<name>ref_coin</name>
		<bndbox>
			<xmin>1530</xmin>
			<ymin>1697</ymin>
			<xmax>1762</xmax>
			<ymax>1877</ymax>
		</bndbox>
	</object>
	<object>
		<name>dish</name>
		<bndbox>
			<xmin>363</xmin>
			<ymin>245</ymin>
			<xmax>1833</xmax>
			<ymax>1360</ymax>
		</bndbox>
	</object>
	<object>
		<name>부대찌개</name>
		<bndbox>
			<xmin>535</xmin>
			<ymin>606</ymin>
			<xmax>1640</xmax>
			<ymax>1172</ymax>
		</bndbox>
	</object>
</annotation>