<annotation>
	<folder>side건더기국류전골냄비부대찌개q2</folder>
	<filename>side_건더기국류_전골냄비_부대찌개_Q2_00043.JPG</filename>
	<path>/side건더기국류전골냄비부대찌개q2/side_건더기국류_전골냄비_부대찌개_Q2_00043.JPG</path>
	<source>
		<database>fooddata</database>
	</source>
	<size>
		<width>3008</width>
		<height>2000</height>
		<depth>3</depth>
	</size>
	<object>
		<name>ref_spoon</name>
		<bndbox>
			<xmin>319</xmin>
			<ymin>439</ymin>
			<xmax>588</xmax>
			<ymax>888</ymax>
		</bndbox>
	</object>
	<object>
		<name>ref_fork</name>
		<bndbox>
			<xmin>658</xmin>
			<ymin>470</ymin>
			<xmax>849</xmax>
			<ymax>966</ymax>
		</bndbox>
	</object>
	<object>
		<name>ref_coin</name>
		<bndbox>
			<xmin>2264</xmin>
			<ymin>405</ymin>
			<xmax>2454</xmax>
			<ymax>538</ymax>
		</bndbox>
	</object>
	<object>
		<name>dish</name>
		<bndbox>
			<xmin>877</xmin>
			<ymin>292</ymin>
			<xmax>2282</xmax>
			<ymax>1368</ymax>
		</bndbox>
	</object>
	<object>
		<name>부대찌개</name>
		<bndbox>
			<xmin>1068</xmin>
			<ymin>598</ymin>
			<xmax>2136</xmax>
			<ymax>1206</ymax>
		</bndbox>
	</object>
</annotation>