<annotation>
	<folder>top건더기국류전골냄비부대찌개q2</folder>
	<filename>top_건더기국류_전골냄비_부대찌개_Q2_00039.JPG</filename>
	<path>/top건더기국류전골냄비부대찌개q2/top_건더기국류_전골냄비_부대찌개_Q2_00039.JPG</path>
	<source>
		<database>fooddata</database>
	</source>
	<size>
		<width>3008</width>
		<height>2000</height>
		<depth>3</depth>
	</size>
	<object>
		<name>ref_spoon</name>
		<bndbox>
			<xmin>462</xmin>
			<ymin>306</ymin>
			<xmax>701</xmax>
			<ymax>672</ymax>
		</bndbox>
	</object>
	<object>
		<name>ref_fork</name>
		<bndbox>
			<xmin>772</xmin>
			<ymin>367</ymin>
			<xmax>935</xmax>
			<ymax>784</ymax>
		</bndbox>
	</object>
	<object>
		<name>ref_coin</name>
		<bndbox>
			<xmin>2342</xmin>
			<ymin>489</ymin>
			<xmax>2510</xmax>
			<ymax>657</ymax>
		</bndbox>
	</object>
	<object>
		<name>dish</name>
		<bndbox>
			<xmin>1098</xmin>
			<ymin>383</ymin>
			<xmax>2312</xmax>
			<ymax>1572</ymax>
		</bndbox>
	</object>
	<object>
		<name>부대찌개</name>
		<bndbox>
			<xmin>1240</xmin>
			<ymin>515</ymin>
			<xmax>2109</xmax>
			<ymax>1434</ymax>
		</bndbox>
	</object>
</annotation>