<annotation>
	<folder>top건더기국류전골냄비부대찌개q2</folder>
	<filename>top_건더기국류_전골냄비_부대찌개_Q2_00008.JPG</filename>
	<path>/top건더기국류전골냄비부대찌개q2/top_건더기국류_전골냄비_부대찌개_Q2_00008.JPG</path>
	<source>
		<database>fooddata</database>
	</source>
	<size>
		<width>3008</width>
		<height>2000</height>
		<depth>3</depth>
	</size>
	<object>
		<name>ref_spoon</name>
		<bndbox>
			<xmin>2281</xmin>
			<ymin>479</ymin>
			<xmax>2541</xmax>
			<ymax>916</ymax>
		</bndbox>
	</object>
	<object>
		<name>ref_fork</name>
		<bndbox>
			<xmin>2612</xmin>
			<ymin>637</ymin>
			<xmax>2815</xmax>
			<ymax>1084</ymax>
		</bndbox>
	</object>
	<object>
		<name>ref_coin</name>
		<bndbox>
			<xmin>422</xmin>
			<ymin>139</ymin>
			<xmax>610</xmax>
			<ymax>332</ymax>
		</bndbox>
	</object>
	<object>
		<name>dish</name>
		<bndbox>
			<xmin>523</xmin>
			<ymin>449</ymin>
			<xmax>1921</xmax>
			<ymax>1851</ymax>
		</bndbox>
	</object>
	<object>
		<name>부대찌개</name>
		<bndbox>
			<xmin>701</xmin>
			<ymin>672</ymin>
			<xmax>1728</xmax>
			<ymax>1699</ymax>
		</bndbox>
	</object>
</annotation>