<annotation>
	<folder>top건더기국류전골냄비부대찌개q2</folder>
	<filename>top_건더기국류_전골냄비_부대찌개_Q2_00009.JPG</filename>
	<path>/top건더기국류전골냄비부대찌개q2/top_건더기국류_전골냄비_부대찌개_Q2_00009.JPG</path>
	<source>
		<database>fooddata</database>
	</source>
	<size>
		<width>3008</width>
		<height>2000</height>
		<depth>3</depth>
	</size>
	<object>
		<name>ref_spoon</name>
		<bndbox>
			<xmin>2266</xmin>
			<ymin>347</ymin>
			<xmax>2525</xmax>
			<ymax>779</ymax>
		</bndbox>
	</object>
	<object>
		<name>ref_fork</name>
		<bndbox>
			<xmin>2596</xmin>
			<ymin>515</ymin>
			<xmax>2805</xmax>
			<ymax>947</ymax>
		</bndbox>
	</object>
	<object>
		<name>ref_coin</name>
		<bndbox>
			<xmin>188</xmin>
			<ymin>992</ymin>
			<xmax>406</xmax>
			<ymax>1175</ymax>
		</bndbox>
	</object>
	<object>
		<name>dish</name>
		<bndbox>
			<xmin>483</xmin>
			<ymin>347</ymin>
			<xmax>1890</xmax>
			<ymax>1749</ymax>
		</bndbox>
	</object>
	<object>
		<name>부대찌개</name>
		<bndbox>
			<xmin>686</xmin>
			<ymin>601</ymin>
			<xmax>1697</xmax>
			<ymax>1587</ymax>
		</bndbox>
	</object>
</annotation>