<annotation>
	<folder>top건더기국류전골냄비부대찌개q2</folder>
	<filename>top_건더기국류_전골냄비_부대찌개_Q2_00042.JPG</filename>
	<path>/top건더기국류전골냄비부대찌개q2/top_건더기국류_전골냄비_부대찌개_Q2_00042.JPG</path>
	<source>
		<database>fooddata</database>
	</source>
	<size>
		<width>3008</width>
		<height>2000</height>
		<depth>3</depth>
	</size>
	<object>
		<name>ref_spoon</name>
		<bndbox>
			<xmin>417</xmin>
			<ymin>332</ymin>
			<xmax>645</xmax>
			<ymax>693</ymax>
		</bndbox>
	</object>
	<object>
		<name>ref_fork</name>
		<bndbox>
			<xmin>711</xmin>
			<ymin>378</ymin>
			<xmax>884</xmax>
			<ymax>779</ymax>
		</bndbox>
	</object>
	<object>
		<name>ref_coin</name>
		<bndbox>
			<xmin>1850</xmin>
			<ymin>184</ymin>
			<xmax>2022</xmax>
			<ymax>352</ymax>
		</bndbox>
	</object>
	<object>
		<name>dish</name>
		<bndbox>
			<xmin>1037</xmin>
			<ymin>378</ymin>
			<xmax>2246</xmax>
			<ymax>1567</ymax>
		</bndbox>
	</object>
	<object>
		<name>부대찌개</name>
		<bndbox>
			<xmin>1148</xmin>
			<ymin>576</ymin>
			<xmax>2083</xmax>
			<ymax>1419</ymax>
		</bndbox>
	</object>
</annotation>