<annotation>
	<folder>top건더기국류전골냄비부대찌개q2</folder>
	<filename>top_건더기국류_전골냄비_부대찌개_Q2_00037.JPG</filename>
	<path>/top건더기국류전골냄비부대찌개q2/top_건더기국류_전골냄비_부대찌개_Q2_00037.JPG</path>
	<source>
		<database>fooddata</database>
	</source>
	<size>
		<width>3008</width>
		<height>2000</height>
		<depth>3</depth>
	</size>
	<object>
		<name>ref_spoon</name>
		<bndbox>
			<xmin>478</xmin>
			<ymin>296</ymin>
			<xmax>711</xmax>
			<ymax>652</ymax>
		</bndbox>
	</object>
	<object>
		<name>ref_fork</name>
		<bndbox>
			<xmin>762</xmin>
			<ymin>347</ymin>
			<xmax>945</xmax>
			<ymax>754</ymax>
		</bndbox>
	</object>
	<object>
		<name>ref_coin</name>
		<bndbox>
			<xmin>2485</xmin>
			<ymin>748</ymin>
			<xmax>2662</xmax>
			<ymax>926</ymax>
		</bndbox>
	</object>
	<object>
		<name>dish</name>
		<bndbox>
			<xmin>1108</xmin>
			<ymin>342</ymin>
			<xmax>2327</xmax>
			<ymax>1546</ymax>
		</bndbox>
	</object>
	<object>
		<name>부대찌개</name>
		<bndbox>
			<xmin>1260</xmin>
			<ymin>515</ymin>
			<xmax>2185</xmax>
			<ymax>1414</ymax>
		</bndbox>
	</object>
</annotation>