<annotation>
	<folder>top건더기국류전골냄비부대찌개q2</folder>
	<filename>top_건더기국류_전골냄비_부대찌개_Q2_00035.JPG</filename>
	<path>/top건더기국류전골냄비부대찌개q2/top_건더기국류_전골냄비_부대찌개_Q2_00035.JPG</path>
	<source>
		<database>fooddata</database>
	</source>
	<size>
		<width>3008</width>
		<height>2000</height>
		<depth>3</depth>
	</size>
	<object>
		<name>ref_spoon</name>
		<bndbox>
			<xmin>442</xmin>
			<ymin>286</ymin>
			<xmax>681</xmax>
			<ymax>672</ymax>
		</bndbox>
	</object>
	<object>
		<name>ref_fork</name>
		<bndbox>
			<xmin>727</xmin>
			<ymin>352</ymin>
			<xmax>904</xmax>
			<ymax>733</ymax>
		</bndbox>
	</object>
	<object>
		<name>ref_coin</name>
		<bndbox>
			<xmin>2347</xmin>
			<ymin>1119</ymin>
			<xmax>2520</xmax>
			<ymax>1318</ymax>
		</bndbox>
	</object>
	<object>
		<name>dish</name>
		<bndbox>
			<xmin>1047</xmin>
			<ymin>357</ymin>
			<xmax>2251</xmax>
			<ymax>1526</ymax>
		</bndbox>
	</object>
	<object>
		<name>부대찌개</name>
		<bndbox>
			<xmin>1209</xmin>
			<ymin>520</ymin>
			<xmax>2119</xmax>
			<ymax>1404</ymax>
		</bndbox>
	</object>
</annotation>