<annotation>
	<folder>side반찬부피원형배달두부김치q4</folder>
	<filename>side_반찬부피_원형배달_두부김치_Q4_00011.JPG</filename>
	<path>/side반찬부피원형배달두부김치q4/side_반찬부피_원형배달_두부김치_Q4_00011.JPG</path>
	<source>
		<database>fooddata</database>
	</source>
	<size>
		<width>3008</width>
		<height>2000</height>
		<depth>3</depth>
	</size>
	<object>
		<name>ref_spoon</name>
		<bndbox>
			<xmin>2072</xmin>
			<ymin>538</ymin>
			<xmax>2381</xmax>
			<ymax>924</ymax>
		</bndbox>
	</object>
	<object>
		<name>ref_fork</name>
		<bndbox>
			<xmin>2492</xmin>
			<ymin>545</ymin>
			<xmax>2698</xmax>
			<ymax>971</ymax>
		</bndbox>
	</object>
	<object>
		<name>ref_coin</name>
		<bndbox>
			<xmin>162</xmin>
			<ymin>479</ymin>
			<xmax>379</xmax>
			<ymax>622</ymax>
		</bndbox>
	</object>
	<object>
		<name>dish</name>
		<bndbox>
			<xmin>511</xmin>
			<ymin>349</ymin>
			<xmax>1907</xmax>
			<ymax>1654</ymax>
		</bndbox>
	</object>
	<object>
		<name>두부김치</name>
		<bndbox>
			<xmin>676</xmin>
			<ymin>693</ymin>
			<xmax>1622</xmax>
			<ymax>1229</ymax>
		</bndbox>
	</object>
</annotation>