<annotation>
	<folder>side반찬부피원형배달두부김치q4</folder>
	<filename>side_반찬부피_원형배달_두부김치_Q4_00001.JPG</filename>
	<path>/side반찬부피원형배달두부김치q4/side_반찬부피_원형배달_두부김치_Q4_00001.JPG</path>
	<source>
		<database>fooddata</database>
	</source>
	<size>
		<width>3008</width>
		<height>2000</height>
		<depth>3</depth>
	</size>
	<object>
		<name>ref_spoon</name>
		<bndbox>
			<xmin>1954</xmin>
			<ymin>474</ymin>
			<xmax>2251</xmax>
			<ymax>862</ymax>
		</bndbox>
	</object>
	<object>
		<name>ref_fork</name>
		<bndbox>
			<xmin>2349</xmin>
			<ymin>496</ymin>
			<xmax>2556</xmax>
			<ymax>934</ymax>
		</bndbox>
	</object>
	<object>
		<name>ref_coin</name>
		<bndbox>
			<xmin>1406</xmin>
			<ymin>1572</ymin>
			<xmax>1649</xmax>
			<ymax>1767</ymax>
		</bndbox>
	</object>
	<object>
		<name>dish</name>
		<bndbox>
			<xmin>386</xmin>
			<ymin>241</ymin>
			<xmax>1757</xmax>
			<ymax>1533</ymax>
		</bndbox>
	</object>
	<object>
		<name>두부김치</name>
		<bndbox>
			<xmin>602</xmin>
			<ymin>518</ymin>
			<xmax>1624</xmax>
			<ymax>1123</ymax>
		</bndbox>
	</object>
</annotation>