<annotation>
	<folder>side반찬부피원형배달두부김치q4</folder>
	<filename>side_반찬부피_원형배달_두부김치_Q4_00035.JPG</filename>
	<path>/side반찬부피원형배달두부김치q4/side_반찬부피_원형배달_두부김치_Q4_00035.JPG</path>
	<source>
		<database>fooddata</database>
	</source>
	<size>
		<width>3008</width>
		<height>2000</height>
		<depth>3</depth>
	</size>
	<object>
		<name>ref_spoon</name>
		<bndbox>
			<xmin>261</xmin>
			<ymin>629</ymin>
			<xmax>563</xmax>
			<ymax>1005</ymax>
		</bndbox>
	</object>
	<object>
		<name>ref_fork</name>
		<bndbox>
			<xmin>683</xmin>
			<ymin>703</ymin>
			<xmax>890</xmax>
			<ymax>1143</ymax>
		</bndbox>
	</object>
	<object>
		<name>ref_coin</name>
		<bndbox>
			<xmin>966</xmin>
			<ymin>926</ymin>
			<xmax>1190</xmax>
			<ymax>1084</ymax>
		</bndbox>
	</object>
	<object>
		<name>dish</name>
		<bndbox>
			<xmin>1403</xmin>
			<ymin>445</ymin>
			<xmax>2762</xmax>
			<ymax>1722</ymax>
		</bndbox>
	</object>
	<object>
		<name>두부김치</name>
		<bndbox>
			<xmin>1509</xmin>
			<ymin>806</ymin>
			<xmax>2538</xmax>
			<ymax>1307</ymax>
		</bndbox>
	</object>
</annotation>