<annotation>
	<folder>side반찬부피원형배달두부김치q4</folder>
	<filename>side_반찬부피_원형배달_두부김치_Q4_00026.JPG</filename>
	<path>/side반찬부피원형배달두부김치q4/side_반찬부피_원형배달_두부김치_Q4_00026.JPG</path>
	<source>
		<database>fooddata</database>
	</source>
	<size>
		<width>3008</width>
		<height>2000</height>
		<depth>3</depth>
	</size>
	<object>
		<name>ref_spoon</name>
		<bndbox>
			<xmin>546</xmin>
			<ymin>1479</ymin>
			<xmax>1005</xmax>
			<ymax>1752</ymax>
		</bndbox>
	</object>
	<object>
		<name>ref_fork</name>
		<bndbox>
			<xmin>728</xmin>
			<ymin>1219</ymin>
			<xmax>1234</xmax>
			<ymax>1474</ymax>
		</bndbox>
	</object>
	<object>
		<name>ref_coin</name>
		<bndbox>
			<xmin>162</xmin>
			<ymin>1037</ymin>
			<xmax>391</xmax>
			<ymax>1201</ymax>
		</bndbox>
	</object>
	<object>
		<name>dish</name>
		<bndbox>
			<xmin>949</xmin>
			<ymin>74</ymin>
			<xmax>2175</xmax>
			<ymax>1221</ymax>
		</bndbox>
	</object>
	<object>
		<name>두부김치</name>
		<bndbox>
			<xmin>1187</xmin>
			<ymin>334</ymin>
			<xmax>2040</xmax>
			<ymax>835</ymax>
		</bndbox>
	</object>
</annotation>