<annotation>
	<folder>side반찬부피원형배달두부김치q4</folder>
	<filename>side_반찬부피_원형배달_두부김치_Q4_00018.JPG</filename>
	<path>/side반찬부피원형배달두부김치q4/side_반찬부피_원형배달_두부김치_Q4_00018.JPG</path>
	<source>
		<database>fooddata</database>
	</source>
	<size>
		<width>3008</width>
		<height>2000</height>
		<depth>3</depth>
	</size>
	<object>
		<name>ref_spoon</name>
		<bndbox>
			<xmin>561</xmin>
			<ymin>1381</ymin>
			<xmax>1005</xmax>
			<ymax>1651</ymax>
		</bndbox>
	</object>
	<object>
		<name>ref_fork</name>
		<bndbox>
			<xmin>752</xmin>
			<ymin>1138</ymin>
			<xmax>1234</xmax>
			<ymax>1400</ymax>
		</bndbox>
	</object>
	<object>
		<name>ref_coin</name>
		<bndbox>
			<xmin>2140</xmin>
			<ymin>946</ymin>
			<xmax>2344</xmax>
			<ymax>1103</ymax>
		</bndbox>
	</object>
	<object>
		<name>dish</name>
		<bndbox>
			<xmin>873</xmin>
			<ymin>79</ymin>
			<xmax>2059</xmax>
			<ymax>1197</ymax>
		</bndbox>
	</object>
	<object>
		<name>두부김치</name>
		<bndbox>
			<xmin>988</xmin>
			<ymin>413</ymin>
			<xmax>1922</xmax>
			<ymax>823</ymax>
		</bndbox>
	</object>
</annotation>