<annotation>
	<folder>side반찬부피원형배달두부김치q4</folder>
	<filename>side_반찬부피_원형배달_두부김치_Q4_00029.JPG</filename>
	<path>/side반찬부피원형배달두부김치q4/side_반찬부피_원형배달_두부김치_Q4_00029.JPG</path>
	<source>
		<database>fooddata</database>
	</source>
	<size>
		<width>3008</width>
		<height>2000</height>
		<depth>3</depth>
	</size>
	<object>
		<name>ref_spoon</name>
		<bndbox>
			<xmin>487</xmin>
			<ymin>1472</ymin>
			<xmax>963</xmax>
			<ymax>1749</ymax>
		</bndbox>
	</object>
	<object>
		<name>ref_fork</name>
		<bndbox>
			<xmin>669</xmin>
			<ymin>1211</ymin>
			<xmax>1165</xmax>
			<ymax>1469</ymax>
		</bndbox>
	</object>
	<object>
		<name>ref_coin</name>
		<bndbox>
			<xmin>951</xmin>
			<ymin>1720</ymin>
			<xmax>1204</xmax>
			<ymax>1916</ymax>
		</bndbox>
	</object>
	<object>
		<name>dish</name>
		<bndbox>
			<xmin>806</xmin>
			<ymin>54</ymin>
			<xmax>2047</xmax>
			<ymax>1214</ymax>
		</bndbox>
	</object>
	<object>
		<name>두부김치</name>
		<bndbox>
			<xmin>944</xmin>
			<ymin>388</ymin>
			<xmax>1917</xmax>
			<ymax>818</ymax>
		</bndbox>
	</object>
</annotation>