<annotation>
	<folder>side반찬부피원형배달두부김치q4</folder>
	<filename>side_반찬부피_원형배달_두부김치_Q4_00041.JPG</filename>
	<path>/side반찬부피원형배달두부김치q4/side_반찬부피_원형배달_두부김치_Q4_00041.JPG</path>
	<source>
		<database>fooddata</database>
	</source>
	<size>
		<width>3008</width>
		<height>2000</height>
		<depth>3</depth>
	</size>
	<object>
		<name>ref_spoon</name>
		<bndbox>
			<xmin>126</xmin>
			<ymin>482</ymin>
			<xmax>428</xmax>
			<ymax>857</ymax>
		</bndbox>
	</object>
	<object>
		<name>ref_fork</name>
		<bndbox>
			<xmin>556</xmin>
			<ymin>548</ymin>
			<xmax>767</xmax>
			<ymax>983</ymax>
		</bndbox>
	</object>
	<object>
		<name>ref_coin</name>
		<bndbox>
			<xmin>873</xmin>
			<ymin>1541</ymin>
			<xmax>1116</xmax>
			<ymax>1735</ymax>
		</bndbox>
	</object>
	<object>
		<name>dish</name>
		<bndbox>
			<xmin>1248</xmin>
			<ymin>260</ymin>
			<xmax>2619</xmax>
			<ymax>1545</ymax>
		</bndbox>
	</object>
	<object>
		<name>두부김치</name>
		<bndbox>
			<xmin>1379</xmin>
			<ymin>634</ymin>
			<xmax>2386</xmax>
			<ymax>1128</ymax>
		</bndbox>
	</object>
</annotation>