<annotation>
	<folder>side반찬부피원형배달두부김치q4</folder>
	<filename>side_반찬부피_원형배달_두부김치_Q4_00002.JPG</filename>
	<path>/side반찬부피원형배달두부김치q4/side_반찬부피_원형배달_두부김치_Q4_00002.JPG</path>
	<source>
		<database>fooddata</database>
	</source>
	<size>
		<width>3008</width>
		<height>2000</height>
		<depth>3</depth>
	</size>
	<object>
		<name>ref_spoon</name>
		<bndbox>
			<xmin>1966</xmin>
			<ymin>435</ymin>
			<xmax>2261</xmax>
			<ymax>816</ymax>
		</bndbox>
	</object>
	<object>
		<name>ref_fork</name>
		<bndbox>
			<xmin>2361</xmin>
			<ymin>452</ymin>
			<xmax>2565</xmax>
			<ymax>877</ymax>
		</bndbox>
	</object>
	<object>
		<name>ref_coin</name>
		<bndbox>
			<xmin>1580</xmin>
			<ymin>1486</ymin>
			<xmax>1821</xmax>
			<ymax>1676</ymax>
		</bndbox>
	</object>
	<object>
		<name>dish</name>
		<bndbox>
			<xmin>556</xmin>
			<ymin>135</ymin>
			<xmax>1922</xmax>
			<ymax>1415</ymax>
		</bndbox>
	</object>
	<object>
		<name>두부김치</name>
		<bndbox>
			<xmin>750</xmin>
			<ymin>612</ymin>
			<xmax>1814</xmax>
			<ymax>1002</ymax>
		</bndbox>
	</object>
</annotation>