<annotation>
	<folder>side반찬부피원형배달두부김치q4</folder>
	<filename>side_반찬부피_원형배달_두부김치_Q4_00020.JPG</filename>
	<path>/side반찬부피원형배달두부김치q4/side_반찬부피_원형배달_두부김치_Q4_00020.JPG</path>
	<source>
		<database>fooddata</database>
	</source>
	<size>
		<width>3008</width>
		<height>2000</height>
		<depth>3</depth>
	</size>
	<object>
		<name>ref_spoon</name>
		<bndbox>
			<xmin>568</xmin>
			<ymin>1521</ymin>
			<xmax>1027</xmax>
			<ymax>1799</ymax>
		</bndbox>
	</object>
	<object>
		<name>ref_fork</name>
		<bndbox>
			<xmin>750</xmin>
			<ymin>1263</ymin>
			<xmax>1256</xmax>
			<ymax>1528</ymax>
		</bndbox>
	</object>
	<object>
		<name>ref_coin</name>
		<bndbox>
			<xmin>2231</xmin>
			<ymin>491</ymin>
			<xmax>2433</xmax>
			<ymax>634</ymax>
		</bndbox>
	</object>
	<object>
		<name>dish</name>
		<bndbox>
			<xmin>777</xmin>
			<ymin>66</ymin>
			<xmax>2010</xmax>
			<ymax>1204</ymax>
		</bndbox>
	</object>
	<object>
		<name>두부김치</name>
		<bndbox>
			<xmin>900</xmin>
			<ymin>386</ymin>
			<xmax>1720</xmax>
			<ymax>818</ymax>
		</bndbox>
	</object>
</annotation>