<annotation>
	<folder>top반찬부피원형배달두부김치</folder>
	<filename>top_반찬부피_원형배달_두부김치_Q4_00021.JPG</filename>
	<path>/top반찬부피원형배달두부김치q4/top_반찬부피_원형배달_두부김치_Q4_00021.JPG</path>
	<source>
		<database>fooddata</database>
	</source>
	<size>
		<width>3008</width>
		<height>2000</height>
		<depth>3</depth>
	</size>
	<object>
		<name>ref_spoon</name>
		<bndbox>
			<xmin>860</xmin>
			<ymin>1676</ymin>
			<xmax>1291</xmax>
			<ymax>1954</ymax>
		</bndbox>
	</object>
	<object>
		<name>ref_fork</name>
		<bndbox>
			<xmin>948</xmin>
			<ymin>1366</ymin>
			<xmax>1384</xmax>
			<ymax>1556</ymax>
		</bndbox>
	</object>
	<object>
		<name>ref_coin</name>
		<bndbox>
			<xmin>1277</xmin>
			<ymin>37</ymin>
			<xmax>1462</xmax>
			<ymax>213</ymax>
		</bndbox>
	</object>
	<object>
		<name>dish</name>
		<bndbox>
			<xmin>995</xmin>
			<ymin>199</ymin>
			<xmax>2115</xmax>
			<ymax>1292</ymax>
		</bndbox>
	</object>
	<object>
		<name>두부김치</name>
		<bndbox>
			<xmin>1078</xmin>
			<ymin>380</ymin>
			<xmax>2023</xmax>
			<ymax>1236</ymax>
		</bndbox>
	</object>
</annotation>