<annotation>
	<folder>top반찬부피원형배달두부김치</folder>
	<filename>top_반찬부피_원형배달_두부김치_Q4_00004.JPG</filename>
	<path>/top반찬부피원형배달두부김치q4/top_반찬부피_원형배달_두부김치_Q4_00004.JPG</path>
	<source>
		<database>fooddata</database>
	</source>
	<size>
		<width>3008</width>
		<height>2000</height>
		<depth>3</depth>
	</size>
	<object>
		<name>ref_spoon</name>
		<bndbox>
			<xmin>2078</xmin>
			<ymin>125</ymin>
			<xmax>2411</xmax>
			<ymax>602</ymax>
		</bndbox>
	</object>
	<object>
		<name>ref_fork</name>
		<bndbox>
			<xmin>2527</xmin>
			<ymin>171</ymin>
			<xmax>2773</xmax>
			<ymax>718</ymax>
		</bndbox>
	</object>
	<object>
		<name>ref_coin</name>
		<bndbox>
			<xmin>231</xmin>
			<ymin>713</ymin>
			<xmax>485</xmax>
			<ymax>954</ymax>
		</bndbox>
	</object>
	<object>
		<name>dish</name>
		<bndbox>
			<xmin>643</xmin>
			<ymin>185</ymin>
			<xmax>2148</xmax>
			<ymax>1676</ymax>
		</bndbox>
	</object>
	<object>
		<name>두부김치</name>
		<bndbox>
			<xmin>879</xmin>
			<ymin>361</ymin>
			<xmax>1985</xmax>
			<ymax>1565</ymax>
		</bndbox>
	</object>
</annotation>