<annotation>
	<folder>top반찬부피원형배달두부김치</folder>
	<filename>top_반찬부피_원형배달_두부김치_Q4_00047.JPG</filename>
	<path>/top반찬부피원형배달두부김치q4/top_반찬부피_원형배달_두부김치_Q4_00047.JPG</path>
	<source>
		<database>fooddata</database>
	</source>
	<size>
		<width>3008</width>
		<height>2000</height>
		<depth>3</depth>
	</size>
	<object>
		<name>ref_spoon</name>
		<bndbox>
			<xmin>425</xmin>
			<ymin>194</ymin>
			<xmax>754</xmax>
			<ymax>681</ymax>
		</bndbox>
	</object>
	<object>
		<name>ref_fork</name>
		<bndbox>
			<xmin>823</xmin>
			<ymin>185</ymin>
			<xmax>1041</xmax>
			<ymax>759</ymax>
		</bndbox>
	</object>
	<object>
		<name>ref_coin</name>
		<bndbox>
			<xmin>2268</xmin>
			<ymin>1556</ymin>
			<xmax>2495</xmax>
			<ymax>1796</ymax>
		</bndbox>
	</object>
	<object>
		<name>dish</name>
		<bndbox>
			<xmin>1171</xmin>
			<ymin>176</ymin>
			<xmax>2578</xmax>
			<ymax>1528</ymax>
		</bndbox>
	</object>
	<object>
		<name>두부김치</name>
		<bndbox>
			<xmin>1286</xmin>
			<ymin>329</ymin>
			<xmax>2347</xmax>
			<ymax>1472</ymax>
		</bndbox>
	</object>
</annotation>