<annotation>
	<folder>top반찬부피원형배달두부김치</folder>
	<filename>top_반찬부피_원형배달_두부김치_Q4_00008.JPG</filename>
	<path>/top반찬부피원형배달두부김치q4/top_반찬부피_원형배달_두부김치_Q4_00008.JPG</path>
	<source>
		<database>fooddata</database>
	</source>
	<size>
		<width>3008</width>
		<height>2000</height>
		<depth>3</depth>
	</size>
	<object>
		<name>ref_spoon</name>
		<bndbox>
			<xmin>1948</xmin>
			<ymin>148</ymin>
			<xmax>2245</xmax>
			<ymax>606</ymax>
		</bndbox>
	</object>
	<object>
		<name>ref_fork</name>
		<bndbox>
			<xmin>2347</xmin>
			<ymin>208</ymin>
			<xmax>2578</xmax>
			<ymax>690</ymax>
		</bndbox>
	</object>
	<object>
		<name>ref_coin</name>
		<bndbox>
			<xmin>1601</xmin>
			<ymin>708</ymin>
			<xmax>1823</xmax>
			<ymax>917</ymax>
		</bndbox>
	</object>
	<object>
		<name>dish</name>
		<bndbox>
			<xmin>180</xmin>
			<ymin>389</ymin>
			<xmax>1610</xmax>
			<ymax>1796</ymax>
		</bndbox>
	</object>
	<object>
		<name>두부김치</name>
		<bndbox>
			<xmin>337</xmin>
			<ymin>574</ymin>
			<xmax>1513</xmax>
			<ymax>1667</ymax>
		</bndbox>
	</object>
</annotation>