<annotation>
	<folder>top반찬부피원형배달두부김치</folder>
	<filename>top_반찬부피_원형배달_두부김치_Q4_00027.JPG</filename>
	<path>/top반찬부피원형배달두부김치q4/top_반찬부피_원형배달_두부김치_Q4_00027.JPG</path>
	<source>
		<database>fooddata</database>
	</source>
	<size>
		<width>3008</width>
		<height>2000</height>
		<depth>3</depth>
	</size>
	<object>
		<name>ref_spoon</name>
		<bndbox>
			<xmin>759</xmin>
			<ymin>1634</ymin>
			<xmax>1134</xmax>
			<ymax>1912</ymax>
		</bndbox>
	</object>
	<object>
		<name>ref_fork</name>
		<bndbox>
			<xmin>828</xmin>
			<ymin>1310</ymin>
			<xmax>1249</xmax>
			<ymax>1514</ymax>
		</bndbox>
	</object>
	<object>
		<name>ref_coin</name>
		<bndbox>
			<xmin>2069</xmin>
			<ymin>861</ymin>
			<xmax>2240</xmax>
			<ymax>1051</ymax>
		</bndbox>
	</object>
	<object>
		<name>dish</name>
		<bndbox>
			<xmin>870</xmin>
			<ymin>69</ymin>
			<xmax>2013</xmax>
			<ymax>1167</ymax>
		</bndbox>
	</object>
	<object>
		<name>두부김치</name>
		<bndbox>
			<xmin>972</xmin>
			<ymin>241</ymin>
			<xmax>1884</xmax>
			<ymax>1139</ymax>
		</bndbox>
	</object>
</annotation>