<annotation>
	<folder>top반찬부피원형배달두부김치</folder>
	<filename>top_반찬부피_원형배달_두부김치_Q4_00019.JPG</filename>
	<path>/top반찬부피원형배달두부김치q4/top_반찬부피_원형배달_두부김치_Q4_00019.JPG</path>
	<source>
		<database>fooddata</database>
	</source>
	<size>
		<width>3008</width>
		<height>2000</height>
		<depth>3</depth>
	</size>
	<object>
		<name>ref_spoon</name>
		<bndbox>
			<xmin>976</xmin>
			<ymin>1602</ymin>
			<xmax>1388</xmax>
			<ymax>1880</ymax>
		</bndbox>
	</object>
	<object>
		<name>ref_fork</name>
		<bndbox>
			<xmin>1023</xmin>
			<ymin>1278</ymin>
			<xmax>1490</xmax>
			<ymax>1472</ymax>
		</bndbox>
	</object>
	<object>
		<name>ref_coin</name>
		<bndbox>
			<xmin>740</xmin>
			<ymin>171</ymin>
			<xmax>939</xmax>
			<ymax>352</ymax>
		</bndbox>
	</object>
	<object>
		<name>dish</name>
		<bndbox>
			<xmin>1152</xmin>
			<ymin>102</ymin>
			<xmax>2305</xmax>
			<ymax>1236</ymax>
		</bndbox>
	</object>
	<object>
		<name>두부김치</name>
		<bndbox>
			<xmin>1222</xmin>
			<ymin>250</ymin>
			<xmax>2134</xmax>
			<ymax>1176</ymax>
		</bndbox>
	</object>
</annotation>