<annotation>
	<folder>top반찬부피원형배달두부김치</folder>
	<filename>top_반찬부피_원형배달_두부김치_Q4_00012.JPG</filename>
	<path>/top반찬부피원형배달두부김치q4/top_반찬부피_원형배달_두부김치_Q4_00012.JPG</path>
	<source>
		<database>fooddata</database>
	</source>
	<size>
		<width>3008</width>
		<height>2000</height>
		<depth>3</depth>
	</size>
	<object>
		<name>ref_spoon</name>
		<bndbox>
			<xmin>2115</xmin>
			<ymin>69</ymin>
			<xmax>2421</xmax>
			<ymax>523</ymax>
		</bndbox>
	</object>
	<object>
		<name>ref_fork</name>
		<bndbox>
			<xmin>2527</xmin>
			<ymin>120</ymin>
			<xmax>2740</xmax>
			<ymax>616</ymax>
		</bndbox>
	</object>
	<object>
		<name>ref_coin</name>
		<bndbox>
			<xmin>1189</xmin>
			<ymin>1611</ymin>
			<xmax>1425</xmax>
			<ymax>1829</ymax>
		</bndbox>
	</object>
	<object>
		<name>dish</name>
		<bndbox>
			<xmin>735</xmin>
			<ymin>144</ymin>
			<xmax>2110</xmax>
			<ymax>1495</ymax>
		</bndbox>
	</object>
	<object>
		<name>두부김치</name>
		<bndbox>
			<xmin>865</xmin>
			<ymin>296</ymin>
			<xmax>1967</xmax>
			<ymax>1421</ymax>
		</bndbox>
	</object>
</annotation>