<annotation>
	<folder>side주먹밥김밥류접시참치마요삼각김밥q2</folder>
	<filename>side_주먹밥김밥류_접시_참치마요삼각김밥_Q2_00048.JPG</filename>
	<path>/side주먹밥김밥류접시참치마요삼각김밥q2/side_주먹밥김밥류_접시_참치마요삼각김밥_Q2_00048.JPG</path>
	<source>
		<database>fooddata</database>
	</source>
	<size>
		<width>3008</width>
		<height>2000</height>
		<depth>3</depth>
	</size>
	<object>
		<name>ref_spoon</name>
		<bndbox>
			<xmin>487</xmin>
			<ymin>167</ymin>
			<xmax>828</xmax>
			<ymax>604</ymax>
		</bndbox>
	</object>
	<object>
		<name>ref_fork</name>
		<bndbox>
			<xmin>961</xmin>
			<ymin>172</ymin>
			<xmax>1194</xmax>
			<ymax>678</ymax>
		</bndbox>
	</object>
	<object>
		<name>ref_coin</name>
		<bndbox>
			<xmin>897</xmin>
			<ymin>1700</ymin>
			<xmax>1182</xmax>
			<ymax>1941</ymax>
		</bndbox>
	</object>
	<object>
		<name>dish</name>
		<bndbox>
			<xmin>1295</xmin>
			<ymin>302</ymin>
			<xmax>2691</xmax>
			<ymax>1405</ymax>
		</bndbox>
	</object>
	<object>
		<name>참치마요삼각김밥</name>
		<bndbox>
			<xmin>1725</xmin>
			<ymin>491</ymin>
			<xmax>2305</xmax>
			<ymax>1052</ymax>
		</bndbox>
	</object>
</annotation>