<annotation>
	<folder>side주먹밥김밥류접시참치마요삼각김밥q2</folder>
	<filename>side_주먹밥김밥류_접시_참치마요삼각김밥_Q2_00036.JPG</filename>
	<path>/side주먹밥김밥류접시참치마요삼각김밥q2/side_주먹밥김밥류_접시_참치마요삼각김밥_Q2_00036.JPG</path>
	<source>
		<database>fooddata</database>
	</source>
	<size>
		<width>3008</width>
		<height>2000</height>
		<depth>3</depth>
	</size>
	<object>
		<name>ref_spoon</name>
		<bndbox>
			<xmin>389</xmin>
			<ymin>150</ymin>
			<xmax>701</xmax>
			<ymax>572</ymax>
		</bndbox>
	</object>
	<object>
		<name>ref_fork</name>
		<bndbox>
			<xmin>833</xmin>
			<ymin>145</ymin>
			<xmax>1047</xmax>
			<ymax>627</ymax>
		</bndbox>
	</object>
	<object>
		<name>ref_coin</name>
		<bndbox>
			<xmin>2089</xmin>
			<ymin>1364</ymin>
			<xmax>2349</xmax>
			<ymax>1580</ymax>
		</bndbox>
	</object>
	<object>
		<name>dish</name>
		<bndbox>
			<xmin>1148</xmin>
			<ymin>248</ymin>
			<xmax>2428</xmax>
			<ymax>1273</ymax>
		</bndbox>
	</object>
	<object>
		<name>참치마요삼각김밥</name>
		<bndbox>
			<xmin>1511</xmin>
			<ymin>398</ymin>
			<xmax>2047</xmax>
			<ymax>941</ymax>
		</bndbox>
	</object>
</annotation>