<annotation>
	<folder>side주먹밥김밥류접시참치마요삼각김밥q2</folder>
	<filename>side_주먹밥김밥류_접시_참치마요삼각김밥_Q2_00029.JPG</filename>
	<path>/side주먹밥김밥류접시참치마요삼각김밥q2/side_주먹밥김밥류_접시_참치마요삼각김밥_Q2_00029.JPG</path>
	<source>
		<database>fooddata</database>
	</source>
	<size>
		<width>3008</width>
		<height>2000</height>
		<depth>3</depth>
	</size>
	<object>
		<name>ref_spoon</name>
		<bndbox>
			<xmin>595</xmin>
			<ymin>1428</ymin>
			<xmax>1067</xmax>
			<ymax>1717</ymax>
		</bndbox>
	</object>
	<object>
		<name>ref_fork</name>
		<bndbox>
			<xmin>693</xmin>
			<ymin>1182</ymin>
			<xmax>1199</xmax>
			<ymax>1450</ymax>
		</bndbox>
	</object>
	<object>
		<name>ref_coin</name>
		<bndbox>
			<xmin>180</xmin>
			<ymin>1442</ymin>
			<xmax>411</xmax>
			<ymax>1639</ymax>
		</bndbox>
	</object>
	<object>
		<name>dish</name>
		<bndbox>
			<xmin>1040</xmin>
			<ymin>278</ymin>
			<xmax>2192</xmax>
			<ymax>1133</ymax>
		</bndbox>
	</object>
	<object>
		<name>참치마요삼각김밥</name>
		<bndbox>
			<xmin>1347</xmin>
			<ymin>405</ymin>
			<xmax>1860</xmax>
			<ymax>887</ymax>
		</bndbox>
	</object>
</annotation>