<annotation>
	<folder>side주먹밥김밥류접시참치마요삼각김밥q2</folder>
	<filename>side_주먹밥김밥류_접시_참치마요삼각김밥_Q2_00032.JPG</filename>
	<path>/side주먹밥김밥류접시참치마요삼각김밥q2/side_주먹밥김밥류_접시_참치마요삼각김밥_Q2_00032.JPG</path>
	<source>
		<database>fooddata</database>
	</source>
	<size>
		<width>3008</width>
		<height>2000</height>
		<depth>3</depth>
	</size>
	<object>
		<name>ref_spoon</name>
		<bndbox>
			<xmin>556</xmin>
			<ymin>1194</ymin>
			<xmax>1037</xmax>
			<ymax>1496</ymax>
		</bndbox>
	</object>
	<object>
		<name>ref_fork</name>
		<bndbox>
			<xmin>666</xmin>
			<ymin>946</ymin>
			<xmax>1182</xmax>
			<ymax>1236</ymax>
		</bndbox>
	</object>
	<object>
		<name>ref_coin</name>
		<bndbox>
			<xmin>1627</xmin>
			<ymin>1600</ymin>
			<xmax>1875</xmax>
			<ymax>1813</ymax>
		</bndbox>
	</object>
	<object>
		<name>dish</name>
		<bndbox>
			<xmin>993</xmin>
			<ymin>113</ymin>
			<xmax>2133</xmax>
			<ymax>975</ymax>
		</bndbox>
	</object>
	<object>
		<name>참치마요삼각김밥</name>
		<bndbox>
			<xmin>1327</xmin>
			<ymin>241</ymin>
			<xmax>1823</xmax>
			<ymax>717</ymax>
		</bndbox>
	</object>
</annotation>