<annotation>
	<folder>side주먹밥김밥류접시참치마요삼각김밥q2</folder>
	<filename>side_주먹밥김밥류_접시_참치마요삼각김밥_Q2_00001.JPG</filename>
	<path>/side주먹밥김밥류접시참치마요삼각김밥q2/side_주먹밥김밥류_접시_참치마요삼각김밥_Q2_00001.JPG</path>
	<source>
		<database>fooddata</database>
	</source>
	<size>
		<width>3008</width>
		<height>2000</height>
		<depth>3</depth>
	</size>
	<object>
		<name>ref_spoon</name>
		<bndbox>
			<xmin>1666</xmin>
			<ymin>373</ymin>
			<xmax>1946</xmax>
			<ymax>767</ymax>
		</bndbox>
	</object>
	<object>
		<name>ref_fork</name>
		<bndbox>
			<xmin>2081</xmin>
			<ymin>388</ymin>
			<xmax>2290</xmax>
			<ymax>823</ymax>
		</bndbox>
	</object>
	<object>
		<name>ref_coin</name>
		<bndbox>
			<xmin>1413</xmin>
			<ymin>1383</ymin>
			<xmax>1654</xmax>
			<ymax>1585</ymax>
		</bndbox>
	</object>
	<object>
		<name>dish</name>
		<bndbox>
			<xmin>479</xmin>
			<ymin>396</ymin>
			<xmax>1639</xmax>
			<ymax>1292</ymax>
		</bndbox>
	</object>
	<object>
		<name>참치마요삼각김밥</name>
		<bndbox>
			<xmin>833</xmin>
			<ymin>548</ymin>
			<xmax>1251</xmax>
			<ymax>1071</ymax>
		</bndbox>
	</object>
</annotation>