<annotation>
	<folder>top주먹밥김밥류접시참치마요삼각김밥q2</folder>
	<filename>top_주먹밥김밥류_접시_참치마요삼각김밥_Q2_00054.JPG</filename>
	<path>/top주먹밥김밥류접시참치마요삼각김밥q2/top_주먹밥김밥류_접시_참치마요삼각김밥_Q2_00054.JPG</path>
	<source>
		<database>fooddata</database>
	</source>
	<size>
		<width>3008</width>
		<height>2000</height>
		<depth>3</depth>
	</size>
	<object>
		<name>ref_spoon</name>
		<bndbox>
			<xmin>227</xmin>
			<ymin>230</ymin>
			<xmax>530</xmax>
			<ymax>824</ymax>
		</bndbox>
	</object>
	<object>
		<name>ref_fork</name>
		<bndbox>
			<xmin>680</xmin>
			<ymin>288</ymin>
			<xmax>885</xmax>
			<ymax>913</ymax>
		</bndbox>
	</object>
	<object>
		<name>ref_coin</name>
		<bndbox>
			<xmin>2595</xmin>
			<ymin>802</ymin>
			<xmax>2806</xmax>
			<ymax>1008</ymax>
		</bndbox>
	</object>
	<object>
		<name>dish</name>
		<bndbox>
			<xmin>1094</xmin>
			<ymin>432</ymin>
			<xmax>2304</xmax>
			<ymax>1639</ymax>
		</bndbox>
	</object>
	<object>
		<name>참치마요삼각김밥</name>
		<bndbox>
			<xmin>1397</xmin>
			<ymin>778</ymin>
			<xmax>1960</xmax>
			<ymax>1403</ymax>
		</bndbox>
	</object>
</annotation>