<annotation>
	<folder>top주먹밥김밥류접시참치마요삼각김밥q2</folder>
	<filename>top_주먹밥김밥류_접시_참치마요삼각김밥_Q2_00046.JPG</filename>
	<path>/top주먹밥김밥류접시참치마요삼각김밥q2/top_주먹밥김밥류_접시_참치마요삼각김밥_Q2_00046.JPG</path>
	<source>
		<database>fooddata</database>
	</source>
	<size>
		<width>3008</width>
		<height>2000</height>
		<depth>3</depth>
	</size>
	<object>
		<name>ref_spoon</name>
		<bndbox>
			<xmin>256</xmin>
			<ymin>236</ymin>
			<xmax>563</xmax>
			<ymax>740</ymax>
		</bndbox>
	</object>
	<object>
		<name>ref_fork</name>
		<bndbox>
			<xmin>723</xmin>
			<ymin>275</ymin>
			<xmax>919</xmax>
			<ymax>830</ymax>
		</bndbox>
	</object>
	<object>
		<name>ref_coin</name>
		<bndbox>
			<xmin>2393</xmin>
			<ymin>317</ymin>
			<xmax>2602</xmax>
			<ymax>518</ymax>
		</bndbox>
	</object>
	<object>
		<name>dish</name>
		<bndbox>
			<xmin>1027</xmin>
			<ymin>314</ymin>
			<xmax>2256</xmax>
			<ymax>1523</ymax>
		</bndbox>
	</object>
	<object>
		<name>참치마요삼각김밥</name>
		<bndbox>
			<xmin>1369</xmin>
			<ymin>595</ymin>
			<xmax>1998</xmax>
			<ymax>1179</ymax>
		</bndbox>
	</object>
</annotation>