<annotation>
	<folder>top주먹밥김밥류접시참치마요삼각김밥q2</folder>
	<filename>top_주먹밥김밥류_접시_참치마요삼각김밥_Q2_00007.JPG</filename>
	<path>/top주먹밥김밥류접시참치마요삼각김밥q2/top_주먹밥김밥류_접시_참치마요삼각김밥_Q2_00007.JPG</path>
	<source>
		<database>fooddata</database>
	</source>
	<size>
		<width>3008</width>
		<height>2000</height>
		<depth>3</depth>
	</size>
	<object>
		<name>ref_spoon</name>
		<bndbox>
			<xmin>1869</xmin>
			<ymin>214</ymin>
			<xmax>2166</xmax>
			<ymax>830</ymax>
		</bndbox>
	</object>
	<object>
		<name>ref_fork</name>
		<bndbox>
			<xmin>2267</xmin>
			<ymin>273</ymin>
			<xmax>2484</xmax>
			<ymax>833</ymax>
		</bndbox>
	</object>
	<object>
		<name>ref_coin</name>
		<bndbox>
			<xmin>325</xmin>
			<ymin>524</ymin>
			<xmax>548</xmax>
			<ymax>732</ymax>
		</bndbox>
	</object>
	<object>
		<name>dish</name>
		<bndbox>
			<xmin>613</xmin>
			<ymin>484</ymin>
			<xmax>1826</xmax>
			<ymax>1703</ymax>
		</bndbox>
	</object>
	<object>
		<name>참치마요삼각김밥</name>
		<bndbox>
			<xmin>1011</xmin>
			<ymin>833</ymin>
			<xmax>1666</xmax>
			<ymax>1403</ymax>
		</bndbox>
	</object>
</annotation>