<annotation>
	<folder>top주먹밥김밥류접시참치마요삼각김밥q2</folder>
	<filename>top_주먹밥김밥류_접시_참치마요삼각김밥_Q2_00018.JPG</filename>
	<path>/top주먹밥김밥류접시참치마요삼각김밥q2/top_주먹밥김밥류_접시_참치마요삼각김밥_Q2_00018.JPG</path>
	<source>
		<database>fooddata</database>
	</source>
	<size>
		<width>3008</width>
		<height>2000</height>
		<depth>3</depth>
	</size>
	<object>
		<name>ref_spoon</name>
		<bndbox>
			<xmin>720</xmin>
			<ymin>1553</ymin>
			<xmax>1213</xmax>
			<ymax>1826</ymax>
		</bndbox>
	</object>
	<object>
		<name>ref_fork</name>
		<bndbox>
			<xmin>726</xmin>
			<ymin>1222</ymin>
			<xmax>1238</xmax>
			<ymax>1406</ymax>
		</bndbox>
	</object>
	<object>
		<name>ref_coin</name>
		<bndbox>
			<xmin>686</xmin>
			<ymin>588</ymin>
			<xmax>891</xmax>
			<ymax>778</ymax>
		</bndbox>
	</object>
	<object>
		<name>dish</name>
		<bndbox>
			<xmin>983</xmin>
			<ymin>190</ymin>
			<xmax>2025</xmax>
			<ymax>1225</ymax>
		</bndbox>
	</object>
	<object>
		<name>참치마요삼각김밥</name>
		<bndbox>
			<xmin>1314</xmin>
			<ymin>450</ymin>
			<xmax>1740</xmax>
			<ymax>971</ymax>
		</bndbox>
	</object>
</annotation>