<annotation>
	<folder>top주먹밥김밥류접시참치마요삼각김밥q2</folder>
	<filename>top_주먹밥김밥류_접시_참치마요삼각김밥_Q2_00029.JPG</filename>
	<path>/top주먹밥김밥류접시참치마요삼각김밥q2/top_주먹밥김밥류_접시_참치마요삼각김밥_Q2_00029.JPG</path>
	<source>
		<database>fooddata</database>
	</source>
	<size>
		<width>3008</width>
		<height>2000</height>
		<depth>3</depth>
	</size>
	<object>
		<name>ref_spoon</name>
		<bndbox>
			<xmin>751</xmin>
			<ymin>1492</ymin>
			<xmax>1225</xmax>
			<ymax>1749</ymax>
		</bndbox>
	</object>
	<object>
		<name>ref_fork</name>
		<bndbox>
			<xmin>751</xmin>
			<ymin>1191</ymin>
			<xmax>1204</xmax>
			<ymax>1372</ymax>
		</bndbox>
	</object>
	<object>
		<name>ref_coin</name>
		<bndbox>
			<xmin>2028</xmin>
			<ymin>1136</ymin>
			<xmax>2206</xmax>
			<ymax>1308</ymax>
		</bndbox>
	</object>
	<object>
		<name>dish</name>
		<bndbox>
			<xmin>885</xmin>
			<ymin>205</ymin>
			<xmax>1823</xmax>
			<ymax>1142</ymax>
		</bndbox>
	</object>
	<object>
		<name>참치마요삼각김밥</name>
		<bndbox>
			<xmin>1124</xmin>
			<ymin>432</ymin>
			<xmax>1617</xmax>
			<ymax>839</ymax>
		</bndbox>
	</object>
</annotation>