<annotation>
	<folder>top주먹밥김밥류접시참치마요삼각김밥q2</folder>
	<filename>top_주먹밥김밥류_접시_참치마요삼각김밥_Q2_00027.JPG</filename>
	<path>/top주먹밥김밥류접시참치마요삼각김밥q2/top_주먹밥김밥류_접시_참치마요삼각김밥_Q2_00027.JPG</path>
	<source>
		<database>fooddata</database>
	</source>
	<size>
		<width>3008</width>
		<height>2000</height>
		<depth>3</depth>
	</size>
	<object>
		<name>ref_spoon</name>
		<bndbox>
			<xmin>827</xmin>
			<ymin>1479</ymin>
			<xmax>1253</xmax>
			<ymax>1727</ymax>
		</bndbox>
	</object>
	<object>
		<name>ref_fork</name>
		<bndbox>
			<xmin>827</xmin>
			<ymin>1179</ymin>
			<xmax>1265</xmax>
			<ymax>1354</ymax>
		</bndbox>
	</object>
	<object>
		<name>ref_coin</name>
		<bndbox>
			<xmin>2009</xmin>
			<ymin>744</ymin>
			<xmax>2181</xmax>
			<ymax>910</ymax>
		</bndbox>
	</object>
	<object>
		<name>dish</name>
		<bndbox>
			<xmin>904</xmin>
			<ymin>129</ymin>
			<xmax>1853</xmax>
			<ymax>1069</ymax>
		</bndbox>
	</object>
	<object>
		<name>참치마요삼각김밥</name>
		<bndbox>
			<xmin>1130</xmin>
			<ymin>343</ymin>
			<xmax>1630</xmax>
			<ymax>784</ymax>
		</bndbox>
	</object>
</annotation>