<annotation>
	<folder>top주먹밥김밥류접시참치마요삼각김밥q2</folder>
	<filename>top_주먹밥김밥류_접시_참치마요삼각김밥_Q2_00035.JPG</filename>
	<path>/top주먹밥김밥류접시참치마요삼각김밥q2/top_주먹밥김밥류_접시_참치마요삼각김밥_Q2_00035.JPG</path>
	<source>
		<database>fooddata</database>
	</source>
	<size>
		<width>3008</width>
		<height>2000</height>
		<depth>3</depth>
	</size>
	<object>
		<name>ref_spoon</name>
		<bndbox>
			<xmin>297</xmin>
			<ymin>122</ymin>
			<xmax>622</xmax>
			<ymax>741</ymax>
		</bndbox>
	</object>
	<object>
		<name>ref_fork</name>
		<bndbox>
			<xmin>708</xmin>
			<ymin>150</ymin>
			<xmax>919</xmax>
			<ymax>741</ymax>
		</bndbox>
	</object>
	<object>
		<name>ref_coin</name>
		<bndbox>
			<xmin>1345</xmin>
			<ymin>1602</ymin>
			<xmax>1565</xmax>
			<ymax>1829</ymax>
		</bndbox>
	</object>
	<object>
		<name>dish</name>
		<bndbox>
			<xmin>1014</xmin>
			<ymin>187</ymin>
			<xmax>2255</xmax>
			<ymax>1409</ymax>
		</bndbox>
	</object>
	<object>
		<name>참치마요삼각김밥</name>
		<bndbox>
			<xmin>1290</xmin>
			<ymin>395</ymin>
			<xmax>1942</xmax>
			<ymax>1047</ymax>
		</bndbox>
	</object>
</annotation>