<annotation>
	<folder>top주먹밥김밥류접시참치마요삼각김밥q2</folder>
	<filename>top_주먹밥김밥류_접시_참치마요삼각김밥_Q2_00044.JPG</filename>
	<path>/top주먹밥김밥류접시참치마요삼각김밥q2/top_주먹밥김밥류_접시_참치마요삼각김밥_Q2_00044.JPG</path>
	<source>
		<database>fooddata</database>
	</source>
	<size>
		<width>3008</width>
		<height>2000</height>
		<depth>3</depth>
	</size>
	<object>
		<name>ref_spoon</name>
		<bndbox>
			<xmin>231</xmin>
			<ymin>157</ymin>
			<xmax>538</xmax>
			<ymax>661</ymax>
		</bndbox>
	</object>
	<object>
		<name>ref_fork</name>
		<bndbox>
			<xmin>703</xmin>
			<ymin>197</ymin>
			<xmax>900</xmax>
			<ymax>747</ymax>
		</bndbox>
	</object>
	<object>
		<name>ref_coin</name>
		<bndbox>
			<xmin>2524</xmin>
			<ymin>811</ymin>
			<xmax>2725</xmax>
			<ymax>1027</ymax>
		</bndbox>
	</object>
	<object>
		<name>dish</name>
		<bndbox>
			<xmin>1008</xmin>
			<ymin>229</ymin>
			<xmax>2231</xmax>
			<ymax>1428</ymax>
		</bndbox>
	</object>
	<object>
		<name>참치마요삼각김밥</name>
		<bndbox>
			<xmin>1433</xmin>
			<ymin>496</ymin>
			<xmax>1934</xmax>
			<ymax>1103</ymax>
		</bndbox>
	</object>
</annotation>