<annotation>
	<folder>side밥류밥그릇콩밥q4</folder>
	<filename>side_밥류_밥그릇_콩밥_Q4_00035.JPG</filename>
	<path>/side밥류밥그릇콩밥q4/side_밥류_밥그릇_콩밥_Q4_00035.JPG</path>
	<source>
		<database>fooddata</database>
	</source>
	<size>
		<width>5472</width>
		<height>3648</height>
		<depth>3</depth>
	</size>
	<object>
		<name>ref_spoon</name>
		<bndbox>
			<xmin>1150</xmin>
			<ymin>1116</ymin>
			<xmax>1692</xmax>
			<ymax>1954</ymax>
		</bndbox>
	</object>
	<object>
		<name>ref_fork</name>
		<bndbox>
			<xmin>1983</xmin>
			<ymin>1116</ymin>
			<xmax>2337</xmax>
			<ymax>2088</ymax>
		</bndbox>
	</object>
	<object>
		<name>ref_coin</name>
		<bndbox>
			<xmin>4457</xmin>
			<ymin>2877</ymin>
			<xmax>4901</xmax>
			<ymax>3218</ymax>
		</bndbox>
	</object>
	<object>
		<name>dish</name>
		<bndbox>
			<xmin>2422</xmin>
			<ymin>1201</ymin>
			<xmax>4291</xmax>
			<ymax>2716</ymax>
		</bndbox>
	</object>
	<object>
		<name>콩밥</name>
		<bndbox>
			<xmin>2602</xmin>
			<ymin>1336</ymin>
			<xmax>4175</xmax>
			<ymax>2438</ymax>
		</bndbox>
	</object>
</annotation>