<annotation>
	<folder>side밥류밥그릇콩밥q4</folder>
	<filename>side_밥류_밥그릇_콩밥_Q4_00013.JPG</filename>
	<path>/side밥류밥그릇콩밥q4/side_밥류_밥그릇_콩밥_Q4_00013.JPG</path>
	<source>
		<database>fooddata</database>
	</source>
	<size>
		<width>5472</width>
		<height>3648</height>
		<depth>3</depth>
	</size>
	<object>
		<name>ref_spoon</name>
		<bndbox>
			<xmin>1244</xmin>
			<ymin>2447</ymin>
			<xmax>2391</xmax>
			<ymax>2962</ymax>
		</bndbox>
	</object>
	<object>
		<name>ref_fork</name>
		<bndbox>
			<xmin>1405</xmin>
			<ymin>1949</ymin>
			<xmax>2570</xmax>
			<ymax>2420</ymax>
		</bndbox>
	</object>
	<object>
		<name>ref_coin</name>
		<bndbox>
			<xmin>4094</xmin>
			<ymin>1291</ymin>
			<xmax>4502</xmax>
			<ymax>1582</ymax>
		</bndbox>
	</object>
	<object>
		<name>dish</name>
		<bndbox>
			<xmin>2234</xmin>
			<ymin>390</ymin>
			<xmax>4076</xmax>
			<ymax>1855</ymax>
		</bndbox>
	</object>
	<object>
		<name>콩밥</name>
		<bndbox>
			<xmin>2391</xmin>
			<ymin>735</ymin>
			<xmax>3892</xmax>
			<ymax>1578</ymax>
		</bndbox>
	</object>
</annotation>