<annotation>
	<folder>side밥류밥그릇콩밥q4</folder>
	<filename>side_밥류_밥그릇_콩밥_Q4_00052.JPG</filename>
	<path>/side밥류밥그릇콩밥q4/side_밥류_밥그릇_콩밥_Q4_00052.JPG</path>
	<source>
		<database>fooddata</database>
	</source>
	<size>
		<width>5472</width>
		<height>3648</height>
		<depth>3</depth>
	</size>
	<object>
		<name>ref_spoon</name>
		<bndbox>
			<xmin>576</xmin>
			<ymin>834</ymin>
			<xmax>1132</xmax>
			<ymax>1712</ymax>
		</bndbox>
	</object>
	<object>
		<name>ref_fork</name>
		<bndbox>
			<xmin>1423</xmin>
			<ymin>843</ymin>
			<xmax>1795</xmax>
			<ymax>1757</ymax>
		</bndbox>
	</object>
	<object>
		<name>ref_coin</name>
		<bndbox>
			<xmin>2875</xmin>
			<ymin>2891</ymin>
			<xmax>3314</xmax>
			<ymax>3240</ymax>
		</bndbox>
	</object>
	<object>
		<name>dish</name>
		<bndbox>
			<xmin>2073</xmin>
			<ymin>869</ymin>
			<xmax>3942</xmax>
			<ymax>2375</ymax>
		</bndbox>
	</object>
	<object>
		<name>콩밥</name>
		<bndbox>
			<xmin>2185</xmin>
			<ymin>1040</ymin>
			<xmax>3807</xmax>
			<ymax>2111</ymax>
		</bndbox>
	</object>
</annotation>