<annotation>
	<folder>side밥류밥그릇콩밥q4</folder>
	<filename>side_밥류_밥그릇_콩밥_Q4_00010.JPG</filename>
	<path>/side밥류밥그릇콩밥q4/side_밥류_밥그릇_콩밥_Q4_00010.JPG</path>
	<source>
		<database>fooddata</database>
	</source>
	<size>
		<width>5472</width>
		<height>3648</height>
		<depth>3</depth>
	</size>
	<object>
		<name>ref_spoon</name>
		<bndbox>
			<xmin>3968</xmin>
			<ymin>1170</ymin>
			<xmax>4506</xmax>
			<ymax>2035</ymax>
		</bndbox>
	</object>
	<object>
		<name>ref_fork</name>
		<bndbox>
			<xmin>4762</xmin>
			<ymin>1183</ymin>
			<xmax>5138</xmax>
			<ymax>2151</ymax>
		</bndbox>
	</object>
	<object>
		<name>ref_coin</name>
		<bndbox>
			<xmin>1795</xmin>
			<ymin>748</ymin>
			<xmax>2162</xmax>
			<ymax>995</ymax>
		</bndbox>
	</object>
	<object>
		<name>dish</name>
		<bndbox>
			<xmin>1858</xmin>
			<ymin>986</ymin>
			<xmax>3655</xmax>
			<ymax>2447</ymax>
		</bndbox>
	</object>
	<object>
		<name>콩밥</name>
		<bndbox>
			<xmin>2068</xmin>
			<ymin>1206</ymin>
			<xmax>3493</xmax>
			<ymax>2169</ymax>
		</bndbox>
	</object>
</annotation>