<annotation>
	<folder>side밥류밥그릇콩밥q4</folder>
	<filename>side_밥류_밥그릇_콩밥_Q4_00022.JPG</filename>
	<path>/side밥류밥그릇콩밥q4/side_밥류_밥그릇_콩밥_Q4_00022.JPG</path>
	<source>
		<database>fooddata</database>
	</source>
	<size>
		<width>5472</width>
		<height>3648</height>
		<depth>3</depth>
	</size>
	<object>
		<name>ref_spoon</name>
		<bndbox>
			<xmin>1163</xmin>
			<ymin>2505</ymin>
			<xmax>2279</xmax>
			<ymax>3034</ymax>
		</bndbox>
	</object>
	<object>
		<name>ref_fork</name>
		<bndbox>
			<xmin>1329</xmin>
			<ymin>2008</ymin>
			<xmax>2494</xmax>
			<ymax>2483</ymax>
		</bndbox>
	</object>
	<object>
		<name>ref_coin</name>
		<bndbox>
			<xmin>1266</xmin>
			<ymin>1295</ymin>
			<xmax>1669</xmax>
			<ymax>1586</ymax>
		</bndbox>
	</object>
	<object>
		<name>dish</name>
		<bndbox>
			<xmin>2265</xmin>
			<ymin>529</ymin>
			<xmax>4121</xmax>
			<ymax>2003</ymax>
		</bndbox>
	</object>
	<object>
		<name>콩밥</name>
		<bndbox>
			<xmin>2449</xmin>
			<ymin>820</ymin>
			<xmax>4004</xmax>
			<ymax>1734</ymax>
		</bndbox>
	</object>
</annotation>