<annotation>
	<folder>side밥류밥그릇콩밥q4</folder>
	<filename>side_밥류_밥그릇_콩밥_Q4_00045.JPG</filename>
	<path>/side밥류밥그릇콩밥q4/side_밥류_밥그릇_콩밥_Q4_00045.JPG</path>
	<source>
		<database>fooddata</database>
	</source>
	<size>
		<width>5472</width>
		<height>3648</height>
		<depth>3</depth>
	</size>
	<object>
		<name>ref_spoon</name>
		<bndbox>
			<xmin>813</xmin>
			<ymin>1116</ymin>
			<xmax>1351</xmax>
			<ymax>1981</ymax>
		</bndbox>
	</object>
	<object>
		<name>ref_fork</name>
		<bndbox>
			<xmin>1642</xmin>
			<ymin>1129</ymin>
			<xmax>2006</xmax>
			<ymax>2057</ymax>
		</bndbox>
	</object>
	<object>
		<name>ref_coin</name>
		<bndbox>
			<xmin>2279</xmin>
			<ymin>735</ymin>
			<xmax>2655</xmax>
			<ymax>986</ymax>
		</bndbox>
	</object>
	<object>
		<name>dish</name>
		<bndbox>
			<xmin>2207</xmin>
			<ymin>1188</ymin>
			<xmax>4076</xmax>
			<ymax>2684</ymax>
		</bndbox>
	</object>
	<object>
		<name>콩밥</name>
		<bndbox>
			<xmin>2413</xmin>
			<ymin>1246</ymin>
			<xmax>3955</xmax>
			<ymax>2411</ymax>
		</bndbox>
	</object>
</annotation>