<annotation>
	<folder>side밥류밥그릇콩밥q4</folder>
	<filename>side_밥류_밥그릇_콩밥_Q4_00007.JPG</filename>
	<path>/side밥류밥그릇콩밥q4/side_밥류_밥그릇_콩밥_Q4_00007.JPG</path>
	<source>
		<database>fooddata</database>
	</source>
	<size>
		<width>5472</width>
		<height>3648</height>
		<depth>3</depth>
	</size>
	<object>
		<name>ref_spoon</name>
		<bndbox>
			<xmin>3879</xmin>
			<ymin>1416</ymin>
			<xmax>4412</xmax>
			<ymax>2236</ymax>
		</bndbox>
	</object>
	<object>
		<name>ref_fork</name>
		<bndbox>
			<xmin>4663</xmin>
			<ymin>1439</ymin>
			<xmax>5040</xmax>
			<ymax>2425</ymax>
		</bndbox>
	</object>
	<object>
		<name>ref_coin</name>
		<bndbox>
			<xmin>1365</xmin>
			<ymin>2353</ymin>
			<xmax>1772</xmax>
			<ymax>2644</ymax>
		</bndbox>
	</object>
	<object>
		<name>dish</name>
		<bndbox>
			<xmin>2006</xmin>
			<ymin>1223</ymin>
			<xmax>3834</xmax>
			<ymax>2671</ymax>
		</bndbox>
	</object>
	<object>
		<name>콩밥</name>
		<bndbox>
			<xmin>2140</xmin>
			<ymin>1403</ymin>
			<xmax>3650</xmax>
			<ymax>2393</ymax>
		</bndbox>
	</object>
</annotation>