<annotation>
	<folder>side밥류밥그릇콩밥q4</folder>
	<filename>side_밥류_밥그릇_콩밥_Q4_00025.JPG</filename>
	<path>/side밥류밥그릇콩밥q4/side_밥류_밥그릇_콩밥_Q4_00025.JPG</path>
	<source>
		<database>fooddata</database>
	</source>
	<size>
		<width>5472</width>
		<height>3648</height>
		<depth>3</depth>
	</size>
	<object>
		<name>ref_spoon</name>
		<bndbox>
			<xmin>1226</xmin>
			<ymin>569</ymin>
			<xmax>1763</xmax>
			<ymax>1448</ymax>
		</bndbox>
	</object>
	<object>
		<name>ref_fork</name>
		<bndbox>
			<xmin>2055</xmin>
			<ymin>569</ymin>
			<xmax>2413</xmax>
			<ymax>1533</ymax>
		</bndbox>
	</object>
	<object>
		<name>ref_coin</name>
		<bndbox>
			<xmin>2933</xmin>
			<ymin>2505</ymin>
			<xmax>3363</xmax>
			<ymax>2850</ymax>
		</bndbox>
	</object>
	<object>
		<name>dish</name>
		<bndbox>
			<xmin>2507</xmin>
			<ymin>641</ymin>
			<xmax>4385</xmax>
			<ymax>2147</ymax>
		</bndbox>
	</object>
	<object>
		<name>콩밥</name>
		<bndbox>
			<xmin>2673</xmin>
			<ymin>883</ymin>
			<xmax>4242</xmax>
			<ymax>1873</ymax>
		</bndbox>
	</object>
</annotation>