<annotation>
	<folder>side밥류밥그릇콩밥q4</folder>
	<filename>side_밥류_밥그릇_콩밥_Q4_00040.JPG</filename>
	<path>/side밥류밥그릇콩밥q4/side_밥류_밥그릇_콩밥_Q4_00040.JPG</path>
	<source>
		<database>fooddata</database>
	</source>
	<size>
		<width>5472</width>
		<height>3648</height>
		<depth>3</depth>
	</size>
	<object>
		<name>ref_spoon</name>
		<bndbox>
			<xmin>943</xmin>
			<ymin>699</ymin>
			<xmax>1472</xmax>
			<ymax>1546</ymax>
		</bndbox>
	</object>
	<object>
		<name>ref_fork</name>
		<bndbox>
			<xmin>1768</xmin>
			<ymin>699</ymin>
			<xmax>2118</xmax>
			<ymax>1645</ymax>
		</bndbox>
	</object>
	<object>
		<name>ref_coin</name>
		<bndbox>
			<xmin>4739</xmin>
			<ymin>1371</ymin>
			<xmax>5147</xmax>
			<ymax>1654</ymax>
		</bndbox>
	</object>
	<object>
		<name>dish</name>
		<bndbox>
			<xmin>2207</xmin>
			<ymin>744</ymin>
			<xmax>4040</xmax>
			<ymax>2214</ymax>
		</bndbox>
	</object>
	<object>
		<name>콩밥</name>
		<bndbox>
			<xmin>2360</xmin>
			<ymin>941</ymin>
			<xmax>3870</xmax>
			<ymax>1958</ymax>
		</bndbox>
	</object>
</annotation>