<annotation>
	<folder>side밥류밥그릇콩밥q4</folder>
	<filename>side_밥류_밥그릇_콩밥_Q4_00050.JPG</filename>
	<path>/side밥류밥그릇콩밥q4/side_밥류_밥그릇_콩밥_Q4_00050.JPG</path>
	<source>
		<database>fooddata</database>
	</source>
	<size>
		<width>5472</width>
		<height>3648</height>
		<depth>3</depth>
	</size>
	<object>
		<name>ref_spoon</name>
		<bndbox>
			<xmin>567</xmin>
			<ymin>766</ymin>
			<xmax>1114</xmax>
			<ymax>1627</ymax>
		</bndbox>
	</object>
	<object>
		<name>ref_fork</name>
		<bndbox>
			<xmin>1414</xmin>
			<ymin>780</ymin>
			<xmax>1777</xmax>
			<ymax>1766</ymax>
		</bndbox>
	</object>
	<object>
		<name>ref_coin</name>
		<bndbox>
			<xmin>2221</xmin>
			<ymin>2716</ymin>
			<xmax>2660</xmax>
			<ymax>3061</ymax>
		</bndbox>
	</object>
	<object>
		<name>dish</name>
		<bndbox>
			<xmin>1961</xmin>
			<ymin>816</ymin>
			<xmax>3830</xmax>
			<ymax>2312</ymax>
		</bndbox>
	</object>
	<object>
		<name>콩밥</name>
		<bndbox>
			<xmin>2149</xmin>
			<ymin>977</ymin>
			<xmax>3709</xmax>
			<ymax>2039</ymax>
		</bndbox>
	</object>
</annotation>