<annotation>
	<folder>top밥류밥그릇콩밥q4</folder>
	<filename>top_밥류_밥그릇_콩밥_Q4_00022.JPG</filename>
	<path>/top밥류밥그릇콩밥q4/top_밥류_밥그릇_콩밥_Q4_00022.JPG</path>
	<source>
		<database>fooddata</database>
	</source>
	<size>
		<width>5472</width>
		<height>3648</height>
		<depth>3</depth>
	</size>
	<object>
		<name>ref_spoon</name>
		<bndbox>
			<xmin>1266</xmin>
			<ymin>2720</ymin>
			<xmax>2167</xmax>
			<ymax>3303</ymax>
		</bndbox>
	</object>
	<object>
		<name>ref_fork</name>
		<bndbox>
			<xmin>1217</xmin>
			<ymin>2200</ymin>
			<xmax>2212</xmax>
			<ymax>2568</ymax>
		</bndbox>
	</object>
	<object>
		<name>ref_coin</name>
		<bndbox>
			<xmin>3897</xmin>
			<ymin>363</ymin>
			<xmax>4269</xmax>
			<ymax>722</ymax>
		</bndbox>
	</object>
	<object>
		<name>dish</name>
		<bndbox>
			<xmin>1952</xmin>
			<ymin>327</ymin>
			<xmax>3789</xmax>
			<ymax>2129</ymax>
		</bndbox>
	</object>
	<object>
		<name>콩밥</name>
		<bndbox>
			<xmin>2100</xmin>
			<ymin>538</ymin>
			<xmax>3700</xmax>
			<ymax>2012</ymax>
		</bndbox>
	</object>
</annotation>