<annotation>
	<folder>top밥류밥그릇콩밥q4</folder>
	<filename>top_밥류_밥그릇_콩밥_Q4_00003.JPG</filename>
	<path>/top밥류밥그릇콩밥q4/top_밥류_밥그릇_콩밥_Q4_00003.JPG</path>
	<source>
		<database>fooddata</database>
	</source>
	<size>
		<width>5472</width>
		<height>3648</height>
		<depth>3</depth>
	</size>
	<object>
		<name>ref_spoon</name>
		<bndbox>
			<xmin>3045</xmin>
			<ymin>372</ymin>
			<xmax>3538</xmax>
			<ymax>1192</ymax>
		</bndbox>
	</object>
	<object>
		<name>ref_fork</name>
		<bndbox>
			<xmin>3682</xmin>
			<ymin>529</ymin>
			<xmax>4000</xmax>
			<ymax>1412</ymax>
		</bndbox>
	</object>
	<object>
		<name>ref_coin</name>
		<bndbox>
			<xmin>2082</xmin>
			<ymin>2541</ymin>
			<xmax>2436</xmax>
			<ymax>2904</ymax>
		</bndbox>
	</object>
	<object>
		<name>dish</name>
		<bndbox>
			<xmin>1383</xmin>
			<ymin>663</ymin>
			<xmax>3126</xmax>
			<ymax>2393</ymax>
		</bndbox>
	</object>
	<object>
		<name>콩밥</name>
		<bndbox>
			<xmin>1530</xmin>
			<ymin>856</ymin>
			<xmax>3000</xmax>
			<ymax>2286</ymax>
		</bndbox>
	</object>
</annotation>