<annotation>
	<folder>top밥류밥그릇콩밥q4</folder>
	<filename>top_밥류_밥그릇_콩밥_Q4_00027.JPG</filename>
	<path>/top밥류밥그릇콩밥q4/top_밥류_밥그릇_콩밥_Q4_00027.JPG</path>
	<source>
		<database>fooddata</database>
	</source>
	<size>
		<width>5472</width>
		<height>3648</height>
		<depth>3</depth>
	</size>
	<object>
		<name>ref_spoon</name>
		<bndbox>
			<xmin>1239</xmin>
			<ymin>354</ymin>
			<xmax>1781</xmax>
			<ymax>1219</ymax>
		</bndbox>
	</object>
	<object>
		<name>ref_fork</name>
		<bndbox>
			<xmin>1992</xmin>
			<ymin>363</ymin>
			<xmax>2342</xmax>
			<ymax>1340</ymax>
		</bndbox>
	</object>
	<object>
		<name>ref_coin</name>
		<bndbox>
			<xmin>3892</xmin>
			<ymin>3025</ymin>
			<xmax>4305</xmax>
			<ymax>3446</ymax>
		</bndbox>
	</object>
	<object>
		<name>dish</name>
		<bndbox>
			<xmin>2346</xmin>
			<ymin>919</ymin>
			<xmax>4269</xmax>
			<ymax>2801</ymax>
		</bndbox>
	</object>
	<object>
		<name>콩밥</name>
		<bndbox>
			<xmin>2566</xmin>
			<ymin>1102</ymin>
			<xmax>4067</xmax>
			<ymax>2653</ymax>
		</bndbox>
	</object>
</annotation>