<annotation>
	<folder>top밥류밥그릇콩밥q4</folder>
	<filename>top_밥류_밥그릇_콩밥_Q4_00005.JPG</filename>
	<path>/top밥류밥그릇콩밥q4/top_밥류_밥그릇_콩밥_Q4_00005.JPG</path>
	<source>
		<database>fooddata</database>
	</source>
	<size>
		<width>5472</width>
		<height>3648</height>
		<depth>3</depth>
	</size>
	<object>
		<name>ref_spoon</name>
		<bndbox>
			<xmin>3565</xmin>
			<ymin>278</ymin>
			<xmax>4246</xmax>
			<ymax>1385</ymax>
		</bndbox>
	</object>
	<object>
		<name>ref_fork</name>
		<bndbox>
			<xmin>4448</xmin>
			<ymin>497</ymin>
			<xmax>4892</xmax>
			<ymax>1716</ymax>
		</bndbox>
	</object>
	<object>
		<name>ref_coin</name>
		<bndbox>
			<xmin>1306</xmin>
			<ymin>2774</ymin>
			<xmax>1795</xmax>
			<ymax>3272</ymax>
		</bndbox>
	</object>
	<object>
		<name>dish</name>
		<bndbox>
			<xmin>1185</xmin>
			<ymin>511</ymin>
			<xmax>3552</xmax>
			<ymax>2837</ymax>
		</bndbox>
	</object>
	<object>
		<name>콩밥</name>
		<bndbox>
			<xmin>1400</xmin>
			<ymin>739</ymin>
			<xmax>3350</xmax>
			<ymax>2640</ymax>
		</bndbox>
	</object>
</annotation>