<annotation>
	<folder>top밥류밥그릇콩밥q4</folder>
	<filename>top_밥류_밥그릇_콩밥_Q4_00007.JPG</filename>
	<path>/top밥류밥그릇콩밥q4/top_밥류_밥그릇_콩밥_Q4_00007.JPG</path>
	<source>
		<database>fooddata</database>
	</source>
	<size>
		<width>5472</width>
		<height>3648</height>
		<depth>3</depth>
	</size>
	<object>
		<name>ref_spoon</name>
		<bndbox>
			<xmin>3677</xmin>
			<ymin>359</ymin>
			<xmax>4367</xmax>
			<ymax>1443</ymax>
		</bndbox>
	</object>
	<object>
		<name>ref_fork</name>
		<bndbox>
			<xmin>4605</xmin>
			<ymin>515</ymin>
			<xmax>5035</xmax>
			<ymax>1734</ymax>
		</bndbox>
	</object>
	<object>
		<name>ref_coin</name>
		<bndbox>
			<xmin>885</xmin>
			<ymin>2227</ymin>
			<xmax>1365</xmax>
			<ymax>2707</ymax>
		</bndbox>
	</object>
	<object>
		<name>dish</name>
		<bndbox>
			<xmin>1445</xmin>
			<ymin>672</ymin>
			<xmax>3807</xmax>
			<ymax>3003</ymax>
		</bndbox>
	</object>
	<object>
		<name>콩밥</name>
		<bndbox>
			<xmin>1602</xmin>
			<ymin>892</ymin>
			<xmax>3601</xmax>
			<ymax>2891</ymax>
		</bndbox>
	</object>
</annotation>