<annotation>
	<folder>top밥류밥그릇콩밥q4</folder>
	<filename>top_밥류_밥그릇_콩밥_Q4_00051.JPG</filename>
	<path>/top밥류밥그릇콩밥q4/top_밥류_밥그릇_콩밥_Q4_00051.JPG</path>
	<source>
		<database>fooddata</database>
	</source>
	<size>
		<width>5472</width>
		<height>3648</height>
		<depth>3</depth>
	</size>
	<object>
		<name>ref_spoon</name>
		<bndbox>
			<xmin>791</xmin>
			<ymin>502</ymin>
			<xmax>1387</xmax>
			<ymax>1479</ymax>
		</bndbox>
	</object>
	<object>
		<name>ref_fork</name>
		<bndbox>
			<xmin>1625</xmin>
			<ymin>502</ymin>
			<xmax>2010</xmax>
			<ymax>1564</ymax>
		</bndbox>
	</object>
	<object>
		<name>ref_coin</name>
		<bndbox>
			<xmin>4596</xmin>
			<ymin>2129</ymin>
			<xmax>5031</xmax>
			<ymax>2563</ymax>
		</bndbox>
	</object>
	<object>
		<name>dish</name>
		<bndbox>
			<xmin>2032</xmin>
			<ymin>1040</ymin>
			<xmax>4125</xmax>
			<ymax>3083</ymax>
		</bndbox>
	</object>
	<object>
		<name>콩밥</name>
		<bndbox>
			<xmin>2194</xmin>
			<ymin>1277</ymin>
			<xmax>3986</xmax>
			<ymax>2935</ymax>
		</bndbox>
	</object>
</annotation>