<annotation>
	<folder>top밥류밥그릇콩밥q4</folder>
	<filename>top_밥류_밥그릇_콩밥_Q4_00043.JPG</filename>
	<path>/top밥류밥그릇콩밥q4/top_밥류_밥그릇_콩밥_Q4_00043.JPG</path>
	<source>
		<database>fooddata</database>
	</source>
	<size>
		<width>5472</width>
		<height>3648</height>
		<depth>3</depth>
	</size>
	<object>
		<name>ref_spoon</name>
		<bndbox>
			<xmin>984</xmin>
			<ymin>273</ymin>
			<xmax>1557</xmax>
			<ymax>1215</ymax>
		</bndbox>
	</object>
	<object>
		<name>ref_fork</name>
		<bndbox>
			<xmin>1772</xmin>
			<ymin>282</ymin>
			<xmax>2153</xmax>
			<ymax>1304</ymax>
		</bndbox>
	</object>
	<object>
		<name>ref_coin</name>
		<bndbox>
			<xmin>3431</xmin>
			<ymin>399</ymin>
			<xmax>3843</xmax>
			<ymax>784</ymax>
		</bndbox>
	</object>
	<object>
		<name>dish</name>
		<bndbox>
			<xmin>2216</xmin>
			<ymin>892</ymin>
			<xmax>4255</xmax>
			<ymax>2891</ymax>
		</bndbox>
	</object>
	<object>
		<name>콩밥</name>
		<bndbox>
			<xmin>2360</xmin>
			<ymin>1085</ymin>
			<xmax>4089</xmax>
			<ymax>2774</ymax>
		</bndbox>
	</object>
</annotation>