<annotation>
	<folder>side죽류원형배달닭죽q5</folder>
	<filename>side_죽류_원형배달_닭죽_Q5_00032.JPG</filename>
	<path>/side죽류원형배달닭죽q5/side_죽류_원형배달_닭죽_Q5_00032.JPG</path>
	<source>
		<database>fooddata</database>
	</source>
	<size>
		<width>3008</width>
		<height>2000</height>
		<depth>3</depth>
	</size>
	<object>
		<name>ref_spoon</name>
		<bndbox>
			<xmin>592</xmin>
			<ymin>1208</ymin>
			<xmax>1135</xmax>
			<ymax>1552</ymax>
		</bndbox>
	</object>
	<object>
		<name>ref_fork</name>
		<bndbox>
			<xmin>674</xmin>
			<ymin>906</ymin>
			<xmax>1249</xmax>
			<ymax>1247</ymax>
		</bndbox>
	</object>
	<object>
		<name>ref_coin</name>
		<bndbox>
			<xmin>170</xmin>
			<ymin>1392</ymin>
			<xmax>468</xmax>
			<ymax>1623</ymax>
		</bndbox>
	</object>
	<object>
		<name>dish</name>
		<bndbox>
			<xmin>1231</xmin>
			<ymin>97</ymin>
			<xmax>2224</xmax>
			<ymax>1108</ymax>
		</bndbox>
	</object>
	<object>
		<name>닭죽</name>
		<bndbox>
			<xmin>1288</xmin>
			<ymin>129</ymin>
			<xmax>2167</xmax>
			<ymax>714</ymax>
		</bndbox>
	</object>
</annotation>