<annotation>
	<folder>side죽류원형배달닭죽q5</folder>
	<filename>side_죽류_원형배달_닭죽_Q5_00002.JPG</filename>
	<path>/side죽류원형배달닭죽q5/side_죽류_원형배달_닭죽_Q5_00002.JPG</path>
	<source>
		<database>fooddata</database>
	</source>
	<size>
		<width>3008</width>
		<height>2000</height>
		<depth>3</depth>
	</size>
	<object>
		<name>ref_spoon</name>
		<bndbox>
			<xmin>1774</xmin>
			<ymin>736</ymin>
			<xmax>2125</xmax>
			<ymax>1140</ymax>
		</bndbox>
	</object>
	<object>
		<name>ref_fork</name>
		<bndbox>
			<xmin>2196</xmin>
			<ymin>800</ymin>
			<xmax>2455</xmax>
			<ymax>1250</ymax>
		</bndbox>
	</object>
	<object>
		<name>ref_coin</name>
		<bndbox>
			<xmin>961</xmin>
			<ymin>1552</ymin>
			<xmax>1256</xmax>
			<ymax>1772</ymax>
		</bndbox>
	</object>
	<object>
		<name>dish</name>
		<bndbox>
			<xmin>560</xmin>
			<ymin>445</ymin>
			<xmax>1543</xmax>
			<ymax>1442</ymax>
		</bndbox>
	</object>
	<object>
		<name>닭죽</name>
		<bndbox>
			<xmin>607</xmin>
			<ymin>473</ymin>
			<xmax>1504</xmax>
			<ymax>1012</ymax>
		</bndbox>
	</object>
</annotation>