<annotation>
	<folder>side죽류원형배달닭죽q5</folder>
	<filename>side_죽류_원형배달_닭죽_Q5_00048.JPG</filename>
	<path>/side죽류원형배달닭죽q5/side_죽류_원형배달_닭죽_Q5_00048.JPG</path>
	<source>
		<database>fooddata</database>
	</source>
	<size>
		<width>3008</width>
		<height>2000</height>
		<depth>3</depth>
	</size>
	<object>
		<name>ref_spoon</name>
		<bndbox>
			<xmin>717</xmin>
			<ymin>587</ymin>
			<xmax>1071</xmax>
			<ymax>1005</ymax>
		</bndbox>
	</object>
	<object>
		<name>ref_fork</name>
		<bndbox>
			<xmin>1100</xmin>
			<ymin>601</ymin>
			<xmax>1348</xmax>
			<ymax>1069</ymax>
		</bndbox>
	</object>
	<object>
		<name>ref_coin</name>
		<bndbox>
			<xmin>252</xmin>
			<ymin>1154</ymin>
			<xmax>521</xmax>
			<ymax>1360</ymax>
		</bndbox>
	</object>
	<object>
		<name>dish</name>
		<bndbox>
			<xmin>1483</xmin>
			<ymin>445</ymin>
			<xmax>2465</xmax>
			<ymax>1452</ymax>
		</bndbox>
	</object>
	<object>
		<name>닭죽</name>
		<bndbox>
			<xmin>1532</xmin>
			<ymin>502</ymin>
			<xmax>2398</xmax>
			<ymax>1051</ymax>
		</bndbox>
	</object>
</annotation>