<annotation>
	<folder>side죽류원형배달닭죽q5</folder>
	<filename>side_죽류_원형배달_닭죽_Q5_00027.JPG</filename>
	<path>/side죽류원형배달닭죽q5/side_죽류_원형배달_닭죽_Q5_00027.JPG</path>
	<source>
		<database>fooddata</database>
	</source>
	<size>
		<width>3008</width>
		<height>2000</height>
		<depth>3</depth>
	</size>
	<object>
		<name>ref_spoon</name>
		<bndbox>
			<xmin>397</xmin>
			<ymin>1399</ymin>
			<xmax>929</xmax>
			<ymax>1747</ymax>
		</bndbox>
	</object>
	<object>
		<name>ref_fork</name>
		<bndbox>
			<xmin>475</xmin>
			<ymin>1105</ymin>
			<xmax>1075</xmax>
			<ymax>1438</ymax>
		</bndbox>
	</object>
	<object>
		<name>ref_coin</name>
		<bndbox>
			<xmin>387</xmin>
			<ymin>228</ymin>
			<xmax>635</xmax>
			<ymax>406</ymax>
		</bndbox>
	</object>
	<object>
		<name>dish</name>
		<bndbox>
			<xmin>919</xmin>
			<ymin>147</ymin>
			<xmax>1915</xmax>
			<ymax>1154</ymax>
		</bndbox>
	</object>
	<object>
		<name>닭죽</name>
		<bndbox>
			<xmin>979</xmin>
			<ymin>197</ymin>
			<xmax>1876</xmax>
			<ymax>753</ymax>
		</bndbox>
	</object>
</annotation>