<annotation>
	<folder>side죽류원형배달닭죽q5</folder>
	<filename>side_죽류_원형배달_닭죽_Q5_00029.JPG</filename>
	<path>/side죽류원형배달닭죽q5/side_죽류_원형배달_닭죽_Q5_00029.JPG</path>
	<source>
		<database>fooddata</database>
	</source>
	<size>
		<width>3008</width>
		<height>2000</height>
		<depth>3</depth>
	</size>
	<object>
		<name>ref_spoon</name>
		<bndbox>
			<xmin>458</xmin>
			<ymin>1371</ymin>
			<xmax>1022</xmax>
			<ymax>1718</ymax>
		</bndbox>
	</object>
	<object>
		<name>ref_fork</name>
		<bndbox>
			<xmin>539</xmin>
			<ymin>1076</ymin>
			<xmax>1135</xmax>
			<ymax>1410</ymax>
		</bndbox>
	</object>
	<object>
		<name>ref_coin</name>
		<bndbox>
			<xmin>266</xmin>
			<ymin>686</ymin>
			<xmax>532</xmax>
			<ymax>888</ymax>
		</bndbox>
	</object>
	<object>
		<name>dish</name>
		<bndbox>
			<xmin>1025</xmin>
			<ymin>133</ymin>
			<xmax>2029</xmax>
			<ymax>1122</ymax>
		</bndbox>
	</object>
	<object>
		<name>닭죽</name>
		<bndbox>
			<xmin>1078</xmin>
			<ymin>189</ymin>
			<xmax>1976</xmax>
			<ymax>714</ymax>
		</bndbox>
	</object>
</annotation>