<annotation>
	<folder>side죽류원형배달닭죽q5</folder>
	<filename>side_죽류_원형배달_닭죽_Q5_00008.JPG</filename>
	<path>/side죽류원형배달닭죽q5/side_죽류_원형배달_닭죽_Q5_00008.JPG</path>
	<source>
		<database>fooddata</database>
	</source>
	<size>
		<width>3008</width>
		<height>2000</height>
		<depth>3</depth>
	</size>
	<object>
		<name>ref_spoon</name>
		<bndbox>
			<xmin>1887</xmin>
			<ymin>1062</ymin>
			<xmax>2242</xmax>
			<ymax>1484</ymax>
		</bndbox>
	</object>
	<object>
		<name>ref_fork</name>
		<bndbox>
			<xmin>2306</xmin>
			<ymin>1122</ymin>
			<xmax>2565</xmax>
			<ymax>1605</ymax>
		</bndbox>
	</object>
	<object>
		<name>ref_coin</name>
		<bndbox>
			<xmin>709</xmin>
			<ymin>658</ymin>
			<xmax>954</xmax>
			<ymax>817</ymax>
		</bndbox>
	</object>
	<object>
		<name>dish</name>
		<bndbox>
			<xmin>560</xmin>
			<ymin>757</ymin>
			<xmax>1547</xmax>
			<ymax>1747</ymax>
		</bndbox>
	</object>
	<object>
		<name>닭죽</name>
		<bndbox>
			<xmin>614</xmin>
			<ymin>814</ymin>
			<xmax>1497</xmax>
			<ymax>1328</ymax>
		</bndbox>
	</object>
</annotation>