<annotation>
	<folder>side죽류원형배달닭죽q5</folder>
	<filename>side_죽류_원형배달_닭죽_Q5_00047.JPG</filename>
	<path>/side죽류원형배달닭죽q5/side_죽류_원형배달_닭죽_Q5_00047.JPG</path>
	<source>
		<database>fooddata</database>
	</source>
	<size>
		<width>3008</width>
		<height>2000</height>
		<depth>3</depth>
	</size>
	<object>
		<name>ref_spoon</name>
		<bndbox>
			<xmin>663</xmin>
			<ymin>633</ymin>
			<xmax>1011</xmax>
			<ymax>1037</ymax>
		</bndbox>
	</object>
	<object>
		<name>ref_fork</name>
		<bndbox>
			<xmin>1050</xmin>
			<ymin>626</ymin>
			<xmax>1284</xmax>
			<ymax>1112</ymax>
		</bndbox>
	</object>
	<object>
		<name>ref_coin</name>
		<bndbox>
			<xmin>167</xmin>
			<ymin>1027</ymin>
			<xmax>436</xmax>
			<ymax>1215</ymax>
		</bndbox>
	</object>
	<object>
		<name>dish</name>
		<bndbox>
			<xmin>1430</xmin>
			<ymin>491</ymin>
			<xmax>2401</xmax>
			<ymax>1498</ymax>
		</bndbox>
	</object>
	<object>
		<name>닭죽</name>
		<bndbox>
			<xmin>1490</xmin>
			<ymin>534</ymin>
			<xmax>2338</xmax>
			<ymax>1083</ymax>
		</bndbox>
	</object>
</annotation>