<annotation>
	<folder>죽류원형배달닭죽q5</folder>
	<filename>top_죽류_원형배달_닭죽_Q5_00047.JPG</filename>
	<path>/top죽류원형배달닭죽q5/top_죽류_원형배달_닭죽_Q5_00047.JPG</path>
	<source>
		<database>fooddata</database>
	</source>
	<size>
		<width>3008</width>
		<height>2000</height>
		<depth>3</depth>
	</size>
	<object>
		<name>ref_spoon</name>
		<bndbox>
			<xmin>312</xmin>
			<ymin>168</ymin>
			<xmax>674</xmax>
			<ymax>725</ymax>
		</bndbox>
	</object>
	<object>
		<name>ref_fork</name>
		<bndbox>
			<xmin>773</xmin>
			<ymin>218</ymin>
			<xmax>1050</xmax>
			<ymax>871</ymax>
		</bndbox>
	</object>
	<object>
		<name>ref_coin</name>
		<bndbox>
			<xmin>2196</xmin>
			<ymin>1208</ymin>
			<xmax>2462</xmax>
			<ymax>1477</ymax>
		</bndbox>
	</object>
	<object>
		<name>dish</name>
		<bndbox>
			<xmin>1096</xmin>
			<ymin>392</ymin>
			<xmax>2142</xmax>
			<ymax>1435</ymax>
		</bndbox>
	</object>
	<object>
		<name>닭죽</name>
		<bndbox>
			<xmin>1156</xmin>
			<ymin>431</ymin>
			<xmax>2093</xmax>
			<ymax>1385</ymax>
		</bndbox>
	</object>
</annotation>