<annotation>
	<folder>죽류원형배달닭죽q5</folder>
	<filename>top_죽류_원형배달_닭죽_Q5_00033.JPG</filename>
	<path>/top죽류원형배달닭죽q5/top_죽류_원형배달_닭죽_Q5_00033.JPG</path>
	<source>
		<database>fooddata</database>
	</source>
	<size>
		<width>3008</width>
		<height>2000</height>
		<depth>3</depth>
	</size>
	<object>
		<name>ref_spoon</name>
		<bndbox>
			<xmin>277</xmin>
			<ymin>161</ymin>
			<xmax>670</xmax>
			<ymax>803</ymax>
		</bndbox>
	</object>
	<object>
		<name>ref_fork</name>
		<bndbox>
			<xmin>809</xmin>
			<ymin>189</ymin>
			<xmax>1093</xmax>
			<ymax>874</ymax>
		</bndbox>
	</object>
	<object>
		<name>ref_coin</name>
		<bndbox>
			<xmin>1277</xmin>
			<ymin>1325</ymin>
			<xmax>1561</xmax>
			<ymax>1608</ymax>
		</bndbox>
	</object>
	<object>
		<name>dish</name>
		<bndbox>
			<xmin>1238</xmin>
			<ymin>204</ymin>
			<xmax>2398</xmax>
			<ymax>1353</ymax>
		</bndbox>
	</object>
	<object>
		<name>닭죽</name>
		<bndbox>
			<xmin>1309</xmin>
			<ymin>246</ymin>
			<xmax>2362</xmax>
			<ymax>1286</ymax>
		</bndbox>
	</object>
</annotation>