<annotation>
	<folder>죽류원형배달닭죽q5</folder>
	<filename>top_죽류_원형배달_닭죽_Q5_00051.JPG</filename>
	<path>/top죽류원형배달닭죽q5/top_죽류_원형배달_닭죽_Q5_00051.JPG</path>
	<source>
		<database>fooddata</database>
	</source>
	<size>
		<width>3008</width>
		<height>2000</height>
		<depth>3</depth>
	</size>
	<object>
		<name>ref_spoon</name>
		<bndbox>
			<xmin>727</xmin>
			<ymin>218</ymin>
			<xmax>1085</xmax>
			<ymax>789</ymax>
		</bndbox>
	</object>
	<object>
		<name>ref_fork</name>
		<bndbox>
			<xmin>1188</xmin>
			<ymin>289</ymin>
			<xmax>1461</xmax>
			<ymax>924</ymax>
		</bndbox>
	</object>
	<object>
		<name>ref_coin</name>
		<bndbox>
			<xmin>259</xmin>
			<ymin>888</ymin>
			<xmax>529</xmax>
			<ymax>1168</ymax>
		</bndbox>
	</object>
	<object>
		<name>dish</name>
		<bndbox>
			<xmin>1508</xmin>
			<ymin>505</ymin>
			<xmax>2572</xmax>
			<ymax>1580</ymax>
		</bndbox>
	</object>
	<object>
		<name>닭죽</name>
		<bndbox>
			<xmin>1561</xmin>
			<ymin>551</ymin>
			<xmax>2540</xmax>
			<ymax>1541</ymax>
		</bndbox>
	</object>
</annotation>