<annotation>
	<folder>죽류원형배달닭죽q5</folder>
	<filename>top_죽류_원형배달_닭죽_Q5_00003.JPG</filename>
	<path>/top죽류원형배달닭죽q5/top_죽류_원형배달_닭죽_Q5_00003.JPG</path>
	<source>
		<database>fooddata</database>
	</source>
	<size>
		<width>3008</width>
		<height>2000</height>
		<depth>3</depth>
	</size>
	<object>
		<name>ref_spoon</name>
		<bndbox>
			<xmin>1894</xmin>
			<ymin>175</ymin>
			<xmax>2210</xmax>
			<ymax>704</ymax>
		</bndbox>
	</object>
	<object>
		<name>ref_fork</name>
		<bndbox>
			<xmin>2288</xmin>
			<ymin>243</ymin>
			<xmax>2515</xmax>
			<ymax>828</ymax>
		</bndbox>
	</object>
	<object>
		<name>ref_coin</name>
		<bndbox>
			<xmin>337</xmin>
			<ymin>729</ymin>
			<xmax>568</xmax>
			<ymax>970</ymax>
		</bndbox>
	</object>
	<object>
		<name>dish</name>
		<bndbox>
			<xmin>624</xmin>
			<ymin>193</ymin>
			<xmax>1589</xmax>
			<ymax>1137</ymax>
		</bndbox>
	</object>
	<object>
		<name>닭죽</name>
		<bndbox>
			<xmin>678</xmin>
			<ymin>232</ymin>
			<xmax>1557</xmax>
			<ymax>1090</ymax>
		</bndbox>
	</object>
</annotation>