<annotation>
	<folder>죽류원형배달닭죽q5</folder>
	<filename>top_죽류_원형배달_닭죽_Q5_00035.JPG</filename>
	<path>/top죽류원형배달닭죽q5/top_죽류_원형배달_닭죽_Q5_00035.JPG</path>
	<source>
		<database>fooddata</database>
	</source>
	<size>
		<width>3008</width>
		<height>2000</height>
		<depth>3</depth>
	</size>
	<object>
		<name>ref_spoon</name>
		<bndbox>
			<xmin>326</xmin>
			<ymin>115</ymin>
			<xmax>709</xmax>
			<ymax>729</ymax>
		</bndbox>
	</object>
	<object>
		<name>ref_fork</name>
		<bndbox>
			<xmin>851</xmin>
			<ymin>158</ymin>
			<xmax>1117</xmax>
			<ymax>814</ymax>
		</bndbox>
	</object>
	<object>
		<name>ref_coin</name>
		<bndbox>
			<xmin>1681</xmin>
			<ymin>1481</ymin>
			<xmax>1954</xmax>
			<ymax>1750</ymax>
		</bndbox>
	</object>
	<object>
		<name>dish</name>
		<bndbox>
			<xmin>1259</xmin>
			<ymin>356</ymin>
			<xmax>2394</xmax>
			<ymax>1474</ymax>
		</bndbox>
	</object>
	<object>
		<name>닭죽</name>
		<bndbox>
			<xmin>1309</xmin>
			<ymin>406</ymin>
			<xmax>2334</xmax>
			<ymax>1410</ymax>
		</bndbox>
	</object>
</annotation>