<annotation>
	<folder>side육류부피배달종이박스닭튀김q2</folder>
	<filename>side_육류부피_배달종이박스_닭튀김_Q2_00025.JPG</filename>
	<path>/side육류부피배달종이박스닭튀김q2/side_육류부피_배달종이박스_닭튀김_Q2_00025.JPG</path>
	<source>
		<database>fooddata</database>
	</source>
	<size>
		<width>3008</width>
		<height>2000</height>
		<depth>3</depth>
	</size>
	<object>
		<name>ref_spoon</name>
		<bndbox>
			<xmin>696</xmin>
			<ymin>1555</ymin>
			<xmax>1105</xmax>
			<ymax>1759</ymax>
		</bndbox>
	</object>
	<object>
		<name>ref_fork</name>
		<bndbox>
			<xmin>716</xmin>
			<ymin>1362</ymin>
			<xmax>1138</xmax>
			<ymax>1567</ymax>
		</bndbox>
	</object>
	<object>
		<name>ref_coin</name>
		<bndbox>
			<xmin>315</xmin>
			<ymin>752</ymin>
			<xmax>495</xmax>
			<ymax>875</ymax>
		</bndbox>
	</object>
	<object>
		<name>dish</name>
		<bndbox>
			<xmin>1031</xmin>
			<ymin>143</ymin>
			<xmax>2075</xmax>
			<ymax>1268</ymax>
		</bndbox>
	</object>
	<object>
		<name>닭튀김</name>
		<bndbox>
			<xmin>1256</xmin>
			<ymin>421</ymin>
			<xmax>1817</xmax>
			<ymax>896</ymax>
		</bndbox>
	</object>
</annotation>