<annotation>
	<folder>side육류부피배달종이박스닭튀김q2</folder>
	<filename>side_육류부피_배달종이박스_닭튀김_Q2_00017.JPG</filename>
	<path>/side육류부피배달종이박스닭튀김q2/side_육류부피_배달종이박스_닭튀김_Q2_00017.JPG</path>
	<source>
		<database>fooddata</database>
	</source>
	<size>
		<width>3008</width>
		<height>2000</height>
		<depth>3</depth>
	</size>
	<object>
		<name>ref_spoon</name>
		<bndbox>
			<xmin>512</xmin>
			<ymin>1612</ymin>
			<xmax>962</xmax>
			<ymax>1861</ymax>
		</bndbox>
	</object>
	<object>
		<name>ref_fork</name>
		<bndbox>
			<xmin>544</xmin>
			<ymin>1391</ymin>
			<xmax>1015</xmax>
			<ymax>1628</ymax>
		</bndbox>
	</object>
	<object>
		<name>ref_coin</name>
		<bndbox>
			<xmin>2320</xmin>
			<ymin>1186</ymin>
			<xmax>2529</xmax>
			<ymax>1346</ymax>
		</bndbox>
	</object>
	<object>
		<name>dish</name>
		<bndbox>
			<xmin>679</xmin>
			<ymin>233</ymin>
			<xmax>2018</xmax>
			<ymax>1215</ymax>
		</bndbox>
	</object>
	<object>
		<name>닭튀김</name>
		<bndbox>
			<xmin>917</xmin>
			<ymin>531</ymin>
			<xmax>1735</xmax>
			<ymax>826</ymax>
		</bndbox>
	</object>
</annotation>