<annotation>
	<folder>side육류부피배달종이박스닭튀김q2</folder>
	<filename>side_육류부피_배달종이박스_닭튀김_Q2_00009.JPG</filename>
	<path>/side육류부피배달종이박스닭튀김q2/side_육류부피_배달종이박스_닭튀김_Q2_00009.JPG</path>
	<source>
		<database>fooddata</database>
	</source>
	<size>
		<width>3008</width>
		<height>2000</height>
		<depth>3</depth>
	</size>
	<object>
		<name>ref_spoon</name>
		<bndbox>
			<xmin>2120</xmin>
			<ymin>499</ymin>
			<xmax>2374</xmax>
			<ymax>802</ymax>
		</bndbox>
	</object>
	<object>
		<name>ref_fork</name>
		<bndbox>
			<xmin>2472</xmin>
			<ymin>490</ymin>
			<xmax>2668</xmax>
			<ymax>842</ymax>
		</bndbox>
	</object>
	<object>
		<name>ref_coin</name>
		<bndbox>
			<xmin>90</xmin>
			<ymin>887</ymin>
			<xmax>286</xmax>
			<ymax>1031</ymax>
		</bndbox>
	</object>
	<object>
		<name>dish</name>
		<bndbox>
			<xmin>507</xmin>
			<ymin>306</ymin>
			<xmax>2026</xmax>
			<ymax>1640</ymax>
		</bndbox>
	</object>
	<object>
		<name>닭튀김</name>
		<bndbox>
			<xmin>794</xmin>
			<ymin>830</ymin>
			<xmax>1682</xmax>
			<ymax>1219</ymax>
		</bndbox>
	</object>
</annotation>