<annotation>
	<folder>side육류부피배달종이박스닭튀김q2</folder>
	<filename>side_육류부피_배달종이박스_닭튀김_Q2_00007.JPG</filename>
	<path>/side육류부피배달종이박스닭튀김q2/side_육류부피_배달종이박스_닭튀김_Q2_00007.JPG</path>
	<source>
		<database>fooddata</database>
	</source>
	<size>
		<width>3008</width>
		<height>2000</height>
		<depth>3</depth>
	</size>
	<object>
		<name>ref_spoon</name>
		<bndbox>
			<xmin>2140</xmin>
			<ymin>339</ymin>
			<xmax>2394</xmax>
			<ymax>650</ymax>
		</bndbox>
	</object>
	<object>
		<name>ref_fork</name>
		<bndbox>
			<xmin>2501</xmin>
			<ymin>347</ymin>
			<xmax>2689</xmax>
			<ymax>687</ymax>
		</bndbox>
	</object>
	<object>
		<name>ref_coin</name>
		<bndbox>
			<xmin>872</xmin>
			<ymin>233</ymin>
			<xmax>1056</xmax>
			<ymax>347</ymax>
		</bndbox>
	</object>
	<object>
		<name>dish</name>
		<bndbox>
			<xmin>704</xmin>
			<ymin>200</ymin>
			<xmax>1997</xmax>
			<ymax>1555</ymax>
		</bndbox>
	</object>
	<object>
		<name>닭튀김</name>
		<bndbox>
			<xmin>1011</xmin>
			<ymin>634</ymin>
			<xmax>1825</xmax>
			<ymax>1129</ymax>
		</bndbox>
	</object>
</annotation>