<annotation>
	<folder>side육류부피배달종이박스닭튀김q2</folder>
	<filename>side_육류부피_배달종이박스_닭튀김_Q2_00030.JPG</filename>
	<path>/side육류부피배달종이박스닭튀김q2/side_육류부피_배달종이박스_닭튀김_Q2_00030.JPG</path>
	<source>
		<database>fooddata</database>
	</source>
	<size>
		<width>3008</width>
		<height>2000</height>
		<depth>3</depth>
	</size>
	<object>
		<name>ref_spoon</name>
		<bndbox>
			<xmin>708</xmin>
			<ymin>1505</ymin>
			<xmax>1097</xmax>
			<ymax>1726</ymax>
		</bndbox>
	</object>
	<object>
		<name>ref_fork</name>
		<bndbox>
			<xmin>708</xmin>
			<ymin>1309</ymin>
			<xmax>1125</xmax>
			<ymax>1514</ymax>
		</bndbox>
	</object>
	<object>
		<name>ref_coin</name>
		<bndbox>
			<xmin>2083</xmin>
			<ymin>797</ymin>
			<xmax>2271</xmax>
			<ymax>932</ymax>
		</bndbox>
	</object>
	<object>
		<name>dish</name>
		<bndbox>
			<xmin>593</xmin>
			<ymin>237</ymin>
			<xmax>1797</xmax>
			<ymax>1133</ymax>
		</bndbox>
	</object>
	<object>
		<name>닭튀김</name>
		<bndbox>
			<xmin>720</xmin>
			<ymin>462</ymin>
			<xmax>1563</xmax>
			<ymax>789</ymax>
		</bndbox>
	</object>
</annotation>