<annotation>
	<folder>top육류부피배달종이박스닭튀김q2</folder>
	<filename>top_육류부피_배달종이박스_닭튀김_Q2_00032.JPG</filename>
	<path>/top육류부피배달종이박스닭튀김q2/top_육류부피_배달종이박스_닭튀김_Q2_00032.JPG</path>
	<source>
		<database>fooddata</database>
	</source>
	<size>
		<width>3008</width>
		<height>2000</height>
		<depth>3</depth>
	</size>
	<object>
		<name>ref_spoon</name>
		<bndbox>
			<xmin>955</xmin>
			<ymin>1648</ymin>
			<xmax>1331</xmax>
			<ymax>1912</ymax>
		</bndbox>
	</object>
	<object>
		<name>ref_fork</name>
		<bndbox>
			<xmin>1064</xmin>
			<ymin>1440</ymin>
			<xmax>1461</xmax>
			<ymax>1622</ymax>
		</bndbox>
	</object>
	<object>
		<name>ref_coin</name>
		<bndbox>
			<xmin>2071</xmin>
			<ymin>1218</ymin>
			<xmax>2242</xmax>
			<ymax>1394</ymax>
		</bndbox>
	</object>
	<object>
		<name>dish</name>
		<bndbox>
			<xmin>1052</xmin>
			<ymin>52</ymin>
			<xmax>2342</xmax>
			<ymax>1313</ymax>
		</bndbox>
	</object>
	<object>
		<name>닭튀김</name>
		<bndbox>
			<xmin>1316</xmin>
			<ymin>384</ymin>
			<xmax>2002</xmax>
			<ymax>1119</ymax>
		</bndbox>
	</object>
</annotation>