<annotation>
	<folder>top육류부피배달종이박스닭튀김q2</folder>
	<filename>top_육류부피_배달종이박스_닭튀김_Q2_00001.JPG</filename>
	<path>/top육류부피배달종이박스닭튀김q2/top_육류부피_배달종이박스_닭튀김_Q2_00001.JPG</path>
	<source>
		<database>fooddata</database>
	</source>
	<size>
		<width>3008</width>
		<height>2000</height>
		<depth>3</depth>
	</size>
	<object>
		<name>ref_spoon</name>
		<bndbox>
			<xmin>1789</xmin>
			<ymin>190</ymin>
			<xmax>2063</xmax>
			<ymax>611</ymax>
		</bndbox>
	</object>
	<object>
		<name>ref_fork</name>
		<bndbox>
			<xmin>2110</xmin>
			<ymin>215</ymin>
			<xmax>2322</xmax>
			<ymax>662</ymax>
		</bndbox>
	</object>
	<object>
		<name>ref_coin</name>
		<bndbox>
			<xmin>1580</xmin>
			<ymin>1653</ymin>
			<xmax>1783</xmax>
			<ymax>1869</ymax>
		</bndbox>
	</object>
	<object>
		<name>dish</name>
		<bndbox>
			<xmin>691</xmin>
			<ymin>190</ymin>
			<xmax>1728</xmax>
			<ymax>1572</ymax>
		</bndbox>
	</object>
	<object>
		<name>닭튀김</name>
		<bndbox>
			<xmin>895</xmin>
			<ymin>509</ymin>
			<xmax>1505</xmax>
			<ymax>1445</ymax>
		</bndbox>
	</object>
</annotation>