<annotation>
	<folder>top육류부피배달종이박스닭튀김q2</folder>
	<filename>top_육류부피_배달종이박스_닭튀김_Q2_00031.JPG</filename>
	<path>/top육류부피배달종이박스닭튀김q2/top_육류부피_배달종이박스_닭튀김_Q2_00031.JPG</path>
	<source>
		<database>fooddata</database>
	</source>
	<size>
		<width>3008</width>
		<height>2000</height>
		<depth>3</depth>
	</size>
	<object>
		<name>ref_spoon</name>
		<bndbox>
			<xmin>955</xmin>
			<ymin>1621</ymin>
			<xmax>1341</xmax>
			<ymax>1883</ymax>
		</bndbox>
	</object>
	<object>
		<name>ref_fork</name>
		<bndbox>
			<xmin>1055</xmin>
			<ymin>1407</ymin>
			<xmax>1457</xmax>
			<ymax>1587</ymax>
		</bndbox>
	</object>
	<object>
		<name>ref_coin</name>
		<bndbox>
			<xmin>1646</xmin>
			<ymin>1124</ymin>
			<xmax>1819</xmax>
			<ymax>1301</ymax>
		</bndbox>
	</object>
	<object>
		<name>dish</name>
		<bndbox>
			<xmin>1090</xmin>
			<ymin>100</ymin>
			<xmax>2254</xmax>
			<ymax>1059</ymax>
		</bndbox>
	</object>
	<object>
		<name>닭튀김</name>
		<bndbox>
			<xmin>1209</xmin>
			<ymin>365</ymin>
			<xmax>1954</xmax>
			<ymax>953</ymax>
		</bndbox>
	</object>
</annotation>