<annotation>
	<folder>top육류부피배달종이박스닭튀김q2</folder>
	<filename>top_육류부피_배달종이박스_닭튀김_Q2_00006.JPG</filename>
	<path>/top육류부피배달종이박스닭튀김q2/top_육류부피_배달종이박스_닭튀김_Q2_00006.JPG</path>
	<source>
		<database>fooddata</database>
	</source>
	<size>
		<width>3008</width>
		<height>2000</height>
		<depth>3</depth>
	</size>
	<object>
		<name>ref_spoon</name>
		<bndbox>
			<xmin>2098</xmin>
			<ymin>195</ymin>
			<xmax>2378</xmax>
			<ymax>613</ymax>
		</bndbox>
	</object>
	<object>
		<name>ref_fork</name>
		<bndbox>
			<xmin>2414</xmin>
			<ymin>235</ymin>
			<xmax>2622</xmax>
			<ymax>672</ymax>
		</bndbox>
	</object>
	<object>
		<name>ref_coin</name>
		<bndbox>
			<xmin>1761</xmin>
			<ymin>1231</ymin>
			<xmax>1966</xmax>
			<ymax>1443</ymax>
		</bndbox>
	</object>
	<object>
		<name>dish</name>
		<bndbox>
			<xmin>292</xmin>
			<ymin>215</ymin>
			<xmax>1829</xmax>
			<ymax>1465</ymax>
		</bndbox>
	</object>
	<object>
		<name>닭튀김</name>
		<bndbox>
			<xmin>523</xmin>
			<ymin>530</ymin>
			<xmax>1543</xmax>
			<ymax>1180</ymax>
		</bndbox>
	</object>
</annotation>