<annotation>
	<folder>top육류부피배달종이박스닭튀김q2</folder>
	<filename>top_육류부피_배달종이박스_닭튀김_Q2_00043.JPG</filename>
	<path>/top육류부피배달종이박스닭튀김q2/top_육류부피_배달종이박스_닭튀김_Q2_00043.JPG</path>
	<source>
		<database>fooddata</database>
	</source>
	<size>
		<width>3008</width>
		<height>2000</height>
		<depth>3</depth>
	</size>
	<object>
		<name>ref_spoon</name>
		<bndbox>
			<xmin>620</xmin>
			<ymin>322</ymin>
			<xmax>934</xmax>
			<ymax>779</ymax>
		</bndbox>
	</object>
	<object>
		<name>ref_fork</name>
		<bndbox>
			<xmin>976</xmin>
			<ymin>327</ymin>
			<xmax>1189</xmax>
			<ymax>820</ymax>
		</bndbox>
	</object>
	<object>
		<name>ref_coin</name>
		<bndbox>
			<xmin>2490</xmin>
			<ymin>1622</ymin>
			<xmax>2703</xmax>
			<ymax>1851</ymax>
		</bndbox>
	</object>
	<object>
		<name>dish</name>
		<bndbox>
			<xmin>1484</xmin>
			<ymin>204</ymin>
			<xmax>2581</xmax>
			<ymax>1663</ymax>
		</bndbox>
	</object>
	<object>
		<name>닭튀김</name>
		<bndbox>
			<xmin>1679</xmin>
			<ymin>520</ymin>
			<xmax>2425</xmax>
			<ymax>1472</ymax>
		</bndbox>
	</object>
</annotation>