<annotation>
	<folder>top육류부피배달종이박스닭튀김q2</folder>
	<filename>top_육류부피_배달종이박스_닭튀김_Q2_00007.JPG</filename>
	<path>/top육류부피배달종이박스닭튀김q2/top_육류부피_배달종이박스_닭튀김_Q2_00007.JPG</path>
	<source>
		<database>fooddata</database>
	</source>
	<size>
		<width>3008</width>
		<height>2000</height>
		<depth>3</depth>
	</size>
	<object>
		<name>ref_spoon</name>
		<bndbox>
			<xmin>2149</xmin>
			<ymin>352</ymin>
			<xmax>2416</xmax>
			<ymax>743</ymax>
		</bndbox>
	</object>
	<object>
		<name>ref_fork</name>
		<bndbox>
			<xmin>2450</xmin>
			<ymin>408</ymin>
			<xmax>2652</xmax>
			<ymax>839</ymax>
		</bndbox>
	</object>
	<object>
		<name>ref_coin</name>
		<bndbox>
			<xmin>1900</xmin>
			<ymin>1079</ymin>
			<xmax>2088</xmax>
			<ymax>1272</ymax>
		</bndbox>
	</object>
	<object>
		<name>dish</name>
		<bndbox>
			<xmin>335</xmin>
			<ymin>215</ymin>
			<xmax>1880</xmax>
			<ymax>1602</ymax>
		</bndbox>
	</object>
	<object>
		<name>닭튀김</name>
		<bndbox>
			<xmin>635</xmin>
			<ymin>599</ymin>
			<xmax>1560</xmax>
			<ymax>1262</ymax>
		</bndbox>
	</object>
</annotation>