<annotation>
	<folder>top육류부피배달종이박스닭튀김q2</folder>
	<filename>top_육류부피_배달종이박스_닭튀김_Q2_00033.JPG</filename>
	<path>/top육류부피배달종이박스닭튀김q2/top_육류부피_배달종이박스_닭튀김_Q2_00033.JPG</path>
	<source>
		<database>fooddata</database>
	</source>
	<size>
		<width>3008</width>
		<height>2000</height>
		<depth>3</depth>
	</size>
	<object>
		<name>ref_spoon</name>
		<bndbox>
			<xmin>982</xmin>
			<ymin>1587</ymin>
			<xmax>1352</xmax>
			<ymax>1831</ymax>
		</bndbox>
	</object>
	<object>
		<name>ref_fork</name>
		<bndbox>
			<xmin>1059</xmin>
			<ymin>1386</ymin>
			<xmax>1440</xmax>
			<ymax>1554</ymax>
		</bndbox>
	</object>
	<object>
		<name>ref_coin</name>
		<bndbox>
			<xmin>2161</xmin>
			<ymin>804</ymin>
			<xmax>2327</xmax>
			<ymax>974</ymax>
		</bndbox>
	</object>
	<object>
		<name>dish</name>
		<bndbox>
			<xmin>1026</xmin>
			<ymin>93</ymin>
			<xmax>2115</xmax>
			<ymax>1347</ymax>
		</bndbox>
	</object>
	<object>
		<name>닭튀김</name>
		<bndbox>
			<xmin>1310</xmin>
			<ymin>351</ymin>
			<xmax>1870</xmax>
			<ymax>1069</ymax>
		</bndbox>
	</object>
</annotation>