<annotation>
	<folder>top육류부피배달종이박스닭튀김q2</folder>
	<filename>top_육류부피_배달종이박스_닭튀김_Q2_00015.JPG</filename>
	<path>/top육류부피배달종이박스닭튀김q2/top_육류부피_배달종이박스_닭튀김_Q2_00015.JPG</path>
	<source>
		<database>fooddata</database>
	</source>
	<size>
		<width>3008</width>
		<height>2000</height>
		<depth>3</depth>
	</size>
	<object>
		<name>ref_spoon</name>
		<bndbox>
			<xmin>2144</xmin>
			<ymin>296</ymin>
			<xmax>2410</xmax>
			<ymax>713</ymax>
		</bndbox>
	</object>
	<object>
		<name>ref_fork</name>
		<bndbox>
			<xmin>2452</xmin>
			<ymin>335</ymin>
			<xmax>2652</xmax>
			<ymax>784</ymax>
		</bndbox>
	</object>
	<object>
		<name>ref_coin</name>
		<bndbox>
			<xmin>1509</xmin>
			<ymin>58</ymin>
			<xmax>1702</xmax>
			<ymax>245</ymax>
		</bndbox>
	</object>
	<object>
		<name>dish</name>
		<bndbox>
			<xmin>600</xmin>
			<ymin>325</ymin>
			<xmax>2078</xmax>
			<ymax>1910</ymax>
		</bndbox>
	</object>
	<object>
		<name>닭튀김</name>
		<bndbox>
			<xmin>1065</xmin>
			<ymin>712</ymin>
			<xmax>1684</xmax>
			<ymax>1669</ymax>
		</bndbox>
	</object>
</annotation>