<annotation>
	<folder>top육류부피배달종이박스닭튀김q2</folder>
	<filename>top_육류부피_배달종이박스_닭튀김_Q2_00034.JPG</filename>
	<path>/top육류부피배달종이박스닭튀김q2/top_육류부피_배달종이박스_닭튀김_Q2_00034.JPG</path>
	<source>
		<database>fooddata</database>
	</source>
	<size>
		<width>3008</width>
		<height>2000</height>
		<depth>3</depth>
	</size>
	<object>
		<name>ref_spoon</name>
		<bndbox>
			<xmin>978</xmin>
			<ymin>1592</ymin>
			<xmax>1340</xmax>
			<ymax>1839</ymax>
		</bndbox>
	</object>
	<object>
		<name>ref_fork</name>
		<bndbox>
			<xmin>1055</xmin>
			<ymin>1391</ymin>
			<xmax>1442</xmax>
			<ymax>1567</ymax>
		</bndbox>
	</object>
	<object>
		<name>ref_coin</name>
		<bndbox>
			<xmin>2205</xmin>
			<ymin>662</ymin>
			<xmax>2370</xmax>
			<ymax>833</ymax>
		</bndbox>
	</object>
	<object>
		<name>dish</name>
		<bndbox>
			<xmin>1224</xmin>
			<ymin>159</ymin>
			<xmax>2104</xmax>
			<ymax>1315</ymax>
		</bndbox>
	</object>
	<object>
		<name>닭튀김</name>
		<bndbox>
			<xmin>1338</xmin>
			<ymin>381</ymin>
			<xmax>1919</xmax>
			<ymax>1069</ymax>
		</bndbox>
	</object>
</annotation>