<annotation>
	<folder>top육류부피배달종이박스닭튀김q2</folder>
	<filename>top_육류부피_배달종이박스_닭튀김_Q2_00027.JPG</filename>
	<path>/top육류부피배달종이박스닭튀김q2/top_육류부피_배달종이박스_닭튀김_Q2_00027.JPG</path>
	<source>
		<database>fooddata</database>
	</source>
	<size>
		<width>3008</width>
		<height>2000</height>
		<depth>3</depth>
	</size>
	<object>
		<name>ref_spoon</name>
		<bndbox>
			<xmin>935</xmin>
			<ymin>1643</ymin>
			<xmax>1334</xmax>
			<ymax>1902</ymax>
		</bndbox>
	</object>
	<object>
		<name>ref_fork</name>
		<bndbox>
			<xmin>1026</xmin>
			<ymin>1418</ymin>
			<xmax>1424</xmax>
			<ymax>1597</ymax>
		</bndbox>
	</object>
	<object>
		<name>ref_coin</name>
		<bndbox>
			<xmin>1660</xmin>
			<ymin>1194</ymin>
			<xmax>1844</xmax>
			<ymax>1365</ymax>
		</bndbox>
	</object>
	<object>
		<name>dish</name>
		<bndbox>
			<xmin>1225</xmin>
			<ymin>118</ymin>
			<xmax>2419</xmax>
			<ymax>1016</ymax>
		</bndbox>
	</object>
	<object>
		<name>닭튀김</name>
		<bndbox>
			<xmin>1453</xmin>
			<ymin>311</ymin>
			<xmax>2207</xmax>
			<ymax>897</ymax>
		</bndbox>
	</object>
</annotation>