<annotation>
	<folder>top육류부피배달종이박스닭튀김q2</folder>
	<filename>top_육류부피_배달종이박스_닭튀김_Q2_00013.JPG</filename>
	<path>/top육류부피배달종이박스닭튀김q2/top_육류부피_배달종이박스_닭튀김_Q2_00013.JPG</path>
	<source>
		<database>fooddata</database>
	</source>
	<size>
		<width>3008</width>
		<height>2000</height>
		<depth>3</depth>
	</size>
	<object>
		<name>ref_spoon</name>
		<bndbox>
			<xmin>2124</xmin>
			<ymin>289</ymin>
			<xmax>2398</xmax>
			<ymax>693</ymax>
		</bndbox>
	</object>
	<object>
		<name>ref_fork</name>
		<bndbox>
			<xmin>2435</xmin>
			<ymin>317</ymin>
			<xmax>2641</xmax>
			<ymax>768</ymax>
		</bndbox>
	</object>
	<object>
		<name>ref_coin</name>
		<bndbox>
			<xmin>1349</xmin>
			<ymin>251</ymin>
			<xmax>1542</xmax>
			<ymax>438</ymax>
		</bndbox>
	</object>
	<object>
		<name>dish</name>
		<bndbox>
			<xmin>518</xmin>
			<ymin>428</ymin>
			<xmax>2078</xmax>
			<ymax>1790</ymax>
		</bndbox>
	</object>
	<object>
		<name>닭튀김</name>
		<bndbox>
			<xmin>894</xmin>
			<ymin>797</ymin>
			<xmax>1848</xmax>
			<ymax>1475</ymax>
		</bndbox>
	</object>
</annotation>