<annotation>
	<folder>top육류부피배달종이박스닭튀김q2</folder>
	<filename>top_육류부피_배달종이박스_닭튀김_Q2_00005.JPG</filename>
	<path>/top육류부피배달종이박스닭튀김q2/top_육류부피_배달종이박스_닭튀김_Q2_00005.JPG</path>
	<source>
		<database>fooddata</database>
	</source>
	<size>
		<width>3008</width>
		<height>2000</height>
		<depth>3</depth>
	</size>
	<object>
		<name>ref_spoon</name>
		<bndbox>
			<xmin>1992</xmin>
			<ymin>255</ymin>
			<xmax>2244</xmax>
			<ymax>629</ymax>
		</bndbox>
	</object>
	<object>
		<name>ref_fork</name>
		<bndbox>
			<xmin>2281</xmin>
			<ymin>296</ymin>
			<xmax>2464</xmax>
			<ymax>718</ymax>
		</bndbox>
	</object>
	<object>
		<name>ref_coin</name>
		<bndbox>
			<xmin>1652</xmin>
			<ymin>1429</ymin>
			<xmax>1839</xmax>
			<ymax>1619</ymax>
		</bndbox>
	</object>
	<object>
		<name>dish</name>
		<bndbox>
			<xmin>447</xmin>
			<ymin>362</ymin>
			<xmax>1762</xmax>
			<ymax>1328</ymax>
		</bndbox>
	</object>
	<object>
		<name>닭튀김</name>
		<bndbox>
			<xmin>635</xmin>
			<ymin>571</ymin>
			<xmax>1549</xmax>
			<ymax>1144</ymax>
		</bndbox>
	</object>
</annotation>