<annotation>
	<folder>top육류부피배달종이박스닭튀김q2</folder>
	<filename>top_육류부피_배달종이박스_닭튀김_Q2_00039.JPG</filename>
	<path>/top육류부피배달종이박스닭튀김q2/top_육류부피_배달종이박스_닭튀김_Q2_00039.JPG</path>
	<source>
		<database>fooddata</database>
	</source>
	<size>
		<width>3008</width>
		<height>2000</height>
		<depth>3</depth>
	</size>
	<object>
		<name>ref_spoon</name>
		<bndbox>
			<xmin>689</xmin>
			<ymin>301</ymin>
			<xmax>976</xmax>
			<ymax>723</ymax>
		</bndbox>
	</object>
	<object>
		<name>ref_fork</name>
		<bndbox>
			<xmin>1021</xmin>
			<ymin>296</ymin>
			<xmax>1215</xmax>
			<ymax>774</ymax>
		</bndbox>
	</object>
	<object>
		<name>ref_coin</name>
		<bndbox>
			<xmin>1480</xmin>
			<ymin>1641</ymin>
			<xmax>1687</xmax>
			<ymax>1851</ymax>
		</bndbox>
	</object>
	<object>
		<name>dish</name>
		<bndbox>
			<xmin>1463</xmin>
			<ymin>175</ymin>
			<xmax>2530</xmax>
			<ymax>1556</ymax>
		</bndbox>
	</object>
	<object>
		<name>닭튀김</name>
		<bndbox>
			<xmin>1618</xmin>
			<ymin>398</ymin>
			<xmax>2204</xmax>
			<ymax>1424</ymax>
		</bndbox>
	</object>
</annotation>