<annotation>
	<folder>top육류부피배달종이박스닭튀김q2</folder>
	<filename>top_육류부피_배달종이박스_닭튀김_Q2_00024.JPG</filename>
	<path>/top육류부피배달종이박스닭튀김q2/top_육류부피_배달종이박스_닭튀김_Q2_00024.JPG</path>
	<source>
		<database>fooddata</database>
	</source>
	<size>
		<width>3008</width>
		<height>2000</height>
		<depth>3</depth>
	</size>
	<object>
		<name>ref_spoon</name>
		<bndbox>
			<xmin>970</xmin>
			<ymin>1582</ymin>
			<xmax>1346</xmax>
			<ymax>1843</ymax>
		</bndbox>
	</object>
	<object>
		<name>ref_fork</name>
		<bndbox>
			<xmin>1038</xmin>
			<ymin>1373</ymin>
			<xmax>1429</xmax>
			<ymax>1544</ymax>
		</bndbox>
	</object>
	<object>
		<name>ref_coin</name>
		<bndbox>
			<xmin>2063</xmin>
			<ymin>276</ymin>
			<xmax>2223</xmax>
			<ymax>449</ymax>
		</bndbox>
	</object>
	<object>
		<name>dish</name>
		<bndbox>
			<xmin>1169</xmin>
			<ymin>52</ymin>
			<xmax>2045</xmax>
			<ymax>1224</ymax>
		</bndbox>
	</object>
	<object>
		<name>닭튀김</name>
		<bndbox>
			<xmin>1291</xmin>
			<ymin>293</ymin>
			<xmax>1870</xmax>
			<ymax>1013</ymax>
		</bndbox>
	</object>
</annotation>