<annotation>
	<folder>side밥류원형배달쌀밥q2</folder>
	<filename>side_밥류_원형배달_쌀밥_Q2_00038.JPG</filename>
	<path>/side밥류원형배달쌀밥q2/side_밥류_원형배달_쌀밥_Q2_00038.JPG</path>
	<source>
		<database>fooddata</database>
	</source>
	<size>
		<width>3008</width>
		<height>2000</height>
		<depth>3</depth>
	</size>
	<object>
		<name>ref_spoon</name>
		<bndbox>
			<xmin>548</xmin>
			<ymin>426</ymin>
			<xmax>882</xmax>
			<ymax>861</ymax>
		</bndbox>
	</object>
	<object>
		<name>ref_fork</name>
		<bndbox>
			<xmin>1012</xmin>
			<ymin>460</ymin>
			<xmax>1238</xmax>
			<ymax>924</ymax>
		</bndbox>
	</object>
	<object>
		<name>ref_coin</name>
		<bndbox>
			<xmin>2426</xmin>
			<ymin>669</ymin>
			<xmax>2674</xmax>
			<ymax>828</ymax>
		</bndbox>
	</object>
	<object>
		<name>dish</name>
		<bndbox>
			<xmin>1363</xmin>
			<ymin>381</ymin>
			<xmax>2330</xmax>
			<ymax>1376</ymax>
		</bndbox>
	</object>
	<object>
		<name>쌀밥</name>
		<bndbox>
			<xmin>1561</xmin>
			<ymin>681</ymin>
			<xmax>2154</xmax>
			<ymax>963</ymax>
		</bndbox>
	</object>
</annotation>