<annotation>
	<folder>side밥류원형배달쌀밥q2</folder>
	<filename>side_밥류_원형배달_쌀밥_Q2_00037.JPG</filename>
	<path>/side밥류원형배달쌀밥q2/side_밥류_원형배달_쌀밥_Q2_00037.JPG</path>
	<source>
		<database>fooddata</database>
	</source>
	<size>
		<width>3008</width>
		<height>2000</height>
		<depth>3</depth>
	</size>
	<object>
		<name>ref_spoon</name>
		<bndbox>
			<xmin>554</xmin>
			<ymin>375</ymin>
			<xmax>882</xmax>
			<ymax>805</ymax>
		</bndbox>
	</object>
	<object>
		<name>ref_fork</name>
		<bndbox>
			<xmin>1001</xmin>
			<ymin>381</ymin>
			<xmax>1238</xmax>
			<ymax>878</ymax>
		</bndbox>
	</object>
	<object>
		<name>ref_coin</name>
		<bndbox>
			<xmin>2397</xmin>
			<ymin>839</ymin>
			<xmax>2640</xmax>
			<ymax>1025</ymax>
		</bndbox>
	</object>
	<object>
		<name>dish</name>
		<bndbox>
			<xmin>1340</xmin>
			<ymin>319</ymin>
			<xmax>2324</xmax>
			<ymax>1297</ymax>
		</bndbox>
	</object>
	<object>
		<name>쌀밥</name>
		<bndbox>
			<xmin>1453</xmin>
			<ymin>573</ymin>
			<xmax>2149</xmax>
			<ymax>895</ymax>
		</bndbox>
	</object>
</annotation>