<annotation>
	<folder>side밥류원형배달쌀밥q2</folder>
	<filename>side_밥류_원형배달_쌀밥_Q2_00004.JPG</filename>
	<path>/side밥류원형배달쌀밥q2/side_밥류_원형배달_쌀밥_Q2_00004.JPG</path>
	<source>
		<database>fooddata</database>
	</source>
	<size>
		<width>3008</width>
		<height>2000</height>
		<depth>3</depth>
	</size>
	<object>
		<name>ref_spoon</name>
		<bndbox>
			<xmin>1747</xmin>
			<ymin>460</ymin>
			<xmax>2075</xmax>
			<ymax>884</ymax>
		</bndbox>
	</object>
	<object>
		<name>ref_fork</name>
		<bndbox>
			<xmin>2188</xmin>
			<ymin>488</ymin>
			<xmax>2414</xmax>
			<ymax>935</ymax>
		</bndbox>
	</object>
	<object>
		<name>ref_coin</name>
		<bndbox>
			<xmin>373</xmin>
			<ymin>1399</ymin>
			<xmax>645</xmax>
			<ymax>1602</ymax>
		</bndbox>
	</object>
	<object>
		<name>dish</name>
		<bndbox>
			<xmin>684</xmin>
			<ymin>415</ymin>
			<xmax>1617</xmax>
			<ymax>1353</ymax>
		</bndbox>
	</object>
	<object>
		<name>쌀밥</name>
		<bndbox>
			<xmin>792</xmin>
			<ymin>720</ymin>
			<xmax>1255</xmax>
			<ymax>975</ymax>
		</bndbox>
	</object>
</annotation>