<annotation>
	<folder>side밥류원형배달쌀밥q2</folder>
	<filename>side_밥류_원형배달_쌀밥_Q2_00033.JPG</filename>
	<path>/side밥류원형배달쌀밥q2/side_밥류_원형배달_쌀밥_Q2_00033.JPG</path>
	<source>
		<database>fooddata</database>
	</source>
	<size>
		<width>3008</width>
		<height>2000</height>
		<depth>3</depth>
	</size>
	<object>
		<name>ref_spoon</name>
		<bndbox>
			<xmin>492</xmin>
			<ymin>381</ymin>
			<xmax>814</xmax>
			<ymax>811</ymax>
		</bndbox>
	</object>
	<object>
		<name>ref_fork</name>
		<bndbox>
			<xmin>956</xmin>
			<ymin>415</ymin>
			<xmax>1182</xmax>
			<ymax>890</ymax>
		</bndbox>
	</object>
	<object>
		<name>ref_coin</name>
		<bndbox>
			<xmin>2002</xmin>
			<ymin>1523</ymin>
			<xmax>2267</xmax>
			<ymax>1727</ymax>
		</bndbox>
	</object>
	<object>
		<name>dish</name>
		<bndbox>
			<xmin>1391</xmin>
			<ymin>302</ymin>
			<xmax>2346</xmax>
			<ymax>1286</ymax>
		</bndbox>
	</object>
	<object>
		<name>쌀밥</name>
		<bndbox>
			<xmin>1549</xmin>
			<ymin>630</ymin>
			<xmax>2166</xmax>
			<ymax>901</ymax>
		</bndbox>
	</object>
</annotation>