<annotation>
	<folder>side밥류원형배달쌀밥q2</folder>
	<filename>side_밥류_원형배달_쌀밥_Q2_00006.JPG</filename>
	<path>/side밥류원형배달쌀밥q2/side_밥류_원형배달_쌀밥_Q2_00006.JPG</path>
	<source>
		<database>fooddata</database>
	</source>
	<size>
		<width>3008</width>
		<height>2000</height>
		<depth>3</depth>
	</size>
	<object>
		<name>ref_spoon</name>
		<bndbox>
			<xmin>1945</xmin>
			<ymin>505</ymin>
			<xmax>2239</xmax>
			<ymax>963</ymax>
		</bndbox>
	</object>
	<object>
		<name>ref_fork</name>
		<bndbox>
			<xmin>2380</xmin>
			<ymin>539</ymin>
			<xmax>2601</xmax>
			<ymax>1003</ymax>
		</bndbox>
	</object>
	<object>
		<name>ref_coin</name>
		<bndbox>
			<xmin>136</xmin>
			<ymin>1093</ymin>
			<xmax>396</xmax>
			<ymax>1269</ymax>
		</bndbox>
	</object>
	<object>
		<name>dish</name>
		<bndbox>
			<xmin>905</xmin>
			<ymin>545</ymin>
			<xmax>1849</xmax>
			<ymax>1517</ymax>
		</bndbox>
	</object>
	<object>
		<name>쌀밥</name>
		<bndbox>
			<xmin>984</xmin>
			<ymin>822</ymin>
			<xmax>1679</xmax>
			<ymax>1144</ymax>
		</bndbox>
	</object>
</annotation>