<annotation>
	<folder>top밥류원형배달쌀밥q2</folder>
	<filename>top_밥류_원형배달_쌀밥_Q2_00012.JPG</filename>
	<path>/top밥류원형배달쌀밥q2/top_밥류_원형배달_쌀밥_Q2_00012.JPG</path>
	<source>
		<database>fooddata</database>
	</source>
	<size>
		<width>3008</width>
		<height>2000</height>
		<depth>3</depth>
	</size>
	<object>
		<name>ref_spoon</name>
		<bndbox>
			<xmin>1723</xmin>
			<ymin>356</ymin>
			<xmax>2083</xmax>
			<ymax>910</ymax>
		</bndbox>
	</object>
	<object>
		<name>ref_fork</name>
		<bndbox>
			<xmin>2241</xmin>
			<ymin>489</ymin>
			<xmax>2470</xmax>
			<ymax>1065</ymax>
		</bndbox>
	</object>
	<object>
		<name>ref_coin</name>
		<bndbox>
			<xmin>921</xmin>
			<ymin>99</ymin>
			<xmax>1175</xmax>
			<ymax>358</ymax>
		</bndbox>
	</object>
	<object>
		<name>dish</name>
		<bndbox>
			<xmin>403</xmin>
			<ymin>764</ymin>
			<xmax>1619</xmax>
			<ymax>1961</ymax>
		</bndbox>
	</object>
	<object>
		<name>쌀밥</name>
		<bndbox>
			<xmin>598</xmin>
			<ymin>1106</ymin>
			<xmax>1430</xmax>
			<ymax>1824</ymax>
		</bndbox>
	</object>
</annotation>