<annotation>
	<folder>top밥류원형배달쌀밥q2</folder>
	<filename>top_밥류_원형배달_쌀밥_Q2_00005.JPG</filename>
	<path>/top밥류원형배달쌀밥q2/top_밥류_원형배달_쌀밥_Q2_00005.JPG</path>
	<source>
		<database>fooddata</database>
	</source>
	<size>
		<width>3008</width>
		<height>2000</height>
		<depth>3</depth>
	</size>
	<object>
		<name>ref_spoon</name>
		<bndbox>
			<xmin>1559</xmin>
			<ymin>208</ymin>
			<xmax>1878</xmax>
			<ymax>691</ymax>
		</bndbox>
	</object>
	<object>
		<name>ref_fork</name>
		<bndbox>
			<xmin>1992</xmin>
			<ymin>343</ymin>
			<xmax>2196</xmax>
			<ymax>851</ymax>
		</bndbox>
	</object>
	<object>
		<name>ref_coin</name>
		<bndbox>
			<xmin>284</xmin>
			<ymin>1364</ymin>
			<xmax>528</xmax>
			<ymax>1613</ymax>
		</bndbox>
	</object>
	<object>
		<name>dish</name>
		<bndbox>
			<xmin>421</xmin>
			<ymin>422</ymin>
			<xmax>1454</xmax>
			<ymax>1448</ymax>
		</bndbox>
	</object>
	<object>
		<name>쌀밥</name>
		<bndbox>
			<xmin>553</xmin>
			<ymin>617</ymin>
			<xmax>1215</xmax>
			<ymax>1324</ymax>
		</bndbox>
	</object>
</annotation>