<annotation>
	<folder>top밥류원형배달쌀밥q2</folder>
	<filename>top_밥류_원형배달_쌀밥_Q2_00023.JPG</filename>
	<path>/top밥류원형배달쌀밥q2/top_밥류_원형배달_쌀밥_Q2_00023.JPG</path>
	<source>
		<database>fooddata</database>
	</source>
	<size>
		<width>3008</width>
		<height>2000</height>
		<depth>3</depth>
	</size>
	<object>
		<name>ref_spoon</name>
		<bndbox>
			<xmin>498</xmin>
			<ymin>1558</ymin>
			<xmax>916</xmax>
			<ymax>1837</ymax>
		</bndbox>
	</object>
	<object>
		<name>ref_fork</name>
		<bndbox>
			<xmin>627</xmin>
			<ymin>1334</ymin>
			<xmax>1067</xmax>
			<ymax>1518</ymax>
		</bndbox>
	</object>
	<object>
		<name>ref_coin</name>
		<bndbox>
			<xmin>1067</xmin>
			<ymin>74</ymin>
			<xmax>1255</xmax>
			<ymax>252</ymax>
		</bndbox>
	</object>
	<object>
		<name>dish</name>
		<bndbox>
			<xmin>946</xmin>
			<ymin>557</ymin>
			<xmax>1773</xmax>
			<ymax>1369</ymax>
		</bndbox>
	</object>
	<object>
		<name>쌀밥</name>
		<bndbox>
			<xmin>1066</xmin>
			<ymin>721</ymin>
			<xmax>1653</xmax>
			<ymax>1254</ymax>
		</bndbox>
	</object>
</annotation>