<annotation>
	<folder>top밥류원형배달쌀밥q2</folder>
	<filename>top_밥류_원형배달_쌀밥_Q2_00014.JPG</filename>
	<path>/top밥류원형배달쌀밥q2/top_밥류_원형배달_쌀밥_Q2_00014.JPG</path>
	<source>
		<database>fooddata</database>
	</source>
	<size>
		<width>3008</width>
		<height>2000</height>
		<depth>3</depth>
	</size>
	<object>
		<name>ref_spoon</name>
		<bndbox>
			<xmin>1818</xmin>
			<ymin>119</ymin>
			<xmax>2151</xmax>
			<ymax>617</ymax>
		</bndbox>
	</object>
	<object>
		<name>ref_fork</name>
		<bndbox>
			<xmin>2226</xmin>
			<ymin>308</ymin>
			<xmax>2505</xmax>
			<ymax>821</ymax>
		</bndbox>
	</object>
	<object>
		<name>ref_coin</name>
		<bndbox>
			<xmin>1421</xmin>
			<ymin>846</ymin>
			<xmax>1643</xmax>
			<ymax>1075</ymax>
		</bndbox>
	</object>
	<object>
		<name>dish</name>
		<bndbox>
			<xmin>329</xmin>
			<ymin>443</ymin>
			<xmax>1374</xmax>
			<ymax>1472</ymax>
		</bndbox>
	</object>
	<object>
		<name>쌀밥</name>
		<bndbox>
			<xmin>573</xmin>
			<ymin>601</ymin>
			<xmax>1276</xmax>
			<ymax>1334</ymax>
		</bndbox>
	</object>
</annotation>