<annotation>
	<folder>top밥류원형배달쌀밥q2</folder>
	<filename>top_밥류_원형배달_쌀밥_Q2_00015.JPG</filename>
	<path>/top밥류원형배달쌀밥q2/top_밥류_원형배달_쌀밥_Q2_00015.JPG</path>
	<source>
		<database>fooddata</database>
	</source>
	<size>
		<width>3008</width>
		<height>2000</height>
		<depth>3</depth>
	</size>
	<object>
		<name>ref_spoon</name>
		<bndbox>
			<xmin>1838</xmin>
			<ymin>153</ymin>
			<xmax>2166</xmax>
			<ymax>651</ymax>
		</bndbox>
	</object>
	<object>
		<name>ref_fork</name>
		<bndbox>
			<xmin>2241</xmin>
			<ymin>343</ymin>
			<xmax>2500</xmax>
			<ymax>866</ymax>
		</bndbox>
	</object>
	<object>
		<name>ref_coin</name>
		<bndbox>
			<xmin>1449</xmin>
			<ymin>1299</ymin>
			<xmax>1688</xmax>
			<ymax>1538</ymax>
		</bndbox>
	</object>
	<object>
		<name>dish</name>
		<bndbox>
			<xmin>418</xmin>
			<ymin>313</ymin>
			<xmax>1439</xmax>
			<ymax>1324</ymax>
		</bndbox>
	</object>
	<object>
		<name>쌀밥</name>
		<bndbox>
			<xmin>652</xmin>
			<ymin>472</ymin>
			<xmax>1350</xmax>
			<ymax>1214</ymax>
		</bndbox>
	</object>
</annotation>