<annotation>
	<folder>top밥류원형배달쌀밥q2</folder>
	<filename>top_밥류_원형배달_쌀밥_Q2_00039.JPG</filename>
	<path>/top밥류원형배달쌀밥q2/top_밥류_원형배달_쌀밥_Q2_00039.JPG</path>
	<source>
		<database>fooddata</database>
	</source>
	<size>
		<width>3008</width>
		<height>2000</height>
		<depth>3</depth>
	</size>
	<object>
		<name>ref_spoon</name>
		<bndbox>
			<xmin>429</xmin>
			<ymin>148</ymin>
			<xmax>782</xmax>
			<ymax>666</ymax>
		</bndbox>
	</object>
	<object>
		<name>ref_fork</name>
		<bndbox>
			<xmin>921</xmin>
			<ymin>193</ymin>
			<xmax>1149</xmax>
			<ymax>751</ymax>
		</bndbox>
	</object>
	<object>
		<name>ref_coin</name>
		<bndbox>
			<xmin>2460</xmin>
			<ymin>1015</ymin>
			<xmax>2704</xmax>
			<ymax>1264</ymax>
		</bndbox>
	</object>
	<object>
		<name>dish</name>
		<bndbox>
			<xmin>1280</xmin>
			<ymin>555</ymin>
			<xmax>2390</xmax>
			<ymax>1662</ymax>
		</bndbox>
	</object>
	<object>
		<name>쌀밥</name>
		<bndbox>
			<xmin>1399</xmin>
			<ymin>736</ymin>
			<xmax>2186</xmax>
			<ymax>1513</ymax>
		</bndbox>
	</object>
</annotation>