<annotation>
	<folder>top밥류원형배달쌀밥q2</folder>
	<filename>top_밥류_원형배달_쌀밥_Q2_00027.JPG</filename>
	<path>/top밥류원형배달쌀밥q2/top_밥류_원형배달_쌀밥_Q2_00027.JPG</path>
	<source>
		<database>fooddata</database>
	</source>
	<size>
		<width>3008</width>
		<height>2000</height>
		<depth>3</depth>
	</size>
	<object>
		<name>ref_spoon</name>
		<bndbox>
			<xmin>444</xmin>
			<ymin>1336</ymin>
			<xmax>916</xmax>
			<ymax>1642</ymax>
		</bndbox>
	</object>
	<object>
		<name>ref_fork</name>
		<bndbox>
			<xmin>567</xmin>
			<ymin>1075</ymin>
			<xmax>1071</xmax>
			<ymax>1269</ymax>
		</bndbox>
	</object>
	<object>
		<name>ref_coin</name>
		<bndbox>
			<xmin>1950</xmin>
			<ymin>791</ymin>
			<xmax>2161</xmax>
			<ymax>1002</ymax>
		</bndbox>
	</object>
	<object>
		<name>dish</name>
		<bndbox>
			<xmin>931</xmin>
			<ymin>109</ymin>
			<xmax>1882</xmax>
			<ymax>1060</ymax>
		</bndbox>
	</object>
	<object>
		<name>쌀밥</name>
		<bndbox>
			<xmin>1039</xmin>
			<ymin>298</ymin>
			<xmax>1723</xmax>
			<ymax>970</ymax>
		</bndbox>
	</object>
</annotation>