<annotation>
	<folder>top밥류원형배달쌀밥q2</folder>
	<filename>top_밥류_원형배달_쌀밥_Q2_00056.JPG</filename>
	<path>/top밥류원형배달쌀밥q2/top_밥류_원형배달_쌀밥_Q2_00056.JPG</path>
	<source>
		<database>fooddata</database>
	</source>
	<size>
		<width>3008</width>
		<height>2000</height>
		<depth>3</depth>
	</size>
	<object>
		<name>ref_spoon</name>
		<bndbox>
			<xmin>481</xmin>
			<ymin>123</ymin>
			<xmax>832</xmax>
			<ymax>631</ymax>
		</bndbox>
	</object>
	<object>
		<name>ref_fork</name>
		<bndbox>
			<xmin>967</xmin>
			<ymin>153</ymin>
			<xmax>1185</xmax>
			<ymax>686</ymax>
		</bndbox>
	</object>
	<object>
		<name>ref_coin</name>
		<bndbox>
			<xmin>1643</xmin>
			<ymin>258</ymin>
			<xmax>1878</xmax>
			<ymax>502</ymax>
		</bndbox>
	</object>
	<object>
		<name>dish</name>
		<bndbox>
			<xmin>1195</xmin>
			<ymin>766</ymin>
			<xmax>2271</xmax>
			<ymax>1847</ymax>
		</bndbox>
	</object>
	<object>
		<name>쌀밥</name>
		<bndbox>
			<xmin>1335</xmin>
			<ymin>940</ymin>
			<xmax>2084</xmax>
			<ymax>1677</ymax>
		</bndbox>
	</object>
</annotation>