<annotation>
	<folder>side국류원형배달미소된장국q5</folder>
	<filename>side_국류_원형배달_미소된장국_Q5_00006.JPG</filename>
	<path>/side국류원형배달미소된장국q5/side_국류_원형배달_미소된장국_Q5_00006.JPG</path>
	<source>
		<database>fooddata</database>
	</source>
	<size>
		<width>3008</width>
		<height>2000</height>
		<depth>3</depth>
	</size>
	<object>
		<name>ref_spoon</name>
		<bndbox>
			<xmin>2093</xmin>
			<ymin>627</ymin>
			<xmax>2429</xmax>
			<ymax>1079</ymax>
		</bndbox>
	</object>
	<object>
		<name>ref_fork</name>
		<bndbox>
			<xmin>1728</xmin>
			<ymin>606</ymin>
			<xmax>1961</xmax>
			<ymax>1119</ymax>
		</bndbox>
	</object>
	<object>
		<name>ref_coin</name>
		<bndbox>
			<xmin>406</xmin>
			<ymin>1353</ymin>
			<xmax>671</xmax>
			<ymax>1561</ymax>
		</bndbox>
	</object>
	<object>
		<name>dish</name>
		<bndbox>
			<xmin>823</xmin>
			<ymin>769</ymin>
			<xmax>1509</xmax>
			<ymax>1567</ymax>
		</bndbox>
	</object>
	<object>
		<name>미소된장국</name>
		<bndbox>
			<xmin>869</xmin>
			<ymin>835</ymin>
			<xmax>1484</xmax>
			<ymax>1267</ymax>
		</bndbox>
	</object>
</annotation>