<annotation>
	<folder>side국류원형배달미소된장국q5</folder>
	<filename>side_국류_원형배달_미소된장국_Q5_00039.JPG</filename>
	<path>/side국류원형배달미소된장국q5/side_국류_원형배달_미소된장국_Q5_00039.JPG</path>
	<source>
		<database>fooddata</database>
	</source>
	<size>
		<width>3008</width>
		<height>2000</height>
		<depth>3</depth>
	</size>
	<object>
		<name>ref_spoon</name>
		<bndbox>
			<xmin>696</xmin>
			<ymin>347</ymin>
			<xmax>1098</xmax>
			<ymax>906</ymax>
		</bndbox>
	</object>
	<object>
		<name>ref_fork</name>
		<bndbox>
			<xmin>320</xmin>
			<ymin>418</ymin>
			<xmax>584</xmax>
			<ymax>1008</ymax>
		</bndbox>
	</object>
	<object>
		<name>ref_coin</name>
		<bndbox>
			<xmin>1834</xmin>
			<ymin>271</ymin>
			<xmax>2119</xmax>
			<ymax>494</ymax>
		</bndbox>
	</object>
	<object>
		<name>dish</name>
		<bndbox>
			<xmin>1260</xmin>
			<ymin>693</ymin>
			<xmax>2078</xmax>
			<ymax>1597</ymax>
		</bndbox>
	</object>
	<object>
		<name>미소된장국</name>
		<bndbox>
			<xmin>1331</xmin>
			<ymin>754</ymin>
			<xmax>2032</xmax>
			<ymax>1282</ymax>
		</bndbox>
	</object>
</annotation>