<annotation>
	<folder>side국류원형배달미소된장국q5</folder>
	<filename>side_국류_원형배달_미소된장국_Q5_00010.JPG</filename>
	<path>/side국류원형배달미소된장국q5/side_국류_원형배달_미소된장국_Q5_00010.JPG</path>
	<source>
		<database>fooddata</database>
	</source>
	<size>
		<width>3008</width>
		<height>2000</height>
		<depth>3</depth>
	</size>
	<object>
		<name>ref_spoon</name>
		<bndbox>
			<xmin>2032</xmin>
			<ymin>596</ymin>
			<xmax>2368</xmax>
			<ymax>1064</ymax>
		</bndbox>
	</object>
	<object>
		<name>ref_fork</name>
		<bndbox>
			<xmin>1667</xmin>
			<ymin>581</ymin>
			<xmax>1900</xmax>
			<ymax>1084</ymax>
		</bndbox>
	</object>
	<object>
		<name>ref_coin</name>
		<bndbox>
			<xmin>1245</xmin>
			<ymin>560</ymin>
			<xmax>1479</xmax>
			<ymax>754</ymax>
		</bndbox>
	</object>
	<object>
		<name>dish</name>
		<bndbox>
			<xmin>798</xmin>
			<ymin>799</ymin>
			<xmax>1504</xmax>
			<ymax>1572</ymax>
		</bndbox>
	</object>
	<object>
		<name>미소된장국</name>
		<bndbox>
			<xmin>854</xmin>
			<ymin>845</ymin>
			<xmax>1474</xmax>
			<ymax>1282</ymax>
		</bndbox>
	</object>
</annotation>