<annotation>
	<folder>side국류원형배달미소된장국q5</folder>
	<filename>side_국류_원형배달_미소된장국_Q5_00036.JPG</filename>
	<path>/side국류원형배달미소된장국q5/side_국류_원형배달_미소된장국_Q5_00036.JPG</path>
	<source>
		<database>fooddata</database>
	</source>
	<size>
		<width>3008</width>
		<height>2000</height>
		<depth>3</depth>
	</size>
	<object>
		<name>ref_spoon</name>
		<bndbox>
			<xmin>701</xmin>
			<ymin>525</ymin>
			<xmax>1072</xmax>
			<ymax>1038</ymax>
		</bndbox>
	</object>
	<object>
		<name>ref_fork</name>
		<bndbox>
			<xmin>310</xmin>
			<ymin>576</ymin>
			<xmax>579</xmax>
			<ymax>1160</ymax>
		</bndbox>
	</object>
	<object>
		<name>ref_coin</name>
		<bndbox>
			<xmin>2185</xmin>
			<ymin>1379</ymin>
			<xmax>2480</xmax>
			<ymax>1628</ymax>
		</bndbox>
	</object>
	<object>
		<name>dish</name>
		<bndbox>
			<xmin>1230</xmin>
			<ymin>591</ymin>
			<xmax>1997</xmax>
			<ymax>1460</ymax>
		</bndbox>
	</object>
	<object>
		<name>미소된장국</name>
		<bndbox>
			<xmin>1291</xmin>
			<ymin>667</ymin>
			<xmax>1961</xmax>
			<ymax>1124</ymax>
		</bndbox>
	</object>
</annotation>