<annotation>
	<folder>side국류원형배달미소된장국q5</folder>
	<filename>side_국류_원형배달_미소된장국_Q5_00046.JPG</filename>
	<path>/side국류원형배달미소된장국q5/side_국류_원형배달_미소된장국_Q5_00046.JPG</path>
	<source>
		<database>fooddata</database>
	</source>
	<size>
		<width>3008</width>
		<height>2000</height>
		<depth>3</depth>
	</size>
	<object>
		<name>ref_spoon</name>
		<bndbox>
			<xmin>635</xmin>
			<ymin>378</ymin>
			<xmax>1011</xmax>
			<ymax>886</ymax>
		</bndbox>
	</object>
	<object>
		<name>ref_fork</name>
		<bndbox>
			<xmin>244</xmin>
			<ymin>444</ymin>
			<xmax>518</xmax>
			<ymax>1053</ymax>
		</bndbox>
	</object>
	<object>
		<name>ref_coin</name>
		<bndbox>
			<xmin>2281</xmin>
			<ymin>1307</ymin>
			<xmax>2581</xmax>
			<ymax>1556</ymax>
		</bndbox>
	</object>
	<object>
		<name>dish</name>
		<bndbox>
			<xmin>1189</xmin>
			<ymin>708</ymin>
			<xmax>1971</xmax>
			<ymax>1607</ymax>
		</bndbox>
	</object>
	<object>
		<name>미소된장국</name>
		<bndbox>
			<xmin>1260</xmin>
			<ymin>799</ymin>
			<xmax>1931</xmax>
			<ymax>1302</ymax>
		</bndbox>
	</object>
</annotation>