<annotation>
	<folder>top국류원형배달미소된장국q5</folder>
	<filename>top_국류_원형배달_미소된장국_Q5_00014.JPG</filename>
	<path>/top국류원형배달미소된장국q5/top_국류_원형배달_미소된장국_Q5_00014.JPG</path>
	<source>
		<database>fooddata</database>
	</source>
	<size>
		<width>3008</width>
		<height>2000</height>
		<depth>3</depth>
	</size>
	<object>
		<name>ref_spoon</name>
		<bndbox>
			<xmin>1910</xmin>
			<ymin>386</ymin>
			<xmax>2289</xmax>
			<ymax>1024</ymax>
		</bndbox>
	</object>
	<object>
		<name>ref_fork</name>
		<bndbox>
			<xmin>2439</xmin>
			<ymin>392</ymin>
			<xmax>2688</xmax>
			<ymax>1078</ymax>
		</bndbox>
	</object>
	<object>
		<name>ref_coin</name>
		<bndbox>
			<xmin>1272</xmin>
			<ymin>225</ymin>
			<xmax>1538</xmax>
			<ymax>485</ymax>
		</bndbox>
	</object>
	<object>
		<name>dish</name>
		<bndbox>
			<xmin>852</xmin>
			<ymin>1027</ymin>
			<xmax>1692</xmax>
			<ymax>1833</ymax>
		</bndbox>
	</object>
	<object>
		<name>미소된장국</name>
		<bndbox>
			<xmin>907</xmin>
			<ymin>1068</ymin>
			<xmax>1634</xmax>
			<ymax>1795</ymax>
		</bndbox>
	</object>
</annotation>