<annotation>
	<folder>top국류원형배달미소된장국q5</folder>
	<filename>top_국류_원형배달_미소된장국_Q5_00018.JPG</filename>
	<path>/top국류원형배달미소된장국q5/top_국류_원형배달_미소된장국_Q5_00018.JPG</path>
	<source>
		<database>fooddata</database>
	</source>
	<size>
		<width>3008</width>
		<height>2000</height>
		<depth>3</depth>
	</size>
	<object>
		<name>ref_spoon</name>
		<bndbox>
			<xmin>1344</xmin>
			<ymin>300</ymin>
			<xmax>1739</xmax>
			<ymax>928</ymax>
		</bndbox>
	</object>
	<object>
		<name>ref_fork</name>
		<bndbox>
			<xmin>1893</xmin>
			<ymin>307</ymin>
			<xmax>2146</xmax>
			<ymax>993</ymax>
		</bndbox>
	</object>
	<object>
		<name>ref_coin</name>
		<bndbox>
			<xmin>2419</xmin>
			<ymin>1085</ymin>
			<xmax>2688</xmax>
			<ymax>1355</ymax>
		</bndbox>
	</object>
	<object>
		<name>dish</name>
		<bndbox>
			<xmin>251</xmin>
			<ymin>973</ymin>
			<xmax>1118</xmax>
			<ymax>1819</ymax>
		</bndbox>
	</object>
	<object>
		<name>미소된장국</name>
		<bndbox>
			<xmin>306</xmin>
			<ymin>1027</ymin>
			<xmax>1071</xmax>
			<ymax>1778</ymax>
		</bndbox>
	</object>
</annotation>