<annotation>
	<folder>top국류원형배달미소된장국q5</folder>
	<filename>top_국류_원형배달_미소된장국_Q5_00007.JPG</filename>
	<path>/top국류원형배달미소된장국q5/top_국류_원형배달_미소된장국_Q5_00007.JPG</path>
	<source>
		<database>fooddata</database>
	</source>
	<size>
		<width>3008</width>
		<height>2000</height>
		<depth>3</depth>
	</size>
	<object>
		<name>ref_spoon</name>
		<bndbox>
			<xmin>1838</xmin>
			<ymin>130</ymin>
			<xmax>2176</xmax>
			<ymax>648</ymax>
		</bndbox>
	</object>
	<object>
		<name>ref_fork</name>
		<bndbox>
			<xmin>2265</xmin>
			<ymin>198</ymin>
			<xmax>2504</xmax>
			<ymax>782</ymax>
		</bndbox>
	</object>
	<object>
		<name>ref_coin</name>
		<bndbox>
			<xmin>255</xmin>
			<ymin>1225</ymin>
			<xmax>504</xmax>
			<ymax>1468</ymax>
		</bndbox>
	</object>
	<object>
		<name>dish</name>
		<bndbox>
			<xmin>760</xmin>
			<ymin>505</ymin>
			<xmax>1473</xmax>
			<ymax>1198</ymax>
		</bndbox>
	</object>
	<object>
		<name>미소된장국</name>
		<bndbox>
			<xmin>818</xmin>
			<ymin>549</ymin>
			<xmax>1439</xmax>
			<ymax>1164</ymax>
		</bndbox>
	</object>
</annotation>