<annotation>
	<folder>top국류원형배달미소된장국q5</folder>
	<filename>top_국류_원형배달_미소된장국_Q5_00002.JPG</filename>
	<path>/top국류원형배달미소된장국q5/top_국류_원형배달_미소된장국_Q5_00002.JPG</path>
	<source>
		<database>fooddata</database>
	</source>
	<size>
		<width>3008</width>
		<height>2000</height>
		<depth>3</depth>
	</size>
	<object>
		<name>ref_spoon</name>
		<bndbox>
			<xmin>1787</xmin>
			<ymin>150</ymin>
			<xmax>2101</xmax>
			<ymax>679</ymax>
		</bndbox>
	</object>
	<object>
		<name>ref_fork</name>
		<bndbox>
			<xmin>2217</xmin>
			<ymin>184</ymin>
			<xmax>2415</xmax>
			<ymax>758</ymax>
		</bndbox>
	</object>
	<object>
		<name>ref_coin</name>
		<bndbox>
			<xmin>1480</xmin>
			<ymin>1007</ymin>
			<xmax>1702</xmax>
			<ymax>1229</ymax>
		</bndbox>
	</object>
	<object>
		<name>dish</name>
		<bndbox>
			<xmin>729</xmin>
			<ymin>587</ymin>
			<xmax>1415</xmax>
			<ymax>1253</ymax>
		</bndbox>
	</object>
	<object>
		<name>미소된장국</name>
		<bndbox>
			<xmin>763</xmin>
			<ymin>635</ymin>
			<xmax>1378</xmax>
			<ymax>1225</ymax>
		</bndbox>
	</object>
</annotation>