<annotation>
	<folder>top국류원형배달미소된장국q5</folder>
	<filename>top_국류_원형배달_미소된장국_Q5_00033.JPG</filename>
	<path>/top국류원형배달미소된장국q5/top_국류_원형배달_미소된장국_Q5_00033.JPG</path>
	<source>
		<database>fooddata</database>
	</source>
	<size>
		<width>3008</width>
		<height>2000</height>
		<depth>3</depth>
	</size>
	<object>
		<name>ref_spoon</name>
		<bndbox>
			<xmin>555</xmin>
			<ymin>280</ymin>
			<xmax>825</xmax>
			<ymax>717</ymax>
		</bndbox>
	</object>
	<object>
		<name>ref_fork</name>
		<bndbox>
			<xmin>924</xmin>
			<ymin>386</ymin>
			<xmax>1101</xmax>
			<ymax>863</ymax>
		</bndbox>
	</object>
	<object>
		<name>ref_coin</name>
		<bndbox>
			<xmin>1251</xmin>
			<ymin>372</ymin>
			<xmax>1432</xmax>
			<ymax>553</ymax>
		</bndbox>
	</object>
	<object>
		<name>dish</name>
		<bndbox>
			<xmin>1415</xmin>
			<ymin>765</ymin>
			<xmax>2002</xmax>
			<ymax>1345</ymax>
		</bndbox>
	</object>
	<object>
		<name>미소된장국</name>
		<bndbox>
			<xmin>1449</xmin>
			<ymin>809</ymin>
			<xmax>1961</xmax>
			<ymax>1300</ymax>
		</bndbox>
	</object>
</annotation>