<annotation>
	<folder>top국류원형배달미소된장국q5</folder>
	<filename>top_국류_원형배달_미소된장국_Q5_00049.JPG</filename>
	<path>/top국류원형배달미소된장국q5/top_국류_원형배달_미소된장국_Q5_00049.JPG</path>
	<source>
		<database>fooddata</database>
	</source>
	<size>
		<width>3008</width>
		<height>2000</height>
		<depth>3</depth>
	</size>
	<object>
		<name>ref_spoon</name>
		<bndbox>
			<xmin>265</xmin>
			<ymin>147</ymin>
			<xmax>589</xmax>
			<ymax>669</ymax>
		</bndbox>
	</object>
	<object>
		<name>ref_fork</name>
		<bndbox>
			<xmin>709</xmin>
			<ymin>266</ymin>
			<xmax>920</xmax>
			<ymax>833</ymax>
		</bndbox>
	</object>
	<object>
		<name>ref_coin</name>
		<bndbox>
			<xmin>1091</xmin>
			<ymin>1413</ymin>
			<xmax>1330</xmax>
			<ymax>1645</ymax>
		</bndbox>
	</object>
	<object>
		<name>dish</name>
		<bndbox>
			<xmin>1330</xmin>
			<ymin>638</ymin>
			<xmax>2036</xmax>
			<ymax>1324</ymax>
		</bndbox>
	</object>
	<object>
		<name>미소된장국</name>
		<bndbox>
			<xmin>1378</xmin>
			<ymin>683</ymin>
			<xmax>1985</xmax>
			<ymax>1280</ymax>
		</bndbox>
	</object>
</annotation>