<annotation>
	<folder>side육류부피사각배달순대볶음q2</folder>
	<filename>side_육류부피_사각배달_순대볶음_Q2_00049.JPG</filename>
	<path>/side육류부피사각배달순대볶음q2/side_육류부피_사각배달_순대볶음_Q2_00049.JPG</path>
	<source>
		<database>fooddata</database>
	</source>
	<size>
		<width>3008</width>
		<height>2000</height>
		<depth>3</depth>
	</size>
	<object>
		<name>ref_spoon</name>
		<bndbox>
			<xmin>404</xmin>
			<ymin>668</ymin>
			<xmax>684</xmax>
			<ymax>1052</ymax>
		</bndbox>
	</object>
	<object>
		<name>ref_fork</name>
		<bndbox>
			<xmin>788</xmin>
			<ymin>664</ymin>
			<xmax>984</xmax>
			<ymax>1100</ymax>
		</bndbox>
	</object>
	<object>
		<name>ref_coin</name>
		<bndbox>
			<xmin>2380</xmin>
			<ymin>1512</ymin>
			<xmax>2600</xmax>
			<ymax>1656</ymax>
		</bndbox>
	</object>
	<object>
		<name>dish</name>
		<bndbox>
			<xmin>1120</xmin>
			<ymin>424</ymin>
			<xmax>2708</xmax>
			<ymax>1416</ymax>
		</bndbox>
	</object>
	<object>
		<name>순대볶음</name>
		<bndbox>
			<xmin>1444</xmin>
			<ymin>688</ymin>
			<xmax>2452</xmax>
			<ymax>1092</ymax>
		</bndbox>
	</object>
</annotation>