<annotation>
	<folder>side육류부피사각배달순대볶음q2</folder>
	<filename>side_육류부피_사각배달_순대볶음_Q2_00032.JPG</filename>
	<path>/side육류부피사각배달순대볶음q2/side_육류부피_사각배달_순대볶음_Q2_00032.JPG</path>
	<source>
		<database>fooddata</database>
	</source>
	<size>
		<width>3008</width>
		<height>2000</height>
		<depth>3</depth>
	</size>
	<object>
		<name>ref_spoon</name>
		<bndbox>
			<xmin>984</xmin>
			<ymin>1612</ymin>
			<xmax>1436</xmax>
			<ymax>1800</ymax>
		</bndbox>
	</object>
	<object>
		<name>ref_fork</name>
		<bndbox>
			<xmin>996</xmin>
			<ymin>1376</ymin>
			<xmax>1492</xmax>
			<ymax>1544</ymax>
		</bndbox>
	</object>
	<object>
		<name>ref_coin</name>
		<bndbox>
			<xmin>1700</xmin>
			<ymin>1164</ymin>
			<xmax>1888</xmax>
			<ymax>1296</ymax>
		</bndbox>
	</object>
	<object>
		<name>dish</name>
		<bndbox>
			<xmin>748</xmin>
			<ymin>232</ymin>
			<xmax>2112</xmax>
			<ymax>1012</ymax>
		</bndbox>
	</object>
	<object>
		<name>순대볶음</name>
		<bndbox>
			<xmin>872</xmin>
			<ymin>468</ymin>
			<xmax>1968</xmax>
			<ymax>756</ymax>
		</bndbox>
	</object>
</annotation>