<annotation>
	<folder>side육류부피사각배달순대볶음q2</folder>
	<filename>side_육류부피_사각배달_순대볶음_Q2_00001.JPG</filename>
	<path>/side육류부피사각배달순대볶음q2/side_육류부피_사각배달_순대볶음_Q2_00001.JPG</path>
	<source>
		<database>fooddata</database>
	</source>
	<size>
		<width>3008</width>
		<height>2000</height>
		<depth>3</depth>
	</size>
	<object>
		<name>ref_spoon</name>
		<bndbox>
			<xmin>2092</xmin>
			<ymin>476</ymin>
			<xmax>2352</xmax>
			<ymax>812</ymax>
		</bndbox>
	</object>
	<object>
		<name>ref_fork</name>
		<bndbox>
			<xmin>2456</xmin>
			<ymin>476</ymin>
			<xmax>2660</xmax>
			<ymax>880</ymax>
		</bndbox>
	</object>
	<object>
		<name>ref_coin</name>
		<bndbox>
			<xmin>1904</xmin>
			<ymin>1604</ymin>
			<xmax>2116</xmax>
			<ymax>1756</ymax>
		</bndbox>
	</object>
	<object>
		<name>dish</name>
		<bndbox>
			<xmin>856</xmin>
			<ymin>268</ymin>
			<xmax>1968</xmax>
			<ymax>1436</ymax>
		</bndbox>
	</object>
	<object>
		<name>순대볶음</name>
		<bndbox>
			<xmin>968</xmin>
			<ymin>460</ymin>
			<xmax>1776</xmax>
			<ymax>1128</ymax>
		</bndbox>
	</object>
</annotation>