<annotation>
	<folder>side육류부피사각배달순대볶음q2</folder>
	<filename>side_육류부피_사각배달_순대볶음_Q2_00044.JPG</filename>
	<path>/side육류부피사각배달순대볶음q2/side_육류부피_사각배달_순대볶음_Q2_00044.JPG</path>
	<source>
		<database>fooddata</database>
	</source>
	<size>
		<width>3008</width>
		<height>2000</height>
		<depth>3</depth>
	</size>
	<object>
		<name>ref_spoon</name>
		<bndbox>
			<xmin>428</xmin>
			<ymin>564</ymin>
			<xmax>708</xmax>
			<ymax>944</ymax>
		</bndbox>
	</object>
	<object>
		<name>ref_fork</name>
		<bndbox>
			<xmin>808</xmin>
			<ymin>568</ymin>
			<xmax>996</xmax>
			<ymax>1012</ymax>
		</bndbox>
	</object>
	<object>
		<name>ref_coin</name>
		<bndbox>
			<xmin>1644</xmin>
			<ymin>276</ymin>
			<xmax>1828</xmax>
			<ymax>400</ymax>
		</bndbox>
	</object>
	<object>
		<name>dish</name>
		<bndbox>
			<xmin>1276</xmin>
			<ymin>568</ymin>
			<xmax>2836</xmax>
			<ymax>1484</ymax>
		</bndbox>
	</object>
	<object>
		<name>순대볶음</name>
		<bndbox>
			<xmin>1408</xmin>
			<ymin>860</ymin>
			<xmax>2652</xmax>
			<ymax>1212</ymax>
		</bndbox>
	</object>
</annotation>