<annotation>
	<folder>side육류부피사각배달순대볶음q2</folder>
	<filename>side_육류부피_사각배달_순대볶음_Q2_00045.JPG</filename>
	<path>/side육류부피사각배달순대볶음q2/side_육류부피_사각배달_순대볶음_Q2_00045.JPG</path>
	<source>
		<database>fooddata</database>
	</source>
	<size>
		<width>3008</width>
		<height>2000</height>
		<depth>3</depth>
	</size>
	<object>
		<name>ref_spoon</name>
		<bndbox>
			<xmin>372</xmin>
			<ymin>520</ymin>
			<xmax>652</xmax>
			<ymax>908</ymax>
		</bndbox>
	</object>
	<object>
		<name>ref_fork</name>
		<bndbox>
			<xmin>764</xmin>
			<ymin>528</ymin>
			<xmax>940</xmax>
			<ymax>976</ymax>
		</bndbox>
	</object>
	<object>
		<name>ref_coin</name>
		<bndbox>
			<xmin>1072</xmin>
			<ymin>884</ymin>
			<xmax>1280</xmax>
			<ymax>1020</ymax>
		</bndbox>
	</object>
	<object>
		<name>dish</name>
		<bndbox>
			<xmin>1556</xmin>
			<ymin>348</ymin>
			<xmax>2736</xmax>
			<ymax>1556</ymax>
		</bndbox>
	</object>
	<object>
		<name>순대볶음</name>
		<bndbox>
			<xmin>1676</xmin>
			<ymin>652</ymin>
			<xmax>2552</xmax>
			<ymax>1272</ymax>
		</bndbox>
	</object>
</annotation>