<annotation>
	<folder>top육류부피사각배달순대볶음q2</folder>
	<filename>top_육류부피_사각배달_순대볶음_Q2_00028.JPG</filename>
	<path>/top육류부피사각배달순대볶음q2/top_육류부피_사각배달_순대볶음_Q2_00028.JPG</path>
	<source>
		<database>fooddata</database>
	</source>
	<size>
		<width>3008</width>
		<height>2000</height>
		<depth>3</depth>
	</size>
	<object>
		<name>ref_spoon</name>
		<bndbox>
			<xmin>1025</xmin>
			<ymin>1572</ymin>
			<xmax>1353</xmax>
			<ymax>1790</ymax>
		</bndbox>
	</object>
	<object>
		<name>ref_fork</name>
		<bndbox>
			<xmin>1060</xmin>
			<ymin>1346</ymin>
			<xmax>1415</xmax>
			<ymax>1510</ymax>
		</bndbox>
	</object>
	<object>
		<name>ref_coin</name>
		<bndbox>
			<xmin>1358</xmin>
			<ymin>170</ymin>
			<xmax>1504</xmax>
			<ymax>303</ymax>
		</bndbox>
	</object>
	<object>
		<name>dish</name>
		<bndbox>
			<xmin>1145</xmin>
			<ymin>312</ymin>
			<xmax>2316</xmax>
			<ymax>1177</ymax>
		</bndbox>
	</object>
	<object>
		<name>순대볶음</name>
		<bndbox>
			<xmin>1251</xmin>
			<ymin>423</ymin>
			<xmax>2196</xmax>
			<ymax>1053</ymax>
		</bndbox>
	</object>
</annotation>