<annotation>
	<folder>top육류부피사각배달순대볶음q2</folder>
	<filename>top_육류부피_사각배달_순대볶음_Q2_00036.JPG</filename>
	<path>/top육류부피사각배달순대볶음q2/top_육류부피_사각배달_순대볶음_Q2_00036.JPG</path>
	<source>
		<database>fooddata</database>
	</source>
	<size>
		<width>3008</width>
		<height>2000</height>
		<depth>3</depth>
	</size>
	<object>
		<name>ref_spoon</name>
		<bndbox>
			<xmin>453</xmin>
			<ymin>543</ymin>
			<xmax>723</xmax>
			<ymax>942</ymax>
		</bndbox>
	</object>
	<object>
		<name>ref_fork</name>
		<bndbox>
			<xmin>878</xmin>
			<ymin>525</ymin>
			<xmax>1051</xmax>
			<ymax>965</ymax>
		</bndbox>
	</object>
	<object>
		<name>ref_coin</name>
		<bndbox>
			<xmin>2387</xmin>
			<ymin>1364</ymin>
			<xmax>2555</xmax>
			<ymax>1546</ymax>
		</bndbox>
	</object>
	<object>
		<name>dish</name>
		<bndbox>
			<xmin>1207</xmin>
			<ymin>241</ymin>
			<xmax>2618</xmax>
			<ymax>1701</ymax>
		</bndbox>
	</object>
	<object>
		<name>순대볶음</name>
		<bndbox>
			<xmin>1304</xmin>
			<ymin>512</ymin>
			<xmax>2303</xmax>
			<ymax>1559</ymax>
		</bndbox>
	</object>
</annotation>