<annotation>
	<folder>top육류부피사각배달순대볶음q2</folder>
	<filename>top_육류부피_사각배달_순대볶음_Q2_00009.JPG</filename>
	<path>/top육류부피사각배달순대볶음q2/top_육류부피_사각배달_순대볶음_Q2_00009.JPG</path>
	<source>
		<database>fooddata</database>
	</source>
	<size>
		<width>3008</width>
		<height>2000</height>
		<depth>3</depth>
	</size>
	<object>
		<name>ref_spoon</name>
		<bndbox>
			<xmin>2107</xmin>
			<ymin>77</ymin>
			<xmax>2356</xmax>
			<ymax>472</ymax>
		</bndbox>
	</object>
	<object>
		<name>ref_fork</name>
		<bndbox>
			<xmin>2467</xmin>
			<ymin>82</ymin>
			<xmax>2635</xmax>
			<ymax>516</ymax>
		</bndbox>
	</object>
	<object>
		<name>ref_coin</name>
		<bndbox>
			<xmin>1699</xmin>
			<ymin>397</ymin>
			<xmax>1872</xmax>
			<ymax>574</ymax>
		</bndbox>
	</object>
	<object>
		<name>dish</name>
		<bndbox>
			<xmin>510</xmin>
			<ymin>330</ymin>
			<xmax>2023</xmax>
			<ymax>1856</ymax>
		</bndbox>
	</object>
	<object>
		<name>순대볶음</name>
		<bndbox>
			<xmin>834</xmin>
			<ymin>539</ymin>
			<xmax>1903</xmax>
			<ymax>1688</ymax>
		</bndbox>
	</object>
</annotation>