<annotation>
	<folder>top육류부피사각배달순대볶음q2</folder>
	<filename>top_육류부피_사각배달_순대볶음_Q2_00039.JPG</filename>
	<path>/top육류부피사각배달순대볶음q2/top_육류부피_사각배달_순대볶음_Q2_00039.JPG</path>
	<source>
		<database>fooddata</database>
	</source>
	<size>
		<width>3008</width>
		<height>2000</height>
		<depth>3</depth>
	</size>
	<object>
		<name>ref_spoon</name>
		<bndbox>
			<xmin>240</xmin>
			<ymin>383</ymin>
			<xmax>519</xmax>
			<ymax>796</ymax>
		</bndbox>
	</object>
	<object>
		<name>ref_fork</name>
		<bndbox>
			<xmin>679</xmin>
			<ymin>370</ymin>
			<xmax>856</xmax>
			<ymax>818</ymax>
		</bndbox>
	</object>
	<object>
		<name>ref_coin</name>
		<bndbox>
			<xmin>2391</xmin>
			<ymin>694</ymin>
			<xmax>2569</xmax>
			<ymax>862</ymax>
		</bndbox>
	</object>
	<object>
		<name>dish</name>
		<bndbox>
			<xmin>1122</xmin>
			<ymin>255</ymin>
			<xmax>2484</xmax>
			<ymax>1803</ymax>
		</bndbox>
	</object>
	<object>
		<name>순대볶음</name>
		<bndbox>
			<xmin>1380</xmin>
			<ymin>428</ymin>
			<xmax>2245</xmax>
			<ymax>1577</ymax>
		</bndbox>
	</object>
</annotation>