<annotation>
	<folder>top육류부피사각배달순대볶음q2</folder>
	<filename>top_육류부피_사각배달_순대볶음_Q2_00015.JPG</filename>
	<path>/top육류부피사각배달순대볶음q2/top_육류부피_사각배달_순대볶음_Q2_00015.JPG</path>
	<source>
		<database>fooddata</database>
	</source>
	<size>
		<width>3008</width>
		<height>2000</height>
		<depth>3</depth>
	</size>
	<object>
		<name>ref_spoon</name>
		<bndbox>
			<xmin>2107</xmin>
			<ymin>246</ymin>
			<xmax>2334</xmax>
			<ymax>623</ymax>
		</bndbox>
	</object>
	<object>
		<name>ref_fork</name>
		<bndbox>
			<xmin>2440</xmin>
			<ymin>241</ymin>
			<xmax>2613</xmax>
			<ymax>658</ymax>
		</bndbox>
	</object>
	<object>
		<name>ref_coin</name>
		<bndbox>
			<xmin>1060</xmin>
			<ymin>1528</ymin>
			<xmax>1242</xmax>
			<ymax>1705</ymax>
		</bndbox>
	</object>
	<object>
		<name>dish</name>
		<bndbox>
			<xmin>745</xmin>
			<ymin>357</ymin>
			<xmax>2218</xmax>
			<ymax>1679</ymax>
		</bndbox>
	</object>
	<object>
		<name>순대볶음</name>
		<bndbox>
			<xmin>874</xmin>
			<ymin>552</ymin>
			<xmax>1832</xmax>
			<ymax>1550</ymax>
		</bndbox>
	</object>
</annotation>