<annotation>
	<folder>top육류부피사각배달순대볶음q2</folder>
	<filename>top_육류부피_사각배달_순대볶음_Q2_00023.JPG</filename>
	<path>/top육류부피사각배달순대볶음q2/top_육류부피_사각배달_순대볶음_Q2_00023.JPG</path>
	<source>
		<database>fooddata</database>
	</source>
	<size>
		<width>3008</width>
		<height>2000</height>
		<depth>3</depth>
	</size>
	<object>
		<name>ref_spoon</name>
		<bndbox>
			<xmin>941</xmin>
			<ymin>1586</ymin>
			<xmax>1269</xmax>
			<ymax>1812</ymax>
		</bndbox>
	</object>
	<object>
		<name>ref_fork</name>
		<bndbox>
			<xmin>985</xmin>
			<ymin>1368</ymin>
			<xmax>1340</xmax>
			<ymax>1519</ymax>
		</bndbox>
	</object>
	<object>
		<name>ref_coin</name>
		<bndbox>
			<xmin>2351</xmin>
			<ymin>485</ymin>
			<xmax>2498</xmax>
			<ymax>623</ymax>
		</bndbox>
	</object>
	<object>
		<name>dish</name>
		<bndbox>
			<xmin>1180</xmin>
			<ymin>246</ymin>
			<xmax>2303</xmax>
			<ymax>1062</ymax>
		</bndbox>
	</object>
	<object>
		<name>순대볶음</name>
		<bndbox>
			<xmin>1242</xmin>
			<ymin>388</ymin>
			<xmax>2174</xmax>
			<ymax>1000</ymax>
		</bndbox>
	</object>
</annotation>