<annotation>
	<folder>side반찬부피접시시금치나물q2</folder>
	<filename>side_반찬부피_접시_시금치나물_Q2_00015.JPG</filename>
	<path>/side반찬부피접시시금치나물q2/side_반찬부피_접시_시금치나물_Q2_00015.JPG</path>
	<source>
		<database>fooddata</database>
	</source>
	<size>
		<width>3008</width>
		<height>2000</height>
		<depth>3</depth>
	</size>
	<object>
		<name>ref_spoon</name>
		<bndbox>
			<xmin>1866</xmin>
			<ymin>224</ymin>
			<xmax>2182</xmax>
			<ymax>624</ymax>
		</bndbox>
	</object>
	<object>
		<name>ref_fork</name>
		<bndbox>
			<xmin>2290</xmin>
			<ymin>216</ymin>
			<xmax>2525</xmax>
			<ymax>674</ymax>
		</bndbox>
	</object>
	<object>
		<name>ref_coin</name>
		<bndbox>
			<xmin>1766</xmin>
			<ymin>1191</ymin>
			<xmax>2013</xmax>
			<ymax>1383</ymax>
		</bndbox>
	</object>
	<object>
		<name>dish</name>
		<bndbox>
			<xmin>178</xmin>
			<ymin>555</ymin>
			<xmax>1620</xmax>
			<ymax>1561</ymax>
		</bndbox>
	</object>
	<object>
		<name>시금치나물</name>
		<bndbox>
			<xmin>394</xmin>
			<ymin>751</ymin>
			<xmax>1388</xmax>
			<ymax>1272</ymax>
		</bndbox>
	</object>
</annotation>