<annotation>
	<folder>side반찬부피접시시금치나물q2</folder>
	<filename>side_반찬부피_접시_시금치나물_Q2_00027.JPG</filename>
	<path>/side반찬부피접시시금치나물q2/side_반찬부피_접시_시금치나물_Q2_00027.JPG</path>
	<source>
		<database>fooddata</database>
	</source>
	<size>
		<width>3008</width>
		<height>2000</height>
		<depth>3</depth>
	</size>
	<object>
		<name>ref_spoon</name>
		<bndbox>
			<xmin>748</xmin>
			<ymin>1443</ymin>
			<xmax>1249</xmax>
			<ymax>1724</ymax>
		</bndbox>
	</object>
	<object>
		<name>ref_fork</name>
		<bndbox>
			<xmin>795</xmin>
			<ymin>1245</ymin>
			<xmax>1323</xmax>
			<ymax>1465</ymax>
		</bndbox>
	</object>
	<object>
		<name>ref_coin</name>
		<bndbox>
			<xmin>259</xmin>
			<ymin>1380</ymin>
			<xmax>493</xmax>
			<ymax>1560</ymax>
		</bndbox>
	</object>
	<object>
		<name>dish</name>
		<bndbox>
			<xmin>972</xmin>
			<ymin>188</ymin>
			<xmax>2231</xmax>
			<ymax>1046</ymax>
		</bndbox>
	</object>
	<object>
		<name>시금치나물</name>
		<bndbox>
			<xmin>1163</xmin>
			<ymin>362</ymin>
			<xmax>2089</xmax>
			<ymax>940</ymax>
		</bndbox>
	</object>
</annotation>