<annotation>
	<folder>side반찬부피접시시금치나물q2</folder>
	<filename>side_반찬부피_접시_시금치나물_Q2_00013.JPG</filename>
	<path>/side반찬부피접시시금치나물q2/side_반찬부피_접시_시금치나물_Q2_00013.JPG</path>
	<source>
		<database>fooddata</database>
	</source>
	<size>
		<width>3008</width>
		<height>2000</height>
		<depth>3</depth>
	</size>
	<object>
		<name>ref_spoon</name>
		<bndbox>
			<xmin>1882</xmin>
			<ymin>243</ymin>
			<xmax>2198</xmax>
			<ymax>647</ymax>
		</bndbox>
	</object>
	<object>
		<name>ref_fork</name>
		<bndbox>
			<xmin>2309</xmin>
			<ymin>235</ymin>
			<xmax>2548</xmax>
			<ymax>690</ymax>
		</bndbox>
	</object>
	<object>
		<name>ref_coin</name>
		<bndbox>
			<xmin>1689</xmin>
			<ymin>744</ymin>
			<xmax>1932</xmax>
			<ymax>913</ymax>
		</bndbox>
	</object>
	<object>
		<name>dish</name>
		<bndbox>
			<xmin>255</xmin>
			<ymin>593</ymin>
			<xmax>1697</xmax>
			<ymax>1607</ymax>
		</bndbox>
	</object>
	<object>
		<name>시금치나물</name>
		<bndbox>
			<xmin>471</xmin>
			<ymin>767</ymin>
			<xmax>1242</xmax>
			<ymax>1472</ymax>
		</bndbox>
	</object>
</annotation>