<annotation>
	<folder>side반찬부피접시시금치나물q2</folder>
	<filename>side_반찬부피_접시_시금치나물_Q2_00040.JPG</filename>
	<path>/side반찬부피접시시금치나물q2/side_반찬부피_접시_시금치나물_Q2_00040.JPG</path>
	<source>
		<database>fooddata</database>
	</source>
	<size>
		<width>3008</width>
		<height>2000</height>
		<depth>3</depth>
	</size>
	<object>
		<name>ref_spoon</name>
		<bndbox>
			<xmin>156</xmin>
			<ymin>429</ymin>
			<xmax>497</xmax>
			<ymax>869</ymax>
		</bndbox>
	</object>
	<object>
		<name>ref_fork</name>
		<bndbox>
			<xmin>631</xmin>
			<ymin>418</ymin>
			<xmax>866</xmax>
			<ymax>918</ymax>
		</bndbox>
	</object>
	<object>
		<name>ref_coin</name>
		<bndbox>
			<xmin>2671</xmin>
			<ymin>1358</ymin>
			<xmax>2934</xmax>
			<ymax>1553</ymax>
		</bndbox>
	</object>
	<object>
		<name>dish</name>
		<bndbox>
			<xmin>1043</xmin>
			<ymin>401</ymin>
			<xmax>2497</xmax>
			<ymax>1419</ymax>
		</bndbox>
	</object>
	<object>
		<name>시금치나물</name>
		<bndbox>
			<xmin>1249</xmin>
			<ymin>574</ymin>
			<xmax>2242</xmax>
			<ymax>1188</ymax>
		</bndbox>
	</object>
</annotation>