<annotation>
	<folder>side반찬부피접시시금치나물q2</folder>
	<filename>side_반찬부피_접시_시금치나물_Q2_00042.JPG</filename>
	<path>/side반찬부피접시시금치나물q2/side_반찬부피_접시_시금치나물_Q2_00042.JPG</path>
	<source>
		<database>fooddata</database>
	</source>
	<size>
		<width>3008</width>
		<height>2000</height>
		<depth>3</depth>
	</size>
	<object>
		<name>ref_spoon</name>
		<bndbox>
			<xmin>206</xmin>
			<ymin>542</ymin>
			<xmax>518</xmax>
			<ymax>943</ymax>
		</bndbox>
	</object>
	<object>
		<name>ref_fork</name>
		<bndbox>
			<xmin>638</xmin>
			<ymin>535</ymin>
			<xmax>848</xmax>
			<ymax>996</ymax>
		</bndbox>
	</object>
	<object>
		<name>ref_coin</name>
		<bndbox>
			<xmin>2614</xmin>
			<ymin>1053</ymin>
			<xmax>2852</xmax>
			<ymax>1231</ymax>
		</bndbox>
	</object>
	<object>
		<name>dish</name>
		<bndbox>
			<xmin>1050</xmin>
			<ymin>567</ymin>
			<xmax>2384</xmax>
			<ymax>1511</ymax>
		</bndbox>
	</object>
	<object>
		<name>시금치나물</name>
		<bndbox>
			<xmin>1380</xmin>
			<ymin>599</ymin>
			<xmax>2263</xmax>
			<ymax>1426</ymax>
		</bndbox>
	</object>
</annotation>