<annotation>
	<folder>side반찬부피접시시금치나물q2</folder>
	<filename>side_반찬부피_접시_시금치나물_Q2_00009.JPG</filename>
	<path>/side반찬부피접시시금치나물q2/side_반찬부피_접시_시금치나물_Q2_00009.JPG</path>
	<source>
		<database>fooddata</database>
	</source>
	<size>
		<width>3008</width>
		<height>2000</height>
		<depth>3</depth>
	</size>
	<object>
		<name>ref_spoon</name>
		<bndbox>
			<xmin>1828</xmin>
			<ymin>385</ymin>
			<xmax>2140</xmax>
			<ymax>782</ymax>
		</bndbox>
	</object>
	<object>
		<name>ref_fork</name>
		<bndbox>
			<xmin>2240</xmin>
			<ymin>362</ymin>
			<xmax>2487</xmax>
			<ymax>805</ymax>
		</bndbox>
	</object>
	<object>
		<name>ref_coin</name>
		<bndbox>
			<xmin>421</xmin>
			<ymin>547</ymin>
			<xmax>645</xmax>
			<ymax>701</ymax>
		</bndbox>
	</object>
	<object>
		<name>dish</name>
		<bndbox>
			<xmin>533</xmin>
			<ymin>593</ymin>
			<xmax>1905</xmax>
			<ymax>1541</ymax>
		</bndbox>
	</object>
	<object>
		<name>시금치나물</name>
		<bndbox>
			<xmin>733</xmin>
			<ymin>767</ymin>
			<xmax>1543</xmax>
			<ymax>1314</ymax>
		</bndbox>
	</object>
</annotation>