<annotation>
	<folder>side반찬부피접시시금치나물q2</folder>
	<filename>side_반찬부피_접시_시금치나물_Q2_00046.JPG</filename>
	<path>/side반찬부피접시시금치나물q2/side_반찬부피_접시_시금치나물_Q2_00046.JPG</path>
	<source>
		<database>fooddata</database>
	</source>
	<size>
		<width>3008</width>
		<height>2000</height>
		<depth>3</depth>
	</size>
	<object>
		<name>ref_spoon</name>
		<bndbox>
			<xmin>426</xmin>
			<ymin>528</ymin>
			<xmax>745</xmax>
			<ymax>933</ymax>
		</bndbox>
	</object>
	<object>
		<name>ref_fork</name>
		<bndbox>
			<xmin>866</xmin>
			<ymin>514</ymin>
			<xmax>1075</xmax>
			<ymax>979</ymax>
		</bndbox>
	</object>
	<object>
		<name>ref_coin</name>
		<bndbox>
			<xmin>1610</xmin>
			<ymin>237</ymin>
			<xmax>1823</xmax>
			<ymax>383</ymax>
		</bndbox>
	</object>
	<object>
		<name>dish</name>
		<bndbox>
			<xmin>1288</xmin>
			<ymin>557</ymin>
			<xmax>2653</xmax>
			<ymax>1514</ymax>
		</bndbox>
	</object>
	<object>
		<name>시금치나물</name>
		<bndbox>
			<xmin>1398</xmin>
			<ymin>706</ymin>
			<xmax>2362</xmax>
			<ymax>1447</ymax>
		</bndbox>
	</object>
</annotation>