<annotation>
	<folder>top반찬부피접시시금치나물q2</folder>
	<filename>top_반찬부피_접시_시금치나물_Q2_00041.JPG</filename>
	<path>/top반찬부피접시시금치나물q2/top_반찬부피_접시_시금치나물_Q2_00041.JPG</path>
	<source>
		<database>fooddata</database>
	</source>
	<size>
		<width>3008</width>
		<height>2000</height>
		<depth>3</depth>
	</size>
	<object>
		<name>ref_spoon</name>
		<bndbox>
			<xmin>409</xmin>
			<ymin>208</ymin>
			<xmax>720</xmax>
			<ymax>658</ymax>
		</bndbox>
	</object>
	<object>
		<name>ref_fork</name>
		<bndbox>
			<xmin>843</xmin>
			<ymin>237</ymin>
			<xmax>1056</xmax>
			<ymax>736</ymax>
		</bndbox>
	</object>
	<object>
		<name>ref_coin</name>
		<bndbox>
			<xmin>2591</xmin>
			<ymin>937</ymin>
			<xmax>2812</xmax>
			<ymax>1162</ymax>
		</bndbox>
	</object>
	<object>
		<name>dish</name>
		<bndbox>
			<xmin>1211</xmin>
			<ymin>196</ymin>
			<xmax>2447</xmax>
			<ymax>1440</ymax>
		</bndbox>
	</object>
	<object>
		<name>시금치나물</name>
		<bndbox>
			<xmin>1477</xmin>
			<ymin>540</ymin>
			<xmax>2116</xmax>
			<ymax>1215</ymax>
		</bndbox>
	</object>
</annotation>