<annotation>
	<folder>top반찬부피접시시금치나물q2</folder>
	<filename>top_반찬부피_접시_시금치나물_Q2_00040.JPG</filename>
	<path>/top반찬부피접시시금치나물q2/top_반찬부피_접시_시금치나물_Q2_00040.JPG</path>
	<source>
		<database>fooddata</database>
	</source>
	<size>
		<width>3008</width>
		<height>2000</height>
		<depth>3</depth>
	</size>
	<object>
		<name>ref_spoon</name>
		<bndbox>
			<xmin>393</xmin>
			<ymin>192</ymin>
			<xmax>704</xmax>
			<ymax>646</ymax>
		</bndbox>
	</object>
	<object>
		<name>ref_fork</name>
		<bndbox>
			<xmin>827</xmin>
			<ymin>224</ymin>
			<xmax>1035</xmax>
			<ymax>720</ymax>
		</bndbox>
	</object>
	<object>
		<name>ref_coin</name>
		<bndbox>
			<xmin>2464</xmin>
			<ymin>1121</ymin>
			<xmax>2681</xmax>
			<ymax>1350</ymax>
		</bndbox>
	</object>
	<object>
		<name>dish</name>
		<bndbox>
			<xmin>1195</xmin>
			<ymin>163</ymin>
			<xmax>2427</xmax>
			<ymax>1403</ymax>
		</bndbox>
	</object>
	<object>
		<name>시금치나물</name>
		<bndbox>
			<xmin>1477</xmin>
			<ymin>462</ymin>
			<xmax>2239</xmax>
			<ymax>1133</ymax>
		</bndbox>
	</object>
</annotation>