<annotation>
	<folder>rework190files</folder>
	<filename>top_반찬부피_접시_시금치나물_Q2_00035.JPG</filename>
	<path>/top반찬부피접시시금치나물q2/top_반찬부피_접시_시금치나물_Q2_00035.JPG</path>
	<source>
		<database>fooddata</database>
	</source>
	<size>
		<width>3008</width>
		<height>2000</height>
		<depth>3</depth>
	</size>
	<object>
		<name>ref_spoon</name>
		<bndbox>
			<xmin>630</xmin>
			<ymin>245</ymin>
			<xmax>930</xmax>
			<ymax>733</ymax>
		</bndbox>
	</object>
	<object>
		<name>ref_fork</name>
		<bndbox>
			<xmin>955</xmin>
			<ymin>276</ymin>
			<xmax>1158</xmax>
			<ymax>794</ymax>
		</bndbox>
	</object>
	<object>
		<name>ref_coin</name>
		<bndbox>
			<xmin>1672</xmin>
			<ymin>1607</ymin>
			<xmax>1890</xmax>
			<ymax>1821</ymax>
		</bndbox>
	</object>
	<object>
		<name>dish</name>
		<bndbox>
			<xmin>1341</xmin>
			<ymin>281</ymin>
			<xmax>2469</xmax>
			<ymax>1409</ymax>
		</bndbox>
	</object>
	<object>
		<name>시금치나물</name>
		<bndbox>
			<xmin>1616</xmin>
			<ymin>510</ymin>
			<xmax>2271</xmax>
			<ymax>1140</ymax>
		</bndbox>
	</object>
</annotation>