<annotation>
	<folder>top반찬부피접시시금치나물q2</folder>
	<filename>top_반찬부피_접시_시금치나물_Q2_00037.JPG</filename>
	<path>/top반찬부피접시시금치나물q2/top_반찬부피_접시_시금치나물_Q2_00037.JPG</path>
	<source>
		<database>fooddata</database>
	</source>
	<size>
		<width>3008</width>
		<height>2000</height>
		<depth>3</depth>
	</size>
	<object>
		<name>ref_spoon</name>
		<bndbox>
			<xmin>692</xmin>
			<ymin>208</ymin>
			<xmax>970</xmax>
			<ymax>626</ymax>
		</bndbox>
	</object>
	<object>
		<name>ref_fork</name>
		<bndbox>
			<xmin>1023</xmin>
			<ymin>245</ymin>
			<xmax>1207</xmax>
			<ymax>691</ymax>
		</bndbox>
	</object>
	<object>
		<name>ref_coin</name>
		<bndbox>
			<xmin>1985</xmin>
			<ymin>1452</ymin>
			<xmax>2189</xmax>
			<ymax>1653</ymax>
		</bndbox>
	</object>
	<object>
		<name>dish</name>
		<bndbox>
			<xmin>1408</xmin>
			<ymin>249</ymin>
			<xmax>2521</xmax>
			<ymax>1374</ymax>
		</bndbox>
	</object>
	<object>
		<name>시금치나물</name>
		<bndbox>
			<xmin>1625</xmin>
			<ymin>531</ymin>
			<xmax>2243</xmax>
			<ymax>1166</ymax>
		</bndbox>
	</object>
</annotation>