<annotation>
	<folder>top반찬부피접시시금치나물q2</folder>
	<filename>top_반찬부피_접시_시금치나물_Q2_00049.JPG</filename>
	<path>/top반찬부피접시시금치나물q2/top_반찬부피_접시_시금치나물_Q2_00049.JPG</path>
	<source>
		<database>fooddata</database>
	</source>
	<size>
		<width>3008</width>
		<height>2000</height>
		<depth>3</depth>
	</size>
	<object>
		<name>ref_spoon</name>
		<bndbox>
			<xmin>393</xmin>
			<ymin>249</ymin>
			<xmax>683</xmax>
			<ymax>683</ymax>
		</bndbox>
	</object>
	<object>
		<name>ref_fork</name>
		<bndbox>
			<xmin>819</xmin>
			<ymin>286</ymin>
			<xmax>1015</xmax>
			<ymax>773</ymax>
		</bndbox>
	</object>
	<object>
		<name>ref_coin</name>
		<bndbox>
			<xmin>2484</xmin>
			<ymin>531</ymin>
			<xmax>2697</xmax>
			<ymax>748</ymax>
		</bndbox>
	</object>
	<object>
		<name>dish</name>
		<bndbox>
			<xmin>1158</xmin>
			<ymin>282</ymin>
			<xmax>2365</xmax>
			<ymax>1489</ymax>
		</bndbox>
	</object>
	<object>
		<name>시금치나물</name>
		<bndbox>
			<xmin>1428</xmin>
			<ymin>523</ymin>
			<xmax>2063</xmax>
			<ymax>1248</ymax>
		</bndbox>
	</object>
</annotation>