<annotation>
	<folder>top반찬부피접시시금치나물q2</folder>
	<filename>top_반찬부피_접시_시금치나물_Q2_00017.JPG</filename>
	<path>/top반찬부피접시시금치나물q2/top_반찬부피_접시_시금치나물_Q2_00017.JPG</path>
	<source>
		<database>fooddata</database>
	</source>
	<size>
		<width>3008</width>
		<height>2000</height>
		<depth>3</depth>
	</size>
	<object>
		<name>ref_spoon</name>
		<bndbox>
			<xmin>876</xmin>
			<ymin>1559</ymin>
			<xmax>1260</xmax>
			<ymax>1841</ymax>
		</bndbox>
	</object>
	<object>
		<name>ref_fork</name>
		<bndbox>
			<xmin>888</xmin>
			<ymin>1293</ymin>
			<xmax>1301</xmax>
			<ymax>1489</ymax>
		</bndbox>
	</object>
	<object>
		<name>ref_coin</name>
		<bndbox>
			<xmin>2079</xmin>
			<ymin>887</ymin>
			<xmax>2275</xmax>
			<ymax>1088</ymax>
		</bndbox>
	</object>
	<object>
		<name>dish</name>
		<bndbox>
			<xmin>945</xmin>
			<ymin>57</ymin>
			<xmax>2005</xmax>
			<ymax>1117</ymax>
		</bndbox>
	</object>
	<object>
		<name>시금치나물</name>
		<bndbox>
			<xmin>1183</xmin>
			<ymin>274</ymin>
			<xmax>1768</xmax>
			<ymax>855</ymax>
		</bndbox>
	</object>
</annotation>