<annotation>
	<folder>side육류부피원형배달라볶이q2</folder>
	<filename>side_육류부피_원형배달_라볶이_Q2_00006.JPG</filename>
	<path>/side육류부피원형배달라볶이q2/side_육류부피_원형배달_라볶이_Q2_00006.JPG</path>
	<source>
		<database>fooddata</database>
	</source>
	<size>
		<width>3008</width>
		<height>2000</height>
		<depth>3</depth>
	</size>
	<object>
		<name>ref_spoon</name>
		<bndbox>
			<xmin>2008</xmin>
			<ymin>447</ymin>
			<xmax>2352</xmax>
			<ymax>912</ymax>
		</bndbox>
	</object>
	<object>
		<name>ref_fork</name>
		<bndbox>
			<xmin>2465</xmin>
			<ymin>464</ymin>
			<xmax>2708</xmax>
			<ymax>980</ymax>
		</bndbox>
	</object>
	<object>
		<name>ref_coin</name>
		<bndbox>
			<xmin>231</xmin>
			<ymin>1295</ymin>
			<xmax>506</xmax>
			<ymax>1509</ymax>
		</bndbox>
	</object>
	<object>
		<name>dish</name>
		<bndbox>
			<xmin>809</xmin>
			<ymin>462</ymin>
			<xmax>1976</xmax>
			<ymax>1580</ymax>
		</bndbox>
	</object>
	<object>
		<name>라볶이</name>
		<bndbox>
			<xmin>1015</xmin>
			<ymin>799</ymin>
			<xmax>1887</xmax>
			<ymax>1204</ymax>
		</bndbox>
	</object>
</annotation>