<annotation>
	<folder>side육류부피원형배달라볶이q2</folder>
	<filename>side_육류부피_원형배달_라볶이_Q2_00045.JPG</filename>
	<path>/side육류부피원형배달라볶이q2/side_육류부피_원형배달_라볶이_Q2_00045.JPG</path>
	<source>
		<database>fooddata</database>
	</source>
	<size>
		<width>3008</width>
		<height>2000</height>
		<depth>3</depth>
	</size>
	<object>
		<name>ref_spoon</name>
		<bndbox>
			<xmin>607</xmin>
			<ymin>342</ymin>
			<xmax>956</xmax>
			<ymax>803</ymax>
		</bndbox>
	</object>
	<object>
		<name>ref_fork</name>
		<bndbox>
			<xmin>1059</xmin>
			<ymin>423</ymin>
			<xmax>1300</xmax>
			<ymax>963</ymax>
		</bndbox>
	</object>
	<object>
		<name>ref_coin</name>
		<bndbox>
			<xmin>116</xmin>
			<ymin>1152</ymin>
			<xmax>389</xmax>
			<ymax>1366</ymax>
		</bndbox>
	</object>
	<object>
		<name>dish</name>
		<bndbox>
			<xmin>1472</xmin>
			<ymin>405</ymin>
			<xmax>2627</xmax>
			<ymax>1575</ymax>
		</bndbox>
	</object>
	<object>
		<name>라볶이</name>
		<bndbox>
			<xmin>1573</xmin>
			<ymin>762</ymin>
			<xmax>2450</xmax>
			<ymax>1184</ymax>
		</bndbox>
	</object>
</annotation>