<annotation>
	<folder>side육류부피원형배달라볶이q2</folder>
	<filename>side_육류부피_원형배달_라볶이_Q2_00002.JPG</filename>
	<path>/side육류부피원형배달라볶이q2/side_육류부피_원형배달_라볶이_Q2_00002.JPG</path>
	<source>
		<database>fooddata</database>
	</source>
	<size>
		<width>3008</width>
		<height>2000</height>
		<depth>3</depth>
	</size>
	<object>
		<name>ref_spoon</name>
		<bndbox>
			<xmin>1841</xmin>
			<ymin>514</ymin>
			<xmax>2182</xmax>
			<ymax>975</ymax>
		</bndbox>
	</object>
	<object>
		<name>ref_fork</name>
		<bndbox>
			<xmin>2275</xmin>
			<ymin>590</ymin>
			<xmax>2519</xmax>
			<ymax>1128</ymax>
		</bndbox>
	</object>
	<object>
		<name>ref_coin</name>
		<bndbox>
			<xmin>1502</xmin>
			<ymin>1514</ymin>
			<xmax>1787</xmax>
			<ymax>1727</ymax>
		</bndbox>
	</object>
	<object>
		<name>dish</name>
		<bndbox>
			<xmin>509</xmin>
			<ymin>354</ymin>
			<xmax>1671</xmax>
			<ymax>1474</ymax>
		</bndbox>
	</object>
	<object>
		<name>라볶이</name>
		<bndbox>
			<xmin>642</xmin>
			<ymin>683</ymin>
			<xmax>1519</xmax>
			<ymax>1076</ymax>
		</bndbox>
	</object>
</annotation>