<annotation>
	<folder>side육류부피원형배달라볶이q2</folder>
	<filename>side_육류부피_원형배달_라볶이_Q2_00012.JPG</filename>
	<path>/side육류부피원형배달라볶이q2/side_육류부피_원형배달_라볶이_Q2_00012.JPG</path>
	<source>
		<database>fooddata</database>
	</source>
	<size>
		<width>3008</width>
		<height>2000</height>
		<depth>3</depth>
	</size>
	<object>
		<name>ref_spoon</name>
		<bndbox>
			<xmin>1875</xmin>
			<ymin>445</ymin>
			<xmax>2217</xmax>
			<ymax>914</ymax>
		</bndbox>
	</object>
	<object>
		<name>ref_fork</name>
		<bndbox>
			<xmin>2325</xmin>
			<ymin>467</ymin>
			<xmax>2570</xmax>
			<ymax>998</ymax>
		</bndbox>
	</object>
	<object>
		<name>ref_coin</name>
		<bndbox>
			<xmin>696</xmin>
			<ymin>246</ymin>
			<xmax>941</xmax>
			<ymax>410</ymax>
		</bndbox>
	</object>
	<object>
		<name>dish</name>
		<bndbox>
			<xmin>619</xmin>
			<ymin>425</ymin>
			<xmax>1801</xmax>
			<ymax>1575</ymax>
		</bndbox>
	</object>
	<object>
		<name>라볶이</name>
		<bndbox>
			<xmin>782</xmin>
			<ymin>740</ymin>
			<xmax>1703</xmax>
			<ymax>1174</ymax>
		</bndbox>
	</object>
</annotation>