<annotation>
	<folder>side육류부피원형배달라볶이q2</folder>
	<filename>side_육류부피_원형배달_라볶이_Q2_00004.JPG</filename>
	<path>/side육류부피원형배달라볶이q2/side_육류부피_원형배달_라볶이_Q2_00004.JPG</path>
	<source>
		<database>fooddata</database>
	</source>
	<size>
		<width>3008</width>
		<height>2000</height>
		<depth>3</depth>
	</size>
	<object>
		<name>ref_spoon</name>
		<bndbox>
			<xmin>1686</xmin>
			<ymin>381</ymin>
			<xmax>2022</xmax>
			<ymax>833</ymax>
		</bndbox>
	</object>
	<object>
		<name>ref_fork</name>
		<bndbox>
			<xmin>2131</xmin>
			<ymin>403</ymin>
			<xmax>2374</xmax>
			<ymax>926</ymax>
		</bndbox>
	</object>
	<object>
		<name>ref_coin</name>
		<bndbox>
			<xmin>922</xmin>
			<ymin>1509</ymin>
			<xmax>1202</xmax>
			<ymax>1727</ymax>
		</bndbox>
	</object>
	<object>
		<name>dish</name>
		<bndbox>
			<xmin>506</xmin>
			<ymin>297</ymin>
			<xmax>1637</xmax>
			<ymax>1418</ymax>
		</bndbox>
	</object>
	<object>
		<name>라볶이</name>
		<bndbox>
			<xmin>634</xmin>
			<ymin>592</ymin>
			<xmax>1526</xmax>
			<ymax>1066</ymax>
		</bndbox>
	</object>
</annotation>