<annotation>
	<folder>side육류부피원형배달라볶이q2</folder>
	<filename>side_육류부피_원형배달_라볶이_Q2_00003.JPG</filename>
	<path>/side육류부피원형배달라볶이q2/side_육류부피_원형배달_라볶이_Q2_00003.JPG</path>
	<source>
		<database>fooddata</database>
	</source>
	<size>
		<width>3008</width>
		<height>2000</height>
		<depth>3</depth>
	</size>
	<object>
		<name>ref_spoon</name>
		<bndbox>
			<xmin>1605</xmin>
			<ymin>445</ymin>
			<xmax>1944</xmax>
			<ymax>907</ymax>
		</bndbox>
	</object>
	<object>
		<name>ref_fork</name>
		<bndbox>
			<xmin>2054</xmin>
			<ymin>472</ymin>
			<xmax>2290</xmax>
			<ymax>980</ymax>
		</bndbox>
	</object>
	<object>
		<name>ref_coin</name>
		<bndbox>
			<xmin>1261</xmin>
			<ymin>1452</ymin>
			<xmax>1533</xmax>
			<ymax>1668</ymax>
		</bndbox>
	</object>
	<object>
		<name>dish</name>
		<bndbox>
			<xmin>379</xmin>
			<ymin>324</ymin>
			<xmax>1514</xmax>
			<ymax>1447</ymax>
		</bndbox>
	</object>
	<object>
		<name>라볶이</name>
		<bndbox>
			<xmin>489</xmin>
			<ymin>587</ymin>
			<xmax>1384</xmax>
			<ymax>1054</ymax>
		</bndbox>
	</object>
</annotation>