<annotation>
	<folder>side육류부피원형배달라볶이q2</folder>
	<filename>side_육류부피_원형배달_라볶이_Q2_00015.JPG</filename>
	<path>/side육류부피원형배달라볶이q2/side_육류부피_원형배달_라볶이_Q2_00015.JPG</path>
	<source>
		<database>fooddata</database>
	</source>
	<size>
		<width>3008</width>
		<height>2000</height>
		<depth>3</depth>
	</size>
	<object>
		<name>ref_spoon</name>
		<bndbox>
			<xmin>1934</xmin>
			<ymin>509</ymin>
			<xmax>2283</xmax>
			<ymax>968</ymax>
		</bndbox>
	</object>
	<object>
		<name>ref_fork</name>
		<bndbox>
			<xmin>2396</xmin>
			<ymin>531</ymin>
			<xmax>2642</xmax>
			<ymax>1049</ymax>
		</bndbox>
	</object>
	<object>
		<name>ref_coin</name>
		<bndbox>
			<xmin>2015</xmin>
			<ymin>283</ymin>
			<xmax>2261</xmax>
			<ymax>450</ymax>
		</bndbox>
	</object>
	<object>
		<name>dish</name>
		<bndbox>
			<xmin>443</xmin>
			<ymin>516</ymin>
			<xmax>1627</xmax>
			<ymax>1649</ymax>
		</bndbox>
	</object>
	<object>
		<name>라볶이</name>
		<bndbox>
			<xmin>568</xmin>
			<ymin>870</ymin>
			<xmax>1497</xmax>
			<ymax>1260</ymax>
		</bndbox>
	</object>
</annotation>