<annotation>
	<folder>side육류부피원형배달라볶이q2</folder>
	<filename>side_육류부피_원형배달_라볶이_Q2_00047.JPG</filename>
	<path>/side육류부피원형배달라볶이q2/side_육류부피_원형배달_라볶이_Q2_00047.JPG</path>
	<source>
		<database>fooddata</database>
	</source>
	<size>
		<width>3008</width>
		<height>2000</height>
		<depth>3</depth>
	</size>
	<object>
		<name>ref_spoon</name>
		<bndbox>
			<xmin>715</xmin>
			<ymin>464</ymin>
			<xmax>1072</xmax>
			<ymax>929</ymax>
		</bndbox>
	</object>
	<object>
		<name>ref_fork</name>
		<bndbox>
			<xmin>1170</xmin>
			<ymin>548</ymin>
			<xmax>1418</xmax>
			<ymax>1074</ymax>
		</bndbox>
	</object>
	<object>
		<name>ref_coin</name>
		<bndbox>
			<xmin>246</xmin>
			<ymin>948</ymin>
			<xmax>511</xmax>
			<ymax>1147</ymax>
		</bndbox>
	</object>
	<object>
		<name>dish</name>
		<bndbox>
			<xmin>1533</xmin>
			<ymin>543</ymin>
			<xmax>2718</xmax>
			<ymax>1678</ymax>
		</bndbox>
	</object>
	<object>
		<name>라볶이</name>
		<bndbox>
			<xmin>1733</xmin>
			<ymin>838</ymin>
			<xmax>2570</xmax>
			<ymax>1287</ymax>
		</bndbox>
	</object>
</annotation>