<annotation>
	<folder>side육류부피원형배달라볶이q2</folder>
	<filename>side_육류부피_원형배달_라볶이_Q2_00026.JPG</filename>
	<path>/side육류부피원형배달라볶이q2/side_육류부피_원형배달_라볶이_Q2_00026.JPG</path>
	<source>
		<database>fooddata</database>
	</source>
	<size>
		<width>3008</width>
		<height>2000</height>
		<depth>3</depth>
	</size>
	<object>
		<name>ref_spoon</name>
		<bndbox>
			<xmin>123</xmin>
			<ymin>1364</ymin>
			<xmax>681</xmax>
			<ymax>1663</ymax>
		</bndbox>
	</object>
	<object>
		<name>ref_fork</name>
		<bndbox>
			<xmin>354</xmin>
			<ymin>1135</ymin>
			<xmax>941</xmax>
			<ymax>1400</ymax>
		</bndbox>
	</object>
	<object>
		<name>ref_coin</name>
		<bndbox>
			<xmin>1443</xmin>
			<ymin>1764</ymin>
			<xmax>1715</xmax>
			<ymax>1980</ymax>
		</bndbox>
	</object>
	<object>
		<name>dish</name>
		<bndbox>
			<xmin>850</xmin>
			<ymin>155</ymin>
			<xmax>1865</xmax>
			<ymax>1152</ymax>
		</bndbox>
	</object>
	<object>
		<name>라볶이</name>
		<bndbox>
			<xmin>959</xmin>
			<ymin>479</ymin>
			<xmax>1713</xmax>
			<ymax>796</ymax>
		</bndbox>
	</object>
</annotation>