<annotation>
	<folder>side육류부피원형배달라볶이q2</folder>
	<filename>side_육류부피_원형배달_라볶이_Q2_00007.JPG</filename>
	<path>/side육류부피원형배달라볶이q2/side_육류부피_원형배달_라볶이_Q2_00007.JPG</path>
	<source>
		<database>fooddata</database>
	</source>
	<size>
		<width>3008</width>
		<height>2000</height>
		<depth>3</depth>
	</size>
	<object>
		<name>ref_spoon</name>
		<bndbox>
			<xmin>1934</xmin>
			<ymin>423</ymin>
			<xmax>2275</xmax>
			<ymax>887</ymax>
		</bndbox>
	</object>
	<object>
		<name>ref_fork</name>
		<bndbox>
			<xmin>2391</xmin>
			<ymin>437</ymin>
			<xmax>2637</xmax>
			<ymax>968</ymax>
		</bndbox>
	</object>
	<object>
		<name>ref_coin</name>
		<bndbox>
			<xmin>108</xmin>
			<ymin>1123</ymin>
			<xmax>386</xmax>
			<ymax>1332</ymax>
		</bndbox>
	</object>
	<object>
		<name>dish</name>
		<bndbox>
			<xmin>666</xmin>
			<ymin>440</ymin>
			<xmax>1853</xmax>
			<ymax>1570</ymax>
		</bndbox>
	</object>
	<object>
		<name>라볶이</name>
		<bndbox>
			<xmin>806</xmin>
			<ymin>776</ymin>
			<xmax>1737</xmax>
			<ymax>1160</ymax>
		</bndbox>
	</object>
</annotation>