<annotation>
	<folder>top육류부피원형배달라볶이q2</folder>
	<filename>top_육류부피_원형배달_라볶이_Q2_00044.JPG</filename>
	<path>/top육류부피원형배달라볶이q2/top_육류부피_원형배달_라볶이_Q2_00044.JPG</path>
	<source>
		<database>fooddata</database>
	</source>
	<size>
		<width>3008</width>
		<height>2000</height>
		<depth>3</depth>
	</size>
	<object>
		<name>ref_spoon</name>
		<bndbox>
			<xmin>605</xmin>
			<ymin>88</ymin>
			<xmax>917</xmax>
			<ymax>614</ymax>
		</bndbox>
	</object>
	<object>
		<name>ref_fork</name>
		<bndbox>
			<xmin>1042</xmin>
			<ymin>219</ymin>
			<xmax>1244</xmax>
			<ymax>764</ymax>
		</bndbox>
	</object>
	<object>
		<name>ref_coin</name>
		<bndbox>
			<xmin>320</xmin>
			<ymin>405</ymin>
			<xmax>546</xmax>
			<ymax>624</ymax>
		</bndbox>
	</object>
	<object>
		<name>dish</name>
		<bndbox>
			<xmin>1344</xmin>
			<ymin>570</ymin>
			<xmax>2423</xmax>
			<ymax>1649</ymax>
		</bndbox>
	</object>
	<object>
		<name>라볶이</name>
		<bndbox>
			<xmin>1401</xmin>
			<ymin>784</ymin>
			<xmax>2283</xmax>
			<ymax>1575</ymax>
		</bndbox>
	</object>
</annotation>