<annotation>
	<folder>top육류부피원형배달라볶이q2</folder>
	<filename>top_육류부피_원형배달_라볶이_Q2_00006.JPG</filename>
	<path>/top육류부피원형배달라볶이q2/top_육류부피_원형배달_라볶이_Q2_00006.JPG</path>
	<source>
		<database>fooddata</database>
	</source>
	<size>
		<width>3008</width>
		<height>2000</height>
		<depth>3</depth>
	</size>
	<object>
		<name>ref_spoon</name>
		<bndbox>
			<xmin>1976</xmin>
			<ymin>211</ymin>
			<xmax>2295</xmax>
			<ymax>737</ymax>
		</bndbox>
	</object>
	<object>
		<name>ref_fork</name>
		<bndbox>
			<xmin>2396</xmin>
			<ymin>238</ymin>
			<xmax>2602</xmax>
			<ymax>811</ymax>
		</bndbox>
	</object>
	<object>
		<name>ref_coin</name>
		<bndbox>
			<xmin>244</xmin>
			<ymin>703</ymin>
			<xmax>479</xmax>
			<ymax>941</ymax>
		</bndbox>
	</object>
	<object>
		<name>dish</name>
		<bndbox>
			<xmin>764</xmin>
			<ymin>528</ymin>
			<xmax>1924</xmax>
			<ymax>1663</ymax>
		</bndbox>
	</object>
	<object>
		<name>라볶이</name>
		<bndbox>
			<xmin>885</xmin>
			<ymin>695</ymin>
			<xmax>1791</xmax>
			<ymax>1582</ymax>
		</bndbox>
	</object>
</annotation>