<annotation>
	<folder>top육류부피원형배달라볶이q2</folder>
	<filename>top_육류부피_원형배달_라볶이_Q2_00003.JPG</filename>
	<path>/top육류부피원형배달라볶이q2/top_육류부피_원형배달_라볶이_Q2_00003.JPG</path>
	<source>
		<database>fooddata</database>
	</source>
	<size>
		<width>3008</width>
		<height>2000</height>
		<depth>3</depth>
	</size>
	<object>
		<name>ref_spoon</name>
		<bndbox>
			<xmin>1858</xmin>
			<ymin>111</ymin>
			<xmax>2177</xmax>
			<ymax>666</ymax>
		</bndbox>
	</object>
	<object>
		<name>ref_fork</name>
		<bndbox>
			<xmin>2275</xmin>
			<ymin>143</ymin>
			<xmax>2482</xmax>
			<ymax>737</ymax>
		</bndbox>
	</object>
	<object>
		<name>ref_coin</name>
		<bndbox>
			<xmin>708</xmin>
			<ymin>1587</ymin>
			<xmax>951</xmax>
			<ymax>1835</ymax>
		</bndbox>
	</object>
	<object>
		<name>dish</name>
		<bndbox>
			<xmin>610</xmin>
			<ymin>351</ymin>
			<xmax>1806</xmax>
			<ymax>1479</ymax>
		</bndbox>
	</object>
	<object>
		<name>라볶이</name>
		<bndbox>
			<xmin>718</xmin>
			<ymin>531</ymin>
			<xmax>1681</xmax>
			<ymax>1425</ymax>
		</bndbox>
	</object>
</annotation>