<annotation>
	<folder>top육류부피원형배달라볶이q2</folder>
	<filename>top_육류부피_원형배달_라볶이_Q2_00036.JPG</filename>
	<path>/top육류부피원형배달라볶이q2/top_육류부피_원형배달_라볶이_Q2_00036.JPG</path>
	<source>
		<database>fooddata</database>
	</source>
	<size>
		<width>3008</width>
		<height>2000</height>
		<depth>3</depth>
	</size>
	<object>
		<name>ref_spoon</name>
		<bndbox>
			<xmin>347</xmin>
			<ymin>37</ymin>
			<xmax>651</xmax>
			<ymax>533</ymax>
		</bndbox>
	</object>
	<object>
		<name>ref_fork</name>
		<bndbox>
			<xmin>779</xmin>
			<ymin>157</ymin>
			<xmax>973</xmax>
			<ymax>673</ymax>
		</bndbox>
	</object>
	<object>
		<name>ref_coin</name>
		<bndbox>
			<xmin>1470</xmin>
			<ymin>1636</ymin>
			<xmax>1683</xmax>
			<ymax>1857</ymax>
		</bndbox>
	</object>
	<object>
		<name>dish</name>
		<bndbox>
			<xmin>1059</xmin>
			<ymin>386</ymin>
			<xmax>2084</xmax>
			<ymax>1393</ymax>
		</bndbox>
	</object>
	<object>
		<name>라볶이</name>
		<bndbox>
			<xmin>1133</xmin>
			<ymin>627</ymin>
			<xmax>1966</xmax>
			<ymax>1327</ymax>
		</bndbox>
	</object>
</annotation>