<annotation>
	<folder>top육류부피원형배달라볶이q2</folder>
	<filename>top_육류부피_원형배달_라볶이_Q2_00013.JPG</filename>
	<path>/top육류부피원형배달라볶이q2/top_육류부피_원형배달_라볶이_Q2_00013.JPG</path>
	<source>
		<database>fooddata</database>
	</source>
	<size>
		<width>3008</width>
		<height>2000</height>
		<depth>3</depth>
	</size>
	<object>
		<name>ref_spoon</name>
		<bndbox>
			<xmin>2069</xmin>
			<ymin>103</ymin>
			<xmax>2357</xmax>
			<ymax>590</ymax>
		</bndbox>
	</object>
	<object>
		<name>ref_fork</name>
		<bndbox>
			<xmin>2455</xmin>
			<ymin>115</ymin>
			<xmax>2637</xmax>
			<ymax>639</ymax>
		</bndbox>
	</object>
	<object>
		<name>ref_coin</name>
		<bndbox>
			<xmin>892</xmin>
			<ymin>1523</ymin>
			<xmax>1106</xmax>
			<ymax>1740</ymax>
		</bndbox>
	</object>
	<object>
		<name>dish</name>
		<bndbox>
			<xmin>1025</xmin>
			<ymin>408</ymin>
			<xmax>2076</xmax>
			<ymax>1437</ymax>
		</bndbox>
	</object>
	<object>
		<name>라볶이</name>
		<bndbox>
			<xmin>1121</xmin>
			<ymin>563</ymin>
			<xmax>1941</xmax>
			<ymax>1359</ymax>
		</bndbox>
	</object>
</annotation>