<annotation>
	<folder>top육류부피원형배달라볶이q2</folder>
	<filename>top_육류부피_원형배달_라볶이_Q2_00034.JPG</filename>
	<path>/top육류부피원형배달라볶이q2/top_육류부피_원형배달_라볶이_Q2_00034.JPG</path>
	<source>
		<database>fooddata</database>
	</source>
	<size>
		<width>3008</width>
		<height>2000</height>
		<depth>3</depth>
	</size>
	<object>
		<name>ref_spoon</name>
		<bndbox>
			<xmin>666</xmin>
			<ymin>123</ymin>
			<xmax>961</xmax>
			<ymax>607</ymax>
		</bndbox>
	</object>
	<object>
		<name>ref_fork</name>
		<bndbox>
			<xmin>1084</xmin>
			<ymin>233</ymin>
			<xmax>1273</xmax>
			<ymax>764</ymax>
		</bndbox>
	</object>
	<object>
		<name>ref_coin</name>
		<bndbox>
			<xmin>1369</xmin>
			<ymin>1580</ymin>
			<xmax>1578</xmax>
			<ymax>1801</ymax>
		</bndbox>
	</object>
	<object>
		<name>dish</name>
		<bndbox>
			<xmin>1371</xmin>
			<ymin>516</ymin>
			<xmax>2386</xmax>
			<ymax>1543</ymax>
		</bndbox>
	</object>
	<object>
		<name>라볶이</name>
		<bndbox>
			<xmin>1541</xmin>
			<ymin>646</ymin>
			<xmax>2229</xmax>
			<ymax>1479</ymax>
		</bndbox>
	</object>
</annotation>