<annotation>
	<folder>side건더기류원형배달알탕q4</folder>
	<filename>side_건더기국류_원형배달_알탕_Q4_00031.JPG</filename>
	<path>/side건더기국류원형배달알탕q4/side_건더기국류_원형배달_알탕_Q4_00031.JPG</path>
	<source>
		<database>fooddata</database>
	</source>
	<size>
		<width>3008</width>
		<height>2000</height>
		<depth>3</depth>
	</size>
	<object>
		<name>ref_spoon</name>
		<bndbox>
			<xmin>604</xmin>
			<ymin>1491</ymin>
			<xmax>1051</xmax>
			<ymax>1734</ymax>
		</bndbox>
	</object>
	<object>
		<name>ref_fork</name>
		<bndbox>
			<xmin>701</xmin>
			<ymin>1212</ymin>
			<xmax>1192</xmax>
			<ymax>1445</ymax>
		</bndbox>
	</object>
	<object>
		<name>ref_coin</name>
		<bndbox>
			<xmin>345</xmin>
			<ymin>808</ymin>
			<xmax>547</xmax>
			<ymax>946</ymax>
		</bndbox>
	</object>
	<object>
		<name>dish</name>
		<bndbox>
			<xmin>946</xmin>
			<ymin>90</ymin>
			<xmax>2141</xmax>
			<ymax>1197</ymax>
		</bndbox>
	</object>
	<object>
		<name>알탕</name>
		<bndbox>
			<xmin>1016</xmin>
			<ymin>266</ymin>
			<xmax>2069</xmax>
			<ymax>777</ymax>
		</bndbox>
	</object>
</annotation>