<annotation>
	<folder>side건더기류원형배달알탕q4</folder>
	<filename>side_건더기국류_원형배달_알탕_Q4_00023.JPG</filename>
	<path>/side건더기국류원형배달알탕q4/side_건더기국류_원형배달_알탕_Q4_00023.JPG</path>
	<source>
		<database>fooddata</database>
	</source>
	<size>
		<width>3008</width>
		<height>2000</height>
		<depth>3</depth>
	</size>
	<object>
		<name>ref_spoon</name>
		<bndbox>
			<xmin>501</xmin>
			<ymin>1673</ymin>
			<xmax>952</xmax>
			<ymax>1926</ymax>
		</bndbox>
	</object>
	<object>
		<name>ref_fork</name>
		<bndbox>
			<xmin>606</xmin>
			<ymin>1379</ymin>
			<xmax>1095</xmax>
			<ymax>1627</ymax>
		</bndbox>
	</object>
	<object>
		<name>ref_coin</name>
		<bndbox>
			<xmin>1422</xmin>
			<ymin>77</ymin>
			<xmax>1596</xmax>
			<ymax>176</ymax>
		</bndbox>
	</object>
	<object>
		<name>dish</name>
		<bndbox>
			<xmin>839</xmin>
			<ymin>279</ymin>
			<xmax>2031</xmax>
			<ymax>1391</ymax>
		</bndbox>
	</object>
	<object>
		<name>알탕</name>
		<bndbox>
			<xmin>913</xmin>
			<ymin>471</ymin>
			<xmax>1957</xmax>
			<ymax>964</ymax>
		</bndbox>
	</object>
</annotation>