<annotation>
	<folder>side건더기류원형배달알탕q4</folder>
	<filename>side_건더기국류_원형배달_알탕_Q4_00037.JPG</filename>
	<path>/side건더기국류원형배달알탕q4/side_건더기국류_원형배달_알탕_Q4_00037.JPG</path>
	<source>
		<database>fooddata</database>
	</source>
	<size>
		<width>3008</width>
		<height>2000</height>
		<depth>3</depth>
	</size>
	<object>
		<name>ref_spoon</name>
		<bndbox>
			<xmin>657</xmin>
			<ymin>468</ymin>
			<xmax>936</xmax>
			<ymax>803</ymax>
		</bndbox>
	</object>
	<object>
		<name>ref_fork</name>
		<bndbox>
			<xmin>1000</xmin>
			<ymin>448</ymin>
			<xmax>1184</xmax>
			<ymax>826</ymax>
		</bndbox>
	</object>
	<object>
		<name>ref_coin</name>
		<bndbox>
			<xmin>1875</xmin>
			<ymin>1425</ymin>
			<xmax>2102</xmax>
			<ymax>1583</ymax>
		</bndbox>
	</object>
	<object>
		<name>dish</name>
		<bndbox>
			<xmin>1284</xmin>
			<ymin>128</ymin>
			<xmax>2553</xmax>
			<ymax>1289</ymax>
		</bndbox>
	</object>
	<object>
		<name>알탕</name>
		<bndbox>
			<xmin>1361</xmin>
			<ymin>366</ymin>
			<xmax>2476</xmax>
			<ymax>854</ymax>
		</bndbox>
	</object>
</annotation>