<annotation>
	<folder>side건더기류원형배달알탕q4</folder>
	<filename>side_건더기국류_원형배달_알탕_Q4_00054.JPG</filename>
	<path>/side건더기국류원형배달알탕q4/side_건더기국류_원형배달_알탕_Q4_00054.JPG</path>
	<source>
		<database>fooddata</database>
	</source>
	<size>
		<width>3008</width>
		<height>2000</height>
		<depth>3</depth>
	</size>
	<object>
		<name>ref_spoon</name>
		<bndbox>
			<xmin>512</xmin>
			<ymin>509</ymin>
			<xmax>790</xmax>
			<ymax>852</ymax>
		</bndbox>
	</object>
	<object>
		<name>ref_fork</name>
		<bndbox>
			<xmin>816</xmin>
			<ymin>550</ymin>
			<xmax>1036</xmax>
			<ymax>946</ymax>
		</bndbox>
	</object>
	<object>
		<name>ref_coin</name>
		<bndbox>
			<xmin>1228</xmin>
			<ymin>1629</ymin>
			<xmax>1448</xmax>
			<ymax>1790</ymax>
		</bndbox>
	</object>
	<object>
		<name>dish</name>
		<bndbox>
			<xmin>1092</xmin>
			<ymin>373</ymin>
			<xmax>2363</xmax>
			<ymax>1583</ymax>
		</bndbox>
	</object>
	<object>
		<name>알탕</name>
		<bndbox>
			<xmin>1149</xmin>
			<ymin>535</ymin>
			<xmax>2266</xmax>
			<ymax>1133</ymax>
		</bndbox>
	</object>
</annotation>