<annotation>
	<folder>side건더기류원형배달알탕q4</folder>
	<filename>side_건더기국류_원형배달_알탕_Q4_00040.JPG</filename>
	<path>/side건더기국류원형배달알탕q4/side_건더기국류_원형배달_알탕_Q4_00040.JPG</path>
	<source>
		<database>fooddata</database>
	</source>
	<size>
		<width>3008</width>
		<height>2000</height>
		<depth>3</depth>
	</size>
	<object>
		<name>ref_spoon</name>
		<bndbox>
			<xmin>547</xmin>
			<ymin>629</ymin>
			<xmax>808</xmax>
			<ymax>969</ymax>
		</bndbox>
	</object>
	<object>
		<name>ref_fork</name>
		<bndbox>
			<xmin>893</xmin>
			<ymin>596</ymin>
			<xmax>1072</xmax>
			<ymax>1003</ymax>
		</bndbox>
	</object>
	<object>
		<name>ref_coin</name>
		<bndbox>
			<xmin>2481</xmin>
			<ymin>1453</ymin>
			<xmax>2709</xmax>
			<ymax>1604</ymax>
		</bndbox>
	</object>
	<object>
		<name>dish</name>
		<bndbox>
			<xmin>1179</xmin>
			<ymin>274</ymin>
			<xmax>2443</xmax>
			<ymax>1437</ymax>
		</bndbox>
	</object>
	<object>
		<name>알탕</name>
		<bndbox>
			<xmin>1258</xmin>
			<ymin>514</ymin>
			<xmax>2363</xmax>
			<ymax>997</ymax>
		</bndbox>
	</object>
</annotation>