<annotation>
	<folder>side건더기류원형배달알탕q4</folder>
	<filename>side_건더기국류_원형배달_알탕_Q4_00024.JPG</filename>
	<path>/side건더기국류원형배달알탕q4/side_건더기국류_원형배달_알탕_Q4_00024.JPG</path>
	<source>
		<database>fooddata</database>
	</source>
	<size>
		<width>3008</width>
		<height>2000</height>
		<depth>3</depth>
	</size>
	<object>
		<name>ref_spoon</name>
		<bndbox>
			<xmin>455</xmin>
			<ymin>1596</ymin>
			<xmax>903</xmax>
			<ymax>1852</ymax>
		</bndbox>
	</object>
	<object>
		<name>ref_fork</name>
		<bndbox>
			<xmin>558</xmin>
			<ymin>1315</ymin>
			<xmax>1044</xmax>
			<ymax>1558</ymax>
		</bndbox>
	</object>
	<object>
		<name>ref_coin</name>
		<bndbox>
			<xmin>1865</xmin>
			<ymin>72</ymin>
			<xmax>2036</xmax>
			<ymax>169</ymax>
		</bndbox>
	</object>
	<object>
		<name>dish</name>
		<bndbox>
			<xmin>757</xmin>
			<ymin>192</ymin>
			<xmax>1949</xmax>
			<ymax>1292</ymax>
		</bndbox>
	</object>
	<object>
		<name>알탕</name>
		<bndbox>
			<xmin>829</xmin>
			<ymin>396</ymin>
			<xmax>1875</xmax>
			<ymax>872</ymax>
		</bndbox>
	</object>
</annotation>