<annotation>
	<folder>side건더기류원형배달알탕q4</folder>
	<filename>side_건더기국류_원형배달_알탕_Q4_00046.JPG</filename>
	<path>/side건더기국류원형배달알탕q4/side_건더기국류_원형배달_알탕_Q4_00046.JPG</path>
	<source>
		<database>fooddata</database>
	</source>
	<size>
		<width>3008</width>
		<height>2000</height>
		<depth>3</depth>
	</size>
	<object>
		<name>ref_spoon</name>
		<bndbox>
			<xmin>368</xmin>
			<ymin>675</ymin>
			<xmax>650</xmax>
			<ymax>1008</ymax>
		</bndbox>
	</object>
	<object>
		<name>ref_fork</name>
		<bndbox>
			<xmin>727</xmin>
			<ymin>660</ymin>
			<xmax>913</xmax>
			<ymax>1041</ymax>
		</bndbox>
	</object>
	<object>
		<name>ref_coin</name>
		<bndbox>
			<xmin>2540</xmin>
			<ymin>1325</ymin>
			<xmax>2762</xmax>
			<ymax>1468</ymax>
		</bndbox>
	</object>
	<object>
		<name>dish</name>
		<bndbox>
			<xmin>985</xmin>
			<ymin>332</ymin>
			<xmax>2248</xmax>
			<ymax>1486</ymax>
		</bndbox>
	</object>
	<object>
		<name>알탕</name>
		<bndbox>
			<xmin>1069</xmin>
			<ymin>540</ymin>
			<xmax>2177</xmax>
			<ymax>1018</ymax>
		</bndbox>
	</object>
</annotation>