<annotation>
	<folder>side건더기류원형배달알탕q4</folder>
	<filename>side_건더기국류_원형배달_알탕_Q4_00019.JPG</filename>
	<path>/side건더기국류원형배달알탕q4/side_건더기국류_원형배달_알탕_Q4_00019.JPG</path>
	<source>
		<database>fooddata</database>
	</source>
	<size>
		<width>3008</width>
		<height>2000</height>
		<depth>3</depth>
	</size>
	<object>
		<name>ref_spoon</name>
		<bndbox>
			<xmin>2102</xmin>
			<ymin>455</ymin>
			<xmax>2391</xmax>
			<ymax>811</ymax>
		</bndbox>
	</object>
	<object>
		<name>ref_fork</name>
		<bndbox>
			<xmin>2519</xmin>
			<ymin>488</ymin>
			<xmax>2742</xmax>
			<ymax>895</ymax>
		</bndbox>
	</object>
	<object>
		<name>ref_coin</name>
		<bndbox>
			<xmin>184</xmin>
			<ymin>1043</ymin>
			<xmax>407</xmax>
			<ymax>1199</ymax>
		</bndbox>
	</object>
	<object>
		<name>dish</name>
		<bndbox>
			<xmin>611</xmin>
			<ymin>253</ymin>
			<xmax>1936</xmax>
			<ymax>1499</ymax>
		</bndbox>
	</object>
	<object>
		<name>알탕</name>
		<bndbox>
			<xmin>698</xmin>
			<ymin>468</ymin>
			<xmax>1872</xmax>
			<ymax>1051</ymax>
		</bndbox>
	</object>
</annotation>