<annotation>
	<folder>side건더기류원형배달알탕q4</folder>
	<filename>side_건더기국류_원형배달_알탕_Q4_00028.JPG</filename>
	<path>/side건더기국류원형배달알탕q4/side_건더기국류_원형배달_알탕_Q4_00028.JPG</path>
	<source>
		<database>fooddata</database>
	</source>
	<size>
		<width>3008</width>
		<height>2000</height>
		<depth>3</depth>
	</size>
	<object>
		<name>ref_spoon</name>
		<bndbox>
			<xmin>568</xmin>
			<ymin>1468</ymin>
			<xmax>1010</xmax>
			<ymax>1724</ymax>
		</bndbox>
	</object>
	<object>
		<name>ref_fork</name>
		<bndbox>
			<xmin>663</xmin>
			<ymin>1184</ymin>
			<xmax>1146</xmax>
			<ymax>1425</ymax>
		</bndbox>
	</object>
	<object>
		<name>ref_coin</name>
		<bndbox>
			<xmin>2302</xmin>
			<ymin>1087</ymin>
			<xmax>2514</xmax>
			<ymax>1235</ymax>
		</bndbox>
	</object>
	<object>
		<name>dish</name>
		<bndbox>
			<xmin>870</xmin>
			<ymin>84</ymin>
			<xmax>2085</xmax>
			<ymax>1210</ymax>
		</bndbox>
	</object>
	<object>
		<name>알탕</name>
		<bndbox>
			<xmin>946</xmin>
			<ymin>286</ymin>
			<xmax>2010</xmax>
			<ymax>754</ymax>
		</bndbox>
	</object>
</annotation>