<annotation>
	<folder>top건더기국류원형배달알탕q4</folder>
	<filename>top_건더기국류_원형배달_알탕_Q4_00004.JPG</filename>
	<path>/top건더기국류원형배달알탕q4/top_건더기국류_원형배달_알탕_Q4_00004.JPG</path>
	<source>
		<database>fooddata</database>
	</source>
	<size>
		<width>3008</width>
		<height>2000</height>
		<depth>3</depth>
	</size>
	<object>
		<name>ref_spoon</name>
		<bndbox>
			<xmin>1789</xmin>
			<ymin>131</ymin>
			<xmax>2074</xmax>
			<ymax>531</ymax>
		</bndbox>
	</object>
	<object>
		<name>ref_fork</name>
		<bndbox>
			<xmin>2121</xmin>
			<ymin>196</ymin>
			<xmax>2323</xmax>
			<ymax>647</ymax>
		</bndbox>
	</object>
	<object>
		<name>ref_coin</name>
		<bndbox>
			<xmin>545</xmin>
			<ymin>1480</ymin>
			<xmax>754</xmax>
			<ymax>1674</ymax>
		</bndbox>
	</object>
	<object>
		<name>dish</name>
		<bndbox>
			<xmin>404</xmin>
			<ymin>261</ymin>
			<xmax>1580</xmax>
			<ymax>1397</ymax>
		</bndbox>
	</object>
	<object>
		<name>알탕</name>
		<bndbox>
			<xmin>505</xmin>
			<ymin>344</ymin>
			<xmax>1540</xmax>
			<ymax>1361</ymax>
		</bndbox>
	</object>
</annotation>