<annotation>
	<folder>top건더기국류원형배달알탕q4</folder>
	<filename>top_건더기국류_원형배달_알탕_Q4_00031.JPG</filename>
	<path>/top건더기국류원형배달알탕q4/top_건더기국류_원형배달_알탕_Q4_00031.JPG</path>
	<source>
		<database>fooddata</database>
	</source>
	<size>
		<width>3008</width>
		<height>2000</height>
		<depth>3</depth>
	</size>
	<object>
		<name>ref_spoon</name>
		<bndbox>
			<xmin>729</xmin>
			<ymin>1541</ymin>
			<xmax>1107</xmax>
			<ymax>1786</ymax>
		</bndbox>
	</object>
	<object>
		<name>ref_fork</name>
		<bndbox>
			<xmin>736</xmin>
			<ymin>1281</ymin>
			<xmax>1154</xmax>
			<ymax>1483</ymax>
		</bndbox>
	</object>
	<object>
		<name>ref_coin</name>
		<bndbox>
			<xmin>548</xmin>
			<ymin>437</ymin>
			<xmax>721</xmax>
			<ymax>610</ymax>
		</bndbox>
	</object>
	<object>
		<name>dish</name>
		<bndbox>
			<xmin>851</xmin>
			<ymin>207</ymin>
			<xmax>1883</xmax>
			<ymax>1209</ymax>
		</bndbox>
	</object>
	<object>
		<name>알탕</name>
		<bndbox>
			<xmin>920</xmin>
			<ymin>293</ymin>
			<xmax>1843</xmax>
			<ymax>1180</ymax>
		</bndbox>
	</object>
</annotation>