<annotation>
	<folder>top건더기국류원형배달알탕q4</folder>
	<filename>top_건더기국류_원형배달_알탕_Q4_00012.JPG</filename>
	<path>/top건더기국류원형배달알탕q4/top_건더기국류_원형배달_알탕_Q4_00012.JPG</path>
	<source>
		<database>fooddata</database>
	</source>
	<size>
		<width>3008</width>
		<height>2000</height>
		<depth>3</depth>
	</size>
	<object>
		<name>ref_spoon</name>
		<bndbox>
			<xmin>1785</xmin>
			<ymin>358</ymin>
			<xmax>2052</xmax>
			<ymax>748</ymax>
		</bndbox>
	</object>
	<object>
		<name>ref_fork</name>
		<bndbox>
			<xmin>2114</xmin>
			<ymin>401</ymin>
			<xmax>2308</xmax>
			<ymax>849</ymax>
		</bndbox>
	</object>
	<object>
		<name>ref_coin</name>
		<bndbox>
			<xmin>1288</xmin>
			<ymin>95</ymin>
			<xmax>1486</xmax>
			<ymax>293</ymax>
		</bndbox>
	</object>
	<object>
		<name>dish</name>
		<bndbox>
			<xmin>245</xmin>
			<ymin>466</ymin>
			<xmax>1399</xmax>
			<ymax>1620</ymax>
		</bndbox>
	</object>
	<object>
		<name>알탕</name>
		<bndbox>
			<xmin>317</xmin>
			<ymin>564</ymin>
			<xmax>1385</xmax>
			<ymax>1584</ymax>
		</bndbox>
	</object>
</annotation>