<annotation>
	<folder>top건더기국류원형배달알탕q4</folder>
	<filename>top_건더기국류_원형배달_알탕_Q4_00005.JPG</filename>
	<path>/top건더기국류원형배달알탕q4/top_건더기국류_원형배달_알탕_Q4_00005.JPG</path>
	<source>
		<database>fooddata</database>
	</source>
	<size>
		<width>3008</width>
		<height>2000</height>
		<depth>3</depth>
	</size>
	<object>
		<name>ref_spoon</name>
		<bndbox>
			<xmin>1767</xmin>
			<ymin>98</ymin>
			<xmax>2041</xmax>
			<ymax>484</ymax>
		</bndbox>
	</object>
	<object>
		<name>ref_fork</name>
		<bndbox>
			<xmin>2103</xmin>
			<ymin>152</ymin>
			<xmax>2301</xmax>
			<ymax>582</ymax>
		</bndbox>
	</object>
	<object>
		<name>ref_coin</name>
		<bndbox>
			<xmin>346</xmin>
			<ymin>1267</ymin>
			<xmax>552</xmax>
			<ymax>1469</ymax>
		</bndbox>
	</object>
	<object>
		<name>dish</name>
		<bndbox>
			<xmin>332</xmin>
			<ymin>203</ymin>
			<xmax>1493</xmax>
			<ymax>1364</ymax>
		</bndbox>
	</object>
	<object>
		<name>알탕</name>
		<bndbox>
			<xmin>440</xmin>
			<ymin>293</ymin>
			<xmax>1464</xmax>
			<ymax>1314</ymax>
		</bndbox>
	</object>
</annotation>