<annotation>
	<folder>top건더기국류원형배달알탕q4</folder>
	<filename>top_건더기국류_원형배달_알탕_Q4_00041.JPG</filename>
	<path>/top건더기국류원형배달알탕q4/top_건더기국류_원형배달_알탕_Q4_00041.JPG</path>
	<source>
		<database>fooddata</database>
	</source>
	<size>
		<width>3008</width>
		<height>2000</height>
		<depth>3</depth>
	</size>
	<object>
		<name>ref_spoon</name>
		<bndbox>
			<xmin>350</xmin>
			<ymin>329</ymin>
			<xmax>642</xmax>
			<ymax>776</ymax>
		</bndbox>
	</object>
	<object>
		<name>ref_fork</name>
		<bndbox>
			<xmin>721</xmin>
			<ymin>412</ymin>
			<xmax>934</xmax>
			<ymax>924</ymax>
		</bndbox>
	</object>
	<object>
		<name>ref_coin</name>
		<bndbox>
			<xmin>1969</xmin>
			<ymin>1599</ymin>
			<xmax>2204</xmax>
			<ymax>1830</ymax>
		</bndbox>
	</object>
	<object>
		<name>dish</name>
		<bndbox>
			<xmin>1096</xmin>
			<ymin>243</ymin>
			<xmax>2377</xmax>
			<ymax>1483</ymax>
		</bndbox>
	</object>
	<object>
		<name>알탕</name>
		<bndbox>
			<xmin>1212</xmin>
			<ymin>372</ymin>
			<xmax>2308</xmax>
			<ymax>1426</ymax>
		</bndbox>
	</object>
</annotation>