<annotation>
	<folder>my-project-name</folder>
	<filename>side_부침개류_접시_파전_Q5_00026.JPG</filename>
	<path>/side부침개류접시파전q5/side_부침개류_접시_파전_Q5_00026.JPG</path>
	<source>
		<database>fooddata</database>
	</source>
	<size>
		<width>5472</width>
		<height>3648</height>
		<depth>3</depth>
	</size>
	<object>
		<name>ref_spoon</name>
		<bndbox>
			<xmin>1816</xmin>
			<ymin>3052</ymin>
			<xmax>2532</xmax>
			<ymax>3440</ymax>
		</bndbox>
	</object>
	<object>
		<name>ref_fork</name>
		<bndbox>
			<xmin>1882</xmin>
			<ymin>2638</ymin>
			<xmax>2608</xmax>
			<ymax>2941</ymax>
		</bndbox>
	</object>
	<object>
		<name>ref_coin</name>
		<bndbox>
			<xmin>3993</xmin>
			<ymin>769</ymin>
			<xmax>4261</xmax>
			<ymax>952</ymax>
		</bndbox>
	</object>
	<object>
		<name>dish</name>
		<bndbox>
			<xmin>1498</xmin>
			<ymin>560</ymin>
			<xmax>4227</xmax>
			<ymax>2482</ymax>
		</bndbox>
	</object>
	<object>
		<name>파전</name>
		<bndbox>
			<xmin>1685</xmin>
			<ymin>842</ymin>
			<xmax>3975</xmax>
			<ymax>2406</ymax>
		</bndbox>
	</object>
</annotation>