<annotation>
	<folder>my-project-name</folder>
	<filename>side_부침개류_접시_파전_Q5_00033.JPG</filename>
	<path>/side부침개류접시파전q5/side_부침개류_접시_파전_Q5_00033.JPG</path>
	<source>
		<database>fooddata</database>
	</source>
	<size>
		<width>720</width>
		<height>480</height>
		<depth>3</depth>
	</size>
	<object>
		<name>ref_spoon</name>
		<bndbox>
			<xmin>124</xmin>
			<ymin>156</ymin>
			<xmax>178</xmax>
			<ymax>233</ymax>
		</bndbox>
	</object>
	<object>
		<name>ref_fork</name>
		<bndbox>
			<xmin>203</xmin>
			<ymin>160</ymin>
			<xmax>239</xmax>
			<ymax>247</ymax>
		</bndbox>
	</object>
	<object>
		<name>ref_coin</name>
		<bndbox>
			<xmin>281</xmin>
			<ymin>399</ymin>
			<xmax>324</xmax>
			<ymax>434</ymax>
		</bndbox>
	</object>
	<object>
		<name>dish</name>
		<bndbox>
			<xmin>265</xmin>
			<ymin>109</ymin>
			<xmax>662</xmax>
			<ymax>392</ymax>
		</bndbox>
	</object>
	<object>
		<name>파전</name>
		<bndbox>
			<xmin>285</xmin>
			<ymin>132</ymin>
			<xmax>629</xmax>
			<ymax>365</ymax>
		</bndbox>
	</object>
</annotation>