<annotation>
	<folder>my-project-name</folder>
	<filename>side_부침개류_접시_파전_Q5_00052.JPG</filename>
	<path>/side부침개류접시파전q5/side_부침개류_접시_파전_Q5_00052.JPG</path>
	<source>
		<database>fooddata</database>
	</source>
	<size>
		<width>720</width>
		<height>480</height>
		<depth>3</depth>
	</size>
	<object>
		<name>ref_spoon</name>
		<bndbox>
			<xmin>79</xmin>
			<ymin>110</ymin>
			<xmax>137</xmax>
			<ymax>186</ymax>
		</bndbox>
	</object>
	<object>
		<name>ref_fork</name>
		<bndbox>
			<xmin>161</xmin>
			<ymin>117</ymin>
			<xmax>199</xmax>
			<ymax>204</ymax>
		</bndbox>
	</object>
	<object>
		<name>ref_coin</name>
		<bndbox>
			<xmin>134</xmin>
			<ymin>372</ymin>
			<xmax>179</xmax>
			<ymax>409</ymax>
		</bndbox>
	</object>
	<object>
		<name>dish</name>
		<bndbox>
			<xmin>234</xmin>
			<ymin>115</ymin>
			<xmax>647</xmax>
			<ymax>413</ymax>
		</bndbox>
	</object>
	<object>
		<name>파전</name>
		<bndbox>
			<xmin>263</xmin>
			<ymin>151</ymin>
			<xmax>618</xmax>
			<ymax>401</ymax>
		</bndbox>
	</object>
</annotation>