<annotation>
	<folder>my-project-name</folder>
	<filename>side_부침개류_접시_파전_Q5_00029.JPG</filename>
	<path>/side부침개류접시파전q5/side_부침개류_접시_파전_Q5_00029.JPG</path>
	<source>
		<database>fooddata</database>
	</source>
	<size>
		<width>720</width>
		<height>480</height>
		<depth>3</depth>
	</size>
	<object>
		<name>ref_spoon</name>
		<bndbox>
			<xmin>231</xmin>
			<ymin>396</ymin>
			<xmax>326</xmax>
			<ymax>446</ymax>
		</bndbox>
	</object>
	<object>
		<name>ref_fork</name>
		<bndbox>
			<xmin>238</xmin>
			<ymin>341</ymin>
			<xmax>335</xmax>
			<ymax>380</ymax>
		</bndbox>
	</object>
	<object>
		<name>ref_coin</name>
		<bndbox>
			<xmin>575</xmin>
			<ymin>230</ymin>
			<xmax>613</xmax>
			<ymax>258</ymax>
		</bndbox>
	</object>
	<object>
		<name>dish</name>
		<bndbox>
			<xmin>195</xmin>
			<ymin>68</ymin>
			<xmax>558</xmax>
			<ymax>324</ymax>
		</bndbox>
	</object>
	<object>
		<name>파전</name>
		<bndbox>
			<xmin>216</xmin>
			<ymin>94</ymin>
			<xmax>520</xmax>
			<ymax>314</ymax>
		</bndbox>
	</object>
</annotation>