<annotation>
	<folder>my-project-name</folder>
	<filename>side_부침개류_접시_파전_Q5_00035.JPG</filename>
	<path>/side부침개류접시파전q5/side_부침개류_접시_파전_Q5_00035.JPG</path>
	<source>
		<database>fooddata</database>
	</source>
	<size>
		<width>720</width>
		<height>480</height>
		<depth>3</depth>
	</size>
	<object>
		<name>ref_spoon</name>
		<bndbox>
			<xmin>86</xmin>
			<ymin>129</ymin>
			<xmax>144</xmax>
			<ymax>206</ymax>
		</bndbox>
	</object>
	<object>
		<name>ref_fork</name>
		<bndbox>
			<xmin>169</xmin>
			<ymin>131</ymin>
			<xmax>206</xmax>
			<ymax>218</ymax>
		</bndbox>
	</object>
	<object>
		<name>ref_coin</name>
		<bndbox>
			<xmin>343</xmin>
			<ymin>401</ymin>
			<xmax>387</xmax>
			<ymax>439</ymax>
		</bndbox>
	</object>
	<object>
		<name>dish</name>
		<bndbox>
			<xmin>233</xmin>
			<ymin>80</ymin>
			<xmax>632</xmax>
			<ymax>361</ymax>
		</bndbox>
	</object>
	<object>
		<name>파전</name>
		<bndbox>
			<xmin>253</xmin>
			<ymin>104</ymin>
			<xmax>597</xmax>
			<ymax>336</ymax>
		</bndbox>
	</object>
</annotation>