<annotation>
	<folder>my-project-name</folder>
	<filename>side_부침개류_접시_파전_Q5_00022.JPG</filename>
	<path>/side부침개류접시파전q5/side_부침개류_접시_파전_Q5_00022.JPG</path>
	<source>
		<database>fooddata</database>
	</source>
	<size>
		<width>5472</width>
		<height>3648</height>
		<depth>3</depth>
	</size>
	<object>
		<name>ref_spoon</name>
		<bndbox>
			<xmin>1841</xmin>
			<ymin>3117</ymin>
			<xmax>2593</xmax>
			<ymax>3526</ymax>
		</bndbox>
	</object>
	<object>
		<name>ref_fork</name>
		<bndbox>
			<xmin>1907</xmin>
			<ymin>2663</ymin>
			<xmax>2694</xmax>
			<ymax>2991</ymax>
		</bndbox>
	</object>
	<object>
		<name>ref_coin</name>
		<bndbox>
			<xmin>1791</xmin>
			<ymin>334</ymin>
			<xmax>2056</xmax>
			<ymax>523</ymax>
		</bndbox>
	</object>
	<object>
		<name>dish</name>
		<bndbox>
			<xmin>1433</xmin>
			<ymin>464</ymin>
			<xmax>4343</xmax>
			<ymax>2512</ymax>
		</bndbox>
	</object>
	<object>
		<name>파전</name>
		<bndbox>
			<xmin>1738</xmin>
			<ymin>674</ymin>
			<xmax>4221</xmax>
			<ymax>2402</ymax>
		</bndbox>
	</object>
</annotation>