<annotation>
	<folder>my-project-name</folder>
	<filename>side_부침개류_접시_파전_Q5_00015.JPG</filename>
	<path>/side부침개류접시파전q5/side_부침개류_접시_파전_Q5_00015.JPG</path>
	<source>
		<database>fooddata</database>
	</source>
	<size>
		<width>5472</width>
		<height>3648</height>
		<depth>3</depth>
	</size>
	<object>
		<name>ref_spoon</name>
		<bndbox>
			<xmin>3904</xmin>
			<ymin>1085</ymin>
			<xmax>4308</xmax>
			<ymax>1649</ymax>
		</bndbox>
	</object>
	<object>
		<name>ref_fork</name>
		<bndbox>
			<xmin>4484</xmin>
			<ymin>1110</ymin>
			<xmax>4772</xmax>
			<ymax>1725</ymax>
		</bndbox>
	</object>
	<object>
		<name>ref_coin</name>
		<bndbox>
			<xmin>3688</xmin>
			<ymin>807</ymin>
			<xmax>3967</xmax>
			<ymax>993</ymax>
		</bndbox>
	</object>
	<object>
		<name>dish</name>
		<bndbox>
			<xmin>877</xmin>
			<ymin>1044</ymin>
			<xmax>3896</xmax>
			<ymax>3244</ymax>
		</bndbox>
	</object>
	<object>
		<name>파전</name>
		<bndbox>
			<xmin>1068</xmin>
			<ymin>1220</ymin>
			<xmax>3675</xmax>
			<ymax>3048</ymax>
		</bndbox>
	</object>
</annotation>