<annotation>
	<folder>my-project-name</folder>
	<filename>side_부침개류_접시_파전_Q5_00027.JPG</filename>
	<path>/side부침개류접시파전q5/side_부침개류_접시_파전_Q5_00027.JPG</path>
	<source>
		<database>fooddata</database>
	</source>
	<size>
		<width>5472</width>
		<height>3648</height>
		<depth>3</depth>
	</size>
	<object>
		<name>ref_spoon</name>
		<bndbox>
			<xmin>1887</xmin>
			<ymin>3132</ymin>
			<xmax>2603</xmax>
			<ymax>3521</ymax>
		</bndbox>
	</object>
	<object>
		<name>ref_fork</name>
		<bndbox>
			<xmin>1942</xmin>
			<ymin>2714</ymin>
			<xmax>2684</xmax>
			<ymax>3016</ymax>
		</bndbox>
	</object>
	<object>
		<name>ref_coin</name>
		<bndbox>
			<xmin>4385</xmin>
			<ymin>1157</ymin>
			<xmax>4659</xmax>
			<ymax>1350</ymax>
		</bndbox>
	</object>
	<object>
		<name>dish</name>
		<bndbox>
			<xmin>1605</xmin>
			<ymin>646</ymin>
			<xmax>4331</xmax>
			<ymax>2565</ymax>
		</bndbox>
	</object>
	<object>
		<name>파전</name>
		<bndbox>
			<xmin>1762</xmin>
			<ymin>906</ymin>
			<xmax>4103</xmax>
			<ymax>2466</ymax>
		</bndbox>
	</object>
</annotation>