<annotation>
	<folder>top_부침개루접시파전q5</folder>
	<filename>top_부침개류_접시_파전_Q5_00025.JPG</filename>
	<path>/top부침개류접시파전q5/top_부침개류_접시_파전_Q5_00025.JPG</path>
	<source>
		<database>fooddata</database>
	</source>
	<size>
		<width>720</width>
		<height>480</height>
		<depth>3</depth>
	</size>
	<object>
		<name>ref_spoon</name>
		<bndbox>
			<xmin>288</xmin>
			<ymin>409</ymin>
			<xmax>379</xmax>
			<ymax>458</ymax>
		</bndbox>
	</object>
	<object>
		<name>ref_fork</name>
		<bndbox>
			<xmin>296</xmin>
			<ymin>356</ymin>
			<xmax>387</xmax>
			<ymax>388</ymax>
		</bndbox>
	</object>
	<object>
		<name>ref_coin</name>
		<bndbox>
			<xmin>374</xmin>
			<ymin>24</ymin>
			<xmax>406</xmax>
			<ymax>52</ymax>
		</bndbox>
	</object>
	<object>
		<name>dish</name>
		<bndbox>
			<xmin>275</xmin>
			<ymin>63</ymin>
			<xmax>572</xmax>
			<ymax>355</ymax>
		</bndbox>
	</object>
	<object>
		<name>파전</name>
		<bndbox>
			<xmin>291</xmin>
			<ymin>94</ymin>
			<xmax>550</xmax>
			<ymax>339</ymax>
		</bndbox>
	</object>
</annotation>