<annotation>
	<folder>top_부침개루접시파전q5</folder>
	<filename>top_부침개류_접시_파전_Q5_00007.JPG</filename>
	<path>/top부침개류접시파전q5/top_부침개류_접시_파전_Q5_00007.JPG</path>
	<source>
		<database>fooddata</database>
	</source>
	<size>
		<width>720</width>
		<height>480</height>
		<depth>3</depth>
	</size>
	<object>
		<name>ref_spoon</name>
		<bndbox>
			<xmin>559</xmin>
			<ymin>84</ymin>
			<xmax>610</xmax>
			<ymax>186</ymax>
		</bndbox>
	</object>
	<object>
		<name>ref_fork</name>
		<bndbox>
			<xmin>628</xmin>
			<ymin>109</ymin>
			<xmax>666</xmax>
			<ymax>229</ymax>
		</bndbox>
	</object>
	<object>
		<name>ref_coin</name>
		<bndbox>
			<xmin>107</xmin>
			<ymin>179</ymin>
			<xmax>145</xmax>
			<ymax>216</ymax>
		</bndbox>
	</object>
	<object>
		<name>dish</name>
		<bndbox>
			<xmin>175</xmin>
			<ymin>55</ymin>
			<xmax>537</xmax>
			<ymax>412</ymax>
		</bndbox>
	</object>
	<object>
		<name>파전</name>
		<bndbox>
			<xmin>201</xmin>
			<ymin>81</ymin>
			<xmax>512</xmax>
			<ymax>396</ymax>
		</bndbox>
	</object>
</annotation>