<annotation>
	<folder>top_부침개루접시파전q5</folder>
	<filename>top_부침개류_접시_파전_Q5_00054.JPG</filename>
	<path>/top부침개류접시파전q5/top_부침개류_접시_파전_Q5_00054.JPG</path>
	<source>
		<database>fooddata</database>
	</source>
	<size>
		<width>720</width>
		<height>480</height>
		<depth>3</depth>
	</size>
	<object>
		<name>ref_spoon</name>
		<bndbox>
			<xmin>151</xmin>
			<ymin>169</ymin>
			<xmax>200</xmax>
			<ymax>262</ymax>
		</bndbox>
	</object>
	<object>
		<name>ref_fork</name>
		<bndbox>
			<xmin>217</xmin>
			<ymin>174</ymin>
			<xmax>251</xmax>
			<ymax>286</ymax>
		</bndbox>
	</object>
	<object>
		<name>ref_coin</name>
		<bndbox>
			<xmin>481</xmin>
			<ymin>36</ymin>
			<xmax>516</xmax>
			<ymax>71</ymax>
		</bndbox>
	</object>
	<object>
		<name>dish</name>
		<bndbox>
			<xmin>272</xmin>
			<ymin>94</ymin>
			<xmax>629</xmax>
			<ymax>447</ymax>
		</bndbox>
	</object>
	<object>
		<name>파전</name>
		<bndbox>
			<xmin>290</xmin>
			<ymin>126</ymin>
			<xmax>594</xmax>
			<ymax>426</ymax>
		</bndbox>
	</object>
</annotation>