<annotation>
	<folder>top_부침개루접시파전q5</folder>
	<filename>top_부침개류_접시_파전_Q5_00010.JPG</filename>
	<path>/top부침개류접시파전q5/top_부침개류_접시_파전_Q5_00010.JPG</path>
	<source>
		<database>fooddata</database>
	</source>
	<size>
		<width>720</width>
		<height>480</height>
		<depth>3</depth>
	</size>
	<object>
		<name>ref_spoon</name>
		<bndbox>
			<xmin>542</xmin>
			<ymin>90</ymin>
			<xmax>592</xmax>
			<ymax>190</ymax>
		</bndbox>
	</object>
	<object>
		<name>ref_fork</name>
		<bndbox>
			<xmin>612</xmin>
			<ymin>117</ymin>
			<xmax>649</xmax>
			<ymax>222</ymax>
		</bndbox>
	</object>
	<object>
		<name>ref_coin</name>
		<bndbox>
			<xmin>233</xmin>
			<ymin>31</ymin>
			<xmax>269</xmax>
			<ymax>65</ymax>
		</bndbox>
	</object>
	<object>
		<name>dish</name>
		<bndbox>
			<xmin>153</xmin>
			<ymin>69</ymin>
			<xmax>519</xmax>
			<ymax>434</ymax>
		</bndbox>
	</object>
	<object>
		<name>파전</name>
		<bndbox>
			<xmin>175</xmin>
			<ymin>104</ymin>
			<xmax>488</xmax>
			<ymax>413</ymax>
		</bndbox>
	</object>
</annotation>