<annotation>
	<folder>top_부침개루접시파전q5</folder>
	<filename>top_부침개류_접시_파전_Q5_00027.JPG</filename>
	<path>/top부침개류접시파전q5/top_부침개류_접시_파전_Q5_00027.JPG</path>
	<source>
		<database>fooddata</database>
	</source>
	<size>
		<width>720</width>
		<height>480</height>
		<depth>3</depth>
	</size>
	<object>
		<name>ref_spoon</name>
		<bndbox>
			<xmin>294</xmin>
			<ymin>390</ymin>
			<xmax>404</xmax>
			<ymax>440</ymax>
		</bndbox>
	</object>
	<object>
		<name>ref_fork</name>
		<bndbox>
			<xmin>301</xmin>
			<ymin>337</ymin>
			<xmax>401</xmax>
			<ymax>369</ymax>
		</bndbox>
	</object>
	<object>
		<name>ref_coin</name>
		<bndbox>
			<xmin>537</xmin>
			<ymin>49</ymin>
			<xmax>568</xmax>
			<ymax>78</ymax>
		</bndbox>
	</object>
	<object>
		<name>dish</name>
		<bndbox>
			<xmin>274</xmin>
			<ymin>37</ymin>
			<xmax>575</xmax>
			<ymax>337</ymax>
		</bndbox>
	</object>
	<object>
		<name>파전</name>
		<bndbox>
			<xmin>289</xmin>
			<ymin>67</ymin>
			<xmax>549</xmax>
			<ymax>321</ymax>
		</bndbox>
	</object>
</annotation>