<annotation>
	<folder>top_부침개루접시파전q5</folder>
	<filename>top_부침개류_접시_파전_Q5_00028.JPG</filename>
	<path>/top부침개류접시파전q5/top_부침개류_접시_파전_Q5_00028.JPG</path>
	<source>
		<database>fooddata</database>
	</source>
	<size>
		<width>720</width>
		<height>480</height>
		<depth>3</depth>
	</size>
	<object>
		<name>ref_spoon</name>
		<bndbox>
			<xmin>284</xmin>
			<ymin>390</ymin>
			<xmax>388</xmax>
			<ymax>438</ymax>
		</bndbox>
	</object>
	<object>
		<name>ref_fork</name>
		<bndbox>
			<xmin>296</xmin>
			<ymin>334</ymin>
			<xmax>388</xmax>
			<ymax>365</ymax>
		</bndbox>
	</object>
	<object>
		<name>ref_coin</name>
		<bndbox>
			<xmin>554</xmin>
			<ymin>95</ymin>
			<xmax>585</xmax>
			<ymax>124</ymax>
		</bndbox>
	</object>
	<object>
		<name>dish</name>
		<bndbox>
			<xmin>263</xmin>
			<ymin>31</ymin>
			<xmax>570</xmax>
			<ymax>333</ymax>
		</bndbox>
	</object>
	<object>
		<name>파전</name>
		<bndbox>
			<xmin>280</xmin>
			<ymin>54</ymin>
			<xmax>548</xmax>
			<ymax>312</ymax>
		</bndbox>
	</object>
</annotation>