<annotation>
	<folder>top_부침개루접시파전q5</folder>
	<filename>top_부침개류_접시_파전_Q5_00023.JPG</filename>
	<path>/top부침개류접시파전q5/top_부침개류_접시_파전_Q5_00023.JPG</path>
	<source>
		<database>fooddata</database>
	</source>
	<size>
		<width>720</width>
		<height>480</height>
		<depth>3</depth>
	</size>
	<object>
		<name>ref_spoon</name>
		<bndbox>
			<xmin>298</xmin>
			<ymin>398</ymin>
			<xmax>392</xmax>
			<ymax>446</ymax>
		</bndbox>
	</object>
	<object>
		<name>ref_fork</name>
		<bndbox>
			<xmin>307</xmin>
			<ymin>345</ymin>
			<xmax>408</xmax>
			<ymax>376</ymax>
		</bndbox>
	</object>
	<object>
		<name>ref_coin</name>
		<bndbox>
			<xmin>261</xmin>
			<ymin>67</ymin>
			<xmax>293</xmax>
			<ymax>97</ymax>
		</bndbox>
	</object>
	<object>
		<name>dish</name>
		<bndbox>
			<xmin>279</xmin>
			<ymin>45</ymin>
			<xmax>575</xmax>
			<ymax>334</ymax>
		</bndbox>
	</object>
	<object>
		<name>파전</name>
		<bndbox>
			<xmin>302</xmin>
			<ymin>73</ymin>
			<xmax>558</xmax>
			<ymax>315</ymax>
		</bndbox>
	</object>
</annotation>