<annotation>
	<folder>top_부침개루접시파전q5</folder>
	<filename>top_부침개류_접시_파전_Q5_00017.JPG</filename>
	<path>/top부침개류접시파전q5/top_부침개류_접시_파전_Q5_00017.JPG</path>
	<source>
		<database>fooddata</database>
	</source>
	<size>
		<width>720</width>
		<height>480</height>
		<depth>3</depth>
	</size>
	<object>
		<name>ref_spoon</name>
		<bndbox>
			<xmin>552</xmin>
			<ymin>86</ymin>
			<xmax>599</xmax>
			<ymax>194</ymax>
		</bndbox>
	</object>
	<object>
		<name>ref_fork</name>
		<bndbox>
			<xmin>619</xmin>
			<ymin>111</ymin>
			<xmax>657</xmax>
			<ymax>220</ymax>
		</bndbox>
	</object>
	<object>
		<name>ref_coin</name>
		<bndbox>
			<xmin>505</xmin>
			<ymin>242</ymin>
			<xmax>542</xmax>
			<ymax>279</ymax>
		</bndbox>
	</object>
	<object>
		<name>dish</name>
		<bndbox>
			<xmin>127</xmin>
			<ymin>68</ymin>
			<xmax>485</xmax>
			<ymax>423</ymax>
		</bndbox>
	</object>
	<object>
		<name>파전</name>
		<bndbox>
			<xmin>159</xmin>
			<ymin>87</ymin>
			<xmax>463</xmax>
			<ymax>389</ymax>
		</bndbox>
	</object>
</annotation>