<annotation>
	<folder>top_부침개루접시파전q5</folder>
	<filename>top_부침개류_접시_파전_Q5_00015.JPG</filename>
	<path>/top부침개류접시파전q5/top_부침개류_접시_파전_Q5_00015.JPG</path>
	<source>
		<database>fooddata</database>
	</source>
	<size>
		<width>720</width>
		<height>480</height>
		<depth>3</depth>
	</size>
	<object>
		<name>ref_spoon</name>
		<bndbox>
			<xmin>558</xmin>
			<ymin>61</ymin>
			<xmax>610</xmax>
			<ymax>168</ymax>
		</bndbox>
	</object>
	<object>
		<name>ref_fork</name>
		<bndbox>
			<xmin>630</xmin>
			<ymin>86</ymin>
			<xmax>671</xmax>
			<ymax>202</ymax>
		</bndbox>
	</object>
	<object>
		<name>ref_coin</name>
		<bndbox>
			<xmin>495</xmin>
			<ymin>118</ymin>
			<xmax>533</xmax>
			<ymax>154</ymax>
		</bndbox>
	</object>
	<object>
		<name>dish</name>
		<bndbox>
			<xmin>118</xmin>
			<ymin>52</ymin>
			<xmax>496</xmax>
			<ymax>427</ymax>
		</bndbox>
	</object>
	<object>
		<name>파전</name>
		<bndbox>
			<xmin>144</xmin>
			<ymin>71</ymin>
			<xmax>471</xmax>
			<ymax>400</ymax>
		</bndbox>
	</object>
</annotation>