<annotation>
	<folder>side국류냉면기물회q2</folder>
	<filename>side_국류_냉면기_물회_Q2_00045.JPG</filename>
	<path>/side국류냉면기물회q2/side_국류_냉면기_물회_Q2_00045.JPG</path>
	<source>
		<database>fooddata</database>
	</source>
	<size>
		<width>3008</width>
		<height>2000</height>
		<depth>3</depth>
	</size>
	<object>
		<name>ref_spoon</name>
		<bndbox>
			<xmin>279</xmin>
			<ymin>803</ymin>
			<xmax>555</xmax>
			<ymax>1128</ymax>
		</bndbox>
	</object>
	<object>
		<name>ref_fork</name>
		<bndbox>
			<xmin>687</xmin>
			<ymin>806</ymin>
			<xmax>872</xmax>
			<ymax>1186</ymax>
		</bndbox>
	</object>
	<object>
		<name>ref_coin</name>
		<bndbox>
			<xmin>1118</xmin>
			<ymin>1644</ymin>
			<xmax>1336</xmax>
			<ymax>1790</ymax>
		</bndbox>
	</object>
	<object>
		<name>dish</name>
		<bndbox>
			<xmin>1192</xmin>
			<ymin>350</ymin>
			<xmax>2663</xmax>
			<ymax>1377</ymax>
		</bndbox>
	</object>
	<object>
		<name>물회</name>
		<bndbox>
			<xmin>1325</xmin>
			<ymin>552</ymin>
			<xmax>2552</xmax>
			<ymax>1137</ymax>
		</bndbox>
	</object>
</annotation>