<annotation>
	<folder>side국류냉면기물회q2</folder>
	<filename>side_국류_냉면기_물회_Q2_00004.JPG</filename>
	<path>/side국류냉면기물회q2/side_국류_냉면기_물회_Q2_00004.JPG</path>
	<source>
		<database>fooddata</database>
	</source>
	<size>
		<width>3008</width>
		<height>2000</height>
		<depth>3</depth>
	</size>
	<object>
		<name>ref_spoon</name>
		<bndbox>
			<xmin>2020</xmin>
			<ymin>566</ymin>
			<xmax>2282</xmax>
			<ymax>877</ymax>
		</bndbox>
	</object>
	<object>
		<name>ref_fork</name>
		<bndbox>
			<xmin>2500</xmin>
			<ymin>563</ymin>
			<xmax>2710</xmax>
			<ymax>930</ymax>
		</bndbox>
	</object>
	<object>
		<name>ref_coin</name>
		<bndbox>
			<xmin>721</xmin>
			<ymin>1633</ymin>
			<xmax>952</xmax>
			<ymax>1782</ymax>
		</bndbox>
	</object>
	<object>
		<name>dish</name>
		<bndbox>
			<xmin>445</xmin>
			<ymin>254</ymin>
			<xmax>1923</xmax>
			<ymax>1266</ymax>
		</bndbox>
	</object>
	<object>
		<name>물회</name>
		<bndbox>
			<xmin>585</xmin>
			<ymin>607</ymin>
			<xmax>1736</xmax>
			<ymax>1034</ymax>
		</bndbox>
	</object>
</annotation>