<annotation>
	<folder>side국류냉면기물회q2</folder>
	<filename>side_국류_냉면기_물회_Q2_00028.JPG</filename>
	<path>/side국류냉면기물회q2/side_국류_냉면기_물회_Q2_00028.JPG</path>
	<source>
		<database>fooddata</database>
	</source>
	<size>
		<width>3008</width>
		<height>2000</height>
		<depth>3</depth>
	</size>
	<object>
		<name>ref_spoon</name>
		<bndbox>
			<xmin>806</xmin>
			<ymin>1677</ymin>
			<xmax>1242</xmax>
			<ymax>1890</ymax>
		</bndbox>
	</object>
	<object>
		<name>ref_fork</name>
		<bndbox>
			<xmin>847</xmin>
			<ymin>1396</ymin>
			<xmax>1308</xmax>
			<ymax>1619</ymax>
		</bndbox>
	</object>
	<object>
		<name>ref_coin</name>
		<bndbox>
			<xmin>183</xmin>
			<ymin>1015</ymin>
			<xmax>387</xmax>
			<ymax>1142</ymax>
		</bndbox>
	</object>
	<object>
		<name>dish</name>
		<bndbox>
			<xmin>969</xmin>
			<ymin>232</ymin>
			<xmax>2343</xmax>
			<ymax>1186</ymax>
		</bndbox>
	</object>
	<object>
		<name>물회</name>
		<bndbox>
			<xmin>1134</xmin>
			<ymin>513</ymin>
			<xmax>2188</xmax>
			<ymax>979</ymax>
		</bndbox>
	</object>
</annotation>