<annotation>
	<folder>side국류냉면기물회q2</folder>
	<filename>side_국류_냉면기_물회_Q2_00033.JPG</filename>
	<path>/side국류냉면기물회q2/side_국류_냉면기_물회_Q2_00033.JPG</path>
	<source>
		<database>fooddata</database>
	</source>
	<size>
		<width>3008</width>
		<height>2000</height>
		<depth>3</depth>
	</size>
	<object>
		<name>ref_spoon</name>
		<bndbox>
			<xmin>304</xmin>
			<ymin>745</ymin>
			<xmax>583</xmax>
			<ymax>1065</ymax>
		</bndbox>
	</object>
	<object>
		<name>ref_fork</name>
		<bndbox>
			<xmin>687</xmin>
			<ymin>764</ymin>
			<xmax>875</xmax>
			<ymax>1142</ymax>
		</bndbox>
	</object>
	<object>
		<name>ref_coin</name>
		<bndbox>
			<xmin>1123</xmin>
			<ymin>1600</ymin>
			<xmax>1336</xmax>
			<ymax>1754</ymax>
		</bndbox>
	</object>
	<object>
		<name>dish</name>
		<bndbox>
			<xmin>1192</xmin>
			<ymin>367</ymin>
			<xmax>2605</xmax>
			<ymax>1363</ymax>
		</bndbox>
	</object>
	<object>
		<name>물회</name>
		<bndbox>
			<xmin>1374</xmin>
			<ymin>582</ymin>
			<xmax>2503</xmax>
			<ymax>1156</ymax>
		</bndbox>
	</object>
</annotation>