<annotation>
	<folder>side국류냉면기물회q2</folder>
	<filename>side_국류_냉면기_물회_Q2_00051.JPG</filename>
	<path>/side국류냉면기물회q2/side_국류_냉면기_물회_Q2_00051.JPG</path>
	<source>
		<database>fooddata</database>
	</source>
	<size>
		<width>3008</width>
		<height>2000</height>
		<depth>3</depth>
	</size>
	<object>
		<name>ref_spoon</name>
		<bndbox>
			<xmin>114</xmin>
			<ymin>745</ymin>
			<xmax>398</xmax>
			<ymax>1087</ymax>
		</bndbox>
	</object>
	<object>
		<name>ref_fork</name>
		<bndbox>
			<xmin>516</xmin>
			<ymin>761</ymin>
			<xmax>712</xmax>
			<ymax>1142</ymax>
		</bndbox>
	</object>
	<object>
		<name>ref_coin</name>
		<bndbox>
			<xmin>2390</xmin>
			<ymin>1539</ymin>
			<xmax>2616</xmax>
			<ymax>1683</ymax>
		</bndbox>
	</object>
	<object>
		<name>dish</name>
		<bndbox>
			<xmin>1049</xmin>
			<ymin>361</ymin>
			<xmax>2492</xmax>
			<ymax>1377</ymax>
		</bndbox>
	</object>
	<object>
		<name>물회</name>
		<bndbox>
			<xmin>1148</xmin>
			<ymin>419</ymin>
			<xmax>2332</xmax>
			<ymax>1145</ymax>
		</bndbox>
	</object>
</annotation>