<annotation>
	<folder>side국류냉면기물회q2</folder>
	<filename>side_국류_냉면기_물회_Q2_00044.JPG</filename>
	<path>/side국류냉면기물회q2/side_국류_냉면기_물회_Q2_00044.JPG</path>
	<source>
		<database>fooddata</database>
	</source>
	<size>
		<width>3008</width>
		<height>2000</height>
		<depth>3</depth>
	</size>
	<object>
		<name>ref_spoon</name>
		<bndbox>
			<xmin>246</xmin>
			<ymin>869</ymin>
			<xmax>530</xmax>
			<ymax>1203</ymax>
		</bndbox>
	</object>
	<object>
		<name>ref_fork</name>
		<bndbox>
			<xmin>652</xmin>
			<ymin>880</ymin>
			<xmax>845</xmax>
			<ymax>1252</ymax>
		</bndbox>
	</object>
	<object>
		<name>ref_coin</name>
		<bndbox>
			<xmin>886</xmin>
			<ymin>513</ymin>
			<xmax>1076</xmax>
			<ymax>621</ymax>
		</bndbox>
	</object>
	<object>
		<name>dish</name>
		<bndbox>
			<xmin>1187</xmin>
			<ymin>530</ymin>
			<xmax>2679</xmax>
			<ymax>1567</ymax>
		</bndbox>
	</object>
	<object>
		<name>물회</name>
		<bndbox>
			<xmin>1457</xmin>
			<ymin>662</ymin>
			<xmax>2481</xmax>
			<ymax>1341</ymax>
		</bndbox>
	</object>
</annotation>