<annotation>
	<folder>재작업11-20</folder>
	<filename>side_국류_냉면기_물회_Q2_00034.JPG</filename>
	<path>/side국류냉면기물회q2/side_국류_냉면기_물회_Q2_00034.JPG</path>
	<source>
		<database>fooddata</database>
	</source>
	<size>
		<width>3008</width>
		<height>2000</height>
		<depth>3</depth>
	</size>
	<object>
		<name>ref_spoon</name>
		<bndbox>
			<xmin>284</xmin>
			<ymin>688</ymin>
			<xmax>550</xmax>
			<ymax>1005</ymax>
		</bndbox>
	</object>
	<object>
		<name>ref_fork</name>
		<bndbox>
			<xmin>668</xmin>
			<ymin>703</ymin>
			<xmax>849</xmax>
			<ymax>1082</ymax>
		</bndbox>
	</object>
	<object>
		<name>ref_coin</name>
		<bndbox>
			<xmin>1343</xmin>
			<ymin>1616</ymin>
			<xmax>1565</xmax>
			<ymax>1772</ymax>
		</bndbox>
	</object>
	<object>
		<name>dish</name>
		<bndbox>
			<xmin>1164</xmin>
			<ymin>292</ymin>
			<xmax>2583</xmax>
			<ymax>1286</ymax>
		</bndbox>
	</object>
	<object>
		<name>물회</name>
		<bndbox>
			<xmin>1368</xmin>
			<ymin>545</ymin>
			<xmax>2397</xmax>
			<ymax>1079</ymax>
		</bndbox>
	</object>
</annotation>