<annotation>
	<folder>side국류냉면기물회q2</folder>
	<filename>side_국류_냉면기_물회_Q2_00015.JPG</filename>
	<path>/side국류냉면기물회q2/side_국류_냉면기_물회_Q2_00015.JPG</path>
	<source>
		<database>fooddata</database>
	</source>
	<size>
		<width>3008</width>
		<height>2000</height>
		<depth>3</depth>
	</size>
	<object>
		<name>ref_spoon</name>
		<bndbox>
			<xmin>1766</xmin>
			<ymin>615</ymin>
			<xmax>2020</xmax>
			<ymax>913</ymax>
		</bndbox>
	</object>
	<object>
		<name>ref_fork</name>
		<bndbox>
			<xmin>2216</xmin>
			<ymin>626</ymin>
			<xmax>2409</xmax>
			<ymax>954</ymax>
		</bndbox>
	</object>
	<object>
		<name>ref_coin</name>
		<bndbox>
			<xmin>2652</xmin>
			<ymin>1167</ymin>
			<xmax>2842</xmax>
			<ymax>1291</ymax>
		</bndbox>
	</object>
	<object>
		<name>dish</name>
		<bndbox>
			<xmin>194</xmin>
			<ymin>334</ymin>
			<xmax>1576</xmax>
			<ymax>1272</ymax>
		</bndbox>
	</object>
	<object>
		<name>물회</name>
		<bndbox>
			<xmin>378</xmin>
			<ymin>607</ymin>
			<xmax>1316</xmax>
			<ymax>1057</ymax>
		</bndbox>
	</object>
</annotation>