<annotation>
	<folder>side국류냉면기물회q2</folder>
	<filename>side_국류_냉면기_물회_Q2_00018.JPG</filename>
	<path>/side국류냉면기물회q2/side_국류_냉면기_물회_Q2_00018.JPG</path>
	<source>
		<database>fooddata</database>
	</source>
	<size>
		<width>3008</width>
		<height>2000</height>
		<depth>3</depth>
	</size>
	<object>
		<name>ref_spoon</name>
		<bndbox>
			<xmin>726</xmin>
			<ymin>1652</ymin>
			<xmax>1145</xmax>
			<ymax>1865</ymax>
		</bndbox>
	</object>
	<object>
		<name>ref_fork</name>
		<bndbox>
			<xmin>773</xmin>
			<ymin>1390</ymin>
			<xmax>1212</xmax>
			<ymax>1600</ymax>
		</bndbox>
	</object>
	<object>
		<name>ref_coin</name>
		<bndbox>
			<xmin>2428</xmin>
			<ymin>968</ymin>
			<xmax>2616</xmax>
			<ymax>1090</ymax>
		</bndbox>
	</object>
	<object>
		<name>dish</name>
		<bndbox>
			<xmin>881</xmin>
			<ymin>185</ymin>
			<xmax>2163</xmax>
			<ymax>1092</ymax>
		</bndbox>
	</object>
	<object>
		<name>물회</name>
		<bndbox>
			<xmin>1032</xmin>
			<ymin>433</ymin>
			<xmax>1981</xmax>
			<ymax>894</ymax>
		</bndbox>
	</object>
</annotation>