<annotation>
	<folder>top국류냉면기물회q2</folder>
	<filename>top_국류_냉면기_물회_Q2_00026.JPG</filename>
	<path>/top국류냉면기물회q2/top_국류_냉면기_물회_Q2_00026.JPG</path>
	<source>
		<database>fooddata</database>
	</source>
	<size>
		<width>3008</width>
		<height>2000</height>
		<depth>3</depth>
	</size>
	<object>
		<name>ref_spoon</name>
		<bndbox>
			<xmin>915</xmin>
			<ymin>1665</ymin>
			<xmax>1256</xmax>
			<ymax>1889</ymax>
		</bndbox>
	</object>
	<object>
		<name>ref_fork</name>
		<bndbox>
			<xmin>915</xmin>
			<ymin>1427</ymin>
			<xmax>1273</xmax>
			<ymax>1594</ymax>
		</bndbox>
	</object>
	<object>
		<name>ref_coin</name>
		<bndbox>
			<xmin>1334</xmin>
			<ymin>48</ymin>
			<xmax>1490</xmax>
			<ymax>204</ymax>
		</bndbox>
	</object>
	<object>
		<name>dish</name>
		<bndbox>
			<xmin>933</xmin>
			<ymin>310</ymin>
			<xmax>2033</xmax>
			<ymax>1392</ymax>
		</bndbox>
	</object>
	<object>
		<name>물회</name>
		<bndbox>
			<xmin>1114</xmin>
			<ymin>505</ymin>
			<xmax>1859</xmax>
			<ymax>1243</ymax>
		</bndbox>
	</object>
</annotation>