<annotation>
	<folder>top국류냉면기물회q2</folder>
	<filename>top_국류_냉면기_물회_Q2_00035.JPG</filename>
	<path>/top국류냉면기물회q2/top_국류_냉면기_물회_Q2_00035.JPG</path>
	<source>
		<database>fooddata</database>
	</source>
	<size>
		<width>3008</width>
		<height>2000</height>
		<depth>3</depth>
	</size>
	<object>
		<name>ref_spoon</name>
		<bndbox>
			<xmin>795</xmin>
			<ymin>1576</ymin>
			<xmax>1167</xmax>
			<ymax>1835</ymax>
		</bndbox>
	</object>
	<object>
		<name>ref_fork</name>
		<bndbox>
			<xmin>805</xmin>
			<ymin>1325</ymin>
			<xmax>1188</xmax>
			<ymax>1509</ymax>
		</bndbox>
	</object>
	<object>
		<name>ref_coin</name>
		<bndbox>
			<xmin>2242</xmin>
			<ymin>941</ymin>
			<xmax>2409</xmax>
			<ymax>1115</ymax>
		</bndbox>
	</object>
	<object>
		<name>dish</name>
		<bndbox>
			<xmin>1064</xmin>
			<ymin>62</ymin>
			<xmax>2260</xmax>
			<ymax>1211</ymax>
		</bndbox>
	</object>
	<object>
		<name>물회</name>
		<bndbox>
			<xmin>1238</xmin>
			<ymin>239</ymin>
			<xmax>2054</xmax>
			<ymax>1037</ymax>
		</bndbox>
	</object>
</annotation>