<annotation>
	<folder>top국류냉면기물회q2</folder>
	<filename>top_국류_냉면기_물회_Q2_00009.JPG</filename>
	<path>/top국류냉면기물회q2/top_국류_냉면기_물회_Q2_00009.JPG</path>
	<source>
		<database>fooddata</database>
	</source>
	<size>
		<width>3008</width>
		<height>2000</height>
		<depth>3</depth>
	</size>
	<object>
		<name>ref_spoon</name>
		<bndbox>
			<xmin>1930</xmin>
			<ymin>317</ymin>
			<xmax>2167</xmax>
			<ymax>668</ymax>
		</bndbox>
	</object>
	<object>
		<name>ref_fork</name>
		<bndbox>
			<xmin>2235</xmin>
			<ymin>317</ymin>
			<xmax>2423</xmax>
			<ymax>714</ymax>
		</bndbox>
	</object>
	<object>
		<name>ref_coin</name>
		<bndbox>
			<xmin>915</xmin>
			<ymin>76</ymin>
			<xmax>1107</xmax>
			<ymax>246</ymax>
		</bndbox>
	</object>
	<object>
		<name>dish</name>
		<bndbox>
			<xmin>511</xmin>
			<ymin>480</ymin>
			<xmax>1873</xmax>
			<ymax>1807</ymax>
		</bndbox>
	</object>
	<object>
		<name>물회</name>
		<bndbox>
			<xmin>724</xmin>
			<ymin>672</ymin>
			<xmax>1674</xmax>
			<ymax>1552</ymax>
		</bndbox>
	</object>
</annotation>