<annotation>
	<folder>top국류냉면기물회q2</folder>
	<filename>top_국류_냉면기_물회_Q2_00021.JPG</filename>
	<path>/top국류냉면기물회q2/top_국류_냉면기_물회_Q2_00021.JPG</path>
	<source>
		<database>fooddata</database>
	</source>
	<size>
		<width>3008</width>
		<height>2000</height>
		<depth>3</depth>
	</size>
	<object>
		<name>ref_spoon</name>
		<bndbox>
			<xmin>780</xmin>
			<ymin>1566</ymin>
			<xmax>1156</xmax>
			<ymax>1793</ymax>
		</bndbox>
	</object>
	<object>
		<name>ref_fork</name>
		<bndbox>
			<xmin>851</xmin>
			<ymin>1353</ymin>
			<xmax>1213</xmax>
			<ymax>1509</ymax>
		</bndbox>
	</object>
	<object>
		<name>ref_coin</name>
		<bndbox>
			<xmin>2103</xmin>
			<ymin>785</ymin>
			<xmax>2256</xmax>
			<ymax>956</ymax>
		</bndbox>
	</object>
	<object>
		<name>dish</name>
		<bndbox>
			<xmin>1007</xmin>
			<ymin>172</ymin>
			<xmax>2089</xmax>
			<ymax>1257</ymax>
		</bndbox>
	</object>
	<object>
		<name>물회</name>
		<bndbox>
			<xmin>1199</xmin>
			<ymin>402</ymin>
			<xmax>1937</xmax>
			<ymax>1105</ymax>
		</bndbox>
	</object>
</annotation>