<annotation>
	<folder>top국류냉면기물회q2</folder>
	<filename>top_국류_냉면기_물회_Q2_00005.JPG</filename>
	<path>/top국류냉면기물회q2/top_국류_냉면기_물회_Q2_00005.JPG</path>
	<source>
		<database>fooddata</database>
	</source>
	<size>
		<width>3008</width>
		<height>2000</height>
		<depth>3</depth>
	</size>
	<object>
		<name>ref_spoon</name>
		<bndbox>
			<xmin>1958</xmin>
			<ymin>243</ymin>
			<xmax>2213</xmax>
			<ymax>622</ymax>
		</bndbox>
	</object>
	<object>
		<name>ref_fork</name>
		<bndbox>
			<xmin>2295</xmin>
			<ymin>260</ymin>
			<xmax>2483</xmax>
			<ymax>672</ymax>
		</bndbox>
	</object>
	<object>
		<name>ref_coin</name>
		<bndbox>
			<xmin>376</xmin>
			<ymin>1353</ymin>
			<xmax>585</xmax>
			<ymax>1544</ymax>
		</bndbox>
	</object>
	<object>
		<name>dish</name>
		<bndbox>
			<xmin>585</xmin>
			<ymin>225</ymin>
			<xmax>1958</xmax>
			<ymax>1594</ymax>
		</bndbox>
	</object>
	<object>
		<name>물회</name>
		<bndbox>
			<xmin>752</xmin>
			<ymin>427</ymin>
			<xmax>1798</xmax>
			<ymax>1410</ymax>
		</bndbox>
	</object>
</annotation>