<annotation>
	<folder>top국류냉면기물회q2</folder>
	<filename>top_국류_냉면기_물회_Q2_00022.JPG</filename>
	<path>/top국류냉면기물회q2/top_국류_냉면기_물회_Q2_00022.JPG</path>
	<source>
		<database>fooddata</database>
	</source>
	<size>
		<width>3008</width>
		<height>2000</height>
		<depth>3</depth>
	</size>
	<object>
		<name>ref_spoon</name>
		<bndbox>
			<xmin>777</xmin>
			<ymin>1548</ymin>
			<xmax>1124</xmax>
			<ymax>1782</ymax>
		</bndbox>
	</object>
	<object>
		<name>ref_fork</name>
		<bndbox>
			<xmin>816</xmin>
			<ymin>1339</ymin>
			<xmax>1188</xmax>
			<ymax>1484</ymax>
		</bndbox>
	</object>
	<object>
		<name>ref_coin</name>
		<bndbox>
			<xmin>2072</xmin>
			<ymin>551</ymin>
			<xmax>2228</xmax>
			<ymax>714</ymax>
		</bndbox>
	</object>
	<object>
		<name>dish</name>
		<bndbox>
			<xmin>979</xmin>
			<ymin>147</ymin>
			<xmax>2072</xmax>
			<ymax>1222</ymax>
		</bndbox>
	</object>
	<object>
		<name>물회</name>
		<bndbox>
			<xmin>1135</xmin>
			<ymin>331</ymin>
			<xmax>1873</xmax>
			<ymax>1119</ymax>
		</bndbox>
	</object>
</annotation>