<annotation>
	<folder>top국류냉면기물회q2</folder>
	<filename>top_국류_냉면기_물회_Q2_00013.JPG</filename>
	<path>/top국류냉면기물회q2/top_국류_냉면기_물회_Q2_00013.JPG</path>
	<source>
		<database>fooddata</database>
	</source>
	<size>
		<width>3008</width>
		<height>2000</height>
		<depth>3</depth>
	</size>
	<object>
		<name>ref_spoon</name>
		<bndbox>
			<xmin>1905</xmin>
			<ymin>218</ymin>
			<xmax>2150</xmax>
			<ymax>587</ymax>
		</bndbox>
	</object>
	<object>
		<name>ref_fork</name>
		<bndbox>
			<xmin>2206</xmin>
			<ymin>204</ymin>
			<xmax>2405</xmax>
			<ymax>615</ymax>
		</bndbox>
	</object>
	<object>
		<name>ref_coin</name>
		<bndbox>
			<xmin>1688</xmin>
			<ymin>807</ymin>
			<xmax>1891</xmax>
			<ymax>998</ymax>
		</bndbox>
	</object>
	<object>
		<name>dish</name>
		<bndbox>
			<xmin>351</xmin>
			<ymin>292</ymin>
			<xmax>1703</xmax>
			<ymax>1612</ymax>
		</bndbox>
	</object>
	<object>
		<name>물회</name>
		<bndbox>
			<xmin>568</xmin>
			<ymin>477</ymin>
			<xmax>1529</xmax>
			<ymax>1466</ymax>
		</bndbox>
	</object>
</annotation>