<annotation>
	<folder>top국류냉면기물회q2</folder>
	<filename>top_국류_냉면기_물회_Q2_00033.JPG</filename>
	<path>/top국류냉면기물회q2/top_국류_냉면기_물회_Q2_00033.JPG</path>
	<source>
		<database>fooddata</database>
	</source>
	<size>
		<width>3008</width>
		<height>2000</height>
		<depth>3</depth>
	</size>
	<object>
		<name>ref_spoon</name>
		<bndbox>
			<xmin>826</xmin>
			<ymin>1580</ymin>
			<xmax>1202</xmax>
			<ymax>1835</ymax>
		</bndbox>
	</object>
	<object>
		<name>ref_fork</name>
		<bndbox>
			<xmin>823</xmin>
			<ymin>1317</ymin>
			<xmax>1217</xmax>
			<ymax>1523</ymax>
		</bndbox>
	</object>
	<object>
		<name>ref_coin</name>
		<bndbox>
			<xmin>358</xmin>
			<ymin>1449</ymin>
			<xmax>543</xmax>
			<ymax>1623</ymax>
		</bndbox>
	</object>
	<object>
		<name>dish</name>
		<bndbox>
			<xmin>997</xmin>
			<ymin>62</ymin>
			<xmax>2174</xmax>
			<ymax>1239</ymax>
		</bndbox>
	</object>
	<object>
		<name>물회</name>
		<bndbox>
			<xmin>1121</xmin>
			<ymin>296</ymin>
			<xmax>1940</xmax>
			<ymax>1076</ymax>
		</bndbox>
	</object>
</annotation>