<annotation>
	<folder>top국류냉면기물회q2</folder>
	<filename>top_국류_냉면기_물회_Q2_00008.JPG</filename>
	<path>/top국류냉면기물회q2/top_국류_냉면기_물회_Q2_00008.JPG</path>
	<source>
		<database>fooddata</database>
	</source>
	<size>
		<width>3008</width>
		<height>2000</height>
		<depth>3</depth>
	</size>
	<object>
		<name>ref_spoon</name>
		<bndbox>
			<xmin>1979</xmin>
			<ymin>221</ymin>
			<xmax>2231</xmax>
			<ymax>594</ymax>
		</bndbox>
	</object>
	<object>
		<name>ref_fork</name>
		<bndbox>
			<xmin>2316</xmin>
			<ymin>225</ymin>
			<xmax>2504</xmax>
			<ymax>647</ymax>
		</bndbox>
	</object>
	<object>
		<name>ref_coin</name>
		<bndbox>
			<xmin>376</xmin>
			<ymin>161</ymin>
			<xmax>578</xmax>
			<ymax>360</ymax>
		</bndbox>
	</object>
	<object>
		<name>dish</name>
		<bndbox>
			<xmin>550</xmin>
			<ymin>392</ymin>
			<xmax>1951</xmax>
			<ymax>1764</ymax>
		</bndbox>
	</object>
	<object>
		<name>물회</name>
		<bndbox>
			<xmin>759</xmin>
			<ymin>576</ymin>
			<xmax>1766</xmax>
			<ymax>1566</ymax>
		</bndbox>
	</object>
</annotation>