<annotation>
	<folder>top국류냉면기물회q2</folder>
	<filename>top_국류_냉면기_물회_Q2_00004.JPG</filename>
	<path>/top국류냉면기물회q2/top_국류_냉면기_물회_Q2_00004.JPG</path>
	<source>
		<database>fooddata</database>
	</source>
	<size>
		<width>3008</width>
		<height>2000</height>
		<depth>3</depth>
	</size>
	<object>
		<name>ref_spoon</name>
		<bndbox>
			<xmin>1937</xmin>
			<ymin>243</ymin>
			<xmax>2185</xmax>
			<ymax>619</ymax>
		</bndbox>
	</object>
	<object>
		<name>ref_fork</name>
		<bndbox>
			<xmin>2263</xmin>
			<ymin>253</ymin>
			<xmax>2451</xmax>
			<ymax>668</ymax>
		</bndbox>
	</object>
	<object>
		<name>ref_coin</name>
		<bndbox>
			<xmin>795</xmin>
			<ymin>1605</ymin>
			<xmax>1000</xmax>
			<ymax>1782</ymax>
		</bndbox>
	</object>
	<object>
		<name>dish</name>
		<bndbox>
			<xmin>592</xmin>
			<ymin>221</ymin>
			<xmax>1972</xmax>
			<ymax>1569</ymax>
		</bndbox>
	</object>
	<object>
		<name>물회</name>
		<bndbox>
			<xmin>787</xmin>
			<ymin>477</ymin>
			<xmax>1766</xmax>
			<ymax>1420</ymax>
		</bndbox>
	</object>
</annotation>