<annotation>
	<folder>top국류냉면기물회q2</folder>
	<filename>top_국류_냉면기_물회_Q2_00007.JPG</filename>
	<path>/top국류냉면기물회q2/top_국류_냉면기_물회_Q2_00007.JPG</path>
	<source>
		<database>fooddata</database>
	</source>
	<size>
		<width>3008</width>
		<height>2000</height>
		<depth>3</depth>
	</size>
	<object>
		<name>ref_spoon</name>
		<bndbox>
			<xmin>1990</xmin>
			<ymin>236</ymin>
			<xmax>2238</xmax>
			<ymax>619</ymax>
		</bndbox>
	</object>
	<object>
		<name>ref_fork</name>
		<bndbox>
			<xmin>2323</xmin>
			<ymin>264</ymin>
			<xmax>2497</xmax>
			<ymax>658</ymax>
		</bndbox>
	</object>
	<object>
		<name>ref_coin</name>
		<bndbox>
			<xmin>195</xmin>
			<ymin>604</ymin>
			<xmax>429</xmax>
			<ymax>796</ymax>
		</bndbox>
	</object>
	<object>
		<name>dish</name>
		<bndbox>
			<xmin>656</xmin>
			<ymin>282</ymin>
			<xmax>2043</xmax>
			<ymax>1654</ymax>
		</bndbox>
	</object>
	<object>
		<name>물회</name>
		<bndbox>
			<xmin>837</xmin>
			<ymin>466</ymin>
			<xmax>1788</xmax>
			<ymax>1424</ymax>
		</bndbox>
	</object>
</annotation>