<annotation>
	<folder>side국류원형배달육개장q4</folder>
	<filename>side_국류_원형배달_육개장_Q4_00057.JPG</filename>
	<path>/side국류원형배달육개장q4/side_국류_원형배달_육개장_Q4_00057.JPG</path>
	<source>
		<database>fooddata</database>
	</source>
	<size>
		<width>3008</width>
		<height>2000</height>
		<depth>3</depth>
	</size>
	<object>
		<name>ref_spoon</name>
		<bndbox>
			<xmin>415</xmin>
			<ymin>272</ymin>
			<xmax>698</xmax>
			<ymax>650</ymax>
		</bndbox>
	</object>
	<object>
		<name>ref_fork</name>
		<bndbox>
			<xmin>760</xmin>
			<ymin>316</ymin>
			<xmax>952</xmax>
			<ymax>744</ymax>
		</bndbox>
	</object>
	<object>
		<name>ref_coin</name>
		<bndbox>
			<xmin>2408</xmin>
			<ymin>1525</ymin>
			<xmax>2640</xmax>
			<ymax>1710</ymax>
		</bndbox>
	</object>
	<object>
		<name>dish</name>
		<bndbox>
			<xmin>1152</xmin>
			<ymin>87</ymin>
			<xmax>2568</xmax>
			<ymax>1361</ymax>
		</bndbox>
	</object>
	<object>
		<name>육개장</name>
		<bndbox>
			<xmin>1228</xmin>
			<ymin>356</ymin>
			<xmax>2459</xmax>
			<ymax>1013</ymax>
		</bndbox>
	</object>
</annotation>