<annotation>
	<folder>side국류원형배달육개장q4</folder>
	<filename>side_국류_원형배달_육개장_Q4_00010.JPG</filename>
	<path>/side국류원형배달육개장q4/side_국류_원형배달_육개장_Q4_00010.JPG</path>
	<source>
		<database>fooddata</database>
	</source>
	<size>
		<width>3008</width>
		<height>2000</height>
		<depth>3</depth>
	</size>
	<object>
		<name>ref_spoon</name>
		<bndbox>
			<xmin>2157</xmin>
			<ymin>701</ymin>
			<xmax>2433</xmax>
			<ymax>1071</ymax>
		</bndbox>
	</object>
	<object>
		<name>ref_fork</name>
		<bndbox>
			<xmin>2538</xmin>
			<ymin>770</ymin>
			<xmax>2727</xmax>
			<ymax>1191</ymax>
		</bndbox>
	</object>
	<object>
		<name>ref_coin</name>
		<bndbox>
			<xmin>517</xmin>
			<ymin>352</ymin>
			<xmax>713</xmax>
			<ymax>490</ymax>
		</bndbox>
	</object>
	<object>
		<name>dish</name>
		<bndbox>
			<xmin>517</xmin>
			<ymin>461</ymin>
			<xmax>1954</xmax>
			<ymax>1731</ymax>
		</bndbox>
	</object>
	<object>
		<name>육개장</name>
		<bndbox>
			<xmin>604</xmin>
			<ymin>730</ymin>
			<xmax>1852</xmax>
			<ymax>1354</ymax>
		</bndbox>
	</object>
</annotation>