<annotation>
	<folder>side국류원형배달육개장q4</folder>
	<filename>side_국류_원형배달_육개장_Q4_00045.JPG</filename>
	<path>/side국류원형배달육개장q4/side_국류_원형배달_육개장_Q4_00045.JPG</path>
	<source>
		<database>fooddata</database>
	</source>
	<size>
		<width>3008</width>
		<height>2000</height>
		<depth>3</depth>
	</size>
	<object>
		<name>ref_spoon</name>
		<bndbox>
			<xmin>241</xmin>
			<ymin>508</ymin>
			<xmax>520</xmax>
			<ymax>868</ymax>
		</bndbox>
	</object>
	<object>
		<name>ref_fork</name>
		<bndbox>
			<xmin>564</xmin>
			<ymin>534</ymin>
			<xmax>749</xmax>
			<ymax>940</ymax>
		</bndbox>
	</object>
	<object>
		<name>ref_coin</name>
		<bndbox>
			<xmin>2593</xmin>
			<ymin>878</ymin>
			<xmax>2800</xmax>
			<ymax>1034</ymax>
		</bndbox>
	</object>
	<object>
		<name>dish</name>
		<bndbox>
			<xmin>916</xmin>
			<ymin>305</ymin>
			<xmax>2303</xmax>
			<ymax>1543</ymax>
		</bndbox>
	</object>
	<object>
		<name>육개장</name>
		<bndbox>
			<xmin>999</xmin>
			<ymin>544</ymin>
			<xmax>2194</xmax>
			<ymax>1198</ymax>
		</bndbox>
	</object>
</annotation>