<annotation>
	<folder>side국류원형배달육개장q4</folder>
	<filename>side_국류_원형배달_육개장_Q4_00042.JPG</filename>
	<path>/side국류원형배달육개장q4/side_국류_원형배달_육개장_Q4_00042.JPG</path>
	<source>
		<database>fooddata</database>
	</source>
	<size>
		<width>3008</width>
		<height>2000</height>
		<depth>3</depth>
	</size>
	<object>
		<name>ref_spoon</name>
		<bndbox>
			<xmin>288</xmin>
			<ymin>377</ymin>
			<xmax>568</xmax>
			<ymax>744</ymax>
		</bndbox>
	</object>
	<object>
		<name>ref_fork</name>
		<bndbox>
			<xmin>626</xmin>
			<ymin>410</ymin>
			<xmax>822</xmax>
			<ymax>835</ymax>
		</bndbox>
	</object>
	<object>
		<name>ref_coin</name>
		<bndbox>
			<xmin>2303</xmin>
			<ymin>1426</ymin>
			<xmax>2535</xmax>
			<ymax>1612</ymax>
		</bndbox>
	</object>
	<object>
		<name>dish</name>
		<bndbox>
			<xmin>989</xmin>
			<ymin>156</ymin>
			<xmax>2426</xmax>
			<ymax>1434</ymax>
		</bndbox>
	</object>
	<object>
		<name>육개장</name>
		<bndbox>
			<xmin>1083</xmin>
			<ymin>414</ymin>
			<xmax>2313</xmax>
			<ymax>1085</ymax>
		</bndbox>
	</object>
</annotation>