<annotation>
	<folder>side국류원형배달육개장q4</folder>
	<filename>side_국류_원형배달_육개장_Q4_00034.JPG</filename>
	<path>/side국류원형배달육개장q4/side_국류_원형배달_육개장_Q4_00034.JPG</path>
	<source>
		<database>fooddata</database>
	</source>
	<size>
		<width>3008</width>
		<height>2000</height>
		<depth>3</depth>
	</size>
	<object>
		<name>ref_spoon</name>
		<bndbox>
			<xmin>528</xmin>
			<ymin>1550</ymin>
			<xmax>981</xmax>
			<ymax>1789</ymax>
		</bndbox>
	</object>
	<object>
		<name>ref_fork</name>
		<bndbox>
			<xmin>589</xmin>
			<ymin>1310</ymin>
			<xmax>1058</xmax>
			<ymax>1535</ymax>
		</bndbox>
	</object>
	<object>
		<name>ref_coin</name>
		<bndbox>
			<xmin>2288</xmin>
			<ymin>1332</ymin>
			<xmax>2499</xmax>
			<ymax>1503</ymax>
		</bndbox>
	</object>
	<object>
		<name>dish</name>
		<bndbox>
			<xmin>807</xmin>
			<ymin>65</ymin>
			<xmax>2070</xmax>
			<ymax>1165</ymax>
		</bndbox>
	</object>
	<object>
		<name>육개장</name>
		<bndbox>
			<xmin>883</xmin>
			<ymin>301</ymin>
			<xmax>1983</xmax>
			<ymax>838</ymax>
		</bndbox>
	</object>
</annotation>