<annotation>
	<folder>side국류원형배달육개장q4</folder>
	<filename>side_국류_원형배달_육개장_Q4_00016.JPG</filename>
	<path>/side국류원형배달육개장q4/side_국류_원형배달_육개장_Q4_00016.JPG</path>
	<source>
		<database>fooddata</database>
	</source>
	<size>
		<width>3008</width>
		<height>2000</height>
		<depth>3</depth>
	</size>
	<object>
		<name>ref_spoon</name>
		<bndbox>
			<xmin>2103</xmin>
			<ymin>784</ymin>
			<xmax>2375</xmax>
			<ymax>1151</ymax>
		</bndbox>
	</object>
	<object>
		<name>ref_fork</name>
		<bndbox>
			<xmin>2480</xmin>
			<ymin>857</ymin>
			<xmax>2676</xmax>
			<ymax>1274</ymax>
		</bndbox>
	</object>
	<object>
		<name>ref_coin</name>
		<bndbox>
			<xmin>2085</xmin>
			<ymin>588</ymin>
			<xmax>2288</xmax>
			<ymax>726</ymax>
		</bndbox>
	</object>
	<object>
		<name>dish</name>
		<bndbox>
			<xmin>448</xmin>
			<ymin>526</ymin>
			<xmax>1889</xmax>
			<ymax>1797</ymax>
		</bndbox>
	</object>
	<object>
		<name>육개장</name>
		<bndbox>
			<xmin>538</xmin>
			<ymin>799</ymin>
			<xmax>1773</xmax>
			<ymax>1419</ymax>
		</bndbox>
	</object>
</annotation>