<annotation>
	<folder>side국류원형배달육개장q4</folder>
	<filename>side_국류_원형배달_육개장_Q4_00023.JPG</filename>
	<path>/side국류원형배달육개장q4/side_국류_원형배달_육개장_Q4_00023.JPG</path>
	<source>
		<database>fooddata</database>
	</source>
	<size>
		<width>3008</width>
		<height>2000</height>
		<depth>3</depth>
	</size>
	<object>
		<name>ref_spoon</name>
		<bndbox>
			<xmin>597</xmin>
			<ymin>1564</ymin>
			<xmax>1054</xmax>
			<ymax>1829</ymax>
		</bndbox>
	</object>
	<object>
		<name>ref_fork</name>
		<bndbox>
			<xmin>666</xmin>
			<ymin>1314</ymin>
			<xmax>1156</xmax>
			<ymax>1564</ymax>
		</bndbox>
	</object>
	<object>
		<name>ref_coin</name>
		<bndbox>
			<xmin>582</xmin>
			<ymin>200</ymin>
			<xmax>767</xmax>
			<ymax>330</ymax>
		</bndbox>
	</object>
	<object>
		<name>dish</name>
		<bndbox>
			<xmin>901</xmin>
			<ymin>185</ymin>
			<xmax>2223</xmax>
			<ymax>1361</ymax>
		</bndbox>
	</object>
	<object>
		<name>육개장</name>
		<bndbox>
			<xmin>974</xmin>
			<ymin>421</ymin>
			<xmax>2110</xmax>
			<ymax>1031</ymax>
		</bndbox>
	</object>
</annotation>