<annotation>
	<folder>side국류원형배달육개장q4</folder>
	<filename>side_국류_원형배달_육개장_Q4_00021.JPG</filename>
	<path>/side국류원형배달육개장q4/side_국류_원형배달_육개장_Q4_00021.JPG</path>
	<source>
		<database>fooddata</database>
	</source>
	<size>
		<width>3008</width>
		<height>2000</height>
		<depth>3</depth>
	</size>
	<object>
		<name>ref_spoon</name>
		<bndbox>
			<xmin>589</xmin>
			<ymin>1564</ymin>
			<xmax>1032</xmax>
			<ymax>1837</ymax>
		</bndbox>
	</object>
	<object>
		<name>ref_fork</name>
		<bndbox>
			<xmin>676</xmin>
			<ymin>1307</ymin>
			<xmax>1148</xmax>
			<ymax>1568</ymax>
		</bndbox>
	</object>
	<object>
		<name>ref_coin</name>
		<bndbox>
			<xmin>357</xmin>
			<ymin>748</ymin>
			<xmax>564</xmax>
			<ymax>907</ymax>
		</bndbox>
	</object>
	<object>
		<name>dish</name>
		<bndbox>
			<xmin>916</xmin>
			<ymin>171</ymin>
			<xmax>2215</xmax>
			<ymax>1347</ymax>
		</bndbox>
	</object>
	<object>
		<name>육개장</name>
		<bndbox>
			<xmin>985</xmin>
			<ymin>421</ymin>
			<xmax>2103</xmax>
			<ymax>1020</ymax>
		</bndbox>
	</object>
</annotation>