<annotation>
	<folder>top국류원형배달육개장q4</folder>
	<filename>top_국류_원형배달_육개장_Q4_00036.JPG</filename>
	<path>/top국류원형배달육개장q4/top_국류_원형배달_육개장_Q4_00036.JPG</path>
	<source>
		<database>fooddata</database>
	</source>
	<size>
		<width>3008</width>
		<height>2000</height>
		<depth>3</depth>
	</size>
	<object>
		<name>ref_spoon</name>
		<bndbox>
			<xmin>589</xmin>
			<ymin>205</ymin>
			<xmax>864</xmax>
			<ymax>596</ymax>
		</bndbox>
	</object>
	<object>
		<name>ref_fork</name>
		<bndbox>
			<xmin>925</xmin>
			<ymin>230</ymin>
			<xmax>1128</xmax>
			<ymax>662</ymax>
		</bndbox>
	</object>
	<object>
		<name>ref_coin</name>
		<bndbox>
			<xmin>1275</xmin>
			<ymin>1475</ymin>
			<xmax>1479</xmax>
			<ymax>1673</ymax>
		</bndbox>
	</object>
	<object>
		<name>dish</name>
		<bndbox>
			<xmin>1174</xmin>
			<ymin>144</ymin>
			<xmax>2490</xmax>
			<ymax>1445</ymax>
		</bndbox>
	</object>
	<object>
		<name>육개장</name>
		<bndbox>
			<xmin>1235</xmin>
			<ymin>281</ymin>
			<xmax>2337</xmax>
			<ymax>1394</ymax>
		</bndbox>
	</object>
</annotation>