<annotation>
	<folder>top국류원형배달육개장q4</folder>
	<filename>top_국류_원형배달_육개장_Q4_00019.JPG</filename>
	<path>/top국류원형배달육개장q4/top_국류_원형배달_육개장_Q4_00019.JPG</path>
	<source>
		<database>fooddata</database>
	</source>
	<size>
		<width>3008</width>
		<height>2000</height>
		<depth>3</depth>
	</size>
	<object>
		<name>ref_spoon</name>
		<bndbox>
			<xmin>711</xmin>
			<ymin>1587</ymin>
			<xmax>1103</xmax>
			<ymax>1836</ymax>
		</bndbox>
	</object>
	<object>
		<name>ref_fork</name>
		<bndbox>
			<xmin>798</xmin>
			<ymin>1318</ymin>
			<xmax>1199</xmax>
			<ymax>1506</ymax>
		</bndbox>
	</object>
	<object>
		<name>ref_coin</name>
		<bndbox>
			<xmin>1799</xmin>
			<ymin>1124</ymin>
			<xmax>1982</xmax>
			<ymax>1282</ymax>
		</bndbox>
	</object>
	<object>
		<name>dish</name>
		<bndbox>
			<xmin>843</xmin>
			<ymin>108</ymin>
			<xmax>1977</xmax>
			<ymax>1201</ymax>
		</bndbox>
	</object>
	<object>
		<name>육개장</name>
		<bndbox>
			<xmin>920</xmin>
			<ymin>245</ymin>
			<xmax>1860</xmax>
			<ymax>1170</ymax>
		</bndbox>
	</object>
</annotation>