<annotation>
	<folder>top국류원형배달육개장q4</folder>
	<filename>top_국류_원형배달_육개장_Q4_00029.JPG</filename>
	<path>/top국류원형배달육개장q4/top_국류_원형배달_육개장_Q4_00029.JPG</path>
	<source>
		<database>fooddata</database>
	</source>
	<size>
		<width>3008</width>
		<height>2000</height>
		<depth>3</depth>
	</size>
	<object>
		<name>ref_spoon</name>
		<bndbox>
			<xmin>904</xmin>
			<ymin>1648</ymin>
			<xmax>1230</xmax>
			<ymax>1871</ymax>
		</bndbox>
	</object>
	<object>
		<name>ref_fork</name>
		<bndbox>
			<xmin>1001</xmin>
			<ymin>1409</ymin>
			<xmax>1336</xmax>
			<ymax>1582</ymax>
		</bndbox>
	</object>
	<object>
		<name>ref_coin</name>
		<bndbox>
			<xmin>1204</xmin>
			<ymin>93</ymin>
			<xmax>1352</xmax>
			<ymax>235</ymax>
		</bndbox>
	</object>
	<object>
		<name>dish</name>
		<bndbox>
			<xmin>1067</xmin>
			<ymin>423</ymin>
			<xmax>2063</xmax>
			<ymax>1394</ymax>
		</bndbox>
	</object>
	<object>
		<name>육개장</name>
		<bndbox>
			<xmin>1143</xmin>
			<ymin>530</ymin>
			<xmax>1982</xmax>
			<ymax>1363</ymax>
		</bndbox>
	</object>
</annotation>