<annotation>
	<folder>top국류원형배달육개장q4</folder>
	<filename>top_국류_원형배달_육개장_Q4_00030.JPG</filename>
	<path>/top국류원형배달육개장q4/top_국류_원형배달_육개장_Q4_00030.JPG</path>
	<source>
		<database>fooddata</database>
	</source>
	<size>
		<width>3008</width>
		<height>2000</height>
		<depth>3</depth>
	</size>
	<object>
		<name>ref_spoon</name>
		<bndbox>
			<xmin>727</xmin>
			<ymin>1628</ymin>
			<xmax>1118</xmax>
			<ymax>1876</ymax>
		</bndbox>
	</object>
	<object>
		<name>ref_fork</name>
		<bndbox>
			<xmin>833</xmin>
			<ymin>1363</ymin>
			<xmax>1225</xmax>
			<ymax>1551</ymax>
		</bndbox>
	</object>
	<object>
		<name>ref_coin</name>
		<bndbox>
			<xmin>823</xmin>
			<ymin>134</ymin>
			<xmax>996</xmax>
			<ymax>306</ymax>
		</bndbox>
	</object>
	<object>
		<name>dish</name>
		<bndbox>
			<xmin>965</xmin>
			<ymin>169</ymin>
			<xmax>2129</xmax>
			<ymax>1292</ymax>
		</bndbox>
	</object>
	<object>
		<name>육개장</name>
		<bndbox>
			<xmin>1057</xmin>
			<ymin>306</ymin>
			<xmax>2002</xmax>
			<ymax>1257</ymax>
		</bndbox>
	</object>
</annotation>