<annotation>
	<folder>top국류원형배달육개장q4</folder>
	<filename>top_국류_원형배달_육개장_Q4_00018.JPG</filename>
	<path>/top국류원형배달육개장q4/top_국류_원형배달_육개장_Q4_00018.JPG</path>
	<source>
		<database>fooddata</database>
	</source>
	<size>
		<width>3008</width>
		<height>2000</height>
		<depth>3</depth>
	</size>
	<object>
		<name>ref_spoon</name>
		<bndbox>
			<xmin>1900</xmin>
			<ymin>124</ymin>
			<xmax>2154</xmax>
			<ymax>530</ymax>
		</bndbox>
	</object>
	<object>
		<name>ref_fork</name>
		<bndbox>
			<xmin>2195</xmin>
			<ymin>266</ymin>
			<xmax>2408</xmax>
			<ymax>677</ymax>
		</bndbox>
	</object>
	<object>
		<name>ref_coin</name>
		<bndbox>
			<xmin>1382</xmin>
			<ymin>1688</ymin>
			<xmax>1585</xmax>
			<ymax>1892</ymax>
		</bndbox>
	</object>
	<object>
		<name>dish</name>
		<bndbox>
			<xmin>457</xmin>
			<ymin>179</ymin>
			<xmax>1789</xmax>
			<ymax>1475</ymax>
		</bndbox>
	</object>
	<object>
		<name>육개장</name>
		<bndbox>
			<xmin>569</xmin>
			<ymin>317</ymin>
			<xmax>1667</xmax>
			<ymax>1429</ymax>
		</bndbox>
	</object>
</annotation>