<annotation>
	<folder>side비빔밥덮밥류접시류산슬덮밥q2</folder>
	<filename>side_비빔밥덮밥류_접시_류산슬덮밥_Q2_00008.JPG</filename>
	<path>/side비빔밥덮밥류접시류산슬덮밥q2/side_비빔밥덮밥류_접시_류산슬덮밥_Q2_00008.JPG</path>
	<source>
		<database>fooddata</database>
	</source>
	<size>
		<width>3008</width>
		<height>2000</height>
		<depth>3</depth>
	</size>
	<object>
		<name>ref_spoon</name>
		<bndbox>
			<xmin>1958</xmin>
			<ymin>713</ymin>
			<xmax>2258</xmax>
			<ymax>1137</ymax>
		</bndbox>
	</object>
	<object>
		<name>ref_fork</name>
		<bndbox>
			<xmin>2398</xmin>
			<ymin>741</ymin>
			<xmax>2613</xmax>
			<ymax>1212</ymax>
		</bndbox>
	</object>
	<object>
		<name>ref_coin</name>
		<bndbox>
			<xmin>1490</xmin>
			<ymin>348</ymin>
			<xmax>1688</xmax>
			<ymax>481</ymax>
		</bndbox>
	</object>
	<object>
		<name>dish</name>
		<bndbox>
			<xmin>200</xmin>
			<ymin>430</ymin>
			<xmax>1634</xmax>
			<ymax>1758</ymax>
		</bndbox>
	</object>
	<object>
		<name>류산슬덮밥</name>
		<bndbox>
			<xmin>327</xmin>
			<ymin>635</ymin>
			<xmax>1374</xmax>
			<ymax>1304</ymax>
		</bndbox>
	</object>
</annotation>