<annotation>
	<folder>side비빔밥덮밥류접시류산슬덮밥q2</folder>
	<filename>side_비빔밥덮밥류_접시_류산슬덮밥_Q2_00015.JPG</filename>
	<path>/side비빔밥덮밥류접시류산슬덮밥q2/side_비빔밥덮밥류_접시_류산슬덮밥_Q2_00015.JPG</path>
	<source>
		<database>fooddata</database>
	</source>
	<size>
		<width>3008</width>
		<height>2000</height>
		<depth>3</depth>
	</size>
	<object>
		<name>ref_spoon</name>
		<bndbox>
			<xmin>1606</xmin>
			<ymin>430</ymin>
			<xmax>1886</xmax>
			<ymax>823</ymax>
		</bndbox>
	</object>
	<object>
		<name>ref_fork</name>
		<bndbox>
			<xmin>2019</xmin>
			<ymin>447</ymin>
			<xmax>2234</xmax>
			<ymax>891</ymax>
		</bndbox>
	</object>
	<object>
		<name>ref_coin</name>
		<bndbox>
			<xmin>1231</xmin>
			<ymin>1642</ymin>
			<xmax>1466</xmax>
			<ymax>1816</ymax>
		</bndbox>
	</object>
	<object>
		<name>dish</name>
		<bndbox>
			<xmin>23</xmin>
			<ymin>198</ymin>
			<xmax>1405</xmax>
			<ymax>1478</ymax>
		</bndbox>
	</object>
	<object>
		<name>류산슬덮밥</name>
		<bndbox>
			<xmin>289</xmin>
			<ymin>522</ymin>
			<xmax>1299</xmax>
			<ymax>1041</ymax>
		</bndbox>
	</object>
</annotation>