<annotation>
	<folder>side비빔밥덮밥류접시류산슬덮밥q2</folder>
	<filename>side_비빔밥덮밥류_접시_류산슬덮밥_Q2_00026.JPG</filename>
	<path>/side비빔밥덮밥류접시류산슬덮밥q2/side_비빔밥덮밥류_접시_류산슬덮밥_Q2_00026.JPG</path>
	<source>
		<database>fooddata</database>
	</source>
	<size>
		<width>3008</width>
		<height>2000</height>
		<depth>3</depth>
	</size>
	<object>
		<name>ref_spoon</name>
		<bndbox>
			<xmin>490</xmin>
			<ymin>1519</ymin>
			<xmax>978</xmax>
			<ymax>1765</ymax>
		</bndbox>
	</object>
	<object>
		<name>ref_fork</name>
		<bndbox>
			<xmin>559</xmin>
			<ymin>1280</ymin>
			<xmax>1084</xmax>
			<ymax>1519</ymax>
		</bndbox>
	</object>
	<object>
		<name>ref_coin</name>
		<bndbox>
			<xmin>2453</xmin>
			<ymin>1631</ymin>
			<xmax>2661</xmax>
			<ymax>1788</ymax>
		</bndbox>
	</object>
	<object>
		<name>dish</name>
		<bndbox>
			<xmin>804</xmin>
			<ymin>181</ymin>
			<xmax>2043</xmax>
			<ymax>1304</ymax>
		</bndbox>
	</object>
	<object>
		<name>류산슬덮밥</name>
		<bndbox>
			<xmin>890</xmin>
			<ymin>509</ymin>
			<xmax>1907</xmax>
			<ymax>887</ymax>
		</bndbox>
	</object>
</annotation>