<annotation>
	<folder>side비빔밥덮밥류접시류산슬덮밥q2</folder>
	<filename>side_비빔밥덮밥류_접시_류산슬덮밥_Q2_00010.JPG</filename>
	<path>/side비빔밥덮밥류접시류산슬덮밥q2/side_비빔밥덮밥류_접시_류산슬덮밥_Q2_00010.JPG</path>
	<source>
		<database>fooddata</database>
	</source>
	<size>
		<width>3008</width>
		<height>2000</height>
		<depth>3</depth>
	</size>
	<object>
		<name>ref_spoon</name>
		<bndbox>
			<xmin>1924</xmin>
			<ymin>519</ymin>
			<xmax>2228</xmax>
			<ymax>945</ymax>
		</bndbox>
	</object>
	<object>
		<name>ref_fork</name>
		<bndbox>
			<xmin>2378</xmin>
			<ymin>543</ymin>
			<xmax>2596</xmax>
			<ymax>1017</ymax>
		</bndbox>
	</object>
	<object>
		<name>ref_coin</name>
		<bndbox>
			<xmin>2221</xmin>
			<ymin>276</ymin>
			<xmax>2422</xmax>
			<ymax>410</ymax>
		</bndbox>
	</object>
	<object>
		<name>dish</name>
		<bndbox>
			<xmin>163</xmin>
			<ymin>205</ymin>
			<xmax>1610</xmax>
			<ymax>1529</ymax>
		</bndbox>
	</object>
	<object>
		<name>류산슬덮밥</name>
		<bndbox>
			<xmin>327</xmin>
			<ymin>362</ymin>
			<xmax>1466</xmax>
			<ymax>1072</ymax>
		</bndbox>
	</object>
</annotation>