<annotation>
	<folder>side비빔밥덮밥류접시류산슬덮밥q2</folder>
	<filename>side_비빔밥덮밥류_접시_류산슬덮밥_Q2_00017.JPG</filename>
	<path>/side비빔밥덮밥류접시류산슬덮밥q2/side_비빔밥덮밥류_접시_류산슬덮밥_Q2_00017.JPG</path>
	<source>
		<database>fooddata</database>
	</source>
	<size>
		<width>3008</width>
		<height>2000</height>
		<depth>3</depth>
	</size>
	<object>
		<name>ref_spoon</name>
		<bndbox>
			<xmin>565</xmin>
			<ymin>1642</ymin>
			<xmax>1067</xmax>
			<ymax>1891</ymax>
		</bndbox>
	</object>
	<object>
		<name>ref_fork</name>
		<bndbox>
			<xmin>647</xmin>
			<ymin>1389</ymin>
			<xmax>1180</xmax>
			<ymax>1631</ymax>
		</bndbox>
	</object>
	<object>
		<name>ref_coin</name>
		<bndbox>
			<xmin>371</xmin>
			<ymin>887</ymin>
			<xmax>569</xmax>
			<ymax>1027</ymax>
		</bndbox>
	</object>
	<object>
		<name>dish</name>
		<bndbox>
			<xmin>801</xmin>
			<ymin>215</ymin>
			<xmax>2050</xmax>
			<ymax>1358</ymax>
		</bndbox>
	</object>
	<object>
		<name>류산슬덮밥</name>
		<bndbox>
			<xmin>890</xmin>
			<ymin>444</ymin>
			<xmax>1903</xmax>
			<ymax>976</ymax>
		</bndbox>
	</object>
</annotation>