<annotation>
	<folder>top비빔밥덮밥류접시류산슬덮밥q2</folder>
	<filename>top_비빔밥덮밥류_접시_류산슬덮밥_Q2_00015.JPG</filename>
	<path>/top비빔밥덮밥류접시류산슬덮밥q2/top_비빔밥덮밥류_접시_류산슬덮밥_Q2_00015.JPG</path>
	<source>
		<database>fooddata</database>
	</source>
	<size>
		<width>3008</width>
		<height>2000</height>
		<depth>3</depth>
	</size>
	<object>
		<name>ref_spoon</name>
		<bndbox>
			<xmin>2047</xmin>
			<ymin>422</ymin>
			<xmax>2332</xmax>
			<ymax>918</ymax>
		</bndbox>
	</object>
	<object>
		<name>ref_fork</name>
		<bndbox>
			<xmin>2438</xmin>
			<ymin>566</ymin>
			<xmax>2638</xmax>
			<ymax>1112</ymax>
		</bndbox>
	</object>
	<object>
		<name>ref_coin</name>
		<bndbox>
			<xmin>2485</xmin>
			<ymin>267</ymin>
			<xmax>2682</xmax>
			<ymax>455</ymax>
		</bndbox>
	</object>
	<object>
		<name>dish</name>
		<bndbox>
			<xmin>359</xmin>
			<ymin>518</ymin>
			<xmax>1649</xmax>
			<ymax>1767</ymax>
		</bndbox>
	</object>
	<object>
		<name>류산슬덮밥</name>
		<bndbox>
			<xmin>604</xmin>
			<ymin>658</ymin>
			<xmax>1601</xmax>
			<ymax>1571</ymax>
		</bndbox>
	</object>
</annotation>