<annotation>
	<folder>top비빔밥덮밥류접시류산슬덮밥q2</folder>
	<filename>top_비빔밥덮밥류_접시_류산슬덮밥_Q2_00035.JPG</filename>
	<path>/top비빔밥덮밥류접시류산슬덮밥q2/top_비빔밥덮밥류_접시_류산슬덮밥_Q2_00035.JPG</path>
	<source>
		<database>fooddata</database>
	</source>
	<size>
		<width>3008</width>
		<height>2000</height>
		<depth>3</depth>
	</size>
	<object>
		<name>ref_spoon</name>
		<bndbox>
			<xmin>357</xmin>
			<ymin>136</ymin>
			<xmax>643</xmax>
			<ymax>638</ymax>
		</bndbox>
	</object>
	<object>
		<name>ref_fork</name>
		<bndbox>
			<xmin>712</xmin>
			<ymin>184</ymin>
			<xmax>904</xmax>
			<ymax>738</ymax>
		</bndbox>
	</object>
	<object>
		<name>ref_coin</name>
		<bndbox>
			<xmin>1325</xmin>
			<ymin>1698</ymin>
			<xmax>1535</xmax>
			<ymax>1917</ymax>
		</bndbox>
	</object>
	<object>
		<name>dish</name>
		<bndbox>
			<xmin>1014</xmin>
			<ymin>61</ymin>
			<xmax>2363</xmax>
			<ymax>1389</ymax>
		</bndbox>
	</object>
	<object>
		<name>류산슬덮밥</name>
		<bndbox>
			<xmin>1120</xmin>
			<ymin>228</ymin>
			<xmax>2140</xmax>
			<ymax>1272</ymax>
		</bndbox>
	</object>
</annotation>