<annotation>
	<folder>top비빔밥덮밥류접시류산슬덮밥q2</folder>
	<filename>top_비빔밥덮밥류_접시_류산슬덮밥_Q2_00019.JPG</filename>
	<path>/top비빔밥덮밥류접시류산슬덮밥q2/top_비빔밥덮밥류_접시_류산슬덮밥_Q2_00019.JPG</path>
	<source>
		<database>fooddata</database>
	</source>
	<size>
		<width>3008</width>
		<height>2000</height>
		<depth>3</depth>
	</size>
	<object>
		<name>ref_spoon</name>
		<bndbox>
			<xmin>729</xmin>
			<ymin>1587</ymin>
			<xmax>1178</xmax>
			<ymax>1839</ymax>
		</bndbox>
	</object>
	<object>
		<name>ref_fork</name>
		<bndbox>
			<xmin>786</xmin>
			<ymin>1346</ymin>
			<xmax>1262</xmax>
			<ymax>1509</ymax>
		</bndbox>
	</object>
	<object>
		<name>ref_coin</name>
		<bndbox>
			<xmin>2225</xmin>
			<ymin>1511</ymin>
			<xmax>2404</xmax>
			<ymax>1691</ymax>
		</bndbox>
	</object>
	<object>
		<name>dish</name>
		<bndbox>
			<xmin>925</xmin>
			<ymin>133</ymin>
			<xmax>2033</xmax>
			<ymax>1225</ymax>
		</bndbox>
	</object>
	<object>
		<name>류산슬덮밥</name>
		<bndbox>
			<xmin>1244</xmin>
			<ymin>320</ymin>
			<xmax>1984</xmax>
			<ymax>1186</ymax>
		</bndbox>
	</object>
</annotation>