<annotation>
	<folder>top비빔밥덮밥류접시류산슬덮밥q2</folder>
	<filename>top_비빔밥덮밥류_접시_류산슬덮밥_Q2_00052.JPG</filename>
	<path>/top비빔밥덮밥류접시류산슬덮밥q2/top_비빔밥덮밥류_접시_류산슬덮밥_Q2_00052.JPG</path>
	<source>
		<database>fooddata</database>
	</source>
	<size>
		<width>3008</width>
		<height>2000</height>
		<depth>3</depth>
	</size>
	<object>
		<name>ref_spoon</name>
		<bndbox>
			<xmin>418</xmin>
			<ymin>134</ymin>
			<xmax>704</xmax>
			<ymax>634</ymax>
		</bndbox>
	</object>
	<object>
		<name>ref_fork</name>
		<bndbox>
			<xmin>775</xmin>
			<ymin>154</ymin>
			<xmax>970</xmax>
			<ymax>708</ymax>
		</bndbox>
	</object>
	<object>
		<name>ref_coin</name>
		<bndbox>
			<xmin>2067</xmin>
			<ymin>1716</ymin>
			<xmax>2287</xmax>
			<ymax>1936</ymax>
		</bndbox>
	</object>
	<object>
		<name>dish</name>
		<bndbox>
			<xmin>1169</xmin>
			<ymin>196</ymin>
			<xmax>2544</xmax>
			<ymax>1539</ymax>
		</bndbox>
	</object>
	<object>
		<name>류산슬덮밥</name>
		<bndbox>
			<xmin>1293</xmin>
			<ymin>383</ymin>
			<xmax>2316</xmax>
			<ymax>1488</ymax>
		</bndbox>
	</object>
</annotation>