<annotation>
	<folder>my-project-name</folder>
	<filename>side_국류_뚝배기_전주콩나물국밥_Q1_00041.JPG</filename>
	<path>/side국류뚝배기전주콩나물국밥q1/side_국류_뚝배기_전주콩나물국밥_Q1_00041.JPG</path>
	<source>
		<database>fooddata</database>
	</source>
	<size>
		<width>5472</width>
		<height>3648</height>
		<depth>3</depth>
	</size>
	<object>
		<name>ref_spoon</name>
		<bndbox>
			<xmin>938</xmin>
			<ymin>1185</ymin>
			<xmax>1422</xmax>
			<ymax>1851</ymax>
		</bndbox>
	</object>
	<object>
		<name>ref_fork</name>
		<bndbox>
			<xmin>1634</xmin>
			<ymin>1185</ymin>
			<xmax>1957</xmax>
			<ymax>1927</ymax>
		</bndbox>
	</object>
	<object>
		<name>ref_coin</name>
		<bndbox>
			<xmin>4923</xmin>
			<ymin>2160</ymin>
			<xmax>5298</xmax>
			<ymax>2431</ymax>
		</bndbox>
	</object>
	<object>
		<name>dish</name>
		<bndbox>
			<xmin>2241</xmin>
			<ymin>508</ymin>
			<xmax>4814</xmax>
			<ymax>2682</ymax>
		</bndbox>
	</object>
	<object>
		<name>전주콩나물국밥</name>
		<bndbox>
			<xmin>2651</xmin>
			<ymin>1249</ymin>
			<xmax>4384</xmax>
			<ymax>2022</ymax>
		</bndbox>
	</object>
</annotation>