<annotation>
	<folder>my-project-name</folder>
	<filename>side_국류_뚝배기_전주콩나물국밥_Q1_00017.JPG</filename>
	<path>/side국류뚝배기전주콩나물국밥q1/side_국류_뚝배기_전주콩나물국밥_Q1_00017.JPG</path>
	<source>
		<database>fooddata</database>
	</source>
	<size>
		<width>5472</width>
		<height>3648</height>
		<depth>3</depth>
	</size>
	<object>
		<name>ref_spoon</name>
		<bndbox>
			<xmin>1713</xmin>
			<ymin>2916</ymin>
			<xmax>2552</xmax>
			<ymax>3371</ymax>
		</bndbox>
	</object>
	<object>
		<name>ref_fork</name>
		<bndbox>
			<xmin>1781</xmin>
			<ymin>2421</ymin>
			<xmax>2678</xmax>
			<ymax>2784</ymax>
		</bndbox>
	</object>
	<object>
		<name>ref_coin</name>
		<bndbox>
			<xmin>4081</xmin>
			<ymin>2073</ymin>
			<xmax>4429</xmax>
			<ymax>2335</ymax>
		</bndbox>
	</object>
	<object>
		<name>dish</name>
		<bndbox>
			<xmin>1791</xmin>
			<ymin>272</ymin>
			<xmax>4247</xmax>
			<ymax>2341</ymax>
		</bndbox>
	</object>
	<object>
		<name>전주콩나물국밥</name>
		<bndbox>
			<xmin>2179</xmin>
			<ymin>984</ymin>
			<xmax>3849</xmax>
			<ymax>1685</ymax>
		</bndbox>
	</object>
</annotation>