<annotation>
	<folder>my-project-name</folder>
	<filename>side_국류_뚝배기_전주콩나물국밥_Q1_00010.JPG</filename>
	<path>/side국류뚝배기전주콩나물국밥q1/side_국류_뚝배기_전주콩나물국밥_Q1_00010.JPG</path>
	<source>
		<database>fooddata</database>
	</source>
	<size>
		<width>5472</width>
		<height>3648</height>
		<depth>3</depth>
	</size>
	<object>
		<name>ref_spoon</name>
		<bndbox>
			<xmin>3963</xmin>
			<ymin>1461</ymin>
			<xmax>4439</xmax>
			<ymax>2090</ymax>
		</bndbox>
	</object>
	<object>
		<name>ref_fork</name>
		<bndbox>
			<xmin>4738</xmin>
			<ymin>1420</ymin>
			<xmax>5101</xmax>
			<ymax>2147</ymax>
		</bndbox>
	</object>
	<object>
		<name>ref_coin</name>
		<bndbox>
			<xmin>1501</xmin>
			<ymin>844</ymin>
			<xmax>1832</xmax>
			<ymax>1065</ymax>
		</bndbox>
	</object>
	<object>
		<name>dish</name>
		<bndbox>
			<xmin>1267</xmin>
			<ymin>1033</ymin>
			<xmax>3801</xmax>
			<ymax>3180</ymax>
		</bndbox>
	</object>
	<object>
		<name>전주콩나물국밥</name>
		<bndbox>
			<xmin>1662</xmin>
			<ymin>1751</ymin>
			<xmax>3397</xmax>
			<ymax>2502</ymax>
		</bndbox>
	</object>
</annotation>