<annotation>
	<folder>my-project-name</folder>
	<filename>side_국류_뚝배기_전주콩나물국밥_Q1_00032.JPG</filename>
	<path>/side국류뚝배기전주콩나물국밥q1/side_국류_뚝배기_전주콩나물국밥_Q1_00032.JPG</path>
	<source>
		<database>fooddata</database>
	</source>
	<size>
		<width>5472</width>
		<height>3648</height>
		<depth>3</depth>
	</size>
	<object>
		<name>ref_spoon</name>
		<bndbox>
			<xmin>1735</xmin>
			<ymin>2880</ymin>
			<xmax>2527</xmax>
			<ymax>3299</ymax>
		</bndbox>
	</object>
	<object>
		<name>ref_fork</name>
		<bndbox>
			<xmin>1811</xmin>
			<ymin>2421</ymin>
			<xmax>2623</xmax>
			<ymax>2764</ymax>
		</bndbox>
	</object>
	<object>
		<name>ref_coin</name>
		<bndbox>
			<xmin>1861</xmin>
			<ymin>2154</ymin>
			<xmax>2184</xmax>
			<ymax>2391</ymax>
		</bndbox>
	</object>
	<object>
		<name>dish</name>
		<bndbox>
			<xmin>2194</xmin>
			<ymin>444</ymin>
			<xmax>4439</xmax>
			<ymax>2320</ymax>
		</bndbox>
	</object>
	<object>
		<name>전주콩나물국밥</name>
		<bndbox>
			<xmin>2537</xmin>
			<ymin>1069</ymin>
			<xmax>4066</xmax>
			<ymax>1710</ymax>
		</bndbox>
	</object>
</annotation>