<annotation>
	<folder>my-project-name</folder>
	<filename>side_국류_뚝배기_전주콩나물국밥_Q1_00048.JPG</filename>
	<path>/side국류뚝배기전주콩나물국밥q1/side_국류_뚝배기_전주콩나물국밥_Q1_00048.JPG</path>
	<source>
		<database>fooddata</database>
	</source>
	<size>
		<width>5472</width>
		<height>3648</height>
		<depth>3</depth>
	</size>
	<object>
		<name>ref_spoon</name>
		<bndbox>
			<xmin>726</xmin>
			<ymin>1649</ymin>
			<xmax>1246</xmax>
			<ymax>2371</ymax>
		</bndbox>
	</object>
	<object>
		<name>ref_fork</name>
		<bndbox>
			<xmin>1493</xmin>
			<ymin>1634</ymin>
			<xmax>1841</xmax>
			<ymax>2426</ymax>
		</bndbox>
	</object>
	<object>
		<name>ref_coin</name>
		<bndbox>
			<xmin>3257</xmin>
			<ymin>290</ymin>
			<xmax>3584</xmax>
			<ymax>513</ymax>
		</bndbox>
	</object>
	<object>
		<name>dish</name>
		<bndbox>
			<xmin>2159</xmin>
			<ymin>888</ymin>
			<xmax>4948</xmax>
			<ymax>3264</ymax>
		</bndbox>
	</object>
	<object>
		<name>전주콩나물국밥</name>
		<bndbox>
			<xmin>2583</xmin>
			<ymin>1655</ymin>
			<xmax>4636</xmax>
			<ymax>2542</ymax>
		</bndbox>
	</object>
</annotation>