<annotation>
	<folder>my-project-name</folder>
	<filename>side_국류_뚝배기_전주콩나물국밥_Q1_00028.JPG</filename>
	<path>/side국류뚝배기전주콩나물국밥q1/side_국류_뚝배기_전주콩나물국밥_Q1_00028.JPG</path>
	<source>
		<database>fooddata</database>
	</source>
	<size>
		<width>5472</width>
		<height>3648</height>
		<depth>3</depth>
	</size>
	<object>
		<name>ref_spoon</name>
		<bndbox>
			<xmin>1638</xmin>
			<ymin>2967</ymin>
			<xmax>2469</xmax>
			<ymax>3418</ymax>
		</bndbox>
	</object>
	<object>
		<name>ref_fork</name>
		<bndbox>
			<xmin>1704</xmin>
			<ymin>2483</ymin>
			<xmax>2592</xmax>
			<ymax>2830</ymax>
		</bndbox>
	</object>
	<object>
		<name>ref_coin</name>
		<bndbox>
			<xmin>1263</xmin>
			<ymin>1885</ymin>
			<xmax>1595</xmax>
			<ymax>2136</ymax>
		</bndbox>
	</object>
	<object>
		<name>dish</name>
		<bndbox>
			<xmin>1994</xmin>
			<ymin>233</ymin>
			<xmax>4391</xmax>
			<ymax>2222</ymax>
		</bndbox>
	</object>
	<object>
		<name>전주콩나물국밥</name>
		<bndbox>
			<xmin>2379</xmin>
			<ymin>921</ymin>
			<xmax>3997</xmax>
			<ymax>1571</ymax>
		</bndbox>
	</object>
</annotation>