<annotation>
	<folder>my-project-name</folder>
	<filename>side_국류_뚝배기_전주콩나물국밥_Q1_00014.JPG</filename>
	<path>/side국류뚝배기전주콩나물국밥q1/side_국류_뚝배기_전주콩나물국밥_Q1_00014.JPG</path>
	<source>
		<database>fooddata</database>
	</source>
	<size>
		<width>5472</width>
		<height>3648</height>
		<depth>3</depth>
	</size>
	<object>
		<name>ref_spoon</name>
		<bndbox>
			<xmin>3809</xmin>
			<ymin>1469</ymin>
			<xmax>4294</xmax>
			<ymax>2131</ymax>
		</bndbox>
	</object>
	<object>
		<name>ref_fork</name>
		<bndbox>
			<xmin>4600</xmin>
			<ymin>1453</ymin>
			<xmax>4955</xmax>
			<ymax>2195</ymax>
		</bndbox>
	</object>
	<object>
		<name>ref_coin</name>
		<bndbox>
			<xmin>3325</xmin>
			<ymin>1057</ymin>
			<xmax>3672</xmax>
			<ymax>1283</ymax>
		</bndbox>
	</object>
	<object>
		<name>dish</name>
		<bndbox>
			<xmin>1065</xmin>
			<ymin>1017</ymin>
			<xmax>3664</xmax>
			<ymax>3228</ymax>
		</bndbox>
	</object>
	<object>
		<name>전주콩나물국밥</name>
		<bndbox>
			<xmin>1461</xmin>
			<ymin>1751</ymin>
			<xmax>3262</xmax>
			<ymax>2526</ymax>
		</bndbox>
	</object>
</annotation>