<annotation>
	<folder>my-project-name</folder>
	<filename>side_국류_뚝배기_전주콩나물국밥_Q1_00037.JPG</filename>
	<path>/side국류뚝배기전주콩나물국밥q1/side_국류_뚝배기_전주콩나물국밥_Q1_00037.JPG</path>
	<source>
		<database>fooddata</database>
	</source>
	<size>
		<width>5472</width>
		<height>3648</height>
		<depth>3</depth>
	</size>
	<object>
		<name>ref_spoon</name>
		<bndbox>
			<xmin>1201</xmin>
			<ymin>1225</ymin>
			<xmax>1676</xmax>
			<ymax>1871</ymax>
		</bndbox>
	</object>
	<object>
		<name>ref_fork</name>
		<bndbox>
			<xmin>1890</xmin>
			<ymin>1211</ymin>
			<xmax>2203</xmax>
			<ymax>1946</ymax>
		</bndbox>
	</object>
	<object>
		<name>ref_coin</name>
		<bndbox>
			<xmin>4330</xmin>
			<ymin>3105</ymin>
			<xmax>4719</xmax>
			<ymax>3428</ymax>
		</bndbox>
	</object>
	<object>
		<name>dish</name>
		<bndbox>
			<xmin>2497</xmin>
			<ymin>565</ymin>
			<xmax>5047</xmax>
			<ymax>2725</ymax>
		</bndbox>
	</object>
	<object>
		<name>전주콩나물국밥</name>
		<bndbox>
			<xmin>2886</xmin>
			<ymin>1284</ymin>
			<xmax>4623</xmax>
			<ymax>2064</ymax>
		</bndbox>
	</object>
</annotation>