<annotation>
	<folder>my-project-name</folder>
	<filename>side_국류_뚝배기_전주콩나물국밥_Q1_00043.JPG</filename>
	<path>/side국류뚝배기전주콩나물국밥q1/side_국류_뚝배기_전주콩나물국밥_Q1_00043.JPG</path>
	<source>
		<database>fooddata</database>
	</source>
	<size>
		<width>5472</width>
		<height>3648</height>
		<depth>3</depth>
	</size>
	<object>
		<name>ref_spoon</name>
		<bndbox>
			<xmin>750</xmin>
			<ymin>1002</ymin>
			<xmax>1225</xmax>
			<ymax>1666</ymax>
		</bndbox>
	</object>
	<object>
		<name>ref_fork</name>
		<bndbox>
			<xmin>1453</xmin>
			<ymin>987</ymin>
			<xmax>1785</xmax>
			<ymax>1728</ymax>
		</bndbox>
	</object>
	<object>
		<name>ref_coin</name>
		<bndbox>
			<xmin>4952</xmin>
			<ymin>1320</ymin>
			<xmax>5317</xmax>
			<ymax>1576</ymax>
		</bndbox>
	</object>
	<object>
		<name>dish</name>
		<bndbox>
			<xmin>2065</xmin>
			<ymin>285</ymin>
			<xmax>4643</xmax>
			<ymax>2464</ymax>
		</bndbox>
	</object>
	<object>
		<name>전주콩나물국밥</name>
		<bndbox>
			<xmin>2469</xmin>
			<ymin>1044</ymin>
			<xmax>4263</xmax>
			<ymax>1799</ymax>
		</bndbox>
	</object>
</annotation>