<annotation>
	<folder>my-project-name</folder>
	<filename>side_국류_뚝배기_전주콩나물국밥_Q1_00009.JPG</filename>
	<path>/side국류뚝배기전주콩나물국밥q1/side_국류_뚝배기_전주콩나물국밥_Q1_00009.JPG</path>
	<source>
		<database>fooddata</database>
	</source>
	<size>
		<width>5472</width>
		<height>3648</height>
		<depth>3</depth>
	</size>
	<object>
		<name>ref_spoon</name>
		<bndbox>
			<xmin>3777</xmin>
			<ymin>1073</ymin>
			<xmax>4269</xmax>
			<ymax>1743</ymax>
		</bndbox>
	</object>
	<object>
		<name>ref_fork</name>
		<bndbox>
			<xmin>4592</xmin>
			<ymin>1073</ymin>
			<xmax>4955</xmax>
			<ymax>1824</ymax>
		</bndbox>
	</object>
	<object>
		<name>ref_coin</name>
		<bndbox>
			<xmin>654</xmin>
			<ymin>977</ymin>
			<xmax>1025</xmax>
			<ymax>1227</ymax>
		</bndbox>
	</object>
	<object>
		<name>dish</name>
		<bndbox>
			<xmin>904</xmin>
			<ymin>557</ymin>
			<xmax>3592</xmax>
			<ymax>2825</ymax>
		</bndbox>
	</object>
	<object>
		<name>전주콩나물국밥</name>
		<bndbox>
			<xmin>1321</xmin>
			<ymin>1316</ymin>
			<xmax>3165</xmax>
			<ymax>2115</ymax>
		</bndbox>
	</object>
</annotation>