<annotation>
	<folder>my-project-name</folder>
	<filename>side_국류_뚝배기_전주콩나물국밥_Q1_00044.JPG</filename>
	<path>/side국류뚝배기전주콩나물국밥q1/side_국류_뚝배기_전주콩나물국밥_Q1_00044.JPG</path>
	<source>
		<database>fooddata</database>
	</source>
	<size>
		<width>5472</width>
		<height>3648</height>
		<depth>3</depth>
	</size>
	<object>
		<name>ref_spoon</name>
		<bndbox>
			<xmin>646</xmin>
			<ymin>1347</ymin>
			<xmax>1115</xmax>
			<ymax>1992</ymax>
		</bndbox>
	</object>
	<object>
		<name>ref_fork</name>
		<bndbox>
			<xmin>1332</xmin>
			<ymin>1337</ymin>
			<xmax>1649</xmax>
			<ymax>2038</ymax>
		</bndbox>
	</object>
	<object>
		<name>ref_coin</name>
		<bndbox>
			<xmin>4671</xmin>
			<ymin>1221</ymin>
			<xmax>4989</xmax>
			<ymax>1453</ymax>
		</bndbox>
	</object>
	<object>
		<name>dish</name>
		<bndbox>
			<xmin>1912</xmin>
			<ymin>656</ymin>
			<xmax>4383</xmax>
			<ymax>2749</ymax>
		</bndbox>
	</object>
	<object>
		<name>전주콩나물국밥</name>
		<bndbox>
			<xmin>2305</xmin>
			<ymin>1150</ymin>
			<xmax>4096</xmax>
			<ymax>2098</ymax>
		</bndbox>
	</object>
</annotation>