<annotation>
	<folder>my-project-name</folder>
	<filename>side_국류_뚝배기_전주콩나물국밥_Q1_00019.JPG</filename>
	<path>/side국류뚝배기전주콩나물국밥q1/side_국류_뚝배기_전주콩나물국밥_Q1_00019.JPG</path>
	<source>
		<database>fooddata</database>
	</source>
	<size>
		<width>5472</width>
		<height>3648</height>
		<depth>3</depth>
	</size>
	<object>
		<name>ref_spoon</name>
		<bndbox>
			<xmin>1581</xmin>
			<ymin>3013</ymin>
			<xmax>2421</xmax>
			<ymax>3450</ymax>
		</bndbox>
	</object>
	<object>
		<name>ref_fork</name>
		<bndbox>
			<xmin>1651</xmin>
			<ymin>2514</ymin>
			<xmax>2527</xmax>
			<ymax>2862</ymax>
		</bndbox>
	</object>
	<object>
		<name>ref_coin</name>
		<bndbox>
			<xmin>4543</xmin>
			<ymin>1103</ymin>
			<xmax>4878</xmax>
			<ymax>1327</ymax>
		</bndbox>
	</object>
	<object>
		<name>dish</name>
		<bndbox>
			<xmin>1808</xmin>
			<ymin>355</ymin>
			<xmax>4283</xmax>
			<ymax>2432</ymax>
		</bndbox>
	</object>
	<object>
		<name>전주콩나물국밥</name>
		<bndbox>
			<xmin>2195</xmin>
			<ymin>1065</ymin>
			<xmax>3885</xmax>
			<ymax>1781</ymax>
		</bndbox>
	</object>
</annotation>