<annotation>
	<folder>top국류뚝배기전주콩나물국밥q1</folder>
	<filename>top_국류_뚝배기_전주콩나물국밥_Q1_00014.JPG</filename>
	<path>/top국류뚝배기전주콩나물국밥q1/top_국류_뚝배기_전주콩나물국밥_Q1_00014.JPG</path>
	<source>
		<database>fooddata</database>
	</source>
	<size>
		<width>5472</width>
		<height>3648</height>
		<depth>3</depth>
	</size>
	<object>
		<name>ref_spoon</name>
		<bndbox>
			<xmin>3671</xmin>
			<ymin>1048</ymin>
			<xmax>4100</xmax>
			<ymax>1937</ymax>
		</bndbox>
	</object>
	<object>
		<name>ref_fork</name>
		<bndbox>
			<xmin>4223</xmin>
			<ymin>1067</ymin>
			<xmax>4517</xmax>
			<ymax>2017</ymax>
		</bndbox>
	</object>
	<object>
		<name>ref_coin</name>
		<bndbox>
			<xmin>2114</xmin>
			<ymin>190</ymin>
			<xmax>2439</xmax>
			<ymax>490</ymax>
		</bndbox>
	</object>
	<object>
		<name>dish</name>
		<bndbox>
			<xmin>918</xmin>
			<ymin>797</ymin>
			<xmax>3469</xmax>
			<ymax>3311</ymax>
		</bndbox>
	</object>
	<object>
		<name>전주콩나물국밥</name>
		<bndbox>
			<xmin>1347</xmin>
			<ymin>1269</ymin>
			<xmax>3101</xmax>
			<ymax>2998</ymax>
		</bndbox>
	</object>
</annotation>