<annotation>
	<folder>top국류뚝배기전주콩나물국밥q1</folder>
	<filename>top_국류_뚝배기_전주콩나물국밥_Q1_00021.JPG</filename>
	<path>/top국류뚝배기전주콩나물국밥q1/top_국류_뚝배기_전주콩나물국밥_Q1_00021.JPG</path>
	<source>
		<database>fooddata</database>
	</source>
	<size>
		<width>5472</width>
		<height>3648</height>
		<depth>3</depth>
	</size>
	<object>
		<name>ref_spoon</name>
		<bndbox>
			<xmin>1819</xmin>
			<ymin>2979</ymin>
			<xmax>2659</xmax>
			<ymax>3414</ymax>
		</bndbox>
	</object>
	<object>
		<name>ref_fork</name>
		<bndbox>
			<xmin>1875</xmin>
			<ymin>2538</ymin>
			<xmax>2665</xmax>
			<ymax>2813</ymax>
		</bndbox>
	</object>
	<object>
		<name>ref_coin</name>
		<bndbox>
			<xmin>4119</xmin>
			<ymin>1275</ymin>
			<xmax>4413</xmax>
			<ymax>1557</ymax>
		</bndbox>
	</object>
	<object>
		<name>dish</name>
		<bndbox>
			<xmin>1832</xmin>
			<ymin>171</ymin>
			<xmax>4045</xmax>
			<ymax>2354</ymax>
		</bndbox>
	</object>
	<object>
		<name>전주콩나물국밥</name>
		<bndbox>
			<xmin>2163</xmin>
			<ymin>643</ymin>
			<xmax>3696</xmax>
			<ymax>2108</ymax>
		</bndbox>
	</object>
</annotation>