<annotation>
	<folder>top국류뚝배기전주콩나물국밥q1</folder>
	<filename>top_국류_뚝배기_전주콩나물국밥_Q1_00046.JPG</filename>
	<path>/top국류뚝배기전주콩나물국밥q1/top_국류_뚝배기_전주콩나물국밥_Q1_00046.JPG</path>
	<source>
		<database>fooddata</database>
	</source>
	<size>
		<width>5472</width>
		<height>3648</height>
		<depth>3</depth>
	</size>
	<object>
		<name>ref_spoon</name>
		<bndbox>
			<xmin>930</xmin>
			<ymin>766</ymin>
			<xmax>1402</xmax>
			<ymax>1630</ymax>
		</bndbox>
	</object>
	<object>
		<name>ref_fork</name>
		<bndbox>
			<xmin>1642</xmin>
			<ymin>766</ymin>
			<xmax>1936</xmax>
			<ymax>1728</ymax>
		</bndbox>
	</object>
	<object>
		<name>ref_coin</name>
		<bndbox>
			<xmin>3015</xmin>
			<ymin>159</ymin>
			<xmax>3352</xmax>
			<ymax>478</ymax>
		</bndbox>
	</object>
	<object>
		<name>dish</name>
		<bndbox>
			<xmin>1899</xmin>
			<ymin>649</ymin>
			<xmax>4523</xmax>
			<ymax>3243</ymax>
		</bndbox>
	</object>
	<object>
		<name>전주콩나물국밥</name>
		<bndbox>
			<xmin>2310</xmin>
			<ymin>1146</ymin>
			<xmax>4076</xmax>
			<ymax>2832</ymax>
		</bndbox>
	</object>
</annotation>