<annotation>
	<folder>top국류뚝배기전주콩나물국밥q1</folder>
	<filename>top_국류_뚝배기_전주콩나물국밥_Q1_00003.JPG</filename>
	<path>/top국류뚝배기전주콩나물국밥q1/top_국류_뚝배기_전주콩나물국밥_Q1_00003.JPG</path>
	<source>
		<database>fooddata</database>
	</source>
	<size>
		<width>5472</width>
		<height>3648</height>
		<depth>3</depth>
	</size>
	<object>
		<name>ref_spoon</name>
		<bndbox>
			<xmin>3671</xmin>
			<ymin>521</ymin>
			<xmax>4125</xmax>
			<ymax>1386</ymax>
		</bndbox>
	</object>
	<object>
		<name>ref_fork</name>
		<bndbox>
			<xmin>4333</xmin>
			<ymin>766</ymin>
			<xmax>4634</xmax>
			<ymax>1686</ymax>
		</bndbox>
	</object>
	<object>
		<name>ref_coin</name>
		<bndbox>
			<xmin>2702</xmin>
			<ymin>3053</ymin>
			<xmax>3058</xmax>
			<ymax>3440</ymax>
		</bndbox>
	</object>
	<object>
		<name>dish</name>
		<bndbox>
			<xmin>838</xmin>
			<ymin>196</ymin>
			<xmax>3561</xmax>
			<ymax>2875</ymax>
		</bndbox>
	</object>
	<object>
		<name>전주콩나물국밥</name>
		<bndbox>
			<xmin>1317</xmin>
			<ymin>742</ymin>
			<xmax>3181</xmax>
			<ymax>2532</ymax>
		</bndbox>
	</object>
</annotation>