<annotation>
	<folder>top국류뚝배기전주콩나물국밥q1</folder>
	<filename>top_국류_뚝배기_전주콩나물국밥_Q1_00030.JPG</filename>
	<path>/top국류뚝배기전주콩나물국밥q1/top_국류_뚝배기_전주콩나물국밥_Q1_00030.JPG</path>
	<source>
		<database>fooddata</database>
	</source>
	<size>
		<width>5472</width>
		<height>3648</height>
		<depth>3</depth>
	</size>
	<object>
		<name>ref_spoon</name>
		<bndbox>
			<xmin>1850</xmin>
			<ymin>2905</ymin>
			<xmax>2653</xmax>
			<ymax>3335</ymax>
		</bndbox>
	</object>
	<object>
		<name>ref_fork</name>
		<bndbox>
			<xmin>1868</xmin>
			<ymin>2458</ymin>
			<xmax>2702</xmax>
			<ymax>2740</ymax>
		</bndbox>
	</object>
	<object>
		<name>ref_coin</name>
		<bndbox>
			<xmin>1770</xmin>
			<ymin>1931</ymin>
			<xmax>2077</xmax>
			<ymax>2231</ymax>
		</bndbox>
	</object>
	<object>
		<name>dish</name>
		<bndbox>
			<xmin>1991</xmin>
			<ymin>208</ymin>
			<xmax>4241</xmax>
			<ymax>2452</ymax>
		</bndbox>
	</object>
	<object>
		<name>전주콩나물국밥</name>
		<bndbox>
			<xmin>2322</xmin>
			<ymin>692</ymin>
			<xmax>3873</xmax>
			<ymax>2200</ymax>
		</bndbox>
	</object>
</annotation>