<annotation>
	<folder>top국류뚝배기전주콩나물국밥q1</folder>
	<filename>top_국류_뚝배기_전주콩나물국밥_Q1_00026.JPG</filename>
	<path>/top국류뚝배기전주콩나물국밥q1/top_국류_뚝배기_전주콩나물국밥_Q1_00026.JPG</path>
	<source>
		<database>fooddata</database>
	</source>
	<size>
		<width>5472</width>
		<height>3648</height>
		<depth>3</depth>
	</size>
	<object>
		<name>ref_spoon</name>
		<bndbox>
			<xmin>1856</xmin>
			<ymin>3022</ymin>
			<xmax>2635</xmax>
			<ymax>3427</ymax>
		</bndbox>
	</object>
	<object>
		<name>ref_fork</name>
		<bndbox>
			<xmin>1893</xmin>
			<ymin>2605</ymin>
			<xmax>2598</xmax>
			<ymax>2863</ymax>
		</bndbox>
	</object>
	<object>
		<name>ref_coin</name>
		<bndbox>
			<xmin>2396</xmin>
			<ymin>306</ymin>
			<xmax>2653</xmax>
			<ymax>563</ymax>
		</bndbox>
	</object>
	<object>
		<name>dish</name>
		<bndbox>
			<xmin>2016</xmin>
			<ymin>576</ymin>
			<xmax>4088</xmax>
			<ymax>2617</ymax>
		</bndbox>
	</object>
	<object>
		<name>전주콩나물국밥</name>
		<bndbox>
			<xmin>2322</xmin>
			<ymin>1011</ymin>
			<xmax>3726</xmax>
			<ymax>2390</ymax>
		</bndbox>
	</object>
</annotation>