<annotation>
	<folder>top국류뚝배기전주콩나물국밥q1</folder>
	<filename>top_국류_뚝배기_전주콩나물국밥_Q1_00002.JPG</filename>
	<path>/top국류뚝배기전주콩나물국밥q1/top_국류_뚝배기_전주콩나물국밥_Q1_00002.JPG</path>
	<source>
		<database>fooddata</database>
	</source>
	<size>
		<width>5472</width>
		<height>3648</height>
		<depth>3</depth>
	</size>
	<object>
		<name>ref_spoon</name>
		<bndbox>
			<xmin>3806</xmin>
			<ymin>399</ymin>
			<xmax>4296</xmax>
			<ymax>1306</ymax>
		</bndbox>
	</object>
	<object>
		<name>ref_fork</name>
		<bndbox>
			<xmin>4535</xmin>
			<ymin>619</ymin>
			<xmax>4867</xmax>
			<ymax>1625</ymax>
		</bndbox>
	</object>
	<object>
		<name>ref_coin</name>
		<bndbox>
			<xmin>3364</xmin>
			<ymin>3029</ymin>
			<xmax>3745</xmax>
			<ymax>3421</ymax>
		</bndbox>
	</object>
	<object>
		<name>dish</name>
		<bndbox>
			<xmin>796</xmin>
			<ymin>153</ymin>
			<xmax>3726</xmax>
			<ymax>3047</ymax>
		</bndbox>
	</object>
	<object>
		<name>전주콩나물국밥</name>
		<bndbox>
			<xmin>1274</xmin>
			<ymin>705</ymin>
			<xmax>3279</xmax>
			<ymax>2667</ymax>
		</bndbox>
	</object>
</annotation>