<annotation>
	<folder>top국류뚝배기전주콩나물국밥q1</folder>
	<filename>top_국류_뚝배기_전주콩나물국밥_Q1_00031.JPG</filename>
	<path>/top국류뚝배기전주콩나물국밥q1/top_국류_뚝배기_전주콩나물국밥_Q1_00031.JPG</path>
	<source>
		<database>fooddata</database>
	</source>
	<size>
		<width>5472</width>
		<height>3648</height>
		<depth>3</depth>
	</size>
	<object>
		<name>ref_spoon</name>
		<bndbox>
			<xmin>1917</xmin>
			<ymin>2887</ymin>
			<xmax>2751</xmax>
			<ymax>3322</ymax>
		</bndbox>
	</object>
	<object>
		<name>ref_fork</name>
		<bndbox>
			<xmin>1942</xmin>
			<ymin>2446</ymin>
			<xmax>2727</xmax>
			<ymax>2722</ymax>
		</bndbox>
	</object>
	<object>
		<name>ref_coin</name>
		<bndbox>
			<xmin>1770</xmin>
			<ymin>392</ymin>
			<xmax>2052</xmax>
			<ymax>680</ymax>
		</bndbox>
	</object>
	<object>
		<name>dish</name>
		<bndbox>
			<xmin>2016</xmin>
			<ymin>177</ymin>
			<xmax>4290</xmax>
			<ymax>2427</ymax>
		</bndbox>
	</object>
	<object>
		<name>전주콩나물국밥</name>
		<bndbox>
			<xmin>2347</xmin>
			<ymin>674</ymin>
			<xmax>3916</xmax>
			<ymax>2170</ymax>
		</bndbox>
	</object>
</annotation>