<annotation>
	<folder>top국류뚝배기전주콩나물국밥q1</folder>
	<filename>top_국류_뚝배기_전주콩나물국밥_Q1_00019.JPG</filename>
	<path>/top국류뚝배기전주콩나물국밥q1/top_국류_뚝배기_전주콩나물국밥_Q1_00019.JPG</path>
	<source>
		<database>fooddata</database>
	</source>
	<size>
		<width>5472</width>
		<height>3648</height>
		<depth>3</depth>
	</size>
	<object>
		<name>ref_spoon</name>
		<bndbox>
			<xmin>1746</xmin>
			<ymin>3010</ymin>
			<xmax>2635</xmax>
			<ymax>3451</ymax>
		</bndbox>
	</object>
	<object>
		<name>ref_fork</name>
		<bndbox>
			<xmin>1801</xmin>
			<ymin>2568</ymin>
			<xmax>2586</xmax>
			<ymax>2863</ymax>
		</bndbox>
	</object>
	<object>
		<name>ref_coin</name>
		<bndbox>
			<xmin>3726</xmin>
			<ymin>2151</ymin>
			<xmax>4020</xmax>
			<ymax>2446</ymax>
		</bndbox>
	</object>
	<object>
		<name>dish</name>
		<bndbox>
			<xmin>1672</xmin>
			<ymin>134</ymin>
			<xmax>3873</xmax>
			<ymax>2317</ymax>
		</bndbox>
	</object>
	<object>
		<name>전주콩나물국밥</name>
		<bndbox>
			<xmin>2003</xmin>
			<ymin>637</ymin>
			<xmax>3548</xmax>
			<ymax>2078</ymax>
		</bndbox>
	</object>
</annotation>