<annotation>
	<folder>top국류뚝배기전주콩나물국밥q1</folder>
	<filename>top_국류_뚝배기_전주콩나물국밥_Q1_00017.JPG</filename>
	<path>/top국류뚝배기전주콩나물국밥q1/top_국류_뚝배기_전주콩나물국밥_Q1_00017.JPG</path>
	<source>
		<database>fooddata</database>
	</source>
	<size>
		<width>5472</width>
		<height>3648</height>
		<depth>3</depth>
	</size>
	<object>
		<name>ref_spoon</name>
		<bndbox>
			<xmin>3732</xmin>
			<ymin>698</ymin>
			<xmax>4223</xmax>
			<ymax>1624</ymax>
		</bndbox>
	</object>
	<object>
		<name>ref_fork</name>
		<bndbox>
			<xmin>4358</xmin>
			<ymin>686</ymin>
			<xmax>4695</xmax>
			<ymax>1685</ymax>
		</bndbox>
	</object>
	<object>
		<name>ref_coin</name>
		<bndbox>
			<xmin>3303</xmin>
			<ymin>355</ymin>
			<xmax>3659</xmax>
			<ymax>698</ymax>
		</bndbox>
	</object>
	<object>
		<name>dish</name>
		<bndbox>
			<xmin>765</xmin>
			<ymin>588</ymin>
			<xmax>3585</xmax>
			<ymax>3396</ymax>
		</bndbox>
	</object>
	<object>
		<name>전주콩나물국밥</name>
		<bndbox>
			<xmin>1243</xmin>
			<ymin>1127</ymin>
			<xmax>3187</xmax>
			<ymax>3010</ymax>
		</bndbox>
	</object>
</annotation>