<annotation>
	<folder>top국류뚝배기전주콩나물국밥q1</folder>
	<filename>top_국류_뚝배기_전주콩나물국밥_Q1_00037.JPG</filename>
	<path>/top국류뚝배기전주콩나물국밥q1/top_국류_뚝배기_전주콩나물국밥_Q1_00037.JPG</path>
	<source>
		<database>fooddata</database>
	</source>
	<size>
		<width>5472</width>
		<height>3648</height>
		<depth>3</depth>
	</size>
	<object>
		<name>ref_spoon</name>
		<bndbox>
			<xmin>1108</xmin>
			<ymin>502</ymin>
			<xmax>1580</xmax>
			<ymax>1422</ymax>
		</bndbox>
	</object>
	<object>
		<name>ref_fork</name>
		<bndbox>
			<xmin>1813</xmin>
			<ymin>520</ymin>
			<xmax>2120</xmax>
			<ymax>1538</ymax>
		</bndbox>
	</object>
	<object>
		<name>ref_coin</name>
		<bndbox>
			<xmin>3665</xmin>
			<ymin>3089</ymin>
			<xmax>4020</xmax>
			<ymax>3457</ymax>
		</bndbox>
	</object>
	<object>
		<name>dish</name>
		<bndbox>
			<xmin>2108</xmin>
			<ymin>428</ymin>
			<xmax>4762</xmax>
			<ymax>3046</ymax>
		</bndbox>
	</object>
	<object>
		<name>전주콩나물국밥</name>
		<bndbox>
			<xmin>2488</xmin>
			<ymin>919</ymin>
			<xmax>4284</xmax>
			<ymax>2685</ymax>
		</bndbox>
	</object>
</annotation>