<annotation>
	<folder>top국류뚝배기전주콩나물국밥q1</folder>
	<filename>top_국류_뚝배기_전주콩나물국밥_Q1_00044.JPG</filename>
	<path>/top국류뚝배기전주콩나물국밥q1/top_국류_뚝배기_전주콩나물국밥_Q1_00044.JPG</path>
	<source>
		<database>fooddata</database>
	</source>
	<size>
		<width>5472</width>
		<height>3648</height>
		<depth>3</depth>
	</size>
	<object>
		<name>ref_spoon</name>
		<bndbox>
			<xmin>930</xmin>
			<ymin>661</ymin>
			<xmax>1378</xmax>
			<ymax>1501</ymax>
		</bndbox>
	</object>
	<object>
		<name>ref_fork</name>
		<bndbox>
			<xmin>1617</xmin>
			<ymin>674</ymin>
			<xmax>1917</xmax>
			<ymax>1587</ymax>
		</bndbox>
	</object>
	<object>
		<name>ref_coin</name>
		<bndbox>
			<xmin>3781</xmin>
			<ymin>306</ymin>
			<xmax>4119</xmax>
			<ymax>625</ymax>
		</bndbox>
	</object>
	<object>
		<name>dish</name>
		<bndbox>
			<xmin>1911</xmin>
			<ymin>527</ymin>
			<xmax>4523</xmax>
			<ymax>3120</ymax>
		</bndbox>
	</object>
	<object>
		<name>전주콩나물국밥</name>
		<bndbox>
			<xmin>2310</xmin>
			<ymin>1048</ymin>
			<xmax>4076</xmax>
			<ymax>2771</ymax>
		</bndbox>
	</object>
</annotation>