<annotation>
	<folder>side기타튀김배달종이박스감자튀김(스틱형)q4</folder>
	<filename>side_기타튀김_배달종이박스_감자튀김(스틱형)_Q4_00040.JPG</filename>
	<path>/side기타튀김배달종이박스감자튀김(스틱형)q4/side_기타튀김_배달종이박스_감자튀김(스틱형)_Q4_00040.JPG</path>
	<source>
		<database>fooddata</database>
	</source>
	<size>
		<width>3008</width>
		<height>2000</height>
		<depth>3</depth>
	</size>
	<object>
		<name>ref_spoon</name>
		<bndbox>
			<xmin>498</xmin>
			<ymin>71</ymin>
			<xmax>803</xmax>
			<ymax>432</ymax>
		</bndbox>
	</object>
	<object>
		<name>ref_fork</name>
		<bndbox>
			<xmin>889</xmin>
			<ymin>139</ymin>
			<xmax>1096</xmax>
			<ymax>572</ymax>
		</bndbox>
	</object>
	<object>
		<name>ref_coin</name>
		<bndbox>
			<xmin>540</xmin>
			<ymin>1492</ymin>
			<xmax>798</xmax>
			<ymax>1685</ymax>
		</bndbox>
	</object>
	<object>
		<name>dish</name>
		<bndbox>
			<xmin>1633</xmin>
			<ymin>200</ymin>
			<xmax>2871</xmax>
			<ymax>1280</ymax>
		</bndbox>
	</object>
	<object>
		<name>감자튀김(스틱형)</name>
		<bndbox>
			<xmin>1755</xmin>
			<ymin>327</ymin>
			<xmax>2808</xmax>
			<ymax>1116</ymax>
		</bndbox>
	</object>
</annotation>