<annotation>
	<folder>side기타튀김배달종이박스감자튀김(스틱형)q4</folder>
	<filename>side_기타튀김_배달종이박스_감자튀김(스틱형)_Q4_00042.JPG</filename>
	<path>/side기타튀김배달종이박스감자튀김(스틱형)q4/side_기타튀김_배달종이박스_감자튀김(스틱형)_Q4_00042.JPG</path>
	<source>
		<database>fooddata</database>
	</source>
	<size>
		<width>3008</width>
		<height>2000</height>
		<depth>3</depth>
	</size>
	<object>
		<name>ref_spoon</name>
		<bndbox>
			<xmin>684</xmin>
			<ymin>330</ymin>
			<xmax>947</xmax>
			<ymax>650</ymax>
		</bndbox>
	</object>
	<object>
		<name>ref_fork</name>
		<bndbox>
			<xmin>1025</xmin>
			<ymin>386</ymin>
			<xmax>1206</xmax>
			<ymax>752</ymax>
		</bndbox>
	</object>
	<object>
		<name>ref_coin</name>
		<bndbox>
			<xmin>183</xmin>
			<ymin>1280</ymin>
			<xmax>400</xmax>
			<ymax>1443</ymax>
		</bndbox>
	</object>
	<object>
		<name>dish</name>
		<bndbox>
			<xmin>1721</xmin>
			<ymin>420</ymin>
			<xmax>2815</xmax>
			<ymax>1331</ymax>
		</bndbox>
	</object>
	<object>
		<name>감자튀김(스틱형)</name>
		<bndbox>
			<xmin>1751</xmin>
			<ymin>513</ymin>
			<xmax>2752</xmax>
			<ymax>1192</ymax>
		</bndbox>
	</object>
</annotation>