<annotation>
	<folder>side기타튀김배달종이박스감자튀김(스틱형)q4</folder>
	<filename>side_기타튀김_배달종이박스_감자튀김(스틱형)_Q4_00029.JPG</filename>
	<path>/side기타튀김배달종이박스감자튀김(스틱형)q4/side_기타튀김_배달종이박스_감자튀김(스틱형)_Q4_00029.JPG</path>
	<source>
		<database>fooddata</database>
	</source>
	<size>
		<width>3008</width>
		<height>2000</height>
		<depth>3</depth>
	</size>
	<object>
		<name>ref_spoon</name>
		<bndbox>
			<xmin>320</xmin>
			<ymin>1492</ymin>
			<xmax>798</xmax>
			<ymax>1780</ymax>
		</bndbox>
	</object>
	<object>
		<name>ref_fork</name>
		<bndbox>
			<xmin>488</xmin>
			<ymin>1267</ymin>
			<xmax>1021</xmax>
			<ymax>1514</ymax>
		</bndbox>
	</object>
	<object>
		<name>ref_coin</name>
		<bndbox>
			<xmin>239</xmin>
			<ymin>950</ymin>
			<xmax>474</xmax>
			<ymax>1123</ymax>
		</bndbox>
	</object>
	<object>
		<name>dish</name>
		<bndbox>
			<xmin>737</xmin>
			<ymin>54</ymin>
			<xmax>2298</xmax>
			<ymax>1157</ymax>
		</bndbox>
	</object>
	<object>
		<name>감자튀김(스틱형)</name>
		<bndbox>
			<xmin>918</xmin>
			<ymin>230</ymin>
			<xmax>2053</xmax>
			<ymax>1016</ymax>
		</bndbox>
	</object>
</annotation>