<annotation>
	<folder>side기타튀김배달종이박스감자튀김(스틱형)q4</folder>
	<filename>side_기타튀김_배달종이박스_감자튀김(스틱형)_Q4_00048.JPG</filename>
	<path>/side기타튀김배달종이박스감자튀김(스틱형)q4/side_기타튀김_배달종이박스_감자튀김(스틱형)_Q4_00048.JPG</path>
	<source>
		<database>fooddata</database>
	</source>
	<size>
		<width>3008</width>
		<height>2000</height>
		<depth>3</depth>
	</size>
	<object>
		<name>ref_spoon</name>
		<bndbox>
			<xmin>466</xmin>
			<ymin>152</ymin>
			<xmax>764</xmax>
			<ymax>506</ymax>
		</bndbox>
	</object>
	<object>
		<name>ref_fork</name>
		<bndbox>
			<xmin>852</xmin>
			<ymin>222</ymin>
			<xmax>1052</xmax>
			<ymax>637</ymax>
		</bndbox>
	</object>
	<object>
		<name>ref_coin</name>
		<bndbox>
			<xmin>1008</xmin>
			<ymin>1482</ymin>
			<xmax>1265</xmax>
			<ymax>1678</ymax>
		</bndbox>
	</object>
	<object>
		<name>dish</name>
		<bndbox>
			<xmin>1238</xmin>
			<ymin>257</ymin>
			<xmax>2549</xmax>
			<ymax>1162</ymax>
		</bndbox>
	</object>
	<object>
		<name>감자튀김(스틱형)</name>
		<bndbox>
			<xmin>1279</xmin>
			<ymin>310</ymin>
			<xmax>2439</xmax>
			<ymax>1013</ymax>
		</bndbox>
	</object>
</annotation>