<annotation>
	<folder>side기타튀김배달종이박스감자튀김(스틱형)q4</folder>
	<filename>side_기타튀김_배달종이박스_감자튀김(스틱형)_Q4_00038.JPG</filename>
	<path>/side기타튀김배달종이박스감자튀김(스틱형)q4/side_기타튀김_배달종이박스_감자튀김(스틱형)_Q4_00038.JPG</path>
	<source>
		<database>fooddata</database>
	</source>
	<size>
		<width>3008</width>
		<height>2000</height>
		<depth>3</depth>
	</size>
	<object>
		<name>ref_spoon</name>
		<bndbox>
			<xmin>491</xmin>
			<ymin>154</ymin>
			<xmax>796</xmax>
			<ymax>520</ymax>
		</bndbox>
	</object>
	<object>
		<name>ref_fork</name>
		<bndbox>
			<xmin>889</xmin>
			<ymin>230</ymin>
			<xmax>1089</xmax>
			<ymax>655</ymax>
		</bndbox>
	</object>
	<object>
		<name>ref_coin</name>
		<bndbox>
			<xmin>1157</xmin>
			<ymin>1319</ymin>
			<xmax>1404</xmax>
			<ymax>1507</ymax>
		</bndbox>
	</object>
	<object>
		<name>dish</name>
		<bndbox>
			<xmin>1658</xmin>
			<ymin>303</ymin>
			<xmax>2901</xmax>
			<ymax>1353</ymax>
		</bndbox>
	</object>
	<object>
		<name>감자튀김(스틱형)</name>
		<bndbox>
			<xmin>1753</xmin>
			<ymin>408</ymin>
			<xmax>2822</xmax>
			<ymax>1199</ymax>
		</bndbox>
	</object>
</annotation>