<annotation>
	<folder>side기타튀김배달종이박스감자튀김(스틱형)q4</folder>
	<filename>side_기타튀김_배달종이박스_감자튀김(스틱형)_Q4_00006.JPG</filename>
	<path>/side기타튀김배달종이박스감자튀김(스틱형)q4/side_기타튀김_배달종이박스_감자튀김(스틱형)_Q4_00006.JPG</path>
	<source>
		<database>fooddata</database>
	</source>
	<size>
		<width>3008</width>
		<height>2000</height>
		<depth>3</depth>
	</size>
	<object>
		<name>ref_spoon</name>
		<bndbox>
			<xmin>2039</xmin>
			<ymin>274</ymin>
			<xmax>2334</xmax>
			<ymax>633</ymax>
		</bndbox>
	</object>
	<object>
		<name>ref_fork</name>
		<bndbox>
			<xmin>2525</xmin>
			<ymin>374</ymin>
			<xmax>2735</xmax>
			<ymax>789</ymax>
		</bndbox>
	</object>
	<object>
		<name>ref_coin</name>
		<bndbox>
			<xmin>557</xmin>
			<ymin>1577</ymin>
			<xmax>825</xmax>
			<ymax>1768</ymax>
		</bndbox>
	</object>
	<object>
		<name>dish</name>
		<bndbox>
			<xmin>254</xmin>
			<ymin>217</ymin>
			<xmax>1931</xmax>
			<ymax>1436</ymax>
		</bndbox>
	</object>
	<object>
		<name>감자튀김(스틱형)</name>
		<bndbox>
			<xmin>491</xmin>
			<ymin>357</ymin>
			<xmax>1665</xmax>
			<ymax>1299</ymax>
		</bndbox>
	</object>
</annotation>