<annotation>
	<folder>top기타튀김배달종이박스감자튀김(스틱형)q4</folder>
	<filename>top_기타튀김_배달종이박스_감자튀김(스틱형)_Q4_00015.JPG</filename>
	<path>/top기타튀김배달종이박스감자튀김(스틱형)q4/top_기타튀김_배달종이박스_감자튀김(스틱형)_Q4_00015.JPG</path>
	<source>
		<database>fooddata</database>
	</source>
	<size>
		<width>3008</width>
		<height>2000</height>
		<depth>3</depth>
	</size>
	<object>
		<name>ref_spoon</name>
		<bndbox>
			<xmin>2098</xmin>
			<ymin>129</ymin>
			<xmax>2368</xmax>
			<ymax>560</ymax>
		</bndbox>
	</object>
	<object>
		<name>ref_fork</name>
		<bndbox>
			<xmin>2474</xmin>
			<ymin>154</ymin>
			<xmax>2673</xmax>
			<ymax>621</ymax>
		</bndbox>
	</object>
	<object>
		<name>ref_coin</name>
		<bndbox>
			<xmin>1753</xmin>
			<ymin>1460</ymin>
			<xmax>1966</xmax>
			<ymax>1673</ymax>
		</bndbox>
	</object>
	<object>
		<name>dish</name>
		<bndbox>
			<xmin>254</xmin>
			<ymin>332</ymin>
			<xmax>1789</xmax>
			<ymax>1882</ymax>
		</bndbox>
	</object>
	<object>
		<name>감자튀김(스틱형)</name>
		<bndbox>
			<xmin>508</xmin>
			<ymin>449</ymin>
			<xmax>1651</xmax>
			<ymax>1699</ymax>
		</bndbox>
	</object>
</annotation>