<annotation>
	<folder>top기타튀김배달종이박스감자튀김(스틱형)q4</folder>
	<filename>top_기타튀김_배달종이박스_감자튀김(스틱형)_Q4_00038.JPG</filename>
	<path>/top기타튀김배달종이박스감자튀김(스틱형)q4/top_기타튀김_배달종이박스_감자튀김(스틱형)_Q4_00038.JPG</path>
	<source>
		<database>fooddata</database>
	</source>
	<size>
		<width>3008</width>
		<height>2000</height>
		<depth>3</depth>
	</size>
	<object>
		<name>ref_spoon</name>
		<bndbox>
			<xmin>549</xmin>
			<ymin>144</ymin>
			<xmax>813</xmax>
			<ymax>560</ymax>
		</bndbox>
	</object>
	<object>
		<name>ref_fork</name>
		<bndbox>
			<xmin>920</xmin>
			<ymin>205</ymin>
			<xmax>1108</xmax>
			<ymax>662</ymax>
		</bndbox>
	</object>
	<object>
		<name>ref_coin</name>
		<bndbox>
			<xmin>203</xmin>
			<ymin>1348</ymin>
			<xmax>412</xmax>
			<ymax>1567</ymax>
		</bndbox>
	</object>
	<object>
		<name>dish</name>
		<bndbox>
			<xmin>1280</xmin>
			<ymin>388</ymin>
			<xmax>2474</xmax>
			<ymax>1434</ymax>
		</bndbox>
	</object>
	<object>
		<name>감자튀김(스틱형)</name>
		<bndbox>
			<xmin>1352</xmin>
			<ymin>515</ymin>
			<xmax>2347</xmax>
			<ymax>1373</ymax>
		</bndbox>
	</object>
</annotation>