<annotation>
	<folder>top기타튀김배달종이박스감자튀김(스틱형)q4</folder>
	<filename>top_기타튀김_배달종이박스_감자튀김(스틱형)_Q4_00018.JPG</filename>
	<path>/top기타튀김배달종이박스감자튀김(스틱형)q4/top_기타튀김_배달종이박스_감자튀김(스틱형)_Q4_00018.JPG</path>
	<source>
		<database>fooddata</database>
	</source>
	<size>
		<width>3008</width>
		<height>2000</height>
		<depth>3</depth>
	</size>
	<object>
		<name>ref_spoon</name>
		<bndbox>
			<xmin>681</xmin>
			<ymin>1526</ymin>
			<xmax>1077</xmax>
			<ymax>1800</ymax>
		</bndbox>
	</object>
	<object>
		<name>ref_fork</name>
		<bndbox>
			<xmin>823</xmin>
			<ymin>1277</ymin>
			<xmax>1240</xmax>
			<ymax>1455</ymax>
		</bndbox>
	</object>
	<object>
		<name>ref_coin</name>
		<bndbox>
			<xmin>2012</xmin>
			<ymin>860</ymin>
			<xmax>2200</xmax>
			<ymax>1048</ymax>
		</bndbox>
	</object>
	<object>
		<name>dish</name>
		<bndbox>
			<xmin>930</xmin>
			<ymin>205</ymin>
			<xmax>1941</xmax>
			<ymax>1140</ymax>
		</bndbox>
	</object>
	<object>
		<name>감자튀김(스틱형)</name>
		<bndbox>
			<xmin>1001</xmin>
			<ymin>327</ymin>
			<xmax>1895</xmax>
			<ymax>1074</ymax>
		</bndbox>
	</object>
</annotation>