<annotation>
	<folder>top기타튀김배달종이박스감자튀김(스틱형)q4</folder>
	<filename>top_기타튀김_배달종이박스_감자튀김(스틱형)_Q4_00049.JPG</filename>
	<path>/top기타튀김배달종이박스감자튀김(스틱형)q4/top_기타튀김_배달종이박스_감자튀김(스틱형)_Q4_00049.JPG</path>
	<source>
		<database>fooddata</database>
	</source>
	<size>
		<width>3008</width>
		<height>2000</height>
		<depth>3</depth>
	</size>
	<object>
		<name>ref_spoon</name>
		<bndbox>
			<xmin>518</xmin>
			<ymin>144</ymin>
			<xmax>823</xmax>
			<ymax>591</ymax>
		</bndbox>
	</object>
	<object>
		<name>ref_fork</name>
		<bndbox>
			<xmin>950</xmin>
			<ymin>164</ymin>
			<xmax>1158</xmax>
			<ymax>647</ymax>
		</bndbox>
	</object>
	<object>
		<name>ref_coin</name>
		<bndbox>
			<xmin>1997</xmin>
			<ymin>1597</ymin>
			<xmax>2236</xmax>
			<ymax>1816</ymax>
		</bndbox>
	</object>
	<object>
		<name>dish</name>
		<bndbox>
			<xmin>1372</xmin>
			<ymin>195</ymin>
			<xmax>2622</xmax>
			<ymax>1445</ymax>
		</bndbox>
	</object>
	<object>
		<name>감자튀김(스틱형)</name>
		<bndbox>
			<xmin>1433</xmin>
			<ymin>322</ymin>
			<xmax>2429</xmax>
			<ymax>1389</ymax>
		</bndbox>
	</object>
</annotation>