<annotation>
	<folder>top기타튀김배달종이박스감자튀김(스틱형)q4</folder>
	<filename>top_기타튀김_배달종이박스_감자튀김(스틱형)_Q4_00031.JPG</filename>
	<path>/top기타튀김배달종이박스감자튀김(스틱형)q4/top_기타튀김_배달종이박스_감자튀김(스틱형)_Q4_00031.JPG</path>
	<source>
		<database>fooddata</database>
	</source>
	<size>
		<width>3008</width>
		<height>2000</height>
		<depth>3</depth>
	</size>
	<object>
		<name>ref_spoon</name>
		<bndbox>
			<xmin>874</xmin>
			<ymin>1577</ymin>
			<xmax>1291</xmax>
			<ymax>1856</ymax>
		</bndbox>
	</object>
	<object>
		<name>ref_fork</name>
		<bndbox>
			<xmin>1042</xmin>
			<ymin>1323</ymin>
			<xmax>1443</xmax>
			<ymax>1506</ymax>
		</bndbox>
	</object>
	<object>
		<name>ref_coin</name>
		<bndbox>
			<xmin>1006</xmin>
			<ymin>1008</ymin>
			<xmax>1199</xmax>
			<ymax>1185</ymax>
		</bndbox>
	</object>
	<object>
		<name>dish</name>
		<bndbox>
			<xmin>1372</xmin>
			<ymin>195</ymin>
			<xmax>2388</xmax>
			<ymax>1114</ymax>
		</bndbox>
	</object>
	<object>
		<name>감자튀김(스틱형)</name>
		<bndbox>
			<xmin>1433</xmin>
			<ymin>296</ymin>
			<xmax>2337</xmax>
			<ymax>1069</ymax>
		</bndbox>
	</object>
</annotation>