<annotation>
	<folder>top기타튀김배달종이박스감자튀김(스틱형)q4</folder>
	<filename>top_기타튀김_배달종이박스_감자튀김(스틱형)_Q4_00016.JPG</filename>
	<path>/top기타튀김배달종이박스감자튀김(스틱형)q4/top_기타튀김_배달종이박스_감자튀김(스틱형)_Q4_00016.JPG</path>
	<source>
		<database>fooddata</database>
	</source>
	<size>
		<width>3008</width>
		<height>2000</height>
		<depth>3</depth>
	</size>
	<object>
		<name>ref_spoon</name>
		<bndbox>
			<xmin>2053</xmin>
			<ymin>215</ymin>
			<xmax>2322</xmax>
			<ymax>627</ymax>
		</bndbox>
	</object>
	<object>
		<name>ref_fork</name>
		<bndbox>
			<xmin>2429</xmin>
			<ymin>225</ymin>
			<xmax>2627</xmax>
			<ymax>688</ymax>
		</bndbox>
	</object>
	<object>
		<name>ref_coin</name>
		<bndbox>
			<xmin>2668</xmin>
			<ymin>723</ymin>
			<xmax>2871</xmax>
			<ymax>911</ymax>
		</bndbox>
	</object>
	<object>
		<name>dish</name>
		<bndbox>
			<xmin>422</xmin>
			<ymin>306</ymin>
			<xmax>1824</xmax>
			<ymax>1653</ymax>
		</bndbox>
	</object>
	<object>
		<name>감자튀김(스틱형)</name>
		<bndbox>
			<xmin>620</xmin>
			<ymin>408</ymin>
			<xmax>1722</xmax>
			<ymax>1465</ymax>
		</bndbox>
	</object>
</annotation>