<annotation>
	<folder>side비빔면류냉면기쫄면q1</folder>
	<filename>side_비빔면류_냉면기_쫄면_Q1_00053.JPG</filename>
	<path>/side비빔면류냉면기쫄면q1/side_비빔면류_냉면기_쫄면_Q1_00053.JPG</path>
	<source>
		<database>fooddata</database>
	</source>
	<size>
		<width>3008</width>
		<height>2000</height>
		<depth>3</depth>
	</size>
	<object>
		<name>ref_spoon</name>
		<bndbox>
			<xmin>238</xmin>
			<ymin>764</ymin>
			<xmax>507</xmax>
			<ymax>1105</ymax>
		</bndbox>
	</object>
	<object>
		<name>ref_fork</name>
		<bndbox>
			<xmin>607</xmin>
			<ymin>750</ymin>
			<xmax>809</xmax>
			<ymax>1119</ymax>
		</bndbox>
	</object>
	<object>
		<name>ref_coin</name>
		<bndbox>
			<xmin>2490</xmin>
			<ymin>1371</ymin>
			<xmax>2714</xmax>
			<ymax>1523</ymax>
		</bndbox>
	</object>
	<object>
		<name>dish</name>
		<bndbox>
			<xmin>936</xmin>
			<ymin>299</ymin>
			<xmax>2405</xmax>
			<ymax>1378</ymax>
		</bndbox>
	</object>
	<object>
		<name>쫄면</name>
		<bndbox>
			<xmin>1316</xmin>
			<ymin>757</ymin>
			<xmax>2121</xmax>
			<ymax>1183</ymax>
		</bndbox>
	</object>
</annotation>