<annotation>
	<folder>side비빔면류냉면기쫄면q1</folder>
	<filename>side_비빔면류_냉면기_쫄면_Q1_00050.JPG</filename>
	<path>/side비빔면류냉면기쫄면q1/side_비빔면류_냉면기_쫄면_Q1_00050.JPG</path>
	<source>
		<database>fooddata</database>
	</source>
	<size>
		<width>3008</width>
		<height>2000</height>
		<depth>3</depth>
	</size>
	<object>
		<name>ref_spoon</name>
		<bndbox>
			<xmin>316</xmin>
			<ymin>587</ymin>
			<xmax>582</xmax>
			<ymax>924</ymax>
		</bndbox>
	</object>
	<object>
		<name>ref_fork</name>
		<bndbox>
			<xmin>681</xmin>
			<ymin>569</ymin>
			<xmax>876</xmax>
			<ymax>941</ymax>
		</bndbox>
	</object>
	<object>
		<name>ref_coin</name>
		<bndbox>
			<xmin>1859</xmin>
			<ymin>1608</ymin>
			<xmax>2103</xmax>
			<ymax>1803</ymax>
		</bndbox>
	</object>
	<object>
		<name>dish</name>
		<bndbox>
			<xmin>1085</xmin>
			<ymin>119</ymin>
			<xmax>2568</xmax>
			<ymax>1190</ymax>
		</bndbox>
	</object>
	<object>
		<name>쫄면</name>
		<bndbox>
			<xmin>1493</xmin>
			<ymin>502</ymin>
			<xmax>2270</xmax>
			<ymax>998</ymax>
		</bndbox>
	</object>
</annotation>