<annotation>
	<folder>side비빔면류냉면기쫄면q1</folder>
	<filename>side_비빔면류_냉면기_쫄면_Q1_00016.JPG</filename>
	<path>/side비빔면류냉면기쫄면q1/side_비빔면류_냉면기_쫄면_Q1_00016.JPG</path>
	<source>
		<database>fooddata</database>
	</source>
	<size>
		<width>3008</width>
		<height>2000</height>
		<depth>3</depth>
	</size>
	<object>
		<name>ref_spoon</name>
		<bndbox>
			<xmin>2096</xmin>
			<ymin>409</ymin>
			<xmax>2352</xmax>
			<ymax>704</ymax>
		</bndbox>
	</object>
	<object>
		<name>ref_fork</name>
		<bndbox>
			<xmin>2504</xmin>
			<ymin>445</ymin>
			<xmax>2696</xmax>
			<ymax>800</ymax>
		</bndbox>
	</object>
	<object>
		<name>ref_coin</name>
		<bndbox>
			<xmin>2313</xmin>
			<ymin>253</ymin>
			<xmax>2487</xmax>
			<ymax>388</ymax>
		</bndbox>
	</object>
	<object>
		<name>dish</name>
		<bndbox>
			<xmin>369</xmin>
			<ymin>275</ymin>
			<xmax>1827</xmax>
			<ymax>1360</ymax>
		</bndbox>
	</object>
	<object>
		<name>쫄면</name>
		<bndbox>
			<xmin>695</xmin>
			<ymin>810</ymin>
			<xmax>1458</xmax>
			<ymax>1154</ymax>
		</bndbox>
	</object>
</annotation>