<annotation>
	<folder>side비빔면류냉면기쫄면q1</folder>
	<filename>side_비빔면류_냉면기_쫄면_Q1_00034.JPG</filename>
	<path>/side비빔면류냉면기쫄면q1/side_비빔면류_냉면기_쫄면_Q1_00034.JPG</path>
	<source>
		<database>fooddata</database>
	</source>
	<size>
		<width>3008</width>
		<height>2000</height>
		<depth>3</depth>
	</size>
	<object>
		<name>ref_spoon</name>
		<bndbox>
			<xmin>621</xmin>
			<ymin>1548</ymin>
			<xmax>1085</xmax>
			<ymax>1793</ymax>
		</bndbox>
	</object>
	<object>
		<name>ref_fork</name>
		<bndbox>
			<xmin>685</xmin>
			<ymin>1339</ymin>
			<xmax>1192</xmax>
			<ymax>1552</ymax>
		</bndbox>
	</object>
	<object>
		<name>ref_coin</name>
		<bndbox>
			<xmin>2086</xmin>
			<ymin>342</ymin>
			<xmax>2267</xmax>
			<ymax>484</ymax>
		</bndbox>
	</object>
	<object>
		<name>dish</name>
		<bndbox>
			<xmin>599</xmin>
			<ymin>204</ymin>
			<xmax>2001</xmax>
			<ymax>1225</ymax>
		</bndbox>
	</object>
	<object>
		<name>쫄면</name>
		<bndbox>
			<xmin>958</xmin>
			<ymin>693</ymin>
			<xmax>1649</xmax>
			<ymax>1030</ymax>
		</bndbox>
	</object>
</annotation>