<annotation>
	<folder>side비빔면류냉면기쫄면q1</folder>
	<filename>side_비빔면류_냉면기_쫄면_Q1_00052.JPG</filename>
	<path>/side비빔면류냉면기쫄면q1/side_비빔면류_냉면기_쫄면_Q1_00052.JPG</path>
	<source>
		<database>fooddata</database>
	</source>
	<size>
		<width>3008</width>
		<height>2000</height>
		<depth>3</depth>
	</size>
	<object>
		<name>ref_spoon</name>
		<bndbox>
			<xmin>312</xmin>
			<ymin>558</ymin>
			<xmax>582</xmax>
			<ymax>913</ymax>
		</bndbox>
	</object>
	<object>
		<name>ref_fork</name>
		<bndbox>
			<xmin>681</xmin>
			<ymin>534</ymin>
			<xmax>880</xmax>
			<ymax>913</ymax>
		</bndbox>
	</object>
	<object>
		<name>ref_coin</name>
		<bndbox>
			<xmin>2614</xmin>
			<ymin>1403</ymin>
			<xmax>2852</xmax>
			<ymax>1573</ymax>
		</bndbox>
	</object>
	<object>
		<name>dish</name>
		<bndbox>
			<xmin>1093</xmin>
			<ymin>58</ymin>
			<xmax>2568</xmax>
			<ymax>1154</ymax>
		</bndbox>
	</object>
	<object>
		<name>쫄면</name>
		<bndbox>
			<xmin>1461</xmin>
			<ymin>459</ymin>
			<xmax>2093</xmax>
			<ymax>952</ymax>
		</bndbox>
	</object>
</annotation>