<annotation>
	<folder>top비빔면류냉면기쫄면q1</folder>
	<filename>top_비빔면류_냉면기_쫄면_Q1_00036.JPG</filename>
	<path>/top비빔면류냉면기쫄면q1/top_비빔면류_냉면기_쫄면_Q1_00036.JPG</path>
	<source>
		<database>fooddata</database>
	</source>
	<size>
		<width>3008</width>
		<height>2000</height>
		<depth>3</depth>
	</size>
	<object>
		<name>ref_spoon</name>
		<bndbox>
			<xmin>349</xmin>
			<ymin>242</ymin>
			<xmax>589</xmax>
			<ymax>613</ymax>
		</bndbox>
	</object>
	<object>
		<name>ref_fork</name>
		<bndbox>
			<xmin>741</xmin>
			<ymin>297</ymin>
			<xmax>889</xmax>
			<ymax>723</ymax>
		</bndbox>
	</object>
	<object>
		<name>ref_coin</name>
		<bndbox>
			<xmin>1514</xmin>
			<ymin>1691</ymin>
			<xmax>1692</xmax>
			<ymax>1862</ymax>
		</bndbox>
	</object>
	<object>
		<name>dish</name>
		<bndbox>
			<xmin>864</xmin>
			<ymin>115</ymin>
			<xmax>2332</xmax>
			<ymax>1558</ymax>
		</bndbox>
	</object>
	<object>
		<name>쫄면</name>
		<bndbox>
			<xmin>1268</xmin>
			<ymin>390</ymin>
			<xmax>1947</xmax>
			<ymax>1231</ymax>
		</bndbox>
	</object>
</annotation>