<annotation>
	<folder>top비빔면류냉면기쫄면q1</folder>
	<filename>top_비빔면류_냉면기_쫄면_Q1_00004.JPG</filename>
	<path>/top비빔면류냉면기쫄면q1/top_비빔면류_냉면기_쫄면_Q1_00004.JPG</path>
	<source>
		<database>fooddata</database>
	</source>
	<size>
		<width>3008</width>
		<height>2000</height>
		<depth>3</depth>
	</size>
	<object>
		<name>ref_spoon</name>
		<bndbox>
			<xmin>1992</xmin>
			<ymin>458</ymin>
			<xmax>2232</xmax>
			<ymax>837</ymax>
		</bndbox>
	</object>
	<object>
		<name>ref_fork</name>
		<bndbox>
			<xmin>2322</xmin>
			<ymin>555</ymin>
			<xmax>2520</xmax>
			<ymax>973</ymax>
		</bndbox>
	</object>
	<object>
		<name>ref_coin</name>
		<bndbox>
			<xmin>252</xmin>
			<ymin>1561</ymin>
			<xmax>433</xmax>
			<ymax>1733</ymax>
		</bndbox>
	</object>
	<object>
		<name>dish</name>
		<bndbox>
			<xmin>311</xmin>
			<ymin>297</ymin>
			<xmax>1772</xmax>
			<ymax>1716</ymax>
		</bndbox>
	</object>
	<object>
		<name>쫄면</name>
		<bndbox>
			<xmin>734</xmin>
			<ymin>740</ymin>
			<xmax>1394</xmax>
			<ymax>1351</ymax>
		</bndbox>
	</object>
</annotation>