<annotation>
	<folder>top비빔면류냉면기쫄면q1</folder>
	<filename>top_비빔면류_냉면기_쫄면_Q1_00024.JPG</filename>
	<path>/top비빔면류냉면기쫄면q1/top_비빔면류_냉면기_쫄면_Q1_00024.JPG</path>
	<source>
		<database>fooddata</database>
	</source>
	<size>
		<width>3008</width>
		<height>2000</height>
		<depth>3</depth>
	</size>
	<object>
		<name>ref_spoon</name>
		<bndbox>
			<xmin>789</xmin>
			<ymin>1671</ymin>
			<xmax>1174</xmax>
			<ymax>1904</ymax>
		</bndbox>
	</object>
	<object>
		<name>ref_fork</name>
		<bndbox>
			<xmin>851</xmin>
			<ymin>1406</ymin>
			<xmax>1245</xmax>
			<ymax>1581</ymax>
		</bndbox>
	</object>
	<object>
		<name>ref_coin</name>
		<bndbox>
			<xmin>2096</xmin>
			<ymin>164</ymin>
			<xmax>2258</xmax>
			<ymax>309</ymax>
		</bndbox>
	</object>
	<object>
		<name>dish</name>
		<bndbox>
			<xmin>676</xmin>
			<ymin>25</ymin>
			<xmax>2047</xmax>
			<ymax>1361</ymax>
		</bndbox>
	</object>
	<object>
		<name>쫄면</name>
		<bndbox>
			<xmin>1012</xmin>
			<ymin>552</ymin>
			<xmax>1685</xmax>
			<ymax>1157</ymax>
		</bndbox>
	</object>
</annotation>