<annotation>
	<folder>top비빔면류냉면기쫄면q1</folder>
	<filename>top_비빔면류_냉면기_쫄면_Q1_00037.JPG</filename>
	<path>/top비빔면류냉면기쫄면q1/top_비빔면류_냉면기_쫄면_Q1_00037.JPG</path>
	<source>
		<database>fooddata</database>
	</source>
	<size>
		<width>3008</width>
		<height>2000</height>
		<depth>3</depth>
	</size>
	<object>
		<name>ref_spoon</name>
		<bndbox>
			<xmin>304</xmin>
			<ymin>271</ymin>
			<xmax>540</xmax>
			<ymax>630</ymax>
		</bndbox>
	</object>
	<object>
		<name>ref_fork</name>
		<bndbox>
			<xmin>689</xmin>
			<ymin>326</ymin>
			<xmax>844</xmax>
			<ymax>753</ymax>
		</bndbox>
	</object>
	<object>
		<name>ref_coin</name>
		<bndbox>
			<xmin>1808</xmin>
			<ymin>1700</ymin>
			<xmax>1986</xmax>
			<ymax>1868</ymax>
		</bndbox>
	</object>
	<object>
		<name>dish</name>
		<bndbox>
			<xmin>967</xmin>
			<ymin>99</ymin>
			<xmax>2445</xmax>
			<ymax>1545</ymax>
		</bndbox>
	</object>
	<object>
		<name>쫄면</name>
		<bndbox>
			<xmin>1355</xmin>
			<ymin>478</ymin>
			<xmax>2054</xmax>
			<ymax>1192</ymax>
		</bndbox>
	</object>
</annotation>