<annotation>
	<folder>top비빔면류냉면기쫄면q1</folder>
	<filename>top_비빔면류_냉면기_쫄면_Q1_00026.JPG</filename>
	<path>/top비빔면류냉면기쫄면q1/top_비빔면류_냉면기_쫄면_Q1_00026.JPG</path>
	<source>
		<database>fooddata</database>
	</source>
	<size>
		<width>3008</width>
		<height>2000</height>
		<depth>3</depth>
	</size>
	<object>
		<name>ref_spoon</name>
		<bndbox>
			<xmin>841</xmin>
			<ymin>1697</ymin>
			<xmax>1216</xmax>
			<ymax>1927</ymax>
		</bndbox>
	</object>
	<object>
		<name>ref_fork</name>
		<bndbox>
			<xmin>909</xmin>
			<ymin>1429</ymin>
			<xmax>1313</xmax>
			<ymax>1600</ymax>
		</bndbox>
	</object>
	<object>
		<name>ref_coin</name>
		<bndbox>
			<xmin>2313</xmin>
			<ymin>943</ymin>
			<xmax>2468</xmax>
			<ymax>1095</ymax>
		</bndbox>
	</object>
	<object>
		<name>dish</name>
		<bndbox>
			<xmin>802</xmin>
			<ymin>77</ymin>
			<xmax>2183</xmax>
			<ymax>1419</ymax>
		</bndbox>
	</object>
	<object>
		<name>쫄면</name>
		<bndbox>
			<xmin>1035</xmin>
			<ymin>439</ymin>
			<xmax>1698</xmax>
			<ymax>1137</ymax>
		</bndbox>
	</object>
</annotation>