<annotation>
	<folder>side비빔밥덮밥류냉면기회덮밥q2</folder>
	<filename>side_비빔밥덮밥류_냉면기_회덮밥_Q2_00005.JPG</filename>
	<path>/side비빔밥덮밥류냉면기회덮밥q2/side_비빔밥덮밥류_냉면기_회덮밥_Q2_00005.JPG</path>
	<source>
		<database>fooddata</database>
	</source>
	<size>
		<width>3008</width>
		<height>2000</height>
		<depth>3</depth>
	</size>
	<object>
		<name>ref_spoon</name>
		<bndbox>
			<xmin>1903</xmin>
			<ymin>593</ymin>
			<xmax>2123</xmax>
			<ymax>906</ymax>
		</bndbox>
	</object>
	<object>
		<name>ref_fork</name>
		<bndbox>
			<xmin>2222</xmin>
			<ymin>587</ymin>
			<xmax>2379</xmax>
			<ymax>950</ymax>
		</bndbox>
	</object>
	<object>
		<name>ref_coin</name>
		<bndbox>
			<xmin>486</xmin>
			<ymin>1614</ymin>
			<xmax>684</xmax>
			<ymax>1765</ymax>
		</bndbox>
	</object>
	<object>
		<name>dish</name>
		<bndbox>
			<xmin>481</xmin>
			<ymin>295</ymin>
			<xmax>1789</xmax>
			<ymax>1245</ymax>
		</bndbox>
	</object>
	<object>
		<name>회덮밥</name>
		<bndbox>
			<xmin>799</xmin>
			<ymin>681</ymin>
			<xmax>1475</xmax>
			<ymax>1128</ymax>
		</bndbox>
	</object>
</annotation>