<annotation>
	<folder>side비빔밥덮밥류냉면기회덮밥q2</folder>
	<filename>side_비빔밥덮밥류_냉면기_회덮밥_Q2_00032.JPG</filename>
	<path>/side비빔밥덮밥류냉면기회덮밥q2/side_비빔밥덮밥류_냉면기_회덮밥_Q2_00032.JPG</path>
	<source>
		<database>fooddata</database>
	</source>
	<size>
		<width>3008</width>
		<height>2000</height>
		<depth>3</depth>
	</size>
	<object>
		<name>ref_spoon</name>
		<bndbox>
			<xmin>556</xmin>
			<ymin>1444</ymin>
			<xmax>958</xmax>
			<ymax>1658</ymax>
		</bndbox>
	</object>
	<object>
		<name>ref_fork</name>
		<bndbox>
			<xmin>629</xmin>
			<ymin>1245</ymin>
			<xmax>1047</xmax>
			<ymax>1423</ymax>
		</bndbox>
	</object>
	<object>
		<name>ref_coin</name>
		<bndbox>
			<xmin>2039</xmin>
			<ymin>1666</ymin>
			<xmax>2222</xmax>
			<ymax>1822</ymax>
		</bndbox>
	</object>
	<object>
		<name>dish</name>
		<bndbox>
			<xmin>723</xmin>
			<ymin>89</ymin>
			<xmax>1977</xmax>
			<ymax>987</ymax>
		</bndbox>
	</object>
	<object>
		<name>회덮밥</name>
		<bndbox>
			<xmin>974</xmin>
			<ymin>480</ymin>
			<xmax>1679</xmax>
			<ymax>864</ymax>
		</bndbox>
	</object>
</annotation>