<annotation>
	<folder>side비빔밥덮밥류냉면기회덮밥q2</folder>
	<filename>side_비빔밥덮밥류_냉면기_회덮밥_Q2_00028.JPG</filename>
	<path>/side비빔밥덮밥류냉면기회덮밥q2/side_비빔밥덮밥류_냉면기_회덮밥_Q2_00028.JPG</path>
	<source>
		<database>fooddata</database>
	</source>
	<size>
		<width>3008</width>
		<height>2000</height>
		<depth>3</depth>
	</size>
	<object>
		<name>ref_spoon</name>
		<bndbox>
			<xmin>645</xmin>
			<ymin>1561</ymin>
			<xmax>1047</xmax>
			<ymax>1775</ymax>
		</bndbox>
	</object>
	<object>
		<name>ref_fork</name>
		<bndbox>
			<xmin>726</xmin>
			<ymin>1347</ymin>
			<xmax>1154</xmax>
			<ymax>1535</ymax>
		</bndbox>
	</object>
	<object>
		<name>ref_coin</name>
		<bndbox>
			<xmin>240</xmin>
			<ymin>1520</ymin>
			<xmax>439</xmax>
			<ymax>1671</ymax>
		</bndbox>
	</object>
	<object>
		<name>dish</name>
		<bndbox>
			<xmin>739</xmin>
			<ymin>131</ymin>
			<xmax>2021</xmax>
			<ymax>1070</ymax>
		</bndbox>
	</object>
	<object>
		<name>회덮밥</name>
		<bndbox>
			<xmin>1026</xmin>
			<ymin>538</ymin>
			<xmax>1755</xmax>
			<ymax>932</ymax>
		</bndbox>
	</object>
</annotation>