<annotation>
	<folder>side비빔밥덮밥류냉면기회덮밥q2</folder>
	<filename>side_비빔밥덮밥류_냉면기_회덮밥_Q2_00038.JPG</filename>
	<path>/side비빔밥덮밥류냉면기회덮밥q2/side_비빔밥덮밥류_냉면기_회덮밥_Q2_00038.JPG</path>
	<source>
		<database>fooddata</database>
	</source>
	<size>
		<width>3008</width>
		<height>2000</height>
		<depth>3</depth>
	</size>
	<object>
		<name>ref_spoon</name>
		<bndbox>
			<xmin>371</xmin>
			<ymin>543</ymin>
			<xmax>619</xmax>
			<ymax>898</ymax>
		</bndbox>
	</object>
	<object>
		<name>ref_fork</name>
		<bndbox>
			<xmin>702</xmin>
			<ymin>548</ymin>
			<xmax>870</xmax>
			<ymax>958</ymax>
		</bndbox>
	</object>
	<object>
		<name>ref_coin</name>
		<bndbox>
			<xmin>2347</xmin>
			<ymin>1577</ymin>
			<xmax>2551</xmax>
			<ymax>1734</ymax>
		</bndbox>
	</object>
	<object>
		<name>dish</name>
		<bndbox>
			<xmin>1034</xmin>
			<ymin>240</ymin>
			<xmax>2473</xmax>
			<ymax>1305</ymax>
		</bndbox>
	</object>
	<object>
		<name>회덮밥</name>
		<bndbox>
			<xmin>1261</xmin>
			<ymin>663</ymin>
			<xmax>2091</xmax>
			<ymax>1185</ymax>
		</bndbox>
	</object>
</annotation>