<annotation>
	<folder>side비빔밥덮밥류냉면기회덮밥q2</folder>
	<filename>side_비빔밥덮밥류_냉면기_회덮밥_Q2_00040.JPG</filename>
	<path>/side비빔밥덮밥류냉면기회덮밥q2/side_비빔밥덮밥류_냉면기_회덮밥_Q2_00040.JPG</path>
	<source>
		<database>fooddata</database>
	</source>
	<size>
		<width>3008</width>
		<height>2000</height>
		<depth>3</depth>
	</size>
	<object>
		<name>ref_spoon</name>
		<bndbox>
			<xmin>316</xmin>
			<ymin>650</ymin>
			<xmax>585</xmax>
			<ymax>1044</ymax>
		</bndbox>
	</object>
	<object>
		<name>ref_fork</name>
		<bndbox>
			<xmin>668</xmin>
			<ymin>658</ymin>
			<xmax>854</xmax>
			<ymax>1110</ymax>
		</bndbox>
	</object>
	<object>
		<name>ref_coin</name>
		<bndbox>
			<xmin>2522</xmin>
			<ymin>1462</ymin>
			<xmax>2739</xmax>
			<ymax>1627</ymax>
		</bndbox>
	</object>
	<object>
		<name>dish</name>
		<bndbox>
			<xmin>971</xmin>
			<ymin>183</ymin>
			<xmax>2475</xmax>
			<ymax>1287</ymax>
		</bndbox>
	</object>
	<object>
		<name>회덮밥</name>
		<bndbox>
			<xmin>1222</xmin>
			<ymin>616</ymin>
			<xmax>2068</xmax>
			<ymax>1146</ymax>
		</bndbox>
	</object>
</annotation>