<annotation>
	<folder>side비빔밥덮밥류냉면기회덮밥q2</folder>
	<filename>side_비빔밥덮밥류_냉면기_회덮밥_Q2_00004.JPG</filename>
	<path>/side비빔밥덮밥류냉면기회덮밥q2/side_비빔밥덮밥류_냉면기_회덮밥_Q2_00004.JPG</path>
	<source>
		<database>fooddata</database>
	</source>
	<size>
		<width>3008</width>
		<height>2000</height>
		<depth>3</depth>
	</size>
	<object>
		<name>ref_spoon</name>
		<bndbox>
			<xmin>1903</xmin>
			<ymin>582</ymin>
			<xmax>2120</xmax>
			<ymax>901</ymax>
		</bndbox>
	</object>
	<object>
		<name>ref_fork</name>
		<bndbox>
			<xmin>2219</xmin>
			<ymin>582</ymin>
			<xmax>2381</xmax>
			<ymax>932</ymax>
		</bndbox>
	</object>
	<object>
		<name>ref_coin</name>
		<bndbox>
			<xmin>864</xmin>
			<ymin>1648</ymin>
			<xmax>1058</xmax>
			<ymax>1799</ymax>
		</bndbox>
	</object>
	<object>
		<name>dish</name>
		<bndbox>
			<xmin>467</xmin>
			<ymin>282</ymin>
			<xmax>1786</xmax>
			<ymax>1230</ymax>
		</bndbox>
	</object>
	<object>
		<name>회덮밥</name>
		<bndbox>
			<xmin>809</xmin>
			<ymin>658</ymin>
			<xmax>1481</xmax>
			<ymax>1104</ymax>
		</bndbox>
	</object>
</annotation>