<annotation>
	<folder>top비빔밥덮밥류냉면기회덮밥q2</folder>
	<filename>top_비빔밥덮밥류_냉면기_회덮밥_Q2_00036.JPG</filename>
	<path>/top비빔밥덮밥류냉면기회덮밥q2/top_비빔밥덮밥류_냉면기_회덮밥_Q2_00036.JPG</path>
	<source>
		<database>fooddata</database>
	</source>
	<size>
		<width>3008</width>
		<height>2000</height>
		<depth>3</depth>
	</size>
	<object>
		<name>ref_spoon</name>
		<bndbox>
			<xmin>502</xmin>
			<ymin>278</ymin>
			<xmax>730</xmax>
			<ymax>676</ymax>
		</bndbox>
	</object>
	<object>
		<name>ref_fork</name>
		<bndbox>
			<xmin>818</xmin>
			<ymin>354</ymin>
			<xmax>971</xmax>
			<ymax>754</ymax>
		</bndbox>
	</object>
	<object>
		<name>ref_coin</name>
		<bndbox>
			<xmin>1349</xmin>
			<ymin>1663</ymin>
			<xmax>1516</xmax>
			<ymax>1838</ymax>
		</bndbox>
	</object>
	<object>
		<name>dish</name>
		<bndbox>
			<xmin>1020</xmin>
			<ymin>96</ymin>
			<xmax>2467</xmax>
			<ymax>1523</ymax>
		</bndbox>
	</object>
	<object>
		<name>회덮밥</name>
		<bndbox>
			<xmin>1266</xmin>
			<ymin>467</ymin>
			<xmax>2126</xmax>
			<ymax>1322</ymax>
		</bndbox>
	</object>
</annotation>