<annotation>
	<folder>top비빔밥덮밥류냉면기회덮밥q2</folder>
	<filename>top_비빔밥덮밥류_냉면기_회덮밥_Q2_00045.JPG</filename>
	<path>/top비빔밥덮밥류냉면기회덮밥q2/top_비빔밥덮밥류_냉면기_회덮밥_Q2_00045.JPG</path>
	<source>
		<database>fooddata</database>
	</source>
	<size>
		<width>3008</width>
		<height>2000</height>
		<depth>3</depth>
	</size>
	<object>
		<name>ref_spoon</name>
		<bndbox>
			<xmin>364</xmin>
			<ymin>511</ymin>
			<xmax>619</xmax>
			<ymax>919</ymax>
		</bndbox>
	</object>
	<object>
		<name>ref_fork</name>
		<bndbox>
			<xmin>723</xmin>
			<ymin>577</ymin>
			<xmax>897</xmax>
			<ymax>1015</ymax>
		</bndbox>
	</object>
	<object>
		<name>ref_coin</name>
		<bndbox>
			<xmin>2425</xmin>
			<ymin>130</ymin>
			<xmax>2602</xmax>
			<ymax>300</ymax>
		</bndbox>
	</object>
	<object>
		<name>dish</name>
		<bndbox>
			<xmin>968</xmin>
			<ymin>246</ymin>
			<xmax>2575</xmax>
			<ymax>1818</ymax>
		</bndbox>
	</object>
	<object>
		<name>회덮밥</name>
		<bndbox>
			<xmin>1280</xmin>
			<ymin>550</ymin>
			<xmax>2389</xmax>
			<ymax>1538</ymax>
		</bndbox>
	</object>
</annotation>