<annotation>
	<folder>top비빔밥덮밥류냉면기회덮밥q2</folder>
	<filename>top_비빔밥덮밥류_냉면기_회덮밥_Q2_00011.JPG</filename>
	<path>/top비빔밥덮밥류냉면기회덮밥q2/top_비빔밥덮밥류_냉면기_회덮밥_Q2_00011.JPG</path>
	<source>
		<database>fooddata</database>
	</source>
	<size>
		<width>3008</width>
		<height>2000</height>
		<depth>3</depth>
	</size>
	<object>
		<name>ref_spoon</name>
		<bndbox>
			<xmin>2118</xmin>
			<ymin>437</ymin>
			<xmax>2349</xmax>
			<ymax>830</ymax>
		</bndbox>
	</object>
	<object>
		<name>ref_fork</name>
		<bndbox>
			<xmin>2470</xmin>
			<ymin>506</ymin>
			<xmax>2627</xmax>
			<ymax>914</ymax>
		</bndbox>
	</object>
	<object>
		<name>ref_coin</name>
		<bndbox>
			<xmin>467</xmin>
			<ymin>388</ymin>
			<xmax>634</xmax>
			<ymax>548</ymax>
		</bndbox>
	</object>
	<object>
		<name>dish</name>
		<bndbox>
			<xmin>489</xmin>
			<ymin>366</ymin>
			<xmax>1995</xmax>
			<ymax>1853</ymax>
		</bndbox>
	</object>
	<object>
		<name>회덮밥</name>
		<bndbox>
			<xmin>752</xmin>
			<ymin>676</ymin>
			<xmax>1651</xmax>
			<ymax>1504</ymax>
		</bndbox>
	</object>
</annotation>