<annotation>
	<folder>top비빔밥덮밥류냉면기회덮밥q2</folder>
	<filename>top_비빔밥덮밥류_냉면기_회덮밥_Q2_00048.JPG</filename>
	<path>/top비빔밥덮밥류냉면기회덮밥q2/top_비빔밥덮밥류_냉면기_회덮밥_Q2_00048.JPG</path>
	<source>
		<database>fooddata</database>
	</source>
	<size>
		<width>3008</width>
		<height>2000</height>
		<depth>3</depth>
	</size>
	<object>
		<name>ref_spoon</name>
		<bndbox>
			<xmin>470</xmin>
			<ymin>555</ymin>
			<xmax>705</xmax>
			<ymax>941</ymax>
		</bndbox>
	</object>
	<object>
		<name>ref_fork</name>
		<bndbox>
			<xmin>796</xmin>
			<ymin>629</ymin>
			<xmax>961</xmax>
			<ymax>1032</ymax>
		</bndbox>
	</object>
	<object>
		<name>ref_coin</name>
		<bndbox>
			<xmin>678</xmin>
			<ymin>143</ymin>
			<xmax>846</xmax>
			<ymax>307</ymax>
		</bndbox>
	</object>
	<object>
		<name>dish</name>
		<bndbox>
			<xmin>986</xmin>
			<ymin>364</ymin>
			<xmax>2492</xmax>
			<ymax>1865</ymax>
		</bndbox>
	</object>
	<object>
		<name>회덮밥</name>
		<bndbox>
			<xmin>1273</xmin>
			<ymin>666</ymin>
			<xmax>2167</xmax>
			<ymax>1668</ymax>
		</bndbox>
	</object>
</annotation>