<annotation>
	<folder>top비빔밥덮밥류냉면기회덮밥q2</folder>
	<filename>top_비빔밥덮밥류_냉면기_회덮밥_Q2_00046.JPG</filename>
	<path>/top비빔밥덮밥류냉면기회덮밥q2/top_비빔밥덮밥류_냉면기_회덮밥_Q2_00046.JPG</path>
	<source>
		<database>fooddata</database>
	</source>
	<size>
		<width>3008</width>
		<height>2000</height>
		<depth>3</depth>
	</size>
	<object>
		<name>ref_spoon</name>
		<bndbox>
			<xmin>519</xmin>
			<ymin>602</ymin>
			<xmax>742</xmax>
			<ymax>961</ymax>
		</bndbox>
	</object>
	<object>
		<name>ref_fork</name>
		<bndbox>
			<xmin>823</xmin>
			<ymin>668</ymin>
			<xmax>973</xmax>
			<ymax>1049</ymax>
		</bndbox>
	</object>
	<object>
		<name>ref_coin</name>
		<bndbox>
			<xmin>1300</xmin>
			<ymin>157</ymin>
			<xmax>1452</xmax>
			<ymax>307</ymax>
		</bndbox>
	</object>
	<object>
		<name>dish</name>
		<bndbox>
			<xmin>1010</xmin>
			<ymin>464</ymin>
			<xmax>2374</xmax>
			<ymax>1830</ymax>
		</bndbox>
	</object>
	<object>
		<name>회덮밥</name>
		<bndbox>
			<xmin>1283</xmin>
			<ymin>705</ymin>
			<xmax>2217</xmax>
			<ymax>1604</ymax>
		</bndbox>
	</object>
</annotation>