<annotation>
	<folder>side주먹밥김밥류사각배달소고기김밥q3</folder>
	<filename>side_주먹밥김밥류_사각배달_소고기김밥_Q3_00006.JPG</filename>
	<path>/side주먹밥김밥류사각배달소고기김밥q3/side_주먹밥김밥류_사각배달_소고기김밥_Q3_00006.JPG</path>
	<source>
		<database>fooddata</database>
	</source>
	<size>
		<width>3008</width>
		<height>2000</height>
		<depth>3</depth>
	</size>
	<object>
		<name>ref_spoon</name>
		<bndbox>
			<xmin>2041</xmin>
			<ymin>476</ymin>
			<xmax>2329</xmax>
			<ymax>831</ymax>
		</bndbox>
	</object>
	<object>
		<name>ref_fork</name>
		<bndbox>
			<xmin>2418</xmin>
			<ymin>499</ymin>
			<xmax>2635</xmax>
			<ymax>885</ymax>
		</bndbox>
	</object>
	<object>
		<name>ref_coin</name>
		<bndbox>
			<xmin>488</xmin>
			<ymin>1169</ymin>
			<xmax>714</xmax>
			<ymax>1324</ymax>
		</bndbox>
	</object>
	<object>
		<name>dish</name>
		<bndbox>
			<xmin>867</xmin>
			<ymin>476</ymin>
			<xmax>1841</xmax>
			<ymax>1612</ymax>
		</bndbox>
	</object>
	<object>
		<name>소고기김밥</name>
		<bndbox>
			<xmin>958</xmin>
			<ymin>769</ymin>
			<xmax>1792</xmax>
			<ymax>1355</ymax>
		</bndbox>
	</object>
</annotation>