<annotation>
	<folder>side주먹밥김밥류사각배달소고기김밥q3</folder>
	<filename>side_주먹밥김밥류_사각배달_소고기김밥_Q3_00021.JPG</filename>
	<path>/side주먹밥김밥류사각배달소고기김밥q3/side_주먹밥김밥류_사각배달_소고기김밥_Q3_00021.JPG</path>
	<source>
		<database>fooddata</database>
	</source>
	<size>
		<width>3008</width>
		<height>2000</height>
		<depth>3</depth>
	</size>
	<object>
		<name>ref_spoon</name>
		<bndbox>
			<xmin>621</xmin>
			<ymin>1470</ymin>
			<xmax>1109</xmax>
			<ymax>1732</ymax>
		</bndbox>
	</object>
	<object>
		<name>ref_fork</name>
		<bndbox>
			<xmin>710</xmin>
			<ymin>1209</ymin>
			<xmax>1233</xmax>
			<ymax>1444</ymax>
		</bndbox>
	</object>
	<object>
		<name>ref_coin</name>
		<bndbox>
			<xmin>466</xmin>
			<ymin>805</ymin>
			<xmax>679</xmax>
			<ymax>951</ymax>
		</bndbox>
	</object>
	<object>
		<name>dish</name>
		<bndbox>
			<xmin>843</xmin>
			<ymin>255</ymin>
			<xmax>2174</xmax>
			<ymax>973</ymax>
		</bndbox>
	</object>
	<object>
		<name>소고기김밥</name>
		<bndbox>
			<xmin>1287</xmin>
			<ymin>347</ymin>
			<xmax>2125</xmax>
			<ymax>708</ymax>
		</bndbox>
	</object>
</annotation>