<annotation>
	<folder>side주먹밥김밥류사각배달소고기김밥q3</folder>
	<filename>side_주먹밥김밥류_사각배달_소고기김밥_Q3_00033.JPG</filename>
	<path>/side주먹밥김밥류사각배달소고기김밥q3/side_주먹밥김밥류_사각배달_소고기김밥_Q3_00033.JPG</path>
	<source>
		<database>fooddata</database>
	</source>
	<size>
		<width>3008</width>
		<height>2000</height>
		<depth>3</depth>
	</size>
	<object>
		<name>ref_spoon</name>
		<bndbox>
			<xmin>847</xmin>
			<ymin>1550</ymin>
			<xmax>1313</xmax>
			<ymax>1803</ymax>
		</bndbox>
	</object>
	<object>
		<name>ref_fork</name>
		<bndbox>
			<xmin>927</xmin>
			<ymin>1288</ymin>
			<xmax>1455</xmax>
			<ymax>1506</ymax>
		</bndbox>
	</object>
	<object>
		<name>ref_coin</name>
		<bndbox>
			<xmin>2374</xmin>
			<ymin>556</ymin>
			<xmax>2582</xmax>
			<ymax>698</ymax>
		</bndbox>
	</object>
	<object>
		<name>dish</name>
		<bndbox>
			<xmin>751</xmin>
			<ymin>245</ymin>
			<xmax>2082</xmax>
			<ymax>981</ymax>
		</bndbox>
	</object>
	<object>
		<name>소고기김밥</name>
		<bndbox>
			<xmin>1220</xmin>
			<ymin>347</ymin>
			<xmax>2047</xmax>
			<ymax>717</ymax>
		</bndbox>
	</object>
</annotation>