<annotation>
	<folder>side주먹밥김밥류사각배달소고기김밥q3</folder>
	<filename>side_주먹밥김밥류_사각배달_소고기김밥_Q3_00039.JPG</filename>
	<path>/side주먹밥김밥류사각배달소고기김밥q3/side_주먹밥김밥류_사각배달_소고기김밥_Q3_00039.JPG</path>
	<source>
		<database>fooddata</database>
	</source>
	<size>
		<width>3008</width>
		<height>2000</height>
		<depth>3</depth>
	</size>
	<object>
		<name>ref_spoon</name>
		<bndbox>
			<xmin>186</xmin>
			<ymin>508</ymin>
			<xmax>479</xmax>
			<ymax>858</ymax>
		</bndbox>
	</object>
	<object>
		<name>ref_fork</name>
		<bndbox>
			<xmin>617</xmin>
			<ymin>494</ymin>
			<xmax>816</xmax>
			<ymax>894</ymax>
		</bndbox>
	</object>
	<object>
		<name>ref_coin</name>
		<bndbox>
			<xmin>2507</xmin>
			<ymin>1299</ymin>
			<xmax>2740</xmax>
			<ymax>1454</ymax>
		</bndbox>
	</object>
	<object>
		<name>dish</name>
		<bndbox>
			<xmin>991</xmin>
			<ymin>423</ymin>
			<xmax>2274</xmax>
			<ymax>1625</ymax>
		</bndbox>
	</object>
	<object>
		<name>소고기김밥</name>
		<bndbox>
			<xmin>1109</xmin>
			<ymin>708</ymin>
			<xmax>2185</xmax>
			<ymax>1299</ymax>
		</bndbox>
	</object>
</annotation>