<annotation>
	<folder>side주먹밥김밥류사각배달소고기김밥q3</folder>
	<filename>side_주먹밥김밥류_사각배달_소고기김밥_Q3_00007.JPG</filename>
	<path>/side주먹밥김밥류사각배달소고기김밥q3/side_주먹밥김밥류_사각배달_소고기김밥_Q3_00007.JPG</path>
	<source>
		<database>fooddata</database>
	</source>
	<size>
		<width>3008</width>
		<height>2000</height>
		<depth>3</depth>
	</size>
	<object>
		<name>ref_spoon</name>
		<bndbox>
			<xmin>2063</xmin>
			<ymin>459</ymin>
			<xmax>2347</xmax>
			<ymax>809</ymax>
		</bndbox>
	</object>
	<object>
		<name>ref_fork</name>
		<bndbox>
			<xmin>2436</xmin>
			<ymin>476</ymin>
			<xmax>2658</xmax>
			<ymax>867</ymax>
		</bndbox>
	</object>
	<object>
		<name>ref_coin</name>
		<bndbox>
			<xmin>461</xmin>
			<ymin>902</ymin>
			<xmax>674</xmax>
			<ymax>1049</ymax>
		</bndbox>
	</object>
	<object>
		<name>dish</name>
		<bndbox>
			<xmin>781</xmin>
			<ymin>534</ymin>
			<xmax>1806</xmax>
			<ymax>1634</ymax>
		</bndbox>
	</object>
	<object>
		<name>소고기김밥</name>
		<bndbox>
			<xmin>883</xmin>
			<ymin>769</ymin>
			<xmax>1690</xmax>
			<ymax>1377</ymax>
		</bndbox>
	</object>
</annotation>