<annotation>
	<folder>side주먹밥김밥류사각배달소고기김밥q3</folder>
	<filename>side_주먹밥김밥류_사각배달_소고기김밥_Q3_00030.JPG</filename>
	<path>/side주먹밥김밥류사각배달소고기김밥q3/side_주먹밥김밥류_사각배달_소고기김밥_Q3_00030.JPG</path>
	<source>
		<database>fooddata</database>
	</source>
	<size>
		<width>3008</width>
		<height>2000</height>
		<depth>3</depth>
	</size>
	<object>
		<name>ref_spoon</name>
		<bndbox>
			<xmin>821</xmin>
			<ymin>1617</ymin>
			<xmax>1318</xmax>
			<ymax>1878</ymax>
		</bndbox>
	</object>
	<object>
		<name>ref_fork</name>
		<bndbox>
			<xmin>905</xmin>
			<ymin>1355</ymin>
			<xmax>1424</xmax>
			<ymax>1581</ymax>
		</bndbox>
	</object>
	<object>
		<name>ref_coin</name>
		<bndbox>
			<xmin>2379</xmin>
			<ymin>834</ymin>
			<xmax>2595</xmax>
			<ymax>982</ymax>
		</bndbox>
	</object>
	<object>
		<name>dish</name>
		<bndbox>
			<xmin>1130</xmin>
			<ymin>124</ymin>
			<xmax>2095</xmax>
			<ymax>1192</ymax>
		</bndbox>
	</object>
	<object>
		<name>소고기김밥</name>
		<bndbox>
			<xmin>1191</xmin>
			<ymin>291</ymin>
			<xmax>1979</xmax>
			<ymax>899</ymax>
		</bndbox>
	</object>
</annotation>