<annotation>
	<folder>top주먹밥김밥류사각배달소고기김밥q3</folder>
	<filename>top_주먹밥김밥류_사각배달_소고기김밥_Q3_00034.JPG</filename>
	<path>/top주먹밥김밥류사각배달소고기김밥q3/top_주먹밥김밥류_사각배달_소고기김밥_Q3_00034.JPG</path>
	<source>
		<database>fooddata</database>
	</source>
	<size>
		<width>3008</width>
		<height>2000</height>
		<depth>3</depth>
	</size>
	<object>
		<name>ref_spoon</name>
		<bndbox>
			<xmin>647</xmin>
			<ymin>334</ymin>
			<xmax>885</xmax>
			<ymax>689</ymax>
		</bndbox>
	</object>
	<object>
		<name>ref_fork</name>
		<bndbox>
			<xmin>917</xmin>
			<ymin>407</ymin>
			<xmax>1073</xmax>
			<ymax>811</ymax>
		</bndbox>
	</object>
	<object>
		<name>ref_coin</name>
		<bndbox>
			<xmin>1270</xmin>
			<ymin>1723</ymin>
			<xmax>1444</xmax>
			<ymax>1906</ymax>
		</bndbox>
	</object>
	<object>
		<name>dish</name>
		<bndbox>
			<xmin>1016</xmin>
			<ymin>261</ymin>
			<xmax>2158</xmax>
			<ymax>1577</ymax>
		</bndbox>
	</object>
	<object>
		<name>소고기김밥</name>
		<bndbox>
			<xmin>1235</xmin>
			<ymin>362</ymin>
			<xmax>1923</xmax>
			<ymax>1495</ymax>
		</bndbox>
	</object>
</annotation>