<annotation>
	<folder>top주먹밥김밥류사각배달소고기김밥q3</folder>
	<filename>top_주먹밥김밥류_사각배달_소고기김밥_Q3_00027.JPG</filename>
	<path>/top주먹밥김밥류사각배달소고기김밥q3/top_주먹밥김밥류_사각배달_소고기김밥_Q3_00027.JPG</path>
	<source>
		<database>fooddata</database>
	</source>
	<size>
		<width>3008</width>
		<height>2000</height>
		<depth>3</depth>
	</size>
	<object>
		<name>ref_spoon</name>
		<bndbox>
			<xmin>452</xmin>
			<ymin>1652</ymin>
			<xmax>786</xmax>
			<ymax>1878</ymax>
		</bndbox>
	</object>
	<object>
		<name>ref_fork</name>
		<bndbox>
			<xmin>478</xmin>
			<ymin>1443</ymin>
			<xmax>833</xmax>
			<ymax>1589</ymax>
		</bndbox>
	</object>
	<object>
		<name>ref_coin</name>
		<bndbox>
			<xmin>1223</xmin>
			<ymin>1229</ymin>
			<xmax>1369</xmax>
			<ymax>1380</ymax>
		</bndbox>
	</object>
	<object>
		<name>dish</name>
		<bndbox>
			<xmin>539</xmin>
			<ymin>266</ymin>
			<xmax>1662</xmax>
			<ymax>1182</ymax>
		</bndbox>
	</object>
	<object>
		<name>소고기김밥</name>
		<bndbox>
			<xmin>605</xmin>
			<ymin>449</ymin>
			<xmax>1592</xmax>
			<ymax>992</ymax>
		</bndbox>
	</object>
</annotation>