<annotation>
	<folder>top주먹밥김밥류사각배달소고기김밥q3</folder>
	<filename>top_주먹밥김밥류_사각배달_소고기김밥_Q3_00022.JPG</filename>
	<path>/top주먹밥김밥류사각배달소고기김밥q3/top_주먹밥김밥류_사각배달_소고기김밥_Q3_00022.JPG</path>
	<source>
		<database>fooddata</database>
	</source>
	<size>
		<width>3008</width>
		<height>2000</height>
		<depth>3</depth>
	</size>
	<object>
		<name>ref_spoon</name>
		<bndbox>
			<xmin>572</xmin>
			<ymin>1624</ymin>
			<xmax>908</xmax>
			<ymax>1840</ymax>
		</bndbox>
	</object>
	<object>
		<name>ref_fork</name>
		<bndbox>
			<xmin>593</xmin>
			<ymin>1415</ymin>
			<xmax>957</xmax>
			<ymax>1558</ymax>
		</bndbox>
	</object>
	<object>
		<name>ref_coin</name>
		<bndbox>
			<xmin>1286</xmin>
			<ymin>235</ymin>
			<xmax>1425</xmax>
			<ymax>378</ymax>
		</bndbox>
	</object>
	<object>
		<name>dish</name>
		<bndbox>
			<xmin>480</xmin>
			<ymin>331</ymin>
			<xmax>1618</xmax>
			<ymax>1276</ymax>
		</bndbox>
	</object>
	<object>
		<name>소고기김밥</name>
		<bndbox>
			<xmin>694</xmin>
			<ymin>449</ymin>
			<xmax>1430</xmax>
			<ymax>1231</ymax>
		</bndbox>
	</object>
</annotation>