<annotation>
	<folder>top주먹밥김밥류사각배달소고기김밥q3</folder>
	<filename>top_주먹밥김밥류_사각배달_소고기김밥_Q3_00010.JPG</filename>
	<path>/top주먹밥김밥류사각배달소고기김밥q3/top_주먹밥김밥류_사각배달_소고기김밥_Q3_00010.JPG</path>
	<source>
		<database>fooddata</database>
	</source>
	<size>
		<width>3008</width>
		<height>2000</height>
		<depth>3</depth>
	</size>
	<object>
		<name>ref_spoon</name>
		<bndbox>
			<xmin>2031</xmin>
			<ymin>454</ymin>
			<xmax>2285</xmax>
			<ymax>834</ymax>
		</bndbox>
	</object>
	<object>
		<name>ref_fork</name>
		<bndbox>
			<xmin>2356</xmin>
			<ymin>491</ymin>
			<xmax>2551</xmax>
			<ymax>895</ymax>
		</bndbox>
	</object>
	<object>
		<name>ref_coin</name>
		<bndbox>
			<xmin>1228</xmin>
			<ymin>75</ymin>
			<xmax>1402</xmax>
			<ymax>242</ymax>
		</bndbox>
	</object>
	<object>
		<name>dish</name>
		<bndbox>
			<xmin>739</xmin>
			<ymin>472</ymin>
			<xmax>1484</xmax>
			<ymax>1666</ymax>
		</bndbox>
	</object>
	<object>
		<name>소고기김밥</name>
		<bndbox>
			<xmin>776</xmin>
			<ymin>893</ymin>
			<xmax>1474</xmax>
			<ymax>1640</ymax>
		</bndbox>
	</object>
</annotation>