<annotation>
	<folder>top주먹밥김밥류사각배달소고기김밥q3</folder>
	<filename>top_주먹밥김밥류_사각배달_소고기김밥_Q3_00041.JPG</filename>
	<path>/top주먹밥김밥류사각배달소고기김밥q3/top_주먹밥김밥류_사각배달_소고기김밥_Q3_00041.JPG</path>
	<source>
		<database>fooddata</database>
	</source>
	<size>
		<width>3008</width>
		<height>2000</height>
		<depth>3</depth>
	</size>
	<object>
		<name>ref_spoon</name>
		<bndbox>
			<xmin>447</xmin>
			<ymin>306</ymin>
			<xmax>692</xmax>
			<ymax>660</ymax>
		</bndbox>
	</object>
	<object>
		<name>ref_fork</name>
		<bndbox>
			<xmin>720</xmin>
			<ymin>390</ymin>
			<xmax>878</xmax>
			<ymax>785</ymax>
		</bndbox>
	</object>
	<object>
		<name>ref_coin</name>
		<bndbox>
			<xmin>1204</xmin>
			<ymin>280</ymin>
			<xmax>1371</xmax>
			<ymax>444</ymax>
		</bndbox>
	</object>
	<object>
		<name>dish</name>
		<bndbox>
			<xmin>795</xmin>
			<ymin>501</ymin>
			<xmax>2130</xmax>
			<ymax>1702</ymax>
		</bndbox>
	</object>
	<object>
		<name>소고기김밥</name>
		<bndbox>
			<xmin>1077</xmin>
			<ymin>642</ymin>
			<xmax>1834</xmax>
			<ymax>1631</ymax>
		</bndbox>
	</object>
</annotation>