<annotation>
	<folder>side오므라이스접시오므라이스q3</folder>
	<filename>side_오므라이스_접시_오므라이스_Q3_00013.JPG</filename>
	<path>/side오므라이스접시오므라이스q3/side_오므라이스_접시_오므라이스_Q3_00013.JPG</path>
	<source>
		<database>fooddata</database>
	</source>
	<size>
		<width>5472</width>
		<height>3648</height>
		<depth>3</depth>
	</size>
	<object>
		<name>ref_spoon</name>
		<bndbox>
			<xmin>1839</xmin>
			<ymin>2956</ymin>
			<xmax>2736</xmax>
			<ymax>3465</ymax>
		</bndbox>
	</object>
	<object>
		<name>ref_fork</name>
		<bndbox>
			<xmin>1932</xmin>
			<ymin>2439</ymin>
			<xmax>2893</xmax>
			<ymax>2818</ymax>
		</bndbox>
	</object>
	<object>
		<name>ref_coin</name>
		<bndbox>
			<xmin>4566</xmin>
			<ymin>1339</ymin>
			<xmax>4936</xmax>
			<ymax>1625</ymax>
		</bndbox>
	</object>
	<object>
		<name>dish</name>
		<bndbox>
			<xmin>1377</xmin>
			<ymin>230</ymin>
			<xmax>4437</xmax>
			<ymax>2282</ymax>
		</bndbox>
	</object>
	<object>
		<name>오므라이스</name>
		<bndbox>
			<xmin>1886</xmin>
			<ymin>645</ymin>
			<xmax>3642</xmax>
			<ymax>1967</ymax>
		</bndbox>
	</object>
</annotation>