<annotation>
	<folder>side오므라이스접시오므라이스q3</folder>
	<filename>side_오므라이스_접시_오므라이스_Q3_00001.JPG</filename>
	<path>/side오므라이스접시오므라이스q3/side_오므라이스_접시_오므라이스_Q3_00001.JPG</path>
	<source>
		<database>fooddata</database>
	</source>
	<size>
		<width>5472</width>
		<height>3648</height>
		<depth>3</depth>
	</size>
	<object>
		<name>ref_spoon</name>
		<bndbox>
			<xmin>296</xmin>
			<ymin>1052</ymin>
			<xmax>832</xmax>
			<ymax>1819</ymax>
		</bndbox>
	</object>
	<object>
		<name>ref_fork</name>
		<bndbox>
			<xmin>989</xmin>
			<ymin>1061</ymin>
			<xmax>1386</xmax>
			<ymax>1921</ymax>
		</bndbox>
	</object>
	<object>
		<name>ref_coin</name>
		<bndbox>
			<xmin>3411</xmin>
			<ymin>433</ymin>
			<xmax>3790</xmax>
			<ymax>729</ymax>
		</bndbox>
	</object>
	<object>
		<name>dish</name>
		<bndbox>
			<xmin>1451</xmin>
			<ymin>840</ymin>
			<xmax>5204</xmax>
			<ymax>2901</ymax>
		</bndbox>
	</object>
	<object>
		<name>오므라이스</name>
		<bndbox>
			<xmin>2459</xmin>
			<ymin>1209</ymin>
			<xmax>4548</xmax>
			<ymax>2337</ymax>
		</bndbox>
	</object>
</annotation>