<annotation>
	<folder>side오므라이스접시오므라이스q3</folder>
	<filename>side_오므라이스_접시_오므라이스_Q3_00008.JPG</filename>
	<path>/side오므라이스접시오므라이스q3/side_오므라이스_접시_오므라이스_Q3_00008.JPG</path>
	<source>
		<database>fooddata</database>
	</source>
	<size>
		<width>5472</width>
		<height>3648</height>
		<depth>3</depth>
	</size>
	<object>
		<name>ref_spoon</name>
		<bndbox>
			<xmin>342</xmin>
			<ymin>1117</ymin>
			<xmax>878</xmax>
			<ymax>1912</ymax>
		</bndbox>
	</object>
	<object>
		<name>ref_fork</name>
		<bndbox>
			<xmin>1054</xmin>
			<ymin>1117</ymin>
			<xmax>1423</xmax>
			<ymax>1986</ymax>
		</bndbox>
	</object>
	<object>
		<name>ref_coin</name>
		<bndbox>
			<xmin>3836</xmin>
			<ymin>2938</ymin>
			<xmax>4289</xmax>
			<ymax>3326</ymax>
		</bndbox>
	</object>
	<object>
		<name>dish</name>
		<bndbox>
			<xmin>1923</xmin>
			<ymin>377</ymin>
			<xmax>4834</xmax>
			<ymax>3039</ymax>
		</bndbox>
	</object>
	<object>
		<name>오므라이스</name>
		<bndbox>
			<xmin>2644</xmin>
			<ymin>821</ymin>
			<xmax>4187</xmax>
			<ymax>2540</ymax>
		</bndbox>
	</object>
</annotation>