<annotation>
	<folder>side오므라이스접시오므라이스q3</folder>
	<filename>side_오므라이스_접시_오므라이스_Q3_00046.JPG</filename>
	<path>/side오므라이스접시오므라이스q3/side_오므라이스_접시_오므라이스_Q3_00046.JPG</path>
	<source>
		<database>fooddata</database>
	</source>
	<size>
		<width>5472</width>
		<height>3648</height>
		<depth>3</depth>
	</size>
	<object>
		<name>ref_spoon</name>
		<bndbox>
			<xmin>730</xmin>
			<ymin>1135</ymin>
			<xmax>1211</xmax>
			<ymax>1856</ymax>
		</bndbox>
	</object>
	<object>
		<name>ref_fork</name>
		<bndbox>
			<xmin>1368</xmin>
			<ymin>1135</ymin>
			<xmax>1701</xmax>
			<ymax>1912</ymax>
		</bndbox>
	</object>
	<object>
		<name>ref_coin</name>
		<bndbox>
			<xmin>2339</xmin>
			<ymin>2762</ymin>
			<xmax>2718</xmax>
			<ymax>3086</ymax>
		</bndbox>
	</object>
	<object>
		<name>dish</name>
		<bndbox>
			<xmin>1950</xmin>
			<ymin>895</ymin>
			<xmax>5195</xmax>
			<ymax>2688</ymax>
		</bndbox>
	</object>
	<object>
		<name>오므라이스</name>
		<bndbox>
			<xmin>2736</xmin>
			<ymin>1080</ymin>
			<xmax>4705</xmax>
			<ymax>2300</ymax>
		</bndbox>
	</object>
</annotation>