<annotation>
	<folder>side오므라이스접시오므라이스q3</folder>
	<filename>side_오므라이스_접시_오므라이스_Q3_00009.JPG</filename>
	<path>/side오므라이스접시오므라이스q3/side_오므라이스_접시_오므라이스_Q3_00009.JPG</path>
	<source>
		<database>fooddata</database>
	</source>
	<size>
		<width>5472</width>
		<height>3648</height>
		<depth>3</depth>
	</size>
	<object>
		<name>ref_spoon</name>
		<bndbox>
			<xmin>370</xmin>
			<ymin>1080</ymin>
			<xmax>897</xmax>
			<ymax>1838</ymax>
		</bndbox>
	</object>
	<object>
		<name>ref_fork</name>
		<bndbox>
			<xmin>1081</xmin>
			<ymin>1061</ymin>
			<xmax>1460</xmax>
			<ymax>1930</ymax>
		</bndbox>
	</object>
	<object>
		<name>ref_coin</name>
		<bndbox>
			<xmin>3475</xmin>
			<ymin>2966</ymin>
			<xmax>3910</xmax>
			<ymax>3354</ymax>
		</bndbox>
	</object>
	<object>
		<name>dish</name>
		<bndbox>
			<xmin>1756</xmin>
			<ymin>461</ymin>
			<xmax>5148</xmax>
			<ymax>2855</ymax>
		</bndbox>
	</object>
	<object>
		<name>오므라이스</name>
		<bndbox>
			<xmin>2394</xmin>
			<ymin>803</ymin>
			<xmax>4344</xmax>
			<ymax>2337</ymax>
		</bndbox>
	</object>
</annotation>