<annotation>
	<folder>side오므라이스접시오므라이스q3</folder>
	<filename>side_오므라이스_접시_오므라이스_Q3_00011.JPG</filename>
	<path>/side오므라이스접시오므라이스q3/side_오므라이스_접시_오므라이스_Q3_00011.JPG</path>
	<source>
		<database>fooddata</database>
	</source>
	<size>
		<width>5472</width>
		<height>3648</height>
		<depth>3</depth>
	</size>
	<object>
		<name>ref_spoon</name>
		<bndbox>
			<xmin>1812</xmin>
			<ymin>2966</ymin>
			<xmax>2718</xmax>
			<ymax>3465</ymax>
		</bndbox>
	</object>
	<object>
		<name>ref_fork</name>
		<bndbox>
			<xmin>1904</xmin>
			<ymin>2439</ymin>
			<xmax>2902</xmax>
			<ymax>2836</ymax>
		</bndbox>
	</object>
	<object>
		<name>ref_coin</name>
		<bndbox>
			<xmin>4418</xmin>
			<ymin>609</ymin>
			<xmax>4779</xmax>
			<ymax>877</ymax>
		</bndbox>
	</object>
	<object>
		<name>dish</name>
		<bndbox>
			<xmin>1294</xmin>
			<ymin>414</ymin>
			<xmax>4631</xmax>
			<ymax>2235</ymax>
		</bndbox>
	</object>
	<object>
		<name>오므라이스</name>
		<bndbox>
			<xmin>1849</xmin>
			<ymin>775</ymin>
			<xmax>3864</xmax>
			<ymax>1921</ymax>
		</bndbox>
	</object>
</annotation>