<annotation>
	<folder>top오므라이스접시오므라이스q3</folder>
	<filename>top_오므라이스_접시_오므라이스_Q3_00049.JPG</filename>
	<path>/top오므라이스접시오므라이스q3/top_오므라이스_접시_오므라이스_Q3_00049.JPG</path>
	<source>
		<database>fooddata</database>
	</source>
	<size>
		<width>5472</width>
		<height>3648</height>
		<depth>3</depth>
	</size>
	<object>
		<name>오므라이스</name>
		<bndbox>
			<xmin>2366</xmin>
			<ymin>2781</ymin>
			<xmax>3152</xmax>
			<ymax>3234</ymax>
		</bndbox>
	</object>
	<object>
		<name>오므라이스</name>
		<bndbox>
			<xmin>2366</xmin>
			<ymin>2361</ymin>
			<xmax>3198</xmax>
			<ymax>2670</ymax>
		</bndbox>
	</object>
	<object>
		<name>오므라이스</name>
		<bndbox>
			<xmin>1782</xmin>
			<ymin>1730</ymin>
			<xmax>2064</xmax>
			<ymax>2018</ymax>
		</bndbox>
	</object>
	<object>
		<name>오므라이스</name>
		<bndbox>
			<xmin>1934</xmin>
			<ymin>64</ymin>
			<xmax>4835</xmax>
			<ymax>2054</ymax>
		</bndbox>
	</object>
</annotation>