<annotation>
	<folder>top오므라이스접시오므라이스q3</folder>
	<filename>top_오므라이스_접시_오므라이스_Q3_00015.JPG</filename>
	<path>/top오므라이스접시오므라이스q3/top_오므라이스_접시_오므라이스_Q3_00015.JPG</path>
	<source>
		<database>fooddata</database>
	</source>
	<size>
		<width>5472</width>
		<height>3648</height>
		<depth>3</depth>
	</size>
	<object>
		<name>ref_spoon</name>
		<bndbox>
			<xmin>4207</xmin>
			<ymin>676</ymin>
			<xmax>4674</xmax>
			<ymax>1441</ymax>
		</bndbox>
	</object>
	<object>
		<name>ref_fork</name>
		<bndbox>
			<xmin>4784</xmin>
			<ymin>755</ymin>
			<xmax>5122</xmax>
			<ymax>1600</ymax>
		</bndbox>
	</object>
	<object>
		<name>ref_coin</name>
		<bndbox>
			<xmin>2994</xmin>
			<ymin>89</ymin>
			<xmax>3293</xmax>
			<ymax>427</ymax>
		</bndbox>
	</object>
	<object>
		<name>dish</name>
		<bndbox>
			<xmin>1722</xmin>
			<ymin>577</ymin>
			<xmax>4177</xmax>
			<ymax>3529</ymax>
		</bndbox>
	</object>
	<object>
		<name>오므라이스</name>
		<bndbox>
			<xmin>2428</xmin>
			<ymin>1322</ymin>
			<xmax>3591</xmax>
			<ymax>2714</ymax>
		</bndbox>
	</object>
</annotation>