<annotation>
	<folder>top오므라이스접시오므라이스q3</folder>
	<filename>top_오므라이스_접시_오므라이스_Q3_00030.JPG</filename>
	<path>/top오므라이스접시오므라이스q3/top_오므라이스_접시_오므라이스_Q3_00030.JPG</path>
	<source>
		<database>fooddata</database>
	</source>
	<size>
		<width>5472</width>
		<height>3648</height>
		<depth>3</depth>
	</size>
	<object>
		<name>ref_spoon</name>
		<bndbox>
			<xmin>994</xmin>
			<ymin>1186</ymin>
			<xmax>1473</xmax>
			<ymax>1926</ymax>
		</bndbox>
	</object>
	<object>
		<name>ref_fork</name>
		<bndbox>
			<xmin>1616</xmin>
			<ymin>1178</ymin>
			<xmax>1919</xmax>
			<ymax>2035</ymax>
		</bndbox>
	</object>
	<object>
		<name>ref_coin</name>
		<bndbox>
			<xmin>2398</xmin>
			<ymin>758</ymin>
			<xmax>2734</xmax>
			<ymax>1069</ymax>
		</bndbox>
	</object>
	<object>
		<name>dish</name>
		<bndbox>
			<xmin>2129</xmin>
			<ymin>985</ymin>
			<xmax>5347</xmax>
			<ymax>3321</ymax>
		</bndbox>
	</object>
	<object>
		<name>오므라이스</name>
		<bndbox>
			<xmin>2919</xmin>
			<ymin>1556</ymin>
			<xmax>4633</xmax>
			<ymax>2531</ymax>
		</bndbox>
	</object>
</annotation>