<annotation>
	<folder>top오므라이스접시오므라이스q3</folder>
	<filename>top_오므라이스_접시_오므라이스_Q3_00020.JPG</filename>
	<path>/top오므라이스접시오므라이스q3/top_오므라이스_접시_오므라이스_Q3_00020.JPG</path>
	<source>
		<database>fooddata</database>
	</source>
	<size>
		<width>5472</width>
		<height>3648</height>
		<depth>3</depth>
	</size>
	<object>
		<name>ref_spoon</name>
		<bndbox>
			<xmin>1227</xmin>
			<ymin>1028</ymin>
			<xmax>1682</xmax>
			<ymax>1837</ymax>
		</bndbox>
	</object>
	<object>
		<name>ref_fork</name>
		<bndbox>
			<xmin>1805</xmin>
			<ymin>1075</ymin>
			<xmax>2121</xmax>
			<ymax>1906</ymax>
		</bndbox>
	</object>
	<object>
		<name>ref_coin</name>
		<bndbox>
			<xmin>3484</xmin>
			<ymin>2877</ymin>
			<xmax>3824</xmax>
			<ymax>3216</ymax>
		</bndbox>
	</object>
	<object>
		<name>dish</name>
		<bndbox>
			<xmin>2429</xmin>
			<ymin>119</ymin>
			<xmax>5102</xmax>
			<ymax>2838</ymax>
		</bndbox>
	</object>
	<object>
		<name>오므라이스</name>
		<bndbox>
			<xmin>3130</xmin>
			<ymin>890</ymin>
			<xmax>4570</xmax>
			<ymax>2276</ymax>
		</bndbox>
	</object>
</annotation>