<annotation>
	<folder>top오므라이스접시오므라이스q3</folder>
	<filename>top_오므라이스_접시_오므라이스_Q3_00031.JPG</filename>
	<path>/top오므라이스접시오므라이스q3/top_오므라이스_접시_오므라이스_Q3_00031.JPG</path>
	<source>
		<database>fooddata</database>
	</source>
	<size>
		<width>5472</width>
		<height>3648</height>
		<depth>3</depth>
	</size>
	<object>
		<name>ref_spoon</name>
		<bndbox>
			<xmin>961</xmin>
			<ymin>1089</ymin>
			<xmax>1442</xmax>
			<ymax>1847</ymax>
		</bndbox>
	</object>
	<object>
		<name>ref_fork</name>
		<bndbox>
			<xmin>1571</xmin>
			<ymin>1080</ymin>
			<xmax>1904</xmax>
			<ymax>1903</ymax>
		</bndbox>
	</object>
	<object>
		<name>ref_coin</name>
		<bndbox>
			<xmin>2112</xmin>
			<ymin>907</ymin>
			<xmax>2453</xmax>
			<ymax>1227</ymax>
		</bndbox>
	</object>
	<object>
		<name>dish</name>
		<bndbox>
			<xmin>2140</xmin>
			<ymin>850</ymin>
			<xmax>5176</xmax>
			<ymax>3324</ymax>
		</bndbox>
	</object>
	<object>
		<name>오므라이스</name>
		<bndbox>
			<xmin>2850</xmin>
			<ymin>1413</ymin>
			<xmax>4437</xmax>
			<ymax>2538</ymax>
		</bndbox>
	</object>
</annotation>