<annotation>
	<folder>top오므라이스접시오므라이스q3</folder>
	<filename>top_오므라이스_접시_오므라이스_Q3_00006.JPG</filename>
	<path>/top오므라이스접시오므라이스q3/top_오므라이스_접시_오므라이스_Q3_00006.JPG</path>
	<source>
		<database>fooddata</database>
	</source>
	<size>
		<width>5472</width>
		<height>3648</height>
		<depth>3</depth>
	</size>
	<object>
		<name>ref_spoon</name>
		<bndbox>
			<xmin>3949</xmin>
			<ymin>487</ymin>
			<xmax>4426</xmax>
			<ymax>1302</ymax>
		</bndbox>
	</object>
	<object>
		<name>ref_fork</name>
		<bndbox>
			<xmin>4545</xmin>
			<ymin>547</ymin>
			<xmax>4913</xmax>
			<ymax>1421</ymax>
		</bndbox>
	</object>
	<object>
		<name>ref_coin</name>
		<bndbox>
			<xmin>2135</xmin>
			<ymin>2833</ymin>
			<xmax>2478</xmax>
			<ymax>3211</ymax>
		</bndbox>
	</object>
	<object>
		<name>dish</name>
		<bndbox>
			<xmin>927</xmin>
			<ymin>189</ymin>
			<xmax>3919</xmax>
			<ymax>2765</ymax>
		</bndbox>
	</object>
	<object>
		<name>오므라이스</name>
		<bndbox>
			<xmin>1702</xmin>
			<ymin>785</ymin>
			<xmax>3144</xmax>
			<ymax>2044</ymax>
		</bndbox>
	</object>
</annotation>