<annotation>
	<folder>top오므라이스접시오므라이스q3</folder>
	<filename>top_오므라이스_접시_오므라이스_Q3_00035.JPG</filename>
	<path>/top오므라이스접시오므라이스q3/top_오므라이스_접시_오므라이스_Q3_00035.JPG</path>
	<source>
		<database>fooddata</database>
	</source>
	<size>
		<width>5472</width>
		<height>3648</height>
		<depth>3</depth>
	</size>
	<object>
		<name>ref_spoon</name>
		<bndbox>
			<xmin>2000</xmin>
			<ymin>3032</ymin>
			<xmax>2865</xmax>
			<ymax>3529</ymax>
		</bndbox>
	</object>
	<object>
		<name>ref_fork</name>
		<bndbox>
			<xmin>2100</xmin>
			<ymin>2624</ymin>
			<xmax>2945</xmax>
			<ymax>2962</ymax>
		</bndbox>
	</object>
	<object>
		<name>ref_coin</name>
		<bndbox>
			<xmin>4843</xmin>
			<ymin>994</ymin>
			<xmax>5171</xmax>
			<ymax>1302</ymax>
		</bndbox>
	</object>
	<object>
		<name>dish</name>
		<bndbox>
			<xmin>1643</xmin>
			<ymin>328</ymin>
			<xmax>4744</xmax>
			<ymax>2465</ymax>
		</bndbox>
	</object>
	<object>
		<name>오므라이스</name>
		<bndbox>
			<xmin>2378</xmin>
			<ymin>865</ymin>
			<xmax>4237</xmax>
			<ymax>1759</ymax>
		</bndbox>
	</object>
</annotation>