<annotation>
	<folder>side비빔밥덮밥류냉면기전주비빔밥q4</folder>
	<filename>side_비빔밥덮밥류_냉면기_전주비빔밥_Q4_00008.JPG</filename>
	<path>/side비빔밥덮밥류냉면기전주비빔밥q4/side_비빔밥덮밥류_냉면기_전주비빔밥_Q4_00008.JPG</path>
	<source>
		<database>fooddata</database>
	</source>
	<size>
		<width>3008</width>
		<height>2000</height>
		<depth>3</depth>
	</size>
	<object>
		<name>ref_spoon</name>
		<bndbox>
			<xmin>2125</xmin>
			<ymin>608</ymin>
			<xmax>2367</xmax>
			<ymax>1044</ymax>
		</bndbox>
	</object>
	<object>
		<name>ref_fork</name>
		<bndbox>
			<xmin>2490</xmin>
			<ymin>648</ymin>
			<xmax>2654</xmax>
			<ymax>1133</ymax>
		</bndbox>
	</object>
	<object>
		<name>ref_coin</name>
		<bndbox>
			<xmin>207</xmin>
			<ymin>833</ymin>
			<xmax>398</xmax>
			<ymax>969</ymax>
		</bndbox>
	</object>
	<object>
		<name>dish</name>
		<bndbox>
			<xmin>484</xmin>
			<ymin>430</ymin>
			<xmax>1794</xmax>
			<ymax>1543</ymax>
		</bndbox>
	</object>
	<object>
		<name>전주비빔밥</name>
		<bndbox>
			<xmin>644</xmin>
			<ymin>720</ymin>
			<xmax>1647</xmax>
			<ymax>1294</ymax>
		</bndbox>
	</object>
</annotation>