<annotation>
	<folder>side비빔밥덮밥류냉면기전주비빔밥q4</folder>
	<filename>side_비빔밥덮밥류_냉면기_전주비빔밥_Q4_00001.JPG</filename>
	<path>/side비빔밥덮밥류냉면기전주비빔밥q4/side_비빔밥덮밥류_냉면기_전주비빔밥_Q4_00001.JPG</path>
	<source>
		<database>fooddata</database>
	</source>
	<size>
		<width>3008</width>
		<height>2000</height>
		<depth>3</depth>
	</size>
	<object>
		<name>ref_spoon</name>
		<bndbox>
			<xmin>1917</xmin>
			<ymin>457</ymin>
			<xmax>2190</xmax>
			<ymax>952</ymax>
		</bndbox>
	</object>
	<object>
		<name>ref_fork</name>
		<bndbox>
			<xmin>2340</xmin>
			<ymin>471</ymin>
			<xmax>2521</xmax>
			<ymax>1024</ymax>
		</bndbox>
	</object>
	<object>
		<name>ref_coin</name>
		<bndbox>
			<xmin>1620</xmin>
			<ymin>1573</ymin>
			<xmax>1845</xmax>
			<ymax>1747</ymax>
		</bndbox>
	</object>
	<object>
		<name>dish</name>
		<bndbox>
			<xmin>193</xmin>
			<ymin>212</ymin>
			<xmax>1658</xmax>
			<ymax>1447</ymax>
		</bndbox>
	</object>
	<object>
		<name>전주비빔밥</name>
		<bndbox>
			<xmin>354</xmin>
			<ymin>491</ymin>
			<xmax>1504</xmax>
			<ymax>1174</ymax>
		</bndbox>
	</object>
</annotation>