<annotation>
	<folder>side비빔밥덮밥류냉면기전주비빔밥q4</folder>
	<filename>side_비빔밥덮밥류_냉면기_전주비빔밥_Q4_00052.JPG</filename>
	<path>/side비빔밥덮밥류냉면기전주비빔밥q4/side_비빔밥덮밥류_냉면기_전주비빔밥_Q4_00052.JPG</path>
	<source>
		<database>fooddata</database>
	</source>
	<size>
		<width>3008</width>
		<height>2000</height>
		<depth>3</depth>
	</size>
	<object>
		<name>ref_spoon</name>
		<bndbox>
			<xmin>569</xmin>
			<ymin>601</ymin>
			<xmax>832</xmax>
			<ymax>1041</ymax>
		</bndbox>
	</object>
	<object>
		<name>ref_fork</name>
		<bndbox>
			<xmin>917</xmin>
			<ymin>638</ymin>
			<xmax>1122</xmax>
			<ymax>1147</ymax>
		</bndbox>
	</object>
	<object>
		<name>ref_coin</name>
		<bndbox>
			<xmin>1258</xmin>
			<ymin>1553</ymin>
			<xmax>1453</xmax>
			<ymax>1706</ymax>
		</bndbox>
	</object>
	<object>
		<name>dish</name>
		<bndbox>
			<xmin>1299</xmin>
			<ymin>399</ymin>
			<xmax>2627</xmax>
			<ymax>1502</ymax>
		</bndbox>
	</object>
	<object>
		<name>전주비빔밥</name>
		<bndbox>
			<xmin>1395</xmin>
			<ymin>652</ymin>
			<xmax>2453</xmax>
			<ymax>1249</ymax>
		</bndbox>
	</object>
</annotation>