<annotation>
	<folder>side비빔밥덮밥류냉면기전주비빔밥q4</folder>
	<filename>side_비빔밥덮밥류_냉면기_전주비빔밥_Q4_00011.JPG</filename>
	<path>/side비빔밥덮밥류냉면기전주비빔밥q4/side_비빔밥덮밥류_냉면기_전주비빔밥_Q4_00011.JPG</path>
	<source>
		<database>fooddata</database>
	</source>
	<size>
		<width>3008</width>
		<height>2000</height>
		<depth>3</depth>
	</size>
	<object>
		<name>ref_spoon</name>
		<bndbox>
			<xmin>2040</xmin>
			<ymin>635</ymin>
			<xmax>2282</xmax>
			<ymax>1078</ymax>
		</bndbox>
	</object>
	<object>
		<name>ref_fork</name>
		<bndbox>
			<xmin>2412</xmin>
			<ymin>659</ymin>
			<xmax>2576</xmax>
			<ymax>1157</ymax>
		</bndbox>
	</object>
	<object>
		<name>ref_coin</name>
		<bndbox>
			<xmin>1224</xmin>
			<ymin>331</ymin>
			<xmax>1391</xmax>
			<ymax>440</ymax>
		</bndbox>
	</object>
	<object>
		<name>dish</name>
		<bndbox>
			<xmin>255</xmin>
			<ymin>495</ymin>
			<xmax>1589</xmax>
			<ymax>1608</ymax>
		</bndbox>
	</object>
	<object>
		<name>전주비빔밥</name>
		<bndbox>
			<xmin>398</xmin>
			<ymin>761</ymin>
			<xmax>1398</xmax>
			<ymax>1386</ymax>
		</bndbox>
	</object>
</annotation>