<annotation>
	<folder>side비빔밥덮밥류냉면기전주비빔밥q4</folder>
	<filename>side_비빔밥덮밥류_냉면기_전주비빔밥_Q4_00022.JPG</filename>
	<path>/side비빔밥덮밥류냉면기전주비빔밥q4/side_비빔밥덮밥류_냉면기_전주비빔밥_Q4_00022.JPG</path>
	<source>
		<database>fooddata</database>
	</source>
	<size>
		<width>3008</width>
		<height>2000</height>
		<depth>3</depth>
	</size>
	<object>
		<name>ref_spoon</name>
		<bndbox>
			<xmin>490</xmin>
			<ymin>1549</ymin>
			<xmax>1101</xmax>
			<ymax>1826</ymax>
		</bndbox>
	</object>
	<object>
		<name>ref_fork</name>
		<bndbox>
			<xmin>582</xmin>
			<ymin>1263</ymin>
			<xmax>1214</xmax>
			<ymax>1536</ymax>
		</bndbox>
	</object>
	<object>
		<name>ref_coin</name>
		<bndbox>
			<xmin>463</xmin>
			<ymin>471</ymin>
			<xmax>647</xmax>
			<ymax>594</ymax>
		</bndbox>
	</object>
	<object>
		<name>dish</name>
		<bndbox>
			<xmin>815</xmin>
			<ymin>123</ymin>
			<xmax>2146</xmax>
			<ymax>1242</ymax>
		</bndbox>
	</object>
	<object>
		<name>전주비빔밥</name>
		<bndbox>
			<xmin>948</xmin>
			<ymin>352</ymin>
			<xmax>2040</xmax>
			<ymax>973</ymax>
		</bndbox>
	</object>
</annotation>