<annotation>
	<folder>side비빔밥덮밥류냉면기전주비빔밥q4</folder>
	<filename>side_비빔밥덮밥류_냉면기_전주비빔밥_Q4_00013.JPG</filename>
	<path>/side비빔밥덮밥류냉면기전주비빔밥q4/side_비빔밥덮밥류_냉면기_전주비빔밥_Q4_00013.JPG</path>
	<source>
		<database>fooddata</database>
	</source>
	<size>
		<width>3008</width>
		<height>2000</height>
		<depth>3</depth>
	</size>
	<object>
		<name>ref_spoon</name>
		<bndbox>
			<xmin>2210</xmin>
			<ymin>328</ymin>
			<xmax>2470</xmax>
			<ymax>823</ymax>
		</bndbox>
	</object>
	<object>
		<name>ref_fork</name>
		<bndbox>
			<xmin>2606</xmin>
			<ymin>338</ymin>
			<xmax>2777</xmax>
			<ymax>846</ymax>
		</bndbox>
	</object>
	<object>
		<name>ref_coin</name>
		<bndbox>
			<xmin>1934</xmin>
			<ymin>587</ymin>
			<xmax>2115</xmax>
			<ymax>724</ymax>
		</bndbox>
	</object>
	<object>
		<name>dish</name>
		<bndbox>
			<xmin>231</xmin>
			<ymin>290</ymin>
			<xmax>1579</xmax>
			<ymax>1444</ymax>
		</bndbox>
	</object>
	<object>
		<name>전주비빔밥</name>
		<bndbox>
			<xmin>426</xmin>
			<ymin>556</ymin>
			<xmax>1429</xmax>
			<ymax>1195</ymax>
		</bndbox>
	</object>
</annotation>