<annotation>
	<folder>top비빔밥덮밥류냉면기전주비빔밥q4</folder>
	<filename>top_비빔밥덮밥류_냉면기_전주비빔밥_Q4_00032.JPG</filename>
	<path>/top비빔밥덮밥류냉면기전주비빔밥q4/top_비빔밥덮밥류_냉면기_전주비빔밥_Q4_00032.JPG</path>
	<source>
		<database>fooddata</database>
	</source>
	<size>
		<width>3008</width>
		<height>2000</height>
		<depth>3</depth>
	</size>
	<object>
		<name>ref_spoon</name>
		<bndbox>
			<xmin>769</xmin>
			<ymin>1313</ymin>
			<xmax>1113</xmax>
			<ymax>1542</ymax>
		</bndbox>
	</object>
	<object>
		<name>ref_fork</name>
		<bndbox>
			<xmin>847</xmin>
			<ymin>1677</ymin>
			<xmax>1260</xmax>
			<ymax>1853</ymax>
		</bndbox>
	</object>
	<object>
		<name>ref_coin</name>
		<bndbox>
			<xmin>2185</xmin>
			<ymin>589</ymin>
			<xmax>2353</xmax>
			<ymax>744</ymax>
		</bndbox>
	</object>
	<object>
		<name>dish</name>
		<bndbox>
			<xmin>851</xmin>
			<ymin>89</ymin>
			<xmax>2022</xmax>
			<ymax>1227</ymax>
		</bndbox>
	</object>
	<object>
		<name>전주비빔밥</name>
		<bndbox>
			<xmin>999</xmin>
			<ymin>315</ymin>
			<xmax>1854</xmax>
			<ymax>1141</ymax>
		</bndbox>
	</object>
</annotation>