<annotation>
	<folder>top비빔밥덮밥류냉면기전주비빔밥q4</folder>
	<filename>top_비빔밥덮밥류_냉면기_전주비빔밥_Q4_00001.JPG</filename>
	<path>/top비빔밥덮밥류냉면기전주비빔밥q4/top_비빔밥덮밥류_냉면기_전주비빔밥_Q4_00001.JPG</path>
	<source>
		<database>fooddata</database>
	</source>
	<size>
		<width>3008</width>
		<height>2000</height>
		<depth>3</depth>
	</size>
	<object>
		<name>ref_spoon</name>
		<bndbox>
			<xmin>1813</xmin>
			<ymin>413</ymin>
			<xmax>2063</xmax>
			<ymax>847</ymax>
		</bndbox>
	</object>
	<object>
		<name>ref_fork</name>
		<bndbox>
			<xmin>2194</xmin>
			<ymin>474</ymin>
			<xmax>2365</xmax>
			<ymax>949</ymax>
		</bndbox>
	</object>
	<object>
		<name>ref_coin</name>
		<bndbox>
			<xmin>1363</xmin>
			<ymin>1550</ymin>
			<xmax>1563</xmax>
			<ymax>1759</ymax>
		</bndbox>
	</object>
	<object>
		<name>dish</name>
		<bndbox>
			<xmin>176</xmin>
			<ymin>126</ymin>
			<xmax>1621</xmax>
			<ymax>1538</ymax>
		</bndbox>
	</object>
	<object>
		<name>전주비빔밥</name>
		<bndbox>
			<xmin>438</xmin>
			<ymin>360</ymin>
			<xmax>1518</xmax>
			<ymax>1444</ymax>
		</bndbox>
	</object>
</annotation>