<annotation>
	<folder>top비빔밥덮밥류냉면기전주비빔밥q4</folder>
	<filename>top_비빔밥덮밥류_냉면기_전주비빔밥_Q4_00041.JPG</filename>
	<path>/top비빔밥덮밥류냉면기전주비빔밥q4/top_비빔밥덮밥류_냉면기_전주비빔밥_Q4_00041.JPG</path>
	<source>
		<database>fooddata</database>
	</source>
	<size>
		<width>3008</width>
		<height>2000</height>
		<depth>3</depth>
	</size>
	<object>
		<name>ref_spoon</name>
		<bndbox>
			<xmin>675</xmin>
			<ymin>216</ymin>
			<xmax>949</xmax>
			<ymax>679</ymax>
		</bndbox>
	</object>
	<object>
		<name>ref_fork</name>
		<bndbox>
			<xmin>344</xmin>
			<ymin>237</ymin>
			<xmax>536</xmax>
			<ymax>728</ymax>
		</bndbox>
	</object>
	<object>
		<name>ref_coin</name>
		<bndbox>
			<xmin>1031</xmin>
			<ymin>1456</ymin>
			<xmax>1240</xmax>
			<ymax>1669</ymax>
		</bndbox>
	</object>
	<object>
		<name>dish</name>
		<bndbox>
			<xmin>1240</xmin>
			<ymin>139</ymin>
			<xmax>2738</xmax>
			<ymax>1604</ymax>
		</bndbox>
	</object>
	<object>
		<name>전주비빔밥</name>
		<bndbox>
			<xmin>1342</xmin>
			<ymin>282</ymin>
			<xmax>2488</xmax>
			<ymax>1526</ymax>
		</bndbox>
	</object>
</annotation>