<annotation>
	<folder>top비빔밥덮밥류냉면기전주비빔밥q4</folder>
	<filename>top_비빔밥덮밥류_냉면기_전주비빔밥_Q4_00042.JPG</filename>
	<path>/top비빔밥덮밥류냉면기전주비빔밥q4/top_비빔밥덮밥류_냉면기_전주비빔밥_Q4_00042.JPG</path>
	<source>
		<database>fooddata</database>
	</source>
	<size>
		<width>3008</width>
		<height>2000</height>
		<depth>3</depth>
	</size>
	<object>
		<name>ref_spoon</name>
		<bndbox>
			<xmin>667</xmin>
			<ymin>216</ymin>
			<xmax>941</xmax>
			<ymax>658</ymax>
		</bndbox>
	</object>
	<object>
		<name>ref_fork</name>
		<bndbox>
			<xmin>327</xmin>
			<ymin>233</ymin>
			<xmax>520</xmax>
			<ymax>716</ymax>
		</bndbox>
	</object>
	<object>
		<name>ref_coin</name>
		<bndbox>
			<xmin>970</xmin>
			<ymin>1203</ymin>
			<xmax>1187</xmax>
			<ymax>1411</ymax>
		</bndbox>
	</object>
	<object>
		<name>dish</name>
		<bndbox>
			<xmin>1236</xmin>
			<ymin>143</ymin>
			<xmax>2734</xmax>
			<ymax>1616</ymax>
		</bndbox>
	</object>
	<object>
		<name>전주비빔밥</name>
		<bndbox>
			<xmin>1351</xmin>
			<ymin>372</ymin>
			<xmax>2488</xmax>
			<ymax>1526</ymax>
		</bndbox>
	</object>
</annotation>