<annotation>
	<folder>top비빔밥덮밥류냉면기전주비빔밥q4</folder>
	<filename>top_비빔밥덮밥류_냉면기_전주비빔밥_Q4_00023.JPG</filename>
	<path>/top비빔밥덮밥류냉면기전주비빔밥q4/top_비빔밥덮밥류_냉면기_전주비빔밥_Q4_00023.JPG</path>
	<source>
		<database>fooddata</database>
	</source>
	<size>
		<width>3008</width>
		<height>2000</height>
		<depth>3</depth>
	</size>
	<object>
		<name>ref_spoon</name>
		<bndbox>
			<xmin>823</xmin>
			<ymin>1329</ymin>
			<xmax>1170</xmax>
			<ymax>1550</ymax>
		</bndbox>
	</object>
	<object>
		<name>ref_fork</name>
		<bndbox>
			<xmin>839</xmin>
			<ymin>1604</ymin>
			<xmax>1236</xmax>
			<ymax>1755</ymax>
		</bndbox>
	</object>
	<object>
		<name>ref_coin</name>
		<bndbox>
			<xmin>1772</xmin>
			<ymin>53</ymin>
			<xmax>1928</xmax>
			<ymax>200</ymax>
		</bndbox>
	</object>
	<object>
		<name>dish</name>
		<bndbox>
			<xmin>1011</xmin>
			<ymin>261</ymin>
			<xmax>2095</xmax>
			<ymax>1338</ymax>
		</bndbox>
	</object>
	<object>
		<name>전주비빔밥</name>
		<bndbox>
			<xmin>1191</xmin>
			<ymin>433</ymin>
			<xmax>1915</xmax>
			<ymax>1223</ymax>
		</bndbox>
	</object>
</annotation>