<annotation>
	<folder>side밥류밥그릇오곡밥q4</folder>
	<filename>side_밥류_밥그릇_오곡밥_Q4_00035.JPG</filename>
	<path>/side밥류밥그릇오곡밥q4/side_밥류_밥그릇_오곡밥_Q4_00035.JPG</path>
	<source>
		<database>fooddata</database>
	</source>
	<size>
		<width>5472</width>
		<height>3648</height>
		<depth>3</depth>
	</size>
	<object>
		<name>ref_spoon</name>
		<bndbox>
			<xmin>816</xmin>
			<ymin>867</ymin>
			<xmax>1359</xmax>
			<ymax>1582</ymax>
		</bndbox>
	</object>
	<object>
		<name>ref_fork</name>
		<bndbox>
			<xmin>1485</xmin>
			<ymin>947</ymin>
			<xmax>1862</xmax>
			<ymax>1801</ymax>
		</bndbox>
	</object>
	<object>
		<name>ref_coin</name>
		<bndbox>
			<xmin>3987</xmin>
			<ymin>953</ymin>
			<xmax>4365</xmax>
			<ymax>1212</ymax>
		</bndbox>
	</object>
	<object>
		<name>dish</name>
		<bndbox>
			<xmin>1955</xmin>
			<ymin>960</ymin>
			<xmax>3782</xmax>
			<ymax>2430</ymax>
		</bndbox>
	</object>
	<object>
		<name>오곡밥</name>
		<bndbox>
			<xmin>2074</xmin>
			<ymin>986</ymin>
			<xmax>3643</xmax>
			<ymax>2165</ymax>
		</bndbox>
	</object>
</annotation>