<annotation>
	<folder>side밥류밥그릇오곡밥q4</folder>
	<filename>side_밥류_밥그릇_오곡밥_Q4_00032.JPG</filename>
	<path>/side밥류밥그릇오곡밥q4/side_밥류_밥그릇_오곡밥_Q4_00032.JPG</path>
	<source>
		<database>fooddata</database>
	</source>
	<size>
		<width>5472</width>
		<height>3648</height>
		<depth>3</depth>
	</size>
	<object>
		<name>ref_spoon</name>
		<bndbox>
			<xmin>909</xmin>
			<ymin>629</ymin>
			<xmax>1438</xmax>
			<ymax>1364</ymax>
		</bndbox>
	</object>
	<object>
		<name>ref_fork</name>
		<bndbox>
			<xmin>1571</xmin>
			<ymin>735</ymin>
			<xmax>1948</xmax>
			<ymax>1556</ymax>
		</bndbox>
	</object>
	<object>
		<name>ref_coin</name>
		<bndbox>
			<xmin>4371</xmin>
			<ymin>1894</ymin>
			<xmax>4808</xmax>
			<ymax>2205</ymax>
		</bndbox>
	</object>
	<object>
		<name>dish</name>
		<bndbox>
			<xmin>2239</xmin>
			<ymin>715</ymin>
			<xmax>4067</xmax>
			<ymax>2191</ymax>
		</bndbox>
	</object>
	<object>
		<name>오곡밥</name>
		<bndbox>
			<xmin>2352</xmin>
			<ymin>748</ymin>
			<xmax>3967</xmax>
			<ymax>1946</ymax>
		</bndbox>
	</object>
</annotation>