<annotation>
	<folder>side밥류밥그릇오곡밥q4</folder>
	<filename>side_밥류_밥그릇_오곡밥_Q4_00022.JPG</filename>
	<path>/side밥류밥그릇오곡밥q4/side_밥류_밥그릇_오곡밥_Q4_00022.JPG</path>
	<source>
		<database>fooddata</database>
	</source>
	<size>
		<width>5472</width>
		<height>3648</height>
		<depth>3</depth>
	</size>
	<object>
		<name>ref_spoon</name>
		<bndbox>
			<xmin>1332</xmin>
			<ymin>2542</ymin>
			<xmax>2312</xmax>
			<ymax>3085</ymax>
		</bndbox>
	</object>
	<object>
		<name>ref_fork</name>
		<bndbox>
			<xmin>1524</xmin>
			<ymin>2046</ymin>
			<xmax>2570</xmax>
			<ymax>2522</ymax>
		</bndbox>
	</object>
	<object>
		<name>ref_coin</name>
		<bndbox>
			<xmin>2253</xmin>
			<ymin>126</ymin>
			<xmax>2630</xmax>
			<ymax>384</ymax>
		</bndbox>
	</object>
	<object>
		<name>dish</name>
		<bndbox>
			<xmin>1942</xmin>
			<ymin>576</ymin>
			<xmax>3722</xmax>
			<ymax>1993</ymax>
		</bndbox>
	</object>
	<object>
		<name>오곡밥</name>
		<bndbox>
			<xmin>2061</xmin>
			<ymin>563</ymin>
			<xmax>3663</xmax>
			<ymax>1702</ymax>
		</bndbox>
	</object>
</annotation>