<annotation>
	<folder>side밥류밥그릇오곡밥q4</folder>
	<filename>side_밥류_밥그릇_오곡밥_Q4_00058.JPG</filename>
	<path>/side밥류밥그릇오곡밥q4/side_밥류_밥그릇_오곡밥_Q4_00058.JPG</path>
	<source>
		<database>fooddata</database>
	</source>
	<size>
		<width>5472</width>
		<height>3648</height>
		<depth>3</depth>
	</size>
	<object>
		<name>ref_spoon</name>
		<bndbox>
			<xmin>1266</xmin>
			<ymin>947</ymin>
			<xmax>1783</xmax>
			<ymax>1695</ymax>
		</bndbox>
	</object>
	<object>
		<name>ref_fork</name>
		<bndbox>
			<xmin>2021</xmin>
			<ymin>1106</ymin>
			<xmax>2412</xmax>
			<ymax>1946</ymax>
		</bndbox>
	</object>
	<object>
		<name>ref_coin</name>
		<bndbox>
			<xmin>3961</xmin>
			<ymin>2436</ymin>
			<xmax>4398</xmax>
			<ymax>2774</ymax>
		</bndbox>
	</object>
	<object>
		<name>dish</name>
		<bndbox>
			<xmin>2418</xmin>
			<ymin>808</ymin>
			<xmax>4219</xmax>
			<ymax>2244</ymax>
		</bndbox>
	</object>
	<object>
		<name>오곡밥</name>
		<bndbox>
			<xmin>2617</xmin>
			<ymin>761</ymin>
			<xmax>4166</xmax>
			<ymax>2006</ymax>
		</bndbox>
	</object>
</annotation>