<annotation>
	<folder>side밥류밥그릇오곡밥q4</folder>
	<filename>side_밥류_밥그릇_오곡밥_Q4_00034.JPG</filename>
	<path>/side밥류밥그릇오곡밥q4/side_밥류_밥그릇_오곡밥_Q4_00034.JPG</path>
	<source>
		<database>fooddata</database>
	</source>
	<size>
		<width>5472</width>
		<height>3648</height>
		<depth>3</depth>
	</size>
	<object>
		<name>ref_spoon</name>
		<bndbox>
			<xmin>862</xmin>
			<ymin>642</ymin>
			<xmax>1399</xmax>
			<ymax>1404</ymax>
		</bndbox>
	</object>
	<object>
		<name>ref_fork</name>
		<bndbox>
			<xmin>1518</xmin>
			<ymin>735</ymin>
			<xmax>1902</xmax>
			<ymax>1582</ymax>
		</bndbox>
	</object>
	<object>
		<name>ref_coin</name>
		<bndbox>
			<xmin>4246</xmin>
			<ymin>1212</ymin>
			<xmax>4649</xmax>
			<ymax>1503</ymax>
		</bndbox>
	</object>
	<object>
		<name>dish</name>
		<bndbox>
			<xmin>2193</xmin>
			<ymin>755</ymin>
			<xmax>4020</xmax>
			<ymax>2225</ymax>
		</bndbox>
	</object>
	<object>
		<name>오곡밥</name>
		<bndbox>
			<xmin>2299</xmin>
			<ymin>768</ymin>
			<xmax>3921</xmax>
			<ymax>1960</ymax>
		</bndbox>
	</object>
</annotation>