<annotation>
	<folder>side밥류밥그릇오곡밥q4</folder>
	<filename>side_밥류_밥그릇_오곡밥_Q4_00007.JPG</filename>
	<path>/side밥류밥그릇오곡밥q4/side_밥류_밥그릇_오곡밥_Q4_00007.JPG</path>
	<source>
		<database>fooddata</database>
	</source>
	<size>
		<width>5472</width>
		<height>3648</height>
		<depth>3</depth>
	</size>
	<object>
		<name>ref_spoon</name>
		<bndbox>
			<xmin>3464</xmin>
			<ymin>556</ymin>
			<xmax>4007</xmax>
			<ymax>1298</ymax>
		</bndbox>
	</object>
	<object>
		<name>ref_fork</name>
		<bndbox>
			<xmin>4179</xmin>
			<ymin>629</ymin>
			<xmax>4550</xmax>
			<ymax>1437</ymax>
		</bndbox>
	</object>
	<object>
		<name>ref_coin</name>
		<bndbox>
			<xmin>551</xmin>
			<ymin>1768</ymin>
			<xmax>1008</xmax>
			<ymax>2072</ymax>
		</bndbox>
	</object>
	<object>
		<name>dish</name>
		<bndbox>
			<xmin>1518</xmin>
			<ymin>364</ymin>
			<xmax>3299</xmax>
			<ymax>1788</ymax>
		</bndbox>
	</object>
	<object>
		<name>오곡밥</name>
		<bndbox>
			<xmin>1551</xmin>
			<ymin>364</ymin>
			<xmax>3186</xmax>
			<ymax>1510</ymax>
		</bndbox>
	</object>
</annotation>