<annotation>
	<folder>side밥류밥그릇오곡밥q4</folder>
	<filename>side_밥류_밥그릇_오곡밥_Q4_00014.JPG</filename>
	<path>/side밥류밥그릇오곡밥q4/side_밥류_밥그릇_오곡밥_Q4_00014.JPG</path>
	<source>
		<database>fooddata</database>
	</source>
	<size>
		<width>5472</width>
		<height>3648</height>
		<depth>3</depth>
	</size>
	<object>
		<name>ref_spoon</name>
		<bndbox>
			<xmin>3650</xmin>
			<ymin>854</ymin>
			<xmax>4199</xmax>
			<ymax>1582</ymax>
		</bndbox>
	</object>
	<object>
		<name>ref_fork</name>
		<bndbox>
			<xmin>4371</xmin>
			<ymin>874</ymin>
			<xmax>4755</xmax>
			<ymax>1715</ymax>
		</bndbox>
	</object>
	<object>
		<name>ref_coin</name>
		<bndbox>
			<xmin>2776</xmin>
			<ymin>2628</ymin>
			<xmax>3213</xmax>
			<ymax>2973</ymax>
		</bndbox>
	</object>
	<object>
		<name>dish</name>
		<bndbox>
			<xmin>1690</xmin>
			<ymin>728</ymin>
			<xmax>3478</xmax>
			<ymax>2172</ymax>
		</bndbox>
	</object>
	<object>
		<name>오곡밥</name>
		<bndbox>
			<xmin>1756</xmin>
			<ymin>1013</ymin>
			<xmax>3425</xmax>
			<ymax>1887</ymax>
		</bndbox>
	</object>
</annotation>