<annotation>
	<folder>side밥류밥그릇오곡밥q4</folder>
	<filename>side_밥류_밥그릇_오곡밥_Q4_00028.JPG</filename>
	<path>/side밥류밥그릇오곡밥q4/side_밥류_밥그릇_오곡밥_Q4_00028.JPG</path>
	<source>
		<database>fooddata</database>
	</source>
	<size>
		<width>5472</width>
		<height>3648</height>
		<depth>3</depth>
	</size>
	<object>
		<name>ref_spoon</name>
		<bndbox>
			<xmin>1081</xmin>
			<ymin>523</ymin>
			<xmax>1597</xmax>
			<ymax>1251</ymax>
		</bndbox>
	</object>
	<object>
		<name>ref_fork</name>
		<bndbox>
			<xmin>1743</xmin>
			<ymin>622</ymin>
			<xmax>2114</xmax>
			<ymax>1470</ymax>
		</bndbox>
	</object>
	<object>
		<name>ref_coin</name>
		<bndbox>
			<xmin>3597</xmin>
			<ymin>2569</ymin>
			<xmax>4047</xmax>
			<ymax>2926</ymax>
		</bndbox>
	</object>
	<object>
		<name>dish</name>
		<bndbox>
			<xmin>2412</xmin>
			<ymin>589</ymin>
			<xmax>4246</xmax>
			<ymax>2079</ymax>
		</bndbox>
	</object>
	<object>
		<name>오곡밥</name>
		<bndbox>
			<xmin>2557</xmin>
			<ymin>642</ymin>
			<xmax>4120</xmax>
			<ymax>1801</ymax>
		</bndbox>
	</object>
</annotation>