<annotation>
	<folder>side밥류밥그릇오곡밥q4</folder>
	<filename>side_밥류_밥그릇_오곡밥_Q4_00053.JPG</filename>
	<path>/side밥류밥그릇오곡밥q4/side_밥류_밥그릇_오곡밥_Q4_00053.JPG</path>
	<source>
		<database>fooddata</database>
	</source>
	<size>
		<width>5472</width>
		<height>3648</height>
		<depth>3</depth>
	</size>
	<object>
		<name>ref_spoon</name>
		<bndbox>
			<xmin>955</xmin>
			<ymin>993</ymin>
			<xmax>1498</xmax>
			<ymax>1735</ymax>
		</bndbox>
	</object>
	<object>
		<name>ref_fork</name>
		<bndbox>
			<xmin>1716</xmin>
			<ymin>1132</ymin>
			<xmax>2087</xmax>
			<ymax>1993</ymax>
		</bndbox>
	</object>
	<object>
		<name>ref_coin</name>
		<bndbox>
			<xmin>3027</xmin>
			<ymin>510</ymin>
			<xmax>3405</xmax>
			<ymax>761</ymax>
		</bndbox>
	</object>
	<object>
		<name>dish</name>
		<bndbox>
			<xmin>2100</xmin>
			<ymin>887</ymin>
			<xmax>3921</xmax>
			<ymax>2337</ymax>
		</bndbox>
	</object>
	<object>
		<name>오곡밥</name>
		<bndbox>
			<xmin>2253</xmin>
			<ymin>1053</ymin>
			<xmax>3835</xmax>
			<ymax>2072</ymax>
		</bndbox>
	</object>
</annotation>