<annotation>
	<folder>side밥류밥그릇오곡밥q4</folder>
	<filename>side_밥류_밥그릇_오곡밥_Q4_00016.JPG</filename>
	<path>/side밥류밥그릇오곡밥q4/side_밥류_밥그릇_오곡밥_Q4_00016.JPG</path>
	<source>
		<database>fooddata</database>
	</source>
	<size>
		<width>5472</width>
		<height>3648</height>
		<depth>3</depth>
	</size>
	<object>
		<name>ref_spoon</name>
		<bndbox>
			<xmin>1438</xmin>
			<ymin>2575</ymin>
			<xmax>2359</xmax>
			<ymax>3145</ymax>
		</bndbox>
	</object>
	<object>
		<name>ref_fork</name>
		<bndbox>
			<xmin>1624</xmin>
			<ymin>2079</ymin>
			<xmax>2657</xmax>
			<ymax>2569</ymax>
		</bndbox>
	</object>
	<object>
		<name>ref_coin</name>
		<bndbox>
			<xmin>3862</xmin>
			<ymin>1609</ymin>
			<xmax>4279</xmax>
			<ymax>1900</ymax>
		</bndbox>
	</object>
	<object>
		<name>dish</name>
		<bndbox>
			<xmin>1908</xmin>
			<ymin>550</ymin>
			<xmax>3663</xmax>
			<ymax>1953</ymax>
		</bndbox>
	</object>
	<object>
		<name>오곡밥</name>
		<bndbox>
			<xmin>2180</xmin>
			<ymin>682</ymin>
			<xmax>3597</xmax>
			<ymax>1688</ymax>
		</bndbox>
	</object>
</annotation>