<annotation>
	<folder>side밥류밥그릇오곡밥q4</folder>
	<filename>side_밥류_밥그릇_오곡밥_Q4_00012.JPG</filename>
	<path>/side밥류밥그릇오곡밥q4/side_밥류_밥그릇_오곡밥_Q4_00012.JPG</path>
	<source>
		<database>fooddata</database>
	</source>
	<size>
		<width>5472</width>
		<height>3648</height>
		<depth>3</depth>
	</size>
	<object>
		<name>ref_spoon</name>
		<bndbox>
			<xmin>3742</xmin>
			<ymin>1000</ymin>
			<xmax>4285</xmax>
			<ymax>1735</ymax>
		</bndbox>
	</object>
	<object>
		<name>ref_fork</name>
		<bndbox>
			<xmin>4457</xmin>
			<ymin>1033</ymin>
			<xmax>4841</xmax>
			<ymax>1860</ymax>
		</bndbox>
	</object>
	<object>
		<name>ref_coin</name>
		<bndbox>
			<xmin>3027</xmin>
			<ymin>596</ymin>
			<xmax>3405</xmax>
			<ymax>847</ymax>
		</bndbox>
	</object>
	<object>
		<name>dish</name>
		<bndbox>
			<xmin>1776</xmin>
			<ymin>874</ymin>
			<xmax>3564</xmax>
			<ymax>2304</ymax>
		</bndbox>
	</object>
	<object>
		<name>오곡밥</name>
		<bndbox>
			<xmin>1942</xmin>
			<ymin>953</ymin>
			<xmax>3491</xmax>
			<ymax>2046</ymax>
		</bndbox>
	</object>
</annotation>