<annotation>
	<folder>side밥류밥그릇오곡밥q4</folder>
	<filename>side_밥류_밥그릇_오곡밥_Q4_00015.JPG</filename>
	<path>/side밥류밥그릇오곡밥q4/side_밥류_밥그릇_오곡밥_Q4_00015.JPG</path>
	<source>
		<database>fooddata</database>
	</source>
	<size>
		<width>5472</width>
		<height>3648</height>
		<depth>3</depth>
	</size>
	<object>
		<name>ref_spoon</name>
		<bndbox>
			<xmin>1452</xmin>
			<ymin>2642</ymin>
			<xmax>2392</xmax>
			<ymax>3191</ymax>
		</bndbox>
	</object>
	<object>
		<name>ref_fork</name>
		<bndbox>
			<xmin>1637</xmin>
			<ymin>2138</ymin>
			<xmax>2670</xmax>
			<ymax>2635</ymax>
		</bndbox>
	</object>
	<object>
		<name>ref_coin</name>
		<bndbox>
			<xmin>3583</xmin>
			<ymin>1933</ymin>
			<xmax>4014</xmax>
			<ymax>2244</ymax>
		</bndbox>
	</object>
	<object>
		<name>dish</name>
		<bndbox>
			<xmin>1908</xmin>
			<ymin>576</ymin>
			<xmax>3663</xmax>
			<ymax>2006</ymax>
		</bndbox>
	</object>
	<object>
		<name>오곡밥</name>
		<bndbox>
			<xmin>2273</xmin>
			<ymin>662</ymin>
			<xmax>3583</xmax>
			<ymax>1728</ymax>
		</bndbox>
	</object>
</annotation>