<annotation>
	<folder>side밥류밥그릇오곡밥q4</folder>
	<filename>side_밥류_밥그릇_오곡밥_Q4_00005.JPG</filename>
	<path>/side밥류밥그릇오곡밥q4/side_밥류_밥그릇_오곡밥_Q4_00005.JPG</path>
	<source>
		<database>fooddata</database>
	</source>
	<size>
		<width>5472</width>
		<height>3648</height>
		<depth>3</depth>
	</size>
	<object>
		<name>ref_spoon</name>
		<bndbox>
			<xmin>3676</xmin>
			<ymin>629</ymin>
			<xmax>4219</xmax>
			<ymax>1370</ymax>
		</bndbox>
	</object>
	<object>
		<name>ref_fork</name>
		<bndbox>
			<xmin>4378</xmin>
			<ymin>662</ymin>
			<xmax>4769</xmax>
			<ymax>1476</ymax>
		</bndbox>
	</object>
	<object>
		<name>ref_coin</name>
		<bndbox>
			<xmin>1213</xmin>
			<ymin>2258</ymin>
			<xmax>1663</xmax>
			<ymax>2589</ymax>
		</bndbox>
	</object>
	<object>
		<name>dish</name>
		<bndbox>
			<xmin>1663</xmin>
			<ymin>351</ymin>
			<xmax>3425</xmax>
			<ymax>1781</ymax>
		</bndbox>
	</object>
	<object>
		<name>오곡밥</name>
		<bndbox>
			<xmin>1750</xmin>
			<ymin>457</ymin>
			<xmax>3054</xmax>
			<ymax>1503</ymax>
		</bndbox>
	</object>
</annotation>