<annotation>
	<folder>side밥류밥그릇오곡밥q4</folder>
	<filename>side_밥류_밥그릇_오곡밥_Q4_00031.JPG</filename>
	<path>/side밥류밥그릇오곡밥q4/side_밥류_밥그릇_오곡밥_Q4_00031.JPG</path>
	<source>
		<database>fooddata</database>
	</source>
	<size>
		<width>5472</width>
		<height>3648</height>
		<depth>3</depth>
	</size>
	<object>
		<name>ref_spoon</name>
		<bndbox>
			<xmin>1101</xmin>
			<ymin>576</ymin>
			<xmax>1650</xmax>
			<ymax>1318</ymax>
		</bndbox>
	</object>
	<object>
		<name>ref_fork</name>
		<bndbox>
			<xmin>1769</xmin>
			<ymin>662</ymin>
			<xmax>2147</xmax>
			<ymax>1483</ymax>
		</bndbox>
	</object>
	<object>
		<name>ref_coin</name>
		<bndbox>
			<xmin>4477</xmin>
			<ymin>2112</ymin>
			<xmax>4921</xmax>
			<ymax>2443</ymax>
		</bndbox>
	</object>
	<object>
		<name>dish</name>
		<bndbox>
			<xmin>2445</xmin>
			<ymin>649</ymin>
			<xmax>4279</xmax>
			<ymax>2125</ymax>
		</bndbox>
	</object>
	<object>
		<name>오곡밥</name>
		<bndbox>
			<xmin>2570</xmin>
			<ymin>682</ymin>
			<xmax>4179</xmax>
			<ymax>1867</ymax>
		</bndbox>
	</object>
</annotation>