<annotation>
	<folder>side밥류밥그릇오곡밥q4</folder>
	<filename>side_밥류_밥그릇_오곡밥_Q4_00044.JPG</filename>
	<path>/side밥류밥그릇오곡밥q4/side_밥류_밥그릇_오곡밥_Q4_00044.JPG</path>
	<source>
		<database>fooddata</database>
	</source>
	<size>
		<width>5472</width>
		<height>3648</height>
		<depth>3</depth>
	</size>
	<object>
		<name>ref_spoon</name>
		<bndbox>
			<xmin>1101</xmin>
			<ymin>847</ymin>
			<xmax>1624</xmax>
			<ymax>1549</ymax>
		</bndbox>
	</object>
	<object>
		<name>ref_fork</name>
		<bndbox>
			<xmin>1842</xmin>
			<ymin>1000</ymin>
			<xmax>2233</xmax>
			<ymax>1814</ymax>
		</bndbox>
	</object>
	<object>
		<name>ref_coin</name>
		<bndbox>
			<xmin>3974</xmin>
			<ymin>2476</ymin>
			<xmax>4404</xmax>
			<ymax>2801</ymax>
		</bndbox>
	</object>
	<object>
		<name>dish</name>
		<bndbox>
			<xmin>2339</xmin>
			<ymin>735</ymin>
			<xmax>4093</xmax>
			<ymax>2145</ymax>
		</bndbox>
	</object>
	<object>
		<name>오곡밥</name>
		<bndbox>
			<xmin>2524</xmin>
			<ymin>881</ymin>
			<xmax>4040</xmax>
			<ymax>1880</ymax>
		</bndbox>
	</object>
</annotation>