<annotation>
	<folder>top밥류밥그릇오곡밥q4</folder>
	<filename>top_밥류_밥그릇_오곡밥_Q4_00019.JPG</filename>
	<path>/top밥류밥그릇오곡밥q4/top_밥류_밥그릇_오곡밥_Q4_00019.JPG</path>
	<source>
		<database>fooddata</database>
	</source>
	<size>
		<width>5472</width>
		<height>3648</height>
		<depth>3</depth>
	</size>
	<object>
		<name>ref_spoon</name>
		<bndbox>
			<xmin>1527</xmin>
			<ymin>2919</ymin>
			<xmax>2602</xmax>
			<ymax>3448</ymax>
		</bndbox>
	</object>
	<object>
		<name>ref_fork</name>
		<bndbox>
			<xmin>1560</xmin>
			<ymin>2306</ymin>
			<xmax>2563</xmax>
			<ymax>2651</ymax>
		</bndbox>
	</object>
	<object>
		<name>ref_coin</name>
		<bndbox>
			<xmin>3399</xmin>
			<ymin>239</ymin>
			<xmax>3728</xmax>
			<ymax>556</ymax>
		</bndbox>
	</object>
	<object>
		<name>dish</name>
		<bndbox>
			<xmin>2279</xmin>
			<ymin>629</ymin>
			<xmax>3962</xmax>
			<ymax>2234</ymax>
		</bndbox>
	</object>
	<object>
		<name>오곡밥</name>
		<bndbox>
			<xmin>2329</xmin>
			<ymin>735</ymin>
			<xmax>3706</xmax>
			<ymax>2178</ymax>
		</bndbox>
	</object>
</annotation>