<annotation>
	<folder>top밥류밥그릇오곡밥q4</folder>
	<filename>top_밥류_밥그릇_오곡밥_Q4_00035.JPG</filename>
	<path>/top밥류밥그릇오곡밥q4/top_밥류_밥그릇_오곡밥_Q4_00035.JPG</path>
	<source>
		<database>fooddata</database>
	</source>
	<size>
		<width>5472</width>
		<height>3648</height>
		<depth>3</depth>
	</size>
	<object>
		<name>ref_spoon</name>
		<bndbox>
			<xmin>1298</xmin>
			<ymin>462</ymin>
			<xmax>1856</xmax>
			<ymax>1587</ymax>
		</bndbox>
	</object>
	<object>
		<name>ref_fork</name>
		<bndbox>
			<xmin>2079</xmin>
			<ymin>501</ymin>
			<xmax>2418</xmax>
			<ymax>1654</ymax>
		</bndbox>
	</object>
	<object>
		<name>ref_coin</name>
		<bndbox>
			<xmin>3578</xmin>
			<ymin>517</ymin>
			<xmax>3984</xmax>
			<ymax>885</ymax>
		</bndbox>
	</object>
	<object>
		<name>dish</name>
		<bndbox>
			<xmin>2435</xmin>
			<ymin>1063</ymin>
			<xmax>4363</xmax>
			<ymax>2964</ymax>
		</bndbox>
	</object>
	<object>
		<name>오곡밥</name>
		<bndbox>
			<xmin>2552</xmin>
			<ymin>1130</ymin>
			<xmax>4291</xmax>
			<ymax>2824</ymax>
		</bndbox>
	</object>
</annotation>