<annotation>
	<folder>top밥류밥그릇오곡밥q4</folder>
	<filename>top_밥류_밥그릇_오곡밥_Q4_00043.JPG</filename>
	<path>/top밥류밥그릇오곡밥q4/top_밥류_밥그릇_오곡밥_Q4_00043.JPG</path>
	<source>
		<database>fooddata</database>
	</source>
	<size>
		<width>5472</width>
		<height>3648</height>
		<depth>3</depth>
	</size>
	<object>
		<name>ref_spoon</name>
		<bndbox>
			<xmin>1399</xmin>
			<ymin>501</ymin>
			<xmax>1945</xmax>
			<ymax>1598</ymax>
		</bndbox>
	</object>
	<object>
		<name>ref_fork</name>
		<bndbox>
			<xmin>2168</xmin>
			<ymin>528</ymin>
			<xmax>2502</xmax>
			<ymax>1687</ymax>
		</bndbox>
	</object>
	<object>
		<name>ref_coin</name>
		<bndbox>
			<xmin>3617</xmin>
			<ymin>623</ymin>
			<xmax>4007</xmax>
			<ymax>985</ymax>
		</bndbox>
	</object>
	<object>
		<name>dish</name>
		<bndbox>
			<xmin>2463</xmin>
			<ymin>1097</ymin>
			<xmax>4358</xmax>
			<ymax>2986</ymax>
		</bndbox>
	</object>
	<object>
		<name>오곡밥</name>
		<bndbox>
			<xmin>2586</xmin>
			<ymin>1247</ymin>
			<xmax>4296</xmax>
			<ymax>2858</ymax>
		</bndbox>
	</object>
</annotation>