<annotation>
	<folder>top밥류밥그릇오곡밥q4</folder>
	<filename>top_밥류_밥그릇_오곡밥_Q4_00033.JPG</filename>
	<path>/top밥류밥그릇오곡밥q4/top_밥류_밥그릇_오곡밥_Q4_00033.JPG</path>
	<source>
		<database>fooddata</database>
	</source>
	<size>
		<width>5472</width>
		<height>3648</height>
		<depth>3</depth>
	</size>
	<object>
		<name>ref_spoon</name>
		<bndbox>
			<xmin>1237</xmin>
			<ymin>501</ymin>
			<xmax>1789</xmax>
			<ymax>1604</ymax>
		</bndbox>
	</object>
	<object>
		<name>ref_fork</name>
		<bndbox>
			<xmin>2028</xmin>
			<ymin>540</ymin>
			<xmax>2385</xmax>
			<ymax>1615</ymax>
		</bndbox>
	</object>
	<object>
		<name>ref_coin</name>
		<bndbox>
			<xmin>4218</xmin>
			<ymin>952</ymin>
			<xmax>4620</xmax>
			<ymax>1336</ymax>
		</bndbox>
	</object>
	<object>
		<name>dish</name>
		<bndbox>
			<xmin>2379</xmin>
			<ymin>1097</ymin>
			<xmax>4302</xmax>
			<ymax>2997</ymax>
		</bndbox>
	</object>
	<object>
		<name>오곡밥</name>
		<bndbox>
			<xmin>2647</xmin>
			<ymin>1164</ymin>
			<xmax>4213</xmax>
			<ymax>2863</ymax>
		</bndbox>
	</object>
</annotation>