<annotation>
	<folder>top밥류밥그릇오곡밥q4</folder>
	<filename>top_밥류_밥그릇_오곡밥_Q4_00050.JPG</filename>
	<path>/top밥류밥그릇오곡밥q4/top_밥류_밥그릇_오곡밥_Q4_00050.JPG</path>
	<source>
		<database>fooddata</database>
	</source>
	<size>
		<width>5472</width>
		<height>3648</height>
		<depth>3</depth>
	</size>
	<object>
		<name>ref_spoon</name>
		<bndbox>
			<xmin>1321</xmin>
			<ymin>261</ymin>
			<xmax>1906</xmax>
			<ymax>1392</ymax>
		</bndbox>
	</object>
	<object>
		<name>ref_fork</name>
		<bndbox>
			<xmin>2145</xmin>
			<ymin>339</ymin>
			<xmax>2513</xmax>
			<ymax>1481</ymax>
		</bndbox>
	</object>
	<object>
		<name>ref_coin</name>
		<bndbox>
			<xmin>4508</xmin>
			<ymin>1587</ymin>
			<xmax>4920</xmax>
			<ymax>1988</ymax>
		</bndbox>
	</object>
	<object>
		<name>dish</name>
		<bndbox>
			<xmin>2418</xmin>
			<ymin>1002</ymin>
			<xmax>4475</xmax>
			<ymax>2997</ymax>
		</bndbox>
	</object>
	<object>
		<name>오곡밥</name>
		<bndbox>
			<xmin>2575</xmin>
			<ymin>1119</ymin>
			<xmax>4402</xmax>
			<ymax>2919</ymax>
		</bndbox>
	</object>
</annotation>