<annotation>
	<folder>top밥류밥그릇오곡밥q4</folder>
	<filename>top_밥류_밥그릇_오곡밥_Q4_00036.JPG</filename>
	<path>/top밥류밥그릇오곡밥q4/top_밥류_밥그릇_오곡밥_Q4_00036.JPG</path>
	<source>
		<database>fooddata</database>
	</source>
	<size>
		<width>5472</width>
		<height>3648</height>
		<depth>3</depth>
	</size>
	<object>
		<name>ref_spoon</name>
		<bndbox>
			<xmin>1427</xmin>
			<ymin>478</ymin>
			<xmax>1973</xmax>
			<ymax>1609</ymax>
		</bndbox>
	</object>
	<object>
		<name>ref_fork</name>
		<bndbox>
			<xmin>2207</xmin>
			<ymin>528</ymin>
			<xmax>2563</xmax>
			<ymax>1643</ymax>
		</bndbox>
	</object>
	<object>
		<name>ref_coin</name>
		<bndbox>
			<xmin>3421</xmin>
			<ymin>478</ymin>
			<xmax>3806</xmax>
			<ymax>863</ymax>
		</bndbox>
	</object>
	<object>
		<name>dish</name>
		<bndbox>
			<xmin>2586</xmin>
			<ymin>1069</ymin>
			<xmax>4525</xmax>
			<ymax>3014</ymax>
		</bndbox>
	</object>
	<object>
		<name>오곡밥</name>
		<bndbox>
			<xmin>2697</xmin>
			<ymin>1153</ymin>
			<xmax>4441</xmax>
			<ymax>2874</ymax>
		</bndbox>
	</object>
</annotation>