<annotation>
	<folder>top밥류밥그릇오곡밥q4</folder>
	<filename>top_밥류_밥그릇_오곡밥_Q4_00034.JPG</filename>
	<path>/top밥류밥그릇오곡밥q4/top_밥류_밥그릇_오곡밥_Q4_00034.JPG</path>
	<source>
		<database>fooddata</database>
	</source>
	<size>
		<width>5472</width>
		<height>3648</height>
		<depth>3</depth>
	</size>
	<object>
		<name>ref_spoon</name>
		<bndbox>
			<xmin>1232</xmin>
			<ymin>462</ymin>
			<xmax>1783</xmax>
			<ymax>1604</ymax>
		</bndbox>
	</object>
	<object>
		<name>ref_fork</name>
		<bndbox>
			<xmin>2017</xmin>
			<ymin>489</ymin>
			<xmax>2374</xmax>
			<ymax>1632</ymax>
		</bndbox>
	</object>
	<object>
		<name>ref_coin</name>
		<bndbox>
			<xmin>3906</xmin>
			<ymin>634</ymin>
			<xmax>4285</xmax>
			<ymax>1002</ymax>
		</bndbox>
	</object>
	<object>
		<name>dish</name>
		<bndbox>
			<xmin>2385</xmin>
			<ymin>1063</ymin>
			<xmax>4313</xmax>
			<ymax>2952</ymax>
		</bndbox>
	</object>
	<object>
		<name>오곡밥</name>
		<bndbox>
			<xmin>2725</xmin>
			<ymin>1125</ymin>
			<xmax>4229</xmax>
			<ymax>2808</ymax>
		</bndbox>
	</object>
</annotation>