<annotation>
	<folder>top밥류밥그릇오곡밥q4</folder>
	<filename>top_밥류_밥그릇_오곡밥_Q4_00041.JPG</filename>
	<path>/top밥류밥그릇오곡밥q4/top_밥류_밥그릇_오곡밥_Q4_00041.JPG</path>
	<source>
		<database>fooddata</database>
	</source>
	<size>
		<width>5472</width>
		<height>3648</height>
		<depth>3</depth>
	</size>
	<object>
		<name>ref_spoon</name>
		<bndbox>
			<xmin>1449</xmin>
			<ymin>556</ymin>
			<xmax>1989</xmax>
			<ymax>1570</ymax>
		</bndbox>
	</object>
	<object>
		<name>ref_fork</name>
		<bndbox>
			<xmin>2223</xmin>
			<ymin>606</ymin>
			<xmax>2552</xmax>
			<ymax>1721</ymax>
		</bndbox>
	</object>
	<object>
		<name>ref_coin</name>
		<bndbox>
			<xmin>4391</xmin>
			<ymin>1431</ymin>
			<xmax>4776</xmax>
			<ymax>1810</ymax>
		</bndbox>
	</object>
	<object>
		<name>dish</name>
		<bndbox>
			<xmin>2524</xmin>
			<ymin>1180</ymin>
			<xmax>4402</xmax>
			<ymax>3064</ymax>
		</bndbox>
	</object>
	<object>
		<name>오곡밥</name>
		<bndbox>
			<xmin>2641</xmin>
			<ymin>1320</ymin>
			<xmax>4324</xmax>
			<ymax>2913</ymax>
		</bndbox>
	</object>
</annotation>