<annotation>
	<folder>top밥류밥그릇오곡밥q4</folder>
	<filename>top_밥류_밥그릇_오곡밥_Q4_00003.JPG</filename>
	<path>/top밥류밥그릇오곡밥q4/top_밥류_밥그릇_오곡밥_Q4_00003.JPG</path>
	<source>
		<database>fooddata</database>
	</source>
	<size>
		<width>5472</width>
		<height>3648</height>
		<depth>3</depth>
	</size>
	<object>
		<name>ref_spoon</name>
		<bndbox>
			<xmin>3343</xmin>
			<ymin>205</ymin>
			<xmax>3929</xmax>
			<ymax>1370</ymax>
		</bndbox>
	</object>
	<object>
		<name>ref_fork</name>
		<bndbox>
			<xmin>4168</xmin>
			<ymin>211</ymin>
			<xmax>4542</xmax>
			<ymax>1403</ymax>
		</bndbox>
	</object>
	<object>
		<name>ref_coin</name>
		<bndbox>
			<xmin>2379</xmin>
			<ymin>2785</ymin>
			<xmax>2809</xmax>
			<ymax>3242</ymax>
		</bndbox>
	</object>
	<object>
		<name>dish</name>
		<bndbox>
			<xmin>936</xmin>
			<ymin>473</ymin>
			<xmax>3115</xmax>
			<ymax>2607</ymax>
		</bndbox>
	</object>
	<object>
		<name>오곡밥</name>
		<bndbox>
			<xmin>1337</xmin>
			<ymin>618</ymin>
			<xmax>3031</xmax>
			<ymax>2495</ymax>
		</bndbox>
	</object>
</annotation>