<annotation>
	<folder>top밥류밥그릇오곡밥q4</folder>
	<filename>top_밥류_밥그릇_오곡밥_Q4_00037.JPG</filename>
	<path>/top밥류밥그릇오곡밥q4/top_밥류_밥그릇_오곡밥_Q4_00037.JPG</path>
	<source>
		<database>fooddata</database>
	</source>
	<size>
		<width>5472</width>
		<height>3648</height>
		<depth>3</depth>
	</size>
	<object>
		<name>ref_spoon</name>
		<bndbox>
			<xmin>1493</xmin>
			<ymin>462</ymin>
			<xmax>2023</xmax>
			<ymax>1621</ymax>
		</bndbox>
	</object>
	<object>
		<name>ref_fork</name>
		<bndbox>
			<xmin>2251</xmin>
			<ymin>506</ymin>
			<xmax>2614</xmax>
			<ymax>1632</ymax>
		</bndbox>
	</object>
	<object>
		<name>ref_coin</name>
		<bndbox>
			<xmin>3254</xmin>
			<ymin>434</ymin>
			<xmax>3644</xmax>
			<ymax>801</ymax>
		</bndbox>
	</object>
	<object>
		<name>dish</name>
		<bndbox>
			<xmin>2647</xmin>
			<ymin>1063</ymin>
			<xmax>4575</xmax>
			<ymax>3008</ymax>
		</bndbox>
	</object>
	<object>
		<name>오곡밥</name>
		<bndbox>
			<xmin>2775</xmin>
			<ymin>1164</ymin>
			<xmax>4475</xmax>
			<ymax>2847</ymax>
		</bndbox>
	</object>
</annotation>