<annotation>
	<folder>top밥류밥그릇오곡밥q4</folder>
	<filename>top_밥류_밥그릇_오곡밥_Q4_00007.JPG</filename>
	<path>/top밥류밥그릇오곡밥q4/top_밥류_밥그릇_오곡밥_Q4_00007.JPG</path>
	<source>
		<database>fooddata</database>
	</source>
	<size>
		<width>5472</width>
		<height>3648</height>
		<depth>3</depth>
	</size>
	<object>
		<name>ref_spoon</name>
		<bndbox>
			<xmin>3544</xmin>
			<ymin>328</ymin>
			<xmax>4151</xmax>
			<ymax>1515</ymax>
		</bndbox>
	</object>
	<object>
		<name>ref_fork</name>
		<bndbox>
			<xmin>4408</xmin>
			<ymin>311</ymin>
			<xmax>4803</xmax>
			<ymax>1526</ymax>
		</bndbox>
	</object>
	<object>
		<name>ref_coin</name>
		<bndbox>
			<xmin>412</xmin>
			<ymin>2261</ymin>
			<xmax>875</xmax>
			<ymax>2696</ymax>
		</bndbox>
	</object>
	<object>
		<name>dish</name>
		<bndbox>
			<xmin>1232</xmin>
			<ymin>723</ymin>
			<xmax>3405</xmax>
			<ymax>2908</ymax>
		</bndbox>
	</object>
	<object>
		<name>오곡밥</name>
		<bndbox>
			<xmin>1337</xmin>
			<ymin>885</ymin>
			<xmax>3098</xmax>
			<ymax>2785</ymax>
		</bndbox>
	</object>
</annotation>