<annotation>
	<folder>side부침개류접시두부구이q1</folder>
	<filename>side_부침개류_접시_두부구이_Q1_00017.JPG</filename>
	<path>/side부침개류접시두부구이q1/side_부침개류_접시_두부구이_Q1_00017.JPG</path>
	<source>
		<database>fooddata</database>
	</source>
	<size>
		<width>720</width>
		<height>480</height>
		<depth>3</depth>
	</size>
	<object>
		<name>ref_spoon</name>
		<bndbox>
			<xmin>175</xmin>
			<ymin>353</ymin>
			<xmax>295</xmax>
			<ymax>420</ymax>
		</bndbox>
	</object>
	<object>
		<name>ref_fork</name>
		<bndbox>
			<xmin>191</xmin>
			<ymin>295</ymin>
			<xmax>319</xmax>
			<ymax>352</ymax>
		</bndbox>
	</object>
	<object>
		<name>ref_coin</name>
		<bndbox>
			<xmin>572</xmin>
			<ymin>246</ymin>
			<xmax>627</xmax>
			<ymax>289</ymax>
		</bndbox>
	</object>
	<object>
		<name>dish</name>
		<bndbox>
			<xmin>232</xmin>
			<ymin>37</ymin>
			<xmax>548</xmax>
			<ymax>271</ymax>
		</bndbox>
	</object>
	<object>
		<name>두부구이</name>
		<bndbox>
			<xmin>357</xmin>
			<ymin>78</ymin>
			<xmax>498</xmax>
			<ymax>212</ymax>
		</bndbox>
	</object>
</annotation>