<annotation>
	<folder>side부침개류접시두부구이q1</folder>
	<filename>side_부침개류_접시_두부구이_Q1_00011.JPG</filename>
	<path>/side부침개류접시두부구이q1/side_부침개류_접시_두부구이_Q1_00011.JPG</path>
	<source>
		<database>fooddata</database>
	</source>
	<size>
		<width>720</width>
		<height>480</height>
		<depth>3</depth>
	</size>
	<object>
		<name>ref_spoon</name>
		<bndbox>
			<xmin>509</xmin>
			<ymin>129</ymin>
			<xmax>581</xmax>
			<ymax>232</ymax>
		</bndbox>
	</object>
	<object>
		<name>ref_fork</name>
		<bndbox>
			<xmin>599</xmin>
			<ymin>144</ymin>
			<xmax>652</xmax>
			<ymax>253</ymax>
		</bndbox>
	</object>
	<object>
		<name>ref_coin</name>
		<bndbox>
			<xmin>233</xmin>
			<ymin>67</ymin>
			<xmax>284</xmax>
			<ymax>104</ymax>
		</bndbox>
	</object>
	<object>
		<name>dish</name>
		<bndbox>
			<xmin>132</xmin>
			<ymin>134</ymin>
			<xmax>503</xmax>
			<ymax>404</ymax>
		</bndbox>
	</object>
	<object>
		<name>두부구이</name>
		<bndbox>
			<xmin>210</xmin>
			<ymin>209</ymin>
			<xmax>404</xmax>
			<ymax>341</ymax>
		</bndbox>
	</object>
</annotation>