<annotation>
	<folder>side부침개류접시두부구이q1</folder>
	<filename>side_부침개류_접시_두부구이_Q1_00018.JPG</filename>
	<path>/side부침개류접시두부구이q1/side_부침개류_접시_두부구이_Q1_00018.JPG</path>
	<source>
		<database>fooddata</database>
	</source>
	<size>
		<width>720</width>
		<height>480</height>
		<depth>3</depth>
	</size>
	<object>
		<name>ref_spoon</name>
		<bndbox>
			<xmin>204</xmin>
			<ymin>347</ymin>
			<xmax>328</xmax>
			<ymax>412</ymax>
		</bndbox>
	</object>
	<object>
		<name>ref_fork</name>
		<bndbox>
			<xmin>222</xmin>
			<ymin>285</ymin>
			<xmax>353</xmax>
			<ymax>344</ymax>
		</bndbox>
	</object>
	<object>
		<name>ref_coin</name>
		<bndbox>
			<xmin>161</xmin>
			<ymin>229</ymin>
			<xmax>217</xmax>
			<ymax>272</ymax>
		</bndbox>
	</object>
	<object>
		<name>dish</name>
		<bndbox>
			<xmin>243</xmin>
			<ymin>9</ymin>
			<xmax>594</xmax>
			<ymax>271</ymax>
		</bndbox>
	</object>
	<object>
		<name>두부구이</name>
		<bndbox>
			<xmin>377</xmin>
			<ymin>77</ymin>
			<xmax>521</xmax>
			<ymax>225</ymax>
		</bndbox>
	</object>
</annotation>