<annotation>
	<folder>side부침개류접시두부구이q1</folder>
	<filename>side_부침개류_접시_두부구이_Q1_00009.JPG</filename>
	<path>/side부침개류접시두부구이q1/side_부침개류_접시_두부구이_Q1_00009.JPG</path>
	<source>
		<database>fooddata</database>
	</source>
	<size>
		<width>720</width>
		<height>480</height>
		<depth>3</depth>
	</size>
	<object>
		<name>ref_spoon</name>
		<bndbox>
			<xmin>522</xmin>
			<ymin>88</ymin>
			<xmax>594</xmax>
			<ymax>187</ymax>
		</bndbox>
	</object>
	<object>
		<name>ref_fork</name>
		<bndbox>
			<xmin>614</xmin>
			<ymin>103</ymin>
			<xmax>666</xmax>
			<ymax>213</ymax>
		</bndbox>
	</object>
	<object>
		<name>ref_coin</name>
		<bndbox>
			<xmin>76</xmin>
			<ymin>131</ymin>
			<xmax>131</xmax>
			<ymax>170</ymax>
		</bndbox>
	</object>
	<object>
		<name>dish</name>
		<bndbox>
			<xmin>135</xmin>
			<ymin>91</ymin>
			<xmax>502</xmax>
			<ymax>360</ymax>
		</bndbox>
	</object>
	<object>
		<name>두부구이</name>
		<bndbox>
			<xmin>194</xmin>
			<ymin>188</ymin>
			<xmax>432</xmax>
			<ymax>318</ymax>
		</bndbox>
	</object>
</annotation>