<annotation>
	<folder>side부침개류접시두부구이q1</folder>
	<filename>side_부침개류_접시_두부구이_Q1_00024.JPG</filename>
	<path>/side부침개류접시두부구이q1/side_부침개류_접시_두부구이_Q1_00024.JPG</path>
	<source>
		<database>fooddata</database>
	</source>
	<size>
		<width>720</width>
		<height>480</height>
		<depth>3</depth>
	</size>
	<object>
		<name>ref_spoon</name>
		<bndbox>
			<xmin>173</xmin>
			<ymin>387</ymin>
			<xmax>284</xmax>
			<ymax>447</ymax>
		</bndbox>
	</object>
	<object>
		<name>ref_fork</name>
		<bndbox>
			<xmin>188</xmin>
			<ymin>336</ymin>
			<xmax>302</xmax>
			<ymax>386</ymax>
		</bndbox>
	</object>
	<object>
		<name>ref_coin</name>
		<bndbox>
			<xmin>357</xmin>
			<ymin>51</ymin>
			<xmax>397</xmax>
			<ymax>79</ymax>
		</bndbox>
	</object>
	<object>
		<name>dish</name>
		<bndbox>
			<xmin>221</xmin>
			<ymin>99</ymin>
			<xmax>506</xmax>
			<ymax>307</ymax>
		</bndbox>
	</object>
	<object>
		<name>두부구이</name>
		<bndbox>
			<xmin>264</xmin>
			<ymin>161</ymin>
			<xmax>378</xmax>
			<ymax>275</ymax>
		</bndbox>
	</object>
</annotation>