<annotation>
	<folder>side부침개류접시두부구이q1</folder>
	<filename>side_부침개류_접시_두부구이_Q1_00038.JPG</filename>
	<path>/side부침개류접시두부구이q1/side_부침개류_접시_두부구이_Q1_00038.JPG</path>
	<source>
		<database>fooddata</database>
	</source>
	<size>
		<width>720</width>
		<height>480</height>
		<depth>3</depth>
	</size>
	<object>
		<name>ref_spoon</name>
		<bndbox>
			<xmin>177</xmin>
			<ymin>114</ymin>
			<xmax>241</xmax>
			<ymax>205</ymax>
		</bndbox>
	</object>
	<object>
		<name>ref_fork</name>
		<bndbox>
			<xmin>262</xmin>
			<ymin>113</ymin>
			<xmax>306</xmax>
			<ymax>212</ymax>
		</bndbox>
	</object>
	<object>
		<name>ref_coin</name>
		<bndbox>
			<xmin>475</xmin>
			<ymin>394</ymin>
			<xmax>530</xmax>
			<ymax>438</ymax>
		</bndbox>
	</object>
	<object>
		<name>dish</name>
		<bndbox>
			<xmin>339</xmin>
			<ymin>111</ymin>
			<xmax>649</xmax>
			<ymax>341</ymax>
		</bndbox>
	</object>
	<object>
		<name>두부구이</name>
		<bndbox>
			<xmin>418</xmin>
			<ymin>138</ymin>
			<xmax>529</xmax>
			<ymax>310</ymax>
		</bndbox>
	</object>
</annotation>