<annotation>
	<folder>side부침개류접시두부구이q1</folder>
	<filename>side_부침개류_접시_두부구이_Q1_00003.JPG</filename>
	<path>/side부침개류접시두부구이q1/side_부침개류_접시_두부구이_Q1_00003.JPG</path>
	<source>
		<database>fooddata</database>
	</source>
	<size>
		<width>720</width>
		<height>480</height>
		<depth>3</depth>
	</size>
	<object>
		<name>ref_spoon</name>
		<bndbox>
			<xmin>473</xmin>
			<ymin>83</ymin>
			<xmax>544</xmax>
			<ymax>181</ymax>
		</bndbox>
	</object>
	<object>
		<name>ref_fork</name>
		<bndbox>
			<xmin>562</xmin>
			<ymin>99</ymin>
			<xmax>614</xmax>
			<ymax>215</ymax>
		</bndbox>
	</object>
	<object>
		<name>ref_coin</name>
		<bndbox>
			<xmin>284</xmin>
			<ymin>387</ymin>
			<xmax>343</xmax>
			<ymax>437</ymax>
		</bndbox>
	</object>
	<object>
		<name>dish</name>
		<bndbox>
			<xmin>91</xmin>
			<ymin>69</ymin>
			<xmax>473</xmax>
			<ymax>346</ymax>
		</bndbox>
	</object>
	<object>
		<name>두부구이</name>
		<bndbox>
			<xmin>218</xmin>
			<ymin>136</ymin>
			<xmax>397</xmax>
			<ymax>297</ymax>
		</bndbox>
	</object>
</annotation>