<annotation>
	<folder>top부침개류접시두부구이q1</folder>
	<filename>top_부침개류_접시_두부구이_Q1_00037.JPG</filename>
	<path>/top부침개류접시두부구이q1/top_부침개류_접시_두부구이_Q1_00037.JPG</path>
	<source>
		<database>fooddata</database>
	</source>
	<size>
		<width>720</width>
		<height>480</height>
		<depth>3</depth>
	</size>
	<object>
		<name>ref_spoon</name>
		<bndbox>
			<xmin>171</xmin>
			<ymin>81</ymin>
			<xmax>235</xmax>
			<ymax>177</ymax>
		</bndbox>
	</object>
	<object>
		<name>ref_fork</name>
		<bndbox>
			<xmin>253</xmin>
			<ymin>87</ymin>
			<xmax>295</xmax>
			<ymax>193</ymax>
		</bndbox>
	</object>
	<object>
		<name>ref_coin</name>
		<bndbox>
			<xmin>535</xmin>
			<ymin>369</ymin>
			<xmax>582</xmax>
			<ymax>417</ymax>
		</bndbox>
	</object>
	<object>
		<name>dish</name>
		<bndbox>
			<xmin>315</xmin>
			<ymin>43</ymin>
			<xmax>614</xmax>
			<ymax>334</ymax>
		</bndbox>
	</object>
	<object>
		<name>두부구이</name>
		<bndbox>
			<xmin>377</xmin>
			<ymin>133</ymin>
			<xmax>583</xmax>
			<ymax>251</ymax>
		</bndbox>
	</object>
</annotation>