<annotation>
	<folder>top부침개류접시두부구이q1</folder>
	<filename>top_부침개류_접시_두부구이_Q1_00025.JPG</filename>
	<path>/top부침개류접시두부구이q1/top_부침개류_접시_두부구이_Q1_00025.JPG</path>
	<source>
		<database>fooddata</database>
	</source>
	<size>
		<width>720</width>
		<height>480</height>
		<depth>3</depth>
	</size>
	<object>
		<name>ref_spoon</name>
		<bndbox>
			<xmin>174</xmin>
			<ymin>394</ymin>
			<xmax>262</xmax>
			<ymax>455</ymax>
		</bndbox>
	</object>
	<object>
		<name>ref_fork</name>
		<bndbox>
			<xmin>185</xmin>
			<ymin>338</ymin>
			<xmax>289</xmax>
			<ymax>379</ymax>
		</bndbox>
	</object>
	<object>
		<name>ref_coin</name>
		<bndbox>
			<xmin>332</xmin>
			<ymin>21</ymin>
			<xmax>371</xmax>
			<ymax>59</ymax>
		</bndbox>
	</object>
	<object>
		<name>dish</name>
		<bndbox>
			<xmin>233</xmin>
			<ymin>74</ymin>
			<xmax>497</xmax>
			<ymax>331</ymax>
		</bndbox>
	</object>
	<object>
		<name>두부구이</name>
		<bndbox>
			<xmin>299</xmin>
			<ymin>182</ymin>
			<xmax>420</xmax>
			<ymax>286</ymax>
		</bndbox>
	</object>
</annotation>