<annotation>
	<folder>top부침개류접시두부구이q1</folder>
	<filename>top_부침개류_접시_두부구이_Q1_00016.JPG</filename>
	<path>/top부침개류접시두부구이q1/top_부침개류_접시_두부구이_Q1_00016.JPG</path>
	<source>
		<database>fooddata</database>
	</source>
	<size>
		<width>720</width>
		<height>480</height>
		<depth>3</depth>
	</size>
	<object>
		<name>ref_spoon</name>
		<bndbox>
			<xmin>528</xmin>
			<ymin>37</ymin>
			<xmax>590</xmax>
			<ymax>136</ymax>
		</bndbox>
	</object>
	<object>
		<name>ref_fork</name>
		<bndbox>
			<xmin>615</xmin>
			<ymin>53</ymin>
			<xmax>667</xmax>
			<ymax>161</ymax>
		</bndbox>
	</object>
	<object>
		<name>ref_coin</name>
		<bndbox>
			<xmin>168</xmin>
			<ymin>68</ymin>
			<xmax>214</xmax>
			<ymax>114</ymax>
		</bndbox>
	</object>
	<object>
		<name>dish</name>
		<bndbox>
			<xmin>189</xmin>
			<ymin>51</ymin>
			<xmax>529</xmax>
			<ymax>384</ymax>
		</bndbox>
	</object>
	<object>
		<name>두부구이</name>
		<bndbox>
			<xmin>277</xmin>
			<ymin>153</ymin>
			<xmax>422</xmax>
			<ymax>263</ymax>
		</bndbox>
	</object>
</annotation>