<annotation>
	<folder>top부침개류접시두부구이q1</folder>
	<filename>top_부침개류_접시_두부구이_Q1_00046.JPG</filename>
	<path>/top부침개류접시두부구이q1/top_부침개류_접시_두부구이_Q1_00046.JPG</path>
	<source>
		<database>fooddata</database>
	</source>
	<size>
		<width>720</width>
		<height>480</height>
		<depth>3</depth>
	</size>
	<object>
		<name>ref_spoon</name>
		<bndbox>
			<xmin>237</xmin>
			<ymin>104</ymin>
			<xmax>302</xmax>
			<ymax>200</ymax>
		</bndbox>
	</object>
	<object>
		<name>ref_fork</name>
		<bndbox>
			<xmin>317</xmin>
			<ymin>112</ymin>
			<xmax>361</xmax>
			<ymax>215</ymax>
		</bndbox>
	</object>
	<object>
		<name>ref_coin</name>
		<bndbox>
			<xmin>310</xmin>
			<ymin>38</ymin>
			<xmax>355</xmax>
			<ymax>82</ymax>
		</bndbox>
	</object>
	<object>
		<name>dish</name>
		<bndbox>
			<xmin>381</xmin>
			<ymin>68</ymin>
			<xmax>684</xmax>
			<ymax>363</ymax>
		</bndbox>
	</object>
	<object>
		<name>두부구이</name>
		<bndbox>
			<xmin>521</xmin>
			<ymin>129</ymin>
			<xmax>632</xmax>
			<ymax>311</ymax>
		</bndbox>
	</object>
</annotation>