<annotation>
	<folder>top부침개류접시두부구이q1</folder>
	<filename>top_부침개류_접시_두부구이_Q1_00039.JPG</filename>
	<path>/top부침개류접시두부구이q1/top_부침개류_접시_두부구이_Q1_00039.JPG</path>
	<source>
		<database>fooddata</database>
	</source>
	<size>
		<width>720</width>
		<height>480</height>
		<depth>3</depth>
	</size>
	<object>
		<name>ref_spoon</name>
		<bndbox>
			<xmin>173</xmin>
			<ymin>70</ymin>
			<xmax>240</xmax>
			<ymax>170</ymax>
		</bndbox>
	</object>
	<object>
		<name>ref_fork</name>
		<bndbox>
			<xmin>256</xmin>
			<ymin>75</ymin>
			<xmax>300</xmax>
			<ymax>185</ymax>
		</bndbox>
	</object>
	<object>
		<name>ref_coin</name>
		<bndbox>
			<xmin>644</xmin>
			<ymin>301</ymin>
			<xmax>693</xmax>
			<ymax>350</ymax>
		</bndbox>
	</object>
	<object>
		<name>dish</name>
		<bndbox>
			<xmin>320</xmin>
			<ymin>33</ymin>
			<xmax>621</xmax>
			<ymax>330</ymax>
		</bndbox>
	</object>
	<object>
		<name>두부구이</name>
		<bndbox>
			<xmin>382</xmin>
			<ymin>87</ymin>
			<xmax>573</xmax>
			<ymax>245</ymax>
		</bndbox>
	</object>
</annotation>