<annotation>
	<folder>top부침개류접시두부구이q1</folder>
	<filename>top_부침개류_접시_두부구이_Q1_00035.JPG</filename>
	<path>/top부침개류접시두부구이q1/top_부침개류_접시_두부구이_Q1_00035.JPG</path>
	<source>
		<database>fooddata</database>
	</source>
	<size>
		<width>720</width>
		<height>480</height>
		<depth>3</depth>
	</size>
	<object>
		<name>ref_spoon</name>
		<bndbox>
			<xmin>175</xmin>
			<ymin>57</ymin>
			<xmax>240</xmax>
			<ymax>157</ymax>
		</bndbox>
	</object>
	<object>
		<name>ref_fork</name>
		<bndbox>
			<xmin>262</xmin>
			<ymin>66</ymin>
			<xmax>305</xmax>
			<ymax>178</ymax>
		</bndbox>
	</object>
	<object>
		<name>ref_coin</name>
		<bndbox>
			<xmin>425</xmin>
			<ymin>373</ymin>
			<xmax>475</xmax>
			<ymax>420</ymax>
		</bndbox>
	</object>
	<object>
		<name>dish</name>
		<bndbox>
			<xmin>323</xmin>
			<ymin>32</ymin>
			<xmax>626</xmax>
			<ymax>330</ymax>
		</bndbox>
	</object>
	<object>
		<name>두부구이</name>
		<bndbox>
			<xmin>401</xmin>
			<ymin>143</ymin>
			<xmax>589</xmax>
			<ymax>278</ymax>
		</bndbox>
	</object>
</annotation>