<annotation>
	<folder>side국류원형배달미소된장국q3</folder>
	<filename>side_국류_원형배달_미소된장국_Q3_00055.JPG</filename>
	<path>/side국류원형배달미소된장국q3/side_국류_원형배달_미소된장국_Q3_00055.JPG</path>
	<source>
		<database>fooddata</database>
	</source>
	<size>
		<width>3008</width>
		<height>2000</height>
		<depth>3</depth>
	</size>
	<object>
		<name>ref_spoon</name>
		<bndbox>
			<xmin>539</xmin>
			<ymin>317</ymin>
			<xmax>930</xmax>
			<ymax>830</ymax>
		</bndbox>
	</object>
	<object>
		<name>ref_fork</name>
		<bndbox>
			<xmin>1021</xmin>
			<ymin>449</ymin>
			<xmax>1296</xmax>
			<ymax>1038</ymax>
		</bndbox>
	</object>
	<object>
		<name>ref_coin</name>
		<bndbox>
			<xmin>2383</xmin>
			<ymin>1053</ymin>
			<xmax>2662</xmax>
			<ymax>1282</ymax>
		</bndbox>
	</object>
	<object>
		<name>dish</name>
		<bndbox>
			<xmin>1402</xmin>
			<ymin>581</ymin>
			<xmax>2180</xmax>
			<ymax>1434</ymax>
		</bndbox>
	</object>
	<object>
		<name>미소된장국</name>
		<bndbox>
			<xmin>1484</xmin>
			<ymin>789</ymin>
			<xmax>2093</xmax>
			<ymax>1145</ymax>
		</bndbox>
	</object>
</annotation>