<annotation>
	<folder>side국류원형배달미소된장국q3</folder>
	<filename>side_국류_원형배달_미소된장국_Q3_00041.JPG</filename>
	<path>/side국류원형배달미소된장국q3/side_국류_원형배달_미소된장국_Q3_00041.JPG</path>
	<source>
		<database>fooddata</database>
	</source>
	<size>
		<width>3008</width>
		<height>2000</height>
		<depth>3</depth>
	</size>
	<object>
		<name>ref_spoon</name>
		<bndbox>
			<xmin>305</xmin>
			<ymin>627</ymin>
			<xmax>681</xmax>
			<ymax>1094</ymax>
		</bndbox>
	</object>
	<object>
		<name>ref_fork</name>
		<bndbox>
			<xmin>793</xmin>
			<ymin>738</ymin>
			<xmax>1042</xmax>
			<ymax>1292</ymax>
		</bndbox>
	</object>
	<object>
		<name>ref_coin</name>
		<bndbox>
			<xmin>2109</xmin>
			<ymin>911</ymin>
			<xmax>2368</xmax>
			<ymax>1119</ymax>
		</bndbox>
	</object>
	<object>
		<name>dish</name>
		<bndbox>
			<xmin>1128</xmin>
			<ymin>855</ymin>
			<xmax>1860</xmax>
			<ymax>1658</ymax>
		</bndbox>
	</object>
	<object>
		<name>미소된장국</name>
		<bndbox>
			<xmin>1225</xmin>
			<ymin>1058</ymin>
			<xmax>1778</xmax>
			<ymax>1414</ymax>
		</bndbox>
	</object>
</annotation>