<annotation>
	<folder>side국류원형배달미소된장국q3</folder>
	<filename>side_국류_원형배달_미소된장국_Q3_00047.JPG</filename>
	<path>/side국류원형배달미소된장국q3/side_국류_원형배달_미소된장국_Q3_00047.JPG</path>
	<source>
		<database>fooddata</database>
	</source>
	<size>
		<width>3008</width>
		<height>2000</height>
		<depth>3</depth>
	</size>
	<object>
		<name>ref_spoon</name>
		<bndbox>
			<xmin>437</xmin>
			<ymin>306</ymin>
			<xmax>798</xmax>
			<ymax>784</ymax>
		</bndbox>
	</object>
	<object>
		<name>ref_fork</name>
		<bndbox>
			<xmin>889</xmin>
			<ymin>418</ymin>
			<xmax>1153</xmax>
			<ymax>1018</ymax>
		</bndbox>
	</object>
	<object>
		<name>ref_coin</name>
		<bndbox>
			<xmin>2104</xmin>
			<ymin>1318</ymin>
			<xmax>2393</xmax>
			<ymax>1561</ymax>
		</bndbox>
	</object>
	<object>
		<name>dish</name>
		<bndbox>
			<xmin>1260</xmin>
			<ymin>560</ymin>
			<xmax>1992</xmax>
			<ymax>1384</ymax>
		</bndbox>
	</object>
	<object>
		<name>미소된장국</name>
		<bndbox>
			<xmin>1362</xmin>
			<ymin>784</ymin>
			<xmax>1910</xmax>
			<ymax>1119</ymax>
		</bndbox>
	</object>
</annotation>