<annotation>
	<folder>side국류원형배달미소된장국q3</folder>
	<filename>side_국류_원형배달_미소된장국_Q3_00007.JPG</filename>
	<path>/side국류원형배달미소된장국q3/side_국류_원형배달_미소된장국_Q3_00007.JPG</path>
	<source>
		<database>fooddata</database>
	</source>
	<size>
		<width>3008</width>
		<height>2000</height>
		<depth>3</depth>
	</size>
	<object>
		<name>ref_spoon</name>
		<bndbox>
			<xmin>1773</xmin>
			<ymin>484</ymin>
			<xmax>2124</xmax>
			<ymax>947</ymax>
		</bndbox>
	</object>
	<object>
		<name>ref_fork</name>
		<bndbox>
			<xmin>2236</xmin>
			<ymin>484</ymin>
			<xmax>2474</xmax>
			<ymax>1023</ymax>
		</bndbox>
	</object>
	<object>
		<name>ref_coin</name>
		<bndbox>
			<xmin>498</xmin>
			<ymin>474</ymin>
			<xmax>752</xmax>
			<ymax>672</ymax>
		</bndbox>
	</object>
	<object>
		<name>dish</name>
		<bndbox>
			<xmin>752</xmin>
			<ymin>723</ymin>
			<xmax>1468</xmax>
			<ymax>1536</ymax>
		</bndbox>
	</object>
	<object>
		<name>미소된장국</name>
		<bndbox>
			<xmin>854</xmin>
			<ymin>947</ymin>
			<xmax>1392</xmax>
			<ymax>1241</ymax>
		</bndbox>
	</object>
</annotation>