<annotation>
	<folder>side국류원형배달미소된장국q3</folder>
	<filename>side_국류_원형배달_미소된장국_Q3_00005.JPG</filename>
	<path>/side국류원형배달미소된장국q3/side_국류_원형배달_미소된장국_Q3_00005.JPG</path>
	<source>
		<database>fooddata</database>
	</source>
	<size>
		<width>3008</width>
		<height>2000</height>
		<depth>3</depth>
	</size>
	<object>
		<name>ref_spoon</name>
		<bndbox>
			<xmin>1814</xmin>
			<ymin>327</ymin>
			<xmax>2165</xmax>
			<ymax>794</ymax>
		</bndbox>
	</object>
	<object>
		<name>ref_fork</name>
		<bndbox>
			<xmin>2266</xmin>
			<ymin>322</ymin>
			<xmax>2515</xmax>
			<ymax>881</ymax>
		</bndbox>
	</object>
	<object>
		<name>ref_coin</name>
		<bndbox>
			<xmin>163</xmin>
			<ymin>1216</ymin>
			<xmax>447</xmax>
			<ymax>1434</ymax>
		</bndbox>
	</object>
	<object>
		<name>dish</name>
		<bndbox>
			<xmin>782</xmin>
			<ymin>550</ymin>
			<xmax>1494</xmax>
			<ymax>1389</ymax>
		</bndbox>
	</object>
	<object>
		<name>미소된장국</name>
		<bndbox>
			<xmin>884</xmin>
			<ymin>784</ymin>
			<xmax>1458</xmax>
			<ymax>1089</ymax>
		</bndbox>
	</object>
</annotation>