<annotation>
	<folder>side국류원형배달미소된장국q3</folder>
	<filename>side_국류_원형배달_미소된장국_Q3_00033.JPG</filename>
	<path>/side국류원형배달미소된장국q3/side_국류_원형배달_미소된장국_Q3_00033.JPG</path>
	<source>
		<database>fooddata</database>
	</source>
	<size>
		<width>3008</width>
		<height>2000</height>
		<depth>3</depth>
	</size>
	<object>
		<name>ref_spoon</name>
		<bndbox>
			<xmin>274</xmin>
			<ymin>1404</ymin>
			<xmax>884</xmax>
			<ymax>1734</ymax>
		</bndbox>
	</object>
	<object>
		<name>ref_fork</name>
		<bndbox>
			<xmin>381</xmin>
			<ymin>1074</ymin>
			<xmax>1016</xmax>
			<ymax>1373</ymax>
		</bndbox>
	</object>
	<object>
		<name>ref_coin</name>
		<bndbox>
			<xmin>2408</xmin>
			<ymin>1338</ymin>
			<xmax>2683</xmax>
			<ymax>1567</ymax>
		</bndbox>
	</object>
	<object>
		<name>dish</name>
		<bndbox>
			<xmin>833</xmin>
			<ymin>261</ymin>
			<xmax>1565</xmax>
			<ymax>1058</ymax>
		</bndbox>
	</object>
	<object>
		<name>미소된장국</name>
		<bndbox>
			<xmin>925</xmin>
			<ymin>459</ymin>
			<xmax>1484</xmax>
			<ymax>774</ymax>
		</bndbox>
	</object>
</annotation>