<annotation>
	<folder>side국류원형배달미소된장국q3</folder>
	<filename>side_국류_원형배달_미소된장국_Q3_00032.JPG</filename>
	<path>/side국류원형배달미소된장국q3/side_국류_원형배달_미소된장국_Q3_00032.JPG</path>
	<source>
		<database>fooddata</database>
	</source>
	<size>
		<width>3008</width>
		<height>2000</height>
		<depth>3</depth>
	</size>
	<object>
		<name>ref_spoon</name>
		<bndbox>
			<xmin>447</xmin>
			<ymin>1140</ymin>
			<xmax>981</xmax>
			<ymax>1460</ymax>
		</bndbox>
	</object>
	<object>
		<name>ref_fork</name>
		<bndbox>
			<xmin>554</xmin>
			<ymin>860</ymin>
			<xmax>1108</xmax>
			<ymax>1130</ymax>
		</bndbox>
	</object>
	<object>
		<name>ref_coin</name>
		<bndbox>
			<xmin>1804</xmin>
			<ymin>1648</ymin>
			<xmax>2058</xmax>
			<ymax>1887</ymax>
		</bndbox>
	</object>
	<object>
		<name>dish</name>
		<bndbox>
			<xmin>970</xmin>
			<ymin>134</ymin>
			<xmax>1601</xmax>
			<ymax>860</ymax>
		</bndbox>
	</object>
	<object>
		<name>미소된장국</name>
		<bndbox>
			<xmin>1042</xmin>
			<ymin>342</ymin>
			<xmax>1540</xmax>
			<ymax>596</ymax>
		</bndbox>
	</object>
</annotation>