<annotation>
	<folder>side국류원형배달미소된장국q3</folder>
	<filename>side_국류_원형배달_미소된장국_Q3_00039.JPG</filename>
	<path>/side국류원형배달미소된장국q3/side_국류_원형배달_미소된장국_Q3_00039.JPG</path>
	<source>
		<database>fooddata</database>
	</source>
	<size>
		<width>3008</width>
		<height>2000</height>
		<depth>3</depth>
	</size>
	<object>
		<name>ref_spoon</name>
		<bndbox>
			<xmin>325</xmin>
			<ymin>322</ymin>
			<xmax>671</xmax>
			<ymax>825</ymax>
		</bndbox>
	</object>
	<object>
		<name>ref_fork</name>
		<bndbox>
			<xmin>782</xmin>
			<ymin>433</ymin>
			<xmax>1021</xmax>
			<ymax>967</ymax>
		</bndbox>
	</object>
	<object>
		<name>ref_coin</name>
		<bndbox>
			<xmin>2134</xmin>
			<ymin>1140</ymin>
			<xmax>2398</xmax>
			<ymax>1373</ymax>
		</bndbox>
	</object>
	<object>
		<name>dish</name>
		<bndbox>
			<xmin>1113</xmin>
			<ymin>555</ymin>
			<xmax>1804</xmax>
			<ymax>1333</ymax>
		</bndbox>
	</object>
	<object>
		<name>미소된장국</name>
		<bndbox>
			<xmin>1209</xmin>
			<ymin>764</ymin>
			<xmax>1733</xmax>
			<ymax>1089</ymax>
		</bndbox>
	</object>
</annotation>