<annotation>
	<folder>side국류원형배달미소된장국q3</folder>
	<filename>side_국류_원형배달_미소된장국_Q3_00030.JPG</filename>
	<path>/side국류원형배달미소된장국q3/side_국류_원형배달_미소된장국_Q3_00030.JPG</path>
	<source>
		<database>fooddata</database>
	</source>
	<size>
		<width>3008</width>
		<height>2000</height>
		<depth>3</depth>
	</size>
	<object>
		<name>ref_spoon</name>
		<bndbox>
			<xmin>467</xmin>
			<ymin>1140</ymin>
			<xmax>986</xmax>
			<ymax>1445</ymax>
		</bndbox>
	</object>
	<object>
		<name>ref_fork</name>
		<bndbox>
			<xmin>569</xmin>
			<ymin>855</ymin>
			<xmax>1113</xmax>
			<ymax>1124</ymax>
		</bndbox>
	</object>
	<object>
		<name>ref_coin</name>
		<bndbox>
			<xmin>1331</xmin>
			<ymin>1582</ymin>
			<xmax>1590</xmax>
			<ymax>1800</ymax>
		</bndbox>
	</object>
	<object>
		<name>dish</name>
		<bndbox>
			<xmin>986</xmin>
			<ymin>144</ymin>
			<xmax>1621</xmax>
			<ymax>865</ymax>
		</bndbox>
	</object>
	<object>
		<name>미소된장국</name>
		<bndbox>
			<xmin>1087</xmin>
			<ymin>347</ymin>
			<xmax>1545</xmax>
			<ymax>591</ymax>
		</bndbox>
	</object>
</annotation>