<annotation>
	<folder>side국류원형배달미소된장국q3</folder>
	<filename>side_국류_원형배달_미소된장국_Q3_00040.JPG</filename>
	<path>/side국류원형배달미소된장국q3/side_국류_원형배달_미소된장국_Q3_00040.JPG</path>
	<source>
		<database>fooddata</database>
	</source>
	<size>
		<width>3008</width>
		<height>2000</height>
		<depth>3</depth>
	</size>
	<object>
		<name>ref_spoon</name>
		<bndbox>
			<xmin>406</xmin>
			<ymin>510</ymin>
			<xmax>767</xmax>
			<ymax>987</ymax>
		</bndbox>
	</object>
	<object>
		<name>ref_fork</name>
		<bndbox>
			<xmin>879</xmin>
			<ymin>611</ymin>
			<xmax>1118</xmax>
			<ymax>1170</ymax>
		</bndbox>
	</object>
	<object>
		<name>ref_coin</name>
		<bndbox>
			<xmin>2220</xmin>
			<ymin>1099</ymin>
			<xmax>2495</xmax>
			<ymax>1302</ymax>
		</bndbox>
	</object>
	<object>
		<name>dish</name>
		<bndbox>
			<xmin>1230</xmin>
			<ymin>728</ymin>
			<xmax>1941</xmax>
			<ymax>1541</ymax>
		</bndbox>
	</object>
	<object>
		<name>미소된장국</name>
		<bndbox>
			<xmin>1301</xmin>
			<ymin>942</ymin>
			<xmax>1870</xmax>
			<ymax>1287</ymax>
		</bndbox>
	</object>
</annotation>