<annotation>
	<folder>side국류원형배달미소된장국q3</folder>
	<filename>side_국류_원형배달_미소된장국_Q3_00006.JPG</filename>
	<path>/side국류원형배달미소된장국q3/side_국류_원형배달_미소된장국_Q3_00006.JPG</path>
	<source>
		<database>fooddata</database>
	</source>
	<size>
		<width>3008</width>
		<height>2000</height>
		<depth>3</depth>
	</size>
	<object>
		<name>ref_spoon</name>
		<bndbox>
			<xmin>1870</xmin>
			<ymin>418</ymin>
			<xmax>2215</xmax>
			<ymax>881</ymax>
		</bndbox>
	</object>
	<object>
		<name>ref_fork</name>
		<bndbox>
			<xmin>2327</xmin>
			<ymin>408</ymin>
			<xmax>2561</xmax>
			<ymax>977</ymax>
		</bndbox>
	</object>
	<object>
		<name>ref_coin</name>
		<bndbox>
			<xmin>259</xmin>
			<ymin>855</ymin>
			<xmax>534</xmax>
			<ymax>1074</ymax>
		</bndbox>
	</object>
	<object>
		<name>dish</name>
		<bndbox>
			<xmin>843</xmin>
			<ymin>637</ymin>
			<xmax>1555</xmax>
			<ymax>1455</ymax>
		</bndbox>
	</object>
	<object>
		<name>미소된장국</name>
		<bndbox>
			<xmin>920</xmin>
			<ymin>865</ymin>
			<xmax>1484</xmax>
			<ymax>1165</ymax>
		</bndbox>
	</object>
</annotation>