<annotation>
	<folder>top국류원형배달미소된장국q3</folder>
	<filename>top_국류_원형배달_미소된장국_Q3_00018.JPG</filename>
	<path>/top국류원형배달미소된장국q3/top_국류_원형배달_미소된장국_Q3_00018.JPG</path>
	<source>
		<database>fooddata</database>
	</source>
	<size>
		<width>3008</width>
		<height>2000</height>
		<depth>3</depth>
	</size>
	<object>
		<name>ref_spoon</name>
		<bndbox>
			<xmin>955</xmin>
			<ymin>1119</ymin>
			<xmax>1446</xmax>
			<ymax>1413</ymax>
		</bndbox>
	</object>
	<object>
		<name>ref_fork</name>
		<bndbox>
			<xmin>1053</xmin>
			<ymin>1546</ymin>
			<xmax>1552</xmax>
			<ymax>1751</ymax>
		</bndbox>
	</object>
	<object>
		<name>ref_coin</name>
		<bndbox>
			<xmin>1402</xmin>
			<ymin>887</ymin>
			<xmax>1596</xmax>
			<ymax>1085</ymax>
		</bndbox>
	</object>
	<object>
		<name>dish</name>
		<bndbox>
			<xmin>1436</xmin>
			<ymin>242</ymin>
			<xmax>2067</xmax>
			<ymax>843</ymax>
		</bndbox>
	</object>
	<object>
		<name>미소된장국</name>
		<bndbox>
			<xmin>1480</xmin>
			<ymin>341</ymin>
			<xmax>1968</xmax>
			<ymax>812</ymax>
		</bndbox>
	</object>
</annotation>