<annotation>
	<folder>top국류원형배달미소된장국q3</folder>
	<filename>top_국류_원형배달_미소된장국_Q3_00024.JPG</filename>
	<path>/top국류원형배달미소된장국q3/top_국류_원형배달_미소된장국_Q3_00024.JPG</path>
	<source>
		<database>fooddata</database>
	</source>
	<size>
		<width>3008</width>
		<height>2000</height>
		<depth>3</depth>
	</size>
	<object>
		<name>ref_spoon</name>
		<bndbox>
			<xmin>504</xmin>
			<ymin>911</ymin>
			<xmax>1033</xmax>
			<ymax>1229</ymax>
		</bndbox>
	</object>
	<object>
		<name>ref_fork</name>
		<bndbox>
			<xmin>620</xmin>
			<ymin>1365</ymin>
			<xmax>1214</xmax>
			<ymax>1584</ymax>
		</bndbox>
	</object>
	<object>
		<name>ref_coin</name>
		<bndbox>
			<xmin>893</xmin>
			<ymin>1700</ymin>
			<xmax>1122</xmax>
			<ymax>1925</ymax>
		</bndbox>
	</object>
	<object>
		<name>dish</name>
		<bndbox>
			<xmin>1146</xmin>
			<ymin>174</ymin>
			<xmax>1825</xmax>
			<ymax>843</ymax>
		</bndbox>
	</object>
	<object>
		<name>미소된장국</name>
		<bndbox>
			<xmin>1200</xmin>
			<ymin>273</ymin>
			<xmax>1722</xmax>
			<ymax>812</ymax>
		</bndbox>
	</object>
</annotation>