<annotation>
	<folder>top국류원형배달미소된장국q3</folder>
	<filename>top_국류_원형배달_미소된장국_Q3_00029.JPG</filename>
	<path>/top국류원형배달미소된장국q3/top_국류_원형배달_미소된장국_Q3_00029.JPG</path>
	<source>
		<database>fooddata</database>
	</source>
	<size>
		<width>3008</width>
		<height>2000</height>
		<depth>3</depth>
	</size>
	<object>
		<name>ref_spoon</name>
		<bndbox>
			<xmin>750</xmin>
			<ymin>1065</ymin>
			<xmax>1282</xmax>
			<ymax>1389</ymax>
		</bndbox>
	</object>
	<object>
		<name>ref_fork</name>
		<bndbox>
			<xmin>907</xmin>
			<ymin>1539</ymin>
			<xmax>1453</xmax>
			<ymax>1747</ymax>
		</bndbox>
	</object>
	<object>
		<name>ref_coin</name>
		<bndbox>
			<xmin>838</xmin>
			<ymin>440</ymin>
			<xmax>1057</xmax>
			<ymax>652</ymax>
		</bndbox>
	</object>
	<object>
		<name>dish</name>
		<bndbox>
			<xmin>1333</xmin>
			<ymin>375</ymin>
			<xmax>2013</xmax>
			<ymax>1038</ymax>
		</bndbox>
	</object>
	<object>
		<name>미소된장국</name>
		<bndbox>
			<xmin>1385</xmin>
			<ymin>488</ymin>
			<xmax>1910</xmax>
			<ymax>1000</ymax>
		</bndbox>
	</object>
</annotation>