<annotation>
	<folder>top국류원형배달미소된장국q3</folder>
	<filename>top_국류_원형배달_미소된장국_Q3_00023.JPG</filename>
	<path>/top국류원형배달미소된장국q3/top_국류_원형배달_미소된장국_Q3_00023.JPG</path>
	<source>
		<database>fooddata</database>
	</source>
	<size>
		<width>3008</width>
		<height>2000</height>
		<depth>3</depth>
	</size>
	<object>
		<name>ref_spoon</name>
		<bndbox>
			<xmin>630</xmin>
			<ymin>863</ymin>
			<xmax>1142</xmax>
			<ymax>1184</ymax>
		</bndbox>
	</object>
	<object>
		<name>ref_fork</name>
		<bndbox>
			<xmin>746</xmin>
			<ymin>1321</ymin>
			<xmax>1289</xmax>
			<ymax>1539</ymax>
		</bndbox>
	</object>
	<object>
		<name>ref_coin</name>
		<bndbox>
			<xmin>1439</xmin>
			<ymin>1570</ymin>
			<xmax>1654</xmax>
			<ymax>1799</ymax>
		</bndbox>
	</object>
	<object>
		<name>dish</name>
		<bndbox>
			<xmin>1286</xmin>
			<ymin>140</ymin>
			<xmax>1965</xmax>
			<ymax>805</ymax>
		</bndbox>
	</object>
	<object>
		<name>미소된장국</name>
		<bndbox>
			<xmin>1330</xmin>
			<ymin>239</ymin>
			<xmax>1859</xmax>
			<ymax>768</ymax>
		</bndbox>
	</object>
</annotation>