<annotation>
	<folder>top국류원형배달미소된장국q3</folder>
	<filename>top_국류_원형배달_미소된장국_Q3_00043.JPG</filename>
	<path>/top국류원형배달미소된장국q3/top_국류_원형배달_미소된장국_Q3_00043.JPG</path>
	<source>
		<database>fooddata</database>
	</source>
	<size>
		<width>3008</width>
		<height>2000</height>
		<depth>3</depth>
	</size>
	<object>
		<name>ref_spoon</name>
		<bndbox>
			<xmin>1074</xmin>
			<ymin>99</ymin>
			<xmax>1364</xmax>
			<ymax>570</ymax>
		</bndbox>
	</object>
	<object>
		<name>ref_fork</name>
		<bndbox>
			<xmin>801</xmin>
			<ymin>137</ymin>
			<xmax>992</xmax>
			<ymax>652</ymax>
		</bndbox>
	</object>
	<object>
		<name>ref_coin</name>
		<bndbox>
			<xmin>750</xmin>
			<ymin>1710</ymin>
			<xmax>958</xmax>
			<ymax>1911</ymax>
		</bndbox>
	</object>
	<object>
		<name>dish</name>
		<bndbox>
			<xmin>1292</xmin>
			<ymin>567</ymin>
			<xmax>1903</xmax>
			<ymax>1164</ymax>
		</bndbox>
	</object>
	<object>
		<name>미소된장국</name>
		<bndbox>
			<xmin>1354</xmin>
			<ymin>666</ymin>
			<xmax>1835</xmax>
			<ymax>1143</ymax>
		</bndbox>
	</object>
</annotation>