<annotation>
	<folder>top국류원형배달미소된장국q3</folder>
	<filename>top_국류_원형배달_미소된장국_Q3_00027.JPG</filename>
	<path>/top국류원형배달미소된장국q3/top_국류_원형배달_미소된장국_Q3_00027.JPG</path>
	<source>
		<database>fooddata</database>
	</source>
	<size>
		<width>3008</width>
		<height>2000</height>
		<depth>3</depth>
	</size>
	<object>
		<name>ref_spoon</name>
		<bndbox>
			<xmin>934</xmin>
			<ymin>1055</ymin>
			<xmax>1456</xmax>
			<ymax>1372</ymax>
		</bndbox>
	</object>
	<object>
		<name>ref_fork</name>
		<bndbox>
			<xmin>1074</xmin>
			<ymin>1522</ymin>
			<xmax>1623</xmax>
			<ymax>1734</ymax>
		</bndbox>
	</object>
	<object>
		<name>ref_coin</name>
		<bndbox>
			<xmin>586</xmin>
			<ymin>1283</ymin>
			<xmax>811</xmax>
			<ymax>1502</ymax>
		</bndbox>
	</object>
	<object>
		<name>dish</name>
		<bndbox>
			<xmin>1521</xmin>
			<ymin>369</ymin>
			<xmax>2197</xmax>
			<ymax>1024</ymax>
		</bndbox>
	</object>
	<object>
		<name>미소된장국</name>
		<bndbox>
			<xmin>1572</xmin>
			<ymin>478</ymin>
			<xmax>2098</xmax>
			<ymax>986</ymax>
		</bndbox>
	</object>
</annotation>