<annotation>
	<folder>top국류원형배달미소된장국q3</folder>
	<filename>top_국류_원형배달_미소된장국_Q3_00016.JPG</filename>
	<path>/top국류원형배달미소된장국q3/top_국류_원형배달_미소된장국_Q3_00016.JPG</path>
	<source>
		<database>fooddata</database>
	</source>
	<size>
		<width>3008</width>
		<height>2000</height>
		<depth>3</depth>
	</size>
	<object>
		<name>ref_spoon</name>
		<bndbox>
			<xmin>1470</xmin>
			<ymin>106</ymin>
			<xmax>1811</xmax>
			<ymax>727</ymax>
		</bndbox>
	</object>
	<object>
		<name>ref_fork</name>
		<bndbox>
			<xmin>1907</xmin>
			<ymin>184</ymin>
			<xmax>2132</xmax>
			<ymax>816</ymax>
		</bndbox>
	</object>
	<object>
		<name>ref_coin</name>
		<bndbox>
			<xmin>989</xmin>
			<ymin>1628</ymin>
			<xmax>1248</xmax>
			<ymax>1891</ymax>
		</bndbox>
	</object>
	<object>
		<name>dish</name>
		<bndbox>
			<xmin>555</xmin>
			<ymin>717</ymin>
			<xmax>1337</xmax>
			<ymax>1488</ymax>
		</bndbox>
	</object>
	<object>
		<name>미소된장국</name>
		<bndbox>
			<xmin>613</xmin>
			<ymin>840</ymin>
			<xmax>1248</xmax>
			<ymax>1444</ymax>
		</bndbox>
	</object>
</annotation>