<annotation>
	<folder>top국류원형배달미소된장국q3</folder>
	<filename>top_국류_원형배달_미소된장국_Q3_00046.JPG</filename>
	<path>/top국류원형배달미소된장국q3/top_국류_원형배달_미소된장국_Q3_00046.JPG</path>
	<source>
		<database>fooddata</database>
	</source>
	<size>
		<width>3008</width>
		<height>2000</height>
		<depth>3</depth>
	</size>
	<object>
		<name>ref_spoon</name>
		<bndbox>
			<xmin>1077</xmin>
			<ymin>89</ymin>
			<xmax>1395</xmax>
			<ymax>676</ymax>
		</bndbox>
	</object>
	<object>
		<name>ref_fork</name>
		<bndbox>
			<xmin>770</xmin>
			<ymin>119</ymin>
			<xmax>972</xmax>
			<ymax>686</ymax>
		</bndbox>
	</object>
	<object>
		<name>ref_coin</name>
		<bndbox>
			<xmin>289</xmin>
			<ymin>1174</ymin>
			<xmax>514</xmax>
			<ymax>1413</ymax>
		</bndbox>
	</object>
	<object>
		<name>dish</name>
		<bndbox>
			<xmin>1320</xmin>
			<ymin>604</ymin>
			<xmax>2013</xmax>
			<ymax>1290</ymax>
		</bndbox>
	</object>
	<object>
		<name>미소된장국</name>
		<bndbox>
			<xmin>1385</xmin>
			<ymin>724</ymin>
			<xmax>1941</xmax>
			<ymax>1249</ymax>
		</bndbox>
	</object>
</annotation>