<annotation>
	<folder>top국류원형배달미소된장국q3</folder>
	<filename>top_국류_원형배달_미소된장국_Q3_00050.JPG</filename>
	<path>/top국류원형배달미소된장국q3/top_국류_원형배달_미소된장국_Q3_00050.JPG</path>
	<source>
		<database>fooddata</database>
	</source>
	<size>
		<width>3008</width>
		<height>2000</height>
		<depth>3</depth>
	</size>
	<object>
		<name>ref_spoon</name>
		<bndbox>
			<xmin>1415</xmin>
			<ymin>222</ymin>
			<xmax>1794</xmax>
			<ymax>863</ymax>
		</bndbox>
	</object>
	<object>
		<name>ref_fork</name>
		<bndbox>
			<xmin>1013</xmin>
			<ymin>198</ymin>
			<xmax>1289</xmax>
			<ymax>925</ymax>
		</bndbox>
	</object>
	<object>
		<name>ref_coin</name>
		<bndbox>
			<xmin>391</xmin>
			<ymin>276</ymin>
			<xmax>661</xmax>
			<ymax>539</ymax>
		</bndbox>
	</object>
	<object>
		<name>dish</name>
		<bndbox>
			<xmin>1644</xmin>
			<ymin>904</ymin>
			<xmax>2477</xmax>
			<ymax>1717</ymax>
		</bndbox>
	</object>
	<object>
		<name>미소된장국</name>
		<bndbox>
			<xmin>1712</xmin>
			<ymin>1024</ymin>
			<xmax>2364</xmax>
			<ymax>1666</ymax>
		</bndbox>
	</object>
</annotation>