<annotation>
	<folder>top국류원형배달미소된장국q3</folder>
	<filename>top_국류_원형배달_미소된장국_Q3_00008.JPG</filename>
	<path>/top국류원형배달미소된장국q3/top_국류_원형배달_미소된장국_Q3_00008.JPG</path>
	<source>
		<database>fooddata</database>
	</source>
	<size>
		<width>3008</width>
		<height>2000</height>
		<depth>3</depth>
	</size>
	<object>
		<name>ref_spoon</name>
		<bndbox>
			<xmin>1821</xmin>
			<ymin>389</ymin>
			<xmax>2163</xmax>
			<ymax>962</ymax>
		</bndbox>
	</object>
	<object>
		<name>ref_fork</name>
		<bndbox>
			<xmin>2255</xmin>
			<ymin>457</ymin>
			<xmax>2477</xmax>
			<ymax>1096</ymax>
		</bndbox>
	</object>
	<object>
		<name>ref_coin</name>
		<bndbox>
			<xmin>197</xmin>
			<ymin>1133</ymin>
			<xmax>453</xmax>
			<ymax>1382</ymax>
		</bndbox>
	</object>
	<object>
		<name>dish</name>
		<bndbox>
			<xmin>811</xmin>
			<ymin>782</ymin>
			<xmax>1579</xmax>
			<ymax>1536</ymax>
		</bndbox>
	</object>
	<object>
		<name>미소된장국</name>
		<bndbox>
			<xmin>883</xmin>
			<ymin>908</ymin>
			<xmax>1484</xmax>
			<ymax>1495</ymax>
		</bndbox>
	</object>
</annotation>