<annotation>
	<folder>side기타튀김배달종이박스감자튀김(스틱형)q2</folder>
	<filename>side_기타튀김_배달종이박스_감자튀김(스틱형)_Q2_00013.JPG</filename>
	<path>/side기타튀김배달종이박스감자튀김(스틱형)q2/side_기타튀김_배달종이박스_감자튀김(스틱형)_Q2_00013.JPG</path>
	<source>
		<database>fooddata</database>
	</source>
	<size>
		<width>3008</width>
		<height>2000</height>
		<depth>3</depth>
	</size>
	<object>
		<name>ref_spoon</name>
		<bndbox>
			<xmin>2031</xmin>
			<ymin>490</ymin>
			<xmax>2315</xmax>
			<ymax>847</ymax>
		</bndbox>
	</object>
	<object>
		<name>ref_fork</name>
		<bndbox>
			<xmin>2493</xmin>
			<ymin>524</ymin>
			<xmax>2688</xmax>
			<ymax>940</ymax>
		</bndbox>
	</object>
	<object>
		<name>ref_coin</name>
		<bndbox>
			<xmin>168</xmin>
			<ymin>270</ymin>
			<xmax>374</xmax>
			<ymax>402</ymax>
		</bndbox>
	</object>
	<object>
		<name>dish</name>
		<bndbox>
			<xmin>544</xmin>
			<ymin>485</ymin>
			<xmax>2141</xmax>
			<ymax>1674</ymax>
		</bndbox>
	</object>
	<object>
		<name>감자튀김(스틱형)</name>
		<bndbox>
			<xmin>886</xmin>
			<ymin>812</ymin>
			<xmax>1963</xmax>
			<ymax>1540</ymax>
		</bndbox>
	</object>
</annotation>