<annotation>
	<folder>side기타튀김배달종이박스감자튀김(스틱형)q2</folder>
	<filename>side_기타튀김_배달종이박스_감자튀김(스틱형)_Q2_00014.JPG</filename>
	<path>/side기타튀김배달종이박스감자튀김(스틱형)q2/side_기타튀김_배달종이박스_감자튀김(스틱형)_Q2_00014.JPG</path>
	<source>
		<database>fooddata</database>
	</source>
	<size>
		<width>3008</width>
		<height>2000</height>
		<depth>3</depth>
	</size>
	<object>
		<name>ref_spoon</name>
		<bndbox>
			<xmin>2034</xmin>
			<ymin>285</ymin>
			<xmax>2319</xmax>
			<ymax>647</ymax>
		</bndbox>
	</object>
	<object>
		<name>ref_fork</name>
		<bndbox>
			<xmin>2498</xmin>
			<ymin>316</ymin>
			<xmax>2691</xmax>
			<ymax>735</ymax>
		</bndbox>
	</object>
	<object>
		<name>ref_coin</name>
		<bndbox>
			<xmin>405</xmin>
			<ymin>387</ymin>
			<xmax>618</xmax>
			<ymax>534</ymax>
		</bndbox>
	</object>
	<object>
		<name>dish</name>
		<bndbox>
			<xmin>574</xmin>
			<ymin>341</ymin>
			<xmax>2088</xmax>
			<ymax>1518</ymax>
		</bndbox>
	</object>
	<object>
		<name>감자튀김(스틱형)</name>
		<bndbox>
			<xmin>789</xmin>
			<ymin>680</ymin>
			<xmax>1902</xmax>
			<ymax>1361</ymax>
		</bndbox>
	</object>
</annotation>