<annotation>
	<folder>side기타튀김배달종이박스감자튀김(스틱형)q2</folder>
	<filename>side_기타튀김_배달종이박스_감자튀김(스틱형)_Q2_00019.JPG</filename>
	<path>/side기타튀김배달종이박스감자튀김(스틱형)q2/side_기타튀김_배달종이박스_감자튀김(스틱형)_Q2_00019.JPG</path>
	<source>
		<database>fooddata</database>
	</source>
	<size>
		<width>3008</width>
		<height>2000</height>
		<depth>3</depth>
	</size>
	<object>
		<name>ref_spoon</name>
		<bndbox>
			<xmin>376</xmin>
			<ymin>1444</ymin>
			<xmax>845</xmax>
			<ymax>1713</ymax>
		</bndbox>
	</object>
	<object>
		<name>ref_fork</name>
		<bndbox>
			<xmin>432</xmin>
			<ymin>1146</ymin>
			<xmax>950</xmax>
			<ymax>1393</ymax>
		</bndbox>
	</object>
	<object>
		<name>ref_coin</name>
		<bndbox>
			<xmin>2288</xmin>
			<ymin>836</ymin>
			<xmax>2498</xmax>
			<ymax>985</ymax>
		</bndbox>
	</object>
	<object>
		<name>dish</name>
		<bndbox>
			<xmin>674</xmin>
			<ymin>94</ymin>
			<xmax>2083</xmax>
			<ymax>1139</ymax>
		</bndbox>
	</object>
	<object>
		<name>감자튀김(스틱형)</name>
		<bndbox>
			<xmin>847</xmin>
			<ymin>348</ymin>
			<xmax>1694</xmax>
			<ymax>971</ymax>
		</bndbox>
	</object>
</annotation>