<annotation>
	<folder>side기타튀김배달종이박스감자튀김(스틱형)q2</folder>
	<filename>side_기타튀김_배달종이박스_감자튀김(스틱형)_Q2_00038.JPG</filename>
	<path>/side기타튀김배달종이박스감자튀김(스틱형)q2/side_기타튀김_배달종이박스_감자튀김(스틱형)_Q2_00038.JPG</path>
	<source>
		<database>fooddata</database>
	</source>
	<size>
		<width>3008</width>
		<height>2000</height>
		<depth>3</depth>
	</size>
	<object>
		<name>ref_spoon</name>
		<bndbox>
			<xmin>652</xmin>
			<ymin>485</ymin>
			<xmax>935</xmax>
			<ymax>835</ymax>
		</bndbox>
	</object>
	<object>
		<name>ref_fork</name>
		<bndbox>
			<xmin>1057</xmin>
			<ymin>514</ymin>
			<xmax>1245</xmax>
			<ymax>930</ymax>
		</bndbox>
	</object>
	<object>
		<name>ref_coin</name>
		<bndbox>
			<xmin>283</xmin>
			<ymin>1176</ymin>
			<xmax>510</xmax>
			<ymax>1339</ymax>
		</bndbox>
	</object>
	<object>
		<name>dish</name>
		<bndbox>
			<xmin>1546</xmin>
			<ymin>631</ymin>
			<xmax>2739</xmax>
			<ymax>1581</ymax>
		</bndbox>
	</object>
	<object>
		<name>감자튀김(스틱형)</name>
		<bndbox>
			<xmin>1585</xmin>
			<ymin>731</ymin>
			<xmax>2634</xmax>
			<ymax>1430</ymax>
		</bndbox>
	</object>
</annotation>