<annotation>
	<folder>side기타튀김배달종이박스감자튀김(스틱형)q2</folder>
	<filename>side_기타튀김_배달종이박스_감자튀김(스틱형)_Q2_00039.JPG</filename>
	<path>/side기타튀김배달종이박스감자튀김(스틱형)q2/side_기타튀김_배달종이박스_감자튀김(스틱형)_Q2_00039.JPG</path>
	<source>
		<database>fooddata</database>
	</source>
	<size>
		<width>3008</width>
		<height>2000</height>
		<depth>3</depth>
	</size>
	<object>
		<name>ref_spoon</name>
		<bndbox>
			<xmin>691</xmin>
			<ymin>421</ymin>
			<xmax>977</xmax>
			<ymax>781</ymax>
		</bndbox>
	</object>
	<object>
		<name>ref_fork</name>
		<bndbox>
			<xmin>1099</xmin>
			<ymin>456</ymin>
			<xmax>1292</xmax>
			<ymax>860</ymax>
		</bndbox>
	</object>
	<object>
		<name>ref_coin</name>
		<bndbox>
			<xmin>293</xmin>
			<ymin>963</ymin>
			<xmax>513</xmax>
			<ymax>1120</ymax>
		</bndbox>
	</object>
	<object>
		<name>dish</name>
		<bndbox>
			<xmin>1436</xmin>
			<ymin>490</ymin>
			<xmax>2732</xmax>
			<ymax>1491</ymax>
		</bndbox>
	</object>
	<object>
		<name>감자튀김(스틱형)</name>
		<bndbox>
			<xmin>1607</xmin>
			<ymin>773</ymin>
			<xmax>2615</xmax>
			<ymax>1332</ymax>
		</bndbox>
	</object>
</annotation>