<annotation>
	<folder>side기타튀김배달종이박스감자튀김(스틱형)q2</folder>
	<filename>side_기타튀김_배달종이박스_감자튀김(스틱형)_Q2_00015.JPG</filename>
	<path>/side기타튀김배달종이박스감자튀김(스틱형)q2/side_기타튀김_배달종이박스_감자튀김(스틱형)_Q2_00015.JPG</path>
	<source>
		<database>fooddata</database>
	</source>
	<size>
		<width>3008</width>
		<height>2000</height>
		<depth>3</depth>
	</size>
	<object>
		<name>ref_spoon</name>
		<bndbox>
			<xmin>2009</xmin>
			<ymin>194</ymin>
			<xmax>2293</xmax>
			<ymax>564</ymax>
		</bndbox>
	</object>
	<object>
		<name>ref_fork</name>
		<bndbox>
			<xmin>2476</xmin>
			<ymin>226</ymin>
			<xmax>2671</xmax>
			<ymax>650</ymax>
		</bndbox>
	</object>
	<object>
		<name>ref_coin</name>
		<bndbox>
			<xmin>225</xmin>
			<ymin>839</ymin>
			<xmax>449</xmax>
			<ymax>1010</ymax>
		</bndbox>
	</object>
	<object>
		<name>dish</name>
		<bndbox>
			<xmin>637</xmin>
			<ymin>224</ymin>
			<xmax>2183</xmax>
			<ymax>1449</ymax>
		</bndbox>
	</object>
	<object>
		<name>감자튀김(스틱형)</name>
		<bndbox>
			<xmin>877</xmin>
			<ymin>595</ymin>
			<xmax>1922</xmax>
			<ymax>1337</ymax>
		</bndbox>
	</object>
</annotation>