<annotation>
	<folder>side기타튀김배달종이박스감자튀김(스틱형)q2</folder>
	<filename>side_기타튀김_배달종이박스_감자튀김(스틱형)_Q2_00053.JPG</filename>
	<path>/side기타튀김배달종이박스감자튀김(스틱형)q2/side_기타튀김_배달종이박스_감자튀김(스틱형)_Q2_00053.JPG</path>
	<source>
		<database>fooddata</database>
	</source>
	<size>
		<width>3008</width>
		<height>2000</height>
		<depth>3</depth>
	</size>
	<object>
		<name>ref_spoon</name>
		<bndbox>
			<xmin>872</xmin>
			<ymin>248</ymin>
			<xmax>1160</xmax>
			<ymax>606</ymax>
		</bndbox>
	</object>
	<object>
		<name>ref_fork</name>
		<bndbox>
			<xmin>1274</xmin>
			<ymin>294</ymin>
			<xmax>1467</xmax>
			<ymax>694</ymax>
		</bndbox>
	</object>
	<object>
		<name>ref_coin</name>
		<bndbox>
			<xmin>1387</xmin>
			<ymin>1466</ymin>
			<xmax>1631</xmax>
			<ymax>1654</ymax>
		</bndbox>
	</object>
	<object>
		<name>dish</name>
		<bndbox>
			<xmin>1558</xmin>
			<ymin>336</ymin>
			<xmax>3003</xmax>
			<ymax>1447</ymax>
		</bndbox>
	</object>
	<object>
		<name>감자튀김(스틱형)</name>
		<bndbox>
			<xmin>1726</xmin>
			<ymin>607</ymin>
			<xmax>2883</xmax>
			<ymax>1300</ymax>
		</bndbox>
	</object>
</annotation>