<annotation>
	<folder>top기타튀김배달종이박스감자튀김(스틱형)q2</folder>
	<filename>top_기타튀김_배달종이박스_감자튀김(스틱형)_Q2_00040.JPG</filename>
	<path>/top기타튀김배달종이박스감자튀김(스틱형)q2/top_기타튀김_배달종이박스_감자튀김(스틱형)_Q2_00040.JPG</path>
	<source>
		<database>fooddata</database>
	</source>
	<size>
		<width>3008</width>
		<height>2000</height>
		<depth>3</depth>
	</size>
	<object>
		<name>ref_spoon</name>
		<bndbox>
			<xmin>600</xmin>
			<ymin>118</ymin>
			<xmax>874</xmax>
			<ymax>571</ymax>
		</bndbox>
	</object>
	<object>
		<name>ref_fork</name>
		<bndbox>
			<xmin>955</xmin>
			<ymin>225</ymin>
			<xmax>1143</xmax>
			<ymax>723</ymax>
		</bndbox>
	</object>
	<object>
		<name>ref_coin</name>
		<bndbox>
			<xmin>244</xmin>
			<ymin>840</ymin>
			<xmax>457</xmax>
			<ymax>1043</ymax>
		</bndbox>
	</object>
	<object>
		<name>dish</name>
		<bndbox>
			<xmin>1250</xmin>
			<ymin>372</ymin>
			<xmax>2378</xmax>
			<ymax>1384</ymax>
		</bndbox>
	</object>
	<object>
		<name>감자튀김(스틱형)</name>
		<bndbox>
			<xmin>1326</xmin>
			<ymin>510</ymin>
			<xmax>2246</xmax>
			<ymax>1333</ymax>
		</bndbox>
	</object>
</annotation>