<annotation>
	<folder>top기타튀김배달종이박스감자튀김(스틱형)q2</folder>
	<filename>top_기타튀김_배달종이박스_감자튀김(스틱형)_Q2_00042.JPG</filename>
	<path>/top기타튀김배달종이박스감자튀김(스틱형)q2/top_기타튀김_배달종이박스_감자튀김(스틱형)_Q2_00042.JPG</path>
	<source>
		<database>fooddata</database>
	</source>
	<size>
		<width>3008</width>
		<height>2000</height>
		<depth>3</depth>
	</size>
	<object>
		<name>ref_spoon</name>
		<bndbox>
			<xmin>579</xmin>
			<ymin>139</ymin>
			<xmax>854</xmax>
			<ymax>642</ymax>
		</bndbox>
	</object>
	<object>
		<name>ref_fork</name>
		<bndbox>
			<xmin>935</xmin>
			<ymin>256</ymin>
			<xmax>1128</xmax>
			<ymax>764</ymax>
		</bndbox>
	</object>
	<object>
		<name>ref_coin</name>
		<bndbox>
			<xmin>198</xmin>
			<ymin>398</ymin>
			<xmax>417</xmax>
			<ymax>601</ymax>
		</bndbox>
	</object>
	<object>
		<name>dish</name>
		<bndbox>
			<xmin>1219</xmin>
			<ymin>393</ymin>
			<xmax>2373</xmax>
			<ymax>1434</ymax>
		</bndbox>
	</object>
	<object>
		<name>감자튀김(스틱형)</name>
		<bndbox>
			<xmin>1296</xmin>
			<ymin>469</ymin>
			<xmax>2236</xmax>
			<ymax>1373</ymax>
		</bndbox>
	</object>
</annotation>