<annotation>
	<folder>top기타튀김배달종이박스감자튀김(스틱형)q2</folder>
	<filename>top_기타튀김_배달종이박스_감자튀김(스틱형)_Q2_00001.JPG</filename>
	<path>/top기타튀김배달종이박스감자튀김(스틱형)q2/top_기타튀김_배달종이박스_감자튀김(스틱형)_Q2_00001.JPG</path>
	<source>
		<database>fooddata</database>
	</source>
	<size>
		<width>3008</width>
		<height>2000</height>
		<depth>3</depth>
	</size>
	<object>
		<name>ref_spoon</name>
		<bndbox>
			<xmin>1941</xmin>
			<ymin>184</ymin>
			<xmax>2210</xmax>
			<ymax>642</ymax>
		</bndbox>
	</object>
	<object>
		<name>ref_fork</name>
		<bndbox>
			<xmin>2302</xmin>
			<ymin>215</ymin>
			<xmax>2515</xmax>
			<ymax>708</ymax>
		</bndbox>
	</object>
	<object>
		<name>ref_coin</name>
		<bndbox>
			<xmin>325</xmin>
			<ymin>1272</ymin>
			<xmax>549</xmax>
			<ymax>1485</ymax>
		</bndbox>
	</object>
	<object>
		<name>dish</name>
		<bndbox>
			<xmin>513</xmin>
			<ymin>235</ymin>
			<xmax>1895</xmax>
			<ymax>1622</ymax>
		</bndbox>
	</object>
	<object>
		<name>감자튀김(스틱형)</name>
		<bndbox>
			<xmin>742</xmin>
			<ymin>500</ymin>
			<xmax>1758</xmax>
			<ymax>1445</ymax>
		</bndbox>
	</object>
</annotation>