<annotation>
	<folder>top기타튀김배달종이박스감자튀김(스틱형)q2</folder>
	<filename>top_기타튀김_배달종이박스_감자튀김(스틱형)_Q2_00017.JPG</filename>
	<path>/top기타튀김배달종이박스감자튀김(스틱형)q2/top_기타튀김_배달종이박스_감자튀김(스틱형)_Q2_00017.JPG</path>
	<source>
		<database>fooddata</database>
	</source>
	<size>
		<width>3008</width>
		<height>2000</height>
		<depth>3</depth>
	</size>
	<object>
		<name>ref_spoon</name>
		<bndbox>
			<xmin>1941</xmin>
			<ymin>378</ymin>
			<xmax>2215</xmax>
			<ymax>840</ymax>
		</bndbox>
	</object>
	<object>
		<name>ref_fork</name>
		<bndbox>
			<xmin>2312</xmin>
			<ymin>408</ymin>
			<xmax>2500</xmax>
			<ymax>891</ymax>
		</bndbox>
	</object>
	<object>
		<name>ref_coin</name>
		<bndbox>
			<xmin>1219</xmin>
			<ymin>134</ymin>
			<xmax>1423</xmax>
			<ymax>327</ymax>
		</bndbox>
	</object>
	<object>
		<name>dish</name>
		<bndbox>
			<xmin>650</xmin>
			<ymin>632</ymin>
			<xmax>1809</xmax>
			<ymax>1709</ymax>
		</bndbox>
	</object>
	<object>
		<name>감자튀김(스틱형)</name>
		<bndbox>
			<xmin>762</xmin>
			<ymin>703</ymin>
			<xmax>1707</xmax>
			<ymax>1607</ymax>
		</bndbox>
	</object>
</annotation>