<annotation>
	<folder>top기타튀김배달종이박스감자튀김(스틱형)q2</folder>
	<filename>top_기타튀김_배달종이박스_감자튀김(스틱형)_Q2_00008.JPG</filename>
	<path>/top기타튀김배달종이박스감자튀김(스틱형)q2/top_기타튀김_배달종이박스_감자튀김(스틱형)_Q2_00008.JPG</path>
	<source>
		<database>fooddata</database>
	</source>
	<size>
		<width>3008</width>
		<height>2000</height>
		<depth>3</depth>
	</size>
	<object>
		<name>ref_spoon</name>
		<bndbox>
			<xmin>2114</xmin>
			<ymin>342</ymin>
			<xmax>2383</xmax>
			<ymax>815</ymax>
		</bndbox>
	</object>
	<object>
		<name>ref_fork</name>
		<bndbox>
			<xmin>2469</xmin>
			<ymin>388</ymin>
			<xmax>2693</xmax>
			<ymax>876</ymax>
		</bndbox>
	</object>
	<object>
		<name>ref_coin</name>
		<bndbox>
			<xmin>1728</xmin>
			<ymin>657</ymin>
			<xmax>1931</xmax>
			<ymax>855</ymax>
		</bndbox>
	</object>
	<object>
		<name>dish</name>
		<bndbox>
			<xmin>549</xmin>
			<ymin>378</ymin>
			<xmax>1692</xmax>
			<ymax>1577</ymax>
		</bndbox>
	</object>
	<object>
		<name>감자튀김(스틱형)</name>
		<bndbox>
			<xmin>650</xmin>
			<ymin>510</ymin>
			<xmax>1545</xmax>
			<ymax>1409</ymax>
		</bndbox>
	</object>
</annotation>