<annotation>
	<folder>top기타튀김배달종이박스감자튀김(스틱형)q2</folder>
	<filename>top_기타튀김_배달종이박스_감자튀김(스틱형)_Q2_00051.JPG</filename>
	<path>/top기타튀김배달종이박스감자튀김(스틱형)q2/top_기타튀김_배달종이박스_감자튀김(스틱형)_Q2_00051.JPG</path>
	<source>
		<database>fooddata</database>
	</source>
	<size>
		<width>3008</width>
		<height>2000</height>
		<depth>3</depth>
	</size>
	<object>
		<name>ref_spoon</name>
		<bndbox>
			<xmin>620</xmin>
			<ymin>63</ymin>
			<xmax>889</xmax>
			<ymax>530</ymax>
		</bndbox>
	</object>
	<object>
		<name>ref_fork</name>
		<bndbox>
			<xmin>976</xmin>
			<ymin>164</ymin>
			<xmax>1158</xmax>
			<ymax>657</ymax>
		</bndbox>
	</object>
	<object>
		<name>ref_coin</name>
		<bndbox>
			<xmin>1433</xmin>
			<ymin>1500</ymin>
			<xmax>1651</xmax>
			<ymax>1729</ymax>
		</bndbox>
	</object>
	<object>
		<name>dish</name>
		<bndbox>
			<xmin>1275</xmin>
			<ymin>286</ymin>
			<xmax>2449</xmax>
			<ymax>1384</ymax>
		</bndbox>
	</object>
	<object>
		<name>감자튀김(스틱형)</name>
		<bndbox>
			<xmin>1392</xmin>
			<ymin>413</ymin>
			<xmax>2307</xmax>
			<ymax>1180</ymax>
		</bndbox>
	</object>
</annotation>