<annotation>
	<folder>side어육류면적접시돼지갈비q2</folder>
	<filename>side_어육류면적_접시_돼지갈비_Q2_00015.JPG</filename>
	<path>/side어육류면적접시돼지갈비q2/side_어육류면적_접시_돼지갈비_Q2_00015.JPG</path>
	<source>
		<database>fooddata</database>
	</source>
	<size>
		<width>5472</width>
		<height>3648</height>
		<depth>3</depth>
	</size>
	<object>
		<name>ref_spoon</name>
		<bndbox>
			<xmin>3879</xmin>
			<ymin>887</ymin>
			<xmax>4363</xmax>
			<ymax>1766</ymax>
		</bndbox>
	</object>
	<object>
		<name>ref_fork</name>
		<bndbox>
			<xmin>4560</xmin>
			<ymin>946</ymin>
			<xmax>4896</xmax>
			<ymax>1828</ymax>
		</bndbox>
	</object>
	<object>
		<name>ref_coin</name>
		<bndbox>
			<xmin>2615</xmin>
			<ymin>2944</ymin>
			<xmax>3000</xmax>
			<ymax>3276</ymax>
		</bndbox>
	</object>
	<object>
		<name>dish</name>
		<bndbox>
			<xmin>226</xmin>
			<ymin>995</ymin>
			<xmax>3749</xmax>
			<ymax>2716</ymax>
		</bndbox>
	</object>
	<object>
		<name>돼지갈비</name>
		<bndbox>
			<xmin>804</xmin>
			<ymin>1448</ymin>
			<xmax>2938</xmax>
			<ymax>2510</ymax>
		</bndbox>
	</object>
</annotation>