<annotation>
	<folder>side어육류면적접시돼지갈비q2</folder>
	<filename>side_어육류면적_접시_돼지갈비_Q2_00009.JPG</filename>
	<path>/side어육류면적접시돼지갈비q2/side_어육류면적_접시_돼지갈비_Q2_00009.JPG</path>
	<source>
		<database>fooddata</database>
	</source>
	<size>
		<width>5472</width>
		<height>3648</height>
		<depth>3</depth>
	</size>
	<object>
		<name>ref_spoon</name>
		<bndbox>
			<xmin>4085</xmin>
			<ymin>829</ymin>
			<xmax>4591</xmax>
			<ymax>1681</ymax>
		</bndbox>
	</object>
	<object>
		<name>ref_fork</name>
		<bndbox>
			<xmin>4798</xmin>
			<ymin>878</ymin>
			<xmax>5152</xmax>
			<ymax>1811</ymax>
		</bndbox>
	</object>
	<object>
		<name>ref_coin</name>
		<bndbox>
			<xmin>1342</xmin>
			<ymin>990</ymin>
			<xmax>1696</xmax>
			<ymax>1255</ymax>
		</bndbox>
	</object>
	<object>
		<name>dish</name>
		<bndbox>
			<xmin>307</xmin>
			<ymin>1040</ymin>
			<xmax>3812</xmax>
			<ymax>3043</ymax>
		</bndbox>
	</object>
	<object>
		<name>돼지갈비</name>
		<bndbox>
			<xmin>1172</xmin>
			<ymin>1474</ymin>
			<xmax>3328</xmax>
			<ymax>2788</ymax>
		</bndbox>
	</object>
</annotation>