<annotation>
	<folder>side어육류면적접시돼지갈비q2</folder>
	<filename>side_어육류면적_접시_돼지갈비_Q2_00001.JPG</filename>
	<path>/side어육류면적접시돼지갈비q2/side_어육류면적_접시_돼지갈비_Q2_00001.JPG</path>
	<source>
		<database>fooddata</database>
	</source>
	<size>
		<width>5472</width>
		<height>3648</height>
		<depth>3</depth>
	</size>
	<object>
		<name>ref_spoon</name>
		<bndbox>
			<xmin>3812</xmin>
			<ymin>784</ymin>
			<xmax>4314</xmax>
			<ymax>1631</ymax>
		</bndbox>
	</object>
	<object>
		<name>ref_fork</name>
		<bndbox>
			<xmin>4515</xmin>
			<ymin>847</ymin>
			<xmax>4860</xmax>
			<ymax>1739</ymax>
		</bndbox>
	</object>
	<object>
		<name>ref_coin</name>
		<bndbox>
			<xmin>3278</xmin>
			<ymin>2832</ymin>
			<xmax>3673</xmax>
			<ymax>3155</ymax>
		</bndbox>
	</object>
	<object>
		<name>dish</name>
		<bndbox>
			<xmin>289</xmin>
			<ymin>923</ymin>
			<xmax>3928</xmax>
			<ymax>2532</ymax>
		</bndbox>
	</object>
	<object>
		<name>돼지갈비</name>
		<bndbox>
			<xmin>876</xmin>
			<ymin>1376</ymin>
			<xmax>3032</xmax>
			<ymax>2254</ymax>
		</bndbox>
	</object>
</annotation>