<annotation>
	<folder>side어육류면적접시돼지갈비q2</folder>
	<filename>side_어육류면적_접시_돼지갈비_Q2_00046.JPG</filename>
	<path>/side어육류면적접시돼지갈비q2/side_어육류면적_접시_돼지갈비_Q2_00046.JPG</path>
	<source>
		<database>fooddata</database>
	</source>
	<size>
		<width>5472</width>
		<height>3648</height>
		<depth>3</depth>
	</size>
	<object>
		<name>ref_spoon</name>
		<bndbox>
			<xmin>1840</xmin>
			<ymin>2819</ymin>
			<xmax>2902</xmax>
			<ymax>3272</ymax>
		</bndbox>
	</object>
	<object>
		<name>ref_fork</name>
		<bndbox>
			<xmin>1970</xmin>
			<ymin>2335</ymin>
			<xmax>3059</xmax>
			<ymax>2693</ymax>
		</bndbox>
	</object>
	<object>
		<name>ref_coin</name>
		<bndbox>
			<xmin>1284</xmin>
			<ymin>2044</ymin>
			<xmax>1634</xmax>
			<ymax>2321</ymax>
		</bndbox>
	</object>
	<object>
		<name>dish</name>
		<bndbox>
			<xmin>1750</xmin>
			<ymin>596</ymin>
			<xmax>5008</xmax>
			<ymax>2075</ymax>
		</bndbox>
	</object>
	<object>
		<name>돼지갈비</name>
		<bndbox>
			<xmin>3027</xmin>
			<ymin>950</ymin>
			<xmax>4475</xmax>
			<ymax>1909</ymax>
		</bndbox>
	</object>
</annotation>