<annotation>
	<folder>side어육류면적접시돼지갈비q2</folder>
	<filename>side_어육류면적_접시_돼지갈비_Q2_00043.JPG</filename>
	<path>/side어육류면적접시돼지갈비q2/side_어육류면적_접시_돼지갈비_Q2_00043.JPG</path>
	<source>
		<database>fooddata</database>
	</source>
	<size>
		<width>5472</width>
		<height>3648</height>
		<depth>3</depth>
	</size>
	<object>
		<name>ref_spoon</name>
		<bndbox>
			<xmin>1871</xmin>
			<ymin>2873</ymin>
			<xmax>2861</xmax>
			<ymax>3294</ymax>
		</bndbox>
	</object>
	<object>
		<name>ref_fork</name>
		<bndbox>
			<xmin>1997</xmin>
			<ymin>2425</ymin>
			<xmax>3014</xmax>
			<ymax>2756</ymax>
		</bndbox>
	</object>
	<object>
		<name>ref_coin</name>
		<bndbox>
			<xmin>1306</xmin>
			<ymin>937</ymin>
			<xmax>1611</xmax>
			<ymax>1165</ymax>
		</bndbox>
	</object>
	<object>
		<name>dish</name>
		<bndbox>
			<xmin>1790</xmin>
			<ymin>784</ymin>
			<xmax>4842</xmax>
			<ymax>2169</ymax>
		</bndbox>
	</object>
	<object>
		<name>돼지갈비</name>
		<bndbox>
			<xmin>2557</xmin>
			<ymin>1116</ymin>
			<xmax>4475</xmax>
			<ymax>1994</ymax>
		</bndbox>
	</object>
</annotation>