<annotation>
	<folder>side어육류면적접시돼지갈비q2</folder>
	<filename>side_어육류면적_접시_돼지갈비_Q2_00016.JPG</filename>
	<path>/side어육류면적접시돼지갈비q2/side_어육류면적_접시_돼지갈비_Q2_00016.JPG</path>
	<source>
		<database>fooddata</database>
	</source>
	<size>
		<width>5472</width>
		<height>3648</height>
		<depth>3</depth>
	</size>
	<object>
		<name>ref_spoon</name>
		<bndbox>
			<xmin>3977</xmin>
			<ymin>753</ymin>
			<xmax>4452</xmax>
			<ymax>1622</ymax>
		</bndbox>
	</object>
	<object>
		<name>ref_fork</name>
		<bndbox>
			<xmin>4645</xmin>
			<ymin>816</ymin>
			<xmax>4986</xmax>
			<ymax>1748</ymax>
		</bndbox>
	</object>
	<object>
		<name>ref_coin</name>
		<bndbox>
			<xmin>2109</xmin>
			<ymin>2891</ymin>
			<xmax>2494</xmax>
			<ymax>3213</ymax>
		</bndbox>
	</object>
	<object>
		<name>dish</name>
		<bndbox>
			<xmin>388</xmin>
			<ymin>901</ymin>
			<xmax>3888</xmax>
			<ymax>2469</ymax>
		</bndbox>
	</object>
	<object>
		<name>돼지갈비</name>
		<bndbox>
			<xmin>925</xmin>
			<ymin>1385</ymin>
			<xmax>3050</xmax>
			<ymax>2174</ymax>
		</bndbox>
	</object>
</annotation>