<annotation>
	<folder>side어육류면적접시돼지갈비q2</folder>
	<filename>side_어육류면적_접시_돼지갈비_Q2_00032.JPG</filename>
	<path>/side어육류면적접시돼지갈비q2/side_어육류면적_접시_돼지갈비_Q2_00032.JPG</path>
	<source>
		<database>fooddata</database>
	</source>
	<size>
		<width>5472</width>
		<height>3648</height>
		<depth>3</depth>
	</size>
	<object>
		<name>ref_spoon</name>
		<bndbox>
			<xmin>1665</xmin>
			<ymin>2998</ymin>
			<xmax>2687</xmax>
			<ymax>3428</ymax>
		</bndbox>
	</object>
	<object>
		<name>ref_fork</name>
		<bndbox>
			<xmin>1804</xmin>
			<ymin>2550</ymin>
			<xmax>2785</xmax>
			<ymax>2895</ymax>
		</bndbox>
	</object>
	<object>
		<name>ref_coin</name>
		<bndbox>
			<xmin>4847</xmin>
			<ymin>1779</ymin>
			<xmax>5183</xmax>
			<ymax>2026</ymax>
		</bndbox>
	</object>
	<object>
		<name>dish</name>
		<bndbox>
			<xmin>1634</xmin>
			<ymin>964</ymin>
			<xmax>4659</xmax>
			<ymax>2321</ymax>
		</bndbox>
	</object>
	<object>
		<name>돼지갈비</name>
		<bndbox>
			<xmin>2194</xmin>
			<ymin>1362</ymin>
			<xmax>4161</xmax>
			<ymax>2209</ymax>
		</bndbox>
	</object>
</annotation>