<annotation>
	<folder>side어육류면적접시돼지갈비q2</folder>
	<filename>side_어육류면적_접시_돼지갈비_Q2_00050.JPG</filename>
	<path>/side어육류면적접시돼지갈비q2/side_어육류면적_접시_돼지갈비_Q2_00050.JPG</path>
	<source>
		<database>fooddata</database>
	</source>
	<size>
		<width>5472</width>
		<height>3648</height>
		<depth>3</depth>
	</size>
	<object>
		<name>ref_spoon</name>
		<bndbox>
			<xmin>1674</xmin>
			<ymin>2900</ymin>
			<xmax>2727</xmax>
			<ymax>3343</ymax>
		</bndbox>
	</object>
	<object>
		<name>ref_fork</name>
		<bndbox>
			<xmin>1808</xmin>
			<ymin>2407</ymin>
			<xmax>2888</xmax>
			<ymax>2761</ymax>
		</bndbox>
	</object>
	<object>
		<name>ref_coin</name>
		<bndbox>
			<xmin>2445</xmin>
			<ymin>309</ymin>
			<xmax>2758</xmax>
			<ymax>547</ymax>
		</bndbox>
	</object>
	<object>
		<name>dish</name>
		<bndbox>
			<xmin>1589</xmin>
			<ymin>668</ymin>
			<xmax>4865</xmax>
			<ymax>2138</ymax>
		</bndbox>
	</object>
	<object>
		<name>돼지갈비</name>
		<bndbox>
			<xmin>2248</xmin>
			<ymin>968</ymin>
			<xmax>4291</xmax>
			<ymax>1967</ymax>
		</bndbox>
	</object>
</annotation>