<annotation>
	<folder>side어육류면적접시돼지갈비q2</folder>
	<filename>side_어육류면적_접시_돼지갈비_Q2_00017.JPG</filename>
	<path>/side어육류면적접시돼지갈비q2/side_어육류면적_접시_돼지갈비_Q2_00017.JPG</path>
	<source>
		<database>fooddata</database>
	</source>
	<size>
		<width>5472</width>
		<height>3648</height>
		<depth>3</depth>
	</size>
	<object>
		<name>ref_spoon</name>
		<bndbox>
			<xmin>4049</xmin>
			<ymin>744</ymin>
			<xmax>4538</xmax>
			<ymax>1569</ymax>
		</bndbox>
	</object>
	<object>
		<name>ref_fork</name>
		<bndbox>
			<xmin>4735</xmin>
			<ymin>820</ymin>
			<xmax>5062</xmax>
			<ymax>1766</ymax>
		</bndbox>
	</object>
	<object>
		<name>ref_coin</name>
		<bndbox>
			<xmin>1589</xmin>
			<ymin>2797</ymin>
			<xmax>1983</xmax>
			<ymax>3128</ymax>
		</bndbox>
	</object>
	<object>
		<name>dish</name>
		<bndbox>
			<xmin>854</xmin>
			<ymin>654</ymin>
			<xmax>4000</xmax>
			<ymax>2622</ymax>
		</bndbox>
	</object>
	<object>
		<name>돼지갈비</name>
		<bndbox>
			<xmin>1284</xmin>
			<ymin>1098</ymin>
			<xmax>3323</xmax>
			<ymax>2362</ymax>
		</bndbox>
	</object>
</annotation>