<annotation>
	<folder>side어육류면적접시돼지갈비q2</folder>
	<filename>side_어육류면적_접시_돼지갈비_Q2_00005.JPG</filename>
	<path>/side어육류면적접시돼지갈비q2/side_어육류면적_접시_돼지갈비_Q2_00005.JPG</path>
	<source>
		<database>fooddata</database>
	</source>
	<size>
		<width>5472</width>
		<height>3648</height>
		<depth>3</depth>
	</size>
	<object>
		<name>ref_spoon</name>
		<bndbox>
			<xmin>3565</xmin>
			<ymin>744</ymin>
			<xmax>4054</xmax>
			<ymax>1604</ymax>
		</bndbox>
	</object>
	<object>
		<name>ref_fork</name>
		<bndbox>
			<xmin>4251</xmin>
			<ymin>807</ymin>
			<xmax>4596</xmax>
			<ymax>1743</ymax>
		</bndbox>
	</object>
	<object>
		<name>ref_coin</name>
		<bndbox>
			<xmin>553</xmin>
			<ymin>2411</ymin>
			<xmax>957</xmax>
			<ymax>2729</ymax>
		</bndbox>
	</object>
	<object>
		<name>dish</name>
		<bndbox>
			<xmin>984</xmin>
			<ymin>381</ymin>
			<xmax>3444</xmax>
			<ymax>2935</ymax>
		</bndbox>
	</object>
	<object>
		<name>돼지갈비</name>
		<bndbox>
			<xmin>1396</xmin>
			<ymin>883</ymin>
			<xmax>2947</xmax>
			<ymax>2487</ymax>
		</bndbox>
	</object>
</annotation>