<annotation>
	<folder>side어육류면적접시돼지갈비q2</folder>
	<filename>side_어육류면적_접시_돼지갈비_Q2_00045.JPG</filename>
	<path>/side어육류면적접시돼지갈비q2/side_어육류면적_접시_돼지갈비_Q2_00045.JPG</path>
	<source>
		<database>fooddata</database>
	</source>
	<size>
		<width>5472</width>
		<height>3648</height>
		<depth>3</depth>
	</size>
	<object>
		<name>ref_spoon</name>
		<bndbox>
			<xmin>1660</xmin>
			<ymin>2962</ymin>
			<xmax>2691</xmax>
			<ymax>3415</ymax>
		</bndbox>
	</object>
	<object>
		<name>ref_fork</name>
		<bndbox>
			<xmin>1799</xmin>
			<ymin>2478</ymin>
			<xmax>2879</xmax>
			<ymax>2832</ymax>
		</bndbox>
	</object>
	<object>
		<name>ref_coin</name>
		<bndbox>
			<xmin>473</xmin>
			<ymin>1721</ymin>
			<xmax>818</xmax>
			<ymax>1990</ymax>
		</bndbox>
	</object>
	<object>
		<name>dish</name>
		<bndbox>
			<xmin>1589</xmin>
			<ymin>748</ymin>
			<xmax>4824</xmax>
			<ymax>2218</ymax>
		</bndbox>
	</object>
	<object>
		<name>돼지갈비</name>
		<bndbox>
			<xmin>2413</xmin>
			<ymin>1107</ymin>
			<xmax>4291</xmax>
			<ymax>2057</ymax>
		</bndbox>
	</object>
</annotation>