<annotation>
	<folder>side어육류면적접시돼지갈비q2</folder>
	<filename>side_어육류면적_접시_돼지갈비_Q2_00012.JPG</filename>
	<path>/side어육류면적접시돼지갈비q2/side_어육류면적_접시_돼지갈비_Q2_00012.JPG</path>
	<source>
		<database>fooddata</database>
	</source>
	<size>
		<width>5472</width>
		<height>3648</height>
		<depth>3</depth>
	</size>
	<object>
		<name>ref_spoon</name>
		<bndbox>
			<xmin>3776</xmin>
			<ymin>968</ymin>
			<xmax>4255</xmax>
			<ymax>1824</ymax>
		</bndbox>
	</object>
	<object>
		<name>ref_fork</name>
		<bndbox>
			<xmin>4448</xmin>
			<ymin>1031</ymin>
			<xmax>4784</xmax>
			<ymax>1945</ymax>
		</bndbox>
	</object>
	<object>
		<name>ref_coin</name>
		<bndbox>
			<xmin>3162</xmin>
			<ymin>1492</ymin>
			<xmax>3507</xmax>
			<ymax>1757</ymax>
		</bndbox>
	</object>
	<object>
		<name>dish</name>
		<bndbox>
			<xmin>567</xmin>
			<ymin>923</ymin>
			<xmax>3180</xmax>
			<ymax>3289</ymax>
		</bndbox>
	</object>
	<object>
		<name>돼지갈비</name>
		<bndbox>
			<xmin>1100</xmin>
			<ymin>1465</ymin>
			<xmax>2808</xmax>
			<ymax>3088</ymax>
		</bndbox>
	</object>
</annotation>