<annotation>
	<folder>side어육류면적접시돼지갈비q2</folder>
	<filename>side_어육류면적_접시_돼지갈비_Q2_00058.JPG</filename>
	<path>/side어육류면적접시돼지갈비q2/side_어육류면적_접시_돼지갈비_Q2_00058.JPG</path>
	<source>
		<database>fooddata</database>
	</source>
	<size>
		<width>5472</width>
		<height>3648</height>
		<depth>3</depth>
	</size>
	<object>
		<name>ref_spoon</name>
		<bndbox>
			<xmin>1517</xmin>
			<ymin>2841</ymin>
			<xmax>2539</xmax>
			<ymax>3294</ymax>
		</bndbox>
	</object>
	<object>
		<name>ref_fork</name>
		<bndbox>
			<xmin>1642</xmin>
			<ymin>2353</ymin>
			<xmax>2740</xmax>
			<ymax>2702</ymax>
		</bndbox>
	</object>
	<object>
		<name>ref_coin</name>
		<bndbox>
			<xmin>4887</xmin>
			<ymin>1555</ymin>
			<xmax>5255</xmax>
			<ymax>1824</ymax>
		</bndbox>
	</object>
	<object>
		<name>dish</name>
		<bndbox>
			<xmin>1405</xmin>
			<ymin>556</ymin>
			<xmax>4681</xmax>
			<ymax>2062</ymax>
		</bndbox>
	</object>
	<object>
		<name>돼지갈비</name>
		<bndbox>
			<xmin>1925</xmin>
			<ymin>959</ymin>
			<xmax>3619</xmax>
			<ymax>1976</ymax>
		</bndbox>
	</object>
</annotation>