<annotation>
	<folder>side어육류면적접시돼지갈비q2</folder>
	<filename>side_어육류면적_접시_돼지갈비_Q2_00057.JPG</filename>
	<path>/side어육류면적접시돼지갈비q2/side_어육류면적_접시_돼지갈비_Q2_00057.JPG</path>
	<source>
		<database>fooddata</database>
	</source>
	<size>
		<width>5472</width>
		<height>3648</height>
		<depth>3</depth>
	</size>
	<object>
		<name>ref_spoon</name>
		<bndbox>
			<xmin>1427</xmin>
			<ymin>2810</ymin>
			<xmax>2449</xmax>
			<ymax>3263</ymax>
		</bndbox>
	</object>
	<object>
		<name>ref_fork</name>
		<bndbox>
			<xmin>1548</xmin>
			<ymin>2326</ymin>
			<xmax>2660</xmax>
			<ymax>2671</ymax>
		</bndbox>
	</object>
	<object>
		<name>ref_coin</name>
		<bndbox>
			<xmin>4896</xmin>
			<ymin>1259</ymin>
			<xmax>5259</xmax>
			<ymax>1528</ymax>
		</bndbox>
	</object>
	<object>
		<name>dish</name>
		<bndbox>
			<xmin>1306</xmin>
			<ymin>520</ymin>
			<xmax>4564</xmax>
			<ymax>2026</ymax>
		</bndbox>
	</object>
	<object>
		<name>돼지갈비</name>
		<bndbox>
			<xmin>1822</xmin>
			<ymin>999</ymin>
			<xmax>4210</xmax>
			<ymax>1945</ymax>
		</bndbox>
	</object>
</annotation>