<annotation>
	<folder>top어육류면적접시돼지갈비q2</folder>
	<filename>top_어육류면적_접시_돼지갈비_Q2_00007.JPG</filename>
	<path>/top어육류면적접시돼지갈비q2/top_어육류면적_접시_돼지갈비_Q2_00007.JPG</path>
	<source>
		<database>fooddata</database>
	</source>
	<size>
		<width>720</width>
		<height>480</height>
		<depth>3</depth>
	</size>
	<object>
		<name>ref_spoon</name>
		<bndbox>
			<xmin>506</xmin>
			<ymin>68</ymin>
			<xmax>565</xmax>
			<ymax>168</ymax>
		</bndbox>
	</object>
	<object>
		<name>ref_fork</name>
		<bndbox>
			<xmin>590</xmin>
			<ymin>87</ymin>
			<xmax>633</xmax>
			<ymax>197</ymax>
		</bndbox>
	</object>
	<object>
		<name>ref_coin</name>
		<bndbox>
			<xmin>376</xmin>
			<ymin>57</ymin>
			<xmax>418</xmax>
			<ymax>98</ymax>
		</bndbox>
	</object>
	<object>
		<name>dish</name>
		<bndbox>
			<xmin>72</xmin>
			<ymin>52</ymin>
			<xmax>464</xmax>
			<ymax>374</ymax>
		</bndbox>
	</object>
	<object>
		<name>돼지갈비</name>
		<bndbox>
			<xmin>147</xmin>
			<ymin>105</ymin>
			<xmax>402</xmax>
			<ymax>331</ymax>
		</bndbox>
	</object>
</annotation>