<annotation>
	<folder>top어육류면적접시돼지갈비q2</folder>
	<filename>top_어육류면적_접시_돼지갈비_Q2_00015.JPG</filename>
	<path>/top어육류면적접시돼지갈비q2/top_어육류면적_접시_돼지갈비_Q2_00015.JPG</path>
	<source>
		<database>fooddata</database>
	</source>
	<size>
		<width>720</width>
		<height>480</height>
		<depth>3</depth>
	</size>
	<object>
		<name>ref_spoon</name>
		<bndbox>
			<xmin>128</xmin>
			<ymin>64</ymin>
			<xmax>187</xmax>
			<ymax>164</ymax>
		</bndbox>
	</object>
	<object>
		<name>ref_fork</name>
		<bndbox>
			<xmin>218</xmin>
			<ymin>77</ymin>
			<xmax>257</xmax>
			<ymax>186</ymax>
		</bndbox>
	</object>
	<object>
		<name>ref_coin</name>
		<bndbox>
			<xmin>382</xmin>
			<ymin>347</ymin>
			<xmax>426</xmax>
			<ymax>392</ymax>
		</bndbox>
	</object>
	<object>
		<name>dish</name>
		<bndbox>
			<xmin>308</xmin>
			<ymin>32</ymin>
			<xmax>666</xmax>
			<ymax>399</ymax>
		</bndbox>
	</object>
	<object>
		<name>돼지갈비</name>
		<bndbox>
			<xmin>362</xmin>
			<ymin>93</ymin>
			<xmax>590</xmax>
			<ymax>338</ymax>
		</bndbox>
	</object>
</annotation>