<annotation>
	<folder>side반찬부피접시총각김치q4</folder>
	<filename>side_반찬부피_접시_총각김치_Q4_00017.JPG</filename>
	<path>/side반찬부피접시총각김치q4/side_반찬부피_접시_총각김치_Q4_00017.JPG</path>
	<source>
		<database>fooddata</database>
	</source>
	<size>
		<width>3008</width>
		<height>2000</height>
		<depth>3</depth>
	</size>
	<object>
		<name>ref_spoon</name>
		<bndbox>
			<xmin>1656</xmin>
			<ymin>220</ymin>
			<xmax>1992</xmax>
			<ymax>713</ymax>
		</bndbox>
	</object>
	<object>
		<name>ref_fork</name>
		<bndbox>
			<xmin>2098</xmin>
			<ymin>240</ymin>
			<xmax>2342</xmax>
			<ymax>794</ymax>
		</bndbox>
	</object>
	<object>
		<name>ref_coin</name>
		<bndbox>
			<xmin>2622</xmin>
			<ymin>1318</ymin>
			<xmax>2906</xmax>
			<ymax>1546</ymax>
		</bndbox>
	</object>
	<object>
		<name>dish</name>
		<bndbox>
			<xmin>147</xmin>
			<ymin>393</ymin>
			<xmax>1656</xmax>
			<ymax>1506</ymax>
		</bndbox>
	</object>
	<object>
		<name>총각김치</name>
		<bndbox>
			<xmin>528</xmin>
			<ymin>642</ymin>
			<xmax>1392</xmax>
			<ymax>1312</ymax>
		</bndbox>
	</object>
</annotation>