<annotation>
	<folder>side반찬부피접시총각김치q4</folder>
	<filename>side_반찬부피_접시_총각김치_Q4_00008.JPG</filename>
	<path>/side반찬부피접시총각김치q4/side_반찬부피_접시_총각김치_Q4_00008.JPG</path>
	<source>
		<database>fooddata</database>
	</source>
	<size>
		<width>3008</width>
		<height>2000</height>
		<depth>3</depth>
	</size>
	<object>
		<name>ref_spoon</name>
		<bndbox>
			<xmin>1971</xmin>
			<ymin>423</ymin>
			<xmax>2317</xmax>
			<ymax>926</ymax>
		</bndbox>
	</object>
	<object>
		<name>ref_fork</name>
		<bndbox>
			<xmin>2424</xmin>
			<ymin>418</ymin>
			<xmax>2683</xmax>
			<ymax>997</ymax>
		</bndbox>
	</object>
	<object>
		<name>ref_coin</name>
		<bndbox>
			<xmin>320</xmin>
			<ymin>540</ymin>
			<xmax>569</xmax>
			<ymax>723</ymax>
		</bndbox>
	</object>
	<object>
		<name>dish</name>
		<bndbox>
			<xmin>285</xmin>
			<ymin>738</ymin>
			<xmax>1819</xmax>
			<ymax>1892</ymax>
		</bndbox>
	</object>
	<object>
		<name>총각김치</name>
		<bndbox>
			<xmin>564</xmin>
			<ymin>997</ymin>
			<xmax>1433</xmax>
			<ymax>1694</ymax>
		</bndbox>
	</object>
</annotation>