<annotation>
	<folder>side반찬부피접시총각김치q4</folder>
	<filename>side_반찬부피_접시_총각김치_Q4_00011.JPG</filename>
	<path>/side반찬부피접시총각김치q4/side_반찬부피_접시_총각김치_Q4_00011.JPG</path>
	<source>
		<database>fooddata</database>
	</source>
	<size>
		<width>3008</width>
		<height>2000</height>
		<depth>3</depth>
	</size>
	<object>
		<name>ref_spoon</name>
		<bndbox>
			<xmin>1941</xmin>
			<ymin>469</ymin>
			<xmax>2286</xmax>
			<ymax>977</ymax>
		</bndbox>
	</object>
	<object>
		<name>ref_fork</name>
		<bndbox>
			<xmin>2393</xmin>
			<ymin>479</ymin>
			<xmax>2652</xmax>
			<ymax>1043</ymax>
		</bndbox>
	</object>
	<object>
		<name>ref_coin</name>
		<bndbox>
			<xmin>1565</xmin>
			<ymin>317</ymin>
			<xmax>1829</xmax>
			<ymax>505</ymax>
		</bndbox>
	</object>
	<object>
		<name>dish</name>
		<bndbox>
			<xmin>361</xmin>
			<ymin>616</ymin>
			<xmax>1860</xmax>
			<ymax>1724</ymax>
		</bndbox>
	</object>
	<object>
		<name>총각김치</name>
		<bndbox>
			<xmin>630</xmin>
			<ymin>815</ymin>
			<xmax>1484</xmax>
			<ymax>1465</ymax>
		</bndbox>
	</object>
</annotation>