<annotation>
	<folder>side반찬부피접시총각김치q4</folder>
	<filename>side_반찬부피_접시_총각김치_Q4_00018.JPG</filename>
	<path>/side반찬부피접시총각김치q4/side_반찬부피_접시_총각김치_Q4_00018.JPG</path>
	<source>
		<database>fooddata</database>
	</source>
	<size>
		<width>3008</width>
		<height>2000</height>
		<depth>3</depth>
	</size>
	<object>
		<name>ref_spoon</name>
		<bndbox>
			<xmin>1585</xmin>
			<ymin>179</ymin>
			<xmax>1900</xmax>
			<ymax>642</ymax>
		</bndbox>
	</object>
	<object>
		<name>ref_fork</name>
		<bndbox>
			<xmin>1992</xmin>
			<ymin>205</ymin>
			<xmax>2210</xmax>
			<ymax>728</ymax>
		</bndbox>
	</object>
	<object>
		<name>ref_coin</name>
		<bndbox>
			<xmin>2337</xmin>
			<ymin>1577</ymin>
			<xmax>2602</xmax>
			<ymax>1800</ymax>
		</bndbox>
	</object>
	<object>
		<name>dish</name>
		<bndbox>
			<xmin>218</xmin>
			<ymin>312</ymin>
			<xmax>1595</xmax>
			<ymax>1343</ymax>
		</bndbox>
	</object>
	<object>
		<name>총각김치</name>
		<bndbox>
			<xmin>584</xmin>
			<ymin>535</ymin>
			<xmax>1301</xmax>
			<ymax>1165</ymax>
		</bndbox>
	</object>
</annotation>