<annotation>
	<folder>side반찬부피접시총각김치q4</folder>
	<filename>side_반찬부피_접시_총각김치_Q4_00051.JPG</filename>
	<path>/side반찬부피접시총각김치q4/side_반찬부피_접시_총각김치_Q4_00051.JPG</path>
	<source>
		<database>fooddata</database>
	</source>
	<size>
		<width>3008</width>
		<height>2000</height>
		<depth>3</depth>
	</size>
	<object>
		<name>ref_spoon</name>
		<bndbox>
			<xmin>300</xmin>
			<ymin>271</ymin>
			<xmax>640</xmax>
			<ymax>764</ymax>
		</bndbox>
	</object>
	<object>
		<name>ref_fork</name>
		<bndbox>
			<xmin>757</xmin>
			<ymin>256</ymin>
			<xmax>1006</xmax>
			<ymax>825</ymax>
		</bndbox>
	</object>
	<object>
		<name>ref_coin</name>
		<bndbox>
			<xmin>2200</xmin>
			<ymin>1541</ymin>
			<xmax>2480</xmax>
			<ymax>1775</ymax>
		</bndbox>
	</object>
	<object>
		<name>dish</name>
		<bndbox>
			<xmin>1199</xmin>
			<ymin>301</ymin>
			<xmax>2673</xmax>
			<ymax>1404</ymax>
		</bndbox>
	</object>
	<object>
		<name>총각김치</name>
		<bndbox>
			<xmin>1545</xmin>
			<ymin>621</ymin>
			<xmax>2495</xmax>
			<ymax>1150</ymax>
		</bndbox>
	</object>
</annotation>