<annotation>
	<folder>side반찬부피접시총각김치q4</folder>
	<filename>side_반찬부피_접시_총각김치_Q4_00054.JPG</filename>
	<path>/side반찬부피접시총각김치q4/side_반찬부피_접시_총각김치_Q4_00054.JPG</path>
	<source>
		<database>fooddata</database>
	</source>
	<size>
		<width>3008</width>
		<height>2000</height>
		<depth>3</depth>
	</size>
	<object>
		<name>ref_spoon</name>
		<bndbox>
			<xmin>163</xmin>
			<ymin>312</ymin>
			<xmax>498</xmax>
			<ymax>799</ymax>
		</bndbox>
	</object>
	<object>
		<name>ref_fork</name>
		<bndbox>
			<xmin>600</xmin>
			<ymin>317</ymin>
			<xmax>838</xmax>
			<ymax>876</ymax>
		</bndbox>
	</object>
	<object>
		<name>ref_coin</name>
		<bndbox>
			<xmin>2551</xmin>
			<ymin>1353</ymin>
			<xmax>2825</xmax>
			<ymax>1572</ymax>
		</bndbox>
	</object>
	<object>
		<name>dish</name>
		<bndbox>
			<xmin>1016</xmin>
			<ymin>423</ymin>
			<xmax>2429</xmax>
			<ymax>1475</ymax>
		</bndbox>
	</object>
	<object>
		<name>총각김치</name>
		<bndbox>
			<xmin>1346</xmin>
			<ymin>642</ymin>
			<xmax>2226</xmax>
			<ymax>1236</ymax>
		</bndbox>
	</object>
</annotation>