<annotation>
	<folder>side반찬부피접시총각김치q4</folder>
	<filename>side_반찬부피_접시_총각김치_Q4_00048.JPG</filename>
	<path>/side반찬부피접시총각김치q4/side_반찬부피_접시_총각김치_Q4_00048.JPG</path>
	<source>
		<database>fooddata</database>
	</source>
	<size>
		<width>3008</width>
		<height>2000</height>
		<depth>3</depth>
	</size>
	<object>
		<name>ref_spoon</name>
		<bndbox>
			<xmin>361</xmin>
			<ymin>240</ymin>
			<xmax>701</xmax>
			<ymax>748</ymax>
		</bndbox>
	</object>
	<object>
		<name>ref_fork</name>
		<bndbox>
			<xmin>823</xmin>
			<ymin>251</ymin>
			<xmax>1052</xmax>
			<ymax>794</ymax>
		</bndbox>
	</object>
	<object>
		<name>ref_coin</name>
		<bndbox>
			<xmin>1214</xmin>
			<ymin>1551</ymin>
			<xmax>1489</xmax>
			<ymax>1785</ymax>
		</bndbox>
	</object>
	<object>
		<name>dish</name>
		<bndbox>
			<xmin>1230</xmin>
			<ymin>332</ymin>
			<xmax>2723</xmax>
			<ymax>1424</ymax>
		</bndbox>
	</object>
	<object>
		<name>총각김치</name>
		<bndbox>
			<xmin>1585</xmin>
			<ymin>621</ymin>
			<xmax>2434</xmax>
			<ymax>1124</ymax>
		</bndbox>
	</object>
</annotation>