<annotation>
	<folder>top반찬부피접시총각김치q4</folder>
	<filename>top_반찬부피_접시_총각김치_Q4_00011.JPG</filename>
	<path>/top반찬부피접시총각김치q4/top_반찬부피_접시_총각김치_Q4_00011.JPG</path>
	<source>
		<database>fooddata</database>
	</source>
	<size>
		<width>3008</width>
		<height>2000</height>
		<depth>3</depth>
	</size>
	<object>
		<name>ref_spoon</name>
		<bndbox>
			<xmin>1907</xmin>
			<ymin>31</ymin>
			<xmax>2198</xmax>
			<ymax>480</ymax>
		</bndbox>
	</object>
	<object>
		<name>ref_fork</name>
		<bndbox>
			<xmin>2307</xmin>
			<ymin>190</ymin>
			<xmax>2522</xmax>
			<ymax>698</ymax>
		</bndbox>
	</object>
	<object>
		<name>ref_coin</name>
		<bndbox>
			<xmin>1327</xmin>
			<ymin>129</ymin>
			<xmax>1553</xmax>
			<ymax>340</ymax>
		</bndbox>
	</object>
	<object>
		<name>dish</name>
		<bndbox>
			<xmin>543</xmin>
			<ymin>555</ymin>
			<xmax>1824</xmax>
			<ymax>1837</ymax>
		</bndbox>
	</object>
	<object>
		<name>총각김치</name>
		<bndbox>
			<xmin>765</xmin>
			<ymin>951</ymin>
			<xmax>1534</xmax>
			<ymax>1618</ymax>
		</bndbox>
	</object>
</annotation>