<annotation>
	<folder>top반찬부피접시총각김치q4</folder>
	<filename>top_반찬부피_접시_총각김치_Q4_00017.JPG</filename>
	<path>/top반찬부피접시총각김치q4/top_반찬부피_접시_총각김치_Q4_00017.JPG</path>
	<source>
		<database>fooddata</database>
	</source>
	<size>
		<width>3008</width>
		<height>2000</height>
		<depth>3</depth>
	</size>
	<object>
		<name>ref_spoon</name>
		<bndbox>
			<xmin>1591</xmin>
			<ymin>141</ymin>
			<xmax>1847</xmax>
			<ymax>521</ymax>
		</bndbox>
	</object>
	<object>
		<name>ref_fork</name>
		<bndbox>
			<xmin>1949</xmin>
			<ymin>276</ymin>
			<xmax>2130</xmax>
			<ymax>721</ymax>
		</bndbox>
	</object>
	<object>
		<name>ref_coin</name>
		<bndbox>
			<xmin>1817</xmin>
			<ymin>1701</ymin>
			<xmax>2017</xmax>
			<ymax>1912</ymax>
		</bndbox>
	</object>
	<object>
		<name>dish</name>
		<bndbox>
			<xmin>445</xmin>
			<ymin>420</ymin>
			<xmax>1545</xmax>
			<ymax>1516</ymax>
		</bndbox>
	</object>
	<object>
		<name>총각김치</name>
		<bndbox>
			<xmin>724</xmin>
			<ymin>717</ymin>
			<xmax>1331</xmax>
			<ymax>1343</ymax>
		</bndbox>
	</object>
</annotation>