<annotation>
	<folder>top반찬부피접시총각김치q4</folder>
	<filename>top_반찬부피_접시_총각김치_Q4_00034.JPG</filename>
	<path>/top반찬부피접시총각김치q4/top_반찬부피_접시_총각김치_Q4_00034.JPG</path>
	<source>
		<database>fooddata</database>
	</source>
	<size>
		<width>3008</width>
		<height>2000</height>
		<depth>3</depth>
	</size>
	<object>
		<name>ref_spoon</name>
		<bndbox>
			<xmin>1685</xmin>
			<ymin>208</ymin>
			<xmax>1986</xmax>
			<ymax>702</ymax>
		</bndbox>
	</object>
	<object>
		<name>ref_fork</name>
		<bndbox>
			<xmin>2066</xmin>
			<ymin>208</ymin>
			<xmax>2273</xmax>
			<ymax>714</ymax>
		</bndbox>
	</object>
	<object>
		<name>ref_coin</name>
		<bndbox>
			<xmin>2544</xmin>
			<ymin>1460</ymin>
			<xmax>2774</xmax>
			<ymax>1697</ymax>
		</bndbox>
	</object>
	<object>
		<name>dish</name>
		<bndbox>
			<xmin>230</xmin>
			<ymin>190</ymin>
			<xmax>1583</xmax>
			<ymax>1486</ymax>
		</bndbox>
	</object>
	<object>
		<name>총각김치</name>
		<bndbox>
			<xmin>543</xmin>
			<ymin>521</ymin>
			<xmax>1293</xmax>
			<ymax>1290</ymax>
		</bndbox>
	</object>
</annotation>