<annotation>
	<folder>top반찬부피접시총각김치q4</folder>
	<filename>top_반찬부피_접시_총각김치_Q4_00027.JPG</filename>
	<path>/top반찬부피접시총각김치q4/top_반찬부피_접시_총각김치_Q4_00027.JPG</path>
	<source>
		<database>fooddata</database>
	</source>
	<size>
		<width>3008</width>
		<height>2000</height>
		<depth>3</depth>
	</size>
	<object>
		<name>ref_spoon</name>
		<bndbox>
			<xmin>1892</xmin>
			<ymin>216</ymin>
			<xmax>2216</xmax>
			<ymax>702</ymax>
		</bndbox>
	</object>
	<object>
		<name>ref_fork</name>
		<bndbox>
			<xmin>2277</xmin>
			<ymin>235</ymin>
			<xmax>2503</xmax>
			<ymax>740</ymax>
		</bndbox>
	</object>
	<object>
		<name>ref_coin</name>
		<bndbox>
			<xmin>1331</xmin>
			<ymin>118</ymin>
			<xmax>1561</xmax>
			<ymax>352</ymax>
		</bndbox>
	</object>
	<object>
		<name>dish</name>
		<bndbox>
			<xmin>456</xmin>
			<ymin>487</ymin>
			<xmax>1802</xmax>
			<ymax>1833</ymax>
		</bndbox>
	</object>
	<object>
		<name>총각김치</name>
		<bndbox>
			<xmin>795</xmin>
			<ymin>702</ymin>
			<xmax>1545</xmax>
			<ymax>1456</ymax>
		</bndbox>
	</object>
</annotation>