<annotation>
	<folder>top반찬부피접시총각김치q4</folder>
	<filename>top_반찬부피_접시_총각김치_Q4_00032.JPG</filename>
	<path>/top반찬부피접시총각김치q4/top_반찬부피_접시_총각김치_Q4_00032.JPG</path>
	<source>
		<database>fooddata</database>
	</source>
	<size>
		<width>3008</width>
		<height>2000</height>
		<depth>3</depth>
	</size>
	<object>
		<name>ref_spoon</name>
		<bndbox>
			<xmin>1768</xmin>
			<ymin>273</ymin>
			<xmax>2077</xmax>
			<ymax>751</ymax>
		</bndbox>
	</object>
	<object>
		<name>ref_fork</name>
		<bndbox>
			<xmin>2156</xmin>
			<ymin>280</ymin>
			<xmax>2363</xmax>
			<ymax>808</ymax>
		</bndbox>
	</object>
	<object>
		<name>ref_coin</name>
		<bndbox>
			<xmin>2578</xmin>
			<ymin>834</ymin>
			<xmax>2782</xmax>
			<ymax>1064</ymax>
		</bndbox>
	</object>
	<object>
		<name>dish</name>
		<bndbox>
			<xmin>305</xmin>
			<ymin>363</ymin>
			<xmax>1655</xmax>
			<ymax>1678</ymax>
		</bndbox>
	</object>
	<object>
		<name>총각김치</name>
		<bndbox>
			<xmin>618</xmin>
			<ymin>578</ymin>
			<xmax>1421</xmax>
			<ymax>1298</ymax>
		</bndbox>
	</object>
</annotation>