<annotation>
	<folder>top반찬부피접시총각김치q4</folder>
	<filename>top_반찬부피_접시_총각김치_Q4_00019.JPG</filename>
	<path>/top반찬부피접시총각김치q4/top_반찬부피_접시_총각김치_Q4_00019.JPG</path>
	<source>
		<database>fooddata</database>
	</source>
	<size>
		<width>3008</width>
		<height>2000</height>
		<depth>3</depth>
	</size>
	<object>
		<name>ref_spoon</name>
		<bndbox>
			<xmin>1745</xmin>
			<ymin>133</ymin>
			<xmax>2062</xmax>
			<ymax>612</ymax>
		</bndbox>
	</object>
	<object>
		<name>ref_fork</name>
		<bndbox>
			<xmin>2130</xmin>
			<ymin>122</ymin>
			<xmax>2345</xmax>
			<ymax>665</ymax>
		</bndbox>
	</object>
	<object>
		<name>ref_coin</name>
		<bndbox>
			<xmin>1300</xmin>
			<ymin>1607</ymin>
			<xmax>1538</xmax>
			<ymax>1848</ymax>
		</bndbox>
	</object>
	<object>
		<name>dish</name>
		<bndbox>
			<xmin>418</xmin>
			<ymin>273</ymin>
			<xmax>1730</xmax>
			<ymax>1562</ymax>
		</bndbox>
	</object>
	<object>
		<name>총각김치</name>
		<bndbox>
			<xmin>754</xmin>
			<ymin>600</ymin>
			<xmax>1391</xmax>
			<ymax>1351</ymax>
		</bndbox>
	</object>
</annotation>