<annotation>
	<folder>top반찬부피접시총각김치q4</folder>
	<filename>top_반찬부피_접시_총각김치_Q4_00010.JPG</filename>
	<path>/top반찬부피접시총각김치q4/top_반찬부피_접시_총각김치_Q4_00010.JPG</path>
	<source>
		<database>fooddata</database>
	</source>
	<size>
		<width>3008</width>
		<height>2000</height>
		<depth>3</depth>
	</size>
	<object>
		<name>ref_spoon</name>
		<bndbox>
			<xmin>1915</xmin>
			<ymin>69</ymin>
			<xmax>2220</xmax>
			<ymax>533</ymax>
		</bndbox>
	</object>
	<object>
		<name>ref_fork</name>
		<bndbox>
			<xmin>2326</xmin>
			<ymin>223</ymin>
			<xmax>2548</xmax>
			<ymax>710</ymax>
		</bndbox>
	</object>
	<object>
		<name>ref_coin</name>
		<bndbox>
			<xmin>1082</xmin>
			<ymin>174</ymin>
			<xmax>1297</xmax>
			<ymax>386</ymax>
		</bndbox>
	</object>
	<object>
		<name>dish</name>
		<bndbox>
			<xmin>614</xmin>
			<ymin>567</ymin>
			<xmax>1892</xmax>
			<ymax>1848</ymax>
		</bndbox>
	</object>
	<object>
		<name>총각김치</name>
		<bndbox>
			<xmin>799</xmin>
			<ymin>879</ymin>
			<xmax>1549</xmax>
			<ymax>1614</ymax>
		</bndbox>
	</object>
</annotation>