<annotation>
	<folder>top반찬부피접시총각김치q4</folder>
	<filename>top_반찬부피_접시_총각김치_Q4_00050.JPG</filename>
	<path>/top반찬부피접시총각김치q4/top_반찬부피_접시_총각김치_Q4_00050.JPG</path>
	<source>
		<database>fooddata</database>
	</source>
	<size>
		<width>3008</width>
		<height>2000</height>
		<depth>3</depth>
	</size>
	<object>
		<name>ref_spoon</name>
		<bndbox>
			<xmin>675</xmin>
			<ymin>1629</ymin>
			<xmax>1127</xmax>
			<ymax>1939</ymax>
		</bndbox>
	</object>
	<object>
		<name>ref_fork</name>
		<bndbox>
			<xmin>678</xmin>
			<ymin>1366</ymin>
			<xmax>1161</xmax>
			<ymax>1580</ymax>
		</bndbox>
	</object>
	<object>
		<name>ref_coin</name>
		<bndbox>
			<xmin>1775</xmin>
			<ymin>69</ymin>
			<xmax>1971</xmax>
			<ymax>254</ymax>
		</bndbox>
	</object>
	<object>
		<name>dish</name>
		<bndbox>
			<xmin>935</xmin>
			<ymin>167</ymin>
			<xmax>2032</xmax>
			<ymax>1260</ymax>
		</bndbox>
	</object>
	<object>
		<name>총각김치</name>
		<bndbox>
			<xmin>1101</xmin>
			<ymin>427</ymin>
			<xmax>1772</xmax>
			<ymax>1011</ymax>
		</bndbox>
	</object>
</annotation>