<annotation>
	<folder>top반찬부피접시총각김치q4</folder>
	<filename>top_반찬부피_접시_총각김치_Q4_00035.JPG</filename>
	<path>/top반찬부피접시총각김치q4/top_반찬부피_접시_총각김치_Q4_00035.JPG</path>
	<source>
		<database>fooddata</database>
	</source>
	<size>
		<width>3008</width>
		<height>2000</height>
		<depth>3</depth>
	</size>
	<object>
		<name>ref_spoon</name>
		<bndbox>
			<xmin>950</xmin>
			<ymin>1577</ymin>
			<xmax>1410</xmax>
			<ymax>1893</ymax>
		</bndbox>
	</object>
	<object>
		<name>ref_fork</name>
		<bndbox>
			<xmin>939</xmin>
			<ymin>1294</ymin>
			<xmax>1421</xmax>
			<ymax>1524</ymax>
		</bndbox>
	</object>
	<object>
		<name>ref_coin</name>
		<bndbox>
			<xmin>2149</xmin>
			<ymin>827</ymin>
			<xmax>2352</xmax>
			<ymax>1023</ymax>
		</bndbox>
	</object>
	<object>
		<name>dish</name>
		<bndbox>
			<xmin>886</xmin>
			<ymin>58</ymin>
			<xmax>2032</xmax>
			<ymax>1188</ymax>
		</bndbox>
	</object>
	<object>
		<name>총각김치</name>
		<bndbox>
			<xmin>1101</xmin>
			<ymin>288</ymin>
			<xmax>1787</xmax>
			<ymax>853</ymax>
		</bndbox>
	</object>
</annotation>