<annotation>
	<folder>side건더기국류뚝배기갈비탕q4</folder>
	<filename>side_건더기국류_뚝배기_갈비탕_Q4_00020.JPG</filename>
	<path>/side건더기국류뚝배기갈비탕q4/side_건더기국류_뚝배기_갈비탕_Q4_00020.JPG</path>
	<source>
		<database>fooddata</database>
	</source>
	<size>
		<width>3008</width>
		<height>2000</height>
		<depth>3</depth>
	</size>
	<object>
		<name>ref_spoon</name>
		<bndbox>
			<xmin>936</xmin>
			<ymin>1619</ymin>
			<xmax>1386</xmax>
			<ymax>1853</ymax>
		</bndbox>
	</object>
	<object>
		<name>ref_fork</name>
		<bndbox>
			<xmin>934</xmin>
			<ymin>1403</ymin>
			<xmax>1416</xmax>
			<ymax>1609</ymax>
		</bndbox>
	</object>
	<object>
		<name>ref_coin</name>
		<bndbox>
			<xmin>2516</xmin>
			<ymin>816</ymin>
			<xmax>2720</xmax>
			<ymax>953</ymax>
		</bndbox>
	</object>
	<object>
		<name>dish</name>
		<bndbox>
			<xmin>1121</xmin>
			<ymin>231</ymin>
			<xmax>2298</xmax>
			<ymax>1248</ymax>
		</bndbox>
	</object>
	<object>
		<name>갈비탕</name>
		<bndbox>
			<xmin>1199</xmin>
			<ymin>452</ymin>
			<xmax>2226</xmax>
			<ymax>919</ymax>
		</bndbox>
	</object>
</annotation>