<annotation>
	<folder>side건더기국류뚝배기갈비탕q4</folder>
	<filename>side_건더기국류_뚝배기_갈비탕_Q4_00026.JPG</filename>
	<path>/side건더기국류뚝배기갈비탕q4/side_건더기국류_뚝배기_갈비탕_Q4_00026.JPG</path>
	<source>
		<database>fooddata</database>
	</source>
	<size>
		<width>3008</width>
		<height>2000</height>
		<depth>3</depth>
	</size>
	<object>
		<name>ref_spoon</name>
		<bndbox>
			<xmin>1037</xmin>
			<ymin>1536</ymin>
			<xmax>1499</xmax>
			<ymax>1759</ymax>
		</bndbox>
	</object>
	<object>
		<name>ref_fork</name>
		<bndbox>
			<xmin>1040</xmin>
			<ymin>1324</ymin>
			<xmax>1526</xmax>
			<ymax>1518</ymax>
		</bndbox>
	</object>
	<object>
		<name>ref_coin</name>
		<bndbox>
			<xmin>533</xmin>
			<ymin>936</ymin>
			<xmax>737</xmax>
			<ymax>1081</ymax>
		</bndbox>
	</object>
	<object>
		<name>dish</name>
		<bndbox>
			<xmin>1241</xmin>
			<ymin>152</ymin>
			<xmax>2428</xmax>
			<ymax>1162</ymax>
		</bndbox>
	</object>
	<object>
		<name>갈비탕</name>
		<bndbox>
			<xmin>1315</xmin>
			<ymin>369</ymin>
			<xmax>2334</xmax>
			<ymax>830</ymax>
		</bndbox>
	</object>
</annotation>