<annotation>
	<folder>side건더기국류뚝배기갈비탕q4</folder>
	<filename>side_건더기국류_뚝배기_갈비탕_Q4_00040.JPG</filename>
	<path>/side건더기국류뚝배기갈비탕q4/side_건더기국류_뚝배기_갈비탕_Q4_00040.JPG</path>
	<source>
		<database>fooddata</database>
	</source>
	<size>
		<width>3008</width>
		<height>2000</height>
		<depth>3</depth>
	</size>
	<object>
		<name>ref_spoon</name>
		<bndbox>
			<xmin>185</xmin>
			<ymin>816</ymin>
			<xmax>477</xmax>
			<ymax>1194</ymax>
		</bndbox>
	</object>
	<object>
		<name>ref_fork</name>
		<bndbox>
			<xmin>607</xmin>
			<ymin>826</ymin>
			<xmax>816</xmax>
			<ymax>1260</ymax>
		</bndbox>
	</object>
	<object>
		<name>ref_coin</name>
		<bndbox>
			<xmin>2479</xmin>
			<ymin>1125</ymin>
			<xmax>2691</xmax>
			<ymax>1278</ymax>
		</bndbox>
	</object>
	<object>
		<name>dish</name>
		<bndbox>
			<xmin>1076</xmin>
			<ymin>381</ymin>
			<xmax>2305</xmax>
			<ymax>1445</ymax>
		</bndbox>
	</object>
	<object>
		<name>갈비탕</name>
		<bndbox>
			<xmin>1153</xmin>
			<ymin>609</ymin>
			<xmax>2202</xmax>
			<ymax>1120</ymax>
		</bndbox>
	</object>
</annotation>