<annotation>
	<folder>side건더기국류뚝배기갈비탕q4</folder>
	<filename>side_건더기국류_뚝배기_갈비탕_Q4_00006.JPG</filename>
	<path>/side건더기국류뚝배기갈비탕q4/side_건더기국류_뚝배기_갈비탕_Q4_00006.JPG</path>
	<source>
		<database>fooddata</database>
	</source>
	<size>
		<width>3008</width>
		<height>2000</height>
		<depth>3</depth>
	</size>
	<object>
		<name>ref_spoon</name>
		<bndbox>
			<xmin>2025</xmin>
			<ymin>521</ymin>
			<xmax>2305</xmax>
			<ymax>882</ymax>
		</bndbox>
	</object>
	<object>
		<name>ref_fork</name>
		<bndbox>
			<xmin>2504</xmin>
			<ymin>511</ymin>
			<xmax>2735</xmax>
			<ymax>909</ymax>
		</bndbox>
	</object>
	<object>
		<name>ref_coin</name>
		<bndbox>
			<xmin>96</xmin>
			<ymin>1450</ymin>
			<xmax>330</xmax>
			<ymax>1627</ymax>
		</bndbox>
	</object>
	<object>
		<name>dish</name>
		<bndbox>
			<xmin>720</xmin>
			<ymin>327</ymin>
			<xmax>2000</xmax>
			<ymax>1423</ymax>
		</bndbox>
	</object>
	<object>
		<name>갈비탕</name>
		<bndbox>
			<xmin>784</xmin>
			<ymin>553</ymin>
			<xmax>1897</xmax>
			<ymax>1088</ymax>
		</bndbox>
	</object>
</annotation>