<annotation>
	<folder>side건더기국류뚝배기갈비탕q4</folder>
	<filename>side_건더기국류_뚝배기_갈비탕_Q4_00010.JPG</filename>
	<path>/side건더기국류뚝배기갈비탕q4/side_건더기국류_뚝배기_갈비탕_Q4_00010.JPG</path>
	<source>
		<database>fooddata</database>
	</source>
	<size>
		<width>3008</width>
		<height>2000</height>
		<depth>3</depth>
	</size>
	<object>
		<name>ref_spoon</name>
		<bndbox>
			<xmin>1924</xmin>
			<ymin>600</ymin>
			<xmax>2202</xmax>
			<ymax>951</ymax>
		</bndbox>
	</object>
	<object>
		<name>ref_fork</name>
		<bndbox>
			<xmin>2403</xmin>
			<ymin>563</ymin>
			<xmax>2642</xmax>
			<ymax>958</ymax>
		</bndbox>
	</object>
	<object>
		<name>ref_coin</name>
		<bndbox>
			<xmin>1443</xmin>
			<ymin>388</ymin>
			<xmax>1642</xmax>
			<ymax>518</ymax>
		</bndbox>
	</object>
	<object>
		<name>dish</name>
		<bndbox>
			<xmin>475</xmin>
			<ymin>528</ymin>
			<xmax>1782</xmax>
			<ymax>1654</ymax>
		</bndbox>
	</object>
	<object>
		<name>갈비탕</name>
		<bndbox>
			<xmin>563</xmin>
			<ymin>774</ymin>
			<xmax>1703</xmax>
			<ymax>1305</ymax>
		</bndbox>
	</object>
</annotation>