<annotation>
	<folder>side건더기국류뚝배기갈비탕q4</folder>
	<filename>side_건더기국류_뚝배기_갈비탕_Q4_00017.JPG</filename>
	<path>/side건더기국류뚝배기갈비탕q4/side_건더기국류_뚝배기_갈비탕_Q4_00017.JPG</path>
	<source>
		<database>fooddata</database>
	</source>
	<size>
		<width>3008</width>
		<height>2000</height>
		<depth>3</depth>
	</size>
	<object>
		<name>ref_spoon</name>
		<bndbox>
			<xmin>846</xmin>
			<ymin>1577</ymin>
			<xmax>1288</xmax>
			<ymax>1808</ymax>
		</bndbox>
	</object>
	<object>
		<name>ref_fork</name>
		<bndbox>
			<xmin>848</xmin>
			<ymin>1364</ymin>
			<xmax>1327</xmax>
			<ymax>1572</ymax>
		</bndbox>
	</object>
	<object>
		<name>ref_coin</name>
		<bndbox>
			<xmin>2180</xmin>
			<ymin>1147</ymin>
			<xmax>2391</xmax>
			<ymax>1305</ymax>
		</bndbox>
	</object>
	<object>
		<name>dish</name>
		<bndbox>
			<xmin>1008</xmin>
			<ymin>209</ymin>
			<xmax>2204</xmax>
			<ymax>1231</ymax>
		</bndbox>
	</object>
	<object>
		<name>갈비탕</name>
		<bndbox>
			<xmin>1084</xmin>
			<ymin>435</ymin>
			<xmax>2128</xmax>
			<ymax>904</ymax>
		</bndbox>
	</object>
</annotation>