<annotation>
	<folder>top건더기국류뚝배기갈비탕</folder>
	<filename>top_건더기국류_뚝배기_갈비탕_Q4_00021.JPG</filename>
	<path>/top건더기국류뚝배기갈비탕q4/top_건더기국류_뚝배기_갈비탕_Q4_00021.JPG</path>
	<source>
		<database>fooddata</database>
	</source>
	<size>
		<width>3008</width>
		<height>2000</height>
		<depth>3</depth>
	</size>
	<object>
		<name>ref_spoon</name>
		<bndbox>
			<xmin>872</xmin>
			<ymin>1708</ymin>
			<xmax>1212</xmax>
			<ymax>1943</ymax>
		</bndbox>
	</object>
	<object>
		<name>ref_fork</name>
		<bndbox>
			<xmin>917</xmin>
			<ymin>1475</ymin>
			<xmax>1279</xmax>
			<ymax>1637</ymax>
		</bndbox>
	</object>
	<object>
		<name>ref_coin</name>
		<bndbox>
			<xmin>1823</xmin>
			<ymin>44</ymin>
			<xmax>1969</xmax>
			<ymax>198</ymax>
		</bndbox>
	</object>
	<object>
		<name>dish</name>
		<bndbox>
			<xmin>1063</xmin>
			<ymin>379</ymin>
			<xmax>2102</xmax>
			<ymax>1410</ymax>
		</bndbox>
	</object>
	<object>
		<name>갈비탕</name>
		<bndbox>
			<xmin>1136</xmin>
			<ymin>480</ymin>
			<xmax>2003</xmax>
			<ymax>1345</ymax>
		</bndbox>
	</object>
</annotation>