<annotation>
	<folder>top건더기국류뚝배기갈비탕</folder>
	<filename>top_건더기국류_뚝배기_갈비탕_Q4_00018.JPG</filename>
	<path>/top건더기국류뚝배기갈비탕q4/top_건더기국류_뚝배기_갈비탕_Q4_00018.JPG</path>
	<source>
		<database>fooddata</database>
	</source>
	<size>
		<width>3008</width>
		<height>2000</height>
		<depth>3</depth>
	</size>
	<object>
		<name>ref_spoon</name>
		<bndbox>
			<xmin>830</xmin>
			<ymin>1671</ymin>
			<xmax>1201</xmax>
			<ymax>1927</ymax>
		</bndbox>
	</object>
	<object>
		<name>ref_fork</name>
		<bndbox>
			<xmin>875</xmin>
			<ymin>1436</ymin>
			<xmax>1272</xmax>
			<ymax>1603</ymax>
		</bndbox>
	</object>
	<object>
		<name>ref_coin</name>
		<bndbox>
			<xmin>2136</xmin>
			<ymin>961</ymin>
			<xmax>2303</xmax>
			<ymax>1128</ymax>
		</bndbox>
	</object>
	<object>
		<name>dish</name>
		<bndbox>
			<xmin>937</xmin>
			<ymin>154</ymin>
			<xmax>2076</xmax>
			<ymax>1261</ymax>
		</bndbox>
	</object>
	<object>
		<name>갈비탕</name>
		<bndbox>
			<xmin>1021</xmin>
			<ymin>261</ymin>
			<xmax>1956</xmax>
			<ymax>1217</ymax>
		</bndbox>
	</object>
</annotation>