<annotation>
	<folder>rework190files</folder>
	<filename>top_건더기국류_뚝배기_갈비탕_Q4_00053.JPG</filename>
	<path>/top건더기국류뚝배기갈비탕q4/top_건더기국류_뚝배기_갈비탕_Q4_00053.JPG</path>
	<source>
		<database>fooddata</database>
	</source>
	<size>
		<width>3008</width>
		<height>2000</height>
		<depth>3</depth>
	</size>
	<object>
		<name>ref_spoon</name>
		<bndbox>
			<xmin>218</xmin>
			<ymin>520</ymin>
			<xmax>488</xmax>
			<ymax>931</ymax>
		</bndbox>
	</object>
	<object>
		<name>ref_fork</name>
		<bndbox>
			<xmin>559</xmin>
			<ymin>489</ymin>
			<xmax>767</xmax>
			<ymax>936</ymax>
		</bndbox>
	</object>
	<object>
		<name>ref_coin</name>
		<bndbox>
			<xmin>2236</xmin>
			<ymin>723</ymin>
			<xmax>2429</xmax>
			<ymax>916</ymax>
		</bndbox>
	</object>
	<object>
		<name>dish</name>
		<bndbox>
			<xmin>986</xmin>
			<ymin>418</ymin>
			<xmax>2205</xmax>
			<ymax>1617</ymax>
		</bndbox>
	</object>
	<object>
		<name>갈비탕</name>
		<bndbox>
			<xmin>1098</xmin>
			<ymin>540</ymin>
			<xmax>2088</xmax>
			<ymax>1546</ymax>
		</bndbox>
	</object>
</annotation>