<annotation>
	<folder>top건더기국류뚝배기갈비탕</folder>
	<filename>top_건더기국류_뚝배기_갈비탕_Q4_00037.JPG</filename>
	<path>/top건더기국류뚝배기갈비탕q4/top_건더기국류_뚝배기_갈비탕_Q4_00037.JPG</path>
	<source>
		<database>fooddata</database>
	</source>
	<size>
		<width>3008</width>
		<height>2000</height>
		<depth>3</depth>
	</size>
	<object>
		<name>ref_spoon</name>
		<bndbox>
			<xmin>342</xmin>
			<ymin>175</ymin>
			<xmax>611</xmax>
			<ymax>587</ymax>
		</bndbox>
	</object>
	<object>
		<name>ref_fork</name>
		<bndbox>
			<xmin>713</xmin>
			<ymin>170</ymin>
			<xmax>896</xmax>
			<ymax>627</ymax>
		</bndbox>
	</object>
	<object>
		<name>ref_coin</name>
		<bndbox>
			<xmin>1956</xmin>
			<ymin>1543</ymin>
			<xmax>2149</xmax>
			<ymax>1747</ymax>
		</bndbox>
	</object>
	<object>
		<name>dish</name>
		<bndbox>
			<xmin>1146</xmin>
			<ymin>141</ymin>
			<xmax>2444</xmax>
			<ymax>1415</ymax>
		</bndbox>
	</object>
	<object>
		<name>갈비탕</name>
		<bndbox>
			<xmin>1232</xmin>
			<ymin>298</ymin>
			<xmax>2324</xmax>
			<ymax>1363</ymax>
		</bndbox>
	</object>
</annotation>