<annotation>
	<folder>top건더기국류뚝배기갈비탕</folder>
	<filename>top_건더기국류_뚝배기_갈비탕_Q4_00041.JPG</filename>
	<path>/top건더기국류뚝배기갈비탕q4/top_건더기국류_뚝배기_갈비탕_Q4_00041.JPG</path>
	<source>
		<database>fooddata</database>
	</source>
	<size>
		<width>3008</width>
		<height>2000</height>
		<depth>3</depth>
	</size>
	<object>
		<name>ref_spoon</name>
		<bndbox>
			<xmin>347</xmin>
			<ymin>198</ymin>
			<xmax>629</xmax>
			<ymax>640</ymax>
		</bndbox>
	</object>
	<object>
		<name>ref_fork</name>
		<bndbox>
			<xmin>742</xmin>
			<ymin>191</ymin>
			<xmax>932</xmax>
			<ymax>684</ymax>
		</bndbox>
	</object>
	<object>
		<name>ref_coin</name>
		<bndbox>
			<xmin>2663</xmin>
			<ymin>1091</ymin>
			<xmax>2864</xmax>
			<ymax>1292</ymax>
		</bndbox>
	</object>
	<object>
		<name>dish</name>
		<bndbox>
			<xmin>1209</xmin>
			<ymin>193</ymin>
			<xmax>2606</xmax>
			<ymax>1556</ymax>
		</bndbox>
	</object>
	<object>
		<name>갈비탕</name>
		<bndbox>
			<xmin>1293</xmin>
			<ymin>352</ymin>
			<xmax>2462</xmax>
			<ymax>1493</ymax>
		</bndbox>
	</object>
</annotation>