<annotation>
	<folder>side기타튀김배달종이박스감자튀김(웨지감자)q4</folder>
	<filename>side_기타튀김_배달종이박스_감자튀김(웨지감자)_Q4_00001.JPG</filename>
	<path>/side기타튀김배달종이박스감자튀김(웨지감자)q4/side_기타튀김_배달종이박스_감자튀김(웨지감자)_Q4_00001.JPG</path>
	<source>
		<database>fooddata</database>
	</source>
	<size>
		<width>3008</width>
		<height>2000</height>
		<depth>3</depth>
	</size>
	<object>
		<name>ref_spoon</name>
		<bndbox>
			<xmin>2174</xmin>
			<ymin>431</ymin>
			<xmax>2462</xmax>
			<ymax>824</ymax>
		</bndbox>
	</object>
	<object>
		<name>ref_fork</name>
		<bndbox>
			<xmin>1830</xmin>
			<ymin>445</ymin>
			<xmax>2033</xmax>
			<ymax>885</ymax>
		</bndbox>
	</object>
	<object>
		<name>ref_coin</name>
		<bndbox>
			<xmin>1380</xmin>
			<ymin>1445</ymin>
			<xmax>1618</xmax>
			<ymax>1633</ymax>
		</bndbox>
	</object>
	<object>
		<name>dish</name>
		<bndbox>
			<xmin>344</xmin>
			<ymin>374</ymin>
			<xmax>1550</xmax>
			<ymax>1239</ymax>
		</bndbox>
	</object>
	<object>
		<name>감자튀김(웨지감자)</name>
		<bndbox>
			<xmin>550</xmin>
			<ymin>562</ymin>
			<xmax>1380</xmax>
			<ymax>1101</ymax>
		</bndbox>
	</object>
</annotation>