<annotation>
	<folder>side기타튀김배달종이박스감자튀김(웨지감자)q4</folder>
	<filename>side_기타튀김_배달종이박스_감자튀김(웨지감자)_Q4_00041.JPG</filename>
	<path>/side기타튀김배달종이박스감자튀김(웨지감자)q4/side_기타튀김_배달종이박스_감자튀김(웨지감자)_Q4_00041.JPG</path>
	<source>
		<database>fooddata</database>
	</source>
	<size>
		<width>3008</width>
		<height>2000</height>
		<depth>3</depth>
	</size>
	<object>
		<name>ref_spoon</name>
		<bndbox>
			<xmin>348</xmin>
			<ymin>509</ymin>
			<xmax>660</xmax>
			<ymax>910</ymax>
		</bndbox>
	</object>
	<object>
		<name>ref_fork</name>
		<bndbox>
			<xmin>688</xmin>
			<ymin>594</ymin>
			<xmax>894</xmax>
			<ymax>1048</ymax>
		</bndbox>
	</object>
	<object>
		<name>ref_coin</name>
		<bndbox>
			<xmin>1036</xmin>
			<ymin>342</ymin>
			<xmax>1256</xmax>
			<ymax>487</ymax>
		</bndbox>
	</object>
	<object>
		<name>dish</name>
		<bndbox>
			<xmin>1163</xmin>
			<ymin>622</ymin>
			<xmax>2738</xmax>
			<ymax>1750</ymax>
		</bndbox>
	</object>
	<object>
		<name>감자튀김(웨지감자)</name>
		<bndbox>
			<xmin>1351</xmin>
			<ymin>817</ymin>
			<xmax>2455</xmax>
			<ymax>1537</ymax>
		</bndbox>
	</object>
</annotation>