<annotation>
	<folder>side기타튀김배달종이박스감자튀김(웨지감자)q4</folder>
	<filename>side_기타튀김_배달종이박스_감자튀김(웨지감자)_Q4_00032.JPG</filename>
	<path>/side기타튀김배달종이박스감자튀김(웨지감자)q4/side_기타튀김_배달종이박스_감자튀김(웨지감자)_Q4_00032.JPG</path>
	<source>
		<database>fooddata</database>
	</source>
	<size>
		<width>3008</width>
		<height>2000</height>
		<depth>3</depth>
	</size>
	<object>
		<name>ref_spoon</name>
		<bndbox>
			<xmin>461</xmin>
			<ymin>307</ymin>
			<xmax>766</xmax>
			<ymax>697</ymax>
		</bndbox>
	</object>
	<object>
		<name>ref_fork</name>
		<bndbox>
			<xmin>802</xmin>
			<ymin>388</ymin>
			<xmax>1014</xmax>
			<ymax>849</ymax>
		</bndbox>
	</object>
	<object>
		<name>ref_coin</name>
		<bndbox>
			<xmin>1022</xmin>
			<ymin>1580</ymin>
			<xmax>1288</xmax>
			<ymax>1779</ymax>
		</bndbox>
	</object>
	<object>
		<name>dish</name>
		<bndbox>
			<xmin>1281</xmin>
			<ymin>512</ymin>
			<xmax>2554</xmax>
			<ymax>1523</ymax>
		</bndbox>
	</object>
	<object>
		<name>감자튀김(웨지감자)</name>
		<bndbox>
			<xmin>1401</xmin>
			<ymin>622</ymin>
			<xmax>2448</xmax>
			<ymax>1396</ymax>
		</bndbox>
	</object>
</annotation>