<annotation>
	<folder>side기타튀김배달종이박스감자튀김(웨지감자)q4</folder>
	<filename>side_기타튀김_배달종이박스_감자튀김(웨지감자)_Q4_00029.JPG</filename>
	<path>/side기타튀김배달종이박스감자튀김(웨지감자)q4/side_기타튀김_배달종이박스_감자튀김(웨지감자)_Q4_00029.JPG</path>
	<source>
		<database>fooddata</database>
	</source>
	<size>
		<width>3008</width>
		<height>2000</height>
		<depth>3</depth>
	</size>
	<object>
		<name>ref_spoon</name>
		<bndbox>
			<xmin>607</xmin>
			<ymin>1041</ymin>
			<xmax>1018</xmax>
			<ymax>1296</ymax>
		</bndbox>
	</object>
	<object>
		<name>ref_fork</name>
		<bndbox>
			<xmin>592</xmin>
			<ymin>1349</ymin>
			<xmax>1064</xmax>
			<ymax>1594</ymax>
		</bndbox>
	</object>
	<object>
		<name>ref_coin</name>
		<bndbox>
			<xmin>1458</xmin>
			<ymin>1686</ymin>
			<xmax>1678</xmax>
			<ymax>1874</ymax>
		</bndbox>
	</object>
	<object>
		<name>dish</name>
		<bndbox>
			<xmin>869</xmin>
			<ymin>133</ymin>
			<xmax>2025</xmax>
			<ymax>1012</ymax>
		</bndbox>
	</object>
	<object>
		<name>감자튀김(웨지감자)</name>
		<bndbox>
			<xmin>1029</xmin>
			<ymin>321</ymin>
			<xmax>1887</xmax>
			<ymax>878</ymax>
		</bndbox>
	</object>
</annotation>