<annotation>
	<folder>side기타튀김배달종이박스감자튀김(웨지감자)q4</folder>
	<filename>side_기타튀김_배달종이박스_감자튀김(웨지감자)_Q4_00045.JPG</filename>
	<path>/side기타튀김배달종이박스감자튀김(웨지감자)q4/side_기타튀김_배달종이박스_감자튀김(웨지감자)_Q4_00045.JPG</path>
	<source>
		<database>fooddata</database>
	</source>
	<size>
		<width>3008</width>
		<height>2000</height>
		<depth>3</depth>
	</size>
	<object>
		<name>ref_spoon</name>
		<bndbox>
			<xmin>181</xmin>
			<ymin>381</ymin>
			<xmax>497</xmax>
			<ymax>782</ymax>
		</bndbox>
	</object>
	<object>
		<name>ref_fork</name>
		<bndbox>
			<xmin>514</xmin>
			<ymin>470</ymin>
			<xmax>731</xmax>
			<ymax>927</ymax>
		</bndbox>
	</object>
	<object>
		<name>ref_coin</name>
		<bndbox>
			<xmin>738</xmin>
			<ymin>1300</ymin>
			<xmax>983</xmax>
			<ymax>1484</ymax>
		</bndbox>
	</object>
	<object>
		<name>dish</name>
		<bndbox>
			<xmin>1167</xmin>
			<ymin>651</ymin>
			<xmax>2469</xmax>
			<ymax>1711</ymax>
		</bndbox>
	</object>
	<object>
		<name>감자튀김(웨지감자)</name>
		<bndbox>
			<xmin>1263</xmin>
			<ymin>842</ymin>
			<xmax>2249</xmax>
			<ymax>1537</ymax>
		</bndbox>
	</object>
</annotation>