<annotation>
	<folder>top기타튀김배달종이박스감자튀김(웨지감자)q4</folder>
	<filename>top_기타튀김_배달종이박스_감자튀김(웨지감자)_Q4_00046.JPG</filename>
	<path>/top기타튀김배달종이박스감자튀김(웨지감자)q4/top_기타튀김_배달종이박스_감자튀김(웨지감자)_Q4_00046.JPG</path>
	<source>
		<database>fooddata</database>
	</source>
	<size>
		<width>3008</width>
		<height>2000</height>
		<depth>3</depth>
	</size>
	<object>
		<name>ref_spoon</name>
		<bndbox>
			<xmin>351</xmin>
			<ymin>550</ymin>
			<xmax>650</xmax>
			<ymax>962</ymax>
		</bndbox>
	</object>
	<object>
		<name>ref_fork</name>
		<bndbox>
			<xmin>752</xmin>
			<ymin>555</ymin>
			<xmax>970</xmax>
			<ymax>1018</ymax>
		</bndbox>
	</object>
	<object>
		<name>ref_coin</name>
		<bndbox>
			<xmin>1209</xmin>
			<ymin>93</ymin>
			<xmax>1402</xmax>
			<ymax>271</ymax>
		</bndbox>
	</object>
	<object>
		<name>dish</name>
		<bndbox>
			<xmin>1179</xmin>
			<ymin>637</ymin>
			<xmax>2322</xmax>
			<ymax>1694</ymax>
		</bndbox>
	</object>
	<object>
		<name>감자튀김(웨지감자)</name>
		<bndbox>
			<xmin>1240</xmin>
			<ymin>845</ymin>
			<xmax>2226</xmax>
			<ymax>1582</ymax>
		</bndbox>
	</object>
</annotation>