<annotation>
	<folder>top기타튀김배달종이박스감자튀김(웨지감자)q4</folder>
	<filename>top_기타튀김_배달종이박스_감자튀김(웨지감자)_Q4_00001.JPG</filename>
	<path>/top기타튀김배달종이박스감자튀김(웨지감자)q4/top_기타튀김_배달종이박스_감자튀김(웨지감자)_Q4_00001.JPG</path>
	<source>
		<database>fooddata</database>
	</source>
	<size>
		<width>3008</width>
		<height>2000</height>
		<depth>3</depth>
	</size>
	<object>
		<name>ref_spoon</name>
		<bndbox>
			<xmin>1814</xmin>
			<ymin>139</ymin>
			<xmax>2109</xmax>
			<ymax>586</ymax>
		</bndbox>
	</object>
	<object>
		<name>ref_fork</name>
		<bndbox>
			<xmin>2195</xmin>
			<ymin>124</ymin>
			<xmax>2419</xmax>
			<ymax>596</ymax>
		</bndbox>
	</object>
	<object>
		<name>ref_coin</name>
		<bndbox>
			<xmin>1301</xmin>
			<ymin>1617</ymin>
			<xmax>1540</xmax>
			<ymax>1856</ymax>
		</bndbox>
	</object>
	<object>
		<name>dish</name>
		<bndbox>
			<xmin>549</xmin>
			<ymin>296</ymin>
			<xmax>1626</xmax>
			<ymax>1409</ymax>
		</bndbox>
	</object>
	<object>
		<name>감자튀김(웨지감자)</name>
		<bndbox>
			<xmin>635</xmin>
			<ymin>550</ymin>
			<xmax>1555</xmax>
			<ymax>1368</ymax>
		</bndbox>
	</object>
</annotation>