<annotation>
	<folder>top기타튀김배달종이박스감자튀김(웨지감자)q4</folder>
	<filename>top_기타튀김_배달종이박스_감자튀김(웨지감자)_Q4_00012.JPG</filename>
	<path>/top기타튀김배달종이박스감자튀김(웨지감자)q4/top_기타튀김_배달종이박스_감자튀김(웨지감자)_Q4_00012.JPG</path>
	<source>
		<database>fooddata</database>
	</source>
	<size>
		<width>3008</width>
		<height>2000</height>
		<depth>3</depth>
	</size>
	<object>
		<name>ref_spoon</name>
		<bndbox>
			<xmin>1966</xmin>
			<ymin>357</ymin>
			<xmax>2246</xmax>
			<ymax>759</ymax>
		</bndbox>
	</object>
	<object>
		<name>ref_fork</name>
		<bndbox>
			<xmin>2347</xmin>
			<ymin>332</ymin>
			<xmax>2541</xmax>
			<ymax>774</ymax>
		</bndbox>
	</object>
	<object>
		<name>ref_coin</name>
		<bndbox>
			<xmin>1103</xmin>
			<ymin>68</ymin>
			<xmax>1311</xmax>
			<ymax>256</ymax>
		</bndbox>
	</object>
	<object>
		<name>dish</name>
		<bndbox>
			<xmin>467</xmin>
			<ymin>510</ymin>
			<xmax>1880</xmax>
			<ymax>1871</ymax>
		</bndbox>
	</object>
	<object>
		<name>감자튀김(웨지감자)</name>
		<bndbox>
			<xmin>752</xmin>
			<ymin>825</ymin>
			<xmax>1656</xmax>
			<ymax>1688</ymax>
		</bndbox>
	</object>
</annotation>