<annotation>
	<folder>top기타튀김배달종이박스감자튀김(웨지감자)q4</folder>
	<filename>top_기타튀김_배달종이박스_감자튀김(웨지감자)_Q4_00023.JPG</filename>
	<path>/top기타튀김배달종이박스감자튀김(웨지감자)q4/top_기타튀김_배달종이박스_감자튀김(웨지감자)_Q4_00023.JPG</path>
	<source>
		<database>fooddata</database>
	</source>
	<size>
		<width>3008</width>
		<height>2000</height>
		<depth>3</depth>
	</size>
	<object>
		<name>ref_spoon</name>
		<bndbox>
			<xmin>1016</xmin>
			<ymin>1567</ymin>
			<xmax>1433</xmax>
			<ymax>1851</ymax>
		</bndbox>
	</object>
	<object>
		<name>ref_fork</name>
		<bndbox>
			<xmin>1138</xmin>
			<ymin>1343</ymin>
			<xmax>1565</xmax>
			<ymax>1556</ymax>
		</bndbox>
	</object>
	<object>
		<name>ref_coin</name>
		<bndbox>
			<xmin>793</xmin>
			<ymin>830</ymin>
			<xmax>991</xmax>
			<ymax>1023</ymax>
		</bndbox>
	</object>
	<object>
		<name>dish</name>
		<bndbox>
			<xmin>1382</xmin>
			<ymin>154</ymin>
			<xmax>2373</xmax>
			<ymax>1160</ymax>
		</bndbox>
	</object>
	<object>
		<name>감자튀김(웨지감자)</name>
		<bndbox>
			<xmin>1468</xmin>
			<ymin>312</ymin>
			<xmax>2241</xmax>
			<ymax>1109</ymax>
		</bndbox>
	</object>
</annotation>