<annotation>
	<folder>top기타튀김배달종이박스감자튀김(웨지감자)q4</folder>
	<filename>top_기타튀김_배달종이박스_감자튀김(웨지감자)_Q4_00052.JPG</filename>
	<path>/top기타튀김배달종이박스감자튀김(웨지감자)q4/top_기타튀김_배달종이박스_감자튀김(웨지감자)_Q4_00052.JPG</path>
	<source>
		<database>fooddata</database>
	</source>
	<size>
		<width>3008</width>
		<height>2000</height>
		<depth>3</depth>
	</size>
	<object>
		<name>ref_spoon</name>
		<bndbox>
			<xmin>305</xmin>
			<ymin>103</ymin>
			<xmax>610</xmax>
			<ymax>540</ymax>
		</bndbox>
	</object>
	<object>
		<name>ref_fork</name>
		<bndbox>
			<xmin>722</xmin>
			<ymin>144</ymin>
			<xmax>970</xmax>
			<ymax>616</ymax>
		</bndbox>
	</object>
	<object>
		<name>ref_coin</name>
		<bndbox>
			<xmin>650</xmin>
			<ymin>1719</ymin>
			<xmax>884</xmax>
			<ymax>1953</ymax>
		</bndbox>
	</object>
	<object>
		<name>dish</name>
		<bndbox>
			<xmin>1280</xmin>
			<ymin>245</ymin>
			<xmax>2337</xmax>
			<ymax>1373</ymax>
		</bndbox>
	</object>
	<object>
		<name>감자튀김(웨지감자)</name>
		<bndbox>
			<xmin>1418</xmin>
			<ymin>423</ymin>
			<xmax>2226</xmax>
			<ymax>1307</ymax>
		</bndbox>
	</object>
</annotation>