<annotation>
	<folder>side생선조림냄비갈치조림q1</folder>
	<filename>side_생선조림_냄비_갈치조림_Q1 00040.JPG</filename>
	<path>/side생선조림냄비갈치조림q1/side_생선조림_냄비_갈치조림_Q1 00040.JPG</path>
	<source>
		<database>fooddata</database>
	</source>
	<size>
		<width>3008</width>
		<height>2000</height>
		<depth>3</depth>
	</size>
	<object>
		<name>ref_spoon</name>
		<bndbox>
			<xmin>594</xmin>
			<ymin>701</ymin>
			<xmax>834</xmax>
			<ymax>1015</ymax>
		</bndbox>
	</object>
	<object>
		<name>ref_fork</name>
		<bndbox>
			<xmin>918</xmin>
			<ymin>678</ymin>
			<xmax>1087</xmax>
			<ymax>1043</ymax>
		</bndbox>
	</object>
	<object>
		<name>ref_coin</name>
		<bndbox>
			<xmin>2668</xmin>
			<ymin>1235</ymin>
			<xmax>2870</xmax>
			<ymax>1371</ymax>
		</bndbox>
	</object>
	<object>
		<name>dish</name>
		<bndbox>
			<xmin>1246</xmin>
			<ymin>509</ymin>
			<xmax>2537</xmax>
			<ymax>1465</ymax>
		</bndbox>
	</object>
	<object>
		<name>갈치조림</name>
		<bndbox>
			<xmin>1517</xmin>
			<ymin>813</ymin>
			<xmax>2184</xmax>
			<ymax>1118</ymax>
		</bndbox>
	</object>
</annotation>