<annotation>
	<folder>side생선조림냄비갈치조림q1</folder>
	<filename>side_생선조림_냄비_갈치조림_Q1 00030.JPG</filename>
	<path>/side생선조림냄비갈치조림q1/side_생선조림_냄비_갈치조림_Q1 00030.JPG</path>
	<source>
		<database>fooddata</database>
	</source>
	<size>
		<width>3008</width>
		<height>2000</height>
		<depth>3</depth>
	</size>
	<object>
		<name>ref_spoon</name>
		<bndbox>
			<xmin>734</xmin>
			<ymin>1685</ymin>
			<xmax>1195</xmax>
			<ymax>1934</ymax>
		</bndbox>
	</object>
	<object>
		<name>ref_fork</name>
		<bndbox>
			<xmin>918</xmin>
			<ymin>1379</ymin>
			<xmax>1440</xmax>
			<ymax>1614</ymax>
		</bndbox>
	</object>
	<object>
		<name>ref_coin</name>
		<bndbox>
			<xmin>2376</xmin>
			<ymin>1276</ymin>
			<xmax>2596</xmax>
			<ymax>1437</ymax>
		</bndbox>
	</object>
	<object>
		<name>dish</name>
		<bndbox>
			<xmin>903</xmin>
			<ymin>125</ymin>
			<xmax>2289</xmax>
			<ymax>1130</ymax>
		</bndbox>
	</object>
	<object>
		<name>갈치조림</name>
		<bndbox>
			<xmin>1476</xmin>
			<ymin>719</ymin>
			<xmax>1857</xmax>
			<ymax>913</ymax>
		</bndbox>
	</object>
</annotation>