<annotation>
	<folder>side생선조림냄비갈치조림q1</folder>
	<filename>side_생선조림_냄비_갈치조림_Q1 00041.JPG</filename>
	<path>/side생선조림냄비갈치조림q1/side_생선조림_냄비_갈치조림_Q1 00041.JPG</path>
	<source>
		<database>fooddata</database>
	</source>
	<size>
		<width>3008</width>
		<height>2000</height>
		<depth>3</depth>
	</size>
	<object>
		<name>ref_spoon</name>
		<bndbox>
			<xmin>535</xmin>
			<ymin>708</ymin>
			<xmax>778</xmax>
			<ymax>1013</ymax>
		</bndbox>
	</object>
	<object>
		<name>ref_fork</name>
		<bndbox>
			<xmin>865</xmin>
			<ymin>701</ymin>
			<xmax>1033</xmax>
			<ymax>1028</ymax>
		</bndbox>
	</object>
	<object>
		<name>ref_coin</name>
		<bndbox>
			<xmin>2734</xmin>
			<ymin>1059</ymin>
			<xmax>2918</xmax>
			<ymax>1189</ymax>
		</bndbox>
	</object>
	<object>
		<name>dish</name>
		<bndbox>
			<xmin>1184</xmin>
			<ymin>529</ymin>
			<xmax>2486</xmax>
			<ymax>1496</ymax>
		</bndbox>
	</object>
	<object>
		<name>갈치조림</name>
		<bndbox>
			<xmin>1489</xmin>
			<ymin>834</ymin>
			<xmax>2102</xmax>
			<ymax>1294</ymax>
		</bndbox>
	</object>
</annotation>