<annotation>
	<folder>side생선조림냄비갈치조림q1</folder>
	<filename>side_생선조림_냄비_갈치조림_Q1 00043.JPG</filename>
	<path>/side생선조림냄비갈치조림q1/side_생선조림_냄비_갈치조림_Q1 00043.JPG</path>
	<source>
		<database>fooddata</database>
	</source>
	<size>
		<width>3008</width>
		<height>2000</height>
		<depth>3</depth>
	</size>
	<object>
		<name>ref_spoon</name>
		<bndbox>
			<xmin>670</xmin>
			<ymin>637</ymin>
			<xmax>913</xmax>
			<ymax>949</ymax>
		</bndbox>
	</object>
	<object>
		<name>ref_fork</name>
		<bndbox>
			<xmin>1005</xmin>
			<ymin>632</ymin>
			<xmax>1174</xmax>
			<ymax>985</ymax>
		</bndbox>
	</object>
	<object>
		<name>ref_coin</name>
		<bndbox>
			<xmin>1312</xmin>
			<ymin>1673</ymin>
			<xmax>1517</xmax>
			<ymax>1826</ymax>
		</bndbox>
	</object>
	<object>
		<name>dish</name>
		<bndbox>
			<xmin>1317</xmin>
			<ymin>458</ymin>
			<xmax>2617</xmax>
			<ymax>1425</ymax>
		</bndbox>
	</object>
	<object>
		<name>갈치조림</name>
		<bndbox>
			<xmin>1573</xmin>
			<ymin>836</ymin>
			<xmax>2005</xmax>
			<ymax>1223</ymax>
		</bndbox>
	</object>
</annotation>