<annotation>
	<folder>side생선조림냄비갈치조림q1</folder>
	<filename>side_생선조림_냄비_갈치조림_Q1 00013.JPG</filename>
	<path>/side생선조림냄비갈치조림q1/side_생선조림_냄비_갈치조림_Q1 00013.JPG</path>
	<source>
		<database>fooddata</database>
	</source>
	<size>
		<width>3008</width>
		<height>2000</height>
		<depth>3</depth>
	</size>
	<object>
		<name>ref_spoon</name>
		<bndbox>
			<xmin>2149</xmin>
			<ymin>366</ymin>
			<xmax>2391</xmax>
			<ymax>673</ymax>
		</bndbox>
	</object>
	<object>
		<name>ref_fork</name>
		<bndbox>
			<xmin>2537</xmin>
			<ymin>445</ymin>
			<xmax>2706</xmax>
			<ymax>793</ymax>
		</bndbox>
	</object>
	<object>
		<name>ref_coin</name>
		<bndbox>
			<xmin>2271</xmin>
			<ymin>128</ymin>
			<xmax>2440</xmax>
			<ymax>225</ymax>
		</bndbox>
	</object>
	<object>
		<name>dish</name>
		<bndbox>
			<xmin>796</xmin>
			<ymin>373</ymin>
			<xmax>2102</xmax>
			<ymax>1366</ymax>
		</bndbox>
	</object>
	<object>
		<name>갈치조림</name>
		<bndbox>
			<xmin>1225</xmin>
			<ymin>882</ymin>
			<xmax>1734</xmax>
			<ymax>1189</ymax>
		</bndbox>
	</object>
</annotation>