<annotation>
	<folder>top생선조림냄비갈치조림q1</folder>
	<filename>top_생선조림_냄비_갈치조림_Q1 00041.JPG</filename>
	<path>/top생선조림냄비갈치조림q1/top_생선조림_냄비_갈치조림_Q1 00041.JPG</path>
	<source>
		<database>fooddata</database>
	</source>
	<size>
		<width>3008</width>
		<height>2000</height>
		<depth>3</depth>
	</size>
	<object>
		<name>ref_spoon</name>
		<bndbox>
			<xmin>554</xmin>
			<ymin>525</ymin>
			<xmax>762</xmax>
			<ymax>851</ymax>
		</bndbox>
	</object>
	<object>
		<name>ref_fork</name>
		<bndbox>
			<xmin>854</xmin>
			<ymin>527</ymin>
			<xmax>1000</xmax>
			<ymax>888</ymax>
		</bndbox>
	</object>
	<object>
		<name>ref_coin</name>
		<bndbox>
			<xmin>2185</xmin>
			<ymin>1473</ymin>
			<xmax>2371</xmax>
			<ymax>1650</ymax>
		</bndbox>
	</object>
	<object>
		<name>dish</name>
		<bndbox>
			<xmin>1102</xmin>
			<ymin>384</ymin>
			<xmax>2285</xmax>
			<ymax>1517</ymax>
		</bndbox>
	</object>
	<object>
		<name>갈치조림</name>
		<bndbox>
			<xmin>1434</xmin>
			<ymin>854</ymin>
			<xmax>1932</xmax>
			<ymax>1232</ymax>
		</bndbox>
	</object>
</annotation>