<annotation>
	<folder>top생선조림냄비갈치조림q1</folder>
	<filename>top_생선조림_냄비_갈치조림_Q1 00035.JPG</filename>
	<path>/top생선조림냄비갈치조림q1/top_생선조림_냄비_갈치조림_Q1 00035.JPG</path>
	<source>
		<database>fooddata</database>
	</source>
	<size>
		<width>3008</width>
		<height>2000</height>
		<depth>3</depth>
	</size>
	<object>
		<name>ref_spoon</name>
		<bndbox>
			<xmin>517</xmin>
			<ymin>483</ymin>
			<xmax>744</xmax>
			<ymax>828</ymax>
		</bndbox>
	</object>
	<object>
		<name>ref_fork</name>
		<bndbox>
			<xmin>833</xmin>
			<ymin>488</ymin>
			<xmax>997</xmax>
			<ymax>880</ymax>
		</bndbox>
	</object>
	<object>
		<name>ref_coin</name>
		<bndbox>
			<xmin>1115</xmin>
			<ymin>1475</ymin>
			<xmax>1282</xmax>
			<ymax>1642</ymax>
		</bndbox>
	</object>
	<object>
		<name>dish</name>
		<bndbox>
			<xmin>1107</xmin>
			<ymin>358</ymin>
			<xmax>2303</xmax>
			<ymax>1533</ymax>
		</bndbox>
	</object>
	<object>
		<name>갈치조림</name>
		<bndbox>
			<xmin>1360</xmin>
			<ymin>608</ymin>
			<xmax>1846</xmax>
			<ymax>809</ymax>
		</bndbox>
	</object>
</annotation>