<annotation>
	<folder>top생선조림냄비갈치조림q1</folder>
	<filename>top_생선조림_냄비_갈치조림_Q1 00040.JPG</filename>
	<path>/top생선조림냄비갈치조림q1/top_생선조림_냄비_갈치조림_Q1 00040.JPG</path>
	<source>
		<database>fooddata</database>
	</source>
	<size>
		<width>3008</width>
		<height>2000</height>
		<depth>3</depth>
	</size>
	<object>
		<name>ref_spoon</name>
		<bndbox>
			<xmin>556</xmin>
			<ymin>394</ymin>
			<xmax>778</xmax>
			<ymax>739</ymax>
		</bndbox>
	</object>
	<object>
		<name>ref_fork</name>
		<bndbox>
			<xmin>867</xmin>
			<ymin>415</ymin>
			<xmax>1024</xmax>
			<ymax>807</ymax>
		</bndbox>
	</object>
	<object>
		<name>ref_coin</name>
		<bndbox>
			<xmin>2000</xmin>
			<ymin>1601</ymin>
			<xmax>2175</xmax>
			<ymax>1775</ymax>
		</bndbox>
	</object>
	<object>
		<name>dish</name>
		<bndbox>
			<xmin>1112</xmin>
			<ymin>287</ymin>
			<xmax>2321</xmax>
			<ymax>1454</ymax>
		</bndbox>
	</object>
	<object>
		<name>갈치조림</name>
		<bndbox>
			<xmin>1397</xmin>
			<ymin>856</ymin>
			<xmax>1867</xmax>
			<ymax>1104</ymax>
		</bndbox>
	</object>
</annotation>