<annotation>
	<folder>top생선조림냄비갈치조림q1</folder>
	<filename>top_생선조림_냄비_갈치조림_Q1 00006.JPG</filename>
	<path>/top생선조림냄비갈치조림q1/top_생선조림_냄비_갈치조림_Q1 00006.JPG</path>
	<source>
		<database>fooddata</database>
	</source>
	<size>
		<width>3008</width>
		<height>2000</height>
		<depth>3</depth>
	</size>
	<object>
		<name>ref_spoon</name>
		<bndbox>
			<xmin>2091</xmin>
			<ymin>117</ymin>
			<xmax>2345</xmax>
			<ymax>486</ymax>
		</bndbox>
	</object>
	<object>
		<name>ref_fork</name>
		<bndbox>
			<xmin>2387</xmin>
			<ymin>188</ymin>
			<xmax>2585</xmax>
			<ymax>619</ymax>
		</bndbox>
	</object>
	<object>
		<name>ref_coin</name>
		<bndbox>
			<xmin>2551</xmin>
			<ymin>1209</ymin>
			<xmax>2734</xmax>
			<ymax>1392</ymax>
		</bndbox>
	</object>
	<object>
		<name>dish</name>
		<bndbox>
			<xmin>486</xmin>
			<ymin>245</ymin>
			<xmax>1755</xmax>
			<ymax>1520</ymax>
		</bndbox>
	</object>
	<object>
		<name>갈치조림</name>
		<bndbox>
			<xmin>974</xmin>
			<ymin>637</ymin>
			<xmax>1494</xmax>
			<ymax>1018</ymax>
		</bndbox>
	</object>
</annotation>