<annotation>
	<folder>top생선조림냄비갈치조림q1</folder>
	<filename>top_생선조림_냄비_갈치조림_Q1 00034.JPG</filename>
	<path>/top생선조림냄비갈치조림q1/top_생선조림_냄비_갈치조림_Q1 00034.JPG</path>
	<source>
		<database>fooddata</database>
	</source>
	<size>
		<width>3008</width>
		<height>2000</height>
		<depth>3</depth>
	</size>
	<object>
		<name>ref_spoon</name>
		<bndbox>
			<xmin>851</xmin>
			<ymin>1559</ymin>
			<xmax>1206</xmax>
			<ymax>1812</ymax>
		</bndbox>
	</object>
	<object>
		<name>ref_fork</name>
		<bndbox>
			<xmin>919</xmin>
			<ymin>1337</ymin>
			<xmax>1308</xmax>
			<ymax>1517</ymax>
		</bndbox>
	</object>
	<object>
		<name>ref_coin</name>
		<bndbox>
			<xmin>2295</xmin>
			<ymin>1569</ymin>
			<xmax>2467</xmax>
			<ymax>1755</ymax>
		</bndbox>
	</object>
	<object>
		<name>dish</name>
		<bndbox>
			<xmin>1055</xmin>
			<ymin>97</ymin>
			<xmax>2230</xmax>
			<ymax>1219</ymax>
		</bndbox>
	</object>
	<object>
		<name>갈치조림</name>
		<bndbox>
			<xmin>1334</xmin>
			<ymin>742</ymin>
			<xmax>1781</xmax>
			<ymax>1094</ymax>
		</bndbox>
	</object>
</annotation>