<annotation>
	<folder>top생선조림냄비갈치조림q1</folder>
	<filename>top_생선조림_냄비_갈치조림_Q1 00028.JPG</filename>
	<path>/top생선조림냄비갈치조림q1/top_생선조림_냄비_갈치조림_Q1 00028.JPG</path>
	<source>
		<database>fooddata</database>
	</source>
	<size>
		<width>3008</width>
		<height>2000</height>
		<depth>3</depth>
	</size>
	<object>
		<name>ref_spoon</name>
		<bndbox>
			<xmin>885</xmin>
			<ymin>1687</ymin>
			<xmax>1232</xmax>
			<ymax>1924</ymax>
		</bndbox>
	</object>
	<object>
		<name>ref_fork</name>
		<bndbox>
			<xmin>984</xmin>
			<ymin>1423</ymin>
			<xmax>1340</xmax>
			<ymax>1580</ymax>
		</bndbox>
	</object>
	<object>
		<name>ref_coin</name>
		<bndbox>
			<xmin>2175</xmin>
			<ymin>979</ymin>
			<xmax>2332</xmax>
			<ymax>1141</ymax>
		</bndbox>
	</object>
	<object>
		<name>dish</name>
		<bndbox>
			<xmin>1008</xmin>
			<ymin>196</ymin>
			<xmax>2089</xmax>
			<ymax>1227</ymax>
		</bndbox>
	</object>
	<object>
		<name>갈치조림</name>
		<bndbox>
			<xmin>1313</xmin>
			<ymin>501</ymin>
			<xmax>1736</xmax>
			<ymax>695</ymax>
		</bndbox>
	</object>
</annotation>