<annotation>
	<folder>side부침개류사각배달녹두빈대떡q2</folder>
	<filename>side_부침개류_사각배달_녹두빈대떡_Q2_00011.JPG</filename>
	<path>/side부침개류사각배달녹두빈대떡q2/side_부침개류_사각배달_녹두빈대떡_Q2_00011.JPG</path>
	<source>
		<database>fooddata</database>
	</source>
	<size>
		<width>3008</width>
		<height>2000</height>
		<depth>3</depth>
	</size>
	<object>
		<name>ref_spoon</name>
		<bndbox>
			<xmin>2154</xmin>
			<ymin>364</ymin>
			<xmax>2474</xmax>
			<ymax>769</ymax>
		</bndbox>
	</object>
	<object>
		<name>ref_fork</name>
		<bndbox>
			<xmin>2597</xmin>
			<ymin>432</ymin>
			<xmax>2840</xmax>
			<ymax>885</ymax>
		</bndbox>
	</object>
	<object>
		<name>ref_coin</name>
		<bndbox>
			<xmin>1352</xmin>
			<ymin>90</ymin>
			<xmax>1575</xmax>
			<ymax>238</ymax>
		</bndbox>
	</object>
	<object>
		<name>dish</name>
		<bndbox>
			<xmin>213</xmin>
			<ymin>484</ymin>
			<xmax>2054</xmax>
			<ymax>1467</ymax>
		</bndbox>
	</object>
	<object>
		<name>녹두빈대떡</name>
		<bndbox>
			<xmin>754</xmin>
			<ymin>717</ymin>
			<xmax>1850</xmax>
			<ymax>1118</ymax>
		</bndbox>
	</object>
</annotation>