<annotation>
	<folder>side부침개류사각배달녹두빈대떡q2</folder>
	<filename>side_부침개류_사각배달_녹두빈대떡_Q2_00007.JPG</filename>
	<path>/side부침개류사각배달녹두빈대떡q2/side_부침개류_사각배달_녹두빈대떡_Q2_00007.JPG</path>
	<source>
		<database>fooddata</database>
	</source>
	<size>
		<width>3008</width>
		<height>2000</height>
		<depth>3</depth>
	</size>
	<object>
		<name>ref_spoon</name>
		<bndbox>
			<xmin>1989</xmin>
			<ymin>361</ymin>
			<xmax>2283</xmax>
			<ymax>759</ymax>
		</bndbox>
	</object>
	<object>
		<name>ref_fork</name>
		<bndbox>
			<xmin>2410</xmin>
			<ymin>410</ymin>
			<xmax>2636</xmax>
			<ymax>863</ymax>
		</bndbox>
	</object>
	<object>
		<name>ref_coin</name>
		<bndbox>
			<xmin>110</xmin>
			<ymin>1283</ymin>
			<xmax>359</xmax>
			<ymax>1474</ymax>
		</bndbox>
	</object>
	<object>
		<name>dish</name>
		<bndbox>
			<xmin>501</xmin>
			<ymin>361</ymin>
			<xmax>1908</xmax>
			<ymax>1629</ymax>
		</bndbox>
	</object>
	<object>
		<name>녹두빈대떡</name>
		<bndbox>
			<xmin>689</xmin>
			<ymin>626</ymin>
			<xmax>1164</xmax>
			<ymax>1380</ymax>
		</bndbox>
	</object>
</annotation>