<annotation>
	<folder>side부침개류사각배달녹두빈대떡q2</folder>
	<filename>side_부침개류_사각배달_녹두빈대떡_Q2_00030.JPG</filename>
	<path>/side부침개류사각배달녹두빈대떡q2/side_부침개류_사각배달_녹두빈대떡_Q2_00030.JPG</path>
	<source>
		<database>fooddata</database>
	</source>
	<size>
		<width>3008</width>
		<height>2000</height>
		<depth>3</depth>
	</size>
	<object>
		<name>ref_spoon</name>
		<bndbox>
			<xmin>818</xmin>
			<ymin>1344</ymin>
			<xmax>1284</xmax>
			<ymax>1577</ymax>
		</bndbox>
	</object>
	<object>
		<name>ref_fork</name>
		<bndbox>
			<xmin>951</xmin>
			<ymin>1170</ymin>
			<xmax>1433</xmax>
			<ymax>1370</ymax>
		</bndbox>
	</object>
	<object>
		<name>ref_coin</name>
		<bndbox>
			<xmin>2562</xmin>
			<ymin>1513</ymin>
			<xmax>2791</xmax>
			<ymax>1694</ymax>
		</bndbox>
	</object>
	<object>
		<name>dish</name>
		<bndbox>
			<xmin>860</xmin>
			<ymin>77</ymin>
			<xmax>2342</xmax>
			<ymax>1105</ymax>
		</bndbox>
	</object>
	<object>
		<name>녹두빈대떡</name>
		<bndbox>
			<xmin>1239</xmin>
			<ymin>432</ymin>
			<xmax>1821</xmax>
			<ymax>969</ymax>
		</bndbox>
	</object>
</annotation>