<annotation>
	<folder>side부침개류사각배달녹두빈대떡q2</folder>
	<filename>side_부침개류_사각배달_녹두빈대떡_Q2_00040.JPG</filename>
	<path>/side부침개류사각배달녹두빈대떡q2/side_부침개류_사각배달_녹두빈대떡_Q2_00040.JPG</path>
	<source>
		<database>fooddata</database>
	</source>
	<size>
		<width>3008</width>
		<height>2000</height>
		<depth>3</depth>
	</size>
	<object>
		<name>ref_spoon</name>
		<bndbox>
			<xmin>534</xmin>
			<ymin>504</ymin>
			<xmax>815</xmax>
			<ymax>850</ymax>
		</bndbox>
	</object>
	<object>
		<name>ref_fork</name>
		<bndbox>
			<xmin>935</xmin>
			<ymin>578</ymin>
			<xmax>1106</xmax>
			<ymax>956</ymax>
		</bndbox>
	</object>
	<object>
		<name>ref_coin</name>
		<bndbox>
			<xmin>2714</xmin>
			<ymin>1403</ymin>
			<xmax>2927</xmax>
			<ymax>1568</ymax>
		</bndbox>
	</object>
	<object>
		<name>dish</name>
		<bndbox>
			<xmin>1339</xmin>
			<ymin>436</ymin>
			<xmax>2555</xmax>
			<ymax>1516</ymax>
		</bndbox>
	</object>
	<object>
		<name>녹두빈대떡</name>
		<bndbox>
			<xmin>1572</xmin>
			<ymin>963</ymin>
			<xmax>2229</xmax>
			<ymax>1335</ymax>
		</bndbox>
	</object>
</annotation>