<annotation>
	<folder>my-project-name</folder>
	<filename>side_부침개류_사각배달_녹두빈대떡_Q2_00045.JPG</filename>
	<path>/side부침개류사각배달녹두빈대떡q2/side_부침개류_사각배달_녹두빈대떡_Q2_00045.JPG</path>
	<source>
		<database>fooddata</database>
	</source>
	<size>
		<width>3008</width>
		<height>2000</height>
		<depth>3</depth>
	</size>
	<object>
		<name>ref_spoon</name>
		<bndbox>
			<xmin>727</xmin>
			<ymin>423</ymin>
			<xmax>1016</xmax>
			<ymax>794</ymax>
		</bndbox>
	</object>
	<object>
		<name>ref_fork</name>
		<bndbox>
			<xmin>1118</xmin>
			<ymin>489</ymin>
			<xmax>1316</xmax>
			<ymax>901</ymax>
		</bndbox>
	</object>
	<object>
		<name>ref_coin</name>
		<bndbox>
			<xmin>803</xmin>
			<ymin>1587</ymin>
			<xmax>1052</xmax>
			<ymax>1775</ymax>
		</bndbox>
	</object>
	<object>
		<name>dish</name>
		<bndbox>
			<xmin>1463</xmin>
			<ymin>383</ymin>
			<xmax>2561</xmax>
			<ymax>1424</ymax>
		</bndbox>
	</object>
	<object>
		<name>녹두빈대떡</name>
		<bndbox>
			<xmin>1606</xmin>
			<ymin>820</ymin>
			<xmax>2302</xmax>
			<ymax>1257</ymax>
		</bndbox>
	</object>
</annotation>