<annotation>
	<folder>side부침개류사각배달녹두빈대떡q2</folder>
	<filename>side_부침개류_사각배달_녹두빈대떡_Q2_00005.JPG</filename>
	<path>/side부침개류사각배달녹두빈대떡q2/side_부침개류_사각배달_녹두빈대떡_Q2_00005.JPG</path>
	<source>
		<database>fooddata</database>
	</source>
	<size>
		<width>3008</width>
		<height>2000</height>
		<depth>3</depth>
	</size>
	<object>
		<name>ref_spoon</name>
		<bndbox>
			<xmin>2083</xmin>
			<ymin>348</ymin>
			<xmax>2387</xmax>
			<ymax>762</ymax>
		</bndbox>
	</object>
	<object>
		<name>ref_fork</name>
		<bndbox>
			<xmin>2510</xmin>
			<ymin>368</ymin>
			<xmax>2759</xmax>
			<ymax>833</ymax>
		</bndbox>
	</object>
	<object>
		<name>ref_coin</name>
		<bndbox>
			<xmin>734</xmin>
			<ymin>1526</ymin>
			<xmax>983</xmax>
			<ymax>1716</ymax>
		</bndbox>
	</object>
	<object>
		<name>dish</name>
		<bndbox>
			<xmin>158</xmin>
			<ymin>313</ymin>
			<xmax>2051</xmax>
			<ymax>1441</ymax>
		</bndbox>
	</object>
	<object>
		<name>녹두빈대떡</name>
		<bndbox>
			<xmin>437</xmin>
			<ymin>888</ymin>
			<xmax>1433</xmax>
			<ymax>1257</ymax>
		</bndbox>
	</object>
</annotation>