<annotation>
	<folder>side부침개류사각배달녹두빈대떡q2</folder>
	<filename>side_부침개류_사각배달_녹두빈대떡_Q2_00050.JPG</filename>
	<path>/side부침개류사각배달녹두빈대떡q2/side_부침개류_사각배달_녹두빈대떡_Q2_00050.JPG</path>
	<source>
		<database>fooddata</database>
	</source>
	<size>
		<width>3008</width>
		<height>2000</height>
		<depth>3</depth>
	</size>
	<object>
		<name>ref_spoon</name>
		<bndbox>
			<xmin>834</xmin>
			<ymin>478</ymin>
			<xmax>1093</xmax>
			<ymax>833</ymax>
		</bndbox>
	</object>
	<object>
		<name>ref_fork</name>
		<bndbox>
			<xmin>1219</xmin>
			<ymin>536</ymin>
			<xmax>1407</xmax>
			<ymax>908</ymax>
		</bndbox>
	</object>
	<object>
		<name>ref_coin</name>
		<bndbox>
			<xmin>605</xmin>
			<ymin>1099</ymin>
			<xmax>812</xmax>
			<ymax>1254</ymax>
		</bndbox>
	</object>
	<object>
		<name>dish</name>
		<bndbox>
			<xmin>1536</xmin>
			<ymin>406</ymin>
			<xmax>2733</xmax>
			<ymax>1441</ymax>
		</bndbox>
	</object>
	<object>
		<name>녹두빈대떡</name>
		<bndbox>
			<xmin>1876</xmin>
			<ymin>643</ymin>
			<xmax>2516</xmax>
			<ymax>1137</ymax>
		</bndbox>
	</object>
</annotation>