<annotation>
	<folder>side부침개류사각배달녹두빈대떡q2</folder>
	<filename>side_부침개류_사각배달_녹두빈대떡_Q2_00039.JPG</filename>
	<path>/side부침개류사각배달녹두빈대떡q2/side_부침개류_사각배달_녹두빈대떡_Q2_00039.JPG</path>
	<source>
		<database>fooddata</database>
	</source>
	<size>
		<width>3008</width>
		<height>2000</height>
		<depth>3</depth>
	</size>
	<object>
		<name>ref_spoon</name>
		<bndbox>
			<xmin>466</xmin>
			<ymin>484</ymin>
			<xmax>741</xmax>
			<ymax>846</ymax>
		</bndbox>
	</object>
	<object>
		<name>ref_fork</name>
		<bndbox>
			<xmin>867</xmin>
			<ymin>549</ymin>
			<xmax>1045</xmax>
			<ymax>953</ymax>
		</bndbox>
	</object>
	<object>
		<name>ref_coin</name>
		<bndbox>
			<xmin>2568</xmin>
			<ymin>1496</ymin>
			<xmax>2804</xmax>
			<ymax>1665</ymax>
		</bndbox>
	</object>
	<object>
		<name>dish</name>
		<bndbox>
			<xmin>1294</xmin>
			<ymin>381</ymin>
			<xmax>2429</xmax>
			<ymax>1425</ymax>
		</bndbox>
	</object>
	<object>
		<name>녹두빈대떡</name>
		<bndbox>
			<xmin>1523</xmin>
			<ymin>675</ymin>
			<xmax>2151</xmax>
			<ymax>1280</ymax>
		</bndbox>
	</object>
</annotation>