<annotation>
	<folder>top부침개류사각배달녹두빈대떡q2재작업</folder>
	<filename>top_부침개류_사각배달_녹두빈대떡_Q2_00047.JPG</filename>
	<path>/top부침개류사각배달녹두빈대떡q2/top_부침개류_사각배달_녹두빈대떡_Q2_00047.JPG</path>
	<source>
		<database>fooddata</database>
	</source>
	<size>
		<width>3008</width>
		<height>2000</height>
		<depth>3</depth>
	</size>
	<object>
		<name>ref_spoon</name>
		<bndbox>
			<xmin>718</xmin>
			<ymin>233</ymin>
			<xmax>971</xmax>
			<ymax>641</ymax>
		</bndbox>
	</object>
	<object>
		<name>ref_fork</name>
		<bndbox>
			<xmin>1035</xmin>
			<ymin>327</ymin>
			<xmax>1212</xmax>
			<ymax>759</ymax>
		</bndbox>
	</object>
	<object>
		<name>ref_coin</name>
		<bndbox>
			<xmin>1187</xmin>
			<ymin>1585</ymin>
			<xmax>1366</xmax>
			<ymax>1767</ymax>
		</bndbox>
	</object>
	<object>
		<name>dish</name>
		<bndbox>
			<xmin>1344</xmin>
			<ymin>329</ymin>
			<xmax>2339</xmax>
			<ymax>1666</ymax>
		</bndbox>
	</object>
	<object>
		<name>녹두빈대떡</name>
		<bndbox>
			<xmin>1644</xmin>
			<ymin>740</ymin>
			<xmax>2076</xmax>
			<ymax>1435</ymax>
		</bndbox>
	</object>
</annotation>