<annotation>
	<folder>top부침개류사각배달녹두빈대떡q2</folder>
	<filename>top_부침개류_사각배달_녹두빈대떡_Q2_00048.JPG</filename>
	<path>/top부침개류사각배달녹두빈대떡q2/top_부침개류_사각배달_녹두빈대떡_Q2_00048.JPG</path>
	<source>
		<database>fooddata</database>
	</source>
	<size>
		<width>3008</width>
		<height>2000</height>
		<depth>3</depth>
	</size>
	<object>
		<name>ref_spoon</name>
		<bndbox>
			<xmin>781</xmin>
			<ymin>197</ymin>
			<xmax>1029</xmax>
			<ymax>596</ymax>
		</bndbox>
	</object>
	<object>
		<name>ref_fork</name>
		<bndbox>
			<xmin>1100</xmin>
			<ymin>299</ymin>
			<xmax>1260</xmax>
			<ymax>707</ymax>
		</bndbox>
	</object>
	<object>
		<name>ref_coin</name>
		<bndbox>
			<xmin>1566</xmin>
			<ymin>1639</ymin>
			<xmax>1748</xmax>
			<ymax>1812</ymax>
		</bndbox>
	</object>
	<object>
		<name>dish</name>
		<bndbox>
			<xmin>1393</xmin>
			<ymin>197</ymin>
			<xmax>2320</xmax>
			<ymax>1506</ymax>
		</bndbox>
	</object>
	<object>
		<name>녹두빈대떡</name>
		<bndbox>
			<xmin>1659</xmin>
			<ymin>627</ymin>
			<xmax>2076</xmax>
			<ymax>1280</ymax>
		</bndbox>
	</object>
</annotation>