<annotation>
	<folder>top부침개류사각배달녹두빈대떡q2</folder>
	<filename>top_부침개류_사각배달_녹두빈대떡_Q2_00007.JPG</filename>
	<path>/top부침개류사각배달녹두빈대떡q2/top_부침개류_사각배달_녹두빈대떡_Q2_00007.JPG</path>
	<source>
		<database>fooddata</database>
	</source>
	<size>
		<width>3008</width>
		<height>2000</height>
		<depth>3</depth>
	</size>
	<object>
		<name>ref_spoon</name>
		<bndbox>
			<xmin>2076</xmin>
			<ymin>405</ymin>
			<xmax>2325</xmax>
			<ymax>800</ymax>
		</bndbox>
	</object>
	<object>
		<name>ref_fork</name>
		<bndbox>
			<xmin>2311</xmin>
			<ymin>570</ymin>
			<xmax>2511</xmax>
			<ymax>991</ymax>
		</bndbox>
	</object>
	<object>
		<name>ref_coin</name>
		<bndbox>
			<xmin>1766</xmin>
			<ymin>965</ymin>
			<xmax>1948</xmax>
			<ymax>1133</ymax>
		</bndbox>
	</object>
	<object>
		<name>dish</name>
		<bndbox>
			<xmin>222</xmin>
			<ymin>561</ymin>
			<xmax>1681</xmax>
			<ymax>1643</ymax>
		</bndbox>
	</object>
	<object>
		<name>녹두빈대떡</name>
		<bndbox>
			<xmin>581</xmin>
			<ymin>778</ymin>
			<xmax>1393</xmax>
			<ymax>1355</ymax>
		</bndbox>
	</object>
</annotation>