<annotation>
	<folder>top부침개류사각배달녹두빈대떡q2</folder>
	<filename>top_부침개류_사각배달_녹두빈대떡_Q2_00021.JPG</filename>
	<path>/top부침개류사각배달녹두빈대떡q2/top_부침개류_사각배달_녹두빈대떡_Q2_00021.JPG</path>
	<source>
		<database>fooddata</database>
	</source>
	<size>
		<width>3008</width>
		<height>2000</height>
		<depth>3</depth>
	</size>
	<object>
		<name>ref_spoon</name>
		<bndbox>
			<xmin>781</xmin>
			<ymin>1577</ymin>
			<xmax>1118</xmax>
			<ymax>1781</ymax>
		</bndbox>
	</object>
	<object>
		<name>ref_fork</name>
		<bndbox>
			<xmin>870</xmin>
			<ymin>1382</ymin>
			<xmax>1211</xmax>
			<ymax>1506</ymax>
		</bndbox>
	</object>
	<object>
		<name>ref_coin</name>
		<bndbox>
			<xmin>1180</xmin>
			<ymin>1138</ymin>
			<xmax>1322</xmax>
			<ymax>1275</ymax>
		</bndbox>
	</object>
	<object>
		<name>dish</name>
		<bndbox>
			<xmin>985</xmin>
			<ymin>117</ymin>
			<xmax>2019</xmax>
			<ymax>1209</ymax>
		</bndbox>
	</object>
	<object>
		<name>녹두빈대떡</name>
		<bndbox>
			<xmin>1335</xmin>
			<ymin>366</ymin>
			<xmax>1744</xmax>
			<ymax>902</ymax>
		</bndbox>
	</object>
</annotation>