<annotation>
	<folder>top부침개류사각배달녹두빈대떡q2</folder>
	<filename>top_부침개류_사각배달_녹두빈대떡_Q2_00039.JPG</filename>
	<path>/top부침개류사각배달녹두빈대떡q2/top_부침개류_사각배달_녹두빈대떡_Q2_00039.JPG</path>
	<source>
		<database>fooddata</database>
	</source>
	<size>
		<width>3008</width>
		<height>2000</height>
		<depth>3</depth>
	</size>
	<object>
		<name>ref_spoon</name>
		<bndbox>
			<xmin>914</xmin>
			<ymin>95</ymin>
			<xmax>1158</xmax>
			<ymax>485</ymax>
		</bndbox>
	</object>
	<object>
		<name>ref_fork</name>
		<bndbox>
			<xmin>1220</xmin>
			<ymin>179</ymin>
			<xmax>1384</xmax>
			<ymax>627</ymax>
		</bndbox>
	</object>
	<object>
		<name>ref_coin</name>
		<bndbox>
			<xmin>1393</xmin>
			<ymin>1421</ymin>
			<xmax>1571</xmax>
			<ymax>1608</ymax>
		</bndbox>
	</object>
	<object>
		<name>dish</name>
		<bndbox>
			<xmin>1597</xmin>
			<ymin>193</ymin>
			<xmax>2600</xmax>
			<ymax>1555</ymax>
		</bndbox>
	</object>
	<object>
		<name>녹두빈대떡</name>
		<bndbox>
			<xmin>1779</xmin>
			<ymin>370</ymin>
			<xmax>2276</xmax>
			<ymax>1395</ymax>
		</bndbox>
	</object>
</annotation>