<annotation>
	<folder>top부침개류사각배달녹두빈대떡q2</folder>
	<filename>top_부침개류_사각배달_녹두빈대떡_Q2_00053.JPG</filename>
	<path>/top부침개류사각배달녹두빈대떡q2/top_부침개류_사각배달_녹두빈대떡_Q2_00053.JPG</path>
	<source>
		<database>fooddata</database>
	</source>
	<size>
		<width>3008</width>
		<height>2000</height>
		<depth>3</depth>
	</size>
	<object>
		<name>ref_spoon</name>
		<bndbox>
			<xmin>839</xmin>
			<ymin>210</ymin>
			<xmax>1087</xmax>
			<ymax>614</ymax>
		</bndbox>
	</object>
	<object>
		<name>ref_fork</name>
		<bndbox>
			<xmin>1145</xmin>
			<ymin>312</ymin>
			<xmax>1318</xmax>
			<ymax>743</ymax>
		</bndbox>
	</object>
	<object>
		<name>ref_coin</name>
		<bndbox>
			<xmin>1065</xmin>
			<ymin>1634</ymin>
			<xmax>1238</xmax>
			<ymax>1807</ymax>
		</bndbox>
	</object>
	<object>
		<name>dish</name>
		<bndbox>
			<xmin>1349</xmin>
			<ymin>166</ymin>
			<xmax>2369</xmax>
			<ymax>1519</ymax>
		</bndbox>
	</object>
	<object>
		<name>녹두빈대떡</name>
		<bndbox>
			<xmin>1557</xmin>
			<ymin>756</ymin>
			<xmax>2143</xmax>
			<ymax>1337</ymax>
		</bndbox>
	</object>
</annotation>