<annotation>
	<folder>top부침개류사각배달녹두빈대떡q2</folder>
	<filename>top_부침개류_사각배달_녹두빈대떡_Q2_00044.JPG</filename>
	<path>/top부침개류사각배달녹두빈대떡q2/top_부침개류_사각배달_녹두빈대떡_Q2_00044.JPG</path>
	<source>
		<database>fooddata</database>
	</source>
	<size>
		<width>3008</width>
		<height>2000</height>
		<depth>3</depth>
	</size>
	<object>
		<name>ref_spoon</name>
		<bndbox>
			<xmin>865</xmin>
			<ymin>476</ymin>
			<xmax>1096</xmax>
			<ymax>836</ymax>
		</bndbox>
	</object>
	<object>
		<name>ref_fork</name>
		<bndbox>
			<xmin>1171</xmin>
			<ymin>556</ymin>
			<xmax>1327</xmax>
			<ymax>947</ymax>
		</bndbox>
	</object>
	<object>
		<name>ref_coin</name>
		<bndbox>
			<xmin>1957</xmin>
			<ymin>86</ymin>
			<xmax>2112</xmax>
			<ymax>228</ymax>
		</bndbox>
	</object>
	<object>
		<name>dish</name>
		<bndbox>
			<xmin>1455</xmin>
			<ymin>543</ymin>
			<xmax>2374</xmax>
			<ymax>1790</ymax>
		</bndbox>
	</object>
	<object>
		<name>녹두빈대떡</name>
		<bndbox>
			<xmin>1610</xmin>
			<ymin>689</ymin>
			<xmax>2059</xmax>
			<ymax>1448</ymax>
		</bndbox>
	</object>
</annotation>