<annotation>
	<folder>top부침개류사각배달녹두빈대떡q2</folder>
	<filename>top_부침개류_사각배달_녹두빈대떡_Q2_00033.JPG</filename>
	<path>/top부침개류사각배달녹두빈대떡q2/top_부침개류_사각배달_녹두빈대떡_Q2_00033.JPG</path>
	<source>
		<database>fooddata</database>
	</source>
	<size>
		<width>3008</width>
		<height>2000</height>
		<depth>3</depth>
	</size>
	<object>
		<name>ref_spoon</name>
		<bndbox>
			<xmin>430</xmin>
			<ymin>224</ymin>
			<xmax>688</xmax>
			<ymax>614</ymax>
		</bndbox>
	</object>
	<object>
		<name>ref_fork</name>
		<bndbox>
			<xmin>754</xmin>
			<ymin>259</ymin>
			<xmax>923</xmax>
			<ymax>703</ymax>
		</bndbox>
	</object>
	<object>
		<name>ref_coin</name>
		<bndbox>
			<xmin>1211</xmin>
			<ymin>1413</ymin>
			<xmax>1389</xmax>
			<ymax>1590</ymax>
		</bndbox>
	</object>
	<object>
		<name>dish</name>
		<bndbox>
			<xmin>1051</xmin>
			<ymin>290</ymin>
			<xmax>2422</xmax>
			<ymax>1288</ymax>
		</bndbox>
	</object>
	<object>
		<name>녹두빈대떡</name>
		<bndbox>
			<xmin>1371</xmin>
			<ymin>561</ymin>
			<xmax>2205</xmax>
			<ymax>1071</ymax>
		</bndbox>
	</object>
</annotation>