<annotation>
	<folder>top부침개류사각배달녹두빈대떡q2</folder>
	<filename>top_부침개류_사각배달_녹두빈대떡_Q2_00010.JPG</filename>
	<path>/top부침개류사각배달녹두빈대떡q2/top_부침개류_사각배달_녹두빈대떡_Q2_00010.JPG</path>
	<source>
		<database>fooddata</database>
	</source>
	<size>
		<width>3008</width>
		<height>2000</height>
		<depth>3</depth>
	</size>
	<object>
		<name>ref_spoon</name>
		<bndbox>
			<xmin>2169</xmin>
			<ymin>405</ymin>
			<xmax>2400</xmax>
			<ymax>752</ymax>
		</bndbox>
	</object>
	<object>
		<name>ref_fork</name>
		<bndbox>
			<xmin>2382</xmin>
			<ymin>547</ymin>
			<xmax>2573</xmax>
			<ymax>942</ymax>
		</bndbox>
	</object>
	<object>
		<name>ref_coin</name>
		<bndbox>
			<xmin>1744</xmin>
			<ymin>99</ymin>
			<xmax>1894</xmax>
			<ymax>250</ymax>
		</bndbox>
	</object>
	<object>
		<name>dish</name>
		<bndbox>
			<xmin>728</xmin>
			<ymin>330</ymin>
			<xmax>1846</xmax>
			<ymax>1697</ymax>
		</bndbox>
	</object>
	<object>
		<name>녹두빈대떡</name>
		<bndbox>
			<xmin>1069</xmin>
			<ymin>654</ymin>
			<xmax>1571</xmax>
			<ymax>1399</ymax>
		</bndbox>
	</object>
</annotation>