<annotation>
	<folder>top부침개류사각배달녹두빈대떡q2</folder>
	<filename>top_부침개류_사각배달_녹두빈대떡_Q2_00015.JPG</filename>
	<path>/top부침개류사각배달녹두빈대떡q2/top_부침개류_사각배달_녹두빈대떡_Q2_00015.JPG</path>
	<source>
		<database>fooddata</database>
	</source>
	<size>
		<width>3008</width>
		<height>2000</height>
		<depth>3</depth>
	</size>
	<object>
		<name>ref_spoon</name>
		<bndbox>
			<xmin>2067</xmin>
			<ymin>454</ymin>
			<xmax>2320</xmax>
			<ymax>831</ymax>
		</bndbox>
	</object>
	<object>
		<name>ref_fork</name>
		<bndbox>
			<xmin>2329</xmin>
			<ymin>570</ymin>
			<xmax>2564</xmax>
			<ymax>978</ymax>
		</bndbox>
	</object>
	<object>
		<name>ref_coin</name>
		<bndbox>
			<xmin>852</xmin>
			<ymin>1324</ymin>
			<xmax>1034</xmax>
			<ymax>1510</ymax>
		</bndbox>
	</object>
	<object>
		<name>dish</name>
		<bndbox>
			<xmin>524</xmin>
			<ymin>91</ymin>
			<xmax>1996</xmax>
			<ymax>1563</ymax>
		</bndbox>
	</object>
	<object>
		<name>녹두빈대떡</name>
		<bndbox>
			<xmin>918</xmin>
			<ymin>454</ymin>
			<xmax>1597</xmax>
			<ymax>1186</ymax>
		</bndbox>
	</object>
</annotation>