<annotation>
	<folder>side비빔밥덮밥류접시잡탕밥q4</folder>
	<filename>side_비빔밥덮밥류_접시_잡탕밥_Q4_00047.JPG</filename>
	<path>/side비빔밥덮밥류접시잡탕밥q4/side_비빔밥덮밥류_접시_잡탕밥_Q4_00047.JPG</path>
	<source>
		<database>fooddata</database>
	</source>
	<size>
		<width>3008</width>
		<height>2000</height>
		<depth>3</depth>
	</size>
	<object>
		<name>ref_spoon</name>
		<bndbox>
			<xmin>298</xmin>
			<ymin>811</ymin>
			<xmax>531</xmax>
			<ymax>1076</ymax>
		</bndbox>
	</object>
	<object>
		<name>ref_fork</name>
		<bndbox>
			<xmin>681</xmin>
			<ymin>779</ymin>
			<xmax>843</xmax>
			<ymax>1106</ymax>
		</bndbox>
	</object>
	<object>
		<name>ref_coin</name>
		<bndbox>
			<xmin>1086</xmin>
			<ymin>459</ymin>
			<xmax>1246</xmax>
			<ymax>555</ymax>
		</bndbox>
	</object>
	<object>
		<name>dish</name>
		<bndbox>
			<xmin>1337</xmin>
			<ymin>558</ymin>
			<xmax>2764</xmax>
			<ymax>1676</ymax>
		</bndbox>
	</object>
	<object>
		<name>잡탕밥</name>
		<bndbox>
			<xmin>1445</xmin>
			<ymin>634</ymin>
			<xmax>2671</xmax>
			<ymax>1609</ymax>
		</bndbox>
	</object>
</annotation>