<annotation>
	<folder>side비빔밥덮밥류접시잡탕밥q4</folder>
	<filename>side_비빔밥덮밥류_접시_잡탕밥_Q4_00014.JPG</filename>
	<path>/side비빔밥덮밥류접시잡탕밥q4/side_비빔밥덮밥류_접시_잡탕밥_Q4_00014.JPG</path>
	<source>
		<database>fooddata</database>
	</source>
	<size>
		<width>3008</width>
		<height>2000</height>
		<depth>3</depth>
	</size>
	<object>
		<name>ref_spoon</name>
		<bndbox>
			<xmin>2305</xmin>
			<ymin>285</ymin>
			<xmax>2546</xmax>
			<ymax>587</ymax>
		</bndbox>
	</object>
	<object>
		<name>ref_fork</name>
		<bndbox>
			<xmin>2624</xmin>
			<ymin>248</ymin>
			<xmax>2831</xmax>
			<ymax>607</ymax>
		</bndbox>
	</object>
	<object>
		<name>ref_coin</name>
		<bndbox>
			<xmin>2101</xmin>
			<ymin>813</ymin>
			<xmax>2290</xmax>
			<ymax>953</ymax>
		</bndbox>
	</object>
	<object>
		<name>dish</name>
		<bndbox>
			<xmin>401</xmin>
			<ymin>302</ymin>
			<xmax>1993</xmax>
			<ymax>1688</ymax>
		</bndbox>
	</object>
	<object>
		<name>잡탕밥</name>
		<bndbox>
			<xmin>479</xmin>
			<ymin>371</ymin>
			<xmax>1917</xmax>
			<ymax>1624</ymax>
		</bndbox>
	</object>
</annotation>