<annotation>
	<folder>side비빔밥덮밥류접시잡탕밥q4</folder>
	<filename>side_비빔밥덮밥류_접시_잡탕밥_Q4_00034.JPG</filename>
	<path>/side비빔밥덮밥류접시잡탕밥q4/side_비빔밥덮밥류_접시_잡탕밥_Q4_00034.JPG</path>
	<source>
		<database>fooddata</database>
	</source>
	<size>
		<width>3008</width>
		<height>2000</height>
		<depth>3</depth>
	</size>
	<object>
		<name>ref_spoon</name>
		<bndbox>
			<xmin>430</xmin>
			<ymin>924</ymin>
			<xmax>651</xmax>
			<ymax>1199</ymax>
		</bndbox>
	</object>
	<object>
		<name>ref_fork</name>
		<bndbox>
			<xmin>804</xmin>
			<ymin>902</ymin>
			<xmax>961</xmax>
			<ymax>1214</ymax>
		</bndbox>
	</object>
	<object>
		<name>ref_coin</name>
		<bndbox>
			<xmin>1094</xmin>
			<ymin>1717</ymin>
			<xmax>1275</xmax>
			<ymax>1857</ymax>
		</bndbox>
	</object>
	<object>
		<name>dish</name>
		<bndbox>
			<xmin>1180</xmin>
			<ymin>533</ymin>
			<xmax>2482</xmax>
			<ymax>1649</ymax>
		</bndbox>
	</object>
	<object>
		<name>잡탕밥</name>
		<bndbox>
			<xmin>1256</xmin>
			<ymin>585</ymin>
			<xmax>2433</xmax>
			<ymax>1585</ymax>
		</bndbox>
	</object>
</annotation>