<annotation>
	<folder>side비빔밥덮밥류접시잡탕밥q4</folder>
	<filename>side_비빔밥덮밥류_접시_잡탕밥_Q4_00009.JPG</filename>
	<path>/side비빔밥덮밥류접시잡탕밥q4/side_비빔밥덮밥류_접시_잡탕밥_Q4_00009.JPG</path>
	<source>
		<database>fooddata</database>
	</source>
	<size>
		<width>3008</width>
		<height>2000</height>
		<depth>3</depth>
	</size>
	<object>
		<name>ref_spoon</name>
		<bndbox>
			<xmin>2384</xmin>
			<ymin>287</ymin>
			<xmax>2622</xmax>
			<ymax>592</ymax>
		</bndbox>
	</object>
	<object>
		<name>ref_fork</name>
		<bndbox>
			<xmin>2708</xmin>
			<ymin>270</ymin>
			<xmax>2900</xmax>
			<ymax>617</ymax>
		</bndbox>
	</object>
	<object>
		<name>ref_coin</name>
		<bndbox>
			<xmin>293</xmin>
			<ymin>737</ymin>
			<xmax>479</xmax>
			<ymax>877</ymax>
		</bndbox>
	</object>
	<object>
		<name>dish</name>
		<bndbox>
			<xmin>750</xmin>
			<ymin>307</ymin>
			<xmax>2303</xmax>
			<ymax>1717</ymax>
		</bndbox>
	</object>
	<object>
		<name>잡탕밥</name>
		<bndbox>
			<xmin>821</xmin>
			<ymin>420</ymin>
			<xmax>2212</xmax>
			<ymax>1644</ymax>
		</bndbox>
	</object>
</annotation>