<annotation>
	<folder>side비빔밥덮밥류접시잡탕밥q4</folder>
	<filename>side_비빔밥덮밥류_접시_잡탕밥_Q4_00005.JPG</filename>
	<path>/side비빔밥덮밥류접시잡탕밥q4/side_비빔밥덮밥류_접시_잡탕밥_Q4_00005.JPG</path>
	<source>
		<database>fooddata</database>
	</source>
	<size>
		<width>3008</width>
		<height>2000</height>
		<depth>3</depth>
	</size>
	<object>
		<name>ref_spoon</name>
		<bndbox>
			<xmin>2148</xmin>
			<ymin>420</ymin>
			<xmax>2379</xmax>
			<ymax>698</ymax>
		</bndbox>
	</object>
	<object>
		<name>ref_fork</name>
		<bndbox>
			<xmin>2452</xmin>
			<ymin>398</ymin>
			<xmax>2639</xmax>
			<ymax>720</ymax>
		</bndbox>
	</object>
	<object>
		<name>ref_coin</name>
		<bndbox>
			<xmin>1128</xmin>
			<ymin>1735</ymin>
			<xmax>1325</xmax>
			<ymax>1887</ymax>
		</bndbox>
	</object>
	<object>
		<name>dish</name>
		<bndbox>
			<xmin>224</xmin>
			<ymin>560</ymin>
			<xmax>2148</xmax>
			<ymax>1555</ymax>
		</bndbox>
	</object>
	<object>
		<name>잡탕밥</name>
		<bndbox>
			<xmin>386</xmin>
			<ymin>592</ymin>
			<xmax>2081</xmax>
			<ymax>1501</ymax>
		</bndbox>
	</object>
</annotation>