<annotation>
	<folder>top비빔밥덮밥류접시잡탕밥q4</folder>
	<filename>top_비빔밥덮밥류_접시_잡탕밥_Q4_00046.JPG</filename>
	<path>/top비빔밥덮밥류접시잡탕밥q4/top_비빔밥덮밥류_접시_잡탕밥_Q4_00046.JPG</path>
	<source>
		<database>fooddata</database>
	</source>
	<size>
		<width>3008</width>
		<height>2000</height>
		<depth>3</depth>
	</size>
	<object>
		<name>ref_spoon</name>
		<bndbox>
			<xmin>504</xmin>
			<ymin>597</ymin>
			<xmax>735</xmax>
			<ymax>921</ymax>
		</bndbox>
	</object>
	<object>
		<name>ref_fork</name>
		<bndbox>
			<xmin>860</xmin>
			<ymin>602</ymin>
			<xmax>1018</xmax>
			<ymax>977</ymax>
		</bndbox>
	</object>
	<object>
		<name>ref_coin</name>
		<bndbox>
			<xmin>2240</xmin>
			<ymin>88</ymin>
			<xmax>2384</xmax>
			<ymax>245</ymax>
		</bndbox>
	</object>
	<object>
		<name>dish</name>
		<bndbox>
			<xmin>1189</xmin>
			<ymin>148</ymin>
			<xmax>2435</xmax>
			<ymax>1815</ymax>
		</bndbox>
	</object>
	<object>
		<name>잡탕밥</name>
		<bndbox>
			<xmin>1254</xmin>
			<ymin>255</ymin>
			<xmax>2402</xmax>
			<ymax>1648</ymax>
		</bndbox>
	</object>
</annotation>