<annotation>
	<folder>top비빔밥덮밥류접시잡탕밥q4</folder>
	<filename>top_비빔밥덮밥류_접시_잡탕밥_Q4_00021.JPG</filename>
	<path>/top비빔밥덮밥류접시잡탕밥q4/top_비빔밥덮밥류_접시_잡탕밥_Q4_00021.JPG</path>
	<source>
		<database>fooddata</database>
	</source>
	<size>
		<width>3008</width>
		<height>2000</height>
		<depth>3</depth>
	</size>
	<object>
		<name>ref_spoon</name>
		<bndbox>
			<xmin>1027</xmin>
			<ymin>1727</ymin>
			<xmax>1333</xmax>
			<ymax>1949</ymax>
		</bndbox>
	</object>
	<object>
		<name>ref_fork</name>
		<bndbox>
			<xmin>1064</xmin>
			<ymin>1505</ymin>
			<xmax>1388</xmax>
			<ymax>1662</ymax>
		</bndbox>
	</object>
	<object>
		<name>ref_coin</name>
		<bndbox>
			<xmin>2300</xmin>
			<ymin>838</ymin>
			<xmax>2439</xmax>
			<ymax>986</ymax>
		</bndbox>
	</object>
	<object>
		<name>dish</name>
		<bndbox>
			<xmin>1115</xmin>
			<ymin>32</ymin>
			<xmax>2231</xmax>
			<ymax>1491</ymax>
		</bndbox>
	</object>
	<object>
		<name>잡탕밥</name>
		<bndbox>
			<xmin>1180</xmin>
			<ymin>134</ymin>
			<xmax>2134</xmax>
			<ymax>1338</ymax>
		</bndbox>
	</object>
</annotation>