<annotation>
	<folder>top비빔밥덮밥류접시잡탕밥q4</folder>
	<filename>top_비빔밥덮밥류_접시_잡탕밥_Q4_00003.JPG</filename>
	<path>/top비빔밥덮밥류접시잡탕밥q4/top_비빔밥덮밥류_접시_잡탕밥_Q4_00003.JPG</path>
	<source>
		<database>fooddata</database>
	</source>
	<size>
		<width>3008</width>
		<height>2000</height>
		<depth>3</depth>
	</size>
	<object>
		<name>ref_spoon</name>
		<bndbox>
			<xmin>1925</xmin>
			<ymin>421</ymin>
			<xmax>2129</xmax>
			<ymax>731</ymax>
		</bndbox>
	</object>
	<object>
		<name>ref_fork</name>
		<bndbox>
			<xmin>2226</xmin>
			<ymin>421</ymin>
			<xmax>2374</xmax>
			<ymax>759</ymax>
		</bndbox>
	</object>
	<object>
		<name>ref_coin</name>
		<bndbox>
			<xmin>1286</xmin>
			<ymin>51</ymin>
			<xmax>1430</xmax>
			<ymax>194</ymax>
		</bndbox>
	</object>
	<object>
		<name>dish</name>
		<bndbox>
			<xmin>323</xmin>
			<ymin>412</ymin>
			<xmax>1837</xmax>
			<ymax>1875</ymax>
		</bndbox>
	</object>
	<object>
		<name>잡탕밥</name>
		<bndbox>
			<xmin>425</xmin>
			<ymin>574</ymin>
			<xmax>1629</xmax>
			<ymax>1722</ymax>
		</bndbox>
	</object>
</annotation>