<annotation>
	<folder>top비빔밥덮밥류접시잡탕밥q4</folder>
	<filename>top_비빔밥덮밥류_접시_잡탕밥_Q4_00042.JPG</filename>
	<path>/top비빔밥덮밥류접시잡탕밥q4/top_비빔밥덮밥류_접시_잡탕밥_Q4_00042.JPG</path>
	<source>
		<database>fooddata</database>
	</source>
	<size>
		<width>3008</width>
		<height>2000</height>
		<depth>3</depth>
	</size>
	<object>
		<name>ref_spoon</name>
		<bndbox>
			<xmin>601</xmin>
			<ymin>593</ymin>
			<xmax>842</xmax>
			<ymax>931</ymax>
		</bndbox>
	</object>
	<object>
		<name>ref_fork</name>
		<bndbox>
			<xmin>962</xmin>
			<ymin>588</ymin>
			<xmax>1129</xmax>
			<ymax>986</ymax>
		</bndbox>
	</object>
	<object>
		<name>ref_coin</name>
		<bndbox>
			<xmin>2583</xmin>
			<ymin>1046</ymin>
			<xmax>2759</xmax>
			<ymax>1236</ymax>
		</bndbox>
	</object>
	<object>
		<name>dish</name>
		<bndbox>
			<xmin>1282</xmin>
			<ymin>148</ymin>
			<xmax>2550</xmax>
			<ymax>1847</ymax>
		</bndbox>
	</object>
	<object>
		<name>잡탕밥</name>
		<bndbox>
			<xmin>1347</xmin>
			<ymin>227</ymin>
			<xmax>2504</xmax>
			<ymax>1685</ymax>
		</bndbox>
	</object>
</annotation>