<annotation>
	<folder>top비빔밥덮밥류접시잡탕밥q4</folder>
	<filename>top_비빔밥덮밥류_접시_잡탕밥_Q4_00001.JPG</filename>
	<path>/top비빔밥덮밥류접시잡탕밥q4/top_비빔밥덮밥류_접시_잡탕밥_Q4_00001.JPG</path>
	<source>
		<database>fooddata</database>
	</source>
	<size>
		<width>3008</width>
		<height>2000</height>
		<depth>3</depth>
	</size>
	<object>
		<name>ref_spoon</name>
		<bndbox>
			<xmin>1925</xmin>
			<ymin>403</ymin>
			<xmax>2134</xmax>
			<ymax>699</ymax>
		</bndbox>
	</object>
	<object>
		<name>ref_fork</name>
		<bndbox>
			<xmin>2235</xmin>
			<ymin>407</ymin>
			<xmax>2384</xmax>
			<ymax>736</ymax>
		</bndbox>
	</object>
	<object>
		<name>ref_coin</name>
		<bndbox>
			<xmin>1689</xmin>
			<ymin>134</ymin>
			<xmax>1837</xmax>
			<ymax>287</ymax>
		</bndbox>
	</object>
	<object>
		<name>dish</name>
		<bndbox>
			<xmin>583</xmin>
			<ymin>218</ymin>
			<xmax>1819</xmax>
			<ymax>1880</ymax>
		</bndbox>
	</object>
	<object>
		<name>잡탕밥</name>
		<bndbox>
			<xmin>680</xmin>
			<ymin>426</ymin>
			<xmax>1712</xmax>
			<ymax>1699</ymax>
		</bndbox>
	</object>
</annotation>