<annotation>
	<folder>top비빔밥덮밥류접시잡탕밥q4</folder>
	<filename>top_비빔밥덮밥류_접시_잡탕밥_Q4_00023.JPG</filename>
	<path>/top비빔밥덮밥류접시잡탕밥q4/top_비빔밥덮밥류_접시_잡탕밥_Q4_00023.JPG</path>
	<source>
		<database>fooddata</database>
	</source>
	<size>
		<width>3008</width>
		<height>2000</height>
		<depth>3</depth>
	</size>
	<object>
		<name>ref_spoon</name>
		<bndbox>
			<xmin>995</xmin>
			<ymin>1681</ymin>
			<xmax>1328</xmax>
			<ymax>1898</ymax>
		</bndbox>
	</object>
	<object>
		<name>ref_fork</name>
		<bndbox>
			<xmin>1046</xmin>
			<ymin>1458</ymin>
			<xmax>1356</xmax>
			<ymax>1611</ymax>
		</bndbox>
	</object>
	<object>
		<name>ref_coin</name>
		<bndbox>
			<xmin>2323</xmin>
			<ymin>574</ymin>
			<xmax>2462</xmax>
			<ymax>694</ymax>
		</bndbox>
	</object>
	<object>
		<name>dish</name>
		<bndbox>
			<xmin>1027</xmin>
			<ymin>69</ymin>
			<xmax>2314</xmax>
			<ymax>1319</ymax>
		</bndbox>
	</object>
	<object>
		<name>잡탕밥</name>
		<bndbox>
			<xmin>1110</xmin>
			<ymin>185</ymin>
			<xmax>2175</xmax>
			<ymax>1199</ymax>
		</bndbox>
	</object>
</annotation>