<annotation>
	<folder>top비빔밥덮밥류접시잡탕밥q4</folder>
	<filename>top_비빔밥덮밥류_접시_잡탕밥_Q4_00002.JPG</filename>
	<path>/top비빔밥덮밥류접시잡탕밥q4/top_비빔밥덮밥류_접시_잡탕밥_Q4_00002.JPG</path>
	<source>
		<database>fooddata</database>
	</source>
	<size>
		<width>3008</width>
		<height>2000</height>
		<depth>3</depth>
	</size>
	<object>
		<name>ref_spoon</name>
		<bndbox>
			<xmin>1921</xmin>
			<ymin>421</ymin>
			<xmax>2115</xmax>
			<ymax>708</ymax>
		</bndbox>
	</object>
	<object>
		<name>ref_fork</name>
		<bndbox>
			<xmin>2208</xmin>
			<ymin>412</ymin>
			<xmax>2365</xmax>
			<ymax>750</ymax>
		</bndbox>
	</object>
	<object>
		<name>ref_coin</name>
		<bndbox>
			<xmin>1495</xmin>
			<ymin>37</ymin>
			<xmax>1657</xmax>
			<ymax>190</ymax>
		</bndbox>
	</object>
	<object>
		<name>dish</name>
		<bndbox>
			<xmin>467</xmin>
			<ymin>278</ymin>
			<xmax>1796</xmax>
			<ymax>1894</ymax>
		</bndbox>
	</object>
	<object>
		<name>잡탕밥</name>
		<bndbox>
			<xmin>620</xmin>
			<ymin>454</ymin>
			<xmax>1671</xmax>
			<ymax>1713</ymax>
		</bndbox>
	</object>
</annotation>