<annotation>
	<folder>side파스타류원형배달토마토스파게티q1</folder>
	<filename>side_파스타류_원형배달_토마토스파게티_Q1_00028.JPG</filename>
	<path>/side파스타류원형배달토마토스파게티q1/side_파스타류_원형배달_토마토스파게티_Q1_00028.JPG</path>
	<source>
		<database>fooddata</database>
	</source>
	<size>
		<width>3008</width>
		<height>2000</height>
		<depth>3</depth>
	</size>
	<object>
		<name>ref_spoon</name>
		<bndbox>
			<xmin>458</xmin>
			<ymin>1614</ymin>
			<xmax>908</xmax>
			<ymax>1862</ymax>
		</bndbox>
	</object>
	<object>
		<name>ref_fork</name>
		<bndbox>
			<xmin>538</xmin>
			<ymin>1374</ymin>
			<xmax>1024</xmax>
			<ymax>1636</ymax>
		</bndbox>
	</object>
	<object>
		<name>ref_coin</name>
		<bndbox>
			<xmin>1998</xmin>
			<ymin>604</ymin>
			<xmax>2196</xmax>
			<ymax>737</ymax>
		</bndbox>
	</object>
	<object>
		<name>dish</name>
		<bndbox>
			<xmin>530</xmin>
			<ymin>171</ymin>
			<xmax>1934</xmax>
			<ymax>1393</ymax>
		</bndbox>
	</object>
	<object>
		<name>토마토스파게티</name>
		<bndbox>
			<xmin>1049</xmin>
			<ymin>797</ymin>
			<xmax>1672</xmax>
			<ymax>993</ymax>
		</bndbox>
	</object>
</annotation>