<annotation>
	<folder>side파스타류원형배달토마토스파게티q1</folder>
	<filename>side_파스타류_원형배달_토마토스파게티_Q1_00037.JPG</filename>
	<path>/side파스타류원형배달토마토스파게티q1/side_파스타류_원형배달_토마토스파게티_Q1_00037.JPG</path>
	<source>
		<database>fooddata</database>
	</source>
	<size>
		<width>3008</width>
		<height>2000</height>
		<depth>3</depth>
	</size>
	<object>
		<name>ref_spoon</name>
		<bndbox>
			<xmin>287</xmin>
			<ymin>516</ymin>
			<xmax>574</xmax>
			<ymax>872</ymax>
		</bndbox>
	</object>
	<object>
		<name>ref_fork</name>
		<bndbox>
			<xmin>654</xmin>
			<ymin>521</ymin>
			<xmax>842</xmax>
			<ymax>913</ymax>
		</bndbox>
	</object>
	<object>
		<name>ref_coin</name>
		<bndbox>
			<xmin>2012</xmin>
			<ymin>1586</ymin>
			<xmax>2243</xmax>
			<ymax>1760</ymax>
		</bndbox>
	</object>
	<object>
		<name>dish</name>
		<bndbox>
			<xmin>1013</xmin>
			<ymin>149</ymin>
			<xmax>2450</xmax>
			<ymax>1388</ymax>
		</bndbox>
	</object>
	<object>
		<name>토마토스파게티</name>
		<bndbox>
			<xmin>1352</xmin>
			<ymin>463</ymin>
			<xmax>2329</xmax>
			<ymax>985</ymax>
		</bndbox>
	</object>
</annotation>