<annotation>
	<folder>side파스타류원형배달토마토스파게티q1</folder>
	<filename>side_파스타류_원형배달_토마토스파게티_Q1_00040.JPG</filename>
	<path>/side파스타류원형배달토마토스파게티q1/side_파스타류_원형배달_토마토스파게티_Q1_00040.JPG</path>
	<source>
		<database>fooddata</database>
	</source>
	<size>
		<width>3008</width>
		<height>2000</height>
		<depth>3</depth>
	</size>
	<object>
		<name>ref_spoon</name>
		<bndbox>
			<xmin>163</xmin>
			<ymin>599</ymin>
			<xmax>450</xmax>
			<ymax>935</ymax>
		</bndbox>
	</object>
	<object>
		<name>ref_fork</name>
		<bndbox>
			<xmin>522</xmin>
			<ymin>615</ymin>
			<xmax>712</xmax>
			<ymax>990</ymax>
		</bndbox>
	</object>
	<object>
		<name>ref_coin</name>
		<bndbox>
			<xmin>2632</xmin>
			<ymin>1338</ymin>
			<xmax>2853</xmax>
			<ymax>1501</ymax>
		</bndbox>
	</object>
	<object>
		<name>dish</name>
		<bndbox>
			<xmin>853</xmin>
			<ymin>243</ymin>
			<xmax>2268</xmax>
			<ymax>1492</ymax>
		</bndbox>
	</object>
	<object>
		<name>토마토스파게티</name>
		<bndbox>
			<xmin>1347</xmin>
			<ymin>662</ymin>
			<xmax>2163</xmax>
			<ymax>1095</ymax>
		</bndbox>
	</object>
</annotation>