<annotation>
	<folder>side파스타류원형배달토마토스파게티q1</folder>
	<filename>side_파스타류_원형배달_토마토스파게티_Q1_00047.JPG</filename>
	<path>/side파스타류원형배달토마토스파게티q1/side_파스타류_원형배달_토마토스파게티_Q1_00047.JPG</path>
	<source>
		<database>fooddata</database>
	</source>
	<size>
		<width>3008</width>
		<height>2000</height>
		<depth>3</depth>
	</size>
	<object>
		<name>ref_spoon</name>
		<bndbox>
			<xmin>199</xmin>
			<ymin>557</ymin>
			<xmax>486</xmax>
			<ymax>888</ymax>
		</bndbox>
	</object>
	<object>
		<name>ref_fork</name>
		<bndbox>
			<xmin>665</xmin>
			<ymin>577</ymin>
			<xmax>858</xmax>
			<ymax>952</ymax>
		</bndbox>
	</object>
	<object>
		<name>ref_coin</name>
		<bndbox>
			<xmin>983</xmin>
			<ymin>1148</ymin>
			<xmax>1201</xmax>
			<ymax>1308</ymax>
		</bndbox>
	</object>
	<object>
		<name>dish</name>
		<bndbox>
			<xmin>1363</xmin>
			<ymin>276</ymin>
			<xmax>2765</xmax>
			<ymax>1512</ymax>
		</bndbox>
	</object>
	<object>
		<name>토마토스파게티</name>
		<bndbox>
			<xmin>1465</xmin>
			<ymin>560</ymin>
			<xmax>2627</xmax>
			<ymax>1109</ymax>
		</bndbox>
	</object>
</annotation>