<annotation>
	<folder>side파스타류원형배달토마토스파게티q1</folder>
	<filename>side_파스타류_원형배달_토마토스파게티_Q1_00053.JPG</filename>
	<path>/side파스타류원형배달토마토스파게티q1/side_파스타류_원형배달_토마토스파게티_Q1_00053.JPG</path>
	<source>
		<database>fooddata</database>
	</source>
	<size>
		<width>3008</width>
		<height>2000</height>
		<depth>3</depth>
	</size>
	<object>
		<name>ref_spoon</name>
		<bndbox>
			<xmin>235</xmin>
			<ymin>474</ymin>
			<xmax>519</xmax>
			<ymax>808</ymax>
		</bndbox>
	</object>
	<object>
		<name>ref_fork</name>
		<bndbox>
			<xmin>712</xmin>
			<ymin>469</ymin>
			<xmax>903</xmax>
			<ymax>861</ymax>
		</bndbox>
	</object>
	<object>
		<name>ref_coin</name>
		<bndbox>
			<xmin>1054</xmin>
			<ymin>673</ymin>
			<xmax>1275</xmax>
			<ymax>819</ymax>
		</bndbox>
	</object>
	<object>
		<name>dish</name>
		<bndbox>
			<xmin>1441</xmin>
			<ymin>221</ymin>
			<xmax>2919</xmax>
			<ymax>1498</ymax>
		</bndbox>
	</object>
	<object>
		<name>토마토스파게티</name>
		<bndbox>
			<xmin>1565</xmin>
			<ymin>513</ymin>
			<xmax>2687</xmax>
			<ymax>1062</ymax>
		</bndbox>
	</object>
</annotation>