<annotation>
	<folder>side파스타류원형배달토마토스파게티q1</folder>
	<filename>side_파스타류_원형배달_토마토스파게티_Q1_00016.JPG</filename>
	<path>/side파스타류원형배달토마토스파게티q1/side_파스타류_원형배달_토마토스파게티_Q1_00016.JPG</path>
	<source>
		<database>fooddata</database>
	</source>
	<size>
		<width>3008</width>
		<height>2000</height>
		<depth>3</depth>
	</size>
	<object>
		<name>ref_spoon</name>
		<bndbox>
			<xmin>1990</xmin>
			<ymin>532</ymin>
			<xmax>2257</xmax>
			<ymax>855</ymax>
		</bndbox>
	</object>
	<object>
		<name>ref_fork</name>
		<bndbox>
			<xmin>2425</xmin>
			<ymin>618</ymin>
			<xmax>2624</xmax>
			<ymax>1001</ymax>
		</bndbox>
	</object>
	<object>
		<name>ref_coin</name>
		<bndbox>
			<xmin>1686</xmin>
			<ymin>1614</ymin>
			<xmax>1915</xmax>
			<ymax>1782</ymax>
		</bndbox>
	</object>
	<object>
		<name>dish</name>
		<bndbox>
			<xmin>323</xmin>
			<ymin>243</ymin>
			<xmax>1761</xmax>
			<ymax>1487</ymax>
		</bndbox>
	</object>
	<object>
		<name>토마토스파게티</name>
		<bndbox>
			<xmin>439</xmin>
			<ymin>552</ymin>
			<xmax>1352</xmax>
			<ymax>1073</ymax>
		</bndbox>
	</object>
</annotation>