<annotation>
	<folder>side파스타류원형배달토마토스파게티q1</folder>
	<filename>side_파스타류_원형배달_토마토스파게티_Q1_00035.JPG</filename>
	<path>/side파스타류원형배달토마토스파게티q1/side_파스타류_원형배달_토마토스파게티_Q1_00035.JPG</path>
	<source>
		<database>fooddata</database>
	</source>
	<size>
		<width>3008</width>
		<height>2000</height>
		<depth>3</depth>
	</size>
	<object>
		<name>ref_spoon</name>
		<bndbox>
			<xmin>312</xmin>
			<ymin>519</ymin>
			<xmax>594</xmax>
			<ymax>850</ymax>
		</bndbox>
	</object>
	<object>
		<name>ref_fork</name>
		<bndbox>
			<xmin>671</xmin>
			<ymin>532</ymin>
			<xmax>867</xmax>
			<ymax>921</ymax>
		</bndbox>
	</object>
	<object>
		<name>ref_coin</name>
		<bndbox>
			<xmin>1363</xmin>
			<ymin>1561</ymin>
			<xmax>1590</xmax>
			<ymax>1730</ymax>
		</bndbox>
	</object>
	<object>
		<name>dish</name>
		<bndbox>
			<xmin>1041</xmin>
			<ymin>166</ymin>
			<xmax>2464</xmax>
			<ymax>1410</ymax>
		</bndbox>
	</object>
	<object>
		<name>토마토스파게티</name>
		<bndbox>
			<xmin>1369</xmin>
			<ymin>502</ymin>
			<xmax>2367</xmax>
			<ymax>1001</ymax>
		</bndbox>
	</object>
</annotation>