<annotation>
	<folder>top파스타류원형배달토마토스파게티q1</folder>
	<filename>top_파스타류_원형배달_토마토스파게티_Q1_00045.JPG</filename>
	<path>/top파스타류원형배달토마토스파게티q1/top_파스타류_원형배달_토마토스파게티_Q1_00045.JPG</path>
	<source>
		<database>fooddata</database>
	</source>
	<size>
		<width>3008</width>
		<height>2000</height>
		<depth>3</depth>
	</size>
	<object>
		<name>ref_spoon</name>
		<bndbox>
			<xmin>348</xmin>
			<ymin>314</ymin>
			<xmax>649</xmax>
			<ymax>782</ymax>
		</bndbox>
	</object>
	<object>
		<name>ref_fork</name>
		<bndbox>
			<xmin>724</xmin>
			<ymin>374</ymin>
			<xmax>936</xmax>
			<ymax>874</ymax>
		</bndbox>
	</object>
	<object>
		<name>ref_coin</name>
		<bndbox>
			<xmin>1132</xmin>
			<ymin>58</ymin>
			<xmax>1344</xmax>
			<ymax>257</ymax>
		</bndbox>
	</object>
	<object>
		<name>dish</name>
		<bndbox>
			<xmin>915</xmin>
			<ymin>473</ymin>
			<xmax>2355</xmax>
			<ymax>1906</ymax>
		</bndbox>
	</object>
	<object>
		<name>토마토스파게티</name>
		<bndbox>
			<xmin>1401</xmin>
			<ymin>700</ymin>
			<xmax>2189</xmax>
			<ymax>1523</ymax>
		</bndbox>
	</object>
</annotation>