<annotation>
	<folder>top파스타류원형배달토마토스파게티q1</folder>
	<filename>top_파스타류_원형배달_토마토스파게티_Q1_00010.JPG</filename>
	<path>/top파스타류원형배달토마토스파게티q1/top_파스타류_원형배달_토마토스파게티_Q1_00010.JPG</path>
	<source>
		<database>fooddata</database>
	</source>
	<size>
		<width>3008</width>
		<height>2000</height>
		<depth>3</depth>
	</size>
	<object>
		<name>ref_spoon</name>
		<bndbox>
			<xmin>2050</xmin>
			<ymin>246</ymin>
			<xmax>2366</xmax>
			<ymax>690</ymax>
		</bndbox>
	</object>
	<object>
		<name>ref_fork</name>
		<bndbox>
			<xmin>2355</xmin>
			<ymin>317</ymin>
			<xmax>2593</xmax>
			<ymax>757</ymax>
		</bndbox>
	</object>
	<object>
		<name>ref_coin</name>
		<bndbox>
			<xmin>869</xmin>
			<ymin>69</ymin>
			<xmax>1093</xmax>
			<ymax>282</ymax>
		</bndbox>
	</object>
	<object>
		<name>dish</name>
		<bndbox>
			<xmin>582</xmin>
			<ymin>406</ymin>
			<xmax>2033</xmax>
			<ymax>1814</ymax>
		</bndbox>
	</object>
	<object>
		<name>토마토스파게티</name>
		<bndbox>
			<xmin>915</xmin>
			<ymin>555</ymin>
			<xmax>1554</xmax>
			<ymax>1321</ymax>
		</bndbox>
	</object>
</annotation>