<annotation>
	<folder>top파스타류원형배달토마토스파게티q1</folder>
	<filename>top_파스타류_원형배달_토마토스파게티_Q1_00048.JPG</filename>
	<path>/top파스타류원형배달토마토스파게티q1/top_파스타류_원형배달_토마토스파게티_Q1_00048.JPG</path>
	<source>
		<database>fooddata</database>
	</source>
	<size>
		<width>3008</width>
		<height>2000</height>
		<depth>3</depth>
	</size>
	<object>
		<name>ref_spoon</name>
		<bndbox>
			<xmin>663</xmin>
			<ymin>225</ymin>
			<xmax>961</xmax>
			<ymax>690</ymax>
		</bndbox>
	</object>
	<object>
		<name>ref_fork</name>
		<bndbox>
			<xmin>1004</xmin>
			<ymin>296</ymin>
			<xmax>1242</xmax>
			<ymax>824</ymax>
		</bndbox>
	</object>
	<object>
		<name>ref_coin</name>
		<bndbox>
			<xmin>234</xmin>
			<ymin>927</ymin>
			<xmax>472</xmax>
			<ymax>1147</ymax>
		</bndbox>
	</object>
	<object>
		<name>dish</name>
		<bndbox>
			<xmin>1373</xmin>
			<ymin>307</ymin>
			<xmax>2831</xmax>
			<ymax>1711</ymax>
		</bndbox>
	</object>
	<object>
		<name>토마토스파게티</name>
		<bndbox>
			<xmin>1873</xmin>
			<ymin>530</ymin>
			<xmax>2611</xmax>
			<ymax>1608</ymax>
		</bndbox>
	</object>
</annotation>