<annotation>
	<folder>top파스타류원형배달토마토스파게티q1</folder>
	<filename>top_파스타류_원형배달_토마토스파게티_Q1_00020.JPG</filename>
	<path>/top파스타류원형배달토마토스파게티q1/top_파스타류_원형배달_토마토스파게티_Q1_00020.JPG</path>
	<source>
		<database>fooddata</database>
	</source>
	<size>
		<width>3008</width>
		<height>2000</height>
		<depth>3</depth>
	</size>
	<object>
		<name>ref_spoon</name>
		<bndbox>
			<xmin>837</xmin>
			<ymin>1530</ymin>
			<xmax>1281</xmax>
			<ymax>1803</ymax>
		</bndbox>
	</object>
	<object>
		<name>ref_fork</name>
		<bndbox>
			<xmin>876</xmin>
			<ymin>1282</ymin>
			<xmax>1348</xmax>
			<ymax>1498</ymax>
		</bndbox>
	</object>
	<object>
		<name>ref_coin</name>
		<bndbox>
			<xmin>876</xmin>
			<ymin>143</ymin>
			<xmax>1071</xmax>
			<ymax>342</ymax>
		</bndbox>
	</object>
	<object>
		<name>dish</name>
		<bndbox>
			<xmin>1018</xmin>
			<ymin>147</ymin>
			<xmax>2245</xmax>
			<ymax>1328</ymax>
		</bndbox>
	</object>
	<object>
		<name>토마토스파게티</name>
		<bndbox>
			<xmin>1277</xmin>
			<ymin>402</ymin>
			<xmax>2015</xmax>
			<ymax>1005</ymax>
		</bndbox>
	</object>
</annotation>