<annotation>
	<folder>top파스타류원형배달토마토스파게티q1</folder>
	<filename>top_파스타류_원형배달_토마토스파게티_Q1_00007.JPG</filename>
	<path>/top파스타류원형배달토마토스파게티q1/top_파스타류_원형배달_토마토스파게티_Q1_00007.JPG</path>
	<source>
		<database>fooddata</database>
	</source>
	<size>
		<width>3008</width>
		<height>2000</height>
		<depth>3</depth>
	</size>
	<object>
		<name>ref_spoon</name>
		<bndbox>
			<xmin>2167</xmin>
			<ymin>246</ymin>
			<xmax>2451</xmax>
			<ymax>679</ymax>
		</bndbox>
	</object>
	<object>
		<name>ref_fork</name>
		<bndbox>
			<xmin>2444</xmin>
			<ymin>331</ymin>
			<xmax>2682</xmax>
			<ymax>803</ymax>
		</bndbox>
	</object>
	<object>
		<name>ref_coin</name>
		<bndbox>
			<xmin>234</xmin>
			<ymin>832</ymin>
			<xmax>465</xmax>
			<ymax>1051</ymax>
		</bndbox>
	</object>
	<object>
		<name>dish</name>
		<bndbox>
			<xmin>706</xmin>
			<ymin>275</ymin>
			<xmax>2150</xmax>
			<ymax>1665</ymax>
		</bndbox>
	</object>
	<object>
		<name>토마토스파게티</name>
		<bndbox>
			<xmin>848</xmin>
			<ymin>601</ymin>
			<xmax>1582</xmax>
			<ymax>1332</ymax>
		</bndbox>
	</object>
</annotation>