<annotation>
	<folder>top파스타류원형배달토마토스파게티q1</folder>
	<filename>top_파스타류_원형배달_토마토스파게티_Q1_00040.JPG</filename>
	<path>/top파스타류원형배달토마토스파게티q1/top_파스타류_원형배달_토마토스파게티_Q1_00040.JPG</path>
	<source>
		<database>fooddata</database>
	</source>
	<size>
		<width>3008</width>
		<height>2000</height>
		<depth>3</depth>
	</size>
	<object>
		<name>ref_spoon</name>
		<bndbox>
			<xmin>426</xmin>
			<ymin>161</ymin>
			<xmax>748</xmax>
			<ymax>644</ymax>
		</bndbox>
	</object>
	<object>
		<name>ref_fork</name>
		<bndbox>
			<xmin>791</xmin>
			<ymin>236</ymin>
			<xmax>1029</xmax>
			<ymax>757</ymax>
		</bndbox>
	</object>
	<object>
		<name>ref_coin</name>
		<bndbox>
			<xmin>2299</xmin>
			<ymin>1438</ymin>
			<xmax>2536</xmax>
			<ymax>1672</ymax>
		</bndbox>
	</object>
	<object>
		<name>dish</name>
		<bndbox>
			<xmin>1000</xmin>
			<ymin>104</ymin>
			<xmax>2469</xmax>
			<ymax>1534</ymax>
		</bndbox>
	</object>
	<object>
		<name>토마토스파게티</name>
		<bndbox>
			<xmin>1458</xmin>
			<ymin>349</ymin>
			<xmax>2288</xmax>
			<ymax>1215</ymax>
		</bndbox>
	</object>
</annotation>