<annotation>
	<folder>top파스타류원형배달토마토스파게티q1</folder>
	<filename>top_파스타류_원형배달_토마토스파게티_Q1_00003.JPG</filename>
	<path>/top파스타류원형배달토마토스파게티q1/top_파스타류_원형배달_토마토스파게티_Q1_00003.JPG</path>
	<source>
		<database>fooddata</database>
	</source>
	<size>
		<width>3008</width>
		<height>2000</height>
		<depth>3</depth>
	</size>
	<object>
		<name>ref_spoon</name>
		<bndbox>
			<xmin>2047</xmin>
			<ymin>250</ymin>
			<xmax>2345</xmax>
			<ymax>714</ymax>
		</bndbox>
	</object>
	<object>
		<name>ref_fork</name>
		<bndbox>
			<xmin>2348</xmin>
			<ymin>324</ymin>
			<xmax>2586</xmax>
			<ymax>792</ymax>
		</bndbox>
	</object>
	<object>
		<name>ref_coin</name>
		<bndbox>
			<xmin>926</xmin>
			<ymin>1587</ymin>
			<xmax>1163</xmax>
			<ymax>1814</ymax>
		</bndbox>
	</object>
	<object>
		<name>dish</name>
		<bndbox>
			<xmin>529</xmin>
			<ymin>115</ymin>
			<xmax>1937</xmax>
			<ymax>1495</ymax>
		</bndbox>
	</object>
	<object>
		<name>토마토스파게티</name>
		<bndbox>
			<xmin>823</xmin>
			<ymin>722</ymin>
			<xmax>1589</xmax>
			<ymax>1420</ymax>
		</bndbox>
	</object>
</annotation>