<annotation>
	<folder>side국물면류원형배달수제비q3</folder>
	<filename>side_국물면류_원형배달_수제비_Q3_00019.JPG</filename>
	<path>/side국물면류원형배달수제비q3/side_국물면류_원형배달_수제비_Q3_00019.JPG</path>
	<source>
		<database>fooddata</database>
	</source>
	<size>
		<width>3008</width>
		<height>2000</height>
		<depth>3</depth>
	</size>
	<object>
		<name>ref_spoon</name>
		<bndbox>
			<xmin>638</xmin>
			<ymin>1544</ymin>
			<xmax>1139</xmax>
			<ymax>1850</ymax>
		</bndbox>
	</object>
	<object>
		<name>ref_fork</name>
		<bndbox>
			<xmin>912</xmin>
			<ymin>1356</ymin>
			<xmax>1447</xmax>
			<ymax>1594</ymax>
		</bndbox>
	</object>
	<object>
		<name>ref_coin</name>
		<bndbox>
			<xmin>2621</xmin>
			<ymin>700</ymin>
			<xmax>2859</xmax>
			<ymax>874</ymax>
		</bndbox>
	</object>
	<object>
		<name>dish</name>
		<bndbox>
			<xmin>1007</xmin>
			<ymin>48</ymin>
			<xmax>2423</xmax>
			<ymax>1310</ymax>
		</bndbox>
	</object>
	<object>
		<name>수제비</name>
		<bndbox>
			<xmin>1100</xmin>
			<ymin>324</ymin>
			<xmax>2320</xmax>
			<ymax>913</ymax>
		</bndbox>
	</object>
</annotation>