<annotation>
	<folder>side국물면류원형배달수제비q3</folder>
	<filename>side_국물면류_원형배달_수제비_Q3_00013.JPG</filename>
	<path>/side국물면류원형배달수제비q3/side_국물면류_원형배달_수제비_Q3_00013.JPG</path>
	<source>
		<database>fooddata</database>
	</source>
	<size>
		<width>3008</width>
		<height>2000</height>
		<depth>3</depth>
	</size>
	<object>
		<name>ref_spoon</name>
		<bndbox>
			<xmin>2362</xmin>
			<ymin>665</ymin>
			<xmax>2671</xmax>
			<ymax>1055</ymax>
		</bndbox>
	</object>
	<object>
		<name>ref_fork</name>
		<bndbox>
			<xmin>2710</xmin>
			<ymin>729</ymin>
			<xmax>2937</xmax>
			<ymax>1147</ymax>
		</bndbox>
	</object>
	<object>
		<name>ref_coin</name>
		<bndbox>
			<xmin>1554</xmin>
			<ymin>83</ymin>
			<xmax>1763</xmax>
			<ymax>218</ymax>
		</bndbox>
	</object>
	<object>
		<name>dish</name>
		<bndbox>
			<xmin>702</xmin>
			<ymin>431</ymin>
			<xmax>2245</xmax>
			<ymax>1779</ymax>
		</bndbox>
	</object>
	<object>
		<name>수제비</name>
		<bndbox>
			<xmin>809</xmin>
			<ymin>722</ymin>
			<xmax>2139</xmax>
			<ymax>1364</ymax>
		</bndbox>
	</object>
</annotation>