<annotation>
	<folder>side국물면류원형배달수제비q3</folder>
	<filename>side_국물면류_원형배달_수제비_Q3_00007.JPG</filename>
	<path>/side국물면류원형배달수제비q3/side_국물면류_원형배달_수제비_Q3_00007.JPG</path>
	<source>
		<database>fooddata</database>
	</source>
	<size>
		<width>3008</width>
		<height>2000</height>
		<depth>3</depth>
	</size>
	<object>
		<name>ref_spoon</name>
		<bndbox>
			<xmin>2295</xmin>
			<ymin>438</ymin>
			<xmax>2593</xmax>
			<ymax>828</ymax>
		</bndbox>
	</object>
	<object>
		<name>ref_fork</name>
		<bndbox>
			<xmin>2632</xmin>
			<ymin>495</ymin>
			<xmax>2866</xmax>
			<ymax>924</ymax>
		</bndbox>
	</object>
	<object>
		<name>ref_coin</name>
		<bndbox>
			<xmin>383</xmin>
			<ymin>1349</ymin>
			<xmax>653</xmax>
			<ymax>1552</ymax>
		</bndbox>
	</object>
	<object>
		<name>dish</name>
		<bndbox>
			<xmin>610</xmin>
			<ymin>126</ymin>
			<xmax>2118</xmax>
			<ymax>1445</ymax>
		</bndbox>
	</object>
	<object>
		<name>수제비</name>
		<bndbox>
			<xmin>738</xmin>
			<ymin>413</ymin>
			<xmax>2018</xmax>
			<ymax>1023</ymax>
		</bndbox>
	</object>
</annotation>