<annotation>
	<folder>side국물면류원형배달수제비q3</folder>
	<filename>side_국물면류_원형배달_수제비_Q3_00020.JPG</filename>
	<path>/side국물면류원형배달수제비q3/side_국물면류_원형배달_수제비_Q3_00020.JPG</path>
	<source>
		<database>fooddata</database>
	</source>
	<size>
		<width>3008</width>
		<height>2000</height>
		<depth>3</depth>
	</size>
	<object>
		<name>ref_spoon</name>
		<bndbox>
			<xmin>638</xmin>
			<ymin>1580</ymin>
			<xmax>1142</xmax>
			<ymax>1864</ymax>
		</bndbox>
	</object>
	<object>
		<name>ref_fork</name>
		<bndbox>
			<xmin>919</xmin>
			<ymin>1385</ymin>
			<xmax>1433</xmax>
			<ymax>1619</ymax>
		</bndbox>
	</object>
	<object>
		<name>ref_coin</name>
		<bndbox>
			<xmin>2689</xmin>
			<ymin>523</ymin>
			<xmax>2923</xmax>
			<ymax>683</ymax>
		</bndbox>
	</object>
	<object>
		<name>dish</name>
		<bndbox>
			<xmin>951</xmin>
			<ymin>62</ymin>
			<xmax>2373</xmax>
			<ymax>1310</ymax>
		</bndbox>
	</object>
	<object>
		<name>수제비</name>
		<bndbox>
			<xmin>1039</xmin>
			<ymin>317</ymin>
			<xmax>2263</xmax>
			<ymax>927</ymax>
		</bndbox>
	</object>
</annotation>