<annotation>
	<folder>side국물면류원형배달수제비q3</folder>
	<filename>side_국물면류_원형배달_수제비_Q3_00040.JPG</filename>
	<path>/side국물면류원형배달수제비q3/side_국물면류_원형배달_수제비_Q3_00040.JPG</path>
	<source>
		<database>fooddata</database>
	</source>
	<size>
		<width>3008</width>
		<height>2000</height>
		<depth>3</depth>
	</size>
	<object>
		<name>ref_spoon</name>
		<bndbox>
			<xmin>355</xmin>
			<ymin>409</ymin>
			<xmax>656</xmax>
			<ymax>778</ymax>
		</bndbox>
	</object>
	<object>
		<name>ref_fork</name>
		<bndbox>
			<xmin>763</xmin>
			<ymin>466</ymin>
			<xmax>979</xmax>
			<ymax>878</ymax>
		</bndbox>
	</object>
	<object>
		<name>ref_coin</name>
		<bndbox>
			<xmin>1273</xmin>
			<ymin>1530</ymin>
			<xmax>1547</xmax>
			<ymax>1736</ymax>
		</bndbox>
	</object>
	<object>
		<name>dish</name>
		<bndbox>
			<xmin>1128</xmin>
			<ymin>175</ymin>
			<xmax>2586</xmax>
			<ymax>1466</ymax>
		</bndbox>
	</object>
	<object>
		<name>수제비</name>
		<bndbox>
			<xmin>1231</xmin>
			<ymin>452</ymin>
			<xmax>2479</xmax>
			<ymax>1098</ymax>
		</bndbox>
	</object>
</annotation>