<annotation>
	<folder>side국물면류원형배달수제비q3</folder>
	<filename>side_국물면류_원형배달_수제비_Q3_00018.JPG</filename>
	<path>/side국물면류원형배달수제비q3/side_국물면류_원형배달_수제비_Q3_00018.JPG</path>
	<source>
		<database>fooddata</database>
	</source>
	<size>
		<width>3008</width>
		<height>2000</height>
		<depth>3</depth>
	</size>
	<object>
		<name>ref_spoon</name>
		<bndbox>
			<xmin>692</xmin>
			<ymin>1537</ymin>
			<xmax>1178</xmax>
			<ymax>1821</ymax>
		</bndbox>
	</object>
	<object>
		<name>ref_fork</name>
		<bndbox>
			<xmin>965</xmin>
			<ymin>1339</ymin>
			<xmax>1479</xmax>
			<ymax>1584</ymax>
		</bndbox>
	</object>
	<object>
		<name>ref_coin</name>
		<bndbox>
			<xmin>2614</xmin>
			<ymin>871</ymin>
			<xmax>2852</xmax>
			<ymax>1055</ymax>
		</bndbox>
	</object>
	<object>
		<name>dish</name>
		<bndbox>
			<xmin>990</xmin>
			<ymin>19</ymin>
			<xmax>2398</xmax>
			<ymax>1261</ymax>
		</bndbox>
	</object>
	<object>
		<name>수제비</name>
		<bndbox>
			<xmin>1071</xmin>
			<ymin>289</ymin>
			<xmax>2288</xmax>
			<ymax>888</ymax>
		</bndbox>
	</object>
</annotation>