<annotation>
	<folder>side국물면류원형배달수제비q3</folder>
	<filename>side_국물면류_원형배달_수제비_Q3_00052.JPG</filename>
	<path>/side국물면류원형배달수제비q3/side_국물면류_원형배달_수제비_Q3_00052.JPG</path>
	<source>
		<database>fooddata</database>
	</source>
	<size>
		<width>3008</width>
		<height>2000</height>
		<depth>3</depth>
	</size>
	<object>
		<name>ref_spoon</name>
		<bndbox>
			<xmin>585</xmin>
			<ymin>484</ymin>
			<xmax>887</xmax>
			<ymax>842</ymax>
		</bndbox>
	</object>
	<object>
		<name>ref_fork</name>
		<bndbox>
			<xmin>990</xmin>
			<ymin>555</ymin>
			<xmax>1192</xmax>
			<ymax>984</ymax>
		</bndbox>
	</object>
	<object>
		<name>ref_coin</name>
		<bndbox>
			<xmin>738</xmin>
			<ymin>204</ymin>
			<xmax>954</xmax>
			<ymax>353</ymax>
		</bndbox>
	</object>
	<object>
		<name>dish</name>
		<bndbox>
			<xmin>1320</xmin>
			<ymin>342</ymin>
			<xmax>2781</xmax>
			<ymax>1658</ymax>
		</bndbox>
	</object>
	<object>
		<name>수제비</name>
		<bndbox>
			<xmin>1390</xmin>
			<ymin>629</ymin>
			<xmax>2689</xmax>
			<ymax>1254</ymax>
		</bndbox>
	</object>
</annotation>