<annotation>
	<folder>side국물면류원형배달수제비q3</folder>
	<filename>side_국물면류_원형배달_수제비_Q3_00028.JPG</filename>
	<path>/side국물면류원형배달수제비q3/side_국물면류_원형배달_수제비_Q3_00028.JPG</path>
	<source>
		<database>fooddata</database>
	</source>
	<size>
		<width>3008</width>
		<height>2000</height>
		<depth>3</depth>
	</size>
	<object>
		<name>ref_spoon</name>
		<bndbox>
			<xmin>656</xmin>
			<ymin>1633</ymin>
			<xmax>1121</xmax>
			<ymax>1920</ymax>
		</bndbox>
	</object>
	<object>
		<name>ref_fork</name>
		<bndbox>
			<xmin>919</xmin>
			<ymin>1459</ymin>
			<xmax>1422</xmax>
			<ymax>1679</ymax>
		</bndbox>
	</object>
	<object>
		<name>ref_coin</name>
		<bndbox>
			<xmin>387</xmin>
			<ymin>998</ymin>
			<xmax>624</xmax>
			<ymax>1168</ymax>
		</bndbox>
	</object>
	<object>
		<name>dish</name>
		<bndbox>
			<xmin>997</xmin>
			<ymin>214</ymin>
			<xmax>2327</xmax>
			<ymax>1388</ymax>
		</bndbox>
	</object>
	<object>
		<name>수제비</name>
		<bndbox>
			<xmin>1075</xmin>
			<ymin>477</ymin>
			<xmax>2228</xmax>
			<ymax>1030</ymax>
		</bndbox>
	</object>
</annotation>