<annotation>
	<folder>side국물면류원형배달수제비q3</folder>
	<filename>side_국물면류_원형배달_수제비_Q3_00034.JPG</filename>
	<path>/side국물면류원형배달수제비q3/side_국물면류_원형배달_수제비_Q3_00034.JPG</path>
	<source>
		<database>fooddata</database>
	</source>
	<size>
		<width>3008</width>
		<height>2000</height>
		<depth>3</depth>
	</size>
	<object>
		<name>ref_spoon</name>
		<bndbox>
			<xmin>667</xmin>
			<ymin>526</ymin>
			<xmax>944</xmax>
			<ymax>871</ymax>
		</bndbox>
	</object>
	<object>
		<name>ref_fork</name>
		<bndbox>
			<xmin>1032</xmin>
			<ymin>573</ymin>
			<xmax>1249</xmax>
			<ymax>970</ymax>
		</bndbox>
	</object>
	<object>
		<name>ref_coin</name>
		<bndbox>
			<xmin>305</xmin>
			<ymin>1176</ymin>
			<xmax>521</xmax>
			<ymax>1356</ymax>
		</bndbox>
	</object>
	<object>
		<name>dish</name>
		<bndbox>
			<xmin>1380</xmin>
			<ymin>346</ymin>
			<xmax>2724</xmax>
			<ymax>1537</ymax>
		</bndbox>
	</object>
	<object>
		<name>수제비</name>
		<bndbox>
			<xmin>1461</xmin>
			<ymin>587</ymin>
			<xmax>2611</xmax>
			<ymax>1186</ymax>
		</bndbox>
	</object>
</annotation>