<annotation>
	<folder>side국물면류원형배달수제비q3</folder>
	<filename>side_국물면류_원형배달_수제비_Q3_00046.JPG</filename>
	<path>/side국물면류원형배달수제비q3/side_국물면류_원형배달_수제비_Q3_00046.JPG</path>
	<source>
		<database>fooddata</database>
	</source>
	<size>
		<width>3008</width>
		<height>2000</height>
		<depth>3</depth>
	</size>
	<object>
		<name>ref_spoon</name>
		<bndbox>
			<xmin>589</xmin>
			<ymin>385</ymin>
			<xmax>890</xmax>
			<ymax>757</ymax>
		</bndbox>
	</object>
	<object>
		<name>ref_fork</name>
		<bndbox>
			<xmin>993</xmin>
			<ymin>441</ymin>
			<xmax>1217</xmax>
			<ymax>856</ymax>
		</bndbox>
	</object>
	<object>
		<name>ref_coin</name>
		<bndbox>
			<xmin>284</xmin>
			<ymin>1420</ymin>
			<xmax>546</xmax>
			<ymax>1608</ymax>
		</bndbox>
	</object>
	<object>
		<name>dish</name>
		<bndbox>
			<xmin>1376</xmin>
			<ymin>161</ymin>
			<xmax>2838</xmax>
			<ymax>1452</ymax>
		</bndbox>
	</object>
	<object>
		<name>수제비</name>
		<bndbox>
			<xmin>1461</xmin>
			<ymin>331</ymin>
			<xmax>2717</xmax>
			<ymax>1069</ymax>
		</bndbox>
	</object>
</annotation>