<annotation>
	<folder>top국물면류원형배달수제비q3</folder>
	<filename>top_국물면류_원형배달_수제비_Q3_00025.JPG</filename>
	<path>/top국물면류원형배달수제비q3/top_국물면류_원형배달_수제비_Q3_00025.JPG</path>
	<source>
		<database>fooddata</database>
	</source>
	<size>
		<width>3008</width>
		<height>2000</height>
		<depth>3</depth>
	</size>
	<object>
		<name>ref_spoon</name>
		<bndbox>
			<xmin>968</xmin>
			<ymin>1615</ymin>
			<xmax>1291</xmax>
			<ymax>1864</ymax>
		</bndbox>
	</object>
	<object>
		<name>ref_fork</name>
		<bndbox>
			<xmin>1050</xmin>
			<ymin>1442</ymin>
			<xmax>1419</xmax>
			<ymax>1608</ymax>
		</bndbox>
	</object>
	<object>
		<name>ref_coin</name>
		<bndbox>
			<xmin>2203</xmin>
			<ymin>537</ymin>
			<xmax>2370</xmax>
			<ymax>704</ymax>
		</bndbox>
	</object>
	<object>
		<name>dish</name>
		<bndbox>
			<xmin>1096</xmin>
			<ymin>289</ymin>
			<xmax>2203</xmax>
			<ymax>1371</ymax>
		</bndbox>
	</object>
	<object>
		<name>수제비</name>
		<bndbox>
			<xmin>1185</xmin>
			<ymin>416</ymin>
			<xmax>2093</xmax>
			<ymax>1307</ymax>
		</bndbox>
	</object>
</annotation>