<annotation>
	<folder>top국물면류원형배달수제비q3</folder>
	<filename>top_국물면류_원형배달_수제비_Q3_00007.JPG</filename>
	<path>/top국물면류원형배달수제비q3/top_국물면류_원형배달_수제비_Q3_00007.JPG</path>
	<source>
		<database>fooddata</database>
	</source>
	<size>
		<width>3008</width>
		<height>2000</height>
		<depth>3</depth>
	</size>
	<object>
		<name>ref_spoon</name>
		<bndbox>
			<xmin>1908</xmin>
			<ymin>179</ymin>
			<xmax>2171</xmax>
			<ymax>562</ymax>
		</bndbox>
	</object>
	<object>
		<name>ref_fork</name>
		<bndbox>
			<xmin>2203</xmin>
			<ymin>129</ymin>
			<xmax>2401</xmax>
			<ymax>541</ymax>
		</bndbox>
	</object>
	<object>
		<name>ref_coin</name>
		<bndbox>
			<xmin>355</xmin>
			<ymin>810</ymin>
			<xmax>560</xmax>
			<ymax>1012</ymax>
		</bndbox>
	</object>
	<object>
		<name>dish</name>
		<bndbox>
			<xmin>599</xmin>
			<ymin>388</ymin>
			<xmax>1994</xmax>
			<ymax>1757</ymax>
		</bndbox>
	</object>
	<object>
		<name>수제비</name>
		<bndbox>
			<xmin>734</xmin>
			<ymin>519</ymin>
			<xmax>1876</xmax>
			<ymax>1637</ymax>
		</bndbox>
	</object>
</annotation>