<annotation>
	<folder>top국물면류원형배달수제비q3</folder>
	<filename>top_국물면류_원형배달_수제비_Q3_00006.JPG</filename>
	<path>/top국물면류원형배달수제비q3/top_국물면류_원형배달_수제비_Q3_00006.JPG</path>
	<source>
		<database>fooddata</database>
	</source>
	<size>
		<width>3008</width>
		<height>2000</height>
		<depth>3</depth>
	</size>
	<object>
		<name>ref_spoon</name>
		<bndbox>
			<xmin>1923</xmin>
			<ymin>172</ymin>
			<xmax>2189</xmax>
			<ymax>555</ymax>
		</bndbox>
	</object>
	<object>
		<name>ref_fork</name>
		<bndbox>
			<xmin>2228</xmin>
			<ymin>115</ymin>
			<xmax>2419</xmax>
			<ymax>541</ymax>
		</bndbox>
	</object>
	<object>
		<name>ref_coin</name>
		<bndbox>
			<xmin>411</xmin>
			<ymin>1232</ymin>
			<xmax>624</xmax>
			<ymax>1435</ymax>
		</bndbox>
	</object>
	<object>
		<name>dish</name>
		<bndbox>
			<xmin>653</xmin>
			<ymin>289</ymin>
			<xmax>2022</xmax>
			<ymax>1651</ymax>
		</bndbox>
	</object>
	<object>
		<name>수제비</name>
		<bndbox>
			<xmin>798</xmin>
			<ymin>427</ymin>
			<xmax>1912</xmax>
			<ymax>1534</ymax>
		</bndbox>
	</object>
</annotation>