<annotation>
	<folder>top국물면류원형배달수제비q3</folder>
	<filename>top_국물면류_원형배달_수제비_Q3_00013.JPG</filename>
	<path>/top국물면류원형배달수제비q3/top_국물면류_원형배달_수제비_Q3_00013.JPG</path>
	<source>
		<database>fooddata</database>
	</source>
	<size>
		<width>3008</width>
		<height>2000</height>
		<depth>3</depth>
	</size>
	<object>
		<name>ref_spoon</name>
		<bndbox>
			<xmin>2001</xmin>
			<ymin>204</ymin>
			<xmax>2252</xmax>
			<ymax>583</ymax>
		</bndbox>
	</object>
	<object>
		<name>ref_fork</name>
		<bndbox>
			<xmin>2299</xmin>
			<ymin>186</ymin>
			<xmax>2469</xmax>
			<ymax>590</ymax>
		</bndbox>
	</object>
	<object>
		<name>ref_coin</name>
		<bndbox>
			<xmin>1763</xmin>
			<ymin>1328</ymin>
			<xmax>1969</xmax>
			<ymax>1520</ymax>
		</bndbox>
	</object>
	<object>
		<name>dish</name>
		<bndbox>
			<xmin>553</xmin>
			<ymin>246</ymin>
			<xmax>1965</xmax>
			<ymax>1619</ymax>
		</bndbox>
	</object>
	<object>
		<name>수제비</name>
		<bndbox>
			<xmin>678</xmin>
			<ymin>385</ymin>
			<xmax>1837</xmax>
			<ymax>1516</ymax>
		</bndbox>
	</object>
</annotation>