<annotation>
	<folder>top국물면류원형배달수제비q3</folder>
	<filename>top_국물면류_원형배달_수제비_Q3_00028.JPG</filename>
	<path>/top국물면류원형배달수제비q3/top_국물면류_원형배달_수제비_Q3_00028.JPG</path>
	<source>
		<database>fooddata</database>
	</source>
	<size>
		<width>3008</width>
		<height>2000</height>
		<depth>3</depth>
	</size>
	<object>
		<name>ref_spoon</name>
		<bndbox>
			<xmin>894</xmin>
			<ymin>1580</ymin>
			<xmax>1277</xmax>
			<ymax>1850</ymax>
		</bndbox>
	</object>
	<object>
		<name>ref_fork</name>
		<bndbox>
			<xmin>983</xmin>
			<ymin>1396</ymin>
			<xmax>1369</xmax>
			<ymax>1576</ymax>
		</bndbox>
	</object>
	<object>
		<name>ref_coin</name>
		<bndbox>
			<xmin>1245</xmin>
			<ymin>97</ymin>
			<xmax>1419</xmax>
			<ymax>275</ymax>
		</bndbox>
	</object>
	<object>
		<name>dish</name>
		<bndbox>
			<xmin>1100</xmin>
			<ymin>211</ymin>
			<xmax>2270</xmax>
			<ymax>1367</ymax>
		</bndbox>
	</object>
	<object>
		<name>수제비</name>
		<bndbox>
			<xmin>1178</xmin>
			<ymin>338</ymin>
			<xmax>2142</xmax>
			<ymax>1300</ymax>
		</bndbox>
	</object>
</annotation>