<annotation>
	<folder>top국물면류원형배달수제비q3</folder>
	<filename>top_국물면류_원형배달_수제비_Q3_00043.JPG</filename>
	<path>/top국물면류원형배달수제비q3/top_국물면류_원형배달_수제비_Q3_00043.JPG</path>
	<source>
		<database>fooddata</database>
	</source>
	<size>
		<width>3008</width>
		<height>2000</height>
		<depth>3</depth>
	</size>
	<object>
		<name>ref_spoon</name>
		<bndbox>
			<xmin>536</xmin>
			<ymin>349</ymin>
			<xmax>837</xmax>
			<ymax>757</ymax>
		</bndbox>
	</object>
	<object>
		<name>ref_fork</name>
		<bndbox>
			<xmin>908</xmin>
			<ymin>370</ymin>
			<xmax>1128</xmax>
			<ymax>856</ymax>
		</bndbox>
	</object>
	<object>
		<name>ref_coin</name>
		<bndbox>
			<xmin>1593</xmin>
			<ymin>51</ymin>
			<xmax>1813</xmax>
			<ymax>260</ymax>
		</bndbox>
	</object>
	<object>
		<name>dish</name>
		<bndbox>
			<xmin>1234</xmin>
			<ymin>445</ymin>
			<xmax>2660</xmax>
			<ymax>1878</ymax>
		</bndbox>
	</object>
	<object>
		<name>수제비</name>
		<bndbox>
			<xmin>1305</xmin>
			<ymin>601</ymin>
			<xmax>2476</xmax>
			<ymax>1768</ymax>
		</bndbox>
	</object>
</annotation>