<annotation>
	<folder>side볶음밥류낮고큰파스타볼김치볶음밥q1</folder>
	<filename>side_볶음밥류_낮고큰파스타볼_김치볶음밥_Q1_00010.JPG</filename>
	<path>/side볶음밥류낮고큰파스타볼김치볶음밥q1/side_볶음밥류_낮고큰파스타볼_김치볶음밥_Q1_00010.JPG</path>
	<source>
		<database>fooddata</database>
	</source>
	<size>
		<width>5472</width>
		<height>3648</height>
		<depth>3</depth>
	</size>
	<object>
		<name>ref_spoon</name>
		<bndbox>
			<xmin>3923</xmin>
			<ymin>653</ymin>
			<xmax>4414</xmax>
			<ymax>1356</ymax>
		</bndbox>
	</object>
	<object>
		<name>ref_fork</name>
		<bndbox>
			<xmin>4672</xmin>
			<ymin>608</ymin>
			<xmax>5033</xmax>
			<ymax>1414</ymax>
		</bndbox>
	</object>
	<object>
		<name>ref_coin</name>
		<bndbox>
			<xmin>136</xmin>
			<ymin>1827</ymin>
			<xmax>548</xmax>
			<ymax>2111</ymax>
		</bndbox>
	</object>
	<object>
		<name>dish</name>
		<bndbox>
			<xmin>774</xmin>
			<ymin>201</ymin>
			<xmax>3768</xmax>
			<ymax>2260</ymax>
		</bndbox>
	</object>
	<object>
		<name>김치볶음밥</name>
		<bndbox>
			<xmin>1897</xmin>
			<ymin>1214</ymin>
			<xmax>3084</xmax>
			<ymax>2111</ymax>
		</bndbox>
	</object>
</annotation>