<annotation>
	<folder>side볶음밥류낮고큰파스타볼김치볶음밥q1</folder>
	<filename>side_볶음밥류_낮고큰파스타볼_김치볶음밥_Q1_00055.JPG</filename>
	<path>/side볶음밥류낮고큰파스타볼김치볶음밥q1/side_볶음밥류_낮고큰파스타볼_김치볶음밥_Q1_00055.JPG</path>
	<source>
		<database>fooddata</database>
	</source>
	<size>
		<width>5472</width>
		<height>3648</height>
		<depth>3</depth>
	</size>
	<object>
		<name>ref_spoon</name>
		<bndbox>
			<xmin>361</xmin>
			<ymin>1447</ymin>
			<xmax>916</xmax>
			<ymax>2221</ymax>
		</bndbox>
	</object>
	<object>
		<name>ref_fork</name>
		<bndbox>
			<xmin>1200</xmin>
			<ymin>1453</ymin>
			<xmax>1574</xmax>
			<ymax>2318</ymax>
		</bndbox>
	</object>
	<object>
		<name>ref_coin</name>
		<bndbox>
			<xmin>3639</xmin>
			<ymin>421</ymin>
			<xmax>3988</xmax>
			<ymax>646</ymax>
		</bndbox>
	</object>
	<object>
		<name>dish</name>
		<bndbox>
			<xmin>1749</xmin>
			<ymin>782</ymin>
			<xmax>4936</xmax>
			<ymax>2976</ymax>
		</bndbox>
	</object>
	<object>
		<name>김치볶음밥</name>
		<bndbox>
			<xmin>2478</xmin>
			<ymin>1382</ymin>
			<xmax>4020</xmax>
			<ymax>2673</ymax>
		</bndbox>
	</object>
</annotation>