<annotation>
	<folder>side볶음밥류낮고큰파스타볼김치볶음밥q1</folder>
	<filename>side_볶음밥류_낮고큰파스타볼_김치볶음밥_Q1_00044.JPG</filename>
	<path>/side볶음밥류낮고큰파스타볼김치볶음밥q1/side_볶음밥류_낮고큰파스타볼_김치볶음밥_Q1_00044.JPG</path>
	<source>
		<database>fooddata</database>
	</source>
	<size>
		<width>5472</width>
		<height>3648</height>
		<depth>3</depth>
	</size>
	<object>
		<name>ref_spoon</name>
		<bndbox>
			<xmin>387</xmin>
			<ymin>1847</ymin>
			<xmax>923</xmax>
			<ymax>2621</ymax>
		</bndbox>
	</object>
	<object>
		<name>ref_fork</name>
		<bndbox>
			<xmin>1220</xmin>
			<ymin>1827</ymin>
			<xmax>1587</xmax>
			<ymax>2685</ymax>
		</bndbox>
	</object>
	<object>
		<name>ref_coin</name>
		<bndbox>
			<xmin>981</xmin>
			<ymin>1156</ymin>
			<xmax>1336</xmax>
			<ymax>1408</ymax>
		</bndbox>
	</object>
	<object>
		<name>dish</name>
		<bndbox>
			<xmin>1755</xmin>
			<ymin>1085</ymin>
			<xmax>4975</xmax>
			<ymax>3318</ymax>
		</bndbox>
	</object>
	<object>
		<name>김치볶음밥</name>
		<bndbox>
			<xmin>2594</xmin>
			<ymin>1892</ymin>
			<xmax>3988</xmax>
			<ymax>3118</ymax>
		</bndbox>
	</object>
</annotation>