<annotation>
	<folder>side볶음밥류낮고큰파스타볼김치볶음밥q1</folder>
	<filename>side_볶음밥류_낮고큰파스타볼_김치볶음밥_Q1_00006.JPG</filename>
	<path>/side볶음밥류낮고큰파스타볼김치볶음밥q1/side_볶음밥류_낮고큰파스타볼_김치볶음밥_Q1_00006.JPG</path>
	<source>
		<database>fooddata</database>
	</source>
	<size>
		<width>5472</width>
		<height>3648</height>
		<depth>3</depth>
	</size>
	<object>
		<name>ref_spoon</name>
		<bndbox>
			<xmin>3891</xmin>
			<ymin>608</ymin>
			<xmax>4381</xmax>
			<ymax>1330</ymax>
		</bndbox>
	</object>
	<object>
		<name>ref_fork</name>
		<bndbox>
			<xmin>4633</xmin>
			<ymin>575</ymin>
			<xmax>5001</xmax>
			<ymax>1350</ymax>
		</bndbox>
	</object>
	<object>
		<name>ref_coin</name>
		<bndbox>
			<xmin>1562</xmin>
			<ymin>2982</ymin>
			<xmax>1981</xmax>
			<ymax>3331</ymax>
		</bndbox>
	</object>
	<object>
		<name>dish</name>
		<bndbox>
			<xmin>684</xmin>
			<ymin>233</ymin>
			<xmax>3672</xmax>
			<ymax>2285</ymax>
		</bndbox>
	</object>
	<object>
		<name>김치볶음밥</name>
		<bndbox>
			<xmin>1710</xmin>
			<ymin>846</ymin>
			<xmax>2962</xmax>
			<ymax>1847</ymax>
		</bndbox>
	</object>
</annotation>