<annotation>
	<folder>side볶음밥류낮고큰파스타볼김치볶음밥q1</folder>
	<filename>side_볶음밥류_낮고큰파스타볼_김치볶음밥_Q1_00019.JPG</filename>
	<path>/side볶음밥류낮고큰파스타볼김치볶음밥q1/side_볶음밥류_낮고큰파스타볼_김치볶음밥_Q1_00019.JPG</path>
	<source>
		<database>fooddata</database>
	</source>
	<size>
		<width>5472</width>
		<height>3648</height>
		<depth>3</depth>
	</size>
	<object>
		<name>ref_spoon</name>
		<bndbox>
			<xmin>1200</xmin>
			<ymin>2782</ymin>
			<xmax>2078</xmax>
			<ymax>3260</ymax>
		</bndbox>
	</object>
	<object>
		<name>ref_fork</name>
		<bndbox>
			<xmin>1265</xmin>
			<ymin>2298</ymin>
			<xmax>2233</xmax>
			<ymax>2692</ymax>
		</bndbox>
	</object>
	<object>
		<name>ref_coin</name>
		<bndbox>
			<xmin>4104</xmin>
			<ymin>743</ymin>
			<xmax>4452</xmax>
			<ymax>995</ymax>
		</bndbox>
	</object>
	<object>
		<name>dish</name>
		<bndbox>
			<xmin>1194</xmin>
			<ymin>111</ymin>
			<xmax>4059</xmax>
			<ymax>2092</ymax>
		</bndbox>
	</object>
	<object>
		<name>김치볶음밥</name>
		<bndbox>
			<xmin>2323</xmin>
			<ymin>575</ymin>
			<xmax>3401</xmax>
			<ymax>1795</ymax>
		</bndbox>
	</object>
</annotation>