<annotation>
	<folder>side볶음밥류낮고큰파스타볼김치볶음밥q1</folder>
	<filename>side_볶음밥류_낮고큰파스타볼_김치볶음밥_Q1_00038.JPG</filename>
	<path>/side볶음밥류낮고큰파스타볼김치볶음밥q1/side_볶음밥류_낮고큰파스타볼_김치볶음밥_Q1_00038.JPG</path>
	<source>
		<database>fooddata</database>
	</source>
	<size>
		<width>5472</width>
		<height>3648</height>
		<depth>3</depth>
	</size>
	<object>
		<name>ref_spoon</name>
		<bndbox>
			<xmin>607</xmin>
			<ymin>1279</ymin>
			<xmax>1091</xmax>
			<ymax>2001</ymax>
		</bndbox>
	</object>
	<object>
		<name>ref_fork</name>
		<bndbox>
			<xmin>1355</xmin>
			<ymin>1279</ymin>
			<xmax>1684</xmax>
			<ymax>2047</ymax>
		</bndbox>
	</object>
	<object>
		<name>ref_coin</name>
		<bndbox>
			<xmin>4891</xmin>
			<ymin>1163</ymin>
			<xmax>5253</xmax>
			<ymax>1408</ymax>
		</bndbox>
	</object>
	<object>
		<name>dish</name>
		<bndbox>
			<xmin>1839</xmin>
			<ymin>646</ymin>
			<xmax>4730</xmax>
			<ymax>2647</ymax>
		</bndbox>
	</object>
	<object>
		<name>김치볶음밥</name>
		<bndbox>
			<xmin>2775</xmin>
			<ymin>1305</ymin>
			<xmax>3827</xmax>
			<ymax>2492</ymax>
		</bndbox>
	</object>
</annotation>