<annotation>
	<folder>side볶음밥류낮고큰파스타볼김치볶음밥q1</folder>
	<filename>side_볶음밥류_낮고큰파스타볼_김치볶음밥_Q1_00017.JPG</filename>
	<path>/side볶음밥류낮고큰파스타볼김치볶음밥q1/side_볶음밥류_낮고큰파스타볼_김치볶음밥_Q1_00017.JPG</path>
	<source>
		<database>fooddata</database>
	</source>
	<size>
		<width>5472</width>
		<height>3648</height>
		<depth>3</depth>
	</size>
	<object>
		<name>ref_spoon</name>
		<bndbox>
			<xmin>1303</xmin>
			<ymin>2937</ymin>
			<xmax>2220</xmax>
			<ymax>3408</ymax>
		</bndbox>
	</object>
	<object>
		<name>ref_fork</name>
		<bndbox>
			<xmin>1362</xmin>
			<ymin>2453</ymin>
			<xmax>2317</xmax>
			<ymax>2847</ymax>
		</bndbox>
	</object>
	<object>
		<name>ref_coin</name>
		<bndbox>
			<xmin>4246</xmin>
			<ymin>1763</ymin>
			<xmax>4627</xmax>
			<ymax>2034</ymax>
		</bndbox>
	</object>
	<object>
		<name>dish</name>
		<bndbox>
			<xmin>1278</xmin>
			<ymin>291</ymin>
			<xmax>4117</xmax>
			<ymax>2221</ymax>
		</bndbox>
	</object>
	<object>
		<name>김치볶음밥</name>
		<bndbox>
			<xmin>2026</xmin>
			<ymin>788</ymin>
			<xmax>3355</xmax>
			<ymax>1737</ymax>
		</bndbox>
	</object>
</annotation>