<annotation>
	<folder>side볶음밥류낮고큰파스타볼김치볶음밥q1</folder>
	<filename>side_볶음밥류_낮고큰파스타볼_김치볶음밥_Q1_00028.JPG</filename>
	<path>/side볶음밥류낮고큰파스타볼김치볶음밥q1/side_볶음밥류_낮고큰파스타볼_김치볶음밥_Q1_00028.JPG</path>
	<source>
		<database>fooddata</database>
	</source>
	<size>
		<width>5472</width>
		<height>3648</height>
		<depth>3</depth>
	</size>
	<object>
		<name>ref_spoon</name>
		<bndbox>
			<xmin>923</xmin>
			<ymin>937</ymin>
			<xmax>1400</xmax>
			<ymax>1608</ymax>
		</bndbox>
	</object>
	<object>
		<name>ref_fork</name>
		<bndbox>
			<xmin>1652</xmin>
			<ymin>917</ymin>
			<xmax>1987</xmax>
			<ymax>1692</ymax>
		</bndbox>
	</object>
	<object>
		<name>ref_coin</name>
		<bndbox>
			<xmin>3181</xmin>
			<ymin>2782</ymin>
			<xmax>3581</xmax>
			<ymax>3111</ymax>
		</bndbox>
	</object>
	<object>
		<name>dish</name>
		<bndbox>
			<xmin>2142</xmin>
			<ymin>272</ymin>
			<xmax>5027</xmax>
			<ymax>2266</ymax>
		</bndbox>
	</object>
	<object>
		<name>김치볶음밥</name>
		<bndbox>
			<xmin>3026</xmin>
			<ymin>917</ymin>
			<xmax>4278</xmax>
			<ymax>1840</ymax>
		</bndbox>
	</object>
</annotation>