<annotation>
	<folder>top볶음밥류낮고큰파스타볼김치볶음밥q1</folder>
	<filename>top_볶음밥류_낮고큰파스타볼_김치볶음밥_Q1_00031.JPG</filename>
	<path>/top볶음밥류낮고큰파스타볼김치볶음밥q1/top_볶음밥류_낮고큰파스타볼_김치볶음밥_Q1_00031.JPG</path>
	<source>
		<database>fooddata</database>
	</source>
	<size>
		<width>5472</width>
		<height>3648</height>
		<depth>3</depth>
	</size>
	<object>
		<name>ref_spoon</name>
		<bndbox>
			<xmin>1021</xmin>
			<ymin>694</ymin>
			<xmax>1473</xmax>
			<ymax>1403</ymax>
		</bndbox>
	</object>
	<object>
		<name>ref_fork</name>
		<bndbox>
			<xmin>1582</xmin>
			<ymin>764</ymin>
			<xmax>1886</xmax>
			<ymax>1520</ymax>
		</bndbox>
	</object>
	<object>
		<name>ref_coin</name>
		<bndbox>
			<xmin>3515</xmin>
			<ymin>2923</ymin>
			<xmax>3851</xmax>
			<ymax>3266</ymax>
		</bndbox>
	</object>
	<object>
		<name>dish</name>
		<bndbox>
			<xmin>1894</xmin>
			<ymin>187</ymin>
			<xmax>4552</xmax>
			<ymax>2791</ymax>
		</bndbox>
	</object>
	<object>
		<name>김치볶음밥</name>
		<bndbox>
			<xmin>2440</xmin>
			<ymin>873</ymin>
			<xmax>3625</xmax>
			<ymax>2206</ymax>
		</bndbox>
	</object>
</annotation>