<annotation>
	<folder>top볶음밥류낮고큰파스타볼김치볶음밥q1</folder>
	<filename>top_볶음밥류_낮고큰파스타볼_김치볶음밥_Q1_00027.JPG</filename>
	<path>/top볶음밥류낮고큰파스타볼김치볶음밥q1/top_볶음밥류_낮고큰파스타볼_김치볶음밥_Q1_00027.JPG</path>
	<source>
		<database>fooddata</database>
	</source>
	<size>
		<width>5472</width>
		<height>3648</height>
		<depth>3</depth>
	</size>
	<object>
		<name>ref_spoon</name>
		<bndbox>
			<xmin>1068</xmin>
			<ymin>803</ymin>
			<xmax>1528</xmax>
			<ymax>1543</ymax>
		</bndbox>
	</object>
	<object>
		<name>ref_fork</name>
		<bndbox>
			<xmin>1629</xmin>
			<ymin>889</ymin>
			<xmax>1941</xmax>
			<ymax>1668</ymax>
		</bndbox>
	</object>
	<object>
		<name>ref_coin</name>
		<bndbox>
			<xmin>4747</xmin>
			<ymin>1949</ymin>
			<xmax>5082</xmax>
			<ymax>2276</ymax>
		</bndbox>
	</object>
	<object>
		<name>dish</name>
		<bndbox>
			<xmin>2027</xmin>
			<ymin>226</ymin>
			<xmax>4755</xmax>
			<ymax>2915</ymax>
		</bndbox>
	</object>
	<object>
		<name>김치볶음밥</name>
		<bndbox>
			<xmin>2611</xmin>
			<ymin>1130</ymin>
			<xmax>4038</xmax>
			<ymax>2409</ymax>
		</bndbox>
	</object>
</annotation>