<annotation>
	<folder>top볶음밥류낮고큰파스타볼김치볶음밥q1</folder>
	<filename>top_볶음밥류_낮고큰파스타볼_김치볶음밥_Q1_00005.JPG</filename>
	<path>/top볶음밥류낮고큰파스타볼김치볶음밥q1/top_볶음밥류_낮고큰파스타볼_김치볶음밥_Q1_00005.JPG</path>
	<source>
		<database>fooddata</database>
	</source>
	<size>
		<width>5472</width>
		<height>3648</height>
		<depth>3</depth>
	</size>
	<object>
		<name>ref_spoon</name>
		<bndbox>
			<xmin>3897</xmin>
			<ymin>218</ymin>
			<xmax>4357</xmax>
			<ymax>1006</ymax>
		</bndbox>
	</object>
	<object>
		<name>ref_fork</name>
		<bndbox>
			<xmin>4685</xmin>
			<ymin>218</ymin>
			<xmax>5020</xmax>
			<ymax>1068</ymax>
		</bndbox>
	</object>
	<object>
		<name>ref_coin</name>
		<bndbox>
			<xmin>1473</xmin>
			<ymin>2978</ymin>
			<xmax>1816</xmax>
			<ymax>3344</ymax>
		</bndbox>
	</object>
	<object>
		<name>dish</name>
		<bndbox>
			<xmin>1216</xmin>
			<ymin>296</ymin>
			<xmax>4123</xmax>
			<ymax>3219</ymax>
		</bndbox>
	</object>
	<object>
		<name>김치볶음밥</name>
		<bndbox>
			<xmin>1918</xmin>
			<ymin>1060</ymin>
			<xmax>2978</xmax>
			<ymax>2455</ymax>
		</bndbox>
	</object>
</annotation>