<annotation>
	<folder>top볶음밥류낮고큰파스타볼김치볶음밥q1</folder>
	<filename>top_볶음밥류_낮고큰파스타볼_김치볶음밥_Q1_00016.JPG</filename>
	<path>/top볶음밥류낮고큰파스타볼김치볶음밥q1/top_볶음밥류_낮고큰파스타볼_김치볶음밥_Q1_00016.JPG</path>
	<source>
		<database>fooddata</database>
	</source>
	<size>
		<width>5472</width>
		<height>3648</height>
		<depth>3</depth>
	</size>
	<object>
		<name>ref_spoon</name>
		<bndbox>
			<xmin>1980</xmin>
			<ymin>2970</ymin>
			<xmax>2674</xmax>
			<ymax>3414</ymax>
		</bndbox>
	</object>
	<object>
		<name>ref_fork</name>
		<bndbox>
			<xmin>2066</xmin>
			<ymin>2518</ymin>
			<xmax>2806</xmax>
			<ymax>2814</ymax>
		</bndbox>
	</object>
	<object>
		<name>ref_coin</name>
		<bndbox>
			<xmin>2112</xmin>
			<ymin>351</ymin>
			<xmax>2401</xmax>
			<ymax>624</ymax>
		</bndbox>
	</object>
	<object>
		<name>dish</name>
		<bndbox>
			<xmin>2198</xmin>
			<ymin>273</ymin>
			<xmax>4607</xmax>
			<ymax>2627</ymax>
		</bndbox>
	</object>
	<object>
		<name>김치볶음밥</name>
		<bndbox>
			<xmin>2736</xmin>
			<ymin>1286</ymin>
			<xmax>3773</xmax>
			<ymax>2120</ymax>
		</bndbox>
	</object>
</annotation>