<annotation>
	<folder>top볶음밥류낮고큰파스타볼김치볶음밥q1</folder>
	<filename>top_볶음밥류_낮고큰파스타볼_김치볶음밥_Q1_00051.JPG</filename>
	<path>/top볶음밥류낮고큰파스타볼김치볶음밥q1/top_볶음밥류_낮고큰파스타볼_김치볶음밥_Q1_00051.JPG</path>
	<source>
		<database>fooddata</database>
	</source>
	<size>
		<width>5472</width>
		<height>3648</height>
		<depth>3</depth>
	</size>
	<object>
		<name>ref_spoon</name>
		<bndbox>
			<xmin>1052</xmin>
			<ymin>1130</ymin>
			<xmax>1528</xmax>
			<ymax>1871</ymax>
		</bndbox>
	</object>
	<object>
		<name>ref_fork</name>
		<bndbox>
			<xmin>1637</xmin>
			<ymin>1216</ymin>
			<xmax>1949</xmax>
			<ymax>2003</ymax>
		</bndbox>
	</object>
	<object>
		<name>ref_coin</name>
		<bndbox>
			<xmin>4053</xmin>
			<ymin>343</ymin>
			<xmax>4389</xmax>
			<ymax>655</ymax>
		</bndbox>
	</object>
	<object>
		<name>dish</name>
		<bndbox>
			<xmin>1941</xmin>
			<ymin>663</ymin>
			<xmax>4786</xmax>
			<ymax>3492</ymax>
		</bndbox>
	</object>
	<object>
		<name>김치볶음밥</name>
		<bndbox>
			<xmin>2448</xmin>
			<ymin>1559</ymin>
			<xmax>3819</xmax>
			<ymax>2681</ymax>
		</bndbox>
	</object>
</annotation>