<annotation>
	<folder>top볶음밥류낮고큰파스타볼김치볶음밥q1</folder>
	<filename>top_볶음밥류_낮고큰파스타볼_김치볶음밥_Q1_00052.JPG</filename>
	<path>/top볶음밥류낮고큰파스타볼김치볶음밥q1/top_볶음밥류_낮고큰파스타볼_김치볶음밥_Q1_00052.JPG</path>
	<source>
		<database>fooddata</database>
	</source>
	<size>
		<width>5472</width>
		<height>3648</height>
		<depth>3</depth>
	</size>
	<object>
		<name>ref_spoon</name>
		<bndbox>
			<xmin>1052</xmin>
			<ymin>1193</ymin>
			<xmax>1504</xmax>
			<ymax>1910</ymax>
		</bndbox>
	</object>
	<object>
		<name>ref_fork</name>
		<bndbox>
			<xmin>1606</xmin>
			<ymin>1271</ymin>
			<xmax>1894</xmax>
			<ymax>2003</ymax>
		</bndbox>
	</object>
	<object>
		<name>ref_coin</name>
		<bndbox>
			<xmin>3235</xmin>
			<ymin>281</ymin>
			<xmax>3531</xmax>
			<ymax>577</ymax>
		</bndbox>
	</object>
	<object>
		<name>dish</name>
		<bndbox>
			<xmin>1910</xmin>
			<ymin>748</ymin>
			<xmax>4498</xmax>
			<ymax>3344</ymax>
		</bndbox>
	</object>
	<object>
		<name>김치볶음밥</name>
		<bndbox>
			<xmin>2619</xmin>
			<ymin>1536</ymin>
			<xmax>3617</xmax>
			<ymax>2791</ymax>
		</bndbox>
	</object>
</annotation>