<annotation>
	<folder>top볶음밥류낮고큰파스타볼김치볶음밥q1</folder>
	<filename>top_볶음밥류_낮고큰파스타볼_김치볶음밥_Q1_00041.JPG</filename>
	<path>/top볶음밥류낮고큰파스타볼김치볶음밥q1/top_볶음밥류_낮고큰파스타볼_김치볶음밥_Q1_00041.JPG</path>
	<source>
		<database>fooddata</database>
	</source>
	<size>
		<width>5472</width>
		<height>3648</height>
		<depth>3</depth>
	</size>
	<object>
		<name>ref_spoon</name>
		<bndbox>
			<xmin>779</xmin>
			<ymin>998</ymin>
			<xmax>1286</xmax>
			<ymax>1785</ymax>
		</bndbox>
	</object>
	<object>
		<name>ref_fork</name>
		<bndbox>
			<xmin>1419</xmin>
			<ymin>1076</ymin>
			<xmax>1754</xmax>
			<ymax>1910</ymax>
		</bndbox>
	</object>
	<object>
		<name>ref_coin</name>
		<bndbox>
			<xmin>3391</xmin>
			<ymin>94</ymin>
			<xmax>3710</xmax>
			<ymax>421</ymax>
		</bndbox>
	</object>
	<object>
		<name>dish</name>
		<bndbox>
			<xmin>1777</xmin>
			<ymin>429</ymin>
			<xmax>4778</xmax>
			<ymax>3406</ymax>
		</bndbox>
	</object>
	<object>
		<name>김치볶음밥</name>
		<bndbox>
			<xmin>2377</xmin>
			<ymin>1395</ymin>
			<xmax>3773</xmax>
			<ymax>2767</ymax>
		</bndbox>
	</object>
</annotation>