<annotation>
	<folder>top볶음밥류낮고큰파스타볼김치볶음밥q1</folder>
	<filename>top_볶음밥류_낮고큰파스타볼_김치볶음밥_Q1_00026.JPG</filename>
	<path>/top볶음밥류낮고큰파스타볼김치볶음밥q1/top_볶음밥류_낮고큰파스타볼_김치볶음밥_Q1_00026.JPG</path>
	<source>
		<database>fooddata</database>
	</source>
	<size>
		<width>5472</width>
		<height>3648</height>
		<depth>3</depth>
	</size>
	<object>
		<name>ref_spoon</name>
		<bndbox>
			<xmin>1029</xmin>
			<ymin>811</ymin>
			<xmax>1489</xmax>
			<ymax>1528</ymax>
		</bndbox>
	</object>
	<object>
		<name>ref_fork</name>
		<bndbox>
			<xmin>1598</xmin>
			<ymin>889</ymin>
			<xmax>1886</xmax>
			<ymax>1668</ymax>
		</bndbox>
	</object>
	<object>
		<name>ref_coin</name>
		<bndbox>
			<xmin>4451</xmin>
			<ymin>2307</ymin>
			<xmax>4786</xmax>
			<ymax>2635</ymax>
		</bndbox>
	</object>
	<object>
		<name>dish</name>
		<bndbox>
			<xmin>1995</xmin>
			<ymin>249</ymin>
			<xmax>4708</xmax>
			<ymax>2931</ymax>
		</bndbox>
	</object>
	<object>
		<name>김치볶음밥</name>
		<bndbox>
			<xmin>2572</xmin>
			<ymin>1169</ymin>
			<xmax>3991</xmax>
			<ymax>2424</ymax>
		</bndbox>
	</object>
</annotation>