<annotation>
	<folder>side파스타류낮고큰파스타볼크림소스스파게티q4</folder>
	<filename>side_파스타류_낮고큰파스타볼_크림소스스파게티_Q4_00046.JPG</filename>
	<path>/side파스타류낮고큰파스타볼크림소스스파게티q4/side_파스타류_낮고큰파스타볼_크림소스스파게티_Q4_00046.JPG</path>
	<source>
		<database>fooddata</database>
	</source>
	<size>
		<width>5472</width>
		<height>3648</height>
		<depth>3</depth>
	</size>
	<object>
		<name>ref_spoon</name>
		<bndbox>
			<xmin>398</xmin>
			<ymin>1068</ymin>
			<xmax>889</xmax>
			<ymax>1801</ymax>
		</bndbox>
	</object>
	<object>
		<name>ref_fork</name>
		<bndbox>
			<xmin>1037</xmin>
			<ymin>1099</ymin>
			<xmax>1395</xmax>
			<ymax>1980</ymax>
		</bndbox>
	</object>
	<object>
		<name>ref_coin</name>
		<bndbox>
			<xmin>4848</xmin>
			<ymin>1458</ymin>
			<xmax>5223</xmax>
			<ymax>1746</ymax>
		</bndbox>
	</object>
	<object>
		<name>dish</name>
		<bndbox>
			<xmin>1473</xmin>
			<ymin>577</ymin>
			<xmax>4560</xmax>
			<ymax>2759</ymax>
		</bndbox>
	</object>
	<object>
		<name>크림소스스파게티</name>
		<bndbox>
			<xmin>2206</xmin>
			<ymin>998</ymin>
			<xmax>4155</xmax>
			<ymax>2596</ymax>
		</bndbox>
	</object>
</annotation>