<annotation>
	<folder>side파스타류낮고큰파스타볼크림소스스파게티q4</folder>
	<filename>side_파스타류_낮고큰파스타볼_크림소스스파게티_Q4_00013.JPG</filename>
	<path>/side파스타류낮고큰파스타볼크림소스스파게티q4/side_파스타류_낮고큰파스타볼_크림소스스파게티_Q4_00013.JPG</path>
	<source>
		<database>fooddata</database>
	</source>
	<size>
		<width>5472</width>
		<height>3648</height>
		<depth>3</depth>
	</size>
	<object>
		<name>ref_spoon</name>
		<bndbox>
			<xmin>1341</xmin>
			<ymin>2993</ymin>
			<xmax>2136</xmax>
			<ymax>3469</ymax>
		</bndbox>
	</object>
	<object>
		<name>ref_fork</name>
		<bndbox>
			<xmin>1450</xmin>
			<ymin>2541</ymin>
			<xmax>2338</xmax>
			<ymax>2923</ymax>
		</bndbox>
	</object>
	<object>
		<name>ref_coin</name>
		<bndbox>
			<xmin>4194</xmin>
			<ymin>1995</ymin>
			<xmax>4537</xmax>
			<ymax>2268</ymax>
		</bndbox>
	</object>
	<object>
		<name>dish</name>
		<bndbox>
			<xmin>1543</xmin>
			<ymin>203</ymin>
			<xmax>4233</xmax>
			<ymax>2112</ymax>
		</bndbox>
	</object>
	<object>
		<name>크림소스스파게티</name>
		<bndbox>
			<xmin>2183</xmin>
			<ymin>624</ymin>
			<xmax>3703</xmax>
			<ymax>1855</ymax>
		</bndbox>
	</object>
</annotation>