<annotation>
	<folder>side파스타류낮고큰파스타볼크림소스스파게티q4</folder>
	<filename>side_파스타류_낮고큰파스타볼_크림소스스파게티_Q4_00052.JPG</filename>
	<path>/side파스타류낮고큰파스타볼크림소스스파게티q4/side_파스타류_낮고큰파스타볼_크림소스스파게티_Q4_00052.JPG</path>
	<source>
		<database>fooddata</database>
	</source>
	<size>
		<width>5472</width>
		<height>3648</height>
		<depth>3</depth>
	</size>
	<object>
		<name>ref_spoon</name>
		<bndbox>
			<xmin>460</xmin>
			<ymin>678</ymin>
			<xmax>974</xmax>
			<ymax>1419</ymax>
		</bndbox>
	</object>
	<object>
		<name>ref_fork</name>
		<bndbox>
			<xmin>1083</xmin>
			<ymin>725</ymin>
			<xmax>1458</xmax>
			<ymax>1497</ymax>
		</bndbox>
	</object>
	<object>
		<name>ref_coin</name>
		<bndbox>
			<xmin>2338</xmin>
			<ymin>3009</ymin>
			<xmax>2759</xmax>
			<ymax>3352</ymax>
		</bndbox>
	</object>
	<object>
		<name>dish</name>
		<bndbox>
			<xmin>1528</xmin>
			<ymin>195</ymin>
			<xmax>4513</xmax>
			<ymax>2315</ymax>
		</bndbox>
	</object>
	<object>
		<name>크림소스스파게티</name>
		<bndbox>
			<xmin>2175</xmin>
			<ymin>585</ymin>
			<xmax>4030</xmax>
			<ymax>2190</ymax>
		</bndbox>
	</object>
</annotation>