<annotation>
	<folder>side파스타류낮고큰파스타볼크림소스스파게티q4</folder>
	<filename>side_파스타류_낮고큰파스타볼_크림소스스파게티_Q4_00054.JPG</filename>
	<path>/side파스타류낮고큰파스타볼크림소스스파게티q4/side_파스타류_낮고큰파스타볼_크림소스스파게티_Q4_00054.JPG</path>
	<source>
		<database>fooddata</database>
	</source>
	<size>
		<width>5472</width>
		<height>3648</height>
		<depth>3</depth>
	</size>
	<object>
		<name>ref_spoon</name>
		<bndbox>
			<xmin>647</xmin>
			<ymin>756</ymin>
			<xmax>1146</xmax>
			<ymax>1442</ymax>
		</bndbox>
	</object>
	<object>
		<name>ref_fork</name>
		<bndbox>
			<xmin>1263</xmin>
			<ymin>772</ymin>
			<xmax>1614</xmax>
			<ymax>1621</ymax>
		</bndbox>
	</object>
	<object>
		<name>ref_coin</name>
		<bndbox>
			<xmin>3578</xmin>
			<ymin>3024</ymin>
			<xmax>3960</xmax>
			<ymax>3375</ymax>
		</bndbox>
	</object>
	<object>
		<name>dish</name>
		<bndbox>
			<xmin>1590</xmin>
			<ymin>210</ymin>
			<xmax>4552</xmax>
			<ymax>2346</ymax>
		</bndbox>
	</object>
	<object>
		<name>크림소스스파게티</name>
		<bndbox>
			<xmin>2019</xmin>
			<ymin>663</ymin>
			<xmax>3835</xmax>
			<ymax>2159</ymax>
		</bndbox>
	</object>
</annotation>