<annotation>
	<folder>side파스타류낮고큰파스타볼크림소스스파게티q4</folder>
	<filename>side_파스타류_낮고큰파스타볼_크림소스스파게티_Q4_00034.JPG</filename>
	<path>/side파스타류낮고큰파스타볼크림소스스파게티q4/side_파스타류_낮고큰파스타볼_크림소스스파게티_Q4_00034.JPG</path>
	<source>
		<database>fooddata</database>
	</source>
	<size>
		<width>5472</width>
		<height>3648</height>
		<depth>3</depth>
	</size>
	<object>
		<name>ref_spoon</name>
		<bndbox>
			<xmin>429</xmin>
			<ymin>811</ymin>
			<xmax>959</xmax>
			<ymax>1543</ymax>
		</bndbox>
	</object>
	<object>
		<name>ref_fork</name>
		<bndbox>
			<xmin>1107</xmin>
			<ymin>873</ymin>
			<xmax>1465</xmax>
			<ymax>1660</ymax>
		</bndbox>
	</object>
	<object>
		<name>ref_coin</name>
		<bndbox>
			<xmin>4607</xmin>
			<ymin>2736</ymin>
			<xmax>5020</xmax>
			<ymax>3095</ymax>
		</bndbox>
	</object>
	<object>
		<name>dish</name>
		<bndbox>
			<xmin>1551</xmin>
			<ymin>296</ymin>
			<xmax>4638</xmax>
			<ymax>2487</ymax>
		</bndbox>
	</object>
	<object>
		<name>크림소스스파게티</name>
		<bndbox>
			<xmin>2027</xmin>
			<ymin>959</ymin>
			<xmax>3913</xmax>
			<ymax>2377</ymax>
		</bndbox>
	</object>
</annotation>