<annotation>
	<folder>side파스타류낮고큰파스타볼크림소스스파게티q4</folder>
	<filename>side_파스타류_낮고큰파스타볼_크림소스스파게티_Q4_00014.JPG</filename>
	<path>/side파스타류낮고큰파스타볼크림소스스파게티q4/side_파스타류_낮고큰파스타볼_크림소스스파게티_Q4_00014.JPG</path>
	<source>
		<database>fooddata</database>
	</source>
	<size>
		<width>5472</width>
		<height>3648</height>
		<depth>3</depth>
	</size>
	<object>
		<name>ref_spoon</name>
		<bndbox>
			<xmin>1310</xmin>
			<ymin>3009</ymin>
			<xmax>2112</xmax>
			<ymax>3477</ymax>
		</bndbox>
	</object>
	<object>
		<name>ref_fork</name>
		<bndbox>
			<xmin>1411</xmin>
			<ymin>2557</ymin>
			<xmax>2315</xmax>
			<ymax>2923</ymax>
		</bndbox>
	</object>
	<object>
		<name>ref_coin</name>
		<bndbox>
			<xmin>4381</xmin>
			<ymin>1730</ymin>
			<xmax>4693</xmax>
			<ymax>2003</ymax>
		</bndbox>
	</object>
	<object>
		<name>dish</name>
		<bndbox>
			<xmin>1497</xmin>
			<ymin>203</ymin>
			<xmax>4170</xmax>
			<ymax>2097</ymax>
		</bndbox>
	</object>
	<object>
		<name>크림소스스파게티</name>
		<bndbox>
			<xmin>2073</xmin>
			<ymin>655</ymin>
			<xmax>3773</xmax>
			<ymax>1941</ymax>
		</bndbox>
	</object>
</annotation>