<annotation>
	<folder>side파스타류낮고큰파스타볼크림소스스파게티q4</folder>
	<filename>side_파스타류_낮고큰파스타볼_크림소스스파게티_Q4_00016.JPG</filename>
	<path>/side파스타류낮고큰파스타볼크림소스스파게티q4/side_파스타류_낮고큰파스타볼_크림소스스파게티_Q4_00016.JPG</path>
	<source>
		<database>fooddata</database>
	</source>
	<size>
		<width>5472</width>
		<height>3648</height>
		<depth>3</depth>
	</size>
	<object>
		<name>ref_spoon</name>
		<bndbox>
			<xmin>1216</xmin>
			<ymin>2978</ymin>
			<xmax>2058</xmax>
			<ymax>3461</ymax>
		</bndbox>
	</object>
	<object>
		<name>ref_fork</name>
		<bndbox>
			<xmin>1349</xmin>
			<ymin>2541</ymin>
			<xmax>2245</xmax>
			<ymax>2907</ymax>
		</bndbox>
	</object>
	<object>
		<name>ref_coin</name>
		<bndbox>
			<xmin>4420</xmin>
			<ymin>1154</ymin>
			<xmax>4747</xmax>
			<ymax>1387</ymax>
		</bndbox>
	</object>
	<object>
		<name>dish</name>
		<bndbox>
			<xmin>1349</xmin>
			<ymin>210</ymin>
			<xmax>4053</xmax>
			<ymax>2097</ymax>
		</bndbox>
	</object>
	<object>
		<name>크림소스스파게티</name>
		<bndbox>
			<xmin>2073</xmin>
			<ymin>803</ymin>
			<xmax>3617</xmax>
			<ymax>1941</ymax>
		</bndbox>
	</object>
</annotation>