<annotation>
	<folder>side파스타류낮고큰파스타볼크림소스스파게티q4</folder>
	<filename>side_파스타류_낮고큰파스타볼_크림소스스파게티_Q4_00020.JPG</filename>
	<path>/side파스타류낮고큰파스타볼크림소스스파게티q4/side_파스타류_낮고큰파스타볼_크림소스스파게티_Q4_00020.JPG</path>
	<source>
		<database>fooddata</database>
	</source>
	<size>
		<width>5472</width>
		<height>3648</height>
		<depth>3</depth>
	</size>
	<object>
		<name>ref_spoon</name>
		<bndbox>
			<xmin>1216</xmin>
			<ymin>2970</ymin>
			<xmax>1941</xmax>
			<ymax>3414</ymax>
		</bndbox>
	</object>
	<object>
		<name>ref_fork</name>
		<bndbox>
			<xmin>1341</xmin>
			<ymin>2549</ymin>
			<xmax>2198</xmax>
			<ymax>2900</ymax>
		</bndbox>
	</object>
	<object>
		<name>ref_coin</name>
		<bndbox>
			<xmin>2385</xmin>
			<ymin>234</ymin>
			<xmax>2650</xmax>
			<ymax>398</ymax>
		</bndbox>
	</object>
	<object>
		<name>dish</name>
		<bndbox>
			<xmin>1528</xmin>
			<ymin>460</ymin>
			<xmax>4022</xmax>
			<ymax>2206</ymax>
		</bndbox>
	</object>
	<object>
		<name>크림소스스파게티</name>
		<bndbox>
			<xmin>1910</xmin>
			<ymin>1115</ymin>
			<xmax>3484</xmax>
			<ymax>2066</ymax>
		</bndbox>
	</object>
</annotation>