<annotation>
	<folder>top파스타류낮고큰파스타볼크림소스스파게티q4</folder>
	<filename>top_파스타류_낮고큰파스타볼_크림소스스파게티_Q4_00034.JPG</filename>
	<path>/top파스타류낮고큰파스타볼크림소스스파게티q4/top_파스타류_낮고큰파스타볼_크림소스스파게티_Q4_00034.JPG</path>
	<source>
		<database>fooddata</database>
	</source>
	<size>
		<width>5472</width>
		<height>3648</height>
		<depth>3</depth>
	</size>
	<object>
		<name>ref_spoon</name>
		<bndbox>
			<xmin>1436</xmin>
			<ymin>405</ymin>
			<xmax>1893</xmax>
			<ymax>1162</ymax>
		</bndbox>
	</object>
	<object>
		<name>ref_fork</name>
		<bndbox>
			<xmin>2093</xmin>
			<ymin>471</ymin>
			<xmax>2417</xmax>
			<ymax>1267</ymax>
		</bndbox>
	</object>
	<object>
		<name>ref_coin</name>
		<bndbox>
			<xmin>3188</xmin>
			<ymin>3162</ymin>
			<xmax>3541</xmax>
			<ymax>3515</ymax>
		</bndbox>
	</object>
	<object>
		<name>dish</name>
		<bndbox>
			<xmin>2469</xmin>
			<ymin>157</ymin>
			<xmax>5322</xmax>
			<ymax>2967</ymax>
		</bndbox>
	</object>
	<object>
		<name>크림소스스파게티</name>
		<bndbox>
			<xmin>2979</xmin>
			<ymin>800</ymin>
			<xmax>4679</xmax>
			<ymax>2334</ymax>
		</bndbox>
	</object>
</annotation>