<annotation>
	<folder>top파스타류낮고큰파스타볼크림소스스파게티q4</folder>
	<filename>top_파스타류_낮고큰파스타볼_크림소스스파게티_Q4_00028.JPG</filename>
	<path>/top파스타류낮고큰파스타볼크림소스스파게티q4/top_파스타류_낮고큰파스타볼_크림소스스파게티_Q4_00028.JPG</path>
	<source>
		<database>fooddata</database>
	</source>
	<size>
		<width>5472</width>
		<height>3648</height>
		<depth>3</depth>
	</size>
	<object>
		<name>ref_spoon</name>
		<bndbox>
			<xmin>2226</xmin>
			<ymin>2800</ymin>
			<xmax>2803</xmax>
			<ymax>3200</ymax>
		</bndbox>
	</object>
	<object>
		<name>ref_fork</name>
		<bndbox>
			<xmin>2265</xmin>
			<ymin>2443</ymin>
			<xmax>2898</xmax>
			<ymax>2734</ymax>
		</bndbox>
	</object>
	<object>
		<name>ref_coin</name>
		<bndbox>
			<xmin>4312</xmin>
			<ymin>2010</ymin>
			<xmax>4593</xmax>
			<ymax>2295</ymax>
		</bndbox>
	</object>
	<object>
		<name>dish</name>
		<bndbox>
			<xmin>2069</xmin>
			<ymin>210</ymin>
			<xmax>4389</xmax>
			<ymax>2505</ymax>
		</bndbox>
	</object>
	<object>
		<name>크림소스스파게티</name>
		<bndbox>
			<xmin>2365</xmin>
			<ymin>719</ymin>
			<xmax>3746</xmax>
			<ymax>2143</ymax>
		</bndbox>
	</object>
</annotation>