<annotation>
	<folder>top파스타류낮고큰파스타볼크림소스스파게티q4</folder>
	<filename>top_파스타류_낮고큰파스타볼_크림소스스파게티_Q4_00004.JPG</filename>
	<path>/top파스타류낮고큰파스타볼크림소스스파게티q4/top_파스타류_낮고큰파스타볼_크림소스스파게티_Q4_00004.JPG</path>
	<source>
		<database>fooddata</database>
	</source>
	<size>
		<width>5472</width>
		<height>3648</height>
		<depth>3</depth>
	</size>
	<object>
		<name>ref_spoon</name>
		<bndbox>
			<xmin>3993</xmin>
			<ymin>357</ymin>
			<xmax>4446</xmax>
			<ymax>1091</ymax>
		</bndbox>
	</object>
	<object>
		<name>ref_fork</name>
		<bndbox>
			<xmin>4574</xmin>
			<ymin>424</ymin>
			<xmax>4908</xmax>
			<ymax>1205</ymax>
		</bndbox>
	</object>
	<object>
		<name>ref_coin</name>
		<bndbox>
			<xmin>1703</xmin>
			<ymin>3105</ymin>
			<xmax>2045</xmax>
			<ymax>3458</ymax>
		</bndbox>
	</object>
	<object>
		<name>dish</name>
		<bndbox>
			<xmin>1264</xmin>
			<ymin>252</ymin>
			<xmax>4050</xmax>
			<ymax>3057</ymax>
		</bndbox>
	</object>
	<object>
		<name>크림소스스파게티</name>
		<bndbox>
			<xmin>1707</xmin>
			<ymin>800</ymin>
			<xmax>3541</xmax>
			<ymax>2315</ymax>
		</bndbox>
	</object>
</annotation>