<annotation>
	<folder>top파스타류낮고큰파스타볼크림소스스파게티q4</folder>
	<filename>top_파스타류_낮고큰파스타볼_크림소스스파게티_Q4_00012.JPG</filename>
	<path>/top파스타류낮고큰파스타볼크림소스스파게티q4/top_파스타류_낮고큰파스타볼_크림소스스파게티_Q4_00012.JPG</path>
	<source>
		<database>fooddata</database>
	</source>
	<size>
		<width>5472</width>
		<height>3648</height>
		<depth>3</depth>
	</size>
	<object>
		<name>ref_spoon</name>
		<bndbox>
			<xmin>3927</xmin>
			<ymin>171</ymin>
			<xmax>4403</xmax>
			<ymax>876</ymax>
		</bndbox>
	</object>
	<object>
		<name>ref_fork</name>
		<bndbox>
			<xmin>4546</xmin>
			<ymin>219</ymin>
			<xmax>4884</xmax>
			<ymax>1052</ymax>
		</bndbox>
	</object>
	<object>
		<name>ref_coin</name>
		<bndbox>
			<xmin>3279</xmin>
			<ymin>3038</ymin>
			<xmax>3641</xmax>
			<ymax>3405</ymax>
		</bndbox>
	</object>
	<object>
		<name>dish</name>
		<bndbox>
			<xmin>1074</xmin>
			<ymin>190</ymin>
			<xmax>4017</xmax>
			<ymax>3148</ymax>
		</bndbox>
	</object>
	<object>
		<name>크림소스스파게티</name>
		<bndbox>
			<xmin>1555</xmin>
			<ymin>924</ymin>
			<xmax>3398</xmax>
			<ymax>2705</ymax>
		</bndbox>
	</object>
</annotation>