<annotation>
	<folder>sideq3</folder>
	<filename>side_부침개류_사각배달_녹두빈대떡_Q3_00030.JPG</filename>
	<path>/side부침개류사각배달녹두빈대떡q3/side_부침개류_사각배달_녹두빈대떡_Q3_00030.JPG</path>
	<source>
		<database>fooddata</database>
	</source>
	<size>
		<width>3008</width>
		<height>2000</height>
		<depth>3</depth>
	</size>
	<object>
		<name>ref_spoon</name>
		<bndbox>
			<xmin>708</xmin>
			<ymin>1451</ymin>
			<xmax>1145</xmax>
			<ymax>1691</ymax>
		</bndbox>
	</object>
	<object>
		<name>ref_fork</name>
		<bndbox>
			<xmin>896</xmin>
			<ymin>1264</ymin>
			<xmax>1400</xmax>
			<ymax>1471</ymax>
		</bndbox>
	</object>
	<object>
		<name>ref_coin</name>
		<bndbox>
			<xmin>2377</xmin>
			<ymin>1361</ymin>
			<xmax>2581</xmax>
			<ymax>1516</ymax>
		</bndbox>
	</object>
	<object>
		<name>dish</name>
		<bndbox>
			<xmin>634</xmin>
			<ymin>216</ymin>
			<xmax>2125</xmax>
			<ymax>1070</ymax>
		</bndbox>
	</object>
	<object>
		<name>녹두빈대떡</name>
		<bndbox>
			<xmin>828</xmin>
			<ymin>484</ymin>
			<xmax>1779</xmax>
			<ymax>927</ymax>
		</bndbox>
	</object>
</annotation>