<annotation>
	<folder>sideq3</folder>
	<filename>side_부침개류_사각배달_녹두빈대떡_Q3_00024.JPG</filename>
	<path>/side부침개류사각배달녹두빈대떡q3/side_부침개류_사각배달_녹두빈대떡_Q3_00024.JPG</path>
	<source>
		<database>fooddata</database>
	</source>
	<size>
		<width>3008</width>
		<height>2000</height>
		<depth>3</depth>
	</size>
	<object>
		<name>ref_spoon</name>
		<bndbox>
			<xmin>579</xmin>
			<ymin>1636</ymin>
			<xmax>1029</xmax>
			<ymax>1868</ymax>
		</bndbox>
	</object>
	<object>
		<name>ref_fork</name>
		<bndbox>
			<xmin>757</xmin>
			<ymin>1383</ymin>
			<xmax>1239</xmax>
			<ymax>1590</ymax>
		</bndbox>
	</object>
	<object>
		<name>ref_coin</name>
		<bndbox>
			<xmin>1591</xmin>
			<ymin>1238</ymin>
			<xmax>1802</xmax>
			<ymax>1393</ymax>
		</bndbox>
	</object>
	<object>
		<name>dish</name>
		<bndbox>
			<xmin>715</xmin>
			<ymin>238</ymin>
			<xmax>2154</xmax>
			<ymax>1024</ymax>
		</bndbox>
	</object>
	<object>
		<name>녹두빈대떡</name>
		<bndbox>
			<xmin>1064</xmin>
			<ymin>487</ymin>
			<xmax>2015</xmax>
			<ymax>875</ymax>
		</bndbox>
	</object>
</annotation>