<annotation>
	<folder>sideq3</folder>
	<filename>side_부침개류_사각배달_녹두빈대떡_Q3_00015.JPG</filename>
	<path>/side부침개류사각배달녹두빈대떡q3/side_부침개류_사각배달_녹두빈대떡_Q3_00015.JPG</path>
	<source>
		<database>fooddata</database>
	</source>
	<size>
		<width>3008</width>
		<height>2000</height>
		<depth>3</depth>
	</size>
	<object>
		<name>ref_spoon</name>
		<bndbox>
			<xmin>2031</xmin>
			<ymin>309</ymin>
			<xmax>2313</xmax>
			<ymax>668</ymax>
		</bndbox>
	</object>
	<object>
		<name>ref_fork</name>
		<bndbox>
			<xmin>2445</xmin>
			<ymin>322</ymin>
			<xmax>2655</xmax>
			<ymax>740</ymax>
		</bndbox>
	</object>
	<object>
		<name>ref_coin</name>
		<bndbox>
			<xmin>1818</xmin>
			<ymin>1419</ymin>
			<xmax>2054</xmax>
			<ymax>1584</ymax>
		</bndbox>
	</object>
	<object>
		<name>dish</name>
		<bndbox>
			<xmin>320</xmin>
			<ymin>406</ymin>
			<xmax>1902</xmax>
			<ymax>1293</ymax>
		</bndbox>
	</object>
	<object>
		<name>녹두빈대떡</name>
		<bndbox>
			<xmin>841</xmin>
			<ymin>636</ymin>
			<xmax>1724</xmax>
			<ymax>1128</ymax>
		</bndbox>
	</object>
</annotation>