<annotation>
	<folder>sideq3</folder>
	<filename>side_부침개류_사각배달_녹두빈대떡_Q3_00018.JPG</filename>
	<path>/side부침개류사각배달녹두빈대떡q3/side_부침개류_사각배달_녹두빈대떡_Q3_00018.JPG</path>
	<source>
		<database>fooddata</database>
	</source>
	<size>
		<width>3008</width>
		<height>2000</height>
		<depth>3</depth>
	</size>
	<object>
		<name>ref_spoon</name>
		<bndbox>
			<xmin>440</xmin>
			<ymin>1542</ymin>
			<xmax>932</xmax>
			<ymax>1807</ymax>
		</bndbox>
	</object>
	<object>
		<name>ref_fork</name>
		<bndbox>
			<xmin>644</xmin>
			<ymin>1270</ymin>
			<xmax>1181</xmax>
			<ymax>1490</ymax>
		</bndbox>
	</object>
	<object>
		<name>ref_coin</name>
		<bndbox>
			<xmin>268</xmin>
			<ymin>1079</ymin>
			<xmax>495</xmax>
			<ymax>1247</ymax>
		</bndbox>
	</object>
	<object>
		<name>dish</name>
		<bndbox>
			<xmin>611</xmin>
			<ymin>293</ymin>
			<xmax>2203</xmax>
			<ymax>1089</ymax>
		</bndbox>
	</object>
	<object>
		<name>녹두빈대떡</name>
		<bndbox>
			<xmin>767</xmin>
			<ymin>516</ymin>
			<xmax>1815</xmax>
			<ymax>956</ymax>
		</bndbox>
	</object>
</annotation>