<annotation>
	<folder>sideq3</folder>
	<filename>side_부침개류_사각배달_녹두빈대떡_Q3_00005.JPG</filename>
	<path>/side부침개류사각배달녹두빈대떡q3/side_부침개류_사각배달_녹두빈대떡_Q3_00005.JPG</path>
	<source>
		<database>fooddata</database>
	</source>
	<size>
		<width>3008</width>
		<height>2000</height>
		<depth>3</depth>
	</size>
	<object>
		<name>ref_spoon</name>
		<bndbox>
			<xmin>2157</xmin>
			<ymin>406</ymin>
			<xmax>2465</xmax>
			<ymax>804</ymax>
		</bndbox>
	</object>
	<object>
		<name>ref_fork</name>
		<bndbox>
			<xmin>2610</xmin>
			<ymin>449</ymin>
			<xmax>2830</xmax>
			<ymax>908</ymax>
		</bndbox>
	</object>
	<object>
		<name>ref_coin</name>
		<bndbox>
			<xmin>479</xmin>
			<ymin>1509</ymin>
			<xmax>737</xmax>
			<ymax>1707</ymax>
		</bndbox>
	</object>
	<object>
		<name>dish</name>
		<bndbox>
			<xmin>356</xmin>
			<ymin>242</ymin>
			<xmax>2177</xmax>
			<ymax>1487</ymax>
		</bndbox>
	</object>
	<object>
		<name>녹두빈대떡</name>
		<bndbox>
			<xmin>951</xmin>
			<ymin>626</ymin>
			<xmax>1850</xmax>
			<ymax>1377</ymax>
		</bndbox>
	</object>
</annotation>