<annotation>
	<folder>sideq3</folder>
	<filename>side_부침개류_사각배달_녹두빈대떡_Q3_00037.JPG</filename>
	<path>/side부침개류사각배달녹두빈대떡q3/side_부침개류_사각배달_녹두빈대떡_Q3_00037.JPG</path>
	<source>
		<database>fooddata</database>
	</source>
	<size>
		<width>3008</width>
		<height>2000</height>
		<depth>3</depth>
	</size>
	<object>
		<name>ref_spoon</name>
		<bndbox>
			<xmin>314</xmin>
			<ymin>371</ymin>
			<xmax>624</xmax>
			<ymax>762</ymax>
		</bndbox>
	</object>
	<object>
		<name>ref_fork</name>
		<bndbox>
			<xmin>737</xmin>
			<ymin>368</ymin>
			<xmax>970</xmax>
			<ymax>827</ymax>
		</bndbox>
	</object>
	<object>
		<name>ref_coin</name>
		<bndbox>
			<xmin>873</xmin>
			<ymin>1629</ymin>
			<xmax>1135</xmax>
			<ymax>1830</ymax>
		</bndbox>
	</object>
	<object>
		<name>dish</name>
		<bndbox>
			<xmin>1248</xmin>
			<ymin>180</ymin>
			<xmax>2545</xmax>
			<ymax>1374</ymax>
		</bndbox>
	</object>
	<object>
		<name>녹두빈대떡</name>
		<bndbox>
			<xmin>1472</xmin>
			<ymin>468</ymin>
			<xmax>2316</xmax>
			<ymax>1147</ymax>
		</bndbox>
	</object>
</annotation>