<annotation>
	<folder>sideq3</folder>
	<filename>side_부침개류_사각배달_녹두빈대떡_Q3_00011.JPG</filename>
	<path>/side부침개류사각배달녹두빈대떡q3/side_부침개류_사각배달_녹두빈대떡_Q3_00011.JPG</path>
	<source>
		<database>fooddata</database>
	</source>
	<size>
		<width>3008</width>
		<height>2000</height>
		<depth>3</depth>
	</size>
	<object>
		<name>ref_spoon</name>
		<bndbox>
			<xmin>1837</xmin>
			<ymin>419</ymin>
			<xmax>2112</xmax>
			<ymax>788</ymax>
		</bndbox>
	</object>
	<object>
		<name>ref_fork</name>
		<bndbox>
			<xmin>2248</xmin>
			<ymin>442</ymin>
			<xmax>2445</xmax>
			<ymax>863</ymax>
		</bndbox>
	</object>
	<object>
		<name>ref_coin</name>
		<bndbox>
			<xmin>2623</xmin>
			<ymin>885</ymin>
			<xmax>2843</xmax>
			<ymax>1034</ymax>
		</bndbox>
	</object>
	<object>
		<name>dish</name>
		<bndbox>
			<xmin>104</xmin>
			<ymin>461</ymin>
			<xmax>1701</xmax>
			<ymax>1700</ymax>
		</bndbox>
	</object>
	<object>
		<name>녹두빈대떡</name>
		<bndbox>
			<xmin>391</xmin>
			<ymin>659</ymin>
			<xmax>1184</xmax>
			<ymax>1448</ymax>
		</bndbox>
	</object>
</annotation>