<annotation>
	<folder>sideq3</folder>
	<filename>side_부침개류_사각배달_녹두빈대떡_Q3_00025.JPG</filename>
	<path>/side부침개류사각배달녹두빈대떡q3/side_부침개류_사각배달_녹두빈대떡_Q3_00025.JPG</path>
	<source>
		<database>fooddata</database>
	</source>
	<size>
		<width>3008</width>
		<height>2000</height>
		<depth>3</depth>
	</size>
	<object>
		<name>ref_spoon</name>
		<bndbox>
			<xmin>725</xmin>
			<ymin>1610</ymin>
			<xmax>1200</xmax>
			<ymax>1849</ymax>
		</bndbox>
	</object>
	<object>
		<name>ref_fork</name>
		<bndbox>
			<xmin>902</xmin>
			<ymin>1370</ymin>
			<xmax>1397</xmax>
			<ymax>1568</ymax>
		</bndbox>
	</object>
	<object>
		<name>ref_coin</name>
		<bndbox>
			<xmin>1876</xmin>
			<ymin>1202</ymin>
			<xmax>2096</xmax>
			<ymax>1370</ymax>
		</bndbox>
	</object>
	<object>
		<name>dish</name>
		<bndbox>
			<xmin>864</xmin>
			<ymin>99</ymin>
			<xmax>2206</xmax>
			<ymax>1137</ymax>
		</bndbox>
	</object>
	<object>
		<name>녹두빈대떡</name>
		<bndbox>
			<xmin>1132</xmin>
			<ymin>416</ymin>
			<xmax>1860</xmax>
			<ymax>985</ymax>
		</bndbox>
	</object>
</annotation>