<annotation>
	<folder>top부침개류사각배달녹두빈대떡q3</folder>
	<filename>top_부침개류_사각배달_녹두빈대떡_Q3_00004.JPG</filename>
	<path>/top부침개류사각배달녹두빈대떡q3/top_부침개류_사각배달_녹두빈대떡_Q3_00004.JPG</path>
	<source>
		<database>fooddata</database>
	</source>
	<size>
		<width>3008</width>
		<height>2000</height>
		<depth>3</depth>
	</size>
	<object>
		<name>ref_spoon</name>
		<bndbox>
			<xmin>1846</xmin>
			<ymin>445</ymin>
			<xmax>2081</xmax>
			<ymax>814</ymax>
		</bndbox>
	</object>
	<object>
		<name>ref_fork</name>
		<bndbox>
			<xmin>2156</xmin>
			<ymin>503</ymin>
			<xmax>2325</xmax>
			<ymax>902</ymax>
		</bndbox>
	</object>
	<object>
		<name>ref_coin</name>
		<bndbox>
			<xmin>2489</xmin>
			<ymin>610</ymin>
			<xmax>2649</xmax>
			<ymax>765</ymax>
		</bndbox>
	</object>
	<object>
		<name>dish</name>
		<bndbox>
			<xmin>217</xmin>
			<ymin>521</ymin>
			<xmax>1677</xmax>
			<ymax>1741</ymax>
		</bndbox>
	</object>
	<object>
		<name>녹두빈대떡</name>
		<bndbox>
			<xmin>426</xmin>
			<ymin>867</ymin>
			<xmax>1216</xmax>
			<ymax>1457</ymax>
		</bndbox>
	</object>
</annotation>