<annotation>
	<folder>top부침개류사각배달녹두빈대떡q3</folder>
	<filename>top_부침개류_사각배달_녹두빈대떡_Q3_00030.JPG</filename>
	<path>/top부침개류사각배달녹두빈대떡q3/top_부침개류_사각배달_녹두빈대떡_Q3_00030.JPG</path>
	<source>
		<database>fooddata</database>
	</source>
	<size>
		<width>3008</width>
		<height>2000</height>
		<depth>3</depth>
	</size>
	<object>
		<name>ref_spoon</name>
		<bndbox>
			<xmin>550</xmin>
			<ymin>1528</ymin>
			<xmax>945</xmax>
			<ymax>1772</ymax>
		</bndbox>
	</object>
	<object>
		<name>ref_fork</name>
		<bndbox>
			<xmin>661</xmin>
			<ymin>1275</ymin>
			<xmax>1069</xmax>
			<ymax>1435</ymax>
		</bndbox>
	</object>
	<object>
		<name>ref_coin</name>
		<bndbox>
			<xmin>2019</xmin>
			<ymin>1546</ymin>
			<xmax>2187</xmax>
			<ymax>1719</ymax>
		</bndbox>
	</object>
	<object>
		<name>dish</name>
		<bndbox>
			<xmin>745</xmin>
			<ymin>68</ymin>
			<xmax>2116</xmax>
			<ymax>1226</ymax>
		</bndbox>
	</object>
	<object>
		<name>녹두빈대떡</name>
		<bndbox>
			<xmin>945</xmin>
			<ymin>321</ymin>
			<xmax>1646</xmax>
			<ymax>996</ymax>
		</bndbox>
	</object>
</annotation>