<annotation>
	<folder>top부침개류사각배달녹두빈대떡q3</folder>
	<filename>top_부침개류_사각배달_녹두빈대떡_Q3_00035.JPG</filename>
	<path>/top부침개류사각배달녹두빈대떡q3/top_부침개류_사각배달_녹두빈대떡_Q3_00035.JPG</path>
	<source>
		<database>fooddata</database>
	</source>
	<size>
		<width>3008</width>
		<height>2000</height>
		<depth>3</depth>
	</size>
	<object>
		<name>ref_spoon</name>
		<bndbox>
			<xmin>665</xmin>
			<ymin>188</ymin>
			<xmax>909</xmax>
			<ymax>574</ymax>
		</bndbox>
	</object>
	<object>
		<name>ref_fork</name>
		<bndbox>
			<xmin>998</xmin>
			<ymin>268</ymin>
			<xmax>1158</xmax>
			<ymax>698</ymax>
		</bndbox>
	</object>
	<object>
		<name>ref_coin</name>
		<bndbox>
			<xmin>1211</xmin>
			<ymin>1484</ymin>
			<xmax>1389</xmax>
			<ymax>1665</ymax>
		</bndbox>
	</object>
	<object>
		<name>dish</name>
		<bndbox>
			<xmin>1278</xmin>
			<ymin>153</ymin>
			<xmax>2338</xmax>
			<ymax>1488</ymax>
		</bndbox>
	</object>
	<object>
		<name>녹두빈대떡</name>
		<bndbox>
			<xmin>1460</xmin>
			<ymin>335</ymin>
			<xmax>2050</xmax>
			<ymax>1177</ymax>
		</bndbox>
	</object>
</annotation>