<annotation>
	<folder>top부침개류사각배달녹두빈대떡q3</folder>
	<filename>top_부침개류_사각배달_녹두빈대떡_Q3_00048.JPG</filename>
	<path>/top부침개류사각배달녹두빈대떡q3/top_부침개류_사각배달_녹두빈대떡_Q3_00048.JPG</path>
	<source>
		<database>fooddata</database>
	</source>
	<size>
		<width>3008</width>
		<height>2000</height>
		<depth>3</depth>
	</size>
	<object>
		<name>ref_spoon</name>
		<bndbox>
			<xmin>590</xmin>
			<ymin>148</ymin>
			<xmax>861</xmax>
			<ymax>570</ymax>
		</bndbox>
	</object>
	<object>
		<name>ref_fork</name>
		<bndbox>
			<xmin>963</xmin>
			<ymin>268</ymin>
			<xmax>1140</xmax>
			<ymax>720</ymax>
		</bndbox>
	</object>
	<object>
		<name>ref_coin</name>
		<bndbox>
			<xmin>200</xmin>
			<ymin>419</ymin>
			<xmax>382</xmax>
			<ymax>596</ymax>
		</bndbox>
	</object>
	<object>
		<name>dish</name>
		<bndbox>
			<xmin>1229</xmin>
			<ymin>210</ymin>
			<xmax>2267</xmax>
			<ymax>1630</ymax>
		</bndbox>
	</object>
	<object>
		<name>녹두빈대떡</name>
		<bndbox>
			<xmin>1513</xmin>
			<ymin>468</ymin>
			<xmax>2094</xmax>
			<ymax>1280</ymax>
		</bndbox>
	</object>
</annotation>