<annotation>
	<folder>top부침개류사각배달녹두빈대떡q3</folder>
	<filename>top_부침개류_사각배달_녹두빈대떡_Q3_00033.JPG</filename>
	<path>/top부침개류사각배달녹두빈대떡q3/top_부침개류_사각배달_녹두빈대떡_Q3_00033.JPG</path>
	<source>
		<database>fooddata</database>
	</source>
	<size>
		<width>3008</width>
		<height>2000</height>
		<depth>3</depth>
	</size>
	<object>
		<name>ref_spoon</name>
		<bndbox>
			<xmin>568</xmin>
			<ymin>193</ymin>
			<xmax>843</xmax>
			<ymax>605</ymax>
		</bndbox>
	</object>
	<object>
		<name>ref_fork</name>
		<bndbox>
			<xmin>941</xmin>
			<ymin>272</ymin>
			<xmax>1118</xmax>
			<ymax>743</ymax>
		</bndbox>
	</object>
	<object>
		<name>ref_coin</name>
		<bndbox>
			<xmin>1371</xmin>
			<ymin>1603</ymin>
			<xmax>1557</xmax>
			<ymax>1794</ymax>
		</bndbox>
	</object>
	<object>
		<name>dish</name>
		<bndbox>
			<xmin>1247</xmin>
			<ymin>139</ymin>
			<xmax>2263</xmax>
			<ymax>1528</ymax>
		</bndbox>
	</object>
	<object>
		<name>녹두빈대떡</name>
		<bndbox>
			<xmin>1460</xmin>
			<ymin>543</ymin>
			<xmax>2036</xmax>
			<ymax>1293</ymax>
		</bndbox>
	</object>
</annotation>