<annotation>
	<folder>side비빔면류냉면기쫄면q4</folder>
	<filename>side_비빔면류_냉면기_쫄면_Q4_00029.JPG</filename>
	<path>/side비빔면류냉면기쫄면q4/side_비빔면류_냉면기_쫄면_Q4_00029.JPG</path>
	<source>
		<database>fooddata</database>
	</source>
	<size>
		<width>3008</width>
		<height>2000</height>
		<depth>3</depth>
	</size>
	<object>
		<name>ref_spoon</name>
		<bndbox>
			<xmin>840</xmin>
			<ymin>1540</ymin>
			<xmax>1268</xmax>
			<ymax>1756</ymax>
		</bndbox>
	</object>
	<object>
		<name>ref_fork</name>
		<bndbox>
			<xmin>916</xmin>
			<ymin>1292</ymin>
			<xmax>1388</xmax>
			<ymax>1484</ymax>
		</bndbox>
	</object>
	<object>
		<name>ref_coin</name>
		<bndbox>
			<xmin>1852</xmin>
			<ymin>1744</ymin>
			<xmax>2068</xmax>
			<ymax>1892</ymax>
		</bndbox>
	</object>
	<object>
		<name>dish</name>
		<bndbox>
			<xmin>744</xmin>
			<ymin>120</ymin>
			<xmax>2212</xmax>
			<ymax>1148</ymax>
		</bndbox>
	</object>
	<object>
		<name>쫄면</name>
		<bndbox>
			<xmin>1008</xmin>
			<ymin>396</ymin>
			<xmax>1932</xmax>
			<ymax>920</ymax>
		</bndbox>
	</object>
</annotation>