<annotation>
	<folder>side비빔면류냉면기쫄면q4</folder>
	<filename>side_비빔면류_냉면기_쫄면_Q4_00003.JPG</filename>
	<path>/side비빔면류냉면기쫄면q4/side_비빔면류_냉면기_쫄면_Q4_00003.JPG</path>
	<source>
		<database>fooddata</database>
	</source>
	<size>
		<width>3008</width>
		<height>2000</height>
		<depth>3</depth>
	</size>
	<object>
		<name>ref_spoon</name>
		<bndbox>
			<xmin>2056</xmin>
			<ymin>508</ymin>
			<xmax>2320</xmax>
			<ymax>832</ymax>
		</bndbox>
	</object>
	<object>
		<name>ref_fork</name>
		<bndbox>
			<xmin>2488</xmin>
			<ymin>560</ymin>
			<xmax>2672</xmax>
			<ymax>940</ymax>
		</bndbox>
	</object>
	<object>
		<name>ref_coin</name>
		<bndbox>
			<xmin>748</xmin>
			<ymin>1692</ymin>
			<xmax>968</xmax>
			<ymax>1848</ymax>
		</bndbox>
	</object>
	<object>
		<name>dish</name>
		<bndbox>
			<xmin>364</xmin>
			<ymin>212</ymin>
			<xmax>1904</xmax>
			<ymax>1316</ymax>
		</bndbox>
	</object>
	<object>
		<name>쫄면</name>
		<bndbox>
			<xmin>684</xmin>
			<ymin>504</ymin>
			<xmax>1628</xmax>
			<ymax>1092</ymax>
		</bndbox>
	</object>
</annotation>