<annotation>
	<folder>side비빔면류냉면기쫄면q4</folder>
	<filename>side_비빔면류_냉면기_쫄면_Q4_00050.JPG</filename>
	<path>/side비빔면류냉면기쫄면q4/side_비빔면류_냉면기_쫄면_Q4_00050.JPG</path>
	<source>
		<database>fooddata</database>
	</source>
	<size>
		<width>3008</width>
		<height>2000</height>
		<depth>3</depth>
	</size>
	<object>
		<name>ref_spoon</name>
		<bndbox>
			<xmin>320</xmin>
			<ymin>736</ymin>
			<xmax>572</xmax>
			<ymax>1060</ymax>
		</bndbox>
	</object>
	<object>
		<name>ref_fork</name>
		<bndbox>
			<xmin>720</xmin>
			<ymin>760</ymin>
			<xmax>888</xmax>
			<ymax>1132</ymax>
		</bndbox>
	</object>
	<object>
		<name>ref_coin</name>
		<bndbox>
			<xmin>824</xmin>
			<ymin>472</ymin>
			<xmax>996</xmax>
			<ymax>572</ymax>
		</bndbox>
	</object>
	<object>
		<name>dish</name>
		<bndbox>
			<xmin>972</xmin>
			<ymin>392</ymin>
			<xmax>2452</xmax>
			<ymax>1464</ymax>
		</bndbox>
	</object>
	<object>
		<name>쫄면</name>
		<bndbox>
			<xmin>1152</xmin>
			<ymin>716</ymin>
			<xmax>2192</xmax>
			<ymax>1260</ymax>
		</bndbox>
	</object>
</annotation>