<annotation>
	<folder>side비빔면류냉면기쫄면q4</folder>
	<filename>side_비빔면류_냉면기_쫄면_Q4_00013.JPG</filename>
	<path>/side비빔면류냉면기쫄면q4/side_비빔면류_냉면기_쫄면_Q4_00013.JPG</path>
	<source>
		<database>fooddata</database>
	</source>
	<size>
		<width>3008</width>
		<height>2000</height>
		<depth>3</depth>
	</size>
	<object>
		<name>ref_spoon</name>
		<bndbox>
			<xmin>2002</xmin>
			<ymin>824</ymin>
			<xmax>2257</xmax>
			<ymax>1161</ymax>
		</bndbox>
	</object>
	<object>
		<name>ref_fork</name>
		<bndbox>
			<xmin>2441</xmin>
			<ymin>865</ymin>
			<xmax>2640</xmax>
			<ymax>1253</ymax>
		</bndbox>
	</object>
	<object>
		<name>ref_coin</name>
		<bndbox>
			<xmin>2252</xmin>
			<ymin>655</ymin>
			<xmax>2426</xmax>
			<ymax>773</ymax>
		</bndbox>
	</object>
	<object>
		<name>dish</name>
		<bndbox>
			<xmin>92</xmin>
			<ymin>579</ymin>
			<xmax>1716</xmax>
			<ymax>1738</ymax>
		</bndbox>
	</object>
	<object>
		<name>쫄면</name>
		<bndbox>
			<xmin>414</xmin>
			<ymin>885</ymin>
			<xmax>1466</xmax>
			<ymax>1503</ymax>
		</bndbox>
	</object>
</annotation>