<annotation>
	<folder>side비빔면류냉면기쫄면q4</folder>
	<filename>side_비빔면류_냉면기_쫄면_Q4_00025.JPG</filename>
	<path>/side비빔면류냉면기쫄면q4/side_비빔면류_냉면기_쫄면_Q4_00025.JPG</path>
	<source>
		<database>fooddata</database>
	</source>
	<size>
		<width>3008</width>
		<height>2000</height>
		<depth>3</depth>
	</size>
	<object>
		<name>ref_spoon</name>
		<bndbox>
			<xmin>672</xmin>
			<ymin>1624</ymin>
			<xmax>1088</xmax>
			<ymax>1832</ymax>
		</bndbox>
	</object>
	<object>
		<name>ref_fork</name>
		<bndbox>
			<xmin>740</xmin>
			<ymin>1376</ymin>
			<xmax>1220</xmax>
			<ymax>1556</ymax>
		</bndbox>
	</object>
	<object>
		<name>ref_coin</name>
		<bndbox>
			<xmin>2044</xmin>
			<ymin>220</ymin>
			<xmax>2204</xmax>
			<ymax>324</ymax>
		</bndbox>
	</object>
	<object>
		<name>dish</name>
		<bndbox>
			<xmin>676</xmin>
			<ymin>192</ymin>
			<xmax>2128</xmax>
			<ymax>1232</ymax>
		</bndbox>
	</object>
	<object>
		<name>쫄면</name>
		<bndbox>
			<xmin>968</xmin>
			<ymin>380</ymin>
			<xmax>1908</xmax>
			<ymax>1004</ymax>
		</bndbox>
	</object>
</annotation>