<annotation>
	<folder>side비빔면류냉면기쫄면q4</folder>
	<filename>side_비빔면류_냉면기_쫄면_Q4_00039.JPG</filename>
	<path>/side비빔면류냉면기쫄면q4/side_비빔면류_냉면기_쫄면_Q4_00039.JPG</path>
	<source>
		<database>fooddata</database>
	</source>
	<size>
		<width>3008</width>
		<height>2000</height>
		<depth>3</depth>
	</size>
	<object>
		<name>ref_spoon</name>
		<bndbox>
			<xmin>420</xmin>
			<ymin>576</ymin>
			<xmax>656</xmax>
			<ymax>888</ymax>
		</bndbox>
	</object>
	<object>
		<name>ref_fork</name>
		<bndbox>
			<xmin>828</xmin>
			<ymin>600</ymin>
			<xmax>1000</xmax>
			<ymax>980</ymax>
		</bndbox>
	</object>
	<object>
		<name>ref_coin</name>
		<bndbox>
			<xmin>2388</xmin>
			<ymin>1488</ymin>
			<xmax>2596</xmax>
			<ymax>1624</ymax>
		</bndbox>
	</object>
	<object>
		<name>dish</name>
		<bndbox>
			<xmin>1108</xmin>
			<ymin>192</ymin>
			<xmax>2612</xmax>
			<ymax>1256</ymax>
		</bndbox>
	</object>
	<object>
		<name>쫄면</name>
		<bndbox>
			<xmin>1368</xmin>
			<ymin>488</ymin>
			<xmax>2360</xmax>
			<ymax>1032</ymax>
		</bndbox>
	</object>
</annotation>