<annotation>
	<folder>side비빔면류냉면기쫄면q4</folder>
	<filename>side_비빔면류_냉면기_쫄면_Q4_00005.JPG</filename>
	<path>/side비빔면류냉면기쫄면q4/side_비빔면류_냉면기_쫄면_Q4_00005.JPG</path>
	<source>
		<database>fooddata</database>
	</source>
	<size>
		<width>3008</width>
		<height>2000</height>
		<depth>3</depth>
	</size>
	<object>
		<name>ref_spoon</name>
		<bndbox>
			<xmin>2268</xmin>
			<ymin>664</ymin>
			<xmax>2528</xmax>
			<ymax>980</ymax>
		</bndbox>
	</object>
	<object>
		<name>ref_fork</name>
		<bndbox>
			<xmin>2708</xmin>
			<ymin>696</ymin>
			<xmax>2884</xmax>
			<ymax>1060</ymax>
		</bndbox>
	</object>
	<object>
		<name>ref_coin</name>
		<bndbox>
			<xmin>104</xmin>
			<ymin>1492</ymin>
			<xmax>304</xmax>
			<ymax>1636</ymax>
		</bndbox>
	</object>
	<object>
		<name>dish</name>
		<bndbox>
			<xmin>556</xmin>
			<ymin>336</ymin>
			<xmax>2108</xmax>
			<ymax>1460</ymax>
		</bndbox>
	</object>
	<object>
		<name>쫄면</name>
		<bndbox>
			<xmin>860</xmin>
			<ymin>684</ymin>
			<xmax>1856</xmax>
			<ymax>1224</ymax>
		</bndbox>
	</object>
</annotation>