<annotation>
	<folder>side비빔면류냉면기쫄면q4</folder>
	<filename>side_비빔면류_냉면기_쫄면_Q4_00006.JPG</filename>
	<path>/side비빔면류냉면기쫄면q4/side_비빔면류_냉면기_쫄면_Q4_00006.JPG</path>
	<source>
		<database>fooddata</database>
	</source>
	<size>
		<width>3008</width>
		<height>2000</height>
		<depth>3</depth>
	</size>
	<object>
		<name>ref_spoon</name>
		<bndbox>
			<xmin>2248</xmin>
			<ymin>832</ymin>
			<xmax>2472</xmax>
			<ymax>1120</ymax>
		</bndbox>
	</object>
	<object>
		<name>ref_fork</name>
		<bndbox>
			<xmin>2640</xmin>
			<ymin>864</ymin>
			<xmax>2804</xmax>
			<ymax>1204</ymax>
		</bndbox>
	</object>
	<object>
		<name>ref_coin</name>
		<bndbox>
			<xmin>124</xmin>
			<ymin>1324</ymin>
			<xmax>304</xmax>
			<ymax>1436</ymax>
		</bndbox>
	</object>
	<object>
		<name>dish</name>
		<bndbox>
			<xmin>692</xmin>
			<ymin>512</ymin>
			<xmax>2084</xmax>
			<ymax>1508</ymax>
		</bndbox>
	</object>
	<object>
		<name>쫄면</name>
		<bndbox>
			<xmin>948</xmin>
			<ymin>764</ymin>
			<xmax>1888</xmax>
			<ymax>1300</ymax>
		</bndbox>
	</object>
</annotation>