<annotation>
	<folder>side비빔면류냉면기쫄면q4</folder>
	<filename>side_비빔면류_냉면기_쫄면_Q4_00044.JPG</filename>
	<path>/side비빔면류냉면기쫄면q4/side_비빔면류_냉면기_쫄면_Q4_00044.JPG</path>
	<source>
		<database>fooddata</database>
	</source>
	<size>
		<width>3008</width>
		<height>2000</height>
		<depth>3</depth>
	</size>
	<object>
		<name>ref_spoon</name>
		<bndbox>
			<xmin>188</xmin>
			<ymin>836</ymin>
			<xmax>436</xmax>
			<ymax>1144</ymax>
		</bndbox>
	</object>
	<object>
		<name>ref_fork</name>
		<bndbox>
			<xmin>608</xmin>
			<ymin>860</ymin>
			<xmax>772</xmax>
			<ymax>1212</ymax>
		</bndbox>
	</object>
	<object>
		<name>ref_coin</name>
		<bndbox>
			<xmin>2556</xmin>
			<ymin>716</ymin>
			<xmax>2744</xmax>
			<ymax>820</ymax>
		</bndbox>
	</object>
	<object>
		<name>dish</name>
		<bndbox>
			<xmin>892</xmin>
			<ymin>452</ymin>
			<xmax>2384</xmax>
			<ymax>1508</ymax>
		</bndbox>
	</object>
	<object>
		<name>쫄면</name>
		<bndbox>
			<xmin>1164</xmin>
			<ymin>744</ymin>
			<xmax>2112</xmax>
			<ymax>1272</ymax>
		</bndbox>
	</object>
</annotation>