<annotation>
	<folder>side비빔면류냉면기쫄면q4</folder>
	<filename>side_비빔면류_냉면기_쫄면_Q4_00004.JPG</filename>
	<path>/side비빔면류냉면기쫄면q4/side_비빔면류_냉면기_쫄면_Q4_00004.JPG</path>
	<source>
		<database>fooddata</database>
	</source>
	<size>
		<width>3008</width>
		<height>2000</height>
		<depth>3</depth>
	</size>
	<object>
		<name>ref_spoon</name>
		<bndbox>
			<xmin>2084</xmin>
			<ymin>604</ymin>
			<xmax>2340</xmax>
			<ymax>948</ymax>
		</bndbox>
	</object>
	<object>
		<name>ref_fork</name>
		<bndbox>
			<xmin>2524</xmin>
			<ymin>652</ymin>
			<xmax>2700</xmax>
			<ymax>1028</ymax>
		</bndbox>
	</object>
	<object>
		<name>ref_coin</name>
		<bndbox>
			<xmin>292</xmin>
			<ymin>1668</ymin>
			<xmax>516</xmax>
			<ymax>1816</ymax>
		</bndbox>
	</object>
	<object>
		<name>dish</name>
		<bndbox>
			<xmin>388</xmin>
			<ymin>264</ymin>
			<xmax>1944</xmax>
			<ymax>1388</ymax>
		</bndbox>
	</object>
	<object>
		<name>쫄면</name>
		<bndbox>
			<xmin>696</xmin>
			<ymin>584</ymin>
			<xmax>1676</xmax>
			<ymax>1148</ymax>
		</bndbox>
	</object>
</annotation>