<annotation>
	<folder>top비빔면류냉면기쫄면q4</folder>
	<filename>top_비빔면류_냉면기_쫄면_Q4_00046.JPG</filename>
	<path>/top비빔면류냉면기쫄면q4/top_비빔면류_냉면기_쫄면_Q4_00046.JPG</path>
	<source>
		<database>fooddata</database>
	</source>
	<size>
		<width>3008</width>
		<height>2000</height>
		<depth>3</depth>
	</size>
	<object>
		<name>ref_spoon</name>
		<bndbox>
			<xmin>280</xmin>
			<ymin>423</ymin>
			<xmax>524</xmax>
			<ymax>769</ymax>
		</bndbox>
	</object>
	<object>
		<name>ref_fork</name>
		<bndbox>
			<xmin>630</xmin>
			<ymin>445</ymin>
			<xmax>799</xmax>
			<ymax>840</ymax>
		</bndbox>
	</object>
	<object>
		<name>ref_coin</name>
		<bndbox>
			<xmin>972</xmin>
			<ymin>1115</ymin>
			<xmax>1118</xmax>
			<ymax>1271</ymax>
		</bndbox>
	</object>
	<object>
		<name>dish</name>
		<bndbox>
			<xmin>1136</xmin>
			<ymin>379</ymin>
			<xmax>2533</xmax>
			<ymax>1759</ymax>
		</bndbox>
	</object>
	<object>
		<name>쫄면</name>
		<bndbox>
			<xmin>1358</xmin>
			<ymin>632</ymin>
			<xmax>2249</xmax>
			<ymax>1612</ymax>
		</bndbox>
	</object>
</annotation>