<annotation>
	<folder>top비빔면류냉면기쫄면q4</folder>
	<filename>top_비빔면류_냉면기_쫄면_Q4_00037.JPG</filename>
	<path>/top비빔면류냉면기쫄면q4/top_비빔면류_냉면기_쫄면_Q4_00037.JPG</path>
	<source>
		<database>fooddata</database>
	</source>
	<size>
		<width>3008</width>
		<height>2000</height>
		<depth>3</depth>
	</size>
	<object>
		<name>ref_spoon</name>
		<bndbox>
			<xmin>368</xmin>
			<ymin>246</ymin>
			<xmax>608</xmax>
			<ymax>614</ymax>
		</bndbox>
	</object>
	<object>
		<name>ref_fork</name>
		<bndbox>
			<xmin>719</xmin>
			<ymin>308</ymin>
			<xmax>874</xmax>
			<ymax>707</ymax>
		</bndbox>
	</object>
	<object>
		<name>ref_coin</name>
		<bndbox>
			<xmin>2099</xmin>
			<ymin>1612</ymin>
			<xmax>2276</xmax>
			<ymax>1781</ymax>
		</bndbox>
	</object>
	<object>
		<name>dish</name>
		<bndbox>
			<xmin>909</xmin>
			<ymin>68</ymin>
			<xmax>2374</xmax>
			<ymax>1524</ymax>
		</bndbox>
	</object>
	<object>
		<name>쫄면</name>
		<bndbox>
			<xmin>1180</xmin>
			<ymin>437</ymin>
			<xmax>2063</xmax>
			<ymax>1306</ymax>
		</bndbox>
	</object>
</annotation>