<annotation>
	<folder>top비빔면류냉면기쫄면q4</folder>
	<filename>top_비빔면류_냉면기_쫄면_Q4_00038.JPG</filename>
	<path>/top비빔면류냉면기쫄면q4/top_비빔면류_냉면기_쫄면_Q4_00038.JPG</path>
	<source>
		<database>fooddata</database>
	</source>
	<size>
		<width>3008</width>
		<height>2000</height>
		<depth>3</depth>
	</size>
	<object>
		<name>ref_spoon</name>
		<bndbox>
			<xmin>346</xmin>
			<ymin>348</ymin>
			<xmax>586</xmax>
			<ymax>698</ymax>
		</bndbox>
	</object>
	<object>
		<name>ref_fork</name>
		<bndbox>
			<xmin>697</xmin>
			<ymin>410</ymin>
			<xmax>847</xmax>
			<ymax>814</ymax>
		</bndbox>
	</object>
	<object>
		<name>ref_coin</name>
		<bndbox>
			<xmin>2374</xmin>
			<ymin>1572</ymin>
			<xmax>2555</xmax>
			<ymax>1750</ymax>
		</bndbox>
	</object>
	<object>
		<name>dish</name>
		<bndbox>
			<xmin>896</xmin>
			<ymin>184</ymin>
			<xmax>2347</xmax>
			<ymax>1617</ymax>
		</bndbox>
	</object>
	<object>
		<name>쫄면</name>
		<bndbox>
			<xmin>1167</xmin>
			<ymin>445</ymin>
			<xmax>2067</xmax>
			<ymax>1439</ymax>
		</bndbox>
	</object>
</annotation>