<annotation>
	<folder>top비빔면류냉면기쫄면q4</folder>
	<filename>top_비빔면류_냉면기_쫄면_Q4_00041.JPG</filename>
	<path>/top비빔면류냉면기쫄면q4/top_비빔면류_냉면기_쫄면_Q4_00041.JPG</path>
	<source>
		<database>fooddata</database>
	</source>
	<size>
		<width>3008</width>
		<height>2000</height>
		<depth>3</depth>
	</size>
	<object>
		<name>ref_spoon</name>
		<bndbox>
			<xmin>484</xmin>
			<ymin>494</ymin>
			<xmax>705</xmax>
			<ymax>809</ymax>
		</bndbox>
	</object>
	<object>
		<name>ref_fork</name>
		<bndbox>
			<xmin>807</xmin>
			<ymin>543</ymin>
			<xmax>949</xmax>
			<ymax>916</ymax>
		</bndbox>
	</object>
	<object>
		<name>ref_coin</name>
		<bndbox>
			<xmin>1841</xmin>
			<ymin>86</ymin>
			<xmax>1996</xmax>
			<ymax>228</ymax>
		</bndbox>
	</object>
	<object>
		<name>dish</name>
		<bndbox>
			<xmin>914</xmin>
			<ymin>583</ymin>
			<xmax>2240</xmax>
			<ymax>1878</ymax>
		</bndbox>
	</object>
	<object>
		<name>쫄면</name>
		<bndbox>
			<xmin>1247</xmin>
			<ymin>845</ymin>
			<xmax>1970</xmax>
			<ymax>1679</ymax>
		</bndbox>
	</object>
</annotation>