<annotation>
	<folder>top비빔면류냉면기쫄면q4</folder>
	<filename>top_비빔면류_냉면기_쫄면_Q4_00028.JPG</filename>
	<path>/top비빔면류냉면기쫄면q4/top_비빔면류_냉면기_쫄면_Q4_00028.JPG</path>
	<source>
		<database>fooddata</database>
	</source>
	<size>
		<width>3008</width>
		<height>2000</height>
		<depth>3</depth>
	</size>
	<object>
		<name>ref_spoon</name>
		<bndbox>
			<xmin>790</xmin>
			<ymin>1648</ymin>
			<xmax>1136</xmax>
			<ymax>1874</ymax>
		</bndbox>
	</object>
	<object>
		<name>ref_fork</name>
		<bndbox>
			<xmin>861</xmin>
			<ymin>1399</ymin>
			<xmax>1224</xmax>
			<ymax>1555</ymax>
		</bndbox>
	</object>
	<object>
		<name>ref_coin</name>
		<bndbox>
			<xmin>2272</xmin>
			<ymin>1648</ymin>
			<xmax>2436</xmax>
			<ymax>1812</ymax>
		</bndbox>
	</object>
	<object>
		<name>dish</name>
		<bndbox>
			<xmin>825</xmin>
			<ymin>108</ymin>
			<xmax>2130</xmax>
			<ymax>1395</ymax>
		</bndbox>
	</object>
	<object>
		<name>쫄면</name>
		<bndbox>
			<xmin>1056</xmin>
			<ymin>352</ymin>
			<xmax>1894</xmax>
			<ymax>1169</ymax>
		</bndbox>
	</object>
</annotation>