<annotation>
	<folder>top비빔면류냉면기쫄면q4</folder>
	<filename>top_비빔면류_냉면기_쫄면_Q4_00016.JPG</filename>
	<path>/top비빔면류냉면기쫄면q4/top_비빔면류_냉면기_쫄면_Q4_00016.JPG</path>
	<source>
		<database>fooddata</database>
	</source>
	<size>
		<width>3008</width>
		<height>2000</height>
		<depth>3</depth>
	</size>
	<object>
		<name>ref_spoon</name>
		<bndbox>
			<xmin>2218</xmin>
			<ymin>312</ymin>
			<xmax>2467</xmax>
			<ymax>694</ymax>
		</bndbox>
	</object>
	<object>
		<name>ref_fork</name>
		<bndbox>
			<xmin>2618</xmin>
			<ymin>392</ymin>
			<xmax>2813</xmax>
			<ymax>814</ymax>
		</bndbox>
	</object>
	<object>
		<name>ref_coin</name>
		<bndbox>
			<xmin>124</xmin>
			<ymin>783</ymin>
			<xmax>297</xmax>
			<ymax>956</ymax>
		</bndbox>
	</object>
	<object>
		<name>dish</name>
		<bndbox>
			<xmin>337</xmin>
			<ymin>193</ymin>
			<xmax>1837</xmax>
			<ymax>1688</ymax>
		</bndbox>
	</object>
	<object>
		<name>쫄면</name>
		<bndbox>
			<xmin>661</xmin>
			<ymin>508</ymin>
			<xmax>1633</xmax>
			<ymax>1439</ymax>
		</bndbox>
	</object>
</annotation>