<annotation>
	<folder>top비빔면류냉면기쫄면q4</folder>
	<filename>top_비빔면류_냉면기_쫄면_Q4_00005.JPG</filename>
	<path>/top비빔면류냉면기쫄면q4/top_비빔면류_냉면기_쫄면_Q4_00005.JPG</path>
	<source>
		<database>fooddata</database>
	</source>
	<size>
		<width>3008</width>
		<height>2000</height>
		<depth>3</depth>
	</size>
	<object>
		<name>ref_spoon</name>
		<bndbox>
			<xmin>2067</xmin>
			<ymin>330</ymin>
			<xmax>2280</xmax>
			<ymax>663</ymax>
		</bndbox>
	</object>
	<object>
		<name>ref_fork</name>
		<bndbox>
			<xmin>2369</xmin>
			<ymin>383</ymin>
			<xmax>2511</xmax>
			<ymax>774</ymax>
		</bndbox>
	</object>
	<object>
		<name>ref_coin</name>
		<bndbox>
			<xmin>355</xmin>
			<ymin>481</ymin>
			<xmax>510</xmax>
			<ymax>623</ymax>
		</bndbox>
	</object>
	<object>
		<name>dish</name>
		<bndbox>
			<xmin>501</xmin>
			<ymin>326</ymin>
			<xmax>1832</xmax>
			<ymax>1648</ymax>
		</bndbox>
	</object>
	<object>
		<name>쫄면</name>
		<bndbox>
			<xmin>785</xmin>
			<ymin>583</ymin>
			<xmax>1624</xmax>
			<ymax>1444</ymax>
		</bndbox>
	</object>
</annotation>