<annotation>
	<folder>top비빔면류냉면기쫄면q4</folder>
	<filename>top_비빔면류_냉면기_쫄면_Q4_00036.JPG</filename>
	<path>/top비빔면류냉면기쫄면q4/top_비빔면류_냉면기_쫄면_Q4_00036.JPG</path>
	<source>
		<database>fooddata</database>
	</source>
	<size>
		<width>3008</width>
		<height>2000</height>
		<depth>3</depth>
	</size>
	<object>
		<name>ref_spoon</name>
		<bndbox>
			<xmin>377</xmin>
			<ymin>241</ymin>
			<xmax>617</xmax>
			<ymax>610</ymax>
		</bndbox>
	</object>
	<object>
		<name>ref_fork</name>
		<bndbox>
			<xmin>723</xmin>
			<ymin>303</ymin>
			<xmax>878</xmax>
			<ymax>712</ymax>
		</bndbox>
	</object>
	<object>
		<name>ref_coin</name>
		<bndbox>
			<xmin>1792</xmin>
			<ymin>1701</ymin>
			<xmax>1970</xmax>
			<ymax>1878</ymax>
		</bndbox>
	</object>
	<object>
		<name>dish</name>
		<bndbox>
			<xmin>932</xmin>
			<ymin>77</ymin>
			<xmax>2378</xmax>
			<ymax>1519</ymax>
		</bndbox>
	</object>
	<object>
		<name>쫄면</name>
		<bndbox>
			<xmin>1189</xmin>
			<ymin>397</ymin>
			<xmax>2085</xmax>
			<ymax>1302</ymax>
		</bndbox>
	</object>
</annotation>