<annotation>
	<folder>side반찬부피접시양념게장q4</folder>
	<filename>side_반찬부피_접시_양념게장_Q4_00004.JPG</filename>
	<path>/side반찬부피접시양념게장q4/side_반찬부피_접시_양념게장_Q4_00004.JPG</path>
	<source>
		<database>fooddata</database>
	</source>
	<size>
		<width>720</width>
		<height>480</height>
		<depth>3</depth>
	</size>
	<object>
		<name>ref_spoon</name>
		<bndbox>
			<xmin>481</xmin>
			<ymin>120</ymin>
			<xmax>545</xmax>
			<ymax>206</ymax>
		</bndbox>
	</object>
	<object>
		<name>ref_fork</name>
		<bndbox>
			<xmin>586</xmin>
			<ymin>124</ymin>
			<xmax>632</xmax>
			<ymax>222</ymax>
		</bndbox>
	</object>
	<object>
		<name>ref_coin</name>
		<bndbox>
			<xmin>212</xmin>
			<ymin>426</ymin>
			<xmax>265</xmax>
			<ymax>470</ymax>
		</bndbox>
	</object>
	<object>
		<name>dish</name>
		<bndbox>
			<xmin>132</xmin>
			<ymin>131</ymin>
			<xmax>481</xmax>
			<ymax>389</ymax>
		</bndbox>
	</object>
	<object>
		<name>양념게장</name>
		<bndbox>
			<xmin>200</xmin>
			<ymin>169</ymin>
			<xmax>441</xmax>
			<ymax>345</ymax>
		</bndbox>
	</object>
</annotation>