<annotation>
	<folder>side반찬부피접시양념게장q4</folder>
	<filename>side_반찬부피_접시_양념게장_Q4_00035.JPG</filename>
	<path>/side반찬부피접시양념게장q4/side_반찬부피_접시_양념게장_Q4_00035.JPG</path>
	<source>
		<database>fooddata</database>
	</source>
	<size>
		<width>720</width>
		<height>480</height>
		<depth>3</depth>
	</size>
	<object>
		<name>ref_spoon</name>
		<bndbox>
			<xmin>146</xmin>
			<ymin>126</ymin>
			<xmax>211</xmax>
			<ymax>212</ymax>
		</bndbox>
	</object>
	<object>
		<name>ref_fork</name>
		<bndbox>
			<xmin>232</xmin>
			<ymin>128</ymin>
			<xmax>274</xmax>
			<ymax>227</ymax>
		</bndbox>
	</object>
	<object>
		<name>ref_coin</name>
		<bndbox>
			<xmin>438</xmin>
			<ymin>403</ymin>
			<xmax>488</xmax>
			<ymax>446</ymax>
		</bndbox>
	</object>
	<object>
		<name>dish</name>
		<bndbox>
			<xmin>310</xmin>
			<ymin>84</ymin>
			<xmax>649</xmax>
			<ymax>327</ymax>
		</bndbox>
	</object>
	<object>
		<name>양념게장</name>
		<bndbox>
			<xmin>357</xmin>
			<ymin>114</ymin>
			<xmax>589</xmax>
			<ymax>303</ymax>
		</bndbox>
	</object>
</annotation>