<annotation>
	<folder>side반찬부피접시양념게장q4</folder>
	<filename>side_반찬부피_접시_양념게장_Q4_00042.JPG</filename>
	<path>/side반찬부피접시양념게장q4/side_반찬부피_접시_양념게장_Q4_00042.JPG</path>
	<source>
		<database>fooddata</database>
	</source>
	<size>
		<width>720</width>
		<height>480</height>
		<depth>3</depth>
	</size>
	<object>
		<name>ref_spoon</name>
		<bndbox>
			<xmin>70</xmin>
			<ymin>171</ymin>
			<xmax>138</xmax>
			<ymax>261</ymax>
		</bndbox>
	</object>
	<object>
		<name>ref_fork</name>
		<bndbox>
			<xmin>158</xmin>
			<ymin>172</ymin>
			<xmax>201</xmax>
			<ymax>274</ymax>
		</bndbox>
	</object>
	<object>
		<name>ref_coin</name>
		<bndbox>
			<xmin>645</xmin>
			<ymin>305</ymin>
			<xmax>696</xmax>
			<ymax>344</ymax>
		</bndbox>
	</object>
	<object>
		<name>dish</name>
		<bndbox>
			<xmin>240</xmin>
			<ymin>128</ymin>
			<xmax>582</xmax>
			<ymax>375</ymax>
		</bndbox>
	</object>
	<object>
		<name>양념게장</name>
		<bndbox>
			<xmin>268</xmin>
			<ymin>155</ymin>
			<xmax>489</xmax>
			<ymax>351</ymax>
		</bndbox>
	</object>
</annotation>