<annotation>
	<folder>side반찬부피접시양념게장q4</folder>
	<filename>side_반찬부피_접시_양념게장_Q4_00051.JPG</filename>
	<path>/side반찬부피접시양념게장q4/side_반찬부피_접시_양념게장_Q4_00051.JPG</path>
	<source>
		<database>fooddata</database>
	</source>
	<size>
		<width>720</width>
		<height>480</height>
		<depth>3</depth>
	</size>
	<object>
		<name>ref_spoon</name>
		<bndbox>
			<xmin>86</xmin>
			<ymin>145</ymin>
			<xmax>151</xmax>
			<ymax>239</ymax>
		</bndbox>
	</object>
	<object>
		<name>ref_fork</name>
		<bndbox>
			<xmin>173</xmin>
			<ymin>148</ymin>
			<xmax>216</xmax>
			<ymax>246</ymax>
		</bndbox>
	</object>
	<object>
		<name>ref_coin</name>
		<bndbox>
			<xmin>258</xmin>
			<ymin>387</ymin>
			<xmax>311</xmax>
			<ymax>430</ymax>
		</bndbox>
	</object>
	<object>
		<name>dish</name>
		<bndbox>
			<xmin>267</xmin>
			<ymin>122</ymin>
			<xmax>614</xmax>
			<ymax>373</ymax>
		</bndbox>
	</object>
	<object>
		<name>양념게장</name>
		<bndbox>
			<xmin>320</xmin>
			<ymin>138</ymin>
			<xmax>567</xmax>
			<ymax>339</ymax>
		</bndbox>
	</object>
</annotation>