<annotation>
	<folder>side반찬부피접시양념게장q4</folder>
	<filename>side_반찬부피_접시_양념게장_Q4_00006.JPG</filename>
	<path>/side반찬부피접시양념게장q4/side_반찬부피_접시_양념게장_Q4_00006.JPG</path>
	<source>
		<database>fooddata</database>
	</source>
	<size>
		<width>720</width>
		<height>480</height>
		<depth>3</depth>
	</size>
	<object>
		<name>ref_spoon</name>
		<bndbox>
			<xmin>511</xmin>
			<ymin>82</ymin>
			<xmax>577</xmax>
			<ymax>170</ymax>
		</bndbox>
	</object>
	<object>
		<name>ref_fork</name>
		<bndbox>
			<xmin>616</xmin>
			<ymin>89</ymin>
			<xmax>664</xmax>
			<ymax>191</ymax>
		</bndbox>
	</object>
	<object>
		<name>ref_coin</name>
		<bndbox>
			<xmin>142</xmin>
			<ymin>346</ymin>
			<xmax>193</xmax>
			<ymax>388</ymax>
		</bndbox>
	</object>
	<object>
		<name>dish</name>
		<bndbox>
			<xmin>164</xmin>
			<ymin>103</ymin>
			<xmax>514</xmax>
			<ymax>360</ymax>
		</bndbox>
	</object>
	<object>
		<name>양념게장</name>
		<bndbox>
			<xmin>234</xmin>
			<ymin>132</ymin>
			<xmax>461</xmax>
			<ymax>347</ymax>
		</bndbox>
	</object>
</annotation>