<annotation>
	<folder>side반찬부피접시양념게장q4</folder>
	<filename>side_반찬부피_접시_양념게장_Q4_00055.JPG</filename>
	<path>/side반찬부피접시양념게장q4/side_반찬부피_접시_양념게장_Q4_00055.JPG</path>
	<source>
		<database>fooddata</database>
	</source>
	<size>
		<width>720</width>
		<height>480</height>
		<depth>3</depth>
	</size>
	<object>
		<name>ref_spoon</name>
		<bndbox>
			<xmin>133</xmin>
			<ymin>123</ymin>
			<xmax>198</xmax>
			<ymax>211</ymax>
		</bndbox>
	</object>
	<object>
		<name>ref_fork</name>
		<bndbox>
			<xmin>222</xmin>
			<ymin>125</ymin>
			<xmax>265</xmax>
			<ymax>222</ymax>
		</bndbox>
	</object>
	<object>
		<name>ref_coin</name>
		<bndbox>
			<xmin>518</xmin>
			<ymin>411</ymin>
			<xmax>570</xmax>
			<ymax>455</ymax>
		</bndbox>
	</object>
	<object>
		<name>dish</name>
		<bndbox>
			<xmin>303</xmin>
			<ymin>104</ymin>
			<xmax>648</xmax>
			<ymax>353</ymax>
		</bndbox>
	</object>
	<object>
		<name>양념게장</name>
		<bndbox>
			<xmin>353</xmin>
			<ymin>132</ymin>
			<xmax>592</xmax>
			<ymax>307</ymax>
		</bndbox>
	</object>
</annotation>