<annotation>
	<folder>side반찬부피접시양념게장q4</folder>
	<filename>side_반찬부피_접시_양념게장_Q4_00027.JPG</filename>
	<path>/side반찬부피접시양념게장q4/side_반찬부피_접시_양념게장_Q4_00027.JPG</path>
	<source>
		<database>fooddata</database>
	</source>
	<size>
		<width>720</width>
		<height>480</height>
		<depth>3</depth>
	</size>
	<object>
		<name>ref_spoon</name>
		<bndbox>
			<xmin>181</xmin>
			<ymin>385</ymin>
			<xmax>299</xmax>
			<ymax>449</ymax>
		</bndbox>
	</object>
	<object>
		<name>ref_fork</name>
		<bndbox>
			<xmin>200</xmin>
			<ymin>325</ymin>
			<xmax>330</xmax>
			<ymax>380</ymax>
		</bndbox>
	</object>
	<object>
		<name>ref_coin</name>
		<bndbox>
			<xmin>612</xmin>
			<ymin>108</ymin>
			<xmax>658</xmax>
			<ymax>143</ymax>
		</bndbox>
	</object>
	<object>
		<name>dish</name>
		<bndbox>
			<xmin>216</xmin>
			<ymin>52</ymin>
			<xmax>560</xmax>
			<ymax>302</ymax>
		</bndbox>
	</object>
	<object>
		<name>양념게장</name>
		<bndbox>
			<xmin>258</xmin>
			<ymin>85</ymin>
			<xmax>493</xmax>
			<ymax>263</ymax>
		</bndbox>
	</object>
</annotation>