<annotation>
	<folder>side반찬부피접시양념게장q4</folder>
	<filename>side_반찬부피_접시_양념게장_Q4_00024.JPG</filename>
	<path>/side반찬부피접시양념게장q4/side_반찬부피_접시_양념게장_Q4_00024.JPG</path>
	<source>
		<database>fooddata</database>
	</source>
	<size>
		<width>720</width>
		<height>480</height>
		<depth>3</depth>
	</size>
	<object>
		<name>ref_spoon</name>
		<bndbox>
			<xmin>195</xmin>
			<ymin>395</ymin>
			<xmax>312</xmax>
			<ymax>460</ymax>
		</bndbox>
	</object>
	<object>
		<name>ref_fork</name>
		<bndbox>
			<xmin>220</xmin>
			<ymin>340</ymin>
			<xmax>336</xmax>
			<ymax>395</ymax>
		</bndbox>
	</object>
	<object>
		<name>ref_coin</name>
		<bndbox>
			<xmin>387</xmin>
			<ymin>32</ymin>
			<xmax>430</xmax>
			<ymax>60</ymax>
		</bndbox>
	</object>
	<object>
		<name>dish</name>
		<bndbox>
			<xmin>266</xmin>
			<ymin>81</ymin>
			<xmax>600</xmax>
			<ymax>320</ymax>
		</bndbox>
	</object>
	<object>
		<name>양념게장</name>
		<bndbox>
			<xmin>312</xmin>
			<ymin>105</ymin>
			<xmax>521</xmax>
			<ymax>301</ymax>
		</bndbox>
	</object>
</annotation>