<annotation>
	<folder>side반찬부피접시양념게장q4</folder>
	<filename>side_반찬부피_접시_양념게장_Q4_00040.JPG</filename>
	<path>/side반찬부피접시양념게장q4/side_반찬부피_접시_양념게장_Q4_00040.JPG</path>
	<source>
		<database>fooddata</database>
	</source>
	<size>
		<width>720</width>
		<height>480</height>
		<depth>3</depth>
	</size>
	<object>
		<name>ref_spoon</name>
		<bndbox>
			<xmin>106</xmin>
			<ymin>154</ymin>
			<xmax>172</xmax>
			<ymax>244</ymax>
		</bndbox>
	</object>
	<object>
		<name>ref_fork</name>
		<bndbox>
			<xmin>192</xmin>
			<ymin>155</ymin>
			<xmax>237</xmax>
			<ymax>258</ymax>
		</bndbox>
	</object>
	<object>
		<name>ref_coin</name>
		<bndbox>
			<xmin>610</xmin>
			<ymin>363</ymin>
			<xmax>663</xmax>
			<ymax>405</ymax>
		</bndbox>
	</object>
	<object>
		<name>dish</name>
		<bndbox>
			<xmin>275</xmin>
			<ymin>109</ymin>
			<xmax>618</xmax>
			<ymax>356</ymax>
		</bndbox>
	</object>
	<object>
		<name>양념게장</name>
		<bndbox>
			<xmin>304</xmin>
			<ymin>139</ymin>
			<xmax>525</xmax>
			<ymax>331</ymax>
		</bndbox>
	</object>
</annotation>