<annotation>
	<folder>side반찬부피접시양념게장q4</folder>
	<filename>side_반찬부피_접시_양념게장_Q4_00022.JPG</filename>
	<path>/side반찬부피접시양념게장q4/side_반찬부피_접시_양념게장_Q4_00022.JPG</path>
	<source>
		<database>fooddata</database>
	</source>
	<size>
		<width>720</width>
		<height>480</height>
		<depth>3</depth>
	</size>
	<object>
		<name>ref_spoon</name>
		<bndbox>
			<xmin>192</xmin>
			<ymin>384</ymin>
			<xmax>305</xmax>
			<ymax>448</ymax>
		</bndbox>
	</object>
	<object>
		<name>ref_fork</name>
		<bndbox>
			<xmin>215</xmin>
			<ymin>329</ymin>
			<xmax>341</xmax>
			<ymax>384</ymax>
		</bndbox>
	</object>
	<object>
		<name>ref_coin</name>
		<bndbox>
			<xmin>230</xmin>
			<ymin>81</ymin>
			<xmax>274</xmax>
			<ymax>112</ymax>
		</bndbox>
	</object>
	<object>
		<name>dish</name>
		<bndbox>
			<xmin>279</xmin>
			<ymin>66</ymin>
			<xmax>607</xmax>
			<ymax>303</ymax>
		</bndbox>
	</object>
	<object>
		<name>양념게장</name>
		<bndbox>
			<xmin>308</xmin>
			<ymin>95</ymin>
			<xmax>561</xmax>
			<ymax>264</ymax>
		</bndbox>
	</object>
</annotation>