<annotation>
	<folder>top반찬부피접시양념게장q4</folder>
	<filename>top_반찬부피_접시_양념게장_Q4_00011.JPG</filename>
	<path>/top반찬부피접시양념게장q4/top_반찬부피_접시_양념게장_Q4_00011.JPG</path>
	<source>
		<database>fooddata</database>
	</source>
	<size>
		<width>720</width>
		<height>480</height>
		<depth>3</depth>
	</size>
	<object>
		<name>ref_spoon</name>
		<bndbox>
			<xmin>512</xmin>
			<ymin>79</ymin>
			<xmax>570</xmax>
			<ymax>195</ymax>
		</bndbox>
	</object>
	<object>
		<name>ref_fork</name>
		<bndbox>
			<xmin>591</xmin>
			<ymin>92</ymin>
			<xmax>632</xmax>
			<ymax>216</ymax>
		</bndbox>
	</object>
	<object>
		<name>ref_coin</name>
		<bndbox>
			<xmin>234</xmin>
			<ymin>56</ymin>
			<xmax>276</xmax>
			<ymax>101</ymax>
		</bndbox>
	</object>
	<object>
		<name>dish</name>
		<bndbox>
			<xmin>201</xmin>
			<ymin>126</ymin>
			<xmax>506</xmax>
			<ymax>431</ymax>
		</bndbox>
	</object>
	<object>
		<name>양념게장</name>
		<bndbox>
			<xmin>287</xmin>
			<ymin>176</ymin>
			<xmax>452</xmax>
			<ymax>366</ymax>
		</bndbox>
	</object>
</annotation>