<annotation>
	<folder>top반찬부피접시양념게장q4</folder>
	<filename>top_반찬부피_접시_양념게장_Q4_00007.JPG</filename>
	<path>/top반찬부피접시양념게장q4/top_반찬부피_접시_양념게장_Q4_00007.JPG</path>
	<source>
		<database>fooddata</database>
	</source>
	<size>
		<width>720</width>
		<height>480</height>
		<depth>3</depth>
	</size>
	<object>
		<name>ref_spoon</name>
		<bndbox>
			<xmin>497</xmin>
			<ymin>86</ymin>
			<xmax>557</xmax>
			<ymax>204</ymax>
		</bndbox>
	</object>
	<object>
		<name>ref_fork</name>
		<bndbox>
			<xmin>572</xmin>
			<ymin>109</ymin>
			<xmax>617</xmax>
			<ymax>231</ymax>
		</bndbox>
	</object>
	<object>
		<name>ref_coin</name>
		<bndbox>
			<xmin>90</xmin>
			<ymin>285</ymin>
			<xmax>144</xmax>
			<ymax>330</ymax>
		</bndbox>
	</object>
	<object>
		<name>dish</name>
		<bndbox>
			<xmin>169</xmin>
			<ymin>94</ymin>
			<xmax>478</xmax>
			<ymax>399</ymax>
		</bndbox>
	</object>
	<object>
		<name>양념게장</name>
		<bndbox>
			<xmin>231</xmin>
			<ymin>141</ymin>
			<xmax>418</xmax>
			<ymax>317</ymax>
		</bndbox>
	</object>
</annotation>