<annotation>
	<folder>top반찬부피접시양념게장q4</folder>
	<filename>top_반찬부피_접시_양념게장_Q4_00040.JPG</filename>
	<path>/top반찬부피접시양념게장q4/top_반찬부피_접시_양념게장_Q4_00040.JPG</path>
	<source>
		<database>fooddata</database>
	</source>
	<size>
		<width>720</width>
		<height>480</height>
		<depth>3</depth>
	</size>
	<object>
		<name>ref_spoon</name>
		<bndbox>
			<xmin>81</xmin>
			<ymin>84</ymin>
			<xmax>154</xmax>
			<ymax>212</ymax>
		</bndbox>
	</object>
	<object>
		<name>ref_fork</name>
		<bndbox>
			<xmin>174</xmin>
			<ymin>92</ymin>
			<xmax>223</xmax>
			<ymax>236</ymax>
		</bndbox>
	</object>
	<object>
		<name>ref_coin</name>
		<bndbox>
			<xmin>641</xmin>
			<ymin>306</ymin>
			<xmax>690</xmax>
			<ymax>362</ymax>
		</bndbox>
	</object>
	<object>
		<name>dish</name>
		<bndbox>
			<xmin>268</xmin>
			<ymin>92</ymin>
			<xmax>617</xmax>
			<ymax>441</ymax>
		</bndbox>
	</object>
	<object>
		<name>양념게장</name>
		<bndbox>
			<xmin>351</xmin>
			<ymin>163</ymin>
			<xmax>557</xmax>
			<ymax>339</ymax>
		</bndbox>
	</object>
</annotation>