<annotation>
	<folder>top반찬부피접시양념게장q4</folder>
	<filename>top_반찬부피_접시_양념게장_Q4_00051.JPG</filename>
	<path>/top반찬부피접시양념게장q4/top_반찬부피_접시_양념게장_Q4_00051.JPG</path>
	<source>
		<database>fooddata</database>
	</source>
	<size>
		<width>720</width>
		<height>480</height>
		<depth>3</depth>
	</size>
	<object>
		<name>ref_spoon</name>
		<bndbox>
			<xmin>131</xmin>
			<ymin>77</ymin>
			<xmax>201</xmax>
			<ymax>201</ymax>
		</bndbox>
	</object>
	<object>
		<name>ref_fork</name>
		<bndbox>
			<xmin>221</xmin>
			<ymin>81</ymin>
			<xmax>264</xmax>
			<ymax>212</ymax>
		</bndbox>
	</object>
	<object>
		<name>ref_coin</name>
		<bndbox>
			<xmin>319</xmin>
			<ymin>19</ymin>
			<xmax>364</xmax>
			<ymax>69</ymax>
		</bndbox>
	</object>
	<object>
		<name>dish</name>
		<bndbox>
			<xmin>285</xmin>
			<ymin>107</ymin>
			<xmax>613</xmax>
			<ymax>431</ymax>
		</bndbox>
	</object>
	<object>
		<name>양념게장</name>
		<bndbox>
			<xmin>371</xmin>
			<ymin>163</ymin>
			<xmax>566</xmax>
			<ymax>358</ymax>
		</bndbox>
	</object>
</annotation>