<annotation>
	<folder>top반찬부피접시양념게장q4</folder>
	<filename>top_반찬부피_접시_양념게장_Q4_00036.JPG</filename>
	<path>/top반찬부피접시양념게장q4/top_반찬부피_접시_양념게장_Q4_00036.JPG</path>
	<source>
		<database>fooddata</database>
	</source>
	<size>
		<width>720</width>
		<height>480</height>
		<depth>3</depth>
	</size>
	<object>
		<name>ref_spoon</name>
		<bndbox>
			<xmin>105</xmin>
			<ymin>32</ymin>
			<xmax>180</xmax>
			<ymax>167</ymax>
		</bndbox>
	</object>
	<object>
		<name>ref_fork</name>
		<bndbox>
			<xmin>199</xmin>
			<ymin>43</ymin>
			<xmax>249</xmax>
			<ymax>182</ymax>
		</bndbox>
	</object>
	<object>
		<name>ref_coin</name>
		<bndbox>
			<xmin>463</xmin>
			<ymin>411</ymin>
			<xmax>519</xmax>
			<ymax>469</ymax>
		</bndbox>
	</object>
	<object>
		<name>dish</name>
		<bndbox>
			<xmin>300</xmin>
			<ymin>30</ymin>
			<xmax>656</xmax>
			<ymax>379</ymax>
		</bndbox>
	</object>
	<object>
		<name>양념게장</name>
		<bndbox>
			<xmin>371</xmin>
			<ymin>77</ymin>
			<xmax>598</xmax>
			<ymax>291</ymax>
		</bndbox>
	</object>
</annotation>