<annotation>
	<folder>top반찬부피접시양념게장q4</folder>
	<filename>top_반찬부피_접시_양념게장_Q4_00050.JPG</filename>
	<path>/top반찬부피접시양념게장q4/top_반찬부피_접시_양념게장_Q4_00050.JPG</path>
	<source>
		<database>fooddata</database>
	</source>
	<size>
		<width>720</width>
		<height>480</height>
		<depth>3</depth>
	</size>
	<object>
		<name>ref_spoon</name>
		<bndbox>
			<xmin>169</xmin>
			<ymin>64</ymin>
			<xmax>234</xmax>
			<ymax>184</ymax>
		</bndbox>
	</object>
	<object>
		<name>ref_fork</name>
		<bndbox>
			<xmin>251</xmin>
			<ymin>77</ymin>
			<xmax>289</xmax>
			<ymax>208</ymax>
		</bndbox>
	</object>
	<object>
		<name>ref_coin</name>
		<bndbox>
			<xmin>390</xmin>
			<ymin>24</ymin>
			<xmax>439</xmax>
			<ymax>66</ymax>
		</bndbox>
	</object>
	<object>
		<name>dish</name>
		<bndbox>
			<xmin>302</xmin>
			<ymin>114</ymin>
			<xmax>626</xmax>
			<ymax>435</ymax>
		</bndbox>
	</object>
	<object>
		<name>양념게장</name>
		<bndbox>
			<xmin>390</xmin>
			<ymin>171</ymin>
			<xmax>576</xmax>
			<ymax>349</ymax>
		</bndbox>
	</object>
</annotation>