<annotation>
	<folder>top반찬부피접시양념게장q4</folder>
	<filename>top_반찬부피_접시_양념게장_Q4_00018.JPG</filename>
	<path>/top반찬부피접시양념게장q4/top_반찬부피_접시_양념게장_Q4_00018.JPG</path>
	<source>
		<database>fooddata</database>
	</source>
	<size>
		<width>720</width>
		<height>480</height>
		<depth>3</depth>
	</size>
	<object>
		<name>ref_spoon</name>
		<bndbox>
			<xmin>246</xmin>
			<ymin>379</ymin>
			<xmax>356</xmax>
			<ymax>448</ymax>
		</bndbox>
	</object>
	<object>
		<name>ref_fork</name>
		<bndbox>
			<xmin>261</xmin>
			<ymin>317</ymin>
			<xmax>375</xmax>
			<ymax>369</ymax>
		</bndbox>
	</object>
	<object>
		<name>ref_coin</name>
		<bndbox>
			<xmin>206</xmin>
			<ymin>191</ymin>
			<xmax>255</xmax>
			<ymax>236</ymax>
		</bndbox>
	</object>
	<object>
		<name>dish</name>
		<bndbox>
			<xmin>294</xmin>
			<ymin>32</ymin>
			<xmax>594</xmax>
			<ymax>321</ymax>
		</bndbox>
	</object>
	<object>
		<name>양념게장</name>
		<bndbox>
			<xmin>347</xmin>
			<ymin>99</ymin>
			<xmax>519</xmax>
			<ymax>272</ymax>
		</bndbox>
	</object>
</annotation>