<annotation>
	<folder>side국류냉면기물회q3</folder>
	<filename>side_국류_냉면기_물회_Q3_00030.JPG</filename>
	<path>/side국류냉면기물회q3/side_국류_냉면기_물회_Q3_00030.JPG</path>
	<source>
		<database>fooddata</database>
	</source>
	<size>
		<width>3008</width>
		<height>2000</height>
		<depth>3</depth>
	</size>
	<object>
		<name>ref_spoon</name>
		<bndbox>
			<xmin>847</xmin>
			<ymin>1597</ymin>
			<xmax>1253</xmax>
			<ymax>1807</ymax>
		</bndbox>
	</object>
	<object>
		<name>ref_fork</name>
		<bndbox>
			<xmin>889</xmin>
			<ymin>1346</ymin>
			<xmax>1319</xmax>
			<ymax>1542</ymax>
		</bndbox>
	</object>
	<object>
		<name>ref_coin</name>
		<bndbox>
			<xmin>359</xmin>
			<ymin>1688</ymin>
			<xmax>566</xmax>
			<ymax>1834</ymax>
		</bndbox>
	</object>
	<object>
		<name>dish</name>
		<bndbox>
			<xmin>1032</xmin>
			<ymin>290</ymin>
			<xmax>2310</xmax>
			<ymax>1200</ymax>
		</bndbox>
	</object>
	<object>
		<name>물회</name>
		<bndbox>
			<xmin>1148</xmin>
			<ymin>428</ymin>
			<xmax>2194</xmax>
			<ymax>1015</ymax>
		</bndbox>
	</object>
</annotation>