<annotation>
	<folder>side국류냉면기물회q3</folder>
	<filename>side_국류_냉면기_물회_Q3_00022.JPG</filename>
	<path>/side국류냉면기물회q3/side_국류_냉면기_물회_Q3_00022.JPG</path>
	<source>
		<database>fooddata</database>
	</source>
	<size>
		<width>3008</width>
		<height>2000</height>
		<depth>3</depth>
	</size>
	<object>
		<name>ref_spoon</name>
		<bndbox>
			<xmin>944</xmin>
			<ymin>1639</ymin>
			<xmax>1341</xmax>
			<ymax>1848</ymax>
		</bndbox>
	</object>
	<object>
		<name>ref_fork</name>
		<bndbox>
			<xmin>999</xmin>
			<ymin>1393</ymin>
			<xmax>1410</xmax>
			<ymax>1589</ymax>
		</bndbox>
	</object>
	<object>
		<name>ref_coin</name>
		<bndbox>
			<xmin>1366</xmin>
			<ymin>237</ymin>
			<xmax>1526</xmax>
			<ymax>328</ymax>
		</bndbox>
	</object>
	<object>
		<name>dish</name>
		<bndbox>
			<xmin>1181</xmin>
			<ymin>345</ymin>
			<xmax>2447</xmax>
			<ymax>1247</ymax>
		</bndbox>
	</object>
	<object>
		<name>물회</name>
		<bndbox>
			<xmin>1278</xmin>
			<ymin>497</ymin>
			<xmax>2323</xmax>
			<ymax>1068</ymax>
		</bndbox>
	</object>
</annotation>