<annotation>
	<folder>side국류냉면기물회q3</folder>
	<filename>side_국류_냉면기_물회_Q3_00010.JPG</filename>
	<path>/side국류냉면기물회q3/side_국류_냉면기_물회_Q3_00010.JPG</path>
	<source>
		<database>fooddata</database>
	</source>
	<size>
		<width>3008</width>
		<height>2000</height>
		<depth>3</depth>
	</size>
	<object>
		<name>ref_spoon</name>
		<bndbox>
			<xmin>2114</xmin>
			<ymin>615</ymin>
			<xmax>2378</xmax>
			<ymax>946</ymax>
		</bndbox>
	</object>
	<object>
		<name>ref_fork</name>
		<bndbox>
			<xmin>2478</xmin>
			<ymin>634</ymin>
			<xmax>2668</xmax>
			<ymax>1010</ymax>
		</bndbox>
	</object>
	<object>
		<name>ref_coin</name>
		<bndbox>
			<xmin>1178</xmin>
			<ymin>326</ymin>
			<xmax>1347</xmax>
			<ymax>441</ymax>
		</bndbox>
	</object>
	<object>
		<name>dish</name>
		<bndbox>
			<xmin>481</xmin>
			<ymin>450</ymin>
			<xmax>1962</xmax>
			<ymax>1528</ymax>
		</bndbox>
	</object>
	<object>
		<name>물회</name>
		<bndbox>
			<xmin>602</xmin>
			<ymin>568</ymin>
			<xmax>1865</xmax>
			<ymax>1327</ymax>
		</bndbox>
	</object>
</annotation>