<annotation>
	<folder>side국류냉면기물회q3</folder>
	<filename>side_국류_냉면기_물회_Q3_00039.JPG</filename>
	<path>/side국류냉면기물회q3/side_국류_냉면기_물회_Q3_00039.JPG</path>
	<source>
		<database>fooddata</database>
	</source>
	<size>
		<width>3008</width>
		<height>2000</height>
		<depth>3</depth>
	</size>
	<object>
		<name>ref_spoon</name>
		<bndbox>
			<xmin>271</xmin>
			<ymin>794</ymin>
			<xmax>538</xmax>
			<ymax>1126</ymax>
		</bndbox>
	</object>
	<object>
		<name>ref_fork</name>
		<bndbox>
			<xmin>596</xmin>
			<ymin>786</ymin>
			<xmax>790</xmax>
			<ymax>1167</ymax>
		</bndbox>
	</object>
	<object>
		<name>ref_coin</name>
		<bndbox>
			<xmin>1683</xmin>
			<ymin>334</ymin>
			<xmax>1865</xmax>
			<ymax>447</ymax>
		</bndbox>
	</object>
	<object>
		<name>dish</name>
		<bndbox>
			<xmin>1176</xmin>
			<ymin>477</ymin>
			<xmax>2613</xmax>
			<ymax>1512</ymax>
		</bndbox>
	</object>
	<object>
		<name>물회</name>
		<bndbox>
			<xmin>1236</xmin>
			<ymin>632</ymin>
			<xmax>2527</xmax>
			<ymax>1319</ymax>
		</bndbox>
	</object>
</annotation>