<annotation>
	<folder>side국류냉면기물회q3</folder>
	<filename>side_국류_냉면기_물회_Q3_00032.JPG</filename>
	<path>/side국류냉면기물회q3/side_국류_냉면기_물회_Q3_00032.JPG</path>
	<source>
		<database>fooddata</database>
	</source>
	<size>
		<width>3008</width>
		<height>2000</height>
		<depth>3</depth>
	</size>
	<object>
		<name>ref_spoon</name>
		<bndbox>
			<xmin>354</xmin>
			<ymin>720</ymin>
			<xmax>602</xmax>
			<ymax>1023</ymax>
		</bndbox>
	</object>
	<object>
		<name>ref_fork</name>
		<bndbox>
			<xmin>665</xmin>
			<ymin>717</ymin>
			<xmax>831</xmax>
			<ymax>1062</ymax>
		</bndbox>
	</object>
	<object>
		<name>ref_coin</name>
		<bndbox>
			<xmin>1424</xmin>
			<ymin>1575</ymin>
			<xmax>1623</xmax>
			<ymax>1716</ymax>
		</bndbox>
	</object>
	<object>
		<name>dish</name>
		<bndbox>
			<xmin>1076</xmin>
			<ymin>312</ymin>
			<xmax>2365</xmax>
			<ymax>1241</ymax>
		</bndbox>
	</object>
	<object>
		<name>물회</name>
		<bndbox>
			<xmin>1190</xmin>
			<ymin>510</ymin>
			<xmax>2218</xmax>
			<ymax>1070</ymax>
		</bndbox>
	</object>
</annotation>