<annotation>
	<folder>side국류냉면기물회q3</folder>
	<filename>side_국류_냉면기_물회_Q3_00007.JPG</filename>
	<path>/side국류냉면기물회q3/side_국류_냉면기_물회_Q3_00007.JPG</path>
	<source>
		<database>fooddata</database>
	</source>
	<size>
		<width>3008</width>
		<height>2000</height>
		<depth>3</depth>
	</size>
	<object>
		<name>ref_spoon</name>
		<bndbox>
			<xmin>2246</xmin>
			<ymin>626</ymin>
			<xmax>2503</xmax>
			<ymax>966</ymax>
		</bndbox>
	</object>
	<object>
		<name>ref_fork</name>
		<bndbox>
			<xmin>2607</xmin>
			<ymin>640</ymin>
			<xmax>2801</xmax>
			<ymax>1018</ymax>
		</bndbox>
	</object>
	<object>
		<name>ref_coin</name>
		<bndbox>
			<xmin>213</xmin>
			<ymin>1189</ymin>
			<xmax>425</xmax>
			<ymax>1327</ymax>
		</bndbox>
	</object>
	<object>
		<name>dish</name>
		<bndbox>
			<xmin>729</xmin>
			<ymin>444</ymin>
			<xmax>2196</xmax>
			<ymax>1517</ymax>
		</bndbox>
	</object>
	<object>
		<name>물회</name>
		<bndbox>
			<xmin>798</xmin>
			<ymin>577</ymin>
			<xmax>2133</xmax>
			<ymax>1319</ymax>
		</bndbox>
	</object>
</annotation>