<annotation>
	<folder>side국류냉면기물회q3</folder>
	<filename>side_국류_냉면기_물회_Q3_00003.JPG</filename>
	<path>/side국류냉면기물회q3/side_국류_냉면기_물회_Q3_00003.JPG</path>
	<source>
		<database>fooddata</database>
	</source>
	<size>
		<width>3008</width>
		<height>2000</height>
		<depth>3</depth>
	</size>
	<object>
		<name>ref_spoon</name>
		<bndbox>
			<xmin>2332</xmin>
			<ymin>508</ymin>
			<xmax>2599</xmax>
			<ymax>833</ymax>
		</bndbox>
	</object>
	<object>
		<name>ref_fork</name>
		<bndbox>
			<xmin>2693</xmin>
			<ymin>513</ymin>
			<xmax>2894</xmax>
			<ymax>883</ymax>
		</bndbox>
	</object>
	<object>
		<name>ref_coin</name>
		<bndbox>
			<xmin>1363</xmin>
			<ymin>1799</ymin>
			<xmax>1587</xmax>
			<ymax>1964</ymax>
		</bndbox>
	</object>
	<object>
		<name>dish</name>
		<bndbox>
			<xmin>870</xmin>
			<ymin>367</ymin>
			<xmax>2340</xmax>
			<ymax>1426</ymax>
		</bndbox>
	</object>
	<object>
		<name>물회</name>
		<bndbox>
			<xmin>969</xmin>
			<ymin>552</ymin>
			<xmax>2257</xmax>
			<ymax>1239</ymax>
		</bndbox>
	</object>
</annotation>