<annotation>
	<folder>side국류냉면기물회q3</folder>
	<filename>side_국류_냉면기_물회_Q3_00001.JPG</filename>
	<path>/side국류냉면기물회q3/side_국류_냉면기_물회_Q3_00001.JPG</path>
	<source>
		<database>fooddata</database>
	</source>
	<size>
		<width>3008</width>
		<height>2000</height>
		<depth>3</depth>
	</size>
	<object>
		<name>ref_spoon</name>
		<bndbox>
			<xmin>2094</xmin>
			<ymin>566</ymin>
			<xmax>2348</xmax>
			<ymax>886</ymax>
		</bndbox>
	</object>
	<object>
		<name>ref_fork</name>
		<bndbox>
			<xmin>2442</xmin>
			<ymin>579</ymin>
			<xmax>2632</xmax>
			<ymax>941</ymax>
		</bndbox>
	</object>
	<object>
		<name>ref_coin</name>
		<bndbox>
			<xmin>1846</xmin>
			<ymin>1647</ymin>
			<xmax>2061</xmax>
			<ymax>1796</ymax>
		</bndbox>
	</object>
	<object>
		<name>dish</name>
		<bndbox>
			<xmin>605</xmin>
			<ymin>411</ymin>
			<xmax>2031</xmax>
			<ymax>1459</ymax>
		</bndbox>
	</object>
	<object>
		<name>물회</name>
		<bndbox>
			<xmin>652</xmin>
			<ymin>574</ymin>
			<xmax>1967</xmax>
			<ymax>1272</ymax>
		</bndbox>
	</object>
</annotation>