<annotation>
	<folder>side국류냉면기물회q3</folder>
	<filename>side_국류_냉면기_물회_Q3_00005.JPG</filename>
	<path>/side국류냉면기물회q3/side_국류_냉면기_물회_Q3_00005.JPG</path>
	<source>
		<database>fooddata</database>
	</source>
	<size>
		<width>3008</width>
		<height>2000</height>
		<depth>3</depth>
	</size>
	<object>
		<name>ref_spoon</name>
		<bndbox>
			<xmin>2227</xmin>
			<ymin>582</ymin>
			<xmax>2497</xmax>
			<ymax>913</ymax>
		</bndbox>
	</object>
	<object>
		<name>ref_fork</name>
		<bndbox>
			<xmin>2591</xmin>
			<ymin>590</ymin>
			<xmax>2790</xmax>
			<ymax>968</ymax>
		</bndbox>
	</object>
	<object>
		<name>ref_coin</name>
		<bndbox>
			<xmin>489</xmin>
			<ymin>1719</ymin>
			<xmax>710</xmax>
			<ymax>1873</ymax>
		</bndbox>
	</object>
	<object>
		<name>dish</name>
		<bndbox>
			<xmin>687</xmin>
			<ymin>394</ymin>
			<xmax>2144</xmax>
			<ymax>1473</ymax>
		</bndbox>
	</object>
	<object>
		<name>물회</name>
		<bndbox>
			<xmin>743</xmin>
			<ymin>439</ymin>
			<xmax>2056</xmax>
			<ymax>1288</ymax>
		</bndbox>
	</object>
</annotation>