<annotation>
	<folder>side국류냉면기물회q3</folder>
	<filename>side_국류_냉면기_물회_Q3_00004.JPG</filename>
	<path>/side국류냉면기물회q3/side_국류_냉면기_물회_Q3_00004.JPG</path>
	<source>
		<database>fooddata</database>
	</source>
	<size>
		<width>3008</width>
		<height>2000</height>
		<depth>3</depth>
	</size>
	<object>
		<name>ref_spoon</name>
		<bndbox>
			<xmin>2216</xmin>
			<ymin>596</ymin>
			<xmax>2481</xmax>
			<ymax>935</ymax>
		</bndbox>
	</object>
	<object>
		<name>ref_fork</name>
		<bndbox>
			<xmin>2577</xmin>
			<ymin>604</ymin>
			<xmax>2773</xmax>
			<ymax>977</ymax>
		</bndbox>
	</object>
	<object>
		<name>ref_coin</name>
		<bndbox>
			<xmin>922</xmin>
			<ymin>1807</ymin>
			<xmax>1140</xmax>
			<ymax>1975</ymax>
		</bndbox>
	</object>
	<object>
		<name>dish</name>
		<bndbox>
			<xmin>712</xmin>
			<ymin>414</ymin>
			<xmax>2180</xmax>
			<ymax>1479</ymax>
		</bndbox>
	</object>
	<object>
		<name>물회</name>
		<bndbox>
			<xmin>812</xmin>
			<ymin>480</ymin>
			<xmax>2023</xmax>
			<ymax>1291</ymax>
		</bndbox>
	</object>
</annotation>