<annotation>
	<folder>side국류냉면기물회q3</folder>
	<filename>side_국류_냉면기_물회_Q3_00052.JPG</filename>
	<path>/side국류냉면기물회q3/side_국류_냉면기_물회_Q3_00052.JPG</path>
	<source>
		<database>fooddata</database>
	</source>
	<size>
		<width>3008</width>
		<height>2000</height>
		<depth>3</depth>
	</size>
	<object>
		<name>ref_spoon</name>
		<bndbox>
			<xmin>232</xmin>
			<ymin>836</ymin>
			<xmax>503</xmax>
			<ymax>1175</ymax>
		</bndbox>
	</object>
	<object>
		<name>ref_fork</name>
		<bndbox>
			<xmin>566</xmin>
			<ymin>833</ymin>
			<xmax>756</xmax>
			<ymax>1217</ymax>
		</bndbox>
	</object>
	<object>
		<name>ref_coin</name>
		<bndbox>
			<xmin>2453</xmin>
			<ymin>679</ymin>
			<xmax>2627</xmax>
			<ymax>794</ymax>
		</bndbox>
	</object>
	<object>
		<name>dish</name>
		<bndbox>
			<xmin>1043</xmin>
			<ymin>452</ymin>
			<xmax>2467</xmax>
			<ymax>1468</ymax>
		</bndbox>
	</object>
	<object>
		<name>물회</name>
		<bndbox>
			<xmin>1151</xmin>
			<ymin>568</ymin>
			<xmax>2392</xmax>
			<ymax>1280</ymax>
		</bndbox>
	</object>
</annotation>