<annotation>
	<folder>side국류냉면기물회q3</folder>
	<filename>side_국류_냉면기_물회_Q3_00047.JPG</filename>
	<path>/side국류냉면기물회q3/side_국류_냉면기_물회_Q3_00047.JPG</path>
	<source>
		<database>fooddata</database>
	</source>
	<size>
		<width>3008</width>
		<height>2000</height>
		<depth>3</depth>
	</size>
	<object>
		<name>ref_spoon</name>
		<bndbox>
			<xmin>373</xmin>
			<ymin>709</ymin>
			<xmax>646</xmax>
			<ymax>1048</ymax>
		</bndbox>
	</object>
	<object>
		<name>ref_fork</name>
		<bndbox>
			<xmin>710</xmin>
			<ymin>712</ymin>
			<xmax>886</xmax>
			<ymax>1087</ymax>
		</bndbox>
	</object>
	<object>
		<name>ref_coin</name>
		<bndbox>
			<xmin>2470</xmin>
			<ymin>1564</ymin>
			<xmax>2690</xmax>
			<ymax>1713</ymax>
		</bndbox>
	</object>
	<object>
		<name>dish</name>
		<bndbox>
			<xmin>1206</xmin>
			<ymin>301</ymin>
			<xmax>2627</xmax>
			<ymax>1335</ymax>
		</bndbox>
	</object>
	<object>
		<name>물회</name>
		<bndbox>
			<xmin>1341</xmin>
			<ymin>378</ymin>
			<xmax>2478</xmax>
			<ymax>1134</ymax>
		</bndbox>
	</object>
</annotation>