<annotation>
	<folder>top국류냉면기물회q3</folder>
	<filename>top_국류_냉면기_물회_Q3_00039.JPG</filename>
	<path>/top국류냉면기물회q3/top_국류_냉면기_물회_Q3_00039.JPG</path>
	<source>
		<database>fooddata</database>
	</source>
	<size>
		<width>3008</width>
		<height>2000</height>
		<depth>3</depth>
	</size>
	<object>
		<name>ref_spoon</name>
		<bndbox>
			<xmin>376</xmin>
			<ymin>487</ymin>
			<xmax>670</xmax>
			<ymax>931</ymax>
		</bndbox>
	</object>
	<object>
		<name>ref_fork</name>
		<bndbox>
			<xmin>802</xmin>
			<ymin>516</ymin>
			<xmax>1011</xmax>
			<ymax>980</ymax>
		</bndbox>
	</object>
	<object>
		<name>ref_coin</name>
		<bndbox>
			<xmin>2256</xmin>
			<ymin>1410</ymin>
			<xmax>2444</xmax>
			<ymax>1623</ymax>
		</bndbox>
	</object>
	<object>
		<name>dish</name>
		<bndbox>
			<xmin>1252</xmin>
			<ymin>158</ymin>
			<xmax>2611</xmax>
			<ymax>1520</ymax>
		</bndbox>
	</object>
	<object>
		<name>물회</name>
		<bndbox>
			<xmin>1383</xmin>
			<ymin>236</ymin>
			<xmax>2483</xmax>
			<ymax>1353</ymax>
		</bndbox>
	</object>
</annotation>