<annotation>
	<folder>top국류냉면기물회q3</folder>
	<filename>top_국류_냉면기_물회_Q3_00011.JPG</filename>
	<path>/top국류냉면기물회q3/top_국류_냉면기_물회_Q3_00011.JPG</path>
	<source>
		<database>fooddata</database>
	</source>
	<size>
		<width>3008</width>
		<height>2000</height>
		<depth>3</depth>
	</size>
	<object>
		<name>ref_spoon</name>
		<bndbox>
			<xmin>2111</xmin>
			<ymin>136</ymin>
			<xmax>2352</xmax>
			<ymax>523</ymax>
		</bndbox>
	</object>
	<object>
		<name>ref_fork</name>
		<bndbox>
			<xmin>2487</xmin>
			<ymin>133</ymin>
			<xmax>2657</xmax>
			<ymax>555</ymax>
		</bndbox>
	</object>
	<object>
		<name>ref_coin</name>
		<bndbox>
			<xmin>1873</xmin>
			<ymin>814</ymin>
			<xmax>2068</xmax>
			<ymax>1005</ymax>
		</bndbox>
	</object>
	<object>
		<name>dish</name>
		<bndbox>
			<xmin>333</xmin>
			<ymin>331</ymin>
			<xmax>1766</xmax>
			<ymax>1750</ymax>
		</bndbox>
	</object>
	<object>
		<name>물회</name>
		<bndbox>
			<xmin>504</xmin>
			<ymin>519</ymin>
			<xmax>1646</xmax>
			<ymax>1654</ymax>
		</bndbox>
	</object>
</annotation>