<annotation>
	<folder>top국류냉면기물회q3</folder>
	<filename>top_국류_냉면기_물회_Q3_00033.JPG</filename>
	<path>/top국류냉면기물회q3/top_국류_냉면기_물회_Q3_00033.JPG</path>
	<source>
		<database>fooddata</database>
	</source>
	<size>
		<width>3008</width>
		<height>2000</height>
		<depth>3</depth>
	</size>
	<object>
		<name>ref_spoon</name>
		<bndbox>
			<xmin>1036</xmin>
			<ymin>1626</ymin>
			<xmax>1405</xmax>
			<ymax>1878</ymax>
		</bndbox>
	</object>
	<object>
		<name>ref_fork</name>
		<bndbox>
			<xmin>1064</xmin>
			<ymin>1385</ymin>
			<xmax>1447</xmax>
			<ymax>1569</ymax>
		</bndbox>
	</object>
	<object>
		<name>ref_coin</name>
		<bndbox>
			<xmin>2018</xmin>
			<ymin>1048</ymin>
			<xmax>2182</xmax>
			<ymax>1211</ymax>
		</bndbox>
	</object>
	<object>
		<name>dish</name>
		<bndbox>
			<xmin>1093</xmin>
			<ymin>87</ymin>
			<xmax>2189</xmax>
			<ymax>1161</ymax>
		</bndbox>
	</object>
	<object>
		<name>물회</name>
		<bndbox>
			<xmin>1227</xmin>
			<ymin>218</ymin>
			<xmax>2061</xmax>
			<ymax>1073</ymax>
		</bndbox>
	</object>
</annotation>