<annotation>
	<folder>top국류냉면기물회q3</folder>
	<filename>top_국류_냉면기_물회_Q3_00035.JPG</filename>
	<path>/top국류냉면기물회q3/top_국류_냉면기_물회_Q3_00035.JPG</path>
	<source>
		<database>fooddata</database>
	</source>
	<size>
		<width>3008</width>
		<height>2000</height>
		<depth>3</depth>
	</size>
	<object>
		<name>ref_spoon</name>
		<bndbox>
			<xmin>458</xmin>
			<ymin>530</ymin>
			<xmax>738</xmax>
			<ymax>963</ymax>
		</bndbox>
	</object>
	<object>
		<name>ref_fork</name>
		<bndbox>
			<xmin>858</xmin>
			<ymin>530</ymin>
			<xmax>1075</xmax>
			<ymax>973</ymax>
		</bndbox>
	</object>
	<object>
		<name>ref_coin</name>
		<bndbox>
			<xmin>1561</xmin>
			<ymin>1562</ymin>
			<xmax>1763</xmax>
			<ymax>1754</ymax>
		</bndbox>
	</object>
	<object>
		<name>dish</name>
		<bndbox>
			<xmin>1277</xmin>
			<ymin>150</ymin>
			<xmax>2597</xmax>
			<ymax>1470</ymax>
		</bndbox>
	</object>
	<object>
		<name>물회</name>
		<bndbox>
			<xmin>1359</xmin>
			<ymin>307</ymin>
			<xmax>2511</xmax>
			<ymax>1381</ymax>
		</bndbox>
	</object>
</annotation>