<annotation>
	<folder>top국류냉면기물회q3</folder>
	<filename>top_국류_냉면기_물회_Q3_00008.JPG</filename>
	<path>/top국류냉면기물회q3/top_국류_냉면기_물회_Q3_00008.JPG</path>
	<source>
		<database>fooddata</database>
	</source>
	<size>
		<width>3008</width>
		<height>2000</height>
		<depth>3</depth>
	</size>
	<object>
		<name>ref_spoon</name>
		<bndbox>
			<xmin>1884</xmin>
			<ymin>186</ymin>
			<xmax>2132</xmax>
			<ymax>551</ymax>
		</bndbox>
	</object>
	<object>
		<name>ref_fork</name>
		<bndbox>
			<xmin>2249</xmin>
			<ymin>143</ymin>
			<xmax>2426</xmax>
			<ymax>580</ymax>
		</bndbox>
	</object>
	<object>
		<name>ref_coin</name>
		<bndbox>
			<xmin>890</xmin>
			<ymin>76</ymin>
			<xmax>1089</xmax>
			<ymax>253</ymax>
		</bndbox>
	</object>
	<object>
		<name>dish</name>
		<bndbox>
			<xmin>514</xmin>
			<ymin>498</ymin>
			<xmax>1919</xmax>
			<ymax>1892</ymax>
		</bndbox>
	</object>
	<object>
		<name>물회</name>
		<bndbox>
			<xmin>706</xmin>
			<ymin>672</ymin>
			<xmax>1774</xmax>
			<ymax>1772</ymax>
		</bndbox>
	</object>
</annotation>