<annotation>
	<folder>top국류냉면기물회q3</folder>
	<filename>top_국류_냉면기_물회_Q3_00002.JPG</filename>
	<path>/top국류냉면기물회q3/top_국류_냉면기_물회_Q3_00002.JPG</path>
	<source>
		<database>fooddata</database>
	</source>
	<size>
		<width>3008</width>
		<height>2000</height>
		<depth>3</depth>
	</size>
	<object>
		<name>ref_spoon</name>
		<bndbox>
			<xmin>1774</xmin>
			<ymin>257</ymin>
			<xmax>2029</xmax>
			<ymax>622</ymax>
		</bndbox>
	</object>
	<object>
		<name>ref_fork</name>
		<bndbox>
			<xmin>2146</xmin>
			<ymin>221</ymin>
			<xmax>2330</xmax>
			<ymax>640</ymax>
		</bndbox>
	</object>
	<object>
		<name>ref_coin</name>
		<bndbox>
			<xmin>1447</xmin>
			<ymin>1626</ymin>
			<xmax>1635</xmax>
			<ymax>1814</ymax>
		</bndbox>
	</object>
	<object>
		<name>dish</name>
		<bndbox>
			<xmin>369</xmin>
			<ymin>289</ymin>
			<xmax>1774</xmax>
			<ymax>1644</ymax>
		</bndbox>
	</object>
	<object>
		<name>물회</name>
		<bndbox>
			<xmin>532</xmin>
			<ymin>452</ymin>
			<xmax>1610</xmax>
			<ymax>1466</ymax>
		</bndbox>
	</object>
</annotation>