<annotation>
	<folder>top국류냉면기물회q3</folder>
	<filename>top_국류_냉면기_물회_Q3_00048.JPG</filename>
	<path>/top국류냉면기물회q3/top_국류_냉면기_물회_Q3_00048.JPG</path>
	<source>
		<database>fooddata</database>
	</source>
	<size>
		<width>3008</width>
		<height>2000</height>
		<depth>3</depth>
	</size>
	<object>
		<name>ref_spoon</name>
		<bndbox>
			<xmin>181</xmin>
			<ymin>615</ymin>
			<xmax>493</xmax>
			<ymax>1069</ymax>
		</bndbox>
	</object>
	<object>
		<name>ref_fork</name>
		<bndbox>
			<xmin>614</xmin>
			<ymin>612</ymin>
			<xmax>851</xmax>
			<ymax>1087</ymax>
		</bndbox>
	</object>
	<object>
		<name>ref_coin</name>
		<bndbox>
			<xmin>2405</xmin>
			<ymin>1215</ymin>
			<xmax>2611</xmax>
			<ymax>1420</ymax>
		</bndbox>
	</object>
	<object>
		<name>dish</name>
		<bndbox>
			<xmin>993</xmin>
			<ymin>338</ymin>
			<xmax>2426</xmax>
			<ymax>1775</ymax>
		</bndbox>
	</object>
	<object>
		<name>물회</name>
		<bndbox>
			<xmin>1107</xmin>
			<ymin>370</ymin>
			<xmax>2299</xmax>
			<ymax>1690</ymax>
		</bndbox>
	</object>
</annotation>