<annotation>
	<folder>top국류냉면기물회q3</folder>
	<filename>top_국류_냉면기_물회_Q3_00027.JPG</filename>
	<path>/top국류냉면기물회q3/top_국류_냉면기_물회_Q3_00027.JPG</path>
	<source>
		<database>fooddata</database>
	</source>
	<size>
		<width>3008</width>
		<height>2000</height>
		<depth>3</depth>
	</size>
	<object>
		<name>ref_spoon</name>
		<bndbox>
			<xmin>936</xmin>
			<ymin>1665</ymin>
			<xmax>1323</xmax>
			<ymax>1928</ymax>
		</bndbox>
	</object>
	<object>
		<name>ref_fork</name>
		<bndbox>
			<xmin>979</xmin>
			<ymin>1420</ymin>
			<xmax>1366</xmax>
			<ymax>1598</ymax>
		</bndbox>
	</object>
	<object>
		<name>ref_coin</name>
		<bndbox>
			<xmin>880</xmin>
			<ymin>62</ymin>
			<xmax>1064</xmax>
			<ymax>232</ymax>
		</bndbox>
	</object>
	<object>
		<name>dish</name>
		<bndbox>
			<xmin>1107</xmin>
			<ymin>189</ymin>
			<xmax>2299</xmax>
			<ymax>1342</ymax>
		</bndbox>
	</object>
	<object>
		<name>물회</name>
		<bndbox>
			<xmin>1266</xmin>
			<ymin>321</ymin>
			<xmax>2171</xmax>
			<ymax>1225</ymax>
		</bndbox>
	</object>
</annotation>