<annotation>
	<folder>side건더기국류전골냄비곱창전골q2</folder>
	<filename>side_건더기국류_전골냄비_곱창전골_Q2_00051.JPG</filename>
	<path>/side건더기국류전골냄비곱창전골q2/side_건더기국류_전골냄비_곱창전골_Q2_00051.JPG</path>
	<source>
		<database>fooddata</database>
	</source>
	<size>
		<width>3008</width>
		<height>2000</height>
		<depth>3</depth>
	</size>
	<object>
		<name>ref_spoon</name>
		<bndbox>
			<xmin>485</xmin>
			<ymin>444</ymin>
			<xmax>748</xmax>
			<ymax>794</ymax>
		</bndbox>
	</object>
	<object>
		<name>ref_fork</name>
		<bndbox>
			<xmin>887</xmin>
			<ymin>486</ymin>
			<xmax>1068</xmax>
			<ymax>874</ymax>
		</bndbox>
	</object>
	<object>
		<name>ref_coin</name>
		<bndbox>
			<xmin>78</xmin>
			<ymin>1556</ymin>
			<xmax>302</xmax>
			<ymax>1727</ymax>
		</bndbox>
	</object>
	<object>
		<name>dish</name>
		<bndbox>
			<xmin>1225</xmin>
			<ymin>298</ymin>
			<xmax>2621</xmax>
			<ymax>1394</ymax>
		</bndbox>
	</object>
	<object>
		<name>곱창전골</name>
		<bndbox>
			<xmin>1402</xmin>
			<ymin>677</ymin>
			<xmax>2438</xmax>
			<ymax>1234</ymax>
		</bndbox>
	</object>
</annotation>