<annotation>
	<folder>side건더기국류전골냄비곱창전골q2</folder>
	<filename>side_건더기국류_전골냄비_곱창전골_Q2_00024.JPG</filename>
	<path>/side건더기국류전골냄비곱창전골q2/side_건더기국류_전골냄비_곱창전골_Q2_00024.JPG</path>
	<source>
		<database>fooddata</database>
	</source>
	<size>
		<width>3008</width>
		<height>2000</height>
		<depth>3</depth>
	</size>
	<object>
		<name>ref_spoon</name>
		<bndbox>
			<xmin>659</xmin>
			<ymin>1652</ymin>
			<xmax>1068</xmax>
			<ymax>1887</ymax>
		</bndbox>
	</object>
	<object>
		<name>ref_fork</name>
		<bndbox>
			<xmin>755</xmin>
			<ymin>1403</ymin>
			<xmax>1183</xmax>
			<ymax>1626</ymax>
		</bndbox>
	</object>
	<object>
		<name>ref_coin</name>
		<bndbox>
			<xmin>1308</xmin>
			<ymin>87</ymin>
			<xmax>1460</xmax>
			<ymax>190</ymax>
		</bndbox>
	</object>
	<object>
		<name>dish</name>
		<bndbox>
			<xmin>767</xmin>
			<ymin>338</ymin>
			<xmax>1987</xmax>
			<ymax>1300</ymax>
		</bndbox>
	</object>
	<object>
		<name>곱창전골</name>
		<bndbox>
			<xmin>906</xmin>
			<ymin>642</ymin>
			<xmax>1827</xmax>
			<ymax>1156</ymax>
		</bndbox>
	</object>
</annotation>