<annotation>
	<folder>side건더기국류전골냄비곱창전골q2</folder>
	<filename>side_건더기국류_전골냄비_곱창전골_Q2_00050.JPG</filename>
	<path>/side건더기국류전골냄비곱창전골q2/side_건더기국류_전골냄비_곱창전골_Q2_00050.JPG</path>
	<source>
		<database>fooddata</database>
	</source>
	<size>
		<width>3008</width>
		<height>2000</height>
		<depth>3</depth>
	</size>
	<object>
		<name>ref_spoon</name>
		<bndbox>
			<xmin>344</xmin>
			<ymin>336</ymin>
			<xmax>631</xmax>
			<ymax>698</ymax>
		</bndbox>
	</object>
	<object>
		<name>ref_fork</name>
		<bndbox>
			<xmin>769</xmin>
			<ymin>381</ymin>
			<xmax>957</xmax>
			<ymax>790</ymax>
		</bndbox>
	</object>
	<object>
		<name>ref_coin</name>
		<bndbox>
			<xmin>321</xmin>
			<ymin>1683</ymin>
			<xmax>556</xmax>
			<ymax>1868</ymax>
		</bndbox>
	</object>
	<object>
		<name>dish</name>
		<bndbox>
			<xmin>1129</xmin>
			<ymin>183</ymin>
			<xmax>2600</xmax>
			<ymax>1344</ymax>
		</bndbox>
	</object>
	<object>
		<name>곱창전골</name>
		<bndbox>
			<xmin>1294</xmin>
			<ymin>569</ymin>
			<xmax>2403</xmax>
			<ymax>1177</ymax>
		</bndbox>
	</object>
</annotation>