<annotation>
	<folder>side건더기국류전골냄비곱창전골q2</folder>
	<filename>side_건더기국류_전골냄비_곱창전골_Q2_00001.JPG</filename>
	<path>/side건더기국류전골냄비곱창전골q2/side_건더기국류_전골냄비_곱창전골_Q2_00001.JPG</path>
	<source>
		<database>fooddata</database>
	</source>
	<size>
		<width>3008</width>
		<height>2000</height>
		<depth>3</depth>
	</size>
	<object>
		<name>ref_spoon</name>
		<bndbox>
			<xmin>2212</xmin>
			<ymin>632</ymin>
			<xmax>2469</xmax>
			<ymax>966</ymax>
		</bndbox>
	</object>
	<object>
		<name>ref_fork</name>
		<bndbox>
			<xmin>2598</xmin>
			<ymin>717</ymin>
			<xmax>2784</xmax>
			<ymax>1095</ymax>
		</bndbox>
	</object>
	<object>
		<name>ref_coin</name>
		<bndbox>
			<xmin>1827</xmin>
			<ymin>1617</ymin>
			<xmax>2036</xmax>
			<ymax>1777</ymax>
		</bndbox>
	</object>
	<object>
		<name>dish</name>
		<bndbox>
			<xmin>389</xmin>
			<ymin>543</ymin>
			<xmax>1773</xmax>
			<ymax>1617</ymax>
		</bndbox>
	</object>
	<object>
		<name>곱창전골</name>
		<bndbox>
			<xmin>567</xmin>
			<ymin>879</ymin>
			<xmax>1608</xmax>
			<ymax>1457</ymax>
		</bndbox>
	</object>
</annotation>