<annotation>
	<folder>side건더기국류전골냄비곱창전골q2</folder>
	<filename>side_건더기국류_전골냄비_곱창전골_Q2_00036.JPG</filename>
	<path>/side건더기국류전골냄비곱창전골q2/side_건더기국류_전골냄비_곱창전골_Q2_00036.JPG</path>
	<source>
		<database>fooddata</database>
	</source>
	<size>
		<width>3008</width>
		<height>2000</height>
		<depth>3</depth>
	</size>
	<object>
		<name>ref_spoon</name>
		<bndbox>
			<xmin>198</xmin>
			<ymin>494</ymin>
			<xmax>452</xmax>
			<ymax>825</ymax>
		</bndbox>
	</object>
	<object>
		<name>ref_fork</name>
		<bndbox>
			<xmin>591</xmin>
			<ymin>517</ymin>
			<xmax>760</xmax>
			<ymax>893</ymax>
		</bndbox>
	</object>
	<object>
		<name>ref_coin</name>
		<bndbox>
			<xmin>346</xmin>
			<ymin>1655</ymin>
			<xmax>560</xmax>
			<ymax>1819</ymax>
		</bndbox>
	</object>
	<object>
		<name>dish</name>
		<bndbox>
			<xmin>894</xmin>
			<ymin>294</ymin>
			<xmax>2205</xmax>
			<ymax>1323</ymax>
		</bndbox>
	</object>
	<object>
		<name>곱창전골</name>
		<bndbox>
			<xmin>1075</xmin>
			<ymin>642</ymin>
			<xmax>2039</xmax>
			<ymax>1163</ymax>
		</bndbox>
	</object>
</annotation>