<annotation>
	<folder>side건더기국류전골냄비곱창전골q2</folder>
	<filename>side_건더기국류_전골냄비_곱창전골_Q2_00006.JPG</filename>
	<path>/side건더기국류전골냄비곱창전골q2/side_건더기국류_전골냄비_곱창전골_Q2_00006.JPG</path>
	<source>
		<database>fooddata</database>
	</source>
	<size>
		<width>3008</width>
		<height>2000</height>
		<depth>3</depth>
	</size>
	<object>
		<name>ref_spoon</name>
		<bndbox>
			<xmin>2027</xmin>
			<ymin>686</ymin>
			<xmax>2278</xmax>
			<ymax>1020</ymax>
		</bndbox>
	</object>
	<object>
		<name>ref_fork</name>
		<bndbox>
			<xmin>2396</xmin>
			<ymin>804</ymin>
			<xmax>2567</xmax>
			<ymax>1187</ymax>
		</bndbox>
	</object>
	<object>
		<name>ref_coin</name>
		<bndbox>
			<xmin>144</xmin>
			<ymin>1358</ymin>
			<xmax>358</xmax>
			<ymax>1516</ymax>
		</bndbox>
	</object>
	<object>
		<name>dish</name>
		<bndbox>
			<xmin>586</xmin>
			<ymin>519</ymin>
			<xmax>1987</xmax>
			<ymax>1600</ymax>
		</bndbox>
	</object>
	<object>
		<name>곱창전골</name>
		<bndbox>
			<xmin>729</xmin>
			<ymin>860</ymin>
			<xmax>1792</xmax>
			<ymax>1434</ymax>
		</bndbox>
	</object>
</annotation>