<annotation>
	<folder>side건더기국류전골냄비곱창전골q2</folder>
	<filename>side_건더기국류_전골냄비_곱창전골_Q2_00010.JPG</filename>
	<path>/side건더기국류전골냄비곱창전골q2/side_건더기국류_전골냄비_곱창전골_Q2_00010.JPG</path>
	<source>
		<database>fooddata</database>
	</source>
	<size>
		<width>3008</width>
		<height>2000</height>
		<depth>3</depth>
	</size>
	<object>
		<name>ref_spoon</name>
		<bndbox>
			<xmin>2086</xmin>
			<ymin>686</ymin>
			<xmax>2356</xmax>
			<ymax>1039</ymax>
		</bndbox>
	</object>
	<object>
		<name>ref_fork</name>
		<bndbox>
			<xmin>2473</xmin>
			<ymin>816</ymin>
			<xmax>2657</xmax>
			<ymax>1227</ymax>
		</bndbox>
	</object>
	<object>
		<name>ref_coin</name>
		<bndbox>
			<xmin>807</xmin>
			<ymin>263</ymin>
			<xmax>997</xmax>
			<ymax>388</ymax>
		</bndbox>
	</object>
	<object>
		<name>dish</name>
		<bndbox>
			<xmin>360</xmin>
			<ymin>526</ymin>
			<xmax>1862</xmax>
			<ymax>1704</ymax>
		</bndbox>
	</object>
	<object>
		<name>곱창전골</name>
		<bndbox>
			<xmin>523</xmin>
			<ymin>900</ymin>
			<xmax>1648</xmax>
			<ymax>1542</ymax>
		</bndbox>
	</object>
</annotation>