<annotation>
	<folder>side건더기국류전골냄비곱창전골q2</folder>
	<filename>side_건더기국류_전골냄비_곱창전골_Q2_00018.JPG</filename>
	<path>/side건더기국류전골냄비곱창전골q2/side_건더기국류_전골냄비_곱창전골_Q2_00018.JPG</path>
	<source>
		<database>fooddata</database>
	</source>
	<size>
		<width>3008</width>
		<height>2000</height>
		<depth>3</depth>
	</size>
	<object>
		<name>ref_spoon</name>
		<bndbox>
			<xmin>541</xmin>
			<ymin>1605</ymin>
			<xmax>969</xmax>
			<ymax>1850</ymax>
		</bndbox>
	</object>
	<object>
		<name>ref_fork</name>
		<bndbox>
			<xmin>631</xmin>
			<ymin>1325</ymin>
			<xmax>1075</xmax>
			<ymax>1551</ymax>
		</bndbox>
	</object>
	<object>
		<name>ref_coin</name>
		<bndbox>
			<xmin>2283</xmin>
			<ymin>1074</ymin>
			<xmax>2473</xmax>
			<ymax>1220</ymax>
		</bndbox>
	</object>
	<object>
		<name>dish</name>
		<bndbox>
			<xmin>701</xmin>
			<ymin>190</ymin>
			<xmax>1963</xmax>
			<ymax>1159</ymax>
		</bndbox>
	</object>
	<object>
		<name>곱창전골</name>
		<bndbox>
			<xmin>842</xmin>
			<ymin>517</ymin>
			<xmax>1794</xmax>
			<ymax>1008</ymax>
		</bndbox>
	</object>
</annotation>