<annotation>
	<folder>top건더기국류전골냄비곱창전골q2</folder>
	<filename>top_건더기국류_전골냄비_곱창전골_Q2_00008.JPG</filename>
	<path>/top건더기국류전골냄비곱창전골q2/top_건더기국류_전골냄비_곱창전골_Q2_00008.JPG</path>
	<source>
		<database>fooddata</database>
	</source>
	<size>
		<width>3008</width>
		<height>2000</height>
		<depth>3</depth>
	</size>
	<object>
		<name>ref_spoon</name>
		<bndbox>
			<xmin>1870</xmin>
			<ymin>383</ymin>
			<xmax>2114</xmax>
			<ymax>759</ymax>
		</bndbox>
	</object>
	<object>
		<name>ref_fork</name>
		<bndbox>
			<xmin>2159</xmin>
			<ymin>454</ymin>
			<xmax>2342</xmax>
			<ymax>845</ymax>
		</bndbox>
	</object>
	<object>
		<name>ref_coin</name>
		<bndbox>
			<xmin>2444</xmin>
			<ymin>439</ymin>
			<xmax>2612</xmax>
			<ymax>601</ymax>
		</bndbox>
	</object>
	<object>
		<name>dish</name>
		<bndbox>
			<xmin>376</xmin>
			<ymin>484</ymin>
			<xmax>1667</xmax>
			<ymax>1755</ymax>
		</bndbox>
	</object>
	<object>
		<name>곱창전골</name>
		<bndbox>
			<xmin>594</xmin>
			<ymin>713</ymin>
			<xmax>1484</xmax>
			<ymax>1567</ymax>
		</bndbox>
	</object>
</annotation>