<annotation>
	<folder>top건더기국류전골냄비곱창전골q2</folder>
	<filename>top_건더기국류_전골냄비_곱창전골_Q2_00012.JPG</filename>
	<path>/top건더기국류전골냄비곱창전골q2/top_건더기국류_전골냄비_곱창전골_Q2_00012.JPG</path>
	<source>
		<database>fooddata</database>
	</source>
	<size>
		<width>3008</width>
		<height>2000</height>
		<depth>3</depth>
	</size>
	<object>
		<name>ref_spoon</name>
		<bndbox>
			<xmin>1850</xmin>
			<ymin>469</ymin>
			<xmax>2093</xmax>
			<ymax>830</ymax>
		</bndbox>
	</object>
	<object>
		<name>ref_fork</name>
		<bndbox>
			<xmin>2154</xmin>
			<ymin>530</ymin>
			<xmax>2317</xmax>
			<ymax>916</ymax>
		</bndbox>
	</object>
	<object>
		<name>ref_coin</name>
		<bndbox>
			<xmin>2459</xmin>
			<ymin>1323</ymin>
			<xmax>2632</xmax>
			<ymax>1485</ymax>
		</bndbox>
	</object>
	<object>
		<name>dish</name>
		<bndbox>
			<xmin>432</xmin>
			<ymin>378</ymin>
			<xmax>1717</xmax>
			<ymax>1638</ymax>
		</bndbox>
	</object>
	<object>
		<name>곱창전골</name>
		<bndbox>
			<xmin>650</xmin>
			<ymin>591</ymin>
			<xmax>1519</xmax>
			<ymax>1450</ymax>
		</bndbox>
	</object>
</annotation>