<annotation>
	<folder>top건더기국류전골냄비곱창전골q2</folder>
	<filename>top_건더기국류_전골냄비_곱창전골_Q2_00050.JPG</filename>
	<path>/top건더기국류전골냄비곱창전골q2/top_건더기국류_전골냄비_곱창전골_Q2_00050.JPG</path>
	<source>
		<database>fooddata</database>
	</source>
	<size>
		<width>3008</width>
		<height>2000</height>
		<depth>3</depth>
	</size>
	<object>
		<name>ref_spoon</name>
		<bndbox>
			<xmin>508</xmin>
			<ymin>245</ymin>
			<xmax>777</xmax>
			<ymax>642</ymax>
		</bndbox>
	</object>
	<object>
		<name>ref_fork</name>
		<bndbox>
			<xmin>813</xmin>
			<ymin>286</ymin>
			<xmax>1016</xmax>
			<ymax>723</ymax>
		</bndbox>
	</object>
	<object>
		<name>ref_coin</name>
		<bndbox>
			<xmin>1108</xmin>
			<ymin>1597</ymin>
			<xmax>1311</xmax>
			<ymax>1785</ymax>
		</bndbox>
	</object>
	<object>
		<name>dish</name>
		<bndbox>
			<xmin>1026</xmin>
			<ymin>286</ymin>
			<xmax>2368</xmax>
			<ymax>1617</ymax>
		</bndbox>
	</object>
	<object>
		<name>곱창전골</name>
		<bndbox>
			<xmin>1189</xmin>
			<ymin>535</ymin>
			<xmax>2083</xmax>
			<ymax>1419</ymax>
		</bndbox>
	</object>
</annotation>