<annotation>
	<folder>top건더기국류전골냄비곱창전골q2</folder>
	<filename>top_건더기국류_전골냄비_곱창전골_Q2_00036.JPG</filename>
	<path>/top건더기국류전골냄비곱창전골q2/top_건더기국류_전골냄비_곱창전골_Q2_00036.JPG</path>
	<source>
		<database>fooddata</database>
	</source>
	<size>
		<width>3008</width>
		<height>2000</height>
		<depth>3</depth>
	</size>
	<object>
		<name>ref_spoon</name>
		<bndbox>
			<xmin>605</xmin>
			<ymin>200</ymin>
			<xmax>884</xmax>
			<ymax>601</ymax>
		</bndbox>
	</object>
	<object>
		<name>ref_fork</name>
		<bndbox>
			<xmin>925</xmin>
			<ymin>276</ymin>
			<xmax>1123</xmax>
			<ymax>713</ymax>
		</bndbox>
	</object>
	<object>
		<name>ref_coin</name>
		<bndbox>
			<xmin>346</xmin>
			<ymin>1379</ymin>
			<xmax>559</xmax>
			<ymax>1587</ymax>
		</bndbox>
	</object>
	<object>
		<name>dish</name>
		<bndbox>
			<xmin>1118</xmin>
			<ymin>312</ymin>
			<xmax>2485</xmax>
			<ymax>1668</ymax>
		</bndbox>
	</object>
	<object>
		<name>곱창전골</name>
		<bndbox>
			<xmin>1301</xmin>
			<ymin>535</ymin>
			<xmax>2231</xmax>
			<ymax>1445</ymax>
		</bndbox>
	</object>
</annotation>