<annotation>
	<folder>top건더기국류전골냄비곱창전골q2</folder>
	<filename>top_건더기국류_전골냄비_곱창전골_Q2_00039.JPG</filename>
	<path>/top건더기국류전골냄비곱창전골q2/top_건더기국류_전골냄비_곱창전골_Q2_00039.JPG</path>
	<source>
		<database>fooddata</database>
	</source>
	<size>
		<width>3008</width>
		<height>2000</height>
		<depth>3</depth>
	</size>
	<object>
		<name>ref_spoon</name>
		<bndbox>
			<xmin>650</xmin>
			<ymin>256</ymin>
			<xmax>915</xmax>
			<ymax>662</ymax>
		</bndbox>
	</object>
	<object>
		<name>ref_fork</name>
		<bndbox>
			<xmin>950</xmin>
			<ymin>317</ymin>
			<xmax>1148</xmax>
			<ymax>754</ymax>
		</bndbox>
	</object>
	<object>
		<name>ref_coin</name>
		<bndbox>
			<xmin>422</xmin>
			<ymin>804</ymin>
			<xmax>620</xmax>
			<ymax>997</ymax>
		</bndbox>
	</object>
	<object>
		<name>dish</name>
		<bndbox>
			<xmin>1148</xmin>
			<ymin>347</ymin>
			<xmax>2480</xmax>
			<ymax>1658</ymax>
		</bndbox>
	</object>
	<object>
		<name>곱창전골</name>
		<bndbox>
			<xmin>1372</xmin>
			<ymin>560</ymin>
			<xmax>2231</xmax>
			<ymax>1475</ymax>
		</bndbox>
	</object>
</annotation>