<annotation>
	<folder>top건더기국류전골냄비곱창전골q2</folder>
	<filename>top_건더기국류_전골냄비_곱창전골_Q2_00007.JPG</filename>
	<path>/top건더기국류전골냄비곱창전골q2/top_건더기국류_전골냄비_곱창전골_Q2_00007.JPG</path>
	<source>
		<database>fooddata</database>
	</source>
	<size>
		<width>3008</width>
		<height>2000</height>
		<depth>3</depth>
	</size>
	<object>
		<name>ref_spoon</name>
		<bndbox>
			<xmin>1890</xmin>
			<ymin>398</ymin>
			<xmax>2134</xmax>
			<ymax>754</ymax>
		</bndbox>
	</object>
	<object>
		<name>ref_fork</name>
		<bndbox>
			<xmin>2175</xmin>
			<ymin>474</ymin>
			<xmax>2358</xmax>
			<ymax>865</ymax>
		</bndbox>
	</object>
	<object>
		<name>ref_coin</name>
		<bndbox>
			<xmin>2302</xmin>
			<ymin>281</ymin>
			<xmax>2474</xmax>
			<ymax>439</ymax>
		</bndbox>
	</object>
	<object>
		<name>dish</name>
		<bndbox>
			<xmin>396</xmin>
			<ymin>418</ymin>
			<xmax>1687</xmax>
			<ymax>1694</ymax>
		</bndbox>
	</object>
	<object>
		<name>곱창전골</name>
		<bndbox>
			<xmin>620</xmin>
			<ymin>642</ymin>
			<xmax>1463</xmax>
			<ymax>1495</ymax>
		</bndbox>
	</object>
</annotation>