<annotation>
	<folder>side반찬면적접시오징어젓갈q3</folder>
	<filename>side_반찬면적_접시_오징어젓갈_Q3_00043.JPG</filename>
	<path>/side반찬면적접시오징어젓갈q3/side_반찬면적_접시_오징어젓갈_Q3_00043.JPG</path>
	<source>
		<database>fooddata</database>
	</source>
	<size>
		<width>3008</width>
		<height>2000</height>
		<depth>3</depth>
	</size>
	<object>
		<name>ref_spoon</name>
		<bndbox>
			<xmin>800</xmin>
			<ymin>602</ymin>
			<xmax>1110</xmax>
			<ymax>981</ymax>
		</bndbox>
	</object>
	<object>
		<name>ref_fork</name>
		<bndbox>
			<xmin>1171</xmin>
			<ymin>620</ymin>
			<xmax>1388</xmax>
			<ymax>1046</ymax>
		</bndbox>
	</object>
	<object>
		<name>ref_coin</name>
		<bndbox>
			<xmin>2476</xmin>
			<ymin>875</ymin>
			<xmax>2694</xmax>
			<ymax>1037</ymax>
		</bndbox>
	</object>
	<object>
		<name>dish</name>
		<bndbox>
			<xmin>1527</xmin>
			<ymin>745</ymin>
			<xmax>2323</xmax>
			<ymax>1296</ymax>
		</bndbox>
	</object>
	<object>
		<name>오징어젓갈</name>
		<bndbox>
			<xmin>1717</xmin>
			<ymin>954</ymin>
			<xmax>2110</xmax>
			<ymax>1236</ymax>
		</bndbox>
	</object>
</annotation>