<annotation>
	<folder>side반찬면적접시오징어젓갈q3</folder>
	<filename>side_반찬면적_접시_오징어젓갈_Q3_00015.JPG</filename>
	<path>/side반찬면적접시오징어젓갈q3/side_반찬면적_접시_오징어젓갈_Q3_00015.JPG</path>
	<source>
		<database>fooddata</database>
	</source>
	<size>
		<width>3008</width>
		<height>2000</height>
		<depth>3</depth>
	</size>
	<object>
		<name>ref_spoon</name>
		<bndbox>
			<xmin>1453</xmin>
			<ymin>208</ymin>
			<xmax>1786</xmax>
			<ymax>569</ymax>
		</bndbox>
	</object>
	<object>
		<name>ref_fork</name>
		<bndbox>
			<xmin>1898</xmin>
			<ymin>144</ymin>
			<xmax>2171</xmax>
			<ymax>583</ymax>
		</bndbox>
	</object>
	<object>
		<name>ref_coin</name>
		<bndbox>
			<xmin>935</xmin>
			<ymin>1194</ymin>
			<xmax>1198</xmax>
			<ymax>1389</ymax>
		</bndbox>
	</object>
	<object>
		<name>dish</name>
		<bndbox>
			<xmin>532</xmin>
			<ymin>403</ymin>
			<xmax>1411</xmax>
			<ymax>954</ymax>
		</bndbox>
	</object>
	<object>
		<name>오징어젓갈</name>
		<bndbox>
			<xmin>689</xmin>
			<ymin>574</ymin>
			<xmax>1161</xmax>
			<ymax>903</ymax>
		</bndbox>
	</object>
</annotation>