<annotation>
	<folder>side반찬면적접시오징어젓갈q3</folder>
	<filename>side_반찬면적_접시_오징어젓갈_Q3_00010.JPG</filename>
	<path>/side반찬면적접시오징어젓갈q3/side_반찬면적_접시_오징어젓갈_Q3_00010.JPG</path>
	<source>
		<database>fooddata</database>
	</source>
	<size>
		<width>3008</width>
		<height>2000</height>
		<depth>3</depth>
	</size>
	<object>
		<name>ref_spoon</name>
		<bndbox>
			<xmin>1726</xmin>
			<ymin>389</ymin>
			<xmax>2050</xmax>
			<ymax>769</ymax>
		</bndbox>
	</object>
	<object>
		<name>ref_fork</name>
		<bndbox>
			<xmin>2171</xmin>
			<ymin>352</ymin>
			<xmax>2439</xmax>
			<ymax>796</ymax>
		</bndbox>
	</object>
	<object>
		<name>ref_coin</name>
		<bndbox>
			<xmin>1296</xmin>
			<ymin>264</ymin>
			<xmax>1518</xmax>
			<ymax>417</ymax>
		</bndbox>
	</object>
	<object>
		<name>dish</name>
		<bndbox>
			<xmin>740</xmin>
			<ymin>606</ymin>
			<xmax>1634</xmax>
			<ymax>1181</ymax>
		</bndbox>
	</object>
	<object>
		<name>오징어젓갈</name>
		<bndbox>
			<xmin>976</xmin>
			<ymin>745</ymin>
			<xmax>1425</xmax>
			<ymax>1111</ymax>
		</bndbox>
	</object>
</annotation>