<annotation>
	<folder>side반찬면적접시오징어젓갈q3</folder>
	<filename>side_반찬면적_접시_오징어젓갈_Q3_00054.JPG</filename>
	<path>/side반찬면적접시오징어젓갈q3/side_반찬면적_접시_오징어젓갈_Q3_00054.JPG</path>
	<source>
		<database>fooddata</database>
	</source>
	<size>
		<width>3008</width>
		<height>2000</height>
		<depth>3</depth>
	</size>
	<object>
		<name>ref_spoon</name>
		<bndbox>
			<xmin>935</xmin>
			<ymin>579</ymin>
			<xmax>1222</xmax>
			<ymax>935</ymax>
		</bndbox>
	</object>
	<object>
		<name>ref_fork</name>
		<bndbox>
			<xmin>1277</xmin>
			<ymin>611</ymin>
			<xmax>1472</xmax>
			<ymax>1014</ymax>
		</bndbox>
	</object>
	<object>
		<name>ref_coin</name>
		<bndbox>
			<xmin>1643</xmin>
			<ymin>509</ymin>
			<xmax>1856</xmax>
			<ymax>657</ymax>
		</bndbox>
	</object>
	<object>
		<name>dish</name>
		<bndbox>
			<xmin>1569</xmin>
			<ymin>815</ymin>
			<xmax>2342</xmax>
			<ymax>1343</ymax>
		</bndbox>
	</object>
	<object>
		<name>오징어젓갈</name>
		<bndbox>
			<xmin>1712</xmin>
			<ymin>981</ymin>
			<xmax>2152</xmax>
			<ymax>1282</ymax>
		</bndbox>
	</object>
</annotation>