<annotation>
	<folder>side반찬면적접시오징어젓갈q3</folder>
	<filename>side_반찬면적_접시_오징어젓갈_Q3_00002.JPG</filename>
	<path>/side반찬면적접시오징어젓갈q3/side_반찬면적_접시_오징어젓갈_Q3_00002.JPG</path>
	<source>
		<database>fooddata</database>
	</source>
	<size>
		<width>3008</width>
		<height>2000</height>
		<depth>3</depth>
	</size>
	<object>
		<name>ref_spoon</name>
		<bndbox>
			<xmin>1648</xmin>
			<ymin>491</ymin>
			<xmax>1976</xmax>
			<ymax>884</ymax>
		</bndbox>
	</object>
	<object>
		<name>ref_fork</name>
		<bndbox>
			<xmin>2083</xmin>
			<ymin>481</ymin>
			<xmax>2337</xmax>
			<ymax>935</ymax>
		</bndbox>
	</object>
	<object>
		<name>ref_coin</name>
		<bndbox>
			<xmin>1208</xmin>
			<ymin>1421</ymin>
			<xmax>1458</xmax>
			<ymax>1616</ymax>
		</bndbox>
	</object>
	<object>
		<name>dish</name>
		<bndbox>
			<xmin>712</xmin>
			<ymin>644</ymin>
			<xmax>1592</xmax>
			<ymax>1222</ymax>
		</bndbox>
	</object>
	<object>
		<name>오징어젓갈</name>
		<bndbox>
			<xmin>874</xmin>
			<ymin>801</ymin>
			<xmax>1333</xmax>
			<ymax>1144</ymax>
		</bndbox>
	</object>
</annotation>