<annotation>
	<folder>side반찬면적접시오징어젓갈q3</folder>
	<filename>side_반찬면적_접시_오징어젓갈_Q3_00007.JPG</filename>
	<path>/side반찬면적접시오징어젓갈q3/side_반찬면적_접시_오징어젓갈_Q3_00007.JPG</path>
	<source>
		<database>fooddata</database>
	</source>
	<size>
		<width>3008</width>
		<height>2000</height>
		<depth>3</depth>
	</size>
	<object>
		<name>ref_spoon</name>
		<bndbox>
			<xmin>1638</xmin>
			<ymin>444</ymin>
			<xmax>1967</xmax>
			<ymax>875</ymax>
		</bndbox>
	</object>
	<object>
		<name>ref_fork</name>
		<bndbox>
			<xmin>2083</xmin>
			<ymin>454</ymin>
			<xmax>2337</xmax>
			<ymax>898</ymax>
		</bndbox>
	</object>
	<object>
		<name>ref_coin</name>
		<bndbox>
			<xmin>78</xmin>
			<ymin>847</ymin>
			<xmax>319</xmax>
			<ymax>1037</ymax>
		</bndbox>
	</object>
	<object>
		<name>dish</name>
		<bndbox>
			<xmin>680</xmin>
			<ymin>556</ymin>
			<xmax>1560</xmax>
			<ymax>1130</ymax>
		</bndbox>
	</object>
	<object>
		<name>오징어젓갈</name>
		<bndbox>
			<xmin>893</xmin>
			<ymin>801</ymin>
			<xmax>1333</xmax>
			<ymax>1065</ymax>
		</bndbox>
	</object>
</annotation>