<annotation>
	<folder>side반찬면적접시오징어젓갈q3</folder>
	<filename>side_반찬면적_접시_오징어젓갈_Q3_00045.JPG</filename>
	<path>/side반찬면적접시오징어젓갈q3/side_반찬면적_접시_오징어젓갈_Q3_00045.JPG</path>
	<source>
		<database>fooddata</database>
	</source>
	<size>
		<width>3008</width>
		<height>2000</height>
		<depth>3</depth>
	</size>
	<object>
		<name>ref_spoon</name>
		<bndbox>
			<xmin>791</xmin>
			<ymin>472</ymin>
			<xmax>1092</xmax>
			<ymax>833</ymax>
		</bndbox>
	</object>
	<object>
		<name>ref_fork</name>
		<bndbox>
			<xmin>1143</xmin>
			<ymin>495</ymin>
			<xmax>1370</xmax>
			<ymax>912</ymax>
		</bndbox>
	</object>
	<object>
		<name>ref_coin</name>
		<bndbox>
			<xmin>1773</xmin>
			<ymin>481</ymin>
			<xmax>1999</xmax>
			<ymax>630</ymax>
		</bndbox>
	</object>
	<object>
		<name>dish</name>
		<bndbox>
			<xmin>1467</xmin>
			<ymin>657</ymin>
			<xmax>2263</xmax>
			<ymax>1194</ymax>
		</bndbox>
	</object>
	<object>
		<name>오징어젓갈</name>
		<bndbox>
			<xmin>1606</xmin>
			<ymin>810</ymin>
			<xmax>2032</xmax>
			<ymax>1134</ymax>
		</bndbox>
	</object>
</annotation>