<annotation>
	<folder>side반찬면적접시오징어젓갈q3</folder>
	<filename>side_반찬면적_접시_오징어젓갈_Q3_00047.JPG</filename>
	<path>/side반찬면적접시오징어젓갈q3/side_반찬면적_접시_오징어젓갈_Q3_00047.JPG</path>
	<source>
		<database>fooddata</database>
	</source>
	<size>
		<width>3008</width>
		<height>2000</height>
		<depth>3</depth>
	</size>
	<object>
		<name>ref_spoon</name>
		<bndbox>
			<xmin>870</xmin>
			<ymin>606</ymin>
			<xmax>1171</xmax>
			<ymax>977</ymax>
		</bndbox>
	</object>
	<object>
		<name>ref_fork</name>
		<bndbox>
			<xmin>1231</xmin>
			<ymin>639</ymin>
			<xmax>1430</xmax>
			<ymax>1056</ymax>
		</bndbox>
	</object>
	<object>
		<name>ref_coin</name>
		<bndbox>
			<xmin>1527</xmin>
			<ymin>1556</ymin>
			<xmax>1782</xmax>
			<ymax>1731</ymax>
		</bndbox>
	</object>
	<object>
		<name>dish</name>
		<bndbox>
			<xmin>1485</xmin>
			<ymin>824</ymin>
			<xmax>2259</xmax>
			<ymax>1347</ymax>
		</bndbox>
	</object>
	<object>
		<name>오징어젓갈</name>
		<bndbox>
			<xmin>1657</xmin>
			<ymin>1000</ymin>
			<xmax>2106</xmax>
			<ymax>1287</ymax>
		</bndbox>
	</object>
</annotation>