<annotation>
	<folder>side반찬면적접시오징어젓갈q3</folder>
	<filename>side_반찬면적_접시_오징어젓갈_Q3_00027.JPG</filename>
	<path>/side반찬면적접시오징어젓갈q3/side_반찬면적_접시_오징어젓갈_Q3_00027.JPG</path>
	<source>
		<database>fooddata</database>
	</source>
	<size>
		<width>3008</width>
		<height>2000</height>
		<depth>3</depth>
	</size>
	<object>
		<name>ref_spoon</name>
		<bndbox>
			<xmin>504</xmin>
			<ymin>1509</ymin>
			<xmax>1041</xmax>
			<ymax>1778</ymax>
		</bndbox>
	</object>
	<object>
		<name>ref_fork</name>
		<bndbox>
			<xmin>536</xmin>
			<ymin>1278</ymin>
			<xmax>1110</xmax>
			<ymax>1509</ymax>
		</bndbox>
	</object>
	<object>
		<name>ref_coin</name>
		<bndbox>
			<xmin>518</xmin>
			<ymin>875</ymin>
			<xmax>777</xmax>
			<ymax>1065</ymax>
		</bndbox>
	</object>
	<object>
		<name>dish</name>
		<bndbox>
			<xmin>1083</xmin>
			<ymin>495</ymin>
			<xmax>1958</xmax>
			<ymax>1051</ymax>
		</bndbox>
	</object>
	<object>
		<name>오징어젓갈</name>
		<bndbox>
			<xmin>1342</xmin>
			<ymin>690</ymin>
			<xmax>1800</xmax>
			<ymax>995</ymax>
		</bndbox>
	</object>
</annotation>