<annotation>
	<folder>top반찬면적접시오징어젓갈q3</folder>
	<filename>top_반찬면적_접시_오징어젓갈_Q3_00016.JPG</filename>
	<path>/top반찬면적접시오징어젓갈q3/top_반찬면적_접시_오징어젓갈_Q3_00016.JPG</path>
	<source>
		<database>fooddata</database>
	</source>
	<size>
		<width>3008</width>
		<height>2000</height>
		<depth>3</depth>
	</size>
	<object>
		<name>ref_spoon</name>
		<bndbox>
			<xmin>1628</xmin>
			<ymin>118</ymin>
			<xmax>1941</xmax>
			<ymax>638</ymax>
		</bndbox>
	</object>
	<object>
		<name>ref_fork</name>
		<bndbox>
			<xmin>2047</xmin>
			<ymin>144</ymin>
			<xmax>2277</xmax>
			<ymax>721</ymax>
		</bndbox>
	</object>
	<object>
		<name>ref_coin</name>
		<bndbox>
			<xmin>1297</xmin>
			<ymin>1607</ymin>
			<xmax>1549</xmax>
			<ymax>1859</ymax>
		</bndbox>
	</object>
	<object>
		<name>dish</name>
		<bndbox>
			<xmin>724</xmin>
			<ymin>578</ymin>
			<xmax>1647</xmax>
			<ymax>1501</ymax>
		</bndbox>
	</object>
	<object>
		<name>오징어젓갈</name>
		<bndbox>
			<xmin>1055</xmin>
			<ymin>770</ymin>
			<xmax>1432</xmax>
			<ymax>1151</ymax>
		</bndbox>
	</object>
</annotation>