<annotation>
	<folder>top반찬면적접시오징어젓갈q3</folder>
	<filename>top_반찬면적_접시_오징어젓갈_Q3_00050.JPG</filename>
	<path>/top반찬면적접시오징어젓갈q3/top_반찬면적_접시_오징어젓갈_Q3_00050.JPG</path>
	<source>
		<database>fooddata</database>
	</source>
	<size>
		<width>3008</width>
		<height>2000</height>
		<depth>3</depth>
	</size>
	<object>
		<name>ref_spoon</name>
		<bndbox>
			<xmin>652</xmin>
			<ymin>129</ymin>
			<xmax>1010</xmax>
			<ymax>642</ymax>
		</bndbox>
	</object>
	<object>
		<name>ref_fork</name>
		<bndbox>
			<xmin>1180</xmin>
			<ymin>141</ymin>
			<xmax>1417</xmax>
			<ymax>721</ymax>
		</bndbox>
	</object>
	<object>
		<name>ref_coin</name>
		<bndbox>
			<xmin>2337</xmin>
			<ymin>1426</ymin>
			<xmax>2590</xmax>
			<ymax>1682</ymax>
		</bndbox>
	</object>
	<object>
		<name>dish</name>
		<bndbox>
			<xmin>1523</xmin>
			<ymin>536</ymin>
			<xmax>2424</xmax>
			<ymax>1452</ymax>
		</bndbox>
	</object>
	<object>
		<name>오징어젓갈</name>
		<bndbox>
			<xmin>1749</xmin>
			<ymin>778</ymin>
			<xmax>2081</xmax>
			<ymax>1215</ymax>
		</bndbox>
	</object>
</annotation>