<annotation>
	<folder>top반찬면적접시오징어젓갈q3</folder>
	<filename>top_반찬면적_접시_오징어젓갈_Q3_00019.JPG</filename>
	<path>/top반찬면적접시오징어젓갈q3/top_반찬면적_접시_오징어젓갈_Q3_00019.JPG</path>
	<source>
		<database>fooddata</database>
	</source>
	<size>
		<width>3008</width>
		<height>2000</height>
		<depth>3</depth>
	</size>
	<object>
		<name>ref_spoon</name>
		<bndbox>
			<xmin>716</xmin>
			<ymin>1501</ymin>
			<xmax>1225</xmax>
			<ymax>1837</ymax>
		</bndbox>
	</object>
	<object>
		<name>ref_fork</name>
		<bndbox>
			<xmin>739</xmin>
			<ymin>1155</ymin>
			<xmax>1267</xmax>
			<ymax>1384</ymax>
		</bndbox>
	</object>
	<object>
		<name>ref_coin</name>
		<bndbox>
			<xmin>2039</xmin>
			<ymin>785</ymin>
			<xmax>2265</xmax>
			<ymax>1015</ymax>
		</bndbox>
	</object>
	<object>
		<name>dish</name>
		<bndbox>
			<xmin>1044</xmin>
			<ymin>231</ymin>
			<xmax>1885</xmax>
			<ymax>1079</ymax>
		</bndbox>
	</object>
	<object>
		<name>오징어젓갈</name>
		<bndbox>
			<xmin>1218</xmin>
			<ymin>453</ymin>
			<xmax>1508</xmax>
			<ymax>879</ymax>
		</bndbox>
	</object>
</annotation>