<annotation>
	<folder>top반찬면적접시오징어젓갈q3</folder>
	<filename>top_반찬면적_접시_오징어젓갈_Q3_00017.JPG</filename>
	<path>/top반찬면적접시오징어젓갈q3/top_반찬면적_접시_오징어젓갈_Q3_00017.JPG</path>
	<source>
		<database>fooddata</database>
	</source>
	<size>
		<width>3008</width>
		<height>2000</height>
		<depth>3</depth>
	</size>
	<object>
		<name>ref_spoon</name>
		<bndbox>
			<xmin>1670</xmin>
			<ymin>122</ymin>
			<xmax>1990</xmax>
			<ymax>616</ymax>
		</bndbox>
	</object>
	<object>
		<name>ref_fork</name>
		<bndbox>
			<xmin>2096</xmin>
			<ymin>144</ymin>
			<xmax>2326</xmax>
			<ymax>717</ymax>
		</bndbox>
	</object>
	<object>
		<name>ref_coin</name>
		<bndbox>
			<xmin>976</xmin>
			<ymin>1607</ymin>
			<xmax>1221</xmax>
			<ymax>1863</ymax>
		</bndbox>
	</object>
	<object>
		<name>dish</name>
		<bndbox>
			<xmin>750</xmin>
			<ymin>461</ymin>
			<xmax>1674</xmax>
			<ymax>1381</ymax>
		</bndbox>
	</object>
	<object>
		<name>오징어젓갈</name>
		<bndbox>
			<xmin>1093</xmin>
			<ymin>710</ymin>
			<xmax>1474</xmax>
			<ymax>1060</ymax>
		</bndbox>
	</object>
</annotation>