<annotation>
	<folder>top반찬면적접시오징어젓갈q3</folder>
	<filename>top_반찬면적_접시_오징어젓갈_Q3_00029.JPG</filename>
	<path>/top반찬면적접시오징어젓갈q3/top_반찬면적_접시_오징어젓갈_Q3_00029.JPG</path>
	<source>
		<database>fooddata</database>
	</source>
	<size>
		<width>3008</width>
		<height>2000</height>
		<depth>3</depth>
	</size>
	<object>
		<name>ref_spoon</name>
		<bndbox>
			<xmin>950</xmin>
			<ymin>1384</ymin>
			<xmax>1383</xmax>
			<ymax>1667</ymax>
		</bndbox>
	</object>
	<object>
		<name>ref_fork</name>
		<bndbox>
			<xmin>961</xmin>
			<ymin>1083</ymin>
			<xmax>1380</xmax>
			<ymax>1286</ymax>
		</bndbox>
	</object>
	<object>
		<name>ref_coin</name>
		<bndbox>
			<xmin>1481</xmin>
			<ymin>1652</ymin>
			<xmax>1700</xmax>
			<ymax>1867</ymax>
		</bndbox>
	</object>
	<object>
		<name>dish</name>
		<bndbox>
			<xmin>1342</xmin>
			<ymin>235</ymin>
			<xmax>2062</xmax>
			<ymax>943</ymax>
		</bndbox>
	</object>
	<object>
		<name>오징어젓갈</name>
		<bndbox>
			<xmin>1493</xmin>
			<ymin>408</ymin>
			<xmax>1881</xmax>
			<ymax>661</ymax>
		</bndbox>
	</object>
</annotation>