<annotation>
	<folder>top반찬면적접시오징어젓갈q3</folder>
	<filename>top_반찬면적_접시_오징어젓갈_Q3_00012.JPG</filename>
	<path>/top반찬면적접시오징어젓갈q3/top_반찬면적_접시_오징어젓갈_Q3_00012.JPG</path>
	<source>
		<database>fooddata</database>
	</source>
	<size>
		<width>3008</width>
		<height>2000</height>
		<depth>3</depth>
	</size>
	<object>
		<name>ref_spoon</name>
		<bndbox>
			<xmin>1779</xmin>
			<ymin>159</ymin>
			<xmax>2069</xmax>
			<ymax>597</ymax>
		</bndbox>
	</object>
	<object>
		<name>ref_fork</name>
		<bndbox>
			<xmin>2179</xmin>
			<ymin>186</ymin>
			<xmax>2394</xmax>
			<ymax>672</ymax>
		</bndbox>
	</object>
	<object>
		<name>ref_coin</name>
		<bndbox>
			<xmin>422</xmin>
			<ymin>845</ymin>
			<xmax>652</xmax>
			<ymax>1068</ymax>
		</bndbox>
	</object>
	<object>
		<name>dish</name>
		<bndbox>
			<xmin>950</xmin>
			<ymin>521</ymin>
			<xmax>1779</xmax>
			<ymax>1369</ymax>
		</bndbox>
	</object>
	<object>
		<name>오징어젓갈</name>
		<bndbox>
			<xmin>1127</xmin>
			<ymin>868</ymin>
			<xmax>1470</xmax>
			<ymax>1207</ymax>
		</bndbox>
	</object>
</annotation>