<annotation>
	<folder>top반찬면적접시오징어젓갈q3</folder>
	<filename>top_반찬면적_접시_오징어젓갈_Q3_00052.JPG</filename>
	<path>/top반찬면적접시오징어젓갈q3/top_반찬면적_접시_오징어젓갈_Q3_00052.JPG</path>
	<source>
		<database>fooddata</database>
	</source>
	<size>
		<width>3008</width>
		<height>2000</height>
		<depth>3</depth>
	</size>
	<object>
		<name>ref_spoon</name>
		<bndbox>
			<xmin>611</xmin>
			<ymin>393</ymin>
			<xmax>950</xmax>
			<ymax>902</ymax>
		</bndbox>
	</object>
	<object>
		<name>ref_fork</name>
		<bndbox>
			<xmin>1104</xmin>
			<ymin>397</ymin>
			<xmax>1361</xmax>
			<ymax>936</ymax>
		</bndbox>
	</object>
	<object>
		<name>ref_coin</name>
		<bndbox>
			<xmin>2510</xmin>
			<ymin>996</ymin>
			<xmax>2744</xmax>
			<ymax>1237</ymax>
		</bndbox>
	</object>
	<object>
		<name>dish</name>
		<bndbox>
			<xmin>1493</xmin>
			<ymin>732</ymin>
			<xmax>2367</xmax>
			<ymax>1622</ymax>
		</bndbox>
	</object>
	<object>
		<name>오징어젓갈</name>
		<bndbox>
			<xmin>1685</xmin>
			<ymin>977</ymin>
			<xmax>2126</xmax>
			<ymax>1335</ymax>
		</bndbox>
	</object>
</annotation>