<annotation>
	<folder>top반찬면적접시오징어젓갈q3</folder>
	<filename>top_반찬면적_접시_오징어젓갈_Q3_00023.JPG</filename>
	<path>/top반찬면적접시오징어젓갈q3/top_반찬면적_접시_오징어젓갈_Q3_00023.JPG</path>
	<source>
		<database>fooddata</database>
	</source>
	<size>
		<width>3008</width>
		<height>2000</height>
		<depth>3</depth>
	</size>
	<object>
		<name>ref_spoon</name>
		<bndbox>
			<xmin>739</xmin>
			<ymin>1486</ymin>
			<xmax>1176</xmax>
			<ymax>1784</ymax>
		</bndbox>
	</object>
	<object>
		<name>ref_fork</name>
		<bndbox>
			<xmin>769</xmin>
			<ymin>1188</ymin>
			<xmax>1240</xmax>
			<ymax>1392</ymax>
		</bndbox>
	</object>
	<object>
		<name>ref_coin</name>
		<bndbox>
			<xmin>1700</xmin>
			<ymin>73</ymin>
			<xmax>1888</xmax>
			<ymax>280</ymax>
		</bndbox>
	</object>
	<object>
		<name>dish</name>
		<bndbox>
			<xmin>1153</xmin>
			<ymin>386</ymin>
			<xmax>1896</xmax>
			<ymax>1132</ymax>
		</bndbox>
	</object>
	<object>
		<name>오징어젓갈</name>
		<bndbox>
			<xmin>1365</xmin>
			<ymin>578</ymin>
			<xmax>1715</xmax>
			<ymax>883</ymax>
		</bndbox>
	</object>
</annotation>