<annotation>
	<folder>side반찬부피접시어묵볶음q5</folder>
	<filename>side_반찬부피_접시_어묵볶음_Q5_00010.JPG</filename>
	<path>/side반찬부피접시어묵볶음q5/side_반찬부피_접시_어묵볶음_Q5_00010.JPG</path>
	<source>
		<database>fooddata</database>
	</source>
	<size>
		<width>3008</width>
		<height>2000</height>
		<depth>3</depth>
	</size>
	<object>
		<name>ref_spoon</name>
		<bndbox>
			<xmin>2018</xmin>
			<ymin>550</ymin>
			<xmax>2327</xmax>
			<ymax>921</ymax>
		</bndbox>
	</object>
	<object>
		<name>ref_fork</name>
		<bndbox>
			<xmin>2425</xmin>
			<ymin>592</ymin>
			<xmax>2647</xmax>
			<ymax>1010</ymax>
		</bndbox>
	</object>
	<object>
		<name>ref_coin</name>
		<bndbox>
			<xmin>1482</xmin>
			<ymin>415</ymin>
			<xmax>1701</xmax>
			<ymax>568</ymax>
		</bndbox>
	</object>
	<object>
		<name>dish</name>
		<bndbox>
			<xmin>332</xmin>
			<ymin>523</ymin>
			<xmax>1900</xmax>
			<ymax>1570</ymax>
		</bndbox>
	</object>
	<object>
		<name>어묵볶음</name>
		<bndbox>
			<xmin>634</xmin>
			<ymin>590</ymin>
			<xmax>1676</xmax>
			<ymax>1408</ymax>
		</bndbox>
	</object>
</annotation>