<annotation>
	<folder>side반찬부피접시어묵볶음q5</folder>
	<filename>side_반찬부피_접시_어묵볶음_Q5_00053.JPG</filename>
	<path>/side반찬부피접시어묵볶음q5/side_반찬부피_접시_어묵볶음_Q5_00053.JPG</path>
	<source>
		<database>fooddata</database>
	</source>
	<size>
		<width>3008</width>
		<height>2000</height>
		<depth>3</depth>
	</size>
	<object>
		<name>ref_spoon</name>
		<bndbox>
			<xmin>479</xmin>
			<ymin>533</ymin>
			<xmax>764</xmax>
			<ymax>894</ymax>
		</bndbox>
	</object>
	<object>
		<name>ref_fork</name>
		<bndbox>
			<xmin>865</xmin>
			<ymin>491</ymin>
			<xmax>1069</xmax>
			<ymax>897</ymax>
		</bndbox>
	</object>
	<object>
		<name>ref_coin</name>
		<bndbox>
			<xmin>1723</xmin>
			<ymin>1376</ymin>
			<xmax>1959</xmax>
			<ymax>1550</ymax>
		</bndbox>
	</object>
	<object>
		<name>dish</name>
		<bndbox>
			<xmin>1155</xmin>
			<ymin>285</ymin>
			<xmax>2578</xmax>
			<ymax>1221</ymax>
		</bndbox>
	</object>
	<object>
		<name>어묵볶음</name>
		<bndbox>
			<xmin>1298</xmin>
			<ymin>378</ymin>
			<xmax>2455</xmax>
			<ymax>1096</ymax>
		</bndbox>
	</object>
</annotation>