<annotation>
	<folder>side반찬부피접시어묵볶음q5</folder>
	<filename>side_반찬부피_접시_어묵볶음_Q5_00047.JPG</filename>
	<path>/side반찬부피접시어묵볶음q5/side_반찬부피_접시_어묵볶음_Q5_00047.JPG</path>
	<source>
		<database>fooddata</database>
	</source>
	<size>
		<width>3008</width>
		<height>2000</height>
		<depth>3</depth>
	</size>
	<object>
		<name>ref_spoon</name>
		<bndbox>
			<xmin>234</xmin>
			<ymin>482</ymin>
			<xmax>521</xmax>
			<ymax>845</ymax>
		</bndbox>
	</object>
	<object>
		<name>ref_fork</name>
		<bndbox>
			<xmin>624</xmin>
			<ymin>462</ymin>
			<xmax>821</xmax>
			<ymax>862</ymax>
		</bndbox>
	</object>
	<object>
		<name>ref_coin</name>
		<bndbox>
			<xmin>2045</xmin>
			<ymin>111</ymin>
			<xmax>2239</xmax>
			<ymax>248</ymax>
		</bndbox>
	</object>
	<object>
		<name>dish</name>
		<bndbox>
			<xmin>904</xmin>
			<ymin>418</ymin>
			<xmax>2359</xmax>
			<ymax>1386</ymax>
		</bndbox>
	</object>
	<object>
		<name>어묵볶음</name>
		<bndbox>
			<xmin>1106</xmin>
			<ymin>457</ymin>
			<xmax>2202</xmax>
			<ymax>1290</ymax>
		</bndbox>
	</object>
</annotation>