<annotation>
	<folder>side반찬부피접시어묵볶음q5</folder>
	<filename>side_반찬부피_접시_어묵볶음_Q5_00040.JPG</filename>
	<path>/side반찬부피접시어묵볶음q5/side_반찬부피_접시_어묵볶음_Q5_00040.JPG</path>
	<source>
		<database>fooddata</database>
	</source>
	<size>
		<width>3008</width>
		<height>2000</height>
		<depth>3</depth>
	</size>
	<object>
		<name>ref_spoon</name>
		<bndbox>
			<xmin>300</xmin>
			<ymin>560</ymin>
			<xmax>588</xmax>
			<ymax>909</ymax>
		</bndbox>
	</object>
	<object>
		<name>ref_fork</name>
		<bndbox>
			<xmin>678</xmin>
			<ymin>548</ymin>
			<xmax>877</xmax>
			<ymax>946</ymax>
		</bndbox>
	</object>
	<object>
		<name>ref_coin</name>
		<bndbox>
			<xmin>2298</xmin>
			<ymin>1526</ymin>
			<xmax>2519</xmax>
			<ymax>1698</ymax>
		</bndbox>
	</object>
	<object>
		<name>dish</name>
		<bndbox>
			<xmin>986</xmin>
			<ymin>506</ymin>
			<xmax>2408</xmax>
			<ymax>1459</ymax>
		</bndbox>
	</object>
	<object>
		<name>어묵볶음</name>
		<bndbox>
			<xmin>1167</xmin>
			<ymin>622</ymin>
			<xmax>2278</xmax>
			<ymax>1356</ymax>
		</bndbox>
	</object>
</annotation>