<annotation>
	<folder>side반찬부피접시어묵볶음q5</folder>
	<filename>side_반찬부피_접시_어묵볶음_Q5_00051.JPG</filename>
	<path>/side반찬부피접시어묵볶음q5/side_반찬부피_접시_어묵볶음_Q5_00051.JPG</path>
	<source>
		<database>fooddata</database>
	</source>
	<size>
		<width>3008</width>
		<height>2000</height>
		<depth>3</depth>
	</size>
	<object>
		<name>ref_spoon</name>
		<bndbox>
			<xmin>452</xmin>
			<ymin>644</ymin>
			<xmax>740</xmax>
			<ymax>1005</ymax>
		</bndbox>
	</object>
	<object>
		<name>ref_fork</name>
		<bndbox>
			<xmin>841</xmin>
			<ymin>604</ymin>
			<xmax>1045</xmax>
			<ymax>998</ymax>
		</bndbox>
	</object>
	<object>
		<name>ref_coin</name>
		<bndbox>
			<xmin>1108</xmin>
			<ymin>359</ymin>
			<xmax>1310</xmax>
			<ymax>499</ymax>
		</bndbox>
	</object>
	<object>
		<name>dish</name>
		<bndbox>
			<xmin>1278</xmin>
			<ymin>484</ymin>
			<xmax>2725</xmax>
			<ymax>1455</ymax>
		</bndbox>
	</object>
	<object>
		<name>어묵볶음</name>
		<bndbox>
			<xmin>1374</xmin>
			<ymin>595</ymin>
			<xmax>2548</xmax>
			<ymax>1332</ymax>
		</bndbox>
	</object>
</annotation>