<annotation>
	<folder>side반찬부피접시어묵볶음q5</folder>
	<filename>side_반찬부피_접시_어묵볶음_Q5_00007.JPG</filename>
	<path>/side반찬부피접시어묵볶음q5/side_반찬부피_접시_어묵볶음_Q5_00007.JPG</path>
	<source>
		<database>fooddata</database>
	</source>
	<size>
		<width>3008</width>
		<height>2000</height>
		<depth>3</depth>
	</size>
	<object>
		<name>ref_spoon</name>
		<bndbox>
			<xmin>2074</xmin>
			<ymin>575</ymin>
			<xmax>2364</xmax>
			<ymax>934</ymax>
		</bndbox>
	</object>
	<object>
		<name>ref_fork</name>
		<bndbox>
			<xmin>2457</xmin>
			<ymin>619</ymin>
			<xmax>2664</xmax>
			<ymax>1022</ymax>
		</bndbox>
	</object>
	<object>
		<name>ref_coin</name>
		<bndbox>
			<xmin>187</xmin>
			<ymin>496</ymin>
			<xmax>408</xmax>
			<ymax>649</ymax>
		</bndbox>
	</object>
	<object>
		<name>dish</name>
		<bndbox>
			<xmin>477</xmin>
			<ymin>501</ymin>
			<xmax>1939</xmax>
			<ymax>1472</ymax>
		</bndbox>
	</object>
	<object>
		<name>어묵볶음</name>
		<bndbox>
			<xmin>715</xmin>
			<ymin>617</ymin>
			<xmax>1740</xmax>
			<ymax>1310</ymax>
		</bndbox>
	</object>
</annotation>