<annotation>
	<folder>top반찬부피접시어묵볶음q5</folder>
	<filename>top_반찬부피_접시_어묵볶음_Q5_00032.JPG</filename>
	<path>/top반찬부피접시어묵볶음q5/top_반찬부피_접시_어묵볶음_Q5_00032.JPG</path>
	<source>
		<database>fooddata</database>
	</source>
	<size>
		<width>3008</width>
		<height>2000</height>
		<depth>3</depth>
	</size>
	<object>
		<name>ref_spoon</name>
		<bndbox>
			<xmin>1189</xmin>
			<ymin>1690</ymin>
			<xmax>1509</xmax>
			<ymax>1944</ymax>
		</bndbox>
	</object>
	<object>
		<name>ref_fork</name>
		<bndbox>
			<xmin>1189</xmin>
			<ymin>1444</ymin>
			<xmax>1523</xmax>
			<ymax>1639</ymax>
		</bndbox>
	</object>
	<object>
		<name>ref_coin</name>
		<bndbox>
			<xmin>1115</xmin>
			<ymin>1190</ymin>
			<xmax>1277</xmax>
			<ymax>1366</ymax>
		</bndbox>
	</object>
	<object>
		<name>dish</name>
		<bndbox>
			<xmin>1198</xmin>
			<ymin>292</ymin>
			<xmax>2245</xmax>
			<ymax>1361</ymax>
		</bndbox>
	</object>
	<object>
		<name>어묵볶음</name>
		<bndbox>
			<xmin>1305</xmin>
			<ymin>417</ymin>
			<xmax>2166</xmax>
			<ymax>1236</ymax>
		</bndbox>
	</object>
</annotation>