<annotation>
	<folder>top반찬부피접시어묵볶음q5</folder>
	<filename>top_반찬부피_접시_어묵볶음_Q5_00047.JPG</filename>
	<path>/top반찬부피접시어묵볶음q5/top_반찬부피_접시_어묵볶음_Q5_00047.JPG</path>
	<source>
		<database>fooddata</database>
	</source>
	<size>
		<width>3008</width>
		<height>2000</height>
		<depth>3</depth>
	</size>
	<object>
		<name>ref_spoon</name>
		<bndbox>
			<xmin>370</xmin>
			<ymin>796</ymin>
			<xmax>689</xmax>
			<ymax>1222</ymax>
		</bndbox>
	</object>
	<object>
		<name>ref_fork</name>
		<bndbox>
			<xmin>773</xmin>
			<ymin>713</ymin>
			<xmax>1013</xmax>
			<ymax>1208</ymax>
		</bndbox>
	</object>
	<object>
		<name>ref_coin</name>
		<bndbox>
			<xmin>1879</xmin>
			<ymin>88</ymin>
			<xmax>2087</xmax>
			<ymax>292</ymax>
		</bndbox>
	</object>
	<object>
		<name>dish</name>
		<bndbox>
			<xmin>1161</xmin>
			<ymin>468</ymin>
			<xmax>2513</xmax>
			<ymax>1810</ymax>
		</bndbox>
	</object>
	<object>
		<name>어묵볶음</name>
		<bndbox>
			<xmin>1365</xmin>
			<ymin>574</ymin>
			<xmax>2365</xmax>
			<ymax>1676</ymax>
		</bndbox>
	</object>
</annotation>