<annotation>
	<folder>top반찬부피접시어묵볶음q5</folder>
	<filename>top_반찬부피_접시_어묵볶음_Q5_00041.JPG</filename>
	<path>/top반찬부피접시어묵볶음q5/top_반찬부피_접시_어묵볶음_Q5_00041.JPG</path>
	<source>
		<database>fooddata</database>
	</source>
	<size>
		<width>3008</width>
		<height>2000</height>
		<depth>3</depth>
	</size>
	<object>
		<name>ref_spoon</name>
		<bndbox>
			<xmin>384</xmin>
			<ymin>569</ymin>
			<xmax>689</xmax>
			<ymax>1000</ymax>
		</bndbox>
	</object>
	<object>
		<name>ref_fork</name>
		<bndbox>
			<xmin>782</xmin>
			<ymin>505</ymin>
			<xmax>1018</xmax>
			<ymax>995</ymax>
		</bndbox>
	</object>
	<object>
		<name>ref_coin</name>
		<bndbox>
			<xmin>2648</xmin>
			<ymin>1056</ymin>
			<xmax>2860</xmax>
			<ymax>1264</ymax>
		</bndbox>
	</object>
	<object>
		<name>dish</name>
		<bndbox>
			<xmin>1166</xmin>
			<ymin>287</ymin>
			<xmax>2518</xmax>
			<ymax>1625</ymax>
		</bndbox>
	</object>
	<object>
		<name>어묵볶음</name>
		<bndbox>
			<xmin>1254</xmin>
			<ymin>426</ymin>
			<xmax>2356</xmax>
			<ymax>1481</ymax>
		</bndbox>
	</object>
</annotation>