<annotation>
	<folder>top반찬부피접시어묵볶음q5</folder>
	<filename>top_반찬부피_접시_어묵볶음_Q5_00033.JPG</filename>
	<path>/top반찬부피접시어묵볶음q5/top_반찬부피_접시_어묵볶음_Q5_00033.JPG</path>
	<source>
		<database>fooddata</database>
	</source>
	<size>
		<width>3008</width>
		<height>2000</height>
		<depth>3</depth>
	</size>
	<object>
		<name>ref_spoon</name>
		<bndbox>
			<xmin>1175</xmin>
			<ymin>1690</ymin>
			<xmax>1518</xmax>
			<ymax>1940</ymax>
		</bndbox>
	</object>
	<object>
		<name>ref_fork</name>
		<bndbox>
			<xmin>1194</xmin>
			<ymin>1449</ymin>
			<xmax>1546</xmax>
			<ymax>1639</ymax>
		</bndbox>
	</object>
	<object>
		<name>ref_coin</name>
		<bndbox>
			<xmin>2296</xmin>
			<ymin>1056</ymin>
			<xmax>2467</xmax>
			<ymax>1227</ymax>
		</bndbox>
	</object>
	<object>
		<name>dish</name>
		<bndbox>
			<xmin>1240</xmin>
			<ymin>296</ymin>
			<xmax>2286</xmax>
			<ymax>1366</ymax>
		</bndbox>
	</object>
	<object>
		<name>어묵볶음</name>
		<bndbox>
			<xmin>1347</xmin>
			<ymin>384</ymin>
			<xmax>2235</xmax>
			<ymax>1264</ymax>
		</bndbox>
	</object>
</annotation>