<annotation>
	<folder>top반찬부피접시어묵볶음q5</folder>
	<filename>top_반찬부피_접시_어묵볶음_Q5_00043.JPG</filename>
	<path>/top반찬부피접시어묵볶음q5/top_반찬부피_접시_어묵볶음_Q5_00043.JPG</path>
	<source>
		<database>fooddata</database>
	</source>
	<size>
		<width>3008</width>
		<height>2000</height>
		<depth>3</depth>
	</size>
	<object>
		<name>ref_spoon</name>
		<bndbox>
			<xmin>337</xmin>
			<ymin>620</ymin>
			<xmax>643</xmax>
			<ymax>1042</ymax>
		</bndbox>
	</object>
	<object>
		<name>ref_fork</name>
		<bndbox>
			<xmin>731</xmin>
			<ymin>546</ymin>
			<xmax>967</xmax>
			<ymax>1046</ymax>
		</bndbox>
	</object>
	<object>
		<name>ref_coin</name>
		<bndbox>
			<xmin>2587</xmin>
			<ymin>676</ymin>
			<xmax>2800</xmax>
			<ymax>880</ymax>
		</bndbox>
	</object>
	<object>
		<name>dish</name>
		<bndbox>
			<xmin>1129</xmin>
			<ymin>301</ymin>
			<xmax>2467</xmax>
			<ymax>1653</ymax>
		</bndbox>
	</object>
	<object>
		<name>어묵볶음</name>
		<bndbox>
			<xmin>1212</xmin>
			<ymin>440</ymin>
			<xmax>2310</xmax>
			<ymax>1505</ymax>
		</bndbox>
	</object>
</annotation>