<annotation>
	<folder>top반찬부피접시어묵볶음q5</folder>
	<filename>top_반찬부피_접시_어묵볶음_Q5_00013.JPG</filename>
	<path>/top반찬부피접시어묵볶음q5/top_반찬부피_접시_어묵볶음_Q5_00013.JPG</path>
	<source>
		<database>fooddata</database>
	</source>
	<size>
		<width>3008</width>
		<height>2000</height>
		<depth>3</depth>
	</size>
	<object>
		<name>ref_spoon</name>
		<bndbox>
			<xmin>1879</xmin>
			<ymin>144</ymin>
			<xmax>2138</xmax>
			<ymax>532</ymax>
		</bndbox>
	</object>
	<object>
		<name>ref_fork</name>
		<bndbox>
			<xmin>2259</xmin>
			<ymin>171</ymin>
			<xmax>2453</xmax>
			<ymax>625</ymax>
		</bndbox>
	</object>
	<object>
		<name>ref_coin</name>
		<bndbox>
			<xmin>541</xmin>
			<ymin>333</ymin>
			<xmax>731</xmax>
			<ymax>537</ymax>
		</bndbox>
	</object>
	<object>
		<name>dish</name>
		<bndbox>
			<xmin>698</xmin>
			<ymin>426</ymin>
			<xmax>1930</xmax>
			<ymax>1667</ymax>
		</bndbox>
	</object>
	<object>
		<name>어묵볶음</name>
		<bndbox>
			<xmin>842</xmin>
			<ymin>611</ymin>
			<xmax>1773</xmax>
			<ymax>1528</ymax>
		</bndbox>
	</object>
</annotation>