<annotation>
	<folder>side_기타튀김접시채소튀김q5</folder>
	<filename>side_기타튀김_접시_채소튀김_Q5_00039.JPG</filename>
	<path>/side기타튀김접시채소튀김q5/side_기타튀김_접시_채소튀김_Q5_00039.JPG</path>
	<source>
		<database>fooddata</database>
	</source>
	<size>
		<width>720</width>
		<height>480</height>
		<depth>3</depth>
	</size>
	<object>
		<name>ref_spoon</name>
		<bndbox>
			<xmin>206</xmin>
			<ymin>101</ymin>
			<xmax>272</xmax>
			<ymax>208</ymax>
		</bndbox>
	</object>
	<object>
		<name>ref_fork</name>
		<bndbox>
			<xmin>295</xmin>
			<ymin>106</ymin>
			<xmax>340</xmax>
			<ymax>218</ymax>
		</bndbox>
	</object>
	<object>
		<name>ref_coin</name>
		<bndbox>
			<xmin>590</xmin>
			<ymin>362</ymin>
			<xmax>645</xmax>
			<ymax>407</ymax>
		</bndbox>
	</object>
	<object>
		<name>dish</name>
		<bndbox>
			<xmin>373</xmin>
			<ymin>114</ymin>
			<xmax>653</xmax>
			<ymax>316</ymax>
		</bndbox>
	</object>
	<object>
		<name>채소튀김</name>
		<bndbox>
			<xmin>409</xmin>
			<ymin>150</ymin>
			<xmax>644</xmax>
			<ymax>288</ymax>
		</bndbox>
	</object>
</annotation>