<annotation>
	<folder>side_기타튀김접시채소튀김q5</folder>
	<filename>side_기타튀김_접시_채소튀김_Q5_00027.JPG</filename>
	<path>/side기타튀김접시채소튀김q5/side_기타튀김_접시_채소튀김_Q5_00027.JPG</path>
	<source>
		<database>fooddata</database>
	</source>
	<size>
		<width>720</width>
		<height>480</height>
		<depth>3</depth>
	</size>
	<object>
		<name>ref_spoon</name>
		<bndbox>
			<xmin>204</xmin>
			<ymin>404</ymin>
			<xmax>328</xmax>
			<ymax>468</ymax>
		</bndbox>
	</object>
	<object>
		<name>ref_fork</name>
		<bndbox>
			<xmin>200</xmin>
			<ymin>344</ymin>
			<xmax>360</xmax>
			<ymax>393</ymax>
		</bndbox>
	</object>
	<object>
		<name>ref_coin</name>
		<bndbox>
			<xmin>556</xmin>
			<ymin>127</ymin>
			<xmax>606</xmax>
			<ymax>165</ymax>
		</bndbox>
	</object>
	<object>
		<name>dish</name>
		<bndbox>
			<xmin>251</xmin>
			<ymin>116</ymin>
			<xmax>525</xmax>
			<ymax>311</ymax>
		</bndbox>
	</object>
	<object>
		<name>채소튀김</name>
		<bndbox>
			<xmin>292</xmin>
			<ymin>139</ymin>
			<xmax>491</xmax>
			<ymax>304</ymax>
		</bndbox>
	</object>
</annotation>