<annotation>
	<folder>side_기타튀김접시채소튀김q5</folder>
	<filename>side_기타튀김_접시_채소튀김_Q5_00048.JPG</filename>
	<path>/side기타튀김접시채소튀김q5/side_기타튀김_접시_채소튀김_Q5_00048.JPG</path>
	<source>
		<database>fooddata</database>
	</source>
	<size>
		<width>720</width>
		<height>480</height>
		<depth>3</depth>
	</size>
	<object>
		<name>ref_spoon</name>
		<bndbox>
			<xmin>128</xmin>
			<ymin>88</ymin>
			<xmax>198</xmax>
			<ymax>205</ymax>
		</bndbox>
	</object>
	<object>
		<name>ref_fork</name>
		<bndbox>
			<xmin>220</xmin>
			<ymin>93</ymin>
			<xmax>267</xmax>
			<ymax>215</ymax>
		</bndbox>
	</object>
	<object>
		<name>ref_coin</name>
		<bndbox>
			<xmin>360</xmin>
			<ymin>50</ymin>
			<xmax>409</xmax>
			<ymax>86</ymax>
		</bndbox>
	</object>
	<object>
		<name>dish</name>
		<bndbox>
			<xmin>298</xmin>
			<ymin>104</ymin>
			<xmax>576</xmax>
			<ymax>309</ymax>
		</bndbox>
	</object>
	<object>
		<name>채소튀김</name>
		<bndbox>
			<xmin>321</xmin>
			<ymin>144</ymin>
			<xmax>563</xmax>
			<ymax>290</ymax>
		</bndbox>
	</object>
</annotation>