<annotation>
	<folder>side_기타튀김접시채소튀김q5</folder>
	<filename>side_기타튀김_접시_채소튀김_Q5_00037.JPG</filename>
	<path>/side기타튀김접시채소튀김q5/side_기타튀김_접시_채소튀김_Q5_00037.JPG</path>
	<source>
		<database>fooddata</database>
	</source>
	<size>
		<width>720</width>
		<height>480</height>
		<depth>3</depth>
	</size>
	<object>
		<name>ref_spoon</name>
		<bndbox>
			<xmin>203</xmin>
			<ymin>127</ymin>
			<xmax>269</xmax>
			<ymax>239</ymax>
		</bndbox>
	</object>
	<object>
		<name>ref_fork</name>
		<bndbox>
			<xmin>292</xmin>
			<ymin>133</ymin>
			<xmax>335</xmax>
			<ymax>251</ymax>
		</bndbox>
	</object>
	<object>
		<name>ref_coin</name>
		<bndbox>
			<xmin>492</xmin>
			<ymin>394</ymin>
			<xmax>545</xmax>
			<ymax>440</ymax>
		</bndbox>
	</object>
	<object>
		<name>dish</name>
		<bndbox>
			<xmin>367</xmin>
			<ymin>141</ymin>
			<xmax>647</xmax>
			<ymax>343</ymax>
		</bndbox>
	</object>
	<object>
		<name>채소튀김</name>
		<bndbox>
			<xmin>401</xmin>
			<ymin>160</ymin>
			<xmax>616</xmax>
			<ymax>330</ymax>
		</bndbox>
	</object>
</annotation>