<annotation>
	<folder>side_기타튀김접시채소튀김q5</folder>
	<filename>side_기타튀김_접시_채소튀김_Q5_00004.JPG</filename>
	<path>/side기타튀김접시채소튀김q5/side_기타튀김_접시_채소튀김_Q5_00004.JPG</path>
	<source>
		<database>fooddata</database>
	</source>
	<size>
		<width>720</width>
		<height>480</height>
		<depth>3</depth>
	</size>
	<object>
		<name>ref_spoon</name>
		<bndbox>
			<xmin>497</xmin>
			<ymin>107</ymin>
			<xmax>562</xmax>
			<ymax>224</ymax>
		</bndbox>
	</object>
	<object>
		<name>ref_fork</name>
		<bndbox>
			<xmin>599</xmin>
			<ymin>115</ymin>
			<xmax>648</xmax>
			<ymax>237</ymax>
		</bndbox>
	</object>
	<object>
		<name>ref_coin</name>
		<bndbox>
			<xmin>192</xmin>
			<ymin>376</ymin>
			<xmax>246</xmax>
			<ymax>419</ymax>
		</bndbox>
	</object>
	<object>
		<name>dish</name>
		<bndbox>
			<xmin>207</xmin>
			<ymin>157</ymin>
			<xmax>485</xmax>
			<ymax>358</ymax>
		</bndbox>
	</object>
	<object>
		<name>채소튀김</name>
		<bndbox>
			<xmin>250</xmin>
			<ymin>177</ymin>
			<xmax>460</xmax>
			<ymax>338</ymax>
		</bndbox>
	</object>
</annotation>