<annotation>
	<folder>side_기타튀김접시채소튀김q5</folder>
	<filename>side_기타튀김_접시_채소튀김_Q5_00029.JPG</filename>
	<path>/side기타튀김접시채소튀김q5/side_기타튀김_접시_채소튀김_Q5_00029.JPG</path>
	<source>
		<database>fooddata</database>
	</source>
	<size>
		<width>720</width>
		<height>480</height>
		<depth>3</depth>
	</size>
	<object>
		<name>ref_spoon</name>
		<bndbox>
			<xmin>209</xmin>
			<ymin>389</ymin>
			<xmax>336</xmax>
			<ymax>453</ymax>
		</bndbox>
	</object>
	<object>
		<name>ref_fork</name>
		<bndbox>
			<xmin>207</xmin>
			<ymin>330</ymin>
			<xmax>355</xmax>
			<ymax>377</ymax>
		</bndbox>
	</object>
	<object>
		<name>ref_coin</name>
		<bndbox>
			<xmin>623</xmin>
			<ymin>183</ymin>
			<xmax>675</xmax>
			<ymax>221</ymax>
		</bndbox>
	</object>
	<object>
		<name>dish</name>
		<bndbox>
			<xmin>269</xmin>
			<ymin>96</ymin>
			<xmax>542</xmax>
			<ymax>296</ymax>
		</bndbox>
	</object>
	<object>
		<name>채소튀김</name>
		<bndbox>
			<xmin>291</xmin>
			<ymin>104</ymin>
			<xmax>512</xmax>
			<ymax>276</ymax>
		</bndbox>
	</object>
</annotation>