<annotation>
	<folder>side_기타튀김접시채소튀김q5</folder>
	<filename>side_기타튀김_접시_채소튀김_Q5_00049.JPG</filename>
	<path>/side기타튀김접시채소튀김q5/side_기타튀김_접시_채소튀김_Q5_00049.JPG</path>
	<source>
		<database>fooddata</database>
	</source>
	<size>
		<width>720</width>
		<height>480</height>
		<depth>3</depth>
	</size>
	<object>
		<name>ref_spoon</name>
		<bndbox>
			<xmin>157</xmin>
			<ymin>102</ymin>
			<xmax>225</xmax>
			<ymax>235</ymax>
		</bndbox>
	</object>
	<object>
		<name>ref_fork</name>
		<bndbox>
			<xmin>247</xmin>
			<ymin>106</ymin>
			<xmax>294</xmax>
			<ymax>226</ymax>
		</bndbox>
	</object>
	<object>
		<name>ref_coin</name>
		<bndbox>
			<xmin>348</xmin>
			<ymin>79</ymin>
			<xmax>395</xmax>
			<ymax>113</ymax>
		</bndbox>
	</object>
	<object>
		<name>dish</name>
		<bndbox>
			<xmin>324</xmin>
			<ymin>117</ymin>
			<xmax>605</xmax>
			<ymax>320</ymax>
		</bndbox>
	</object>
	<object>
		<name>채소튀김</name>
		<bndbox>
			<xmin>352</xmin>
			<ymin>126</ymin>
			<xmax>592</xmax>
			<ymax>299</ymax>
		</bndbox>
	</object>
</annotation>