<annotation>
	<folder>side_기타튀김접시채소튀김q5</folder>
	<filename>side_기타튀김_접시_채소튀김_Q5_00034.JPG</filename>
	<path>/side기타튀김접시채소튀김q5/side_기타튀김_접시_채소튀김_Q5_00034.JPG</path>
	<source>
		<database>fooddata</database>
	</source>
	<size>
		<width>720</width>
		<height>480</height>
		<depth>3</depth>
	</size>
	<object>
		<name>ref_spoon</name>
		<bndbox>
			<xmin>253</xmin>
			<ymin>113</ymin>
			<xmax>315</xmax>
			<ymax>220</ymax>
		</bndbox>
	</object>
	<object>
		<name>ref_fork</name>
		<bndbox>
			<xmin>336</xmin>
			<ymin>118</ymin>
			<xmax>377</xmax>
			<ymax>246</ymax>
		</bndbox>
	</object>
	<object>
		<name>ref_coin</name>
		<bndbox>
			<xmin>397</xmin>
			<ymin>321</ymin>
			<xmax>448</xmax>
			<ymax>364</ymax>
		</bndbox>
	</object>
	<object>
		<name>dish</name>
		<bndbox>
			<xmin>409</xmin>
			<ymin>123</ymin>
			<xmax>671</xmax>
			<ymax>316</ymax>
		</bndbox>
	</object>
	<object>
		<name>채소튀김</name>
		<bndbox>
			<xmin>428</xmin>
			<ymin>131</ymin>
			<xmax>661</xmax>
			<ymax>297</ymax>
		</bndbox>
	</object>
</annotation>