<annotation>
	<folder>side_기타튀김접시채소튀김q5</folder>
	<filename>side_기타튀김_접시_채소튀김_Q5_00025.JPG</filename>
	<path>/side기타튀김접시채소튀김q5/side_기타튀김_접시_채소튀김_Q5_00025.JPG</path>
	<source>
		<database>fooddata</database>
	</source>
	<size>
		<width>720</width>
		<height>480</height>
		<depth>3</depth>
	</size>
	<object>
		<name>ref_spoon</name>
		<bndbox>
			<xmin>203</xmin>
			<ymin>377</ymin>
			<xmax>347</xmax>
			<ymax>441</ymax>
		</bndbox>
	</object>
	<object>
		<name>ref_fork</name>
		<bndbox>
			<xmin>201</xmin>
			<ymin>315</ymin>
			<xmax>353</xmax>
			<ymax>365</ymax>
		</bndbox>
	</object>
	<object>
		<name>ref_coin</name>
		<bndbox>
			<xmin>448</xmin>
			<ymin>42</ymin>
			<xmax>498</xmax>
			<ymax>78</ymax>
		</bndbox>
	</object>
	<object>
		<name>dish</name>
		<bndbox>
			<xmin>248</xmin>
			<ymin>81</ymin>
			<xmax>519</xmax>
			<ymax>278</ymax>
		</bndbox>
	</object>
	<object>
		<name>채소튀김</name>
		<bndbox>
			<xmin>260</xmin>
			<ymin>97</ymin>
			<xmax>496</xmax>
			<ymax>248</ymax>
		</bndbox>
	</object>
</annotation>