<annotation>
	<folder>side_기타튀김접시채소튀김q5</folder>
	<filename>side_기타튀김_접시_채소튀김_Q5_00024.JPG</filename>
	<path>/side기타튀김접시채소튀김q5/side_기타튀김_접시_채소튀김_Q5_00024.JPG</path>
	<source>
		<database>fooddata</database>
	</source>
	<size>
		<width>720</width>
		<height>480</height>
		<depth>3</depth>
	</size>
	<object>
		<name>ref_spoon</name>
		<bndbox>
			<xmin>218</xmin>
			<ymin>365</ymin>
			<xmax>367</xmax>
			<ymax>428</ymax>
		</bndbox>
	</object>
	<object>
		<name>ref_fork</name>
		<bndbox>
			<xmin>215</xmin>
			<ymin>304</ymin>
			<xmax>366</xmax>
			<ymax>353</ymax>
		</bndbox>
	</object>
	<object>
		<name>ref_coin</name>
		<bndbox>
			<xmin>400</xmin>
			<ymin>23</ymin>
			<xmax>451</xmax>
			<ymax>56</ymax>
		</bndbox>
	</object>
	<object>
		<name>dish</name>
		<bndbox>
			<xmin>257</xmin>
			<ymin>73</ymin>
			<xmax>530</xmax>
			<ymax>270</ymax>
		</bndbox>
	</object>
	<object>
		<name>채소튀김</name>
		<bndbox>
			<xmin>277</xmin>
			<ymin>89</ymin>
			<xmax>514</xmax>
			<ymax>229</ymax>
		</bndbox>
	</object>
</annotation>