<annotation>
	<folder>top기타튀김접시채소튀김q5</folder>
	<filename>top_기타튀김_접시_채소튀김_Q5_00018.JPG</filename>
	<path>/top기타튀김접시채소튀김q5/top_기타튀김_접시_채소튀김_Q5_00018.JPG</path>
	<source>
		<database>fooddata</database>
	</source>
	<size>
		<width>720</width>
		<height>480</height>
		<depth>3</depth>
	</size>
	<object>
		<name>ref_spoon</name>
		<bndbox>
			<xmin>235</xmin>
			<ymin>387</ymin>
			<xmax>341</xmax>
			<ymax>455</ymax>
		</bndbox>
	</object>
	<object>
		<name>ref_fork</name>
		<bndbox>
			<xmin>259</xmin>
			<ymin>316</ymin>
			<xmax>370</xmax>
			<ymax>361</ymax>
		</bndbox>
	</object>
	<object>
		<name>ref_coin</name>
		<bndbox>
			<xmin>556</xmin>
			<ymin>213</ymin>
			<xmax>602</xmax>
			<ymax>261</ymax>
		</bndbox>
	</object>
	<object>
		<name>dish</name>
		<bndbox>
			<xmin>280</xmin>
			<ymin>36</ymin>
			<xmax>536</xmax>
			<ymax>291</ymax>
		</bndbox>
	</object>
	<object>
		<name>채소튀김</name>
		<bndbox>
			<xmin>309</xmin>
			<ymin>61</ymin>
			<xmax>511</xmax>
			<ymax>268</ymax>
		</bndbox>
	</object>
</annotation>