<annotation>
	<folder>top기타튀김접시채소튀김q5</folder>
	<filename>top_기타튀김_접시_채소튀김_Q5_00019.JPG</filename>
	<path>/top기타튀김접시채소튀김q5/top_기타튀김_접시_채소튀김_Q5_00019.JPG</path>
	<source>
		<database>fooddata</database>
	</source>
	<size>
		<width>720</width>
		<height>480</height>
		<depth>3</depth>
	</size>
	<object>
		<name>ref_spoon</name>
		<bndbox>
			<xmin>214</xmin>
			<ymin>392</ymin>
			<xmax>325</xmax>
			<ymax>459</ymax>
		</bndbox>
	</object>
	<object>
		<name>ref_fork</name>
		<bndbox>
			<xmin>237</xmin>
			<ymin>318</ymin>
			<xmax>350</xmax>
			<ymax>363</ymax>
		</bndbox>
	</object>
	<object>
		<name>ref_coin</name>
		<bndbox>
			<xmin>535</xmin>
			<ymin>172</ymin>
			<xmax>578</xmax>
			<ymax>217</ymax>
		</bndbox>
	</object>
	<object>
		<name>dish</name>
		<bndbox>
			<xmin>246</xmin>
			<ymin>27</ymin>
			<xmax>499</xmax>
			<ymax>278</ymax>
		</bndbox>
	</object>
	<object>
		<name>채소튀김</name>
		<bndbox>
			<xmin>276</xmin>
			<ymin>43</ymin>
			<xmax>479</xmax>
			<ymax>245</ymax>
		</bndbox>
	</object>
</annotation>