<annotation>
	<folder>top기타튀김접시채소튀김q5</folder>
	<filename>top_기타튀김_접시_채소튀김_Q5_00011.JPG</filename>
	<path>/top기타튀김접시채소튀김q5/top_기타튀김_접시_채소튀김_Q5_00011.JPG</path>
	<source>
		<database>fooddata</database>
	</source>
	<size>
		<width>720</width>
		<height>480</height>
		<depth>3</depth>
	</size>
	<object>
		<name>ref_spoon</name>
		<bndbox>
			<xmin>478</xmin>
			<ymin>8</ymin>
			<xmax>549</xmax>
			<ymax>125</ymax>
		</bndbox>
	</object>
	<object>
		<name>ref_fork</name>
		<bndbox>
			<xmin>581</xmin>
			<ymin>38</ymin>
			<xmax>630</xmax>
			<ymax>162</ymax>
		</bndbox>
	</object>
	<object>
		<name>ref_coin</name>
		<bndbox>
			<xmin>156</xmin>
			<ymin>339</ymin>
			<xmax>209</xmax>
			<ymax>391</ymax>
		</bndbox>
	</object>
	<object>
		<name>dish</name>
		<bndbox>
			<xmin>193</xmin>
			<ymin>78</ymin>
			<xmax>488</xmax>
			<ymax>376</ymax>
		</bndbox>
	</object>
	<object>
		<name>채소튀김</name>
		<bndbox>
			<xmin>211</xmin>
			<ymin>104</ymin>
			<xmax>448</xmax>
			<ymax>339</ymax>
		</bndbox>
	</object>
</annotation>