<annotation>
	<folder>top기타튀김접시채소튀김q5</folder>
	<filename>top_기타튀김_접시_채소튀김_Q5_00037.JPG</filename>
	<path>/top기타튀김접시채소튀김q5/top_기타튀김_접시_채소튀김_Q5_00037.JPG</path>
	<source>
		<database>fooddata</database>
	</source>
	<size>
		<width>720</width>
		<height>480</height>
		<depth>3</depth>
	</size>
	<object>
		<name>ref_spoon</name>
		<bndbox>
			<xmin>202</xmin>
			<ymin>39</ymin>
			<xmax>273</xmax>
			<ymax>163</ymax>
		</bndbox>
	</object>
	<object>
		<name>ref_fork</name>
		<bndbox>
			<xmin>287</xmin>
			<ymin>47</ymin>
			<xmax>336</xmax>
			<ymax>173</ymax>
		</bndbox>
	</object>
	<object>
		<name>ref_coin</name>
		<bndbox>
			<xmin>335</xmin>
			<ymin>337</ymin>
			<xmax>385</xmax>
			<ymax>388</ymax>
		</bndbox>
	</object>
	<object>
		<name>dish</name>
		<bndbox>
			<xmin>370</xmin>
			<ymin>78</ymin>
			<xmax>658</xmax>
			<ymax>366</ymax>
		</bndbox>
	</object>
	<object>
		<name>채소튀김</name>
		<bndbox>
			<xmin>388</xmin>
			<ymin>88</ymin>
			<xmax>617</xmax>
			<ymax>345</ymax>
		</bndbox>
	</object>
</annotation>