<annotation>
	<folder>top기타튀김접시채소튀김q5</folder>
	<filename>top_기타튀김_접시_채소튀김_Q5_00014.JPG</filename>
	<path>/top기타튀김접시채소튀김q5/top_기타튀김_접시_채소튀김_Q5_00014.JPG</path>
	<source>
		<database>fooddata</database>
	</source>
	<size>
		<width>720</width>
		<height>480</height>
		<depth>3</depth>
	</size>
	<object>
		<name>ref_spoon</name>
		<bndbox>
			<xmin>445</xmin>
			<ymin>25</ymin>
			<xmax>516</xmax>
			<ymax>147</ymax>
		</bndbox>
	</object>
	<object>
		<name>ref_fork</name>
		<bndbox>
			<xmin>550</xmin>
			<ymin>54</ymin>
			<xmax>598</xmax>
			<ymax>179</ymax>
		</bndbox>
	</object>
	<object>
		<name>ref_coin</name>
		<bndbox>
			<xmin>389</xmin>
			<ymin>381</ymin>
			<xmax>442</xmax>
			<ymax>434</ymax>
		</bndbox>
	</object>
	<object>
		<name>dish</name>
		<bndbox>
			<xmin>144</xmin>
			<ymin>57</ymin>
			<xmax>445</xmax>
			<ymax>356</ymax>
		</bndbox>
	</object>
	<object>
		<name>채소튀김</name>
		<bndbox>
			<xmin>187</xmin>
			<ymin>96</ymin>
			<xmax>425</xmax>
			<ymax>327</ymax>
		</bndbox>
	</object>
</annotation>