<annotation>
	<folder>top기타튀김접시채소튀김q5</folder>
	<filename>top_기타튀김_접시_채소튀김_Q5_00031.JPG</filename>
	<path>/top기타튀김접시채소튀김q5/top_기타튀김_접시_채소튀김_Q5_00031.JPG</path>
	<source>
		<database>fooddata</database>
	</source>
	<size>
		<width>720</width>
		<height>480</height>
		<depth>3</depth>
	</size>
	<object>
		<name>ref_spoon</name>
		<bndbox>
			<xmin>244</xmin>
			<ymin>391</ymin>
			<xmax>343</xmax>
			<ymax>458</ymax>
		</bndbox>
	</object>
	<object>
		<name>ref_fork</name>
		<bndbox>
			<xmin>271</xmin>
			<ymin>325</ymin>
			<xmax>378</xmax>
			<ymax>369</ymax>
		</bndbox>
	</object>
	<object>
		<name>ref_coin</name>
		<bndbox>
			<xmin>259</xmin>
			<ymin>76</ymin>
			<xmax>304</xmax>
			<ymax>120</ymax>
		</bndbox>
	</object>
	<object>
		<name>dish</name>
		<bndbox>
			<xmin>334</xmin>
			<ymin>64</ymin>
			<xmax>574</xmax>
			<ymax>301</ymax>
		</bndbox>
	</object>
	<object>
		<name>채소튀김</name>
		<bndbox>
			<xmin>356</xmin>
			<ymin>92</ymin>
			<xmax>547</xmax>
			<ymax>284</ymax>
		</bndbox>
	</object>
</annotation>