<annotation>
	<folder>top기타튀김접시채소튀김q5</folder>
	<filename>top_기타튀김_접시_채소튀김_Q5_00038.JPG</filename>
	<path>/top기타튀김접시채소튀김q5/top_기타튀김_접시_채소튀김_Q5_00038.JPG</path>
	<source>
		<database>fooddata</database>
	</source>
	<size>
		<width>720</width>
		<height>480</height>
		<depth>3</depth>
	</size>
	<object>
		<name>ref_spoon</name>
		<bndbox>
			<xmin>145</xmin>
			<ymin>40</ymin>
			<xmax>218</xmax>
			<ymax>167</ymax>
		</bndbox>
	</object>
	<object>
		<name>ref_fork</name>
		<bndbox>
			<xmin>236</xmin>
			<ymin>46</ymin>
			<xmax>285</xmax>
			<ymax>171</ymax>
		</bndbox>
	</object>
	<object>
		<name>ref_coin</name>
		<bndbox>
			<xmin>327</xmin>
			<ymin>374</ymin>
			<xmax>385</xmax>
			<ymax>430</ymax>
		</bndbox>
	</object>
	<object>
		<name>dish</name>
		<bndbox>
			<xmin>322</xmin>
			<ymin>76</ymin>
			<xmax>615</xmax>
			<ymax>364</ymax>
		</bndbox>
	</object>
	<object>
		<name>채소튀김</name>
		<bndbox>
			<xmin>341</xmin>
			<ymin>102</ymin>
			<xmax>583</xmax>
			<ymax>337</ymax>
		</bndbox>
	</object>
</annotation>