<annotation>
	<folder>top기타튀김접시채소튀김q5</folder>
	<filename>top_기타튀김_접시_채소튀김_Q5_00010.JPG</filename>
	<path>/top기타튀김접시채소튀김q5/top_기타튀김_접시_채소튀김_Q5_00010.JPG</path>
	<source>
		<database>fooddata</database>
	</source>
	<size>
		<width>720</width>
		<height>480</height>
		<depth>3</depth>
	</size>
	<object>
		<name>ref_spoon</name>
		<bndbox>
			<xmin>490</xmin>
			<ymin>28</ymin>
			<xmax>564</xmax>
			<ymax>151</ymax>
		</bndbox>
	</object>
	<object>
		<name>ref_fork</name>
		<bndbox>
			<xmin>593</xmin>
			<ymin>55</ymin>
			<xmax>642</xmax>
			<ymax>182</ymax>
		</bndbox>
	</object>
	<object>
		<name>ref_coin</name>
		<bndbox>
			<xmin>119</xmin>
			<ymin>289</ymin>
			<xmax>174</xmax>
			<ymax>343</ymax>
		</bndbox>
	</object>
	<object>
		<name>dish</name>
		<bndbox>
			<xmin>181</xmin>
			<ymin>109</ymin>
			<xmax>482</xmax>
			<ymax>408</ymax>
		</bndbox>
	</object>
	<object>
		<name>채소튀김</name>
		<bndbox>
			<xmin>218</xmin>
			<ymin>130</ymin>
			<xmax>458</xmax>
			<ymax>369</ymax>
		</bndbox>
	</object>
</annotation>