<annotation>
	<folder>top기타튀김접시채소튀김q5</folder>
	<filename>top_기타튀김_접시_채소튀김_Q5_00046.JPG</filename>
	<path>/top기타튀김접시채소튀김q5/top_기타튀김_접시_채소튀김_Q5_00046.JPG</path>
	<source>
		<database>fooddata</database>
	</source>
	<size>
		<width>720</width>
		<height>480</height>
		<depth>3</depth>
	</size>
	<object>
		<name>ref_spoon</name>
		<bndbox>
			<xmin>135</xmin>
			<ymin>79</ymin>
			<xmax>204</xmax>
			<ymax>195</ymax>
		</bndbox>
	</object>
	<object>
		<name>ref_fork</name>
		<bndbox>
			<xmin>222</xmin>
			<ymin>87</ymin>
			<xmax>269</xmax>
			<ymax>203</ymax>
		</bndbox>
	</object>
	<object>
		<name>ref_coin</name>
		<bndbox>
			<xmin>634</xmin>
			<ymin>205</ymin>
			<xmax>684</xmax>
			<ymax>256</ymax>
		</bndbox>
	</object>
	<object>
		<name>dish</name>
		<bndbox>
			<xmin>304</xmin>
			<ymin>112</ymin>
			<xmax>589</xmax>
			<ymax>395</ymax>
		</bndbox>
	</object>
	<object>
		<name>채소튀김</name>
		<bndbox>
			<xmin>341</xmin>
			<ymin>154</ymin>
			<xmax>574</xmax>
			<ymax>355</ymax>
		</bndbox>
	</object>
</annotation>