<annotation>
	<folder>top기타튀김접시채소튀김q5</folder>
	<filename>top_기타튀김_접시_채소튀김_Q5_00034.JPG</filename>
	<path>/top기타튀김접시채소튀김q5/top_기타튀김_접시_채소튀김_Q5_00034.JPG</path>
	<source>
		<database>fooddata</database>
	</source>
	<size>
		<width>720</width>
		<height>480</height>
		<depth>3</depth>
	</size>
	<object>
		<name>ref_spoon</name>
		<bndbox>
			<xmin>141</xmin>
			<ymin>43</ymin>
			<xmax>212</xmax>
			<ymax>158</ymax>
		</bndbox>
	</object>
	<object>
		<name>ref_fork</name>
		<bndbox>
			<xmin>230</xmin>
			<ymin>47</ymin>
			<xmax>278</xmax>
			<ymax>178</ymax>
		</bndbox>
	</object>
	<object>
		<name>ref_coin</name>
		<bndbox>
			<xmin>301</xmin>
			<ymin>364</ymin>
			<xmax>350</xmax>
			<ymax>416</ymax>
		</bndbox>
	</object>
	<object>
		<name>dish</name>
		<bndbox>
			<xmin>329</xmin>
			<ymin>72</ymin>
			<xmax>616</xmax>
			<ymax>360</ymax>
		</bndbox>
	</object>
	<object>
		<name>채소튀김</name>
		<bndbox>
			<xmin>343</xmin>
			<ymin>95</ymin>
			<xmax>615</xmax>
			<ymax>313</ymax>
		</bndbox>
	</object>
</annotation>