<annotation>
	<folder>side비빔밥덮밥류냉면기전주비빔밥q5</folder>
	<filename>side_비빔밥덮밥류_냉면기_전주비빔밥_Q5_00016.JPG</filename>
	<path>/side비빔밥덮밥류냉면기전주비빔밥q5/side_비빔밥덮밥류_냉면기_전주비빔밥_Q5_00016.JPG</path>
	<source>
		<database>fooddata</database>
	</source>
	<size>
		<width>3008</width>
		<height>2000</height>
		<depth>3</depth>
	</size>
	<object>
		<name>ref_spoon</name>
		<bndbox>
			<xmin>1776</xmin>
			<ymin>505</ymin>
			<xmax>2021</xmax>
			<ymax>835</ymax>
		</bndbox>
	</object>
	<object>
		<name>ref_fork</name>
		<bndbox>
			<xmin>2187</xmin>
			<ymin>573</ymin>
			<xmax>2354</xmax>
			<ymax>966</ymax>
		</bndbox>
	</object>
	<object>
		<name>ref_coin</name>
		<bndbox>
			<xmin>1113</xmin>
			<ymin>1650</ymin>
			<xmax>1321</xmax>
			<ymax>1801</ymax>
		</bndbox>
	</object>
	<object>
		<name>dish</name>
		<bndbox>
			<xmin>284</xmin>
			<ymin>325</ymin>
			<xmax>1623</xmax>
			<ymax>1392</ymax>
		</bndbox>
	</object>
	<object>
		<name>전주비빔밥</name>
		<bndbox>
			<xmin>355</xmin>
			<ymin>442</ymin>
			<xmax>1553</xmax>
			<ymax>1105</ymax>
		</bndbox>
	</object>
</annotation>