<annotation>
	<folder>side비빔밥덮밥류냉면기전주비빔밥q5</folder>
	<filename>side_비빔밥덮밥류_냉면기_전주비빔밥_Q5_00011.JPG</filename>
	<path>/side비빔밥덮밥류냉면기전주비빔밥q5/side_비빔밥덮밥류_냉면기_전주비빔밥_Q5_00011.JPG</path>
	<source>
		<database>fooddata</database>
	</source>
	<size>
		<width>3008</width>
		<height>2000</height>
		<depth>3</depth>
	</size>
	<object>
		<name>ref_spoon</name>
		<bndbox>
			<xmin>1859</xmin>
			<ymin>672</ymin>
			<xmax>2107</xmax>
			<ymax>1023</ymax>
		</bndbox>
	</object>
	<object>
		<name>ref_fork</name>
		<bndbox>
			<xmin>2272</xmin>
			<ymin>734</ymin>
			<xmax>2446</xmax>
			<ymax>1129</ymax>
		</bndbox>
	</object>
	<object>
		<name>ref_coin</name>
		<bndbox>
			<xmin>1461</xmin>
			<ymin>430</ymin>
			<xmax>1628</xmax>
			<ymax>534</ymax>
		</bndbox>
	</object>
	<object>
		<name>dish</name>
		<bndbox>
			<xmin>384</xmin>
			<ymin>523</ymin>
			<xmax>1731</xmax>
			<ymax>1620</ymax>
		</bndbox>
	</object>
	<object>
		<name>전주비빔밥</name>
		<bndbox>
			<xmin>466</xmin>
			<ymin>724</ymin>
			<xmax>1642</xmax>
			<ymax>1345</ymax>
		</bndbox>
	</object>
</annotation>