<annotation>
	<folder>side비빔밥덮밥류냉면기전주비빔밥q5</folder>
	<filename>side_비빔밥덮밥류_냉면기_전주비빔밥_Q5_00004.JPG</filename>
	<path>/side비빔밥덮밥류냉면기전주비빔밥q5/side_비빔밥덮밥류_냉면기_전주비빔밥_Q5_00004.JPG</path>
	<source>
		<database>fooddata</database>
	</source>
	<size>
		<width>3008</width>
		<height>2000</height>
		<depth>3</depth>
	</size>
	<object>
		<name>ref_spoon</name>
		<bndbox>
			<xmin>1956</xmin>
			<ymin>565</ymin>
			<xmax>2196</xmax>
			<ymax>910</ymax>
		</bndbox>
	</object>
	<object>
		<name>ref_fork</name>
		<bndbox>
			<xmin>2366</xmin>
			<ymin>665</ymin>
			<xmax>2533</xmax>
			<ymax>1062</ymax>
		</bndbox>
	</object>
	<object>
		<name>ref_coin</name>
		<bndbox>
			<xmin>430</xmin>
			<ymin>1475</ymin>
			<xmax>637</xmax>
			<ymax>1623</ymax>
		</bndbox>
	</object>
	<object>
		<name>dish</name>
		<bndbox>
			<xmin>539</xmin>
			<ymin>311</ymin>
			<xmax>1878</xmax>
			<ymax>1381</ymax>
		</bndbox>
	</object>
	<object>
		<name>전주비빔밥</name>
		<bndbox>
			<xmin>608</xmin>
			<ymin>418</ymin>
			<xmax>1799</xmax>
			<ymax>1096</ymax>
		</bndbox>
	</object>
</annotation>