<annotation>
	<folder>side비빔밥덮밥류냉면기전주비빔밥q5</folder>
	<filename>side_비빔밥덮밥류_냉면기_전주비빔밥_Q5_00006.JPG</filename>
	<path>/side비빔밥덮밥류냉면기전주비빔밥q5/side_비빔밥덮밥류_냉면기_전주비빔밥_Q5_00006.JPG</path>
	<source>
		<database>fooddata</database>
	</source>
	<size>
		<width>3008</width>
		<height>2000</height>
		<depth>3</depth>
	</size>
	<object>
		<name>ref_spoon</name>
		<bndbox>
			<xmin>2152</xmin>
			<ymin>671</ymin>
			<xmax>2392</xmax>
			<ymax>1016</ymax>
		</bndbox>
	</object>
	<object>
		<name>ref_fork</name>
		<bndbox>
			<xmin>2554</xmin>
			<ymin>756</ymin>
			<xmax>2718</xmax>
			<ymax>1144</ymax>
		</bndbox>
	</object>
	<object>
		<name>ref_coin</name>
		<bndbox>
			<xmin>305</xmin>
			<ymin>1108</ymin>
			<xmax>495</xmax>
			<ymax>1247</ymax>
		</bndbox>
	</object>
	<object>
		<name>dish</name>
		<bndbox>
			<xmin>734</xmin>
			<ymin>444</ymin>
			<xmax>2033</xmax>
			<ymax>1499</ymax>
		</bndbox>
	</object>
	<object>
		<name>전주비빔밥</name>
		<bndbox>
			<xmin>821</xmin>
			<ymin>547</ymin>
			<xmax>1947</xmax>
			<ymax>1235</ymax>
		</bndbox>
	</object>
</annotation>