<annotation>
	<folder>side비빔밥덮밥류냉면기전주비빔밥q5</folder>
	<filename>side_비빔밥덮밥류_냉면기_전주비빔밥_Q5_00012.JPG</filename>
	<path>/side비빔밥덮밥류냉면기전주비빔밥q5/side_비빔밥덮밥류_냉면기_전주비빔밥_Q5_00012.JPG</path>
	<source>
		<database>fooddata</database>
	</source>
	<size>
		<width>3008</width>
		<height>2000</height>
		<depth>3</depth>
	</size>
	<object>
		<name>ref_spoon</name>
		<bndbox>
			<xmin>1787</xmin>
			<ymin>682</ymin>
			<xmax>2033</xmax>
			<ymax>1030</ymax>
		</bndbox>
	</object>
	<object>
		<name>ref_fork</name>
		<bndbox>
			<xmin>2198</xmin>
			<ymin>743</ymin>
			<xmax>2375</xmax>
			<ymax>1126</ymax>
		</bndbox>
	</object>
	<object>
		<name>ref_coin</name>
		<bndbox>
			<xmin>1789</xmin>
			<ymin>424</ymin>
			<xmax>1951</xmax>
			<ymax>525</ymax>
		</bndbox>
	</object>
	<object>
		<name>dish</name>
		<bndbox>
			<xmin>356</xmin>
			<ymin>552</ymin>
			<xmax>1702</xmax>
			<ymax>1641</ymax>
		</bndbox>
	</object>
	<object>
		<name>전주비빔밥</name>
		<bndbox>
			<xmin>426</xmin>
			<ymin>689</ymin>
			<xmax>1616</xmax>
			<ymax>1364</ymax>
		</bndbox>
	</object>
</annotation>