<annotation>
	<folder>side비빔밥덮밥류냉면기전주비빔밥q5</folder>
	<filename>side_비빔밥덮밥류_냉면기_전주비빔밥_Q5_00038.JPG</filename>
	<path>/side비빔밥덮밥류냉면기전주비빔밥q5/side_비빔밥덮밥류_냉면기_전주비빔밥_Q5_00038.JPG</path>
	<source>
		<database>fooddata</database>
	</source>
	<size>
		<width>3008</width>
		<height>2000</height>
		<depth>3</depth>
	</size>
	<object>
		<name>ref_spoon</name>
		<bndbox>
			<xmin>328</xmin>
			<ymin>1501</ymin>
			<xmax>826</xmax>
			<ymax>1718</ymax>
		</bndbox>
	</object>
	<object>
		<name>ref_fork</name>
		<bndbox>
			<xmin>468</xmin>
			<ymin>1294</ymin>
			<xmax>965</xmax>
			<ymax>1490</ymax>
		</bndbox>
	</object>
	<object>
		<name>ref_coin</name>
		<bndbox>
			<xmin>1594</xmin>
			<ymin>1780</ymin>
			<xmax>1801</xmax>
			<ymax>1935</ymax>
		</bndbox>
	</object>
	<object>
		<name>dish</name>
		<bndbox>
			<xmin>665</xmin>
			<ymin>118</ymin>
			<xmax>1904</xmax>
			<ymax>1125</ymax>
		</bndbox>
	</object>
	<object>
		<name>전주비빔밥</name>
		<bndbox>
			<xmin>733</xmin>
			<ymin>298</ymin>
			<xmax>1819</xmax>
			<ymax>876</ymax>
		</bndbox>
	</object>
</annotation>