<annotation>
	<folder>top비빔밥덮밥류냉면기전주비빔밥q5</folder>
	<filename>top_비빔밥덮밥류_냉면기_전주비빔밥_Q5_00002.JPG</filename>
	<path>/top비빔밥덮밥류냉면기전주비빔밥q5/top_비빔밥덮밥류_냉면기_전주비빔밥_Q5_00002.JPG</path>
	<source>
		<database>fooddata</database>
	</source>
	<size>
		<width>3008</width>
		<height>2000</height>
		<depth>3</depth>
	</size>
	<object>
		<name>ref_spoon</name>
		<bndbox>
			<xmin>1952</xmin>
			<ymin>184</ymin>
			<xmax>2169</xmax>
			<ymax>585</ymax>
		</bndbox>
	</object>
	<object>
		<name>ref_fork</name>
		<bndbox>
			<xmin>2230</xmin>
			<ymin>208</ymin>
			<xmax>2382</xmax>
			<ymax>638</ymax>
		</bndbox>
	</object>
	<object>
		<name>ref_coin</name>
		<bndbox>
			<xmin>1150</xmin>
			<ymin>1620</ymin>
			<xmax>1318</xmax>
			<ymax>1804</ymax>
		</bndbox>
	</object>
	<object>
		<name>dish</name>
		<bndbox>
			<xmin>782</xmin>
			<ymin>237</ymin>
			<xmax>1977</xmax>
			<ymax>1440</ymax>
		</bndbox>
	</object>
	<object>
		<name>전주비빔밥</name>
		<bndbox>
			<xmin>892</xmin>
			<ymin>315</ymin>
			<xmax>1866</xmax>
			<ymax>1362</ymax>
		</bndbox>
	</object>
</annotation>