<annotation>
	<folder>top비빔밥덮밥류냉면기전주비빔밥q5</folder>
	<filename>top_비빔밥덮밥류_냉면기_전주비빔밥_Q5_00013.JPG</filename>
	<path>/top비빔밥덮밥류냉면기전주비빔밥q5/top_비빔밥덮밥류_냉면기_전주비빔밥_Q5_00013.JPG</path>
	<source>
		<database>fooddata</database>
	</source>
	<size>
		<width>3008</width>
		<height>2000</height>
		<depth>3</depth>
	</size>
	<object>
		<name>ref_spoon</name>
		<bndbox>
			<xmin>1895</xmin>
			<ymin>405</ymin>
			<xmax>2132</xmax>
			<ymax>797</ymax>
		</bndbox>
	</object>
	<object>
		<name>ref_fork</name>
		<bndbox>
			<xmin>2210</xmin>
			<ymin>429</ymin>
			<xmax>2378</xmax>
			<ymax>855</ymax>
		</bndbox>
	</object>
	<object>
		<name>ref_coin</name>
		<bndbox>
			<xmin>1842</xmin>
			<ymin>102</ymin>
			<xmax>2009</xmax>
			<ymax>269</ymax>
		</bndbox>
	</object>
	<object>
		<name>dish</name>
		<bndbox>
			<xmin>377</xmin>
			<ymin>478</ymin>
			<xmax>1768</xmax>
			<ymax>1833</ymax>
		</bndbox>
	</object>
	<object>
		<name>전주비빔밥</name>
		<bndbox>
			<xmin>495</xmin>
			<ymin>609</ymin>
			<xmax>1702</xmax>
			<ymax>1743</ymax>
		</bndbox>
	</object>
</annotation>