<annotation>
	<folder>top비빔밥덮밥류냉면기전주비빔밥q5</folder>
	<filename>top_비빔밥덮밥류_냉면기_전주비빔밥_Q5_00024.JPG</filename>
	<path>/top비빔밥덮밥류냉면기전주비빔밥q5/top_비빔밥덮밥류_냉면기_전주비빔밥_Q5_00024.JPG</path>
	<source>
		<database>fooddata</database>
	</source>
	<size>
		<width>3008</width>
		<height>2000</height>
		<depth>3</depth>
	</size>
	<object>
		<name>ref_spoon</name>
		<bndbox>
			<xmin>970</xmin>
			<ymin>1624</ymin>
			<xmax>1359</xmax>
			<ymax>1857</ymax>
		</bndbox>
	</object>
	<object>
		<name>ref_fork</name>
		<bndbox>
			<xmin>1015</xmin>
			<ymin>1346</ymin>
			<xmax>1420</xmax>
			<ymax>1497</ymax>
		</bndbox>
	</object>
	<object>
		<name>ref_coin</name>
		<bndbox>
			<xmin>917</xmin>
			<ymin>323</ymin>
			<xmax>1085</xmax>
			<ymax>478</ymax>
		</bndbox>
	</object>
	<object>
		<name>dish</name>
		<bndbox>
			<xmin>1162</xmin>
			<ymin>106</ymin>
			<xmax>2284</xmax>
			<ymax>1207</ymax>
		</bndbox>
	</object>
	<object>
		<name>전주비빔밥</name>
		<bndbox>
			<xmin>1232</xmin>
			<ymin>216</ymin>
			<xmax>2185</xmax>
			<ymax>1141</ymax>
		</bndbox>
	</object>
</annotation>