<annotation>
	<folder>top비빔밥덮밥류냉면기전주비빔밥q5</folder>
	<filename>top_비빔밥덮밥류_냉면기_전주비빔밥_Q5_00053.JPG</filename>
	<path>/top비빔밥덮밥류냉면기전주비빔밥q5/top_비빔밥덮밥류_냉면기_전주비빔밥_Q5_00053.JPG</path>
	<source>
		<database>fooddata</database>
	</source>
	<size>
		<width>3008</width>
		<height>2000</height>
		<depth>3</depth>
	</size>
	<object>
		<name>ref_spoon</name>
		<bndbox>
			<xmin>286</xmin>
			<ymin>200</ymin>
			<xmax>548</xmax>
			<ymax>630</ymax>
		</bndbox>
	</object>
	<object>
		<name>ref_fork</name>
		<bndbox>
			<xmin>688</xmin>
			<ymin>184</ymin>
			<xmax>864</xmax>
			<ymax>654</ymax>
		</bndbox>
	</object>
	<object>
		<name>ref_coin</name>
		<bndbox>
			<xmin>1809</xmin>
			<ymin>1604</ymin>
			<xmax>2022</xmax>
			<ymax>1816</ymax>
		</bndbox>
	</object>
	<object>
		<name>dish</name>
		<bndbox>
			<xmin>868</xmin>
			<ymin>233</ymin>
			<xmax>2280</xmax>
			<ymax>1628</ymax>
		</bndbox>
	</object>
	<object>
		<name>전주비빔밥</name>
		<bndbox>
			<xmin>958</xmin>
			<ymin>347</ymin>
			<xmax>2157</xmax>
			<ymax>1530</ymax>
		</bndbox>
	</object>
</annotation>