<annotation>
	<folder>top비빔밥덮밥류냉면기전주비빔밥q5</folder>
	<filename>top_비빔밥덮밥류_냉면기_전주비빔밥_Q5_00034.JPG</filename>
	<path>/top비빔밥덮밥류냉면기전주비빔밥q5/top_비빔밥덮밥류_냉면기_전주비빔밥_Q5_00034.JPG</path>
	<source>
		<database>fooddata</database>
	</source>
	<size>
		<width>3008</width>
		<height>2000</height>
		<depth>3</depth>
	</size>
	<object>
		<name>ref_spoon</name>
		<bndbox>
			<xmin>728</xmin>
			<ymin>1628</ymin>
			<xmax>1113</xmax>
			<ymax>1866</ymax>
		</bndbox>
	</object>
	<object>
		<name>ref_fork</name>
		<bndbox>
			<xmin>790</xmin>
			<ymin>1362</ymin>
			<xmax>1203</xmax>
			<ymax>1522</ymax>
		</bndbox>
	</object>
	<object>
		<name>ref_coin</name>
		<bndbox>
			<xmin>1981</xmin>
			<ymin>1428</ymin>
			<xmax>2149</xmax>
			<ymax>1600</ymax>
		</bndbox>
	</object>
	<object>
		<name>dish</name>
		<bndbox>
			<xmin>884</xmin>
			<ymin>102</ymin>
			<xmax>1981</xmax>
			<ymax>1178</ymax>
		</bndbox>
	</object>
	<object>
		<name>전주비빔밥</name>
		<bndbox>
			<xmin>962</xmin>
			<ymin>216</ymin>
			<xmax>1874</xmax>
			<ymax>1133</ymax>
		</bndbox>
	</object>
</annotation>