<annotation>
	<folder>top비빔밥덮밥류냉면기전주비빔밥q5</folder>
	<filename>top_비빔밥덮밥류_냉면기_전주비빔밥_Q5_00010.JPG</filename>
	<path>/top비빔밥덮밥류냉면기전주비빔밥q5/top_비빔밥덮밥류_냉면기_전주비빔밥_Q5_00010.JPG</path>
	<source>
		<database>fooddata</database>
	</source>
	<size>
		<width>3008</width>
		<height>2000</height>
		<depth>3</depth>
	</size>
	<object>
		<name>ref_spoon</name>
		<bndbox>
			<xmin>1809</xmin>
			<ymin>233</ymin>
			<xmax>2046</xmax>
			<ymax>658</ymax>
		</bndbox>
	</object>
	<object>
		<name>ref_fork</name>
		<bndbox>
			<xmin>2128</xmin>
			<ymin>261</ymin>
			<xmax>2300</xmax>
			<ymax>707</ymax>
		</bndbox>
	</object>
	<object>
		<name>ref_coin</name>
		<bndbox>
			<xmin>851</xmin>
			<ymin>118</ymin>
			<xmax>1031</xmax>
			<ymax>294</ymax>
		</bndbox>
	</object>
	<object>
		<name>dish</name>
		<bndbox>
			<xmin>462</xmin>
			<ymin>421</ymin>
			<xmax>1858</xmax>
			<ymax>1804</ymax>
		</bndbox>
	</object>
	<object>
		<name>전주비빔밥</name>
		<bndbox>
			<xmin>569</xmin>
			<ymin>531</ymin>
			<xmax>1793</xmax>
			<ymax>1677</ymax>
		</bndbox>
	</object>
</annotation>