<annotation>
	<folder>side부침개류사각배달녹두빈대떡q5</folder>
	<filename>side_부침개류_사각배달_녹두빈대떡_Q5_00024.JPG</filename>
	<path>/side부침개류사각배달녹두빈대떡q5/side_부침개류_사각배달_녹두빈대떡_Q5_00024.JPG</path>
	<source>
		<database>fooddata</database>
	</source>
	<size>
		<width>3008</width>
		<height>2000</height>
		<depth>3</depth>
	</size>
	<object>
		<name>ref_spoon</name>
		<bndbox>
			<xmin>563</xmin>
			<ymin>1616</ymin>
			<xmax>1035</xmax>
			<ymax>1862</ymax>
		</bndbox>
	</object>
	<object>
		<name>ref_fork</name>
		<bndbox>
			<xmin>663</xmin>
			<ymin>1364</ymin>
			<xmax>1151</xmax>
			<ymax>1581</ymax>
		</bndbox>
	</object>
	<object>
		<name>ref_coin</name>
		<bndbox>
			<xmin>2384</xmin>
			<ymin>801</ymin>
			<xmax>2584</xmax>
			<ymax>927</ymax>
		</bndbox>
	</object>
	<object>
		<name>dish</name>
		<bndbox>
			<xmin>692</xmin>
			<ymin>329</ymin>
			<xmax>2229</xmax>
			<ymax>1128</ymax>
		</bndbox>
	</object>
	<object>
		<name>녹두빈대떡</name>
		<bndbox>
			<xmin>977</xmin>
			<ymin>526</ymin>
			<xmax>1889</xmax>
			<ymax>976</ymax>
		</bndbox>
	</object>
</annotation>