<annotation>
	<folder>side부침개류사각배달녹두빈대떡q5</folder>
	<filename>side_부침개류_사각배달_녹두빈대떡_Q5_00025.JPG</filename>
	<path>/side부침개류사각배달녹두빈대떡q5/side_부침개류_사각배달_녹두빈대떡_Q5_00025.JPG</path>
	<source>
		<database>fooddata</database>
	</source>
	<size>
		<width>3008</width>
		<height>2000</height>
		<depth>3</depth>
	</size>
	<object>
		<name>ref_spoon</name>
		<bndbox>
			<xmin>598</xmin>
			<ymin>1590</ymin>
			<xmax>1100</xmax>
			<ymax>1846</ymax>
		</bndbox>
	</object>
	<object>
		<name>ref_fork</name>
		<bndbox>
			<xmin>695</xmin>
			<ymin>1335</ymin>
			<xmax>1219</xmax>
			<ymax>1545</ymax>
		</bndbox>
	</object>
	<object>
		<name>ref_coin</name>
		<bndbox>
			<xmin>2419</xmin>
			<ymin>668</ymin>
			<xmax>2623</xmax>
			<ymax>808</ymax>
		</bndbox>
	</object>
	<object>
		<name>dish</name>
		<bndbox>
			<xmin>621</xmin>
			<ymin>335</ymin>
			<xmax>2177</xmax>
			<ymax>1189</ymax>
		</bndbox>
	</object>
	<object>
		<name>녹두빈대떡</name>
		<bndbox>
			<xmin>967</xmin>
			<ymin>529</ymin>
			<xmax>1840</xmax>
			<ymax>1021</ymax>
		</bndbox>
	</object>
</annotation>