<annotation>
	<folder>side부침개류사각배달녹두빈대떡q5</folder>
	<filename>side_부침개류_사각배달_녹두빈대떡_Q5_00040.JPG</filename>
	<path>/side부침개류사각배달녹두빈대떡q5/side_부침개류_사각배달_녹두빈대떡_Q5_00040.JPG</path>
	<source>
		<database>fooddata</database>
	</source>
	<size>
		<width>3008</width>
		<height>2000</height>
		<depth>3</depth>
	</size>
	<object>
		<name>ref_spoon</name>
		<bndbox>
			<xmin>485</xmin>
			<ymin>571</ymin>
			<xmax>747</xmax>
			<ymax>905</ymax>
		</bndbox>
	</object>
	<object>
		<name>ref_fork</name>
		<bndbox>
			<xmin>779</xmin>
			<ymin>643</ymin>
			<xmax>957</xmax>
			<ymax>1027</ymax>
		</bndbox>
	</object>
	<object>
		<name>ref_coin</name>
		<bndbox>
			<xmin>1501</xmin>
			<ymin>1587</ymin>
			<xmax>1717</xmax>
			<ymax>1749</ymax>
		</bndbox>
	</object>
	<object>
		<name>dish</name>
		<bndbox>
			<xmin>1116</xmin>
			<ymin>432</ymin>
			<xmax>2193</xmax>
			<ymax>1425</ymax>
		</bndbox>
	</object>
	<object>
		<name>녹두빈대떡</name>
		<bndbox>
			<xmin>1236</xmin>
			<ymin>707</ymin>
			<xmax>2038</xmax>
			<ymax>1277</ymax>
		</bndbox>
	</object>
</annotation>