<annotation>
	<folder>side부침개류사각배달녹두빈대떡q5</folder>
	<filename>side_부침개류_사각배달_녹두빈대떡_Q5_00045.JPG</filename>
	<path>/side부침개류사각배달녹두빈대떡q5/side_부침개류_사각배달_녹두빈대떡_Q5_00045.JPG</path>
	<source>
		<database>fooddata</database>
	</source>
	<size>
		<width>3008</width>
		<height>2000</height>
		<depth>3</depth>
	</size>
	<object>
		<name>ref_spoon</name>
		<bndbox>
			<xmin>537</xmin>
			<ymin>303</ymin>
			<xmax>802</xmax>
			<ymax>610</ymax>
		</bndbox>
	</object>
	<object>
		<name>ref_fork</name>
		<bndbox>
			<xmin>877</xmin>
			<ymin>335</ymin>
			<xmax>1058</xmax>
			<ymax>717</ymax>
		</bndbox>
	</object>
	<object>
		<name>ref_coin</name>
		<bndbox>
			<xmin>928</xmin>
			<ymin>1529</ymin>
			<xmax>1158</xmax>
			<ymax>1694</ymax>
		</bndbox>
	</object>
	<object>
		<name>dish</name>
		<bndbox>
			<xmin>1158</xmin>
			<ymin>361</ymin>
			<xmax>2287</xmax>
			<ymax>1387</ymax>
		</bndbox>
	</object>
	<object>
		<name>녹두빈대떡</name>
		<bndbox>
			<xmin>1313</xmin>
			<ymin>607</ymin>
			<xmax>2125</xmax>
			<ymax>1247</ymax>
		</bndbox>
	</object>
</annotation>