<annotation>
	<folder>side부침개류사각배달녹두빈대떡q5</folder>
	<filename>side_부침개류_사각배달_녹두빈대떡_Q5_00030.JPG</filename>
	<path>/side부침개류사각배달녹두빈대떡q5/side_부침개류_사각배달_녹두빈대떡_Q5_00030.JPG</path>
	<source>
		<database>fooddata</database>
	</source>
	<size>
		<width>3008</width>
		<height>2000</height>
		<depth>3</depth>
	</size>
	<object>
		<name>ref_spoon</name>
		<bndbox>
			<xmin>569</xmin>
			<ymin>1623</ymin>
			<xmax>1003</xmax>
			<ymax>1865</ymax>
		</bndbox>
	</object>
	<object>
		<name>ref_fork</name>
		<bndbox>
			<xmin>650</xmin>
			<ymin>1390</ymin>
			<xmax>1142</xmax>
			<ymax>1581</ymax>
		</bndbox>
	</object>
	<object>
		<name>ref_coin</name>
		<bndbox>
			<xmin>281</xmin>
			<ymin>656</ymin>
			<xmax>472</xmax>
			<ymax>778</ymax>
		</bndbox>
	</object>
	<object>
		<name>dish</name>
		<bndbox>
			<xmin>799</xmin>
			<ymin>452</ymin>
			<xmax>2199</xmax>
			<ymax>1160</ymax>
		</bndbox>
	</object>
	<object>
		<name>녹두빈대떡</name>
		<bndbox>
			<xmin>1061</xmin>
			<ymin>559</ymin>
			<xmax>1905</xmax>
			<ymax>1021</ymax>
		</bndbox>
	</object>
</annotation>