<annotation>
	<folder>top부침개류사각배달녹두빈대떡q5</folder>
	<filename>top_부침개류_사각배달_녹두빈대떡_Q5_00001.JPG</filename>
	<path>/top부침개류사각배달녹두빈대떡q5/top_부침개류_사각배달_녹두빈대떡_Q5_00001.JPG</path>
	<source>
		<database>fooddata</database>
	</source>
	<size>
		<width>3008</width>
		<height>2000</height>
		<depth>3</depth>
	</size>
	<object>
		<name>ref_spoon</name>
		<bndbox>
			<xmin>1943</xmin>
			<ymin>46</ymin>
			<xmax>2236</xmax>
			<ymax>516</ymax>
		</bndbox>
	</object>
	<object>
		<name>ref_fork</name>
		<bndbox>
			<xmin>2360</xmin>
			<ymin>37</ymin>
			<xmax>2555</xmax>
			<ymax>552</ymax>
		</bndbox>
	</object>
	<object>
		<name>ref_coin</name>
		<bndbox>
			<xmin>1766</xmin>
			<ymin>1470</ymin>
			<xmax>1965</xmax>
			<ymax>1670</ymax>
		</bndbox>
	</object>
	<object>
		<name>dish</name>
		<bndbox>
			<xmin>138</xmin>
			<ymin>379</ymin>
			<xmax>1810</xmax>
			<ymax>1732</ymax>
		</bndbox>
	</object>
	<object>
		<name>녹두빈대떡</name>
		<bndbox>
			<xmin>670</xmin>
			<ymin>654</ymin>
			<xmax>1500</xmax>
			<ymax>1492</ymax>
		</bndbox>
	</object>
</annotation>