<annotation>
	<folder>top부침개류사각배달녹두빈대떡q5</folder>
	<filename>top_부침개류_사각배달_녹두빈대떡_Q5_00010.JPG</filename>
	<path>/top부침개류사각배달녹두빈대떡q5/top_부침개류_사각배달_녹두빈대떡_Q5_00010.JPG</path>
	<source>
		<database>fooddata</database>
	</source>
	<size>
		<width>3008</width>
		<height>2000</height>
		<depth>3</depth>
	</size>
	<object>
		<name>ref_spoon</name>
		<bndbox>
			<xmin>2072</xmin>
			<ymin>197</ymin>
			<xmax>2347</xmax>
			<ymax>636</ymax>
		</bndbox>
	</object>
	<object>
		<name>ref_fork</name>
		<bndbox>
			<xmin>2471</xmin>
			<ymin>237</ymin>
			<xmax>2680</xmax>
			<ymax>712</ymax>
		</bndbox>
	</object>
	<object>
		<name>ref_coin</name>
		<bndbox>
			<xmin>1828</xmin>
			<ymin>840</ymin>
			<xmax>2019</xmax>
			<ymax>1022</ymax>
		</bndbox>
	</object>
	<object>
		<name>dish</name>
		<bndbox>
			<xmin>138</xmin>
			<ymin>330</ymin>
			<xmax>1797</xmax>
			<ymax>1830</ymax>
		</bndbox>
	</object>
	<object>
		<name>녹두빈대떡</name>
		<bndbox>
			<xmin>435</xmin>
			<ymin>760</ymin>
			<xmax>1256</xmax>
			<ymax>1550</ymax>
		</bndbox>
	</object>
</annotation>