<annotation>
	<folder>top부침개류사각배달녹두빈대떡q5</folder>
	<filename>top_부침개류_사각배달_녹두빈대떡_Q5_00041.JPG</filename>
	<path>/top부침개류사각배달녹두빈대떡q5/top_부침개류_사각배달_녹두빈대떡_Q5_00041.JPG</path>
	<source>
		<database>fooddata</database>
	</source>
	<size>
		<width>3008</width>
		<height>2000</height>
		<depth>3</depth>
	</size>
	<object>
		<name>ref_spoon</name>
		<bndbox>
			<xmin>679</xmin>
			<ymin>357</ymin>
			<xmax>923</xmax>
			<ymax>765</ymax>
		</bndbox>
	</object>
	<object>
		<name>ref_fork</name>
		<bndbox>
			<xmin>1025</xmin>
			<ymin>481</ymin>
			<xmax>1189</xmax>
			<ymax>920</ymax>
		</bndbox>
	</object>
	<object>
		<name>ref_coin</name>
		<bndbox>
			<xmin>1012</xmin>
			<ymin>161</ymin>
			<xmax>1193</xmax>
			<ymax>312</ymax>
		</bndbox>
	</object>
	<object>
		<name>dish</name>
		<bndbox>
			<xmin>1362</xmin>
			<ymin>410</ymin>
			<xmax>2369</xmax>
			<ymax>1785</ymax>
		</bndbox>
	</object>
	<object>
		<name>녹두빈대떡</name>
		<bndbox>
			<xmin>1513</xmin>
			<ymin>774</ymin>
			<xmax>2209</xmax>
			<ymax>1528</ymax>
		</bndbox>
	</object>
</annotation>