<annotation>
	<folder>top부침개류사각배달녹두빈대떡q5</folder>
	<filename>top_부침개류_사각배달_녹두빈대떡_Q5_00049.JPG</filename>
	<path>/top부침개류사각배달녹두빈대떡q5/top_부침개류_사각배달_녹두빈대떡_Q5_00049.JPG</path>
	<source>
		<database>fooddata</database>
	</source>
	<size>
		<width>3008</width>
		<height>2000</height>
		<depth>3</depth>
	</size>
	<object>
		<name>ref_spoon</name>
		<bndbox>
			<xmin>745</xmin>
			<ymin>86</ymin>
			<xmax>1034</xmax>
			<ymax>556</ymax>
		</bndbox>
	</object>
	<object>
		<name>ref_fork</name>
		<bndbox>
			<xmin>1140</xmin>
			<ymin>237</ymin>
			<xmax>1318</xmax>
			<ymax>729</ymax>
		</bndbox>
	</object>
	<object>
		<name>ref_coin</name>
		<bndbox>
			<xmin>337</xmin>
			<ymin>827</ymin>
			<xmax>524</xmax>
			<ymax>1031</ymax>
		</bndbox>
	</object>
	<object>
		<name>dish</name>
		<bndbox>
			<xmin>1539</xmin>
			<ymin>277</ymin>
			<xmax>2768</xmax>
			<ymax>1887</ymax>
		</bndbox>
	</object>
	<object>
		<name>녹두빈대떡</name>
		<bndbox>
			<xmin>1713</xmin>
			<ymin>712</ymin>
			<xmax>2529</xmax>
			<ymax>1541</ymax>
		</bndbox>
	</object>
</annotation>