<annotation>
	<folder>top부침개류사각배달녹두빈대떡q5</folder>
	<filename>top_부침개류_사각배달_녹두빈대떡_Q5_00042.JPG</filename>
	<path>/top부침개류사각배달녹두빈대떡q5/top_부침개류_사각배달_녹두빈대떡_Q5_00042.JPG</path>
	<source>
		<database>fooddata</database>
	</source>
	<size>
		<width>3008</width>
		<height>2000</height>
		<depth>3</depth>
	</size>
	<object>
		<name>ref_spoon</name>
		<bndbox>
			<xmin>652</xmin>
			<ymin>157</ymin>
			<xmax>905</xmax>
			<ymax>579</ymax>
		</bndbox>
	</object>
	<object>
		<name>ref_fork</name>
		<bndbox>
			<xmin>1007</xmin>
			<ymin>286</ymin>
			<xmax>1171</xmax>
			<ymax>725</ymax>
		</bndbox>
	</object>
	<object>
		<name>ref_coin</name>
		<bndbox>
			<xmin>1287</xmin>
			<ymin>1590</ymin>
			<xmax>1429</xmax>
			<ymax>1776</ymax>
		</bndbox>
	</object>
	<object>
		<name>dish</name>
		<bndbox>
			<xmin>1278</xmin>
			<ymin>197</ymin>
			<xmax>2387</xmax>
			<ymax>1643</ymax>
		</bndbox>
	</object>
	<object>
		<name>녹두빈대떡</name>
		<bndbox>
			<xmin>1469</xmin>
			<ymin>539</ymin>
			<xmax>2214</xmax>
			<ymax>1262</ymax>
		</bndbox>
	</object>
</annotation>