<annotation>
	<folder>top부침개류사각배달녹두빈대떡q5</folder>
	<filename>top_부침개류_사각배달_녹두빈대떡_Q5_00045.JPG</filename>
	<path>/top부침개류사각배달녹두빈대떡q5/top_부침개류_사각배달_녹두빈대떡_Q5_00045.JPG</path>
	<source>
		<database>fooddata</database>
	</source>
	<size>
		<width>3008</width>
		<height>2000</height>
		<depth>3</depth>
	</size>
	<object>
		<name>ref_spoon</name>
		<bndbox>
			<xmin>568</xmin>
			<ymin>166</ymin>
			<xmax>834</xmax>
			<ymax>596</ymax>
		</bndbox>
	</object>
	<object>
		<name>ref_fork</name>
		<bndbox>
			<xmin>954</xmin>
			<ymin>281</ymin>
			<xmax>1131</xmax>
			<ymax>756</ymax>
		</bndbox>
	</object>
	<object>
		<name>ref_coin</name>
		<bndbox>
			<xmin>1282</xmin>
			<ymin>1639</ymin>
			<xmax>1473</xmax>
			<ymax>1847</ymax>
		</bndbox>
	</object>
	<object>
		<name>dish</name>
		<bndbox>
			<xmin>1220</xmin>
			<ymin>193</ymin>
			<xmax>2387</xmax>
			<ymax>1705</ymax>
		</bndbox>
	</object>
	<object>
		<name>녹두빈대떡</name>
		<bndbox>
			<xmin>1415</xmin>
			<ymin>521</ymin>
			<xmax>2214</xmax>
			<ymax>1342</ymax>
		</bndbox>
	</object>
</annotation>