<annotation>
	<folder>top부침개류사각배달녹두빈대떡q5</folder>
	<filename>top_부침개류_사각배달_녹두빈대떡_Q5_00035.JPG</filename>
	<path>/top부침개류사각배달녹두빈대떡q5/top_부침개류_사각배달_녹두빈대떡_Q5_00035.JPG</path>
	<source>
		<database>fooddata</database>
	</source>
	<size>
		<width>3008</width>
		<height>2000</height>
		<depth>3</depth>
	</size>
	<object>
		<name>ref_spoon</name>
		<bndbox>
			<xmin>532</xmin>
			<ymin>259</ymin>
			<xmax>790</xmax>
			<ymax>663</ymax>
		</bndbox>
	</object>
	<object>
		<name>ref_fork</name>
		<bndbox>
			<xmin>887</xmin>
			<ymin>303</ymin>
			<xmax>1056</xmax>
			<ymax>760</ymax>
		</bndbox>
	</object>
	<object>
		<name>ref_coin</name>
		<bndbox>
			<xmin>1078</xmin>
			<ymin>1599</ymin>
			<xmax>1251</xmax>
			<ymax>1785</ymax>
		</bndbox>
	</object>
	<object>
		<name>dish</name>
		<bndbox>
			<xmin>1198</xmin>
			<ymin>188</ymin>
			<xmax>2214</xmax>
			<ymax>1532</ymax>
		</bndbox>
	</object>
	<object>
		<name>녹두빈대떡</name>
		<bndbox>
			<xmin>1340</xmin>
			<ymin>516</ymin>
			<xmax>2059</xmax>
			<ymax>1222</ymax>
		</bndbox>
	</object>
</annotation>