<annotation>
	<folder>side어육류면적접시훈제오리q1</folder>
	<filename>side_어육류면적_접시_훈제오리_Q1_00019.JPG</filename>
	<path>/side어육류면적접시훈제오리q1/side_어육류면적_접시_훈제오리_Q1_00019.JPG</path>
	<source>
		<database>fooddata</database>
	</source>
	<size>
		<width>5472</width>
		<height>3648</height>
		<depth>3</depth>
	</size>
	<object>
		<name>ref_spoon</name>
		<bndbox>
			<xmin>1332</xmin>
			<ymin>2840</ymin>
			<xmax>2274</xmax>
			<ymax>3319</ymax>
		</bndbox>
	</object>
	<object>
		<name>ref_fork</name>
		<bndbox>
			<xmin>1583</xmin>
			<ymin>2411</ymin>
			<xmax>2602</xmax>
			<ymax>2835</ymax>
		</bndbox>
	</object>
	<object>
		<name>ref_coin</name>
		<bndbox>
			<xmin>2207</xmin>
			<ymin>522</ymin>
			<xmax>2513</xmax>
			<ymax>756</ymax>
		</bndbox>
	</object>
	<object>
		<name>dish</name>
		<bndbox>
			<xmin>1700</xmin>
			<ymin>840</ymin>
			<xmax>3973</xmax>
			<ymax>2456</ymax>
		</bndbox>
	</object>
	<object>
		<name>훈제오리</name>
		<bndbox>
			<xmin>1984</xmin>
			<ymin>1169</ymin>
			<xmax>3410</xmax>
			<ymax>2172</ymax>
		</bndbox>
	</object>
</annotation>