<annotation>
	<folder>side어육류면적접시훈제오리q1</folder>
	<filename>side_어육류면적_접시_훈제오리_Q1_00006.JPG</filename>
	<path>/side어육류면적접시훈제오리q1/side_어육류면적_접시_훈제오리_Q1_00006.JPG</path>
	<source>
		<database>fooddata</database>
	</source>
	<size>
		<width>5472</width>
		<height>3648</height>
		<depth>3</depth>
	</size>
	<object>
		<name>ref_spoon</name>
		<bndbox>
			<xmin>3388</xmin>
			<ymin>919</ymin>
			<xmax>3890</xmax>
			<ymax>1799</ymax>
		</bndbox>
	</object>
	<object>
		<name>ref_fork</name>
		<bndbox>
			<xmin>4196</xmin>
			<ymin>946</ymin>
			<xmax>4530</xmax>
			<ymax>1883</ymax>
		</bndbox>
	</object>
	<object>
		<name>ref_coin</name>
		<bndbox>
			<xmin>4803</xmin>
			<ymin>2011</ymin>
			<xmax>5205</xmax>
			<ymax>2317</ymax>
		</bndbox>
	</object>
	<object>
		<name>dish</name>
		<bndbox>
			<xmin>229</xmin>
			<ymin>645</ymin>
			<xmax>2959</xmax>
			<ymax>2624</ymax>
		</bndbox>
	</object>
	<object>
		<name>훈제오리</name>
		<bndbox>
			<xmin>1482</xmin>
			<ymin>1392</ymin>
			<xmax>2580</xmax>
			<ymax>2128</ymax>
		</bndbox>
	</object>
</annotation>