<annotation>
	<folder>side어육류면적접시훈제오리q1</folder>
	<filename>side_어육류면적_접시_훈제오리_Q1_00051.JPG</filename>
	<path>/side어육류면적접시훈제오리q1/side_어육류면적_접시_훈제오리_Q1_00051.JPG</path>
	<source>
		<database>fooddata</database>
	</source>
	<size>
		<width>5472</width>
		<height>3648</height>
		<depth>3</depth>
	</size>
	<object>
		<name>ref_spoon</name>
		<bndbox>
			<xmin>819</xmin>
			<ymin>299</ymin>
			<xmax>1376</xmax>
			<ymax>1280</ymax>
		</bndbox>
	</object>
	<object>
		<name>ref_fork</name>
		<bndbox>
			<xmin>1410</xmin>
			<ymin>377</ymin>
			<xmax>1811</xmax>
			<ymax>1403</ymax>
		</bndbox>
	</object>
	<object>
		<name>ref_coin</name>
		<bndbox>
			<xmin>4837</xmin>
			<ymin>1559</ymin>
			<xmax>5294</xmax>
			<ymax>1882</ymax>
		</bndbox>
	</object>
	<object>
		<name>dish</name>
		<bndbox>
			<xmin>1833</xmin>
			<ymin>544</ymin>
			<xmax>4731</xmax>
			<ymax>2656</ymax>
		</bndbox>
	</object>
	<object>
		<name>훈제오리</name>
		<bndbox>
			<xmin>2714</xmin>
			<ymin>1241</ymin>
			<xmax>3773</xmax>
			<ymax>2099</ymax>
		</bndbox>
	</object>
</annotation>