<annotation>
	<folder>side어육류면적접시훈제오리q1</folder>
	<filename>side_어육류면적_접시_훈제오리_Q1_00040.JPG</filename>
	<path>/side어육류면적접시훈제오리q1/side_어육류면적_접시_훈제오리_Q1_00040.JPG</path>
	<source>
		<database>fooddata</database>
	</source>
	<size>
		<width>5472</width>
		<height>3648</height>
		<depth>3</depth>
	</size>
	<object>
		<name>ref_spoon</name>
		<bndbox>
			<xmin>702</xmin>
			<ymin>383</ymin>
			<xmax>1265</xmax>
			<ymax>1397</ymax>
		</bndbox>
	</object>
	<object>
		<name>ref_fork</name>
		<bndbox>
			<xmin>1321</xmin>
			<ymin>466</ymin>
			<xmax>1705</xmax>
			<ymax>1692</ymax>
		</bndbox>
	</object>
	<object>
		<name>ref_coin</name>
		<bndbox>
			<xmin>4263</xmin>
			<ymin>2796</ymin>
			<xmax>4725</xmax>
			<ymax>3141</ymax>
		</bndbox>
	</object>
	<object>
		<name>dish</name>
		<bndbox>
			<xmin>1705</xmin>
			<ymin>639</ymin>
			<xmax>4592</xmax>
			<ymax>2729</ymax>
		</bndbox>
	</object>
	<object>
		<name>훈제오리</name>
		<bndbox>
			<xmin>1978</xmin>
			<ymin>840</ymin>
			<xmax>3494</xmax>
			<ymax>2205</ymax>
		</bndbox>
	</object>
</annotation>