<annotation>
	<folder>side어육류면적접시훈제오리q1</folder>
	<filename>side_어육류면적_접시_훈제오리_Q1_00027.JPG</filename>
	<path>/side어육류면적접시훈제오리q1/side_어육류면적_접시_훈제오리_Q1_00027.JPG</path>
	<source>
		<database>fooddata</database>
	</source>
	<size>
		<width>5472</width>
		<height>3648</height>
		<depth>3</depth>
	</size>
	<object>
		<name>ref_spoon</name>
		<bndbox>
			<xmin>702</xmin>
			<ymin>589</ymin>
			<xmax>1248</xmax>
			<ymax>1542</ymax>
		</bndbox>
	</object>
	<object>
		<name>ref_fork</name>
		<bndbox>
			<xmin>1349</xmin>
			<ymin>600</ymin>
			<xmax>1767</xmax>
			<ymax>1603</ymax>
		</bndbox>
	</object>
	<object>
		<name>ref_coin</name>
		<bndbox>
			<xmin>4307</xmin>
			<ymin>3002</ymin>
			<xmax>4770</xmax>
			<ymax>3358</ymax>
		</bndbox>
	</object>
	<object>
		<name>dish</name>
		<bndbox>
			<xmin>2129</xmin>
			<ymin>539</ymin>
			<xmax>4954</xmax>
			<ymax>2573</ymax>
		</bndbox>
	</object>
	<object>
		<name>훈제오리</name>
		<bndbox>
			<xmin>2363</xmin>
			<ymin>673</ymin>
			<xmax>3678</xmax>
			<ymax>1954</ymax>
		</bndbox>
	</object>
</annotation>