<annotation>
	<folder>side어육류면적접시훈제오리q1</folder>
	<filename>side_어육류면적_접시_훈제오리_Q1_00053.JPG</filename>
	<path>/side어육류면적접시훈제오리q1/side_어육류면적_접시_훈제오리_Q1_00053.JPG</path>
	<source>
		<database>fooddata</database>
	</source>
	<size>
		<width>5472</width>
		<height>3648</height>
		<depth>3</depth>
	</size>
	<object>
		<name>ref_spoon</name>
		<bndbox>
			<xmin>803</xmin>
			<ymin>634</ymin>
			<xmax>1343</xmax>
			<ymax>1458</ymax>
		</bndbox>
	</object>
	<object>
		<name>ref_fork</name>
		<bndbox>
			<xmin>1415</xmin>
			<ymin>745</ymin>
			<xmax>1778</xmax>
			<ymax>1692</ymax>
		</bndbox>
	</object>
	<object>
		<name>ref_coin</name>
		<bndbox>
			<xmin>3355</xmin>
			<ymin>361</ymin>
			<xmax>3728</xmax>
			<ymax>622</ymax>
		</bndbox>
	</object>
	<object>
		<name>dish</name>
		<bndbox>
			<xmin>1794</xmin>
			<ymin>884</ymin>
			<xmax>4703</xmax>
			<ymax>2996</ymax>
		</bndbox>
	</object>
	<object>
		<name>훈제오리</name>
		<bndbox>
			<xmin>2502</xmin>
			<ymin>1085</ymin>
			<xmax>4068</xmax>
			<ymax>2422</ymax>
		</bndbox>
	</object>
</annotation>