<annotation>
	<folder>side어육류면적접시훈제오리q1</folder>
	<filename>side_어육류면적_접시_훈제오리_Q1_00042.JPG</filename>
	<path>/side어육류면적접시훈제오리q1/side_어육류면적_접시_훈제오리_Q1_00042.JPG</path>
	<source>
		<database>fooddata</database>
	</source>
	<size>
		<width>5472</width>
		<height>3648</height>
		<depth>3</depth>
	</size>
	<object>
		<name>ref_spoon</name>
		<bndbox>
			<xmin>663</xmin>
			<ymin>433</ymin>
			<xmax>1209</xmax>
			<ymax>1325</ymax>
		</bndbox>
	</object>
	<object>
		<name>ref_fork</name>
		<bndbox>
			<xmin>1254</xmin>
			<ymin>505</ymin>
			<xmax>1633</xmax>
			<ymax>1631</ymax>
		</bndbox>
	</object>
	<object>
		<name>ref_coin</name>
		<bndbox>
			<xmin>4792</xmin>
			<ymin>1915</ymin>
			<xmax>5210</xmax>
			<ymax>2250</ymax>
		</bndbox>
	</object>
	<object>
		<name>dish</name>
		<bndbox>
			<xmin>1650</xmin>
			<ymin>673</ymin>
			<xmax>4536</xmax>
			<ymax>2768</ymax>
		</bndbox>
	</object>
	<object>
		<name>훈제오리</name>
		<bndbox>
			<xmin>2145</xmin>
			<ymin>873</ymin>
			<xmax>3628</xmax>
			<ymax>2060</ymax>
		</bndbox>
	</object>
</annotation>