<annotation>
	<folder>side어육류면적접시훈제오리q1</folder>
	<filename>side_어육류면적_접시_훈제오리_Q1_00007.JPG</filename>
	<path>/side어육류면적접시훈제오리q1/side_어육류면적_접시_훈제오리_Q1_00007.JPG</path>
	<source>
		<database>fooddata</database>
	</source>
	<size>
		<width>5472</width>
		<height>3648</height>
		<depth>3</depth>
	</size>
	<object>
		<name>ref_spoon</name>
		<bndbox>
			<xmin>3466</xmin>
			<ymin>1024</ymin>
			<xmax>3951</xmax>
			<ymax>1816</ymax>
		</bndbox>
	</object>
	<object>
		<name>ref_fork</name>
		<bndbox>
			<xmin>4235</xmin>
			<ymin>1058</ymin>
			<xmax>4586</xmax>
			<ymax>1961</ymax>
		</bndbox>
	</object>
	<object>
		<name>ref_coin</name>
		<bndbox>
			<xmin>4876</xmin>
			<ymin>1721</ymin>
			<xmax>5249</xmax>
			<ymax>1983</ymax>
		</bndbox>
	</object>
	<object>
		<name>dish</name>
		<bndbox>
			<xmin>435</xmin>
			<ymin>790</ymin>
			<xmax>3020</xmax>
			<ymax>2651</ymax>
		</bndbox>
	</object>
	<object>
		<name>훈제오리</name>
		<bndbox>
			<xmin>1432</xmin>
			<ymin>1671</ymin>
			<xmax>2625</xmax>
			<ymax>2345</ymax>
		</bndbox>
	</object>
</annotation>