<annotation>
	<folder>side어육류면적접시훈제오리q1</folder>
	<filename>side_어육류면적_접시_훈제오리_Q1_00033.JPG</filename>
	<path>/side어육류면적접시훈제오리q1/side_어육류면적_접시_훈제오리_Q1_00033.JPG</path>
	<source>
		<database>fooddata</database>
	</source>
	<size>
		<width>5472</width>
		<height>3648</height>
		<depth>3</depth>
	</size>
	<object>
		<name>ref_spoon</name>
		<bndbox>
			<xmin>669</xmin>
			<ymin>650</ymin>
			<xmax>1215</xmax>
			<ymax>1542</ymax>
		</bndbox>
	</object>
	<object>
		<name>ref_fork</name>
		<bndbox>
			<xmin>1265</xmin>
			<ymin>739</ymin>
			<xmax>1622</xmax>
			<ymax>1798</ymax>
		</bndbox>
	</object>
	<object>
		<name>ref_coin</name>
		<bndbox>
			<xmin>4218</xmin>
			<ymin>650</ymin>
			<xmax>4614</xmax>
			<ymax>912</ymax>
		</bndbox>
	</object>
	<object>
		<name>dish</name>
		<bndbox>
			<xmin>1672</xmin>
			<ymin>873</ymin>
			<xmax>4514</xmax>
			<ymax>2957</ymax>
		</bndbox>
	</object>
	<object>
		<name>훈제오리</name>
		<bndbox>
			<xmin>2340</xmin>
			<ymin>1252</ymin>
			<xmax>4023</xmax>
			<ymax>2250</ymax>
		</bndbox>
	</object>
</annotation>