<annotation>
	<folder>side어육류면적접시훈제오리q1</folder>
	<filename>side_어육류면적_접시_훈제오리_Q1_00049.JPG</filename>
	<path>/side어육류면적접시훈제오리q1/side_어육류면적_접시_훈제오리_Q1_00049.JPG</path>
	<source>
		<database>fooddata</database>
	</source>
	<size>
		<width>5472</width>
		<height>3648</height>
		<depth>3</depth>
	</size>
	<object>
		<name>ref_spoon</name>
		<bndbox>
			<xmin>791</xmin>
			<ymin>244</ymin>
			<xmax>1337</xmax>
			<ymax>1191</ymax>
		</bndbox>
	</object>
	<object>
		<name>ref_fork</name>
		<bndbox>
			<xmin>1388</xmin>
			<ymin>316</ymin>
			<xmax>1783</xmax>
			<ymax>1364</ymax>
		</bndbox>
	</object>
	<object>
		<name>ref_coin</name>
		<bndbox>
			<xmin>4235</xmin>
			<ymin>2595</ymin>
			<xmax>4686</xmax>
			<ymax>2963</ymax>
		</bndbox>
	</object>
	<object>
		<name>dish</name>
		<bndbox>
			<xmin>1794</xmin>
			<ymin>489</ymin>
			<xmax>4681</xmax>
			<ymax>2606</ymax>
		</bndbox>
	</object>
	<object>
		<name>훈제오리</name>
		<bndbox>
			<xmin>2697</xmin>
			<ymin>1152</ymin>
			<xmax>3800</xmax>
			<ymax>2177</ymax>
		</bndbox>
	</object>
</annotation>