<annotation>
	<folder>side어육류면적접시훈제오리q1</folder>
	<filename>side_어육류면적_접시_훈제오리_Q1_00014.JPG</filename>
	<path>/side어육류면적접시훈제오리q1/side_어육류면적_접시_훈제오리_Q1_00014.JPG</path>
	<source>
		<database>fooddata</database>
	</source>
	<size>
		<width>5472</width>
		<height>3648</height>
		<depth>3</depth>
	</size>
	<object>
		<name>ref_spoon</name>
		<bndbox>
			<xmin>1237</xmin>
			<ymin>2702</ymin>
			<xmax>2190</xmax>
			<ymax>3203</ymax>
		</bndbox>
	</object>
	<object>
		<name>ref_fork</name>
		<bndbox>
			<xmin>1315</xmin>
			<ymin>2261</ymin>
			<xmax>2524</xmax>
			<ymax>2696</ymax>
		</bndbox>
	</object>
	<object>
		<name>ref_coin</name>
		<bndbox>
			<xmin>4101</xmin>
			<ymin>1637</ymin>
			<xmax>4469</xmax>
			<ymax>1899</ymax>
		</bndbox>
	</object>
	<object>
		<name>dish</name>
		<bndbox>
			<xmin>1488</xmin>
			<ymin>517</ymin>
			<xmax>3990</xmax>
			<ymax>2250</ymax>
		</bndbox>
	</object>
	<object>
		<name>훈제오리</name>
		<bndbox>
			<xmin>2151</xmin>
			<ymin>930</ymin>
			<xmax>3711</xmax>
			<ymax>2078</ymax>
		</bndbox>
	</object>
</annotation>