<annotation>
	<folder>side어육류면적접시훈제오리q1</folder>
	<filename>side_어육류면적_접시_훈제오리_Q1_00052.JPG</filename>
	<path>/side어육류면적접시훈제오리q1/side_어육류면적_접시_훈제오리_Q1_00052.JPG</path>
	<source>
		<database>fooddata</database>
	</source>
	<size>
		<width>5472</width>
		<height>3648</height>
		<depth>3</depth>
	</size>
	<object>
		<name>ref_spoon</name>
		<bndbox>
			<xmin>819</xmin>
			<ymin>266</ymin>
			<xmax>1371</xmax>
			<ymax>1202</ymax>
		</bndbox>
	</object>
	<object>
		<name>ref_fork</name>
		<bndbox>
			<xmin>1421</xmin>
			<ymin>355</ymin>
			<xmax>1800</xmax>
			<ymax>1380</ymax>
		</bndbox>
	</object>
	<object>
		<name>ref_coin</name>
		<bndbox>
			<xmin>4670</xmin>
			<ymin>834</ymin>
			<xmax>5104</xmax>
			<ymax>1135</ymax>
		</bndbox>
	</object>
	<object>
		<name>dish</name>
		<bndbox>
			<xmin>1822</xmin>
			<ymin>528</ymin>
			<xmax>4737</xmax>
			<ymax>2634</ymax>
		</bndbox>
	</object>
	<object>
		<name>훈제오리</name>
		<bndbox>
			<xmin>2524</xmin>
			<ymin>1063</ymin>
			<xmax>3689</xmax>
			<ymax>2071</ymax>
		</bndbox>
	</object>
</annotation>