<annotation>
	<folder>side어육류면적접시훈제오리q1</folder>
	<filename>side_어육류면적_접시_훈제오리_Q1_00013.JPG</filename>
	<path>/side어육류면적접시훈제오리q1/side_어육류면적_접시_훈제오리_Q1_00013.JPG</path>
	<source>
		<database>fooddata</database>
	</source>
	<size>
		<width>5472</width>
		<height>3648</height>
		<depth>3</depth>
	</size>
	<object>
		<name>ref_spoon</name>
		<bndbox>
			<xmin>1393</xmin>
			<ymin>2696</ymin>
			<xmax>2452</xmax>
			<ymax>3209</ymax>
		</bndbox>
	</object>
	<object>
		<name>ref_fork</name>
		<bndbox>
			<xmin>1471</xmin>
			<ymin>2261</ymin>
			<xmax>2736</xmax>
			<ymax>2713</ymax>
		</bndbox>
	</object>
	<object>
		<name>ref_coin</name>
		<bndbox>
			<xmin>4107</xmin>
			<ymin>1927</ymin>
			<xmax>4480</xmax>
			<ymax>2195</ymax>
		</bndbox>
	</object>
	<object>
		<name>dish</name>
		<bndbox>
			<xmin>1538</xmin>
			<ymin>462</ymin>
			<xmax>4029</xmax>
			<ymax>2189</ymax>
		</bndbox>
	</object>
	<object>
		<name>훈제오리</name>
		<bndbox>
			<xmin>2067</xmin>
			<ymin>997</ymin>
			<xmax>3862</xmax>
			<ymax>1788</ymax>
		</bndbox>
	</object>
</annotation>