<annotation>
	<folder>top어육류면적접시훈제오리q1</folder>
	<filename>top_어육류면적_접시_훈제오리_Q1_00019.JPG</filename>
	<path>/top어육류면적접시훈제오리q1/top_어육류면적_접시_훈제오리_Q1_00019.JPG</path>
	<source>
		<database>fooddata</database>
	</source>
	<size>
		<width>5472</width>
		<height>3648</height>
		<depth>3</depth>
	</size>
	<object>
		<name>ref_spoon</name>
		<bndbox>
			<xmin>1770</xmin>
			<ymin>2891</ymin>
			<xmax>2409</xmax>
			<ymax>3321</ymax>
		</bndbox>
	</object>
	<object>
		<name>ref_fork</name>
		<bndbox>
			<xmin>1829</xmin>
			<ymin>2481</ymin>
			<xmax>2508</xmax>
			<ymax>2753</ymax>
		</bndbox>
	</object>
	<object>
		<name>ref_coin</name>
		<bndbox>
			<xmin>4221</xmin>
			<ymin>1342</ymin>
			<xmax>4487</xmax>
			<ymax>1602</ymax>
		</bndbox>
	</object>
	<object>
		<name>dish</name>
		<bndbox>
			<xmin>2183</xmin>
			<ymin>387</ymin>
			<xmax>4177</xmax>
			<ymax>2320</ymax>
		</bndbox>
	</object>
	<object>
		<name>훈제오리</name>
		<bndbox>
			<xmin>3059</xmin>
			<ymin>1146</ymin>
			<xmax>3882</xmax>
			<ymax>1727</ymax>
		</bndbox>
	</object>
</annotation>