<annotation>
	<folder>top어육류면적접시훈제오리q1</folder>
	<filename>top_어육류면적_접시_훈제오리_Q1_00024.JPG</filename>
	<path>/top어육류면적접시훈제오리q1/top_어육류면적_접시_훈제오리_Q1_00024.JPG</path>
	<source>
		<database>fooddata</database>
	</source>
	<size>
		<width>5472</width>
		<height>3648</height>
		<depth>3</depth>
	</size>
	<object>
		<name>ref_spoon</name>
		<bndbox>
			<xmin>1439</xmin>
			<ymin>242</ymin>
			<xmax>1903</xmax>
			<ymax>975</ymax>
		</bndbox>
	</object>
	<object>
		<name>ref_fork</name>
		<bndbox>
			<xmin>2001</xmin>
			<ymin>417</ymin>
			<xmax>2304</xmax>
			<ymax>1197</ymax>
		</bndbox>
	</object>
	<object>
		<name>ref_coin</name>
		<bndbox>
			<xmin>2966</xmin>
			<ymin>2946</ymin>
			<xmax>3302</xmax>
			<ymax>3302</ymax>
		</bndbox>
	</object>
	<object>
		<name>dish</name>
		<bndbox>
			<xmin>2537</xmin>
			<ymin>479</ymin>
			<xmax>4969</xmax>
			<ymax>2870</ymax>
		</bndbox>
	</object>
	<object>
		<name>훈제오리</name>
		<bndbox>
			<xmin>3183</xmin>
			<ymin>1100</ymin>
			<xmax>4424</xmax>
			<ymax>2187</ymax>
		</bndbox>
	</object>
</annotation>