<annotation>
	<folder>top어육류면적접시훈제오리q1</folder>
	<filename>top_어육류면적_접시_훈제오리_Q1_00046.JPG</filename>
	<path>/top어육류면적접시훈제오리q1/top_어육류면적_접시_훈제오리_Q1_00046.JPG</path>
	<source>
		<database>fooddata</database>
	</source>
	<size>
		<width>5472</width>
		<height>3648</height>
		<depth>3</depth>
	</size>
	<object>
		<name>ref_spoon</name>
		<bndbox>
			<xmin>1082</xmin>
			<ymin>363</ymin>
			<xmax>1541</xmax>
			<ymax>1108</ymax>
		</bndbox>
	</object>
	<object>
		<name>ref_fork</name>
		<bndbox>
			<xmin>1666</xmin>
			<ymin>510</ymin>
			<xmax>1970</xmax>
			<ymax>1295</ymax>
		</bndbox>
	</object>
	<object>
		<name>ref_coin</name>
		<bndbox>
			<xmin>4663</xmin>
			<ymin>980</ymin>
			<xmax>4993</xmax>
			<ymax>1306</ymax>
		</bndbox>
	</object>
	<object>
		<name>dish</name>
		<bndbox>
			<xmin>2211</xmin>
			<ymin>522</ymin>
			<xmax>4692</xmax>
			<ymax>2954</ymax>
		</bndbox>
	</object>
	<object>
		<name>훈제오리</name>
		<bndbox>
			<xmin>3002</xmin>
			<ymin>1087</ymin>
			<xmax>4143</xmax>
			<ymax>2088</ymax>
		</bndbox>
	</object>
</annotation>