<annotation>
	<folder>top어육류면적접시훈제오리q1</folder>
	<filename>top_어육류면적_접시_훈제오리_Q1_00043.JPG</filename>
	<path>/top어육류면적접시훈제오리q1/top_어육류면적_접시_훈제오리_Q1_00043.JPG</path>
	<source>
		<database>fooddata</database>
	</source>
	<size>
		<width>5472</width>
		<height>3648</height>
		<depth>3</depth>
	</size>
	<object>
		<name>ref_spoon</name>
		<bndbox>
			<xmin>1225</xmin>
			<ymin>300</ymin>
			<xmax>1683</xmax>
			<ymax>1055</ymax>
		</bndbox>
	</object>
	<object>
		<name>ref_fork</name>
		<bndbox>
			<xmin>1807</xmin>
			<ymin>450</ymin>
			<xmax>2116</xmax>
			<ymax>1257</ymax>
		</bndbox>
	</object>
	<object>
		<name>ref_coin</name>
		<bndbox>
			<xmin>4831</xmin>
			<ymin>2000</ymin>
			<xmax>5180</xmax>
			<ymax>2332</ymax>
		</bndbox>
	</object>
	<object>
		<name>dish</name>
		<bndbox>
			<xmin>2361</xmin>
			<ymin>449</ymin>
			<xmax>4827</xmax>
			<ymax>2890</ymax>
		</bndbox>
	</object>
	<object>
		<name>훈제오리</name>
		<bndbox>
			<xmin>3032</xmin>
			<ymin>974</ymin>
			<xmax>4182</xmax>
			<ymax>2174</ymax>
		</bndbox>
	</object>
</annotation>