<annotation>
	<folder>top어육류면적접시훈제오리q1</folder>
	<filename>top_어육류면적_접시_훈제오리_Q1_00015.JPG</filename>
	<path>/top어육류면적접시훈제오리q1/top_어육류면적_접시_훈제오리_Q1_00015.JPG</path>
	<source>
		<database>fooddata</database>
	</source>
	<size>
		<width>5472</width>
		<height>3648</height>
		<depth>3</depth>
	</size>
	<object>
		<name>ref_spoon</name>
		<bndbox>
			<xmin>1814</xmin>
			<ymin>2881</ymin>
			<xmax>2544</xmax>
			<ymax>3351</ymax>
		</bndbox>
	</object>
	<object>
		<name>ref_fork</name>
		<bndbox>
			<xmin>1891</xmin>
			<ymin>2449</ymin>
			<xmax>2621</xmax>
			<ymax>2744</ymax>
		</bndbox>
	</object>
	<object>
		<name>ref_coin</name>
		<bndbox>
			<xmin>1993</xmin>
			<ymin>214</ymin>
			<xmax>2288</xmax>
			<ymax>491</ymax>
		</bndbox>
	</object>
	<object>
		<name>dish</name>
		<bndbox>
			<xmin>2143</xmin>
			<ymin>282</ymin>
			<xmax>4363</xmax>
			<ymax>2430</ymax>
		</bndbox>
	</object>
	<object>
		<name>훈제오리</name>
		<bndbox>
			<xmin>2802</xmin>
			<ymin>664</ymin>
			<xmax>3641</xmax>
			<ymax>1445</ymax>
		</bndbox>
	</object>
</annotation>