<annotation>
	<folder>top어육류면적접시훈제오리q1</folder>
	<filename>top_어육류면적_접시_훈제오리_Q1_00050.JPG</filename>
	<path>/top어육류면적접시훈제오리q1/top_어육류면적_접시_훈제오리_Q1_00050.JPG</path>
	<source>
		<database>fooddata</database>
	</source>
	<size>
		<width>5472</width>
		<height>3648</height>
		<depth>3</depth>
	</size>
	<object>
		<name>ref_spoon</name>
		<bndbox>
			<xmin>1032</xmin>
			<ymin>357</ymin>
			<xmax>1496</xmax>
			<ymax>1115</ymax>
		</bndbox>
	</object>
	<object>
		<name>ref_fork</name>
		<bndbox>
			<xmin>1629</xmin>
			<ymin>490</ymin>
			<xmax>1931</xmax>
			<ymax>1337</ymax>
		</bndbox>
	</object>
	<object>
		<name>ref_coin</name>
		<bndbox>
			<xmin>3741</xmin>
			<ymin>2923</ymin>
			<xmax>4082</xmax>
			<ymax>3280</ymax>
		</bndbox>
	</object>
	<object>
		<name>dish</name>
		<bndbox>
			<xmin>2204</xmin>
			<ymin>434</ymin>
			<xmax>4641</xmax>
			<ymax>2835</ymax>
		</bndbox>
	</object>
	<object>
		<name>훈제오리</name>
		<bndbox>
			<xmin>3107</xmin>
			<ymin>1014</ymin>
			<xmax>3748</xmax>
			<ymax>2265</ymax>
		</bndbox>
	</object>
</annotation>