<annotation>
	<folder>top어육류면적접시훈제오리q1</folder>
	<filename>top_어육류면적_접시_훈제오리_Q1_00049.JPG</filename>
	<path>/top어육류면적접시훈제오리q1/top_어육류면적_접시_훈제오리_Q1_00049.JPG</path>
	<source>
		<database>fooddata</database>
	</source>
	<size>
		<width>5472</width>
		<height>3648</height>
		<depth>3</depth>
	</size>
	<object>
		<name>ref_spoon</name>
		<bndbox>
			<xmin>838</xmin>
			<ymin>284</ymin>
			<xmax>1314</xmax>
			<ymax>1026</ymax>
		</bndbox>
	</object>
	<object>
		<name>ref_fork</name>
		<bndbox>
			<xmin>1460</xmin>
			<ymin>411</ymin>
			<xmax>1772</xmax>
			<ymax>1222</ymax>
		</bndbox>
	</object>
	<object>
		<name>ref_coin</name>
		<bndbox>
			<xmin>3121</xmin>
			<ymin>2948</ymin>
			<xmax>3467</xmax>
			<ymax>3309</ymax>
		</bndbox>
	</object>
	<object>
		<name>dish</name>
		<bndbox>
			<xmin>2043</xmin>
			<ymin>329</ymin>
			<xmax>4513</xmax>
			<ymax>2750</ymax>
		</bndbox>
	</object>
	<object>
		<name>훈제오리</name>
		<bndbox>
			<xmin>2905</xmin>
			<ymin>894</ymin>
			<xmax>3564</xmax>
			<ymax>2173</ymax>
		</bndbox>
	</object>
</annotation>