<annotation>
	<folder>top어육류면적접시훈제오리q1</folder>
	<filename>top_어육류면적_접시_훈제오리_Q1_00042.JPG</filename>
	<path>/top어육류면적접시훈제오리q1/top_어육류면적_접시_훈제오리_Q1_00042.JPG</path>
	<source>
		<database>fooddata</database>
	</source>
	<size>
		<width>5472</width>
		<height>3648</height>
		<depth>3</depth>
	</size>
	<object>
		<name>ref_spoon</name>
		<bndbox>
			<xmin>1170</xmin>
			<ymin>236</ymin>
			<xmax>1623</xmax>
			<ymax>996</ymax>
		</bndbox>
	</object>
	<object>
		<name>ref_fork</name>
		<bndbox>
			<xmin>1757</xmin>
			<ymin>391</ymin>
			<xmax>2052</xmax>
			<ymax>1180</ymax>
		</bndbox>
	</object>
	<object>
		<name>ref_coin</name>
		<bndbox>
			<xmin>4675</xmin>
			<ymin>2353</ymin>
			<xmax>5023</xmax>
			<ymax>2694</ymax>
		</bndbox>
	</object>
	<object>
		<name>dish</name>
		<bndbox>
			<xmin>2285</xmin>
			<ymin>409</ymin>
			<xmax>4757</xmax>
			<ymax>2810</ymax>
		</bndbox>
	</object>
	<object>
		<name>훈제오리</name>
		<bndbox>
			<xmin>3274</xmin>
			<ymin>923</ymin>
			<xmax>4116</xmax>
			<ymax>2467</ymax>
		</bndbox>
	</object>
</annotation>