<annotation>
	<folder>top어육류면적접시훈제오리q1</folder>
	<filename>top_어육류면적_접시_훈제오리_Q1_00003.JPG</filename>
	<path>/top어육류면적접시훈제오리q1/top_어육류면적_접시_훈제오리_Q1_00003.JPG</path>
	<source>
		<database>fooddata</database>
	</source>
	<size>
		<width>5472</width>
		<height>3648</height>
		<depth>3</depth>
	</size>
	<object>
		<name>ref_spoon</name>
		<bndbox>
			<xmin>3628</xmin>
			<ymin>390</ymin>
			<xmax>4141</xmax>
			<ymax>1172</ymax>
		</bndbox>
	</object>
	<object>
		<name>ref_fork</name>
		<bndbox>
			<xmin>4344</xmin>
			<ymin>446</ymin>
			<xmax>4667</xmax>
			<ymax>1330</ymax>
		</bndbox>
	</object>
	<object>
		<name>ref_coin</name>
		<bndbox>
			<xmin>1983</xmin>
			<ymin>3123</ymin>
			<xmax>2358</xmax>
			<ymax>3509</ymax>
		</bndbox>
	</object>
	<object>
		<name>dish</name>
		<bndbox>
			<xmin>673</xmin>
			<ymin>269</ymin>
			<xmax>3422</xmax>
			<ymax>2949</ymax>
		</bndbox>
	</object>
	<object>
		<name>훈제오리</name>
		<bndbox>
			<xmin>1716</xmin>
			<ymin>1429</ymin>
			<xmax>2857</xmax>
			<ymax>2284</ymax>
		</bndbox>
	</object>
</annotation>