<annotation>
	<folder>top어육류면적접시훈제오리q1</folder>
	<filename>top_어육류면적_접시_훈제오리_Q1_00045.JPG</filename>
	<path>/top어육류면적접시훈제오리q1/top_어육류면적_접시_훈제오리_Q1_00045.JPG</path>
	<source>
		<database>fooddata</database>
	</source>
	<size>
		<width>5472</width>
		<height>3648</height>
		<depth>3</depth>
	</size>
	<object>
		<name>ref_spoon</name>
		<bndbox>
			<xmin>1133</xmin>
			<ymin>347</ymin>
			<xmax>1596</xmax>
			<ymax>1082</ymax>
		</bndbox>
	</object>
	<object>
		<name>ref_fork</name>
		<bndbox>
			<xmin>1716</xmin>
			<ymin>496</ymin>
			<xmax>2024</xmax>
			<ymax>1303</ymax>
		</bndbox>
	</object>
	<object>
		<name>ref_coin</name>
		<bndbox>
			<xmin>4899</xmin>
			<ymin>1375</ymin>
			<xmax>5234</xmax>
			<ymax>1701</ymax>
		</bndbox>
	</object>
	<object>
		<name>dish</name>
		<bndbox>
			<xmin>2255</xmin>
			<ymin>515</ymin>
			<xmax>4732</xmax>
			<ymax>2951</ymax>
		</bndbox>
	</object>
	<object>
		<name>훈제오리</name>
		<bndbox>
			<xmin>2820</xmin>
			<ymin>1438</ymin>
			<xmax>4187</xmax>
			<ymax>2219</ymax>
		</bndbox>
	</object>
</annotation>