<annotation>
	<folder>side스프류작은파스타볼콘스프q3</folder>
	<filename>side_스프류_작은파스타볼_콘스프_Q3_00031.JPG</filename>
	<path>/side스프류작은파스타볼콘스프q3/side_스프류_작은파스타볼_콘스프_Q3_00031.JPG</path>
	<source>
		<database>fooddata</database>
	</source>
	<size>
		<width>5472</width>
		<height>3648</height>
		<depth>3</depth>
	</size>
	<object>
		<name>ref_spoon</name>
		<bndbox>
			<xmin>513</xmin>
			<ymin>2783</ymin>
			<xmax>1526</xmax>
			<ymax>3361</ymax>
		</bndbox>
	</object>
	<object>
		<name>ref_fork</name>
		<bndbox>
			<xmin>692</xmin>
			<ymin>2393</ymin>
			<xmax>1746</xmax>
			<ymax>2891</ymax>
		</bndbox>
	</object>
	<object>
		<name>ref_coin</name>
		<bndbox>
			<xmin>1755</xmin>
			<ymin>206</ymin>
			<xmax>2127</xmax>
			<ymax>480</ymax>
		</bndbox>
	</object>
	<object>
		<name>dish</name>
		<bndbox>
			<xmin>1468</xmin>
			<ymin>587</ymin>
			<xmax>4058</xmax>
			<ymax>2451</ymax>
		</bndbox>
	</object>
	<object>
		<name>콘스프</name>
		<bndbox>
			<xmin>1934</xmin>
			<ymin>1179</ymin>
			<xmax>3552</xmax>
			<ymax>2344</ymax>
		</bndbox>
	</object>
</annotation>