<annotation>
	<folder>side스프류작은파스타볼콘스프q3</folder>
	<filename>side_스프류_작은파스타볼_콘스프_Q3_00020.JPG</filename>
	<path>/side스프류작은파스타볼콘스프q3/side_스프류_작은파스타볼_콘스프_Q3_00020.JPG</path>
	<source>
		<database>fooddata</database>
	</source>
	<size>
		<width>5472</width>
		<height>3648</height>
		<depth>3</depth>
	</size>
	<object>
		<name>ref_spoon</name>
		<bndbox>
			<xmin>1078</xmin>
			<ymin>2541</ymin>
			<xmax>2014</xmax>
			<ymax>3083</ymax>
		</bndbox>
	</object>
	<object>
		<name>ref_fork</name>
		<bndbox>
			<xmin>1235</xmin>
			<ymin>2165</ymin>
			<xmax>2252</xmax>
			<ymax>2640</ymax>
		</bndbox>
	</object>
	<object>
		<name>ref_coin</name>
		<bndbox>
			<xmin>4085</xmin>
			<ymin>1439</ymin>
			<xmax>4479</xmax>
			<ymax>1734</ymax>
		</bndbox>
	</object>
	<object>
		<name>dish</name>
		<bndbox>
			<xmin>1607</xmin>
			<ymin>264</ymin>
			<xmax>4036</xmax>
			<ymax>1990</ymax>
		</bndbox>
	</object>
	<object>
		<name>콘스프</name>
		<bndbox>
			<xmin>2055</xmin>
			<ymin>798</ymin>
			<xmax>3574</xmax>
			<ymax>1900</ymax>
		</bndbox>
	</object>
</annotation>