<annotation>
	<folder>side스프류작은파스타볼콘스프q3</folder>
	<filename>side_스프류_작은파스타볼_콘스프_Q3_00044.JPG</filename>
	<path>/side스프류작은파스타볼콘스프q3/side_스프류_작은파스타볼_콘스프_Q3_00044.JPG</path>
	<source>
		<database>fooddata</database>
	</source>
	<size>
		<width>5472</width>
		<height>3648</height>
		<depth>3</depth>
	</size>
	<object>
		<name>ref_spoon</name>
		<bndbox>
			<xmin>778</xmin>
			<ymin>919</ymin>
			<xmax>1320</xmax>
			<ymax>1699</ymax>
		</bndbox>
	</object>
	<object>
		<name>ref_fork</name>
		<bndbox>
			<xmin>1427</xmin>
			<ymin>919</ymin>
			<xmax>1799</xmax>
			<ymax>1797</ymax>
		</bndbox>
	</object>
	<object>
		<name>ref_coin</name>
		<bndbox>
			<xmin>3883</xmin>
			<ymin>466</ymin>
			<xmax>4251</xmax>
			<ymax>739</ymax>
		</bndbox>
	</object>
	<object>
		<name>dish</name>
		<bndbox>
			<xmin>1817</xmin>
			<ymin>766</ymin>
			<xmax>4367</xmax>
			<ymax>2662</ymax>
		</bndbox>
	</object>
	<object>
		<name>콘스프</name>
		<bndbox>
			<xmin>2279</xmin>
			<ymin>1362</ymin>
			<xmax>3874</xmax>
			<ymax>2528</ymax>
		</bndbox>
	</object>
</annotation>