<annotation>
	<folder>side스프류작은파스타볼콘스프q3</folder>
	<filename>side_스프류_작은파스타볼_콘스프_Q3_00035.JPG</filename>
	<path>/side스프류작은파스타볼콘스프q3/side_스프류_작은파스타볼_콘스프_Q3_00035.JPG</path>
	<source>
		<database>fooddata</database>
	</source>
	<size>
		<width>5472</width>
		<height>3648</height>
		<depth>3</depth>
	</size>
	<object>
		<name>ref_spoon</name>
		<bndbox>
			<xmin>764</xmin>
			<ymin>811</ymin>
			<xmax>1320</xmax>
			<ymax>1595</ymax>
		</bndbox>
	</object>
	<object>
		<name>ref_fork</name>
		<bndbox>
			<xmin>1414</xmin>
			<ymin>834</ymin>
			<xmax>1786</xmax>
			<ymax>1699</ymax>
		</bndbox>
	</object>
	<object>
		<name>ref_coin</name>
		<bndbox>
			<xmin>2557</xmin>
			<ymin>3097</ymin>
			<xmax>2996</xmax>
			<ymax>3469</ymax>
		</bndbox>
	</object>
	<object>
		<name>dish</name>
		<bndbox>
			<xmin>1808</xmin>
			<ymin>686</ymin>
			<xmax>4363</xmax>
			<ymax>2608</ymax>
		</bndbox>
	</object>
	<object>
		<name>콘스프</name>
		<bndbox>
			<xmin>2239</xmin>
			<ymin>1282</ymin>
			<xmax>3830</xmax>
			<ymax>2456</ymax>
		</bndbox>
	</object>
</annotation>