<annotation>
	<folder>side스프류작은파스타볼콘스프q3</folder>
	<filename>side_스프류_작은파스타볼_콘스프_Q3_00022.JPG</filename>
	<path>/side스프류작은파스타볼콘스프q3/side_스프류_작은파스타볼_콘스프_Q3_00022.JPG</path>
	<source>
		<database>fooddata</database>
	</source>
	<size>
		<width>5472</width>
		<height>3648</height>
		<depth>3</depth>
	</size>
	<object>
		<name>ref_spoon</name>
		<bndbox>
			<xmin>553</xmin>
			<ymin>2667</ymin>
			<xmax>1580</xmax>
			<ymax>3240</ymax>
		</bndbox>
	</object>
	<object>
		<name>ref_fork</name>
		<bndbox>
			<xmin>715</xmin>
			<ymin>2254</ymin>
			<xmax>1804</xmax>
			<ymax>2752</ymax>
		</bndbox>
	</object>
	<object>
		<name>ref_coin</name>
		<bndbox>
			<xmin>3484</xmin>
			<ymin>372</ymin>
			<xmax>3888</xmax>
			<ymax>654</ymax>
		</bndbox>
	</object>
	<object>
		<name>dish</name>
		<bndbox>
			<xmin>1208</xmin>
			<ymin>206</ymin>
			<xmax>3807</xmax>
			<ymax>2057</ymax>
		</bndbox>
	</object>
	<object>
		<name>콘스프</name>
		<bndbox>
			<xmin>1669</xmin>
			<ymin>789</ymin>
			<xmax>3314</xmax>
			<ymax>1963</ymax>
		</bndbox>
	</object>
</annotation>