<annotation>
	<folder>side스프류작은파스타볼콘스프q3</folder>
	<filename>side_스프류_작은파스타볼_콘스프_Q3_00012.JPG</filename>
	<path>/side스프류작은파스타볼콘스프q3/side_스프류_작은파스타볼_콘스프_Q3_00012.JPG</path>
	<source>
		<database>fooddata</database>
	</source>
	<size>
		<width>5472</width>
		<height>3648</height>
		<depth>3</depth>
	</size>
	<object>
		<name>ref_spoon</name>
		<bndbox>
			<xmin>3731</xmin>
			<ymin>1125</ymin>
			<xmax>4278</xmax>
			<ymax>1896</ymax>
		</bndbox>
	</object>
	<object>
		<name>ref_fork</name>
		<bndbox>
			<xmin>4435</xmin>
			<ymin>1147</ymin>
			<xmax>4806</xmax>
			<ymax>2008</ymax>
		</bndbox>
	</object>
	<object>
		<name>ref_coin</name>
		<bndbox>
			<xmin>2001</xmin>
			<ymin>493</ymin>
			<xmax>2369</xmax>
			<ymax>757</ymax>
		</bndbox>
	</object>
	<object>
		<name>dish</name>
		<bndbox>
			<xmin>1046</xmin>
			<ymin>937</ymin>
			<xmax>3641</xmax>
			<ymax>2792</ymax>
		</bndbox>
	</object>
	<object>
		<name>콘스프</name>
		<bndbox>
			<xmin>1530</xmin>
			<ymin>1519</ymin>
			<xmax>3166</xmax>
			<ymax>2698</ymax>
		</bndbox>
	</object>
</annotation>