<annotation>
	<folder>side스프류작은파스타볼콘스프q3</folder>
	<filename>side_스프류_작은파스타볼_콘스프_Q3_00043.JPG</filename>
	<path>/side스프류작은파스타볼콘스프q3/side_스프류_작은파스타볼_콘스프_Q3_00043.JPG</path>
	<source>
		<database>fooddata</database>
	</source>
	<size>
		<width>5472</width>
		<height>3648</height>
		<depth>3</depth>
	</size>
	<object>
		<name>ref_spoon</name>
		<bndbox>
			<xmin>787</xmin>
			<ymin>910</ymin>
			<xmax>1333</xmax>
			<ymax>1699</ymax>
		</bndbox>
	</object>
	<object>
		<name>ref_fork</name>
		<bndbox>
			<xmin>1432</xmin>
			<ymin>910</ymin>
			<xmax>1799</xmax>
			<ymax>1788</ymax>
		</bndbox>
	</object>
	<object>
		<name>ref_coin</name>
		<bndbox>
			<xmin>4591</xmin>
			<ymin>950</ymin>
			<xmax>4981</xmax>
			<ymax>1241</ymax>
		</bndbox>
	</object>
	<object>
		<name>dish</name>
		<bndbox>
			<xmin>1826</xmin>
			<ymin>762</ymin>
			<xmax>4385</xmax>
			<ymax>2644</ymax>
		</bndbox>
	</object>
	<object>
		<name>콘스프</name>
		<bndbox>
			<xmin>2256</xmin>
			<ymin>1358</ymin>
			<xmax>3834</xmax>
			<ymax>2510</ymax>
		</bndbox>
	</object>
</annotation>