<annotation>
	<folder>side스프류작은파스타볼콘스프q3</folder>
	<filename>side_스프류_작은파스타볼_콘스프_Q3_00001.JPG</filename>
	<path>/side스프류작은파스타볼콘스프q3/side_스프류_작은파스타볼_콘스프_Q3_00001.JPG</path>
	<source>
		<database>fooddata</database>
	</source>
	<size>
		<width>5472</width>
		<height>3648</height>
		<depth>3</depth>
	</size>
	<object>
		<name>ref_spoon</name>
		<bndbox>
			<xmin>3668</xmin>
			<ymin>977</ymin>
			<xmax>4161</xmax>
			<ymax>1658</ymax>
		</bndbox>
	</object>
	<object>
		<name>ref_fork</name>
		<bndbox>
			<xmin>4264</xmin>
			<ymin>1049</ymin>
			<xmax>4596</xmax>
			<ymax>1824</ymax>
		</bndbox>
	</object>
	<object>
		<name>ref_coin</name>
		<bndbox>
			<xmin>3005</xmin>
			<ymin>2891</ymin>
			<xmax>3395</xmax>
			<ymax>3204</ymax>
		</bndbox>
	</object>
	<object>
		<name>dish</name>
		<bndbox>
			<xmin>1123</xmin>
			<ymin>659</ymin>
			<xmax>3444</xmax>
			<ymax>2304</ymax>
		</bndbox>
	</object>
	<object>
		<name>콘스프</name>
		<bndbox>
			<xmin>1557</xmin>
			<ymin>1192</ymin>
			<xmax>3027</xmax>
			<ymax>2223</ymax>
		</bndbox>
	</object>
</annotation>