<annotation>
	<folder>side스프류작은파스타볼콘스프q3</folder>
	<filename>side_스프류_작은파스타볼_콘스프_Q3_00017.JPG</filename>
	<path>/side스프류작은파스타볼콘스프q3/side_스프류_작은파스타볼_콘스프_Q3_00017.JPG</path>
	<source>
		<database>fooddata</database>
	</source>
	<size>
		<width>5472</width>
		<height>3648</height>
		<depth>3</depth>
	</size>
	<object>
		<name>ref_spoon</name>
		<bndbox>
			<xmin>3709</xmin>
			<ymin>592</ymin>
			<xmax>4264</xmax>
			<ymax>1380</ymax>
		</bndbox>
	</object>
	<object>
		<name>ref_fork</name>
		<bndbox>
			<xmin>4421</xmin>
			<ymin>618</ymin>
			<xmax>4793</xmax>
			<ymax>1510</ymax>
		</bndbox>
	</object>
	<object>
		<name>ref_coin</name>
		<bndbox>
			<xmin>1374</xmin>
			<ymin>2918</ymin>
			<xmax>1822</xmax>
			<ymax>3289</ymax>
		</bndbox>
	</object>
	<object>
		<name>dish</name>
		<bndbox>
			<xmin>930</xmin>
			<ymin>412</ymin>
			<xmax>3574</xmax>
			<ymax>2290</ymax>
		</bndbox>
	</object>
	<object>
		<name>콘스프</name>
		<bndbox>
			<xmin>1423</xmin>
			<ymin>995</ymin>
			<xmax>3108</xmax>
			<ymax>2191</ymax>
		</bndbox>
	</object>
</annotation>