<annotation>
	<folder>side스프류작은파스타볼콘스프q3</folder>
	<filename>side_스프류_작은파스타볼_콘스프_Q3_00047.JPG</filename>
	<path>/side스프류작은파스타볼콘스프q3/side_스프류_작은파스타볼_콘스프_Q3_00047.JPG</path>
	<source>
		<database>fooddata</database>
	</source>
	<size>
		<width>5472</width>
		<height>3648</height>
		<depth>3</depth>
	</size>
	<object>
		<name>ref_spoon</name>
		<bndbox>
			<xmin>885</xmin>
			<ymin>627</ymin>
			<xmax>1436</xmax>
			<ymax>1394</ymax>
		</bndbox>
	</object>
	<object>
		<name>ref_fork</name>
		<bndbox>
			<xmin>1535</xmin>
			<ymin>645</ymin>
			<xmax>1902</xmax>
			<ymax>1501</ymax>
		</bndbox>
	</object>
	<object>
		<name>ref_coin</name>
		<bndbox>
			<xmin>2893</xmin>
			<ymin>2931</ymin>
			<xmax>3323</xmax>
			<ymax>3303</ymax>
		</bndbox>
	</object>
	<object>
		<name>dish</name>
		<bndbox>
			<xmin>1929</xmin>
			<ymin>497</ymin>
			<xmax>4493</xmax>
			<ymax>2389</ymax>
		</bndbox>
	</object>
	<object>
		<name>콘스프</name>
		<bndbox>
			<xmin>2382</xmin>
			<ymin>1098</ymin>
			<xmax>3977</xmax>
			<ymax>2259</ymax>
		</bndbox>
	</object>
</annotation>