<annotation>
	<folder>side스프류작은파스타볼콘스프q3</folder>
	<filename>side_스프류_작은파스타볼_콘스프_Q3_00021.JPG</filename>
	<path>/side스프류작은파스타볼콘스프q3/side_스프류_작은파스타볼_콘스프_Q3_00021.JPG</path>
	<source>
		<database>fooddata</database>
	</source>
	<size>
		<width>5472</width>
		<height>3648</height>
		<depth>3</depth>
	</size>
	<object>
		<name>ref_spoon</name>
		<bndbox>
			<xmin>1055</xmin>
			<ymin>2483</ymin>
			<xmax>1997</xmax>
			<ymax>3021</ymax>
		</bndbox>
	</object>
	<object>
		<name>ref_fork</name>
		<bndbox>
			<xmin>1208</xmin>
			<ymin>2111</ymin>
			<xmax>2230</xmax>
			<ymax>2577</ymax>
		</bndbox>
	</object>
	<object>
		<name>ref_coin</name>
		<bndbox>
			<xmin>4143</xmin>
			<ymin>1013</ymin>
			<xmax>4533</xmax>
			<ymax>1304</ymax>
		</bndbox>
	</object>
	<object>
		<name>dish</name>
		<bndbox>
			<xmin>1584</xmin>
			<ymin>211</ymin>
			<xmax>4022</xmax>
			<ymax>1945</ymax>
		</bndbox>
	</object>
	<object>
		<name>콘스프</name>
		<bndbox>
			<xmin>2032</xmin>
			<ymin>762</ymin>
			<xmax>3565</xmax>
			<ymax>1864</ymax>
		</bndbox>
	</object>
</annotation>