<annotation>
	<folder>my-project-name</folder>
	<filename>top_스프류_작은파스타볼_콘스프_Q3_00048.JPG</filename>
	<path>/top스프류작은파스타볼콘스프q3/top_스프류_작은파스타볼_콘스프_Q3_00048.JPG</path>
	<source>
		<database>fooddata</database>
	</source>
	<size>
		<width>5472</width>
		<height>3648</height>
		<depth>3</depth>
	</size>
	<object>
		<name>ref_spoon</name>
		<bndbox>
			<xmin>507</xmin>
			<ymin>623</ymin>
			<xmax>1078</xmax>
			<ymax>1470</ymax>
		</bndbox>
	</object>
	<object>
		<name>ref_fork</name>
		<bndbox>
			<xmin>1234</xmin>
			<ymin>617</ymin>
			<xmax>1608</xmax>
			<ymax>1545</ymax>
		</bndbox>
	</object>
	<object>
		<name>ref_coin</name>
		<bndbox>
			<xmin>4474</xmin>
			<ymin>669</ymin>
			<xmax>4842</xmax>
			<ymax>1032</ymax>
		</bndbox>
	</object>
	<object>
		<name>dish</name>
		<bndbox>
			<xmin>1724</xmin>
			<ymin>513</ymin>
			<xmax>4341</xmax>
			<ymax>3113</ymax>
		</bndbox>
	</object>
	<object>
		<name>콘스프</name>
		<bndbox>
			<xmin>2283</xmin>
			<ymin>1072</ymin>
			<xmax>3638</xmax>
			<ymax>2490</ymax>
		</bndbox>
	</object>
</annotation>