<annotation>
	<folder>my-project-name</folder>
	<filename>top_스프류_작은파스타볼_콘스프_Q3_00010.JPG</filename>
	<path>/top스프류작은파스타볼콘스프q3/top_스프류_작은파스타볼_콘스프_Q3_00010.JPG</path>
	<source>
		<database>fooddata</database>
	</source>
	<size>
		<width>5472</width>
		<height>3648</height>
		<depth>3</depth>
	</size>
	<object>
		<name>ref_spoon</name>
		<bndbox>
			<xmin>3513</xmin>
			<ymin>348</ymin>
			<xmax>4001</xmax>
			<ymax>1138</ymax>
		</bndbox>
	</object>
	<object>
		<name>ref_fork</name>
		<bndbox>
			<xmin>4197</xmin>
			<ymin>323</ymin>
			<xmax>4507</xmax>
			<ymax>1164</ymax>
		</bndbox>
	</object>
	<object>
		<name>ref_coin</name>
		<bndbox>
			<xmin>1525</xmin>
			<ymin>291</ymin>
			<xmax>1860</xmax>
			<ymax>630</ymax>
		</bndbox>
	</object>
	<object>
		<name>dish</name>
		<bndbox>
			<xmin>1144</xmin>
			<ymin>835</ymin>
			<xmax>3579</xmax>
			<ymax>3243</ymax>
		</bndbox>
	</object>
	<object>
		<name>콘스프</name>
		<bndbox>
			<xmin>1699</xmin>
			<ymin>1350</ymin>
			<xmax>3059</xmax>
			<ymax>2728</ymax>
		</bndbox>
	</object>
</annotation>