<annotation>
	<folder>my-project-name</folder>
	<filename>top_스프류_작은파스타볼_콘스프_Q3_00028.JPG</filename>
	<path>/top스프류작은파스타볼콘스프q3/top_스프류_작은파스타볼_콘스프_Q3_00028.JPG</path>
	<source>
		<database>fooddata</database>
	</source>
	<size>
		<width>5472</width>
		<height>3648</height>
		<depth>3</depth>
	</size>
	<object>
		<name>ref_spoon</name>
		<bndbox>
			<xmin>1708</xmin>
			<ymin>3009</ymin>
			<xmax>2385</xmax>
			<ymax>3444</ymax>
		</bndbox>
	</object>
	<object>
		<name>ref_fork</name>
		<bndbox>
			<xmin>1731</xmin>
			<ymin>2592</ymin>
			<xmax>2448</xmax>
			<ymax>2874</ymax>
		</bndbox>
	</object>
	<object>
		<name>ref_coin</name>
		<bndbox>
			<xmin>1681</xmin>
			<ymin>758</ymin>
			<xmax>1959</xmax>
			<ymax>1022</ymax>
		</bndbox>
	</object>
	<object>
		<name>dish</name>
		<bndbox>
			<xmin>2197</xmin>
			<ymin>484</ymin>
			<xmax>4130</xmax>
			<ymax>2403</ymax>
		</bndbox>
	</object>
	<object>
		<name>콘스프</name>
		<bndbox>
			<xmin>2605</xmin>
			<ymin>955</ymin>
			<xmax>3668</xmax>
			<ymax>2018</ymax>
		</bndbox>
	</object>
</annotation>