<annotation>
	<folder>my-project-name</folder>
	<filename>top_스프류_작은파스타볼_콘스프_Q3_00053.JPG</filename>
	<path>/top스프류작은파스타볼콘스프q3/top_스프류_작은파스타볼_콘스프_Q3_00053.JPG</path>
	<source>
		<database>fooddata</database>
	</source>
	<size>
		<width>5472</width>
		<height>3648</height>
		<depth>3</depth>
	</size>
	<object>
		<name>ref_spoon</name>
		<bndbox>
			<xmin>548</xmin>
			<ymin>427</ymin>
			<xmax>1084</xmax>
			<ymax>1267</ymax>
		</bndbox>
	</object>
	<object>
		<name>ref_fork</name>
		<bndbox>
			<xmin>1216</xmin>
			<ymin>415</ymin>
			<xmax>1603</xmax>
			<ymax>1291</ymax>
		</bndbox>
	</object>
	<object>
		<name>ref_coin</name>
		<bndbox>
			<xmin>3799</xmin>
			<ymin>2646</ymin>
			<xmax>4145</xmax>
			<ymax>3003</ymax>
		</bndbox>
	</object>
	<object>
		<name>dish</name>
		<bndbox>
			<xmin>1683</xmin>
			<ymin>294</ymin>
			<xmax>4162</xmax>
			<ymax>2756</ymax>
		</bndbox>
	</object>
	<object>
		<name>콘스프</name>
		<bndbox>
			<xmin>2243</xmin>
			<ymin>909</ymin>
			<xmax>3557</xmax>
			<ymax>2243</ymax>
		</bndbox>
	</object>
</annotation>