<annotation>
	<folder>my-project-name</folder>
	<filename>top_스프류_작은파스타볼_콘스프_Q3_00033.JPG</filename>
	<path>/top스프류작은파스타볼콘스프q3/top_스프류_작은파스타볼_콘스프_Q3_00033.JPG</path>
	<source>
		<database>fooddata</database>
	</source>
	<size>
		<width>5472</width>
		<height>3648</height>
		<depth>3</depth>
	</size>
	<object>
		<name>ref_spoon</name>
		<bndbox>
			<xmin>817</xmin>
			<ymin>214</ymin>
			<xmax>1377</xmax>
			<ymax>1111</ymax>
		</bndbox>
	</object>
	<object>
		<name>ref_fork</name>
		<bndbox>
			<xmin>1543</xmin>
			<ymin>233</ymin>
			<xmax>1904</xmax>
			<ymax>1192</ymax>
		</bndbox>
	</object>
	<object>
		<name>ref_coin</name>
		<bndbox>
			<xmin>2269</xmin>
			<ymin>2986</ymin>
			<xmax>2649</xmax>
			<ymax>3375</ymax>
		</bndbox>
	</object>
	<object>
		<name>dish</name>
		<bndbox>
			<xmin>1833</xmin>
			<ymin>254</ymin>
			<xmax>4525</xmax>
			<ymax>2929</ymax>
		</bndbox>
	</object>
	<object>
		<name>콘스프</name>
		<bndbox>
			<xmin>2502</xmin>
			<ymin>942</ymin>
			<xmax>3880</xmax>
			<ymax>2352</ymax>
		</bndbox>
	</object>
</annotation>