<annotation>
	<folder>my-project-name</folder>
	<filename>top_스프류_작은파스타볼_콘스프_Q3_00025.JPG</filename>
	<path>/top스프류작은파스타볼콘스프q3/top_스프류_작은파스타볼_콘스프_Q3_00025.JPG</path>
	<source>
		<database>fooddata</database>
	</source>
	<size>
		<width>5472</width>
		<height>3648</height>
		<depth>3</depth>
	</size>
	<object>
		<name>ref_spoon</name>
		<bndbox>
			<xmin>1624</xmin>
			<ymin>3053</ymin>
			<xmax>2355</xmax>
			<ymax>3494</ymax>
		</bndbox>
	</object>
	<object>
		<name>ref_fork</name>
		<bndbox>
			<xmin>1647</xmin>
			<ymin>2640</ymin>
			<xmax>2374</xmax>
			<ymax>2924</ymax>
		</bndbox>
	</object>
	<object>
		<name>ref_coin</name>
		<bndbox>
			<xmin>2540</xmin>
			<ymin>192</ymin>
			<xmax>2802</xmax>
			<ymax>454</ymax>
		</bndbox>
	</object>
	<object>
		<name>dish</name>
		<bndbox>
			<xmin>2056</xmin>
			<ymin>588</ymin>
			<xmax>3993</xmax>
			<ymax>2502</ymax>
		</bndbox>
	</object>
	<object>
		<name>콘스프</name>
		<bndbox>
			<xmin>2471</xmin>
			<ymin>1057</ymin>
			<xmax>3532</xmax>
			<ymax>2121</ymax>
		</bndbox>
	</object>
</annotation>