<annotation>
	<folder>my-project-name</folder>
	<filename>top_스프류_작은파스타볼_콘스프_Q3_00016.JPG</filename>
	<path>/top스프류작은파스타볼콘스프q3/top_스프류_작은파스타볼_콘스프_Q3_00016.JPG</path>
	<source>
		<database>fooddata</database>
	</source>
	<size>
		<width>5472</width>
		<height>3648</height>
		<depth>3</depth>
	</size>
	<object>
		<name>ref_spoon</name>
		<bndbox>
			<xmin>3532</xmin>
			<ymin>271</ymin>
			<xmax>4045</xmax>
			<ymax>1125</ymax>
		</bndbox>
	</object>
	<object>
		<name>ref_fork</name>
		<bndbox>
			<xmin>4254</xmin>
			<ymin>223</ymin>
			<xmax>4605</xmax>
			<ymax>1154</ymax>
		</bndbox>
	</object>
	<object>
		<name>ref_coin</name>
		<bndbox>
			<xmin>1495</xmin>
			<ymin>280</ymin>
			<xmax>1856</xmax>
			<ymax>636</ymax>
		</bndbox>
	</object>
	<object>
		<name>dish</name>
		<bndbox>
			<xmin>999</xmin>
			<ymin>721</ymin>
			<xmax>3576</xmax>
			<ymax>3279</ymax>
		</bndbox>
	</object>
	<object>
		<name>콘스프</name>
		<bndbox>
			<xmin>1589</xmin>
			<ymin>1296</ymin>
			<xmax>3042</xmax>
			<ymax>2704</ymax>
		</bndbox>
	</object>
</annotation>