<annotation>
	<folder>my-project-name</folder>
	<filename>top_스프류_작은파스타볼_콘스프_Q3_00004.JPG</filename>
	<path>/top스프류작은파스타볼콘스프q3/top_스프류_작은파스타볼_콘스프_Q3_00004.JPG</path>
	<source>
		<database>fooddata</database>
	</source>
	<size>
		<width>5472</width>
		<height>3648</height>
		<depth>3</depth>
	</size>
	<object>
		<name>ref_spoon</name>
		<bndbox>
			<xmin>3675</xmin>
			<ymin>178</ymin>
			<xmax>4154</xmax>
			<ymax>979</ymax>
		</bndbox>
	</object>
	<object>
		<name>ref_fork</name>
		<bndbox>
			<xmin>4347</xmin>
			<ymin>145</ymin>
			<xmax>4660</xmax>
			<ymax>995</ymax>
		</bndbox>
	</object>
	<object>
		<name>ref_coin</name>
		<bndbox>
			<xmin>1913</xmin>
			<ymin>2972</ymin>
			<xmax>2241</xmax>
			<ymax>3309</ymax>
		</bndbox>
	</object>
	<object>
		<name>dish</name>
		<bndbox>
			<xmin>1329</xmin>
			<ymin>437</ymin>
			<xmax>3651</xmax>
			<ymax>2763</ymax>
		</bndbox>
	</object>
	<object>
		<name>콘스프</name>
		<bndbox>
			<xmin>1887</xmin>
			<ymin>978</ymin>
			<xmax>3176</xmax>
			<ymax>2260</ymax>
		</bndbox>
	</object>
</annotation>