<annotation>
	<folder>my-project-name</folder>
	<filename>top_스프류_작은파스타볼_콘스프_Q3_00042.JPG</filename>
	<path>/top스프류작은파스타볼콘스프q3/top_스프류_작은파스타볼_콘스프_Q3_00042.JPG</path>
	<source>
		<database>fooddata</database>
	</source>
	<size>
		<width>5472</width>
		<height>3648</height>
		<depth>3</depth>
	</size>
	<object>
		<name>ref_spoon</name>
		<bndbox>
			<xmin>888</xmin>
			<ymin>958</ymin>
			<xmax>1415</xmax>
			<ymax>1797</ymax>
		</bndbox>
	</object>
	<object>
		<name>ref_fork</name>
		<bndbox>
			<xmin>1576</xmin>
			<ymin>952</ymin>
			<xmax>1921</xmax>
			<ymax>1835</ymax>
		</bndbox>
	</object>
	<object>
		<name>ref_coin</name>
		<bndbox>
			<xmin>3605</xmin>
			<ymin>307</ymin>
			<xmax>3955</xmax>
			<ymax>662</ymax>
		</bndbox>
	</object>
	<object>
		<name>dish</name>
		<bndbox>
			<xmin>2055</xmin>
			<ymin>882</ymin>
			<xmax>4584</xmax>
			<ymax>3417</ymax>
		</bndbox>
	</object>
	<object>
		<name>콘스프</name>
		<bndbox>
			<xmin>2572</xmin>
			<ymin>1603</ymin>
			<xmax>3939</xmax>
			<ymax>2868</ymax>
		</bndbox>
	</object>
</annotation>