<annotation>
	<folder>side어육류면적원형배달떡볶이q2</folder>
	<filename>side_어육류면적_원형배달_떡볶이_Q2_00052.JPG</filename>
	<path>/side어육류면적원형배달떡볶이q2/side_어육류면적_원형배달_떡볶이_Q2_00052.JPG</path>
	<source>
		<database>fooddata</database>
	</source>
	<size>
		<width>3008</width>
		<height>2000</height>
		<depth>3</depth>
	</size>
	<object>
		<name>ref_spoon</name>
		<bndbox>
			<xmin>657</xmin>
			<ymin>153</ymin>
			<xmax>1004</xmax>
			<ymax>569</ymax>
		</bndbox>
	</object>
	<object>
		<name>ref_fork</name>
		<bndbox>
			<xmin>1060</xmin>
			<ymin>208</ymin>
			<xmax>1305</xmax>
			<ymax>713</ymax>
		</bndbox>
	</object>
	<object>
		<name>ref_coin</name>
		<bndbox>
			<xmin>504</xmin>
			<ymin>1662</ymin>
			<xmax>800</xmax>
			<ymax>1884</ymax>
		</bndbox>
	</object>
	<object>
		<name>dish</name>
		<bndbox>
			<xmin>1448</xmin>
			<ymin>176</ymin>
			<xmax>2592</xmax>
			<ymax>1245</ymax>
		</bndbox>
	</object>
	<object>
		<name>떡볶이</name>
		<bndbox>
			<xmin>1629</xmin>
			<ymin>449</ymin>
			<xmax>2370</xmax>
			<ymax>870</ymax>
		</bndbox>
	</object>
</annotation>