<annotation>
	<folder>side어육류면적원형배달떡볶이q2</folder>
	<filename>side_어육류면적_원형배달_떡볶이_Q2_00007.JPG</filename>
	<path>/side어육류면적원형배달떡볶이q2/side_어육류면적_원형배달_떡볶이_Q2_00007.JPG</path>
	<source>
		<database>fooddata</database>
	</source>
	<size>
		<width>3008</width>
		<height>2000</height>
		<depth>3</depth>
	</size>
	<object>
		<name>ref_spoon</name>
		<bndbox>
			<xmin>1833</xmin>
			<ymin>319</ymin>
			<xmax>2161</xmax>
			<ymax>741</ymax>
		</bndbox>
	</object>
	<object>
		<name>ref_fork</name>
		<bndbox>
			<xmin>2314</xmin>
			<ymin>310</ymin>
			<xmax>2560</xmax>
			<ymax>782</ymax>
		</bndbox>
	</object>
	<object>
		<name>ref_coin</name>
		<bndbox>
			<xmin>120</xmin>
			<ymin>1213</ymin>
			<xmax>421</xmax>
			<ymax>1412</ymax>
		</bndbox>
	</object>
	<object>
		<name>dish</name>
		<bndbox>
			<xmin>712</xmin>
			<ymin>264</ymin>
			<xmax>1828</xmax>
			<ymax>1329</ymax>
		</bndbox>
	</object>
	<object>
		<name>떡볶이</name>
		<bndbox>
			<xmin>958</xmin>
			<ymin>537</ymin>
			<xmax>1722</xmax>
			<ymax>986</ymax>
		</bndbox>
	</object>
</annotation>