<annotation>
	<folder>side어육류면적원형배달떡볶이q2</folder>
	<filename>side_어육류면적_원형배달_떡볶이_Q2_00033.JPG</filename>
	<path>/side어육류면적원형배달떡볶이q2/side_어육류면적_원형배달_떡볶이_Q2_00033.JPG</path>
	<source>
		<database>fooddata</database>
	</source>
	<size>
		<width>3008</width>
		<height>2000</height>
		<depth>3</depth>
	</size>
	<object>
		<name>ref_spoon</name>
		<bndbox>
			<xmin>509</xmin>
			<ymin>519</ymin>
			<xmax>847</xmax>
			<ymax>921</ymax>
		</bndbox>
	</object>
	<object>
		<name>ref_fork</name>
		<bndbox>
			<xmin>879</xmin>
			<ymin>560</ymin>
			<xmax>1106</xmax>
			<ymax>1051</ymax>
		</bndbox>
	</object>
	<object>
		<name>ref_coin</name>
		<bndbox>
			<xmin>1124</xmin>
			<ymin>1671</ymin>
			<xmax>1398</xmax>
			<ymax>1866</ymax>
		</bndbox>
	</object>
	<object>
		<name>dish</name>
		<bndbox>
			<xmin>1323</xmin>
			<ymin>472</ymin>
			<xmax>2356</xmax>
			<ymax>1472</ymax>
		</bndbox>
	</object>
	<object>
		<name>떡볶이</name>
		<bndbox>
			<xmin>1597</xmin>
			<ymin>843</ymin>
			<xmax>2235</xmax>
			<ymax>1125</ymax>
		</bndbox>
	</object>
</annotation>