<annotation>
	<folder>side어육류면적원형배달떡볶이q2</folder>
	<filename>side_어육류면적_원형배달_떡볶이_Q2_00011.JPG</filename>
	<path>/side어육류면적원형배달떡볶이q2/side_어육류면적_원형배달_떡볶이_Q2_00011.JPG</path>
	<source>
		<database>fooddata</database>
	</source>
	<size>
		<width>3008</width>
		<height>2000</height>
		<depth>3</depth>
	</size>
	<object>
		<name>ref_spoon</name>
		<bndbox>
			<xmin>1759</xmin>
			<ymin>394</ymin>
			<xmax>2106</xmax>
			<ymax>806</ymax>
		</bndbox>
	</object>
	<object>
		<name>ref_fork</name>
		<bndbox>
			<xmin>2240</xmin>
			<ymin>370</ymin>
			<xmax>2499</xmax>
			<ymax>861</ymax>
		</bndbox>
	</object>
	<object>
		<name>ref_coin</name>
		<bndbox>
			<xmin>592</xmin>
			<ymin>222</ymin>
			<xmax>837</xmax>
			<ymax>389</ymax>
		</bndbox>
	</object>
	<object>
		<name>dish</name>
		<bndbox>
			<xmin>643</xmin>
			<ymin>435</ymin>
			<xmax>1754</xmax>
			<ymax>1505</ymax>
		</bndbox>
	</object>
	<object>
		<name>떡볶이</name>
		<bndbox>
			<xmin>810</xmin>
			<ymin>819</ymin>
			<xmax>1518</xmax>
			<ymax>1157</ymax>
		</bndbox>
	</object>
</annotation>