<annotation>
	<folder>side어육류면적원형배달떡볶이q2</folder>
	<filename>side_어육류면적_원형배달_떡볶이_Q2_00009.JPG</filename>
	<path>/side어육류면적원형배달떡볶이q2/side_어육류면적_원형배달_떡볶이_Q2_00009.JPG</path>
	<source>
		<database>fooddata</database>
	</source>
	<size>
		<width>3008</width>
		<height>2000</height>
		<depth>3</depth>
	</size>
	<object>
		<name>ref_spoon</name>
		<bndbox>
			<xmin>1921</xmin>
			<ymin>347</ymin>
			<xmax>2259</xmax>
			<ymax>755</ymax>
		</bndbox>
	</object>
	<object>
		<name>ref_fork</name>
		<bndbox>
			<xmin>2402</xmin>
			<ymin>333</ymin>
			<xmax>2657</xmax>
			<ymax>801</ymax>
		</bndbox>
	</object>
	<object>
		<name>ref_coin</name>
		<bndbox>
			<xmin>212</xmin>
			<ymin>681</ymin>
			<xmax>476</xmax>
			<ymax>866</ymax>
		</bndbox>
	</object>
	<object>
		<name>dish</name>
		<bndbox>
			<xmin>698</xmin>
			<ymin>370</ymin>
			<xmax>1810</xmax>
			<ymax>1463</ymax>
		</bndbox>
	</object>
	<object>
		<name>떡볶이</name>
		<bndbox>
			<xmin>976</xmin>
			<ymin>727</ymin>
			<xmax>1601</xmax>
			<ymax>1088</ymax>
		</bndbox>
	</object>
</annotation>