<annotation>
	<folder>side어육류면적원형배달떡볶이q2</folder>
	<filename>side_어육류면적_원형배달_떡볶이_Q2_00014.JPG</filename>
	<path>/side어육류면적원형배달떡볶이q2/side_어육류면적_원형배달_떡볶이_Q2_00014.JPG</path>
	<source>
		<database>fooddata</database>
	</source>
	<size>
		<width>3008</width>
		<height>2000</height>
		<depth>3</depth>
	</size>
	<object>
		<name>ref_spoon</name>
		<bndbox>
			<xmin>1708</xmin>
			<ymin>370</ymin>
			<xmax>2041</xmax>
			<ymax>787</ymax>
		</bndbox>
	</object>
	<object>
		<name>ref_fork</name>
		<bndbox>
			<xmin>2189</xmin>
			<ymin>343</ymin>
			<xmax>2448</xmax>
			<ymax>815</ymax>
		</bndbox>
	</object>
	<object>
		<name>ref_coin</name>
		<bndbox>
			<xmin>1865</xmin>
			<ymin>194</ymin>
			<xmax>2101</xmax>
			<ymax>366</ymax>
		</bndbox>
	</object>
	<object>
		<name>dish</name>
		<bndbox>
			<xmin>351</xmin>
			<ymin>500</ymin>
			<xmax>1523</xmax>
			<ymax>1606</ymax>
		</bndbox>
	</object>
	<object>
		<name>떡볶이</name>
		<bndbox>
			<xmin>569</xmin>
			<ymin>778</ymin>
			<xmax>1384</xmax>
			<ymax>1236</ymax>
		</bndbox>
	</object>
</annotation>