<annotation>
	<folder>top어육류면적원형배달떡볶이q2</folder>
	<filename>top_어육류면적_원형배달_떡볶이_Q2_00019.JPG</filename>
	<path>/top어육류면적원형배달떡볶이q2/top_어육류면적_원형배달_떡볶이_Q2_00019.JPG</path>
	<source>
		<database>fooddata</database>
	</source>
	<size>
		<width>3008</width>
		<height>2000</height>
		<depth>3</depth>
	</size>
	<object>
		<name>ref_spoon</name>
		<bndbox>
			<xmin>441</xmin>
			<ymin>1547</ymin>
			<xmax>905</xmax>
			<ymax>1867</ymax>
		</bndbox>
	</object>
	<object>
		<name>ref_fork</name>
		<bndbox>
			<xmin>614</xmin>
			<ymin>1253</ymin>
			<xmax>1108</xmax>
			<ymax>1456</ymax>
		</bndbox>
	</object>
	<object>
		<name>ref_coin</name>
		<bndbox>
			<xmin>562</xmin>
			<ymin>401</ymin>
			<xmax>784</xmax>
			<ymax>608</ymax>
		</bndbox>
	</object>
	<object>
		<name>dish</name>
		<bndbox>
			<xmin>1112</xmin>
			<ymin>114</ymin>
			<xmax>2111</xmax>
			<ymax>1090</ymax>
		</bndbox>
	</object>
	<object>
		<name>떡볶이</name>
		<bndbox>
			<xmin>1297</xmin>
			<ymin>220</ymin>
			<xmax>1990</xmax>
			<ymax>1019</ymax>
		</bndbox>
	</object>
</annotation>