<annotation>
	<folder>top어육류면적원형배달떡볶이q2</folder>
	<filename>top_어육류면적_원형배달_떡볶이_Q2_00021.JPG</filename>
	<path>/top어육류면적원형배달떡볶이q2/top_어육류면적_원형배달_떡볶이_Q2_00021.JPG</path>
	<source>
		<database>fooddata</database>
	</source>
	<size>
		<width>3008</width>
		<height>2000</height>
		<depth>3</depth>
	</size>
	<object>
		<name>ref_spoon</name>
		<bndbox>
			<xmin>596</xmin>
			<ymin>1558</ymin>
			<xmax>1018</xmax>
			<ymax>1844</ymax>
		</bndbox>
	</object>
	<object>
		<name>ref_fork</name>
		<bndbox>
			<xmin>746</xmin>
			<ymin>1294</ymin>
			<xmax>1165</xmax>
			<ymax>1479</ymax>
		</bndbox>
	</object>
	<object>
		<name>ref_coin</name>
		<bndbox>
			<xmin>950</xmin>
			<ymin>50</ymin>
			<xmax>1138</xmax>
			<ymax>223</ymax>
		</bndbox>
	</object>
	<object>
		<name>dish</name>
		<bndbox>
			<xmin>1157</xmin>
			<ymin>314</ymin>
			<xmax>2020</xmax>
			<ymax>1181</ymax>
		</bndbox>
	</object>
	<object>
		<name>떡볶이</name>
		<bndbox>
			<xmin>1210</xmin>
			<ymin>472</ymin>
			<xmax>1926</xmax>
			<ymax>1117</ymax>
		</bndbox>
	</object>
</annotation>