<annotation>
	<folder>top어육류면적원형배달떡볶이q2</folder>
	<filename>top_어육류면적_원형배달_떡볶이_Q2_00052.JPG</filename>
	<path>/top어육류면적원형배달떡볶이q2/top_어육류면적_원형배달_떡볶이_Q2_00052.JPG</path>
	<source>
		<database>fooddata</database>
	</source>
	<size>
		<width>3008</width>
		<height>2000</height>
		<depth>3</depth>
	</size>
	<object>
		<name>ref_spoon</name>
		<bndbox>
			<xmin>584</xmin>
			<ymin>65</ymin>
			<xmax>890</xmax>
			<ymax>536</ymax>
		</bndbox>
	</object>
	<object>
		<name>ref_fork</name>
		<bndbox>
			<xmin>980</xmin>
			<ymin>141</ymin>
			<xmax>1206</xmax>
			<ymax>668</ymax>
		</bndbox>
	</object>
	<object>
		<name>ref_coin</name>
		<bndbox>
			<xmin>1146</xmin>
			<ymin>1686</ymin>
			<xmax>1387</xmax>
			<ymax>1920</ymax>
		</bndbox>
	</object>
	<object>
		<name>dish</name>
		<bndbox>
			<xmin>1436</xmin>
			<ymin>457</ymin>
			<xmax>2473</xmax>
			<ymax>1471</ymax>
		</bndbox>
	</object>
	<object>
		<name>떡볶이</name>
		<bndbox>
			<xmin>1530</xmin>
			<ymin>616</ymin>
			<xmax>2333</xmax>
			<ymax>1324</ymax>
		</bndbox>
	</object>
</annotation>