<annotation>
	<folder>top어육류면적원형배달떡볶이q2</folder>
	<filename>top_어육류면적_원형배달_떡볶이_Q2_00023.JPG</filename>
	<path>/top어육류면적원형배달떡볶이q2/top_어육류면적_원형배달_떡볶이_Q2_00023.JPG</path>
	<source>
		<database>fooddata</database>
	</source>
	<size>
		<width>3008</width>
		<height>2000</height>
		<depth>3</depth>
	</size>
	<object>
		<name>ref_spoon</name>
		<bndbox>
			<xmin>603</xmin>
			<ymin>1599</ymin>
			<xmax>1025</xmax>
			<ymax>1882</ymax>
		</bndbox>
	</object>
	<object>
		<name>ref_fork</name>
		<bndbox>
			<xmin>739</xmin>
			<ymin>1320</ymin>
			<xmax>1187</xmax>
			<ymax>1513</ymax>
		</bndbox>
	</object>
	<object>
		<name>ref_coin</name>
		<bndbox>
			<xmin>1557</xmin>
			<ymin>69</ymin>
			<xmax>1757</xmax>
			<ymax>261</ymax>
		</bndbox>
	</object>
	<object>
		<name>dish</name>
		<bndbox>
			<xmin>1059</xmin>
			<ymin>423</ymin>
			<xmax>1986</xmax>
			<ymax>1332</ymax>
		</bndbox>
	</object>
	<object>
		<name>떡볶이</name>
		<bndbox>
			<xmin>1150</xmin>
			<ymin>529</ymin>
			<xmax>1753</xmax>
			<ymax>1237</ymax>
		</bndbox>
	</object>
</annotation>