<annotation>
	<folder>top어육류면적원형배달떡볶이q2</folder>
	<filename>top_어육류면적_원형배달_떡볶이_Q2_00015.JPG</filename>
	<path>/top어육류면적원형배달떡볶이q2/top_어육류면적_원형배달_떡볶이_Q2_00015.JPG</path>
	<source>
		<database>fooddata</database>
	</source>
	<size>
		<width>3008</width>
		<height>2000</height>
		<depth>3</depth>
	</size>
	<object>
		<name>ref_spoon</name>
		<bndbox>
			<xmin>1964</xmin>
			<ymin>186</ymin>
			<xmax>2341</xmax>
			<ymax>717</ymax>
		</bndbox>
	</object>
	<object>
		<name>ref_fork</name>
		<bndbox>
			<xmin>2348</xmin>
			<ymin>322</ymin>
			<xmax>2639</xmax>
			<ymax>913</ymax>
		</bndbox>
	</object>
	<object>
		<name>ref_coin</name>
		<bndbox>
			<xmin>1466</xmin>
			<ymin>1550</ymin>
			<xmax>1734</xmax>
			<ymax>1829</ymax>
		</bndbox>
	</object>
	<object>
		<name>dish</name>
		<bndbox>
			<xmin>286</xmin>
			<ymin>386</ymin>
			<xmax>1542</xmax>
			<ymax>1675</ymax>
		</bndbox>
	</object>
	<object>
		<name>떡볶이</name>
		<bndbox>
			<xmin>607</xmin>
			<ymin>589</ymin>
			<xmax>1463</xmax>
			<ymax>1547</ymax>
		</bndbox>
	</object>
</annotation>