<annotation>
	<folder>side육류부피사각배달순대볶음q4</folder>
	<filename>side_육류부피_사각배달_순대볶음_Q4_00030.JPG</filename>
	<path>/side육류부피사각배달순대볶음q4/side_육류부피_사각배달_순대볶음_Q4_00030.JPG</path>
	<source>
		<database>fooddata</database>
	</source>
	<size>
		<width>3008</width>
		<height>2000</height>
		<depth>3</depth>
	</size>
	<object>
		<name>ref_spoon</name>
		<bndbox>
			<xmin>752</xmin>
			<ymin>1572</ymin>
			<xmax>1199</xmax>
			<ymax>1791</ymax>
		</bndbox>
	</object>
	<object>
		<name>ref_fork</name>
		<bndbox>
			<xmin>787</xmin>
			<ymin>1334</ymin>
			<xmax>1278</xmax>
			<ymax>1533</ymax>
		</bndbox>
	</object>
	<object>
		<name>ref_coin</name>
		<bndbox>
			<xmin>342</xmin>
			<ymin>771</ymin>
			<xmax>538</xmax>
			<ymax>912</ymax>
		</bndbox>
	</object>
	<object>
		<name>dish</name>
		<bndbox>
			<xmin>959</xmin>
			<ymin>84</ymin>
			<xmax>2022</xmax>
			<ymax>1162</ymax>
		</bndbox>
	</object>
	<object>
		<name>순대볶음</name>
		<bndbox>
			<xmin>1072</xmin>
			<ymin>251</ymin>
			<xmax>1936</xmax>
			<ymax>882</ymax>
		</bndbox>
	</object>
</annotation>