<annotation>
	<folder>side육류부피사각배달순대볶음q4</folder>
	<filename>side_육류부피_사각배달_순대볶음_Q4_00044.JPG</filename>
	<path>/side육류부피사각배달순대볶음q4/side_육류부피_사각배달_순대볶음_Q4_00044.JPG</path>
	<source>
		<database>fooddata</database>
	</source>
	<size>
		<width>3008</width>
		<height>2000</height>
		<depth>3</depth>
	</size>
	<object>
		<name>ref_spoon</name>
		<bndbox>
			<xmin>219</xmin>
			<ymin>803</ymin>
			<xmax>489</xmax>
			<ymax>1155</ymax>
		</bndbox>
	</object>
	<object>
		<name>ref_fork</name>
		<bndbox>
			<xmin>619</xmin>
			<ymin>767</ymin>
			<xmax>811</xmax>
			<ymax>1194</ymax>
		</bndbox>
	</object>
	<object>
		<name>ref_coin</name>
		<bndbox>
			<xmin>1936</xmin>
			<ymin>302</ymin>
			<xmax>2121</xmax>
			<ymax>415</ymax>
		</bndbox>
	</object>
	<object>
		<name>dish</name>
		<bndbox>
			<xmin>1074</xmin>
			<ymin>447</ymin>
			<xmax>2420</xmax>
			<ymax>1627</ymax>
		</bndbox>
	</object>
	<object>
		<name>순대볶음</name>
		<bndbox>
			<xmin>1268</xmin>
			<ymin>636</ymin>
			<xmax>2271</xmax>
			<ymax>1346</ymax>
		</bndbox>
	</object>
</annotation>