<annotation>
	<folder>side육류부피사각배달순대볶음q4</folder>
	<filename>side_육류부피_사각배달_순대볶음_Q4_00024.JPG</filename>
	<path>/side육류부피사각배달순대볶음q4/side_육류부피_사각배달_순대볶음_Q4_00024.JPG</path>
	<source>
		<database>fooddata</database>
	</source>
	<size>
		<width>3008</width>
		<height>2000</height>
		<depth>3</depth>
	</size>
	<object>
		<name>ref_spoon</name>
		<bndbox>
			<xmin>784</xmin>
			<ymin>1634</ymin>
			<xmax>1266</xmax>
			<ymax>1865</ymax>
		</bndbox>
	</object>
	<object>
		<name>ref_fork</name>
		<bndbox>
			<xmin>836</xmin>
			<ymin>1393</ymin>
			<xmax>1332</xmax>
			<ymax>1597</ymax>
		</bndbox>
	</object>
	<object>
		<name>ref_coin</name>
		<bndbox>
			<xmin>2339</xmin>
			<ymin>703</ymin>
			<xmax>2524</xmax>
			<ymax>830</ymax>
		</bndbox>
	</object>
	<object>
		<name>dish</name>
		<bndbox>
			<xmin>998</xmin>
			<ymin>123</ymin>
			<xmax>2145</xmax>
			<ymax>1221</ymax>
		</bndbox>
	</object>
	<object>
		<name>순대볶음</name>
		<bndbox>
			<xmin>1123</xmin>
			<ymin>270</ymin>
			<xmax>2020</xmax>
			<ymax>953</ymax>
		</bndbox>
	</object>
</annotation>