<annotation>
	<folder>side육류부피사각배달순대볶음q4</folder>
	<filename>side_육류부피_사각배달_순대볶음_Q4_00002.JPG</filename>
	<path>/side육류부피사각배달순대볶음q4/side_육류부피_사각배달_순대볶음_Q4_00002.JPG</path>
	<source>
		<database>fooddata</database>
	</source>
	<size>
		<width>3008</width>
		<height>2000</height>
		<depth>3</depth>
	</size>
	<object>
		<name>ref_spoon</name>
		<bndbox>
			<xmin>1947</xmin>
			<ymin>316</ymin>
			<xmax>2216</xmax>
			<ymax>691</ymax>
		</bndbox>
	</object>
	<object>
		<name>ref_fork</name>
		<bndbox>
			<xmin>2358</xmin>
			<ymin>319</ymin>
			<xmax>2558</xmax>
			<ymax>723</ymax>
		</bndbox>
	</object>
	<object>
		<name>ref_coin</name>
		<bndbox>
			<xmin>1562</xmin>
			<ymin>1606</ymin>
			<xmax>1792</xmax>
			<ymax>1771</ymax>
		</bndbox>
	</object>
	<object>
		<name>dish</name>
		<bndbox>
			<xmin>456</xmin>
			<ymin>225</ymin>
			<xmax>1853</xmax>
			<ymax>1503</ymax>
		</bndbox>
	</object>
	<object>
		<name>순대볶음</name>
		<bndbox>
			<xmin>634</xmin>
			<ymin>510</ymin>
			<xmax>1688</xmax>
			<ymax>1199</ymax>
		</bndbox>
	</object>
</annotation>