<annotation>
	<folder>side육류부피사각배달순대볶음q4</folder>
	<filename>side_육류부피_사각배달_순대볶음_Q4_00039.JPG</filename>
	<path>/side육류부피사각배달순대볶음q4/side_육류부피_사각배달_순대볶음_Q4_00039.JPG</path>
	<source>
		<database>fooddata</database>
	</source>
	<size>
		<width>3008</width>
		<height>2000</height>
		<depth>3</depth>
	</size>
	<object>
		<name>ref_spoon</name>
		<bndbox>
			<xmin>293</xmin>
			<ymin>602</ymin>
			<xmax>561</xmax>
			<ymax>978</ymax>
		</bndbox>
	</object>
	<object>
		<name>ref_fork</name>
		<bndbox>
			<xmin>691</xmin>
			<ymin>585</ymin>
			<xmax>873</xmax>
			<ymax>993</ymax>
		</bndbox>
	</object>
	<object>
		<name>ref_coin</name>
		<bndbox>
			<xmin>2096</xmin>
			<ymin>1577</ymin>
			<xmax>2315</xmax>
			<ymax>1727</ymax>
		</bndbox>
	</object>
	<object>
		<name>dish</name>
		<bndbox>
			<xmin>1145</xmin>
			<ymin>273</ymin>
			<xmax>2258</xmax>
			<ymax>1371</ymax>
		</bndbox>
	</object>
	<object>
		<name>순대볶음</name>
		<bndbox>
			<xmin>1248</xmin>
			<ymin>489</ymin>
			<xmax>2128</xmax>
			<ymax>1118</ymax>
		</bndbox>
	</object>
</annotation>