<annotation>
	<folder>top육류부피사각배달순대볶음q4</folder>
	<filename>top_육류부피_사각배달_순대볶음_Q4_00016.JPG</filename>
	<path>/top육류부피사각배달순대볶음q4/top_육류부피_사각배달_순대볶음_Q4_00016.JPG</path>
	<source>
		<database>fooddata</database>
	</source>
	<size>
		<width>3008</width>
		<height>2000</height>
		<depth>3</depth>
	</size>
	<object>
		<name>ref_spoon</name>
		<bndbox>
			<xmin>2201</xmin>
			<ymin>193</ymin>
			<xmax>2445</xmax>
			<ymax>583</ymax>
		</bndbox>
	</object>
	<object>
		<name>ref_fork</name>
		<bndbox>
			<xmin>2507</xmin>
			<ymin>210</ymin>
			<xmax>2675</xmax>
			<ymax>627</ymax>
		</bndbox>
	</object>
	<object>
		<name>ref_coin</name>
		<bndbox>
			<xmin>555</xmin>
			<ymin>916</ymin>
			<xmax>754</xmax>
			<ymax>1115</ymax>
		</bndbox>
	</object>
	<object>
		<name>dish</name>
		<bndbox>
			<xmin>967</xmin>
			<ymin>370</ymin>
			<xmax>2067</xmax>
			<ymax>1861</ymax>
		</bndbox>
	</object>
	<object>
		<name>순대볶음</name>
		<bndbox>
			<xmin>1083</xmin>
			<ymin>485</ymin>
			<xmax>1899</xmax>
			<ymax>1723</ymax>
		</bndbox>
	</object>
</annotation>