<annotation>
	<folder>top육류부피사각배달순대볶음q4</folder>
	<filename>top_육류부피_사각배달_순대볶음_Q4_00003.JPG</filename>
	<path>/top육류부피사각배달순대볶음q4/top_육류부피_사각배달_순대볶음_Q4_00003.JPG</path>
	<source>
		<database>fooddata</database>
	</source>
	<size>
		<width>3008</width>
		<height>2000</height>
		<depth>3</depth>
	</size>
	<object>
		<name>ref_spoon</name>
		<bndbox>
			<xmin>2165</xmin>
			<ymin>374</ymin>
			<xmax>2409</xmax>
			<ymax>756</ymax>
		</bndbox>
	</object>
	<object>
		<name>ref_fork</name>
		<bndbox>
			<xmin>2480</xmin>
			<ymin>379</ymin>
			<xmax>2653</xmax>
			<ymax>800</ymax>
		</bndbox>
	</object>
	<object>
		<name>ref_coin</name>
		<bndbox>
			<xmin>874</xmin>
			<ymin>1710</ymin>
			<xmax>1074</xmax>
			<ymax>1914</ymax>
		</bndbox>
	</object>
	<object>
		<name>dish</name>
		<bndbox>
			<xmin>639</xmin>
			<ymin>268</ymin>
			<xmax>2090</xmax>
			<ymax>1821</ymax>
		</bndbox>
	</object>
	<object>
		<name>순대볶음</name>
		<bndbox>
			<xmin>852</xmin>
			<ymin>432</ymin>
			<xmax>1894</xmax>
			<ymax>1705</ymax>
		</bndbox>
	</object>
</annotation>