<annotation>
	<folder>top육류부피사각배달순대볶음q4</folder>
	<filename>top_육류부피_사각배달_순대볶음_Q4_00026.JPG</filename>
	<path>/top육류부피사각배달순대볶음q4/top_육류부피_사각배달_순대볶음_Q4_00026.JPG</path>
	<source>
		<database>fooddata</database>
	</source>
	<size>
		<width>3008</width>
		<height>2000</height>
		<depth>3</depth>
	</size>
	<object>
		<name>ref_spoon</name>
		<bndbox>
			<xmin>1025</xmin>
			<ymin>1705</ymin>
			<xmax>1375</xmax>
			<ymax>1945</ymax>
		</bndbox>
	</object>
	<object>
		<name>ref_fork</name>
		<bndbox>
			<xmin>1105</xmin>
			<ymin>1466</ymin>
			<xmax>1486</xmax>
			<ymax>1612</ymax>
		</bndbox>
	</object>
	<object>
		<name>ref_coin</name>
		<bndbox>
			<xmin>1859</xmin>
			<ymin>77</ymin>
			<xmax>2005</xmax>
			<ymax>215</ymax>
		</bndbox>
	</object>
	<object>
		<name>dish</name>
		<bndbox>
			<xmin>1158</xmin>
			<ymin>272</ymin>
			<xmax>2445</xmax>
			<ymax>1328</ymax>
		</bndbox>
	</object>
	<object>
		<name>순대볶음</name>
		<bndbox>
			<xmin>1273</xmin>
			<ymin>401</ymin>
			<xmax>2258</xmax>
			<ymax>1244</ymax>
		</bndbox>
	</object>
</annotation>