<annotation>
	<folder>top육류부피사각배달순대볶음q4</folder>
	<filename>top_육류부피_사각배달_순대볶음_Q4_00022.JPG</filename>
	<path>/top육류부피사각배달순대볶음q4/top_육류부피_사각배달_순대볶음_Q4_00022.JPG</path>
	<source>
		<database>fooddata</database>
	</source>
	<size>
		<width>3008</width>
		<height>2000</height>
		<depth>3</depth>
	</size>
	<object>
		<name>ref_spoon</name>
		<bndbox>
			<xmin>1016</xmin>
			<ymin>1665</ymin>
			<xmax>1375</xmax>
			<ymax>1909</ymax>
		</bndbox>
	</object>
	<object>
		<name>ref_fork</name>
		<bndbox>
			<xmin>1105</xmin>
			<ymin>1426</ymin>
			<xmax>1473</xmax>
			<ymax>1572</ymax>
		</bndbox>
	</object>
	<object>
		<name>ref_coin</name>
		<bndbox>
			<xmin>2316</xmin>
			<ymin>672</ymin>
			<xmax>2467</xmax>
			<ymax>814</ymax>
		</bndbox>
	</object>
	<object>
		<name>dish</name>
		<bndbox>
			<xmin>1384</xmin>
			<ymin>117</ymin>
			<xmax>2267</xmax>
			<ymax>1315</ymax>
		</bndbox>
	</object>
	<object>
		<name>순대볶음</name>
		<bndbox>
			<xmin>1477</xmin>
			<ymin>272</ymin>
			<xmax>2147</xmax>
			<ymax>1244</ymax>
		</bndbox>
	</object>
</annotation>