<annotation>
	<folder>top육류부피사각배달순대볶음q4</folder>
	<filename>top_육류부피_사각배달_순대볶음_Q4_00024.JPG</filename>
	<path>/top육류부피사각배달순대볶음q4/top_육류부피_사각배달_순대볶음_Q4_00024.JPG</path>
	<source>
		<database>fooddata</database>
	</source>
	<size>
		<width>3008</width>
		<height>2000</height>
		<depth>3</depth>
	</size>
	<object>
		<name>ref_spoon</name>
		<bndbox>
			<xmin>972</xmin>
			<ymin>1621</ymin>
			<xmax>1335</xmax>
			<ymax>1870</ymax>
		</bndbox>
	</object>
	<object>
		<name>ref_fork</name>
		<bndbox>
			<xmin>1060</xmin>
			<ymin>1368</ymin>
			<xmax>1437</xmax>
			<ymax>1524</ymax>
		</bndbox>
	</object>
	<object>
		<name>ref_coin</name>
		<bndbox>
			<xmin>2436</xmin>
			<ymin>352</ymin>
			<xmax>2591</xmax>
			<ymax>499</ymax>
		</bndbox>
	</object>
	<object>
		<name>dish</name>
		<bndbox>
			<xmin>1091</xmin>
			<ymin>122</ymin>
			<xmax>2449</xmax>
			<ymax>1155</ymax>
		</bndbox>
	</object>
	<object>
		<name>순대볶음</name>
		<bndbox>
			<xmin>1193</xmin>
			<ymin>250</ymin>
			<xmax>2303</xmax>
			<ymax>1049</ymax>
		</bndbox>
	</object>
</annotation>