<annotation>
	<folder>top육류부피사각배달순대볶음q4</folder>
	<filename>top_육류부피_사각배달_순대볶음_Q4_00034.JPG</filename>
	<path>/top육류부피사각배달순대볶음q4/top_육류부피_사각배달_순대볶음_Q4_00034.JPG</path>
	<source>
		<database>fooddata</database>
	</source>
	<size>
		<width>3008</width>
		<height>2000</height>
		<depth>3</depth>
	</size>
	<object>
		<name>ref_spoon</name>
		<bndbox>
			<xmin>617</xmin>
			<ymin>312</ymin>
			<xmax>870</xmax>
			<ymax>685</ymax>
		</bndbox>
	</object>
	<object>
		<name>ref_fork</name>
		<bndbox>
			<xmin>1003</xmin>
			<ymin>308</ymin>
			<xmax>1167</xmax>
			<ymax>734</ymax>
		</bndbox>
	</object>
	<object>
		<name>ref_coin</name>
		<bndbox>
			<xmin>1318</xmin>
			<ymin>1501</ymin>
			<xmax>1504</xmax>
			<ymax>1679</ymax>
		</bndbox>
	</object>
	<object>
		<name>dish</name>
		<bndbox>
			<xmin>1371</xmin>
			<ymin>122</ymin>
			<xmax>2413</xmax>
			<ymax>1484</ymax>
		</bndbox>
	</object>
	<object>
		<name>순대볶음</name>
		<bndbox>
			<xmin>1455</xmin>
			<ymin>277</ymin>
			<xmax>2263</xmax>
			<ymax>1404</ymax>
		</bndbox>
	</object>
</annotation>