<annotation>
	<folder>top육류부피사각배달순대볶음q4</folder>
	<filename>top_육류부피_사각배달_순대볶음_Q4_00040.JPG</filename>
	<path>/top육류부피사각배달순대볶음q4/top_육류부피_사각배달_순대볶음_Q4_00040.JPG</path>
	<source>
		<database>fooddata</database>
	</source>
	<size>
		<width>3008</width>
		<height>2000</height>
		<depth>3</depth>
	</size>
	<object>
		<name>ref_spoon</name>
		<bndbox>
			<xmin>399</xmin>
			<ymin>508</ymin>
			<xmax>665</xmax>
			<ymax>885</ymax>
		</bndbox>
	</object>
	<object>
		<name>ref_fork</name>
		<bndbox>
			<xmin>803</xmin>
			<ymin>512</ymin>
			<xmax>980</xmax>
			<ymax>933</ymax>
		</bndbox>
	</object>
	<object>
		<name>ref_coin</name>
		<bndbox>
			<xmin>2347</xmin>
			<ymin>1590</ymin>
			<xmax>2533</xmax>
			<ymax>1776</ymax>
		</bndbox>
	</object>
	<object>
		<name>dish</name>
		<bndbox>
			<xmin>1176</xmin>
			<ymin>299</ymin>
			<xmax>2658</xmax>
			<ymax>1546</ymax>
		</bndbox>
	</object>
	<object>
		<name>순대볶음</name>
		<bndbox>
			<xmin>1264</xmin>
			<ymin>428</ymin>
			<xmax>2445</xmax>
			<ymax>1448</ymax>
		</bndbox>
	</object>
</annotation>