<annotation>
	<folder>top육류부피사각배달순대볶음q4</folder>
	<filename>top_육류부피_사각배달_순대볶음_Q4_00042.JPG</filename>
	<path>/top육류부피사각배달순대볶음q4/top_육류부피_사각배달_순대볶음_Q4_00042.JPG</path>
	<source>
		<database>fooddata</database>
	</source>
	<size>
		<width>3008</width>
		<height>2000</height>
		<depth>3</depth>
	</size>
	<object>
		<name>ref_spoon</name>
		<bndbox>
			<xmin>275</xmin>
			<ymin>485</ymin>
			<xmax>581</xmax>
			<ymax>920</ymax>
		</bndbox>
	</object>
	<object>
		<name>ref_fork</name>
		<bndbox>
			<xmin>741</xmin>
			<ymin>503</ymin>
			<xmax>932</xmax>
			<ymax>1000</ymax>
		</bndbox>
	</object>
	<object>
		<name>ref_coin</name>
		<bndbox>
			<xmin>2693</xmin>
			<ymin>1253</ymin>
			<xmax>2897</xmax>
			<ymax>1461</ymax>
		</bndbox>
	</object>
	<object>
		<name>dish</name>
		<bndbox>
			<xmin>1331</xmin>
			<ymin>277</ymin>
			<xmax>2551</xmax>
			<ymax>1914</ymax>
		</bndbox>
	</object>
	<object>
		<name>순대볶음</name>
		<bndbox>
			<xmin>1429</xmin>
			<ymin>401</ymin>
			<xmax>2334</xmax>
			<ymax>1776</ymax>
		</bndbox>
	</object>
</annotation>