<annotation>
	<folder>side오므라이스사각배달오므라이스q1</folder>
	<filename>side_오므라이스_사각배달_오므라이스_Q1_00022.JPG</filename>
	<path>/side오므라이스사각배달오므라이스q1/side_오므라이스_사각배달_오므라이스_Q1_00022.JPG</path>
	<source>
		<database>fooddata</database>
	</source>
	<size>
		<width>3008</width>
		<height>2000</height>
		<depth>3</depth>
	</size>
	<object>
		<name>ref_spoon</name>
		<bndbox>
			<xmin>626</xmin>
			<ymin>1546</ymin>
			<xmax>1077</xmax>
			<ymax>1758</ymax>
		</bndbox>
	</object>
	<object>
		<name>ref_fork</name>
		<bndbox>
			<xmin>725</xmin>
			<ymin>1295</ymin>
			<xmax>1192</xmax>
			<ymax>1492</ymax>
		</bndbox>
	</object>
	<object>
		<name>ref_coin</name>
		<bndbox>
			<xmin>1101</xmin>
			<ymin>1814</ymin>
			<xmax>1326</xmax>
			<ymax>1988</ymax>
		</bndbox>
	</object>
	<object>
		<name>dish</name>
		<bndbox>
			<xmin>781</xmin>
			<ymin>301</ymin>
			<xmax>2262</xmax>
			<ymax>1271</ymax>
		</bndbox>
	</object>
	<object>
		<name>오므라이스</name>
		<bndbox>
			<xmin>1470</xmin>
			<ymin>745</ymin>
			<xmax>2081</xmax>
			<ymax>964</ymax>
		</bndbox>
	</object>
</annotation>