<annotation>
	<folder>side오므라이스사각배달오므라이스q1</folder>
	<filename>side_오므라이스_사각배달_오므라이스_Q1_00005.JPG</filename>
	<path>/side오므라이스사각배달오므라이스q1/side_오므라이스_사각배달_오므라이스_Q1_00005.JPG</path>
	<source>
		<database>fooddata</database>
	</source>
	<size>
		<width>3008</width>
		<height>2000</height>
		<depth>3</depth>
	</size>
	<object>
		<name>ref_spoon</name>
		<bndbox>
			<xmin>1923</xmin>
			<ymin>552</ymin>
			<xmax>2177</xmax>
			<ymax>870</ymax>
		</bndbox>
	</object>
	<object>
		<name>ref_fork</name>
		<bndbox>
			<xmin>2277</xmin>
			<ymin>543</ymin>
			<xmax>2454</xmax>
			<ymax>902</ymax>
		</bndbox>
	</object>
	<object>
		<name>ref_coin</name>
		<bndbox>
			<xmin>436</xmin>
			<ymin>1606</ymin>
			<xmax>647</xmax>
			<ymax>1758</ymax>
		</bndbox>
	</object>
	<object>
		<name>dish</name>
		<bndbox>
			<xmin>364</xmin>
			<ymin>448</ymin>
			<xmax>1875</xmax>
			<ymax>1480</ymax>
		</bndbox>
	</object>
	<object>
		<name>오므라이스</name>
		<bndbox>
			<xmin>714</xmin>
			<ymin>923</ymin>
			<xmax>1282</xmax>
			<ymax>1229</ymax>
		</bndbox>
	</object>
</annotation>