<annotation>
	<folder>side오므라이스사각배달오므라이스q1</folder>
	<filename>side_오므라이스_사각배달_오므라이스_Q1_00032.JPG</filename>
	<path>/side오므라이스사각배달오므라이스q1/side_오므라이스_사각배달_오므라이스_Q1_00032.JPG</path>
	<source>
		<database>fooddata</database>
	</source>
	<size>
		<width>3008</width>
		<height>2000</height>
		<depth>3</depth>
	</size>
	<object>
		<name>ref_spoon</name>
		<bndbox>
			<xmin>610</xmin>
			<ymin>1671</ymin>
			<xmax>1068</xmax>
			<ymax>1901</ymax>
		</bndbox>
	</object>
	<object>
		<name>ref_fork</name>
		<bndbox>
			<xmin>720</xmin>
			<ymin>1408</ymin>
			<xmax>1214</xmax>
			<ymax>1626</ymax>
		</bndbox>
	</object>
	<object>
		<name>ref_coin</name>
		<bndbox>
			<xmin>2276</xmin>
			<ymin>1424</ymin>
			<xmax>2487</xmax>
			<ymax>1579</ymax>
		</bndbox>
	</object>
	<object>
		<name>dish</name>
		<bndbox>
			<xmin>802</xmin>
			<ymin>165</ymin>
			<xmax>1834</xmax>
			<ymax>1229</ymax>
		</bndbox>
	</object>
	<object>
		<name>오므라이스</name>
		<bndbox>
			<xmin>948</xmin>
			<ymin>620</ymin>
			<xmax>1505</xmax>
			<ymax>963</ymax>
		</bndbox>
	</object>
</annotation>