<annotation>
	<folder>top오므라이스사각배달오므라이스q1</folder>
	<filename>top_오므라이스_사각배달_오므라이스_Q1_00049.JPG</filename>
	<path>/top오므라이스사각배달오므라이스q1/top_오므라이스_사각배달_오므라이스_Q1_00049.JPG</path>
	<source>
		<database>fooddata</database>
	</source>
	<size>
		<width>3008</width>
		<height>2000</height>
		<depth>3</depth>
	</size>
	<object>
		<name>ref_spoon</name>
		<bndbox>
			<xmin>559</xmin>
			<ymin>73</ymin>
			<xmax>843</xmax>
			<ymax>479</ymax>
		</bndbox>
	</object>
	<object>
		<name>ref_fork</name>
		<bndbox>
			<xmin>904</xmin>
			<ymin>144</ymin>
			<xmax>1098</xmax>
			<ymax>611</ymax>
		</bndbox>
	</object>
	<object>
		<name>ref_coin</name>
		<bndbox>
			<xmin>960</xmin>
			<ymin>1521</ymin>
			<xmax>1148</xmax>
			<ymax>1729</ymax>
		</bndbox>
	</object>
	<object>
		<name>dish</name>
		<bndbox>
			<xmin>1291</xmin>
			<ymin>560</ymin>
			<xmax>2774</xmax>
			<ymax>1653</ymax>
		</bndbox>
	</object>
	<object>
		<name>오므라이스</name>
		<bndbox>
			<xmin>1418</xmin>
			<ymin>743</ymin>
			<xmax>2398</xmax>
			<ymax>1506</ymax>
		</bndbox>
	</object>
</annotation>