<annotation>
	<folder>top오므라이스사각배달오므라이스q1</folder>
	<filename>top_오므라이스_사각배달_오므라이스_Q1_00006.JPG</filename>
	<path>/top오므라이스사각배달오므라이스q1/top_오므라이스_사각배달_오므라이스_Q1_00006.JPG</path>
	<source>
		<database>fooddata</database>
	</source>
	<size>
		<width>3008</width>
		<height>2000</height>
		<depth>3</depth>
	</size>
	<object>
		<name>ref_spoon</name>
		<bndbox>
			<xmin>2022</xmin>
			<ymin>276</ymin>
			<xmax>2286</xmax>
			<ymax>677</ymax>
		</bndbox>
	</object>
	<object>
		<name>ref_fork</name>
		<bndbox>
			<xmin>2408</xmin>
			<ymin>357</ymin>
			<xmax>2622</xmax>
			<ymax>789</ymax>
		</bndbox>
	</object>
	<object>
		<name>ref_coin</name>
		<bndbox>
			<xmin>376</xmin>
			<ymin>723</ymin>
			<xmax>584</xmax>
			<ymax>911</ymax>
		</bndbox>
	</object>
	<object>
		<name>dish</name>
		<bndbox>
			<xmin>447</xmin>
			<ymin>362</ymin>
			<xmax>1880</xmax>
			<ymax>1871</ymax>
		</bndbox>
	</object>
	<object>
		<name>오므라이스</name>
		<bndbox>
			<xmin>1006</xmin>
			<ymin>652</ymin>
			<xmax>1601</xmax>
			<ymax>1465</ymax>
		</bndbox>
	</object>
</annotation>