<annotation>
	<folder>top오므라이스사각배달오므라이스q1</folder>
	<filename>top_오므라이스_사각배달_오므라이스_Q1_00028.JPG</filename>
	<path>/top오므라이스사각배달오므라이스q1/top_오므라이스_사각배달_오므라이스_Q1_00028.JPG</path>
	<source>
		<database>fooddata</database>
	</source>
	<size>
		<width>3008</width>
		<height>2000</height>
		<depth>3</depth>
	</size>
	<object>
		<name>ref_spoon</name>
		<bndbox>
			<xmin>742</xmin>
			<ymin>1546</ymin>
			<xmax>1103</xmax>
			<ymax>1795</ymax>
		</bndbox>
	</object>
	<object>
		<name>ref_fork</name>
		<bndbox>
			<xmin>813</xmin>
			<ymin>1302</ymin>
			<xmax>1184</xmax>
			<ymax>1485</ymax>
		</bndbox>
	</object>
	<object>
		<name>ref_coin</name>
		<bndbox>
			<xmin>1118</xmin>
			<ymin>1795</ymin>
			<xmax>1306</xmax>
			<ymax>1963</ymax>
		</bndbox>
	</object>
	<object>
		<name>dish</name>
		<bndbox>
			<xmin>1021</xmin>
			<ymin>103</ymin>
			<xmax>1971</xmax>
			<ymax>1287</ymax>
		</bndbox>
	</object>
	<object>
		<name>오므라이스</name>
		<bndbox>
			<xmin>1164</xmin>
			<ymin>494</ymin>
			<xmax>1636</xmax>
			<ymax>1064</ymax>
		</bndbox>
	</object>
</annotation>