<annotation>
	<folder>top오므라이스사각배달오므라이스q1</folder>
	<filename>top_오므라이스_사각배달_오므라이스_Q1_00021.JPG</filename>
	<path>/top오므라이스사각배달오므라이스q1/top_오므라이스_사각배달_오므라이스_Q1_00021.JPG</path>
	<source>
		<database>fooddata</database>
	</source>
	<size>
		<width>3008</width>
		<height>2000</height>
		<depth>3</depth>
	</size>
	<object>
		<name>ref_spoon</name>
		<bndbox>
			<xmin>742</xmin>
			<ymin>1597</ymin>
			<xmax>1118</xmax>
			<ymax>1831</ymax>
		</bndbox>
	</object>
	<object>
		<name>ref_fork</name>
		<bndbox>
			<xmin>782</xmin>
			<ymin>1333</ymin>
			<xmax>1179</xmax>
			<ymax>1506</ymax>
		</bndbox>
	</object>
	<object>
		<name>ref_coin</name>
		<bndbox>
			<xmin>1961</xmin>
			<ymin>713</ymin>
			<xmax>2114</xmax>
			<ymax>865</ymax>
		</bndbox>
	</object>
	<object>
		<name>dish</name>
		<bndbox>
			<xmin>915</xmin>
			<ymin>184</ymin>
			<xmax>1768</xmax>
			<ymax>1353</ymax>
		</bndbox>
	</object>
	<object>
		<name>오므라이스</name>
		<bndbox>
			<xmin>1199</xmin>
			<ymin>479</ymin>
			<xmax>1687</xmax>
			<ymax>1048</ymax>
		</bndbox>
	</object>
</annotation>