<annotation>
	<folder>top오므라이스사각배달오므라이스q1</folder>
	<filename>top_오므라이스_사각배달_오므라이스_Q1_00014.JPG</filename>
	<path>/top오므라이스사각배달오므라이스q1/top_오므라이스_사각배달_오므라이스_Q1_00014.JPG</path>
	<source>
		<database>fooddata</database>
	</source>
	<size>
		<width>3008</width>
		<height>2000</height>
		<depth>3</depth>
	</size>
	<object>
		<name>ref_spoon</name>
		<bndbox>
			<xmin>1905</xmin>
			<ymin>200</ymin>
			<xmax>2159</xmax>
			<ymax>576</ymax>
		</bndbox>
	</object>
	<object>
		<name>ref_fork</name>
		<bndbox>
			<xmin>2241</xmin>
			<ymin>276</ymin>
			<xmax>2469</xmax>
			<ymax>688</ymax>
		</bndbox>
	</object>
	<object>
		<name>ref_coin</name>
		<bndbox>
			<xmin>1545</xmin>
			<ymin>1460</ymin>
			<xmax>1717</xmax>
			<ymax>1633</ymax>
		</bndbox>
	</object>
	<object>
		<name>dish</name>
		<bndbox>
			<xmin>366</xmin>
			<ymin>317</ymin>
			<xmax>1667</xmax>
			<ymax>1282</ymax>
		</bndbox>
	</object>
	<object>
		<name>오므라이스</name>
		<bndbox>
			<xmin>594</xmin>
			<ymin>489</ymin>
			<xmax>1280</xmax>
			<ymax>1058</ymax>
		</bndbox>
	</object>
</annotation>