<annotation>
	<folder>top오므라이스사각배달오므라이스q1</folder>
	<filename>top_오므라이스_사각배달_오므라이스_Q1_00041.JPG</filename>
	<path>/top오므라이스사각배달오므라이스q1/top_오므라이스_사각배달_오므라이스_Q1_00041.JPG</path>
	<source>
		<database>fooddata</database>
	</source>
	<size>
		<width>3008</width>
		<height>2000</height>
		<depth>3</depth>
	</size>
	<object>
		<name>ref_spoon</name>
		<bndbox>
			<xmin>508</xmin>
			<ymin>357</ymin>
			<xmax>777</xmax>
			<ymax>764</ymax>
		</bndbox>
	</object>
	<object>
		<name>ref_fork</name>
		<bndbox>
			<xmin>833</xmin>
			<ymin>413</ymin>
			<xmax>1026</xmax>
			<ymax>825</ymax>
		</bndbox>
	</object>
	<object>
		<name>ref_coin</name>
		<bndbox>
			<xmin>874</xmin>
			<ymin>63</ymin>
			<xmax>1047</xmax>
			<ymax>235</ymax>
		</bndbox>
	</object>
	<object>
		<name>dish</name>
		<bndbox>
			<xmin>1001</xmin>
			<ymin>876</ymin>
			<xmax>2408</xmax>
			<ymax>1871</ymax>
		</bndbox>
	</object>
	<object>
		<name>오므라이스</name>
		<bndbox>
			<xmin>1260</xmin>
			<ymin>1119</ymin>
			<xmax>1971</xmax>
			<ymax>1709</ymax>
		</bndbox>
	</object>
</annotation>