<annotation>
	<folder>top오므라이스사각배달오므라이스q1</folder>
	<filename>top_오므라이스_사각배달_오므라이스_Q1_00018.JPG</filename>
	<path>/top오므라이스사각배달오므라이스q1/top_오므라이스_사각배달_오므라이스_Q1_00018.JPG</path>
	<source>
		<database>fooddata</database>
	</source>
	<size>
		<width>3008</width>
		<height>2000</height>
		<depth>3</depth>
	</size>
	<object>
		<name>ref_spoon</name>
		<bndbox>
			<xmin>579</xmin>
			<ymin>1592</ymin>
			<xmax>986</xmax>
			<ymax>1851</ymax>
		</bndbox>
	</object>
	<object>
		<name>ref_fork</name>
		<bndbox>
			<xmin>650</xmin>
			<ymin>1297</ymin>
			<xmax>1077</xmax>
			<ymax>1485</ymax>
		</bndbox>
	</object>
	<object>
		<name>ref_coin</name>
		<bndbox>
			<xmin>2002</xmin>
			<ymin>1602</ymin>
			<xmax>2185</xmax>
			<ymax>1780</ymax>
		</bndbox>
	</object>
	<object>
		<name>dish</name>
		<bndbox>
			<xmin>706</xmin>
			<ymin>124</ymin>
			<xmax>2068</xmax>
			<ymax>1343</ymax>
		</bndbox>
	</object>
	<object>
		<name>오므라이스</name>
		<bndbox>
			<xmin>1092</xmin>
			<ymin>403</ymin>
			<xmax>1697</xmax>
			<ymax>962</ymax>
		</bndbox>
	</object>
</annotation>