<annotation>
	<folder>top오므라이스사각배달오므라이스q1</folder>
	<filename>top_오므라이스_사각배달_오므라이스_Q1_00005.JPG</filename>
	<path>/top오므라이스사각배달오므라이스q1/top_오므라이스_사각배달_오므라이스_Q1_00005.JPG</path>
	<source>
		<database>fooddata</database>
	</source>
	<size>
		<width>3008</width>
		<height>2000</height>
		<depth>3</depth>
	</size>
	<object>
		<name>ref_spoon</name>
		<bndbox>
			<xmin>2022</xmin>
			<ymin>301</ymin>
			<xmax>2307</xmax>
			<ymax>713</ymax>
		</bndbox>
	</object>
	<object>
		<name>ref_fork</name>
		<bndbox>
			<xmin>2408</xmin>
			<ymin>378</ymin>
			<xmax>2632</xmax>
			<ymax>825</ymax>
		</bndbox>
	</object>
	<object>
		<name>ref_coin</name>
		<bndbox>
			<xmin>346</xmin>
			<ymin>1028</ymin>
			<xmax>544</xmax>
			<ymax>1221</ymax>
		</bndbox>
	</object>
	<object>
		<name>dish</name>
		<bndbox>
			<xmin>737</xmin>
			<ymin>276</ymin>
			<xmax>1860</xmax>
			<ymax>1709</ymax>
		</bndbox>
	</object>
	<object>
		<name>오므라이스</name>
		<bndbox>
			<xmin>1108</xmin>
			<ymin>510</ymin>
			<xmax>1717</xmax>
			<ymax>1211</ymax>
		</bndbox>
	</object>
</annotation>