<annotation>
	<folder>side비빔밥덮밥류냉면기전주비빔밥q2</folder>
	<filename>side_비빔밥덮밥류_냉면기_전주비빔밥_Q2_00004.JPG</filename>
	<path>/side비빔밥덮밥류냉면기전주비빔밥q2/side_비빔밥덮밥류_냉면기_전주비빔밥_Q2_00004.JPG</path>
	<source>
		<database>fooddata</database>
	</source>
	<size>
		<width>3008</width>
		<height>2000</height>
		<depth>3</depth>
	</size>
	<object>
		<name>ref_spoon</name>
		<bndbox>
			<xmin>2256</xmin>
			<ymin>479</ymin>
			<xmax>2541</xmax>
			<ymax>872</ymax>
		</bndbox>
	</object>
	<object>
		<name>ref_fork</name>
		<bndbox>
			<xmin>2587</xmin>
			<ymin>587</ymin>
			<xmax>2786</xmax>
			<ymax>1037</ymax>
		</bndbox>
	</object>
	<object>
		<name>ref_coin</name>
		<bndbox>
			<xmin>319</xmin>
			<ymin>1157</ymin>
			<xmax>547</xmax>
			<ymax>1333</ymax>
		</bndbox>
	</object>
	<object>
		<name>dish</name>
		<bndbox>
			<xmin>832</xmin>
			<ymin>142</ymin>
			<xmax>2211</xmax>
			<ymax>1345</ymax>
		</bndbox>
	</object>
	<object>
		<name>전주비빔밥</name>
		<bndbox>
			<xmin>1196</xmin>
			<ymin>473</ymin>
			<xmax>1926</xmax>
			<ymax>1066</ymax>
		</bndbox>
	</object>
</annotation>