<annotation>
	<folder>side비빔밥덮밥류냉면기전주비빔밥q2</folder>
	<filename>side_비빔밥덮밥류_냉면기_전주비빔밥_Q2_00008.JPG</filename>
	<path>/side비빔밥덮밥류냉면기전주비빔밥q2/side_비빔밥덮밥류_냉면기_전주비빔밥_Q2_00008.JPG</path>
	<source>
		<database>fooddata</database>
	</source>
	<size>
		<width>3008</width>
		<height>2000</height>
		<depth>3</depth>
	</size>
	<object>
		<name>ref_spoon</name>
		<bndbox>
			<xmin>2211</xmin>
			<ymin>610</ymin>
			<xmax>2495</xmax>
			<ymax>1031</ymax>
		</bndbox>
	</object>
	<object>
		<name>ref_fork</name>
		<bndbox>
			<xmin>2530</xmin>
			<ymin>724</ymin>
			<xmax>2735</xmax>
			<ymax>1191</ymax>
		</bndbox>
	</object>
	<object>
		<name>ref_coin</name>
		<bndbox>
			<xmin>780</xmin>
			<ymin>296</ymin>
			<xmax>985</xmax>
			<ymax>439</ymax>
		</bndbox>
	</object>
	<object>
		<name>dish</name>
		<bndbox>
			<xmin>712</xmin>
			<ymin>370</ymin>
			<xmax>2136</xmax>
			<ymax>1630</ymax>
		</bndbox>
	</object>
	<object>
		<name>전주비빔밥</name>
		<bndbox>
			<xmin>917</xmin>
			<ymin>746</ymin>
			<xmax>1966</xmax>
			<ymax>1339</ymax>
		</bndbox>
	</object>
</annotation>