<annotation>
	<folder>side비빔밥덮밥류냉면기전주비빔밥q2</folder>
	<filename>side_비빔밥덮밥류_냉면기_전주비빔밥_Q2_00017.JPG</filename>
	<path>/side비빔밥덮밥류냉면기전주비빔밥q2/side_비빔밥덮밥류_냉면기_전주비빔밥_Q2_00017.JPG</path>
	<source>
		<database>fooddata</database>
	</source>
	<size>
		<width>3008</width>
		<height>2000</height>
		<depth>3</depth>
	</size>
	<object>
		<name>ref_spoon</name>
		<bndbox>
			<xmin>649</xmin>
			<ymin>1464</ymin>
			<xmax>1128</xmax>
			<ymax>1732</ymax>
		</bndbox>
	</object>
	<object>
		<name>ref_fork</name>
		<bndbox>
			<xmin>763</xmin>
			<ymin>1242</ymin>
			<xmax>1287</xmax>
			<ymax>1476</ymax>
		</bndbox>
	</object>
	<object>
		<name>ref_coin</name>
		<bndbox>
			<xmin>564</xmin>
			<ymin>1020</ymin>
			<xmax>763</xmax>
			<ymax>1168</ymax>
		</bndbox>
	</object>
	<object>
		<name>dish</name>
		<bndbox>
			<xmin>991</xmin>
			<ymin>194</ymin>
			<xmax>2233</xmax>
			<ymax>1242</ymax>
		</bndbox>
	</object>
	<object>
		<name>전주비빔밥</name>
		<bndbox>
			<xmin>1122</xmin>
			<ymin>490</ymin>
			<xmax>1994</xmax>
			<ymax>986</ymax>
		</bndbox>
	</object>
</annotation>