<annotation>
	<folder>side비빔밥덮밥류냉면기전주비빔밥q2</folder>
	<filename>side_비빔밥덮밥류_냉면기_전주비빔밥_Q2_00011.JPG</filename>
	<path>/side비빔밥덮밥류냉면기전주비빔밥q2/side_비빔밥덮밥류_냉면기_전주비빔밥_Q2_00011.JPG</path>
	<source>
		<database>fooddata</database>
	</source>
	<size>
		<width>3008</width>
		<height>2000</height>
		<depth>3</depth>
	</size>
	<object>
		<name>ref_spoon</name>
		<bndbox>
			<xmin>2045</xmin>
			<ymin>570</ymin>
			<xmax>2359</xmax>
			<ymax>1031</ymax>
		</bndbox>
	</object>
	<object>
		<name>ref_fork</name>
		<bndbox>
			<xmin>2404</xmin>
			<ymin>701</ymin>
			<xmax>2627</xmax>
			<ymax>1202</ymax>
		</bndbox>
	</object>
	<object>
		<name>ref_coin</name>
		<bndbox>
			<xmin>1880</xmin>
			<ymin>114</ymin>
			<xmax>2091</xmax>
			<ymax>279</ymax>
		</bndbox>
	</object>
	<object>
		<name>dish</name>
		<bndbox>
			<xmin>387</xmin>
			<ymin>348</ymin>
			<xmax>1977</xmax>
			<ymax>1715</ymax>
		</bndbox>
	</object>
	<object>
		<name>전주비빔밥</name>
		<bndbox>
			<xmin>598</xmin>
			<ymin>707</ymin>
			<xmax>1561</xmax>
			<ymax>1413</ymax>
		</bndbox>
	</object>
</annotation>