<annotation>
	<folder>side비빔밥덮밥류냉면기전주비빔밥q2</folder>
	<filename>side_비빔밥덮밥류_냉면기_전주비빔밥_Q2_00043.JPG</filename>
	<path>/side비빔밥덮밥류냉면기전주비빔밥q2/side_비빔밥덮밥류_냉면기_전주비빔밥_Q2_00043.JPG</path>
	<source>
		<database>fooddata</database>
	</source>
	<size>
		<width>3008</width>
		<height>2000</height>
		<depth>3</depth>
	</size>
	<object>
		<name>ref_spoon</name>
		<bndbox>
			<xmin>171</xmin>
			<ymin>484</ymin>
			<xmax>473</xmax>
			<ymax>895</ymax>
		</bndbox>
	</object>
	<object>
		<name>ref_fork</name>
		<bndbox>
			<xmin>570</xmin>
			<ymin>496</ymin>
			<xmax>792</xmax>
			<ymax>963</ymax>
		</bndbox>
	</object>
	<object>
		<name>ref_coin</name>
		<bndbox>
			<xmin>2507</xmin>
			<ymin>1607</ymin>
			<xmax>2740</xmax>
			<ymax>1783</ymax>
		</bndbox>
	</object>
	<object>
		<name>dish</name>
		<bndbox>
			<xmin>917</xmin>
			<ymin>165</ymin>
			<xmax>2370</xmax>
			<ymax>1368</ymax>
		</bndbox>
	</object>
	<object>
		<name>전주비빔밥</name>
		<bndbox>
			<xmin>1065</xmin>
			<ymin>479</ymin>
			<xmax>2154</xmax>
			<ymax>1083</ymax>
		</bndbox>
	</object>
</annotation>