<annotation>
	<folder>top비빔밥덮밥류냉면기전주비빔밥q2</folder>
	<filename>top_비빔밥덮밥류_냉면기_전주비빔밥_Q2_00054.JPG</filename>
	<path>/top비빔밥덮밥류냉면기전주비빔밥q2/top_비빔밥덮밥류_냉면기_전주비빔밥_Q2_00054.JPG</path>
	<source>
		<database>fooddata</database>
	</source>
	<size>
		<width>3008</width>
		<height>2000</height>
		<depth>3</depth>
	</size>
	<object>
		<name>ref_spoon</name>
		<bndbox>
			<xmin>144</xmin>
			<ymin>92</ymin>
			<xmax>421</xmax>
			<ymax>532</ymax>
		</bndbox>
	</object>
	<object>
		<name>ref_fork</name>
		<bndbox>
			<xmin>568</xmin>
			<ymin>127</ymin>
			<xmax>749</xmax>
			<ymax>601</ymax>
		</bndbox>
	</object>
	<object>
		<name>ref_coin</name>
		<bndbox>
			<xmin>1554</xmin>
			<ymin>1684</ymin>
			<xmax>1751</xmax>
			<ymax>1892</ymax>
		</bndbox>
	</object>
	<object>
		<name>dish</name>
		<bndbox>
			<xmin>1103</xmin>
			<ymin>162</ymin>
			<xmax>2595</xmax>
			<ymax>1626</ymax>
		</bndbox>
	</object>
	<object>
		<name>전주비빔밥</name>
		<bndbox>
			<xmin>1408</xmin>
			<ymin>378</ymin>
			<xmax>2306</xmax>
			<ymax>1445</ymax>
		</bndbox>
	</object>
</annotation>