<annotation>
	<folder>top비빔밥덮밥류냉면기전주비빔밥q2</folder>
	<filename>top_비빔밥덮밥류_냉면기_전주비빔밥_Q2_00034.JPG</filename>
	<path>/top비빔밥덮밥류냉면기전주비빔밥q2/top_비빔밥덮밥류_냉면기_전주비빔밥_Q2_00034.JPG</path>
	<source>
		<database>fooddata</database>
	</source>
	<size>
		<width>3008</width>
		<height>2000</height>
		<depth>3</depth>
	</size>
	<object>
		<name>ref_spoon</name>
		<bndbox>
			<xmin>321</xmin>
			<ymin>274</ymin>
			<xmax>591</xmax>
			<ymax>721</ymax>
		</bndbox>
	</object>
	<object>
		<name>ref_fork</name>
		<bndbox>
			<xmin>672</xmin>
			<ymin>301</ymin>
			<xmax>864</xmax>
			<ymax>759</ymax>
		</bndbox>
	</object>
	<object>
		<name>ref_coin</name>
		<bndbox>
			<xmin>1238</xmin>
			<ymin>1603</ymin>
			<xmax>1431</xmax>
			<ymax>1803</ymax>
		</bndbox>
	</object>
	<object>
		<name>dish</name>
		<bndbox>
			<xmin>1061</xmin>
			<ymin>181</ymin>
			<xmax>2475</xmax>
			<ymax>1568</ymax>
		</bndbox>
	</object>
	<object>
		<name>전주비빔밥</name>
		<bndbox>
			<xmin>1334</xmin>
			<ymin>563</ymin>
			<xmax>2167</xmax>
			<ymax>1391</ymax>
		</bndbox>
	</object>
</annotation>