<annotation>
	<folder>top비빔밥덮밥류냉면기전주비빔밥q2</folder>
	<filename>top_비빔밥덮밥류_냉면기_전주비빔밥_Q2_00036.JPG</filename>
	<path>/top비빔밥덮밥류냉면기전주비빔밥q2/top_비빔밥덮밥류_냉면기_전주비빔밥_Q2_00036.JPG</path>
	<source>
		<database>fooddata</database>
	</source>
	<size>
		<width>3008</width>
		<height>2000</height>
		<depth>3</depth>
	</size>
	<object>
		<name>ref_spoon</name>
		<bndbox>
			<xmin>417</xmin>
			<ymin>162</ymin>
			<xmax>675</xmax>
			<ymax>609</ymax>
		</bndbox>
	</object>
	<object>
		<name>ref_fork</name>
		<bndbox>
			<xmin>745</xmin>
			<ymin>193</ymin>
			<xmax>938</xmax>
			<ymax>624</ymax>
		</bndbox>
	</object>
	<object>
		<name>ref_coin</name>
		<bndbox>
			<xmin>1666</xmin>
			<ymin>1549</ymin>
			<xmax>1843</xmax>
			<ymax>1734</ymax>
		</bndbox>
	</object>
	<object>
		<name>dish</name>
		<bndbox>
			<xmin>1115</xmin>
			<ymin>77</ymin>
			<xmax>2471</xmax>
			<ymax>1414</ymax>
		</bndbox>
	</object>
	<object>
		<name>전주비빔밥</name>
		<bndbox>
			<xmin>1334</xmin>
			<ymin>455</ymin>
			<xmax>2186</xmax>
			<ymax>1249</ymax>
		</bndbox>
	</object>
</annotation>