<annotation>
	<folder>top비빔밥덮밥류냉면기전주비빔밥q2</folder>
	<filename>top_비빔밥덮밥류_냉면기_전주비빔밥_Q2_00038.JPG</filename>
	<path>/top비빔밥덮밥류냉면기전주비빔밥q2/top_비빔밥덮밥류_냉면기_전주비빔밥_Q2_00038.JPG</path>
	<source>
		<database>fooddata</database>
	</source>
	<size>
		<width>3008</width>
		<height>2000</height>
		<depth>3</depth>
	</size>
	<object>
		<name>ref_spoon</name>
		<bndbox>
			<xmin>294</xmin>
			<ymin>185</ymin>
			<xmax>575</xmax>
			<ymax>636</ymax>
		</bndbox>
	</object>
	<object>
		<name>ref_fork</name>
		<bndbox>
			<xmin>656</xmin>
			<ymin>220</ymin>
			<xmax>849</xmax>
			<ymax>697</ymax>
		</bndbox>
	</object>
	<object>
		<name>ref_coin</name>
		<bndbox>
			<xmin>957</xmin>
			<ymin>1187</ymin>
			<xmax>1157</xmax>
			<ymax>1376</ymax>
		</bndbox>
	</object>
	<object>
		<name>dish</name>
		<bndbox>
			<xmin>1242</xmin>
			<ymin>262</ymin>
			<xmax>2695</xmax>
			<ymax>1707</ymax>
		</bndbox>
	</object>
	<object>
		<name>전주비빔밥</name>
		<bndbox>
			<xmin>1458</xmin>
			<ymin>624</ymin>
			<xmax>2406</xmax>
			<ymax>1503</ymax>
		</bndbox>
	</object>
</annotation>