<annotation>
	<folder>top비빔밥덮밥류냉면기전주비빔밥q2</folder>
	<filename>top_비빔밥덮밥류_냉면기_전주비빔밥_Q2_00016.JPG</filename>
	<path>/top비빔밥덮밥류냉면기전주비빔밥q2/top_비빔밥덮밥류_냉면기_전주비빔밥_Q2_00016.JPG</path>
	<source>
		<database>fooddata</database>
	</source>
	<size>
		<width>3008</width>
		<height>2000</height>
		<depth>3</depth>
	</size>
	<object>
		<name>ref_spoon</name>
		<bndbox>
			<xmin>1889</xmin>
			<ymin>158</ymin>
			<xmax>2132</xmax>
			<ymax>597</ymax>
		</bndbox>
	</object>
	<object>
		<name>ref_fork</name>
		<bndbox>
			<xmin>2271</xmin>
			<ymin>274</ymin>
			<xmax>2444</xmax>
			<ymax>732</ymax>
		</bndbox>
	</object>
	<object>
		<name>ref_coin</name>
		<bndbox>
			<xmin>1423</xmin>
			<ymin>1561</ymin>
			<xmax>1612</xmax>
			<ymax>1753</ymax>
		</bndbox>
	</object>
	<object>
		<name>dish</name>
		<bndbox>
			<xmin>244</xmin>
			<ymin>181</ymin>
			<xmax>1650</xmax>
			<ymax>1538</ymax>
		</bndbox>
	</object>
	<object>
		<name>전주비빔밥</name>
		<bndbox>
			<xmin>575</xmin>
			<ymin>459</ymin>
			<xmax>1369</xmax>
			<ymax>1222</ymax>
		</bndbox>
	</object>
</annotation>