<annotation>
	<folder>side파스타류원형배달토마토스파게티q2</folder>
	<filename>side_파스타류_원형배달_토마토스파게티_Q2_00047.JPG</filename>
	<path>/side파스타류원형배달토마토스파게티q2/side_파스타류_원형배달_토마토스파게티_Q2_00047.JPG</path>
	<source>
		<database>fooddata</database>
	</source>
	<size>
		<width>3008</width>
		<height>2000</height>
		<depth>3</depth>
	</size>
	<object>
		<name>ref_spoon</name>
		<bndbox>
			<xmin>202</xmin>
			<ymin>400</ymin>
			<xmax>489</xmax>
			<ymax>742</ymax>
		</bndbox>
	</object>
	<object>
		<name>ref_fork</name>
		<bndbox>
			<xmin>599</xmin>
			<ymin>403</ymin>
			<xmax>787</xmax>
			<ymax>786</ymax>
		</bndbox>
	</object>
	<object>
		<name>ref_coin</name>
		<bndbox>
			<xmin>2649</xmin>
			<ymin>822</ymin>
			<xmax>2861</xmax>
			<ymax>971</ymax>
		</bndbox>
	</object>
	<object>
		<name>dish</name>
		<bndbox>
			<xmin>919</xmin>
			<ymin>143</ymin>
			<xmax>2392</xmax>
			<ymax>1432</ymax>
		</bndbox>
	</object>
	<object>
		<name>토마토스파게티</name>
		<bndbox>
			<xmin>1085</xmin>
			<ymin>502</ymin>
			<xmax>2271</xmax>
			<ymax>1037</ymax>
		</bndbox>
	</object>
</annotation>