<annotation>
	<folder>side파스타류원형배달토마토스파게티q2</folder>
	<filename>side_파스타류_원형배달_토마토스파게티_Q2_00018.JPG</filename>
	<path>/side파스타류원형배달토마토스파게티q2/side_파스타류_원형배달_토마토스파게티_Q2_00018.JPG</path>
	<source>
		<database>fooddata</database>
	</source>
	<size>
		<width>3008</width>
		<height>2000</height>
		<depth>3</depth>
	</size>
	<object>
		<name>ref_spoon</name>
		<bndbox>
			<xmin>605</xmin>
			<ymin>1589</ymin>
			<xmax>1104</xmax>
			<ymax>1851</ymax>
		</bndbox>
	</object>
	<object>
		<name>ref_fork</name>
		<bndbox>
			<xmin>676</xmin>
			<ymin>1321</ymin>
			<xmax>1195</xmax>
			<ymax>1545</ymax>
		</bndbox>
	</object>
	<object>
		<name>ref_coin</name>
		<bndbox>
			<xmin>2254</xmin>
			<ymin>1007</ymin>
			<xmax>2458</xmax>
			<ymax>1161</ymax>
		</bndbox>
	</object>
	<object>
		<name>dish</name>
		<bndbox>
			<xmin>756</xmin>
			<ymin>66</ymin>
			<xmax>2136</xmax>
			<ymax>1286</ymax>
		</bndbox>
	</object>
	<object>
		<name>토마토스파게티</name>
		<bndbox>
			<xmin>1190</xmin>
			<ymin>339</ymin>
			<xmax>2017</xmax>
			<ymax>952</ymax>
		</bndbox>
	</object>
</annotation>