<annotation>
	<folder>side파스타류원형배달토마토스파게티q2</folder>
	<filename>side_파스타류_원형배달_토마토스파게티_Q2_00036.JPG</filename>
	<path>/side파스타류원형배달토마토스파게티q2/side_파스타류_원형배달_토마토스파게티_Q2_00036.JPG</path>
	<source>
		<database>fooddata</database>
	</source>
	<size>
		<width>3008</width>
		<height>2000</height>
		<depth>3</depth>
	</size>
	<object>
		<name>ref_spoon</name>
		<bndbox>
			<xmin>486</xmin>
			<ymin>425</ymin>
			<xmax>767</xmax>
			<ymax>781</ymax>
		</bndbox>
	</object>
	<object>
		<name>ref_fork</name>
		<bndbox>
			<xmin>889</xmin>
			<ymin>417</ymin>
			<xmax>1076</xmax>
			<ymax>825</ymax>
		</bndbox>
	</object>
	<object>
		<name>ref_coin</name>
		<bndbox>
			<xmin>1609</xmin>
			<ymin>1650</ymin>
			<xmax>1849</xmax>
			<ymax>1829</ymax>
		</bndbox>
	</object>
	<object>
		<name>dish</name>
		<bndbox>
			<xmin>1203</xmin>
			<ymin>171</ymin>
			<xmax>2679</xmax>
			<ymax>1490</ymax>
		</bndbox>
	</object>
	<object>
		<name>토마토스파게티</name>
		<bndbox>
			<xmin>1303</xmin>
			<ymin>519</ymin>
			<xmax>2271</xmax>
			<ymax>1098</ymax>
		</bndbox>
	</object>
</annotation>