<annotation>
	<folder>side파스타류원형배달토마토스파게티q2</folder>
	<filename>side_파스타류_원형배달_토마토스파게티_Q2_00020.JPG</filename>
	<path>/side파스타류원형배달토마토스파게티q2/side_파스타류_원형배달_토마토스파게티_Q2_00020.JPG</path>
	<source>
		<database>fooddata</database>
	</source>
	<size>
		<width>3008</width>
		<height>2000</height>
		<depth>3</depth>
	</size>
	<object>
		<name>ref_spoon</name>
		<bndbox>
			<xmin>561</xmin>
			<ymin>1619</ymin>
			<xmax>1021</xmax>
			<ymax>1884</ymax>
		</bndbox>
	</object>
	<object>
		<name>ref_fork</name>
		<bndbox>
			<xmin>630</xmin>
			<ymin>1349</ymin>
			<xmax>1156</xmax>
			<ymax>1586</ymax>
		</bndbox>
	</object>
	<object>
		<name>ref_coin</name>
		<bndbox>
			<xmin>2207</xmin>
			<ymin>621</ymin>
			<xmax>2406</xmax>
			<ymax>764</ymax>
		</bndbox>
	</object>
	<object>
		<name>dish</name>
		<bndbox>
			<xmin>756</xmin>
			<ymin>91</ymin>
			<xmax>2116</xmax>
			<ymax>1319</ymax>
		</bndbox>
	</object>
	<object>
		<name>토마토스파게티</name>
		<bndbox>
			<xmin>1270</xmin>
			<ymin>585</ymin>
			<xmax>2017</xmax>
			<ymax>985</ymax>
		</bndbox>
	</object>
</annotation>