<annotation>
	<folder>side파스타류원형배달토마토스파게티q2</folder>
	<filename>side_파스타류_원형배달_토마토스파게티_Q2_00013.JPG</filename>
	<path>/side파스타류원형배달토마토스파게티q2/side_파스타류_원형배달_토마토스파게티_Q2_00013.JPG</path>
	<source>
		<database>fooddata</database>
	</source>
	<size>
		<width>3008</width>
		<height>2000</height>
		<depth>3</depth>
	</size>
	<object>
		<name>ref_spoon</name>
		<bndbox>
			<xmin>2034</xmin>
			<ymin>646</ymin>
			<xmax>2318</xmax>
			<ymax>1032</ymax>
		</bndbox>
	</object>
	<object>
		<name>ref_fork</name>
		<bndbox>
			<xmin>2522</xmin>
			<ymin>728</ymin>
			<xmax>2729</xmax>
			<ymax>1178</ymax>
		</bndbox>
	</object>
	<object>
		<name>ref_coin</name>
		<bndbox>
			<xmin>2100</xmin>
			<ymin>477</ymin>
			<xmax>2312</xmax>
			<ymax>621</ymax>
		</bndbox>
	</object>
	<object>
		<name>dish</name>
		<bndbox>
			<xmin>119</xmin>
			<ymin>381</ymin>
			<xmax>1750</xmax>
			<ymax>1832</ymax>
		</bndbox>
	</object>
	<object>
		<name>토마토스파게티</name>
		<bndbox>
			<xmin>224</xmin>
			<ymin>811</ymin>
			<xmax>1264</xmax>
			<ymax>1412</ymax>
		</bndbox>
	</object>
</annotation>