<annotation>
	<folder>side파스타류원형배달토마토스파게티q2</folder>
	<filename>side_파스타류_원형배달_토마토스파게티_Q2_00016.JPG</filename>
	<path>/side파스타류원형배달토마토스파게티q2/side_파스타류_원형배달_토마토스파게티_Q2_00016.JPG</path>
	<source>
		<database>fooddata</database>
	</source>
	<size>
		<width>3008</width>
		<height>2000</height>
		<depth>3</depth>
	</size>
	<object>
		<name>ref_spoon</name>
		<bndbox>
			<xmin>2191</xmin>
			<ymin>646</ymin>
			<xmax>2494</xmax>
			<ymax>1046</ymax>
		</bndbox>
	</object>
	<object>
		<name>ref_fork</name>
		<bndbox>
			<xmin>2687</xmin>
			<ymin>726</ymin>
			<xmax>2905</xmax>
			<ymax>1183</ymax>
		</bndbox>
	</object>
	<object>
		<name>ref_coin</name>
		<bndbox>
			<xmin>1921</xmin>
			<ymin>1363</ymin>
			<xmax>2158</xmax>
			<ymax>1539</ymax>
		</bndbox>
	</object>
	<object>
		<name>dish</name>
		<bndbox>
			<xmin>119</xmin>
			<ymin>364</ymin>
			<xmax>1752</xmax>
			<ymax>1807</ymax>
		</bndbox>
	</object>
	<object>
		<name>토마토스파게티</name>
		<bndbox>
			<xmin>321</xmin>
			<ymin>709</ymin>
			<xmax>1634</xmax>
			<ymax>1393</ymax>
		</bndbox>
	</object>
</annotation>