<annotation>
	<folder>top파스타류원형배달토마토스파게티q2</folder>
	<filename>top_파스타류_원형배달_토마토스파게티_Q2_00047.JPG</filename>
	<path>/top파스타류원형배달토마토스파게티q2/top_파스타류_원형배달_토마토스파게티_Q2_00047.JPG</path>
	<source>
		<database>fooddata</database>
	</source>
	<size>
		<width>3008</width>
		<height>2000</height>
		<depth>3</depth>
	</size>
	<object>
		<name>ref_spoon</name>
		<bndbox>
			<xmin>170</xmin>
			<ymin>207</ymin>
			<xmax>451</xmax>
			<ymax>675</ymax>
		</bndbox>
	</object>
	<object>
		<name>ref_fork</name>
		<bndbox>
			<xmin>505</xmin>
			<ymin>286</ymin>
			<xmax>768</xmax>
			<ymax>791</ymax>
		</bndbox>
	</object>
	<object>
		<name>ref_coin</name>
		<bndbox>
			<xmin>1807</xmin>
			<ymin>73</ymin>
			<xmax>2005</xmax>
			<ymax>293</ymax>
		</bndbox>
	</object>
	<object>
		<name>dish</name>
		<bndbox>
			<xmin>981</xmin>
			<ymin>502</ymin>
			<xmax>2391</xmax>
			<ymax>1891</ymax>
		</bndbox>
	</object>
	<object>
		<name>토마토스파게티</name>
		<bndbox>
			<xmin>1215</xmin>
			<ymin>755</ymin>
			<xmax>2222</xmax>
			<ymax>1563</ymax>
		</bndbox>
	</object>
</annotation>