<annotation>
	<folder>top파스타류원형배달토마토스파게티q2</folder>
	<filename>top_파스타류_원형배달_토마토스파게티_Q2_00027.JPG</filename>
	<path>/top파스타류원형배달토마토스파게티q2/top_파스타류_원형배달_토마토스파게티_Q2_00027.JPG</path>
	<source>
		<database>fooddata</database>
	</source>
	<size>
		<width>3008</width>
		<height>2000</height>
		<depth>3</depth>
	</size>
	<object>
		<name>ref_spoon</name>
		<bndbox>
			<xmin>472</xmin>
			<ymin>1454</ymin>
			<xmax>912</xmax>
			<ymax>1732</ymax>
		</bndbox>
	</object>
	<object>
		<name>ref_fork</name>
		<bndbox>
			<xmin>577</xmin>
			<ymin>1209</ymin>
			<xmax>1068</xmax>
			<ymax>1429</ymax>
		</bndbox>
	</object>
	<object>
		<name>ref_coin</name>
		<bndbox>
			<xmin>2132</xmin>
			<ymin>574</ymin>
			<xmax>2308</xmax>
			<ymax>776</ymax>
		</bndbox>
	</object>
	<object>
		<name>dish</name>
		<bndbox>
			<xmin>815</xmin>
			<ymin>84</ymin>
			<xmax>2020</xmax>
			<ymax>1245</ymax>
		</bndbox>
	</object>
	<object>
		<name>토마토스파게티</name>
		<bndbox>
			<xmin>934</xmin>
			<ymin>416</ymin>
			<xmax>1850</xmax>
			<ymax>1209</ymax>
		</bndbox>
	</object>
</annotation>