<annotation>
	<folder>top파스타류원형배달토마토스파게티q2</folder>
	<filename>top_파스타류_원형배달_토마토스파게티_Q2_00034.JPG</filename>
	<path>/top파스타류원형배달토마토스파게티q2/top_파스타류_원형배달_토마토스파게티_Q2_00034.JPG</path>
	<source>
		<database>fooddata</database>
	</source>
	<size>
		<width>3008</width>
		<height>2000</height>
		<depth>3</depth>
	</size>
	<object>
		<name>ref_spoon</name>
		<bndbox>
			<xmin>534</xmin>
			<ymin>73</ymin>
			<xmax>804</xmax>
			<ymax>506</ymax>
		</bndbox>
	</object>
	<object>
		<name>ref_fork</name>
		<bndbox>
			<xmin>848</xmin>
			<ymin>170</ymin>
			<xmax>1075</xmax>
			<ymax>647</ymax>
		</bndbox>
	</object>
	<object>
		<name>ref_coin</name>
		<bndbox>
			<xmin>1273</xmin>
			<ymin>1703</ymin>
			<xmax>1486</xmax>
			<ymax>1931</ymax>
		</bndbox>
	</object>
	<object>
		<name>dish</name>
		<bndbox>
			<xmin>1046</xmin>
			<ymin>286</ymin>
			<xmax>2438</xmax>
			<ymax>1610</ymax>
		</bndbox>
	</object>
	<object>
		<name>토마토스파게티</name>
		<bndbox>
			<xmin>1176</xmin>
			<ymin>567</ymin>
			<xmax>2207</xmax>
			<ymax>1375</ymax>
		</bndbox>
	</object>
</annotation>