<annotation>
	<folder>top파스타류원형배달토마토스파게티q2</folder>
	<filename>top_파스타류_원형배달_토마토스파게티_Q2_00035.JPG</filename>
	<path>/top파스타류원형배달토마토스파게티q2/top_파스타류_원형배달_토마토스파게티_Q2_00035.JPG</path>
	<source>
		<database>fooddata</database>
	</source>
	<size>
		<width>3008</width>
		<height>2000</height>
		<depth>3</depth>
	</size>
	<object>
		<name>ref_spoon</name>
		<bndbox>
			<xmin>465</xmin>
			<ymin>30</ymin>
			<xmax>754</xmax>
			<ymax>463</ymax>
		</bndbox>
	</object>
	<object>
		<name>ref_fork</name>
		<bndbox>
			<xmin>783</xmin>
			<ymin>131</ymin>
			<xmax>1010</xmax>
			<ymax>607</ymax>
		</bndbox>
	</object>
	<object>
		<name>ref_coin</name>
		<bndbox>
			<xmin>1414</xmin>
			<ymin>1729</ymin>
			<xmax>1645</xmax>
			<ymax>1959</ymax>
		</bndbox>
	</object>
	<object>
		<name>dish</name>
		<bndbox>
			<xmin>992</xmin>
			<ymin>232</ymin>
			<xmax>2377</xmax>
			<ymax>1584</ymax>
		</bndbox>
	</object>
	<object>
		<name>토마토스파게티</name>
		<bndbox>
			<xmin>1194</xmin>
			<ymin>531</ymin>
			<xmax>2186</xmax>
			<ymax>1357</ymax>
		</bndbox>
	</object>
</annotation>