<annotation>
	<folder>top파스타류원형배달토마토스파게티q2</folder>
	<filename>top_파스타류_원형배달_토마토스파게티_Q2_00049.JPG</filename>
	<path>/top파스타류원형배달토마토스파게티q2/top_파스타류_원형배달_토마토스파게티_Q2_00049.JPG</path>
	<source>
		<database>fooddata</database>
	</source>
	<size>
		<width>3008</width>
		<height>2000</height>
		<depth>3</depth>
	</size>
	<object>
		<name>ref_spoon</name>
		<bndbox>
			<xmin>213</xmin>
			<ymin>149</ymin>
			<xmax>516</xmax>
			<ymax>621</ymax>
		</bndbox>
	</object>
	<object>
		<name>ref_fork</name>
		<bndbox>
			<xmin>599</xmin>
			<ymin>235</ymin>
			<xmax>830</xmax>
			<ymax>769</ymax>
		</bndbox>
	</object>
	<object>
		<name>ref_coin</name>
		<bndbox>
			<xmin>2301</xmin>
			<ymin>1408</ymin>
			<xmax>2528</xmax>
			<ymax>1667</ymax>
		</bndbox>
	</object>
	<object>
		<name>dish</name>
		<bndbox>
			<xmin>815</xmin>
			<ymin>293</ymin>
			<xmax>2362</xmax>
			<ymax>1819</ymax>
		</bndbox>
	</object>
	<object>
		<name>토마토스파게티</name>
		<bndbox>
			<xmin>1147</xmin>
			<ymin>596</ymin>
			<xmax>2103</xmax>
			<ymax>1649</ymax>
		</bndbox>
	</object>
</annotation>