<annotation>
	<folder>top파스타류원형배달토마토스파게티q2</folder>
	<filename>top_파스타류_원형배달_토마토스파게티_Q2_00012.JPG</filename>
	<path>/top파스타류원형배달토마토스파게티q2/top_파스타류_원형배달_토마토스파게티_Q2_00012.JPG</path>
	<source>
		<database>fooddata</database>
	</source>
	<size>
		<width>3008</width>
		<height>2000</height>
		<depth>3</depth>
	</size>
	<object>
		<name>ref_spoon</name>
		<bndbox>
			<xmin>2020</xmin>
			<ymin>502</ymin>
			<xmax>2316</xmax>
			<ymax>964</ymax>
		</bndbox>
	</object>
	<object>
		<name>ref_fork</name>
		<bndbox>
			<xmin>2330</xmin>
			<ymin>647</ymin>
			<xmax>2626</xmax>
			<ymax>1137</ymax>
		</bndbox>
	</object>
	<object>
		<name>ref_coin</name>
		<bndbox>
			<xmin>995</xmin>
			<ymin>33</ymin>
			<xmax>1201</xmax>
			<ymax>246</ymax>
		</bndbox>
	</object>
	<object>
		<name>dish</name>
		<bndbox>
			<xmin>491</xmin>
			<ymin>430</ymin>
			<xmax>1890</xmax>
			<ymax>1797</ymax>
		</bndbox>
	</object>
	<object>
		<name>토마토스파게티</name>
		<bndbox>
			<xmin>703</xmin>
			<ymin>830</ymin>
			<xmax>1771</xmax>
			<ymax>1725</ymax>
		</bndbox>
	</object>
</annotation>