<annotation>
	<folder>top파스타류원형배달토마토스파게티q2</folder>
	<filename>top_파스타류_원형배달_토마토스파게티_Q2_00028.JPG</filename>
	<path>/top파스타류원형배달토마토스파게티q2/top_파스타류_원형배달_토마토스파게티_Q2_00028.JPG</path>
	<source>
		<database>fooddata</database>
	</source>
	<size>
		<width>3008</width>
		<height>2000</height>
		<depth>3</depth>
	</size>
	<object>
		<name>ref_spoon</name>
		<bndbox>
			<xmin>422</xmin>
			<ymin>1411</ymin>
			<xmax>869</xmax>
			<ymax>1700</ymax>
		</bndbox>
	</object>
	<object>
		<name>ref_fork</name>
		<bndbox>
			<xmin>534</xmin>
			<ymin>1166</ymin>
			<xmax>1024</xmax>
			<ymax>1382</ymax>
		</bndbox>
	</object>
	<object>
		<name>ref_coin</name>
		<bndbox>
			<xmin>2049</xmin>
			<ymin>809</ymin>
			<xmax>2236</xmax>
			<ymax>1004</ymax>
		</bndbox>
	</object>
	<object>
		<name>dish</name>
		<bndbox>
			<xmin>732</xmin>
			<ymin>69</ymin>
			<xmax>1948</xmax>
			<ymax>1224</ymax>
		</bndbox>
	</object>
	<object>
		<name>토마토스파게티</name>
		<bndbox>
			<xmin>880</xmin>
			<ymin>315</ymin>
			<xmax>1728</xmax>
			<ymax>1195</ymax>
		</bndbox>
	</object>
</annotation>