<annotation>
	<folder>top파스타류원형배달토마토스파게티q2</folder>
	<filename>top_파스타류_원형배달_토마토스파게티_Q2_00031.JPG</filename>
	<path>/top파스타류원형배달토마토스파게티q2/top_파스타류_원형배달_토마토스파게티_Q2_00031.JPG</path>
	<source>
		<database>fooddata</database>
	</source>
	<size>
		<width>3008</width>
		<height>2000</height>
		<depth>3</depth>
	</size>
	<object>
		<name>ref_spoon</name>
		<bndbox>
			<xmin>281</xmin>
			<ymin>1483</ymin>
			<xmax>750</xmax>
			<ymax>1772</ymax>
		</bndbox>
	</object>
	<object>
		<name>ref_fork</name>
		<bndbox>
			<xmin>400</xmin>
			<ymin>1231</ymin>
			<xmax>909</xmax>
			<ymax>1440</ymax>
		</bndbox>
	</object>
	<object>
		<name>ref_coin</name>
		<bndbox>
			<xmin>1771</xmin>
			<ymin>1469</ymin>
			<xmax>1976</xmax>
			<ymax>1674</ymax>
		</bndbox>
	</object>
	<object>
		<name>dish</name>
		<bndbox>
			<xmin>692</xmin>
			<ymin>98</ymin>
			<xmax>1926</xmax>
			<ymax>1281</ymax>
		</bndbox>
	</object>
	<object>
		<name>토마토스파게티</name>
		<bndbox>
			<xmin>797</xmin>
			<ymin>300</ymin>
			<xmax>1731</xmax>
			<ymax>1133</ymax>
		</bndbox>
	</object>
</annotation>