<annotation>
	<folder>side건더기국류뚝배기갈비탕q1</folder>
	<filename>side_건더기국류_뚝배기_갈비탕_Q1_00010.JPG</filename>
	<path>/side건더기국류뚝배기갈비탕q1/side_건더기국류_뚝배기_갈비탕_Q1_00010.JPG</path>
	<source>
		<database>fooddata</database>
	</source>
	<size>
		<width>3008</width>
		<height>2000</height>
		<depth>3</depth>
	</size>
	<object>
		<name>ref_spoon</name>
		<bndbox>
			<xmin>1932</xmin>
			<ymin>614</ymin>
			<xmax>2212</xmax>
			<ymax>966</ymax>
		</bndbox>
	</object>
	<object>
		<name>ref_fork</name>
		<bndbox>
			<xmin>2342</xmin>
			<ymin>575</ymin>
			<xmax>2585</xmax>
			<ymax>973</ymax>
		</bndbox>
	</object>
	<object>
		<name>ref_coin</name>
		<bndbox>
			<xmin>1622</xmin>
			<ymin>978</ymin>
			<xmax>1838</xmax>
			<ymax>1133</ymax>
		</bndbox>
	</object>
	<object>
		<name>dish</name>
		<bndbox>
			<xmin>229</xmin>
			<ymin>408</ymin>
			<xmax>1536</xmax>
			<ymax>1528</ymax>
		</bndbox>
	</object>
	<object>
		<name>갈비탕</name>
		<bndbox>
			<xmin>467</xmin>
			<ymin>897</ymin>
			<xmax>1290</xmax>
			<ymax>1167</ymax>
		</bndbox>
	</object>
</annotation>