<annotation>
	<folder>side건더기국류뚝배기갈비탕q1</folder>
	<filename>side_건더기국류_뚝배기_갈비탕_Q1_00028.JPG</filename>
	<path>/side건더기국류뚝배기갈비탕q1/side_건더기국류_뚝배기_갈비탕_Q1_00028.JPG</path>
	<source>
		<database>fooddata</database>
	</source>
	<size>
		<width>3008</width>
		<height>2000</height>
		<depth>3</depth>
	</size>
	<object>
		<name>ref_spoon</name>
		<bndbox>
			<xmin>821</xmin>
			<ymin>1590</ymin>
			<xmax>1288</xmax>
			<ymax>1835</ymax>
		</bndbox>
	</object>
	<object>
		<name>ref_fork</name>
		<bndbox>
			<xmin>836</xmin>
			<ymin>1364</ymin>
			<xmax>1349</xmax>
			<ymax>1572</ymax>
		</bndbox>
	</object>
	<object>
		<name>ref_coin</name>
		<bndbox>
			<xmin>126</xmin>
			<ymin>833</ymin>
			<xmax>344</xmax>
			<ymax>978</ymax>
		</bndbox>
	</object>
	<object>
		<name>dish</name>
		<bndbox>
			<xmin>954</xmin>
			<ymin>79</ymin>
			<xmax>2194</xmax>
			<ymax>1135</ymax>
		</bndbox>
	</object>
	<object>
		<name>갈비탕</name>
		<bndbox>
			<xmin>1209</xmin>
			<ymin>477</ymin>
			<xmax>1946</xmax>
			<ymax>769</ymax>
		</bndbox>
	</object>
</annotation>