<annotation>
	<folder>side건더기국류뚝배기갈비탕q1</folder>
	<filename>side_건더기국류_뚝배기_갈비탕_Q1_00030.JPG</filename>
	<path>/side건더기국류뚝배기갈비탕q1/side_건더기국류_뚝배기_갈비탕_Q1_00030.JPG</path>
	<source>
		<database>fooddata</database>
	</source>
	<size>
		<width>3008</width>
		<height>2000</height>
		<depth>3</depth>
	</size>
	<object>
		<name>ref_spoon</name>
		<bndbox>
			<xmin>826</xmin>
			<ymin>1597</ymin>
			<xmax>1298</xmax>
			<ymax>1840</ymax>
		</bndbox>
	</object>
	<object>
		<name>ref_fork</name>
		<bndbox>
			<xmin>848</xmin>
			<ymin>1369</ymin>
			<xmax>1344</xmax>
			<ymax>1575</ymax>
		</bndbox>
	</object>
	<object>
		<name>ref_coin</name>
		<bndbox>
			<xmin>310</xmin>
			<ymin>1160</ymin>
			<xmax>538</xmax>
			<ymax>1322</ymax>
		</bndbox>
	</object>
	<object>
		<name>dish</name>
		<bndbox>
			<xmin>919</xmin>
			<ymin>81</ymin>
			<xmax>2153</xmax>
			<ymax>1145</ymax>
		</bndbox>
	</object>
	<object>
		<name>갈비탕</name>
		<bndbox>
			<xmin>1185</xmin>
			<ymin>568</ymin>
			<xmax>1936</xmax>
			<ymax>779</ymax>
		</bndbox>
	</object>
</annotation>