<annotation>
	<folder>side건더기국류뚝배기갈비탕q1</folder>
	<filename>side_건더기국류_뚝배기_갈비탕_Q1_00003.JPG</filename>
	<path>/side건더기국류뚝배기갈비탕q1/side_건더기국류_뚝배기_갈비탕_Q1_00003.JPG</path>
	<source>
		<database>fooddata</database>
	</source>
	<size>
		<width>3008</width>
		<height>2000</height>
		<depth>3</depth>
	</size>
	<object>
		<name>ref_spoon</name>
		<bndbox>
			<xmin>1932</xmin>
			<ymin>526</ymin>
			<xmax>2194</xmax>
			<ymax>848</ymax>
		</bndbox>
	</object>
	<object>
		<name>ref_fork</name>
		<bndbox>
			<xmin>2315</xmin>
			<ymin>489</ymin>
			<xmax>2541</xmax>
			<ymax>857</ymax>
		</bndbox>
	</object>
	<object>
		<name>ref_coin</name>
		<bndbox>
			<xmin>1133</xmin>
			<ymin>1649</ymin>
			<xmax>1359</xmax>
			<ymax>1818</ymax>
		</bndbox>
	</object>
	<object>
		<name>dish</name>
		<bndbox>
			<xmin>629</xmin>
			<ymin>346</ymin>
			<xmax>1848</xmax>
			<ymax>1391</ymax>
		</bndbox>
	</object>
	<object>
		<name>갈비탕</name>
		<bndbox>
			<xmin>870</xmin>
			<ymin>715</ymin>
			<xmax>1629</xmax>
			<ymax>1064</ymax>
		</bndbox>
	</object>
</annotation>