<annotation>
	<folder>side건더기국류뚝배기갈비탕q1</folder>
	<filename>side_건더기국류_뚝배기_갈비탕_Q1_00011.JPG</filename>
	<path>/side건더기국류뚝배기갈비탕q1/side_건더기국류_뚝배기_갈비탕_Q1_00011.JPG</path>
	<source>
		<database>fooddata</database>
	</source>
	<size>
		<width>3008</width>
		<height>2000</height>
		<depth>3</depth>
	</size>
	<object>
		<name>ref_spoon</name>
		<bndbox>
			<xmin>1941</xmin>
			<ymin>548</ymin>
			<xmax>2231</xmax>
			<ymax>894</ymax>
		</bndbox>
	</object>
	<object>
		<name>ref_fork</name>
		<bndbox>
			<xmin>2359</xmin>
			<ymin>504</ymin>
			<xmax>2605</xmax>
			<ymax>899</ymax>
		</bndbox>
	</object>
	<object>
		<name>ref_coin</name>
		<bndbox>
			<xmin>1755</xmin>
			<ymin>1275</ymin>
			<xmax>1981</xmax>
			<ymax>1442</ymax>
		</bndbox>
	</object>
	<object>
		<name>dish</name>
		<bndbox>
			<xmin>275</xmin>
			<ymin>349</ymin>
			<xmax>1585</xmax>
			<ymax>1474</ymax>
		</bndbox>
	</object>
	<object>
		<name>갈비탕</name>
		<bndbox>
			<xmin>541</xmin>
			<ymin>835</ymin>
			<xmax>1339</xmax>
			<ymax>1106</ymax>
		</bndbox>
	</object>
</annotation>