<annotation>
	<folder>side건더기국류뚝배기갈비탕q1</folder>
	<filename>side_건더기국류_뚝배기_갈비탕_Q1_00020.JPG</filename>
	<path>/side건더기국류뚝배기갈비탕q1/side_건더기국류_뚝배기_갈비탕_Q1_00020.JPG</path>
	<source>
		<database>fooddata</database>
	</source>
	<size>
		<width>3008</width>
		<height>2000</height>
		<depth>3</depth>
	</size>
	<object>
		<name>ref_spoon</name>
		<bndbox>
			<xmin>752</xmin>
			<ymin>1619</ymin>
			<xmax>1239</xmax>
			<ymax>1865</ymax>
		</bndbox>
	</object>
	<object>
		<name>ref_fork</name>
		<bndbox>
			<xmin>767</xmin>
			<ymin>1386</ymin>
			<xmax>1290</xmax>
			<ymax>1600</ymax>
		</bndbox>
	</object>
	<object>
		<name>ref_coin</name>
		<bndbox>
			<xmin>2298</xmin>
			<ymin>971</ymin>
			<xmax>2516</xmax>
			<ymax>1120</ymax>
		</bndbox>
	</object>
	<object>
		<name>dish</name>
		<bndbox>
			<xmin>831</xmin>
			<ymin>106</ymin>
			<xmax>2069</xmax>
			<ymax>1165</ymax>
		</bndbox>
	</object>
	<object>
		<name>갈비탕</name>
		<bndbox>
			<xmin>1069</xmin>
			<ymin>506</ymin>
			<xmax>1809</xmax>
			<ymax>794</ymax>
		</bndbox>
	</object>
</annotation>