<annotation>
	<folder>side건더기국류뚝배기갈비탕q1</folder>
	<filename>side_건더기국류_뚝배기_갈비탕_Q1_00041.JPG</filename>
	<path>/side건더기국류뚝배기갈비탕q1/side_건더기국류_뚝배기_갈비탕_Q1_00041.JPG</path>
	<source>
		<database>fooddata</database>
	</source>
	<size>
		<width>3008</width>
		<height>2000</height>
		<depth>3</depth>
	</size>
	<object>
		<name>ref_spoon</name>
		<bndbox>
			<xmin>62</xmin>
			<ymin>649</ymin>
			<xmax>359</xmax>
			<ymax>1027</ymax>
		</bndbox>
	</object>
	<object>
		<name>ref_fork</name>
		<bndbox>
			<xmin>514</xmin>
			<ymin>654</ymin>
			<xmax>715</xmax>
			<ymax>1081</ymax>
		</bndbox>
	</object>
	<object>
		<name>ref_coin</name>
		<bndbox>
			<xmin>2317</xmin>
			<ymin>1118</ymin>
			<xmax>2538</xmax>
			<ymax>1285</ymax>
		</bndbox>
	</object>
	<object>
		<name>dish</name>
		<bndbox>
			<xmin>995</xmin>
			<ymin>194</ymin>
			<xmax>2241</xmax>
			<ymax>1268</ymax>
		</bndbox>
	</object>
	<object>
		<name>갈비탕</name>
		<bndbox>
			<xmin>1217</xmin>
			<ymin>668</ymin>
			<xmax>1986</xmax>
			<ymax>936</ymax>
		</bndbox>
	</object>
</annotation>