<annotation>
	<folder>top건더기국류뚝배기갈비탕q1</folder>
	<filename>top_건더기국류_뚝배기_갈비탕_Q1_00041.JPG</filename>
	<path>/top건더기국류뚝배기갈비탕q1/top_건더기국류_뚝배기_갈비탕_Q1_00041.JPG</path>
	<source>
		<database>fooddata</database>
	</source>
	<size>
		<width>3008</width>
		<height>2000</height>
		<depth>3</depth>
	</size>
	<object>
		<name>ref_spoon</name>
		<bndbox>
			<xmin>506</xmin>
			<ymin>413</ymin>
			<xmax>752</xmax>
			<ymax>786</ymax>
		</bndbox>
	</object>
	<object>
		<name>ref_fork</name>
		<bndbox>
			<xmin>863</xmin>
			<ymin>423</ymin>
			<xmax>1035</xmax>
			<ymax>848</ymax>
		</bndbox>
	</object>
	<object>
		<name>ref_coin</name>
		<bndbox>
			<xmin>1445</xmin>
			<ymin>197</ymin>
			<xmax>1615</xmax>
			<ymax>361</ymax>
		</bndbox>
	</object>
	<object>
		<name>dish</name>
		<bndbox>
			<xmin>1288</xmin>
			<ymin>349</ymin>
			<xmax>2506</xmax>
			<ymax>1563</ymax>
		</bndbox>
	</object>
	<object>
		<name>갈비탕</name>
		<bndbox>
			<xmin>1467</xmin>
			<ymin>631</ymin>
			<xmax>2219</xmax>
			<ymax>1378</ymax>
		</bndbox>
	</object>
</annotation>