<annotation>
	<folder>top건더기국류뚝배기갈비탕q1</folder>
	<filename>top_건더기국류_뚝배기_갈비탕_Q1_00021.JPG</filename>
	<path>/top건더기국류뚝배기갈비탕q1/top_건더기국류_뚝배기_갈비탕_Q1_00021.JPG</path>
	<source>
		<database>fooddata</database>
	</source>
	<size>
		<width>3008</width>
		<height>2000</height>
		<depth>3</depth>
	</size>
	<object>
		<name>ref_spoon</name>
		<bndbox>
			<xmin>1018</xmin>
			<ymin>1651</ymin>
			<xmax>1379</xmax>
			<ymax>1909</ymax>
		</bndbox>
	</object>
	<object>
		<name>ref_fork</name>
		<bndbox>
			<xmin>1101</xmin>
			<ymin>1425</ymin>
			<xmax>1482</xmax>
			<ymax>1585</ymax>
		</bndbox>
	</object>
	<object>
		<name>ref_coin</name>
		<bndbox>
			<xmin>2514</xmin>
			<ymin>516</ymin>
			<xmax>2664</xmax>
			<ymax>673</ymax>
		</bndbox>
	</object>
	<object>
		<name>dish</name>
		<bndbox>
			<xmin>1177</xmin>
			<ymin>170</ymin>
			<xmax>2325</xmax>
			<ymax>1295</ymax>
		</bndbox>
	</object>
	<object>
		<name>갈비탕</name>
		<bndbox>
			<xmin>1359</xmin>
			<ymin>462</ymin>
			<xmax>2059</xmax>
			<ymax>1145</ymax>
		</bndbox>
	</object>
</annotation>