<annotation>
	<folder>top건더기국류뚝배기갈비탕q1</folder>
	<filename>top_건더기국류_뚝배기_갈비탕_Q1_00028.JPG</filename>
	<path>/top건더기국류뚝배기갈비탕q1/top_건더기국류_뚝배기_갈비탕_Q1_00028.JPG</path>
	<source>
		<database>fooddata</database>
	</source>
	<size>
		<width>3008</width>
		<height>2000</height>
		<depth>3</depth>
	</size>
	<object>
		<name>ref_spoon</name>
		<bndbox>
			<xmin>1079</xmin>
			<ymin>1636</ymin>
			<xmax>1467</xmax>
			<ymax>1907</ymax>
		</bndbox>
	</object>
	<object>
		<name>ref_fork</name>
		<bndbox>
			<xmin>1150</xmin>
			<ymin>1376</ymin>
			<xmax>1543</xmax>
			<ymax>1563</ymax>
		</bndbox>
	</object>
	<object>
		<name>ref_coin</name>
		<bndbox>
			<xmin>460</xmin>
			<ymin>1334</ymin>
			<xmax>654</xmax>
			<ymax>1521</ymax>
		</bndbox>
	</object>
	<object>
		<name>dish</name>
		<bndbox>
			<xmin>1150</xmin>
			<ymin>88</ymin>
			<xmax>2354</xmax>
			<ymax>1270</ymax>
		</bndbox>
	</object>
	<object>
		<name>갈비탕</name>
		<bndbox>
			<xmin>1344</xmin>
			<ymin>403</ymin>
			<xmax>2074</xmax>
			<ymax>1120</ymax>
		</bndbox>
	</object>
</annotation>