<annotation>
	<folder>top건더기국류뚝배기갈비탕q1</folder>
	<filename>top_건더기국류_뚝배기_갈비탕_Q1_00026.JPG</filename>
	<path>/top건더기국류뚝배기갈비탕q1/top_건더기국류_뚝배기_갈비탕_Q1_00026.JPG</path>
	<source>
		<database>fooddata</database>
	</source>
	<size>
		<width>3008</width>
		<height>2000</height>
		<depth>3</depth>
	</size>
	<object>
		<name>ref_spoon</name>
		<bndbox>
			<xmin>1074</xmin>
			<ymin>1604</ymin>
			<xmax>1443</xmax>
			<ymax>1862</ymax>
		</bndbox>
	</object>
	<object>
		<name>ref_fork</name>
		<bndbox>
			<xmin>1140</xmin>
			<ymin>1373</ymin>
			<xmax>1531</xmax>
			<ymax>1545</ymax>
		</bndbox>
	</object>
	<object>
		<name>ref_coin</name>
		<bndbox>
			<xmin>600</xmin>
			<ymin>771</ymin>
			<xmax>774</xmax>
			<ymax>941</ymax>
		</bndbox>
	</object>
	<object>
		<name>dish</name>
		<bndbox>
			<xmin>1180</xmin>
			<ymin>140</ymin>
			<xmax>2325</xmax>
			<ymax>1263</ymax>
		</bndbox>
	</object>
	<object>
		<name>갈비탕</name>
		<bndbox>
			<xmin>1374</xmin>
			<ymin>440</ymin>
			<xmax>2059</xmax>
			<ymax>1133</ymax>
		</bndbox>
	</object>
</annotation>