<annotation>
	<folder>top건더기국류뚝배기갈비탕q1</folder>
	<filename>top_건더기국류_뚝배기_갈비탕_Q1_00016.JPG</filename>
	<path>/top건더기국류뚝배기갈비탕q1/top_건더기국류_뚝배기_갈비탕_Q1_00016.JPG</path>
	<source>
		<database>fooddata</database>
	</source>
	<size>
		<width>3008</width>
		<height>2000</height>
		<depth>3</depth>
	</size>
	<object>
		<name>ref_spoon</name>
		<bndbox>
			<xmin>2081</xmin>
			<ymin>160</ymin>
			<xmax>2354</xmax>
			<ymax>595</ymax>
		</bndbox>
	</object>
	<object>
		<name>ref_fork</name>
		<bndbox>
			<xmin>2438</xmin>
			<ymin>133</ymin>
			<xmax>2637</xmax>
			<ymax>614</ymax>
		</bndbox>
	</object>
	<object>
		<name>ref_coin</name>
		<bndbox>
			<xmin>1361</xmin>
			<ymin>1658</ymin>
			<xmax>1565</xmax>
			<ymax>1872</ymax>
		</bndbox>
	</object>
	<object>
		<name>dish</name>
		<bndbox>
			<xmin>386</xmin>
			<ymin>143</ymin>
			<xmax>1814</xmax>
			<ymax>1538</ymax>
		</bndbox>
	</object>
	<object>
		<name>갈비탕</name>
		<bndbox>
			<xmin>735</xmin>
			<ymin>482</ymin>
			<xmax>1580</xmax>
			<ymax>1319</ymax>
		</bndbox>
	</object>
</annotation>