<annotation>
	<folder>top건더기국류뚝배기갈비탕q1</folder>
	<filename>top_건더기국류_뚝배기_갈비탕_Q1_00020.JPG</filename>
	<path>/top건더기국류뚝배기갈비탕q1/top_건더기국류_뚝배기_갈비탕_Q1_00020.JPG</path>
	<source>
		<database>fooddata</database>
	</source>
	<size>
		<width>3008</width>
		<height>2000</height>
		<depth>3</depth>
	</size>
	<object>
		<name>ref_spoon</name>
		<bndbox>
			<xmin>1025</xmin>
			<ymin>1668</ymin>
			<xmax>1416</xmax>
			<ymax>1921</ymax>
		</bndbox>
	</object>
	<object>
		<name>ref_fork</name>
		<bndbox>
			<xmin>1106</xmin>
			<ymin>1432</ymin>
			<xmax>1497</xmax>
			<ymax>1600</ymax>
		</bndbox>
	</object>
	<object>
		<name>ref_coin</name>
		<bndbox>
			<xmin>2462</xmin>
			<ymin>666</ymin>
			<xmax>2622</xmax>
			<ymax>826</ymax>
		</bndbox>
	</object>
	<object>
		<name>dish</name>
		<bndbox>
			<xmin>1153</xmin>
			<ymin>143</ymin>
			<xmax>2285</xmax>
			<ymax>1248</ymax>
		</bndbox>
	</object>
	<object>
		<name>갈비탕</name>
		<bndbox>
			<xmin>1347</xmin>
			<ymin>428</ymin>
			<xmax>2022</xmax>
			<ymax>1115</ymax>
		</bndbox>
	</object>
</annotation>