<annotation>
	<folder>top건더기국류뚝배기갈비탕q1</folder>
	<filename>top_건더기국류_뚝배기_갈비탕_Q1_00014.JPG</filename>
	<path>/top건더기국류뚝배기갈비탕q1/top_건더기국류_뚝배기_갈비탕_Q1_00014.JPG</path>
	<source>
		<database>fooddata</database>
	</source>
	<size>
		<width>3008</width>
		<height>2000</height>
		<depth>3</depth>
	</size>
	<object>
		<name>ref_spoon</name>
		<bndbox>
			<xmin>2074</xmin>
			<ymin>194</ymin>
			<xmax>2352</xmax>
			<ymax>622</ymax>
		</bndbox>
	</object>
	<object>
		<name>ref_fork</name>
		<bndbox>
			<xmin>2443</xmin>
			<ymin>165</ymin>
			<xmax>2627</xmax>
			<ymax>641</ymax>
		</bndbox>
	</object>
	<object>
		<name>ref_coin</name>
		<bndbox>
			<xmin>1767</xmin>
			<ymin>1290</ymin>
			<xmax>1976</xmax>
			<ymax>1496</ymax>
		</bndbox>
	</object>
	<object>
		<name>dish</name>
		<bndbox>
			<xmin>369</xmin>
			<ymin>231</ymin>
			<xmax>1796</xmax>
			<ymax>1639</ymax>
		</bndbox>
	</object>
	<object>
		<name>갈비탕</name>
		<bndbox>
			<xmin>723</xmin>
			<ymin>572</ymin>
			<xmax>1570</xmax>
			<ymax>1415</ymax>
		</bndbox>
	</object>
</annotation>