<annotation>
	<folder>top건더기국류뚝배기갈비탕q1</folder>
	<filename>top_건더기국류_뚝배기_갈비탕_Q1_00011.JPG</filename>
	<path>/top건더기국류뚝배기갈비탕q1/top_건더기국류_뚝배기_갈비탕_Q1_00011.JPG</path>
	<source>
		<database>fooddata</database>
	</source>
	<size>
		<width>3008</width>
		<height>2000</height>
		<depth>3</depth>
	</size>
	<object>
		<name>ref_spoon</name>
		<bndbox>
			<xmin>2069</xmin>
			<ymin>246</ymin>
			<xmax>2339</xmax>
			<ymax>688</ymax>
		</bndbox>
	</object>
	<object>
		<name>ref_fork</name>
		<bndbox>
			<xmin>2428</xmin>
			<ymin>224</ymin>
			<xmax>2619</xmax>
			<ymax>710</ymax>
		</bndbox>
	</object>
	<object>
		<name>ref_coin</name>
		<bndbox>
			<xmin>1406</xmin>
			<ymin>152</ymin>
			<xmax>1602</xmax>
			<ymax>344</ymax>
		</bndbox>
	</object>
	<object>
		<name>dish</name>
		<bndbox>
			<xmin>592</xmin>
			<ymin>437</ymin>
			<xmax>2020</xmax>
			<ymax>1860</ymax>
		</bndbox>
	</object>
	<object>
		<name>갈비탕</name>
		<bndbox>
			<xmin>914</xmin>
			<ymin>757</ymin>
			<xmax>1757</xmax>
			<ymax>1590</ymax>
		</bndbox>
	</object>
</annotation>