<annotation>
	<folder>top건더기국류뚝배기갈비탕q1</folder>
	<filename>top_건더기국류_뚝배기_갈비탕_Q1_00001.JPG</filename>
	<path>/top건더기국류뚝배기갈비탕q1/top_건더기국류_뚝배기_갈비탕_Q1_00001.JPG</path>
	<source>
		<database>fooddata</database>
	</source>
	<size>
		<width>3008</width>
		<height>2000</height>
		<depth>3</depth>
	</size>
	<object>
		<name>ref_spoon</name>
		<bndbox>
			<xmin>1900</xmin>
			<ymin>174</ymin>
			<xmax>2182</xmax>
			<ymax>612</ymax>
		</bndbox>
	</object>
	<object>
		<name>ref_fork</name>
		<bndbox>
			<xmin>2268</xmin>
			<ymin>155</ymin>
			<xmax>2455</xmax>
			<ymax>631</ymax>
		</bndbox>
	</object>
	<object>
		<name>ref_coin</name>
		<bndbox>
			<xmin>1578</xmin>
			<ymin>1543</ymin>
			<xmax>1777</xmax>
			<ymax>1742</ymax>
		</bndbox>
	</object>
	<object>
		<name>dish</name>
		<bndbox>
			<xmin>425</xmin>
			<ymin>278</ymin>
			<xmax>1826</xmax>
			<ymax>1656</ymax>
		</bndbox>
	</object>
	<object>
		<name>갈비탕</name>
		<bndbox>
			<xmin>733</xmin>
			<ymin>555</ymin>
			<xmax>1592</xmax>
			<ymax>1361</ymax>
		</bndbox>
	</object>
</annotation>