<annotation>
	<folder>side반찬부피접시어묵볶음q3</folder>
	<filename>side_반찬부피_접시_어묵볶음_Q3_00039.JPG</filename>
	<path>/side반찬부피접시어묵볶음q3/side_반찬부피_접시_어묵볶음_Q3_00039.JPG</path>
	<source>
		<database>fooddata</database>
	</source>
	<size>
		<width>3008</width>
		<height>2000</height>
		<depth>3</depth>
	</size>
	<object>
		<name>ref_spoon</name>
		<bndbox>
			<xmin>111</xmin>
			<ymin>570</ymin>
			<xmax>447</xmax>
			<ymax>956</ymax>
		</bndbox>
	</object>
	<object>
		<name>ref_fork</name>
		<bndbox>
			<xmin>580</xmin>
			<ymin>592</ymin>
			<xmax>816</xmax>
			<ymax>1044</ymax>
		</bndbox>
	</object>
	<object>
		<name>ref_coin</name>
		<bndbox>
			<xmin>2612</xmin>
			<ymin>956</ymin>
			<xmax>2858</xmax>
			<ymax>1128</ymax>
		</bndbox>
	</object>
	<object>
		<name>dish</name>
		<bndbox>
			<xmin>892</xmin>
			<ymin>609</ymin>
			<xmax>2529</xmax>
			<ymax>1695</ymax>
		</bndbox>
	</object>
	<object>
		<name>어묵볶음</name>
		<bndbox>
			<xmin>1185</xmin>
			<ymin>752</ymin>
			<xmax>2251</xmax>
			<ymax>1533</ymax>
		</bndbox>
	</object>
</annotation>