<annotation>
	<folder>side반찬부피접시어묵볶음q3</folder>
	<filename>side_반찬부피_접시_어묵볶음_Q3_00045.JPG</filename>
	<path>/side반찬부피접시어묵볶음q3/side_반찬부피_접시_어묵볶음_Q3_00045.JPG</path>
	<source>
		<database>fooddata</database>
	</source>
	<size>
		<width>3008</width>
		<height>2000</height>
		<depth>3</depth>
	</size>
	<object>
		<name>ref_spoon</name>
		<bndbox>
			<xmin>192</xmin>
			<ymin>550</ymin>
			<xmax>516</xmax>
			<ymax>948</ymax>
		</bndbox>
	</object>
	<object>
		<name>ref_fork</name>
		<bndbox>
			<xmin>654</xmin>
			<ymin>553</ymin>
			<xmax>885</xmax>
			<ymax>1007</ymax>
		</bndbox>
	</object>
	<object>
		<name>ref_coin</name>
		<bndbox>
			<xmin>1018</xmin>
			<ymin>1703</ymin>
			<xmax>1280</xmax>
			<ymax>1899</ymax>
		</bndbox>
	</object>
	<object>
		<name>dish</name>
		<bndbox>
			<xmin>988</xmin>
			<ymin>499</ymin>
			<xmax>2590</xmax>
			<ymax>1600</ymax>
		</bndbox>
	</object>
	<object>
		<name>어묵볶음</name>
		<bndbox>
			<xmin>1256</xmin>
			<ymin>663</ymin>
			<xmax>2344</xmax>
			<ymax>1425</ymax>
		</bndbox>
	</object>
</annotation>