<annotation>
	<folder>side반찬부피접시어묵볶음q3</folder>
	<filename>side_반찬부피_접시_어묵볶음_Q3_00054.JPG</filename>
	<path>/side반찬부피접시어묵볶음q3/side_반찬부피_접시_어묵볶음_Q3_00054.JPG</path>
	<source>
		<database>fooddata</database>
	</source>
	<size>
		<width>3008</width>
		<height>2000</height>
		<depth>3</depth>
	</size>
	<object>
		<name>ref_spoon</name>
		<bndbox>
			<xmin>177</xmin>
			<ymin>486</ymin>
			<xmax>511</xmax>
			<ymax>882</ymax>
		</bndbox>
	</object>
	<object>
		<name>ref_fork</name>
		<bndbox>
			<xmin>654</xmin>
			<ymin>482</ymin>
			<xmax>887</xmax>
			<ymax>943</ymax>
		</bndbox>
	</object>
	<object>
		<name>ref_coin</name>
		<bndbox>
			<xmin>1015</xmin>
			<ymin>1590</ymin>
			<xmax>1280</xmax>
			<ymax>1786</ymax>
		</bndbox>
	</object>
	<object>
		<name>dish</name>
		<bndbox>
			<xmin>1022</xmin>
			<ymin>383</ymin>
			<xmax>2664</xmax>
			<ymax>1462</ymax>
		</bndbox>
	</object>
	<object>
		<name>어묵볶음</name>
		<bndbox>
			<xmin>1212</xmin>
			<ymin>560</ymin>
			<xmax>2384</xmax>
			<ymax>1300</ymax>
		</bndbox>
	</object>
</annotation>