<annotation>
	<folder>side반찬부피접시어묵볶음q3</folder>
	<filename>side_반찬부피_접시_어묵볶음_Q3_00041.JPG</filename>
	<path>/side반찬부피접시어묵볶음q3/side_반찬부피_접시_어묵볶음_Q3_00041.JPG</path>
	<source>
		<database>fooddata</database>
	</source>
	<size>
		<width>3008</width>
		<height>2000</height>
		<depth>3</depth>
	</size>
	<object>
		<name>ref_spoon</name>
		<bndbox>
			<xmin>197</xmin>
			<ymin>587</ymin>
			<xmax>531</xmax>
			<ymax>1007</ymax>
		</bndbox>
	</object>
	<object>
		<name>ref_fork</name>
		<bndbox>
			<xmin>664</xmin>
			<ymin>602</ymin>
			<xmax>897</xmax>
			<ymax>1076</ymax>
		</bndbox>
	</object>
	<object>
		<name>ref_coin</name>
		<bndbox>
			<xmin>2072</xmin>
			<ymin>219</ymin>
			<xmax>2293</xmax>
			<ymax>381</ymax>
		</bndbox>
	</object>
	<object>
		<name>dish</name>
		<bndbox>
			<xmin>976</xmin>
			<ymin>592</ymin>
			<xmax>2600</xmax>
			<ymax>1720</ymax>
		</bndbox>
	</object>
	<object>
		<name>어묵볶음</name>
		<bndbox>
			<xmin>1263</xmin>
			<ymin>747</ymin>
			<xmax>2315</xmax>
			<ymax>1560</ymax>
		</bndbox>
	</object>
</annotation>