<annotation>
	<folder>side반찬부피접시어묵볶음q3</folder>
	<filename>side_반찬부피_접시_어묵볶음_Q3_00019.JPG</filename>
	<path>/side반찬부피접시어묵볶음q3/side_반찬부피_접시_어묵볶음_Q3_00019.JPG</path>
	<source>
		<database>fooddata</database>
	</source>
	<size>
		<width>3008</width>
		<height>2000</height>
		<depth>3</depth>
	</size>
	<object>
		<name>ref_spoon</name>
		<bndbox>
			<xmin>730</xmin>
			<ymin>1565</ymin>
			<xmax>1207</xmax>
			<ymax>1853</ymax>
		</bndbox>
	</object>
	<object>
		<name>ref_fork</name>
		<bndbox>
			<xmin>760</xmin>
			<ymin>1302</ymin>
			<xmax>1266</xmax>
			<ymax>1563</ymax>
		</bndbox>
	</object>
	<object>
		<name>ref_coin</name>
		<bndbox>
			<xmin>2411</xmin>
			<ymin>781</ymin>
			<xmax>2619</xmax>
			<ymax>931</ymax>
		</bndbox>
	</object>
	<object>
		<name>dish</name>
		<bndbox>
			<xmin>826</xmin>
			<ymin>278</ymin>
			<xmax>2244</xmax>
			<ymax>1179</ymax>
		</bndbox>
	</object>
	<object>
		<name>어묵볶음</name>
		<bndbox>
			<xmin>1081</xmin>
			<ymin>420</ymin>
			<xmax>1961</xmax>
			<ymax>1071</ymax>
		</bndbox>
	</object>
</annotation>