<annotation>
	<folder>side반찬부피접시어묵볶음q3</folder>
	<filename>side_반찬부피_접시_어묵볶음_Q3_00015.JPG</filename>
	<path>/side반찬부피접시어묵볶음q3/side_반찬부피_접시_어묵볶음_Q3_00015.JPG</path>
	<source>
		<database>fooddata</database>
	</source>
	<size>
		<width>3008</width>
		<height>2000</height>
		<depth>3</depth>
	</size>
	<object>
		<name>ref_spoon</name>
		<bndbox>
			<xmin>1740</xmin>
			<ymin>356</ymin>
			<xmax>2069</xmax>
			<ymax>727</ymax>
		</bndbox>
	</object>
	<object>
		<name>ref_fork</name>
		<bndbox>
			<xmin>2202</xmin>
			<ymin>312</ymin>
			<xmax>2462</xmax>
			<ymax>757</ymax>
		</bndbox>
	</object>
	<object>
		<name>ref_coin</name>
		<bndbox>
			<xmin>2583</xmin>
			<ymin>568</ymin>
			<xmax>2818</xmax>
			<ymax>727</ymax>
		</bndbox>
	</object>
	<object>
		<name>dish</name>
		<bndbox>
			<xmin>99</xmin>
			<ymin>548</ymin>
			<xmax>1774</xmax>
			<ymax>1668</ymax>
		</bndbox>
	</object>
	<object>
		<name>어묵볶음</name>
		<bndbox>
			<xmin>344</xmin>
			<ymin>735</ymin>
			<xmax>1489</xmax>
			<ymax>1553</ymax>
		</bndbox>
	</object>
</annotation>