<annotation>
	<folder>side반찬부피접시어묵볶음q3</folder>
	<filename>side_반찬부피_접시_어묵볶음_Q3_00036.JPG</filename>
	<path>/side반찬부피접시어묵볶음q3/side_반찬부피_접시_어묵볶음_Q3_00036.JPG</path>
	<source>
		<database>fooddata</database>
	</source>
	<size>
		<width>3008</width>
		<height>2000</height>
		<depth>3</depth>
	</size>
	<object>
		<name>ref_spoon</name>
		<bndbox>
			<xmin>361</xmin>
			<ymin>400</ymin>
			<xmax>683</xmax>
			<ymax>811</ymax>
		</bndbox>
	</object>
	<object>
		<name>ref_fork</name>
		<bndbox>
			<xmin>831</xmin>
			<ymin>400</ymin>
			<xmax>1052</xmax>
			<ymax>857</ymax>
		</bndbox>
	</object>
	<object>
		<name>ref_coin</name>
		<bndbox>
			<xmin>2271</xmin>
			<ymin>1447</ymin>
			<xmax>2531</xmax>
			<ymax>1644</ymax>
		</bndbox>
	</object>
	<object>
		<name>dish</name>
		<bndbox>
			<xmin>1126</xmin>
			<ymin>275</ymin>
			<xmax>2735</xmax>
			<ymax>1356</ymax>
		</bndbox>
	</object>
	<object>
		<name>어묵볶음</name>
		<bndbox>
			<xmin>1352</xmin>
			<ymin>457</ymin>
			<xmax>2487</xmax>
			<ymax>1184</ymax>
		</bndbox>
	</object>
</annotation>