<annotation>
	<folder>side반찬부피접시어묵볶음q3</folder>
	<filename>side_반찬부피_접시_어묵볶음_Q3_00035.JPG</filename>
	<path>/side반찬부피접시어묵볶음q3/side_반찬부피_접시_어묵볶음_Q3_00035.JPG</path>
	<source>
		<database>fooddata</database>
	</source>
	<size>
		<width>3008</width>
		<height>2000</height>
		<depth>3</depth>
	</size>
	<object>
		<name>ref_spoon</name>
		<bndbox>
			<xmin>369</xmin>
			<ymin>442</ymin>
			<xmax>703</xmax>
			<ymax>838</ymax>
		</bndbox>
	</object>
	<object>
		<name>ref_fork</name>
		<bndbox>
			<xmin>841</xmin>
			<ymin>435</ymin>
			<xmax>1072</xmax>
			<ymax>885</ymax>
		</bndbox>
	</object>
	<object>
		<name>ref_coin</name>
		<bndbox>
			<xmin>1880</xmin>
			<ymin>1560</ymin>
			<xmax>2143</xmax>
			<ymax>1762</ymax>
		</bndbox>
	</object>
	<object>
		<name>dish</name>
		<bndbox>
			<xmin>1140</xmin>
			<ymin>324</ymin>
			<xmax>2745</xmax>
			<ymax>1400</ymax>
		</bndbox>
	</object>
	<object>
		<name>어묵볶음</name>
		<bndbox>
			<xmin>1371</xmin>
			<ymin>501</ymin>
			<xmax>2494</xmax>
			<ymax>1229</ymax>
		</bndbox>
	</object>
</annotation>