<annotation>
	<folder>side반찬부피접시어묵볶음q3</folder>
	<filename>side_반찬부피_접시_어묵볶음_Q3_00031.JPG</filename>
	<path>/side반찬부피접시어묵볶음q3/side_반찬부피_접시_어묵볶음_Q3_00031.JPG</path>
	<source>
		<database>fooddata</database>
	</source>
	<size>
		<width>3008</width>
		<height>2000</height>
		<depth>3</depth>
	</size>
	<object>
		<name>ref_spoon</name>
		<bndbox>
			<xmin>612</xmin>
			<ymin>1602</ymin>
			<xmax>1143</xmax>
			<ymax>1912</ymax>
		</bndbox>
	</object>
	<object>
		<name>ref_fork</name>
		<bndbox>
			<xmin>713</xmin>
			<ymin>1344</ymin>
			<xmax>1283</xmax>
			<ymax>1631</ymax>
		</bndbox>
	</object>
	<object>
		<name>ref_coin</name>
		<bndbox>
			<xmin>2583</xmin>
			<ymin>253</ymin>
			<xmax>2811</xmax>
			<ymax>405</ymax>
		</bndbox>
	</object>
	<object>
		<name>dish</name>
		<bndbox>
			<xmin>944</xmin>
			<ymin>268</ymin>
			<xmax>2570</xmax>
			<ymax>1305</ymax>
		</bndbox>
	</object>
	<object>
		<name>어묵볶음</name>
		<bndbox>
			<xmin>1217</xmin>
			<ymin>469</ymin>
			<xmax>2339</xmax>
			<ymax>1157</ymax>
		</bndbox>
	</object>
</annotation>