<annotation>
	<folder>side반찬부피접시어묵볶음q3</folder>
	<filename>side_반찬부피_접시_어묵볶음_Q3_00055.JPG</filename>
	<path>/side반찬부피접시어묵볶음q3/side_반찬부피_접시_어묵볶음_Q3_00055.JPG</path>
	<source>
		<database>fooddata</database>
	</source>
	<size>
		<width>3008</width>
		<height>2000</height>
		<depth>3</depth>
	</size>
	<object>
		<name>ref_spoon</name>
		<bndbox>
			<xmin>175</xmin>
			<ymin>381</ymin>
			<xmax>506</xmax>
			<ymax>771</ymax>
		</bndbox>
	</object>
	<object>
		<name>ref_fork</name>
		<bndbox>
			<xmin>651</xmin>
			<ymin>376</ymin>
			<xmax>877</xmax>
			<ymax>835</ymax>
		</bndbox>
	</object>
	<object>
		<name>ref_coin</name>
		<bndbox>
			<xmin>1538</xmin>
			<ymin>1543</ymin>
			<xmax>1806</xmax>
			<ymax>1742</ymax>
		</bndbox>
	</object>
	<object>
		<name>dish</name>
		<bndbox>
			<xmin>1022</xmin>
			<ymin>270</ymin>
			<xmax>2659</xmax>
			<ymax>1351</ymax>
		</bndbox>
	</object>
	<object>
		<name>어묵볶음</name>
		<bndbox>
			<xmin>1212</xmin>
			<ymin>469</ymin>
			<xmax>2384</xmax>
			<ymax>1184</ymax>
		</bndbox>
	</object>
</annotation>