<annotation>
	<folder>top반찬부피접시어묵볶음q3</folder>
	<filename>top_반찬부피_접시_어묵볶음_Q3_00044.JPG</filename>
	<path>/top반찬부피접시어묵볶음q3/top_반찬부피_접시_어묵볶음_Q3_00044.JPG</path>
	<source>
		<database>fooddata</database>
	</source>
	<size>
		<width>3008</width>
		<height>2000</height>
		<depth>3</depth>
	</size>
	<object>
		<name>ref_spoon</name>
		<bndbox>
			<xmin>280</xmin>
			<ymin>898</ymin>
			<xmax>586</xmax>
			<ymax>1315</ymax>
		</bndbox>
	</object>
	<object>
		<name>ref_fork</name>
		<bndbox>
			<xmin>643</xmin>
			<ymin>836</ymin>
			<xmax>865</xmax>
			<ymax>1319</ymax>
		</bndbox>
	</object>
	<object>
		<name>ref_coin</name>
		<bndbox>
			<xmin>1610</xmin>
			<ymin>68</ymin>
			<xmax>1819</xmax>
			<ymax>268</ymax>
		</bndbox>
	</object>
	<object>
		<name>dish</name>
		<bndbox>
			<xmin>1007</xmin>
			<ymin>530</ymin>
			<xmax>2351</xmax>
			<ymax>1883</ymax>
		</bndbox>
	</object>
	<object>
		<name>어묵볶음</name>
		<bndbox>
			<xmin>1185</xmin>
			<ymin>738</ymin>
			<xmax>2227</xmax>
			<ymax>1701</ymax>
		</bndbox>
	</object>
</annotation>