<annotation>
	<folder>top반찬부피접시어묵볶음q3</folder>
	<filename>top_반찬부피_접시_어묵볶음_Q3_00024.JPG</filename>
	<path>/top반찬부피접시어묵볶음q3/top_반찬부피_접시_어묵볶음_Q3_00024.JPG</path>
	<source>
		<database>fooddata</database>
	</source>
	<size>
		<width>3008</width>
		<height>2000</height>
		<depth>3</depth>
	</size>
	<object>
		<name>ref_spoon</name>
		<bndbox>
			<xmin>1242</xmin>
			<ymin>1688</ymin>
			<xmax>1557</xmax>
			<ymax>1914</ymax>
		</bndbox>
	</object>
	<object>
		<name>ref_fork</name>
		<bndbox>
			<xmin>1304</xmin>
			<ymin>1435</ymin>
			<xmax>1633</xmax>
			<ymax>1586</ymax>
		</bndbox>
	</object>
	<object>
		<name>ref_coin</name>
		<bndbox>
			<xmin>1477</xmin>
			<ymin>55</ymin>
			<xmax>1624</xmax>
			<ymax>206</ymax>
		</bndbox>
	</object>
	<object>
		<name>dish</name>
		<bndbox>
			<xmin>1411</xmin>
			<ymin>321</ymin>
			<xmax>2347</xmax>
			<ymax>1257</ymax>
		</bndbox>
	</object>
	<object>
		<name>어묵볶음</name>
		<bndbox>
			<xmin>1544</xmin>
			<ymin>459</ymin>
			<xmax>2214</xmax>
			<ymax>1129</ymax>
		</bndbox>
	</object>
</annotation>