<annotation>
	<folder>top반찬부피접시어묵볶음q3</folder>
	<filename>top_반찬부피_접시_어묵볶음_Q3_00026.JPG</filename>
	<path>/top반찬부피접시어묵볶음q3/top_반찬부피_접시_어묵볶음_Q3_00026.JPG</path>
	<source>
		<database>fooddata</database>
	</source>
	<size>
		<width>3008</width>
		<height>2000</height>
		<depth>3</depth>
	</size>
	<object>
		<name>ref_spoon</name>
		<bndbox>
			<xmin>1043</xmin>
			<ymin>1630</ymin>
			<xmax>1437</xmax>
			<ymax>1914</ymax>
		</bndbox>
	</object>
	<object>
		<name>ref_fork</name>
		<bndbox>
			<xmin>1131</xmin>
			<ymin>1382</ymin>
			<xmax>1544</xmax>
			<ymax>1581</ymax>
		</bndbox>
	</object>
	<object>
		<name>ref_coin</name>
		<bndbox>
			<xmin>630</xmin>
			<ymin>476</ymin>
			<xmax>834</xmax>
			<ymax>667</ymax>
		</bndbox>
	</object>
	<object>
		<name>dish</name>
		<bndbox>
			<xmin>1074</xmin>
			<ymin>91</ymin>
			<xmax>2298</xmax>
			<ymax>1328</ymax>
		</bndbox>
	</object>
	<object>
		<name>어묵볶음</name>
		<bndbox>
			<xmin>1238</xmin>
			<ymin>272</ymin>
			<xmax>2072</xmax>
			<ymax>1200</ymax>
		</bndbox>
	</object>
</annotation>