<annotation>
	<folder>top반찬부피접시어묵볶음q3</folder>
	<filename>top_반찬부피_접시_어묵볶음_Q3_00023.JPG</filename>
	<path>/top반찬부피접시어묵볶음q3/top_반찬부피_접시_어묵볶음_Q3_00023.JPG</path>
	<source>
		<database>fooddata</database>
	</source>
	<size>
		<width>3008</width>
		<height>2000</height>
		<depth>3</depth>
	</size>
	<object>
		<name>ref_spoon</name>
		<bndbox>
			<xmin>1224</xmin>
			<ymin>1697</ymin>
			<xmax>1548</xmax>
			<ymax>1923</ymax>
		</bndbox>
	</object>
	<object>
		<name>ref_fork</name>
		<bndbox>
			<xmin>1282</xmin>
			<ymin>1444</ymin>
			<xmax>1597</xmax>
			<ymax>1603</ymax>
		</bndbox>
	</object>
	<object>
		<name>ref_coin</name>
		<bndbox>
			<xmin>1744</xmin>
			<ymin>46</ymin>
			<xmax>1890</xmax>
			<ymax>197</ymax>
		</bndbox>
	</object>
	<object>
		<name>dish</name>
		<bndbox>
			<xmin>1366</xmin>
			<ymin>357</ymin>
			<xmax>2285</xmax>
			<ymax>1293</ymax>
		</bndbox>
	</object>
	<object>
		<name>어묵볶음</name>
		<bndbox>
			<xmin>1504</xmin>
			<ymin>481</ymin>
			<xmax>2187</xmax>
			<ymax>1195</ymax>
		</bndbox>
	</object>
</annotation>