<annotation>
	<folder>top반찬부피접시어묵볶음q3</folder>
	<filename>top_반찬부피_접시_어묵볶음_Q3_00014.JPG</filename>
	<path>/top반찬부피접시어묵볶음q3/top_반찬부피_접시_어묵볶음_Q3_00014.JPG</path>
	<source>
		<database>fooddata</database>
	</source>
	<size>
		<width>3008</width>
		<height>2000</height>
		<depth>3</depth>
	</size>
	<object>
		<name>ref_spoon</name>
		<bndbox>
			<xmin>1886</xmin>
			<ymin>450</ymin>
			<xmax>2152</xmax>
			<ymax>836</ymax>
		</bndbox>
	</object>
	<object>
		<name>ref_fork</name>
		<bndbox>
			<xmin>2214</xmin>
			<ymin>419</ymin>
			<xmax>2413</xmax>
			<ymax>845</ymax>
		</bndbox>
	</object>
	<object>
		<name>ref_coin</name>
		<bndbox>
			<xmin>2063</xmin>
			<ymin>59</ymin>
			<xmax>2258</xmax>
			<ymax>246</ymax>
		</bndbox>
	</object>
	<object>
		<name>dish</name>
		<bndbox>
			<xmin>608</xmin>
			<ymin>565</ymin>
			<xmax>1881</xmax>
			<ymax>1825</ymax>
		</bndbox>
	</object>
	<object>
		<name>어묵볶음</name>
		<bndbox>
			<xmin>878</xmin>
			<ymin>796</ymin>
			<xmax>1686</xmax>
			<ymax>1621</ymax>
		</bndbox>
	</object>
</annotation>