<annotation>
	<folder>top반찬부피접시어묵볶음q3</folder>
	<filename>top_반찬부피_접시_어묵볶음_Q3_00006.JPG</filename>
	<path>/top반찬부피접시어묵볶음q3/top_반찬부피_접시_어묵볶음_Q3_00006.JPG</path>
	<source>
		<database>fooddata</database>
	</source>
	<size>
		<width>3008</width>
		<height>2000</height>
		<depth>3</depth>
	</size>
	<object>
		<name>ref_spoon</name>
		<bndbox>
			<xmin>2072</xmin>
			<ymin>206</ymin>
			<xmax>2347</xmax>
			<ymax>596</ymax>
		</bndbox>
	</object>
	<object>
		<name>ref_fork</name>
		<bndbox>
			<xmin>2427</xmin>
			<ymin>166</ymin>
			<xmax>2626</xmax>
			<ymax>618</ymax>
		</bndbox>
	</object>
	<object>
		<name>ref_coin</name>
		<bndbox>
			<xmin>280</xmin>
			<ymin>1248</ymin>
			<xmax>492</xmax>
			<ymax>1457</ymax>
		</bndbox>
	</object>
	<object>
		<name>dish</name>
		<bndbox>
			<xmin>657</xmin>
			<ymin>370</ymin>
			<xmax>2001</xmax>
			<ymax>1714</ymax>
		</bndbox>
	</object>
	<object>
		<name>어묵볶음</name>
		<bndbox>
			<xmin>852</xmin>
			<ymin>547</ymin>
			<xmax>1841</xmax>
			<ymax>1519</ymax>
		</bndbox>
	</object>
</annotation>