<annotation>
	<folder>top반찬부피접시어묵볶음q3</folder>
	<filename>top_반찬부피_접시_어묵볶음_Q3_00041.JPG</filename>
	<path>/top반찬부피접시어묵볶음q3/top_반찬부피_접시_어묵볶음_Q3_00041.JPG</path>
	<source>
		<database>fooddata</database>
	</source>
	<size>
		<width>3008</width>
		<height>2000</height>
		<depth>3</depth>
	</size>
	<object>
		<name>ref_spoon</name>
		<bndbox>
			<xmin>217</xmin>
			<ymin>614</ymin>
			<xmax>546</xmax>
			<ymax>1062</ymax>
		</bndbox>
	</object>
	<object>
		<name>ref_fork</name>
		<bndbox>
			<xmin>608</xmin>
			<ymin>574</ymin>
			<xmax>861</xmax>
			<ymax>1080</ymax>
		</bndbox>
	</object>
	<object>
		<name>ref_coin</name>
		<bndbox>
			<xmin>2520</xmin>
			<ymin>321</ymin>
			<xmax>2733</xmax>
			<ymax>547</ymax>
		</bndbox>
	</object>
	<object>
		<name>dish</name>
		<bndbox>
			<xmin>1012</xmin>
			<ymin>272</ymin>
			<xmax>2445</xmax>
			<ymax>1723</ymax>
		</bndbox>
	</object>
	<object>
		<name>어묵볶음</name>
		<bndbox>
			<xmin>1202</xmin>
			<ymin>525</ymin>
			<xmax>2316</xmax>
			<ymax>1541</ymax>
		</bndbox>
	</object>
</annotation>