<annotation>
	<folder>top반찬부피접시어묵볶음q3</folder>
	<filename>top_반찬부피_접시_어묵볶음_Q3_00022.JPG</filename>
	<path>/top반찬부피접시어묵볶음q3/top_반찬부피_접시_어묵볶음_Q3_00022.JPG</path>
	<source>
		<database>fooddata</database>
	</source>
	<size>
		<width>3008</width>
		<height>2000</height>
		<depth>3</depth>
	</size>
	<object>
		<name>ref_spoon</name>
		<bndbox>
			<xmin>1189</xmin>
			<ymin>1701</ymin>
			<xmax>1553</xmax>
			<ymax>1941</ymax>
		</bndbox>
	</object>
	<object>
		<name>ref_fork</name>
		<bndbox>
			<xmin>1247</xmin>
			<ymin>1426</ymin>
			<xmax>1602</xmax>
			<ymax>1595</ymax>
		</bndbox>
	</object>
	<object>
		<name>ref_coin</name>
		<bndbox>
			<xmin>2054</xmin>
			<ymin>42</ymin>
			<xmax>2223</xmax>
			<ymax>206</ymax>
		</bndbox>
	</object>
	<object>
		<name>dish</name>
		<bndbox>
			<xmin>1282</xmin>
			<ymin>224</ymin>
			<xmax>2289</xmax>
			<ymax>1235</ymax>
		</bndbox>
	</object>
	<object>
		<name>어묵볶음</name>
		<bndbox>
			<xmin>1477</xmin>
			<ymin>335</ymin>
			<xmax>2156</xmax>
			<ymax>1093</ymax>
		</bndbox>
	</object>
</annotation>