<annotation>
	<folder>top반찬부피접시어묵볶음q3</folder>
	<filename>top_반찬부피_접시_어묵볶음_Q3_00010.JPG</filename>
	<path>/top반찬부피접시어묵볶음q3/top_반찬부피_접시_어묵볶음_Q3_00010.JPG</path>
	<source>
		<database>fooddata</database>
	</source>
	<size>
		<width>3008</width>
		<height>2000</height>
		<depth>3</depth>
	</size>
	<object>
		<name>ref_spoon</name>
		<bndbox>
			<xmin>2014</xmin>
			<ymin>237</ymin>
			<xmax>2294</xmax>
			<ymax>658</ymax>
		</bndbox>
	</object>
	<object>
		<name>ref_fork</name>
		<bndbox>
			<xmin>2356</xmin>
			<ymin>215</ymin>
			<xmax>2573</xmax>
			<ymax>654</ymax>
		</bndbox>
	</object>
	<object>
		<name>ref_coin</name>
		<bndbox>
			<xmin>1154</xmin>
			<ymin>51</ymin>
			<xmax>1362</xmax>
			<ymax>250</ymax>
		</bndbox>
	</object>
	<object>
		<name>dish</name>
		<bndbox>
			<xmin>568</xmin>
			<ymin>423</ymin>
			<xmax>1912</xmax>
			<ymax>1785</ymax>
		</bndbox>
	</object>
	<object>
		<name>어묵볶음</name>
		<bndbox>
			<xmin>776</xmin>
			<ymin>605</ymin>
			<xmax>1739</xmax>
			<ymax>1599</ymax>
		</bndbox>
	</object>
</annotation>