<annotation>
	<folder>top반찬부피접시어묵볶음q3</folder>
	<filename>top_반찬부피_접시_어묵볶음_Q3_00015.JPG</filename>
	<path>/top반찬부피접시어묵볶음q3/top_반찬부피_접시_어묵볶음_Q3_00015.JPG</path>
	<source>
		<database>fooddata</database>
	</source>
	<size>
		<width>3008</width>
		<height>2000</height>
		<depth>3</depth>
	</size>
	<object>
		<name>ref_spoon</name>
		<bndbox>
			<xmin>1899</xmin>
			<ymin>419</ymin>
			<xmax>2165</xmax>
			<ymax>805</ymax>
		</bndbox>
	</object>
	<object>
		<name>ref_fork</name>
		<bndbox>
			<xmin>2227</xmin>
			<ymin>388</ymin>
			<xmax>2427</xmax>
			<ymax>814</ymax>
		</bndbox>
	</object>
	<object>
		<name>ref_coin</name>
		<bndbox>
			<xmin>2391</xmin>
			<ymin>144</ymin>
			<xmax>2569</xmax>
			<ymax>326</ymax>
		</bndbox>
	</object>
	<object>
		<name>dish</name>
		<bndbox>
			<xmin>608</xmin>
			<ymin>543</ymin>
			<xmax>1886</xmax>
			<ymax>1816</ymax>
		</bndbox>
	</object>
	<object>
		<name>어묵볶음</name>
		<bndbox>
			<xmin>816</xmin>
			<ymin>729</ymin>
			<xmax>1721</xmax>
			<ymax>1595</ymax>
		</bndbox>
	</object>
</annotation>