<annotation>
	<folder>top반찬부피접시어묵볶음q3</folder>
	<filename>top_반찬부피_접시_어묵볶음_Q3_00003.JPG</filename>
	<path>/top반찬부피접시어묵볶음q3/top_반찬부피_접시_어묵볶음_Q3_00003.JPG</path>
	<source>
		<database>fooddata</database>
	</source>
	<size>
		<width>3008</width>
		<height>2000</height>
		<depth>3</depth>
	</size>
	<object>
		<name>ref_spoon</name>
		<bndbox>
			<xmin>1877</xmin>
			<ymin>104</ymin>
			<xmax>2161</xmax>
			<ymax>521</ymax>
		</bndbox>
	</object>
	<object>
		<name>ref_fork</name>
		<bndbox>
			<xmin>2218</xmin>
			<ymin>91</ymin>
			<xmax>2422</xmax>
			<ymax>512</ymax>
		</bndbox>
	</object>
	<object>
		<name>ref_coin</name>
		<bndbox>
			<xmin>1362</xmin>
			<ymin>1732</ymin>
			<xmax>1579</xmax>
			<ymax>1932</ymax>
		</bndbox>
	</object>
	<object>
		<name>dish</name>
		<bndbox>
			<xmin>559</xmin>
			<ymin>286</ymin>
			<xmax>1881</xmax>
			<ymax>1599</ymax>
		</bndbox>
	</object>
	<object>
		<name>어묵볶음</name>
		<bndbox>
			<xmin>745</xmin>
			<ymin>454</ymin>
			<xmax>1717</xmax>
			<ymax>1404</ymax>
		</bndbox>
	</object>
</annotation>