<annotation>
	<folder>side국류원형배달미소된장국q4</folder>
	<filename>side_국류_원형배달_미소된장국_Q4_00028.JPG</filename>
	<path>/side국류원형배달미소된장국q4/side_국류_원형배달_미소된장국_Q4_00028.JPG</path>
	<source>
		<database>fooddata</database>
	</source>
	<size>
		<width>3008</width>
		<height>2000</height>
		<depth>3</depth>
	</size>
	<object>
		<name>ref_spoon</name>
		<bndbox>
			<xmin>295</xmin>
			<ymin>1135</ymin>
			<xmax>945</xmax>
			<ymax>1511</ymax>
		</bndbox>
	</object>
	<object>
		<name>ref_fork</name>
		<bndbox>
			<xmin>330</xmin>
			<ymin>1536</ymin>
			<xmax>1037</xmax>
			<ymax>1851</ymax>
		</bndbox>
	</object>
	<object>
		<name>ref_coin</name>
		<bndbox>
			<xmin>1626</xmin>
			<ymin>32</ymin>
			<xmax>1900</xmax>
			<ymax>256</ymax>
		</bndbox>
	</object>
	<object>
		<name>dish</name>
		<bndbox>
			<xmin>986</xmin>
			<ymin>281</ymin>
			<xmax>1778</xmax>
			<ymax>1191</ymax>
		</bndbox>
	</object>
	<object>
		<name>미소된장국</name>
		<bndbox>
			<xmin>1037</xmin>
			<ymin>444</ymin>
			<xmax>1738</xmax>
			<ymax>881</ymax>
		</bndbox>
	</object>
</annotation>