<annotation>
	<folder>side국류원형배달미소된장국q4</folder>
	<filename>side_국류_원형배달_미소된장국_Q4_00036.JPG</filename>
	<path>/side국류원형배달미소된장국q4/side_국류_원형배달_미소된장국_Q4_00036.JPG</path>
	<source>
		<database>fooddata</database>
	</source>
	<size>
		<width>3008</width>
		<height>2000</height>
		<depth>3</depth>
	</size>
	<object>
		<name>ref_spoon</name>
		<bndbox>
			<xmin>915</xmin>
			<ymin>190</ymin>
			<xmax>1291</xmax>
			<ymax>693</ymax>
		</bndbox>
	</object>
	<object>
		<name>ref_fork</name>
		<bndbox>
			<xmin>478</xmin>
			<ymin>124</ymin>
			<xmax>752</xmax>
			<ymax>728</ymax>
		</bndbox>
	</object>
	<object>
		<name>ref_coin</name>
		<bndbox>
			<xmin>2027</xmin>
			<ymin>1607</ymin>
			<xmax>2327</xmax>
			<ymax>1861</ymax>
		</bndbox>
	</object>
	<object>
		<name>dish</name>
		<bndbox>
			<xmin>1199</xmin>
			<ymin>520</ymin>
			<xmax>1992</xmax>
			<ymax>1414</ymax>
		</bndbox>
	</object>
	<object>
		<name>미소된장국</name>
		<bndbox>
			<xmin>1250</xmin>
			<ymin>662</ymin>
			<xmax>1926</xmax>
			<ymax>1109</ymax>
		</bndbox>
	</object>
</annotation>