<annotation>
	<folder>side국류원형배달미소된장국q4</folder>
	<filename>side_국류_원형배달_미소된장국_Q4_00052.JPG</filename>
	<path>/side국류원형배달미소된장국q4/side_국류_원형배달_미소된장국_Q4_00052.JPG</path>
	<source>
		<database>fooddata</database>
	</source>
	<size>
		<width>3008</width>
		<height>2000</height>
		<depth>3</depth>
	</size>
	<object>
		<name>ref_spoon</name>
		<bndbox>
			<xmin>899</xmin>
			<ymin>428</ymin>
			<xmax>1301</xmax>
			<ymax>952</ymax>
		</bndbox>
	</object>
	<object>
		<name>ref_fork</name>
		<bndbox>
			<xmin>483</xmin>
			<ymin>388</ymin>
			<xmax>762</xmax>
			<ymax>997</ymax>
		</bndbox>
	</object>
	<object>
		<name>ref_coin</name>
		<bndbox>
			<xmin>1463</xmin>
			<ymin>215</ymin>
			<xmax>1748</xmax>
			<ymax>433</ymax>
		</bndbox>
	</object>
	<object>
		<name>dish</name>
		<bndbox>
			<xmin>1199</xmin>
			<ymin>738</ymin>
			<xmax>2012</xmax>
			<ymax>1648</ymax>
		</bndbox>
	</object>
	<object>
		<name>미소된장국</name>
		<bndbox>
			<xmin>1270</xmin>
			<ymin>876</ymin>
			<xmax>1961</xmax>
			<ymax>1343</ymax>
		</bndbox>
	</object>
</annotation>