<annotation>
	<folder>side국류원형배달미소된장국q4</folder>
	<filename>side_국류_원형배달_미소된장국_Q4_00045.JPG</filename>
	<path>/side국류원형배달미소된장국q4/side_국류_원형배달_미소된장국_Q4_00045.JPG</path>
	<source>
		<database>fooddata</database>
	</source>
	<size>
		<width>3008</width>
		<height>2000</height>
		<depth>3</depth>
	</size>
	<object>
		<name>ref_spoon</name>
		<bndbox>
			<xmin>859</xmin>
			<ymin>113</ymin>
			<xmax>1255</xmax>
			<ymax>632</ymax>
		</bndbox>
	</object>
	<object>
		<name>ref_fork</name>
		<bndbox>
			<xmin>437</xmin>
			<ymin>78</ymin>
			<xmax>711</xmax>
			<ymax>682</ymax>
		</bndbox>
	</object>
	<object>
		<name>ref_coin</name>
		<bndbox>
			<xmin>1839</xmin>
			<ymin>1556</ymin>
			<xmax>2159</xmax>
			<ymax>1826</ymax>
		</bndbox>
	</object>
	<object>
		<name>dish</name>
		<bndbox>
			<xmin>1169</xmin>
			<ymin>423</ymin>
			<xmax>1971</xmax>
			<ymax>1328</ymax>
		</bndbox>
	</object>
	<object>
		<name>미소된장국</name>
		<bndbox>
			<xmin>1235</xmin>
			<ymin>571</ymin>
			<xmax>1895</xmax>
			<ymax>1023</ymax>
		</bndbox>
	</object>
</annotation>