<annotation>
	<folder>side국류원형배달미소된장국q4</folder>
	<filename>side_국류_원형배달_미소된장국_Q4_00040.JPG</filename>
	<path>/side국류원형배달미소된장국q4/side_국류_원형배달_미소된장국_Q4_00040.JPG</path>
	<source>
		<database>fooddata</database>
	</source>
	<size>
		<width>3008</width>
		<height>2000</height>
		<depth>3</depth>
	</size>
	<object>
		<name>ref_spoon</name>
		<bndbox>
			<xmin>843</xmin>
			<ymin>245</ymin>
			<xmax>1230</xmax>
			<ymax>784</ymax>
		</bndbox>
	</object>
	<object>
		<name>ref_fork</name>
		<bndbox>
			<xmin>422</xmin>
			<ymin>190</ymin>
			<xmax>691</xmax>
			<ymax>784</ymax>
		</bndbox>
	</object>
	<object>
		<name>ref_coin</name>
		<bndbox>
			<xmin>2220</xmin>
			<ymin>723</ymin>
			<xmax>2505</xmax>
			<ymax>947</ymax>
		</bndbox>
	</object>
	<object>
		<name>dish</name>
		<bndbox>
			<xmin>1123</xmin>
			<ymin>571</ymin>
			<xmax>1931</xmax>
			<ymax>1480</ymax>
		</bndbox>
	</object>
	<object>
		<name>미소된장국</name>
		<bndbox>
			<xmin>1199</xmin>
			<ymin>748</ymin>
			<xmax>1860</xmax>
			<ymax>1180</ymax>
		</bndbox>
	</object>
</annotation>