<annotation>
	<folder>top국류원형배달미소된장국q4</folder>
	<filename>top_국류_원형배달_미소된장국_Q4_00029.JPG</filename>
	<path>/top국류원형배달미소된장국q4/top_국류_원형배달_미소된장국_Q4_00029.JPG</path>
	<source>
		<database>fooddata</database>
	</source>
	<size>
		<width>3008</width>
		<height>2000</height>
		<depth>3</depth>
	</size>
	<object>
		<name>ref_spoon</name>
		<bndbox>
			<xmin>272</xmin>
			<ymin>874</ymin>
			<xmax>900</xmax>
			<ymax>1283</ymax>
		</bndbox>
	</object>
	<object>
		<name>ref_fork</name>
		<bndbox>
			<xmin>180</xmin>
			<ymin>1338</ymin>
			<xmax>893</xmax>
			<ymax>1642</ymax>
		</bndbox>
	</object>
	<object>
		<name>ref_coin</name>
		<bndbox>
			<xmin>2176</xmin>
			<ymin>553</ymin>
			<xmax>2453</xmax>
			<ymax>829</ymax>
		</bndbox>
	</object>
	<object>
		<name>dish</name>
		<bndbox>
			<xmin>1094</xmin>
			<ymin>109</ymin>
			<xmax>1958</xmax>
			<ymax>945</ymax>
		</bndbox>
	</object>
	<object>
		<name>미소된장국</name>
		<bndbox>
			<xmin>1159</xmin>
			<ymin>218</ymin>
			<xmax>1862</xmax>
			<ymax>891</ymax>
		</bndbox>
	</object>
</annotation>