<annotation>
	<folder>top국류원형배달미소된장국q4</folder>
	<filename>top_국류_원형배달_미소된장국_Q4_00015.JPG</filename>
	<path>/top국류원형배달미소된장국q4/top_국류_원형배달_미소된장국_Q4_00015.JPG</path>
	<source>
		<database>fooddata</database>
	</source>
	<size>
		<width>3008</width>
		<height>2000</height>
		<depth>3</depth>
	</size>
	<object>
		<name>ref_spoon</name>
		<bndbox>
			<xmin>1910</xmin>
			<ymin>283</ymin>
			<xmax>2265</xmax>
			<ymax>843</ymax>
		</bndbox>
	</object>
	<object>
		<name>ref_fork</name>
		<bndbox>
			<xmin>2313</xmin>
			<ymin>420</ymin>
			<xmax>2630</xmax>
			<ymax>1044</ymax>
		</bndbox>
	</object>
	<object>
		<name>ref_coin</name>
		<bndbox>
			<xmin>617</xmin>
			<ymin>1587</ymin>
			<xmax>862</xmax>
			<ymax>1836</ymax>
		</bndbox>
	</object>
	<object>
		<name>dish</name>
		<bndbox>
			<xmin>641</xmin>
			<ymin>560</ymin>
			<xmax>1381</xmax>
			<ymax>1304</ymax>
		</bndbox>
	</object>
	<object>
		<name>미소된장국</name>
		<bndbox>
			<xmin>688</xmin>
			<ymin>655</ymin>
			<xmax>1316</xmax>
			<ymax>1263</ymax>
		</bndbox>
	</object>
</annotation>