<annotation>
	<folder>top국류원형배달미소된장국q4</folder>
	<filename>top_국류_원형배달_미소된장국_Q4_00009.JPG</filename>
	<path>/top국류원형배달미소된장국q4/top_국류_원형배달_미소된장국_Q4_00009.JPG</path>
	<source>
		<database>fooddata</database>
	</source>
	<size>
		<width>3008</width>
		<height>2000</height>
		<depth>3</depth>
	</size>
	<object>
		<name>ref_spoon</name>
		<bndbox>
			<xmin>1528</xmin>
			<ymin>273</ymin>
			<xmax>1879</xmax>
			<ymax>853</ymax>
		</bndbox>
	</object>
	<object>
		<name>ref_fork</name>
		<bndbox>
			<xmin>1961</xmin>
			<ymin>372</ymin>
			<xmax>2248</xmax>
			<ymax>997</ymax>
		</bndbox>
	</object>
	<object>
		<name>ref_coin</name>
		<bndbox>
			<xmin>1053</xmin>
			<ymin>154</ymin>
			<xmax>1299</xmax>
			<ymax>399</ymax>
		</bndbox>
	</object>
	<object>
		<name>dish</name>
		<bndbox>
			<xmin>654</xmin>
			<ymin>816</ymin>
			<xmax>1408</xmax>
			<ymax>1549</ymax>
		</bndbox>
	</object>
	<object>
		<name>미소된장국</name>
		<bndbox>
			<xmin>712</xmin>
			<ymin>915</ymin>
			<xmax>1333</xmax>
			<ymax>1509</ymax>
		</bndbox>
	</object>
</annotation>