<annotation>
	<folder>top국류원형배달미소된장국q4</folder>
	<filename>top_국류_원형배달_미소된장국_Q4_00002.JPG</filename>
	<path>/top국류원형배달미소된장국q4/top_국류_원형배달_미소된장국_Q4_00002.JPG</path>
	<source>
		<database>fooddata</database>
	</source>
	<size>
		<width>3008</width>
		<height>2000</height>
		<depth>3</depth>
	</size>
	<object>
		<name>ref_spoon</name>
		<bndbox>
			<xmin>1623</xmin>
			<ymin>191</ymin>
			<xmax>1968</xmax>
			<ymax>761</ymax>
		</bndbox>
	</object>
	<object>
		<name>ref_fork</name>
		<bndbox>
			<xmin>2071</xmin>
			<ymin>273</ymin>
			<xmax>2340</xmax>
			<ymax>901</ymax>
		</bndbox>
	</object>
	<object>
		<name>ref_coin</name>
		<bndbox>
			<xmin>818</xmin>
			<ymin>1638</ymin>
			<xmax>1064</xmax>
			<ymax>1891</ymax>
		</bndbox>
	</object>
	<object>
		<name>dish</name>
		<bndbox>
			<xmin>603</xmin>
			<ymin>587</ymin>
			<xmax>1361</xmax>
			<ymax>1328</ymax>
		</bndbox>
	</object>
	<object>
		<name>미소된장국</name>
		<bndbox>
			<xmin>675</xmin>
			<ymin>689</ymin>
			<xmax>1299</xmax>
			<ymax>1287</ymax>
		</bndbox>
	</object>
</annotation>