<annotation>
	<folder>top국류원형배달미소된장국q4</folder>
	<filename>top_국류_원형배달_미소된장국_Q4_00006.JPG</filename>
	<path>/top국류원형배달미소된장국q4/top_국류_원형배달_미소된장국_Q4_00006.JPG</path>
	<source>
		<database>fooddata</database>
	</source>
	<size>
		<width>3008</width>
		<height>2000</height>
		<depth>3</depth>
	</size>
	<object>
		<name>ref_spoon</name>
		<bndbox>
			<xmin>1675</xmin>
			<ymin>317</ymin>
			<xmax>2019</xmax>
			<ymax>932</ymax>
		</bndbox>
	</object>
	<object>
		<name>ref_fork</name>
		<bndbox>
			<xmin>2105</xmin>
			<ymin>413</ymin>
			<xmax>2385</xmax>
			<ymax>1055</ymax>
		</bndbox>
	</object>
	<object>
		<name>ref_coin</name>
		<bndbox>
			<xmin>388</xmin>
			<ymin>683</ymin>
			<xmax>634</xmax>
			<ymax>925</ymax>
		</bndbox>
	</object>
	<object>
		<name>dish</name>
		<bndbox>
			<xmin>794</xmin>
			<ymin>771</ymin>
			<xmax>1542</xmax>
			<ymax>1505</ymax>
		</bndbox>
	</object>
	<object>
		<name>미소된장국</name>
		<bndbox>
			<xmin>845</xmin>
			<ymin>867</ymin>
			<xmax>1480</xmax>
			<ymax>1471</ymax>
		</bndbox>
	</object>
</annotation>