<annotation>
	<folder>top국류원형배달미소된장국q4</folder>
	<filename>top_국류_원형배달_미소된장국_Q4_00052.JPG</filename>
	<path>/top국류원형배달미소된장국q4/top_국류_원형배달_미소된장국_Q4_00052.JPG</path>
	<source>
		<database>fooddata</database>
	</source>
	<size>
		<width>3008</width>
		<height>2000</height>
		<depth>3</depth>
	</size>
	<object>
		<name>ref_spoon</name>
		<bndbox>
			<xmin>463</xmin>
			<ymin>276</ymin>
			<xmax>801</xmax>
			<ymax>819</ymax>
		</bndbox>
	</object>
	<object>
		<name>ref_fork</name>
		<bndbox>
			<xmin>859</xmin>
			<ymin>341</ymin>
			<xmax>1132</xmax>
			<ymax>942</ymax>
		</bndbox>
	</object>
	<object>
		<name>ref_coin</name>
		<bndbox>
			<xmin>1804</xmin>
			<ymin>1608</ymin>
			<xmax>2036</xmax>
			<ymax>1846</ymax>
		</bndbox>
	</object>
	<object>
		<name>dish</name>
		<bndbox>
			<xmin>1084</xmin>
			<ymin>904</ymin>
			<xmax>1808</xmax>
			<ymax>1618</ymax>
		</bndbox>
	</object>
	<object>
		<name>미소된장국</name>
		<bndbox>
			<xmin>1129</xmin>
			<ymin>1000</ymin>
			<xmax>1736</xmax>
			<ymax>1580</ymax>
		</bndbox>
	</object>
</annotation>