<annotation>
	<folder>top국류원형배달미소된장국q4</folder>
	<filename>top_국류_원형배달_미소된장국_Q4_00050.JPG</filename>
	<path>/top국류원형배달미소된장국q4/top_국류_원형배달_미소된장국_Q4_00050.JPG</path>
	<source>
		<database>fooddata</database>
	</source>
	<size>
		<width>3008</width>
		<height>2000</height>
		<depth>3</depth>
	</size>
	<object>
		<name>ref_spoon</name>
		<bndbox>
			<xmin>521</xmin>
			<ymin>99</ymin>
			<xmax>859</xmax>
			<ymax>669</ymax>
		</bndbox>
	</object>
	<object>
		<name>ref_fork</name>
		<bndbox>
			<xmin>931</xmin>
			<ymin>154</ymin>
			<xmax>1187</xmax>
			<ymax>765</ymax>
		</bndbox>
	</object>
	<object>
		<name>ref_coin</name>
		<bndbox>
			<xmin>1705</xmin>
			<ymin>1655</ymin>
			<xmax>1941</xmax>
			<ymax>1898</ymax>
		</bndbox>
	</object>
	<object>
		<name>dish</name>
		<bndbox>
			<xmin>1156</xmin>
			<ymin>710</ymin>
			<xmax>1890</xmax>
			<ymax>1427</ymax>
		</bndbox>
	</object>
	<object>
		<name>미소된장국</name>
		<bndbox>
			<xmin>1214</xmin>
			<ymin>799</ymin>
			<xmax>1804</xmax>
			<ymax>1382</ymax>
		</bndbox>
	</object>
</annotation>