<annotation>
	<folder>top국류원형배달미소된장국q4</folder>
	<filename>top_국류_원형배달_미소된장국_Q4_00037.JPG</filename>
	<path>/top국류원형배달미소된장국q4/top_국류_원형배달_미소된장국_Q4_00037.JPG</path>
	<source>
		<database>fooddata</database>
	</source>
	<size>
		<width>3008</width>
		<height>2000</height>
		<depth>3</depth>
	</size>
	<object>
		<name>ref_spoon</name>
		<bndbox>
			<xmin>217</xmin>
			<ymin>259</ymin>
			<xmax>623</xmax>
			<ymax>922</ymax>
		</bndbox>
	</object>
	<object>
		<name>ref_fork</name>
		<bndbox>
			<xmin>767</xmin>
			<ymin>266</ymin>
			<xmax>1013</xmax>
			<ymax>980</ymax>
		</bndbox>
	</object>
	<object>
		<name>ref_coin</name>
		<bndbox>
			<xmin>1180</xmin>
			<ymin>423</ymin>
			<xmax>1460</xmax>
			<ymax>700</ymax>
		</bndbox>
	</object>
	<object>
		<name>dish</name>
		<bndbox>
			<xmin>1562</xmin>
			<ymin>898</ymin>
			<xmax>2449</xmax>
			<ymax>1768</ymax>
		</bndbox>
	</object>
	<object>
		<name>미소된장국</name>
		<bndbox>
			<xmin>1613</xmin>
			<ymin>1007</ymin>
			<xmax>2347</xmax>
			<ymax>1720</ymax>
		</bndbox>
	</object>
</annotation>