<annotation>
	<folder>top국류원형배달미소된장국q4</folder>
	<filename>top_국류_원형배달_미소된장국_Q4_00032.JPG</filename>
	<path>/top국류원형배달미소된장국q4/top_국류_원형배달_미소된장국_Q4_00032.JPG</path>
	<source>
		<database>fooddata</database>
	</source>
	<size>
		<width>3008</width>
		<height>2000</height>
		<depth>3</depth>
	</size>
	<object>
		<name>ref_spoon</name>
		<bndbox>
			<xmin>323</xmin>
			<ymin>881</ymin>
			<xmax>995</xmax>
			<ymax>1290</ymax>
		</bndbox>
	</object>
	<object>
		<name>ref_fork</name>
		<bndbox>
			<xmin>234</xmin>
			<ymin>1331</ymin>
			<xmax>934</xmax>
			<ymax>1648</ymax>
		</bndbox>
	</object>
	<object>
		<name>ref_coin</name>
		<bndbox>
			<xmin>821</xmin>
			<ymin>526</ymin>
			<xmax>1081</xmax>
			<ymax>785</ymax>
		</bndbox>
	</object>
	<object>
		<name>dish</name>
		<bndbox>
			<xmin>1156</xmin>
			<ymin>126</ymin>
			<xmax>1982</xmax>
			<ymax>962</ymax>
		</bndbox>
	</object>
	<object>
		<name>미소된장국</name>
		<bndbox>
			<xmin>1210</xmin>
			<ymin>239</ymin>
			<xmax>1903</xmax>
			<ymax>901</ymax>
		</bndbox>
	</object>
</annotation>