<annotation>
	<folder>top국류원형배달미소된장국q4</folder>
	<filename>top_국류_원형배달_미소된장국_Q4_00053.JPG</filename>
	<path>/top국류원형배달미소된장국q4/top_국류_원형배달_미소된장국_Q4_00053.JPG</path>
	<source>
		<database>fooddata</database>
	</source>
	<size>
		<width>3008</width>
		<height>2000</height>
		<depth>3</depth>
	</size>
	<object>
		<name>ref_spoon</name>
		<bndbox>
			<xmin>542</xmin>
			<ymin>324</ymin>
			<xmax>879</xmax>
			<ymax>881</ymax>
		</bndbox>
	</object>
	<object>
		<name>ref_fork</name>
		<bndbox>
			<xmin>948</xmin>
			<ymin>386</ymin>
			<xmax>1207</xmax>
			<ymax>1000</ymax>
		</bndbox>
	</object>
	<object>
		<name>ref_coin</name>
		<bndbox>
			<xmin>2013</xmin>
			<ymin>1491</ymin>
			<xmax>2248</xmax>
			<ymax>1741</ymax>
		</bndbox>
	</object>
	<object>
		<name>dish</name>
		<bndbox>
			<xmin>1173</xmin>
			<ymin>922</ymin>
			<xmax>1903</xmax>
			<ymax>1652</ymax>
		</bndbox>
	</object>
	<object>
		<name>미소된장국</name>
		<bndbox>
			<xmin>1224</xmin>
			<ymin>1034</ymin>
			<xmax>1821</xmax>
			<ymax>1621</ymax>
		</bndbox>
	</object>
</annotation>