<annotation>
	<folder>top국류원형배달미소된장국q4</folder>
	<filename>top_국류_원형배달_미소된장국_Q4_00046.JPG</filename>
	<path>/top국류원형배달미소된장국q4/top_국류_원형배달_미소된장국_Q4_00046.JPG</path>
	<source>
		<database>fooddata</database>
	</source>
	<size>
		<width>3008</width>
		<height>2000</height>
		<depth>3</depth>
	</size>
	<object>
		<name>ref_spoon</name>
		<bndbox>
			<xmin>623</xmin>
			<ymin>96</ymin>
			<xmax>948</xmax>
			<ymax>618</ymax>
		</bndbox>
	</object>
	<object>
		<name>ref_fork</name>
		<bndbox>
			<xmin>1016</xmin>
			<ymin>154</ymin>
			<xmax>1262</xmax>
			<ymax>717</ymax>
		</bndbox>
	</object>
	<object>
		<name>ref_coin</name>
		<bndbox>
			<xmin>1084</xmin>
			<ymin>1648</ymin>
			<xmax>1313</xmax>
			<ymax>1884</ymax>
		</bndbox>
	</object>
	<object>
		<name>dish</name>
		<bndbox>
			<xmin>1228</xmin>
			<ymin>686</ymin>
			<xmax>1927</xmax>
			<ymax>1379</ymax>
		</bndbox>
	</object>
	<object>
		<name>미소된장국</name>
		<bndbox>
			<xmin>1269</xmin>
			<ymin>778</ymin>
			<xmax>1852</xmax>
			<ymax>1345</ymax>
		</bndbox>
	</object>
</annotation>