<annotation>
	<folder>side국물면류냉면기삼선짬뽕q3</folder>
	<filename>side_국물면류_냉면기_삼선짬뽕_Q3_00046.JPG</filename>
	<path>/side국물면류냉면기삼선짬뽕q3/side_국물면류_냉면기_삼선짬뽕_Q3_00046.JPG</path>
	<source>
		<database>fooddata</database>
	</source>
	<size>
		<width>3008</width>
		<height>2000</height>
		<depth>3</depth>
	</size>
	<object>
		<name>ref_spoon</name>
		<bndbox>
			<xmin>234</xmin>
			<ymin>911</ymin>
			<xmax>517</xmax>
			<ymax>1314</ymax>
		</bndbox>
	</object>
	<object>
		<name>ref_fork</name>
		<bndbox>
			<xmin>645</xmin>
			<ymin>887</ymin>
			<xmax>836</xmax>
			<ymax>1342</ymax>
		</bndbox>
	</object>
	<object>
		<name>ref_coin</name>
		<bndbox>
			<xmin>2473</xmin>
			<ymin>1565</ymin>
			<xmax>2690</xmax>
			<ymax>1715</ymax>
		</bndbox>
	</object>
	<object>
		<name>dish</name>
		<bndbox>
			<xmin>837</xmin>
			<ymin>483</ymin>
			<xmax>2330</xmax>
			<ymax>1579</ymax>
		</bndbox>
	</object>
	<object>
		<name>삼선짬뽕</name>
		<bndbox>
			<xmin>953</xmin>
			<ymin>748</ymin>
			<xmax>2210</xmax>
			<ymax>1384</ymax>
		</bndbox>
	</object>
</annotation>