<annotation>
	<folder>side국물면류냉면기삼선짬뽕q3</folder>
	<filename>side_국물면류_냉면기_삼선짬뽕_Q3_00044.JPG</filename>
	<path>/side국물면류냉면기삼선짬뽕q3/side_국물면류_냉면기_삼선짬뽕_Q3_00044.JPG</path>
	<source>
		<database>fooddata</database>
	</source>
	<size>
		<width>3008</width>
		<height>2000</height>
		<depth>3</depth>
	</size>
	<object>
		<name>ref_spoon</name>
		<bndbox>
			<xmin>359</xmin>
			<ymin>950</ymin>
			<xmax>641</xmax>
			<ymax>1348</ymax>
		</bndbox>
	</object>
	<object>
		<name>ref_fork</name>
		<bndbox>
			<xmin>773</xmin>
			<ymin>920</ymin>
			<xmax>964</xmax>
			<ymax>1367</ymax>
		</bndbox>
	</object>
	<object>
		<name>ref_coin</name>
		<bndbox>
			<xmin>2434</xmin>
			<ymin>499</ymin>
			<xmax>2618</xmax>
			<ymax>613</ymax>
		</bndbox>
	</object>
	<object>
		<name>dish</name>
		<bndbox>
			<xmin>971</xmin>
			<ymin>395</ymin>
			<xmax>2458</xmax>
			<ymax>1459</ymax>
		</bndbox>
	</object>
	<object>
		<name>삼선짬뽕</name>
		<bndbox>
			<xmin>1099</xmin>
			<ymin>592</ymin>
			<xmax>2324</xmax>
			<ymax>1255</ymax>
		</bndbox>
	</object>
</annotation>