<annotation>
	<folder>side국물면류냉면기삼선짬뽕q3</folder>
	<filename>side_국물면류_냉면기_삼선짬뽕_Q3_00017.JPG</filename>
	<path>/side국물면류냉면기삼선짬뽕q3/side_국물면류_냉면기_삼선짬뽕_Q3_00017.JPG</path>
	<source>
		<database>fooddata</database>
	</source>
	<size>
		<width>3008</width>
		<height>2000</height>
		<depth>3</depth>
	</size>
	<object>
		<name>ref_spoon</name>
		<bndbox>
			<xmin>746</xmin>
			<ymin>1668</ymin>
			<xmax>1259</xmax>
			<ymax>1917</ymax>
		</bndbox>
	</object>
	<object>
		<name>ref_fork</name>
		<bndbox>
			<xmin>860</xmin>
			<ymin>1435</ymin>
			<xmax>1394</xmax>
			<ymax>1658</ymax>
		</bndbox>
	</object>
	<object>
		<name>ref_coin</name>
		<bndbox>
			<xmin>2226</xmin>
			<ymin>1253</ymin>
			<xmax>2431</xmax>
			<ymax>1398</ymax>
		</bndbox>
	</object>
	<object>
		<name>dish</name>
		<bndbox>
			<xmin>871</xmin>
			<ymin>147</ymin>
			<xmax>2293</xmax>
			<ymax>1160</ymax>
		</bndbox>
	</object>
	<object>
		<name>삼선짬뽕</name>
		<bndbox>
			<xmin>1012</xmin>
			<ymin>326</ymin>
			<xmax>2142</xmax>
			<ymax>962</ymax>
		</bndbox>
	</object>
</annotation>