<annotation>
	<folder>side국물면류냉면기삼선짬뽕q3</folder>
	<filename>side_국물면류_냉면기_삼선짬뽕_Q3_00012.JPG</filename>
	<path>/side국물면류냉면기삼선짬뽕q3/side_국물면류_냉면기_삼선짬뽕_Q3_00012.JPG</path>
	<source>
		<database>fooddata</database>
	</source>
	<size>
		<width>3008</width>
		<height>2000</height>
		<depth>3</depth>
	</size>
	<object>
		<name>ref_spoon</name>
		<bndbox>
			<xmin>2009</xmin>
			<ymin>527</ymin>
			<xmax>2280</xmax>
			<ymax>905</ymax>
		</bndbox>
	</object>
	<object>
		<name>ref_fork</name>
		<bndbox>
			<xmin>2415</xmin>
			<ymin>499</ymin>
			<xmax>2610</xmax>
			<ymax>925</ymax>
		</bndbox>
	</object>
	<object>
		<name>ref_coin</name>
		<bndbox>
			<xmin>1864</xmin>
			<ymin>347</ymin>
			<xmax>2051</xmax>
			<ymax>464</ymax>
		</bndbox>
	</object>
	<object>
		<name>dish</name>
		<bndbox>
			<xmin>337</xmin>
			<ymin>375</ymin>
			<xmax>1873</xmax>
			<ymax>1457</ymax>
		</bndbox>
	</object>
	<object>
		<name>삼선짬뽕</name>
		<bndbox>
			<xmin>508</xmin>
			<ymin>626</ymin>
			<xmax>1746</xmax>
			<ymax>1241</ymax>
		</bndbox>
	</object>
</annotation>