<annotation>
	<folder>side국물면류냉면기삼선짬뽕q3</folder>
	<filename>side_국물면류_냉면기_삼선짬뽕_Q3_00022.JPG</filename>
	<path>/side국물면류냉면기삼선짬뽕q3/side_국물면류_냉면기_삼선짬뽕_Q3_00022.JPG</path>
	<source>
		<database>fooddata</database>
	</source>
	<size>
		<width>3008</width>
		<height>2000</height>
		<depth>3</depth>
	</size>
	<object>
		<name>ref_spoon</name>
		<bndbox>
			<xmin>657</xmin>
			<ymin>1583</ymin>
			<xmax>1140</xmax>
			<ymax>1822</ymax>
		</bndbox>
	</object>
	<object>
		<name>ref_fork</name>
		<bndbox>
			<xmin>768</xmin>
			<ymin>1363</ymin>
			<xmax>1263</xmax>
			<ymax>1579</ymax>
		</bndbox>
	</object>
	<object>
		<name>ref_coin</name>
		<bndbox>
			<xmin>2354</xmin>
			<ymin>479</ymin>
			<xmax>2521</xmax>
			<ymax>584</ymax>
		</bndbox>
	</object>
	<object>
		<name>dish</name>
		<bndbox>
			<xmin>934</xmin>
			<ymin>245</ymin>
			<xmax>2293</xmax>
			<ymax>1215</ymax>
		</bndbox>
	</object>
	<object>
		<name>삼선짬뽕</name>
		<bndbox>
			<xmin>1036</xmin>
			<ymin>469</ymin>
			<xmax>2147</xmax>
			<ymax>1023</ymax>
		</bndbox>
	</object>
</annotation>