<annotation>
	<folder>side국물면류냉면기삼선짬뽕q3</folder>
	<filename>side_국물면류_냉면기_삼선짬뽕_Q3_00048.JPG</filename>
	<path>/side국물면류냉면기삼선짬뽕q3/side_국물면류_냉면기_삼선짬뽕_Q3_00048.JPG</path>
	<source>
		<database>fooddata</database>
	</source>
	<size>
		<width>3008</width>
		<height>2000</height>
		<depth>3</depth>
	</size>
	<object>
		<name>ref_spoon</name>
		<bndbox>
			<xmin>260</xmin>
			<ymin>919</ymin>
			<xmax>544</xmax>
			<ymax>1317</ymax>
		</bndbox>
	</object>
	<object>
		<name>ref_fork</name>
		<bndbox>
			<xmin>680</xmin>
			<ymin>891</ymin>
			<xmax>868</xmax>
			<ymax>1341</ymax>
		</bndbox>
	</object>
	<object>
		<name>ref_coin</name>
		<bndbox>
			<xmin>2591</xmin>
			<ymin>1156</ymin>
			<xmax>2796</xmax>
			<ymax>1295</ymax>
		</bndbox>
	</object>
	<object>
		<name>dish</name>
		<bndbox>
			<xmin>863</xmin>
			<ymin>465</ymin>
			<xmax>2360</xmax>
			<ymax>1565</ymax>
		</bndbox>
	</object>
	<object>
		<name>삼선짬뽕</name>
		<bndbox>
			<xmin>981</xmin>
			<ymin>711</ymin>
			<xmax>2187</xmax>
			<ymax>1369</ymax>
		</bndbox>
	</object>
</annotation>