<annotation>
	<folder>side국물면류냉면기삼선짬뽕q3</folder>
	<filename>side_국물면류_냉면기_삼선짬뽕_Q3_00036.JPG</filename>
	<path>/side국물면류냉면기삼선짬뽕q3/side_국물면류_냉면기_삼선짬뽕_Q3_00036.JPG</path>
	<source>
		<database>fooddata</database>
	</source>
	<size>
		<width>3008</width>
		<height>2000</height>
		<depth>3</depth>
	</size>
	<object>
		<name>ref_spoon</name>
		<bndbox>
			<xmin>512</xmin>
			<ymin>581</ymin>
			<xmax>796</xmax>
			<ymax>976</ymax>
		</bndbox>
	</object>
	<object>
		<name>ref_fork</name>
		<bndbox>
			<xmin>921</xmin>
			<ymin>567</ymin>
			<xmax>1109</xmax>
			<ymax>1019</ymax>
		</bndbox>
	</object>
	<object>
		<name>ref_coin</name>
		<bndbox>
			<xmin>2166</xmin>
			<ymin>1555</ymin>
			<xmax>2390</xmax>
			<ymax>1708</ymax>
		</bndbox>
	</object>
	<object>
		<name>dish</name>
		<bndbox>
			<xmin>1138</xmin>
			<ymin>82</ymin>
			<xmax>2607</xmax>
			<ymax>1143</ymax>
		</bndbox>
	</object>
	<object>
		<name>삼선짬뽕</name>
		<bndbox>
			<xmin>1279</xmin>
			<ymin>337</ymin>
			<xmax>2497</xmax>
			<ymax>948</ymax>
		</bndbox>
	</object>
</annotation>