<annotation>
	<folder>side국물면류냉면기삼선짬뽕q3</folder>
	<filename>side_국물면류_냉면기_삼선짬뽕_Q3_00042.JPG</filename>
	<path>/side국물면류냉면기삼선짬뽕q3/side_국물면류_냉면기_삼선짬뽕_Q3_00042.JPG</path>
	<source>
		<database>fooddata</database>
	</source>
	<size>
		<width>3008</width>
		<height>2000</height>
		<depth>3</depth>
	</size>
	<object>
		<name>ref_spoon</name>
		<bndbox>
			<xmin>351</xmin>
			<ymin>1031</ymin>
			<xmax>634</xmax>
			<ymax>1430</ymax>
		</bndbox>
	</object>
	<object>
		<name>ref_fork</name>
		<bndbox>
			<xmin>766</xmin>
			<ymin>1003</ymin>
			<xmax>956</xmax>
			<ymax>1455</ymax>
		</bndbox>
	</object>
	<object>
		<name>ref_coin</name>
		<bndbox>
			<xmin>2554</xmin>
			<ymin>910</ymin>
			<xmax>2749</xmax>
			<ymax>1035</ymax>
		</bndbox>
	</object>
	<object>
		<name>dish</name>
		<bndbox>
			<xmin>969</xmin>
			<ymin>485</ymin>
			<xmax>2446</xmax>
			<ymax>1545</ymax>
		</bndbox>
	</object>
	<object>
		<name>삼선짬뽕</name>
		<bndbox>
			<xmin>1091</xmin>
			<ymin>650</ymin>
			<xmax>2305</xmax>
			<ymax>1347</ymax>
		</bndbox>
	</object>
</annotation>