<annotation>
	<folder>side국물면류냉면기삼선짬뽕q3</folder>
	<filename>side_국물면류_냉면기_삼선짬뽕_Q3_00003.JPG</filename>
	<path>/side국물면류냉면기삼선짬뽕q3/side_국물면류_냉면기_삼선짬뽕_Q3_00003.JPG</path>
	<source>
		<database>fooddata</database>
	</source>
	<size>
		<width>3008</width>
		<height>2000</height>
		<depth>3</depth>
	</size>
	<object>
		<name>ref_spoon</name>
		<bndbox>
			<xmin>1931</xmin>
			<ymin>479</ymin>
			<xmax>2198</xmax>
			<ymax>841</ymax>
		</bndbox>
	</object>
	<object>
		<name>ref_fork</name>
		<bndbox>
			<xmin>2332</xmin>
			<ymin>449</ymin>
			<xmax>2527</xmax>
			<ymax>856</ymax>
		</bndbox>
	</object>
	<object>
		<name>ref_coin</name>
		<bndbox>
			<xmin>909</xmin>
			<ymin>1679</ymin>
			<xmax>1133</xmax>
			<ymax>1838</ymax>
		</bndbox>
	</object>
	<object>
		<name>dish</name>
		<bndbox>
			<xmin>410</xmin>
			<ymin>216</ymin>
			<xmax>1911</xmax>
			<ymax>1280</ymax>
		</bndbox>
	</object>
	<object>
		<name>삼선짬뽕</name>
		<bndbox>
			<xmin>526</xmin>
			<ymin>469</ymin>
			<xmax>1766</xmax>
			<ymax>1070</ymax>
		</bndbox>
	</object>
</annotation>