<annotation>
	<folder>side국물면류냉면기삼선짬뽕q3</folder>
	<filename>side_국물면류_냉면기_삼선짬뽕_Q3_00029.JPG</filename>
	<path>/side국물면류냉면기삼선짬뽕q3/side_국물면류_냉면기_삼선짬뽕_Q3_00029.JPG</path>
	<source>
		<database>fooddata</database>
	</source>
	<size>
		<width>3008</width>
		<height>2000</height>
		<depth>3</depth>
	</size>
	<object>
		<name>ref_spoon</name>
		<bndbox>
			<xmin>681</xmin>
			<ymin>1632</ymin>
			<xmax>1199</xmax>
			<ymax>1879</ymax>
		</bndbox>
	</object>
	<object>
		<name>ref_fork</name>
		<bndbox>
			<xmin>790</xmin>
			<ymin>1396</ymin>
			<xmax>1330</xmax>
			<ymax>1620</ymax>
		</bndbox>
	</object>
	<object>
		<name>ref_coin</name>
		<bndbox>
			<xmin>406</xmin>
			<ymin>1220</ymin>
			<xmax>622</xmax>
			<ymax>1364</ymax>
		</bndbox>
	</object>
	<object>
		<name>dish</name>
		<bndbox>
			<xmin>849</xmin>
			<ymin>171</ymin>
			<xmax>2308</xmax>
			<ymax>1210</ymax>
		</bndbox>
	</object>
	<object>
		<name>삼선짬뽕</name>
		<bndbox>
			<xmin>981</xmin>
			<ymin>429</ymin>
			<xmax>2191</xmax>
			<ymax>1008</ymax>
		</bndbox>
	</object>
</annotation>