<annotation>
	<folder>top국물면류냉면기삼선짬뽕q3</folder>
	<filename>top_국물면류_냉면기_삼선짬뽕_Q3_00044.JPG</filename>
	<path>/top국물면류냉면기삼선짬뽕q3/top_국물면류_냉면기_삼선짬뽕_Q3_00044.JPG</path>
	<source>
		<database>fooddata</database>
	</source>
	<size>
		<width>3008</width>
		<height>2000</height>
		<depth>3</depth>
	</size>
	<object>
		<name>ref_spoon</name>
		<bndbox>
			<xmin>532</xmin>
			<ymin>496</ymin>
			<xmax>759</xmax>
			<ymax>826</ymax>
		</bndbox>
	</object>
	<object>
		<name>ref_fork</name>
		<bndbox>
			<xmin>915</xmin>
			<ymin>493</ymin>
			<xmax>1054</xmax>
			<ymax>858</ymax>
		</bndbox>
	</object>
	<object>
		<name>ref_coin</name>
		<bndbox>
			<xmin>2157</xmin>
			<ymin>1553</ymin>
			<xmax>2320</xmax>
			<ymax>1724</ymax>
		</bndbox>
	</object>
	<object>
		<name>dish</name>
		<bndbox>
			<xmin>1171</xmin>
			<ymin>255</ymin>
			<xmax>2391</xmax>
			<ymax>1433</ymax>
		</bndbox>
	</object>
	<object>
		<name>삼선짬뽕</name>
		<bndbox>
			<xmin>1266</xmin>
			<ymin>401</ymin>
			<xmax>2224</xmax>
			<ymax>1365</ymax>
		</bndbox>
	</object>
</annotation>