<annotation>
	<folder>top국물면류냉면기삼선짬뽕q3</folder>
	<filename>top_국물면류_냉면기_삼선짬뽕_Q3_00022.JPG</filename>
	<path>/top국물면류냉면기삼선짬뽕q3/top_국물면류_냉면기_삼선짬뽕_Q3_00022.JPG</path>
	<source>
		<database>fooddata</database>
	</source>
	<size>
		<width>3008</width>
		<height>2000</height>
		<depth>3</depth>
	</size>
	<object>
		<name>ref_spoon</name>
		<bndbox>
			<xmin>1043</xmin>
			<ymin>1681</ymin>
			<xmax>1383</xmax>
			<ymax>1919</ymax>
		</bndbox>
	</object>
	<object>
		<name>ref_fork</name>
		<bndbox>
			<xmin>1082</xmin>
			<ymin>1408</ymin>
			<xmax>1458</xmax>
			<ymax>1560</ymax>
		</bndbox>
	</object>
	<object>
		<name>ref_coin</name>
		<bndbox>
			<xmin>2270</xmin>
			<ymin>315</ymin>
			<xmax>2416</xmax>
			<ymax>471</ymax>
		</bndbox>
	</object>
	<object>
		<name>dish</name>
		<bndbox>
			<xmin>1036</xmin>
			<ymin>117</ymin>
			<xmax>2284</xmax>
			<ymax>1316</ymax>
		</bndbox>
	</object>
	<object>
		<name>삼선짬뽕</name>
		<bndbox>
			<xmin>1107</xmin>
			<ymin>248</ymin>
			<xmax>2171</xmax>
			<ymax>1231</ymax>
		</bndbox>
	</object>
</annotation>