<annotation>
	<folder>top국물면류냉면기삼선짬뽕q3</folder>
	<filename>top_국물면류_냉면기_삼선짬뽕_Q3_00013.JPG</filename>
	<path>/top국물면류냉면기삼선짬뽕q3/top_국물면류_냉면기_삼선짬뽕_Q3_00013.JPG</path>
	<source>
		<database>fooddata</database>
	</source>
	<size>
		<width>3008</width>
		<height>2000</height>
		<depth>3</depth>
	</size>
	<object>
		<name>ref_spoon</name>
		<bndbox>
			<xmin>2111</xmin>
			<ymin>252</ymin>
			<xmax>2323</xmax>
			<ymax>585</ymax>
		</bndbox>
	</object>
	<object>
		<name>ref_fork</name>
		<bndbox>
			<xmin>2440</xmin>
			<ymin>273</ymin>
			<xmax>2579</xmax>
			<ymax>642</ymax>
		</bndbox>
	</object>
	<object>
		<name>ref_coin</name>
		<bndbox>
			<xmin>1837</xmin>
			<ymin>1298</ymin>
			<xmax>2001</xmax>
			<ymax>1461</ymax>
		</bndbox>
	</object>
	<object>
		<name>dish</name>
		<bndbox>
			<xmin>504</xmin>
			<ymin>330</ymin>
			<xmax>1859</xmax>
			<ymax>1649</ymax>
		</bndbox>
	</object>
	<object>
		<name>삼선짬뽕</name>
		<bndbox>
			<xmin>656</xmin>
			<ymin>440</ymin>
			<xmax>1727</xmax>
			<ymax>1550</ymax>
		</bndbox>
	</object>
</annotation>