<annotation>
	<folder>top국물면류냉면기삼선짬뽕q3</folder>
	<filename>top_국물면류_냉면기_삼선짬뽕_Q3_00019.JPG</filename>
	<path>/top국물면류냉면기삼선짬뽕q3/top_국물면류_냉면기_삼선짬뽕_Q3_00019.JPG</path>
	<source>
		<database>fooddata</database>
	</source>
	<size>
		<width>3008</width>
		<height>2000</height>
		<depth>3</depth>
	</size>
	<object>
		<name>ref_spoon</name>
		<bndbox>
			<xmin>1014</xmin>
			<ymin>1685</ymin>
			<xmax>1366</xmax>
			<ymax>1922</ymax>
		</bndbox>
	</object>
	<object>
		<name>ref_fork</name>
		<bndbox>
			<xmin>1064</xmin>
			<ymin>1408</ymin>
			<xmax>1426</xmax>
			<ymax>1557</ymax>
		</bndbox>
	</object>
	<object>
		<name>ref_coin</name>
		<bndbox>
			<xmin>2458</xmin>
			<ymin>922</ymin>
			<xmax>2611</xmax>
			<ymax>1074</ymax>
		</bndbox>
	</object>
	<object>
		<name>dish</name>
		<bndbox>
			<xmin>1043</xmin>
			<ymin>120</ymin>
			<xmax>2281</xmax>
			<ymax>1337</ymax>
		</bndbox>
	</object>
	<object>
		<name>삼선짬뽕</name>
		<bndbox>
			<xmin>1160</xmin>
			<ymin>244</ymin>
			<xmax>2135</xmax>
			<ymax>1252</ymax>
		</bndbox>
	</object>
</annotation>