<annotation>
	<folder>top국물면류냉면기삼선짬뽕q3</folder>
	<filename>top_국물면류_냉면기_삼선짬뽕_Q3_00017.JPG</filename>
	<path>/top국물면류냉면기삼선짬뽕q3/top_국물면류_냉면기_삼선짬뽕_Q3_00017.JPG</path>
	<source>
		<database>fooddata</database>
	</source>
	<size>
		<width>3008</width>
		<height>2000</height>
		<depth>3</depth>
	</size>
	<object>
		<name>ref_spoon</name>
		<bndbox>
			<xmin>1039</xmin>
			<ymin>1656</ymin>
			<xmax>1362</xmax>
			<ymax>1876</ymax>
		</bndbox>
	</object>
	<object>
		<name>ref_fork</name>
		<bndbox>
			<xmin>1068</xmin>
			<ymin>1394</ymin>
			<xmax>1415</xmax>
			<ymax>1529</ymax>
		</bndbox>
	</object>
	<object>
		<name>ref_coin</name>
		<bndbox>
			<xmin>2040</xmin>
			<ymin>1103</ymin>
			<xmax>2185</xmax>
			<ymax>1245</ymax>
		</bndbox>
	</object>
	<object>
		<name>dish</name>
		<bndbox>
			<xmin>1004</xmin>
			<ymin>131</ymin>
			<xmax>2150</xmax>
			<ymax>1262</ymax>
		</bndbox>
	</object>
	<object>
		<name>삼선짬뽕</name>
		<bndbox>
			<xmin>1093</xmin>
			<ymin>259</ymin>
			<xmax>2040</xmax>
			<ymax>1181</ymax>
		</bndbox>
	</object>
</annotation>