<annotation>
	<folder>top국물면류냉면기삼선짬뽕q3</folder>
	<filename>top_국물면류_냉면기_삼선짬뽕_Q3_00033.JPG</filename>
	<path>/top국물면류냉면기삼선짬뽕q3/top_국물면류_냉면기_삼선짬뽕_Q3_00033.JPG</path>
	<source>
		<database>fooddata</database>
	</source>
	<size>
		<width>3008</width>
		<height>2000</height>
		<depth>3</depth>
	</size>
	<object>
		<name>ref_spoon</name>
		<bndbox>
			<xmin>553</xmin>
			<ymin>429</ymin>
			<xmax>787</xmax>
			<ymax>769</ymax>
		</bndbox>
	</object>
	<object>
		<name>ref_fork</name>
		<bndbox>
			<xmin>947</xmin>
			<ymin>429</ymin>
			<xmax>1093</xmax>
			<ymax>808</ymax>
		</bndbox>
	</object>
	<object>
		<name>ref_coin</name>
		<bndbox>
			<xmin>1362</xmin>
			<ymin>1507</ymin>
			<xmax>1525</xmax>
			<ymax>1674</ymax>
		</bndbox>
	</object>
	<object>
		<name>dish</name>
		<bndbox>
			<xmin>1234</xmin>
			<ymin>202</ymin>
			<xmax>2490</xmax>
			<ymax>1429</ymax>
		</bndbox>
	</object>
	<object>
		<name>삼선짬뽕</name>
		<bndbox>
			<xmin>1312</xmin>
			<ymin>347</ymin>
			<xmax>2366</xmax>
			<ymax>1358</ymax>
		</bndbox>
	</object>
</annotation>