<annotation>
	<folder>side_파스타류낮고큰파스타볼크림소스스파게티q1</folder>
	<filename>side_파스타류_낮고큰파스타볼_크림소스스파게티_Q1_00031.JPG</filename>
	<path>/side파스타류낮고큰파스타볼크림소스스파게티q1/side_파스타류_낮고큰파스타볼_크림소스스파게티_Q1_00031.JPG</path>
	<source>
		<database>fooddata</database>
	</source>
	<size>
		<width>5472</width>
		<height>3648</height>
		<depth>3</depth>
	</size>
	<object>
		<name>ref_spoon</name>
		<bndbox>
			<xmin>371</xmin>
			<ymin>960</ymin>
			<xmax>823</xmax>
			<ymax>1703</ymax>
		</bndbox>
	</object>
	<object>
		<name>ref_fork</name>
		<bndbox>
			<xmin>985</xmin>
			<ymin>985</ymin>
			<xmax>1291</xmax>
			<ymax>1776</ymax>
		</bndbox>
	</object>
	<object>
		<name>ref_coin</name>
		<bndbox>
			<xmin>4705</xmin>
			<ymin>2373</ymin>
			<xmax>5085</xmax>
			<ymax>2671</ymax>
		</bndbox>
	</object>
	<object>
		<name>dish</name>
		<bndbox>
			<xmin>1533</xmin>
			<ymin>549</ymin>
			<xmax>4310</xmax>
			<ymax>2494</ymax>
		</bndbox>
	</object>
	<object>
		<name>크림소스스파게티</name>
		<bndbox>
			<xmin>2131</xmin>
			<ymin>1227</ymin>
			<xmax>3656</xmax>
			<ymax>2341</ymax>
		</bndbox>
	</object>
</annotation>