<annotation>
	<folder>side_파스타류낮고큰파스타볼크림소스스파게티q1</folder>
	<filename>side_파스타류_낮고큰파스타볼_크림소스스파게티_Q1_00039.JPG</filename>
	<path>/side파스타류낮고큰파스타볼크림소스스파게티q1/side_파스타류_낮고큰파스타볼_크림소스스파게티_Q1_00039.JPG</path>
	<source>
		<database>fooddata</database>
	</source>
	<size>
		<width>5472</width>
		<height>3648</height>
		<depth>3</depth>
	</size>
	<object>
		<name>ref_spoon</name>
		<bndbox>
			<xmin>799</xmin>
			<ymin>1348</ymin>
			<xmax>1259</xmax>
			<ymax>2139</ymax>
		</bndbox>
	</object>
	<object>
		<name>ref_fork</name>
		<bndbox>
			<xmin>1420</xmin>
			<ymin>1372</ymin>
			<xmax>1751</xmax>
			<ymax>2332</ymax>
		</bndbox>
	</object>
	<object>
		<name>ref_coin</name>
		<bndbox>
			<xmin>2349</xmin>
			<ymin>775</ymin>
			<xmax>2671</xmax>
			<ymax>1001</ymax>
		</bndbox>
	</object>
	<object>
		<name>dish</name>
		<bndbox>
			<xmin>2010</xmin>
			<ymin>960</ymin>
			<xmax>4915</xmax>
			<ymax>2986</ymax>
		</bndbox>
	</object>
	<object>
		<name>크림소스스파게티</name>
		<bndbox>
			<xmin>2655</xmin>
			<ymin>1937</ymin>
			<xmax>4197</xmax>
			<ymax>2760</ymax>
		</bndbox>
	</object>
</annotation>