<annotation>
	<folder>side_파스타류낮고큰파스타볼크림소스스파게티q1</folder>
	<filename>side_파스타류_낮고큰파스타볼_크림소스스파게티_Q1_00052.JPG</filename>
	<path>/side파스타류낮고큰파스타볼크림소스스파게티q1/side_파스타류_낮고큰파스타볼_크림소스스파게티_Q1_00052.JPG</path>
	<source>
		<database>fooddata</database>
	</source>
	<size>
		<width>5472</width>
		<height>3648</height>
		<depth>3</depth>
	</size>
	<object>
		<name>ref_spoon</name>
		<bndbox>
			<xmin>654</xmin>
			<ymin>1332</ymin>
			<xmax>1114</xmax>
			<ymax>2131</ymax>
		</bndbox>
	</object>
	<object>
		<name>ref_fork</name>
		<bndbox>
			<xmin>1291</xmin>
			<ymin>1340</ymin>
			<xmax>1598</xmax>
			<ymax>2284</ymax>
		</bndbox>
	</object>
	<object>
		<name>ref_coin</name>
		<bndbox>
			<xmin>1945</xmin>
			<ymin>581</ymin>
			<xmax>2252</xmax>
			<ymax>799</ymax>
		</bndbox>
	</object>
	<object>
		<name>dish</name>
		<bndbox>
			<xmin>1759</xmin>
			<ymin>815</ymin>
			<xmax>4625</xmax>
			<ymax>2809</ymax>
		</bndbox>
	</object>
	<object>
		<name>크림소스스파게티</name>
		<bndbox>
			<xmin>2445</xmin>
			<ymin>1574</ymin>
			<xmax>3793</xmax>
			<ymax>2623</ymax>
		</bndbox>
	</object>
</annotation>