<annotation>
	<folder>side_파스타류낮고큰파스타볼크림소스스파게티q1</folder>
	<filename>side_파스타류_낮고큰파스타볼_크림소스스파게티_Q1_00005.JPG</filename>
	<path>/side파스타류낮고큰파스타볼크림소스스파게티q1/side_파스타류_낮고큰파스타볼_크림소스스파게티_Q1_00005.JPG</path>
	<source>
		<database>fooddata</database>
	</source>
	<size>
		<width>5472</width>
		<height>3648</height>
		<depth>3</depth>
	</size>
	<object>
		<name>ref_spoon</name>
		<bndbox>
			<xmin>3842</xmin>
			<ymin>565</ymin>
			<xmax>4358</xmax>
			<ymax>1420</ymax>
		</bndbox>
	</object>
	<object>
		<name>ref_fork</name>
		<bndbox>
			<xmin>4552</xmin>
			<ymin>517</ymin>
			<xmax>4931</xmax>
			<ymax>1420</ymax>
		</bndbox>
	</object>
	<object>
		<name>ref_coin</name>
		<bndbox>
			<xmin>944</xmin>
			<ymin>3156</ymin>
			<xmax>1388</xmax>
			<ymax>3519</ymax>
		</bndbox>
	</object>
	<object>
		<name>dish</name>
		<bndbox>
			<xmin>452</xmin>
			<ymin>105</ymin>
			<xmax>3608</xmax>
			<ymax>2260</ymax>
		</bndbox>
	</object>
	<object>
		<name>크림소스스파게티</name>
		<bndbox>
			<xmin>1316</xmin>
			<ymin>1049</ymin>
			<xmax>2680</xmax>
			<ymax>2106</ymax>
		</bndbox>
	</object>
</annotation>