<annotation>
	<folder>재작업2</folder>
	<filename>side_파스타류_낮고큰파스타볼_크림소스스파게티_Q1_00026.JPG</filename>
	<path>/side파스타류낮고큰파스타볼크림소스스파게티q1/side_파스타류_낮고큰파스타볼_크림소스스파게티_Q1_00026.JPG</path>
	<source>
		<database>fooddata</database>
	</source>
	<size>
		<width>5472</width>
		<height>3648</height>
		<depth>3</depth>
	</size>
	<object>
		<name>ref_spoon</name>
		<bndbox>
			<xmin>693</xmin>
			<ymin>518</ymin>
			<xmax>1187</xmax>
			<ymax>1176</ymax>
		</bndbox>
	</object>
	<object>
		<name>ref_fork</name>
		<bndbox>
			<xmin>1351</xmin>
			<ymin>550</ymin>
			<xmax>1686</xmax>
			<ymax>1264</ymax>
		</bndbox>
	</object>
	<object>
		<name>ref_coin</name>
		<bndbox>
			<xmin>3352</xmin>
			<ymin>3051</ymin>
			<xmax>3767</xmax>
			<ymax>3401</ymax>
		</bndbox>
	</object>
	<object>
		<name>dish</name>
		<bndbox>
			<xmin>1957</xmin>
			<ymin>117</ymin>
			<xmax>5082</xmax>
			<ymax>2309</ymax>
		</bndbox>
	</object>
	<object>
		<name>크림소스스파게티</name>
		<bndbox>
			<xmin>2871</xmin>
			<ymin>1064</ymin>
			<xmax>4038</xmax>
			<ymax>2151</ymax>
		</bndbox>
	</object>
</annotation>