<annotation>
	<folder>side_파스타류낮고큰파스타볼크림소스스파게티q1</folder>
	<filename>side_파스타류_낮고큰파스타볼_크림소스스파게티_Q1_00042.JPG</filename>
	<path>/side파스타류낮고큰파스타볼크림소스스파게티q1/side_파스타류_낮고큰파스타볼_크림소스스파게티_Q1_00042.JPG</path>
	<source>
		<database>fooddata</database>
	</source>
	<size>
		<width>5472</width>
		<height>3648</height>
		<depth>3</depth>
	</size>
	<object>
		<name>ref_spoon</name>
		<bndbox>
			<xmin>282</xmin>
			<ymin>1090</ymin>
			<xmax>734</xmax>
			<ymax>1856</ymax>
		</bndbox>
	</object>
	<object>
		<name>ref_fork</name>
		<bndbox>
			<xmin>920</xmin>
			<ymin>1081</ymin>
			<xmax>1243</xmax>
			<ymax>1961</ymax>
		</bndbox>
	</object>
	<object>
		<name>ref_coin</name>
		<bndbox>
			<xmin>3826</xmin>
			<ymin>2938</ymin>
			<xmax>4213</xmax>
			<ymax>3269</ymax>
		</bndbox>
	</object>
	<object>
		<name>dish</name>
		<bndbox>
			<xmin>1404</xmin>
			<ymin>549</ymin>
			<xmax>4253</xmax>
			<ymax>2518</ymax>
		</bndbox>
	</object>
	<object>
		<name>크림소스스파게티</name>
		<bndbox>
			<xmin>2042</xmin>
			<ymin>1364</ymin>
			<xmax>3519</xmax>
			<ymax>2332</ymax>
		</bndbox>
	</object>
</annotation>