<annotation>
	<folder>side_파스타류낮고큰파스타볼크림소스스파게티q1</folder>
	<filename>side_파스타류_낮고큰파스타볼_크림소스스파게티_Q1_00002.JPG</filename>
	<path>/side파스타류낮고큰파스타볼크림소스스파게티q1/side_파스타류_낮고큰파스타볼_크림소스스파게티_Q1_00002.JPG</path>
	<source>
		<database>fooddata</database>
	</source>
	<size>
		<width>5472</width>
		<height>3648</height>
		<depth>3</depth>
	</size>
	<object>
		<name>ref_spoon</name>
		<bndbox>
			<xmin>3624</xmin>
			<ymin>541</ymin>
			<xmax>4148</xmax>
			<ymax>1332</ymax>
		</bndbox>
	</object>
	<object>
		<name>ref_fork</name>
		<bndbox>
			<xmin>4342</xmin>
			<ymin>500</ymin>
			<xmax>4721</xmax>
			<ymax>1388</ymax>
		</bndbox>
	</object>
	<object>
		<name>ref_coin</name>
		<bndbox>
			<xmin>2526</xmin>
			<ymin>2833</ymin>
			<xmax>2970</xmax>
			<ymax>3188</ymax>
		</bndbox>
	</object>
	<object>
		<name>dish</name>
		<bndbox>
			<xmin>371</xmin>
			<ymin>113</ymin>
			<xmax>3543</xmax>
			<ymax>2308</ymax>
		</bndbox>
	</object>
	<object>
		<name>크림소스스파게티</name>
		<bndbox>
			<xmin>1259</xmin>
			<ymin>1219</ymin>
			<xmax>2784</xmax>
			<ymax>2082</ymax>
		</bndbox>
	</object>
</annotation>