<annotation>
	<folder>side_파스타류낮고큰파스타볼크림소스스파게티q1</folder>
	<filename>side_파스타류_낮고큰파스타볼_크림소스스파게티_Q1_00030.JPG</filename>
	<path>/side파스타류낮고큰파스타볼크림소스스파게티q1/side_파스타류_낮고큰파스타볼_크림소스스파게티_Q1_00030.JPG</path>
	<source>
		<database>fooddata</database>
	</source>
	<size>
		<width>5472</width>
		<height>3648</height>
		<depth>3</depth>
	</size>
	<object>
		<name>ref_spoon</name>
		<bndbox>
			<xmin>444</xmin>
			<ymin>920</ymin>
			<xmax>944</xmax>
			<ymax>1727</ymax>
		</bndbox>
	</object>
	<object>
		<name>ref_fork</name>
		<bndbox>
			<xmin>1122</xmin>
			<ymin>928</ymin>
			<xmax>1461</xmax>
			<ymax>1792</ymax>
		</bndbox>
	</object>
	<object>
		<name>ref_coin</name>
		<bndbox>
			<xmin>4883</xmin>
			<ymin>2704</ymin>
			<xmax>5303</xmax>
			<ymax>3035</ymax>
		</bndbox>
	</object>
	<object>
		<name>dish</name>
		<bndbox>
			<xmin>1743</xmin>
			<ymin>436</ymin>
			<xmax>4794</xmax>
			<ymax>2567</ymax>
		</bndbox>
	</object>
	<object>
		<name>크림소스스파게티</name>
		<bndbox>
			<xmin>2583</xmin>
			<ymin>1348</ymin>
			<xmax>4011</xmax>
			<ymax>2429</ymax>
		</bndbox>
	</object>
</annotation>