<annotation>
	<folder>side_파스타류낮고큰파스타볼크림소스스파게티q1</folder>
	<filename>side_파스타류_낮고큰파스타볼_크림소스스파게티_Q1_00020.JPG</filename>
	<path>/side파스타류낮고큰파스타볼크림소스스파게티q1/side_파스타류_낮고큰파스타볼_크림소스스파게티_Q1_00020.JPG</path>
	<source>
		<database>fooddata</database>
	</source>
	<size>
		<width>5472</width>
		<height>3648</height>
		<depth>3</depth>
	</size>
	<object>
		<name>ref_spoon</name>
		<bndbox>
			<xmin>1622</xmin>
			<ymin>3010</ymin>
			<xmax>2599</xmax>
			<ymax>3446</ymax>
		</bndbox>
	</object>
	<object>
		<name>ref_fork</name>
		<bndbox>
			<xmin>1671</xmin>
			<ymin>2647</ymin>
			<xmax>2671</xmax>
			<ymax>3010</ymax>
		</bndbox>
	</object>
	<object>
		<name>ref_coin</name>
		<bndbox>
			<xmin>1832</xmin>
			<ymin>444</ymin>
			<xmax>2115</xmax>
			<ymax>646</ymax>
		</bndbox>
	</object>
	<object>
		<name>dish</name>
		<bndbox>
			<xmin>1711</xmin>
			<ymin>468</ymin>
			<xmax>4366</xmax>
			<ymax>2292</ymax>
		</bndbox>
	</object>
	<object>
		<name>크림소스스파게티</name>
		<bndbox>
			<xmin>2470</xmin>
			<ymin>1162</ymin>
			<xmax>3704</xmax>
			<ymax>2155</ymax>
		</bndbox>
	</object>
</annotation>