<annotation>
	<folder>top파스타류낮고큰파스타볼크림소스스파게티q1</folder>
	<filename>top_파스타류_낮고큰파스타볼_크림소스스파게티_Q1_00022.JPG</filename>
	<path>/top파스타류낮고큰파스타볼크림소스스파게티q1/top_파스타류_낮고큰파스타볼_크림소스스파게티_Q1_00022.JPG</path>
	<source>
		<database>fooddata</database>
	</source>
	<size>
		<width>5472</width>
		<height>3648</height>
		<depth>3</depth>
	</size>
	<object>
		<name>ref_spoon</name>
		<bndbox>
			<xmin>1084</xmin>
			<ymin>556</ymin>
			<xmax>1523</xmax>
			<ymax>1279</ymax>
		</bndbox>
	</object>
	<object>
		<name>ref_fork</name>
		<bndbox>
			<xmin>1645</xmin>
			<ymin>659</ymin>
			<xmax>1962</xmax>
			<ymax>1401</ymax>
		</bndbox>
	</object>
	<object>
		<name>ref_coin</name>
		<bndbox>
			<xmin>2323</xmin>
			<ymin>2776</ymin>
			<xmax>2633</xmax>
			<ymax>3111</ymax>
		</bndbox>
	</object>
	<object>
		<name>dish</name>
		<bndbox>
			<xmin>2194</xmin>
			<ymin>240</ymin>
			<xmax>4827</xmax>
			<ymax>2840</ymax>
		</bndbox>
	</object>
	<object>
		<name>크림소스스파게티</name>
		<bndbox>
			<xmin>3072</xmin>
			<ymin>963</ymin>
			<xmax>4046</xmax>
			<ymax>2182</ymax>
		</bndbox>
	</object>
</annotation>