<annotation>
	<folder>top파스타류낮고큰파스타볼크림소스스파게티q1</folder>
	<filename>top_파스타류_낮고큰파스타볼_크림소스스파게티_Q1_00041.JPG</filename>
	<path>/top파스타류낮고큰파스타볼크림소스스파게티q1/top_파스타류_낮고큰파스타볼_크림소스스파게티_Q1_00041.JPG</path>
	<source>
		<database>fooddata</database>
	</source>
	<size>
		<width>5472</width>
		<height>3648</height>
		<depth>3</depth>
	</size>
	<object>
		<name>ref_spoon</name>
		<bndbox>
			<xmin>671</xmin>
			<ymin>679</ymin>
			<xmax>1103</xmax>
			<ymax>1382</ymax>
		</bndbox>
	</object>
	<object>
		<name>ref_fork</name>
		<bndbox>
			<xmin>1232</xmin>
			<ymin>763</ymin>
			<xmax>1536</xmax>
			<ymax>1524</ymax>
		</bndbox>
	</object>
	<object>
		<name>ref_coin</name>
		<bndbox>
			<xmin>4530</xmin>
			<ymin>1956</ymin>
			<xmax>4846</xmax>
			<ymax>2285</ymax>
		</bndbox>
	</object>
	<object>
		<name>dish</name>
		<bndbox>
			<xmin>1813</xmin>
			<ymin>350</ymin>
			<xmax>4414</xmax>
			<ymax>2898</ymax>
		</bndbox>
	</object>
	<object>
		<name>크림소스스파게티</name>
		<bndbox>
			<xmin>2323</xmin>
			<ymin>1124</ymin>
			<xmax>3762</xmax>
			<ymax>2260</ymax>
		</bndbox>
	</object>
</annotation>