<annotation>
	<folder>top파스타류낮고큰파스타볼크림소스스파게티q1</folder>
	<filename>top_파스타류_낮고큰파스타볼_크림소스스파게티_Q1_00024.JPG</filename>
	<path>/top파스타류낮고큰파스타볼크림소스스파게티q1/top_파스타류_낮고큰파스타볼_크림소스스파게티_Q1_00024.JPG</path>
	<source>
		<database>fooddata</database>
	</source>
	<size>
		<width>5472</width>
		<height>3648</height>
		<depth>3</depth>
	</size>
	<object>
		<name>ref_spoon</name>
		<bndbox>
			<xmin>510</xmin>
			<ymin>524</ymin>
			<xmax>987</xmax>
			<ymax>1246</ymax>
		</bndbox>
	</object>
	<object>
		<name>ref_fork</name>
		<bndbox>
			<xmin>1136</xmin>
			<ymin>608</ymin>
			<xmax>1452</xmax>
			<ymax>1414</ymax>
		</bndbox>
	</object>
	<object>
		<name>ref_coin</name>
		<bndbox>
			<xmin>2568</xmin>
			<ymin>3053</ymin>
			<xmax>2904</xmax>
			<ymax>3395</ymax>
		</bndbox>
	</object>
	<object>
		<name>dish</name>
		<bndbox>
			<xmin>1704</xmin>
			<ymin>175</ymin>
			<xmax>4440</xmax>
			<ymax>2898</ymax>
		</bndbox>
	</object>
	<object>
		<name>크림소스스파게티</name>
		<bndbox>
			<xmin>2633</xmin>
			<ymin>950</ymin>
			<xmax>3646</xmax>
			<ymax>2227</ymax>
		</bndbox>
	</object>
</annotation>