<annotation>
	<folder>top파스타류낮고큰파스타볼크림소스스파게티q1</folder>
	<filename>top_파스타류_낮고큰파스타볼_크림소스스파게티_Q1_00016.JPG</filename>
	<path>/top파스타류낮고큰파스타볼크림소스스파게티q1/top_파스타류_낮고큰파스타볼_크림소스스파게티_Q1_00016.JPG</path>
	<source>
		<database>fooddata</database>
	</source>
	<size>
		<width>5472</width>
		<height>3648</height>
		<depth>3</depth>
	</size>
	<object>
		<name>ref_spoon</name>
		<bndbox>
			<xmin>1600</xmin>
			<ymin>2840</ymin>
			<xmax>2246</xmax>
			<ymax>3247</ymax>
		</bndbox>
	</object>
	<object>
		<name>ref_fork</name>
		<bndbox>
			<xmin>1736</xmin>
			<ymin>2473</ymin>
			<xmax>2400</xmax>
			<ymax>2737</ymax>
		</bndbox>
	</object>
	<object>
		<name>ref_coin</name>
		<bndbox>
			<xmin>3975</xmin>
			<ymin>892</ymin>
			<xmax>4233</xmax>
			<ymax>1150</ymax>
		</bndbox>
	</object>
	<object>
		<name>dish</name>
		<bndbox>
			<xmin>1807</xmin>
			<ymin>375</ymin>
			<xmax>4001</xmax>
			<ymax>2543</ymax>
		</bndbox>
	</object>
	<object>
		<name>크림소스스파게티</name>
		<bndbox>
			<xmin>2426</xmin>
			<ymin>982</ymin>
			<xmax>3439</xmax>
			<ymax>2008</ymax>
		</bndbox>
	</object>
</annotation>