<annotation>
	<folder>top파스타류낮고큰파스타볼크림소스스파게티q1</folder>
	<filename>top_파스타류_낮고큰파스타볼_크림소스스파게티_Q1_00053.JPG</filename>
	<path>/top파스타류낮고큰파스타볼크림소스스파게티q1/top_파스타류_낮고큰파스타볼_크림소스스파게티_Q1_00053.JPG</path>
	<source>
		<database>fooddata</database>
	</source>
	<size>
		<width>5472</width>
		<height>3648</height>
		<depth>3</depth>
	</size>
	<object>
		<name>ref_spoon</name>
		<bndbox>
			<xmin>671</xmin>
			<ymin>924</ymin>
			<xmax>1110</xmax>
			<ymax>1621</ymax>
		</bndbox>
	</object>
	<object>
		<name>ref_fork</name>
		<bndbox>
			<xmin>1232</xmin>
			<ymin>988</ymin>
			<xmax>1555</xmax>
			<ymax>1737</ymax>
		</bndbox>
	</object>
	<object>
		<name>ref_coin</name>
		<bndbox>
			<xmin>4523</xmin>
			<ymin>1253</ymin>
			<xmax>4853</xmax>
			<ymax>1556</ymax>
		</bndbox>
	</object>
	<object>
		<name>dish</name>
		<bndbox>
			<xmin>1833</xmin>
			<ymin>498</ymin>
			<xmax>4446</xmax>
			<ymax>3053</ymax>
		</bndbox>
	</object>
	<object>
		<name>크림소스스파게티</name>
		<bndbox>
			<xmin>2388</xmin>
			<ymin>1175</ymin>
			<xmax>3768</xmax>
			<ymax>2414</ymax>
		</bndbox>
	</object>
</annotation>