<annotation>
	<folder>top파스타류낮고큰파스타볼크림소스스파게티q1</folder>
	<filename>top_파스타류_낮고큰파스타볼_크림소스스파게티_Q1_00039.JPG</filename>
	<path>/top파스타류낮고큰파스타볼크림소스스파게티q1/top_파스타류_낮고큰파스타볼_크림소스스파게티_Q1_00039.JPG</path>
	<source>
		<database>fooddata</database>
	</source>
	<size>
		<width>5472</width>
		<height>3648</height>
		<depth>3</depth>
	</size>
	<object>
		<name>ref_spoon</name>
		<bndbox>
			<xmin>658</xmin>
			<ymin>653</ymin>
			<xmax>1110</xmax>
			<ymax>1369</ymax>
		</bndbox>
	</object>
	<object>
		<name>ref_fork</name>
		<bndbox>
			<xmin>1239</xmin>
			<ymin>737</ymin>
			<xmax>1542</xmax>
			<ymax>1485</ymax>
		</bndbox>
	</object>
	<object>
		<name>ref_coin</name>
		<bndbox>
			<xmin>4162</xmin>
			<ymin>2608</ymin>
			<xmax>4478</xmax>
			<ymax>2937</ymax>
		</bndbox>
	</object>
	<object>
		<name>dish</name>
		<bndbox>
			<xmin>1846</xmin>
			<ymin>317</ymin>
			<xmax>4420</xmax>
			<ymax>2853</ymax>
		</bndbox>
	</object>
	<object>
		<name>크림소스스파게티</name>
		<bndbox>
			<xmin>2646</xmin>
			<ymin>1046</ymin>
			<xmax>3775</xmax>
			<ymax>2221</ymax>
		</bndbox>
	</object>
</annotation>