<annotation>
	<folder>top파스타류낮고큰파스타볼크림소스스파게티q1</folder>
	<filename>top_파스타류_낮고큰파스타볼_크림소스스파게티_Q1_00023.JPG</filename>
	<path>/top파스타류낮고큰파스타볼크림소스스파게티q1/top_파스타류_낮고큰파스타볼_크림소스스파게티_Q1_00023.JPG</path>
	<source>
		<database>fooddata</database>
	</source>
	<size>
		<width>5472</width>
		<height>3648</height>
		<depth>3</depth>
	</size>
	<object>
		<name>ref_spoon</name>
		<bndbox>
			<xmin>1039</xmin>
			<ymin>627</ymin>
			<xmax>1458</xmax>
			<ymax>1330</ymax>
		</bndbox>
	</object>
	<object>
		<name>ref_fork</name>
		<bndbox>
			<xmin>1594</xmin>
			<ymin>711</ymin>
			<xmax>1897</xmax>
			<ymax>1459</ymax>
		</bndbox>
	</object>
	<object>
		<name>ref_coin</name>
		<bndbox>
			<xmin>2665</xmin>
			<ymin>2982</ymin>
			<xmax>2975</xmax>
			<ymax>3292</ymax>
		</bndbox>
	</object>
	<object>
		<name>dish</name>
		<bndbox>
			<xmin>2142</xmin>
			<ymin>285</ymin>
			<xmax>4743</xmax>
			<ymax>2840</ymax>
		</bndbox>
	</object>
	<object>
		<name>크림소스스파게티</name>
		<bndbox>
			<xmin>2826</xmin>
			<ymin>995</ymin>
			<xmax>3975</xmax>
			<ymax>2240</ymax>
		</bndbox>
	</object>
</annotation>