<annotation>
	<folder>side오므라이스접시오므라이스q2</folder>
	<filename>side_오므라이스_접시_오므라이스_Q2_00003.JPG</filename>
	<path>/side오므라이스접시오므라이스q2/side_오므라이스_접시_오므라이스_Q2_00003.JPG</path>
	<source>
		<database>fooddata</database>
	</source>
	<size>
		<width>5472</width>
		<height>3648</height>
		<depth>3</depth>
	</size>
	<object>
		<name>ref_spoon</name>
		<bndbox>
			<xmin>3845</xmin>
			<ymin>599</ymin>
			<xmax>4354</xmax>
			<ymax>1339</ymax>
		</bndbox>
	</object>
	<object>
		<name>ref_fork</name>
		<bndbox>
			<xmin>4409</xmin>
			<ymin>544</ymin>
			<xmax>4806</xmax>
			<ymax>1357</ymax>
		</bndbox>
	</object>
	<object>
		<name>ref_coin</name>
		<bndbox>
			<xmin>2754</xmin>
			<ymin>2929</ymin>
			<xmax>3180</xmax>
			<ymax>3298</ymax>
		</bndbox>
	</object>
	<object>
		<name>dish</name>
		<bndbox>
			<xmin>360</xmin>
			<ymin>572</ymin>
			<xmax>3817</xmax>
			<ymax>2984</ymax>
		</bndbox>
	</object>
	<object>
		<name>오므라이스</name>
		<bndbox>
			<xmin>1405</xmin>
			<ymin>1163</ymin>
			<xmax>2967</xmax>
			<ymax>2226</ymax>
		</bndbox>
	</object>
</annotation>