<annotation>
	<folder>side오므라이스접시오므라이스q2</folder>
	<filename>side_오므라이스_접시_오므라이스_Q2_00045.JPG</filename>
	<path>/side오므라이스접시오므라이스q2/side_오므라이스_접시_오므라이스_Q2_00045.JPG</path>
	<source>
		<database>fooddata</database>
	</source>
	<size>
		<width>5472</width>
		<height>3648</height>
		<depth>3</depth>
	</size>
	<object>
		<name>ref_spoon</name>
		<bndbox>
			<xmin>499</xmin>
			<ymin>1024</ymin>
			<xmax>1026</xmax>
			<ymax>1773</ymax>
		</bndbox>
	</object>
	<object>
		<name>ref_fork</name>
		<bndbox>
			<xmin>1128</xmin>
			<ymin>1015</ymin>
			<xmax>1488</xmax>
			<ymax>1875</ymax>
		</bndbox>
	</object>
	<object>
		<name>ref_coin</name>
		<bndbox>
			<xmin>1932</xmin>
			<ymin>877</ymin>
			<xmax>2302</xmax>
			<ymax>1163</ymax>
		</bndbox>
	</object>
	<object>
		<name>dish</name>
		<bndbox>
			<xmin>1608</xmin>
			<ymin>1024</ymin>
			<xmax>5204</xmax>
			<ymax>3039</ymax>
		</bndbox>
	</object>
	<object>
		<name>오므라이스</name>
		<bndbox>
			<xmin>2477</xmin>
			<ymin>1542</ymin>
			<xmax>4122</xmax>
			<ymax>2651</ymax>
		</bndbox>
	</object>
</annotation>