<annotation>
	<folder>side오므라이스접시오므라이스q2</folder>
	<filename>side_오므라이스_접시_오므라이스_Q2_00031.JPG</filename>
	<path>/side오므라이스접시오므라이스q2/side_오므라이스_접시_오므라이스_Q2_00031.JPG</path>
	<source>
		<database>fooddata</database>
	</source>
	<size>
		<width>5472</width>
		<height>3648</height>
		<depth>3</depth>
	</size>
	<object>
		<name>ref_spoon</name>
		<bndbox>
			<xmin>176</xmin>
			<ymin>1172</ymin>
			<xmax>712</xmax>
			<ymax>2004</ymax>
		</bndbox>
	</object>
	<object>
		<name>ref_fork</name>
		<bndbox>
			<xmin>869</xmin>
			<ymin>1154</ymin>
			<xmax>1248</xmax>
			<ymax>2041</ymax>
		</bndbox>
	</object>
	<object>
		<name>ref_coin</name>
		<bndbox>
			<xmin>1405</xmin>
			<ymin>2734</ymin>
			<xmax>1839</xmax>
			<ymax>3113</ymax>
		</bndbox>
	</object>
	<object>
		<name>dish</name>
		<bndbox>
			<xmin>1405</xmin>
			<ymin>701</ymin>
			<xmax>5195</xmax>
			<ymax>2771</ymax>
		</bndbox>
	</object>
	<object>
		<name>오므라이스</name>
		<bndbox>
			<xmin>2570</xmin>
			<ymin>1154</ymin>
			<xmax>4474</xmax>
			<ymax>2152</ymax>
		</bndbox>
	</object>
</annotation>