<annotation>
	<folder>my-project-name</folder>
	<filename>side_오므라이스_접시_오므라이스_Q2_00046.JPG</filename>
	<path>/side오므라이스접시오므라이스q2/side_오므라이스_접시_오므라이스_Q2_00046.JPG</path>
	<source>
		<database>fooddata</database>
	</source>
	<size>
		<width>5472</width>
		<height>3648</height>
		<depth>3</depth>
	</size>
	<object>
		<name>ref_spoon</name>
		<bndbox>
			<xmin>539</xmin>
			<ymin>1044</ymin>
			<xmax>1066</xmax>
			<ymax>1769</ymax>
		</bndbox>
	</object>
	<object>
		<name>ref_fork</name>
		<bndbox>
			<xmin>1185</xmin>
			<ymin>1014</ymin>
			<xmax>1523</xmax>
			<ymax>1819</ymax>
		</bndbox>
	</object>
	<object>
		<name>ref_coin</name>
		<bndbox>
			<xmin>2428</xmin>
			<ymin>805</ymin>
			<xmax>2776</xmax>
			<ymax>1083</ymax>
		</bndbox>
	</object>
	<object>
		<name>dish</name>
		<bndbox>
			<xmin>1662</xmin>
			<ymin>1044</ymin>
			<xmax>5281</xmax>
			<ymax>3071</ymax>
		</bndbox>
	</object>
	<object>
		<name>오므라이스</name>
		<bndbox>
			<xmin>2497</xmin>
			<ymin>1571</ymin>
			<xmax>4217</xmax>
			<ymax>2694</ymax>
		</bndbox>
	</object>
</annotation>