<annotation>
	<folder>side오므라이스접시오므라이스q2</folder>
	<filename>side_오므라이스_접시_오므라이스_Q2_00049.JPG</filename>
	<path>/side오므라이스접시오므라이스q2/side_오므라이스_접시_오므라이스_Q2_00049.JPG</path>
	<source>
		<database>fooddata</database>
	</source>
	<size>
		<width>5472</width>
		<height>3648</height>
		<depth>3</depth>
	</size>
	<object>
		<name>ref_spoon</name>
		<bndbox>
			<xmin>379</xmin>
			<ymin>1024</ymin>
			<xmax>887</xmax>
			<ymax>1764</ymax>
		</bndbox>
	</object>
	<object>
		<name>ref_fork</name>
		<bndbox>
			<xmin>1017</xmin>
			<ymin>1024</ymin>
			<xmax>1359</xmax>
			<ymax>1856</ymax>
		</bndbox>
	</object>
	<object>
		<name>ref_coin</name>
		<bndbox>
			<xmin>3438</xmin>
			<ymin>784</ymin>
			<xmax>3799</xmax>
			<ymax>1052</ymax>
		</bndbox>
	</object>
	<object>
		<name>dish</name>
		<bndbox>
			<xmin>1488</xmin>
			<ymin>1052</ymin>
			<xmax>5093</xmax>
			<ymax>3076</ymax>
		</bndbox>
	</object>
	<object>
		<name>오므라이스</name>
		<bndbox>
			<xmin>2274</xmin>
			<ymin>1542</ymin>
			<xmax>4058</xmax>
			<ymax>2559</ymax>
		</bndbox>
	</object>
</annotation>