<annotation>
	<folder>side오므라이스접시오므라이스q2</folder>
	<filename>side_오므라이스_접시_오므라이스_Q2_00002.JPG</filename>
	<path>/side오므라이스접시오므라이스q2/side_오므라이스_접시_오므라이스_Q2_00002.JPG</path>
	<source>
		<database>fooddata</database>
	</source>
	<size>
		<width>5472</width>
		<height>3648</height>
		<depth>3</depth>
	</size>
	<object>
		<name>ref_spoon</name>
		<bndbox>
			<xmin>3901</xmin>
			<ymin>682</ymin>
			<xmax>4400</xmax>
			<ymax>1413</ymax>
		</bndbox>
	</object>
	<object>
		<name>ref_fork</name>
		<bndbox>
			<xmin>4455</xmin>
			<ymin>645</ymin>
			<xmax>4853</xmax>
			<ymax>1487</ymax>
		</bndbox>
	</object>
	<object>
		<name>ref_coin</name>
		<bndbox>
			<xmin>3217</xmin>
			<ymin>2855</ymin>
			<xmax>3623</xmax>
			<ymax>3224</ymax>
		</bndbox>
	</object>
	<object>
		<name>dish</name>
		<bndbox>
			<xmin>351</xmin>
			<ymin>747</ymin>
			<xmax>3947</xmax>
			<ymax>3058</ymax>
		</bndbox>
	</object>
	<object>
		<name>오므라이스</name>
		<bndbox>
			<xmin>1470</xmin>
			<ymin>1283</ymin>
			<xmax>3032</xmax>
			<ymax>2337</ymax>
		</bndbox>
	</object>
</annotation>