<annotation>
	<folder>top오므라이스접시오므라이스q2</folder>
	<filename>top_오므라이스_접시_오므라이스_Q2_00031.JPG</filename>
	<path>/top오므라이스접시오므라이스q2/top_오므라이스_접시_오므라이스_Q2_00031.JPG</path>
	<source>
		<database>fooddata</database>
	</source>
	<size>
		<width>5472</width>
		<height>3648</height>
		<depth>3</depth>
	</size>
	<object>
		<name>ref_spoon</name>
		<bndbox>
			<xmin>370</xmin>
			<ymin>969</ymin>
			<xmax>906</xmax>
			<ymax>1893</ymax>
		</bndbox>
	</object>
	<object>
		<name>ref_fork</name>
		<bndbox>
			<xmin>1081</xmin>
			<ymin>987</ymin>
			<xmax>1479</xmax>
			<ymax>1958</ymax>
		</bndbox>
	</object>
	<object>
		<name>ref_coin</name>
		<bndbox>
			<xmin>3938</xmin>
			<ymin>2993</ymin>
			<xmax>4326</xmax>
			<ymax>3391</ymax>
		</bndbox>
	</object>
	<object>
		<name>dish</name>
		<bndbox>
			<xmin>1581</xmin>
			<ymin>525</ymin>
			<xmax>5213</xmax>
			<ymax>3021</ymax>
		</bndbox>
	</object>
	<object>
		<name>오므라이스</name>
		<bndbox>
			<xmin>2486</xmin>
			<ymin>1015</ymin>
			<xmax>4122</xmax>
			<ymax>2355</ymax>
		</bndbox>
	</object>
</annotation>