<annotation>
	<folder>top오므라이스접시오므라이스q2</folder>
	<filename>top_오므라이스_접시_오므라이스_Q2_00007.JPG</filename>
	<path>/top오므라이스접시오므라이스q2/top_오므라이스_접시_오므라이스_Q2_00007.JPG</path>
	<source>
		<database>fooddata</database>
	</source>
	<size>
		<width>5472</width>
		<height>3648</height>
		<depth>3</depth>
	</size>
	<object>
		<name>ref_spoon</name>
		<bndbox>
			<xmin>3975</xmin>
			<ymin>451</ymin>
			<xmax>4418</xmax>
			<ymax>1246</ymax>
		</bndbox>
	</object>
	<object>
		<name>ref_fork</name>
		<bndbox>
			<xmin>4464</xmin>
			<ymin>359</ymin>
			<xmax>4825</xmax>
			<ymax>1154</ymax>
		</bndbox>
	</object>
	<object>
		<name>ref_coin</name>
		<bndbox>
			<xmin>2607</xmin>
			<ymin>396</ymin>
			<xmax>2921</xmax>
			<ymax>710</ymax>
		</bndbox>
	</object>
	<object>
		<name>dish</name>
		<bndbox>
			<xmin>1276</xmin>
			<ymin>692</ymin>
			<xmax>3993</xmax>
			<ymax>3418</ymax>
		</bndbox>
	</object>
	<object>
		<name>오므라이스</name>
		<bndbox>
			<xmin>1756</xmin>
			<ymin>1366</ymin>
			<xmax>3032</xmax>
			<ymax>2688</ymax>
		</bndbox>
	</object>
</annotation>