<annotation>
	<folder>top오므라이스접시오므라이스q2</folder>
	<filename>top_오므라이스_접시_오므라이스_Q2_00041.JPG</filename>
	<path>/top오므라이스접시오므라이스q2/top_오므라이스_접시_오므라이스_Q2_00041.JPG</path>
	<source>
		<database>fooddata</database>
	</source>
	<size>
		<width>5472</width>
		<height>3648</height>
		<depth>3</depth>
	</size>
	<object>
		<name>ref_spoon</name>
		<bndbox>
			<xmin>148</xmin>
			<ymin>1024</ymin>
			<xmax>675</xmax>
			<ymax>1949</ymax>
		</bndbox>
	</object>
	<object>
		<name>ref_fork</name>
		<bndbox>
			<xmin>832</xmin>
			<ymin>1061</ymin>
			<xmax>1239</xmax>
			<ymax>1949</ymax>
		</bndbox>
	</object>
	<object>
		<name>ref_coin</name>
		<bndbox>
			<xmin>4825</xmin>
			<ymin>1782</ymin>
			<xmax>5158</xmax>
			<ymax>2171</ymax>
		</bndbox>
	</object>
	<object>
		<name>dish</name>
		<bndbox>
			<xmin>1331</xmin>
			<ymin>664</ymin>
			<xmax>4806</xmax>
			<ymax>3067</ymax>
		</bndbox>
	</object>
	<object>
		<name>오므라이스</name>
		<bndbox>
			<xmin>2163</xmin>
			<ymin>1219</ymin>
			<xmax>3845</xmax>
			<ymax>2411</ymax>
		</bndbox>
	</object>
</annotation>