<annotation>
	<folder>top오므라이스접시오므라이스q2</folder>
	<filename>top_오므라이스_접시_오므라이스_Q2_00003.JPG</filename>
	<path>/top오므라이스접시오므라이스q2/top_오므라이스_접시_오므라이스_Q2_00003.JPG</path>
	<source>
		<database>fooddata</database>
	</source>
	<size>
		<width>5472</width>
		<height>3648</height>
		<depth>3</depth>
	</size>
	<object>
		<name>ref_spoon</name>
		<bndbox>
			<xmin>3947</xmin>
			<ymin>738</ymin>
			<xmax>4455</xmax>
			<ymax>1524</ymax>
		</bndbox>
	</object>
	<object>
		<name>ref_fork</name>
		<bndbox>
			<xmin>4575</xmin>
			<ymin>682</ymin>
			<xmax>4936</xmax>
			<ymax>1561</ymax>
		</bndbox>
	</object>
	<object>
		<name>ref_coin</name>
		<bndbox>
			<xmin>2939</xmin>
			<ymin>359</ymin>
			<xmax>3300</xmax>
			<ymax>710</ymax>
		</bndbox>
	</object>
	<object>
		<name>dish</name>
		<bndbox>
			<xmin>508</xmin>
			<ymin>747</ymin>
			<xmax>4076</xmax>
			<ymax>3298</ymax>
		</bndbox>
	</object>
	<object>
		<name>오므라이스</name>
		<bndbox>
			<xmin>1285</xmin>
			<ymin>1450</ymin>
			<xmax>2995</xmax>
			<ymax>2568</ymax>
		</bndbox>
	</object>
</annotation>