<annotation>
	<folder>top오므라이스접시오므라이스q2</folder>
	<filename>top_오므라이스_접시_오므라이스_Q2_00044.JPG</filename>
	<path>/top오므라이스접시오므라이스q2/top_오므라이스_접시_오므라이스_Q2_00044.JPG</path>
	<source>
		<database>fooddata</database>
	</source>
	<size>
		<width>5472</width>
		<height>3648</height>
		<depth>3</depth>
	</size>
	<object>
		<name>ref_spoon</name>
		<bndbox>
			<xmin>222</xmin>
			<ymin>1209</ymin>
			<xmax>804</xmax>
			<ymax>2134</ymax>
		</bndbox>
	</object>
	<object>
		<name>ref_fork</name>
		<bndbox>
			<xmin>980</xmin>
			<ymin>1228</ymin>
			<xmax>1396</xmax>
			<ymax>2217</ymax>
		</bndbox>
	</object>
	<object>
		<name>ref_coin</name>
		<bndbox>
			<xmin>4196</xmin>
			<ymin>433</ymin>
			<xmax>4566</xmax>
			<ymax>812</ymax>
		</bndbox>
	</object>
	<object>
		<name>dish</name>
		<bndbox>
			<xmin>1507</xmin>
			<ymin>747</ymin>
			<xmax>5250</xmax>
			<ymax>3326</ymax>
		</bndbox>
	</object>
	<object>
		<name>오므라이스</name>
		<bndbox>
			<xmin>2403</xmin>
			<ymin>1348</ymin>
			<xmax>4215</xmax>
			<ymax>2651</ymax>
		</bndbox>
	</object>
</annotation>