<annotation>
	<folder>top오므라이스접시오므라이스q2</folder>
	<filename>top_오므라이스_접시_오므라이스_Q2_00018.JPG</filename>
	<path>/top오므라이스접시오므라이스q2/top_오므라이스_접시_오므라이스_Q2_00018.JPG</path>
	<source>
		<database>fooddata</database>
	</source>
	<size>
		<width>5472</width>
		<height>3648</height>
		<depth>3</depth>
	</size>
	<object>
		<name>ref_spoon</name>
		<bndbox>
			<xmin>564</xmin>
			<ymin>1329</ymin>
			<xmax>1091</xmax>
			<ymax>2189</ymax>
		</bndbox>
	</object>
	<object>
		<name>ref_fork</name>
		<bndbox>
			<xmin>1202</xmin>
			<ymin>1339</ymin>
			<xmax>1590</xmax>
			<ymax>2217</ymax>
		</bndbox>
	</object>
	<object>
		<name>ref_coin</name>
		<bndbox>
			<xmin>2930</xmin>
			<ymin>350</ymin>
			<xmax>3309</xmax>
			<ymax>701</ymax>
		</bndbox>
	</object>
	<object>
		<name>dish</name>
		<bndbox>
			<xmin>1802</xmin>
			<ymin>895</ymin>
			<xmax>5185</xmax>
			<ymax>3280</ymax>
		</bndbox>
	</object>
	<object>
		<name>오므라이스</name>
		<bndbox>
			<xmin>2745</xmin>
			<ymin>1468</ymin>
			<xmax>4418</xmax>
			<ymax>2688</ymax>
		</bndbox>
	</object>
</annotation>