<annotation>
	<folder>top오므라이스접시오므라이스q2</folder>
	<filename>top_오므라이스_접시_오므라이스_Q2_00034.JPG</filename>
	<path>/top오므라이스접시오므라이스q2/top_오므라이스_접시_오므라이스_Q2_00034.JPG</path>
	<source>
		<database>fooddata</database>
	</source>
	<size>
		<width>5472</width>
		<height>3648</height>
		<depth>3</depth>
	</size>
	<object>
		<name>ref_spoon</name>
		<bndbox>
			<xmin>462</xmin>
			<ymin>951</ymin>
			<xmax>998</xmax>
			<ymax>1810</ymax>
		</bndbox>
	</object>
	<object>
		<name>ref_fork</name>
		<bndbox>
			<xmin>1146</xmin>
			<ymin>932</ymin>
			<xmax>1581</xmax>
			<ymax>1875</ymax>
		</bndbox>
	</object>
	<object>
		<name>ref_coin</name>
		<bndbox>
			<xmin>3143</xmin>
			<ymin>3021</ymin>
			<xmax>3549</xmax>
			<ymax>3409</ymax>
		</bndbox>
	</object>
	<object>
		<name>dish</name>
		<bndbox>
			<xmin>1682</xmin>
			<ymin>359</ymin>
			<xmax>5296</xmax>
			<ymax>2855</ymax>
		</bndbox>
	</object>
	<object>
		<name>오므라이스</name>
		<bndbox>
			<xmin>2570</xmin>
			<ymin>941</ymin>
			<xmax>4196</xmax>
			<ymax>2245</ymax>
		</bndbox>
	</object>
</annotation>