<annotation>
	<folder>side어육류면적철판닭갈비q2</folder>
	<filename>side_어육류면적_철판_닭갈비_Q2_00023.JPG</filename>
	<path>/side어육류면적철판닭갈비q2/side_어육류면적_철판_닭갈비_Q2_00023.JPG</path>
	<source>
		<database>fooddata</database>
	</source>
	<size>
		<width>3008</width>
		<height>2000</height>
		<depth>3</depth>
	</size>
	<object>
		<name>ref_spoon</name>
		<bndbox>
			<xmin>513</xmin>
			<ymin>1597</ymin>
			<xmax>938</xmax>
			<ymax>1844</ymax>
		</bndbox>
	</object>
	<object>
		<name>ref_fork</name>
		<bndbox>
			<xmin>647</xmin>
			<ymin>1434</ymin>
			<xmax>1087</xmax>
			<ymax>1648</ymax>
		</bndbox>
	</object>
	<object>
		<name>ref_coin</name>
		<bndbox>
			<xmin>2186</xmin>
			<ymin>740</ymin>
			<xmax>2361</xmax>
			<ymax>868</ymax>
		</bndbox>
	</object>
	<object>
		<name>dish</name>
		<bndbox>
			<xmin>571</xmin>
			<ymin>138</ymin>
			<xmax>1881</xmax>
			<ymax>1111</ymax>
		</bndbox>
	</object>
	<object>
		<name>닭갈비</name>
		<bndbox>
			<xmin>851</xmin>
			<ymin>385</ymin>
			<xmax>1715</xmax>
			<ymax>955</ymax>
		</bndbox>
	</object>
</annotation>