<annotation>
	<folder>side어육류면적철판닭갈비q2</folder>
	<filename>side_어육류면적_철판_닭갈비_Q2_00009.JPG</filename>
	<path>/side어육류면적철판닭갈비q2/side_어육류면적_철판_닭갈비_Q2_00009.JPG</path>
	<source>
		<database>fooddata</database>
	</source>
	<size>
		<width>3008</width>
		<height>2000</height>
		<depth>3</depth>
	</size>
	<object>
		<name>ref_spoon</name>
		<bndbox>
			<xmin>2237</xmin>
			<ymin>715</ymin>
			<xmax>2488</xmax>
			<ymax>1049</ymax>
		</bndbox>
	</object>
	<object>
		<name>ref_fork</name>
		<bndbox>
			<xmin>2571</xmin>
			<ymin>726</ymin>
			<xmax>2749</xmax>
			<ymax>1103</ymax>
		</bndbox>
	</object>
	<object>
		<name>ref_coin</name>
		<bndbox>
			<xmin>1885</xmin>
			<ymin>494</ymin>
			<xmax>2056</xmax>
			<ymax>621</ymax>
		</bndbox>
	</object>
	<object>
		<name>dish</name>
		<bndbox>
			<xmin>600</xmin>
			<ymin>446</ymin>
			<xmax>2034</xmax>
			<ymax>1525</ymax>
		</bndbox>
	</object>
	<object>
		<name>닭갈비</name>
		<bndbox>
			<xmin>967</xmin>
			<ymin>704</ymin>
			<xmax>1722</xmax>
			<ymax>1289</ymax>
		</bndbox>
	</object>
</annotation>