<annotation>
	<folder>side어육류면적철판닭갈비q2</folder>
	<filename>side_어육류면적_철판_닭갈비_Q2_00007.JPG</filename>
	<path>/side어육류면적철판닭갈비q2/side_어육류면적_철판_닭갈비_Q2_00007.JPG</path>
	<source>
		<database>fooddata</database>
	</source>
	<size>
		<width>3008</width>
		<height>2000</height>
		<depth>3</depth>
	</size>
	<object>
		<name>ref_spoon</name>
		<bndbox>
			<xmin>2179</xmin>
			<ymin>730</ymin>
			<xmax>2426</xmax>
			<ymax>1056</ymax>
		</bndbox>
	</object>
	<object>
		<name>ref_fork</name>
		<bndbox>
			<xmin>2513</xmin>
			<ymin>737</ymin>
			<xmax>2684</xmax>
			<ymax>1114</ymax>
		</bndbox>
	</object>
	<object>
		<name>ref_coin</name>
		<bndbox>
			<xmin>604</xmin>
			<ymin>250</ymin>
			<xmax>771</xmax>
			<ymax>370</ymax>
		</bndbox>
	</object>
	<object>
		<name>dish</name>
		<bndbox>
			<xmin>538</xmin>
			<ymin>457</ymin>
			<xmax>1976</xmax>
			<ymax>1521</ymax>
		</bndbox>
	</object>
	<object>
		<name>닭갈비</name>
		<bndbox>
			<xmin>836</xmin>
			<ymin>737</ymin>
			<xmax>1533</xmax>
			<ymax>1303</ymax>
		</bndbox>
	</object>
</annotation>