<annotation>
	<folder>side어육류면적철판닭갈비q2</folder>
	<filename>side_어육류면적_철판_닭갈비_Q2_00042.JPG</filename>
	<path>/side어육류면적철판닭갈비q2/side_어육류면적_철판_닭갈비_Q2_00042.JPG</path>
	<source>
		<database>fooddata</database>
	</source>
	<size>
		<width>3008</width>
		<height>2000</height>
		<depth>3</depth>
	</size>
	<object>
		<name>ref_spoon</name>
		<bndbox>
			<xmin>473</xmin>
			<ymin>417</ymin>
			<xmax>713</xmax>
			<ymax>737</ymax>
		</bndbox>
	</object>
	<object>
		<name>ref_fork</name>
		<bndbox>
			<xmin>756</xmin>
			<ymin>475</ymin>
			<xmax>923</xmax>
			<ymax>828</ymax>
		</bndbox>
	</object>
	<object>
		<name>ref_coin</name>
		<bndbox>
			<xmin>909</xmin>
			<ymin>229</ymin>
			<xmax>1068</xmax>
			<ymax>341</ymax>
		</bndbox>
	</object>
	<object>
		<name>dish</name>
		<bndbox>
			<xmin>1087</xmin>
			<ymin>334</ymin>
			<xmax>2477</xmax>
			<ymax>1365</ymax>
		</bndbox>
	</object>
	<object>
		<name>닭갈비</name>
		<bndbox>
			<xmin>1377</xmin>
			<ymin>650</ymin>
			<xmax>2212</xmax>
			<ymax>1249</ymax>
		</bndbox>
	</object>
</annotation>