<annotation>
	<folder>side어육류면적철판닭갈비q2</folder>
	<filename>side_어육류면적_철판_닭갈비_Q2_00015.JPG</filename>
	<path>/side어육류면적철판닭갈비q2/side_어육류면적_철판_닭갈비_Q2_00015.JPG</path>
	<source>
		<database>fooddata</database>
	</source>
	<size>
		<width>3008</width>
		<height>2000</height>
		<depth>3</depth>
	</size>
	<object>
		<name>ref_spoon</name>
		<bndbox>
			<xmin>2041</xmin>
			<ymin>526</ymin>
			<xmax>2295</xmax>
			<ymax>875</ymax>
		</bndbox>
	</object>
	<object>
		<name>ref_fork</name>
		<bndbox>
			<xmin>2379</xmin>
			<ymin>519</ymin>
			<xmax>2564</xmax>
			<ymax>904</ymax>
		</bndbox>
	</object>
	<object>
		<name>ref_coin</name>
		<bndbox>
			<xmin>1239</xmin>
			<ymin>1597</ymin>
			<xmax>1450</xmax>
			<ymax>1757</ymax>
		</bndbox>
	</object>
	<object>
		<name>dish</name>
		<bndbox>
			<xmin>411</xmin>
			<ymin>232</ymin>
			<xmax>1863</xmax>
			<ymax>1289</ymax>
		</bndbox>
	</object>
	<object>
		<name>닭갈비</name>
		<bndbox>
			<xmin>858</xmin>
			<ymin>606</ymin>
			<xmax>1569</xmax>
			<ymax>1129</ymax>
		</bndbox>
	</object>
</annotation>