<annotation>
	<folder>side어육류면적철판닭갈비q2</folder>
	<filename>side_어육류면적_철판_닭갈비_Q2_00020.JPG</filename>
	<path>/side어육류면적철판닭갈비q2/side_어육류면적_철판_닭갈비_Q2_00020.JPG</path>
	<source>
		<database>fooddata</database>
	</source>
	<size>
		<width>3008</width>
		<height>2000</height>
		<depth>3</depth>
	</size>
	<object>
		<name>ref_spoon</name>
		<bndbox>
			<xmin>640</xmin>
			<ymin>1652</ymin>
			<xmax>1058</xmax>
			<ymax>1895</ymax>
		</bndbox>
	</object>
	<object>
		<name>ref_fork</name>
		<bndbox>
			<xmin>771</xmin>
			<ymin>1492</ymin>
			<xmax>1214</xmax>
			<ymax>1695</ymax>
		</bndbox>
	</object>
	<object>
		<name>ref_coin</name>
		<bndbox>
			<xmin>814</xmin>
			<ymin>200</ymin>
			<xmax>974</xmax>
			<ymax>309</ymax>
		</bndbox>
	</object>
	<object>
		<name>dish</name>
		<bndbox>
			<xmin>811</xmin>
			<ymin>269</ymin>
			<xmax>2128</xmax>
			<ymax>1249</ymax>
		</bndbox>
	</object>
	<object>
		<name>닭갈비</name>
		<bndbox>
			<xmin>1079</xmin>
			<ymin>505</ymin>
			<xmax>1827</xmax>
			<ymax>1136</ymax>
		</bndbox>
	</object>
</annotation>