<annotation>
	<folder>side어육류면적철판닭갈비q2</folder>
	<filename>side_어육류면적_철판_닭갈비_Q2_00004.JPG</filename>
	<path>/side어육류면적철판닭갈비q2/side_어육류면적_철판_닭갈비_Q2_00004.JPG</path>
	<source>
		<database>fooddata</database>
	</source>
	<size>
		<width>3008</width>
		<height>2000</height>
		<depth>3</depth>
	</size>
	<object>
		<name>ref_spoon</name>
		<bndbox>
			<xmin>2186</xmin>
			<ymin>566</ymin>
			<xmax>2430</xmax>
			<ymax>900</ymax>
		</bndbox>
	</object>
	<object>
		<name>ref_fork</name>
		<bndbox>
			<xmin>2509</xmin>
			<ymin>577</ymin>
			<xmax>2687</xmax>
			<ymax>955</ymax>
		</bndbox>
	</object>
	<object>
		<name>ref_coin</name>
		<bndbox>
			<xmin>488</xmin>
			<ymin>1572</ymin>
			<xmax>691</xmax>
			<ymax>1739</ymax>
		</bndbox>
	</object>
	<object>
		<name>dish</name>
		<bndbox>
			<xmin>640</xmin>
			<ymin>388</ymin>
			<xmax>2078</xmax>
			<ymax>1434</ymax>
		</bndbox>
	</object>
	<object>
		<name>닭갈비</name>
		<bndbox>
			<xmin>938</xmin>
			<ymin>762</ymin>
			<xmax>1671</xmax>
			<ymax>1307</ymax>
		</bndbox>
	</object>
</annotation>