<annotation>
	<folder>top어육류면적철판닭갈비q2</folder>
	<filename>top_어육류면적_철판_닭갈비_Q2_00009.JPG</filename>
	<path>/top어육류면적철판닭갈비q2/top_어육류면적_철판_닭갈비_Q2_00009.JPG</path>
	<source>
		<database>fooddata</database>
	</source>
	<size>
		<width>3008</width>
		<height>2000</height>
		<depth>3</depth>
	</size>
	<object>
		<name>ref_spoon</name>
		<bndbox>
			<xmin>2096</xmin>
			<ymin>244</ymin>
			<xmax>2307</xmax>
			<ymax>592</ymax>
		</bndbox>
	</object>
	<object>
		<name>ref_fork</name>
		<bndbox>
			<xmin>2402</xmin>
			<ymin>254</ymin>
			<xmax>2546</xmax>
			<ymax>616</ymax>
		</bndbox>
	</object>
	<object>
		<name>ref_coin</name>
		<bndbox>
			<xmin>765</xmin>
			<ymin>155</ymin>
			<xmax>922</xmax>
			<ymax>314</ymax>
		</bndbox>
	</object>
	<object>
		<name>dish</name>
		<bndbox>
			<xmin>700</xmin>
			<ymin>383</ymin>
			<xmax>1943</xmax>
			<ymax>1696</ymax>
		</bndbox>
	</object>
	<object>
		<name>닭갈비</name>
		<bndbox>
			<xmin>1109</xmin>
			<ymin>773</ymin>
			<xmax>1595</xmax>
			<ymax>1404</ymax>
		</bndbox>
	</object>
</annotation>