<annotation>
	<folder>top어육류면적철판닭갈비q2</folder>
	<filename>top_어육류면적_철판_닭갈비_Q2_00039.JPG</filename>
	<path>/top어육류면적철판닭갈비q2/top_어육류면적_철판_닭갈비_Q2_00039.JPG</path>
	<source>
		<database>fooddata</database>
	</source>
	<size>
		<width>3008</width>
		<height>2000</height>
		<depth>3</depth>
	</size>
	<object>
		<name>ref_spoon</name>
		<bndbox>
			<xmin>471</xmin>
			<ymin>518</ymin>
			<xmax>721</xmax>
			<ymax>891</ymax>
		</bndbox>
	</object>
	<object>
		<name>ref_fork</name>
		<bndbox>
			<xmin>830</xmin>
			<ymin>547</ymin>
			<xmax>991</xmax>
			<ymax>930</ymax>
		</bndbox>
	</object>
	<object>
		<name>ref_coin</name>
		<bndbox>
			<xmin>1146</xmin>
			<ymin>1462</ymin>
			<xmax>1319</xmax>
			<ymax>1638</ymax>
		</bndbox>
	</object>
	<object>
		<name>dish</name>
		<bndbox>
			<xmin>1283</xmin>
			<ymin>340</ymin>
			<xmax>2630</xmax>
			<ymax>1641</ymax>
		</bndbox>
	</object>
	<object>
		<name>닭갈비</name>
		<bndbox>
			<xmin>1479</xmin>
			<ymin>547</ymin>
			<xmax>2401</xmax>
			<ymax>1310</ymax>
		</bndbox>
	</object>
</annotation>