<annotation>
	<folder>top어육류면적철판닭갈비q2</folder>
	<filename>top_어육류면적_철판_닭갈비_Q2_00025.JPG</filename>
	<path>/top어육류면적철판닭갈비q2/top_어육류면적_철판_닭갈비_Q2_00025.JPG</path>
	<source>
		<database>fooddata</database>
	</source>
	<size>
		<width>3008</width>
		<height>2000</height>
		<depth>3</depth>
	</size>
	<object>
		<name>ref_spoon</name>
		<bndbox>
			<xmin>965</xmin>
			<ymin>1666</ymin>
			<xmax>1288</xmax>
			<ymax>1890</ymax>
		</bndbox>
	</object>
	<object>
		<name>ref_fork</name>
		<bndbox>
			<xmin>979</xmin>
			<ymin>1452</ymin>
			<xmax>1308</xmax>
			<ymax>1601</ymax>
		</bndbox>
	</object>
	<object>
		<name>ref_coin</name>
		<bndbox>
			<xmin>2138</xmin>
			<ymin>393</ymin>
			<xmax>2267</xmax>
			<ymax>518</ymax>
		</bndbox>
	</object>
	<object>
		<name>dish</name>
		<bndbox>
			<xmin>905</xmin>
			<ymin>143</ymin>
			<xmax>2036</xmax>
			<ymax>1268</ymax>
		</bndbox>
	</object>
	<object>
		<name>닭갈비</name>
		<bndbox>
			<xmin>1278</xmin>
			<ymin>483</ymin>
			<xmax>1790</xmax>
			<ymax>1060</ymax>
		</bndbox>
	</object>
</annotation>