<annotation>
	<folder>top어육류면적철판닭갈비q2</folder>
	<filename>top_어육류면적_철판_닭갈비_Q2_00014.JPG</filename>
	<path>/top어육류면적철판닭갈비q2/top_어육류면적_철판_닭갈비_Q2_00014.JPG</path>
	<source>
		<database>fooddata</database>
	</source>
	<size>
		<width>3008</width>
		<height>2000</height>
		<depth>3</depth>
	</size>
	<object>
		<name>ref_spoon</name>
		<bndbox>
			<xmin>2014</xmin>
			<ymin>242</ymin>
			<xmax>2212</xmax>
			<ymax>577</ymax>
		</bndbox>
	</object>
	<object>
		<name>ref_fork</name>
		<bndbox>
			<xmin>2305</xmin>
			<ymin>260</ymin>
			<xmax>2446</xmax>
			<ymax>597</ymax>
		</bndbox>
	</object>
	<object>
		<name>ref_coin</name>
		<bndbox>
			<xmin>1840</xmin>
			<ymin>931</ymin>
			<xmax>1994</xmax>
			<ymax>1084</ymax>
		</bndbox>
	</object>
	<object>
		<name>dish</name>
		<bndbox>
			<xmin>388</xmin>
			<ymin>259</ymin>
			<xmax>1750</xmax>
			<ymax>1580</ymax>
		</bndbox>
	</object>
	<object>
		<name>닭갈비</name>
		<bndbox>
			<xmin>741</xmin>
			<ymin>689</ymin>
			<xmax>1308</xmax>
			<ymax>1217</ymax>
		</bndbox>
	</object>
</annotation>