<annotation>
	<folder>top어육류면적철판닭갈비q2</folder>
	<filename>top_어육류면적_철판_닭갈비_Q2_00037.JPG</filename>
	<path>/top어육류면적철판닭갈비q2/top_어육류면적_철판_닭갈비_Q2_00037.JPG</path>
	<source>
		<database>fooddata</database>
	</source>
	<size>
		<width>3008</width>
		<height>2000</height>
		<depth>3</depth>
	</size>
	<object>
		<name>ref_spoon</name>
		<bndbox>
			<xmin>1149</xmin>
			<ymin>1591</ymin>
			<xmax>1437</xmax>
			<ymax>1805</ymax>
		</bndbox>
	</object>
	<object>
		<name>ref_fork</name>
		<bndbox>
			<xmin>1178</xmin>
			<ymin>1386</ymin>
			<xmax>1477</xmax>
			<ymax>1517</ymax>
		</bndbox>
	</object>
	<object>
		<name>ref_coin</name>
		<bndbox>
			<xmin>1986</xmin>
			<ymin>1179</ymin>
			<xmax>2112</xmax>
			<ymax>1311</ymax>
		</bndbox>
	</object>
	<object>
		<name>dish</name>
		<bndbox>
			<xmin>1144</xmin>
			<ymin>75</ymin>
			<xmax>2208</xmax>
			<ymax>1119</ymax>
		</bndbox>
	</object>
	<object>
		<name>닭갈비</name>
		<bndbox>
			<xmin>1494</xmin>
			<ymin>435</ymin>
			<xmax>1973</xmax>
			<ymax>939</ymax>
		</bndbox>
	</object>
</annotation>