<annotation>
	<folder>top어육류면적철판닭갈비q2</folder>
	<filename>top_어육류면적_철판_닭갈비_Q2_00043.JPG</filename>
	<path>/top어육류면적철판닭갈비q2/top_어육류면적_철판_닭갈비_Q2_00043.JPG</path>
	<source>
		<database>fooddata</database>
	</source>
	<size>
		<width>3008</width>
		<height>2000</height>
		<depth>3</depth>
	</size>
	<object>
		<name>ref_spoon</name>
		<bndbox>
			<xmin>544</xmin>
			<ymin>523</ymin>
			<xmax>771</xmax>
			<ymax>863</ymax>
		</bndbox>
	</object>
	<object>
		<name>ref_fork</name>
		<bndbox>
			<xmin>867</xmin>
			<ymin>538</ymin>
			<xmax>1009</xmax>
			<ymax>891</ymax>
		</bndbox>
	</object>
	<object>
		<name>ref_coin</name>
		<bndbox>
			<xmin>2212</xmin>
			<ymin>1588</ymin>
			<xmax>2362</xmax>
			<ymax>1747</ymax>
		</bndbox>
	</object>
	<object>
		<name>dish</name>
		<bndbox>
			<xmin>1253</xmin>
			<ymin>289</ymin>
			<xmax>2479</xmax>
			<ymax>1469</ymax>
		</bndbox>
	</object>
	<object>
		<name>닭갈비</name>
		<bndbox>
			<xmin>1372</xmin>
			<ymin>448</ymin>
			<xmax>2118</xmax>
			<ymax>950</ymax>
		</bndbox>
	</object>
</annotation>