<annotation>
	<folder>top어육류면적철판닭갈비q2</folder>
	<filename>top_어육류면적_철판_닭갈비_Q2_00004.JPG</filename>
	<path>/top어육류면적철판닭갈비q2/top_어육류면적_철판_닭갈비_Q2_00004.JPG</path>
	<source>
		<database>fooddata</database>
	</source>
	<size>
		<width>3008</width>
		<height>2000</height>
		<depth>3</depth>
	</size>
	<object>
		<name>ref_spoon</name>
		<bndbox>
			<xmin>2259</xmin>
			<ymin>222</ymin>
			<xmax>2458</xmax>
			<ymax>554</ymax>
		</bndbox>
	</object>
	<object>
		<name>ref_fork</name>
		<bndbox>
			<xmin>2536</xmin>
			<ymin>241</ymin>
			<xmax>2690</xmax>
			<ymax>587</ymax>
		</bndbox>
	</object>
	<object>
		<name>ref_coin</name>
		<bndbox>
			<xmin>1079</xmin>
			<ymin>1537</ymin>
			<xmax>1240</xmax>
			<ymax>1706</ymax>
		</bndbox>
	</object>
	<object>
		<name>dish</name>
		<bndbox>
			<xmin>875</xmin>
			<ymin>175</ymin>
			<xmax>2168</xmax>
			<ymax>1462</ymax>
		</bndbox>
	</object>
	<object>
		<name>닭갈비</name>
		<bndbox>
			<xmin>1223</xmin>
			<ymin>476</ymin>
			<xmax>1805</xmax>
			<ymax>1030</ymax>
		</bndbox>
	</object>
</annotation>