<annotation>
	<folder>top어육류면적철판닭갈비q2</folder>
	<filename>top_어육류면적_철판_닭갈비_Q2_00027.JPG</filename>
	<path>/top어육류면적철판닭갈비q2/top_어육류면적_철판_닭갈비_Q2_00027.JPG</path>
	<source>
		<database>fooddata</database>
	</source>
	<size>
		<width>3008</width>
		<height>2000</height>
		<depth>3</depth>
	</size>
	<object>
		<name>ref_spoon</name>
		<bndbox>
			<xmin>981</xmin>
			<ymin>1684</ymin>
			<xmax>1283</xmax>
			<ymax>1900</ymax>
		</bndbox>
	</object>
	<object>
		<name>ref_fork</name>
		<bndbox>
			<xmin>1014</xmin>
			<ymin>1482</ymin>
			<xmax>1332</xmax>
			<ymax>1621</ymax>
		</bndbox>
	</object>
	<object>
		<name>ref_coin</name>
		<bndbox>
			<xmin>2088</xmin>
			<ymin>401</ymin>
			<xmax>2208</xmax>
			<ymax>518</ymax>
		</bndbox>
	</object>
	<object>
		<name>dish</name>
		<bndbox>
			<xmin>1065</xmin>
			<ymin>211</ymin>
			<xmax>2138</xmax>
			<ymax>1222</ymax>
		</bndbox>
	</object>
	<object>
		<name>닭갈비</name>
		<bndbox>
			<xmin>1293</xmin>
			<ymin>498</ymin>
			<xmax>1869</xmax>
			<ymax>1050</ymax>
		</bndbox>
	</object>
</annotation>