<annotation>
	<folder>top어육류면적철판닭갈비q2</folder>
	<filename>top_어육류면적_철판_닭갈비_Q2_00058.JPG</filename>
	<path>/top어육류면적철판닭갈비q2/top_어육류면적_철판_닭갈비_Q2_00058.JPG</path>
	<source>
		<database>fooddata</database>
	</source>
	<size>
		<width>3008</width>
		<height>2000</height>
		<depth>3</depth>
	</size>
	<object>
		<name>ref_spoon</name>
		<bndbox>
			<xmin>283</xmin>
			<ymin>494</ymin>
			<xmax>547</xmax>
			<ymax>871</ymax>
		</bndbox>
	</object>
	<object>
		<name>ref_fork</name>
		<bndbox>
			<xmin>655</xmin>
			<ymin>518</ymin>
			<xmax>820</xmax>
			<ymax>911</ymax>
		</bndbox>
	</object>
	<object>
		<name>ref_coin</name>
		<bndbox>
			<xmin>2497</xmin>
			<ymin>1169</ymin>
			<xmax>2660</xmax>
			<ymax>1343</ymax>
		</bndbox>
	</object>
	<object>
		<name>dish</name>
		<bndbox>
			<xmin>1069</xmin>
			<ymin>259</ymin>
			<xmax>2466</xmax>
			<ymax>1597</ymax>
		</bndbox>
	</object>
	<object>
		<name>닭갈비</name>
		<bndbox>
			<xmin>1342</xmin>
			<ymin>508</ymin>
			<xmax>2227</xmax>
			<ymax>1460</ymax>
		</bndbox>
	</object>
</annotation>