<annotation>
	<folder>top어육류면적철판닭갈비q2</folder>
	<filename>top_어육류면적_철판_닭갈비_Q2_00005.JPG</filename>
	<path>/top어육류면적철판닭갈비q2/top_어육류면적_철판_닭갈비_Q2_00005.JPG</path>
	<source>
		<database>fooddata</database>
	</source>
	<size>
		<width>3008</width>
		<height>2000</height>
		<depth>3</depth>
	</size>
	<object>
		<name>ref_spoon</name>
		<bndbox>
			<xmin>2211</xmin>
			<ymin>310</ymin>
			<xmax>2429</xmax>
			<ymax>672</ymax>
		</bndbox>
	</object>
	<object>
		<name>ref_fork</name>
		<bndbox>
			<xmin>2520</xmin>
			<ymin>322</ymin>
			<xmax>2672</xmax>
			<ymax>692</ymax>
		</bndbox>
	</object>
	<object>
		<name>ref_coin</name>
		<bndbox>
			<xmin>621</xmin>
			<ymin>1477</ymin>
			<xmax>803</xmax>
			<ymax>1651</ymax>
		</bndbox>
	</object>
	<object>
		<name>dish</name>
		<bndbox>
			<xmin>751</xmin>
			<ymin>287</ymin>
			<xmax>2138</xmax>
			<ymax>1670</ymax>
		</bndbox>
	</object>
	<object>
		<name>닭갈비</name>
		<bndbox>
			<xmin>1139</xmin>
			<ymin>637</ymin>
			<xmax>1786</xmax>
			<ymax>1226</ymax>
		</bndbox>
	</object>
</annotation>