<annotation>
	<folder>top어육류면적철판닭갈비q2</folder>
	<filename>top_어육류면적_철판_닭갈비_Q2_00036.JPG</filename>
	<path>/top어육류면적철판닭갈비q2/top_어육류면적_철판_닭갈비_Q2_00036.JPG</path>
	<source>
		<database>fooddata</database>
	</source>
	<size>
		<width>3008</width>
		<height>2000</height>
		<depth>3</depth>
	</size>
	<object>
		<name>ref_spoon</name>
		<bndbox>
			<xmin>1161</xmin>
			<ymin>1577</ymin>
			<xmax>1447</xmax>
			<ymax>1785</ymax>
		</bndbox>
	</object>
	<object>
		<name>ref_fork</name>
		<bndbox>
			<xmin>1188</xmin>
			<ymin>1373</ymin>
			<xmax>1486</xmax>
			<ymax>1498</ymax>
		</bndbox>
	</object>
	<object>
		<name>ref_coin</name>
		<bndbox>
			<xmin>1681</xmin>
			<ymin>1153</ymin>
			<xmax>1812</xmax>
			<ymax>1284</ymax>
		</bndbox>
	</object>
	<object>
		<name>dish</name>
		<bndbox>
			<xmin>1114</xmin>
			<ymin>50</ymin>
			<xmax>2121</xmax>
			<ymax>1075</ymax>
		</bndbox>
	</object>
	<object>
		<name>닭갈비</name>
		<bndbox>
			<xmin>1467</xmin>
			<ymin>365</ymin>
			<xmax>1929</xmax>
			<ymax>920</ymax>
		</bndbox>
	</object>
</annotation>