<annotation>
	<folder>my-project-name</folder>
	<filename>side_부침개류_접시_파전_Q2_00029.JPG</filename>
	<path>/side부침개류접시파전q2/side_부침개류_접시_파전_Q2_00029.JPG</path>
	<source>
		<database>fooddata</database>
	</source>
	<size>
		<width>720</width>
		<height>480</height>
		<depth>3</depth>
	</size>
	<object>
		<name>ref_spoon</name>
		<bndbox>
			<xmin>205</xmin>
			<ymin>396</ymin>
			<xmax>310</xmax>
			<ymax>449</ymax>
		</bndbox>
	</object>
	<object>
		<name>ref_fork</name>
		<bndbox>
			<xmin>214</xmin>
			<ymin>339</ymin>
			<xmax>320</xmax>
			<ymax>379</ymax>
		</bndbox>
	</object>
	<object>
		<name>ref_coin</name>
		<bndbox>
			<xmin>530</xmin>
			<ymin>263</ymin>
			<xmax>573</xmax>
			<ymax>296</ymax>
		</bndbox>
	</object>
	<object>
		<name>dish</name>
		<bndbox>
			<xmin>134</xmin>
			<ymin>36</ymin>
			<xmax>525</xmax>
			<ymax>314</ymax>
		</bndbox>
	</object>
	<object>
		<name>파전</name>
		<bndbox>
			<xmin>149</xmin>
			<ymin>66</ymin>
			<xmax>365</xmax>
			<ymax>267</ymax>
		</bndbox>
	</object>
</annotation>