<annotation>
	<folder>my-project-name</folder>
	<filename>side_부침개류_접시_파전_Q2_00054.JPG</filename>
	<path>/side부침개류접시파전q2/side_부침개류_접시_파전_Q2_00054.JPG</path>
	<source>
		<database>fooddata</database>
	</source>
	<size>
		<width>720</width>
		<height>480</height>
		<depth>3</depth>
	</size>
	<object>
		<name>ref_spoon</name>
		<bndbox>
			<xmin>72</xmin>
			<ymin>76</ymin>
			<xmax>132</xmax>
			<ymax>159</ymax>
		</bndbox>
	</object>
	<object>
		<name>ref_fork</name>
		<bndbox>
			<xmin>157</xmin>
			<ymin>75</ymin>
			<xmax>195</xmax>
			<ymax>165</ymax>
		</bndbox>
	</object>
	<object>
		<name>ref_coin</name>
		<bndbox>
			<xmin>464</xmin>
			<ymin>386</ymin>
			<xmax>510</xmax>
			<ymax>425</ymax>
		</bndbox>
	</object>
	<object>
		<name>dish</name>
		<bndbox>
			<xmin>239</xmin>
			<ymin>43</ymin>
			<xmax>650</xmax>
			<ymax>347</ymax>
		</bndbox>
	</object>
	<object>
		<name>파전</name>
		<bndbox>
			<xmin>260</xmin>
			<ymin>95</ymin>
			<xmax>509</xmax>
			<ymax>296</ymax>
		</bndbox>
	</object>
</annotation>