<annotation>
	<folder>my-project-name</folder>
	<filename>side_부침개류_접시_파전_Q2_00039.JPG</filename>
	<path>/side부침개류접시파전q2/side_부침개류_접시_파전_Q2_00039.JPG</path>
	<source>
		<database>fooddata</database>
	</source>
	<size>
		<width>720</width>
		<height>480</height>
		<depth>3</depth>
	</size>
	<object>
		<name>ref_spoon</name>
		<bndbox>
			<xmin>81</xmin>
			<ymin>105</ymin>
			<xmax>139</xmax>
			<ymax>185</ymax>
		</bndbox>
	</object>
	<object>
		<name>ref_fork</name>
		<bndbox>
			<xmin>164</xmin>
			<ymin>105</ymin>
			<xmax>202</xmax>
			<ymax>192</ymax>
		</bndbox>
	</object>
	<object>
		<name>ref_coin</name>
		<bndbox>
			<xmin>600</xmin>
			<ymin>392</ymin>
			<xmax>646</xmax>
			<ymax>432</ymax>
		</bndbox>
	</object>
	<object>
		<name>dish</name>
		<bndbox>
			<xmin>244</xmin>
			<ymin>79</ymin>
			<xmax>652</xmax>
			<ymax>376</ymax>
		</bndbox>
	</object>
	<object>
		<name>파전</name>
		<bndbox>
			<xmin>299</xmin>
			<ymin>104</ymin>
			<xmax>550</xmax>
			<ymax>300</ymax>
		</bndbox>
	</object>
</annotation>