<annotation>
	<folder>my-project-name</folder>
	<filename>side_부침개류_접시_파전_Q2_00032.JPG</filename>
	<path>/side부침개류접시파전q2/side_부침개류_접시_파전_Q2_00032.JPG</path>
	<source>
		<database>fooddata</database>
	</source>
	<size>
		<width>720</width>
		<height>480</height>
		<depth>3</depth>
	</size>
	<object>
		<name>ref_spoon</name>
		<bndbox>
			<xmin>189</xmin>
			<ymin>402</ymin>
			<xmax>294</xmax>
			<ymax>457</ymax>
		</bndbox>
	</object>
	<object>
		<name>ref_fork</name>
		<bndbox>
			<xmin>199</xmin>
			<ymin>345</ymin>
			<xmax>306</xmax>
			<ymax>387</ymax>
		</bndbox>
	</object>
	<object>
		<name>ref_coin</name>
		<bndbox>
			<xmin>539</xmin>
			<ymin>247</ymin>
			<xmax>581</xmax>
			<ymax>279</ymax>
		</bndbox>
	</object>
	<object>
		<name>dish</name>
		<bndbox>
			<xmin>131</xmin>
			<ymin>41</ymin>
			<xmax>522</xmax>
			<ymax>319</ymax>
		</bndbox>
	</object>
	<object>
		<name>파전</name>
		<bndbox>
			<xmin>201</xmin>
			<ymin>55</ymin>
			<xmax>472</xmax>
			<ymax>214</ymax>
		</bndbox>
	</object>
</annotation>