<annotation>
	<folder>my-project-name</folder>
	<filename>side_부침개류_접시_파전_Q2_00012.JPG</filename>
	<path>/side부침개류접시파전q2/side_부침개류_접시_파전_Q2_00012.JPG</path>
	<source>
		<database>fooddata</database>
	</source>
	<size>
		<width>720</width>
		<height>480</height>
		<depth>3</depth>
	</size>
	<object>
		<name>ref_spoon</name>
		<bndbox>
			<xmin>484</xmin>
			<ymin>119</ymin>
			<xmax>539</xmax>
			<ymax>195</ymax>
		</bndbox>
	</object>
	<object>
		<name>ref_fork</name>
		<bndbox>
			<xmin>564</xmin>
			<ymin>122</ymin>
			<xmax>605</xmax>
			<ymax>206</ymax>
		</bndbox>
	</object>
	<object>
		<name>ref_coin</name>
		<bndbox>
			<xmin>276</xmin>
			<ymin>83</ymin>
			<xmax>313</xmax>
			<ymax>109</ymax>
		</bndbox>
	</object>
	<object>
		<name>dish</name>
		<bndbox>
			<xmin>94</xmin>
			<ymin>127</ymin>
			<xmax>518</xmax>
			<ymax>436</ymax>
		</bndbox>
	</object>
	<object>
		<name>파전</name>
		<bndbox>
			<xmin>123</xmin>
			<ymin>199</ymin>
			<xmax>404</xmax>
			<ymax>421</ymax>
		</bndbox>
	</object>
</annotation>