<annotation>
	<folder>my-project-name</folder>
	<filename>side_부침개류_접시_파전_Q2_00028.JPG</filename>
	<path>/side부침개류접시파전q2/side_부침개류_접시_파전_Q2_00028.JPG</path>
	<source>
		<database>fooddata</database>
	</source>
	<size>
		<width>720</width>
		<height>480</height>
		<depth>3</depth>
	</size>
	<object>
		<name>ref_spoon</name>
		<bndbox>
			<xmin>201</xmin>
			<ymin>400</ymin>
			<xmax>303</xmax>
			<ymax>454</ymax>
		</bndbox>
	</object>
	<object>
		<name>ref_fork</name>
		<bndbox>
			<xmin>211</xmin>
			<ymin>343</ymin>
			<xmax>317</xmax>
			<ymax>384</ymax>
		</bndbox>
	</object>
	<object>
		<name>ref_coin</name>
		<bndbox>
			<xmin>549</xmin>
			<ymin>235</ymin>
			<xmax>590</xmax>
			<ymax>267</ymax>
		</bndbox>
	</object>
	<object>
		<name>dish</name>
		<bndbox>
			<xmin>127</xmin>
			<ymin>39</ymin>
			<xmax>517</xmax>
			<ymax>314</ymax>
		</bndbox>
	</object>
	<object>
		<name>파전</name>
		<bndbox>
			<xmin>138</xmin>
			<ymin>96</ymin>
			<xmax>404</xmax>
			<ymax>272</ymax>
		</bndbox>
	</object>
</annotation>