<annotation>
	<folder>my-project-name</folder>
	<filename>side_부침개류_접시_파전_Q2_00015.JPG</filename>
	<path>/side부침개류접시파전q2/side_부침개류_접시_파전_Q2_00015.JPG</path>
	<source>
		<database>fooddata</database>
	</source>
	<size>
		<width>720</width>
		<height>480</height>
		<depth>3</depth>
	</size>
	<object>
		<name>ref_spoon</name>
		<bndbox>
			<xmin>490</xmin>
			<ymin>131</ymin>
			<xmax>546</xmax>
			<ymax>207</ymax>
		</bndbox>
	</object>
	<object>
		<name>ref_fork</name>
		<bndbox>
			<xmin>571</xmin>
			<ymin>135</ymin>
			<xmax>613</xmax>
			<ymax>220</ymax>
		</bndbox>
	</object>
	<object>
		<name>ref_coin</name>
		<bndbox>
			<xmin>39</xmin>
			<ymin>301</ymin>
			<xmax>87</xmax>
			<ymax>334</ymax>
		</bndbox>
	</object>
	<object>
		<name>dish</name>
		<bndbox>
			<xmin>108</xmin>
			<ymin>138</ymin>
			<xmax>532</xmax>
			<ymax>445</ymax>
		</bndbox>
	</object>
	<object>
		<name>파전</name>
		<bndbox>
			<xmin>135</xmin>
			<ymin>147</ymin>
			<xmax>319</xmax>
			<ymax>410</ymax>
		</bndbox>
	</object>
</annotation>