<annotation>
	<folder>top_부침개류접시파전q2</folder>
	<filename>top_부침개류_접시_파전_Q2_00017.JPG</filename>
	<path>/top부침개류접시파전q2/top_부침개류_접시_파전_Q2_00017.JPG</path>
	<source>
		<database>fooddata</database>
	</source>
	<size>
		<width>5472</width>
		<height>3648</height>
		<depth>3</depth>
	</size>
	<object>
		<name>ref_spoon</name>
		<bndbox>
			<xmin>2041</xmin>
			<ymin>3017</ymin>
			<xmax>2827</xmax>
			<ymax>3371</ymax>
		</bndbox>
	</object>
	<object>
		<name>ref_fork</name>
		<bndbox>
			<xmin>2124</xmin>
			<ymin>2635</ymin>
			<xmax>2938</xmax>
			<ymax>2867</ymax>
		</bndbox>
	</object>
	<object>
		<name>ref_coin</name>
		<bndbox>
			<xmin>1859</xmin>
			<ymin>2236</ymin>
			<xmax>2108</xmax>
			<ymax>2480</ymax>
		</bndbox>
	</object>
	<object>
		<name>dish</name>
		<bndbox>
			<xmin>1853</xmin>
			<ymin>338</ymin>
			<xmax>4112</xmax>
			<ymax>2569</ymax>
		</bndbox>
	</object>
	<object>
		<name>파전</name>
		<bndbox>
			<xmin>1953</xmin>
			<ymin>670</ymin>
			<xmax>3231</xmax>
			<ymax>2447</ymax>
		</bndbox>
	</object>
</annotation>