<annotation>
	<folder>top_부침개류접시파전q2</folder>
	<filename>top_부침개류_접시_파전_Q2_00039.JPG</filename>
	<path>/top부침개류접시파전q2/top_부침개류_접시_파전_Q2_00039.JPG</path>
	<source>
		<database>fooddata</database>
	</source>
	<size>
		<width>5472</width>
		<height>3648</height>
		<depth>3</depth>
	</size>
	<object>
		<name>ref_spoon</name>
		<bndbox>
			<xmin>857</xmin>
			<ymin>587</ymin>
			<xmax>1250</xmax>
			<ymax>1556</ymax>
		</bndbox>
	</object>
	<object>
		<name>ref_fork</name>
		<bndbox>
			<xmin>1371</xmin>
			<ymin>620</ymin>
			<xmax>1648</xmax>
			<ymax>1511</ymax>
		</bndbox>
	</object>
	<object>
		<name>ref_coin</name>
		<bndbox>
			<xmin>3691</xmin>
			<ymin>3028</ymin>
			<xmax>4001</xmax>
			<ymax>3338</ymax>
		</bndbox>
	</object>
	<object>
		<name>dish</name>
		<bndbox>
			<xmin>1742</xmin>
			<ymin>249</ymin>
			<xmax>4505</xmax>
			<ymax>2978</ymax>
		</bndbox>
	</object>
	<object>
		<name>파전</name>
		<bndbox>
			<xmin>1836</xmin>
			<ymin>371</ymin>
			<xmax>3619</xmax>
			<ymax>2353</ymax>
		</bndbox>
	</object>
</annotation>