<annotation>
	<folder>top_부침개류접시파전q2</folder>
	<filename>top_부침개류_접시_파전_Q2_00046.JPG</filename>
	<path>/top부침개류접시파전q2/top_부침개류_접시_파전_Q2_00046.JPG</path>
	<source>
		<database>fooddata</database>
	</source>
	<size>
		<width>5472</width>
		<height>3648</height>
		<depth>3</depth>
	</size>
	<object>
		<name>ref_spoon</name>
		<bndbox>
			<xmin>619</xmin>
			<ymin>941</ymin>
			<xmax>1023</xmax>
			<ymax>1849</ymax>
		</bndbox>
	</object>
	<object>
		<name>ref_fork</name>
		<bndbox>
			<xmin>1144</xmin>
			<ymin>980</ymin>
			<xmax>1410</xmax>
			<ymax>1827</ymax>
		</bndbox>
	</object>
	<object>
		<name>ref_coin</name>
		<bndbox>
			<xmin>2678</xmin>
			<ymin>282</ymin>
			<xmax>2955</xmax>
			<ymax>548</ymax>
		</bndbox>
	</object>
	<object>
		<name>dish</name>
		<bndbox>
			<xmin>1499</xmin>
			<ymin>670</ymin>
			<xmax>4139</xmax>
			<ymax>3344</ymax>
		</bndbox>
	</object>
	<object>
		<name>파전</name>
		<bndbox>
			<xmin>1604</xmin>
			<ymin>758</ymin>
			<xmax>3154</xmax>
			<ymax>2712</ymax>
		</bndbox>
	</object>
</annotation>