<annotation>
	<folder>top_부침개류접시파전q2</folder>
	<filename>top_부침개류_접시_파전_Q2_00021.JPG</filename>
	<path>/top부침개류접시파전q2/top_부침개류_접시_파전_Q2_00021.JPG</path>
	<source>
		<database>fooddata</database>
	</source>
	<size>
		<width>5472</width>
		<height>3648</height>
		<depth>3</depth>
	</size>
	<object>
		<name>ref_spoon</name>
		<bndbox>
			<xmin>1897</xmin>
			<ymin>3061</ymin>
			<xmax>2528</xmax>
			<ymax>3421</ymax>
		</bndbox>
	</object>
	<object>
		<name>ref_fork</name>
		<bndbox>
			<xmin>1980</xmin>
			<ymin>2657</ymin>
			<xmax>2661</xmax>
			<ymax>2884</ymax>
		</bndbox>
	</object>
	<object>
		<name>ref_coin</name>
		<bndbox>
			<xmin>1504</xmin>
			<ymin>1882</ymin>
			<xmax>1753</xmax>
			<ymax>2109</ymax>
		</bndbox>
	</object>
	<object>
		<name>dish</name>
		<bndbox>
			<xmin>1731</xmin>
			<ymin>360</ymin>
			<xmax>3946</xmax>
			<ymax>2530</ymax>
		</bndbox>
	</object>
	<object>
		<name>파전</name>
		<bndbox>
			<xmin>2528</xmin>
			<ymin>471</ymin>
			<xmax>3885</xmax>
			<ymax>2253</ymax>
		</bndbox>
	</object>
</annotation>