<annotation>
	<folder>top_부침개류접시파전q2</folder>
	<filename>top_부침개류_접시_파전_Q2_00038.JPG</filename>
	<path>/top부침개류접시파전q2/top_부침개류_접시_파전_Q2_00038.JPG</path>
	<source>
		<database>fooddata</database>
	</source>
	<size>
		<width>5472</width>
		<height>3648</height>
		<depth>3</depth>
	</size>
	<object>
		<name>ref_spoon</name>
		<bndbox>
			<xmin>668</xmin>
			<ymin>603</ymin>
			<xmax>1067</xmax>
			<ymax>1489</ymax>
		</bndbox>
	</object>
	<object>
		<name>ref_fork</name>
		<bndbox>
			<xmin>1194</xmin>
			<ymin>614</ymin>
			<xmax>1471</xmax>
			<ymax>1423</ymax>
		</bndbox>
	</object>
	<object>
		<name>ref_coin</name>
		<bndbox>
			<xmin>3187</xmin>
			<ymin>3111</ymin>
			<xmax>3481</xmax>
			<ymax>3416</ymax>
		</bndbox>
	</object>
	<object>
		<name>dish</name>
		<bndbox>
			<xmin>1576</xmin>
			<ymin>271</ymin>
			<xmax>4311</xmax>
			<ymax>2995</ymax>
		</bndbox>
	</object>
	<object>
		<name>파전</name>
		<bndbox>
			<xmin>1676</xmin>
			<ymin>365</ymin>
			<xmax>3696</xmax>
			<ymax>2369</ymax>
		</bndbox>
	</object>
</annotation>