<annotation>
	<folder>top_부침개류접시파전q2</folder>
	<filename>top_부침개류_접시_파전_Q2_00041.JPG</filename>
	<path>/top부침개류접시파전q2/top_부침개류_접시_파전_Q2_00041.JPG</path>
	<source>
		<database>fooddata</database>
	</source>
	<size>
		<width>5472</width>
		<height>3648</height>
		<depth>3</depth>
	</size>
	<object>
		<name>ref_spoon</name>
		<bndbox>
			<xmin>973</xmin>
			<ymin>548</ymin>
			<xmax>1377</xmax>
			<ymax>1445</ymax>
		</bndbox>
	</object>
	<object>
		<name>ref_fork</name>
		<bndbox>
			<xmin>1493</xmin>
			<ymin>587</ymin>
			<xmax>1764</xmax>
			<ymax>1467</ymax>
		</bndbox>
	</object>
	<object>
		<name>ref_coin</name>
		<bndbox>
			<xmin>4466</xmin>
			<ymin>2657</ymin>
			<xmax>4754</xmax>
			<ymax>2951</ymax>
		</bndbox>
	</object>
	<object>
		<name>dish</name>
		<bndbox>
			<xmin>1859</xmin>
			<ymin>255</ymin>
			<xmax>4593</xmax>
			<ymax>2973</ymax>
		</bndbox>
	</object>
	<object>
		<name>파전</name>
		<bndbox>
			<xmin>1953</xmin>
			<ymin>338</ymin>
			<xmax>3818</xmax>
			<ymax>2331</ymax>
		</bndbox>
	</object>
</annotation>