<annotation>
	<folder>top_부침개류접시파전q2</folder>
	<filename>top_부침개류_접시_파전_Q2_00044.JPG</filename>
	<path>/top부침개류접시파전q2/top_부침개류_접시_파전_Q2_00044.JPG</path>
	<source>
		<database>fooddata</database>
	</source>
	<size>
		<width>5472</width>
		<height>3648</height>
		<depth>3</depth>
	</size>
	<object>
		<name>ref_spoon</name>
		<bndbox>
			<xmin>1012</xmin>
			<ymin>830</ymin>
			<xmax>1394</xmax>
			<ymax>1589</ymax>
		</bndbox>
	</object>
	<object>
		<name>ref_fork</name>
		<bndbox>
			<xmin>1521</xmin>
			<ymin>852</ymin>
			<xmax>1803</xmax>
			<ymax>1677</ymax>
		</bndbox>
	</object>
	<object>
		<name>ref_coin</name>
		<bndbox>
			<xmin>2351</xmin>
			<ymin>316</ymin>
			<xmax>2634</xmax>
			<ymax>581</ymax>
		</bndbox>
	</object>
	<object>
		<name>dish</name>
		<bndbox>
			<xmin>1886</xmin>
			<ymin>493</ymin>
			<xmax>4660</xmax>
			<ymax>3249</ymax>
		</bndbox>
	</object>
	<object>
		<name>파전</name>
		<bndbox>
			<xmin>1997</xmin>
			<ymin>598</ymin>
			<xmax>3857</xmax>
			<ymax>2613</ymax>
		</bndbox>
	</object>
</annotation>