<annotation>
	<folder>side밥류밥그릇오곡밥q2</folder>
	<filename>side_밥류_밥그릇_오곡밥_Q2_00020.JPG</filename>
	<path>/side밥류밥그릇오곡밥q2/side_밥류_밥그릇_오곡밥_Q2_00020.JPG</path>
	<source>
		<database>fooddata</database>
	</source>
	<size>
		<width>5472</width>
		<height>3648</height>
		<depth>3</depth>
	</size>
	<object>
		<name>ref_spoon</name>
		<bndbox>
			<xmin>963</xmin>
			<ymin>2371</ymin>
			<xmax>1917</xmax>
			<ymax>2911</ymax>
		</bndbox>
	</object>
	<object>
		<name>ref_fork</name>
		<bndbox>
			<xmin>1276</xmin>
			<ymin>1875</ymin>
			<xmax>2297</xmax>
			<ymax>2376</ymax>
		</bndbox>
	</object>
	<object>
		<name>ref_coin</name>
		<bndbox>
			<xmin>3681</xmin>
			<ymin>1812</ymin>
			<xmax>4105</xmax>
			<ymax>2135</ymax>
		</bndbox>
	</object>
	<object>
		<name>dish</name>
		<bndbox>
			<xmin>1975</xmin>
			<ymin>371</ymin>
			<xmax>3796</xmax>
			<ymax>1822</ymax>
		</bndbox>
	</object>
	<object>
		<name>오곡밥</name>
		<bndbox>
			<xmin>2375</xmin>
			<ymin>708</ymin>
			<xmax>3603</xmax>
			<ymax>1518</ymax>
		</bndbox>
	</object>
</annotation>