<annotation>
	<folder>side밥류밥그릇오곡밥q2</folder>
	<filename>side_밥류_밥그릇_오곡밥_Q2_00019.JPG</filename>
	<path>/side밥류밥그릇오곡밥q2/side_밥류_밥그릇_오곡밥_Q2_00019.JPG</path>
	<source>
		<database>fooddata</database>
	</source>
	<size>
		<width>5472</width>
		<height>3648</height>
		<depth>3</depth>
	</size>
	<object>
		<name>ref_spoon</name>
		<bndbox>
			<xmin>934</xmin>
			<ymin>2641</ymin>
			<xmax>1888</xmax>
			<ymax>3181</ymax>
		</bndbox>
	</object>
	<object>
		<name>ref_fork</name>
		<bndbox>
			<xmin>1242</xmin>
			<ymin>2130</ymin>
			<xmax>2273</xmax>
			<ymax>2636</ymax>
		</bndbox>
	</object>
	<object>
		<name>ref_coin</name>
		<bndbox>
			<xmin>1806</xmin>
			<ymin>357</ymin>
			<xmax>2191</xmax>
			<ymax>617</ymax>
		</bndbox>
	</object>
	<object>
		<name>dish</name>
		<bndbox>
			<xmin>1955</xmin>
			<ymin>612</ymin>
			<xmax>3767</xmax>
			<ymax>2063</ymax>
		</bndbox>
	</object>
	<object>
		<name>오곡밥</name>
		<bndbox>
			<xmin>2244</xmin>
			<ymin>993</ymin>
			<xmax>3531</xmax>
			<ymax>1759</ymax>
		</bndbox>
	</object>
</annotation>