<annotation>
	<folder>side밥류밥그릇오곡밥q2</folder>
	<filename>side_밥류_밥그릇_오곡밥_Q2_00047.JPG</filename>
	<path>/side밥류밥그릇오곡밥q2/side_밥류_밥그릇_오곡밥_Q2_00047.JPG</path>
	<source>
		<database>fooddata</database>
	</source>
	<size>
		<width>5472</width>
		<height>3648</height>
		<depth>3</depth>
	</size>
	<object>
		<name>ref_spoon</name>
		<bndbox>
			<xmin>1146</xmin>
			<ymin>949</ymin>
			<xmax>1685</xmax>
			<ymax>1720</ymax>
		</bndbox>
	</object>
	<object>
		<name>ref_fork</name>
		<bndbox>
			<xmin>1864</xmin>
			<ymin>1002</ymin>
			<xmax>2220</xmax>
			<ymax>1851</ymax>
		</bndbox>
	</object>
	<object>
		<name>ref_coin</name>
		<bndbox>
			<xmin>3724</xmin>
			<ymin>2544</ymin>
			<xmax>4158</xmax>
			<ymax>2891</ymax>
		</bndbox>
	</object>
	<object>
		<name>dish</name>
		<bndbox>
			<xmin>2461</xmin>
			<ymin>752</ymin>
			<xmax>4273</xmax>
			<ymax>2241</ymax>
		</bndbox>
	</object>
	<object>
		<name>오곡밥</name>
		<bndbox>
			<xmin>2871</xmin>
			<ymin>1277</ymin>
			<xmax>4013</xmax>
			<ymax>1961</ymax>
		</bndbox>
	</object>
</annotation>