<annotation>
	<folder>side밥류밥그릇오곡밥q2</folder>
	<filename>side_밥류_밥그릇_오곡밥_Q2_00043.JPG</filename>
	<path>/side밥류밥그릇오곡밥q2/side_밥류_밥그릇_오곡밥_Q2_00043.JPG</path>
	<source>
		<database>fooddata</database>
	</source>
	<size>
		<width>5472</width>
		<height>3648</height>
		<depth>3</depth>
	</size>
	<object>
		<name>ref_spoon</name>
		<bndbox>
			<xmin>1122</xmin>
			<ymin>1026</ymin>
			<xmax>1657</xmax>
			<ymax>1783</ymax>
		</bndbox>
	</object>
	<object>
		<name>ref_fork</name>
		<bndbox>
			<xmin>1835</xmin>
			<ymin>1084</ymin>
			<xmax>2201</xmax>
			<ymax>1937</ymax>
		</bndbox>
	</object>
	<object>
		<name>ref_coin</name>
		<bndbox>
			<xmin>4350</xmin>
			<ymin>1508</ymin>
			<xmax>4760</xmax>
			<ymax>1812</ymax>
		</bndbox>
	</object>
	<object>
		<name>dish</name>
		<bndbox>
			<xmin>2423</xmin>
			<ymin>882</ymin>
			<xmax>4225</xmax>
			<ymax>2361</ymax>
		</bndbox>
	</object>
	<object>
		<name>오곡밥</name>
		<bndbox>
			<xmin>2707</xmin>
			<ymin>1369</ymin>
			<xmax>3873</xmax>
			<ymax>2087</ymax>
		</bndbox>
	</object>
</annotation>