<annotation>
	<folder>side밥류밥그릇오곡밥q2</folder>
	<filename>side_밥류_밥그릇_오곡밥_Q2_00055.JPG</filename>
	<path>/side밥류밥그릇오곡밥q2/side_밥류_밥그릇_오곡밥_Q2_00055.JPG</path>
	<source>
		<database>fooddata</database>
	</source>
	<size>
		<width>5472</width>
		<height>3648</height>
		<depth>3</depth>
	</size>
	<object>
		<name>ref_spoon</name>
		<bndbox>
			<xmin>1204</xmin>
			<ymin>1051</ymin>
			<xmax>1753</xmax>
			<ymax>1812</ymax>
		</bndbox>
	</object>
	<object>
		<name>ref_fork</name>
		<bndbox>
			<xmin>1926</xmin>
			<ymin>1108</ymin>
			<xmax>2288</xmax>
			<ymax>1952</ymax>
		</bndbox>
	</object>
	<object>
		<name>ref_coin</name>
		<bndbox>
			<xmin>3030</xmin>
			<ymin>2785</ymin>
			<xmax>3454</xmax>
			<ymax>3128</ymax>
		</bndbox>
	</object>
	<object>
		<name>dish</name>
		<bndbox>
			<xmin>2529</xmin>
			<ymin>843</ymin>
			<xmax>4341</xmax>
			<ymax>2313</ymax>
		</bndbox>
	</object>
	<object>
		<name>오곡밥</name>
		<bndbox>
			<xmin>2900</xmin>
			<ymin>1306</ymin>
			<xmax>3902</xmax>
			<ymax>2043</ymax>
		</bndbox>
	</object>
</annotation>