<annotation>
	<folder>side밥류밥그릇오곡밥q2</folder>
	<filename>side_밥류_밥그릇_오곡밥_Q2_00037.JPG</filename>
	<path>/side밥류밥그릇오곡밥q2/side_밥류_밥그릇_오곡밥_Q2_00037.JPG</path>
	<source>
		<database>fooddata</database>
	</source>
	<size>
		<width>5472</width>
		<height>3648</height>
		<depth>3</depth>
	</size>
	<object>
		<name>ref_spoon</name>
		<bndbox>
			<xmin>1295</xmin>
			<ymin>766</ymin>
			<xmax>1840</xmax>
			<ymax>1532</ymax>
		</bndbox>
	</object>
	<object>
		<name>ref_fork</name>
		<bndbox>
			<xmin>2008</xmin>
			<ymin>829</ymin>
			<xmax>2375</xmax>
			<ymax>1691</ymax>
		</bndbox>
	</object>
	<object>
		<name>ref_coin</name>
		<bndbox>
			<xmin>3305</xmin>
			<ymin>2675</ymin>
			<xmax>3738</xmax>
			<ymax>3031</ymax>
		</bndbox>
	</object>
	<object>
		<name>dish</name>
		<bndbox>
			<xmin>2543</xmin>
			<ymin>684</ymin>
			<xmax>4355</xmax>
			<ymax>2169</ymax>
		</bndbox>
	</object>
	<object>
		<name>오곡밥</name>
		<bndbox>
			<xmin>2741</xmin>
			<ymin>1205</ymin>
			<xmax>3931</xmax>
			<ymax>1899</ymax>
		</bndbox>
	</object>
</annotation>