<annotation>
	<folder>side밥류밥그릇오곡밥q2</folder>
	<filename>side_밥류_밥그릇_오곡밥_Q2_00056.JPG</filename>
	<path>/side밥류밥그릇오곡밥q2/side_밥류_밥그릇_오곡밥_Q2_00056.JPG</path>
	<source>
		<database>fooddata</database>
	</source>
	<size>
		<width>5472</width>
		<height>3648</height>
		<depth>3</depth>
	</size>
	<object>
		<name>ref_spoon</name>
		<bndbox>
			<xmin>1146</xmin>
			<ymin>973</ymin>
			<xmax>1685</xmax>
			<ymax>1735</ymax>
		</bndbox>
	</object>
	<object>
		<name>ref_fork</name>
		<bndbox>
			<xmin>1864</xmin>
			<ymin>1022</ymin>
			<xmax>2230</xmax>
			<ymax>1870</ymax>
		</bndbox>
	</object>
	<object>
		<name>ref_coin</name>
		<bndbox>
			<xmin>3849</xmin>
			<ymin>2385</ymin>
			<xmax>4273</xmax>
			<ymax>2718</ymax>
		</bndbox>
	</object>
	<object>
		<name>dish</name>
		<bndbox>
			<xmin>2466</xmin>
			<ymin>742</ymin>
			<xmax>4283</xmax>
			<ymax>2226</ymax>
		</bndbox>
	</object>
	<object>
		<name>오곡밥</name>
		<bndbox>
			<xmin>2813</xmin>
			<ymin>1214</ymin>
			<xmax>3960</xmax>
			<ymax>1957</ymax>
		</bndbox>
	</object>
</annotation>