<annotation>
	<folder>side밥류밥그릇오곡밥q2</folder>
	<filename>side_밥류_밥그릇_오곡밥_Q2_00009.JPG</filename>
	<path>/side밥류밥그릇오곡밥q2/side_밥류_밥그릇_오곡밥_Q2_00009.JPG</path>
	<source>
		<database>fooddata</database>
	</source>
	<size>
		<width>5472</width>
		<height>3648</height>
		<depth>3</depth>
	</size>
	<object>
		<name>ref_spoon</name>
		<bndbox>
			<xmin>3160</xmin>
			<ymin>1378</ymin>
			<xmax>3690</xmax>
			<ymax>2135</ymax>
		</bndbox>
	</object>
	<object>
		<name>ref_fork</name>
		<bndbox>
			<xmin>3941</xmin>
			<ymin>1407</ymin>
			<xmax>4293</xmax>
			<ymax>2241</ymax>
		</bndbox>
	</object>
	<object>
		<name>ref_coin</name>
		<bndbox>
			<xmin>3343</xmin>
			<ymin>863</ymin>
			<xmax>3719</xmax>
			<ymax>1123</ymax>
		</bndbox>
	</object>
	<object>
		<name>dish</name>
		<bndbox>
			<xmin>1324</xmin>
			<ymin>1104</ymin>
			<xmax>3097</xmax>
			<ymax>2516</ymax>
		</bndbox>
	</object>
	<object>
		<name>오곡밥</name>
		<bndbox>
			<xmin>1512</xmin>
			<ymin>1605</ymin>
			<xmax>2481</xmax>
			<ymax>2246</ymax>
		</bndbox>
	</object>
</annotation>