<annotation>
	<folder>top밥류밥그릇오곡밥q2</folder>
	<filename>top_밥류_밥그릇_오곡밥_Q2_00014.JPG</filename>
	<path>/top밥류밥그릇오곡밥q2/top_밥류_밥그릇_오곡밥_Q2_00014.JPG</path>
	<source>
		<database>fooddata</database>
	</source>
	<size>
		<width>5472</width>
		<height>3648</height>
		<depth>3</depth>
	</size>
	<object>
		<name>ref_spoon</name>
		<bndbox>
			<xmin>1338</xmin>
			<ymin>2738</ymin>
			<xmax>2176</xmax>
			<ymax>3325</ymax>
		</bndbox>
	</object>
	<object>
		<name>ref_fork</name>
		<bndbox>
			<xmin>1481</xmin>
			<ymin>2097</ymin>
			<xmax>2404</xmax>
			<ymax>2474</ymax>
		</bndbox>
	</object>
	<object>
		<name>ref_coin</name>
		<bndbox>
			<xmin>3771</xmin>
			<ymin>753</ymin>
			<xmax>4148</xmax>
			<ymax>1102</ymax>
		</bndbox>
	</object>
	<object>
		<name>dish</name>
		<bndbox>
			<xmin>1956</xmin>
			<ymin>211</ymin>
			<xmax>3713</xmax>
			<ymax>1941</ymax>
		</bndbox>
	</object>
	<object>
		<name>오곡밥</name>
		<bndbox>
			<xmin>2118</xmin>
			<ymin>775</ymin>
			<xmax>3395</xmax>
			<ymax>1828</ymax>
		</bndbox>
	</object>
</annotation>