<annotation>
	<folder>top밥류밥그릇오곡밥q2</folder>
	<filename>top_밥류_밥그릇_오곡밥_Q2_00003.JPG</filename>
	<path>/top밥류밥그릇오곡밥q2/top_밥류_밥그릇_오곡밥_Q2_00003.JPG</path>
	<source>
		<database>fooddata</database>
	</source>
	<size>
		<width>5472</width>
		<height>3648</height>
		<depth>3</depth>
	</size>
	<object>
		<name>ref_spoon</name>
		<bndbox>
			<xmin>3449</xmin>
			<ymin>327</ymin>
			<xmax>4040</xmax>
			<ymax>1277</ymax>
		</bndbox>
	</object>
	<object>
		<name>ref_fork</name>
		<bndbox>
			<xmin>4233</xmin>
			<ymin>341</ymin>
			<xmax>4632</xmax>
			<ymax>1367</ymax>
		</bndbox>
	</object>
	<object>
		<name>ref_coin</name>
		<bndbox>
			<xmin>2082</xmin>
			<ymin>2940</ymin>
			<xmax>2507</xmax>
			<ymax>3384</ymax>
		</bndbox>
	</object>
	<object>
		<name>dish</name>
		<bndbox>
			<xmin>1329</xmin>
			<ymin>668</ymin>
			<xmax>3453</xmax>
			<ymax>2734</ymax>
		</bndbox>
	</object>
	<object>
		<name>오곡밥</name>
		<bndbox>
			<xmin>1481</xmin>
			<ymin>1277</ymin>
			<xmax>3193</xmax>
			<ymax>2550</ymax>
		</bndbox>
	</object>
</annotation>