<annotation>
	<folder>top밥류밥그릇오곡밥q2</folder>
	<filename>top_밥류_밥그릇_오곡밥_Q2_00033.JPG</filename>
	<path>/top밥류밥그릇오곡밥q2/top_밥류_밥그릇_오곡밥_Q2_00033.JPG</path>
	<source>
		<database>fooddata</database>
	</source>
	<size>
		<width>5472</width>
		<height>3648</height>
		<depth>3</depth>
	</size>
	<object>
		<name>ref_spoon</name>
		<bndbox>
			<xmin>840</xmin>
			<ymin>273</ymin>
			<xmax>1481</xmax>
			<ymax>1264</ymax>
		</bndbox>
	</object>
	<object>
		<name>ref_fork</name>
		<bndbox>
			<xmin>1669</xmin>
			<ymin>412</ymin>
			<xmax>2068</xmax>
			<ymax>1465</ymax>
		</bndbox>
	</object>
	<object>
		<name>ref_coin</name>
		<bndbox>
			<xmin>3977</xmin>
			<ymin>708</ymin>
			<xmax>4435</xmax>
			<ymax>1165</ymax>
		</bndbox>
	</object>
	<object>
		<name>dish</name>
		<bndbox>
			<xmin>1961</xmin>
			<ymin>910</ymin>
			<xmax>4215</xmax>
			<ymax>3101</ymax>
		</bndbox>
	</object>
	<object>
		<name>오곡밥</name>
		<bndbox>
			<xmin>2198</xmin>
			<ymin>1201</ymin>
			<xmax>3821</xmax>
			<ymax>2832</ymax>
		</bndbox>
	</object>
</annotation>