<annotation>
	<folder>top밥류밥그릇오곡밥q2</folder>
	<filename>top_밥류_밥그릇_오곡밥_Q2_00018.JPG</filename>
	<path>/top밥류밥그릇오곡밥q2/top_밥류_밥그릇_오곡밥_Q2_00018.JPG</path>
	<source>
		<database>fooddata</database>
	</source>
	<size>
		<width>5472</width>
		<height>3648</height>
		<depth>3</depth>
	</size>
	<object>
		<name>ref_spoon</name>
		<bndbox>
			<xmin>1607</xmin>
			<ymin>2828</ymin>
			<xmax>2369</xmax>
			<ymax>3312</ymax>
		</bndbox>
	</object>
	<object>
		<name>ref_fork</name>
		<bndbox>
			<xmin>1728</xmin>
			<ymin>2259</ymin>
			<xmax>2503</xmax>
			<ymax>2581</ymax>
		</bndbox>
	</object>
	<object>
		<name>ref_coin</name>
		<bndbox>
			<xmin>2754</xmin>
			<ymin>220</ymin>
			<xmax>3072</xmax>
			<ymax>511</ymax>
		</bndbox>
	</object>
	<object>
		<name>dish</name>
		<bndbox>
			<xmin>2064</xmin>
			<ymin>659</ymin>
			<xmax>3570</xmax>
			<ymax>2129</ymax>
		</bndbox>
	</object>
	<object>
		<name>오곡밥</name>
		<bndbox>
			<xmin>2351</xmin>
			<ymin>843</ymin>
			<xmax>3381</xmax>
			<ymax>1869</ymax>
		</bndbox>
	</object>
</annotation>