<annotation>
	<folder>top밥류밥그릇오곡밥q2</folder>
	<filename>top_밥류_밥그릇_오곡밥_Q2_00012.JPG</filename>
	<path>/top밥류밥그릇오곡밥q2/top_밥류_밥그릇_오곡밥_Q2_00012.JPG</path>
	<source>
		<database>fooddata</database>
	</source>
	<size>
		<width>5472</width>
		<height>3648</height>
		<depth>3</depth>
	</size>
	<object>
		<name>ref_spoon</name>
		<bndbox>
			<xmin>1387</xmin>
			<ymin>2756</ymin>
			<xmax>2252</xmax>
			<ymax>3321</ymax>
		</bndbox>
	</object>
	<object>
		<name>ref_fork</name>
		<bndbox>
			<xmin>1508</xmin>
			<ymin>2102</ymin>
			<xmax>2418</xmax>
			<ymax>2469</ymax>
		</bndbox>
	</object>
	<object>
		<name>ref_coin</name>
		<bndbox>
			<xmin>3762</xmin>
			<ymin>1353</ymin>
			<xmax>4134</xmax>
			<ymax>1716</ymax>
		</bndbox>
	</object>
	<object>
		<name>dish</name>
		<bndbox>
			<xmin>2068</xmin>
			<ymin>175</ymin>
			<xmax>3847</xmax>
			<ymax>1878</ymax>
		</bndbox>
	</object>
	<object>
		<name>오곡밥</name>
		<bndbox>
			<xmin>2472</xmin>
			<ymin>583</ymin>
			<xmax>3650</xmax>
			<ymax>1775</ymax>
		</bndbox>
	</object>
</annotation>