<annotation>
	<folder>top밥류밥그릇오곡밥q2</folder>
	<filename>top_밥류_밥그릇_오곡밥_Q2_00024.JPG</filename>
	<path>/top밥류밥그릇오곡밥q2/top_밥류_밥그릇_오곡밥_Q2_00024.JPG</path>
	<source>
		<database>fooddata</database>
	</source>
	<size>
		<width>5472</width>
		<height>3648</height>
		<depth>3</depth>
	</size>
	<object>
		<name>ref_spoon</name>
		<bndbox>
			<xmin>1158</xmin>
			<ymin>215</ymin>
			<xmax>1732</xmax>
			<ymax>1138</ymax>
		</bndbox>
	</object>
	<object>
		<name>ref_fork</name>
		<bndbox>
			<xmin>1893</xmin>
			<ymin>341</ymin>
			<xmax>2274</xmax>
			<ymax>1349</ymax>
		</bndbox>
	</object>
	<object>
		<name>ref_coin</name>
		<bndbox>
			<xmin>2498</xmin>
			<ymin>2850</ymin>
			<xmax>2924</xmax>
			<ymax>3307</ymax>
		</bndbox>
	</object>
	<object>
		<name>dish</name>
		<bndbox>
			<xmin>2180</xmin>
			<ymin>892</ymin>
			<xmax>4237</xmax>
			<ymax>2909</ymax>
		</bndbox>
	</object>
	<object>
		<name>오곡밥</name>
		<bndbox>
			<xmin>2391</xmin>
			<ymin>1080</ymin>
			<xmax>3830</xmax>
			<ymax>2496</ymax>
		</bndbox>
	</object>
</annotation>