<annotation>
	<folder>top밥류밥그릇오곡밥q2</folder>
	<filename>top_밥류_밥그릇_오곡밥_Q2_00002.JPG</filename>
	<path>/top밥류밥그릇오곡밥q2/top_밥류_밥그릇_오곡밥_Q2_00002.JPG</path>
	<source>
		<database>fooddata</database>
	</source>
	<size>
		<width>5472</width>
		<height>3648</height>
		<depth>3</depth>
	</size>
	<object>
		<name>ref_spoon</name>
		<bndbox>
			<xmin>3363</xmin>
			<ymin>282</ymin>
			<xmax>3955</xmax>
			<ymax>1215</ymax>
		</bndbox>
	</object>
	<object>
		<name>ref_fork</name>
		<bndbox>
			<xmin>4143</xmin>
			<ymin>287</ymin>
			<xmax>4556</xmax>
			<ymax>1367</ymax>
		</bndbox>
	</object>
	<object>
		<name>ref_coin</name>
		<bndbox>
			<xmin>2413</xmin>
			<ymin>2828</ymin>
			<xmax>2857</xmax>
			<ymax>3281</ymax>
		</bndbox>
	</object>
	<object>
		<name>dish</name>
		<bndbox>
			<xmin>1239</xmin>
			<ymin>627</ymin>
			<xmax>3359</xmax>
			<ymax>2711</ymax>
		</bndbox>
	</object>
	<object>
		<name>오곡밥</name>
		<bndbox>
			<xmin>1360</xmin>
			<ymin>1282</ymin>
			<xmax>3180</xmax>
			<ymax>2519</ymax>
		</bndbox>
	</object>
</annotation>