<annotation>
	<folder>top밥류밥그릇오곡밥q2</folder>
	<filename>top_밥류_밥그릇_오곡밥_Q2_00013.JPG</filename>
	<path>/top밥류밥그릇오곡밥q2/top_밥류_밥그릇_오곡밥_Q2_00013.JPG</path>
	<source>
		<database>fooddata</database>
	</source>
	<size>
		<width>5472</width>
		<height>3648</height>
		<depth>3</depth>
	</size>
	<object>
		<name>ref_spoon</name>
		<bndbox>
			<xmin>1504</xmin>
			<ymin>2725</ymin>
			<xmax>2315</xmax>
			<ymax>3281</ymax>
		</bndbox>
	</object>
	<object>
		<name>ref_fork</name>
		<bndbox>
			<xmin>1651</xmin>
			<ymin>2070</ymin>
			<xmax>2534</xmax>
			<ymax>2438</ymax>
		</bndbox>
	</object>
	<object>
		<name>ref_coin</name>
		<bndbox>
			<xmin>3977</xmin>
			<ymin>1062</ymin>
			<xmax>4327</xmax>
			<ymax>1421</ymax>
		</bndbox>
	</object>
	<object>
		<name>dish</name>
		<bndbox>
			<xmin>2167</xmin>
			<ymin>170</ymin>
			<xmax>3924</xmax>
			<ymax>1869</ymax>
		</bndbox>
	</object>
	<object>
		<name>오곡밥</name>
		<bndbox>
			<xmin>2382</xmin>
			<ymin>789</ymin>
			<xmax>3704</xmax>
			<ymax>1752</ymax>
		</bndbox>
	</object>
</annotation>