<annotation>
	<folder>top밥류밥그릇오곡밥q2</folder>
	<filename>top_밥류_밥그릇_오곡밥_Q2_00047.JPG</filename>
	<path>/top밥류밥그릇오곡밥q2/top_밥류_밥그릇_오곡밥_Q2_00047.JPG</path>
	<source>
		<database>fooddata</database>
	</source>
	<size>
		<width>5472</width>
		<height>3648</height>
		<depth>3</depth>
	</size>
	<object>
		<name>ref_spoon</name>
		<bndbox>
			<xmin>657</xmin>
			<ymin>323</ymin>
			<xmax>1297</xmax>
			<ymax>1327</ymax>
		</bndbox>
	</object>
	<object>
		<name>ref_fork</name>
		<bndbox>
			<xmin>1481</xmin>
			<ymin>435</ymin>
			<xmax>1920</xmax>
			<ymax>1537</ymax>
		</bndbox>
	</object>
	<object>
		<name>ref_coin</name>
		<bndbox>
			<xmin>2512</xmin>
			<ymin>327</ymin>
			<xmax>2969</xmax>
			<ymax>771</ymax>
		</bndbox>
	</object>
	<object>
		<name>dish</name>
		<bndbox>
			<xmin>1943</xmin>
			<ymin>1040</ymin>
			<xmax>4215</xmax>
			<ymax>3307</ymax>
		</bndbox>
	</object>
	<object>
		<name>오곡밥</name>
		<bndbox>
			<xmin>2288</xmin>
			<ymin>1551</ymin>
			<xmax>3897</xmax>
			<ymax>3088</ymax>
		</bndbox>
	</object>
</annotation>