<annotation>
	<folder>top밥류밥그릇오곡밥q2</folder>
	<filename>top_밥류_밥그릇_오곡밥_Q2_00029.JPG</filename>
	<path>/top밥류밥그릇오곡밥q2/top_밥류_밥그릇_오곡밥_Q2_00029.JPG</path>
	<source>
		<database>fooddata</database>
	</source>
	<size>
		<width>5472</width>
		<height>3648</height>
		<depth>3</depth>
	</size>
	<object>
		<name>ref_spoon</name>
		<bndbox>
			<xmin>1006</xmin>
			<ymin>273</ymin>
			<xmax>1642</xmax>
			<ymax>1223</ymax>
		</bndbox>
	</object>
	<object>
		<name>ref_fork</name>
		<bndbox>
			<xmin>1804</xmin>
			<ymin>390</ymin>
			<xmax>2239</xmax>
			<ymax>1439</ymax>
		</bndbox>
	</object>
	<object>
		<name>ref_coin</name>
		<bndbox>
			<xmin>4399</xmin>
			<ymin>2474</ymin>
			<xmax>4860</xmax>
			<ymax>2958</ymax>
		</bndbox>
	</object>
	<object>
		<name>dish</name>
		<bndbox>
			<xmin>2140</xmin>
			<ymin>932</ymin>
			<xmax>4381</xmax>
			<ymax>3128</ymax>
		</bndbox>
	</object>
	<object>
		<name>오곡밥</name>
		<bndbox>
			<xmin>2351</xmin>
			<ymin>1313</ymin>
			<xmax>3852</xmax>
			<ymax>2931</ymax>
		</bndbox>
	</object>
</annotation>