<annotation>
	<folder>top밥류밥그릇오곡밥q2</folder>
	<filename>top_밥류_밥그릇_오곡밥_Q2_00004.JPG</filename>
	<path>/top밥류밥그릇오곡밥q2/top_밥류_밥그릇_오곡밥_Q2_00004.JPG</path>
	<source>
		<database>fooddata</database>
	</source>
	<size>
		<width>5472</width>
		<height>3648</height>
		<depth>3</depth>
	</size>
	<object>
		<name>ref_spoon</name>
		<bndbox>
			<xmin>3278</xmin>
			<ymin>251</ymin>
			<xmax>3888</xmax>
			<ymax>1219</ymax>
		</bndbox>
	</object>
	<object>
		<name>ref_fork</name>
		<bndbox>
			<xmin>4089</xmin>
			<ymin>260</ymin>
			<xmax>4497</xmax>
			<ymax>1313</ymax>
		</bndbox>
	</object>
	<object>
		<name>ref_coin</name>
		<bndbox>
			<xmin>1284</xmin>
			<ymin>2841</ymin>
			<xmax>1741</xmax>
			<ymax>3316</ymax>
		</bndbox>
	</object>
	<object>
		<name>dish</name>
		<bndbox>
			<xmin>1082</xmin>
			<ymin>650</ymin>
			<xmax>3269</xmax>
			<ymax>2805</ymax>
		</bndbox>
	</object>
	<object>
		<name>오곡밥</name>
		<bndbox>
			<xmin>1333</xmin>
			<ymin>968</ymin>
			<xmax>2915</xmax>
			<ymax>2631</ymax>
		</bndbox>
	</object>
</annotation>