<annotation>
	<folder>side밥류밥그릇콩밥q5</folder>
	<filename>side_밥류_밥그릇_콩밥_Q5_00046.JPG</filename>
	<path>/side밥류밥그릇콩밥q5/side_밥류_밥그릇_콩밥_Q5_00046.JPG</path>
	<source>
		<database>fooddata</database>
	</source>
	<size>
		<width>5472</width>
		<height>3648</height>
		<depth>3</depth>
	</size>
	<object>
		<name>ref_spoon</name>
		<bndbox>
			<xmin>1107</xmin>
			<ymin>657</ymin>
			<xmax>1650</xmax>
			<ymax>1505</ymax>
		</bndbox>
	</object>
	<object>
		<name>ref_fork</name>
		<bndbox>
			<xmin>1803</xmin>
			<ymin>681</ymin>
			<xmax>2160</xmax>
			<ymax>1619</ymax>
		</bndbox>
	</object>
	<object>
		<name>ref_coin</name>
		<bndbox>
			<xmin>3231</xmin>
			<ymin>2681</ymin>
			<xmax>3669</xmax>
			<ymax>3038</ymax>
		</bndbox>
	</object>
	<object>
		<name>dish</name>
		<bndbox>
			<xmin>2341</xmin>
			<ymin>686</ymin>
			<xmax>4179</xmax>
			<ymax>2172</ymax>
		</bndbox>
	</object>
	<object>
		<name>콩밥</name>
		<bndbox>
			<xmin>2445</xmin>
			<ymin>748</ymin>
			<xmax>4131</xmax>
			<ymax>1914</ymax>
		</bndbox>
	</object>
</annotation>