<annotation>
	<folder>side밥류밥그릇콩밥q5</folder>
	<filename>side_밥류_밥그릇_콩밥_Q5_00040.JPG</filename>
	<path>/side밥류밥그릇콩밥q5/side_밥류_밥그릇_콩밥_Q5_00040.JPG</path>
	<source>
		<database>fooddata</database>
	</source>
	<size>
		<width>5472</width>
		<height>3648</height>
		<depth>3</depth>
	</size>
	<object>
		<name>ref_spoon</name>
		<bndbox>
			<xmin>1155</xmin>
			<ymin>633</ymin>
			<xmax>1698</xmax>
			<ymax>1481</ymax>
		</bndbox>
	</object>
	<object>
		<name>ref_fork</name>
		<bndbox>
			<xmin>1850</xmin>
			<ymin>657</ymin>
			<xmax>2207</xmax>
			<ymax>1586</ymax>
		</bndbox>
	</object>
	<object>
		<name>ref_coin</name>
		<bndbox>
			<xmin>3065</xmin>
			<ymin>2634</ymin>
			<xmax>3493</xmax>
			<ymax>2986</ymax>
		</bndbox>
	</object>
	<object>
		<name>dish</name>
		<bndbox>
			<xmin>2379</xmin>
			<ymin>671</ymin>
			<xmax>4231</xmax>
			<ymax>2157</ymax>
		</bndbox>
	</object>
	<object>
		<name>콩밥</name>
		<bndbox>
			<xmin>2493</xmin>
			<ymin>719</ymin>
			<xmax>4141</xmax>
			<ymax>1886</ymax>
		</bndbox>
	</object>
</annotation>