<annotation>
	<folder>side밥류밥그릇콩밥q5</folder>
	<filename>side_밥류_밥그릇_콩밥_Q5_00025.JPG</filename>
	<path>/side밥류밥그릇콩밥q5/side_밥류_밥그릇_콩밥_Q5_00025.JPG</path>
	<source>
		<database>fooddata</database>
	</source>
	<size>
		<width>5472</width>
		<height>3648</height>
		<depth>3</depth>
	</size>
	<object>
		<name>ref_spoon</name>
		<bndbox>
			<xmin>1645</xmin>
			<ymin>2724</ymin>
			<xmax>2726</xmax>
			<ymax>3257</ymax>
		</bndbox>
	</object>
	<object>
		<name>ref_fork</name>
		<bndbox>
			<xmin>1750</xmin>
			<ymin>2272</ymin>
			<xmax>2922</xmax>
			<ymax>2743</ymax>
		</bndbox>
	</object>
	<object>
		<name>ref_coin</name>
		<bndbox>
			<xmin>2150</xmin>
			<ymin>391</ymin>
			<xmax>2517</xmax>
			<ymax>643</ymax>
		</bndbox>
	</object>
	<object>
		<name>dish</name>
		<bndbox>
			<xmin>2636</xmin>
			<ymin>710</ymin>
			<xmax>4408</xmax>
			<ymax>2143</ymax>
		</bndbox>
	</object>
	<object>
		<name>콩밥</name>
		<bndbox>
			<xmin>2779</xmin>
			<ymin>762</ymin>
			<xmax>4236</xmax>
			<ymax>1895</ymax>
		</bndbox>
	</object>
</annotation>