<annotation>
	<folder>side밥류밥그릇콩밥q5</folder>
	<filename>side_밥류_밥그릇_콩밥_Q5_00018.JPG</filename>
	<path>/side밥류밥그릇콩밥q5/side_밥류_밥그릇_콩밥_Q5_00018.JPG</path>
	<source>
		<database>fooddata</database>
	</source>
	<size>
		<width>5472</width>
		<height>3648</height>
		<depth>3</depth>
	</size>
	<object>
		<name>ref_spoon</name>
		<bndbox>
			<xmin>1483</xmin>
			<ymin>2534</ymin>
			<xmax>2574</xmax>
			<ymax>3072</ymax>
		</bndbox>
	</object>
	<object>
		<name>ref_fork</name>
		<bndbox>
			<xmin>1588</xmin>
			<ymin>2081</ymin>
			<xmax>2736</xmax>
			<ymax>2562</ymax>
		</bndbox>
	</object>
	<object>
		<name>ref_coin</name>
		<bndbox>
			<xmin>4084</xmin>
			<ymin>1881</ymin>
			<xmax>4484</xmax>
			<ymax>2191</ymax>
		</bndbox>
	</object>
	<object>
		<name>dish</name>
		<bndbox>
			<xmin>2469</xmin>
			<ymin>576</ymin>
			<xmax>4250</xmax>
			<ymax>2029</ymax>
		</bndbox>
	</object>
	<object>
		<name>콩밥</name>
		<bndbox>
			<xmin>2569</xmin>
			<ymin>648</ymin>
			<xmax>4141</xmax>
			<ymax>1786</ymax>
		</bndbox>
	</object>
</annotation>