<annotation>
	<folder>side밥류밥그릇콩밥q5</folder>
	<filename>side_밥류_밥그릇_콩밥_Q5_00009.JPG</filename>
	<path>/side밥류밥그릇콩밥q5/side_밥류_밥그릇_콩밥_Q5_00009.JPG</path>
	<source>
		<database>fooddata</database>
	</source>
	<size>
		<width>5472</width>
		<height>3648</height>
		<depth>3</depth>
	</size>
	<object>
		<name>ref_spoon</name>
		<bndbox>
			<xmin>3860</xmin>
			<ymin>1195</ymin>
			<xmax>4384</xmax>
			<ymax>2034</ymax>
		</bndbox>
	</object>
	<object>
		<name>ref_fork</name>
		<bndbox>
			<xmin>4570</xmin>
			<ymin>1281</ymin>
			<xmax>4936</xmax>
			<ymax>2243</ymax>
		</bndbox>
	</object>
	<object>
		<name>ref_coin</name>
		<bndbox>
			<xmin>1588</xmin>
			<ymin>767</ymin>
			<xmax>1964</xmax>
			<ymax>1024</ymax>
		</bndbox>
	</object>
	<object>
		<name>dish</name>
		<bndbox>
			<xmin>1964</xmin>
			<ymin>1119</ymin>
			<xmax>3793</xmax>
			<ymax>2596</ymax>
		</bndbox>
	</object>
	<object>
		<name>콩밥</name>
		<bndbox>
			<xmin>2112</xmin>
			<ymin>1295</ymin>
			<xmax>3636</xmax>
			<ymax>2338</ymax>
		</bndbox>
	</object>
</annotation>