<annotation>
	<folder>side밥류밥그릇콩밥q5</folder>
	<filename>side_밥류_밥그릇_콩밥_Q5_00050.JPG</filename>
	<path>/side밥류밥그릇콩밥q5/side_밥류_밥그릇_콩밥_Q5_00050.JPG</path>
	<source>
		<database>fooddata</database>
	</source>
	<size>
		<width>5472</width>
		<height>3648</height>
		<depth>3</depth>
	</size>
	<object>
		<name>ref_spoon</name>
		<bndbox>
			<xmin>1122</xmin>
			<ymin>986</ymin>
			<xmax>1664</xmax>
			<ymax>1838</ymax>
		</bndbox>
	</object>
	<object>
		<name>ref_fork</name>
		<bndbox>
			<xmin>1812</xmin>
			<ymin>1005</ymin>
			<xmax>2169</xmax>
			<ymax>1986</ymax>
		</bndbox>
	</object>
	<object>
		<name>ref_coin</name>
		<bndbox>
			<xmin>2279</xmin>
			<ymin>505</ymin>
			<xmax>2641</xmax>
			<ymax>752</ymax>
		</bndbox>
	</object>
	<object>
		<name>dish</name>
		<bndbox>
			<xmin>2345</xmin>
			<ymin>1000</ymin>
			<xmax>4198</xmax>
			<ymax>2486</ymax>
		</bndbox>
	</object>
	<object>
		<name>콩밥</name>
		<bndbox>
			<xmin>2450</xmin>
			<ymin>1057</ymin>
			<xmax>4117</xmax>
			<ymax>2224</ymax>
		</bndbox>
	</object>
</annotation>