<annotation>
	<folder>side밥류밥그릇콩밥q5</folder>
	<filename>side_밥류_밥그릇_콩밥_Q5_00055.JPG</filename>
	<path>/side밥류밥그릇콩밥q5/side_밥류_밥그릇_콩밥_Q5_00055.JPG</path>
	<source>
		<database>fooddata</database>
	</source>
	<size>
		<width>5472</width>
		<height>3648</height>
		<depth>3</depth>
	</size>
	<object>
		<name>ref_spoon</name>
		<bndbox>
			<xmin>1169</xmin>
			<ymin>805</ymin>
			<xmax>1712</xmax>
			<ymax>1657</ymax>
		</bndbox>
	</object>
	<object>
		<name>ref_fork</name>
		<bndbox>
			<xmin>1869</xmin>
			<ymin>824</ymin>
			<xmax>2236</xmax>
			<ymax>1762</ymax>
		</bndbox>
	</object>
	<object>
		<name>ref_coin</name>
		<bndbox>
			<xmin>2360</xmin>
			<ymin>2681</ymin>
			<xmax>2788</xmax>
			<ymax>3019</ymax>
		</bndbox>
	</object>
	<object>
		<name>dish</name>
		<bndbox>
			<xmin>2398</xmin>
			<ymin>814</ymin>
			<xmax>4260</xmax>
			<ymax>2305</ymax>
		</bndbox>
	</object>
	<object>
		<name>콩밥</name>
		<bndbox>
			<xmin>2498</xmin>
			<ymin>872</ymin>
			<xmax>4084</xmax>
			<ymax>2038</ymax>
		</bndbox>
	</object>
</annotation>