<annotation>
	<folder>side밥류밥그릇콩밥q5</folder>
	<filename>side_밥류_밥그릇_콩밥_Q5_00043.JPG</filename>
	<path>/side밥류밥그릇콩밥q5/side_밥류_밥그릇_콩밥_Q5_00043.JPG</path>
	<source>
		<database>fooddata</database>
	</source>
	<size>
		<width>5472</width>
		<height>3648</height>
		<depth>3</depth>
	</size>
	<object>
		<name>ref_spoon</name>
		<bndbox>
			<xmin>1117</xmin>
			<ymin>681</ymin>
			<xmax>1655</xmax>
			<ymax>1548</ymax>
		</bndbox>
	</object>
	<object>
		<name>ref_fork</name>
		<bndbox>
			<xmin>1807</xmin>
			<ymin>700</ymin>
			<xmax>2174</xmax>
			<ymax>1662</ymax>
		</bndbox>
	</object>
	<object>
		<name>ref_coin</name>
		<bndbox>
			<xmin>2731</xmin>
			<ymin>2619</ymin>
			<xmax>3160</xmax>
			<ymax>2962</ymax>
		</bndbox>
	</object>
	<object>
		<name>dish</name>
		<bndbox>
			<xmin>2341</xmin>
			<ymin>710</ymin>
			<xmax>4193</xmax>
			<ymax>2200</ymax>
		</bndbox>
	</object>
	<object>
		<name>콩밥</name>
		<bndbox>
			<xmin>2450</xmin>
			<ymin>781</ymin>
			<xmax>4112</xmax>
			<ymax>1943</ymax>
		</bndbox>
	</object>
</annotation>