<annotation>
	<folder>side밥류밥그릇콩밥q5</folder>
	<filename>side_밥류_밥그릇_콩밥_Q5_00031.JPG</filename>
	<path>/side밥류밥그릇콩밥q5/side_밥류_밥그릇_콩밥_Q5_00031.JPG</path>
	<source>
		<database>fooddata</database>
	</source>
	<size>
		<width>5472</width>
		<height>3648</height>
		<depth>3</depth>
	</size>
	<object>
		<name>ref_spoon</name>
		<bndbox>
			<xmin>1703</xmin>
			<ymin>2653</ymin>
			<xmax>2803</xmax>
			<ymax>3196</ymax>
		</bndbox>
	</object>
	<object>
		<name>ref_fork</name>
		<bndbox>
			<xmin>1803</xmin>
			<ymin>2205</ymin>
			<xmax>2979</xmax>
			<ymax>2681</ymax>
		</bndbox>
	</object>
	<object>
		<name>ref_coin</name>
		<bndbox>
			<xmin>2069</xmin>
			<ymin>1886</ymin>
			<xmax>2460</xmax>
			<ymax>2195</ymax>
		</bndbox>
	</object>
	<object>
		<name>dish</name>
		<bndbox>
			<xmin>2846</xmin>
			<ymin>667</ymin>
			<xmax>4646</xmax>
			<ymax>2129</ymax>
		</bndbox>
	</object>
	<object>
		<name>콩밥</name>
		<bndbox>
			<xmin>2955</xmin>
			<ymin>805</ymin>
			<xmax>4431</xmax>
			<ymax>1876</ymax>
		</bndbox>
	</object>
</annotation>