<annotation>
	<folder>side밥류밥그릇콩밥q5</folder>
	<filename>side_밥류_밥그릇_콩밥_Q5_00034.JPG</filename>
	<path>/side밥류밥그릇콩밥q5/side_밥류_밥그릇_콩밥_Q5_00034.JPG</path>
	<source>
		<database>fooddata</database>
	</source>
	<size>
		<width>5472</width>
		<height>3648</height>
		<depth>3</depth>
	</size>
	<object>
		<name>ref_spoon</name>
		<bndbox>
			<xmin>1269</xmin>
			<ymin>695</ymin>
			<xmax>1807</xmax>
			<ymax>1591</ymax>
		</bndbox>
	</object>
	<object>
		<name>ref_fork</name>
		<bndbox>
			<xmin>1941</xmin>
			<ymin>724</ymin>
			<xmax>2303</xmax>
			<ymax>1743</ymax>
		</bndbox>
	</object>
	<object>
		<name>ref_coin</name>
		<bndbox>
			<xmin>2755</xmin>
			<ymin>2834</ymin>
			<xmax>3193</xmax>
			<ymax>3186</ymax>
		</bndbox>
	</object>
	<object>
		<name>dish</name>
		<bndbox>
			<xmin>2450</xmin>
			<ymin>752</ymin>
			<xmax>4308</xmax>
			<ymax>2243</ymax>
		</bndbox>
	</object>
	<object>
		<name>콩밥</name>
		<bndbox>
			<xmin>2574</xmin>
			<ymin>743</ymin>
			<xmax>4127</xmax>
			<ymax>1981</ymax>
		</bndbox>
	</object>
</annotation>