<annotation>
	<folder>top밥류밥그릇콩밥q5</folder>
	<filename>top_밥류_밥그릇_콩밥_Q5_00053.JPG</filename>
	<path>/top밥류밥그릇콩밥q5/top_밥류_밥그릇_콩밥_Q5_00053.JPG</path>
	<source>
		<database>fooddata</database>
	</source>
	<size>
		<width>5472</width>
		<height>3648</height>
		<depth>3</depth>
	</size>
	<object>
		<name>ref_spoon</name>
		<bndbox>
			<xmin>1176</xmin>
			<ymin>605</ymin>
			<xmax>1763</xmax>
			<ymax>1560</ymax>
		</bndbox>
	</object>
	<object>
		<name>ref_fork</name>
		<bndbox>
			<xmin>2019</xmin>
			<ymin>659</ymin>
			<xmax>2409</xmax>
			<ymax>1743</ymax>
		</bndbox>
	</object>
	<object>
		<name>ref_coin</name>
		<bndbox>
			<xmin>3973</xmin>
			<ymin>950</ymin>
			<xmax>4403</xmax>
			<ymax>1371</ymax>
		</bndbox>
	</object>
	<object>
		<name>dish</name>
		<bndbox>
			<xmin>2382</xmin>
			<ymin>1237</ymin>
			<xmax>4569</xmax>
			<ymax>3428</ymax>
		</bndbox>
	</object>
	<object>
		<name>콩밥</name>
		<bndbox>
			<xmin>2481</xmin>
			<ymin>1403</ymin>
			<xmax>4435</xmax>
			<ymax>3267</ymax>
		</bndbox>
	</object>
</annotation>