<annotation>
	<folder>top밥류밥그릇콩밥q5</folder>
	<filename>top_밥류_밥그릇_콩밥_Q5_00028.JPG</filename>
	<path>/top밥류밥그릇콩밥q5/top_밥류_밥그릇_콩밥_Q5_00028.JPG</path>
	<source>
		<database>fooddata</database>
	</source>
	<size>
		<width>5472</width>
		<height>3648</height>
		<depth>3</depth>
	</size>
	<object>
		<name>ref_spoon</name>
		<bndbox>
			<xmin>1356</xmin>
			<ymin>2761</ymin>
			<xmax>2203</xmax>
			<ymax>3298</ymax>
		</bndbox>
	</object>
	<object>
		<name>ref_fork</name>
		<bndbox>
			<xmin>1714</xmin>
			<ymin>2335</ymin>
			<xmax>2628</xmax>
			<ymax>2680</ymax>
		</bndbox>
	</object>
	<object>
		<name>ref_coin</name>
		<bndbox>
			<xmin>2593</xmin>
			<ymin>170</ymin>
			<xmax>2938</xmax>
			<ymax>502</ymax>
		</bndbox>
	</object>
	<object>
		<name>dish</name>
		<bndbox>
			<xmin>2095</xmin>
			<ymin>623</ymin>
			<xmax>3794</xmax>
			<ymax>2281</ymax>
		</bndbox>
	</object>
	<object>
		<name>콩밥</name>
		<bndbox>
			<xmin>2212</xmin>
			<ymin>780</ymin>
			<xmax>3691</xmax>
			<ymax>2205</ymax>
		</bndbox>
	</object>
</annotation>