<annotation>
	<folder>top밥류밥그릇콩밥q5</folder>
	<filename>top_밥류_밥그릇_콩밥_Q5_00014.JPG</filename>
	<path>/top밥류밥그릇콩밥q5/top_밥류_밥그릇_콩밥_Q5_00014.JPG</path>
	<source>
		<database>fooddata</database>
	</source>
	<size>
		<width>5472</width>
		<height>3648</height>
		<depth>3</depth>
	</size>
	<object>
		<name>ref_spoon</name>
		<bndbox>
			<xmin>3910</xmin>
			<ymin>421</ymin>
			<xmax>4542</xmax>
			<ymax>1416</ymax>
		</bndbox>
	</object>
	<object>
		<name>ref_fork</name>
		<bndbox>
			<xmin>4672</xmin>
			<ymin>641</ymin>
			<xmax>5125</xmax>
			<ymax>1748</ymax>
		</bndbox>
	</object>
	<object>
		<name>ref_coin</name>
		<bndbox>
			<xmin>813</xmin>
			<ymin>2595</ymin>
			<xmax>1262</xmax>
			<ymax>3043</ymax>
		</bndbox>
	</object>
	<object>
		<name>dish</name>
		<bndbox>
			<xmin>1342</xmin>
			<ymin>851</ymin>
			<xmax>3458</xmax>
			<ymax>2962</ymax>
		</bndbox>
	</object>
	<object>
		<name>콩밥</name>
		<bndbox>
			<xmin>1423</xmin>
			<ymin>1008</ymin>
			<xmax>3287</xmax>
			<ymax>2810</ymax>
		</bndbox>
	</object>
</annotation>