<annotation>
	<folder>top밥류밥그릇콩밥q5</folder>
	<filename>top_밥류_밥그릇_콩밥_Q5_00044.JPG</filename>
	<path>/top밥류밥그릇콩밥q5/top_밥류_밥그릇_콩밥_Q5_00044.JPG</path>
	<source>
		<database>fooddata</database>
	</source>
	<size>
		<width>5472</width>
		<height>3648</height>
		<depth>3</depth>
	</size>
	<object>
		<name>ref_spoon</name>
		<bndbox>
			<xmin>1719</xmin>
			<ymin>502</ymin>
			<xmax>2292</xmax>
			<ymax>1457</ymax>
		</bndbox>
	</object>
	<object>
		<name>ref_fork</name>
		<bndbox>
			<xmin>2543</xmin>
			<ymin>556</ymin>
			<xmax>2920</xmax>
			<ymax>1595</ymax>
		</bndbox>
	</object>
	<object>
		<name>ref_coin</name>
		<bndbox>
			<xmin>3605</xmin>
			<ymin>332</ymin>
			<xmax>4022</xmax>
			<ymax>730</ymax>
		</bndbox>
	</object>
	<object>
		<name>dish</name>
		<bndbox>
			<xmin>2956</xmin>
			<ymin>1120</ymin>
			<xmax>5111</xmax>
			<ymax>3254</ymax>
		</bndbox>
	</object>
	<object>
		<name>콩밥</name>
		<bndbox>
			<xmin>3045</xmin>
			<ymin>1273</ymin>
			<xmax>4968</xmax>
			<ymax>3164</ymax>
		</bndbox>
	</object>
</annotation>