<annotation>
	<folder>top밥류밥그릇콩밥q5</folder>
	<filename>top_밥류_밥그릇_콩밥_Q5_00025.JPG</filename>
	<path>/top밥류밥그릇콩밥q5/top_밥류_밥그릇_콩밥_Q5_00025.JPG</path>
	<source>
		<database>fooddata</database>
	</source>
	<size>
		<width>5472</width>
		<height>3648</height>
		<depth>3</depth>
	</size>
	<object>
		<name>ref_spoon</name>
		<bndbox>
			<xmin>1244</xmin>
			<ymin>2626</ymin>
			<xmax>2086</xmax>
			<ymax>3160</ymax>
		</bndbox>
	</object>
	<object>
		<name>ref_fork</name>
		<bndbox>
			<xmin>1598</xmin>
			<ymin>2200</ymin>
			<xmax>2476</xmax>
			<ymax>2541</ymax>
		</bndbox>
	</object>
	<object>
		<name>ref_coin</name>
		<bndbox>
			<xmin>1557</xmin>
			<ymin>1488</ymin>
			<xmax>1916</xmax>
			<ymax>1833</ymax>
		</bndbox>
	</object>
	<object>
		<name>dish</name>
		<bndbox>
			<xmin>2037</xmin>
			<ymin>547</ymin>
			<xmax>3731</xmax>
			<ymax>2196</ymax>
		</bndbox>
	</object>
	<object>
		<name>콩밥</name>
		<bndbox>
			<xmin>2140</xmin>
			<ymin>677</ymin>
			<xmax>3628</xmax>
			<ymax>2097</ymax>
		</bndbox>
	</object>
</annotation>