<annotation>
	<folder>top밥류밥그릇콩밥q5</folder>
	<filename>top_밥류_밥그릇_콩밥_Q5_00024.JPG</filename>
	<path>/top밥류밥그릇콩밥q5/top_밥류_밥그릇_콩밥_Q5_00024.JPG</path>
	<source>
		<database>fooddata</database>
	</source>
	<size>
		<width>5472</width>
		<height>3648</height>
		<depth>3</depth>
	</size>
	<object>
		<name>ref_spoon</name>
		<bndbox>
			<xmin>1306</xmin>
			<ymin>2640</ymin>
			<xmax>2144</xmax>
			<ymax>3177</ymax>
		</bndbox>
	</object>
	<object>
		<name>ref_fork</name>
		<bndbox>
			<xmin>1651</xmin>
			<ymin>2196</ymin>
			<xmax>2557</xmax>
			<ymax>2541</ymax>
		</bndbox>
	</object>
	<object>
		<name>ref_coin</name>
		<bndbox>
			<xmin>4197</xmin>
			<ymin>659</ymin>
			<xmax>4556</xmax>
			<ymax>990</ymax>
		</bndbox>
	</object>
	<object>
		<name>dish</name>
		<bndbox>
			<xmin>2122</xmin>
			<ymin>529</ymin>
			<xmax>3852</xmax>
			<ymax>2232</ymax>
		</bndbox>
	</object>
	<object>
		<name>콩밥</name>
		<bndbox>
			<xmin>2261</xmin>
			<ymin>668</ymin>
			<xmax>3767</xmax>
			<ymax>2142</ymax>
		</bndbox>
	</object>
</annotation>