<annotation>
	<folder>top밥류밥그릇콩밥q5</folder>
	<filename>top_밥류_밥그릇_콩밥_Q5_00029.JPG</filename>
	<path>/top밥류밥그릇콩밥q5/top_밥류_밥그릇_콩밥_Q5_00029.JPG</path>
	<source>
		<database>fooddata</database>
	</source>
	<size>
		<width>5472</width>
		<height>3648</height>
		<depth>3</depth>
	</size>
	<object>
		<name>ref_spoon</name>
		<bndbox>
			<xmin>1302</xmin>
			<ymin>2864</ymin>
			<xmax>2167</xmax>
			<ymax>3402</ymax>
		</bndbox>
	</object>
	<object>
		<name>ref_fork</name>
		<bndbox>
			<xmin>1656</xmin>
			<ymin>2429</ymin>
			<xmax>2561</xmax>
			<ymax>2774</ymax>
		</bndbox>
	</object>
	<object>
		<name>ref_coin</name>
		<bndbox>
			<xmin>3108</xmin>
			<ymin>170</ymin>
			<xmax>3462</xmax>
			<ymax>502</ymax>
		</bndbox>
	</object>
	<object>
		<name>dish</name>
		<bndbox>
			<xmin>2014</xmin>
			<ymin>739</ymin>
			<xmax>3713</xmax>
			<ymax>2402</ymax>
		</bndbox>
	</object>
	<object>
		<name>콩밥</name>
		<bndbox>
			<xmin>2144</xmin>
			<ymin>878</ymin>
			<xmax>3596</xmax>
			<ymax>2304</ymax>
		</bndbox>
	</object>
</annotation>