<annotation>
	<folder>top밥류밥그릇콩밥q5</folder>
	<filename>top_밥류_밥그릇_콩밥_Q5_00047.JPG</filename>
	<path>/top밥류밥그릇콩밥q5/top_밥류_밥그릇_콩밥_Q5_00047.JPG</path>
	<source>
		<database>fooddata</database>
	</source>
	<size>
		<width>5472</width>
		<height>3648</height>
		<depth>3</depth>
	</size>
	<object>
		<name>ref_spoon</name>
		<bndbox>
			<xmin>1741</xmin>
			<ymin>211</ymin>
			<xmax>2319</xmax>
			<ymax>1174</ymax>
		</bndbox>
	</object>
	<object>
		<name>ref_fork</name>
		<bndbox>
			<xmin>2566</xmin>
			<ymin>251</ymin>
			<xmax>2951</xmax>
			<ymax>1286</ymax>
		</bndbox>
	</object>
	<object>
		<name>ref_coin</name>
		<bndbox>
			<xmin>4336</xmin>
			<ymin>3088</ymin>
			<xmax>4784</xmax>
			<ymax>3549</ymax>
		</bndbox>
	</object>
	<object>
		<name>dish</name>
		<bndbox>
			<xmin>2996</xmin>
			<ymin>766</ymin>
			<xmax>5156</xmax>
			<ymax>2882</ymax>
		</bndbox>
	</object>
	<object>
		<name>콩밥</name>
		<bndbox>
			<xmin>3081</xmin>
			<ymin>932</ymin>
			<xmax>5004</xmax>
			<ymax>2805</ymax>
		</bndbox>
	</object>
</annotation>