<annotation>
	<folder>top밥류밥그릇콩밥q5</folder>
	<filename>top_밥류_밥그릇_콩밥_Q5_00050.JPG</filename>
	<path>/top밥류밥그릇콩밥q5/top_밥류_밥그릇_콩밥_Q5_00050.JPG</path>
	<source>
		<database>fooddata</database>
	</source>
	<size>
		<width>5472</width>
		<height>3648</height>
		<depth>3</depth>
	</size>
	<object>
		<name>ref_spoon</name>
		<bndbox>
			<xmin>1136</xmin>
			<ymin>381</ymin>
			<xmax>1714</xmax>
			<ymax>1327</ymax>
		</bndbox>
	</object>
	<object>
		<name>ref_fork</name>
		<bndbox>
			<xmin>1947</xmin>
			<ymin>466</ymin>
			<xmax>2328</xmax>
			<ymax>1501</ymax>
		</bndbox>
	</object>
	<object>
		<name>ref_coin</name>
		<bndbox>
			<xmin>4417</xmin>
			<ymin>2411</ymin>
			<xmax>4851</xmax>
			<ymax>2846</ymax>
		</bndbox>
	</object>
	<object>
		<name>dish</name>
		<bndbox>
			<xmin>2265</xmin>
			<ymin>1049</ymin>
			<xmax>4372</xmax>
			<ymax>3142</ymax>
		</bndbox>
	</object>
	<object>
		<name>콩밥</name>
		<bndbox>
			<xmin>2377</xmin>
			<ymin>1210</ymin>
			<xmax>4237</xmax>
			<ymax>3074</ymax>
		</bndbox>
	</object>
</annotation>