<annotation>
	<folder>top밥류밥그릇콩밥q5</folder>
	<filename>top_밥류_밥그릇_콩밥_Q5_00040.JPG</filename>
	<path>/top밥류밥그릇콩밥q5/top_밥류_밥그릇_콩밥_Q5_00040.JPG</path>
	<source>
		<database>fooddata</database>
	</source>
	<size>
		<width>5472</width>
		<height>3648</height>
		<depth>3</depth>
	</size>
	<object>
		<name>ref_spoon</name>
		<bndbox>
			<xmin>1275</xmin>
			<ymin>488</ymin>
			<xmax>1844</xmax>
			<ymax>1430</ymax>
		</bndbox>
	</object>
	<object>
		<name>ref_fork</name>
		<bndbox>
			<xmin>2095</xmin>
			<ymin>529</ymin>
			<xmax>2467</xmax>
			<ymax>1551</ymax>
		</bndbox>
	</object>
	<object>
		<name>ref_coin</name>
		<bndbox>
			<xmin>4587</xmin>
			<ymin>1551</ymin>
			<xmax>5008</xmax>
			<ymax>1972</ymax>
		</bndbox>
	</object>
	<object>
		<name>dish</name>
		<bndbox>
			<xmin>2463</xmin>
			<ymin>1053</ymin>
			<xmax>4520</xmax>
			<ymax>3101</ymax>
		</bndbox>
	</object>
	<object>
		<name>콩밥</name>
		<bndbox>
			<xmin>2548</xmin>
			<ymin>1201</ymin>
			<xmax>4349</xmax>
			<ymax>2989</ymax>
		</bndbox>
	</object>
</annotation>