<annotation>
	<folder>side어육류정형철판햄버거스테이크q1</folder>
	<filename>side_어육류정형_철판_햄버거스테이크_Q1_00033.JPG</filename>
	<path>/side어육류정형철판햄버거스테이크q1/side_어육류정형_철판_햄버거스테이크_Q1_00033.JPG</path>
	<source>
		<database>fooddata</database>
	</source>
	<size>
		<width>3008</width>
		<height>2000</height>
		<depth>3</depth>
	</size>
	<object>
		<name>ref_spoon</name>
		<bndbox>
			<xmin>685</xmin>
			<ymin>488</ymin>
			<xmax>909</xmax>
			<ymax>805</ymax>
		</bndbox>
	</object>
	<object>
		<name>ref_fork</name>
		<bndbox>
			<xmin>411</xmin>
			<ymin>538</ymin>
			<xmax>573</xmax>
			<ymax>885</ymax>
		</bndbox>
	</object>
	<object>
		<name>ref_coin</name>
		<bndbox>
			<xmin>992</xmin>
			<ymin>1577</ymin>
			<xmax>1194</xmax>
			<ymax>1743</ymax>
		</bndbox>
	</object>
	<object>
		<name>dish</name>
		<bndbox>
			<xmin>1107</xmin>
			<ymin>528</ymin>
			<xmax>2225</xmax>
			<ymax>1353</ymax>
		</bndbox>
	</object>
	<object>
		<name>햄버거스테이크</name>
		<bndbox>
			<xmin>1306</xmin>
			<ymin>607</ymin>
			<xmax>1879</xmax>
			<ymax>1188</ymax>
		</bndbox>
	</object>
</annotation>