<annotation>
	<folder>side어육류정형철판햄버거스테이크q1</folder>
	<filename>side_어육류정형_철판_햄버거스테이크_Q1_00005.JPG</filename>
	<path>/side어육류정형철판햄버거스테이크q1/side_어육류정형_철판_햄버거스테이크_Q1_00005.JPG</path>
	<source>
		<database>fooddata</database>
	</source>
	<size>
		<width>3008</width>
		<height>2000</height>
		<depth>3</depth>
	</size>
	<object>
		<name>ref_spoon</name>
		<bndbox>
			<xmin>2568</xmin>
			<ymin>585</ymin>
			<xmax>2828</xmax>
			<ymax>942</ymax>
		</bndbox>
	</object>
	<object>
		<name>ref_fork</name>
		<bndbox>
			<xmin>2297</xmin>
			<ymin>596</ymin>
			<xmax>2489</xmax>
			<ymax>993</ymax>
		</bndbox>
	</object>
	<object>
		<name>ref_coin</name>
		<bndbox>
			<xmin>87</xmin>
			<ymin>1577</ymin>
			<xmax>310</xmax>
			<ymax>1750</ymax>
		</bndbox>
	</object>
	<object>
		<name>dish</name>
		<bndbox>
			<xmin>664</xmin>
			<ymin>445</ymin>
			<xmax>1962</xmax>
			<ymax>1379</ymax>
		</bndbox>
	</object>
	<object>
		<name>햄버거스테이크</name>
		<bndbox>
			<xmin>912</xmin>
			<ymin>672</ymin>
			<xmax>1536</xmax>
			<ymax>978</ymax>
		</bndbox>
	</object>
</annotation>