<annotation>
	<folder>side어육류정형철판햄버거스테이크q1</folder>
	<filename>side_어육류정형_철판_햄버거스테이크_Q1_00038.JPG</filename>
	<path>/side어육류정형철판햄버거스테이크q1/side_어육류정형_철판_햄버거스테이크_Q1_00038.JPG</path>
	<source>
		<database>fooddata</database>
	</source>
	<size>
		<width>3008</width>
		<height>2000</height>
		<depth>3</depth>
	</size>
	<object>
		<name>ref_spoon</name>
		<bndbox>
			<xmin>505</xmin>
			<ymin>600</ymin>
			<xmax>732</xmax>
			<ymax>910</ymax>
		</bndbox>
	</object>
	<object>
		<name>ref_fork</name>
		<bndbox>
			<xmin>231</xmin>
			<ymin>657</ymin>
			<xmax>400</xmax>
			<ymax>1004</ymax>
		</bndbox>
	</object>
	<object>
		<name>ref_coin</name>
		<bndbox>
			<xmin>2575</xmin>
			<ymin>1357</ymin>
			<xmax>2774</xmax>
			<ymax>1519</ymax>
		</bndbox>
	</object>
	<object>
		<name>dish</name>
		<bndbox>
			<xmin>931</xmin>
			<ymin>603</ymin>
			<xmax>2067</xmax>
			<ymax>1429</ymax>
		</bndbox>
	</object>
	<object>
		<name>햄버거스테이크</name>
		<bndbox>
			<xmin>1165</xmin>
			<ymin>733</ymin>
			<xmax>1746</xmax>
			<ymax>1238</ymax>
		</bndbox>
	</object>
</annotation>