<annotation>
	<folder>side어육류정형철판햄버거스테이크q1</folder>
	<filename>side_어육류정형_철판_햄버거스테이크_Q1_00003.JPG</filename>
	<path>/side어육류정형철판햄버거스테이크q1/side_어육류정형_철판_햄버거스테이크_Q1_00003.JPG</path>
	<source>
		<database>fooddata</database>
	</source>
	<size>
		<width>3008</width>
		<height>2000</height>
		<depth>3</depth>
	</size>
	<object>
		<name>ref_spoon</name>
		<bndbox>
			<xmin>2449</xmin>
			<ymin>369</ymin>
			<xmax>2741</xmax>
			<ymax>773</ymax>
		</bndbox>
	</object>
	<object>
		<name>ref_fork</name>
		<bndbox>
			<xmin>2157</xmin>
			<ymin>387</ymin>
			<xmax>2359</xmax>
			<ymax>852</ymax>
		</bndbox>
	</object>
	<object>
		<name>ref_coin</name>
		<bndbox>
			<xmin>350</xmin>
			<ymin>1700</ymin>
			<xmax>595</xmax>
			<ymax>1898</ymax>
		</bndbox>
	</object>
	<object>
		<name>dish</name>
		<bndbox>
			<xmin>332</xmin>
			<ymin>261</ymin>
			<xmax>1767</xmax>
			<ymax>1325</ymax>
		</bndbox>
	</object>
	<object>
		<name>햄버거스테이크</name>
		<bndbox>
			<xmin>700</xmin>
			<ymin>441</ymin>
			<xmax>1414</xmax>
			<ymax>877</ymax>
		</bndbox>
	</object>
</annotation>