<annotation>
	<folder>side어육류정형철판햄버거스테이크q1</folder>
	<filename>side_어육류정형_철판_햄버거스테이크_Q1_00002.JPG</filename>
	<path>/side어육류정형철판햄버거스테이크q1/side_어육류정형_철판_햄버거스테이크_Q1_00002.JPG</path>
	<source>
		<database>fooddata</database>
	</source>
	<size>
		<width>3008</width>
		<height>2000</height>
		<depth>3</depth>
	</size>
	<object>
		<name>ref_spoon</name>
		<bndbox>
			<xmin>2460</xmin>
			<ymin>185</ymin>
			<xmax>2745</xmax>
			<ymax>603</ymax>
		</bndbox>
	</object>
	<object>
		<name>ref_fork</name>
		<bndbox>
			<xmin>2168</xmin>
			<ymin>217</ymin>
			<xmax>2373</xmax>
			<ymax>675</ymax>
		</bndbox>
	</object>
	<object>
		<name>ref_coin</name>
		<bndbox>
			<xmin>703</xmin>
			<ymin>1573</ymin>
			<xmax>941</xmax>
			<ymax>1765</ymax>
		</bndbox>
	</object>
	<object>
		<name>dish</name>
		<bndbox>
			<xmin>321</xmin>
			<ymin>127</ymin>
			<xmax>1760</xmax>
			<ymax>1166</ymax>
		</bndbox>
	</object>
	<object>
		<name>햄버거스테이크</name>
		<bndbox>
			<xmin>790</xmin>
			<ymin>365</ymin>
			<xmax>1464</xmax>
			<ymax>906</ymax>
		</bndbox>
	</object>
</annotation>