<annotation>
	<folder>side어육류정형철판햄버거스테이크q1</folder>
	<filename>side_어육류정형_철판_햄버거스테이크_Q1_00013.JPG</filename>
	<path>/side어육류정형철판햄버거스테이크q1/side_어육류정형_철판_햄버거스테이크_Q1_00013.JPG</path>
	<source>
		<database>fooddata</database>
	</source>
	<size>
		<width>3008</width>
		<height>2000</height>
		<depth>3</depth>
	</size>
	<object>
		<name>ref_spoon</name>
		<bndbox>
			<xmin>2416</xmin>
			<ymin>549</ymin>
			<xmax>2673</xmax>
			<ymax>910</ymax>
		</bndbox>
	</object>
	<object>
		<name>ref_fork</name>
		<bndbox>
			<xmin>2164</xmin>
			<ymin>574</ymin>
			<xmax>2341</xmax>
			<ymax>964</ymax>
		</bndbox>
	</object>
	<object>
		<name>ref_coin</name>
		<bndbox>
			<xmin>1118</xmin>
			<ymin>257</ymin>
			<xmax>1295</xmax>
			<ymax>380</ymax>
		</bndbox>
	</object>
	<object>
		<name>dish</name>
		<bndbox>
			<xmin>559</xmin>
			<ymin>499</ymin>
			<xmax>1814</xmax>
			<ymax>1361</ymax>
		</bndbox>
	</object>
	<object>
		<name>햄버거스테이크</name>
		<bndbox>
			<xmin>876</xmin>
			<ymin>776</ymin>
			<xmax>1511</xmax>
			<ymax>1123</ymax>
		</bndbox>
	</object>
</annotation>