<annotation>
	<folder>side어육류정형철판햄버거스테이크q1</folder>
	<filename>side_어육류정형_철판_햄버거스테이크_Q1_00041.JPG</filename>
	<path>/side어육류정형철판햄버거스테이크q1/side_어육류정형_철판_햄버거스테이크_Q1_00041.JPG</path>
	<source>
		<database>fooddata</database>
	</source>
	<size>
		<width>3008</width>
		<height>2000</height>
		<depth>3</depth>
	</size>
	<object>
		<name>ref_spoon</name>
		<bndbox>
			<xmin>613</xmin>
			<ymin>679</ymin>
			<xmax>848</xmax>
			<ymax>993</ymax>
		</bndbox>
	</object>
	<object>
		<name>ref_fork</name>
		<bndbox>
			<xmin>343</xmin>
			<ymin>733</ymin>
			<xmax>509</xmax>
			<ymax>1094</ymax>
		</bndbox>
	</object>
	<object>
		<name>ref_coin</name>
		<bndbox>
			<xmin>2582</xmin>
			<ymin>773</ymin>
			<xmax>2752</xmax>
			<ymax>921</ymax>
		</bndbox>
	</object>
	<object>
		<name>dish</name>
		<bndbox>
			<xmin>1046</xmin>
			<ymin>686</ymin>
			<xmax>2178</xmax>
			<ymax>1516</ymax>
		</bndbox>
	</object>
	<object>
		<name>햄버거스테이크</name>
		<bndbox>
			<xmin>1403</xmin>
			<ymin>881</ymin>
			<xmax>1894</xmax>
			<ymax>1260</ymax>
		</bndbox>
	</object>
</annotation>