<annotation>
	<folder>top어육류정형철판햄버거스테이크q1</folder>
	<filename>top_어육류정형_철판_햄버거스테이크_Q1_00055.JPG</filename>
	<path>/top어육류정형철판햄버거스테이크q1/top_어육류정형_철판_햄버거스테이크_Q1_00055.JPG</path>
	<source>
		<database>fooddata</database>
	</source>
	<size>
		<width>3008</width>
		<height>2000</height>
		<depth>3</depth>
	</size>
	<object>
		<name>ref_spoon</name>
		<bndbox>
			<xmin>204</xmin>
			<ymin>167</ymin>
			<xmax>450</xmax>
			<ymax>560</ymax>
		</bndbox>
	</object>
	<object>
		<name>ref_fork</name>
		<bndbox>
			<xmin>561</xmin>
			<ymin>248</ymin>
			<xmax>725</xmax>
			<ymax>678</ymax>
		</bndbox>
	</object>
	<object>
		<name>ref_coin</name>
		<bndbox>
			<xmin>1919</xmin>
			<ymin>1663</ymin>
			<xmax>2096</xmax>
			<ymax>1850</ymax>
		</bndbox>
	</object>
	<object>
		<name>dish</name>
		<bndbox>
			<xmin>1025</xmin>
			<ymin>371</ymin>
			<xmax>2150</xmax>
			<ymax>1469</ymax>
		</bndbox>
	</object>
	<object>
		<name>햄버거스테이크</name>
		<bndbox>
			<xmin>1121</xmin>
			<ymin>496</ymin>
			<xmax>1904</xmax>
			<ymax>1162</ymax>
		</bndbox>
	</object>
</annotation>