<annotation>
	<folder>top어육류정형철판햄버거스테이크q1</folder>
	<filename>top_어육류정형_철판_햄버거스테이크_Q1_00025.JPG</filename>
	<path>/top어육류정형철판햄버거스테이크q1/top_어육류정형_철판_햄버거스테이크_Q1_00025.JPG</path>
	<source>
		<database>fooddata</database>
	</source>
	<size>
		<width>3008</width>
		<height>2000</height>
		<depth>3</depth>
	</size>
	<object>
		<name>ref_spoon</name>
		<bndbox>
			<xmin>963</xmin>
			<ymin>1686</ymin>
			<xmax>1300</xmax>
			<ymax>1909</ymax>
		</bndbox>
	</object>
	<object>
		<name>ref_fork</name>
		<bndbox>
			<xmin>1030</xmin>
			<ymin>1523</ymin>
			<xmax>1396</xmax>
			<ymax>1663</ymax>
		</bndbox>
	</object>
	<object>
		<name>ref_coin</name>
		<bndbox>
			<xmin>2010</xmin>
			<ymin>354</ymin>
			<xmax>2135</xmax>
			<ymax>467</ymax>
		</bndbox>
	</object>
	<object>
		<name>dish</name>
		<bndbox>
			<xmin>1015</xmin>
			<ymin>501</ymin>
			<xmax>1887</xmax>
			<ymax>1332</ymax>
		</bndbox>
	</object>
	<object>
		<name>햄버거스테이크</name>
		<bndbox>
			<xmin>1158</xmin>
			<ymin>686</ymin>
			<xmax>1728</xmax>
			<ymax>1209</ymax>
		</bndbox>
	</object>
</annotation>