<annotation>
	<folder>rework190files</folder>
	<filename>top_어육류정형_철판_햄버거스테이크_Q1_00012.JPG</filename>
	<path>/top어육류정형철판햄버거스테이크q1/top_어육류정형_철판_햄버거스테이크_Q1_00012.JPG</path>
	<source>
		<database>fooddata</database>
	</source>
	<size>
		<width>3008</width>
		<height>2000</height>
		<depth>3</depth>
	</size>
	<object>
		<name>ref_spoon</name>
		<bndbox>
			<xmin>2073</xmin>
			<ymin>322</ymin>
			<xmax>2297</xmax>
			<ymax>698</ymax>
		</bndbox>
	</object>
	<object>
		<name>ref_fork</name>
		<bndbox>
			<xmin>2378</xmin>
			<ymin>367</ymin>
			<xmax>2541</xmax>
			<ymax>774</ymax>
		</bndbox>
	</object>
	<object>
		<name>ref_coin</name>
		<bndbox>
			<xmin>605</xmin>
			<ymin>124</ymin>
			<xmax>772</xmax>
			<ymax>281</ymax>
		</bndbox>
	</object>
	<object>
		<name>dish</name>
		<bndbox>
			<xmin>686</xmin>
			<ymin>367</ymin>
			<xmax>1839</xmax>
			<ymax>1475</ymax>
		</bndbox>
	</object>
	<object>
		<name>햄버거스테이크</name>
		<bndbox>
			<xmin>1108</xmin>
			<ymin>632</ymin>
			<xmax>1413</xmax>
			<ymax>1185</ymax>
		</bndbox>
	</object>
</annotation>