<annotation>
	<folder>top어육류정형철판햄버거스테이크q1</folder>
	<filename>top_어육류정형_철판_햄버거스테이크_Q1_00033.JPG</filename>
	<path>/top어육류정형철판햄버거스테이크q1/top_어육류정형_철판_햄버거스테이크_Q1_00033.JPG</path>
	<source>
		<database>fooddata</database>
	</source>
	<size>
		<width>3008</width>
		<height>2000</height>
		<depth>3</depth>
	</size>
	<object>
		<name>ref_spoon</name>
		<bndbox>
			<xmin>936</xmin>
			<ymin>1595</ymin>
			<xmax>1315</xmax>
			<ymax>1840</ymax>
		</bndbox>
	</object>
	<object>
		<name>ref_fork</name>
		<bndbox>
			<xmin>1010</xmin>
			<ymin>1408</ymin>
			<xmax>1398</xmax>
			<ymax>1563</ymax>
		</bndbox>
	</object>
	<object>
		<name>ref_coin</name>
		<bndbox>
			<xmin>578</xmin>
			<ymin>1260</ymin>
			<xmax>742</xmax>
			<ymax>1423</ymax>
		</bndbox>
	</object>
	<object>
		<name>dish</name>
		<bndbox>
			<xmin>966</xmin>
			<ymin>224</ymin>
			<xmax>1954</xmax>
			<ymax>1165</ymax>
		</bndbox>
	</object>
	<object>
		<name>햄버거스테이크</name>
		<bndbox>
			<xmin>1278</xmin>
			<ymin>408</ymin>
			<xmax>1836</xmax>
			<ymax>980</ymax>
		</bndbox>
	</object>
</annotation>