<annotation>
	<folder>top어육류정형철판햄버거스테이크q1</folder>
	<filename>top_어육류정형_철판_햄버거스테이크_Q1_00005.JPG</filename>
	<path>/top어육류정형철판햄버거스테이크q1/top_어육류정형_철판_햄버거스테이크_Q1_00005.JPG</path>
	<source>
		<database>fooddata</database>
	</source>
	<size>
		<width>3008</width>
		<height>2000</height>
		<depth>3</depth>
	</size>
	<object>
		<name>ref_spoon</name>
		<bndbox>
			<xmin>2204</xmin>
			<ymin>354</ymin>
			<xmax>2391</xmax>
			<ymax>666</ymax>
		</bndbox>
	</object>
	<object>
		<name>ref_fork</name>
		<bndbox>
			<xmin>2433</xmin>
			<ymin>398</ymin>
			<xmax>2585</xmax>
			<ymax>737</ymax>
		</bndbox>
	</object>
	<object>
		<name>ref_coin</name>
		<bndbox>
			<xmin>565</xmin>
			<ymin>1536</ymin>
			<xmax>730</xmax>
			<ymax>1703</ymax>
		</bndbox>
	</object>
	<object>
		<name>dish</name>
		<bndbox>
			<xmin>703</xmin>
			<ymin>371</ymin>
			<xmax>1686</xmax>
			<ymax>1312</ymax>
		</bndbox>
	</object>
	<object>
		<name>햄버거스테이크</name>
		<bndbox>
			<xmin>789</xmin>
			<ymin>618</ymin>
			<xmax>1418</xmax>
			<ymax>1017</ymax>
		</bndbox>
	</object>
</annotation>