<annotation>
	<folder>top어육류정형철판햄버거스테이크q1</folder>
	<filename>top_어육류정형_철판_햄버거스테이크_Q1_00011.JPG</filename>
	<path>/top어육류정형철판햄버거스테이크q1/top_어육류정형_철판_햄버거스테이크_Q1_00011.JPG</path>
	<source>
		<database>fooddata</database>
	</source>
	<size>
		<width>3008</width>
		<height>2000</height>
		<depth>3</depth>
	</size>
	<object>
		<name>ref_spoon</name>
		<bndbox>
			<xmin>2099</xmin>
			<ymin>177</ymin>
			<xmax>2325</xmax>
			<ymax>543</ymax>
		</bndbox>
	</object>
	<object>
		<name>ref_fork</name>
		<bndbox>
			<xmin>2403</xmin>
			<ymin>221</ymin>
			<xmax>2563</xmax>
			<ymax>649</ymax>
		</bndbox>
	</object>
	<object>
		<name>ref_coin</name>
		<bndbox>
			<xmin>347</xmin>
			<ymin>140</ymin>
			<xmax>516</xmax>
			<ymax>300</ymax>
		</bndbox>
	</object>
	<object>
		<name>dish</name>
		<bndbox>
			<xmin>664</xmin>
			<ymin>224</ymin>
			<xmax>1811</xmax>
			<ymax>1317</ymax>
		</bndbox>
	</object>
	<object>
		<name>햄버거스테이크</name>
		<bndbox>
			<xmin>1064</xmin>
			<ymin>339</ymin>
			<xmax>1546</xmax>
			<ymax>1039</ymax>
		</bndbox>
	</object>
</annotation>