<annotation>
	<folder>side부침개류접시두부구이q3</folder>
	<filename>side_부침개류_접시_두부구이_Q3_00052.JPG</filename>
	<path>/side부침개류접시두부구이q3/side_부침개류_접시_두부구이_Q3_00052.JPG</path>
	<source>
		<database>fooddata</database>
	</source>
	<size>
		<width>720</width>
		<height>480</height>
		<depth>3</depth>
	</size>
	<object>
		<name>ref_spoon</name>
		<bndbox>
			<xmin>103</xmin>
			<ymin>59</ymin>
			<xmax>175</xmax>
			<ymax>152</ymax>
		</bndbox>
	</object>
	<object>
		<name>ref_fork</name>
		<bndbox>
			<xmin>206</xmin>
			<ymin>59</ymin>
			<xmax>258</xmax>
			<ymax>165</ymax>
		</bndbox>
	</object>
	<object>
		<name>ref_coin</name>
		<bndbox>
			<xmin>464</xmin>
			<ymin>389</ymin>
			<xmax>524</xmax>
			<ymax>439</ymax>
		</bndbox>
	</object>
	<object>
		<name>dish</name>
		<bndbox>
			<xmin>278</xmin>
			<ymin>80</ymin>
			<xmax>626</xmax>
			<ymax>330</ymax>
		</bndbox>
	</object>
	<object>
		<name>두부구이</name>
		<bndbox>
			<xmin>343</xmin>
			<ymin>170</ymin>
			<xmax>582</xmax>
			<ymax>297</ymax>
		</bndbox>
	</object>
</annotation>