<annotation>
	<folder>side부침개류접시두부구이q3</folder>
	<filename>side_부침개류_접시_두부구이_Q3_00017.JPG</filename>
	<path>/side부침개류접시두부구이q3/side_부침개류_접시_두부구이_Q3_00017.JPG</path>
	<source>
		<database>fooddata</database>
	</source>
	<size>
		<width>720</width>
		<height>480</height>
		<depth>3</depth>
	</size>
	<object>
		<name>ref_spoon</name>
		<bndbox>
			<xmin>222</xmin>
			<ymin>342</ymin>
			<xmax>342</xmax>
			<ymax>414</ymax>
		</bndbox>
	</object>
	<object>
		<name>ref_fork</name>
		<bndbox>
			<xmin>226</xmin>
			<ymin>281</ymin>
			<xmax>357</xmax>
			<ymax>340</ymax>
		</bndbox>
	</object>
	<object>
		<name>ref_coin</name>
		<bndbox>
			<xmin>193</xmin>
			<ymin>222</ymin>
			<xmax>246</xmax>
			<ymax>265</ymax>
		</bndbox>
	</object>
	<object>
		<name>dish</name>
		<bndbox>
			<xmin>284</xmin>
			<ymin>43</ymin>
			<xmax>606</xmax>
			<ymax>280</ymax>
		</bndbox>
	</object>
	<object>
		<name>두부구이</name>
		<bndbox>
			<xmin>379</xmin>
			<ymin>81</ymin>
			<xmax>569</xmax>
			<ymax>249</ymax>
		</bndbox>
	</object>
</annotation>