<annotation>
	<folder>side부침개류접시두부구이q3</folder>
	<filename>side_부침개류_접시_두부구이_Q3_00018.JPG</filename>
	<path>/side부침개류접시두부구이q3/side_부침개류_접시_두부구이_Q3_00018.JPG</path>
	<source>
		<database>fooddata</database>
	</source>
	<size>
		<width>720</width>
		<height>480</height>
		<depth>3</depth>
	</size>
	<object>
		<name>ref_spoon</name>
		<bndbox>
			<xmin>199</xmin>
			<ymin>333</ymin>
			<xmax>320</xmax>
			<ymax>403</ymax>
		</bndbox>
	</object>
	<object>
		<name>ref_fork</name>
		<bndbox>
			<xmin>204</xmin>
			<ymin>268</ymin>
			<xmax>328</xmax>
			<ymax>333</ymax>
		</bndbox>
	</object>
	<object>
		<name>ref_coin</name>
		<bndbox>
			<xmin>154</xmin>
			<ymin>163</ymin>
			<xmax>207</xmax>
			<ymax>204</ymax>
		</bndbox>
	</object>
	<object>
		<name>dish</name>
		<bndbox>
			<xmin>259</xmin>
			<ymin>12</ymin>
			<xmax>599</xmax>
			<ymax>262</ymax>
		</bndbox>
	</object>
	<object>
		<name>두부구이</name>
		<bndbox>
			<xmin>360</xmin>
			<ymin>63</ymin>
			<xmax>563</xmax>
			<ymax>232</ymax>
		</bndbox>
	</object>
</annotation>