<annotation>
	<folder>side부침개류접시두부구이q3</folder>
	<filename>side_부침개류_접시_두부구이_Q3_00038.JPG</filename>
	<path>/side부침개류접시두부구이q3/side_부침개류_접시_두부구이_Q3_00038.JPG</path>
	<source>
		<database>fooddata</database>
	</source>
	<size>
		<width>720</width>
		<height>480</height>
		<depth>3</depth>
	</size>
	<object>
		<name>ref_spoon</name>
		<bndbox>
			<xmin>102</xmin>
			<ymin>60</ymin>
			<xmax>173</xmax>
			<ymax>152</ymax>
		</bndbox>
	</object>
	<object>
		<name>ref_fork</name>
		<bndbox>
			<xmin>206</xmin>
			<ymin>58</ymin>
			<xmax>254</xmax>
			<ymax>160</ymax>
		</bndbox>
	</object>
	<object>
		<name>ref_coin</name>
		<bndbox>
			<xmin>592</xmin>
			<ymin>377</ymin>
			<xmax>654</xmax>
			<ymax>429</ymax>
		</bndbox>
	</object>
	<object>
		<name>dish</name>
		<bndbox>
			<xmin>276</xmin>
			<ymin>75</ymin>
			<xmax>621</xmax>
			<ymax>327</ymax>
		</bndbox>
	</object>
	<object>
		<name>두부구이</name>
		<bndbox>
			<xmin>366</xmin>
			<ymin>97</ymin>
			<xmax>587</xmax>
			<ymax>268</ymax>
		</bndbox>
	</object>
</annotation>