<annotation>
	<folder>side부침개류접시두부구이q3</folder>
	<filename>side_부침개류_접시_두부구이_Q3_00016.JPG</filename>
	<path>/side부침개류접시두부구이q3/side_부침개류_접시_두부구이_Q3_00016.JPG</path>
	<source>
		<database>fooddata</database>
	</source>
	<size>
		<width>720</width>
		<height>480</height>
		<depth>3</depth>
	</size>
	<object>
		<name>ref_spoon</name>
		<bndbox>
			<xmin>515</xmin>
			<ymin>67</ymin>
			<xmax>586</xmax>
			<ymax>155</ymax>
		</bndbox>
	</object>
	<object>
		<name>ref_fork</name>
		<bndbox>
			<xmin>609</xmin>
			<ymin>77</ymin>
			<xmax>661</xmax>
			<ymax>182</ymax>
		</bndbox>
	</object>
	<object>
		<name>ref_coin</name>
		<bndbox>
			<xmin>367</xmin>
			<ymin>386</ymin>
			<xmax>424</xmax>
			<ymax>436</ymax>
		</bndbox>
	</object>
	<object>
		<name>dish</name>
		<bndbox>
			<xmin>152</xmin>
			<ymin>78</ymin>
			<xmax>514</xmax>
			<ymax>347</ymax>
		</bndbox>
	</object>
	<object>
		<name>두부구이</name>
		<bndbox>
			<xmin>241</xmin>
			<ymin>117</ymin>
			<xmax>458</xmax>
			<ymax>261</ymax>
		</bndbox>
	</object>
</annotation>