<annotation>
	<folder>top부침개류접시두부구이q3</folder>
	<filename>top_부침개류_접시_두부구이_Q3_00020.JPG</filename>
	<path>/top부침개류접시두부구이q3/top_부침개류_접시_두부구이_Q3_00020.JPG</path>
	<source>
		<database>fooddata</database>
	</source>
	<size>
		<width>720</width>
		<height>480</height>
		<depth>3</depth>
	</size>
	<object>
		<name>ref_spoon</name>
		<bndbox>
			<xmin>515</xmin>
			<ymin>45</ymin>
			<xmax>575</xmax>
			<ymax>169</ymax>
		</bndbox>
	</object>
	<object>
		<name>ref_fork</name>
		<bndbox>
			<xmin>603</xmin>
			<ymin>70</ymin>
			<xmax>654</xmax>
			<ymax>196</ymax>
		</bndbox>
	</object>
	<object>
		<name>ref_coin</name>
		<bndbox>
			<xmin>121</xmin>
			<ymin>110</ymin>
			<xmax>167</xmax>
			<ymax>155</ymax>
		</bndbox>
	</object>
	<object>
		<name>dish</name>
		<bndbox>
			<xmin>171</xmin>
			<ymin>65</ymin>
			<xmax>506</xmax>
			<ymax>394</ymax>
		</bndbox>
	</object>
	<object>
		<name>두부구이</name>
		<bndbox>
			<xmin>235</xmin>
			<ymin>103</ymin>
			<xmax>447</xmax>
			<ymax>304</ymax>
		</bndbox>
	</object>
</annotation>