<annotation>
	<folder>top부침개류접시두부구이q3</folder>
	<filename>top_부침개류_접시_두부구이_Q3_00018.JPG</filename>
	<path>/top부침개류접시두부구이q3/top_부침개류_접시_두부구이_Q3_00018.JPG</path>
	<source>
		<database>fooddata</database>
	</source>
	<size>
		<width>720</width>
		<height>480</height>
		<depth>3</depth>
	</size>
	<object>
		<name>ref_spoon</name>
		<bndbox>
			<xmin>537</xmin>
			<ymin>49</ymin>
			<xmax>598</xmax>
			<ymax>171</ymax>
		</bndbox>
	</object>
	<object>
		<name>ref_fork</name>
		<bndbox>
			<xmin>622</xmin>
			<ymin>76</ymin>
			<xmax>674</xmax>
			<ymax>200</ymax>
		</bndbox>
	</object>
	<object>
		<name>ref_coin</name>
		<bndbox>
			<xmin>147</xmin>
			<ymin>269</ymin>
			<xmax>196</xmax>
			<ymax>320</ymax>
		</bndbox>
	</object>
	<object>
		<name>dish</name>
		<bndbox>
			<xmin>224</xmin>
			<ymin>60</ymin>
			<xmax>525</xmax>
			<ymax>360</ymax>
		</bndbox>
	</object>
	<object>
		<name>두부구이</name>
		<bndbox>
			<xmin>270</xmin>
			<ymin>111</ymin>
			<xmax>449</xmax>
			<ymax>290</ymax>
		</bndbox>
	</object>
</annotation>