<annotation>
	<folder>top부침개류접시두부구이q3</folder>
	<filename>top_부침개류_접시_두부구이_Q3_00011.JPG</filename>
	<path>/top부침개류접시두부구이q3/top_부침개류_접시_두부구이_Q3_00011.JPG</path>
	<source>
		<database>fooddata</database>
	</source>
	<size>
		<width>720</width>
		<height>480</height>
		<depth>3</depth>
	</size>
	<object>
		<name>ref_spoon</name>
		<bndbox>
			<xmin>533</xmin>
			<ymin>70</ymin>
			<xmax>592</xmax>
			<ymax>187</ymax>
		</bndbox>
	</object>
	<object>
		<name>ref_fork</name>
		<bndbox>
			<xmin>622</xmin>
			<ymin>95</ymin>
			<xmax>670</xmax>
			<ymax>209</ymax>
		</bndbox>
	</object>
	<object>
		<name>ref_coin</name>
		<bndbox>
			<xmin>325</xmin>
			<ymin>31</ymin>
			<xmax>368</xmax>
			<ymax>76</ymax>
		</bndbox>
	</object>
	<object>
		<name>dish</name>
		<bndbox>
			<xmin>219</xmin>
			<ymin>113</ymin>
			<xmax>516</xmax>
			<ymax>407</ymax>
		</bndbox>
	</object>
	<object>
		<name>두부구이</name>
		<bndbox>
			<xmin>296</xmin>
			<ymin>171</ymin>
			<xmax>474</xmax>
			<ymax>360</ymax>
		</bndbox>
	</object>
</annotation>