<annotation>
	<folder>top부침개류접시두부구이q3</folder>
	<filename>top_부침개류_접시_두부구이_Q3_00010.JPG</filename>
	<path>/top부침개류접시두부구이q3/top_부침개류_접시_두부구이_Q3_00010.JPG</path>
	<source>
		<database>fooddata</database>
	</source>
	<size>
		<width>720</width>
		<height>480</height>
		<depth>3</depth>
	</size>
	<object>
		<name>ref_spoon</name>
		<bndbox>
			<xmin>523</xmin>
			<ymin>65</ymin>
			<xmax>580</xmax>
			<ymax>186</ymax>
		</bndbox>
	</object>
	<object>
		<name>ref_fork</name>
		<bndbox>
			<xmin>610</xmin>
			<ymin>86</ymin>
			<xmax>657</xmax>
			<ymax>221</ymax>
		</bndbox>
	</object>
	<object>
		<name>ref_coin</name>
		<bndbox>
			<xmin>223</xmin>
			<ymin>41</ymin>
			<xmax>270</xmax>
			<ymax>85</ymax>
		</bndbox>
	</object>
	<object>
		<name>dish</name>
		<bndbox>
			<xmin>177</xmin>
			<ymin>105</ymin>
			<xmax>496</xmax>
			<ymax>421</ymax>
		</bndbox>
	</object>
	<object>
		<name>두부구이</name>
		<bndbox>
			<xmin>257</xmin>
			<ymin>171</ymin>
			<xmax>452</xmax>
			<ymax>369</ymax>
		</bndbox>
	</object>
</annotation>