<annotation>
	<folder>top부침개류접시두부구이q3</folder>
	<filename>top_부침개류_접시_두부구이_Q3_00049.JPG</filename>
	<path>/top부침개류접시두부구이q3/top_부침개류_접시_두부구이_Q3_00049.JPG</path>
	<source>
		<database>fooddata</database>
	</source>
	<size>
		<width>720</width>
		<height>480</height>
		<depth>3</depth>
	</size>
	<object>
		<name>ref_spoon</name>
		<bndbox>
			<xmin>189</xmin>
			<ymin>59</ymin>
			<xmax>252</xmax>
			<ymax>179</ymax>
		</bndbox>
	</object>
	<object>
		<name>ref_fork</name>
		<bndbox>
			<xmin>269</xmin>
			<ymin>99</ymin>
			<xmax>314</xmax>
			<ymax>231</ymax>
		</bndbox>
	</object>
	<object>
		<name>ref_coin</name>
		<bndbox>
			<xmin>112</xmin>
			<ymin>176</ymin>
			<xmax>158</xmax>
			<ymax>222</ymax>
		</bndbox>
	</object>
	<object>
		<name>dish</name>
		<bndbox>
			<xmin>340</xmin>
			<ymin>111</ymin>
			<xmax>648</xmax>
			<ymax>417</ymax>
		</bndbox>
	</object>
	<object>
		<name>두부구이</name>
		<bndbox>
			<xmin>374</xmin>
			<ymin>152</ymin>
			<xmax>590</xmax>
			<ymax>369</ymax>
		</bndbox>
	</object>
</annotation>