<annotation>
	<folder>top부침개류접시두부구이q3</folder>
	<filename>top_부침개류_접시_두부구이_Q3_00052.JPG</filename>
	<path>/top부침개류접시두부구이q3/top_부침개류_접시_두부구이_Q3_00052.JPG</path>
	<source>
		<database>fooddata</database>
	</source>
	<size>
		<width>720</width>
		<height>480</height>
		<depth>3</depth>
	</size>
	<object>
		<name>ref_spoon</name>
		<bndbox>
			<xmin>211</xmin>
			<ymin>55</ymin>
			<xmax>272</xmax>
			<ymax>187</ymax>
		</bndbox>
	</object>
	<object>
		<name>ref_fork</name>
		<bndbox>
			<xmin>289</xmin>
			<ymin>96</ymin>
			<xmax>331</xmax>
			<ymax>218</ymax>
		</bndbox>
	</object>
	<object>
		<name>ref_coin</name>
		<bndbox>
			<xmin>113</xmin>
			<ymin>334</ymin>
			<xmax>164</xmax>
			<ymax>385</ymax>
		</bndbox>
	</object>
	<object>
		<name>dish</name>
		<bndbox>
			<xmin>356</xmin>
			<ymin>107</ymin>
			<xmax>666</xmax>
			<ymax>414</ymax>
		</bndbox>
	</object>
	<object>
		<name>두부구이</name>
		<bndbox>
			<xmin>397</xmin>
			<ymin>156</ymin>
			<xmax>601</xmax>
			<ymax>357</ymax>
		</bndbox>
	</object>
</annotation>