<annotation>
	<folder>top부침개류접시두부구이q3</folder>
	<filename>top_부침개류_접시_두부구이_Q3_00016.JPG</filename>
	<path>/top부침개류접시두부구이q3/top_부침개류_접시_두부구이_Q3_00016.JPG</path>
	<source>
		<database>fooddata</database>
	</source>
	<size>
		<width>720</width>
		<height>480</height>
		<depth>3</depth>
	</size>
	<object>
		<name>ref_spoon</name>
		<bndbox>
			<xmin>533</xmin>
			<ymin>50</ymin>
			<xmax>595</xmax>
			<ymax>163</ymax>
		</bndbox>
	</object>
	<object>
		<name>ref_fork</name>
		<bndbox>
			<xmin>625</xmin>
			<ymin>75</ymin>
			<xmax>672</xmax>
			<ymax>200</ymax>
		</bndbox>
	</object>
	<object>
		<name>ref_coin</name>
		<bndbox>
			<xmin>302</xmin>
			<ymin>386</ymin>
			<xmax>353</xmax>
			<ymax>434</ymax>
		</bndbox>
	</object>
	<object>
		<name>dish</name>
		<bndbox>
			<xmin>198</xmin>
			<ymin>48</ymin>
			<xmax>521</xmax>
			<ymax>364</ymax>
		</bndbox>
	</object>
	<object>
		<name>두부구이</name>
		<bndbox>
			<xmin>232</xmin>
			<ymin>112</ymin>
			<xmax>451</xmax>
			<ymax>323</ymax>
		</bndbox>
	</object>
</annotation>