<annotation>
	<folder>top부침개류접시두부구이q3</folder>
	<filename>top_부침개류_접시_두부구이_Q3_00023.JPG</filename>
	<path>/top부침개류접시두부구이q3/top_부침개류_접시_두부구이_Q3_00023.JPG</path>
	<source>
		<database>fooddata</database>
	</source>
	<size>
		<width>720</width>
		<height>480</height>
		<depth>3</depth>
	</size>
	<object>
		<name>ref_spoon</name>
		<bndbox>
			<xmin>203</xmin>
			<ymin>386</ymin>
			<xmax>315</xmax>
			<ymax>447</ymax>
		</bndbox>
	</object>
	<object>
		<name>ref_fork</name>
		<bndbox>
			<xmin>241</xmin>
			<ymin>336</ymin>
			<xmax>358</xmax>
			<ymax>377</ymax>
		</bndbox>
	</object>
	<object>
		<name>ref_coin</name>
		<bndbox>
			<xmin>584</xmin>
			<ymin>176</ymin>
			<xmax>625</xmax>
			<ymax>217</ymax>
		</bndbox>
	</object>
	<object>
		<name>dish</name>
		<bndbox>
			<xmin>254</xmin>
			<ymin>34</ymin>
			<xmax>552</xmax>
			<ymax>322</ymax>
		</bndbox>
	</object>
	<object>
		<name>두부구이</name>
		<bndbox>
			<xmin>322</xmin>
			<ymin>90</ymin>
			<xmax>485</xmax>
			<ymax>251</ymax>
		</bndbox>
	</object>
</annotation>