<annotation>
	<folder>top부침개류접시두부구이q3</folder>
	<filename>top_부침개류_접시_두부구이_Q3_00013.JPG</filename>
	<path>/top부침개류접시두부구이q3/top_부침개류_접시_두부구이_Q3_00013.JPG</path>
	<source>
		<database>fooddata</database>
	</source>
	<size>
		<width>720</width>
		<height>480</height>
		<depth>3</depth>
	</size>
	<object>
		<name>ref_spoon</name>
		<bndbox>
			<xmin>532</xmin>
			<ymin>53</ymin>
			<xmax>592</xmax>
			<ymax>169</ymax>
		</bndbox>
	</object>
	<object>
		<name>ref_fork</name>
		<bndbox>
			<xmin>622</xmin>
			<ymin>75</ymin>
			<xmax>669</xmax>
			<ymax>202</ymax>
		</bndbox>
	</object>
	<object>
		<name>ref_coin</name>
		<bndbox>
			<xmin>460</xmin>
			<ymin>51</ymin>
			<xmax>505</xmax>
			<ymax>97</ymax>
		</bndbox>
	</object>
	<object>
		<name>dish</name>
		<bndbox>
			<xmin>188</xmin>
			<ymin>72</ymin>
			<xmax>521</xmax>
			<ymax>402</ymax>
		</bndbox>
	</object>
	<object>
		<name>두부구이</name>
		<bndbox>
			<xmin>247</xmin>
			<ymin>152</ymin>
			<xmax>466</xmax>
			<ymax>355</ymax>
		</bndbox>
	</object>
</annotation>