<annotation>
	<folder>top부침개류접시두부구이q3</folder>
	<filename>top_부침개류_접시_두부구이_Q3_00029.JPG</filename>
	<path>/top부침개류접시두부구이q3/top_부침개류_접시_두부구이_Q3_00029.JPG</path>
	<source>
		<database>fooddata</database>
	</source>
	<size>
		<width>720</width>
		<height>480</height>
		<depth>3</depth>
	</size>
	<object>
		<name>ref_spoon</name>
		<bndbox>
			<xmin>213</xmin>
			<ymin>366</ymin>
			<xmax>323</xmax>
			<ymax>424</ymax>
		</bndbox>
	</object>
	<object>
		<name>ref_fork</name>
		<bndbox>
			<xmin>249</xmin>
			<ymin>320</ymin>
			<xmax>354</xmax>
			<ymax>364</ymax>
		</bndbox>
	</object>
	<object>
		<name>ref_coin</name>
		<bndbox>
			<xmin>251</xmin>
			<ymin>69</ymin>
			<xmax>293</xmax>
			<ymax>105</ymax>
		</bndbox>
	</object>
	<object>
		<name>dish</name>
		<bndbox>
			<xmin>279</xmin>
			<ymin>51</ymin>
			<xmax>559</xmax>
			<ymax>326</ymax>
		</bndbox>
	</object>
	<object>
		<name>두부구이</name>
		<bndbox>
			<xmin>348</xmin>
			<ymin>110</ymin>
			<xmax>500</xmax>
			<ymax>264</ymax>
		</bndbox>
	</object>
</annotation>