<annotation>
	<folder>top부침개류접시두부구이q3</folder>
	<filename>top_부침개류_접시_두부구이_Q3_00015.JPG</filename>
	<path>/top부침개류접시두부구이q3/top_부침개류_접시_두부구이_Q3_00015.JPG</path>
	<source>
		<database>fooddata</database>
	</source>
	<size>
		<width>720</width>
		<height>480</height>
		<depth>3</depth>
	</size>
	<object>
		<name>ref_spoon</name>
		<bndbox>
			<xmin>529</xmin>
			<ymin>51</ymin>
			<xmax>592</xmax>
			<ymax>174</ymax>
		</bndbox>
	</object>
	<object>
		<name>ref_fork</name>
		<bndbox>
			<xmin>622</xmin>
			<ymin>77</ymin>
			<xmax>668</xmax>
			<ymax>188</ymax>
		</bndbox>
	</object>
	<object>
		<name>ref_coin</name>
		<bndbox>
			<xmin>364</xmin>
			<ymin>405</ymin>
			<xmax>412</xmax>
			<ymax>454</ymax>
		</bndbox>
	</object>
	<object>
		<name>dish</name>
		<bndbox>
			<xmin>207</xmin>
			<ymin>67</ymin>
			<xmax>507</xmax>
			<ymax>361</ymax>
		</bndbox>
	</object>
	<object>
		<name>두부구이</name>
		<bndbox>
			<xmin>244</xmin>
			<ymin>138</ymin>
			<xmax>446</xmax>
			<ymax>322</ymax>
		</bndbox>
	</object>
</annotation>