<annotation>
	<folder>side육류부피배달종이박스닭튀김q1</folder>
	<filename>side_육류부피_배달종이박스_닭튀김_Q1_00041.JPG</filename>
	<path>/side육류부피배달종이박스닭튀김q1/side_육류부피_배달종이박스_닭튀김_Q1_00041.JPG</path>
	<source>
		<database>fooddata</database>
	</source>
	<size>
		<width>3008</width>
		<height>2000</height>
		<depth>3</depth>
	</size>
	<object>
		<name>ref_spoon</name>
		<bndbox>
			<xmin>262</xmin>
			<ymin>699</ymin>
			<xmax>540</xmax>
			<ymax>1018</ymax>
		</bndbox>
	</object>
	<object>
		<name>ref_fork</name>
		<bndbox>
			<xmin>675</xmin>
			<ymin>699</ymin>
			<xmax>859</xmax>
			<ymax>1059</ymax>
		</bndbox>
	</object>
	<object>
		<name>ref_coin</name>
		<bndbox>
			<xmin>2578</xmin>
			<ymin>761</ymin>
			<xmax>2779</xmax>
			<ymax>896</ymax>
		</bndbox>
	</object>
	<object>
		<name>dish</name>
		<bndbox>
			<xmin>1256</xmin>
			<ymin>388</ymin>
			<xmax>2439</xmax>
			<ymax>1661</ymax>
		</bndbox>
	</object>
	<object>
		<name>닭튀김</name>
		<bndbox>
			<xmin>1465</xmin>
			<ymin>797</ymin>
			<xmax>2280</xmax>
			<ymax>1186</ymax>
		</bndbox>
	</object>
</annotation>