<annotation>
	<folder>side육류부피배달종이박스닭튀김q1</folder>
	<filename>side_육류부피_배달종이박스_닭튀김_Q1_00011.JPG</filename>
	<path>/side육류부피배달종이박스닭튀김q1/side_육류부피_배달종이박스_닭튀김_Q1_00011.JPG</path>
	<source>
		<database>fooddata</database>
	</source>
	<size>
		<width>3008</width>
		<height>2000</height>
		<depth>3</depth>
	</size>
	<object>
		<name>ref_spoon</name>
		<bndbox>
			<xmin>2214</xmin>
			<ymin>593</ymin>
			<xmax>2451</xmax>
			<ymax>900</ymax>
		</bndbox>
	</object>
	<object>
		<name>ref_fork</name>
		<bndbox>
			<xmin>2513</xmin>
			<ymin>601</ymin>
			<xmax>2681</xmax>
			<ymax>937</ymax>
		</bndbox>
	</object>
	<object>
		<name>ref_coin</name>
		<bndbox>
			<xmin>737</xmin>
			<ymin>1477</ymin>
			<xmax>933</xmax>
			<ymax>1628</ymax>
		</bndbox>
	</object>
	<object>
		<name>dish</name>
		<bndbox>
			<xmin>753</xmin>
			<ymin>331</ymin>
			<xmax>2169</xmax>
			<ymax>1546</ymax>
		</bndbox>
	</object>
	<object>
		<name>닭튀김</name>
		<bndbox>
			<xmin>1125</xmin>
			<ymin>859</ymin>
			<xmax>1707</xmax>
			<ymax>1141</ymax>
		</bndbox>
	</object>
</annotation>