<annotation>
	<folder>side육류부피배달종이박스닭튀김q1</folder>
	<filename>side_육류부피_배달종이박스_닭튀김_Q1_00033.JPG</filename>
	<path>/side육류부피배달종이박스닭튀김q1/side_육류부피_배달종이박스_닭튀김_Q1_00033.JPG</path>
	<source>
		<database>fooddata</database>
	</source>
	<size>
		<width>3008</width>
		<height>2000</height>
		<depth>3</depth>
	</size>
	<object>
		<name>ref_spoon</name>
		<bndbox>
			<xmin>516</xmin>
			<ymin>1595</ymin>
			<xmax>954</xmax>
			<ymax>1816</ymax>
		</bndbox>
	</object>
	<object>
		<name>ref_fork</name>
		<bndbox>
			<xmin>606</xmin>
			<ymin>1350</ymin>
			<xmax>1072</xmax>
			<ymax>1546</ymax>
		</bndbox>
	</object>
	<object>
		<name>ref_coin</name>
		<bndbox>
			<xmin>2136</xmin>
			<ymin>871</ymin>
			<xmax>2345</xmax>
			<ymax>1010</ymax>
		</bndbox>
	</object>
	<object>
		<name>dish</name>
		<bndbox>
			<xmin>454</xmin>
			<ymin>85</ymin>
			<xmax>1891</xmax>
			<ymax>1211</ymax>
		</bndbox>
	</object>
	<object>
		<name>닭튀김</name>
		<bndbox>
			<xmin>855</xmin>
			<ymin>515</ymin>
			<xmax>1559</xmax>
			<ymax>793</ymax>
		</bndbox>
	</object>
</annotation>