<annotation>
	<folder>side육류부피배달종이박스닭튀김q1</folder>
	<filename>side_육류부피_배달종이박스_닭튀김_Q1_00025.JPG</filename>
	<path>/side육류부피배달종이박스닭튀김q1/side_육류부피_배달종이박스_닭튀김_Q1_00025.JPG</path>
	<source>
		<database>fooddata</database>
	</source>
	<size>
		<width>3008</width>
		<height>2000</height>
		<depth>3</depth>
	</size>
	<object>
		<name>ref_spoon</name>
		<bndbox>
			<xmin>544</xmin>
			<ymin>1632</ymin>
			<xmax>949</xmax>
			<ymax>1857</ymax>
		</bndbox>
	</object>
	<object>
		<name>ref_fork</name>
		<bndbox>
			<xmin>643</xmin>
			<ymin>1395</ymin>
			<xmax>1072</xmax>
			<ymax>1608</ymax>
		</bndbox>
	</object>
	<object>
		<name>ref_coin</name>
		<bndbox>
			<xmin>1551</xmin>
			<ymin>298</ymin>
			<xmax>1719</xmax>
			<ymax>400</ymax>
		</bndbox>
	</object>
	<object>
		<name>dish</name>
		<bndbox>
			<xmin>1154</xmin>
			<ymin>368</ymin>
			<xmax>2402</xmax>
			<ymax>1309</ymax>
		</bndbox>
	</object>
	<object>
		<name>닭튀김</name>
		<bndbox>
			<xmin>1408</xmin>
			<ymin>826</ymin>
			<xmax>2153</xmax>
			<ymax>924</ymax>
		</bndbox>
	</object>
</annotation>