<annotation>
	<folder>side육류부피배달종이박스닭튀김q1</folder>
	<filename>side_육류부피_배달종이박스_닭튀김_Q1_00029.JPG</filename>
	<path>/side육류부피배달종이박스닭튀김q1/side_육류부피_배달종이박스_닭튀김_Q1_00029.JPG</path>
	<source>
		<database>fooddata</database>
	</source>
	<size>
		<width>3008</width>
		<height>2000</height>
		<depth>3</depth>
	</size>
	<object>
		<name>ref_spoon</name>
		<bndbox>
			<xmin>524</xmin>
			<ymin>1604</ymin>
			<xmax>929</xmax>
			<ymax>1812</ymax>
		</bndbox>
	</object>
	<object>
		<name>ref_fork</name>
		<bndbox>
			<xmin>618</xmin>
			<ymin>1358</ymin>
			<xmax>1048</xmax>
			<ymax>1555</ymax>
		</bndbox>
	</object>
	<object>
		<name>ref_coin</name>
		<bndbox>
			<xmin>246</xmin>
			<ymin>1264</ymin>
			<xmax>446</xmax>
			<ymax>1407</ymax>
		</bndbox>
	</object>
	<object>
		<name>dish</name>
		<bndbox>
			<xmin>880</xmin>
			<ymin>212</ymin>
			<xmax>1981</xmax>
			<ymax>1325</ymax>
		</bndbox>
	</object>
	<object>
		<name>닭튀김</name>
		<bndbox>
			<xmin>1187</xmin>
			<ymin>585</ymin>
			<xmax>1739</xmax>
			<ymax>904</ymax>
		</bndbox>
	</object>
</annotation>