<annotation>
	<folder>side육류부피배달종이박스닭튀김q1</folder>
	<filename>side_육류부피_배달종이박스_닭튀김_Q1_00006.JPG</filename>
	<path>/side육류부피배달종이박스닭튀김q1/side_육류부피_배달종이박스_닭튀김_Q1_00006.JPG</path>
	<source>
		<database>fooddata</database>
	</source>
	<size>
		<width>3008</width>
		<height>2000</height>
		<depth>3</depth>
	</size>
	<object>
		<name>ref_spoon</name>
		<bndbox>
			<xmin>2075</xmin>
			<ymin>572</ymin>
			<xmax>2320</xmax>
			<ymax>871</ymax>
		</bndbox>
	</object>
	<object>
		<name>ref_fork</name>
		<bndbox>
			<xmin>2382</xmin>
			<ymin>572</ymin>
			<xmax>2554</xmax>
			<ymax>912</ymax>
		</bndbox>
	</object>
	<object>
		<name>ref_coin</name>
		<bndbox>
			<xmin>1760</xmin>
			<ymin>544</ymin>
			<xmax>1944</xmax>
			<ymax>662</ymax>
		</bndbox>
	</object>
	<object>
		<name>dish</name>
		<bndbox>
			<xmin>675</xmin>
			<ymin>454</ymin>
			<xmax>1633</xmax>
			<ymax>1600</ymax>
		</bndbox>
	</object>
	<object>
		<name>닭튀김</name>
		<bndbox>
			<xmin>933</xmin>
			<ymin>720</ymin>
			<xmax>1469</xmax>
			<ymax>1137</ymax>
		</bndbox>
	</object>
</annotation>