<annotation>
	<folder>top육류부피배달종이박스닭튀김q1</folder>
	<filename>top_육류부피_배달종이박스_닭튀김_Q1_00019.JPG</filename>
	<path>/top육류부피배달종이박스닭튀김q1/top_육류부피_배달종이박스_닭튀김_Q1_00019.JPG</path>
	<source>
		<database>fooddata</database>
	</source>
	<size>
		<width>3008</width>
		<height>2000</height>
		<depth>3</depth>
	</size>
	<object>
		<name>ref_spoon</name>
		<bndbox>
			<xmin>772</xmin>
			<ymin>1625</ymin>
			<xmax>1133</xmax>
			<ymax>1871</ymax>
		</bndbox>
	</object>
	<object>
		<name>ref_fork</name>
		<bndbox>
			<xmin>945</xmin>
			<ymin>1429</ymin>
			<xmax>1311</xmax>
			<ymax>1587</ymax>
		</bndbox>
	</object>
	<object>
		<name>ref_coin</name>
		<bndbox>
			<xmin>2320</xmin>
			<ymin>700</ymin>
			<xmax>2475</xmax>
			<ymax>850</ymax>
		</bndbox>
	</object>
	<object>
		<name>dish</name>
		<bndbox>
			<xmin>1087</xmin>
			<ymin>322</ymin>
			<xmax>2191</xmax>
			<ymax>1160</ymax>
		</bndbox>
	</object>
	<object>
		<name>닭튀김</name>
		<bndbox>
			<xmin>1387</xmin>
			<ymin>497</ymin>
			<xmax>1839</xmax>
			<ymax>959</ymax>
		</bndbox>
	</object>
</annotation>