<annotation>
	<folder>top육류부피배달종이박스닭튀김q1</folder>
	<filename>top_육류부피_배달종이박스_닭튀김_Q1_00050.JPG</filename>
	<path>/top육류부피배달종이박스닭튀김q1/top_육류부피_배달종이박스_닭튀김_Q1_00050.JPG</path>
	<source>
		<database>fooddata</database>
	</source>
	<size>
		<width>3008</width>
		<height>2000</height>
		<depth>3</depth>
	</size>
	<object>
		<name>ref_spoon</name>
		<bndbox>
			<xmin>478</xmin>
			<ymin>439</ymin>
			<xmax>798</xmax>
			<ymax>896</ymax>
		</bndbox>
	</object>
	<object>
		<name>ref_fork</name>
		<bndbox>
			<xmin>895</xmin>
			<ymin>454</ymin>
			<xmax>1098</xmax>
			<ymax>930</ymax>
		</bndbox>
	</object>
	<object>
		<name>ref_coin</name>
		<bndbox>
			<xmin>2155</xmin>
			<ymin>191</ymin>
			<xmax>2341</xmax>
			<ymax>378</ymax>
		</bndbox>
	</object>
	<object>
		<name>dish</name>
		<bndbox>
			<xmin>1265</xmin>
			<ymin>616</ymin>
			<xmax>2764</xmax>
			<ymax>1709</ymax>
		</bndbox>
	</object>
	<object>
		<name>닭튀김</name>
		<bndbox>
			<xmin>1516</xmin>
			<ymin>908</ymin>
			<xmax>2305</xmax>
			<ymax>1296</ymax>
		</bndbox>
	</object>
</annotation>