<annotation>
	<folder>top육류부피배달종이박스닭튀김q1</folder>
	<filename>top_육류부피_배달종이박스_닭튀김_Q1_00040.JPG</filename>
	<path>/top육류부피배달종이박스닭튀김q1/top_육류부피_배달종이박스_닭튀김_Q1_00040.JPG</path>
	<source>
		<database>fooddata</database>
	</source>
	<size>
		<width>3008</width>
		<height>2000</height>
		<depth>3</depth>
	</size>
	<object>
		<name>ref_spoon</name>
		<bndbox>
			<xmin>508</xmin>
			<ymin>246</ymin>
			<xmax>811</xmax>
			<ymax>691</ymax>
		</bndbox>
	</object>
	<object>
		<name>ref_fork</name>
		<bndbox>
			<xmin>919</xmin>
			<ymin>258</ymin>
			<xmax>1118</xmax>
			<ymax>733</ymax>
		</bndbox>
	</object>
	<object>
		<name>ref_coin</name>
		<bndbox>
			<xmin>2546</xmin>
			<ymin>1065</ymin>
			<xmax>2754</xmax>
			<ymax>1277</ymax>
		</bndbox>
	</object>
	<object>
		<name>dish</name>
		<bndbox>
			<xmin>1423</xmin>
			<ymin>67</ymin>
			<xmax>2510</xmax>
			<ymax>1541</ymax>
		</bndbox>
	</object>
	<object>
		<name>닭튀김</name>
		<bndbox>
			<xmin>1623</xmin>
			<ymin>348</ymin>
			<xmax>2144</xmax>
			<ymax>1221</ymax>
		</bndbox>
	</object>
</annotation>