<annotation>
	<folder>top육류부피배달종이박스닭튀김q1</folder>
	<filename>top_육류부피_배달종이박스_닭튀김_Q1_00003.JPG</filename>
	<path>/top육류부피배달종이박스닭튀김q1/top_육류부피_배달종이박스_닭튀김_Q1_00003.JPG</path>
	<source>
		<database>fooddata</database>
	</source>
	<size>
		<width>3008</width>
		<height>2000</height>
		<depth>3</depth>
	</size>
	<object>
		<name>ref_spoon</name>
		<bndbox>
			<xmin>1947</xmin>
			<ymin>290</ymin>
			<xmax>2201</xmax>
			<ymax>667</ymax>
		</bndbox>
	</object>
	<object>
		<name>ref_fork</name>
		<bndbox>
			<xmin>2225</xmin>
			<ymin>343</ymin>
			<xmax>2429</xmax>
			<ymax>776</ymax>
		</bndbox>
	</object>
	<object>
		<name>ref_coin</name>
		<bndbox>
			<xmin>1200</xmin>
			<ymin>1736</ymin>
			<xmax>1398</xmax>
			<ymax>1948</ymax>
		</bndbox>
	</object>
	<object>
		<name>dish</name>
		<bndbox>
			<xmin>391</xmin>
			<ymin>183</ymin>
			<xmax>1909</xmax>
			<ymax>1477</ymax>
		</bndbox>
	</object>
	<object>
		<name>닭튀김</name>
		<bndbox>
			<xmin>915</xmin>
			<ymin>568</ymin>
			<xmax>1382</xmax>
			<ymax>1014</ymax>
		</bndbox>
	</object>
</annotation>