<annotation>
	<folder>top육류부피배달종이박스닭튀김q1</folder>
	<filename>top_육류부피_배달종이박스_닭튀김_Q1_00011.JPG</filename>
	<path>/top육류부피배달종이박스닭튀김q1/top_육류부피_배달종이박스_닭튀김_Q1_00011.JPG</path>
	<source>
		<database>fooddata</database>
	</source>
	<size>
		<width>3008</width>
		<height>2000</height>
		<depth>3</depth>
	</size>
	<object>
		<name>ref_spoon</name>
		<bndbox>
			<xmin>2088</xmin>
			<ymin>256</ymin>
			<xmax>2353</xmax>
			<ymax>652</ymax>
		</bndbox>
	</object>
	<object>
		<name>ref_fork</name>
		<bndbox>
			<xmin>2380</xmin>
			<ymin>316</ymin>
			<xmax>2586</xmax>
			<ymax>743</ymax>
		</bndbox>
	</object>
	<object>
		<name>ref_coin</name>
		<bndbox>
			<xmin>1301</xmin>
			<ymin>215</ymin>
			<xmax>1494</xmax>
			<ymax>407</ymax>
		</bndbox>
	</object>
	<object>
		<name>dish</name>
		<bndbox>
			<xmin>293</xmin>
			<ymin>367</ymin>
			<xmax>1880</xmax>
			<ymax>1744</ymax>
		</bndbox>
	</object>
	<object>
		<name>닭튀김</name>
		<bndbox>
			<xmin>849</xmin>
			<ymin>931</ymin>
			<xmax>1382</xmax>
			<ymax>1358</ymax>
		</bndbox>
	</object>
</annotation>