<annotation>
	<folder>top육류부피배달종이박스닭튀김q1</folder>
	<filename>top_육류부피_배달종이박스_닭튀김_Q1_00041.JPG</filename>
	<path>/top육류부피배달종이박스닭튀김q1/top_육류부피_배달종이박스_닭튀김_Q1_00041.JPG</path>
	<source>
		<database>fooddata</database>
	</source>
	<size>
		<width>3008</width>
		<height>2000</height>
		<depth>3</depth>
	</size>
	<object>
		<name>ref_spoon</name>
		<bndbox>
			<xmin>508</xmin>
			<ymin>266</ymin>
			<xmax>818</xmax>
			<ymax>693</ymax>
		</bndbox>
	</object>
	<object>
		<name>ref_fork</name>
		<bndbox>
			<xmin>927</xmin>
			<ymin>266</ymin>
			<xmax>1128</xmax>
			<ymax>748</ymax>
		</bndbox>
	</object>
	<object>
		<name>ref_coin</name>
		<bndbox>
			<xmin>2518</xmin>
			<ymin>850</ymin>
			<xmax>2718</xmax>
			<ymax>1058</ymax>
		</bndbox>
	</object>
	<object>
		<name>dish</name>
		<bndbox>
			<xmin>1392</xmin>
			<ymin>81</ymin>
			<xmax>2499</xmax>
			<ymax>1548</ymax>
		</bndbox>
	</object>
	<object>
		<name>닭튀김</name>
		<bndbox>
			<xmin>1571</xmin>
			<ymin>367</ymin>
			<xmax>2009</xmax>
			<ymax>1130</ymax>
		</bndbox>
	</object>
</annotation>