<annotation>
	<folder>top육류부피배달종이박스닭튀김q1</folder>
	<filename>top_육류부피_배달종이박스_닭튀김_Q1_00042.JPG</filename>
	<path>/top육류부피배달종이박스닭튀김q1/top_육류부피_배달종이박스_닭튀김_Q1_00042.JPG</path>
	<source>
		<database>fooddata</database>
	</source>
	<size>
		<width>3008</width>
		<height>2000</height>
		<depth>3</depth>
	</size>
	<object>
		<name>ref_spoon</name>
		<bndbox>
			<xmin>546</xmin>
			<ymin>265</ymin>
			<xmax>845</xmax>
			<ymax>718</ymax>
		</bndbox>
	</object>
	<object>
		<name>ref_fork</name>
		<bndbox>
			<xmin>955</xmin>
			<ymin>274</ymin>
			<xmax>1158</xmax>
			<ymax>764</ymax>
		</bndbox>
	</object>
	<object>
		<name>ref_coin</name>
		<bndbox>
			<xmin>2586</xmin>
			<ymin>462</ymin>
			<xmax>2784</xmax>
			<ymax>672</ymax>
		</bndbox>
	</object>
	<object>
		<name>dish</name>
		<bndbox>
			<xmin>1421</xmin>
			<ymin>93</ymin>
			<xmax>2541</xmax>
			<ymax>1572</ymax>
		</bndbox>
	</object>
	<object>
		<name>닭튀김</name>
		<bndbox>
			<xmin>1645</xmin>
			<ymin>377</ymin>
			<xmax>2079</xmax>
			<ymax>1297</ymax>
		</bndbox>
	</object>
</annotation>