<annotation>
	<folder>top육류부피배달종이박스닭튀김q1</folder>
	<filename>top_육류부피_배달종이박스_닭튀김_Q1_00015.JPG</filename>
	<path>/top육류부피배달종이박스닭튀김q1/top_육류부피_배달종이박스_닭튀김_Q1_00015.JPG</path>
	<source>
		<database>fooddata</database>
	</source>
	<size>
		<width>3008</width>
		<height>2000</height>
		<depth>3</depth>
	</size>
	<object>
		<name>ref_spoon</name>
		<bndbox>
			<xmin>2078</xmin>
			<ymin>342</ymin>
			<xmax>2341</xmax>
			<ymax>733</ymax>
		</bndbox>
	</object>
	<object>
		<name>ref_fork</name>
		<bndbox>
			<xmin>2378</xmin>
			<ymin>403</ymin>
			<xmax>2582</xmax>
			<ymax>833</ymax>
		</bndbox>
	</object>
	<object>
		<name>ref_coin</name>
		<bndbox>
			<xmin>854</xmin>
			<ymin>1749</ymin>
			<xmax>1067</xmax>
			<ymax>1963</ymax>
		</bndbox>
	</object>
	<object>
		<name>dish</name>
		<bndbox>
			<xmin>386</xmin>
			<ymin>134</ymin>
			<xmax>1993</xmax>
			<ymax>1648</ymax>
		</bndbox>
	</object>
	<object>
		<name>닭튀김</name>
		<bndbox>
			<xmin>994</xmin>
			<ymin>643</ymin>
			<xmax>1382</xmax>
			<ymax>1140</ymax>
		</bndbox>
	</object>
</annotation>