<annotation>
	<folder>side국류원형배달순두부찌개q4</folder>
	<filename>side_국류_원형배달_순두부찌개_Q4_00033.JPG</filename>
	<path>/side국류원형배달순두부찌개q4/side_국류_원형배달_순두부찌개_Q4_00033.JPG</path>
	<source>
		<database>fooddata</database>
	</source>
	<size>
		<width>3008</width>
		<height>2000</height>
		<depth>3</depth>
	</size>
	<object>
		<name>ref_spoon</name>
		<bndbox>
			<xmin>340</xmin>
			<ymin>772</ymin>
			<xmax>607</xmax>
			<ymax>1132</ymax>
		</bndbox>
	</object>
	<object>
		<name>ref_fork</name>
		<bndbox>
			<xmin>686</xmin>
			<ymin>782</ymin>
			<xmax>877</xmax>
			<ymax>1178</ymax>
		</bndbox>
	</object>
	<object>
		<name>ref_coin</name>
		<bndbox>
			<xmin>1019</xmin>
			<ymin>1663</ymin>
			<xmax>1230</xmax>
			<ymax>1825</ymax>
		</bndbox>
	</object>
	<object>
		<name>dish</name>
		<bndbox>
			<xmin>1055</xmin>
			<ymin>393</ymin>
			<xmax>2329</xmax>
			<ymax>1571</ymax>
		</bndbox>
	</object>
	<object>
		<name>순두부찌개</name>
		<bndbox>
			<xmin>1144</xmin>
			<ymin>677</ymin>
			<xmax>2236</xmax>
			<ymax>1142</ymax>
		</bndbox>
	</object>
</annotation>