<annotation>
	<folder>side국류원형배달순두부찌개q4</folder>
	<filename>side_국류_원형배달_순두부찌개_Q4_00038.JPG</filename>
	<path>/side국류원형배달순두부찌개q4/side_국류_원형배달_순두부찌개_Q4_00038.JPG</path>
	<source>
		<database>fooddata</database>
	</source>
	<size>
		<width>3008</width>
		<height>2000</height>
		<depth>3</depth>
	</size>
	<object>
		<name>ref_spoon</name>
		<bndbox>
			<xmin>353</xmin>
			<ymin>637</ymin>
			<xmax>630</xmax>
			<ymax>993</ymax>
		</bndbox>
	</object>
	<object>
		<name>ref_fork</name>
		<bndbox>
			<xmin>712</xmin>
			<ymin>650</ymin>
			<xmax>894</xmax>
			<ymax>1059</ymax>
		</bndbox>
	</object>
	<object>
		<name>ref_coin</name>
		<bndbox>
			<xmin>2019</xmin>
			<ymin>1703</ymin>
			<xmax>2249</xmax>
			<ymax>1854</ymax>
		</bndbox>
	</object>
	<object>
		<name>dish</name>
		<bndbox>
			<xmin>1049</xmin>
			<ymin>334</ymin>
			<xmax>2348</xmax>
			<ymax>1538</ymax>
		</bndbox>
	</object>
	<object>
		<name>순두부찌개</name>
		<bndbox>
			<xmin>1141</xmin>
			<ymin>621</ymin>
			<xmax>2246</xmax>
			<ymax>1082</ymax>
		</bndbox>
	</object>
</annotation>