<annotation>
	<folder>side국류원형배달순두부찌개q4</folder>
	<filename>side_국류_원형배달_순두부찌개_Q4_00032.JPG</filename>
	<path>/side국류원형배달순두부찌개q4/side_국류_원형배달_순두부찌개_Q4_00032.JPG</path>
	<source>
		<database>fooddata</database>
	</source>
	<size>
		<width>3008</width>
		<height>2000</height>
		<depth>3</depth>
	</size>
	<object>
		<name>ref_spoon</name>
		<bndbox>
			<xmin>656</xmin>
			<ymin>1627</ymin>
			<xmax>1144</xmax>
			<ymax>1867</ymax>
		</bndbox>
	</object>
	<object>
		<name>ref_fork</name>
		<bndbox>
			<xmin>696</xmin>
			<ymin>1392</ymin>
			<xmax>1224</xmax>
			<ymax>1620</ymax>
		</bndbox>
	</object>
	<object>
		<name>ref_coin</name>
		<bndbox>
			<xmin>419</xmin>
			<ymin>753</ymin>
			<xmax>607</xmax>
			<ymax>891</ymax>
		</bndbox>
	</object>
	<object>
		<name>dish</name>
		<bndbox>
			<xmin>930</xmin>
			<ymin>222</ymin>
			<xmax>2187</xmax>
			<ymax>1373</ymax>
		</bndbox>
	</object>
	<object>
		<name>순두부찌개</name>
		<bndbox>
			<xmin>1042</xmin>
			<ymin>492</ymin>
			<xmax>2091</xmax>
			<ymax>937</ymax>
		</bndbox>
	</object>
</annotation>