<annotation>
	<folder>side국류원형배달순두부찌개q4</folder>
	<filename>side_국류_원형배달_순두부찌개_Q4_00034.JPG</filename>
	<path>/side국류원형배달순두부찌개q4/side_국류_원형배달_순두부찌개_Q4_00034.JPG</path>
	<source>
		<database>fooddata</database>
	</source>
	<size>
		<width>3008</width>
		<height>2000</height>
		<depth>3</depth>
	</size>
	<object>
		<name>ref_spoon</name>
		<bndbox>
			<xmin>383</xmin>
			<ymin>766</ymin>
			<xmax>656</xmax>
			<ymax>1135</ymax>
		</bndbox>
	</object>
	<object>
		<name>ref_fork</name>
		<bndbox>
			<xmin>736</xmin>
			<ymin>769</ymin>
			<xmax>927</xmax>
			<ymax>1191</ymax>
		</bndbox>
	</object>
	<object>
		<name>ref_coin</name>
		<bndbox>
			<xmin>1273</xmin>
			<ymin>1663</ymin>
			<xmax>1491</xmax>
			<ymax>1815</ymax>
		</bndbox>
	</object>
	<object>
		<name>dish</name>
		<bndbox>
			<xmin>1075</xmin>
			<ymin>393</ymin>
			<xmax>2352</xmax>
			<ymax>1561</ymax>
		</bndbox>
	</object>
	<object>
		<name>순두부찌개</name>
		<bndbox>
			<xmin>1174</xmin>
			<ymin>657</ymin>
			<xmax>2256</xmax>
			<ymax>1125</ymax>
		</bndbox>
	</object>
</annotation>