<annotation>
	<folder>side국류원형배달순두부찌개q4</folder>
	<filename>side_국류_원형배달_순두부찌개_Q4_00021.JPG</filename>
	<path>/side국류원형배달순두부찌개q4/side_국류_원형배달_순두부찌개_Q4_00021.JPG</path>
	<source>
		<database>fooddata</database>
	</source>
	<size>
		<width>3008</width>
		<height>2000</height>
		<depth>3</depth>
	</size>
	<object>
		<name>ref_spoon</name>
		<bndbox>
			<xmin>600</xmin>
			<ymin>1653</ymin>
			<xmax>1055</xmax>
			<ymax>1877</ymax>
		</bndbox>
	</object>
	<object>
		<name>ref_fork</name>
		<bndbox>
			<xmin>653</xmin>
			<ymin>1422</ymin>
			<xmax>1141</xmax>
			<ymax>1650</ymax>
		</bndbox>
	</object>
	<object>
		<name>ref_coin</name>
		<bndbox>
			<xmin>1372</xmin>
			<ymin>133</ymin>
			<xmax>1544</xmax>
			<ymax>238</ymax>
		</bndbox>
	</object>
	<object>
		<name>dish</name>
		<bndbox>
			<xmin>798</xmin>
			<ymin>304</ymin>
			<xmax>1972</xmax>
			<ymax>1399</ymax>
		</bndbox>
	</object>
	<object>
		<name>순두부찌개</name>
		<bndbox>
			<xmin>894</xmin>
			<ymin>558</ymin>
			<xmax>1883</xmax>
			<ymax>987</ymax>
		</bndbox>
	</object>
</annotation>