<annotation>
	<folder>top국류원형배달순두부찌개q4</folder>
	<filename>top_국류_원형배달_순두부찌개_Q4_00036.JPG</filename>
	<path>/top국류원형배달순두부찌개q4/top_국류_원형배달_순두부찌개_Q4_00036.JPG</path>
	<source>
		<database>fooddata</database>
	</source>
	<size>
		<width>3008</width>
		<height>2000</height>
		<depth>3</depth>
	</size>
	<object>
		<name>ref_spoon</name>
		<bndbox>
			<xmin>629</xmin>
			<ymin>272</ymin>
			<xmax>874</xmax>
			<ymax>685</ymax>
		</bndbox>
	</object>
	<object>
		<name>ref_fork</name>
		<bndbox>
			<xmin>348</xmin>
			<ymin>386</ymin>
			<xmax>512</xmax>
			<ymax>844</ymax>
		</bndbox>
	</object>
	<object>
		<name>ref_coin</name>
		<bndbox>
			<xmin>1250</xmin>
			<ymin>1460</ymin>
			<xmax>1422</xmax>
			<ymax>1636</ymax>
		</bndbox>
	</object>
	<object>
		<name>dish</name>
		<bndbox>
			<xmin>963</xmin>
			<ymin>221</ymin>
			<xmax>2065</xmax>
			<ymax>1294</ymax>
		</bndbox>
	</object>
	<object>
		<name>순두부찌개</name>
		<bndbox>
			<xmin>1038</xmin>
			<ymin>321</ymin>
			<xmax>2006</xmax>
			<ymax>1260</ymax>
		</bndbox>
	</object>
</annotation>