<annotation>
	<folder>top국류원형배달순두부찌개q4</folder>
	<filename>top_국류_원형배달_순두부찌개_Q4_00017.JPG</filename>
	<path>/top국류원형배달순두부찌개q4/top_국류_원형배달_순두부찌개_Q4_00017.JPG</path>
	<source>
		<database>fooddata</database>
	</source>
	<size>
		<width>3008</width>
		<height>2000</height>
		<depth>3</depth>
	</size>
	<object>
		<name>ref_spoon</name>
		<bndbox>
			<xmin>2332</xmin>
			<ymin>419</ymin>
			<xmax>2605</xmax>
			<ymax>882</ymax>
		</bndbox>
	</object>
	<object>
		<name>ref_fork</name>
		<bndbox>
			<xmin>2012</xmin>
			<ymin>390</ymin>
			<xmax>2229</xmax>
			<ymax>898</ymax>
		</bndbox>
	</object>
	<object>
		<name>ref_coin</name>
		<bndbox>
			<xmin>1229</xmin>
			<ymin>1532</ymin>
			<xmax>1424</xmax>
			<ymax>1724</ymax>
		</bndbox>
	</object>
	<object>
		<name>dish</name>
		<bndbox>
			<xmin>356</xmin>
			<ymin>175</ymin>
			<xmax>1582</xmax>
			<ymax>1353</ymax>
		</bndbox>
	</object>
	<object>
		<name>순두부찌개</name>
		<bndbox>
			<xmin>454</xmin>
			<ymin>291</ymin>
			<xmax>1531</xmax>
			<ymax>1312</ymax>
		</bndbox>
	</object>
</annotation>