<annotation>
	<folder>top국류원형배달순두부찌개q4</folder>
	<filename>top_국류_원형배달_순두부찌개_Q4_00003.JPG</filename>
	<path>/top국류원형배달순두부찌개q4/top_국류_원형배달_순두부찌개_Q4_00003.JPG</path>
	<source>
		<database>fooddata</database>
	</source>
	<size>
		<width>3008</width>
		<height>2000</height>
		<depth>3</depth>
	</size>
	<object>
		<name>ref_spoon</name>
		<bndbox>
			<xmin>2040</xmin>
			<ymin>269</ymin>
			<xmax>2301</xmax>
			<ymax>717</ymax>
		</bndbox>
	</object>
	<object>
		<name>ref_fork</name>
		<bndbox>
			<xmin>1750</xmin>
			<ymin>279</ymin>
			<xmax>1928</xmax>
			<ymax>767</ymax>
		</bndbox>
	</object>
	<object>
		<name>ref_coin</name>
		<bndbox>
			<xmin>1302</xmin>
			<ymin>1559</ymin>
			<xmax>1492</xmax>
			<ymax>1747</ymax>
		</bndbox>
	</object>
	<object>
		<name>dish</name>
		<bndbox>
			<xmin>406</xmin>
			<ymin>282</ymin>
			<xmax>1585</xmax>
			<ymax>1425</ymax>
		</bndbox>
	</object>
	<object>
		<name>순두부찌개</name>
		<bndbox>
			<xmin>487</xmin>
			<ymin>388</ymin>
			<xmax>1526</xmax>
			<ymax>1386</ymax>
		</bndbox>
	</object>
</annotation>