<annotation>
	<folder>top국류원형배달순두부찌개q4</folder>
	<filename>top_국류_원형배달_순두부찌개_Q4_00010.JPG</filename>
	<path>/top국류원형배달순두부찌개q4/top_국류_원형배달_순두부찌개_Q4_00010.JPG</path>
	<source>
		<database>fooddata</database>
	</source>
	<size>
		<width>3008</width>
		<height>2000</height>
		<depth>3</depth>
	</size>
	<object>
		<name>ref_spoon</name>
		<bndbox>
			<xmin>2300</xmin>
			<ymin>450</ymin>
			<xmax>2571</xmax>
			<ymax>909</ymax>
		</bndbox>
	</object>
	<object>
		<name>ref_fork</name>
		<bndbox>
			<xmin>1992</xmin>
			<ymin>440</ymin>
			<xmax>2191</xmax>
			<ymax>938</ymax>
		</bndbox>
	</object>
	<object>
		<name>ref_coin</name>
		<bndbox>
			<xmin>167</xmin>
			<ymin>849</ymin>
			<xmax>356</xmax>
			<ymax>1038</ymax>
		</bndbox>
	</object>
	<object>
		<name>dish</name>
		<bndbox>
			<xmin>456</xmin>
			<ymin>408</ymin>
			<xmax>1656</xmax>
			<ymax>1575</ymax>
		</bndbox>
	</object>
	<object>
		<name>순두부찌개</name>
		<bndbox>
			<xmin>549</xmin>
			<ymin>516</ymin>
			<xmax>1607</xmax>
			<ymax>1537</ymax>
		</bndbox>
	</object>
</annotation>