<annotation>
	<folder>top국류원형배달순두부찌개q4</folder>
	<filename>top_국류_원형배달_순두부찌개_Q4_00018.JPG</filename>
	<path>/top국류원형배달순두부찌개q4/top_국류_원형배달_순두부찌개_Q4_00018.JPG</path>
	<source>
		<database>fooddata</database>
	</source>
	<size>
		<width>3008</width>
		<height>2000</height>
		<depth>3</depth>
	</size>
	<object>
		<name>ref_spoon</name>
		<bndbox>
			<xmin>2312</xmin>
			<ymin>358</ymin>
			<xmax>2586</xmax>
			<ymax>825</ymax>
		</bndbox>
	</object>
	<object>
		<name>ref_fork</name>
		<bndbox>
			<xmin>1991</xmin>
			<ymin>330</ymin>
			<xmax>2208</xmax>
			<ymax>844</ymax>
		</bndbox>
	</object>
	<object>
		<name>ref_coin</name>
		<bndbox>
			<xmin>778</xmin>
			<ymin>1516</ymin>
			<xmax>972</xmax>
			<ymax>1711</ymax>
		</bndbox>
	</object>
	<object>
		<name>dish</name>
		<bndbox>
			<xmin>431</xmin>
			<ymin>132</ymin>
			<xmax>1654</xmax>
			<ymax>1316</ymax>
		</bndbox>
	</object>
	<object>
		<name>순두부찌개</name>
		<bndbox>
			<xmin>525</xmin>
			<ymin>250</ymin>
			<xmax>1599</xmax>
			<ymax>1275</ymax>
		</bndbox>
	</object>
</annotation>