<annotation>
	<folder>top국류원형배달순두부찌개q4</folder>
	<filename>top_국류_원형배달_순두부찌개_Q4_00045.JPG</filename>
	<path>/top국류원형배달순두부찌개q4/top_국류_원형배달_순두부찌개_Q4_00045.JPG</path>
	<source>
		<database>fooddata</database>
	</source>
	<size>
		<width>3008</width>
		<height>2000</height>
		<depth>3</depth>
	</size>
	<object>
		<name>ref_spoon</name>
		<bndbox>
			<xmin>915</xmin>
			<ymin>518</ymin>
			<xmax>1183</xmax>
			<ymax>964</ymax>
		</bndbox>
	</object>
	<object>
		<name>ref_fork</name>
		<bndbox>
			<xmin>586</xmin>
			<ymin>596</ymin>
			<xmax>765</xmax>
			<ymax>1114</ymax>
		</bndbox>
	</object>
	<object>
		<name>ref_coin</name>
		<bndbox>
			<xmin>1072</xmin>
			<ymin>160</ymin>
			<xmax>1261</xmax>
			<ymax>346</ymax>
		</bndbox>
	</object>
	<object>
		<name>dish</name>
		<bndbox>
			<xmin>1216</xmin>
			<ymin>570</ymin>
			<xmax>2442</xmax>
			<ymax>1769</ymax>
		</bndbox>
	</object>
	<object>
		<name>순두부찌개</name>
		<bndbox>
			<xmin>1295</xmin>
			<ymin>674</ymin>
			<xmax>2369</xmax>
			<ymax>1730</ymax>
		</bndbox>
	</object>
</annotation>