<annotation>
	<folder>top국류원형배달순두부찌개q4</folder>
	<filename>top_국류_원형배달_순두부찌개_Q4_00053.JPG</filename>
	<path>/top국류원형배달순두부찌개q4/top_국류_원형배달_순두부찌개_Q4_00053.JPG</path>
	<source>
		<database>fooddata</database>
	</source>
	<size>
		<width>3008</width>
		<height>2000</height>
		<depth>3</depth>
	</size>
	<object>
		<name>ref_spoon</name>
		<bndbox>
			<xmin>541</xmin>
			<ymin>328</ymin>
			<xmax>817</xmax>
			<ymax>776</ymax>
		</bndbox>
	</object>
	<object>
		<name>ref_fork</name>
		<bndbox>
			<xmin>191</xmin>
			<ymin>381</ymin>
			<xmax>380</xmax>
			<ymax>905</ymax>
		</bndbox>
	</object>
	<object>
		<name>ref_coin</name>
		<bndbox>
			<xmin>1286</xmin>
			<ymin>21</ymin>
			<xmax>1478</xmax>
			<ymax>213</ymax>
		</bndbox>
	</object>
	<object>
		<name>dish</name>
		<bndbox>
			<xmin>804</xmin>
			<ymin>420</ymin>
			<xmax>2049</xmax>
			<ymax>1639</ymax>
		</bndbox>
	</object>
	<object>
		<name>순두부찌개</name>
		<bndbox>
			<xmin>886</xmin>
			<ymin>533</ymin>
			<xmax>1986</xmax>
			<ymax>1598</ymax>
		</bndbox>
	</object>
</annotation>