<annotation>
	<folder>우동재작업</folder>
	<filename>side_국물면류_뚝배기_일식우동_Q2_00032.JPG</filename>
	<path>/side국물면류뚝배기일식우동q2/side_국물면류_뚝배기_일식우동_Q2_00032.JPG</path>
	<source>
		<database>fooddata</database>
	</source>
	<size>
		<width>3008</width>
		<height>2000</height>
		<depth>3</depth>
	</size>
	<object>
		<name>ref_spoon</name>
		<bndbox>
			<xmin>580</xmin>
			<ymin>1644</ymin>
			<xmax>1062</xmax>
			<ymax>1887</ymax>
		</bndbox>
	</object>
	<object>
		<name>ref_fork</name>
		<bndbox>
			<xmin>666</xmin>
			<ymin>1342</ymin>
			<xmax>1155</xmax>
			<ymax>1563</ymax>
		</bndbox>
	</object>
	<object>
		<name>ref_coin</name>
		<bndbox>
			<xmin>2310</xmin>
			<ymin>681</ymin>
			<xmax>2497</xmax>
			<ymax>835</ymax>
		</bndbox>
	</object>
	<object>
		<name>dish</name>
		<bndbox>
			<xmin>723</xmin>
			<ymin>98</ymin>
			<xmax>1990</xmax>
			<ymax>1165</ymax>
		</bndbox>
	</object>
	<object>
		<name>일식우동</name>
		<bndbox>
			<xmin>831</xmin>
			<ymin>354</ymin>
			<xmax>1875</xmax>
			<ymax>926</ymax>
		</bndbox>
	</object>
</annotation>