<annotation>
	<folder>side국물면류뚝배기일식우동q2</folder>
	<filename>side_국물면류_뚝배기_일식우동_Q2_00037.JPG</filename>
	<path>/side국물면류뚝배기일식우동q2/side_국물면류_뚝배기_일식우동_Q2_00037.JPG</path>
	<source>
		<database>fooddata</database>
	</source>
	<size>
		<width>3008</width>
		<height>2000</height>
		<depth>3</depth>
	</size>
	<object>
		<name>ref_spoon</name>
		<bndbox>
			<xmin>315</xmin>
			<ymin>306</ymin>
			<xmax>574</xmax>
			<ymax>677</ymax>
		</bndbox>
	</object>
	<object>
		<name>ref_fork</name>
		<bndbox>
			<xmin>722</xmin>
			<ymin>342</ymin>
			<xmax>904</xmax>
			<ymax>738</ymax>
		</bndbox>
	</object>
	<object>
		<name>ref_coin</name>
		<bndbox>
			<xmin>1768</xmin>
			<ymin>1526</ymin>
			<xmax>1987</xmax>
			<ymax>1709</ymax>
		</bndbox>
	</object>
	<object>
		<name>dish</name>
		<bndbox>
			<xmin>1037</xmin>
			<ymin>113</ymin>
			<xmax>2403</xmax>
			<ymax>1262</ymax>
		</bndbox>
	</object>
	<object>
		<name>일식우동</name>
		<bndbox>
			<xmin>1209</xmin>
			<ymin>413</ymin>
			<xmax>2241</xmax>
			<ymax>1018</ymax>
		</bndbox>
	</object>
</annotation>