<annotation>
	<folder>side국물면류뚝배기일식우동q2</folder>
	<filename>side_국물면류_뚝배기_일식우동_Q2_00042.JPG</filename>
	<path>/side국물면류뚝배기일식우동q2/side_국물면류_뚝배기_일식우동_Q2_00042.JPG</path>
	<source>
		<database>fooddata</database>
	</source>
	<size>
		<width>3008</width>
		<height>2000</height>
		<depth>3</depth>
	</size>
	<object>
		<name>ref_spoon</name>
		<bndbox>
			<xmin>213</xmin>
			<ymin>652</ymin>
			<xmax>467</xmax>
			<ymax>1028</ymax>
		</bndbox>
	</object>
	<object>
		<name>ref_fork</name>
		<bndbox>
			<xmin>605</xmin>
			<ymin>677</ymin>
			<xmax>782</xmax>
			<ymax>1084</ymax>
		</bndbox>
	</object>
	<object>
		<name>ref_coin</name>
		<bndbox>
			<xmin>2510</xmin>
			<ymin>1018</ymin>
			<xmax>2708</xmax>
			<ymax>1170</ymax>
		</bndbox>
	</object>
	<object>
		<name>dish</name>
		<bndbox>
			<xmin>925</xmin>
			<ymin>489</ymin>
			<xmax>2276</xmax>
			<ymax>1602</ymax>
		</bndbox>
	</object>
	<object>
		<name>일식우동</name>
		<bndbox>
			<xmin>1062</xmin>
			<ymin>743</ymin>
			<xmax>2134</xmax>
			<ymax>1379</ymax>
		</bndbox>
	</object>
</annotation>