<annotation>
	<folder>side국물면류뚝배기일식우동q2</folder>
	<filename>side_국물면류_뚝배기_일식우동_Q2_00036.JPG</filename>
	<path>/side국물면류뚝배기일식우동q2/side_국물면류_뚝배기_일식우동_Q2_00036.JPG</path>
	<source>
		<database>fooddata</database>
	</source>
	<size>
		<width>3008</width>
		<height>2000</height>
		<depth>3</depth>
	</size>
	<object>
		<name>ref_spoon</name>
		<bndbox>
			<xmin>356</xmin>
			<ymin>342</ymin>
			<xmax>620</xmax>
			<ymax>723</ymax>
		</bndbox>
	</object>
	<object>
		<name>ref_fork</name>
		<bndbox>
			<xmin>747</xmin>
			<ymin>398</ymin>
			<xmax>935</xmax>
			<ymax>789</ymax>
		</bndbox>
	</object>
	<object>
		<name>ref_coin</name>
		<bndbox>
			<xmin>1367</xmin>
			<ymin>1587</ymin>
			<xmax>1580</xmax>
			<ymax>1755</ymax>
		</bndbox>
	</object>
	<object>
		<name>dish</name>
		<bndbox>
			<xmin>1057</xmin>
			<ymin>174</ymin>
			<xmax>2439</xmax>
			<ymax>1318</ymax>
		</bndbox>
	</object>
	<object>
		<name>일식우동</name>
		<bndbox>
			<xmin>1230</xmin>
			<ymin>444</ymin>
			<xmax>2297</xmax>
			<ymax>1089</ymax>
		</bndbox>
	</object>
</annotation>