<annotation>
	<folder>side국물면류뚝배기일식우동q2</folder>
	<filename>side_국물면류_뚝배기_일식우동_Q2_00013.JPG</filename>
	<path>/side국물면류뚝배기일식우동q2/side_국물면류_뚝배기_일식우동_Q2_00013.JPG</path>
	<source>
		<database>fooddata</database>
	</source>
	<size>
		<width>3008</width>
		<height>2000</height>
		<depth>3</depth>
	</size>
	<object>
		<name>ref_spoon</name>
		<bndbox>
			<xmin>1890</xmin>
			<ymin>606</ymin>
			<xmax>2159</xmax>
			<ymax>992</ymax>
		</bndbox>
	</object>
	<object>
		<name>ref_fork</name>
		<bndbox>
			<xmin>2236</xmin>
			<ymin>647</ymin>
			<xmax>2449</xmax>
			<ymax>1043</ymax>
		</bndbox>
	</object>
	<object>
		<name>ref_coin</name>
		<bndbox>
			<xmin>1956</xmin>
			<ymin>362</ymin>
			<xmax>2159</xmax>
			<ymax>479</ymax>
		</bndbox>
	</object>
	<object>
		<name>dish</name>
		<bndbox>
			<xmin>340</xmin>
			<ymin>428</ymin>
			<xmax>1748</xmax>
			<ymax>1587</ymax>
		</bndbox>
	</object>
	<object>
		<name>일식우동</name>
		<bndbox>
			<xmin>498</xmin>
			<ymin>698</ymin>
			<xmax>1626</xmax>
			<ymax>1368</ymax>
		</bndbox>
	</object>
</annotation>