<annotation>
	<folder>side국물면류뚝배기일식우동q2</folder>
	<filename>side_국물면류_뚝배기_일식우동_Q2_00019.JPG</filename>
	<path>/side국물면류뚝배기일식우동q2/side_국물면류_뚝배기_일식우동_Q2_00019.JPG</path>
	<source>
		<database>fooddata</database>
	</source>
	<size>
		<width>3008</width>
		<height>2000</height>
		<depth>3</depth>
	</size>
	<object>
		<name>ref_spoon</name>
		<bndbox>
			<xmin>579</xmin>
			<ymin>1551</ymin>
			<xmax>1037</xmax>
			<ymax>1790</ymax>
		</bndbox>
	</object>
	<object>
		<name>ref_fork</name>
		<bndbox>
			<xmin>671</xmin>
			<ymin>1297</ymin>
			<xmax>1148</xmax>
			<ymax>1521</ymax>
		</bndbox>
	</object>
	<object>
		<name>ref_coin</name>
		<bndbox>
			<xmin>1900</xmin>
			<ymin>1074</ymin>
			<xmax>2093</xmax>
			<ymax>1231</ymax>
		</bndbox>
	</object>
	<object>
		<name>dish</name>
		<bndbox>
			<xmin>742</xmin>
			<ymin>144</ymin>
			<xmax>1936</xmax>
			<ymax>1150</ymax>
		</bndbox>
	</object>
	<object>
		<name>일식우동</name>
		<bndbox>
			<xmin>864</xmin>
			<ymin>418</ymin>
			<xmax>1839</xmax>
			<ymax>936</ymax>
		</bndbox>
	</object>
</annotation>