<annotation>
	<folder>top국물면류뚝배기일식우동q2</folder>
	<filename>top_국물면류_뚝배기_일식우동_Q2_00038.JPG</filename>
	<path>/top국물면류뚝배기일식우동q2/top_국물면류_뚝배기_일식우동_Q2_00038.JPG</path>
	<source>
		<database>fooddata</database>
	</source>
	<size>
		<width>3008</width>
		<height>2000</height>
		<depth>3</depth>
	</size>
	<object>
		<name>ref_spoon</name>
		<bndbox>
			<xmin>378</xmin>
			<ymin>482</ymin>
			<xmax>652</xmax>
			<ymax>915</ymax>
		</bndbox>
	</object>
	<object>
		<name>ref_fork</name>
		<bndbox>
			<xmin>737</xmin>
			<ymin>492</ymin>
			<xmax>916</xmax>
			<ymax>935</ymax>
		</bndbox>
	</object>
	<object>
		<name>ref_coin</name>
		<bndbox>
			<xmin>2440</xmin>
			<ymin>1204</ymin>
			<xmax>2630</xmax>
			<ymax>1398</ymax>
		</bndbox>
	</object>
	<object>
		<name>dish</name>
		<bndbox>
			<xmin>1096</xmin>
			<ymin>168</ymin>
			<xmax>2425</xmax>
			<ymax>1488</ymax>
		</bndbox>
	</object>
	<object>
		<name>일식우동</name>
		<bndbox>
			<xmin>1215</xmin>
			<ymin>373</ymin>
			<xmax>2256</xmax>
			<ymax>1383</ymax>
		</bndbox>
	</object>
</annotation>