<annotation>
	<folder>top국물면류뚝배기일식우동q2</folder>
	<filename>top_국물면류_뚝배기_일식우동_Q2_00028.JPG</filename>
	<path>/top국물면류뚝배기일식우동q2/top_국물면류_뚝배기_일식우동_Q2_00028.JPG</path>
	<source>
		<database>fooddata</database>
	</source>
	<size>
		<width>3008</width>
		<height>2000</height>
		<depth>3</depth>
	</size>
	<object>
		<name>ref_spoon</name>
		<bndbox>
			<xmin>812</xmin>
			<ymin>1583</ymin>
			<xmax>1200</xmax>
			<ymax>1817</ymax>
		</bndbox>
	</object>
	<object>
		<name>ref_fork</name>
		<bndbox>
			<xmin>837</xmin>
			<ymin>1359</ymin>
			<xmax>1240</xmax>
			<ymax>1518</ymax>
		</bndbox>
	</object>
	<object>
		<name>ref_coin</name>
		<bndbox>
			<xmin>578</xmin>
			<ymin>761</ymin>
			<xmax>752</xmax>
			<ymax>930</ymax>
		</bndbox>
	</object>
	<object>
		<name>dish</name>
		<bndbox>
			<xmin>1021</xmin>
			<ymin>104</ymin>
			<xmax>2146</xmax>
			<ymax>1224</ymax>
		</bndbox>
	</object>
	<object>
		<name>일식우동</name>
		<bndbox>
			<xmin>1126</xmin>
			<ymin>273</ymin>
			<xmax>2002</xmax>
			<ymax>1149</ymax>
		</bndbox>
	</object>
</annotation>