<annotation>
	<folder>top국물면류뚝배기일식우동q2</folder>
	<filename>top_국물면류_뚝배기_일식우동_Q2_00004.JPG</filename>
	<path>/top국물면류뚝배기일식우동q2/top_국물면류_뚝배기_일식우동_Q2_00004.JPG</path>
	<source>
		<database>fooddata</database>
	</source>
	<size>
		<width>3008</width>
		<height>2000</height>
		<depth>3</depth>
	</size>
	<object>
		<name>ref_spoon</name>
		<bndbox>
			<xmin>1858</xmin>
			<ymin>248</ymin>
			<xmax>2112</xmax>
			<ymax>681</ymax>
		</bndbox>
	</object>
	<object>
		<name>ref_fork</name>
		<bndbox>
			<xmin>2186</xmin>
			<ymin>238</ymin>
			<xmax>2371</xmax>
			<ymax>701</ymax>
		</bndbox>
	</object>
	<object>
		<name>ref_coin</name>
		<bndbox>
			<xmin>538</xmin>
			<ymin>1568</ymin>
			<xmax>742</xmax>
			<ymax>1777</ymax>
		</bndbox>
	</object>
	<object>
		<name>dish</name>
		<bndbox>
			<xmin>488</xmin>
			<ymin>74</ymin>
			<xmax>1858</xmax>
			<ymax>1408</ymax>
		</bndbox>
	</object>
	<object>
		<name>일식우동</name>
		<bndbox>
			<xmin>637</xmin>
			<ymin>298</ymin>
			<xmax>1743</xmax>
			<ymax>1329</ymax>
		</bndbox>
	</object>
</annotation>