<annotation>
	<folder>top국물면류뚝배기일식우동q2</folder>
	<filename>top_국물면류_뚝배기_일식우동_Q2_00013.JPG</filename>
	<path>/top국물면류뚝배기일식우동q2/top_국물면류_뚝배기_일식우동_Q2_00013.JPG</path>
	<source>
		<database>fooddata</database>
	</source>
	<size>
		<width>3008</width>
		<height>2000</height>
		<depth>3</depth>
	</size>
	<object>
		<name>ref_spoon</name>
		<bndbox>
			<xmin>1887</xmin>
			<ymin>377</ymin>
			<xmax>2166</xmax>
			<ymax>856</ymax>
		</bndbox>
	</object>
	<object>
		<name>ref_fork</name>
		<bndbox>
			<xmin>2251</xmin>
			<ymin>368</ymin>
			<xmax>2445</xmax>
			<ymax>861</ymax>
		</bndbox>
	</object>
	<object>
		<name>ref_coin</name>
		<bndbox>
			<xmin>2570</xmin>
			<ymin>686</ymin>
			<xmax>2769</xmax>
			<ymax>885</ymax>
		</bndbox>
	</object>
	<object>
		<name>dish</name>
		<bndbox>
			<xmin>319</xmin>
			<ymin>228</ymin>
			<xmax>1823</xmax>
			<ymax>1722</ymax>
		</bndbox>
	</object>
	<object>
		<name>일식우동</name>
		<bndbox>
			<xmin>503</xmin>
			<ymin>427</ymin>
			<xmax>1683</xmax>
			<ymax>1583</ymax>
		</bndbox>
	</object>
</annotation>