<annotation>
	<folder>top국물면류뚝배기일식우동q2</folder>
	<filename>top_국물면류_뚝배기_일식우동_Q2_00018.JPG</filename>
	<path>/top국물면류뚝배기일식우동q2/top_국물면류_뚝배기_일식우동_Q2_00018.JPG</path>
	<source>
		<database>fooddata</database>
	</source>
	<size>
		<width>3008</width>
		<height>2000</height>
		<depth>3</depth>
	</size>
	<object>
		<name>ref_spoon</name>
		<bndbox>
			<xmin>1031</xmin>
			<ymin>1578</ymin>
			<xmax>1409</xmax>
			<ymax>1817</ymax>
		</bndbox>
	</object>
	<object>
		<name>ref_fork</name>
		<bndbox>
			<xmin>1026</xmin>
			<ymin>1334</ymin>
			<xmax>1444</xmax>
			<ymax>1493</ymax>
		</bndbox>
	</object>
	<object>
		<name>ref_coin</name>
		<bndbox>
			<xmin>2097</xmin>
			<ymin>980</ymin>
			<xmax>2266</xmax>
			<ymax>1144</ymax>
		</bndbox>
	</object>
	<object>
		<name>dish</name>
		<bndbox>
			<xmin>956</xmin>
			<ymin>114</ymin>
			<xmax>2131</xmax>
			<ymax>1284</ymax>
		</bndbox>
	</object>
	<object>
		<name>일식우동</name>
		<bndbox>
			<xmin>1086</xmin>
			<ymin>268</ymin>
			<xmax>2017</xmax>
			<ymax>1194</ymax>
		</bndbox>
	</object>
</annotation>