<annotation>
	<folder>top국물면류뚝배기일식우동q2</folder>
	<filename>top_국물면류_뚝배기_일식우동_Q2_00042.JPG</filename>
	<path>/top국물면류뚝배기일식우동q2/top_국물면류_뚝배기_일식우동_Q2_00042.JPG</path>
	<source>
		<database>fooddata</database>
	</source>
	<size>
		<width>3008</width>
		<height>2000</height>
		<depth>3</depth>
	</size>
	<object>
		<name>ref_spoon</name>
		<bndbox>
			<xmin>374</xmin>
			<ymin>497</ymin>
			<xmax>642</xmax>
			<ymax>945</ymax>
		</bndbox>
	</object>
	<object>
		<name>ref_fork</name>
		<bndbox>
			<xmin>732</xmin>
			<ymin>502</ymin>
			<xmax>916</xmax>
			<ymax>975</ymax>
		</bndbox>
	</object>
	<object>
		<name>ref_coin</name>
		<bndbox>
			<xmin>2321</xmin>
			<ymin>253</ymin>
			<xmax>2505</xmax>
			<ymax>447</ymax>
		</bndbox>
	</object>
	<object>
		<name>dish</name>
		<bndbox>
			<xmin>1066</xmin>
			<ymin>188</ymin>
			<xmax>2430</xmax>
			<ymax>1538</ymax>
		</bndbox>
	</object>
	<object>
		<name>일식우동</name>
		<bndbox>
			<xmin>1205</xmin>
			<ymin>348</ymin>
			<xmax>2261</xmax>
			<ymax>1423</ymax>
		</bndbox>
	</object>
</annotation>