<annotation>
	<folder>top국물면류뚝배기일식우동q2</folder>
	<filename>top_국물면류_뚝배기_일식우동_Q2_00003.JPG</filename>
	<path>/top국물면류뚝배기일식우동q2/top_국물면류_뚝배기_일식우동_Q2_00003.JPG</path>
	<source>
		<database>fooddata</database>
	</source>
	<size>
		<width>3008</width>
		<height>2000</height>
		<depth>3</depth>
	</size>
	<object>
		<name>ref_spoon</name>
		<bndbox>
			<xmin>1863</xmin>
			<ymin>248</ymin>
			<xmax>2122</xmax>
			<ymax>676</ymax>
		</bndbox>
	</object>
	<object>
		<name>ref_fork</name>
		<bndbox>
			<xmin>2196</xmin>
			<ymin>233</ymin>
			<xmax>2366</xmax>
			<ymax>701</ymax>
		</bndbox>
	</object>
	<object>
		<name>ref_coin</name>
		<bndbox>
			<xmin>1031</xmin>
			<ymin>1642</ymin>
			<xmax>1235</xmax>
			<ymax>1847</ymax>
		</bndbox>
	</object>
	<object>
		<name>dish</name>
		<bndbox>
			<xmin>503</xmin>
			<ymin>59</ymin>
			<xmax>1887</xmax>
			<ymax>1383</ymax>
		</bndbox>
	</object>
	<object>
		<name>일식우동</name>
		<bndbox>
			<xmin>657</xmin>
			<ymin>293</ymin>
			<xmax>1753</xmax>
			<ymax>1304</ymax>
		</bndbox>
	</object>
</annotation>