<annotation>
	<folder>top국물면류뚝배기일식우동q2</folder>
	<filename>top_국물면류_뚝배기_일식우동_Q2_00046.JPG</filename>
	<path>/top국물면류뚝배기일식우동q2/top_국물면류_뚝배기_일식우동_Q2_00046.JPG</path>
	<source>
		<database>fooddata</database>
	</source>
	<size>
		<width>3008</width>
		<height>2000</height>
		<depth>3</depth>
	</size>
	<object>
		<name>ref_spoon</name>
		<bndbox>
			<xmin>359</xmin>
			<ymin>736</ymin>
			<xmax>657</xmax>
			<ymax>1214</ymax>
		</bndbox>
	</object>
	<object>
		<name>ref_fork</name>
		<bndbox>
			<xmin>747</xmin>
			<ymin>731</ymin>
			<xmax>946</xmax>
			<ymax>1214</ymax>
		</bndbox>
	</object>
	<object>
		<name>ref_coin</name>
		<bndbox>
			<xmin>961</xmin>
			<ymin>168</ymin>
			<xmax>1150</xmax>
			<ymax>353</ymax>
		</bndbox>
	</object>
	<object>
		<name>dish</name>
		<bndbox>
			<xmin>1135</xmin>
			<ymin>402</ymin>
			<xmax>2600</xmax>
			<ymax>1852</ymax>
		</bndbox>
	</object>
	<object>
		<name>일식우동</name>
		<bndbox>
			<xmin>1260</xmin>
			<ymin>622</ymin>
			<xmax>2405</xmax>
			<ymax>1732</ymax>
		</bndbox>
	</object>
</annotation>