<annotation>
	<folder>side국물면류수제비q4</folder>
	<filename>side_국물면류_원형배달_수제비_Q4_00002.JPG</filename>
	<path>/side국물면류원형배달수제비q4/side_국물면류_원형배달_수제비_Q4_00002.JPG</path>
	<source>
		<database>fooddata</database>
	</source>
	<size>
		<width>3008</width>
		<height>2000</height>
		<depth>3</depth>
	</size>
	<object>
		<name>ref_spoon</name>
		<bndbox>
			<xmin>1994</xmin>
			<ymin>333</ymin>
			<xmax>2358</xmax>
			<ymax>762</ymax>
		</bndbox>
	</object>
	<object>
		<name>ref_fork</name>
		<bndbox>
			<xmin>2388</xmin>
			<ymin>385</ymin>
			<xmax>2622</xmax>
			<ymax>861</ymax>
		</bndbox>
	</object>
	<object>
		<name>ref_coin</name>
		<bndbox>
			<xmin>1582</xmin>
			<ymin>1615</ymin>
			<xmax>1872</xmax>
			<ymax>1845</ymax>
		</bndbox>
	</object>
	<object>
		<name>dish</name>
		<bndbox>
			<xmin>299</xmin>
			<ymin>77</ymin>
			<xmax>1968</xmax>
			<ymax>1594</ymax>
		</bndbox>
	</object>
	<object>
		<name>수제비</name>
		<bndbox>
			<xmin>394</xmin>
			<ymin>337</ymin>
			<xmax>1885</xmax>
			<ymax>1169</ymax>
		</bndbox>
	</object>
</annotation>