<annotation>
	<folder>side국물면류수제비q4</folder>
	<filename>side_국물면류_원형배달_수제비_Q4_00023.JPG</filename>
	<path>/side국물면류원형배달수제비q4/side_국물면류_원형배달_수제비_Q4_00023.JPG</path>
	<source>
		<database>fooddata</database>
	</source>
	<size>
		<width>3008</width>
		<height>2000</height>
		<depth>3</depth>
	</size>
	<object>
		<name>ref_spoon</name>
		<bndbox>
			<xmin>503</xmin>
			<ymin>1637</ymin>
			<xmax>1066</xmax>
			<ymax>1971</ymax>
		</bndbox>
	</object>
	<object>
		<name>ref_fork</name>
		<bndbox>
			<xmin>641</xmin>
			<ymin>1438</ymin>
			<xmax>1214</xmax>
			<ymax>1698</ymax>
		</bndbox>
	</object>
	<object>
		<name>ref_coin</name>
		<bndbox>
			<xmin>1422</xmin>
			<ymin>12</ymin>
			<xmax>1647</xmax>
			<ymax>163</ymax>
		</bndbox>
	</object>
	<object>
		<name>dish</name>
		<bndbox>
			<xmin>750</xmin>
			<ymin>124</ymin>
			<xmax>2228</xmax>
			<ymax>1416</ymax>
		</bndbox>
	</object>
	<object>
		<name>수제비</name>
		<bndbox>
			<xmin>845</xmin>
			<ymin>350</ymin>
			<xmax>2145</xmax>
			<ymax>991</ymax>
		</bndbox>
	</object>
</annotation>