<annotation>
	<folder>side국물면류수제비q4</folder>
	<filename>side_국물면류_원형배달_수제비_Q4_00048.JPG</filename>
	<path>/side국물면류원형배달수제비q4/side_국물면류_원형배달_수제비_Q4_00048.JPG</path>
	<source>
		<database>fooddata</database>
	</source>
	<size>
		<width>3008</width>
		<height>2000</height>
		<depth>3</depth>
	</size>
	<object>
		<name>ref_spoon</name>
		<bndbox>
			<xmin>475</xmin>
			<ymin>597</ymin>
			<xmax>795</xmax>
			<ymax>988</ymax>
		</bndbox>
	</object>
	<object>
		<name>ref_fork</name>
		<bndbox>
			<xmin>897</xmin>
			<ymin>597</ymin>
			<xmax>1114</xmax>
			<ymax>1037</ymax>
		</bndbox>
	</object>
	<object>
		<name>ref_coin</name>
		<bndbox>
			<xmin>848</xmin>
			<ymin>218</ymin>
			<xmax>1078</xmax>
			<ymax>381</ymax>
		</bndbox>
	</object>
	<object>
		<name>dish</name>
		<bndbox>
			<xmin>1149</xmin>
			<ymin>310</ymin>
			<xmax>2682</xmax>
			<ymax>1644</ymax>
		</bndbox>
	</object>
	<object>
		<name>수제비</name>
		<bndbox>
			<xmin>1252</xmin>
			<ymin>530</ymin>
			<xmax>2589</xmax>
			<ymax>1239</ymax>
		</bndbox>
	</object>
</annotation>