<annotation>
	<folder>side국물면류수제비q4</folder>
	<filename>side_국물면류_원형배달_수제비_Q4_00019.JPG</filename>
	<path>/side국물면류원형배달수제비q4/side_국물면류_원형배달_수제비_Q4_00019.JPG</path>
	<source>
		<database>fooddata</database>
	</source>
	<size>
		<width>3008</width>
		<height>2000</height>
		<depth>3</depth>
	</size>
	<object>
		<name>ref_spoon</name>
		<bndbox>
			<xmin>611</xmin>
			<ymin>1598</ymin>
			<xmax>1136</xmax>
			<ymax>1897</ymax>
		</bndbox>
	</object>
	<object>
		<name>ref_fork</name>
		<bndbox>
			<xmin>728</xmin>
			<ymin>1394</ymin>
			<xmax>1296</xmax>
			<ymax>1672</ymax>
		</bndbox>
	</object>
	<object>
		<name>ref_coin</name>
		<bndbox>
			<xmin>2315</xmin>
			<ymin>1043</ymin>
			<xmax>2553</xmax>
			<ymax>1221</ymax>
		</bndbox>
	</object>
	<object>
		<name>dish</name>
		<bndbox>
			<xmin>815</xmin>
			<ymin>207</ymin>
			<xmax>2232</xmax>
			<ymax>1429</ymax>
		</bndbox>
	</object>
	<object>
		<name>수제비</name>
		<bndbox>
			<xmin>906</xmin>
			<ymin>385</ymin>
			<xmax>2132</xmax>
			<ymax>1048</ymax>
		</bndbox>
	</object>
</annotation>