<annotation>
	<folder>side국물면류수제비q4</folder>
	<filename>side_국물면류_원형배달_수제비_Q4_00004.JPG</filename>
	<path>/side국물면류원형배달수제비q4/side_국물면류_원형배달_수제비_Q4_00004.JPG</path>
	<source>
		<database>fooddata</database>
	</source>
	<size>
		<width>3008</width>
		<height>2000</height>
		<depth>3</depth>
	</size>
	<object>
		<name>ref_spoon</name>
		<bndbox>
			<xmin>2024</xmin>
			<ymin>333</ymin>
			<xmax>2367</xmax>
			<ymax>783</ymax>
		</bndbox>
	</object>
	<object>
		<name>ref_fork</name>
		<bndbox>
			<xmin>2393</xmin>
			<ymin>415</ymin>
			<xmax>2653</xmax>
			<ymax>879</ymax>
		</bndbox>
	</object>
	<object>
		<name>ref_coin</name>
		<bndbox>
			<xmin>1036</xmin>
			<ymin>1637</ymin>
			<xmax>1335</xmax>
			<ymax>1880</ymax>
		</bndbox>
	</object>
	<object>
		<name>dish</name>
		<bndbox>
			<xmin>321</xmin>
			<ymin>77</ymin>
			<xmax>2011</xmax>
			<ymax>1589</ymax>
		</bndbox>
	</object>
	<object>
		<name>수제비</name>
		<bndbox>
			<xmin>407</xmin>
			<ymin>307</ymin>
			<xmax>1907</xmax>
			<ymax>1156</ymax>
		</bndbox>
	</object>
</annotation>