<annotation>
	<folder>side국물면류수제비q4</folder>
	<filename>side_국물면류_원형배달_수제비_Q4_00024.JPG</filename>
	<path>/side국물면류원형배달수제비q4/side_국물면류_원형배달_수제비_Q4_00024.JPG</path>
	<source>
		<database>fooddata</database>
	</source>
	<size>
		<width>3008</width>
		<height>2000</height>
		<depth>3</depth>
	</size>
	<object>
		<name>ref_spoon</name>
		<bndbox>
			<xmin>537</xmin>
			<ymin>1620</ymin>
			<xmax>1023</xmax>
			<ymax>1910</ymax>
		</bndbox>
	</object>
	<object>
		<name>ref_fork</name>
		<bndbox>
			<xmin>654</xmin>
			<ymin>1416</ymin>
			<xmax>1209</xmax>
			<ymax>1689</ymax>
		</bndbox>
	</object>
	<object>
		<name>ref_coin</name>
		<bndbox>
			<xmin>1006</xmin>
			<ymin>68</ymin>
			<xmax>1196</xmax>
			<ymax>215</ymax>
		</bndbox>
	</object>
	<object>
		<name>dish</name>
		<bndbox>
			<xmin>793</xmin>
			<ymin>285</ymin>
			<xmax>2202</xmax>
			<ymax>1490</ymax>
		</bndbox>
	</object>
	<object>
		<name>수제비</name>
		<bndbox>
			<xmin>867</xmin>
			<ymin>497</ymin>
			<xmax>2119</xmax>
			<ymax>1100</ymax>
		</bndbox>
	</object>
</annotation>