<annotation>
	<folder>top국물면류원형배달수제비q4</folder>
	<filename>top_국물면류_원형배달_수제비_Q4_00022.JPG</filename>
	<path>/top국물면류원형배달수제비q4/top_국물면류_원형배달_수제비_Q4_00022.JPG</path>
	<source>
		<database>fooddata</database>
	</source>
	<size>
		<width>3008</width>
		<height>2000</height>
		<depth>3</depth>
	</size>
	<object>
		<name>ref_spoon</name>
		<bndbox>
			<xmin>773</xmin>
			<ymin>1672</ymin>
			<xmax>1165</xmax>
			<ymax>1931</ymax>
		</bndbox>
	</object>
	<object>
		<name>ref_fork</name>
		<bndbox>
			<xmin>938</xmin>
			<ymin>1423</ymin>
			<xmax>1336</xmax>
			<ymax>1594</ymax>
		</bndbox>
	</object>
	<object>
		<name>ref_coin</name>
		<bndbox>
			<xmin>2271</xmin>
			<ymin>450</ymin>
			<xmax>2439</xmax>
			<ymax>610</ymax>
		</bndbox>
	</object>
	<object>
		<name>dish</name>
		<bndbox>
			<xmin>927</xmin>
			<ymin>58</ymin>
			<xmax>2172</xmax>
			<ymax>1258</ymax>
		</bndbox>
	</object>
	<object>
		<name>수제비</name>
		<bndbox>
			<xmin>1002</xmin>
			<ymin>179</ymin>
			<xmax>2070</xmax>
			<ymax>1206</ymax>
		</bndbox>
	</object>
</annotation>