<annotation>
	<folder>top국물면류원형배달수제비q4</folder>
	<filename>top_국물면류_원형배달_수제비_Q4_00036.JPG</filename>
	<path>/top국물면류원형배달수제비q4/top_국물면류_원형배달_수제비_Q4_00036.JPG</path>
	<source>
		<database>fooddata</database>
	</source>
	<size>
		<width>3008</width>
		<height>2000</height>
		<depth>3</depth>
	</size>
	<object>
		<name>ref_spoon</name>
		<bndbox>
			<xmin>439</xmin>
			<ymin>212</ymin>
			<xmax>721</xmax>
			<ymax>637</ymax>
		</bndbox>
	</object>
	<object>
		<name>ref_fork</name>
		<bndbox>
			<xmin>765</xmin>
			<ymin>262</ymin>
			<xmax>966</xmax>
			<ymax>737</ymax>
		</bndbox>
	</object>
	<object>
		<name>ref_coin</name>
		<bndbox>
			<xmin>1336</xmin>
			<ymin>1600</ymin>
			<xmax>1532</xmax>
			<ymax>1810</ymax>
		</bndbox>
	</object>
	<object>
		<name>dish</name>
		<bndbox>
			<xmin>1198</xmin>
			<ymin>119</ymin>
			<xmax>2635</xmax>
			<ymax>1548</ymax>
		</bndbox>
	</object>
	<object>
		<name>수제비</name>
		<bndbox>
			<xmin>1256</xmin>
			<ymin>259</ymin>
			<xmax>2483</xmax>
			<ymax>1476</ymax>
		</bndbox>
	</object>
</annotation>