<annotation>
	<folder>top국물면류원형배달수제비q4</folder>
	<filename>top_국물면류_원형배달_수제비_Q4_00017.JPG</filename>
	<path>/top국물면류원형배달수제비q4/top_국물면류_원형배달_수제비_Q4_00017.JPG</path>
	<source>
		<database>fooddata</database>
	</source>
	<size>
		<width>3008</width>
		<height>2000</height>
		<depth>3</depth>
	</size>
	<object>
		<name>ref_spoon</name>
		<bndbox>
			<xmin>2094</xmin>
			<ymin>149</ymin>
			<xmax>2351</xmax>
			<ymax>546</ymax>
		</bndbox>
	</object>
	<object>
		<name>ref_fork</name>
		<bndbox>
			<xmin>2478</xmin>
			<ymin>226</ymin>
			<xmax>2663</xmax>
			<ymax>657</ymax>
		</bndbox>
	</object>
	<object>
		<name>ref_coin</name>
		<bndbox>
			<xmin>467</xmin>
			<ymin>1404</ymin>
			<xmax>668</xmax>
			<ymax>1600</ymax>
		</bndbox>
	</object>
	<object>
		<name>dish</name>
		<bndbox>
			<xmin>668</xmin>
			<ymin>199</ymin>
			<xmax>2083</xmax>
			<ymax>1603</ymax>
		</bndbox>
	</object>
	<object>
		<name>수제비</name>
		<bndbox>
			<xmin>767</xmin>
			<ymin>320</ymin>
			<xmax>1965</xmax>
			<ymax>1514</ymax>
		</bndbox>
	</object>
</annotation>