<annotation>
	<folder>top국물면류원형배달수제비q4</folder>
	<filename>top_국물면류_원형배달_수제비_Q4_00019.JPG</filename>
	<path>/top국물면류원형배달수제비q4/top_국물면류_원형배달_수제비_Q4_00019.JPG</path>
	<source>
		<database>fooddata</database>
	</source>
	<size>
		<width>3008</width>
		<height>2000</height>
		<depth>3</depth>
	</size>
	<object>
		<name>ref_spoon</name>
		<bndbox>
			<xmin>765</xmin>
			<ymin>1630</ymin>
			<xmax>1123</xmax>
			<ymax>1884</ymax>
		</bndbox>
	</object>
	<object>
		<name>ref_fork</name>
		<bndbox>
			<xmin>938</xmin>
			<ymin>1388</ymin>
			<xmax>1325</xmax>
			<ymax>1548</ymax>
		</bndbox>
	</object>
	<object>
		<name>ref_coin</name>
		<bndbox>
			<xmin>2025</xmin>
			<ymin>1029</ymin>
			<xmax>2183</xmax>
			<ymax>1189</ymax>
		</bndbox>
	</object>
	<object>
		<name>dish</name>
		<bndbox>
			<xmin>950</xmin>
			<ymin>80</ymin>
			<xmax>2136</xmax>
			<ymax>1239</ymax>
		</bndbox>
	</object>
	<object>
		<name>수제비</name>
		<bndbox>
			<xmin>1030</xmin>
			<ymin>207</ymin>
			<xmax>2042</xmax>
			<ymax>1200</ymax>
		</bndbox>
	</object>
</annotation>