<annotation>
	<folder>top국물면류원형배달수제비q4</folder>
	<filename>top_국물면류_원형배달_수제비_Q4_00004.JPG</filename>
	<path>/top국물면류원형배달수제비q4/top_국물면류_원형배달_수제비_Q4_00004.JPG</path>
	<source>
		<database>fooddata</database>
	</source>
	<size>
		<width>3008</width>
		<height>2000</height>
		<depth>3</depth>
	</size>
	<object>
		<name>ref_spoon</name>
		<bndbox>
			<xmin>2089</xmin>
			<ymin>179</ymin>
			<xmax>2326</xmax>
			<ymax>582</ymax>
		</bndbox>
	</object>
	<object>
		<name>ref_fork</name>
		<bndbox>
			<xmin>2456</xmin>
			<ymin>254</ymin>
			<xmax>2635</xmax>
			<ymax>681</ymax>
		</bndbox>
	</object>
	<object>
		<name>ref_coin</name>
		<bndbox>
			<xmin>908</xmin>
			<ymin>1528</ymin>
			<xmax>1090</xmax>
			<ymax>1713</ymax>
		</bndbox>
	</object>
	<object>
		<name>dish</name>
		<bndbox>
			<xmin>759</xmin>
			<ymin>190</ymin>
			<xmax>2070</xmax>
			<ymax>1473</ymax>
		</bndbox>
	</object>
	<object>
		<name>수제비</name>
		<bndbox>
			<xmin>856</xmin>
			<ymin>303</ymin>
			<xmax>1967</xmax>
			<ymax>1399</ymax>
		</bndbox>
	</object>
</annotation>