<annotation>
	<folder>top국물면류원형배달수제비q4</folder>
	<filename>top_국물면류_원형배달_수제비_Q4_00034.JPG</filename>
	<path>/top국물면류원형배달수제비q4/top_국물면류_원형배달_수제비_Q4_00034.JPG</path>
	<source>
		<database>fooddata</database>
	</source>
	<size>
		<width>3008</width>
		<height>2000</height>
		<depth>3</depth>
	</size>
	<object>
		<name>ref_spoon</name>
		<bndbox>
			<xmin>839</xmin>
			<ymin>1644</ymin>
			<xmax>1187</xmax>
			<ymax>1884</ymax>
		</bndbox>
	</object>
	<object>
		<name>ref_fork</name>
		<bndbox>
			<xmin>1013</xmin>
			<ymin>1418</ymin>
			<xmax>1366</xmax>
			<ymax>1575</ymax>
		</bndbox>
	</object>
	<object>
		<name>ref_coin</name>
		<bndbox>
			<xmin>2136</xmin>
			<ymin>714</ymin>
			<xmax>2271</xmax>
			<ymax>858</ymax>
		</bndbox>
	</object>
	<object>
		<name>dish</name>
		<bndbox>
			<xmin>1076</xmin>
			<ymin>39</ymin>
			<xmax>2150</xmax>
			<ymax>1062</ymax>
		</bndbox>
	</object>
	<object>
		<name>수제비</name>
		<bndbox>
			<xmin>1140</xmin>
			<ymin>143</ymin>
			<xmax>2047</xmax>
			<ymax>1040</ymax>
		</bndbox>
	</object>
</annotation>