<annotation>
	<folder>side생선조림접시코다리조림q1</folder>
	<filename>side_생선조림_접시_코다리조림_Q1_00019.JPG</filename>
	<path>/side생선조림접시코다리조림q1/side_생선조림_접시_코다리조림_Q1_00019.JPG</path>
	<source>
		<database>fooddata</database>
	</source>
	<size>
		<width>3008</width>
		<height>2000</height>
		<depth>3</depth>
	</size>
	<object>
		<name>ref_spoon</name>
		<bndbox>
			<xmin>331</xmin>
			<ymin>1519</ymin>
			<xmax>940</xmax>
			<ymax>1797</ymax>
		</bndbox>
	</object>
	<object>
		<name>ref_fork</name>
		<bndbox>
			<xmin>564</xmin>
			<ymin>1260</ymin>
			<xmax>1146</xmax>
			<ymax>1510</ymax>
		</bndbox>
	</object>
	<object>
		<name>ref_coin</name>
		<bndbox>
			<xmin>2354</xmin>
			<ymin>714</ymin>
			<xmax>2560</xmax>
			<ymax>875</ymax>
		</bndbox>
	</object>
	<object>
		<name>dish</name>
		<bndbox>
			<xmin>636</xmin>
			<ymin>141</ymin>
			<xmax>2086</xmax>
			<ymax>1116</ymax>
		</bndbox>
	</object>
	<object>
		<name>코다리조림</name>
		<bndbox>
			<xmin>1173</xmin>
			<ymin>382</ymin>
			<xmax>1602</xmax>
			<ymax>758</ymax>
		</bndbox>
	</object>
</annotation>