<annotation>
	<folder>side생선조림접시코다리조림q1</folder>
	<filename>side_생선조림_접시_코다리조림_Q1_00043.JPG</filename>
	<path>/side생선조림접시코다리조림q1/side_생선조림_접시_코다리조림_Q1_00043.JPG</path>
	<source>
		<database>fooddata</database>
	</source>
	<size>
		<width>3008</width>
		<height>2000</height>
		<depth>3</depth>
	</size>
	<object>
		<name>ref_spoon</name>
		<bndbox>
			<xmin>421</xmin>
			<ymin>508</ymin>
			<xmax>680</xmax>
			<ymax>919</ymax>
		</bndbox>
	</object>
	<object>
		<name>ref_fork</name>
		<bndbox>
			<xmin>788</xmin>
			<ymin>526</ymin>
			<xmax>994</xmax>
			<ymax>1009</ymax>
		</bndbox>
	</object>
	<object>
		<name>ref_coin</name>
		<bndbox>
			<xmin>2659</xmin>
			<ymin>481</ymin>
			<xmax>2874</xmax>
			<ymax>651</ymax>
		</bndbox>
	</object>
	<object>
		<name>dish</name>
		<bndbox>
			<xmin>1003</xmin>
			<ymin>552</ymin>
			<xmax>2417</xmax>
			<ymax>1546</ymax>
		</bndbox>
	</object>
	<object>
		<name>코다리조림</name>
		<bndbox>
			<xmin>1567</xmin>
			<ymin>696</ymin>
			<xmax>2068</xmax>
			<ymax>1421</ymax>
		</bndbox>
	</object>
</annotation>