<annotation>
	<folder>side생선조림접시코다리조림q1</folder>
	<filename>side_생선조림_접시_코다리조림_Q1_00008.JPG</filename>
	<path>/side생선조림접시코다리조림q1/side_생선조림_접시_코다리조림_Q1_00008.JPG</path>
	<source>
		<database>fooddata</database>
	</source>
	<size>
		<width>3008</width>
		<height>2000</height>
		<depth>3</depth>
	</size>
	<object>
		<name>ref_spoon</name>
		<bndbox>
			<xmin>2131</xmin>
			<ymin>570</ymin>
			<xmax>2417</xmax>
			<ymax>1063</ymax>
		</bndbox>
	</object>
	<object>
		<name>ref_fork</name>
		<bndbox>
			<xmin>2525</xmin>
			<ymin>633</ymin>
			<xmax>2730</xmax>
			<ymax>1161</ymax>
		</bndbox>
	</object>
	<object>
		<name>ref_coin</name>
		<bndbox>
			<xmin>645</xmin>
			<ymin>230</ymin>
			<xmax>868</xmax>
			<ymax>400</ymax>
		</bndbox>
	</object>
	<object>
		<name>dish</name>
		<bndbox>
			<xmin>304</xmin>
			<ymin>543</ymin>
			<xmax>1970</xmax>
			<ymax>1752</ymax>
		</bndbox>
	</object>
	<object>
		<name>코다리조림</name>
		<bndbox>
			<xmin>1030</xmin>
			<ymin>964</ymin>
			<xmax>1531</xmax>
			<ymax>1412</ymax>
		</bndbox>
	</object>
</annotation>