<annotation>
	<folder>side생선조림접시코다리조림q1</folder>
	<filename>side_생선조림_접시_코다리조림_Q1_00044.JPG</filename>
	<path>/side생선조림접시코다리조림q1/side_생선조림_접시_코다리조림_Q1_00044.JPG</path>
	<source>
		<database>fooddata</database>
	</source>
	<size>
		<width>3008</width>
		<height>2000</height>
		<depth>3</depth>
	</size>
	<object>
		<name>ref_spoon</name>
		<bndbox>
			<xmin>313</xmin>
			<ymin>436</ymin>
			<xmax>591</xmax>
			<ymax>866</ymax>
		</bndbox>
	</object>
	<object>
		<name>ref_fork</name>
		<bndbox>
			<xmin>707</xmin>
			<ymin>463</ymin>
			<xmax>913</xmax>
			<ymax>973</ymax>
		</bndbox>
	</object>
	<object>
		<name>ref_coin</name>
		<bndbox>
			<xmin>2229</xmin>
			<ymin>275</ymin>
			<xmax>2426</xmax>
			<ymax>445</ymax>
		</bndbox>
	</object>
	<object>
		<name>dish</name>
		<bndbox>
			<xmin>922</xmin>
			<ymin>526</ymin>
			<xmax>2390</xmax>
			<ymax>1564</ymax>
		</bndbox>
	</object>
	<object>
		<name>코다리조림</name>
		<bndbox>
			<xmin>1226</xmin>
			<ymin>660</ymin>
			<xmax>2032</xmax>
			<ymax>1322</ymax>
		</bndbox>
	</object>
</annotation>