<annotation>
	<folder>side생선조림접시코다리조림q1</folder>
	<filename>side_생선조림_접시_코다리조림_Q1_00052.JPG</filename>
	<path>/side생선조림접시코다리조림q1/side_생선조림_접시_코다리조림_Q1_00052.JPG</path>
	<source>
		<database>fooddata</database>
	</source>
	<size>
		<width>3008</width>
		<height>2000</height>
		<depth>3</depth>
	</size>
	<object>
		<name>ref_spoon</name>
		<bndbox>
			<xmin>295</xmin>
			<ymin>508</ymin>
			<xmax>573</xmax>
			<ymax>910</ymax>
		</bndbox>
	</object>
	<object>
		<name>ref_fork</name>
		<bndbox>
			<xmin>662</xmin>
			<ymin>561</ymin>
			<xmax>886</xmax>
			<ymax>1045</ymax>
		</bndbox>
	</object>
	<object>
		<name>ref_coin</name>
		<bndbox>
			<xmin>2104</xmin>
			<ymin>445</ymin>
			<xmax>2337</xmax>
			<ymax>588</ymax>
		</bndbox>
	</object>
	<object>
		<name>dish</name>
		<bndbox>
			<xmin>1003</xmin>
			<ymin>660</ymin>
			<xmax>2399</xmax>
			<ymax>1645</ymax>
		</bndbox>
	</object>
	<object>
		<name>코다리조림</name>
		<bndbox>
			<xmin>1325</xmin>
			<ymin>1098</ymin>
			<xmax>1871</xmax>
			<ymax>1483</ymax>
		</bndbox>
	</object>
</annotation>