<annotation>
	<folder>top생선조림접시코다리조림q1</folder>
	<filename>top_생선조림_접시_코다리조림_Q1_00046.JPG</filename>
	<path>/top생선조림접시코다리조림q1/top_생선조림_접시_코다리조림_Q1_00046.JPG</path>
	<source>
		<database>fooddata</database>
	</source>
	<size>
		<width>3008</width>
		<height>2000</height>
		<depth>3</depth>
	</size>
	<object>
		<name>ref_spoon</name>
		<bndbox>
			<xmin>566</xmin>
			<ymin>324</ymin>
			<xmax>848</xmax>
			<ymax>805</ymax>
		</bndbox>
	</object>
	<object>
		<name>ref_fork</name>
		<bndbox>
			<xmin>936</xmin>
			<ymin>419</ymin>
			<xmax>1129</xmax>
			<ymax>941</ymax>
		</bndbox>
	</object>
	<object>
		<name>ref_coin</name>
		<bndbox>
			<xmin>1694</xmin>
			<ymin>116</ymin>
			<xmax>1890</xmax>
			<ymax>311</ymax>
		</bndbox>
	</object>
	<object>
		<name>dish</name>
		<bndbox>
			<xmin>1221</xmin>
			<ymin>486</ymin>
			<xmax>2592</xmax>
			<ymax>1856</ymax>
		</bndbox>
	</object>
	<object>
		<name>코다리조림</name>
		<bndbox>
			<xmin>1424</xmin>
			<ymin>812</ymin>
			<xmax>1872</xmax>
			<ymax>1481</ymax>
		</bndbox>
	</object>
</annotation>