<annotation>
	<folder>top생선조림접시코다리조림q1</folder>
	<filename>top_생선조림_접시_코다리조림_Q1_00008.JPG</filename>
	<path>/top생선조림접시코다리조림q1/top_생선조림_접시_코다리조림_Q1_00008.JPG</path>
	<source>
		<database>fooddata</database>
	</source>
	<size>
		<width>3008</width>
		<height>2000</height>
		<depth>3</depth>
	</size>
	<object>
		<name>ref_spoon</name>
		<bndbox>
			<xmin>2036</xmin>
			<ymin>332</ymin>
			<xmax>2322</xmax>
			<ymax>823</ymax>
		</bndbox>
	</object>
	<object>
		<name>ref_fork</name>
		<bndbox>
			<xmin>2383</xmin>
			<ymin>357</ymin>
			<xmax>2579</xmax>
			<ymax>879</ymax>
		</bndbox>
	</object>
	<object>
		<name>ref_coin</name>
		<bndbox>
			<xmin>553</xmin>
			<ymin>152</ymin>
			<xmax>761</xmax>
			<ymax>344</ymax>
		</bndbox>
	</object>
	<object>
		<name>dish</name>
		<bndbox>
			<xmin>501</xmin>
			<ymin>337</ymin>
			<xmax>1964</xmax>
			<ymax>1782</ymax>
		</bndbox>
	</object>
	<object>
		<name>코다리조림</name>
		<bndbox>
			<xmin>910</xmin>
			<ymin>758</ymin>
			<xmax>1478</xmax>
			<ymax>1270</ymax>
		</bndbox>
	</object>
</annotation>