<annotation>
	<folder>top생선조림접시코다리조림q1</folder>
	<filename>top_생선조림_접시_코다리조림_Q1_00013.JPG</filename>
	<path>/top생선조림접시코다리조림q1/top_생선조림_접시_코다리조림_Q1_00013.JPG</path>
	<source>
		<database>fooddata</database>
	</source>
	<size>
		<width>3008</width>
		<height>2000</height>
		<depth>3</depth>
	</size>
	<object>
		<name>ref_spoon</name>
		<bndbox>
			<xmin>1905</xmin>
			<ymin>193</ymin>
			<xmax>2193</xmax>
			<ymax>686</ymax>
		</bndbox>
	</object>
	<object>
		<name>ref_fork</name>
		<bndbox>
			<xmin>2255</xmin>
			<ymin>218</ymin>
			<xmax>2448</xmax>
			<ymax>727</ymax>
		</bndbox>
	</object>
	<object>
		<name>ref_coin</name>
		<bndbox>
			<xmin>1211</xmin>
			<ymin>1594</ymin>
			<xmax>1419</xmax>
			<ymax>1818</ymax>
		</bndbox>
	</object>
	<object>
		<name>dish</name>
		<bndbox>
			<xmin>242</xmin>
			<ymin>62</ymin>
			<xmax>1735</xmax>
			<ymax>1514</ymax>
		</bndbox>
	</object>
	<object>
		<name>코다리조림</name>
		<bndbox>
			<xmin>748</xmin>
			<ymin>458</ymin>
			<xmax>1275</xmax>
			<ymax>1075</ymax>
		</bndbox>
	</object>
</annotation>