<annotation>
	<folder>top생선조림접시코다리조림q1</folder>
	<filename>top_생선조림_접시_코다리조림_Q1_00017.JPG</filename>
	<path>/top생선조림접시코다리조림q1/top_생선조림_접시_코다리조림_Q1_00017.JPG</path>
	<source>
		<database>fooddata</database>
	</source>
	<size>
		<width>3008</width>
		<height>2000</height>
		<depth>3</depth>
	</size>
	<object>
		<name>ref_spoon</name>
		<bndbox>
			<xmin>1954</xmin>
			<ymin>442</ymin>
			<xmax>2226</xmax>
			<ymax>910</ymax>
		</bndbox>
	</object>
	<object>
		<name>ref_fork</name>
		<bndbox>
			<xmin>2278</xmin>
			<ymin>481</ymin>
			<xmax>2463</xmax>
			<ymax>979</ymax>
		</bndbox>
	</object>
	<object>
		<name>ref_coin</name>
		<bndbox>
			<xmin>1062</xmin>
			<ymin>41</ymin>
			<xmax>1265</xmax>
			<ymax>229</ymax>
		</bndbox>
	</object>
	<object>
		<name>dish</name>
		<bndbox>
			<xmin>550</xmin>
			<ymin>566</ymin>
			<xmax>1869</xmax>
			<ymax>1877</ymax>
		</bndbox>
	</object>
	<object>
		<name>코다리조림</name>
		<bndbox>
			<xmin>938</xmin>
			<ymin>941</ymin>
			<xmax>1471</xmax>
			<ymax>1542</ymax>
		</bndbox>
	</object>
</annotation>