<annotation>
	<folder>top생선조림접시코다리조림q1</folder>
	<filename>top_생선조림_접시_코다리조림_Q1_00055.JPG</filename>
	<path>/top생선조림접시코다리조림q1/top_생선조림_접시_코다리조림_Q1_00055.JPG</path>
	<source>
		<database>fooddata</database>
	</source>
	<size>
		<width>3008</width>
		<height>2000</height>
		<depth>3</depth>
	</size>
	<object>
		<name>ref_spoon</name>
		<bndbox>
			<xmin>404</xmin>
			<ymin>296</ymin>
			<xmax>689</xmax>
			<ymax>776</ymax>
		</bndbox>
	</object>
	<object>
		<name>ref_fork</name>
		<bndbox>
			<xmin>789</xmin>
			<ymin>378</ymin>
			<xmax>985</xmax>
			<ymax>895</ymax>
		</bndbox>
	</object>
	<object>
		<name>ref_coin</name>
		<bndbox>
			<xmin>1393</xmin>
			<ymin>118</ymin>
			<xmax>1589</xmax>
			<ymax>314</ymax>
		</bndbox>
	</object>
	<object>
		<name>dish</name>
		<bndbox>
			<xmin>1082</xmin>
			<ymin>411</ymin>
			<xmax>2435</xmax>
			<ymax>1751</ymax>
		</bndbox>
	</object>
	<object>
		<name>코다리조림</name>
		<bndbox>
			<xmin>1311</xmin>
			<ymin>555</ymin>
			<xmax>1761</xmax>
			<ymax>1229</ymax>
		</bndbox>
	</object>
</annotation>