<annotation>
	<folder>side건더기국류원형배달감자탕q4</folder>
	<filename>side_건더기국류_원형배달_감자탕_Q4_00032.JPG</filename>
	<path>/side건더기국류원형배달감자탕q4/side_건더기국류_원형배달_감자탕_Q4_00032.JPG</path>
	<source>
		<database>fooddata</database>
	</source>
	<size>
		<width>3008</width>
		<height>2000</height>
		<depth>3</depth>
	</size>
	<object>
		<name>ref_spoon</name>
		<bndbox>
			<xmin>624</xmin>
			<ymin>1566</ymin>
			<xmax>1096</xmax>
			<ymax>1835</ymax>
		</bndbox>
	</object>
	<object>
		<name>ref_fork</name>
		<bndbox>
			<xmin>663</xmin>
			<ymin>1349</ymin>
			<xmax>1153</xmax>
			<ymax>1587</ymax>
		</bndbox>
	</object>
	<object>
		<name>ref_coin</name>
		<bndbox>
			<xmin>2299</xmin>
			<ymin>1176</ymin>
			<xmax>2536</xmax>
			<ymax>1364</ymax>
		</bndbox>
	</object>
	<object>
		<name>dish</name>
		<bndbox>
			<xmin>798</xmin>
			<ymin>104</ymin>
			<xmax>2252</xmax>
			<ymax>1254</ymax>
		</bndbox>
	</object>
	<object>
		<name>감자탕</name>
		<bndbox>
			<xmin>990</xmin>
			<ymin>257</ymin>
			<xmax>2079</xmax>
			<ymax>885</ymax>
		</bndbox>
	</object>
</annotation>