<annotation>
	<folder>side건더기국류원형배달감자탕q4</folder>
	<filename>side_건더기국류_원형배달_감자탕_Q4_00027.JPG</filename>
	<path>/side건더기국류원형배달감자탕q4/side_건더기국류_원형배달_감자탕_Q4_00027.JPG</path>
	<source>
		<database>fooddata</database>
	</source>
	<size>
		<width>3008</width>
		<height>2000</height>
		<depth>3</depth>
	</size>
	<object>
		<name>ref_spoon</name>
		<bndbox>
			<xmin>518</xmin>
			<ymin>1523</ymin>
			<xmax>993</xmax>
			<ymax>1786</ymax>
		</bndbox>
	</object>
	<object>
		<name>ref_fork</name>
		<bndbox>
			<xmin>553</xmin>
			<ymin>1307</ymin>
			<xmax>1036</xmax>
			<ymax>1530</ymax>
		</bndbox>
	</object>
	<object>
		<name>ref_coin</name>
		<bndbox>
			<xmin>99</xmin>
			<ymin>835</ymin>
			<xmax>330</xmax>
			<ymax>998</ymax>
		</bndbox>
	</object>
	<object>
		<name>dish</name>
		<bndbox>
			<xmin>638</xmin>
			<ymin>72</ymin>
			<xmax>2096</xmax>
			<ymax>1218</ymax>
		</bndbox>
	</object>
	<object>
		<name>감자탕</name>
		<bndbox>
			<xmin>809</xmin>
			<ymin>420</ymin>
			<xmax>1926</xmax>
			<ymax>863</ymax>
		</bndbox>
	</object>
</annotation>