<annotation>
	<folder>side건더기국류원형배달감자탕q4</folder>
	<filename>side_건더기국류_원형배달_감자탕_Q4_00006.JPG</filename>
	<path>/side건더기국류원형배달감자탕q4/side_건더기국류_원형배달_감자탕_Q4_00006.JPG</path>
	<source>
		<database>fooddata</database>
	</source>
	<size>
		<width>3008</width>
		<height>2000</height>
		<depth>3</depth>
	</size>
	<object>
		<name>ref_spoon</name>
		<bndbox>
			<xmin>2213</xmin>
			<ymin>466</ymin>
			<xmax>2526</xmax>
			<ymax>856</ymax>
		</bndbox>
	</object>
	<object>
		<name>ref_fork</name>
		<bndbox>
			<xmin>2607</xmin>
			<ymin>470</ymin>
			<xmax>2852</xmax>
			<ymax>885</ymax>
		</bndbox>
	</object>
	<object>
		<name>ref_coin</name>
		<bndbox>
			<xmin>92</xmin>
			<ymin>980</ymin>
			<xmax>355</xmax>
			<ymax>1161</ymax>
		</bndbox>
	</object>
	<object>
		<name>dish</name>
		<bndbox>
			<xmin>440</xmin>
			<ymin>218</ymin>
			<xmax>2121</xmax>
			<ymax>1573</ymax>
		</bndbox>
	</object>
	<object>
		<name>감자탕</name>
		<bndbox>
			<xmin>642</xmin>
			<ymin>622</ymin>
			<xmax>1901</xmax>
			<ymax>1168</ymax>
		</bndbox>
	</object>
</annotation>