<annotation>
	<folder>side건더기국류원형배달감자탕q4</folder>
	<filename>side_건더기국류_원형배달_감자탕_Q4_00009.JPG</filename>
	<path>/side건더기국류원형배달감자탕q4/side_건더기국류_원형배달_감자탕_Q4_00009.JPG</path>
	<source>
		<database>fooddata</database>
	</source>
	<size>
		<width>3008</width>
		<height>2000</height>
		<depth>3</depth>
	</size>
	<object>
		<name>ref_spoon</name>
		<bndbox>
			<xmin>2001</xmin>
			<ymin>672</ymin>
			<xmax>2313</xmax>
			<ymax>1020</ymax>
		</bndbox>
	</object>
	<object>
		<name>ref_fork</name>
		<bndbox>
			<xmin>2391</xmin>
			<ymin>668</ymin>
			<xmax>2628</xmax>
			<ymax>1066</ymax>
		</bndbox>
	</object>
	<object>
		<name>ref_coin</name>
		<bndbox>
			<xmin>1731</xmin>
			<ymin>512</ymin>
			<xmax>1962</xmax>
			<ymax>672</ymax>
		</bndbox>
	</object>
	<object>
		<name>dish</name>
		<bndbox>
			<xmin>238</xmin>
			<ymin>491</ymin>
			<xmax>1937</xmax>
			<ymax>1842</ymax>
		</bndbox>
	</object>
	<object>
		<name>감자탕</name>
		<bndbox>
			<xmin>429</xmin>
			<ymin>874</ymin>
			<xmax>1735</xmax>
			<ymax>1438</ymax>
		</bndbox>
	</object>
</annotation>