<annotation>
	<folder>side건더기국류원형배달감자탕q4</folder>
	<filename>side_건더기국류_원형배달_감자탕_Q4_00055.JPG</filename>
	<path>/side건더기국류원형배달감자탕q4/side_건더기국류_원형배달_감자탕_Q4_00055.JPG</path>
	<source>
		<database>fooddata</database>
	</source>
	<size>
		<width>3008</width>
		<height>2000</height>
		<depth>3</depth>
	</size>
	<object>
		<name>ref_spoon</name>
		<bndbox>
			<xmin>110</xmin>
			<ymin>690</ymin>
			<xmax>415</xmax>
			<ymax>1030</ymax>
		</bndbox>
	</object>
	<object>
		<name>ref_fork</name>
		<bndbox>
			<xmin>518</xmin>
			<ymin>686</ymin>
			<xmax>731</xmax>
			<ymax>1076</ymax>
		</bndbox>
	</object>
	<object>
		<name>ref_coin</name>
		<bndbox>
			<xmin>2632</xmin>
			<ymin>885</ymin>
			<xmax>2855</xmax>
			<ymax>1051</ymax>
		</bndbox>
	</object>
	<object>
		<name>dish</name>
		<bndbox>
			<xmin>975</xmin>
			<ymin>218</ymin>
			<xmax>2440</xmax>
			<ymax>1399</ymax>
		</bndbox>
	</object>
	<object>
		<name>감자탕</name>
		<bndbox>
			<xmin>1149</xmin>
			<ymin>516</ymin>
			<xmax>2252</xmax>
			<ymax>1066</ymax>
		</bndbox>
	</object>
</annotation>