<annotation>
	<folder>side건더기국류원형배달감자탕q4</folder>
	<filename>side_건더기국류_원형배달_감자탕_Q4_00035.JPG</filename>
	<path>/side건더기국류원형배달감자탕q4/side_건더기국류_원형배달_감자탕_Q4_00035.JPG</path>
	<source>
		<database>fooddata</database>
	</source>
	<size>
		<width>3008</width>
		<height>2000</height>
		<depth>3</depth>
	</size>
	<object>
		<name>ref_spoon</name>
		<bndbox>
			<xmin>234</xmin>
			<ymin>785</ymin>
			<xmax>536</xmax>
			<ymax>1119</ymax>
		</bndbox>
	</object>
	<object>
		<name>ref_fork</name>
		<bndbox>
			<xmin>649</xmin>
			<ymin>782</ymin>
			<xmax>862</xmax>
			<ymax>1165</ymax>
		</bndbox>
	</object>
	<object>
		<name>ref_coin</name>
		<bndbox>
			<xmin>1330</xmin>
			<ymin>1718</ymin>
			<xmax>1589</xmax>
			<ymax>1906</ymax>
		</bndbox>
	</object>
	<object>
		<name>dish</name>
		<bndbox>
			<xmin>1029</xmin>
			<ymin>321</ymin>
			<xmax>2487</xmax>
			<ymax>1498</ymax>
		</bndbox>
	</object>
	<object>
		<name>감자탕</name>
		<bndbox>
			<xmin>1178</xmin>
			<ymin>658</ymin>
			<xmax>2299</xmax>
			<ymax>1140</ymax>
		</bndbox>
	</object>
</annotation>