<annotation>
	<folder>side건더기국류원형배달감자탕q4-재작업</folder>
	<filename>side_건더기국류_원형배달_감자탕_Q4_00022.JPG</filename>
	<path>/side건더기국류원형배달감자탕q4/side_건더기국류_원형배달_감자탕_Q4_00022.JPG</path>
	<source>
		<database>fooddata</database>
	</source>
	<size>
		<width>3008</width>
		<height>2000</height>
		<depth>3</depth>
	</size>
	<object>
		<name>ref_spoon</name>
		<bndbox>
			<xmin>548</xmin>
			<ymin>1646</ymin>
			<xmax>1022</xmax>
			<ymax>1885</ymax>
		</bndbox>
	</object>
	<object>
		<name>ref_fork</name>
		<bndbox>
			<xmin>590</xmin>
			<ymin>1425</ymin>
			<xmax>1076</xmax>
			<ymax>1634</ymax>
		</bndbox>
	</object>
	<object>
		<name>ref_coin</name>
		<bndbox>
			<xmin>2460</xmin>
			<ymin>627</ymin>
			<xmax>2637</xmax>
			<ymax>747</ymax>
		</bndbox>
	</object>
	<object>
		<name>dish</name>
		<bndbox>
			<xmin>782</xmin>
			<ymin>216</ymin>
			<xmax>2229</xmax>
			<ymax>1312</ymax>
		</bndbox>
	</object>
	<object>
		<name>감자탕</name>
		<bndbox>
			<xmin>988</xmin>
			<ymin>364</ymin>
			<xmax>2040</xmax>
			<ymax>951</ymax>
		</bndbox>
	</object>
</annotation>