<annotation>
	<folder>top건더기국류원형배달감자탕q4</folder>
	<filename>top_건더기국류_원형배달_감자탕_Q4_00040.JPG</filename>
	<path>/top건더기국류원형배달감자탕q4/top_건더기국류_원형배달_감자탕_Q4_00040.JPG</path>
	<source>
		<database>fooddata</database>
	</source>
	<size>
		<width>3008</width>
		<height>2000</height>
		<depth>3</depth>
	</size>
	<object>
		<name>ref_spoon</name>
		<bndbox>
			<xmin>213</xmin>
			<ymin>303</ymin>
			<xmax>481</xmax>
			<ymax>695</ymax>
		</bndbox>
	</object>
	<object>
		<name>ref_fork</name>
		<bndbox>
			<xmin>610</xmin>
			<ymin>417</ymin>
			<xmax>792</xmax>
			<ymax>850</ymax>
		</bndbox>
	</object>
	<object>
		<name>ref_coin</name>
		<bndbox>
			<xmin>2376</xmin>
			<ymin>251</ymin>
			<xmax>2544</xmax>
			<ymax>419</ymax>
		</bndbox>
	</object>
	<object>
		<name>dish</name>
		<bndbox>
			<xmin>914</xmin>
			<ymin>284</ymin>
			<xmax>2376</xmax>
			<ymax>1766</ymax>
		</bndbox>
	</object>
	<object>
		<name>감자탕</name>
		<bndbox>
			<xmin>1076</xmin>
			<ymin>513</ymin>
			<xmax>2166</xmax>
			<ymax>1597</ymax>
		</bndbox>
	</object>
</annotation>