<annotation>
	<folder>top건더기국류원형배달감자탕q4</folder>
	<filename>top_건더기국류_원형배달_감자탕_Q4_00001.JPG</filename>
	<path>/top건더기국류원형배달감자탕q4/top_건더기국류_원형배달_감자탕_Q4_00001.JPG</path>
	<source>
		<database>fooddata</database>
	</source>
	<size>
		<width>3008</width>
		<height>2000</height>
		<depth>3</depth>
	</size>
	<object>
		<name>ref_spoon</name>
		<bndbox>
			<xmin>293</xmin>
			<ymin>337</ymin>
			<xmax>533</xmax>
			<ymax>684</ymax>
		</bndbox>
	</object>
	<object>
		<name>ref_fork</name>
		<bndbox>
			<xmin>696</xmin>
			<ymin>375</ymin>
			<xmax>858</xmax>
			<ymax>764</ymax>
		</bndbox>
	</object>
	<object>
		<name>ref_coin</name>
		<bndbox>
			<xmin>1526</xmin>
			<ymin>97</ymin>
			<xmax>1683</xmax>
			<ymax>246</ymax>
		</bndbox>
	</object>
	<object>
		<name>dish</name>
		<bndbox>
			<xmin>1123</xmin>
			<ymin>425</ymin>
			<xmax>2467</xmax>
			<ymax>1771</ymax>
		</bndbox>
	</object>
	<object>
		<name>감자탕</name>
		<bndbox>
			<xmin>1256</xmin>
			<ymin>626</ymin>
			<xmax>2260</xmax>
			<ymax>1628</ymax>
		</bndbox>
	</object>
</annotation>