<annotation>
	<folder>top건더기국류원형배달감자탕q4</folder>
	<filename>top_건더기국류_원형배달_감자탕_Q4_00044.JPG</filename>
	<path>/top건더기국류원형배달감자탕q4/top_건더기국류_원형배달_감자탕_Q4_00044.JPG</path>
	<source>
		<database>fooddata</database>
	</source>
	<size>
		<width>3008</width>
		<height>2000</height>
		<depth>3</depth>
	</size>
	<object>
		<name>ref_spoon</name>
		<bndbox>
			<xmin>456</xmin>
			<ymin>337</ymin>
			<xmax>696</xmax>
			<ymax>692</ymax>
		</bndbox>
	</object>
	<object>
		<name>ref_fork</name>
		<bndbox>
			<xmin>817</xmin>
			<ymin>430</ymin>
			<xmax>983</xmax>
			<ymax>822</ymax>
		</bndbox>
	</object>
	<object>
		<name>ref_coin</name>
		<bndbox>
			<xmin>1882</xmin>
			<ymin>1559</ymin>
			<xmax>2047</xmax>
			<ymax>1738</ymax>
		</bndbox>
	</object>
	<object>
		<name>dish</name>
		<bndbox>
			<xmin>1148</xmin>
			<ymin>39</ymin>
			<xmax>2464</xmax>
			<ymax>1338</ymax>
		</bndbox>
	</object>
	<object>
		<name>감자탕</name>
		<bndbox>
			<xmin>1278</xmin>
			<ymin>268</ymin>
			<xmax>2257</xmax>
			<ymax>1244</ymax>
		</bndbox>
	</object>
</annotation>