<annotation>
	<folder>top건더기국류원형배달감자탕q4</folder>
	<filename>top_건더기국류_원형배달_감자탕_Q4_00047.JPG</filename>
	<path>/top건더기국류원형배달감자탕q4/top_건더기국류_원형배달_감자탕_Q4_00047.JPG</path>
	<source>
		<database>fooddata</database>
	</source>
	<size>
		<width>3008</width>
		<height>2000</height>
		<depth>3</depth>
	</size>
	<object>
		<name>ref_spoon</name>
		<bndbox>
			<xmin>456</xmin>
			<ymin>417</ymin>
			<xmax>690</xmax>
			<ymax>786</ymax>
		</bndbox>
	</object>
	<object>
		<name>ref_fork</name>
		<bndbox>
			<xmin>875</xmin>
			<ymin>436</ymin>
			<xmax>1021</xmax>
			<ymax>836</ymax>
		</bndbox>
	</object>
	<object>
		<name>ref_coin</name>
		<bndbox>
			<xmin>1929</xmin>
			<ymin>1630</ymin>
			<xmax>2097</xmax>
			<ymax>1790</ymax>
		</bndbox>
	</object>
	<object>
		<name>dish</name>
		<bndbox>
			<xmin>1236</xmin>
			<ymin>94</ymin>
			<xmax>2547</xmax>
			<ymax>1421</ymax>
		</bndbox>
	</object>
	<object>
		<name>감자탕</name>
		<bndbox>
			<xmin>1366</xmin>
			<ymin>287</ymin>
			<xmax>2348</xmax>
			<ymax>1286</ymax>
		</bndbox>
	</object>
</annotation>