<annotation>
	<folder>top건더기국류원형배달감자탕q4</folder>
	<filename>top_건더기국류_원형배달_감자탕_Q4_00010.JPG</filename>
	<path>/top건더기국류원형배달감자탕q4/top_건더기국류_원형배달_감자탕_Q4_00010.JPG</path>
	<source>
		<database>fooddata</database>
	</source>
	<size>
		<width>3008</width>
		<height>2000</height>
		<depth>3</depth>
	</size>
	<object>
		<name>ref_spoon</name>
		<bndbox>
			<xmin>2265</xmin>
			<ymin>268</ymin>
			<xmax>2500</xmax>
			<ymax>657</ymax>
		</bndbox>
	</object>
	<object>
		<name>ref_fork</name>
		<bndbox>
			<xmin>2654</xmin>
			<ymin>298</ymin>
			<xmax>2845</xmax>
			<ymax>726</ymax>
		</bndbox>
	</object>
	<object>
		<name>ref_coin</name>
		<bndbox>
			<xmin>1363</xmin>
			<ymin>41</ymin>
			<xmax>1545</xmax>
			<ymax>221</ymax>
		</bndbox>
	</object>
	<object>
		<name>dish</name>
		<bndbox>
			<xmin>632</xmin>
			<ymin>397</ymin>
			<xmax>2161</xmax>
			<ymax>1928</ymax>
		</bndbox>
	</object>
	<object>
		<name>감자탕</name>
		<bndbox>
			<xmin>820</xmin>
			<ymin>596</ymin>
			<xmax>1992</xmax>
			<ymax>1746</ymax>
		</bndbox>
	</object>
</annotation>