<annotation>
	<folder>side기타튀김접시새우튀김q3</folder>
	<filename>side_기타튀김_접시_새우튀김_Q3_00021.JPG</filename>
	<path>/side기타튀김접시새우튀김q3/side_기타튀김_접시_새우튀김_Q3_00021.JPG</path>
	<source>
		<database>fooddata</database>
	</source>
	<size>
		<width>3008</width>
		<height>2000</height>
		<depth>3</depth>
	</size>
	<object>
		<name>ref_spoon</name>
		<bndbox>
			<xmin>1097</xmin>
			<ymin>1623</ymin>
			<xmax>1497</xmax>
			<ymax>1851</ymax>
		</bndbox>
	</object>
	<object>
		<name>ref_fork</name>
		<bndbox>
			<xmin>1127</xmin>
			<ymin>1332</ymin>
			<xmax>1548</xmax>
			<ymax>1532</ymax>
		</bndbox>
	</object>
	<object>
		<name>ref_coin</name>
		<bndbox>
			<xmin>2136</xmin>
			<ymin>523</ymin>
			<xmax>2310</xmax>
			<ymax>642</ymax>
		</bndbox>
	</object>
	<object>
		<name>dish</name>
		<bndbox>
			<xmin>912</xmin>
			<ymin>432</ymin>
			<xmax>2161</xmax>
			<ymax>1260</ymax>
		</bndbox>
	</object>
	<object>
		<name>새우튀김</name>
		<bndbox>
			<xmin>1188</xmin>
			<ymin>472</ymin>
			<xmax>1911</xmax>
			<ymax>1078</ymax>
		</bndbox>
	</object>
</annotation>