<annotation>
	<folder>side기타튀김접시새우튀김q3</folder>
	<filename>side_기타튀김_접시_새우튀김_Q3_00011.JPG</filename>
	<path>/side기타튀김접시새우튀김q3/side_기타튀김_접시_새우튀김_Q3_00011.JPG</path>
	<source>
		<database>fooddata</database>
	</source>
	<size>
		<width>3008</width>
		<height>2000</height>
		<depth>3</depth>
	</size>
	<object>
		<name>ref_spoon</name>
		<bndbox>
			<xmin>1900</xmin>
			<ymin>341</ymin>
			<xmax>2146</xmax>
			<ymax>642</ymax>
		</bndbox>
	</object>
	<object>
		<name>ref_fork</name>
		<bndbox>
			<xmin>2266</xmin>
			<ymin>327</ymin>
			<xmax>2473</xmax>
			<ymax>664</ymax>
		</bndbox>
	</object>
	<object>
		<name>ref_coin</name>
		<bndbox>
			<xmin>1482</xmin>
			<ymin>352</ymin>
			<xmax>1664</xmax>
			<ymax>475</ymax>
		</bndbox>
	</object>
	<object>
		<name>dish</name>
		<bndbox>
			<xmin>600</xmin>
			<ymin>475</ymin>
			<xmax>1921</xmax>
			<ymax>1376</ymax>
		</bndbox>
	</object>
	<object>
		<name>새우튀김</name>
		<bndbox>
			<xmin>793</xmin>
			<ymin>686</ymin>
			<xmax>1722</xmax>
			<ymax>1129</ymax>
		</bndbox>
	</object>
</annotation>