<annotation>
	<folder>side기타튀김접시새우튀김q3</folder>
	<filename>side_기타튀김_접시_새우튀김_Q3_00052.JPG</filename>
	<path>/side기타튀김접시새우튀김q3/side_기타튀김_접시_새우튀김_Q3_00052.JPG</path>
	<source>
		<database>fooddata</database>
	</source>
	<size>
		<width>3008</width>
		<height>2000</height>
		<depth>3</depth>
	</size>
	<object>
		<name>ref_spoon</name>
		<bndbox>
			<xmin>470</xmin>
			<ymin>417</ymin>
			<xmax>738</xmax>
			<ymax>744</ymax>
		</bndbox>
	</object>
	<object>
		<name>ref_fork</name>
		<bndbox>
			<xmin>843</xmin>
			<ymin>417</ymin>
			<xmax>1025</xmax>
			<ymax>780</ymax>
		</bndbox>
	</object>
	<object>
		<name>ref_coin</name>
		<bndbox>
			<xmin>1283</xmin>
			<ymin>1394</ymin>
			<xmax>1504</xmax>
			<ymax>1550</ymax>
		</bndbox>
	</object>
	<object>
		<name>dish</name>
		<bndbox>
			<xmin>1185</xmin>
			<ymin>392</ymin>
			<xmax>2546</xmax>
			<ymax>1249</ymax>
		</bndbox>
	</object>
	<object>
		<name>새우튀김</name>
		<bndbox>
			<xmin>1410</xmin>
			<ymin>450</ymin>
			<xmax>2306</xmax>
			<ymax>1042</ymax>
		</bndbox>
	</object>
</annotation>