<annotation>
	<folder>side기타튀김접시새우튀김q3</folder>
	<filename>side_기타튀김_접시_새우튀김_Q3_00029.JPG</filename>
	<path>/side기타튀김접시새우튀김q3/side_기타튀김_접시_새우튀김_Q3_00029.JPG</path>
	<source>
		<database>fooddata</database>
	</source>
	<size>
		<width>3008</width>
		<height>2000</height>
		<depth>3</depth>
	</size>
	<object>
		<name>ref_spoon</name>
		<bndbox>
			<xmin>1232</xmin>
			<ymin>1466</ymin>
			<xmax>1595</xmax>
			<ymax>1673</ymax>
		</bndbox>
	</object>
	<object>
		<name>ref_fork</name>
		<bndbox>
			<xmin>1228</xmin>
			<ymin>1194</ymin>
			<xmax>1620</xmax>
			<ymax>1372</ymax>
		</bndbox>
	</object>
	<object>
		<name>ref_coin</name>
		<bndbox>
			<xmin>727</xmin>
			<ymin>1575</ymin>
			<xmax>927</xmax>
			<ymax>1731</ymax>
		</bndbox>
	</object>
	<object>
		<name>dish</name>
		<bndbox>
			<xmin>1163</xmin>
			<ymin>345</ymin>
			<xmax>2332</xmax>
			<ymax>1103</ymax>
		</bndbox>
	</object>
	<object>
		<name>새우튀김</name>
		<bndbox>
			<xmin>1413</xmin>
			<ymin>439</ymin>
			<xmax>2150</xmax>
			<ymax>958</ymax>
		</bndbox>
	</object>
</annotation>