<annotation>
	<folder>side기타튀김접시새우튀김q3</folder>
	<filename>side_기타튀김_접시_새우튀김_Q3_00019.JPG</filename>
	<path>/side기타튀김접시새우튀김q3/side_기타튀김_접시_새우튀김_Q3_00019.JPG</path>
	<source>
		<database>fooddata</database>
	</source>
	<size>
		<width>3008</width>
		<height>2000</height>
		<depth>3</depth>
	</size>
	<object>
		<name>ref_spoon</name>
		<bndbox>
			<xmin>1010</xmin>
			<ymin>1528</ymin>
			<xmax>1406</xmax>
			<ymax>1753</ymax>
		</bndbox>
	</object>
	<object>
		<name>ref_fork</name>
		<bndbox>
			<xmin>1036</xmin>
			<ymin>1234</ymin>
			<xmax>1460</xmax>
			<ymax>1430</ymax>
		</bndbox>
	</object>
	<object>
		<name>ref_coin</name>
		<bndbox>
			<xmin>2259</xmin>
			<ymin>784</ymin>
			<xmax>2440</xmax>
			<ymax>915</ymax>
		</bndbox>
	</object>
	<object>
		<name>dish</name>
		<bndbox>
			<xmin>840</xmin>
			<ymin>323</ymin>
			<xmax>2074</xmax>
			<ymax>1143</ymax>
		</bndbox>
	</object>
	<object>
		<name>새우튀김</name>
		<bndbox>
			<xmin>974</xmin>
			<ymin>486</ymin>
			<xmax>1842</xmax>
			<ymax>1005</ymax>
		</bndbox>
	</object>
</annotation>