<annotation>
	<folder>side기타튀김접시새우튀김q3</folder>
	<filename>side_기타튀김_접시_새우튀김_Q3_00002.JPG</filename>
	<path>/side기타튀김접시새우튀김q3/side_기타튀김_접시_새우튀김_Q3_00002.JPG</path>
	<source>
		<database>fooddata</database>
	</source>
	<size>
		<width>3008</width>
		<height>2000</height>
		<depth>3</depth>
	</size>
	<object>
		<name>ref_spoon</name>
		<bndbox>
			<xmin>1867</xmin>
			<ymin>283</ymin>
			<xmax>2136</xmax>
			<ymax>621</ymax>
		</bndbox>
	</object>
	<object>
		<name>ref_fork</name>
		<bndbox>
			<xmin>2266</xmin>
			<ymin>250</ymin>
			<xmax>2491</xmax>
			<ymax>635</ymax>
		</bndbox>
	</object>
	<object>
		<name>ref_coin</name>
		<bndbox>
			<xmin>1475</xmin>
			<ymin>1550</ymin>
			<xmax>1704</xmax>
			<ymax>1724</ymax>
		</bndbox>
	</object>
	<object>
		<name>dish</name>
		<bndbox>
			<xmin>499</xmin>
			<ymin>425</ymin>
			<xmax>1911</xmax>
			<ymax>1441</ymax>
		</bndbox>
	</object>
	<object>
		<name>새우튀김</name>
		<bndbox>
			<xmin>825</xmin>
			<ymin>505</ymin>
			<xmax>1627</xmax>
			<ymax>1198</ymax>
		</bndbox>
	</object>
</annotation>