<annotation>
	<folder>side기타튀김접시새우튀김q3</folder>
	<filename>side_기타튀김_접시_새우튀김_Q3_00001.JPG</filename>
	<path>/side기타튀김접시새우튀김q3/side_기타튀김_접시_새우튀김_Q3_00001.JPG</path>
	<source>
		<database>fooddata</database>
	</source>
	<size>
		<width>3008</width>
		<height>2000</height>
		<depth>3</depth>
	</size>
	<object>
		<name>ref_spoon</name>
		<bndbox>
			<xmin>1678</xmin>
			<ymin>258</ymin>
			<xmax>1936</xmax>
			<ymax>570</ymax>
		</bndbox>
	</object>
	<object>
		<name>ref_fork</name>
		<bndbox>
			<xmin>2056</xmin>
			<ymin>247</ymin>
			<xmax>2270</xmax>
			<ymax>592</ymax>
		</bndbox>
	</object>
	<object>
		<name>ref_coin</name>
		<bndbox>
			<xmin>1613</xmin>
			<ymin>1285</ymin>
			<xmax>1823</xmax>
			<ymax>1445</ymax>
		</bndbox>
	</object>
	<object>
		<name>dish</name>
		<bndbox>
			<xmin>357</xmin>
			<ymin>374</ymin>
			<xmax>1718</xmax>
			<ymax>1296</ymax>
		</bndbox>
	</object>
	<object>
		<name>새우튀김</name>
		<bndbox>
			<xmin>586</xmin>
			<ymin>599</ymin>
			<xmax>1526</xmax>
			<ymax>1034</ymax>
		</bndbox>
	</object>
</annotation>