<annotation>
	<folder>side기타튀김접시새우튀김q3</folder>
	<filename>side_기타튀김_접시_새우튀김_Q3_00039.JPG</filename>
	<path>/side기타튀김접시새우튀김q3/side_기타튀김_접시_새우튀김_Q3_00039.JPG</path>
	<source>
		<database>fooddata</database>
	</source>
	<size>
		<width>3008</width>
		<height>2000</height>
		<depth>3</depth>
	</size>
	<object>
		<name>ref_spoon</name>
		<bndbox>
			<xmin>593</xmin>
			<ymin>693</ymin>
			<xmax>843</xmax>
			<ymax>991</ymax>
		</bndbox>
	</object>
	<object>
		<name>ref_fork</name>
		<bndbox>
			<xmin>938</xmin>
			<ymin>697</ymin>
			<xmax>1101</xmax>
			<ymax>1045</ymax>
		</bndbox>
	</object>
	<object>
		<name>ref_coin</name>
		<bndbox>
			<xmin>2626</xmin>
			<ymin>1129</ymin>
			<xmax>2803</xmax>
			<ymax>1260</ymax>
		</bndbox>
	</object>
	<object>
		<name>dish</name>
		<bndbox>
			<xmin>1264</xmin>
			<ymin>690</ymin>
			<xmax>2480</xmax>
			<ymax>1535</ymax>
		</bndbox>
	</object>
	<object>
		<name>새우튀김</name>
		<bndbox>
			<xmin>1642</xmin>
			<ymin>777</ymin>
			<xmax>2368</xmax>
			<ymax>1376</ymax>
		</bndbox>
	</object>
</annotation>