<annotation>
	<folder>side기타튀김접시새우튀김q3</folder>
	<filename>side_기타튀김_접시_새우튀김_Q3_00010.JPG</filename>
	<path>/side기타튀김접시새우튀김q3/side_기타튀김_접시_새우튀김_Q3_00010.JPG</path>
	<source>
		<database>fooddata</database>
	</source>
	<size>
		<width>3008</width>
		<height>2000</height>
		<depth>3</depth>
	</size>
	<object>
		<name>ref_spoon</name>
		<bndbox>
			<xmin>1900</xmin>
			<ymin>436</ymin>
			<xmax>2146</xmax>
			<ymax>733</ymax>
		</bndbox>
	</object>
	<object>
		<name>ref_fork</name>
		<bndbox>
			<xmin>2274</xmin>
			<ymin>432</ymin>
			<xmax>2473</xmax>
			<ymax>770</ymax>
		</bndbox>
	</object>
	<object>
		<name>ref_coin</name>
		<bndbox>
			<xmin>1199</xmin>
			<ymin>359</ymin>
			<xmax>1373</xmax>
			<ymax>483</ymax>
		</bndbox>
	</object>
	<object>
		<name>dish</name>
		<bndbox>
			<xmin>629</xmin>
			<ymin>563</ymin>
			<xmax>1940</xmax>
			<ymax>1448</ymax>
		</bndbox>
	</object>
	<object>
		<name>새우튀김</name>
		<bndbox>
			<xmin>803</xmin>
			<ymin>701</ymin>
			<xmax>1620</xmax>
			<ymax>1212</ymax>
		</bndbox>
	</object>
</annotation>