<annotation>
	<folder>side기타튀김접시새우튀김q3</folder>
	<filename>side_기타튀김_접시_새우튀김_Q3_00032.JPG</filename>
	<path>/side기타튀김접시새우튀김q3/side_기타튀김_접시_새우튀김_Q3_00032.JPG</path>
	<source>
		<database>fooddata</database>
	</source>
	<size>
		<width>3008</width>
		<height>2000</height>
		<depth>3</depth>
	</size>
	<object>
		<name>ref_spoon</name>
		<bndbox>
			<xmin>865</xmin>
			<ymin>1506</ymin>
			<xmax>1246</xmax>
			<ymax>1721</ymax>
		</bndbox>
	</object>
	<object>
		<name>ref_fork</name>
		<bndbox>
			<xmin>894</xmin>
			<ymin>1234</ymin>
			<xmax>1304</xmax>
			<ymax>1416</ymax>
		</bndbox>
	</object>
	<object>
		<name>ref_coin</name>
		<bndbox>
			<xmin>2259</xmin>
			<ymin>853</ymin>
			<xmax>2430</xmax>
			<ymax>973</ymax>
		</bndbox>
	</object>
	<object>
		<name>dish</name>
		<bndbox>
			<xmin>854</xmin>
			<ymin>319</ymin>
			<xmax>2030</xmax>
			<ymax>1100</ymax>
		</bndbox>
	</object>
	<object>
		<name>새우튀김</name>
		<bndbox>
			<xmin>996</xmin>
			<ymin>432</ymin>
			<xmax>1794</xmax>
			<ymax>889</ymax>
		</bndbox>
	</object>
</annotation>