<annotation>
	<folder>side기타튀김접시새우튀김q3</folder>
	<filename>side_기타튀김_접시_새우튀김_Q3_00035.JPG</filename>
	<path>/side기타튀김접시새우튀김q3/side_기타튀김_접시_새우튀김_Q3_00035.JPG</path>
	<source>
		<database>fooddata</database>
	</source>
	<size>
		<width>3008</width>
		<height>2000</height>
		<depth>3</depth>
	</size>
	<object>
		<name>ref_spoon</name>
		<bndbox>
			<xmin>793</xmin>
			<ymin>711</ymin>
			<xmax>1036</xmax>
			<ymax>1009</ymax>
		</bndbox>
	</object>
	<object>
		<name>ref_fork</name>
		<bndbox>
			<xmin>1123</xmin>
			<ymin>726</ymin>
			<xmax>1279</xmax>
			<ymax>1056</ymax>
		</bndbox>
	</object>
	<object>
		<name>ref_coin</name>
		<bndbox>
			<xmin>1508</xmin>
			<ymin>1615</ymin>
			<xmax>1700</xmax>
			<ymax>1760</ymax>
		</bndbox>
	</object>
	<object>
		<name>dish</name>
		<bndbox>
			<xmin>1457</xmin>
			<ymin>708</ymin>
			<xmax>2640</xmax>
			<ymax>1506</ymax>
		</bndbox>
	</object>
	<object>
		<name>새우튀김</name>
		<bndbox>
			<xmin>1587</xmin>
			<ymin>780</ymin>
			<xmax>2419</xmax>
			<ymax>1347</ymax>
		</bndbox>
	</object>
</annotation>