<annotation>
	<folder>side기타튀김접시새우튀김q3</folder>
	<filename>side_기타튀김_접시_새우튀김_Q3_00014.JPG</filename>
	<path>/side기타튀김접시새우튀김q3/side_기타튀김_접시_새우튀김_Q3_00014.JPG</path>
	<source>
		<database>fooddata</database>
	</source>
	<size>
		<width>3008</width>
		<height>2000</height>
		<depth>3</depth>
	</size>
	<object>
		<name>ref_spoon</name>
		<bndbox>
			<xmin>1783</xmin>
			<ymin>479</ymin>
			<xmax>2059</xmax>
			<ymax>824</ymax>
		</bndbox>
	</object>
	<object>
		<name>ref_fork</name>
		<bndbox>
			<xmin>2205</xmin>
			<ymin>468</ymin>
			<xmax>2430</xmax>
			<ymax>868</ymax>
		</bndbox>
	</object>
	<object>
		<name>ref_coin</name>
		<bndbox>
			<xmin>2626</xmin>
			<ymin>922</ymin>
			<xmax>2836</xmax>
			<ymax>1067</ymax>
		</bndbox>
	</object>
	<object>
		<name>dish</name>
		<bndbox>
			<xmin>277</xmin>
			<ymin>577</ymin>
			<xmax>1780</xmax>
			<ymax>1590</ymax>
		</bndbox>
	</object>
	<object>
		<name>새우튀김</name>
		<bndbox>
			<xmin>662</xmin>
			<ymin>744</ymin>
			<xmax>1515</xmax>
			<ymax>1437</ymax>
		</bndbox>
	</object>
</annotation>