<annotation>
	<folder>side기타튀김접시새우튀김q3</folder>
	<filename>side_기타튀김_접시_새우튀김_Q3_00018.JPG</filename>
	<path>/side기타튀김접시새우튀김q3/side_기타튀김_접시_새우튀김_Q3_00018.JPG</path>
	<source>
		<database>fooddata</database>
	</source>
	<size>
		<width>3008</width>
		<height>2000</height>
		<depth>3</depth>
	</size>
	<object>
		<name>ref_spoon</name>
		<bndbox>
			<xmin>1170</xmin>
			<ymin>1412</ymin>
			<xmax>1526</xmax>
			<ymax>1623</ymax>
		</bndbox>
	</object>
	<object>
		<name>ref_fork</name>
		<bndbox>
			<xmin>1199</xmin>
			<ymin>1147</ymin>
			<xmax>1580</xmax>
			<ymax>1328</ymax>
		</bndbox>
	</object>
	<object>
		<name>ref_coin</name>
		<bndbox>
			<xmin>2223</xmin>
			<ymin>958</ymin>
			<xmax>2397</xmax>
			<ymax>1089</ymax>
		</bndbox>
	</object>
	<object>
		<name>dish</name>
		<bndbox>
			<xmin>1043</xmin>
			<ymin>330</ymin>
			<xmax>2186</xmax>
			<ymax>1082</ymax>
		</bndbox>
	</object>
	<object>
		<name>새우튀김</name>
		<bndbox>
			<xmin>1214</xmin>
			<ymin>454</ymin>
			<xmax>1943</xmax>
			<ymax>907</ymax>
		</bndbox>
	</object>
</annotation>