<annotation>
	<folder>top기타튀김접시새우튀김q3</folder>
	<filename>top_기타튀김_접시_새우튀김_Q3_00041.JPG</filename>
	<path>/top기타튀김접시새우튀김q3/top_기타튀김_접시_새우튀김_Q3_00041.JPG</path>
	<source>
		<database>fooddata</database>
	</source>
	<size>
		<width>3008</width>
		<height>2000</height>
		<depth>3</depth>
	</size>
	<object>
		<name>ref_spoon</name>
		<bndbox>
			<xmin>446</xmin>
			<ymin>617</ymin>
			<xmax>719</xmax>
			<ymax>1036</ymax>
		</bndbox>
	</object>
	<object>
		<name>ref_fork</name>
		<bndbox>
			<xmin>818</xmin>
			<ymin>606</ymin>
			<xmax>1008</xmax>
			<ymax>1080</ymax>
		</bndbox>
	</object>
	<object>
		<name>ref_coin</name>
		<bndbox>
			<xmin>2573</xmin>
			<ymin>909</ymin>
			<xmax>2752</xmax>
			<ymax>1088</ymax>
		</bndbox>
	</object>
	<object>
		<name>dish</name>
		<bndbox>
			<xmin>1150</xmin>
			<ymin>328</ymin>
			<xmax>2449</xmax>
			<ymax>1620</ymax>
		</bndbox>
	</object>
	<object>
		<name>새우튀김</name>
		<bndbox>
			<xmin>1358</xmin>
			<ymin>449</ymin>
			<xmax>2223</xmax>
			<ymax>1423</ymax>
		</bndbox>
	</object>
</annotation>