<annotation>
	<folder>top기타튀김접시새우튀김q3</folder>
	<filename>top_기타튀김_접시_새우튀김_Q3_00045.JPG</filename>
	<path>/top기타튀김접시새우튀김q3/top_기타튀김_접시_새우튀김_Q3_00045.JPG</path>
	<source>
		<database>fooddata</database>
	</source>
	<size>
		<width>3008</width>
		<height>2000</height>
		<depth>3</depth>
	</size>
	<object>
		<name>ref_spoon</name>
		<bndbox>
			<xmin>559</xmin>
			<ymin>821</ymin>
			<xmax>840</xmax>
			<ymax>1230</ymax>
		</bndbox>
	</object>
	<object>
		<name>ref_fork</name>
		<bndbox>
			<xmin>927</xmin>
			<ymin>814</ymin>
			<xmax>1132</xmax>
			<ymax>1241</ymax>
		</bndbox>
	</object>
	<object>
		<name>ref_coin</name>
		<bndbox>
			<xmin>1395</xmin>
			<ymin>193</ymin>
			<xmax>1584</xmax>
			<ymax>383</ymax>
		</bndbox>
	</object>
	<object>
		<name>dish</name>
		<bndbox>
			<xmin>1267</xmin>
			<ymin>489</ymin>
			<xmax>2581</xmax>
			<ymax>1803</ymax>
		</bndbox>
	</object>
	<object>
		<name>새우튀김</name>
		<bndbox>
			<xmin>1610</xmin>
			<ymin>763</ymin>
			<xmax>2398</xmax>
			<ymax>1584</ymax>
		</bndbox>
	</object>
</annotation>