<annotation>
	<folder>top기타튀김접시새우튀김q3</folder>
	<filename>top_기타튀김_접시_새우튀김_Q3_00034.JPG</filename>
	<path>/top기타튀김접시새우튀김q3/top_기타튀김_접시_새우튀김_Q3_00034.JPG</path>
	<source>
		<database>fooddata</database>
	</source>
	<size>
		<width>3008</width>
		<height>2000</height>
		<depth>3</depth>
	</size>
	<object>
		<name>ref_spoon</name>
		<bndbox>
			<xmin>584</xmin>
			<ymin>383</ymin>
			<xmax>869</xmax>
			<ymax>814</ymax>
		</bndbox>
	</object>
	<object>
		<name>ref_fork</name>
		<bndbox>
			<xmin>957</xmin>
			<ymin>394</ymin>
			<xmax>1150</xmax>
			<ymax>858</ymax>
		</bndbox>
	</object>
	<object>
		<name>ref_coin</name>
		<bndbox>
			<xmin>1384</xmin>
			<ymin>1515</ymin>
			<xmax>1581</xmax>
			<ymax>1708</ymax>
		</bndbox>
	</object>
	<object>
		<name>dish</name>
		<bndbox>
			<xmin>1285</xmin>
			<ymin>182</ymin>
			<xmax>2599</xmax>
			<ymax>1496</ymax>
		</bndbox>
	</object>
	<object>
		<name>새우튀김</name>
		<bndbox>
			<xmin>1508</xmin>
			<ymin>489</ymin>
			<xmax>2438</xmax>
			<ymax>1150</ymax>
		</bndbox>
	</object>
</annotation>