<annotation>
	<folder>top기타튀김접시새우튀김q3</folder>
	<filename>top_기타튀김_접시_새우튀김_Q3_00028.JPG</filename>
	<path>/top기타튀김접시새우튀김q3/top_기타튀김_접시_새우튀김_Q3_00028.JPG</path>
	<source>
		<database>fooddata</database>
	</source>
	<size>
		<width>3008</width>
		<height>2000</height>
		<depth>3</depth>
	</size>
	<object>
		<name>ref_spoon</name>
		<bndbox>
			<xmin>938</xmin>
			<ymin>1679</ymin>
			<xmax>1249</xmax>
			<ymax>1898</ymax>
		</bndbox>
	</object>
	<object>
		<name>ref_fork</name>
		<bndbox>
			<xmin>957</xmin>
			<ymin>1453</ymin>
			<xmax>1318</xmax>
			<ymax>1613</ymax>
		</bndbox>
	</object>
	<object>
		<name>ref_coin</name>
		<bndbox>
			<xmin>657</xmin>
			<ymin>642</ymin>
			<xmax>825</xmax>
			<ymax>796</ymax>
		</bndbox>
	</object>
	<object>
		<name>dish</name>
		<bndbox>
			<xmin>989</xmin>
			<ymin>372</ymin>
			<xmax>2033</xmax>
			<ymax>1398</ymax>
		</bndbox>
	</object>
	<object>
		<name>새우튀김</name>
		<bndbox>
			<xmin>1190</xmin>
			<ymin>558</ymin>
			<xmax>1884</xmax>
			<ymax>1139</ymax>
		</bndbox>
	</object>
</annotation>