<annotation>
	<folder>top기타튀김접시새우튀김q3</folder>
	<filename>top_기타튀김_접시_새우튀김_Q3_00019.JPG</filename>
	<path>/top기타튀김접시새우튀김q3/top_기타튀김_접시_새우튀김_Q3_00019.JPG</path>
	<source>
		<database>fooddata</database>
	</source>
	<size>
		<width>3008</width>
		<height>2000</height>
		<depth>3</depth>
	</size>
	<object>
		<name>ref_spoon</name>
		<bndbox>
			<xmin>880</xmin>
			<ymin>1642</ymin>
			<xmax>1241</xmax>
			<ymax>1883</ymax>
		</bndbox>
	</object>
	<object>
		<name>ref_fork</name>
		<bndbox>
			<xmin>906</xmin>
			<ymin>1401</ymin>
			<xmax>1274</xmax>
			<ymax>1569</ymax>
		</bndbox>
	</object>
	<object>
		<name>ref_coin</name>
		<bndbox>
			<xmin>2088</xmin>
			<ymin>657</ymin>
			<xmax>2245</xmax>
			<ymax>814</ymax>
		</bndbox>
	</object>
	<object>
		<name>dish</name>
		<bndbox>
			<xmin>854</xmin>
			<ymin>161</ymin>
			<xmax>1993</xmax>
			<ymax>1307</ymax>
		</bndbox>
	</object>
	<object>
		<name>새우튀김</name>
		<bndbox>
			<xmin>1026</xmin>
			<ymin>328</ymin>
			<xmax>1628</xmax>
			<ymax>1095</ymax>
		</bndbox>
	</object>
</annotation>