<annotation>
	<folder>top기타튀김접시새우튀김q3</folder>
	<filename>top_기타튀김_접시_새우튀김_Q3_00018.JPG</filename>
	<path>/top기타튀김접시새우튀김q3/top_기타튀김_접시_새우튀김_Q3_00018.JPG</path>
	<source>
		<database>fooddata</database>
	</source>
	<size>
		<width>3008</width>
		<height>2000</height>
		<depth>3</depth>
	</size>
	<object>
		<name>ref_spoon</name>
		<bndbox>
			<xmin>843</xmin>
			<ymin>1661</ymin>
			<xmax>1219</xmax>
			<ymax>1916</ymax>
		</bndbox>
	</object>
	<object>
		<name>ref_fork</name>
		<bndbox>
			<xmin>869</xmin>
			<ymin>1420</ymin>
			<xmax>1249</xmax>
			<ymax>1602</ymax>
		</bndbox>
	</object>
	<object>
		<name>ref_coin</name>
		<bndbox>
			<xmin>1942</xmin>
			<ymin>894</ymin>
			<xmax>2106</xmax>
			<ymax>1062</ymax>
		</bndbox>
	</object>
	<object>
		<name>dish</name>
		<bndbox>
			<xmin>778</xmin>
			<ymin>139</ymin>
			<xmax>1913</xmax>
			<ymax>1270</ymax>
		</bndbox>
	</object>
	<object>
		<name>새우튀김</name>
		<bndbox>
			<xmin>975</xmin>
			<ymin>259</ymin>
			<xmax>1606</xmax>
			<ymax>1120</ymax>
		</bndbox>
	</object>
</annotation>