<annotation>
	<folder>top기타튀김접시새우튀김q3</folder>
	<filename>top_기타튀김_접시_새우튀김_Q3_00025.JPG</filename>
	<path>/top기타튀김접시새우튀김q3/top_기타튀김_접시_새우튀김_Q3_00025.JPG</path>
	<source>
		<database>fooddata</database>
	</source>
	<size>
		<width>3008</width>
		<height>2000</height>
		<depth>3</depth>
	</size>
	<object>
		<name>ref_spoon</name>
		<bndbox>
			<xmin>829</xmin>
			<ymin>1715</ymin>
			<xmax>1168</xmax>
			<ymax>1956</ymax>
		</bndbox>
	</object>
	<object>
		<name>ref_fork</name>
		<bndbox>
			<xmin>862</xmin>
			<ymin>1493</ymin>
			<xmax>1212</xmax>
			<ymax>1664</ymax>
		</bndbox>
	</object>
	<object>
		<name>ref_coin</name>
		<bndbox>
			<xmin>1143</xmin>
			<ymin>109</ymin>
			<xmax>1285</xmax>
			<ymax>248</ymax>
		</bndbox>
	</object>
	<object>
		<name>dish</name>
		<bndbox>
			<xmin>913</xmin>
			<ymin>398</ymin>
			<xmax>1957</xmax>
			<ymax>1434</ymax>
		</bndbox>
	</object>
	<object>
		<name>새우튀김</name>
		<bndbox>
			<xmin>1099</xmin>
			<ymin>558</ymin>
			<xmax>1770</xmax>
			<ymax>1241</ymax>
		</bndbox>
	</object>
</annotation>