<annotation>
	<folder>top기타튀김접시새우튀김q3</folder>
	<filename>top_기타튀김_접시_새우튀김_Q3_00049.JPG</filename>
	<path>/top기타튀김접시새우튀김q3/top_기타튀김_접시_새우튀김_Q3_00049.JPG</path>
	<source>
		<database>fooddata</database>
	</source>
	<size>
		<width>3008</width>
		<height>2000</height>
		<depth>3</depth>
	</size>
	<object>
		<name>ref_spoon</name>
		<bndbox>
			<xmin>643</xmin>
			<ymin>599</ymin>
			<xmax>931</xmax>
			<ymax>1047</ymax>
		</bndbox>
	</object>
	<object>
		<name>ref_fork</name>
		<bndbox>
			<xmin>1011</xmin>
			<ymin>555</ymin>
			<xmax>1227</xmax>
			<ymax>1029</ymax>
		</bndbox>
	</object>
	<object>
		<name>ref_coin</name>
		<bndbox>
			<xmin>2643</xmin>
			<ymin>1270</ymin>
			<xmax>2836</xmax>
			<ymax>1460</ymax>
		</bndbox>
	</object>
	<object>
		<name>dish</name>
		<bndbox>
			<xmin>1376</xmin>
			<ymin>201</ymin>
			<xmax>2690</xmax>
			<ymax>1515</ymax>
		</bndbox>
	</object>
	<object>
		<name>새우튀김</name>
		<bndbox>
			<xmin>1723</xmin>
			<ymin>445</ymin>
			<xmax>2402</xmax>
			<ymax>1255</ymax>
		</bndbox>
	</object>
</annotation>