<annotation>
	<folder>top기타튀김접시새우튀김q3</folder>
	<filename>top_기타튀김_접시_새우튀김_Q3_00031.JPG</filename>
	<path>/top기타튀김접시새우튀김q3/top_기타튀김_접시_새우튀김_Q3_00031.JPG</path>
	<source>
		<database>fooddata</database>
	</source>
	<size>
		<width>3008</width>
		<height>2000</height>
		<depth>3</depth>
	</size>
	<object>
		<name>ref_spoon</name>
		<bndbox>
			<xmin>1077</xmin>
			<ymin>1661</ymin>
			<xmax>1413</xmax>
			<ymax>1891</ymax>
		</bndbox>
	</object>
	<object>
		<name>ref_fork</name>
		<bndbox>
			<xmin>1099</xmin>
			<ymin>1442</ymin>
			<xmax>1449</xmax>
			<ymax>1599</ymax>
		</bndbox>
	</object>
	<object>
		<name>ref_coin</name>
		<bndbox>
			<xmin>1030</xmin>
			<ymin>1226</ymin>
			<xmax>1197</xmax>
			<ymax>1383</ymax>
		</bndbox>
	</object>
	<object>
		<name>dish</name>
		<bndbox>
			<xmin>1150</xmin>
			<ymin>383</ymin>
			<xmax>2212</xmax>
			<ymax>1405</ymax>
		</bndbox>
	</object>
	<object>
		<name>새우튀김</name>
		<bndbox>
			<xmin>1406</xmin>
			<ymin>547</ymin>
			<xmax>2073</xmax>
			<ymax>1277</ymax>
		</bndbox>
	</object>
</annotation>