<annotation>
	<folder>side오므라이스접시오므라이스q5</folder>
	<filename>side_오므라이스_접시_오므라이스_Q5_00048.JPG</filename>
	<path>/side오므라이스접시오므라이스q5/side_오므라이스_접시_오므라이스_Q5_00048.JPG</path>
	<source>
		<database>fooddata</database>
	</source>
	<size>
		<width>5472</width>
		<height>3648</height>
		<depth>3</depth>
	</size>
	<object>
		<name>ref_spoon</name>
		<bndbox>
			<xmin>55</xmin>
			<ymin>1311</ymin>
			<xmax>629</xmax>
			<ymax>2115</ymax>
		</bndbox>
	</object>
	<object>
		<name>ref_fork</name>
		<bndbox>
			<xmin>749</xmin>
			<ymin>1329</ymin>
			<xmax>1146</xmax>
			<ymax>2291</ymax>
		</bndbox>
	</object>
	<object>
		<name>ref_coin</name>
		<bndbox>
			<xmin>2570</xmin>
			<ymin>747</ymin>
			<xmax>2967</xmax>
			<ymax>1043</ymax>
		</bndbox>
	</object>
	<object>
		<name>dish</name>
		<bndbox>
			<xmin>1155</xmin>
			<ymin>1135</ymin>
			<xmax>5176</xmax>
			<ymax>3354</ymax>
		</bndbox>
	</object>
	<object>
		<name>오므라이스</name>
		<bndbox>
			<xmin>2043</xmin>
			<ymin>1903</ymin>
			<xmax>5047</xmax>
			<ymax>3067</ymax>
		</bndbox>
	</object>
</annotation>