<annotation>
	<folder>side오므라이스접시오므라이스q5</folder>
	<filename>side_오므라이스_접시_오므라이스_Q5_00003.JPG</filename>
	<path>/side오므라이스접시오므라이스q5/side_오므라이스_접시_오므라이스_Q5_00003.JPG</path>
	<source>
		<database>fooddata</database>
	</source>
	<size>
		<width>5472</width>
		<height>3648</height>
		<depth>3</depth>
	</size>
	<object>
		<name>ref_spoon</name>
		<bndbox>
			<xmin>3947</xmin>
			<ymin>766</ymin>
			<xmax>4474</xmax>
			<ymax>1533</ymax>
		</bndbox>
	</object>
	<object>
		<name>ref_fork</name>
		<bndbox>
			<xmin>4612</xmin>
			<ymin>821</ymin>
			<xmax>5001</xmax>
			<ymax>1718</ymax>
		</bndbox>
	</object>
	<object>
		<name>ref_coin</name>
		<bndbox>
			<xmin>3217</xmin>
			<ymin>2790</ymin>
			<xmax>3642</xmax>
			<ymax>3160</ymax>
		</bndbox>
	</object>
	<object>
		<name>dish</name>
		<bndbox>
			<xmin>305</xmin>
			<ymin>636</ymin>
			<xmax>4012</xmax>
			<ymax>2679</ymax>
		</bndbox>
	</object>
	<object>
		<name>오므라이스</name>
		<bndbox>
			<xmin>758</xmin>
			<ymin>987</ymin>
			<xmax>3466</xmax>
			<ymax>2180</ymax>
		</bndbox>
	</object>
</annotation>