<annotation>
	<folder>side오므라이스접시오므라이스q5</folder>
	<filename>side_오므라이스_접시_오므라이스_Q5_00009.JPG</filename>
	<path>/side오므라이스접시오므라이스q5/side_오므라이스_접시_오므라이스_Q5_00009.JPG</path>
	<source>
		<database>fooddata</database>
	</source>
	<size>
		<width>5472</width>
		<height>3648</height>
		<depth>3</depth>
	</size>
	<object>
		<name>ref_spoon</name>
		<bndbox>
			<xmin>3956</xmin>
			<ymin>756</ymin>
			<xmax>4483</xmax>
			<ymax>1551</ymax>
		</bndbox>
	</object>
	<object>
		<name>ref_fork</name>
		<bndbox>
			<xmin>4622</xmin>
			<ymin>830</ymin>
			<xmax>5010</xmax>
			<ymax>1662</ymax>
		</bndbox>
	</object>
	<object>
		<name>ref_coin</name>
		<bndbox>
			<xmin>481</xmin>
			<ymin>1598</ymin>
			<xmax>897</xmax>
			<ymax>1912</ymax>
		</bndbox>
	</object>
	<object>
		<name>dish</name>
		<bndbox>
			<xmin>1276</xmin>
			<ymin>553</ymin>
			<xmax>3938</xmax>
			<ymax>3520</ymax>
		</bndbox>
	</object>
	<object>
		<name>오므라이스</name>
		<bndbox>
			<xmin>1941</xmin>
			<ymin>701</ymin>
			<xmax>3272</xmax>
			<ymax>2910</ymax>
		</bndbox>
	</object>
</annotation>