<annotation>
	<folder>side오므라이스접시오므라이스q5</folder>
	<filename>side_오므라이스_접시_오므라이스_Q5_00004.JPG</filename>
	<path>/side오므라이스접시오므라이스q5/side_오므라이스_접시_오므라이스_Q5_00004.JPG</path>
	<source>
		<database>fooddata</database>
	</source>
	<size>
		<width>5472</width>
		<height>3648</height>
		<depth>3</depth>
	</size>
	<object>
		<name>ref_spoon</name>
		<bndbox>
			<xmin>3993</xmin>
			<ymin>895</ymin>
			<xmax>4529</xmax>
			<ymax>1635</ymax>
		</bndbox>
	</object>
	<object>
		<name>ref_fork</name>
		<bndbox>
			<xmin>4668</xmin>
			<ymin>969</ymin>
			<xmax>5047</xmax>
			<ymax>1819</ymax>
		</bndbox>
	</object>
	<object>
		<name>ref_coin</name>
		<bndbox>
			<xmin>2773</xmin>
			<ymin>3169</ymin>
			<xmax>3226</xmax>
			<ymax>3557</ymax>
		</bndbox>
	</object>
	<object>
		<name>dish</name>
		<bndbox>
			<xmin>407</xmin>
			<ymin>719</ymin>
			<xmax>4021</xmax>
			<ymax>2910</ymax>
		</bndbox>
	</object>
	<object>
		<name>오므라이스</name>
		<bndbox>
			<xmin>860</xmin>
			<ymin>1043</ymin>
			<xmax>3494</xmax>
			<ymax>2420</ymax>
		</bndbox>
	</object>
</annotation>