<annotation>
	<folder>side오므라이스접시오므라이스q5</folder>
	<filename>side_오므라이스_접시_오므라이스_Q5_00024.JPG</filename>
	<path>/side오므라이스접시오므라이스q5/side_오므라이스_접시_오므라이스_Q5_00024.JPG</path>
	<source>
		<database>fooddata</database>
	</source>
	<size>
		<width>5472</width>
		<height>3648</height>
		<depth>3</depth>
	</size>
	<object>
		<name>ref_spoon</name>
		<bndbox>
			<xmin>3975</xmin>
			<ymin>572</ymin>
			<xmax>4492</xmax>
			<ymax>1366</ymax>
		</bndbox>
	</object>
	<object>
		<name>ref_fork</name>
		<bndbox>
			<xmin>4612</xmin>
			<ymin>664</ymin>
			<xmax>4991</xmax>
			<ymax>1487</ymax>
		</bndbox>
	</object>
	<object>
		<name>ref_coin</name>
		<bndbox>
			<xmin>1433</xmin>
			<ymin>525</ymin>
			<xmax>1812</xmax>
			<ymax>793</ymax>
		</bndbox>
	</object>
	<object>
		<name>dish</name>
		<bndbox>
			<xmin>601</xmin>
			<ymin>645</ymin>
			<xmax>3956</xmax>
			<ymax>3086</ymax>
		</bndbox>
	</object>
	<object>
		<name>오므라이스</name>
		<bndbox>
			<xmin>1405</xmin>
			<ymin>729</ymin>
			<xmax>3180</xmax>
			<ymax>2744</ymax>
		</bndbox>
	</object>
</annotation>