<annotation>
	<folder>side오므라이스접시오므라이스q5</folder>
	<filename>side_오므라이스_접시_오므라이스_Q5_00010.JPG</filename>
	<path>/side오므라이스접시오므라이스q5/side_오므라이스_접시_오므라이스_Q5_00010.JPG</path>
	<source>
		<database>fooddata</database>
	</source>
	<size>
		<width>5472</width>
		<height>3648</height>
		<depth>3</depth>
	</size>
	<object>
		<name>ref_spoon</name>
		<bndbox>
			<xmin>3993</xmin>
			<ymin>756</ymin>
			<xmax>4511</xmax>
			<ymax>1542</ymax>
		</bndbox>
	</object>
	<object>
		<name>ref_fork</name>
		<bndbox>
			<xmin>4659</xmin>
			<ymin>821</ymin>
			<xmax>5038</xmax>
			<ymax>1671</ymax>
		</bndbox>
	</object>
	<object>
		<name>ref_coin</name>
		<bndbox>
			<xmin>739</xmin>
			<ymin>1061</ymin>
			<xmax>1165</xmax>
			<ymax>1357</ymax>
		</bndbox>
	</object>
	<object>
		<name>dish</name>
		<bndbox>
			<xmin>1044</xmin>
			<ymin>636</ymin>
			<xmax>3901</xmax>
			<ymax>3539</ymax>
		</bndbox>
	</object>
	<object>
		<name>오므라이스</name>
		<bndbox>
			<xmin>1710</xmin>
			<ymin>803</ymin>
			<xmax>3346</xmax>
			<ymax>2938</ymax>
		</bndbox>
	</object>
</annotation>