<annotation>
	<folder>side오므라이스접시오므라이스q5</folder>
	<filename>side_오므라이스_접시_오므라이스_Q5_00031.JPG</filename>
	<path>/side오므라이스접시오므라이스q5/side_오므라이스_접시_오므라이스_Q5_00031.JPG</path>
	<source>
		<database>fooddata</database>
	</source>
	<size>
		<width>5472</width>
		<height>3648</height>
		<depth>3</depth>
	</size>
	<object>
		<name>ref_spoon</name>
		<bndbox>
			<xmin>4030</xmin>
			<ymin>682</ymin>
			<xmax>4529</xmax>
			<ymax>1450</ymax>
		</bndbox>
	</object>
	<object>
		<name>ref_fork</name>
		<bndbox>
			<xmin>4677</xmin>
			<ymin>793</ymin>
			<xmax>5028</xmax>
			<ymax>1616</ymax>
		</bndbox>
	</object>
	<object>
		<name>ref_coin</name>
		<bndbox>
			<xmin>647</xmin>
			<ymin>1949</ymin>
			<xmax>1091</xmax>
			<ymax>2291</ymax>
		</bndbox>
	</object>
	<object>
		<name>dish</name>
		<bndbox>
			<xmin>1313</xmin>
			<ymin>202</ymin>
			<xmax>3882</xmax>
			<ymax>3049</ymax>
		</bndbox>
	</object>
	<object>
		<name>오므라이스</name>
		<bndbox>
			<xmin>2514</xmin>
			<ymin>359</ymin>
			<xmax>3596</xmax>
			<ymax>2513</ymax>
		</bndbox>
	</object>
</annotation>