<annotation>
	<folder>side오므라이스접시오므라이스q5</folder>
	<filename>side_오므라이스_접시_오므라이스_Q5_00019.JPG</filename>
	<path>/side오므라이스접시오므라이스q5/side_오므라이스_접시_오므라이스_Q5_00019.JPG</path>
	<source>
		<database>fooddata</database>
	</source>
	<size>
		<width>5472</width>
		<height>3648</height>
		<depth>3</depth>
	</size>
	<object>
		<name>ref_spoon</name>
		<bndbox>
			<xmin>3891</xmin>
			<ymin>655</ymin>
			<xmax>4391</xmax>
			<ymax>1403</ymax>
		</bndbox>
	</object>
	<object>
		<name>ref_fork</name>
		<bndbox>
			<xmin>4529</xmin>
			<ymin>729</ymin>
			<xmax>4880</xmax>
			<ymax>1570</ymax>
		</bndbox>
	</object>
	<object>
		<name>ref_coin</name>
		<bndbox>
			<xmin>758</xmin>
			<ymin>2208</ymin>
			<xmax>1183</xmax>
			<ymax>2577</ymax>
		</bndbox>
	</object>
	<object>
		<name>dish</name>
		<bndbox>
			<xmin>1174</xmin>
			<ymin>230</ymin>
			<xmax>3882</xmax>
			<ymax>3003</ymax>
		</bndbox>
	</object>
	<object>
		<name>오므라이스</name>
		<bndbox>
			<xmin>1460</xmin>
			<ymin>562</ymin>
			<xmax>3531</xmax>
			<ymax>2374</ymax>
		</bndbox>
	</object>
</annotation>