<annotation>
	<folder>side오므라이스접시오므라이스q5</folder>
	<filename>side_오므라이스_접시_오므라이스_Q5_00027.JPG</filename>
	<path>/side오므라이스접시오므라이스q5/side_오므라이스_접시_오므라이스_Q5_00027.JPG</path>
	<source>
		<database>fooddata</database>
	</source>
	<size>
		<width>5472</width>
		<height>3648</height>
		<depth>3</depth>
	</size>
	<object>
		<name>ref_spoon</name>
		<bndbox>
			<xmin>3928</xmin>
			<ymin>664</ymin>
			<xmax>4446</xmax>
			<ymax>1403</ymax>
		</bndbox>
	</object>
	<object>
		<name>ref_fork</name>
		<bndbox>
			<xmin>4575</xmin>
			<ymin>784</ymin>
			<xmax>4936</xmax>
			<ymax>1561</ymax>
		</bndbox>
	</object>
	<object>
		<name>ref_coin</name>
		<bndbox>
			<xmin>2292</xmin>
			<ymin>2762</ymin>
			<xmax>2708</xmax>
			<ymax>3132</ymax>
		</bndbox>
	</object>
	<object>
		<name>dish</name>
		<bndbox>
			<xmin>259</xmin>
			<ymin>470</ymin>
			<xmax>3771</xmax>
			<ymax>2651</ymax>
		</bndbox>
	</object>
	<object>
		<name>오므라이스</name>
		<bndbox>
			<xmin>1155</xmin>
			<ymin>951</ymin>
			<xmax>3568</xmax>
			<ymax>2550</ymax>
		</bndbox>
	</object>
</annotation>