<annotation>
	<folder>top오므라이스접시오므라이스q5</folder>
	<filename>top_오므라이스_접시_오므라이스_Q5_00021.JPG</filename>
	<path>/top오므라이스접시오므라이스q5/top_오므라이스_접시_오므라이스_Q5_00021.JPG</path>
	<source>
		<database>fooddata</database>
	</source>
	<size>
		<width>5472</width>
		<height>3648</height>
		<depth>3</depth>
	</size>
	<object>
		<name>ref_spoon</name>
		<bndbox>
			<xmin>623</xmin>
			<ymin>1092</ymin>
			<xmax>1111</xmax>
			<ymax>1907</ymax>
		</bndbox>
	</object>
	<object>
		<name>ref_fork</name>
		<bndbox>
			<xmin>1252</xmin>
			<ymin>1057</ymin>
			<xmax>1564</xmax>
			<ymax>2013</ymax>
		</bndbox>
	</object>
	<object>
		<name>ref_coin</name>
		<bndbox>
			<xmin>3622</xmin>
			<ymin>3024</ymin>
			<xmax>3969</xmax>
			<ymax>3381</ymax>
		</bndbox>
	</object>
	<object>
		<name>dish</name>
		<bndbox>
			<xmin>1730</xmin>
			<ymin>186</ymin>
			<xmax>4578</xmax>
			<ymax>3190</ymax>
		</bndbox>
	</object>
	<object>
		<name>오므라이스</name>
		<bndbox>
			<xmin>2283</xmin>
			<ymin>398</ymin>
			<xmax>3954</xmax>
			<ymax>2757</ymax>
		</bndbox>
	</object>
</annotation>