<annotation>
	<folder>top오므라이스접시오므라이스q5</folder>
	<filename>top_오므라이스_접시_오므라이스_Q5_00024.JPG</filename>
	<path>/top오므라이스접시오므라이스q5/top_오므라이스_접시_오므라이스_Q5_00024.JPG</path>
	<source>
		<database>fooddata</database>
	</source>
	<size>
		<width>5472</width>
		<height>3648</height>
		<depth>3</depth>
	</size>
	<object>
		<name>ref_spoon</name>
		<bndbox>
			<xmin>1065</xmin>
			<ymin>840</ymin>
			<xmax>1488</xmax>
			<ymax>1580</ymax>
		</bndbox>
	</object>
	<object>
		<name>ref_fork</name>
		<bndbox>
			<xmin>1609</xmin>
			<ymin>835</ymin>
			<xmax>1896</xmax>
			<ymax>1686</ymax>
		</bndbox>
	</object>
	<object>
		<name>ref_coin</name>
		<bndbox>
			<xmin>4386</xmin>
			<ymin>1444</ymin>
			<xmax>4693</xmax>
			<ymax>1741</ymax>
		</bndbox>
	</object>
	<object>
		<name>dish</name>
		<bndbox>
			<xmin>2067</xmin>
			<ymin>312</ymin>
			<xmax>4301</xmax>
			<ymax>3452</ymax>
		</bndbox>
	</object>
	<object>
		<name>오므라이스</name>
		<bndbox>
			<xmin>2505</xmin>
			<ymin>614</ymin>
			<xmax>3808</xmax>
			<ymax>2918</ymax>
		</bndbox>
	</object>
</annotation>