<annotation>
	<folder>top오므라이스접시오므라이스q5</folder>
	<filename>top_오므라이스_접시_오므라이스_Q5_00023.JPG</filename>
	<path>/top오므라이스접시오므라이스q5/top_오므라이스_접시_오므라이스_Q5_00023.JPG</path>
	<source>
		<database>fooddata</database>
	</source>
	<size>
		<width>5472</width>
		<height>3648</height>
		<depth>3</depth>
	</size>
	<object>
		<name>ref_spoon</name>
		<bndbox>
			<xmin>920</xmin>
			<ymin>820</ymin>
			<xmax>1393</xmax>
			<ymax>1605</ymax>
		</bndbox>
	</object>
	<object>
		<name>ref_fork</name>
		<bndbox>
			<xmin>1523</xmin>
			<ymin>805</ymin>
			<xmax>1840</xmax>
			<ymax>1686</ymax>
		</bndbox>
	</object>
	<object>
		<name>ref_coin</name>
		<bndbox>
			<xmin>4482</xmin>
			<ymin>2028</ymin>
			<xmax>4824</xmax>
			<ymax>2380</ymax>
		</bndbox>
	</object>
	<object>
		<name>dish</name>
		<bndbox>
			<xmin>1881</xmin>
			<ymin>121</ymin>
			<xmax>4477</xmax>
			<ymax>3492</ymax>
		</bndbox>
	</object>
	<object>
		<name>오므라이스</name>
		<bndbox>
			<xmin>2409</xmin>
			<ymin>392</ymin>
			<xmax>3934</xmax>
			<ymax>2964</ymax>
		</bndbox>
	</object>
</annotation>