<annotation>
	<folder>top오므라이스접시오므라이스q5</folder>
	<filename>top_오므라이스_접시_오므라이스_Q5_00046.JPG</filename>
	<path>/top오므라이스접시오므라이스q5/top_오므라이스_접시_오므라이스_Q5_00046.JPG</path>
	<source>
		<database>fooddata</database>
	</source>
	<size>
		<width>5472</width>
		<height>3648</height>
		<depth>3</depth>
	</size>
	<object>
		<name>ref_spoon</name>
		<bndbox>
			<xmin>1878</xmin>
			<ymin>3079</ymin>
			<xmax>2554</xmax>
			<ymax>3503</ymax>
		</bndbox>
	</object>
	<object>
		<name>ref_fork</name>
		<bndbox>
			<xmin>1924</xmin>
			<ymin>2715</ymin>
			<xmax>2657</xmax>
			<ymax>3000</ymax>
		</bndbox>
	</object>
	<object>
		<name>ref_coin</name>
		<bndbox>
			<xmin>2242</xmin>
			<ymin>224</ymin>
			<xmax>2512</xmax>
			<ymax>494</ymax>
		</bndbox>
	</object>
	<object>
		<name>dish</name>
		<bndbox>
			<xmin>1780</xmin>
			<ymin>597</ymin>
			<xmax>4630</xmax>
			<ymax>2566</ymax>
		</bndbox>
	</object>
	<object>
		<name>오므라이스</name>
		<bndbox>
			<xmin>2353</xmin>
			<ymin>1101</ymin>
			<xmax>4350</xmax>
			<ymax>2188</ymax>
		</bndbox>
	</object>
</annotation>