<annotation>
	<folder>top오므라이스접시오므라이스q5</folder>
	<filename>top_오므라이스_접시_오므라이스_Q5_00030.JPG</filename>
	<path>/top오므라이스접시오므라이스q5/top_오므라이스_접시_오므라이스_Q5_00030.JPG</path>
	<source>
		<database>fooddata</database>
	</source>
	<size>
		<width>5472</width>
		<height>3648</height>
		<depth>3</depth>
	</size>
	<object>
		<name>ref_spoon</name>
		<bndbox>
			<xmin>1089</xmin>
			<ymin>872</ymin>
			<xmax>1518</xmax>
			<ymax>1614</ymax>
		</bndbox>
	</object>
	<object>
		<name>ref_fork</name>
		<bndbox>
			<xmin>1640</xmin>
			<ymin>886</ymin>
			<xmax>1915</xmax>
			<ymax>1675</ymax>
		</bndbox>
	</object>
	<object>
		<name>ref_coin</name>
		<bndbox>
			<xmin>2559</xmin>
			<ymin>373</ymin>
			<xmax>2853</xmax>
			<ymax>653</ymax>
		</bndbox>
	</object>
	<object>
		<name>dish</name>
		<bndbox>
			<xmin>2050</xmin>
			<ymin>928</ymin>
			<xmax>5171</xmax>
			<ymax>3163</ymax>
		</bndbox>
	</object>
	<object>
		<name>오므라이스</name>
		<bndbox>
			<xmin>2353</xmin>
			<ymin>1390</ymin>
			<xmax>4686</xmax>
			<ymax>2738</ymax>
		</bndbox>
	</object>
</annotation>