<annotation>
	<folder>top오므라이스접시오므라이스q5</folder>
	<filename>top_오므라이스_접시_오므라이스_Q5_00022.JPG</filename>
	<path>/top오므라이스접시오므라이스q5/top_오므라이스_접시_오므라이스_Q5_00022.JPG</path>
	<source>
		<database>fooddata</database>
	</source>
	<size>
		<width>5472</width>
		<height>3648</height>
		<depth>3</depth>
	</size>
	<object>
		<name>ref_spoon</name>
		<bndbox>
			<xmin>945</xmin>
			<ymin>911</ymin>
			<xmax>1423</xmax>
			<ymax>1756</ymax>
		</bndbox>
	</object>
	<object>
		<name>ref_fork</name>
		<bndbox>
			<xmin>1564</xmin>
			<ymin>906</ymin>
			<xmax>1876</xmax>
			<ymax>1776</ymax>
		</bndbox>
	</object>
	<object>
		<name>ref_coin</name>
		<bndbox>
			<xmin>4170</xmin>
			<ymin>2627</ymin>
			<xmax>4532</xmax>
			<ymax>2989</ymax>
		</bndbox>
	</object>
	<object>
		<name>dish</name>
		<bndbox>
			<xmin>1946</xmin>
			<ymin>201</ymin>
			<xmax>4668</xmax>
			<ymax>3427</ymax>
		</bndbox>
	</object>
	<object>
		<name>오므라이스</name>
		<bndbox>
			<xmin>2530</xmin>
			<ymin>428</ymin>
			<xmax>4100</xmax>
			<ymax>2974</ymax>
		</bndbox>
	</object>
</annotation>