<annotation>
	<folder>top오므라이스접시오므라이스q5</folder>
	<filename>top_오므라이스_접시_오므라이스_Q5_00036.JPG</filename>
	<path>/top오므라이스접시오므라이스q5/top_오므라이스_접시_오므라이스_Q5_00036.JPG</path>
	<source>
		<database>fooddata</database>
	</source>
	<size>
		<width>5472</width>
		<height>3648</height>
		<depth>3</depth>
	</size>
	<object>
		<name>ref_spoon</name>
		<bndbox>
			<xmin>1724</xmin>
			<ymin>2948</ymin>
			<xmax>2489</xmax>
			<ymax>3410</ymax>
		</bndbox>
	</object>
	<object>
		<name>ref_fork</name>
		<bndbox>
			<xmin>1742</xmin>
			<ymin>2552</ymin>
			<xmax>2615</xmax>
			<ymax>2850</ymax>
		</bndbox>
	</object>
	<object>
		<name>ref_coin</name>
		<bndbox>
			<xmin>4611</xmin>
			<ymin>933</ymin>
			<xmax>4915</xmax>
			<ymax>1222</ymax>
		</bndbox>
	</object>
	<object>
		<name>dish</name>
		<bndbox>
			<xmin>1486</xmin>
			<ymin>215</ymin>
			<xmax>4523</xmax>
			<ymax>2318</ymax>
		</bndbox>
	</object>
	<object>
		<name>오므라이스</name>
		<bndbox>
			<xmin>1915</xmin>
			<ymin>569</ymin>
			<xmax>4159</xmax>
			<ymax>1628</ymax>
		</bndbox>
	</object>
</annotation>