<annotation>
	<folder>top오므라이스접시오므라이스q5</folder>
	<filename>top_오므라이스_접시_오므라이스_Q5_00027.JPG</filename>
	<path>/top오므라이스접시오므라이스q5/top_오므라이스_접시_오므라이스_Q5_00027.JPG</path>
	<source>
		<database>fooddata</database>
	</source>
	<size>
		<width>5472</width>
		<height>3648</height>
		<depth>3</depth>
	</size>
	<object>
		<name>ref_spoon</name>
		<bndbox>
			<xmin>1126</xmin>
			<ymin>765</ymin>
			<xmax>1543</xmax>
			<ymax>1484</ymax>
		</bndbox>
	</object>
	<object>
		<name>ref_fork</name>
		<bndbox>
			<xmin>1679</xmin>
			<ymin>745</ymin>
			<xmax>1956</xmax>
			<ymax>1484</ymax>
		</bndbox>
	</object>
	<object>
		<name>ref_coin</name>
		<bndbox>
			<xmin>3642</xmin>
			<ymin>448</ymin>
			<xmax>3934</xmax>
			<ymax>730</ymax>
		</bndbox>
	</object>
	<object>
		<name>dish</name>
		<bndbox>
			<xmin>2107</xmin>
			<ymin>523</ymin>
			<xmax>4794</xmax>
			<ymax>3271</ymax>
		</bndbox>
	</object>
	<object>
		<name>오므라이스</name>
		<bndbox>
			<xmin>2374</xmin>
			<ymin>1127</ymin>
			<xmax>4442</xmax>
			<ymax>2667</ymax>
		</bndbox>
	</object>
</annotation>