<annotation>
	<folder>side어육류면적원형배달떡볶이q5</folder>
	<filename>side_어육류면적_원형배달_떡볶이_Q5_00003.JPG</filename>
	<path>/side어육류면적원형배달떡볶이q5/side_어육류면적_원형배달_떡볶이_Q5_00003.JPG</path>
	<source>
		<database>fooddata</database>
	</source>
	<size>
		<width>3008</width>
		<height>2000</height>
		<depth>3</depth>
	</size>
	<object>
		<name>ref_spoon</name>
		<bndbox>
			<xmin>1821</xmin>
			<ymin>416</ymin>
			<xmax>2141</xmax>
			<ymax>834</ymax>
		</bndbox>
	</object>
	<object>
		<name>ref_fork</name>
		<bndbox>
			<xmin>2250</xmin>
			<ymin>442</ymin>
			<xmax>2495</xmax>
			<ymax>940</ymax>
		</bndbox>
	</object>
	<object>
		<name>ref_coin</name>
		<bndbox>
			<xmin>935</xmin>
			<ymin>1547</ymin>
			<xmax>1202</xmax>
			<ymax>1761</ymax>
		</bndbox>
	</object>
	<object>
		<name>dish</name>
		<bndbox>
			<xmin>611</xmin>
			<ymin>367</ymin>
			<xmax>1779</xmax>
			<ymax>1501</ymax>
		</bndbox>
	</object>
	<object>
		<name>떡볶이</name>
		<bndbox>
			<xmin>735</xmin>
			<ymin>585</ymin>
			<xmax>1674</xmax>
			<ymax>1083</ymax>
		</bndbox>
	</object>
</annotation>