<annotation>
	<folder>side어육류면적원형배달떡볶이q5</folder>
	<filename>side_어육류면적_원형배달_떡볶이_Q5_00026.JPG</filename>
	<path>/side어육류면적원형배달떡볶이q5/side_어육류면적_원형배달_떡볶이_Q5_00026.JPG</path>
	<source>
		<database>fooddata</database>
	</source>
	<size>
		<width>3008</width>
		<height>2000</height>
		<depth>3</depth>
	</size>
	<object>
		<name>ref_spoon</name>
		<bndbox>
			<xmin>196</xmin>
			<ymin>1501</ymin>
			<xmax>743</xmax>
			<ymax>1803</ymax>
		</bndbox>
	</object>
	<object>
		<name>ref_fork</name>
		<bndbox>
			<xmin>433</xmin>
			<ymin>1260</ymin>
			<xmax>1018</xmax>
			<ymax>1550</ymax>
		</bndbox>
	</object>
	<object>
		<name>ref_coin</name>
		<bndbox>
			<xmin>460</xmin>
			<ymin>420</ymin>
			<xmax>701</xmax>
			<ymax>578</ymax>
		</bndbox>
	</object>
	<object>
		<name>dish</name>
		<bndbox>
			<xmin>1097</xmin>
			<ymin>295</ymin>
			<xmax>2194</xmax>
			<ymax>1347</ymax>
		</bndbox>
	</object>
	<object>
		<name>떡볶이</name>
		<bndbox>
			<xmin>1199</xmin>
			<ymin>431</ymin>
			<xmax>2051</xmax>
			<ymax>989</ymax>
		</bndbox>
	</object>
</annotation>