<annotation>
	<folder>side어육류면적원형배달떡볶이q5</folder>
	<filename>side_어육류면적_원형배달_떡볶이_Q5_00014.JPG</filename>
	<path>/side어육류면적원형배달떡볶이q5/side_어육류면적_원형배달_떡볶이_Q5_00014.JPG</path>
	<source>
		<database>fooddata</database>
	</source>
	<size>
		<width>3008</width>
		<height>2000</height>
		<depth>3</depth>
	</size>
	<object>
		<name>ref_spoon</name>
		<bndbox>
			<xmin>1888</xmin>
			<ymin>634</ymin>
			<xmax>2220</xmax>
			<ymax>1079</ymax>
		</bndbox>
	</object>
	<object>
		<name>ref_fork</name>
		<bndbox>
			<xmin>2333</xmin>
			<ymin>672</ymin>
			<xmax>2563</xmax>
			<ymax>1170</ymax>
		</bndbox>
	</object>
	<object>
		<name>ref_coin</name>
		<bndbox>
			<xmin>1512</xmin>
			<ymin>1030</ymin>
			<xmax>1768</xmax>
			<ymax>1219</ymax>
		</bndbox>
	</object>
	<object>
		<name>dish</name>
		<bndbox>
			<xmin>332</xmin>
			<ymin>574</ymin>
			<xmax>1478</xmax>
			<ymax>1727</ymax>
		</bndbox>
	</object>
	<object>
		<name>떡볶이</name>
		<bndbox>
			<xmin>407</xmin>
			<ymin>793</ymin>
			<xmax>1353</xmax>
			<ymax>1351</ymax>
		</bndbox>
	</object>
</annotation>