<annotation>
	<folder>side어육류면적원형배달떡볶이q5</folder>
	<filename>side_어육류면적_원형배달_떡볶이_Q5_00004.JPG</filename>
	<path>/side어육류면적원형배달떡볶이q5/side_어육류면적_원형배달_떡볶이_Q5_00004.JPG</path>
	<source>
		<database>fooddata</database>
	</source>
	<size>
		<width>3008</width>
		<height>2000</height>
		<depth>3</depth>
	</size>
	<object>
		<name>ref_spoon</name>
		<bndbox>
			<xmin>1794</xmin>
			<ymin>382</ymin>
			<xmax>2126</xmax>
			<ymax>812</ymax>
		</bndbox>
	</object>
	<object>
		<name>ref_fork</name>
		<bndbox>
			<xmin>2231</xmin>
			<ymin>412</ymin>
			<xmax>2473</xmax>
			<ymax>917</ymax>
		</bndbox>
	</object>
	<object>
		<name>ref_coin</name>
		<bndbox>
			<xmin>528</xmin>
			<ymin>1471</ymin>
			<xmax>807</xmax>
			<ymax>1682</ymax>
		</bndbox>
	</object>
	<object>
		<name>dish</name>
		<bndbox>
			<xmin>584</xmin>
			<ymin>318</ymin>
			<xmax>1749</xmax>
			<ymax>1388</ymax>
		</bndbox>
	</object>
	<object>
		<name>떡볶이</name>
		<bndbox>
			<xmin>712</xmin>
			<ymin>521</ymin>
			<xmax>1640</xmax>
			<ymax>1041</ymax>
		</bndbox>
	</object>
</annotation>