<annotation>
	<folder>side어육류면적원형배달떡볶이q5</folder>
	<filename>side_어육류면적_원형배달_떡볶이_Q5_00048.JPG</filename>
	<path>/side어육류면적원형배달떡볶이q5/side_어육류면적_원형배달_떡볶이_Q5_00048.JPG</path>
	<source>
		<database>fooddata</database>
	</source>
	<size>
		<width>3008</width>
		<height>2000</height>
		<depth>3</depth>
	</size>
	<object>
		<name>ref_spoon</name>
		<bndbox>
			<xmin>577</xmin>
			<ymin>465</ymin>
			<xmax>912</xmax>
			<ymax>894</ymax>
		</bndbox>
	</object>
	<object>
		<name>ref_fork</name>
		<bndbox>
			<xmin>973</xmin>
			<ymin>570</ymin>
			<xmax>1214</xmax>
			<ymax>1064</ymax>
		</bndbox>
	</object>
	<object>
		<name>ref_coin</name>
		<bndbox>
			<xmin>539</xmin>
			<ymin>235</ymin>
			<xmax>777</xmax>
			<ymax>393</ymax>
		</bndbox>
	</object>
	<object>
		<name>dish</name>
		<bndbox>
			<xmin>1417</xmin>
			<ymin>551</ymin>
			<xmax>2559</xmax>
			<ymax>1697</ymax>
		</bndbox>
	</object>
	<object>
		<name>떡볶이</name>
		<bndbox>
			<xmin>1489</xmin>
			<ymin>732</ymin>
			<xmax>2450</xmax>
			<ymax>1339</ymax>
		</bndbox>
	</object>
</annotation>