<annotation>
	<folder>side어육류면적원형배달떡볶이q5</folder>
	<filename>side_어육류면적_원형배달_떡볶이_Q5_00053.JPG</filename>
	<path>/side어육류면적원형배달떡볶이q5/side_어육류면적_원형배달_떡볶이_Q5_00053.JPG</path>
	<source>
		<database>fooddata</database>
	</source>
	<size>
		<width>3008</width>
		<height>2000</height>
		<depth>3</depth>
	</size>
	<object>
		<name>ref_spoon</name>
		<bndbox>
			<xmin>275</xmin>
			<ymin>529</ymin>
			<xmax>626</xmax>
			<ymax>959</ymax>
		</bndbox>
	</object>
	<object>
		<name>ref_fork</name>
		<bndbox>
			<xmin>686</xmin>
			<ymin>627</ymin>
			<xmax>924</xmax>
			<ymax>1124</ymax>
		</bndbox>
	</object>
	<object>
		<name>ref_coin</name>
		<bndbox>
			<xmin>807</xmin>
			<ymin>374</ymin>
			<xmax>1052</xmax>
			<ymax>540</ymax>
		</bndbox>
	</object>
	<object>
		<name>dish</name>
		<bndbox>
			<xmin>1161</xmin>
			<ymin>574</ymin>
			<xmax>2303</xmax>
			<ymax>1724</ymax>
		</bndbox>
	</object>
	<object>
		<name>떡볶이</name>
		<bndbox>
			<xmin>1206</xmin>
			<ymin>808</ymin>
			<xmax>2216</xmax>
			<ymax>1366</ymax>
		</bndbox>
	</object>
</annotation>