<annotation>
	<folder>side어육류면적원형배달떡볶이q5</folder>
	<filename>side_어육류면적_원형배달_떡볶이_Q5_00019.JPG</filename>
	<path>/side어육류면적원형배달떡볶이q5/side_어육류면적_원형배달_떡볶이_Q5_00019.JPG</path>
	<source>
		<database>fooddata</database>
	</source>
	<size>
		<width>3008</width>
		<height>2000</height>
		<depth>3</depth>
	</size>
	<object>
		<name>ref_spoon</name>
		<bndbox>
			<xmin>128</xmin>
			<ymin>1373</ymin>
			<xmax>671</xmax>
			<ymax>1682</ymax>
		</bndbox>
	</object>
	<object>
		<name>ref_fork</name>
		<bndbox>
			<xmin>354</xmin>
			<ymin>1139</ymin>
			<xmax>935</xmax>
			<ymax>1407</ymax>
		</bndbox>
	</object>
	<object>
		<name>ref_coin</name>
		<bndbox>
			<xmin>2020</xmin>
			<ymin>876</ymin>
			<xmax>2262</xmax>
			<ymax>1057</ymax>
		</bndbox>
	</object>
	<object>
		<name>dish</name>
		<bndbox>
			<xmin>803</xmin>
			<ymin>103</ymin>
			<xmax>1832</xmax>
			<ymax>1113</ymax>
		</bndbox>
	</object>
	<object>
		<name>떡볶이</name>
		<bndbox>
			<xmin>912</xmin>
			<ymin>280</ymin>
			<xmax>1741</xmax>
			<ymax>796</ymax>
		</bndbox>
	</object>
</annotation>