<annotation>
	<folder>side어육류면적원형배달떡볶이q5</folder>
	<filename>side_어육류면적_원형배달_떡볶이_Q5_00017.JPG</filename>
	<path>/side어육류면적원형배달떡볶이q5/side_어육류면적_원형배달_떡볶이_Q5_00017.JPG</path>
	<source>
		<database>fooddata</database>
	</source>
	<size>
		<width>3008</width>
		<height>2000</height>
		<depth>3</depth>
	</size>
	<object>
		<name>ref_spoon</name>
		<bndbox>
			<xmin>1821</xmin>
			<ymin>393</ymin>
			<xmax>2156</xmax>
			<ymax>834</ymax>
		</bndbox>
	</object>
	<object>
		<name>ref_fork</name>
		<bndbox>
			<xmin>2273</xmin>
			<ymin>431</ymin>
			<xmax>2510</xmax>
			<ymax>932</ymax>
		</bndbox>
	</object>
	<object>
		<name>ref_coin</name>
		<bndbox>
			<xmin>1285</xmin>
			<ymin>1513</ymin>
			<xmax>1572</xmax>
			<ymax>1712</ymax>
		</bndbox>
	</object>
	<object>
		<name>dish</name>
		<bndbox>
			<xmin>249</xmin>
			<ymin>295</ymin>
			<xmax>1429</xmax>
			<ymax>1403</ymax>
		</bndbox>
	</object>
	<object>
		<name>떡볶이</name>
		<bndbox>
			<xmin>351</xmin>
			<ymin>472</ymin>
			<xmax>1312</xmax>
			<ymax>1034</ymax>
		</bndbox>
	</object>
</annotation>