<annotation>
	<folder>top어육류면적원형배달떡볶이q5</folder>
	<filename>top_어육류면적_원형배달_떡볶이_Q5_00049.JPG</filename>
	<path>/top어육류면적원형배달떡볶이q5/top_어육류면적_원형배달_떡볶이_Q5_00049.JPG</path>
	<source>
		<database>fooddata</database>
	</source>
	<size>
		<width>3008</width>
		<height>2000</height>
		<depth>3</depth>
	</size>
	<object>
		<name>ref_spoon</name>
		<bndbox>
			<xmin>332</xmin>
			<ymin>54</ymin>
			<xmax>675</xmax>
			<ymax>544</ymax>
		</bndbox>
	</object>
	<object>
		<name>ref_fork</name>
		<bndbox>
			<xmin>799</xmin>
			<ymin>193</ymin>
			<xmax>1033</xmax>
			<ymax>747</ymax>
		</bndbox>
	</object>
	<object>
		<name>ref_coin</name>
		<bndbox>
			<xmin>2458</xmin>
			<ymin>706</ymin>
			<xmax>2684</xmax>
			<ymax>943</ymax>
		</bndbox>
	</object>
	<object>
		<name>dish</name>
		<bndbox>
			<xmin>1331</xmin>
			<ymin>480</ymin>
			<xmax>2443</xmax>
			<ymax>1592</ymax>
		</bndbox>
	</object>
	<object>
		<name>떡볶이</name>
		<bndbox>
			<xmin>1387</xmin>
			<ymin>597</ymin>
			<xmax>2356</xmax>
			<ymax>1501</ymax>
		</bndbox>
	</object>
</annotation>