<annotation>
	<folder>top어육류면적원형배달떡볶이q5</folder>
	<filename>top_어육류면적_원형배달_떡볶이_Q5_00045.JPG</filename>
	<path>/top어육류면적원형배달떡볶이q5/top_어육류면적_원형배달_떡볶이_Q5_00045.JPG</path>
	<source>
		<database>fooddata</database>
	</source>
	<size>
		<width>3008</width>
		<height>2000</height>
		<depth>3</depth>
	</size>
	<object>
		<name>ref_spoon</name>
		<bndbox>
			<xmin>513</xmin>
			<ymin>95</ymin>
			<xmax>848</xmax>
			<ymax>604</ymax>
		</bndbox>
	</object>
	<object>
		<name>ref_fork</name>
		<bndbox>
			<xmin>984</xmin>
			<ymin>220</ymin>
			<xmax>1206</xmax>
			<ymax>793</ymax>
		</bndbox>
	</object>
	<object>
		<name>ref_coin</name>
		<bndbox>
			<xmin>2307</xmin>
			<ymin>1418</ymin>
			<xmax>2548</xmax>
			<ymax>1656</ymax>
		</bndbox>
	</object>
	<object>
		<name>dish</name>
		<bndbox>
			<xmin>1451</xmin>
			<ymin>340</ymin>
			<xmax>2556</xmax>
			<ymax>1467</ymax>
		</bndbox>
	</object>
	<object>
		<name>떡볶이</name>
		<bndbox>
			<xmin>1512</xmin>
			<ymin>453</ymin>
			<xmax>2461</xmax>
			<ymax>1381</ymax>
		</bndbox>
	</object>
</annotation>