<annotation>
	<folder>top어육류면적원형배달떡볶이q5</folder>
	<filename>top_어육류면적_원형배달_떡볶이_Q5_00006.JPG</filename>
	<path>/top어육류면적원형배달떡볶이q5/top_어육류면적_원형배달_떡볶이_Q5_00006.JPG</path>
	<source>
		<database>fooddata</database>
	</source>
	<size>
		<width>3008</width>
		<height>2000</height>
		<depth>3</depth>
	</size>
	<object>
		<name>ref_spoon</name>
		<bndbox>
			<xmin>2047</xmin>
			<ymin>133</ymin>
			<xmax>2382</xmax>
			<ymax>627</ymax>
		</bndbox>
	</object>
	<object>
		<name>ref_fork</name>
		<bndbox>
			<xmin>2563</xmin>
			<ymin>190</ymin>
			<xmax>2793</xmax>
			<ymax>714</ymax>
		</bndbox>
	</object>
	<object>
		<name>ref_coin</name>
		<bndbox>
			<xmin>494</xmin>
			<ymin>1181</ymin>
			<xmax>750</xmax>
			<ymax>1426</ymax>
		</bndbox>
	</object>
	<object>
		<name>dish</name>
		<bndbox>
			<xmin>818</xmin>
			<ymin>416</ymin>
			<xmax>1941</xmax>
			<ymax>1547</ymax>
		</bndbox>
	</object>
	<object>
		<name>떡볶이</name>
		<bndbox>
			<xmin>905</xmin>
			<ymin>514</ymin>
			<xmax>1824</xmax>
			<ymax>1452</ymax>
		</bndbox>
	</object>
</annotation>