<annotation>
	<folder>top어육류면적원형배달떡볶이q5</folder>
	<filename>top_어육류면적_원형배달_떡볶이_Q5_00007.JPG</filename>
	<path>/top어육류면적원형배달떡볶이q5/top_어육류면적_원형배달_떡볶이_Q5_00007.JPG</path>
	<source>
		<database>fooddata</database>
	</source>
	<size>
		<width>3008</width>
		<height>2000</height>
		<depth>3</depth>
	</size>
	<object>
		<name>ref_spoon</name>
		<bndbox>
			<xmin>2002</xmin>
			<ymin>103</ymin>
			<xmax>2322</xmax>
			<ymax>593</ymax>
		</bndbox>
	</object>
	<object>
		<name>ref_fork</name>
		<bndbox>
			<xmin>2499</xmin>
			<ymin>171</ymin>
			<xmax>2752</xmax>
			<ymax>721</ymax>
		</bndbox>
	</object>
	<object>
		<name>ref_coin</name>
		<bndbox>
			<xmin>275</xmin>
			<ymin>770</ymin>
			<xmax>531</xmax>
			<ymax>1019</ymax>
		</bndbox>
	</object>
	<object>
		<name>dish</name>
		<bndbox>
			<xmin>765</xmin>
			<ymin>340</ymin>
			<xmax>1896</xmax>
			<ymax>1475</ymax>
		</bndbox>
	</object>
	<object>
		<name>떡볶이</name>
		<bndbox>
			<xmin>848</xmin>
			<ymin>461</ymin>
			<xmax>1809</xmax>
			<ymax>1403</ymax>
		</bndbox>
	</object>
</annotation>