<annotation>
	<folder>top어육류면적원형배달떡볶이q5</folder>
	<filename>top_어육류면적_원형배달_떡볶이_Q5_00048.JPG</filename>
	<path>/top어육류면적원형배달떡볶이q5/top_어육류면적_원형배달_떡볶이_Q5_00048.JPG</path>
	<source>
		<database>fooddata</database>
	</source>
	<size>
		<width>3008</width>
		<height>2000</height>
		<depth>3</depth>
	</size>
	<object>
		<name>ref_spoon</name>
		<bndbox>
			<xmin>320</xmin>
			<ymin>76</ymin>
			<xmax>667</xmax>
			<ymax>589</ymax>
		</bndbox>
	</object>
	<object>
		<name>ref_fork</name>
		<bndbox>
			<xmin>799</xmin>
			<ymin>220</ymin>
			<xmax>1029</xmax>
			<ymax>785</ymax>
		</bndbox>
	</object>
	<object>
		<name>ref_coin</name>
		<bndbox>
			<xmin>2529</xmin>
			<ymin>1011</ymin>
			<xmax>2771</xmax>
			<ymax>1237</ymax>
		</bndbox>
	</object>
	<object>
		<name>dish</name>
		<bndbox>
			<xmin>1323</xmin>
			<ymin>499</ymin>
			<xmax>2443</xmax>
			<ymax>1622</ymax>
		</bndbox>
	</object>
	<object>
		<name>떡볶이</name>
		<bndbox>
			<xmin>1383</xmin>
			<ymin>627</ymin>
			<xmax>2333</xmax>
			<ymax>1520</ymax>
		</bndbox>
	</object>
</annotation>