<annotation>
	<folder>top어육류면적원형배달떡볶이q5</folder>
	<filename>top_어육류면적_원형배달_떡볶이_Q5_00036.JPG</filename>
	<path>/top어육류면적원형배달떡볶이q5/top_어육류면적_원형배달_떡볶이_Q5_00036.JPG</path>
	<source>
		<database>fooddata</database>
	</source>
	<size>
		<width>3008</width>
		<height>2000</height>
		<depth>3</depth>
	</size>
	<object>
		<name>ref_spoon</name>
		<bndbox>
			<xmin>550</xmin>
			<ymin>103</ymin>
			<xmax>875</xmax>
			<ymax>570</ymax>
		</bndbox>
	</object>
	<object>
		<name>ref_fork</name>
		<bndbox>
			<xmin>991</xmin>
			<ymin>227</ymin>
			<xmax>1210</xmax>
			<ymax>766</ymax>
		</bndbox>
	</object>
	<object>
		<name>ref_coin</name>
		<bndbox>
			<xmin>1945</xmin>
			<ymin>1539</ymin>
			<xmax>2171</xmax>
			<ymax>1788</ymax>
		</bndbox>
	</object>
	<object>
		<name>dish</name>
		<bndbox>
			<xmin>1425</xmin>
			<ymin>352</ymin>
			<xmax>2499</xmax>
			<ymax>1388</ymax>
		</bndbox>
	</object>
	<object>
		<name>떡볶이</name>
		<bndbox>
			<xmin>1481</xmin>
			<ymin>450</ymin>
			<xmax>2367</xmax>
			<ymax>1320</ymax>
		</bndbox>
	</object>
</annotation>