<annotation>
	<folder>top어육류면적원형배달떡볶이q5</folder>
	<filename>top_어육류면적_원형배달_떡볶이_Q5_00046.JPG</filename>
	<path>/top어육류면적원형배달떡볶이q5/top_어육류면적_원형배달_떡볶이_Q5_00046.JPG</path>
	<source>
		<database>fooddata</database>
	</source>
	<size>
		<width>3008</width>
		<height>2000</height>
		<depth>3</depth>
	</size>
	<object>
		<name>ref_spoon</name>
		<bndbox>
			<xmin>562</xmin>
			<ymin>133</ymin>
			<xmax>901</xmax>
			<ymax>672</ymax>
		</bndbox>
	</object>
	<object>
		<name>ref_fork</name>
		<bndbox>
			<xmin>1029</xmin>
			<ymin>280</ymin>
			<xmax>1270</xmax>
			<ymax>864</ymax>
		</bndbox>
	</object>
	<object>
		<name>ref_coin</name>
		<bndbox>
			<xmin>2563</xmin>
			<ymin>1354</ymin>
			<xmax>2812</xmax>
			<ymax>1607</ymax>
		</bndbox>
	</object>
	<object>
		<name>dish</name>
		<bndbox>
			<xmin>1508</xmin>
			<ymin>427</ymin>
			<xmax>2635</xmax>
			<ymax>1577</ymax>
		</bndbox>
	</object>
	<object>
		<name>떡볶이</name>
		<bndbox>
			<xmin>1572</xmin>
			<ymin>555</ymin>
			<xmax>2510</xmax>
			<ymax>1490</ymax>
		</bndbox>
	</object>
</annotation>