<annotation>
	<folder>top어육류면적원형배달떡볶이q5</folder>
	<filename>top_어육류면적_원형배달_떡볶이_Q5_00012.JPG</filename>
	<path>/top어육류면적원형배달떡볶이q5/top_어육류면적_원형배달_떡볶이_Q5_00012.JPG</path>
	<source>
		<database>fooddata</database>
	</source>
	<size>
		<width>3008</width>
		<height>2000</height>
		<depth>3</depth>
	</size>
	<object>
		<name>ref_spoon</name>
		<bndbox>
			<xmin>1975</xmin>
			<ymin>280</ymin>
			<xmax>2303</xmax>
			<ymax>785</ymax>
		</bndbox>
	</object>
	<object>
		<name>ref_fork</name>
		<bndbox>
			<xmin>2495</xmin>
			<ymin>314</ymin>
			<xmax>2722</xmax>
			<ymax>864</ymax>
		</bndbox>
	</object>
	<object>
		<name>ref_coin</name>
		<bndbox>
			<xmin>1659</xmin>
			<ymin>1422</ymin>
			<xmax>1896</xmax>
			<ymax>1652</ymax>
		</bndbox>
	</object>
	<object>
		<name>dish</name>
		<bndbox>
			<xmin>445</xmin>
			<ymin>476</ymin>
			<xmax>1598</xmax>
			<ymax>1592</ymax>
		</bndbox>
	</object>
	<object>
		<name>떡볶이</name>
		<bndbox>
			<xmin>573</xmin>
			<ymin>612</ymin>
			<xmax>1500</xmax>
			<ymax>1550</ymax>
		</bndbox>
	</object>
</annotation>