<annotation>
	<folder>top어육류면적원형배달떡볶이q5</folder>
	<filename>top_어육류면적_원형배달_떡볶이_Q5_00038.JPG</filename>
	<path>/top어육류면적원형배달떡볶이q5/top_어육류면적_원형배달_떡볶이_Q5_00038.JPG</path>
	<source>
		<database>fooddata</database>
	</source>
	<size>
		<width>3008</width>
		<height>2000</height>
		<depth>3</depth>
	</size>
	<object>
		<name>ref_spoon</name>
		<bndbox>
			<xmin>603</xmin>
			<ymin>148</ymin>
			<xmax>950</xmax>
			<ymax>676</ymax>
		</bndbox>
	</object>
	<object>
		<name>ref_fork</name>
		<bndbox>
			<xmin>1078</xmin>
			<ymin>280</ymin>
			<xmax>1308</xmax>
			<ymax>838</ymax>
		</bndbox>
	</object>
	<object>
		<name>ref_coin</name>
		<bndbox>
			<xmin>2194</xmin>
			<ymin>1562</ymin>
			<xmax>2435</xmax>
			<ymax>1803</ymax>
		</bndbox>
	</object>
	<object>
		<name>dish</name>
		<bndbox>
			<xmin>1602</xmin>
			<ymin>382</ymin>
			<xmax>2725</xmax>
			<ymax>1475</ymax>
		</bndbox>
	</object>
	<object>
		<name>떡볶이</name>
		<bndbox>
			<xmin>1651</xmin>
			<ymin>499</ymin>
			<xmax>2563</xmax>
			<ymax>1411</ymax>
		</bndbox>
	</object>
</annotation>