<annotation>
	<folder>top어육류면적원형배달떡볶이q5</folder>
	<filename>top_어육류면적_원형배달_떡볶이_Q5_00034.JPG</filename>
	<path>/top어육류면적원형배달떡볶이q5/top_어육류면적_원형배달_떡볶이_Q5_00034.JPG</path>
	<source>
		<database>fooddata</database>
	</source>
	<size>
		<width>3008</width>
		<height>2000</height>
		<depth>3</depth>
	</size>
	<object>
		<name>ref_spoon</name>
		<bndbox>
			<xmin>558</xmin>
			<ymin>359</ymin>
			<xmax>856</xmax>
			<ymax>793</ymax>
		</bndbox>
	</object>
	<object>
		<name>ref_fork</name>
		<bndbox>
			<xmin>950</xmin>
			<ymin>469</ymin>
			<xmax>1150</xmax>
			<ymax>932</ymax>
		</bndbox>
	</object>
	<object>
		<name>ref_coin</name>
		<bndbox>
			<xmin>2337</xmin>
			<ymin>1121</ymin>
			<xmax>2541</xmax>
			<ymax>1320</ymax>
		</bndbox>
	</object>
	<object>
		<name>dish</name>
		<bndbox>
			<xmin>1365</xmin>
			<ymin>589</ymin>
			<xmax>2284</xmax>
			<ymax>1505</ymax>
		</bndbox>
	</object>
	<object>
		<name>떡볶이</name>
		<bndbox>
			<xmin>1417</xmin>
			<ymin>676</ymin>
			<xmax>2164</xmax>
			<ymax>1449</ymax>
		</bndbox>
	</object>
</annotation>