<annotation>
	<folder>top어육류면적원형배달떡볶이q5</folder>
	<filename>top_어육류면적_원형배달_떡볶이_Q5_00009.JPG</filename>
	<path>/top어육류면적원형배달떡볶이q5/top_어육류면적_원형배달_떡볶이_Q5_00009.JPG</path>
	<source>
		<database>fooddata</database>
	</source>
	<size>
		<width>3008</width>
		<height>2000</height>
		<depth>3</depth>
	</size>
	<object>
		<name>ref_spoon</name>
		<bndbox>
			<xmin>1975</xmin>
			<ymin>144</ymin>
			<xmax>2299</xmax>
			<ymax>642</ymax>
		</bndbox>
	</object>
	<object>
		<name>ref_fork</name>
		<bndbox>
			<xmin>2488</xmin>
			<ymin>205</ymin>
			<xmax>2714</xmax>
			<ymax>717</ymax>
		</bndbox>
	</object>
	<object>
		<name>ref_coin</name>
		<bndbox>
			<xmin>1025</xmin>
			<ymin>110</ymin>
			<xmax>1263</xmax>
			<ymax>340</ymax>
		</bndbox>
	</object>
	<object>
		<name>dish</name>
		<bndbox>
			<xmin>807</xmin>
			<ymin>495</ymin>
			<xmax>1945</xmax>
			<ymax>1637</ymax>
		</bndbox>
	</object>
	<object>
		<name>떡볶이</name>
		<bndbox>
			<xmin>890</xmin>
			<ymin>627</ymin>
			<xmax>1855</xmax>
			<ymax>1569</ymax>
		</bndbox>
	</object>
</annotation>