<annotation>
	<folder>side반찬부피원형배달두부김치q5</folder>
	<filename>side_반찬부피_원형배달_두부김치_Q5_00021.JPG</filename>
	<path>/side반찬부피원형배달두부김치q5/side_반찬부피_원형배달_두부김치_Q5_00021.JPG</path>
	<source>
		<database>fooddata</database>
	</source>
	<size>
		<width>3008</width>
		<height>2000</height>
		<depth>3</depth>
	</size>
	<object>
		<name>ref_spoon</name>
		<bndbox>
			<xmin>563</xmin>
			<ymin>1518</ymin>
			<xmax>1047</xmax>
			<ymax>1794</ymax>
		</bndbox>
	</object>
	<object>
		<name>ref_fork</name>
		<bndbox>
			<xmin>615</xmin>
			<ymin>1307</ymin>
			<xmax>1108</xmax>
			<ymax>1570</ymax>
		</bndbox>
	</object>
	<object>
		<name>ref_coin</name>
		<bndbox>
			<xmin>2160</xmin>
			<ymin>548</ymin>
			<xmax>2366</xmax>
			<ymax>693</ymax>
		</bndbox>
	</object>
	<object>
		<name>dish</name>
		<bndbox>
			<xmin>789</xmin>
			<ymin>59</ymin>
			<xmax>2030</xmax>
			<ymax>1199</ymax>
		</bndbox>
	</object>
	<object>
		<name>두부김치</name>
		<bndbox>
			<xmin>946</xmin>
			<ymin>356</ymin>
			<xmax>1895</xmax>
			<ymax>796</ymax>
		</bndbox>
	</object>
</annotation>