<annotation>
	<folder>side반찬부피원형배달두부김치q5</folder>
	<filename>side_반찬부피_원형배달_두부김치_Q5_00047.JPG</filename>
	<path>/side반찬부피원형배달두부김치q5/side_반찬부피_원형배달_두부김치_Q5_00047.JPG</path>
	<source>
		<database>fooddata</database>
	</source>
	<size>
		<width>3008</width>
		<height>2000</height>
		<depth>3</depth>
	</size>
	<object>
		<name>ref_spoon</name>
		<bndbox>
			<xmin>440</xmin>
			<ymin>619</ymin>
			<xmax>755</xmax>
			<ymax>1005</ymax>
		</bndbox>
	</object>
	<object>
		<name>ref_fork</name>
		<bndbox>
			<xmin>833</xmin>
			<ymin>727</ymin>
			<xmax>1057</xmax>
			<ymax>1167</ymax>
		</bndbox>
	</object>
	<object>
		<name>ref_coin</name>
		<bndbox>
			<xmin>932</xmin>
			<ymin>214</ymin>
			<xmax>1155</xmax>
			<ymax>361</ymax>
		</bndbox>
	</object>
	<object>
		<name>dish</name>
		<bndbox>
			<xmin>1209</xmin>
			<ymin>447</ymin>
			<xmax>2647</xmax>
			<ymax>1776</ymax>
		</bndbox>
	</object>
	<object>
		<name>두부김치</name>
		<bndbox>
			<xmin>1349</xmin>
			<ymin>791</ymin>
			<xmax>2406</xmax>
			<ymax>1319</ymax>
		</bndbox>
	</object>
</annotation>