<annotation>
	<folder>side반찬부피원형배달두부김치q5</folder>
	<filename>side_반찬부피_원형배달_두부김치_Q5_00032.JPG</filename>
	<path>/side반찬부피원형배달두부김치q5/side_반찬부피_원형배달_두부김치_Q5_00032.JPG</path>
	<source>
		<database>fooddata</database>
	</source>
	<size>
		<width>3008</width>
		<height>2000</height>
		<depth>3</depth>
	</size>
	<object>
		<name>ref_spoon</name>
		<bndbox>
			<xmin>708</xmin>
			<ymin>1514</ymin>
			<xmax>1207</xmax>
			<ymax>1811</ymax>
		</bndbox>
	</object>
	<object>
		<name>ref_fork</name>
		<bndbox>
			<xmin>747</xmin>
			<ymin>1287</ymin>
			<xmax>1275</xmax>
			<ymax>1558</ymax>
		</bndbox>
	</object>
	<object>
		<name>ref_coin</name>
		<bndbox>
			<xmin>229</xmin>
			<ymin>644</ymin>
			<xmax>462</xmax>
			<ymax>808</ymax>
		</bndbox>
	</object>
	<object>
		<name>dish</name>
		<bndbox>
			<xmin>1003</xmin>
			<ymin>93</ymin>
			<xmax>2332</xmax>
			<ymax>1327</ymax>
		</bndbox>
	</object>
	<object>
		<name>두부김치</name>
		<bndbox>
			<xmin>1131</xmin>
			<ymin>396</ymin>
			<xmax>2158</xmax>
			<ymax>899</ymax>
		</bndbox>
	</object>
</annotation>