<annotation>
	<folder>side반찬부피원형배달두부김치q5</folder>
	<filename>side_반찬부피_원형배달_두부김치_Q5_00034.JPG</filename>
	<path>/side반찬부피원형배달두부김치q5/side_반찬부피_원형배달_두부김치_Q5_00034.JPG</path>
	<source>
		<database>fooddata</database>
	</source>
	<size>
		<width>3008</width>
		<height>2000</height>
		<depth>3</depth>
	</size>
	<object>
		<name>ref_spoon</name>
		<bndbox>
			<xmin>450</xmin>
			<ymin>236</ymin>
			<xmax>752</xmax>
			<ymax>597</ymax>
		</bndbox>
	</object>
	<object>
		<name>ref_fork</name>
		<bndbox>
			<xmin>823</xmin>
			<ymin>327</ymin>
			<xmax>1030</xmax>
			<ymax>742</ymax>
		</bndbox>
	</object>
	<object>
		<name>ref_coin</name>
		<bndbox>
			<xmin>1548</xmin>
			<ymin>1555</ymin>
			<xmax>1789</xmax>
			<ymax>1749</ymax>
		</bndbox>
	</object>
	<object>
		<name>dish</name>
		<bndbox>
			<xmin>1175</xmin>
			<ymin>179</ymin>
			<xmax>2529</xmax>
			<ymax>1442</ymax>
		</bndbox>
	</object>
	<object>
		<name>두부김치</name>
		<bndbox>
			<xmin>1305</xmin>
			<ymin>548</ymin>
			<xmax>2327</xmax>
			<ymax>1017</ymax>
		</bndbox>
	</object>
</annotation>