<annotation>
	<folder>side반찬부피원형배달두부김치q5</folder>
	<filename>side_반찬부피_원형배달_두부김치_Q5_00024.JPG</filename>
	<path>/side반찬부피원형배달두부김치q5/side_반찬부피_원형배달_두부김치_Q5_00024.JPG</path>
	<source>
		<database>fooddata</database>
	</source>
	<size>
		<width>3008</width>
		<height>2000</height>
		<depth>3</depth>
	</size>
	<object>
		<name>ref_spoon</name>
		<bndbox>
			<xmin>561</xmin>
			<ymin>1464</ymin>
			<xmax>1027</xmax>
			<ymax>1740</ymax>
		</bndbox>
	</object>
	<object>
		<name>ref_fork</name>
		<bndbox>
			<xmin>597</xmin>
			<ymin>1260</ymin>
			<xmax>1099</xmax>
			<ymax>1506</ymax>
		</bndbox>
	</object>
	<object>
		<name>ref_coin</name>
		<bndbox>
			<xmin>533</xmin>
			<ymin>157</ymin>
			<xmax>740</xmax>
			<ymax>290</ymax>
		</bndbox>
	</object>
	<object>
		<name>dish</name>
		<bndbox>
			<xmin>855</xmin>
			<ymin>130</ymin>
			<xmax>2069</xmax>
			<ymax>1258</ymax>
		</bndbox>
	</object>
	<object>
		<name>두부김치</name>
		<bndbox>
			<xmin>981</xmin>
			<ymin>413</ymin>
			<xmax>1922</xmax>
			<ymax>860</ymax>
		</bndbox>
	</object>
</annotation>