<annotation>
	<folder>side반찬부피원형배달두부김치q5</folder>
	<filename>side_반찬부피_원형배달_두부김치_Q5_00033.JPG</filename>
	<path>/side반찬부피원형배달두부김치q5/side_반찬부피_원형배달_두부김치_Q5_00033.JPG</path>
	<source>
		<database>fooddata</database>
	</source>
	<size>
		<width>3008</width>
		<height>2000</height>
		<depth>3</depth>
	</size>
	<object>
		<name>ref_spoon</name>
		<bndbox>
			<xmin>430</xmin>
			<ymin>233</ymin>
			<xmax>730</xmax>
			<ymax>602</ymax>
		</bndbox>
	</object>
	<object>
		<name>ref_fork</name>
		<bndbox>
			<xmin>801</xmin>
			<ymin>324</ymin>
			<xmax>1008</xmax>
			<ymax>744</ymax>
		</bndbox>
	</object>
	<object>
		<name>ref_coin</name>
		<bndbox>
			<xmin>1280</xmin>
			<ymin>1474</ymin>
			<xmax>1533</xmax>
			<ymax>1676</ymax>
		</bndbox>
	</object>
	<object>
		<name>dish</name>
		<bndbox>
			<xmin>1150</xmin>
			<ymin>162</ymin>
			<xmax>2509</xmax>
			<ymax>1428</ymax>
		</bndbox>
	</object>
	<object>
		<name>두부김치</name>
		<bndbox>
			<xmin>1273</xmin>
			<ymin>521</ymin>
			<xmax>2310</xmax>
			<ymax>1007</ymax>
		</bndbox>
	</object>
</annotation>