<annotation>
	<folder>top반찬부피원형배달두부김치q5</folder>
	<filename>top_반찬부피_원형배달_두부김치_Q5_00042.JPG</filename>
	<path>/top반찬부피원형배달두부김치q5/top_반찬부피_원형배달_두부김치_Q5_00042.JPG</path>
	<source>
		<database>fooddata</database>
	</source>
	<size>
		<width>3008</width>
		<height>2000</height>
		<depth>3</depth>
	</size>
	<object>
		<name>ref_spoon</name>
		<bndbox>
			<xmin>689</xmin>
			<ymin>301</ymin>
			<xmax>1027</xmax>
			<ymax>801</ymax>
		</bndbox>
	</object>
	<object>
		<name>ref_fork</name>
		<bndbox>
			<xmin>1060</xmin>
			<ymin>319</ymin>
			<xmax>1277</xmax>
			<ymax>866</ymax>
		</bndbox>
	</object>
	<object>
		<name>ref_coin</name>
		<bndbox>
			<xmin>268</xmin>
			<ymin>815</ymin>
			<xmax>509</xmax>
			<ymax>1037</ymax>
		</bndbox>
	</object>
	<object>
		<name>dish</name>
		<bndbox>
			<xmin>1597</xmin>
			<ymin>171</ymin>
			<xmax>2985</xmax>
			<ymax>1556</ymax>
		</bndbox>
	</object>
	<object>
		<name>두부김치</name>
		<bndbox>
			<xmin>1643</xmin>
			<ymin>380</ymin>
			<xmax>2773</xmax>
			<ymax>1454</ymax>
		</bndbox>
	</object>
</annotation>