<annotation>
	<folder>top반찬부피원형배달두부김치q5</folder>
	<filename>top_반찬부피_원형배달_두부김치_Q5_00020.JPG</filename>
	<path>/top반찬부피원형배달두부김치q5/top_반찬부피_원형배달_두부김치_Q5_00020.JPG</path>
	<source>
		<database>fooddata</database>
	</source>
	<size>
		<width>3008</width>
		<height>2000</height>
		<depth>3</depth>
	</size>
	<object>
		<name>ref_spoon</name>
		<bndbox>
			<xmin>860</xmin>
			<ymin>1583</ymin>
			<xmax>1323</xmax>
			<ymax>1870</ymax>
		</bndbox>
	</object>
	<object>
		<name>ref_fork</name>
		<bndbox>
			<xmin>893</xmin>
			<ymin>1333</ymin>
			<xmax>1351</xmax>
			<ymax>1546</ymax>
		</bndbox>
	</object>
	<object>
		<name>ref_coin</name>
		<bndbox>
			<xmin>2171</xmin>
			<ymin>847</ymin>
			<xmax>2351</xmax>
			<ymax>1051</ymax>
		</bndbox>
	</object>
	<object>
		<name>dish</name>
		<bndbox>
			<xmin>1027</xmin>
			<ymin>93</ymin>
			<xmax>2198</xmax>
			<ymax>1222</ymax>
		</bndbox>
	</object>
	<object>
		<name>두부김치</name>
		<bndbox>
			<xmin>1115</xmin>
			<ymin>227</ymin>
			<xmax>2073</xmax>
			<ymax>1167</ymax>
		</bndbox>
	</object>
</annotation>