<annotation>
	<folder>top반찬부피원형배달두부김치q5</folder>
	<filename>top_반찬부피_원형배달_두부김치_Q5_00029.JPG</filename>
	<path>/top반찬부피원형배달두부김치q5/top_반찬부피_원형배달_두부김치_Q5_00029.JPG</path>
	<source>
		<database>fooddata</database>
	</source>
	<size>
		<width>3008</width>
		<height>2000</height>
		<depth>3</depth>
	</size>
	<object>
		<name>ref_spoon</name>
		<bndbox>
			<xmin>884</xmin>
			<ymin>1597</ymin>
			<xmax>1319</xmax>
			<ymax>1894</ymax>
		</bndbox>
	</object>
	<object>
		<name>ref_fork</name>
		<bndbox>
			<xmin>898</xmin>
			<ymin>1343</ymin>
			<xmax>1365</xmax>
			<ymax>1560</ymax>
		</bndbox>
	</object>
	<object>
		<name>ref_coin</name>
		<bndbox>
			<xmin>833</xmin>
			<ymin>963</ymin>
			<xmax>1050</xmax>
			<ymax>1185</ymax>
		</bndbox>
	</object>
	<object>
		<name>dish</name>
		<bndbox>
			<xmin>1013</xmin>
			<ymin>79</ymin>
			<xmax>2249</xmax>
			<ymax>1301</ymax>
		</bndbox>
	</object>
	<object>
		<name>두부김치</name>
		<bndbox>
			<xmin>1106</xmin>
			<ymin>264</ymin>
			<xmax>2110</xmax>
			<ymax>1255</ymax>
		</bndbox>
	</object>
</annotation>