<annotation>
	<folder>top반찬부피원형배달두부김치q5</folder>
	<filename>top_반찬부피_원형배달_두부김치_Q5_00025.JPG</filename>
	<path>/top반찬부피원형배달두부김치q5/top_반찬부피_원형배달_두부김치_Q5_00025.JPG</path>
	<source>
		<database>fooddata</database>
	</source>
	<size>
		<width>3008</width>
		<height>2000</height>
		<depth>3</depth>
	</size>
	<object>
		<name>ref_spoon</name>
		<bndbox>
			<xmin>847</xmin>
			<ymin>1546</ymin>
			<xmax>1245</xmax>
			<ymax>1824</ymax>
		</bndbox>
	</object>
	<object>
		<name>ref_fork</name>
		<bndbox>
			<xmin>856</xmin>
			<ymin>1329</ymin>
			<xmax>1277</xmax>
			<ymax>1523</ymax>
		</bndbox>
	</object>
	<object>
		<name>ref_coin</name>
		<bndbox>
			<xmin>1106</xmin>
			<ymin>28</ymin>
			<xmax>1286</xmax>
			<ymax>208</ymax>
		</bndbox>
	</object>
	<object>
		<name>dish</name>
		<bndbox>
			<xmin>1032</xmin>
			<ymin>218</ymin>
			<xmax>2138</xmax>
			<ymax>1306</ymax>
		</bndbox>
	</object>
	<object>
		<name>두부김치</name>
		<bndbox>
			<xmin>1134</xmin>
			<ymin>380</ymin>
			<xmax>2041</xmax>
			<ymax>1273</ymax>
		</bndbox>
	</object>
</annotation>