<annotation>
	<folder>top반찬부피원형배달두부김치q5</folder>
	<filename>top_반찬부피_원형배달_두부김치_Q5_00032.JPG</filename>
	<path>/top반찬부피원형배달두부김치q5/top_반찬부피_원형배달_두부김치_Q5_00032.JPG</path>
	<source>
		<database>fooddata</database>
	</source>
	<size>
		<width>3008</width>
		<height>2000</height>
		<depth>3</depth>
	</size>
	<object>
		<name>ref_spoon</name>
		<bndbox>
			<xmin>921</xmin>
			<ymin>1588</ymin>
			<xmax>1319</xmax>
			<ymax>1852</ymax>
		</bndbox>
	</object>
	<object>
		<name>ref_fork</name>
		<bndbox>
			<xmin>944</xmin>
			<ymin>1375</ymin>
			<xmax>1351</xmax>
			<ymax>1556</ymax>
		</bndbox>
	</object>
	<object>
		<name>ref_coin</name>
		<bndbox>
			<xmin>1856</xmin>
			<ymin>1083</ymin>
			<xmax>2032</xmax>
			<ymax>1264</ymax>
		</bndbox>
	</object>
	<object>
		<name>dish</name>
		<bndbox>
			<xmin>1013</xmin>
			<ymin>65</ymin>
			<xmax>2069</xmax>
			<ymax>1102</ymax>
		</bndbox>
	</object>
	<object>
		<name>두부김치</name>
		<bndbox>
			<xmin>1087</xmin>
			<ymin>208</ymin>
			<xmax>1958</xmax>
			<ymax>1051</ymax>
		</bndbox>
	</object>
</annotation>