<annotation>
	<folder>top반찬부피원형배달두부김치q5</folder>
	<filename>top_반찬부피_원형배달_두부김치_Q5_00009.JPG</filename>
	<path>/top반찬부피원형배달두부김치q5/top_반찬부피_원형배달_두부김치_Q5_00009.JPG</path>
	<source>
		<database>fooddata</database>
	</source>
	<size>
		<width>3008</width>
		<height>2000</height>
		<depth>3</depth>
	</size>
	<object>
		<name>ref_spoon</name>
		<bndbox>
			<xmin>1972</xmin>
			<ymin>157</ymin>
			<xmax>2286</xmax>
			<ymax>616</ymax>
		</bndbox>
	</object>
	<object>
		<name>ref_fork</name>
		<bndbox>
			<xmin>2374</xmin>
			<ymin>162</ymin>
			<xmax>2601</xmax>
			<ymax>653</ymax>
		</bndbox>
	</object>
	<object>
		<name>ref_coin</name>
		<bndbox>
			<xmin>425</xmin>
			<ymin>236</ymin>
			<xmax>661</xmax>
			<ymax>458</ymax>
		</bndbox>
	</object>
	<object>
		<name>dish</name>
		<bndbox>
			<xmin>555</xmin>
			<ymin>394</ymin>
			<xmax>1981</xmax>
			<ymax>1782</ymax>
		</bndbox>
	</object>
	<object>
		<name>두부김치</name>
		<bndbox>
			<xmin>726</xmin>
			<ymin>551</ymin>
			<xmax>1847</xmax>
			<ymax>1597</ymax>
		</bndbox>
	</object>
</annotation>