<annotation>
	<folder>top반찬부피원형배달두부김치q5</folder>
	<filename>top_반찬부피_원형배달_두부김치_Q5_00012.JPG</filename>
	<path>/top반찬부피원형배달두부김치q5/top_반찬부피_원형배달_두부김치_Q5_00012.JPG</path>
	<source>
		<database>fooddata</database>
	</source>
	<size>
		<width>3008</width>
		<height>2000</height>
		<depth>3</depth>
	</size>
	<object>
		<name>ref_spoon</name>
		<bndbox>
			<xmin>2018</xmin>
			<ymin>111</ymin>
			<xmax>2319</xmax>
			<ymax>579</ymax>
		</bndbox>
	</object>
	<object>
		<name>ref_fork</name>
		<bndbox>
			<xmin>2416</xmin>
			<ymin>88</ymin>
			<xmax>2643</xmax>
			<ymax>630</ymax>
		</bndbox>
	</object>
	<object>
		<name>ref_coin</name>
		<bndbox>
			<xmin>1643</xmin>
			<ymin>347</ymin>
			<xmax>1851</xmax>
			<ymax>560</ymax>
		</bndbox>
	</object>
	<object>
		<name>dish</name>
		<bndbox>
			<xmin>430</xmin>
			<ymin>444</ymin>
			<xmax>1805</xmax>
			<ymax>1796</ymax>
		</bndbox>
	</object>
	<object>
		<name>두부김치</name>
		<bndbox>
			<xmin>680</xmin>
			<ymin>593</ymin>
			<xmax>1675</xmax>
			<ymax>1671</ymax>
		</bndbox>
	</object>
</annotation>