<annotation>
	<folder>top반찬부피원형배달두부김치q5</folder>
	<filename>top_반찬부피_원형배달_두부김치_Q5_00013.JPG</filename>
	<path>/top반찬부피원형배달두부김치q5/top_반찬부피_원형배달_두부김치_Q5_00013.JPG</path>
	<source>
		<database>fooddata</database>
	</source>
	<size>
		<width>3008</width>
		<height>2000</height>
		<depth>3</depth>
	</size>
	<object>
		<name>ref_spoon</name>
		<bndbox>
			<xmin>1990</xmin>
			<ymin>88</ymin>
			<xmax>2291</xmax>
			<ymax>546</ymax>
		</bndbox>
	</object>
	<object>
		<name>ref_fork</name>
		<bndbox>
			<xmin>2393</xmin>
			<ymin>83</ymin>
			<xmax>2606</xmax>
			<ymax>583</ymax>
		</bndbox>
	</object>
	<object>
		<name>ref_coin</name>
		<bndbox>
			<xmin>1740</xmin>
			<ymin>569</ymin>
			<xmax>1958</xmax>
			<ymax>778</ymax>
		</bndbox>
	</object>
	<object>
		<name>dish</name>
		<bndbox>
			<xmin>356</xmin>
			<ymin>333</ymin>
			<xmax>1731</xmax>
			<ymax>1690</ymax>
		</bndbox>
	</object>
	<object>
		<name>두부김치</name>
		<bndbox>
			<xmin>504</xmin>
			<ymin>477</ymin>
			<xmax>1615</xmax>
			<ymax>1583</ymax>
		</bndbox>
	</object>
</annotation>