<annotation>
	<folder>side어육류면적접시훈제오리q5</folder>
	<filename>side_어육류면적_접시_훈제오리_Q5_00017.JPG</filename>
	<path>/side어육류면적접시훈제오리q5/side_어육류면적_접시_훈제오리_Q5_00017.JPG</path>
	<source>
		<database>fooddata</database>
	</source>
	<size>
		<width>5472</width>
		<height>3648</height>
		<depth>3</depth>
	</size>
	<object>
		<name>ref_spoon</name>
		<bndbox>
			<xmin>832</xmin>
			<ymin>2661</ymin>
			<xmax>1746</xmax>
			<ymax>3199</ymax>
		</bndbox>
	</object>
	<object>
		<name>ref_fork</name>
		<bndbox>
			<xmin>983</xmin>
			<ymin>2141</ymin>
			<xmax>1917</xmax>
			<ymax>2630</ymax>
		</bndbox>
	</object>
	<object>
		<name>ref_coin</name>
		<bndbox>
			<xmin>3704</xmin>
			<ymin>2059</ymin>
			<xmax>4108</xmax>
			<ymax>2370</ymax>
		</bndbox>
	</object>
	<object>
		<name>dish</name>
		<bndbox>
			<xmin>1077</xmin>
			<ymin>263</ymin>
			<xmax>3784</xmax>
			<ymax>2133</ymax>
		</bndbox>
	</object>
	<object>
		<name>훈제오리</name>
		<bndbox>
			<xmin>1338</xmin>
			<ymin>437</ymin>
			<xmax>3545</xmax>
			<ymax>1997</ymax>
		</bndbox>
	</object>
</annotation>