<annotation>
	<folder>side어육류면적접시훈제오리q5</folder>
	<filename>side_어육류면적_접시_훈제오리_Q5_00050.JPG</filename>
	<path>/side어육류면적접시훈제오리q5/side_어육류면적_접시_훈제오리_Q5_00050.JPG</path>
	<source>
		<database>fooddata</database>
	</source>
	<size>
		<width>5472</width>
		<height>3648</height>
		<depth>3</depth>
	</size>
	<object>
		<name>ref_spoon</name>
		<bndbox>
			<xmin>951</xmin>
			<ymin>1245</ymin>
			<xmax>1479</xmax>
			<ymax>1958</ymax>
		</bndbox>
	</object>
	<object>
		<name>ref_fork</name>
		<bndbox>
			<xmin>1594</xmin>
			<ymin>1261</ymin>
			<xmax>1976</xmax>
			<ymax>2123</ymax>
		</bndbox>
	</object>
	<object>
		<name>ref_coin</name>
		<bndbox>
			<xmin>2969</xmin>
			<ymin>783</ymin>
			<xmax>3320</xmax>
			<ymax>1033</ymax>
		</bndbox>
	</object>
	<object>
		<name>dish</name>
		<bndbox>
			<xmin>2039</xmin>
			<ymin>1247</ymin>
			<xmax>4817</xmax>
			<ymax>3259</ymax>
		</bndbox>
	</object>
	<object>
		<name>훈제오리</name>
		<bndbox>
			<xmin>2186</xmin>
			<ymin>1334</ymin>
			<xmax>4442</xmax>
			<ymax>3117</ymax>
		</bndbox>
	</object>
</annotation>