<annotation>
	<folder>side어육류면적접시훈제오리q5</folder>
	<filename>side_어육류면적_접시_훈제오리_Q5_00021.JPG</filename>
	<path>/side어육류면적접시훈제오리q5/side_어육류면적_접시_훈제오리_Q5_00021.JPG</path>
	<source>
		<database>fooddata</database>
	</source>
	<size>
		<width>5472</width>
		<height>3648</height>
		<depth>3</depth>
	</size>
	<object>
		<name>ref_spoon</name>
		<bndbox>
			<xmin>1290</xmin>
			<ymin>2747</ymin>
			<xmax>2184</xmax>
			<ymax>3279</ymax>
		</bndbox>
	</object>
	<object>
		<name>ref_fork</name>
		<bndbox>
			<xmin>1398</xmin>
			<ymin>2250</ymin>
			<xmax>2369</xmax>
			<ymax>2690</ymax>
		</bndbox>
	</object>
	<object>
		<name>ref_coin</name>
		<bndbox>
			<xmin>4379</xmin>
			<ymin>856</ymin>
			<xmax>4756</xmax>
			<ymax>1130</ymax>
		</bndbox>
	</object>
	<object>
		<name>dish</name>
		<bndbox>
			<xmin>1464</xmin>
			<ymin>310</ymin>
			<xmax>4159</xmax>
			<ymax>2215</ymax>
		</bndbox>
	</object>
	<object>
		<name>훈제오리</name>
		<bndbox>
			<xmin>1674</xmin>
			<ymin>448</ymin>
			<xmax>3887</xmax>
			<ymax>2123</ymax>
		</bndbox>
	</object>
</annotation>