<annotation>
	<folder>side어육류면적접시훈제오리q5</folder>
	<filename>side_어육류면적_접시_훈제오리_Q5_00010.JPG</filename>
	<path>/side어육류면적접시훈제오리q5/side_어육류면적_접시_훈제오리_Q5_00010.JPG</path>
	<source>
		<database>fooddata</database>
	</source>
	<size>
		<width>5472</width>
		<height>3648</height>
		<depth>3</depth>
	</size>
	<object>
		<name>ref_spoon</name>
		<bndbox>
			<xmin>4221</xmin>
			<ymin>852</ymin>
			<xmax>4749</xmax>
			<ymax>1538</ymax>
		</bndbox>
	</object>
	<object>
		<name>ref_fork</name>
		<bndbox>
			<xmin>4880</xmin>
			<ymin>864</ymin>
			<xmax>5234</xmax>
			<ymax>1657</ymax>
		</bndbox>
	</object>
	<object>
		<name>ref_coin</name>
		<bndbox>
			<xmin>1259</xmin>
			<ymin>849</ymin>
			<xmax>1635</xmax>
			<ymax>1110</ymax>
		</bndbox>
	</object>
	<object>
		<name>dish</name>
		<bndbox>
			<xmin>1430</xmin>
			<ymin>834</ymin>
			<xmax>4194</xmax>
			<ymax>2814</ymax>
		</bndbox>
	</object>
	<object>
		<name>훈제오리</name>
		<bndbox>
			<xmin>1620</xmin>
			<ymin>1004</ymin>
			<xmax>3945</xmax>
			<ymax>2716</ymax>
		</bndbox>
	</object>
</annotation>