<annotation>
	<folder>side어육류면적접시훈제오리q5</folder>
	<filename>side_어육류면적_접시_훈제오리_Q5_00056.JPG</filename>
	<path>/side어육류면적접시훈제오리q5/side_어육류면적_접시_훈제오리_Q5_00056.JPG</path>
	<source>
		<database>fooddata</database>
	</source>
	<size>
		<width>5472</width>
		<height>3648</height>
		<depth>3</depth>
	</size>
	<object>
		<name>ref_spoon</name>
		<bndbox>
			<xmin>706</xmin>
			<ymin>774</ymin>
			<xmax>1261</xmax>
			<ymax>1488</ymax>
		</bndbox>
	</object>
	<object>
		<name>ref_fork</name>
		<bndbox>
			<xmin>1338</xmin>
			<ymin>841</ymin>
			<xmax>1767</xmax>
			<ymax>1672</ymax>
		</bndbox>
	</object>
	<object>
		<name>ref_coin</name>
		<bndbox>
			<xmin>4688</xmin>
			<ymin>2183</ymin>
			<xmax>5087</xmax>
			<ymax>2490</ymax>
		</bndbox>
	</object>
	<object>
		<name>dish</name>
		<bndbox>
			<xmin>1768</xmin>
			<ymin>944</ymin>
			<xmax>4547</xmax>
			<ymax>2966</ymax>
		</bndbox>
	</object>
	<object>
		<name>훈제오리</name>
		<bndbox>
			<xmin>1924</xmin>
			<ymin>1088</ymin>
			<xmax>4229</xmax>
			<ymax>2873</ymax>
		</bndbox>
	</object>
</annotation>