<annotation>
	<folder>side어육류면적접시훈제오리q5</folder>
	<filename>side_어육류면적_접시_훈제오리_Q5_00053.JPG</filename>
	<path>/side어육류면적접시훈제오리q5/side_어육류면적_접시_훈제오리_Q5_00053.JPG</path>
	<source>
		<database>fooddata</database>
	</source>
	<size>
		<width>5472</width>
		<height>3648</height>
		<depth>3</depth>
	</size>
	<object>
		<name>ref_spoon</name>
		<bndbox>
			<xmin>931</xmin>
			<ymin>741</ymin>
			<xmax>1472</xmax>
			<ymax>1442</ymax>
		</bndbox>
	</object>
	<object>
		<name>ref_fork</name>
		<bndbox>
			<xmin>1578</xmin>
			<ymin>761</ymin>
			<xmax>1958</xmax>
			<ymax>1562</ymax>
		</bndbox>
	</object>
	<object>
		<name>ref_coin</name>
		<bndbox>
			<xmin>3807</xmin>
			<ymin>3010</ymin>
			<xmax>4228</xmax>
			<ymax>3360</ymax>
		</bndbox>
	</object>
	<object>
		<name>dish</name>
		<bndbox>
			<xmin>2017</xmin>
			<ymin>752</ymin>
			<xmax>4774</xmax>
			<ymax>2748</ymax>
		</bndbox>
	</object>
	<object>
		<name>훈제오리</name>
		<bndbox>
			<xmin>2159</xmin>
			<ymin>877</ymin>
			<xmax>4437</xmax>
			<ymax>2628</ymax>
		</bndbox>
	</object>
</annotation>