<annotation>
	<folder>side어육류면적접시훈제오리q5</folder>
	<filename>side_어육류면적_접시_훈제오리_Q5_00039.JPG</filename>
	<path>/side어육류면적접시훈제오리q5/side_어육류면적_접시_훈제오리_Q5_00039.JPG</path>
	<source>
		<database>fooddata</database>
	</source>
	<size>
		<width>5472</width>
		<height>3648</height>
		<depth>3</depth>
	</size>
	<object>
		<name>ref_spoon</name>
		<bndbox>
			<xmin>960</xmin>
			<ymin>749</ymin>
			<xmax>1487</xmax>
			<ymax>1488</ymax>
		</bndbox>
	</object>
	<object>
		<name>ref_fork</name>
		<bndbox>
			<xmin>1608</xmin>
			<ymin>745</ymin>
			<xmax>1977</xmax>
			<ymax>1617</ymax>
		</bndbox>
	</object>
	<object>
		<name>ref_coin</name>
		<bndbox>
			<xmin>4409</xmin>
			<ymin>2831</ymin>
			<xmax>4823</xmax>
			<ymax>3176</ymax>
		</bndbox>
	</object>
	<object>
		<name>dish</name>
		<bndbox>
			<xmin>2068</xmin>
			<ymin>702</ymin>
			<xmax>4831</xmax>
			<ymax>2702</ymax>
		</bndbox>
	</object>
	<object>
		<name>훈제오리</name>
		<bndbox>
			<xmin>2214</xmin>
			<ymin>882</ymin>
			<xmax>4588</xmax>
			<ymax>2575</ymax>
		</bndbox>
	</object>
</annotation>