<annotation>
	<folder>side어육류면적접시훈제오리q5</folder>
	<filename>side_어육류면적_접시_훈제오리_Q5_00030.JPG</filename>
	<path>/side어육류면적접시훈제오리q5/side_어육류면적_접시_훈제오리_Q5_00030.JPG</path>
	<source>
		<database>fooddata</database>
	</source>
	<size>
		<width>5472</width>
		<height>3648</height>
		<depth>3</depth>
	</size>
	<object>
		<name>ref_spoon</name>
		<bndbox>
			<xmin>1168</xmin>
			<ymin>2660</ymin>
			<xmax>2067</xmax>
			<ymax>3199</ymax>
		</bndbox>
	</object>
	<object>
		<name>ref_fork</name>
		<bndbox>
			<xmin>1279</xmin>
			<ymin>2157</ymin>
			<xmax>2237</xmax>
			<ymax>2615</ymax>
		</bndbox>
	</object>
	<object>
		<name>ref_coin</name>
		<bndbox>
			<xmin>4662</xmin>
			<ymin>1403</ymin>
			<xmax>5058</xmax>
			<ymax>1684</ymax>
		</bndbox>
	</object>
	<object>
		<name>dish</name>
		<bndbox>
			<xmin>1756</xmin>
			<ymin>219</ymin>
			<xmax>4459</xmax>
			<ymax>2090</ymax>
		</bndbox>
	</object>
	<object>
		<name>훈제오리</name>
		<bndbox>
			<xmin>1963</xmin>
			<ymin>431</ymin>
			<xmax>4208</xmax>
			<ymax>2030</ymax>
		</bndbox>
	</object>
</annotation>