<annotation>
	<folder>side어육류면적접시훈제오리q5</folder>
	<filename>side_어육류면적_접시_훈제오리_Q5_00002.JPG</filename>
	<path>/side어육류면적접시훈제오리q5/side_어육류면적_접시_훈제오리_Q5_00002.JPG</path>
	<source>
		<database>fooddata</database>
	</source>
	<size>
		<width>5472</width>
		<height>3648</height>
		<depth>3</depth>
	</size>
	<object>
		<name>ref_spoon</name>
		<bndbox>
			<xmin>3952</xmin>
			<ymin>792</ymin>
			<xmax>4452</xmax>
			<ymax>1502</ymax>
		</bndbox>
	</object>
	<object>
		<name>ref_fork</name>
		<bndbox>
			<xmin>4592</xmin>
			<ymin>811</ymin>
			<xmax>4947</xmax>
			<ymax>1598</ymax>
		</bndbox>
	</object>
	<object>
		<name>ref_coin</name>
		<bndbox>
			<xmin>2969</xmin>
			<ymin>2918</ymin>
			<xmax>3376</xmax>
			<ymax>3251</ymax>
		</bndbox>
	</object>
	<object>
		<name>dish</name>
		<bndbox>
			<xmin>1232</xmin>
			<ymin>690</ymin>
			<xmax>3949</xmax>
			<ymax>2631</ymax>
		</bndbox>
	</object>
	<object>
		<name>훈제오리</name>
		<bndbox>
			<xmin>1484</xmin>
			<ymin>900</ymin>
			<xmax>3713</xmax>
			<ymax>2538</ymax>
		</bndbox>
	</object>
</annotation>