<annotation>
	<folder>side어육류면적접시훈제오리q5</folder>
	<filename>side_어육류면적_접시_훈제오리_Q5_00011.JPG</filename>
	<path>/side어육류면적접시훈제오리q5/side_어육류면적_접시_훈제오리_Q5_00011.JPG</path>
	<source>
		<database>fooddata</database>
	</source>
	<size>
		<width>5472</width>
		<height>3648</height>
		<depth>3</depth>
	</size>
	<object>
		<name>ref_spoon</name>
		<bndbox>
			<xmin>4109</xmin>
			<ymin>860</ymin>
			<xmax>4641</xmax>
			<ymax>1553</ymax>
		</bndbox>
	</object>
	<object>
		<name>ref_fork</name>
		<bndbox>
			<xmin>4764</xmin>
			<ymin>899</ymin>
			<xmax>5122</xmax>
			<ymax>1688</ymax>
		</bndbox>
	</object>
	<object>
		<name>ref_coin</name>
		<bndbox>
			<xmin>1594</xmin>
			<ymin>644</ymin>
			<xmax>1964</xmax>
			<ymax>899</ymax>
		</bndbox>
	</object>
	<object>
		<name>dish</name>
		<bndbox>
			<xmin>1155</xmin>
			<ymin>849</ymin>
			<xmax>3913</xmax>
			<ymax>2836</ymax>
		</bndbox>
	</object>
	<object>
		<name>훈제오리</name>
		<bndbox>
			<xmin>1392</xmin>
			<ymin>993</ymin>
			<xmax>3702</xmax>
			<ymax>2754</ymax>
		</bndbox>
	</object>
</annotation>