<annotation>
	<folder>top어육류면적접시훈제오리q5</folder>
	<filename>top_어육류면적_접시_훈제오리_Q5_00027.JPG</filename>
	<path>/top어육류면적접시훈제오리q5/top_어육류면적_접시_훈제오리_Q5_00027.JPG</path>
	<source>
		<database>fooddata</database>
	</source>
	<size>
		<width>5472</width>
		<height>3648</height>
		<depth>3</depth>
	</size>
	<object>
		<name>ref_spoon</name>
		<bndbox>
			<xmin>1694</xmin>
			<ymin>2915</ymin>
			<xmax>2410</xmax>
			<ymax>3387</ymax>
		</bndbox>
	</object>
	<object>
		<name>ref_fork</name>
		<bndbox>
			<xmin>1840</xmin>
			<ymin>2492</ymin>
			<xmax>2589</xmax>
			<ymax>2817</ymax>
		</bndbox>
	</object>
	<object>
		<name>ref_coin</name>
		<bndbox>
			<xmin>2247</xmin>
			<ymin>358</ymin>
			<xmax>2541</xmax>
			<ymax>651</ymax>
		</bndbox>
	</object>
	<object>
		<name>dish</name>
		<bndbox>
			<xmin>2117</xmin>
			<ymin>603</ymin>
			<xmax>4039</xmax>
			<ymax>2459</ymax>
		</bndbox>
	</object>
	<object>
		<name>훈제오리</name>
		<bndbox>
			<xmin>2296</xmin>
			<ymin>798</ymin>
			<xmax>3860</xmax>
			<ymax>2247</ymax>
		</bndbox>
	</object>
</annotation>