<annotation>
	<folder>top어육류면적접시훈제오리q5</folder>
	<filename>top_어육류면적_접시_훈제오리_Q5_00033.JPG</filename>
	<path>/top어육류면적접시훈제오리q5/top_어육류면적_접시_훈제오리_Q5_00033.JPG</path>
	<source>
		<database>fooddata</database>
	</source>
	<size>
		<width>5472</width>
		<height>3648</height>
		<depth>3</depth>
	</size>
	<object>
		<name>ref_spoon</name>
		<bndbox>
			<xmin>1075</xmin>
			<ymin>456</ymin>
			<xmax>1547</xmax>
			<ymax>1433</ymax>
		</bndbox>
	</object>
	<object>
		<name>ref_fork</name>
		<bndbox>
			<xmin>1694</xmin>
			<ymin>505</ymin>
			<xmax>2019</xmax>
			<ymax>1417</ymax>
		</bndbox>
	</object>
	<object>
		<name>ref_coin</name>
		<bndbox>
			<xmin>3111</xmin>
			<ymin>2980</ymin>
			<xmax>3469</xmax>
			<ymax>3371</ymax>
		</bndbox>
	</object>
	<object>
		<name>dish</name>
		<bndbox>
			<xmin>2247</xmin>
			<ymin>342</ymin>
			<xmax>4641</xmax>
			<ymax>2736</ymax>
		</bndbox>
	</object>
	<object>
		<name>훈제오리</name>
		<bndbox>
			<xmin>2378</xmin>
			<ymin>489</ymin>
			<xmax>4527</xmax>
			<ymax>2573</ymax>
		</bndbox>
	</object>
</annotation>