<annotation>
	<folder>top어육류면적접시훈제오리q5</folder>
	<filename>top_어육류면적_접시_훈제오리_Q5_00043.JPG</filename>
	<path>/top어육류면적접시훈제오리q5/top_어육류면적_접시_훈제오리_Q5_00043.JPG</path>
	<source>
		<database>fooddata</database>
	</source>
	<size>
		<width>5472</width>
		<height>3648</height>
		<depth>3</depth>
	</size>
	<object>
		<name>ref_spoon</name>
		<bndbox>
			<xmin>798</xmin>
			<ymin>440</ymin>
			<xmax>1335</xmax>
			<ymax>1417</ymax>
		</bndbox>
	</object>
	<object>
		<name>ref_fork</name>
		<bndbox>
			<xmin>1449</xmin>
			<ymin>472</ymin>
			<xmax>1824</xmax>
			<ymax>1498</ymax>
		</bndbox>
	</object>
	<object>
		<name>ref_coin</name>
		<bndbox>
			<xmin>4821</xmin>
			<ymin>1987</ymin>
			<xmax>5211</xmax>
			<ymax>2361</ymax>
		</bndbox>
	</object>
	<object>
		<name>dish</name>
		<bndbox>
			<xmin>2036</xmin>
			<ymin>407</ymin>
			<xmax>4690</xmax>
			<ymax>3029</ymax>
		</bndbox>
	</object>
	<object>
		<name>훈제오리</name>
		<bndbox>
			<xmin>2231</xmin>
			<ymin>554</ymin>
			<xmax>4576</xmax>
			<ymax>2866</ymax>
		</bndbox>
	</object>
</annotation>