<annotation>
	<folder>top어육류면적접시훈제오리q5</folder>
	<filename>top_어육류면적_접시_훈제오리_Q5_00015.JPG</filename>
	<path>/top어육류면적접시훈제오리q5/top_어육류면적_접시_훈제오리_Q5_00015.JPG</path>
	<source>
		<database>fooddata</database>
	</source>
	<size>
		<width>5472</width>
		<height>3648</height>
		<depth>3</depth>
	</size>
	<object>
		<name>ref_spoon</name>
		<bndbox>
			<xmin>3843</xmin>
			<ymin>700</ymin>
			<xmax>4316</xmax>
			<ymax>1612</ymax>
		</bndbox>
	</object>
	<object>
		<name>ref_fork</name>
		<bndbox>
			<xmin>4462</xmin>
			<ymin>700</ymin>
			<xmax>4837</xmax>
			<ymax>1677</ymax>
		</bndbox>
	</object>
	<object>
		<name>ref_coin</name>
		<bndbox>
			<xmin>3208</xmin>
			<ymin>375</ymin>
			<xmax>3534</xmax>
			<ymax>717</ymax>
		</bndbox>
	</object>
	<object>
		<name>dish</name>
		<bndbox>
			<xmin>1059</xmin>
			<ymin>749</ymin>
			<xmax>3567</xmax>
			<ymax>3225</ymax>
		</bndbox>
	</object>
	<object>
		<name>훈제오리</name>
		<bndbox>
			<xmin>1417</xmin>
			<ymin>993</ymin>
			<xmax>3387</xmax>
			<ymax>2883</ymax>
		</bndbox>
	</object>
</annotation>