<annotation>
	<folder>top어육류면적접시훈제오리q5</folder>
	<filename>top_어육류면적_접시_훈제오리_Q5_00025.JPG</filename>
	<path>/top어육류면적접시훈제오리q5/top_어육류면적_접시_훈제오리_Q5_00025.JPG</path>
	<source>
		<database>fooddata</database>
	</source>
	<size>
		<width>5472</width>
		<height>3648</height>
		<depth>3</depth>
	</size>
	<object>
		<name>ref_spoon</name>
		<bndbox>
			<xmin>1629</xmin>
			<ymin>2752</ymin>
			<xmax>2296</xmax>
			<ymax>3225</ymax>
		</bndbox>
	</object>
	<object>
		<name>ref_fork</name>
		<bndbox>
			<xmin>1710</xmin>
			<ymin>2361</ymin>
			<xmax>2492</xmax>
			<ymax>2671</ymax>
		</bndbox>
	</object>
	<object>
		<name>ref_coin</name>
		<bndbox>
			<xmin>3176</xmin>
			<ymin>163</ymin>
			<xmax>3453</xmax>
			<ymax>440</ymax>
		</bndbox>
	</object>
	<object>
		<name>dish</name>
		<bndbox>
			<xmin>2036</xmin>
			<ymin>521</ymin>
			<xmax>3941</xmax>
			<ymax>2394</ymax>
		</bndbox>
	</object>
	<object>
		<name>훈제오리</name>
		<bndbox>
			<xmin>2231</xmin>
			<ymin>717</ymin>
			<xmax>3729</xmax>
			<ymax>2247</ymax>
		</bndbox>
	</object>
</annotation>