<annotation>
	<folder>top어육류면적접시훈제오리q5</folder>
	<filename>top_어육류면적_접시_훈제오리_Q5_00048.JPG</filename>
	<path>/top어육류면적접시훈제오리q5/top_어육류면적_접시_훈제오리_Q5_00048.JPG</path>
	<source>
		<database>fooddata</database>
	</source>
	<size>
		<width>5472</width>
		<height>3648</height>
		<depth>3</depth>
	</size>
	<object>
		<name>ref_spoon</name>
		<bndbox>
			<xmin>619</xmin>
			<ymin>358</ymin>
			<xmax>1156</xmax>
			<ymax>1368</ymax>
		</bndbox>
	</object>
	<object>
		<name>ref_fork</name>
		<bndbox>
			<xmin>1319</xmin>
			<ymin>391</ymin>
			<xmax>1710</xmax>
			<ymax>1498</ymax>
		</bndbox>
	</object>
	<object>
		<name>ref_coin</name>
		<bndbox>
			<xmin>4413</xmin>
			<ymin>423</ymin>
			<xmax>4837</xmax>
			<ymax>814</ymax>
		</bndbox>
	</object>
	<object>
		<name>dish</name>
		<bndbox>
			<xmin>1922</xmin>
			<ymin>358</ymin>
			<xmax>4707</xmax>
			<ymax>3078</ymax>
		</bndbox>
	</object>
	<object>
		<name>훈제오리</name>
		<bndbox>
			<xmin>2182</xmin>
			<ymin>456</ymin>
			<xmax>4576</xmax>
			<ymax>2931</ymax>
		</bndbox>
	</object>
</annotation>