<annotation>
	<folder>top어육류면적접시훈제오리q5</folder>
	<filename>top_어육류면적_접시_훈제오리_Q5_00003.JPG</filename>
	<path>/top어육류면적접시훈제오리q5/top_어육류면적_접시_훈제오리_Q5_00003.JPG</path>
	<source>
		<database>fooddata</database>
	</source>
	<size>
		<width>5472</width>
		<height>3648</height>
		<depth>3</depth>
	</size>
	<object>
		<name>ref_spoon</name>
		<bndbox>
			<xmin>3778</xmin>
			<ymin>586</ymin>
			<xmax>4267</xmax>
			<ymax>1498</ymax>
		</bndbox>
	</object>
	<object>
		<name>ref_fork</name>
		<bndbox>
			<xmin>4413</xmin>
			<ymin>651</ymin>
			<xmax>4755</xmax>
			<ymax>1563</ymax>
		</bndbox>
	</object>
	<object>
		<name>ref_coin</name>
		<bndbox>
			<xmin>2296</xmin>
			<ymin>3045</ymin>
			<xmax>2655</xmax>
			<ymax>3387</ymax>
		</bndbox>
	</object>
	<object>
		<name>dish</name>
		<bndbox>
			<xmin>1010</xmin>
			<ymin>358</ymin>
			<xmax>3485</xmax>
			<ymax>2720</ymax>
		</bndbox>
	</object>
	<object>
		<name>훈제오리</name>
		<bndbox>
			<xmin>1335</xmin>
			<ymin>668</ymin>
			<xmax>3241</xmax>
			<ymax>2410</ymax>
		</bndbox>
	</object>
</annotation>