<annotation>
	<folder>top어육류면적접시훈제오리q5</folder>
	<filename>top_어육류면적_접시_훈제오리_Q5_00020.JPG</filename>
	<path>/top어육류면적접시훈제오리q5/top_어육류면적_접시_훈제오리_Q5_00020.JPG</path>
	<source>
		<database>fooddata</database>
	</source>
	<size>
		<width>5472</width>
		<height>3648</height>
		<depth>3</depth>
	</size>
	<object>
		<name>ref_spoon</name>
		<bndbox>
			<xmin>1466</xmin>
			<ymin>2817</ymin>
			<xmax>2296</xmax>
			<ymax>3339</ymax>
		</bndbox>
	</object>
	<object>
		<name>ref_fork</name>
		<bndbox>
			<xmin>1629</xmin>
			<ymin>2345</ymin>
			<xmax>2492</xmax>
			<ymax>2703</ymax>
		</bndbox>
	</object>
	<object>
		<name>ref_coin</name>
		<bndbox>
			<xmin>4169</xmin>
			<ymin>1042</ymin>
			<xmax>4511</xmax>
			<ymax>1384</ymax>
		</bndbox>
	</object>
	<object>
		<name>dish</name>
		<bndbox>
			<xmin>1824</xmin>
			<ymin>147</ymin>
			<xmax>4071</xmax>
			<ymax>2329</ymax>
		</bndbox>
	</object>
	<object>
		<name>훈제오리</name>
		<bndbox>
			<xmin>2117</xmin>
			<ymin>456</ymin>
			<xmax>3860</xmax>
			<ymax>2150</ymax>
		</bndbox>
	</object>
</annotation>