<annotation>
	<folder>top어육류면적접시훈제오리q5</folder>
	<filename>top_어육류면적_접시_훈제오리_Q5_00019.JPG</filename>
	<path>/top어육류면적접시훈제오리q5/top_어육류면적_접시_훈제오리_Q5_00019.JPG</path>
	<source>
		<database>fooddata</database>
	</source>
	<size>
		<width>5472</width>
		<height>3648</height>
		<depth>3</depth>
	</size>
	<object>
		<name>ref_spoon</name>
		<bndbox>
			<xmin>1498</xmin>
			<ymin>2834</ymin>
			<xmax>2313</xmax>
			<ymax>3371</ymax>
		</bndbox>
	</object>
	<object>
		<name>ref_fork</name>
		<bndbox>
			<xmin>1645</xmin>
			<ymin>2378</ymin>
			<xmax>2475</xmax>
			<ymax>2736</ymax>
		</bndbox>
	</object>
	<object>
		<name>ref_coin</name>
		<bndbox>
			<xmin>4267</xmin>
			<ymin>1303</ymin>
			<xmax>4609</xmax>
			<ymax>1612</ymax>
		</bndbox>
	</object>
	<object>
		<name>dish</name>
		<bndbox>
			<xmin>1775</xmin>
			<ymin>163</ymin>
			<xmax>4006</xmax>
			<ymax>2361</ymax>
		</bndbox>
	</object>
	<object>
		<name>훈제오리</name>
		<bndbox>
			<xmin>2068</xmin>
			<ymin>423</ymin>
			<xmax>3713</xmax>
			<ymax>2101</ymax>
		</bndbox>
	</object>
</annotation>