<annotation>
	<folder>side반찬부피원형배달두부김치q3</folder>
	<filename>side_반찬부피_원형배달_두부김치_Q3_00017.JPG</filename>
	<path>/side반찬부피원형배달두부김치q3/side_반찬부피_원형배달_두부김치_Q3_00017.JPG</path>
	<source>
		<database>fooddata</database>
	</source>
	<size>
		<width>3008</width>
		<height>2000</height>
		<depth>3</depth>
	</size>
	<object>
		<name>ref_spoon</name>
		<bndbox>
			<xmin>447</xmin>
			<ymin>1600</ymin>
			<xmax>917</xmax>
			<ymax>1882</ymax>
		</bndbox>
	</object>
	<object>
		<name>ref_fork</name>
		<bndbox>
			<xmin>592</xmin>
			<ymin>1327</ymin>
			<xmax>1096</xmax>
			<ymax>1568</ymax>
		</bndbox>
	</object>
	<object>
		<name>ref_coin</name>
		<bndbox>
			<xmin>2248</xmin>
			<ymin>1111</ymin>
			<xmax>2460</xmax>
			<ymax>1283</ymax>
		</bndbox>
	</object>
	<object>
		<name>dish</name>
		<bndbox>
			<xmin>912</xmin>
			<ymin>44</ymin>
			<xmax>2155</xmax>
			<ymax>1226</ymax>
		</bndbox>
	</object>
	<object>
		<name>두부김치</name>
		<bndbox>
			<xmin>1003</xmin>
			<ymin>469</ymin>
			<xmax>1971</xmax>
			<ymax>870</ymax>
		</bndbox>
	</object>
</annotation>