<annotation>
	<folder>side반찬부피원형배달두부김치q3</folder>
	<filename>side_반찬부피_원형배달_두부김치_Q3_00011.JPG</filename>
	<path>/side반찬부피원형배달두부김치q3/side_반찬부피_원형배달_두부김치_Q3_00011.JPG</path>
	<source>
		<database>fooddata</database>
	</source>
	<size>
		<width>3008</width>
		<height>2000</height>
		<depth>3</depth>
	</size>
	<object>
		<name>ref_spoon</name>
		<bndbox>
			<xmin>2030</xmin>
			<ymin>725</ymin>
			<xmax>2315</xmax>
			<ymax>1088</ymax>
		</bndbox>
	</object>
	<object>
		<name>ref_fork</name>
		<bndbox>
			<xmin>2455</xmin>
			<ymin>713</ymin>
			<xmax>2678</xmax>
			<ymax>1125</ymax>
		</bndbox>
	</object>
	<object>
		<name>ref_coin</name>
		<bndbox>
			<xmin>818</xmin>
			<ymin>307</ymin>
			<xmax>1013</xmax>
			<ymax>435</ymax>
		</bndbox>
	</object>
	<object>
		<name>dish</name>
		<bndbox>
			<xmin>693</xmin>
			<ymin>528</ymin>
			<xmax>2003</xmax>
			<ymax>1759</ymax>
		</bndbox>
	</object>
	<object>
		<name>두부김치</name>
		<bndbox>
			<xmin>885</xmin>
			<ymin>806</ymin>
			<xmax>1877</xmax>
			<ymax>1359</ymax>
		</bndbox>
	</object>
</annotation>