<annotation>
	<folder>side반찬부피원형배달두부김치q3</folder>
	<filename>side_반찬부피_원형배달_두부김치_Q3_00053.JPG</filename>
	<path>/side반찬부피원형배달두부김치q3/side_반찬부피_원형배달_두부김치_Q3_00053.JPG</path>
	<source>
		<database>fooddata</database>
	</source>
	<size>
		<width>3008</width>
		<height>2000</height>
		<depth>3</depth>
	</size>
	<object>
		<name>ref_spoon</name>
		<bndbox>
			<xmin>701</xmin>
			<ymin>420</ymin>
			<xmax>990</xmax>
			<ymax>794</ymax>
		</bndbox>
	</object>
	<object>
		<name>ref_fork</name>
		<bndbox>
			<xmin>1040</xmin>
			<ymin>486</ymin>
			<xmax>1244</xmax>
			<ymax>897</ymax>
		</bndbox>
	</object>
	<object>
		<name>ref_coin</name>
		<bndbox>
			<xmin>303</xmin>
			<ymin>961</ymin>
			<xmax>526</xmax>
			<ymax>1135</ymax>
		</bndbox>
	</object>
	<object>
		<name>dish</name>
		<bndbox>
			<xmin>1450</xmin>
			<ymin>167</ymin>
			<xmax>2760</xmax>
			<ymax>1398</ymax>
		</bndbox>
	</object>
	<object>
		<name>두부김치</name>
		<bndbox>
			<xmin>1568</xmin>
			<ymin>482</ymin>
			<xmax>2656</xmax>
			<ymax>993</ymax>
		</bndbox>
	</object>
</annotation>