<annotation>
	<folder>side반찬부피원형배달두부김치q3</folder>
	<filename>side_반찬부피_원형배달_두부김치_Q3_00054.JPG</filename>
	<path>/side반찬부피원형배달두부김치q3/side_반찬부피_원형배달_두부김치_Q3_00054.JPG</path>
	<source>
		<database>fooddata</database>
	</source>
	<size>
		<width>3008</width>
		<height>2000</height>
		<depth>3</depth>
	</size>
	<object>
		<name>ref_spoon</name>
		<bndbox>
			<xmin>669</xmin>
			<ymin>381</ymin>
			<xmax>951</xmax>
			<ymax>764</ymax>
		</bndbox>
	</object>
	<object>
		<name>ref_fork</name>
		<bndbox>
			<xmin>1008</xmin>
			<ymin>445</ymin>
			<xmax>1204</xmax>
			<ymax>860</ymax>
		</bndbox>
	</object>
	<object>
		<name>ref_coin</name>
		<bndbox>
			<xmin>273</xmin>
			<ymin>816</ymin>
			<xmax>497</xmax>
			<ymax>971</ymax>
		</bndbox>
	</object>
	<object>
		<name>dish</name>
		<bndbox>
			<xmin>1416</xmin>
			<ymin>120</ymin>
			<xmax>2723</xmax>
			<ymax>1361</ymax>
		</bndbox>
	</object>
	<object>
		<name>두부김치</name>
		<bndbox>
			<xmin>1533</xmin>
			<ymin>452</ymin>
			<xmax>2590</xmax>
			<ymax>968</ymax>
		</bndbox>
	</object>
</annotation>