<annotation>
	<folder>side반찬부피원형배달두부김치q3</folder>
	<filename>side_반찬부피_원형배달_두부김치_Q3_00044.JPG</filename>
	<path>/side반찬부피원형배달두부김치q3/side_반찬부피_원형배달_두부김치_Q3_00044.JPG</path>
	<source>
		<database>fooddata</database>
	</source>
	<size>
		<width>3008</width>
		<height>2000</height>
		<depth>3</depth>
	</size>
	<object>
		<name>ref_spoon</name>
		<bndbox>
			<xmin>580</xmin>
			<ymin>418</ymin>
			<xmax>865</xmax>
			<ymax>771</ymax>
		</bndbox>
	</object>
	<object>
		<name>ref_fork</name>
		<bndbox>
			<xmin>909</xmin>
			<ymin>474</ymin>
			<xmax>1106</xmax>
			<ymax>882</ymax>
		</bndbox>
	</object>
	<object>
		<name>ref_coin</name>
		<bndbox>
			<xmin>1398</xmin>
			<ymin>1690</ymin>
			<xmax>1642</xmax>
			<ymax>1882</ymax>
		</bndbox>
	</object>
	<object>
		<name>dish</name>
		<bndbox>
			<xmin>1219</xmin>
			<ymin>260</ymin>
			<xmax>2487</xmax>
			<ymax>1477</ymax>
		</bndbox>
	</object>
	<object>
		<name>두부김치</name>
		<bndbox>
			<xmin>1312</xmin>
			<ymin>619</ymin>
			<xmax>2396</xmax>
			<ymax>1106</ymax>
		</bndbox>
	</object>
</annotation>