<annotation>
	<folder>side반찬부피원형배달두부김치q3</folder>
	<filename>side_반찬부피_원형배달_두부김치_Q3_00033.JPG</filename>
	<path>/side반찬부피원형배달두부김치q3/side_반찬부피_원형배달_두부김치_Q3_00033.JPG</path>
	<source>
		<database>fooddata</database>
	</source>
	<size>
		<width>3008</width>
		<height>2000</height>
		<depth>3</depth>
	</size>
	<object>
		<name>ref_spoon</name>
		<bndbox>
			<xmin>605</xmin>
			<ymin>393</ymin>
			<xmax>895</xmax>
			<ymax>764</ymax>
		</bndbox>
	</object>
	<object>
		<name>ref_fork</name>
		<bndbox>
			<xmin>932</xmin>
			<ymin>455</ymin>
			<xmax>1140</xmax>
			<ymax>867</ymax>
		</bndbox>
	</object>
	<object>
		<name>ref_coin</name>
		<bndbox>
			<xmin>470</xmin>
			<ymin>1676</ymin>
			<xmax>720</xmax>
			<ymax>1875</ymax>
		</bndbox>
	</object>
	<object>
		<name>dish</name>
		<bndbox>
			<xmin>1290</xmin>
			<ymin>314</ymin>
			<xmax>2595</xmax>
			<ymax>1560</ymax>
		</bndbox>
	</object>
	<object>
		<name>두부김치</name>
		<bndbox>
			<xmin>1381</xmin>
			<ymin>491</ymin>
			<xmax>2452</xmax>
			<ymax>1182</ymax>
		</bndbox>
	</object>
</annotation>