<annotation>
	<folder>side반찬부피원형배달두부김치q3</folder>
	<filename>side_반찬부피_원형배달_두부김치_Q3_00007.JPG</filename>
	<path>/side반찬부피원형배달두부김치q3/side_반찬부피_원형배달_두부김치_Q3_00007.JPG</path>
	<source>
		<database>fooddata</database>
	</source>
	<size>
		<width>3008</width>
		<height>2000</height>
		<depth>3</depth>
	</size>
	<object>
		<name>ref_spoon</name>
		<bndbox>
			<xmin>2020</xmin>
			<ymin>518</ymin>
			<xmax>2303</xmax>
			<ymax>882</ymax>
		</bndbox>
	</object>
	<object>
		<name>ref_fork</name>
		<bndbox>
			<xmin>2445</xmin>
			<ymin>511</ymin>
			<xmax>2674</xmax>
			<ymax>919</ymax>
		</bndbox>
	</object>
	<object>
		<name>ref_coin</name>
		<bndbox>
			<xmin>224</xmin>
			<ymin>1324</ymin>
			<xmax>450</xmax>
			<ymax>1496</ymax>
		</bndbox>
	</object>
	<object>
		<name>dish</name>
		<bndbox>
			<xmin>612</xmin>
			<ymin>319</ymin>
			<xmax>1929</xmax>
			<ymax>1548</ymax>
		</bndbox>
	</object>
	<object>
		<name>두부김치</name>
		<bndbox>
			<xmin>755</xmin>
			<ymin>732</ymin>
			<xmax>1408</xmax>
			<ymax>1150</ymax>
		</bndbox>
	</object>
</annotation>