<annotation>
	<folder>side반찬부피원형배달두부김치q3</folder>
	<filename>side_반찬부피_원형배달_두부김치_Q3_00039.JPG</filename>
	<path>/side반찬부피원형배달두부김치q3/side_반찬부피_원형배달_두부김치_Q3_00039.JPG</path>
	<source>
		<database>fooddata</database>
	</source>
	<size>
		<width>3008</width>
		<height>2000</height>
		<depth>3</depth>
	</size>
	<object>
		<name>ref_spoon</name>
		<bndbox>
			<xmin>715</xmin>
			<ymin>376</ymin>
			<xmax>993</xmax>
			<ymax>727</ymax>
		</bndbox>
	</object>
	<object>
		<name>ref_fork</name>
		<bndbox>
			<xmin>1045</xmin>
			<ymin>432</ymin>
			<xmax>1239</xmax>
			<ymax>848</ymax>
		</bndbox>
	</object>
	<object>
		<name>ref_coin</name>
		<bndbox>
			<xmin>283</xmin>
			<ymin>880</ymin>
			<xmax>504</xmax>
			<ymax>1054</ymax>
		</bndbox>
	</object>
	<object>
		<name>dish</name>
		<bndbox>
			<xmin>1376</xmin>
			<ymin>310</ymin>
			<xmax>2691</xmax>
			<ymax>1560</ymax>
		</bndbox>
	</object>
	<object>
		<name>두부김치</name>
		<bndbox>
			<xmin>1489</xmin>
			<ymin>602</ymin>
			<xmax>2533</xmax>
			<ymax>1174</ymax>
		</bndbox>
	</object>
</annotation>