<annotation>
	<folder>top반찬부피원형배달두부김치q3</folder>
	<filename>top_반찬부피_원형배달_두부김치_Q3_00047.JPG</filename>
	<path>/top반찬부피원형배달두부김치q3/top_반찬부피_원형배달_두부김치_Q3_00047.JPG</path>
	<source>
		<database>fooddata</database>
	</source>
	<size>
		<width>3008</width>
		<height>2000</height>
		<depth>3</depth>
	</size>
	<object>
		<name>ref_spoon</name>
		<bndbox>
			<xmin>622</xmin>
			<ymin>617</ymin>
			<xmax>902</xmax>
			<ymax>1027</ymax>
		</bndbox>
	</object>
	<object>
		<name>ref_fork</name>
		<bndbox>
			<xmin>993</xmin>
			<ymin>587</ymin>
			<xmax>1199</xmax>
			<ymax>1039</ymax>
		</bndbox>
	</object>
	<object>
		<name>ref_coin</name>
		<bndbox>
			<xmin>892</xmin>
			<ymin>300</ymin>
			<xmax>1089</xmax>
			<ymax>486</ymax>
		</bndbox>
	</object>
	<object>
		<name>dish</name>
		<bndbox>
			<xmin>1413</xmin>
			<ymin>408</ymin>
			<xmax>2703</xmax>
			<ymax>1690</ymax>
		</bndbox>
	</object>
	<object>
		<name>두부김치</name>
		<bndbox>
			<xmin>1472</xmin>
			<ymin>627</ymin>
			<xmax>2502</xmax>
			<ymax>1607</ymax>
		</bndbox>
	</object>
</annotation>