<annotation>
	<folder>top반찬부피원형배달두부김치q3</folder>
	<filename>top_반찬부피_원형배달_두부김치_Q3_00034.JPG</filename>
	<path>/top반찬부피원형배달두부김치q3/top_반찬부피_원형배달_두부김치_Q3_00034.JPG</path>
	<source>
		<database>fooddata</database>
	</source>
	<size>
		<width>3008</width>
		<height>2000</height>
		<depth>3</depth>
	</size>
	<object>
		<name>ref_spoon</name>
		<bndbox>
			<xmin>497</xmin>
			<ymin>342</ymin>
			<xmax>782</xmax>
			<ymax>779</ymax>
		</bndbox>
	</object>
	<object>
		<name>ref_fork</name>
		<bndbox>
			<xmin>877</xmin>
			<ymin>337</ymin>
			<xmax>1079</xmax>
			<ymax>806</ymax>
		</bndbox>
	</object>
	<object>
		<name>ref_coin</name>
		<bndbox>
			<xmin>1322</xmin>
			<ymin>194</ymin>
			<xmax>1516</xmax>
			<ymax>386</ymax>
		</bndbox>
	</object>
	<object>
		<name>dish</name>
		<bndbox>
			<xmin>1283</xmin>
			<ymin>356</ymin>
			<xmax>2607</xmax>
			<ymax>1658</ymax>
		</bndbox>
	</object>
	<object>
		<name>두부김치</name>
		<bndbox>
			<xmin>1393</xmin>
			<ymin>504</ymin>
			<xmax>2411</xmax>
			<ymax>1568</ymax>
		</bndbox>
	</object>
</annotation>