<annotation>
	<folder>top반찬부피원형배달두부김치q3</folder>
	<filename>top_반찬부피_원형배달_두부김치_Q3_00041.JPG</filename>
	<path>/top반찬부피원형배달두부김치q3/top_반찬부피_원형배달_두부김치_Q3_00041.JPG</path>
	<source>
		<database>fooddata</database>
	</source>
	<size>
		<width>3008</width>
		<height>2000</height>
		<depth>3</depth>
	</size>
	<object>
		<name>ref_spoon</name>
		<bndbox>
			<xmin>592</xmin>
			<ymin>310</ymin>
			<xmax>875</xmax>
			<ymax>713</ymax>
		</bndbox>
	</object>
	<object>
		<name>ref_fork</name>
		<bndbox>
			<xmin>968</xmin>
			<ymin>290</ymin>
			<xmax>1162</xmax>
			<ymax>749</ymax>
		</bndbox>
	</object>
	<object>
		<name>ref_coin</name>
		<bndbox>
			<xmin>1814</xmin>
			<ymin>1568</ymin>
			<xmax>2008</xmax>
			<ymax>1771</ymax>
		</bndbox>
	</object>
	<object>
		<name>dish</name>
		<bndbox>
			<xmin>1263</xmin>
			<ymin>52</ymin>
			<xmax>2538</xmax>
			<ymax>1305</ymax>
		</bndbox>
	</object>
	<object>
		<name>두부김치</name>
		<bndbox>
			<xmin>1349</xmin>
			<ymin>290</ymin>
			<xmax>2381</xmax>
			<ymax>1143</ymax>
		</bndbox>
	</object>
</annotation>