<annotation>
	<folder>top반찬부피원형배달두부김치q3</folder>
	<filename>top_반찬부피_원형배달_두부김치_Q3_00049.JPG</filename>
	<path>/top반찬부피원형배달두부김치q3/top_반찬부피_원형배달_두부김치_Q3_00049.JPG</path>
	<source>
		<database>fooddata</database>
	</source>
	<size>
		<width>3008</width>
		<height>2000</height>
		<depth>3</depth>
	</size>
	<object>
		<name>ref_spoon</name>
		<bndbox>
			<xmin>558</xmin>
			<ymin>432</ymin>
			<xmax>885</xmax>
			<ymax>914</ymax>
		</bndbox>
	</object>
	<object>
		<name>ref_fork</name>
		<bndbox>
			<xmin>995</xmin>
			<ymin>418</ymin>
			<xmax>1219</xmax>
			<ymax>921</ymax>
		</bndbox>
	</object>
	<object>
		<name>ref_coin</name>
		<bndbox>
			<xmin>234</xmin>
			<ymin>914</ymin>
			<xmax>457</xmax>
			<ymax>1145</ymax>
		</bndbox>
	</object>
	<object>
		<name>dish</name>
		<bndbox>
			<xmin>1391</xmin>
			<ymin>147</ymin>
			<xmax>2873</xmax>
			<ymax>1595</ymax>
		</bndbox>
	</object>
	<object>
		<name>두부김치</name>
		<bndbox>
			<xmin>1460</xmin>
			<ymin>344</ymin>
			<xmax>2511</xmax>
			<ymax>1437</ymax>
		</bndbox>
	</object>
</annotation>