<annotation>
	<folder>top반찬부피원형배달두부김치q3</folder>
	<filename>top_반찬부피_원형배달_두부김치_Q3_00025.JPG</filename>
	<path>/top반찬부피원형배달두부김치q3/top_반찬부피_원형배달_두부김치_Q3_00025.JPG</path>
	<source>
		<database>fooddata</database>
	</source>
	<size>
		<width>3008</width>
		<height>2000</height>
		<depth>3</depth>
	</size>
	<object>
		<name>ref_spoon</name>
		<bndbox>
			<xmin>801</xmin>
			<ymin>1636</ymin>
			<xmax>1192</xmax>
			<ymax>1904</ymax>
		</bndbox>
	</object>
	<object>
		<name>ref_fork</name>
		<bndbox>
			<xmin>868</xmin>
			<ymin>1388</ymin>
			<xmax>1271</xmax>
			<ymax>1570</ymax>
		</bndbox>
	</object>
	<object>
		<name>ref_coin</name>
		<bndbox>
			<xmin>2118</xmin>
			<ymin>369</ymin>
			<xmax>2290</xmax>
			<ymax>545</ymax>
		</bndbox>
	</object>
	<object>
		<name>dish</name>
		<bndbox>
			<xmin>976</xmin>
			<ymin>130</ymin>
			<xmax>2165</xmax>
			<ymax>1305</ymax>
		</bndbox>
	</object>
	<object>
		<name>두부김치</name>
		<bndbox>
			<xmin>1081</xmin>
			<ymin>302</ymin>
			<xmax>2018</xmax>
			<ymax>1226</ymax>
		</bndbox>
	</object>
</annotation>