<annotation>
	<folder>top반찬부피원형배달두부김치q3</folder>
	<filename>top_반찬부피_원형배달_두부김치_Q3_00004.JPG</filename>
	<path>/top반찬부피원형배달두부김치q3/top_반찬부피_원형배달_두부김치_Q3_00004.JPG</path>
	<source>
		<database>fooddata</database>
	</source>
	<size>
		<width>3008</width>
		<height>2000</height>
		<depth>3</depth>
	</size>
	<object>
		<name>ref_spoon</name>
		<bndbox>
			<xmin>2013</xmin>
			<ymin>157</ymin>
			<xmax>2280</xmax>
			<ymax>572</ymax>
		</bndbox>
	</object>
	<object>
		<name>ref_fork</name>
		<bndbox>
			<xmin>2393</xmin>
			<ymin>216</ymin>
			<xmax>2583</xmax>
			<ymax>668</ymax>
		</bndbox>
	</object>
	<object>
		<name>ref_coin</name>
		<bndbox>
			<xmin>619</xmin>
			<ymin>1489</ymin>
			<xmax>823</xmax>
			<ymax>1693</ymax>
		</bndbox>
	</object>
	<object>
		<name>dish</name>
		<bndbox>
			<xmin>661</xmin>
			<ymin>339</ymin>
			<xmax>2015</xmax>
			<ymax>1663</ymax>
		</bndbox>
	</object>
	<object>
		<name>두부김치</name>
		<bndbox>
			<xmin>983</xmin>
			<ymin>501</ymin>
			<xmax>1850</xmax>
			<ymax>1560</ymax>
		</bndbox>
	</object>
</annotation>