<annotation>
	<folder>재작업2</folder>
	<filename>top_반찬부피_원형배달_두부김치_Q3_00019.JPG</filename>
	<path>/top반찬부피원형배달두부김치q3/top_반찬부피_원형배달_두부김치_Q3_00019.JPG</path>
	<source>
		<database>fooddata</database>
	</source>
	<size>
		<width>3008</width>
		<height>2000</height>
		<depth>3</depth>
	</size>
	<object>
		<name>ref_spoon</name>
		<bndbox>
			<xmin>834</xmin>
			<ymin>1638</ymin>
			<xmax>1248</xmax>
			<ymax>1921</ymax>
		</bndbox>
	</object>
	<object>
		<name>ref_fork</name>
		<bndbox>
			<xmin>885</xmin>
			<ymin>1379</ymin>
			<xmax>1305</xmax>
			<ymax>1569</ymax>
		</bndbox>
	</object>
	<object>
		<name>ref_coin</name>
		<bndbox>
			<xmin>687</xmin>
			<ymin>643</ymin>
			<xmax>877</xmax>
			<ymax>837</ymax>
		</bndbox>
	</object>
	<object>
		<name>dish</name>
		<bndbox>
			<xmin>1024</xmin>
			<ymin>95</ymin>
			<xmax>2259</xmax>
			<ymax>1300</ymax>
		</bndbox>
	</object>
	<object>
		<name>두부김치</name>
		<bndbox>
			<xmin>1136</xmin>
			<ymin>237</ymin>
			<xmax>2098</xmax>
			<ymax>1232</ymax>
		</bndbox>
	</object>
</annotation>