<annotation>
	<folder>top반찬부피원형배달두부김치q3</folder>
	<filename>top_반찬부피_원형배달_두부김치_Q3_00028.JPG</filename>
	<path>/top반찬부피원형배달두부김치q3/top_반찬부피_원형배달_두부김치_Q3_00028.JPG</path>
	<source>
		<database>fooddata</database>
	</source>
	<size>
		<width>3008</width>
		<height>2000</height>
		<depth>3</depth>
	</size>
	<object>
		<name>ref_spoon</name>
		<bndbox>
			<xmin>941</xmin>
			<ymin>1577</ymin>
			<xmax>1320</xmax>
			<ymax>1843</ymax>
		</bndbox>
	</object>
	<object>
		<name>ref_fork</name>
		<bndbox>
			<xmin>995</xmin>
			<ymin>1356</ymin>
			<xmax>1386</xmax>
			<ymax>1538</ymax>
		</bndbox>
	</object>
	<object>
		<name>ref_coin</name>
		<bndbox>
			<xmin>2273</xmin>
			<ymin>973</ymin>
			<xmax>2452</xmax>
			<ymax>1155</ymax>
		</bndbox>
	</object>
	<object>
		<name>dish</name>
		<bndbox>
			<xmin>1145</xmin>
			<ymin>101</ymin>
			<xmax>2293</xmax>
			<ymax>1231</ymax>
		</bndbox>
	</object>
	<object>
		<name>두부김치</name>
		<bndbox>
			<xmin>1231</xmin>
			<ymin>278</ymin>
			<xmax>2135</xmax>
			<ymax>1172</ymax>
		</bndbox>
	</object>
</annotation>