<annotation>
	<folder>side스프류작은파스타볼콘스프q5</folder>
	<filename>side_스프류_작은파스타볼_콘스프_Q5_00029.JPG</filename>
	<path>/side스프류작은파스타볼콘스프q5/side_스프류_작은파스타볼_콘스프_Q5_00029.JPG</path>
	<source>
		<database>fooddata</database>
	</source>
	<size>
		<width>5472</width>
		<height>3648</height>
		<depth>3</depth>
	</size>
	<object>
		<name>ref_spoon</name>
		<bndbox>
			<xmin>1054</xmin>
			<ymin>2887</ymin>
			<xmax>2018</xmax>
			<ymax>3441</ymax>
		</bndbox>
	</object>
	<object>
		<name>ref_fork</name>
		<bndbox>
			<xmin>1285</xmin>
			<ymin>2477</ymin>
			<xmax>2312</xmax>
			<ymax>2983</ymax>
		</bndbox>
	</object>
	<object>
		<name>ref_coin</name>
		<bndbox>
			<xmin>543</xmin>
			<ymin>1258</ymin>
			<xmax>948</xmax>
			<ymax>1561</ymax>
		</bndbox>
	</object>
	<object>
		<name>dish</name>
		<bndbox>
			<xmin>1748</xmin>
			<ymin>545</ymin>
			<xmax>4244</xmax>
			<ymax>2342</ymax>
		</bndbox>
	</object>
	<object>
		<name>콘스프</name>
		<bndbox>
			<xmin>2032</xmin>
			<ymin>930</ymin>
			<xmax>3917</xmax>
			<ymax>2226</ymax>
		</bndbox>
	</object>
</annotation>