<annotation>
	<folder>side스프류작은파스타볼콘스프q5</folder>
	<filename>side_스프류_작은파스타볼_콘스프_Q5_00020.JPG</filename>
	<path>/side스프류작은파스타볼콘스프q5/side_스프류_작은파스타볼_콘스프_Q5_00020.JPG</path>
	<source>
		<database>fooddata</database>
	</source>
	<size>
		<width>5472</width>
		<height>3648</height>
		<depth>3</depth>
	</size>
	<object>
		<name>ref_spoon</name>
		<bndbox>
			<xmin>1059</xmin>
			<ymin>2689</ymin>
			<xmax>2018</xmax>
			<ymax>3238</ymax>
		</bndbox>
	</object>
	<object>
		<name>ref_fork</name>
		<bndbox>
			<xmin>1276</xmin>
			<ymin>2275</ymin>
			<xmax>2307</xmax>
			<ymax>2776</ymax>
		</bndbox>
	</object>
	<object>
		<name>ref_coin</name>
		<bndbox>
			<xmin>4124</xmin>
			<ymin>1455</ymin>
			<xmax>4524</xmax>
			<ymax>1749</ymax>
		</bndbox>
	</object>
	<object>
		<name>dish</name>
		<bndbox>
			<xmin>1608</xmin>
			<ymin>304</ymin>
			<xmax>4095</xmax>
			<ymax>2053</ymax>
		</bndbox>
	</object>
	<object>
		<name>콘스프</name>
		<bndbox>
			<xmin>1893</xmin>
			<ymin>641</ymin>
			<xmax>3772</xmax>
			<ymax>1932</ymax>
		</bndbox>
	</object>
</annotation>