<annotation>
	<folder>side스프류작은파스타볼콘스프q5</folder>
	<filename>side_스프류_작은파스타볼_콘스프_Q5_00051.JPG</filename>
	<path>/side스프류작은파스타볼콘스프q5/side_스프류_작은파스타볼_콘스프_Q5_00051.JPG</path>
	<source>
		<database>fooddata</database>
	</source>
	<size>
		<width>5472</width>
		<height>3648</height>
		<depth>3</depth>
	</size>
	<object>
		<name>ref_spoon</name>
		<bndbox>
			<xmin>476</xmin>
			<ymin>699</ymin>
			<xmax>1030</xmax>
			<ymax>1508</ymax>
		</bndbox>
	</object>
	<object>
		<name>ref_fork</name>
		<bndbox>
			<xmin>1078</xmin>
			<ymin>810</ymin>
			<xmax>1459</xmax>
			<ymax>1730</ymax>
		</bndbox>
	</object>
	<object>
		<name>ref_coin</name>
		<bndbox>
			<xmin>4654</xmin>
			<ymin>2742</ymin>
			<xmax>5107</xmax>
			<ymax>3123</ymax>
		</bndbox>
	</object>
	<object>
		<name>dish</name>
		<bndbox>
			<xmin>2307</xmin>
			<ymin>453</ymin>
			<xmax>4929</xmax>
			<ymax>2328</ymax>
		</bndbox>
	</object>
	<object>
		<name>콘스프</name>
		<bndbox>
			<xmin>2582</xmin>
			<ymin>824</ymin>
			<xmax>4577</xmax>
			<ymax>2255</ymax>
		</bndbox>
	</object>
</annotation>