<annotation>
	<folder>side스프류작은파스타볼콘스프q5</folder>
	<filename>side_스프류_작은파스타볼_콘스프_Q5_00010.JPG</filename>
	<path>/side스프류작은파스타볼콘스프q5/side_스프류_작은파스타볼_콘스프_Q5_00010.JPG</path>
	<source>
		<database>fooddata</database>
	</source>
	<size>
		<width>5472</width>
		<height>3648</height>
		<depth>3</depth>
	</size>
	<object>
		<name>ref_spoon</name>
		<bndbox>
			<xmin>3830</xmin>
			<ymin>1855</ymin>
			<xmax>4365</xmax>
			<ymax>2622</ymax>
		</bndbox>
	</object>
	<object>
		<name>ref_fork</name>
		<bndbox>
			<xmin>4514</xmin>
			<ymin>1932</ymin>
			<xmax>4876</xmax>
			<ymax>2814</ymax>
		</bndbox>
	</object>
	<object>
		<name>ref_coin</name>
		<bndbox>
			<xmin>1873</xmin>
			<ymin>867</ymin>
			<xmax>2230</xmax>
			<ymax>1123</ymax>
		</bndbox>
	</object>
	<object>
		<name>dish</name>
		<bndbox>
			<xmin>1001</xmin>
			<ymin>1219</ymin>
			<xmax>3536</xmax>
			<ymax>3026</ymax>
		</bndbox>
	</object>
	<object>
		<name>콘스프</name>
		<bndbox>
			<xmin>1295</xmin>
			<ymin>1590</ymin>
			<xmax>3237</xmax>
			<ymax>2930</ymax>
		</bndbox>
	</object>
</annotation>