<annotation>
	<folder>side스프류작은파스타볼콘스프q5</folder>
	<filename>side_스프류_작은파스타볼_콘스프_Q5_00050.JPG</filename>
	<path>/side스프류작은파스타볼콘스프q5/side_스프류_작은파스타볼_콘스프_Q5_00050.JPG</path>
	<source>
		<database>fooddata</database>
	</source>
	<size>
		<width>5472</width>
		<height>3648</height>
		<depth>3</depth>
	</size>
	<object>
		<name>ref_spoon</name>
		<bndbox>
			<xmin>514</xmin>
			<ymin>670</ymin>
			<xmax>1073</xmax>
			<ymax>1455</ymax>
		</bndbox>
	</object>
	<object>
		<name>ref_fork</name>
		<bndbox>
			<xmin>1131</xmin>
			<ymin>781</ymin>
			<xmax>1502</xmax>
			<ymax>1667</ymax>
		</bndbox>
	</object>
	<object>
		<name>ref_coin</name>
		<bndbox>
			<xmin>4105</xmin>
			<ymin>2896</ymin>
			<xmax>4558</xmax>
			<ymax>3277</ymax>
		</bndbox>
	</object>
	<object>
		<name>dish</name>
		<bndbox>
			<xmin>2293</xmin>
			<ymin>429</ymin>
			<xmax>4890</xmax>
			<ymax>2303</ymax>
		</bndbox>
	</object>
	<object>
		<name>콘스프</name>
		<bndbox>
			<xmin>2587</xmin>
			<ymin>800</ymin>
			<xmax>4562</xmax>
			<ymax>2202</ymax>
		</bndbox>
	</object>
</annotation>