<annotation>
	<folder>side스프류작은파스타볼콘스프q5</folder>
	<filename>side_스프류_작은파스타볼_콘스프_Q5_00005.JPG</filename>
	<path>/side스프류작은파스타볼콘스프q5/side_스프류_작은파스타볼_콘스프_Q5_00005.JPG</path>
	<source>
		<database>fooddata</database>
	</source>
	<size>
		<width>5472</width>
		<height>3648</height>
		<depth>3</depth>
	</size>
	<object>
		<name>ref_spoon</name>
		<bndbox>
			<xmin>3738</xmin>
			<ymin>1089</ymin>
			<xmax>4273</xmax>
			<ymax>1860</ymax>
		</bndbox>
	</object>
	<object>
		<name>ref_fork</name>
		<bndbox>
			<xmin>4408</xmin>
			<ymin>1171</ymin>
			<xmax>4779</xmax>
			<ymax>2053</ymax>
		</bndbox>
	</object>
	<object>
		<name>ref_coin</name>
		<bndbox>
			<xmin>669</xmin>
			<ymin>2588</ymin>
			<xmax>1112</xmax>
			<ymax>2930</ymax>
		</bndbox>
	</object>
	<object>
		<name>dish</name>
		<bndbox>
			<xmin>1155</xmin>
			<ymin>429</ymin>
			<xmax>3676</xmax>
			<ymax>2226</ymax>
		</bndbox>
	</object>
	<object>
		<name>콘스프</name>
		<bndbox>
			<xmin>1449</xmin>
			<ymin>805</ymin>
			<xmax>3353</xmax>
			<ymax>2135</ymax>
		</bndbox>
	</object>
</annotation>