<annotation>
	<folder>side스프류작은파스타볼콘스프q5</folder>
	<filename>side_스프류_작은파스타볼_콘스프_Q5_00026.JPG</filename>
	<path>/side스프류작은파스타볼콘스프q5/side_스프류_작은파스타볼_콘스프_Q5_00026.JPG</path>
	<source>
		<database>fooddata</database>
	</source>
	<size>
		<width>5472</width>
		<height>3648</height>
		<depth>3</depth>
	</size>
	<object>
		<name>ref_spoon</name>
		<bndbox>
			<xmin>1064</xmin>
			<ymin>2940</ymin>
			<xmax>2023</xmax>
			<ymax>3503</ymax>
		</bndbox>
	</object>
	<object>
		<name>ref_fork</name>
		<bndbox>
			<xmin>1305</xmin>
			<ymin>2530</ymin>
			<xmax>2293</xmax>
			<ymax>3036</ymax>
		</bndbox>
	</object>
	<object>
		<name>ref_coin</name>
		<bndbox>
			<xmin>1685</xmin>
			<ymin>226</ymin>
			<xmax>2052</xmax>
			<ymax>467</ymax>
		</bndbox>
	</object>
	<object>
		<name>dish</name>
		<bndbox>
			<xmin>1700</xmin>
			<ymin>612</ymin>
			<xmax>4172</xmax>
			<ymax>2381</ymax>
		</bndbox>
	</object>
	<object>
		<name>콘스프</name>
		<bndbox>
			<xmin>1979</xmin>
			<ymin>969</ymin>
			<xmax>3859</xmax>
			<ymax>2284</ymax>
		</bndbox>
	</object>
</annotation>