<annotation>
	<folder>side스프류작은파스타볼콘스프q5</folder>
	<filename>side_스프류_작은파스타볼_콘스프_Q5_00039.JPG</filename>
	<path>/side스프류작은파스타볼콘스프q5/side_스프류_작은파스타볼_콘스프_Q5_00039.JPG</path>
	<source>
		<database>fooddata</database>
	</source>
	<size>
		<width>5472</width>
		<height>3648</height>
		<depth>3</depth>
	</size>
	<object>
		<name>ref_spoon</name>
		<bndbox>
			<xmin>490</xmin>
			<ymin>1123</ymin>
			<xmax>1054</xmax>
			<ymax>1932</ymax>
		</bndbox>
	</object>
	<object>
		<name>ref_fork</name>
		<bndbox>
			<xmin>1155</xmin>
			<ymin>1147</ymin>
			<xmax>1526</xmax>
			<ymax>2024</ymax>
		</bndbox>
	</object>
	<object>
		<name>ref_coin</name>
		<bndbox>
			<xmin>4543</xmin>
			<ymin>2376</ymin>
			<xmax>4982</xmax>
			<ymax>2713</ymax>
		</bndbox>
	</object>
	<object>
		<name>dish</name>
		<bndbox>
			<xmin>1950</xmin>
			<ymin>660</ymin>
			<xmax>4529</xmax>
			<ymax>2516</ymax>
		</bndbox>
	</object>
	<object>
		<name>콘스프</name>
		<bndbox>
			<xmin>2293</xmin>
			<ymin>969</ymin>
			<xmax>4196</xmax>
			<ymax>2410</ymax>
		</bndbox>
	</object>
</annotation>