<annotation>
	<folder>top_스프류작은파스타볼콘스프q5</folder>
	<filename>top_스프류_작은파스타볼_콘스프_Q5_00028.JPG</filename>
	<path>/top스프류작은파스타볼콘스프q5/top_스프류_작은파스타볼_콘스프_Q5_00028.JPG</path>
	<source>
		<database>fooddata</database>
	</source>
	<size>
		<width>5472</width>
		<height>3648</height>
		<depth>3</depth>
	</size>
	<object>
		<name>ref_spoon</name>
		<bndbox>
			<xmin>1243</xmin>
			<ymin>2841</ymin>
			<xmax>2236</xmax>
			<ymax>3349</ymax>
		</bndbox>
	</object>
	<object>
		<name>ref_fork</name>
		<bndbox>
			<xmin>1598</xmin>
			<ymin>2454</ymin>
			<xmax>2623</xmax>
			<ymax>2776</ymax>
		</bndbox>
	</object>
	<object>
		<name>ref_coin</name>
		<bndbox>
			<xmin>1380</xmin>
			<ymin>1388</ymin>
			<xmax>1727</xmax>
			<ymax>1751</ymax>
		</bndbox>
	</object>
	<object>
		<name>dish</name>
		<bndbox>
			<xmin>1856</xmin>
			<ymin>226</ymin>
			<xmax>4148</xmax>
			<ymax>2534</ymax>
		</bndbox>
	</object>
	<object>
		<name>콘스프</name>
		<bndbox>
			<xmin>2147</xmin>
			<ymin>557</ymin>
			<xmax>3866</xmax>
			<ymax>2268</ymax>
		</bndbox>
	</object>
</annotation>