<annotation>
	<folder>top_스프류작은파스타볼콘스프q5</folder>
	<filename>top_스프류_작은파스타볼_콘스프_Q5_00026.JPG</filename>
	<path>/top스프류작은파스타볼콘스프q5/top_스프류_작은파스타볼_콘스프_Q5_00026.JPG</path>
	<source>
		<database>fooddata</database>
	</source>
	<size>
		<width>5472</width>
		<height>3648</height>
		<depth>3</depth>
	</size>
	<object>
		<name>ref_spoon</name>
		<bndbox>
			<xmin>1469</xmin>
			<ymin>2720</ymin>
			<xmax>2429</xmax>
			<ymax>3164</ymax>
		</bndbox>
	</object>
	<object>
		<name>ref_fork</name>
		<bndbox>
			<xmin>1743</xmin>
			<ymin>2381</ymin>
			<xmax>2776</xmax>
			<ymax>2680</ymax>
		</bndbox>
	</object>
	<object>
		<name>ref_coin</name>
		<bndbox>
			<xmin>1485</xmin>
			<ymin>638</ymin>
			<xmax>1792</xmax>
			<ymax>944</ymax>
		</bndbox>
	</object>
	<object>
		<name>dish</name>
		<bndbox>
			<xmin>1945</xmin>
			<ymin>500</ymin>
			<xmax>3930</xmax>
			<ymax>2454</ymax>
		</bndbox>
	</object>
	<object>
		<name>콘스프</name>
		<bndbox>
			<xmin>2179</xmin>
			<ymin>783</ymin>
			<xmax>3680</xmax>
			<ymax>2219</ymax>
		</bndbox>
	</object>
</annotation>