<annotation>
	<folder>top_스프류작은파스타볼콘스프q5</folder>
	<filename>top_스프류_작은파스타볼_콘스프_Q5_00040.JPG</filename>
	<path>/top스프류작은파스타볼콘스프q5/top_스프류_작은파스타볼_콘스프_Q5_00040.JPG</path>
	<source>
		<database>fooddata</database>
	</source>
	<size>
		<width>5472</width>
		<height>3648</height>
		<depth>3</depth>
	</size>
	<object>
		<name>ref_spoon</name>
		<bndbox>
			<xmin>1388</xmin>
			<ymin>492</ymin>
			<xmax>1872</xmax>
			<ymax>1429</ymax>
		</bndbox>
	</object>
	<object>
		<name>ref_fork</name>
		<bndbox>
			<xmin>1977</xmin>
			<ymin>517</ymin>
			<xmax>2300</xmax>
			<ymax>1663</ymax>
		</bndbox>
	</object>
	<object>
		<name>ref_coin</name>
		<bndbox>
			<xmin>3632</xmin>
			<ymin>2865</ymin>
			<xmax>3979</xmax>
			<ymax>3212</ymax>
		</bndbox>
	</object>
	<object>
		<name>dish</name>
		<bndbox>
			<xmin>2316</xmin>
			<ymin>589</ymin>
			<xmax>4641</xmax>
			<ymax>2889</ymax>
		</bndbox>
	</object>
	<object>
		<name>콘스프</name>
		<bndbox>
			<xmin>2607</xmin>
			<ymin>904</ymin>
			<xmax>4310</xmax>
			<ymax>2591</ymax>
		</bndbox>
	</object>
</annotation>