<annotation>
	<folder>top_스프류작은파스타볼콘스프q5</folder>
	<filename>top_스프류_작은파스타볼_콘스프_Q5_00034.JPG</filename>
	<path>/top스프류작은파스타볼콘스프q5/top_스프류_작은파스타볼_콘스프_Q5_00034.JPG</path>
	<source>
		<database>fooddata</database>
	</source>
	<size>
		<width>5472</width>
		<height>3648</height>
		<depth>3</depth>
	</size>
	<object>
		<name>ref_spoon</name>
		<bndbox>
			<xmin>670</xmin>
			<ymin>363</ymin>
			<xmax>1154</xmax>
			<ymax>1396</ymax>
		</bndbox>
	</object>
	<object>
		<name>ref_fork</name>
		<bndbox>
			<xmin>1316</xmin>
			<ymin>412</ymin>
			<xmax>1630</xmax>
			<ymax>1429</ymax>
		</bndbox>
	</object>
	<object>
		<name>ref_coin</name>
		<bndbox>
			<xmin>2462</xmin>
			<ymin>3002</ymin>
			<xmax>2833</xmax>
			<ymax>3349</ymax>
		</bndbox>
	</object>
	<object>
		<name>dish</name>
		<bndbox>
			<xmin>1638</xmin>
			<ymin>549</ymin>
			<xmax>3939</xmax>
			<ymax>2833</ymax>
		</bndbox>
	</object>
	<object>
		<name>콘스프</name>
		<bndbox>
			<xmin>1929</xmin>
			<ymin>872</ymin>
			<xmax>3640</xmax>
			<ymax>2558</ymax>
		</bndbox>
	</object>
</annotation>