<annotation>
	<folder>top_스프류작은파스타볼콘스프q5</folder>
	<filename>top_스프류_작은파스타볼_콘스프_Q5_00022.JPG</filename>
	<path>/top스프류작은파스타볼콘스프q5/top_스프류_작은파스타볼_콘스프_Q5_00022.JPG</path>
	<source>
		<database>fooddata</database>
	</source>
	<size>
		<width>5472</width>
		<height>3648</height>
		<depth>3</depth>
	</size>
	<object>
		<name>ref_spoon</name>
		<bndbox>
			<xmin>1622</xmin>
			<ymin>2978</ymin>
			<xmax>2518</xmax>
			<ymax>3414</ymax>
		</bndbox>
	</object>
	<object>
		<name>ref_fork</name>
		<bndbox>
			<xmin>1897</xmin>
			<ymin>2631</ymin>
			<xmax>2768</xmax>
			<ymax>2922</ymax>
		</bndbox>
	</object>
	<object>
		<name>ref_coin</name>
		<bndbox>
			<xmin>3317</xmin>
			<ymin>161</ymin>
			<xmax>3608</xmax>
			<ymax>460</ymax>
		</bndbox>
	</object>
	<object>
		<name>dish</name>
		<bndbox>
			<xmin>1856</xmin>
			<ymin>613</ymin>
			<xmax>3785</xmax>
			<ymax>2526</ymax>
		</bndbox>
	</object>
	<object>
		<name>콘스프</name>
		<bndbox>
			<xmin>2131</xmin>
			<ymin>880</ymin>
			<xmax>3575</xmax>
			<ymax>2316</ymax>
		</bndbox>
	</object>
</annotation>