<annotation>
	<folder>top_스프류작은파스타볼콘스프q5</folder>
	<filename>top_스프류_작은파스타볼_콘스프_Q5_00041.JPG</filename>
	<path>/top스프류작은파스타볼콘스프q5/top_스프류_작은파스타볼_콘스프_Q5_00041.JPG</path>
	<source>
		<database>fooddata</database>
	</source>
	<size>
		<width>5472</width>
		<height>3648</height>
		<depth>3</depth>
	</size>
	<object>
		<name>ref_spoon</name>
		<bndbox>
			<xmin>1081</xmin>
			<ymin>420</ymin>
			<xmax>1590</xmax>
			<ymax>1372</ymax>
		</bndbox>
	</object>
	<object>
		<name>ref_fork</name>
		<bndbox>
			<xmin>1735</xmin>
			<ymin>428</ymin>
			<xmax>2082</xmax>
			<ymax>1469</ymax>
		</bndbox>
	</object>
	<object>
		<name>ref_coin</name>
		<bndbox>
			<xmin>4237</xmin>
			<ymin>2752</ymin>
			<xmax>4616</xmax>
			<ymax>3156</ymax>
		</bndbox>
	</object>
	<object>
		<name>dish</name>
		<bndbox>
			<xmin>2123</xmin>
			<ymin>549</ymin>
			<xmax>4641</xmax>
			<ymax>3059</ymax>
		</bndbox>
	</object>
	<object>
		<name>콘스프</name>
		<bndbox>
			<xmin>2462</xmin>
			<ymin>864</ymin>
			<xmax>4326</xmax>
			<ymax>2680</ymax>
		</bndbox>
	</object>
</annotation>