<annotation>
	<folder>top_스프류작은파스타볼콘스프q5</folder>
	<filename>top_스프류_작은파스타볼_콘스프_Q5_00025.JPG</filename>
	<path>/top스프류작은파스타볼콘스프q5/top_스프류_작은파스타볼_콘스프_Q5_00025.JPG</path>
	<source>
		<database>fooddata</database>
	</source>
	<size>
		<width>5472</width>
		<height>3648</height>
		<depth>3</depth>
	</size>
	<object>
		<name>ref_spoon</name>
		<bndbox>
			<xmin>1550</xmin>
			<ymin>2825</ymin>
			<xmax>2526</xmax>
			<ymax>3261</ymax>
		</bndbox>
	</object>
	<object>
		<name>ref_fork</name>
		<bndbox>
			<xmin>1848</xmin>
			<ymin>2486</ymin>
			<xmax>2736</xmax>
			<ymax>2784</ymax>
		</bndbox>
	</object>
	<object>
		<name>ref_coin</name>
		<bndbox>
			<xmin>2139</xmin>
			<ymin>274</ymin>
			<xmax>2445</xmax>
			<ymax>557</ymax>
		</bndbox>
	</object>
	<object>
		<name>dish</name>
		<bndbox>
			<xmin>1945</xmin>
			<ymin>589</ymin>
			<xmax>3930</xmax>
			<ymax>2550</ymax>
		</bndbox>
	</object>
	<object>
		<name>콘스프</name>
		<bndbox>
			<xmin>2203</xmin>
			<ymin>888</ymin>
			<xmax>3680</xmax>
			<ymax>2316</ymax>
		</bndbox>
	</object>
</annotation>