<annotation>
	<folder>top_스프류작은파스타볼콘스프q5</folder>
	<filename>top_스프류_작은파스타볼_콘스프_Q5_00031.JPG</filename>
	<path>/top스프류작은파스타볼콘스프q5/top_스프류_작은파스타볼_콘스프_Q5_00031.JPG</path>
	<source>
		<database>fooddata</database>
	</source>
	<size>
		<width>5472</width>
		<height>3648</height>
		<depth>3</depth>
	</size>
	<object>
		<name>ref_spoon</name>
		<bndbox>
			<xmin>1267</xmin>
			<ymin>2792</ymin>
			<xmax>2260</xmax>
			<ymax>3301</ymax>
		</bndbox>
	</object>
	<object>
		<name>ref_fork</name>
		<bndbox>
			<xmin>1606</xmin>
			<ymin>2397</ymin>
			<xmax>2688</xmax>
			<ymax>2752</ymax>
		</bndbox>
	</object>
	<object>
		<name>ref_coin</name>
		<bndbox>
			<xmin>1533</xmin>
			<ymin>323</ymin>
			<xmax>1872</xmax>
			<ymax>678</ymax>
		</bndbox>
	</object>
	<object>
		<name>dish</name>
		<bndbox>
			<xmin>1897</xmin>
			<ymin>282</ymin>
			<xmax>4205</xmax>
			<ymax>2542</ymax>
		</bndbox>
	</object>
	<object>
		<name>콘스프</name>
		<bndbox>
			<xmin>2203</xmin>
			<ymin>597</ymin>
			<xmax>3890</xmax>
			<ymax>2292</ymax>
		</bndbox>
	</object>
</annotation>