<annotation>
	<folder>top_스프류작은파스타볼콘스프q5</folder>
	<filename>top_스프류_작은파스타볼_콘스프_Q5_00013.JPG</filename>
	<path>/top스프류작은파스타볼콘스프q5/top_스프류_작은파스타볼_콘스프_Q5_00013.JPG</path>
	<source>
		<database>fooddata</database>
	</source>
	<size>
		<width>5472</width>
		<height>3648</height>
		<depth>3</depth>
	</size>
	<object>
		<name>ref_spoon</name>
		<bndbox>
			<xmin>3688</xmin>
			<ymin>1372</ymin>
			<xmax>4148</xmax>
			<ymax>2228</ymax>
		</bndbox>
	</object>
	<object>
		<name>ref_fork</name>
		<bndbox>
			<xmin>4237</xmin>
			<ymin>1429</ymin>
			<xmax>4536</xmax>
			<ymax>2445</ymax>
		</bndbox>
	</object>
	<object>
		<name>ref_coin</name>
		<bndbox>
			<xmin>1727</xmin>
			<ymin>250</ymin>
			<xmax>2058</xmax>
			<ymax>565</ymax>
		</bndbox>
	</object>
	<object>
		<name>dish</name>
		<bndbox>
			<xmin>1388</xmin>
			<ymin>1203</ymin>
			<xmax>3616</xmax>
			<ymax>3414</ymax>
		</bndbox>
	</object>
	<object>
		<name>콘스프</name>
		<bndbox>
			<xmin>1687</xmin>
			<ymin>1525</ymin>
			<xmax>3341</xmax>
			<ymax>3156</ymax>
		</bndbox>
	</object>
</annotation>