<annotation>
	<folder>top_스프류작은파스타볼콘스프q5</folder>
	<filename>top_스프류_작은파스타볼_콘스프_Q5_00032.JPG</filename>
	<path>/top스프류작은파스타볼콘스프q5/top_스프류_작은파스타볼_콘스프_Q5_00032.JPG</path>
	<source>
		<database>fooddata</database>
	</source>
	<size>
		<width>5472</width>
		<height>3648</height>
		<depth>3</depth>
	</size>
	<object>
		<name>ref_spoon</name>
		<bndbox>
			<xmin>1259</xmin>
			<ymin>2897</ymin>
			<xmax>2292</xmax>
			<ymax>3374</ymax>
		</bndbox>
	</object>
	<object>
		<name>ref_fork</name>
		<bndbox>
			<xmin>1574</xmin>
			<ymin>2510</ymin>
			<xmax>2470</xmax>
			<ymax>2833</ymax>
		</bndbox>
	</object>
	<object>
		<name>ref_coin</name>
		<bndbox>
			<xmin>1993</xmin>
			<ymin>202</ymin>
			<xmax>2316</xmax>
			<ymax>517</ymax>
		</bndbox>
	</object>
	<object>
		<name>dish</name>
		<bndbox>
			<xmin>1832</xmin>
			<ymin>476</ymin>
			<xmax>3995</xmax>
			<ymax>2599</ymax>
		</bndbox>
	</object>
	<object>
		<name>콘스프</name>
		<bndbox>
			<xmin>2106</xmin>
			<ymin>767</ymin>
			<xmax>3688</xmax>
			<ymax>2341</ymax>
		</bndbox>
	</object>
</annotation>