<annotation>
	<folder>top_스프류작은파스타볼콘스프q5</folder>
	<filename>top_스프류_작은파스타볼_콘스프_Q5_00046.JPG</filename>
	<path>/top스프류작은파스타볼콘스프q5/top_스프류_작은파스타볼_콘스프_Q5_00046.JPG</path>
	<source>
		<database>fooddata</database>
	</source>
	<size>
		<width>5472</width>
		<height>3648</height>
		<depth>3</depth>
	</size>
	<object>
		<name>ref_spoon</name>
		<bndbox>
			<xmin>799</xmin>
			<ymin>646</ymin>
			<xmax>1283</xmax>
			<ymax>1582</ymax>
		</bndbox>
	</object>
	<object>
		<name>ref_fork</name>
		<bndbox>
			<xmin>1429</xmin>
			<ymin>694</ymin>
			<xmax>1759</xmax>
			<ymax>1768</ymax>
		</bndbox>
	</object>
	<object>
		<name>ref_coin</name>
		<bndbox>
			<xmin>3721</xmin>
			<ymin>347</ymin>
			<xmax>4076</xmax>
			<ymax>710</ymax>
		</bndbox>
	</object>
	<object>
		<name>dish</name>
		<bndbox>
			<xmin>2131</xmin>
			<ymin>815</ymin>
			<xmax>4584</xmax>
			<ymax>3261</ymax>
		</bndbox>
	</object>
	<object>
		<name>콘스프</name>
		<bndbox>
			<xmin>2437</xmin>
			<ymin>1146</ymin>
			<xmax>4245</xmax>
			<ymax>2954</ymax>
		</bndbox>
	</object>
</annotation>