<annotation>
	<folder>side건더기국류냄비꽃게탕q5</folder>
	<filename>side_건더기국류_냄비_꽃게탕_Q5_00045.JPG</filename>
	<path>/side건더기국류냄비꽃게탕q5/side_건더기국류_냄비_꽃게탕_Q5_00045.JPG</path>
	<source>
		<database>fooddata</database>
	</source>
	<size>
		<width>3008</width>
		<height>2000</height>
		<depth>3</depth>
	</size>
	<object>
		<name>ref_spoon</name>
		<bndbox>
			<xmin>234</xmin>
			<ymin>627</ymin>
			<xmax>505</xmax>
			<ymax>959</ymax>
		</bndbox>
	</object>
	<object>
		<name>ref_fork</name>
		<bndbox>
			<xmin>573</xmin>
			<ymin>649</ymin>
			<xmax>773</xmax>
			<ymax>1023</ymax>
		</bndbox>
	</object>
	<object>
		<name>ref_coin</name>
		<bndbox>
			<xmin>2477</xmin>
			<ymin>717</ymin>
			<xmax>2669</xmax>
			<ymax>845</ymax>
		</bndbox>
	</object>
	<object>
		<name>dish</name>
		<bndbox>
			<xmin>856</xmin>
			<ymin>491</ymin>
			<xmax>2337</xmax>
			<ymax>1505</ymax>
		</bndbox>
	</object>
	<object>
		<name>꽃게탕</name>
		<bndbox>
			<xmin>957</xmin>
			<ymin>665</ymin>
			<xmax>2258</xmax>
			<ymax>1335</ymax>
		</bndbox>
	</object>
</annotation>