<annotation>
	<folder>side건더기국류냄비꽃게탕q5</folder>
	<filename>side_건더기국류_냄비_꽃게탕_Q5_00042.JPG</filename>
	<path>/side건더기국류냄비꽃게탕q5/side_건더기국류_냄비_꽃게탕_Q5_00042.JPG</path>
	<source>
		<database>fooddata</database>
	</source>
	<size>
		<width>3008</width>
		<height>2000</height>
		<depth>3</depth>
	</size>
	<object>
		<name>ref_spoon</name>
		<bndbox>
			<xmin>302</xmin>
			<ymin>450</ymin>
			<xmax>569</xmax>
			<ymax>774</ymax>
		</bndbox>
	</object>
	<object>
		<name>ref_fork</name>
		<bndbox>
			<xmin>641</xmin>
			<ymin>476</ymin>
			<xmax>833</xmax>
			<ymax>838</ymax>
		</bndbox>
	</object>
	<object>
		<name>ref_coin</name>
		<bndbox>
			<xmin>2684</xmin>
			<ymin>1064</ymin>
			<xmax>2910</xmax>
			<ymax>1204</ymax>
		</bndbox>
	</object>
	<object>
		<name>dish</name>
		<bndbox>
			<xmin>916</xmin>
			<ymin>306</ymin>
			<xmax>2397</xmax>
			<ymax>1290</ymax>
		</bndbox>
	</object>
	<object>
		<name>꽃게탕</name>
		<bndbox>
			<xmin>1010</xmin>
			<ymin>453</ymin>
			<xmax>2292</xmax>
			<ymax>1143</ymax>
		</bndbox>
	</object>
</annotation>