<annotation>
	<folder>side건더기국류냄비꽃게탕q5</folder>
	<filename>side_건더기국류_냄비_꽃게탕_Q5_00021.JPG</filename>
	<path>/side건더기국류냄비꽃게탕q5/side_건더기국류_냄비_꽃게탕_Q5_00021.JPG</path>
	<source>
		<database>fooddata</database>
	</source>
	<size>
		<width>3008</width>
		<height>2000</height>
		<depth>3</depth>
	</size>
	<object>
		<name>ref_spoon</name>
		<bndbox>
			<xmin>875</xmin>
			<ymin>1501</ymin>
			<xmax>1342</xmax>
			<ymax>1727</ymax>
		</bndbox>
	</object>
	<object>
		<name>ref_fork</name>
		<bndbox>
			<xmin>890</xmin>
			<ymin>1320</ymin>
			<xmax>1383</xmax>
			<ymax>1531</ymax>
		</bndbox>
	</object>
	<object>
		<name>ref_coin</name>
		<bndbox>
			<xmin>547</xmin>
			<ymin>857</ymin>
			<xmax>761</xmax>
			<ymax>996</ymax>
		</bndbox>
	</object>
	<object>
		<name>dish</name>
		<bndbox>
			<xmin>818</xmin>
			<ymin>235</ymin>
			<xmax>2228</xmax>
			<ymax>1196</ymax>
		</bndbox>
	</object>
	<object>
		<name>꽃게탕</name>
		<bndbox>
			<xmin>912</xmin>
			<ymin>408</ymin>
			<xmax>2137</xmax>
			<ymax>1045</ymax>
		</bndbox>
	</object>
</annotation>