<annotation>
	<folder>side건더기국류냄비꽃게탕q5</folder>
	<filename>side_건더기국류_냄비_꽃게탕_Q5_00004.JPG</filename>
	<path>/side건더기국류냄비꽃게탕q5/side_건더기국류_냄비_꽃게탕_Q5_00004.JPG</path>
	<source>
		<database>fooddata</database>
	</source>
	<size>
		<width>3008</width>
		<height>2000</height>
		<depth>3</depth>
	</size>
	<object>
		<name>ref_spoon</name>
		<bndbox>
			<xmin>2133</xmin>
			<ymin>861</ymin>
			<xmax>2382</xmax>
			<ymax>1170</ymax>
		</bndbox>
	</object>
	<object>
		<name>ref_fork</name>
		<bndbox>
			<xmin>2443</xmin>
			<ymin>883</ymin>
			<xmax>2627</xmax>
			<ymax>1249</ymax>
		</bndbox>
	</object>
	<object>
		<name>ref_coin</name>
		<bndbox>
			<xmin>2710</xmin>
			<ymin>1158</ymin>
			<xmax>2906</xmax>
			<ymax>1290</ymax>
		</bndbox>
	</object>
	<object>
		<name>dish</name>
		<bndbox>
			<xmin>317</xmin>
			<ymin>567</ymin>
			<xmax>1689</xmax>
			<ymax>1513</ymax>
		</bndbox>
	</object>
	<object>
		<name>꽃게탕</name>
		<bndbox>
			<xmin>411</xmin>
			<ymin>732</ymin>
			<xmax>1617</xmax>
			<ymax>1358</ymax>
		</bndbox>
	</object>
</annotation>