<annotation>
	<folder>side건더기국류냄비꽃게탕q5</folder>
	<filename>side_건더기국류_냄비_꽃게탕_Q5_00054.JPG</filename>
	<path>/side건더기국류냄비꽃게탕q5/side_건더기국류_냄비_꽃게탕_Q5_00054.JPG</path>
	<source>
		<database>fooddata</database>
	</source>
	<size>
		<width>3008</width>
		<height>2000</height>
		<depth>3</depth>
	</size>
	<object>
		<name>ref_spoon</name>
		<bndbox>
			<xmin>166</xmin>
			<ymin>589</ymin>
			<xmax>422</xmax>
			<ymax>883</ymax>
		</bndbox>
	</object>
	<object>
		<name>ref_fork</name>
		<bndbox>
			<xmin>482</xmin>
			<ymin>612</ymin>
			<xmax>671</xmax>
			<ymax>970</ymax>
		</bndbox>
	</object>
	<object>
		<name>ref_coin</name>
		<bndbox>
			<xmin>1421</xmin>
			<ymin>1682</ymin>
			<xmax>1628</xmax>
			<ymax>1833</ymax>
		</bndbox>
	</object>
	<object>
		<name>dish</name>
		<bndbox>
			<xmin>1071</xmin>
			<ymin>529</ymin>
			<xmax>2431</xmax>
			<ymax>1516</ymax>
		</bndbox>
	</object>
	<object>
		<name>꽃게탕</name>
		<bndbox>
			<xmin>1157</xmin>
			<ymin>619</ymin>
			<xmax>2356</xmax>
			<ymax>1392</ymax>
		</bndbox>
	</object>
</annotation>