<annotation>
	<folder>side건더기국류냄비꽃게탕q5</folder>
	<filename>side_건더기국류_냄비_꽃게탕_Q5_00003.JPG</filename>
	<path>/side건더기국류냄비꽃게탕q5/side_건더기국류_냄비_꽃게탕_Q5_00003.JPG</path>
	<source>
		<database>fooddata</database>
	</source>
	<size>
		<width>3008</width>
		<height>2000</height>
		<depth>3</depth>
	</size>
	<object>
		<name>ref_spoon</name>
		<bndbox>
			<xmin>2167</xmin>
			<ymin>898</ymin>
			<xmax>2424</xmax>
			<ymax>1215</ymax>
		</bndbox>
	</object>
	<object>
		<name>ref_fork</name>
		<bndbox>
			<xmin>2439</xmin>
			<ymin>959</ymin>
			<xmax>2620</xmax>
			<ymax>1324</ymax>
		</bndbox>
	</object>
	<object>
		<name>ref_coin</name>
		<bndbox>
			<xmin>2744</xmin>
			<ymin>1328</ymin>
			<xmax>2933</xmax>
			<ymax>1471</ymax>
		</bndbox>
	</object>
	<object>
		<name>dish</name>
		<bndbox>
			<xmin>369</xmin>
			<ymin>559</ymin>
			<xmax>1734</xmax>
			<ymax>1516</ymax>
		</bndbox>
	</object>
	<object>
		<name>꽃게탕</name>
		<bndbox>
			<xmin>467</xmin>
			<ymin>721</ymin>
			<xmax>1670</xmax>
			<ymax>1366</ymax>
		</bndbox>
	</object>
</annotation>