<annotation>
	<folder>side건더기국류냄비꽃게탕q5</folder>
	<filename>side_건더기국류_냄비_꽃게탕_Q5_00013.JPG</filename>
	<path>/side건더기국류냄비꽃게탕q5/side_건더기국류_냄비_꽃게탕_Q5_00013.JPG</path>
	<source>
		<database>fooddata</database>
	</source>
	<size>
		<width>3008</width>
		<height>2000</height>
		<depth>3</depth>
	</size>
	<object>
		<name>ref_spoon</name>
		<bndbox>
			<xmin>2439</xmin>
			<ymin>857</ymin>
			<xmax>2699</xmax>
			<ymax>1192</ymax>
		</bndbox>
	</object>
	<object>
		<name>ref_fork</name>
		<bndbox>
			<xmin>2744</xmin>
			<ymin>857</ymin>
			<xmax>2936</xmax>
			<ymax>1215</ymax>
		</bndbox>
	</object>
	<object>
		<name>ref_coin</name>
		<bndbox>
			<xmin>2111</xmin>
			<ymin>1456</ymin>
			<xmax>2322</xmax>
			<ymax>1611</ymax>
		</bndbox>
	</object>
	<object>
		<name>dish</name>
		<bndbox>
			<xmin>407</xmin>
			<ymin>480</ymin>
			<xmax>1760</xmax>
			<ymax>1384</ymax>
		</bndbox>
	</object>
	<object>
		<name>꽃게탕</name>
		<bndbox>
			<xmin>516</xmin>
			<ymin>638</ymin>
			<xmax>1674</xmax>
			<ymax>1249</ymax>
		</bndbox>
	</object>
</annotation>