<annotation>
	<folder>side건더기국류냄비꽃게탕q5</folder>
	<filename>side_건더기국류_냄비_꽃게탕_Q5_00012.JPG</filename>
	<path>/side건더기국류냄비꽃게탕q5/side_건더기국류_냄비_꽃게탕_Q5_00012.JPG</path>
	<source>
		<database>fooddata</database>
	</source>
	<size>
		<width>3008</width>
		<height>2000</height>
		<depth>3</depth>
	</size>
	<object>
		<name>ref_spoon</name>
		<bndbox>
			<xmin>2322</xmin>
			<ymin>921</ymin>
			<xmax>2578</xmax>
			<ymax>1222</ymax>
		</bndbox>
	</object>
	<object>
		<name>ref_fork</name>
		<bndbox>
			<xmin>2624</xmin>
			<ymin>913</ymin>
			<xmax>2816</xmax>
			<ymax>1268</ymax>
		</bndbox>
	</object>
	<object>
		<name>ref_coin</name>
		<bndbox>
			<xmin>1945</xmin>
			<ymin>1034</ymin>
			<xmax>2130</xmax>
			<ymax>1155</ymax>
		</bndbox>
	</object>
	<object>
		<name>dish</name>
		<bndbox>
			<xmin>347</xmin>
			<ymin>510</ymin>
			<xmax>1674</xmax>
			<ymax>1411</ymax>
		</bndbox>
	</object>
	<object>
		<name>꽃게탕</name>
		<bndbox>
			<xmin>422</xmin>
			<ymin>672</ymin>
			<xmax>1591</xmax>
			<ymax>1260</ymax>
		</bndbox>
	</object>
</annotation>