<annotation>
	<folder>side건더기국류냄비꽃게탕q5</folder>
	<filename>side_건더기국류_냄비_꽃게탕_Q5_00023.JPG</filename>
	<path>/side건더기국류냄비꽃게탕q5/side_건더기국류_냄비_꽃게탕_Q5_00023.JPG</path>
	<source>
		<database>fooddata</database>
	</source>
	<size>
		<width>3008</width>
		<height>2000</height>
		<depth>3</depth>
	</size>
	<object>
		<name>ref_spoon</name>
		<bndbox>
			<xmin>954</xmin>
			<ymin>1671</ymin>
			<xmax>1410</xmax>
			<ymax>1893</ymax>
		</bndbox>
	</object>
	<object>
		<name>ref_fork</name>
		<bndbox>
			<xmin>969</xmin>
			<ymin>1486</ymin>
			<xmax>1478</xmax>
			<ymax>1697</ymax>
		</bndbox>
	</object>
	<object>
		<name>ref_coin</name>
		<bndbox>
			<xmin>709</xmin>
			<ymin>416</ymin>
			<xmax>897</xmax>
			<ymax>540</ymax>
		</bndbox>
	</object>
	<object>
		<name>dish</name>
		<bndbox>
			<xmin>946</xmin>
			<ymin>416</ymin>
			<xmax>2322</xmax>
			<ymax>1362</ymax>
		</bndbox>
	</object>
	<object>
		<name>꽃게탕</name>
		<bndbox>
			<xmin>1044</xmin>
			<ymin>582</ymin>
			<xmax>2258</xmax>
			<ymax>1211</ymax>
		</bndbox>
	</object>
</annotation>