<annotation>
	<folder>side건더기국류냄비꽃게탕q5재작업</folder>
	<filename>side_건더기국류_냄비_꽃게탕_Q5_00049.JPG</filename>
	<path>/side건더기국류냄비꽃게탕q5/side_건더기국류_냄비_꽃게탕_Q5_00049.JPG</path>
	<source>
		<database>fooddata</database>
	</source>
	<size>
		<width>3008</width>
		<height>2000</height>
		<depth>3</depth>
	</size>
	<object>
		<name>ref_spoon</name>
		<bndbox>
			<xmin>298</xmin>
			<ymin>550</ymin>
			<xmax>553</xmax>
			<ymax>860</ymax>
		</bndbox>
	</object>
	<object>
		<name>ref_fork</name>
		<bndbox>
			<xmin>627</xmin>
			<ymin>565</ymin>
			<xmax>801</xmax>
			<ymax>916</ymax>
		</bndbox>
	</object>
	<object>
		<name>ref_coin</name>
		<bndbox>
			<xmin>1705</xmin>
			<ymin>1597</ymin>
			<xmax>1927</xmax>
			<ymax>1754</ymax>
		</bndbox>
	</object>
	<object>
		<name>dish</name>
		<bndbox>
			<xmin>1202</xmin>
			<ymin>405</ymin>
			<xmax>2634</xmax>
			<ymax>1386</ymax>
		</bndbox>
	</object>
	<object>
		<name>꽃게탕</name>
		<bndbox>
			<xmin>1293</xmin>
			<ymin>514</ymin>
			<xmax>2533</xmax>
			<ymax>1229</ymax>
		</bndbox>
	</object>
</annotation>