<annotation>
	<folder>top건더기국류냄비꽃게탕q5</folder>
	<filename>top_건더기국류_냄비_꽃게탕_Q5_00049.JPG</filename>
	<path>/top건더기국류냄비꽃게탕q5/top_건더기국류_냄비_꽃게탕_Q5_00049.JPG</path>
	<source>
		<database>fooddata</database>
	</source>
	<size>
		<width>3008</width>
		<height>2000</height>
		<depth>3</depth>
	</size>
	<object>
		<name>ref_spoon</name>
		<bndbox>
			<xmin>312</xmin>
			<ymin>162</ymin>
			<xmax>551</xmax>
			<ymax>516</ymax>
		</bndbox>
	</object>
	<object>
		<name>ref_fork</name>
		<bndbox>
			<xmin>588</xmin>
			<ymin>246</ymin>
			<xmax>760</xmax>
			<ymax>658</ymax>
		</bndbox>
	</object>
	<object>
		<name>ref_coin</name>
		<bndbox>
			<xmin>755</xmin>
			<ymin>833</ymin>
			<xmax>922</xmax>
			<ymax>998</ymax>
		</bndbox>
	</object>
	<object>
		<name>dish</name>
		<bndbox>
			<xmin>1005</xmin>
			<ymin>462</ymin>
			<xmax>2231</xmax>
			<ymax>1681</ymax>
		</bndbox>
	</object>
	<object>
		<name>꽃게탕</name>
		<bndbox>
			<xmin>1091</xmin>
			<ymin>563</ymin>
			<xmax>2150</xmax>
			<ymax>1604</ymax>
		</bndbox>
	</object>
</annotation>