<annotation>
	<folder>top건더기국류냄비꽃게탕q5</folder>
	<filename>top_건더기국류_냄비_꽃게탕_Q5_00003.JPG</filename>
	<path>/top건더기국류냄비꽃게탕q5/top_건더기국류_냄비_꽃게탕_Q5_00003.JPG</path>
	<source>
		<database>fooddata</database>
	</source>
	<size>
		<width>3008</width>
		<height>2000</height>
		<depth>3</depth>
	</size>
	<object>
		<name>ref_spoon</name>
		<bndbox>
			<xmin>2096</xmin>
			<ymin>499</ymin>
			<xmax>2307</xmax>
			<ymax>830</ymax>
		</bndbox>
	</object>
	<object>
		<name>ref_fork</name>
		<bndbox>
			<xmin>2371</xmin>
			<ymin>543</ymin>
			<xmax>2526</xmax>
			<ymax>904</ymax>
		</bndbox>
	</object>
	<object>
		<name>ref_coin</name>
		<bndbox>
			<xmin>1155</xmin>
			<ymin>1575</ymin>
			<xmax>1312</xmax>
			<ymax>1735</ymax>
		</bndbox>
	</object>
	<object>
		<name>dish</name>
		<bndbox>
			<xmin>647</xmin>
			<ymin>322</ymin>
			<xmax>1779</xmax>
			<ymax>1440</ymax>
		</bndbox>
	</object>
	<object>
		<name>꽃게탕</name>
		<bndbox>
			<xmin>745</xmin>
			<ymin>428</ymin>
			<xmax>1701</xmax>
			<ymax>1371</ymax>
		</bndbox>
	</object>
</annotation>