<annotation>
	<folder>top건더기국류냄비꽃게탕q5</folder>
	<filename>top_건더기국류_냄비_꽃게탕_Q5_00037.JPG</filename>
	<path>/top건더기국류냄비꽃게탕q5/top_건더기국류_냄비_꽃게탕_Q5_00037.JPG</path>
	<source>
		<database>fooddata</database>
	</source>
	<size>
		<width>3008</width>
		<height>2000</height>
		<depth>3</depth>
	</size>
	<object>
		<name>ref_spoon</name>
		<bndbox>
			<xmin>248</xmin>
			<ymin>302</ymin>
			<xmax>487</xmax>
			<ymax>673</ymax>
		</bndbox>
	</object>
	<object>
		<name>ref_fork</name>
		<bndbox>
			<xmin>543</xmin>
			<ymin>361</ymin>
			<xmax>708</xmax>
			<ymax>776</ymax>
		</bndbox>
	</object>
	<object>
		<name>ref_coin</name>
		<bndbox>
			<xmin>1551</xmin>
			<ymin>1708</ymin>
			<xmax>1735</xmax>
			<ymax>1885</ymax>
		</bndbox>
	</object>
	<object>
		<name>dish</name>
		<bndbox>
			<xmin>779</xmin>
			<ymin>275</ymin>
			<xmax>2049</xmax>
			<ymax>1523</ymax>
		</bndbox>
	</object>
	<object>
		<name>꽃게탕</name>
		<bndbox>
			<xmin>880</xmin>
			<ymin>378</ymin>
			<xmax>1959</xmax>
			<ymax>1452</ymax>
		</bndbox>
	</object>
</annotation>