<annotation>
	<folder>top건더기국류냄비꽃게탕q5</folder>
	<filename>top_건더기국류_냄비_꽃게탕_Q5_00015.JPG</filename>
	<path>/top건더기국류냄비꽃게탕q5/top_건더기국류_냄비_꽃게탕_Q5_00015.JPG</path>
	<source>
		<database>fooddata</database>
	</source>
	<size>
		<width>3008</width>
		<height>2000</height>
		<depth>3</depth>
	</size>
	<object>
		<name>ref_spoon</name>
		<bndbox>
			<xmin>2275</xmin>
			<ymin>285</ymin>
			<xmax>2531</xmax>
			<ymax>678</ymax>
		</bndbox>
	</object>
	<object>
		<name>ref_fork</name>
		<bndbox>
			<xmin>2615</xmin>
			<ymin>314</ymin>
			<xmax>2787</xmax>
			<ymax>747</ymax>
		</bndbox>
	</object>
	<object>
		<name>ref_coin</name>
		<bndbox>
			<xmin>1966</xmin>
			<ymin>1246</ymin>
			<xmax>2153</xmax>
			<ymax>1435</ymax>
		</bndbox>
	</object>
	<object>
		<name>dish</name>
		<bndbox>
			<xmin>472</xmin>
			<ymin>334</ymin>
			<xmax>1782</xmax>
			<ymax>1654</ymax>
		</bndbox>
	</object>
	<object>
		<name>꽃게탕</name>
		<bndbox>
			<xmin>588</xmin>
			<ymin>455</ymin>
			<xmax>1693</xmax>
			<ymax>1563</ymax>
		</bndbox>
	</object>
</annotation>