<annotation>
	<folder>top건더기국류냄비꽃게탕q5</folder>
	<filename>top_건더기국류_냄비_꽃게탕_Q5_00021.JPG</filename>
	<path>/top건더기국류냄비꽃게탕q5/top_건더기국류_냄비_꽃게탕_Q5_00021.JPG</path>
	<source>
		<database>fooddata</database>
	</source>
	<size>
		<width>3008</width>
		<height>2000</height>
		<depth>3</depth>
	</size>
	<object>
		<name>ref_spoon</name>
		<bndbox>
			<xmin>701</xmin>
			<ymin>1722</ymin>
			<xmax>1054</xmax>
			<ymax>1956</ymax>
		</bndbox>
	</object>
	<object>
		<name>ref_fork</name>
		<bndbox>
			<xmin>725</xmin>
			<ymin>1484</ymin>
			<xmax>1106</xmax>
			<ymax>1641</ymax>
		</bndbox>
	</object>
	<object>
		<name>ref_coin</name>
		<bndbox>
			<xmin>2081</xmin>
			<ymin>727</ymin>
			<xmax>2241</xmax>
			<ymax>882</ymax>
		</bndbox>
	</object>
	<object>
		<name>dish</name>
		<bndbox>
			<xmin>760</xmin>
			<ymin>177</ymin>
			<xmax>1892</xmax>
			<ymax>1275</ymax>
		</bndbox>
	</object>
	<object>
		<name>꽃게탕</name>
		<bndbox>
			<xmin>858</xmin>
			<ymin>270</ymin>
			<xmax>1821</xmax>
			<ymax>1216</ymax>
		</bndbox>
	</object>
</annotation>