<annotation>
	<folder>top건더기국류냄비꽃게탕q5</folder>
	<filename>top_건더기국류_냄비_꽃게탕_Q5_00047.JPG</filename>
	<path>/top건더기국류냄비꽃게탕q5/top_건더기국류_냄비_꽃게탕_Q5_00047.JPG</path>
	<source>
		<database>fooddata</database>
	</source>
	<size>
		<width>3008</width>
		<height>2000</height>
		<depth>3</depth>
	</size>
	<object>
		<name>ref_spoon</name>
		<bndbox>
			<xmin>310</xmin>
			<ymin>263</ymin>
			<xmax>543</xmax>
			<ymax>614</ymax>
		</bndbox>
	</object>
	<object>
		<name>ref_fork</name>
		<bndbox>
			<xmin>588</xmin>
			<ymin>342</ymin>
			<xmax>755</xmax>
			<ymax>742</ymax>
		</bndbox>
	</object>
	<object>
		<name>ref_coin</name>
		<bndbox>
			<xmin>973</xmin>
			<ymin>268</ymin>
			<xmax>1133</xmax>
			<ymax>432</ymax>
		</bndbox>
	</object>
	<object>
		<name>dish</name>
		<bndbox>
			<xmin>853</xmin>
			<ymin>459</ymin>
			<xmax>2069</xmax>
			<ymax>1663</ymax>
		</bndbox>
	</object>
	<object>
		<name>꽃게탕</name>
		<bndbox>
			<xmin>936</xmin>
			<ymin>541</ymin>
			<xmax>1990</xmax>
			<ymax>1590</ymax>
		</bndbox>
	</object>
</annotation>