<annotation>
	<folder>top건더기국류냄비꽃게탕q5</folder>
	<filename>top_건더기국류_냄비_꽃게탕_Q5_00053.JPG</filename>
	<path>/top건더기국류냄비꽃게탕q5/top_건더기국류_냄비_꽃게탕_Q5_00053.JPG</path>
	<source>
		<database>fooddata</database>
	</source>
	<size>
		<width>3008</width>
		<height>2000</height>
		<depth>3</depth>
	</size>
	<object>
		<name>ref_spoon</name>
		<bndbox>
			<xmin>401</xmin>
			<ymin>152</ymin>
			<xmax>629</xmax>
			<ymax>496</ymax>
		</bndbox>
	</object>
	<object>
		<name>ref_fork</name>
		<bndbox>
			<xmin>671</xmin>
			<ymin>236</ymin>
			<xmax>841</xmax>
			<ymax>634</ymax>
		</bndbox>
	</object>
	<object>
		<name>ref_coin</name>
		<bndbox>
			<xmin>1258</xmin>
			<ymin>1698</ymin>
			<xmax>1430</xmax>
			<ymax>1872</ymax>
		</bndbox>
	</object>
	<object>
		<name>dish</name>
		<bndbox>
			<xmin>1099</xmin>
			<ymin>442</ymin>
			<xmax>2332</xmax>
			<ymax>1673</ymax>
		</bndbox>
	</object>
	<object>
		<name>꽃게탕</name>
		<bndbox>
			<xmin>1175</xmin>
			<ymin>526</ymin>
			<xmax>2248</xmax>
			<ymax>1609</ymax>
		</bndbox>
	</object>
</annotation>