<annotation>
	<folder>top건더기국류냄비꽃게탕q5</folder>
	<filename>top_건더기국류_냄비_꽃게탕_Q5_00017.JPG</filename>
	<path>/top건더기국류냄비꽃게탕q5/top_건더기국류_냄비_꽃게탕_Q5_00017.JPG</path>
	<source>
		<database>fooddata</database>
	</source>
	<size>
		<width>3008</width>
		<height>2000</height>
		<depth>3</depth>
	</size>
	<object>
		<name>ref_spoon</name>
		<bndbox>
			<xmin>607</xmin>
			<ymin>1607</ymin>
			<xmax>1003</xmax>
			<ymax>1867</ymax>
		</bndbox>
	</object>
	<object>
		<name>ref_fork</name>
		<bndbox>
			<xmin>639</xmin>
			<ymin>1342</ymin>
			<xmax>1064</xmax>
			<ymax>1516</ymax>
		</bndbox>
	</object>
	<object>
		<name>ref_coin</name>
		<bndbox>
			<xmin>1826</xmin>
			<ymin>1241</ymin>
			<xmax>2000</xmax>
			<ymax>1420</ymax>
		</bndbox>
	</object>
	<object>
		<name>dish</name>
		<bndbox>
			<xmin>637</xmin>
			<ymin>88</ymin>
			<xmax>1907</xmax>
			<ymax>1342</ymax>
		</bndbox>
	</object>
	<object>
		<name>꽃게탕</name>
		<bndbox>
			<xmin>737</xmin>
			<ymin>209</ymin>
			<xmax>1809</xmax>
			<ymax>1258</ymax>
		</bndbox>
	</object>
</annotation>