<annotation>
	<folder>top건더기국류냄비꽃게탕q5</folder>
	<filename>top_건더기국류_냄비_꽃게탕_Q5_00028.JPG</filename>
	<path>/top건더기국류냄비꽃게탕q5/top_건더기국류_냄비_꽃게탕_Q5_00028.JPG</path>
	<source>
		<database>fooddata</database>
	</source>
	<size>
		<width>3008</width>
		<height>2000</height>
		<depth>3</depth>
	</size>
	<object>
		<name>ref_spoon</name>
		<bndbox>
			<xmin>900</xmin>
			<ymin>1590</ymin>
			<xmax>1190</xmax>
			<ymax>1786</ymax>
		</bndbox>
	</object>
	<object>
		<name>ref_fork</name>
		<bndbox>
			<xmin>912</xmin>
			<ymin>1388</ymin>
			<xmax>1226</xmax>
			<ymax>1516</ymax>
		</bndbox>
	</object>
	<object>
		<name>ref_coin</name>
		<bndbox>
			<xmin>779</xmin>
			<ymin>830</ymin>
			<xmax>912</xmax>
			<ymax>961</ymax>
		</bndbox>
	</object>
	<object>
		<name>dish</name>
		<bndbox>
			<xmin>988</xmin>
			<ymin>275</ymin>
			<xmax>1936</xmax>
			<ymax>1201</ymax>
		</bndbox>
	</object>
	<object>
		<name>꽃게탕</name>
		<bndbox>
			<xmin>1067</xmin>
			<ymin>359</ymin>
			<xmax>1870</xmax>
			<ymax>1147</ymax>
		</bndbox>
	</object>
</annotation>