<annotation>
	<folder>top건더기국류냄비꽃게탕q5</folder>
	<filename>top_건더기국류_냄비_꽃게탕_Q5_00016.JPG</filename>
	<path>/top건더기국류냄비꽃게탕q5/top_건더기국류_냄비_꽃게탕_Q5_00016.JPG</path>
	<source>
		<database>fooddata</database>
	</source>
	<size>
		<width>3008</width>
		<height>2000</height>
		<depth>3</depth>
	</size>
	<object>
		<name>ref_spoon</name>
		<bndbox>
			<xmin>2283</xmin>
			<ymin>246</ymin>
			<xmax>2531</xmax>
			<ymax>641</ymax>
		</bndbox>
	</object>
	<object>
		<name>ref_fork</name>
		<bndbox>
			<xmin>2612</xmin>
			<ymin>273</ymin>
			<xmax>2787</xmax>
			<ymax>700</ymax>
		</bndbox>
	</object>
	<object>
		<name>ref_coin</name>
		<bndbox>
			<xmin>1649</xmin>
			<ymin>1430</ymin>
			<xmax>1833</xmax>
			<ymax>1617</ymax>
		</bndbox>
	</object>
	<object>
		<name>dish</name>
		<bndbox>
			<xmin>524</xmin>
			<ymin>221</ymin>
			<xmax>1838</xmax>
			<ymax>1533</ymax>
		</bndbox>
	</object>
	<object>
		<name>꽃게탕</name>
		<bndbox>
			<xmin>637</xmin>
			<ymin>344</ymin>
			<xmax>1752</xmax>
			<ymax>1442</ymax>
		</bndbox>
	</object>
</annotation>