<annotation>
	<folder>top건더기국류냄비꽃게탕q5</folder>
	<filename>top_건더기국류_냄비_꽃게탕_Q5_00025.JPG</filename>
	<path>/top건더기국류냄비꽃게탕q5/top_건더기국류_냄비_꽃게탕_Q5_00025.JPG</path>
	<source>
		<database>fooddata</database>
	</source>
	<size>
		<width>3008</width>
		<height>2000</height>
		<depth>3</depth>
	</size>
	<object>
		<name>ref_spoon</name>
		<bndbox>
			<xmin>764</xmin>
			<ymin>1681</ymin>
			<xmax>1074</xmax>
			<ymax>1885</ymax>
		</bndbox>
	</object>
	<object>
		<name>ref_fork</name>
		<bndbox>
			<xmin>777</xmin>
			<ymin>1464</ymin>
			<xmax>1116</xmax>
			<ymax>1602</ymax>
		</bndbox>
	</object>
	<object>
		<name>ref_coin</name>
		<bndbox>
			<xmin>1202</xmin>
			<ymin>69</ymin>
			<xmax>1342</xmax>
			<ymax>206</ymax>
		</bndbox>
	</object>
	<object>
		<name>dish</name>
		<bndbox>
			<xmin>823</xmin>
			<ymin>388</ymin>
			<xmax>1816</xmax>
			<ymax>1361</ymax>
		</bndbox>
	</object>
	<object>
		<name>꽃게탕</name>
		<bndbox>
			<xmin>904</xmin>
			<ymin>477</ymin>
			<xmax>1742</xmax>
			<ymax>1312</ymax>
		</bndbox>
	</object>
</annotation>