<annotation>
	<folder>side반찬부피접시시금치나물q3</folder>
	<filename>side_반찬부피_접시_시금치나물_Q3_00013.JPG</filename>
	<path>/side반찬부피접시시금치나물q3/side_반찬부피_접시_시금치나물_Q3_00013.JPG</path>
	<source>
		<database>fooddata</database>
	</source>
	<size>
		<width>3008</width>
		<height>2000</height>
		<depth>3</depth>
	</size>
	<object>
		<name>ref_spoon</name>
		<bndbox>
			<xmin>1933</xmin>
			<ymin>479</ymin>
			<xmax>2267</xmax>
			<ymax>911</ymax>
		</bndbox>
	</object>
	<object>
		<name>ref_fork</name>
		<bndbox>
			<xmin>2362</xmin>
			<ymin>461</ymin>
			<xmax>2529</xmax>
			<ymax>947</ymax>
		</bndbox>
	</object>
	<object>
		<name>ref_coin</name>
		<bndbox>
			<xmin>1298</xmin>
			<ymin>425</ymin>
			<xmax>1529</xmax>
			<ymax>585</ymax>
		</bndbox>
	</object>
	<object>
		<name>dish</name>
		<bndbox>
			<xmin>355</xmin>
			<ymin>727</ymin>
			<xmax>1809</xmax>
			<ymax>1816</ymax>
		</bndbox>
	</object>
	<object>
		<name>시금치나물</name>
		<bndbox>
			<xmin>667</xmin>
			<ymin>897</ymin>
			<xmax>1437</xmax>
			<ymax>1578</ymax>
		</bndbox>
	</object>
</annotation>