<annotation>
	<folder>side반찬부피접시시금치나물q3</folder>
	<filename>side_반찬부피_접시_시금치나물_Q3_00034.JPG</filename>
	<path>/side반찬부피접시시금치나물q3/side_반찬부피_접시_시금치나물_Q3_00034.JPG</path>
	<source>
		<database>fooddata</database>
	</source>
	<size>
		<width>3008</width>
		<height>2000</height>
		<depth>3</depth>
	</size>
	<object>
		<name>ref_spoon</name>
		<bndbox>
			<xmin>348</xmin>
			<ymin>188</ymin>
			<xmax>695</xmax>
			<ymax>642</ymax>
		</bndbox>
	</object>
	<object>
		<name>ref_fork</name>
		<bndbox>
			<xmin>823</xmin>
			<ymin>174</ymin>
			<xmax>1054</xmax>
			<ymax>688</ymax>
		</bndbox>
	</object>
	<object>
		<name>ref_coin</name>
		<bndbox>
			<xmin>1305</xmin>
			<ymin>1539</ymin>
			<xmax>1600</xmax>
			<ymax>1763</ymax>
		</bndbox>
	</object>
	<object>
		<name>dish</name>
		<bndbox>
			<xmin>1234</xmin>
			<ymin>266</ymin>
			<xmax>2763</xmax>
			<ymax>1341</ymax>
		</bndbox>
	</object>
	<object>
		<name>시금치나물</name>
		<bndbox>
			<xmin>1476</xmin>
			<ymin>464</ymin>
			<xmax>2419</xmax>
			<ymax>1184</ymax>
		</bndbox>
	</object>
</annotation>