<annotation>
	<folder>side반찬부피접시시금치나물q3</folder>
	<filename>side_반찬부피_접시_시금치나물_Q3_00009.JPG</filename>
	<path>/side반찬부피접시시금치나물q3/side_반찬부피_접시_시금치나물_Q3_00009.JPG</path>
	<source>
		<database>fooddata</database>
	</source>
	<size>
		<width>3008</width>
		<height>2000</height>
		<depth>3</depth>
	</size>
	<object>
		<name>ref_spoon</name>
		<bndbox>
			<xmin>2079</xmin>
			<ymin>287</ymin>
			<xmax>2401</xmax>
			<ymax>720</ymax>
		</bndbox>
	</object>
	<object>
		<name>ref_fork</name>
		<bndbox>
			<xmin>2504</xmin>
			<ymin>262</ymin>
			<xmax>2738</xmax>
			<ymax>745</ymax>
		</bndbox>
	</object>
	<object>
		<name>ref_coin</name>
		<bndbox>
			<xmin>500</xmin>
			<ymin>213</ymin>
			<xmax>738</xmax>
			<ymax>383</ymax>
		</bndbox>
	</object>
	<object>
		<name>dish</name>
		<bndbox>
			<xmin>383</xmin>
			<ymin>574</ymin>
			<xmax>1845</xmax>
			<ymax>1667</ymax>
		</bndbox>
	</object>
	<object>
		<name>시금치나물</name>
		<bndbox>
			<xmin>763</xmin>
			<ymin>833</ymin>
			<xmax>1529</xmax>
			<ymax>1532</ymax>
		</bndbox>
	</object>
</annotation>