<annotation>
	<folder>side반찬부피접시시금치나물q3</folder>
	<filename>side_반찬부피_접시_시금치나물_Q3_00004.JPG</filename>
	<path>/side반찬부피접시시금치나물q3/side_반찬부피_접시_시금치나물_Q3_00004.JPG</path>
	<source>
		<database>fooddata</database>
	</source>
	<size>
		<width>3008</width>
		<height>2000</height>
		<depth>3</depth>
	</size>
	<object>
		<name>ref_spoon</name>
		<bndbox>
			<xmin>1873</xmin>
			<ymin>195</ymin>
			<xmax>2160</xmax>
			<ymax>571</ymax>
		</bndbox>
	</object>
	<object>
		<name>ref_fork</name>
		<bndbox>
			<xmin>2245</xmin>
			<ymin>163</ymin>
			<xmax>2465</xmax>
			<ymax>596</ymax>
		</bndbox>
	</object>
	<object>
		<name>ref_coin</name>
		<bndbox>
			<xmin>596</xmin>
			<ymin>1390</ymin>
			<xmax>823</xmax>
			<ymax>1578</ymax>
		</bndbox>
	</object>
	<object>
		<name>dish</name>
		<bndbox>
			<xmin>642</xmin>
			<ymin>322</ymin>
			<xmax>1915</xmax>
			<ymax>1252</ymax>
		</bndbox>
	</object>
	<object>
		<name>시금치나물</name>
		<bndbox>
			<xmin>922</xmin>
			<ymin>461</ymin>
			<xmax>1571</xmax>
			<ymax>1050</ymax>
		</bndbox>
	</object>
</annotation>