<annotation>
	<folder>side반찬부피접시시금치나물q3</folder>
	<filename>side_반찬부피_접시_시금치나물_Q3_00010.JPG</filename>
	<path>/side반찬부피접시시금치나물q3/side_반찬부피_접시_시금치나물_Q3_00010.JPG</path>
	<source>
		<database>fooddata</database>
	</source>
	<size>
		<width>3008</width>
		<height>2000</height>
		<depth>3</depth>
	</size>
	<object>
		<name>ref_spoon</name>
		<bndbox>
			<xmin>2036</xmin>
			<ymin>344</ymin>
			<xmax>2355</xmax>
			<ymax>773</ymax>
		</bndbox>
	</object>
	<object>
		<name>ref_fork</name>
		<bndbox>
			<xmin>2462</xmin>
			<ymin>326</ymin>
			<xmax>2699</xmax>
			<ymax>801</ymax>
		</bndbox>
	</object>
	<object>
		<name>ref_coin</name>
		<bndbox>
			<xmin>674</xmin>
			<ymin>177</ymin>
			<xmax>908</xmax>
			<ymax>340</ymax>
		</bndbox>
	</object>
	<object>
		<name>dish</name>
		<bndbox>
			<xmin>344</xmin>
			<ymin>670</ymin>
			<xmax>1813</xmax>
			<ymax>1773</ymax>
		</bndbox>
	</object>
	<object>
		<name>시금치나물</name>
		<bndbox>
			<xmin>752</xmin>
			<ymin>904</ymin>
			<xmax>1476</xmax>
			<ymax>1592</ymax>
		</bndbox>
	</object>
</annotation>