<annotation>
	<folder>side반찬부피접시시금치나물q3</folder>
	<filename>side_반찬부피_접시_시금치나물_Q3_00041.JPG</filename>
	<path>/side반찬부피접시시금치나물q3/side_반찬부피_접시_시금치나물_Q3_00041.JPG</path>
	<source>
		<database>fooddata</database>
	</source>
	<size>
		<width>3008</width>
		<height>2000</height>
		<depth>3</depth>
	</size>
	<object>
		<name>ref_spoon</name>
		<bndbox>
			<xmin>96</xmin>
			<ymin>379</ymin>
			<xmax>443</xmax>
			<ymax>823</ymax>
		</bndbox>
	</object>
	<object>
		<name>ref_fork</name>
		<bndbox>
			<xmin>564</xmin>
			<ymin>358</ymin>
			<xmax>802</xmax>
			<ymax>865</ymax>
		</bndbox>
	</object>
	<object>
		<name>ref_coin</name>
		<bndbox>
			<xmin>2696</xmin>
			<ymin>918</ymin>
			<xmax>2962</xmax>
			<ymax>1114</ymax>
		</bndbox>
	</object>
	<object>
		<name>dish</name>
		<bndbox>
			<xmin>983</xmin>
			<ymin>468</ymin>
			<xmax>2504</xmax>
			<ymax>1529</ymax>
		</bndbox>
	</object>
	<object>
		<name>시금치나물</name>
		<bndbox>
			<xmin>1146</xmin>
			<ymin>546</ymin>
			<xmax>2167</xmax>
			<ymax>1369</ymax>
		</bndbox>
	</object>
</annotation>