<annotation>
	<folder>side반찬부피접시시금치나물q3</folder>
	<filename>side_반찬부피_접시_시금치나물_Q3_00050.JPG</filename>
	<path>/side반찬부피접시시금치나물q3/side_반찬부피_접시_시금치나물_Q3_00050.JPG</path>
	<source>
		<database>fooddata</database>
	</source>
	<size>
		<width>3008</width>
		<height>2000</height>
		<depth>3</depth>
	</size>
	<object>
		<name>ref_spoon</name>
		<bndbox>
			<xmin>475</xmin>
			<ymin>475</ymin>
			<xmax>795</xmax>
			<ymax>897</ymax>
		</bndbox>
	</object>
	<object>
		<name>ref_fork</name>
		<bndbox>
			<xmin>908</xmin>
			<ymin>464</ymin>
			<xmax>1121</xmax>
			<ymax>936</ymax>
		</bndbox>
	</object>
	<object>
		<name>ref_coin</name>
		<bndbox>
			<xmin>1876</xmin>
			<ymin>191</ymin>
			<xmax>2100</xmax>
			<ymax>337</ymax>
		</bndbox>
	</object>
	<object>
		<name>dish</name>
		<bndbox>
			<xmin>1281</xmin>
			<ymin>617</ymin>
			<xmax>2678</xmax>
			<ymax>1635</ymax>
		</bndbox>
	</object>
	<object>
		<name>시금치나물</name>
		<bndbox>
			<xmin>1493</xmin>
			<ymin>780</ymin>
			<xmax>2295</xmax>
			<ymax>1461</ymax>
		</bndbox>
	</object>
</annotation>