<annotation>
	<folder>side반찬부피접시시금치나물q3</folder>
	<filename>side_반찬부피_접시_시금치나물_Q3_00003.JPG</filename>
	<path>/side반찬부피접시시금치나물q3/side_반찬부피_접시_시금치나물_Q3_00003.JPG</path>
	<source>
		<database>fooddata</database>
	</source>
	<size>
		<width>3008</width>
		<height>2000</height>
		<depth>3</depth>
	</size>
	<object>
		<name>ref_spoon</name>
		<bndbox>
			<xmin>1851</xmin>
			<ymin>243</ymin>
			<xmax>2140</xmax>
			<ymax>620</ymax>
		</bndbox>
	</object>
	<object>
		<name>ref_fork</name>
		<bndbox>
			<xmin>2228</xmin>
			<ymin>216</ymin>
			<xmax>2444</xmax>
			<ymax>647</ymax>
		</bndbox>
	</object>
	<object>
		<name>ref_coin</name>
		<bndbox>
			<xmin>880</xmin>
			<ymin>1487</ymin>
			<xmax>1119</xmax>
			<ymax>1676</ymax>
		</bndbox>
	</object>
	<object>
		<name>dish</name>
		<bndbox>
			<xmin>660</xmin>
			<ymin>351</ymin>
			<xmax>1932</xmax>
			<ymax>1276</ymax>
		</bndbox>
	</object>
	<object>
		<name>시금치나물</name>
		<bndbox>
			<xmin>940</xmin>
			<ymin>542</ymin>
			<xmax>1660</xmax>
			<ymax>1092</ymax>
		</bndbox>
	</object>
</annotation>