<annotation>
	<folder>top반찬부피접시시금치나물q3</folder>
	<filename>top_반찬부피_접시_시금치나물_Q3_00040.JPG</filename>
	<path>/top반찬부피접시시금치나물q3/top_반찬부피_접시_시금치나물_Q3_00040.JPG</path>
	<source>
		<database>fooddata</database>
	</source>
	<size>
		<width>3008</width>
		<height>2000</height>
		<depth>3</depth>
	</size>
	<object>
		<name>ref_spoon</name>
		<bndbox>
			<xmin>225</xmin>
			<ymin>315</ymin>
			<xmax>540</xmax>
			<ymax>777</ymax>
		</bndbox>
	</object>
	<object>
		<name>ref_fork</name>
		<bndbox>
			<xmin>655</xmin>
			<ymin>282</ymin>
			<xmax>868</xmax>
			<ymax>789</ymax>
		</bndbox>
	</object>
	<object>
		<name>ref_coin</name>
		<bndbox>
			<xmin>2517</xmin>
			<ymin>937</ymin>
			<xmax>2734</xmax>
			<ymax>1162</ymax>
		</bndbox>
	</object>
	<object>
		<name>dish</name>
		<bndbox>
			<xmin>1170</xmin>
			<ymin>339</ymin>
			<xmax>2398</xmax>
			<ymax>1575</ymax>
		</bndbox>
	</object>
	<object>
		<name>시금치나물</name>
		<bndbox>
			<xmin>1371</xmin>
			<ymin>630</ymin>
			<xmax>2202</xmax>
			<ymax>1280</ymax>
		</bndbox>
	</object>
</annotation>