<annotation>
	<folder>top반찬부피접시시금치나물q3</folder>
	<filename>top_반찬부피_접시_시금치나물_Q3_00027.JPG</filename>
	<path>/top반찬부피접시시금치나물q3/top_반찬부피_접시_시금치나물_Q3_00027.JPG</path>
	<source>
		<database>fooddata</database>
	</source>
	<size>
		<width>3008</width>
		<height>2000</height>
		<depth>3</depth>
	</size>
	<object>
		<name>ref_spoon</name>
		<bndbox>
			<xmin>1039</xmin>
			<ymin>1555</ymin>
			<xmax>1436</xmax>
			<ymax>1845</ymax>
		</bndbox>
	</object>
	<object>
		<name>ref_fork</name>
		<bndbox>
			<xmin>1089</xmin>
			<ymin>1321</ymin>
			<xmax>1522</xmax>
			<ymax>1518</ymax>
		</bndbox>
	</object>
	<object>
		<name>ref_coin</name>
		<bndbox>
			<xmin>753</xmin>
			<ymin>1137</ymin>
			<xmax>958</xmax>
			<ymax>1338</ymax>
		</bndbox>
	</object>
	<object>
		<name>dish</name>
		<bndbox>
			<xmin>1203</xmin>
			<ymin>89</ymin>
			<xmax>2325</xmax>
			<ymax>1207</ymax>
		</bndbox>
	</object>
	<object>
		<name>시금치나물</name>
		<bndbox>
			<xmin>1424</xmin>
			<ymin>315</ymin>
			<xmax>2091</xmax>
			<ymax>1006</ymax>
		</bndbox>
	</object>
</annotation>