<annotation>
	<folder>top반찬부피접시시금치나물q3</folder>
	<filename>top_반찬부피_접시_시금치나물_Q3_00028.JPG</filename>
	<path>/top반찬부피접시시금치나물q3/top_반찬부피_접시_시금치나물_Q3_00028.JPG</path>
	<source>
		<database>fooddata</database>
	</source>
	<size>
		<width>3008</width>
		<height>2000</height>
		<depth>3</depth>
	</size>
	<object>
		<name>ref_spoon</name>
		<bndbox>
			<xmin>999</xmin>
			<ymin>1518</ymin>
			<xmax>1404</xmax>
			<ymax>1812</ymax>
		</bndbox>
	</object>
	<object>
		<name>ref_fork</name>
		<bndbox>
			<xmin>1048</xmin>
			<ymin>1289</ymin>
			<xmax>1477</xmax>
			<ymax>1485</ymax>
		</bndbox>
	</object>
	<object>
		<name>ref_coin</name>
		<bndbox>
			<xmin>708</xmin>
			<ymin>1108</ymin>
			<xmax>913</xmax>
			<ymax>1313</ymax>
		</bndbox>
	</object>
	<object>
		<name>dish</name>
		<bndbox>
			<xmin>1154</xmin>
			<ymin>77</ymin>
			<xmax>2259</xmax>
			<ymax>1178</ymax>
		</bndbox>
	</object>
	<object>
		<name>시금치나물</name>
		<bndbox>
			<xmin>1273</xmin>
			<ymin>298</ymin>
			<xmax>2034</xmax>
			<ymax>945</ymax>
		</bndbox>
	</object>
</annotation>