<annotation>
	<folder>top반찬부피접시시금치나물q3</folder>
	<filename>top_반찬부피_접시_시금치나물_Q3_00021.JPG</filename>
	<path>/top반찬부피접시시금치나물q3/top_반찬부피_접시_시금치나물_Q3_00021.JPG</path>
	<source>
		<database>fooddata</database>
	</source>
	<size>
		<width>3008</width>
		<height>2000</height>
		<depth>3</depth>
	</size>
	<object>
		<name>ref_spoon</name>
		<bndbox>
			<xmin>982</xmin>
			<ymin>1571</ymin>
			<xmax>1363</xmax>
			<ymax>1849</ymax>
		</bndbox>
	</object>
	<object>
		<name>ref_fork</name>
		<bndbox>
			<xmin>1023</xmin>
			<ymin>1338</ymin>
			<xmax>1432</xmax>
			<ymax>1522</ymax>
		</bndbox>
	</object>
	<object>
		<name>ref_coin</name>
		<bndbox>
			<xmin>839</xmin>
			<ymin>224</ymin>
			<xmax>1031</xmax>
			<ymax>413</ymax>
		</bndbox>
	</object>
	<object>
		<name>dish</name>
		<bndbox>
			<xmin>1130</xmin>
			<ymin>163</ymin>
			<xmax>2157</xmax>
			<ymax>1207</ymax>
		</bndbox>
	</object>
	<object>
		<name>시금치나물</name>
		<bndbox>
			<xmin>1383</xmin>
			<ymin>319</ymin>
			<xmax>1948</xmax>
			<ymax>969</ymax>
		</bndbox>
	</object>
</annotation>