<annotation>
	<folder>top반찬부피접시시금치나물q3</folder>
	<filename>top_반찬부피_접시_시금치나물_Q3_00037.JPG</filename>
	<path>/top반찬부피접시시금치나물q3/top_반찬부피_접시_시금치나물_Q3_00037.JPG</path>
	<source>
		<database>fooddata</database>
	</source>
	<size>
		<width>3008</width>
		<height>2000</height>
		<depth>3</depth>
	</size>
	<object>
		<name>ref_spoon</name>
		<bndbox>
			<xmin>446</xmin>
			<ymin>245</ymin>
			<xmax>753</xmax>
			<ymax>675</ymax>
		</bndbox>
	</object>
	<object>
		<name>ref_fork</name>
		<bndbox>
			<xmin>843</xmin>
			<ymin>216</ymin>
			<xmax>1052</xmax>
			<ymax>703</ymax>
		</bndbox>
	</object>
	<object>
		<name>ref_coin</name>
		<bndbox>
			<xmin>2255</xmin>
			<ymin>1411</ymin>
			<xmax>2472</xmax>
			<ymax>1640</ymax>
		</bndbox>
	</object>
	<object>
		<name>dish</name>
		<bndbox>
			<xmin>1346</xmin>
			<ymin>265</ymin>
			<xmax>2513</xmax>
			<ymax>1428</ymax>
		</bndbox>
	</object>
	<object>
		<name>시금치나물</name>
		<bndbox>
			<xmin>1576</xmin>
			<ymin>466</ymin>
			<xmax>2251</xmax>
			<ymax>1207</ymax>
		</bndbox>
	</object>
</annotation>