<annotation>
	<folder>top반찬부피접시시금치나물q3</folder>
	<filename>top_반찬부피_접시_시금치나물_Q3_00015.JPG</filename>
	<path>/top반찬부피접시시금치나물q3/top_반찬부피_접시_시금치나물_Q3_00015.JPG</path>
	<source>
		<database>fooddata</database>
	</source>
	<size>
		<width>3008</width>
		<height>2000</height>
		<depth>3</depth>
	</size>
	<object>
		<name>ref_spoon</name>
		<bndbox>
			<xmin>1768</xmin>
			<ymin>134</ymin>
			<xmax>2059</xmax>
			<ymax>581</ymax>
		</bndbox>
	</object>
	<object>
		<name>ref_fork</name>
		<bndbox>
			<xmin>2189</xmin>
			<ymin>188</ymin>
			<xmax>2394</xmax>
			<ymax>654</ymax>
		</bndbox>
	</object>
	<object>
		<name>ref_coin</name>
		<bndbox>
			<xmin>2517</xmin>
			<ymin>1182</ymin>
			<xmax>2734</xmax>
			<ymax>1403</ymax>
		</bndbox>
	</object>
	<object>
		<name>dish</name>
		<bndbox>
			<xmin>385</xmin>
			<ymin>450</ymin>
			<xmax>1649</xmax>
			<ymax>1710</ymax>
		</bndbox>
	</object>
	<object>
		<name>시금치나물</name>
		<bndbox>
			<xmin>651</xmin>
			<ymin>679</ymin>
			<xmax>1359</xmax>
			<ymax>1485</ymax>
		</bndbox>
	</object>
</annotation>