<annotation>
	<folder>top반찬부피접시시금치나물q3</folder>
	<filename>top_반찬부피_접시_시금치나물_Q3_00044.JPG</filename>
	<path>/top반찬부피접시시금치나물q3/top_반찬부피_접시_시금치나물_Q3_00044.JPG</path>
	<source>
		<database>fooddata</database>
	</source>
	<size>
		<width>3008</width>
		<height>2000</height>
		<depth>3</depth>
	</size>
	<object>
		<name>ref_spoon</name>
		<bndbox>
			<xmin>327</xmin>
			<ymin>347</ymin>
			<xmax>643</xmax>
			<ymax>789</ymax>
		</bndbox>
	</object>
	<object>
		<name>ref_fork</name>
		<bndbox>
			<xmin>745</xmin>
			<ymin>319</ymin>
			<xmax>962</xmax>
			<ymax>810</ymax>
		</bndbox>
	</object>
	<object>
		<name>ref_coin</name>
		<bndbox>
			<xmin>2149</xmin>
			<ymin>85</ymin>
			<xmax>2365</xmax>
			<ymax>302</ymax>
		</bndbox>
	</object>
	<object>
		<name>dish</name>
		<bndbox>
			<xmin>1228</xmin>
			<ymin>405</ymin>
			<xmax>2460</xmax>
			<ymax>1653</ymax>
		</bndbox>
	</object>
	<object>
		<name>시금치나물</name>
		<bndbox>
			<xmin>1498</xmin>
			<ymin>638</ymin>
			<xmax>2210</xmax>
			<ymax>1411</ymax>
		</bndbox>
	</object>
</annotation>