<annotation>
	<folder>side국류대접소고기무국q3</folder>
	<filename>side_국류_대접_소고기무국_Q3_00003.JPG</filename>
	<path>/side국류대접소고기무국q3/side_국류_대접_소고기무국_Q3_00003.JPG</path>
	<source>
		<database>fooddata</database>
	</source>
	<size>
		<width>5472</width>
		<height>3648</height>
		<depth>3</depth>
	</size>
	<object>
		<name>ref_spoon</name>
		<bndbox>
			<xmin>3516</xmin>
			<ymin>869</ymin>
			<xmax>4033</xmax>
			<ymax>1666</ymax>
		</bndbox>
	</object>
	<object>
		<name>ref_fork</name>
		<bndbox>
			<xmin>4242</xmin>
			<ymin>857</ymin>
			<xmax>4623</xmax>
			<ymax>1672</ymax>
		</bndbox>
	</object>
	<object>
		<name>ref_coin</name>
		<bndbox>
			<xmin>2171</xmin>
			<ymin>3077</ymin>
			<xmax>2605</xmax>
			<ymax>3422</ymax>
		</bndbox>
	</object>
	<object>
		<name>dish</name>
		<bndbox>
			<xmin>951</xmin>
			<ymin>500</ymin>
			<xmax>3403</xmax>
			<ymax>2523</ymax>
		</bndbox>
	</object>
	<object>
		<name>소고기무국</name>
		<bndbox>
			<xmin>1153</xmin>
			<ymin>964</ymin>
			<xmax>3194</xmax>
			<ymax>2178</ymax>
		</bndbox>
	</object>
</annotation>