<annotation>
	<folder>side국류대접소고기무국q3</folder>
	<filename>side_국류_대접_소고기무국_Q3_00015.JPG</filename>
	<path>/side국류대접소고기무국q3/side_국류_대접_소고기무국_Q3_00015.JPG</path>
	<source>
		<database>fooddata</database>
	</source>
	<size>
		<width>5472</width>
		<height>3648</height>
		<depth>3</depth>
	</size>
	<object>
		<name>ref_spoon</name>
		<bndbox>
			<xmin>3837</xmin>
			<ymin>999</ymin>
			<xmax>4379</xmax>
			<ymax>1910</ymax>
		</bndbox>
	</object>
	<object>
		<name>ref_fork</name>
		<bndbox>
			<xmin>4563</xmin>
			<ymin>975</ymin>
			<xmax>4998</xmax>
			<ymax>1957</ymax>
		</bndbox>
	</object>
	<object>
		<name>ref_coin</name>
		<bndbox>
			<xmin>3194</xmin>
			<ymin>606</ymin>
			<xmax>3587</xmax>
			<ymax>838</ymax>
		</bndbox>
	</object>
	<object>
		<name>dish</name>
		<bndbox>
			<xmin>933</xmin>
			<ymin>773</ymin>
			<xmax>3522</xmax>
			<ymax>2909</ymax>
		</bndbox>
	</object>
	<object>
		<name>소고기무국</name>
		<bndbox>
			<xmin>1171</xmin>
			<ymin>1267</ymin>
			<xmax>3284</xmax>
			<ymax>2564</ymax>
		</bndbox>
	</object>
</annotation>