<annotation>
	<folder>side국류대접소고기무국q3</folder>
	<filename>side_국류_대접_소고기무국_Q3_00037.JPG</filename>
	<path>/side국류대접소고기무국q3/side_국류_대접_소고기무국_Q3_00037.JPG</path>
	<source>
		<database>fooddata</database>
	</source>
	<size>
		<width>5472</width>
		<height>3648</height>
		<depth>3</depth>
	</size>
	<object>
		<name>ref_spoon</name>
		<bndbox>
			<xmin>1028</xmin>
			<ymin>678</ymin>
			<xmax>1540</xmax>
			<ymax>1683</ymax>
		</bndbox>
	</object>
	<object>
		<name>ref_fork</name>
		<bndbox>
			<xmin>1653</xmin>
			<ymin>773</ymin>
			<xmax>1998</xmax>
			<ymax>1832</ymax>
		</bndbox>
	</object>
	<object>
		<name>ref_coin</name>
		<bndbox>
			<xmin>4402</xmin>
			<ymin>2624</ymin>
			<xmax>4867</xmax>
			<ymax>2957</ymax>
		</bndbox>
	</object>
	<object>
		<name>dish</name>
		<bndbox>
			<xmin>2266</xmin>
			<ymin>315</ymin>
			<xmax>4748</xmax>
			<ymax>2403</ymax>
		</bndbox>
	</object>
	<object>
		<name>소고기무국</name>
		<bndbox>
			<xmin>2486</xmin>
			<ymin>809</ymin>
			<xmax>4474</xmax>
			<ymax>2058</ymax>
		</bndbox>
	</object>
</annotation>