<annotation>
	<folder>side국류대접소고기무국q3</folder>
	<filename>side_국류_대접_소고기무국_Q3_00025.JPG</filename>
	<path>/side국류대접소고기무국q3/side_국류_대접_소고기무국_Q3_00025.JPG</path>
	<source>
		<database>fooddata</database>
	</source>
	<size>
		<width>5472</width>
		<height>3648</height>
		<depth>3</depth>
	</size>
	<object>
		<name>ref_spoon</name>
		<bndbox>
			<xmin>933</xmin>
			<ymin>2987</ymin>
			<xmax>1939</xmax>
			<ymax>3487</ymax>
		</bndbox>
	</object>
	<object>
		<name>ref_fork</name>
		<bndbox>
			<xmin>1010</xmin>
			<ymin>2546</ymin>
			<xmax>2081</xmax>
			<ymax>2957</ymax>
		</bndbox>
	</object>
	<object>
		<name>ref_coin</name>
		<bndbox>
			<xmin>1564</xmin>
			<ymin>196</ymin>
			<xmax>1927</xmax>
			<ymax>440</ymax>
		</bndbox>
	</object>
	<object>
		<name>dish</name>
		<bndbox>
			<xmin>1373</xmin>
			<ymin>487</ymin>
			<xmax>3688</xmax>
			<ymax>2386</ymax>
		</bndbox>
	</object>
	<object>
		<name>소고기무국</name>
		<bndbox>
			<xmin>1576</xmin>
			<ymin>939</ymin>
			<xmax>3462</xmax>
			<ymax>2076</ymax>
		</bndbox>
	</object>
</annotation>