<annotation>
	<folder>side국류대접소고기무국q3</folder>
	<filename>side_국류_대접_소고기무국_Q3_00048.JPG</filename>
	<path>/side국류대접소고기무국q3/side_국류_대접_소고기무국_Q3_00048.JPG</path>
	<source>
		<database>fooddata</database>
	</source>
	<size>
		<width>5472</width>
		<height>3648</height>
		<depth>3</depth>
	</size>
	<object>
		<name>ref_spoon</name>
		<bndbox>
			<xmin>778</xmin>
			<ymin>1053</ymin>
			<xmax>1302</xmax>
			<ymax>1933</ymax>
		</bndbox>
	</object>
	<object>
		<name>ref_fork</name>
		<bndbox>
			<xmin>1427</xmin>
			<ymin>1154</ymin>
			<xmax>1808</xmax>
			<ymax>2076</ymax>
		</bndbox>
	</object>
	<object>
		<name>ref_coin</name>
		<bndbox>
			<xmin>4825</xmin>
			<ymin>1261</ymin>
			<xmax>5224</xmax>
			<ymax>1558</ymax>
		</bndbox>
	</object>
	<object>
		<name>dish</name>
		<bndbox>
			<xmin>2052</xmin>
			<ymin>654</ymin>
			<xmax>4545</xmax>
			<ymax>2737</ymax>
		</bndbox>
	</object>
	<object>
		<name>소고기무국</name>
		<bndbox>
			<xmin>2272</xmin>
			<ymin>1136</ymin>
			<xmax>4301</xmax>
			<ymax>2427</ymax>
		</bndbox>
	</object>
</annotation>