<annotation>
	<folder>side국류대접소고기무국q3</folder>
	<filename>side_국류_대접_소고기무국_Q3_00024.JPG</filename>
	<path>/side국류대접소고기무국q3/side_국류_대접_소고기무국_Q3_00024.JPG</path>
	<source>
		<database>fooddata</database>
	</source>
	<size>
		<width>5472</width>
		<height>3648</height>
		<depth>3</depth>
	</size>
	<object>
		<name>ref_spoon</name>
		<bndbox>
			<xmin>927</xmin>
			<ymin>3058</ymin>
			<xmax>1933</xmax>
			<ymax>3582</ymax>
		</bndbox>
	</object>
	<object>
		<name>ref_fork</name>
		<bndbox>
			<xmin>1028</xmin>
			<ymin>2647</ymin>
			<xmax>2064</xmax>
			<ymax>3034</ymax>
		</bndbox>
	</object>
	<object>
		<name>ref_coin</name>
		<bndbox>
			<xmin>2022</xmin>
			<ymin>196</ymin>
			<xmax>2361</xmax>
			<ymax>434</ymax>
		</bndbox>
	</object>
	<object>
		<name>dish</name>
		<bndbox>
			<xmin>1373</xmin>
			<ymin>571</ymin>
			<xmax>3647</xmax>
			<ymax>2457</ymax>
		</bndbox>
	</object>
	<object>
		<name>소고기무국</name>
		<bndbox>
			<xmin>1611</xmin>
			<ymin>981</ymin>
			<xmax>3444</xmax>
			<ymax>2183</ymax>
		</bndbox>
	</object>
</annotation>