<annotation>
	<folder>side국류대접소고기무국q3</folder>
	<filename>side_국류_대접_소고기무국_Q3_00013.JPG</filename>
	<path>/side국류대접소고기무국q3/side_국류_대접_소고기무국_Q3_00013.JPG</path>
	<source>
		<database>fooddata</database>
	</source>
	<size>
		<width>5472</width>
		<height>3648</height>
		<depth>3</depth>
	</size>
	<object>
		<name>ref_spoon</name>
		<bndbox>
			<xmin>3772</xmin>
			<ymin>1125</ymin>
			<xmax>4307</xmax>
			<ymax>2029</ymax>
		</bndbox>
	</object>
	<object>
		<name>ref_fork</name>
		<bndbox>
			<xmin>4510</xmin>
			<ymin>1077</ymin>
			<xmax>4920</xmax>
			<ymax>2059</ymax>
		</bndbox>
	</object>
	<object>
		<name>ref_coin</name>
		<bndbox>
			<xmin>2337</xmin>
			<ymin>482</ymin>
			<xmax>2683</xmax>
			<ymax>732</ymax>
		</bndbox>
	</object>
	<object>
		<name>dish</name>
		<bndbox>
			<xmin>1082</xmin>
			<ymin>881</ymin>
			<xmax>3647</xmax>
			<ymax>2970</ymax>
		</bndbox>
	</object>
	<object>
		<name>소고기무국</name>
		<bndbox>
			<xmin>1302</xmin>
			<ymin>1339</ymin>
			<xmax>3397</xmax>
			<ymax>2618</ymax>
		</bndbox>
	</object>
</annotation>