<annotation>
	<folder>side국류대접소고기무국q3</folder>
	<filename>side_국류_대접_소고기무국_Q3_00019.JPG</filename>
	<path>/side국류대접소고기무국q3/side_국류_대접_소고기무국_Q3_00019.JPG</path>
	<source>
		<database>fooddata</database>
	</source>
	<size>
		<width>5472</width>
		<height>3648</height>
		<depth>3</depth>
	</size>
	<object>
		<name>ref_spoon</name>
		<bndbox>
			<xmin>1052</xmin>
			<ymin>2820</ymin>
			<xmax>2206</xmax>
			<ymax>3409</ymax>
		</bndbox>
	</object>
	<object>
		<name>ref_fork</name>
		<bndbox>
			<xmin>1171</xmin>
			<ymin>2356</ymin>
			<xmax>2415</xmax>
			<ymax>2832</ymax>
		</bndbox>
	</object>
	<object>
		<name>ref_coin</name>
		<bndbox>
			<xmin>4117</xmin>
			<ymin>1505</ymin>
			<xmax>4510</xmax>
			<ymax>1826</ymax>
		</bndbox>
	</object>
	<object>
		<name>dish</name>
		<bndbox>
			<xmin>1564</xmin>
			<ymin>213</ymin>
			<xmax>4039</xmax>
			<ymax>2290</ymax>
		</bndbox>
	</object>
	<object>
		<name>소고기무국</name>
		<bndbox>
			<xmin>1730</xmin>
			<ymin>690</ymin>
			<xmax>3807</xmax>
			<ymax>1963</ymax>
		</bndbox>
	</object>
</annotation>