<annotation>
	<folder>side국류대접소고기무국q3</folder>
	<filename>side_국류_대접_소고기무국_Q3_00036.JPG</filename>
	<path>/side국류대접소고기무국q3/side_국류_대접_소고기무국_Q3_00036.JPG</path>
	<source>
		<database>fooddata</database>
	</source>
	<size>
		<width>5472</width>
		<height>3648</height>
		<depth>3</depth>
	</size>
	<object>
		<name>ref_spoon</name>
		<bndbox>
			<xmin>1141</xmin>
			<ymin>791</ymin>
			<xmax>1659</xmax>
			<ymax>1660</ymax>
		</bndbox>
	</object>
	<object>
		<name>ref_fork</name>
		<bndbox>
			<xmin>1772</xmin>
			<ymin>910</ymin>
			<xmax>2099</xmax>
			<ymax>1927</ymax>
		</bndbox>
	</object>
	<object>
		<name>ref_coin</name>
		<bndbox>
			<xmin>3926</xmin>
			<ymin>2951</ymin>
			<xmax>4361</xmax>
			<ymax>3290</ymax>
		</bndbox>
	</object>
	<object>
		<name>dish</name>
		<bndbox>
			<xmin>2367</xmin>
			<ymin>428</ymin>
			<xmax>4855</xmax>
			<ymax>2511</ymax>
		</bndbox>
	</object>
	<object>
		<name>소고기무국</name>
		<bndbox>
			<xmin>2599</xmin>
			<ymin>850</ymin>
			<xmax>4593</xmax>
			<ymax>2165</ymax>
		</bndbox>
	</object>
</annotation>