<annotation>
	<folder>side국류대접소고기무국q3</folder>
	<filename>side_국류_대접_소고기무국_Q3_00021.JPG</filename>
	<path>/side국류대접소고기무국q3/side_국류_대접_소고기무국_Q3_00021.JPG</path>
	<source>
		<database>fooddata</database>
	</source>
	<size>
		<width>5472</width>
		<height>3648</height>
		<depth>3</depth>
	</size>
	<object>
		<name>ref_spoon</name>
		<bndbox>
			<xmin>862</xmin>
			<ymin>2832</ymin>
			<xmax>1945</xmax>
			<ymax>3397</ymax>
		</bndbox>
	</object>
	<object>
		<name>ref_fork</name>
		<bndbox>
			<xmin>957</xmin>
			<ymin>2380</ymin>
			<xmax>2272</xmax>
			<ymax>2832</ymax>
		</bndbox>
	</object>
	<object>
		<name>ref_coin</name>
		<bndbox>
			<xmin>3736</xmin>
			<ymin>356</ymin>
			<xmax>4141</xmax>
			<ymax>624</ymax>
		</bndbox>
	</object>
	<object>
		<name>dish</name>
		<bndbox>
			<xmin>1457</xmin>
			<ymin>184</ymin>
			<xmax>3992</xmax>
			<ymax>2273</ymax>
		</bndbox>
	</object>
	<object>
		<name>소고기무국</name>
		<bndbox>
			<xmin>1671</xmin>
			<ymin>672</ymin>
			<xmax>3742</xmax>
			<ymax>1910</ymax>
		</bndbox>
	</object>
</annotation>