<annotation>
	<folder>side국류대접소고기무국q3</folder>
	<filename>side_국류_대접_소고기무국_Q3_00018.JPG</filename>
	<path>/side국류대접소고기무국q3/side_국류_대접_소고기무국_Q3_00018.JPG</path>
	<source>
		<database>fooddata</database>
	</source>
	<size>
		<width>5472</width>
		<height>3648</height>
		<depth>3</depth>
	</size>
	<object>
		<name>ref_spoon</name>
		<bndbox>
			<xmin>897</xmin>
			<ymin>2772</ymin>
			<xmax>2010</xmax>
			<ymax>3344</ymax>
		</bndbox>
	</object>
	<object>
		<name>ref_fork</name>
		<bndbox>
			<xmin>992</xmin>
			<ymin>2308</ymin>
			<xmax>2421</xmax>
			<ymax>2778</ymax>
		</bndbox>
	</object>
	<object>
		<name>ref_coin</name>
		<bndbox>
			<xmin>3795</xmin>
			<ymin>1731</ymin>
			<xmax>4206</xmax>
			<ymax>2064</ymax>
		</bndbox>
	</object>
	<object>
		<name>dish</name>
		<bndbox>
			<xmin>1415</xmin>
			<ymin>136</ymin>
			<xmax>3908</xmax>
			<ymax>2201</ymax>
		</bndbox>
	</object>
	<object>
		<name>소고기무국</name>
		<bndbox>
			<xmin>1653</xmin>
			<ymin>606</ymin>
			<xmax>3670</xmax>
			<ymax>1862</ymax>
		</bndbox>
	</object>
</annotation>