<annotation>
	<folder>top국류대접소고기무국q3</folder>
	<filename>top_국류_대접_소고기무국_Q3_00009.JPG</filename>
	<path>/top국류대접소고기무국q3/top_국류_대접_소고기무국_Q3_00009.JPG</path>
	<source>
		<database>fooddata</database>
	</source>
	<size>
		<width>5472</width>
		<height>3648</height>
		<depth>3</depth>
	</size>
	<object>
		<name>ref_spoon</name>
		<bndbox>
			<xmin>3821</xmin>
			<ymin>291</ymin>
			<xmax>4394</xmax>
			<ymax>1295</ymax>
		</bndbox>
	</object>
	<object>
		<name>ref_fork</name>
		<bndbox>
			<xmin>4641</xmin>
			<ymin>426</ymin>
			<xmax>5004</xmax>
			<ymax>1398</ymax>
		</bndbox>
	</object>
	<object>
		<name>ref_coin</name>
		<bndbox>
			<xmin>657</xmin>
			<ymin>1690</ymin>
			<xmax>1064</xmax>
			<ymax>2097</ymax>
		</bndbox>
	</object>
	<object>
		<name>dish</name>
		<bndbox>
			<xmin>1150</xmin>
			<ymin>551</ymin>
			<xmax>3847</xmax>
			<ymax>3240</ymax>
		</bndbox>
	</object>
	<object>
		<name>소고기무국</name>
		<bndbox>
			<xmin>1517</xmin>
			<ymin>928</ymin>
			<xmax>3520</xmax>
			<ymax>2953</ymax>
		</bndbox>
	</object>
</annotation>