<annotation>
	<folder>top국류대접소고기무국q3</folder>
	<filename>top_국류_대접_소고기무국_Q3_00016.JPG</filename>
	<path>/top국류대접소고기무국q3/top_국류_대접_소고기무국_Q3_00016.JPG</path>
	<source>
		<database>fooddata</database>
	</source>
	<size>
		<width>5472</width>
		<height>3648</height>
		<depth>3</depth>
	</size>
	<object>
		<name>ref_spoon</name>
		<bndbox>
			<xmin>3717</xmin>
			<ymin>533</ymin>
			<xmax>4264</xmax>
			<ymax>1492</ymax>
		</bndbox>
	</object>
	<object>
		<name>ref_fork</name>
		<bndbox>
			<xmin>4484</xmin>
			<ymin>681</ymin>
			<xmax>4842</xmax>
			<ymax>1707</ymax>
		</bndbox>
	</object>
	<object>
		<name>ref_coin</name>
		<bndbox>
			<xmin>468</xmin>
			<ymin>1775</ymin>
			<xmax>867</xmax>
			<ymax>2178</ymax>
		</bndbox>
	</object>
	<object>
		<name>dish</name>
		<bndbox>
			<xmin>1060</xmin>
			<ymin>798</ymin>
			<xmax>3682</xmax>
			<ymax>3388</ymax>
		</bndbox>
	</object>
	<object>
		<name>소고기무국</name>
		<bndbox>
			<xmin>1441</xmin>
			<ymin>1143</ymin>
			<xmax>3404</xmax>
			<ymax>3133</ymax>
		</bndbox>
	</object>
</annotation>