<annotation>
	<folder>top국류대접소고기무국q3</folder>
	<filename>top_국류_대접_소고기무국_Q3_00048.JPG</filename>
	<path>/top국류대접소고기무국q3/top_국류_대접_소고기무국_Q3_00048.JPG</path>
	<source>
		<database>fooddata</database>
	</source>
	<size>
		<width>5472</width>
		<height>3648</height>
		<depth>3</depth>
	</size>
	<object>
		<name>ref_spoon</name>
		<bndbox>
			<xmin>943</xmin>
			<ymin>341</ymin>
			<xmax>1454</xmax>
			<ymax>1174</ymax>
		</bndbox>
	</object>
	<object>
		<name>ref_fork</name>
		<bndbox>
			<xmin>1616</xmin>
			<ymin>488</ymin>
			<xmax>1952</xmax>
			<ymax>1367</ymax>
		</bndbox>
	</object>
	<object>
		<name>ref_coin</name>
		<bndbox>
			<xmin>2687</xmin>
			<ymin>2931</ymin>
			<xmax>3072</xmax>
			<ymax>3316</ymax>
		</bndbox>
	</object>
	<object>
		<name>dish</name>
		<bndbox>
			<xmin>2055</xmin>
			<ymin>296</ymin>
			<xmax>4511</xmax>
			<ymax>2667</ymax>
		</bndbox>
	</object>
	<object>
		<name>소고기무국</name>
		<bndbox>
			<xmin>2351</xmin>
			<ymin>699</ymin>
			<xmax>4170</xmax>
			<ymax>2478</ymax>
		</bndbox>
	</object>
</annotation>