<annotation>
	<folder>top국류대접소고기무국q3</folder>
	<filename>top_국류_대접_소고기무국_Q3_00042.JPG</filename>
	<path>/top국류대접소고기무국q3/top_국류_대접_소고기무국_Q3_00042.JPG</path>
	<source>
		<database>fooddata</database>
	</source>
	<size>
		<width>5472</width>
		<height>3648</height>
		<depth>3</depth>
	</size>
	<object>
		<name>ref_spoon</name>
		<bndbox>
			<xmin>755</xmin>
			<ymin>726</ymin>
			<xmax>1266</xmax>
			<ymax>1537</ymax>
		</bndbox>
	</object>
	<object>
		<name>ref_fork</name>
		<bndbox>
			<xmin>1338</xmin>
			<ymin>914</ymin>
			<xmax>1687</xmax>
			<ymax>1811</ymax>
		</bndbox>
	</object>
	<object>
		<name>ref_coin</name>
		<bndbox>
			<xmin>2212</xmin>
			<ymin>390</ymin>
			<xmax>2570</xmax>
			<ymax>730</ymax>
		</bndbox>
	</object>
	<object>
		<name>dish</name>
		<bndbox>
			<xmin>1710</xmin>
			<ymin>811</ymin>
			<xmax>4166</xmax>
			<ymax>3227</ymax>
		</bndbox>
	</object>
	<object>
		<name>소고기무국</name>
		<bndbox>
			<xmin>2023</xmin>
			<ymin>1201</ymin>
			<xmax>3883</xmax>
			<ymax>3039</ymax>
		</bndbox>
	</object>
</annotation>