<annotation>
	<folder>rework190files</folder>
	<filename>top_국류_대접_소고기무국_Q3_00031.JPG</filename>
	<path>/top국류대접소고기무국q3/top_국류_대접_소고기무국_Q3_00031.JPG</path>
	<source>
		<database>fooddata</database>
	</source>
	<size>
		<width>5472</width>
		<height>3648</height>
		<depth>3</depth>
	</size>
	<object>
		<name>ref_spoon</name>
		<bndbox>
			<xmin>1497</xmin>
			<ymin>2873</ymin>
			<xmax>2366</xmax>
			<ymax>3428</ymax>
		</bndbox>
	</object>
	<object>
		<name>ref_fork</name>
		<bndbox>
			<xmin>1525</xmin>
			<ymin>2355</ymin>
			<xmax>2477</xmax>
			<ymax>2734</ymax>
		</bndbox>
	</object>
	<object>
		<name>ref_coin</name>
		<bndbox>
			<xmin>3808</xmin>
			<ymin>1893</ymin>
			<xmax>4187</xmax>
			<ymax>2263</ymax>
		</bndbox>
	</object>
	<object>
		<name>dish</name>
		<bndbox>
			<xmin>1562</xmin>
			<ymin>8</ymin>
			<xmax>3891</xmax>
			<ymax>2309</ymax>
		</bndbox>
	</object>
	<object>
		<name>소고기무국</name>
		<bndbox>
			<xmin>1913</xmin>
			<ymin>424</ymin>
			<xmax>3568</xmax>
			<ymax>2069</ymax>
		</bndbox>
	</object>
</annotation>