<annotation>
	<folder>top국류대접소고기무국q3</folder>
	<filename>top_국류_대접_소고기무국_Q3_00054.JPG</filename>
	<path>/top국류대접소고기무국q3/top_국류_대접_소고기무국_Q3_00054.JPG</path>
	<source>
		<database>fooddata</database>
	</source>
	<size>
		<width>5472</width>
		<height>3648</height>
		<depth>3</depth>
	</size>
	<object>
		<name>ref_spoon</name>
		<bndbox>
			<xmin>881</xmin>
			<ymin>547</ymin>
			<xmax>1409</xmax>
			<ymax>1398</ymax>
		</bndbox>
	</object>
	<object>
		<name>ref_fork</name>
		<bndbox>
			<xmin>1539</xmin>
			<ymin>722</ymin>
			<xmax>1893</xmax>
			<ymax>1672</ymax>
		</bndbox>
	</object>
	<object>
		<name>ref_coin</name>
		<bndbox>
			<xmin>4443</xmin>
			<ymin>1022</ymin>
			<xmax>4820</xmax>
			<ymax>1380</ymax>
		</bndbox>
	</object>
	<object>
		<name>dish</name>
		<bndbox>
			<xmin>1983</xmin>
			<ymin>578</ymin>
			<xmax>4484</xmax>
			<ymax>3003</ymax>
		</bndbox>
	</object>
	<object>
		<name>소고기무국</name>
		<bndbox>
			<xmin>2274</xmin>
			<ymin>999</ymin>
			<xmax>4161</xmax>
			<ymax>2797</ymax>
		</bndbox>
	</object>
</annotation>