<annotation>
	<folder>top국류대접소고기무국q3</folder>
	<filename>top_국류_대접_소고기무국_Q3_00021.JPG</filename>
	<path>/top국류대접소고기무국q3/top_국류_대접_소고기무국_Q3_00021.JPG</path>
	<source>
		<database>fooddata</database>
	</source>
	<size>
		<width>5472</width>
		<height>3648</height>
		<depth>3</depth>
	</size>
	<object>
		<name>ref_spoon</name>
		<bndbox>
			<xmin>1822</xmin>
			<ymin>2846</ymin>
			<xmax>2570</xmax>
			<ymax>3330</ymax>
		</bndbox>
	</object>
	<object>
		<name>ref_fork</name>
		<bndbox>
			<xmin>1849</xmin>
			<ymin>2389</ymin>
			<xmax>2624</xmax>
			<ymax>2711</ymax>
		</bndbox>
	</object>
	<object>
		<name>ref_coin</name>
		<bndbox>
			<xmin>1947</xmin>
			<ymin>269</ymin>
			<xmax>2265</xmax>
			<ymax>578</ymax>
		</bndbox>
	</object>
	<object>
		<name>dish</name>
		<bndbox>
			<xmin>2032</xmin>
			<ymin>238</ymin>
			<xmax>4116</xmax>
			<ymax>2272</ymax>
		</bndbox>
	</object>
	<object>
		<name>소고기무국</name>
		<bndbox>
			<xmin>2288</xmin>
			<ymin>578</ymin>
			<xmax>3821</xmax>
			<ymax>2106</ymax>
		</bndbox>
	</object>
</annotation>