<annotation>
	<folder>top국류대접소고기무국q3</folder>
	<filename>top_국류_대접_소고기무국_Q3_00039.JPG</filename>
	<path>/top국류대접소고기무국q3/top_국류_대접_소고기무국_Q3_00039.JPG</path>
	<source>
		<database>fooddata</database>
	</source>
	<size>
		<width>5472</width>
		<height>3648</height>
		<depth>3</depth>
	</size>
	<object>
		<name>ref_spoon</name>
		<bndbox>
			<xmin>674</xmin>
			<ymin>417</ymin>
			<xmax>1226</xmax>
			<ymax>1309</ymax>
		</bndbox>
	</object>
	<object>
		<name>ref_fork</name>
		<bndbox>
			<xmin>1297</xmin>
			<ymin>609</ymin>
			<xmax>1651</xmax>
			<ymax>1465</ymax>
		</bndbox>
	</object>
	<object>
		<name>ref_coin</name>
		<bndbox>
			<xmin>4457</xmin>
			<ymin>2124</ymin>
			<xmax>4856</xmax>
			<ymax>2541</ymax>
		</bndbox>
	</object>
	<object>
		<name>dish</name>
		<bndbox>
			<xmin>1692</xmin>
			<ymin>462</ymin>
			<xmax>4287</xmax>
			<ymax>3012</ymax>
		</bndbox>
	</object>
	<object>
		<name>소고기무국</name>
		<bndbox>
			<xmin>1997</xmin>
			<ymin>905</ymin>
			<xmax>3959</xmax>
			<ymax>2783</ymax>
		</bndbox>
	</object>
</annotation>