<annotation>
	<folder>side생선조림냄비갈치조림q5</folder>
	<filename>side_생선조림_냄비_갈치조림_Q5 00001.JPG</filename>
	<path>/side생선조림냄비갈치조림q5/side_생선조림_냄비_갈치조림_Q5 00001.JPG</path>
	<source>
		<database>fooddata</database>
	</source>
	<size>
		<width>3008</width>
		<height>2000</height>
		<depth>3</depth>
	</size>
	<object>
		<name>ref_spoon</name>
		<bndbox>
			<xmin>2090</xmin>
			<ymin>722</ymin>
			<xmax>2354</xmax>
			<ymax>1030</ymax>
		</bndbox>
	</object>
	<object>
		<name>ref_fork</name>
		<bndbox>
			<xmin>2477</xmin>
			<ymin>714</ymin>
			<xmax>2665</xmax>
			<ymax>1074</ymax>
		</bndbox>
	</object>
	<object>
		<name>ref_coin</name>
		<bndbox>
			<xmin>1747</xmin>
			<ymin>1526</ymin>
			<xmax>1959</xmax>
			<ymax>1681</ymax>
		</bndbox>
	</object>
	<object>
		<name>dish</name>
		<bndbox>
			<xmin>474</xmin>
			<ymin>482</ymin>
			<xmax>1817</xmax>
			<ymax>1450</ymax>
		</bndbox>
	</object>
	<object>
		<name>갈치조림</name>
		<bndbox>
			<xmin>730</xmin>
			<ymin>839</ymin>
			<xmax>1569</xmax>
			<ymax>1251</ymax>
		</bndbox>
	</object>
</annotation>