<annotation>
	<folder>side생선조림냄비갈치조림q5</folder>
	<filename>side_생선조림_냄비_갈치조림_Q5 00050.JPG</filename>
	<path>/side생선조림냄비갈치조림q5/side_생선조림_냄비_갈치조림_Q5 00050.JPG</path>
	<source>
		<database>fooddata</database>
	</source>
	<size>
		<width>3008</width>
		<height>2000</height>
		<depth>3</depth>
	</size>
	<object>
		<name>ref_spoon</name>
		<bndbox>
			<xmin>346</xmin>
			<ymin>649</ymin>
			<xmax>602</xmax>
			<ymax>962</ymax>
		</bndbox>
	</object>
	<object>
		<name>ref_fork</name>
		<bndbox>
			<xmin>714</xmin>
			<ymin>670</ymin>
			<xmax>899</xmax>
			<ymax>1054</ymax>
		</bndbox>
	</object>
	<object>
		<name>ref_coin</name>
		<bndbox>
			<xmin>1103</xmin>
			<ymin>1567</ymin>
			<xmax>1332</xmax>
			<ymax>1719</ymax>
		</bndbox>
	</object>
	<object>
		<name>dish</name>
		<bndbox>
			<xmin>1229</xmin>
			<ymin>425</ymin>
			<xmax>2621</xmax>
			<ymax>1431</ymax>
		</bndbox>
	</object>
	<object>
		<name>갈치조림</name>
		<bndbox>
			<xmin>1406</xmin>
			<ymin>730</ymin>
			<xmax>2335</xmax>
			<ymax>1204</ymax>
		</bndbox>
	</object>
</annotation>