<annotation>
	<folder>side생선조림냄비갈치조림q5</folder>
	<filename>side_생선조림_냄비_갈치조림_Q5 00005.JPG</filename>
	<path>/side생선조림냄비갈치조림q5/side_생선조림_냄비_갈치조림_Q5 00005.JPG</path>
	<source>
		<database>fooddata</database>
	</source>
	<size>
		<width>3008</width>
		<height>2000</height>
		<depth>3</depth>
	</size>
	<object>
		<name>ref_spoon</name>
		<bndbox>
			<xmin>2270</xmin>
			<ymin>744</ymin>
			<xmax>2542</xmax>
			<ymax>1060</ymax>
		</bndbox>
	</object>
	<object>
		<name>ref_fork</name>
		<bndbox>
			<xmin>2662</xmin>
			<ymin>744</ymin>
			<xmax>2853</xmax>
			<ymax>1109</ymax>
		</bndbox>
	</object>
	<object>
		<name>ref_coin</name>
		<bndbox>
			<xmin>681</xmin>
			<ymin>1698</ymin>
			<xmax>894</xmax>
			<ymax>1845</ymax>
		</bndbox>
	</object>
	<object>
		<name>dish</name>
		<bndbox>
			<xmin>733</xmin>
			<ymin>529</ymin>
			<xmax>2095</xmax>
			<ymax>1490</ymax>
		</bndbox>
	</object>
	<object>
		<name>갈치조림</name>
		<bndbox>
			<xmin>1008</xmin>
			<ymin>902</ymin>
			<xmax>1885</xmax>
			<ymax>1294</ymax>
		</bndbox>
	</object>
</annotation>