<annotation>
	<folder>side생선조림냄비갈치조림q5</folder>
	<filename>side_생선조림_냄비_갈치조림_Q5 00011.JPG</filename>
	<path>/side생선조림냄비갈치조림q5/side_생선조림_냄비_갈치조림_Q5 00011.JPG</path>
	<source>
		<database>fooddata</database>
	</source>
	<size>
		<width>3008</width>
		<height>2000</height>
		<depth>3</depth>
	</size>
	<object>
		<name>ref_spoon</name>
		<bndbox>
			<xmin>2068</xmin>
			<ymin>763</ymin>
			<xmax>2308</xmax>
			<ymax>1065</ymax>
		</bndbox>
	</object>
	<object>
		<name>ref_fork</name>
		<bndbox>
			<xmin>2425</xmin>
			<ymin>771</ymin>
			<xmax>2602</xmax>
			<ymax>1109</ymax>
		</bndbox>
	</object>
	<object>
		<name>ref_coin</name>
		<bndbox>
			<xmin>967</xmin>
			<ymin>493</ymin>
			<xmax>1142</xmax>
			<ymax>594</ymax>
		</bndbox>
	</object>
	<object>
		<name>dish</name>
		<bndbox>
			<xmin>321</xmin>
			<ymin>629</ymin>
			<xmax>1632</xmax>
			<ymax>1616</ymax>
		</bndbox>
	</object>
	<object>
		<name>갈치조림</name>
		<bndbox>
			<xmin>635</xmin>
			<ymin>1033</ymin>
			<xmax>1365</xmax>
			<ymax>1409</ymax>
		</bndbox>
	</object>
</annotation>