<annotation>
	<folder>side생선조림냄비갈치조림q5</folder>
	<filename>side_생선조림_냄비_갈치조림_Q5 00046.JPG</filename>
	<path>/side생선조림냄비갈치조림q5/side_생선조림_냄비_갈치조림_Q5 00046.JPG</path>
	<source>
		<database>fooddata</database>
	</source>
	<size>
		<width>3008</width>
		<height>2000</height>
		<depth>3</depth>
	</size>
	<object>
		<name>ref_spoon</name>
		<bndbox>
			<xmin>302</xmin>
			<ymin>654</ymin>
			<xmax>569</xmax>
			<ymax>986</ymax>
		</bndbox>
	</object>
	<object>
		<name>ref_fork</name>
		<bndbox>
			<xmin>678</xmin>
			<ymin>681</ymin>
			<xmax>861</xmax>
			<ymax>1063</ymax>
		</bndbox>
	</object>
	<object>
		<name>ref_coin</name>
		<bndbox>
			<xmin>1384</xmin>
			<ymin>259</ymin>
			<xmax>1569</xmax>
			<ymax>360</ymax>
		</bndbox>
	</object>
	<object>
		<name>dish</name>
		<bndbox>
			<xmin>1191</xmin>
			<ymin>477</ymin>
			<xmax>2578</xmax>
			<ymax>1488</ymax>
		</bndbox>
	</object>
	<object>
		<name>갈치조림</name>
		<bndbox>
			<xmin>1420</xmin>
			<ymin>853</ymin>
			<xmax>2357</xmax>
			<ymax>1272</ymax>
		</bndbox>
	</object>
</annotation>