<annotation>
	<folder>side생선조림냄비갈치조림q5</folder>
	<filename>side_생선조림_냄비_갈치조림_Q5 00049.JPG</filename>
	<path>/side생선조림냄비갈치조림q5/side_생선조림_냄비_갈치조림_Q5 00049.JPG</path>
	<source>
		<database>fooddata</database>
	</source>
	<size>
		<width>3008</width>
		<height>2000</height>
		<depth>3</depth>
	</size>
	<object>
		<name>ref_spoon</name>
		<bndbox>
			<xmin>351</xmin>
			<ymin>531</ymin>
			<xmax>627</xmax>
			<ymax>850</ymax>
		</bndbox>
	</object>
	<object>
		<name>ref_fork</name>
		<bndbox>
			<xmin>736</xmin>
			<ymin>540</ymin>
			<xmax>918</xmax>
			<ymax>902</ymax>
		</bndbox>
	</object>
	<object>
		<name>ref_coin</name>
		<bndbox>
			<xmin>2425</xmin>
			<ymin>207</ymin>
			<xmax>2613</xmax>
			<ymax>322</ymax>
		</bndbox>
	</object>
	<object>
		<name>dish</name>
		<bndbox>
			<xmin>1242</xmin>
			<ymin>297</ymin>
			<xmax>2638</xmax>
			<ymax>1324</ymax>
		</bndbox>
	</object>
	<object>
		<name>갈치조림</name>
		<bndbox>
			<xmin>1406</xmin>
			<ymin>624</ymin>
			<xmax>2275</xmax>
			<ymax>1087</ymax>
		</bndbox>
	</object>
</annotation>