<annotation>
	<folder>side생선조림냄비갈치조림q5</folder>
	<filename>side_생선조림_냄비_갈치조림_Q5 00040.JPG</filename>
	<path>/side생선조림냄비갈치조림q5/side_생선조림_냄비_갈치조림_Q5 00040.JPG</path>
	<source>
		<database>fooddata</database>
	</source>
	<size>
		<width>3008</width>
		<height>2000</height>
		<depth>3</depth>
	</size>
	<object>
		<name>ref_spoon</name>
		<bndbox>
			<xmin>507</xmin>
			<ymin>760</ymin>
			<xmax>733</xmax>
			<ymax>1038</ymax>
		</bndbox>
	</object>
	<object>
		<name>ref_fork</name>
		<bndbox>
			<xmin>828</xmin>
			<ymin>771</ymin>
			<xmax>984</xmax>
			<ymax>1090</ymax>
		</bndbox>
	</object>
	<object>
		<name>ref_coin</name>
		<bndbox>
			<xmin>2390</xmin>
			<ymin>1469</ymin>
			<xmax>2588</xmax>
			<ymax>1594</ymax>
		</bndbox>
	</object>
	<object>
		<name>dish</name>
		<bndbox>
			<xmin>1188</xmin>
			<ymin>485</ymin>
			<xmax>2351</xmax>
			<ymax>1302</ymax>
		</bndbox>
	</object>
	<object>
		<name>갈치조림</name>
		<bndbox>
			<xmin>1357</xmin>
			<ymin>733</ymin>
			<xmax>2087</xmax>
			<ymax>1128</ymax>
		</bndbox>
	</object>
</annotation>