<annotation>
	<folder>side생선조림냄비갈치조림q5</folder>
	<filename>side_생선조림_냄비_갈치조림_Q5 00015.JPG</filename>
	<path>/side생선조림냄비갈치조림q5/side_생선조림_냄비_갈치조림_Q5 00015.JPG</path>
	<source>
		<database>fooddata</database>
	</source>
	<size>
		<width>3008</width>
		<height>2000</height>
		<depth>3</depth>
	</size>
	<object>
		<name>ref_spoon</name>
		<bndbox>
			<xmin>2283</xmin>
			<ymin>689</ymin>
			<xmax>2539</xmax>
			<ymax>981</ymax>
		</bndbox>
	</object>
	<object>
		<name>ref_fork</name>
		<bndbox>
			<xmin>2654</xmin>
			<ymin>676</ymin>
			<xmax>2842</xmax>
			<ymax>1025</ymax>
		</bndbox>
	</object>
	<object>
		<name>ref_coin</name>
		<bndbox>
			<xmin>1883</xmin>
			<ymin>1542</ymin>
			<xmax>2090</xmax>
			<ymax>1687</ymax>
		</bndbox>
	</object>
	<object>
		<name>dish</name>
		<bndbox>
			<xmin>676</xmin>
			<ymin>559</ymin>
			<xmax>1992</xmax>
			<ymax>1510</ymax>
		</bndbox>
	</object>
	<object>
		<name>갈치조림</name>
		<bndbox>
			<xmin>954</xmin>
			<ymin>954</ymin>
			<xmax>1776</xmax>
			<ymax>1292</ymax>
		</bndbox>
	</object>
</annotation>