<annotation>
	<folder>side생선조림냄비갈치조림q5</folder>
	<filename>side_생선조림_냄비_갈치조림_Q5 00008.JPG</filename>
	<path>/side생선조림냄비갈치조림q5/side_생선조림_냄비_갈치조림_Q5 00008.JPG</path>
	<source>
		<database>fooddata</database>
	</source>
	<size>
		<width>3008</width>
		<height>2000</height>
		<depth>3</depth>
	</size>
	<object>
		<name>ref_spoon</name>
		<bndbox>
			<xmin>2232</xmin>
			<ymin>589</ymin>
			<xmax>2507</xmax>
			<ymax>910</ymax>
		</bndbox>
	</object>
	<object>
		<name>ref_fork</name>
		<bndbox>
			<xmin>2629</xmin>
			<ymin>575</ymin>
			<xmax>2826</xmax>
			<ymax>926</ymax>
		</bndbox>
	</object>
	<object>
		<name>ref_coin</name>
		<bndbox>
			<xmin>163</xmin>
			<ymin>1180</ymin>
			<xmax>370</xmax>
			<ymax>1322</ymax>
		</bndbox>
	</object>
	<object>
		<name>dish</name>
		<bndbox>
			<xmin>646</xmin>
			<ymin>518</ymin>
			<xmax>2049</xmax>
			<ymax>1556</ymax>
		</bndbox>
	</object>
	<object>
		<name>갈치조림</name>
		<bndbox>
			<xmin>929</xmin>
			<ymin>935</ymin>
			<xmax>1812</xmax>
			<ymax>1332</ymax>
		</bndbox>
	</object>
</annotation>