<annotation>
	<folder>top생선조림냄비갈치조림q5</folder>
	<filename>top_생선조림_냄비_갈치조림_Q5 00054.JPG</filename>
	<path>/top생선조림냄비갈치조림q5/top_생선조림_냄비_갈치조림_Q5 00054.JPG</path>
	<source>
		<database>fooddata</database>
	</source>
	<size>
		<width>3008</width>
		<height>2000</height>
		<depth>3</depth>
	</size>
	<object>
		<name>ref_spoon</name>
		<bndbox>
			<xmin>381</xmin>
			<ymin>351</ymin>
			<xmax>612</xmax>
			<ymax>713</ymax>
		</bndbox>
	</object>
	<object>
		<name>ref_fork</name>
		<bndbox>
			<xmin>656</xmin>
			<ymin>413</ymin>
			<xmax>809</xmax>
			<ymax>816</ymax>
		</bndbox>
	</object>
	<object>
		<name>ref_coin</name>
		<bndbox>
			<xmin>1801</xmin>
			<ymin>1575</ymin>
			<xmax>1973</xmax>
			<ymax>1752</ymax>
		</bndbox>
	</object>
	<object>
		<name>dish</name>
		<bndbox>
			<xmin>1000</xmin>
			<ymin>310</ymin>
			<xmax>2148</xmax>
			<ymax>1447</ymax>
		</bndbox>
	</object>
	<object>
		<name>갈치조림</name>
		<bndbox>
			<xmin>1334</xmin>
			<ymin>572</ymin>
			<xmax>1944</xmax>
			<ymax>1278</ymax>
		</bndbox>
	</object>
</annotation>