<annotation>
	<folder>top생선조림냄비갈치조림q5</folder>
	<filename>top_생선조림_냄비_갈치조림_Q5 00030.JPG</filename>
	<path>/top생선조림냄비갈치조림q5/top_생선조림_냄비_갈치조림_Q5 00030.JPG</path>
	<source>
		<database>fooddata</database>
	</source>
	<size>
		<width>3008</width>
		<height>2000</height>
		<depth>3</depth>
	</size>
	<object>
		<name>ref_spoon</name>
		<bndbox>
			<xmin>651</xmin>
			<ymin>1604</ymin>
			<xmax>976</xmax>
			<ymax>1816</ymax>
		</bndbox>
	</object>
	<object>
		<name>ref_fork</name>
		<bndbox>
			<xmin>674</xmin>
			<ymin>1430</ymin>
			<xmax>1037</xmax>
			<ymax>1595</ymax>
		</bndbox>
	</object>
	<object>
		<name>ref_coin</name>
		<bndbox>
			<xmin>548</xmin>
			<ymin>889</ymin>
			<xmax>703</xmax>
			<ymax>1049</ymax>
		</bndbox>
	</object>
	<object>
		<name>dish</name>
		<bndbox>
			<xmin>787</xmin>
			<ymin>283</ymin>
			<xmax>1814</xmax>
			<ymax>1295</ymax>
		</bndbox>
	</object>
	<object>
		<name>갈치조림</name>
		<bndbox>
			<xmin>963</xmin>
			<ymin>627</ymin>
			<xmax>1629</xmax>
			<ymax>1093</ymax>
		</bndbox>
	</object>
</annotation>