<annotation>
	<folder>top생선조림냄비갈치조림q5</folder>
	<filename>top_생선조림_냄비_갈치조림_Q5 00033.JPG</filename>
	<path>/top생선조림냄비갈치조림q5/top_생선조림_냄비_갈치조림_Q5 00033.JPG</path>
	<source>
		<database>fooddata</database>
	</source>
	<size>
		<width>3008</width>
		<height>2000</height>
		<depth>3</depth>
	</size>
	<object>
		<name>ref_spoon</name>
		<bndbox>
			<xmin>622</xmin>
			<ymin>1656</ymin>
			<xmax>971</xmax>
			<ymax>1872</ymax>
		</bndbox>
	</object>
	<object>
		<name>ref_fork</name>
		<bndbox>
			<xmin>649</xmin>
			<ymin>1484</ymin>
			<xmax>1018</xmax>
			<ymax>1649</ymax>
		</bndbox>
	</object>
	<object>
		<name>ref_coin</name>
		<bndbox>
			<xmin>1197</xmin>
			<ymin>71</ymin>
			<xmax>1349</xmax>
			<ymax>229</ymax>
		</bndbox>
	</object>
	<object>
		<name>dish</name>
		<bndbox>
			<xmin>796</xmin>
			<ymin>413</ymin>
			<xmax>1814</xmax>
			<ymax>1420</ymax>
		</bndbox>
	</object>
	<object>
		<name>갈치조림</name>
		<bndbox>
			<xmin>1054</xmin>
			<ymin>614</ymin>
			<xmax>1543</xmax>
			<ymax>1251</ymax>
		</bndbox>
	</object>
</annotation>