<annotation>
	<folder>top생선조림냄비갈치조림q5</folder>
	<filename>top_생선조림_냄비_갈치조림_Q5 00028.JPG</filename>
	<path>/top생선조림냄비갈치조림q5/top_생선조림_냄비_갈치조림_Q5 00028.JPG</path>
	<source>
		<database>fooddata</database>
	</source>
	<size>
		<width>3008</width>
		<height>2000</height>
		<depth>3</depth>
	</size>
	<object>
		<name>ref_spoon</name>
		<bndbox>
			<xmin>669</xmin>
			<ymin>1518</ymin>
			<xmax>1013</xmax>
			<ymax>1737</ymax>
		</bndbox>
	</object>
	<object>
		<name>ref_fork</name>
		<bndbox>
			<xmin>705</xmin>
			<ymin>1354</ymin>
			<xmax>1069</xmax>
			<ymax>1511</ymax>
		</bndbox>
	</object>
	<object>
		<name>ref_coin</name>
		<bndbox>
			<xmin>1590</xmin>
			<ymin>1182</ymin>
			<xmax>1752</xmax>
			<ymax>1344</ymax>
		</bndbox>
	</object>
	<object>
		<name>dish</name>
		<bndbox>
			<xmin>784</xmin>
			<ymin>177</ymin>
			<xmax>1801</xmax>
			<ymax>1187</ymax>
		</bndbox>
	</object>
	<object>
		<name>갈치조림</name>
		<bndbox>
			<xmin>1010</xmin>
			<ymin>425</ymin>
			<xmax>1592</xmax>
			<ymax>1084</ymax>
		</bndbox>
	</object>
</annotation>