<annotation>
	<folder>top생선조림냄비갈치조림q5</folder>
	<filename>top_생선조림_냄비_갈치조림_Q5 00042.JPG</filename>
	<path>/top생선조림냄비갈치조림q5/top_생선조림_냄비_갈치조림_Q5 00042.JPG</path>
	<source>
		<database>fooddata</database>
	</source>
	<size>
		<width>3008</width>
		<height>2000</height>
		<depth>3</depth>
	</size>
	<object>
		<name>ref_spoon</name>
		<bndbox>
			<xmin>605</xmin>
			<ymin>275</ymin>
			<xmax>828</xmax>
			<ymax>624</ymax>
		</bndbox>
	</object>
	<object>
		<name>ref_fork</name>
		<bndbox>
			<xmin>858</xmin>
			<ymin>346</ymin>
			<xmax>1013</xmax>
			<ymax>752</ymax>
		</bndbox>
	</object>
	<object>
		<name>ref_coin</name>
		<bndbox>
			<xmin>2413</xmin>
			<ymin>1278</ymin>
			<xmax>2588</xmax>
			<ymax>1452</ymax>
		</bndbox>
	</object>
	<object>
		<name>dish</name>
		<bndbox>
			<xmin>1104</xmin>
			<ymin>531</ymin>
			<xmax>2224</xmax>
			<ymax>1644</ymax>
		</bndbox>
	</object>
	<object>
		<name>갈치조림</name>
		<bndbox>
			<xmin>1369</xmin>
			<ymin>730</ymin>
			<xmax>2067</xmax>
			<ymax>1346</ymax>
		</bndbox>
	</object>
</annotation>