<annotation>
	<folder>side반찬부피접시총각김치q5</folder>
	<filename>side_반찬부피_접시_총각김치_Q5_00021.JPG</filename>
	<path>/side반찬부피접시총각김치q5/side_반찬부피_접시_총각김치_Q5_00021.JPG</path>
	<source>
		<database>fooddata</database>
	</source>
	<size>
		<width>3008</width>
		<height>2000</height>
		<depth>3</depth>
	</size>
	<object>
		<name>ref_spoon</name>
		<bndbox>
			<xmin>607</xmin>
			<ymin>1536</ymin>
			<xmax>1170</xmax>
			<ymax>1857</ymax>
		</bndbox>
	</object>
	<object>
		<name>ref_fork</name>
		<bndbox>
			<xmin>703</xmin>
			<ymin>1243</ymin>
			<xmax>1305</xmax>
			<ymax>1521</ymax>
		</bndbox>
	</object>
	<object>
		<name>ref_coin</name>
		<bndbox>
			<xmin>2244</xmin>
			<ymin>496</ymin>
			<xmax>2477</xmax>
			<ymax>668</ymax>
		</bndbox>
	</object>
	<object>
		<name>dish</name>
		<bndbox>
			<xmin>855</xmin>
			<ymin>187</ymin>
			<xmax>2185</xmax>
			<ymax>1093</ymax>
		</bndbox>
	</object>
	<object>
		<name>총각김치</name>
		<bndbox>
			<xmin>1241</xmin>
			<ymin>405</ymin>
			<xmax>1848</xmax>
			<ymax>926</ymax>
		</bndbox>
	</object>
</annotation>