<annotation>
	<folder>side반찬부피접시총각김치q5</folder>
	<filename>side_반찬부피_접시_총각김치_Q5_00053.JPG</filename>
	<path>/side반찬부피접시총각김치q5/side_반찬부피_접시_총각김치_Q5_00053.JPG</path>
	<source>
		<database>fooddata</database>
	</source>
	<size>
		<width>3008</width>
		<height>2000</height>
		<depth>3</depth>
	</size>
	<object>
		<name>ref_spoon</name>
		<bndbox>
			<xmin>104</xmin>
			<ymin>206</ymin>
			<xmax>465</xmax>
			<ymax>705</ymax>
		</bndbox>
	</object>
	<object>
		<name>ref_fork</name>
		<bndbox>
			<xmin>597</xmin>
			<ymin>236</ymin>
			<xmax>846</xmax>
			<ymax>762</ymax>
		</bndbox>
	</object>
	<object>
		<name>ref_coin</name>
		<bndbox>
			<xmin>2605</xmin>
			<ymin>1002</ymin>
			<xmax>2868</xmax>
			<ymax>1219</ymax>
		</bndbox>
	</object>
	<object>
		<name>dish</name>
		<bndbox>
			<xmin>924</xmin>
			<ymin>292</ymin>
			<xmax>2369</xmax>
			<ymax>1373</ymax>
		</bndbox>
	</object>
	<object>
		<name>총각김치</name>
		<bndbox>
			<xmin>1209</xmin>
			<ymin>568</ymin>
			<xmax>1981</xmax>
			<ymax>1268</ymax>
		</bndbox>
	</object>
</annotation>