<annotation>
	<folder>side반찬부피접시총각김치q5</folder>
	<filename>side_반찬부피_접시_총각김치_Q5_00027.JPG</filename>
	<path>/side반찬부피접시총각김치q5/side_반찬부피_접시_총각김치_Q5_00027.JPG</path>
	<source>
		<database>fooddata</database>
	</source>
	<size>
		<width>3008</width>
		<height>2000</height>
		<depth>3</depth>
	</size>
	<object>
		<name>ref_spoon</name>
		<bndbox>
			<xmin>769</xmin>
			<ymin>1491</ymin>
			<xmax>1325</xmax>
			<ymax>1796</ymax>
		</bndbox>
	</object>
	<object>
		<name>ref_fork</name>
		<bndbox>
			<xmin>843</xmin>
			<ymin>1201</ymin>
			<xmax>1438</xmax>
			<ymax>1452</ymax>
		</bndbox>
	</object>
	<object>
		<name>ref_coin</name>
		<bndbox>
			<xmin>607</xmin>
			<ymin>541</ymin>
			<xmax>843</xmax>
			<ymax>722</ymax>
		</bndbox>
	</object>
	<object>
		<name>dish</name>
		<bndbox>
			<xmin>1133</xmin>
			<ymin>108</ymin>
			<xmax>2462</xmax>
			<ymax>1007</ymax>
		</bndbox>
	</object>
	<object>
		<name>총각김치</name>
		<bndbox>
			<xmin>1465</xmin>
			<ymin>231</ymin>
			<xmax>2030</xmax>
			<ymax>799</ymax>
		</bndbox>
	</object>
</annotation>