<annotation>
	<folder>side반찬부피접시총각김치q5</folder>
	<filename>side_반찬부피_접시_총각김치_Q5_00012.JPG</filename>
	<path>/side반찬부피접시총각김치q5/side_반찬부피_접시_총각김치_Q5_00012.JPG</path>
	<source>
		<database>fooddata</database>
	</source>
	<size>
		<width>3008</width>
		<height>2000</height>
		<depth>3</depth>
	</size>
	<object>
		<name>ref_spoon</name>
		<bndbox>
			<xmin>1880</xmin>
			<ymin>533</ymin>
			<xmax>2197</xmax>
			<ymax>948</ymax>
		</bndbox>
	</object>
	<object>
		<name>ref_fork</name>
		<bndbox>
			<xmin>2317</xmin>
			<ymin>560</ymin>
			<xmax>2543</xmax>
			<ymax>1047</ymax>
		</bndbox>
	</object>
	<object>
		<name>ref_coin</name>
		<bndbox>
			<xmin>1379</xmin>
			<ymin>506</ymin>
			<xmax>1610</xmax>
			<ymax>671</ymax>
		</bndbox>
	</object>
	<object>
		<name>dish</name>
		<bndbox>
			<xmin>207</xmin>
			<ymin>683</ymin>
			<xmax>1624</xmax>
			<ymax>1703</ymax>
		</bndbox>
	</object>
	<object>
		<name>총각김치</name>
		<bndbox>
			<xmin>627</xmin>
			<ymin>914</ymin>
			<xmax>1253</xmax>
			<ymax>1482</ymax>
		</bndbox>
	</object>
</annotation>