<annotation>
	<folder>side반찬부피접시총각김치q5</folder>
	<filename>side_반찬부피_접시_총각김치_Q5_00017.JPG</filename>
	<path>/side반찬부피접시총각김치q5/side_반찬부피_접시_총각김치_Q5_00017.JPG</path>
	<source>
		<database>fooddata</database>
	</source>
	<size>
		<width>3008</width>
		<height>2000</height>
		<depth>3</depth>
	</size>
	<object>
		<name>ref_spoon</name>
		<bndbox>
			<xmin>585</xmin>
			<ymin>1428</ymin>
			<xmax>1126</xmax>
			<ymax>1735</ymax>
		</bndbox>
	</object>
	<object>
		<name>ref_fork</name>
		<bndbox>
			<xmin>671</xmin>
			<ymin>1145</ymin>
			<xmax>1258</xmax>
			<ymax>1410</ymax>
		</bndbox>
	</object>
	<object>
		<name>ref_coin</name>
		<bndbox>
			<xmin>1902</xmin>
			<ymin>931</ymin>
			<xmax>2145</xmax>
			<ymax>1125</ymax>
		</bndbox>
	</object>
	<object>
		<name>dish</name>
		<bndbox>
			<xmin>597</xmin>
			<ymin>93</ymin>
			<xmax>1897</xmax>
			<ymax>980</ymax>
		</bndbox>
	</object>
	<object>
		<name>총각김치</name>
		<bndbox>
			<xmin>885</xmin>
			<ymin>241</ymin>
			<xmax>1462</xmax>
			<ymax>796</ymax>
		</bndbox>
	</object>
</annotation>