<annotation>
	<folder>side반찬부피접시총각김치q5</folder>
	<filename>side_반찬부피_접시_총각김치_Q5_00008.JPG</filename>
	<path>/side반찬부피접시총각김치q5/side_반찬부피_접시_총각김치_Q5_00008.JPG</path>
	<source>
		<database>fooddata</database>
	</source>
	<size>
		<width>3008</width>
		<height>2000</height>
		<depth>3</depth>
	</size>
	<object>
		<name>ref_spoon</name>
		<bndbox>
			<xmin>1971</xmin>
			<ymin>435</ymin>
			<xmax>2293</xmax>
			<ymax>865</ymax>
		</bndbox>
	</object>
	<object>
		<name>ref_fork</name>
		<bndbox>
			<xmin>2406</xmin>
			<ymin>457</ymin>
			<xmax>2642</xmax>
			<ymax>941</ymax>
		</bndbox>
	</object>
	<object>
		<name>ref_coin</name>
		<bndbox>
			<xmin>337</xmin>
			<ymin>654</ymin>
			<xmax>578</xmax>
			<ymax>835</ymax>
		</bndbox>
	</object>
	<object>
		<name>dish</name>
		<bndbox>
			<xmin>504</xmin>
			<ymin>698</ymin>
			<xmax>1929</xmax>
			<ymax>1740</ymax>
		</bndbox>
	</object>
	<object>
		<name>총각김치</name>
		<bndbox>
			<xmin>954</xmin>
			<ymin>924</ymin>
			<xmax>1664</xmax>
			<ymax>1455</ymax>
		</bndbox>
	</object>
</annotation>