<annotation>
	<folder>top반찬부피접시총각김치q5</folder>
	<filename>top_반찬부피_접시_총각김치_Q5_00030.JPG</filename>
	<path>/top반찬부피접시총각김치q5/top_반찬부피_접시_총각김치_Q5_00030.JPG</path>
	<source>
		<database>fooddata</database>
	</source>
	<size>
		<width>3008</width>
		<height>2000</height>
		<depth>3</depth>
	</size>
	<object>
		<name>ref_spoon</name>
		<bndbox>
			<xmin>803</xmin>
			<ymin>1562</ymin>
			<xmax>1172</xmax>
			<ymax>1803</ymax>
		</bndbox>
	</object>
	<object>
		<name>ref_fork</name>
		<bndbox>
			<xmin>826</xmin>
			<ymin>1302</ymin>
			<xmax>1221</xmax>
			<ymax>1456</ymax>
		</bndbox>
	</object>
	<object>
		<name>ref_coin</name>
		<bndbox>
			<xmin>1184</xmin>
			<ymin>99</ymin>
			<xmax>1342</xmax>
			<ymax>246</ymax>
		</bndbox>
	</object>
	<object>
		<name>dish</name>
		<bndbox>
			<xmin>1006</xmin>
			<ymin>306</ymin>
			<xmax>1900</xmax>
			<ymax>1204</ymax>
		</bndbox>
	</object>
	<object>
		<name>총각김치</name>
		<bndbox>
			<xmin>1184</xmin>
			<ymin>551</ymin>
			<xmax>1719</xmax>
			<ymax>947</ymax>
		</bndbox>
	</object>
</annotation>