<annotation>
	<folder>top반찬부피접시총각김치q5</folder>
	<filename>top_반찬부피_접시_총각김치_Q5_00044.JPG</filename>
	<path>/top반찬부피접시총각김치q5/top_반찬부피_접시_총각김치_Q5_00044.JPG</path>
	<source>
		<database>fooddata</database>
	</source>
	<size>
		<width>3008</width>
		<height>2000</height>
		<depth>3</depth>
	</size>
	<object>
		<name>ref_spoon</name>
		<bndbox>
			<xmin>513</xmin>
			<ymin>280</ymin>
			<xmax>826</xmax>
			<ymax>747</ymax>
		</bndbox>
	</object>
	<object>
		<name>ref_fork</name>
		<bndbox>
			<xmin>886</xmin>
			<ymin>457</ymin>
			<xmax>1108</xmax>
			<ymax>936</ymax>
		</bndbox>
	</object>
	<object>
		<name>ref_coin</name>
		<bndbox>
			<xmin>1700</xmin>
			<ymin>159</ymin>
			<xmax>1915</xmax>
			<ymax>359</ymax>
		</bndbox>
	</object>
	<object>
		<name>dish</name>
		<bndbox>
			<xmin>1157</xmin>
			<ymin>461</ymin>
			<xmax>2326</xmax>
			<ymax>1641</ymax>
		</bndbox>
	</object>
	<object>
		<name>총각김치</name>
		<bndbox>
			<xmin>1444</xmin>
			<ymin>642</ymin>
			<xmax>2039</xmax>
			<ymax>1430</ymax>
		</bndbox>
	</object>
</annotation>