<annotation>
	<folder>top반찬부피접시총각김치q5</folder>
	<filename>top_반찬부피_접시_총각김치_Q5_00050.JPG</filename>
	<path>/top반찬부피접시총각김치q5/top_반찬부피_접시_총각김치_Q5_00050.JPG</path>
	<source>
		<database>fooddata</database>
	</source>
	<size>
		<width>3008</width>
		<height>2000</height>
		<depth>3</depth>
	</size>
	<object>
		<name>ref_spoon</name>
		<bndbox>
			<xmin>407</xmin>
			<ymin>144</ymin>
			<xmax>739</xmax>
			<ymax>642</ymax>
		</bndbox>
	</object>
	<object>
		<name>ref_fork</name>
		<bndbox>
			<xmin>814</xmin>
			<ymin>314</ymin>
			<xmax>1048</xmax>
			<ymax>864</ymax>
		</bndbox>
	</object>
	<object>
		<name>ref_coin</name>
		<bndbox>
			<xmin>2446</xmin>
			<ymin>1079</ymin>
			<xmax>2695</xmax>
			<ymax>1298</ymax>
		</bndbox>
	</object>
	<object>
		<name>dish</name>
		<bndbox>
			<xmin>1101</xmin>
			<ymin>303</ymin>
			<xmax>2409</xmax>
			<ymax>1596</ymax>
		</bndbox>
	</object>
	<object>
		<name>총각김치</name>
		<bndbox>
			<xmin>1380</xmin>
			<ymin>551</ymin>
			<xmax>2149</xmax>
			<ymax>1309</ymax>
		</bndbox>
	</object>
</annotation>