<annotation>
	<folder>top반찬부피접시총각김치q5</folder>
	<filename>top_반찬부피_접시_총각김치_Q5_00006.JPG</filename>
	<path>/top반찬부피접시총각김치q5/top_반찬부피_접시_총각김치_Q5_00006.JPG</path>
	<source>
		<database>fooddata</database>
	</source>
	<size>
		<width>3008</width>
		<height>2000</height>
		<depth>3</depth>
	</size>
	<object>
		<name>ref_spoon</name>
		<bndbox>
			<xmin>1926</xmin>
			<ymin>171</ymin>
			<xmax>2224</xmax>
			<ymax>600</ymax>
		</bndbox>
	</object>
	<object>
		<name>ref_fork</name>
		<bndbox>
			<xmin>2322</xmin>
			<ymin>344</ymin>
			<xmax>2571</xmax>
			<ymax>853</ymax>
		</bndbox>
	</object>
	<object>
		<name>ref_coin</name>
		<bndbox>
			<xmin>222</xmin>
			<ymin>808</ymin>
			<xmax>422</xmax>
			<ymax>1011</ymax>
		</bndbox>
	</object>
	<object>
		<name>dish</name>
		<bndbox>
			<xmin>531</xmin>
			<ymin>242</ymin>
			<xmax>1666</xmax>
			<ymax>1381</ymax>
		</bndbox>
	</object>
	<object>
		<name>총각김치</name>
		<bndbox>
			<xmin>761</xmin>
			<ymin>435</ymin>
			<xmax>1432</xmax>
			<ymax>1121</ymax>
		</bndbox>
	</object>
</annotation>