<annotation>
	<folder>top반찬부피접시총각김치q5</folder>
	<filename>top_반찬부피_접시_총각김치_Q5_00055.JPG</filename>
	<path>/top반찬부피접시총각김치q5/top_반찬부피_접시_총각김치_Q5_00055.JPG</path>
	<source>
		<database>fooddata</database>
	</source>
	<size>
		<width>3008</width>
		<height>2000</height>
		<depth>3</depth>
	</size>
	<object>
		<name>ref_spoon</name>
		<bndbox>
			<xmin>256</xmin>
			<ymin>318</ymin>
			<xmax>596</xmax>
			<ymax>815</ymax>
		</bndbox>
	</object>
	<object>
		<name>ref_fork</name>
		<bndbox>
			<xmin>671</xmin>
			<ymin>502</ymin>
			<xmax>908</xmax>
			<ymax>1045</ymax>
		</bndbox>
	</object>
	<object>
		<name>ref_coin</name>
		<bndbox>
			<xmin>1983</xmin>
			<ymin>246</ymin>
			<xmax>2216</xmax>
			<ymax>469</ymax>
		</bndbox>
	</object>
	<object>
		<name>dish</name>
		<bndbox>
			<xmin>961</xmin>
			<ymin>495</ymin>
			<xmax>2277</xmax>
			<ymax>1818</ymax>
		</bndbox>
	</object>
	<object>
		<name>총각김치</name>
		<bndbox>
			<xmin>1259</xmin>
			<ymin>732</ymin>
			<xmax>1998</xmax>
			<ymax>1441</ymax>
		</bndbox>
	</object>
</annotation>