<annotation>
	<folder>side건더기국류냄비꽃게탕q2</folder>
	<filename>side_건더기국류_냄비_꽃게탕_Q2_00030.JPG</filename>
	<path>/side건더기국류냄비꽃게탕q2/side_건더기국류_냄비_꽃게탕_Q2_00030.JPG</path>
	<source>
		<database>fooddata</database>
	</source>
	<size>
		<width>3008</width>
		<height>2000</height>
		<depth>3</depth>
	</size>
	<object>
		<name>ref_spoon</name>
		<bndbox>
			<xmin>518</xmin>
			<ymin>1681</ymin>
			<xmax>999</xmax>
			<ymax>1926</ymax>
		</bndbox>
	</object>
	<object>
		<name>ref_fork</name>
		<bndbox>
			<xmin>606</xmin>
			<ymin>1454</ymin>
			<xmax>1115</xmax>
			<ymax>1685</ymax>
		</bndbox>
	</object>
	<object>
		<name>ref_coin</name>
		<bndbox>
			<xmin>2161</xmin>
			<ymin>1111</ymin>
			<xmax>2384</xmax>
			<ymax>1259</ymax>
		</bndbox>
	</object>
	<object>
		<name>dish</name>
		<bndbox>
			<xmin>648</xmin>
			<ymin>296</ymin>
			<xmax>2050</xmax>
			<ymax>1241</ymax>
		</bndbox>
	</object>
	<object>
		<name>꽃게탕</name>
		<bndbox>
			<xmin>745</xmin>
			<ymin>551</ymin>
			<xmax>1902</xmax>
			<ymax>1102</ymax>
		</bndbox>
	</object>
</annotation>