<annotation>
	<folder>side건더기국류냄비꽃게탕q2</folder>
	<filename>side_건더기국류_냄비_꽃게탕_Q2_00020.JPG</filename>
	<path>/side건더기국류냄비꽃게탕q2/side_건더기국류_냄비_꽃게탕_Q2_00020.JPG</path>
	<source>
		<database>fooddata</database>
	</source>
	<size>
		<width>3008</width>
		<height>2000</height>
		<depth>3</depth>
	</size>
	<object>
		<name>ref_spoon</name>
		<bndbox>
			<xmin>467</xmin>
			<ymin>1634</ymin>
			<xmax>953</xmax>
			<ymax>1889</ymax>
		</bndbox>
	</object>
	<object>
		<name>ref_fork</name>
		<bndbox>
			<xmin>578</xmin>
			<ymin>1389</ymin>
			<xmax>1083</xmax>
			<ymax>1639</ymax>
		</bndbox>
	</object>
	<object>
		<name>ref_coin</name>
		<bndbox>
			<xmin>198</xmin>
			<ymin>963</ymin>
			<xmax>411</xmax>
			<ymax>1120</ymax>
		</bndbox>
	</object>
	<object>
		<name>dish</name>
		<bndbox>
			<xmin>587</xmin>
			<ymin>241</ymin>
			<xmax>2055</xmax>
			<ymax>1255</ymax>
		</bndbox>
	</object>
	<object>
		<name>꽃게탕</name>
		<bndbox>
			<xmin>763</xmin>
			<ymin>296</ymin>
			<xmax>1874</xmax>
			<ymax>1111</ymax>
		</bndbox>
	</object>
</annotation>