<annotation>
	<folder>side건더기국류냄비꽃게탕q2</folder>
	<filename>side_건더기국류_냄비_꽃게탕_Q2_00032.JPG</filename>
	<path>/side건더기국류냄비꽃게탕q2/side_건더기국류_냄비_꽃게탕_Q2_00032.JPG</path>
	<source>
		<database>fooddata</database>
	</source>
	<size>
		<width>3008</width>
		<height>2000</height>
		<depth>3</depth>
	</size>
	<object>
		<name>ref_spoon</name>
		<bndbox>
			<xmin>527</xmin>
			<ymin>1620</ymin>
			<xmax>990</xmax>
			<ymax>1852</ymax>
		</bndbox>
	</object>
	<object>
		<name>ref_fork</name>
		<bndbox>
			<xmin>606</xmin>
			<ymin>1394</ymin>
			<xmax>1129</xmax>
			<ymax>1620</ymax>
		</bndbox>
	</object>
	<object>
		<name>ref_coin</name>
		<bndbox>
			<xmin>2286</xmin>
			<ymin>1389</ymin>
			<xmax>2523</xmax>
			<ymax>1542</ymax>
		</bndbox>
	</object>
	<object>
		<name>dish</name>
		<bndbox>
			<xmin>666</xmin>
			<ymin>241</ymin>
			<xmax>2083</xmax>
			<ymax>1194</ymax>
		</bndbox>
	</object>
	<object>
		<name>꽃게탕</name>
		<bndbox>
			<xmin>842</xmin>
			<ymin>380</ymin>
			<xmax>1925</xmax>
			<ymax>1065</ymax>
		</bndbox>
	</object>
</annotation>