<annotation>
	<folder>side건더기국류냄비꽃게탕q2</folder>
	<filename>side_건더기국류_냄비_꽃게탕_Q2_00050.JPG</filename>
	<path>/side건더기국류냄비꽃게탕q2/side_건더기국류_냄비_꽃게탕_Q2_00050.JPG</path>
	<source>
		<database>fooddata</database>
	</source>
	<size>
		<width>3008</width>
		<height>2000</height>
		<depth>3</depth>
	</size>
	<object>
		<name>ref_spoon</name>
		<bndbox>
			<xmin>208</xmin>
			<ymin>486</ymin>
			<xmax>504</xmax>
			<ymax>852</ymax>
		</bndbox>
	</object>
	<object>
		<name>ref_fork</name>
		<bndbox>
			<xmin>550</xmin>
			<ymin>495</ymin>
			<xmax>768</xmax>
			<ymax>898</ymax>
		</bndbox>
	</object>
	<object>
		<name>ref_coin</name>
		<bndbox>
			<xmin>740</xmin>
			<ymin>1005</ymin>
			<xmax>962</xmax>
			<ymax>1167</ymax>
		</bndbox>
	</object>
	<object>
		<name>dish</name>
		<bndbox>
			<xmin>1083</xmin>
			<ymin>407</ymin>
			<xmax>2652</xmax>
			<ymax>1542</ymax>
		</bndbox>
	</object>
	<object>
		<name>꽃게탕</name>
		<bndbox>
			<xmin>1222</xmin>
			<ymin>764</ymin>
			<xmax>2462</xmax>
			<ymax>1380</ymax>
		</bndbox>
	</object>
</annotation>