<annotation>
	<folder>side건더기국류냄비꽃게탕q2</folder>
	<filename>side_건더기국류_냄비_꽃게탕_Q2_00034.JPG</filename>
	<path>/side건더기국류냄비꽃게탕q2/side_건더기국류_냄비_꽃게탕_Q2_00034.JPG</path>
	<source>
		<database>fooddata</database>
	</source>
	<size>
		<width>3008</width>
		<height>2000</height>
		<depth>3</depth>
	</size>
	<object>
		<name>ref_spoon</name>
		<bndbox>
			<xmin>300</xmin>
			<ymin>583</ymin>
			<xmax>601</xmax>
			<ymax>958</ymax>
		</bndbox>
	</object>
	<object>
		<name>ref_fork</name>
		<bndbox>
			<xmin>652</xmin>
			<ymin>593</ymin>
			<xmax>865</xmax>
			<ymax>991</ymax>
		</bndbox>
	</object>
	<object>
		<name>ref_coin</name>
		<bndbox>
			<xmin>712</xmin>
			<ymin>1699</ymin>
			<xmax>953</xmax>
			<ymax>1880</ymax>
		</bndbox>
	</object>
	<object>
		<name>dish</name>
		<bndbox>
			<xmin>911</xmin>
			<ymin>338</ymin>
			<xmax>2490</xmax>
			<ymax>1463</ymax>
		</bndbox>
	</object>
	<object>
		<name>꽃게탕</name>
		<bndbox>
			<xmin>1092</xmin>
			<ymin>648</ymin>
			<xmax>2314</xmax>
			<ymax>1310</ymax>
		</bndbox>
	</object>
</annotation>