<annotation>
	<folder>top건더기국류냄비꽃게탕q2</folder>
	<filename>top_건더기국류_냄비_꽃게탕_Q2_00019.JPG</filename>
	<path>/top건더기국류냄비꽃게탕q2/top_건더기국류_냄비_꽃게탕_Q2_00019.JPG</path>
	<source>
		<database>fooddata</database>
	</source>
	<size>
		<width>3008</width>
		<height>2000</height>
		<depth>3</depth>
	</size>
	<object>
		<name>ref_spoon</name>
		<bndbox>
			<xmin>656</xmin>
			<ymin>1637</ymin>
			<xmax>957</xmax>
			<ymax>1844</ymax>
		</bndbox>
	</object>
	<object>
		<name>ref_fork</name>
		<bndbox>
			<xmin>731</xmin>
			<ymin>1422</ymin>
			<xmax>1052</xmax>
			<ymax>1588</ymax>
		</bndbox>
	</object>
	<object>
		<name>ref_coin</name>
		<bndbox>
			<xmin>603</xmin>
			<ymin>1004</ymin>
			<xmax>758</xmax>
			<ymax>1155</ymax>
		</bndbox>
	</object>
	<object>
		<name>dish</name>
		<bndbox>
			<xmin>841</xmin>
			<ymin>261</ymin>
			<xmax>1877</xmax>
			<ymax>1268</ymax>
		</bndbox>
	</object>
	<object>
		<name>꽃게탕</name>
		<bndbox>
			<xmin>980</xmin>
			<ymin>427</ymin>
			<xmax>1757</xmax>
			<ymax>1177</ymax>
		</bndbox>
	</object>
</annotation>