<annotation>
	<folder>top건더기국류냄비꽃게탕q2</folder>
	<filename>top_건더기국류_냄비_꽃게탕_Q2_00004.JPG</filename>
	<path>/top건더기국류냄비꽃게탕q2/top_건더기국류_냄비_꽃게탕_Q2_00004.JPG</path>
	<source>
		<database>fooddata</database>
	</source>
	<size>
		<width>3008</width>
		<height>2000</height>
		<depth>3</depth>
	</size>
	<object>
		<name>ref_spoon</name>
		<bndbox>
			<xmin>2058</xmin>
			<ymin>544</ymin>
			<xmax>2292</xmax>
			<ymax>898</ymax>
		</bndbox>
	</object>
	<object>
		<name>ref_fork</name>
		<bndbox>
			<xmin>2341</xmin>
			<ymin>585</ymin>
			<xmax>2518</xmax>
			<ymax>989</ymax>
		</bndbox>
	</object>
	<object>
		<name>ref_coin</name>
		<bndbox>
			<xmin>614</xmin>
			<ymin>1531</ymin>
			<xmax>788</xmax>
			<ymax>1705</ymax>
		</bndbox>
	</object>
	<object>
		<name>dish</name>
		<bndbox>
			<xmin>569</xmin>
			<ymin>371</ymin>
			<xmax>1824</xmax>
			<ymax>1592</ymax>
		</bndbox>
	</object>
	<object>
		<name>꽃게탕</name>
		<bndbox>
			<xmin>739</xmin>
			<ymin>555</ymin>
			<xmax>1674</xmax>
			<ymax>1475</ymax>
		</bndbox>
	</object>
</annotation>