<annotation>
	<folder>top건더기국류냄비꽃게탕q2</folder>
	<filename>top_건더기국류_냄비_꽃게탕_Q2_00053.JPG</filename>
	<path>/top건더기국류냄비꽃게탕q2/top_건더기국류_냄비_꽃게탕_Q2_00053.JPG</path>
	<source>
		<database>fooddata</database>
	</source>
	<size>
		<width>3008</width>
		<height>2000</height>
		<depth>3</depth>
	</size>
	<object>
		<name>ref_spoon</name>
		<bndbox>
			<xmin>501</xmin>
			<ymin>276</ymin>
			<xmax>724</xmax>
			<ymax>604</ymax>
		</bndbox>
	</object>
	<object>
		<name>ref_fork</name>
		<bndbox>
			<xmin>777</xmin>
			<ymin>325</ymin>
			<xmax>935</xmax>
			<ymax>668</ymax>
		</bndbox>
	</object>
	<object>
		<name>ref_coin</name>
		<bndbox>
			<xmin>1855</xmin>
			<ymin>1727</ymin>
			<xmax>2017</xmax>
			<ymax>1878</ymax>
		</bndbox>
	</object>
	<object>
		<name>dish</name>
		<bndbox>
			<xmin>1101</xmin>
			<ymin>491</ymin>
			<xmax>2205</xmax>
			<ymax>1592</ymax>
		</bndbox>
	</object>
	<object>
		<name>꽃게탕</name>
		<bndbox>
			<xmin>1248</xmin>
			<ymin>649</ymin>
			<xmax>2088</xmax>
			<ymax>1456</ymax>
		</bndbox>
	</object>
</annotation>