<annotation>
	<folder>top건더기국류냄비꽃게탕q2</folder>
	<filename>top_건더기국류_냄비_꽃게탕_Q2_00001.JPG</filename>
	<path>/top건더기국류냄비꽃게탕q2/top_건더기국류_냄비_꽃게탕_Q2_00001.JPG</path>
	<source>
		<database>fooddata</database>
	</source>
	<size>
		<width>3008</width>
		<height>2000</height>
		<depth>3</depth>
	</size>
	<object>
		<name>ref_spoon</name>
		<bndbox>
			<xmin>2020</xmin>
			<ymin>461</ymin>
			<xmax>2262</xmax>
			<ymax>819</ymax>
		</bndbox>
	</object>
	<object>
		<name>ref_fork</name>
		<bndbox>
			<xmin>2307</xmin>
			<ymin>499</ymin>
			<xmax>2480</xmax>
			<ymax>910</ymax>
		</bndbox>
	</object>
	<object>
		<name>ref_coin</name>
		<bndbox>
			<xmin>1557</xmin>
			<ymin>1520</ymin>
			<xmax>1738</xmax>
			<ymax>1682</ymax>
		</bndbox>
	</object>
	<object>
		<name>dish</name>
		<bndbox>
			<xmin>445</xmin>
			<ymin>250</ymin>
			<xmax>1696</xmax>
			<ymax>1498</ymax>
		</bndbox>
	</object>
	<object>
		<name>꽃게탕</name>
		<bndbox>
			<xmin>633</xmin>
			<ymin>438</ymin>
			<xmax>1561</xmax>
			<ymax>1373</ymax>
		</bndbox>
	</object>
</annotation>