<annotation>
	<folder>top건더기국류냄비꽃게탕q2</folder>
	<filename>top_건더기국류_냄비_꽃게탕_Q2_00046.JPG</filename>
	<path>/top건더기국류냄비꽃게탕q2/top_건더기국류_냄비_꽃게탕_Q2_00046.JPG</path>
	<source>
		<database>fooddata</database>
	</source>
	<size>
		<width>3008</width>
		<height>2000</height>
		<depth>3</depth>
	</size>
	<object>
		<name>ref_spoon</name>
		<bndbox>
			<xmin>418</xmin>
			<ymin>254</ymin>
			<xmax>648</xmax>
			<ymax>582</ymax>
		</bndbox>
	</object>
	<object>
		<name>ref_fork</name>
		<bndbox>
			<xmin>705</xmin>
			<ymin>325</ymin>
			<xmax>878</xmax>
			<ymax>695</ymax>
		</bndbox>
	</object>
	<object>
		<name>ref_coin</name>
		<bndbox>
			<xmin>1086</xmin>
			<ymin>118</ymin>
			<xmax>1236</xmax>
			<ymax>276</ymax>
		</bndbox>
	</object>
	<object>
		<name>dish</name>
		<bndbox>
			<xmin>769</xmin>
			<ymin>551</ymin>
			<xmax>1941</xmax>
			<ymax>1694</ymax>
		</bndbox>
	</object>
	<object>
		<name>꽃게탕</name>
		<bndbox>
			<xmin>920</xmin>
			<ymin>710</ymin>
			<xmax>1790</xmax>
			<ymax>1565</ymax>
		</bndbox>
	</object>
</annotation>