<annotation>
	<folder>top건더기국류냄비꽃게탕q2</folder>
	<filename>top_건더기국류_냄비_꽃게탕_Q2_00045.JPG</filename>
	<path>/top건더기국류냄비꽃게탕q2/top_건더기국류_냄비_꽃게탕_Q2_00045.JPG</path>
	<source>
		<database>fooddata</database>
	</source>
	<size>
		<width>3008</width>
		<height>2000</height>
		<depth>3</depth>
	</size>
	<object>
		<name>ref_spoon</name>
		<bndbox>
			<xmin>531</xmin>
			<ymin>190</ymin>
			<xmax>761</xmax>
			<ymax>536</ymax>
		</bndbox>
	</object>
	<object>
		<name>ref_fork</name>
		<bndbox>
			<xmin>829</xmin>
			<ymin>246</ymin>
			<xmax>995</xmax>
			<ymax>627</ymax>
		</bndbox>
	</object>
	<object>
		<name>ref_coin</name>
		<bndbox>
			<xmin>2231</xmin>
			<ymin>322</ymin>
			<xmax>2397</xmax>
			<ymax>480</ymax>
		</bndbox>
	</object>
	<object>
		<name>dish</name>
		<bndbox>
			<xmin>916</xmin>
			<ymin>476</ymin>
			<xmax>2081</xmax>
			<ymax>1618</ymax>
		</bndbox>
	</object>
	<object>
		<name>꽃게탕</name>
		<bndbox>
			<xmin>1082</xmin>
			<ymin>623</ymin>
			<xmax>1930</xmax>
			<ymax>1486</ymax>
		</bndbox>
	</object>
</annotation>