<annotation>
	<folder>side어육류면적사각배달훈제연어q1</folder>
	<filename>side_어육류면적_사각배달_훈제연어_Q1_00048.JPG</filename>
	<path>/side어육류면적사각배달훈제연어q1/side_어육류면적_사각배달_훈제연어_Q1_00048.JPG</path>
	<source>
		<database>fooddata</database>
	</source>
	<size>
		<width>3008</width>
		<height>2000</height>
		<depth>3</depth>
	</size>
	<object>
		<name>ref_spoon</name>
		<bndbox>
			<xmin>224</xmin>
			<ymin>560</ymin>
			<xmax>549</xmax>
			<ymax>972</ymax>
		</bndbox>
	</object>
	<object>
		<name>ref_fork</name>
		<bndbox>
			<xmin>681</xmin>
			<ymin>520</ymin>
			<xmax>925</xmax>
			<ymax>982</ymax>
		</bndbox>
	</object>
	<object>
		<name>ref_coin</name>
		<bndbox>
			<xmin>579</xmin>
			<ymin>261</ymin>
			<xmax>818</xmax>
			<ymax>428</ymax>
		</bndbox>
	</object>
	<object>
		<name>dish</name>
		<bndbox>
			<xmin>1194</xmin>
			<ymin>317</ymin>
			<xmax>2485</xmax>
			<ymax>1683</ymax>
		</bndbox>
	</object>
	<object>
		<name>훈제연어</name>
		<bndbox>
			<xmin>1321</xmin>
			<ymin>738</ymin>
			<xmax>2205</xmax>
			<ymax>1292</ymax>
		</bndbox>
	</object>
</annotation>