<annotation>
	<folder>side어육류면적사각배달훈제연어q1</folder>
	<filename>side_어육류면적_사각배달_훈제연어_Q1_00007.JPG</filename>
	<path>/side어육류면적사각배달훈제연어q1/side_어육류면적_사각배달_훈제연어_Q1_00007.JPG</path>
	<source>
		<database>fooddata</database>
	</source>
	<size>
		<width>3008</width>
		<height>2000</height>
		<depth>3</depth>
	</size>
	<object>
		<name>ref_spoon</name>
		<bndbox>
			<xmin>2058</xmin>
			<ymin>520</ymin>
			<xmax>2388</xmax>
			<ymax>926</ymax>
		</bndbox>
	</object>
	<object>
		<name>ref_fork</name>
		<bndbox>
			<xmin>2439</xmin>
			<ymin>530</ymin>
			<xmax>2688</xmax>
			<ymax>982</ymax>
		</bndbox>
	</object>
	<object>
		<name>ref_coin</name>
		<bndbox>
			<xmin>518</xmin>
			<ymin>322</ymin>
			<xmax>757</xmax>
			<ymax>489</ymax>
		</bndbox>
	</object>
	<object>
		<name>dish</name>
		<bndbox>
			<xmin>213</xmin>
			<ymin>418</ymin>
			<xmax>1921</xmax>
			<ymax>1861</ymax>
		</bndbox>
	</object>
	<object>
		<name>훈제연어</name>
		<bndbox>
			<xmin>798</xmin>
			<ymin>1003</ymin>
			<xmax>1677</xmax>
			<ymax>1587</ymax>
		</bndbox>
	</object>
</annotation>