<annotation>
	<folder>side어육류면적사각배달훈제연어q1</folder>
	<filename>side_어육류면적_사각배달_훈제연어_Q1_00037.JPG</filename>
	<path>/side어육류면적사각배달훈제연어q1/side_어육류면적_사각배달_훈제연어_Q1_00037.JPG</path>
	<source>
		<database>fooddata</database>
	</source>
	<size>
		<width>3008</width>
		<height>2000</height>
		<depth>3</depth>
	</size>
	<object>
		<name>ref_spoon</name>
		<bndbox>
			<xmin>76</xmin>
			<ymin>545</ymin>
			<xmax>386</xmax>
			<ymax>921</ymax>
		</bndbox>
	</object>
	<object>
		<name>ref_fork</name>
		<bndbox>
			<xmin>508</xmin>
			<ymin>520</ymin>
			<xmax>747</xmax>
			<ymax>952</ymax>
		</bndbox>
	</object>
	<object>
		<name>ref_coin</name>
		<bndbox>
			<xmin>2541</xmin>
			<ymin>1155</ymin>
			<xmax>2784</xmax>
			<ymax>1333</ymax>
		</bndbox>
	</object>
	<object>
		<name>dish</name>
		<bndbox>
			<xmin>833</xmin>
			<ymin>408</ymin>
			<xmax>2419</xmax>
			<ymax>1358</ymax>
		</bndbox>
	</object>
	<object>
		<name>훈제연어</name>
		<bndbox>
			<xmin>1514</xmin>
			<ymin>708</ymin>
			<xmax>2124</xmax>
			<ymax>1130</ymax>
		</bndbox>
	</object>
</annotation>