<annotation>
	<folder>side어육류면적사각배달훈제연어q1</folder>
	<filename>side_어육류면적_사각배달_훈제연어_Q1_00021.JPG</filename>
	<path>/side어육류면적사각배달훈제연어q1/side_어육류면적_사각배달_훈제연어_Q1_00021.JPG</path>
	<source>
		<database>fooddata</database>
	</source>
	<size>
		<width>3008</width>
		<height>2000</height>
		<depth>3</depth>
	</size>
	<object>
		<name>ref_spoon</name>
		<bndbox>
			<xmin>508</xmin>
			<ymin>1567</ymin>
			<xmax>1011</xmax>
			<ymax>1871</ymax>
		</bndbox>
	</object>
	<object>
		<name>ref_fork</name>
		<bndbox>
			<xmin>579</xmin>
			<ymin>1302</ymin>
			<xmax>1138</xmax>
			<ymax>1587</ymax>
		</bndbox>
	</object>
	<object>
		<name>ref_coin</name>
		<bndbox>
			<xmin>2281</xmin>
			<ymin>393</ymin>
			<xmax>2500</xmax>
			<ymax>550</ymax>
		</bndbox>
	</object>
	<object>
		<name>dish</name>
		<bndbox>
			<xmin>920</xmin>
			<ymin>63</ymin>
			<xmax>2226</xmax>
			<ymax>1272</ymax>
		</bndbox>
	</object>
	<object>
		<name>훈제연어</name>
		<bndbox>
			<xmin>1311</xmin>
			<ymin>642</ymin>
			<xmax>1987</xmax>
			<ymax>1033</ymax>
		</bndbox>
	</object>
</annotation>