<annotation>
	<folder>side어육류면적사각배달훈제연어q1</folder>
	<filename>side_어육류면적_사각배달_훈제연어_Q1_00045.JPG</filename>
	<path>/side어육류면적사각배달훈제연어q1/side_어육류면적_사각배달_훈제연어_Q1_00045.JPG</path>
	<source>
		<database>fooddata</database>
	</source>
	<size>
		<width>3008</width>
		<height>2000</height>
		<depth>3</depth>
	</size>
	<object>
		<name>ref_spoon</name>
		<bndbox>
			<xmin>183</xmin>
			<ymin>652</ymin>
			<xmax>518</xmax>
			<ymax>1069</ymax>
		</bndbox>
	</object>
	<object>
		<name>ref_fork</name>
		<bndbox>
			<xmin>661</xmin>
			<ymin>606</ymin>
			<xmax>915</xmax>
			<ymax>1069</ymax>
		</bndbox>
	</object>
	<object>
		<name>ref_coin</name>
		<bndbox>
			<xmin>1072</xmin>
			<ymin>169</ymin>
			<xmax>1291</xmax>
			<ymax>332</ymax>
		</bndbox>
	</object>
	<object>
		<name>dish</name>
		<bndbox>
			<xmin>945</xmin>
			<ymin>520</ymin>
			<xmax>2662</xmax>
			<ymax>1577</ymax>
		</bndbox>
	</object>
	<object>
		<name>훈제연어</name>
		<bndbox>
			<xmin>1179</xmin>
			<ymin>1003</ymin>
			<xmax>1875</xmax>
			<ymax>1312</ymax>
		</bndbox>
	</object>
</annotation>