<annotation>
	<folder>side어육류면적사각배달훈제연어q1</folder>
	<filename>side_어육류면적_사각배달_훈제연어_Q1_00015.JPG</filename>
	<path>/side어육류면적사각배달훈제연어q1/side_어육류면적_사각배달_훈제연어_Q1_00015.JPG</path>
	<source>
		<database>fooddata</database>
	</source>
	<size>
		<width>3008</width>
		<height>2000</height>
		<depth>3</depth>
	</size>
	<object>
		<name>ref_spoon</name>
		<bndbox>
			<xmin>2149</xmin>
			<ymin>367</ymin>
			<xmax>2469</xmax>
			<ymax>774</ymax>
		</bndbox>
	</object>
	<object>
		<name>ref_fork</name>
		<bndbox>
			<xmin>2515</xmin>
			<ymin>393</ymin>
			<xmax>2754</xmax>
			<ymax>840</ymax>
		</bndbox>
	</object>
	<object>
		<name>ref_coin</name>
		<bndbox>
			<xmin>1209</xmin>
			<ymin>1744</ymin>
			<xmax>1489</xmax>
			<ymax>1963</ymax>
		</bndbox>
	</object>
	<object>
		<name>dish</name>
		<bndbox>
			<xmin>701</xmin>
			<ymin>129</ymin>
			<xmax>2139</xmax>
			<ymax>1485</ymax>
		</bndbox>
	</object>
	<object>
		<name>훈제연어</name>
		<bndbox>
			<xmin>833</xmin>
			<ymin>591</ymin>
			<xmax>1621</xmax>
			<ymax>1216</ymax>
		</bndbox>
	</object>
</annotation>