<annotation>
	<folder>side어육류면적사각배달훈제연어q1</folder>
	<filename>side_어육류면적_사각배달_훈제연어_Q1_00030.JPG</filename>
	<path>/side어육류면적사각배달훈제연어q1/side_어육류면적_사각배달_훈제연어_Q1_00030.JPG</path>
	<source>
		<database>fooddata</database>
	</source>
	<size>
		<width>3008</width>
		<height>2000</height>
		<depth>3</depth>
	</size>
	<object>
		<name>ref_spoon</name>
		<bndbox>
			<xmin>584</xmin>
			<ymin>1597</ymin>
			<xmax>1047</xmax>
			<ymax>1902</ymax>
		</bndbox>
	</object>
	<object>
		<name>ref_fork</name>
		<bndbox>
			<xmin>635</xmin>
			<ymin>1358</ymin>
			<xmax>1158</xmax>
			<ymax>1628</ymax>
		</bndbox>
	</object>
	<object>
		<name>ref_coin</name>
		<bndbox>
			<xmin>1214</xmin>
			<ymin>1252</ymin>
			<xmax>1438</xmax>
			<ymax>1419</ymax>
		</bndbox>
	</object>
	<object>
		<name>dish</name>
		<bndbox>
			<xmin>859</xmin>
			<ymin>17</ymin>
			<xmax>2012</xmax>
			<ymax>1104</ymax>
		</bndbox>
	</object>
	<object>
		<name>훈제연어</name>
		<bndbox>
			<xmin>1077</xmin>
			<ymin>362</ymin>
			<xmax>1722</xmax>
			<ymax>825</ymax>
		</bndbox>
	</object>
</annotation>