<annotation>
	<folder>side어육류면적사각배달훈제연어q1</folder>
	<filename>side_어육류면적_사각배달_훈제연어_Q1_00049.JPG</filename>
	<path>/side어육류면적사각배달훈제연어q1/side_어육류면적_사각배달_훈제연어_Q1_00049.JPG</path>
	<source>
		<database>fooddata</database>
	</source>
	<size>
		<width>3008</width>
		<height>2000</height>
		<depth>3</depth>
	</size>
	<object>
		<name>ref_spoon</name>
		<bndbox>
			<xmin>112</xmin>
			<ymin>545</ymin>
			<xmax>437</xmax>
			<ymax>967</ymax>
		</bndbox>
	</object>
	<object>
		<name>ref_fork</name>
		<bndbox>
			<xmin>584</xmin>
			<ymin>500</ymin>
			<xmax>833</xmax>
			<ymax>972</ymax>
		</bndbox>
	</object>
	<object>
		<name>ref_coin</name>
		<bndbox>
			<xmin>1230</xmin>
			<ymin>1704</ymin>
			<xmax>1494</xmax>
			<ymax>1917</ymax>
		</bndbox>
	</object>
	<object>
		<name>dish</name>
		<bndbox>
			<xmin>1016</xmin>
			<ymin>103</ymin>
			<xmax>2312</xmax>
			<ymax>1404</ymax>
		</bndbox>
	</object>
	<object>
		<name>훈제연어</name>
		<bndbox>
			<xmin>1169</xmin>
			<ymin>505</ymin>
			<xmax>2002</xmax>
			<ymax>1145</ymax>
		</bndbox>
	</object>
</annotation>