<annotation>
	<folder>side어육류면적사각배달훈제연어q1</folder>
	<filename>side_어육류면적_사각배달_훈제연어_Q1_00042.JPG</filename>
	<path>/side어육류면적사각배달훈제연어q1/side_어육류면적_사각배달_훈제연어_Q1_00042.JPG</path>
	<source>
		<database>fooddata</database>
	</source>
	<size>
		<width>3008</width>
		<height>2000</height>
		<depth>3</depth>
	</size>
	<object>
		<name>ref_spoon</name>
		<bndbox>
			<xmin>249</xmin>
			<ymin>545</ymin>
			<xmax>579</xmax>
			<ymax>967</ymax>
		</bndbox>
	</object>
	<object>
		<name>ref_fork</name>
		<bndbox>
			<xmin>696</xmin>
			<ymin>494</ymin>
			<xmax>965</xmax>
			<ymax>977</ymax>
		</bndbox>
	</object>
	<object>
		<name>ref_coin</name>
		<bndbox>
			<xmin>2302</xmin>
			<ymin>306</ymin>
			<xmax>2541</xmax>
			<ymax>479</ymax>
		</bndbox>
	</object>
	<object>
		<name>dish</name>
		<bndbox>
			<xmin>1062</xmin>
			<ymin>276</ymin>
			<xmax>2363</xmax>
			<ymax>1638</ymax>
		</bndbox>
	</object>
	<object>
		<name>훈제연어</name>
		<bndbox>
			<xmin>1372</xmin>
			<ymin>865</ymin>
			<xmax>2165</xmax>
			<ymax>1389</ymax>
		</bndbox>
	</object>
</annotation>