<annotation>
	<folder>side어육류면적사각배달훈제연어q1</folder>
	<filename>side_어육류면적_사각배달_훈제연어_Q1_00043.JPG</filename>
	<path>/side어육류면적사각배달훈제연어q1/side_어육류면적_사각배달_훈제연어_Q1_00043.JPG</path>
	<source>
		<database>fooddata</database>
	</source>
	<size>
		<width>3008</width>
		<height>2000</height>
		<depth>3</depth>
	</size>
	<object>
		<name>ref_spoon</name>
		<bndbox>
			<xmin>198</xmin>
			<ymin>586</ymin>
			<xmax>528</xmax>
			<ymax>992</ymax>
		</bndbox>
	</object>
	<object>
		<name>ref_fork</name>
		<bndbox>
			<xmin>671</xmin>
			<ymin>540</ymin>
			<xmax>910</xmax>
			<ymax>997</ymax>
		</bndbox>
	</object>
	<object>
		<name>ref_coin</name>
		<bndbox>
			<xmin>2119</xmin>
			<ymin>169</ymin>
			<xmax>2347</xmax>
			<ymax>322</ymax>
		</bndbox>
	</object>
	<object>
		<name>dish</name>
		<bndbox>
			<xmin>1011</xmin>
			<ymin>306</ymin>
			<xmax>2317</xmax>
			<ymax>1673</ymax>
		</bndbox>
	</object>
	<object>
		<name>훈제연어</name>
		<bndbox>
			<xmin>1352</xmin>
			<ymin>1048</ymin>
			<xmax>2119</xmax>
			<ymax>1424</ymax>
		</bndbox>
	</object>
</annotation>