<annotation>
	<folder>top어육류면적사각배달훈제연어q1</folder>
	<filename>top_어육류면적_사각배달_훈제연어_Q1_00045.JPG</filename>
	<path>/top어육류면적사각배달훈제연어q1/top_어육류면적_사각배달_훈제연어_Q1_00045.JPG</path>
	<source>
		<database>fooddata</database>
	</source>
	<size>
		<width>3008</width>
		<height>2000</height>
		<depth>3</depth>
	</size>
	<object>
		<name>ref_spoon</name>
		<bndbox>
			<xmin>639</xmin>
			<ymin>485</ymin>
			<xmax>901</xmax>
			<ymax>854</ymax>
		</bndbox>
	</object>
	<object>
		<name>ref_fork</name>
		<bndbox>
			<xmin>941</xmin>
			<ymin>561</ymin>
			<xmax>1118</xmax>
			<ymax>973</ymax>
		</bndbox>
	</object>
	<object>
		<name>ref_coin</name>
		<bndbox>
			<xmin>865</xmin>
			<ymin>46</ymin>
			<xmax>1038</xmax>
			<ymax>215</ymax>
		</bndbox>
	</object>
	<object>
		<name>dish</name>
		<bndbox>
			<xmin>1256</xmin>
			<ymin>627</ymin>
			<xmax>2178</xmax>
			<ymax>1896</ymax>
		</bndbox>
	</object>
	<object>
		<name>훈제연어</name>
		<bndbox>
			<xmin>1371</xmin>
			<ymin>1183</ymin>
			<xmax>2019</xmax>
			<ymax>1665</ymax>
		</bndbox>
	</object>
</annotation>