<annotation>
	<folder>top어육류면적사각배달훈제연어q1</folder>
	<filename>top_어육류면적_사각배달_훈제연어_Q1_00026.JPG</filename>
	<path>/top어육류면적사각배달훈제연어q1/top_어육류면적_사각배달_훈제연어_Q1_00026.JPG</path>
	<source>
		<database>fooddata</database>
	</source>
	<size>
		<width>3008</width>
		<height>2000</height>
		<depth>3</depth>
	</size>
	<object>
		<name>ref_spoon</name>
		<bndbox>
			<xmin>608</xmin>
			<ymin>1683</ymin>
			<xmax>972</xmax>
			<ymax>1936</ymax>
		</bndbox>
	</object>
	<object>
		<name>ref_fork</name>
		<bndbox>
			<xmin>745</xmin>
			<ymin>1479</ymin>
			<xmax>1145</xmax>
			<ymax>1643</ymax>
		</bndbox>
	</object>
	<object>
		<name>ref_coin</name>
		<bndbox>
			<xmin>1074</xmin>
			<ymin>46</ymin>
			<xmax>1247</xmax>
			<ymax>210</ymax>
		</bndbox>
	</object>
	<object>
		<name>dish</name>
		<bndbox>
			<xmin>794</xmin>
			<ymin>496</ymin>
			<xmax>1983</xmax>
			<ymax>1336</ymax>
		</bndbox>
	</object>
	<object>
		<name>훈제연어</name>
		<bndbox>
			<xmin>1065</xmin>
			<ymin>632</ymin>
			<xmax>1645</xmax>
			<ymax>1250</ymax>
		</bndbox>
	</object>
</annotation>