<annotation>
	<folder>top어육류면적사각배달훈제연어q1</folder>
	<filename>top_어육류면적_사각배달_훈제연어_Q1_00014.JPG</filename>
	<path>/top어육류면적사각배달훈제연어q1/top_어육류면적_사각배달_훈제연어_Q1_00014.JPG</path>
	<source>
		<database>fooddata</database>
	</source>
	<size>
		<width>3008</width>
		<height>2000</height>
		<depth>3</depth>
	</size>
	<object>
		<name>ref_spoon</name>
		<bndbox>
			<xmin>1837</xmin>
			<ymin>383</ymin>
			<xmax>2125</xmax>
			<ymax>814</ymax>
		</bndbox>
	</object>
	<object>
		<name>ref_fork</name>
		<bndbox>
			<xmin>2196</xmin>
			<ymin>485</ymin>
			<xmax>2405</xmax>
			<ymax>956</ymax>
		</bndbox>
	</object>
	<object>
		<name>ref_coin</name>
		<bndbox>
			<xmin>2476</xmin>
			<ymin>725</ymin>
			<xmax>2684</xmax>
			<ymax>938</ymax>
		</bndbox>
	</object>
	<object>
		<name>dish</name>
		<bndbox>
			<xmin>368</xmin>
			<ymin>193</ymin>
			<xmax>1633</xmax>
			<ymax>1745</ymax>
		</bndbox>
	</object>
	<object>
		<name>훈제연어</name>
		<bndbox>
			<xmin>568</xmin>
			<ymin>521</ymin>
			<xmax>1327</xmax>
			<ymax>1337</ymax>
		</bndbox>
	</object>
</annotation>