<annotation>
	<folder>top어육류면적사각배달훈제연어q1</folder>
	<filename>top_어육류면적_사각배달_훈제연어_Q1_00027.JPG</filename>
	<path>/top어육류면적사각배달훈제연어q1/top_어육류면적_사각배달_훈제연어_Q1_00027.JPG</path>
	<source>
		<database>fooddata</database>
	</source>
	<size>
		<width>3008</width>
		<height>2000</height>
		<depth>3</depth>
	</size>
	<object>
		<name>ref_spoon</name>
		<bndbox>
			<xmin>595</xmin>
			<ymin>1674</ymin>
			<xmax>967</xmax>
			<ymax>1936</ymax>
		</bndbox>
	</object>
	<object>
		<name>ref_fork</name>
		<bndbox>
			<xmin>736</xmin>
			<ymin>1466</ymin>
			<xmax>1122</xmax>
			<ymax>1643</ymax>
		</bndbox>
	</object>
	<object>
		<name>ref_coin</name>
		<bndbox>
			<xmin>1229</xmin>
			<ymin>42</ymin>
			<xmax>1402</xmax>
			<ymax>210</ymax>
		</bndbox>
	</object>
	<object>
		<name>dish</name>
		<bndbox>
			<xmin>762</xmin>
			<ymin>371</ymin>
			<xmax>2022</xmax>
			<ymax>1440</ymax>
		</bndbox>
	</object>
	<object>
		<name>훈제연어</name>
		<bndbox>
			<xmin>1032</xmin>
			<ymin>552</ymin>
			<xmax>1671</xmax>
			<ymax>1284</ymax>
		</bndbox>
	</object>
</annotation>