<annotation>
	<folder>top어육류면적사각배달훈제연어q1</folder>
	<filename>top_어육류면적_사각배달_훈제연어_Q1_00053.JPG</filename>
	<path>/top어육류면적사각배달훈제연어q1/top_어육류면적_사각배달_훈제연어_Q1_00053.JPG</path>
	<source>
		<database>fooddata</database>
	</source>
	<size>
		<width>3008</width>
		<height>2000</height>
		<depth>3</depth>
	</size>
	<object>
		<name>ref_spoon</name>
		<bndbox>
			<xmin>257</xmin>
			<ymin>201</ymin>
			<xmax>563</xmax>
			<ymax>667</ymax>
		</bndbox>
	</object>
	<object>
		<name>ref_fork</name>
		<bndbox>
			<xmin>639</xmin>
			<ymin>295</ymin>
			<xmax>843</xmax>
			<ymax>791</ymax>
		</bndbox>
	</object>
	<object>
		<name>ref_coin</name>
		<bndbox>
			<xmin>2254</xmin>
			<ymin>809</ymin>
			<xmax>2471</xmax>
			<ymax>1027</ymax>
		</bndbox>
	</object>
	<object>
		<name>dish</name>
		<bndbox>
			<xmin>1065</xmin>
			<ymin>268</ymin>
			<xmax>2196</xmax>
			<ymax>1790</ymax>
		</bndbox>
	</object>
	<object>
		<name>훈제연어</name>
		<bndbox>
			<xmin>1198</xmin>
			<ymin>907</ymin>
			<xmax>1990</xmax>
			<ymax>1661</ymax>
		</bndbox>
	</object>
</annotation>