<annotation>
	<folder>side비빔면류냉면기쫄면q3</folder>
	<filename>side_비빔면류_냉면기_쫄면_Q3_00015.JPG</filename>
	<path>/side비빔면류냉면기쫄면q3/side_비빔면류_냉면기_쫄면_Q3_00015.JPG</path>
	<source>
		<database>fooddata</database>
	</source>
	<size>
		<width>3008</width>
		<height>2000</height>
		<depth>3</depth>
	</size>
	<object>
		<name>ref_spoon</name>
		<bndbox>
			<xmin>2199</xmin>
			<ymin>828</ymin>
			<xmax>2444</xmax>
			<ymax>1112</ymax>
		</bndbox>
	</object>
	<object>
		<name>ref_fork</name>
		<bndbox>
			<xmin>2554</xmin>
			<ymin>895</ymin>
			<xmax>2735</xmax>
			<ymax>1225</ymax>
		</bndbox>
	</object>
	<object>
		<name>ref_coin</name>
		<bndbox>
			<xmin>2355</xmin>
			<ymin>732</ymin>
			<xmax>2533</xmax>
			<ymax>846</ymax>
		</bndbox>
	</object>
	<object>
		<name>dish</name>
		<bndbox>
			<xmin>550</xmin>
			<ymin>594</ymin>
			<xmax>1894</xmax>
			<ymax>1591</ymax>
		</bndbox>
	</object>
	<object>
		<name>쫄면</name>
		<bndbox>
			<xmin>766</xmin>
			<ymin>984</ymin>
			<xmax>1692</xmax>
			<ymax>1403</ymax>
		</bndbox>
	</object>
</annotation>