<annotation>
	<folder>side비빔면류냉면기쫄면q3</folder>
	<filename>side_비빔면류_냉면기_쫄면_Q3_00010.JPG</filename>
	<path>/side비빔면류냉면기쫄면q3/side_비빔면류_냉면기_쫄면_Q3_00010.JPG</path>
	<source>
		<database>fooddata</database>
	</source>
	<size>
		<width>3008</width>
		<height>2000</height>
		<depth>3</depth>
	</size>
	<object>
		<name>ref_spoon</name>
		<bndbox>
			<xmin>2313</xmin>
			<ymin>846</ymin>
			<xmax>2554</xmax>
			<ymax>1137</ymax>
		</bndbox>
	</object>
	<object>
		<name>ref_fork</name>
		<bndbox>
			<xmin>2660</xmin>
			<ymin>927</ymin>
			<xmax>2855</xmax>
			<ymax>1268</ymax>
		</bndbox>
	</object>
	<object>
		<name>ref_coin</name>
		<bndbox>
			<xmin>1394</xmin>
			<ymin>484</ymin>
			<xmax>1582</xmax>
			<ymax>597</ymax>
		</bndbox>
	</object>
	<object>
		<name>dish</name>
		<bndbox>
			<xmin>688</xmin>
			<ymin>647</ymin>
			<xmax>2050</xmax>
			<ymax>1612</ymax>
		</bndbox>
	</object>
	<object>
		<name>쫄면</name>
		<bndbox>
			<xmin>866</xmin>
			<ymin>913</ymin>
			<xmax>1802</xmax>
			<ymax>1424</ymax>
		</bndbox>
	</object>
</annotation>