<annotation>
	<folder>side비빔면류냉면기쫄면q3</folder>
	<filename>side_비빔면류_냉면기_쫄면_Q3_00020.JPG</filename>
	<path>/side비빔면류냉면기쫄면q3/side_비빔면류_냉면기_쫄면_Q3_00020.JPG</path>
	<source>
		<database>fooddata</database>
	</source>
	<size>
		<width>3008</width>
		<height>2000</height>
		<depth>3</depth>
	</size>
	<object>
		<name>ref_spoon</name>
		<bndbox>
			<xmin>596</xmin>
			<ymin>1559</ymin>
			<xmax>1022</xmax>
			<ymax>1786</ymax>
		</bndbox>
	</object>
	<object>
		<name>ref_fork</name>
		<bndbox>
			<xmin>638</xmin>
			<ymin>1367</ymin>
			<xmax>1078</xmax>
			<ymax>1569</ymax>
		</bndbox>
	</object>
	<object>
		<name>ref_coin</name>
		<bndbox>
			<xmin>2178</xmin>
			<ymin>1190</ymin>
			<xmax>2370</xmax>
			<ymax>1335</ymax>
		</bndbox>
	</object>
	<object>
		<name>dish</name>
		<bndbox>
			<xmin>674</xmin>
			<ymin>246</ymin>
			<xmax>2033</xmax>
			<ymax>1222</ymax>
		</bndbox>
	</object>
	<object>
		<name>쫄면</name>
		<bndbox>
			<xmin>926</xmin>
			<ymin>502</ymin>
			<xmax>1774</xmax>
			<ymax>1012</ymax>
		</bndbox>
	</object>
</annotation>