<annotation>
	<folder>side비빔면류냉면기쫄면q3</folder>
	<filename>side_비빔면류_냉면기_쫄면_Q3_00030.JPG</filename>
	<path>/side비빔면류냉면기쫄면q3/side_비빔면류_냉면기_쫄면_Q3_00030.JPG</path>
	<source>
		<database>fooddata</database>
	</source>
	<size>
		<width>3008</width>
		<height>2000</height>
		<depth>3</depth>
	</size>
	<object>
		<name>ref_spoon</name>
		<bndbox>
			<xmin>674</xmin>
			<ymin>1534</ymin>
			<xmax>1121</xmax>
			<ymax>1754</ymax>
		</bndbox>
	</object>
	<object>
		<name>ref_fork</name>
		<bndbox>
			<xmin>717</xmin>
			<ymin>1339</ymin>
			<xmax>1202</xmax>
			<ymax>1552</ymax>
		</bndbox>
	</object>
	<object>
		<name>ref_coin</name>
		<bndbox>
			<xmin>1128</xmin>
			<ymin>119</ymin>
			<xmax>1305</xmax>
			<ymax>228</ymax>
		</bndbox>
	</object>
	<object>
		<name>dish</name>
		<bndbox>
			<xmin>638</xmin>
			<ymin>211</ymin>
			<xmax>1986</xmax>
			<ymax>1186</ymax>
		</bndbox>
	</object>
	<object>
		<name>쫄면</name>
		<bndbox>
			<xmin>837</xmin>
			<ymin>463</ymin>
			<xmax>1777</xmax>
			<ymax>984</ymax>
		</bndbox>
	</object>
</annotation>