<annotation>
	<folder>side비빔면류냉면기쫄면q3</folder>
	<filename>side_비빔면류_냉면기_쫄면_Q3_00014.JPG</filename>
	<path>/side비빔면류냉면기쫄면q3/side_비빔면류_냉면기_쫄면_Q3_00014.JPG</path>
	<source>
		<database>fooddata</database>
	</source>
	<size>
		<width>3008</width>
		<height>2000</height>
		<depth>3</depth>
	</size>
	<object>
		<name>ref_spoon</name>
		<bndbox>
			<xmin>2213</xmin>
			<ymin>839</ymin>
			<xmax>2451</xmax>
			<ymax>1126</ymax>
		</bndbox>
	</object>
	<object>
		<name>ref_fork</name>
		<bndbox>
			<xmin>2558</xmin>
			<ymin>910</ymin>
			<xmax>2753</xmax>
			<ymax>1243</ymax>
		</bndbox>
	</object>
	<object>
		<name>ref_coin</name>
		<bndbox>
			<xmin>2213</xmin>
			<ymin>697</ymin>
			<xmax>2384</xmax>
			<ymax>824</ymax>
		</bndbox>
	</object>
	<object>
		<name>dish</name>
		<bndbox>
			<xmin>546</xmin>
			<ymin>597</ymin>
			<xmax>1884</xmax>
			<ymax>1566</ymax>
		</bndbox>
	</object>
	<object>
		<name>쫄면</name>
		<bndbox>
			<xmin>802</xmin>
			<ymin>899</ymin>
			<xmax>1685</xmax>
			<ymax>1371</ymax>
		</bndbox>
	</object>
</annotation>