<annotation>
	<folder>side비빔면류냉면기쫄면q3</folder>
	<filename>side_비빔면류_냉면기_쫄면_Q3_00019.JPG</filename>
	<path>/side비빔면류냉면기쫄면q3/side_비빔면류_냉면기_쫄면_Q3_00019.JPG</path>
	<source>
		<database>fooddata</database>
	</source>
	<size>
		<width>3008</width>
		<height>2000</height>
		<depth>3</depth>
	</size>
	<object>
		<name>ref_spoon</name>
		<bndbox>
			<xmin>560</xmin>
			<ymin>1537</ymin>
			<xmax>993</xmax>
			<ymax>1754</ymax>
		</bndbox>
	</object>
	<object>
		<name>ref_fork</name>
		<bndbox>
			<xmin>596</xmin>
			<ymin>1325</ymin>
			<xmax>1075</xmax>
			<ymax>1537</ymax>
		</bndbox>
	</object>
	<object>
		<name>ref_coin</name>
		<bndbox>
			<xmin>2082</xmin>
			<ymin>1367</ymin>
			<xmax>2284</xmax>
			<ymax>1530</ymax>
		</bndbox>
	</object>
	<object>
		<name>dish</name>
		<bndbox>
			<xmin>681</xmin>
			<ymin>204</ymin>
			<xmax>2022</xmax>
			<ymax>1186</ymax>
		</bndbox>
	</object>
	<object>
		<name>쫄면</name>
		<bndbox>
			<xmin>912</xmin>
			<ymin>456</ymin>
			<xmax>1745</xmax>
			<ymax>973</ymax>
		</bndbox>
	</object>
</annotation>