<annotation>
	<folder>my-project-name</folder>
	<filename>top_비빔면류_냉면기_쫄면_Q3_00015.JPG</filename>
	<path>/top비빔면류냉면기쫄면q3/top_비빔면류_냉면기_쫄면_Q3_00015.JPG</path>
	<source>
		<database>fooddata</database>
	</source>
	<size>
		<width>3008</width>
		<height>2000</height>
		<depth>3</depth>
	</size>
	<object>
		<name>ref_spoon</name>
		<bndbox>
			<xmin>2155</xmin>
			<ymin>395</ymin>
			<xmax>2416</xmax>
			<ymax>773</ymax>
		</bndbox>
	</object>
	<object>
		<name>ref_fork</name>
		<bndbox>
			<xmin>2543</xmin>
			<ymin>461</ymin>
			<xmax>2717</xmax>
			<ymax>900</ymax>
		</bndbox>
	</object>
	<object>
		<name>ref_coin</name>
		<bndbox>
			<xmin>1512</xmin>
			<ymin>1493</ymin>
			<xmax>1680</xmax>
			<ymax>1656</ymax>
		</bndbox>
	</object>
	<object>
		<name>dish</name>
		<bndbox>
			<xmin>424</xmin>
			<ymin>78</ymin>
			<xmax>1844</xmax>
			<ymax>1457</ymax>
		</bndbox>
	</object>
	<object>
		<name>쫄면</name>
		<bndbox>
			<xmin>715</xmin>
			<ymin>293</ymin>
			<xmax>1660</xmax>
			<ymax>1243</ymax>
		</bndbox>
	</object>
</annotation>