<annotation>
	<folder>my-project-name</folder>
	<filename>top_비빔면류_냉면기_쫄면_Q3_00055.JPG</filename>
	<path>/top비빔면류냉면기쫄면q3/top_비빔면류_냉면기_쫄면_Q3_00055.JPG</path>
	<source>
		<database>fooddata</database>
	</source>
	<size>
		<width>3008</width>
		<height>2000</height>
		<depth>3</depth>
	</size>
	<object>
		<name>ref_spoon</name>
		<bndbox>
			<xmin>552</xmin>
			<ymin>354</ymin>
			<xmax>751</xmax>
			<ymax>686</ymax>
		</bndbox>
	</object>
	<object>
		<name>ref_fork</name>
		<bndbox>
			<xmin>843</xmin>
			<ymin>400</ymin>
			<xmax>981</xmax>
			<ymax>783</ymax>
		</bndbox>
	</object>
	<object>
		<name>ref_coin</name>
		<bndbox>
			<xmin>1394</xmin>
			<ymin>1666</ymin>
			<xmax>1547</xmax>
			<ymax>1825</ymax>
		</bndbox>
	</object>
	<object>
		<name>dish</name>
		<bndbox>
			<xmin>1067</xmin>
			<ymin>272</ymin>
			<xmax>2375</xmax>
			<ymax>1544</ymax>
		</bndbox>
	</object>
	<object>
		<name>쫄면</name>
		<bndbox>
			<xmin>1338</xmin>
			<ymin>548</ymin>
			<xmax>2130</xmax>
			<ymax>1350</ymax>
		</bndbox>
	</object>
</annotation>