<annotation>
	<folder>my-project-name</folder>
	<filename>top_비빔면류_냉면기_쫄면_Q3_00014.JPG</filename>
	<path>/top비빔면류냉면기쫄면q3/top_비빔면류_냉면기_쫄면_Q3_00014.JPG</path>
	<source>
		<database>fooddata</database>
	</source>
	<size>
		<width>3008</width>
		<height>2000</height>
		<depth>3</depth>
	</size>
	<object>
		<name>ref_spoon</name>
		<bndbox>
			<xmin>2165</xmin>
			<ymin>400</ymin>
			<xmax>2400</xmax>
			<ymax>783</ymax>
		</bndbox>
	</object>
	<object>
		<name>ref_fork</name>
		<bndbox>
			<xmin>2538</xmin>
			<ymin>466</ymin>
			<xmax>2717</xmax>
			<ymax>890</ymax>
		</bndbox>
	</object>
	<object>
		<name>ref_coin</name>
		<bndbox>
			<xmin>1793</xmin>
			<ymin>1314</ymin>
			<xmax>1961</xmax>
			<ymax>1488</ymax>
		</bndbox>
	</object>
	<object>
		<name>dish</name>
		<bndbox>
			<xmin>306</xmin>
			<ymin>185</ymin>
			<xmax>1747</xmax>
			<ymax>1580</ymax>
		</bndbox>
	</object>
	<object>
		<name>쫄면</name>
		<bndbox>
			<xmin>613</xmin>
			<ymin>420</ymin>
			<xmax>1461</xmax>
			<ymax>1360</ymax>
		</bndbox>
	</object>
</annotation>