<annotation>
	<folder>my-project-name</folder>
	<filename>top_비빔면류_냉면기_쫄면_Q3_00025.JPG</filename>
	<path>/top비빔면류냉면기쫄면q3/top_비빔면류_냉면기_쫄면_Q3_00025.JPG</path>
	<source>
		<database>fooddata</database>
	</source>
	<size>
		<width>3008</width>
		<height>2000</height>
		<depth>3</depth>
	</size>
	<object>
		<name>ref_spoon</name>
		<bndbox>
			<xmin>761</xmin>
			<ymin>1666</ymin>
			<xmax>1159</xmax>
			<ymax>1881</ymax>
		</bndbox>
	</object>
	<object>
		<name>ref_fork</name>
		<bndbox>
			<xmin>776</xmin>
			<ymin>1426</ymin>
			<xmax>1134</xmax>
			<ymax>1580</ymax>
		</bndbox>
	</object>
	<object>
		<name>ref_coin</name>
		<bndbox>
			<xmin>2017</xmin>
			<ymin>216</ymin>
			<xmax>2181</xmax>
			<ymax>349</ymax>
		</bndbox>
	</object>
	<object>
		<name>dish</name>
		<bndbox>
			<xmin>730</xmin>
			<ymin>252</ymin>
			<xmax>1987</xmax>
			<ymax>1472</ymax>
		</bndbox>
	</object>
	<object>
		<name>쫄면</name>
		<bndbox>
			<xmin>1026</xmin>
			<ymin>492</ymin>
			<xmax>1787</xmax>
			<ymax>1309</ymax>
		</bndbox>
	</object>
</annotation>