<annotation>
	<folder>side반찬부피접시시금치나물q4</folder>
	<filename>side_반찬부피_접시_시금치나물_Q4_00006.JPG</filename>
	<path>/side반찬부피접시시금치나물q4/side_반찬부피_접시_시금치나물_Q4_00006.JPG</path>
	<source>
		<database>fooddata</database>
	</source>
	<size>
		<width>3008</width>
		<height>2000</height>
		<depth>3</depth>
	</size>
	<object>
		<name>ref_spoon</name>
		<bndbox>
			<xmin>1612</xmin>
			<ymin>175</ymin>
			<xmax>1923</xmax>
			<ymax>593</ymax>
		</bndbox>
	</object>
	<object>
		<name>ref_fork</name>
		<bndbox>
			<xmin>2075</xmin>
			<ymin>253</ymin>
			<xmax>2308</xmax>
			<ymax>720</ymax>
		</bndbox>
	</object>
	<object>
		<name>ref_coin</name>
		<bndbox>
			<xmin>909</xmin>
			<ymin>1559</ymin>
			<xmax>1170</xmax>
			<ymax>1776</ymax>
		</bndbox>
	</object>
	<object>
		<name>dish</name>
		<bndbox>
			<xmin>246</xmin>
			<ymin>376</ymin>
			<xmax>1604</xmax>
			<ymax>1342</ymax>
		</bndbox>
	</object>
	<object>
		<name>시금치나물</name>
		<bndbox>
			<xmin>438</xmin>
			<ymin>531</ymin>
			<xmax>1351</xmax>
			<ymax>1194</ymax>
		</bndbox>
	</object>
</annotation>