<annotation>
	<folder>side반찬부피접시시금치나물q4</folder>
	<filename>side_반찬부피_접시_시금치나물_Q4_00045.JPG</filename>
	<path>/side반찬부피접시시금치나물q4/side_반찬부피_접시_시금치나물_Q4_00045.JPG</path>
	<source>
		<database>fooddata</database>
	</source>
	<size>
		<width>3008</width>
		<height>2000</height>
		<depth>3</depth>
	</size>
	<object>
		<name>ref_spoon</name>
		<bndbox>
			<xmin>209</xmin>
			<ymin>421</ymin>
			<xmax>524</xmax>
			<ymax>818</ymax>
		</bndbox>
	</object>
	<object>
		<name>ref_fork</name>
		<bndbox>
			<xmin>688</xmin>
			<ymin>396</ymin>
			<xmax>892</xmax>
			<ymax>838</ymax>
		</bndbox>
	</object>
	<object>
		<name>ref_coin</name>
		<bndbox>
			<xmin>2533</xmin>
			<ymin>662</ymin>
			<xmax>2758</xmax>
			<ymax>834</ymax>
		</bndbox>
	</object>
	<object>
		<name>dish</name>
		<bndbox>
			<xmin>1076</xmin>
			<ymin>445</ymin>
			<xmax>2398</xmax>
			<ymax>1346</ymax>
		</bndbox>
	</object>
	<object>
		<name>시금치나물</name>
		<bndbox>
			<xmin>1318</xmin>
			<ymin>601</ymin>
			<xmax>2251</xmax>
			<ymax>1272</ymax>
		</bndbox>
	</object>
</annotation>