<annotation>
	<folder>side반찬부피접시시금치나물q4</folder>
	<filename>side_반찬부피_접시_시금치나물_Q4_00051.JPG</filename>
	<path>/side반찬부피접시시금치나물q4/side_반찬부피_접시_시금치나물_Q4_00051.JPG</path>
	<source>
		<database>fooddata</database>
	</source>
	<size>
		<width>3008</width>
		<height>2000</height>
		<depth>3</depth>
	</size>
	<object>
		<name>ref_spoon</name>
		<bndbox>
			<xmin>237</xmin>
			<ymin>278</ymin>
			<xmax>552</xmax>
			<ymax>658</ymax>
		</bndbox>
	</object>
	<object>
		<name>ref_fork</name>
		<bndbox>
			<xmin>716</xmin>
			<ymin>249</ymin>
			<xmax>921</xmax>
			<ymax>695</ymax>
		</bndbox>
	</object>
	<object>
		<name>ref_coin</name>
		<bndbox>
			<xmin>1838</xmin>
			<ymin>1424</ymin>
			<xmax>2095</xmax>
			<ymax>1624</ymax>
		</bndbox>
	</object>
	<object>
		<name>dish</name>
		<bndbox>
			<xmin>1166</xmin>
			<ymin>331</ymin>
			<xmax>2496</xmax>
			<ymax>1244</ymax>
		</bndbox>
	</object>
	<object>
		<name>시금치나물</name>
		<bndbox>
			<xmin>1277</xmin>
			<ymin>474</ymin>
			<xmax>2288</xmax>
			<ymax>1100</ymax>
		</bndbox>
	</object>
</annotation>