<annotation>
	<folder>side반찬부피접시시금치나물q4</folder>
	<filename>side_반찬부피_접시_시금치나물_Q4_00001.JPG</filename>
	<path>/side반찬부피접시시금치나물q4/side_반찬부피_접시_시금치나물_Q4_00001.JPG</path>
	<source>
		<database>fooddata</database>
	</source>
	<size>
		<width>3008</width>
		<height>2000</height>
		<depth>3</depth>
	</size>
	<object>
		<name>ref_spoon</name>
		<bndbox>
			<xmin>1674</xmin>
			<ymin>400</ymin>
			<xmax>1981</xmax>
			<ymax>802</ymax>
		</bndbox>
	</object>
	<object>
		<name>ref_fork</name>
		<bndbox>
			<xmin>2128</xmin>
			<ymin>482</ymin>
			<xmax>2361</xmax>
			<ymax>937</ymax>
		</bndbox>
	</object>
	<object>
		<name>ref_coin</name>
		<bndbox>
			<xmin>2582</xmin>
			<ymin>1076</ymin>
			<xmax>2820</xmax>
			<ymax>1268</ymax>
		</bndbox>
	</object>
	<object>
		<name>dish</name>
		<bndbox>
			<xmin>327</xmin>
			<ymin>585</ymin>
			<xmax>1682</xmax>
			<ymax>1567</ymax>
		</bndbox>
	</object>
	<object>
		<name>시금치나물</name>
		<bndbox>
			<xmin>659</xmin>
			<ymin>728</ymin>
			<xmax>1432</xmax>
			<ymax>1407</ymax>
		</bndbox>
	</object>
</annotation>