<annotation>
	<folder>side반찬부피접시시금치나물q4</folder>
	<filename>side_반찬부피_접시_시금치나물_Q4_00009.JPG</filename>
	<path>/side반찬부피접시시금치나물q4/side_반찬부피_접시_시금치나물_Q4_00009.JPG</path>
	<source>
		<database>fooddata</database>
	</source>
	<size>
		<width>3008</width>
		<height>2000</height>
		<depth>3</depth>
	</size>
	<object>
		<name>ref_spoon</name>
		<bndbox>
			<xmin>1960</xmin>
			<ymin>269</ymin>
			<xmax>2275</xmax>
			<ymax>679</ymax>
		</bndbox>
	</object>
	<object>
		<name>ref_fork</name>
		<bndbox>
			<xmin>2423</xmin>
			<ymin>335</ymin>
			<xmax>2660</xmax>
			<ymax>806</ymax>
		</bndbox>
	</object>
	<object>
		<name>ref_coin</name>
		<bndbox>
			<xmin>61</xmin>
			<ymin>1084</ymin>
			<xmax>315</xmax>
			<ymax>1284</ymax>
		</bndbox>
	</object>
	<object>
		<name>dish</name>
		<bndbox>
			<xmin>606</xmin>
			<ymin>593</ymin>
			<xmax>1989</xmax>
			<ymax>1571</ymax>
		</bndbox>
	</object>
	<object>
		<name>시금치나물</name>
		<bndbox>
			<xmin>904</xmin>
			<ymin>732</ymin>
			<xmax>1715</xmax>
			<ymax>1460</ymax>
		</bndbox>
	</object>
</annotation>