<annotation>
	<folder>side반찬부피접시시금치나물q4</folder>
	<filename>side_반찬부피_접시_시금치나물_Q4_00031.JPG</filename>
	<path>/side반찬부피접시시금치나물q4/side_반찬부피_접시_시금치나물_Q4_00031.JPG</path>
	<source>
		<database>fooddata</database>
	</source>
	<size>
		<width>3008</width>
		<height>2000</height>
		<depth>3</depth>
	</size>
	<object>
		<name>ref_spoon</name>
		<bndbox>
			<xmin>773</xmin>
			<ymin>1530</ymin>
			<xmax>1293</xmax>
			<ymax>1821</ymax>
		</bndbox>
	</object>
	<object>
		<name>ref_fork</name>
		<bndbox>
			<xmin>827</xmin>
			<ymin>1235</ymin>
			<xmax>1363</xmax>
			<ymax>1501</ymax>
		</bndbox>
	</object>
	<object>
		<name>ref_coin</name>
		<bndbox>
			<xmin>2599</xmin>
			<ymin>564</ymin>
			<xmax>2836</xmax>
			<ymax>736</ymax>
		</bndbox>
	</object>
	<object>
		<name>dish</name>
		<bndbox>
			<xmin>1109</xmin>
			<ymin>188</ymin>
			<xmax>2439</xmax>
			<ymax>1100</ymax>
		</bndbox>
	</object>
	<object>
		<name>시금치나물</name>
		<bndbox>
			<xmin>1281</xmin>
			<ymin>315</ymin>
			<xmax>2288</xmax>
			<ymax>904</ymax>
		</bndbox>
	</object>
</annotation>