<annotation>
	<folder>side반찬부피접시시금치나물q4</folder>
	<filename>side_반찬부피_접시_시금치나물_Q4_00044.JPG</filename>
	<path>/side반찬부피접시시금치나물q4/side_반찬부피_접시_시금치나물_Q4_00044.JPG</path>
	<source>
		<database>fooddata</database>
	</source>
	<size>
		<width>3008</width>
		<height>2000</height>
		<depth>3</depth>
	</size>
	<object>
		<name>ref_spoon</name>
		<bndbox>
			<xmin>196</xmin>
			<ymin>347</ymin>
			<xmax>520</xmax>
			<ymax>740</ymax>
		</bndbox>
	</object>
	<object>
		<name>ref_fork</name>
		<bndbox>
			<xmin>683</xmin>
			<ymin>327</ymin>
			<xmax>884</xmax>
			<ymax>765</ymax>
		</bndbox>
	</object>
	<object>
		<name>ref_coin</name>
		<bndbox>
			<xmin>2582</xmin>
			<ymin>781</ymin>
			<xmax>2816</xmax>
			<ymax>957</ymax>
		</bndbox>
	</object>
	<object>
		<name>dish</name>
		<bndbox>
			<xmin>1064</xmin>
			<ymin>364</ymin>
			<xmax>2390</xmax>
			<ymax>1260</ymax>
		</bndbox>
	</object>
	<object>
		<name>시금치나물</name>
		<bndbox>
			<xmin>1322</xmin>
			<ymin>445</ymin>
			<xmax>2288</xmax>
			<ymax>1121</ymax>
		</bndbox>
	</object>
</annotation>