<annotation>
	<folder>top반찬부피접시시금치나물q4</folder>
	<filename>top_반찬부피_접시_시금치나물_Q4_00005.JPG</filename>
	<path>/top반찬부피접시시금치나물q4/top_반찬부피_접시_시금치나물_Q4_00005.JPG</path>
	<source>
		<database>fooddata</database>
	</source>
	<size>
		<width>3008</width>
		<height>2000</height>
		<depth>3</depth>
	</size>
	<object>
		<name>ref_spoon</name>
		<bndbox>
			<xmin>2114</xmin>
			<ymin>173</ymin>
			<xmax>2449</xmax>
			<ymax>675</ymax>
		</bndbox>
	</object>
	<object>
		<name>ref_fork</name>
		<bndbox>
			<xmin>2571</xmin>
			<ymin>182</ymin>
			<xmax>2815</xmax>
			<ymax>733</ymax>
		</bndbox>
	</object>
	<object>
		<name>ref_coin</name>
		<bndbox>
			<xmin>610</xmin>
			<ymin>408</ymin>
			<xmax>849</xmax>
			<ymax>642</ymax>
		</bndbox>
	</object>
	<object>
		<name>dish</name>
		<bndbox>
			<xmin>699</xmin>
			<ymin>532</ymin>
			<xmax>2038</xmax>
			<ymax>1846</ymax>
		</bndbox>
	</object>
	<object>
		<name>시금치나물</name>
		<bndbox>
			<xmin>1042</xmin>
			<ymin>815</ymin>
			<xmax>1722</xmax>
			<ymax>1424</ymax>
		</bndbox>
	</object>
</annotation>