<annotation>
	<folder>top반찬부피접시시금치나물q4</folder>
	<filename>top_반찬부피_접시_시금치나물_Q4_00054.JPG</filename>
	<path>/top반찬부피접시시금치나물q4/top_반찬부피_접시_시금치나물_Q4_00054.JPG</path>
	<source>
		<database>fooddata</database>
	</source>
	<size>
		<width>3008</width>
		<height>2000</height>
		<depth>3</depth>
	</size>
	<object>
		<name>ref_spoon</name>
		<bndbox>
			<xmin>401</xmin>
			<ymin>266</ymin>
			<xmax>782</xmax>
			<ymax>811</ymax>
		</bndbox>
	</object>
	<object>
		<name>ref_fork</name>
		<bndbox>
			<xmin>884</xmin>
			<ymin>251</ymin>
			<xmax>1140</xmax>
			<ymax>845</ymax>
		</bndbox>
	</object>
	<object>
		<name>ref_coin</name>
		<bndbox>
			<xmin>1375</xmin>
			<ymin>1574</ymin>
			<xmax>1646</xmax>
			<ymax>1828</ymax>
		</bndbox>
	</object>
	<object>
		<name>dish</name>
		<bndbox>
			<xmin>1270</xmin>
			<ymin>168</ymin>
			<xmax>2661</xmax>
			<ymax>1551</ymax>
		</bndbox>
	</object>
	<object>
		<name>시금치나물</name>
		<bndbox>
			<xmin>1550</xmin>
			<ymin>433</ymin>
			<xmax>2398</xmax>
			<ymax>1323</ymax>
		</bndbox>
	</object>
</annotation>