<annotation>
	<folder>top반찬부피접시시금치나물q4</folder>
	<filename>top_반찬부피_접시_시금치나물_Q4_00033.JPG</filename>
	<path>/top반찬부피접시시금치나물q4/top_반찬부피_접시_시금치나물_Q4_00033.JPG</path>
	<source>
		<database>fooddata</database>
	</source>
	<size>
		<width>3008</width>
		<height>2000</height>
		<depth>3</depth>
	</size>
	<object>
		<name>ref_spoon</name>
		<bndbox>
			<xmin>1082</xmin>
			<ymin>1612</ymin>
			<xmax>1529</xmax>
			<ymax>1919</ymax>
		</bndbox>
	</object>
	<object>
		<name>ref_fork</name>
		<bndbox>
			<xmin>1116</xmin>
			<ymin>1356</ymin>
			<xmax>1565</xmax>
			<ymax>1561</ymax>
		</bndbox>
	</object>
	<object>
		<name>ref_coin</name>
		<bndbox>
			<xmin>1063</xmin>
			<ymin>819</ymin>
			<xmax>1266</xmax>
			<ymax>1019</ymax>
		</bndbox>
	</object>
	<object>
		<name>dish</name>
		<bndbox>
			<xmin>1392</xmin>
			<ymin>210</ymin>
			<xmax>2454</xmax>
			<ymax>1252</ymax>
		</bndbox>
	</object>
	<object>
		<name>시금치나물</name>
		<bndbox>
			<xmin>1686</xmin>
			<ymin>408</ymin>
			<xmax>2256</xmax>
			<ymax>1079</ymax>
		</bndbox>
	</object>
</annotation>