<annotation>
	<folder>top반찬부피접시시금치나물q4</folder>
	<filename>top_반찬부피_접시_시금치나물_Q4_00022.JPG</filename>
	<path>/top반찬부피접시시금치나물q4/top_반찬부피_접시_시금치나물_Q4_00022.JPG</path>
	<source>
		<database>fooddata</database>
	</source>
	<size>
		<width>3008</width>
		<height>2000</height>
		<depth>3</depth>
	</size>
	<object>
		<name>ref_spoon</name>
		<bndbox>
			<xmin>1037</xmin>
			<ymin>1506</ymin>
			<xmax>1474</xmax>
			<ymax>1790</ymax>
		</bndbox>
	</object>
	<object>
		<name>ref_fork</name>
		<bndbox>
			<xmin>1057</xmin>
			<ymin>1246</ymin>
			<xmax>1514</xmax>
			<ymax>1455</ymax>
		</bndbox>
	</object>
	<object>
		<name>ref_coin</name>
		<bndbox>
			<xmin>819</xmin>
			<ymin>135</ymin>
			<xmax>1016</xmax>
			<ymax>327</ymax>
		</bndbox>
	</object>
	<object>
		<name>dish</name>
		<bndbox>
			<xmin>1138</xmin>
			<ymin>124</ymin>
			<xmax>2236</xmax>
			<ymax>1180</ymax>
		</bndbox>
	</object>
	<object>
		<name>시금치나물</name>
		<bndbox>
			<xmin>1321</xmin>
			<ymin>408</ymin>
			<xmax>2012</xmax>
			<ymax>952</ymax>
		</bndbox>
	</object>
</annotation>