<annotation>
	<folder>top반찬부피접시시금치나물q4</folder>
	<filename>top_반찬부피_접시_시금치나물_Q4_00027.JPG</filename>
	<path>/top반찬부피접시시금치나물q4/top_반찬부피_접시_시금치나물_Q4_00027.JPG</path>
	<source>
		<database>fooddata</database>
	</source>
	<size>
		<width>3008</width>
		<height>2000</height>
		<depth>3</depth>
	</size>
	<object>
		<name>ref_spoon</name>
		<bndbox>
			<xmin>1057</xmin>
			<ymin>1543</ymin>
			<xmax>1524</xmax>
			<ymax>1871</ymax>
		</bndbox>
	</object>
	<object>
		<name>ref_fork</name>
		<bndbox>
			<xmin>1067</xmin>
			<ymin>1282</ymin>
			<xmax>1560</xmax>
			<ymax>1495</ymax>
		</bndbox>
	</object>
	<object>
		<name>ref_coin</name>
		<bndbox>
			<xmin>2312</xmin>
			<ymin>354</ymin>
			<xmax>2510</xmax>
			<ymax>560</ymax>
		</bndbox>
	</object>
	<object>
		<name>dish</name>
		<bndbox>
			<xmin>1168</xmin>
			<ymin>32</ymin>
			<xmax>2286</xmax>
			<ymax>1145</ymax>
		</bndbox>
	</object>
	<object>
		<name>시금치나물</name>
		<bndbox>
			<xmin>1419</xmin>
			<ymin>220</ymin>
			<xmax>2022</xmax>
			<ymax>916</ymax>
		</bndbox>
	</object>
</annotation>