<annotation>
	<folder>top반찬부피접시시금치나물q4</folder>
	<filename>top_반찬부피_접시_시금치나물_Q4_00029.JPG</filename>
	<path>/top반찬부피접시시금치나물q4/top_반찬부피_접시_시금치나물_Q4_00029.JPG</path>
	<source>
		<database>fooddata</database>
	</source>
	<size>
		<width>3008</width>
		<height>2000</height>
		<depth>3</depth>
	</size>
	<object>
		<name>ref_spoon</name>
		<bndbox>
			<xmin>1071</xmin>
			<ymin>1581</ymin>
			<xmax>1534</xmax>
			<ymax>1905</ymax>
		</bndbox>
	</object>
	<object>
		<name>ref_fork</name>
		<bndbox>
			<xmin>1098</xmin>
			<ymin>1312</ymin>
			<xmax>1575</xmax>
			<ymax>1533</ymax>
		</bndbox>
	</object>
	<object>
		<name>ref_coin</name>
		<bndbox>
			<xmin>2339</xmin>
			<ymin>972</ymin>
			<xmax>2551</xmax>
			<ymax>1180</ymax>
		</bndbox>
	</object>
	<object>
		<name>dish</name>
		<bndbox>
			<xmin>1280</xmin>
			<ymin>49</ymin>
			<xmax>2410</xmax>
			<ymax>1145</ymax>
		</bndbox>
	</object>
	<object>
		<name>시금치나물</name>
		<bndbox>
			<xmin>1524</xmin>
			<ymin>256</ymin>
			<xmax>2226</xmax>
			<ymax>876</ymax>
		</bndbox>
	</object>
</annotation>