<annotation>
	<folder>rework190files</folder>
	<filename>top_반찬부피_접시_시금치나물_Q4_00028.JPG</filename>
	<path>/top반찬부피접시시금치나물q4/top_반찬부피_접시_시금치나물_Q4_00028.JPG</path>
	<source>
		<database>fooddata</database>
	</source>
	<size>
		<width>3008</width>
		<height>2000</height>
		<depth>3</depth>
	</size>
	<object>
		<name>ref_spoon</name>
		<bndbox>
			<xmin>1067</xmin>
			<ymin>1597</ymin>
			<xmax>1534</xmax>
			<ymax>1907</ymax>
		</bndbox>
	</object>
	<object>
		<name>ref_fork</name>
		<bndbox>
			<xmin>1087</xmin>
			<ymin>1328</ymin>
			<xmax>1595</xmax>
			<ymax>1536</ymax>
		</bndbox>
	</object>
	<object>
		<name>ref_coin</name>
		<bndbox>
			<xmin>2353</xmin>
			<ymin>743</ymin>
			<xmax>2551</xmax>
			<ymax>942</ymax>
		</bndbox>
	</object>
	<object>
		<name>dish</name>
		<bndbox>
			<xmin>1184</xmin>
			<ymin>52</ymin>
			<xmax>2302</xmax>
			<ymax>1155</ymax>
		</bndbox>
	</object>
	<object>
		<name>시금치나물</name>
		<bndbox>
			<xmin>1392</xmin>
			<ymin>195</ymin>
			<xmax>2119</xmax>
			<ymax>911</ymax>
		</bndbox>
	</object>
</annotation>