<annotation>
	<folder>side국류뚝배기순대국q2</folder>
	<filename>side_국류_뚝배기_순대국_Q2_00053.JPG</filename>
	<path>/side국류뚝배기순대국q2/side_국류_뚝배기_순대국_Q2_00053.JPG</path>
	<source>
		<database>fooddata</database>
	</source>
	<size>
		<width>5472</width>
		<height>3648</height>
		<depth>3</depth>
	</size>
	<object>
		<name>ref_spoon</name>
		<bndbox>
			<xmin>961</xmin>
			<ymin>1560</ymin>
			<xmax>1454</xmax>
			<ymax>2259</ymax>
		</bndbox>
	</object>
	<object>
		<name>ref_fork</name>
		<bndbox>
			<xmin>1580</xmin>
			<ymin>1542</ymin>
			<xmax>1916</xmax>
			<ymax>2312</ymax>
		</bndbox>
	</object>
	<object>
		<name>ref_coin</name>
		<bndbox>
			<xmin>4452</xmin>
			<ymin>668</ymin>
			<xmax>4789</xmax>
			<ymax>919</ymax>
		</bndbox>
	</object>
	<object>
		<name>dish</name>
		<bndbox>
			<xmin>2221</xmin>
			<ymin>632</ymin>
			<xmax>4833</xmax>
			<ymax>2886</ymax>
		</bndbox>
	</object>
	<object>
		<name>순대국</name>
		<bndbox>
			<xmin>2611</xmin>
			<ymin>959</ymin>
			<xmax>4421</xmax>
			<ymax>2236</ymax>
		</bndbox>
	</object>
</annotation>