<annotation>
	<folder>side국류뚝배기순대국q2</folder>
	<filename>side_국류_뚝배기_순대국_Q2_00020.JPG</filename>
	<path>/side국류뚝배기순대국q2/side_국류_뚝배기_순대국_Q2_00020.JPG</path>
	<source>
		<database>fooddata</database>
	</source>
	<size>
		<width>5472</width>
		<height>3648</height>
		<depth>3</depth>
	</size>
	<object>
		<name>ref_spoon</name>
		<bndbox>
			<xmin>1750</xmin>
			<ymin>2971</ymin>
			<xmax>2615</xmax>
			<ymax>3433</ymax>
		</bndbox>
	</object>
	<object>
		<name>ref_fork</name>
		<bndbox>
			<xmin>1849</xmin>
			<ymin>2590</ymin>
			<xmax>2826</xmax>
			<ymax>2935</ymax>
		</bndbox>
	</object>
	<object>
		<name>ref_coin</name>
		<bndbox>
			<xmin>4363</xmin>
			<ymin>1241</ymin>
			<xmax>4694</xmax>
			<ymax>1488</ymax>
		</bndbox>
	</object>
	<object>
		<name>dish</name>
		<bndbox>
			<xmin>1885</xmin>
			<ymin>166</ymin>
			<xmax>4318</xmax>
			<ymax>2281</ymax>
		</bndbox>
	</object>
	<object>
		<name>순대국</name>
		<bndbox>
			<xmin>2256</xmin>
			<ymin>892</ymin>
			<xmax>3937</xmax>
			<ymax>1640</ymax>
		</bndbox>
	</object>
</annotation>