<annotation>
	<folder>side국류뚝배기순대국q2</folder>
	<filename>side_국류_뚝배기_순대국_Q2_00048.JPG</filename>
	<path>/side국류뚝배기순대국q2/side_국류_뚝배기_순대국_Q2_00048.JPG</path>
	<source>
		<database>fooddata</database>
	</source>
	<size>
		<width>5472</width>
		<height>3648</height>
		<depth>3</depth>
	</size>
	<object>
		<name>ref_spoon</name>
		<bndbox>
			<xmin>912</xmin>
			<ymin>1120</ymin>
			<xmax>1396</xmax>
			<ymax>1824</ymax>
		</bndbox>
	</object>
	<object>
		<name>ref_fork</name>
		<bndbox>
			<xmin>1521</xmin>
			<ymin>1111</ymin>
			<xmax>1867</xmax>
			<ymax>1887</ymax>
		</bndbox>
	</object>
	<object>
		<name>ref_coin</name>
		<bndbox>
			<xmin>4112</xmin>
			<ymin>2868</ymin>
			<xmax>4502</xmax>
			<ymax>3213</ymax>
		</bndbox>
	</object>
	<object>
		<name>dish</name>
		<bndbox>
			<xmin>2198</xmin>
			<ymin>238</ymin>
			<xmax>4856</xmax>
			<ymax>2528</ymax>
		</bndbox>
	</object>
	<object>
		<name>순대국</name>
		<bndbox>
			<xmin>2619</xmin>
			<ymin>860</ymin>
			<xmax>4412</xmax>
			<ymax>1855</ymax>
		</bndbox>
	</object>
</annotation>