<annotation>
	<folder>side국류뚝배기순대국q2</folder>
	<filename>side_국류_뚝배기_순대국_Q2_00057.JPG</filename>
	<path>/side국류뚝배기순대국q2/side_국류_뚝배기_순대국_Q2_00057.JPG</path>
	<source>
		<database>fooddata</database>
	</source>
	<size>
		<width>5472</width>
		<height>3648</height>
		<depth>3</depth>
	</size>
	<object>
		<name>ref_spoon</name>
		<bndbox>
			<xmin>912</xmin>
			<ymin>1161</ymin>
			<xmax>1409</xmax>
			<ymax>1923</ymax>
		</bndbox>
	</object>
	<object>
		<name>ref_fork</name>
		<bndbox>
			<xmin>1535</xmin>
			<ymin>1152</ymin>
			<xmax>1880</xmax>
			<ymax>1941</ymax>
		</bndbox>
	</object>
	<object>
		<name>ref_coin</name>
		<bndbox>
			<xmin>4282</xmin>
			<ymin>2689</ymin>
			<xmax>4672</xmax>
			<ymax>3025</ymax>
		</bndbox>
	</object>
	<object>
		<name>dish</name>
		<bndbox>
			<xmin>2189</xmin>
			<ymin>229</ymin>
			<xmax>4824</xmax>
			<ymax>2523</ymax>
		</bndbox>
	</object>
	<object>
		<name>순대국</name>
		<bndbox>
			<xmin>2570</xmin>
			<ymin>887</ymin>
			<xmax>4421</xmax>
			<ymax>1846</ymax>
		</bndbox>
	</object>
</annotation>