<annotation>
	<folder>side국류뚝배기순대국q2</folder>
	<filename>side_국류_뚝배기_순대국_Q2_00040.JPG</filename>
	<path>/side국류뚝배기순대국q2/side_국류_뚝배기_순대국_Q2_00040.JPG</path>
	<source>
		<database>fooddata</database>
	</source>
	<size>
		<width>5472</width>
		<height>3648</height>
		<depth>3</depth>
	</size>
	<object>
		<name>ref_spoon</name>
		<bndbox>
			<xmin>558</xmin>
			<ymin>1035</ymin>
			<xmax>1055</xmax>
			<ymax>1793</ymax>
		</bndbox>
	</object>
	<object>
		<name>ref_fork</name>
		<bndbox>
			<xmin>1176</xmin>
			<ymin>1058</ymin>
			<xmax>1513</xmax>
			<ymax>1860</ymax>
		</bndbox>
	</object>
	<object>
		<name>ref_coin</name>
		<bndbox>
			<xmin>4824</xmin>
			<ymin>1457</ymin>
			<xmax>5196</xmax>
			<ymax>1730</ymax>
		</bndbox>
	</object>
	<object>
		<name>dish</name>
		<bndbox>
			<xmin>1858</xmin>
			<ymin>255</ymin>
			<xmax>4475</xmax>
			<ymax>2510</ymax>
		</bndbox>
	</object>
	<object>
		<name>순대국</name>
		<bndbox>
			<xmin>2265</xmin>
			<ymin>896</ymin>
			<xmax>4063</xmax>
			<ymax>1855</ymax>
		</bndbox>
	</object>
</annotation>