<annotation>
	<folder>side국류뚝배기순대국q2</folder>
	<filename>side_국류_뚝배기_순대국_Q2_00039.JPG</filename>
	<path>/side국류뚝배기순대국q2/side_국류_뚝배기_순대국_Q2_00039.JPG</path>
	<source>
		<database>fooddata</database>
	</source>
	<size>
		<width>5472</width>
		<height>3648</height>
		<depth>3</depth>
	</size>
	<object>
		<name>ref_spoon</name>
		<bndbox>
			<xmin>580</xmin>
			<ymin>914</ymin>
			<xmax>1069</xmax>
			<ymax>1654</ymax>
		</bndbox>
	</object>
	<object>
		<name>ref_fork</name>
		<bndbox>
			<xmin>1190</xmin>
			<ymin>937</ymin>
			<xmax>1530</xmax>
			<ymax>1690</ymax>
		</bndbox>
	</object>
	<object>
		<name>ref_coin</name>
		<bndbox>
			<xmin>4878</xmin>
			<ymin>1649</ymin>
			<xmax>5255</xmax>
			<ymax>1945</ymax>
		</bndbox>
	</object>
	<object>
		<name>dish</name>
		<bndbox>
			<xmin>1876</xmin>
			<ymin>117</ymin>
			<xmax>4493</xmax>
			<ymax>2389</ymax>
		</bndbox>
	</object>
	<object>
		<name>순대국</name>
		<bndbox>
			<xmin>2270</xmin>
			<ymin>860</ymin>
			<xmax>4072</xmax>
			<ymax>1743</ymax>
		</bndbox>
	</object>
</annotation>