<annotation>
	<folder>side국류뚝배기순대국q2</folder>
	<filename>side_국류_뚝배기_순대국_Q2_00019.JPG</filename>
	<path>/side국류뚝배기순대국q2/side_국류_뚝배기_순대국_Q2_00019.JPG</path>
	<source>
		<database>fooddata</database>
	</source>
	<size>
		<width>5472</width>
		<height>3648</height>
		<depth>3</depth>
	</size>
	<object>
		<name>ref_spoon</name>
		<bndbox>
			<xmin>1732</xmin>
			<ymin>3025</ymin>
			<xmax>2557</xmax>
			<ymax>3487</ymax>
		</bndbox>
	</object>
	<object>
		<name>ref_fork</name>
		<bndbox>
			<xmin>1822</xmin>
			<ymin>2649</ymin>
			<xmax>2687</xmax>
			<ymax>2998</ymax>
		</bndbox>
	</object>
	<object>
		<name>ref_coin</name>
		<bndbox>
			<xmin>4376</xmin>
			<ymin>1591</ymin>
			<xmax>4721</xmax>
			<ymax>1855</ymax>
		</bndbox>
	</object>
	<object>
		<name>dish</name>
		<bndbox>
			<xmin>1871</xmin>
			<ymin>246</ymin>
			<xmax>4309</xmax>
			<ymax>2330</ymax>
		</bndbox>
	</object>
	<object>
		<name>순대국</name>
		<bndbox>
			<xmin>2234</xmin>
			<ymin>981</ymin>
			<xmax>3924</xmax>
			<ymax>1725</ymax>
		</bndbox>
	</object>
</annotation>