<annotation>
	<folder>side국류뚝배기순대국q2</folder>
	<filename>side_국류_뚝배기_순대국_Q2_00009.JPG</filename>
	<path>/side국류뚝배기순대국q2/side_국류_뚝배기_순대국_Q2_00009.JPG</path>
	<source>
		<database>fooddata</database>
	</source>
	<size>
		<width>5472</width>
		<height>3648</height>
		<depth>3</depth>
	</size>
	<object>
		<name>ref_spoon</name>
		<bndbox>
			<xmin>4121</xmin>
			<ymin>968</ymin>
			<xmax>4650</xmax>
			<ymax>1676</ymax>
		</bndbox>
	</object>
	<object>
		<name>ref_fork</name>
		<bndbox>
			<xmin>4847</xmin>
			<ymin>928</ymin>
			<xmax>5237</xmax>
			<ymax>1806</ymax>
		</bndbox>
	</object>
	<object>
		<name>ref_coin</name>
		<bndbox>
			<xmin>114</xmin>
			<ymin>1882</ymin>
			<xmax>531</xmax>
			<ymax>2183</ymax>
		</bndbox>
	</object>
	<object>
		<name>dish</name>
		<bndbox>
			<xmin>1024</xmin>
			<ymin>332</ymin>
			<xmax>3865</xmax>
			<ymax>2801</ymax>
		</bndbox>
	</object>
	<object>
		<name>순대국</name>
		<bndbox>
			<xmin>1454</xmin>
			<ymin>1179</ymin>
			<xmax>3426</xmax>
			<ymax>2102</ymax>
		</bndbox>
	</object>
</annotation>