<annotation>
	<folder>side국류뚝배기순대국q2</folder>
	<filename>side_국류_뚝배기_순대국_Q2_00047.JPG</filename>
	<path>/side국류뚝배기순대국q2/side_국류_뚝배기_순대국_Q2_00047.JPG</path>
	<source>
		<database>fooddata</database>
	</source>
	<size>
		<width>5472</width>
		<height>3648</height>
		<depth>3</depth>
	</size>
	<object>
		<name>ref_spoon</name>
		<bndbox>
			<xmin>890</xmin>
			<ymin>1152</ymin>
			<xmax>1400</xmax>
			<ymax>1882</ymax>
		</bndbox>
	</object>
	<object>
		<name>ref_fork</name>
		<bndbox>
			<xmin>1513</xmin>
			<ymin>1170</ymin>
			<xmax>1853</xmax>
			<ymax>1954</ymax>
		</bndbox>
	</object>
	<object>
		<name>ref_coin</name>
		<bndbox>
			<xmin>3126</xmin>
			<ymin>2962</ymin>
			<xmax>3525</xmax>
			<ymax>3312</ymax>
		</bndbox>
	</object>
	<object>
		<name>dish</name>
		<bndbox>
			<xmin>2194</xmin>
			<ymin>282</ymin>
			<xmax>4869</xmax>
			<ymax>2568</ymax>
		</bndbox>
	</object>
	<object>
		<name>순대국</name>
		<bndbox>
			<xmin>2611</xmin>
			<ymin>910</ymin>
			<xmax>4421</xmax>
			<ymax>1900</ymax>
		</bndbox>
	</object>
</annotation>