<annotation>
	<folder>top국류뚝배기순대국q4</folder>
	<filename>top_국류_뚝배기_순대국_Q2_00035.JPG</filename>
	<path>/top국류뚝배기순대국q2/top_국류_뚝배기_순대국_Q2_00035.JPG</path>
	<source>
		<database>fooddata</database>
	</source>
	<size>
		<width>5472</width>
		<height>3648</height>
		<depth>3</depth>
	</size>
	<object>
		<name>ref_spoon</name>
		<bndbox>
			<xmin>948</xmin>
			<ymin>179</ymin>
			<xmax>1400</xmax>
			<ymax>914</ymax>
		</bndbox>
	</object>
	<object>
		<name>ref_fork</name>
		<bndbox>
			<xmin>1701</xmin>
			<ymin>238</ymin>
			<xmax>1997</xmax>
			<ymax>1008</ymax>
		</bndbox>
	</object>
	<object>
		<name>ref_coin</name>
		<bndbox>
			<xmin>2584</xmin>
			<ymin>2877</ymin>
			<xmax>2920</xmax>
			<ymax>3231</ymax>
		</bndbox>
	</object>
	<object>
		<name>dish</name>
		<bndbox>
			<xmin>2055</xmin>
			<ymin>188</ymin>
			<xmax>4641</xmax>
			<ymax>2747</ymax>
		</bndbox>
	</object>
	<object>
		<name>순대국</name>
		<bndbox>
			<xmin>2377</xmin>
			<ymin>699</ymin>
			<xmax>4201</xmax>
			<ymax>2460</ymax>
		</bndbox>
	</object>
</annotation>