<annotation>
	<folder>top국류뚝배기순대국q4</folder>
	<filename>top_국류_뚝배기_순대국_Q2_00018.JPG</filename>
	<path>/top국류뚝배기순대국q2/top_국류_뚝배기_순대국_Q2_00018.JPG</path>
	<source>
		<database>fooddata</database>
	</source>
	<size>
		<width>5472</width>
		<height>3648</height>
		<depth>3</depth>
	</size>
	<object>
		<name>ref_spoon</name>
		<bndbox>
			<xmin>3830</xmin>
			<ymin>578</ymin>
			<xmax>4282</xmax>
			<ymax>1295</ymax>
		</bndbox>
	</object>
	<object>
		<name>ref_fork</name>
		<bndbox>
			<xmin>4390</xmin>
			<ymin>596</ymin>
			<xmax>4694</xmax>
			<ymax>1380</ymax>
		</bndbox>
	</object>
	<object>
		<name>ref_coin</name>
		<bndbox>
			<xmin>1490</xmin>
			<ymin>2864</ymin>
			<xmax>1826</xmax>
			<ymax>3213</ymax>
		</bndbox>
	</object>
	<object>
		<name>dish</name>
		<bndbox>
			<xmin>1033</xmin>
			<ymin>278</ymin>
			<xmax>3641</xmax>
			<ymax>2877</ymax>
		</bndbox>
	</object>
	<object>
		<name>순대국</name>
		<bndbox>
			<xmin>1414</xmin>
			<ymin>748</ymin>
			<xmax>3242</xmax>
			<ymax>2501</ymax>
		</bndbox>
	</object>
</annotation>