<annotation>
	<folder>top국류뚝배기순대국q4</folder>
	<filename>top_국류_뚝배기_순대국_Q2_00052.JPG</filename>
	<path>/top국류뚝배기순대국q2/top_국류_뚝배기_순대국_Q2_00052.JPG</path>
	<source>
		<database>fooddata</database>
	</source>
	<size>
		<width>5472</width>
		<height>3648</height>
		<depth>3</depth>
	</size>
	<object>
		<name>ref_spoon</name>
		<bndbox>
			<xmin>1020</xmin>
			<ymin>690</ymin>
			<xmax>1472</xmax>
			<ymax>1434</ymax>
		</bndbox>
	</object>
	<object>
		<name>ref_fork</name>
		<bndbox>
			<xmin>1777</xmin>
			<ymin>722</ymin>
			<xmax>2073</xmax>
			<ymax>1528</ymax>
		</bndbox>
	</object>
	<object>
		<name>ref_coin</name>
		<bndbox>
			<xmin>4820</xmin>
			<ymin>2442</ymin>
			<xmax>5174</xmax>
			<ymax>2792</ymax>
		</bndbox>
	</object>
	<object>
		<name>dish</name>
		<bndbox>
			<xmin>2109</xmin>
			<ymin>672</ymin>
			<xmax>4708</xmax>
			<ymax>3227</ymax>
		</bndbox>
	</object>
	<object>
		<name>순대국</name>
		<bndbox>
			<xmin>2516</xmin>
			<ymin>1022</ymin>
			<xmax>4246</xmax>
			<ymax>2886</ymax>
		</bndbox>
	</object>
</annotation>