<annotation>
	<folder>top국류뚝배기순대국q4</folder>
	<filename>top_국류_뚝배기_순대국_Q2_00050.JPG</filename>
	<path>/top국류뚝배기순대국q2/top_국류_뚝배기_순대국_Q2_00050.JPG</path>
	<source>
		<database>fooddata</database>
	</source>
	<size>
		<width>5472</width>
		<height>3648</height>
		<depth>3</depth>
	</size>
	<object>
		<name>ref_spoon</name>
		<bndbox>
			<xmin>1275</xmin>
			<ymin>798</ymin>
			<xmax>1719</xmax>
			<ymax>1542</ymax>
		</bndbox>
	</object>
	<object>
		<name>ref_fork</name>
		<bndbox>
			<xmin>2019</xmin>
			<ymin>847</ymin>
			<xmax>2310</xmax>
			<ymax>1622</ymax>
		</bndbox>
	</object>
	<object>
		<name>ref_coin</name>
		<bndbox>
			<xmin>3130</xmin>
			<ymin>394</ymin>
			<xmax>3458</xmax>
			<ymax>690</ymax>
		</bndbox>
	</object>
	<object>
		<name>dish</name>
		<bndbox>
			<xmin>2382</xmin>
			<ymin>865</ymin>
			<xmax>4995</xmax>
			<ymax>3446</ymax>
		</bndbox>
	</object>
	<object>
		<name>순대국</name>
		<bndbox>
			<xmin>2727</xmin>
			<ymin>1313</ymin>
			<xmax>4497</xmax>
			<ymax>3083</ymax>
		</bndbox>
	</object>
</annotation>