<annotation>
	<folder>top국류뚝배기순대국q4</folder>
	<filename>top_국류_뚝배기_순대국_Q2_00004.JPG</filename>
	<path>/top국류뚝배기순대국q2/top_국류_뚝배기_순대국_Q2_00004.JPG</path>
	<source>
		<database>fooddata</database>
	</source>
	<size>
		<width>5472</width>
		<height>3648</height>
		<depth>3</depth>
	</size>
	<object>
		<name>ref_spoon</name>
		<bndbox>
			<xmin>755</xmin>
			<ymin>363</ymin>
			<xmax>1257</xmax>
			<ymax>1183</ymax>
		</bndbox>
	</object>
	<object>
		<name>ref_fork</name>
		<bndbox>
			<xmin>1575</xmin>
			<ymin>435</ymin>
			<xmax>1898</xmax>
			<ymax>1304</ymax>
		</bndbox>
	</object>
	<object>
		<name>ref_coin</name>
		<bndbox>
			<xmin>4560</xmin>
			<ymin>2909</ymin>
			<xmax>4936</xmax>
			<ymax>3285</ymax>
		</bndbox>
	</object>
	<object>
		<name>dish</name>
		<bndbox>
			<xmin>1907</xmin>
			<ymin>538</ymin>
			<xmax>4771</xmax>
			<ymax>3384</ymax>
		</bndbox>
	</object>
	<object>
		<name>순대국</name>
		<bndbox>
			<xmin>2328</xmin>
			<ymin>1040</ymin>
			<xmax>4278</xmax>
			<ymax>2953</ymax>
		</bndbox>
	</object>
</annotation>