<annotation>
	<folder>top국류뚝배기순대국q4</folder>
	<filename>top_국류_뚝배기_순대국_Q2_00031.JPG</filename>
	<path>/top국류뚝배기순대국q2/top_국류_뚝배기_순대국_Q2_00031.JPG</path>
	<source>
		<database>fooddata</database>
	</source>
	<size>
		<width>5472</width>
		<height>3648</height>
		<depth>3</depth>
	</size>
	<object>
		<name>ref_spoon</name>
		<bndbox>
			<xmin>2127</xmin>
			<ymin>3025</ymin>
			<xmax>2812</xmax>
			<ymax>3446</ymax>
		</bndbox>
	</object>
	<object>
		<name>ref_fork</name>
		<bndbox>
			<xmin>2194</xmin>
			<ymin>2626</ymin>
			<xmax>2902</xmax>
			<ymax>2895</ymax>
		</bndbox>
	</object>
	<object>
		<name>ref_coin</name>
		<bndbox>
			<xmin>1862</xmin>
			<ymin>843</ymin>
			<xmax>2140</xmax>
			<ymax>1116</ymax>
		</bndbox>
	</object>
	<object>
		<name>dish</name>
		<bndbox>
			<xmin>2283</xmin>
			<ymin>376</ymin>
			<xmax>4484</xmax>
			<ymax>2568</ymax>
		</bndbox>
	</object>
	<object>
		<name>순대국</name>
		<bndbox>
			<xmin>2584</xmin>
			<ymin>811</ymin>
			<xmax>4112</xmax>
			<ymax>2277</ymax>
		</bndbox>
	</object>
</annotation>