<annotation>
	<folder>top국류뚝배기순대국q4</folder>
	<filename>top_국류_뚝배기_순대국_Q2_00021.JPG</filename>
	<path>/top국류뚝배기순대국q2/top_국류_뚝배기_순대국_Q2_00021.JPG</path>
	<source>
		<database>fooddata</database>
	</source>
	<size>
		<width>5472</width>
		<height>3648</height>
		<depth>3</depth>
	</size>
	<object>
		<name>ref_spoon</name>
		<bndbox>
			<xmin>1808</xmin>
			<ymin>2922</ymin>
			<xmax>2507</xmax>
			<ymax>3343</ymax>
		</bndbox>
	</object>
	<object>
		<name>ref_fork</name>
		<bndbox>
			<xmin>1880</xmin>
			<ymin>2505</ymin>
			<xmax>2615</xmax>
			<ymax>2779</ymax>
		</bndbox>
	</object>
	<object>
		<name>ref_coin</name>
		<bndbox>
			<xmin>4260</xmin>
			<ymin>1457</ymin>
			<xmax>4556</xmax>
			<ymax>1748</ymax>
		</bndbox>
	</object>
	<object>
		<name>dish</name>
		<bndbox>
			<xmin>1902</xmin>
			<ymin>238</ymin>
			<xmax>4098</xmax>
			<ymax>2407</ymax>
		</bndbox>
	</object>
	<object>
		<name>순대국</name>
		<bndbox>
			<xmin>2243</xmin>
			<ymin>601</ymin>
			<xmax>3731</xmax>
			<ymax>2147</ymax>
		</bndbox>
	</object>
</annotation>