<annotation>
	<folder>top국류뚝배기순대국q4</folder>
	<filename>top_국류_뚝배기_순대국_Q2_00032.JPG</filename>
	<path>/top국류뚝배기순대국q2/top_국류_뚝배기_순대국_Q2_00032.JPG</path>
	<source>
		<database>fooddata</database>
	</source>
	<size>
		<width>5472</width>
		<height>3648</height>
		<depth>3</depth>
	</size>
	<object>
		<name>ref_spoon</name>
		<bndbox>
			<xmin>2086</xmin>
			<ymin>2873</ymin>
			<xmax>2767</xmax>
			<ymax>3294</ymax>
		</bndbox>
	</object>
	<object>
		<name>ref_fork</name>
		<bndbox>
			<xmin>2149</xmin>
			<ymin>2483</ymin>
			<xmax>2861</xmax>
			<ymax>2752</ymax>
		</bndbox>
	</object>
	<object>
		<name>ref_coin</name>
		<bndbox>
			<xmin>1746</xmin>
			<ymin>1215</ymin>
			<xmax>2032</xmax>
			<ymax>1501</ymax>
		</bndbox>
	</object>
	<object>
		<name>dish</name>
		<bndbox>
			<xmin>2292</xmin>
			<ymin>220</ymin>
			<xmax>4511</xmax>
			<ymax>2420</ymax>
		</bndbox>
	</object>
	<object>
		<name>순대국</name>
		<bndbox>
			<xmin>2588</xmin>
			<ymin>659</ymin>
			<xmax>4112</xmax>
			<ymax>2129</ymax>
		</bndbox>
	</object>
</annotation>