<annotation>
	<folder>top국류뚝배기순대국q4</folder>
	<filename>top_국류_뚝배기_순대국_Q2_00042.JPG</filename>
	<path>/top국류뚝배기순대국q2/top_국류_뚝배기_순대국_Q2_00042.JPG</path>
	<source>
		<database>fooddata</database>
	</source>
	<size>
		<width>5472</width>
		<height>3648</height>
		<depth>3</depth>
	</size>
	<object>
		<name>ref_spoon</name>
		<bndbox>
			<xmin>1037</xmin>
			<ymin>618</ymin>
			<xmax>1504</xmax>
			<ymax>1398</ymax>
		</bndbox>
	</object>
	<object>
		<name>ref_fork</name>
		<bndbox>
			<xmin>1808</xmin>
			<ymin>663</ymin>
			<xmax>2104</xmax>
			<ymax>1461</ymax>
		</bndbox>
	</object>
	<object>
		<name>ref_coin</name>
		<bndbox>
			<xmin>5004</xmin>
			<ymin>2254</ymin>
			<xmax>5362</xmax>
			<ymax>2599</ymax>
		</bndbox>
	</object>
	<object>
		<name>dish</name>
		<bndbox>
			<xmin>2198</xmin>
			<ymin>618</ymin>
			<xmax>4820</xmax>
			<ymax>3218</ymax>
		</bndbox>
	</object>
	<object>
		<name>순대국</name>
		<bndbox>
			<xmin>2566</xmin>
			<ymin>1013</ymin>
			<xmax>4340</xmax>
			<ymax>2882</ymax>
		</bndbox>
	</object>
</annotation>