<annotation>
	<folder>top국류뚝배기순대국q4</folder>
	<filename>top_국류_뚝배기_순대국_Q2_00013.JPG</filename>
	<path>/top국류뚝배기순대국q2/top_국류_뚝배기_순대국_Q2_00013.JPG</path>
	<source>
		<database>fooddata</database>
	</source>
	<size>
		<width>5472</width>
		<height>3648</height>
		<depth>3</depth>
	</size>
	<object>
		<name>ref_spoon</name>
		<bndbox>
			<xmin>4063</xmin>
			<ymin>390</ymin>
			<xmax>4515</xmax>
			<ymax>1120</ymax>
		</bndbox>
	</object>
	<object>
		<name>ref_fork</name>
		<bndbox>
			<xmin>4618</xmin>
			<ymin>403</ymin>
			<xmax>4919</xmax>
			<ymax>1170</ymax>
		</bndbox>
	</object>
	<object>
		<name>ref_coin</name>
		<bndbox>
			<xmin>2826</xmin>
			<ymin>2909</ymin>
			<xmax>3162</xmax>
			<ymax>3254</ymax>
		</bndbox>
	</object>
	<object>
		<name>dish</name>
		<bndbox>
			<xmin>1365</xmin>
			<ymin>224</ymin>
			<xmax>3924</xmax>
			<ymax>2779</ymax>
		</bndbox>
	</object>
	<object>
		<name>순대국</name>
		<bndbox>
			<xmin>1777</xmin>
			<ymin>713</ymin>
			<xmax>3520</xmax>
			<ymax>2402</ymax>
		</bndbox>
	</object>
</annotation>