<annotation>
	<folder>side어육류면적접시훈제오리q2</folder>
	<filename>side_어육류면적_접시_훈제오리_Q2_00033.JPG</filename>
	<path>/side어육류면적접시훈제오리q2/side_어육류면적_접시_훈제오리_Q2_00033.JPG</path>
	<source>
		<database>fooddata</database>
	</source>
	<size>
		<width>5472</width>
		<height>3648</height>
		<depth>3</depth>
	</size>
	<object>
		<name>ref_spoon</name>
		<bndbox>
			<xmin>516</xmin>
			<ymin>388</ymin>
			<xmax>1085</xmax>
			<ymax>1231</ymax>
		</bndbox>
	</object>
	<object>
		<name>ref_fork</name>
		<bndbox>
			<xmin>1187</xmin>
			<ymin>495</ymin>
			<xmax>1606</xmax>
			<ymax>1408</ymax>
		</bndbox>
	</object>
	<object>
		<name>ref_coin</name>
		<bndbox>
			<xmin>4414</xmin>
			<ymin>495</ymin>
			<xmax>4817</xmax>
			<ymax>785</ymax>
		</bndbox>
	</object>
	<object>
		<name>dish</name>
		<bndbox>
			<xmin>1686</xmin>
			<ymin>651</ymin>
			<xmax>4607</xmax>
			<ymax>2761</ymax>
		</bndbox>
	</object>
	<object>
		<name>훈제오리</name>
		<bndbox>
			<xmin>2470</xmin>
			<ymin>1247</ymin>
			<xmax>4011</xmax>
			<ymax>1972</ymax>
		</bndbox>
	</object>
</annotation>