<annotation>
	<folder>side어육류면적접시훈제오리q2</folder>
	<filename>side_어육류면적_접시_훈제오리_Q2_00042.JPG</filename>
	<path>/side어육류면적접시훈제오리q2/side_어육류면적_접시_훈제오리_Q2_00042.JPG</path>
	<source>
		<database>fooddata</database>
	</source>
	<size>
		<width>5472</width>
		<height>3648</height>
		<depth>3</depth>
	</size>
	<object>
		<name>ref_spoon</name>
		<bndbox>
			<xmin>558</xmin>
			<ymin>769</ymin>
			<xmax>1117</xmax>
			<ymax>1644</ymax>
		</bndbox>
	</object>
	<object>
		<name>ref_fork</name>
		<bndbox>
			<xmin>1219</xmin>
			<ymin>871</ymin>
			<xmax>1616</xmax>
			<ymax>1827</ymax>
		</bndbox>
	</object>
	<object>
		<name>ref_coin</name>
		<bndbox>
			<xmin>4822</xmin>
			<ymin>2315</ymin>
			<xmax>5252</xmax>
			<ymax>2643</ymax>
		</bndbox>
	</object>
	<object>
		<name>dish</name>
		<bndbox>
			<xmin>1686</xmin>
			<ymin>1032</ymin>
			<xmax>4543</xmax>
			<ymax>3083</ymax>
		</bndbox>
	</object>
	<object>
		<name>훈제오리</name>
		<bndbox>
			<xmin>2239</xmin>
			<ymin>1633</ymin>
			<xmax>3576</xmax>
			<ymax>2509</ymax>
		</bndbox>
	</object>
</annotation>