<annotation>
	<folder>side어육류면적접시훈제오리q2</folder>
	<filename>side_어육류면적_접시_훈제오리_Q2_00007.JPG</filename>
	<path>/side어육류면적접시훈제오리q2/side_어육류면적_접시_훈제오리_Q2_00007.JPG</path>
	<source>
		<database>fooddata</database>
	</source>
	<size>
		<width>5472</width>
		<height>3648</height>
		<depth>3</depth>
	</size>
	<object>
		<name>ref_spoon</name>
		<bndbox>
			<xmin>4017</xmin>
			<ymin>833</ymin>
			<xmax>4543</xmax>
			<ymax>1639</ymax>
		</bndbox>
	</object>
	<object>
		<name>ref_fork</name>
		<bndbox>
			<xmin>4833</xmin>
			<ymin>887</ymin>
			<xmax>5198</xmax>
			<ymax>1784</ymax>
		</bndbox>
	</object>
	<object>
		<name>ref_coin</name>
		<bndbox>
			<xmin>129</xmin>
			<ymin>1290</ymin>
			<xmax>537</xmax>
			<ymax>1585</ymax>
		</bndbox>
	</object>
	<object>
		<name>dish</name>
		<bndbox>
			<xmin>1106</xmin>
			<ymin>565</ymin>
			<xmax>3791</xmax>
			<ymax>2450</ymax>
		</bndbox>
	</object>
	<object>
		<name>훈제오리</name>
		<bndbox>
			<xmin>1939</xmin>
			<ymin>1096</ymin>
			<xmax>3007</xmax>
			<ymax>2020</ymax>
		</bndbox>
	</object>
</annotation>