<annotation>
	<folder>my-project-name</folder>
	<filename>side_어육류면적_접시_훈제오리_Q2_00014.JPG</filename>
	<path>/side어육류면적접시훈제오리q2/side_어육류면적_접시_훈제오리_Q2_00014.JPG</path>
	<source>
		<database>fooddata</database>
	</source>
	<size>
		<width>5472</width>
		<height>3648</height>
		<depth>3</depth>
	</size>
	<object>
		<name>ref_spoon</name>
		<bndbox>
			<xmin>1169</xmin>
			<ymin>2729</ymin>
			<xmax>2046</xmax>
			<ymax>3256</ymax>
		</bndbox>
	</object>
	<object>
		<name>ref_fork</name>
		<bndbox>
			<xmin>1257</xmin>
			<ymin>2263</ymin>
			<xmax>2246</xmax>
			<ymax>2692</ymax>
		</bndbox>
	</object>
	<object>
		<name>ref_coin</name>
		<bndbox>
			<xmin>4154</xmin>
			<ymin>1395</ymin>
			<xmax>4527</xmax>
			<ymax>1679</ymax>
		</bndbox>
	</object>
	<object>
		<name>dish</name>
		<bndbox>
			<xmin>1267</xmin>
			<ymin>350</ymin>
			<xmax>3814</xmax>
			<ymax>2146</ymax>
		</bndbox>
	</object>
	<object>
		<name>훈제오리</name>
		<bndbox>
			<xmin>1906</xmin>
			<ymin>709</ymin>
			<xmax>3053</xmax>
			<ymax>1628</ymax>
		</bndbox>
	</object>
</annotation>