<annotation>
	<folder>side어육류면적접시훈제오리q2</folder>
	<filename>side_어육류면적_접시_훈제오리_Q2_00003.JPG</filename>
	<path>/side어육류면적접시훈제오리q2/side_어육류면적_접시_훈제오리_Q2_00003.JPG</path>
	<source>
		<database>fooddata</database>
	</source>
	<size>
		<width>5472</width>
		<height>3648</height>
		<depth>3</depth>
	</size>
	<object>
		<name>ref_spoon</name>
		<bndbox>
			<xmin>3877</xmin>
			<ymin>855</ymin>
			<xmax>4382</xmax>
			<ymax>1666</ymax>
		</bndbox>
	</object>
	<object>
		<name>ref_fork</name>
		<bndbox>
			<xmin>4672</xmin>
			<ymin>908</ymin>
			<xmax>5037</xmax>
			<ymax>1837</ymax>
		</bndbox>
	</object>
	<object>
		<name>ref_coin</name>
		<bndbox>
			<xmin>2159</xmin>
			<ymin>2944</ymin>
			<xmax>2599</xmax>
			<ymax>3320</ymax>
		</bndbox>
	</object>
	<object>
		<name>dish</name>
		<bndbox>
			<xmin>741</xmin>
			<ymin>715</ymin>
			<xmax>3474</xmax>
			<ymax>2675</ymax>
		</bndbox>
	</object>
	<object>
		<name>훈제오리</name>
		<bndbox>
			<xmin>1702</xmin>
			<ymin>1268</ymin>
			<xmax>2744</xmax>
			<ymax>2117</ymax>
		</bndbox>
	</object>
</annotation>