<annotation>
	<folder>side어육류면적접시훈제오리q2</folder>
	<filename>side_어육류면적_접시_훈제오리_Q2_00026.JPG</filename>
	<path>/side어육류면적접시훈제오리q2/side_어육류면적_접시_훈제오리_Q2_00026.JPG</path>
	<source>
		<database>fooddata</database>
	</source>
	<size>
		<width>5472</width>
		<height>3648</height>
		<depth>3</depth>
	</size>
	<object>
		<name>ref_spoon</name>
		<bndbox>
			<xmin>945</xmin>
			<ymin>280</ymin>
			<xmax>1509</xmax>
			<ymax>1075</ymax>
		</bndbox>
	</object>
	<object>
		<name>ref_fork</name>
		<bndbox>
			<xmin>1606</xmin>
			<ymin>393</ymin>
			<xmax>2003</xmax>
			<ymax>1354</ymax>
		</bndbox>
	</object>
	<object>
		<name>ref_coin</name>
		<bndbox>
			<xmin>3222</xmin>
			<ymin>3056</ymin>
			<xmax>3684</xmax>
			<ymax>3459</ymax>
		</bndbox>
	</object>
	<object>
		<name>dish</name>
		<bndbox>
			<xmin>2116</xmin>
			<ymin>538</ymin>
			<xmax>5021</xmax>
			<ymax>2648</ymax>
		</bndbox>
	</object>
	<object>
		<name>훈제오리</name>
		<bndbox>
			<xmin>2900</xmin>
			<ymin>1204</ymin>
			<xmax>4355</xmax>
			<ymax>2020</ymax>
		</bndbox>
	</object>
</annotation>