<annotation>
	<folder>side어육류면적접시훈제오리q2</folder>
	<filename>side_어육류면적_접시_훈제오리_Q2_00010.JPG</filename>
	<path>/side어육류면적접시훈제오리q2/side_어육류면적_접시_훈제오리_Q2_00010.JPG</path>
	<source>
		<database>fooddata</database>
	</source>
	<size>
		<width>5472</width>
		<height>3648</height>
		<depth>3</depth>
	</size>
	<object>
		<name>ref_spoon</name>
		<bndbox>
			<xmin>3190</xmin>
			<ymin>908</ymin>
			<xmax>3695</xmax>
			<ymax>1709</ymax>
		</bndbox>
	</object>
	<object>
		<name>ref_fork</name>
		<bndbox>
			<xmin>3995</xmin>
			<ymin>935</ymin>
			<xmax>4339</xmax>
			<ymax>1832</ymax>
		</bndbox>
	</object>
	<object>
		<name>ref_coin</name>
		<bndbox>
			<xmin>4430</xmin>
			<ymin>2009</ymin>
			<xmax>4828</xmax>
			<ymax>2321</ymax>
		</bndbox>
	</object>
	<object>
		<name>dish</name>
		<bndbox>
			<xmin>226</xmin>
			<ymin>790</ymin>
			<xmax>2900</xmax>
			<ymax>2686</ymax>
		</bndbox>
	</object>
	<object>
		<name>훈제오리</name>
		<bndbox>
			<xmin>967</xmin>
			<ymin>1300</ymin>
			<xmax>2030</xmax>
			<ymax>2203</ymax>
		</bndbox>
	</object>
</annotation>