<annotation>
	<folder>side어육류면적접시훈제오리q2</folder>
	<filename>side_어육류면적_접시_훈제오리_Q2_00032.JPG</filename>
	<path>/side어육류면적접시훈제오리q2/side_어육류면적_접시_훈제오리_Q2_00032.JPG</path>
	<source>
		<database>fooddata</database>
	</source>
	<size>
		<width>5472</width>
		<height>3648</height>
		<depth>3</depth>
	</size>
	<object>
		<name>ref_spoon</name>
		<bndbox>
			<xmin>430</xmin>
			<ymin>452</ymin>
			<xmax>999</xmax>
			<ymax>1322</ymax>
		</bndbox>
	</object>
	<object>
		<name>ref_fork</name>
		<bndbox>
			<xmin>1095</xmin>
			<ymin>559</ymin>
			<xmax>1509</xmax>
			<ymax>1478</ymax>
		</bndbox>
	</object>
	<object>
		<name>ref_coin</name>
		<bndbox>
			<xmin>4817</xmin>
			<ymin>1376</ymin>
			<xmax>5230</xmax>
			<ymax>1682</ymax>
		</bndbox>
	</object>
	<object>
		<name>dish</name>
		<bndbox>
			<xmin>1611</xmin>
			<ymin>731</ymin>
			<xmax>4516</xmax>
			<ymax>2825</ymax>
		</bndbox>
	</object>
	<object>
		<name>훈제오리</name>
		<bndbox>
			<xmin>2508</xmin>
			<ymin>1392</ymin>
			<xmax>3925</xmax>
			<ymax>2385</ymax>
		</bndbox>
	</object>
</annotation>