<annotation>
	<folder>side어육류면적접시훈제오리q2</folder>
	<filename>side_어육류면적_접시_훈제오리_Q2_00051.JPG</filename>
	<path>/side어육류면적접시훈제오리q2/side_어육류면적_접시_훈제오리_Q2_00051.JPG</path>
	<source>
		<database>fooddata</database>
	</source>
	<size>
		<width>5472</width>
		<height>3648</height>
		<depth>3</depth>
	</size>
	<object>
		<name>ref_spoon</name>
		<bndbox>
			<xmin>505</xmin>
			<ymin>651</ymin>
			<xmax>1042</xmax>
			<ymax>1429</ymax>
		</bndbox>
	</object>
	<object>
		<name>ref_fork</name>
		<bndbox>
			<xmin>1144</xmin>
			<ymin>774</ymin>
			<xmax>1541</xmax>
			<ymax>1633</ymax>
		</bndbox>
	</object>
	<object>
		<name>ref_coin</name>
		<bndbox>
			<xmin>4876</xmin>
			<ymin>2025</ymin>
			<xmax>5322</xmax>
			<ymax>2337</ymax>
		</bndbox>
	</object>
	<object>
		<name>dish</name>
		<bndbox>
			<xmin>1627</xmin>
			<ymin>892</ymin>
			<xmax>4457</xmax>
			<ymax>2944</ymax>
		</bndbox>
	</object>
	<object>
		<name>훈제오리</name>
		<bndbox>
			<xmin>2390</xmin>
			<ymin>1257</ymin>
			<xmax>4060</xmax>
			<ymax>2181</ymax>
		</bndbox>
	</object>
</annotation>