<annotation>
	<folder>top어육류면적접시훈제오리q2</folder>
	<filename>top_어육류면적_접시_훈제오리_Q2_00020.JPG</filename>
	<path>/top어육류면적접시훈제오리q2/top_어육류면적_접시_훈제오리_Q2_00020.JPG</path>
	<source>
		<database>fooddata</database>
	</source>
	<size>
		<width>5472</width>
		<height>3648</height>
		<depth>3</depth>
	</size>
	<object>
		<name>ref_spoon</name>
		<bndbox>
			<xmin>1560</xmin>
			<ymin>2921</ymin>
			<xmax>2253</xmax>
			<ymax>3379</ymax>
		</bndbox>
	</object>
	<object>
		<name>ref_fork</name>
		<bndbox>
			<xmin>1629</xmin>
			<ymin>2516</ymin>
			<xmax>2361</xmax>
			<ymax>2801</ymax>
		</bndbox>
	</object>
	<object>
		<name>ref_coin</name>
		<bndbox>
			<xmin>3498</xmin>
			<ymin>275</ymin>
			<xmax>3772</xmax>
			<ymax>544</ymax>
		</bndbox>
	</object>
	<object>
		<name>dish</name>
		<bndbox>
			<xmin>1924</xmin>
			<ymin>472</ymin>
			<xmax>4025</xmax>
			<ymax>2526</ymax>
		</bndbox>
	</object>
	<object>
		<name>훈제오리</name>
		<bndbox>
			<xmin>2445</xmin>
			<ymin>1064</ymin>
			<xmax>3407</xmax>
			<ymax>2014</ymax>
		</bndbox>
	</object>
</annotation>