<annotation>
	<folder>top어육류면적접시훈제오리q2</folder>
	<filename>top_어육류면적_접시_훈제오리_Q2_00042.JPG</filename>
	<path>/top어육류면적접시훈제오리q2/top_어육류면적_접시_훈제오리_Q2_00042.JPG</path>
	<source>
		<database>fooddata</database>
	</source>
	<size>
		<width>5472</width>
		<height>3648</height>
		<depth>3</depth>
	</size>
	<object>
		<name>ref_spoon</name>
		<bndbox>
			<xmin>1017</xmin>
			<ymin>239</ymin>
			<xmax>1504</xmax>
			<ymax>990</ymax>
		</bndbox>
	</object>
	<object>
		<name>ref_fork</name>
		<bndbox>
			<xmin>1614</xmin>
			<ymin>360</ymin>
			<xmax>1938</xmax>
			<ymax>1217</ymax>
		</bndbox>
	</object>
	<object>
		<name>ref_coin</name>
		<bndbox>
			<xmin>4462</xmin>
			<ymin>2536</ymin>
			<xmax>4806</xmax>
			<ymax>2888</ymax>
		</bndbox>
	</object>
	<object>
		<name>dish</name>
		<bndbox>
			<xmin>2073</xmin>
			<ymin>472</ymin>
			<xmax>4604</xmax>
			<ymax>2946</ymax>
		</bndbox>
	</object>
	<object>
		<name>훈제오리</name>
		<bndbox>
			<xmin>2852</xmin>
			<ymin>1071</ymin>
			<xmax>4058</xmax>
			<ymax>2524</ymax>
		</bndbox>
	</object>
</annotation>