<annotation>
	<folder>top어육류면적접시훈제오리q2</folder>
	<filename>top_어육류면적_접시_훈제오리_Q2_00052.JPG</filename>
	<path>/top어육류면적접시훈제오리q2/top_어육류면적_접시_훈제오리_Q2_00052.JPG</path>
	<source>
		<database>fooddata</database>
	</source>
	<size>
		<width>5472</width>
		<height>3648</height>
		<depth>3</depth>
	</size>
	<object>
		<name>ref_spoon</name>
		<bndbox>
			<xmin>943</xmin>
			<ymin>352</ymin>
			<xmax>1412</xmax>
			<ymax>1099</ymax>
		</bndbox>
	</object>
	<object>
		<name>ref_fork</name>
		<bndbox>
			<xmin>1523</xmin>
			<ymin>467</ymin>
			<xmax>1838</xmax>
			<ymax>1306</ymax>
		</bndbox>
	</object>
	<object>
		<name>ref_coin</name>
		<bndbox>
			<xmin>4281</xmin>
			<ymin>2656</ymin>
			<xmax>4633</xmax>
			<ymax>3011</ymax>
		</bndbox>
	</object>
	<object>
		<name>dish</name>
		<bndbox>
			<xmin>1956</xmin>
			<ymin>561</ymin>
			<xmax>4446</xmax>
			<ymax>3018</ymax>
		</bndbox>
	</object>
	<object>
		<name>훈제오리</name>
		<bndbox>
			<xmin>2880</xmin>
			<ymin>1422</ymin>
			<xmax>4155</xmax>
			<ymax>2526</ymax>
		</bndbox>
	</object>
</annotation>