<annotation>
	<folder>top어육류면적접시훈제오리q2</folder>
	<filename>top_어육류면적_접시_훈제오리_Q2_00031.JPG</filename>
	<path>/top어육류면적접시훈제오리q2/top_어육류면적_접시_훈제오리_Q2_00031.JPG</path>
	<source>
		<database>fooddata</database>
	</source>
	<size>
		<width>5472</width>
		<height>3648</height>
		<depth>3</depth>
	</size>
	<object>
		<name>ref_spoon</name>
		<bndbox>
			<xmin>1031</xmin>
			<ymin>360</ymin>
			<xmax>1511</xmax>
			<ymax>1142</ymax>
		</bndbox>
	</object>
	<object>
		<name>ref_fork</name>
		<bndbox>
			<xmin>1642</xmin>
			<ymin>446</ymin>
			<xmax>1955</xmax>
			<ymax>1263</ymax>
		</bndbox>
	</object>
	<object>
		<name>ref_coin</name>
		<bndbox>
			<xmin>4643</xmin>
			<ymin>2625</ymin>
			<xmax>5002</xmax>
			<ymax>2984</ymax>
		</bndbox>
	</object>
	<object>
		<name>dish</name>
		<bndbox>
			<xmin>2135</xmin>
			<ymin>442</ymin>
			<xmax>4688</xmax>
			<ymax>2937</ymax>
		</bndbox>
	</object>
	<object>
		<name>훈제오리</name>
		<bndbox>
			<xmin>2526</xmin>
			<ymin>851</ymin>
			<xmax>4041</xmax>
			<ymax>2273</ymax>
		</bndbox>
	</object>
</annotation>