<annotation>
	<folder>top어육류면적접시훈제오리q2</folder>
	<filename>top_어육류면적_접시_훈제오리_Q2_00038.JPG</filename>
	<path>/top어육류면적접시훈제오리q2/top_어육류면적_접시_훈제오리_Q2_00038.JPG</path>
	<source>
		<database>fooddata</database>
	</source>
	<size>
		<width>5472</width>
		<height>3648</height>
		<depth>3</depth>
	</size>
	<object>
		<name>ref_spoon</name>
		<bndbox>
			<xmin>846</xmin>
			<ymin>570</ymin>
			<xmax>1358</xmax>
			<ymax>1377</ymax>
		</bndbox>
	</object>
	<object>
		<name>ref_fork</name>
		<bndbox>
			<xmin>1486</xmin>
			<ymin>673</ymin>
			<xmax>1817</xmax>
			<ymax>1537</ymax>
		</bndbox>
	</object>
	<object>
		<name>ref_coin</name>
		<bndbox>
			<xmin>3726</xmin>
			<ymin>254</ymin>
			<xmax>4071</xmax>
			<ymax>584</ymax>
		</bndbox>
	</object>
	<object>
		<name>dish</name>
		<bndbox>
			<xmin>1990</xmin>
			<ymin>722</ymin>
			<xmax>4646</xmax>
			<ymax>3334</ymax>
		</bndbox>
	</object>
	<object>
		<name>훈제오리</name>
		<bndbox>
			<xmin>2768</xmin>
			<ymin>1281</ymin>
			<xmax>3853</xmax>
			<ymax>2507</ymax>
		</bndbox>
	</object>
</annotation>