<annotation>
	<folder>top어육류면적접시훈제오리q2</folder>
	<filename>top_어육류면적_접시_훈제오리_Q2_00051.JPG</filename>
	<path>/top어육류면적접시훈제오리q2/top_어육류면적_접시_훈제오리_Q2_00051.JPG</path>
	<source>
		<database>fooddata</database>
	</source>
	<size>
		<width>5472</width>
		<height>3648</height>
		<depth>3</depth>
	</size>
	<object>
		<name>ref_spoon</name>
		<bndbox>
			<xmin>943</xmin>
			<ymin>157</ymin>
			<xmax>1423</xmax>
			<ymax>881</ymax>
		</bndbox>
	</object>
	<object>
		<name>ref_fork</name>
		<bndbox>
			<xmin>1531</xmin>
			<ymin>271</ymin>
			<xmax>1845</xmax>
			<ymax>1077</ymax>
		</bndbox>
	</object>
	<object>
		<name>ref_coin</name>
		<bndbox>
			<xmin>3816</xmin>
			<ymin>2881</ymin>
			<xmax>4167</xmax>
			<ymax>3240</ymax>
		</bndbox>
	</object>
	<object>
		<name>dish</name>
		<bndbox>
			<xmin>1950</xmin>
			<ymin>371</ymin>
			<xmax>4432</xmax>
			<ymax>2801</ymax>
		</bndbox>
	</object>
	<object>
		<name>훈제오리</name>
		<bndbox>
			<xmin>2879</xmin>
			<ymin>1221</ymin>
			<xmax>4146</xmax>
			<ymax>2330</ymax>
		</bndbox>
	</object>
</annotation>