<annotation>
	<folder>top어육류면적접시훈제오리q2</folder>
	<filename>top_어육류면적_접시_훈제오리_Q2_00044.JPG</filename>
	<path>/top어육류면적접시훈제오리q2/top_어육류면적_접시_훈제오리_Q2_00044.JPG</path>
	<source>
		<database>fooddata</database>
	</source>
	<size>
		<width>5472</width>
		<height>3648</height>
		<depth>3</depth>
	</size>
	<object>
		<name>ref_spoon</name>
		<bndbox>
			<xmin>994</xmin>
			<ymin>235</ymin>
			<xmax>1479</xmax>
			<ymax>1024</ymax>
		</bndbox>
	</object>
	<object>
		<name>ref_fork</name>
		<bndbox>
			<xmin>1601</xmin>
			<ymin>351</ymin>
			<xmax>1918</xmax>
			<ymax>1196</ymax>
		</bndbox>
	</object>
	<object>
		<name>ref_coin</name>
		<bndbox>
			<xmin>4711</xmin>
			<ymin>1649</ymin>
			<xmax>5055</xmax>
			<ymax>1996</ymax>
		</bndbox>
	</object>
	<object>
		<name>dish</name>
		<bndbox>
			<xmin>2048</xmin>
			<ymin>444</ymin>
			<xmax>4583</xmax>
			<ymax>2930</ymax>
		</bndbox>
	</object>
	<object>
		<name>훈제오리</name>
		<bndbox>
			<xmin>2564</xmin>
			<ymin>1028</ymin>
			<xmax>4291</xmax>
			<ymax>2556</ymax>
		</bndbox>
	</object>
</annotation>