<annotation>
	<folder>top어육류면적접시훈제오리q2</folder>
	<filename>top_어육류면적_접시_훈제오리_Q2_00053.JPG</filename>
	<path>/top어육류면적접시훈제오리q2/top_어육류면적_접시_훈제오리_Q2_00053.JPG</path>
	<source>
		<database>fooddata</database>
	</source>
	<size>
		<width>5472</width>
		<height>3648</height>
		<depth>3</depth>
	</size>
	<object>
		<name>ref_spoon</name>
		<bndbox>
			<xmin>915</xmin>
			<ymin>291</ymin>
			<xmax>1386</xmax>
			<ymax>1049</ymax>
		</bndbox>
	</object>
	<object>
		<name>ref_fork</name>
		<bndbox>
			<xmin>1491</xmin>
			<ymin>408</ymin>
			<xmax>1806</xmax>
			<ymax>1255</ymax>
		</bndbox>
	</object>
	<object>
		<name>ref_coin</name>
		<bndbox>
			<xmin>4409</xmin>
			<ymin>2232</ymin>
			<xmax>4745</xmax>
			<ymax>2574</ymax>
		</bndbox>
	</object>
	<object>
		<name>dish</name>
		<bndbox>
			<xmin>1912</xmin>
			<ymin>537</ymin>
			<xmax>4403</xmax>
			<ymax>2989</ymax>
		</bndbox>
	</object>
	<object>
		<name>훈제오리</name>
		<bndbox>
			<xmin>2671</xmin>
			<ymin>1252</ymin>
			<xmax>4145</xmax>
			<ymax>2512</ymax>
		</bndbox>
	</object>
</annotation>