<annotation>
	<folder>side건더기국류전골냄비곱창전골q3</folder>
	<filename>side_건더기국류_전골냄비_곱창전골_Q3_00028.JPG</filename>
	<path>/side건더기국류전골냄비곱창전골q3/side_건더기국류_전골냄비_곱창전골_Q3_00028.JPG</path>
	<source>
		<database>fooddata</database>
	</source>
	<size>
		<width>3008</width>
		<height>2000</height>
		<depth>3</depth>
	</size>
	<object>
		<name>ref_spoon</name>
		<bndbox>
			<xmin>739</xmin>
			<ymin>1683</ymin>
			<xmax>1152</xmax>
			<ymax>1922</ymax>
		</bndbox>
	</object>
	<object>
		<name>ref_fork</name>
		<bndbox>
			<xmin>878</xmin>
			<ymin>1504</ymin>
			<xmax>1308</xmax>
			<ymax>1702</ymax>
		</bndbox>
	</object>
	<object>
		<name>ref_coin</name>
		<bndbox>
			<xmin>734</xmin>
			<ymin>1210</ymin>
			<xmax>922</xmax>
			<ymax>1363</ymax>
		</bndbox>
	</object>
	<object>
		<name>dish</name>
		<bndbox>
			<xmin>972</xmin>
			<ymin>193</ymin>
			<xmax>2198</xmax>
			<ymax>1130</ymax>
		</bndbox>
	</object>
	<object>
		<name>곱창전골</name>
		<bndbox>
			<xmin>1082</xmin>
			<ymin>454</ymin>
			<xmax>2055</xmax>
			<ymax>985</ymax>
		</bndbox>
	</object>
</annotation>