<annotation>
	<folder>side건더기국류전골냄비곱창전골q3</folder>
	<filename>side_건더기국류_전골냄비_곱창전골_Q3_00026.JPG</filename>
	<path>/side건더기국류전골냄비곱창전골q3/side_건더기국류_전골냄비_곱창전골_Q3_00026.JPG</path>
	<source>
		<database>fooddata</database>
	</source>
	<size>
		<width>3008</width>
		<height>2000</height>
		<depth>3</depth>
	</size>
	<object>
		<name>ref_spoon</name>
		<bndbox>
			<xmin>666</xmin>
			<ymin>1629</ymin>
			<xmax>1105</xmax>
			<ymax>1882</ymax>
		</bndbox>
	</object>
	<object>
		<name>ref_fork</name>
		<bndbox>
			<xmin>807</xmin>
			<ymin>1438</ymin>
			<xmax>1270</xmax>
			<ymax>1647</ymax>
		</bndbox>
	</object>
	<object>
		<name>ref_coin</name>
		<bndbox>
			<xmin>732</xmin>
			<ymin>1130</ymin>
			<xmax>929</xmax>
			<ymax>1290</ymax>
		</bndbox>
	</object>
	<object>
		<name>dish</name>
		<bndbox>
			<xmin>917</xmin>
			<ymin>113</ymin>
			<xmax>2205</xmax>
			<ymax>1112</ymax>
		</bndbox>
	</object>
	<object>
		<name>곱창전골</name>
		<bndbox>
			<xmin>1040</xmin>
			<ymin>374</ymin>
			<xmax>2069</xmax>
			<ymax>968</ymax>
		</bndbox>
	</object>
</annotation>