<annotation>
	<folder>side건더기국류전골냄비곱창전골q3</folder>
	<filename>side_건더기국류_전골냄비_곱창전골_Q3_00017.JPG</filename>
	<path>/side건더기국류전골냄비곱창전골q3/side_건더기국류_전골냄비_곱창전골_Q3_00017.JPG</path>
	<source>
		<database>fooddata</database>
	</source>
	<size>
		<width>3008</width>
		<height>2000</height>
		<depth>3</depth>
	</size>
	<object>
		<name>ref_spoon</name>
		<bndbox>
			<xmin>1947</xmin>
			<ymin>519</ymin>
			<xmax>2187</xmax>
			<ymax>818</ymax>
		</bndbox>
	</object>
	<object>
		<name>ref_fork</name>
		<bndbox>
			<xmin>2318</xmin>
			<ymin>550</ymin>
			<xmax>2483</xmax>
			<ymax>891</ymax>
		</bndbox>
	</object>
	<object>
		<name>ref_coin</name>
		<bndbox>
			<xmin>2431</xmin>
			<ymin>1615</ymin>
			<xmax>2628</xmax>
			<ymax>1767</ymax>
		</bndbox>
	</object>
	<object>
		<name>dish</name>
		<bndbox>
			<xmin>377</xmin>
			<ymin>541</ymin>
			<xmax>1672</xmax>
			<ymax>1572</ymax>
		</bndbox>
	</object>
	<object>
		<name>곱창전골</name>
		<bndbox>
			<xmin>504</xmin>
			<ymin>801</ymin>
			<xmax>1547</xmax>
			<ymax>1427</ymax>
		</bndbox>
	</object>
</annotation>