<annotation>
	<folder>side건더기국류전골냄비곱창전골q3</folder>
	<filename>side_건더기국류_전골냄비_곱창전골_Q3_00010.JPG</filename>
	<path>/side건더기국류전골냄비곱창전골q3/side_건더기국류_전골냄비_곱창전골_Q3_00010.JPG</path>
	<source>
		<database>fooddata</database>
	</source>
	<size>
		<width>3008</width>
		<height>2000</height>
		<depth>3</depth>
	</size>
	<object>
		<name>ref_spoon</name>
		<bndbox>
			<xmin>2182</xmin>
			<ymin>517</ymin>
			<xmax>2452</xmax>
			<ymax>870</ymax>
		</bndbox>
	</object>
	<object>
		<name>ref_fork</name>
		<bndbox>
			<xmin>2614</xmin>
			<ymin>550</ymin>
			<xmax>2798</xmax>
			<ymax>949</ymax>
		</bndbox>
	</object>
	<object>
		<name>ref_coin</name>
		<bndbox>
			<xmin>39</xmin>
			<ymin>1166</ymin>
			<xmax>264</xmax>
			<ymax>1330</ymax>
		</bndbox>
	</object>
	<object>
		<name>dish</name>
		<bndbox>
			<xmin>553</xmin>
			<ymin>414</ymin>
			<xmax>2060</xmax>
			<ymax>1572</ymax>
		</bndbox>
	</object>
	<object>
		<name>곱창전골</name>
		<bndbox>
			<xmin>697</xmin>
			<ymin>707</ymin>
			<xmax>1907</xmax>
			<ymax>1401</ymax>
		</bndbox>
	</object>
</annotation>