<annotation>
	<folder>side건더기국류전골냄비곱창전골q3</folder>
	<filename>side_건더기국류_전골냄비_곱창전골_Q3_00018.JPG</filename>
	<path>/side건더기국류전골냄비곱창전골q3/side_건더기국류_전골냄비_곱창전골_Q3_00018.JPG</path>
	<source>
		<database>fooddata</database>
	</source>
	<size>
		<width>3008</width>
		<height>2000</height>
		<depth>3</depth>
	</size>
	<object>
		<name>ref_spoon</name>
		<bndbox>
			<xmin>718</xmin>
			<ymin>1558</ymin>
			<xmax>1162</xmax>
			<ymax>1796</ymax>
		</bndbox>
	</object>
	<object>
		<name>ref_fork</name>
		<bndbox>
			<xmin>842</xmin>
			<ymin>1368</ymin>
			<xmax>1324</xmax>
			<ymax>1553</ymax>
		</bndbox>
	</object>
	<object>
		<name>ref_coin</name>
		<bndbox>
			<xmin>2504</xmin>
			<ymin>989</ymin>
			<xmax>2699</xmax>
			<ymax>1140</ymax>
		</bndbox>
	</object>
	<object>
		<name>dish</name>
		<bndbox>
			<xmin>805</xmin>
			<ymin>99</ymin>
			<xmax>2114</xmax>
			<ymax>1128</ymax>
		</bndbox>
	</object>
	<object>
		<name>곱창전골</name>
		<bndbox>
			<xmin>932</xmin>
			<ymin>390</ymin>
			<xmax>1987</xmax>
			<ymax>985</ymax>
		</bndbox>
	</object>
</annotation>