<annotation>
	<folder>side건더기국류전골냄비곱창전골q3</folder>
	<filename>side_건더기국류_전골냄비_곱창전골_Q3_00014.JPG</filename>
	<path>/side건더기국류전골냄비곱창전골q3/side_건더기국류_전골냄비_곱창전골_Q3_00014.JPG</path>
	<source>
		<database>fooddata</database>
	</source>
	<size>
		<width>3008</width>
		<height>2000</height>
		<depth>3</depth>
	</size>
	<object>
		<name>ref_spoon</name>
		<bndbox>
			<xmin>2133</xmin>
			<ymin>606</ymin>
			<xmax>2400</xmax>
			<ymax>961</ymax>
		</bndbox>
	</object>
	<object>
		<name>ref_fork</name>
		<bndbox>
			<xmin>2560</xmin>
			<ymin>635</ymin>
			<xmax>2753</xmax>
			<ymax>1036</ymax>
		</bndbox>
	</object>
	<object>
		<name>ref_coin</name>
		<bndbox>
			<xmin>2370</xmin>
			<ymin>439</ymin>
			<xmax>2560</xmax>
			<ymax>569</ymax>
		</bndbox>
	</object>
	<object>
		<name>dish</name>
		<bndbox>
			<xmin>454</xmin>
			<ymin>541</ymin>
			<xmax>1966</xmax>
			<ymax>1723</ymax>
		</bndbox>
	</object>
	<object>
		<name>곱창전골</name>
		<bndbox>
			<xmin>598</xmin>
			<ymin>863</ymin>
			<xmax>1808</xmax>
			<ymax>1535</ymax>
		</bndbox>
	</object>
</annotation>