<annotation>
	<folder>side건더기국류전골냄비곱창전골q3</folder>
	<filename>side_건더기국류_전골냄비_곱창전골_Q3_00020.JPG</filename>
	<path>/side건더기국류전골냄비곱창전골q3/side_건더기국류_전골냄비_곱창전골_Q3_00020.JPG</path>
	<source>
		<database>fooddata</database>
	</source>
	<size>
		<width>3008</width>
		<height>2000</height>
		<depth>3</depth>
	</size>
	<object>
		<name>ref_spoon</name>
		<bndbox>
			<xmin>802</xmin>
			<ymin>1692</ymin>
			<xmax>1249</xmax>
			<ymax>1932</ymax>
		</bndbox>
	</object>
	<object>
		<name>ref_fork</name>
		<bndbox>
			<xmin>927</xmin>
			<ymin>1506</ymin>
			<xmax>1404</xmax>
			<ymax>1692</ymax>
		</bndbox>
	</object>
	<object>
		<name>ref_coin</name>
		<bndbox>
			<xmin>2600</xmin>
			<ymin>787</ymin>
			<xmax>2795</xmax>
			<ymax>919</ymax>
		</bndbox>
	</object>
	<object>
		<name>dish</name>
		<bndbox>
			<xmin>791</xmin>
			<ymin>150</ymin>
			<xmax>2086</xmax>
			<ymax>1159</ymax>
		</bndbox>
	</object>
	<object>
		<name>곱창전골</name>
		<bndbox>
			<xmin>910</xmin>
			<ymin>418</ymin>
			<xmax>1956</xmax>
			<ymax>1015</ymax>
		</bndbox>
	</object>
</annotation>