<annotation>
	<folder>side건더기국류전골냄비곱창전골q3</folder>
	<filename>side_건더기국류_전골냄비_곱창전골_Q3_00045.JPG</filename>
	<path>/side건더기국류전골냄비곱창전골q3/side_건더기국류_전골냄비_곱창전골_Q3_00045.JPG</path>
	<source>
		<database>fooddata</database>
	</source>
	<size>
		<width>3008</width>
		<height>2000</height>
		<depth>3</depth>
	</size>
	<object>
		<name>ref_spoon</name>
		<bndbox>
			<xmin>527</xmin>
			<ymin>637</ymin>
			<xmax>779</xmax>
			<ymax>973</ymax>
		</bndbox>
	</object>
	<object>
		<name>ref_fork</name>
		<bndbox>
			<xmin>833</xmin>
			<ymin>691</ymin>
			<xmax>1002</xmax>
			<ymax>1074</ymax>
		</bndbox>
	</object>
	<object>
		<name>ref_coin</name>
		<bndbox>
			<xmin>1058</xmin>
			<ymin>1669</ymin>
			<xmax>1265</xmax>
			<ymax>1835</ymax>
		</bndbox>
	</object>
	<object>
		<name>dish</name>
		<bndbox>
			<xmin>1242</xmin>
			<ymin>555</ymin>
			<xmax>2612</xmax>
			<ymax>1652</ymax>
		</bndbox>
	</object>
	<object>
		<name>곱창전골</name>
		<bndbox>
			<xmin>1380</xmin>
			<ymin>820</ymin>
			<xmax>2471</xmax>
			<ymax>1530</ymax>
		</bndbox>
	</object>
</annotation>