<annotation>
	<folder>top건더기국류전골냄비곱창전골q3</folder>
	<filename>top_건더기국류_전골냄비_곱창전골_Q3_00044.JPG</filename>
	<path>/top건더기국류전골냄비곱창전골q3/top_건더기국류_전골냄비_곱창전골_Q3_00044.JPG</path>
	<source>
		<database>fooddata</database>
	</source>
	<size>
		<width>3008</width>
		<height>2000</height>
		<depth>3</depth>
	</size>
	<object>
		<name>ref_spoon</name>
		<bndbox>
			<xmin>473</xmin>
			<ymin>342</ymin>
			<xmax>732</xmax>
			<ymax>713</ymax>
		</bndbox>
	</object>
	<object>
		<name>ref_fork</name>
		<bndbox>
			<xmin>772</xmin>
			<ymin>378</ymin>
			<xmax>965</xmax>
			<ymax>784</ymax>
		</bndbox>
	</object>
	<object>
		<name>ref_coin</name>
		<bndbox>
			<xmin>798</xmin>
			<ymin>1561</ymin>
			<xmax>991</xmax>
			<ymax>1739</ymax>
		</bndbox>
	</object>
	<object>
		<name>dish</name>
		<bndbox>
			<xmin>986</xmin>
			<ymin>388</ymin>
			<xmax>2256</xmax>
			<ymax>1628</ymax>
		</bndbox>
	</object>
	<object>
		<name>곱창전골</name>
		<bndbox>
			<xmin>1138</xmin>
			<ymin>566</ymin>
			<xmax>2058</xmax>
			<ymax>1480</ymax>
		</bndbox>
	</object>
</annotation>