<annotation>
	<folder>top건더기국류전골냄비곱창전골q3</folder>
	<filename>top_건더기국류_전골냄비_곱창전골_Q3_00003.JPG</filename>
	<path>/top건더기국류전골냄비곱창전골q3/top_건더기국류_전골냄비_곱창전골_Q3_00003.JPG</path>
	<source>
		<database>fooddata</database>
	</source>
	<size>
		<width>3008</width>
		<height>2000</height>
		<depth>3</depth>
	</size>
	<object>
		<name>ref_spoon</name>
		<bndbox>
			<xmin>2195</xmin>
			<ymin>225</ymin>
			<xmax>2454</xmax>
			<ymax>616</ymax>
		</bndbox>
	</object>
	<object>
		<name>ref_fork</name>
		<bndbox>
			<xmin>2535</xmin>
			<ymin>378</ymin>
			<xmax>2744</xmax>
			<ymax>825</ymax>
		</bndbox>
	</object>
	<object>
		<name>ref_coin</name>
		<bndbox>
			<xmin>1565</xmin>
			<ymin>1536</ymin>
			<xmax>1763</xmax>
			<ymax>1744</ymax>
		</bndbox>
	</object>
	<object>
		<name>dish</name>
		<bndbox>
			<xmin>513</xmin>
			<ymin>164</ymin>
			<xmax>1910</xmax>
			<ymax>1556</ymax>
		</bndbox>
	</object>
	<object>
		<name>곱창전골</name>
		<bndbox>
			<xmin>706</xmin>
			<ymin>372</ymin>
			<xmax>1707</xmax>
			<ymax>1424</ymax>
		</bndbox>
	</object>
</annotation>