<annotation>
	<folder>top건더기국류전골냄비곱창전골q3</folder>
	<filename>top_건더기국류_전골냄비_곱창전골_Q3_00035.JPG</filename>
	<path>/top건더기국류전골냄비곱창전골q3/top_건더기국류_전골냄비_곱창전골_Q3_00035.JPG</path>
	<source>
		<database>fooddata</database>
	</source>
	<size>
		<width>3008</width>
		<height>2000</height>
		<depth>3</depth>
	</size>
	<object>
		<name>ref_spoon</name>
		<bndbox>
			<xmin>955</xmin>
			<ymin>1638</ymin>
			<xmax>1311</xmax>
			<ymax>1871</ymax>
		</bndbox>
	</object>
	<object>
		<name>ref_fork</name>
		<bndbox>
			<xmin>986</xmin>
			<ymin>1424</ymin>
			<xmax>1352</xmax>
			<ymax>1582</ymax>
		</bndbox>
	</object>
	<object>
		<name>ref_coin</name>
		<bndbox>
			<xmin>1601</xmin>
			<ymin>32</ymin>
			<xmax>1743</xmax>
			<ymax>164</ymax>
		</bndbox>
	</object>
	<object>
		<name>dish</name>
		<bndbox>
			<xmin>904</xmin>
			<ymin>225</ymin>
			<xmax>1961</xmax>
			<ymax>1262</ymax>
		</bndbox>
	</object>
	<object>
		<name>곱창전골</name>
		<bndbox>
			<xmin>1067</xmin>
			<ymin>428</ymin>
			<xmax>1809</xmax>
			<ymax>1150</ymax>
		</bndbox>
	</object>
</annotation>