<annotation>
	<folder>top건더기국류전골냄비곱창전골q3</folder>
	<filename>top_건더기국류_전골냄비_곱창전골_Q3_00048.JPG</filename>
	<path>/top건더기국류전골냄비곱창전골q3/top_건더기국류_전골냄비_곱창전골_Q3_00048.JPG</path>
	<source>
		<database>fooddata</database>
	</source>
	<size>
		<width>3008</width>
		<height>2000</height>
		<depth>3</depth>
	</size>
	<object>
		<name>ref_spoon</name>
		<bndbox>
			<xmin>437</xmin>
			<ymin>286</ymin>
			<xmax>701</xmax>
			<ymax>667</ymax>
		</bndbox>
	</object>
	<object>
		<name>ref_fork</name>
		<bndbox>
			<xmin>752</xmin>
			<ymin>317</ymin>
			<xmax>955</xmax>
			<ymax>754</ymax>
		</bndbox>
	</object>
	<object>
		<name>ref_coin</name>
		<bndbox>
			<xmin>137</xmin>
			<ymin>1180</ymin>
			<xmax>335</xmax>
			<ymax>1373</ymax>
		</bndbox>
	</object>
	<object>
		<name>dish</name>
		<bndbox>
			<xmin>1077</xmin>
			<ymin>296</ymin>
			<xmax>2408</xmax>
			<ymax>1582</ymax>
		</bndbox>
	</object>
	<object>
		<name>곱창전골</name>
		<bndbox>
			<xmin>1240</xmin>
			<ymin>494</ymin>
			<xmax>2165</xmax>
			<ymax>1450</ymax>
		</bndbox>
	</object>
</annotation>