<annotation>
	<folder>top건더기국류전골냄비곱창전골q3</folder>
	<filename>top_건더기국류_전골냄비_곱창전골_Q3_00052.JPG</filename>
	<path>/top건더기국류전골냄비곱창전골q3/top_건더기국류_전골냄비_곱창전골_Q3_00052.JPG</path>
	<source>
		<database>fooddata</database>
	</source>
	<size>
		<width>3008</width>
		<height>2000</height>
		<depth>3</depth>
	</size>
	<object>
		<name>ref_spoon</name>
		<bndbox>
			<xmin>539</xmin>
			<ymin>403</ymin>
			<xmax>803</xmax>
			<ymax>804</ymax>
		</bndbox>
	</object>
	<object>
		<name>ref_fork</name>
		<bndbox>
			<xmin>849</xmin>
			<ymin>464</ymin>
			<xmax>1062</xmax>
			<ymax>906</ymax>
		</bndbox>
	</object>
	<object>
		<name>ref_coin</name>
		<bndbox>
			<xmin>655</xmin>
			<ymin>32</ymin>
			<xmax>854</xmax>
			<ymax>210</ymax>
		</bndbox>
	</object>
	<object>
		<name>dish</name>
		<bndbox>
			<xmin>1397</xmin>
			<ymin>317</ymin>
			<xmax>2683</xmax>
			<ymax>1597</ymax>
		</bndbox>
	</object>
	<object>
		<name>곱창전골</name>
		<bndbox>
			<xmin>1519</xmin>
			<ymin>520</ymin>
			<xmax>2398</xmax>
			<ymax>1465</ymax>
		</bndbox>
	</object>
</annotation>