<annotation>
	<folder>side볶음밥류낮고큰파스타볼김치볶음밥q4</folder>
	<filename>side_볶음밥류_낮고큰파스타볼_김치볶음밥_Q4_00007.JPG</filename>
	<path>/side볶음밥류낮고큰파스타볼김치볶음밥q4/side_볶음밥류_낮고큰파스타볼_김치볶음밥_Q4_00007.JPG</path>
	<source>
		<database>fooddata</database>
	</source>
	<size>
		<width>5472</width>
		<height>3648</height>
		<depth>3</depth>
	</size>
	<object>
		<name>ref_spoon</name>
		<bndbox>
			<xmin>4104</xmin>
			<ymin>896</ymin>
			<xmax>4560</xmax>
			<ymax>1565</ymax>
		</bndbox>
	</object>
	<object>
		<name>ref_fork</name>
		<bndbox>
			<xmin>4898</xmin>
			<ymin>912</ymin>
			<xmax>5236</xmax>
			<ymax>1714</ymax>
		</bndbox>
	</object>
	<object>
		<name>ref_coin</name>
		<bndbox>
			<xmin>283</xmin>
			<ymin>2107</ymin>
			<xmax>692</xmax>
			<ymax>2390</ymax>
		</bndbox>
	</object>
	<object>
		<name>dish</name>
		<bndbox>
			<xmin>810</xmin>
			<ymin>425</ymin>
			<xmax>3813</xmax>
			<ymax>2422</ymax>
		</bndbox>
	</object>
	<object>
		<name>김치볶음밥</name>
		<bndbox>
			<xmin>1305</xmin>
			<ymin>967</ymin>
			<xmax>3271</xmax>
			<ymax>2319</ymax>
		</bndbox>
	</object>
</annotation>