<annotation>
	<folder>side볶음밥류낮고큰파스타볼김치볶음밥q4</folder>
	<filename>side_볶음밥류_낮고큰파스타볼_김치볶음밥_Q4_00035.JPG</filename>
	<path>/side볶음밥류낮고큰파스타볼김치볶음밥q4/side_볶음밥류_낮고큰파스타볼_김치볶음밥_Q4_00035.JPG</path>
	<source>
		<database>fooddata</database>
	</source>
	<size>
		<width>5472</width>
		<height>3648</height>
		<depth>3</depth>
	</size>
	<object>
		<name>ref_spoon</name>
		<bndbox>
			<xmin>307</xmin>
			<ymin>1203</ymin>
			<xmax>786</xmax>
			<ymax>1950</ymax>
		</bndbox>
	</object>
	<object>
		<name>ref_fork</name>
		<bndbox>
			<xmin>888</xmin>
			<ymin>1211</ymin>
			<xmax>1242</xmax>
			<ymax>2052</ymax>
		</bndbox>
	</object>
	<object>
		<name>ref_coin</name>
		<bndbox>
			<xmin>4843</xmin>
			<ymin>1706</ymin>
			<xmax>5220</xmax>
			<ymax>1973</ymax>
		</bndbox>
	</object>
	<object>
		<name>dish</name>
		<bndbox>
			<xmin>1706</xmin>
			<ymin>527</ymin>
			<xmax>4686</xmax>
			<ymax>2484</ymax>
		</bndbox>
	</object>
	<object>
		<name>김치볶음밥</name>
		<bndbox>
			<xmin>2327</xmin>
			<ymin>943</ymin>
			<xmax>4277</xmax>
			<ymax>2445</ymax>
		</bndbox>
	</object>
</annotation>