<annotation>
	<folder>side볶음밥류낮고큰파스타볼김치볶음밥q4</folder>
	<filename>side_볶음밥류_낮고큰파스타볼_김치볶음밥_Q4_00021.JPG</filename>
	<path>/side볶음밥류낮고큰파스타볼김치볶음밥q4/side_볶음밥류_낮고큰파스타볼_김치볶음밥_Q4_00021.JPG</path>
	<source>
		<database>fooddata</database>
	</source>
	<size>
		<width>5472</width>
		<height>3648</height>
		<depth>3</depth>
	</size>
	<object>
		<name>ref_spoon</name>
		<bndbox>
			<xmin>1447</xmin>
			<ymin>2901</ymin>
			<xmax>2390</xmax>
			<ymax>3373</ymax>
		</bndbox>
	</object>
	<object>
		<name>ref_fork</name>
		<bndbox>
			<xmin>1478</xmin>
			<ymin>2516</ymin>
			<xmax>2516</xmax>
			<ymax>2901</ymax>
		</bndbox>
	</object>
	<object>
		<name>ref_coin</name>
		<bndbox>
			<xmin>629</xmin>
			<ymin>1344</ymin>
			<xmax>1006</xmax>
			<ymax>1620</ymax>
		</bndbox>
	</object>
	<object>
		<name>dish</name>
		<bndbox>
			<xmin>1596</xmin>
			<ymin>173</ymin>
			<xmax>4591</xmax>
			<ymax>2138</ymax>
		</bndbox>
	</object>
	<object>
		<name>김치볶음밥</name>
		<bndbox>
			<xmin>2131</xmin>
			<ymin>621</ymin>
			<xmax>4088</xmax>
			<ymax>2068</ymax>
		</bndbox>
	</object>
</annotation>