<annotation>
	<folder>top볶음밥류낮고큰파스타볼김치볶음밥q4</folder>
	<filename>top_볶음밥류_낮고큰파스타볼_김치볶음밥_Q4_00014.JPG</filename>
	<path>/top볶음밥류낮고큰파스타볼김치볶음밥q4/top_볶음밥류_낮고큰파스타볼_김치볶음밥_Q4_00014.JPG</path>
	<source>
		<database>fooddata</database>
	</source>
	<size>
		<width>5472</width>
		<height>3648</height>
		<depth>3</depth>
	</size>
	<object>
		<name>ref_spoon</name>
		<bndbox>
			<xmin>3843</xmin>
			<ymin>554</ymin>
			<xmax>4332</xmax>
			<ymax>1401</ymax>
		</bndbox>
	</object>
	<object>
		<name>ref_fork</name>
		<bndbox>
			<xmin>4462</xmin>
			<ymin>635</ymin>
			<xmax>4804</xmax>
			<ymax>1515</ymax>
		</bndbox>
	</object>
	<object>
		<name>ref_coin</name>
		<bndbox>
			<xmin>3062</xmin>
			<ymin>2931</ymin>
			<xmax>3453</xmax>
			<ymax>3273</ymax>
		</bndbox>
	</object>
	<object>
		<name>dish</name>
		<bndbox>
			<xmin>749</xmin>
			<ymin>309</ymin>
			<xmax>3632</xmax>
			<ymax>3094</ymax>
		</bndbox>
	</object>
	<object>
		<name>김치볶음밥</name>
		<bndbox>
			<xmin>1401</xmin>
			<ymin>847</ymin>
			<xmax>3013</xmax>
			<ymax>2589</ymax>
		</bndbox>
	</object>
</annotation>