<annotation>
	<folder>top볶음밥류낮고큰파스타볼김치볶음밥q4</folder>
	<filename>top_볶음밥류_낮고큰파스타볼_김치볶음밥_Q4_00015.JPG</filename>
	<path>/top볶음밥류낮고큰파스타볼김치볶음밥q4/top_볶음밥류_낮고큰파스타볼_김치볶음밥_Q4_00015.JPG</path>
	<source>
		<database>fooddata</database>
	</source>
	<size>
		<width>5472</width>
		<height>3648</height>
		<depth>3</depth>
	</size>
	<object>
		<name>ref_spoon</name>
		<bndbox>
			<xmin>3713</xmin>
			<ymin>358</ymin>
			<xmax>4137</xmax>
			<ymax>1140</ymax>
		</bndbox>
	</object>
	<object>
		<name>ref_fork</name>
		<bndbox>
			<xmin>4267</xmin>
			<ymin>440</ymin>
			<xmax>4593</xmax>
			<ymax>1319</ymax>
		</bndbox>
	</object>
	<object>
		<name>ref_coin</name>
		<bndbox>
			<xmin>2459</xmin>
			<ymin>3029</ymin>
			<xmax>2785</xmax>
			<ymax>3355</ymax>
		</bndbox>
	</object>
	<object>
		<name>dish</name>
		<bndbox>
			<xmin>863</xmin>
			<ymin>130</ymin>
			<xmax>3599</xmax>
			<ymax>2817</ymax>
		</bndbox>
	</object>
	<object>
		<name>김치볶음밥</name>
		<bndbox>
			<xmin>1352</xmin>
			<ymin>798</ymin>
			<xmax>3225</xmax>
			<ymax>2264</ymax>
		</bndbox>
	</object>
</annotation>