<annotation>
	<folder>top볶음밥류낮고큰파스타볼김치볶음밥q4</folder>
	<filename>top_볶음밥류_낮고큰파스타볼_김치볶음밥_Q4_00016.JPG</filename>
	<path>/top볶음밥류낮고큰파스타볼김치볶음밥q4/top_볶음밥류_낮고큰파스타볼_김치볶음밥_Q4_00016.JPG</path>
	<source>
		<database>fooddata</database>
	</source>
	<size>
		<width>5472</width>
		<height>3648</height>
		<depth>3</depth>
	</size>
	<object>
		<name>ref_spoon</name>
		<bndbox>
			<xmin>4104</xmin>
			<ymin>521</ymin>
			<xmax>4576</xmax>
			<ymax>1368</ymax>
		</bndbox>
	</object>
	<object>
		<name>ref_fork</name>
		<bndbox>
			<xmin>4723</xmin>
			<ymin>619</ymin>
			<xmax>5114</xmax>
			<ymax>1580</ymax>
		</bndbox>
	</object>
	<object>
		<name>ref_coin</name>
		<bndbox>
			<xmin>847</xmin>
			<ymin>2801</ymin>
			<xmax>1221</xmax>
			<ymax>3192</ymax>
		</bndbox>
	</object>
	<object>
		<name>dish</name>
		<bndbox>
			<xmin>879</xmin>
			<ymin>179</ymin>
			<xmax>3974</xmax>
			<ymax>3176</ymax>
		</bndbox>
	</object>
	<object>
		<name>김치볶음밥</name>
		<bndbox>
			<xmin>1531</xmin>
			<ymin>961</ymin>
			<xmax>3518</xmax>
			<ymax>2492</ymax>
		</bndbox>
	</object>
</annotation>