<annotation>
	<folder>top볶음밥류낮고큰파스타볼김치볶음밥q4</folder>
	<filename>top_볶음밥류_낮고큰파스타볼_김치볶음밥_Q4_00019.JPG</filename>
	<path>/top볶음밥류낮고큰파스타볼김치볶음밥q4/top_볶음밥류_낮고큰파스타볼_김치볶음밥_Q4_00019.JPG</path>
	<source>
		<database>fooddata</database>
	</source>
	<size>
		<width>5472</width>
		<height>3648</height>
		<depth>3</depth>
	</size>
	<object>
		<name>ref_spoon</name>
		<bndbox>
			<xmin>1824</xmin>
			<ymin>3045</ymin>
			<xmax>2557</xmax>
			<ymax>3518</ymax>
		</bndbox>
	</object>
	<object>
		<name>ref_fork</name>
		<bndbox>
			<xmin>1873</xmin>
			<ymin>2622</ymin>
			<xmax>2589</xmax>
			<ymax>2915</ymax>
		</bndbox>
	</object>
	<object>
		<name>ref_coin</name>
		<bndbox>
			<xmin>1319</xmin>
			<ymin>2036</ymin>
			<xmax>1612</xmax>
			<ymax>2345</ymax>
		</bndbox>
	</object>
	<object>
		<name>dish</name>
		<bndbox>
			<xmin>1547</xmin>
			<ymin>212</ymin>
			<xmax>3957</xmax>
			<ymax>2557</ymax>
		</bndbox>
	</object>
	<object>
		<name>김치볶음밥</name>
		<bndbox>
			<xmin>2003</xmin>
			<ymin>700</ymin>
			<xmax>3501</xmax>
			<ymax>1987</ymax>
		</bndbox>
	</object>
</annotation>