<annotation>
	<folder>top볶음밥류낮고큰파스타볼김치볶음밥q4</folder>
	<filename>top_볶음밥류_낮고큰파스타볼_김치볶음밥_Q4_00012.JPG</filename>
	<path>/top볶음밥류낮고큰파스타볼김치볶음밥q4/top_볶음밥류_낮고큰파스타볼_김치볶음밥_Q4_00012.JPG</path>
	<source>
		<database>fooddata</database>
	</source>
	<size>
		<width>5472</width>
		<height>3648</height>
		<depth>3</depth>
	</size>
	<object>
		<name>ref_spoon</name>
		<bndbox>
			<xmin>3843</xmin>
			<ymin>635</ymin>
			<xmax>4316</xmax>
			<ymax>1482</ymax>
		</bndbox>
	</object>
	<object>
		<name>ref_fork</name>
		<bndbox>
			<xmin>4446</xmin>
			<ymin>733</ymin>
			<xmax>4804</xmax>
			<ymax>1629</ymax>
		</bndbox>
	</object>
	<object>
		<name>ref_coin</name>
		<bndbox>
			<xmin>3013</xmin>
			<ymin>261</ymin>
			<xmax>3339</xmax>
			<ymax>586</ymax>
		</bndbox>
	</object>
	<object>
		<name>dish</name>
		<bndbox>
			<xmin>749</xmin>
			<ymin>440</ymin>
			<xmax>3599</xmax>
			<ymax>3241</ymax>
		</bndbox>
	</object>
	<object>
		<name>김치볶음밥</name>
		<bndbox>
			<xmin>1449</xmin>
			<ymin>912</ymin>
			<xmax>3013</xmax>
			<ymax>2736</ymax>
		</bndbox>
	</object>
</annotation>