<annotation>
	<folder>top볶음밥류낮고큰파스타볼김치볶음밥q4</folder>
	<filename>top_볶음밥류_낮고큰파스타볼_김치볶음밥_Q4_00050.JPG</filename>
	<path>/top볶음밥류낮고큰파스타볼김치볶음밥q4/top_볶음밥류_낮고큰파스타볼_김치볶음밥_Q4_00050.JPG</path>
	<source>
		<database>fooddata</database>
	</source>
	<size>
		<width>5472</width>
		<height>3648</height>
		<depth>3</depth>
	</size>
	<object>
		<name>ref_spoon</name>
		<bndbox>
			<xmin>309</xmin>
			<ymin>717</ymin>
			<xmax>814</xmax>
			<ymax>1563</ymax>
		</bndbox>
	</object>
	<object>
		<name>ref_fork</name>
		<bndbox>
			<xmin>912</xmin>
			<ymin>798</ymin>
			<xmax>1270</xmax>
			<ymax>1743</ymax>
		</bndbox>
	</object>
	<object>
		<name>ref_coin</name>
		<bndbox>
			<xmin>4690</xmin>
			<ymin>1563</ymin>
			<xmax>5032</xmax>
			<ymax>1922</ymax>
		</bndbox>
	</object>
	<object>
		<name>dish</name>
		<bndbox>
			<xmin>1352</xmin>
			<ymin>244</ymin>
			<xmax>4381</xmax>
			<ymax>3208</ymax>
		</bndbox>
	</object>
	<object>
		<name>김치볶음밥</name>
		<bndbox>
			<xmin>1873</xmin>
			<ymin>798</ymin>
			<xmax>3778</xmax>
			<ymax>2703</ymax>
		</bndbox>
	</object>
</annotation>