<annotation>
	<folder>side국물면류냉면기삼선짬뽕q1</folder>
	<filename>side_국물면류_냉면기_삼선짬뽕_Q1_00019.JPG</filename>
	<path>/side국물면류냉면기삼선짬뽕q1/side_국물면류_냉면기_삼선짬뽕_Q1_00019.JPG</path>
	<source>
		<database>fooddata</database>
	</source>
	<size>
		<width>3008</width>
		<height>2000</height>
		<depth>3</depth>
	</size>
	<object>
		<name>ref_spoon</name>
		<bndbox>
			<xmin>760</xmin>
			<ymin>1686</ymin>
			<xmax>1234</xmax>
			<ymax>1898</ymax>
		</bndbox>
	</object>
	<object>
		<name>ref_fork</name>
		<bndbox>
			<xmin>808</xmin>
			<ymin>1471</ymin>
			<xmax>1313</xmax>
			<ymax>1686</ymax>
		</bndbox>
	</object>
	<object>
		<name>ref_coin</name>
		<bndbox>
			<xmin>2170</xmin>
			<ymin>1283</ymin>
			<xmax>2357</xmax>
			<ymax>1420</ymax>
		</bndbox>
	</object>
	<object>
		<name>dish</name>
		<bndbox>
			<xmin>787</xmin>
			<ymin>239</ymin>
			<xmax>2163</xmax>
			<ymax>1218</ymax>
		</bndbox>
	</object>
	<object>
		<name>삼선짬뽕</name>
		<bndbox>
			<xmin>1091</xmin>
			<ymin>590</ymin>
			<xmax>1876</xmax>
			<ymax>1024</ymax>
		</bndbox>
	</object>
</annotation>