<annotation>
	<folder>side국물면류냉면기삼선짬뽕q1</folder>
	<filename>side_국물면류_냉면기_삼선짬뽕_Q1_00039.JPG</filename>
	<path>/side국물면류냉면기삼선짬뽕q1/side_국물면류_냉면기_삼선짬뽕_Q1_00039.JPG</path>
	<source>
		<database>fooddata</database>
	</source>
	<size>
		<width>3008</width>
		<height>2000</height>
		<depth>3</depth>
	</size>
	<object>
		<name>ref_spoon</name>
		<bndbox>
			<xmin>466</xmin>
			<ymin>662</ymin>
			<xmax>743</xmax>
			<ymax>1007</ymax>
		</bndbox>
	</object>
	<object>
		<name>ref_fork</name>
		<bndbox>
			<xmin>862</xmin>
			<ymin>638</ymin>
			<xmax>1047</xmax>
			<ymax>1044</ymax>
		</bndbox>
	</object>
	<object>
		<name>ref_coin</name>
		<bndbox>
			<xmin>2234</xmin>
			<ymin>1474</ymin>
			<xmax>2439</xmax>
			<ymax>1628</ymax>
		</bndbox>
	</object>
	<object>
		<name>dish</name>
		<bndbox>
			<xmin>1064</xmin>
			<ymin>208</ymin>
			<xmax>2531</xmax>
			<ymax>1232</ymax>
		</bndbox>
	</object>
	<object>
		<name>삼선짬뽕</name>
		<bndbox>
			<xmin>1333</xmin>
			<ymin>519</ymin>
			<xmax>2156</xmax>
			<ymax>1017</ymax>
		</bndbox>
	</object>
</annotation>