<annotation>
	<folder>side국물면류냉면기삼선짬뽕q1</folder>
	<filename>side_국물면류_냉면기_삼선짬뽕_Q1_00010.JPG</filename>
	<path>/side국물면류냉면기삼선짬뽕q1/side_국물면류_냉면기_삼선짬뽕_Q1_00010.JPG</path>
	<source>
		<database>fooddata</database>
	</source>
	<size>
		<width>3008</width>
		<height>2000</height>
		<depth>3</depth>
	</size>
	<object>
		<name>ref_spoon</name>
		<bndbox>
			<xmin>2146</xmin>
			<ymin>512</ymin>
			<xmax>2398</xmax>
			<ymax>850</ymax>
		</bndbox>
	</object>
	<object>
		<name>ref_fork</name>
		<bndbox>
			<xmin>2507</xmin>
			<ymin>502</ymin>
			<xmax>2709</xmax>
			<ymax>870</ymax>
		</bndbox>
	</object>
	<object>
		<name>ref_coin</name>
		<bndbox>
			<xmin>733</xmin>
			<ymin>331</ymin>
			<xmax>900</xmax>
			<ymax>444</ymax>
		</bndbox>
	</object>
	<object>
		<name>dish</name>
		<bndbox>
			<xmin>538</xmin>
			<ymin>464</ymin>
			<xmax>2033</xmax>
			<ymax>1543</ymax>
		</bndbox>
	</object>
	<object>
		<name>삼선짬뽕</name>
		<bndbox>
			<xmin>852</xmin>
			<ymin>918</ymin>
			<xmax>1733</xmax>
			<ymax>1348</ymax>
		</bndbox>
	</object>
</annotation>