<annotation>
	<folder>side국물면류냉면기삼선짬뽕q1</folder>
	<filename>side_국물면류_냉면기_삼선짬뽕_Q1_00008.JPG</filename>
	<path>/side국물면류냉면기삼선짬뽕q1/side_국물면류_냉면기_삼선짬뽕_Q1_00008.JPG</path>
	<source>
		<database>fooddata</database>
	</source>
	<size>
		<width>3008</width>
		<height>2000</height>
		<depth>3</depth>
	</size>
	<object>
		<name>ref_spoon</name>
		<bndbox>
			<xmin>2115</xmin>
			<ymin>601</ymin>
			<xmax>2378</xmax>
			<ymax>932</ymax>
		</bndbox>
	</object>
	<object>
		<name>ref_fork</name>
		<bndbox>
			<xmin>2484</xmin>
			<ymin>584</ymin>
			<xmax>2695</xmax>
			<ymax>959</ymax>
		</bndbox>
	</object>
	<object>
		<name>ref_coin</name>
		<bndbox>
			<xmin>64</xmin>
			<ymin>1058</ymin>
			<xmax>269</xmax>
			<ymax>1191</ymax>
		</bndbox>
	</object>
	<object>
		<name>dish</name>
		<bndbox>
			<xmin>565</xmin>
			<ymin>399</ymin>
			<xmax>2040</xmax>
			<ymax>1423</ymax>
		</bndbox>
	</object>
	<object>
		<name>삼선짬뽕</name>
		<bndbox>
			<xmin>879</xmin>
			<ymin>840</ymin>
			<xmax>1733</xmax>
			<ymax>1222</ymax>
		</bndbox>
	</object>
</annotation>