<annotation>
	<folder>side국물면류냉면기삼선짬뽕q1</folder>
	<filename>side_국물면류_냉면기_삼선짬뽕_Q1_00040.JPG</filename>
	<path>/side국물면류냉면기삼선짬뽕q1/side_국물면류_냉면기_삼선짬뽕_Q1_00040.JPG</path>
	<source>
		<database>fooddata</database>
	</source>
	<size>
		<width>3008</width>
		<height>2000</height>
		<depth>3</depth>
	</size>
	<object>
		<name>ref_spoon</name>
		<bndbox>
			<xmin>460</xmin>
			<ymin>608</ymin>
			<xmax>722</xmax>
			<ymax>962</ymax>
		</bndbox>
	</object>
	<object>
		<name>ref_fork</name>
		<bndbox>
			<xmin>849</xmin>
			<ymin>587</ymin>
			<xmax>1033</xmax>
			<ymax>990</ymax>
		</bndbox>
	</object>
	<object>
		<name>ref_coin</name>
		<bndbox>
			<xmin>2395</xmin>
			<ymin>1334</ymin>
			<xmax>2603</xmax>
			<ymax>1481</ymax>
		</bndbox>
	</object>
	<object>
		<name>dish</name>
		<bndbox>
			<xmin>1040</xmin>
			<ymin>143</ymin>
			<xmax>2514</xmax>
			<ymax>1171</ymax>
		</bndbox>
	</object>
	<object>
		<name>삼선짬뽕</name>
		<bndbox>
			<xmin>1419</xmin>
			<ymin>468</ymin>
			<xmax>2214</xmax>
			<ymax>952</ymax>
		</bndbox>
	</object>
</annotation>