<annotation>
	<folder>side국물면류냉면기삼선짬뽕q1</folder>
	<filename>side_국물면류_냉면기_삼선짬뽕_Q1_00017.JPG</filename>
	<path>/side국물면류냉면기삼선짬뽕q1/side_국물면류_냉면기_삼선짬뽕_Q1_00017.JPG</path>
	<source>
		<database>fooddata</database>
	</source>
	<size>
		<width>3008</width>
		<height>2000</height>
		<depth>3</depth>
	</size>
	<object>
		<name>ref_spoon</name>
		<bndbox>
			<xmin>794</xmin>
			<ymin>1618</ymin>
			<xmax>1255</xmax>
			<ymax>1840</ymax>
		</bndbox>
	</object>
	<object>
		<name>ref_fork</name>
		<bndbox>
			<xmin>896</xmin>
			<ymin>1369</ymin>
			<xmax>1378</xmax>
			<ymax>1608</ymax>
		</bndbox>
	</object>
	<object>
		<name>ref_coin</name>
		<bndbox>
			<xmin>2030</xmin>
			<ymin>1242</ymin>
			<xmax>2221</xmax>
			<ymax>1372</ymax>
		</bndbox>
	</object>
	<object>
		<name>dish</name>
		<bndbox>
			<xmin>811</xmin>
			<ymin>160</ymin>
			<xmax>2180</xmax>
			<ymax>1106</ymax>
		</bndbox>
	</object>
	<object>
		<name>삼선짬뽕</name>
		<bndbox>
			<xmin>1016</xmin>
			<ymin>495</ymin>
			<xmax>1842</xmax>
			<ymax>874</ymax>
		</bndbox>
	</object>
</annotation>