<annotation>
	<folder>side국물면류냉면기삼선짬뽕q1</folder>
	<filename>side_국물면류_냉면기_삼선짬뽕_Q1_00023.JPG</filename>
	<path>/side국물면류냉면기삼선짬뽕q1/side_국물면류_냉면기_삼선짬뽕_Q1_00023.JPG</path>
	<source>
		<database>fooddata</database>
	</source>
	<size>
		<width>3008</width>
		<height>2000</height>
		<depth>3</depth>
	</size>
	<object>
		<name>ref_spoon</name>
		<bndbox>
			<xmin>729</xmin>
			<ymin>1597</ymin>
			<xmax>1180</xmax>
			<ymax>1819</ymax>
		</bndbox>
	</object>
	<object>
		<name>ref_fork</name>
		<bndbox>
			<xmin>753</xmin>
			<ymin>1362</ymin>
			<xmax>1231</xmax>
			<ymax>1573</ymax>
		</bndbox>
	</object>
	<object>
		<name>ref_coin</name>
		<bndbox>
			<xmin>2210</xmin>
			<ymin>676</ymin>
			<xmax>2391</xmax>
			<ymax>792</ymax>
		</bndbox>
	</object>
	<object>
		<name>dish</name>
		<bndbox>
			<xmin>760</xmin>
			<ymin>181</ymin>
			<xmax>2139</xmax>
			<ymax>1150</ymax>
		</bndbox>
	</object>
	<object>
		<name>삼선짬뽕</name>
		<bndbox>
			<xmin>1074</xmin>
			<ymin>655</ymin>
			<xmax>1794</xmax>
			<ymax>949</ymax>
		</bndbox>
	</object>
</annotation>