<annotation>
	<folder>top국물면류냉면기삼선짬뽕q1</folder>
	<filename>top_국물면류_냉면기_삼선짬뽕_Q1_00004.JPG</filename>
	<path>/top국물면류냉면기삼선짬뽕q1/top_국물면류_냉면기_삼선짬뽕_Q1_00004.JPG</path>
	<source>
		<database>fooddata</database>
	</source>
	<size>
		<width>3008</width>
		<height>2000</height>
		<depth>3</depth>
	</size>
	<object>
		<name>ref_spoon</name>
		<bndbox>
			<xmin>2089</xmin>
			<ymin>166</ymin>
			<xmax>2323</xmax>
			<ymax>542</ymax>
		</bndbox>
	</object>
	<object>
		<name>ref_fork</name>
		<bndbox>
			<xmin>2426</xmin>
			<ymin>195</ymin>
			<xmax>2586</xmax>
			<ymax>596</ymax>
		</bndbox>
	</object>
	<object>
		<name>ref_coin</name>
		<bndbox>
			<xmin>1220</xmin>
			<ymin>1621</ymin>
			<xmax>1394</xmax>
			<ymax>1802</ymax>
		</bndbox>
	</object>
	<object>
		<name>dish</name>
		<bndbox>
			<xmin>791</xmin>
			<ymin>138</ymin>
			<xmax>2171</xmax>
			<ymax>1507</ymax>
		</bndbox>
	</object>
	<object>
		<name>삼선짬뽕</name>
		<bndbox>
			<xmin>1078</xmin>
			<ymin>461</ymin>
			<xmax>1873</xmax>
			<ymax>1245</ymax>
		</bndbox>
	</object>
</annotation>