<annotation>
	<folder>top국물면류냉면기삼선짬뽕q1</folder>
	<filename>top_국물면류_냉면기_삼선짬뽕_Q1_00002.JPG</filename>
	<path>/top국물면류냉면기삼선짬뽕q1/top_국물면류_냉면기_삼선짬뽕_Q1_00002.JPG</path>
	<source>
		<database>fooddata</database>
	</source>
	<size>
		<width>3008</width>
		<height>2000</height>
		<depth>3</depth>
	</size>
	<object>
		<name>ref_spoon</name>
		<bndbox>
			<xmin>2107</xmin>
			<ymin>202</ymin>
			<xmax>2355</xmax>
			<ymax>606</ymax>
		</bndbox>
	</object>
	<object>
		<name>ref_fork</name>
		<bndbox>
			<xmin>2479</xmin>
			<ymin>248</ymin>
			<xmax>2653</xmax>
			<ymax>677</ymax>
		</bndbox>
	</object>
	<object>
		<name>ref_coin</name>
		<bndbox>
			<xmin>1596</xmin>
			<ymin>1699</ymin>
			<xmax>1795</xmax>
			<ymax>1894</ymax>
		</bndbox>
	</object>
	<object>
		<name>dish</name>
		<bndbox>
			<xmin>553</xmin>
			<ymin>88</ymin>
			<xmax>2128</xmax>
			<ymax>1624</ymax>
		</bndbox>
	</object>
	<object>
		<name>삼선짬뽕</name>
		<bndbox>
			<xmin>887</xmin>
			<ymin>440</ymin>
			<xmax>1802</xmax>
			<ymax>1330</ymax>
		</bndbox>
	</object>
</annotation>