<annotation>
	<folder>top국물면류냉면기삼선짬뽕q1</folder>
	<filename>top_국물면류_냉면기_삼선짬뽕_Q1_00035.JPG</filename>
	<path>/top국물면류냉면기삼선짬뽕q1/top_국물면류_냉면기_삼선짬뽕_Q1_00035.JPG</path>
	<source>
		<database>fooddata</database>
	</source>
	<size>
		<width>3008</width>
		<height>2000</height>
		<depth>3</depth>
	</size>
	<object>
		<name>ref_spoon</name>
		<bndbox>
			<xmin>419</xmin>
			<ymin>369</ymin>
			<xmax>699</xmax>
			<ymax>769</ymax>
		</bndbox>
	</object>
	<object>
		<name>ref_fork</name>
		<bndbox>
			<xmin>795</xmin>
			<ymin>390</ymin>
			<xmax>965</xmax>
			<ymax>826</ymax>
		</bndbox>
	</object>
	<object>
		<name>ref_coin</name>
		<bndbox>
			<xmin>2355</xmin>
			<ymin>1429</ymin>
			<xmax>2533</xmax>
			<ymax>1617</ymax>
		</bndbox>
	</object>
	<object>
		<name>dish</name>
		<bndbox>
			<xmin>1117</xmin>
			<ymin>60</ymin>
			<xmax>2589</xmax>
			<ymax>1511</ymax>
		</bndbox>
	</object>
	<object>
		<name>삼선짬뽕</name>
		<bndbox>
			<xmin>1362</xmin>
			<ymin>372</ymin>
			<xmax>2213</xmax>
			<ymax>1223</ymax>
		</bndbox>
	</object>
</annotation>