<annotation>
	<folder>top국물면류냉면기삼선짬뽕q1</folder>
	<filename>top_국물면류_냉면기_삼선짬뽕_Q1_00008.JPG</filename>
	<path>/top국물면류냉면기삼선짬뽕q1/top_국물면류_냉면기_삼선짬뽕_Q1_00008.JPG</path>
	<source>
		<database>fooddata</database>
	</source>
	<size>
		<width>3008</width>
		<height>2000</height>
		<depth>3</depth>
	</size>
	<object>
		<name>ref_spoon</name>
		<bndbox>
			<xmin>2057</xmin>
			<ymin>152</ymin>
			<xmax>2277</xmax>
			<ymax>503</ymax>
		</bndbox>
	</object>
	<object>
		<name>ref_fork</name>
		<bndbox>
			<xmin>2377</xmin>
			<ymin>195</ymin>
			<xmax>2536</xmax>
			<ymax>589</ymax>
		</bndbox>
	</object>
	<object>
		<name>ref_coin</name>
		<bndbox>
			<xmin>216</xmin>
			<ymin>780</ymin>
			<xmax>397</xmax>
			<ymax>950</ymax>
		</bndbox>
	</object>
	<object>
		<name>dish</name>
		<bndbox>
			<xmin>706</xmin>
			<ymin>244</ymin>
			<xmax>2075</xmax>
			<ymax>1585</ymax>
		</bndbox>
	</object>
	<object>
		<name>삼선짬뽕</name>
		<bndbox>
			<xmin>1007</xmin>
			<ymin>539</ymin>
			<xmax>1791</xmax>
			<ymax>1333</ymax>
		</bndbox>
	</object>
</annotation>