<annotation>
	<folder>top국물면류냉면기삼선짬뽕q1</folder>
	<filename>top_국물면류_냉면기_삼선짬뽕_Q1_00026.JPG</filename>
	<path>/top국물면류냉면기삼선짬뽕q1/top_국물면류_냉면기_삼선짬뽕_Q1_00026.JPG</path>
	<source>
		<database>fooddata</database>
	</source>
	<size>
		<width>3008</width>
		<height>2000</height>
		<depth>3</depth>
	</size>
	<object>
		<name>ref_spoon</name>
		<bndbox>
			<xmin>1046</xmin>
			<ymin>1674</ymin>
			<xmax>1398</xmax>
			<ymax>1912</ymax>
		</bndbox>
	</object>
	<object>
		<name>ref_fork</name>
		<bndbox>
			<xmin>1206</xmin>
			<ymin>1479</ymin>
			<xmax>1561</xmax>
			<ymax>1628</ymax>
		</bndbox>
	</object>
	<object>
		<name>ref_coin</name>
		<bndbox>
			<xmin>908</xmin>
			<ymin>163</ymin>
			<xmax>1068</xmax>
			<ymax>315</ymax>
		</bndbox>
	</object>
	<object>
		<name>dish</name>
		<bndbox>
			<xmin>1135</xmin>
			<ymin>88</ymin>
			<xmax>2384</xmax>
			<ymax>1294</ymax>
		</bndbox>
	</object>
	<object>
		<name>삼선짬뽕</name>
		<bndbox>
			<xmin>1376</xmin>
			<ymin>418</ymin>
			<xmax>2068</xmax>
			<ymax>1114</ymax>
		</bndbox>
	</object>
</annotation>