<annotation>
	<folder>top국물면류냉면기삼선짬뽕q1</folder>
	<filename>top_국물면류_냉면기_삼선짬뽕_Q1_00051.JPG</filename>
	<path>/top국물면류냉면기삼선짬뽕q1/top_국물면류_냉면기_삼선짬뽕_Q1_00051.JPG</path>
	<source>
		<database>fooddata</database>
	</source>
	<size>
		<width>3008</width>
		<height>2000</height>
		<depth>3</depth>
	</size>
	<object>
		<name>ref_spoon</name>
		<bndbox>
			<xmin>326</xmin>
			<ymin>486</ymin>
			<xmax>596</xmax>
			<ymax>879</ymax>
		</bndbox>
	</object>
	<object>
		<name>ref_fork</name>
		<bndbox>
			<xmin>695</xmin>
			<ymin>510</ymin>
			<xmax>873</xmax>
			<ymax>950</ymax>
		</bndbox>
	</object>
	<object>
		<name>ref_coin</name>
		<bndbox>
			<xmin>2533</xmin>
			<ymin>1085</ymin>
			<xmax>2706</xmax>
			<ymax>1266</ymax>
		</bndbox>
	</object>
	<object>
		<name>dish</name>
		<bndbox>
			<xmin>972</xmin>
			<ymin>216</ymin>
			<xmax>2490</xmax>
			<ymax>1717</ymax>
		</bndbox>
	</object>
	<object>
		<name>삼선짬뽕</name>
		<bndbox>
			<xmin>1220</xmin>
			<ymin>489</ymin>
			<xmax>2139</xmax>
			<ymax>1429</ymax>
		</bndbox>
	</object>
</annotation>