<annotation>
	<folder>top국물면류냉면기삼선짬뽕q1</folder>
	<filename>top_국물면류_냉면기_삼선짬뽕_Q1_00011.JPG</filename>
	<path>/top국물면류냉면기삼선짬뽕q1/top_국물면류_냉면기_삼선짬뽕_Q1_00011.JPG</path>
	<source>
		<database>fooddata</database>
	</source>
	<size>
		<width>3008</width>
		<height>2000</height>
		<depth>3</depth>
	</size>
	<object>
		<name>ref_spoon</name>
		<bndbox>
			<xmin>2100</xmin>
			<ymin>166</ymin>
			<xmax>2316</xmax>
			<ymax>510</ymax>
		</bndbox>
	</object>
	<object>
		<name>ref_fork</name>
		<bndbox>
			<xmin>2423</xmin>
			<ymin>195</ymin>
			<xmax>2575</xmax>
			<ymax>581</ymax>
		</bndbox>
	</object>
	<object>
		<name>ref_coin</name>
		<bndbox>
			<xmin>1490</xmin>
			<ymin>127</ymin>
			<xmax>1646</xmax>
			<ymax>283</ymax>
		</bndbox>
	</object>
	<object>
		<name>dish</name>
		<bndbox>
			<xmin>681</xmin>
			<ymin>337</ymin>
			<xmax>2057</xmax>
			<ymax>1685</ymax>
		</bndbox>
	</object>
	<object>
		<name>삼선짬뽕</name>
		<bndbox>
			<xmin>972</xmin>
			<ymin>624</ymin>
			<xmax>1759</xmax>
			<ymax>1415</ymax>
		</bndbox>
	</object>
</annotation>