<annotation>
	<folder>side부침개류사각배달달걀말이q1</folder>
	<filename>side_부침개류_사각배달_달걀말이_Q1_00005.JPG</filename>
	<path>/side부침개류사각배달달걀말이q1/side_부침개류_사각배달_달걀말이_Q1_00005.JPG</path>
	<source>
		<database>fooddata</database>
	</source>
	<size>
		<width>3008</width>
		<height>2000</height>
		<depth>3</depth>
	</size>
	<object>
		<name>ref_spoon</name>
		<bndbox>
			<xmin>2161</xmin>
			<ymin>534</ymin>
			<xmax>2433</xmax>
			<ymax>882</ymax>
		</bndbox>
	</object>
	<object>
		<name>ref_fork</name>
		<bndbox>
			<xmin>2528</xmin>
			<ymin>519</ymin>
			<xmax>2734</xmax>
			<ymax>911</ymax>
		</bndbox>
	</object>
	<object>
		<name>ref_coin</name>
		<bndbox>
			<xmin>411</xmin>
			<ymin>1514</ymin>
			<xmax>618</xmax>
			<ymax>1691</ymax>
		</bndbox>
	</object>
	<object>
		<name>dish</name>
		<bndbox>
			<xmin>865</xmin>
			<ymin>574</ymin>
			<xmax>1929</xmax>
			<ymax>1593</ymax>
		</bndbox>
	</object>
	<object>
		<name>달걀말이</name>
		<bndbox>
			<xmin>1156</xmin>
			<ymin>944</ymin>
			<xmax>1653</xmax>
			<ymax>1296</ymax>
		</bndbox>
	</object>
</annotation>