<annotation>
	<folder>side부침개류사각배달달걀말이q1</folder>
	<filename>side_부침개류_사각배달_달걀말이_Q1_00015.JPG</filename>
	<path>/side부침개류사각배달달걀말이q1/side_부침개류_사각배달_달걀말이_Q1_00015.JPG</path>
	<source>
		<database>fooddata</database>
	</source>
	<size>
		<width>3008</width>
		<height>2000</height>
		<depth>3</depth>
	</size>
	<object>
		<name>ref_spoon</name>
		<bndbox>
			<xmin>2342</xmin>
			<ymin>345</ymin>
			<xmax>2622</xmax>
			<ymax>690</ymax>
		</bndbox>
	</object>
	<object>
		<name>ref_fork</name>
		<bndbox>
			<xmin>2709</xmin>
			<ymin>319</ymin>
			<xmax>2934</xmax>
			<ymax>719</ymax>
		</bndbox>
	</object>
	<object>
		<name>ref_coin</name>
		<bndbox>
			<xmin>1842</xmin>
			<ymin>1401</ymin>
			<xmax>2056</xmax>
			<ymax>1572</ymax>
		</bndbox>
	</object>
	<object>
		<name>dish</name>
		<bndbox>
			<xmin>618</xmin>
			<ymin>359</ymin>
			<xmax>2143</xmax>
			<ymax>1339</ymax>
		</bndbox>
	</object>
	<object>
		<name>달걀말이</name>
		<bndbox>
			<xmin>1145</xmin>
			<ymin>755</ymin>
			<xmax>1591</xmax>
			<ymax>1071</ymax>
		</bndbox>
	</object>
</annotation>