<annotation>
	<folder>side부침개류사각배달달걀말이q1</folder>
	<filename>side_부침개류_사각배달_달걀말이_Q1_00024.JPG</filename>
	<path>/side부침개류사각배달달걀말이q1/side_부침개류_사각배달_달걀말이_Q1_00024.JPG</path>
	<source>
		<database>fooddata</database>
	</source>
	<size>
		<width>3008</width>
		<height>2000</height>
		<depth>3</depth>
	</size>
	<object>
		<name>ref_spoon</name>
		<bndbox>
			<xmin>876</xmin>
			<ymin>1572</ymin>
			<xmax>1344</xmax>
			<ymax>1815</ymax>
		</bndbox>
	</object>
	<object>
		<name>ref_fork</name>
		<bndbox>
			<xmin>978</xmin>
			<ymin>1321</ymin>
			<xmax>1475</xmax>
			<ymax>1543</ymax>
		</bndbox>
	</object>
	<object>
		<name>ref_coin</name>
		<bndbox>
			<xmin>2386</xmin>
			<ymin>1071</ymin>
			<xmax>2604</xmax>
			<ymax>1227</ymax>
		</bndbox>
	</object>
	<object>
		<name>dish</name>
		<bndbox>
			<xmin>872</xmin>
			<ymin>312</ymin>
			<xmax>2372</xmax>
			<ymax>1158</ymax>
		</bndbox>
	</object>
	<object>
		<name>달걀말이</name>
		<bndbox>
			<xmin>1359</xmin>
			<ymin>690</ymin>
			<xmax>1845</xmax>
			<ymax>893</ymax>
		</bndbox>
	</object>
</annotation>