<annotation>
	<folder>side부침개류사각배달달걀말이q1</folder>
	<filename>side_부침개류_사각배달_달걀말이_Q1_00008.JPG</filename>
	<path>/side부침개류사각배달달걀말이q1/side_부침개류_사각배달_달걀말이_Q1_00008.JPG</path>
	<source>
		<database>fooddata</database>
	</source>
	<size>
		<width>3008</width>
		<height>2000</height>
		<depth>3</depth>
	</size>
	<object>
		<name>ref_spoon</name>
		<bndbox>
			<xmin>2255</xmin>
			<ymin>410</ymin>
			<xmax>2517</xmax>
			<ymax>740</ymax>
		</bndbox>
	</object>
	<object>
		<name>ref_fork</name>
		<bndbox>
			<xmin>2618</xmin>
			<ymin>388</ymin>
			<xmax>2829</xmax>
			<ymax>780</ymax>
		</bndbox>
	</object>
	<object>
		<name>ref_coin</name>
		<bndbox>
			<xmin>981</xmin>
			<ymin>472</ymin>
			<xmax>1166</xmax>
			<ymax>603</ymax>
		</bndbox>
	</object>
	<object>
		<name>dish</name>
		<bndbox>
			<xmin>564</xmin>
			<ymin>642</ymin>
			<xmax>2092</xmax>
			<ymax>1586</ymax>
		</bndbox>
	</object>
	<object>
		<name>달걀말이</name>
		<bndbox>
			<xmin>1145</xmin>
			<ymin>991</ymin>
			<xmax>1551</xmax>
			<ymax>1379</ymax>
		</bndbox>
	</object>
</annotation>