<annotation>
	<folder>side부침개류사각배달달걀말이q1</folder>
	<filename>side_부침개류_사각배달_달걀말이_Q1_00047.JPG</filename>
	<path>/side부침개류사각배달달걀말이q1/side_부침개류_사각배달_달걀말이_Q1_00047.JPG</path>
	<source>
		<database>fooddata</database>
	</source>
	<size>
		<width>3008</width>
		<height>2000</height>
		<depth>3</depth>
	</size>
	<object>
		<name>ref_spoon</name>
		<bndbox>
			<xmin>488</xmin>
			<ymin>726</ymin>
			<xmax>756</xmax>
			<ymax>1071</ymax>
		</bndbox>
	</object>
	<object>
		<name>ref_fork</name>
		<bndbox>
			<xmin>872</xmin>
			<ymin>679</ymin>
			<xmax>1065</xmax>
			<ymax>1074</ymax>
		</bndbox>
	</object>
	<object>
		<name>ref_coin</name>
		<bndbox>
			<xmin>1381</xmin>
			<ymin>519</ymin>
			<xmax>1573</xmax>
			<ymax>661</ymax>
		</bndbox>
	</object>
	<object>
		<name>dish</name>
		<bndbox>
			<xmin>1286</xmin>
			<ymin>544</ymin>
			<xmax>2644</xmax>
			<ymax>1633</ymax>
		</bndbox>
	</object>
	<object>
		<name>달걀말이</name>
		<bndbox>
			<xmin>1867</xmin>
			<ymin>976</ymin>
			<xmax>2208</xmax>
			<ymax>1387</ymax>
		</bndbox>
	</object>
</annotation>