<annotation>
	<folder>side부침개류사각배달달걀말이q1</folder>
	<filename>side_부침개류_사각배달_달걀말이_Q1_00054.JPG</filename>
	<path>/side부침개류사각배달달걀말이q1/side_부침개류_사각배달_달걀말이_Q1_00054.JPG</path>
	<source>
		<database>fooddata</database>
	</source>
	<size>
		<width>3008</width>
		<height>2000</height>
		<depth>3</depth>
	</size>
	<object>
		<name>ref_spoon</name>
		<bndbox>
			<xmin>382</xmin>
			<ymin>759</ymin>
			<xmax>662</xmax>
			<ymax>1100</ymax>
		</bndbox>
	</object>
	<object>
		<name>ref_fork</name>
		<bndbox>
			<xmin>778</xmin>
			<ymin>697</ymin>
			<xmax>967</xmax>
			<ymax>1085</ymax>
		</bndbox>
	</object>
	<object>
		<name>ref_coin</name>
		<bndbox>
			<xmin>2495</xmin>
			<ymin>1347</ymin>
			<xmax>2734</xmax>
			<ymax>1514</ymax>
		</bndbox>
	</object>
	<object>
		<name>dish</name>
		<bndbox>
			<xmin>1221</xmin>
			<ymin>392</ymin>
			<xmax>2796</xmax>
			<ymax>1376</ymax>
		</bndbox>
	</object>
	<object>
		<name>달걀말이</name>
		<bndbox>
			<xmin>1791</xmin>
			<ymin>766</ymin>
			<xmax>2274</xmax>
			<ymax>1118</ymax>
		</bndbox>
	</object>
</annotation>