<annotation>
	<folder>side부침개류사각배달달걀말이q1</folder>
	<filename>side_부침개류_사각배달_달걀말이_Q1_00002.JPG</filename>
	<path>/side부침개류사각배달달걀말이q1/side_부침개류_사각배달_달걀말이_Q1_00002.JPG</path>
	<source>
		<database>fooddata</database>
	</source>
	<size>
		<width>3008</width>
		<height>2000</height>
		<depth>3</depth>
	</size>
	<object>
		<name>ref_spoon</name>
		<bndbox>
			<xmin>2205</xmin>
			<ymin>639</ymin>
			<xmax>2462</xmax>
			<ymax>987</ymax>
		</bndbox>
	</object>
	<object>
		<name>ref_fork</name>
		<bndbox>
			<xmin>2571</xmin>
			<ymin>635</ymin>
			<xmax>2767</xmax>
			<ymax>1016</ymax>
		</bndbox>
	</object>
	<object>
		<name>ref_coin</name>
		<bndbox>
			<xmin>1511</xmin>
			<ymin>1695</ymin>
			<xmax>1733</xmax>
			<ymax>1873</ymax>
		</bndbox>
	</object>
	<object>
		<name>dish</name>
		<bndbox>
			<xmin>466</xmin>
			<ymin>606</ymin>
			<xmax>1998</xmax>
			<ymax>1463</ymax>
		</bndbox>
	</object>
	<object>
		<name>달걀말이</name>
		<bndbox>
			<xmin>1094</xmin>
			<ymin>911</ymin>
			<xmax>1402</xmax>
			<ymax>1260</ymax>
		</bndbox>
	</object>
</annotation>