<annotation>
	<folder>side부침개류사각배달달걀말이q1</folder>
	<filename>side_부침개류_사각배달_달걀말이_Q1_00025.JPG</filename>
	<path>/side부침개류사각배달달걀말이q1/side_부침개류_사각배달_달걀말이_Q1_00025.JPG</path>
	<source>
		<database>fooddata</database>
	</source>
	<size>
		<width>3008</width>
		<height>2000</height>
		<depth>3</depth>
	</size>
	<object>
		<name>ref_spoon</name>
		<bndbox>
			<xmin>811</xmin>
			<ymin>1521</ymin>
			<xmax>1272</xmax>
			<ymax>1771</ymax>
		</bndbox>
	</object>
	<object>
		<name>ref_fork</name>
		<bndbox>
			<xmin>930</xmin>
			<ymin>1274</ymin>
			<xmax>1428</xmax>
			<ymax>1506</ymax>
		</bndbox>
	</object>
	<object>
		<name>ref_coin</name>
		<bndbox>
			<xmin>2517</xmin>
			<ymin>926</ymin>
			<xmax>2731</xmax>
			<ymax>1085</ymax>
		</bndbox>
	</object>
	<object>
		<name>dish</name>
		<bndbox>
			<xmin>923</xmin>
			<ymin>116</ymin>
			<xmax>2506</xmax>
			<ymax>1158</ymax>
		</bndbox>
	</object>
	<object>
		<name>달걀말이</name>
		<bndbox>
			<xmin>1508</xmin>
			<ymin>519</ymin>
			<xmax>1947</xmax>
			<ymax>860</ymax>
		</bndbox>
	</object>
</annotation>