<annotation>
	<folder>top부침개류사각배달달걀말이q1</folder>
	<filename>top_부침개류_사각배달_달걀말이_Q1_00006.JPG</filename>
	<path>/top부침개류사각배달달걀말이q1/top_부침개류_사각배달_달걀말이_Q1_00006.JPG</path>
	<source>
		<database>fooddata</database>
	</source>
	<size>
		<width>3008</width>
		<height>2000</height>
		<depth>3</depth>
	</size>
	<object>
		<name>ref_spoon</name>
		<bndbox>
			<xmin>1860</xmin>
			<ymin>240</ymin>
			<xmax>2119</xmax>
			<ymax>616</ymax>
		</bndbox>
	</object>
	<object>
		<name>ref_fork</name>
		<bndbox>
			<xmin>2159</xmin>
			<ymin>286</ymin>
			<xmax>2358</xmax>
			<ymax>703</ymax>
		</bndbox>
	</object>
	<object>
		<name>ref_coin</name>
		<bndbox>
			<xmin>239</xmin>
			<ymin>769</ymin>
			<xmax>442</xmax>
			<ymax>967</ymax>
		</bndbox>
	</object>
	<object>
		<name>dish</name>
		<bndbox>
			<xmin>584</xmin>
			<ymin>240</ymin>
			<xmax>1799</xmax>
			<ymax>1658</ymax>
		</bndbox>
	</object>
	<object>
		<name>달걀말이</name>
		<bndbox>
			<xmin>945</xmin>
			<ymin>1048</ymin>
			<xmax>1382</xmax>
			<ymax>1445</ymax>
		</bndbox>
	</object>
</annotation>