<annotation>
	<folder>top부침개류사각배달달걀말이q1</folder>
	<filename>top_부침개류_사각배달_달걀말이_Q1_00023.JPG</filename>
	<path>/top부침개류사각배달달걀말이q1/top_부침개류_사각배달_달걀말이_Q1_00023.JPG</path>
	<source>
		<database>fooddata</database>
	</source>
	<size>
		<width>3008</width>
		<height>2000</height>
		<depth>3</depth>
	</size>
	<object>
		<name>ref_spoon</name>
		<bndbox>
			<xmin>711</xmin>
			<ymin>1648</ymin>
			<xmax>1062</xmax>
			<ymax>1882</ymax>
		</bndbox>
	</object>
	<object>
		<name>ref_fork</name>
		<bndbox>
			<xmin>742</xmin>
			<ymin>1414</ymin>
			<xmax>1118</xmax>
			<ymax>1597</ymax>
		</bndbox>
	</object>
	<object>
		<name>ref_coin</name>
		<bndbox>
			<xmin>1428</xmin>
			<ymin>1211</ymin>
			<xmax>1606</xmax>
			<ymax>1373</ymax>
		</bndbox>
	</object>
	<object>
		<name>dish</name>
		<bndbox>
			<xmin>605</xmin>
			<ymin>169</ymin>
			<xmax>1799</xmax>
			<ymax>1343</ymax>
		</bndbox>
	</object>
	<object>
		<name>달걀말이</name>
		<bndbox>
			<xmin>1118</xmin>
			<ymin>555</ymin>
			<xmax>1448</xmax>
			<ymax>931</ymax>
		</bndbox>
	</object>
</annotation>