<annotation>
	<folder>top부침개류사각배달달걀말이q1</folder>
	<filename>top_부침개류_사각배달_달걀말이_Q1_00052.JPG</filename>
	<path>/top부침개류사각배달달걀말이q1/top_부침개류_사각배달_달걀말이_Q1_00052.JPG</path>
	<source>
		<database>fooddata</database>
	</source>
	<size>
		<width>3008</width>
		<height>2000</height>
		<depth>3</depth>
	</size>
	<object>
		<name>ref_spoon</name>
		<bndbox>
			<xmin>218</xmin>
			<ymin>266</ymin>
			<xmax>478</xmax>
			<ymax>652</ymax>
		</bndbox>
	</object>
	<object>
		<name>ref_fork</name>
		<bndbox>
			<xmin>539</xmin>
			<ymin>296</ymin>
			<xmax>742</xmax>
			<ymax>703</ymax>
		</bndbox>
	</object>
	<object>
		<name>ref_coin</name>
		<bndbox>
			<xmin>782</xmin>
			<ymin>886</ymin>
			<xmax>976</xmax>
			<ymax>1079</ymax>
		</bndbox>
	</object>
	<object>
		<name>dish</name>
		<bndbox>
			<xmin>976</xmin>
			<ymin>362</ymin>
			<xmax>1987</xmax>
			<ymax>1658</ymax>
		</bndbox>
	</object>
	<object>
		<name>달걀말이</name>
		<bndbox>
			<xmin>1311</xmin>
			<ymin>809</ymin>
			<xmax>1606</xmax>
			<ymax>1262</ymax>
		</bndbox>
	</object>
</annotation>