<annotation>
	<folder>top부침개류사각배달달걀말이q1</folder>
	<filename>top_부침개류_사각배달_달걀말이_Q1_00025.JPG</filename>
	<path>/top부침개류사각배달달걀말이q1/top_부침개류_사각배달_달걀말이_Q1_00025.JPG</path>
	<source>
		<database>fooddata</database>
	</source>
	<size>
		<width>3008</width>
		<height>2000</height>
		<depth>3</depth>
	</size>
	<object>
		<name>ref_spoon</name>
		<bndbox>
			<xmin>620</xmin>
			<ymin>1577</ymin>
			<xmax>1021</xmax>
			<ymax>1861</ymax>
		</bndbox>
	</object>
	<object>
		<name>ref_fork</name>
		<bndbox>
			<xmin>640</xmin>
			<ymin>1333</ymin>
			<xmax>1077</xmax>
			<ymax>1551</ymax>
		</bndbox>
	</object>
	<object>
		<name>ref_coin</name>
		<bndbox>
			<xmin>1778</xmin>
			<ymin>1130</ymin>
			<xmax>1992</xmax>
			<ymax>1318</ymax>
		</bndbox>
	</object>
	<object>
		<name>dish</name>
		<bndbox>
			<xmin>488</xmin>
			<ymin>327</ymin>
			<xmax>1748</xmax>
			<ymax>1246</ymax>
		</bndbox>
	</object>
	<object>
		<name>달걀말이</name>
		<bndbox>
			<xmin>991</xmin>
			<ymin>682</ymin>
			<xmax>1438</xmax>
			<ymax>992</ymax>
		</bndbox>
	</object>
</annotation>