<annotation>
	<folder>top부침개류사각배달달걀말이q1</folder>
	<filename>top_부침개류_사각배달_달걀말이_Q1_00033.JPG</filename>
	<path>/top부침개류사각배달달걀말이q1/top_부침개류_사각배달_달걀말이_Q1_00033.JPG</path>
	<source>
		<database>fooddata</database>
	</source>
	<size>
		<width>3008</width>
		<height>2000</height>
		<depth>3</depth>
	</size>
	<object>
		<name>ref_spoon</name>
		<bndbox>
			<xmin>401</xmin>
			<ymin>184</ymin>
			<xmax>666</xmax>
			<ymax>576</ymax>
		</bndbox>
	</object>
	<object>
		<name>ref_fork</name>
		<bndbox>
			<xmin>727</xmin>
			<ymin>240</ymin>
			<xmax>930</xmax>
			<ymax>677</ymax>
		</bndbox>
	</object>
	<object>
		<name>ref_coin</name>
		<bndbox>
			<xmin>874</xmin>
			<ymin>1556</ymin>
			<xmax>1082</xmax>
			<ymax>1765</ymax>
		</bndbox>
	</object>
	<object>
		<name>dish</name>
		<bndbox>
			<xmin>915</xmin>
			<ymin>195</ymin>
			<xmax>2119</xmax>
			<ymax>1638</ymax>
		</bndbox>
	</object>
	<object>
		<name>달걀말이</name>
		<bndbox>
			<xmin>1402</xmin>
			<ymin>672</ymin>
			<xmax>1728</xmax>
			<ymax>1150</ymax>
		</bndbox>
	</object>
</annotation>