<annotation>
	<folder>top부침개류사각배달달걀말이q1</folder>
	<filename>top_부침개류_사각배달_달걀말이_Q1_00043.JPG</filename>
	<path>/top부침개류사각배달달걀말이q1/top_부침개류_사각배달_달걀말이_Q1_00043.JPG</path>
	<source>
		<database>fooddata</database>
	</source>
	<size>
		<width>3008</width>
		<height>2000</height>
		<depth>3</depth>
	</size>
	<object>
		<name>ref_spoon</name>
		<bndbox>
			<xmin>356</xmin>
			<ymin>134</ymin>
			<xmax>620</xmax>
			<ymax>500</ymax>
		</bndbox>
	</object>
	<object>
		<name>ref_fork</name>
		<bndbox>
			<xmin>661</xmin>
			<ymin>159</ymin>
			<xmax>864</xmax>
			<ymax>611</ymax>
		</bndbox>
	</object>
	<object>
		<name>ref_coin</name>
		<bndbox>
			<xmin>2241</xmin>
			<ymin>1363</ymin>
			<xmax>2444</xmax>
			<ymax>1556</ymax>
		</bndbox>
	</object>
	<object>
		<name>dish</name>
		<bndbox>
			<xmin>843</xmin>
			<ymin>464</ymin>
			<xmax>2134</xmax>
			<ymax>1404</ymax>
		</bndbox>
	</object>
	<object>
		<name>달걀말이</name>
		<bndbox>
			<xmin>1235</xmin>
			<ymin>784</ymin>
			<xmax>1697</xmax>
			<ymax>1048</ymax>
		</bndbox>
	</object>
</annotation>