<annotation>
	<folder>top부침개류사각배달달걀말이q1</folder>
	<filename>top_부침개류_사각배달_달걀말이_Q1_00016.JPG</filename>
	<path>/top부침개류사각배달달걀말이q1/top_부침개류_사각배달_달걀말이_Q1_00016.JPG</path>
	<source>
		<database>fooddata</database>
	</source>
	<size>
		<width>3008</width>
		<height>2000</height>
		<depth>3</depth>
	</size>
	<object>
		<name>ref_spoon</name>
		<bndbox>
			<xmin>1987</xmin>
			<ymin>332</ymin>
			<xmax>2251</xmax>
			<ymax>708</ymax>
		</bndbox>
	</object>
	<object>
		<name>ref_fork</name>
		<bndbox>
			<xmin>2286</xmin>
			<ymin>398</ymin>
			<xmax>2490</xmax>
			<ymax>835</ymax>
		</bndbox>
	</object>
	<object>
		<name>ref_coin</name>
		<bndbox>
			<xmin>818</xmin>
			<ymin>1424</ymin>
			<xmax>1021</xmax>
			<ymax>1617</ymax>
		</bndbox>
	</object>
	<object>
		<name>dish</name>
		<bndbox>
			<xmin>457</xmin>
			<ymin>296</ymin>
			<xmax>1875</xmax>
			<ymax>1536</ymax>
		</bndbox>
	</object>
	<object>
		<name>달걀말이</name>
		<bndbox>
			<xmin>1250</xmin>
			<ymin>774</ymin>
			<xmax>1667</xmax>
			<ymax>1201</ymax>
		</bndbox>
	</object>
</annotation>