<annotation>
	<folder>side국류냄비매운탕q1</folder>
	<filename>side_국류_냄비_매운탕_Q1_00040.JPG</filename>
	<path>/side국류냄비매운탕q1/side_국류_냄비_매운탕_Q1_00040.JPG</path>
	<source>
		<database>fooddata</database>
	</source>
	<size>
		<width>3008</width>
		<height>2000</height>
		<depth>3</depth>
	</size>
	<object>
		<name>ref_spoon</name>
		<bndbox>
			<xmin>257</xmin>
			<ymin>541</ymin>
			<xmax>511</xmax>
			<ymax>861</ymax>
		</bndbox>
	</object>
	<object>
		<name>ref_fork</name>
		<bndbox>
			<xmin>641</xmin>
			<ymin>552</ymin>
			<xmax>817</xmax>
			<ymax>927</ymax>
		</bndbox>
	</object>
	<object>
		<name>ref_coin</name>
		<bndbox>
			<xmin>856</xmin>
			<ymin>1611</ymin>
			<xmax>1063</xmax>
			<ymax>1766</ymax>
		</bndbox>
	</object>
	<object>
		<name>dish</name>
		<bndbox>
			<xmin>1123</xmin>
			<ymin>466</ymin>
			<xmax>2585</xmax>
			<ymax>1509</ymax>
		</bndbox>
	</object>
	<object>
		<name>매운탕</name>
		<bndbox>
			<xmin>1314</xmin>
			<ymin>687</ymin>
			<xmax>2447</xmax>
			<ymax>1377</ymax>
		</bndbox>
	</object>
</annotation>