<annotation>
	<folder>side국류냄비매운탕q1</folder>
	<filename>side_국류_냄비_매운탕_Q1_00047.JPG</filename>
	<path>/side국류냄비매운탕q1/side_국류_냄비_매운탕_Q1_00047.JPG</path>
	<source>
		<database>fooddata</database>
	</source>
	<size>
		<width>3008</width>
		<height>2000</height>
		<depth>3</depth>
	</size>
	<object>
		<name>ref_spoon</name>
		<bndbox>
			<xmin>213</xmin>
			<ymin>414</ymin>
			<xmax>483</xmax>
			<ymax>761</ymax>
		</bndbox>
	</object>
	<object>
		<name>ref_fork</name>
		<bndbox>
			<xmin>621</xmin>
			<ymin>419</ymin>
			<xmax>809</xmax>
			<ymax>817</ymax>
		</bndbox>
	</object>
	<object>
		<name>ref_coin</name>
		<bndbox>
			<xmin>2458</xmin>
			<ymin>1484</ymin>
			<xmax>2679</xmax>
			<ymax>1652</ymax>
		</bndbox>
	</object>
	<object>
		<name>dish</name>
		<bndbox>
			<xmin>861</xmin>
			<ymin>353</ymin>
			<xmax>2420</xmax>
			<ymax>1481</ymax>
		</bndbox>
	</object>
	<object>
		<name>매운탕</name>
		<bndbox>
			<xmin>1110</xmin>
			<ymin>607</ymin>
			<xmax>2158</xmax>
			<ymax>1343</ymax>
		</bndbox>
	</object>
</annotation>