<annotation>
	<folder>side국류냄비매운탕q1</folder>
	<filename>side_국류_냄비_매운탕_Q1_00022.JPG</filename>
	<path>/side국류냄비매운탕q1/side_국류_냄비_매운탕_Q1_00022.JPG</path>
	<source>
		<database>fooddata</database>
	</source>
	<size>
		<width>3008</width>
		<height>2000</height>
		<depth>3</depth>
	</size>
	<object>
		<name>ref_spoon</name>
		<bndbox>
			<xmin>538</xmin>
			<ymin>1561</ymin>
			<xmax>947</xmax>
			<ymax>1799</ymax>
		</bndbox>
	</object>
	<object>
		<name>ref_fork</name>
		<bndbox>
			<xmin>596</xmin>
			<ymin>1338</ymin>
			<xmax>1038</xmax>
			<ymax>1556</ymax>
		</bndbox>
	</object>
	<object>
		<name>ref_coin</name>
		<bndbox>
			<xmin>464</xmin>
			<ymin>679</ymin>
			<xmax>643</xmax>
			<ymax>792</ymax>
		</bndbox>
	</object>
	<object>
		<name>dish</name>
		<bndbox>
			<xmin>806</xmin>
			<ymin>237</ymin>
			<xmax>2081</xmax>
			<ymax>1131</ymax>
		</bndbox>
	</object>
	<object>
		<name>매운탕</name>
		<bndbox>
			<xmin>938</xmin>
			<ymin>486</ymin>
			<xmax>1843</xmax>
			<ymax>1001</ymax>
		</bndbox>
	</object>
</annotation>