<annotation>
	<folder>side국류냄비매운탕q1</folder>
	<filename>side_국류_냄비_매운탕_Q1_00046.JPG</filename>
	<path>/side국류냄비매운탕q1/side_국류_냄비_매운탕_Q1_00046.JPG</path>
	<source>
		<database>fooddata</database>
	</source>
	<size>
		<width>3008</width>
		<height>2000</height>
		<depth>3</depth>
	</size>
	<object>
		<name>ref_spoon</name>
		<bndbox>
			<xmin>235</xmin>
			<ymin>444</ymin>
			<xmax>486</xmax>
			<ymax>761</ymax>
		</bndbox>
	</object>
	<object>
		<name>ref_fork</name>
		<bndbox>
			<xmin>613</xmin>
			<ymin>455</ymin>
			<xmax>787</xmax>
			<ymax>808</ymax>
		</bndbox>
	</object>
	<object>
		<name>ref_coin</name>
		<bndbox>
			<xmin>2431</xmin>
			<ymin>1514</ymin>
			<xmax>2643</xmax>
			<ymax>1672</ymax>
		</bndbox>
	</object>
	<object>
		<name>dish</name>
		<bndbox>
			<xmin>1090</xmin>
			<ymin>328</ymin>
			<xmax>2516</xmax>
			<ymax>1338</ymax>
		</bndbox>
	</object>
	<object>
		<name>매운탕</name>
		<bndbox>
			<xmin>1217</xmin>
			<ymin>607</ymin>
			<xmax>2378</xmax>
			<ymax>1206</ymax>
		</bndbox>
	</object>
</annotation>