<annotation>
	<folder>side국류냄비매운탕q1</folder>
	<filename>side_국류_냄비_매운탕_Q1_00029.JPG</filename>
	<path>/side국류냄비매운탕q1/side_국류_냄비_매운탕_Q1_00029.JPG</path>
	<source>
		<database>fooddata</database>
	</source>
	<size>
		<width>3008</width>
		<height>2000</height>
		<depth>3</depth>
	</size>
	<object>
		<name>ref_spoon</name>
		<bndbox>
			<xmin>530</xmin>
			<ymin>1680</ymin>
			<xmax>914</xmax>
			<ymax>1892</ymax>
		</bndbox>
	</object>
	<object>
		<name>ref_fork</name>
		<bndbox>
			<xmin>580</xmin>
			<ymin>1473</ymin>
			<xmax>988</xmax>
			<ymax>1663</ymax>
		</bndbox>
	</object>
	<object>
		<name>ref_coin</name>
		<bndbox>
			<xmin>1270</xmin>
			<ymin>86</ymin>
			<xmax>1402</xmax>
			<ymax>171</ymax>
		</bndbox>
	</object>
	<object>
		<name>dish</name>
		<bndbox>
			<xmin>660</xmin>
			<ymin>394</ymin>
			<xmax>1830</xmax>
			<ymax>1214</ymax>
		</bndbox>
	</object>
	<object>
		<name>매운탕</name>
		<bndbox>
			<xmin>831</xmin>
			<ymin>546</ymin>
			<xmax>1719</xmax>
			<ymax>1081</ymax>
		</bndbox>
	</object>
</annotation>