<annotation>
	<folder>side국류냄비매운탕q1</folder>
	<filename>side_국류_냄비_매운탕_Q1_00006.JPG</filename>
	<path>/side국류냄비매운탕q1/side_국류_냄비_매운탕_Q1_00006.JPG</path>
	<source>
		<database>fooddata</database>
	</source>
	<size>
		<width>3008</width>
		<height>2000</height>
		<depth>3</depth>
	</size>
	<object>
		<name>ref_spoon</name>
		<bndbox>
			<xmin>2252</xmin>
			<ymin>654</ymin>
			<xmax>2516</xmax>
			<ymax>982</ymax>
		</bndbox>
	</object>
	<object>
		<name>ref_fork</name>
		<bndbox>
			<xmin>2652</xmin>
			<ymin>684</ymin>
			<xmax>2828</xmax>
			<ymax>1065</ymax>
		</bndbox>
	</object>
	<object>
		<name>ref_coin</name>
		<bndbox>
			<xmin>298</xmin>
			<ymin>1374</ymin>
			<xmax>511</xmax>
			<ymax>1523</ymax>
		</bndbox>
	</object>
	<object>
		<name>dish</name>
		<bndbox>
			<xmin>516</xmin>
			<ymin>452</ymin>
			<xmax>1984</xmax>
			<ymax>1484</ymax>
		</bndbox>
	</object>
	<object>
		<name>매운탕</name>
		<bndbox>
			<xmin>726</xmin>
			<ymin>728</ymin>
			<xmax>1741</xmax>
			<ymax>1349</ymax>
		</bndbox>
	</object>
</annotation>