<annotation>
	<folder>side국류냄비매운탕q1</folder>
	<filename>side_국류_냄비_매운탕_Q1_00015.JPG</filename>
	<path>/side국류냄비매운탕q1/side_국류_냄비_매운탕_Q1_00015.JPG</path>
	<source>
		<database>fooddata</database>
	</source>
	<size>
		<width>3008</width>
		<height>2000</height>
		<depth>3</depth>
	</size>
	<object>
		<name>ref_spoon</name>
		<bndbox>
			<xmin>2315</xmin>
			<ymin>568</ymin>
			<xmax>2585</xmax>
			<ymax>899</ymax>
		</bndbox>
	</object>
	<object>
		<name>ref_fork</name>
		<bndbox>
			<xmin>2723</xmin>
			<ymin>590</ymin>
			<xmax>2905</xmax>
			<ymax>966</ymax>
		</bndbox>
	</object>
	<object>
		<name>ref_coin</name>
		<bndbox>
			<xmin>1052</xmin>
			<ymin>243</ymin>
			<xmax>1234</xmax>
			<ymax>370</ymax>
		</bndbox>
	</object>
	<object>
		<name>dish</name>
		<bndbox>
			<xmin>392</xmin>
			<ymin>381</ymin>
			<xmax>1876</xmax>
			<ymax>1426</ymax>
		</bndbox>
	</object>
	<object>
		<name>매운탕</name>
		<bndbox>
			<xmin>616</xmin>
			<ymin>698</ymin>
			<xmax>1727</xmax>
			<ymax>1280</ymax>
		</bndbox>
	</object>
</annotation>