<annotation>
	<folder>side국류냄비매운탕q1</folder>
	<filename>side_국류_냄비_매운탕_Q1_00039.JPG</filename>
	<path>/side국류냄비매운탕q1/side_국류_냄비_매운탕_Q1_00039.JPG</path>
	<source>
		<database>fooddata</database>
	</source>
	<size>
		<width>3008</width>
		<height>2000</height>
		<depth>3</depth>
	</size>
	<object>
		<name>ref_spoon</name>
		<bndbox>
			<xmin>210</xmin>
			<ymin>549</ymin>
			<xmax>467</xmax>
			<ymax>880</ymax>
		</bndbox>
	</object>
	<object>
		<name>ref_fork</name>
		<bndbox>
			<xmin>596</xmin>
			<ymin>554</ymin>
			<xmax>773</xmax>
			<ymax>927</ymax>
		</bndbox>
	</object>
	<object>
		<name>ref_coin</name>
		<bndbox>
			<xmin>2147</xmin>
			<ymin>1663</ymin>
			<xmax>2362</xmax>
			<ymax>1823</ymax>
		</bndbox>
	</object>
	<object>
		<name>dish</name>
		<bndbox>
			<xmin>1087</xmin>
			<ymin>458</ymin>
			<xmax>2544</xmax>
			<ymax>1503</ymax>
		</bndbox>
	</object>
	<object>
		<name>매운탕</name>
		<bndbox>
			<xmin>1178</xmin>
			<ymin>679</ymin>
			<xmax>2406</xmax>
			<ymax>1366</ymax>
		</bndbox>
	</object>
</annotation>