<annotation>
	<folder>side국류냄비매운탕q1</folder>
	<filename>side_국류_냄비_매운탕_Q1_00010.JPG</filename>
	<path>/side국류냄비매운탕q1/side_국류_냄비_매운탕_Q1_00010.JPG</path>
	<source>
		<database>fooddata</database>
	</source>
	<size>
		<width>3008</width>
		<height>2000</height>
		<depth>3</depth>
	</size>
	<object>
		<name>ref_spoon</name>
		<bndbox>
			<xmin>2216</xmin>
			<ymin>731</ymin>
			<xmax>2481</xmax>
			<ymax>1057</ymax>
		</bndbox>
	</object>
	<object>
		<name>ref_fork</name>
		<bndbox>
			<xmin>2616</xmin>
			<ymin>756</ymin>
			<xmax>2801</xmax>
			<ymax>1134</ymax>
		</bndbox>
	</object>
	<object>
		<name>ref_coin</name>
		<bndbox>
			<xmin>271</xmin>
			<ymin>1415</ymin>
			<xmax>483</xmax>
			<ymax>1567</ymax>
		</bndbox>
	</object>
	<object>
		<name>dish</name>
		<bndbox>
			<xmin>489</xmin>
			<ymin>441</ymin>
			<xmax>1940</xmax>
			<ymax>1459</ymax>
		</bndbox>
	</object>
	<object>
		<name>매운탕</name>
		<bndbox>
			<xmin>729</xmin>
			<ymin>549</ymin>
			<xmax>1714</xmax>
			<ymax>1319</ymax>
		</bndbox>
	</object>
</annotation>