<annotation>
	<folder>top국류냄비매운탕q1</folder>
	<filename>top_국류_냄비_매운탕_Q1_00043.JPG</filename>
	<path>/top국류냄비매운탕q1/top_국류_냄비_매운탕_Q1_00043.JPG</path>
	<source>
		<database>fooddata</database>
	</source>
	<size>
		<width>3008</width>
		<height>2000</height>
		<depth>3</depth>
	</size>
	<object>
		<name>ref_spoon</name>
		<bndbox>
			<xmin>602</xmin>
			<ymin>232</ymin>
			<xmax>844</xmax>
			<ymax>630</ymax>
		</bndbox>
	</object>
	<object>
		<name>ref_fork</name>
		<bndbox>
			<xmin>288</xmin>
			<ymin>403</ymin>
			<xmax>472</xmax>
			<ymax>866</ymax>
		</bndbox>
	</object>
	<object>
		<name>ref_coin</name>
		<bndbox>
			<xmin>1093</xmin>
			<ymin>251</ymin>
			<xmax>1265</xmax>
			<ymax>416</ymax>
		</bndbox>
	</object>
	<object>
		<name>dish</name>
		<bndbox>
			<xmin>1171</xmin>
			<ymin>284</ymin>
			<xmax>2581</xmax>
			<ymax>1684</ymax>
		</bndbox>
	</object>
	<object>
		<name>매운탕</name>
		<bndbox>
			<xmin>1397</xmin>
			<ymin>504</ymin>
			<xmax>2293</xmax>
			<ymax>1461</ymax>
		</bndbox>
	</object>
</annotation>