<annotation>
	<folder>top국류냄비매운탕q1</folder>
	<filename>top_국류_냄비_매운탕_Q1_00031.JPG</filename>
	<path>/top국류냄비매운탕q1/top_국류_냄비_매운탕_Q1_00031.JPG</path>
	<source>
		<database>fooddata</database>
	</source>
	<size>
		<width>3008</width>
		<height>2000</height>
		<depth>3</depth>
	</size>
	<object>
		<name>ref_spoon</name>
		<bndbox>
			<xmin>786</xmin>
			<ymin>1396</ymin>
			<xmax>1168</xmax>
			<ymax>1629</ymax>
		</bndbox>
	</object>
	<object>
		<name>ref_fork</name>
		<bndbox>
			<xmin>757</xmin>
			<ymin>1710</ymin>
			<xmax>1181</xmax>
			<ymax>1868</ymax>
		</bndbox>
	</object>
	<object>
		<name>ref_coin</name>
		<bndbox>
			<xmin>2141</xmin>
			<ymin>1254</ymin>
			<xmax>2293</xmax>
			<ymax>1416</ymax>
		</bndbox>
	</object>
	<object>
		<name>dish</name>
		<bndbox>
			<xmin>812</xmin>
			<ymin>128</ymin>
			<xmax>2073</xmax>
			<ymax>1338</ymax>
		</bndbox>
	</object>
	<object>
		<name>매운탕</name>
		<bndbox>
			<xmin>1038</xmin>
			<ymin>400</ymin>
			<xmax>1860</xmax>
			<ymax>1183</ymax>
		</bndbox>
	</object>
</annotation>