<annotation>
	<folder>top국류냄비매운탕q1</folder>
	<filename>top_국류_냄비_매운탕_Q1_00042.JPG</filename>
	<path>/top국류냄비매운탕q1/top_국류_냄비_매운탕_Q1_00042.JPG</path>
	<source>
		<database>fooddata</database>
	</source>
	<size>
		<width>3008</width>
		<height>2000</height>
		<depth>3</depth>
	</size>
	<object>
		<name>ref_spoon</name>
		<bndbox>
			<xmin>572</xmin>
			<ymin>212</ymin>
			<xmax>802</xmax>
			<ymax>597</ymax>
		</bndbox>
	</object>
	<object>
		<name>ref_fork</name>
		<bndbox>
			<xmin>265</xmin>
			<ymin>384</ymin>
			<xmax>459</xmax>
			<ymax>814</ymax>
		</bndbox>
	</object>
	<object>
		<name>ref_coin</name>
		<bndbox>
			<xmin>2400</xmin>
			<ymin>1429</ymin>
			<xmax>2565</xmax>
			<ymax>1597</ymax>
		</bndbox>
	</object>
	<object>
		<name>dish</name>
		<bndbox>
			<xmin>1103</xmin>
			<ymin>258</ymin>
			<xmax>2448</xmax>
			<ymax>1594</ymax>
		</bndbox>
	</object>
	<object>
		<name>매운탕</name>
		<bndbox>
			<xmin>1313</xmin>
			<ymin>461</ymin>
			<xmax>2180</xmax>
			<ymax>1367</ymax>
		</bndbox>
	</object>
</annotation>