<annotation>
	<folder>top국류냄비매운탕q1</folder>
	<filename>top_국류_냄비_매운탕_Q1_00019.JPG</filename>
	<path>/top국류냄비매운탕q1/top_국류_냄비_매운탕_Q1_00019.JPG</path>
	<source>
		<database>fooddata</database>
	</source>
	<size>
		<width>3008</width>
		<height>2000</height>
		<depth>3</depth>
	</size>
	<object>
		<name>ref_spoon</name>
		<bndbox>
			<xmin>883</xmin>
			<ymin>1225</ymin>
			<xmax>1281</xmax>
			<ymax>1435</ymax>
		</bndbox>
	</object>
	<object>
		<name>ref_fork</name>
		<bndbox>
			<xmin>860</xmin>
			<ymin>1522</ymin>
			<xmax>1297</xmax>
			<ymax>1668</ymax>
		</bndbox>
	</object>
	<object>
		<name>ref_coin</name>
		<bndbox>
			<xmin>556</xmin>
			<ymin>846</ymin>
			<xmax>721</xmax>
			<ymax>995</ymax>
		</bndbox>
	</object>
	<object>
		<name>dish</name>
		<bndbox>
			<xmin>1041</xmin>
			<ymin>31</ymin>
			<xmax>2254</xmax>
			<ymax>1212</ymax>
		</bndbox>
	</object>
	<object>
		<name>매운탕</name>
		<bndbox>
			<xmin>1223</xmin>
			<ymin>287</ymin>
			<xmax>2028</xmax>
			<ymax>1063</ymax>
		</bndbox>
	</object>
</annotation>