<annotation>
	<folder>top국류냄비매운탕q1</folder>
	<filename>top_국류_냄비_매운탕_Q1_00003.JPG</filename>
	<path>/top국류냄비매운탕q1/top_국류_냄비_매운탕_Q1_00003.JPG</path>
	<source>
		<database>fooddata</database>
	</source>
	<size>
		<width>3008</width>
		<height>2000</height>
		<depth>3</depth>
	</size>
	<object>
		<name>ref_spoon</name>
		<bndbox>
			<xmin>2432</xmin>
			<ymin>429</ymin>
			<xmax>2668</xmax>
			<ymax>817</ymax>
		</bndbox>
	</object>
	<object>
		<name>ref_fork</name>
		<bndbox>
			<xmin>2109</xmin>
			<ymin>403</ymin>
			<xmax>2293</xmax>
			<ymax>840</ymax>
		</bndbox>
	</object>
	<object>
		<name>ref_coin</name>
		<bndbox>
			<xmin>1109</xmin>
			<ymin>1529</ymin>
			<xmax>1274</xmax>
			<ymax>1694</ymax>
		</bndbox>
	</object>
	<object>
		<name>dish</name>
		<bndbox>
			<xmin>411</xmin>
			<ymin>115</ymin>
			<xmax>1795</xmax>
			<ymax>1480</ymax>
		</bndbox>
	</object>
	<object>
		<name>매운탕</name>
		<bndbox>
			<xmin>670</xmin>
			<ymin>416</ymin>
			<xmax>1569</xmax>
			<ymax>1328</ymax>
		</bndbox>
	</object>
</annotation>