<annotation>
	<folder>top국류냄비매운탕q1</folder>
	<filename>top_국류_냄비_매운탕_Q1_00029.JPG</filename>
	<path>/top국류냄비매운탕q1/top_국류_냄비_매운탕_Q1_00029.JPG</path>
	<source>
		<database>fooddata</database>
	</source>
	<size>
		<width>3008</width>
		<height>2000</height>
		<depth>3</depth>
	</size>
	<object>
		<name>ref_spoon</name>
		<bndbox>
			<xmin>847</xmin>
			<ymin>1467</ymin>
			<xmax>1197</xmax>
			<ymax>1671</ymax>
		</bndbox>
	</object>
	<object>
		<name>ref_fork</name>
		<bndbox>
			<xmin>822</xmin>
			<ymin>1739</ymin>
			<xmax>1216</xmax>
			<ymax>1885</ymax>
		</bndbox>
	</object>
	<object>
		<name>ref_coin</name>
		<bndbox>
			<xmin>2119</xmin>
			<ymin>995</ymin>
			<xmax>2261</xmax>
			<ymax>1121</ymax>
		</bndbox>
	</object>
	<object>
		<name>dish</name>
		<bndbox>
			<xmin>993</xmin>
			<ymin>254</ymin>
			<xmax>2073</xmax>
			<ymax>1306</ymax>
		</bndbox>
	</object>
	<object>
		<name>매운탕</name>
		<bndbox>
			<xmin>1181</xmin>
			<ymin>471</ymin>
			<xmax>1866</xmax>
			<ymax>1163</ymax>
		</bndbox>
	</object>
</annotation>