<annotation>
	<folder>top국류냄비매운탕q1</folder>
	<filename>top_국류_냄비_매운탕_Q1_00006.JPG</filename>
	<path>/top국류냄비매운탕q1/top_국류_냄비_매운탕_Q1_00006.JPG</path>
	<source>
		<database>fooddata</database>
	</source>
	<size>
		<width>3008</width>
		<height>2000</height>
		<depth>3</depth>
	</size>
	<object>
		<name>ref_spoon</name>
		<bndbox>
			<xmin>2413</xmin>
			<ymin>449</ymin>
			<xmax>2636</xmax>
			<ymax>820</ymax>
		</bndbox>
	</object>
	<object>
		<name>ref_fork</name>
		<bndbox>
			<xmin>2102</xmin>
			<ymin>429</ymin>
			<xmax>2280</xmax>
			<ymax>814</ymax>
		</bndbox>
	</object>
	<object>
		<name>ref_coin</name>
		<bndbox>
			<xmin>469</xmin>
			<ymin>1073</ymin>
			<xmax>637</xmax>
			<ymax>1241</ymax>
		</bndbox>
	</object>
	<object>
		<name>dish</name>
		<bndbox>
			<xmin>666</xmin>
			<ymin>371</ymin>
			<xmax>1983</xmax>
			<ymax>1655</ymax>
		</bndbox>
	</object>
	<object>
		<name>매운탕</name>
		<bndbox>
			<xmin>902</xmin>
			<ymin>594</ymin>
			<xmax>1750</xmax>
			<ymax>1448</ymax>
		</bndbox>
	</object>
</annotation>