<annotation>
	<folder>top국류냄비매운탕q1</folder>
	<filename>top_국류_냄비_매운탕_Q1_00041.JPG</filename>
	<path>/top국류냄비매운탕q1/top_국류_냄비_매운탕_Q1_00041.JPG</path>
	<source>
		<database>fooddata</database>
	</source>
	<size>
		<width>3008</width>
		<height>2000</height>
		<depth>3</depth>
	</size>
	<object>
		<name>ref_spoon</name>
		<bndbox>
			<xmin>459</xmin>
			<ymin>254</ymin>
			<xmax>702</xmax>
			<ymax>649</ymax>
		</bndbox>
	</object>
	<object>
		<name>ref_fork</name>
		<bndbox>
			<xmin>162</xmin>
			<ymin>465</ymin>
			<xmax>385</xmax>
			<ymax>908</ymax>
		</bndbox>
	</object>
	<object>
		<name>ref_coin</name>
		<bndbox>
			<xmin>2261</xmin>
			<ymin>1458</ymin>
			<xmax>2445</xmax>
			<ymax>1629</ymax>
		</bndbox>
	</object>
	<object>
		<name>dish</name>
		<bndbox>
			<xmin>1051</xmin>
			<ymin>167</ymin>
			<xmax>2426</xmax>
			<ymax>1529</ymax>
		</bndbox>
	</object>
	<object>
		<name>매운탕</name>
		<bndbox>
			<xmin>1284</xmin>
			<ymin>387</ymin>
			<xmax>2196</xmax>
			<ymax>1325</ymax>
		</bndbox>
	</object>
</annotation>