<annotation>
	<folder>top국류냄비매운탕q1</folder>
	<filename>top_국류_냄비_매운탕_Q1_00032.JPG</filename>
	<path>/top국류냄비매운탕q1/top_국류_냄비_매운탕_Q1_00032.JPG</path>
	<source>
		<database>fooddata</database>
	</source>
	<size>
		<width>3008</width>
		<height>2000</height>
		<depth>3</depth>
	</size>
	<object>
		<name>ref_spoon</name>
		<bndbox>
			<xmin>702</xmin>
			<ymin>1429</ymin>
			<xmax>1084</xmax>
			<ymax>1642</ymax>
		</bndbox>
	</object>
	<object>
		<name>ref_fork</name>
		<bndbox>
			<xmin>689</xmin>
			<ymin>1707</ymin>
			<xmax>1122</xmax>
			<ymax>1868</ymax>
		</bndbox>
	</object>
	<object>
		<name>ref_coin</name>
		<bndbox>
			<xmin>1831</xmin>
			<ymin>1192</ymin>
			<xmax>1973</xmax>
			<ymax>1335</ymax>
		</bndbox>
	</object>
	<object>
		<name>dish</name>
		<bndbox>
			<xmin>805</xmin>
			<ymin>93</ymin>
			<xmax>1963</xmax>
			<ymax>1218</ymax>
		</bndbox>
	</object>
	<object>
		<name>매운탕</name>
		<bndbox>
			<xmin>1016</xmin>
			<ymin>335</ymin>
			<xmax>1769</xmax>
			<ymax>1082</ymax>
		</bndbox>
	</object>
</annotation>