<annotation>
	<folder>top국류냄비매운탕q1</folder>
	<filename>top_국류_냄비_매운탕_Q1_00002.JPG</filename>
	<path>/top국류냄비매운탕q1/top_국류_냄비_매운탕_Q1_00002.JPG</path>
	<source>
		<database>fooddata</database>
	</source>
	<size>
		<width>3008</width>
		<height>2000</height>
		<depth>3</depth>
	</size>
	<object>
		<name>ref_spoon</name>
		<bndbox>
			<xmin>2348</xmin>
			<ymin>416</ymin>
			<xmax>2591</xmax>
			<ymax>785</ymax>
		</bndbox>
	</object>
	<object>
		<name>ref_fork</name>
		<bndbox>
			<xmin>2041</xmin>
			<ymin>397</ymin>
			<xmax>2222</xmax>
			<ymax>837</ymax>
		</bndbox>
	</object>
	<object>
		<name>ref_coin</name>
		<bndbox>
			<xmin>1303</xmin>
			<ymin>1532</ymin>
			<xmax>1472</xmax>
			<ymax>1700</ymax>
		</bndbox>
	</object>
	<object>
		<name>dish</name>
		<bndbox>
			<xmin>388</xmin>
			<ymin>86</ymin>
			<xmax>1782</xmax>
			<ymax>1451</ymax>
		</bndbox>
	</object>
	<object>
		<name>매운탕</name>
		<bndbox>
			<xmin>657</xmin>
			<ymin>368</ymin>
			<xmax>1569</xmax>
			<ymax>1267</ymax>
		</bndbox>
	</object>
</annotation>