<annotation>
	<folder>top국류냄비매운탕q1</folder>
	<filename>top_국류_냄비_매운탕_Q1_00028.JPG</filename>
	<path>/top국류냄비매운탕q1/top_국류_냄비_매운탕_Q1_00028.JPG</path>
	<source>
		<database>fooddata</database>
	</source>
	<size>
		<width>3008</width>
		<height>2000</height>
		<depth>3</depth>
	</size>
	<object>
		<name>ref_spoon</name>
		<bndbox>
			<xmin>860</xmin>
			<ymin>1406</ymin>
			<xmax>1193</xmax>
			<ymax>1616</ymax>
		</bndbox>
	</object>
	<object>
		<name>ref_fork</name>
		<bndbox>
			<xmin>831</xmin>
			<ymin>1684</ymin>
			<xmax>1219</xmax>
			<ymax>1826</ymax>
		</bndbox>
	</object>
	<object>
		<name>ref_coin</name>
		<bndbox>
			<xmin>2128</xmin>
			<ymin>672</ymin>
			<xmax>2261</xmax>
			<ymax>798</ymax>
		</bndbox>
	</object>
	<object>
		<name>dish</name>
		<bndbox>
			<xmin>954</xmin>
			<ymin>203</ymin>
			<xmax>2038</xmax>
			<ymax>1251</ymax>
		</bndbox>
	</object>
	<object>
		<name>매운탕</name>
		<bndbox>
			<xmin>1132</xmin>
			<ymin>400</ymin>
			<xmax>1834</xmax>
			<ymax>1108</ymax>
		</bndbox>
	</object>
</annotation>