<annotation>
	<folder>top국류냄비매운탕q1</folder>
	<filename>top_국류_냄비_매운탕_Q1_00005.JPG</filename>
	<path>/top국류냄비매운탕q1/top_국류_냄비_매운탕_Q1_00005.JPG</path>
	<source>
		<database>fooddata</database>
	</source>
	<size>
		<width>3008</width>
		<height>2000</height>
		<depth>3</depth>
	</size>
	<object>
		<name>ref_spoon</name>
		<bndbox>
			<xmin>2452</xmin>
			<ymin>449</ymin>
			<xmax>2681</xmax>
			<ymax>817</ymax>
		</bndbox>
	</object>
	<object>
		<name>ref_fork</name>
		<bndbox>
			<xmin>2144</xmin>
			<ymin>423</ymin>
			<xmax>2332</xmax>
			<ymax>859</ymax>
		</bndbox>
	</object>
	<object>
		<name>ref_coin</name>
		<bndbox>
			<xmin>634</xmin>
			<ymin>1267</ymin>
			<xmax>799</xmax>
			<ymax>1429</ymax>
		</bndbox>
	</object>
	<object>
		<name>dish</name>
		<bndbox>
			<xmin>631</xmin>
			<ymin>248</ymin>
			<xmax>1941</xmax>
			<ymax>1535</ymax>
		</bndbox>
	</object>
	<object>
		<name>매운탕</name>
		<bndbox>
			<xmin>844</xmin>
			<ymin>504</ymin>
			<xmax>1734</xmax>
			<ymax>1332</ymax>
		</bndbox>
	</object>
</annotation>