<annotation>
	<folder>my-project-name</folder>
	<filename>side_국류_뚝배기_전주콩나물국밥_Q2_00033.JPG</filename>
	<path>/side국류뚝배기전주콩나물국밥q2/side_국류_뚝배기_전주콩나물국밥_Q2_00033.JPG</path>
	<source>
		<database>fooddata</database>
	</source>
	<size>
		<width>5472</width>
		<height>3648</height>
		<depth>3</depth>
	</size>
	<object>
		<name>ref_spoon</name>
		<bndbox>
			<xmin>525</xmin>
			<ymin>1041</ymin>
			<xmax>1081</xmax>
			<ymax>1816</ymax>
		</bndbox>
	</object>
	<object>
		<name>ref_fork</name>
		<bndbox>
			<xmin>1348</xmin>
			<ymin>1025</ymin>
			<xmax>1735</xmax>
			<ymax>1905</ymax>
		</bndbox>
	</object>
	<object>
		<name>ref_coin</name>
		<bndbox>
			<xmin>2478</xmin>
			<ymin>3043</ymin>
			<xmax>2930</xmax>
			<ymax>3406</ymax>
		</bndbox>
	</object>
	<object>
		<name>dish</name>
		<bndbox>
			<xmin>2034</xmin>
			<ymin>250</ymin>
			<xmax>4972</xmax>
			<ymax>2744</ymax>
		</bndbox>
	</object>
	<object>
		<name>전주콩나물국밥</name>
		<bndbox>
			<xmin>2373</xmin>
			<ymin>872</ymin>
			<xmax>4633</xmax>
			<ymax>1993</ymax>
		</bndbox>
	</object>
</annotation>