<annotation>
	<folder>my-project-name</folder>
	<filename>side_국류_뚝배기_전주콩나물국밥_Q2_00005.JPG</filename>
	<path>/side국류뚝배기전주콩나물국밥q2/side_국류_뚝배기_전주콩나물국밥_Q2_00005.JPG</path>
	<source>
		<database>fooddata</database>
	</source>
	<size>
		<width>5472</width>
		<height>3648</height>
		<depth>3</depth>
	</size>
	<object>
		<name>ref_spoon</name>
		<bndbox>
			<xmin>3785</xmin>
			<ymin>1227</ymin>
			<xmax>4245</xmax>
			<ymax>1872</ymax>
		</bndbox>
	</object>
	<object>
		<name>ref_fork</name>
		<bndbox>
			<xmin>4447</xmin>
			<ymin>1259</ymin>
			<xmax>4786</xmax>
			<ymax>1993</ymax>
		</bndbox>
	</object>
	<object>
		<name>ref_coin</name>
		<bndbox>
			<xmin>686</xmin>
			<ymin>2615</ymin>
			<xmax>1090</xmax>
			<ymax>2930</ymax>
		</bndbox>
	</object>
	<object>
		<name>dish</name>
		<bndbox>
			<xmin>1186</xmin>
			<ymin>605</ymin>
			<xmax>3729</xmax>
			<ymax>2817</ymax>
		</bndbox>
	</object>
	<object>
		<name>전주콩나물국밥</name>
		<bndbox>
			<xmin>1485</xmin>
			<ymin>1154</ymin>
			<xmax>3446</xmax>
			<ymax>2090</ymax>
		</bndbox>
	</object>
</annotation>