<annotation>
	<folder>my-project-name</folder>
	<filename>side_국류_뚝배기_전주콩나물국밥_Q2_00025.JPG</filename>
	<path>/side국류뚝배기전주콩나물국밥q2/side_국류_뚝배기_전주콩나물국밥_Q2_00025.JPG</path>
	<source>
		<database>fooddata</database>
	</source>
	<size>
		<width>5472</width>
		<height>3648</height>
		<depth>3</depth>
	</size>
	<object>
		<name>ref_spoon</name>
		<bndbox>
			<xmin>1453</xmin>
			<ymin>3035</ymin>
			<xmax>2236</xmax>
			<ymax>3470</ymax>
		</bndbox>
	</object>
	<object>
		<name>ref_fork</name>
		<bndbox>
			<xmin>1550</xmin>
			<ymin>2607</ymin>
			<xmax>2365</xmax>
			<ymax>2962</ymax>
		</bndbox>
	</object>
	<object>
		<name>ref_coin</name>
		<bndbox>
			<xmin>1889</xmin>
			<ymin>573</ymin>
			<xmax>2195</xmax>
			<ymax>775</ymax>
		</bndbox>
	</object>
	<object>
		<name>dish</name>
		<bndbox>
			<xmin>1864</xmin>
			<ymin>759</ymin>
			<xmax>4060</xmax>
			<ymax>2631</ymax>
		</bndbox>
	</object>
	<object>
		<name>전주콩나물국밥</name>
		<bndbox>
			<xmin>2123</xmin>
			<ymin>1227</ymin>
			<xmax>3801</xmax>
			<ymax>2066</ymax>
		</bndbox>
	</object>
</annotation>