<annotation>
	<folder>my-project-name</folder>
	<filename>side_국류_뚝배기_전주콩나물국밥_Q2_00051.JPG</filename>
	<path>/side국류뚝배기전주콩나물국밥q2/side_국류_뚝배기_전주콩나물국밥_Q2_00051.JPG</path>
	<source>
		<database>fooddata</database>
	</source>
	<size>
		<width>5472</width>
		<height>3648</height>
		<depth>3</depth>
	</size>
	<object>
		<name>ref_spoon</name>
		<bndbox>
			<xmin>460</xmin>
			<ymin>1211</ymin>
			<xmax>977</xmax>
			<ymax>1945</ymax>
		</bndbox>
	</object>
	<object>
		<name>ref_fork</name>
		<bndbox>
			<xmin>1219</xmin>
			<ymin>1211</ymin>
			<xmax>1590</xmax>
			<ymax>2018</ymax>
		</bndbox>
	</object>
	<object>
		<name>ref_coin</name>
		<bndbox>
			<xmin>4786</xmin>
			<ymin>2494</ymin>
			<xmax>5181</xmax>
			<ymax>2817</ymax>
		</bndbox>
	</object>
	<object>
		<name>dish</name>
		<bndbox>
			<xmin>1864</xmin>
			<ymin>500</ymin>
			<xmax>4544</xmax>
			<ymax>2792</ymax>
		</bndbox>
	</object>
	<object>
		<name>전주콩나물국밥</name>
		<bndbox>
			<xmin>2179</xmin>
			<ymin>1090</ymin>
			<xmax>4229</xmax>
			<ymax>2106</ymax>
		</bndbox>
	</object>
</annotation>