<annotation>
	<folder>my-project-name</folder>
	<filename>side_국류_뚝배기_전주콩나물국밥_Q2_00038.JPG</filename>
	<path>/side국류뚝배기전주콩나물국밥q2/side_국류_뚝배기_전주콩나물국밥_Q2_00038.JPG</path>
	<source>
		<database>fooddata</database>
	</source>
	<size>
		<width>5472</width>
		<height>3648</height>
		<depth>3</depth>
	</size>
	<object>
		<name>ref_spoon</name>
		<bndbox>
			<xmin>476</xmin>
			<ymin>993</ymin>
			<xmax>1009</xmax>
			<ymax>1719</ymax>
		</bndbox>
	</object>
	<object>
		<name>ref_fork</name>
		<bndbox>
			<xmin>1259</xmin>
			<ymin>977</ymin>
			<xmax>1622</xmax>
			<ymax>1792</ymax>
		</bndbox>
	</object>
	<object>
		<name>ref_coin</name>
		<bndbox>
			<xmin>4762</xmin>
			<ymin>2413</ymin>
			<xmax>5165</xmax>
			<ymax>2736</ymax>
		</bndbox>
	</object>
	<object>
		<name>dish</name>
		<bndbox>
			<xmin>1897</xmin>
			<ymin>226</ymin>
			<xmax>4633</xmax>
			<ymax>2518</ymax>
		</bndbox>
	</object>
	<object>
		<name>전주콩나물국밥</name>
		<bndbox>
			<xmin>2228</xmin>
			<ymin>815</ymin>
			<xmax>4334</xmax>
			<ymax>1808</ymax>
		</bndbox>
	</object>
</annotation>