<annotation>
	<folder>my-project-name</folder>
	<filename>side_국류_뚝배기_전주콩나물국밥_Q2_00043.JPG</filename>
	<path>/side국류뚝배기전주콩나물국밥q2/side_국류_뚝배기_전주콩나물국밥_Q2_00043.JPG</path>
	<source>
		<database>fooddata</database>
	</source>
	<size>
		<width>5472</width>
		<height>3648</height>
		<depth>3</depth>
	</size>
	<object>
		<name>ref_spoon</name>
		<bndbox>
			<xmin>460</xmin>
			<ymin>1227</ymin>
			<xmax>1001</xmax>
			<ymax>1969</ymax>
		</bndbox>
	</object>
	<object>
		<name>ref_fork</name>
		<bndbox>
			<xmin>1275</xmin>
			<ymin>1203</ymin>
			<xmax>1638</xmax>
			<ymax>2026</ymax>
		</bndbox>
	</object>
	<object>
		<name>ref_coin</name>
		<bndbox>
			<xmin>4108</xmin>
			<ymin>363</ymin>
			<xmax>4495</xmax>
			<ymax>605</ymax>
		</bndbox>
	</object>
	<object>
		<name>dish</name>
		<bndbox>
			<xmin>1929</xmin>
			<ymin>379</ymin>
			<xmax>4746</xmax>
			<ymax>2752</ymax>
		</bndbox>
	</object>
	<object>
		<name>전주콩나물국밥</name>
		<bndbox>
			<xmin>2268</xmin>
			<ymin>912</ymin>
			<xmax>4391</xmax>
			<ymax>2002</ymax>
		</bndbox>
	</object>
</annotation>