<annotation>
	<folder>my-project-name</folder>
	<filename>side_국류_뚝배기_전주콩나물국밥_Q2_00001.JPG</filename>
	<path>/side국류뚝배기전주콩나물국밥q2/side_국류_뚝배기_전주콩나물국밥_Q2_00001.JPG</path>
	<source>
		<database>fooddata</database>
	</source>
	<size>
		<width>5472</width>
		<height>3648</height>
		<depth>3</depth>
	</size>
	<object>
		<name>ref_spoon</name>
		<bndbox>
			<xmin>3817</xmin>
			<ymin>1203</ymin>
			<xmax>4310</xmax>
			<ymax>1872</ymax>
		</bndbox>
	</object>
	<object>
		<name>ref_fork</name>
		<bndbox>
			<xmin>4520</xmin>
			<ymin>1235</ymin>
			<xmax>4875</xmax>
			<ymax>2002</ymax>
		</bndbox>
	</object>
	<object>
		<name>ref_coin</name>
		<bndbox>
			<xmin>3027</xmin>
			<ymin>2954</ymin>
			<xmax>3438</xmax>
			<ymax>3285</ymax>
		</bndbox>
	</object>
	<object>
		<name>dish</name>
		<bndbox>
			<xmin>896</xmin>
			<ymin>597</ymin>
			<xmax>3535</xmax>
			<ymax>2817</ymax>
		</bndbox>
	</object>
	<object>
		<name>전주콩나물국밥</name>
		<bndbox>
			<xmin>1219</xmin>
			<ymin>1170</ymin>
			<xmax>3228</xmax>
			<ymax>2139</ymax>
		</bndbox>
	</object>
</annotation>