<annotation>
	<folder>my-project-name</folder>
	<filename>side_국류_뚝배기_전주콩나물국밥_Q2_00035.JPG</filename>
	<path>/side국류뚝배기전주콩나물국밥q2/side_국류_뚝배기_전주콩나물국밥_Q2_00035.JPG</path>
	<source>
		<database>fooddata</database>
	</source>
	<size>
		<width>5472</width>
		<height>3648</height>
		<depth>3</depth>
	</size>
	<object>
		<name>ref_spoon</name>
		<bndbox>
			<xmin>492</xmin>
			<ymin>968</ymin>
			<xmax>1017</xmax>
			<ymax>1695</ymax>
		</bndbox>
	</object>
	<object>
		<name>ref_fork</name>
		<bndbox>
			<xmin>1267</xmin>
			<ymin>952</ymin>
			<xmax>1638</xmax>
			<ymax>1768</ymax>
		</bndbox>
	</object>
	<object>
		<name>ref_coin</name>
		<bndbox>
			<xmin>3575</xmin>
			<ymin>2930</ymin>
			<xmax>3987</xmax>
			<ymax>3277</ymax>
		</bndbox>
	</object>
	<object>
		<name>dish</name>
		<bndbox>
			<xmin>1913</xmin>
			<ymin>194</ymin>
			<xmax>4625</xmax>
			<ymax>2470</ymax>
		</bndbox>
	</object>
	<object>
		<name>전주콩나물국밥</name>
		<bndbox>
			<xmin>2244</xmin>
			<ymin>783</ymin>
			<xmax>4350</xmax>
			<ymax>1768</ymax>
		</bndbox>
	</object>
</annotation>