<annotation>
	<folder>my-project-name</folder>
	<filename>side_국류_뚝배기_전주콩나물국밥_Q2_00024.JPG</filename>
	<path>/side국류뚝배기전주콩나물국밥q2/side_국류_뚝배기_전주콩나물국밥_Q2_00024.JPG</path>
	<source>
		<database>fooddata</database>
	</source>
	<size>
		<width>5472</width>
		<height>3648</height>
		<depth>3</depth>
	</size>
	<object>
		<name>ref_spoon</name>
		<bndbox>
			<xmin>1977</xmin>
			<ymin>2970</ymin>
			<xmax>2736</xmax>
			<ymax>3398</ymax>
		</bndbox>
	</object>
	<object>
		<name>ref_fork</name>
		<bndbox>
			<xmin>2066</xmin>
			<ymin>2542</ymin>
			<xmax>2857</xmax>
			<ymax>2905</ymax>
		</bndbox>
	</object>
	<object>
		<name>ref_coin</name>
		<bndbox>
			<xmin>2809</xmin>
			<ymin>452</ymin>
			<xmax>3107</xmax>
			<ymax>646</ymax>
		</bndbox>
	</object>
	<object>
		<name>dish</name>
		<bndbox>
			<xmin>2316</xmin>
			<ymin>702</ymin>
			<xmax>4536</xmax>
			<ymax>2583</ymax>
		</bndbox>
	</object>
	<object>
		<name>전주콩나물국밥</name>
		<bndbox>
			<xmin>2591</xmin>
			<ymin>1178</ymin>
			<xmax>4269</xmax>
			<ymax>2010</ymax>
		</bndbox>
	</object>
</annotation>