<annotation>
	<folder>my-project-name</folder>
	<filename>side_국류_뚝배기_전주콩나물국밥_Q2_00009.JPG</filename>
	<path>/side국류뚝배기전주콩나물국밥q2/side_국류_뚝배기_전주콩나물국밥_Q2_00009.JPG</path>
	<source>
		<database>fooddata</database>
	</source>
	<size>
		<width>5472</width>
		<height>3648</height>
		<depth>3</depth>
	</size>
	<object>
		<name>ref_spoon</name>
		<bndbox>
			<xmin>3922</xmin>
			<ymin>1203</ymin>
			<xmax>4391</xmax>
			<ymax>1864</ymax>
		</bndbox>
	</object>
	<object>
		<name>ref_fork</name>
		<bndbox>
			<xmin>4600</xmin>
			<ymin>1251</ymin>
			<xmax>4939</xmax>
			<ymax>1993</ymax>
		</bndbox>
	</object>
	<object>
		<name>ref_coin</name>
		<bndbox>
			<xmin>662</xmin>
			<ymin>799</ymin>
			<xmax>1017</xmax>
			<ymax>1041</ymax>
		</bndbox>
	</object>
	<object>
		<name>dish</name>
		<bndbox>
			<xmin>936</xmin>
			<ymin>662</ymin>
			<xmax>3535</xmax>
			<ymax>2849</ymax>
		</bndbox>
	</object>
	<object>
		<name>전주콩나물국밥</name>
		<bndbox>
			<xmin>1259</xmin>
			<ymin>1219</ymin>
			<xmax>3236</xmax>
			<ymax>2179</ymax>
		</bndbox>
	</object>
</annotation>