<annotation>
	<folder>my-project-name</folder>
	<filename>side_국류_뚝배기_전주콩나물국밥_Q2_00012.JPG</filename>
	<path>/side국류뚝배기전주콩나물국밥q2/side_국류_뚝배기_전주콩나물국밥_Q2_00012.JPG</path>
	<source>
		<database>fooddata</database>
	</source>
	<size>
		<width>5472</width>
		<height>3648</height>
		<depth>3</depth>
	</size>
	<object>
		<name>ref_spoon</name>
		<bndbox>
			<xmin>4278</xmin>
			<ymin>1130</ymin>
			<xmax>4754</xmax>
			<ymax>1784</ymax>
		</bndbox>
	</object>
	<object>
		<name>ref_fork</name>
		<bndbox>
			<xmin>4964</xmin>
			<ymin>1162</ymin>
			<xmax>5311</xmax>
			<ymax>1913</ymax>
		</bndbox>
	</object>
	<object>
		<name>ref_coin</name>
		<bndbox>
			<xmin>3244</xmin>
			<ymin>331</ymin>
			<xmax>3575</xmax>
			<ymax>557</ymax>
		</bndbox>
	</object>
	<object>
		<name>dish</name>
		<bndbox>
			<xmin>1437</xmin>
			<ymin>492</ymin>
			<xmax>4003</xmax>
			<ymax>2663</ymax>
		</bndbox>
	</object>
	<object>
		<name>전주콩나물국밥</name>
		<bndbox>
			<xmin>1735</xmin>
			<ymin>1049</ymin>
			<xmax>3696</xmax>
			<ymax>1993</ymax>
		</bndbox>
	</object>
</annotation>