<annotation>
	<folder>my-project-name</folder>
	<filename>side_국류_뚝배기_전주콩나물국밥_Q2_00040.JPG</filename>
	<path>/side국류뚝배기전주콩나물국밥q2/side_국류_뚝배기_전주콩나물국밥_Q2_00040.JPG</path>
	<source>
		<database>fooddata</database>
	</source>
	<size>
		<width>5472</width>
		<height>3648</height>
		<depth>3</depth>
	</size>
	<object>
		<name>ref_spoon</name>
		<bndbox>
			<xmin>347</xmin>
			<ymin>880</ymin>
			<xmax>888</xmax>
			<ymax>1622</ymax>
		</bndbox>
	</object>
	<object>
		<name>ref_fork</name>
		<bndbox>
			<xmin>1138</xmin>
			<ymin>864</ymin>
			<xmax>1517</xmax>
			<ymax>1695</ymax>
		</bndbox>
	</object>
	<object>
		<name>ref_coin</name>
		<bndbox>
			<xmin>4915</xmin>
			<ymin>1356</ymin>
			<xmax>5311</xmax>
			<ymax>1638</ymax>
		</bndbox>
	</object>
	<object>
		<name>dish</name>
		<bndbox>
			<xmin>1792</xmin>
			<ymin>97</ymin>
			<xmax>4536</xmax>
			<ymax>2413</ymax>
		</bndbox>
	</object>
	<object>
		<name>전주콩나물국밥</name>
		<bndbox>
			<xmin>2034</xmin>
			<ymin>718</ymin>
			<xmax>4253</xmax>
			<ymax>1687</ymax>
		</bndbox>
	</object>
</annotation>