<annotation>
	<folder>my-project-name</folder>
	<filename>side_국류_뚝배기_전주콩나물국밥_Q2_00013.JPG</filename>
	<path>/side국류뚝배기전주콩나물국밥q2/side_국류_뚝배기_전주콩나물국밥_Q2_00013.JPG</path>
	<source>
		<database>fooddata</database>
	</source>
	<size>
		<width>5472</width>
		<height>3648</height>
		<depth>3</depth>
	</size>
	<object>
		<name>ref_spoon</name>
		<bndbox>
			<xmin>4221</xmin>
			<ymin>1316</ymin>
			<xmax>4697</xmax>
			<ymax>1993</ymax>
		</bndbox>
	</object>
	<object>
		<name>ref_fork</name>
		<bndbox>
			<xmin>4907</xmin>
			<ymin>1364</ymin>
			<xmax>5254</xmax>
			<ymax>2115</ymax>
		</bndbox>
	</object>
	<object>
		<name>ref_coin</name>
		<bndbox>
			<xmin>3656</xmin>
			<ymin>775</ymin>
			<xmax>3995</xmax>
			<ymax>1017</ymax>
		</bndbox>
	</object>
	<object>
		<name>dish</name>
		<bndbox>
			<xmin>1469</xmin>
			<ymin>678</ymin>
			<xmax>4027</xmax>
			<ymax>2841</ymax>
		</bndbox>
	</object>
	<object>
		<name>전주콩나물국밥</name>
		<bndbox>
			<xmin>1768</xmin>
			<ymin>1219</ymin>
			<xmax>3729</xmax>
			<ymax>2163</ymax>
		</bndbox>
	</object>
</annotation>