<annotation>
	<folder>top국류뚝배기전주콩나물국밥q2</folder>
	<filename>top_국류_뚝배기_전주콩나물국밥_Q2_00039.JPG</filename>
	<path>/top국류뚝배기전주콩나물국밥q2/top_국류_뚝배기_전주콩나물국밥_Q2_00039.JPG</path>
	<source>
		<database>fooddata</database>
	</source>
	<size>
		<width>5472</width>
		<height>3648</height>
		<depth>3</depth>
	</size>
	<object>
		<name>ref_spoon</name>
		<bndbox>
			<xmin>748</xmin>
			<ymin>904</ymin>
			<xmax>1239</xmax>
			<ymax>1653</ymax>
		</bndbox>
	</object>
	<object>
		<name>ref_fork</name>
		<bndbox>
			<xmin>1411</xmin>
			<ymin>912</ymin>
			<xmax>1738</xmax>
			<ymax>1723</ymax>
		</bndbox>
	</object>
	<object>
		<name>ref_coin</name>
		<bndbox>
			<xmin>4521</xmin>
			<ymin>1808</ymin>
			<xmax>4880</xmax>
			<ymax>2136</ymax>
		</bndbox>
	</object>
	<object>
		<name>dish</name>
		<bndbox>
			<xmin>1816</xmin>
			<ymin>351</ymin>
			<xmax>4435</xmax>
			<ymax>2915</ymax>
		</bndbox>
	</object>
	<object>
		<name>전주콩나물국밥</name>
		<bndbox>
			<xmin>2089</xmin>
			<ymin>733</ymin>
			<xmax>4100</xmax>
			<ymax>2666</ymax>
		</bndbox>
	</object>
</annotation>