<annotation>
	<folder>top국류뚝배기전주콩나물국밥q2</folder>
	<filename>top_국류_뚝배기_전주콩나물국밥_Q2_00023.JPG</filename>
	<path>/top국류뚝배기전주콩나물국밥q2/top_국류_뚝배기_전주콩나물국밥_Q2_00023.JPG</path>
	<source>
		<database>fooddata</database>
	</source>
	<size>
		<width>5472</width>
		<height>3648</height>
		<depth>3</depth>
	</size>
	<object>
		<name>ref_spoon</name>
		<bndbox>
			<xmin>1910</xmin>
			<ymin>3118</ymin>
			<xmax>2596</xmax>
			<ymax>3562</ymax>
		</bndbox>
	</object>
	<object>
		<name>ref_fork</name>
		<bndbox>
			<xmin>2050</xmin>
			<ymin>2713</ymin>
			<xmax>2744</xmax>
			<ymax>3001</ymax>
		</bndbox>
	</object>
	<object>
		<name>ref_coin</name>
		<bndbox>
			<xmin>2853</xmin>
			<ymin>140</ymin>
			<xmax>3126</xmax>
			<ymax>413</ymax>
		</bndbox>
	</object>
	<object>
		<name>dish</name>
		<bndbox>
			<xmin>2003</xmin>
			<ymin>616</ymin>
			<xmax>4194</xmax>
			<ymax>2767</ymax>
		</bndbox>
	</object>
	<object>
		<name>전주콩나물국밥</name>
		<bndbox>
			<xmin>2261</xmin>
			<ymin>943</ymin>
			<xmax>3921</xmax>
			<ymax>2580</ymax>
		</bndbox>
	</object>
</annotation>