<annotation>
	<folder>top국류뚝배기전주콩나물국밥q2</folder>
	<filename>top_국류_뚝배기_전주콩나물국밥_Q2_00037.JPG</filename>
	<path>/top국류뚝배기전주콩나물국밥q2/top_국류_뚝배기_전주콩나물국밥_Q2_00037.JPG</path>
	<source>
		<database>fooddata</database>
	</source>
	<size>
		<width>5472</width>
		<height>3648</height>
		<depth>3</depth>
	</size>
	<object>
		<name>ref_spoon</name>
		<bndbox>
			<xmin>803</xmin>
			<ymin>889</ymin>
			<xmax>1294</xmax>
			<ymax>1660</ymax>
		</bndbox>
	</object>
	<object>
		<name>ref_fork</name>
		<bndbox>
			<xmin>1458</xmin>
			<ymin>896</ymin>
			<xmax>1793</xmax>
			<ymax>1723</ymax>
		</bndbox>
	</object>
	<object>
		<name>ref_coin</name>
		<bndbox>
			<xmin>4069</xmin>
			<ymin>2713</ymin>
			<xmax>4420</xmax>
			<ymax>3071</ymax>
		</bndbox>
	</object>
	<object>
		<name>dish</name>
		<bndbox>
			<xmin>1879</xmin>
			<ymin>351</ymin>
			<xmax>4474</xmax>
			<ymax>2900</ymax>
		</bndbox>
	</object>
	<object>
		<name>전주콩나물국밥</name>
		<bndbox>
			<xmin>2167</xmin>
			<ymin>748</ymin>
			<xmax>4194</xmax>
			<ymax>2658</ymax>
		</bndbox>
	</object>
</annotation>