<annotation>
	<folder>top국류뚝배기전주콩나물국밥q2</folder>
	<filename>top_국류_뚝배기_전주콩나물국밥_Q2_00047.JPG</filename>
	<path>/top국류뚝배기전주콩나물국밥q2/top_국류_뚝배기_전주콩나물국밥_Q2_00047.JPG</path>
	<source>
		<database>fooddata</database>
	</source>
	<size>
		<width>5472</width>
		<height>3648</height>
		<depth>3</depth>
	</size>
	<object>
		<name>ref_spoon</name>
		<bndbox>
			<xmin>413</xmin>
			<ymin>865</ymin>
			<xmax>959</xmax>
			<ymax>1699</ymax>
		</bndbox>
	</object>
	<object>
		<name>ref_fork</name>
		<bndbox>
			<xmin>1154</xmin>
			<ymin>873</ymin>
			<xmax>1504</xmax>
			<ymax>1777</ymax>
		</bndbox>
	</object>
	<object>
		<name>ref_coin</name>
		<bndbox>
			<xmin>4513</xmin>
			<ymin>717</ymin>
			<xmax>4887</xmax>
			<ymax>1076</ymax>
		</bndbox>
	</object>
	<object>
		<name>dish</name>
		<bndbox>
			<xmin>1582</xmin>
			<ymin>296</ymin>
			<xmax>4466</xmax>
			<ymax>3118</ymax>
		</bndbox>
	</object>
	<object>
		<name>전주콩나물국밥</name>
		<bndbox>
			<xmin>1910</xmin>
			<ymin>709</ymin>
			<xmax>4085</xmax>
			<ymax>2837</ymax>
		</bndbox>
	</object>
</annotation>