<annotation>
	<folder>top국류뚝배기전주콩나물국밥q2</folder>
	<filename>top_국류_뚝배기_전주콩나물국밥_Q2_00027.JPG</filename>
	<path>/top국류뚝배기전주콩나물국밥q2/top_국류_뚝배기_전주콩나물국밥_Q2_00027.JPG</path>
	<source>
		<database>fooddata</database>
	</source>
	<size>
		<width>5472</width>
		<height>3648</height>
		<depth>3</depth>
	</size>
	<object>
		<name>ref_spoon</name>
		<bndbox>
			<xmin>1871</xmin>
			<ymin>2962</ymin>
			<xmax>2572</xmax>
			<ymax>3422</ymax>
		</bndbox>
	</object>
	<object>
		<name>ref_fork</name>
		<bndbox>
			<xmin>1964</xmin>
			<ymin>2533</ymin>
			<xmax>2720</xmax>
			<ymax>2861</ymax>
		</bndbox>
	</object>
	<object>
		<name>ref_coin</name>
		<bndbox>
			<xmin>3890</xmin>
			<ymin>390</ymin>
			<xmax>4186</xmax>
			<ymax>663</ymax>
		</bndbox>
	</object>
	<object>
		<name>dish</name>
		<bndbox>
			<xmin>1941</xmin>
			<ymin>265</ymin>
			<xmax>4233</xmax>
			<ymax>2526</ymax>
		</bndbox>
	</object>
	<object>
		<name>전주콩나물국밥</name>
		<bndbox>
			<xmin>2144</xmin>
			<ymin>631</ymin>
			<xmax>3936</xmax>
			<ymax>2331</ymax>
		</bndbox>
	</object>
</annotation>