<annotation>
	<folder>top국류뚝배기전주콩나물국밥q2</folder>
	<filename>top_국류_뚝배기_전주콩나물국밥_Q2_00050.JPG</filename>
	<path>/top국류뚝배기전주콩나물국밥q2/top_국류_뚝배기_전주콩나물국밥_Q2_00050.JPG</path>
	<source>
		<database>fooddata</database>
	</source>
	<size>
		<width>5472</width>
		<height>3648</height>
		<depth>3</depth>
	</size>
	<object>
		<name>ref_spoon</name>
		<bndbox>
			<xmin>592</xmin>
			<ymin>1317</ymin>
			<xmax>1099</xmax>
			<ymax>2112</ymax>
		</bndbox>
	</object>
	<object>
		<name>ref_fork</name>
		<bndbox>
			<xmin>1271</xmin>
			<ymin>1325</ymin>
			<xmax>1614</xmax>
			<ymax>2112</ymax>
		</bndbox>
	</object>
	<object>
		<name>ref_coin</name>
		<bndbox>
			<xmin>2658</xmin>
			<ymin>226</ymin>
			<xmax>2985</xmax>
			<ymax>538</ymax>
		</bndbox>
	</object>
	<object>
		<name>dish</name>
		<bndbox>
			<xmin>1715</xmin>
			<ymin>741</ymin>
			<xmax>4342</xmax>
			<ymax>3344</ymax>
		</bndbox>
	</object>
	<object>
		<name>전주콩나물국밥</name>
		<bndbox>
			<xmin>2019</xmin>
			<ymin>1138</ymin>
			<xmax>4007</xmax>
			<ymax>3095</ymax>
		</bndbox>
	</object>
</annotation>