<annotation>
	<folder>top국류뚝배기전주콩나물국밥q2</folder>
	<filename>top_국류_뚝배기_전주콩나물국밥_Q2_00002.JPG</filename>
	<path>/top국류뚝배기전주콩나물국밥q2/top_국류_뚝배기_전주콩나물국밥_Q2_00002.JPG</path>
	<source>
		<database>fooddata</database>
	</source>
	<size>
		<width>5472</width>
		<height>3648</height>
		<depth>3</depth>
	</size>
	<object>
		<name>ref_spoon</name>
		<bndbox>
			<xmin>3819</xmin>
			<ymin>351</ymin>
			<xmax>4334</xmax>
			<ymax>1200</ymax>
		</bndbox>
	</object>
	<object>
		<name>ref_fork</name>
		<bndbox>
			<xmin>4498</xmin>
			<ymin>374</ymin>
			<xmax>4872</xmax>
			<ymax>1286</ymax>
		</bndbox>
	</object>
	<object>
		<name>ref_coin</name>
		<bndbox>
			<xmin>2892</xmin>
			<ymin>2915</ymin>
			<xmax>3274</xmax>
			<ymax>3313</ymax>
		</bndbox>
	</object>
	<object>
		<name>dish</name>
		<bndbox>
			<xmin>764</xmin>
			<ymin>39</ymin>
			<xmax>3703</xmax>
			<ymax>2939</ymax>
		</bndbox>
	</object>
	<object>
		<name>전주콩나물국밥</name>
		<bndbox>
			<xmin>1029</xmin>
			<ymin>475</ymin>
			<xmax>3367</xmax>
			<ymax>2627</ymax>
		</bndbox>
	</object>
</annotation>