<annotation>
	<folder>top국류뚝배기전주콩나물국밥q2</folder>
	<filename>top_국류_뚝배기_전주콩나물국밥_Q2_00007.JPG</filename>
	<path>/top국류뚝배기전주콩나물국밥q2/top_국류_뚝배기_전주콩나물국밥_Q2_00007.JPG</path>
	<source>
		<database>fooddata</database>
	</source>
	<size>
		<width>5472</width>
		<height>3648</height>
		<depth>3</depth>
	</size>
	<object>
		<name>ref_spoon</name>
		<bndbox>
			<xmin>3640</xmin>
			<ymin>569</ymin>
			<xmax>4147</xmax>
			<ymax>1395</ymax>
		</bndbox>
	</object>
	<object>
		<name>ref_fork</name>
		<bndbox>
			<xmin>4334</xmin>
			<ymin>577</ymin>
			<xmax>4685</xmax>
			<ymax>1473</ymax>
		</bndbox>
	</object>
	<object>
		<name>ref_coin</name>
		<bndbox>
			<xmin>187</xmin>
			<ymin>1707</ymin>
			<xmax>569</xmax>
			<ymax>2089</ymax>
		</bndbox>
	</object>
	<object>
		<name>dish</name>
		<bndbox>
			<xmin>764</xmin>
			<ymin>179</ymin>
			<xmax>3625</xmax>
			<ymax>3017</ymax>
		</bndbox>
	</object>
	<object>
		<name>전주콩나물국밥</name>
		<bndbox>
			<xmin>1130</xmin>
			<ymin>452</ymin>
			<xmax>3313</xmax>
			<ymax>2713</ymax>
		</bndbox>
	</object>
</annotation>