<annotation>
	<folder>side반찬면적접시깻잎장아찌q5</folder>
	<filename>side_반찬면적_접시_깻잎장아찌_Q5_00054.JPG</filename>
	<path>/side반찬면적접시깻잎장아찌q5/side_반찬면적_접시_깻잎장아찌_Q5_00054.JPG</path>
	<source>
		<database>fooddata</database>
	</source>
	<size>
		<width>3008</width>
		<height>2000</height>
		<depth>3</depth>
	</size>
	<object>
		<name>ref_spoon</name>
		<bndbox>
			<xmin>344</xmin>
			<ymin>571</ymin>
			<xmax>649</xmax>
			<ymax>943</ymax>
		</bndbox>
	</object>
	<object>
		<name>ref_fork</name>
		<bndbox>
			<xmin>798</xmin>
			<ymin>546</ymin>
			<xmax>1004</xmax>
			<ymax>968</ymax>
		</bndbox>
	</object>
	<object>
		<name>ref_coin</name>
		<bndbox>
			<xmin>1660</xmin>
			<ymin>365</ymin>
			<xmax>1866</xmax>
			<ymax>493</ymax>
		</bndbox>
	</object>
	<object>
		<name>dish</name>
		<bndbox>
			<xmin>1181</xmin>
			<ymin>684</ymin>
			<xmax>2423</xmax>
			<ymax>1546</ymax>
		</bndbox>
	</object>
	<object>
		<name>깻잎장아찌</name>
		<bndbox>
			<xmin>1405</xmin>
			<ymin>755</ymin>
			<xmax>2210</xmax>
			<ymax>1447</ymax>
		</bndbox>
	</object>
</annotation>