<annotation>
	<folder>side반찬면적접시깻잎장아찌q5</folder>
	<filename>side_반찬면적_접시_깻잎장아찌_Q5_00037.JPG</filename>
	<path>/side반찬면적접시깻잎장아찌q5/side_반찬면적_접시_깻잎장아찌_Q5_00037.JPG</path>
	<source>
		<database>fooddata</database>
	</source>
	<size>
		<width>3008</width>
		<height>2000</height>
		<depth>3</depth>
	</size>
	<object>
		<name>ref_spoon</name>
		<bndbox>
			<xmin>170</xmin>
			<ymin>578</ymin>
			<xmax>479</xmax>
			<ymax>961</ymax>
		</bndbox>
	</object>
	<object>
		<name>ref_fork</name>
		<bndbox>
			<xmin>617</xmin>
			<ymin>557</ymin>
			<xmax>830</xmax>
			<ymax>986</ymax>
		</bndbox>
	</object>
	<object>
		<name>ref_coin</name>
		<bndbox>
			<xmin>2238</xmin>
			<ymin>1333</ymin>
			<xmax>2469</xmax>
			<ymax>1500</ymax>
		</bndbox>
	</object>
	<object>
		<name>dish</name>
		<bndbox>
			<xmin>1068</xmin>
			<ymin>578</ymin>
			<xmax>2284</xmax>
			<ymax>1429</ymax>
		</bndbox>
	</object>
	<object>
		<name>깻잎장아찌</name>
		<bndbox>
			<xmin>1263</xmin>
			<ymin>620</ymin>
			<xmax>2029</xmax>
			<ymax>1337</ymax>
		</bndbox>
	</object>
</annotation>