<annotation>
	<folder>side반찬면적접시깻잎장아찌q5</folder>
	<filename>side_반찬면적_접시_깻잎장아찌_Q5_00002.JPG</filename>
	<path>/side반찬면적접시깻잎장아찌q5/side_반찬면적_접시_깻잎장아찌_Q5_00002.JPG</path>
	<source>
		<database>fooddata</database>
	</source>
	<size>
		<width>3008</width>
		<height>2000</height>
		<depth>3</depth>
	</size>
	<object>
		<name>ref_spoon</name>
		<bndbox>
			<xmin>1777</xmin>
			<ymin>333</ymin>
			<xmax>2061</xmax>
			<ymax>695</ymax>
		</bndbox>
	</object>
	<object>
		<name>ref_fork</name>
		<bndbox>
			<xmin>2178</xmin>
			<ymin>322</ymin>
			<xmax>2391</xmax>
			<ymax>720</ymax>
		</bndbox>
	</object>
	<object>
		<name>ref_coin</name>
		<bndbox>
			<xmin>1458</xmin>
			<ymin>1397</ymin>
			<xmax>1688</xmax>
			<ymax>1550</ymax>
		</bndbox>
	</object>
	<object>
		<name>dish</name>
		<bndbox>
			<xmin>518</xmin>
			<ymin>510</ymin>
			<xmax>1710</xmax>
			<ymax>1358</ymax>
		</bndbox>
	</object>
	<object>
		<name>깻잎장아찌</name>
		<bndbox>
			<xmin>692</xmin>
			<ymin>525</ymin>
			<xmax>1504</xmax>
			<ymax>1252</ymax>
		</bndbox>
	</object>
</annotation>