<annotation>
	<folder>side반찬면적접시깻잎장아찌q5</folder>
	<filename>side_반찬면적_접시_깻잎장아찌_Q5_00010.JPG</filename>
	<path>/side반찬면적접시깻잎장아찌q5/side_반찬면적_접시_깻잎장아찌_Q5_00010.JPG</path>
	<source>
		<database>fooddata</database>
	</source>
	<size>
		<width>3008</width>
		<height>2000</height>
		<depth>3</depth>
	</size>
	<object>
		<name>ref_spoon</name>
		<bndbox>
			<xmin>1873</xmin>
			<ymin>496</ymin>
			<xmax>2164</xmax>
			<ymax>847</ymax>
		</bndbox>
	</object>
	<object>
		<name>ref_fork</name>
		<bndbox>
			<xmin>2274</xmin>
			<ymin>461</ymin>
			<xmax>2504</xmax>
			<ymax>855</ymax>
		</bndbox>
	</object>
	<object>
		<name>ref_coin</name>
		<bndbox>
			<xmin>1149</xmin>
			<ymin>581</ymin>
			<xmax>1362</xmax>
			<ymax>716</ymax>
		</bndbox>
	</object>
	<object>
		<name>dish</name>
		<bndbox>
			<xmin>624</xmin>
			<ymin>805</ymin>
			<xmax>1841</xmax>
			<ymax>1663</ymax>
		</bndbox>
	</object>
	<object>
		<name>깻잎장아찌</name>
		<bndbox>
			<xmin>681</xmin>
			<ymin>926</ymin>
			<xmax>1731</xmax>
			<ymax>1518</ymax>
		</bndbox>
	</object>
</annotation>