<annotation>
	<folder>side반찬면적접시깻잎장아찌q5</folder>
	<filename>side_반찬면적_접시_깻잎장아찌_Q5_00033.JPG</filename>
	<path>/side반찬면적접시깻잎장아찌q5/side_반찬면적_접시_깻잎장아찌_Q5_00033.JPG</path>
	<source>
		<database>fooddata</database>
	</source>
	<size>
		<width>3008</width>
		<height>2000</height>
		<depth>3</depth>
	</size>
	<object>
		<name>ref_spoon</name>
		<bndbox>
			<xmin>358</xmin>
			<ymin>503</ymin>
			<xmax>667</xmax>
			<ymax>883</ymax>
		</bndbox>
	</object>
	<object>
		<name>ref_fork</name>
		<bndbox>
			<xmin>802</xmin>
			<ymin>496</ymin>
			<xmax>1011</xmax>
			<ymax>926</ymax>
		</bndbox>
	</object>
	<object>
		<name>ref_coin</name>
		<bndbox>
			<xmin>1490</xmin>
			<ymin>1461</ymin>
			<xmax>1727</xmax>
			<ymax>1631</ymax>
		</bndbox>
	</object>
	<object>
		<name>dish</name>
		<bndbox>
			<xmin>1160</xmin>
			<ymin>493</ymin>
			<xmax>2359</xmax>
			<ymax>1355</ymax>
		</bndbox>
	</object>
	<object>
		<name>깻잎장아찌</name>
		<bndbox>
			<xmin>1295</xmin>
			<ymin>631</ymin>
			<xmax>2221</xmax>
			<ymax>1216</ymax>
		</bndbox>
	</object>
</annotation>