<annotation>
	<folder>side반찬면적접시깻잎장아찌q5</folder>
	<filename>side_반찬면적_접시_깻잎장아찌_Q5_00045.JPG</filename>
	<path>/side반찬면적접시깻잎장아찌q5/side_반찬면적_접시_깻잎장아찌_Q5_00045.JPG</path>
	<source>
		<database>fooddata</database>
	</source>
	<size>
		<width>3008</width>
		<height>2000</height>
		<depth>3</depth>
	</size>
	<object>
		<name>ref_spoon</name>
		<bndbox>
			<xmin>227</xmin>
			<ymin>571</ymin>
			<xmax>539</xmax>
			<ymax>954</ymax>
		</bndbox>
	</object>
	<object>
		<name>ref_fork</name>
		<bndbox>
			<xmin>681</xmin>
			<ymin>546</ymin>
			<xmax>890</xmax>
			<ymax>975</ymax>
		</bndbox>
	</object>
	<object>
		<name>ref_coin</name>
		<bndbox>
			<xmin>1461</xmin>
			<ymin>1592</ymin>
			<xmax>1717</xmax>
			<ymax>1766</ymax>
		</bndbox>
	</object>
	<object>
		<name>dish</name>
		<bndbox>
			<xmin>1093</xmin>
			<ymin>649</ymin>
			<xmax>2323</xmax>
			<ymax>1525</ymax>
		</bndbox>
	</object>
	<object>
		<name>깻잎장아찌</name>
		<bndbox>
			<xmin>1210</xmin>
			<ymin>791</ymin>
			<xmax>2199</xmax>
			<ymax>1376</ymax>
		</bndbox>
	</object>
</annotation>