<annotation>
	<folder>side반찬면적접시깻잎장아찌q5</folder>
	<filename>side_반찬면적_접시_깻잎장아찌_Q5_00013.JPG</filename>
	<path>/side반찬면적접시깻잎장아찌q5/side_반찬면적_접시_깻잎장아찌_Q5_00013.JPG</path>
	<source>
		<database>fooddata</database>
	</source>
	<size>
		<width>3008</width>
		<height>2000</height>
		<depth>3</depth>
	</size>
	<object>
		<name>ref_spoon</name>
		<bndbox>
			<xmin>1639</xmin>
			<ymin>503</ymin>
			<xmax>1930</xmax>
			<ymax>855</ymax>
		</bndbox>
	</object>
	<object>
		<name>ref_fork</name>
		<bndbox>
			<xmin>2040</xmin>
			<ymin>457</ymin>
			<xmax>2277</xmax>
			<ymax>847</ymax>
		</bndbox>
	</object>
	<object>
		<name>ref_coin</name>
		<bndbox>
			<xmin>1692</xmin>
			<ymin>337</ymin>
			<xmax>1887</xmax>
			<ymax>464</ymax>
		</bndbox>
	</object>
	<object>
		<name>dish</name>
		<bndbox>
			<xmin>472</xmin>
			<ymin>794</ymin>
			<xmax>1678</xmax>
			<ymax>1649</ymax>
		</bndbox>
	</object>
	<object>
		<name>깻잎장아찌</name>
		<bndbox>
			<xmin>585</xmin>
			<ymin>865</ymin>
			<xmax>1515</xmax>
			<ymax>1507</ymax>
		</bndbox>
	</object>
</annotation>