<annotation>
	<folder>top반찬면적접시깻잎장아찌q5</folder>
	<filename>top_반찬면적_접시_깻잎장아찌_Q5_00042.JPG</filename>
	<path>/top반찬면적접시깻잎장아찌q5/top_반찬면적_접시_깻잎장아찌_Q5_00042.JPG</path>
	<source>
		<database>fooddata</database>
	</source>
	<size>
		<width>3008</width>
		<height>2000</height>
		<depth>3</depth>
	</size>
	<object>
		<name>ref_spoon</name>
		<bndbox>
			<xmin>773</xmin>
			<ymin>241</ymin>
			<xmax>1072</xmax>
			<ymax>679</ymax>
		</bndbox>
	</object>
	<object>
		<name>ref_fork</name>
		<bndbox>
			<xmin>1220</xmin>
			<ymin>274</ymin>
			<xmax>1424</xmax>
			<ymax>761</ymax>
		</bndbox>
	</object>
	<object>
		<name>ref_coin</name>
		<bndbox>
			<xmin>2312</xmin>
			<ymin>212</ymin>
			<xmax>2529</xmax>
			<ymax>425</ymax>
		</bndbox>
	</object>
	<object>
		<name>dish</name>
		<bndbox>
			<xmin>1522</xmin>
			<ymin>544</ymin>
			<xmax>2681</xmax>
			<ymax>1726</ymax>
		</bndbox>
	</object>
	<object>
		<name>깻잎장아찌</name>
		<bndbox>
			<xmin>1604</xmin>
			<ymin>613</ymin>
			<xmax>2537</xmax>
			<ymax>1669</ymax>
		</bndbox>
	</object>
</annotation>