<annotation>
	<folder>top반찬면적접시깻잎장아찌q5</folder>
	<filename>top_반찬면적_접시_깻잎장아찌_Q5_00002.JPG</filename>
	<path>/top반찬면적접시깻잎장아찌q5/top_반찬면적_접시_깻잎장아찌_Q5_00002.JPG</path>
	<source>
		<database>fooddata</database>
	</source>
	<size>
		<width>3008</width>
		<height>2000</height>
		<depth>3</depth>
	</size>
	<object>
		<name>ref_spoon</name>
		<bndbox>
			<xmin>1878</xmin>
			<ymin>126</ymin>
			<xmax>2169</xmax>
			<ymax>552</ymax>
		</bndbox>
	</object>
	<object>
		<name>ref_fork</name>
		<bndbox>
			<xmin>2263</xmin>
			<ymin>163</ymin>
			<xmax>2472</xmax>
			<ymax>642</ymax>
		</bndbox>
	</object>
	<object>
		<name>ref_coin</name>
		<bndbox>
			<xmin>1252</xmin>
			<ymin>1653</ymin>
			<xmax>1486</xmax>
			<ymax>1886</ymax>
		</bndbox>
	</object>
	<object>
		<name>dish</name>
		<bndbox>
			<xmin>614</xmin>
			<ymin>351</ymin>
			<xmax>1801</xmax>
			<ymax>1563</ymax>
		</bndbox>
	</object>
	<object>
		<name>깻잎장아찌</name>
		<bndbox>
			<xmin>708</xmin>
			<ymin>417</ymin>
			<xmax>1576</xmax>
			<ymax>1522</ymax>
		</bndbox>
	</object>
</annotation>