<annotation>
	<folder>top반찬면적접시깻잎장아찌q5</folder>
	<filename>top_반찬면적_접시_깻잎장아찌_Q5_00049.JPG</filename>
	<path>/top반찬면적접시깻잎장아찌q5/top_반찬면적_접시_깻잎장아찌_Q5_00049.JPG</path>
	<source>
		<database>fooddata</database>
	</source>
	<size>
		<width>3008</width>
		<height>2000</height>
		<depth>3</depth>
	</size>
	<object>
		<name>ref_spoon</name>
		<bndbox>
			<xmin>602</xmin>
			<ymin>114</ymin>
			<xmax>921</xmax>
			<ymax>576</ymax>
		</bndbox>
	</object>
	<object>
		<name>ref_fork</name>
		<bndbox>
			<xmin>1085</xmin>
			<ymin>134</ymin>
			<xmax>1289</xmax>
			<ymax>642</ymax>
		</bndbox>
	</object>
	<object>
		<name>ref_coin</name>
		<bndbox>
			<xmin>2370</xmin>
			<ymin>1505</ymin>
			<xmax>2599</xmax>
			<ymax>1739</ymax>
		</bndbox>
	</object>
	<object>
		<name>dish</name>
		<bndbox>
			<xmin>1355</xmin>
			<ymin>286</ymin>
			<xmax>2566</xmax>
			<ymax>1501</ymax>
		</bndbox>
	</object>
	<object>
		<name>깻잎장아찌</name>
		<bndbox>
			<xmin>1506</xmin>
			<ymin>347</ymin>
			<xmax>2521</xmax>
			<ymax>1444</ymax>
		</bndbox>
	</object>
</annotation>