<annotation>
	<folder>top반찬면적접시깻잎장아찌q5</folder>
	<filename>top_반찬면적_접시_깻잎장아찌_Q5_00048.JPG</filename>
	<path>/top반찬면적접시깻잎장아찌q5/top_반찬면적_접시_깻잎장아찌_Q5_00048.JPG</path>
	<source>
		<database>fooddata</database>
	</source>
	<size>
		<width>3008</width>
		<height>2000</height>
		<depth>3</depth>
	</size>
	<object>
		<name>ref_spoon</name>
		<bndbox>
			<xmin>573</xmin>
			<ymin>53</ymin>
			<xmax>880</xmax>
			<ymax>507</ymax>
		</bndbox>
	</object>
	<object>
		<name>ref_fork</name>
		<bndbox>
			<xmin>1048</xmin>
			<ymin>69</ymin>
			<xmax>1240</xmax>
			<ymax>568</ymax>
		</bndbox>
	</object>
	<object>
		<name>ref_coin</name>
		<bndbox>
			<xmin>2026</xmin>
			<ymin>1542</ymin>
			<xmax>2263</xmax>
			<ymax>1776</ymax>
		</bndbox>
	</object>
	<object>
		<name>dish</name>
		<bndbox>
			<xmin>1318</xmin>
			<ymin>237</ymin>
			<xmax>2492</xmax>
			<ymax>1419</ymax>
		</bndbox>
	</object>
	<object>
		<name>깻잎장아찌</name>
		<bndbox>
			<xmin>1449</xmin>
			<ymin>306</ymin>
			<xmax>2341</xmax>
			<ymax>1338</ymax>
		</bndbox>
	</object>
</annotation>