<annotation>
	<folder>top반찬면적접시깻잎장아찌q5</folder>
	<filename>top_반찬면적_접시_깻잎장아찌_Q5_00041.JPG</filename>
	<path>/top반찬면적접시깻잎장아찌q5/top_반찬면적_접시_깻잎장아찌_Q5_00041.JPG</path>
	<source>
		<database>fooddata</database>
	</source>
	<size>
		<width>3008</width>
		<height>2000</height>
		<depth>3</depth>
	</size>
	<object>
		<name>ref_spoon</name>
		<bndbox>
			<xmin>634</xmin>
			<ymin>179</ymin>
			<xmax>937</xmax>
			<ymax>621</ymax>
		</bndbox>
	</object>
	<object>
		<name>ref_fork</name>
		<bndbox>
			<xmin>1089</xmin>
			<ymin>220</ymin>
			<xmax>1281</xmax>
			<ymax>699</ymax>
		</bndbox>
	</object>
	<object>
		<name>ref_coin</name>
		<bndbox>
			<xmin>2456</xmin>
			<ymin>319</ymin>
			<xmax>2660</xmax>
			<ymax>535</ymax>
		</bndbox>
	</object>
	<object>
		<name>dish</name>
		<bndbox>
			<xmin>1420</xmin>
			<ymin>425</ymin>
			<xmax>2574</xmax>
			<ymax>1579</ymax>
		</bndbox>
	</object>
	<object>
		<name>깻잎장아찌</name>
		<bndbox>
			<xmin>1514</xmin>
			<ymin>503</ymin>
			<xmax>2431</xmax>
			<ymax>1469</ymax>
		</bndbox>
	</object>
</annotation>