<annotation>
	<folder>top반찬면적접시깻잎장아찌q5</folder>
	<filename>top_반찬면적_접시_깻잎장아찌_Q5_00029.JPG</filename>
	<path>/top반찬면적접시깻잎장아찌q5/top_반찬면적_접시_깻잎장아찌_Q5_00029.JPG</path>
	<source>
		<database>fooddata</database>
	</source>
	<size>
		<width>3008</width>
		<height>2000</height>
		<depth>3</depth>
	</size>
	<object>
		<name>ref_spoon</name>
		<bndbox>
			<xmin>1228</xmin>
			<ymin>1526</ymin>
			<xmax>1637</xmax>
			<ymax>1841</ymax>
		</bndbox>
	</object>
	<object>
		<name>ref_fork</name>
		<bndbox>
			<xmin>1338</xmin>
			<ymin>1268</ymin>
			<xmax>1776</xmax>
			<ymax>1477</ymax>
		</bndbox>
	</object>
	<object>
		<name>ref_coin</name>
		<bndbox>
			<xmin>655</xmin>
			<ymin>1149</ymin>
			<xmax>876</xmax>
			<ymax>1370</ymax>
		</bndbox>
	</object>
	<object>
		<name>dish</name>
		<bndbox>
			<xmin>1572</xmin>
			<ymin>130</ymin>
			<xmax>2685</xmax>
			<ymax>1252</ymax>
		</bndbox>
	</object>
	<object>
		<name>깻잎장아찌</name>
		<bndbox>
			<xmin>1788</xmin>
			<ymin>188</ymin>
			<xmax>2484</xmax>
			<ymax>1198</ymax>
		</bndbox>
	</object>
</annotation>