<annotation>
	<folder>top반찬면적접시깻잎장아찌q5</folder>
	<filename>top_반찬면적_접시_깻잎장아찌_Q5_00003.JPG</filename>
	<path>/top반찬면적접시깻잎장아찌q5/top_반찬면적_접시_깻잎장아찌_Q5_00003.JPG</path>
	<source>
		<database>fooddata</database>
	</source>
	<size>
		<width>3008</width>
		<height>2000</height>
		<depth>3</depth>
	</size>
	<object>
		<name>ref_spoon</name>
		<bndbox>
			<xmin>1915</xmin>
			<ymin>57</ymin>
			<xmax>2206</xmax>
			<ymax>478</ymax>
		</bndbox>
	</object>
	<object>
		<name>ref_fork</name>
		<bndbox>
			<xmin>2292</xmin>
			<ymin>114</ymin>
			<xmax>2517</xmax>
			<ymax>589</ymax>
		</bndbox>
	</object>
	<object>
		<name>ref_coin</name>
		<bndbox>
			<xmin>1007</xmin>
			<ymin>1653</ymin>
			<xmax>1240</xmax>
			<ymax>1886</ymax>
		</bndbox>
	</object>
	<object>
		<name>dish</name>
		<bndbox>
			<xmin>606</xmin>
			<ymin>282</ymin>
			<xmax>1813</xmax>
			<ymax>1497</ymax>
		</bndbox>
	</object>
	<object>
		<name>깻잎장아찌</name>
		<bndbox>
			<xmin>700</xmin>
			<ymin>360</ymin>
			<xmax>1588</xmax>
			<ymax>1411</ymax>
		</bndbox>
	</object>
</annotation>