<annotation>
	<folder>top반찬면적접시깻잎장아찌q5</folder>
	<filename>top_반찬면적_접시_깻잎장아찌_Q5_00032.JPG</filename>
	<path>/top반찬면적접시깻잎장아찌q5/top_반찬면적_접시_깻잎장아찌_Q5_00032.JPG</path>
	<source>
		<database>fooddata</database>
	</source>
	<size>
		<width>3008</width>
		<height>2000</height>
		<depth>3</depth>
	</size>
	<object>
		<name>ref_spoon</name>
		<bndbox>
			<xmin>1138</xmin>
			<ymin>1563</ymin>
			<xmax>1531</xmax>
			<ymax>1874</ymax>
		</bndbox>
	</object>
	<object>
		<name>ref_fork</name>
		<bndbox>
			<xmin>1256</xmin>
			<ymin>1309</ymin>
			<xmax>1690</xmax>
			<ymax>1518</ymax>
		</bndbox>
	</object>
	<object>
		<name>ref_coin</name>
		<bndbox>
			<xmin>2750</xmin>
			<ymin>842</ymin>
			<xmax>2947</xmax>
			<ymax>1051</ymax>
		</bndbox>
	</object>
	<object>
		<name>dish</name>
		<bndbox>
			<xmin>1539</xmin>
			<ymin>139</ymin>
			<xmax>2607</xmax>
			<ymax>1239</ymax>
		</bndbox>
	</object>
	<object>
		<name>깻잎장아찌</name>
		<bndbox>
			<xmin>1580</xmin>
			<ymin>343</ymin>
			<xmax>2546</xmax>
			<ymax>1043</ymax>
		</bndbox>
	</object>
</annotation>