<annotation>
	<folder>side비빔밥덮밥류원형배달카레라이스q1</folder>
	<filename>side_비빔밥덮밥류_원형배달_카레라이스_Q1_00008.JPG</filename>
	<path>/side비빔밥덮밥류원형배달카레라이스q1/side_비빔밥덮밥류_원형배달_카레라이스_Q1_00008.JPG</path>
	<source>
		<database>fooddata</database>
	</source>
	<size>
		<width>3008</width>
		<height>2000</height>
		<depth>3</depth>
	</size>
	<object>
		<name>ref_spoon</name>
		<bndbox>
			<xmin>2244</xmin>
			<ymin>705</ymin>
			<xmax>2548</xmax>
			<ymax>1087</ymax>
		</bndbox>
	</object>
	<object>
		<name>ref_fork</name>
		<bndbox>
			<xmin>2660</xmin>
			<ymin>748</ymin>
			<xmax>2868</xmax>
			<ymax>1183</ymax>
		</bndbox>
	</object>
	<object>
		<name>ref_coin</name>
		<bndbox>
			<xmin>352</xmin>
			<ymin>520</ymin>
			<xmax>571</xmax>
			<ymax>659</ymax>
		</bndbox>
	</object>
	<object>
		<name>dish</name>
		<bndbox>
			<xmin>726</xmin>
			<ymin>389</ymin>
			<xmax>2136</xmax>
			<ymax>1684</ymax>
		</bndbox>
	</object>
	<object>
		<name>카레라이스</name>
		<bndbox>
			<xmin>872</xmin>
			<ymin>798</ymin>
			<xmax>1728</xmax>
			<ymax>1229</ymax>
		</bndbox>
	</object>
</annotation>