<annotation>
	<folder>side비빔밥덮밥류원형배달카레라이스q1</folder>
	<filename>side_비빔밥덮밥류_원형배달_카레라이스_Q1_00027.JPG</filename>
	<path>/side비빔밥덮밥류원형배달카레라이스q1/side_비빔밥덮밥류_원형배달_카레라이스_Q1_00027.JPG</path>
	<source>
		<database>fooddata</database>
	</source>
	<size>
		<width>3008</width>
		<height>2000</height>
		<depth>3</depth>
	</size>
	<object>
		<name>ref_spoon</name>
		<bndbox>
			<xmin>402</xmin>
			<ymin>343</ymin>
			<xmax>683</xmax>
			<ymax>705</ymax>
		</bndbox>
	</object>
	<object>
		<name>ref_fork</name>
		<bndbox>
			<xmin>749</xmin>
			<ymin>393</ymin>
			<xmax>949</xmax>
			<ymax>790</ymax>
		</bndbox>
	</object>
	<object>
		<name>ref_coin</name>
		<bndbox>
			<xmin>660</xmin>
			<ymin>1484</ymin>
			<xmax>887</xmax>
			<ymax>1661</ymax>
		</bndbox>
	</object>
	<object>
		<name>dish</name>
		<bndbox>
			<xmin>1138</xmin>
			<ymin>185</ymin>
			<xmax>2383</xmax>
			<ymax>1368</ymax>
		</bndbox>
	</object>
	<object>
		<name>카레라이스</name>
		<bndbox>
			<xmin>1227</xmin>
			<ymin>543</ymin>
			<xmax>2244</xmax>
			<ymax>983</ymax>
		</bndbox>
	</object>
</annotation>