<annotation>
	<folder>side비빔밥덮밥류원형배달카레라이스q1</folder>
	<filename>side_비빔밥덮밥류_원형배달_카레라이스_Q1_00006.JPG</filename>
	<path>/side비빔밥덮밥류원형배달카레라이스q1/side_비빔밥덮밥류_원형배달_카레라이스_Q1_00006.JPG</path>
	<source>
		<database>fooddata</database>
	</source>
	<size>
		<width>3008</width>
		<height>2000</height>
		<depth>3</depth>
	</size>
	<object>
		<name>ref_spoon</name>
		<bndbox>
			<xmin>2267</xmin>
			<ymin>582</ymin>
			<xmax>2571</xmax>
			<ymax>971</ymax>
		</bndbox>
	</object>
	<object>
		<name>ref_fork</name>
		<bndbox>
			<xmin>2687</xmin>
			<ymin>620</ymin>
			<xmax>2895</xmax>
			<ymax>1060</ymax>
		</bndbox>
	</object>
	<object>
		<name>ref_coin</name>
		<bndbox>
			<xmin>128</xmin>
			<ymin>859</ymin>
			<xmax>352</xmax>
			<ymax>1017</ymax>
		</bndbox>
	</object>
	<object>
		<name>dish</name>
		<bndbox>
			<xmin>749</xmin>
			<ymin>266</ymin>
			<xmax>2151</xmax>
			<ymax>1553</ymax>
		</bndbox>
	</object>
	<object>
		<name>카레라이스</name>
		<bndbox>
			<xmin>853</xmin>
			<ymin>682</ymin>
			<xmax>1939</xmax>
			<ymax>1106</ymax>
		</bndbox>
	</object>
</annotation>