<annotation>
	<folder>side비빔밥덮밥류원형배달카레라이스q1</folder>
	<filename>side_비빔밥덮밥류_원형배달_카레라이스_Q1_00048.JPG</filename>
	<path>/side비빔밥덮밥류원형배달카레라이스q1/side_비빔밥덮밥류_원형배달_카레라이스_Q1_00048.JPG</path>
	<source>
		<database>fooddata</database>
	</source>
	<size>
		<width>3008</width>
		<height>2000</height>
		<depth>3</depth>
	</size>
	<object>
		<name>ref_spoon</name>
		<bndbox>
			<xmin>306</xmin>
			<ymin>250</ymin>
			<xmax>602</xmax>
			<ymax>617</ymax>
		</bndbox>
	</object>
	<object>
		<name>ref_fork</name>
		<bndbox>
			<xmin>679</xmin>
			<ymin>285</ymin>
			<xmax>887</xmax>
			<ymax>709</ymax>
		</bndbox>
	</object>
	<object>
		<name>ref_coin</name>
		<bndbox>
			<xmin>1369</xmin>
			<ymin>1568</ymin>
			<xmax>1612</xmax>
			<ymax>1753</ymax>
		</bndbox>
	</object>
	<object>
		<name>dish</name>
		<bndbox>
			<xmin>1138</xmin>
			<ymin>119</ymin>
			<xmax>2487</xmax>
			<ymax>1380</ymax>
		</bndbox>
	</object>
	<object>
		<name>카레라이스</name>
		<bndbox>
			<xmin>1654</xmin>
			<ymin>470</ymin>
			<xmax>2302</xmax>
			<ymax>983</ymax>
		</bndbox>
	</object>
</annotation>