<annotation>
	<folder>side비빔밥덮밥류원형배달카레라이스q1</folder>
	<filename>side_비빔밥덮밥류_원형배달_카레라이스_Q1_00001.JPG</filename>
	<path>/side비빔밥덮밥류원형배달카레라이스q1/side_비빔밥덮밥류_원형배달_카레라이스_Q1_00001.JPG</path>
	<source>
		<database>fooddata</database>
	</source>
	<size>
		<width>3008</width>
		<height>2000</height>
		<depth>3</depth>
	</size>
	<object>
		<name>ref_spoon</name>
		<bndbox>
			<xmin>2086</xmin>
			<ymin>539</ymin>
			<xmax>2390</xmax>
			<ymax>929</ymax>
		</bndbox>
	</object>
	<object>
		<name>ref_fork</name>
		<bndbox>
			<xmin>2517</xmin>
			<ymin>574</ymin>
			<xmax>2729</xmax>
			<ymax>1021</ymax>
		</bndbox>
	</object>
	<object>
		<name>ref_coin</name>
		<bndbox>
			<xmin>1365</xmin>
			<ymin>1599</ymin>
			<xmax>1620</xmax>
			<ymax>1784</ymax>
		</bndbox>
	</object>
	<object>
		<name>dish</name>
		<bndbox>
			<xmin>379</xmin>
			<ymin>166</ymin>
			<xmax>1820</xmax>
			<ymax>1491</ymax>
		</bndbox>
	</object>
	<object>
		<name>카레라이스</name>
		<bndbox>
			<xmin>860</xmin>
			<ymin>516</ymin>
			<xmax>1708</xmax>
			<ymax>1021</ymax>
		</bndbox>
	</object>
</annotation>