<annotation>
	<folder>side비빔밥덮밥류원형배달카레라이스q1</folder>
	<filename>side_비빔밥덮밥류_원형배달_카레라이스_Q1_00022.JPG</filename>
	<path>/side비빔밥덮밥류원형배달카레라이스q1/side_비빔밥덮밥류_원형배달_카레라이스_Q1_00022.JPG</path>
	<source>
		<database>fooddata</database>
	</source>
	<size>
		<width>3008</width>
		<height>2000</height>
		<depth>3</depth>
	</size>
	<object>
		<name>ref_spoon</name>
		<bndbox>
			<xmin>710</xmin>
			<ymin>1530</ymin>
			<xmax>1149</xmax>
			<ymax>1761</ymax>
		</bndbox>
	</object>
	<object>
		<name>ref_fork</name>
		<bndbox>
			<xmin>830</xmin>
			<ymin>1306</ymin>
			<xmax>1288</xmax>
			<ymax>1499</ymax>
		</bndbox>
	</object>
	<object>
		<name>ref_coin</name>
		<bndbox>
			<xmin>629</xmin>
			<ymin>385</ymin>
			<xmax>803</xmax>
			<ymax>505</ymax>
		</bndbox>
	</object>
	<object>
		<name>dish</name>
		<bndbox>
			<xmin>1088</xmin>
			<ymin>135</ymin>
			<xmax>2201</xmax>
			<ymax>1183</ymax>
		</bndbox>
	</object>
	<object>
		<name>카레라이스</name>
		<bndbox>
			<xmin>1257</xmin>
			<ymin>397</ymin>
			<xmax>2067</xmax>
			<ymax>821</ymax>
		</bndbox>
	</object>
</annotation>