<annotation>
	<folder>side비빔밥덮밥류원형배달카레라이스q1</folder>
	<filename>side_비빔밥덮밥류_원형배달_카레라이스_Q1_00018.JPG</filename>
	<path>/side비빔밥덮밥류원형배달카레라이스q1/side_비빔밥덮밥류_원형배달_카레라이스_Q1_00018.JPG</path>
	<source>
		<database>fooddata</database>
	</source>
	<size>
		<width>3008</width>
		<height>2000</height>
		<depth>3</depth>
	</size>
	<object>
		<name>ref_spoon</name>
		<bndbox>
			<xmin>629</xmin>
			<ymin>1630</ymin>
			<xmax>1103</xmax>
			<ymax>1873</ymax>
		</bndbox>
	</object>
	<object>
		<name>ref_fork</name>
		<bndbox>
			<xmin>764</xmin>
			<ymin>1387</ymin>
			<xmax>1269</xmax>
			<ymax>1588</ymax>
		</bndbox>
	</object>
	<object>
		<name>ref_coin</name>
		<bndbox>
			<xmin>2475</xmin>
			<ymin>385</ymin>
			<xmax>2672</xmax>
			<ymax>520</ymax>
		</bndbox>
	</object>
	<object>
		<name>dish</name>
		<bndbox>
			<xmin>864</xmin>
			<ymin>81</ymin>
			<xmax>2055</xmax>
			<ymax>1198</ymax>
		</bndbox>
	</object>
	<object>
		<name>카레라이스</name>
		<bndbox>
			<xmin>1080</xmin>
			<ymin>443</ymin>
			<xmax>1936</xmax>
			<ymax>821</ymax>
		</bndbox>
	</object>
</annotation>