<annotation>
	<folder>top비빔밥덮밥류원형배달카레라이스q1</folder>
	<filename>top_비빔밥덮밥류_원형배달_카레라이스_Q1_00052.JPG</filename>
	<path>/top비빔밥덮밥류원형배달카레라이스q1/top_비빔밥덮밥류_원형배달_카레라이스_Q1_00052.JPG</path>
	<source>
		<database>fooddata</database>
	</source>
	<size>
		<width>3008</width>
		<height>2000</height>
		<depth>3</depth>
	</size>
	<object>
		<name>ref_spoon</name>
		<bndbox>
			<xmin>667</xmin>
			<ymin>188</ymin>
			<xmax>917</xmax>
			<ymax>576</ymax>
		</bndbox>
	</object>
	<object>
		<name>ref_fork</name>
		<bndbox>
			<xmin>1003</xmin>
			<ymin>241</ymin>
			<xmax>1179</xmax>
			<ymax>675</ymax>
		</bndbox>
	</object>
	<object>
		<name>ref_coin</name>
		<bndbox>
			<xmin>1694</xmin>
			<ymin>1669</ymin>
			<xmax>1887</xmax>
			<ymax>1857</ymax>
		</bndbox>
	</object>
	<object>
		<name>dish</name>
		<bndbox>
			<xmin>1187</xmin>
			<ymin>347</ymin>
			<xmax>2292</xmax>
			<ymax>1440</ymax>
		</bndbox>
	</object>
	<object>
		<name>카레라이스</name>
		<bndbox>
			<xmin>1351</xmin>
			<ymin>630</ymin>
			<xmax>2157</xmax>
			<ymax>1297</ymax>
		</bndbox>
	</object>
</annotation>