<annotation>
	<folder>rework190files</folder>
	<filename>top_비빔밥덮밥류_원형배달_카레라이스_Q1_00037.JPG</filename>
	<path>/top비빔밥덮밥류원형배달카레라이스q1/top_비빔밥덮밥류_원형배달_카레라이스_Q1_00037.JPG</path>
	<source>
		<database>fooddata</database>
	</source>
	<size>
		<width>3008</width>
		<height>2000</height>
		<depth>3</depth>
	</size>
	<object>
		<name>ref_spoon</name>
		<bndbox>
			<xmin>610</xmin>
			<ymin>642</ymin>
			<xmax>874</xmax>
			<ymax>1028</ymax>
		</bndbox>
	</object>
	<object>
		<name>ref_fork</name>
		<bndbox>
			<xmin>945</xmin>
			<ymin>693</ymin>
			<xmax>1123</xmax>
			<ymax>1135</ymax>
		</bndbox>
	</object>
	<object>
		<name>ref_coin</name>
		<bndbox>
			<xmin>1606</xmin>
			<ymin>235</ymin>
			<xmax>1799</xmax>
			<ymax>418</ymax>
		</bndbox>
	</object>
	<object>
		<name>dish</name>
		<bndbox>
			<xmin>1392</xmin>
			<ymin>815</ymin>
			<xmax>2474</xmax>
			<ymax>1887</ymax>
		</bndbox>
	</object>
	<object>
		<name>카레라이스</name>
		<bndbox>
			<xmin>1489</xmin>
			<ymin>977</ymin>
			<xmax>2307</xmax>
			<ymax>1749</ymax>
		</bndbox>
	</object>
</annotation>