<annotation>
	<folder>top비빔밥덮밥류원형배달카레라이스q1</folder>
	<filename>top_비빔밥덮밥류_원형배달_카레라이스_Q1_00020.JPG</filename>
	<path>/top비빔밥덮밥류원형배달카레라이스q1/top_비빔밥덮밥류_원형배달_카레라이스_Q1_00020.JPG</path>
	<source>
		<database>fooddata</database>
	</source>
	<size>
		<width>3008</width>
		<height>2000</height>
		<depth>3</depth>
	</size>
	<object>
		<name>ref_spoon</name>
		<bndbox>
			<xmin>720</xmin>
			<ymin>1628</ymin>
			<xmax>1101</xmax>
			<ymax>1882</ymax>
		</bndbox>
	</object>
	<object>
		<name>ref_fork</name>
		<bndbox>
			<xmin>753</xmin>
			<ymin>1428</ymin>
			<xmax>1175</xmax>
			<ymax>1600</ymax>
		</bndbox>
	</object>
	<object>
		<name>ref_coin</name>
		<bndbox>
			<xmin>851</xmin>
			<ymin>122</ymin>
			<xmax>1027</xmax>
			<ymax>290</ymax>
		</bndbox>
	</object>
	<object>
		<name>dish</name>
		<bndbox>
			<xmin>954</xmin>
			<ymin>294</ymin>
			<xmax>2034</xmax>
			<ymax>1358</ymax>
		</bndbox>
	</object>
	<object>
		<name>카레라이스</name>
		<bndbox>
			<xmin>1248</xmin>
			<ymin>429</ymin>
			<xmax>1752</xmax>
			<ymax>1289</ymax>
		</bndbox>
	</object>
</annotation>