<annotation>
	<folder>top비빔밥덮밥류원형배달카레라이스q1</folder>
	<filename>top_비빔밥덮밥류_원형배달_카레라이스_Q1_00031.JPG</filename>
	<path>/top비빔밥덮밥류원형배달카레라이스q1/top_비빔밥덮밥류_원형배달_카레라이스_Q1_00031.JPG</path>
	<source>
		<database>fooddata</database>
	</source>
	<size>
		<width>3008</width>
		<height>2000</height>
		<depth>3</depth>
	</size>
	<object>
		<name>ref_spoon</name>
		<bndbox>
			<xmin>442</xmin>
			<ymin>339</ymin>
			<xmax>692</xmax>
			<ymax>724</ymax>
		</bndbox>
	</object>
	<object>
		<name>ref_fork</name>
		<bndbox>
			<xmin>773</xmin>
			<ymin>409</ymin>
			<xmax>941</xmax>
			<ymax>834</ymax>
		</bndbox>
	</object>
	<object>
		<name>ref_coin</name>
		<bndbox>
			<xmin>2235</xmin>
			<ymin>1411</ymin>
			<xmax>2423</xmax>
			<ymax>1608</ymax>
		</bndbox>
	</object>
	<object>
		<name>dish</name>
		<bndbox>
			<xmin>1105</xmin>
			<ymin>544</ymin>
			<xmax>2222</xmax>
			<ymax>1632</ymax>
		</bndbox>
	</object>
	<object>
		<name>카레라이스</name>
		<bndbox>
			<xmin>1203</xmin>
			<ymin>769</ymin>
			<xmax>2034</xmax>
			<ymax>1567</ymax>
		</bndbox>
	</object>
</annotation>