<annotation>
	<folder>top비빔밥덮밥류원형배달카레라이스q1</folder>
	<filename>top_비빔밥덮밥류_원형배달_카레라이스_Q1_00015.JPG</filename>
	<path>/top비빔밥덮밥류원형배달카레라이스q1/top_비빔밥덮밥류_원형배달_카레라이스_Q1_00015.JPG</path>
	<source>
		<database>fooddata</database>
	</source>
	<size>
		<width>3008</width>
		<height>2000</height>
		<depth>3</depth>
	</size>
	<object>
		<name>ref_spoon</name>
		<bndbox>
			<xmin>458</xmin>
			<ymin>1669</ymin>
			<xmax>859</xmax>
			<ymax>1935</ymax>
		</bndbox>
	</object>
	<object>
		<name>ref_fork</name>
		<bndbox>
			<xmin>491</xmin>
			<ymin>1452</ymin>
			<xmax>941</xmax>
			<ymax>1636</ymax>
		</bndbox>
	</object>
	<object>
		<name>ref_coin</name>
		<bndbox>
			<xmin>2046</xmin>
			<ymin>462</ymin>
			<xmax>2243</xmax>
			<ymax>654</ymax>
		</bndbox>
	</object>
	<object>
		<name>dish</name>
		<bndbox>
			<xmin>733</xmin>
			<ymin>200</ymin>
			<xmax>1899</xmax>
			<ymax>1342</ymax>
		</bndbox>
	</object>
	<object>
		<name>카레라이스</name>
		<bndbox>
			<xmin>933</xmin>
			<ymin>364</ymin>
			<xmax>1662</xmax>
			<ymax>1256</ymax>
		</bndbox>
	</object>
</annotation>