<annotation>
	<folder>top비빔밥덮밥류원형배달카레라이스q1</folder>
	<filename>top_비빔밥덮밥류_원형배달_카레라이스_Q1_00018.JPG</filename>
	<path>/top비빔밥덮밥류원형배달카레라이스q1/top_비빔밥덮밥류_원형배달_카레라이스_Q1_00018.JPG</path>
	<source>
		<database>fooddata</database>
	</source>
	<size>
		<width>3008</width>
		<height>2000</height>
		<depth>3</depth>
	</size>
	<object>
		<name>ref_spoon</name>
		<bndbox>
			<xmin>507</xmin>
			<ymin>1677</ymin>
			<xmax>888</xmax>
			<ymax>1935</ymax>
		</bndbox>
	</object>
	<object>
		<name>ref_fork</name>
		<bndbox>
			<xmin>536</xmin>
			<ymin>1469</ymin>
			<xmax>958</xmax>
			<ymax>1653</ymax>
		</bndbox>
	</object>
	<object>
		<name>ref_coin</name>
		<bndbox>
			<xmin>1318</xmin>
			<ymin>65</ymin>
			<xmax>1498</xmax>
			<ymax>233</ymax>
		</bndbox>
	</object>
	<object>
		<name>dish</name>
		<bndbox>
			<xmin>761</xmin>
			<ymin>339</ymin>
			<xmax>1842</xmax>
			<ymax>1407</ymax>
		</bndbox>
	</object>
	<object>
		<name>카레라이스</name>
		<bndbox>
			<xmin>827</xmin>
			<ymin>572</ymin>
			<xmax>1756</xmax>
			<ymax>1100</ymax>
		</bndbox>
	</object>
</annotation>