<annotation>
	<folder>side국물면류원형배달수제비q5</folder>
	<filename>side_국물면류_원형배달_수제비_Q5_00022.JPG</filename>
	<path>/side국물면류원형배달수제비q5/side_국물면류_원형배달_수제비_Q5_00022.JPG</path>
	<source>
		<database>fooddata</database>
	</source>
	<size>
		<width>3008</width>
		<height>2000</height>
		<depth>3</depth>
	</size>
	<object>
		<name>ref_spoon</name>
		<bndbox>
			<xmin>685</xmin>
			<ymin>1520</ymin>
			<xmax>1178</xmax>
			<ymax>1839</ymax>
		</bndbox>
	</object>
	<object>
		<name>ref_fork</name>
		<bndbox>
			<xmin>784</xmin>
			<ymin>1300</ymin>
			<xmax>1334</xmax>
			<ymax>1562</ymax>
		</bndbox>
	</object>
	<object>
		<name>ref_coin</name>
		<bndbox>
			<xmin>1575</xmin>
			<ymin>26</ymin>
			<xmax>1774</xmax>
			<ymax>150</ymax>
		</bndbox>
	</object>
	<object>
		<name>dish</name>
		<bndbox>
			<xmin>1007</xmin>
			<ymin>168</ymin>
			<xmax>2419</xmax>
			<ymax>1388</ymax>
		</bndbox>
	</object>
	<object>
		<name>수제비</name>
		<bndbox>
			<xmin>1075</xmin>
			<ymin>331</ymin>
			<xmax>2334</xmax>
			<ymax>1009</ymax>
		</bndbox>
	</object>
</annotation>