<annotation>
	<folder>side국물면류원형배달수제비q5</folder>
	<filename>side_국물면류_원형배달_수제비_Q5_00037.JPG</filename>
	<path>/side국물면류원형배달수제비q5/side_국물면류_원형배달_수제비_Q5_00037.JPG</path>
	<source>
		<database>fooddata</database>
	</source>
	<size>
		<width>3008</width>
		<height>2000</height>
		<depth>3</depth>
	</size>
	<object>
		<name>ref_spoon</name>
		<bndbox>
			<xmin>358</xmin>
			<ymin>218</ymin>
			<xmax>681</xmax>
			<ymax>608</ymax>
		</bndbox>
	</object>
	<object>
		<name>ref_fork</name>
		<bndbox>
			<xmin>695</xmin>
			<ymin>246</ymin>
			<xmax>929</xmax>
			<ymax>672</ymax>
		</bndbox>
	</object>
	<object>
		<name>ref_coin</name>
		<bndbox>
			<xmin>2128</xmin>
			<ymin>1534</ymin>
			<xmax>2394</xmax>
			<ymax>1750</ymax>
		</bndbox>
	</object>
	<object>
		<name>dish</name>
		<bndbox>
			<xmin>1078</xmin>
			<ymin>80</ymin>
			<xmax>2618</xmax>
			<ymax>1456</ymax>
		</bndbox>
	</object>
	<object>
		<name>수제비</name>
		<bndbox>
			<xmin>1153</xmin>
			<ymin>246</ymin>
			<xmax>2526</xmax>
			<ymax>1055</ymax>
		</bndbox>
	</object>
</annotation>