<annotation>
	<folder>side국물면류원형배달수제비q5</folder>
	<filename>side_국물면류_원형배달_수제비_Q5_00029.JPG</filename>
	<path>/side국물면류원형배달수제비q5/side_국물면류_원형배달_수제비_Q5_00029.JPG</path>
	<source>
		<database>fooddata</database>
	</source>
	<size>
		<width>3008</width>
		<height>2000</height>
		<depth>3</depth>
	</size>
	<object>
		<name>ref_spoon</name>
		<bndbox>
			<xmin>745</xmin>
			<ymin>1488</ymin>
			<xmax>1231</xmax>
			<ymax>1793</ymax>
		</bndbox>
	</object>
	<object>
		<name>ref_fork</name>
		<bndbox>
			<xmin>837</xmin>
			<ymin>1264</ymin>
			<xmax>1376</xmax>
			<ymax>1516</ymax>
		</bndbox>
	</object>
	<object>
		<name>ref_coin</name>
		<bndbox>
			<xmin>2384</xmin>
			<ymin>1112</ymin>
			<xmax>2643</xmax>
			<ymax>1321</ymax>
		</bndbox>
	</object>
	<object>
		<name>dish</name>
		<bndbox>
			<xmin>951</xmin>
			<ymin>90</ymin>
			<xmax>2387</xmax>
			<ymax>1317</ymax>
		</bndbox>
	</object>
	<object>
		<name>수제비</name>
		<bndbox>
			<xmin>1007</xmin>
			<ymin>264</ymin>
			<xmax>2306</xmax>
			<ymax>927</ymax>
		</bndbox>
	</object>
</annotation>