<annotation>
	<folder>side국물면류원형배달수제비q5</folder>
	<filename>side_국물면류_원형배달_수제비_Q5_00041.JPG</filename>
	<path>/side국물면류원형배달수제비q5/side_국물면류_원형배달_수제비_Q5_00041.JPG</path>
	<source>
		<database>fooddata</database>
	</source>
	<size>
		<width>3008</width>
		<height>2000</height>
		<depth>3</depth>
	</size>
	<object>
		<name>ref_spoon</name>
		<bndbox>
			<xmin>298</xmin>
			<ymin>424</ymin>
			<xmax>624</xmax>
			<ymax>807</ymax>
		</bndbox>
	</object>
	<object>
		<name>ref_fork</name>
		<bndbox>
			<xmin>635</xmin>
			<ymin>445</ymin>
			<xmax>869</xmax>
			<ymax>885</ymax>
		</bndbox>
	</object>
	<object>
		<name>ref_coin</name>
		<bndbox>
			<xmin>2611</xmin>
			<ymin>1438</ymin>
			<xmax>2855</xmax>
			<ymax>1647</ymax>
		</bndbox>
	</object>
	<object>
		<name>dish</name>
		<bndbox>
			<xmin>1022</xmin>
			<ymin>310</ymin>
			<xmax>2550</xmax>
			<ymax>1686</ymax>
		</bndbox>
	</object>
	<object>
		<name>수제비</name>
		<bndbox>
			<xmin>1085</xmin>
			<ymin>509</ymin>
			<xmax>2455</xmax>
			<ymax>1296</ymax>
		</bndbox>
	</object>
</annotation>