<annotation>
	<folder>side국물면류원형배달수제비q5</folder>
	<filename>side_국물면류_원형배달_수제비_Q5_00036.JPG</filename>
	<path>/side국물면류원형배달수제비q5/side_국물면류_원형배달_수제비_Q5_00036.JPG</path>
	<source>
		<database>fooddata</database>
	</source>
	<size>
		<width>3008</width>
		<height>2000</height>
		<depth>3</depth>
	</size>
	<object>
		<name>ref_spoon</name>
		<bndbox>
			<xmin>358</xmin>
			<ymin>232</ymin>
			<xmax>681</xmax>
			<ymax>615</ymax>
		</bndbox>
	</object>
	<object>
		<name>ref_fork</name>
		<bndbox>
			<xmin>692</xmin>
			<ymin>253</ymin>
			<xmax>926</xmax>
			<ymax>668</ymax>
		</bndbox>
	</object>
	<object>
		<name>ref_coin</name>
		<bndbox>
			<xmin>1795</xmin>
			<ymin>1576</ymin>
			<xmax>2064</xmax>
			<ymax>1793</ymax>
		</bndbox>
	</object>
	<object>
		<name>dish</name>
		<bndbox>
			<xmin>1078</xmin>
			<ymin>80</ymin>
			<xmax>2618</xmax>
			<ymax>1449</ymax>
		</bndbox>
	</object>
	<object>
		<name>수제비</name>
		<bndbox>
			<xmin>1149</xmin>
			<ymin>271</ymin>
			<xmax>2533</xmax>
			<ymax>1069</ymax>
		</bndbox>
	</object>
</annotation>