<annotation>
	<folder>side국물면류원형배달수제비q5</folder>
	<filename>side_국물면류_원형배달_수제비_Q5_00004.JPG</filename>
	<path>/side국물면류원형배달수제비q5/side_국물면류_원형배달_수제비_Q5_00004.JPG</path>
	<source>
		<database>fooddata</database>
	</source>
	<size>
		<width>3008</width>
		<height>2000</height>
		<depth>3</depth>
	</size>
	<object>
		<name>ref_spoon</name>
		<bndbox>
			<xmin>2118</xmin>
			<ymin>502</ymin>
			<xmax>2401</xmax>
			<ymax>871</ymax>
		</bndbox>
	</object>
	<object>
		<name>ref_fork</name>
		<bndbox>
			<xmin>2504</xmin>
			<ymin>523</ymin>
			<xmax>2721</xmax>
			<ymax>902</ymax>
		</bndbox>
	</object>
	<object>
		<name>ref_coin</name>
		<bndbox>
			<xmin>121</xmin>
			<ymin>1140</ymin>
			<xmax>365</xmax>
			<ymax>1317</ymax>
		</bndbox>
	</object>
	<object>
		<name>dish</name>
		<bndbox>
			<xmin>610</xmin>
			<ymin>264</ymin>
			<xmax>2033</xmax>
			<ymax>1509</ymax>
		</bndbox>
	</object>
	<object>
		<name>수제비</name>
		<bndbox>
			<xmin>674</xmin>
			<ymin>448</ymin>
			<xmax>1954</xmax>
			<ymax>1126</ymax>
		</bndbox>
	</object>
</annotation>