<annotation>
	<folder>top국물면류원형배달수제비q5</folder>
	<filename>top_국물면류_원형배달_수제비_Q5_00026.JPG</filename>
	<path>/top국물면류원형배달수제비q5/top_국물면류_원형배달_수제비_Q5_00026.JPG</path>
	<source>
		<database>fooddata</database>
	</source>
	<size>
		<width>3008</width>
		<height>2000</height>
		<depth>3</depth>
	</size>
	<object>
		<name>ref_spoon</name>
		<bndbox>
			<xmin>985</xmin>
			<ymin>1589</ymin>
			<xmax>1347</xmax>
			<ymax>1834</ymax>
		</bndbox>
	</object>
	<object>
		<name>ref_fork</name>
		<bndbox>
			<xmin>1038</xmin>
			<ymin>1332</ymin>
			<xmax>1430</xmax>
			<ymax>1492</ymax>
		</bndbox>
	</object>
	<object>
		<name>ref_coin</name>
		<bndbox>
			<xmin>635</xmin>
			<ymin>714</ymin>
			<xmax>795</xmax>
			<ymax>883</ymax>
		</bndbox>
	</object>
	<object>
		<name>dish</name>
		<bndbox>
			<xmin>1041</xmin>
			<ymin>86</ymin>
			<xmax>2246</xmax>
			<ymax>1263</ymax>
		</bndbox>
	</object>
	<object>
		<name>수제비</name>
		<bndbox>
			<xmin>1104</xmin>
			<ymin>177</ymin>
			<xmax>2161</xmax>
			<ymax>1222</ymax>
		</bndbox>
	</object>
</annotation>