<annotation>
	<folder>top국물면류원형배달수제비q5</folder>
	<filename>top_국물면류_원형배달_수제비_Q5_00039.JPG</filename>
	<path>/top국물면류원형배달수제비q5/top_국물면류_원형배달_수제비_Q5_00039.JPG</path>
	<source>
		<database>fooddata</database>
	</source>
	<size>
		<width>3008</width>
		<height>2000</height>
		<depth>3</depth>
	</size>
	<object>
		<name>ref_spoon</name>
		<bndbox>
			<xmin>210</xmin>
			<ymin>406</ymin>
			<xmax>489</xmax>
			<ymax>836</ymax>
		</bndbox>
	</object>
	<object>
		<name>ref_fork</name>
		<bndbox>
			<xmin>646</xmin>
			<ymin>441</ymin>
			<xmax>834</xmax>
			<ymax>908</ymax>
		</bndbox>
	</object>
	<object>
		<name>ref_coin</name>
		<bndbox>
			<xmin>2483</xmin>
			<ymin>1150</ymin>
			<xmax>2682</xmax>
			<ymax>1338</ymax>
		</bndbox>
	</object>
	<object>
		<name>dish</name>
		<bndbox>
			<xmin>1027</xmin>
			<ymin>218</ymin>
			<xmax>2461</xmax>
			<ymax>1641</ymax>
		</bndbox>
	</object>
	<object>
		<name>수제비</name>
		<bndbox>
			<xmin>1101</xmin>
			<ymin>331</ymin>
			<xmax>2367</xmax>
			<ymax>1561</ymax>
		</bndbox>
	</object>
</annotation>