<annotation>
	<folder>top국물면류원형배달수제비q5</folder>
	<filename>top_국물면류_원형배달_수제비_Q5_00042.JPG</filename>
	<path>/top국물면류원형배달수제비q5/top_국물면류_원형배달_수제비_Q5_00042.JPG</path>
	<source>
		<database>fooddata</database>
	</source>
	<size>
		<width>3008</width>
		<height>2000</height>
		<depth>3</depth>
	</size>
	<object>
		<name>ref_spoon</name>
		<bndbox>
			<xmin>199</xmin>
			<ymin>494</ymin>
			<xmax>475</xmax>
			<ymax>916</ymax>
		</bndbox>
	</object>
	<object>
		<name>ref_fork</name>
		<bndbox>
			<xmin>641</xmin>
			<ymin>516</ymin>
			<xmax>825</xmax>
			<ymax>974</ymax>
		</bndbox>
	</object>
	<object>
		<name>ref_coin</name>
		<bndbox>
			<xmin>2298</xmin>
			<ymin>246</ymin>
			<xmax>2481</xmax>
			<ymax>414</ymax>
		</bndbox>
	</object>
	<object>
		<name>dish</name>
		<bndbox>
			<xmin>1030</xmin>
			<ymin>295</ymin>
			<xmax>2467</xmax>
			<ymax>1727</ymax>
		</bndbox>
	</object>
	<object>
		<name>수제비</name>
		<bndbox>
			<xmin>1112</xmin>
			<ymin>414</ymin>
			<xmax>2348</xmax>
			<ymax>1655</ymax>
		</bndbox>
	</object>
</annotation>