<annotation>
	<folder>top국물면류원형배달수제비q5</folder>
	<filename>top_국물면류_원형배달_수제비_Q5_00028.JPG</filename>
	<path>/top국물면류원형배달수제비q5/top_국물면류_원형배달_수제비_Q5_00028.JPG</path>
	<source>
		<database>fooddata</database>
	</source>
	<size>
		<width>3008</width>
		<height>2000</height>
		<depth>3</depth>
	</size>
	<object>
		<name>ref_spoon</name>
		<bndbox>
			<xmin>991</xmin>
			<ymin>1537</ymin>
			<xmax>1352</xmax>
			<ymax>1796</ymax>
		</bndbox>
	</object>
	<object>
		<name>ref_fork</name>
		<bndbox>
			<xmin>1054</xmin>
			<ymin>1288</ymin>
			<xmax>1443</xmax>
			<ymax>1454</ymax>
		</bndbox>
	</object>
	<object>
		<name>ref_coin</name>
		<bndbox>
			<xmin>726</xmin>
			<ymin>1015</ymin>
			<xmax>894</xmax>
			<ymax>1178</ymax>
		</bndbox>
	</object>
	<object>
		<name>dish</name>
		<bndbox>
			<xmin>1043</xmin>
			<ymin>61</ymin>
			<xmax>2252</xmax>
			<ymax>1233</ymax>
		</bndbox>
	</object>
	<object>
		<name>수제비</name>
		<bndbox>
			<xmin>1112</xmin>
			<ymin>157</ymin>
			<xmax>2158</xmax>
			<ymax>1192</ymax>
		</bndbox>
	</object>
</annotation>