<annotation>
	<folder>top국물면류원형배달수제비q5</folder>
	<filename>top_국물면류_원형배달_수제비_Q5_00003.JPG</filename>
	<path>/top국물면류원형배달수제비q5/top_국물면류_원형배달_수제비_Q5_00003.JPG</path>
	<source>
		<database>fooddata</database>
	</source>
	<size>
		<width>3008</width>
		<height>2000</height>
		<depth>3</depth>
	</size>
	<object>
		<name>ref_spoon</name>
		<bndbox>
			<xmin>1967</xmin>
			<ymin>157</ymin>
			<xmax>2238</xmax>
			<ymax>596</ymax>
		</bndbox>
	</object>
	<object>
		<name>ref_fork</name>
		<bndbox>
			<xmin>2315</xmin>
			<ymin>221</ymin>
			<xmax>2505</xmax>
			<ymax>709</ymax>
		</bndbox>
	</object>
	<object>
		<name>ref_coin</name>
		<bndbox>
			<xmin>511</xmin>
			<ymin>1628</ymin>
			<xmax>734</xmax>
			<ymax>1848</ymax>
		</bndbox>
	</object>
	<object>
		<name>dish</name>
		<bndbox>
			<xmin>442</xmin>
			<ymin>276</ymin>
			<xmax>1987</xmax>
			<ymax>1793</ymax>
		</bndbox>
	</object>
	<object>
		<name>수제비</name>
		<bndbox>
			<xmin>544</xmin>
			<ymin>381</ymin>
			<xmax>1904</xmax>
			<ymax>1708</ymax>
		</bndbox>
	</object>
</annotation>