<annotation>
	<folder>top국물면류원형배달수제비q5</folder>
	<filename>top_국물면류_원형배달_수제비_Q5_00033.JPG</filename>
	<path>/top국물면류원형배달수제비q5/top_국물면류_원형배달_수제비_Q5_00033.JPG</path>
	<source>
		<database>fooddata</database>
	</source>
	<size>
		<width>3008</width>
		<height>2000</height>
		<depth>3</depth>
	</size>
	<object>
		<name>ref_spoon</name>
		<bndbox>
			<xmin>334</xmin>
			<ymin>314</ymin>
			<xmax>627</xmax>
			<ymax>742</ymax>
		</bndbox>
	</object>
	<object>
		<name>ref_fork</name>
		<bndbox>
			<xmin>773</xmin>
			<ymin>326</ymin>
			<xmax>961</xmax>
			<ymax>806</ymax>
		</bndbox>
	</object>
	<object>
		<name>ref_coin</name>
		<bndbox>
			<xmin>1140</xmin>
			<ymin>1479</ymin>
			<xmax>1330</xmax>
			<ymax>1680</ymax>
		</bndbox>
	</object>
	<object>
		<name>dish</name>
		<bndbox>
			<xmin>1184</xmin>
			<ymin>69</ymin>
			<xmax>2621</xmax>
			<ymax>1476</ymax>
		</bndbox>
	</object>
	<object>
		<name>수제비</name>
		<bndbox>
			<xmin>1256</xmin>
			<ymin>171</ymin>
			<xmax>2489</xmax>
			<ymax>1412</ymax>
		</bndbox>
	</object>
</annotation>