<annotation>
	<folder>top국물면류원형배달수제비q5</folder>
	<filename>top_국물면류_원형배달_수제비_Q5_00001.JPG</filename>
	<path>/top국물면류원형배달수제비q5/top_국물면류_원형배달_수제비_Q5_00001.JPG</path>
	<source>
		<database>fooddata</database>
	</source>
	<size>
		<width>3008</width>
		<height>2000</height>
		<depth>3</depth>
	</size>
	<object>
		<name>ref_spoon</name>
		<bndbox>
			<xmin>1951</xmin>
			<ymin>127</ymin>
			<xmax>2230</xmax>
			<ymax>568</ymax>
		</bndbox>
	</object>
	<object>
		<name>ref_fork</name>
		<bndbox>
			<xmin>2298</xmin>
			<ymin>190</ymin>
			<xmax>2492</xmax>
			<ymax>673</ymax>
		</bndbox>
	</object>
	<object>
		<name>ref_coin</name>
		<bndbox>
			<xmin>1046</xmin>
			<ymin>1697</ymin>
			<xmax>1256</xmax>
			<ymax>1920</ymax>
		</bndbox>
	</object>
	<object>
		<name>dish</name>
		<bndbox>
			<xmin>321</xmin>
			<ymin>80</ymin>
			<xmax>1885</xmax>
			<ymax>1606</ymax>
		</bndbox>
	</object>
	<object>
		<name>수제비</name>
		<bndbox>
			<xmin>439</xmin>
			<ymin>193</ymin>
			<xmax>1799</xmax>
			<ymax>1539</ymax>
		</bndbox>
	</object>
</annotation>