<annotation>
	<folder>top국물면류원형배달수제비q5</folder>
	<filename>top_국물면류_원형배달_수제비_Q5_00050.JPG</filename>
	<path>/top국물면류원형배달수제비q5/top_국물면류_원형배달_수제비_Q5_00050.JPG</path>
	<source>
		<database>fooddata</database>
	</source>
	<size>
		<width>3008</width>
		<height>2000</height>
		<depth>3</depth>
	</size>
	<object>
		<name>ref_spoon</name>
		<bndbox>
			<xmin>359</xmin>
			<ymin>444</ymin>
			<xmax>652</xmax>
			<ymax>891</ymax>
		</bndbox>
	</object>
	<object>
		<name>ref_fork</name>
		<bndbox>
			<xmin>817</xmin>
			<ymin>461</ymin>
			<xmax>1018</xmax>
			<ymax>932</ymax>
		</bndbox>
	</object>
	<object>
		<name>ref_coin</name>
		<bndbox>
			<xmin>2359</xmin>
			<ymin>1636</ymin>
			<xmax>2552</xmax>
			<ymax>1840</ymax>
		</bndbox>
	</object>
	<object>
		<name>dish</name>
		<bndbox>
			<xmin>1297</xmin>
			<ymin>171</ymin>
			<xmax>2712</xmax>
			<ymax>1589</ymax>
		</bndbox>
	</object>
	<object>
		<name>수제비</name>
		<bndbox>
			<xmin>1350</xmin>
			<ymin>279</ymin>
			<xmax>2613</xmax>
			<ymax>1526</ymax>
		</bndbox>
	</object>
</annotation>