<annotation>
	<folder>top국물면류원형배달수제비q5</folder>
	<filename>top_국물면류_원형배달_수제비_Q5_00053.JPG</filename>
	<path>/top국물면류원형배달수제비q5/top_국물면류_원형배달_수제비_Q5_00053.JPG</path>
	<source>
		<database>fooddata</database>
	</source>
	<size>
		<width>3008</width>
		<height>2000</height>
		<depth>3</depth>
	</size>
	<object>
		<name>ref_spoon</name>
		<bndbox>
			<xmin>207</xmin>
			<ymin>563</ymin>
			<xmax>492</xmax>
			<ymax>971</ymax>
		</bndbox>
	</object>
	<object>
		<name>ref_fork</name>
		<bndbox>
			<xmin>665</xmin>
			<ymin>574</ymin>
			<xmax>861</xmax>
			<ymax>1040</ymax>
		</bndbox>
	</object>
	<object>
		<name>ref_coin</name>
		<bndbox>
			<xmin>2483</xmin>
			<ymin>632</ymin>
			<xmax>2663</xmax>
			<ymax>822</ymax>
		</bndbox>
	</object>
	<object>
		<name>dish</name>
		<bndbox>
			<xmin>1104</xmin>
			<ymin>326</ymin>
			<xmax>2552</xmax>
			<ymax>1746</ymax>
		</bndbox>
	</object>
	<object>
		<name>수제비</name>
		<bndbox>
			<xmin>1162</xmin>
			<ymin>428</ymin>
			<xmax>2436</xmax>
			<ymax>1680</ymax>
		</bndbox>
	</object>
</annotation>