<annotation>
	<folder>side국류냄비매운탕q5</folder>
	<filename>side_국류_냄비_매운탕_Q5_00047.JPG</filename>
	<path>/side국류냄비매운탕q5/side_국류_냄비_매운탕_Q5_00047.JPG</path>
	<source>
		<database>fooddata</database>
	</source>
	<size>
		<width>3008</width>
		<height>2000</height>
		<depth>3</depth>
	</size>
	<object>
		<name>ref_spoon</name>
		<bndbox>
			<xmin>220</xmin>
			<ymin>552</ymin>
			<xmax>472</xmax>
			<ymax>895</ymax>
		</bndbox>
	</object>
	<object>
		<name>ref_fork</name>
		<bndbox>
			<xmin>589</xmin>
			<ymin>568</ymin>
			<xmax>754</xmax>
			<ymax>960</ymax>
		</bndbox>
	</object>
	<object>
		<name>ref_coin</name>
		<bndbox>
			<xmin>2361</xmin>
			<ymin>1480</ymin>
			<xmax>2558</xmax>
			<ymax>1636</ymax>
		</bndbox>
	</object>
	<object>
		<name>dish</name>
		<bndbox>
			<xmin>1006</xmin>
			<ymin>348</ymin>
			<xmax>2397</xmax>
			<ymax>1364</ymax>
		</bndbox>
	</object>
	<object>
		<name>매운탕</name>
		<bndbox>
			<xmin>1093</xmin>
			<ymin>500</ymin>
			<xmax>2306</xmax>
			<ymax>1228</ymax>
		</bndbox>
	</object>
</annotation>