<annotation>
	<folder>side국류냄비매운탕q5</folder>
	<filename>side_국류_냄비_매운탕_Q5_00018.JPG</filename>
	<path>/side국류냄비매운탕q5/side_국류_냄비_매운탕_Q5_00018.JPG</path>
	<source>
		<database>fooddata</database>
	</source>
	<size>
		<width>3008</width>
		<height>2000</height>
		<depth>3</depth>
	</size>
	<object>
		<name>ref_spoon</name>
		<bndbox>
			<xmin>550</xmin>
			<ymin>1464</ymin>
			<xmax>977</xmax>
			<ymax>1671</ymax>
		</bndbox>
	</object>
	<object>
		<name>ref_fork</name>
		<bndbox>
			<xmin>605</xmin>
			<ymin>1293</ymin>
			<xmax>1025</xmax>
			<ymax>1474</ymax>
		</bndbox>
	</object>
	<object>
		<name>ref_coin</name>
		<bndbox>
			<xmin>343</xmin>
			<ymin>1167</ymin>
			<xmax>514</xmax>
			<ymax>1296</ymax>
		</bndbox>
	</object>
	<object>
		<name>dish</name>
		<bndbox>
			<xmin>796</xmin>
			<ymin>209</ymin>
			<xmax>1999</xmax>
			<ymax>1070</ymax>
		</bndbox>
	</object>
	<object>
		<name>매운탕</name>
		<bndbox>
			<xmin>867</xmin>
			<ymin>339</ymin>
			<xmax>1928</xmax>
			<ymax>956</ymax>
		</bndbox>
	</object>
</annotation>