<annotation>
	<folder>side국류냄비매운탕q5</folder>
	<filename>side_국류_냄비_매운탕_Q5_00028.JPG</filename>
	<path>/side국류냄비매운탕q5/side_국류_냄비_매운탕_Q5_00028.JPG</path>
	<source>
		<database>fooddata</database>
	</source>
	<size>
		<width>3008</width>
		<height>2000</height>
		<depth>3</depth>
	</size>
	<object>
		<name>ref_spoon</name>
		<bndbox>
			<xmin>624</xmin>
			<ymin>1529</ymin>
			<xmax>1006</xmax>
			<ymax>1742</ymax>
		</bndbox>
	</object>
	<object>
		<name>ref_fork</name>
		<bndbox>
			<xmin>679</xmin>
			<ymin>1351</ymin>
			<xmax>1109</xmax>
			<ymax>1529</ymax>
		</bndbox>
	</object>
	<object>
		<name>ref_coin</name>
		<bndbox>
			<xmin>1944</xmin>
			<ymin>1089</ymin>
			<xmax>2106</xmax>
			<ymax>1218</ymax>
		</bndbox>
	</object>
	<object>
		<name>dish</name>
		<bndbox>
			<xmin>663</xmin>
			<ymin>199</ymin>
			<xmax>1853</xmax>
			<ymax>1076</ymax>
		</bndbox>
	</object>
	<object>
		<name>매운탕</name>
		<bndbox>
			<xmin>741</xmin>
			<ymin>326</ymin>
			<xmax>1795</xmax>
			<ymax>963</ymax>
		</bndbox>
	</object>
</annotation>