<annotation>
	<folder>side국류냄비매운탕q5</folder>
	<filename>side_국류_냄비_매운탕_Q5_00013.JPG</filename>
	<path>/side국류냄비매운탕q5/side_국류_냄비_매운탕_Q5_00013.JPG</path>
	<source>
		<database>fooddata</database>
	</source>
	<size>
		<width>3008</width>
		<height>2000</height>
		<depth>3</depth>
	</size>
	<object>
		<name>ref_spoon</name>
		<bndbox>
			<xmin>2047</xmin>
			<ymin>507</ymin>
			<xmax>2267</xmax>
			<ymax>804</ymax>
		</bndbox>
	</object>
	<object>
		<name>ref_fork</name>
		<bndbox>
			<xmin>2374</xmin>
			<ymin>549</ymin>
			<xmax>2545</xmax>
			<ymax>882</ymax>
		</bndbox>
	</object>
	<object>
		<name>ref_coin</name>
		<bndbox>
			<xmin>1540</xmin>
			<ymin>410</ymin>
			<xmax>1695</xmax>
			<ymax>513</ymax>
		</bndbox>
	</object>
	<object>
		<name>dish</name>
		<bndbox>
			<xmin>330</xmin>
			<ymin>510</ymin>
			<xmax>1646</xmax>
			<ymax>1477</ymax>
		</bndbox>
	</object>
	<object>
		<name>매운탕</name>
		<bndbox>
			<xmin>414</xmin>
			<ymin>646</ymin>
			<xmax>1582</xmax>
			<ymax>1351</ymax>
		</bndbox>
	</object>
</annotation>