<annotation>
	<folder>side국류냄비매운탕q5</folder>
	<filename>side_국류_냄비_매운탕_Q5_00049.JPG</filename>
	<path>/side국류냄비매운탕q5/side_국류_냄비_매운탕_Q5_00049.JPG</path>
	<source>
		<database>fooddata</database>
	</source>
	<size>
		<width>3008</width>
		<height>2000</height>
		<depth>3</depth>
	</size>
	<object>
		<name>ref_spoon</name>
		<bndbox>
			<xmin>272</xmin>
			<ymin>730</ymin>
			<xmax>518</xmax>
			<ymax>1076</ymax>
		</bndbox>
	</object>
	<object>
		<name>ref_fork</name>
		<bndbox>
			<xmin>634</xmin>
			<ymin>759</ymin>
			<xmax>805</xmax>
			<ymax>1141</ymax>
		</bndbox>
	</object>
	<object>
		<name>ref_coin</name>
		<bndbox>
			<xmin>893</xmin>
			<ymin>604</ymin>
			<xmax>1061</xmax>
			<ymax>717</ymax>
		</bndbox>
	</object>
	<object>
		<name>dish</name>
		<bndbox>
			<xmin>1048</xmin>
			<ymin>559</ymin>
			<xmax>2461</xmax>
			<ymax>1558</ymax>
		</bndbox>
	</object>
	<object>
		<name>매운탕</name>
		<bndbox>
			<xmin>1132</xmin>
			<ymin>626</ymin>
			<xmax>2358</xmax>
			<ymax>1438</ymax>
		</bndbox>
	</object>
</annotation>