<annotation>
	<folder>side국류냄비매운탕q5</folder>
	<filename>side_국류_냄비_매운탕_Q5_00022.JPG</filename>
	<path>/side국류냄비매운탕q5/side_국류_냄비_매운탕_Q5_00022.JPG</path>
	<source>
		<database>fooddata</database>
	</source>
	<size>
		<width>3008</width>
		<height>2000</height>
		<depth>3</depth>
	</size>
	<object>
		<name>ref_spoon</name>
		<bndbox>
			<xmin>534</xmin>
			<ymin>1652</ymin>
			<xmax>941</xmax>
			<ymax>1865</ymax>
		</bndbox>
	</object>
	<object>
		<name>ref_fork</name>
		<bndbox>
			<xmin>592</xmin>
			<ymin>1464</ymin>
			<xmax>1038</xmax>
			<ymax>1655</ymax>
		</bndbox>
	</object>
	<object>
		<name>ref_coin</name>
		<bndbox>
			<xmin>857</xmin>
			<ymin>1260</ymin>
			<xmax>1032</xmax>
			<ymax>1403</ymax>
		</bndbox>
	</object>
	<object>
		<name>dish</name>
		<bndbox>
			<xmin>802</xmin>
			<ymin>251</ymin>
			<xmax>2031</xmax>
			<ymax>1157</ymax>
		</bndbox>
	</object>
	<object>
		<name>매운탕</name>
		<bndbox>
			<xmin>870</xmin>
			<ymin>381</ymin>
			<xmax>1963</xmax>
			<ymax>1050</ymax>
		</bndbox>
	</object>
</annotation>