<annotation>
	<folder>rework190files</folder>
	<filename>side_국류_냄비_매운탕_Q5_00006.JPG</filename>
	<path>/side국류냄비매운탕q5/side_국류_냄비_매운탕_Q5_00006.JPG</path>
	<source>
		<database>fooddata</database>
	</source>
	<size>
		<width>3008</width>
		<height>2000</height>
		<depth>3</depth>
	</size>
	<object>
		<name>ref_spoon</name>
		<bndbox>
			<xmin>2027</xmin>
			<ymin>601</ymin>
			<xmax>2271</xmax>
			<ymax>926</ymax>
		</bndbox>
	</object>
	<object>
		<name>ref_fork</name>
		<bndbox>
			<xmin>2358</xmin>
			<ymin>652</ymin>
			<xmax>2556</xmax>
			<ymax>1028</ymax>
		</bndbox>
	</object>
	<object>
		<name>ref_coin</name>
		<bndbox>
			<xmin>244</xmin>
			<ymin>1373</ymin>
			<xmax>457</xmax>
			<ymax>1536</ymax>
		</bndbox>
	</object>
	<object>
		<name>dish</name>
		<bndbox>
			<xmin>589</xmin>
			<ymin>535</ymin>
			<xmax>1910</xmax>
			<ymax>1480</ymax>
		</bndbox>
	</object>
	<object>
		<name>매운탕</name>
		<bndbox>
			<xmin>701</xmin>
			<ymin>703</ymin>
			<xmax>1804</xmax>
			<ymax>1343</ymax>
		</bndbox>
	</object>
</annotation>