<annotation>
	<folder>top국류냄비매운탕q5</folder>
	<filename>top_국류_냄비_매운탕_Q5_00030.JPG</filename>
	<path>/top국류냄비매운탕q5/top_국류_냄비_매운탕_Q5_00030.JPG</path>
	<source>
		<database>fooddata</database>
	</source>
	<size>
		<width>3008</width>
		<height>2000</height>
		<depth>3</depth>
	</size>
	<object>
		<name>ref_spoon</name>
		<bndbox>
			<xmin>825</xmin>
			<ymin>1630</ymin>
			<xmax>1109</xmax>
			<ymax>1825</ymax>
		</bndbox>
	</object>
	<object>
		<name>ref_fork</name>
		<bndbox>
			<xmin>918</xmin>
			<ymin>1448</ymin>
			<xmax>1229</xmax>
			<ymax>1572</ymax>
		</bndbox>
	</object>
	<object>
		<name>ref_coin</name>
		<bndbox>
			<xmin>1903</xmin>
			<ymin>1430</ymin>
			<xmax>2036</xmax>
			<ymax>1555</ymax>
		</bndbox>
	</object>
	<object>
		<name>dish</name>
		<bndbox>
			<xmin>861</xmin>
			<ymin>237</ymin>
			<xmax>1837</xmax>
			<ymax>1160</ymax>
		</bndbox>
	</object>
	<object>
		<name>매운탕</name>
		<bndbox>
			<xmin>949</xmin>
			<ymin>335</ymin>
			<xmax>1761</xmax>
			<ymax>1120</ymax>
		</bndbox>
	</object>
</annotation>