<annotation>
	<folder>top국류냄비매운탕q5</folder>
	<filename>top_국류_냄비_매운탕_Q5_00031.JPG</filename>
	<path>/top국류냄비매운탕q5/top_국류_냄비_매운탕_Q5_00031.JPG</path>
	<source>
		<database>fooddata</database>
	</source>
	<size>
		<width>3008</width>
		<height>2000</height>
		<depth>3</depth>
	</size>
	<object>
		<name>ref_spoon</name>
		<bndbox>
			<xmin>705</xmin>
			<ymin>1559</ymin>
			<xmax>1029</xmax>
			<ymax>1781</ymax>
		</bndbox>
	</object>
	<object>
		<name>ref_fork</name>
		<bndbox>
			<xmin>807</xmin>
			<ymin>1342</ymin>
			<xmax>1162</xmax>
			<ymax>1492</ymax>
		</bndbox>
	</object>
	<object>
		<name>ref_coin</name>
		<bndbox>
			<xmin>1974</xmin>
			<ymin>1461</ymin>
			<xmax>2116</xmax>
			<ymax>1608</ymax>
		</bndbox>
	</object>
	<object>
		<name>dish</name>
		<bndbox>
			<xmin>621</xmin>
			<ymin>122</ymin>
			<xmax>1761</xmax>
			<ymax>1231</ymax>
		</bndbox>
	</object>
	<object>
		<name>매운탕</name>
		<bndbox>
			<xmin>719</xmin>
			<ymin>210</ymin>
			<xmax>1668</xmax>
			<ymax>1177</ymax>
		</bndbox>
	</object>
</annotation>