<annotation>
	<folder>top국류냄비매운탕q5</folder>
	<filename>top_국류_냄비_매운탕_Q5_00028.JPG</filename>
	<path>/top국류냄비매운탕q5/top_국류_냄비_매운탕_Q5_00028.JPG</path>
	<source>
		<database>fooddata</database>
	</source>
	<size>
		<width>3008</width>
		<height>2000</height>
		<depth>3</depth>
	</size>
	<object>
		<name>ref_spoon</name>
		<bndbox>
			<xmin>865</xmin>
			<ymin>1683</ymin>
			<xmax>1162</xmax>
			<ymax>1883</ymax>
		</bndbox>
	</object>
	<object>
		<name>ref_fork</name>
		<bndbox>
			<xmin>958</xmin>
			<ymin>1479</ymin>
			<xmax>1291</xmax>
			<ymax>1617</ymax>
		</bndbox>
	</object>
	<object>
		<name>ref_coin</name>
		<bndbox>
			<xmin>1988</xmin>
			<ymin>987</ymin>
			<xmax>2121</xmax>
			<ymax>1111</ymax>
		</bndbox>
	</object>
	<object>
		<name>dish</name>
		<bndbox>
			<xmin>905</xmin>
			<ymin>219</ymin>
			<xmax>1925</xmax>
			<ymax>1204</ymax>
		</bndbox>
	</object>
	<object>
		<name>매운탕</name>
		<bndbox>
			<xmin>985</xmin>
			<ymin>317</ymin>
			<xmax>1850</xmax>
			<ymax>1151</ymax>
		</bndbox>
	</object>
</annotation>