<annotation>
	<folder>top국류냄비매운탕q5</folder>
	<filename>top_국류_냄비_매운탕_Q5_00003.JPG</filename>
	<path>/top국류냄비매운탕q5/top_국류_냄비_매운탕_Q5_00003.JPG</path>
	<source>
		<database>fooddata</database>
	</source>
	<size>
		<width>3008</width>
		<height>2000</height>
		<depth>3</depth>
	</size>
	<object>
		<name>ref_spoon</name>
		<bndbox>
			<xmin>2050</xmin>
			<ymin>197</ymin>
			<xmax>2276</xmax>
			<ymax>565</ymax>
		</bndbox>
	</object>
	<object>
		<name>ref_fork</name>
		<bndbox>
			<xmin>2400</xmin>
			<ymin>295</ymin>
			<xmax>2564</xmax>
			<ymax>698</ymax>
		</bndbox>
	</object>
	<object>
		<name>ref_coin</name>
		<bndbox>
			<xmin>1069</xmin>
			<ymin>1652</ymin>
			<xmax>1247</xmax>
			<ymax>1834</ymax>
		</bndbox>
	</object>
	<object>
		<name>dish</name>
		<bndbox>
			<xmin>439</xmin>
			<ymin>201</ymin>
			<xmax>1819</xmax>
			<ymax>1568</ymax>
		</bndbox>
	</object>
	<object>
		<name>매운탕</name>
		<bndbox>
			<xmin>555</xmin>
			<ymin>321</ymin>
			<xmax>1735</xmax>
			<ymax>1497</ymax>
		</bndbox>
	</object>
</annotation>