<annotation>
	<folder>top국류냄비매운탕q5</folder>
	<filename>top_국류_냄비_매운탕_Q5_00051.JPG</filename>
	<path>/top국류냄비매운탕q5/top_국류_냄비_매운탕_Q5_00051.JPG</path>
	<source>
		<database>fooddata</database>
	</source>
	<size>
		<width>3008</width>
		<height>2000</height>
		<depth>3</depth>
	</size>
	<object>
		<name>ref_spoon</name>
		<bndbox>
			<xmin>155</xmin>
			<ymin>201</ymin>
			<xmax>417</xmax>
			<ymax>579</ymax>
		</bndbox>
	</object>
	<object>
		<name>ref_fork</name>
		<bndbox>
			<xmin>537</xmin>
			<ymin>219</ymin>
			<xmax>705</xmax>
			<ymax>663</ymax>
		</bndbox>
	</object>
	<object>
		<name>ref_coin</name>
		<bndbox>
			<xmin>2094</xmin>
			<ymin>1670</ymin>
			<xmax>2285</xmax>
			<ymax>1865</ymax>
		</bndbox>
	</object>
	<object>
		<name>dish</name>
		<bndbox>
			<xmin>989</xmin>
			<ymin>157</ymin>
			<xmax>2484</xmax>
			<ymax>1617</ymax>
		</bndbox>
	</object>
	<object>
		<name>매운탕</name>
		<bndbox>
			<xmin>1109</xmin>
			<ymin>312</ymin>
			<xmax>2356</xmax>
			<ymax>1532</ymax>
		</bndbox>
	</object>
</annotation>