<annotation>
	<folder>top국류냄비매운탕q5</folder>
	<filename>top_국류_냄비_매운탕_Q5_00013.JPG</filename>
	<path>/top국류냄비매운탕q5/top_국류_냄비_매운탕_Q5_00013.JPG</path>
	<source>
		<database>fooddata</database>
	</source>
	<size>
		<width>3008</width>
		<height>2000</height>
		<depth>3</depth>
	</size>
	<object>
		<name>ref_spoon</name>
		<bndbox>
			<xmin>2045</xmin>
			<ymin>219</ymin>
			<xmax>2254</xmax>
			<ymax>552</ymax>
		</bndbox>
	</object>
	<object>
		<name>ref_fork</name>
		<bndbox>
			<xmin>2320</xmin>
			<ymin>299</ymin>
			<xmax>2462</xmax>
			<ymax>667</ymax>
		</bndbox>
	</object>
	<object>
		<name>ref_coin</name>
		<bndbox>
			<xmin>1633</xmin>
			<ymin>250</ymin>
			<xmax>1788</xmax>
			<ymax>401</ymax>
		</bndbox>
	</object>
	<object>
		<name>dish</name>
		<bndbox>
			<xmin>519</xmin>
			<ymin>357</ymin>
			<xmax>1832</xmax>
			<ymax>1652</ymax>
		</bndbox>
	</object>
	<object>
		<name>매운탕</name>
		<bndbox>
			<xmin>617</xmin>
			<ymin>476</ymin>
			<xmax>1726</xmax>
			<ymax>1568</ymax>
		</bndbox>
	</object>
</annotation>