<annotation>
	<folder>top국류냄비매운탕q5</folder>
	<filename>top_국류_냄비_매운탕_Q5_00039.JPG</filename>
	<path>/top국류냄비매운탕q5/top_국류_냄비_매운탕_Q5_00039.JPG</path>
	<source>
		<database>fooddata</database>
	</source>
	<size>
		<width>3008</width>
		<height>2000</height>
		<depth>3</depth>
	</size>
	<object>
		<name>ref_spoon</name>
		<bndbox>
			<xmin>537</xmin>
			<ymin>361</ymin>
			<xmax>768</xmax>
			<ymax>689</ymax>
		</bndbox>
	</object>
	<object>
		<name>ref_fork</name>
		<bndbox>
			<xmin>874</xmin>
			<ymin>388</ymin>
			<xmax>1029</xmax>
			<ymax>765</ymax>
		</bndbox>
	</object>
	<object>
		<name>ref_coin</name>
		<bndbox>
			<xmin>324</xmin>
			<ymin>703</ymin>
			<xmax>492</xmax>
			<ymax>858</ymax>
		</bndbox>
	</object>
	<object>
		<name>dish</name>
		<bndbox>
			<xmin>1207</xmin>
			<ymin>321</ymin>
			<xmax>2493</xmax>
			<ymax>1581</ymax>
		</bndbox>
	</object>
	<object>
		<name>매운탕</name>
		<bndbox>
			<xmin>1287</xmin>
			<ymin>441</ymin>
			<xmax>2360</xmax>
			<ymax>1492</ymax>
		</bndbox>
	</object>
</annotation>