<annotation>
	<folder>side국물면류냉면기떡만둣국q1</folder>
	<filename>side_국물면류_냉면기_떡만둣국_Q1_00046.JPG</filename>
	<path>/side국물면류냉면기떡만둣국q1/side_국물면류_냉면기_떡만둣국_Q1_00046.JPG</path>
	<source>
		<database>fooddata</database>
	</source>
	<size>
		<width>3008</width>
		<height>2000</height>
		<depth>3</depth>
	</size>
	<object>
		<name>ref_spoon</name>
		<bndbox>
			<xmin>339</xmin>
			<ymin>850</ymin>
			<xmax>608</xmax>
			<ymax>1231</ymax>
		</bndbox>
	</object>
	<object>
		<name>ref_fork</name>
		<bndbox>
			<xmin>733</xmin>
			<ymin>884</ymin>
			<xmax>921</xmax>
			<ymax>1304</ymax>
		</bndbox>
	</object>
	<object>
		<name>ref_coin</name>
		<bndbox>
			<xmin>2035</xmin>
			<ymin>190</ymin>
			<xmax>2211</xmax>
			<ymax>302</ymax>
		</bndbox>
	</object>
	<object>
		<name>dish</name>
		<bndbox>
			<xmin>1230</xmin>
			<ymin>417</ymin>
			<xmax>2687</xmax>
			<ymax>1673</ymax>
		</bndbox>
	</object>
	<object>
		<name>떡만둣국</name>
		<bndbox>
			<xmin>1457</xmin>
			<ymin>936</ymin>
			<xmax>2485</xmax>
			<ymax>1428</ymax>
		</bndbox>
	</object>
</annotation>