<annotation>
	<folder>side국물면류냉면기떡만둣국q1</folder>
	<filename>side_국물면류_냉면기_떡만둣국_Q1_00003.JPG</filename>
	<path>/side국물면류냉면기떡만둣국q1/side_국물면류_냉면기_떡만둣국_Q1_00003.JPG</path>
	<source>
		<database>fooddata</database>
	</source>
	<size>
		<width>3008</width>
		<height>2000</height>
		<depth>3</depth>
	</size>
	<object>
		<name>ref_spoon</name>
		<bndbox>
			<xmin>1881</xmin>
			<ymin>439</ymin>
			<xmax>2117</xmax>
			<ymax>777</ymax>
		</bndbox>
	</object>
	<object>
		<name>ref_fork</name>
		<bndbox>
			<xmin>2232</xmin>
			<ymin>524</ymin>
			<xmax>2417</xmax>
			<ymax>919</ymax>
		</bndbox>
	</object>
	<object>
		<name>ref_coin</name>
		<bndbox>
			<xmin>1007</xmin>
			<ymin>1728</ymin>
			<xmax>1213</xmax>
			<ymax>1904</ymax>
		</bndbox>
	</object>
	<object>
		<name>dish</name>
		<bndbox>
			<xmin>441</xmin>
			<ymin>130</ymin>
			<xmax>1851</xmax>
			<ymax>1313</ymax>
		</bndbox>
	</object>
	<object>
		<name>떡만둣국</name>
		<bndbox>
			<xmin>707</xmin>
			<ymin>602</ymin>
			<xmax>1611</xmax>
			<ymax>1064</ymax>
		</bndbox>
	</object>
</annotation>