<annotation>
	<folder>side국물면류냉면기떡만둣국q1</folder>
	<filename>side_국물면류_냉면기_떡만둣국_Q1_00006.JPG</filename>
	<path>/side국물면류냉면기떡만둣국q1/side_국물면류_냉면기_떡만둣국_Q1_00006.JPG</path>
	<source>
		<database>fooddata</database>
	</source>
	<size>
		<width>3008</width>
		<height>2000</height>
		<depth>3</depth>
	</size>
	<object>
		<name>ref_spoon</name>
		<bndbox>
			<xmin>2237</xmin>
			<ymin>482</ymin>
			<xmax>2481</xmax>
			<ymax>833</ymax>
		</bndbox>
	</object>
	<object>
		<name>ref_fork</name>
		<bndbox>
			<xmin>2597</xmin>
			<ymin>593</ymin>
			<xmax>2781</xmax>
			<ymax>991</ymax>
		</bndbox>
	</object>
	<object>
		<name>ref_coin</name>
		<bndbox>
			<xmin>788</xmin>
			<ymin>1561</ymin>
			<xmax>1003</xmax>
			<ymax>1737</ymax>
		</bndbox>
	</object>
	<object>
		<name>dish</name>
		<bndbox>
			<xmin>630</xmin>
			<ymin>100</ymin>
			<xmax>2057</xmax>
			<ymax>1304</ymax>
		</bndbox>
	</object>
	<object>
		<name>떡만둣국</name>
		<bndbox>
			<xmin>878</xmin>
			<ymin>576</ymin>
			<xmax>1800</xmax>
			<ymax>1051</ymax>
		</bndbox>
	</object>
</annotation>