<annotation>
	<folder>side국물면류냉면기떡만둣국q1</folder>
	<filename>side_국물면류_냉면기_떡만둣국_Q1_00028.JPG</filename>
	<path>/side국물면류냉면기떡만둣국q1/side_국물면류_냉면기_떡만둣국_Q1_00028.JPG</path>
	<source>
		<database>fooddata</database>
	</source>
	<size>
		<width>3008</width>
		<height>2000</height>
		<depth>3</depth>
	</size>
	<object>
		<name>ref_spoon</name>
		<bndbox>
			<xmin>634</xmin>
			<ymin>1433</ymin>
			<xmax>1054</xmax>
			<ymax>1677</ymax>
		</bndbox>
	</object>
	<object>
		<name>ref_fork</name>
		<bndbox>
			<xmin>746</xmin>
			<ymin>1189</ymin>
			<xmax>1195</xmax>
			<ymax>1398</ymax>
		</bndbox>
	</object>
	<object>
		<name>ref_coin</name>
		<bndbox>
			<xmin>2382</xmin>
			<ymin>666</ymin>
			<xmax>2550</xmax>
			<ymax>794</ymax>
		</bndbox>
	</object>
	<object>
		<name>dish</name>
		<bndbox>
			<xmin>801</xmin>
			<ymin>62</ymin>
			<xmax>2040</xmax>
			<ymax>1099</ymax>
		</bndbox>
	</object>
	<object>
		<name>떡만둣국</name>
		<bndbox>
			<xmin>994</xmin>
			<ymin>400</ymin>
			<xmax>1774</xmax>
			<ymax>871</ymax>
		</bndbox>
	</object>
</annotation>