<annotation>
	<folder>side국물면류냉면기떡만둣국q1</folder>
	<filename>side_국물면류_냉면기_떡만둣국_Q1_00036.JPG</filename>
	<path>/side국물면류냉면기떡만둣국q1/side_국물면류_냉면기_떡만둣국_Q1_00036.JPG</path>
	<source>
		<database>fooddata</database>
	</source>
	<size>
		<width>3008</width>
		<height>2000</height>
		<depth>3</depth>
	</size>
	<object>
		<name>ref_spoon</name>
		<bndbox>
			<xmin>231</xmin>
			<ymin>452</ymin>
			<xmax>510</xmax>
			<ymax>824</ymax>
		</bndbox>
	</object>
	<object>
		<name>ref_fork</name>
		<bndbox>
			<xmin>630</xmin>
			<ymin>460</ymin>
			<xmax>827</xmax>
			<ymax>884</ymax>
		</bndbox>
	</object>
	<object>
		<name>ref_coin</name>
		<bndbox>
			<xmin>2044</xmin>
			<ymin>1741</ymin>
			<xmax>2262</xmax>
			<ymax>1938</ymax>
		</bndbox>
	</object>
	<object>
		<name>dish</name>
		<bndbox>
			<xmin>977</xmin>
			<ymin>66</ymin>
			<xmax>2468</xmax>
			<ymax>1369</ymax>
		</bndbox>
	</object>
	<object>
		<name>떡만둣국</name>
		<bndbox>
			<xmin>1187</xmin>
			<ymin>422</ymin>
			<xmax>2228</xmax>
			<ymax>1129</ymax>
		</bndbox>
	</object>
</annotation>