<annotation>
	<folder>side국물면류냉면기떡만둣국q1</folder>
	<filename>side_국물면류_냉면기_떡만둣국_Q1_00041.JPG</filename>
	<path>/side국물면류냉면기떡만둣국q1/side_국물면류_냉면기_떡만둣국_Q1_00041.JPG</path>
	<source>
		<database>fooddata</database>
	</source>
	<size>
		<width>3008</width>
		<height>2000</height>
		<depth>3</depth>
	</size>
	<object>
		<name>ref_spoon</name>
		<bndbox>
			<xmin>454</xmin>
			<ymin>653</ymin>
			<xmax>724</xmax>
			<ymax>1034</ymax>
		</bndbox>
	</object>
	<object>
		<name>ref_fork</name>
		<bndbox>
			<xmin>844</xmin>
			<ymin>670</ymin>
			<xmax>1037</xmax>
			<ymax>1111</ymax>
		</bndbox>
	</object>
	<object>
		<name>ref_coin</name>
		<bndbox>
			<xmin>107</xmin>
			<ymin>1064</ymin>
			<xmax>317</xmax>
			<ymax>1223</ymax>
		</bndbox>
	</object>
	<object>
		<name>dish</name>
		<bndbox>
			<xmin>1247</xmin>
			<ymin>242</ymin>
			<xmax>2708</xmax>
			<ymax>1506</ymax>
		</bndbox>
	</object>
	<object>
		<name>떡만둣국</name>
		<bndbox>
			<xmin>1483</xmin>
			<ymin>610</ymin>
			<xmax>2442</xmax>
			<ymax>1270</ymax>
		</bndbox>
	</object>
</annotation>