<annotation>
	<folder>side국물면류냉면기떡만둣국q1</folder>
	<filename>side_국물면류_냉면기_떡만둣국_Q1_00034.JPG</filename>
	<path>/side국물면류냉면기떡만둣국q1/side_국물면류_냉면기_떡만둣국_Q1_00034.JPG</path>
	<source>
		<database>fooddata</database>
	</source>
	<size>
		<width>3008</width>
		<height>2000</height>
		<depth>3</depth>
	</size>
	<object>
		<name>ref_spoon</name>
		<bndbox>
			<xmin>266</xmin>
			<ymin>400</ymin>
			<xmax>536</xmax>
			<ymax>773</ymax>
		</bndbox>
	</object>
	<object>
		<name>ref_fork</name>
		<bndbox>
			<xmin>664</xmin>
			<ymin>413</ymin>
			<xmax>853</xmax>
			<ymax>833</ymax>
		</bndbox>
	</object>
	<object>
		<name>ref_coin</name>
		<bndbox>
			<xmin>1294</xmin>
			<ymin>1656</ymin>
			<xmax>1513</xmax>
			<ymax>1840</ymax>
		</bndbox>
	</object>
	<object>
		<name>dish</name>
		<bndbox>
			<xmin>998</xmin>
			<ymin>62</ymin>
			<xmax>2498</xmax>
			<ymax>1369</ymax>
		</bndbox>
	</object>
	<object>
		<name>떡만둣국</name>
		<bndbox>
			<xmin>1264</xmin>
			<ymin>439</ymin>
			<xmax>2267</xmax>
			<ymax>1141</ymax>
		</bndbox>
	</object>
</annotation>