<annotation>
	<folder>side국물면류냉면기떡만둣국q1</folder>
	<filename>side_국물면류_냉면기_떡만둣국_Q1_00025.JPG</filename>
	<path>/side국물면류냉면기떡만둣국q1/side_국물면류_냉면기_떡만둣국_Q1_00025.JPG</path>
	<source>
		<database>fooddata</database>
	</source>
	<size>
		<width>3008</width>
		<height>2000</height>
		<depth>3</depth>
	</size>
	<object>
		<name>ref_spoon</name>
		<bndbox>
			<xmin>630</xmin>
			<ymin>1510</ymin>
			<xmax>1028</xmax>
			<ymax>1750</ymax>
		</bndbox>
	</object>
	<object>
		<name>ref_fork</name>
		<bndbox>
			<xmin>720</xmin>
			<ymin>1261</ymin>
			<xmax>1178</xmax>
			<ymax>1463</ymax>
		</bndbox>
	</object>
	<object>
		<name>ref_coin</name>
		<bndbox>
			<xmin>2168</xmin>
			<ymin>190</ymin>
			<xmax>2318</xmax>
			<ymax>289</ymax>
		</bndbox>
	</object>
	<object>
		<name>dish</name>
		<bndbox>
			<xmin>831</xmin>
			<ymin>109</ymin>
			<xmax>2082</xmax>
			<ymax>1163</ymax>
		</bndbox>
	</object>
	<object>
		<name>떡만둣국</name>
		<bndbox>
			<xmin>1067</xmin>
			<ymin>546</ymin>
			<xmax>1825</xmax>
			<ymax>927</ymax>
		</bndbox>
	</object>
</annotation>