<annotation>
	<folder>side국물면류냉면기떡만둣국q1</folder>
	<filename>side_국물면류_냉면기_떡만둣국_Q1_00032.JPG</filename>
	<path>/side국물면류냉면기떡만둣국q1/side_국물면류_냉면기_떡만둣국_Q1_00032.JPG</path>
	<source>
		<database>fooddata</database>
	</source>
	<size>
		<width>3008</width>
		<height>2000</height>
		<depth>3</depth>
	</size>
	<object>
		<name>ref_spoon</name>
		<bndbox>
			<xmin>741</xmin>
			<ymin>1536</ymin>
			<xmax>1153</xmax>
			<ymax>1780</ymax>
		</bndbox>
	</object>
	<object>
		<name>ref_fork</name>
		<bndbox>
			<xmin>840</xmin>
			<ymin>1283</ymin>
			<xmax>1290</xmax>
			<ymax>1497</ymax>
		</bndbox>
	</object>
	<object>
		<name>ref_coin</name>
		<bndbox>
			<xmin>2357</xmin>
			<ymin>1488</ymin>
			<xmax>2541</xmax>
			<ymax>1638</ymax>
		</bndbox>
	</object>
	<object>
		<name>dish</name>
		<bndbox>
			<xmin>891</xmin>
			<ymin>134</ymin>
			<xmax>2130</xmax>
			<ymax>1171</ymax>
		</bndbox>
	</object>
	<object>
		<name>떡만둣국</name>
		<bndbox>
			<xmin>1118</xmin>
			<ymin>563</ymin>
			<xmax>1950</xmax>
			<ymax>944</ymax>
		</bndbox>
	</object>
</annotation>