<annotation>
	<folder>top국물면류냉면기떡만두국q1</folder>
	<filename>top_국물면류_냉면기_떡만둣국_Q1_00001.JPG</filename>
	<path>/top국물면류냉면기떡만둣국q1/top_국물면류_냉면기_떡만둣국_Q1_00001.JPG</path>
	<source>
		<database>fooddata</database>
	</source>
	<size>
		<width>3008</width>
		<height>2000</height>
		<depth>3</depth>
	</size>
	<object>
		<name>ref_spoon</name>
		<bndbox>
			<xmin>1878</xmin>
			<ymin>519</ymin>
			<xmax>2114</xmax>
			<ymax>897</ymax>
		</bndbox>
	</object>
	<object>
		<name>ref_fork</name>
		<bndbox>
			<xmin>2194</xmin>
			<ymin>508</ymin>
			<xmax>2357</xmax>
			<ymax>917</ymax>
		</bndbox>
	</object>
	<object>
		<name>ref_coin</name>
		<bndbox>
			<xmin>2666</xmin>
			<ymin>857</ymin>
			<xmax>2840</xmax>
			<ymax>1027</ymax>
		</bndbox>
	</object>
	<object>
		<name>dish</name>
		<bndbox>
			<xmin>339</xmin>
			<ymin>272</ymin>
			<xmax>1776</xmax>
			<ymax>1681</ymax>
		</bndbox>
	</object>
	<object>
		<name>떡만둣국</name>
		<bndbox>
			<xmin>633</xmin>
			<ymin>563</ymin>
			<xmax>1548</xmax>
			<ymax>1481</ymax>
		</bndbox>
	</object>
</annotation>