<annotation>
	<folder>top국물면류냉면기떡만두국q1</folder>
	<filename>top_국물면류_냉면기_떡만둣국_Q1_00016.JPG</filename>
	<path>/top국물면류냉면기떡만둣국q1/top_국물면류_냉면기_떡만둣국_Q1_00016.JPG</path>
	<source>
		<database>fooddata</database>
	</source>
	<size>
		<width>3008</width>
		<height>2000</height>
		<depth>3</depth>
	</size>
	<object>
		<name>ref_spoon</name>
		<bndbox>
			<xmin>1954</xmin>
			<ymin>342</ymin>
			<xmax>2199</xmax>
			<ymax>743</ymax>
		</bndbox>
	</object>
	<object>
		<name>ref_fork</name>
		<bndbox>
			<xmin>2270</xmin>
			<ymin>342</ymin>
			<xmax>2440</xmax>
			<ymax>782</ymax>
		</bndbox>
	</object>
	<object>
		<name>ref_coin</name>
		<bndbox>
			<xmin>419</xmin>
			<ymin>1381</ymin>
			<xmax>607</xmax>
			<ymax>1573</ymax>
		</bndbox>
	</object>
	<object>
		<name>dish</name>
		<bndbox>
			<xmin>497</xmin>
			<ymin>165</ymin>
			<xmax>1951</xmax>
			<ymax>1591</ymax>
		</bndbox>
	</object>
	<object>
		<name>떡만둣국</name>
		<bndbox>
			<xmin>763</xmin>
			<ymin>480</ymin>
			<xmax>1710</xmax>
			<ymax>1424</ymax>
		</bndbox>
	</object>
</annotation>