<annotation>
	<folder>top국물면류냉면기떡만두국q1</folder>
	<filename>top_국물면류_냉면기_떡만둣국_Q1_00032.JPG</filename>
	<path>/top국물면류냉면기떡만둣국q1/top_국물면류_냉면기_떡만둣국_Q1_00032.JPG</path>
	<source>
		<database>fooddata</database>
	</source>
	<size>
		<width>3008</width>
		<height>2000</height>
		<depth>3</depth>
	</size>
	<object>
		<name>ref_spoon</name>
		<bndbox>
			<xmin>582</xmin>
			<ymin>1637</ymin>
			<xmax>1004</xmax>
			<ymax>1878</ymax>
		</bndbox>
	</object>
	<object>
		<name>ref_fork</name>
		<bndbox>
			<xmin>610</xmin>
			<ymin>1388</ymin>
			<xmax>1025</xmax>
			<ymax>1555</ymax>
		</bndbox>
	</object>
	<object>
		<name>ref_coin</name>
		<bndbox>
			<xmin>1891</xmin>
			<ymin>1151</ymin>
			<xmax>2043</xmax>
			<ymax>1303</ymax>
		</bndbox>
	</object>
	<object>
		<name>dish</name>
		<bndbox>
			<xmin>631</xmin>
			<ymin>76</ymin>
			<xmax>1894</xmax>
			<ymax>1282</ymax>
		</bndbox>
	</object>
	<object>
		<name>떡만둣국</name>
		<bndbox>
			<xmin>862</xmin>
			<ymin>388</ymin>
			<xmax>1674</xmax>
			<ymax>1165</ymax>
		</bndbox>
	</object>
</annotation>