<annotation>
	<folder>top국물면류냉면기떡만두국q1</folder>
	<filename>top_국물면류_냉면기_떡만둣국_Q1_00019.JPG</filename>
	<path>/top국물면류냉면기떡만둣국q1/top_국물면류_냉면기_떡만둣국_Q1_00019.JPG</path>
	<source>
		<database>fooddata</database>
	</source>
	<size>
		<width>3008</width>
		<height>2000</height>
		<depth>3</depth>
	</size>
	<object>
		<name>ref_spoon</name>
		<bndbox>
			<xmin>674</xmin>
			<ymin>1587</ymin>
			<xmax>1075</xmax>
			<ymax>1821</ymax>
		</bndbox>
	</object>
	<object>
		<name>ref_fork</name>
		<bndbox>
			<xmin>724</xmin>
			<ymin>1342</ymin>
			<xmax>1114</xmax>
			<ymax>1509</ymax>
		</bndbox>
	</object>
	<object>
		<name>ref_coin</name>
		<bndbox>
			<xmin>511</xmin>
			<ymin>729</ymin>
			<xmax>678</xmax>
			<ymax>888</ymax>
		</bndbox>
	</object>
	<object>
		<name>dish</name>
		<bndbox>
			<xmin>830</xmin>
			<ymin>76</ymin>
			<xmax>2100</xmax>
			<ymax>1303</ymax>
		</bndbox>
	</object>
	<object>
		<name>떡만둣국</name>
		<bndbox>
			<xmin>1054</xmin>
			<ymin>374</ymin>
			<xmax>1859</xmax>
			<ymax>1168</ymax>
		</bndbox>
	</object>
</annotation>