<annotation>
	<folder>top국물면류냉면기떡만두국q1</folder>
	<filename>top_국물면류_냉면기_떡만둣국_Q1_00021.JPG</filename>
	<path>/top국물면류냉면기떡만둣국q1/top_국물면류_냉면기_떡만둣국_Q1_00021.JPG</path>
	<source>
		<database>fooddata</database>
	</source>
	<size>
		<width>3008</width>
		<height>2000</height>
		<depth>3</depth>
	</size>
	<object>
		<name>ref_spoon</name>
		<bndbox>
			<xmin>653</xmin>
			<ymin>1623</ymin>
			<xmax>1036</xmax>
			<ymax>1864</ymax>
		</bndbox>
	</object>
	<object>
		<name>ref_fork</name>
		<bndbox>
			<xmin>692</xmin>
			<ymin>1381</ymin>
			<xmax>1096</xmax>
			<ymax>1537</ymax>
		</bndbox>
	</object>
	<object>
		<name>ref_coin</name>
		<bndbox>
			<xmin>656</xmin>
			<ymin>260</ymin>
			<xmax>812</xmax>
			<ymax>413</ymax>
		</bndbox>
	</object>
	<object>
		<name>dish</name>
		<bndbox>
			<xmin>837</xmin>
			<ymin>108</ymin>
			<xmax>2111</xmax>
			<ymax>1353</ymax>
		</bndbox>
	</object>
	<object>
		<name>떡만둣국</name>
		<bndbox>
			<xmin>1050</xmin>
			<ymin>416</ymin>
			<xmax>1873</xmax>
			<ymax>1208</ymax>
		</bndbox>
	</object>
</annotation>