<annotation>
	<folder>top국물면류냉면기떡만두국q1</folder>
	<filename>top_국물면류_냉면기_떡만둣국_Q1_00014.JPG</filename>
	<path>/top국물면류냉면기떡만둣국q1/top_국물면류_냉면기_떡만둣국_Q1_00014.JPG</path>
	<source>
		<database>fooddata</database>
	</source>
	<size>
		<width>3008</width>
		<height>2000</height>
		<depth>3</depth>
	</size>
	<object>
		<name>ref_spoon</name>
		<bndbox>
			<xmin>1951</xmin>
			<ymin>243</ymin>
			<xmax>2203</xmax>
			<ymax>640</ymax>
		</bndbox>
	</object>
	<object>
		<name>ref_fork</name>
		<bndbox>
			<xmin>2270</xmin>
			<ymin>228</ymin>
			<xmax>2451</xmax>
			<ymax>672</ymax>
		</bndbox>
	</object>
	<object>
		<name>ref_coin</name>
		<bndbox>
			<xmin>1327</xmin>
			<ymin>1697</ymin>
			<xmax>1518</xmax>
			<ymax>1889</ymax>
		</bndbox>
	</object>
	<object>
		<name>dish</name>
		<bndbox>
			<xmin>465</xmin>
			<ymin>83</ymin>
			<xmax>1951</xmax>
			<ymax>1537</ymax>
		</bndbox>
	</object>
	<object>
		<name>떡만둣국</name>
		<bndbox>
			<xmin>766</xmin>
			<ymin>413</ymin>
			<xmax>1720</xmax>
			<ymax>1353</ymax>
		</bndbox>
	</object>
</annotation>