<annotation>
	<folder>top국물면류냉면기떡만두국q1</folder>
	<filename>top_국물면류_냉면기_떡만둣국_Q1_00020.JPG</filename>
	<path>/top국물면류냉면기떡만둣국q1/top_국물면류_냉면기_떡만둣국_Q1_00020.JPG</path>
	<source>
		<database>fooddata</database>
	</source>
	<size>
		<width>3008</width>
		<height>2000</height>
		<depth>3</depth>
	</size>
	<object>
		<name>ref_spoon</name>
		<bndbox>
			<xmin>681</xmin>
			<ymin>1601</ymin>
			<xmax>1075</xmax>
			<ymax>1842</ymax>
		</bndbox>
	</object>
	<object>
		<name>ref_fork</name>
		<bndbox>
			<xmin>720</xmin>
			<ymin>1360</ymin>
			<xmax>1132</xmax>
			<ymax>1520</ymax>
		</bndbox>
	</object>
	<object>
		<name>ref_coin</name>
		<bndbox>
			<xmin>557</xmin>
			<ymin>484</ymin>
			<xmax>727</xmax>
			<ymax>644</ymax>
		</bndbox>
	</object>
	<object>
		<name>dish</name>
		<bndbox>
			<xmin>855</xmin>
			<ymin>90</ymin>
			<xmax>2128</xmax>
			<ymax>1325</ymax>
		</bndbox>
	</object>
	<object>
		<name>떡만둣국</name>
		<bndbox>
			<xmin>1075</xmin>
			<ymin>385</ymin>
			<xmax>1884</xmax>
			<ymax>1190</ymax>
		</bndbox>
	</object>
</annotation>