<annotation>
	<folder>top국물면류냉면기떡만두국q1</folder>
	<filename>top_국물면류_냉면기_떡만둣국_Q1_00046.JPG</filename>
	<path>/top국물면류냉면기떡만둣국q1/top_국물면류_냉면기_떡만둣국_Q1_00046.JPG</path>
	<source>
		<database>fooddata</database>
	</source>
	<size>
		<width>3008</width>
		<height>2000</height>
		<depth>3</depth>
	</size>
	<object>
		<name>ref_spoon</name>
		<bndbox>
			<xmin>497</xmin>
			<ymin>466</ymin>
			<xmax>759</xmax>
			<ymax>863</ymax>
		</bndbox>
	</object>
	<object>
		<name>ref_fork</name>
		<bndbox>
			<xmin>851</xmin>
			<ymin>487</ymin>
			<xmax>1022</xmax>
			<ymax>899</ymax>
		</bndbox>
	</object>
	<object>
		<name>ref_coin</name>
		<bndbox>
			<xmin>241</xmin>
			<ymin>853</ymin>
			<xmax>433</xmax>
			<ymax>1034</ymax>
		</bndbox>
	</object>
	<object>
		<name>dish</name>
		<bndbox>
			<xmin>1238</xmin>
			<ymin>346</ymin>
			<xmax>2678</xmax>
			<ymax>1782</ymax>
		</bndbox>
	</object>
	<object>
		<name>떡만둣국</name>
		<bndbox>
			<xmin>1433</xmin>
			<ymin>654</ymin>
			<xmax>2412</xmax>
			<ymax>1562</ymax>
		</bndbox>
	</object>
</annotation>