<annotation>
	<folder>side비빔밥덮밥류원형배달카레라이스q4</folder>
	<filename>side_비빔밥덮밥류_원형배달_카레라이스_Q4_00052.JPG</filename>
	<path>/side비빔밥덮밥류원형배달카레라이스q4/side_비빔밥덮밥류_원형배달_카레라이스_Q4_00052.JPG</path>
	<source>
		<database>fooddata</database>
	</source>
	<size>
		<width>3008</width>
		<height>2000</height>
		<depth>3</depth>
	</size>
	<object>
		<name>ref_spoon</name>
		<bndbox>
			<xmin>223</xmin>
			<ymin>429</ymin>
			<xmax>539</xmax>
			<ymax>812</ymax>
		</bndbox>
	</object>
	<object>
		<name>ref_fork</name>
		<bndbox>
			<xmin>592</xmin>
			<ymin>482</ymin>
			<xmax>819</xmax>
			<ymax>926</ymax>
		</bndbox>
	</object>
	<object>
		<name>ref_coin</name>
		<bndbox>
			<xmin>2210</xmin>
			<ymin>1678</ymin>
			<xmax>2462</xmax>
			<ymax>1862</ymax>
		</bndbox>
	</object>
	<object>
		<name>dish</name>
		<bndbox>
			<xmin>1025</xmin>
			<ymin>280</ymin>
			<xmax>2455</xmax>
			<ymax>1596</ymax>
		</bndbox>
	</object>
	<object>
		<name>카레라이스</name>
		<bndbox>
			<xmin>1121</xmin>
			<ymin>514</ymin>
			<xmax>2323</xmax>
			<ymax>1153</ymax>
		</bndbox>
	</object>
</annotation>