<annotation>
	<folder>side비빔밥덮밥류원형배달카레라이스q4</folder>
	<filename>side_비빔밥덮밥류_원형배달_카레라이스_Q4_00002.JPG</filename>
	<path>/side비빔밥덮밥류원형배달카레라이스q4/side_비빔밥덮밥류_원형배달_카레라이스_Q4_00002.JPG</path>
	<source>
		<database>fooddata</database>
	</source>
	<size>
		<width>3008</width>
		<height>2000</height>
		<depth>3</depth>
	</size>
	<object>
		<name>ref_spoon</name>
		<bndbox>
			<xmin>1724</xmin>
			<ymin>422</ymin>
			<xmax>2008</xmax>
			<ymax>798</ymax>
		</bndbox>
	</object>
	<object>
		<name>ref_fork</name>
		<bndbox>
			<xmin>2096</xmin>
			<ymin>429</ymin>
			<xmax>2295</xmax>
			<ymax>847</ymax>
		</bndbox>
	</object>
	<object>
		<name>ref_coin</name>
		<bndbox>
			<xmin>883</xmin>
			<ymin>1642</ymin>
			<xmax>1128</xmax>
			<ymax>1816</ymax>
		</bndbox>
	</object>
	<object>
		<name>dish</name>
		<bndbox>
			<xmin>309</xmin>
			<ymin>120</ymin>
			<xmax>1688</xmax>
			<ymax>1397</ymax>
		</bndbox>
	</object>
	<object>
		<name>카레라이스</name>
		<bndbox>
			<xmin>436</xmin>
			<ymin>418</ymin>
			<xmax>1571</xmax>
			<ymax>968</ymax>
		</bndbox>
	</object>
</annotation>