<annotation>
	<folder>side비빔밥덮밥류원형배달카레라이스q4</folder>
	<filename>side_비빔밥덮밥류_원형배달_카레라이스_Q4_00037.JPG</filename>
	<path>/side비빔밥덮밥류원형배달카레라이스q4/side_비빔밥덮밥류_원형배달_카레라이스_Q4_00037.JPG</path>
	<source>
		<database>fooddata</database>
	</source>
	<size>
		<width>3008</width>
		<height>2000</height>
		<depth>3</depth>
	</size>
	<object>
		<name>ref_spoon</name>
		<bndbox>
			<xmin>475</xmin>
			<ymin>411</ymin>
			<xmax>766</xmax>
			<ymax>769</ymax>
		</bndbox>
	</object>
	<object>
		<name>ref_fork</name>
		<bndbox>
			<xmin>826</xmin>
			<ymin>450</ymin>
			<xmax>1022</xmax>
			<ymax>865</ymax>
		</bndbox>
	</object>
	<object>
		<name>ref_coin</name>
		<bndbox>
			<xmin>582</xmin>
			<ymin>1688</ymin>
			<xmax>816</xmax>
			<ymax>1858</ymax>
		</bndbox>
	</object>
	<object>
		<name>dish</name>
		<bndbox>
			<xmin>1128</xmin>
			<ymin>202</ymin>
			<xmax>2455</xmax>
			<ymax>1426</ymax>
		</bndbox>
	</object>
	<object>
		<name>카레라이스</name>
		<bndbox>
			<xmin>1238</xmin>
			<ymin>457</ymin>
			<xmax>2355</xmax>
			<ymax>1014</ymax>
		</bndbox>
	</object>
</annotation>