<annotation>
	<folder>side비빔밥덮밥류원형배달카레라이스q4</folder>
	<filename>side_비빔밥덮밥류_원형배달_카레라이스_Q4_00040.JPG</filename>
	<path>/side비빔밥덮밥류원형배달카레라이스q4/side_비빔밥덮밥류_원형배달_카레라이스_Q4_00040.JPG</path>
	<source>
		<database>fooddata</database>
	</source>
	<size>
		<width>3008</width>
		<height>2000</height>
		<depth>3</depth>
	</size>
	<object>
		<name>ref_spoon</name>
		<bndbox>
			<xmin>713</xmin>
			<ymin>443</ymin>
			<xmax>1018</xmax>
			<ymax>833</ymax>
		</bndbox>
	</object>
	<object>
		<name>ref_fork</name>
		<bndbox>
			<xmin>1082</xmin>
			<ymin>496</ymin>
			<xmax>1302</xmax>
			<ymax>936</ymax>
		</bndbox>
	</object>
	<object>
		<name>ref_coin</name>
		<bndbox>
			<xmin>153</xmin>
			<ymin>1404</ymin>
			<xmax>390</xmax>
			<ymax>1578</ymax>
		</bndbox>
	</object>
	<object>
		<name>dish</name>
		<bndbox>
			<xmin>1355</xmin>
			<ymin>216</ymin>
			<xmax>2774</xmax>
			<ymax>1529</ymax>
		</bndbox>
	</object>
	<object>
		<name>카레라이스</name>
		<bndbox>
			<xmin>1447</xmin>
			<ymin>479</ymin>
			<xmax>2660</xmax>
			<ymax>1078</ymax>
		</bndbox>
	</object>
</annotation>