<annotation>
	<folder>side비빔밥덮밥류원형배달카레라이스q4</folder>
	<filename>side_비빔밥덮밥류_원형배달_카레라이스_Q4_00050.JPG</filename>
	<path>/side비빔밥덮밥류원형배달카레라이스q4/side_비빔밥덮밥류_원형배달_카레라이스_Q4_00050.JPG</path>
	<source>
		<database>fooddata</database>
	</source>
	<size>
		<width>3008</width>
		<height>2000</height>
		<depth>3</depth>
	</size>
	<object>
		<name>ref_spoon</name>
		<bndbox>
			<xmin>248</xmin>
			<ymin>401</ymin>
			<xmax>557</xmax>
			<ymax>780</ymax>
		</bndbox>
	</object>
	<object>
		<name>ref_fork</name>
		<bndbox>
			<xmin>614</xmin>
			<ymin>454</ymin>
			<xmax>837</xmax>
			<ymax>894</ymax>
		</bndbox>
	</object>
	<object>
		<name>ref_coin</name>
		<bndbox>
			<xmin>2639</xmin>
			<ymin>1032</ymin>
			<xmax>2873</xmax>
			<ymax>1192</ymax>
		</bndbox>
	</object>
	<object>
		<name>dish</name>
		<bndbox>
			<xmin>851</xmin>
			<ymin>319</ymin>
			<xmax>2295</xmax>
			<ymax>1649</ymax>
		</bndbox>
	</object>
	<object>
		<name>카레라이스</name>
		<bndbox>
			<xmin>951</xmin>
			<ymin>638</ymin>
			<xmax>2153</xmax>
			<ymax>1199</ymax>
		</bndbox>
	</object>
</annotation>