<annotation>
	<folder>side비빔밥덮밥류원형배달카레라이스q4</folder>
	<filename>side_비빔밥덮밥류_원형배달_카레라이스_Q4_00001.JPG</filename>
	<path>/side비빔밥덮밥류원형배달카레라이스q4/side_비빔밥덮밥류_원형배달_카레라이스_Q4_00001.JPG</path>
	<source>
		<database>fooddata</database>
	</source>
	<size>
		<width>3008</width>
		<height>2000</height>
		<depth>3</depth>
	</size>
	<object>
		<name>ref_spoon</name>
		<bndbox>
			<xmin>1816</xmin>
			<ymin>422</ymin>
			<xmax>2100</xmax>
			<ymax>798</ymax>
		</bndbox>
	</object>
	<object>
		<name>ref_fork</name>
		<bndbox>
			<xmin>2189</xmin>
			<ymin>429</ymin>
			<xmax>2387</xmax>
			<ymax>844</ymax>
		</bndbox>
	</object>
	<object>
		<name>ref_coin</name>
		<bndbox>
			<xmin>1192</xmin>
			<ymin>1599</ymin>
			<xmax>1437</xmax>
			<ymax>1773</ymax>
		</bndbox>
	</object>
	<object>
		<name>dish</name>
		<bndbox>
			<xmin>302</xmin>
			<ymin>163</ymin>
			<xmax>1674</xmax>
			<ymax>1436</ymax>
		</bndbox>
	</object>
	<object>
		<name>카레라이스</name>
		<bndbox>
			<xmin>387</xmin>
			<ymin>447</ymin>
			<xmax>1557</xmax>
			<ymax>1011</ymax>
		</bndbox>
	</object>
</annotation>