<annotation>
	<folder>side비빔밥덮밥류원형배달카레라이스q4</folder>
	<filename>side_비빔밥덮밥류_원형배달_카레라이스_Q4_00018.JPG</filename>
	<path>/side비빔밥덮밥류원형배달카레라이스q4/side_비빔밥덮밥류_원형배달_카레라이스_Q4_00018.JPG</path>
	<source>
		<database>fooddata</database>
	</source>
	<size>
		<width>3008</width>
		<height>2000</height>
		<depth>3</depth>
	</size>
	<object>
		<name>ref_spoon</name>
		<bndbox>
			<xmin>575</xmin>
			<ymin>1305</ymin>
			<xmax>1007</xmax>
			<ymax>1550</ymax>
		</bndbox>
	</object>
	<object>
		<name>ref_fork</name>
		<bndbox>
			<xmin>557</xmin>
			<ymin>1624</ymin>
			<xmax>1054</xmax>
			<ymax>1858</ymax>
		</bndbox>
	</object>
	<object>
		<name>ref_coin</name>
		<bndbox>
			<xmin>1394</xmin>
			<ymin>106</ymin>
			<xmax>1561</xmax>
			<ymax>213</ymax>
		</bndbox>
	</object>
	<object>
		<name>dish</name>
		<bndbox>
			<xmin>972</xmin>
			<ymin>234</ymin>
			<xmax>2153</xmax>
			<ymax>1309</ymax>
		</bndbox>
	</object>
	<object>
		<name>카레라이스</name>
		<bndbox>
			<xmin>1043</xmin>
			<ymin>443</ymin>
			<xmax>2025</xmax>
			<ymax>922</ymax>
		</bndbox>
	</object>
</annotation>