<annotation>
	<folder>top비빔밥덮밥류원형배달카레라이스q4</folder>
	<filename>top_비빔밥덮밥류_원형배달_카레라이스_Q4_00052.JPG</filename>
	<path>/top비빔밥덮밥류원형배달카레라이스q4/top_비빔밥덮밥류_원형배달_카레라이스_Q4_00052.JPG</path>
	<source>
		<database>fooddata</database>
	</source>
	<size>
		<width>3008</width>
		<height>2000</height>
		<depth>3</depth>
	</size>
	<object>
		<name>ref_spoon</name>
		<bndbox>
			<xmin>393</xmin>
			<ymin>638</ymin>
			<xmax>647</xmax>
			<ymax>1018</ymax>
		</bndbox>
	</object>
	<object>
		<name>ref_fork</name>
		<bndbox>
			<xmin>704</xmin>
			<ymin>707</ymin>
			<xmax>876</xmax>
			<ymax>1117</ymax>
		</bndbox>
	</object>
	<object>
		<name>ref_coin</name>
		<bndbox>
			<xmin>1322</xmin>
			<ymin>212</ymin>
			<xmax>1498</xmax>
			<ymax>392</ymax>
		</bndbox>
	</object>
	<object>
		<name>dish</name>
		<bndbox>
			<xmin>978</xmin>
			<ymin>716</ymin>
			<xmax>2079</xmax>
			<ymax>1767</ymax>
		</bndbox>
	</object>
	<object>
		<name>카레라이스</name>
		<bndbox>
			<xmin>1044</xmin>
			<ymin>842</ymin>
			<xmax>2009</xmax>
			<ymax>1731</ymax>
		</bndbox>
	</object>
</annotation>