<annotation>
	<folder>top비빔밥덮밥류원형배달카레라이스q4</folder>
	<filename>top_비빔밥덮밥류_원형배달_카레라이스_Q4_00016.JPG</filename>
	<path>/top비빔밥덮밥류원형배달카레라이스q4/top_비빔밥덮밥류_원형배달_카레라이스_Q4_00016.JPG</path>
	<source>
		<database>fooddata</database>
	</source>
	<size>
		<width>3008</width>
		<height>2000</height>
		<depth>3</depth>
	</size>
	<object>
		<name>ref_spoon</name>
		<bndbox>
			<xmin>686</xmin>
			<ymin>1619</ymin>
			<xmax>1063</xmax>
			<ymax>1866</ymax>
		</bndbox>
	</object>
	<object>
		<name>ref_fork</name>
		<bndbox>
			<xmin>753</xmin>
			<ymin>1406</ymin>
			<xmax>1159</xmax>
			<ymax>1582</ymax>
		</bndbox>
	</object>
	<object>
		<name>ref_coin</name>
		<bndbox>
			<xmin>2125</xmin>
			<ymin>188</ymin>
			<xmax>2309</xmax>
			<ymax>372</ymax>
		</bndbox>
	</object>
	<object>
		<name>dish</name>
		<bndbox>
			<xmin>996</xmin>
			<ymin>100</ymin>
			<xmax>2058</xmax>
			<ymax>1155</ymax>
		</bndbox>
	</object>
	<object>
		<name>카레라이스</name>
		<bndbox>
			<xmin>1067</xmin>
			<ymin>218</ymin>
			<xmax>1996</xmax>
			<ymax>1113</ymax>
		</bndbox>
	</object>
</annotation>