<annotation>
	<folder>top비빔밥덮밥류원형배달카레라이스q4</folder>
	<filename>top_비빔밥덮밥류_원형배달_카레라이스_Q4_00048.JPG</filename>
	<path>/top비빔밥덮밥류원형배달카레라이스q4/top_비빔밥덮밥류_원형배달_카레라이스_Q4_00048.JPG</path>
	<source>
		<database>fooddata</database>
	</source>
	<size>
		<width>3008</width>
		<height>2000</height>
		<depth>3</depth>
	</size>
	<object>
		<name>ref_spoon</name>
		<bndbox>
			<xmin>434</xmin>
			<ymin>147</ymin>
			<xmax>704</xmax>
			<ymax>527</ymax>
		</bndbox>
	</object>
	<object>
		<name>ref_fork</name>
		<bndbox>
			<xmin>757</xmin>
			<ymin>212</ymin>
			<xmax>933</xmax>
			<ymax>650</ymax>
		</bndbox>
	</object>
	<object>
		<name>ref_coin</name>
		<bndbox>
			<xmin>1973</xmin>
			<ymin>1432</ymin>
			<xmax>2161</xmax>
			<ymax>1620</ymax>
		</bndbox>
	</object>
	<object>
		<name>dish</name>
		<bndbox>
			<xmin>1064</xmin>
			<ymin>237</ymin>
			<xmax>2189</xmax>
			<ymax>1329</ymax>
		</bndbox>
	</object>
	<object>
		<name>카레라이스</name>
		<bndbox>
			<xmin>1146</xmin>
			<ymin>376</ymin>
			<xmax>2059</xmax>
			<ymax>1289</ymax>
		</bndbox>
	</object>
</annotation>