<annotation>
	<folder>top비빔밥덮밥류원형배달카레라이스q4</folder>
	<filename>top_비빔밥덮밥류_원형배달_카레라이스_Q4_00040.JPG</filename>
	<path>/top비빔밥덮밥류원형배달카레라이스q4/top_비빔밥덮밥류_원형배달_카레라이스_Q4_00040.JPG</path>
	<source>
		<database>fooddata</database>
	</source>
	<size>
		<width>3008</width>
		<height>2000</height>
		<depth>3</depth>
	</size>
	<object>
		<name>ref_spoon</name>
		<bndbox>
			<xmin>703</xmin>
			<ymin>218</ymin>
			<xmax>962</xmax>
			<ymax>586</ymax>
		</bndbox>
	</object>
	<object>
		<name>ref_fork</name>
		<bndbox>
			<xmin>1029</xmin>
			<ymin>289</ymin>
			<xmax>1192</xmax>
			<ymax>707</ymax>
		</bndbox>
	</object>
	<object>
		<name>ref_coin</name>
		<bndbox>
			<xmin>795</xmin>
			<ymin>1548</ymin>
			<xmax>987</xmax>
			<ymax>1741</ymax>
		</bndbox>
	</object>
	<object>
		<name>dish</name>
		<bndbox>
			<xmin>1322</xmin>
			<ymin>360</ymin>
			<xmax>2443</xmax>
			<ymax>1460</ymax>
		</bndbox>
	</object>
	<object>
		<name>카레라이스</name>
		<bndbox>
			<xmin>1393</xmin>
			<ymin>494</ymin>
			<xmax>2368</xmax>
			<ymax>1423</ymax>
		</bndbox>
	</object>
</annotation>