<annotation>
	<folder>top비빔밥덮밥류원형배달카레라이스q4</folder>
	<filename>top_비빔밥덮밥류_원형배달_카레라이스_Q4_00001.JPG</filename>
	<path>/top비빔밥덮밥류원형배달카레라이스q4/top_비빔밥덮밥류_원형배달_카레라이스_Q4_00001.JPG</path>
	<source>
		<database>fooddata</database>
	</source>
	<size>
		<width>3008</width>
		<height>2000</height>
		<depth>3</depth>
	</size>
	<object>
		<name>ref_spoon</name>
		<bndbox>
			<xmin>1686</xmin>
			<ymin>226</ymin>
			<xmax>1941</xmax>
			<ymax>603</ymax>
		</bndbox>
	</object>
	<object>
		<name>ref_fork</name>
		<bndbox>
			<xmin>2004</xmin>
			<ymin>247</ymin>
			<xmax>2176</xmax>
			<ymax>669</ymax>
		</bndbox>
	</object>
	<object>
		<name>ref_coin</name>
		<bndbox>
			<xmin>1184</xmin>
			<ymin>1490</ymin>
			<xmax>1376</xmax>
			<ymax>1678</ymax>
		</bndbox>
	</object>
	<object>
		<name>dish</name>
		<bndbox>
			<xmin>485</xmin>
			<ymin>184</ymin>
			<xmax>1644</xmax>
			<ymax>1310</ymax>
		</bndbox>
	</object>
	<object>
		<name>카레라이스</name>
		<bndbox>
			<xmin>594</xmin>
			<ymin>297</ymin>
			<xmax>1556</xmax>
			<ymax>1247</ymax>
		</bndbox>
	</object>
</annotation>