<annotation>
	<folder>top비빔밥덮밥류원형배달카레라이스q4</folder>
	<filename>top_비빔밥덮밥류_원형배달_카레라이스_Q4_00050.JPG</filename>
	<path>/top비빔밥덮밥류원형배달카레라이스q4/top_비빔밥덮밥류_원형배달_카레라이스_Q4_00050.JPG</path>
	<source>
		<database>fooddata</database>
	</source>
	<size>
		<width>3008</width>
		<height>2000</height>
		<depth>3</depth>
	</size>
	<object>
		<name>ref_spoon</name>
		<bndbox>
			<xmin>528</xmin>
			<ymin>572</ymin>
			<xmax>782</xmax>
			<ymax>941</ymax>
		</bndbox>
	</object>
	<object>
		<name>ref_fork</name>
		<bndbox>
			<xmin>843</xmin>
			<ymin>650</ymin>
			<xmax>1011</xmax>
			<ymax>1068</ymax>
		</bndbox>
	</object>
	<object>
		<name>ref_coin</name>
		<bndbox>
			<xmin>941</xmin>
			<ymin>151</ymin>
			<xmax>1121</xmax>
			<ymax>327</ymax>
		</bndbox>
	</object>
	<object>
		<name>dish</name>
		<bndbox>
			<xmin>1138</xmin>
			<ymin>646</ymin>
			<xmax>2247</xmax>
			<ymax>1731</ymax>
		</bndbox>
	</object>
	<object>
		<name>카레라이스</name>
		<bndbox>
			<xmin>1207</xmin>
			<ymin>773</ymin>
			<xmax>2140</xmax>
			<ymax>1694</ymax>
		</bndbox>
	</object>
</annotation>