<annotation>
	<folder>top비빔밥덮밥류원형배달카레라이스q4</folder>
	<filename>top_비빔밥덮밥류_원형배달_카레라이스_Q4_00010.JPG</filename>
	<path>/top비빔밥덮밥류원형배달카레라이스q4/top_비빔밥덮밥류_원형배달_카레라이스_Q4_00010.JPG</path>
	<source>
		<database>fooddata</database>
	</source>
	<size>
		<width>3008</width>
		<height>2000</height>
		<depth>3</depth>
	</size>
	<object>
		<name>ref_spoon</name>
		<bndbox>
			<xmin>1644</xmin>
			<ymin>448</ymin>
			<xmax>1899</xmax>
			<ymax>845</ymax>
		</bndbox>
	</object>
	<object>
		<name>ref_fork</name>
		<bndbox>
			<xmin>1958</xmin>
			<ymin>477</ymin>
			<xmax>2134</xmax>
			<ymax>887</ymax>
		</bndbox>
	</object>
	<object>
		<name>ref_coin</name>
		<bndbox>
			<xmin>201</xmin>
			<ymin>410</ymin>
			<xmax>389</xmax>
			<ymax>590</ymax>
		</bndbox>
	</object>
	<object>
		<name>dish</name>
		<bndbox>
			<xmin>439</xmin>
			<ymin>464</ymin>
			<xmax>1590</xmax>
			<ymax>1573</ymax>
		</bndbox>
	</object>
	<object>
		<name>카레라이스</name>
		<bndbox>
			<xmin>531</xmin>
			<ymin>582</ymin>
			<xmax>1514</xmax>
			<ymax>1515</ymax>
		</bndbox>
	</object>
</annotation>