<annotation>
	<folder>side생선조림접시코다리조림q4</folder>
	<filename>side_생선조림_접시_코다리조림_Q4_00033.JPG</filename>
	<path>/side생선조림접시코다리조림q4/side_생선조림_접시_코다리조림_Q4_00033.JPG</path>
	<source>
		<database>fooddata</database>
	</source>
	<size>
		<width>3008</width>
		<height>2000</height>
		<depth>3</depth>
	</size>
	<object>
		<name>ref_spoon</name>
		<bndbox>
			<xmin>439</xmin>
			<ymin>114</ymin>
			<xmax>725</xmax>
			<ymax>543</ymax>
		</bndbox>
	</object>
	<object>
		<name>ref_fork</name>
		<bndbox>
			<xmin>824</xmin>
			<ymin>141</ymin>
			<xmax>1038</xmax>
			<ymax>642</ymax>
		</bndbox>
	</object>
	<object>
		<name>ref_coin</name>
		<bndbox>
			<xmin>1065</xmin>
			<ymin>1492</ymin>
			<xmax>1307</xmax>
			<ymax>1689</ymax>
		</bndbox>
	</object>
	<object>
		<name>dish</name>
		<bndbox>
			<xmin>1030</xmin>
			<ymin>230</ymin>
			<xmax>2489</xmax>
			<ymax>1295</ymax>
		</bndbox>
	</object>
	<object>
		<name>코다리조림</name>
		<bndbox>
			<xmin>1379</xmin>
			<ymin>482</ymin>
			<xmax>2235</xmax>
			<ymax>969</ymax>
		</bndbox>
	</object>
</annotation>