<annotation>
	<folder>side생선조림접시코다리조림q4</folder>
	<filename>side_생선조림_접시_코다리조림_Q4_00049.JPG</filename>
	<path>/side생선조림접시코다리조림q4/side_생선조림_접시_코다리조림_Q4_00049.JPG</path>
	<source>
		<database>fooddata</database>
	</source>
	<size>
		<width>3008</width>
		<height>2000</height>
		<depth>3</depth>
	</size>
	<object>
		<name>ref_spoon</name>
		<bndbox>
			<xmin>90</xmin>
			<ymin>320</ymin>
			<xmax>421</xmax>
			<ymax>812</ymax>
		</bndbox>
	</object>
	<object>
		<name>ref_fork</name>
		<bndbox>
			<xmin>519</xmin>
			<ymin>355</ymin>
			<xmax>734</xmax>
			<ymax>928</ymax>
		</bndbox>
	</object>
	<object>
		<name>ref_coin</name>
		<bndbox>
			<xmin>1155</xmin>
			<ymin>96</ymin>
			<xmax>1397</xmax>
			<ymax>275</ymax>
		</bndbox>
	</object>
	<object>
		<name>dish</name>
		<bndbox>
			<xmin>958</xmin>
			<ymin>418</ymin>
			<xmax>2704</xmax>
			<ymax>1707</ymax>
		</bndbox>
	</object>
	<object>
		<name>코다리조림</name>
		<bndbox>
			<xmin>1490</xmin>
			<ymin>583</ymin>
			<xmax>2335</xmax>
			<ymax>1181</ymax>
		</bndbox>
	</object>
</annotation>