<annotation>
	<folder>side생선조림접시코다리조림q4</folder>
	<filename>side_생선조림_접시_코다리조림_Q4_00054.JPG</filename>
	<path>/side생선조림접시코다리조림q4/side_생선조림_접시_코다리조림_Q4_00054.JPG</path>
	<source>
		<database>fooddata</database>
	</source>
	<size>
		<width>3008</width>
		<height>2000</height>
		<depth>3</depth>
	</size>
	<object>
		<name>ref_spoon</name>
		<bndbox>
			<xmin>278</xmin>
			<ymin>87</ymin>
			<xmax>600</xmax>
			<ymax>588</ymax>
		</bndbox>
	</object>
	<object>
		<name>ref_fork</name>
		<bndbox>
			<xmin>689</xmin>
			<ymin>123</ymin>
			<xmax>940</xmax>
			<ymax>660</ymax>
		</bndbox>
	</object>
	<object>
		<name>ref_coin</name>
		<bndbox>
			<xmin>850</xmin>
			<ymin>1564</ymin>
			<xmax>1110</xmax>
			<ymax>1779</ymax>
		</bndbox>
	</object>
	<object>
		<name>dish</name>
		<bndbox>
			<xmin>1038</xmin>
			<ymin>203</ymin>
			<xmax>2677</xmax>
			<ymax>1412</ymax>
		</bndbox>
	</object>
	<object>
		<name>코다리조림</name>
		<bndbox>
			<xmin>1462</xmin>
			<ymin>529</ymin>
			<xmax>2462</xmax>
			<ymax>1271</ymax>
		</bndbox>
	</object>
</annotation>