<annotation>
	<folder>side생선조림접시코다리조림q4</folder>
	<filename>side_생선조림_접시_코다리조림_Q4_00009.JPG</filename>
	<path>/side생선조림접시코다리조림q4/side_생선조림_접시_코다리조림_Q4_00009.JPG</path>
	<source>
		<database>fooddata</database>
	</source>
	<size>
		<width>3008</width>
		<height>2000</height>
		<depth>3</depth>
	</size>
	<object>
		<name>ref_spoon</name>
		<bndbox>
			<xmin>2077</xmin>
			<ymin>508</ymin>
			<xmax>2346</xmax>
			<ymax>928</ymax>
		</bndbox>
	</object>
	<object>
		<name>ref_fork</name>
		<bndbox>
			<xmin>2462</xmin>
			<ymin>534</ymin>
			<xmax>2650</xmax>
			<ymax>991</ymax>
		</bndbox>
	</object>
	<object>
		<name>ref_coin</name>
		<bndbox>
			<xmin>188</xmin>
			<ymin>893</ymin>
			<xmax>385</xmax>
			<ymax>1072</ymax>
		</bndbox>
	</object>
	<object>
		<name>dish</name>
		<bndbox>
			<xmin>555</xmin>
			<ymin>400</ymin>
			<xmax>1996</xmax>
			<ymax>1421</ymax>
		</bndbox>
	</object>
	<object>
		<name>코다리조림</name>
		<bndbox>
			<xmin>836</xmin>
			<ymin>570</ymin>
			<xmax>1626</xmax>
			<ymax>1036</ymax>
		</bndbox>
	</object>
</annotation>