<annotation>
	<folder>side생선조림접시코다리조림q4</folder>
	<filename>side_생선조림_접시_코다리조림_Q4_00031.JPG</filename>
	<path>/side생선조림접시코다리조림q4/side_생선조림_접시_코다리조림_Q4_00031.JPG</path>
	<source>
		<database>fooddata</database>
	</source>
	<size>
		<width>3008</width>
		<height>2000</height>
		<depth>3</depth>
	</size>
	<object>
		<name>ref_spoon</name>
		<bndbox>
			<xmin>573</xmin>
			<ymin>1367</ymin>
			<xmax>1092</xmax>
			<ymax>1654</ymax>
		</bndbox>
	</object>
	<object>
		<name>ref_fork</name>
		<bndbox>
			<xmin>654</xmin>
			<ymin>1116</ymin>
			<xmax>1226</xmax>
			<ymax>1367</ymax>
		</bndbox>
	</object>
	<object>
		<name>ref_coin</name>
		<bndbox>
			<xmin>609</xmin>
			<ymin>794</ymin>
			<xmax>859</xmax>
			<ymax>964</ymax>
		</bndbox>
	</object>
	<object>
		<name>dish</name>
		<bndbox>
			<xmin>958</xmin>
			<ymin>51</ymin>
			<xmax>2354</xmax>
			<ymax>1063</ymax>
		</bndbox>
	</object>
	<object>
		<name>코다리조림</name>
		<bndbox>
			<xmin>1316</xmin>
			<ymin>212</ymin>
			<xmax>1957</xmax>
			<ymax>877</ymax>
		</bndbox>
	</object>
</annotation>