<annotation>
	<folder>side생선조림접시코다리조림q4</folder>
	<filename>side_생선조림_접시_코다리조림_Q4_00024.JPG</filename>
	<path>/side생선조림접시코다리조림q4/side_생선조림_접시_코다리조림_Q4_00024.JPG</path>
	<source>
		<database>fooddata</database>
	</source>
	<size>
		<width>3008</width>
		<height>2000</height>
		<depth>3</depth>
	</size>
	<object>
		<name>ref_spoon</name>
		<bndbox>
			<xmin>645</xmin>
			<ymin>1483</ymin>
			<xmax>1146</xmax>
			<ymax>1752</ymax>
		</bndbox>
	</object>
	<object>
		<name>ref_fork</name>
		<bndbox>
			<xmin>689</xmin>
			<ymin>1269</ymin>
			<xmax>1244</xmax>
			<ymax>1483</ymax>
		</bndbox>
	</object>
	<object>
		<name>ref_coin</name>
		<bndbox>
			<xmin>1146</xmin>
			<ymin>114</ymin>
			<xmax>1316</xmax>
			<ymax>257</ymax>
		</bndbox>
	</object>
	<object>
		<name>dish</name>
		<bndbox>
			<xmin>859</xmin>
			<ymin>293</ymin>
			<xmax>2068</xmax>
			<ymax>1134</ymax>
		</bndbox>
	</object>
	<object>
		<name>코다리조림</name>
		<bndbox>
			<xmin>1246</xmin>
			<ymin>467</ymin>
			<xmax>1701</xmax>
			<ymax>970</ymax>
		</bndbox>
	</object>
</annotation>