<annotation>
	<folder>top생선조림접시코다리조림q4</folder>
	<filename>top_생선조림_접시_코다리조림_Q4_00029.JPG</filename>
	<path>/top생선조림접시코다리조림q4/top_생선조림_접시_코다리조림_Q4_00029.JPG</path>
	<source>
		<database>fooddata</database>
	</source>
	<size>
		<width>3008</width>
		<height>2000</height>
		<depth>3</depth>
	</size>
	<object>
		<name>ref_spoon</name>
		<bndbox>
			<xmin>977</xmin>
			<ymin>1648</ymin>
			<xmax>1401</xmax>
			<ymax>1915</ymax>
		</bndbox>
	</object>
	<object>
		<name>ref_fork</name>
		<bndbox>
			<xmin>980</xmin>
			<ymin>1398</ymin>
			<xmax>1409</xmax>
			<ymax>1573</ymax>
		</bndbox>
	</object>
	<object>
		<name>ref_coin</name>
		<bndbox>
			<xmin>730</xmin>
			<ymin>517</ymin>
			<xmax>902</xmax>
			<ymax>684</ymax>
		</bndbox>
	</object>
	<object>
		<name>dish</name>
		<bndbox>
			<xmin>1064</xmin>
			<ymin>134</ymin>
			<xmax>2273</xmax>
			<ymax>1329</ymax>
		</bndbox>
	</object>
	<object>
		<name>코다리조림</name>
		<bndbox>
			<xmin>1265</xmin>
			<ymin>504</ymin>
			<xmax>1980</xmax>
			<ymax>1075</ymax>
		</bndbox>
	</object>
</annotation>