<annotation>
	<folder>top생선조림접시코다리조림q4</folder>
	<filename>top_생선조림_접시_코다리조림_Q4_00002.JPG</filename>
	<path>/top생선조림접시코다리조림q4/top_생선조림_접시_코다리조림_Q4_00002.JPG</path>
	<source>
		<database>fooddata</database>
	</source>
	<size>
		<width>3008</width>
		<height>2000</height>
		<depth>3</depth>
	</size>
	<object>
		<name>ref_spoon</name>
		<bndbox>
			<xmin>1867</xmin>
			<ymin>98</ymin>
			<xmax>2139</xmax>
			<ymax>576</ymax>
		</bndbox>
	</object>
	<object>
		<name>ref_fork</name>
		<bndbox>
			<xmin>2257</xmin>
			<ymin>126</ymin>
			<xmax>2453</xmax>
			<ymax>560</ymax>
		</bndbox>
	</object>
	<object>
		<name>ref_coin</name>
		<bndbox>
			<xmin>1190</xmin>
			<ymin>1620</ymin>
			<xmax>1406</xmax>
			<ymax>1841</ymax>
		</bndbox>
	</object>
	<object>
		<name>dish</name>
		<bndbox>
			<xmin>242</xmin>
			<ymin>46</ymin>
			<xmax>1720</xmax>
			<ymax>1494</ymax>
		</bndbox>
	</object>
	<object>
		<name>코다리조림</name>
		<bndbox>
			<xmin>648</xmin>
			<ymin>393</ymin>
			<xmax>1486</xmax>
			<ymax>1082</ymax>
		</bndbox>
	</object>
</annotation>