<annotation>
	<folder>top생선조림접시코다리조림q4</folder>
	<filename>top_생선조림_접시_코다리조림_Q4_00024.JPG</filename>
	<path>/top생선조림접시코다리조림q4/top_생선조림_접시_코다리조림_Q4_00024.JPG</path>
	<source>
		<database>fooddata</database>
	</source>
	<size>
		<width>3008</width>
		<height>2000</height>
		<depth>3</depth>
	</size>
	<object>
		<name>ref_spoon</name>
		<bndbox>
			<xmin>928</xmin>
			<ymin>1653</ymin>
			<xmax>1429</xmax>
			<ymax>1926</ymax>
		</bndbox>
	</object>
	<object>
		<name>ref_fork</name>
		<bndbox>
			<xmin>918</xmin>
			<ymin>1388</ymin>
			<xmax>1383</xmax>
			<ymax>1578</ymax>
		</bndbox>
	</object>
	<object>
		<name>ref_coin</name>
		<bndbox>
			<xmin>645</xmin>
			<ymin>537</ymin>
			<xmax>823</xmax>
			<ymax>717</ymax>
		</bndbox>
	</object>
	<object>
		<name>dish</name>
		<bndbox>
			<xmin>980</xmin>
			<ymin>80</ymin>
			<xmax>2219</xmax>
			<ymax>1311</ymax>
		</bndbox>
	</object>
	<object>
		<name>코다리조림</name>
		<bndbox>
			<xmin>1283</xmin>
			<ymin>339</ymin>
			<xmax>2016</xmax>
			<ymax>915</ymax>
		</bndbox>
	</object>
</annotation>