<annotation>
	<folder>top생선조림접시코다리조림q4</folder>
	<filename>top_생선조림_접시_코다리조림_Q4_00031.JPG</filename>
	<path>/top생선조림접시코다리조림q4/top_생선조림_접시_코다리조림_Q4_00031.JPG</path>
	<source>
		<database>fooddata</database>
	</source>
	<size>
		<width>3008</width>
		<height>2000</height>
		<depth>3</depth>
	</size>
	<object>
		<name>ref_spoon</name>
		<bndbox>
			<xmin>926</xmin>
			<ymin>1614</ymin>
			<xmax>1334</xmax>
			<ymax>1884</ymax>
		</bndbox>
	</object>
	<object>
		<name>ref_fork</name>
		<bndbox>
			<xmin>928</xmin>
			<ymin>1357</ymin>
			<xmax>1386</xmax>
			<ymax>1530</ymax>
		</bndbox>
	</object>
	<object>
		<name>ref_coin</name>
		<bndbox>
			<xmin>805</xmin>
			<ymin>1026</ymin>
			<xmax>987</xmax>
			<ymax>1211</ymax>
		</bndbox>
	</object>
	<object>
		<name>dish</name>
		<bndbox>
			<xmin>1000</xmin>
			<ymin>77</ymin>
			<xmax>2167</xmax>
			<ymax>1247</ymax>
		</bndbox>
	</object>
	<object>
		<name>코다리조림</name>
		<bndbox>
			<xmin>1183</xmin>
			<ymin>262</ymin>
			<xmax>1841</xmax>
			<ymax>982</ymax>
		</bndbox>
	</object>
</annotation>