<annotation>
	<folder>top생선조림접시코다리조림q4</folder>
	<filename>top_생선조림_접시_코다리조림_Q4_00052.JPG</filename>
	<path>/top생선조림접시코다리조림q4/top_생선조림_접시_코다리조림_Q4_00052.JPG</path>
	<source>
		<database>fooddata</database>
	</source>
	<size>
		<width>3008</width>
		<height>2000</height>
		<depth>3</depth>
	</size>
	<object>
		<name>ref_spoon</name>
		<bndbox>
			<xmin>134</xmin>
			<ymin>221</ymin>
			<xmax>442</xmax>
			<ymax>725</ymax>
		</bndbox>
	</object>
	<object>
		<name>ref_fork</name>
		<bndbox>
			<xmin>553</xmin>
			<ymin>265</ymin>
			<xmax>766</xmax>
			<ymax>805</ymax>
		</bndbox>
	</object>
	<object>
		<name>ref_coin</name>
		<bndbox>
			<xmin>2633</xmin>
			<ymin>442</ymin>
			<xmax>2843</xmax>
			<ymax>658</ymax>
		</bndbox>
	</object>
	<object>
		<name>dish</name>
		<bndbox>
			<xmin>938</xmin>
			<ymin>321</ymin>
			<xmax>2358</xmax>
			<ymax>1748</ymax>
		</bndbox>
	</object>
	<object>
		<name>코다리조림</name>
		<bndbox>
			<xmin>1177</xmin>
			<ymin>599</ymin>
			<xmax>2067</xmax>
			<ymax>1501</ymax>
		</bndbox>
	</object>
</annotation>