<annotation>
	<folder>top생선조림접시코다리조림q4</folder>
	<filename>top_생선조림_접시_코다리조림_Q4_00003.JPG</filename>
	<path>/top생선조림접시코다리조림q4/top_생선조림_접시_코다리조림_Q4_00003.JPG</path>
	<source>
		<database>fooddata</database>
	</source>
	<size>
		<width>3008</width>
		<height>2000</height>
		<depth>3</depth>
	</size>
	<object>
		<name>ref_spoon</name>
		<bndbox>
			<xmin>1895</xmin>
			<ymin>249</ymin>
			<xmax>2139</xmax>
			<ymax>671</ymax>
		</bndbox>
	</object>
	<object>
		<name>ref_fork</name>
		<bndbox>
			<xmin>2237</xmin>
			<ymin>262</ymin>
			<xmax>2417</xmax>
			<ymax>679</ymax>
		</bndbox>
	</object>
	<object>
		<name>ref_coin</name>
		<bndbox>
			<xmin>1129</xmin>
			<ymin>1671</ymin>
			<xmax>1314</xmax>
			<ymax>1866</ymax>
		</bndbox>
	</object>
	<object>
		<name>dish</name>
		<bndbox>
			<xmin>450</xmin>
			<ymin>211</ymin>
			<xmax>1764</xmax>
			<ymax>1504</ymax>
		</bndbox>
	</object>
	<object>
		<name>코다리조림</name>
		<bndbox>
			<xmin>854</xmin>
			<ymin>455</ymin>
			<xmax>1494</xmax>
			<ymax>1105</ymax>
		</bndbox>
	</object>
</annotation>