<annotation>
	<folder>top생선조림접시코다리조림q4</folder>
	<filename>top_생선조림_접시_코다리조림_Q4_00014.JPG</filename>
	<path>/top생선조림접시코다리조림q4/top_생선조림_접시_코다리조림_Q4_00014.JPG</path>
	<source>
		<database>fooddata</database>
	</source>
	<size>
		<width>3008</width>
		<height>2000</height>
		<depth>3</depth>
	</size>
	<object>
		<name>ref_spoon</name>
		<bndbox>
			<xmin>1831</xmin>
			<ymin>208</ymin>
			<xmax>2116</xmax>
			<ymax>717</ymax>
		</bndbox>
	</object>
	<object>
		<name>ref_fork</name>
		<bndbox>
			<xmin>2229</xmin>
			<ymin>221</ymin>
			<xmax>2437</xmax>
			<ymax>763</ymax>
		</bndbox>
	</object>
	<object>
		<name>ref_coin</name>
		<bndbox>
			<xmin>2604</xmin>
			<ymin>1291</ymin>
			<xmax>2802</xmax>
			<ymax>1501</ymax>
		</bndbox>
	</object>
	<object>
		<name>dish</name>
		<bndbox>
			<xmin>98</xmin>
			<ymin>260</ymin>
			<xmax>1635</xmax>
			<ymax>1769</ymax>
		</bndbox>
	</object>
	<object>
		<name>코다리조림</name>
		<bndbox>
			<xmin>555</xmin>
			<ymin>632</ymin>
			<xmax>1260</xmax>
			<ymax>1517</ymax>
		</bndbox>
	</object>
</annotation>