<annotation>
	<folder>top생선조림접시코다리조림q4</folder>
	<filename>top_생선조림_접시_코다리조림_Q4_00032.JPG</filename>
	<path>/top생선조림접시코다리조림q4/top_생선조림_접시_코다리조림_Q4_00032.JPG</path>
	<source>
		<database>fooddata</database>
	</source>
	<size>
		<width>3008</width>
		<height>2000</height>
		<depth>3</depth>
	</size>
	<object>
		<name>ref_spoon</name>
		<bndbox>
			<xmin>938</xmin>
			<ymin>1622</ymin>
			<xmax>1365</xmax>
			<ymax>1895</ymax>
		</bndbox>
	</object>
	<object>
		<name>ref_fork</name>
		<bndbox>
			<xmin>964</xmin>
			<ymin>1368</ymin>
			<xmax>1447</xmax>
			<ymax>1548</ymax>
		</bndbox>
	</object>
	<object>
		<name>ref_coin</name>
		<bndbox>
			<xmin>774</xmin>
			<ymin>594</ymin>
			<xmax>954</xmax>
			<ymax>776</ymax>
		</bndbox>
	</object>
	<object>
		<name>dish</name>
		<bndbox>
			<xmin>1059</xmin>
			<ymin>69</ymin>
			<xmax>2283</xmax>
			<ymax>1288</ymax>
		</bndbox>
	</object>
	<object>
		<name>코다리조림</name>
		<bndbox>
			<xmin>1332</xmin>
			<ymin>321</ymin>
			<xmax>1933</xmax>
			<ymax>977</ymax>
		</bndbox>
	</object>
</annotation>