<annotation>
	<folder>top생선조림접시코다리조림q4</folder>
	<filename>top_생선조림_접시_코다리조림_Q4_00030.JPG</filename>
	<path>/top생선조림접시코다리조림q4/top_생선조림_접시_코다리조림_Q4_00030.JPG</path>
	<source>
		<database>fooddata</database>
	</source>
	<size>
		<width>3008</width>
		<height>2000</height>
		<depth>3</depth>
	</size>
	<object>
		<name>ref_spoon</name>
		<bndbox>
			<xmin>928</xmin>
			<ymin>1617</ymin>
			<xmax>1324</xmax>
			<ymax>1869</ymax>
		</bndbox>
	</object>
	<object>
		<name>ref_fork</name>
		<bndbox>
			<xmin>936</xmin>
			<ymin>1365</ymin>
			<xmax>1329</xmax>
			<ymax>1535</ymax>
		</bndbox>
	</object>
	<object>
		<name>ref_coin</name>
		<bndbox>
			<xmin>828</xmin>
			<ymin>116</ymin>
			<xmax>1003</xmax>
			<ymax>278</ymax>
		</bndbox>
	</object>
	<object>
		<name>dish</name>
		<bndbox>
			<xmin>1031</xmin>
			<ymin>203</ymin>
			<xmax>2142</xmax>
			<ymax>1293</ymax>
		</bndbox>
	</object>
	<object>
		<name>코다리조림</name>
		<bndbox>
			<xmin>1180</xmin>
			<ymin>398</ymin>
			<xmax>1854</xmax>
			<ymax>1003</ymax>
		</bndbox>
	</object>
</annotation>