<annotation>
	<folder>top생선조림접시코다리조림q4</folder>
	<filename>top_생선조림_접시_코다리조림_Q4_00026.JPG</filename>
	<path>/top생선조림접시코다리조림q4/top_생선조림_접시_코다리조림_Q4_00026.JPG</path>
	<source>
		<database>fooddata</database>
	</source>
	<size>
		<width>3008</width>
		<height>2000</height>
		<depth>3</depth>
	</size>
	<object>
		<name>ref_spoon</name>
		<bndbox>
			<xmin>841</xmin>
			<ymin>1638</ymin>
			<xmax>1283</xmax>
			<ymax>1913</ymax>
		</bndbox>
	</object>
	<object>
		<name>ref_fork</name>
		<bndbox>
			<xmin>846</xmin>
			<ymin>1380</ymin>
			<xmax>1278</xmax>
			<ymax>1566</ymax>
		</bndbox>
	</object>
	<object>
		<name>ref_coin</name>
		<bndbox>
			<xmin>658</xmin>
			<ymin>1010</ymin>
			<xmax>838</xmax>
			<ymax>1183</ymax>
		</bndbox>
	</object>
	<object>
		<name>dish</name>
		<bndbox>
			<xmin>877</xmin>
			<ymin>100</ymin>
			<xmax>2039</xmax>
			<ymax>1242</ymax>
		</bndbox>
	</object>
	<object>
		<name>코다리조림</name>
		<bndbox>
			<xmin>1231</xmin>
			<ymin>388</ymin>
			<xmax>1877</xmax>
			<ymax>1077</ymax>
		</bndbox>
	</object>
</annotation>