<annotation>
	<folder>top생선조림접시코다리조림q4</folder>
	<filename>top_생선조림_접시_코다리조림_Q4_00043.JPG</filename>
	<path>/top생선조림접시코다리조림q4/top_생선조림_접시_코다리조림_Q4_00043.JPG</path>
	<source>
		<database>fooddata</database>
	</source>
	<size>
		<width>3008</width>
		<height>2000</height>
		<depth>3</depth>
	</size>
	<object>
		<name>ref_spoon</name>
		<bndbox>
			<xmin>345</xmin>
			<ymin>602</ymin>
			<xmax>620</xmax>
			<ymax>1039</ymax>
		</bndbox>
	</object>
	<object>
		<name>ref_fork</name>
		<bndbox>
			<xmin>733</xmin>
			<ymin>640</ymin>
			<xmax>923</xmax>
			<ymax>1113</ymax>
		</bndbox>
	</object>
	<object>
		<name>ref_coin</name>
		<bndbox>
			<xmin>1717</xmin>
			<ymin>110</ymin>
			<xmax>1910</xmax>
			<ymax>303</ymax>
		</bndbox>
	</object>
	<object>
		<name>dish</name>
		<bndbox>
			<xmin>1129</xmin>
			<ymin>509</ymin>
			<xmax>2419</xmax>
			<ymax>1794</ymax>
		</bndbox>
	</object>
	<object>
		<name>코다리조림</name>
		<bndbox>
			<xmin>1406</xmin>
			<ymin>825</ymin>
			<xmax>2108</xmax>
			<ymax>1424</ymax>
		</bndbox>
	</object>
</annotation>