<annotation>
	<folder>side비빔밥덮밥류원형배달카레라이스q2</folder>
	<filename>side_비빔밥덮밥류_원형배달_카레라이스_Q2_00039.JPG</filename>
	<path>/side비빔밥덮밥류원형배달카레라이스q2/side_비빔밥덮밥류_원형배달_카레라이스_Q2_00039.JPG</path>
	<source>
		<database>fooddata</database>
	</source>
	<size>
		<width>3008</width>
		<height>2000</height>
		<depth>3</depth>
	</size>
	<object>
		<name>ref_spoon</name>
		<bndbox>
			<xmin>454</xmin>
			<ymin>347</ymin>
			<xmax>756</xmax>
			<ymax>720</ymax>
		</bndbox>
	</object>
	<object>
		<name>ref_fork</name>
		<bndbox>
			<xmin>880</xmin>
			<ymin>429</ymin>
			<xmax>1082</xmax>
			<ymax>862</ymax>
		</bndbox>
	</object>
	<object>
		<name>ref_coin</name>
		<bndbox>
			<xmin>926</xmin>
			<ymin>1688</ymin>
			<xmax>1181</xmax>
			<ymax>1876</ymax>
		</bndbox>
	</object>
	<object>
		<name>dish</name>
		<bndbox>
			<xmin>1185</xmin>
			<ymin>205</ymin>
			<xmax>2575</xmax>
			<ymax>1504</ymax>
		</bndbox>
	</object>
	<object>
		<name>카레라이스</name>
		<bndbox>
			<xmin>1344</xmin>
			<ymin>564</ymin>
			<xmax>2465</xmax>
			<ymax>1067</ymax>
		</bndbox>
	</object>
</annotation>