<annotation>
	<folder>side비빔밥덮밥류원형배달카레라이스q2</folder>
	<filename>side_비빔밥덮밥류_원형배달_카레라이스_Q2_00027.JPG</filename>
	<path>/side비빔밥덮밥류원형배달카레라이스q2/side_비빔밥덮밥류_원형배달_카레라이스_Q2_00027.JPG</path>
	<source>
		<database>fooddata</database>
	</source>
	<size>
		<width>3008</width>
		<height>2000</height>
		<depth>3</depth>
	</size>
	<object>
		<name>ref_spoon</name>
		<bndbox>
			<xmin>121</xmin>
			<ymin>1266</ymin>
			<xmax>344</xmax>
			<ymax>1429</ymax>
		</bndbox>
	</object>
	<object>
		<name>ref_fork</name>
		<bndbox>
			<xmin>553</xmin>
			<ymin>333</ymin>
			<xmax>844</xmax>
			<ymax>684</ymax>
		</bndbox>
	</object>
	<object>
		<name>ref_coin</name>
		<bndbox>
			<xmin>972</xmin>
			<ymin>404</ymin>
			<xmax>1163</xmax>
			<ymax>812</ymax>
		</bndbox>
	</object>
	<object>
		<name>dish</name>
		<bndbox>
			<xmin>1327</xmin>
			<ymin>174</ymin>
			<xmax>2682</xmax>
			<ymax>1447</ymax>
		</bndbox>
	</object>
	<object>
		<name>카레라이스</name>
		<bndbox>
			<xmin>1632</xmin>
			<ymin>557</ymin>
			<xmax>2582</xmax>
			<ymax>1028</ymax>
		</bndbox>
	</object>
</annotation>