<annotation>
	<folder>side비빔밥덮밥류원형배달카레라이스q2</folder>
	<filename>side_비빔밥덮밥류_원형배달_카레라이스_Q2_00052.JPG</filename>
	<path>/side비빔밥덮밥류원형배달카레라이스q2/side_비빔밥덮밥류_원형배달_카레라이스_Q2_00052.JPG</path>
	<source>
		<database>fooddata</database>
	</source>
	<size>
		<width>3008</width>
		<height>2000</height>
		<depth>3</depth>
	</size>
	<object>
		<name>ref_spoon</name>
		<bndbox>
			<xmin>341</xmin>
			<ymin>252</ymin>
			<xmax>649</xmax>
			<ymax>628</ymax>
		</bndbox>
	</object>
	<object>
		<name>ref_fork</name>
		<bndbox>
			<xmin>756</xmin>
			<ymin>322</ymin>
			<xmax>965</xmax>
			<ymax>759</ymax>
		</bndbox>
	</object>
	<object>
		<name>ref_coin</name>
		<bndbox>
			<xmin>1011</xmin>
			<ymin>1450</ymin>
			<xmax>1256</xmax>
			<ymax>1635</ymax>
		</bndbox>
	</object>
	<object>
		<name>dish</name>
		<bndbox>
			<xmin>1107</xmin>
			<ymin>113</ymin>
			<xmax>2483</xmax>
			<ymax>1408</ymax>
		</bndbox>
	</object>
	<object>
		<name>카레라이스</name>
		<bndbox>
			<xmin>1256</xmin>
			<ymin>486</ymin>
			<xmax>2306</xmax>
			<ymax>968</ymax>
		</bndbox>
	</object>
</annotation>