<annotation>
	<folder>side비빔밥덮밥류원형배달카레라이스q2</folder>
	<filename>side_비빔밥덮밥류_원형배달_카레라이스_Q2_00018.JPG</filename>
	<path>/side비빔밥덮밥류원형배달카레라이스q2/side_비빔밥덮밥류_원형배달_카레라이스_Q2_00018.JPG</path>
	<source>
		<database>fooddata</database>
	</source>
	<size>
		<width>3008</width>
		<height>2000</height>
		<depth>3</depth>
	</size>
	<object>
		<name>ref_spoon</name>
		<bndbox>
			<xmin>610</xmin>
			<ymin>1585</ymin>
			<xmax>1054</xmax>
			<ymax>1819</ymax>
		</bndbox>
	</object>
	<object>
		<name>ref_fork</name>
		<bndbox>
			<xmin>826</xmin>
			<ymin>1309</ymin>
			<xmax>1298</xmax>
			<ymax>1529</ymax>
		</bndbox>
	</object>
	<object>
		<name>ref_coin</name>
		<bndbox>
			<xmin>880</xmin>
			<ymin>202</ymin>
			<xmax>1050</xmax>
			<ymax>305</ymax>
		</bndbox>
	</object>
	<object>
		<name>dish</name>
		<bndbox>
			<xmin>1007</xmin>
			<ymin>152</ymin>
			<xmax>2132</xmax>
			<ymax>1192</ymax>
		</bndbox>
	</object>
	<object>
		<name>카레라이스</name>
		<bndbox>
			<xmin>1103</xmin>
			<ymin>418</ymin>
			<xmax>1763</xmax>
			<ymax>816</ymax>
		</bndbox>
	</object>
</annotation>