<annotation>
	<folder>side비빔밥덮밥류원형배달카레라이스q2</folder>
	<filename>side_비빔밥덮밥류_원형배달_카레라이스_Q2_00012.JPG</filename>
	<path>/side비빔밥덮밥류원형배달카레라이스q2/side_비빔밥덮밥류_원형배달_카레라이스_Q2_00012.JPG</path>
	<source>
		<database>fooddata</database>
	</source>
	<size>
		<width>3008</width>
		<height>2000</height>
		<depth>3</depth>
	</size>
	<object>
		<name>ref_spoon</name>
		<bndbox>
			<xmin>468</xmin>
			<ymin>1592</ymin>
			<xmax>933</xmax>
			<ymax>1844</ymax>
		</bndbox>
	</object>
	<object>
		<name>ref_fork</name>
		<bndbox>
			<xmin>695</xmin>
			<ymin>1294</ymin>
			<xmax>1220</xmax>
			<ymax>1525</ymax>
		</bndbox>
	</object>
	<object>
		<name>ref_coin</name>
		<bndbox>
			<xmin>2114</xmin>
			<ymin>1110</ymin>
			<xmax>2316</xmax>
			<ymax>1252</ymax>
		</bndbox>
	</object>
	<object>
		<name>dish</name>
		<bndbox>
			<xmin>759</xmin>
			<ymin>138</ymin>
			<xmax>1979</xmax>
			<ymax>1262</ymax>
		</bndbox>
	</object>
	<object>
		<name>카레라이스</name>
		<bndbox>
			<xmin>1110</xmin>
			<ymin>471</ymin>
			<xmax>1862</xmax>
			<ymax>883</ymax>
		</bndbox>
	</object>
</annotation>