<annotation>
	<folder>top비빔밥덮밥류원형배달카레라이스q2</folder>
	<filename>top_비빔밥덮밥류_원형배달_카레라이스_Q2_00052.JPG</filename>
	<path>/top비빔밥덮밥류원형배달카레라이스q2/top_비빔밥덮밥류_원형배달_카레라이스_Q2_00052.JPG</path>
	<source>
		<database>fooddata</database>
	</source>
	<size>
		<width>3008</width>
		<height>2000</height>
		<depth>3</depth>
	</size>
	<object>
		<name>ref_spoon</name>
		<bndbox>
			<xmin>1044</xmin>
			<ymin>233</ymin>
			<xmax>1297</xmax>
			<ymax>613</ymax>
		</bndbox>
	</object>
	<object>
		<name>ref_fork</name>
		<bndbox>
			<xmin>728</xmin>
			<ymin>274</ymin>
			<xmax>904</xmax>
			<ymax>699</ymax>
		</bndbox>
	</object>
	<object>
		<name>ref_coin</name>
		<bndbox>
			<xmin>344</xmin>
			<ymin>1293</ymin>
			<xmax>532</xmax>
			<ymax>1481</ymax>
		</bndbox>
	</object>
	<object>
		<name>dish</name>
		<bndbox>
			<xmin>1310</xmin>
			<ymin>507</ymin>
			<xmax>2435</xmax>
			<ymax>1600</ymax>
		</bndbox>
	</object>
	<object>
		<name>카레라이스</name>
		<bndbox>
			<xmin>1383</xmin>
			<ymin>658</ymin>
			<xmax>2341</xmax>
			<ymax>1559</ymax>
		</bndbox>
	</object>
</annotation>