<annotation>
	<folder>top비빔밥덮밥류원형배달카레라이스q2</folder>
	<filename>top_비빔밥덮밥류_원형배달_카레라이스_Q2_00003.JPG</filename>
	<path>/top비빔밥덮밥류원형배달카레라이스q2/top_비빔밥덮밥류_원형배달_카레라이스_Q2_00003.JPG</path>
	<source>
		<database>fooddata</database>
	</source>
	<size>
		<width>3008</width>
		<height>2000</height>
		<depth>3</depth>
	</size>
	<object>
		<name>ref_spoon</name>
		<bndbox>
			<xmin>1776</xmin>
			<ymin>253</ymin>
			<xmax>2038</xmax>
			<ymax>654</ymax>
		</bndbox>
	</object>
	<object>
		<name>ref_fork</name>
		<bndbox>
			<xmin>2177</xmin>
			<ymin>306</ymin>
			<xmax>2361</xmax>
			<ymax>756</ymax>
		</bndbox>
	</object>
	<object>
		<name>ref_coin</name>
		<bndbox>
			<xmin>761</xmin>
			<ymin>1522</ymin>
			<xmax>958</xmax>
			<ymax>1726</ymax>
		</bndbox>
	</object>
	<object>
		<name>dish</name>
		<bndbox>
			<xmin>528</xmin>
			<ymin>233</ymin>
			<xmax>1723</xmax>
			<ymax>1399</ymax>
		</bndbox>
	</object>
	<object>
		<name>카레라이스</name>
		<bndbox>
			<xmin>606</xmin>
			<ymin>429</ymin>
			<xmax>1424</xmax>
			<ymax>1362</ymax>
		</bndbox>
	</object>
</annotation>