<annotation>
	<folder>top비빔밥덮밥류원형배달카레라이스q2</folder>
	<filename>top_비빔밥덮밥류_원형배달_카레라이스_Q2_00043.JPG</filename>
	<path>/top비빔밥덮밥류원형배달카레라이스q2/top_비빔밥덮밥류_원형배달_카레라이스_Q2_00043.JPG</path>
	<source>
		<database>fooddata</database>
	</source>
	<size>
		<width>3008</width>
		<height>2000</height>
		<depth>3</depth>
	</size>
	<object>
		<name>ref_spoon</name>
		<bndbox>
			<xmin>855</xmin>
			<ymin>290</ymin>
			<xmax>1117</xmax>
			<ymax>662</ymax>
		</bndbox>
	</object>
	<object>
		<name>ref_fork</name>
		<bndbox>
			<xmin>540</xmin>
			<ymin>323</ymin>
			<xmax>720</xmax>
			<ymax>740</ymax>
		</bndbox>
	</object>
	<object>
		<name>ref_coin</name>
		<bndbox>
			<xmin>1723</xmin>
			<ymin>159</ymin>
			<xmax>1903</xmax>
			<ymax>335</ymax>
		</bndbox>
	</object>
	<object>
		<name>dish</name>
		<bndbox>
			<xmin>1125</xmin>
			<ymin>593</ymin>
			<xmax>2222</xmax>
			<ymax>1669</ymax>
		</bndbox>
	</object>
	<object>
		<name>카레라이스</name>
		<bndbox>
			<xmin>1195</xmin>
			<ymin>810</ymin>
			<xmax>2108</xmax>
			<ymax>1624</ymax>
		</bndbox>
	</object>
</annotation>