<annotation>
	<folder>top비빔밥덮밥류원형배달카레라이스q2</folder>
	<filename>top_비빔밥덮밥류_원형배달_카레라이스_Q2_00041.JPG</filename>
	<path>/top비빔밥덮밥류원형배달카레라이스q2/top_비빔밥덮밥류_원형배달_카레라이스_Q2_00041.JPG</path>
	<source>
		<database>fooddata</database>
	</source>
	<size>
		<width>3008</width>
		<height>2000</height>
		<depth>3</depth>
	</size>
	<object>
		<name>ref_spoon</name>
		<bndbox>
			<xmin>786</xmin>
			<ymin>540</ymin>
			<xmax>1035</xmax>
			<ymax>924</ymax>
		</bndbox>
	</object>
	<object>
		<name>ref_fork</name>
		<bndbox>
			<xmin>483</xmin>
			<ymin>609</ymin>
			<xmax>655</xmax>
			<ymax>1010</ymax>
		</bndbox>
	</object>
	<object>
		<name>ref_coin</name>
		<bndbox>
			<xmin>1101</xmin>
			<ymin>204</ymin>
			<xmax>1281</xmax>
			<ymax>380</ymax>
		</bndbox>
	</object>
	<object>
		<name>dish</name>
		<bndbox>
			<xmin>1113</xmin>
			<ymin>838</ymin>
			<xmax>2194</xmax>
			<ymax>1890</ymax>
		</bndbox>
	</object>
	<object>
		<name>카레라이스</name>
		<bndbox>
			<xmin>1277</xmin>
			<ymin>982</ymin>
			<xmax>2087</xmax>
			<ymax>1853</ymax>
		</bndbox>
	</object>
</annotation>