<annotation>
	<folder>top비빔밥덮밥류원형배달카레라이스q2</folder>
	<filename>top_비빔밥덮밥류_원형배달_카레라이스_Q2_00006.JPG</filename>
	<path>/top비빔밥덮밥류원형배달카레라이스q2/top_비빔밥덮밥류_원형배달_카레라이스_Q2_00006.JPG</path>
	<source>
		<database>fooddata</database>
	</source>
	<size>
		<width>3008</width>
		<height>2000</height>
		<depth>3</depth>
	</size>
	<object>
		<name>ref_spoon</name>
		<bndbox>
			<xmin>1895</xmin>
			<ymin>216</ymin>
			<xmax>2169</xmax>
			<ymax>605</ymax>
		</bndbox>
	</object>
	<object>
		<name>ref_fork</name>
		<bndbox>
			<xmin>2292</xmin>
			<ymin>282</ymin>
			<xmax>2492</xmax>
			<ymax>736</ymax>
		</bndbox>
	</object>
	<object>
		<name>ref_coin</name>
		<bndbox>
			<xmin>315</xmin>
			<ymin>904</ymin>
			<xmax>512</xmax>
			<ymax>1100</ymax>
		</bndbox>
	</object>
	<object>
		<name>dish</name>
		<bndbox>
			<xmin>638</xmin>
			<ymin>265</ymin>
			<xmax>1833</xmax>
			<ymax>1415</ymax>
		</bndbox>
	</object>
	<object>
		<name>카레라이스</name>
		<bndbox>
			<xmin>728</xmin>
			<ymin>380</ymin>
			<xmax>1629</xmax>
			<ymax>1264</ymax>
		</bndbox>
	</object>
</annotation>