<annotation>
	<folder>top비빔밥덮밥류원형배달카레라이스q2</folder>
	<filename>top_비빔밥덮밥류_원형배달_카레라이스_Q2_00047.JPG</filename>
	<path>/top비빔밥덮밥류원형배달카레라이스q2/top_비빔밥덮밥류_원형배달_카레라이스_Q2_00047.JPG</path>
	<source>
		<database>fooddata</database>
	</source>
	<size>
		<width>3008</width>
		<height>2000</height>
		<depth>3</depth>
	</size>
	<object>
		<name>ref_spoon</name>
		<bndbox>
			<xmin>794</xmin>
			<ymin>339</ymin>
			<xmax>1056</xmax>
			<ymax>716</ymax>
		</bndbox>
	</object>
	<object>
		<name>ref_fork</name>
		<bndbox>
			<xmin>483</xmin>
			<ymin>380</ymin>
			<xmax>667</xmax>
			<ymax>789</ymax>
		</bndbox>
	</object>
	<object>
		<name>ref_coin</name>
		<bndbox>
			<xmin>2095</xmin>
			<ymin>1559</ymin>
			<xmax>2284</xmax>
			<ymax>1755</ymax>
		</bndbox>
	</object>
	<object>
		<name>dish</name>
		<bndbox>
			<xmin>921</xmin>
			<ymin>597</ymin>
			<xmax>2026</xmax>
			<ymax>1661</ymax>
		</bndbox>
	</object>
	<object>
		<name>카레라이스</name>
		<bndbox>
			<xmin>1064</xmin>
			<ymin>724</ymin>
			<xmax>1899</xmax>
			<ymax>1604</ymax>
		</bndbox>
	</object>
</annotation>