<annotation>
	<folder>top비빔밥덮밥류원형배달카레라이스q2</folder>
	<filename>top_비빔밥덮밥류_원형배달_카레라이스_Q2_00017.JPG</filename>
	<path>/top비빔밥덮밥류원형배달카레라이스q2/top_비빔밥덮밥류_원형배달_카레라이스_Q2_00017.JPG</path>
	<source>
		<database>fooddata</database>
	</source>
	<size>
		<width>3008</width>
		<height>2000</height>
		<depth>3</depth>
	</size>
	<object>
		<name>ref_spoon</name>
		<bndbox>
			<xmin>548</xmin>
			<ymin>1178</ymin>
			<xmax>925</xmax>
			<ymax>1432</ymax>
		</bndbox>
	</object>
	<object>
		<name>ref_fork</name>
		<bndbox>
			<xmin>532</xmin>
			<ymin>1546</ymin>
			<xmax>941</xmax>
			<ymax>1731</ymax>
		</bndbox>
	</object>
	<object>
		<name>ref_coin</name>
		<bndbox>
			<xmin>2108</xmin>
			<ymin>351</ymin>
			<xmax>2280</xmax>
			<ymax>531</ymax>
		</bndbox>
	</object>
	<object>
		<name>dish</name>
		<bndbox>
			<xmin>851</xmin>
			<ymin>102</ymin>
			<xmax>1915</xmax>
			<ymax>1149</ymax>
		</bndbox>
	</object>
	<object>
		<name>카레라이스</name>
		<bndbox>
			<xmin>1113</xmin>
			<ymin>200</ymin>
			<xmax>1797</xmax>
			<ymax>1084</ymax>
		</bndbox>
	</object>
</annotation>