<annotation>
	<folder>top비빔밥덮밥류원형배달카레라이스q2</folder>
	<filename>top_비빔밥덮밥류_원형배달_카레라이스_Q2_00048.JPG</filename>
	<path>/top비빔밥덮밥류원형배달카레라이스q2/top_비빔밥덮밥류_원형배달_카레라이스_Q2_00048.JPG</path>
	<source>
		<database>fooddata</database>
	</source>
	<size>
		<width>3008</width>
		<height>2000</height>
		<depth>3</depth>
	</size>
	<object>
		<name>ref_spoon</name>
		<bndbox>
			<xmin>769</xmin>
			<ymin>184</ymin>
			<xmax>1035</xmax>
			<ymax>568</ymax>
		</bndbox>
	</object>
	<object>
		<name>ref_fork</name>
		<bndbox>
			<xmin>458</xmin>
			<ymin>224</ymin>
			<xmax>647</xmax>
			<ymax>658</ymax>
		</bndbox>
	</object>
	<object>
		<name>ref_coin</name>
		<bndbox>
			<xmin>1752</xmin>
			<ymin>1726</ymin>
			<xmax>1940</xmax>
			<ymax>1919</ymax>
		</bndbox>
	</object>
	<object>
		<name>dish</name>
		<bndbox>
			<xmin>1007</xmin>
			<ymin>429</ymin>
			<xmax>2120</xmax>
			<ymax>1497</ymax>
		</bndbox>
	</object>
	<object>
		<name>카레라이스</name>
		<bndbox>
			<xmin>1089</xmin>
			<ymin>564</ymin>
			<xmax>1985</xmax>
			<ymax>1448</ymax>
		</bndbox>
	</object>
</annotation>