<annotation>
	<folder>side반찬부피접시어묵볶음q2</folder>
	<filename>side_반찬부피_접시_어묵볶음_Q2_00017.JPG</filename>
	<path>/side반찬부피접시어묵볶음q2/side_반찬부피_접시_어묵볶음_Q2_00017.JPG</path>
	<source>
		<database>fooddata</database>
	</source>
	<size>
		<width>3008</width>
		<height>2000</height>
		<depth>3</depth>
	</size>
	<object>
		<name>ref_spoon</name>
		<bndbox>
			<xmin>1811</xmin>
			<ymin>280</ymin>
			<xmax>2123</xmax>
			<ymax>658</ymax>
		</bndbox>
	</object>
	<object>
		<name>ref_fork</name>
		<bndbox>
			<xmin>2256</xmin>
			<ymin>278</ymin>
			<xmax>2484</xmax>
			<ymax>713</ymax>
		</bndbox>
	</object>
	<object>
		<name>ref_coin</name>
		<bndbox>
			<xmin>2595</xmin>
			<ymin>543</ymin>
			<xmax>2828</xmax>
			<ymax>713</ymax>
		</bndbox>
	</object>
	<object>
		<name>dish</name>
		<bndbox>
			<xmin>234</xmin>
			<ymin>386</ymin>
			<xmax>1870</xmax>
			<ymax>1464</ymax>
		</bndbox>
	</object>
	<object>
		<name>어묵볶음</name>
		<bndbox>
			<xmin>629</xmin>
			<ymin>570</ymin>
			<xmax>1575</xmax>
			<ymax>1238</ymax>
		</bndbox>
	</object>
</annotation>