<annotation>
	<folder>side반찬부피접시어묵볶음q2</folder>
	<filename>side_반찬부피_접시_어묵볶음_Q2_00018.JPG</filename>
	<path>/side반찬부피접시어묵볶음q2/side_반찬부피_접시_어묵볶음_Q2_00018.JPG</path>
	<source>
		<database>fooddata</database>
	</source>
	<size>
		<width>3008</width>
		<height>2000</height>
		<depth>3</depth>
	</size>
	<object>
		<name>ref_spoon</name>
		<bndbox>
			<xmin>602</xmin>
			<ymin>1447</ymin>
			<xmax>1106</xmax>
			<ymax>1754</ymax>
		</bndbox>
	</object>
	<object>
		<name>ref_fork</name>
		<bndbox>
			<xmin>737</xmin>
			<ymin>1179</ymin>
			<xmax>1290</xmax>
			<ymax>1474</ymax>
		</bndbox>
	</object>
	<object>
		<name>ref_coin</name>
		<bndbox>
			<xmin>2570</xmin>
			<ymin>676</ymin>
			<xmax>2801</xmax>
			<ymax>843</ymax>
		</bndbox>
	</object>
	<object>
		<name>dish</name>
		<bndbox>
			<xmin>870</xmin>
			<ymin>140</ymin>
			<xmax>2416</xmax>
			<ymax>1123</ymax>
		</bndbox>
	</object>
	<object>
		<name>어묵볶음</name>
		<bndbox>
			<xmin>1138</xmin>
			<ymin>312</ymin>
			<xmax>2133</xmax>
			<ymax>892</ymax>
		</bndbox>
	</object>
</annotation>