<annotation>
	<folder>side반찬부피접시어묵볶음q2</folder>
	<filename>side_반찬부피_접시_어묵볶음_Q2_00038.JPG</filename>
	<path>/side반찬부피접시어묵볶음q2/side_반찬부피_접시_어묵볶음_Q2_00038.JPG</path>
	<source>
		<database>fooddata</database>
	</source>
	<size>
		<width>3008</width>
		<height>2000</height>
		<depth>3</depth>
	</size>
	<object>
		<name>ref_spoon</name>
		<bndbox>
			<xmin>401</xmin>
			<ymin>479</ymin>
			<xmax>718</xmax>
			<ymax>865</ymax>
		</bndbox>
	</object>
	<object>
		<name>ref_fork</name>
		<bndbox>
			<xmin>796</xmin>
			<ymin>474</ymin>
			<xmax>1020</xmax>
			<ymax>921</ymax>
		</bndbox>
	</object>
	<object>
		<name>ref_coin</name>
		<bndbox>
			<xmin>1563</xmin>
			<ymin>1595</ymin>
			<xmax>1821</xmax>
			<ymax>1789</ymax>
		</bndbox>
	</object>
	<object>
		<name>dish</name>
		<bndbox>
			<xmin>1128</xmin>
			<ymin>405</ymin>
			<xmax>2740</xmax>
			<ymax>1494</ymax>
		</bndbox>
	</object>
	<object>
		<name>어묵볶음</name>
		<bndbox>
			<xmin>1376</xmin>
			<ymin>636</ymin>
			<xmax>2384</xmax>
			<ymax>1307</ymax>
		</bndbox>
	</object>
</annotation>