<annotation>
	<folder>side반찬부피접시어묵볶음q2</folder>
	<filename>side_반찬부피_접시_어묵볶음_Q2_00053.JPG</filename>
	<path>/side반찬부피접시어묵볶음q2/side_반찬부피_접시_어묵볶음_Q2_00053.JPG</path>
	<source>
		<database>fooddata</database>
	</source>
	<size>
		<width>3008</width>
		<height>2000</height>
		<depth>3</depth>
	</size>
	<object>
		<name>ref_spoon</name>
		<bndbox>
			<xmin>361</xmin>
			<ymin>617</ymin>
			<xmax>674</xmax>
			<ymax>995</ymax>
		</bndbox>
	</object>
	<object>
		<name>ref_fork</name>
		<bndbox>
			<xmin>752</xmin>
			<ymin>614</ymin>
			<xmax>978</xmax>
			<ymax>1064</ymax>
		</bndbox>
	</object>
	<object>
		<name>ref_coin</name>
		<bndbox>
			<xmin>1617</xmin>
			<ymin>270</ymin>
			<xmax>1836</xmax>
			<ymax>425</ymax>
		</bndbox>
	</object>
	<object>
		<name>dish</name>
		<bndbox>
			<xmin>1106</xmin>
			<ymin>575</ymin>
			<xmax>2730</xmax>
			<ymax>1656</ymax>
		</bndbox>
	</object>
	<object>
		<name>어묵볶음</name>
		<bndbox>
			<xmin>1354</xmin>
			<ymin>715</ymin>
			<xmax>2295</xmax>
			<ymax>1467</ymax>
		</bndbox>
	</object>
</annotation>