<annotation>
	<folder>side반찬부피접시어묵볶음q2</folder>
	<filename>side_반찬부피_접시_어묵볶음_Q2_00013.JPG</filename>
	<path>/side반찬부피접시어묵볶음q2/side_반찬부피_접시_어묵볶음_Q2_00013.JPG</path>
	<source>
		<database>fooddata</database>
	</source>
	<size>
		<width>3008</width>
		<height>2000</height>
		<depth>3</depth>
	</size>
	<object>
		<name>ref_spoon</name>
		<bndbox>
			<xmin>1922</xmin>
			<ymin>388</ymin>
			<xmax>2231</xmax>
			<ymax>764</ymax>
		</bndbox>
	</object>
	<object>
		<name>ref_fork</name>
		<bndbox>
			<xmin>2359</xmin>
			<ymin>398</ymin>
			<xmax>2590</xmax>
			<ymax>830</ymax>
		</bndbox>
	</object>
	<object>
		<name>ref_coin</name>
		<bndbox>
			<xmin>1615</xmin>
			<ymin>268</ymin>
			<xmax>1838</xmax>
			<ymax>423</ymax>
		</bndbox>
	</object>
	<object>
		<name>dish</name>
		<bndbox>
			<xmin>236</xmin>
			<ymin>472</ymin>
			<xmax>1875</xmax>
			<ymax>1568</ymax>
		</bndbox>
	</object>
	<object>
		<name>어묵볶음</name>
		<bndbox>
			<xmin>543</xmin>
			<ymin>639</ymin>
			<xmax>1502</xmax>
			<ymax>1405</ymax>
		</bndbox>
	</object>
</annotation>