<annotation>
	<folder>side반찬부피접시어묵볶음q2</folder>
	<filename>side_반찬부피_접시_어묵볶음_Q2_00031.JPG</filename>
	<path>/side반찬부피접시어묵볶음q2/side_반찬부피_접시_어묵볶음_Q2_00031.JPG</path>
	<source>
		<database>fooddata</database>
	</source>
	<size>
		<width>3008</width>
		<height>2000</height>
		<depth>3</depth>
	</size>
	<object>
		<name>ref_spoon</name>
		<bndbox>
			<xmin>506</xmin>
			<ymin>1518</ymin>
			<xmax>1022</xmax>
			<ymax>1813</ymax>
		</bndbox>
	</object>
	<object>
		<name>ref_fork</name>
		<bndbox>
			<xmin>619</xmin>
			<ymin>1258</ymin>
			<xmax>1180</xmax>
			<ymax>1536</ymax>
		</bndbox>
	</object>
	<object>
		<name>ref_coin</name>
		<bndbox>
			<xmin>2548</xmin>
			<ymin>1361</ymin>
			<xmax>2799</xmax>
			<ymax>1548</ymax>
		</bndbox>
	</object>
	<object>
		<name>dish</name>
		<bndbox>
			<xmin>769</xmin>
			<ymin>268</ymin>
			<xmax>2325</xmax>
			<ymax>1233</ymax>
		</bndbox>
	</object>
	<object>
		<name>어묵볶음</name>
		<bndbox>
			<xmin>1057</xmin>
			<ymin>494</ymin>
			<xmax>2042</xmax>
			<ymax>1069</ymax>
		</bndbox>
	</object>
</annotation>