<annotation>
	<folder>side반찬부피접시어묵볶음q2</folder>
	<filename>side_반찬부피_접시_어묵볶음_Q2_00054.JPG</filename>
	<path>/side반찬부피접시어묵볶음q2/side_반찬부피_접시_어묵볶음_Q2_00054.JPG</path>
	<source>
		<database>fooddata</database>
	</source>
	<size>
		<width>3008</width>
		<height>2000</height>
		<depth>3</depth>
	</size>
	<object>
		<name>ref_spoon</name>
		<bndbox>
			<xmin>352</xmin>
			<ymin>604</ymin>
			<xmax>676</xmax>
			<ymax>995</ymax>
		</bndbox>
	</object>
	<object>
		<name>ref_fork</name>
		<bndbox>
			<xmin>752</xmin>
			<ymin>600</ymin>
			<xmax>976</xmax>
			<ymax>1052</ymax>
		</bndbox>
	</object>
	<object>
		<name>ref_coin</name>
		<bndbox>
			<xmin>1300</xmin>
			<ymin>339</ymin>
			<xmax>1521</xmax>
			<ymax>484</ymax>
		</bndbox>
	</object>
	<object>
		<name>dish</name>
		<bndbox>
			<xmin>1104</xmin>
			<ymin>548</ymin>
			<xmax>2737</xmax>
			<ymax>1631</ymax>
		</bndbox>
	</object>
	<object>
		<name>어묵볶음</name>
		<bndbox>
			<xmin>1359</xmin>
			<ymin>690</ymin>
			<xmax>2300</xmax>
			<ymax>1518</ymax>
		</bndbox>
	</object>
</annotation>