<annotation>
	<folder>top반찬부피접시어묵볶음q2</folder>
	<filename>top_반찬부피_접시_어묵볶음_Q2_00032.JPG</filename>
	<path>/top반찬부피접시어묵볶음q2/top_반찬부피_접시_어묵볶음_Q2_00032.JPG</path>
	<source>
		<database>fooddata</database>
	</source>
	<size>
		<width>3008</width>
		<height>2000</height>
		<depth>3</depth>
	</size>
	<object>
		<name>ref_spoon</name>
		<bndbox>
			<xmin>801</xmin>
			<ymin>1548</ymin>
			<xmax>1180</xmax>
			<ymax>1811</ymax>
		</bndbox>
	</object>
	<object>
		<name>ref_fork</name>
		<bndbox>
			<xmin>838</xmin>
			<ymin>1302</ymin>
			<xmax>1248</xmax>
			<ymax>1491</ymax>
		</bndbox>
	</object>
	<object>
		<name>ref_coin</name>
		<bndbox>
			<xmin>1457</xmin>
			<ymin>1744</ymin>
			<xmax>1644</xmax>
			<ymax>1929</ymax>
		</bndbox>
	</object>
	<object>
		<name>dish</name>
		<bndbox>
			<xmin>995</xmin>
			<ymin>47</ymin>
			<xmax>2212</xmax>
			<ymax>1280</ymax>
		</bndbox>
	</object>
	<object>
		<name>어묵볶음</name>
		<bndbox>
			<xmin>1202</xmin>
			<ymin>371</ymin>
			<xmax>1976</xmax>
			<ymax>1069</ymax>
		</bndbox>
	</object>
</annotation>