<annotation>
	<folder>top반찬부피접시어묵볶음q2</folder>
	<filename>top_반찬부피_접시_어묵볶음_Q2_00021.JPG</filename>
	<path>/top반찬부피접시어묵볶음q2/top_반찬부피_접시_어묵볶음_Q2_00021.JPG</path>
	<source>
		<database>fooddata</database>
	</source>
	<size>
		<width>3008</width>
		<height>2000</height>
		<depth>3</depth>
	</size>
	<object>
		<name>ref_spoon</name>
		<bndbox>
			<xmin>986</xmin>
			<ymin>1550</ymin>
			<xmax>1332</xmax>
			<ymax>1799</ymax>
		</bndbox>
	</object>
	<object>
		<name>ref_fork</name>
		<bndbox>
			<xmin>1022</xmin>
			<ymin>1324</ymin>
			<xmax>1386</xmax>
			<ymax>1499</ymax>
		</bndbox>
	</object>
	<object>
		<name>ref_coin</name>
		<bndbox>
			<xmin>2197</xmin>
			<ymin>624</ymin>
			<xmax>2364</xmax>
			<ymax>789</ymax>
		</bndbox>
	</object>
	<object>
		<name>dish</name>
		<bndbox>
			<xmin>1000</xmin>
			<ymin>103</ymin>
			<xmax>2099</xmax>
			<ymax>1201</ymax>
		</bndbox>
	</object>
	<object>
		<name>어묵볶음</name>
		<bndbox>
			<xmin>1217</xmin>
			<ymin>322</ymin>
			<xmax>1919</xmax>
			<ymax>995</ymax>
		</bndbox>
	</object>
</annotation>