<annotation>
	<folder>top반찬부피접시어묵볶음q2</folder>
	<filename>top_반찬부피_접시_어묵볶음_Q2_00036.JPG</filename>
	<path>/top반찬부피접시어묵볶음q2/top_반찬부피_접시_어묵볶음_Q2_00036.JPG</path>
	<source>
		<database>fooddata</database>
	</source>
	<size>
		<width>3008</width>
		<height>2000</height>
		<depth>3</depth>
	</size>
	<object>
		<name>ref_spoon</name>
		<bndbox>
			<xmin>470</xmin>
			<ymin>152</ymin>
			<xmax>769</xmax>
			<ymax>592</ymax>
		</bndbox>
	</object>
	<object>
		<name>ref_fork</name>
		<bndbox>
			<xmin>897</xmin>
			<ymin>152</ymin>
			<xmax>1094</xmax>
			<ymax>624</ymax>
		</bndbox>
	</object>
	<object>
		<name>ref_coin</name>
		<bndbox>
			<xmin>1686</xmin>
			<ymin>1550</ymin>
			<xmax>1892</xmax>
			<ymax>1754</ymax>
		</bndbox>
	</object>
	<object>
		<name>dish</name>
		<bndbox>
			<xmin>1199</xmin>
			<ymin>135</ymin>
			<xmax>2590</xmax>
			<ymax>1506</ymax>
		</bndbox>
	</object>
	<object>
		<name>어묵볶음</name>
		<bndbox>
			<xmin>1430</xmin>
			<ymin>346</ymin>
			<xmax>2241</xmax>
			<ymax>1231</ymax>
		</bndbox>
	</object>
</annotation>