<annotation>
	<folder>top반찬부피접시어묵볶음q2</folder>
	<filename>top_반찬부피_접시_어묵볶음_Q2_00053.JPG</filename>
	<path>/top반찬부피접시어묵볶음q2/top_반찬부피_접시_어묵볶음_Q2_00053.JPG</path>
	<source>
		<database>fooddata</database>
	</source>
	<size>
		<width>3008</width>
		<height>2000</height>
		<depth>3</depth>
	</size>
	<object>
		<name>ref_spoon</name>
		<bndbox>
			<xmin>425</xmin>
			<ymin>194</ymin>
			<xmax>715</xmax>
			<ymax>622</ymax>
		</bndbox>
	</object>
	<object>
		<name>ref_fork</name>
		<bndbox>
			<xmin>841</xmin>
			<ymin>197</ymin>
			<xmax>1030</xmax>
			<ymax>666</ymax>
		</bndbox>
	</object>
	<object>
		<name>ref_coin</name>
		<bndbox>
			<xmin>2330</xmin>
			<ymin>1455</ymin>
			<xmax>2536</xmax>
			<ymax>1663</ymax>
		</bndbox>
	</object>
	<object>
		<name>dish</name>
		<bndbox>
			<xmin>1118</xmin>
			<ymin>192</ymin>
			<xmax>2494</xmax>
			<ymax>1565</ymax>
		</bndbox>
	</object>
	<object>
		<name>어묵볶음</name>
		<bndbox>
			<xmin>1342</xmin>
			<ymin>494</ymin>
			<xmax>2148</xmax>
			<ymax>1327</ymax>
		</bndbox>
	</object>
</annotation>