<annotation>
	<folder>top반찬부피접시어묵볶음q2</folder>
	<filename>top_반찬부피_접시_어묵볶음_Q2_00054.JPG</filename>
	<path>/top반찬부피접시어묵볶음q2/top_반찬부피_접시_어묵볶음_Q2_00054.JPG</path>
	<source>
		<database>fooddata</database>
	</source>
	<size>
		<width>3008</width>
		<height>2000</height>
		<depth>3</depth>
	</size>
	<object>
		<name>ref_spoon</name>
		<bndbox>
			<xmin>477</xmin>
			<ymin>167</ymin>
			<xmax>772</xmax>
			<ymax>590</ymax>
		</bndbox>
	</object>
	<object>
		<name>ref_fork</name>
		<bndbox>
			<xmin>892</xmin>
			<ymin>167</ymin>
			<xmax>1084</xmax>
			<ymax>636</ymax>
		</bndbox>
	</object>
	<object>
		<name>ref_coin</name>
		<bndbox>
			<xmin>2683</xmin>
			<ymin>1157</ymin>
			<xmax>2897</xmax>
			<ymax>1366</ymax>
		</bndbox>
	</object>
	<object>
		<name>dish</name>
		<bndbox>
			<xmin>1175</xmin>
			<ymin>189</ymin>
			<xmax>2548</xmax>
			<ymax>1550</ymax>
		</bndbox>
	</object>
	<object>
		<name>어묵볶음</name>
		<bndbox>
			<xmin>1391</xmin>
			<ymin>489</ymin>
			<xmax>2202</xmax>
			<ymax>1310</ymax>
		</bndbox>
	</object>
</annotation>