<annotation>
	<folder>top반찬부피접시어묵볶음q2</folder>
	<filename>top_반찬부피_접시_어묵볶음_Q2_00004.JPG</filename>
	<path>/top반찬부피접시어묵볶음q2/top_반찬부피_접시_어묵볶음_Q2_00004.JPG</path>
	<source>
		<database>fooddata</database>
	</source>
	<size>
		<width>3008</width>
		<height>2000</height>
		<depth>3</depth>
	</size>
	<object>
		<name>ref_spoon</name>
		<bndbox>
			<xmin>1956</xmin>
			<ymin>128</ymin>
			<xmax>2192</xmax>
			<ymax>479</ymax>
		</bndbox>
	</object>
	<object>
		<name>ref_fork</name>
		<bndbox>
			<xmin>2253</xmin>
			<ymin>47</ymin>
			<xmax>2445</xmax>
			<ymax>430</ymax>
		</bndbox>
	</object>
	<object>
		<name>ref_coin</name>
		<bndbox>
			<xmin>1428</xmin>
			<ymin>1641</ymin>
			<xmax>1605</xmax>
			<ymax>1821</ymax>
		</bndbox>
	</object>
	<object>
		<name>dish</name>
		<bndbox>
			<xmin>875</xmin>
			<ymin>383</ymin>
			<xmax>2032</xmax>
			<ymax>1553</ymax>
		</bndbox>
	</object>
	<object>
		<name>어묵볶음</name>
		<bndbox>
			<xmin>1045</xmin>
			<ymin>572</ymin>
			<xmax>1836</xmax>
			<ymax>1283</ymax>
		</bndbox>
	</object>
</annotation>