<annotation>
	<folder>side생선찜류사각배달문어숙회q2</folder>
	<filename>side_생선찜류_사각배달_문어숙회_Q2_00036.JPG</filename>
	<path>/side생선찜류사각배달문어숙회q2/side_생선찜류_사각배달_문어숙회_Q2_00036.JPG</path>
	<source>
		<database>fooddata</database>
	</source>
	<size>
		<width>3008</width>
		<height>2000</height>
		<depth>3</depth>
	</size>
	<object>
		<name>ref_spoon</name>
		<bndbox>
			<xmin>551</xmin>
			<ymin>474</ymin>
			<xmax>846</xmax>
			<ymax>850</ymax>
		</bndbox>
	</object>
	<object>
		<name>ref_fork</name>
		<bndbox>
			<xmin>946</xmin>
			<ymin>482</ymin>
			<xmax>1158</xmax>
			<ymax>909</ymax>
		</bndbox>
	</object>
	<object>
		<name>ref_coin</name>
		<bndbox>
			<xmin>1352</xmin>
			<ymin>1582</ymin>
			<xmax>1602</xmax>
			<ymax>1762</ymax>
		</bndbox>
	</object>
	<object>
		<name>dish</name>
		<bndbox>
			<xmin>1280</xmin>
			<ymin>373</ymin>
			<xmax>2489</xmax>
			<ymax>1469</ymax>
		</bndbox>
	</object>
	<object>
		<name>문어숙회</name>
		<bndbox>
			<xmin>1457</xmin>
			<ymin>732</ymin>
			<xmax>2359</xmax>
			<ymax>1201</ymax>
		</bndbox>
	</object>
</annotation>