<annotation>
	<folder>side생선찜류사각배달문어숙회q2</folder>
	<filename>side_생선찜류_사각배달_문어숙회_Q2_00013.JPG</filename>
	<path>/side생선찜류사각배달문어숙회q2/side_생선찜류_사각배달_문어숙회_Q2_00013.JPG</path>
	<source>
		<database>fooddata</database>
	</source>
	<size>
		<width>3008</width>
		<height>2000</height>
		<depth>3</depth>
	</size>
	<object>
		<name>ref_spoon</name>
		<bndbox>
			<xmin>2013</xmin>
			<ymin>563</ymin>
			<xmax>2298</xmax>
			<ymax>921</ymax>
		</bndbox>
	</object>
	<object>
		<name>ref_fork</name>
		<bndbox>
			<xmin>2440</xmin>
			<ymin>666</ymin>
			<xmax>2642</xmax>
			<ymax>1066</ymax>
		</bndbox>
	</object>
	<object>
		<name>ref_coin</name>
		<bndbox>
			<xmin>2769</xmin>
			<ymin>1383</ymin>
			<xmax>3003</xmax>
			<ymax>1538</ymax>
		</bndbox>
	</object>
	<object>
		<name>dish</name>
		<bndbox>
			<xmin>300</xmin>
			<ymin>597</ymin>
			<xmax>1966</xmax>
			<ymax>1526</ymax>
		</bndbox>
	</object>
	<object>
		<name>문어숙회</name>
		<bndbox>
			<xmin>877</xmin>
			<ymin>870</ymin>
			<xmax>1708</xmax>
			<ymax>1351</ymax>
		</bndbox>
	</object>
</annotation>