<annotation>
	<folder>side생선찜류사각배달문어숙회q2</folder>
	<filename>side_생선찜류_사각배달_문어숙회_Q2_00019.JPG</filename>
	<path>/side생선찜류사각배달문어숙회q2/side_생선찜류_사각배달_문어숙회_Q2_00019.JPG</path>
	<source>
		<database>fooddata</database>
	</source>
	<size>
		<width>3008</width>
		<height>2000</height>
		<depth>3</depth>
	</size>
	<object>
		<name>ref_spoon</name>
		<bndbox>
			<xmin>656</xmin>
			<ymin>1646</ymin>
			<xmax>1162</xmax>
			<ymax>1916</ymax>
		</bndbox>
	</object>
	<object>
		<name>ref_fork</name>
		<bndbox>
			<xmin>730</xmin>
			<ymin>1391</ymin>
			<xmax>1256</xmax>
			<ymax>1636</ymax>
		</bndbox>
	</object>
	<object>
		<name>ref_coin</name>
		<bndbox>
			<xmin>285</xmin>
			<ymin>676</ymin>
			<xmax>504</xmax>
			<ymax>818</ymax>
		</bndbox>
	</object>
	<object>
		<name>dish</name>
		<bndbox>
			<xmin>750</xmin>
			<ymin>344</ymin>
			<xmax>2465</xmax>
			<ymax>1322</ymax>
		</bndbox>
	</object>
	<object>
		<name>문어숙회</name>
		<bndbox>
			<xmin>1177</xmin>
			<ymin>673</ymin>
			<xmax>1927</xmax>
			<ymax>1177</ymax>
		</bndbox>
	</object>
</annotation>