<annotation>
	<folder>side생선찜류사각배달문어숙회q2</folder>
	<filename>side_생선찜류_사각배달_문어숙회_Q2_00018.JPG</filename>
	<path>/side생선찜류사각배달문어숙회q2/side_생선찜류_사각배달_문어숙회_Q2_00018.JPG</path>
	<source>
		<database>fooddata</database>
	</source>
	<size>
		<width>3008</width>
		<height>2000</height>
		<depth>3</depth>
	</size>
	<object>
		<name>ref_spoon</name>
		<bndbox>
			<xmin>632</xmin>
			<ymin>1592</ymin>
			<xmax>1128</xmax>
			<ymax>1855</ymax>
		</bndbox>
	</object>
	<object>
		<name>ref_fork</name>
		<bndbox>
			<xmin>696</xmin>
			<ymin>1332</ymin>
			<xmax>1231</xmax>
			<ymax>1580</ymax>
		</bndbox>
	</object>
	<object>
		<name>ref_coin</name>
		<bndbox>
			<xmin>258</xmin>
			<ymin>956</ymin>
			<xmax>487</xmax>
			<ymax>1113</ymax>
		</bndbox>
	</object>
	<object>
		<name>dish</name>
		<bndbox>
			<xmin>742</xmin>
			<ymin>339</ymin>
			<xmax>2428</xmax>
			<ymax>1260</ymax>
		</bndbox>
	</object>
	<object>
		<name>문어숙회</name>
		<bndbox>
			<xmin>1170</xmin>
			<ymin>619</ymin>
			<xmax>1860</xmax>
			<ymax>1103</ymax>
		</bndbox>
	</object>
</annotation>