<annotation>
	<folder>side생선찜류사각배달문어숙회q2</folder>
	<filename>side_생선찜류_사각배달_문어숙회_Q2_00032.JPG</filename>
	<path>/side생선찜류사각배달문어숙회q2/side_생선찜류_사각배달_문어숙회_Q2_00032.JPG</path>
	<source>
		<database>fooddata</database>
	</source>
	<size>
		<width>3008</width>
		<height>2000</height>
		<depth>3</depth>
	</size>
	<object>
		<name>ref_spoon</name>
		<bndbox>
			<xmin>624</xmin>
			<ymin>1730</ymin>
			<xmax>1131</xmax>
			<ymax>1990</ymax>
		</bndbox>
	</object>
	<object>
		<name>ref_fork</name>
		<bndbox>
			<xmin>696</xmin>
			<ymin>1472</ymin>
			<xmax>1229</xmax>
			<ymax>1715</ymax>
		</bndbox>
	</object>
	<object>
		<name>ref_coin</name>
		<bndbox>
			<xmin>2027</xmin>
			<ymin>1319</ymin>
			<xmax>2256</xmax>
			<ymax>1486</ymax>
		</bndbox>
	</object>
	<object>
		<name>dish</name>
		<bndbox>
			<xmin>661</xmin>
			<ymin>442</ymin>
			<xmax>2307</xmax>
			<ymax>1322</ymax>
		</bndbox>
	</object>
	<object>
		<name>문어숙회</name>
		<bndbox>
			<xmin>1086</xmin>
			<ymin>713</ymin>
			<xmax>1757</xmax>
			<ymax>1174</ymax>
		</bndbox>
	</object>
</annotation>