<annotation>
	<folder>side생선찜류사각배달문어숙회q2</folder>
	<filename>side_생선찜류_사각배달_문어숙회_Q2_00040.JPG</filename>
	<path>/side생선찜류사각배달문어숙회q2/side_생선찜류_사각배달_문어숙회_Q2_00040.JPG</path>
	<source>
		<database>fooddata</database>
	</source>
	<size>
		<width>3008</width>
		<height>2000</height>
		<depth>3</depth>
	</size>
	<object>
		<name>ref_spoon</name>
		<bndbox>
			<xmin>509</xmin>
			<ymin>582</ymin>
			<xmax>806</xmax>
			<ymax>958</ymax>
		</bndbox>
	</object>
	<object>
		<name>ref_fork</name>
		<bndbox>
			<xmin>917</xmin>
			<ymin>585</ymin>
			<xmax>1118</xmax>
			<ymax>1017</ymax>
		</bndbox>
	</object>
	<object>
		<name>ref_coin</name>
		<bndbox>
			<xmin>2300</xmin>
			<ymin>1700</ymin>
			<xmax>2558</xmax>
			<ymax>1889</ymax>
		</bndbox>
	</object>
	<object>
		<name>dish</name>
		<bndbox>
			<xmin>1194</xmin>
			<ymin>472</ymin>
			<xmax>2423</xmax>
			<ymax>1558</ymax>
		</bndbox>
	</object>
	<object>
		<name>문어숙회</name>
		<bndbox>
			<xmin>1418</xmin>
			<ymin>757</ymin>
			<xmax>2283</xmax>
			<ymax>1381</ymax>
		</bndbox>
	</object>
</annotation>