<annotation>
	<folder>side생선찜류사각배달문어숙회q2</folder>
	<filename>side_생선찜류_사각배달_문어숙회_Q2_00048.JPG</filename>
	<path>/side생선찜류사각배달문어숙회q2/side_생선찜류_사각배달_문어숙회_Q2_00048.JPG</path>
	<source>
		<database>fooddata</database>
	</source>
	<size>
		<width>3008</width>
		<height>2000</height>
		<depth>3</depth>
	</size>
	<object>
		<name>ref_spoon</name>
		<bndbox>
			<xmin>465</xmin>
			<ymin>590</ymin>
			<xmax>762</xmax>
			<ymax>963</ymax>
		</bndbox>
	</object>
	<object>
		<name>ref_fork</name>
		<bndbox>
			<xmin>865</xmin>
			<ymin>592</ymin>
			<xmax>1069</xmax>
			<ymax>1015</ymax>
		</bndbox>
	</object>
	<object>
		<name>ref_coin</name>
		<bndbox>
			<xmin>1285</xmin>
			<ymin>283</ymin>
			<xmax>1492</xmax>
			<ymax>408</ymax>
		</bndbox>
	</object>
	<object>
		<name>dish</name>
		<bndbox>
			<xmin>1393</xmin>
			<ymin>536</ymin>
			<xmax>2617</xmax>
			<ymax>1609</ymax>
		</bndbox>
	</object>
	<object>
		<name>문어숙회</name>
		<bndbox>
			<xmin>1529</xmin>
			<ymin>771</ymin>
			<xmax>2411</xmax>
			<ymax>1428</ymax>
		</bndbox>
	</object>
</annotation>