<annotation>
	<folder>side생선찜류사각배달문어숙회q2</folder>
	<filename>side_생선찜류_사각배달_문어숙회_Q2_00054.JPG</filename>
	<path>/side생선찜류사각배달문어숙회q2/side_생선찜류_사각배달_문어숙회_Q2_00054.JPG</path>
	<source>
		<database>fooddata</database>
	</source>
	<size>
		<width>3008</width>
		<height>2000</height>
		<depth>3</depth>
	</size>
	<object>
		<name>ref_spoon</name>
		<bndbox>
			<xmin>524</xmin>
			<ymin>511</ymin>
			<xmax>828</xmax>
			<ymax>887</ymax>
		</bndbox>
	</object>
	<object>
		<name>ref_fork</name>
		<bndbox>
			<xmin>924</xmin>
			<ymin>504</ymin>
			<xmax>1140</xmax>
			<ymax>934</ymax>
		</bndbox>
	</object>
	<object>
		<name>ref_coin</name>
		<bndbox>
			<xmin>1887</xmin>
			<ymin>1641</ymin>
			<xmax>2140</xmax>
			<ymax>1826</ymax>
		</bndbox>
	</object>
	<object>
		<name>dish</name>
		<bndbox>
			<xmin>1433</xmin>
			<ymin>391</ymin>
			<xmax>2676</xmax>
			<ymax>1467</ymax>
		</bndbox>
	</object>
	<object>
		<name>문어숙회</name>
		<bndbox>
			<xmin>1654</xmin>
			<ymin>742</ymin>
			<xmax>2455</xmax>
			<ymax>1312</ymax>
		</bndbox>
	</object>
</annotation>