<annotation>
	<folder>side생선찜류사각배달문어숙회q2</folder>
	<filename>side_생선찜류_사각배달_문어숙회_Q2_00031.JPG</filename>
	<path>/side생선찜류사각배달문어숙회q2/side_생선찜류_사각배달_문어숙회_Q2_00031.JPG</path>
	<source>
		<database>fooddata</database>
	</source>
	<size>
		<width>3008</width>
		<height>2000</height>
		<depth>3</depth>
	</size>
	<object>
		<name>ref_spoon</name>
		<bndbox>
			<xmin>627</xmin>
			<ymin>1710</ymin>
			<xmax>1116</xmax>
			<ymax>1968</ymax>
		</bndbox>
	</object>
	<object>
		<name>ref_fork</name>
		<bndbox>
			<xmin>691</xmin>
			<ymin>1447</ymin>
			<xmax>1217</xmax>
			<ymax>1688</ymax>
		</bndbox>
	</object>
	<object>
		<name>ref_coin</name>
		<bndbox>
			<xmin>2475</xmin>
			<ymin>1484</ymin>
			<xmax>2715</xmax>
			<ymax>1649</ymax>
		</bndbox>
	</object>
	<object>
		<name>dish</name>
		<bndbox>
			<xmin>656</xmin>
			<ymin>381</ymin>
			<xmax>2258</xmax>
			<ymax>1221</ymax>
		</bndbox>
	</object>
	<object>
		<name>문어숙회</name>
		<bndbox>
			<xmin>1059</xmin>
			<ymin>607</ymin>
			<xmax>1769</xmax>
			<ymax>1049</ymax>
		</bndbox>
	</object>
</annotation>