<annotation>
	<folder>side생선찜류사각배달문어숙회q2</folder>
	<filename>side_생선찜류_사각배달_문어숙회_Q2_00004.JPG</filename>
	<path>/side생선찜류사각배달문어숙회q2/side_생선찜류_사각배달_문어숙회_Q2_00004.JPG</path>
	<source>
		<database>fooddata</database>
	</source>
	<size>
		<width>3008</width>
		<height>2000</height>
		<depth>3</depth>
	</size>
	<object>
		<name>ref_spoon</name>
		<bndbox>
			<xmin>1995</xmin>
			<ymin>808</ymin>
			<xmax>2244</xmax>
			<ymax>1118</ymax>
		</bndbox>
	</object>
	<object>
		<name>ref_fork</name>
		<bndbox>
			<xmin>2364</xmin>
			<ymin>902</ymin>
			<xmax>2541</xmax>
			<ymax>1265</ymax>
		</bndbox>
	</object>
	<object>
		<name>ref_coin</name>
		<bndbox>
			<xmin>529</xmin>
			<ymin>1671</ymin>
			<xmax>745</xmax>
			<ymax>1830</ymax>
		</bndbox>
	</object>
	<object>
		<name>dish</name>
		<bndbox>
			<xmin>551</xmin>
			<ymin>759</ymin>
			<xmax>1949</xmax>
			<ymax>1533</ymax>
		</bndbox>
	</object>
	<object>
		<name>문어숙회</name>
		<bndbox>
			<xmin>1008</xmin>
			<ymin>971</ymin>
			<xmax>1740</xmax>
			<ymax>1378</ymax>
		</bndbox>
	</object>
</annotation>