<annotation>
	<folder>top생선찜류사각배달문어숙회q2</folder>
	<filename>top_생선찜류_사각배달_문어숙회_Q2_00054.JPG</filename>
	<path>/top생선찜류사각배달문어숙회q2/top_생선찜류_사각배달_문어숙회_Q2_00054.JPG</path>
	<source>
		<database>fooddata</database>
	</source>
	<size>
		<width>3008</width>
		<height>2000</height>
		<depth>3</depth>
	</size>
	<object>
		<name>ref_spoon</name>
		<bndbox>
			<xmin>443</xmin>
			<ymin>312</ymin>
			<xmax>693</xmax>
			<ymax>690</ymax>
		</bndbox>
	</object>
	<object>
		<name>ref_fork</name>
		<bndbox>
			<xmin>806</xmin>
			<ymin>327</ymin>
			<xmax>981</xmax>
			<ymax>757</ymax>
		</bndbox>
	</object>
	<object>
		<name>ref_coin</name>
		<bndbox>
			<xmin>2445</xmin>
			<ymin>1012</ymin>
			<xmax>2612</xmax>
			<ymax>1177</ymax>
		</bndbox>
	</object>
	<object>
		<name>dish</name>
		<bndbox>
			<xmin>1175</xmin>
			<ymin>170</ymin>
			<xmax>2165</xmax>
			<ymax>1459</ymax>
		</bndbox>
	</object>
	<object>
		<name>문어숙회</name>
		<bndbox>
			<xmin>1391</xmin>
			<ymin>464</ymin>
			<xmax>1846</xmax>
			<ymax>1229</ymax>
		</bndbox>
	</object>
</annotation>