<annotation>
	<folder>top생선찜류사각배달문어숙회q2</folder>
	<filename>top_생선찜류_사각배달_문어숙회_Q2_00005.JPG</filename>
	<path>/top생선찜류사각배달문어숙회q2/top_생선찜류_사각배달_문어숙회_Q2_00005.JPG</path>
	<source>
		<database>fooddata</database>
	</source>
	<size>
		<width>3008</width>
		<height>2000</height>
		<depth>3</depth>
	</size>
	<object>
		<name>ref_spoon</name>
		<bndbox>
			<xmin>1882</xmin>
			<ymin>170</ymin>
			<xmax>2126</xmax>
			<ymax>553</ymax>
		</bndbox>
	</object>
	<object>
		<name>ref_fork</name>
		<bndbox>
			<xmin>2241</xmin>
			<ymin>248</ymin>
			<xmax>2406</xmax>
			<ymax>671</ymax>
		</bndbox>
	</object>
	<object>
		<name>ref_coin</name>
		<bndbox>
			<xmin>521</xmin>
			<ymin>1563</ymin>
			<xmax>703</xmax>
			<ymax>1742</ymax>
		</bndbox>
	</object>
	<object>
		<name>dish</name>
		<bndbox>
			<xmin>443</xmin>
			<ymin>174</ymin>
			<xmax>1858</xmax>
			<ymax>1342</ymax>
		</bndbox>
	</object>
	<object>
		<name>문어숙회</name>
		<bndbox>
			<xmin>757</xmin>
			<ymin>366</ymin>
			<xmax>1342</xmax>
			<ymax>1076</ymax>
		</bndbox>
	</object>
</annotation>