<annotation>
	<folder>top생선찜류사각배달문어숙회q2</folder>
	<filename>top_생선찜류_사각배달_문어숙회_Q2_00021.JPG</filename>
	<path>/top생선찜류사각배달문어숙회q2/top_생선찜류_사각배달_문어숙회_Q2_00021.JPG</path>
	<source>
		<database>fooddata</database>
	</source>
	<size>
		<width>3008</width>
		<height>2000</height>
		<depth>3</depth>
	</size>
	<object>
		<name>ref_spoon</name>
		<bndbox>
			<xmin>868</xmin>
			<ymin>1565</ymin>
			<xmax>1214</xmax>
			<ymax>1794</ymax>
		</bndbox>
	</object>
	<object>
		<name>ref_fork</name>
		<bndbox>
			<xmin>973</xmin>
			<ymin>1359</ymin>
			<xmax>1332</xmax>
			<ymax>1499</ymax>
		</bndbox>
	</object>
	<object>
		<name>ref_coin</name>
		<bndbox>
			<xmin>1666</xmin>
			<ymin>1742</ymin>
			<xmax>1818</xmax>
			<ymax>1904</ymax>
		</bndbox>
	</object>
	<object>
		<name>dish</name>
		<bndbox>
			<xmin>1072</xmin>
			<ymin>123</ymin>
			<xmax>1895</xmax>
			<ymax>1201</ymax>
		</bndbox>
	</object>
	<object>
		<name>문어숙회</name>
		<bndbox>
			<xmin>1305</xmin>
			<ymin>292</ymin>
			<xmax>1772</xmax>
			<ymax>1007</ymax>
		</bndbox>
	</object>
</annotation>