<annotation>
	<folder>top생선찜류사각배달문어숙회q2</folder>
	<filename>top_생선찜류_사각배달_문어숙회_Q2_00001.JPG</filename>
	<path>/top생선찜류사각배달문어숙회q2/top_생선찜류_사각배달_문어숙회_Q2_00001.JPG</path>
	<source>
		<database>fooddata</database>
	</source>
	<size>
		<width>3008</width>
		<height>2000</height>
		<depth>3</depth>
	</size>
	<object>
		<name>ref_spoon</name>
		<bndbox>
			<xmin>1718</xmin>
			<ymin>74</ymin>
			<xmax>1951</xmax>
			<ymax>452</ymax>
		</bndbox>
	</object>
	<object>
		<name>ref_fork</name>
		<bndbox>
			<xmin>2084</xmin>
			<ymin>147</ymin>
			<xmax>2239</xmax>
			<ymax>572</ymax>
		</bndbox>
	</object>
	<object>
		<name>ref_coin</name>
		<bndbox>
			<xmin>1514</xmin>
			<ymin>1627</ymin>
			<xmax>1686</xmax>
			<ymax>1806</ymax>
		</bndbox>
	</object>
	<object>
		<name>dish</name>
		<bndbox>
			<xmin>678</xmin>
			<ymin>319</ymin>
			<xmax>1627</xmax>
			<ymax>1604</ymax>
		</bndbox>
	</object>
	<object>
		<name>문어숙회</name>
		<bndbox>
			<xmin>816</xmin>
			<ymin>781</ymin>
			<xmax>1484</xmax>
			<ymax>1457</ymax>
		</bndbox>
	</object>
</annotation>