<annotation>
	<folder>top생선찜류사각배달문어숙회q2</folder>
	<filename>top_생선찜류_사각배달_문어숙회_Q2_00004.JPG</filename>
	<path>/top생선찜류사각배달문어숙회q2/top_생선찜류_사각배달_문어숙회_Q2_00004.JPG</path>
	<source>
		<database>fooddata</database>
	</source>
	<size>
		<width>3008</width>
		<height>2000</height>
		<depth>3</depth>
	</size>
	<object>
		<name>ref_spoon</name>
		<bndbox>
			<xmin>1801</xmin>
			<ymin>96</ymin>
			<xmax>2042</xmax>
			<ymax>479</ymax>
		</bndbox>
	</object>
	<object>
		<name>ref_fork</name>
		<bndbox>
			<xmin>2158</xmin>
			<ymin>179</ymin>
			<xmax>2320</xmax>
			<ymax>590</ymax>
		</bndbox>
	</object>
	<object>
		<name>ref_coin</name>
		<bndbox>
			<xmin>737</xmin>
			<ymin>1666</ymin>
			<xmax>909</xmax>
			<ymax>1850</ymax>
		</bndbox>
	</object>
	<object>
		<name>dish</name>
		<bndbox>
			<xmin>295</xmin>
			<ymin>265</ymin>
			<xmax>1747</xmax>
			<ymax>1472</ymax>
		</bndbox>
	</object>
	<object>
		<name>문어숙회</name>
		<bndbox>
			<xmin>553</xmin>
			<ymin>634</ymin>
			<xmax>1248</xmax>
			<ymax>1209</ymax>
		</bndbox>
	</object>
</annotation>