<annotation>
	<folder>top생선찜류사각배달문어숙회q2</folder>
	<filename>top_생선찜류_사각배달_문어숙회_Q2_00039.JPG</filename>
	<path>/top생선찜류사각배달문어숙회q2/top_생선찜류_사각배달_문어숙회_Q2_00039.JPG</path>
	<source>
		<database>fooddata</database>
	</source>
	<size>
		<width>3008</width>
		<height>2000</height>
		<depth>3</depth>
	</size>
	<object>
		<name>ref_spoon</name>
		<bndbox>
			<xmin>475</xmin>
			<ymin>150</ymin>
			<xmax>715</xmax>
			<ymax>518</ymax>
		</bndbox>
	</object>
	<object>
		<name>ref_fork</name>
		<bndbox>
			<xmin>823</xmin>
			<ymin>172</ymin>
			<xmax>988</xmax>
			<ymax>585</ymax>
		</bndbox>
	</object>
	<object>
		<name>ref_coin</name>
		<bndbox>
			<xmin>2401</xmin>
			<ymin>1204</ymin>
			<xmax>2580</xmax>
			<ymax>1376</ymax>
		</bndbox>
	</object>
	<object>
		<name>dish</name>
		<bndbox>
			<xmin>1160</xmin>
			<ymin>133</ymin>
			<xmax>2054</xmax>
			<ymax>1361</ymax>
		</bndbox>
	</object>
	<object>
		<name>문어숙회</name>
		<bndbox>
			<xmin>1275</xmin>
			<ymin>337</ymin>
			<xmax>1904</xmax>
			<ymax>1096</ymax>
		</bndbox>
	</object>
</annotation>