<annotation>
	<folder>side기타튀김배달종이박스감자튀김(스틱형)q3</folder>
	<filename>side_기타튀김_배달종이박스_감자튀김(스틱형)_Q3_00049.JPG</filename>
	<path>/side기타튀김배달종이박스감자튀김(스틱형)q3/side_기타튀김_배달종이박스_감자튀김(스틱형)_Q3_00049.JPG</path>
	<source>
		<database>fooddata</database>
	</source>
	<size>
		<width>3008</width>
		<height>2000</height>
		<depth>3</depth>
	</size>
	<object>
		<name>ref_spoon</name>
		<bndbox>
			<xmin>728</xmin>
			<ymin>449</ymin>
			<xmax>1003</xmax>
			<ymax>779</ymax>
		</bndbox>
	</object>
	<object>
		<name>ref_fork</name>
		<bndbox>
			<xmin>1116</xmin>
			<ymin>445</ymin>
			<xmax>1296</xmax>
			<ymax>838</ymax>
		</bndbox>
	</object>
	<object>
		<name>ref_coin</name>
		<bndbox>
			<xmin>1597</xmin>
			<ymin>1470</ymin>
			<xmax>1819</xmax>
			<ymax>1643</ymax>
		</bndbox>
	</object>
	<object>
		<name>dish</name>
		<bndbox>
			<xmin>1484</xmin>
			<ymin>447</ymin>
			<xmax>2659</xmax>
			<ymax>1284</ymax>
		</bndbox>
	</object>
	<object>
		<name>감자튀김(스틱형)</name>
		<bndbox>
			<xmin>1524</xmin>
			<ymin>535</ymin>
			<xmax>2505</xmax>
			<ymax>1162</ymax>
		</bndbox>
	</object>
</annotation>