<annotation>
	<folder>side기타튀김배달종이박스감자튀김(스틱형)q3</folder>
	<filename>side_기타튀김_배달종이박스_감자튀김(스틱형)_Q3_00019.JPG</filename>
	<path>/side기타튀김배달종이박스감자튀김(스틱형)q3/side_기타튀김_배달종이박스_감자튀김(스틱형)_Q3_00019.JPG</path>
	<source>
		<database>fooddata</database>
	</source>
	<size>
		<width>3008</width>
		<height>2000</height>
		<depth>3</depth>
	</size>
	<object>
		<name>ref_spoon</name>
		<bndbox>
			<xmin>752</xmin>
			<ymin>1521</ymin>
			<xmax>1257</xmax>
			<ymax>1797</ymax>
		</bndbox>
	</object>
	<object>
		<name>ref_fork</name>
		<bndbox>
			<xmin>830</xmin>
			<ymin>1179</ymin>
			<xmax>1355</xmax>
			<ymax>1416</ymax>
		</bndbox>
	</object>
	<object>
		<name>ref_coin</name>
		<bndbox>
			<xmin>2569</xmin>
			<ymin>730</ymin>
			<xmax>2798</xmax>
			<ymax>879</ymax>
		</bndbox>
	</object>
	<object>
		<name>dish</name>
		<bndbox>
			<xmin>691</xmin>
			<ymin>44</ymin>
			<xmax>2227</xmax>
			<ymax>1101</ymax>
		</bndbox>
	</object>
	<object>
		<name>감자튀김(스틱형)</name>
		<bndbox>
			<xmin>850</xmin>
			<ymin>174</ymin>
			<xmax>2044</xmax>
			<ymax>962</ymax>
		</bndbox>
	</object>
</annotation>