<annotation>
	<folder>side기타튀김배달종이박스감자튀김(스틱형)q3</folder>
	<filename>side_기타튀김_배달종이박스_감자튀김(스틱형)_Q3_00030.JPG</filename>
	<path>/side기타튀김배달종이박스감자튀김(스틱형)q3/side_기타튀김_배달종이박스_감자튀김(스틱형)_Q3_00030.JPG</path>
	<source>
		<database>fooddata</database>
	</source>
	<size>
		<width>3008</width>
		<height>2000</height>
		<depth>3</depth>
	</size>
	<object>
		<name>ref_spoon</name>
		<bndbox>
			<xmin>947</xmin>
			<ymin>1416</ymin>
			<xmax>1411</xmax>
			<ymax>1670</ymax>
		</bndbox>
	</object>
	<object>
		<name>ref_fork</name>
		<bndbox>
			<xmin>1018</xmin>
			<ymin>1106</ymin>
			<xmax>1499</xmax>
			<ymax>1324</ymax>
		</bndbox>
	</object>
	<object>
		<name>ref_coin</name>
		<bndbox>
			<xmin>596</xmin>
			<ymin>1407</ymin>
			<xmax>825</xmax>
			<ymax>1575</ymax>
		</bndbox>
	</object>
	<object>
		<name>dish</name>
		<bndbox>
			<xmin>1003</xmin>
			<ymin>73</ymin>
			<xmax>2427</xmax>
			<ymax>1052</ymax>
		</bndbox>
	</object>
	<object>
		<name>감자튀김(스틱형)</name>
		<bndbox>
			<xmin>1174</xmin>
			<ymin>176</ymin>
			<xmax>2300</xmax>
			<ymax>921</ymax>
		</bndbox>
	</object>
</annotation>