<annotation>
	<folder>side기타튀김배달종이박스감자튀김(스틱형)q3</folder>
	<filename>side_기타튀김_배달종이박스_감자튀김(스틱형)_Q3_00031.JPG</filename>
	<path>/side기타튀김배달종이박스감자튀김(스틱형)q3/side_기타튀김_배달종이박스_감자튀김(스틱형)_Q3_00031.JPG</path>
	<source>
		<database>fooddata</database>
	</source>
	<size>
		<width>3008</width>
		<height>2000</height>
		<depth>3</depth>
	</size>
	<object>
		<name>ref_spoon</name>
		<bndbox>
			<xmin>962</xmin>
			<ymin>1443</ymin>
			<xmax>1409</xmax>
			<ymax>1700</ymax>
		</bndbox>
	</object>
	<object>
		<name>ref_fork</name>
		<bndbox>
			<xmin>1035</xmin>
			<ymin>1140</ymin>
			<xmax>1511</xmax>
			<ymax>1355</ymax>
		</bndbox>
	</object>
	<object>
		<name>ref_coin</name>
		<bndbox>
			<xmin>691</xmin>
			<ymin>916</ymin>
			<xmax>911</xmax>
			<ymax>1067</ymax>
		</bndbox>
	</object>
	<object>
		<name>dish</name>
		<bndbox>
			<xmin>1126</xmin>
			<ymin>105</ymin>
			<xmax>2378</xmax>
			<ymax>1009</ymax>
		</bndbox>
	</object>
	<object>
		<name>감자튀김(스틱형)</name>
		<bndbox>
			<xmin>1250</xmin>
			<ymin>300</ymin>
			<xmax>2317</xmax>
			<ymax>860</ymax>
		</bndbox>
	</object>
</annotation>