<annotation>
	<folder>side기타튀김배달종이박스감자튀김(스틱형)q3</folder>
	<filename>side_기타튀김_배달종이박스_감자튀김(스틱형)_Q3_00011.JPG</filename>
	<path>/side기타튀김배달종이박스감자튀김(스틱형)q3/side_기타튀김_배달종이박스_감자튀김(스틱형)_Q3_00011.JPG</path>
	<source>
		<database>fooddata</database>
	</source>
	<size>
		<width>3008</width>
		<height>2000</height>
		<depth>3</depth>
	</size>
	<object>
		<name>ref_spoon</name>
		<bndbox>
			<xmin>2158</xmin>
			<ymin>313</ymin>
			<xmax>2449</xmax>
			<ymax>669</ymax>
		</bndbox>
	</object>
	<object>
		<name>ref_fork</name>
		<bndbox>
			<xmin>2622</xmin>
			<ymin>342</ymin>
			<xmax>2827</xmax>
			<ymax>752</ymax>
		</bndbox>
	</object>
	<object>
		<name>ref_coin</name>
		<bndbox>
			<xmin>796</xmin>
			<ymin>208</ymin>
			<xmax>1008</xmax>
			<ymax>340</ymax>
		</bndbox>
	</object>
	<object>
		<name>dish</name>
		<bndbox>
			<xmin>725</xmin>
			<ymin>393</ymin>
			<xmax>2031</xmax>
			<ymax>1326</ymax>
		</bndbox>
	</object>
	<object>
		<name>감자튀김(스틱형)</name>
		<bndbox>
			<xmin>796</xmin>
			<ymin>532</ymin>
			<xmax>1885</xmax>
			<ymax>1179</ymax>
		</bndbox>
	</object>
</annotation>