<annotation>
	<folder>side기타튀김배달종이박스감자튀김(스틱형)q3</folder>
	<filename>side_기타튀김_배달종이박스_감자튀김(스틱형)_Q3_00041.JPG</filename>
	<path>/side기타튀김배달종이박스감자튀김(스틱형)q3/side_기타튀김_배달종이박스_감자튀김(스틱형)_Q3_00041.JPG</path>
	<source>
		<database>fooddata</database>
	</source>
	<size>
		<width>3008</width>
		<height>2000</height>
		<depth>3</depth>
	</size>
	<object>
		<name>ref_spoon</name>
		<bndbox>
			<xmin>181</xmin>
			<ymin>552</ymin>
			<xmax>464</xmax>
			<ymax>896</ymax>
		</bndbox>
	</object>
	<object>
		<name>ref_fork</name>
		<bndbox>
			<xmin>588</xmin>
			<ymin>562</ymin>
			<xmax>779</xmax>
			<ymax>962</ymax>
		</bndbox>
	</object>
	<object>
		<name>ref_coin</name>
		<bndbox>
			<xmin>2605</xmin>
			<ymin>1343</ymin>
			<xmax>2830</xmax>
			<ymax>1504</ymax>
		</bndbox>
	</object>
	<object>
		<name>dish</name>
		<bndbox>
			<xmin>1033</xmin>
			<ymin>479</ymin>
			<xmax>2346</xmax>
			<ymax>1409</ymax>
		</bndbox>
	</object>
	<object>
		<name>감자튀김(스틱형)</name>
		<bndbox>
			<xmin>1123</xmin>
			<ymin>584</ymin>
			<xmax>2151</xmax>
			<ymax>1272</ymax>
		</bndbox>
	</object>
</annotation>