<annotation>
	<folder>side기타튀김배달종이박스감자튀김(스틱형)q3</folder>
	<filename>side_기타튀김_배달종이박스_감자튀김(스틱형)_Q3_00020.JPG</filename>
	<path>/side기타튀김배달종이박스감자튀김(스틱형)q3/side_기타튀김_배달종이박스_감자튀김(스틱형)_Q3_00020.JPG</path>
	<source>
		<database>fooddata</database>
	</source>
	<size>
		<width>3008</width>
		<height>2000</height>
		<depth>3</depth>
	</size>
	<object>
		<name>ref_spoon</name>
		<bndbox>
			<xmin>757</xmin>
			<ymin>1558</ymin>
			<xmax>1257</xmax>
			<ymax>1836</ymax>
		</bndbox>
	</object>
	<object>
		<name>ref_fork</name>
		<bndbox>
			<xmin>835</xmin>
			<ymin>1216</ymin>
			<xmax>1355</xmax>
			<ymax>1455</ymax>
		</bndbox>
	</object>
	<object>
		<name>ref_coin</name>
		<bndbox>
			<xmin>2573</xmin>
			<ymin>618</ymin>
			<xmax>2796</xmax>
			<ymax>767</ymax>
		</bndbox>
	</object>
	<object>
		<name>dish</name>
		<bndbox>
			<xmin>837</xmin>
			<ymin>86</ymin>
			<xmax>2197</xmax>
			<ymax>1006</ymax>
		</bndbox>
	</object>
	<object>
		<name>감자튀김(스틱형)</name>
		<bndbox>
			<xmin>942</xmin>
			<ymin>193</ymin>
			<xmax>2029</xmax>
			<ymax>847</ymax>
		</bndbox>
	</object>
</annotation>