<annotation>
	<folder>side기타튀김배달종이박스감자튀김(스틱형)q3</folder>
	<filename>side_기타튀김_배달종이박스_감자튀김(스틱형)_Q3_00042.JPG</filename>
	<path>/side기타튀김배달종이박스감자튀김(스틱형)q3/side_기타튀김_배달종이박스_감자튀김(스틱형)_Q3_00042.JPG</path>
	<source>
		<database>fooddata</database>
	</source>
	<size>
		<width>3008</width>
		<height>2000</height>
		<depth>3</depth>
	</size>
	<object>
		<name>ref_spoon</name>
		<bndbox>
			<xmin>266</xmin>
			<ymin>703</ymin>
			<xmax>552</xmax>
			<ymax>1040</ymax>
		</bndbox>
	</object>
	<object>
		<name>ref_fork</name>
		<bndbox>
			<xmin>679</xmin>
			<ymin>713</ymin>
			<xmax>859</xmax>
			<ymax>1116</ymax>
		</bndbox>
	</object>
	<object>
		<name>ref_coin</name>
		<bndbox>
			<xmin>2666</xmin>
			<ymin>1297</ymin>
			<xmax>2883</xmax>
			<ymax>1455</ymax>
		</bndbox>
	</object>
	<object>
		<name>dish</name>
		<bndbox>
			<xmin>1184</xmin>
			<ymin>701</ymin>
			<xmax>2373</xmax>
			<ymax>1570</ymax>
		</bndbox>
	</object>
	<object>
		<name>감자튀김(스틱형)</name>
		<bndbox>
			<xmin>1206</xmin>
			<ymin>774</ymin>
			<xmax>2254</xmax>
			<ymax>1441</ymax>
		</bndbox>
	</object>
</annotation>