<annotation>
	<folder>side기타튀김배달종이박스감자튀김(스틱형)q3</folder>
	<filename>side_기타튀김_배달종이박스_감자튀김(스틱형)_Q3_00052.JPG</filename>
	<path>/side기타튀김배달종이박스감자튀김(스틱형)q3/side_기타튀김_배달종이박스_감자튀김(스틱형)_Q3_00052.JPG</path>
	<source>
		<database>fooddata</database>
	</source>
	<size>
		<width>3008</width>
		<height>2000</height>
		<depth>3</depth>
	</size>
	<object>
		<name>ref_spoon</name>
		<bndbox>
			<xmin>654</xmin>
			<ymin>430</ymin>
			<xmax>925</xmax>
			<ymax>774</ymax>
		</bndbox>
	</object>
	<object>
		<name>ref_fork</name>
		<bndbox>
			<xmin>1040</xmin>
			<ymin>423</ymin>
			<xmax>1221</xmax>
			<ymax>813</ymax>
		</bndbox>
	</object>
	<object>
		<name>ref_coin</name>
		<bndbox>
			<xmin>254</xmin>
			<ymin>1118</ymin>
			<xmax>466</xmax>
			<ymax>1277</ymax>
		</bndbox>
	</object>
	<object>
		<name>dish</name>
		<bndbox>
			<xmin>1409</xmin>
			<ymin>420</ymin>
			<xmax>2598</xmax>
			<ymax>1270</ymax>
		</bndbox>
	</object>
	<object>
		<name>감자튀김(스틱형)</name>
		<bndbox>
			<xmin>1467</xmin>
			<ymin>503</ymin>
			<xmax>2444</xmax>
			<ymax>1148</ymax>
		</bndbox>
	</object>
</annotation>