<annotation>
	<folder>side기타튀김배달종이박스감자튀김(스틱형)q3</folder>
	<filename>side_기타튀김_배달종이박스_감자튀김(스틱형)_Q3_00004.JPG</filename>
	<path>/side기타튀김배달종이박스감자튀김(스틱형)q3/side_기타튀김_배달종이박스_감자튀김(스틱형)_Q3_00004.JPG</path>
	<source>
		<database>fooddata</database>
	</source>
	<size>
		<width>3008</width>
		<height>2000</height>
		<depth>3</depth>
	</size>
	<object>
		<name>ref_spoon</name>
		<bndbox>
			<xmin>2080</xmin>
			<ymin>283</ymin>
			<xmax>2371</xmax>
			<ymax>647</ymax>
		</bndbox>
	</object>
	<object>
		<name>ref_fork</name>
		<bndbox>
			<xmin>2542</xmin>
			<ymin>308</ymin>
			<xmax>2749</xmax>
			<ymax>716</ymax>
		</bndbox>
	</object>
	<object>
		<name>ref_coin</name>
		<bndbox>
			<xmin>544</xmin>
			<ymin>1546</ymin>
			<xmax>798</xmax>
			<ymax>1736</ymax>
		</bndbox>
	</object>
	<object>
		<name>dish</name>
		<bndbox>
			<xmin>579</xmin>
			<ymin>293</ymin>
			<xmax>1946</xmax>
			<ymax>1280</ymax>
		</bndbox>
	</object>
	<object>
		<name>감자튀김(스틱형)</name>
		<bndbox>
			<xmin>708</xmin>
			<ymin>391</ymin>
			<xmax>1795</xmax>
			<ymax>1121</ymax>
		</bndbox>
	</object>
</annotation>