<annotation>
	<folder>top기타튀김배달종이박스감자튀김(스틱형)q3</folder>
	<filename>top_기타튀김_배달종이박스_감자튀김(스틱형)_Q3_00041.JPG</filename>
	<path>/top기타튀김배달종이박스감자튀김(스틱형)q3/top_기타튀김_배달종이박스_감자튀김(스틱형)_Q3_00041.JPG</path>
	<source>
		<database>fooddata</database>
	</source>
	<size>
		<width>3008</width>
		<height>2000</height>
		<depth>3</depth>
	</size>
	<object>
		<name>ref_spoon</name>
		<bndbox>
			<xmin>945</xmin>
			<ymin>78</ymin>
			<xmax>1209</xmax>
			<ymax>550</ymax>
		</bndbox>
	</object>
	<object>
		<name>ref_fork</name>
		<bndbox>
			<xmin>610</xmin>
			<ymin>154</ymin>
			<xmax>793</xmax>
			<ymax>606</ymax>
		</bndbox>
	</object>
	<object>
		<name>ref_coin</name>
		<bndbox>
			<xmin>554</xmin>
			<ymin>1694</ymin>
			<xmax>772</xmax>
			<ymax>1922</ymax>
		</bndbox>
	</object>
	<object>
		<name>dish</name>
		<bndbox>
			<xmin>1138</xmin>
			<ymin>124</ymin>
			<xmax>2556</xmax>
			<ymax>1475</ymax>
		</bndbox>
	</object>
	<object>
		<name>감자튀김(스틱형)</name>
		<bndbox>
			<xmin>1270</xmin>
			<ymin>332</ymin>
			<xmax>2419</xmax>
			<ymax>1333</ymax>
		</bndbox>
	</object>
</annotation>