<annotation>
	<folder>top기타튀김배달종이박스감자튀김(스틱형)q3</folder>
	<filename>top_기타튀김_배달종이박스_감자튀김(스틱형)_Q3_00052.JPG</filename>
	<path>/top기타튀김배달종이박스감자튀김(스틱형)q3/top_기타튀김_배달종이박스_감자튀김(스틱형)_Q3_00052.JPG</path>
	<source>
		<database>fooddata</database>
	</source>
	<size>
		<width>3008</width>
		<height>2000</height>
		<depth>3</depth>
	</size>
	<object>
		<name>ref_spoon</name>
		<bndbox>
			<xmin>976</xmin>
			<ymin>195</ymin>
			<xmax>1230</xmax>
			<ymax>672</ymax>
		</bndbox>
	</object>
	<object>
		<name>ref_fork</name>
		<bndbox>
			<xmin>681</xmin>
			<ymin>261</ymin>
			<xmax>874</xmax>
			<ymax>743</ymax>
		</bndbox>
	</object>
	<object>
		<name>ref_coin</name>
		<bndbox>
			<xmin>132</xmin>
			<ymin>1465</ymin>
			<xmax>356</xmax>
			<ymax>1683</ymax>
		</bndbox>
	</object>
	<object>
		<name>dish</name>
		<bndbox>
			<xmin>1377</xmin>
			<ymin>459</ymin>
			<xmax>2561</xmax>
			<ymax>1546</ymax>
		</bndbox>
	</object>
	<object>
		<name>감자튀김(스틱형)</name>
		<bndbox>
			<xmin>1443</xmin>
			<ymin>581</ymin>
			<xmax>2414</xmax>
			<ymax>1470</ymax>
		</bndbox>
	</object>
</annotation>