<annotation>
	<folder>top기타튀김배달종이박스감자튀김(스틱형)q3</folder>
	<filename>top_기타튀김_배달종이박스_감자튀김(스틱형)_Q3_00030.JPG</filename>
	<path>/top기타튀김배달종이박스감자튀김(스틱형)q3/top_기타튀김_배달종이박스_감자튀김(스틱형)_Q3_00030.JPG</path>
	<source>
		<database>fooddata</database>
	</source>
	<size>
		<width>3008</width>
		<height>2000</height>
		<depth>3</depth>
	</size>
	<object>
		<name>ref_spoon</name>
		<bndbox>
			<xmin>849</xmin>
			<ymin>1399</ymin>
			<xmax>1230</xmax>
			<ymax>1633</ymax>
		</bndbox>
	</object>
	<object>
		<name>ref_fork</name>
		<bndbox>
			<xmin>823</xmin>
			<ymin>1704</ymin>
			<xmax>1230</xmax>
			<ymax>1861</ymax>
		</bndbox>
	</object>
	<object>
		<name>ref_coin</name>
		<bndbox>
			<xmin>1123</xmin>
			<ymin>22</ymin>
			<xmax>1280</xmax>
			<ymax>179</ymax>
		</bndbox>
	</object>
	<object>
		<name>dish</name>
		<bndbox>
			<xmin>1209</xmin>
			<ymin>398</ymin>
			<xmax>2083</xmax>
			<ymax>1312</ymax>
		</bndbox>
	</object>
	<object>
		<name>감자튀김(스틱형)</name>
		<bndbox>
			<xmin>1280</xmin>
			<ymin>474</ymin>
			<xmax>1966</xmax>
			<ymax>1262</ymax>
		</bndbox>
	</object>
</annotation>