<annotation>
	<folder>top기타튀김배달종이박스감자튀김(스틱형)q3</folder>
	<filename>top_기타튀김_배달종이박스_감자튀김(스틱형)_Q3_00009.JPG</filename>
	<path>/top기타튀김배달종이박스감자튀김(스틱형)q3/top_기타튀김_배달종이박스_감자튀김(스틱형)_Q3_00009.JPG</path>
	<source>
		<database>fooddata</database>
	</source>
	<size>
		<width>3008</width>
		<height>2000</height>
		<depth>3</depth>
	</size>
	<object>
		<name>ref_spoon</name>
		<bndbox>
			<xmin>1971</xmin>
			<ymin>367</ymin>
			<xmax>2256</xmax>
			<ymax>865</ymax>
		</bndbox>
	</object>
	<object>
		<name>ref_fork</name>
		<bndbox>
			<xmin>2337</xmin>
			<ymin>423</ymin>
			<xmax>2546</xmax>
			<ymax>921</ymax>
		</bndbox>
	</object>
	<object>
		<name>ref_coin</name>
		<bndbox>
			<xmin>1001</xmin>
			<ymin>42</ymin>
			<xmax>1189</xmax>
			<ymax>235</ymax>
		</bndbox>
	</object>
	<object>
		<name>dish</name>
		<bndbox>
			<xmin>655</xmin>
			<ymin>596</ymin>
			<xmax>1865</xmax>
			<ymax>1699</ymax>
		</bndbox>
	</object>
	<object>
		<name>감자튀김(스틱형)</name>
		<bndbox>
			<xmin>752</xmin>
			<ymin>728</ymin>
			<xmax>1794</xmax>
			<ymax>1622</ymax>
		</bndbox>
	</object>
</annotation>