<annotation>
	<folder>top기타튀김배달종이박스감자튀김(스틱형)q3</folder>
	<filename>top_기타튀김_배달종이박스_감자튀김(스틱형)_Q3_00036.JPG</filename>
	<path>/top기타튀김배달종이박스감자튀김(스틱형)q3/top_기타튀김_배달종이박스_감자튀김(스틱형)_Q3_00036.JPG</path>
	<source>
		<database>fooddata</database>
	</source>
	<size>
		<width>3008</width>
		<height>2000</height>
		<depth>3</depth>
	</size>
	<object>
		<name>ref_spoon</name>
		<bndbox>
			<xmin>594</xmin>
			<ymin>174</ymin>
			<xmax>889</xmax>
			<ymax>672</ymax>
		</bndbox>
	</object>
	<object>
		<name>ref_fork</name>
		<bndbox>
			<xmin>249</xmin>
			<ymin>317</ymin>
			<xmax>478</xmax>
			<ymax>865</ymax>
		</bndbox>
	</object>
	<object>
		<name>ref_coin</name>
		<bndbox>
			<xmin>1072</xmin>
			<ymin>1541</ymin>
			<xmax>1296</xmax>
			<ymax>1760</ymax>
		</bndbox>
	</object>
	<object>
		<name>dish</name>
		<bndbox>
			<xmin>1158</xmin>
			<ymin>200</ymin>
			<xmax>2353</xmax>
			<ymax>1297</ymax>
		</bndbox>
	</object>
	<object>
		<name>감자튀김(스틱형)</name>
		<bndbox>
			<xmin>1240</xmin>
			<ymin>301</ymin>
			<xmax>2292</xmax>
			<ymax>1241</ymax>
		</bndbox>
	</object>
</annotation>