<annotation>
	<folder>side건더기국류뚝배기q2</folder>
	<filename>side_건더기국류_뚝배기_삼계탕_Q2_00051.JPG</filename>
	<path>/side건더기국류뚝배기삼계탕q2/side_건더기국류_뚝배기_삼계탕_Q2_00051.JPG</path>
	<source>
		<database>fooddata</database>
	</source>
	<size>
		<width>5472</width>
		<height>3648</height>
		<depth>3</depth>
	</size>
	<object>
		<name>ref_spoon</name>
		<bndbox>
			<xmin>441</xmin>
			<ymin>947</ymin>
			<xmax>918</xmax>
			<ymax>1755</ymax>
		</bndbox>
	</object>
	<object>
		<name>ref_fork</name>
		<bndbox>
			<xmin>1156</xmin>
			<ymin>980</ymin>
			<xmax>1477</xmax>
			<ymax>1882</ymax>
		</bndbox>
	</object>
	<object>
		<name>ref_coin</name>
		<bndbox>
			<xmin>4427</xmin>
			<ymin>1495</ymin>
			<xmax>4770</xmax>
			<ymax>1749</ymax>
		</bndbox>
	</object>
	<object>
		<name>dish</name>
		<bndbox>
			<xmin>1643</xmin>
			<ymin>316</ymin>
			<xmax>4283</xmax>
			<ymax>2580</ymax>
		</bndbox>
	</object>
	<object>
		<name>삼계탕</name>
		<bndbox>
			<xmin>1964</xmin>
			<ymin>924</ymin>
			<xmax>3951</xmax>
			<ymax>1904</ymax>
		</bndbox>
	</object>
</annotation>