<annotation>
	<folder>side건더기국류뚝배기q2</folder>
	<filename>side_건더기국류_뚝배기_삼계탕_Q2_00053.JPG</filename>
	<path>/side건더기국류뚝배기삼계탕q2/side_건더기국류_뚝배기_삼계탕_Q2_00053.JPG</path>
	<source>
		<database>fooddata</database>
	</source>
	<size>
		<width>5472</width>
		<height>3648</height>
		<depth>3</depth>
	</size>
	<object>
		<name>ref_spoon</name>
		<bndbox>
			<xmin>596</xmin>
			<ymin>1019</ymin>
			<xmax>1084</xmax>
			<ymax>1860</ymax>
		</bndbox>
	</object>
	<object>
		<name>ref_fork</name>
		<bndbox>
			<xmin>1305</xmin>
			<ymin>1030</ymin>
			<xmax>1643</xmax>
			<ymax>1893</ymax>
		</bndbox>
	</object>
	<object>
		<name>ref_coin</name>
		<bndbox>
			<xmin>4831</xmin>
			<ymin>1578</ymin>
			<xmax>5202</xmax>
			<ymax>1843</ymax>
		</bndbox>
	</object>
	<object>
		<name>dish</name>
		<bndbox>
			<xmin>1814</xmin>
			<ymin>354</ymin>
			<xmax>4477</xmax>
			<ymax>2663</ymax>
		</bndbox>
	</object>
	<object>
		<name>삼계탕</name>
		<bndbox>
			<xmin>2146</xmin>
			<ymin>1041</ymin>
			<xmax>4145</xmax>
			<ymax>1954</ymax>
		</bndbox>
	</object>
</annotation>