<annotation>
	<folder>side건더기국류뚝배기q2</folder>
	<filename>side_건더기국류_뚝배기_삼계탕_Q2_00042.JPG</filename>
	<path>/side건더기국류뚝배기삼계탕q2/side_건더기국류_뚝배기_삼계탕_Q2_00042.JPG</path>
	<source>
		<database>fooddata</database>
	</source>
	<size>
		<width>5472</width>
		<height>3648</height>
		<depth>3</depth>
	</size>
	<object>
		<name>ref_spoon</name>
		<bndbox>
			<xmin>934</xmin>
			<ymin>1556</ymin>
			<xmax>1377</xmax>
			<ymax>2314</ymax>
		</bndbox>
	</object>
	<object>
		<name>ref_fork</name>
		<bndbox>
			<xmin>1582</xmin>
			<ymin>1544</ymin>
			<xmax>1886</xmax>
			<ymax>2414</ymax>
		</bndbox>
	</object>
	<object>
		<name>ref_coin</name>
		<bndbox>
			<xmin>3835</xmin>
			<ymin>626</ymin>
			<xmax>4123</xmax>
			<ymax>847</ymax>
		</bndbox>
	</object>
	<object>
		<name>dish</name>
		<bndbox>
			<xmin>2041</xmin>
			<ymin>891</ymin>
			<xmax>4471</xmax>
			<ymax>3011</ymax>
		</bndbox>
	</object>
	<object>
		<name>삼계탕</name>
		<bndbox>
			<xmin>2340</xmin>
			<ymin>1467</ymin>
			<xmax>4167</xmax>
			<ymax>2430</ymax>
		</bndbox>
	</object>
</annotation>