<annotation>
	<folder>side건더기국류뚝배기q2</folder>
	<filename>side_건더기국류_뚝배기_삼계탕_Q2_00043.JPG</filename>
	<path>/side건더기국류뚝배기삼계탕q2/side_건더기국류_뚝배기_삼계탕_Q2_00043.JPG</path>
	<source>
		<database>fooddata</database>
	</source>
	<size>
		<width>5472</width>
		<height>3648</height>
		<depth>3</depth>
	</size>
	<object>
		<name>ref_spoon</name>
		<bndbox>
			<xmin>1144</xmin>
			<ymin>1882</ymin>
			<xmax>1576</xmax>
			<ymax>2663</ymax>
		</bndbox>
	</object>
	<object>
		<name>ref_fork</name>
		<bndbox>
			<xmin>1809</xmin>
			<ymin>1854</ymin>
			<xmax>2091</xmax>
			<ymax>2707</ymax>
		</bndbox>
	</object>
	<object>
		<name>ref_coin</name>
		<bndbox>
			<xmin>3237</xmin>
			<ymin>681</ymin>
			<xmax>3536</xmax>
			<ymax>875</ymax>
		</bndbox>
	</object>
	<object>
		<name>dish</name>
		<bndbox>
			<xmin>2246</xmin>
			<ymin>1151</ymin>
			<xmax>4709</xmax>
			<ymax>3310</ymax>
		</bndbox>
	</object>
	<object>
		<name>삼계탕</name>
		<bndbox>
			<xmin>2517</xmin>
			<ymin>1583</ymin>
			<xmax>4405</xmax>
			<ymax>2685</ymax>
		</bndbox>
	</object>
</annotation>