<annotation>
	<folder>side건더기국류뚝배기q2</folder>
	<filename>side_건더기국류_뚝배기_삼계탕_Q2_00001.JPG</filename>
	<path>/side건더기국류뚝배기삼계탕q2/side_건더기국류_뚝배기_삼계탕_Q2_00001.JPG</path>
	<source>
		<database>fooddata</database>
	</source>
	<size>
		<width>5472</width>
		<height>3648</height>
		<depth>3</depth>
	</size>
	<object>
		<name>ref_spoon</name>
		<bndbox>
			<xmin>3973</xmin>
			<ymin>825</ymin>
			<xmax>4466</xmax>
			<ymax>1611</ymax>
		</bndbox>
	</object>
	<object>
		<name>ref_fork</name>
		<bndbox>
			<xmin>4754</xmin>
			<ymin>803</ymin>
			<xmax>5119</xmax>
			<ymax>1677</ymax>
		</bndbox>
	</object>
	<object>
		<name>ref_coin</name>
		<bndbox>
			<xmin>3425</xmin>
			<ymin>2812</ymin>
			<xmax>3829</xmax>
			<ymax>3150</ymax>
		</bndbox>
	</object>
	<object>
		<name>dish</name>
		<bndbox>
			<xmin>934</xmin>
			<ymin>282</ymin>
			<xmax>3691</xmax>
			<ymax>2674</ymax>
		</bndbox>
	</object>
	<object>
		<name>삼계탕</name>
		<bndbox>
			<xmin>1288</xmin>
			<ymin>941</ymin>
			<xmax>3353</xmax>
			<ymax>1971</ymax>
		</bndbox>
	</object>
</annotation>