<annotation>
	<folder>side건더기국류뚝배기q2</folder>
	<filename>side_건더기국류_뚝배기_삼계탕_Q2_00044.JPG</filename>
	<path>/side건더기국류뚝배기삼계탕q2/side_건더기국류_뚝배기_삼계탕_Q2_00044.JPG</path>
	<source>
		<database>fooddata</database>
	</source>
	<size>
		<width>5472</width>
		<height>3648</height>
		<depth>3</depth>
	</size>
	<object>
		<name>ref_spoon</name>
		<bndbox>
			<xmin>973</xmin>
			<ymin>1423</ymin>
			<xmax>1410</xmax>
			<ymax>2176</ymax>
		</bndbox>
	</object>
	<object>
		<name>ref_fork</name>
		<bndbox>
			<xmin>1632</xmin>
			<ymin>1423</ymin>
			<xmax>1936</xmax>
			<ymax>2292</ymax>
		</bndbox>
	</object>
	<object>
		<name>ref_coin</name>
		<bndbox>
			<xmin>2545</xmin>
			<ymin>343</ymin>
			<xmax>2855</xmax>
			<ymax>548</ymax>
		</bndbox>
	</object>
	<object>
		<name>dish</name>
		<bndbox>
			<xmin>2086</xmin>
			<ymin>775</ymin>
			<xmax>4566</xmax>
			<ymax>2939</ymax>
		</bndbox>
	</object>
	<object>
		<name>삼계탕</name>
		<bndbox>
			<xmin>2384</xmin>
			<ymin>1406</ymin>
			<xmax>4278</xmax>
			<ymax>2331</ymax>
		</bndbox>
	</object>
</annotation>