<annotation>
	<folder>side건더기국류뚝배기q2</folder>
	<filename>side_건더기국류_뚝배기_삼계탕_Q2_00048.JPG</filename>
	<path>/side건더기국류뚝배기삼계탕q2/side_건더기국류_뚝배기_삼계탕_Q2_00048.JPG</path>
	<source>
		<database>fooddata</database>
	</source>
	<size>
		<width>5472</width>
		<height>3648</height>
		<depth>3</depth>
	</size>
	<object>
		<name>ref_spoon</name>
		<bndbox>
			<xmin>735</xmin>
			<ymin>902</ymin>
			<xmax>1200</xmax>
			<ymax>1644</ymax>
		</bndbox>
	</object>
	<object>
		<name>ref_fork</name>
		<bndbox>
			<xmin>1421</xmin>
			<ymin>902</ymin>
			<xmax>1753</xmax>
			<ymax>1738</ymax>
		</bndbox>
	</object>
	<object>
		<name>ref_coin</name>
		<bndbox>
			<xmin>3768</xmin>
			<ymin>2685</ymin>
			<xmax>4167</xmax>
			<ymax>3006</ymax>
		</bndbox>
	</object>
	<object>
		<name>dish</name>
		<bndbox>
			<xmin>1903</xmin>
			<ymin>260</ymin>
			<xmax>4543</xmax>
			<ymax>2508</ymax>
		</bndbox>
	</object>
	<object>
		<name>삼계탕</name>
		<bndbox>
			<xmin>2235</xmin>
			<ymin>913</ymin>
			<xmax>4195</xmax>
			<ymax>1843</ymax>
		</bndbox>
	</object>
</annotation>