<annotation>
	<folder>side건더기국류뚝배기q2</folder>
	<filename>side_건더기국류_뚝배기_삼계탕_Q2_00029.JPG</filename>
	<path>/side건더기국류뚝배기삼계탕q2/side_건더기국류_뚝배기_삼계탕_Q2_00029.JPG</path>
	<source>
		<database>fooddata</database>
	</source>
	<size>
		<width>5472</width>
		<height>3648</height>
		<depth>3</depth>
	</size>
	<object>
		<name>ref_spoon</name>
		<bndbox>
			<xmin>1499</xmin>
			<ymin>2729</ymin>
			<xmax>2418</xmax>
			<ymax>3161</ymax>
		</bndbox>
	</object>
	<object>
		<name>ref_fork</name>
		<bndbox>
			<xmin>1532</xmin>
			<ymin>2358</ymin>
			<xmax>2528</xmax>
			<ymax>2707</ymax>
		</bndbox>
	</object>
	<object>
		<name>ref_coin</name>
		<bndbox>
			<xmin>895</xmin>
			<ymin>1002</ymin>
			<xmax>1200</xmax>
			<ymax>1229</ymax>
		</bndbox>
	</object>
	<object>
		<name>dish</name>
		<bndbox>
			<xmin>1886</xmin>
			<ymin>111</ymin>
			<xmax>4272</xmax>
			<ymax>2148</ymax>
		</bndbox>
	</object>
	<object>
		<name>삼계탕</name>
		<bndbox>
			<xmin>2174</xmin>
			<ymin>697</ymin>
			<xmax>3968</xmax>
			<ymax>1539</ymax>
		</bndbox>
	</object>
</annotation>