<annotation>
	<folder>side건더기국류뚝배기q2</folder>
	<filename>side_건더기국류_뚝배기_삼계탕_Q2_00036.JPG</filename>
	<path>/side건더기국류뚝배기삼계탕q2/side_건더기국류_뚝배기_삼계탕_Q2_00036.JPG</path>
	<source>
		<database>fooddata</database>
	</source>
	<size>
		<width>5472</width>
		<height>3648</height>
		<depth>3</depth>
	</size>
	<object>
		<name>ref_spoon</name>
		<bndbox>
			<xmin>967</xmin>
			<ymin>1234</ymin>
			<xmax>1377</xmax>
			<ymax>1954</ymax>
		</bndbox>
	</object>
	<object>
		<name>ref_fork</name>
		<bndbox>
			<xmin>1571</xmin>
			<ymin>1246</ymin>
			<xmax>1859</xmax>
			<ymax>2054</ymax>
		</bndbox>
	</object>
	<object>
		<name>ref_coin</name>
		<bndbox>
			<xmin>3608</xmin>
			<ymin>2934</ymin>
			<xmax>3957</xmax>
			<ymax>3238</ymax>
		</bndbox>
	</object>
	<object>
		<name>dish</name>
		<bndbox>
			<xmin>1997</xmin>
			<ymin>614</ymin>
			<xmax>4300</xmax>
			<ymax>2607</ymax>
		</bndbox>
	</object>
	<object>
		<name>삼계탕</name>
		<bndbox>
			<xmin>2268</xmin>
			<ymin>1174</ymin>
			<xmax>3995</xmax>
			<ymax>2021</ymax>
		</bndbox>
	</object>
</annotation>