<annotation>
	<folder>side건더기국류뚝배기q2</folder>
	<filename>side_건더기국류_뚝배기_삼계탕_Q2_00025.JPG</filename>
	<path>/side건더기국류뚝배기삼계탕q2/side_건더기국류_뚝배기_삼계탕_Q2_00025.JPG</path>
	<source>
		<database>fooddata</database>
	</source>
	<size>
		<width>5472</width>
		<height>3648</height>
		<depth>3</depth>
	</size>
	<object>
		<name>ref_spoon</name>
		<bndbox>
			<xmin>1715</xmin>
			<ymin>2984</ymin>
			<xmax>2606</xmax>
			<ymax>3416</ymax>
		</bndbox>
	</object>
	<object>
		<name>ref_fork</name>
		<bndbox>
			<xmin>1742</xmin>
			<ymin>2624</ymin>
			<xmax>2700</xmax>
			<ymax>2951</ymax>
		</bndbox>
	</object>
	<object>
		<name>ref_coin</name>
		<bndbox>
			<xmin>2373</xmin>
			<ymin>249</ymin>
			<xmax>2650</xmax>
			<ymax>437</ymax>
		</bndbox>
	</object>
	<object>
		<name>dish</name>
		<bndbox>
			<xmin>1931</xmin>
			<ymin>454</ymin>
			<xmax>4244</xmax>
			<ymax>2452</ymax>
		</bndbox>
	</object>
	<object>
		<name>삼계탕</name>
		<bndbox>
			<xmin>2213</xmin>
			<ymin>1030</ymin>
			<xmax>3946</xmax>
			<ymax>1860</ymax>
		</bndbox>
	</object>
</annotation>