<annotation>
	<folder>side건더기국류뚝배기q2</folder>
	<filename>side_건더기국류_뚝배기_삼계탕_Q2_00006.JPG</filename>
	<path>/side건더기국류뚝배기삼계탕q2/side_건더기국류_뚝배기_삼계탕_Q2_00006.JPG</path>
	<source>
		<database>fooddata</database>
	</source>
	<size>
		<width>5472</width>
		<height>3648</height>
		<depth>3</depth>
	</size>
	<object>
		<name>ref_spoon</name>
		<bndbox>
			<xmin>4089</xmin>
			<ymin>742</ymin>
			<xmax>4582</xmax>
			<ymax>1556</ymax>
		</bndbox>
	</object>
	<object>
		<name>ref_fork</name>
		<bndbox>
			<xmin>4892</xmin>
			<ymin>720</ymin>
			<xmax>5241</xmax>
			<ymax>1622</ymax>
		</bndbox>
	</object>
	<object>
		<name>ref_coin</name>
		<bndbox>
			<xmin>918</xmin>
			<ymin>2502</ymin>
			<xmax>1333</xmax>
			<ymax>2845</ymax>
		</bndbox>
	</object>
	<object>
		<name>dish</name>
		<bndbox>
			<xmin>1211</xmin>
			<ymin>194</ymin>
			<xmax>3957</xmax>
			<ymax>2574</ymax>
		</bndbox>
	</object>
	<object>
		<name>삼계탕</name>
		<bndbox>
			<xmin>1554</xmin>
			<ymin>847</ymin>
			<xmax>3613</xmax>
			<ymax>1893</ymax>
		</bndbox>
	</object>
</annotation>