<annotation>
	<folder>side건더기국류뚝배기q2</folder>
	<filename>side_건더기국류_뚝배기_삼계탕_Q2_00016.JPG</filename>
	<path>/side건더기국류뚝배기삼계탕q2/side_건더기국류_뚝배기_삼계탕_Q2_00016.JPG</path>
	<source>
		<database>fooddata</database>
	</source>
	<size>
		<width>5472</width>
		<height>3648</height>
		<depth>3</depth>
	</size>
	<object>
		<name>ref_spoon</name>
		<bndbox>
			<xmin>3890</xmin>
			<ymin>1124</ymin>
			<xmax>4377</xmax>
			<ymax>1849</ymax>
		</bndbox>
	</object>
	<object>
		<name>ref_fork</name>
		<bndbox>
			<xmin>4671</xmin>
			<ymin>1085</ymin>
			<xmax>5019</xmax>
			<ymax>1926</ymax>
		</bndbox>
	</object>
	<object>
		<name>ref_coin</name>
		<bndbox>
			<xmin>3458</xmin>
			<ymin>2856</ymin>
			<xmax>3835</xmax>
			<ymax>3172</ymax>
		</bndbox>
	</object>
	<object>
		<name>dish</name>
		<bndbox>
			<xmin>1045</xmin>
			<ymin>465</ymin>
			<xmax>3735</xmax>
			<ymax>2784</ymax>
		</bndbox>
	</object>
	<object>
		<name>삼계탕</name>
		<bndbox>
			<xmin>1388</xmin>
			<ymin>1107</ymin>
			<xmax>3414</xmax>
			<ymax>2092</ymax>
		</bndbox>
	</object>
</annotation>