<annotation>
	<folder>side건더기국류뚝배기q2</folder>
	<filename>side_건더기국류_뚝배기_삼계탕_Q2_00002.JPG</filename>
	<path>/side건더기국류뚝배기삼계탕q2/side_건더기국류_뚝배기_삼계탕_Q2_00002.JPG</path>
	<source>
		<database>fooddata</database>
	</source>
	<size>
		<width>5472</width>
		<height>3648</height>
		<depth>3</depth>
	</size>
	<object>
		<name>ref_spoon</name>
		<bndbox>
			<xmin>4101</xmin>
			<ymin>758</ymin>
			<xmax>4599</xmax>
			<ymax>1544</ymax>
		</bndbox>
	</object>
	<object>
		<name>ref_fork</name>
		<bndbox>
			<xmin>4887</xmin>
			<ymin>736</ymin>
			<xmax>5246</xmax>
			<ymax>1644</ymax>
		</bndbox>
	</object>
	<object>
		<name>ref_coin</name>
		<bndbox>
			<xmin>3076</xmin>
			<ymin>2873</ymin>
			<xmax>3492</xmax>
			<ymax>3216</ymax>
		</bndbox>
	</object>
	<object>
		<name>dish</name>
		<bndbox>
			<xmin>1288</xmin>
			<ymin>161</ymin>
			<xmax>4018</xmax>
			<ymax>2530</ymax>
		</bndbox>
	</object>
	<object>
		<name>삼계탕</name>
		<bndbox>
			<xmin>1632</xmin>
			<ymin>808</ymin>
			<xmax>3669</xmax>
			<ymax>1849</ymax>
		</bndbox>
	</object>
</annotation>