<annotation>
	<folder>side건더기국류뚝배기q2</folder>
	<filename>side_건더기국류_뚝배기_삼계탕_Q2_00022.JPG</filename>
	<path>/side건더기국류뚝배기삼계탕q2/side_건더기국류_뚝배기_삼계탕_Q2_00022.JPG</path>
	<source>
		<database>fooddata</database>
	</source>
	<size>
		<width>5472</width>
		<height>3648</height>
		<depth>3</depth>
	</size>
	<object>
		<name>ref_spoon</name>
		<bndbox>
			<xmin>1803</xmin>
			<ymin>2641</ymin>
			<xmax>2711</xmax>
			<ymax>3078</ymax>
		</bndbox>
	</object>
	<object>
		<name>ref_fork</name>
		<bndbox>
			<xmin>1836</xmin>
			<ymin>2275</ymin>
			<xmax>2778</xmax>
			<ymax>2607</ymax>
		</bndbox>
	</object>
	<object>
		<name>ref_coin</name>
		<bndbox>
			<xmin>4477</xmin>
			<ymin>443</ymin>
			<xmax>4781</xmax>
			<ymax>670</ymax>
		</bndbox>
	</object>
	<object>
		<name>dish</name>
		<bndbox>
			<xmin>1964</xmin>
			<ymin>55</ymin>
			<xmax>4350</xmax>
			<ymax>2109</ymax>
		</bndbox>
	</object>
	<object>
		<name>삼계탕</name>
		<bndbox>
			<xmin>2252</xmin>
			<ymin>565</ymin>
			<xmax>4062</xmax>
			<ymax>1500</ymax>
		</bndbox>
	</object>
</annotation>