<annotation>
	<folder>side건더기국류뚝배기q2</folder>
	<filename>side_건더기국류_뚝배기_삼계탕_Q2_00026.JPG</filename>
	<path>/side건더기국류뚝배기삼계탕q2/side_건더기국류_뚝배기_삼계탕_Q2_00026.JPG</path>
	<source>
		<database>fooddata</database>
	</source>
	<size>
		<width>5472</width>
		<height>3648</height>
		<depth>3</depth>
	</size>
	<object>
		<name>ref_spoon</name>
		<bndbox>
			<xmin>1726</xmin>
			<ymin>2901</ymin>
			<xmax>2650</xmax>
			<ymax>3327</ymax>
		</bndbox>
	</object>
	<object>
		<name>ref_fork</name>
		<bndbox>
			<xmin>1764</xmin>
			<ymin>2546</ymin>
			<xmax>2772</xmax>
			<ymax>2873</ymax>
		</bndbox>
	</object>
	<object>
		<name>ref_coin</name>
		<bndbox>
			<xmin>1903</xmin>
			<ymin>227</ymin>
			<xmax>2174</xmax>
			<ymax>415</ymax>
		</bndbox>
	</object>
	<object>
		<name>dish</name>
		<bndbox>
			<xmin>1914</xmin>
			<ymin>371</ymin>
			<xmax>4244</xmax>
			<ymax>2353</ymax>
		</bndbox>
	</object>
	<object>
		<name>삼계탕</name>
		<bndbox>
			<xmin>2213</xmin>
			<ymin>936</ymin>
			<xmax>3934</xmax>
			<ymax>1766</ymax>
		</bndbox>
	</object>
</annotation>