<annotation>
	<folder>top건더기국류뚝배기q2</folder>
	<filename>top_건더기국류_뚝배기_삼계탕_Q2_00050.JPG</filename>
	<path>/top건더기국류뚝배기삼계탕q2/top_건더기국류_뚝배기_삼계탕_Q2_00050.JPG</path>
	<source>
		<database>fooddata</database>
	</source>
	<size>
		<width>5472</width>
		<height>3648</height>
		<depth>3</depth>
	</size>
	<object>
		<name>ref_spoon</name>
		<bndbox>
			<xmin>433</xmin>
			<ymin>549</ymin>
			<xmax>982</xmax>
			<ymax>1484</ymax>
		</bndbox>
	</object>
	<object>
		<name>ref_fork</name>
		<bndbox>
			<xmin>1194</xmin>
			<ymin>578</ymin>
			<xmax>1565</xmax>
			<ymax>1629</ymax>
		</bndbox>
	</object>
	<object>
		<name>ref_coin</name>
		<bndbox>
			<xmin>4538</xmin>
			<ymin>554</ymin>
			<xmax>4914</xmax>
			<ymax>925</ymax>
		</bndbox>
	</object>
	<object>
		<name>dish</name>
		<bndbox>
			<xmin>1767</xmin>
			<ymin>275</ymin>
			<xmax>4760</xmax>
			<ymax>3234</ymax>
		</bndbox>
	</object>
	<object>
		<name>삼계탕</name>
		<bndbox>
			<xmin>2153</xmin>
			<ymin>757</ymin>
			<xmax>4350</xmax>
			<ymax>2909</ymax>
		</bndbox>
	</object>
</annotation>