<annotation>
	<folder>top건더기국류뚝배기q2</folder>
	<filename>top_건더기국류_뚝배기_삼계탕_Q2_00031.JPG</filename>
	<path>/top건더기국류뚝배기삼계탕q2/top_건더기국류_뚝배기_삼계탕_Q2_00031.JPG</path>
	<source>
		<database>fooddata</database>
	</source>
	<size>
		<width>5472</width>
		<height>3648</height>
		<depth>3</depth>
	</size>
	<object>
		<name>ref_spoon</name>
		<bndbox>
			<xmin>1844</xmin>
			<ymin>2801</ymin>
			<xmax>2654</xmax>
			<ymax>3262</ymax>
		</bndbox>
	</object>
	<object>
		<name>ref_fork</name>
		<bndbox>
			<xmin>1941</xmin>
			<ymin>2407</ymin>
			<xmax>2803</xmax>
			<ymax>2703</ymax>
		</bndbox>
	</object>
	<object>
		<name>ref_coin</name>
		<bndbox>
			<xmin>1551</xmin>
			<ymin>1595</ymin>
			<xmax>1864</xmax>
			<ymax>1904</ymax>
		</bndbox>
	</object>
	<object>
		<name>dish</name>
		<bndbox>
			<xmin>2307</xmin>
			<ymin>67</ymin>
			<xmax>4702</xmax>
			<ymax>2448</ymax>
		</bndbox>
	</object>
	<object>
		<name>삼계탕</name>
		<bndbox>
			<xmin>2582</xmin>
			<ymin>477</ymin>
			<xmax>4341</xmax>
			<ymax>2197</ymax>
		</bndbox>
	</object>
</annotation>