<annotation>
	<folder>top건더기국류뚝배기q2</folder>
	<filename>top_건더기국류_뚝배기_삼계탕_Q2_00030.JPG</filename>
	<path>/top건더기국류뚝배기삼계탕q2/top_건더기국류_뚝배기_삼계탕_Q2_00030.JPG</path>
	<source>
		<database>fooddata</database>
	</source>
	<size>
		<width>5472</width>
		<height>3648</height>
		<depth>3</depth>
	</size>
	<object>
		<name>ref_spoon</name>
		<bndbox>
			<xmin>1796</xmin>
			<ymin>2867</ymin>
			<xmax>2630</xmax>
			<ymax>3334</ymax>
		</bndbox>
	</object>
	<object>
		<name>ref_fork</name>
		<bndbox>
			<xmin>1893</xmin>
			<ymin>2478</ymin>
			<xmax>2784</xmax>
			<ymax>2776</ymax>
		</bndbox>
	</object>
	<object>
		<name>ref_coin</name>
		<bndbox>
			<xmin>1642</xmin>
			<ymin>1899</ymin>
			<xmax>1950</xmax>
			<ymax>2217</ymax>
		</bndbox>
	</object>
	<object>
		<name>dish</name>
		<bndbox>
			<xmin>2187</xmin>
			<ymin>120</ymin>
			<xmax>4587</xmax>
			<ymax>2511</ymax>
		</bndbox>
	</object>
	<object>
		<name>삼계탕</name>
		<bndbox>
			<xmin>2466</xmin>
			<ymin>530</ymin>
			<xmax>4225</xmax>
			<ymax>2260</ymax>
		</bndbox>
	</object>
</annotation>