<annotation>
	<folder>top건더기국류뚝배기q2</folder>
	<filename>top_건더기국류_뚝배기_삼계탕_Q2_00025.JPG</filename>
	<path>/top건더기국류뚝배기삼계탕q2/top_건더기국류_뚝배기_삼계탕_Q2_00025.JPG</path>
	<source>
		<database>fooddata</database>
	</source>
	<size>
		<width>5472</width>
		<height>3648</height>
		<depth>3</depth>
	</size>
	<object>
		<name>ref_spoon</name>
		<bndbox>
			<xmin>1825</xmin>
			<ymin>2944</ymin>
			<xmax>2567</xmax>
			<ymax>3373</ymax>
		</bndbox>
	</object>
	<object>
		<name>ref_fork</name>
		<bndbox>
			<xmin>1926</xmin>
			<ymin>2593</ymin>
			<xmax>2678</xmax>
			<ymax>2867</ymax>
		</bndbox>
	</object>
	<object>
		<name>ref_coin</name>
		<bndbox>
			<xmin>2225</xmin>
			<ymin>188</ymin>
			<xmax>2495</xmax>
			<ymax>439</ymax>
		</bndbox>
	</object>
	<object>
		<name>dish</name>
		<bndbox>
			<xmin>1922</xmin>
			<ymin>501</ymin>
			<xmax>4052</xmax>
			<ymax>2593</ymax>
		</bndbox>
	</object>
	<object>
		<name>삼계탕</name>
		<bndbox>
			<xmin>2182</xmin>
			<ymin>860</ymin>
			<xmax>3743</xmax>
			<ymax>2376</ymax>
		</bndbox>
	</object>
</annotation>