<annotation>
	<folder>top건더기국류뚝배기q2</folder>
	<filename>top_건더기국류_뚝배기_삼계탕_Q2_00023.JPG</filename>
	<path>/top건더기국류뚝배기삼계탕q2/top_건더기국류_뚝배기_삼계탕_Q2_00023.JPG</path>
	<source>
		<database>fooddata</database>
	</source>
	<size>
		<width>5472</width>
		<height>3648</height>
		<depth>3</depth>
	</size>
	<object>
		<name>ref_spoon</name>
		<bndbox>
			<xmin>1902</xmin>
			<ymin>2973</ymin>
			<xmax>2635</xmax>
			<ymax>3388</ymax>
		</bndbox>
	</object>
	<object>
		<name>ref_fork</name>
		<bndbox>
			<xmin>1984</xmin>
			<ymin>2626</ymin>
			<xmax>2741</xmax>
			<ymax>2887</ymax>
		</bndbox>
	</object>
	<object>
		<name>ref_coin</name>
		<bndbox>
			<xmin>2996</xmin>
			<ymin>130</ymin>
			<xmax>3261</xmax>
			<ymax>376</ymax>
		</bndbox>
	</object>
	<object>
		<name>dish</name>
		<bndbox>
			<xmin>1936</xmin>
			<ymin>487</ymin>
			<xmax>4042</xmax>
			<ymax>2583</ymax>
		</bndbox>
	</object>
	<object>
		<name>삼계탕</name>
		<bndbox>
			<xmin>2194</xmin>
			<ymin>860</ymin>
			<xmax>3738</xmax>
			<ymax>2366</ymax>
		</bndbox>
	</object>
</annotation>