<annotation>
	<folder>top건더기국류뚝배기q2</folder>
	<filename>top_건더기국류_뚝배기_삼계탕_Q2_00039.JPG</filename>
	<path>/top건더기국류뚝배기삼계탕q2/top_건더기국류_뚝배기_삼계탕_Q2_00039.JPG</path>
	<source>
		<database>fooddata</database>
	</source>
	<size>
		<width>5472</width>
		<height>3648</height>
		<depth>3</depth>
	</size>
	<object>
		<name>ref_spoon</name>
		<bndbox>
			<xmin>394</xmin>
			<ymin>554</ymin>
			<xmax>943</xmax>
			<ymax>1508</ymax>
		</bndbox>
	</object>
	<object>
		<name>ref_fork</name>
		<bndbox>
			<xmin>1155</xmin>
			<ymin>602</ymin>
			<xmax>1522</xmax>
			<ymax>1634</ymax>
		</bndbox>
	</object>
	<object>
		<name>ref_coin</name>
		<bndbox>
			<xmin>4649</xmin>
			<ymin>337</ymin>
			<xmax>5025</xmax>
			<ymax>704</ymax>
		</bndbox>
	</object>
	<object>
		<name>dish</name>
		<bndbox>
			<xmin>1743</xmin>
			<ymin>318</ymin>
			<xmax>4736</xmax>
			<ymax>3272</ymax>
		</bndbox>
	</object>
	<object>
		<name>삼계탕</name>
		<bndbox>
			<xmin>2134</xmin>
			<ymin>766</ymin>
			<xmax>4326</xmax>
			<ymax>2911</ymax>
		</bndbox>
	</object>
</annotation>