<annotation>
	<folder>side부침개류사각배달달걀말이q5</folder>
	<filename>side_부침개류_사각배달_달걀말이_Q5_00012.JPG</filename>
	<path>/side부침개류사각배달달걀말이q5/side_부침개류_사각배달_달걀말이_Q5_00012.JPG</path>
	<source>
		<database>fooddata</database>
	</source>
	<size>
		<width>3008</width>
		<height>2000</height>
		<depth>3</depth>
	</size>
	<object>
		<name>ref_spoon</name>
		<bndbox>
			<xmin>2070</xmin>
			<ymin>472</ymin>
			<xmax>2350</xmax>
			<ymax>817</ymax>
		</bndbox>
	</object>
	<object>
		<name>ref_fork</name>
		<bndbox>
			<xmin>2440</xmin>
			<ymin>439</ymin>
			<xmax>2651</xmax>
			<ymax>817</ymax>
		</bndbox>
	</object>
	<object>
		<name>ref_coin</name>
		<bndbox>
			<xmin>335</xmin>
			<ymin>1205</ymin>
			<xmax>553</xmax>
			<ymax>1361</ymax>
		</bndbox>
	</object>
	<object>
		<name>dish</name>
		<bndbox>
			<xmin>691</xmin>
			<ymin>403</ymin>
			<xmax>1845</xmax>
			<ymax>1390</ymax>
		</bndbox>
	</object>
	<object>
		<name>달걀말이</name>
		<bndbox>
			<xmin>1054</xmin>
			<ymin>613</ymin>
			<xmax>1595</xmax>
			<ymax>1249</ymax>
		</bndbox>
	</object>
</annotation>