<annotation>
	<folder>side부침개류사각배달달걀말이q5</folder>
	<filename>side_부침개류_사각배달_달걀말이_Q5_00053.JPG</filename>
	<path>/side부침개류사각배달달걀말이q5/side_부침개류_사각배달_달걀말이_Q5_00053.JPG</path>
	<source>
		<database>fooddata</database>
	</source>
	<size>
		<width>3008</width>
		<height>2000</height>
		<depth>3</depth>
	</size>
	<object>
		<name>ref_spoon</name>
		<bndbox>
			<xmin>259</xmin>
			<ymin>446</ymin>
			<xmax>535</xmax>
			<ymax>795</ymax>
		</bndbox>
	</object>
	<object>
		<name>ref_fork</name>
		<bndbox>
			<xmin>676</xmin>
			<ymin>417</ymin>
			<xmax>865</xmax>
			<ymax>824</ymax>
		</bndbox>
	</object>
	<object>
		<name>ref_coin</name>
		<bndbox>
			<xmin>2502</xmin>
			<ymin>933</ymin>
			<xmax>2731</xmax>
			<ymax>1100</ymax>
		</bndbox>
	</object>
	<object>
		<name>dish</name>
		<bndbox>
			<xmin>1043</xmin>
			<ymin>359</ymin>
			<xmax>2223</xmax>
			<ymax>1456</ymax>
		</bndbox>
	</object>
	<object>
		<name>달걀말이</name>
		<bndbox>
			<xmin>1319</xmin>
			<ymin>534</ymin>
			<xmax>1874</xmax>
			<ymax>1332</ymax>
		</bndbox>
	</object>
</annotation>