<annotation>
	<folder>side부침개류사각배달달걀말이q5</folder>
	<filename>side_부침개류_사각배달_달걀말이_Q5_00004.JPG</filename>
	<path>/side부침개류사각배달달걀말이q5/side_부침개류_사각배달_달걀말이_Q5_00004.JPG</path>
	<source>
		<database>fooddata</database>
	</source>
	<size>
		<width>3008</width>
		<height>2000</height>
		<depth>3</depth>
	</size>
	<object>
		<name>ref_spoon</name>
		<bndbox>
			<xmin>2088</xmin>
			<ymin>566</ymin>
			<xmax>2375</xmax>
			<ymax>929</ymax>
		</bndbox>
	</object>
	<object>
		<name>ref_fork</name>
		<bndbox>
			<xmin>2484</xmin>
			<ymin>570</ymin>
			<xmax>2687</xmax>
			<ymax>976</ymax>
		</bndbox>
	</object>
	<object>
		<name>ref_coin</name>
		<bndbox>
			<xmin>1733</xmin>
			<ymin>1488</ymin>
			<xmax>1965</xmax>
			<ymax>1662</ymax>
		</bndbox>
	</object>
	<object>
		<name>dish</name>
		<bndbox>
			<xmin>324</xmin>
			<ymin>446</ymin>
			<xmax>1660</xmax>
			<ymax>1535</ymax>
		</bndbox>
	</object>
	<object>
		<name>달걀말이</name>
		<bndbox>
			<xmin>647</xmin>
			<ymin>668</ymin>
			<xmax>1330</xmax>
			<ymax>1397</ymax>
		</bndbox>
	</object>
</annotation>