<annotation>
	<folder>side부침개류사각배달달걀말이q5</folder>
	<filename>side_부침개류_사각배달_달걀말이_Q5_00052.JPG</filename>
	<path>/side부침개류사각배달달걀말이q5/side_부침개류_사각배달_달걀말이_Q5_00052.JPG</path>
	<source>
		<database>fooddata</database>
	</source>
	<size>
		<width>3008</width>
		<height>2000</height>
		<depth>3</depth>
	</size>
	<object>
		<name>ref_spoon</name>
		<bndbox>
			<xmin>226</xmin>
			<ymin>530</ymin>
			<xmax>506</xmax>
			<ymax>878</ymax>
		</bndbox>
	</object>
	<object>
		<name>ref_fork</name>
		<bndbox>
			<xmin>651</xmin>
			<ymin>505</ymin>
			<xmax>836</xmax>
			<ymax>900</ymax>
		</bndbox>
	</object>
	<object>
		<name>ref_coin</name>
		<bndbox>
			<xmin>2618</xmin>
			<ymin>1477</ymin>
			<xmax>2854</xmax>
			<ymax>1648</ymax>
		</bndbox>
	</object>
	<object>
		<name>dish</name>
		<bndbox>
			<xmin>1123</xmin>
			<ymin>377</ymin>
			<xmax>2636</xmax>
			<ymax>1532</ymax>
		</bndbox>
	</object>
	<object>
		<name>달걀말이</name>
		<bndbox>
			<xmin>1391</xmin>
			<ymin>595</ymin>
			<xmax>2270</xmax>
			<ymax>1390</ymax>
		</bndbox>
	</object>
</annotation>