<annotation>
	<folder>side부침개류사각배달달걀말이q5</folder>
	<filename>side_부침개류_사각배달_달걀말이_Q5_00034.JPG</filename>
	<path>/side부침개류사각배달달걀말이q5/side_부침개류_사각배달_달걀말이_Q5_00034.JPG</path>
	<source>
		<database>fooddata</database>
	</source>
	<size>
		<width>3008</width>
		<height>2000</height>
		<depth>3</depth>
	</size>
	<object>
		<name>ref_spoon</name>
		<bndbox>
			<xmin>375</xmin>
			<ymin>454</ymin>
			<xmax>673</xmax>
			<ymax>824</ymax>
		</bndbox>
	</object>
	<object>
		<name>ref_fork</name>
		<bndbox>
			<xmin>818</xmin>
			<ymin>457</ymin>
			<xmax>1021</xmax>
			<ymax>886</ymax>
		</bndbox>
	</object>
	<object>
		<name>ref_coin</name>
		<bndbox>
			<xmin>1377</xmin>
			<ymin>1684</ymin>
			<xmax>1627</xmax>
			<ymax>1873</ymax>
		</bndbox>
	</object>
	<object>
		<name>dish</name>
		<bndbox>
			<xmin>1152</xmin>
			<ymin>290</ymin>
			<xmax>2687</xmax>
			<ymax>1495</ymax>
		</bndbox>
	</object>
	<object>
		<name>달걀말이</name>
		<bndbox>
			<xmin>1497</xmin>
			<ymin>621</ymin>
			<xmax>2328</xmax>
			<ymax>1354</ymax>
		</bndbox>
	</object>
</annotation>