<annotation>
	<folder>side부침개류사각배달달걀말이q5</folder>
	<filename>side_부침개류_사각배달_달걀말이_Q5_00003.JPG</filename>
	<path>/side부침개류사각배달달걀말이q5/side_부침개류_사각배달_달걀말이_Q5_00003.JPG</path>
	<source>
		<database>fooddata</database>
	</source>
	<size>
		<width>3008</width>
		<height>2000</height>
		<depth>3</depth>
	</size>
	<object>
		<name>ref_spoon</name>
		<bndbox>
			<xmin>2132</xmin>
			<ymin>628</ymin>
			<xmax>2422</xmax>
			<ymax>998</ymax>
		</bndbox>
	</object>
	<object>
		<name>ref_fork</name>
		<bndbox>
			<xmin>2528</xmin>
			<ymin>624</ymin>
			<xmax>2731</xmax>
			<ymax>1027</ymax>
		</bndbox>
	</object>
	<object>
		<name>ref_coin</name>
		<bndbox>
			<xmin>1453</xmin>
			<ymin>1641</ymin>
			<xmax>1693</xmax>
			<ymax>1808</ymax>
		</bndbox>
	</object>
	<object>
		<name>dish</name>
		<bndbox>
			<xmin>404</xmin>
			<ymin>436</ymin>
			<xmax>1773</xmax>
			<ymax>1550</ymax>
		</bndbox>
	</object>
	<object>
		<name>달걀말이</name>
		<bndbox>
			<xmin>684</xmin>
			<ymin>693</ymin>
			<xmax>1410</xmax>
			<ymax>1416</ymax>
		</bndbox>
	</object>
</annotation>