<annotation>
	<folder>side부침개류사각배달달걀말이q5</folder>
	<filename>side_부침개류_사각배달_달걀말이_Q5_00050.JPG</filename>
	<path>/side부침개류사각배달달걀말이q5/side_부침개류_사각배달_달걀말이_Q5_00050.JPG</path>
	<source>
		<database>fooddata</database>
	</source>
	<size>
		<width>3008</width>
		<height>2000</height>
		<depth>3</depth>
	</size>
	<object>
		<name>ref_spoon</name>
		<bndbox>
			<xmin>226</xmin>
			<ymin>563</ymin>
			<xmax>502</xmax>
			<ymax>915</ymax>
		</bndbox>
	</object>
	<object>
		<name>ref_fork</name>
		<bndbox>
			<xmin>644</xmin>
			<ymin>541</ymin>
			<xmax>825</xmax>
			<ymax>944</ymax>
		</bndbox>
	</object>
	<object>
		<name>ref_coin</name>
		<bndbox>
			<xmin>2117</xmin>
			<ymin>1593</ymin>
			<xmax>2357</xmax>
			<ymax>1764</ymax>
		</bndbox>
	</object>
	<object>
		<name>dish</name>
		<bndbox>
			<xmin>1119</xmin>
			<ymin>599</ymin>
			<xmax>2691</xmax>
			<ymax>1434</ymax>
		</bndbox>
	</object>
	<object>
		<name>달걀말이</name>
		<bndbox>
			<xmin>1243</xmin>
			<ymin>886</ymin>
			<xmax>2535</xmax>
			<ymax>1318</ymax>
		</bndbox>
	</object>
</annotation>