<annotation>
	<folder>side부침개류사각배달달걀말이q5</folder>
	<filename>side_부침개류_사각배달_달걀말이_Q5_00046.JPG</filename>
	<path>/side부침개류사각배달달걀말이q5/side_부침개류_사각배달_달걀말이_Q5_00046.JPG</path>
	<source>
		<database>fooddata</database>
	</source>
	<size>
		<width>3008</width>
		<height>2000</height>
		<depth>3</depth>
	</size>
	<object>
		<name>ref_spoon</name>
		<bndbox>
			<xmin>255</xmin>
			<ymin>610</ymin>
			<xmax>531</xmax>
			<ymax>951</ymax>
		</bndbox>
	</object>
	<object>
		<name>ref_fork</name>
		<bndbox>
			<xmin>662</xmin>
			<ymin>606</ymin>
			<xmax>851</xmax>
			<ymax>991</ymax>
		</bndbox>
	</object>
	<object>
		<name>ref_coin</name>
		<bndbox>
			<xmin>869</xmin>
			<ymin>1376</ymin>
			<xmax>1097</xmax>
			<ymax>1543</ymax>
		</bndbox>
	</object>
	<object>
		<name>dish</name>
		<bndbox>
			<xmin>1032</xmin>
			<ymin>472</ymin>
			<xmax>2415</xmax>
			<ymax>1564</ymax>
		</bndbox>
	</object>
	<object>
		<name>달걀말이</name>
		<bndbox>
			<xmin>1330</xmin>
			<ymin>628</ymin>
			<xmax>2114</xmax>
			<ymax>1437</ymax>
		</bndbox>
	</object>
</annotation>