<annotation>
	<folder>top부침개류사각배달달걀말이q5</folder>
	<filename>top_부침개류_사각배달_달걀말이_Q5_00024.JPG</filename>
	<path>/top부침개류사각배달달걀말이q5/top_부침개류_사각배달_달걀말이_Q5_00024.JPG</path>
	<source>
		<database>fooddata</database>
	</source>
	<size>
		<width>3008</width>
		<height>2000</height>
		<depth>3</depth>
	</size>
	<object>
		<name>ref_spoon</name>
		<bndbox>
			<xmin>696</xmin>
			<ymin>1572</ymin>
			<xmax>1067</xmax>
			<ymax>1821</ymax>
		</bndbox>
	</object>
	<object>
		<name>ref_fork</name>
		<bndbox>
			<xmin>716</xmin>
			<ymin>1312</ymin>
			<xmax>1118</xmax>
			<ymax>1521</ymax>
		</bndbox>
	</object>
	<object>
		<name>ref_coin</name>
		<bndbox>
			<xmin>1026</xmin>
			<ymin>57</ymin>
			<xmax>1199</xmax>
			<ymax>220</ymax>
		</bndbox>
	</object>
	<object>
		<name>dish</name>
		<bndbox>
			<xmin>884</xmin>
			<ymin>154</ymin>
			<xmax>2149</xmax>
			<ymax>1302</ymax>
		</bndbox>
	</object>
	<object>
		<name>달걀말이</name>
		<bndbox>
			<xmin>1077</xmin>
			<ymin>403</ymin>
			<xmax>1931</xmax>
			<ymax>1069</ymax>
		</bndbox>
	</object>
</annotation>