<annotation>
	<folder>top부침개류사각배달달걀말이q5</folder>
	<filename>top_부침개류_사각배달_달걀말이_Q5_00045.JPG</filename>
	<path>/top부침개류사각배달달걀말이q5/top_부침개류_사각배달_달걀말이_Q5_00045.JPG</path>
	<source>
		<database>fooddata</database>
	</source>
	<size>
		<width>3008</width>
		<height>2000</height>
		<depth>3</depth>
	</size>
	<object>
		<name>ref_spoon</name>
		<bndbox>
			<xmin>325</xmin>
			<ymin>134</ymin>
			<xmax>625</xmax>
			<ymax>560</ymax>
		</bndbox>
	</object>
	<object>
		<name>ref_fork</name>
		<bndbox>
			<xmin>696</xmin>
			<ymin>184</ymin>
			<xmax>915</xmax>
			<ymax>672</ymax>
		</bndbox>
	</object>
	<object>
		<name>ref_coin</name>
		<bndbox>
			<xmin>965</xmin>
			<ymin>804</ymin>
			<xmax>1189</xmax>
			<ymax>1018</ymax>
		</bndbox>
	</object>
	<object>
		<name>dish</name>
		<bndbox>
			<xmin>1291</xmin>
			<ymin>469</ymin>
			<xmax>2754</xmax>
			<ymax>1572</ymax>
		</bndbox>
	</object>
	<object>
		<name>달걀말이</name>
		<bndbox>
			<xmin>1524</xmin>
			<ymin>652</ymin>
			<xmax>2520</xmax>
			<ymax>1333</ymax>
		</bndbox>
	</object>
</annotation>