<annotation>
	<folder>top부침개류사각배달달걀말이q5</folder>
	<filename>top_부침개류_사각배달_달걀말이_Q5_00009.JPG</filename>
	<path>/top부침개류사각배달달걀말이q5/top_부침개류_사각배달_달걀말이_Q5_00009.JPG</path>
	<source>
		<database>fooddata</database>
	</source>
	<size>
		<width>3008</width>
		<height>2000</height>
		<depth>3</depth>
	</size>
	<object>
		<name>ref_spoon</name>
		<bndbox>
			<xmin>2175</xmin>
			<ymin>357</ymin>
			<xmax>2454</xmax>
			<ymax>759</ymax>
		</bndbox>
	</object>
	<object>
		<name>ref_fork</name>
		<bndbox>
			<xmin>2510</xmin>
			<ymin>383</ymin>
			<xmax>2764</xmax>
			<ymax>835</ymax>
		</bndbox>
	</object>
	<object>
		<name>ref_coin</name>
		<bndbox>
			<xmin>1601</xmin>
			<ymin>357</ymin>
			<xmax>1809</xmax>
			<ymax>550</ymax>
		</bndbox>
	</object>
	<object>
		<name>dish</name>
		<bndbox>
			<xmin>346</xmin>
			<ymin>108</ymin>
			<xmax>1504</xmax>
			<ymax>1567</ymax>
		</bndbox>
	</object>
	<object>
		<name>달걀말이</name>
		<bndbox>
			<xmin>640</xmin>
			<ymin>306</ymin>
			<xmax>1260</xmax>
			<ymax>1333</ymax>
		</bndbox>
	</object>
</annotation>