<annotation>
	<folder>top부침개류사각배달달걀말이q5</folder>
	<filename>top_부침개류_사각배달_달걀말이_Q5_00028.JPG</filename>
	<path>/top부침개류사각배달달걀말이q5/top_부침개류_사각배달_달걀말이_Q5_00028.JPG</path>
	<source>
		<database>fooddata</database>
	</source>
	<size>
		<width>3008</width>
		<height>2000</height>
		<depth>3</depth>
	</size>
	<object>
		<name>ref_spoon</name>
		<bndbox>
			<xmin>777</xmin>
			<ymin>1597</ymin>
			<xmax>1128</xmax>
			<ymax>1846</ymax>
		</bndbox>
	</object>
	<object>
		<name>ref_fork</name>
		<bndbox>
			<xmin>813</xmin>
			<ymin>1363</ymin>
			<xmax>1179</xmax>
			<ymax>1546</ymax>
		</bndbox>
	</object>
	<object>
		<name>ref_coin</name>
		<bndbox>
			<xmin>986</xmin>
			<ymin>1008</ymin>
			<xmax>1148</xmax>
			<ymax>1170</ymax>
		</bndbox>
	</object>
	<object>
		<name>dish</name>
		<bndbox>
			<xmin>925</xmin>
			<ymin>113</ymin>
			<xmax>2017</xmax>
			<ymax>1297</ymax>
		</bndbox>
	</object>
	<object>
		<name>달걀말이</name>
		<bndbox>
			<xmin>1158</xmin>
			<ymin>317</ymin>
			<xmax>1799</xmax>
			<ymax>1109</ymax>
		</bndbox>
	</object>
</annotation>