<annotation>
	<folder>top부침개류사각배달달걀말이q5</folder>
	<filename>top_부침개류_사각배달_달걀말이_Q5_00033.JPG</filename>
	<path>/top부침개류사각배달달걀말이q5/top_부침개류_사각배달_달걀말이_Q5_00033.JPG</path>
	<source>
		<database>fooddata</database>
	</source>
	<size>
		<width>3008</width>
		<height>2000</height>
		<depth>3</depth>
	</size>
	<object>
		<name>ref_spoon</name>
		<bndbox>
			<xmin>782</xmin>
			<ymin>1546</ymin>
			<xmax>1128</xmax>
			<ymax>1795</ymax>
		</bndbox>
	</object>
	<object>
		<name>ref_fork</name>
		<bndbox>
			<xmin>793</xmin>
			<ymin>1312</ymin>
			<xmax>1179</xmax>
			<ymax>1490</ymax>
		</bndbox>
	</object>
	<object>
		<name>ref_coin</name>
		<bndbox>
			<xmin>1905</xmin>
			<ymin>840</ymin>
			<xmax>2083</xmax>
			<ymax>1008</ymax>
		</bndbox>
	</object>
	<object>
		<name>dish</name>
		<bndbox>
			<xmin>620</xmin>
			<ymin>240</ymin>
			<xmax>1839</xmax>
			<ymax>1272</ymax>
		</bndbox>
	</object>
	<object>
		<name>달걀말이</name>
		<bndbox>
			<xmin>833</xmin>
			<ymin>479</ymin>
			<xmax>1636</xmax>
			<ymax>1079</ymax>
		</bndbox>
	</object>
</annotation>