<annotation>
	<folder>side오므라이스접시오므라이스q4</folder>
	<filename>side_오므라이스_접시_오므라이스_Q4_00011.JPG</filename>
	<path>/side오므라이스접시오므라이스q4/side_오므라이스_접시_오므라이스_Q4_00011.JPG</path>
	<source>
		<database>fooddata</database>
	</source>
	<size>
		<width>5472</width>
		<height>3648</height>
		<depth>3</depth>
	</size>
	<object>
		<name>ref_spoon</name>
		<bndbox>
			<xmin>3854</xmin>
			<ymin>673</ymin>
			<xmax>4363</xmax>
			<ymax>1468</ymax>
		</bndbox>
	</object>
	<object>
		<name>ref_fork</name>
		<bndbox>
			<xmin>4474</xmin>
			<ymin>729</ymin>
			<xmax>4871</xmax>
			<ymax>1588</ymax>
		</bndbox>
	</object>
	<object>
		<name>ref_coin</name>
		<bndbox>
			<xmin>924</xmin>
			<ymin>775</ymin>
			<xmax>1313</xmax>
			<ymax>1098</ymax>
		</bndbox>
	</object>
	<object>
		<name>dish</name>
		<bndbox>
			<xmin>1313</xmin>
			<ymin>451</ymin>
			<xmax>3965</xmax>
			<ymax>3409</ymax>
		</bndbox>
	</object>
	<object>
		<name>오므라이스</name>
		<bndbox>
			<xmin>2070</xmin>
			<ymin>738</ymin>
			<xmax>3254</xmax>
			<ymax>2633</ymax>
		</bndbox>
	</object>
</annotation>