<annotation>
	<folder>side오므라이스접시오므라이스q4</folder>
	<filename>side_오므라이스_접시_오므라이스_Q4_00021.JPG</filename>
	<path>/side오므라이스접시오므라이스q4/side_오므라이스_접시_오므라이스_Q4_00021.JPG</path>
	<source>
		<database>fooddata</database>
	</source>
	<size>
		<width>5472</width>
		<height>3648</height>
		<depth>3</depth>
	</size>
	<object>
		<name>ref_spoon</name>
		<bndbox>
			<xmin>1682</xmin>
			<ymin>2919</ymin>
			<xmax>2736</xmax>
			<ymax>3465</ymax>
		</bndbox>
	</object>
	<object>
		<name>ref_fork</name>
		<bndbox>
			<xmin>1765</xmin>
			<ymin>2503</ymin>
			<xmax>2828</xmax>
			<ymax>2910</ymax>
		</bndbox>
	</object>
	<object>
		<name>ref_coin</name>
		<bndbox>
			<xmin>749</xmin>
			<ymin>1598</ymin>
			<xmax>1165</xmax>
			<ymax>1912</ymax>
		</bndbox>
	</object>
	<object>
		<name>dish</name>
		<bndbox>
			<xmin>1433</xmin>
			<ymin>267</ymin>
			<xmax>5148</xmax>
			<ymax>2245</ymax>
		</bndbox>
	</object>
	<object>
		<name>오므라이스</name>
		<bndbox>
			<xmin>2070</xmin>
			<ymin>488</ymin>
			<xmax>4400</xmax>
			<ymax>1533</ymax>
		</bndbox>
	</object>
</annotation>