<annotation>
	<folder>side오므라이스접시오므라이스q4</folder>
	<filename>side_오므라이스_접시_오므라이스_Q4_00020.JPG</filename>
	<path>/side오므라이스접시오므라이스q4/side_오므라이스_접시_오므라이스_Q4_00020.JPG</path>
	<source>
		<database>fooddata</database>
	</source>
	<size>
		<width>5472</width>
		<height>3648</height>
		<depth>3</depth>
	</size>
	<object>
		<name>ref_spoon</name>
		<bndbox>
			<xmin>1664</xmin>
			<ymin>3021</ymin>
			<xmax>2644</xmax>
			<ymax>3557</ymax>
		</bndbox>
	</object>
	<object>
		<name>ref_fork</name>
		<bndbox>
			<xmin>1738</xmin>
			<ymin>2614</ymin>
			<xmax>2810</xmax>
			<ymax>3003</ymax>
		</bndbox>
	</object>
	<object>
		<name>ref_coin</name>
		<bndbox>
			<xmin>1876</xmin>
			<ymin>2161</ymin>
			<xmax>2302</xmax>
			<ymax>2522</ymax>
		</bndbox>
	</object>
	<object>
		<name>dish</name>
		<bndbox>
			<xmin>1239</xmin>
			<ymin>193</ymin>
			<xmax>4899</xmax>
			<ymax>2152</ymax>
		</bndbox>
	</object>
	<object>
		<name>오므라이스</name>
		<bndbox>
			<xmin>1886</xmin>
			<ymin>405</ymin>
			<xmax>4224</xmax>
			<ymax>1450</ymax>
		</bndbox>
	</object>
</annotation>