<annotation>
	<folder>side오므라이스접시오므라이스q4</folder>
	<filename>side_오므라이스_접시_오므라이스_Q4_00044.JPG</filename>
	<path>/side오므라이스접시오므라이스q4/side_오므라이스_접시_오므라이스_Q4_00044.JPG</path>
	<source>
		<database>fooddata</database>
	</source>
	<size>
		<width>5472</width>
		<height>3648</height>
		<depth>3</depth>
	</size>
	<object>
		<name>ref_spoon</name>
		<bndbox>
			<xmin>813</xmin>
			<ymin>886</ymin>
			<xmax>1285</xmax>
			<ymax>1681</ymax>
		</bndbox>
	</object>
	<object>
		<name>ref_fork</name>
		<bndbox>
			<xmin>1377</xmin>
			<ymin>858</ymin>
			<xmax>1719</xmax>
			<ymax>1708</ymax>
		</bndbox>
	</object>
	<object>
		<name>ref_coin</name>
		<bndbox>
			<xmin>4169</xmin>
			<ymin>535</ymin>
			<xmax>4529</xmax>
			<ymax>840</ymax>
		</bndbox>
	</object>
	<object>
		<name>dish</name>
		<bndbox>
			<xmin>2181</xmin>
			<ymin>359</ymin>
			<xmax>4668</xmax>
			<ymax>3132</ymax>
		</bndbox>
	</object>
	<object>
		<name>오므라이스</name>
		<bndbox>
			<xmin>2754</xmin>
			<ymin>627</ymin>
			<xmax>4030</xmax>
			<ymax>2540</ymax>
		</bndbox>
	</object>
</annotation>