<annotation>
	<folder>side오므라이스접시오므라이스q4</folder>
	<filename>side_오므라이스_접시_오므라이스_Q4_00023.JPG</filename>
	<path>/side오므라이스접시오므라이스q4/side_오므라이스_접시_오므라이스_Q4_00023.JPG</path>
	<source>
		<database>fooddata</database>
	</source>
	<size>
		<width>5472</width>
		<height>3648</height>
		<depth>3</depth>
	</size>
	<object>
		<name>ref_spoon</name>
		<bndbox>
			<xmin>536</xmin>
			<ymin>969</ymin>
			<xmax>1072</xmax>
			<ymax>1764</ymax>
		</bndbox>
	</object>
	<object>
		<name>ref_fork</name>
		<bndbox>
			<xmin>1146</xmin>
			<ymin>978</ymin>
			<xmax>1516</xmax>
			<ymax>1856</ymax>
		</bndbox>
	</object>
	<object>
		<name>ref_coin</name>
		<bndbox>
			<xmin>2560</xmin>
			<ymin>2929</ymin>
			<xmax>2995</xmax>
			<ymax>3308</ymax>
		</bndbox>
	</object>
	<object>
		<name>dish</name>
		<bndbox>
			<xmin>1516</xmin>
			<ymin>738</ymin>
			<xmax>5241</xmax>
			<ymax>2744</ymax>
		</bndbox>
	</object>
	<object>
		<name>오므라이스</name>
		<bndbox>
			<xmin>2255</xmin>
			<ymin>1163</ymin>
			<xmax>4622</xmax>
			<ymax>2429</ymax>
		</bndbox>
	</object>
</annotation>