<annotation>
	<folder>side오므라이스접시오므라이스q4</folder>
	<filename>side_오므라이스_접시_오므라이스_Q4_00039.JPG</filename>
	<path>/side오므라이스접시오므라이스q4/side_오므라이스_접시_오므라이스_Q4_00039.JPG</path>
	<source>
		<database>fooddata</database>
	</source>
	<size>
		<width>5472</width>
		<height>3648</height>
		<depth>3</depth>
	</size>
	<object>
		<name>ref_spoon</name>
		<bndbox>
			<xmin>379</xmin>
			<ymin>1006</ymin>
			<xmax>924</xmax>
			<ymax>1819</ymax>
		</bndbox>
	</object>
	<object>
		<name>ref_fork</name>
		<bndbox>
			<xmin>1008</xmin>
			<ymin>969</ymin>
			<xmax>1368</xmax>
			<ymax>1884</ymax>
		</bndbox>
	</object>
	<object>
		<name>ref_coin</name>
		<bndbox>
			<xmin>3707</xmin>
			<ymin>2929</ymin>
			<xmax>4141</xmax>
			<ymax>3308</ymax>
		</bndbox>
	</object>
	<object>
		<name>dish</name>
		<bndbox>
			<xmin>1618</xmin>
			<ymin>692</ymin>
			<xmax>5306</xmax>
			<ymax>2707</ymax>
		</bndbox>
	</object>
	<object>
		<name>오므라이스</name>
		<bndbox>
			<xmin>1978</xmin>
			<ymin>1098</ymin>
			<xmax>4677</xmax>
			<ymax>2291</ymax>
		</bndbox>
	</object>
</annotation>