<annotation>
	<folder>side오므라이스접시오므라이스q4</folder>
	<filename>side_오므라이스_접시_오므라이스_Q4_00008.JPG</filename>
	<path>/side오므라이스접시오므라이스q4/side_오므라이스_접시_오므라이스_Q4_00008.JPG</path>
	<source>
		<database>fooddata</database>
	</source>
	<size>
		<width>5472</width>
		<height>3648</height>
		<depth>3</depth>
	</size>
	<object>
		<name>ref_spoon</name>
		<bndbox>
			<xmin>3845</xmin>
			<ymin>821</ymin>
			<xmax>4363</xmax>
			<ymax>1579</ymax>
		</bndbox>
	</object>
	<object>
		<name>ref_fork</name>
		<bndbox>
			<xmin>4474</xmin>
			<ymin>849</ymin>
			<xmax>4862</xmax>
			<ymax>1708</ymax>
		</bndbox>
	</object>
	<object>
		<name>ref_coin</name>
		<bndbox>
			<xmin>592</xmin>
			<ymin>2300</ymin>
			<xmax>1035</xmax>
			<ymax>2670</ymax>
		</bndbox>
	</object>
	<object>
		<name>dish</name>
		<bndbox>
			<xmin>1183</xmin>
			<ymin>479</ymin>
			<xmax>4012</xmax>
			<ymax>3280</ymax>
		</bndbox>
	</object>
	<object>
		<name>오므라이스</name>
		<bndbox>
			<xmin>1793</xmin>
			<ymin>756</ymin>
			<xmax>3522</xmax>
			<ymax>2466</ymax>
		</bndbox>
	</object>
</annotation>