<annotation>
	<folder>side오므라이스접시오므라이스q4</folder>
	<filename>side_오므라이스_접시_오므라이스_Q4_00022.JPG</filename>
	<path>/side오므라이스접시오므라이스q4/side_오므라이스_접시_오므라이스_Q4_00022.JPG</path>
	<source>
		<database>fooddata</database>
	</source>
	<size>
		<width>5472</width>
		<height>3648</height>
		<depth>3</depth>
	</size>
	<object>
		<name>ref_spoon</name>
		<bndbox>
			<xmin>481</xmin>
			<ymin>895</ymin>
			<xmax>998</xmax>
			<ymax>1671</ymax>
		</bndbox>
	</object>
	<object>
		<name>ref_fork</name>
		<bndbox>
			<xmin>1091</xmin>
			<ymin>877</ymin>
			<xmax>1460</xmax>
			<ymax>1745</ymax>
		</bndbox>
	</object>
	<object>
		<name>ref_coin</name>
		<bndbox>
			<xmin>1830</xmin>
			<ymin>2688</ymin>
			<xmax>2246</xmax>
			<ymax>3049</ymax>
		</bndbox>
	</object>
	<object>
		<name>dish</name>
		<bndbox>
			<xmin>1460</xmin>
			<ymin>572</ymin>
			<xmax>5158</xmax>
			<ymax>2568</ymax>
		</bndbox>
	</object>
	<object>
		<name>오므라이스</name>
		<bndbox>
			<xmin>2200</xmin>
			<ymin>987</ymin>
			<xmax>4640</xmax>
			<ymax>2245</ymax>
		</bndbox>
	</object>
</annotation>