<annotation>
	<folder>side오므라이스접시오므라이스q4</folder>
	<filename>side_오므라이스_접시_오므라이스_Q4_00009.JPG</filename>
	<path>/side오므라이스접시오므라이스q4/side_오므라이스_접시_오므라이스_Q4_00009.JPG</path>
	<source>
		<database>fooddata</database>
	</source>
	<size>
		<width>5472</width>
		<height>3648</height>
		<depth>3</depth>
	</size>
	<object>
		<name>ref_spoon</name>
		<bndbox>
			<xmin>3975</xmin>
			<ymin>803</ymin>
			<xmax>4492</xmax>
			<ymax>1588</ymax>
		</bndbox>
	</object>
	<object>
		<name>ref_fork</name>
		<bndbox>
			<xmin>4603</xmin>
			<ymin>877</ymin>
			<xmax>5001</xmax>
			<ymax>1708</ymax>
		</bndbox>
	</object>
	<object>
		<name>ref_coin</name>
		<bndbox>
			<xmin>536</xmin>
			<ymin>1875</ymin>
			<xmax>989</xmax>
			<ymax>2226</ymax>
		</bndbox>
	</object>
	<object>
		<name>dish</name>
		<bndbox>
			<xmin>1405</xmin>
			<ymin>498</ymin>
			<xmax>4104</xmax>
			<ymax>3372</ymax>
		</bndbox>
	</object>
	<object>
		<name>오므라이스</name>
		<bndbox>
			<xmin>2126</xmin>
			<ymin>766</ymin>
			<xmax>3568</xmax>
			<ymax>2596</ymax>
		</bndbox>
	</object>
</annotation>