<annotation>
	<folder>side오므라이스접시오므라이스q4</folder>
	<filename>side_오므라이스_접시_오므라이스_Q4_00027.JPG</filename>
	<path>/side오므라이스접시오므라이스q4/side_오므라이스_접시_오므라이스_Q4_00027.JPG</path>
	<source>
		<database>fooddata</database>
	</source>
	<size>
		<width>5472</width>
		<height>3648</height>
		<depth>3</depth>
	</size>
	<object>
		<name>ref_spoon</name>
		<bndbox>
			<xmin>240</xmin>
			<ymin>1117</ymin>
			<xmax>776</xmax>
			<ymax>1930</ymax>
		</bndbox>
	</object>
	<object>
		<name>ref_fork</name>
		<bndbox>
			<xmin>869</xmin>
			<ymin>1089</ymin>
			<xmax>1239</xmax>
			<ymax>1967</ymax>
		</bndbox>
	</object>
	<object>
		<name>ref_coin</name>
		<bndbox>
			<xmin>4788</xmin>
			<ymin>2429</ymin>
			<xmax>5213</xmax>
			<ymax>2771</ymax>
		</bndbox>
	</object>
	<object>
		<name>dish</name>
		<bndbox>
			<xmin>1386</xmin>
			<ymin>756</ymin>
			<xmax>5065</xmax>
			<ymax>2781</ymax>
		</bndbox>
	</object>
	<object>
		<name>오므라이스</name>
		<bndbox>
			<xmin>2144</xmin>
			<ymin>1145</ymin>
			<xmax>4492</xmax>
			<ymax>2245</ymax>
		</bndbox>
	</object>
</annotation>