<annotation>
	<folder>side오므라이스접시오므라이스q4</folder>
	<filename>side_오므라이스_접시_오므라이스_Q4_00015.JPG</filename>
	<path>/side오므라이스접시오므라이스q4/side_오므라이스_접시_오므라이스_Q4_00015.JPG</path>
	<source>
		<database>fooddata</database>
	</source>
	<size>
		<width>5472</width>
		<height>3648</height>
		<depth>3</depth>
	</size>
	<object>
		<name>ref_spoon</name>
		<bndbox>
			<xmin>1849</xmin>
			<ymin>2864</ymin>
			<xmax>2745</xmax>
			<ymax>3345</ymax>
		</bndbox>
	</object>
	<object>
		<name>ref_fork</name>
		<bndbox>
			<xmin>1913</xmin>
			<ymin>2503</ymin>
			<xmax>2847</xmax>
			<ymax>2855</ymax>
		</bndbox>
	</object>
	<object>
		<name>ref_coin</name>
		<bndbox>
			<xmin>4039</xmin>
			<ymin>775</ymin>
			<xmax>4372</xmax>
			<ymax>1015</ymax>
		</bndbox>
	</object>
	<object>
		<name>dish</name>
		<bndbox>
			<xmin>1479</xmin>
			<ymin>193</ymin>
			<xmax>4012</xmax>
			<ymax>2402</ymax>
		</bndbox>
	</object>
	<object>
		<name>오므라이스</name>
		<bndbox>
			<xmin>2255</xmin>
			<ymin>516</ymin>
			<xmax>3716</xmax>
			<ymax>2004</ymax>
		</bndbox>
	</object>
</annotation>