<annotation>
	<folder>side오므라이스접시오므라이스q4</folder>
	<filename>side_오므라이스_접시_오므라이스_Q4_00010.JPG</filename>
	<path>/side오므라이스접시오므라이스q4/side_오므라이스_접시_오므라이스_Q4_00010.JPG</path>
	<source>
		<database>fooddata</database>
	</source>
	<size>
		<width>5472</width>
		<height>3648</height>
		<depth>3</depth>
	</size>
	<object>
		<name>ref_spoon</name>
		<bndbox>
			<xmin>4002</xmin>
			<ymin>775</ymin>
			<xmax>4529</xmax>
			<ymax>1551</ymax>
		</bndbox>
	</object>
	<object>
		<name>ref_fork</name>
		<bndbox>
			<xmin>4649</xmin>
			<ymin>849</ymin>
			<xmax>5028</xmax>
			<ymax>1681</ymax>
		</bndbox>
	</object>
	<object>
		<name>ref_coin</name>
		<bndbox>
			<xmin>702</xmin>
			<ymin>1376</ymin>
			<xmax>1109</xmax>
			<ymax>1690</ymax>
		</bndbox>
	</object>
	<object>
		<name>dish</name>
		<bndbox>
			<xmin>1423</xmin>
			<ymin>525</ymin>
			<xmax>4067</xmax>
			<ymax>3483</ymax>
		</bndbox>
	</object>
	<object>
		<name>오므라이스</name>
		<bndbox>
			<xmin>2154</xmin>
			<ymin>821</ymin>
			<xmax>3420</xmax>
			<ymax>2697</ymax>
		</bndbox>
	</object>
</annotation>