<annotation>
	<folder>top오므라이스접시오므라이스q4</folder>
	<filename>top_오므라이스_접시_오므라이스_Q4_00026.JPG</filename>
	<path>/top오므라이스접시오므라이스q4/top_오므라이스_접시_오므라이스_Q4_00026.JPG</path>
	<source>
		<database>fooddata</database>
	</source>
	<size>
		<width>5472</width>
		<height>3648</height>
		<depth>3</depth>
	</size>
	<object>
		<name>ref_spoon</name>
		<bndbox>
			<xmin>679</xmin>
			<ymin>756</ymin>
			<xmax>1155</xmax>
			<ymax>1539</ymax>
		</bndbox>
	</object>
	<object>
		<name>ref_fork</name>
		<bndbox>
			<xmin>1323</xmin>
			<ymin>723</ymin>
			<xmax>1654</xmax>
			<ymax>1567</ymax>
		</bndbox>
	</object>
	<object>
		<name>ref_coin</name>
		<bndbox>
			<xmin>4658</xmin>
			<ymin>2808</ymin>
			<xmax>4994</xmax>
			<ymax>3163</ymax>
		</bndbox>
	</object>
	<object>
		<name>dish</name>
		<bndbox>
			<xmin>2069</xmin>
			<ymin>215</ymin>
			<xmax>4849</xmax>
			<ymax>3140</ymax>
		</bndbox>
	</object>
	<object>
		<name>오므라이스</name>
		<bndbox>
			<xmin>2605</xmin>
			<ymin>882</ymin>
			<xmax>4243</xmax>
			<ymax>2351</ymax>
		</bndbox>
	</object>
</annotation>