<annotation>
	<folder>top오므라이스접시오므라이스q4</folder>
	<filename>top_오므라이스_접시_오므라이스_Q4_00033.JPG</filename>
	<path>/top오므라이스접시오므라이스q4/top_오므라이스_접시_오므라이스_Q4_00033.JPG</path>
	<source>
		<database>fooddata</database>
	</source>
	<size>
		<width>5472</width>
		<height>3648</height>
		<depth>3</depth>
	</size>
	<object>
		<name>ref_spoon</name>
		<bndbox>
			<xmin>1780</xmin>
			<ymin>2958</ymin>
			<xmax>2577</xmax>
			<ymax>3443</ymax>
		</bndbox>
	</object>
	<object>
		<name>ref_fork</name>
		<bndbox>
			<xmin>1845</xmin>
			<ymin>2552</ymin>
			<xmax>2722</xmax>
			<ymax>2883</ymax>
		</bndbox>
	</object>
	<object>
		<name>ref_coin</name>
		<bndbox>
			<xmin>4803</xmin>
			<ymin>1591</ymin>
			<xmax>5129</xmax>
			<ymax>1927</ymax>
		</bndbox>
	</object>
	<object>
		<name>dish</name>
		<bndbox>
			<xmin>1528</xmin>
			<ymin>229</ymin>
			<xmax>4742</xmax>
			<ymax>2435</ymax>
		</bndbox>
	</object>
	<object>
		<name>오므라이스</name>
		<bndbox>
			<xmin>2643</xmin>
			<ymin>229</ymin>
			<xmax>3702</xmax>
			<ymax>2043</ymax>
		</bndbox>
	</object>
</annotation>