<annotation>
	<folder>top오므라이스접시오므라이스q4</folder>
	<filename>top_오므라이스_접시_오므라이스_Q4_00018.JPG</filename>
	<path>/top오므라이스접시오므라이스q4/top_오므라이스_접시_오므라이스_Q4_00018.JPG</path>
	<source>
		<database>fooddata</database>
	</source>
	<size>
		<width>5472</width>
		<height>3648</height>
		<depth>3</depth>
	</size>
	<object>
		<name>ref_spoon</name>
		<bndbox>
			<xmin>352</xmin>
			<ymin>975</ymin>
			<xmax>889</xmax>
			<ymax>1908</ymax>
		</bndbox>
	</object>
	<object>
		<name>ref_fork</name>
		<bndbox>
			<xmin>1075</xmin>
			<ymin>956</ymin>
			<xmax>1434</xmax>
			<ymax>1955</ymax>
		</bndbox>
	</object>
	<object>
		<name>ref_coin</name>
		<bndbox>
			<xmin>4877</xmin>
			<ymin>644</ymin>
			<xmax>5227</xmax>
			<ymax>980</ymax>
		</bndbox>
	</object>
	<object>
		<name>dish</name>
		<bndbox>
			<xmin>1766</xmin>
			<ymin>522</ymin>
			<xmax>4985</xmax>
			<ymax>3531</ymax>
		</bndbox>
	</object>
	<object>
		<name>오므라이스</name>
		<bndbox>
			<xmin>2624</xmin>
			<ymin>1082</ymin>
			<xmax>4243</xmax>
			<ymax>2888</ymax>
		</bndbox>
	</object>
</annotation>