<annotation>
	<folder>top오므라이스접시오므라이스q4</folder>
	<filename>top_오므라이스_접시_오므라이스_Q4_00002.JPG</filename>
	<path>/top오므라이스접시오므라이스q4/top_오므라이스_접시_오므라이스_Q4_00002.JPG</path>
	<source>
		<database>fooddata</database>
	</source>
	<size>
		<width>5472</width>
		<height>3648</height>
		<depth>3</depth>
	</size>
	<object>
		<name>ref_spoon</name>
		<bndbox>
			<xmin>4005</xmin>
			<ymin>578</ymin>
			<xmax>4509</xmax>
			<ymax>1432</ymax>
		</bndbox>
	</object>
	<object>
		<name>ref_fork</name>
		<bndbox>
			<xmin>4583</xmin>
			<ymin>625</ymin>
			<xmax>4929</xmax>
			<ymax>1525</ymax>
		</bndbox>
	</object>
	<object>
		<name>ref_coin</name>
		<bndbox>
			<xmin>3067</xmin>
			<ymin>3116</ymin>
			<xmax>3450</xmax>
			<ymax>3489</ymax>
		</bndbox>
	</object>
	<object>
		<name>dish</name>
		<bndbox>
			<xmin>268</xmin>
			<ymin>490</ymin>
			<xmax>4010</xmax>
			<ymax>3158</ymax>
		</bndbox>
	</object>
	<object>
		<name>오므라이스</name>
		<bndbox>
			<xmin>735</xmin>
			<ymin>1241</ymin>
			<xmax>2955</xmax>
			<ymax>2510</ymax>
		</bndbox>
	</object>
</annotation>