<annotation>
	<folder>top오므라이스접시오므라이스q4</folder>
	<filename>top_오므라이스_접시_오므라이스_Q4_00032.JPG</filename>
	<path>/top오므라이스접시오므라이스q4/top_오므라이스_접시_오므라이스_Q4_00032.JPG</path>
	<source>
		<database>fooddata</database>
	</source>
	<size>
		<width>5472</width>
		<height>3648</height>
		<depth>3</depth>
	</size>
	<object>
		<name>ref_spoon</name>
		<bndbox>
			<xmin>1467</xmin>
			<ymin>2990</ymin>
			<xmax>2367</xmax>
			<ymax>3475</ymax>
		</bndbox>
	</object>
	<object>
		<name>ref_fork</name>
		<bndbox>
			<xmin>1504</xmin>
			<ymin>2556</ymin>
			<xmax>2414</xmax>
			<ymax>2902</ymax>
		</bndbox>
	</object>
	<object>
		<name>ref_coin</name>
		<bndbox>
			<xmin>4397</xmin>
			<ymin>835</ymin>
			<xmax>4705</xmax>
			<ymax>1143</ymax>
		</bndbox>
	</object>
	<object>
		<name>dish</name>
		<bndbox>
			<xmin>1089</xmin>
			<ymin>182</ymin>
			<xmax>4350</xmax>
			<ymax>2398</ymax>
		</bndbox>
	</object>
	<object>
		<name>오므라이스</name>
		<bndbox>
			<xmin>1850</xmin>
			<ymin>709</ymin>
			<xmax>3678</xmax>
			<ymax>1665</ymax>
		</bndbox>
	</object>
</annotation>