<annotation>
	<folder>top오므라이스접시오므라이스q4</folder>
	<filename>top_오므라이스_접시_오므라이스_Q4_00042.JPG</filename>
	<path>/top오므라이스접시오므라이스q4/top_오므라이스_접시_오므라이스_Q4_00042.JPG</path>
	<source>
		<database>fooddata</database>
	</source>
	<size>
		<width>5472</width>
		<height>3648</height>
		<depth>3</depth>
	</size>
	<object>
		<name>ref_spoon</name>
		<bndbox>
			<xmin>1593</xmin>
			<ymin>3042</ymin>
			<xmax>2386</xmax>
			<ymax>3545</ymax>
		</bndbox>
	</object>
	<object>
		<name>ref_fork</name>
		<bndbox>
			<xmin>1630</xmin>
			<ymin>2617</ymin>
			<xmax>2512</xmax>
			<ymax>2958</ymax>
		</bndbox>
	</object>
	<object>
		<name>ref_coin</name>
		<bndbox>
			<xmin>4532</xmin>
			<ymin>826</ymin>
			<xmax>4859</xmax>
			<ymax>1134</ymax>
		</bndbox>
	</object>
	<object>
		<name>dish</name>
		<bndbox>
			<xmin>1257</xmin>
			<ymin>168</ymin>
			<xmax>4481</xmax>
			<ymax>2388</ymax>
		</bndbox>
	</object>
	<object>
		<name>오므라이스</name>
		<bndbox>
			<xmin>1775</xmin>
			<ymin>480</ymin>
			<xmax>3790</xmax>
			<ymax>2025</ymax>
		</bndbox>
	</object>
</annotation>