<annotation>
	<folder>top오므라이스접시오므라이스q4</folder>
	<filename>top_오므라이스_접시_오므라이스_Q4_00039.JPG</filename>
	<path>/top오므라이스접시오므라이스q4/top_오므라이스_접시_오므라이스_Q4_00039.JPG</path>
	<source>
		<database>fooddata</database>
	</source>
	<size>
		<width>5472</width>
		<height>3648</height>
		<depth>3</depth>
	</size>
	<object>
		<name>ref_spoon</name>
		<bndbox>
			<xmin>1873</xmin>
			<ymin>2976</ymin>
			<xmax>2731</xmax>
			<ymax>3461</ymax>
		</bndbox>
	</object>
	<object>
		<name>ref_fork</name>
		<bndbox>
			<xmin>1948</xmin>
			<ymin>2556</ymin>
			<xmax>2811</xmax>
			<ymax>2883</ymax>
		</bndbox>
	</object>
	<object>
		<name>ref_coin</name>
		<bndbox>
			<xmin>4551</xmin>
			<ymin>2043</ymin>
			<xmax>4896</xmax>
			<ymax>2374</ymax>
		</bndbox>
	</object>
	<object>
		<name>dish</name>
		<bndbox>
			<xmin>1584</xmin>
			<ymin>140</ymin>
			<xmax>4877</xmax>
			<ymax>2393</ymax>
		</bndbox>
	</object>
	<object>
		<name>오므라이스</name>
		<bndbox>
			<xmin>2321</xmin>
			<ymin>532</ymin>
			<xmax>4336</xmax>
			<ymax>1857</ymax>
		</bndbox>
	</object>
</annotation>