<annotation>
	<folder>top오므라이스접시오므라이스q4</folder>
	<filename>top_오므라이스_접시_오므라이스_Q4_00046.JPG</filename>
	<path>/top오므라이스접시오므라이스q4/top_오므라이스_접시_오므라이스_Q4_00046.JPG</path>
	<source>
		<database>fooddata</database>
	</source>
	<size>
		<width>5472</width>
		<height>3648</height>
		<depth>3</depth>
	</size>
	<object>
		<name>ref_spoon</name>
		<bndbox>
			<xmin>1747</xmin>
			<ymin>2911</ymin>
			<xmax>2526</xmax>
			<ymax>3363</ymax>
		</bndbox>
	</object>
	<object>
		<name>ref_fork</name>
		<bndbox>
			<xmin>1812</xmin>
			<ymin>2528</ymin>
			<xmax>2619</xmax>
			<ymax>2836</ymax>
		</bndbox>
	</object>
	<object>
		<name>ref_coin</name>
		<bndbox>
			<xmin>4364</xmin>
			<ymin>1866</ymin>
			<xmax>4677</xmax>
			<ymax>2160</ymax>
		</bndbox>
	</object>
	<object>
		<name>dish</name>
		<bndbox>
			<xmin>1598</xmin>
			<ymin>271</ymin>
			<xmax>4607</xmax>
			<ymax>2356</ymax>
		</bndbox>
	</object>
	<object>
		<name>오므라이스</name>
		<bndbox>
			<xmin>1994</xmin>
			<ymin>690</ymin>
			<xmax>4010</xmax>
			<ymax>1740</ymax>
		</bndbox>
	</object>
</annotation>