<annotation>
	<folder>top오므라이스접시오므라이스q4</folder>
	<filename>top_오므라이스_접시_오므라이스_Q4_00034.JPG</filename>
	<path>/top오므라이스접시오므라이스q4/top_오므라이스_접시_오므라이스_Q4_00034.JPG</path>
	<source>
		<database>fooddata</database>
	</source>
	<size>
		<width>5472</width>
		<height>3648</height>
		<depth>3</depth>
	</size>
	<object>
		<name>ref_spoon</name>
		<bndbox>
			<xmin>2041</xmin>
			<ymin>2986</ymin>
			<xmax>2843</xmax>
			<ymax>3461</ymax>
		</bndbox>
	</object>
	<object>
		<name>ref_fork</name>
		<bndbox>
			<xmin>2097</xmin>
			<ymin>2575</ymin>
			<xmax>2960</xmax>
			<ymax>2892</ymax>
		</bndbox>
	</object>
	<object>
		<name>ref_coin</name>
		<bndbox>
			<xmin>4658</xmin>
			<ymin>2090</ymin>
			<xmax>4975</xmax>
			<ymax>2426</ymax>
		</bndbox>
	</object>
	<object>
		<name>dish</name>
		<bndbox>
			<xmin>1700</xmin>
			<ymin>205</ymin>
			<xmax>4943</xmax>
			<ymax>2416</ymax>
		</bndbox>
	</object>
	<object>
		<name>오므라이스</name>
		<bndbox>
			<xmin>2535</xmin>
			<ymin>658</ymin>
			<xmax>4457</xmax>
			<ymax>1679</ymax>
		</bndbox>
	</object>
</annotation>