<annotation>
	<folder>top오므라이스접시오므라이스q4</folder>
	<filename>top_오므라이스_접시_오므라이스_Q4_00021.JPG</filename>
	<path>/top오므라이스접시오므라이스q4/top_오므라이스_접시_오므라이스_Q4_00021.JPG</path>
	<source>
		<database>fooddata</database>
	</source>
	<size>
		<width>5472</width>
		<height>3648</height>
		<depth>3</depth>
	</size>
	<object>
		<name>ref_spoon</name>
		<bndbox>
			<xmin>889</xmin>
			<ymin>798</ymin>
			<xmax>1351</xmax>
			<ymax>1567</ymax>
		</bndbox>
	</object>
	<object>
		<name>ref_fork</name>
		<bndbox>
			<xmin>1546</xmin>
			<ymin>807</ymin>
			<xmax>1836</xmax>
			<ymax>1619</ymax>
		</bndbox>
	</object>
	<object>
		<name>ref_coin</name>
		<bndbox>
			<xmin>4821</xmin>
			<ymin>1180</ymin>
			<xmax>5129</xmax>
			<ymax>1488</ymax>
		</bndbox>
	</object>
	<object>
		<name>dish</name>
		<bndbox>
			<xmin>2330</xmin>
			<ymin>252</ymin>
			<xmax>4747</xmax>
			<ymax>3391</ymax>
		</bndbox>
	</object>
	<object>
		<name>오므라이스</name>
		<bndbox>
			<xmin>3133</xmin>
			<ymin>770</ymin>
			<xmax>4154</xmax>
			<ymax>2636</ymax>
		</bndbox>
	</object>
</annotation>