<annotation>
	<folder>side건더기국류전골냄비부대찌개q5</folder>
	<filename>side_건더기국류_전골냄비_부대찌개_Q5_00045.JPG</filename>
	<path>/side건더기국류전골냄비부대찌개q5/side_건더기국류_전골냄비_부대찌개_Q5_00045.JPG</path>
	<source>
		<database>fooddata</database>
	</source>
	<size>
		<width>3008</width>
		<height>2000</height>
		<depth>3</depth>
	</size>
	<object>
		<name>ref_spoon</name>
		<bndbox>
			<xmin>433</xmin>
			<ymin>459</ymin>
			<xmax>705</xmax>
			<ymax>919</ymax>
		</bndbox>
	</object>
	<object>
		<name>ref_fork</name>
		<bndbox>
			<xmin>772</xmin>
			<ymin>491</ymin>
			<xmax>961</xmax>
			<ymax>975</ymax>
		</bndbox>
	</object>
	<object>
		<name>ref_coin</name>
		<bndbox>
			<xmin>1106</xmin>
			<ymin>430</ymin>
			<xmax>1298</xmax>
			<ymax>565</ymax>
		</bndbox>
	</object>
	<object>
		<name>dish</name>
		<bndbox>
			<xmin>1113</xmin>
			<ymin>464</ymin>
			<xmax>2615</xmax>
			<ymax>1649</ymax>
		</bndbox>
	</object>
	<object>
		<name>부대찌개</name>
		<bndbox>
			<xmin>1236</xmin>
			<ymin>722</ymin>
			<xmax>2519</xmax>
			<ymax>1474</ymax>
		</bndbox>
	</object>
</annotation>