<annotation>
	<folder>side건더기국류전골냄비부대찌개q5</folder>
	<filename>side_건더기국류_전골냄비_부대찌개_Q5_00043.JPG</filename>
	<path>/side건더기국류전골냄비부대찌개q5/side_건더기국류_전골냄비_부대찌개_Q5_00043.JPG</path>
	<source>
		<database>fooddata</database>
	</source>
	<size>
		<width>3008</width>
		<height>2000</height>
		<depth>3</depth>
	</size>
	<object>
		<name>ref_spoon</name>
		<bndbox>
			<xmin>418</xmin>
			<ymin>563</ymin>
			<xmax>698</xmax>
			<ymax>1027</ymax>
		</bndbox>
	</object>
	<object>
		<name>ref_fork</name>
		<bndbox>
			<xmin>760</xmin>
			<ymin>597</ymin>
			<xmax>951</xmax>
			<ymax>1115</ymax>
		</bndbox>
	</object>
	<object>
		<name>ref_coin</name>
		<bndbox>
			<xmin>1462</xmin>
			<ymin>256</ymin>
			<xmax>1649</xmax>
			<ymax>381</ymax>
		</bndbox>
	</object>
	<object>
		<name>dish</name>
		<bndbox>
			<xmin>1099</xmin>
			<ymin>595</ymin>
			<xmax>2592</xmax>
			<ymax>1779</ymax>
		</bndbox>
	</object>
	<object>
		<name>부대찌개</name>
		<bndbox>
			<xmin>1212</xmin>
			<ymin>840</ymin>
			<xmax>2462</xmax>
			<ymax>1617</ymax>
		</bndbox>
	</object>
</annotation>