<annotation>
	<folder>side건더기국류전골냄비부대찌개q5</folder>
	<filename>side_건더기국류_전골냄비_부대찌개_Q5_00013.JPG</filename>
	<path>/side건더기국류전골냄비부대찌개q5/side_건더기국류_전골냄비_부대찌개_Q5_00013.JPG</path>
	<source>
		<database>fooddata</database>
	</source>
	<size>
		<width>3008</width>
		<height>2000</height>
		<depth>3</depth>
	</size>
	<object>
		<name>ref_spoon</name>
		<bndbox>
			<xmin>2150</xmin>
			<ymin>656</ymin>
			<xmax>2393</xmax>
			<ymax>1074</ymax>
		</bndbox>
	</object>
	<object>
		<name>ref_fork</name>
		<bndbox>
			<xmin>2492</xmin>
			<ymin>693</ymin>
			<xmax>2661</xmax>
			<ymax>1138</ymax>
		</bndbox>
	</object>
	<object>
		<name>ref_coin</name>
		<bndbox>
			<xmin>204</xmin>
			<ymin>1373</ymin>
			<xmax>418</xmax>
			<ymax>1538</ymax>
		</bndbox>
	</object>
	<object>
		<name>dish</name>
		<bndbox>
			<xmin>610</xmin>
			<ymin>450</ymin>
			<xmax>1951</xmax>
			<ymax>1484</ymax>
		</bndbox>
	</object>
	<object>
		<name>부대찌개</name>
		<bndbox>
			<xmin>698</xmin>
			<ymin>688</ymin>
			<xmax>1833</xmax>
			<ymax>1310</ymax>
		</bndbox>
	</object>
</annotation>