<annotation>
	<folder>side건더기국류전골냄비부대찌개q5</folder>
	<filename>side_건더기국류_전골냄비_부대찌개_Q5_00048.JPG</filename>
	<path>/side건더기국류전골냄비부대찌개q5/side_건더기국류_전골냄비_부대찌개_Q5_00048.JPG</path>
	<source>
		<database>fooddata</database>
	</source>
	<size>
		<width>3008</width>
		<height>2000</height>
		<depth>3</depth>
	</size>
	<object>
		<name>ref_spoon</name>
		<bndbox>
			<xmin>258</xmin>
			<ymin>437</ymin>
			<xmax>533</xmax>
			<ymax>902</ymax>
		</bndbox>
	</object>
	<object>
		<name>ref_fork</name>
		<bndbox>
			<xmin>610</xmin>
			<ymin>462</ymin>
			<xmax>796</xmax>
			<ymax>971</ymax>
		</bndbox>
	</object>
	<object>
		<name>ref_coin</name>
		<bndbox>
			<xmin>2610</xmin>
			<ymin>1204</ymin>
			<xmax>2831</xmax>
			<ymax>1378</ymax>
		</bndbox>
	</object>
	<object>
		<name>dish</name>
		<bndbox>
			<xmin>956</xmin>
			<ymin>398</ymin>
			<xmax>2450</xmax>
			<ymax>1580</ymax>
		</bndbox>
	</object>
	<object>
		<name>부대찌개</name>
		<bndbox>
			<xmin>1079</xmin>
			<ymin>646</ymin>
			<xmax>2337</xmax>
			<ymax>1408</ymax>
		</bndbox>
	</object>
</annotation>