<annotation>
	<folder>side건더기국류전골냄비부대찌개q5</folder>
	<filename>side_건더기국류_전골냄비_부대찌개_Q5_00024.JPG</filename>
	<path>/side건더기국류전골냄비부대찌개q5/side_건더기국류_전골냄비_부대찌개_Q5_00024.JPG</path>
	<source>
		<database>fooddata</database>
	</source>
	<size>
		<width>3008</width>
		<height>2000</height>
		<depth>3</depth>
	</size>
	<object>
		<name>ref_spoon</name>
		<bndbox>
			<xmin>533</xmin>
			<ymin>1644</ymin>
			<xmax>1086</xmax>
			<ymax>1889</ymax>
		</bndbox>
	</object>
	<object>
		<name>ref_fork</name>
		<bndbox>
			<xmin>642</xmin>
			<ymin>1378</ymin>
			<xmax>1217</xmax>
			<ymax>1604</ymax>
		</bndbox>
	</object>
	<object>
		<name>ref_coin</name>
		<bndbox>
			<xmin>877</xmin>
			<ymin>111</ymin>
			<xmax>1040</xmax>
			<ymax>216</ymax>
		</bndbox>
	</object>
	<object>
		<name>dish</name>
		<bndbox>
			<xmin>841</xmin>
			<ymin>236</ymin>
			<xmax>2076</xmax>
			<ymax>1160</ymax>
		</bndbox>
	</object>
	<object>
		<name>부대찌개</name>
		<bndbox>
			<xmin>929</xmin>
			<ymin>435</ymin>
			<xmax>1968</xmax>
			<ymax>995</ymax>
		</bndbox>
	</object>
</annotation>