<annotation>
	<folder>top건더기국류전골냄비부대찌개q5</folder>
	<filename>top_건더기국류_전골냄비_부대찌개_Q5_00012.JPG</filename>
	<path>/top건더기국류전골냄비부대찌개q5/top_건더기국류_전골냄비_부대찌개_Q5_00012.JPG</path>
	<source>
		<database>fooddata</database>
	</source>
	<size>
		<width>3008</width>
		<height>2000</height>
		<depth>3</depth>
	</size>
	<object>
		<name>ref_spoon</name>
		<bndbox>
			<xmin>1825</xmin>
			<ymin>402</ymin>
			<xmax>2031</xmax>
			<ymax>757</ymax>
		</bndbox>
	</object>
	<object>
		<name>ref_fork</name>
		<bndbox>
			<xmin>2152</xmin>
			<ymin>569</ymin>
			<xmax>2293</xmax>
			<ymax>935</ymax>
		</bndbox>
	</object>
	<object>
		<name>ref_coin</name>
		<bndbox>
			<xmin>2024</xmin>
			<ymin>253</ymin>
			<xmax>2178</xmax>
			<ymax>399</ymax>
		</bndbox>
	</object>
	<object>
		<name>dish</name>
		<bndbox>
			<xmin>507</xmin>
			<ymin>386</ymin>
			<xmax>1671</xmax>
			<ymax>1525</ymax>
		</bndbox>
	</object>
	<object>
		<name>부대찌개</name>
		<bndbox>
			<xmin>614</xmin>
			<ymin>514</ymin>
			<xmax>1590</xmax>
			<ymax>1465</ymax>
		</bndbox>
	</object>
</annotation>