<annotation>
	<folder>top건더기국류전골냄비부대찌개q5</folder>
	<filename>top_건더기국류_전골냄비_부대찌개_Q5_00014.JPG</filename>
	<path>/top건더기국류전골냄비부대찌개q5/top_건더기국류_전골냄비_부대찌개_Q5_00014.JPG</path>
	<source>
		<database>fooddata</database>
	</source>
	<size>
		<width>3008</width>
		<height>2000</height>
		<depth>3</depth>
	</size>
	<object>
		<name>ref_spoon</name>
		<bndbox>
			<xmin>1817</xmin>
			<ymin>499</ymin>
			<xmax>2029</xmax>
			<ymax>859</ymax>
		</bndbox>
	</object>
	<object>
		<name>ref_fork</name>
		<bndbox>
			<xmin>2157</xmin>
			<ymin>653</ymin>
			<xmax>2303</xmax>
			<ymax>1042</ymax>
		</bndbox>
	</object>
	<object>
		<name>ref_coin</name>
		<bndbox>
			<xmin>2434</xmin>
			<ymin>869</ymin>
			<xmax>2603</xmax>
			<ymax>1031</ymax>
		</bndbox>
	</object>
	<object>
		<name>dish</name>
		<bndbox>
			<xmin>585</xmin>
			<ymin>350</ymin>
			<xmax>1755</xmax>
			<ymax>1486</ymax>
		</bndbox>
	</object>
	<object>
		<name>부대찌개</name>
		<bndbox>
			<xmin>697</xmin>
			<ymin>473</ymin>
			<xmax>1682</xmax>
			<ymax>1423</ymax>
		</bndbox>
	</object>
</annotation>