<annotation>
	<folder>top건더기국류전골냄비부대찌개q5</folder>
	<filename>top_건더기국류_전골냄비_부대찌개_Q5_00051.JPG</filename>
	<path>/top건더기국류전골냄비부대찌개q5/top_건더기국류_전골냄비_부대찌개_Q5_00051.JPG</path>
	<source>
		<database>fooddata</database>
	</source>
	<size>
		<width>3008</width>
		<height>2000</height>
		<depth>3</depth>
	</size>
	<object>
		<name>ref_spoon</name>
		<bndbox>
			<xmin>402</xmin>
			<ymin>274</ymin>
			<xmax>629</xmax>
			<ymax>637</ymax>
		</bndbox>
	</object>
	<object>
		<name>ref_fork</name>
		<bndbox>
			<xmin>718</xmin>
			<ymin>290</ymin>
			<xmax>880</xmax>
			<ymax>692</ymax>
		</bndbox>
	</object>
	<object>
		<name>ref_coin</name>
		<bndbox>
			<xmin>1987</xmin>
			<ymin>180</ymin>
			<xmax>2149</xmax>
			<ymax>350</ymax>
		</bndbox>
	</object>
	<object>
		<name>dish</name>
		<bndbox>
			<xmin>992</xmin>
			<ymin>363</ymin>
			<xmax>2225</xmax>
			<ymax>1574</ymax>
		</bndbox>
	</object>
	<object>
		<name>부대찌개</name>
		<bndbox>
			<xmin>1094</xmin>
			<ymin>486</ymin>
			<xmax>2094</xmax>
			<ymax>1499</ymax>
		</bndbox>
	</object>
</annotation>