<annotation>
	<folder>top건더기국류전골냄비부대찌개q5</folder>
	<filename>top_건더기국류_전골냄비_부대찌개_Q5_00027.JPG</filename>
	<path>/top건더기국류전골냄비부대찌개q5/top_건더기국류_전골냄비_부대찌개_Q5_00027.JPG</path>
	<source>
		<database>fooddata</database>
	</source>
	<size>
		<width>3008</width>
		<height>2000</height>
		<depth>3</depth>
	</size>
	<object>
		<name>ref_spoon</name>
		<bndbox>
			<xmin>1024</xmin>
			<ymin>1621</ymin>
			<xmax>1334</xmax>
			<ymax>1830</ymax>
		</bndbox>
	</object>
	<object>
		<name>ref_fork</name>
		<bndbox>
			<xmin>1058</xmin>
			<ymin>1376</ymin>
			<xmax>1400</xmax>
			<ymax>1507</ymax>
		</bndbox>
	</object>
	<object>
		<name>ref_coin</name>
		<bndbox>
			<xmin>846</xmin>
			<ymin>431</ymin>
			<xmax>990</xmax>
			<ymax>567</ymax>
		</bndbox>
	</object>
	<object>
		<name>dish</name>
		<bndbox>
			<xmin>1199</xmin>
			<ymin>188</ymin>
			<xmax>2204</xmax>
			<ymax>1164</ymax>
		</bndbox>
	</object>
	<object>
		<name>부대찌개</name>
		<bndbox>
			<xmin>1279</xmin>
			<ymin>290</ymin>
			<xmax>2125</xmax>
			<ymax>1110</ymax>
		</bndbox>
	</object>
</annotation>