<annotation>
	<folder>top건더기국류전골냄비부대찌개q5</folder>
	<filename>top_건더기국류_전골냄비_부대찌개_Q5_00009.JPG</filename>
	<path>/top건더기국류전골냄비부대찌개q5/top_건더기국류_전골냄비_부대찌개_Q5_00009.JPG</path>
	<source>
		<database>fooddata</database>
	</source>
	<size>
		<width>3008</width>
		<height>2000</height>
		<depth>3</depth>
	</size>
	<object>
		<name>ref_spoon</name>
		<bndbox>
			<xmin>1964</xmin>
			<ymin>366</ymin>
			<xmax>2185</xmax>
			<ymax>705</ymax>
		</bndbox>
	</object>
	<object>
		<name>ref_fork</name>
		<bndbox>
			<xmin>2303</xmin>
			<ymin>530</ymin>
			<xmax>2449</xmax>
			<ymax>901</ymax>
		</bndbox>
	</object>
	<object>
		<name>ref_coin</name>
		<bndbox>
			<xmin>1285</xmin>
			<ymin>167</ymin>
			<xmax>1452</xmax>
			<ymax>324</ymax>
		</bndbox>
	</object>
	<object>
		<name>dish</name>
		<bndbox>
			<xmin>632</xmin>
			<ymin>480</ymin>
			<xmax>1804</xmax>
			<ymax>1640</ymax>
		</bndbox>
	</object>
	<object>
		<name>부대찌개</name>
		<bndbox>
			<xmin>718</xmin>
			<ymin>587</ymin>
			<xmax>1718</xmax>
			<ymax>1580</ymax>
		</bndbox>
	</object>
</annotation>