<annotation>
	<folder>side죽류원형배달닭죽q1</folder>
	<filename>side_죽류_원형배달_닭죽_Q1_00033.JPG</filename>
	<path>/side죽류원형배달닭죽q1/side_죽류_원형배달_닭죽_Q1_00033.JPG</path>
	<source>
		<database>fooddata</database>
	</source>
	<size>
		<width>3008</width>
		<height>2000</height>
		<depth>3</depth>
	</size>
	<object>
		<name>ref_spoon</name>
		<bndbox>
			<xmin>687</xmin>
			<ymin>194</ymin>
			<xmax>1066</xmax>
			<ymax>740</ymax>
		</bndbox>
	</object>
	<object>
		<name>ref_fork</name>
		<bndbox>
			<xmin>1120</xmin>
			<ymin>205</ymin>
			<xmax>1380</xmax>
			<ymax>805</ymax>
		</bndbox>
	</object>
	<object>
		<name>ref_coin</name>
		<bndbox>
			<xmin>1910</xmin>
			<ymin>1362</ymin>
			<xmax>2218</xmax>
			<ymax>1606</ymax>
		</bndbox>
	</object>
	<object>
		<name>dish</name>
		<bndbox>
			<xmin>1434</xmin>
			<ymin>48</ymin>
			<xmax>2510</xmax>
			<ymax>1162</ymax>
		</bndbox>
	</object>
	<object>
		<name>닭죽</name>
		<bndbox>
			<xmin>1704</xmin>
			<ymin>491</ymin>
			<xmax>2278</xmax>
			<ymax>719</ymax>
		</bndbox>
	</object>
</annotation>