<annotation>
	<folder>side죽류원형배달닭죽q1</folder>
	<filename>side_죽류_원형배달_닭죽_Q1_00035.JPG</filename>
	<path>/side죽류원형배달닭죽q1/side_죽류_원형배달_닭죽_Q1_00035.JPG</path>
	<source>
		<database>fooddata</database>
	</source>
	<size>
		<width>3008</width>
		<height>2000</height>
		<depth>3</depth>
	</size>
	<object>
		<name>ref_spoon</name>
		<bndbox>
			<xmin>633</xmin>
			<ymin>367</ymin>
			<xmax>979</xmax>
			<ymax>865</ymax>
		</bndbox>
	</object>
	<object>
		<name>ref_fork</name>
		<bndbox>
			<xmin>1028</xmin>
			<ymin>383</ymin>
			<xmax>1271</xmax>
			<ymax>951</ymax>
		</bndbox>
	</object>
	<object>
		<name>ref_coin</name>
		<bndbox>
			<xmin>2191</xmin>
			<ymin>1357</ymin>
			<xmax>2483</xmax>
			<ymax>1584</ymax>
		</bndbox>
	</object>
	<object>
		<name>dish</name>
		<bndbox>
			<xmin>1347</xmin>
			<ymin>318</ymin>
			<xmax>2348</xmax>
			<ymax>1346</ymax>
		</bndbox>
	</object>
	<object>
		<name>닭죽</name>
		<bndbox>
			<xmin>1553</xmin>
			<ymin>719</ymin>
			<xmax>2169</xmax>
			<ymax>973</ymax>
		</bndbox>
	</object>
</annotation>