<annotation>
	<folder>side죽류원형배달닭죽q1</folder>
	<filename>side_죽류_원형배달_닭죽_Q1_00020.JPG</filename>
	<path>/side죽류원형배달닭죽q1/side_죽류_원형배달_닭죽_Q1_00020.JPG</path>
	<source>
		<database>fooddata</database>
	</source>
	<size>
		<width>3008</width>
		<height>2000</height>
		<depth>3</depth>
	</size>
	<object>
		<name>ref_spoon</name>
		<bndbox>
			<xmin>260</xmin>
			<ymin>1449</ymin>
			<xmax>925</xmax>
			<ymax>1763</ymax>
		</bndbox>
	</object>
	<object>
		<name>ref_fork</name>
		<bndbox>
			<xmin>379</xmin>
			<ymin>1195</ymin>
			<xmax>1066</xmax>
			<ymax>1476</ymax>
		</bndbox>
	</object>
	<object>
		<name>ref_coin</name>
		<bndbox>
			<xmin>2196</xmin>
			<ymin>437</ymin>
			<xmax>2467</xmax>
			<ymax>627</ymax>
		</bndbox>
	</object>
	<object>
		<name>dish</name>
		<bndbox>
			<xmin>822</xmin>
			<ymin>194</ymin>
			<xmax>1785</xmax>
			<ymax>1168</ymax>
		</bndbox>
	</object>
	<object>
		<name>닭죽</name>
		<bndbox>
			<xmin>1077</xmin>
			<ymin>643</ymin>
			<xmax>1515</xmax>
			<ymax>757</ymax>
		</bndbox>
	</object>
</annotation>