<annotation>
	<folder>side죽류원형배달닭죽q1</folder>
	<filename>side_죽류_원형배달_닭죽_Q1_00041.JPG</filename>
	<path>/side죽류원형배달닭죽q1/side_죽류_원형배달_닭죽_Q1_00041.JPG</path>
	<source>
		<database>fooddata</database>
	</source>
	<size>
		<width>3008</width>
		<height>2000</height>
		<depth>3</depth>
	</size>
	<object>
		<name>ref_spoon</name>
		<bndbox>
			<xmin>330</xmin>
			<ymin>556</ymin>
			<xmax>687</xmax>
			<ymax>1114</ymax>
		</bndbox>
	</object>
	<object>
		<name>ref_fork</name>
		<bndbox>
			<xmin>730</xmin>
			<ymin>573</ymin>
			<xmax>985</xmax>
			<ymax>1157</ymax>
		</bndbox>
	</object>
	<object>
		<name>ref_coin</name>
		<bndbox>
			<xmin>2045</xmin>
			<ymin>226</ymin>
			<xmax>2299</xmax>
			<ymax>405</ymax>
		</bndbox>
	</object>
	<object>
		<name>dish</name>
		<bndbox>
			<xmin>1136</xmin>
			<ymin>508</ymin>
			<xmax>2164</xmax>
			<ymax>1552</ymax>
		</bndbox>
	</object>
	<object>
		<name>닭죽</name>
		<bndbox>
			<xmin>1369</xmin>
			<ymin>968</ymin>
			<xmax>1942</xmax>
			<ymax>1168</ymax>
		</bndbox>
	</object>
</annotation>