<annotation>
	<folder>side죽류원형배달닭죽q1</folder>
	<filename>side_죽류_원형배달_닭죽_Q1_00018.JPG</filename>
	<path>/side죽류원형배달닭죽q1/side_죽류_원형배달_닭죽_Q1_00018.JPG</path>
	<source>
		<database>fooddata</database>
	</source>
	<size>
		<width>3008</width>
		<height>2000</height>
		<depth>3</depth>
	</size>
	<object>
		<name>ref_spoon</name>
		<bndbox>
			<xmin>352</xmin>
			<ymin>1449</ymin>
			<xmax>995</xmax>
			<ymax>1763</ymax>
		</bndbox>
	</object>
	<object>
		<name>ref_fork</name>
		<bndbox>
			<xmin>460</xmin>
			<ymin>1189</ymin>
			<xmax>1152</xmax>
			<ymax>1481</ymax>
		</bndbox>
	</object>
	<object>
		<name>ref_coin</name>
		<bndbox>
			<xmin>2175</xmin>
			<ymin>859</ymin>
			<xmax>2440</xmax>
			<ymax>1060</ymax>
		</bndbox>
	</object>
	<object>
		<name>dish</name>
		<bndbox>
			<xmin>909</xmin>
			<ymin>270</ymin>
			<xmax>1877</xmax>
			<ymax>1249</ymax>
		</bndbox>
	</object>
	<object>
		<name>닭죽</name>
		<bndbox>
			<xmin>1158</xmin>
			<ymin>670</ymin>
			<xmax>1650</xmax>
			<ymax>843</ymax>
		</bndbox>
	</object>
</annotation>