<annotation>
	<folder>side죽류원형배달닭죽q1</folder>
	<filename>side_죽류_원형배달_닭죽_Q1_00044.JPG</filename>
	<path>/side죽류원형배달닭죽q1/side_죽류_원형배달_닭죽_Q1_00044.JPG</path>
	<source>
		<database>fooddata</database>
	</source>
	<size>
		<width>3008</width>
		<height>2000</height>
		<depth>3</depth>
	</size>
	<object>
		<name>ref_spoon</name>
		<bndbox>
			<xmin>525</xmin>
			<ymin>567</ymin>
			<xmax>898</xmax>
			<ymax>1108</ymax>
		</bndbox>
	</object>
	<object>
		<name>ref_fork</name>
		<bndbox>
			<xmin>925</xmin>
			<ymin>627</ymin>
			<xmax>1190</xmax>
			<ymax>1211</ymax>
		</bndbox>
	</object>
	<object>
		<name>ref_coin</name>
		<bndbox>
			<xmin>1114</xmin>
			<ymin>259</ymin>
			<xmax>1390</xmax>
			<ymax>448</ymax>
		</bndbox>
	</object>
	<object>
		<name>dish</name>
		<bndbox>
			<xmin>1423</xmin>
			<ymin>670</ymin>
			<xmax>2478</xmax>
			<ymax>1736</ymax>
		</bndbox>
	</object>
	<object>
		<name>닭죽</name>
		<bndbox>
			<xmin>1601</xmin>
			<ymin>1135</ymin>
			<xmax>2261</xmax>
			<ymax>1325</ymax>
		</bndbox>
	</object>
</annotation>