<annotation>
	<folder>side죽류원형배달닭죽q1</folder>
	<filename>side_죽류_원형배달_닭죽_Q1_00040.JPG</filename>
	<path>/side죽류원형배달닭죽q1/side_죽류_원형배달_닭죽_Q1_00040.JPG</path>
	<source>
		<database>fooddata</database>
	</source>
	<size>
		<width>3008</width>
		<height>2000</height>
		<depth>3</depth>
	</size>
	<object>
		<name>ref_spoon</name>
		<bndbox>
			<xmin>395</xmin>
			<ymin>421</ymin>
			<xmax>752</xmax>
			<ymax>930</ymax>
		</bndbox>
	</object>
	<object>
		<name>ref_fork</name>
		<bndbox>
			<xmin>795</xmin>
			<ymin>427</ymin>
			<xmax>1039</xmax>
			<ymax>1000</ymax>
		</bndbox>
	</object>
	<object>
		<name>ref_coin</name>
		<bndbox>
			<xmin>2402</xmin>
			<ymin>313</ymin>
			<xmax>2662</xmax>
			<ymax>502</ymax>
		</bndbox>
	</object>
	<object>
		<name>dish</name>
		<bndbox>
			<xmin>1223</xmin>
			<ymin>356</ymin>
			<xmax>2240</xmax>
			<ymax>1373</ymax>
		</bndbox>
	</object>
	<object>
		<name>닭죽</name>
		<bndbox>
			<xmin>1466</xmin>
			<ymin>789</ymin>
			<xmax>2029</xmax>
			<ymax>984</ymax>
		</bndbox>
	</object>
</annotation>