<annotation>
	<folder>top죽류원형배달닭죽q1</folder>
	<filename>top_죽류_원형배달_닭죽_Q1_00003.JPG</filename>
	<path>/top죽류원형배달닭죽q1/top_죽류_원형배달_닭죽_Q1_00003.JPG</path>
	<source>
		<database>fooddata</database>
	</source>
	<size>
		<width>3008</width>
		<height>2000</height>
		<depth>3</depth>
	</size>
	<object>
		<name>ref_spoon</name>
		<bndbox>
			<xmin>1669</xmin>
			<ymin>123</ymin>
			<xmax>1990</xmax>
			<ymax>627</ymax>
		</bndbox>
	</object>
	<object>
		<name>ref_fork</name>
		<bndbox>
			<xmin>2116</xmin>
			<ymin>322</ymin>
			<xmax>2376</xmax>
			<ymax>885</ymax>
		</bndbox>
	</object>
	<object>
		<name>ref_coin</name>
		<bndbox>
			<xmin>553</xmin>
			<ymin>1509</ymin>
			<xmax>789</xmax>
			<ymax>1749</ymax>
		</bndbox>
	</object>
	<object>
		<name>dish</name>
		<bndbox>
			<xmin>519</xmin>
			<ymin>344</ymin>
			<xmax>1553</xmax>
			<ymax>1356</ymax>
		</bndbox>
	</object>
	<object>
		<name>닭죽</name>
		<bndbox>
			<xmin>740</xmin>
			<ymin>585</ymin>
			<xmax>1416</xmax>
			<ymax>1256</ymax>
		</bndbox>
	</object>
</annotation>