<annotation>
	<folder>top죽류원형배달닭죽q1</folder>
	<filename>top_죽류_원형배달_닭죽_Q1_00049.JPG</filename>
	<path>/top죽류원형배달닭죽q1/top_죽류_원형배달_닭죽_Q1_00049.JPG</path>
	<source>
		<database>fooddata</database>
	</source>
	<size>
		<width>3008</width>
		<height>2000</height>
		<depth>3</depth>
	</size>
	<object>
		<name>ref_spoon</name>
		<bndbox>
			<xmin>540</xmin>
			<ymin>571</ymin>
			<xmax>888</xmax>
			<ymax>1115</ymax>
		</bndbox>
	</object>
	<object>
		<name>ref_fork</name>
		<bndbox>
			<xmin>1063</xmin>
			<ymin>668</ymin>
			<xmax>1290</xmax>
			<ymax>1273</ymax>
		</bndbox>
	</object>
	<object>
		<name>ref_coin</name>
		<bndbox>
			<xmin>1932</xmin>
			<ymin>230</ymin>
			<xmax>2172</xmax>
			<ymax>465</ymax>
		</bndbox>
	</object>
	<object>
		<name>dish</name>
		<bndbox>
			<xmin>1449</xmin>
			<ymin>758</ymin>
			<xmax>2590</xmax>
			<ymax>1897</ymax>
		</bndbox>
	</object>
	<object>
		<name>닭죽</name>
		<bndbox>
			<xmin>1581</xmin>
			<ymin>996</ymin>
			<xmax>2310</xmax>
			<ymax>1746</ymax>
		</bndbox>
	</object>
</annotation>