<annotation>
	<folder>top죽류원형배달닭죽q1</folder>
	<filename>top_죽류_원형배달_닭죽_Q1_00018.JPG</filename>
	<path>/top죽류원형배달닭죽q1/top_죽류_원형배달_닭죽_Q1_00018.JPG</path>
	<source>
		<database>fooddata</database>
	</source>
	<size>
		<width>3008</width>
		<height>2000</height>
		<depth>3</depth>
	</size>
	<object>
		<name>ref_spoon</name>
		<bndbox>
			<xmin>674</xmin>
			<ymin>1408</ymin>
			<xmax>1131</xmax>
			<ymax>1696</ymax>
		</bndbox>
	</object>
	<object>
		<name>ref_fork</name>
		<bndbox>
			<xmin>719</xmin>
			<ymin>1147</ymin>
			<xmax>1211</xmax>
			<ymax>1332</ymax>
		</bndbox>
	</object>
	<object>
		<name>ref_coin</name>
		<bndbox>
			<xmin>1892</xmin>
			<ymin>734</ymin>
			<xmax>2085</xmax>
			<ymax>925</ymax>
		</bndbox>
	</object>
	<object>
		<name>dish</name>
		<bndbox>
			<xmin>981</xmin>
			<ymin>151</ymin>
			<xmax>1840</xmax>
			<ymax>1004</ymax>
		</bndbox>
	</object>
	<object>
		<name>닭죽</name>
		<bndbox>
			<xmin>1137</xmin>
			<ymin>383</ymin>
			<xmax>1700</xmax>
			<ymax>933</ymax>
		</bndbox>
	</object>
</annotation>