<annotation>
	<folder>top죽류원형배달닭죽q1</folder>
	<filename>top_죽류_원형배달_닭죽_Q1_00001.JPG</filename>
	<path>/top죽류원형배달닭죽q1/top_죽류_원형배달_닭죽_Q1_00001.JPG</path>
	<source>
		<database>fooddata</database>
	</source>
	<size>
		<width>3008</width>
		<height>2000</height>
		<depth>3</depth>
	</size>
	<object>
		<name>ref_spoon</name>
		<bndbox>
			<xmin>1701</xmin>
			<ymin>150</ymin>
			<xmax>2022</xmax>
			<ymax>663</ymax>
		</bndbox>
	</object>
	<object>
		<name>ref_fork</name>
		<bndbox>
			<xmin>2153</xmin>
			<ymin>342</ymin>
			<xmax>2411</xmax>
			<ymax>897</ymax>
		</bndbox>
	</object>
	<object>
		<name>ref_coin</name>
		<bndbox>
			<xmin>1217</xmin>
			<ymin>1459</ymin>
			<xmax>1450</xmax>
			<ymax>1695</ymax>
		</bndbox>
	</object>
	<object>
		<name>dish</name>
		<bndbox>
			<xmin>374</xmin>
			<ymin>425</ymin>
			<xmax>1398</xmax>
			<ymax>1442</ymax>
		</bndbox>
	</object>
	<object>
		<name>닭죽</name>
		<bndbox>
			<xmin>622</xmin>
			<ymin>658</ymin>
			<xmax>1275</xmax>
			<ymax>1324</ymax>
		</bndbox>
	</object>
</annotation>