<annotation>
	<folder>top죽류원형배달닭죽q1</folder>
	<filename>top_죽류_원형배달_닭죽_Q1_00031.JPG</filename>
	<path>/top죽류원형배달닭죽q1/top_죽류_원형배달_닭죽_Q1_00031.JPG</path>
	<source>
		<database>fooddata</database>
	</source>
	<size>
		<width>3008</width>
		<height>2000</height>
		<depth>3</depth>
	</size>
	<object>
		<name>ref_spoon</name>
		<bndbox>
			<xmin>550</xmin>
			<ymin>1474</ymin>
			<xmax>1058</xmax>
			<ymax>1807</ymax>
		</bndbox>
	</object>
	<object>
		<name>ref_fork</name>
		<bndbox>
			<xmin>614</xmin>
			<ymin>1176</ymin>
			<xmax>1176</xmax>
			<ymax>1390</ymax>
		</bndbox>
	</object>
	<object>
		<name>ref_coin</name>
		<bndbox>
			<xmin>418</xmin>
			<ymin>851</ymin>
			<xmax>645</xmax>
			<ymax>1078</ymax>
		</bndbox>
	</object>
	<object>
		<name>dish</name>
		<bndbox>
			<xmin>1253</xmin>
			<ymin>92</ymin>
			<xmax>2273</xmax>
			<ymax>1112</ymax>
		</bndbox>
	</object>
	<object>
		<name>닭죽</name>
		<bndbox>
			<xmin>1375</xmin>
			<ymin>314</ymin>
			<xmax>2035</xmax>
			<ymax>988</ymax>
		</bndbox>
	</object>
</annotation>