<annotation>
	<folder>top죽류원형배달닭죽q1</folder>
	<filename>top_죽류_원형배달_닭죽_Q1_00051.JPG</filename>
	<path>/top죽류원형배달닭죽q1/top_죽류_원형배달_닭죽_Q1_00051.JPG</path>
	<source>
		<database>fooddata</database>
	</source>
	<size>
		<width>3008</width>
		<height>2000</height>
		<depth>3</depth>
	</size>
	<object>
		<name>ref_spoon</name>
		<bndbox>
			<xmin>656</xmin>
			<ymin>378</ymin>
			<xmax>1013</xmax>
			<ymax>933</ymax>
		</bndbox>
	</object>
	<object>
		<name>ref_fork</name>
		<bndbox>
			<xmin>1179</xmin>
			<ymin>481</ymin>
			<xmax>1414</xmax>
			<ymax>1110</ymax>
		</bndbox>
	</object>
	<object>
		<name>ref_coin</name>
		<bndbox>
			<xmin>225</xmin>
			<ymin>1221</ymin>
			<xmax>479</xmax>
			<ymax>1482</ymax>
		</bndbox>
	</object>
	<object>
		<name>dish</name>
		<bndbox>
			<xmin>1509</xmin>
			<ymin>674</ymin>
			<xmax>2656</xmax>
			<ymax>1826</ymax>
		</bndbox>
	</object>
	<object>
		<name>닭죽</name>
		<bndbox>
			<xmin>1623</xmin>
			<ymin>927</ymin>
			<xmax>2352</xmax>
			<ymax>1678</ymax>
		</bndbox>
	</object>
</annotation>