<annotation>
	<folder>top죽류원형배달닭죽q1</folder>
	<filename>top_죽류_원형배달_닭죽_Q1_00015.JPG</filename>
	<path>/top죽류원형배달닭죽q1/top_죽류_원형배달_닭죽_Q1_00015.JPG</path>
	<source>
		<database>fooddata</database>
	</source>
	<size>
		<width>3008</width>
		<height>2000</height>
		<depth>3</depth>
	</size>
	<object>
		<name>ref_spoon</name>
		<bndbox>
			<xmin>1771</xmin>
			<ymin>293</ymin>
			<xmax>2117</xmax>
			<ymax>816</ymax>
		</bndbox>
	</object>
	<object>
		<name>ref_fork</name>
		<bndbox>
			<xmin>2241</xmin>
			<ymin>518</ymin>
			<xmax>2532</xmax>
			<ymax>1110</ymax>
		</bndbox>
	</object>
	<object>
		<name>ref_coin</name>
		<bndbox>
			<xmin>1256</xmin>
			<ymin>243</ymin>
			<xmax>1499</xmax>
			<ymax>470</ymax>
		</bndbox>
	</object>
	<object>
		<name>dish</name>
		<bndbox>
			<xmin>447</xmin>
			<ymin>777</ymin>
			<xmax>1589</xmax>
			<ymax>1894</ymax>
		</bndbox>
	</object>
	<object>
		<name>닭죽</name>
		<bndbox>
			<xmin>674</xmin>
			<ymin>1004</ymin>
			<xmax>1409</xmax>
			<ymax>1760</ymax>
		</bndbox>
	</object>
</annotation>