<annotation>
	<folder>top죽류원형배달닭죽q1</folder>
	<filename>top_죽류_원형배달_닭죽_Q1_00045.JPG</filename>
	<path>/top죽류원형배달닭죽q1/top_죽류_원형배달_닭죽_Q1_00045.JPG</path>
	<source>
		<database>fooddata</database>
	</source>
	<size>
		<width>3008</width>
		<height>2000</height>
		<depth>3</depth>
	</size>
	<object>
		<name>ref_spoon</name>
		<bndbox>
			<xmin>703</xmin>
			<ymin>695</ymin>
			<xmax>1023</xmax>
			<ymax>1181</ymax>
		</bndbox>
	</object>
	<object>
		<name>ref_fork</name>
		<bndbox>
			<xmin>1168</xmin>
			<ymin>798</ymin>
			<xmax>1388</xmax>
			<ymax>1345</ymax>
		</bndbox>
	</object>
	<object>
		<name>ref_coin</name>
		<bndbox>
			<xmin>748</xmin>
			<ymin>259</ymin>
			<xmax>970</xmax>
			<ymax>473</ymax>
		</bndbox>
	</object>
	<object>
		<name>dish</name>
		<bndbox>
			<xmin>1480</xmin>
			<ymin>769</ymin>
			<xmax>2500</xmax>
			<ymax>1791</ymax>
		</bndbox>
	</object>
	<object>
		<name>닭죽</name>
		<bndbox>
			<xmin>1591</xmin>
			<ymin>941</ymin>
			<xmax>2236</xmax>
			<ymax>1633</ymax>
		</bndbox>
	</object>
</annotation>