<annotation>
	<folder>top죽류원형배달닭죽q1</folder>
	<filename>top_죽류_원형배달_닭죽_Q1_00046.JPG</filename>
	<path>/top죽류원형배달닭죽q1/top_죽류_원형배달_닭죽_Q1_00046.JPG</path>
	<source>
		<database>fooddata</database>
	</source>
	<size>
		<width>3008</width>
		<height>2000</height>
		<depth>3</depth>
	</size>
	<object>
		<name>ref_spoon</name>
		<bndbox>
			<xmin>688</xmin>
			<ymin>668</ymin>
			<xmax>1036</xmax>
			<ymax>1205</ymax>
		</bndbox>
	</object>
	<object>
		<name>ref_fork</name>
		<bndbox>
			<xmin>1213</xmin>
			<ymin>766</ymin>
			<xmax>1443</xmax>
			<ymax>1347</ymax>
		</bndbox>
	</object>
	<object>
		<name>ref_coin</name>
		<bndbox>
			<xmin>1039</xmin>
			<ymin>156</ymin>
			<xmax>1274</xmax>
			<ymax>388</ymax>
		</bndbox>
	</object>
	<object>
		<name>dish</name>
		<bndbox>
			<xmin>1541</xmin>
			<ymin>692</ymin>
			<xmax>2677</xmax>
			<ymax>1828</ymax>
		</bndbox>
	</object>
	<object>
		<name>닭죽</name>
		<bndbox>
			<xmin>1670</xmin>
			<ymin>896</ymin>
			<xmax>2410</xmax>
			<ymax>1654</ymax>
		</bndbox>
	</object>
</annotation>