<annotation>
	<folder>side비빔밥덮밥류원형배달카레라이스q3</folder>
	<filename>side_비빔밥덮밥류_원형배달_카레라이스_Q3_00044.JPG</filename>
	<path>/side비빔밥덮밥류원형배달카레라이스q3/side_비빔밥덮밥류_원형배달_카레라이스_Q3_00044.JPG</path>
	<source>
		<database>fooddata</database>
	</source>
	<size>
		<width>3008</width>
		<height>2000</height>
		<depth>3</depth>
	</size>
	<object>
		<name>ref_spoon</name>
		<bndbox>
			<xmin>517</xmin>
			<ymin>385</ymin>
			<xmax>799</xmax>
			<ymax>736</ymax>
		</bndbox>
	</object>
	<object>
		<name>ref_fork</name>
		<bndbox>
			<xmin>922</xmin>
			<ymin>420</ymin>
			<xmax>1115</xmax>
			<ymax>813</ymax>
		</bndbox>
	</object>
	<object>
		<name>ref_coin</name>
		<bndbox>
			<xmin>995</xmin>
			<ymin>1526</ymin>
			<xmax>1230</xmax>
			<ymax>1696</ymax>
		</bndbox>
	</object>
	<object>
		<name>dish</name>
		<bndbox>
			<xmin>1273</xmin>
			<ymin>146</ymin>
			<xmax>2552</xmax>
			<ymax>1356</ymax>
		</bndbox>
	</object>
	<object>
		<name>카레라이스</name>
		<bndbox>
			<xmin>1504</xmin>
			<ymin>505</ymin>
			<xmax>2383</xmax>
			<ymax>936</ymax>
		</bndbox>
	</object>
</annotation>