<annotation>
	<folder>side비빔밥덮밥류원형배달카레라이스q3</folder>
	<filename>side_비빔밥덮밥류_원형배달_카레라이스_Q3_00021.JPG</filename>
	<path>/side비빔밥덮밥류원형배달카레라이스q3/side_비빔밥덮밥류_원형배달_카레라이스_Q3_00021.JPG</path>
	<source>
		<database>fooddata</database>
	</source>
	<size>
		<width>3008</width>
		<height>2000</height>
		<depth>3</depth>
	</size>
	<object>
		<name>ref_spoon</name>
		<bndbox>
			<xmin>406</xmin>
			<ymin>1422</ymin>
			<xmax>857</xmax>
			<ymax>1661</ymax>
		</bndbox>
	</object>
	<object>
		<name>ref_fork</name>
		<bndbox>
			<xmin>398</xmin>
			<ymin>1680</ymin>
			<xmax>914</xmax>
			<ymax>1900</ymax>
		</bndbox>
	</object>
	<object>
		<name>ref_coin</name>
		<bndbox>
			<xmin>803</xmin>
			<ymin>204</ymin>
			<xmax>976</xmax>
			<ymax>308</ymax>
		</bndbox>
	</object>
	<object>
		<name>dish</name>
		<bndbox>
			<xmin>672</xmin>
			<ymin>258</ymin>
			<xmax>1835</xmax>
			<ymax>1353</ymax>
		</bndbox>
	</object>
	<object>
		<name>카레라이스</name>
		<bndbox>
			<xmin>930</xmin>
			<ymin>555</ymin>
			<xmax>1731</xmax>
			<ymax>967</ymax>
		</bndbox>
	</object>
</annotation>