<annotation>
	<folder>side비빔밥덮밥류원형배달카레라이스q3</folder>
	<filename>side_비빔밥덮밥류_원형배달_카레라이스_Q3_00053.JPG</filename>
	<path>/side비빔밥덮밥류원형배달카레라이스q3/side_비빔밥덮밥류_원형배달_카레라이스_Q3_00053.JPG</path>
	<source>
		<database>fooddata</database>
	</source>
	<size>
		<width>3008</width>
		<height>2000</height>
		<depth>3</depth>
	</size>
	<object>
		<name>ref_spoon</name>
		<bndbox>
			<xmin>564</xmin>
			<ymin>393</ymin>
			<xmax>853</xmax>
			<ymax>751</ymax>
		</bndbox>
	</object>
	<object>
		<name>ref_fork</name>
		<bndbox>
			<xmin>976</xmin>
			<ymin>428</ymin>
			<xmax>1165</xmax>
			<ymax>821</ymax>
		</bndbox>
	</object>
	<object>
		<name>ref_coin</name>
		<bndbox>
			<xmin>190</xmin>
			<ymin>1380</ymin>
			<xmax>417</xmax>
			<ymax>1549</ymax>
		</bndbox>
	</object>
	<object>
		<name>dish</name>
		<bndbox>
			<xmin>1250</xmin>
			<ymin>200</ymin>
			<xmax>2564</xmax>
			<ymax>1422</ymax>
		</bndbox>
	</object>
	<object>
		<name>카레라이스</name>
		<bndbox>
			<xmin>1365</xmin>
			<ymin>524</ymin>
			<xmax>2425</xmax>
			<ymax>1013</ymax>
		</bndbox>
	</object>
</annotation>