<annotation>
	<folder>side비빔밥덮밥류원형배달카레라이스q3</folder>
	<filename>side_비빔밥덮밥류_원형배달_카레라이스_Q3_00014.JPG</filename>
	<path>/side비빔밥덮밥류원형배달카레라이스q3/side_비빔밥덮밥류_원형배달_카레라이스_Q3_00014.JPG</path>
	<source>
		<database>fooddata</database>
	</source>
	<size>
		<width>3008</width>
		<height>2000</height>
		<depth>3</depth>
	</size>
	<object>
		<name>ref_spoon</name>
		<bndbox>
			<xmin>1774</xmin>
			<ymin>578</ymin>
			<xmax>2074</xmax>
			<ymax>963</ymax>
		</bndbox>
	</object>
	<object>
		<name>ref_fork</name>
		<bndbox>
			<xmin>2221</xmin>
			<ymin>690</ymin>
			<xmax>2433</xmax>
			<ymax>1125</ymax>
		</bndbox>
	</object>
	<object>
		<name>ref_coin</name>
		<bndbox>
			<xmin>2645</xmin>
			<ymin>1087</ymin>
			<xmax>2868</xmax>
			<ymax>1245</ymax>
		</bndbox>
	</object>
	<object>
		<name>dish</name>
		<bndbox>
			<xmin>132</xmin>
			<ymin>270</ymin>
			<xmax>1554</xmax>
			<ymax>1588</ymax>
		</bndbox>
	</object>
	<object>
		<name>카레라이스</name>
		<bndbox>
			<xmin>225</xmin>
			<ymin>551</ymin>
			<xmax>1134</xmax>
			<ymax>1133</ymax>
		</bndbox>
	</object>
</annotation>