<annotation>
	<folder>side비빔밥덮밥류원형배달카레라이스q3</folder>
	<filename>side_비빔밥덮밥류_원형배달_카레라이스_Q3_00052.JPG</filename>
	<path>/side비빔밥덮밥류원형배달카레라이스q3/side_비빔밥덮밥류_원형배달_카레라이스_Q3_00052.JPG</path>
	<source>
		<database>fooddata</database>
	</source>
	<size>
		<width>3008</width>
		<height>2000</height>
		<depth>3</depth>
	</size>
	<object>
		<name>ref_spoon</name>
		<bndbox>
			<xmin>556</xmin>
			<ymin>389</ymin>
			<xmax>841</xmax>
			<ymax>744</ymax>
		</bndbox>
	</object>
	<object>
		<name>ref_fork</name>
		<bndbox>
			<xmin>968</xmin>
			<ymin>420</ymin>
			<xmax>1157</xmax>
			<ymax>825</ymax>
		</bndbox>
	</object>
	<object>
		<name>ref_coin</name>
		<bndbox>
			<xmin>718</xmin>
			<ymin>1580</ymin>
			<xmax>961</xmax>
			<ymax>1750</ymax>
		</bndbox>
	</object>
	<object>
		<name>dish</name>
		<bndbox>
			<xmin>1192</xmin>
			<ymin>197</ymin>
			<xmax>2514</xmax>
			<ymax>1426</ymax>
		</bndbox>
	</object>
	<object>
		<name>카레라이스</name>
		<bndbox>
			<xmin>1369</xmin>
			<ymin>547</ymin>
			<xmax>2363</xmax>
			<ymax>1013</ymax>
		</bndbox>
	</object>
</annotation>