<annotation>
	<folder>side비빔밥덮밥류원형배달카레라이스q3</folder>
	<filename>side_비빔밥덮밥류_원형배달_카레라이스_Q3_00008.JPG</filename>
	<path>/side비빔밥덮밥류원형배달카레라이스q3/side_비빔밥덮밥류_원형배달_카레라이스_Q3_00008.JPG</path>
	<source>
		<database>fooddata</database>
	</source>
	<size>
		<width>3008</width>
		<height>2000</height>
		<depth>3</depth>
	</size>
	<object>
		<name>ref_spoon</name>
		<bndbox>
			<xmin>1982</xmin>
			<ymin>482</ymin>
			<xmax>2290</xmax>
			<ymax>863</ymax>
		</bndbox>
	</object>
	<object>
		<name>ref_fork</name>
		<bndbox>
			<xmin>2437</xmin>
			<ymin>582</ymin>
			<xmax>2645</xmax>
			<ymax>1029</ymax>
		</bndbox>
	</object>
	<object>
		<name>ref_coin</name>
		<bndbox>
			<xmin>282</xmin>
			<ymin>366</ymin>
			<xmax>502</xmax>
			<ymax>501</ymax>
		</bndbox>
	</object>
	<object>
		<name>dish</name>
		<bndbox>
			<xmin>444</xmin>
			<ymin>243</ymin>
			<xmax>1866</xmax>
			<ymax>1568</ymax>
		</bndbox>
	</object>
	<object>
		<name>카레라이스</name>
		<bndbox>
			<xmin>1011</xmin>
			<ymin>613</ymin>
			<xmax>1728</xmax>
			<ymax>1114</ymax>
		</bndbox>
	</object>
</annotation>