<annotation>
	<folder>side비빔밥덮밥류원형배달카레라이스q3</folder>
	<filename>side_비빔밥덮밥류_원형배달_카레라이스_Q3_00038.JPG</filename>
	<path>/side비빔밥덮밥류원형배달카레라이스q3/side_비빔밥덮밥류_원형배달_카레라이스_Q3_00038.JPG</path>
	<source>
		<database>fooddata</database>
	</source>
	<size>
		<width>3008</width>
		<height>2000</height>
		<depth>3</depth>
	</size>
	<object>
		<name>ref_spoon</name>
		<bndbox>
			<xmin>467</xmin>
			<ymin>486</ymin>
			<xmax>749</xmax>
			<ymax>840</ymax>
		</bndbox>
	</object>
	<object>
		<name>ref_fork</name>
		<bndbox>
			<xmin>872</xmin>
			<ymin>516</ymin>
			<xmax>1065</xmax>
			<ymax>929</ymax>
		</bndbox>
	</object>
	<object>
		<name>ref_coin</name>
		<bndbox>
			<xmin>1277</xmin>
			<ymin>1676</ymin>
			<xmax>1508</xmax>
			<ymax>1842</ymax>
		</bndbox>
	</object>
	<object>
		<name>dish</name>
		<bndbox>
			<xmin>1227</xmin>
			<ymin>297</ymin>
			<xmax>2525</xmax>
			<ymax>1511</ymax>
		</bndbox>
	</object>
	<object>
		<name>카레라이스</name>
		<bndbox>
			<xmin>1331</xmin>
			<ymin>651</ymin>
			<xmax>2429</xmax>
			<ymax>1102</ymax>
		</bndbox>
	</object>
</annotation>