<annotation>
	<folder>side비빔밥덮밥류원형배달카레라이스q3</folder>
	<filename>side_비빔밥덮밥류_원형배달_카레라이스_Q3_00049.JPG</filename>
	<path>/side비빔밥덮밥류원형배달카레라이스q3/side_비빔밥덮밥류_원형배달_카레라이스_Q3_00049.JPG</path>
	<source>
		<database>fooddata</database>
	</source>
	<size>
		<width>3008</width>
		<height>2000</height>
		<depth>3</depth>
	</size>
	<object>
		<name>ref_spoon</name>
		<bndbox>
			<xmin>440</xmin>
			<ymin>443</ymin>
			<xmax>729</xmax>
			<ymax>790</ymax>
		</bndbox>
	</object>
	<object>
		<name>ref_fork</name>
		<bndbox>
			<xmin>857</xmin>
			<ymin>462</ymin>
			<xmax>1045</xmax>
			<ymax>875</ymax>
		</bndbox>
	</object>
	<object>
		<name>ref_coin</name>
		<bndbox>
			<xmin>2252</xmin>
			<ymin>1522</ymin>
			<xmax>2487</xmax>
			<ymax>1692</ymax>
		</bndbox>
	</object>
	<object>
		<name>dish</name>
		<bndbox>
			<xmin>1196</xmin>
			<ymin>247</ymin>
			<xmax>2506</xmax>
			<ymax>1476</ymax>
		</bndbox>
	</object>
	<object>
		<name>카레라이스</name>
		<bndbox>
			<xmin>1288</xmin>
			<ymin>566</ymin>
			<xmax>2406</xmax>
			<ymax>1060</ymax>
		</bndbox>
	</object>
</annotation>