<annotation>
	<folder>top비빔밥덮밥류원형배달카레라이스q3</folder>
	<filename>top_비빔밥덮밥류_원형배달_카레라이스_Q3_00030.JPG</filename>
	<path>/top비빔밥덮밥류원형배달카레라이스q3/top_비빔밥덮밥류_원형배달_카레라이스_Q3_00030.JPG</path>
	<source>
		<database>fooddata</database>
	</source>
	<size>
		<width>3008</width>
		<height>2000</height>
		<depth>3</depth>
	</size>
	<object>
		<name>ref_spoon</name>
		<bndbox>
			<xmin>872</xmin>
			<ymin>294</ymin>
			<xmax>1125</xmax>
			<ymax>679</ymax>
		</bndbox>
	</object>
	<object>
		<name>ref_fork</name>
		<bndbox>
			<xmin>1191</xmin>
			<ymin>396</ymin>
			<xmax>1359</xmax>
			<ymax>814</ymax>
		</bndbox>
	</object>
	<object>
		<name>ref_coin</name>
		<bndbox>
			<xmin>552</xmin>
			<ymin>904</ymin>
			<xmax>728</xmax>
			<ymax>1088</ymax>
		</bndbox>
	</object>
	<object>
		<name>dish</name>
		<bndbox>
			<xmin>1449</xmin>
			<ymin>626</ymin>
			<xmax>2537</xmax>
			<ymax>1698</ymax>
		</bndbox>
	</object>
	<object>
		<name>카레라이스</name>
		<bndbox>
			<xmin>1698</xmin>
			<ymin>789</ymin>
			<xmax>2431</xmax>
			<ymax>1665</ymax>
		</bndbox>
	</object>
</annotation>