<annotation>
	<folder>top비빔밥덮밥류원형배달카레라이스q3</folder>
	<filename>top_비빔밥덮밥류_원형배달_카레라이스_Q3_00022.JPG</filename>
	<path>/top비빔밥덮밥류원형배달카레라이스q3/top_비빔밥덮밥류_원형배달_카레라이스_Q3_00022.JPG</path>
	<source>
		<database>fooddata</database>
	</source>
	<size>
		<width>3008</width>
		<height>2000</height>
		<depth>3</depth>
	</size>
	<object>
		<name>ref_spoon</name>
		<bndbox>
			<xmin>720</xmin>
			<ymin>1481</ymin>
			<xmax>1072</xmax>
			<ymax>1722</ymax>
		</bndbox>
	</object>
	<object>
		<name>ref_fork</name>
		<bndbox>
			<xmin>839</xmin>
			<ymin>1260</ymin>
			<xmax>1207</xmax>
			<ymax>1428</ymax>
		</bndbox>
	</object>
	<object>
		<name>ref_coin</name>
		<bndbox>
			<xmin>593</xmin>
			<ymin>1170</ymin>
			<xmax>761</xmax>
			<ymax>1346</ymax>
		</bndbox>
	</object>
	<object>
		<name>dish</name>
		<bndbox>
			<xmin>978</xmin>
			<ymin>155</ymin>
			<xmax>1997</xmax>
			<ymax>1149</ymax>
		</bndbox>
	</object>
	<object>
		<name>카레라이스</name>
		<bndbox>
			<xmin>1044</xmin>
			<ymin>233</ymin>
			<xmax>1899</xmax>
			<ymax>965</ymax>
		</bndbox>
	</object>
</annotation>