<annotation>
	<folder>top비빔밥덮밥류원형배달카레라이스q3</folder>
	<filename>top_비빔밥덮밥류_원형배달_카레라이스_Q3_00014.JPG</filename>
	<path>/top비빔밥덮밥류원형배달카레라이스q3/top_비빔밥덮밥류_원형배달_카레라이스_Q3_00014.JPG</path>
	<source>
		<database>fooddata</database>
	</source>
	<size>
		<width>3008</width>
		<height>2000</height>
		<depth>3</depth>
	</size>
	<object>
		<name>ref_spoon</name>
		<bndbox>
			<xmin>573</xmin>
			<ymin>1477</ymin>
			<xmax>945</xmax>
			<ymax>1731</ymax>
		</bndbox>
	</object>
	<object>
		<name>ref_fork</name>
		<bndbox>
			<xmin>712</xmin>
			<ymin>1272</ymin>
			<xmax>1117</xmax>
			<ymax>1440</ymax>
		</bndbox>
	</object>
	<object>
		<name>ref_coin</name>
		<bndbox>
			<xmin>2030</xmin>
			<ymin>675</ymin>
			<xmax>2206</xmax>
			<ymax>847</ymax>
		</bndbox>
	</object>
	<object>
		<name>dish</name>
		<bndbox>
			<xmin>872</xmin>
			<ymin>102</ymin>
			<xmax>1907</xmax>
			<ymax>1117</ymax>
		</bndbox>
	</object>
	<object>
		<name>카레라이스</name>
		<bndbox>
			<xmin>999</xmin>
			<ymin>437</ymin>
			<xmax>1821</xmax>
			<ymax>1047</ymax>
		</bndbox>
	</object>
</annotation>