<annotation>
	<folder>top비빔밥덮밥류원형배달카레라이스q3</folder>
	<filename>top_비빔밥덮밥류_원형배달_카레라이스_Q3_00011.JPG</filename>
	<path>/top비빔밥덮밥류원형배달카레라이스q3/top_비빔밥덮밥류_원형배달_카레라이스_Q3_00011.JPG</path>
	<source>
		<database>fooddata</database>
	</source>
	<size>
		<width>3008</width>
		<height>2000</height>
		<depth>3</depth>
	</size>
	<object>
		<name>ref_spoon</name>
		<bndbox>
			<xmin>1653</xmin>
			<ymin>413</ymin>
			<xmax>1907</xmax>
			<ymax>781</ymax>
		</bndbox>
	</object>
	<object>
		<name>ref_fork</name>
		<bndbox>
			<xmin>1997</xmin>
			<ymin>474</ymin>
			<xmax>2173</xmax>
			<ymax>883</ymax>
		</bndbox>
	</object>
	<object>
		<name>ref_coin</name>
		<bndbox>
			<xmin>708</xmin>
			<ymin>147</ymin>
			<xmax>888</xmax>
			<ymax>327</ymax>
		</bndbox>
	</object>
	<object>
		<name>dish</name>
		<bndbox>
			<xmin>475</xmin>
			<ymin>581</ymin>
			<xmax>1600</xmax>
			<ymax>1653</ymax>
		</bndbox>
	</object>
	<object>
		<name>카레라이스</name>
		<bndbox>
			<xmin>589</xmin>
			<ymin>675</ymin>
			<xmax>1506</xmax>
			<ymax>1432</ymax>
		</bndbox>
	</object>
</annotation>