<annotation>
	<folder>top비빔밥덮밥류원형배달카레라이스q3</folder>
	<filename>top_비빔밥덮밥류_원형배달_카레라이스_Q3_00038.JPG</filename>
	<path>/top비빔밥덮밥류원형배달카레라이스q3/top_비빔밥덮밥류_원형배달_카레라이스_Q3_00038.JPG</path>
	<source>
		<database>fooddata</database>
	</source>
	<size>
		<width>3008</width>
		<height>2000</height>
		<depth>3</depth>
	</size>
	<object>
		<name>ref_spoon</name>
		<bndbox>
			<xmin>626</xmin>
			<ymin>355</ymin>
			<xmax>896</xmax>
			<ymax>744</ymax>
		</bndbox>
	</object>
	<object>
		<name>ref_fork</name>
		<bndbox>
			<xmin>978</xmin>
			<ymin>437</ymin>
			<xmax>1150</xmax>
			<ymax>867</ymax>
		</bndbox>
	</object>
	<object>
		<name>ref_coin</name>
		<bndbox>
			<xmin>1326</xmin>
			<ymin>290</ymin>
			<xmax>1518</xmax>
			<ymax>474</ymax>
		</bndbox>
	</object>
	<object>
		<name>dish</name>
		<bndbox>
			<xmin>1277</xmin>
			<ymin>679</ymin>
			<xmax>2427</xmax>
			<ymax>1804</ymax>
		</bndbox>
	</object>
	<object>
		<name>카레라이스</name>
		<bndbox>
			<xmin>1535</xmin>
			<ymin>842</ymin>
			<xmax>2267</xmax>
			<ymax>1755</ymax>
		</bndbox>
	</object>
</annotation>