<annotation>
	<folder>top비빔밥덮밥류원형배달카레라이스q3</folder>
	<filename>top_비빔밥덮밥류_원형배달_카레라이스_Q3_00029.JPG</filename>
	<path>/top비빔밥덮밥류원형배달카레라이스q3/top_비빔밥덮밥류_원형배달_카레라이스_Q3_00029.JPG</path>
	<source>
		<database>fooddata</database>
	</source>
	<size>
		<width>3008</width>
		<height>2000</height>
		<depth>3</depth>
	</size>
	<object>
		<name>ref_spoon</name>
		<bndbox>
			<xmin>839</xmin>
			<ymin>257</ymin>
			<xmax>1101</xmax>
			<ymax>626</ymax>
		</bndbox>
	</object>
	<object>
		<name>ref_fork</name>
		<bndbox>
			<xmin>1179</xmin>
			<ymin>339</ymin>
			<xmax>1346</xmax>
			<ymax>756</ymax>
		</bndbox>
	</object>
	<object>
		<name>ref_coin</name>
		<bndbox>
			<xmin>593</xmin>
			<ymin>1063</ymin>
			<xmax>778</xmax>
			<ymax>1248</ymax>
		</bndbox>
	</object>
	<object>
		<name>dish</name>
		<bndbox>
			<xmin>1473</xmin>
			<ymin>564</ymin>
			<xmax>2578</xmax>
			<ymax>1649</ymax>
		</bndbox>
	</object>
	<object>
		<name>카레라이스</name>
		<bndbox>
			<xmin>1731</xmin>
			<ymin>736</ymin>
			<xmax>2464</xmax>
			<ymax>1595</ymax>
		</bndbox>
	</object>
</annotation>