<annotation>
	<folder>top비빔밥덮밥류원형배달카레라이스q3</folder>
	<filename>top_비빔밥덮밥류_원형배달_카레라이스_Q3_00001.JPG</filename>
	<path>/top비빔밥덮밥류원형배달카레라이스q3/top_비빔밥덮밥류_원형배달_카레라이스_Q3_00001.JPG</path>
	<source>
		<database>fooddata</database>
	</source>
	<size>
		<width>3008</width>
		<height>2000</height>
		<depth>3</depth>
	</size>
	<object>
		<name>ref_spoon</name>
		<bndbox>
			<xmin>1694</xmin>
			<ymin>380</ymin>
			<xmax>1956</xmax>
			<ymax>769</ymax>
		</bndbox>
	</object>
	<object>
		<name>ref_fork</name>
		<bndbox>
			<xmin>2059</xmin>
			<ymin>441</ymin>
			<xmax>2226</xmax>
			<ymax>855</ymax>
		</bndbox>
	</object>
	<object>
		<name>ref_coin</name>
		<bndbox>
			<xmin>1412</xmin>
			<ymin>1690</ymin>
			<xmax>1596</xmax>
			<ymax>1882</ymax>
		</bndbox>
	</object>
	<object>
		<name>dish</name>
		<bndbox>
			<xmin>467</xmin>
			<ymin>433</ymin>
			<xmax>1592</xmax>
			<ymax>1526</ymax>
		</bndbox>
	</object>
	<object>
		<name>카레라이스</name>
		<bndbox>
			<xmin>728</xmin>
			<ymin>556</ymin>
			<xmax>1522</xmax>
			<ymax>1481</ymax>
		</bndbox>
	</object>
</annotation>