<annotation>
	<folder>top비빔밥덮밥류원형배달카레라이스q3</folder>
	<filename>top_비빔밥덮밥류_원형배달_카레라이스_Q3_00053.JPG</filename>
	<path>/top비빔밥덮밥류원형배달카레라이스q3/top_비빔밥덮밥류_원형배달_카레라이스_Q3_00053.JPG</path>
	<source>
		<database>fooddata</database>
	</source>
	<size>
		<width>3008</width>
		<height>2000</height>
		<depth>3</depth>
	</size>
	<object>
		<name>ref_spoon</name>
		<bndbox>
			<xmin>696</xmin>
			<ymin>204</ymin>
			<xmax>954</xmax>
			<ymax>593</ymax>
		</bndbox>
	</object>
	<object>
		<name>ref_fork</name>
		<bndbox>
			<xmin>1048</xmin>
			<ymin>282</ymin>
			<xmax>1224</xmax>
			<ymax>711</ymax>
		</bndbox>
	</object>
	<object>
		<name>ref_coin</name>
		<bndbox>
			<xmin>413</xmin>
			<ymin>437</ymin>
			<xmax>593</xmax>
			<ymax>626</ymax>
		</bndbox>
	</object>
	<object>
		<name>dish</name>
		<bndbox>
			<xmin>1199</xmin>
			<ymin>409</ymin>
			<xmax>2345</xmax>
			<ymax>1514</ymax>
		</bndbox>
	</object>
	<object>
		<name>카레라이스</name>
		<bndbox>
			<xmin>1314</xmin>
			<ymin>564</ymin>
			<xmax>2206</xmax>
			<ymax>1440</ymax>
		</bndbox>
	</object>
</annotation>