<annotation>
	<folder>side육류부피원형배달해물찜q2</folder>
	<filename>side_육류부피_원형배달_해물찜_Q2_00026.JPG</filename>
	<path>/side육류부피원형배달해물찜q2/side_육류부피_원형배달_해물찜_Q2_00026.JPG</path>
	<source>
		<database>fooddata</database>
	</source>
	<size>
		<width>3008</width>
		<height>2000</height>
		<depth>3</depth>
	</size>
	<object>
		<name>ref_spoon</name>
		<bndbox>
			<xmin>882</xmin>
			<ymin>1512</ymin>
			<xmax>1333</xmax>
			<ymax>1740</ymax>
		</bndbox>
	</object>
	<object>
		<name>ref_fork</name>
		<bndbox>
			<xmin>970</xmin>
			<ymin>1281</ymin>
			<xmax>1445</xmax>
			<ymax>1490</ymax>
		</bndbox>
	</object>
	<object>
		<name>ref_coin</name>
		<bndbox>
			<xmin>216</xmin>
			<ymin>809</ymin>
			<xmax>416</xmax>
			<ymax>956</ymax>
		</bndbox>
	</object>
	<object>
		<name>dish</name>
		<bndbox>
			<xmin>1029</xmin>
			<ymin>67</ymin>
			<xmax>2390</xmax>
			<ymax>1250</ymax>
		</bndbox>
	</object>
	<object>
		<name>해물찜</name>
		<bndbox>
			<xmin>1156</xmin>
			<ymin>437</ymin>
			<xmax>2166</xmax>
			<ymax>858</ymax>
		</bndbox>
	</object>
</annotation>