<annotation>
	<folder>side육류부피원형배달해물찜q2</folder>
	<filename>side_육류부피_원형배달_해물찜_Q2_00036.JPG</filename>
	<path>/side육류부피원형배달해물찜q2/side_육류부피_원형배달_해물찜_Q2_00036.JPG</path>
	<source>
		<database>fooddata</database>
	</source>
	<size>
		<width>3008</width>
		<height>2000</height>
		<depth>3</depth>
	</size>
	<object>
		<name>ref_spoon</name>
		<bndbox>
			<xmin>250</xmin>
			<ymin>559</ymin>
			<xmax>549</xmax>
			<ymax>922</ymax>
		</bndbox>
	</object>
	<object>
		<name>ref_fork</name>
		<bndbox>
			<xmin>686</xmin>
			<ymin>544</ymin>
			<xmax>897</xmax>
			<ymax>941</ymax>
		</bndbox>
	</object>
	<object>
		<name>ref_coin</name>
		<bndbox>
			<xmin>2107</xmin>
			<ymin>1554</ymin>
			<xmax>2352</xmax>
			<ymax>1725</ymax>
		</bndbox>
	</object>
	<object>
		<name>dish</name>
		<bndbox>
			<xmin>1082</xmin>
			<ymin>196</ymin>
			<xmax>2572</xmax>
			<ymax>1475</ymax>
		</bndbox>
	</object>
	<object>
		<name>해물찜</name>
		<bndbox>
			<xmin>1225</xmin>
			<ymin>603</ymin>
			<xmax>2249</xmax>
			<ymax>1029</ymax>
		</bndbox>
	</object>
</annotation>