<annotation>
	<folder>side육류부피원형배달해물찜q2</folder>
	<filename>side_육류부피_원형배달_해물찜_Q2_00034.JPG</filename>
	<path>/side육류부피원형배달해물찜q2/side_육류부피_원형배달_해물찜_Q2_00034.JPG</path>
	<source>
		<database>fooddata</database>
	</source>
	<size>
		<width>3008</width>
		<height>2000</height>
		<depth>3</depth>
	</size>
	<object>
		<name>ref_spoon</name>
		<bndbox>
			<xmin>204</xmin>
			<ymin>598</ymin>
			<xmax>509</xmax>
			<ymax>956</ymax>
		</bndbox>
	</object>
	<object>
		<name>ref_fork</name>
		<bndbox>
			<xmin>637</xmin>
			<ymin>603</ymin>
			<xmax>845</xmax>
			<ymax>1000</ymax>
		</bndbox>
	</object>
	<object>
		<name>ref_coin</name>
		<bndbox>
			<xmin>1553</xmin>
			<ymin>1696</ymin>
			<xmax>1793</xmax>
			<ymax>1862</ymax>
		</bndbox>
	</object>
	<object>
		<name>dish</name>
		<bndbox>
			<xmin>1034</xmin>
			<ymin>295</ymin>
			<xmax>2528</xmax>
			<ymax>1573</ymax>
		</bndbox>
	</object>
	<object>
		<name>해물찜</name>
		<bndbox>
			<xmin>1156</xmin>
			<ymin>727</ymin>
			<xmax>2356</xmax>
			<ymax>1140</ymax>
		</bndbox>
	</object>
</annotation>