<annotation>
	<folder>side육류부피원형배달해물찜q2</folder>
	<filename>side_육류부피_원형배달_해물찜_Q2_00044.JPG</filename>
	<path>/side육류부피원형배달해물찜q2/side_육류부피_원형배달_해물찜_Q2_00044.JPG</path>
	<source>
		<database>fooddata</database>
	</source>
	<size>
		<width>3008</width>
		<height>2000</height>
		<depth>3</depth>
	</size>
	<object>
		<name>ref_spoon</name>
		<bndbox>
			<xmin>235</xmin>
			<ymin>819</ymin>
			<xmax>514</xmax>
			<ymax>1152</ymax>
		</bndbox>
	</object>
	<object>
		<name>ref_fork</name>
		<bndbox>
			<xmin>641</xmin>
			<ymin>789</ymin>
			<xmax>837</xmax>
			<ymax>1162</ymax>
		</bndbox>
	</object>
	<object>
		<name>ref_coin</name>
		<bndbox>
			<xmin>1288</xmin>
			<ymin>380</ymin>
			<xmax>1478</xmax>
			<ymax>490</ymax>
		</bndbox>
	</object>
	<object>
		<name>dish</name>
		<bndbox>
			<xmin>1102</xmin>
			<ymin>456</ymin>
			<xmax>2503</xmax>
			<ymax>1642</ymax>
		</bndbox>
	</object>
	<object>
		<name>해물찜</name>
		<bndbox>
			<xmin>1244</xmin>
			<ymin>848</ymin>
			<xmax>2380</xmax>
			<ymax>1230</ymax>
		</bndbox>
	</object>
</annotation>