<annotation>
	<folder>side육류부피원형배달해물찜q2</folder>
	<filename>side_육류부피_원형배달_해물찜_Q2_00051.JPG</filename>
	<path>/side육류부피원형배달해물찜q2/side_육류부피_원형배달_해물찜_Q2_00051.JPG</path>
	<source>
		<database>fooddata</database>
	</source>
	<size>
		<width>3008</width>
		<height>2000</height>
		<depth>3</depth>
	</size>
	<object>
		<name>ref_spoon</name>
		<bndbox>
			<xmin>265</xmin>
			<ymin>735</ymin>
			<xmax>549</xmax>
			<ymax>1064</ymax>
		</bndbox>
	</object>
	<object>
		<name>ref_fork</name>
		<bndbox>
			<xmin>681</xmin>
			<ymin>682</ymin>
			<xmax>878</xmax>
			<ymax>1070</ymax>
		</bndbox>
	</object>
	<object>
		<name>ref_coin</name>
		<bndbox>
			<xmin>2474</xmin>
			<ymin>1255</ymin>
			<xmax>2699</xmax>
			<ymax>1407</ymax>
		</bndbox>
	</object>
	<object>
		<name>dish</name>
		<bndbox>
			<xmin>1068</xmin>
			<ymin>241</ymin>
			<xmax>2454</xmax>
			<ymax>1413</ymax>
		</bndbox>
	</object>
	<object>
		<name>해물찜</name>
		<bndbox>
			<xmin>1313</xmin>
			<ymin>569</ymin>
			<xmax>2317</xmax>
			<ymax>1000</ymax>
		</bndbox>
	</object>
</annotation>