<annotation>
	<folder>top육류부피원형배달해물찜q2</folder>
	<filename>top_육류부피_원형배달_해물찜_Q2_00043.JPG</filename>
	<path>/top육류부피원형배달해물찜q2/top_육류부피_원형배달_해물찜_Q2_00043.JPG</path>
	<source>
		<database>fooddata</database>
	</source>
	<size>
		<width>3008</width>
		<height>2000</height>
		<depth>3</depth>
	</size>
	<object>
		<name>ref_spoon</name>
		<bndbox>
			<xmin>433</xmin>
			<ymin>501</ymin>
			<xmax>705</xmax>
			<ymax>886</ymax>
		</bndbox>
	</object>
	<object>
		<name>ref_fork</name>
		<bndbox>
			<xmin>851</xmin>
			<ymin>505</ymin>
			<xmax>1032</xmax>
			<ymax>933</ymax>
		</bndbox>
	</object>
	<object>
		<name>ref_coin</name>
		<bndbox>
			<xmin>2353</xmin>
			<ymin>1448</ymin>
			<xmax>2535</xmax>
			<ymax>1637</ymax>
		</bndbox>
	</object>
	<object>
		<name>dish</name>
		<bndbox>
			<xmin>1315</xmin>
			<ymin>181</ymin>
			<xmax>2695</xmax>
			<ymax>1539</ymax>
		</bndbox>
	</object>
	<object>
		<name>해물찜</name>
		<bndbox>
			<xmin>1395</xmin>
			<ymin>457</ymin>
			<xmax>2433</xmax>
			<ymax>1423</ymax>
		</bndbox>
	</object>
</annotation>