<annotation>
	<folder>top육류부피원형배달해물찜q2</folder>
	<filename>top_육류부피_원형배달_해물찜_Q2_00016.JPG</filename>
	<path>/top육류부피원형배달해물찜q2/top_육류부피_원형배달_해물찜_Q2_00016.JPG</path>
	<source>
		<database>fooddata</database>
	</source>
	<size>
		<width>3008</width>
		<height>2000</height>
		<depth>3</depth>
	</size>
	<object>
		<name>ref_spoon</name>
		<bndbox>
			<xmin>1998</xmin>
			<ymin>250</ymin>
			<xmax>2248</xmax>
			<ymax>632</ymax>
		</bndbox>
	</object>
	<object>
		<name>ref_fork</name>
		<bndbox>
			<xmin>2332</xmin>
			<ymin>272</ymin>
			<xmax>2506</xmax>
			<ymax>682</ymax>
		</bndbox>
	</object>
	<object>
		<name>ref_coin</name>
		<bndbox>
			<xmin>2709</xmin>
			<ymin>980</ymin>
			<xmax>2883</xmax>
			<ymax>1158</ymax>
		</bndbox>
	</object>
	<object>
		<name>dish</name>
		<bndbox>
			<xmin>524</xmin>
			<ymin>352</ymin>
			<xmax>1947</xmax>
			<ymax>1746</ymax>
		</bndbox>
	</object>
	<object>
		<name>해물찜</name>
		<bndbox>
			<xmin>687</xmin>
			<ymin>574</ymin>
			<xmax>1798</xmax>
			<ymax>1604</ymax>
		</bndbox>
	</object>
</annotation>