<annotation>
	<folder>top육류부피원형배달해물찜q2</folder>
	<filename>top_육류부피_원형배달_해물찜_Q2_00003.JPG</filename>
	<path>/top육류부피원형배달해물찜q2/top_육류부피_원형배달_해물찜_Q2_00003.JPG</path>
	<source>
		<database>fooddata</database>
	</source>
	<size>
		<width>3008</width>
		<height>2000</height>
		<depth>3</depth>
	</size>
	<object>
		<name>ref_spoon</name>
		<bndbox>
			<xmin>2139</xmin>
			<ymin>200</ymin>
			<xmax>2401</xmax>
			<ymax>588</ymax>
		</bndbox>
	</object>
	<object>
		<name>ref_fork</name>
		<bndbox>
			<xmin>2488</xmin>
			<ymin>221</ymin>
			<xmax>2666</xmax>
			<ymax>664</ymax>
		</bndbox>
	</object>
	<object>
		<name>ref_coin</name>
		<bndbox>
			<xmin>1370</xmin>
			<ymin>1688</ymin>
			<xmax>1577</xmax>
			<ymax>1895</ymax>
		</bndbox>
	</object>
	<object>
		<name>dish</name>
		<bndbox>
			<xmin>734</xmin>
			<ymin>229</ymin>
			<xmax>2157</xmax>
			<ymax>1648</ymax>
		</bndbox>
	</object>
	<object>
		<name>해물찜</name>
		<bndbox>
			<xmin>880</xmin>
			<ymin>428</ymin>
			<xmax>1954</xmax>
			<ymax>1485</ymax>
		</bndbox>
	</object>
</annotation>