<annotation>
	<folder>top육류부피원형배달해물찜q2</folder>
	<filename>top_육류부피_원형배달_해물찜_Q2_00019.JPG</filename>
	<path>/top육류부피원형배달해물찜q2/top_육류부피_원형배달_해물찜_Q2_00019.JPG</path>
	<source>
		<database>fooddata</database>
	</source>
	<size>
		<width>3008</width>
		<height>2000</height>
		<depth>3</depth>
	</size>
	<object>
		<name>ref_spoon</name>
		<bndbox>
			<xmin>1050</xmin>
			<ymin>1608</ymin>
			<xmax>1391</xmax>
			<ymax>1858</ymax>
		</bndbox>
	</object>
	<object>
		<name>ref_fork</name>
		<bndbox>
			<xmin>1076</xmin>
			<ymin>1358</ymin>
			<xmax>1457</xmax>
			<ymax>1525</ymax>
		</bndbox>
	</object>
	<object>
		<name>ref_coin</name>
		<bndbox>
			<xmin>2128</xmin>
			<ymin>1045</ymin>
			<xmax>2288</xmax>
			<ymax>1205</ymax>
		</bndbox>
	</object>
	<object>
		<name>dish</name>
		<bndbox>
			<xmin>1018</xmin>
			<ymin>73</ymin>
			<xmax>2223</xmax>
			<ymax>1267</ymax>
		</bndbox>
	</object>
	<object>
		<name>해물찜</name>
		<bndbox>
			<xmin>1185</xmin>
			<ymin>261</ymin>
			<xmax>2041</xmax>
			<ymax>1085</ymax>
		</bndbox>
	</object>
</annotation>