<annotation>
	<folder>top육류부피원형배달해물찜q2</folder>
	<filename>top_육류부피_원형배달_해물찜_Q2_00007.JPG</filename>
	<path>/top육류부피원형배달해물찜q2/top_육류부피_원형배달_해물찜_Q2_00007.JPG</path>
	<source>
		<database>fooddata</database>
	</source>
	<size>
		<width>3008</width>
		<height>2000</height>
		<depth>3</depth>
	</size>
	<object>
		<name>ref_spoon</name>
		<bndbox>
			<xmin>2277</xmin>
			<ymin>131</ymin>
			<xmax>2538</xmax>
			<ymax>526</ymax>
		</bndbox>
	</object>
	<object>
		<name>ref_fork</name>
		<bndbox>
			<xmin>2622</xmin>
			<ymin>160</ymin>
			<xmax>2803</xmax>
			<ymax>613</ymax>
		</bndbox>
	</object>
	<object>
		<name>ref_coin</name>
		<bndbox>
			<xmin>361</xmin>
			<ymin>711</ymin>
			<xmax>568</xmax>
			<ymax>911</ymax>
		</bndbox>
	</object>
	<object>
		<name>dish</name>
		<bndbox>
			<xmin>840</xmin>
			<ymin>258</ymin>
			<xmax>2299</xmax>
			<ymax>1702</ymax>
		</bndbox>
	</object>
	<object>
		<name>해물찜</name>
		<bndbox>
			<xmin>981</xmin>
			<ymin>461</ymin>
			<xmax>2085</xmax>
			<ymax>1532</ymax>
		</bndbox>
	</object>
</annotation>