<annotation>
	<folder>side밥류밥그릇콩밥q1</folder>
	<filename>side_밥류_밥그릇_콩밥_Q1_00004.JPG</filename>
	<path>/side밥류밥그릇콩밥q1/side_밥류_밥그릇_콩밥_Q1_00004.JPG</path>
	<source>
		<database>fooddata</database>
	</source>
	<size>
		<width>5472</width>
		<height>3648</height>
		<depth>3</depth>
	</size>
	<object>
		<name>ref_spoon</name>
		<bndbox>
			<xmin>3637</xmin>
			<ymin>901</ymin>
			<xmax>4210</xmax>
			<ymax>1721</ymax>
		</bndbox>
	</object>
	<object>
		<name>ref_fork</name>
		<bndbox>
			<xmin>4439</xmin>
			<ymin>910</ymin>
			<xmax>4847</xmax>
			<ymax>1887</ymax>
		</bndbox>
	</object>
	<object>
		<name>ref_coin</name>
		<bndbox>
			<xmin>1746</xmin>
			<ymin>2425</ymin>
			<xmax>2207</xmax>
			<ymax>2770</ymax>
		</bndbox>
	</object>
	<object>
		<name>dish</name>
		<bndbox>
			<xmin>1369</xmin>
			<ymin>430</ymin>
			<xmax>3296</xmax>
			<ymax>1954</ymax>
		</bndbox>
	</object>
	<object>
		<name>콩밥</name>
		<bndbox>
			<xmin>1589</xmin>
			<ymin>896</ymin>
			<xmax>2342</xmax>
			<ymax>1658</ymax>
		</bndbox>
	</object>
</annotation>