<annotation>
	<folder>side밥류밥그릇콩밥q1</folder>
	<filename>side_밥류_밥그릇_콩밥_Q1_00043.JPG</filename>
	<path>/side밥류밥그릇콩밥q1/side_밥류_밥그릇_콩밥_Q1_00043.JPG</path>
	<source>
		<database>fooddata</database>
	</source>
	<size>
		<width>5472</width>
		<height>3648</height>
		<depth>3</depth>
	</size>
	<object>
		<name>ref_spoon</name>
		<bndbox>
			<xmin>1651</xmin>
			<ymin>717</ymin>
			<xmax>2203</xmax>
			<ymax>1497</ymax>
		</bndbox>
	</object>
	<object>
		<name>ref_fork</name>
		<bndbox>
			<xmin>2449</xmin>
			<ymin>722</ymin>
			<xmax>2830</xmax>
			<ymax>1609</ymax>
		</bndbox>
	</object>
	<object>
		<name>ref_coin</name>
		<bndbox>
			<xmin>975</xmin>
			<ymin>1017</ymin>
			<xmax>1369</xmax>
			<ymax>1318</ymax>
		</bndbox>
	</object>
	<object>
		<name>dish</name>
		<bndbox>
			<xmin>3126</xmin>
			<ymin>748</ymin>
			<xmax>5111</xmax>
			<ymax>2357</ymax>
		</bndbox>
	</object>
	<object>
		<name>콩밥</name>
		<bndbox>
			<xmin>3731</xmin>
			<ymin>1461</ymin>
			<xmax>4851</xmax>
			<ymax>2093</ymax>
		</bndbox>
	</object>
</annotation>