<annotation>
	<folder>side밥류밥그릇콩밥q1</folder>
	<filename>side_밥류_밥그릇_콩밥_Q1_00045.JPG</filename>
	<path>/side밥류밥그릇콩밥q1/side_밥류_밥그릇_콩밥_Q1_00045.JPG</path>
	<source>
		<database>fooddata</database>
	</source>
	<size>
		<width>5472</width>
		<height>3648</height>
		<depth>3</depth>
	</size>
	<object>
		<name>ref_spoon</name>
		<bndbox>
			<xmin>1450</xmin>
			<ymin>1125</ymin>
			<xmax>2032</xmax>
			<ymax>1887</ymax>
		</bndbox>
	</object>
	<object>
		<name>ref_fork</name>
		<bndbox>
			<xmin>2270</xmin>
			<ymin>1143</ymin>
			<xmax>2660</xmax>
			<ymax>2079</ymax>
		</bndbox>
	</object>
	<object>
		<name>ref_coin</name>
		<bndbox>
			<xmin>3211</xmin>
			<ymin>659</ymin>
			<xmax>3605</xmax>
			<ymax>941</ymax>
		</bndbox>
	</object>
	<object>
		<name>dish</name>
		<bndbox>
			<xmin>2956</xmin>
			<ymin>1170</ymin>
			<xmax>4959</xmax>
			<ymax>2783</ymax>
		</bndbox>
	</object>
	<object>
		<name>콩밥</name>
		<bndbox>
			<xmin>3296</xmin>
			<ymin>1972</ymin>
			<xmax>4708</xmax>
			<ymax>2523</ymax>
		</bndbox>
	</object>
</annotation>