<annotation>
	<folder>side밥류밥그릇콩밥q1</folder>
	<filename>side_밥류_밥그릇_콩밥_Q1_00046.JPG</filename>
	<path>/side밥류밥그릇콩밥q1/side_밥류_밥그릇_콩밥_Q1_00046.JPG</path>
	<source>
		<database>fooddata</database>
	</source>
	<size>
		<width>5472</width>
		<height>3648</height>
		<depth>3</depth>
	</size>
	<object>
		<name>ref_spoon</name>
		<bndbox>
			<xmin>1132</xmin>
			<ymin>471</ymin>
			<xmax>1705</xmax>
			<ymax>1259</ymax>
		</bndbox>
	</object>
	<object>
		<name>ref_fork</name>
		<bndbox>
			<xmin>1929</xmin>
			<ymin>506</ymin>
			<xmax>2333</xmax>
			<ymax>1362</ymax>
		</bndbox>
	</object>
	<object>
		<name>ref_coin</name>
		<bndbox>
			<xmin>3341</xmin>
			<ymin>2922</ymin>
			<xmax>3807</xmax>
			<ymax>3316</ymax>
		</bndbox>
	</object>
	<object>
		<name>dish</name>
		<bndbox>
			<xmin>2637</xmin>
			<ymin>583</ymin>
			<xmax>4627</xmax>
			<ymax>2187</ymax>
		</bndbox>
	</object>
	<object>
		<name>콩밥</name>
		<bndbox>
			<xmin>3256</xmin>
			<ymin>1008</ymin>
			<xmax>4233</xmax>
			<ymax>1887</ymax>
		</bndbox>
	</object>
</annotation>