<annotation>
	<folder>side밥류밥그릇콩밥q1</folder>
	<filename>side_밥류_밥그릇_콩밥_Q1_00027.JPG</filename>
	<path>/side밥류밥그릇콩밥q1/side_밥류_밥그릇_콩밥_Q1_00027.JPG</path>
	<source>
		<database>fooddata</database>
	</source>
	<size>
		<width>5472</width>
		<height>3648</height>
		<depth>3</depth>
	</size>
	<object>
		<name>ref_spoon</name>
		<bndbox>
			<xmin>1199</xmin>
			<ymin>484</ymin>
			<xmax>1759</xmax>
			<ymax>1277</ymax>
		</bndbox>
	</object>
	<object>
		<name>ref_fork</name>
		<bndbox>
			<xmin>1983</xmin>
			<ymin>515</ymin>
			<xmax>2369</xmax>
			<ymax>1367</ymax>
		</bndbox>
	</object>
	<object>
		<name>ref_coin</name>
		<bndbox>
			<xmin>3646</xmin>
			<ymin>2590</ymin>
			<xmax>4103</xmax>
			<ymax>2953</ymax>
		</bndbox>
	</object>
	<object>
		<name>dish</name>
		<bndbox>
			<xmin>2530</xmin>
			<ymin>587</ymin>
			<xmax>4466</xmax>
			<ymax>2151</ymax>
		</bndbox>
	</object>
	<object>
		<name>콩밥</name>
		<bndbox>
			<xmin>2974</xmin>
			<ymin>1120</ymin>
			<xmax>4112</xmax>
			<ymax>1887</ymax>
		</bndbox>
	</object>
</annotation>