<annotation>
	<folder>side밥류밥그릇콩밥q1</folder>
	<filename>side_밥류_밥그릇_콩밥_Q1_00028.JPG</filename>
	<path>/side밥류밥그릇콩밥q1/side_밥류_밥그릇_콩밥_Q1_00028.JPG</path>
	<source>
		<database>fooddata</database>
	</source>
	<size>
		<width>5472</width>
		<height>3648</height>
		<depth>3</depth>
	</size>
	<object>
		<name>ref_spoon</name>
		<bndbox>
			<xmin>1154</xmin>
			<ymin>609</ymin>
			<xmax>1705</xmax>
			<ymax>1389</ymax>
		</bndbox>
	</object>
	<object>
		<name>ref_fork</name>
		<bndbox>
			<xmin>1934</xmin>
			<ymin>623</ymin>
			<xmax>2328</xmax>
			<ymax>1560</ymax>
		</bndbox>
	</object>
	<object>
		<name>ref_coin</name>
		<bndbox>
			<xmin>3919</xmin>
			<ymin>2716</ymin>
			<xmax>4381</xmax>
			<ymax>3083</ymax>
		</bndbox>
	</object>
	<object>
		<name>dish</name>
		<bndbox>
			<xmin>2476</xmin>
			<ymin>730</ymin>
			<xmax>4417</xmax>
			<ymax>2304</ymax>
		</bndbox>
	</object>
	<object>
		<name>콩밥</name>
		<bndbox>
			<xmin>2817</xmin>
			<ymin>1111</ymin>
			<xmax>3749</xmax>
			<ymax>1967</ymax>
		</bndbox>
	</object>
</annotation>