<annotation>
	<folder>side밥류밥그릇콩밥q1</folder>
	<filename>side_밥류_밥그릇_콩밥_Q1_00009.JPG</filename>
	<path>/side밥류밥그릇콩밥q1/side_밥류_밥그릇_콩밥_Q1_00009.JPG</path>
	<source>
		<database>fooddata</database>
	</source>
	<size>
		<width>5472</width>
		<height>3648</height>
		<depth>3</depth>
	</size>
	<object>
		<name>ref_spoon</name>
		<bndbox>
			<xmin>3655</xmin>
			<ymin>1058</ymin>
			<xmax>4228</xmax>
			<ymax>1878</ymax>
		</bndbox>
	</object>
	<object>
		<name>ref_fork</name>
		<bndbox>
			<xmin>4461</xmin>
			<ymin>1049</ymin>
			<xmax>4865</xmax>
			<ymax>1967</ymax>
		</bndbox>
	</object>
	<object>
		<name>ref_coin</name>
		<bndbox>
			<xmin>755</xmin>
			<ymin>1457</ymin>
			<xmax>1190</xmax>
			<ymax>1766</ymax>
		</bndbox>
	</object>
	<object>
		<name>dish</name>
		<bndbox>
			<xmin>1566</xmin>
			<ymin>556</ymin>
			<xmax>3458</xmax>
			<ymax>2075</ymax>
		</bndbox>
	</object>
	<object>
		<name>콩밥</name>
		<bndbox>
			<xmin>2158</xmin>
			<ymin>1560</ymin>
			<xmax>3027</xmax>
			<ymax>1802</ymax>
		</bndbox>
	</object>
</annotation>