<annotation>
	<folder>side밥류밥그릇콩밥q1</folder>
	<filename>side_밥류_밥그릇_콩밥_Q1_00034.JPG</filename>
	<path>/side밥류밥그릇콩밥q1/side_밥류_밥그릇_콩밥_Q1_00034.JPG</path>
	<source>
		<database>fooddata</database>
	</source>
	<size>
		<width>5472</width>
		<height>3648</height>
		<depth>3</depth>
	</size>
	<object>
		<name>ref_spoon</name>
		<bndbox>
			<xmin>737</xmin>
			<ymin>1031</ymin>
			<xmax>1320</xmax>
			<ymax>1815</ymax>
		</bndbox>
	</object>
	<object>
		<name>ref_fork</name>
		<bndbox>
			<xmin>1539</xmin>
			<ymin>1058</ymin>
			<xmax>1925</xmax>
			<ymax>1990</ymax>
		</bndbox>
	</object>
	<object>
		<name>ref_coin</name>
		<bndbox>
			<xmin>2221</xmin>
			<ymin>668</ymin>
			<xmax>2606</xmax>
			<ymax>919</ymax>
		</bndbox>
	</object>
	<object>
		<name>dish</name>
		<bndbox>
			<xmin>2239</xmin>
			<ymin>1120</ymin>
			<xmax>4157</xmax>
			<ymax>2671</ymax>
		</bndbox>
	</object>
	<object>
		<name>콩밥</name>
		<bndbox>
			<xmin>2696</xmin>
			<ymin>1573</ymin>
			<xmax>3740</xmax>
			<ymax>2380</ymax>
		</bndbox>
	</object>
</annotation>