<annotation>
	<folder>side밥류밥그릇콩밥q1</folder>
	<filename>side_밥류_밥그릇_콩밥_Q1_00029.JPG</filename>
	<path>/side밥류밥그릇콩밥q1/side_밥류_밥그릇_콩밥_Q1_00029.JPG</path>
	<source>
		<database>fooddata</database>
	</source>
	<size>
		<width>5472</width>
		<height>3648</height>
		<depth>3</depth>
	</size>
	<object>
		<name>ref_spoon</name>
		<bndbox>
			<xmin>1132</xmin>
			<ymin>560</ymin>
			<xmax>1701</xmax>
			<ymax>1336</ymax>
		</bndbox>
	</object>
	<object>
		<name>ref_fork</name>
		<bndbox>
			<xmin>1934</xmin>
			<ymin>569</ymin>
			<xmax>2310</xmax>
			<ymax>1510</ymax>
		</bndbox>
	</object>
	<object>
		<name>ref_coin</name>
		<bndbox>
			<xmin>4251</xmin>
			<ymin>2581</ymin>
			<xmax>4726</xmax>
			<ymax>2944</ymax>
		</bndbox>
	</object>
	<object>
		<name>dish</name>
		<bndbox>
			<xmin>2472</xmin>
			<ymin>668</ymin>
			<xmax>4412</xmax>
			<ymax>2227</ymax>
		</bndbox>
	</object>
	<object>
		<name>콩밥</name>
		<bndbox>
			<xmin>2808</xmin>
			<ymin>1071</ymin>
			<xmax>4098</xmax>
			<ymax>1909</ymax>
		</bndbox>
	</object>
</annotation>