<annotation>
	<folder>side밥류밥그릇콩밥q1</folder>
	<filename>side_밥류_밥그릇_콩밥_Q1_00023.JPG</filename>
	<path>/side밥류밥그릇콩밥q1/side_밥류_밥그릇_콩밥_Q1_00023.JPG</path>
	<source>
		<database>fooddata</database>
	</source>
	<size>
		<width>5472</width>
		<height>3648</height>
		<depth>3</depth>
	</size>
	<object>
		<name>ref_spoon</name>
		<bndbox>
			<xmin>1414</xmin>
			<ymin>681</ymin>
			<xmax>1979</xmax>
			<ymax>1407</ymax>
		</bndbox>
	</object>
	<object>
		<name>ref_fork</name>
		<bndbox>
			<xmin>2198</xmin>
			<ymin>690</ymin>
			<xmax>2579</xmax>
			<ymax>1533</ymax>
		</bndbox>
	</object>
	<object>
		<name>ref_coin</name>
		<bndbox>
			<xmin>2718</xmin>
			<ymin>2537</ymin>
			<xmax>3171</xmax>
			<ymax>2882</ymax>
		</bndbox>
	</object>
	<object>
		<name>dish</name>
		<bndbox>
			<xmin>2754</xmin>
			<ymin>816</ymin>
			<xmax>4708</xmax>
			<ymax>2366</ymax>
		</bndbox>
	</object>
	<object>
		<name>콩밥</name>
		<bndbox>
			<xmin>3130</xmin>
			<ymin>1578</ymin>
			<xmax>4349</xmax>
			<ymax>2106</ymax>
		</bndbox>
	</object>
</annotation>