<annotation>
	<folder>side밥류밥그릇콩밥q1</folder>
	<filename>side_밥류_밥그릇_콩밥_Q1_00018.JPG</filename>
	<path>/side밥류밥그릇콩밥q1/side_밥류_밥그릇_콩밥_Q1_00018.JPG</path>
	<source>
		<database>fooddata</database>
	</source>
	<size>
		<width>5472</width>
		<height>3648</height>
		<depth>3</depth>
	</size>
	<object>
		<name>ref_spoon</name>
		<bndbox>
			<xmin>1279</xmin>
			<ymin>2689</ymin>
			<xmax>2328</xmax>
			<ymax>3240</ymax>
		</bndbox>
	</object>
	<object>
		<name>ref_fork</name>
		<bndbox>
			<xmin>1616</xmin>
			<ymin>2209</ymin>
			<xmax>2696</xmax>
			<ymax>2662</ymax>
		</bndbox>
	</object>
	<object>
		<name>ref_coin</name>
		<bndbox>
			<xmin>2552</xmin>
			<ymin>206</ymin>
			<xmax>2938</xmax>
			<ymax>471</ymax>
		</bndbox>
	</object>
	<object>
		<name>dish</name>
		<bndbox>
			<xmin>2283</xmin>
			<ymin>484</ymin>
			<xmax>4201</xmax>
			<ymax>2026</ymax>
		</bndbox>
	</object>
	<object>
		<name>콩밥</name>
		<bndbox>
			<xmin>2611</xmin>
			<ymin>1300</ymin>
			<xmax>3901</xmax>
			<ymax>1752</ymax>
		</bndbox>
	</object>
</annotation>