<annotation>
	<folder>top밥류밥그릇콩밥q1</folder>
	<filename>top_밥류_밥그릇_콩밥_Q1_00046.JPG</filename>
	<path>/top밥류밥그릇콩밥q1/top_밥류_밥그릇_콩밥_Q1_00046.JPG</path>
	<source>
		<database>fooddata</database>
	</source>
	<size>
		<width>5472</width>
		<height>3648</height>
		<depth>3</depth>
	</size>
	<object>
		<name>ref_spoon</name>
		<bndbox>
			<xmin>865</xmin>
			<ymin>279</ymin>
			<xmax>1523</xmax>
			<ymax>1305</ymax>
		</bndbox>
	</object>
	<object>
		<name>ref_fork</name>
		<bndbox>
			<xmin>1852</xmin>
			<ymin>330</ymin>
			<xmax>2297</xmax>
			<ymax>1472</ymax>
		</bndbox>
	</object>
	<object>
		<name>ref_coin</name>
		<bndbox>
			<xmin>3401</xmin>
			<ymin>2827</ymin>
			<xmax>3898</xmax>
			<ymax>3318</ymax>
		</bndbox>
	</object>
	<object>
		<name>dish</name>
		<bndbox>
			<xmin>2523</xmin>
			<ymin>324</ymin>
			<xmax>4801</xmax>
			<ymax>2582</ymax>
		</bndbox>
	</object>
	<object>
		<name>콩밥</name>
		<bndbox>
			<xmin>2884</xmin>
			<ymin>930</ymin>
			<xmax>4117</xmax>
			<ymax>2363</ymax>
		</bndbox>
	</object>
</annotation>