<annotation>
	<folder>top밥류밥그릇콩밥q1</folder>
	<filename>top_밥류_밥그릇_콩밥_Q1_00026.JPG</filename>
	<path>/top밥류밥그릇콩밥q1/top_밥류_밥그릇_콩밥_Q1_00026.JPG</path>
	<source>
		<database>fooddata</database>
	</source>
	<size>
		<width>5472</width>
		<height>3648</height>
		<depth>3</depth>
	</size>
	<object>
		<name>ref_spoon</name>
		<bndbox>
			<xmin>1084</xmin>
			<ymin>324</ymin>
			<xmax>1749</xmax>
			<ymax>1369</ymax>
		</bndbox>
	</object>
	<object>
		<name>ref_fork</name>
		<bndbox>
			<xmin>1987</xmin>
			<ymin>459</ymin>
			<xmax>2478</xmax>
			<ymax>1582</ymax>
		</bndbox>
	</object>
	<object>
		<name>ref_coin</name>
		<bndbox>
			<xmin>3272</xmin>
			<ymin>2789</ymin>
			<xmax>3743</xmax>
			<ymax>3279</ymax>
		</bndbox>
	</object>
	<object>
		<name>dish</name>
		<bndbox>
			<xmin>2904</xmin>
			<ymin>537</ymin>
			<xmax>5149</xmax>
			<ymax>2750</ymax>
		</bndbox>
	</object>
	<object>
		<name>콩밥</name>
		<bndbox>
			<xmin>3304</xmin>
			<ymin>1292</ymin>
			<xmax>4704</xmax>
			<ymax>2440</ymax>
		</bndbox>
	</object>
</annotation>