<annotation>
	<folder>top밥류밥그릇콩밥q1</folder>
	<filename>top_밥류_밥그릇_콩밥_Q1_00014.JPG</filename>
	<path>/top밥류밥그릇콩밥q1/top_밥류_밥그릇_콩밥_Q1_00014.JPG</path>
	<source>
		<database>fooddata</database>
	</source>
	<size>
		<width>5472</width>
		<height>3648</height>
		<depth>3</depth>
	</size>
	<object>
		<name>ref_spoon</name>
		<bndbox>
			<xmin>1129</xmin>
			<ymin>2911</ymin>
			<xmax>2129</xmax>
			<ymax>3582</ymax>
		</bndbox>
	</object>
	<object>
		<name>ref_fork</name>
		<bndbox>
			<xmin>1162</xmin>
			<ymin>2234</ymin>
			<xmax>2252</xmax>
			<ymax>2666</ymax>
		</bndbox>
	</object>
	<object>
		<name>ref_coin</name>
		<bndbox>
			<xmin>1413</xmin>
			<ymin>427</ymin>
			<xmax>1839</xmax>
			<ymax>866</ymax>
		</bndbox>
	</object>
	<object>
		<name>dish</name>
		<bndbox>
			<xmin>1878</xmin>
			<ymin>214</ymin>
			<xmax>3936</xmax>
			<ymax>2221</ymax>
		</bndbox>
	</object>
	<object>
		<name>콩밥</name>
		<bndbox>
			<xmin>2736</xmin>
			<ymin>969</ymin>
			<xmax>3691</xmax>
			<ymax>2008</ymax>
		</bndbox>
	</object>
</annotation>