<annotation>
	<folder>top밥류밥그릇콩밥q1</folder>
	<filename>top_밥류_밥그릇_콩밥_Q1_00016.JPG</filename>
	<path>/top밥류밥그릇콩밥q1/top_밥류_밥그릇_콩밥_Q1_00016.JPG</path>
	<source>
		<database>fooddata</database>
	</source>
	<size>
		<width>5472</width>
		<height>3648</height>
		<depth>3</depth>
	</size>
	<object>
		<name>ref_spoon</name>
		<bndbox>
			<xmin>1091</xmin>
			<ymin>2860</ymin>
			<xmax>1955</xmax>
			<ymax>3415</ymax>
		</bndbox>
	</object>
	<object>
		<name>ref_fork</name>
		<bndbox>
			<xmin>1110</xmin>
			<ymin>2285</ymin>
			<xmax>2078</xmax>
			<ymax>2647</ymax>
		</bndbox>
	</object>
	<object>
		<name>ref_coin</name>
		<bndbox>
			<xmin>1807</xmin>
			<ymin>285</ymin>
			<xmax>2155</xmax>
			<ymax>614</ymax>
		</bndbox>
	</object>
	<object>
		<name>dish</name>
		<bndbox>
			<xmin>1826</xmin>
			<ymin>601</ymin>
			<xmax>3530</xmax>
			<ymax>2285</ymax>
		</bndbox>
	</object>
	<object>
		<name>콩밥</name>
		<bndbox>
			<xmin>2039</xmin>
			<ymin>1408</ymin>
			<xmax>2994</xmax>
			<ymax>2131</ymax>
		</bndbox>
	</object>
</annotation>