<annotation>
	<folder>top밥류밥그릇콩밥q1</folder>
	<filename>top_밥류_밥그릇_콩밥_Q1_00039.JPG</filename>
	<path>/top밥류밥그릇콩밥q1/top_밥류_밥그릇_콩밥_Q1_00039.JPG</path>
	<source>
		<database>fooddata</database>
	</source>
	<size>
		<width>5472</width>
		<height>3648</height>
		<depth>3</depth>
	</size>
	<object>
		<name>ref_spoon</name>
		<bndbox>
			<xmin>1026</xmin>
			<ymin>350</ymin>
			<xmax>1645</xmax>
			<ymax>1356</ymax>
		</bndbox>
	</object>
	<object>
		<name>ref_fork</name>
		<bndbox>
			<xmin>1942</xmin>
			<ymin>408</ymin>
			<xmax>2368</xmax>
			<ymax>1517</ymax>
		</bndbox>
	</object>
	<object>
		<name>ref_coin</name>
		<bndbox>
			<xmin>2613</xmin>
			<ymin>2395</ymin>
			<xmax>3065</xmax>
			<ymax>2853</ymax>
		</bndbox>
	</object>
	<object>
		<name>dish</name>
		<bndbox>
			<xmin>2852</xmin>
			<ymin>401</ymin>
			<xmax>5033</xmax>
			<ymax>2531</ymax>
		</bndbox>
	</object>
	<object>
		<name>콩밥</name>
		<bndbox>
			<xmin>3407</xmin>
			<ymin>1130</ymin>
			<xmax>4646</xmax>
			<ymax>2266</ymax>
		</bndbox>
	</object>
</annotation>