<annotation>
	<folder>top밥류밥그릇콩밥q1</folder>
	<filename>top_밥류_밥그릇_콩밥_Q1_00029.JPG</filename>
	<path>/top밥류밥그릇콩밥q1/top_밥류_밥그릇_콩밥_Q1_00029.JPG</path>
	<source>
		<database>fooddata</database>
	</source>
	<size>
		<width>5472</width>
		<height>3648</height>
		<depth>3</depth>
	</size>
	<object>
		<name>ref_spoon</name>
		<bndbox>
			<xmin>1058</xmin>
			<ymin>201</ymin>
			<xmax>1710</xmax>
			<ymax>1253</ymax>
		</bndbox>
	</object>
	<object>
		<name>ref_fork</name>
		<bndbox>
			<xmin>1975</xmin>
			<ymin>337</ymin>
			<xmax>2439</xmax>
			<ymax>1479</ymax>
		</bndbox>
	</object>
	<object>
		<name>ref_coin</name>
		<bndbox>
			<xmin>4310</xmin>
			<ymin>2905</ymin>
			<xmax>4820</xmax>
			<ymax>3402</ymax>
		</bndbox>
	</object>
	<object>
		<name>dish</name>
		<bndbox>
			<xmin>2865</xmin>
			<ymin>427</ymin>
			<xmax>5117</xmax>
			<ymax>2614</ymax>
		</bndbox>
	</object>
	<object>
		<name>콩밥</name>
		<bndbox>
			<xmin>3143</xmin>
			<ymin>1008</ymin>
			<xmax>4433</xmax>
			<ymax>2298</ymax>
		</bndbox>
	</object>
</annotation>