<annotation>
	<folder>top밥류밥그릇콩밥q1</folder>
	<filename>top_밥류_밥그릇_콩밥_Q1_00051.JPG</filename>
	<path>/top밥류밥그릇콩밥q1/top_밥류_밥그릇_콩밥_Q1_00051.JPG</path>
	<source>
		<database>fooddata</database>
	</source>
	<size>
		<width>5472</width>
		<height>3648</height>
		<depth>3</depth>
	</size>
	<object>
		<name>ref_spoon</name>
		<bndbox>
			<xmin>807</xmin>
			<ymin>924</ymin>
			<xmax>1497</xmax>
			<ymax>1950</ymax>
		</bndbox>
	</object>
	<object>
		<name>ref_fork</name>
		<bndbox>
			<xmin>1794</xmin>
			<ymin>963</ymin>
			<xmax>2239</xmax>
			<ymax>2085</ymax>
		</bndbox>
	</object>
	<object>
		<name>ref_coin</name>
		<bndbox>
			<xmin>2994</xmin>
			<ymin>233</ymin>
			<xmax>3465</xmax>
			<ymax>698</ymax>
		</bndbox>
	</object>
	<object>
		<name>dish</name>
		<bndbox>
			<xmin>2452</xmin>
			<ymin>956</ymin>
			<xmax>4685</xmax>
			<ymax>3195</ymax>
		</bndbox>
	</object>
	<object>
		<name>콩밥</name>
		<bndbox>
			<xmin>2794</xmin>
			<ymin>1498</ymin>
			<xmax>4059</xmax>
			<ymax>2866</ymax>
		</bndbox>
	</object>
</annotation>