<annotation>
	<folder>top밥류밥그릇콩밥q1</folder>
	<filename>top_밥류_밥그릇_콩밥_Q1_00002.JPG</filename>
	<path>/top밥류밥그릇콩밥q1/top_밥류_밥그릇_콩밥_Q1_00002.JPG</path>
	<source>
		<database>fooddata</database>
	</source>
	<size>
		<width>5472</width>
		<height>3648</height>
		<depth>3</depth>
	</size>
	<object>
		<name>ref_spoon</name>
		<bndbox>
			<xmin>3704</xmin>
			<ymin>350</ymin>
			<xmax>4349</xmax>
			<ymax>1382</ymax>
		</bndbox>
	</object>
	<object>
		<name>ref_fork</name>
		<bndbox>
			<xmin>4452</xmin>
			<ymin>479</ymin>
			<xmax>4917</xmax>
			<ymax>1588</ymax>
		</bndbox>
	</object>
	<object>
		<name>ref_coin</name>
		<bndbox>
			<xmin>2207</xmin>
			<ymin>2666</ymin>
			<xmax>2671</xmax>
			<ymax>3131</ymax>
		</bndbox>
	</object>
	<object>
		<name>dish</name>
		<bndbox>
			<xmin>1445</xmin>
			<ymin>298</ymin>
			<xmax>3620</xmax>
			<ymax>2427</ymax>
		</bndbox>
	</object>
	<object>
		<name>콩밥</name>
		<bndbox>
			<xmin>1755</xmin>
			<ymin>1021</ymin>
			<xmax>2826</xmax>
			<ymax>2201</ymax>
		</bndbox>
	</object>
</annotation>