<annotation>
	<folder>top밥류밥그릇콩밥q1</folder>
	<filename>top_밥류_밥그릇_콩밥_Q1_00021.JPG</filename>
	<path>/top밥류밥그릇콩밥q1/top_밥류_밥그릇_콩밥_Q1_00021.JPG</path>
	<source>
		<database>fooddata</database>
	</source>
	<size>
		<width>5472</width>
		<height>3648</height>
		<depth>3</depth>
	</size>
	<object>
		<name>ref_spoon</name>
		<bndbox>
			<xmin>1142</xmin>
			<ymin>2808</ymin>
			<xmax>2013</xmax>
			<ymax>3369</ymax>
		</bndbox>
	</object>
	<object>
		<name>ref_fork</name>
		<bndbox>
			<xmin>1194</xmin>
			<ymin>2227</ymin>
			<xmax>2142</xmax>
			<ymax>2614</ymax>
		</bndbox>
	</object>
	<object>
		<name>ref_coin</name>
		<bndbox>
			<xmin>3549</xmin>
			<ymin>924</ymin>
			<xmax>3917</xmax>
			<ymax>1292</ymax>
		</bndbox>
	</object>
	<object>
		<name>dish</name>
		<bndbox>
			<xmin>1684</xmin>
			<ymin>517</ymin>
			<xmax>3446</xmax>
			<ymax>2227</ymax>
		</bndbox>
	</object>
	<object>
		<name>콩밥</name>
		<bndbox>
			<xmin>2478</xmin>
			<ymin>1072</ymin>
			<xmax>3272</xmax>
			<ymax>1969</ymax>
		</bndbox>
	</object>
</annotation>