<annotation>
	<folder>top밥류밥그릇콩밥q1</folder>
	<filename>top_밥류_밥그릇_콩밥_Q1_00028.JPG</filename>
	<path>/top밥류밥그릇콩밥q1/top_밥류_밥그릇_콩밥_Q1_00028.JPG</path>
	<source>
		<database>fooddata</database>
	</source>
	<size>
		<width>5472</width>
		<height>3648</height>
		<depth>3</depth>
	</size>
	<object>
		<name>ref_spoon</name>
		<bndbox>
			<xmin>1168</xmin>
			<ymin>137</ymin>
			<xmax>1807</xmax>
			<ymax>1201</ymax>
		</bndbox>
	</object>
	<object>
		<name>ref_fork</name>
		<bndbox>
			<xmin>2091</xmin>
			<ymin>266</ymin>
			<xmax>2530</xmax>
			<ymax>1434</ymax>
		</bndbox>
	</object>
	<object>
		<name>ref_coin</name>
		<bndbox>
			<xmin>4091</xmin>
			<ymin>2898</ymin>
			<xmax>4575</xmax>
			<ymax>3402</ymax>
		</bndbox>
	</object>
	<object>
		<name>dish</name>
		<bndbox>
			<xmin>2955</xmin>
			<ymin>362</ymin>
			<xmax>5220</xmax>
			<ymax>2563</ymax>
		</bndbox>
	</object>
	<object>
		<name>콩밥</name>
		<bndbox>
			<xmin>3252</xmin>
			<ymin>911</ymin>
			<xmax>4427</xmax>
			<ymax>2163</ymax>
		</bndbox>
	</object>
</annotation>