<annotation>
	<folder>top밥류밥그릇콩밥q1</folder>
	<filename>top_밥류_밥그릇_콩밥_Q1_00013.JPG</filename>
	<path>/top밥류밥그릇콩밥q1/top_밥류_밥그릇_콩밥_Q1_00013.JPG</path>
	<source>
		<database>fooddata</database>
	</source>
	<size>
		<width>5472</width>
		<height>3648</height>
		<depth>3</depth>
	</size>
	<object>
		<name>ref_spoon</name>
		<bndbox>
			<xmin>1213</xmin>
			<ymin>2821</ymin>
			<xmax>2220</xmax>
			<ymax>3473</ymax>
		</bndbox>
	</object>
	<object>
		<name>ref_fork</name>
		<bndbox>
			<xmin>1265</xmin>
			<ymin>2156</ymin>
			<xmax>2349</xmax>
			<ymax>2582</ymax>
		</bndbox>
	</object>
	<object>
		<name>ref_coin</name>
		<bndbox>
			<xmin>1297</xmin>
			<ymin>756</ymin>
			<xmax>1729</xmax>
			<ymax>1169</ymax>
		</bndbox>
	</object>
	<object>
		<name>dish</name>
		<bndbox>
			<xmin>1904</xmin>
			<ymin>188</ymin>
			<xmax>3949</xmax>
			<ymax>2163</ymax>
		</bndbox>
	</object>
	<object>
		<name>콩밥</name>
		<bndbox>
			<xmin>2742</xmin>
			<ymin>640</ymin>
			<xmax>3691</xmax>
			<ymax>1679</ymax>
		</bndbox>
	</object>
</annotation>