<annotation>
	<folder>죽류원형배달닭죽q3</folder>
	<filename>side_죽류_원형배달_닭죽_Q3_00006.JPG</filename>
	<path>/side죽류원형배달닭죽q3/side_죽류_원형배달_닭죽_Q3_00006.JPG</path>
	<source>
		<database>fooddata</database>
	</source>
	<size>
		<width>3008</width>
		<height>2000</height>
		<depth>3</depth>
	</size>
	<object>
		<name>ref_spoon</name>
		<bndbox>
			<xmin>1816</xmin>
			<ymin>371</ymin>
			<xmax>2121</xmax>
			<ymax>796</ymax>
		</bndbox>
	</object>
	<object>
		<name>ref_fork</name>
		<bndbox>
			<xmin>2204</xmin>
			<ymin>398</ymin>
			<xmax>2428</xmax>
			<ymax>887</ymax>
		</bndbox>
	</object>
	<object>
		<name>ref_coin</name>
		<bndbox>
			<xmin>253</xmin>
			<ymin>961</ymin>
			<xmax>494</xmax>
			<ymax>1130</ymax>
		</bndbox>
	</object>
	<object>
		<name>dish</name>
		<bndbox>
			<xmin>772</xmin>
			<ymin>334</ymin>
			<xmax>1713</xmax>
			<ymax>1275</ymax>
		</bndbox>
	</object>
	<object>
		<name>닭죽</name>
		<bndbox>
			<xmin>868</xmin>
			<ymin>563</ymin>
			<xmax>1619</xmax>
			<ymax>877</ymax>
		</bndbox>
	</object>
</annotation>