<annotation>
	<folder>죽류원형배달닭죽q3</folder>
	<filename>side_죽류_원형배달_닭죽_Q3_00028.JPG</filename>
	<path>/side죽류원형배달닭죽q3/side_죽류_원형배달_닭죽_Q3_00028.JPG</path>
	<source>
		<database>fooddata</database>
	</source>
	<size>
		<width>3008</width>
		<height>2000</height>
		<depth>3</depth>
	</size>
	<object>
		<name>ref_spoon</name>
		<bndbox>
			<xmin>135</xmin>
			<ymin>1302</ymin>
			<xmax>686</xmax>
			<ymax>1595</ymax>
		</bndbox>
	</object>
	<object>
		<name>ref_fork</name>
		<bndbox>
			<xmin>209</xmin>
			<ymin>1000</ymin>
			<xmax>787</xmax>
			<ymax>1260</ymax>
		</bndbox>
	</object>
	<object>
		<name>ref_coin</name>
		<bndbox>
			<xmin>2251</xmin>
			<ymin>1521</ymin>
			<xmax>2506</xmax>
			<ymax>1715</ymax>
		</bndbox>
	</object>
	<object>
		<name>dish</name>
		<bndbox>
			<xmin>914</xmin>
			<ymin>113</ymin>
			<xmax>1831</xmax>
			<ymax>1054</ymax>
		</bndbox>
	</object>
	<object>
		<name>닭죽</name>
		<bndbox>
			<xmin>1022</xmin>
			<ymin>332</ymin>
			<xmax>1735</xmax>
			<ymax>678</ymax>
		</bndbox>
	</object>
</annotation>