<annotation>
	<folder>side죽류원형배달닭죽q3_00047</folder>
	<filename>side_죽류_원형배달_닭죽_Q3_00047.JPG</filename>
	<path>/side죽류원형배달닭죽q3/side_죽류_원형배달_닭죽_Q3_00047.JPG</path>
	<source>
		<database>fooddata</database>
	</source>
	<size>
		<width>3008</width>
		<height>2000</height>
		<depth>3</depth>
	</size>
	<object>
		<name>ref_spoon</name>
		<bndbox>
			<xmin>606</xmin>
			<ymin>520</ymin>
			<xmax>936</xmax>
			<ymax>948</ymax>
		</bndbox>
	</object>
	<object>
		<name>ref_fork</name>
		<bndbox>
			<xmin>1005</xmin>
			<ymin>581</ymin>
			<xmax>1229</xmax>
			<ymax>1096</ymax>
		</bndbox>
	</object>
	<object>
		<name>ref_coin</name>
		<bndbox>
			<xmin>1232</xmin>
			<ymin>251</ymin>
			<xmax>1467</xmax>
			<ymax>402</ymax>
		</bndbox>
	</object>
	<object>
		<name>dish</name>
		<bndbox>
			<xmin>1332</xmin>
			<ymin>460</ymin>
			<xmax>2352</xmax>
			<ymax>1469</ymax>
		</bndbox>
	</object>
	<object>
		<name>닭죽</name>
		<bndbox>
			<xmin>1443</xmin>
			<ymin>703</ymin>
			<xmax>2217</xmax>
			<ymax>1054</ymax>
		</bndbox>
	</object>
</annotation>