<annotation>
	<folder>죽류원형배달닭죽q3</folder>
	<filename>side_죽류_원형배달_닭죽_Q3_00034.JPG</filename>
	<path>/side죽류원형배달닭죽q3/side_죽류_원형배달_닭죽_Q3_00034.JPG</path>
	<source>
		<database>fooddata</database>
	</source>
	<size>
		<width>3008</width>
		<height>2000</height>
		<depth>3</depth>
	</size>
	<object>
		<name>ref_spoon</name>
		<bndbox>
			<xmin>617</xmin>
			<ymin>334</ymin>
			<xmax>939</xmax>
			<ymax>771</ymax>
		</bndbox>
	</object>
	<object>
		<name>ref_fork</name>
		<bndbox>
			<xmin>1015</xmin>
			<ymin>391</ymin>
			<xmax>1236</xmax>
			<ymax>889</ymax>
		</bndbox>
	</object>
	<object>
		<name>ref_coin</name>
		<bndbox>
			<xmin>1271</xmin>
			<ymin>1302</ymin>
			<xmax>1524</xmax>
			<ymax>1501</ymax>
		</bndbox>
	</object>
	<object>
		<name>dish</name>
		<bndbox>
			<xmin>1325</xmin>
			<ymin>265</ymin>
			<xmax>2288</xmax>
			<ymax>1251</ymax>
		</bndbox>
	</object>
	<object>
		<name>닭죽</name>
		<bndbox>
			<xmin>1440</xmin>
			<ymin>499</ymin>
			<xmax>2214</xmax>
			<ymax>857</ymax>
		</bndbox>
	</object>
</annotation>