<annotation>
	<folder>죽류원형배달닭죽q3</folder>
	<filename>side_죽류_원형배달_닭죽_Q3_00057.JPG</filename>
	<path>/side죽류원형배달닭죽q3/side_죽류_원형배달_닭죽_Q3_00057.JPG</path>
	<source>
		<database>fooddata</database>
	</source>
	<size>
		<width>3008</width>
		<height>2000</height>
		<depth>3</depth>
	</size>
	<object>
		<name>ref_spoon</name>
		<bndbox>
			<xmin>868</xmin>
			<ymin>649</ymin>
			<xmax>1182</xmax>
			<ymax>1096</ymax>
		</bndbox>
	</object>
	<object>
		<name>ref_fork</name>
		<bndbox>
			<xmin>1244</xmin>
			<ymin>717</ymin>
			<xmax>1467</xmax>
			<ymax>1216</ymax>
		</bndbox>
	</object>
	<object>
		<name>ref_coin</name>
		<bndbox>
			<xmin>1725</xmin>
			<ymin>236</ymin>
			<xmax>1949</xmax>
			<ymax>376</ymax>
		</bndbox>
	</object>
	<object>
		<name>dish</name>
		<bndbox>
			<xmin>1755</xmin>
			<ymin>580</ymin>
			<xmax>2703</xmax>
			<ymax>1548</ymax>
		</bndbox>
	</object>
	<object>
		<name>닭죽</name>
		<bndbox>
			<xmin>1863</xmin>
			<ymin>835</ymin>
			<xmax>2592</xmax>
			<ymax>1170</ymax>
		</bndbox>
	</object>
</annotation>