<annotation>
	<folder>죽류원형배달닭죽q3</folder>
	<filename>side_죽류_원형배달_닭죽_Q3_00020.JPG</filename>
	<path>/side죽류원형배달닭죽q3/side_죽류_원형배달_닭죽_Q3_00020.JPG</path>
	<source>
		<database>fooddata</database>
	</source>
	<size>
		<width>3008</width>
		<height>2000</height>
		<depth>3</depth>
	</size>
	<object>
		<name>ref_spoon</name>
		<bndbox>
			<xmin>433</xmin>
			<ymin>1521</ymin>
			<xmax>990</xmax>
			<ymax>1796</ymax>
		</bndbox>
	</object>
	<object>
		<name>ref_fork</name>
		<bndbox>
			<xmin>492</xmin>
			<ymin>1214</ymin>
			<xmax>1079</xmax>
			<ymax>1464</ymax>
		</bndbox>
	</object>
	<object>
		<name>ref_coin</name>
		<bndbox>
			<xmin>339</xmin>
			<ymin>592</ymin>
			<xmax>575</xmax>
			<ymax>754</ymax>
		</bndbox>
	</object>
	<object>
		<name>dish</name>
		<bndbox>
			<xmin>1042</xmin>
			<ymin>226</ymin>
			<xmax>1946</xmax>
			<ymax>1140</ymax>
		</bndbox>
	</object>
	<object>
		<name>닭죽</name>
		<bndbox>
			<xmin>1126</xmin>
			<ymin>447</ymin>
			<xmax>1853</xmax>
			<ymax>764</ymax>
		</bndbox>
	</object>
</annotation>