<annotation>
	<folder>top죽류원형배달닭죽q3</folder>
	<filename>top_죽류_원형배달_닭죽_Q3_00035.JPG</filename>
	<path>/top죽류원형배달닭죽q3/top_죽류_원형배달_닭죽_Q3_00035.JPG</path>
	<source>
		<database>fooddata</database>
	</source>
	<size>
		<width>3008</width>
		<height>2000</height>
		<depth>3</depth>
	</size>
	<object>
		<name>ref_spoon</name>
		<bndbox>
			<xmin>354</xmin>
			<ymin>168</ymin>
			<xmax>721</xmax>
			<ymax>825</ymax>
		</bndbox>
	</object>
	<object>
		<name>ref_fork</name>
		<bndbox>
			<xmin>842</xmin>
			<ymin>199</ymin>
			<xmax>1071</xmax>
			<ymax>880</ymax>
		</bndbox>
	</object>
	<object>
		<name>ref_coin</name>
		<bndbox>
			<xmin>1647</xmin>
			<ymin>1446</ymin>
			<xmax>1896</xmax>
			<ymax>1699</ymax>
		</bndbox>
	</object>
	<object>
		<name>dish</name>
		<bndbox>
			<xmin>1225</xmin>
			<ymin>254</ymin>
			<xmax>2351</xmax>
			<ymax>1343</ymax>
		</bndbox>
	</object>
	<object>
		<name>닭죽</name>
		<bndbox>
			<xmin>1341</xmin>
			<ymin>417</ymin>
			<xmax>2172</xmax>
			<ymax>1277</ymax>
		</bndbox>
	</object>
</annotation>