<annotation>
	<folder>top죽류원형배달닭죽q3</folder>
	<filename>top_죽류_원형배달_닭죽_Q3_00008.JPG</filename>
	<path>/top죽류원형배달닭죽q3/top_죽류_원형배달_닭죽_Q3_00008.JPG</path>
	<source>
		<database>fooddata</database>
	</source>
	<size>
		<width>3008</width>
		<height>2000</height>
		<depth>3</depth>
	</size>
	<object>
		<name>ref_spoon</name>
		<bndbox>
			<xmin>1912</xmin>
			<ymin>232</ymin>
			<xmax>2246</xmax>
			<ymax>778</ymax>
		</bndbox>
	</object>
	<object>
		<name>ref_fork</name>
		<bndbox>
			<xmin>2293</xmin>
			<ymin>290</ymin>
			<xmax>2544</xmax>
			<ymax>897</ymax>
		</bndbox>
	</object>
	<object>
		<name>ref_coin</name>
		<bndbox>
			<xmin>103</xmin>
			<ymin>455</ymin>
			<xmax>343</xmax>
			<ymax>681</ymax>
		</bndbox>
	</object>
	<object>
		<name>dish</name>
		<bndbox>
			<xmin>732</xmin>
			<ymin>684</ymin>
			<xmax>1783</xmax>
			<ymax>1724</ymax>
		</bndbox>
	</object>
	<object>
		<name>닭죽</name>
		<bndbox>
			<xmin>881</xmin>
			<ymin>844</ymin>
			<xmax>1653</xmax>
			<ymax>1628</ymax>
		</bndbox>
	</object>
</annotation>