<annotation>
	<folder>top죽류원형배달닭죽q3</folder>
	<filename>top_죽류_원형배달_닭죽_Q3_00037.JPG</filename>
	<path>/top죽류원형배달닭죽q3/top_죽류_원형배달_닭죽_Q3_00037.JPG</path>
	<source>
		<database>fooddata</database>
	</source>
	<size>
		<width>3008</width>
		<height>2000</height>
		<depth>3</depth>
	</size>
	<object>
		<name>ref_spoon</name>
		<bndbox>
			<xmin>340</xmin>
			<ymin>149</ymin>
			<xmax>701</xmax>
			<ymax>756</ymax>
		</bndbox>
	</object>
	<object>
		<name>ref_fork</name>
		<bndbox>
			<xmin>812</xmin>
			<ymin>179</ymin>
			<xmax>1049</xmax>
			<ymax>858</ymax>
		</bndbox>
	</object>
	<object>
		<name>ref_coin</name>
		<bndbox>
			<xmin>2205</xmin>
			<ymin>1266</ymin>
			<xmax>2464</xmax>
			<ymax>1517</ymax>
		</bndbox>
	</object>
	<object>
		<name>dish</name>
		<bndbox>
			<xmin>1355</xmin>
			<ymin>174</ymin>
			<xmax>2447</xmax>
			<ymax>1239</ymax>
		</bndbox>
	</object>
	<object>
		<name>닭죽</name>
		<bndbox>
			<xmin>1454</xmin>
			<ymin>378</ymin>
			<xmax>2276</xmax>
			<ymax>1181</ymax>
		</bndbox>
	</object>
</annotation>