<annotation>
	<folder>top죽류원형배달닭죽q3</folder>
	<filename>top_죽류_원형배달_닭죽_Q3_00001.JPG</filename>
	<path>/top죽류원형배달닭죽q3/top_죽류_원형배달_닭죽_Q3_00001.JPG</path>
	<source>
		<database>fooddata</database>
	</source>
	<size>
		<width>3008</width>
		<height>2000</height>
		<depth>3</depth>
	</size>
	<object>
		<name>ref_spoon</name>
		<bndbox>
			<xmin>1565</xmin>
			<ymin>105</ymin>
			<xmax>1893</xmax>
			<ymax>679</ymax>
		</bndbox>
	</object>
	<object>
		<name>ref_fork</name>
		<bndbox>
			<xmin>1959</xmin>
			<ymin>157</ymin>
			<xmax>2183</xmax>
			<ymax>783</ymax>
		</bndbox>
	</object>
	<object>
		<name>ref_coin</name>
		<bndbox>
			<xmin>1046</xmin>
			<ymin>1454</ymin>
			<xmax>1292</xmax>
			<ymax>1694</ymax>
		</bndbox>
	</object>
	<object>
		<name>dish</name>
		<bndbox>
			<xmin>332</xmin>
			<ymin>309</ymin>
			<xmax>1366</xmax>
			<ymax>1338</ymax>
		</bndbox>
	</object>
	<object>
		<name>닭죽</name>
		<bndbox>
			<xmin>492</xmin>
			<ymin>461</ymin>
			<xmax>1283</xmax>
			<ymax>1263</ymax>
		</bndbox>
	</object>
</annotation>