<annotation>
	<folder>top죽류원형배달닭죽q3</folder>
	<filename>top_죽류_원형배달_닭죽_Q3_00029.JPG</filename>
	<path>/top죽류원형배달닭죽q3/top_죽류_원형배달_닭죽_Q3_00029.JPG</path>
	<source>
		<database>fooddata</database>
	</source>
	<size>
		<width>3008</width>
		<height>2000</height>
		<depth>3</depth>
	</size>
	<object>
		<name>ref_spoon</name>
		<bndbox>
			<xmin>290</xmin>
			<ymin>1371</ymin>
			<xmax>881</xmax>
			<ymax>1710</ymax>
		</bndbox>
	</object>
	<object>
		<name>ref_fork</name>
		<bndbox>
			<xmin>401</xmin>
			<ymin>1114</ymin>
			<xmax>1005</xmax>
			<ymax>1338</ymax>
		</bndbox>
	</object>
	<object>
		<name>ref_coin</name>
		<bndbox>
			<xmin>2114</xmin>
			<ymin>938</ymin>
			<xmax>2334</xmax>
			<ymax>1159</ymax>
		</bndbox>
	</object>
	<object>
		<name>dish</name>
		<bndbox>
			<xmin>950</xmin>
			<ymin>135</ymin>
			<xmax>1926</xmax>
			<ymax>1079</ymax>
		</bndbox>
	</object>
	<object>
		<name>닭죽</name>
		<bndbox>
			<xmin>1074</xmin>
			<ymin>337</ymin>
			<xmax>1802</xmax>
			<ymax>1023</ymax>
		</bndbox>
	</object>
</annotation>