<annotation>
	<folder>top죽류원형배달닭죽q3</folder>
	<filename>top_죽류_원형배달_닭죽_Q3_00007.JPG</filename>
	<path>/top죽류원형배달닭죽q3/top_죽류_원형배달_닭죽_Q3_00007.JPG</path>
	<source>
		<database>fooddata</database>
	</source>
	<size>
		<width>3008</width>
		<height>2000</height>
		<depth>3</depth>
	</size>
	<object>
		<name>ref_spoon</name>
		<bndbox>
			<xmin>1998</xmin>
			<ymin>281</ymin>
			<xmax>2337</xmax>
			<ymax>852</ymax>
		</bndbox>
	</object>
	<object>
		<name>ref_fork</name>
		<bndbox>
			<xmin>2370</xmin>
			<ymin>342</ymin>
			<xmax>2638</xmax>
			<ymax>963</ymax>
		</bndbox>
	</object>
	<object>
		<name>ref_coin</name>
		<bndbox>
			<xmin>75</xmin>
			<ymin>781</ymin>
			<xmax>304</xmax>
			<ymax>1007</ymax>
		</bndbox>
	</object>
	<object>
		<name>dish</name>
		<bndbox>
			<xmin>817</xmin>
			<ymin>770</ymin>
			<xmax>1863</xmax>
			<ymax>1810</ymax>
		</bndbox>
	</object>
	<object>
		<name>닭죽</name>
		<bndbox>
			<xmin>958</xmin>
			<ymin>913</ymin>
			<xmax>1755</xmax>
			<ymax>1691</ymax>
		</bndbox>
	</object>
</annotation>