<annotation>
	<folder>side어육류정형철판햄버거스테이크q2</folder>
	<filename>side_어육류정형_철판_햄버거스테이크_Q2_00010.JPG</filename>
	<path>/side어육류정형철판햄버거스테이크q2/side_어육류정형_철판_햄버거스테이크_Q2_00010.JPG</path>
	<source>
		<database>fooddata</database>
	</source>
	<size>
		<width>3008</width>
		<height>2000</height>
		<depth>3</depth>
	</size>
	<object>
		<name>ref_spoon</name>
		<bndbox>
			<xmin>2689</xmin>
			<ymin>503</ymin>
			<xmax>2950</xmax>
			<ymax>894</ymax>
		</bndbox>
	</object>
	<object>
		<name>ref_fork</name>
		<bndbox>
			<xmin>2431</xmin>
			<ymin>494</ymin>
			<xmax>2604</xmax>
			<ymax>920</ymax>
		</bndbox>
	</object>
	<object>
		<name>ref_coin</name>
		<bndbox>
			<xmin>160</xmin>
			<ymin>894</ymin>
			<xmax>350</xmax>
			<ymax>1040</ymax>
		</bndbox>
	</object>
	<object>
		<name>dish</name>
		<bndbox>
			<xmin>852</xmin>
			<ymin>432</ymin>
			<xmax>2067</xmax>
			<ymax>1293</ymax>
		</bndbox>
	</object>
	<object>
		<name>햄버거스테이크</name>
		<bndbox>
			<xmin>1007</xmin>
			<ymin>472</ymin>
			<xmax>1775</xmax>
			<ymax>1115</ymax>
		</bndbox>
	</object>
</annotation>