<annotation>
	<folder>side어육류정형철판햄버거스테이크q2</folder>
	<filename>side_어육류정형_철판_햄버거스테이크_Q2_00014.JPG</filename>
	<path>/side어육류정형철판햄버거스테이크q2/side_어육류정형_철판_햄버거스테이크_Q2_00014.JPG</path>
	<source>
		<database>fooddata</database>
	</source>
	<size>
		<width>3008</width>
		<height>2000</height>
		<depth>3</depth>
	</size>
	<object>
		<name>ref_spoon</name>
		<bndbox>
			<xmin>2520</xmin>
			<ymin>650</ymin>
			<xmax>2804</xmax>
			<ymax>1049</ymax>
		</bndbox>
	</object>
	<object>
		<name>ref_fork</name>
		<bndbox>
			<xmin>2218</xmin>
			<ymin>636</ymin>
			<xmax>2413</xmax>
			<ymax>1098</ymax>
		</bndbox>
	</object>
	<object>
		<name>ref_coin</name>
		<bndbox>
			<xmin>1406</xmin>
			<ymin>153</ymin>
			<xmax>1588</xmax>
			<ymax>268</ymax>
		</bndbox>
	</object>
	<object>
		<name>dish</name>
		<bndbox>
			<xmin>399</xmin>
			<ymin>508</ymin>
			<xmax>1801</xmax>
			<ymax>1492</ymax>
		</bndbox>
	</object>
	<object>
		<name>햄버거스테이크</name>
		<bndbox>
			<xmin>759</xmin>
			<ymin>556</ymin>
			<xmax>1557</xmax>
			<ymax>1342</ymax>
		</bndbox>
	</object>
</annotation>