<annotation>
	<folder>side어육류정형철판햄버거스테이크q2</folder>
	<filename>side_어육류정형_철판_햄버거스테이크_Q2_00024.JPG</filename>
	<path>/side어육류정형철판햄버거스테이크q2/side_어육류정형_철판_햄버거스테이크_Q2_00024.JPG</path>
	<source>
		<database>fooddata</database>
	</source>
	<size>
		<width>3008</width>
		<height>2000</height>
		<depth>3</depth>
	</size>
	<object>
		<name>ref_spoon</name>
		<bndbox>
			<xmin>537</xmin>
			<ymin>1337</ymin>
			<xmax>1012</xmax>
			<ymax>1572</ymax>
		</bndbox>
	</object>
	<object>
		<name>ref_fork</name>
		<bndbox>
			<xmin>550</xmin>
			<ymin>1590</ymin>
			<xmax>1109</xmax>
			<ymax>1821</ymax>
		</bndbox>
	</object>
	<object>
		<name>ref_coin</name>
		<bndbox>
			<xmin>448</xmin>
			<ymin>326</ymin>
			<xmax>612</xmax>
			<ymax>441</ymax>
		</bndbox>
	</object>
	<object>
		<name>dish</name>
		<bndbox>
			<xmin>799</xmin>
			<ymin>272</ymin>
			<xmax>1961</xmax>
			<ymax>1102</ymax>
		</bndbox>
	</object>
	<object>
		<name>햄버거스테이크</name>
		<bndbox>
			<xmin>967</xmin>
			<ymin>392</ymin>
			<xmax>1815</xmax>
			<ymax>982</ymax>
		</bndbox>
	</object>
</annotation>