<annotation>
	<folder>side어육류정형철판햄버거스테이크q2</folder>
	<filename>side_어육류정형_철판_햄버거스테이크_Q2_00041.JPG</filename>
	<path>/side어육류정형철판햄버거스테이크q2/side_어육류정형_철판_햄버거스테이크_Q2_00041.JPG</path>
	<source>
		<database>fooddata</database>
	</source>
	<size>
		<width>3008</width>
		<height>2000</height>
		<depth>3</depth>
	</size>
	<object>
		<name>ref_spoon</name>
		<bndbox>
			<xmin>732</xmin>
			<ymin>206</ymin>
			<xmax>976</xmax>
			<ymax>587</ymax>
		</bndbox>
	</object>
	<object>
		<name>ref_fork</name>
		<bndbox>
			<xmin>448</xmin>
			<ymin>250</ymin>
			<xmax>621</xmax>
			<ymax>689</ymax>
		</bndbox>
	</object>
	<object>
		<name>ref_coin</name>
		<bndbox>
			<xmin>133</xmin>
			<ymin>583</ymin>
			<xmax>315</xmax>
			<ymax>729</ymax>
		</bndbox>
	</object>
	<object>
		<name>dish</name>
		<bndbox>
			<xmin>1335</xmin>
			<ymin>219</ymin>
			<xmax>2631</xmax>
			<ymax>1155</ymax>
		</bndbox>
	</object>
	<object>
		<name>햄버거스테이크</name>
		<bndbox>
			<xmin>1411</xmin>
			<ymin>388</ymin>
			<xmax>2422</xmax>
			<ymax>1044</ymax>
		</bndbox>
	</object>
</annotation>