<annotation>
	<folder>재작업2</folder>
	<filename>side_어육류정형_철판_햄버거스테이크_Q2_00025.JPG</filename>
	<path>/side어육류정형철판햄버거스테이크q2/side_어육류정형_철판_햄버거스테이크_Q2_00025.JPG</path>
	<source>
		<database>fooddata</database>
	</source>
	<size>
		<width>3008</width>
		<height>2000</height>
		<depth>3</depth>
	</size>
	<object>
		<name>ref_spoon</name>
		<bndbox>
			<xmin>576</xmin>
			<ymin>1322</ymin>
			<xmax>972</xmax>
			<ymax>1570</ymax>
		</bndbox>
	</object>
	<object>
		<name>ref_fork</name>
		<bndbox>
			<xmin>596</xmin>
			<ymin>1581</ymin>
			<xmax>1059</xmax>
			<ymax>1811</ymax>
		</bndbox>
	</object>
	<object>
		<name>ref_coin</name>
		<bndbox>
			<xmin>330</xmin>
			<ymin>468</ymin>
			<xmax>514</xmax>
			<ymax>596</ymax>
		</bndbox>
	</object>
	<object>
		<name>dish</name>
		<bndbox>
			<xmin>844</xmin>
			<ymin>263</ymin>
			<xmax>2051</xmax>
			<ymax>1110</ymax>
		</bndbox>
	</object>
	<object>
		<name>햄버거스테이크</name>
		<bndbox>
			<xmin>1105</xmin>
			<ymin>389</ymin>
			<xmax>1913</xmax>
			<ymax>1023</ymax>
		</bndbox>
	</object>
</annotation>