<annotation>
	<folder>side어육류정형철판햄버거스테이크q2</folder>
	<filename>side_어육류정형_철판_햄버거스테이크_Q2_00034.JPG</filename>
	<path>/side어육류정형철판햄버거스테이크q2/side_어육류정형_철판_햄버거스테이크_Q2_00034.JPG</path>
	<source>
		<database>fooddata</database>
	</source>
	<size>
		<width>3008</width>
		<height>2000</height>
		<depth>3</depth>
	</size>
	<object>
		<name>ref_spoon</name>
		<bndbox>
			<xmin>568</xmin>
			<ymin>441</ymin>
			<xmax>799</xmax>
			<ymax>805</ymax>
		</bndbox>
	</object>
	<object>
		<name>ref_fork</name>
		<bndbox>
			<xmin>293</xmin>
			<ymin>490</ymin>
			<xmax>461</xmax>
			<ymax>911</ymax>
		</bndbox>
	</object>
	<object>
		<name>ref_coin</name>
		<bndbox>
			<xmin>2711</xmin>
			<ymin>1071</ymin>
			<xmax>2915</xmax>
			<ymax>1222</ymax>
		</bndbox>
	</object>
	<object>
		<name>dish</name>
		<bndbox>
			<xmin>1136</xmin>
			<ymin>463</ymin>
			<xmax>2343</xmax>
			<ymax>1328</ymax>
		</bndbox>
	</object>
	<object>
		<name>햄버거스테이크</name>
		<bndbox>
			<xmin>1398</xmin>
			<ymin>499</ymin>
			<xmax>2121</xmax>
			<ymax>1169</ymax>
		</bndbox>
	</object>
</annotation>