<annotation>
	<folder>재작업3</folder>
	<filename>top_어육류정형_철판_햄버거스테이크_Q2_00019.JPG</filename>
	<path>/top어육류정형철판햄버거스테이크q2/top_어육류정형_철판_햄버거스테이크_Q2_00019.JPG</path>
	<source>
		<database>fooddata</database>
	</source>
	<size>
		<width>3008</width>
		<height>2000</height>
		<depth>3</depth>
	</size>
	<object>
		<name>ref_spoon</name>
		<bndbox>
			<xmin>709</xmin>
			<ymin>1624</ymin>
			<xmax>1049</xmax>
			<ymax>1872</ymax>
		</bndbox>
	</object>
	<object>
		<name>ref_fork</name>
		<bndbox>
			<xmin>829</xmin>
			<ymin>1427</ymin>
			<xmax>1205</xmax>
			<ymax>1586</ymax>
		</bndbox>
	</object>
	<object>
		<name>ref_coin</name>
		<bndbox>
			<xmin>609</xmin>
			<ymin>102</ymin>
			<xmax>767</xmax>
			<ymax>251</ymax>
		</bndbox>
	</object>
	<object>
		<name>dish</name>
		<bndbox>
			<xmin>888</xmin>
			<ymin>253</ymin>
			<xmax>1946</xmax>
			<ymax>1276</ymax>
		</bndbox>
	</object>
	<object>
		<name>햄버거스테이크</name>
		<bndbox>
			<xmin>1105</xmin>
			<ymin>340</ymin>
			<xmax>1701</xmax>
			<ymax>1143</ymax>
		</bndbox>
	</object>
</annotation>