<annotation>
	<folder>top어육류정형철판햄버거스테이크q2</folder>
	<filename>top_어육류정형_철판_햄버거스테이크_Q2_00040.JPG</filename>
	<path>/top어육류정형철판햄버거스테이크q2/top_어육류정형_철판_햄버거스테이크_Q2_00040.JPG</path>
	<source>
		<database>fooddata</database>
	</source>
	<size>
		<width>3008</width>
		<height>2000</height>
		<depth>3</depth>
	</size>
	<object>
		<name>ref_spoon</name>
		<bndbox>
			<xmin>248</xmin>
			<ymin>343</ymin>
			<xmax>497</xmax>
			<ymax>760</ymax>
		</bndbox>
	</object>
	<object>
		<name>ref_fork</name>
		<bndbox>
			<xmin>546</xmin>
			<ymin>352</ymin>
			<xmax>723</xmax>
			<ymax>756</ymax>
		</bndbox>
	</object>
	<object>
		<name>ref_coin</name>
		<bndbox>
			<xmin>2258</xmin>
			<ymin>1657</ymin>
			<xmax>2445</xmax>
			<ymax>1847</ymax>
		</bndbox>
	</object>
	<object>
		<name>dish</name>
		<bndbox>
			<xmin>980</xmin>
			<ymin>432</ymin>
			<xmax>2112</xmax>
			<ymax>1515</ymax>
		</bndbox>
	</object>
	<object>
		<name>햄버거스테이크</name>
		<bndbox>
			<xmin>1282</xmin>
			<ymin>565</ymin>
			<xmax>1957</xmax>
			<ymax>1430</ymax>
		</bndbox>
	</object>
</annotation>