<annotation>
	<folder>재작업3</folder>
	<filename>top_어육류정형_철판_햄버거스테이크_Q2_00050.JPG</filename>
	<path>/top어육류정형철판햄버거스테이크q2/top_어육류정형_철판_햄버거스테이크_Q2_00050.JPG</path>
	<source>
		<database>fooddata</database>
	</source>
	<size>
		<width>3008</width>
		<height>2000</height>
		<depth>3</depth>
	</size>
	<object>
		<name>ref_spoon</name>
		<bndbox>
			<xmin>330</xmin>
			<ymin>422</ymin>
			<xmax>550</xmax>
			<ymax>739</ymax>
		</bndbox>
	</object>
	<object>
		<name>ref_fork</name>
		<bndbox>
			<xmin>622</xmin>
			<ymin>437</ymin>
			<xmax>775</xmax>
			<ymax>793</ymax>
		</bndbox>
	</object>
	<object>
		<name>ref_coin</name>
		<bndbox>
			<xmin>1668</xmin>
			<ymin>220</ymin>
			<xmax>1821</xmax>
			<ymax>363</ymax>
		</bndbox>
	</object>
	<object>
		<name>dish</name>
		<bndbox>
			<xmin>1069</xmin>
			<ymin>550</ymin>
			<xmax>2189</xmax>
			<ymax>1627</ymax>
		</bndbox>
	</object>
	<object>
		<name>햄버거스테이크</name>
		<bndbox>
			<xmin>1307</xmin>
			<ymin>645</ymin>
			<xmax>2133</xmax>
			<ymax>1527</ymax>
		</bndbox>
	</object>
</annotation>