<annotation>
	<folder>top어육류정형철판햄버거스테이크q2</folder>
	<filename>top_어육류정형_철판_햄버거스테이크_Q2_00052.JPG</filename>
	<path>/top어육류정형철판햄버거스테이크q2/top_어육류정형_철판_햄버거스테이크_Q2_00052.JPG</path>
	<source>
		<database>fooddata</database>
	</source>
	<size>
		<width>3008</width>
		<height>2000</height>
		<depth>3</depth>
	</size>
	<object>
		<name>ref_spoon</name>
		<bndbox>
			<xmin>319</xmin>
			<ymin>556</ymin>
			<xmax>563</xmax>
			<ymax>1018</ymax>
		</bndbox>
	</object>
	<object>
		<name>ref_fork</name>
		<bndbox>
			<xmin>595</xmin>
			<ymin>561</ymin>
			<xmax>781</xmax>
			<ymax>1018</ymax>
		</bndbox>
	</object>
	<object>
		<name>ref_coin</name>
		<bndbox>
			<xmin>1473</xmin>
			<ymin>308</ymin>
			<xmax>1642</xmax>
			<ymax>459</ymax>
		</bndbox>
	</object>
	<object>
		<name>dish</name>
		<bndbox>
			<xmin>1047</xmin>
			<ymin>641</ymin>
			<xmax>2138</xmax>
			<ymax>1745</ymax>
		</bndbox>
	</object>
	<object>
		<name>햄버거스테이크</name>
		<bndbox>
			<xmin>1362</xmin>
			<ymin>814</ymin>
			<xmax>2085</xmax>
			<ymax>1506</ymax>
		</bndbox>
	</object>
</annotation>