<annotation>
	<folder>top어육류정형철판햄버거스테이크q2</folder>
	<filename>top_어육류정형_철판_햄버거스테이크_Q2_00053.JPG</filename>
	<path>/top어육류정형철판햄버거스테이크q2/top_어육류정형_철판_햄버거스테이크_Q2_00053.JPG</path>
	<source>
		<database>fooddata</database>
	</source>
	<size>
		<width>3008</width>
		<height>2000</height>
		<depth>3</depth>
	</size>
	<object>
		<name>ref_spoon</name>
		<bndbox>
			<xmin>248</xmin>
			<ymin>405</ymin>
			<xmax>501</xmax>
			<ymax>902</ymax>
		</bndbox>
	</object>
	<object>
		<name>ref_fork</name>
		<bndbox>
			<xmin>550</xmin>
			<ymin>388</ymin>
			<xmax>741</xmax>
			<ymax>902</ymax>
		</bndbox>
	</object>
	<object>
		<name>ref_coin</name>
		<bndbox>
			<xmin>1766</xmin>
			<ymin>170</ymin>
			<xmax>1939</xmax>
			<ymax>330</ymax>
		</bndbox>
	</object>
	<object>
		<name>dish</name>
		<bndbox>
			<xmin>1038</xmin>
			<ymin>503</ymin>
			<xmax>2138</xmax>
			<ymax>1621</ymax>
		</bndbox>
	</object>
	<object>
		<name>햄버거스테이크</name>
		<bndbox>
			<xmin>1295</xmin>
			<ymin>681</ymin>
			<xmax>1983</xmax>
			<ymax>1550</ymax>
		</bndbox>
	</object>
</annotation>