<annotation>
	<folder>top어육류정형철판햄버거스테이크q2</folder>
	<filename>top_어육류정형_철판_햄버거스테이크_Q2_00056.JPG</filename>
	<path>/top어육류정형철판햄버거스테이크q2/top_어육류정형_철판_햄버거스테이크_Q2_00056.JPG</path>
	<source>
		<database>fooddata</database>
	</source>
	<size>
		<width>3008</width>
		<height>2000</height>
		<depth>3</depth>
	</size>
	<object>
		<name>ref_spoon</name>
		<bndbox>
			<xmin>173</xmin>
			<ymin>468</ymin>
			<xmax>426</xmax>
			<ymax>991</ymax>
		</bndbox>
	</object>
	<object>
		<name>ref_fork</name>
		<bndbox>
			<xmin>461</xmin>
			<ymin>468</ymin>
			<xmax>657</xmax>
			<ymax>960</ymax>
		</bndbox>
	</object>
	<object>
		<name>ref_coin</name>
		<bndbox>
			<xmin>2192</xmin>
			<ymin>1532</ymin>
			<xmax>2360</xmax>
			<ymax>1719</ymax>
		</bndbox>
	</object>
	<object>
		<name>dish</name>
		<bndbox>
			<xmin>954</xmin>
			<ymin>556</ymin>
			<xmax>2036</xmax>
			<ymax>1665</ymax>
		</bndbox>
	</object>
	<object>
		<name>햄버거스테이크</name>
		<bndbox>
			<xmin>1051</xmin>
			<ymin>645</ymin>
			<xmax>1970</xmax>
			<ymax>1337</ymax>
		</bndbox>
	</object>
</annotation>