<annotation>
	<folder>top어육류정형철판햄버거스테이크q2</folder>
	<filename>top_어육류정형_철판_햄버거스테이크_Q2_00038.JPG</filename>
	<path>/top어육류정형철판햄버거스테이크q2/top_어육류정형_철판_햄버거스테이크_Q2_00038.JPG</path>
	<source>
		<database>fooddata</database>
	</source>
	<size>
		<width>3008</width>
		<height>2000</height>
		<depth>3</depth>
	</size>
	<object>
		<name>ref_spoon</name>
		<bndbox>
			<xmin>257</xmin>
			<ymin>335</ymin>
			<xmax>510</xmax>
			<ymax>845</ymax>
		</bndbox>
	</object>
	<object>
		<name>ref_fork</name>
		<bndbox>
			<xmin>555</xmin>
			<ymin>361</ymin>
			<xmax>728</xmax>
			<ymax>809</ymax>
		</bndbox>
	</object>
	<object>
		<name>ref_coin</name>
		<bndbox>
			<xmin>2272</xmin>
			<ymin>592</ymin>
			<xmax>2445</xmax>
			<ymax>769</ymax>
		</bndbox>
	</object>
	<object>
		<name>dish</name>
		<bndbox>
			<xmin>994</xmin>
			<ymin>454</ymin>
			<xmax>2076</xmax>
			<ymax>1537</ymax>
		</bndbox>
	</object>
	<object>
		<name>햄버거스테이크</name>
		<bndbox>
			<xmin>1224</xmin>
			<ymin>596</ymin>
			<xmax>2023</xmax>
			<ymax>1266</ymax>
		</bndbox>
	</object>
</annotation>