<annotation>
	<folder>top어육류정형철판햄버거스테이크q2</folder>
	<filename>top_어육류정형_철판_햄버거스테이크_Q2_00046.JPG</filename>
	<path>/top어육류정형철판햄버거스테이크q2/top_어육류정형_철판_햄버거스테이크_Q2_00046.JPG</path>
	<source>
		<database>fooddata</database>
	</source>
	<size>
		<width>3008</width>
		<height>2000</height>
		<depth>3</depth>
	</size>
	<object>
		<name>ref_spoon</name>
		<bndbox>
			<xmin>253</xmin>
			<ymin>561</ymin>
			<xmax>497</xmax>
			<ymax>960</ymax>
		</bndbox>
	</object>
	<object>
		<name>ref_fork</name>
		<bndbox>
			<xmin>532</xmin>
			<ymin>552</ymin>
			<xmax>728</xmax>
			<ymax>987</ymax>
		</bndbox>
	</object>
	<object>
		<name>ref_coin</name>
		<bndbox>
			<xmin>1251</xmin>
			<ymin>290</ymin>
			<xmax>1420</xmax>
			<ymax>450</ymax>
		</bndbox>
	</object>
	<object>
		<name>dish</name>
		<bndbox>
			<xmin>1012</xmin>
			<ymin>605</ymin>
			<xmax>2121</xmax>
			<ymax>1710</ymax>
		</bndbox>
	</object>
	<object>
		<name>햄버거스테이크</name>
		<bndbox>
			<xmin>1264</xmin>
			<ymin>716</ymin>
			<xmax>1961</xmax>
			<ymax>1568</ymax>
		</bndbox>
	</object>
</annotation>