<annotation>
	<folder>side건더기국류냄비닭볶음탕q1</folder>
	<filename>side_건더기국류_냄비_닭볶음탕_Q1_00011.JPG</filename>
	<path>/side건더기국류냄비닭볶음탕q1/side_건더기국류_냄비_닭볶음탕_Q1_00011.JPG</path>
	<source>
		<database>fooddata</database>
	</source>
	<size>
		<width>3008</width>
		<height>2000</height>
		<depth>3</depth>
	</size>
	<object>
		<name>ref_spoon</name>
		<bndbox>
			<xmin>2007</xmin>
			<ymin>671</ymin>
			<xmax>2273</xmax>
			<ymax>1019</ymax>
		</bndbox>
	</object>
	<object>
		<name>ref_fork</name>
		<bndbox>
			<xmin>2444</xmin>
			<ymin>742</ymin>
			<xmax>2645</xmax>
			<ymax>1146</ymax>
		</bndbox>
	</object>
	<object>
		<name>ref_coin</name>
		<bndbox>
			<xmin>1688</xmin>
			<ymin>420</ymin>
			<xmax>1880</xmax>
			<ymax>550</ymax>
		</bndbox>
	</object>
	<object>
		<name>dish</name>
		<bndbox>
			<xmin>337</xmin>
			<ymin>535</ymin>
			<xmax>1715</xmax>
			<ymax>1598</ymax>
		</bndbox>
	</object>
	<object>
		<name>닭볶음탕</name>
		<bndbox>
			<xmin>717</xmin>
			<ymin>1001</ymin>
			<xmax>1346</xmax>
			<ymax>1424</ymax>
		</bndbox>
	</object>
</annotation>