<annotation>
	<folder>side건더기국류냄비닭볶음탕q1</folder>
	<filename>side_건더기국류_냄비_닭볶음탕_Q1_00027.JPG</filename>
	<path>/side건더기국류냄비닭볶음탕q1/side_건더기국류_냄비_닭볶음탕_Q1_00027.JPG</path>
	<source>
		<database>fooddata</database>
	</source>
	<size>
		<width>3008</width>
		<height>2000</height>
		<depth>3</depth>
	</size>
	<object>
		<name>ref_spoon</name>
		<bndbox>
			<xmin>496</xmin>
			<ymin>1497</ymin>
			<xmax>918</xmax>
			<ymax>1748</ymax>
		</bndbox>
	</object>
	<object>
		<name>ref_fork</name>
		<bndbox>
			<xmin>626</xmin>
			<ymin>1297</ymin>
			<xmax>1069</xmax>
			<ymax>1527</ymax>
		</bndbox>
	</object>
	<object>
		<name>ref_coin</name>
		<bndbox>
			<xmin>2241</xmin>
			<ymin>1359</ymin>
			<xmax>2438</xmax>
			<ymax>1521</ymax>
		</bndbox>
	</object>
	<object>
		<name>dish</name>
		<bndbox>
			<xmin>655</xmin>
			<ymin>199</ymin>
			<xmax>1877</xmax>
			<ymax>1125</ymax>
		</bndbox>
	</object>
	<object>
		<name>닭볶음탕</name>
		<bndbox>
			<xmin>939</xmin>
			<ymin>482</ymin>
			<xmax>1556</xmax>
			<ymax>937</ymax>
		</bndbox>
	</object>
</annotation>