<annotation>
	<folder>side건더기국류냄비닭볶음탕q1</folder>
	<filename>side_건더기국류_냄비_닭볶음탕_Q1_00047.JPG</filename>
	<path>/side건더기국류냄비닭볶음탕q1/side_건더기국류_냄비_닭볶음탕_Q1_00047.JPG</path>
	<source>
		<database>fooddata</database>
	</source>
	<size>
		<width>3008</width>
		<height>2000</height>
		<depth>3</depth>
	</size>
	<object>
		<name>ref_spoon</name>
		<bndbox>
			<xmin>310</xmin>
			<ymin>547</ymin>
			<xmax>593</xmax>
			<ymax>925</ymax>
		</bndbox>
	</object>
	<object>
		<name>ref_fork</name>
		<bndbox>
			<xmin>738</xmin>
			<ymin>553</ymin>
			<xmax>933</xmax>
			<ymax>978</ymax>
		</bndbox>
	</object>
	<object>
		<name>ref_coin</name>
		<bndbox>
			<xmin>2713</xmin>
			<ymin>748</ymin>
			<xmax>2934</xmax>
			<ymax>907</ymax>
		</bndbox>
	</object>
	<object>
		<name>dish</name>
		<bndbox>
			<xmin>1080</xmin>
			<ymin>393</ymin>
			<xmax>2556</xmax>
			<ymax>1536</ymax>
		</bndbox>
	</object>
	<object>
		<name>닭볶음탕</name>
		<bndbox>
			<xmin>1355</xmin>
			<ymin>618</ymin>
			<xmax>2199</xmax>
			<ymax>1134</ymax>
		</bndbox>
	</object>
</annotation>