<annotation>
	<folder>side건더기국류냄비닭볶음탕q1</folder>
	<filename>side_건더기국류_냄비_닭볶음탕_Q1_00003.JPG</filename>
	<path>/side건더기국류냄비닭볶음탕q1/side_건더기국류_냄비_닭볶음탕_Q1_00003.JPG</path>
	<source>
		<database>fooddata</database>
	</source>
	<size>
		<width>3008</width>
		<height>2000</height>
		<depth>3</depth>
	</size>
	<object>
		<name>ref_spoon</name>
		<bndbox>
			<xmin>2093</xmin>
			<ymin>500</ymin>
			<xmax>2362</xmax>
			<ymax>848</ymax>
		</bndbox>
	</object>
	<object>
		<name>ref_fork</name>
		<bndbox>
			<xmin>2533</xmin>
			<ymin>594</ymin>
			<xmax>2719</xmax>
			<ymax>1001</ymax>
		</bndbox>
	</object>
	<object>
		<name>ref_coin</name>
		<bndbox>
			<xmin>248</xmin>
			<ymin>1353</ymin>
			<xmax>484</xmax>
			<ymax>1521</ymax>
		</bndbox>
	</object>
	<object>
		<name>dish</name>
		<bndbox>
			<xmin>496</xmin>
			<ymin>334</ymin>
			<xmax>1901</xmax>
			<ymax>1400</ymax>
		</bndbox>
	</object>
	<object>
		<name>닭볶음탕</name>
		<bndbox>
			<xmin>877</xmin>
			<ymin>869</ymin>
			<xmax>1500</xmax>
			<ymax>1232</ymax>
		</bndbox>
	</object>
</annotation>