<annotation>
	<folder>side건더기국류냄비닭볶음탕q1</folder>
	<filename>side_건더기국류_냄비_닭볶음탕_Q1_00005.JPG</filename>
	<path>/side건더기국류냄비닭볶음탕q1/side_건더기국류_냄비_닭볶음탕_Q1_00005.JPG</path>
	<source>
		<database>fooddata</database>
	</source>
	<size>
		<width>3008</width>
		<height>2000</height>
		<depth>3</depth>
	</size>
	<object>
		<name>ref_spoon</name>
		<bndbox>
			<xmin>2119</xmin>
			<ymin>568</ymin>
			<xmax>2391</xmax>
			<ymax>913</ymax>
		</bndbox>
	</object>
	<object>
		<name>ref_fork</name>
		<bndbox>
			<xmin>2565</xmin>
			<ymin>627</ymin>
			<xmax>2760</xmax>
			<ymax>1034</ymax>
		</bndbox>
	</object>
	<object>
		<name>ref_coin</name>
		<bndbox>
			<xmin>331</xmin>
			<ymin>476</ymin>
			<xmax>514</xmax>
			<ymax>618</ymax>
		</bndbox>
	</object>
	<object>
		<name>dish</name>
		<bndbox>
			<xmin>404</xmin>
			<ymin>488</ymin>
			<xmax>1777</xmax>
			<ymax>1562</ymax>
		</bndbox>
	</object>
	<object>
		<name>닭볶음탕</name>
		<bndbox>
			<xmin>827</xmin>
			<ymin>963</ymin>
			<xmax>1417</xmax>
			<ymax>1406</ymax>
		</bndbox>
	</object>
</annotation>