<annotation>
	<folder>top건더기국류냄비닭볶음탕q1</folder>
	<filename>top_건더기국류_냄비_닭볶음탕_Q1_00035.JPG</filename>
	<path>/top건더기국류냄비닭볶음탕q1/top_건더기국류_냄비_닭볶음탕_Q1_00035.JPG</path>
	<source>
		<database>fooddata</database>
	</source>
	<size>
		<width>3008</width>
		<height>2000</height>
		<depth>3</depth>
	</size>
	<object>
		<name>ref_spoon</name>
		<bndbox>
			<xmin>284</xmin>
			<ymin>335</ymin>
			<xmax>550</xmax>
			<ymax>697</ymax>
		</bndbox>
	</object>
	<object>
		<name>ref_fork</name>
		<bndbox>
			<xmin>557</xmin>
			<ymin>402</ymin>
			<xmax>752</xmax>
			<ymax>778</ymax>
		</bndbox>
	</object>
	<object>
		<name>ref_coin</name>
		<bndbox>
			<xmin>1894</xmin>
			<ymin>1381</ymin>
			<xmax>2086</xmax>
			<ymax>1580</ymax>
		</bndbox>
	</object>
	<object>
		<name>dish</name>
		<bndbox>
			<xmin>1032</xmin>
			<ymin>104</ymin>
			<xmax>2242</xmax>
			<ymax>1296</ymax>
		</bndbox>
	</object>
	<object>
		<name>닭볶음탕</name>
		<bndbox>
			<xmin>1582</xmin>
			<ymin>360</ymin>
			<xmax>1986</xmax>
			<ymax>1190</ymax>
		</bndbox>
	</object>
</annotation>