<annotation>
	<folder>top건더기국류냄비닭볶음탕q1</folder>
	<filename>top_건더기국류_냄비_닭볶음탕_Q1_00032.JPG</filename>
	<path>/top건더기국류냄비닭볶음탕q1/top_건더기국류_냄비_닭볶음탕_Q1_00032.JPG</path>
	<source>
		<database>fooddata</database>
	</source>
	<size>
		<width>3008</width>
		<height>2000</height>
		<depth>3</depth>
	</size>
	<object>
		<name>ref_spoon</name>
		<bndbox>
			<xmin>887</xmin>
			<ymin>1541</ymin>
			<xmax>1217</xmax>
			<ymax>1768</ymax>
		</bndbox>
	</object>
	<object>
		<name>ref_fork</name>
		<bndbox>
			<xmin>975</xmin>
			<ymin>1339</ymin>
			<xmax>1316</xmax>
			<ymax>1502</ymax>
		</bndbox>
	</object>
	<object>
		<name>ref_coin</name>
		<bndbox>
			<xmin>1320</xmin>
			<ymin>1793</ymin>
			<xmax>1490</xmax>
			<ymax>1960</ymax>
		</bndbox>
	</object>
	<object>
		<name>dish</name>
		<bndbox>
			<xmin>1064</xmin>
			<ymin>182</ymin>
			<xmax>2001</xmax>
			<ymax>1073</ymax>
		</bndbox>
	</object>
	<object>
		<name>닭볶음탕</name>
		<bndbox>
			<xmin>1192</xmin>
			<ymin>303</ymin>
			<xmax>1770</xmax>
			<ymax>980</ymax>
		</bndbox>
	</object>
</annotation>