<annotation>
	<folder>top건더기국류냄비닭볶음탕q1</folder>
	<filename>top_건더기국류_냄비_닭볶음탕_Q1_00020.JPG</filename>
	<path>/top건더기국류냄비닭볶음탕q1/top_건더기국류_냄비_닭볶음탕_Q1_00020.JPG</path>
	<source>
		<database>fooddata</database>
	</source>
	<size>
		<width>3008</width>
		<height>2000</height>
		<depth>3</depth>
	</size>
	<object>
		<name>ref_spoon</name>
		<bndbox>
			<xmin>908</xmin>
			<ymin>1541</ymin>
			<xmax>1224</xmax>
			<ymax>1793</ymax>
		</bndbox>
	</object>
	<object>
		<name>ref_fork</name>
		<bndbox>
			<xmin>1022</xmin>
			<ymin>1367</ymin>
			<xmax>1366</xmax>
			<ymax>1530</ymax>
		</bndbox>
	</object>
	<object>
		<name>ref_coin</name>
		<bndbox>
			<xmin>2050</xmin>
			<ymin>654</ymin>
			<xmax>2217</xmax>
			<ymax>810</ymax>
		</bndbox>
	</object>
	<object>
		<name>dish</name>
		<bndbox>
			<xmin>1064</xmin>
			<ymin>228</ymin>
			<xmax>2057</xmax>
			<ymax>1168</ymax>
		</bndbox>
	</object>
	<object>
		<name>닭볶음탕</name>
		<bndbox>
			<xmin>1206</xmin>
			<ymin>360</ymin>
			<xmax>1788</xmax>
			<ymax>1076</ymax>
		</bndbox>
	</object>
</annotation>