<annotation>
	<folder>top건더기국류냄비닭볶음탕q1</folder>
	<filename>top_건더기국류_냄비_닭볶음탕_Q1_00033.JPG</filename>
	<path>/top건더기국류냄비닭볶음탕q1/top_건더기국류_냄비_닭볶음탕_Q1_00033.JPG</path>
	<source>
		<database>fooddata</database>
	</source>
	<size>
		<width>3008</width>
		<height>2000</height>
		<depth>3</depth>
	</size>
	<object>
		<name>ref_spoon</name>
		<bndbox>
			<xmin>873</xmin>
			<ymin>1516</ymin>
			<xmax>1199</xmax>
			<ymax>1747</ymax>
		</bndbox>
	</object>
	<object>
		<name>ref_fork</name>
		<bndbox>
			<xmin>958</xmin>
			<ymin>1310</ymin>
			<xmax>1298</xmax>
			<ymax>1484</ymax>
		</bndbox>
	</object>
	<object>
		<name>ref_coin</name>
		<bndbox>
			<xmin>1859</xmin>
			<ymin>1715</ymin>
			<xmax>2036</xmax>
			<ymax>1889</ymax>
		</bndbox>
	</object>
	<object>
		<name>dish</name>
		<bndbox>
			<xmin>990</xmin>
			<ymin>147</ymin>
			<xmax>1937</xmax>
			<ymax>1048</ymax>
		</bndbox>
	</object>
	<object>
		<name>닭볶음탕</name>
		<bndbox>
			<xmin>1078</xmin>
			<ymin>317</ymin>
			<xmax>1766</xmax>
			<ymax>963</ymax>
		</bndbox>
	</object>
</annotation>