<annotation>
	<folder>top건더기국류냄비닭볶음탕q1</folder>
	<filename>top_건더기국류_냄비_닭볶음탕_Q1_00002.JPG</filename>
	<path>/top건더기국류냄비닭볶음탕q1/top_건더기국류_냄비_닭볶음탕_Q1_00002.JPG</path>
	<source>
		<database>fooddata</database>
	</source>
	<size>
		<width>3008</width>
		<height>2000</height>
		<depth>3</depth>
	</size>
	<object>
		<name>ref_spoon</name>
		<bndbox>
			<xmin>2142</xmin>
			<ymin>349</ymin>
			<xmax>2437</xmax>
			<ymax>775</ymax>
		</bndbox>
	</object>
	<object>
		<name>ref_fork</name>
		<bndbox>
			<xmin>2469</xmin>
			<ymin>409</ymin>
			<xmax>2696</xmax>
			<ymax>878</ymax>
		</bndbox>
	</object>
	<object>
		<name>ref_coin</name>
		<bndbox>
			<xmin>1845</xmin>
			<ymin>147</ymin>
			<xmax>2057</xmax>
			<ymax>360</ymax>
		</bndbox>
	</object>
	<object>
		<name>dish</name>
		<bndbox>
			<xmin>401</xmin>
			<ymin>218</ymin>
			<xmax>1837</xmax>
			<ymax>1633</ymax>
		</bndbox>
	</object>
	<object>
		<name>닭볶음탕</name>
		<bndbox>
			<xmin>791</xmin>
			<ymin>608</ymin>
			<xmax>1362</xmax>
			<ymax>1378</ymax>
		</bndbox>
	</object>
</annotation>