<annotation>
	<folder>top건더기국류냄비닭볶음탕q1</folder>
	<filename>top_건더기국류_냄비_닭볶음탕_Q1_00003.JPG</filename>
	<path>/top건더기국류냄비닭볶음탕q1/top_건더기국류_냄비_닭볶음탕_Q1_00003.JPG</path>
	<source>
		<database>fooddata</database>
	</source>
	<size>
		<width>3008</width>
		<height>2000</height>
		<depth>3</depth>
	</size>
	<object>
		<name>ref_spoon</name>
		<bndbox>
			<xmin>2100</xmin>
			<ymin>427</ymin>
			<xmax>2391</xmax>
			<ymax>849</ymax>
		</bndbox>
	</object>
	<object>
		<name>ref_fork</name>
		<bndbox>
			<xmin>2423</xmin>
			<ymin>477</ymin>
			<xmax>2643</xmax>
			<ymax>941</ymax>
		</bndbox>
	</object>
	<object>
		<name>ref_coin</name>
		<bndbox>
			<xmin>1589</xmin>
			<ymin>58</ymin>
			<xmax>1795</xmax>
			<ymax>271</ymax>
		</bndbox>
	</object>
	<object>
		<name>dish</name>
		<bndbox>
			<xmin>312</xmin>
			<ymin>367</ymin>
			<xmax>1759</xmax>
			<ymax>1800</ymax>
		</bndbox>
	</object>
	<object>
		<name>닭볶음탕</name>
		<bndbox>
			<xmin>791</xmin>
			<ymin>792</ymin>
			<xmax>1316</xmax>
			<ymax>1534</ymax>
		</bndbox>
	</object>
</annotation>