<annotation>
	<folder>top건더기국류냄비닭볶음탕q1</folder>
	<filename>top_건더기국류_냄비_닭볶음탕_Q1_00014.JPG</filename>
	<path>/top건더기국류냄비닭볶음탕q1/top_건더기국류_냄비_닭볶음탕_Q1_00014.JPG</path>
	<source>
		<database>fooddata</database>
	</source>
	<size>
		<width>3008</width>
		<height>2000</height>
		<depth>3</depth>
	</size>
	<object>
		<name>ref_spoon</name>
		<bndbox>
			<xmin>1954</xmin>
			<ymin>392</ymin>
			<xmax>2213</xmax>
			<ymax>761</ymax>
		</bndbox>
	</object>
	<object>
		<name>ref_fork</name>
		<bndbox>
			<xmin>2242</xmin>
			<ymin>431</ymin>
			<xmax>2440</xmax>
			<ymax>853</ymax>
		</bndbox>
	</object>
	<object>
		<name>ref_coin</name>
		<bndbox>
			<xmin>2093</xmin>
			<ymin>175</ymin>
			<xmax>2291</xmax>
			<ymax>363</ymax>
		</bndbox>
	</object>
	<object>
		<name>dish</name>
		<bndbox>
			<xmin>422</xmin>
			<ymin>406</ymin>
			<xmax>1717</xmax>
			<ymax>1662</ymax>
		</bndbox>
	</object>
	<object>
		<name>닭볶음탕</name>
		<bndbox>
			<xmin>809</xmin>
			<ymin>839</ymin>
			<xmax>1415</xmax>
			<ymax>1427</ymax>
		</bndbox>
	</object>
</annotation>