<annotation>
	<folder>top건더기국류냄비닭볶음탕q1</folder>
	<filename>top_건더기국류_냄비_닭볶음탕_Q1_00011.JPG</filename>
	<path>/top건더기국류냄비닭볶음탕q1/top_건더기국류_냄비_닭볶음탕_Q1_00011.JPG</path>
	<source>
		<database>fooddata</database>
	</source>
	<size>
		<width>3008</width>
		<height>2000</height>
		<depth>3</depth>
	</size>
	<object>
		<name>ref_spoon</name>
		<bndbox>
			<xmin>1912</xmin>
			<ymin>392</ymin>
			<xmax>2164</xmax>
			<ymax>785</ymax>
		</bndbox>
	</object>
	<object>
		<name>ref_fork</name>
		<bndbox>
			<xmin>2185</xmin>
			<ymin>445</ymin>
			<xmax>2377</xmax>
			<ymax>828</ymax>
		</bndbox>
	</object>
	<object>
		<name>ref_coin</name>
		<bndbox>
			<xmin>1706</xmin>
			<ymin>1346</ymin>
			<xmax>1901</xmax>
			<ymax>1537</ymax>
		</bndbox>
	</object>
	<object>
		<name>dish</name>
		<bndbox>
			<xmin>404</xmin>
			<ymin>321</ymin>
			<xmax>1653</xmax>
			<ymax>1530</ymax>
		</bndbox>
	</object>
	<object>
		<name>닭볶음탕</name>
		<bndbox>
			<xmin>688</xmin>
			<ymin>711</ymin>
			<xmax>1348</xmax>
			<ymax>1161</ymax>
		</bndbox>
	</object>
</annotation>