<annotation>
	<folder>side반찬부피접시어묵볶음q4</folder>
	<filename>side_반찬부피_접시_어묵볶음_Q4_00013.JPG</filename>
	<path>/side반찬부피접시어묵볶음q4/side_반찬부피_접시_어묵볶음_Q4_00013.JPG</path>
	<source>
		<database>fooddata</database>
	</source>
	<size>
		<width>3008</width>
		<height>2000</height>
		<depth>3</depth>
	</size>
	<object>
		<name>ref_spoon</name>
		<bndbox>
			<xmin>1720</xmin>
			<ymin>388</ymin>
			<xmax>2025</xmax>
			<ymax>759</ymax>
		</bndbox>
	</object>
	<object>
		<name>ref_fork</name>
		<bndbox>
			<xmin>2106</xmin>
			<ymin>373</ymin>
			<xmax>2344</xmax>
			<ymax>801</ymax>
		</bndbox>
	</object>
	<object>
		<name>ref_coin</name>
		<bndbox>
			<xmin>2565</xmin>
			<ymin>695</ymin>
			<xmax>2796</xmax>
			<ymax>865</ymax>
		</bndbox>
	</object>
	<object>
		<name>dish</name>
		<bndbox>
			<xmin>72</xmin>
			<ymin>467</ymin>
			<xmax>1671</xmax>
			<ymax>1516</ymax>
		</bndbox>
	</object>
	<object>
		<name>어묵볶음</name>
		<bndbox>
			<xmin>268</xmin>
			<ymin>575</ymin>
			<xmax>1536</xmax>
			<ymax>1386</ymax>
		</bndbox>
	</object>
</annotation>