<annotation>
	<folder>side반찬부피접시어묵볶음q4</folder>
	<filename>side_반찬부피_접시_어묵볶음_Q4_00012.JPG</filename>
	<path>/side반찬부피접시어묵볶음q4/side_반찬부피_접시_어묵볶음_Q4_00012.JPG</path>
	<source>
		<database>fooddata</database>
	</source>
	<size>
		<width>3008</width>
		<height>2000</height>
		<depth>3</depth>
	</size>
	<object>
		<name>ref_spoon</name>
		<bndbox>
			<xmin>1678</xmin>
			<ymin>474</ymin>
			<xmax>1990</xmax>
			<ymax>833</ymax>
		</bndbox>
	</object>
	<object>
		<name>ref_fork</name>
		<bndbox>
			<xmin>2072</xmin>
			<ymin>464</ymin>
			<xmax>2295</xmax>
			<ymax>889</ymax>
		</bndbox>
	</object>
	<object>
		<name>ref_coin</name>
		<bndbox>
			<xmin>2344</xmin>
			<ymin>469</ymin>
			<xmax>2563</xmax>
			<ymax>622</ymax>
		</bndbox>
	</object>
	<object>
		<name>dish</name>
		<bndbox>
			<xmin>74</xmin>
			<ymin>545</ymin>
			<xmax>1666</xmax>
			<ymax>1602</ymax>
		</bndbox>
	</object>
	<object>
		<name>어묵볶음</name>
		<bndbox>
			<xmin>285</xmin>
			<ymin>690</ymin>
			<xmax>1455</xmax>
			<ymax>1469</ymax>
		</bndbox>
	</object>
</annotation>