<annotation>
	<folder>side반찬부피접시어묵볶음q4</folder>
	<filename>side_반찬부피_접시_어묵볶음_Q4_00038.JPG</filename>
	<path>/side반찬부피접시어묵볶음q4/side_반찬부피_접시_어묵볶음_Q4_00038.JPG</path>
	<source>
		<database>fooddata</database>
	</source>
	<size>
		<width>3008</width>
		<height>2000</height>
		<depth>3</depth>
	</size>
	<object>
		<name>ref_spoon</name>
		<bndbox>
			<xmin>182</xmin>
			<ymin>253</ymin>
			<xmax>504</xmax>
			<ymax>639</ymax>
		</bndbox>
	</object>
	<object>
		<name>ref_fork</name>
		<bndbox>
			<xmin>686</xmin>
			<ymin>258</ymin>
			<xmax>902</xmax>
			<ymax>708</ymax>
		</bndbox>
	</object>
	<object>
		<name>ref_coin</name>
		<bndbox>
			<xmin>2310</xmin>
			<ymin>1428</ymin>
			<xmax>2573</xmax>
			<ymax>1612</ymax>
		</bndbox>
	</object>
	<object>
		<name>dish</name>
		<bndbox>
			<xmin>1089</xmin>
			<ymin>209</ymin>
			<xmax>2701</xmax>
			<ymax>1256</ymax>
		</bndbox>
	</object>
	<object>
		<name>어묵볶음</name>
		<bndbox>
			<xmin>1325</xmin>
			<ymin>327</ymin>
			<xmax>2438</xmax>
			<ymax>1143</ymax>
		</bndbox>
	</object>
</annotation>