<annotation>
	<folder>side반찬부피접시어묵볶음q4</folder>
	<filename>side_반찬부피_접시_어묵볶음_Q4_00015.JPG</filename>
	<path>/side반찬부피접시어묵볶음q4/side_반찬부피_접시_어묵볶음_Q4_00015.JPG</path>
	<source>
		<database>fooddata</database>
	</source>
	<size>
		<width>3008</width>
		<height>2000</height>
		<depth>3</depth>
	</size>
	<object>
		<name>ref_spoon</name>
		<bndbox>
			<xmin>1627</xmin>
			<ymin>238</ymin>
			<xmax>1932</xmax>
			<ymax>609</ymax>
		</bndbox>
	</object>
	<object>
		<name>ref_fork</name>
		<bndbox>
			<xmin>2022</xmin>
			<ymin>219</ymin>
			<xmax>2253</xmax>
			<ymax>646</ymax>
		</bndbox>
	</object>
	<object>
		<name>ref_coin</name>
		<bndbox>
			<xmin>2634</xmin>
			<ymin>1128</ymin>
			<xmax>2877</xmax>
			<ymax>1302</ymax>
		</bndbox>
	</object>
	<object>
		<name>dish</name>
		<bndbox>
			<xmin>67</xmin>
			<ymin>371</ymin>
			<xmax>1674</xmax>
			<ymax>1408</ymax>
		</bndbox>
	</object>
	<object>
		<name>어묵볶음</name>
		<bndbox>
			<xmin>315</xmin>
			<ymin>533</ymin>
			<xmax>1472</xmax>
			<ymax>1297</ymax>
		</bndbox>
	</object>
</annotation>