<annotation>
	<folder>side반찬부피접시어묵볶음q4</folder>
	<filename>side_반찬부피_접시_어묵볶음_Q4_00053.JPG</filename>
	<path>/side반찬부피접시어묵볶음q4/side_반찬부피_접시_어묵볶음_Q4_00053.JPG</path>
	<source>
		<database>fooddata</database>
	</source>
	<size>
		<width>3008</width>
		<height>2000</height>
		<depth>3</depth>
	</size>
	<object>
		<name>ref_spoon</name>
		<bndbox>
			<xmin>133</xmin>
			<ymin>388</ymin>
			<xmax>455</xmax>
			<ymax>779</ymax>
		</bndbox>
	</object>
	<object>
		<name>ref_fork</name>
		<bndbox>
			<xmin>637</xmin>
			<ymin>376</ymin>
			<xmax>858</xmax>
			<ymax>833</ymax>
		</bndbox>
	</object>
	<object>
		<name>ref_coin</name>
		<bndbox>
			<xmin>2167</xmin>
			<ymin>1575</ymin>
			<xmax>2438</xmax>
			<ymax>1764</ymax>
		</bndbox>
	</object>
	<object>
		<name>dish</name>
		<bndbox>
			<xmin>1042</xmin>
			<ymin>359</ymin>
			<xmax>2671</xmax>
			<ymax>1430</ymax>
		</bndbox>
	</object>
	<object>
		<name>어묵볶음</name>
		<bndbox>
			<xmin>1246</xmin>
			<ymin>464</ymin>
			<xmax>2416</xmax>
			<ymax>1300</ymax>
		</bndbox>
	</object>
</annotation>