<annotation>
	<folder>top반찬부피접시어묵볶음q4</folder>
	<filename>top_반찬부피_접시_어묵볶음_Q4_00011.JPG</filename>
	<path>/top반찬부피접시어묵볶음q4/top_반찬부피_접시_어묵볶음_Q4_00011.JPG</path>
	<source>
		<database>fooddata</database>
	</source>
	<size>
		<width>3008</width>
		<height>2000</height>
		<depth>3</depth>
	</size>
	<object>
		<name>ref_spoon</name>
		<bndbox>
			<xmin>2138</xmin>
			<ymin>201</ymin>
			<xmax>2427</xmax>
			<ymax>627</ymax>
		</bndbox>
	</object>
	<object>
		<name>ref_fork</name>
		<bndbox>
			<xmin>2524</xmin>
			<ymin>184</ymin>
			<xmax>2737</xmax>
			<ymax>636</ymax>
		</bndbox>
	</object>
	<object>
		<name>ref_coin</name>
		<bndbox>
			<xmin>1087</xmin>
			<ymin>64</ymin>
			<xmax>1291</xmax>
			<ymax>272</ymax>
		</bndbox>
	</object>
	<object>
		<name>dish</name>
		<bndbox>
			<xmin>701</xmin>
			<ymin>450</ymin>
			<xmax>2094</xmax>
			<ymax>1830</ymax>
		</bndbox>
	</object>
	<object>
		<name>어묵볶음</name>
		<bndbox>
			<xmin>905</xmin>
			<ymin>650</ymin>
			<xmax>1841</xmax>
			<ymax>1608</ymax>
		</bndbox>
	</object>
</annotation>