<annotation>
	<folder>top반찬부피접시어묵볶음q4</folder>
	<filename>top_반찬부피_접시_어묵볶음_Q4_00033.JPG</filename>
	<path>/top반찬부피접시어묵볶음q4/top_반찬부피_접시_어묵볶음_Q4_00033.JPG</path>
	<source>
		<database>fooddata</database>
	</source>
	<size>
		<width>3008</width>
		<height>2000</height>
		<depth>3</depth>
	</size>
	<object>
		<name>ref_spoon</name>
		<bndbox>
			<xmin>1154</xmin>
			<ymin>1701</ymin>
			<xmax>1526</xmax>
			<ymax>1967</ymax>
		</bndbox>
	</object>
	<object>
		<name>ref_fork</name>
		<bndbox>
			<xmin>1171</xmin>
			<ymin>1395</ymin>
			<xmax>1566</xmax>
			<ymax>1608</ymax>
		</bndbox>
	</object>
	<object>
		<name>ref_coin</name>
		<bndbox>
			<xmin>2489</xmin>
			<ymin>1222</ymin>
			<xmax>2675</xmax>
			<ymax>1413</ymax>
		</bndbox>
	</object>
	<object>
		<name>dish</name>
		<bndbox>
			<xmin>1189</xmin>
			<ymin>64</ymin>
			<xmax>2360</xmax>
			<ymax>1240</ymax>
		</bndbox>
	</object>
	<object>
		<name>어묵볶음</name>
		<bndbox>
			<xmin>1331</xmin>
			<ymin>241</ymin>
			<xmax>2169</xmax>
			<ymax>1093</ymax>
		</bndbox>
	</object>
</annotation>