<annotation>
	<folder>top반찬부피접시어묵볶음q4</folder>
	<filename>top_반찬부피_접시_어묵볶음_Q4_00039.JPG</filename>
	<path>/top반찬부피접시어묵볶음q4/top_반찬부피_접시_어묵볶음_Q4_00039.JPG</path>
	<source>
		<database>fooddata</database>
	</source>
	<size>
		<width>3008</width>
		<height>2000</height>
		<depth>3</depth>
	</size>
	<object>
		<name>ref_spoon</name>
		<bndbox>
			<xmin>262</xmin>
			<ymin>454</ymin>
			<xmax>572</xmax>
			<ymax>854</ymax>
		</bndbox>
	</object>
	<object>
		<name>ref_fork</name>
		<bndbox>
			<xmin>657</xmin>
			<ymin>419</ymin>
			<xmax>887</xmax>
			<ymax>907</ymax>
		</bndbox>
	</object>
	<object>
		<name>ref_coin</name>
		<bndbox>
			<xmin>2258</xmin>
			<ymin>1311</ymin>
			<xmax>2467</xmax>
			<ymax>1524</ymax>
		</bndbox>
	</object>
	<object>
		<name>dish</name>
		<bndbox>
			<xmin>1065</xmin>
			<ymin>113</ymin>
			<xmax>2387</xmax>
			<ymax>1453</ymax>
		</bndbox>
	</object>
	<object>
		<name>어묵볶음</name>
		<bndbox>
			<xmin>1233</xmin>
			<ymin>299</ymin>
			<xmax>2174</xmax>
			<ymax>1262</ymax>
		</bndbox>
	</object>
</annotation>