<annotation>
	<folder>top반찬부피접시어묵볶음q4</folder>
	<filename>top_반찬부피_접시_어묵볶음_Q4_00004.JPG</filename>
	<path>/top반찬부피접시어묵볶음q4/top_반찬부피_접시_어묵볶음_Q4_00004.JPG</path>
	<source>
		<database>fooddata</database>
	</source>
	<size>
		<width>3008</width>
		<height>2000</height>
		<depth>3</depth>
	</size>
	<object>
		<name>ref_spoon</name>
		<bndbox>
			<xmin>2059</xmin>
			<ymin>95</ymin>
			<xmax>2316</xmax>
			<ymax>481</ymax>
		</bndbox>
	</object>
	<object>
		<name>ref_fork</name>
		<bndbox>
			<xmin>2422</xmin>
			<ymin>68</ymin>
			<xmax>2626</xmax>
			<ymax>503</ymax>
		</bndbox>
	</object>
	<object>
		<name>ref_coin</name>
		<bndbox>
			<xmin>1327</xmin>
			<ymin>1732</ymin>
			<xmax>1531</xmax>
			<ymax>1936</ymax>
		</bndbox>
	</object>
	<object>
		<name>dish</name>
		<bndbox>
			<xmin>683</xmin>
			<ymin>224</ymin>
			<xmax>2005</xmax>
			<ymax>1546</ymax>
		</bndbox>
	</object>
	<object>
		<name>어묵볶음</name>
		<bndbox>
			<xmin>932</xmin>
			<ymin>392</ymin>
			<xmax>1810</xmax>
			<ymax>1342</ymax>
		</bndbox>
	</object>
</annotation>