<annotation>
	<folder>top반찬부피접시어묵볶음q4</folder>
	<filename>top_반찬부피_접시_어묵볶음_Q4_00027.JPG</filename>
	<path>/top반찬부피접시어묵볶음q4/top_반찬부피_접시_어묵볶음_Q4_00027.JPG</path>
	<source>
		<database>fooddata</database>
	</source>
	<size>
		<width>3008</width>
		<height>2000</height>
		<depth>3</depth>
	</size>
	<object>
		<name>ref_spoon</name>
		<bndbox>
			<xmin>1100</xmin>
			<ymin>1634</ymin>
			<xmax>1482</xmax>
			<ymax>1914</ymax>
		</bndbox>
	</object>
	<object>
		<name>ref_fork</name>
		<bndbox>
			<xmin>1131</xmin>
			<ymin>1342</ymin>
			<xmax>1504</xmax>
			<ymax>1541</ymax>
		</bndbox>
	</object>
	<object>
		<name>ref_coin</name>
		<bndbox>
			<xmin>732</xmin>
			<ymin>534</ymin>
			<xmax>909</xmax>
			<ymax>716</ymax>
		</bndbox>
	</object>
	<object>
		<name>dish</name>
		<bndbox>
			<xmin>1109</xmin>
			<ymin>59</ymin>
			<xmax>2272</xmax>
			<ymax>1213</ymax>
		</bndbox>
	</object>
	<object>
		<name>어묵볶음</name>
		<bndbox>
			<xmin>1278</xmin>
			<ymin>193</ymin>
			<xmax>2165</xmax>
			<ymax>1022</ymax>
		</bndbox>
	</object>
</annotation>