<annotation>
	<folder>top반찬부피접시어묵볶음q4</folder>
	<filename>top_반찬부피_접시_어묵볶음_Q4_00009.JPG</filename>
	<path>/top반찬부피접시어묵볶음q4/top_반찬부피_접시_어묵볶음_Q4_00009.JPG</path>
	<source>
		<database>fooddata</database>
	</source>
	<size>
		<width>3008</width>
		<height>2000</height>
		<depth>3</depth>
	</size>
	<object>
		<name>ref_spoon</name>
		<bndbox>
			<xmin>2161</xmin>
			<ymin>99</ymin>
			<xmax>2449</xmax>
			<ymax>508</ymax>
		</bndbox>
	</object>
	<object>
		<name>ref_fork</name>
		<bndbox>
			<xmin>2547</xmin>
			<ymin>77</ymin>
			<xmax>2768</xmax>
			<ymax>530</ymax>
		</bndbox>
	</object>
	<object>
		<name>ref_coin</name>
		<bndbox>
			<xmin>377</xmin>
			<ymin>587</ymin>
			<xmax>595</xmax>
			<ymax>800</ymax>
		</bndbox>
	</object>
	<object>
		<name>dish</name>
		<bndbox>
			<xmin>692</xmin>
			<ymin>374</ymin>
			<xmax>2085</xmax>
			<ymax>1754</ymax>
		</bndbox>
	</object>
	<object>
		<name>어묵볶음</name>
		<bndbox>
			<xmin>870</xmin>
			<ymin>592</ymin>
			<xmax>1886</xmax>
			<ymax>1555</ymax>
		</bndbox>
	</object>
</annotation>