<annotation>
	<folder>top반찬부피접시어묵볶음q4</folder>
	<filename>top_반찬부피_접시_어묵볶음_Q4_00053.JPG</filename>
	<path>/top반찬부피접시어묵볶음q4/top_반찬부피_접시_어묵볶음_Q4_00053.JPG</path>
	<source>
		<database>fooddata</database>
	</source>
	<size>
		<width>3008</width>
		<height>2000</height>
		<depth>3</depth>
	</size>
	<object>
		<name>ref_spoon</name>
		<bndbox>
			<xmin>262</xmin>
			<ymin>605</ymin>
			<xmax>586</xmax>
			<ymax>1049</ymax>
		</bndbox>
	</object>
	<object>
		<name>ref_fork</name>
		<bndbox>
			<xmin>657</xmin>
			<ymin>561</ymin>
			<xmax>914</xmax>
			<ymax>1040</ymax>
		</bndbox>
	</object>
	<object>
		<name>ref_coin</name>
		<bndbox>
			<xmin>2303</xmin>
			<ymin>1466</ymin>
			<xmax>2533</xmax>
			<ymax>1679</ymax>
		</bndbox>
	</object>
	<object>
		<name>dish</name>
		<bndbox>
			<xmin>1087</xmin>
			<ymin>228</ymin>
			<xmax>2467</xmax>
			<ymax>1612</ymax>
		</bndbox>
	</object>
	<object>
		<name>어묵볶음</name>
		<bndbox>
			<xmin>1273</xmin>
			<ymin>361</ymin>
			<xmax>2267</xmax>
			<ymax>1501</ymax>
		</bndbox>
	</object>
</annotation>