<annotation>
	<folder>side주먹밥김밥류사각배달소고기김밥q1</folder>
	<filename>side_주먹밥김밥류_사각배달_소고기김밥_Q1_00006.JPG</filename>
	<path>/side주먹밥김밥류사각배달소고기김밥q1/side_주먹밥김밥류_사각배달_소고기김밥_Q1_00006.JPG</path>
	<source>
		<database>fooddata</database>
	</source>
	<size>
		<width>3008</width>
		<height>2000</height>
		<depth>3</depth>
	</size>
	<object>
		<name>ref_spoon</name>
		<bndbox>
			<xmin>1905</xmin>
			<ymin>367</ymin>
			<xmax>2205</xmax>
			<ymax>723</ymax>
		</bndbox>
	</object>
	<object>
		<name>ref_fork</name>
		<bndbox>
			<xmin>2312</xmin>
			<ymin>367</ymin>
			<xmax>2546</xmax>
			<ymax>769</ymax>
		</bndbox>
	</object>
	<object>
		<name>ref_coin</name>
		<bndbox>
			<xmin>213</xmin>
			<ymin>1236</ymin>
			<xmax>447</xmax>
			<ymax>1409</ymax>
		</bndbox>
	</object>
	<object>
		<name>dish</name>
		<bndbox>
			<xmin>432</xmin>
			<ymin>332</ymin>
			<xmax>1697</xmax>
			<ymax>1531</ymax>
		</bndbox>
	</object>
	<object>
		<name>소고기김밥</name>
		<bndbox>
			<xmin>777</xmin>
			<ymin>997</ymin>
			<xmax>1601</xmax>
			<ymax>1277</ymax>
		</bndbox>
	</object>
</annotation>