<annotation>
	<folder>side주먹밥김밥류사각배달소고기김밥q1</folder>
	<filename>side_주먹밥김밥류_사각배달_소고기김밥_Q1_00039.JPG</filename>
	<path>/side주먹밥김밥류사각배달소고기김밥q1/side_주먹밥김밥류_사각배달_소고기김밥_Q1_00039.JPG</path>
	<source>
		<database>fooddata</database>
	</source>
	<size>
		<width>3008</width>
		<height>2000</height>
		<depth>3</depth>
	</size>
	<object>
		<name>ref_spoon</name>
		<bndbox>
			<xmin>346</xmin>
			<ymin>444</ymin>
			<xmax>650</xmax>
			<ymax>794</ymax>
		</bndbox>
	</object>
	<object>
		<name>ref_fork</name>
		<bndbox>
			<xmin>691</xmin>
			<ymin>469</ymin>
			<xmax>904</xmax>
			<ymax>881</ymax>
		</bndbox>
	</object>
	<object>
		<name>ref_coin</name>
		<bndbox>
			<xmin>1646</xmin>
			<ymin>1628</ymin>
			<xmax>1900</xmax>
			<ymax>1816</ymax>
		</bndbox>
	</object>
	<object>
		<name>dish</name>
		<bndbox>
			<xmin>1067</xmin>
			<ymin>306</ymin>
			<xmax>2505</xmax>
			<ymax>1511</ymax>
		</bndbox>
	</object>
	<object>
		<name>소고기김밥</name>
		<bndbox>
			<xmin>1733</xmin>
			<ymin>693</ymin>
			<xmax>2266</xmax>
			<ymax>1191</ymax>
		</bndbox>
	</object>
</annotation>