<annotation>
	<folder>side주먹밥김밥류사각배달소고기김밥q1</folder>
	<filename>side_주먹밥김밥류_사각배달_소고기김밥_Q1_00044.JPG</filename>
	<path>/side주먹밥김밥류사각배달소고기김밥q1/side_주먹밥김밥류_사각배달_소고기김밥_Q1_00044.JPG</path>
	<source>
		<database>fooddata</database>
	</source>
	<size>
		<width>3008</width>
		<height>2000</height>
		<depth>3</depth>
	</size>
	<object>
		<name>ref_spoon</name>
		<bndbox>
			<xmin>305</xmin>
			<ymin>383</ymin>
			<xmax>610</xmax>
			<ymax>754</ymax>
		</bndbox>
	</object>
	<object>
		<name>ref_fork</name>
		<bndbox>
			<xmin>661</xmin>
			<ymin>388</ymin>
			<xmax>874</xmax>
			<ymax>820</ymax>
		</bndbox>
	</object>
	<object>
		<name>ref_coin</name>
		<bndbox>
			<xmin>2688</xmin>
			<ymin>1160</ymin>
			<xmax>2942</xmax>
			<ymax>1333</ymax>
		</bndbox>
	</object>
	<object>
		<name>dish</name>
		<bndbox>
			<xmin>1067</xmin>
			<ymin>362</ymin>
			<xmax>2236</xmax>
			<ymax>1582</ymax>
		</bndbox>
	</object>
	<object>
		<name>소고기김밥</name>
		<bndbox>
			<xmin>1199</xmin>
			<ymin>693</ymin>
			<xmax>1651</xmax>
			<ymax>1206</ymax>
		</bndbox>
	</object>
</annotation>