<annotation>
	<folder>side주먹밥김밥류사각배달소고기김밥q1</folder>
	<filename>side_주먹밥김밥류_사각배달_소고기김밥_Q1_00012.JPG</filename>
	<path>/side주먹밥김밥류사각배달소고기김밥q1/side_주먹밥김밥류_사각배달_소고기김밥_Q1_00012.JPG</path>
	<source>
		<database>fooddata</database>
	</source>
	<size>
		<width>3008</width>
		<height>2000</height>
		<depth>3</depth>
	</size>
	<object>
		<name>ref_spoon</name>
		<bndbox>
			<xmin>2266</xmin>
			<ymin>576</ymin>
			<xmax>2566</xmax>
			<ymax>942</ymax>
		</bndbox>
	</object>
	<object>
		<name>ref_fork</name>
		<bndbox>
			<xmin>2652</xmin>
			<ymin>571</ymin>
			<xmax>2906</xmax>
			<ymax>987</ymax>
		</bndbox>
	</object>
	<object>
		<name>ref_coin</name>
		<bndbox>
			<xmin>1946</xmin>
			<ymin>1058</ymin>
			<xmax>2185</xmax>
			<ymax>1211</ymax>
		</bndbox>
	</object>
	<object>
		<name>dish</name>
		<bndbox>
			<xmin>620</xmin>
			<ymin>657</ymin>
			<xmax>1707</xmax>
			<ymax>1780</ymax>
		</bndbox>
	</object>
	<object>
		<name>소고기김밥</name>
		<bndbox>
			<xmin>915</xmin>
			<ymin>815</ymin>
			<xmax>1636</xmax>
			<ymax>1160</ymax>
		</bndbox>
	</object>
</annotation>