<annotation>
	<folder>side주먹밥김밥류사각배달소고기김밥q1</folder>
	<filename>side_주먹밥김밥류_사각배달_소고기김밥_Q1_00040.JPG</filename>
	<path>/side주먹밥김밥류사각배달소고기김밥q1/side_주먹밥김밥류_사각배달_소고기김밥_Q1_00040.JPG</path>
	<source>
		<database>fooddata</database>
	</source>
	<size>
		<width>3008</width>
		<height>2000</height>
		<depth>3</depth>
	</size>
	<object>
		<name>ref_spoon</name>
		<bndbox>
			<xmin>295</xmin>
			<ymin>372</ymin>
			<xmax>589</xmax>
			<ymax>728</ymax>
		</bndbox>
	</object>
	<object>
		<name>ref_fork</name>
		<bndbox>
			<xmin>635</xmin>
			<ymin>383</ymin>
			<xmax>869</xmax>
			<ymax>794</ymax>
		</bndbox>
	</object>
	<object>
		<name>ref_coin</name>
		<bndbox>
			<xmin>1890</xmin>
			<ymin>1577</ymin>
			<xmax>2139</xmax>
			<ymax>1770</ymax>
		</bndbox>
	</object>
	<object>
		<name>dish</name>
		<bndbox>
			<xmin>1275</xmin>
			<ymin>256</ymin>
			<xmax>2139</xmax>
			<ymax>1373</ymax>
		</bndbox>
	</object>
	<object>
		<name>소고기김밥</name>
		<bndbox>
			<xmin>1626</xmin>
			<ymin>693</ymin>
			<xmax>2078</xmax>
			<ymax>1130</ymax>
		</bndbox>
	</object>
</annotation>