<annotation>
	<folder>side주먹밥김밥류사각배달소고기김밥q1</folder>
	<filename>side_주먹밥김밥류_사각배달_소고기김밥_Q1_00033.JPG</filename>
	<path>/side주먹밥김밥류사각배달소고기김밥q1/side_주먹밥김밥류_사각배달_소고기김밥_Q1_00033.JPG</path>
	<source>
		<database>fooddata</database>
	</source>
	<size>
		<width>3008</width>
		<height>2000</height>
		<depth>3</depth>
	</size>
	<object>
		<name>ref_spoon</name>
		<bndbox>
			<xmin>386</xmin>
			<ymin>1577</ymin>
			<xmax>874</xmax>
			<ymax>1851</ymax>
		</bndbox>
	</object>
	<object>
		<name>ref_fork</name>
		<bndbox>
			<xmin>422</xmin>
			<ymin>1363</ymin>
			<xmax>960</xmax>
			<ymax>1592</ymax>
		</bndbox>
	</object>
	<object>
		<name>ref_coin</name>
		<bndbox>
			<xmin>2083</xmin>
			<ymin>398</ymin>
			<xmax>2307</xmax>
			<ymax>545</ymax>
		</bndbox>
	</object>
	<object>
		<name>dish</name>
		<bndbox>
			<xmin>782</xmin>
			<ymin>179</ymin>
			<xmax>1748</xmax>
			<ymax>1277</ymax>
		</bndbox>
	</object>
	<object>
		<name>소고기김밥</name>
		<bndbox>
			<xmin>864</xmin>
			<ymin>489</ymin>
			<xmax>1296</xmax>
			<ymax>936</ymax>
		</bndbox>
	</object>
</annotation>