<annotation>
	<folder>top주먹밥김밥류사각배달소고기김밥q1</folder>
	<filename>top_주먹밥김밥류_사각배달_소고기김밥_Q1_00011.JPG</filename>
	<path>/top주먹밥김밥류사각배달소고기김밥q1/top_주먹밥김밥류_사각배달_소고기김밥_Q1_00011.JPG</path>
	<source>
		<database>fooddata</database>
	</source>
	<size>
		<width>3008</width>
		<height>2000</height>
		<depth>3</depth>
	</size>
	<object>
		<name>ref_spoon</name>
		<bndbox>
			<xmin>1939</xmin>
			<ymin>352</ymin>
			<xmax>2205</xmax>
			<ymax>734</ymax>
		</bndbox>
	</object>
	<object>
		<name>ref_fork</name>
		<bndbox>
			<xmin>2334</xmin>
			<ymin>339</ymin>
			<xmax>2516</xmax>
			<ymax>765</ymax>
		</bndbox>
	</object>
	<object>
		<name>ref_coin</name>
		<bndbox>
			<xmin>1588</xmin>
			<ymin>925</ymin>
			<xmax>1779</xmax>
			<ymax>1106</ymax>
		</bndbox>
	</object>
	<object>
		<name>dish</name>
		<bndbox>
			<xmin>464</xmin>
			<ymin>367</ymin>
			<xmax>1324</xmax>
			<ymax>1626</ymax>
		</bndbox>
	</object>
	<object>
		<name>소고기김밥</name>
		<bndbox>
			<xmin>915</xmin>
			<ymin>520</ymin>
			<xmax>1280</xmax>
			<ymax>1097</ymax>
		</bndbox>
	</object>
</annotation>