<annotation>
	<folder>top주먹밥김밥류사각배달소고기김밥q1</folder>
	<filename>top_주먹밥김밥류_사각배달_소고기김밥_Q1_00022.JPG</filename>
	<path>/top주먹밥김밥류사각배달소고기김밥q1/top_주먹밥김밥류_사각배달_소고기김밥_Q1_00022.JPG</path>
	<source>
		<database>fooddata</database>
	</source>
	<size>
		<width>3008</width>
		<height>2000</height>
		<depth>3</depth>
	</size>
	<object>
		<name>ref_spoon</name>
		<bndbox>
			<xmin>1051</xmin>
			<ymin>1563</ymin>
			<xmax>1393</xmax>
			<ymax>1794</ymax>
		</bndbox>
	</object>
	<object>
		<name>ref_fork</name>
		<bndbox>
			<xmin>1096</xmin>
			<ymin>1346</ymin>
			<xmax>1455</xmax>
			<ymax>1497</ymax>
		</bndbox>
	</object>
	<object>
		<name>ref_coin</name>
		<bndbox>
			<xmin>1109</xmin>
			<ymin>1063</ymin>
			<xmax>1264</xmax>
			<ymax>1217</ymax>
		</bndbox>
	</object>
	<object>
		<name>dish</name>
		<bndbox>
			<xmin>1269</xmin>
			<ymin>95</ymin>
			<xmax>1970</xmax>
			<ymax>1124</ymax>
		</bndbox>
	</object>
	<object>
		<name>소고기김밥</name>
		<bndbox>
			<xmin>1614</xmin>
			<ymin>257</ymin>
			<xmax>1938</xmax>
			<ymax>732</ymax>
		</bndbox>
	</object>
</annotation>