<annotation>
	<folder>top주먹밥김밥류사각배달소고기김밥q1</folder>
	<filename>top_주먹밥김밥류_사각배달_소고기김밥_Q1_00016.JPG</filename>
	<path>/top주먹밥김밥류사각배달소고기김밥q1/top_주먹밥김밥류_사각배달_소고기김밥_Q1_00016.JPG</path>
	<source>
		<database>fooddata</database>
	</source>
	<size>
		<width>3008</width>
		<height>2000</height>
		<depth>3</depth>
	</size>
	<object>
		<name>ref_spoon</name>
		<bndbox>
			<xmin>1899</xmin>
			<ymin>330</ymin>
			<xmax>2161</xmax>
			<ymax>716</ymax>
		</bndbox>
	</object>
	<object>
		<name>ref_fork</name>
		<bndbox>
			<xmin>2289</xmin>
			<ymin>317</ymin>
			<xmax>2467</xmax>
			<ymax>738</ymax>
		</bndbox>
	</object>
	<object>
		<name>ref_coin</name>
		<bndbox>
			<xmin>631</xmin>
			<ymin>1302</ymin>
			<xmax>830</xmax>
			<ymax>1497</ymax>
		</bndbox>
	</object>
	<object>
		<name>dish</name>
		<bndbox>
			<xmin>648</xmin>
			<ymin>286</ymin>
			<xmax>1805</xmax>
			<ymax>1667</ymax>
		</bndbox>
	</object>
	<object>
		<name>소고기김밥</name>
		<bndbox>
			<xmin>952</xmin>
			<ymin>989</ymin>
			<xmax>1437</xmax>
			<ymax>1527</ymax>
		</bndbox>
	</object>
</annotation>