<annotation>
	<folder>top주먹밥김밥류사각배달소고기김밥q1</folder>
	<filename>top_주먹밥김밥류_사각배달_소고기김밥_Q1_00017.JPG</filename>
	<path>/top주먹밥김밥류사각배달소고기김밥q1/top_주먹밥김밥류_사각배달_소고기김밥_Q1_00017.JPG</path>
	<source>
		<database>fooddata</database>
	</source>
	<size>
		<width>3008</width>
		<height>2000</height>
		<depth>3</depth>
	</size>
	<object>
		<name>ref_spoon</name>
		<bndbox>
			<xmin>1220</xmin>
			<ymin>1501</ymin>
			<xmax>1637</xmax>
			<ymax>1781</ymax>
		</bndbox>
	</object>
	<object>
		<name>ref_fork</name>
		<bndbox>
			<xmin>1282</xmin>
			<ymin>1257</ymin>
			<xmax>1726</xmax>
			<ymax>1444</ymax>
		</bndbox>
	</object>
	<object>
		<name>ref_coin</name>
		<bndbox>
			<xmin>688</xmin>
			<ymin>956</ymin>
			<xmax>883</xmax>
			<ymax>1142</ymax>
		</bndbox>
	</object>
	<object>
		<name>dish</name>
		<bndbox>
			<xmin>1295</xmin>
			<ymin>166</ymin>
			<xmax>2547</xmax>
			<ymax>1062</ymax>
		</bndbox>
	</object>
	<object>
		<name>소고기김밥</name>
		<bndbox>
			<xmin>1469</xmin>
			<ymin>312</ymin>
			<xmax>2036</xmax>
			<ymax>681</ymax>
		</bndbox>
	</object>
</annotation>