<annotation>
	<folder>top주먹밥김밥류사각배달소고기김밥q1</folder>
	<filename>top_주먹밥김밥류_사각배달_소고기김밥_Q1_00040.JPG</filename>
	<path>/top주먹밥김밥류사각배달소고기김밥q1/top_주먹밥김밥류_사각배달_소고기김밥_Q1_00040.JPG</path>
	<source>
		<database>fooddata</database>
	</source>
	<size>
		<width>3008</width>
		<height>2000</height>
		<depth>3</depth>
	</size>
	<object>
		<name>ref_spoon</name>
		<bndbox>
			<xmin>586</xmin>
			<ymin>295</ymin>
			<xmax>847</xmax>
			<ymax>676</ymax>
		</bndbox>
	</object>
	<object>
		<name>ref_fork</name>
		<bndbox>
			<xmin>905</xmin>
			<ymin>308</ymin>
			<xmax>1087</xmax>
			<ymax>729</ymax>
		</bndbox>
	</object>
	<object>
		<name>ref_coin</name>
		<bndbox>
			<xmin>2405</xmin>
			<ymin>516</ymin>
			<xmax>2600</xmax>
			<ymax>703</ymax>
		</bndbox>
	</object>
	<object>
		<name>dish</name>
		<bndbox>
			<xmin>1149</xmin>
			<ymin>308</ymin>
			<xmax>2400</xmax>
			<ymax>1701</ymax>
		</bndbox>
	</object>
	<object>
		<name>소고기김밥</name>
		<bndbox>
			<xmin>1588</xmin>
			<ymin>1009</ymin>
			<xmax>2205</xmax>
			<ymax>1563</ymax>
		</bndbox>
	</object>
</annotation>