<annotation>
	<folder>top주먹밥김밥류사각배달소고기김밥q1</folder>
	<filename>top_주먹밥김밥류_사각배달_소고기김밥_Q1_00045.JPG</filename>
	<path>/top주먹밥김밥류사각배달소고기김밥q1/top_주먹밥김밥류_사각배달_소고기김밥_Q1_00045.JPG</path>
	<source>
		<database>fooddata</database>
	</source>
	<size>
		<width>3008</width>
		<height>2000</height>
		<depth>3</depth>
	</size>
	<object>
		<name>ref_spoon</name>
		<bndbox>
			<xmin>617</xmin>
			<ymin>268</ymin>
			<xmax>878</xmax>
			<ymax>654</ymax>
		</bndbox>
	</object>
	<object>
		<name>ref_fork</name>
		<bndbox>
			<xmin>941</xmin>
			<ymin>277</ymin>
			<xmax>1118</xmax>
			<ymax>720</ymax>
		</bndbox>
	</object>
	<object>
		<name>ref_coin</name>
		<bndbox>
			<xmin>1229</xmin>
			<ymin>793</ymin>
			<xmax>1416</xmax>
			<ymax>982</ymax>
		</bndbox>
	</object>
	<object>
		<name>dish</name>
		<bndbox>
			<xmin>1491</xmin>
			<ymin>534</ymin>
			<xmax>2764</xmax>
			<ymax>1333</ymax>
		</bndbox>
	</object>
	<object>
		<name>소고기김밥</name>
		<bndbox>
			<xmin>1597</xmin>
			<ymin>592</ymin>
			<xmax>2005</xmax>
			<ymax>1253</ymax>
		</bndbox>
	</object>
</annotation>