<annotation>
	<folder>side비빔밥덮밥류접시류산슬덮밥q5</folder>
	<filename>side_비빔밥덮밥류_접시_류산슬덮밥_Q5_00016.JPG</filename>
	<path>/side비빔밥덮밥류접시류산슬덮밥q5/side_비빔밥덮밥류_접시_류산슬덮밥_Q5_00016.JPG</path>
	<source>
		<database>fooddata</database>
	</source>
	<size>
		<width>3008</width>
		<height>2000</height>
		<depth>3</depth>
	</size>
	<object>
		<name>ref_spoon</name>
		<bndbox>
			<xmin>2123</xmin>
			<ymin>546</ymin>
			<xmax>2414</xmax>
			<ymax>972</ymax>
		</bndbox>
	</object>
	<object>
		<name>ref_fork</name>
		<bndbox>
			<xmin>2529</xmin>
			<ymin>574</ymin>
			<xmax>2730</xmax>
			<ymax>1032</ymax>
		</bndbox>
	</object>
	<object>
		<name>ref_coin</name>
		<bndbox>
			<xmin>996</xmin>
			<ymin>1776</ymin>
			<xmax>1235</xmax>
			<ymax>1953</ymax>
		</bndbox>
	</object>
	<object>
		<name>dish</name>
		<bndbox>
			<xmin>558</xmin>
			<ymin>259</ymin>
			<xmax>1939</xmax>
			<ymax>1516</ymax>
		</bndbox>
	</object>
	<object>
		<name>류산슬덮밥</name>
		<bndbox>
			<xmin>625</xmin>
			<ymin>412</ymin>
			<xmax>1865</xmax>
			<ymax>1078</ymax>
		</bndbox>
	</object>
</annotation>