<annotation>
	<folder>side비빔밥덮밥류접시류산슬덮밥q5</folder>
	<filename>side_비빔밥덮밥류_접시_류산슬덮밥_Q5_00047.JPG</filename>
	<path>/side비빔밥덮밥류접시류산슬덮밥q5/side_비빔밥덮밥류_접시_류산슬덮밥_Q5_00047.JPG</path>
	<source>
		<database>fooddata</database>
	</source>
	<size>
		<width>3008</width>
		<height>2000</height>
		<depth>3</depth>
	</size>
	<object>
		<name>ref_spoon</name>
		<bndbox>
			<xmin>271</xmin>
			<ymin>404</ymin>
			<xmax>574</xmax>
			<ymax>831</ymax>
		</bndbox>
	</object>
	<object>
		<name>ref_fork</name>
		<bndbox>
			<xmin>631</xmin>
			<ymin>447</ymin>
			<xmax>843</xmax>
			<ymax>933</ymax>
		</bndbox>
	</object>
	<object>
		<name>ref_coin</name>
		<bndbox>
			<xmin>756</xmin>
			<ymin>1570</ymin>
			<xmax>994</xmax>
			<ymax>1744</ymax>
		</bndbox>
	</object>
	<object>
		<name>dish</name>
		<bndbox>
			<xmin>1069</xmin>
			<ymin>263</ymin>
			<xmax>2464</xmax>
			<ymax>1547</ymax>
		</bndbox>
	</object>
	<object>
		<name>류산슬덮밥</name>
		<bndbox>
			<xmin>1117</xmin>
			<ymin>383</ymin>
			<xmax>2374</xmax>
			<ymax>1092</ymax>
		</bndbox>
	</object>
</annotation>