<annotation>
	<folder>side비빔밥덮밥류접시류산슬덮밥q5</folder>
	<filename>side_비빔밥덮밥류_접시_류산슬덮밥_Q5_00024.JPG</filename>
	<path>/side비빔밥덮밥류접시류산슬덮밥q5/side_비빔밥덮밥류_접시_류산슬덮밥_Q5_00024.JPG</path>
	<source>
		<database>fooddata</database>
	</source>
	<size>
		<width>3008</width>
		<height>2000</height>
		<depth>3</depth>
	</size>
	<object>
		<name>ref_spoon</name>
		<bndbox>
			<xmin>406</xmin>
			<ymin>1562</ymin>
			<xmax>952</xmax>
			<ymax>1814</ymax>
		</bndbox>
	</object>
	<object>
		<name>ref_fork</name>
		<bndbox>
			<xmin>457</xmin>
			<ymin>1309</ymin>
			<xmax>1035</xmax>
			<ymax>1541</ymax>
		</bndbox>
	</object>
	<object>
		<name>ref_coin</name>
		<bndbox>
			<xmin>224</xmin>
			<ymin>830</ymin>
			<xmax>431</xmax>
			<ymax>972</ymax>
		</bndbox>
	</object>
	<object>
		<name>dish</name>
		<bndbox>
			<xmin>804</xmin>
			<ymin>153</ymin>
			<xmax>2094</xmax>
			<ymax>1347</ymax>
		</bndbox>
	</object>
	<object>
		<name>류산슬덮밥</name>
		<bndbox>
			<xmin>863</xmin>
			<ymin>318</ymin>
			<xmax>2033</xmax>
			<ymax>913</ymax>
		</bndbox>
	</object>
</annotation>