<annotation>
	<folder>side비빔밥덮밥류접시류산슬덮밥q5</folder>
	<filename>side_비빔밥덮밥류_접시_류산슬덮밥_Q5_00006.JPG</filename>
	<path>/side비빔밥덮밥류접시류산슬덮밥q5/side_비빔밥덮밥류_접시_류산슬덮밥_Q5_00006.JPG</path>
	<source>
		<database>fooddata</database>
	</source>
	<size>
		<width>3008</width>
		<height>2000</height>
		<depth>3</depth>
	</size>
	<object>
		<name>ref_spoon</name>
		<bndbox>
			<xmin>1935</xmin>
			<ymin>556</ymin>
			<xmax>2233</xmax>
			<ymax>982</ymax>
		</bndbox>
	</object>
	<object>
		<name>ref_fork</name>
		<bndbox>
			<xmin>2345</xmin>
			<ymin>591</ymin>
			<xmax>2546</xmax>
			<ymax>1044</ymax>
		</bndbox>
	</object>
	<object>
		<name>ref_coin</name>
		<bndbox>
			<xmin>254</xmin>
			<ymin>1324</ymin>
			<xmax>493</xmax>
			<ymax>1493</ymax>
		</bndbox>
	</object>
	<object>
		<name>dish</name>
		<bndbox>
			<xmin>465</xmin>
			<ymin>194</ymin>
			<xmax>1870</xmax>
			<ymax>1459</ymax>
		</bndbox>
	</object>
	<object>
		<name>류산슬덮밥</name>
		<bndbox>
			<xmin>560</xmin>
			<ymin>330</ymin>
			<xmax>1766</xmax>
			<ymax>993</ymax>
		</bndbox>
	</object>
</annotation>