<annotation>
	<folder>side비빔밥덮밥류접시류산슬덮밥q5</folder>
	<filename>side_비빔밥덮밥류_접시_류산슬덮밥_Q5_00023.JPG</filename>
	<path>/side비빔밥덮밥류접시류산슬덮밥q5/side_비빔밥덮밥류_접시_류산슬덮밥_Q5_00023.JPG</path>
	<source>
		<database>fooddata</database>
	</source>
	<size>
		<width>3008</width>
		<height>2000</height>
		<depth>3</depth>
	</size>
	<object>
		<name>ref_spoon</name>
		<bndbox>
			<xmin>432</xmin>
			<ymin>1554</ymin>
			<xmax>984</xmax>
			<ymax>1804</ymax>
		</bndbox>
	</object>
	<object>
		<name>ref_fork</name>
		<bndbox>
			<xmin>486</xmin>
			<ymin>1296</ymin>
			<xmax>1057</xmax>
			<ymax>1533</ymax>
		</bndbox>
	</object>
	<object>
		<name>ref_coin</name>
		<bndbox>
			<xmin>302</xmin>
			<ymin>519</ymin>
			<xmax>502</xmax>
			<ymax>650</ymax>
		</bndbox>
	</object>
	<object>
		<name>dish</name>
		<bndbox>
			<xmin>776</xmin>
			<ymin>100</ymin>
			<xmax>2075</xmax>
			<ymax>1280</ymax>
		</bndbox>
	</object>
	<object>
		<name>류산슬덮밥</name>
		<bndbox>
			<xmin>864</xmin>
			<ymin>247</ymin>
			<xmax>2019</xmax>
			<ymax>848</ymax>
		</bndbox>
	</object>
</annotation>