<annotation>
	<folder>top비빔밥덮밥류접시류산슬덮밥q5</folder>
	<filename>top_비빔밥덮밥류_접시_류산슬덮밥_Q5_00004.JPG</filename>
	<path>/top비빔밥덮밥류접시류산슬덮밥q5/top_비빔밥덮밥류_접시_류산슬덮밥_Q5_00004.JPG</path>
	<source>
		<database>fooddata</database>
	</source>
	<size>
		<width>3008</width>
		<height>2000</height>
		<depth>3</depth>
	</size>
	<object>
		<name>ref_spoon</name>
		<bndbox>
			<xmin>2174</xmin>
			<ymin>312</ymin>
			<xmax>2458</xmax>
			<ymax>745</ymax>
		</bndbox>
	</object>
	<object>
		<name>ref_fork</name>
		<bndbox>
			<xmin>2543</xmin>
			<ymin>354</ymin>
			<xmax>2738</xmax>
			<ymax>826</ymax>
		</bndbox>
	</object>
	<object>
		<name>ref_coin</name>
		<bndbox>
			<xmin>131</xmin>
			<ymin>1050</ymin>
			<xmax>337</xmax>
			<ymax>1248</ymax>
		</bndbox>
	</object>
	<object>
		<name>dish</name>
		<bndbox>
			<xmin>497</xmin>
			<ymin>351</ymin>
			<xmax>1781</xmax>
			<ymax>1582</ymax>
		</bndbox>
	</object>
	<object>
		<name>류산슬덮밥</name>
		<bndbox>
			<xmin>592</xmin>
			<ymin>440</ymin>
			<xmax>1745</xmax>
			<ymax>1543</ymax>
		</bndbox>
	</object>
</annotation>