<annotation>
	<folder>top비빔밥덮밥류접시류산슬덮밥q5</folder>
	<filename>top_비빔밥덮밥류_접시_류산슬덮밥_Q5_00029.JPG</filename>
	<path>/top비빔밥덮밥류접시류산슬덮밥q5/top_비빔밥덮밥류_접시_류산슬덮밥_Q5_00029.JPG</path>
	<source>
		<database>fooddata</database>
	</source>
	<size>
		<width>3008</width>
		<height>2000</height>
		<depth>3</depth>
	</size>
	<object>
		<name>ref_spoon</name>
		<bndbox>
			<xmin>571</xmin>
			<ymin>1550</ymin>
			<xmax>936</xmax>
			<ymax>1784</ymax>
		</bndbox>
	</object>
	<object>
		<name>ref_fork</name>
		<bndbox>
			<xmin>621</xmin>
			<ymin>1319</ymin>
			<xmax>1025</xmax>
			<ymax>1497</ymax>
		</bndbox>
	</object>
	<object>
		<name>ref_coin</name>
		<bndbox>
			<xmin>1600</xmin>
			<ymin>1192</ymin>
			<xmax>1763</xmax>
			<ymax>1348</ymax>
		</bndbox>
	</object>
	<object>
		<name>dish</name>
		<bndbox>
			<xmin>851</xmin>
			<ymin>124</ymin>
			<xmax>1848</xmax>
			<ymax>1106</ymax>
		</bndbox>
	</object>
	<object>
		<name>류산슬덮밥</name>
		<bndbox>
			<xmin>922</xmin>
			<ymin>188</ymin>
			<xmax>1816</xmax>
			<ymax>1043</ymax>
		</bndbox>
	</object>
</annotation>