<annotation>
	<folder>top비빔밥덮밥류접시류산슬덮밥q5</folder>
	<filename>top_비빔밥덮밥류_접시_류산슬덮밥_Q5_00007.JPG</filename>
	<path>/top비빔밥덮밥류접시류산슬덮밥q5/top_비빔밥덮밥류_접시_류산슬덮밥_Q5_00007.JPG</path>
	<source>
		<database>fooddata</database>
	</source>
	<size>
		<width>3008</width>
		<height>2000</height>
		<depth>3</depth>
	</size>
	<object>
		<name>ref_spoon</name>
		<bndbox>
			<xmin>2072</xmin>
			<ymin>585</ymin>
			<xmax>2355</xmax>
			<ymax>996</ymax>
		</bndbox>
	</object>
	<object>
		<name>ref_fork</name>
		<bndbox>
			<xmin>2440</xmin>
			<ymin>624</ymin>
			<xmax>2632</xmax>
			<ymax>1096</ymax>
		</bndbox>
	</object>
	<object>
		<name>ref_coin</name>
		<bndbox>
			<xmin>1213</xmin>
			<ymin>60</ymin>
			<xmax>1405</xmax>
			<ymax>248</ymax>
		</bndbox>
	</object>
	<object>
		<name>dish</name>
		<bndbox>
			<xmin>238</xmin>
			<ymin>638</ymin>
			<xmax>1518</xmax>
			<ymax>1883</ymax>
		</bndbox>
	</object>
	<object>
		<name>류산슬덮밥</name>
		<bndbox>
			<xmin>333</xmin>
			<ymin>713</ymin>
			<xmax>1469</xmax>
			<ymax>1841</ymax>
		</bndbox>
	</object>
</annotation>