<annotation>
	<folder>top비빔밥덮밥류접시류산슬덮밥q5</folder>
	<filename>top_비빔밥덮밥류_접시_류산슬덮밥_Q5_00022.JPG</filename>
	<path>/top비빔밥덮밥류접시류산슬덮밥q5/top_비빔밥덮밥류_접시_류산슬덮밥_Q5_00022.JPG</path>
	<source>
		<database>fooddata</database>
	</source>
	<size>
		<width>3008</width>
		<height>2000</height>
		<depth>3</depth>
	</size>
	<object>
		<name>ref_spoon</name>
		<bndbox>
			<xmin>738</xmin>
			<ymin>1568</ymin>
			<xmax>1057</xmax>
			<ymax>1777</ymax>
		</bndbox>
	</object>
	<object>
		<name>ref_fork</name>
		<bndbox>
			<xmin>777</xmin>
			<ymin>1365</ymin>
			<xmax>1121</xmax>
			<ymax>1518</ymax>
		</bndbox>
	</object>
	<object>
		<name>ref_coin</name>
		<bndbox>
			<xmin>1483</xmin>
			<ymin>78</ymin>
			<xmax>1614</xmax>
			<ymax>205</ymax>
		</bndbox>
	</object>
	<object>
		<name>dish</name>
		<bndbox>
			<xmin>954</xmin>
			<ymin>443</ymin>
			<xmax>1841</xmax>
			<ymax>1316</ymax>
		</bndbox>
	</object>
	<object>
		<name>류산슬덮밥</name>
		<bndbox>
			<xmin>1007</xmin>
			<ymin>532</ymin>
			<xmax>1791</xmax>
			<ymax>1280</ymax>
		</bndbox>
	</object>
</annotation>