<annotation>
	<folder>top비빔밥덮밥류접시류산슬덮밥q5</folder>
	<filename>top_비빔밥덮밥류_접시_류산슬덮밥_Q5_00009.JPG</filename>
	<path>/top비빔밥덮밥류접시류산슬덮밥q5/top_비빔밥덮밥류_접시_류산슬덮밥_Q5_00009.JPG</path>
	<source>
		<database>fooddata</database>
	</source>
	<size>
		<width>3008</width>
		<height>2000</height>
		<depth>3</depth>
	</size>
	<object>
		<name>ref_spoon</name>
		<bndbox>
			<xmin>2093</xmin>
			<ymin>500</ymin>
			<xmax>2370</xmax>
			<ymax>926</ymax>
		</bndbox>
	</object>
	<object>
		<name>ref_fork</name>
		<bndbox>
			<xmin>2455</xmin>
			<ymin>535</ymin>
			<xmax>2653</xmax>
			<ymax>1004</ymax>
		</bndbox>
	</object>
	<object>
		<name>ref_coin</name>
		<bndbox>
			<xmin>1781</xmin>
			<ymin>950</ymin>
			<xmax>1986</xmax>
			<ymax>1149</ymax>
		</bndbox>
	</object>
	<object>
		<name>dish</name>
		<bndbox>
			<xmin>160</xmin>
			<ymin>450</ymin>
			<xmax>1426</xmax>
			<ymax>1681</ymax>
		</bndbox>
	</object>
	<object>
		<name>류산슬덮밥</name>
		<bndbox>
			<xmin>223</xmin>
			<ymin>546</ymin>
			<xmax>1394</xmax>
			<ymax>1642</ymax>
		</bndbox>
	</object>
</annotation>