<annotation>
	<folder>top비빔밥덮밥류접시류산슬덮밥q5</folder>
	<filename>top_비빔밥덮밥류_접시_류산슬덮밥_Q5_00034.JPG</filename>
	<path>/top비빔밥덮밥류접시류산슬덮밥q5/top_비빔밥덮밥류_접시_류산슬덮밥_Q5_00034.JPG</path>
	<source>
		<database>fooddata</database>
	</source>
	<size>
		<width>3008</width>
		<height>2000</height>
		<depth>3</depth>
	</size>
	<object>
		<name>ref_spoon</name>
		<bndbox>
			<xmin>592</xmin>
			<ymin>209</ymin>
			<xmax>851</xmax>
			<ymax>596</ymax>
		</bndbox>
	</object>
	<object>
		<name>ref_fork</name>
		<bndbox>
			<xmin>926</xmin>
			<ymin>184</ymin>
			<xmax>1096</xmax>
			<ymax>642</ymax>
		</bndbox>
	</object>
	<object>
		<name>ref_coin</name>
		<bndbox>
			<xmin>1312</xmin>
			<ymin>1475</ymin>
			<xmax>1504</xmax>
			<ymax>1670</ymax>
		</bndbox>
	</object>
	<object>
		<name>dish</name>
		<bndbox>
			<xmin>1156</xmin>
			<ymin>205</ymin>
			<xmax>2384</xmax>
			<ymax>1397</ymax>
		</bndbox>
	</object>
	<object>
		<name>류산슬덮밥</name>
		<bndbox>
			<xmin>1213</xmin>
			<ymin>301</ymin>
			<xmax>2313</xmax>
			<ymax>1348</ymax>
		</bndbox>
	</object>
</annotation>