<annotation>
	<folder>top비빔밥덮밥류접시류산슬덮밥q5</folder>
	<filename>top_비빔밥덮밥류_접시_류산슬덮밥_Q5_00002.JPG</filename>
	<path>/top비빔밥덮밥류접시류산슬덮밥q5/top_비빔밥덮밥류_접시_류산슬덮밥_Q5_00002.JPG</path>
	<source>
		<database>fooddata</database>
	</source>
	<size>
		<width>3008</width>
		<height>2000</height>
		<depth>3</depth>
	</size>
	<object>
		<name>ref_spoon</name>
		<bndbox>
			<xmin>1898</xmin>
			<ymin>390</ymin>
			<xmax>2171</xmax>
			<ymax>791</ymax>
		</bndbox>
	</object>
	<object>
		<name>ref_fork</name>
		<bndbox>
			<xmin>2256</xmin>
			<ymin>415</ymin>
			<xmax>2440</xmax>
			<ymax>869</ymax>
		</bndbox>
	</object>
	<object>
		<name>ref_coin</name>
		<bndbox>
			<xmin>1085</xmin>
			<ymin>1649</ymin>
			<xmax>1277</xmax>
			<ymax>1848</ymax>
		</bndbox>
	</object>
	<object>
		<name>dish</name>
		<bndbox>
			<xmin>383</xmin>
			<ymin>149</ymin>
			<xmax>1635</xmax>
			<ymax>1337</ymax>
		</bndbox>
	</object>
	<object>
		<name>류산슬덮밥</name>
		<bndbox>
			<xmin>468</xmin>
			<ymin>205</ymin>
			<xmax>1578</xmax>
			<ymax>1280</ymax>
		</bndbox>
	</object>
</annotation>