<annotation>
	<folder>side건더기국류냄비닭볶음탕q3</folder>
	<filename>side_건더기국류_냄비_닭볶음탕_Q3_00013.JPG</filename>
	<path>/side건더기국류냄비닭볶음탕q3/side_건더기국류_냄비_닭볶음탕_Q3_00013.JPG</path>
	<source>
		<database>fooddata</database>
	</source>
	<size>
		<width>3008</width>
		<height>2000</height>
		<depth>3</depth>
	</size>
	<object>
		<name>ref_spoon</name>
		<bndbox>
			<xmin>2204</xmin>
			<ymin>396</ymin>
			<xmax>2475</xmax>
			<ymax>747</ymax>
		</bndbox>
	</object>
	<object>
		<name>ref_fork</name>
		<bndbox>
			<xmin>2600</xmin>
			<ymin>428</ymin>
			<xmax>2787</xmax>
			<ymax>848</ymax>
		</bndbox>
	</object>
	<object>
		<name>ref_coin</name>
		<bndbox>
			<xmin>1374</xmin>
			<ymin>253</ymin>
			<xmax>1543</xmax>
			<ymax>376</ymax>
		</bndbox>
	</object>
	<object>
		<name>dish</name>
		<bndbox>
			<xmin>538</xmin>
			<ymin>462</ymin>
			<xmax>1988</xmax>
			<ymax>1609</ymax>
		</bndbox>
	</object>
	<object>
		<name>닭볶음탕</name>
		<bndbox>
			<xmin>809</xmin>
			<ymin>816</ymin>
			<xmax>1799</xmax>
			<ymax>1457</ymax>
		</bndbox>
	</object>
</annotation>