<annotation>
	<folder>side건더기국류냄비닭볶음탕q3</folder>
	<filename>side_건더기국류_냄비_닭볶음탕_Q3_00035.JPG</filename>
	<path>/side건더기국류냄비닭볶음탕q3/side_건더기국류_냄비_닭볶음탕_Q3_00035.JPG</path>
	<source>
		<database>fooddata</database>
	</source>
	<size>
		<width>3008</width>
		<height>2000</height>
		<depth>3</depth>
	</size>
	<object>
		<name>ref_spoon</name>
		<bndbox>
			<xmin>678</xmin>
			<ymin>1496</ymin>
			<xmax>1094</xmax>
			<ymax>1737</ymax>
		</bndbox>
	</object>
	<object>
		<name>ref_fork</name>
		<bndbox>
			<xmin>779</xmin>
			<ymin>1270</ymin>
			<xmax>1241</xmax>
			<ymax>1484</ymax>
		</bndbox>
	</object>
	<object>
		<name>ref_coin</name>
		<bndbox>
			<xmin>1944</xmin>
			<ymin>187</ymin>
			<xmax>2108</xmax>
			<ymax>300</ymax>
		</bndbox>
	</object>
	<object>
		<name>dish</name>
		<bndbox>
			<xmin>927</xmin>
			<ymin>209</ymin>
			<xmax>2182</xmax>
			<ymax>1201</ymax>
		</bndbox>
	</object>
	<object>
		<name>닭볶음탕</name>
		<bndbox>
			<xmin>1194</xmin>
			<ymin>486</ymin>
			<xmax>1973</xmax>
			<ymax>1052</ymax>
		</bndbox>
	</object>
</annotation>