<annotation>
	<folder>side건더기국류냄비닭볶음탕q3</folder>
	<filename>side_건더기국류_냄비_닭볶음탕_Q3_00039.JPG</filename>
	<path>/side건더기국류냄비닭볶음탕q3/side_건더기국류_냄비_닭볶음탕_Q3_00039.JPG</path>
	<source>
		<database>fooddata</database>
	</source>
	<size>
		<width>3008</width>
		<height>2000</height>
		<depth>3</depth>
	</size>
	<object>
		<name>ref_spoon</name>
		<bndbox>
			<xmin>192</xmin>
			<ymin>420</ymin>
			<xmax>467</xmax>
			<ymax>796</ymax>
		</bndbox>
	</object>
	<object>
		<name>ref_fork</name>
		<bndbox>
			<xmin>536</xmin>
			<ymin>430</ymin>
			<xmax>733</xmax>
			<ymax>857</ymax>
		</bndbox>
	</object>
	<object>
		<name>ref_coin</name>
		<bndbox>
			<xmin>2369</xmin>
			<ymin>364</ymin>
			<xmax>2558</xmax>
			<ymax>504</ymax>
		</bndbox>
	</object>
	<object>
		<name>dish</name>
		<bndbox>
			<xmin>836</xmin>
			<ymin>339</ymin>
			<xmax>2349</xmax>
			<ymax>1548</ymax>
		</bndbox>
	</object>
	<object>
		<name>닭볶음탕</name>
		<bndbox>
			<xmin>990</xmin>
			<ymin>624</ymin>
			<xmax>2101</xmax>
			<ymax>1386</ymax>
		</bndbox>
	</object>
</annotation>