<annotation>
	<folder>side건더기국류냄비닭볶음탕q3</folder>
	<filename>side_건더기국류_냄비_닭볶음탕_Q3_00014.JPG</filename>
	<path>/side건더기국류냄비닭볶음탕q3/side_건더기국류_냄비_닭볶음탕_Q3_00014.JPG</path>
	<source>
		<database>fooddata</database>
	</source>
	<size>
		<width>3008</width>
		<height>2000</height>
		<depth>3</depth>
	</size>
	<object>
		<name>ref_spoon</name>
		<bndbox>
			<xmin>2113</xmin>
			<ymin>371</ymin>
			<xmax>2381</xmax>
			<ymax>727</ymax>
		</bndbox>
	</object>
	<object>
		<name>ref_fork</name>
		<bndbox>
			<xmin>2504</xmin>
			<ymin>420</ymin>
			<xmax>2688</xmax>
			<ymax>818</ymax>
		</bndbox>
	</object>
	<object>
		<name>ref_coin</name>
		<bndbox>
			<xmin>1588</xmin>
			<ymin>194</ymin>
			<xmax>1769</xmax>
			<ymax>324</ymax>
		</bndbox>
	</object>
	<object>
		<name>dish</name>
		<bndbox>
			<xmin>462</xmin>
			<ymin>450</ymin>
			<xmax>1917</xmax>
			<ymax>1607</ymax>
		</bndbox>
	</object>
	<object>
		<name>닭볶음탕</name>
		<bndbox>
			<xmin>794</xmin>
			<ymin>833</ymin>
			<xmax>1809</xmax>
			<ymax>1459</ymax>
		</bndbox>
	</object>
</annotation>