<annotation>
	<folder>side건더기국류냄비닭볶음탕q3</folder>
	<filename>side_건더기국류_냄비_닭볶음탕_Q3_00051.JPG</filename>
	<path>/side건더기국류냄비닭볶음탕q3/side_건더기국류_냄비_닭볶음탕_Q3_00051.JPG</path>
	<source>
		<database>fooddata</database>
	</source>
	<size>
		<width>3008</width>
		<height>2000</height>
		<depth>3</depth>
	</size>
	<object>
		<name>ref_spoon</name>
		<bndbox>
			<xmin>224</xmin>
			<ymin>676</ymin>
			<xmax>487</xmax>
			<ymax>1025</ymax>
		</bndbox>
	</object>
	<object>
		<name>ref_fork</name>
		<bndbox>
			<xmin>543</xmin>
			<ymin>693</ymin>
			<xmax>718</xmax>
			<ymax>1093</ymax>
		</bndbox>
	</object>
	<object>
		<name>ref_coin</name>
		<bndbox>
			<xmin>1831</xmin>
			<ymin>236</ymin>
			<xmax>2000</xmax>
			<ymax>356</ymax>
		</bndbox>
	</object>
	<object>
		<name>dish</name>
		<bndbox>
			<xmin>1086</xmin>
			<ymin>587</ymin>
			<xmax>2457</xmax>
			<ymax>1722</ymax>
		</bndbox>
	</object>
	<object>
		<name>닭볶음탕</name>
		<bndbox>
			<xmin>1175</xmin>
			<ymin>914</ymin>
			<xmax>2175</xmax>
			<ymax>1592</ymax>
		</bndbox>
	</object>
</annotation>