<annotation>
	<folder>side건더기국류냄비닭볶음탕q3</folder>
	<filename>side_건더기국류_냄비_닭볶음탕_Q3_00002.JPG</filename>
	<path>/side건더기국류냄비닭볶음탕q3/side_건더기국류_냄비_닭볶음탕_Q3_00002.JPG</path>
	<source>
		<database>fooddata</database>
	</source>
	<size>
		<width>3008</width>
		<height>2000</height>
		<depth>3</depth>
	</size>
	<object>
		<name>ref_spoon</name>
		<bndbox>
			<xmin>2248</xmin>
			<ymin>479</ymin>
			<xmax>2536</xmax>
			<ymax>860</ymax>
		</bndbox>
	</object>
	<object>
		<name>ref_fork</name>
		<bndbox>
			<xmin>2681</xmin>
			<ymin>516</ymin>
			<xmax>2877</xmax>
			<ymax>951</ymax>
		</bndbox>
	</object>
	<object>
		<name>ref_coin</name>
		<bndbox>
			<xmin>1052</xmin>
			<ymin>189</ymin>
			<xmax>1241</xmax>
			<ymax>319</ymax>
		</bndbox>
	</object>
	<object>
		<name>dish</name>
		<bndbox>
			<xmin>447</xmin>
			<ymin>425</ymin>
			<xmax>1973</xmax>
			<ymax>1644</ymax>
		</bndbox>
	</object>
	<object>
		<name>닭볶음탕</name>
		<bndbox>
			<xmin>605</xmin>
			<ymin>892</ymin>
			<xmax>1683</xmax>
			<ymax>1489</ymax>
		</bndbox>
	</object>
</annotation>