<annotation>
	<folder>side건더기국류냄비닭볶음탕q3</folder>
	<filename>side_건더기국류_냄비_닭볶음탕_Q3_00038.JPG</filename>
	<path>/side건더기국류냄비닭볶음탕q3/side_건더기국류_냄비_닭볶음탕_Q3_00038.JPG</path>
	<source>
		<database>fooddata</database>
	</source>
	<size>
		<width>3008</width>
		<height>2000</height>
		<depth>3</depth>
	</size>
	<object>
		<name>ref_spoon</name>
		<bndbox>
			<xmin>253</xmin>
			<ymin>405</ymin>
			<xmax>521</xmax>
			<ymax>786</ymax>
		</bndbox>
	</object>
	<object>
		<name>ref_fork</name>
		<bndbox>
			<xmin>592</xmin>
			<ymin>408</ymin>
			<xmax>779</xmax>
			<ymax>830</ymax>
		</bndbox>
	</object>
	<object>
		<name>ref_coin</name>
		<bndbox>
			<xmin>2516</xmin>
			<ymin>585</ymin>
			<xmax>2728</xmax>
			<ymax>742</ymax>
		</bndbox>
	</object>
	<object>
		<name>dish</name>
		<bndbox>
			<xmin>897</xmin>
			<ymin>305</ymin>
			<xmax>2398</xmax>
			<ymax>1516</ymax>
		</bndbox>
	</object>
	<object>
		<name>닭볶음탕</name>
		<bndbox>
			<xmin>1076</xmin>
			<ymin>464</ymin>
			<xmax>2135</xmax>
			<ymax>1361</ymax>
		</bndbox>
	</object>
</annotation>