<annotation>
	<folder>top건더기국류냄비닭볶음탕q3</folder>
	<filename>top_건더기국류_냄비_닭볶음탕_Q3_00026.JPG</filename>
	<path>/top건더기국류냄비닭볶음탕q3/top_건더기국류_냄비_닭볶음탕_Q3_00026.JPG</path>
	<source>
		<database>fooddata</database>
	</source>
	<size>
		<width>3008</width>
		<height>2000</height>
		<depth>3</depth>
	</size>
	<object>
		<name>ref_spoon</name>
		<bndbox>
			<xmin>741</xmin>
			<ymin>1601</ymin>
			<xmax>1121</xmax>
			<ymax>1881</ymax>
		</bndbox>
	</object>
	<object>
		<name>ref_fork</name>
		<bndbox>
			<xmin>823</xmin>
			<ymin>1381</ymin>
			<xmax>1231</xmax>
			<ymax>1580</ymax>
		</bndbox>
	</object>
	<object>
		<name>ref_coin</name>
		<bndbox>
			<xmin>557</xmin>
			<ymin>541</ymin>
			<xmax>756</xmax>
			<ymax>729</ymax>
		</bndbox>
	</object>
	<object>
		<name>dish</name>
		<bndbox>
			<xmin>979</xmin>
			<ymin>12</ymin>
			<xmax>2142</xmax>
			<ymax>1115</ymax>
		</bndbox>
	</object>
	<object>
		<name>닭볶음탕</name>
		<bndbox>
			<xmin>1132</xmin>
			<ymin>236</ymin>
			<xmax>1947</xmax>
			<ymax>1055</ymax>
		</bndbox>
	</object>
</annotation>