<annotation>
	<folder>top건더기국류냄비닭볶음탕q3</folder>
	<filename>top_건더기국류_냄비_닭볶음탕_Q3_00032.JPG</filename>
	<path>/top건더기국류냄비닭볶음탕q3/top_건더기국류_냄비_닭볶음탕_Q3_00032.JPG</path>
	<source>
		<database>fooddata</database>
	</source>
	<size>
		<width>3008</width>
		<height>2000</height>
		<depth>3</depth>
	</size>
	<object>
		<name>ref_spoon</name>
		<bndbox>
			<xmin>823</xmin>
			<ymin>1584</ymin>
			<xmax>1163</xmax>
			<ymax>1846</ymax>
		</bndbox>
	</object>
	<object>
		<name>ref_fork</name>
		<bndbox>
			<xmin>901</xmin>
			<ymin>1385</ymin>
			<xmax>1273</xmax>
			<ymax>1584</ymax>
		</bndbox>
	</object>
	<object>
		<name>ref_coin</name>
		<bndbox>
			<xmin>2008</xmin>
			<ymin>1112</ymin>
			<xmax>2185</xmax>
			<ymax>1293</ymax>
		</bndbox>
	</object>
	<object>
		<name>dish</name>
		<bndbox>
			<xmin>1007</xmin>
			<ymin>218</ymin>
			<xmax>2061</xmax>
			<ymax>1218</ymax>
		</bndbox>
	</object>
	<object>
		<name>닭볶음탕</name>
		<bndbox>
			<xmin>1156</xmin>
			<ymin>431</ymin>
			<xmax>1912</xmax>
			<ymax>1144</ymax>
		</bndbox>
	</object>
</annotation>