<annotation>
	<folder>top건더기국류냄비닭볶음탕q3</folder>
	<filename>top_건더기국류_냄비_닭볶음탕_Q3_00033.JPG</filename>
	<path>/top건더기국류냄비닭볶음탕q3/top_건더기국류_냄비_닭볶음탕_Q3_00033.JPG</path>
	<source>
		<database>fooddata</database>
	</source>
	<size>
		<width>3008</width>
		<height>2000</height>
		<depth>3</depth>
	</size>
	<object>
		<name>ref_spoon</name>
		<bndbox>
			<xmin>855</xmin>
			<ymin>1626</ymin>
			<xmax>1178</xmax>
			<ymax>1878</ymax>
		</bndbox>
	</object>
	<object>
		<name>ref_fork</name>
		<bndbox>
			<xmin>912</xmin>
			<ymin>1438</ymin>
			<xmax>1270</xmax>
			<ymax>1608</ymax>
		</bndbox>
	</object>
	<object>
		<name>ref_coin</name>
		<bndbox>
			<xmin>1841</xmin>
			<ymin>349</ymin>
			<xmax>2008</xmax>
			<ymax>509</ymax>
		</bndbox>
	</object>
	<object>
		<name>dish</name>
		<bndbox>
			<xmin>919</xmin>
			<ymin>292</ymin>
			<xmax>1930</xmax>
			<ymax>1296</ymax>
		</bndbox>
	</object>
	<object>
		<name>닭볶음탕</name>
		<bndbox>
			<xmin>1061</xmin>
			<ymin>487</ymin>
			<xmax>1816</xmax>
			<ymax>1193</ymax>
		</bndbox>
	</object>
</annotation>