<annotation>
	<folder>top건더기국류냄비닭볶음탕q3</folder>
	<filename>top_건더기국류_냄비_닭볶음탕_Q3_00025.JPG</filename>
	<path>/top건더기국류냄비닭볶음탕q3/top_건더기국류_냄비_닭볶음탕_Q3_00025.JPG</path>
	<source>
		<database>fooddata</database>
	</source>
	<size>
		<width>3008</width>
		<height>2000</height>
		<depth>3</depth>
	</size>
	<object>
		<name>ref_spoon</name>
		<bndbox>
			<xmin>738</xmin>
			<ymin>1608</ymin>
			<xmax>1110</xmax>
			<ymax>1896</ymax>
		</bndbox>
	</object>
	<object>
		<name>ref_fork</name>
		<bndbox>
			<xmin>823</xmin>
			<ymin>1399</ymin>
			<xmax>1217</xmax>
			<ymax>1601</ymax>
		</bndbox>
	</object>
	<object>
		<name>ref_coin</name>
		<bndbox>
			<xmin>709</xmin>
			<ymin>356</ymin>
			<xmax>897</xmax>
			<ymax>523</ymax>
		</bndbox>
	</object>
	<object>
		<name>dish</name>
		<bndbox>
			<xmin>958</xmin>
			<ymin>69</ymin>
			<xmax>2075</xmax>
			<ymax>1137</ymax>
		</bndbox>
	</object>
	<object>
		<name>닭볶음탕</name>
		<bndbox>
			<xmin>1107</xmin>
			<ymin>275</ymin>
			<xmax>1887</xmax>
			<ymax>1048</ymax>
		</bndbox>
	</object>
</annotation>