<annotation>
	<folder>top건더기국류냄비닭볶음탕q3</folder>
	<filename>top_건더기국류_냄비_닭볶음탕_Q3_00005.JPG</filename>
	<path>/top건더기국류냄비닭볶음탕q3/top_건더기국류_냄비_닭볶음탕_Q3_00005.JPG</path>
	<source>
		<database>fooddata</database>
	</source>
	<size>
		<width>3008</width>
		<height>2000</height>
		<depth>3</depth>
	</size>
	<object>
		<name>ref_spoon</name>
		<bndbox>
			<xmin>1990</xmin>
			<ymin>370</ymin>
			<xmax>2267</xmax>
			<ymax>757</ymax>
		</bndbox>
	</object>
	<object>
		<name>ref_fork</name>
		<bndbox>
			<xmin>2302</xmin>
			<ymin>477</ymin>
			<xmax>2515</xmax>
			<ymax>899</ymax>
		</bndbox>
	</object>
	<object>
		<name>ref_coin</name>
		<bndbox>
			<xmin>270</xmin>
			<ymin>1172</ymin>
			<xmax>497</xmax>
			<ymax>1385</ymax>
		</bndbox>
	</object>
	<object>
		<name>dish</name>
		<bndbox>
			<xmin>529</xmin>
			<ymin>218</ymin>
			<xmax>1859</xmax>
			<ymax>1505</ymax>
		</bndbox>
	</object>
	<object>
		<name>닭볶음탕</name>
		<bndbox>
			<xmin>745</xmin>
			<ymin>463</ymin>
			<xmax>1674</xmax>
			<ymax>1367</ymax>
		</bndbox>
	</object>
</annotation>