<annotation>
	<folder>top건더기국류냄비닭볶음탕q3</folder>
	<filename>top_건더기국류_냄비_닭볶음탕_Q3_00003.JPG</filename>
	<path>/top건더기국류냄비닭볶음탕q3/top_건더기국류_냄비_닭볶음탕_Q3_00003.JPG</path>
	<source>
		<database>fooddata</database>
	</source>
	<size>
		<width>3008</width>
		<height>2000</height>
		<depth>3</depth>
	</size>
	<object>
		<name>ref_spoon</name>
		<bndbox>
			<xmin>2018</xmin>
			<ymin>246</ymin>
			<xmax>2291</xmax>
			<ymax>626</ymax>
		</bndbox>
	</object>
	<object>
		<name>ref_fork</name>
		<bndbox>
			<xmin>2327</xmin>
			<ymin>360</ymin>
			<xmax>2547</xmax>
			<ymax>768</ymax>
		</bndbox>
	</object>
	<object>
		<name>ref_coin</name>
		<bndbox>
			<xmin>866</xmin>
			<ymin>1509</ymin>
			<xmax>1085</xmax>
			<ymax>1732</ymax>
		</bndbox>
	</object>
	<object>
		<name>dish</name>
		<bndbox>
			<xmin>447</xmin>
			<ymin>172</ymin>
			<xmax>1777</xmax>
			<ymax>1474</ymax>
		</bndbox>
	</object>
	<object>
		<name>닭볶음탕</name>
		<bndbox>
			<xmin>685</xmin>
			<ymin>470</ymin>
			<xmax>1603</xmax>
			<ymax>1303</ymax>
		</bndbox>
	</object>
</annotation>