<annotation>
	<folder>side볶음밥류사각배달새우볶음밥q5</folder>
	<filename>side_볶음밥류_사각배달_새우볶음밥_Q5_00016.JPG</filename>
	<path>/side볶음밥류사각배달새우볶음밥q5/side_볶음밥류_사각배달_새우볶음밥_Q5_00016.JPG</path>
	<source>
		<database>fooddata</database>
	</source>
	<size>
		<width>3008</width>
		<height>2000</height>
		<depth>3</depth>
	</size>
	<object>
		<name>ref_spoon</name>
		<bndbox>
			<xmin>1997</xmin>
			<ymin>370</ymin>
			<xmax>2289</xmax>
			<ymax>785</ymax>
		</bndbox>
	</object>
	<object>
		<name>ref_fork</name>
		<bndbox>
			<xmin>2487</xmin>
			<ymin>367</ymin>
			<xmax>2698</xmax>
			<ymax>811</ymax>
		</bndbox>
	</object>
	<object>
		<name>ref_coin</name>
		<bndbox>
			<xmin>1352</xmin>
			<ymin>1640</ymin>
			<xmax>1589</xmax>
			<ymax>1813</ymax>
		</bndbox>
	</object>
	<object>
		<name>dish</name>
		<bndbox>
			<xmin>193</xmin>
			<ymin>171</ymin>
			<xmax>1935</xmax>
			<ymax>1447</ymax>
		</bndbox>
	</object>
	<object>
		<name>새우볶음밥</name>
		<bndbox>
			<xmin>338</xmin>
			<ymin>367</ymin>
			<xmax>1798</xmax>
			<ymax>1153</ymax>
		</bndbox>
	</object>
</annotation>