<annotation>
	<folder>side볶음밥류사각배달새우볶음밥q5</folder>
	<filename>side_볶음밥류_사각배달_새우볶음밥_Q5_00003.JPG</filename>
	<path>/side볶음밥류사각배달새우볶음밥q5/side_볶음밥류_사각배달_새우볶음밥_Q5_00003.JPG</path>
	<source>
		<database>fooddata</database>
	</source>
	<size>
		<width>3008</width>
		<height>2000</height>
		<depth>3</depth>
	</size>
	<object>
		<name>ref_spoon</name>
		<bndbox>
			<xmin>1998</xmin>
			<ymin>457</ymin>
			<xmax>2280</xmax>
			<ymax>865</ymax>
		</bndbox>
	</object>
	<object>
		<name>ref_fork</name>
		<bndbox>
			<xmin>2433</xmin>
			<ymin>449</ymin>
			<xmax>2648</xmax>
			<ymax>912</ymax>
		</bndbox>
	</object>
	<object>
		<name>ref_coin</name>
		<bndbox>
			<xmin>177</xmin>
			<ymin>1245</ymin>
			<xmax>414</xmax>
			<ymax>1416</ymax>
		</bndbox>
	</object>
	<object>
		<name>dish</name>
		<bndbox>
			<xmin>721</xmin>
			<ymin>371</ymin>
			<xmax>2044</xmax>
			<ymax>1672</ymax>
		</bndbox>
	</object>
	<object>
		<name>새우볶음밥</name>
		<bndbox>
			<xmin>813</xmin>
			<ymin>563</ymin>
			<xmax>1915</xmax>
			<ymax>1387</ymax>
		</bndbox>
	</object>
</annotation>