<annotation>
	<folder>side볶음밥류사각배달새우볶음밥q5</folder>
	<filename>side_볶음밥류_사각배달_새우볶음밥_Q5_00035.JPG</filename>
	<path>/side볶음밥류사각배달새우볶음밥q5/side_볶음밥류_사각배달_새우볶음밥_Q5_00035.JPG</path>
	<source>
		<database>fooddata</database>
	</source>
	<size>
		<width>3008</width>
		<height>2000</height>
		<depth>3</depth>
	</size>
	<object>
		<name>ref_spoon</name>
		<bndbox>
			<xmin>217</xmin>
			<ymin>582</ymin>
			<xmax>497</xmax>
			<ymax>985</ymax>
		</bndbox>
	</object>
	<object>
		<name>ref_fork</name>
		<bndbox>
			<xmin>634</xmin>
			<ymin>587</ymin>
			<xmax>815</xmax>
			<ymax>1025</ymax>
		</bndbox>
	</object>
	<object>
		<name>ref_coin</name>
		<bndbox>
			<xmin>1432</xmin>
			<ymin>1634</ymin>
			<xmax>1650</xmax>
			<ymax>1797</ymax>
		</bndbox>
	</object>
	<object>
		<name>dish</name>
		<bndbox>
			<xmin>1053</xmin>
			<ymin>528</ymin>
			<xmax>2597</xmax>
			<ymax>1414</ymax>
		</bndbox>
	</object>
	<object>
		<name>새우볶음밥</name>
		<bndbox>
			<xmin>1142</xmin>
			<ymin>626</ymin>
			<xmax>2483</xmax>
			<ymax>1160</ymax>
		</bndbox>
	</object>
</annotation>