<annotation>
	<folder>side볶음밥류사각배달새우볶음밥q5</folder>
	<filename>side_볶음밥류_사각배달_새우볶음밥_Q5_00025.JPG</filename>
	<path>/side볶음밥류사각배달새우볶음밥q5/side_볶음밥류_사각배달_새우볶음밥_Q5_00025.JPG</path>
	<source>
		<database>fooddata</database>
	</source>
	<size>
		<width>3008</width>
		<height>2000</height>
		<depth>3</depth>
	</size>
	<object>
		<name>ref_spoon</name>
		<bndbox>
			<xmin>627</xmin>
			<ymin>1424</ymin>
			<xmax>1102</xmax>
			<ymax>1666</ymax>
		</bndbox>
	</object>
	<object>
		<name>ref_fork</name>
		<bndbox>
			<xmin>707</xmin>
			<ymin>1179</ymin>
			<xmax>1192</xmax>
			<ymax>1423</ymax>
		</bndbox>
	</object>
	<object>
		<name>ref_coin</name>
		<bndbox>
			<xmin>1522</xmin>
			<ymin>210</ymin>
			<xmax>1686</xmax>
			<ymax>313</ymax>
		</bndbox>
	</object>
	<object>
		<name>dish</name>
		<bndbox>
			<xmin>906</xmin>
			<ymin>269</ymin>
			<xmax>2283</xmax>
			<ymax>1192</ymax>
		</bndbox>
	</object>
	<object>
		<name>새우볶음밥</name>
		<bndbox>
			<xmin>995</xmin>
			<ymin>427</ymin>
			<xmax>2167</xmax>
			<ymax>954</ymax>
		</bndbox>
	</object>
</annotation>