<annotation>
	<folder>side볶음밥류사각배달새우볶음밥q5</folder>
	<filename>side_볶음밥류_사각배달_새우볶음밥_Q5_00008.JPG</filename>
	<path>/side볶음밥류사각배달새우볶음밥q5/side_볶음밥류_사각배달_새우볶음밥_Q5_00008.JPG</path>
	<source>
		<database>fooddata</database>
	</source>
	<size>
		<width>3008</width>
		<height>2000</height>
		<depth>3</depth>
	</size>
	<object>
		<name>ref_spoon</name>
		<bndbox>
			<xmin>2057</xmin>
			<ymin>375</ymin>
			<xmax>2344</xmax>
			<ymax>778</ymax>
		</bndbox>
	</object>
	<object>
		<name>ref_fork</name>
		<bndbox>
			<xmin>2498</xmin>
			<ymin>361</ymin>
			<xmax>2718</xmax>
			<ymax>801</ymax>
		</bndbox>
	</object>
	<object>
		<name>ref_coin</name>
		<bndbox>
			<xmin>1214</xmin>
			<ymin>289</ymin>
			<xmax>1428</xmax>
			<ymax>421</ymax>
		</bndbox>
	</object>
	<object>
		<name>dish</name>
		<bndbox>
			<xmin>212</xmin>
			<ymin>373</ymin>
			<xmax>1986</xmax>
			<ymax>1600</ymax>
		</bndbox>
	</object>
	<object>
		<name>새우볶음밥</name>
		<bndbox>
			<xmin>336</xmin>
			<ymin>557</ymin>
			<xmax>1830</xmax>
			<ymax>1318</ymax>
		</bndbox>
	</object>
</annotation>