<annotation>
	<folder>side볶음밥류사각배달새우볶음밥q5</folder>
	<filename>side_볶음밥류_사각배달_새우볶음밥_Q5_00002.JPG</filename>
	<path>/side볶음밥류사각배달새우볶음밥q5/side_볶음밥류_사각배달_새우볶음밥_Q5_00002.JPG</path>
	<source>
		<database>fooddata</database>
	</source>
	<size>
		<width>3008</width>
		<height>2000</height>
		<depth>3</depth>
	</size>
	<object>
		<name>ref_spoon</name>
		<bndbox>
			<xmin>2006</xmin>
			<ymin>366</ymin>
			<xmax>2293</xmax>
			<ymax>771</ymax>
		</bndbox>
	</object>
	<object>
		<name>ref_fork</name>
		<bndbox>
			<xmin>2446</xmin>
			<ymin>357</ymin>
			<xmax>2656</xmax>
			<ymax>821</ymax>
		</bndbox>
	</object>
	<object>
		<name>ref_coin</name>
		<bndbox>
			<xmin>381</xmin>
			<ymin>1349</ymin>
			<xmax>626</xmax>
			<ymax>1523</ymax>
		</bndbox>
	</object>
	<object>
		<name>dish</name>
		<bndbox>
			<xmin>429</xmin>
			<ymin>169</ymin>
			<xmax>2051</xmax>
			<ymax>1507</ymax>
		</bndbox>
	</object>
	<object>
		<name>새우볶음밥</name>
		<bndbox>
			<xmin>585</xmin>
			<ymin>364</ymin>
			<xmax>1906</xmax>
			<ymax>1228</ymax>
		</bndbox>
	</object>
</annotation>