<annotation>
	<folder>side볶음밥류사각배달새우볶음밥q5</folder>
	<filename>side_볶음밥류_사각배달_새우볶음밥_Q5_00053.JPG</filename>
	<path>/side볶음밥류사각배달새우볶음밥q5/side_볶음밥류_사각배달_새우볶음밥_Q5_00053.JPG</path>
	<source>
		<database>fooddata</database>
	</source>
	<size>
		<width>3008</width>
		<height>2000</height>
		<depth>3</depth>
	</size>
	<object>
		<name>ref_spoon</name>
		<bndbox>
			<xmin>207</xmin>
			<ymin>429</ymin>
			<xmax>502</xmax>
			<ymax>858</ymax>
		</bndbox>
	</object>
	<object>
		<name>ref_fork</name>
		<bndbox>
			<xmin>650</xmin>
			<ymin>426</ymin>
			<xmax>847</xmax>
			<ymax>915</ymax>
		</bndbox>
	</object>
	<object>
		<name>ref_coin</name>
		<bndbox>
			<xmin>2291</xmin>
			<ymin>1538</ymin>
			<xmax>2522</xmax>
			<ymax>1709</ymax>
		</bndbox>
	</object>
	<object>
		<name>dish</name>
		<bndbox>
			<xmin>1049</xmin>
			<ymin>354</ymin>
			<xmax>2699</xmax>
			<ymax>1298</ymax>
		</bndbox>
	</object>
	<object>
		<name>새우볶음밥</name>
		<bndbox>
			<xmin>1150</xmin>
			<ymin>476</ymin>
			<xmax>2569</xmax>
			<ymax>1017</ymax>
		</bndbox>
	</object>
</annotation>