<annotation>
	<folder>side볶음밥류사각배달새우볶음밥q5</folder>
	<filename>side_볶음밥류_사각배달_새우볶음밥_Q5_00006.JPG</filename>
	<path>/side볶음밥류사각배달새우볶음밥q5/side_볶음밥류_사각배달_새우볶음밥_Q5_00006.JPG</path>
	<source>
		<database>fooddata</database>
	</source>
	<size>
		<width>3008</width>
		<height>2000</height>
		<depth>3</depth>
	</size>
	<object>
		<name>ref_spoon</name>
		<bndbox>
			<xmin>1984</xmin>
			<ymin>571</ymin>
			<xmax>2269</xmax>
			<ymax>978</ymax>
		</bndbox>
	</object>
	<object>
		<name>ref_fork</name>
		<bndbox>
			<xmin>2422</xmin>
			<ymin>561</ymin>
			<xmax>2638</xmax>
			<ymax>1008</ymax>
		</bndbox>
	</object>
	<object>
		<name>ref_coin</name>
		<bndbox>
			<xmin>499</xmin>
			<ymin>521</ymin>
			<xmax>699</xmax>
			<ymax>660</ymax>
		</bndbox>
	</object>
	<object>
		<name>dish</name>
		<bndbox>
			<xmin>167</xmin>
			<ymin>612</ymin>
			<xmax>1964</xmax>
			<ymax>1829</ymax>
		</bndbox>
	</object>
	<object>
		<name>새우볶음밥</name>
		<bndbox>
			<xmin>316</xmin>
			<ymin>764</ymin>
			<xmax>1803</xmax>
			<ymax>1543</ymax>
		</bndbox>
	</object>
</annotation>