<annotation>
	<folder>top볶음밥류사각배달새우볶음밥q5</folder>
	<filename>top_볶음밥류_사각배달_새우볶음밥_Q5_00012.JPG</filename>
	<path>/top볶음밥류사각배달새우볶음밥q5/top_볶음밥류_사각배달_새우볶음밥_Q5_00012.JPG</path>
	<source>
		<database>fooddata</database>
	</source>
	<size>
		<width>3008</width>
		<height>2000</height>
		<depth>3</depth>
	</size>
	<object>
		<name>ref_spoon</name>
		<bndbox>
			<xmin>1762</xmin>
			<ymin>408</ymin>
			<xmax>1982</xmax>
			<ymax>755</ymax>
		</bndbox>
	</object>
	<object>
		<name>ref_fork</name>
		<bndbox>
			<xmin>2059</xmin>
			<ymin>416</ymin>
			<xmax>2198</xmax>
			<ymax>786</ymax>
		</bndbox>
	</object>
	<object>
		<name>ref_coin</name>
		<bndbox>
			<xmin>1519</xmin>
			<ymin>119</ymin>
			<xmax>1674</xmax>
			<ymax>270</ymax>
		</bndbox>
	</object>
	<object>
		<name>dish</name>
		<bndbox>
			<xmin>175</xmin>
			<ymin>493</ymin>
			<xmax>1558</xmax>
			<ymax>1830</ymax>
		</bndbox>
	</object>
	<object>
		<name>새우볶음밥</name>
		<bndbox>
			<xmin>336</xmin>
			<ymin>628</ymin>
			<xmax>1473</xmax>
			<ymax>1738</ymax>
		</bndbox>
	</object>
</annotation>