<annotation>
	<folder>top볶음밥류사각배달새우볶음밥q5</folder>
	<filename>top_볶음밥류_사각배달_새우볶음밥_Q5_00023.JPG</filename>
	<path>/top볶음밥류사각배달새우볶음밥q5/top_볶음밥류_사각배달_새우볶음밥_Q5_00023.JPG</path>
	<source>
		<database>fooddata</database>
	</source>
	<size>
		<width>3008</width>
		<height>2000</height>
		<depth>3</depth>
	</size>
	<object>
		<name>ref_spoon</name>
		<bndbox>
			<xmin>533</xmin>
			<ymin>1622</ymin>
			<xmax>922</xmax>
			<ymax>1873</ymax>
		</bndbox>
	</object>
	<object>
		<name>ref_fork</name>
		<bndbox>
			<xmin>664</xmin>
			<ymin>1395</ymin>
			<xmax>1072</xmax>
			<ymax>1553</ymax>
		</bndbox>
	</object>
	<object>
		<name>ref_coin</name>
		<bndbox>
			<xmin>2028</xmin>
			<ymin>551</ymin>
			<xmax>2182</xmax>
			<ymax>701</ymax>
		</bndbox>
	</object>
	<object>
		<name>dish</name>
		<bndbox>
			<xmin>664</xmin>
			<ymin>58</ymin>
			<xmax>1808</xmax>
			<ymax>1295</ymax>
		</bndbox>
	</object>
	<object>
		<name>새우볶음밥</name>
		<bndbox>
			<xmin>795</xmin>
			<ymin>181</ymin>
			<xmax>1712</xmax>
			<ymax>1229</ymax>
		</bndbox>
	</object>
</annotation>