<annotation>
	<folder>top볶음밥류사각배달새우볶음밥q5</folder>
	<filename>top_볶음밥류_사각배달_새우볶음밥_Q5_00015.JPG</filename>
	<path>/top볶음밥류사각배달새우볶음밥q5/top_볶음밥류_사각배달_새우볶음밥_Q5_00015.JPG</path>
	<source>
		<database>fooddata</database>
	</source>
	<size>
		<width>3008</width>
		<height>2000</height>
		<depth>3</depth>
	</size>
	<object>
		<name>ref_spoon</name>
		<bndbox>
			<xmin>1847</xmin>
			<ymin>266</ymin>
			<xmax>2101</xmax>
			<ymax>678</ymax>
		</bndbox>
	</object>
	<object>
		<name>ref_fork</name>
		<bndbox>
			<xmin>2198</xmin>
			<ymin>285</ymin>
			<xmax>2356</xmax>
			<ymax>721</ymax>
		</bndbox>
	</object>
	<object>
		<name>ref_coin</name>
		<bndbox>
			<xmin>2544</xmin>
			<ymin>721</ymin>
			<xmax>2737</xmax>
			<ymax>906</ymax>
		</bndbox>
	</object>
	<object>
		<name>dish</name>
		<bndbox>
			<xmin>36</xmin>
			<ymin>293</ymin>
			<xmax>1670</xmax>
			<ymax>1811</ymax>
		</bndbox>
	</object>
	<object>
		<name>새우볶음밥</name>
		<bndbox>
			<xmin>201</xmin>
			<ymin>459</ymin>
			<xmax>1550</xmax>
			<ymax>1707</ymax>
		</bndbox>
	</object>
</annotation>