<annotation>
	<folder>top볶음밥류사각배달새우볶음밥q5</folder>
	<filename>top_볶음밥류_사각배달_새우볶음밥_Q5_00017.JPG</filename>
	<path>/top볶음밥류사각배달새우볶음밥q5/top_볶음밥류_사각배달_새우볶음밥_Q5_00017.JPG</path>
	<source>
		<database>fooddata</database>
	</source>
	<size>
		<width>3008</width>
		<height>2000</height>
		<depth>3</depth>
	</size>
	<object>
		<name>ref_spoon</name>
		<bndbox>
			<xmin>1901</xmin>
			<ymin>270</ymin>
			<xmax>2163</xmax>
			<ymax>674</ymax>
		</bndbox>
	</object>
	<object>
		<name>ref_fork</name>
		<bndbox>
			<xmin>2240</xmin>
			<ymin>285</ymin>
			<xmax>2413</xmax>
			<ymax>717</ymax>
		</bndbox>
	</object>
	<object>
		<name>ref_coin</name>
		<bndbox>
			<xmin>2645</xmin>
			<ymin>1233</ymin>
			<xmax>2841</xmax>
			<ymax>1422</ymax>
		</bndbox>
	</object>
	<object>
		<name>dish</name>
		<bndbox>
			<xmin>425</xmin>
			<ymin>197</ymin>
			<xmax>1535</xmax>
			<ymax>1696</ymax>
		</bndbox>
	</object>
	<object>
		<name>새우볶음밥</name>
		<bndbox>
			<xmin>552</xmin>
			<ymin>355</ymin>
			<xmax>1442</xmax>
			<ymax>1615</ymax>
		</bndbox>
	</object>
</annotation>