<annotation>
	<folder>top볶음밥류사각배달새우볶음밥q5</folder>
	<filename>top_볶음밥류_사각배달_새우볶음밥_Q5_00031.JPG</filename>
	<path>/top볶음밥류사각배달새우볶음밥q5/top_볶음밥류_사각배달_새우볶음밥_Q5_00031.JPG</path>
	<source>
		<database>fooddata</database>
	</source>
	<size>
		<width>3008</width>
		<height>2000</height>
		<depth>3</depth>
	</size>
	<object>
		<name>ref_spoon</name>
		<bndbox>
			<xmin>402</xmin>
			<ymin>1642</ymin>
			<xmax>818</xmax>
			<ymax>1904</ymax>
		</bndbox>
	</object>
	<object>
		<name>ref_fork</name>
		<bndbox>
			<xmin>548</xmin>
			<ymin>1395</ymin>
			<xmax>968</xmax>
			<ymax>1561</ymax>
		</bndbox>
	</object>
	<object>
		<name>ref_coin</name>
		<bndbox>
			<xmin>383</xmin>
			<ymin>378</ymin>
			<xmax>552</xmax>
			<ymax>536</ymax>
		</bndbox>
	</object>
	<object>
		<name>dish</name>
		<bndbox>
			<xmin>629</xmin>
			<ymin>77</ymin>
			<xmax>1924</xmax>
			<ymax>1395</ymax>
		</bndbox>
	</object>
	<object>
		<name>새우볶음밥</name>
		<bndbox>
			<xmin>741</xmin>
			<ymin>224</ymin>
			<xmax>1805</xmax>
			<ymax>1329</ymax>
		</bndbox>
	</object>
</annotation>