<annotation>
	<folder>top볶음밥류사각배달새우볶음밥q5</folder>
	<filename>top_볶음밥류_사각배달_새우볶음밥_Q5_00025.JPG</filename>
	<path>/top볶음밥류사각배달새우볶음밥q5/top_볶음밥류_사각배달_새우볶음밥_Q5_00025.JPG</path>
	<source>
		<database>fooddata</database>
	</source>
	<size>
		<width>3008</width>
		<height>2000</height>
		<depth>3</depth>
	</size>
	<object>
		<name>ref_spoon</name>
		<bndbox>
			<xmin>525</xmin>
			<ymin>1611</ymin>
			<xmax>914</xmax>
			<ymax>1865</ymax>
		</bndbox>
	</object>
	<object>
		<name>ref_fork</name>
		<bndbox>
			<xmin>656</xmin>
			<ymin>1383</ymin>
			<xmax>1076</xmax>
			<ymax>1549</ymax>
		</bndbox>
	</object>
	<object>
		<name>ref_coin</name>
		<bndbox>
			<xmin>1828</xmin>
			<ymin>235</ymin>
			<xmax>1978</xmax>
			<ymax>374</ymax>
		</bndbox>
	</object>
	<object>
		<name>dish</name>
		<bndbox>
			<xmin>699</xmin>
			<ymin>50</ymin>
			<xmax>1704</xmax>
			<ymax>1268</ymax>
		</bndbox>
	</object>
	<object>
		<name>새우볶음밥</name>
		<bndbox>
			<xmin>841</xmin>
			<ymin>212</ymin>
			<xmax>1635</xmax>
			<ymax>1202</ymax>
		</bndbox>
	</object>
</annotation>