<annotation>
	<folder>top볶음밥류사각배달새우볶음밥q5</folder>
	<filename>top_볶음밥류_사각배달_새우볶음밥_Q5_00046.JPG</filename>
	<path>/top볶음밥류사각배달새우볶음밥q5/top_볶음밥류_사각배달_새우볶음밥_Q5_00046.JPG</path>
	<source>
		<database>fooddata</database>
	</source>
	<size>
		<width>3008</width>
		<height>2000</height>
		<depth>3</depth>
	</size>
	<object>
		<name>ref_spoon</name>
		<bndbox>
			<xmin>614</xmin>
			<ymin>146</ymin>
			<xmax>880</xmax>
			<ymax>555</ymax>
		</bndbox>
	</object>
	<object>
		<name>ref_fork</name>
		<bndbox>
			<xmin>953</xmin>
			<ymin>250</ymin>
			<xmax>1126</xmax>
			<ymax>701</ymax>
		</bndbox>
	</object>
	<object>
		<name>ref_coin</name>
		<bndbox>
			<xmin>263</xmin>
			<ymin>825</ymin>
			<xmax>460</xmax>
			<ymax>1010</ymax>
		</bndbox>
	</object>
	<object>
		<name>dish</name>
		<bndbox>
			<xmin>1257</xmin>
			<ymin>170</ymin>
			<xmax>2309</xmax>
			<ymax>1622</ymax>
		</bndbox>
	</object>
	<object>
		<name>새우볶음밥</name>
		<bndbox>
			<xmin>1338</xmin>
			<ymin>304</ymin>
			<xmax>2209</xmax>
			<ymax>1541</ymax>
		</bndbox>
	</object>
</annotation>