<annotation>
	<folder>top볶음밥류사각배달새우볶음밥q5</folder>
	<filename>top_볶음밥류_사각배달_새우볶음밥_Q5_00043.JPG</filename>
	<path>/top볶음밥류사각배달새우볶음밥q5/top_볶음밥류_사각배달_새우볶음밥_Q5_00043.JPG</path>
	<source>
		<database>fooddata</database>
	</source>
	<size>
		<width>3008</width>
		<height>2000</height>
		<depth>3</depth>
	</size>
	<object>
		<name>ref_spoon</name>
		<bndbox>
			<xmin>525</xmin>
			<ymin>146</ymin>
			<xmax>795</xmax>
			<ymax>555</ymax>
		</bndbox>
	</object>
	<object>
		<name>ref_fork</name>
		<bndbox>
			<xmin>872</xmin>
			<ymin>254</ymin>
			<xmax>1049</xmax>
			<ymax>705</ymax>
		</bndbox>
	</object>
	<object>
		<name>ref_coin</name>
		<bndbox>
			<xmin>313</xmin>
			<ymin>1507</ymin>
			<xmax>510</xmax>
			<ymax>1707</ymax>
		</bndbox>
	</object>
	<object>
		<name>dish</name>
		<bndbox>
			<xmin>1165</xmin>
			<ymin>181</ymin>
			<xmax>2228</xmax>
			<ymax>1634</ymax>
		</bndbox>
	</object>
	<object>
		<name>새우볶음밥</name>
		<bndbox>
			<xmin>1257</xmin>
			<ymin>304</ymin>
			<xmax>2117</xmax>
			<ymax>1549</ymax>
		</bndbox>
	</object>
</annotation>