<annotation>
	<folder>side육류부피원형배달라볶이q1</folder>
	<filename>side_육류부피_원형배달_라볶이_Q1_00020.JPG</filename>
	<path>/side육류부피원형배달라볶이q1/side_육류부피_원형배달_라볶이_Q1_00020.JPG</path>
	<source>
		<database>fooddata</database>
	</source>
	<size>
		<width>3008</width>
		<height>2000</height>
		<depth>3</depth>
	</size>
	<object>
		<name>ref_spoon</name>
		<bndbox>
			<xmin>185</xmin>
			<ymin>1400</ymin>
			<xmax>750</xmax>
			<ymax>1710</ymax>
		</bndbox>
	</object>
	<object>
		<name>ref_fork</name>
		<bndbox>
			<xmin>337</xmin>
			<ymin>1086</ymin>
			<xmax>971</xmax>
			<ymax>1376</ymax>
		</bndbox>
	</object>
	<object>
		<name>ref_coin</name>
		<bndbox>
			<xmin>2096</xmin>
			<ymin>430</ymin>
			<xmax>2337</xmax>
			<ymax>604</ymax>
		</bndbox>
	</object>
	<object>
		<name>dish</name>
		<bndbox>
			<xmin>782</xmin>
			<ymin>59</ymin>
			<xmax>1831</xmax>
			<ymax>1086</ymax>
		</bndbox>
	</object>
	<object>
		<name>라볶이</name>
		<bndbox>
			<xmin>1000</xmin>
			<ymin>459</ymin>
			<xmax>1651</xmax>
			<ymax>725</ymax>
		</bndbox>
	</object>
</annotation>