<annotation>
	<folder>side육류부피원형배달라볶이q1</folder>
	<filename>side_육류부피_원형배달_라볶이_Q1_00031.JPG</filename>
	<path>/side육류부피원형배달라볶이q1/side_육류부피_원형배달_라볶이_Q1_00031.JPG</path>
	<source>
		<database>fooddata</database>
	</source>
	<size>
		<width>3008</width>
		<height>2000</height>
		<depth>3</depth>
	</size>
	<object>
		<name>ref_spoon</name>
		<bndbox>
			<xmin>428</xmin>
			<ymin>1278</ymin>
			<xmax>944</xmax>
			<ymax>1575</ymax>
		</bndbox>
	</object>
	<object>
		<name>ref_fork</name>
		<bndbox>
			<xmin>573</xmin>
			<ymin>1000</ymin>
			<xmax>1133</xmax>
			<ymax>1270</ymax>
		</bndbox>
	</object>
	<object>
		<name>ref_coin</name>
		<bndbox>
			<xmin>1003</xmin>
			<ymin>1604</ymin>
			<xmax>1256</xmax>
			<ymax>1811</ymax>
		</bndbox>
	</object>
	<object>
		<name>dish</name>
		<bndbox>
			<xmin>949</xmin>
			<ymin>93</ymin>
			<xmax>1902</xmax>
			<ymax>1027</ymax>
		</bndbox>
	</object>
	<object>
		<name>라볶이</name>
		<bndbox>
			<xmin>1025</xmin>
			<ymin>383</ymin>
			<xmax>1634</xmax>
			<ymax>708</ymax>
		</bndbox>
	</object>
</annotation>