<annotation>
	<folder>side육류부피원형배달라볶이q1</folder>
	<filename>side_육류부피_원형배달_라볶이_Q1_00027.JPG</filename>
	<path>/side육류부피원형배달라볶이q1/side_육류부피_원형배달_라볶이_Q1_00027.JPG</path>
	<source>
		<database>fooddata</database>
	</source>
	<size>
		<width>3008</width>
		<height>2000</height>
		<depth>3</depth>
	</size>
	<object>
		<name>ref_spoon</name>
		<bndbox>
			<xmin>391</xmin>
			<ymin>1459</ymin>
			<xmax>961</xmax>
			<ymax>1781</ymax>
		</bndbox>
	</object>
	<object>
		<name>ref_fork</name>
		<bndbox>
			<xmin>546</xmin>
			<ymin>1152</ymin>
			<xmax>1155</xmax>
			<ymax>1442</ymax>
		</bndbox>
	</object>
	<object>
		<name>ref_coin</name>
		<bndbox>
			<xmin>447</xmin>
			<ymin>939</ymin>
			<xmax>703</xmax>
			<ymax>1130</ymax>
		</bndbox>
	</object>
	<object>
		<name>dish</name>
		<bndbox>
			<xmin>1013</xmin>
			<ymin>174</ymin>
			<xmax>2081</xmax>
			<ymax>1231</ymax>
		</bndbox>
	</object>
	<object>
		<name>라볶이</name>
		<bndbox>
			<xmin>1271</xmin>
			<ymin>447</ymin>
			<xmax>1976</xmax>
			<ymax>857</ymax>
		</bndbox>
	</object>
</annotation>