<annotation>
	<folder>side육류부피원형배달라볶이q1</folder>
	<filename>side_육류부피_원형배달_라볶이_Q1_00024.JPG</filename>
	<path>/side육류부피원형배달라볶이q1/side_육류부피_원형배달_라볶이_Q1_00024.JPG</path>
	<source>
		<database>fooddata</database>
	</source>
	<size>
		<width>3008</width>
		<height>2000</height>
		<depth>3</depth>
	</size>
	<object>
		<name>ref_spoon</name>
		<bndbox>
			<xmin>371</xmin>
			<ymin>1582</ymin>
			<xmax>954</xmax>
			<ymax>1902</ymax>
		</bndbox>
	</object>
	<object>
		<name>ref_fork</name>
		<bndbox>
			<xmin>524</xmin>
			<ymin>1270</ymin>
			<xmax>1140</xmax>
			<ymax>1560</ymax>
		</bndbox>
	</object>
	<object>
		<name>ref_coin</name>
		<bndbox>
			<xmin>705</xmin>
			<ymin>209</ymin>
			<xmax>946</xmax>
			<ymax>366</ymax>
		</bndbox>
	</object>
	<object>
		<name>dish</name>
		<bndbox>
			<xmin>1086</xmin>
			<ymin>238</ymin>
			<xmax>2153</xmax>
			<ymax>1287</ymax>
		</bndbox>
	</object>
	<object>
		<name>라볶이</name>
		<bndbox>
			<xmin>1167</xmin>
			<ymin>572</ymin>
			<xmax>1860</xmax>
			<ymax>934</ymax>
		</bndbox>
	</object>
</annotation>