<annotation>
	<folder>side육류부피원형배달라볶이q1</folder>
	<filename>side_육류부피_원형배달_라볶이_Q1_00018.JPG</filename>
	<path>/side육류부피원형배달라볶이q1/side_육류부피_원형배달_라볶이_Q1_00018.JPG</path>
	<source>
		<database>fooddata</database>
	</source>
	<size>
		<width>3008</width>
		<height>2000</height>
		<depth>3</depth>
	</size>
	<object>
		<name>ref_spoon</name>
		<bndbox>
			<xmin>263</xmin>
			<ymin>1538</ymin>
			<xmax>833</xmax>
			<ymax>1857</ymax>
		</bndbox>
	</object>
	<object>
		<name>ref_fork</name>
		<bndbox>
			<xmin>423</xmin>
			<ymin>1233</ymin>
			<xmax>1035</xmax>
			<ymax>1521</ymax>
		</bndbox>
	</object>
	<object>
		<name>ref_coin</name>
		<bndbox>
			<xmin>1873</xmin>
			<ymin>953</ymin>
			<xmax>2126</xmax>
			<ymax>1152</ymax>
		</bndbox>
	</object>
	<object>
		<name>dish</name>
		<bndbox>
			<xmin>703</xmin>
			<ymin>155</ymin>
			<xmax>1742</xmax>
			<ymax>1192</ymax>
		</bndbox>
	</object>
	<object>
		<name>라볶이</name>
		<bndbox>
			<xmin>988</xmin>
			<ymin>464</ymin>
			<xmax>1664</xmax>
			<ymax>821</ymax>
		</bndbox>
	</object>
</annotation>