<annotation>
	<folder>side육류부피원형배달라볶이q1</folder>
	<filename>side_육류부피_원형배달_라볶이_Q1_00010.JPG</filename>
	<path>/side육류부피원형배달라볶이q1/side_육류부피_원형배달_라볶이_Q1_00010.JPG</path>
	<source>
		<database>fooddata</database>
	</source>
	<size>
		<width>3008</width>
		<height>2000</height>
		<depth>3</depth>
	</size>
	<object>
		<name>ref_spoon</name>
		<bndbox>
			<xmin>2008</xmin>
			<ymin>678</ymin>
			<xmax>2339</xmax>
			<ymax>1125</ymax>
		</bndbox>
	</object>
	<object>
		<name>ref_fork</name>
		<bndbox>
			<xmin>2411</xmin>
			<ymin>681</ymin>
			<xmax>2656</xmax>
			<ymax>1189</ymax>
		</bndbox>
	</object>
	<object>
		<name>ref_coin</name>
		<bndbox>
			<xmin>1907</xmin>
			<ymin>437</ymin>
			<xmax>2150</xmax>
			<ymax>602</ymax>
		</bndbox>
	</object>
	<object>
		<name>dish</name>
		<bndbox>
			<xmin>551</xmin>
			<ymin>560</ymin>
			<xmax>1678</xmax>
			<ymax>1656</ymax>
		</bndbox>
	</object>
	<object>
		<name>라볶이</name>
		<bndbox>
			<xmin>752</xmin>
			<ymin>980</ymin>
			<xmax>1452</xmax>
			<ymax>1283</ymax>
		</bndbox>
	</object>
</annotation>