<annotation>
	<folder>side육류부피원형배달라볶이q1</folder>
	<filename>side_육류부피_원형배달_라볶이_Q1_00019.JPG</filename>
	<path>/side육류부피원형배달라볶이q1/side_육류부피_원형배달_라볶이_Q1_00019.JPG</path>
	<source>
		<database>fooddata</database>
	</source>
	<size>
		<width>3008</width>
		<height>2000</height>
		<depth>3</depth>
	</size>
	<object>
		<name>ref_spoon</name>
		<bndbox>
			<xmin>207</xmin>
			<ymin>1464</ymin>
			<xmax>784</xmax>
			<ymax>1776</ymax>
		</bndbox>
	</object>
	<object>
		<name>ref_fork</name>
		<bndbox>
			<xmin>359</xmin>
			<ymin>1155</ymin>
			<xmax>978</xmax>
			<ymax>1437</ymax>
		</bndbox>
	</object>
	<object>
		<name>ref_coin</name>
		<bndbox>
			<xmin>1973</xmin>
			<ymin>732</ymin>
			<xmax>2217</xmax>
			<ymax>907</ymax>
		</bndbox>
	</object>
	<object>
		<name>dish</name>
		<bndbox>
			<xmin>796</xmin>
			<ymin>113</ymin>
			<xmax>1838</xmax>
			<ymax>1143</ymax>
		</bndbox>
	</object>
	<object>
		<name>라볶이</name>
		<bndbox>
			<xmin>1059</xmin>
			<ymin>462</ymin>
			<xmax>1752</xmax>
			<ymax>776</ymax>
		</bndbox>
	</object>
</annotation>