<annotation>
	<folder>side육류부피원형배달라볶이q1</folder>
	<filename>side_육류부피_원형배달_라볶이_Q1_00005.JPG</filename>
	<path>/side육류부피원형배달라볶이q1/side_육류부피_원형배달_라볶이_Q1_00005.JPG</path>
	<source>
		<database>fooddata</database>
	</source>
	<size>
		<width>3008</width>
		<height>2000</height>
		<depth>3</depth>
	</size>
	<object>
		<name>ref_spoon</name>
		<bndbox>
			<xmin>2148</xmin>
			<ymin>577</ymin>
			<xmax>2489</xmax>
			<ymax>1025</ymax>
		</bndbox>
	</object>
	<object>
		<name>ref_fork</name>
		<bndbox>
			<xmin>2556</xmin>
			<ymin>582</ymin>
			<xmax>2804</xmax>
			<ymax>1093</ymax>
		</bndbox>
	</object>
	<object>
		<name>ref_coin</name>
		<bndbox>
			<xmin>295</xmin>
			<ymin>1165</ymin>
			<xmax>561</xmax>
			<ymax>1364</ymax>
		</bndbox>
	</object>
	<object>
		<name>dish</name>
		<bndbox>
			<xmin>875</xmin>
			<ymin>432</ymin>
			<xmax>1986</xmax>
			<ymax>1511</ymax>
		</bndbox>
	</object>
	<object>
		<name>라볶이</name>
		<bndbox>
			<xmin>993</xmin>
			<ymin>717</ymin>
			<xmax>1747</xmax>
			<ymax>1133</ymax>
		</bndbox>
	</object>
</annotation>