<annotation>
	<folder>side육류부피원형배달라볶이q1</folder>
	<filename>side_육류부피_원형배달_라볶이_Q1_00015.JPG</filename>
	<path>/side육류부피원형배달라볶이q1/side_육류부피_원형배달_라볶이_Q1_00015.JPG</path>
	<source>
		<database>fooddata</database>
	</source>
	<size>
		<width>3008</width>
		<height>2000</height>
		<depth>3</depth>
	</size>
	<object>
		<name>ref_spoon</name>
		<bndbox>
			<xmin>1588</xmin>
			<ymin>491</ymin>
			<xmax>1919</xmax>
			<ymax>936</ymax>
		</bndbox>
	</object>
	<object>
		<name>ref_fork</name>
		<bndbox>
			<xmin>1998</xmin>
			<ymin>484</ymin>
			<xmax>2236</xmax>
			<ymax>993</ymax>
		</bndbox>
	</object>
	<object>
		<name>ref_coin</name>
		<bndbox>
			<xmin>2585</xmin>
			<ymin>1268</ymin>
			<xmax>2843</xmax>
			<ymax>1469</ymax>
		</bndbox>
	</object>
	<object>
		<name>dish</name>
		<bndbox>
			<xmin>416</xmin>
			<ymin>388</ymin>
			<xmax>1531</xmax>
			<ymax>1479</ymax>
		</bndbox>
	</object>
	<object>
		<name>라볶이</name>
		<bndbox>
			<xmin>575</xmin>
			<ymin>671</ymin>
			<xmax>1251</xmax>
			<ymax>1106</ymax>
		</bndbox>
	</object>
</annotation>