<annotation>
	<folder>side육류부피원형배달라볶이q1</folder>
	<filename>side_육류부피_원형배달_라볶이_Q1_00016.JPG</filename>
	<path>/side육류부피원형배달라볶이q1/side_육류부피_원형배달_라볶이_Q1_00016.JPG</path>
	<source>
		<database>fooddata</database>
	</source>
	<size>
		<width>3008</width>
		<height>2000</height>
		<depth>3</depth>
	</size>
	<object>
		<name>ref_spoon</name>
		<bndbox>
			<xmin>1612</xmin>
			<ymin>462</ymin>
			<xmax>1936</xmax>
			<ymax>907</ymax>
		</bndbox>
	</object>
	<object>
		<name>ref_fork</name>
		<bndbox>
			<xmin>2013</xmin>
			<ymin>452</ymin>
			<xmax>2263</xmax>
			<ymax>956</ymax>
		</bndbox>
	</object>
	<object>
		<name>ref_coin</name>
		<bndbox>
			<xmin>2629</xmin>
			<ymin>1430</ymin>
			<xmax>2895</xmax>
			<ymax>1636</ymax>
		</bndbox>
	</object>
	<object>
		<name>dish</name>
		<bndbox>
			<xmin>376</xmin>
			<ymin>349</ymin>
			<xmax>1502</xmax>
			<ymax>1420</ymax>
		</bndbox>
	</object>
	<object>
		<name>라볶이</name>
		<bndbox>
			<xmin>504</xmin>
			<ymin>634</ymin>
			<xmax>1352</xmax>
			<ymax>1057</ymax>
		</bndbox>
	</object>
</annotation>