<annotation>
	<folder>side육류부피원형배달라볶이q1</folder>
	<filename>side_육류부피_원형배달_라볶이_Q1_00055.JPG</filename>
	<path>/side육류부피원형배달라볶이q1/side_육류부피_원형배달_라볶이_Q1_00055.JPG</path>
	<source>
		<database>fooddata</database>
	</source>
	<size>
		<width>3008</width>
		<height>2000</height>
		<depth>3</depth>
	</size>
	<object>
		<name>ref_spoon</name>
		<bndbox>
			<xmin>531</xmin>
			<ymin>383</ymin>
			<xmax>865</xmax>
			<ymax>813</ymax>
		</bndbox>
	</object>
	<object>
		<name>ref_fork</name>
		<bndbox>
			<xmin>909</xmin>
			<ymin>437</ymin>
			<xmax>1140</xmax>
			<ymax>943</ymax>
		</bndbox>
	</object>
	<object>
		<name>ref_coin</name>
		<bndbox>
			<xmin>951</xmin>
			<ymin>98</ymin>
			<xmax>1185</xmax>
			<ymax>260</ymax>
		</bndbox>
	</object>
	<object>
		<name>dish</name>
		<bndbox>
			<xmin>1150</xmin>
			<ymin>511</ymin>
			<xmax>2288</xmax>
			<ymax>1627</ymax>
		</bndbox>
	</object>
	<object>
		<name>라볶이</name>
		<bndbox>
			<xmin>1271</xmin>
			<ymin>823</ymin>
			<xmax>2064</xmax>
			<ymax>1256</ymax>
		</bndbox>
	</object>
</annotation>