<annotation>
	<folder>side육류부피원형배달라볶이q1</folder>
	<filename>side_육류부피_원형배달_라볶이_Q1_00044.JPG</filename>
	<path>/side육류부피원형배달라볶이q1/side_육류부피_원형배달_라볶이_Q1_00044.JPG</path>
	<source>
		<database>fooddata</database>
	</source>
	<size>
		<width>3008</width>
		<height>2000</height>
		<depth>3</depth>
	</size>
	<object>
		<name>ref_spoon</name>
		<bndbox>
			<xmin>389</xmin>
			<ymin>283</ymin>
			<xmax>715</xmax>
			<ymax>725</ymax>
		</bndbox>
	</object>
	<object>
		<name>ref_fork</name>
		<bndbox>
			<xmin>760</xmin>
			<ymin>342</ymin>
			<xmax>990</xmax>
			<ymax>843</ymax>
		</bndbox>
	</object>
	<object>
		<name>ref_coin</name>
		<bndbox>
			<xmin>2089</xmin>
			<ymin>1496</ymin>
			<xmax>2359</xmax>
			<ymax>1710</ymax>
		</bndbox>
	</object>
	<object>
		<name>dish</name>
		<bndbox>
			<xmin>1018</xmin>
			<ymin>442</ymin>
			<xmax>2160</xmax>
			<ymax>1560</ymax>
		</bndbox>
	</object>
	<object>
		<name>라볶이</name>
		<bndbox>
			<xmin>1221</xmin>
			<ymin>776</ymin>
			<xmax>1932</xmax>
			<ymax>1184</ymax>
		</bndbox>
	</object>
</annotation>