<annotation>
	<folder>top육류부피원형배달라볶이q1</folder>
	<filename>top_육류부피_원형배달_라볶이_Q1_00029.JPG</filename>
	<path>/top육류부피원형배달라볶이q1/top_육류부피_원형배달_라볶이_Q1_00029.JPG</path>
	<source>
		<database>fooddata</database>
	</source>
	<size>
		<width>3008</width>
		<height>2000</height>
		<depth>3</depth>
	</size>
	<object>
		<name>ref_spoon</name>
		<bndbox>
			<xmin>697</xmin>
			<ymin>1462</ymin>
			<xmax>1134</xmax>
			<ymax>1763</ymax>
		</bndbox>
	</object>
	<object>
		<name>ref_fork</name>
		<bndbox>
			<xmin>844</xmin>
			<ymin>1202</ymin>
			<xmax>1317</xmax>
			<ymax>1403</ymax>
		</bndbox>
	</object>
	<object>
		<name>ref_coin</name>
		<bndbox>
			<xmin>667</xmin>
			<ymin>653</ymin>
			<xmax>883</xmax>
			<ymax>860</ymax>
		</bndbox>
	</object>
	<object>
		<name>dish</name>
		<bndbox>
			<xmin>1148</xmin>
			<ymin>281</ymin>
			<xmax>2069</xmax>
			<ymax>1202</ymax>
		</bndbox>
	</object>
	<object>
		<name>라볶이</name>
		<bndbox>
			<xmin>1358</xmin>
			<ymin>414</ymin>
			<xmax>1910</xmax>
			<ymax>1063</ymax>
		</bndbox>
	</object>
</annotation>