<annotation>
	<folder>top육류부피원형배달라볶이q1</folder>
	<filename>top_육류부피_원형배달_라볶이_Q1_00044.JPG</filename>
	<path>/top육류부피원형배달라볶이q1/top_육류부피_원형배달_라볶이_Q1_00044.JPG</path>
	<source>
		<database>fooddata</database>
	</source>
	<size>
		<width>3008</width>
		<height>2000</height>
		<depth>3</depth>
	</size>
	<object>
		<name>ref_spoon</name>
		<bndbox>
			<xmin>632</xmin>
			<ymin>134</ymin>
			<xmax>927</xmax>
			<ymax>585</ymax>
		</bndbox>
	</object>
	<object>
		<name>ref_fork</name>
		<bndbox>
			<xmin>1010</xmin>
			<ymin>216</ymin>
			<xmax>1201</xmax>
			<ymax>724</ymax>
		</bndbox>
	</object>
	<object>
		<name>ref_coin</name>
		<bndbox>
			<xmin>434</xmin>
			<ymin>718</ymin>
			<xmax>649</xmax>
			<ymax>937</ymax>
		</bndbox>
	</object>
	<object>
		<name>dish</name>
		<bndbox>
			<xmin>1479</xmin>
			<ymin>535</ymin>
			<xmax>2477</xmax>
			<ymax>1503</ymax>
		</bndbox>
	</object>
	<object>
		<name>라볶이</name>
		<bndbox>
			<xmin>1553</xmin>
			<ymin>751</ymin>
			<xmax>2332</xmax>
			<ymax>1362</ymax>
		</bndbox>
	</object>
</annotation>