<annotation>
	<folder>top육류부피원형배달라볶이q1</folder>
	<filename>top_육류부피_원형배달_라볶이_Q1_00002.JPG</filename>
	<path>/top육류부피원형배달라볶이q1/top_육류부피_원형배달_라볶이_Q1_00002.JPG</path>
	<source>
		<database>fooddata</database>
	</source>
	<size>
		<width>3008</width>
		<height>2000</height>
		<depth>3</depth>
	</size>
	<object>
		<name>ref_spoon</name>
		<bndbox>
			<xmin>1535</xmin>
			<ymin>92</ymin>
			<xmax>1854</xmax>
			<ymax>609</ymax>
		</bndbox>
	</object>
	<object>
		<name>ref_fork</name>
		<bndbox>
			<xmin>1963</xmin>
			<ymin>119</ymin>
			<xmax>2184</xmax>
			<ymax>674</ymax>
		</bndbox>
	</object>
	<object>
		<name>ref_coin</name>
		<bndbox>
			<xmin>821</xmin>
			<ymin>1577</ymin>
			<xmax>1072</xmax>
			<ymax>1828</ymax>
		</bndbox>
	</object>
	<object>
		<name>dish</name>
		<bndbox>
			<xmin>360</xmin>
			<ymin>272</ymin>
			<xmax>1517</xmax>
			<ymax>1368</ymax>
		</bndbox>
	</object>
	<object>
		<name>라볶이</name>
		<bndbox>
			<xmin>531</xmin>
			<ymin>458</ymin>
			<xmax>1358</xmax>
			<ymax>1199</ymax>
		</bndbox>
	</object>
</annotation>