<annotation>
	<folder>top육류부피원형배달라볶이q1</folder>
	<filename>top_육류부피_원형배달_라볶이_Q1_00040.JPG</filename>
	<path>/top육류부피원형배달라볶이q1/top_육류부피_원형배달_라볶이_Q1_00040.JPG</path>
	<source>
		<database>fooddata</database>
	</source>
	<size>
		<width>3008</width>
		<height>2000</height>
		<depth>3</depth>
	</size>
	<object>
		<name>ref_spoon</name>
		<bndbox>
			<xmin>626</xmin>
			<ymin>110</ymin>
			<xmax>933</xmax>
			<ymax>576</ymax>
		</bndbox>
	</object>
	<object>
		<name>ref_fork</name>
		<bndbox>
			<xmin>1001</xmin>
			<ymin>187</ymin>
			<xmax>1204</xmax>
			<ymax>694</ymax>
		</bndbox>
	</object>
	<object>
		<name>ref_coin</name>
		<bndbox>
			<xmin>393</xmin>
			<ymin>1329</ymin>
			<xmax>614</xmax>
			<ymax>1556</ymax>
		</bndbox>
	</object>
	<object>
		<name>dish</name>
		<bndbox>
			<xmin>1452</xmin>
			<ymin>532</ymin>
			<xmax>2468</xmax>
			<ymax>1503</ymax>
		</bndbox>
	</object>
	<object>
		<name>라볶이</name>
		<bndbox>
			<xmin>1544</xmin>
			<ymin>883</ymin>
			<xmax>2308</xmax>
			<ymax>1397</ymax>
		</bndbox>
	</object>
</annotation>