<annotation>
	<folder>top육류부피원형배달라볶이q1</folder>
	<filename>top_육류부피_원형배달_라볶이_Q1_00015.JPG</filename>
	<path>/top육류부피원형배달라볶이q1/top_육류부피_원형배달_라볶이_Q1_00015.JPG</path>
	<source>
		<database>fooddata</database>
	</source>
	<size>
		<width>3008</width>
		<height>2000</height>
		<depth>3</depth>
	</size>
	<object>
		<name>ref_spoon</name>
		<bndbox>
			<xmin>1995</xmin>
			<ymin>269</ymin>
			<xmax>2332</xmax>
			<ymax>792</ymax>
		</bndbox>
	</object>
	<object>
		<name>ref_fork</name>
		<bndbox>
			<xmin>2432</xmin>
			<ymin>299</ymin>
			<xmax>2677</xmax>
			<ymax>872</ymax>
		</bndbox>
	</object>
	<object>
		<name>ref_coin</name>
		<bndbox>
			<xmin>543</xmin>
			<ymin>1117</ymin>
			<xmax>797</xmax>
			<ymax>1365</ymax>
		</bndbox>
	</object>
	<object>
		<name>dish</name>
		<bndbox>
			<xmin>889</xmin>
			<ymin>396</ymin>
			<xmax>2019</xmax>
			<ymax>1565</ymax>
		</bndbox>
	</object>
	<object>
		<name>라볶이</name>
		<bndbox>
			<xmin>1092</xmin>
			<ymin>624</ymin>
			<xmax>1839</xmax>
			<ymax>1486</ymax>
		</bndbox>
	</object>
</annotation>