<annotation>
	<folder>top육류부피원형배달라볶이q1</folder>
	<filename>top_육류부피_원형배달_라볶이_Q1_00030.JPG</filename>
	<path>/top육류부피원형배달라볶이q1/top_육류부피_원형배달_라볶이_Q1_00030.JPG</path>
	<source>
		<database>fooddata</database>
	</source>
	<size>
		<width>3008</width>
		<height>2000</height>
		<depth>3</depth>
	</size>
	<object>
		<name>ref_spoon</name>
		<bndbox>
			<xmin>608</xmin>
			<ymin>1456</ymin>
			<xmax>1069</xmax>
			<ymax>1757</ymax>
		</bndbox>
	</object>
	<object>
		<name>ref_fork</name>
		<bndbox>
			<xmin>762</xmin>
			<ymin>1199</ymin>
			<xmax>1234</xmax>
			<ymax>1400</ymax>
		</bndbox>
	</object>
	<object>
		<name>ref_coin</name>
		<bndbox>
			<xmin>655</xmin>
			<ymin>913</ymin>
			<xmax>868</xmax>
			<ymax>1123</ymax>
		</bndbox>
	</object>
	<object>
		<name>dish</name>
		<bndbox>
			<xmin>1039</xmin>
			<ymin>228</ymin>
			<xmax>1990</xmax>
			<ymax>1131</ymax>
		</bndbox>
	</object>
	<object>
		<name>라볶이</name>
		<bndbox>
			<xmin>1225</xmin>
			<ymin>517</ymin>
			<xmax>1889</xmax>
			<ymax>1037</ymax>
		</bndbox>
	</object>
</annotation>