<annotation>
	<folder>top육류부피원형배달라볶이q1</folder>
	<filename>top_육류부피_원형배달_라볶이_Q1_00003.JPG</filename>
	<path>/top육류부피원형배달라볶이q1/top_육류부피_원형배달_라볶이_Q1_00003.JPG</path>
	<source>
		<database>fooddata</database>
	</source>
	<size>
		<width>3008</width>
		<height>2000</height>
		<depth>3</depth>
	</size>
	<object>
		<name>ref_spoon</name>
		<bndbox>
			<xmin>1627</xmin>
			<ymin>104</ymin>
			<xmax>1951</xmax>
			<ymax>621</ymax>
		</bndbox>
	</object>
	<object>
		<name>ref_fork</name>
		<bndbox>
			<xmin>2060</xmin>
			<ymin>128</ymin>
			<xmax>2282</xmax>
			<ymax>706</ymax>
		</bndbox>
	</object>
	<object>
		<name>ref_coin</name>
		<bndbox>
			<xmin>546</xmin>
			<ymin>1627</ymin>
			<xmax>797</xmax>
			<ymax>1881</ymax>
		</bndbox>
	</object>
	<object>
		<name>dish</name>
		<bndbox>
			<xmin>499</xmin>
			<ymin>346</ymin>
			<xmax>1629</xmax>
			<ymax>1494</ymax>
		</bndbox>
	</object>
	<object>
		<name>라볶이</name>
		<bndbox>
			<xmin>673</xmin>
			<ymin>506</ymin>
			<xmax>1396</xmax>
			<ymax>1344</ymax>
		</bndbox>
	</object>
</annotation>