<annotation>
	<folder>top육류부피원형배달라볶이q1</folder>
	<filename>top_육류부피_원형배달_라볶이_Q1_00004.JPG</filename>
	<path>/top육류부피원형배달라볶이q1/top_육류부피_원형배달_라볶이_Q1_00004.JPG</path>
	<source>
		<database>fooddata</database>
	</source>
	<size>
		<width>3008</width>
		<height>2000</height>
		<depth>3</depth>
	</size>
	<object>
		<name>ref_spoon</name>
		<bndbox>
			<xmin>1724</xmin>
			<ymin>175</ymin>
			<xmax>2049</xmax>
			<ymax>689</ymax>
		</bndbox>
	</object>
	<object>
		<name>ref_fork</name>
		<bndbox>
			<xmin>2155</xmin>
			<ymin>204</ymin>
			<xmax>2388</xmax>
			<ymax>771</ymax>
		</bndbox>
	</object>
	<object>
		<name>ref_coin</name>
		<bndbox>
			<xmin>369</xmin>
			<ymin>1574</ymin>
			<xmax>623</xmax>
			<ymax>1831</ymax>
		</bndbox>
	</object>
	<object>
		<name>dish</name>
		<bndbox>
			<xmin>537</xmin>
			<ymin>435</ymin>
			<xmax>1686</xmax>
			<ymax>1574</ymax>
		</bndbox>
	</object>
	<object>
		<name>라볶이</name>
		<bndbox>
			<xmin>832</xmin>
			<ymin>585</ymin>
			<xmax>1570</xmax>
			<ymax>1450</ymax>
		</bndbox>
	</object>
</annotation>