<annotation>
	<folder>side육류부피배달종이박스닭튀김q4</folder>
	<filename>side_육류부피_배달종이박스_닭튀김_Q4_00012.JPG</filename>
	<path>/side육류부피배달종이박스닭튀김q4/side_육류부피_배달종이박스_닭튀김_Q4_00012.JPG</path>
	<source>
		<database>fooddata</database>
	</source>
	<size>
		<width>3008</width>
		<height>2000</height>
		<depth>3</depth>
	</size>
	<object>
		<name>ref_spoon</name>
		<bndbox>
			<xmin>2246</xmin>
			<ymin>471</ymin>
			<xmax>2541</xmax>
			<ymax>838</ymax>
		</bndbox>
	</object>
	<object>
		<name>ref_fork</name>
		<bndbox>
			<xmin>2638</xmin>
			<ymin>480</ymin>
			<xmax>2853</xmax>
			<ymax>876</ymax>
		</bndbox>
	</object>
	<object>
		<name>ref_coin</name>
		<bndbox>
			<xmin>215</xmin>
			<ymin>859</ymin>
			<xmax>438</xmax>
			<ymax>1023</ymax>
		</bndbox>
	</object>
	<object>
		<name>dish</name>
		<bndbox>
			<xmin>701</xmin>
			<ymin>215</ymin>
			<xmax>2252</xmax>
			<ymax>1663</ymax>
		</bndbox>
	</object>
	<object>
		<name>닭튀김</name>
		<bndbox>
			<xmin>920</xmin>
			<ymin>591</ymin>
			<xmax>1905</xmax>
			<ymax>1185</ymax>
		</bndbox>
	</object>
</annotation>