<annotation>
	<folder>side육류부피배달종이박스닭튀김q4</folder>
	<filename>side_육류부피_배달종이박스_닭튀김_Q4_00023.JPG</filename>
	<path>/side육류부피배달종이박스닭튀김q4/side_육류부피_배달종이박스_닭튀김_Q4_00023.JPG</path>
	<source>
		<database>fooddata</database>
	</source>
	<size>
		<width>3008</width>
		<height>2000</height>
		<depth>3</depth>
	</size>
	<object>
		<name>ref_spoon</name>
		<bndbox>
			<xmin>401</xmin>
			<ymin>1729</ymin>
			<xmax>843</xmax>
			<ymax>1963</ymax>
		</bndbox>
	</object>
	<object>
		<name>ref_fork</name>
		<bndbox>
			<xmin>427</xmin>
			<ymin>1509</ymin>
			<xmax>908</xmax>
			<ymax>1714</ymax>
		</bndbox>
	</object>
	<object>
		<name>ref_coin</name>
		<bndbox>
			<xmin>1155</xmin>
			<ymin>346</ymin>
			<xmax>1331</xmax>
			<ymax>463</ymax>
		</bndbox>
	</object>
	<object>
		<name>dish</name>
		<bndbox>
			<xmin>945</xmin>
			<ymin>403</ymin>
			<xmax>2153</xmax>
			<ymax>1353</ymax>
		</bndbox>
	</object>
	<object>
		<name>닭튀김</name>
		<bndbox>
			<xmin>1118</xmin>
			<ymin>680</ymin>
			<xmax>2073</xmax>
			<ymax>980</ymax>
		</bndbox>
	</object>
</annotation>