<annotation>
	<folder>side육류부피배달종이박스닭튀김q4</folder>
	<filename>side_육류부피_배달종이박스_닭튀김_Q4_00051.JPG</filename>
	<path>/side육류부피배달종이박스닭튀김q4/side_육류부피_배달종이박스_닭튀김_Q4_00051.JPG</path>
	<source>
		<database>fooddata</database>
	</source>
	<size>
		<width>3008</width>
		<height>2000</height>
		<depth>3</depth>
	</size>
	<object>
		<name>ref_spoon</name>
		<bndbox>
			<xmin>130</xmin>
			<ymin>830</ymin>
			<xmax>417</xmax>
			<ymax>1171</ymax>
		</bndbox>
	</object>
	<object>
		<name>ref_fork</name>
		<bndbox>
			<xmin>519</xmin>
			<ymin>820</ymin>
			<xmax>722</xmax>
			<ymax>1205</ymax>
		</bndbox>
	</object>
	<object>
		<name>ref_coin</name>
		<bndbox>
			<xmin>2458</xmin>
			<ymin>1235</ymin>
			<xmax>2667</xmax>
			<ymax>1402</ymax>
		</bndbox>
	</object>
	<object>
		<name>dish</name>
		<bndbox>
			<xmin>926</xmin>
			<ymin>408</ymin>
			<xmax>2236</xmax>
			<ymax>1429</ymax>
		</bndbox>
	</object>
	<object>
		<name>닭튀김</name>
		<bndbox>
			<xmin>1021</xmin>
			<ymin>621</ymin>
			<xmax>2114</xmax>
			<ymax>1038</ymax>
		</bndbox>
	</object>
</annotation>