<annotation>
	<folder>side육류부피배달종이박스닭튀김q4</folder>
	<filename>side_육류부피_배달종이박스_닭튀김_Q4_00011.JPG</filename>
	<path>/side육류부피배달종이박스닭튀김q4/side_육류부피_배달종이박스_닭튀김_Q4_00011.JPG</path>
	<source>
		<database>fooddata</database>
	</source>
	<size>
		<width>3008</width>
		<height>2000</height>
		<depth>3</depth>
	</size>
	<object>
		<name>ref_spoon</name>
		<bndbox>
			<xmin>2071</xmin>
			<ymin>736</ymin>
			<xmax>2366</xmax>
			<ymax>1104</ymax>
		</bndbox>
	</object>
	<object>
		<name>ref_fork</name>
		<bndbox>
			<xmin>2452</xmin>
			<ymin>741</ymin>
			<xmax>2666</xmax>
			<ymax>1150</ymax>
		</bndbox>
	</object>
	<object>
		<name>ref_coin</name>
		<bndbox>
			<xmin>658</xmin>
			<ymin>538</ymin>
			<xmax>864</xmax>
			<ymax>682</ymax>
		</bndbox>
	</object>
	<object>
		<name>dish</name>
		<bndbox>
			<xmin>681</xmin>
			<ymin>426</ymin>
			<xmax>1982</xmax>
			<ymax>1831</ymax>
		</bndbox>
	</object>
	<object>
		<name>닭튀김</name>
		<bndbox>
			<xmin>813</xmin>
			<ymin>827</ymin>
			<xmax>1766</xmax>
			<ymax>1353</ymax>
		</bndbox>
	</object>
</annotation>