<annotation>
	<folder>side육류부피배달종이박스닭튀김q4</folder>
	<filename>side_육류부피_배달종이박스_닭튀김_Q4_00041.JPG</filename>
	<path>/side육류부피배달종이박스닭튀김q4/side_육류부피_배달종이박스_닭튀김_Q4_00041.JPG</path>
	<source>
		<database>fooddata</database>
	</source>
	<size>
		<width>3008</width>
		<height>2000</height>
		<depth>3</depth>
	</size>
	<object>
		<name>ref_spoon</name>
		<bndbox>
			<xmin>325</xmin>
			<ymin>782</ymin>
			<xmax>606</xmax>
			<ymax>1129</ymax>
		</bndbox>
	</object>
	<object>
		<name>ref_fork</name>
		<bndbox>
			<xmin>725</xmin>
			<ymin>716</ymin>
			<xmax>920</xmax>
			<ymax>1119</ymax>
		</bndbox>
	</object>
	<object>
		<name>ref_coin</name>
		<bndbox>
			<xmin>2431</xmin>
			<ymin>379</ymin>
			<xmax>2632</xmax>
			<ymax>525</ymax>
		</bndbox>
	</object>
	<object>
		<name>dish</name>
		<bndbox>
			<xmin>1132</xmin>
			<ymin>327</ymin>
			<xmax>2185</xmax>
			<ymax>1587</ymax>
		</bndbox>
	</object>
	<object>
		<name>닭튀김</name>
		<bndbox>
			<xmin>1270</xmin>
			<ymin>537</ymin>
			<xmax>2078</xmax>
			<ymax>1124</ymax>
		</bndbox>
	</object>
</annotation>