<annotation>
	<folder>side육류부피배달종이박스닭튀김q4</folder>
	<filename>side_육류부피_배달종이박스_닭튀김_Q4_00033.JPG</filename>
	<path>/side육류부피배달종이박스닭튀김q4/side_육류부피_배달종이박스_닭튀김_Q4_00033.JPG</path>
	<source>
		<database>fooddata</database>
	</source>
	<size>
		<width>3008</width>
		<height>2000</height>
		<depth>3</depth>
	</size>
	<object>
		<name>ref_spoon</name>
		<bndbox>
			<xmin>417</xmin>
			<ymin>743</ymin>
			<xmax>711</xmax>
			<ymax>1104</ymax>
		</bndbox>
	</object>
	<object>
		<name>ref_fork</name>
		<bndbox>
			<xmin>802</xmin>
			<ymin>754</ymin>
			<xmax>1003</xmax>
			<ymax>1145</ymax>
		</bndbox>
	</object>
	<object>
		<name>ref_coin</name>
		<bndbox>
			<xmin>1255</xmin>
			<ymin>1630</ymin>
			<xmax>1484</xmax>
			<ymax>1805</ymax>
		</bndbox>
	</object>
	<object>
		<name>dish</name>
		<bndbox>
			<xmin>1190</xmin>
			<ymin>545</ymin>
			<xmax>2500</xmax>
			<ymax>1506</ymax>
		</bndbox>
	</object>
	<object>
		<name>닭튀김</name>
		<bndbox>
			<xmin>1352</xmin>
			<ymin>815</ymin>
			<xmax>2355</xmax>
			<ymax>1140</ymax>
		</bndbox>
	</object>
</annotation>