<annotation>
	<folder>top육류부피배달종이박스닭튀김q4</folder>
	<filename>top_육류부피_배달종이박스_닭튀김_Q4_00042.JPG</filename>
	<path>/top육류부피배달종이박스닭튀김q4/top_육류부피_배달종이박스_닭튀김_Q4_00042.JPG</path>
	<source>
		<database>fooddata</database>
	</source>
	<size>
		<width>3008</width>
		<height>2000</height>
		<depth>3</depth>
	</size>
	<object>
		<name>ref_spoon</name>
		<bndbox>
			<xmin>554</xmin>
			<ymin>337</ymin>
			<xmax>851</xmax>
			<ymax>794</ymax>
		</bndbox>
	</object>
	<object>
		<name>ref_fork</name>
		<bndbox>
			<xmin>945</xmin>
			<ymin>337</ymin>
			<xmax>1153</xmax>
			<ymax>804</ymax>
		</bndbox>
	</object>
	<object>
		<name>ref_coin</name>
		<bndbox>
			<xmin>2220</xmin>
			<ymin>1536</ymin>
			<xmax>2419</xmax>
			<ymax>1739</ymax>
		</bndbox>
	</object>
	<object>
		<name>dish</name>
		<bndbox>
			<xmin>1423</xmin>
			<ymin>124</ymin>
			<xmax>2474</xmax>
			<ymax>1521</ymax>
		</bndbox>
	</object>
	<object>
		<name>닭튀김</name>
		<bndbox>
			<xmin>1545</xmin>
			<ymin>474</ymin>
			<xmax>2303</xmax>
			<ymax>1394</ymax>
		</bndbox>
	</object>
</annotation>