<annotation>
	<folder>top육류부피배달종이박스닭튀김q4</folder>
	<filename>top_육류부피_배달종이박스_닭튀김_Q4_00008.JPG</filename>
	<path>/top육류부피배달종이박스닭튀김q4/top_육류부피_배달종이박스_닭튀김_Q4_00008.JPG</path>
	<source>
		<database>fooddata</database>
	</source>
	<size>
		<width>3008</width>
		<height>2000</height>
		<depth>3</depth>
	</size>
	<object>
		<name>ref_spoon</name>
		<bndbox>
			<xmin>2281</xmin>
			<ymin>347</ymin>
			<xmax>2530</xmax>
			<ymax>743</ymax>
		</bndbox>
	</object>
	<object>
		<name>ref_fork</name>
		<bndbox>
			<xmin>2612</xmin>
			<ymin>408</ymin>
			<xmax>2816</xmax>
			<ymax>815</ymax>
		</bndbox>
	</object>
	<object>
		<name>ref_coin</name>
		<bndbox>
			<xmin>173</xmin>
			<ymin>982</ymin>
			<xmax>373</xmax>
			<ymax>1170</ymax>
		</bndbox>
	</object>
	<object>
		<name>dish</name>
		<bndbox>
			<xmin>871</xmin>
			<ymin>382</ymin>
			<xmax>2176</xmax>
			<ymax>1465</ymax>
		</bndbox>
	</object>
	<object>
		<name>닭튀김</name>
		<bndbox>
			<xmin>1026</xmin>
			<ymin>606</ymin>
			<xmax>1895</xmax>
			<ymax>1252</ymax>
		</bndbox>
	</object>
</annotation>