<annotation>
	<folder>top육류부피배달종이박스닭튀김q4</folder>
	<filename>top_육류부피_배달종이박스_닭튀김_Q4_00032.JPG</filename>
	<path>/top육류부피배달종이박스닭튀김q4/top_육류부피_배달종이박스_닭튀김_Q4_00032.JPG</path>
	<source>
		<database>fooddata</database>
	</source>
	<size>
		<width>3008</width>
		<height>2000</height>
		<depth>3</depth>
	</size>
	<object>
		<name>ref_spoon</name>
		<bndbox>
			<xmin>996</xmin>
			<ymin>1648</ymin>
			<xmax>1382</xmax>
			<ymax>1907</ymax>
		</bndbox>
	</object>
	<object>
		<name>ref_fork</name>
		<bndbox>
			<xmin>1077</xmin>
			<ymin>1429</ymin>
			<xmax>1453</xmax>
			<ymax>1603</ymax>
		</bndbox>
	</object>
	<object>
		<name>ref_coin</name>
		<bndbox>
			<xmin>1103</xmin>
			<ymin>68</ymin>
			<xmax>1280</xmax>
			<ymax>224</ymax>
		</bndbox>
	</object>
	<object>
		<name>dish</name>
		<bndbox>
			<xmin>1303</xmin>
			<ymin>395</ymin>
			<xmax>2418</xmax>
			<ymax>1261</ymax>
		</bndbox>
	</object>
	<object>
		<name>닭튀김</name>
		<bndbox>
			<xmin>1382</xmin>
			<ymin>569</ymin>
			<xmax>2215</xmax>
			<ymax>1191</ymax>
		</bndbox>
	</object>
</annotation>