<annotation>
	<folder>top육류부피배달종이박스닭튀김q4</folder>
	<filename>top_육류부피_배달종이박스_닭튀김_Q4_00011.JPG</filename>
	<path>/top육류부피배달종이박스닭튀김q4/top_육류부피_배달종이박스_닭튀김_Q4_00011.JPG</path>
	<source>
		<database>fooddata</database>
	</source>
	<size>
		<width>3008</width>
		<height>2000</height>
		<depth>3</depth>
	</size>
	<object>
		<name>ref_spoon</name>
		<bndbox>
			<xmin>2251</xmin>
			<ymin>219</ymin>
			<xmax>2525</xmax>
			<ymax>642</ymax>
		</bndbox>
	</object>
	<object>
		<name>ref_fork</name>
		<bndbox>
			<xmin>2612</xmin>
			<ymin>264</ymin>
			<xmax>2830</xmax>
			<ymax>703</ymax>
		</bndbox>
	</object>
	<object>
		<name>ref_coin</name>
		<bndbox>
			<xmin>1684</xmin>
			<ymin>1546</ymin>
			<xmax>1895</xmax>
			<ymax>1739</ymax>
		</bndbox>
	</object>
	<object>
		<name>dish</name>
		<bndbox>
			<xmin>640</xmin>
			<ymin>124</ymin>
			<xmax>1955</xmax>
			<ymax>1638</ymax>
		</bndbox>
	</object>
	<object>
		<name>닭튀김</name>
		<bndbox>
			<xmin>930</xmin>
			<ymin>341</ymin>
			<xmax>1754</xmax>
			<ymax>1318</ymax>
		</bndbox>
	</object>
</annotation>