<annotation>
	<folder>top육류부피배달종이박스닭튀김q4</folder>
	<filename>top_육류부피_배달종이박스_닭튀김_Q4_00052.JPG</filename>
	<path>/top육류부피배달종이박스닭튀김q4/top_육류부피_배달종이박스_닭튀김_Q4_00052.JPG</path>
	<source>
		<database>fooddata</database>
	</source>
	<size>
		<width>3008</width>
		<height>2000</height>
		<depth>3</depth>
	</size>
	<object>
		<name>ref_spoon</name>
		<bndbox>
			<xmin>427</xmin>
			<ymin>682</ymin>
			<xmax>757</xmax>
			<ymax>1155</ymax>
		</bndbox>
	</object>
	<object>
		<name>ref_fork</name>
		<bndbox>
			<xmin>874</xmin>
			<ymin>672</ymin>
			<xmax>1087</xmax>
			<ymax>1170</ymax>
		</bndbox>
	</object>
	<object>
		<name>ref_coin</name>
		<bndbox>
			<xmin>2414</xmin>
			<ymin>73</ymin>
			<xmax>2617</xmax>
			<ymax>312</ymax>
		</bndbox>
	</object>
	<object>
		<name>dish</name>
		<bndbox>
			<xmin>1170</xmin>
			<ymin>770</ymin>
			<xmax>2759</xmax>
			<ymax>1919</ymax>
		</bndbox>
	</object>
	<object>
		<name>닭튀김</name>
		<bndbox>
			<xmin>1291</xmin>
			<ymin>886</ymin>
			<xmax>2312</xmax>
			<ymax>1749</ymax>
		</bndbox>
	</object>
</annotation>