<annotation>
	<folder>top육류부피배달종이박스닭튀김q4</folder>
	<filename>top_육류부피_배달종이박스_닭튀김_Q4_00004.JPG</filename>
	<path>/top육류부피배달종이박스닭튀김q4/top_육류부피_배달종이박스_닭튀김_Q4_00004.JPG</path>
	<source>
		<database>fooddata</database>
	</source>
	<size>
		<width>3008</width>
		<height>2000</height>
		<depth>3</depth>
	</size>
	<object>
		<name>ref_spoon</name>
		<bndbox>
			<xmin>2066</xmin>
			<ymin>540</ymin>
			<xmax>2299</xmax>
			<ymax>901</ymax>
		</bndbox>
	</object>
	<object>
		<name>ref_fork</name>
		<bndbox>
			<xmin>2378</xmin>
			<ymin>586</ymin>
			<xmax>2571</xmax>
			<ymax>967</ymax>
		</bndbox>
	</object>
	<object>
		<name>ref_coin</name>
		<bndbox>
			<xmin>1262</xmin>
			<ymin>109</ymin>
			<xmax>1443</xmax>
			<ymax>281</ymax>
		</bndbox>
	</object>
	<object>
		<name>dish</name>
		<bndbox>
			<xmin>716</xmin>
			<ymin>520</ymin>
			<xmax>1905</xmax>
			<ymax>1861</ymax>
		</bndbox>
	</object>
	<object>
		<name>닭튀김</name>
		<bndbox>
			<xmin>910</xmin>
			<ymin>796</ymin>
			<xmax>1644</xmax>
			<ymax>1678</ymax>
		</bndbox>
	</object>
</annotation>