<annotation>
	<folder>side국물면류원형배달콩국수q5</folder>
	<filename>side_국물면류_원형배달_콩국수_Q5_00014.JPG</filename>
	<path>/side국물면류원형배달콩국수q5/side_국물면류_원형배달_콩국수_Q5_00014.JPG</path>
	<source>
		<database>fooddata</database>
	</source>
	<size>
		<width>3008</width>
		<height>2000</height>
		<depth>3</depth>
	</size>
	<object>
		<name>ref_spoon</name>
		<bndbox>
			<xmin>1815</xmin>
			<ymin>747</ymin>
			<xmax>2099</xmax>
			<ymax>1129</ymax>
		</bndbox>
	</object>
	<object>
		<name>ref_fork</name>
		<bndbox>
			<xmin>2121</xmin>
			<ymin>765</ymin>
			<xmax>2316</xmax>
			<ymax>1169</ymax>
		</bndbox>
	</object>
	<object>
		<name>ref_coin</name>
		<bndbox>
			<xmin>2564</xmin>
			<ymin>1177</ymin>
			<xmax>2777</xmax>
			<ymax>1355</ymax>
		</bndbox>
	</object>
	<object>
		<name>dish</name>
		<bndbox>
			<xmin>364</xmin>
			<ymin>441</ymin>
			<xmax>1744</xmax>
			<ymax>1652</ymax>
		</bndbox>
	</object>
	<object>
		<name>콩국수</name>
		<bndbox>
			<xmin>430</xmin>
			<ymin>618</ymin>
			<xmax>1673</xmax>
			<ymax>1288</ymax>
		</bndbox>
	</object>
</annotation>