<annotation>
	<folder>side국물면류원형배달콩국수q5</folder>
	<filename>side_국물면류_원형배달_콩국수_Q5_00030.JPG</filename>
	<path>/side국물면류원형배달콩국수q5/side_국물면류_원형배달_콩국수_Q5_00030.JPG</path>
	<source>
		<database>fooddata</database>
	</source>
	<size>
		<width>3008</width>
		<height>2000</height>
		<depth>3</depth>
	</size>
	<object>
		<name>ref_spoon</name>
		<bndbox>
			<xmin>683</xmin>
			<ymin>1563</ymin>
			<xmax>1202</xmax>
			<ymax>1870</ymax>
		</bndbox>
	</object>
	<object>
		<name>ref_fork</name>
		<bndbox>
			<xmin>754</xmin>
			<ymin>1324</ymin>
			<xmax>1304</xmax>
			<ymax>1590</ymax>
		</bndbox>
	</object>
	<object>
		<name>ref_coin</name>
		<bndbox>
			<xmin>262</xmin>
			<ymin>556</ymin>
			<xmax>484</xmax>
			<ymax>716</ymax>
		</bndbox>
	</object>
	<object>
		<name>dish</name>
		<bndbox>
			<xmin>972</xmin>
			<ymin>95</ymin>
			<xmax>2413</xmax>
			<ymax>1359</ymax>
		</bndbox>
	</object>
	<object>
		<name>콩국수</name>
		<bndbox>
			<xmin>1034</xmin>
			<ymin>277</ymin>
			<xmax>2338</xmax>
			<ymax>981</ymax>
		</bndbox>
	</object>
</annotation>