<annotation>
	<folder>side국물면류원형배달콩국수q5</folder>
	<filename>side_국물면류_원형배달_콩국수_Q5_00015.JPG</filename>
	<path>/side국물면류원형배달콩국수q5/side_국물면류_원형배달_콩국수_Q5_00015.JPG</path>
	<source>
		<database>fooddata</database>
	</source>
	<size>
		<width>3008</width>
		<height>2000</height>
		<depth>3</depth>
	</size>
	<object>
		<name>ref_spoon</name>
		<bndbox>
			<xmin>1792</xmin>
			<ymin>720</ymin>
			<xmax>2067</xmax>
			<ymax>1098</ymax>
		</bndbox>
	</object>
	<object>
		<name>ref_fork</name>
		<bndbox>
			<xmin>2099</xmin>
			<ymin>729</ymin>
			<xmax>2294</xmax>
			<ymax>1146</ymax>
		</bndbox>
	</object>
	<object>
		<name>ref_coin</name>
		<bndbox>
			<xmin>2524</xmin>
			<ymin>1342</ymin>
			<xmax>2742</xmax>
			<ymax>1506</ymax>
		</bndbox>
	</object>
	<object>
		<name>dish</name>
		<bndbox>
			<xmin>288</xmin>
			<ymin>390</ymin>
			<xmax>1681</xmax>
			<ymax>1595</ymax>
		</bndbox>
	</object>
	<object>
		<name>콩국수</name>
		<bndbox>
			<xmin>370</xmin>
			<ymin>563</ymin>
			<xmax>1605</xmax>
			<ymax>1229</ymax>
		</bndbox>
	</object>
</annotation>