<annotation>
	<folder>side국물면류원형배달콩국수q5</folder>
	<filename>side_국물면류_원형배달_콩국수_Q5_00026.JPG</filename>
	<path>/side국물면류원형배달콩국수q5/side_국물면류_원형배달_콩국수_Q5_00026.JPG</path>
	<source>
		<database>fooddata</database>
	</source>
	<size>
		<width>3008</width>
		<height>2000</height>
		<depth>3</depth>
	</size>
	<object>
		<name>ref_spoon</name>
		<bndbox>
			<xmin>710</xmin>
			<ymin>1563</ymin>
			<xmax>1180</xmax>
			<ymax>1830</ymax>
		</bndbox>
	</object>
	<object>
		<name>ref_fork</name>
		<bndbox>
			<xmin>772</xmin>
			<ymin>1355</ymin>
			<xmax>1260</xmax>
			<ymax>1586</ymax>
		</bndbox>
	</object>
	<object>
		<name>ref_coin</name>
		<bndbox>
			<xmin>1477</xmin>
			<ymin>55</ymin>
			<xmax>1646</xmax>
			<ymax>170</ymax>
		</bndbox>
	</object>
	<object>
		<name>dish</name>
		<bndbox>
			<xmin>776</xmin>
			<ymin>197</ymin>
			<xmax>1983</xmax>
			<ymax>1266</ymax>
		</bndbox>
	</object>
	<object>
		<name>콩국수</name>
		<bndbox>
			<xmin>834</xmin>
			<ymin>348</ymin>
			<xmax>1921</xmax>
			<ymax>938</ymax>
		</bndbox>
	</object>
</annotation>