<annotation>
	<folder>side국물면류원형배달콩국수q5</folder>
	<filename>side_국물면류_원형배달_콩국수_Q5_00011.JPG</filename>
	<path>/side국물면류원형배달콩국수q5/side_국물면류_원형배달_콩국수_Q5_00011.JPG</path>
	<source>
		<database>fooddata</database>
	</source>
	<size>
		<width>3008</width>
		<height>2000</height>
		<depth>3</depth>
	</size>
	<object>
		<name>ref_spoon</name>
		<bndbox>
			<xmin>1921</xmin>
			<ymin>738</ymin>
			<xmax>2205</xmax>
			<ymax>1120</ymax>
		</bndbox>
	</object>
	<object>
		<name>ref_fork</name>
		<bndbox>
			<xmin>2236</xmin>
			<ymin>769</ymin>
			<xmax>2436</xmax>
			<ymax>1173</ymax>
		</bndbox>
	</object>
	<object>
		<name>ref_coin</name>
		<bndbox>
			<xmin>1921</xmin>
			<ymin>525</ymin>
			<xmax>2121</xmax>
			<ymax>663</ymax>
		</bndbox>
	</object>
	<object>
		<name>dish</name>
		<bndbox>
			<xmin>333</xmin>
			<ymin>432</ymin>
			<xmax>1779</xmax>
			<ymax>1710</ymax>
		</bndbox>
	</object>
	<object>
		<name>콩국수</name>
		<bndbox>
			<xmin>413</xmin>
			<ymin>574</ymin>
			<xmax>1708</xmax>
			<ymax>1315</ymax>
		</bndbox>
	</object>
</annotation>