<annotation>
	<folder>side국물면류원형배달콩국수q5</folder>
	<filename>side_국물면류_원형배달_콩국수_Q5_00046.JPG</filename>
	<path>/side국물면류원형배달콩국수q5/side_국물면류_원형배달_콩국수_Q5_00046.JPG</path>
	<source>
		<database>fooddata</database>
	</source>
	<size>
		<width>3008</width>
		<height>2000</height>
		<depth>3</depth>
	</size>
	<object>
		<name>ref_spoon</name>
		<bndbox>
			<xmin>395</xmin>
			<ymin>463</ymin>
			<xmax>701</xmax>
			<ymax>845</ymax>
		</bndbox>
	</object>
	<object>
		<name>ref_fork</name>
		<bndbox>
			<xmin>759</xmin>
			<ymin>454</ymin>
			<xmax>972</xmax>
			<ymax>894</ymax>
		</bndbox>
	</object>
	<object>
		<name>ref_coin</name>
		<bndbox>
			<xmin>2320</xmin>
			<ymin>1639</ymin>
			<xmax>2560</xmax>
			<ymax>1825</ymax>
		</bndbox>
	</object>
	<object>
		<name>dish</name>
		<bndbox>
			<xmin>1211</xmin>
			<ymin>161</ymin>
			<xmax>2671</xmax>
			<ymax>1453</ymax>
		</bndbox>
	</object>
	<object>
		<name>콩국수</name>
		<bndbox>
			<xmin>1260</xmin>
			<ymin>327</ymin>
			<xmax>2591</xmax>
			<ymax>1053</ymax>
		</bndbox>
	</object>
</annotation>