<annotation>
	<folder>side국물면류원형배달콩국수q5</folder>
	<filename>side_국물면류_원형배달_콩국수_Q5_00010.JPG</filename>
	<path>/side국물면류원형배달콩국수q5/side_국물면류_원형배달_콩국수_Q5_00010.JPG</path>
	<source>
		<database>fooddata</database>
	</source>
	<size>
		<width>3008</width>
		<height>2000</height>
		<depth>3</depth>
	</size>
	<object>
		<name>ref_spoon</name>
		<bndbox>
			<xmin>1930</xmin>
			<ymin>738</ymin>
			<xmax>2214</xmax>
			<ymax>1120</ymax>
		</bndbox>
	</object>
	<object>
		<name>ref_fork</name>
		<bndbox>
			<xmin>2252</xmin>
			<ymin>774</ymin>
			<xmax>2453</xmax>
			<ymax>1179</ymax>
		</bndbox>
	</object>
	<object>
		<name>ref_coin</name>
		<bndbox>
			<xmin>1633</xmin>
			<ymin>441</ymin>
			<xmax>1832</xmax>
			<ymax>574</ymax>
		</bndbox>
	</object>
	<object>
		<name>dish</name>
		<bndbox>
			<xmin>359</xmin>
			<ymin>459</ymin>
			<xmax>1815</xmax>
			<ymax>1745</ymax>
		</bndbox>
	</object>
	<object>
		<name>콩국수</name>
		<bndbox>
			<xmin>430</xmin>
			<ymin>599</ymin>
			<xmax>1741</xmax>
			<ymax>1349</ymax>
		</bndbox>
	</object>
</annotation>