<annotation>
	<folder>top국물면류원형배달콩국수q5</folder>
	<filename>top_국물면류_원형배달_콩국수_Q5_00055.JPG</filename>
	<path>/top국물면류원형배달콩국수q5/top_국물면류_원형배달_콩국수_Q5_00055.JPG</path>
	<source>
		<database>fooddata</database>
	</source>
	<size>
		<width>3008</width>
		<height>2000</height>
		<depth>3</depth>
	</size>
	<object>
		<name>ref_spoon</name>
		<bndbox>
			<xmin>290</xmin>
			<ymin>500</ymin>
			<xmax>589</xmax>
			<ymax>954</ymax>
		</bndbox>
	</object>
	<object>
		<name>ref_fork</name>
		<bndbox>
			<xmin>722</xmin>
			<ymin>562</ymin>
			<xmax>925</xmax>
			<ymax>1023</ymax>
		</bndbox>
	</object>
	<object>
		<name>ref_coin</name>
		<bndbox>
			<xmin>772</xmin>
			<ymin>76</ymin>
			<xmax>983</xmax>
			<ymax>282</ymax>
		</bndbox>
	</object>
	<object>
		<name>dish</name>
		<bndbox>
			<xmin>1030</xmin>
			<ymin>472</ymin>
			<xmax>2495</xmax>
			<ymax>1917</ymax>
		</bndbox>
	</object>
	<object>
		<name>콩국수</name>
		<bndbox>
			<xmin>1128</xmin>
			<ymin>601</ymin>
			<xmax>2332</xmax>
			<ymax>1821</ymax>
		</bndbox>
	</object>
</annotation>