<annotation>
	<folder>top국물면류원형배달콩국수q5</folder>
	<filename>top_국물면류_원형배달_콩국수_Q5_00035.JPG</filename>
	<path>/top국물면류원형배달콩국수q5/top_국물면류_원형배달_콩국수_Q5_00035.JPG</path>
	<source>
		<database>fooddata</database>
	</source>
	<size>
		<width>3008</width>
		<height>2000</height>
		<depth>3</depth>
	</size>
	<object>
		<name>ref_spoon</name>
		<bndbox>
			<xmin>389</xmin>
			<ymin>251</ymin>
			<xmax>671</xmax>
			<ymax>688</ymax>
		</bndbox>
	</object>
	<object>
		<name>ref_fork</name>
		<bndbox>
			<xmin>765</xmin>
			<ymin>312</ymin>
			<xmax>965</xmax>
			<ymax>760</ymax>
		</bndbox>
	</object>
	<object>
		<name>ref_coin</name>
		<bndbox>
			<xmin>1418</xmin>
			<ymin>1628</ymin>
			<xmax>1616</xmax>
			<ymax>1841</ymax>
		</bndbox>
	</object>
	<object>
		<name>dish</name>
		<bndbox>
			<xmin>1193</xmin>
			<ymin>164</ymin>
			<xmax>2556</xmax>
			<ymax>1485</ymax>
		</bndbox>
	</object>
	<object>
		<name>콩국수</name>
		<bndbox>
			<xmin>1286</xmin>
			<ymin>281</ymin>
			<xmax>2414</xmax>
			<ymax>1419</ymax>
		</bndbox>
	</object>
</annotation>