<annotation>
	<folder>top국물면류원형배달콩국수q5</folder>
	<filename>top_국물면류_원형배달_콩국수_Q5_00002.JPG</filename>
	<path>/top국물면류원형배달콩국수q5/top_국물면류_원형배달_콩국수_Q5_00002.JPG</path>
	<source>
		<database>fooddata</database>
	</source>
	<size>
		<width>3008</width>
		<height>2000</height>
		<depth>3</depth>
	</size>
	<object>
		<name>ref_spoon</name>
		<bndbox>
			<xmin>1838</xmin>
			<ymin>220</ymin>
			<xmax>2078</xmax>
			<ymax>584</ymax>
		</bndbox>
	</object>
	<object>
		<name>ref_fork</name>
		<bndbox>
			<xmin>2134</xmin>
			<ymin>343</ymin>
			<xmax>2325</xmax>
			<ymax>734</ymax>
		</bndbox>
	</object>
	<object>
		<name>ref_coin</name>
		<bndbox>
			<xmin>984</xmin>
			<ymin>1580</ymin>
			<xmax>1169</xmax>
			<ymax>1768</ymax>
		</bndbox>
	</object>
	<object>
		<name>dish</name>
		<bndbox>
			<xmin>518</xmin>
			<ymin>207</ymin>
			<xmax>1753</xmax>
			<ymax>1394</ymax>
		</bndbox>
	</object>
	<object>
		<name>콩국수</name>
		<bndbox>
			<xmin>650</xmin>
			<ymin>327</ymin>
			<xmax>1672</xmax>
			<ymax>1338</ymax>
		</bndbox>
	</object>
</annotation>