<annotation>
	<folder>top국물면류원형배달콩국수q5</folder>
	<filename>top_국물면류_원형배달_콩국수_Q5_00005.JPG</filename>
	<path>/top국물면류원형배달콩국수q5/top_국물면류_원형배달_콩국수_Q5_00005.JPG</path>
	<source>
		<database>fooddata</database>
	</source>
	<size>
		<width>3008</width>
		<height>2000</height>
		<depth>3</depth>
	</size>
	<object>
		<name>ref_spoon</name>
		<bndbox>
			<xmin>1977</xmin>
			<ymin>245</ymin>
			<xmax>2236</xmax>
			<ymax>662</ymax>
		</bndbox>
	</object>
	<object>
		<name>ref_fork</name>
		<bndbox>
			<xmin>2302</xmin>
			<ymin>378</ymin>
			<xmax>2510</xmax>
			<ymax>804</ymax>
		</bndbox>
	</object>
	<object>
		<name>ref_coin</name>
		<bndbox>
			<xmin>315</xmin>
			<ymin>708</ymin>
			<xmax>528</xmax>
			<ymax>903</ymax>
		</bndbox>
	</object>
	<object>
		<name>dish</name>
		<bndbox>
			<xmin>670</xmin>
			<ymin>256</ymin>
			<xmax>2025</xmax>
			<ymax>1567</ymax>
		</bndbox>
	</object>
	<object>
		<name>콩국수</name>
		<bndbox>
			<xmin>789</xmin>
			<ymin>378</ymin>
			<xmax>1910</xmax>
			<ymax>1495</ymax>
		</bndbox>
	</object>
</annotation>