<annotation>
	<folder>top국물면류원형배달콩국수q5</folder>
	<filename>top_국물면류_원형배달_콩국수_Q5_00054.JPG</filename>
	<path>/top국물면류원형배달콩국수q5/top_국물면류_원형배달_콩국수_Q5_00054.JPG</path>
	<source>
		<database>fooddata</database>
	</source>
	<size>
		<width>3008</width>
		<height>2000</height>
		<depth>3</depth>
	</size>
	<object>
		<name>ref_spoon</name>
		<bndbox>
			<xmin>325</xmin>
			<ymin>530</ymin>
			<xmax>630</xmax>
			<ymax>974</ymax>
		</bndbox>
	</object>
	<object>
		<name>ref_fork</name>
		<bndbox>
			<xmin>765</xmin>
			<ymin>573</ymin>
			<xmax>970</xmax>
			<ymax>1048</ymax>
		</bndbox>
	</object>
	<object>
		<name>ref_coin</name>
		<bndbox>
			<xmin>589</xmin>
			<ymin>103</ymin>
			<xmax>803</xmax>
			<ymax>301</ymax>
		</bndbox>
	</object>
	<object>
		<name>dish</name>
		<bndbox>
			<xmin>1077</xmin>
			<ymin>459</ymin>
			<xmax>2535</xmax>
			<ymax>1922</ymax>
		</bndbox>
	</object>
	<object>
		<name>콩국수</name>
		<bndbox>
			<xmin>1158</xmin>
			<ymin>586</ymin>
			<xmax>2403</xmax>
			<ymax>1810</ymax>
		</bndbox>
	</object>
</annotation>