<annotation>
	<folder>side부침개류사각배달녹두빈대떡q4</folder>
	<filename>side_부침개류_사각배달_녹두빈대떡_Q4_00045.JPG</filename>
	<path>/side부침개류사각배달녹두빈대떡q4/side_부침개류_사각배달_녹두빈대떡_Q4_00045.JPG</path>
	<source>
		<database>fooddata</database>
	</source>
	<size>
		<width>3008</width>
		<height>2000</height>
		<depth>3</depth>
	</size>
	<object>
		<name>ref_spoon</name>
		<bndbox>
			<xmin>479</xmin>
			<ymin>559</ymin>
			<xmax>757</xmax>
			<ymax>918</ymax>
		</bndbox>
	</object>
	<object>
		<name>ref_fork</name>
		<bndbox>
			<xmin>893</xmin>
			<ymin>649</ymin>
			<xmax>1077</xmax>
			<ymax>1070</ymax>
		</bndbox>
	</object>
	<object>
		<name>ref_coin</name>
		<bndbox>
			<xmin>113</xmin>
			<ymin>1180</ymin>
			<xmax>333</xmax>
			<ymax>1351</ymax>
		</bndbox>
	</object>
	<object>
		<name>dish</name>
		<bndbox>
			<xmin>1313</xmin>
			<ymin>694</ymin>
			<xmax>2888</xmax>
			<ymax>1532</ymax>
		</bndbox>
	</object>
	<object>
		<name>녹두빈대떡</name>
		<bndbox>
			<xmin>1423</xmin>
			<ymin>924</ymin>
			<xmax>2565</xmax>
			<ymax>1380</ymax>
		</bndbox>
	</object>
</annotation>