<annotation>
	<folder>side부침개류사각배달녹두빈대떡q4</folder>
	<filename>side_부침개류_사각배달_녹두빈대떡_Q4_00001.JPG</filename>
	<path>/side부침개류사각배달녹두빈대떡q4/side_부침개류_사각배달_녹두빈대떡_Q4_00001.JPG</path>
	<source>
		<database>fooddata</database>
	</source>
	<size>
		<width>3008</width>
		<height>2000</height>
		<depth>3</depth>
	</size>
	<object>
		<name>ref_spoon</name>
		<bndbox>
			<xmin>1769</xmin>
			<ymin>326</ymin>
			<xmax>2057</xmax>
			<ymax>698</ymax>
		</bndbox>
	</object>
	<object>
		<name>ref_fork</name>
		<bndbox>
			<xmin>2193</xmin>
			<ymin>394</ymin>
			<xmax>2387</xmax>
			<ymax>814</ymax>
		</bndbox>
	</object>
	<object>
		<name>ref_coin</name>
		<bndbox>
			<xmin>1436</xmin>
			<ymin>1568</ymin>
			<xmax>1682</xmax>
			<ymax>1762</ymax>
		</bndbox>
	</object>
	<object>
		<name>dish</name>
		<bndbox>
			<xmin>485</xmin>
			<ymin>284</ymin>
			<xmax>1760</xmax>
			<ymax>1438</ymax>
		</bndbox>
	</object>
	<object>
		<name>녹두빈대떡</name>
		<bndbox>
			<xmin>624</xmin>
			<ymin>571</ymin>
			<xmax>1543</xmax>
			<ymax>1267</ymax>
		</bndbox>
	</object>
</annotation>