<annotation>
	<folder>side부침개류사각배달녹두빈대떡q4</folder>
	<filename>side_부침개류_사각배달_녹두빈대떡_Q4_00011.JPG</filename>
	<path>/side부침개류사각배달녹두빈대떡q4/side_부침개류_사각배달_녹두빈대떡_Q4_00011.JPG</path>
	<source>
		<database>fooddata</database>
	</source>
	<size>
		<width>3008</width>
		<height>2000</height>
		<depth>3</depth>
	</size>
	<object>
		<name>ref_spoon</name>
		<bndbox>
			<xmin>1824</xmin>
			<ymin>487</ymin>
			<xmax>2119</xmax>
			<ymax>892</ymax>
		</bndbox>
	</object>
	<object>
		<name>ref_fork</name>
		<bndbox>
			<xmin>2245</xmin>
			<ymin>575</ymin>
			<xmax>2436</xmax>
			<ymax>998</ymax>
		</bndbox>
	</object>
	<object>
		<name>ref_coin</name>
		<bndbox>
			<xmin>2578</xmin>
			<ymin>1125</ymin>
			<xmax>2804</xmax>
			<ymax>1293</ymax>
		</bndbox>
	</object>
	<object>
		<name>dish</name>
		<bndbox>
			<xmin>129</xmin>
			<ymin>429</ymin>
			<xmax>1808</xmax>
			<ymax>1720</ymax>
		</bndbox>
	</object>
	<object>
		<name>녹두빈대떡</name>
		<bndbox>
			<xmin>446</xmin>
			<ymin>798</ymin>
			<xmax>1404</xmax>
			<ymax>1467</ymax>
		</bndbox>
	</object>
</annotation>