<annotation>
	<folder>side부침개류사각배달녹두빈대떡q4</folder>
	<filename>side_부침개류_사각배달_녹두빈대떡_Q4_00030.JPG</filename>
	<path>/side부침개류사각배달녹두빈대떡q4/side_부침개류_사각배달_녹두빈대떡_Q4_00030.JPG</path>
	<source>
		<database>fooddata</database>
	</source>
	<size>
		<width>3008</width>
		<height>2000</height>
		<depth>3</depth>
	</size>
	<object>
		<name>ref_spoon</name>
		<bndbox>
			<xmin>524</xmin>
			<ymin>1441</ymin>
			<xmax>996</xmax>
			<ymax>1681</ymax>
		</bndbox>
	</object>
	<object>
		<name>ref_fork</name>
		<bndbox>
			<xmin>644</xmin>
			<ymin>1212</ymin>
			<xmax>1151</xmax>
			<ymax>1412</ymax>
		</bndbox>
	</object>
	<object>
		<name>ref_coin</name>
		<bndbox>
			<xmin>226</xmin>
			<ymin>1277</ymin>
			<xmax>440</xmax>
			<ymax>1454</ymax>
		</bndbox>
	</object>
	<object>
		<name>dish</name>
		<bndbox>
			<xmin>779</xmin>
			<ymin>248</ymin>
			<xmax>2206</xmax>
			<ymax>1015</ymax>
		</bndbox>
	</object>
	<object>
		<name>녹두빈대떡</name>
		<bndbox>
			<xmin>1126</xmin>
			<ymin>461</ymin>
			<xmax>2031</xmax>
			<ymax>885</ymax>
		</bndbox>
	</object>
</annotation>