<annotation>
	<folder>side부침개류사각배달녹두빈대떡q4</folder>
	<filename>side_부침개류_사각배달_녹두빈대떡_Q4_00031.JPG</filename>
	<path>/side부침개류사각배달녹두빈대떡q4/side_부침개류_사각배달_녹두빈대떡_Q4_00031.JPG</path>
	<source>
		<database>fooddata</database>
	</source>
	<size>
		<width>3008</width>
		<height>2000</height>
		<depth>3</depth>
	</size>
	<object>
		<name>ref_spoon</name>
		<bndbox>
			<xmin>540</xmin>
			<ymin>1429</ymin>
			<xmax>999</xmax>
			<ymax>1671</ymax>
		</bndbox>
	</object>
	<object>
		<name>ref_fork</name>
		<bndbox>
			<xmin>660</xmin>
			<ymin>1196</ymin>
			<xmax>1168</xmax>
			<ymax>1399</ymax>
		</bndbox>
	</object>
	<object>
		<name>ref_coin</name>
		<bndbox>
			<xmin>414</xmin>
			<ymin>1011</ymin>
			<xmax>627</xmax>
			<ymax>1163</ymax>
		</bndbox>
	</object>
	<object>
		<name>dish</name>
		<bndbox>
			<xmin>763</xmin>
			<ymin>109</ymin>
			<xmax>2338</xmax>
			<ymax>1076</ymax>
		</bndbox>
	</object>
	<object>
		<name>녹두빈대떡</name>
		<bndbox>
			<xmin>1145</xmin>
			<ymin>397</ymin>
			<xmax>2038</xmax>
			<ymax>976</ymax>
		</bndbox>
	</object>
</annotation>