<annotation>
	<folder>side부침개류사각배달녹두빈대떡q4</folder>
	<filename>side_부침개류_사각배달_녹두빈대떡_Q4_00052.JPG</filename>
	<path>/side부침개류사각배달녹두빈대떡q4/side_부침개류_사각배달_녹두빈대떡_Q4_00052.JPG</path>
	<source>
		<database>fooddata</database>
	</source>
	<size>
		<width>3008</width>
		<height>2000</height>
		<depth>3</depth>
	</size>
	<object>
		<name>ref_spoon</name>
		<bndbox>
			<xmin>378</xmin>
			<ymin>436</ymin>
			<xmax>647</xmax>
			<ymax>798</ymax>
		</bndbox>
	</object>
	<object>
		<name>ref_fork</name>
		<bndbox>
			<xmin>773</xmin>
			<ymin>507</ymin>
			<xmax>957</xmax>
			<ymax>914</ymax>
		</bndbox>
	</object>
	<object>
		<name>ref_coin</name>
		<bndbox>
			<xmin>1058</xmin>
			<ymin>1561</ymin>
			<xmax>1284</xmax>
			<ymax>1746</ymax>
		</bndbox>
	</object>
	<object>
		<name>dish</name>
		<bndbox>
			<xmin>986</xmin>
			<ymin>377</ymin>
			<xmax>2694</xmax>
			<ymax>1425</ymax>
		</bndbox>
	</object>
	<object>
		<name>녹두빈대떡</name>
		<bndbox>
			<xmin>1300</xmin>
			<ymin>639</ymin>
			<xmax>2364</xmax>
			<ymax>1293</ymax>
		</bndbox>
	</object>
</annotation>