<annotation>
	<folder>side부침개류사각배달녹두빈대떡q4</folder>
	<filename>side_부침개류_사각배달_녹두빈대떡_Q4_00004.JPG</filename>
	<path>/side부침개류사각배달녹두빈대떡q4/side_부침개류_사각배달_녹두빈대떡_Q4_00004.JPG</path>
	<source>
		<database>fooddata</database>
	</source>
	<size>
		<width>3008</width>
		<height>2000</height>
		<depth>3</depth>
	</size>
	<object>
		<name>ref_spoon</name>
		<bndbox>
			<xmin>2199</xmin>
			<ymin>575</ymin>
			<xmax>2494</xmax>
			<ymax>963</ymax>
		</bndbox>
	</object>
	<object>
		<name>ref_fork</name>
		<bndbox>
			<xmin>2607</xmin>
			<ymin>665</ymin>
			<xmax>2817</xmax>
			<ymax>1086</ymax>
		</bndbox>
	</object>
	<object>
		<name>ref_coin</name>
		<bndbox>
			<xmin>1035</xmin>
			<ymin>1707</ymin>
			<xmax>1278</xmax>
			<ymax>1878</ymax>
		</bndbox>
	</object>
	<object>
		<name>dish</name>
		<bndbox>
			<xmin>301</xmin>
			<ymin>636</ymin>
			<xmax>2005</xmax>
			<ymax>1555</ymax>
		</bndbox>
	</object>
	<object>
		<name>녹두빈대떡</name>
		<bndbox>
			<xmin>705</xmin>
			<ymin>833</ymin>
			<xmax>1662</xmax>
			<ymax>1416</ymax>
		</bndbox>
	</object>
</annotation>