<annotation>
	<folder>top부침개류사각배달녹두빈대떡q4</folder>
	<filename>top_부침개류_사각배달_녹두빈대떡_Q4_00041.JPG</filename>
	<path>/top부침개류사각배달녹두빈대떡q4/top_부침개류_사각배달_녹두빈대떡_Q4_00041.JPG</path>
	<source>
		<database>fooddata</database>
	</source>
	<size>
		<width>3008</width>
		<height>2000</height>
		<depth>3</depth>
	</size>
	<object>
		<name>ref_spoon</name>
		<bndbox>
			<xmin>612</xmin>
			<ymin>108</ymin>
			<xmax>870</xmax>
			<ymax>499</ymax>
		</bndbox>
	</object>
	<object>
		<name>ref_fork</name>
		<bndbox>
			<xmin>972</xmin>
			<ymin>219</ymin>
			<xmax>1145</xmax>
			<ymax>667</ymax>
		</bndbox>
	</object>
	<object>
		<name>ref_coin</name>
		<bndbox>
			<xmin>2462</xmin>
			<ymin>1120</ymin>
			<xmax>2653</xmax>
			<ymax>1293</ymax>
		</bndbox>
	</object>
	<object>
		<name>dish</name>
		<bndbox>
			<xmin>1167</xmin>
			<ymin>135</ymin>
			<xmax>2347</xmax>
			<ymax>1581</ymax>
		</bndbox>
	</object>
	<object>
		<name>녹두빈대떡</name>
		<bndbox>
			<xmin>1415</xmin>
			<ymin>410</ymin>
			<xmax>2152</xmax>
			<ymax>1297</ymax>
		</bndbox>
	</object>
</annotation>