<annotation>
	<folder>top부침개류사각배달녹두빈대떡q4</folder>
	<filename>top_부침개류_사각배달_녹두빈대떡_Q4_00024.JPG</filename>
	<path>/top부침개류사각배달녹두빈대떡q4/top_부침개류_사각배달_녹두빈대떡_Q4_00024.JPG</path>
	<source>
		<database>fooddata</database>
	</source>
	<size>
		<width>3008</width>
		<height>2000</height>
		<depth>3</depth>
	</size>
	<object>
		<name>ref_spoon</name>
		<bndbox>
			<xmin>754</xmin>
			<ymin>1572</ymin>
			<xmax>1145</xmax>
			<ymax>1830</ymax>
		</bndbox>
	</object>
	<object>
		<name>ref_fork</name>
		<bndbox>
			<xmin>825</xmin>
			<ymin>1364</ymin>
			<xmax>1229</xmax>
			<ymax>1524</ymax>
		</bndbox>
	</object>
	<object>
		<name>ref_coin</name>
		<bndbox>
			<xmin>2174</xmin>
			<ymin>1501</ymin>
			<xmax>2343</xmax>
			<ymax>1665</ymax>
		</bndbox>
	</object>
	<object>
		<name>dish</name>
		<bndbox>
			<xmin>918</xmin>
			<ymin>130</ymin>
			<xmax>2240</xmax>
			<ymax>1204</ymax>
		</bndbox>
	</object>
	<object>
		<name>녹두빈대떡</name>
		<bndbox>
			<xmin>1327</xmin>
			<ymin>366</ymin>
			<xmax>1886</xmax>
			<ymax>1009</ymax>
		</bndbox>
	</object>
</annotation>