<annotation>
	<folder>top부침개류사각배달녹두빈대떡q4</folder>
	<filename>top_부침개류_사각배달_녹두빈대떡_Q4_00038.JPG</filename>
	<path>/top부침개류사각배달녹두빈대떡q4/top_부침개류_사각배달_녹두빈대떡_Q4_00038.JPG</path>
	<source>
		<database>fooddata</database>
	</source>
	<size>
		<width>3008</width>
		<height>2000</height>
		<depth>3</depth>
	</size>
	<object>
		<name>ref_spoon</name>
		<bndbox>
			<xmin>550</xmin>
			<ymin>166</ymin>
			<xmax>790</xmax>
			<ymax>579</ymax>
		</bndbox>
	</object>
	<object>
		<name>ref_fork</name>
		<bndbox>
			<xmin>914</xmin>
			<ymin>277</ymin>
			<xmax>1078</xmax>
			<ymax>707</ymax>
		</bndbox>
	</object>
	<object>
		<name>ref_coin</name>
		<bndbox>
			<xmin>1579</xmin>
			<ymin>1612</ymin>
			<xmax>1766</xmax>
			<ymax>1799</ymax>
		</bndbox>
	</object>
	<object>
		<name>dish</name>
		<bndbox>
			<xmin>1224</xmin>
			<ymin>219</ymin>
			<xmax>2214</xmax>
			<ymax>1555</ymax>
		</bndbox>
	</object>
	<object>
		<name>녹두빈대떡</name>
		<bndbox>
			<xmin>1437</xmin>
			<ymin>508</ymin>
			<xmax>2036</xmax>
			<ymax>1284</ymax>
		</bndbox>
	</object>
</annotation>