<annotation>
	<folder>top부침개류사각배달녹두빈대떡q4</folder>
	<filename>top_부침개류_사각배달_녹두빈대떡_Q4_00033.JPG</filename>
	<path>/top부침개류사각배달녹두빈대떡q4/top_부침개류_사각배달_녹두빈대떡_Q4_00033.JPG</path>
	<source>
		<database>fooddata</database>
	</source>
	<size>
		<width>3008</width>
		<height>2000</height>
		<depth>3</depth>
	</size>
	<object>
		<name>ref_spoon</name>
		<bndbox>
			<xmin>745</xmin>
			<ymin>1581</ymin>
			<xmax>1127</xmax>
			<ymax>1816</ymax>
		</bndbox>
	</object>
	<object>
		<name>ref_fork</name>
		<bndbox>
			<xmin>825</xmin>
			<ymin>1373</ymin>
			<xmax>1233</xmax>
			<ymax>1528</ymax>
		</bndbox>
	</object>
	<object>
		<name>ref_coin</name>
		<bndbox>
			<xmin>816</xmin>
			<ymin>734</ymin>
			<xmax>985</xmax>
			<ymax>894</ymax>
		</bndbox>
	</object>
	<object>
		<name>dish</name>
		<bndbox>
			<xmin>1105</xmin>
			<ymin>33</ymin>
			<xmax>2325</xmax>
			<ymax>1373</ymax>
		</bndbox>
	</object>
	<object>
		<name>녹두빈대떡</name>
		<bndbox>
			<xmin>1349</xmin>
			<ymin>343</ymin>
			<xmax>1961</xmax>
			<ymax>960</ymax>
		</bndbox>
	</object>
</annotation>