<annotation>
	<folder>top부침개류사각배달녹두빈대떡q4</folder>
	<filename>top_부침개류_사각배달_녹두빈대떡_Q4_00012.JPG</filename>
	<path>/top부침개류사각배달녹두빈대떡q4/top_부침개류_사각배달_녹두빈대떡_Q4_00012.JPG</path>
	<source>
		<database>fooddata</database>
	</source>
	<size>
		<width>3008</width>
		<height>2000</height>
		<depth>3</depth>
	</size>
	<object>
		<name>ref_spoon</name>
		<bndbox>
			<xmin>1886</xmin>
			<ymin>437</ymin>
			<xmax>2143</xmax>
			<ymax>831</ymax>
		</bndbox>
	</object>
	<object>
		<name>ref_fork</name>
		<bndbox>
			<xmin>2174</xmin>
			<ymin>556</ymin>
			<xmax>2347</xmax>
			<ymax>982</ymax>
		</bndbox>
	</object>
	<object>
		<name>ref_coin</name>
		<bndbox>
			<xmin>665</xmin>
			<ymin>1506</ymin>
			<xmax>847</xmax>
			<ymax>1697</ymax>
		</bndbox>
	</object>
	<object>
		<name>dish</name>
		<bndbox>
			<xmin>333</xmin>
			<ymin>161</ymin>
			<xmax>1868</xmax>
			<ymax>1621</ymax>
		</bndbox>
	</object>
	<object>
		<name>녹두빈대떡</name>
		<bndbox>
			<xmin>781</xmin>
			<ymin>610</ymin>
			<xmax>1508</xmax>
			<ymax>1306</ymax>
		</bndbox>
	</object>
</annotation>