<annotation>
	<folder>top부침개류사각배달녹두빈대떡q4</folder>
	<filename>top_부침개류_사각배달_녹두빈대떡_Q4_00052.JPG</filename>
	<path>/top부침개류사각배달녹두빈대떡q4/top_부침개류_사각배달_녹두빈대떡_Q4_00052.JPG</path>
	<source>
		<database>fooddata</database>
	</source>
	<size>
		<width>3008</width>
		<height>2000</height>
		<depth>3</depth>
	</size>
	<object>
		<name>ref_spoon</name>
		<bndbox>
			<xmin>723</xmin>
			<ymin>348</ymin>
			<xmax>954</xmax>
			<ymax>720</ymax>
		</bndbox>
	</object>
	<object>
		<name>ref_fork</name>
		<bndbox>
			<xmin>1007</xmin>
			<ymin>468</ymin>
			<xmax>1171</xmax>
			<ymax>880</ymax>
		</bndbox>
	</object>
	<object>
		<name>ref_coin</name>
		<bndbox>
			<xmin>1921</xmin>
			<ymin>68</ymin>
			<xmax>2090</xmax>
			<ymax>232</ymax>
		</bndbox>
	</object>
	<object>
		<name>dish</name>
		<bndbox>
			<xmin>1140</xmin>
			<ymin>437</ymin>
			<xmax>2143</xmax>
			<ymax>1776</ymax>
		</bndbox>
	</object>
	<object>
		<name>녹두빈대떡</name>
		<bndbox>
			<xmin>1335</xmin>
			<ymin>610</ymin>
			<xmax>1903</xmax>
			<ymax>1475</ymax>
		</bndbox>
	</object>
</annotation>