<annotation>
	<folder>top부침개류사각배달녹두빈대떡q4</folder>
	<filename>top_부침개류_사각배달_녹두빈대떡_Q4_00040.JPG</filename>
	<path>/top부침개류사각배달녹두빈대떡q4/top_부침개류_사각배달_녹두빈대떡_Q4_00040.JPG</path>
	<source>
		<database>fooddata</database>
	</source>
	<size>
		<width>3008</width>
		<height>2000</height>
		<depth>3</depth>
	</size>
	<object>
		<name>ref_spoon</name>
		<bndbox>
			<xmin>572</xmin>
			<ymin>117</ymin>
			<xmax>830</xmax>
			<ymax>530</ymax>
		</bndbox>
	</object>
	<object>
		<name>ref_fork</name>
		<bndbox>
			<xmin>941</xmin>
			<ymin>228</ymin>
			<xmax>1109</xmax>
			<ymax>676</ymax>
		</bndbox>
	</object>
	<object>
		<name>ref_coin</name>
		<bndbox>
			<xmin>2356</xmin>
			<ymin>1315</ymin>
			<xmax>2538</xmax>
			<ymax>1488</ymax>
		</bndbox>
	</object>
	<object>
		<name>dish</name>
		<bndbox>
			<xmin>1233</xmin>
			<ymin>170</ymin>
			<xmax>2227</xmax>
			<ymax>1515</ymax>
		</bndbox>
	</object>
	<object>
		<name>녹두빈대떡</name>
		<bndbox>
			<xmin>1420</xmin>
			<ymin>379</ymin>
			<xmax>2081</xmax>
			<ymax>1235</ymax>
		</bndbox>
	</object>
</annotation>