<annotation>
	<folder>top부침개류사각배달녹두빈대떡q4</folder>
	<filename>top_부침개류_사각배달_녹두빈대떡_Q4_00045.JPG</filename>
	<path>/top부침개류사각배달녹두빈대떡q4/top_부침개류_사각배달_녹두빈대떡_Q4_00045.JPG</path>
	<source>
		<database>fooddata</database>
	</source>
	<size>
		<width>3008</width>
		<height>2000</height>
		<depth>3</depth>
	</size>
	<object>
		<name>ref_spoon</name>
		<bndbox>
			<xmin>839</xmin>
			<ymin>130</ymin>
			<xmax>1087</xmax>
			<ymax>539</ymax>
		</bndbox>
	</object>
	<object>
		<name>ref_fork</name>
		<bndbox>
			<xmin>1122</xmin>
			<ymin>259</ymin>
			<xmax>1295</xmax>
			<ymax>712</ymax>
		</bndbox>
	</object>
	<object>
		<name>ref_coin</name>
		<bndbox>
			<xmin>484</xmin>
			<ymin>760</ymin>
			<xmax>665</xmax>
			<ymax>938</ymax>
		</bndbox>
	</object>
	<object>
		<name>dish</name>
		<bndbox>
			<xmin>1309</xmin>
			<ymin>246</ymin>
			<xmax>2453</xmax>
			<ymax>1701</ymax>
		</bndbox>
	</object>
	<object>
		<name>녹두빈대떡</name>
		<bndbox>
			<xmin>1544</xmin>
			<ymin>587</ymin>
			<xmax>2209</xmax>
			<ymax>1444</ymax>
		</bndbox>
	</object>
</annotation>