<annotation>
	<folder>side밥류원형배달쌀밥q3</folder>
	<filename>side_밥류_원형배달_쌀밥_Q3_00023.JPG</filename>
	<path>/side밥류원형배달쌀밥q3/side_밥류_원형배달_쌀밥_Q3_00023.JPG</path>
	<source>
		<database>fooddata</database>
	</source>
	<size>
		<width>3008</width>
		<height>2000</height>
		<depth>3</depth>
	</size>
	<object>
		<name>ref_spoon</name>
		<bndbox>
			<xmin>435</xmin>
			<ymin>1568</ymin>
			<xmax>1074</xmax>
			<ymax>1883</ymax>
		</bndbox>
	</object>
	<object>
		<name>ref_fork</name>
		<bndbox>
			<xmin>595</xmin>
			<ymin>1280</ymin>
			<xmax>1264</xmax>
			<ymax>1563</ymax>
		</bndbox>
	</object>
	<object>
		<name>ref_coin</name>
		<bndbox>
			<xmin>1273</xmin>
			<ymin>55</ymin>
			<xmax>1482</xmax>
			<ymax>197</ymax>
		</bndbox>
	</object>
	<object>
		<name>dish</name>
		<bndbox>
			<xmin>1025</xmin>
			<ymin>224</ymin>
			<xmax>1957</xmax>
			<ymax>1164</ymax>
		</bndbox>
	</object>
	<object>
		<name>쌀밥</name>
		<bndbox>
			<xmin>1096</xmin>
			<ymin>343</ymin>
			<xmax>1744</xmax>
			<ymax>791</ymax>
		</bndbox>
	</object>
</annotation>