<annotation>
	<folder>side밥류원형배달쌀밥q3</folder>
	<filename>side_밥류_원형배달_쌀밥_Q3_00030.JPG</filename>
	<path>/side밥류원형배달쌀밥q3/side_밥류_원형배달_쌀밥_Q3_00030.JPG</path>
	<source>
		<database>fooddata</database>
	</source>
	<size>
		<width>3008</width>
		<height>2000</height>
		<depth>3</depth>
	</size>
	<object>
		<name>ref_spoon</name>
		<bndbox>
			<xmin>444</xmin>
			<ymin>1408</ymin>
			<xmax>998</xmax>
			<ymax>1692</ymax>
		</bndbox>
	</object>
	<object>
		<name>ref_fork</name>
		<bndbox>
			<xmin>572</xmin>
			<ymin>1151</ymin>
			<xmax>1189</xmax>
			<ymax>1399</ymax>
		</bndbox>
	</object>
	<object>
		<name>ref_coin</name>
		<bndbox>
			<xmin>2320</xmin>
			<ymin>1129</ymin>
			<xmax>2542</xmax>
			<ymax>1302</ymax>
		</bndbox>
	</object>
	<object>
		<name>dish</name>
		<bndbox>
			<xmin>1074</xmin>
			<ymin>157</ymin>
			<xmax>1925</xmax>
			<ymax>1027</ymax>
		</bndbox>
	</object>
	<object>
		<name>쌀밥</name>
		<bndbox>
			<xmin>1127</xmin>
			<ymin>335</ymin>
			<xmax>1792</xmax>
			<ymax>676</ymax>
		</bndbox>
	</object>
</annotation>