<annotation>
	<folder>side밥류원형배달쌀밥q3</folder>
	<filename>side_밥류_원형배달_쌀밥_Q3_00037.JPG</filename>
	<path>/side밥류원형배달쌀밥q3/side_밥류_원형배달_쌀밥_Q3_00037.JPG</path>
	<source>
		<database>fooddata</database>
	</source>
	<size>
		<width>3008</width>
		<height>2000</height>
		<depth>3</depth>
	</size>
	<object>
		<name>ref_spoon</name>
		<bndbox>
			<xmin>484</xmin>
			<ymin>454</ymin>
			<xmax>794</xmax>
			<ymax>911</ymax>
		</bndbox>
	</object>
	<object>
		<name>ref_fork</name>
		<bndbox>
			<xmin>932</xmin>
			<ymin>459</ymin>
			<xmax>1140</xmax>
			<ymax>1022</ymax>
		</bndbox>
	</object>
	<object>
		<name>ref_coin</name>
		<bndbox>
			<xmin>1260</xmin>
			<ymin>1430</ymin>
			<xmax>1500</xmax>
			<ymax>1612</ymax>
		</bndbox>
	</object>
	<object>
		<name>dish</name>
		<bndbox>
			<xmin>1353</xmin>
			<ymin>299</ymin>
			<xmax>2272</xmax>
			<ymax>1257</ymax>
		</bndbox>
	</object>
	<object>
		<name>쌀밥</name>
		<bndbox>
			<xmin>1464</xmin>
			<ymin>490</ymin>
			<xmax>2174</xmax>
			<ymax>889</ymax>
		</bndbox>
	</object>
</annotation>