<annotation>
	<folder>side밥류원형배달쌀밥q3</folder>
	<filename>side_밥류_원형배달_쌀밥_Q3_00027.JPG</filename>
	<path>/side밥류원형배달쌀밥q3/side_밥류_원형배달_쌀밥_Q3_00027.JPG</path>
	<source>
		<database>fooddata</database>
	</source>
	<size>
		<width>3008</width>
		<height>2000</height>
		<depth>3</depth>
	</size>
	<object>
		<name>ref_spoon</name>
		<bndbox>
			<xmin>559</xmin>
			<ymin>1524</ymin>
			<xmax>1154</xmax>
			<ymax>1794</ymax>
		</bndbox>
	</object>
	<object>
		<name>ref_fork</name>
		<bndbox>
			<xmin>697</xmin>
			<ymin>1262</ymin>
			<xmax>1340</xmax>
			<ymax>1497</ymax>
		</bndbox>
	</object>
	<object>
		<name>ref_coin</name>
		<bndbox>
			<xmin>2413</xmin>
			<ymin>898</ymin>
			<xmax>2622</xmax>
			<ymax>1062</ymax>
		</bndbox>
	</object>
	<object>
		<name>dish</name>
		<bndbox>
			<xmin>1078</xmin>
			<ymin>232</ymin>
			<xmax>1930</xmax>
			<ymax>1124</ymax>
		</bndbox>
	</object>
	<object>
		<name>쌀밥</name>
		<bndbox>
			<xmin>1167</xmin>
			<ymin>445</ymin>
			<xmax>1868</xmax>
			<ymax>769</ymax>
		</bndbox>
	</object>
</annotation>