<annotation>
	<folder>side밥류원형배달쌀밥q3</folder>
	<filename>side_밥류_원형배달_쌀밥_Q3_00012.JPG</filename>
	<path>/side밥류원형배달쌀밥q3/side_밥류_원형배달_쌀밥_Q3_00012.JPG</path>
	<source>
		<database>fooddata</database>
	</source>
	<size>
		<width>3008</width>
		<height>2000</height>
		<depth>3</depth>
	</size>
	<object>
		<name>ref_spoon</name>
		<bndbox>
			<xmin>1801</xmin>
			<ymin>623</ymin>
			<xmax>2116</xmax>
			<ymax>1102</ymax>
		</bndbox>
	</object>
	<object>
		<name>ref_fork</name>
		<bndbox>
			<xmin>2263</xmin>
			<ymin>720</ymin>
			<xmax>2484</xmax>
			<ymax>1271</ymax>
		</bndbox>
	</object>
	<object>
		<name>ref_coin</name>
		<bndbox>
			<xmin>1983</xmin>
			<ymin>317</ymin>
			<xmax>2196</xmax>
			<ymax>472</ymax>
		</bndbox>
	</object>
	<object>
		<name>dish</name>
		<bndbox>
			<xmin>559</xmin>
			<ymin>610</ymin>
			<xmax>1553</xmax>
			<ymax>1612</ymax>
		</bndbox>
	</object>
	<object>
		<name>쌀밥</name>
		<bndbox>
			<xmin>634</xmin>
			<ymin>911</ymin>
			<xmax>1437</xmax>
			<ymax>1262</ymax>
		</bndbox>
	</object>
</annotation>