<annotation>
	<folder>side밥류원형배달쌀밥q3</folder>
	<filename>side_밥류_원형배달_쌀밥_Q3_00022.JPG</filename>
	<path>/side밥류원형배달쌀밥q3/side_밥류_원형배달_쌀밥_Q3_00022.JPG</path>
	<source>
		<database>fooddata</database>
	</source>
	<size>
		<width>3008</width>
		<height>2000</height>
		<depth>3</depth>
	</size>
	<object>
		<name>ref_spoon</name>
		<bndbox>
			<xmin>461</xmin>
			<ymin>1453</ymin>
			<xmax>1100</xmax>
			<ymax>1763</ymax>
		</bndbox>
	</object>
	<object>
		<name>ref_fork</name>
		<bndbox>
			<xmin>612</xmin>
			<ymin>1155</ymin>
			<xmax>1304</xmax>
			<ymax>1439</ymax>
		</bndbox>
	</object>
	<object>
		<name>ref_coin</name>
		<bndbox>
			<xmin>679</xmin>
			<ymin>210</ymin>
			<xmax>905</xmax>
			<ymax>366</ymax>
		</bndbox>
	</object>
	<object>
		<name>dish</name>
		<bndbox>
			<xmin>1051</xmin>
			<ymin>117</ymin>
			<xmax>2010</xmax>
			<ymax>1071</ymax>
		</bndbox>
	</object>
	<object>
		<name>쌀밥</name>
		<bndbox>
			<xmin>1127</xmin>
			<ymin>401</ymin>
			<xmax>1903</xmax>
			<ymax>694</ymax>
		</bndbox>
	</object>
</annotation>