<annotation>
	<folder>side밥류원형배달쌀밥q3</folder>
	<filename>side_밥류_원형배달_쌀밥_Q3_00006.JPG</filename>
	<path>/side밥류원형배달쌀밥q3/side_밥류_원형배달_쌀밥_Q3_00006.JPG</path>
	<source>
		<database>fooddata</database>
	</source>
	<size>
		<width>3008</width>
		<height>2000</height>
		<depth>3</depth>
	</size>
	<object>
		<name>ref_spoon</name>
		<bndbox>
			<xmin>2063</xmin>
			<ymin>508</ymin>
			<xmax>2391</xmax>
			<ymax>996</ymax>
		</bndbox>
	</object>
	<object>
		<name>ref_fork</name>
		<bndbox>
			<xmin>2538</xmin>
			<ymin>601</ymin>
			<xmax>2760</xmax>
			<ymax>1164</ymax>
		</bndbox>
	</object>
	<object>
		<name>ref_coin</name>
		<bndbox>
			<xmin>200</xmin>
			<ymin>1133</ymin>
			<xmax>448</xmax>
			<ymax>1324</ymax>
		</bndbox>
	</object>
	<object>
		<name>dish</name>
		<bndbox>
			<xmin>865</xmin>
			<ymin>459</ymin>
			<xmax>1837</xmax>
			<ymax>1453</ymax>
		</bndbox>
	</object>
	<object>
		<name>쌀밥</name>
		<bndbox>
			<xmin>949</xmin>
			<ymin>587</ymin>
			<xmax>1633</xmax>
			<ymax>1089</ymax>
		</bndbox>
	</object>
</annotation>