<annotation>
	<folder>top밥류원형배달쌀밥q3</folder>
	<filename>top_밥류_원형배달_쌀밥_Q3_00022.JPG</filename>
	<path>/top밥류원형배달쌀밥q3/top_밥류_원형배달_쌀밥_Q3_00022.JPG</path>
	<source>
		<database>fooddata</database>
	</source>
	<size>
		<width>3008</width>
		<height>2000</height>
		<depth>3</depth>
	</size>
	<object>
		<name>ref_spoon</name>
		<bndbox>
			<xmin>732</xmin>
			<ymin>1558</ymin>
			<xmax>1180</xmax>
			<ymax>1832</ymax>
		</bndbox>
	</object>
	<object>
		<name>ref_fork</name>
		<bndbox>
			<xmin>792</xmin>
			<ymin>1274</ymin>
			<xmax>1225</xmax>
			<ymax>1453</ymax>
		</bndbox>
	</object>
	<object>
		<name>ref_coin</name>
		<bndbox>
			<xmin>1218</xmin>
			<ymin>69</ymin>
			<xmax>1389</xmax>
			<ymax>238</ymax>
		</bndbox>
	</object>
	<object>
		<name>dish</name>
		<bndbox>
			<xmin>1081</xmin>
			<ymin>368</ymin>
			<xmax>1882</xmax>
			<ymax>1154</ymax>
		</bndbox>
	</object>
	<object>
		<name>쌀밥</name>
		<bndbox>
			<xmin>1210</xmin>
			<ymin>536</ymin>
			<xmax>1793</xmax>
			<ymax>1101</ymax>
		</bndbox>
	</object>
</annotation>