<annotation>
	<folder>top밥류원형배달쌀밥q3</folder>
	<filename>top_밥류_원형배달_쌀밥_Q3_00035.JPG</filename>
	<path>/top밥류원형배달쌀밥q3/top_밥류_원형배달_쌀밥_Q3_00035.JPG</path>
	<source>
		<database>fooddata</database>
	</source>
	<size>
		<width>3008</width>
		<height>2000</height>
		<depth>3</depth>
	</size>
	<object>
		<name>ref_spoon</name>
		<bndbox>
			<xmin>494</xmin>
			<ymin>34</ymin>
			<xmax>817</xmax>
			<ymax>507</ymax>
		</bndbox>
	</object>
	<object>
		<name>ref_fork</name>
		<bndbox>
			<xmin>858</xmin>
			<ymin>243</ymin>
			<xmax>1065</xmax>
			<ymax>726</ymax>
		</bndbox>
	</object>
	<object>
		<name>ref_coin</name>
		<bndbox>
			<xmin>1923</xmin>
			<ymin>1259</ymin>
			<xmax>2138</xmax>
			<ymax>1478</ymax>
		</bndbox>
	</object>
	<object>
		<name>dish</name>
		<bndbox>
			<xmin>1092</xmin>
			<ymin>343</ymin>
			<xmax>2053</xmax>
			<ymax>1299</ymax>
		</bndbox>
	</object>
	<object>
		<name>쌀밥</name>
		<bndbox>
			<xmin>1220</xmin>
			<ymin>497</ymin>
			<xmax>1912</xmax>
			<ymax>1219</ymax>
		</bndbox>
	</object>
</annotation>