<annotation>
	<folder>top밥류원형배달쌀밥q3</folder>
	<filename>top_밥류_원형배달_쌀밥_Q3_00004.JPG</filename>
	<path>/top밥류원형배달쌀밥q3/top_밥류_원형배달_쌀밥_Q3_00004.JPG</path>
	<source>
		<database>fooddata</database>
	</source>
	<size>
		<width>3008</width>
		<height>2000</height>
		<depth>3</depth>
	</size>
	<object>
		<name>ref_spoon</name>
		<bndbox>
			<xmin>1746</xmin>
			<ymin>371</ymin>
			<xmax>2022</xmax>
			<ymax>781</ymax>
		</bndbox>
	</object>
	<object>
		<name>ref_fork</name>
		<bndbox>
			<xmin>2102</xmin>
			<ymin>552</ymin>
			<xmax>2296</xmax>
			<ymax>980</ymax>
		</bndbox>
	</object>
	<object>
		<name>ref_coin</name>
		<bndbox>
			<xmin>571</xmin>
			<ymin>1304</ymin>
			<xmax>784</xmax>
			<ymax>1508</ymax>
		</bndbox>
	</object>
	<object>
		<name>dish</name>
		<bndbox>
			<xmin>926</xmin>
			<ymin>592</ymin>
			<xmax>1798</xmax>
			<ymax>1458</ymax>
		</bndbox>
	</object>
	<object>
		<name>쌀밥</name>
		<bndbox>
			<xmin>1056</xmin>
			<ymin>726</ymin>
			<xmax>1653</xmax>
			<ymax>1354</ymax>
		</bndbox>
	</object>
</annotation>