<annotation>
	<folder>top밥류원형배달쌀밥q3</folder>
	<filename>top_밥류_원형배달_쌀밥_Q3_00051.JPG</filename>
	<path>/top밥류원형배달쌀밥q3/top_밥류_원형배달_쌀밥_Q3_00051.JPG</path>
	<source>
		<database>fooddata</database>
	</source>
	<size>
		<width>3008</width>
		<height>2000</height>
		<depth>3</depth>
	</size>
	<object>
		<name>ref_spoon</name>
		<bndbox>
			<xmin>521</xmin>
			<ymin>248</ymin>
			<xmax>858</xmax>
			<ymax>765</ymax>
		</bndbox>
	</object>
	<object>
		<name>ref_fork</name>
		<bndbox>
			<xmin>988</xmin>
			<ymin>437</ymin>
			<xmax>1210</xmax>
			<ymax>970</ymax>
		</bndbox>
	</object>
	<object>
		<name>ref_coin</name>
		<bndbox>
			<xmin>2527</xmin>
			<ymin>1204</ymin>
			<xmax>2769</xmax>
			<ymax>1443</ymax>
		</bndbox>
	</object>
	<object>
		<name>dish</name>
		<bndbox>
			<xmin>1444</xmin>
			<ymin>636</ymin>
			<xmax>2490</xmax>
			<ymax>1702</ymax>
		</bndbox>
	</object>
	<object>
		<name>쌀밥</name>
		<bndbox>
			<xmin>1524</xmin>
			<ymin>780</ymin>
			<xmax>2311</xmax>
			<ymax>1608</ymax>
		</bndbox>
	</object>
</annotation>