<annotation>
	<folder>top밥류원형배달쌀밥q3</folder>
	<filename>top_밥류_원형배달_쌀밥_Q3_00030.JPG</filename>
	<path>/top밥류원형배달쌀밥q3/top_밥류_원형배달_쌀밥_Q3_00030.JPG</path>
	<source>
		<database>fooddata</database>
	</source>
	<size>
		<width>3008</width>
		<height>2000</height>
		<depth>3</depth>
	</size>
	<object>
		<name>ref_spoon</name>
		<bndbox>
			<xmin>713</xmin>
			<ymin>1523</ymin>
			<xmax>1160</xmax>
			<ymax>1817</ymax>
		</bndbox>
	</object>
	<object>
		<name>ref_fork</name>
		<bndbox>
			<xmin>777</xmin>
			<ymin>1214</ymin>
			<xmax>1235</xmax>
			<ymax>1408</ymax>
		</bndbox>
	</object>
	<object>
		<name>ref_coin</name>
		<bndbox>
			<xmin>623</xmin>
			<ymin>960</ymin>
			<xmax>827</xmax>
			<ymax>1159</ymax>
		</bndbox>
	</object>
	<object>
		<name>dish</name>
		<bndbox>
			<xmin>1195</xmin>
			<ymin>76</ymin>
			<xmax>2050</xmax>
			<ymax>926</ymax>
		</bndbox>
	</object>
	<object>
		<name>쌀밥</name>
		<bndbox>
			<xmin>1301</xmin>
			<ymin>306</ymin>
			<xmax>1946</xmax>
			<ymax>880</ymax>
		</bndbox>
	</object>
</annotation>