<annotation>
	<folder>top밥류원형배달쌀밥q3</folder>
	<filename>top_밥류_원형배달_쌀밥_Q3_00024.JPG</filename>
	<path>/top밥류원형배달쌀밥q3/top_밥류_원형배달_쌀밥_Q3_00024.JPG</path>
	<source>
		<database>fooddata</database>
	</source>
	<size>
		<width>3008</width>
		<height>2000</height>
		<depth>3</depth>
	</size>
	<object>
		<name>ref_spoon</name>
		<bndbox>
			<xmin>662</xmin>
			<ymin>1538</ymin>
			<xmax>1106</xmax>
			<ymax>1837</ymax>
		</bndbox>
	</object>
	<object>
		<name>ref_fork</name>
		<bndbox>
			<xmin>737</xmin>
			<ymin>1244</ymin>
			<xmax>1195</xmax>
			<ymax>1428</ymax>
		</bndbox>
	</object>
	<object>
		<name>ref_coin</name>
		<bndbox>
			<xmin>904</xmin>
			<ymin>158</ymin>
			<xmax>1096</xmax>
			<ymax>341</ymax>
		</bndbox>
	</object>
	<object>
		<name>dish</name>
		<bndbox>
			<xmin>1081</xmin>
			<ymin>268</ymin>
			<xmax>1942</xmax>
			<ymax>1105</ymax>
		</bndbox>
	</object>
	<object>
		<name>쌀밥</name>
		<bndbox>
			<xmin>1185</xmin>
			<ymin>469</ymin>
			<xmax>1814</xmax>
			<ymax>1040</ymax>
		</bndbox>
	</object>
</annotation>