<annotation>
	<folder>top밥류원형배달쌀밥q3</folder>
	<filename>top_밥류_원형배달_쌀밥_Q3_00019.JPG</filename>
	<path>/top밥류원형배달쌀밥q3/top_밥류_원형배달_쌀밥_Q3_00019.JPG</path>
	<source>
		<database>fooddata</database>
	</source>
	<size>
		<width>3008</width>
		<height>2000</height>
		<depth>3</depth>
	</size>
	<object>
		<name>ref_spoon</name>
		<bndbox>
			<xmin>662</xmin>
			<ymin>1548</ymin>
			<xmax>1096</xmax>
			<ymax>1829</ymax>
		</bndbox>
	</object>
	<object>
		<name>ref_fork</name>
		<bndbox>
			<xmin>734</xmin>
			<ymin>1258</ymin>
			<xmax>1175</xmax>
			<ymax>1430</ymax>
		</bndbox>
	</object>
	<object>
		<name>ref_coin</name>
		<bndbox>
			<xmin>1629</xmin>
			<ymin>178</ymin>
			<xmax>1813</xmax>
			<ymax>363</ymax>
		</bndbox>
	</object>
	<object>
		<name>dish</name>
		<bndbox>
			<xmin>1046</xmin>
			<ymin>442</ymin>
			<xmax>1887</xmax>
			<ymax>1279</ymax>
		</bndbox>
	</object>
	<object>
		<name>쌀밥</name>
		<bndbox>
			<xmin>1126</xmin>
			<ymin>532</ymin>
			<xmax>1754</xmax>
			<ymax>1169</ymax>
		</bndbox>
	</object>
</annotation>