<annotation>
	<folder>top밥류원형배달쌀밥q3</folder>
	<filename>top_밥류_원형배달_쌀밥_Q3_00045.JPG</filename>
	<path>/top밥류원형배달쌀밥q3/top_밥류_원형배달_쌀밥_Q3_00045.JPG</path>
	<source>
		<database>fooddata</database>
	</source>
	<size>
		<width>3008</width>
		<height>2000</height>
		<depth>3</depth>
	</size>
	<object>
		<name>ref_spoon</name>
		<bndbox>
			<xmin>494</xmin>
			<ymin>306</ymin>
			<xmax>824</xmax>
			<ymax>826</ymax>
		</bndbox>
	</object>
	<object>
		<name>ref_fork</name>
		<bndbox>
			<xmin>956</xmin>
			<ymin>497</ymin>
			<xmax>1168</xmax>
			<ymax>1035</ymax>
		</bndbox>
	</object>
	<object>
		<name>ref_coin</name>
		<bndbox>
			<xmin>1103</xmin>
			<ymin>168</ymin>
			<xmax>1333</xmax>
			<ymax>387</ymax>
		</bndbox>
	</object>
	<object>
		<name>dish</name>
		<bndbox>
			<xmin>1245</xmin>
			<ymin>796</ymin>
			<xmax>2291</xmax>
			<ymax>1877</ymax>
		</bndbox>
	</object>
	<object>
		<name>쌀밥</name>
		<bndbox>
			<xmin>1379</xmin>
			<ymin>969</ymin>
			<xmax>2128</xmax>
			<ymax>1773</ymax>
		</bndbox>
	</object>
</annotation>