<annotation>
	<folder>side국물면류냉면기삼선짬뽕q5</folder>
	<filename>side_국물면류_냉면기_삼선짬뽕_Q5_00042.JPG</filename>
	<path>/side국물면류냉면기삼선짬뽕q5/side_국물면류_냉면기_삼선짬뽕_Q5_00042.JPG</path>
	<source>
		<database>fooddata</database>
	</source>
	<size>
		<width>3008</width>
		<height>2000</height>
		<depth>3</depth>
	</size>
	<object>
		<name>ref_spoon</name>
		<bndbox>
			<xmin>356</xmin>
			<ymin>855</ymin>
			<xmax>606</xmax>
			<ymax>1197</ymax>
		</bndbox>
	</object>
	<object>
		<name>ref_fork</name>
		<bndbox>
			<xmin>755</xmin>
			<ymin>866</ymin>
			<xmax>924</xmax>
			<ymax>1258</ymax>
		</bndbox>
	</object>
	<object>
		<name>ref_coin</name>
		<bndbox>
			<xmin>2618</xmin>
			<ymin>1302</ymin>
			<xmax>2799</xmax>
			<ymax>1424</ymax>
		</bndbox>
	</object>
	<object>
		<name>dish</name>
		<bndbox>
			<xmin>1195</xmin>
			<ymin>489</ymin>
			<xmax>2473</xmax>
			<ymax>1408</ymax>
		</bndbox>
	</object>
	<object>
		<name>삼선짬뽕</name>
		<bndbox>
			<xmin>1234</xmin>
			<ymin>591</ymin>
			<xmax>2426</xmax>
			<ymax>1233</ymax>
		</bndbox>
	</object>
</annotation>