<annotation>
	<folder>side국물면류냉면기삼선짬뽕q5</folder>
	<filename>side_국물면류_냉면기_삼선짬뽕_Q5_00037.JPG</filename>
	<path>/side국물면류냉면기삼선짬뽕q5/side_국물면류_냉면기_삼선짬뽕_Q5_00037.JPG</path>
	<source>
		<database>fooddata</database>
	</source>
	<size>
		<width>3008</width>
		<height>2000</height>
		<depth>3</depth>
	</size>
	<object>
		<name>ref_spoon</name>
		<bndbox>
			<xmin>353</xmin>
			<ymin>731</ymin>
			<xmax>600</xmax>
			<ymax>1076</ymax>
		</bndbox>
	</object>
	<object>
		<name>ref_fork</name>
		<bndbox>
			<xmin>753</xmin>
			<ymin>741</ymin>
			<xmax>920</xmax>
			<ymax>1130</ymax>
		</bndbox>
	</object>
	<object>
		<name>ref_coin</name>
		<bndbox>
			<xmin>2377</xmin>
			<ymin>1454</ymin>
			<xmax>2568</xmax>
			<ymax>1582</ymax>
		</bndbox>
	</object>
	<object>
		<name>dish</name>
		<bndbox>
			<xmin>1118</xmin>
			<ymin>396</ymin>
			<xmax>2395</xmax>
			<ymax>1331</ymax>
		</bndbox>
	</object>
	<object>
		<name>삼선짬뽕</name>
		<bndbox>
			<xmin>1171</xmin>
			<ymin>504</ymin>
			<xmax>2344</xmax>
			<ymax>1160</ymax>
		</bndbox>
	</object>
</annotation>