<annotation>
	<folder>side국물면류냉면기삼선짬뽕q5</folder>
	<filename>side_국물면류_냉면기_삼선짬뽕_Q5_00031.JPG</filename>
	<path>/side국물면류냉면기삼선짬뽕q5/side_국물면류_냉면기_삼선짬뽕_Q5_00031.JPG</path>
	<source>
		<database>fooddata</database>
	</source>
	<size>
		<width>3008</width>
		<height>2000</height>
		<depth>3</depth>
	</size>
	<object>
		<name>ref_spoon</name>
		<bndbox>
			<xmin>763</xmin>
			<ymin>1516</ymin>
			<xmax>1212</xmax>
			<ymax>1736</ymax>
		</bndbox>
	</object>
	<object>
		<name>ref_fork</name>
		<bndbox>
			<xmin>923</xmin>
			<ymin>1299</ymin>
			<xmax>1390</xmax>
			<ymax>1515</ymax>
		</bndbox>
	</object>
	<object>
		<name>ref_coin</name>
		<bndbox>
			<xmin>651</xmin>
			<ymin>1000</ymin>
			<xmax>835</xmax>
			<ymax>1120</ymax>
		</bndbox>
	</object>
	<object>
		<name>dish</name>
		<bndbox>
			<xmin>1093</xmin>
			<ymin>255</ymin>
			<xmax>2328</xmax>
			<ymax>1135</ymax>
		</bndbox>
	</object>
	<object>
		<name>삼선짬뽕</name>
		<bndbox>
			<xmin>1136</xmin>
			<ymin>330</ymin>
			<xmax>2261</xmax>
			<ymax>954</ymax>
		</bndbox>
	</object>
</annotation>