<annotation>
	<folder>side국물면류냉면기삼선짬뽕q5</folder>
	<filename>side_국물면류_냉면기_삼선짬뽕_Q5_00045.JPG</filename>
	<path>/side국물면류냉면기삼선짬뽕q5/side_국물면류_냉면기_삼선짬뽕_Q5_00045.JPG</path>
	<source>
		<database>fooddata</database>
	</source>
	<size>
		<width>3008</width>
		<height>2000</height>
		<depth>3</depth>
	</size>
	<object>
		<name>ref_spoon</name>
		<bndbox>
			<xmin>256</xmin>
			<ymin>849</ymin>
			<xmax>506</xmax>
			<ymax>1186</ymax>
		</bndbox>
	</object>
	<object>
		<name>ref_fork</name>
		<bndbox>
			<xmin>647</xmin>
			<ymin>875</ymin>
			<xmax>818</xmax>
			<ymax>1272</ymax>
		</bndbox>
	</object>
	<object>
		<name>ref_coin</name>
		<bndbox>
			<xmin>2445</xmin>
			<ymin>1178</ymin>
			<xmax>2615</xmax>
			<ymax>1293</ymax>
		</bndbox>
	</object>
	<object>
		<name>dish</name>
		<bndbox>
			<xmin>1028</xmin>
			<ymin>536</ymin>
			<xmax>2285</xmax>
			<ymax>1453</ymax>
		</bndbox>
	</object>
	<object>
		<name>삼선짬뽕</name>
		<bndbox>
			<xmin>1075</xmin>
			<ymin>599</ymin>
			<xmax>2230</xmax>
			<ymax>1282</ymax>
		</bndbox>
	</object>
</annotation>