<annotation>
	<folder>side국물면류냉면기삼선짬뽕q5</folder>
	<filename>side_국물면류_냉면기_삼선짬뽕_Q5_00032.JPG</filename>
	<path>/side국물면류냉면기삼선짬뽕q5/side_국물면류_냉면기_삼선짬뽕_Q5_00032.JPG</path>
	<source>
		<database>fooddata</database>
	</source>
	<size>
		<width>3008</width>
		<height>2000</height>
		<depth>3</depth>
	</size>
	<object>
		<name>ref_spoon</name>
		<bndbox>
			<xmin>756</xmin>
			<ymin>1494</ymin>
			<xmax>1206</xmax>
			<ymax>1710</ymax>
		</bndbox>
	</object>
	<object>
		<name>ref_fork</name>
		<bndbox>
			<xmin>913</xmin>
			<ymin>1275</ymin>
			<xmax>1373</xmax>
			<ymax>1488</ymax>
		</bndbox>
	</object>
	<object>
		<name>ref_coin</name>
		<bndbox>
			<xmin>664</xmin>
			<ymin>1031</ymin>
			<xmax>846</xmax>
			<ymax>1150</ymax>
		</bndbox>
	</object>
	<object>
		<name>dish</name>
		<bndbox>
			<xmin>1081</xmin>
			<ymin>231</ymin>
			<xmax>2316</xmax>
			<ymax>1111</ymax>
		</bndbox>
	</object>
	<object>
		<name>삼선짬뽕</name>
		<bndbox>
			<xmin>1130</xmin>
			<ymin>324</ymin>
			<xmax>2253</xmax>
			<ymax>929</ymax>
		</bndbox>
	</object>
</annotation>