<annotation>
	<folder>side국물면류냉면기삼선짬뽕q5</folder>
	<filename>side_국물면류_냉면기_삼선짬뽕_Q5_00013.JPG</filename>
	<path>/side국물면류냉면기삼선짬뽕q5/side_국물면류_냉면기_삼선짬뽕_Q5_00013.JPG</path>
	<source>
		<database>fooddata</database>
	</source>
	<size>
		<width>3008</width>
		<height>2000</height>
		<depth>3</depth>
	</size>
	<object>
		<name>ref_spoon</name>
		<bndbox>
			<xmin>2038</xmin>
			<ymin>728</ymin>
			<xmax>2310</xmax>
			<ymax>1107</ymax>
		</bndbox>
	</object>
	<object>
		<name>ref_fork</name>
		<bndbox>
			<xmin>2443</xmin>
			<ymin>755</ymin>
			<xmax>2649</xmax>
			<ymax>1182</ymax>
		</bndbox>
	</object>
	<object>
		<name>ref_coin</name>
		<bndbox>
			<xmin>1698</xmin>
			<ymin>504</ymin>
			<xmax>1879</xmax>
			<ymax>621</ymax>
		</bndbox>
	</object>
	<object>
		<name>dish</name>
		<bndbox>
			<xmin>429</xmin>
			<ymin>491</ymin>
			<xmax>1986</xmax>
			<ymax>1606</ymax>
		</bndbox>
	</object>
	<object>
		<name>삼선짬뽕</name>
		<bndbox>
			<xmin>502</xmin>
			<ymin>569</ymin>
			<xmax>1912</xmax>
			<ymax>1394</ymax>
		</bndbox>
	</object>
</annotation>