<annotation>
	<folder>side국물면류냉면기삼선짬뽕q5</folder>
	<filename>side_국물면류_냉면기_삼선짬뽕_Q5_00004.JPG</filename>
	<path>/side국물면류냉면기삼선짬뽕q5/side_국물면류_냉면기_삼선짬뽕_Q5_00004.JPG</path>
	<source>
		<database>fooddata</database>
	</source>
	<size>
		<width>3008</width>
		<height>2000</height>
		<depth>3</depth>
	</size>
	<object>
		<name>ref_spoon</name>
		<bndbox>
			<xmin>2137</xmin>
			<ymin>591</ymin>
			<xmax>2404</xmax>
			<ymax>966</ymax>
		</bndbox>
	</object>
	<object>
		<name>ref_fork</name>
		<bndbox>
			<xmin>2541</xmin>
			<ymin>625</ymin>
			<xmax>2741</xmax>
			<ymax>1050</ymax>
		</bndbox>
	</object>
	<object>
		<name>ref_coin</name>
		<bndbox>
			<xmin>220</xmin>
			<ymin>1597</ymin>
			<xmax>452</xmax>
			<ymax>1758</ymax>
		</bndbox>
	</object>
	<object>
		<name>dish</name>
		<bndbox>
			<xmin>478</xmin>
			<ymin>312</ymin>
			<xmax>2026</xmax>
			<ymax>1420</ymax>
		</bndbox>
	</object>
	<object>
		<name>삼선짬뽕</name>
		<bndbox>
			<xmin>549</xmin>
			<ymin>442</ymin>
			<xmax>1935</xmax>
			<ymax>1208</ymax>
		</bndbox>
	</object>
</annotation>