<annotation>
	<folder>side국물면류냉면기삼선짬뽕q5</folder>
	<filename>side_국물면류_냉면기_삼선짬뽕_Q5_00029.JPG</filename>
	<path>/side국물면류냉면기삼선짬뽕q5/side_국물면류_냉면기_삼선짬뽕_Q5_00029.JPG</path>
	<source>
		<database>fooddata</database>
	</source>
	<size>
		<width>3008</width>
		<height>2000</height>
		<depth>3</depth>
	</size>
	<object>
		<name>ref_spoon</name>
		<bndbox>
			<xmin>768</xmin>
			<ymin>1538</ymin>
			<xmax>1206</xmax>
			<ymax>1753</ymax>
		</bndbox>
	</object>
	<object>
		<name>ref_fork</name>
		<bndbox>
			<xmin>927</xmin>
			<ymin>1317</ymin>
			<xmax>1387</xmax>
			<ymax>1533</ymax>
		</bndbox>
	</object>
	<object>
		<name>ref_coin</name>
		<bndbox>
			<xmin>634</xmin>
			<ymin>783</ymin>
			<xmax>806</xmax>
			<ymax>891</ymax>
		</bndbox>
	</object>
	<object>
		<name>dish</name>
		<bndbox>
			<xmin>1095</xmin>
			<ymin>267</ymin>
			<xmax>2340</xmax>
			<ymax>1143</ymax>
		</bndbox>
	</object>
	<object>
		<name>삼선짬뽕</name>
		<bndbox>
			<xmin>1146</xmin>
			<ymin>300</ymin>
			<xmax>2275</xmax>
			<ymax>960</ymax>
		</bndbox>
	</object>
</annotation>