<annotation>
	<folder>top국물면류냉면기삼선짬뽕q5</folder>
	<filename>top_국물면류_냉면기_삼선짬뽕_Q5_00017.JPG</filename>
	<path>/top국물면류냉면기삼선짬뽕q5/top_국물면류_냉면기_삼선짬뽕_Q5_00017.JPG</path>
	<source>
		<database>fooddata</database>
	</source>
	<size>
		<width>3008</width>
		<height>2000</height>
		<depth>3</depth>
	</size>
	<object>
		<name>ref_spoon</name>
		<bndbox>
			<xmin>2140</xmin>
			<ymin>265</ymin>
			<xmax>2361</xmax>
			<ymax>609</ymax>
		</bndbox>
	</object>
	<object>
		<name>ref_fork</name>
		<bndbox>
			<xmin>2451</xmin>
			<ymin>282</ymin>
			<xmax>2607</xmax>
			<ymax>654</ymax>
		</bndbox>
	</object>
	<object>
		<name>ref_coin</name>
		<bndbox>
			<xmin>2705</xmin>
			<ymin>716</ymin>
			<xmax>2873</xmax>
			<ymax>892</ymax>
		</bndbox>
	</object>
	<object>
		<name>dish</name>
		<bndbox>
			<xmin>769</xmin>
			<ymin>249</ymin>
			<xmax>2181</xmax>
			<ymax>1636</ymax>
		</bndbox>
	</object>
	<object>
		<name>삼선짬뽕</name>
		<bndbox>
			<xmin>851</xmin>
			<ymin>343</ymin>
			<xmax>2095</xmax>
			<ymax>1575</ymax>
		</bndbox>
	</object>
</annotation>