<annotation>
	<folder>top국물면류냉면기삼선짬뽕q5</folder>
	<filename>top_국물면류_냉면기_삼선짬뽕_Q5_00043.JPG</filename>
	<path>/top국물면류냉면기삼선짬뽕q5/top_국물면류_냉면기_삼선짬뽕_Q5_00043.JPG</path>
	<source>
		<database>fooddata</database>
	</source>
	<size>
		<width>3008</width>
		<height>2000</height>
		<depth>3</depth>
	</size>
	<object>
		<name>ref_spoon</name>
		<bndbox>
			<xmin>499</xmin>
			<ymin>495</ymin>
			<xmax>728</xmax>
			<ymax>826</ymax>
		</bndbox>
	</object>
	<object>
		<name>ref_fork</name>
		<bndbox>
			<xmin>892</xmin>
			<ymin>527</ymin>
			<xmax>1044</xmax>
			<ymax>887</ymax>
		</bndbox>
	</object>
	<object>
		<name>ref_coin</name>
		<bndbox>
			<xmin>2509</xmin>
			<ymin>515</ymin>
			<xmax>2664</xmax>
			<ymax>675</ymax>
		</bndbox>
	</object>
	<object>
		<name>dish</name>
		<bndbox>
			<xmin>1215</xmin>
			<ymin>306</ymin>
			<xmax>2480</xmax>
			<ymax>1550</ymax>
		</bndbox>
	</object>
	<object>
		<name>삼선짬뽕</name>
		<bndbox>
			<xmin>1285</xmin>
			<ymin>380</ymin>
			<xmax>2398</xmax>
			<ymax>1493</ymax>
		</bndbox>
	</object>
</annotation>