<annotation>
	<folder>top국물면류냉면기삼선짬뽕q5</folder>
	<filename>top_국물면류_냉면기_삼선짬뽕_Q5_00015.JPG</filename>
	<path>/top국물면류냉면기삼선짬뽕q5/top_국물면류_냉면기_삼선짬뽕_Q5_00015.JPG</path>
	<source>
		<database>fooddata</database>
	</source>
	<size>
		<width>3008</width>
		<height>2000</height>
		<depth>3</depth>
	</size>
	<object>
		<name>ref_spoon</name>
		<bndbox>
			<xmin>2161</xmin>
			<ymin>315</ymin>
			<xmax>2394</xmax>
			<ymax>666</ymax>
		</bndbox>
	</object>
	<object>
		<name>ref_fork</name>
		<bndbox>
			<xmin>2480</xmin>
			<ymin>331</ymin>
			<xmax>2631</xmax>
			<ymax>707</ymax>
		</bndbox>
	</object>
	<object>
		<name>ref_coin</name>
		<bndbox>
			<xmin>2206</xmin>
			<ymin>48</ymin>
			<xmax>2382</xmax>
			<ymax>212</ymax>
		</bndbox>
	</object>
	<object>
		<name>dish</name>
		<bndbox>
			<xmin>880</xmin>
			<ymin>405</ymin>
			<xmax>2341</xmax>
			<ymax>1812</ymax>
		</bndbox>
	</object>
	<object>
		<name>삼선짬뽕</name>
		<bndbox>
			<xmin>966</xmin>
			<ymin>482</ymin>
			<xmax>2243</xmax>
			<ymax>1735</ymax>
		</bndbox>
	</object>
</annotation>