<annotation>
	<folder>top국물면류냉면기삼선짬뽕q5</folder>
	<filename>top_국물면류_냉면기_삼선짬뽕_Q5_00003.JPG</filename>
	<path>/top국물면류냉면기삼선짬뽕q5/top_국물면류_냉면기_삼선짬뽕_Q5_00003.JPG</path>
	<source>
		<database>fooddata</database>
	</source>
	<size>
		<width>3008</width>
		<height>2000</height>
		<depth>3</depth>
	</size>
	<object>
		<name>ref_spoon</name>
		<bndbox>
			<xmin>2153</xmin>
			<ymin>139</ymin>
			<xmax>2410</xmax>
			<ymax>515</ymax>
		</bndbox>
	</object>
	<object>
		<name>ref_fork</name>
		<bndbox>
			<xmin>2509</xmin>
			<ymin>155</ymin>
			<xmax>2681</xmax>
			<ymax>560</ymax>
		</bndbox>
	</object>
	<object>
		<name>ref_coin</name>
		<bndbox>
			<xmin>1404</xmin>
			<ymin>1726</ymin>
			<xmax>1604</xmax>
			<ymax>1935</ymax>
		</bndbox>
	</object>
	<object>
		<name>dish</name>
		<bndbox>
			<xmin>626</xmin>
			<ymin>98</ymin>
			<xmax>2194</xmax>
			<ymax>1620</ymax>
		</bndbox>
	</object>
	<object>
		<name>삼선짬뽕</name>
		<bndbox>
			<xmin>728</xmin>
			<ymin>192</ymin>
			<xmax>2091</xmax>
			<ymax>1534</ymax>
		</bndbox>
	</object>
</annotation>