<annotation>
	<folder>top국물면류냉면기삼선짬뽕q5</folder>
	<filename>top_국물면류_냉면기_삼선짬뽕_Q5_00027.JPG</filename>
	<path>/top국물면류냉면기삼선짬뽕q5/top_국물면류_냉면기_삼선짬뽕_Q5_00027.JPG</path>
	<source>
		<database>fooddata</database>
	</source>
	<size>
		<width>3008</width>
		<height>2000</height>
		<depth>3</depth>
	</size>
	<object>
		<name>ref_spoon</name>
		<bndbox>
			<xmin>1068</xmin>
			<ymin>1591</ymin>
			<xmax>1379</xmax>
			<ymax>1829</ymax>
		</bndbox>
	</object>
	<object>
		<name>ref_fork</name>
		<bndbox>
			<xmin>1101</xmin>
			<ymin>1362</ymin>
			<xmax>1428</xmax>
			<ymax>1526</ymax>
		</bndbox>
	</object>
	<object>
		<name>ref_coin</name>
		<bndbox>
			<xmin>704</xmin>
			<ymin>576</ymin>
			<xmax>864</xmax>
			<ymax>728</ymax>
		</bndbox>
	</object>
	<object>
		<name>dish</name>
		<bndbox>
			<xmin>1146</xmin>
			<ymin>98</ymin>
			<xmax>2349</xmax>
			<ymax>1268</ymax>
		</bndbox>
	</object>
	<object>
		<name>삼선짬뽕</name>
		<bndbox>
			<xmin>1215</xmin>
			<ymin>163</ymin>
			<xmax>2271</xmax>
			<ymax>1215</ymax>
		</bndbox>
	</object>
</annotation>