<annotation>
	<folder>top국물면류냉면기삼선짬뽕q5</folder>
	<filename>top_국물면류_냉면기_삼선짬뽕_Q5_00022.JPG</filename>
	<path>/top국물면류냉면기삼선짬뽕q5/top_국물면류_냉면기_삼선짬뽕_Q5_00022.JPG</path>
	<source>
		<database>fooddata</database>
	</source>
	<size>
		<width>3008</width>
		<height>2000</height>
		<depth>3</depth>
	</size>
	<object>
		<name>ref_spoon</name>
		<bndbox>
			<xmin>1117</xmin>
			<ymin>1579</ymin>
			<xmax>1432</xmax>
			<ymax>1812</ymax>
		</bndbox>
	</object>
	<object>
		<name>ref_fork</name>
		<bndbox>
			<xmin>1170</xmin>
			<ymin>1362</ymin>
			<xmax>1510</xmax>
			<ymax>1514</ymax>
		</bndbox>
	</object>
	<object>
		<name>ref_coin</name>
		<bndbox>
			<xmin>2349</xmin>
			<ymin>196</ymin>
			<xmax>2496</xmax>
			<ymax>347</ymax>
		</bndbox>
	</object>
	<object>
		<name>dish</name>
		<bndbox>
			<xmin>1265</xmin>
			<ymin>110</ymin>
			<xmax>2472</xmax>
			<ymax>1268</ymax>
		</bndbox>
	</object>
	<object>
		<name>삼선짬뽕</name>
		<bndbox>
			<xmin>1318</xmin>
			<ymin>155</ymin>
			<xmax>2394</xmax>
			<ymax>1223</ymax>
		</bndbox>
	</object>
</annotation>