<annotation>
	<folder>top국물면류냉면기삼선짬뽕q5</folder>
	<filename>top_국물면류_냉면기_삼선짬뽕_Q5_00036.JPG</filename>
	<path>/top국물면류냉면기삼선짬뽕q5/top_국물면류_냉면기_삼선짬뽕_Q5_00036.JPG</path>
	<source>
		<database>fooddata</database>
	</source>
	<size>
		<width>3008</width>
		<height>2000</height>
		<depth>3</depth>
	</size>
	<object>
		<name>ref_spoon</name>
		<bndbox>
			<xmin>610</xmin>
			<ymin>413</ymin>
			<xmax>839</xmax>
			<ymax>740</ymax>
		</bndbox>
	</object>
	<object>
		<name>ref_fork</name>
		<bndbox>
			<xmin>999</xmin>
			<ymin>445</ymin>
			<xmax>1146</xmax>
			<ymax>785</ymax>
		</bndbox>
	</object>
	<object>
		<name>ref_coin</name>
		<bndbox>
			<xmin>1809</xmin>
			<ymin>1493</ymin>
			<xmax>1981</xmax>
			<ymax>1661</ymax>
		</bndbox>
	</object>
	<object>
		<name>dish</name>
		<bndbox>
			<xmin>1359</xmin>
			<ymin>216</ymin>
			<xmax>2566</xmax>
			<ymax>1411</ymax>
		</bndbox>
	</object>
	<object>
		<name>삼선짬뽕</name>
		<bndbox>
			<xmin>1391</xmin>
			<ymin>282</ymin>
			<xmax>2488</xmax>
			<ymax>1358</ymax>
		</bndbox>
	</object>
</annotation>