<annotation>
	<folder>top국물면류냉면기삼선짬뽕q5</folder>
	<filename>top_국물면류_냉면기_삼선짬뽕_Q5_00037.JPG</filename>
	<path>/top국물면류냉면기삼선짬뽕q5/top_국물면류_냉면기_삼선짬뽕_Q5_00037.JPG</path>
	<source>
		<database>fooddata</database>
	</source>
	<size>
		<width>3008</width>
		<height>2000</height>
		<depth>3</depth>
	</size>
	<object>
		<name>ref_spoon</name>
		<bndbox>
			<xmin>413</xmin>
			<ymin>450</ymin>
			<xmax>643</xmax>
			<ymax>785</ymax>
		</bndbox>
	</object>
	<object>
		<name>ref_fork</name>
		<bndbox>
			<xmin>810</xmin>
			<ymin>478</ymin>
			<xmax>966</xmax>
			<ymax>830</ymax>
		</bndbox>
	</object>
	<object>
		<name>ref_coin</name>
		<bndbox>
			<xmin>2177</xmin>
			<ymin>1477</ymin>
			<xmax>2341</xmax>
			<ymax>1645</ymax>
		</bndbox>
	</object>
	<object>
		<name>dish</name>
		<bndbox>
			<xmin>1244</xmin>
			<ymin>327</ymin>
			<xmax>2501</xmax>
			<ymax>1563</ymax>
		</bndbox>
	</object>
	<object>
		<name>삼선짬뽕</name>
		<bndbox>
			<xmin>1306</xmin>
			<ymin>388</ymin>
			<xmax>2439</xmax>
			<ymax>1501</ymax>
		</bndbox>
	</object>
</annotation>