<annotation>
	<folder>side어육류면적사각배달훈제연어q3</folder>
	<filename>side_어육류면적_사각배달_훈제연어_Q3_00042.JPG</filename>
	<path>/side어육류면적사각배달훈제연어q3/side_어육류면적_사각배달_훈제연어_Q3_00042.JPG</path>
	<source>
		<database>fooddata</database>
	</source>
	<size>
		<width>3008</width>
		<height>2000</height>
		<depth>3</depth>
	</size>
	<object>
		<name>ref_spoon</name>
		<bndbox>
			<xmin>356</xmin>
			<ymin>500</ymin>
			<xmax>686</xmax>
			<ymax>901</ymax>
		</bndbox>
	</object>
	<object>
		<name>ref_fork</name>
		<bndbox>
			<xmin>747</xmin>
			<ymin>525</ymin>
			<xmax>986</xmax>
			<ymax>977</ymax>
		</bndbox>
	</object>
	<object>
		<name>ref_coin</name>
		<bndbox>
			<xmin>2373</xmin>
			<ymin>652</ymin>
			<xmax>2607</xmax>
			<ymax>820</ymax>
		</bndbox>
	</object>
	<object>
		<name>dish</name>
		<bndbox>
			<xmin>1194</xmin>
			<ymin>352</ymin>
			<xmax>2388</xmax>
			<ymax>1663</ymax>
		</bndbox>
	</object>
	<object>
		<name>훈제연어</name>
		<bndbox>
			<xmin>1301</xmin>
			<ymin>738</ymin>
			<xmax>2205</xmax>
			<ymax>1414</ymax>
		</bndbox>
	</object>
</annotation>