<annotation>
	<folder>side어육류면적사각배달훈제연어q3</folder>
	<filename>side_어육류면적_사각배달_훈제연어_Q3_00024.JPG</filename>
	<path>/side어육류면적사각배달훈제연어q3/side_어육류면적_사각배달_훈제연어_Q3_00024.JPG</path>
	<source>
		<database>fooddata</database>
	</source>
	<size>
		<width>3008</width>
		<height>2000</height>
		<depth>3</depth>
	</size>
	<object>
		<name>ref_spoon</name>
		<bndbox>
			<xmin>544</xmin>
			<ymin>1556</ymin>
			<xmax>1006</xmax>
			<ymax>1851</ymax>
		</bndbox>
	</object>
	<object>
		<name>ref_fork</name>
		<bndbox>
			<xmin>549</xmin>
			<ymin>1323</ymin>
			<xmax>1082</xmax>
			<ymax>1577</ymax>
		</bndbox>
	</object>
	<object>
		<name>ref_coin</name>
		<bndbox>
			<xmin>772</xmin>
			<ymin>1201</ymin>
			<xmax>996</xmax>
			<ymax>1363</ymax>
		</bndbox>
	</object>
	<object>
		<name>dish</name>
		<bndbox>
			<xmin>894</xmin>
			<ymin>73</ymin>
			<xmax>2165</xmax>
			<ymax>1191</ymax>
		</bndbox>
	</object>
	<object>
		<name>훈제연어</name>
		<bndbox>
			<xmin>1098</xmin>
			<ymin>550</ymin>
			<xmax>1809</xmax>
			<ymax>967</ymax>
		</bndbox>
	</object>
</annotation>