<annotation>
	<folder>side어육류면적사각배달훈제연어q3</folder>
	<filename>side_어육류면적_사각배달_훈제연어_Q3_00002.JPG</filename>
	<path>/side어육류면적사각배달훈제연어q3/side_어육류면적_사각배달_훈제연어_Q3_00002.JPG</path>
	<source>
		<database>fooddata</database>
	</source>
	<size>
		<width>3008</width>
		<height>2000</height>
		<depth>3</depth>
	</size>
	<object>
		<name>ref_spoon</name>
		<bndbox>
			<xmin>1631</xmin>
			<ymin>296</ymin>
			<xmax>1971</xmax>
			<ymax>718</ymax>
		</bndbox>
	</object>
	<object>
		<name>ref_fork</name>
		<bndbox>
			<xmin>2038</xmin>
			<ymin>296</ymin>
			<xmax>2286</xmax>
			<ymax>769</ymax>
		</bndbox>
	</object>
	<object>
		<name>ref_coin</name>
		<bndbox>
			<xmin>904</xmin>
			<ymin>1724</ymin>
			<xmax>1199</xmax>
			<ymax>1948</ymax>
		</bndbox>
	</object>
	<object>
		<name>dish</name>
		<bndbox>
			<xmin>224</xmin>
			<ymin>113</ymin>
			<xmax>1611</xmax>
			<ymax>1521</ymax>
		</bndbox>
	</object>
	<object>
		<name>훈제연어</name>
		<bndbox>
			<xmin>569</xmin>
			<ymin>530</ymin>
			<xmax>1484</xmax>
			<ymax>1241</ymax>
		</bndbox>
	</object>
</annotation>