<annotation>
	<folder>side어육류면적사각배달훈제연어q3</folder>
	<filename>side_어육류면적_사각배달_훈제연어_Q3_00052.JPG</filename>
	<path>/side어육류면적사각배달훈제연어q3/side_어육류면적_사각배달_훈제연어_Q3_00052.JPG</path>
	<source>
		<database>fooddata</database>
	</source>
	<size>
		<width>3008</width>
		<height>2000</height>
		<depth>3</depth>
	</size>
	<object>
		<name>ref_spoon</name>
		<bndbox>
			<xmin>229</xmin>
			<ymin>327</ymin>
			<xmax>564</xmax>
			<ymax>764</ymax>
		</bndbox>
	</object>
	<object>
		<name>ref_fork</name>
		<bndbox>
			<xmin>635</xmin>
			<ymin>337</ymin>
			<xmax>869</xmax>
			<ymax>825</ymax>
		</bndbox>
	</object>
	<object>
		<name>ref_coin</name>
		<bndbox>
			<xmin>2607</xmin>
			<ymin>982</ymin>
			<xmax>2856</xmax>
			<ymax>1180</ymax>
		</bndbox>
	</object>
	<object>
		<name>dish</name>
		<bndbox>
			<xmin>1275</xmin>
			<ymin>174</ymin>
			<xmax>2541</xmax>
			<ymax>1531</ymax>
		</bndbox>
	</object>
	<object>
		<name>훈제연어</name>
		<bndbox>
			<xmin>1372</xmin>
			<ymin>566</ymin>
			<xmax>2322</xmax>
			<ymax>1262</ymax>
		</bndbox>
	</object>
</annotation>