<annotation>
	<folder>재작업3</folder>
	<filename>top_어육류면적_사각배달_훈제연어_Q3_00002.JPG</filename>
	<path>/top어육류면적사각배달훈제연어q3/top_어육류면적_사각배달_훈제연어_Q3_00002.JPG</path>
	<source>
		<database>fooddata</database>
	</source>
	<size>
		<width>3008</width>
		<height>2000</height>
		<depth>3</depth>
	</size>
	<object>
		<name>ref_spoon</name>
		<bndbox>
			<xmin>2182</xmin>
			<ymin>412</ymin>
			<xmax>2450</xmax>
			<ymax>813</ymax>
		</bndbox>
	</object>
	<object>
		<name>ref_fork</name>
		<bndbox>
			<xmin>2489</xmin>
			<ymin>481</ymin>
			<xmax>2716</xmax>
			<ymax>939</ymax>
		</bndbox>
	</object>
	<object>
		<name>ref_coin</name>
		<bndbox>
			<xmin>1778</xmin>
			<ymin>1448</ymin>
			<xmax>1980</xmax>
			<ymax>1650</ymax>
		</bndbox>
	</object>
	<object>
		<name>dish</name>
		<bndbox>
			<xmin>443</xmin>
			<ymin>225</ymin>
			<xmax>1957</xmax>
			<ymax>1345</ymax>
		</bndbox>
	</object>
	<object>
		<name>훈제연어</name>
		<bndbox>
			<xmin>808</xmin>
			<ymin>419</ymin>
			<xmax>1750</xmax>
			<ymax>1215</ymax>
		</bndbox>
	</object>
</annotation>