<annotation>
	<folder>top어육류면적사각배달훈제연어q3</folder>
	<filename>top_어육류면적_사각배달_훈제연어_Q3_00037.JPG</filename>
	<path>/top어육류면적사각배달훈제연어q3/top_어육류면적_사각배달_훈제연어_Q3_00037.JPG</path>
	<source>
		<database>fooddata</database>
	</source>
	<size>
		<width>3008</width>
		<height>2000</height>
		<depth>3</depth>
	</size>
	<object>
		<name>ref_spoon</name>
		<bndbox>
			<xmin>311</xmin>
			<ymin>113</ymin>
			<xmax>595</xmax>
			<ymax>534</ymax>
		</bndbox>
	</object>
	<object>
		<name>ref_fork</name>
		<bndbox>
			<xmin>670</xmin>
			<ymin>157</ymin>
			<xmax>865</xmax>
			<ymax>627</ymax>
		</bndbox>
	</object>
	<object>
		<name>ref_coin</name>
		<bndbox>
			<xmin>958</xmin>
			<ymin>499</ymin>
			<xmax>1162</xmax>
			<ymax>698</ymax>
		</bndbox>
	</object>
	<object>
		<name>dish</name>
		<bndbox>
			<xmin>1295</xmin>
			<ymin>361</ymin>
			<xmax>2356</xmax>
			<ymax>1813</ymax>
		</bndbox>
	</object>
	<object>
		<name>훈제연어</name>
		<bndbox>
			<xmin>1420</xmin>
			<ymin>774</ymin>
			<xmax>2192</xmax>
			<ymax>1676</ymax>
		</bndbox>
	</object>
</annotation>