<annotation>
	<folder>top어육류면적사각배달훈제연어q3</folder>
	<filename>top_어육류면적_사각배달_훈제연어_Q3_00012.JPG</filename>
	<path>/top어육류면적사각배달훈제연어q3/top_어육류면적_사각배달_훈제연어_Q3_00012.JPG</path>
	<source>
		<database>fooddata</database>
	</source>
	<size>
		<width>3008</width>
		<height>2000</height>
		<depth>3</depth>
	</size>
	<object>
		<name>ref_spoon</name>
		<bndbox>
			<xmin>1979</xmin>
			<ymin>445</ymin>
			<xmax>2254</xmax>
			<ymax>854</ymax>
		</bndbox>
	</object>
	<object>
		<name>ref_fork</name>
		<bndbox>
			<xmin>2272</xmin>
			<ymin>508</ymin>
			<xmax>2502</xmax>
			<ymax>956</ymax>
		</bndbox>
	</object>
	<object>
		<name>ref_coin</name>
		<bndbox>
			<xmin>1681</xmin>
			<ymin>809</ymin>
			<xmax>1872</xmax>
			<ymax>1013</ymax>
		</bndbox>
	</object>
	<object>
		<name>dish</name>
		<bndbox>
			<xmin>257</xmin>
			<ymin>255</ymin>
			<xmax>1673</xmax>
			<ymax>1732</ymax>
		</bndbox>
	</object>
	<object>
		<name>훈제연어</name>
		<bndbox>
			<xmin>455</xmin>
			<ymin>541</ymin>
			<xmax>1490</xmax>
			<ymax>1362</ymax>
		</bndbox>
	</object>
</annotation>