<annotation>
	<folder>top어육류면적사각배달훈제연어q3</folder>
	<filename>top_어육류면적_사각배달_훈제연어_Q3_00046.JPG</filename>
	<path>/top어육류면적사각배달훈제연어q3/top_어육류면적_사각배달_훈제연어_Q3_00046.JPG</path>
	<source>
		<database>fooddata</database>
	</source>
	<size>
		<width>3008</width>
		<height>2000</height>
		<depth>3</depth>
	</size>
	<object>
		<name>ref_spoon</name>
		<bndbox>
			<xmin>648</xmin>
			<ymin>312</ymin>
			<xmax>932</xmax>
			<ymax>725</ymax>
		</bndbox>
	</object>
	<object>
		<name>ref_fork</name>
		<bndbox>
			<xmin>1003</xmin>
			<ymin>339</ymin>
			<xmax>1193</xmax>
			<ymax>805</ymax>
		</bndbox>
	</object>
	<object>
		<name>ref_coin</name>
		<bndbox>
			<xmin>359</xmin>
			<ymin>1027</ymin>
			<xmax>559</xmax>
			<ymax>1226</ymax>
		</bndbox>
	</object>
	<object>
		<name>dish</name>
		<bndbox>
			<xmin>1167</xmin>
			<ymin>323</ymin>
			<xmax>2214</xmax>
			<ymax>1750</ymax>
		</bndbox>
	</object>
	<object>
		<name>훈제연어</name>
		<bndbox>
			<xmin>1335</xmin>
			<ymin>730</ymin>
			<xmax>2085</xmax>
			<ymax>1647</ymax>
		</bndbox>
	</object>
</annotation>