<annotation>
	<folder>top어육류면적사각배달훈제연어q3</folder>
	<filename>top_어육류면적_사각배달_훈제연어_Q3_00029.JPG</filename>
	<path>/top어육류면적사각배달훈제연어q3/top_어육류면적_사각배달_훈제연어_Q3_00029.JPG</path>
	<source>
		<database>fooddata</database>
	</source>
	<size>
		<width>3008</width>
		<height>2000</height>
		<depth>3</depth>
	</size>
	<object>
		<name>ref_spoon</name>
		<bndbox>
			<xmin>772</xmin>
			<ymin>1648</ymin>
			<xmax>1145</xmax>
			<ymax>1896</ymax>
		</bndbox>
	</object>
	<object>
		<name>ref_fork</name>
		<bndbox>
			<xmin>816</xmin>
			<ymin>1435</ymin>
			<xmax>1185</xmax>
			<ymax>1595</ymax>
		</bndbox>
	</object>
	<object>
		<name>ref_coin</name>
		<bndbox>
			<xmin>1668</xmin>
			<ymin>122</ymin>
			<xmax>1832</xmax>
			<ymax>286</ymax>
		</bndbox>
	</object>
	<object>
		<name>dish</name>
		<bndbox>
			<xmin>772</xmin>
			<ymin>250</ymin>
			<xmax>1996</xmax>
			<ymax>1390</ymax>
		</bndbox>
	</object>
	<object>
		<name>훈제연어</name>
		<bndbox>
			<xmin>972</xmin>
			<ymin>414</ymin>
			<xmax>1664</xmax>
			<ymax>1124</ymax>
		</bndbox>
	</object>
</annotation>