<annotation>
	<folder>top어육류면적사각배달훈제연어q3</folder>
	<filename>top_어육류면적_사각배달_훈제연어_Q3_00035.JPG</filename>
	<path>/top어육류면적사각배달훈제연어q3/top_어육류면적_사각배달_훈제연어_Q3_00035.JPG</path>
	<source>
		<database>fooddata</database>
	</source>
	<size>
		<width>3008</width>
		<height>2000</height>
		<depth>3</depth>
	</size>
	<object>
		<name>ref_spoon</name>
		<bndbox>
			<xmin>839</xmin>
			<ymin>1692</ymin>
			<xmax>1211</xmax>
			<ymax>1945</ymax>
		</bndbox>
	</object>
	<object>
		<name>ref_fork</name>
		<bndbox>
			<xmin>865</xmin>
			<ymin>1466</ymin>
			<xmax>1269</xmax>
			<ymax>1634</ymax>
		</bndbox>
	</object>
	<object>
		<name>ref_coin</name>
		<bndbox>
			<xmin>1380</xmin>
			<ymin>1155</ymin>
			<xmax>1548</xmax>
			<ymax>1328</ymax>
		</bndbox>
	</object>
	<object>
		<name>dish</name>
		<bndbox>
			<xmin>918</xmin>
			<ymin>120</ymin>
			<xmax>2174</xmax>
			<ymax>1155</ymax>
		</bndbox>
	</object>
	<object>
		<name>훈제연어</name>
		<bndbox>
			<xmin>1250</xmin>
			<ymin>404</ymin>
			<xmax>1937</xmax>
			<ymax>1070</ymax>
		</bndbox>
	</object>
</annotation>