<annotation>
	<folder>sid국류뚝배기순대국q4</folder>
	<filename>side_국류_뚝배기_순대국_Q4_00022.JPG</filename>
	<path>/side국류뚝배기순대국q4/side_국류_뚝배기_순대국_Q4_00022.JPG</path>
	<source>
		<database>fooddata</database>
	</source>
	<size>
		<width>5472</width>
		<height>3648</height>
		<depth>3</depth>
	</size>
	<object>
		<name>ref_spoon</name>
		<bndbox>
			<xmin>1012</xmin>
			<ymin>2943</ymin>
			<xmax>1888</xmax>
			<ymax>3419</ymax>
		</bndbox>
	</object>
	<object>
		<name>ref_fork</name>
		<bndbox>
			<xmin>1122</xmin>
			<ymin>2476</ymin>
			<xmax>2026</xmax>
			<ymax>2872</ymax>
		</bndbox>
	</object>
	<object>
		<name>ref_coin</name>
		<bndbox>
			<xmin>4189</xmin>
			<ymin>1091</ymin>
			<xmax>4546</xmax>
			<ymax>1338</ymax>
		</bndbox>
	</object>
	<object>
		<name>dish</name>
		<bndbox>
			<xmin>1483</xmin>
			<ymin>95</ymin>
			<xmax>4041</xmax>
			<ymax>2253</ymax>
		</bndbox>
	</object>
	<object>
		<name>순대국</name>
		<bndbox>
			<xmin>1760</xmin>
			<ymin>576</ymin>
			<xmax>3774</xmax>
			<ymax>1581</ymax>
		</bndbox>
	</object>
</annotation>