<annotation>
	<folder>sid국류뚝배기순대국q4</folder>
	<filename>side_국류_뚝배기_순대국_Q4_00016.JPG</filename>
	<path>/side국류뚝배기순대국q4/side_국류_뚝배기_순대국_Q4_00016.JPG</path>
	<source>
		<database>fooddata</database>
	</source>
	<size>
		<width>5472</width>
		<height>3648</height>
		<depth>3</depth>
	</size>
	<object>
		<name>ref_spoon</name>
		<bndbox>
			<xmin>3350</xmin>
			<ymin>786</ymin>
			<xmax>3822</xmax>
			<ymax>1467</ymax>
		</bndbox>
	</object>
	<object>
		<name>ref_fork</name>
		<bndbox>
			<xmin>4003</xmin>
			<ymin>752</ymin>
			<xmax>4327</xmax>
			<ymax>1505</ymax>
		</bndbox>
	</object>
	<object>
		<name>ref_coin</name>
		<bndbox>
			<xmin>1312</xmin>
			<ymin>2977</ymin>
			<xmax>1703</xmax>
			<ymax>3291</ymax>
		</bndbox>
	</object>
	<object>
		<name>dish</name>
		<bndbox>
			<xmin>736</xmin>
			<ymin>338</ymin>
			<xmax>3322</xmax>
			<ymax>2557</ymax>
		</bndbox>
	</object>
	<object>
		<name>순대국</name>
		<bndbox>
			<xmin>983</xmin>
			<ymin>814</ymin>
			<xmax>3079</xmax>
			<ymax>1881</ymax>
		</bndbox>
	</object>
</annotation>