<annotation>
	<folder>sid국류뚝배기순대국q4</folder>
	<filename>side_국류_뚝배기_순대국_Q4_00019.JPG</filename>
	<path>/side국류뚝배기순대국q4/side_국류_뚝배기_순대국_Q4_00019.JPG</path>
	<source>
		<database>fooddata</database>
	</source>
	<size>
		<width>5472</width>
		<height>3648</height>
		<depth>3</depth>
	</size>
	<object>
		<name>ref_spoon</name>
		<bndbox>
			<xmin>831</xmin>
			<ymin>2948</ymin>
			<xmax>1712</xmax>
			<ymax>3434</ymax>
		</bndbox>
	</object>
	<object>
		<name>ref_fork</name>
		<bndbox>
			<xmin>950</xmin>
			<ymin>2491</ymin>
			<xmax>1874</xmax>
			<ymax>2881</ymax>
		</bndbox>
	</object>
	<object>
		<name>ref_coin</name>
		<bndbox>
			<xmin>3850</xmin>
			<ymin>1791</ymin>
			<xmax>4222</xmax>
			<ymax>2062</ymax>
		</bndbox>
	</object>
	<object>
		<name>dish</name>
		<bndbox>
			<xmin>1255</xmin>
			<ymin>152</ymin>
			<xmax>3812</xmax>
			<ymax>2315</ymax>
		</bndbox>
	</object>
	<object>
		<name>순대국</name>
		<bndbox>
			<xmin>1522</xmin>
			<ymin>638</ymin>
			<xmax>3550</xmax>
			<ymax>1643</ymax>
		</bndbox>
	</object>
</annotation>