<annotation>
	<folder>sid국류뚝배기순대국q4</folder>
	<filename>side_국류_뚝배기_순대국_Q4_00034.JPG</filename>
	<path>/side국류뚝배기순대국q4/side_국류_뚝배기_순대국_Q4_00034.JPG</path>
	<source>
		<database>fooddata</database>
	</source>
	<size>
		<width>5472</width>
		<height>3648</height>
		<depth>3</depth>
	</size>
	<object>
		<name>ref_spoon</name>
		<bndbox>
			<xmin>869</xmin>
			<ymin>1124</ymin>
			<xmax>1364</xmax>
			<ymax>1853</ymax>
		</bndbox>
	</object>
	<object>
		<name>ref_fork</name>
		<bndbox>
			<xmin>1522</xmin>
			<ymin>1153</ymin>
			<xmax>1855</xmax>
			<ymax>2005</ymax>
		</bndbox>
	</object>
	<object>
		<name>ref_coin</name>
		<bndbox>
			<xmin>3236</xmin>
			<ymin>2867</ymin>
			<xmax>3636</xmax>
			<ymax>3181</ymax>
		</bndbox>
	</object>
	<object>
		<name>dish</name>
		<bndbox>
			<xmin>2012</xmin>
			<ymin>267</ymin>
			<xmax>4631</xmax>
			<ymax>2453</ymax>
		</bndbox>
	</object>
	<object>
		<name>순대국</name>
		<bndbox>
			<xmin>2307</xmin>
			<ymin>748</ymin>
			<xmax>4336</xmax>
			<ymax>1743</ymax>
		</bndbox>
	</object>
</annotation>