<annotation>
	<folder>sid국류뚝배기순대국q4</folder>
	<filename>side_국류_뚝배기_순대국_Q4_00012.JPG</filename>
	<path>/side국류뚝배기순대국q4/side_국류_뚝배기_순대국_Q4_00012.JPG</path>
	<source>
		<database>fooddata</database>
	</source>
	<size>
		<width>5472</width>
		<height>3648</height>
		<depth>3</depth>
	</size>
	<object>
		<name>ref_spoon</name>
		<bndbox>
			<xmin>3384</xmin>
			<ymin>886</ymin>
			<xmax>3846</xmax>
			<ymax>1586</ymax>
		</bndbox>
	</object>
	<object>
		<name>ref_fork</name>
		<bndbox>
			<xmin>4027</xmin>
			<ymin>862</ymin>
			<xmax>4355</xmax>
			<ymax>1619</ymax>
		</bndbox>
	</object>
	<object>
		<name>ref_coin</name>
		<bndbox>
			<xmin>4708</xmin>
			<ymin>2172</ymin>
			<xmax>5093</xmax>
			<ymax>2462</ymax>
		</bndbox>
	</object>
	<object>
		<name>dish</name>
		<bndbox>
			<xmin>650</xmin>
			<ymin>443</ymin>
			<xmax>3241</xmax>
			<ymax>2634</ymax>
		</bndbox>
	</object>
	<object>
		<name>순대국</name>
		<bndbox>
			<xmin>912</xmin>
			<ymin>924</ymin>
			<xmax>2998</xmax>
			<ymax>1953</ymax>
		</bndbox>
	</object>
</annotation>