<annotation>
	<folder>sid국류뚝배기순대국q4</folder>
	<filename>side_국류_뚝배기_순대국_Q4_00030.JPG</filename>
	<path>/side국류뚝배기순대국q4/side_국류_뚝배기_순대국_Q4_00030.JPG</path>
	<source>
		<database>fooddata</database>
	</source>
	<size>
		<width>5472</width>
		<height>3648</height>
		<depth>3</depth>
	</size>
	<object>
		<name>ref_spoon</name>
		<bndbox>
			<xmin>1203</xmin>
			<ymin>2834</ymin>
			<xmax>2041</xmax>
			<ymax>3305</ymax>
		</bndbox>
	</object>
	<object>
		<name>ref_fork</name>
		<bndbox>
			<xmin>1317</xmin>
			<ymin>2391</ymin>
			<xmax>2241</xmax>
			<ymax>2772</ymax>
		</bndbox>
	</object>
	<object>
		<name>ref_coin</name>
		<bndbox>
			<xmin>1241</xmin>
			<ymin>2024</ymin>
			<xmax>1607</xmax>
			<ymax>2305</ymax>
		</bndbox>
	</object>
	<object>
		<name>dish</name>
		<bndbox>
			<xmin>1693</xmin>
			<ymin>95</ymin>
			<xmax>4184</xmax>
			<ymax>2172</ymax>
		</bndbox>
	</object>
	<object>
		<name>순대국</name>
		<bndbox>
			<xmin>1993</xmin>
			<ymin>586</ymin>
			<xmax>3936</xmax>
			<ymax>1500</ymax>
		</bndbox>
	</object>
</annotation>