<annotation>
	<folder>sid국류뚝배기순대국q4</folder>
	<filename>side_국류_뚝배기_순대국_Q4_00020.JPG</filename>
	<path>/side국류뚝배기순대국q4/side_국류_뚝배기_순대국_Q4_00020.JPG</path>
	<source>
		<database>fooddata</database>
	</source>
	<size>
		<width>5472</width>
		<height>3648</height>
		<depth>3</depth>
	</size>
	<object>
		<name>ref_spoon</name>
		<bndbox>
			<xmin>907</xmin>
			<ymin>2953</ymin>
			<xmax>1755</xmax>
			<ymax>3434</ymax>
		</bndbox>
	</object>
	<object>
		<name>ref_fork</name>
		<bndbox>
			<xmin>1017</xmin>
			<ymin>2491</ymin>
			<xmax>1960</xmax>
			<ymax>2881</ymax>
		</bndbox>
	</object>
	<object>
		<name>ref_coin</name>
		<bndbox>
			<xmin>3965</xmin>
			<ymin>1581</ymin>
			<xmax>4331</xmax>
			<ymax>1848</ymax>
		</bndbox>
	</object>
	<object>
		<name>dish</name>
		<bndbox>
			<xmin>1383</xmin>
			<ymin>148</ymin>
			<xmax>3946</xmax>
			<ymax>2324</ymax>
		</bndbox>
	</object>
	<object>
		<name>순대국</name>
		<bndbox>
			<xmin>1655</xmin>
			<ymin>648</ymin>
			<xmax>3660</xmax>
			<ymax>1634</ymax>
		</bndbox>
	</object>
</annotation>