<annotation>
	<folder>sid국류뚝배기순대국q4</folder>
	<filename>side_국류_뚝배기_순대국_Q4_00042.JPG</filename>
	<path>/side국류뚝배기순대국q4/side_국류_뚝배기_순대국_Q4_00042.JPG</path>
	<source>
		<database>fooddata</database>
	</source>
	<size>
		<width>5472</width>
		<height>3648</height>
		<depth>3</depth>
	</size>
	<object>
		<name>ref_spoon</name>
		<bndbox>
			<xmin>722</xmin>
			<ymin>1210</ymin>
			<xmax>1212</xmax>
			<ymax>1943</ymax>
		</bndbox>
	</object>
	<object>
		<name>ref_fork</name>
		<bndbox>
			<xmin>1383</xmin>
			<ymin>1248</ymin>
			<xmax>1722</xmax>
			<ymax>2029</ymax>
		</bndbox>
	</object>
	<object>
		<name>ref_coin</name>
		<bndbox>
			<xmin>4812</xmin>
			<ymin>1400</ymin>
			<xmax>5198</xmax>
			<ymax>1662</ymax>
		</bndbox>
	</object>
	<object>
		<name>dish</name>
		<bndbox>
			<xmin>1860</xmin>
			<ymin>319</ymin>
			<xmax>4427</xmax>
			<ymax>2457</ymax>
		</bndbox>
	</object>
	<object>
		<name>순대국</name>
		<bndbox>
			<xmin>2136</xmin>
			<ymin>605</ymin>
			<xmax>4150</xmax>
			<ymax>1757</ymax>
		</bndbox>
	</object>
</annotation>