<annotation>
	<folder>sid국류뚝배기순대국q4</folder>
	<filename>side_국류_뚝배기_순대국_Q4_00041.JPG</filename>
	<path>/side국류뚝배기순대국q4/side_국류_뚝배기_순대국_Q4_00041.JPG</path>
	<source>
		<database>fooddata</database>
	</source>
	<size>
		<width>5472</width>
		<height>3648</height>
		<depth>3</depth>
	</size>
	<object>
		<name>ref_spoon</name>
		<bndbox>
			<xmin>750</xmin>
			<ymin>1253</ymin>
			<xmax>1250</xmax>
			<ymax>1995</ymax>
		</bndbox>
	</object>
	<object>
		<name>ref_fork</name>
		<bndbox>
			<xmin>1412</xmin>
			<ymin>1276</ymin>
			<xmax>1745</xmax>
			<ymax>2076</ymax>
		</bndbox>
	</object>
	<object>
		<name>ref_coin</name>
		<bndbox>
			<xmin>4874</xmin>
			<ymin>1776</ymin>
			<xmax>5265</xmax>
			<ymax>2053</ymax>
		</bndbox>
	</object>
	<object>
		<name>dish</name>
		<bndbox>
			<xmin>1893</xmin>
			<ymin>371</ymin>
			<xmax>4446</xmax>
			<ymax>2510</ymax>
		</bndbox>
	</object>
	<object>
		<name>순대국</name>
		<bndbox>
			<xmin>2174</xmin>
			<ymin>838</ymin>
			<xmax>4179</xmax>
			<ymax>1805</ymax>
		</bndbox>
	</object>
</annotation>