<annotation>
	<folder>top국류뚝배기순대국q4</folder>
	<filename>top_국류_뚝배기_순대국_Q4_00020.JPG</filename>
	<path>/top국류뚝배기순대국q4/top_국류_뚝배기_순대국_Q4_00020.JPG</path>
	<source>
		<database>fooddata</database>
	</source>
	<size>
		<width>5472</width>
		<height>3648</height>
		<depth>3</depth>
	</size>
	<object>
		<name>ref_spoon</name>
		<bndbox>
			<xmin>1490</xmin>
			<ymin>3083</ymin>
			<xmax>2180</xmax>
			<ymax>3523</ymax>
		</bndbox>
	</object>
	<object>
		<name>ref_fork</name>
		<bndbox>
			<xmin>1490</xmin>
			<ymin>2667</ymin>
			<xmax>2234</xmax>
			<ymax>2940</ymax>
		</bndbox>
	</object>
	<object>
		<name>ref_coin</name>
		<bndbox>
			<xmin>4000</xmin>
			<ymin>1107</ymin>
			<xmax>4278</xmax>
			<ymax>1389</ymax>
		</bndbox>
	</object>
	<object>
		<name>dish</name>
		<bndbox>
			<xmin>1669</xmin>
			<ymin>412</ymin>
			<xmax>3915</xmax>
			<ymax>2640</ymax>
		</bndbox>
	</object>
	<object>
		<name>순대국</name>
		<bndbox>
			<xmin>1876</xmin>
			<ymin>650</ymin>
			<xmax>3717</xmax>
			<ymax>2438</ymax>
		</bndbox>
	</object>
</annotation>