<annotation>
	<folder>top국류뚝배기순대국q4</folder>
	<filename>top_국류_뚝배기_순대국_Q4_00022.JPG</filename>
	<path>/top국류뚝배기순대국q4/top_국류_뚝배기_순대국_Q4_00022.JPG</path>
	<source>
		<database>fooddata</database>
	</source>
	<size>
		<width>5472</width>
		<height>3648</height>
		<depth>3</depth>
	</size>
	<object>
		<name>ref_spoon</name>
		<bndbox>
			<xmin>1526</xmin>
			<ymin>3128</ymin>
			<xmax>2256</xmax>
			<ymax>3567</ymax>
		</bndbox>
	</object>
	<object>
		<name>ref_fork</name>
		<bndbox>
			<xmin>1535</xmin>
			<ymin>2707</ymin>
			<xmax>2248</xmax>
			<ymax>2989</ymax>
		</bndbox>
	</object>
	<object>
		<name>ref_coin</name>
		<bndbox>
			<xmin>3592</xmin>
			<ymin>327</ymin>
			<xmax>3870</xmax>
			<ymax>596</ymax>
		</bndbox>
	</object>
	<object>
		<name>dish</name>
		<bndbox>
			<xmin>1723</xmin>
			<ymin>417</ymin>
			<xmax>3982</xmax>
			<ymax>2635</ymax>
		</bndbox>
	</object>
	<object>
		<name>순대국</name>
		<bndbox>
			<xmin>1916</xmin>
			<ymin>641</ymin>
			<xmax>3771</xmax>
			<ymax>2438</ymax>
		</bndbox>
	</object>
</annotation>