<annotation>
	<folder>top국류뚝배기순대국q4</folder>
	<filename>top_국류_뚝배기_순대국_Q4_00050.JPG</filename>
	<path>/top국류뚝배기순대국q4/top_국류_뚝배기_순대국_Q4_00050.JPG</path>
	<source>
		<database>fooddata</database>
	</source>
	<size>
		<width>5472</width>
		<height>3648</height>
		<depth>3</depth>
	</size>
	<object>
		<name>ref_spoon</name>
		<bndbox>
			<xmin>500</xmin>
			<ymin>453</ymin>
			<xmax>988</xmax>
			<ymax>1219</ymax>
		</bndbox>
	</object>
	<object>
		<name>ref_fork</name>
		<bndbox>
			<xmin>1185</xmin>
			<ymin>569</ymin>
			<xmax>1504</xmax>
			<ymax>1389</ymax>
		</bndbox>
	</object>
	<object>
		<name>ref_coin</name>
		<bndbox>
			<xmin>4703</xmin>
			<ymin>1479</ymin>
			<xmax>5066</xmax>
			<ymax>1828</ymax>
		</bndbox>
	</object>
	<object>
		<name>dish</name>
		<bndbox>
			<xmin>1710</xmin>
			<ymin>300</ymin>
			<xmax>4475</xmax>
			<ymax>3065</ymax>
		</bndbox>
	</object>
	<object>
		<name>순대국</name>
		<bndbox>
			<xmin>1952</xmin>
			<ymin>583</ymin>
			<xmax>4201</xmax>
			<ymax>2814</ymax>
		</bndbox>
	</object>
</annotation>