<annotation>
	<folder>top국류뚝배기순대국q4</folder>
	<filename>top_국류_뚝배기_순대국_Q4_00045.JPG</filename>
	<path>/top국류뚝배기순대국q4/top_국류_뚝배기_순대국_Q4_00045.JPG</path>
	<source>
		<database>fooddata</database>
	</source>
	<size>
		<width>5472</width>
		<height>3648</height>
		<depth>3</depth>
	</size>
	<object>
		<name>ref_spoon</name>
		<bndbox>
			<xmin>643</xmin>
			<ymin>224</ymin>
			<xmax>1127</xmax>
			<ymax>999</ymax>
		</bndbox>
	</object>
	<object>
		<name>ref_fork</name>
		<bndbox>
			<xmin>1302</xmin>
			<ymin>359</ymin>
			<xmax>1616</xmax>
			<ymax>1188</ymax>
		</bndbox>
	</object>
	<object>
		<name>ref_coin</name>
		<bndbox>
			<xmin>2628</xmin>
			<ymin>2958</ymin>
			<xmax>2969</xmax>
			<ymax>3312</ymax>
		</bndbox>
	</object>
	<object>
		<name>dish</name>
		<bndbox>
			<xmin>1799</xmin>
			<ymin>202</ymin>
			<xmax>4493</xmax>
			<ymax>2886</ymax>
		</bndbox>
	</object>
	<object>
		<name>순대국</name>
		<bndbox>
			<xmin>2050</xmin>
			<ymin>488</ymin>
			<xmax>4215</xmax>
			<ymax>2644</ymax>
		</bndbox>
	</object>
</annotation>