<annotation>
	<folder>top국류뚝배기순대국q4</folder>
	<filename>top_국류_뚝배기_순대국_Q4_00016.JPG</filename>
	<path>/top국류뚝배기순대국q4/top_국류_뚝배기_순대국_Q4_00016.JPG</path>
	<source>
		<database>fooddata</database>
	</source>
	<size>
		<width>5472</width>
		<height>3648</height>
		<depth>3</depth>
	</size>
	<object>
		<name>ref_spoon</name>
		<bndbox>
			<xmin>4072</xmin>
			<ymin>690</ymin>
			<xmax>4542</xmax>
			<ymax>1430</ymax>
		</bndbox>
	</object>
	<object>
		<name>ref_fork</name>
		<bndbox>
			<xmin>4609</xmin>
			<ymin>780</ymin>
			<xmax>4923</xmax>
			<ymax>1582</ymax>
		</bndbox>
	</object>
	<object>
		<name>ref_coin</name>
		<bndbox>
			<xmin>3516</xmin>
			<ymin>448</ymin>
			<xmax>3856</xmax>
			<ymax>771</ymax>
		</bndbox>
	</object>
	<object>
		<name>dish</name>
		<bndbox>
			<xmin>1436</xmin>
			<ymin>771</ymin>
			<xmax>4116</xmax>
			<ymax>3433</ymax>
		</bndbox>
	</object>
	<object>
		<name>순대국</name>
		<bndbox>
			<xmin>1678</xmin>
			<ymin>995</ymin>
			<xmax>3870</xmax>
			<ymax>3200</ymax>
		</bndbox>
	</object>
</annotation>