<annotation>
	<folder>top국류뚝배기순대국q4</folder>
	<filename>top_국류_뚝배기_순대국_Q4_00005.JPG</filename>
	<path>/top국류뚝배기순대국q4/top_국류_뚝배기_순대국_Q4_00005.JPG</path>
	<source>
		<database>fooddata</database>
	</source>
	<size>
		<width>5472</width>
		<height>3648</height>
		<depth>3</depth>
	</size>
	<object>
		<name>ref_spoon</name>
		<bndbox>
			<xmin>3964</xmin>
			<ymin>350</ymin>
			<xmax>4385</xmax>
			<ymax>1031</ymax>
		</bndbox>
	</object>
	<object>
		<name>ref_fork</name>
		<bndbox>
			<xmin>4426</xmin>
			<ymin>448</ymin>
			<xmax>4735</xmax>
			<ymax>1179</ymax>
		</bndbox>
	</object>
	<object>
		<name>ref_coin</name>
		<bndbox>
			<xmin>1553</xmin>
			<ymin>2895</ymin>
			<xmax>1876</xmax>
			<ymax>3227</ymax>
		</bndbox>
	</object>
	<object>
		<name>dish</name>
		<bndbox>
			<xmin>1423</xmin>
			<ymin>399</ymin>
			<xmax>3870</xmax>
			<ymax>2819</ymax>
		</bndbox>
	</object>
	<object>
		<name>순대국</name>
		<bndbox>
			<xmin>1647</xmin>
			<ymin>614</ymin>
			<xmax>3650</xmax>
			<ymax>2608</ymax>
		</bndbox>
	</object>
</annotation>