<annotation>
	<folder>top국류뚝배기순대국q4</folder>
	<filename>top_국류_뚝배기_순대국_Q4_00048.JPG</filename>
	<path>/top국류뚝배기순대국q4/top_국류_뚝배기_순대국_Q4_00048.JPG</path>
	<source>
		<database>fooddata</database>
	</source>
	<size>
		<width>5472</width>
		<height>3648</height>
		<depth>3</depth>
	</size>
	<object>
		<name>ref_spoon</name>
		<bndbox>
			<xmin>630</xmin>
			<ymin>587</ymin>
			<xmax>1105</xmax>
			<ymax>1376</ymax>
		</bndbox>
	</object>
	<object>
		<name>ref_fork</name>
		<bndbox>
			<xmin>1297</xmin>
			<ymin>708</ymin>
			<xmax>1607</xmax>
			<ymax>1524</ymax>
		</bndbox>
	</object>
	<object>
		<name>ref_coin</name>
		<bndbox>
			<xmin>4385</xmin>
			<ymin>2559</ymin>
			<xmax>4757</xmax>
			<ymax>2922</ymax>
		</bndbox>
	</object>
	<object>
		<name>dish</name>
		<bndbox>
			<xmin>1799</xmin>
			<ymin>471</ymin>
			<xmax>4524</xmax>
			<ymax>3177</ymax>
		</bndbox>
	</object>
	<object>
		<name>순대국</name>
		<bndbox>
			<xmin>2041</xmin>
			<ymin>730</ymin>
			<xmax>4246</xmax>
			<ymax>2931</ymax>
		</bndbox>
	</object>
</annotation>