<annotation>
	<folder>top국류뚝배기순대국q4</folder>
	<filename>top_국류_뚝배기_순대국_Q4_00013.JPG</filename>
	<path>/top국류뚝배기순대국q4/top_국류_뚝배기_순대국_Q4_00013.JPG</path>
	<source>
		<database>fooddata</database>
	</source>
	<size>
		<width>5472</width>
		<height>3648</height>
		<depth>3</depth>
	</size>
	<object>
		<name>ref_spoon</name>
		<bndbox>
			<xmin>4063</xmin>
			<ymin>659</ymin>
			<xmax>4533</xmax>
			<ymax>1443</ymax>
		</bndbox>
	</object>
	<object>
		<name>ref_fork</name>
		<bndbox>
			<xmin>4605</xmin>
			<ymin>744</ymin>
			<xmax>4914</xmax>
			<ymax>1542</ymax>
		</bndbox>
	</object>
	<object>
		<name>ref_coin</name>
		<bndbox>
			<xmin>2449</xmin>
			<ymin>215</ymin>
			<xmax>2794</xmax>
			<ymax>547</ymax>
		</bndbox>
	</object>
	<object>
		<name>dish</name>
		<bndbox>
			<xmin>1472</xmin>
			<ymin>690</ymin>
			<xmax>4161</xmax>
			<ymax>3375</ymax>
		</bndbox>
	</object>
	<object>
		<name>순대국</name>
		<bndbox>
			<xmin>1705</xmin>
			<ymin>919</ymin>
			<xmax>3919</xmax>
			<ymax>3137</ymax>
		</bndbox>
	</object>
</annotation>