<annotation>
	<folder>top국류뚝배기순대국q4</folder>
	<filename>top_국류_뚝배기_순대국_Q4_00047.JPG</filename>
	<path>/top국류뚝배기순대국q4/top_국류_뚝배기_순대국_Q4_00047.JPG</path>
	<source>
		<database>fooddata</database>
	</source>
	<size>
		<width>5472</width>
		<height>3648</height>
		<depth>3</depth>
	</size>
	<object>
		<name>ref_spoon</name>
		<bndbox>
			<xmin>746</xmin>
			<ymin>506</ymin>
			<xmax>1235</xmax>
			<ymax>1300</ymax>
		</bndbox>
	</object>
	<object>
		<name>ref_fork</name>
		<bndbox>
			<xmin>1423</xmin>
			<ymin>605</ymin>
			<xmax>1759</xmax>
			<ymax>1430</ymax>
		</bndbox>
	</object>
	<object>
		<name>ref_coin</name>
		<bndbox>
			<xmin>4314</xmin>
			<ymin>2734</ymin>
			<xmax>4677</xmax>
			<ymax>3097</ymax>
		</bndbox>
	</object>
	<object>
		<name>dish</name>
		<bndbox>
			<xmin>2014</xmin>
			<ymin>273</ymin>
			<xmax>4762</xmax>
			<ymax>3003</ymax>
		</bndbox>
	</object>
	<object>
		<name>순대국</name>
		<bndbox>
			<xmin>2256</xmin>
			<ymin>529</ymin>
			<xmax>4484</xmax>
			<ymax>2756</ymax>
		</bndbox>
	</object>
</annotation>