<annotation>
	<folder>side파스타류원형배달토마토스파게티q4</folder>
	<filename>side_파스타류_원형배달_토마토스파게티_Q4_00043.JPG</filename>
	<path>/side파스타류원형배달토마토스파게티q4/side_파스타류_원형배달_토마토스파게티_Q4_00043.JPG</path>
	<source>
		<database>fooddata</database>
	</source>
	<size>
		<width>3008</width>
		<height>2000</height>
		<depth>3</depth>
	</size>
	<object>
		<name>ref_spoon</name>
		<bndbox>
			<xmin>207</xmin>
			<ymin>480</ymin>
			<xmax>497</xmax>
			<ymax>866</ymax>
		</bndbox>
	</object>
	<object>
		<name>ref_fork</name>
		<bndbox>
			<xmin>630</xmin>
			<ymin>516</ymin>
			<xmax>825</xmax>
			<ymax>932</ymax>
		</bndbox>
	</object>
	<object>
		<name>ref_coin</name>
		<bndbox>
			<xmin>2624</xmin>
			<ymin>1123</ymin>
			<xmax>2847</xmax>
			<ymax>1288</ymax>
		</bndbox>
	</object>
	<object>
		<name>dish</name>
		<bndbox>
			<xmin>903</xmin>
			<ymin>290</ymin>
			<xmax>2387</xmax>
			<ymax>1606</ymax>
		</bndbox>
	</object>
	<object>
		<name>토마토스파게티</name>
		<bndbox>
			<xmin>1005</xmin>
			<ymin>632</ymin>
			<xmax>2238</xmax>
			<ymax>1214</ymax>
		</bndbox>
	</object>
</annotation>