<annotation>
	<folder>side파스타류원형배달토마토스파게티q4</folder>
	<filename>side_파스타류_원형배달_토마토스파게티_Q4_00024.JPG</filename>
	<path>/side파스타류원형배달토마토스파게티q4/side_파스타류_원형배달_토마토스파게티_Q4_00024.JPG</path>
	<source>
		<database>fooddata</database>
	</source>
	<size>
		<width>3008</width>
		<height>2000</height>
		<depth>3</depth>
	</size>
	<object>
		<name>ref_spoon</name>
		<bndbox>
			<xmin>378</xmin>
			<ymin>1614</ymin>
			<xmax>872</xmax>
			<ymax>1879</ymax>
		</bndbox>
	</object>
	<object>
		<name>ref_fork</name>
		<bndbox>
			<xmin>392</xmin>
			<ymin>1357</ymin>
			<xmax>916</xmax>
			<ymax>1600</ymax>
		</bndbox>
	</object>
	<object>
		<name>ref_coin</name>
		<bndbox>
			<xmin>2263</xmin>
			<ymin>833</ymin>
			<xmax>2481</xmax>
			<ymax>988</ymax>
		</bndbox>
	</object>
	<object>
		<name>dish</name>
		<bndbox>
			<xmin>552</xmin>
			<ymin>61</ymin>
			<xmax>1981</xmax>
			<ymax>1321</ymax>
		</bndbox>
	</object>
	<object>
		<name>토마토스파게티</name>
		<bndbox>
			<xmin>641</xmin>
			<ymin>309</ymin>
			<xmax>1785</xmax>
			<ymax>932</ymax>
		</bndbox>
	</object>
</annotation>