<annotation>
	<folder>side파스타류원형배달토마토스파게티q4</folder>
	<filename>side_파스타류_원형배달_토마토스파게티_Q4_00049.JPG</filename>
	<path>/side파스타류원형배달토마토스파게티q4/side_파스타류_원형배달_토마토스파게티_Q4_00049.JPG</path>
	<source>
		<database>fooddata</database>
	</source>
	<size>
		<width>3008</width>
		<height>2000</height>
		<depth>3</depth>
	</size>
	<object>
		<name>ref_spoon</name>
		<bndbox>
			<xmin>17</xmin>
			<ymin>400</ymin>
			<xmax>312</xmax>
			<ymax>789</ymax>
		</bndbox>
	</object>
	<object>
		<name>ref_fork</name>
		<bndbox>
			<xmin>492</xmin>
			<ymin>425</ymin>
			<xmax>693</xmax>
			<ymax>855</ymax>
		</bndbox>
	</object>
	<object>
		<name>ref_coin</name>
		<bndbox>
			<xmin>828</xmin>
			<ymin>524</ymin>
			<xmax>1049</xmax>
			<ymax>665</ymax>
		</bndbox>
	</object>
	<object>
		<name>dish</name>
		<bndbox>
			<xmin>1253</xmin>
			<ymin>154</ymin>
			<xmax>2734</xmax>
			<ymax>1459</ymax>
		</bndbox>
	</object>
	<object>
		<name>토마토스파게티</name>
		<bndbox>
			<xmin>1347</xmin>
			<ymin>392</ymin>
			<xmax>2610</xmax>
			<ymax>1068</ymax>
		</bndbox>
	</object>
</annotation>