<annotation>
	<folder>side파스타류원형배달토마토스파게티q4</folder>
	<filename>side_파스타류_원형배달_토마토스파게티_Q4_00035.JPG</filename>
	<path>/side파스타류원형배달토마토스파게티q4/side_파스타류_원형배달_토마토스파게티_Q4_00035.JPG</path>
	<source>
		<database>fooddata</database>
	</source>
	<size>
		<width>3008</width>
		<height>2000</height>
		<depth>3</depth>
	</size>
	<object>
		<name>ref_spoon</name>
		<bndbox>
			<xmin>268</xmin>
			<ymin>320</ymin>
			<xmax>574</xmax>
			<ymax>714</ymax>
		</bndbox>
	</object>
	<object>
		<name>ref_fork</name>
		<bndbox>
			<xmin>698</xmin>
			<ymin>361</ymin>
			<xmax>905</xmax>
			<ymax>800</ymax>
		</bndbox>
	</object>
	<object>
		<name>ref_coin</name>
		<bndbox>
			<xmin>1184</xmin>
			<ymin>1592</ymin>
			<xmax>1441</xmax>
			<ymax>1782</ymax>
		</bndbox>
	</object>
	<object>
		<name>dish</name>
		<bndbox>
			<xmin>1112</xmin>
			<ymin>110</ymin>
			<xmax>2657</xmax>
			<ymax>1487</ymax>
		</bndbox>
	</object>
	<object>
		<name>토마토스파게티</name>
		<bndbox>
			<xmin>1203</xmin>
			<ymin>394</ymin>
			<xmax>2522</xmax>
			<ymax>1084</ymax>
		</bndbox>
	</object>
</annotation>