<annotation>
	<folder>side파스타류원형배달토마토스파게티q4</folder>
	<filename>side_파스타류_원형배달_토마토스파게티_Q4_00052.JPG</filename>
	<path>/side파스타류원형배달토마토스파게티q4/side_파스타류_원형배달_토마토스파게티_Q4_00052.JPG</path>
	<source>
		<database>fooddata</database>
	</source>
	<size>
		<width>3008</width>
		<height>2000</height>
		<depth>3</depth>
	</size>
	<object>
		<name>ref_spoon</name>
		<bndbox>
			<xmin>147</xmin>
			<ymin>519</ymin>
			<xmax>439</xmax>
			<ymax>916</ymax>
		</bndbox>
	</object>
	<object>
		<name>ref_fork</name>
		<bndbox>
			<xmin>618</xmin>
			<ymin>549</ymin>
			<xmax>817</xmax>
			<ymax>996</ymax>
		</bndbox>
	</object>
	<object>
		<name>ref_coin</name>
		<bndbox>
			<xmin>2158</xmin>
			<ymin>83</ymin>
			<xmax>2351</xmax>
			<ymax>207</ymax>
		</bndbox>
	</object>
	<object>
		<name>dish</name>
		<bndbox>
			<xmin>1380</xmin>
			<ymin>287</ymin>
			<xmax>2878</xmax>
			<ymax>1608</ymax>
		</bndbox>
	</object>
	<object>
		<name>토마토스파게티</name>
		<bndbox>
			<xmin>1471</xmin>
			<ymin>532</ymin>
			<xmax>2718</xmax>
			<ymax>1214</ymax>
		</bndbox>
	</object>
</annotation>