<annotation>
	<folder>top파스타류원형배달토마토스파게티q4</folder>
	<filename>top_파스타류_원형배달_토마토스파게티_Q4_00010.JPG</filename>
	<path>/top파스타류원형배달토마토스파게티q4/top_파스타류_원형배달_토마토스파게티_Q4_00010.JPG</path>
	<source>
		<database>fooddata</database>
	</source>
	<size>
		<width>3008</width>
		<height>2000</height>
		<depth>3</depth>
	</size>
	<object>
		<name>ref_spoon</name>
		<bndbox>
			<xmin>1987</xmin>
			<ymin>585</ymin>
			<xmax>2265</xmax>
			<ymax>971</ymax>
		</bndbox>
	</object>
	<object>
		<name>ref_fork</name>
		<bndbox>
			<xmin>2279</xmin>
			<ymin>636</ymin>
			<xmax>2539</xmax>
			<ymax>1130</ymax>
		</bndbox>
	</object>
	<object>
		<name>ref_coin</name>
		<bndbox>
			<xmin>1093</xmin>
			<ymin>55</ymin>
			<xmax>1295</xmax>
			<ymax>246</ymax>
		</bndbox>
	</object>
	<object>
		<name>dish</name>
		<bndbox>
			<xmin>656</xmin>
			<ymin>502</ymin>
			<xmax>1966</xmax>
			<ymax>1801</ymax>
		</bndbox>
	</object>
	<object>
		<name>토마토스파게티</name>
		<bndbox>
			<xmin>786</xmin>
			<ymin>654</ymin>
			<xmax>1775</xmax>
			<ymax>1653</ymax>
		</bndbox>
	</object>
</annotation>