<annotation>
	<folder>top파스타류원형배달토마토스파게티q4</folder>
	<filename>top_파스타류_원형배달_토마토스파게티_Q4_00016.JPG</filename>
	<path>/top파스타류원형배달토마토스파게티q4/top_파스타류_원형배달_토마토스파게티_Q4_00016.JPG</path>
	<source>
		<database>fooddata</database>
	</source>
	<size>
		<width>3008</width>
		<height>2000</height>
		<depth>3</depth>
	</size>
	<object>
		<name>ref_spoon</name>
		<bndbox>
			<xmin>1998</xmin>
			<ymin>448</ymin>
			<xmax>2294</xmax>
			<ymax>892</ymax>
		</bndbox>
	</object>
	<object>
		<name>ref_fork</name>
		<bndbox>
			<xmin>2294</xmin>
			<ymin>524</ymin>
			<xmax>2579</xmax>
			<ymax>1007</ymax>
		</bndbox>
	</object>
	<object>
		<name>ref_coin</name>
		<bndbox>
			<xmin>1746</xmin>
			<ymin>228</ymin>
			<xmax>1948</xmax>
			<ymax>430</ymax>
		</bndbox>
	</object>
	<object>
		<name>dish</name>
		<bndbox>
			<xmin>335</xmin>
			<ymin>253</ymin>
			<xmax>1728</xmax>
			<ymax>1613</ymax>
		</bndbox>
	</object>
	<object>
		<name>토마토스파게티</name>
		<bndbox>
			<xmin>584</xmin>
			<ymin>499</ymin>
			<xmax>1598</xmax>
			<ymax>1537</ymax>
		</bndbox>
	</object>
</annotation>