<annotation>
	<folder>top파스타류원형배달토마토스파게티q4</folder>
	<filename>top_파스타류_원형배달_토마토스파게티_Q4_00024.JPG</filename>
	<path>/top파스타류원형배달토마토스파게티q4/top_파스타류_원형배달_토마토스파게티_Q4_00024.JPG</path>
	<source>
		<database>fooddata</database>
	</source>
	<size>
		<width>3008</width>
		<height>2000</height>
		<depth>3</depth>
	</size>
	<object>
		<name>ref_spoon</name>
		<bndbox>
			<xmin>606</xmin>
			<ymin>1584</ymin>
			<xmax>995</xmax>
			<ymax>1833</ymax>
		</bndbox>
	</object>
	<object>
		<name>ref_fork</name>
		<bndbox>
			<xmin>718</xmin>
			<ymin>1321</ymin>
			<xmax>1154</xmax>
			<ymax>1501</ymax>
		</bndbox>
	</object>
	<object>
		<name>ref_coin</name>
		<bndbox>
			<xmin>1814</xmin>
			<ymin>163</ymin>
			<xmax>1998</xmax>
			<ymax>333</ymax>
		</bndbox>
	</object>
	<object>
		<name>dish</name>
		<bndbox>
			<xmin>967</xmin>
			<ymin>271</ymin>
			<xmax>2038</xmax>
			<ymax>1332</ymax>
		</bndbox>
	</object>
	<object>
		<name>토마토스파게티</name>
		<bndbox>
			<xmin>1075</xmin>
			<ymin>430</ymin>
			<xmax>1879</xmax>
			<ymax>1271</ymax>
		</bndbox>
	</object>
</annotation>