<annotation>
	<folder>top파스타류원형배달토마토스파게티q4</folder>
	<filename>top_파스타류_원형배달_토마토스파게티_Q4_00004.JPG</filename>
	<path>/top파스타류원형배달토마토스파게티q4/top_파스타류_원형배달_토마토스파게티_Q4_00004.JPG</path>
	<source>
		<database>fooddata</database>
	</source>
	<size>
		<width>3008</width>
		<height>2000</height>
		<depth>3</depth>
	</size>
	<object>
		<name>ref_spoon</name>
		<bndbox>
			<xmin>1933</xmin>
			<ymin>235</ymin>
			<xmax>2236</xmax>
			<ymax>693</ymax>
		</bndbox>
	</object>
	<object>
		<name>ref_fork</name>
		<bndbox>
			<xmin>2269</xmin>
			<ymin>300</ymin>
			<xmax>2539</xmax>
			<ymax>784</ymax>
		</bndbox>
	</object>
	<object>
		<name>ref_coin</name>
		<bndbox>
			<xmin>491</xmin>
			<ymin>1469</ymin>
			<xmax>732</xmax>
			<ymax>1696</ymax>
		</bndbox>
	</object>
	<object>
		<name>dish</name>
		<bndbox>
			<xmin>440</xmin>
			<ymin>113</ymin>
			<xmax>1897</xmax>
			<ymax>1530</ymax>
		</bndbox>
	</object>
	<object>
		<name>토마토스파게티</name>
		<bndbox>
			<xmin>718</xmin>
			<ymin>358</ymin>
			<xmax>1724</xmax>
			<ymax>1451</ymax>
		</bndbox>
	</object>
</annotation>