<annotation>
	<folder>top파스타류원형배달토마토스파게티q4</folder>
	<filename>top_파스타류_원형배달_토마토스파게티_Q4_00032.JPG</filename>
	<path>/top파스타류원형배달토마토스파게티q4/top_파스타류_원형배달_토마토스파게티_Q4_00032.JPG</path>
	<source>
		<database>fooddata</database>
	</source>
	<size>
		<width>3008</width>
		<height>2000</height>
		<depth>3</depth>
	</size>
	<object>
		<name>ref_spoon</name>
		<bndbox>
			<xmin>440</xmin>
			<ymin>1548</ymin>
			<xmax>898</xmax>
			<ymax>1822</ymax>
		</bndbox>
	</object>
	<object>
		<name>ref_fork</name>
		<bndbox>
			<xmin>573</xmin>
			<ymin>1271</ymin>
			<xmax>1068</xmax>
			<ymax>1462</ymax>
		</bndbox>
	</object>
	<object>
		<name>ref_coin</name>
		<bndbox>
			<xmin>1973</xmin>
			<ymin>1050</ymin>
			<xmax>2157</xmax>
			<ymax>1263</ymax>
		</bndbox>
	</object>
	<object>
		<name>dish</name>
		<bndbox>
			<xmin>812</xmin>
			<ymin>66</ymin>
			<xmax>2023</xmax>
			<ymax>1252</ymax>
		</bndbox>
	</object>
	<object>
		<name>토마토스파게티</name>
		<bndbox>
			<xmin>923</xmin>
			<ymin>243</ymin>
			<xmax>1904</xmax>
			<ymax>1162</ymax>
		</bndbox>
	</object>
</annotation>