<annotation>
	<folder>side어육류면적원형배달떡볶이q3</folder>
	<filename>side_어육류면적_원형배달_떡볶이_Q3_00026.JPG</filename>
	<path>/side어육류면적원형배달떡볶이q3/side_어육류면적_원형배달_떡볶이_Q3_00026.JPG</path>
	<source>
		<database>fooddata</database>
	</source>
	<size>
		<width>3008</width>
		<height>2000</height>
		<depth>3</depth>
	</size>
	<object>
		<name>ref_spoon</name>
		<bndbox>
			<xmin>360</xmin>
			<ymin>1310</ymin>
			<xmax>879</xmax>
			<ymax>1634</ymax>
		</bndbox>
	</object>
	<object>
		<name>ref_fork</name>
		<bndbox>
			<xmin>462</xmin>
			<ymin>1009</ymin>
			<xmax>1050</xmax>
			<ymax>1287</ymax>
		</bndbox>
	</object>
	<object>
		<name>ref_coin</name>
		<bndbox>
			<xmin>1300</xmin>
			<ymin>1676</ymin>
			<xmax>1569</xmax>
			<ymax>1898</ymax>
		</bndbox>
	</object>
	<object>
		<name>dish</name>
		<bndbox>
			<xmin>911</xmin>
			<ymin>74</ymin>
			<xmax>1953</xmax>
			<ymax>1069</ymax>
		</bndbox>
	</object>
	<object>
		<name>떡볶이</name>
		<bndbox>
			<xmin>958</xmin>
			<ymin>310</ymin>
			<xmax>1671</xmax>
			<ymax>736</ymax>
		</bndbox>
	</object>
</annotation>