<annotation>
	<folder>side어육류면적원형배달떡볶이q3</folder>
	<filename>side_어육류면적_원형배달_떡볶이_Q3_00049.JPG</filename>
	<path>/side어육류면적원형배달떡볶이q3/side_어육류면적_원형배달_떡볶이_Q3_00049.JPG</path>
	<source>
		<database>fooddata</database>
	</source>
	<size>
		<width>3008</width>
		<height>2000</height>
		<depth>3</depth>
	</size>
	<object>
		<name>ref_spoon</name>
		<bndbox>
			<xmin>689</xmin>
			<ymin>366</ymin>
			<xmax>1050</xmax>
			<ymax>819</ymax>
		</bndbox>
	</object>
	<object>
		<name>ref_fork</name>
		<bndbox>
			<xmin>1092</xmin>
			<ymin>449</ymin>
			<xmax>1337</xmax>
			<ymax>995</ymax>
		</bndbox>
	</object>
	<object>
		<name>ref_coin</name>
		<bndbox>
			<xmin>203</xmin>
			<ymin>1449</ymin>
			<xmax>509</xmax>
			<ymax>1685</ymax>
		</bndbox>
	</object>
	<object>
		<name>dish</name>
		<bndbox>
			<xmin>1569</xmin>
			<ymin>171</ymin>
			<xmax>2717</xmax>
			<ymax>1278</ymax>
		</bndbox>
	</object>
	<object>
		<name>떡볶이</name>
		<bndbox>
			<xmin>1648</xmin>
			<ymin>532</ymin>
			<xmax>2615</xmax>
			<ymax>926</ymax>
		</bndbox>
	</object>
</annotation>