<annotation>
	<folder>side어육류면적원형배달떡볶이q3</folder>
	<filename>side_어육류면적_원형배달_떡볶이_Q3_00022.JPG</filename>
	<path>/side어육류면적원형배달떡볶이q3/side_어육류면적_원형배달_떡볶이_Q3_00022.JPG</path>
	<source>
		<database>fooddata</database>
	</source>
	<size>
		<width>3008</width>
		<height>2000</height>
		<depth>3</depth>
	</size>
	<object>
		<name>ref_spoon</name>
		<bndbox>
			<xmin>282</xmin>
			<ymin>1542</ymin>
			<xmax>860</xmax>
			<ymax>1875</ymax>
		</bndbox>
	</object>
	<object>
		<name>ref_fork</name>
		<bndbox>
			<xmin>374</xmin>
			<ymin>1241</ymin>
			<xmax>1018</xmax>
			<ymax>1514</ymax>
		</bndbox>
	</object>
	<object>
		<name>ref_coin</name>
		<bndbox>
			<xmin>458</xmin>
			<ymin>991</ymin>
			<xmax>731</xmax>
			<ymax>1199</ymax>
		</bndbox>
	</object>
	<object>
		<name>dish</name>
		<bndbox>
			<xmin>902</xmin>
			<ymin>194</ymin>
			<xmax>1995</xmax>
			<ymax>1208</ymax>
		</bndbox>
	</object>
	<object>
		<name>떡볶이</name>
		<bndbox>
			<xmin>1185</xmin>
			<ymin>407</ymin>
			<xmax>1893</xmax>
			<ymax>866</ymax>
		</bndbox>
	</object>
</annotation>