<annotation>
	<folder>side어육류면적원형배달떡볶이q3</folder>
	<filename>side_어육류면적_원형배달_떡볶이_Q3_00033.JPG</filename>
	<path>/side어육류면적원형배달떡볶이q3/side_어육류면적_원형배달_떡볶이_Q3_00033.JPG</path>
	<source>
		<database>fooddata</database>
	</source>
	<size>
		<width>3008</width>
		<height>2000</height>
		<depth>3</depth>
	</size>
	<object>
		<name>ref_spoon</name>
		<bndbox>
			<xmin>402</xmin>
			<ymin>1468</ymin>
			<xmax>990</xmax>
			<ymax>1801</ymax>
		</bndbox>
	</object>
	<object>
		<name>ref_fork</name>
		<bndbox>
			<xmin>518</xmin>
			<ymin>1144</ymin>
			<xmax>1138</xmax>
			<ymax>1431</ymax>
		</bndbox>
	</object>
	<object>
		<name>ref_coin</name>
		<bndbox>
			<xmin>273</xmin>
			<ymin>264</ymin>
			<xmax>532</xmax>
			<ymax>458</ymax>
		</bndbox>
	</object>
	<object>
		<name>dish</name>
		<bndbox>
			<xmin>925</xmin>
			<ymin>111</ymin>
			<xmax>2023</xmax>
			<ymax>1194</ymax>
		</bndbox>
	</object>
	<object>
		<name>떡볶이</name>
		<bndbox>
			<xmin>999</xmin>
			<ymin>431</ymin>
			<xmax>1851</xmax>
			<ymax>847</ymax>
		</bndbox>
	</object>
</annotation>