<annotation>
	<folder>side어육류면적원형배달떡볶이q3</folder>
	<filename>side_어육류면적_원형배달_떡볶이_Q3_00051.JPG</filename>
	<path>/side어육류면적원형배달떡볶이q3/side_어육류면적_원형배달_떡볶이_Q3_00051.JPG</path>
	<source>
		<database>fooddata</database>
	</source>
	<size>
		<width>3008</width>
		<height>2000</height>
		<depth>3</depth>
	</size>
	<object>
		<name>ref_spoon</name>
		<bndbox>
			<xmin>587</xmin>
			<ymin>329</ymin>
			<xmax>948</xmax>
			<ymax>782</ymax>
		</bndbox>
	</object>
	<object>
		<name>ref_fork</name>
		<bndbox>
			<xmin>995</xmin>
			<ymin>398</ymin>
			<xmax>1249</xmax>
			<ymax>940</ymax>
		</bndbox>
	</object>
	<object>
		<name>ref_coin</name>
		<bndbox>
			<xmin>161</xmin>
			<ymin>1028</ymin>
			<xmax>439</xmax>
			<ymax>1241</ymax>
		</bndbox>
	</object>
	<object>
		<name>dish</name>
		<bndbox>
			<xmin>1425</xmin>
			<ymin>255</ymin>
			<xmax>2606</xmax>
			<ymax>1389</ymax>
		</bndbox>
	</object>
	<object>
		<name>떡볶이</name>
		<bndbox>
			<xmin>1573</xmin>
			<ymin>468</ymin>
			<xmax>2485</xmax>
			<ymax>1037</ymax>
		</bndbox>
	</object>
</annotation>