<annotation>
	<folder>side어육류면적원형배달떡볶이q3</folder>
	<filename>side_어육류면적_원형배달_떡볶이_Q3_00041.JPG</filename>
	<path>/side어육류면적원형배달떡볶이q3/side_어육류면적_원형배달_떡볶이_Q3_00041.JPG</path>
	<source>
		<database>fooddata</database>
	</source>
	<size>
		<width>3008</width>
		<height>2000</height>
		<depth>3</depth>
	</size>
	<object>
		<name>ref_spoon</name>
		<bndbox>
			<xmin>189</xmin>
			<ymin>412</ymin>
			<xmax>555</xmax>
			<ymax>861</ymax>
		</bndbox>
	</object>
	<object>
		<name>ref_fork</name>
		<bndbox>
			<xmin>601</xmin>
			<ymin>472</ymin>
			<xmax>856</xmax>
			<ymax>1023</ymax>
		</bndbox>
	</object>
	<object>
		<name>ref_coin</name>
		<bndbox>
			<xmin>898</xmin>
			<ymin>1486</ymin>
			<xmax>1194</xmax>
			<ymax>1722</ymax>
		</bndbox>
	</object>
	<object>
		<name>dish</name>
		<bndbox>
			<xmin>1254</xmin>
			<ymin>315</ymin>
			<xmax>2388</xmax>
			<ymax>1444</ymax>
		</bndbox>
	</object>
	<object>
		<name>떡볶이</name>
		<bndbox>
			<xmin>1323</xmin>
			<ymin>565</ymin>
			<xmax>2282</xmax>
			<ymax>1060</ymax>
		</bndbox>
	</object>
</annotation>