<annotation>
	<folder>side어육류면적원형배달떡볶이q3</folder>
	<filename>side_어육류면적_원형배달_떡볶이_Q3_00039.JPG</filename>
	<path>/side어육류면적원형배달떡볶이q3/side_어육류면적_원형배달_떡볶이_Q3_00039.JPG</path>
	<source>
		<database>fooddata</database>
	</source>
	<size>
		<width>3008</width>
		<height>2000</height>
		<depth>3</depth>
	</size>
	<object>
		<name>ref_spoon</name>
		<bndbox>
			<xmin>245</xmin>
			<ymin>574</ymin>
			<xmax>597</xmax>
			<ymax>1023</ymax>
		</bndbox>
	</object>
	<object>
		<name>ref_fork</name>
		<bndbox>
			<xmin>634</xmin>
			<ymin>653</ymin>
			<xmax>888</xmax>
			<ymax>1176</ymax>
		</bndbox>
	</object>
	<object>
		<name>ref_coin</name>
		<bndbox>
			<xmin>911</xmin>
			<ymin>1282</ymin>
			<xmax>1194</xmax>
			<ymax>1486</ymax>
		</bndbox>
	</object>
	<object>
		<name>dish</name>
		<bndbox>
			<xmin>1305</xmin>
			<ymin>523</ymin>
			<xmax>2448</xmax>
			<ymax>1662</ymax>
		</bndbox>
	</object>
	<object>
		<name>떡볶이</name>
		<bndbox>
			<xmin>1411</xmin>
			<ymin>787</ymin>
			<xmax>2347</xmax>
			<ymax>1269</ymax>
		</bndbox>
	</object>
</annotation>