<annotation>
	<folder>side어육류면적원형배달떡볶이q3</folder>
	<filename>side_어육류면적_원형배달_떡볶이_Q3_00014.JPG</filename>
	<path>/side어육류면적원형배달떡볶이q3/side_어육류면적_원형배달_떡볶이_Q3_00014.JPG</path>
	<source>
		<database>fooddata</database>
	</source>
	<size>
		<width>3008</width>
		<height>2000</height>
		<depth>3</depth>
	</size>
	<object>
		<name>ref_spoon</name>
		<bndbox>
			<xmin>1638</xmin>
			<ymin>495</ymin>
			<xmax>1976</xmax>
			<ymax>944</ymax>
		</bndbox>
	</object>
	<object>
		<name>ref_fork</name>
		<bndbox>
			<xmin>2101</xmin>
			<ymin>528</ymin>
			<xmax>2347</xmax>
			<ymax>1014</ymax>
		</bndbox>
	</object>
	<object>
		<name>ref_coin</name>
		<bndbox>
			<xmin>2402</xmin>
			<ymin>662</ymin>
			<xmax>2638</xmax>
			<ymax>856</ymax>
		</bndbox>
	</object>
	<object>
		<name>dish</name>
		<bndbox>
			<xmin>351</xmin>
			<ymin>449</ymin>
			<xmax>1485</xmax>
			<ymax>1519</ymax>
		</bndbox>
	</object>
	<object>
		<name>떡볶이</name>
		<bndbox>
			<xmin>499</xmin>
			<ymin>829</ymin>
			<xmax>1398</xmax>
			<ymax>1171</ymax>
		</bndbox>
	</object>
</annotation>