<annotation>
	<folder>side어육류면적원형배달떡볶이q3</folder>
	<filename>side_어육류면적_원형배달_떡볶이_Q3_00019.JPG</filename>
	<path>/side어육류면적원형배달떡볶이q3/side_어육류면적_원형배달_떡볶이_Q3_00019.JPG</path>
	<source>
		<database>fooddata</database>
	</source>
	<size>
		<width>3008</width>
		<height>2000</height>
		<depth>3</depth>
	</size>
	<object>
		<name>ref_spoon</name>
		<bndbox>
			<xmin>1495</xmin>
			<ymin>296</ymin>
			<xmax>1828</xmax>
			<ymax>731</ymax>
		</bndbox>
	</object>
	<object>
		<name>ref_fork</name>
		<bndbox>
			<xmin>1962</xmin>
			<ymin>301</ymin>
			<xmax>2203</xmax>
			<ymax>815</ymax>
		</bndbox>
	</object>
	<object>
		<name>ref_coin</name>
		<bndbox>
			<xmin>1981</xmin>
			<ymin>1667</ymin>
			<xmax>2263</xmax>
			<ymax>1884</ymax>
		</bndbox>
	</object>
	<object>
		<name>dish</name>
		<bndbox>
			<xmin>263</xmin>
			<ymin>278</ymin>
			<xmax>1351</xmax>
			<ymax>1375</ymax>
		</bndbox>
	</object>
	<object>
		<name>떡볶이</name>
		<bndbox>
			<xmin>356</xmin>
			<ymin>458</ymin>
			<xmax>1180</xmax>
			<ymax>1005</ymax>
		</bndbox>
	</object>
</annotation>