<annotation>
	<folder>top어육류면적원형배달떡볶이q3</folder>
	<filename>top_어육류면적_원형배달_떡볶이_Q3_00021.JPG</filename>
	<path>/top어육류면적원형배달떡볶이q3/top_어육류면적_원형배달_떡볶이_Q3_00021.JPG</path>
	<source>
		<database>fooddata</database>
	</source>
	<size>
		<width>3008</width>
		<height>2000</height>
		<depth>3</depth>
	</size>
	<object>
		<name>ref_spoon</name>
		<bndbox>
			<xmin>599</xmin>
			<ymin>1501</ymin>
			<xmax>1037</xmax>
			<ymax>1807</ymax>
		</bndbox>
	</object>
	<object>
		<name>ref_fork</name>
		<bndbox>
			<xmin>694</xmin>
			<ymin>1219</ymin>
			<xmax>1165</xmax>
			<ymax>1426</ymax>
		</bndbox>
	</object>
	<object>
		<name>ref_coin</name>
		<bndbox>
			<xmin>562</xmin>
			<ymin>359</ymin>
			<xmax>780</xmax>
			<ymax>567</ymax>
		</bndbox>
	</object>
	<object>
		<name>dish</name>
		<bndbox>
			<xmin>1169</xmin>
			<ymin>107</ymin>
			<xmax>2107</xmax>
			<ymax>1064</ymax>
		</bndbox>
	</object>
	<object>
		<name>떡볶이</name>
		<bndbox>
			<xmin>1218</xmin>
			<ymin>223</ymin>
			<xmax>2039</xmax>
			<ymax>1004</ymax>
		</bndbox>
	</object>
</annotation>