<annotation>
	<folder>top어육류면적원형배달떡볶이q3</folder>
	<filename>top_어육류면적_원형배달_떡볶이_Q3_00030.JPG</filename>
	<path>/top어육류면적원형배달떡볶이q3/top_어육류면적_원형배달_떡볶이_Q3_00030.JPG</path>
	<source>
		<database>fooddata</database>
	</source>
	<size>
		<width>3008</width>
		<height>2000</height>
		<depth>3</depth>
	</size>
	<object>
		<name>ref_spoon</name>
		<bndbox>
			<xmin>724</xmin>
			<ymin>1550</ymin>
			<xmax>1146</xmax>
			<ymax>1848</ymax>
		</bndbox>
	</object>
	<object>
		<name>ref_fork</name>
		<bndbox>
			<xmin>814</xmin>
			<ymin>1275</ymin>
			<xmax>1259</xmax>
			<ymax>1471</ymax>
		</bndbox>
	</object>
	<object>
		<name>ref_coin</name>
		<bndbox>
			<xmin>2092</xmin>
			<ymin>1011</ymin>
			<xmax>2296</xmax>
			<ymax>1200</ymax>
		</bndbox>
	</object>
	<object>
		<name>dish</name>
		<bndbox>
			<xmin>1161</xmin>
			<ymin>186</ymin>
			<xmax>2073</xmax>
			<ymax>1128</ymax>
		</bndbox>
	</object>
	<object>
		<name>떡볶이</name>
		<bndbox>
			<xmin>1210</xmin>
			<ymin>325</ymin>
			<xmax>1990</xmax>
			<ymax>1079</ymax>
		</bndbox>
	</object>
</annotation>