<annotation>
	<folder>top어육류면적원형배달떡볶이q3</folder>
	<filename>top_어육류면적_원형배달_떡볶이_Q3_00028.JPG</filename>
	<path>/top어육류면적원형배달떡볶이q3/top_어육류면적_원형배달_떡볶이_Q3_00028.JPG</path>
	<source>
		<database>fooddata</database>
	</source>
	<size>
		<width>3008</width>
		<height>2000</height>
		<depth>3</depth>
	</size>
	<object>
		<name>ref_spoon</name>
		<bndbox>
			<xmin>663</xmin>
			<ymin>1501</ymin>
			<xmax>1078</xmax>
			<ymax>1807</ymax>
		</bndbox>
	</object>
	<object>
		<name>ref_fork</name>
		<bndbox>
			<xmin>739</xmin>
			<ymin>1230</ymin>
			<xmax>1195</xmax>
			<ymax>1426</ymax>
		</bndbox>
	</object>
	<object>
		<name>ref_coin</name>
		<bndbox>
			<xmin>2051</xmin>
			<ymin>325</ymin>
			<xmax>2247</xmax>
			<ymax>525</ymax>
		</bndbox>
	</object>
	<object>
		<name>dish</name>
		<bndbox>
			<xmin>1074</xmin>
			<ymin>178</ymin>
			<xmax>2020</xmax>
			<ymax>1109</ymax>
		</bndbox>
	</object>
	<object>
		<name>떡볶이</name>
		<bndbox>
			<xmin>1236</xmin>
			<ymin>329</ymin>
			<xmax>1934</xmax>
			<ymax>1034</ymax>
		</bndbox>
	</object>
</annotation>