<annotation>
	<folder>top어육류면적원형배달떡볶이q3</folder>
	<filename>top_어육류면적_원형배달_떡볶이_Q3_00005.JPG</filename>
	<path>/top어육류면적원형배달떡볶이q3/top_어육류면적_원형배달_떡볶이_Q3_00005.JPG</path>
	<source>
		<database>fooddata</database>
	</source>
	<size>
		<width>3008</width>
		<height>2000</height>
		<depth>3</depth>
	</size>
	<object>
		<name>ref_spoon</name>
		<bndbox>
			<xmin>1794</xmin>
			<ymin>141</ymin>
			<xmax>2103</xmax>
			<ymax>631</ymax>
		</bndbox>
	</object>
	<object>
		<name>ref_fork</name>
		<bndbox>
			<xmin>2269</xmin>
			<ymin>265</ymin>
			<xmax>2503</xmax>
			<ymax>755</ymax>
		</bndbox>
	</object>
	<object>
		<name>ref_coin</name>
		<bndbox>
			<xmin>249</xmin>
			<ymin>842</ymin>
			<xmax>482</xmax>
			<ymax>1079</ymax>
		</bndbox>
	</object>
	<object>
		<name>dish</name>
		<bndbox>
			<xmin>694</xmin>
			<ymin>461</ymin>
			<xmax>1779</xmax>
			<ymax>1509</ymax>
		</bndbox>
	</object>
	<object>
		<name>떡볶이</name>
		<bndbox>
			<xmin>795</xmin>
			<ymin>585</ymin>
			<xmax>1685</xmax>
			<ymax>1456</ymax>
		</bndbox>
	</object>
</annotation>