<annotation>
	<folder>top어육류면적원형배달떡볶이q3</folder>
	<filename>top_어육류면적_원형배달_떡볶이_Q3_00011.JPG</filename>
	<path>/top어육류면적원형배달떡볶이q3/top_어육류면적_원형배달_떡볶이_Q3_00011.JPG</path>
	<source>
		<database>fooddata</database>
	</source>
	<size>
		<width>3008</width>
		<height>2000</height>
		<depth>3</depth>
	</size>
	<object>
		<name>ref_spoon</name>
		<bndbox>
			<xmin>1809</xmin>
			<ymin>408</ymin>
			<xmax>2130</xmax>
			<ymax>879</ymax>
		</bndbox>
	</object>
	<object>
		<name>ref_fork</name>
		<bndbox>
			<xmin>2284</xmin>
			<ymin>563</ymin>
			<xmax>2522</xmax>
			<ymax>1079</ymax>
		</bndbox>
	</object>
	<object>
		<name>ref_coin</name>
		<bndbox>
			<xmin>2043</xmin>
			<ymin>76</ymin>
			<xmax>2277</xmax>
			<ymax>299</ymax>
		</bndbox>
	</object>
	<object>
		<name>dish</name>
		<bndbox>
			<xmin>482</xmin>
			<ymin>683</ymin>
			<xmax>1576</xmax>
			<ymax>1803</ymax>
		</bndbox>
	</object>
	<object>
		<name>떡볶이</name>
		<bndbox>
			<xmin>592</xmin>
			<ymin>815</ymin>
			<xmax>1519</xmax>
			<ymax>1716</ymax>
		</bndbox>
	</object>
</annotation>