<annotation>
	<folder>top어육류면적원형배달떡볶이q3</folder>
	<filename>top_어육류면적_원형배달_떡볶이_Q3_00002.JPG</filename>
	<path>/top어육류면적원형배달떡볶이q3/top_어육류면적_원형배달_떡볶이_Q3_00002.JPG</path>
	<source>
		<database>fooddata</database>
	</source>
	<size>
		<width>3008</width>
		<height>2000</height>
		<depth>3</depth>
	</size>
	<object>
		<name>ref_spoon</name>
		<bndbox>
			<xmin>1674</xmin>
			<ymin>103</ymin>
			<xmax>1990</xmax>
			<ymax>589</ymax>
		</bndbox>
	</object>
	<object>
		<name>ref_fork</name>
		<bndbox>
			<xmin>2160</xmin>
			<ymin>239</ymin>
			<xmax>2379</xmax>
			<ymax>763</ymax>
		</bndbox>
	</object>
	<object>
		<name>ref_coin</name>
		<bndbox>
			<xmin>686</xmin>
			<ymin>1622</ymin>
			<xmax>924</xmax>
			<ymax>1863</ymax>
		</bndbox>
	</object>
	<object>
		<name>dish</name>
		<bndbox>
			<xmin>592</xmin>
			<ymin>401</ymin>
			<xmax>1662</xmax>
			<ymax>1501</ymax>
		</bndbox>
	</object>
	<object>
		<name>떡볶이</name>
		<bndbox>
			<xmin>724</xmin>
			<ymin>559</ymin>
			<xmax>1602</xmax>
			<ymax>1445</ymax>
		</bndbox>
	</object>
</annotation>