<annotation>
	<folder>top어육류면적원형배달떡볶이q3</folder>
	<filename>top_어육류면적_원형배달_떡볶이_Q3_00014.JPG</filename>
	<path>/top어육류면적원형배달떡볶이q3/top_어육류면적_원형배달_떡볶이_Q3_00014.JPG</path>
	<source>
		<database>fooddata</database>
	</source>
	<size>
		<width>3008</width>
		<height>2000</height>
		<depth>3</depth>
	</size>
	<object>
		<name>ref_spoon</name>
		<bndbox>
			<xmin>1587</xmin>
			<ymin>103</ymin>
			<xmax>1915</xmax>
			<ymax>597</ymax>
		</bndbox>
	</object>
	<object>
		<name>ref_fork</name>
		<bndbox>
			<xmin>2077</xmin>
			<ymin>250</ymin>
			<xmax>2307</xmax>
			<ymax>785</ymax>
		</bndbox>
	</object>
	<object>
		<name>ref_coin</name>
		<bndbox>
			<xmin>2469</xmin>
			<ymin>834</ymin>
			<xmax>2699</xmax>
			<ymax>1068</ymax>
		</bndbox>
	</object>
	<object>
		<name>dish</name>
		<bndbox>
			<xmin>173</xmin>
			<ymin>408</ymin>
			<xmax>1331</xmax>
			<ymax>1498</ymax>
		</bndbox>
	</object>
	<object>
		<name>떡볶이</name>
		<bndbox>
			<xmin>328</xmin>
			<ymin>548</ymin>
			<xmax>1210</xmax>
			<ymax>1452</ymax>
		</bndbox>
	</object>
</annotation>