<annotation>
	<folder>top어육류면적원형배달떡볶이q3</folder>
	<filename>top_어육류면적_원형배달_떡볶이_Q3_00053.JPG</filename>
	<path>/top어육류면적원형배달떡볶이q3/top_어육류면적_원형배달_떡볶이_Q3_00053.JPG</path>
	<source>
		<database>fooddata</database>
	</source>
	<size>
		<width>3008</width>
		<height>2000</height>
		<depth>3</depth>
	</size>
	<object>
		<name>ref_spoon</name>
		<bndbox>
			<xmin>539</xmin>
			<ymin>125</ymin>
			<xmax>859</xmax>
			<ymax>597</ymax>
		</bndbox>
	</object>
	<object>
		<name>ref_fork</name>
		<bndbox>
			<xmin>931</xmin>
			<ymin>144</ymin>
			<xmax>1165</xmax>
			<ymax>638</ymax>
		</bndbox>
	</object>
	<object>
		<name>ref_coin</name>
		<bndbox>
			<xmin>924</xmin>
			<ymin>1697</ymin>
			<xmax>1146</xmax>
			<ymax>1920</ymax>
		</bndbox>
	</object>
	<object>
		<name>dish</name>
		<bndbox>
			<xmin>1267</xmin>
			<ymin>404</ymin>
			<xmax>2307</xmax>
			<ymax>1430</ymax>
		</bndbox>
	</object>
	<object>
		<name>떡볶이</name>
		<bndbox>
			<xmin>1383</xmin>
			<ymin>559</ymin>
			<xmax>2213</xmax>
			<ymax>1362</ymax>
		</bndbox>
	</object>
</annotation>