<annotation>
	<folder>top어육류면적원형배달떡볶이q3</folder>
	<filename>top_어육류면적_원형배달_떡볶이_Q3_00038.JPG</filename>
	<path>/top어육류면적원형배달떡볶이q3/top_어육류면적_원형배달_떡볶이_Q3_00038.JPG</path>
	<source>
		<database>fooddata</database>
	</source>
	<size>
		<width>3008</width>
		<height>2000</height>
		<depth>3</depth>
	</size>
	<object>
		<name>ref_spoon</name>
		<bndbox>
			<xmin>629</xmin>
			<ymin>103</ymin>
			<xmax>931</xmax>
			<ymax>525</ymax>
		</bndbox>
	</object>
	<object>
		<name>ref_fork</name>
		<bndbox>
			<xmin>1010</xmin>
			<ymin>144</ymin>
			<xmax>1214</xmax>
			<ymax>631</ymax>
		</bndbox>
	</object>
	<object>
		<name>ref_coin</name>
		<bndbox>
			<xmin>362</xmin>
			<ymin>1230</ymin>
			<xmax>580</xmax>
			<ymax>1452</ymax>
		</bndbox>
	</object>
	<object>
		<name>dish</name>
		<bndbox>
			<xmin>1331</xmin>
			<ymin>325</ymin>
			<xmax>2307</xmax>
			<ymax>1290</ymax>
		</bndbox>
	</object>
	<object>
		<name>떡볶이</name>
		<bndbox>
			<xmin>1493</xmin>
			<ymin>461</ymin>
			<xmax>2201</xmax>
			<ymax>1215</ymax>
		</bndbox>
	</object>
</annotation>