<annotation>
	<folder>side건더기국류원형배달감자탕q1</folder>
	<filename>side_건더기국류_원형배달_감자탕_Q1_00039.JPG</filename>
	<path>/side건더기국류원형배달감자탕q1/side_건더기국류_원형배달_감자탕_Q1_00039.JPG</path>
	<source>
		<database>fooddata</database>
	</source>
	<size>
		<width>3008</width>
		<height>2000</height>
		<depth>3</depth>
	</size>
	<object>
		<name>ref_spoon</name>
		<bndbox>
			<xmin>241</xmin>
			<ymin>857</ymin>
			<xmax>499</xmax>
			<ymax>1179</ymax>
		</bndbox>
	</object>
	<object>
		<name>ref_fork</name>
		<bndbox>
			<xmin>602</xmin>
			<ymin>833</ymin>
			<xmax>774</xmax>
			<ymax>1184</ymax>
		</bndbox>
	</object>
	<object>
		<name>ref_coin</name>
		<bndbox>
			<xmin>2086</xmin>
			<ymin>1491</ymin>
			<xmax>2290</xmax>
			<ymax>1634</ymax>
		</bndbox>
	</object>
	<object>
		<name>dish</name>
		<bndbox>
			<xmin>924</xmin>
			<ymin>287</ymin>
			<xmax>2266</xmax>
			<ymax>1351</ymax>
		</bndbox>
	</object>
	<object>
		<name>감자탕</name>
		<bndbox>
			<xmin>1091</xmin>
			<ymin>713</ymin>
			<xmax>1934</xmax>
			<ymax>1020</ymax>
		</bndbox>
	</object>
</annotation>