<annotation>
	<folder>side건더기국류원형배달감자탕q1</folder>
	<filename>side_건더기국류_원형배달_감자탕_Q1_00015.JPG</filename>
	<path>/side건더기국류원형배달감자탕q1/side_건더기국류_원형배달_감자탕_Q1_00015.JPG</path>
	<source>
		<database>fooddata</database>
	</source>
	<size>
		<width>3008</width>
		<height>2000</height>
		<depth>3</depth>
	</size>
	<object>
		<name>ref_spoon</name>
		<bndbox>
			<xmin>2234</xmin>
			<ymin>445</ymin>
			<xmax>2484</xmax>
			<ymax>749</ymax>
		</bndbox>
	</object>
	<object>
		<name>ref_fork</name>
		<bndbox>
			<xmin>2659</xmin>
			<ymin>432</ymin>
			<xmax>2858</xmax>
			<ymax>794</ymax>
		</bndbox>
	</object>
	<object>
		<name>ref_coin</name>
		<bndbox>
			<xmin>2005</xmin>
			<ymin>241</ymin>
			<xmax>2177</xmax>
			<ymax>354</ymax>
		</bndbox>
	</object>
	<object>
		<name>dish</name>
		<bndbox>
			<xmin>720</xmin>
			<ymin>346</ymin>
			<xmax>2160</xmax>
			<ymax>1518</ymax>
		</bndbox>
	</object>
	<object>
		<name>감자탕</name>
		<bndbox>
			<xmin>1062</xmin>
			<ymin>631</ymin>
			<xmax>1828</xmax>
			<ymax>1172</ymax>
		</bndbox>
	</object>
</annotation>