<annotation>
	<folder>side건더기국류원형배달감자탕q1</folder>
	<filename>side_건더기국류_원형배달_감자탕_Q1_00048.JPG</filename>
	<path>/side건더기국류원형배달감자탕q1/side_건더기국류_원형배달_감자탕_Q1_00048.JPG</path>
	<source>
		<database>fooddata</database>
	</source>
	<size>
		<width>3008</width>
		<height>2000</height>
		<depth>3</depth>
	</size>
	<object>
		<name>ref_spoon</name>
		<bndbox>
			<xmin>224</xmin>
			<ymin>835</ymin>
			<xmax>475</xmax>
			<ymax>1165</ymax>
		</bndbox>
	</object>
	<object>
		<name>ref_fork</name>
		<bndbox>
			<xmin>573</xmin>
			<ymin>826</ymin>
			<xmax>745</xmax>
			<ymax>1192</ymax>
		</bndbox>
	</object>
	<object>
		<name>ref_coin</name>
		<bndbox>
			<xmin>767</xmin>
			<ymin>467</ymin>
			<xmax>936</xmax>
			<ymax>572</ymax>
		</bndbox>
	</object>
	<object>
		<name>dish</name>
		<bndbox>
			<xmin>1000</xmin>
			<ymin>440</ymin>
			<xmax>2369</xmax>
			<ymax>1550</ymax>
		</bndbox>
	</object>
	<object>
		<name>감자탕</name>
		<bndbox>
			<xmin>1204</xmin>
			<ymin>767</ymin>
			<xmax>2035</xmax>
			<ymax>1211</ymax>
		</bndbox>
	</object>
</annotation>