<annotation>
	<folder>side건더기국류원형배달감자탕q1</folder>
	<filename>side_건더기국류_원형배달_감자탕_Q1_00019.JPG</filename>
	<path>/side건더기국류원형배달감자탕q1/side_건더기국류_원형배달_감자탕_Q1_00019.JPG</path>
	<source>
		<database>fooddata</database>
	</source>
	<size>
		<width>3008</width>
		<height>2000</height>
		<depth>3</depth>
	</size>
	<object>
		<name>ref_spoon</name>
		<bndbox>
			<xmin>619</xmin>
			<ymin>1597</ymin>
			<xmax>1037</xmax>
			<ymax>1843</ymax>
		</bndbox>
	</object>
	<object>
		<name>ref_fork</name>
		<bndbox>
			<xmin>664</xmin>
			<ymin>1405</ymin>
			<xmax>1108</xmax>
			<ymax>1627</ymax>
		</bndbox>
	</object>
	<object>
		<name>ref_coin</name>
		<bndbox>
			<xmin>2180</xmin>
			<ymin>1204</ymin>
			<xmax>2369</xmax>
			<ymax>1337</ymax>
		</bndbox>
	</object>
	<object>
		<name>dish</name>
		<bndbox>
			<xmin>841</xmin>
			<ymin>273</ymin>
			<xmax>2172</xmax>
			<ymax>1317</ymax>
		</bndbox>
	</object>
	<object>
		<name>감자탕</name>
		<bndbox>
			<xmin>1158</xmin>
			<ymin>762</ymin>
			<xmax>1828</xmax>
			<ymax>961</ymax>
		</bndbox>
	</object>
</annotation>