<annotation>
	<folder>top건더기국류원형배달감자탕q1</folder>
	<filename>top_건더기국류_원형배달_감자탕_Q1_00034.JPG</filename>
	<path>/top건더기국류원형배달감자탕q1/top_건더기국류_원형배달_감자탕_Q1_00034.JPG</path>
	<source>
		<database>fooddata</database>
	</source>
	<size>
		<width>3008</width>
		<height>2000</height>
		<depth>3</depth>
	</size>
	<object>
		<name>ref_spoon</name>
		<bndbox>
			<xmin>965</xmin>
			<ymin>1612</ymin>
			<xmax>1305</xmax>
			<ymax>1881</ymax>
		</bndbox>
	</object>
	<object>
		<name>ref_fork</name>
		<bndbox>
			<xmin>1014</xmin>
			<ymin>1360</ymin>
			<xmax>1376</xmax>
			<ymax>1548</ymax>
		</bndbox>
	</object>
	<object>
		<name>ref_coin</name>
		<bndbox>
			<xmin>2313</xmin>
			<ymin>594</ymin>
			<xmax>2465</xmax>
			<ymax>757</ymax>
		</bndbox>
	</object>
	<object>
		<name>dish</name>
		<bndbox>
			<xmin>1181</xmin>
			<ymin>122</ymin>
			<xmax>2327</xmax>
			<ymax>1268</ymax>
		</bndbox>
	</object>
	<object>
		<name>감자탕</name>
		<bndbox>
			<xmin>1341</xmin>
			<ymin>420</ymin>
			<xmax>2029</xmax>
			<ymax>1126</ymax>
		</bndbox>
	</object>
</annotation>