<annotation>
	<folder>top건더기국류원형배달감자탕q1</folder>
	<filename>top_건더기국류_원형배달_감자탕_Q1_00018.JPG</filename>
	<path>/top건더기국류원형배달감자탕q1/top_건더기국류_원형배달_감자탕_Q1_00018.JPG</path>
	<source>
		<database>fooddata</database>
	</source>
	<size>
		<width>3008</width>
		<height>2000</height>
		<depth>3</depth>
	</size>
	<object>
		<name>ref_spoon</name>
		<bndbox>
			<xmin>1000</xmin>
			<ymin>1608</ymin>
			<xmax>1334</xmax>
			<ymax>1878</ymax>
		</bndbox>
	</object>
	<object>
		<name>ref_fork</name>
		<bndbox>
			<xmin>1046</xmin>
			<ymin>1367</ymin>
			<xmax>1405</xmax>
			<ymax>1559</ymax>
		</bndbox>
	</object>
	<object>
		<name>ref_coin</name>
		<bndbox>
			<xmin>2132</xmin>
			<ymin>1062</ymin>
			<xmax>2306</xmax>
			<ymax>1232</ymax>
		</bndbox>
	</object>
	<object>
		<name>dish</name>
		<bndbox>
			<xmin>1018</xmin>
			<ymin>62</ymin>
			<xmax>2238</xmax>
			<ymax>1278</ymax>
		</bndbox>
	</object>
	<object>
		<name>감자탕</name>
		<bndbox>
			<xmin>1238</xmin>
			<ymin>395</ymin>
			<xmax>1972</xmax>
			<ymax>1094</ymax>
		</bndbox>
	</object>
</annotation>