<annotation>
	<folder>top건더기국류원형배달감자탕q1</folder>
	<filename>top_건더기국류_원형배달_감자탕_Q1_00013.JPG</filename>
	<path>/top건더기국류원형배달감자탕q1/top_건더기국류_원형배달_감자탕_Q1_00013.JPG</path>
	<source>
		<database>fooddata</database>
	</source>
	<size>
		<width>3008</width>
		<height>2000</height>
		<depth>3</depth>
	</size>
	<object>
		<name>ref_spoon</name>
		<bndbox>
			<xmin>1930</xmin>
			<ymin>154</ymin>
			<xmax>2160</xmax>
			<ymax>487</ymax>
		</bndbox>
	</object>
	<object>
		<name>ref_fork</name>
		<bndbox>
			<xmin>2224</xmin>
			<ymin>175</ymin>
			<xmax>2398</xmax>
			<ymax>544</ymax>
		</bndbox>
	</object>
	<object>
		<name>ref_coin</name>
		<bndbox>
			<xmin>1390</xmin>
			<ymin>1651</ymin>
			<xmax>1582</xmax>
			<ymax>1857</ymax>
		</bndbox>
	</object>
	<object>
		<name>dish</name>
		<bndbox>
			<xmin>511</xmin>
			<ymin>140</ymin>
			<xmax>1937</xmax>
			<ymax>1559</ymax>
		</bndbox>
	</object>
	<object>
		<name>감자탕</name>
		<bndbox>
			<xmin>795</xmin>
			<ymin>516</ymin>
			<xmax>1646</xmax>
			<ymax>1339</ymax>
		</bndbox>
	</object>
</annotation>