<annotation>
	<folder>top건더기국류원형배달감자탕q1</folder>
	<filename>top_건더기국류_원형배달_감자탕_Q1_00031.JPG</filename>
	<path>/top건더기국류원형배달감자탕q1/top_건더기국류_원형배달_감자탕_Q1_00031.JPG</path>
	<source>
		<database>fooddata</database>
	</source>
	<size>
		<width>3008</width>
		<height>2000</height>
		<depth>3</depth>
	</size>
	<object>
		<name>ref_spoon</name>
		<bndbox>
			<xmin>990</xmin>
			<ymin>1484</ymin>
			<xmax>1320</xmax>
			<ymax>1747</ymax>
		</bndbox>
	</object>
	<object>
		<name>ref_fork</name>
		<bndbox>
			<xmin>1039</xmin>
			<ymin>1243</ymin>
			<xmax>1405</xmax>
			<ymax>1435</ymax>
		</bndbox>
	</object>
	<object>
		<name>ref_coin</name>
		<bndbox>
			<xmin>1639</xmin>
			<ymin>1775</ymin>
			<xmax>1820</xmax>
			<ymax>1974</ymax>
		</bndbox>
	</object>
	<object>
		<name>dish</name>
		<bndbox>
			<xmin>1139</xmin>
			<ymin>90</ymin>
			<xmax>2299</xmax>
			<ymax>1222</ymax>
		</bndbox>
	</object>
	<object>
		<name>감자탕</name>
		<bndbox>
			<xmin>1291</xmin>
			<ymin>409</ymin>
			<xmax>1990</xmax>
			<ymax>1087</ymax>
		</bndbox>
	</object>
</annotation>