<annotation>
	<folder>top건더기국류원형배달감자탕q1</folder>
	<filename>top_건더기국류_원형배달_감자탕_Q1_00043.JPG</filename>
	<path>/top건더기국류원형배달감자탕q1/top_건더기국류_원형배달_감자탕_Q1_00043.JPG</path>
	<source>
		<database>fooddata</database>
	</source>
	<size>
		<width>3008</width>
		<height>2000</height>
		<depth>3</depth>
	</size>
	<object>
		<name>ref_spoon</name>
		<bndbox>
			<xmin>184</xmin>
			<ymin>523</ymin>
			<xmax>490</xmax>
			<ymax>945</ymax>
		</bndbox>
	</object>
	<object>
		<name>ref_fork</name>
		<bndbox>
			<xmin>550</xmin>
			<ymin>491</ymin>
			<xmax>784</xmax>
			<ymax>934</ymax>
		</bndbox>
	</object>
	<object>
		<name>ref_coin</name>
		<bndbox>
			<xmin>2518</xmin>
			<ymin>487</ymin>
			<xmax>2728</xmax>
			<ymax>690</ymax>
		</bndbox>
	</object>
	<object>
		<name>dish</name>
		<bndbox>
			<xmin>951</xmin>
			<ymin>392</ymin>
			<xmax>2476</xmax>
			<ymax>1920</ymax>
		</bndbox>
	</object>
	<object>
		<name>감자탕</name>
		<bndbox>
			<xmin>1167</xmin>
			<ymin>700</ymin>
			<xmax>2125</xmax>
			<ymax>1608</ymax>
		</bndbox>
	</object>
</annotation>