<annotation>
	<folder>top건더기국류원형배달감자탕q1</folder>
	<filename>top_건더기국류_원형배달_감자탕_Q1_00027.JPG</filename>
	<path>/top건더기국류원형배달감자탕q1/top_건더기국류_원형배달_감자탕_Q1_00027.JPG</path>
	<source>
		<database>fooddata</database>
	</source>
	<size>
		<width>3008</width>
		<height>2000</height>
		<depth>3</depth>
	</size>
	<object>
		<name>ref_spoon</name>
		<bndbox>
			<xmin>869</xmin>
			<ymin>1637</ymin>
			<xmax>1249</xmax>
			<ymax>1924</ymax>
		</bndbox>
	</object>
	<object>
		<name>ref_fork</name>
		<bndbox>
			<xmin>915</xmin>
			<ymin>1356</ymin>
			<xmax>1320</xmax>
			<ymax>1552</ymax>
		</bndbox>
	</object>
	<object>
		<name>ref_coin</name>
		<bndbox>
			<xmin>564</xmin>
			<ymin>594</ymin>
			<xmax>770</xmax>
			<ymax>789</ymax>
		</bndbox>
	</object>
	<object>
		<name>dish</name>
		<bndbox>
			<xmin>1036</xmin>
			<ymin>51</ymin>
			<xmax>2352</xmax>
			<ymax>1378</ymax>
		</bndbox>
	</object>
	<object>
		<name>감자탕</name>
		<bndbox>
			<xmin>1234</xmin>
			<ymin>416</ymin>
			<xmax>2054</xmax>
			<ymax>1193</ymax>
		</bndbox>
	</object>
</annotation>