<annotation>
	<folder>top건더기국류원형배달감자탕q1</folder>
	<filename>top_건더기국류_원형배달_감자탕_Q1_00012.JPG</filename>
	<path>/top건더기국류원형배달감자탕q1/top_건더기국류_원형배달_감자탕_Q1_00012.JPG</path>
	<source>
		<database>fooddata</database>
	</source>
	<size>
		<width>3008</width>
		<height>2000</height>
		<depth>3</depth>
	</size>
	<object>
		<name>ref_spoon</name>
		<bndbox>
			<xmin>2001</xmin>
			<ymin>193</ymin>
			<xmax>2238</xmax>
			<ymax>569</ymax>
		</bndbox>
	</object>
	<object>
		<name>ref_fork</name>
		<bndbox>
			<xmin>2302</xmin>
			<ymin>218</ymin>
			<xmax>2472</xmax>
			<ymax>597</ymax>
		</bndbox>
	</object>
	<object>
		<name>ref_coin</name>
		<bndbox>
			<xmin>972</xmin>
			<ymin>1665</ymin>
			<xmax>1185</xmax>
			<ymax>1889</ymax>
		</bndbox>
	</object>
	<object>
		<name>dish</name>
		<bndbox>
			<xmin>585</xmin>
			<ymin>214</ymin>
			<xmax>2015</xmax>
			<ymax>1608</ymax>
		</bndbox>
	</object>
	<object>
		<name>감자탕</name>
		<bndbox>
			<xmin>880</xmin>
			<ymin>558</ymin>
			<xmax>1731</xmax>
			<ymax>1381</ymax>
		</bndbox>
	</object>
</annotation>