<annotation>
	<folder>my-project-name</folder>
	<filename>side_건더기국류_뚝배기_삼계탕_Q1_00023.JPG</filename>
	<path>/side건더기국류뚝배기삼계탕q1/side_건더기국류_뚝배기_삼계탕_Q1_00023.JPG</path>
	<source>
		<database>fooddata</database>
	</source>
	<size>
		<width>5472</width>
		<height>3648</height>
		<depth>3</depth>
	</size>
	<object>
		<name>ref_spoon</name>
		<bndbox>
			<xmin>1671</xmin>
			<ymin>3051</ymin>
			<xmax>2462</xmax>
			<ymax>3479</ymax>
		</bndbox>
	</object>
	<object>
		<name>ref_fork</name>
		<bndbox>
			<xmin>1735</xmin>
			<ymin>2631</ymin>
			<xmax>2550</xmax>
			<ymax>2970</ymax>
		</bndbox>
	</object>
	<object>
		<name>ref_coin</name>
		<bndbox>
			<xmin>2946</xmin>
			<ymin>186</ymin>
			<xmax>3277</xmax>
			<ymax>436</ymax>
		</bndbox>
	</object>
	<object>
		<name>dish</name>
		<bndbox>
			<xmin>1679</xmin>
			<ymin>452</ymin>
			<xmax>3874</xmax>
			<ymax>2365</ymax>
		</bndbox>
	</object>
	<object>
		<name>삼계탕</name>
		<bndbox>
			<xmin>2058</xmin>
			<ymin>1033</ymin>
			<xmax>3551</xmax>
			<ymax>1784</ymax>
		</bndbox>
	</object>
</annotation>