<annotation>
	<folder>my-project-name</folder>
	<filename>side_건더기국류_뚝배기_삼계탕_Q1_00028.JPG</filename>
	<path>/side건더기국류뚝배기삼계탕q1/side_건더기국류_뚝배기_삼계탕_Q1_00028.JPG</path>
	<source>
		<database>fooddata</database>
	</source>
	<size>
		<width>5472</width>
		<height>3648</height>
		<depth>3</depth>
	</size>
	<object>
		<name>ref_spoon</name>
		<bndbox>
			<xmin>1679</xmin>
			<ymin>3010</ymin>
			<xmax>2526</xmax>
			<ymax>3454</ymax>
		</bndbox>
	</object>
	<object>
		<name>ref_fork</name>
		<bndbox>
			<xmin>1735</xmin>
			<ymin>2567</ymin>
			<xmax>2631</xmax>
			<ymax>2914</ymax>
		</bndbox>
	</object>
	<object>
		<name>ref_coin</name>
		<bndbox>
			<xmin>1186</xmin>
			<ymin>1445</ymin>
			<xmax>1558</xmax>
			<ymax>1727</ymax>
		</bndbox>
	</object>
	<object>
		<name>dish</name>
		<bndbox>
			<xmin>1921</xmin>
			<ymin>258</ymin>
			<xmax>4326</xmax>
			<ymax>2341</ymax>
		</bndbox>
	</object>
	<object>
		<name>삼계탕</name>
		<bndbox>
			<xmin>2276</xmin>
			<ymin>1001</ymin>
			<xmax>3898</xmax>
			<ymax>1711</ymax>
		</bndbox>
	</object>
</annotation>