<annotation>
	<folder>my-project-name</folder>
	<filename>side_건더기국류_뚝배기_삼계탕_Q1_00033.JPG</filename>
	<path>/side건더기국류뚝배기삼계탕q1/side_건더기국류_뚝배기_삼계탕_Q1_00033.JPG</path>
	<source>
		<database>fooddata</database>
	</source>
	<size>
		<width>5472</width>
		<height>3648</height>
		<depth>3</depth>
	</size>
	<object>
		<name>ref_spoon</name>
		<bndbox>
			<xmin>1453</xmin>
			<ymin>3083</ymin>
			<xmax>2324</xmax>
			<ymax>3535</ymax>
		</bndbox>
	</object>
	<object>
		<name>ref_fork</name>
		<bndbox>
			<xmin>1517</xmin>
			<ymin>2647</ymin>
			<xmax>2421</xmax>
			<ymax>2994</ymax>
		</bndbox>
	</object>
	<object>
		<name>ref_coin</name>
		<bndbox>
			<xmin>3503</xmin>
			<ymin>186</ymin>
			<xmax>3858</xmax>
			<ymax>476</ymax>
		</bndbox>
	</object>
	<object>
		<name>dish</name>
		<bndbox>
			<xmin>1743</xmin>
			<ymin>274</ymin>
			<xmax>4156</xmax>
			<ymax>2349</ymax>
		</bndbox>
	</object>
	<object>
		<name>삼계탕</name>
		<bndbox>
			<xmin>2171</xmin>
			<ymin>880</ymin>
			<xmax>3793</xmax>
			<ymax>1719</ymax>
		</bndbox>
	</object>
</annotation>