<annotation>
	<folder>재작업1</folder>
	<filename>side_건더기국류_뚝배기_삼계탕_Q1_00021.JPG</filename>
	<path>/side건더기국류뚝배기삼계탕q1/side_건더기국류_뚝배기_삼계탕_Q1_00021.JPG</path>
	<source>
		<database>fooddata</database>
	</source>
	<size>
		<width>5472</width>
		<height>3648</height>
		<depth>3</depth>
	</size>
	<object>
		<name>ref_spoon</name>
		<bndbox>
			<xmin>1854</xmin>
			<ymin>2934</ymin>
			<xmax>2563</xmax>
			<ymax>3359</ymax>
		</bndbox>
	</object>
	<object>
		<name>ref_fork</name>
		<bndbox>
			<xmin>1910</xmin>
			<ymin>2496</ymin>
			<xmax>2703</xmax>
			<ymax>2813</ymax>
		</bndbox>
	</object>
	<object>
		<name>ref_coin</name>
		<bndbox>
			<xmin>4196</xmin>
			<ymin>896</ymin>
			<xmax>4518</xmax>
			<ymax>1124</ymax>
		</bndbox>
	</object>
	<object>
		<name>dish</name>
		<bndbox>
			<xmin>1747</xmin>
			<ymin>168</ymin>
			<xmax>4089</xmax>
			<ymax>2221</ymax>
		</bndbox>
	</object>
	<object>
		<name>삼계탕</name>
		<bndbox>
			<xmin>2176</xmin>
			<ymin>765</ymin>
			<xmax>3748</xmax>
			<ymax>1595</ymax>
		</bndbox>
	</object>
</annotation>