<annotation>
	<folder>my-project-name</folder>
	<filename>side_건더기국류_뚝배기_삼계탕_Q1_00034.JPG</filename>
	<path>/side건더기국류뚝배기삼계탕q1/side_건더기국류_뚝배기_삼계탕_Q1_00034.JPG</path>
	<source>
		<database>fooddata</database>
	</source>
	<size>
		<width>5472</width>
		<height>3648</height>
		<depth>3</depth>
	</size>
	<object>
		<name>ref_spoon</name>
		<bndbox>
			<xmin>977</xmin>
			<ymin>1420</ymin>
			<xmax>1501</xmax>
			<ymax>2163</ymax>
		</bndbox>
	</object>
	<object>
		<name>ref_fork</name>
		<bndbox>
			<xmin>1695</xmin>
			<ymin>1453</ymin>
			<xmax>2050</xmax>
			<ymax>2268</ymax>
		</bndbox>
	</object>
	<object>
		<name>ref_coin</name>
		<bndbox>
			<xmin>2889</xmin>
			<ymin>2914</ymin>
			<xmax>3317</xmax>
			<ymax>3261</ymax>
		</bndbox>
	</object>
	<object>
		<name>dish</name>
		<bndbox>
			<xmin>2187</xmin>
			<ymin>242</ymin>
			<xmax>4867</xmax>
			<ymax>2558</ymax>
		</bndbox>
	</object>
	<object>
		<name>삼계탕</name>
		<bndbox>
			<xmin>2575</xmin>
			<ymin>872</ymin>
			<xmax>4415</xmax>
			<ymax>1872</ymax>
		</bndbox>
	</object>
</annotation>