<annotation>
	<folder>my-project-name</folder>
	<filename>side_건더기국류_뚝배기_삼계탕_Q1_00018.JPG</filename>
	<path>/side건더기국류뚝배기삼계탕q1/side_건더기국류_뚝배기_삼계탕_Q1_00018.JPG</path>
	<source>
		<database>fooddata</database>
	</source>
	<size>
		<width>5472</width>
		<height>3648</height>
		<depth>3</depth>
	</size>
	<object>
		<name>ref_spoon</name>
		<bndbox>
			<xmin>1711</xmin>
			<ymin>3010</ymin>
			<xmax>2534</xmax>
			<ymax>3462</ymax>
		</bndbox>
	</object>
	<object>
		<name>ref_fork</name>
		<bndbox>
			<xmin>1768</xmin>
			<ymin>2567</ymin>
			<xmax>2647</xmax>
			<ymax>2914</ymax>
		</bndbox>
	</object>
	<object>
		<name>ref_coin</name>
		<bndbox>
			<xmin>3890</xmin>
			<ymin>2050</ymin>
			<xmax>4261</xmax>
			<ymax>2357</ymax>
		</bndbox>
	</object>
	<object>
		<name>dish</name>
		<bndbox>
			<xmin>1703</xmin>
			<ymin>282</ymin>
			<xmax>4076</xmax>
			<ymax>2324</ymax>
		</bndbox>
	</object>
	<object>
		<name>삼계탕</name>
		<bndbox>
			<xmin>2026</xmin>
			<ymin>952</ymin>
			<xmax>3680</xmax>
			<ymax>1727</ymax>
		</bndbox>
	</object>
</annotation>