<annotation>
	<folder>김희경수정</folder>
	<filename>side_건더기국류_뚝배기_삼계탕_Q1_00048.JPG</filename>
	<path>/side건더기국류뚝배기삼계탕q1/side_건더기국류_뚝배기_삼계탕_Q1_00048.JPG</path>
	<source>
		<database>fooddata</database>
	</source>
	<size>
		<width>5472</width>
		<height>3648</height>
		<depth>3</depth>
	</size>
	<object>
		<name>ref_spoon</name>
		<bndbox>
			<xmin>803</xmin>
			<ymin>1933</ymin>
			<xmax>1320</xmax>
			<ymax>2644</ymax>
		</bndbox>
	</object>
	<object>
		<name>ref_fork</name>
		<bndbox>
			<xmin>1508</xmin>
			<ymin>1923</ymin>
			<xmax>1876</xmax>
			<ymax>2724</ymax>
		</bndbox>
	</object>
	<object>
		<name>ref_coin</name>
		<bndbox>
			<xmin>4654</xmin>
			<ymin>2306</ymin>
			<xmax>5047</xmax>
			<ymax>2604</ymax>
		</bndbox>
	</object>
	<object>
		<name>dish</name>
		<bndbox>
			<xmin>2010</xmin>
			<ymin>567</ymin>
			<xmax>4674</xmax>
			<ymax>2902</ymax>
		</bndbox>
	</object>
	<object>
		<name>삼계탕</name>
		<bndbox>
			<xmin>2458</xmin>
			<ymin>1372</ymin>
			<xmax>4202</xmax>
			<ymax>2212</ymax>
		</bndbox>
	</object>
</annotation>