<annotation>
	<folder>my-project-name</folder>
	<filename>side_건더기국류_뚝배기_삼계탕_Q1_00031.JPG</filename>
	<path>/side건더기국류뚝배기삼계탕q1/side_건더기국류_뚝배기_삼계탕_Q1_00031.JPG</path>
	<source>
		<database>fooddata</database>
	</source>
	<size>
		<width>5472</width>
		<height>3648</height>
		<depth>3</depth>
	</size>
	<object>
		<name>ref_spoon</name>
		<bndbox>
			<xmin>1735</xmin>
			<ymin>3018</ymin>
			<xmax>2583</xmax>
			<ymax>3495</ymax>
		</bndbox>
	</object>
	<object>
		<name>ref_fork</name>
		<bndbox>
			<xmin>1784</xmin>
			<ymin>2575</ymin>
			<xmax>2704</xmax>
			<ymax>2930</ymax>
		</bndbox>
	</object>
	<object>
		<name>ref_coin</name>
		<bndbox>
			<xmin>1558</xmin>
			<ymin>1001</ymin>
			<xmax>1897</xmax>
			<ymax>1283</ymax>
		</bndbox>
	</object>
	<object>
		<name>dish</name>
		<bndbox>
			<xmin>2050</xmin>
			<ymin>258</ymin>
			<xmax>4463</xmax>
			<ymax>2332</ymax>
		</bndbox>
	</object>
	<object>
		<name>삼계탕</name>
		<bndbox>
			<xmin>2389</xmin>
			<ymin>944</ymin>
			<xmax>4043</xmax>
			<ymax>1703</ymax>
		</bndbox>
	</object>
</annotation>