<annotation>
	<folder>김희경수정</folder>
	<filename>side_건더기국류_뚝배기_삼계탕_Q1_00051.JPG</filename>
	<path>/side건더기국류뚝배기삼계탕q1/side_건더기국류_뚝배기_삼계탕_Q1_00051.JPG</path>
	<source>
		<database>fooddata</database>
	</source>
	<size>
		<width>5472</width>
		<height>3648</height>
		<depth>3</depth>
	</size>
	<object>
		<name>ref_spoon</name>
		<bndbox>
			<xmin>832</xmin>
			<ymin>1998</ymin>
			<xmax>1344</xmax>
			<ymax>2738</ymax>
		</bndbox>
	</object>
	<object>
		<name>ref_fork</name>
		<bndbox>
			<xmin>1553</xmin>
			<ymin>1963</ymin>
			<xmax>1911</xmax>
			<ymax>2843</ymax>
		</bndbox>
	</object>
	<object>
		<name>ref_coin</name>
		<bndbox>
			<xmin>3864</xmin>
			<ymin>343</ymin>
			<xmax>4197</xmax>
			<ymax>577</ymax>
		</bndbox>
	</object>
	<object>
		<name>dish</name>
		<bndbox>
			<xmin>2055</xmin>
			<ymin>611</ymin>
			<xmax>4724</xmax>
			<ymax>2972</ymax>
		</bndbox>
	</object>
	<object>
		<name>삼계탕</name>
		<bndbox>
			<xmin>2617</xmin>
			<ymin>1267</ymin>
			<xmax>4376</xmax>
			<ymax>2237</ymax>
		</bndbox>
	</object>
</annotation>