<annotation>
	<folder>top건더기국류뚝배기q1</folder>
	<filename>top_건더기국류_뚝배기_삼계탕_Q1_00047.JPG</filename>
	<path>/top건더기국류뚝배기삼계탕q1/top_건더기국류_뚝배기_삼계탕_Q1_00047.JPG</path>
	<source>
		<database>fooddata</database>
	</source>
	<size>
		<width>5472</width>
		<height>3648</height>
		<depth>3</depth>
	</size>
	<object>
		<name>ref_spoon</name>
		<bndbox>
			<xmin>674</xmin>
			<ymin>1497</ymin>
			<xmax>1194</xmax>
			<ymax>2259</ymax>
		</bndbox>
	</object>
	<object>
		<name>ref_fork</name>
		<bndbox>
			<xmin>1315</xmin>
			<ymin>1425</ymin>
			<xmax>1696</xmax>
			<ymax>2250</ymax>
		</bndbox>
	</object>
	<object>
		<name>ref_coin</name>
		<bndbox>
			<xmin>4798</xmin>
			<ymin>1192</ymin>
			<xmax>5165</xmax>
			<ymax>1573</ymax>
		</bndbox>
	</object>
	<object>
		<name>dish</name>
		<bndbox>
			<xmin>1925</xmin>
			<ymin>614</ymin>
			<xmax>4784</xmax>
			<ymax>3442</ymax>
		</bndbox>
	</object>
	<object>
		<name>삼계탕</name>
		<bndbox>
			<xmin>2391</xmin>
			<ymin>990</ymin>
			<xmax>4349</xmax>
			<ymax>3128</ymax>
		</bndbox>
	</object>
</annotation>