<annotation>
	<folder>top건더기국류뚝배기q1</folder>
	<filename>top_건더기국류_뚝배기_삼계탕_Q1_00051.JPG</filename>
	<path>/top건더기국류뚝배기삼계탕q1/top_건더기국류_뚝배기_삼계탕_Q1_00051.JPG</path>
	<source>
		<database>fooddata</database>
	</source>
	<size>
		<width>5472</width>
		<height>3648</height>
		<depth>3</depth>
	</size>
	<object>
		<name>ref_spoon</name>
		<bndbox>
			<xmin>697</xmin>
			<ymin>905</ymin>
			<xmax>1226</xmax>
			<ymax>1703</ymax>
		</bndbox>
	</object>
	<object>
		<name>ref_fork</name>
		<bndbox>
			<xmin>1365</xmin>
			<ymin>865</ymin>
			<xmax>1732</xmax>
			<ymax>1707</ymax>
		</bndbox>
	</object>
	<object>
		<name>ref_coin</name>
		<bndbox>
			<xmin>4269</xmin>
			<ymin>2711</ymin>
			<xmax>4659</xmax>
			<ymax>3115</ymax>
		</bndbox>
	</object>
	<object>
		<name>dish</name>
		<bndbox>
			<xmin>1979</xmin>
			<ymin>85</ymin>
			<xmax>4887</xmax>
			<ymax>2949</ymax>
		</bndbox>
	</object>
	<object>
		<name>삼계탕</name>
		<bndbox>
			<xmin>2382</xmin>
			<ymin>511</ymin>
			<xmax>4367</xmax>
			<ymax>2595</ymax>
		</bndbox>
	</object>
</annotation>