<annotation>
	<folder>top건더기국류뚝배기q1</folder>
	<filename>top_건더기국류_뚝배기_삼계탕_Q1_00023.JPG</filename>
	<path>/top건더기국류뚝배기삼계탕q1/top_건더기국류_뚝배기_삼계탕_Q1_00023.JPG</path>
	<source>
		<database>fooddata</database>
	</source>
	<size>
		<width>5472</width>
		<height>3648</height>
		<depth>3</depth>
	</size>
	<object>
		<name>ref_spoon</name>
		<bndbox>
			<xmin>1889</xmin>
			<ymin>3142</ymin>
			<xmax>2539</xmax>
			<ymax>3572</ymax>
		</bndbox>
	</object>
	<object>
		<name>ref_fork</name>
		<bndbox>
			<xmin>1853</xmin>
			<ymin>2680</ymin>
			<xmax>2530</xmax>
			<ymax>2971</ymax>
		</bndbox>
	</object>
	<object>
		<name>ref_coin</name>
		<bndbox>
			<xmin>2920</xmin>
			<ymin>139</ymin>
			<xmax>3193</xmax>
			<ymax>399</ymax>
		</bndbox>
	</object>
	<object>
		<name>dish</name>
		<bndbox>
			<xmin>1728</xmin>
			<ymin>462</ymin>
			<xmax>3883</xmax>
			<ymax>2586</ymax>
		</bndbox>
	</object>
	<object>
		<name>삼계탕</name>
		<bndbox>
			<xmin>2046</xmin>
			<ymin>901</ymin>
			<xmax>3565</xmax>
			<ymax>2344</ymax>
		</bndbox>
	</object>
</annotation>