<annotation>
	<folder>top건더기국류뚝배기q1</folder>
	<filename>top_건더기국류_뚝배기_삼계탕_Q1_00045.JPG</filename>
	<path>/top건더기국류뚝배기삼계탕q1/top_건더기국류_뚝배기_삼계탕_Q1_00045.JPG</path>
	<source>
		<database>fooddata</database>
	</source>
	<size>
		<width>5472</width>
		<height>3648</height>
		<depth>3</depth>
	</size>
	<object>
		<name>ref_spoon</name>
		<bndbox>
			<xmin>737</xmin>
			<ymin>1430</ymin>
			<xmax>1253</xmax>
			<ymax>2178</ymax>
		</bndbox>
	</object>
	<object>
		<name>ref_fork</name>
		<bndbox>
			<xmin>1392</xmin>
			<ymin>1362</ymin>
			<xmax>1746</xmax>
			<ymax>2178</ymax>
		</bndbox>
	</object>
	<object>
		<name>ref_coin</name>
		<bndbox>
			<xmin>4291</xmin>
			<ymin>524</ymin>
			<xmax>4672</xmax>
			<ymax>869</ymax>
		</bndbox>
	</object>
	<object>
		<name>dish</name>
		<bndbox>
			<xmin>1992</xmin>
			<ymin>605</ymin>
			<xmax>4820</xmax>
			<ymax>3415</ymax>
		</bndbox>
	</object>
	<object>
		<name>삼계탕</name>
		<bndbox>
			<xmin>2328</xmin>
			<ymin>986</ymin>
			<xmax>4399</xmax>
			<ymax>3065</ymax>
		</bndbox>
	</object>
</annotation>