<annotation>
	<folder>top건더기국류뚝배기q1</folder>
	<filename>top_건더기국류_뚝배기_삼계탕_Q1_00002.JPG</filename>
	<path>/top건더기국류뚝배기삼계탕q1/top_건더기국류_뚝배기_삼계탕_Q1_00002.JPG</path>
	<source>
		<database>fooddata</database>
	</source>
	<size>
		<width>5472</width>
		<height>3648</height>
		<depth>3</depth>
	</size>
	<object>
		<name>ref_spoon</name>
		<bndbox>
			<xmin>4085</xmin>
			<ymin>359</ymin>
			<xmax>4582</xmax>
			<ymax>1152</ymax>
		</bndbox>
	</object>
	<object>
		<name>ref_fork</name>
		<bndbox>
			<xmin>4717</xmin>
			<ymin>466</ymin>
			<xmax>5053</xmax>
			<ymax>1327</ymax>
		</bndbox>
	</object>
	<object>
		<name>ref_coin</name>
		<bndbox>
			<xmin>3108</xmin>
			<ymin>3003</ymin>
			<xmax>3489</xmax>
			<ymax>3388</ymax>
		</bndbox>
	</object>
	<object>
		<name>dish</name>
		<bndbox>
			<xmin>1114</xmin>
			<ymin>269</ymin>
			<xmax>3991</xmax>
			<ymax>3115</ymax>
		</bndbox>
	</object>
	<object>
		<name>삼계탕</name>
		<bndbox>
			<xmin>1544</xmin>
			<ymin>748</ymin>
			<xmax>3556</xmax>
			<ymax>2711</ymax>
		</bndbox>
	</object>
</annotation>