<annotation>
	<folder>top건더기국류뚝배기q1</folder>
	<filename>top_건더기국류_뚝배기_삼계탕_Q1_00049.JPG</filename>
	<path>/top건더기국류뚝배기삼계탕q1/top_건더기국류_뚝배기_삼계탕_Q1_00049.JPG</path>
	<source>
		<database>fooddata</database>
	</source>
	<size>
		<width>5472</width>
		<height>3648</height>
		<depth>3</depth>
	</size>
	<object>
		<name>ref_spoon</name>
		<bndbox>
			<xmin>432</xmin>
			<ymin>1452</ymin>
			<xmax>952</xmax>
			<ymax>2241</ymax>
		</bndbox>
	</object>
	<object>
		<name>ref_fork</name>
		<bndbox>
			<xmin>1069</xmin>
			<ymin>1367</ymin>
			<xmax>1472</xmax>
			<ymax>2214</ymax>
		</bndbox>
	</object>
	<object>
		<name>ref_coin</name>
		<bndbox>
			<xmin>4694</xmin>
			<ymin>2169</ymin>
			<xmax>5071</xmax>
			<ymax>2528</ymax>
		</bndbox>
	</object>
	<object>
		<name>dish</name>
		<bndbox>
			<xmin>1687</xmin>
			<ymin>511</ymin>
			<xmax>4542</xmax>
			<ymax>3357</ymax>
		</bndbox>
	</object>
	<object>
		<name>삼계탕</name>
		<bndbox>
			<xmin>1997</xmin>
			<ymin>1017</ymin>
			<xmax>4018</xmax>
			<ymax>3016</ymax>
		</bndbox>
	</object>
</annotation>