<annotation>
	<folder>top건더기국류뚝배기q1</folder>
	<filename>top_건더기국류_뚝배기_삼계탕_Q1_00003.JPG</filename>
	<path>/top건더기국류뚝배기삼계탕q1/top_건더기국류_뚝배기_삼계탕_Q1_00003.JPG</path>
	<source>
		<database>fooddata</database>
	</source>
	<size>
		<width>5472</width>
		<height>3648</height>
		<depth>3</depth>
	</size>
	<object>
		<name>ref_spoon</name>
		<bndbox>
			<xmin>3838</xmin>
			<ymin>426</ymin>
			<xmax>4327</xmax>
			<ymax>1228</ymax>
		</bndbox>
	</object>
	<object>
		<name>ref_fork</name>
		<bndbox>
			<xmin>4461</xmin>
			<ymin>524</ymin>
			<xmax>4789</xmax>
			<ymax>1385</ymax>
		</bndbox>
	</object>
	<object>
		<name>ref_coin</name>
		<bndbox>
			<xmin>3112</xmin>
			<ymin>2886</ymin>
			<xmax>3489</xmax>
			<ymax>3267</ymax>
		</bndbox>
	</object>
	<object>
		<name>dish</name>
		<bndbox>
			<xmin>813</xmin>
			<ymin>179</ymin>
			<xmax>3722</xmax>
			<ymax>3052</ymax>
		</bndbox>
	</object>
	<object>
		<name>삼계탕</name>
		<bndbox>
			<xmin>1311</xmin>
			<ymin>708</ymin>
			<xmax>3287</xmax>
			<ymax>2649</ymax>
		</bndbox>
	</object>
</annotation>