<annotation>
	<folder>top건더기국류뚝배기q1</folder>
	<filename>top_건더기국류_뚝배기_삼계탕_Q1_00050.JPG</filename>
	<path>/top건더기국류뚝배기삼계탕q1/top_건더기국류_뚝배기_삼계탕_Q1_00050.JPG</path>
	<source>
		<database>fooddata</database>
	</source>
	<size>
		<width>5472</width>
		<height>3648</height>
		<depth>3</depth>
	</size>
	<object>
		<name>ref_spoon</name>
		<bndbox>
			<xmin>571</xmin>
			<ymin>977</ymin>
			<xmax>1091</xmax>
			<ymax>1761</ymax>
		</bndbox>
	</object>
	<object>
		<name>ref_fork</name>
		<bndbox>
			<xmin>1235</xmin>
			<ymin>941</ymin>
			<xmax>1589</xmax>
			<ymax>1784</ymax>
		</bndbox>
	</object>
	<object>
		<name>ref_coin</name>
		<bndbox>
			<xmin>4529</xmin>
			<ymin>2550</ymin>
			<xmax>4910</xmax>
			<ymax>2926</ymax>
		</bndbox>
	</object>
	<object>
		<name>dish</name>
		<bndbox>
			<xmin>1795</xmin>
			<ymin>242</ymin>
			<xmax>4703</xmax>
			<ymax>3110</ymax>
		</bndbox>
	</object>
	<object>
		<name>삼계탕</name>
		<bndbox>
			<xmin>2185</xmin>
			<ymin>578</ymin>
			<xmax>4269</xmax>
			<ymax>2720</ymax>
		</bndbox>
	</object>
</annotation>