<annotation>
	<folder>top건더기국류뚝배기q1</folder>
	<filename>top_건더기국류_뚝배기_삼계탕_Q1_00013.JPG</filename>
	<path>/top건더기국류뚝배기삼계탕q1/top_건더기국류_뚝배기_삼계탕_Q1_00013.JPG</path>
	<source>
		<database>fooddata</database>
	</source>
	<size>
		<width>5472</width>
		<height>3648</height>
		<depth>3</depth>
	</size>
	<object>
		<name>ref_spoon</name>
		<bndbox>
			<xmin>4058</xmin>
			<ymin>668</ymin>
			<xmax>4551</xmax>
			<ymax>1452</ymax>
		</bndbox>
	</object>
	<object>
		<name>ref_fork</name>
		<bndbox>
			<xmin>4685</xmin>
			<ymin>735</ymin>
			<xmax>4999</xmax>
			<ymax>1564</ymax>
		</bndbox>
	</object>
	<object>
		<name>ref_coin</name>
		<bndbox>
			<xmin>2987</xmin>
			<ymin>161</ymin>
			<xmax>3337</xmax>
			<ymax>497</ymax>
		</bndbox>
	</object>
	<object>
		<name>dish</name>
		<bndbox>
			<xmin>1396</xmin>
			<ymin>601</ymin>
			<xmax>4175</xmax>
			<ymax>3348</ymax>
		</bndbox>
	</object>
	<object>
		<name>삼계탕</name>
		<bndbox>
			<xmin>1795</xmin>
			<ymin>1071</ymin>
			<xmax>3740</xmax>
			<ymax>2940</ymax>
		</bndbox>
	</object>
</annotation>