<annotation>
	<folder>top건더기국류뚝배기q1</folder>
	<filename>top_건더기국류_뚝배기_삼계탕_Q1_00040.JPG</filename>
	<path>/top건더기국류뚝배기삼계탕q1/top_건더기국류_뚝배기_삼계탕_Q1_00040.JPG</path>
	<source>
		<database>fooddata</database>
	</source>
	<size>
		<width>5472</width>
		<height>3648</height>
		<depth>3</depth>
	</size>
	<object>
		<name>ref_spoon</name>
		<bndbox>
			<xmin>836</xmin>
			<ymin>1129</ymin>
			<xmax>1320</xmax>
			<ymax>1864</ymax>
		</bndbox>
	</object>
	<object>
		<name>ref_fork</name>
		<bndbox>
			<xmin>1445</xmin>
			<ymin>1094</ymin>
			<xmax>1772</xmax>
			<ymax>1869</ymax>
		</bndbox>
	</object>
	<object>
		<name>ref_coin</name>
		<bndbox>
			<xmin>4820</xmin>
			<ymin>1645</ymin>
			<xmax>5156</xmax>
			<ymax>1990</ymax>
		</bndbox>
	</object>
	<object>
		<name>dish</name>
		<bndbox>
			<xmin>1997</xmin>
			<ymin>448</ymin>
			<xmax>4609</xmax>
			<ymax>3043</ymax>
		</bndbox>
	</object>
	<object>
		<name>삼계탕</name>
		<bndbox>
			<xmin>2351</xmin>
			<ymin>874</ymin>
			<xmax>4179</xmax>
			<ymax>2653</ymax>
		</bndbox>
	</object>
</annotation>