<annotation>
	<folder>top건더기국류뚝배기q1</folder>
	<filename>top_건더기국류_뚝배기_삼계탕_Q1_00035.JPG</filename>
	<path>/top건더기국류뚝배기삼계탕q1/top_건더기국류_뚝배기_삼계탕_Q1_00035.JPG</path>
	<source>
		<database>fooddata</database>
	</source>
	<size>
		<width>5472</width>
		<height>3648</height>
		<depth>3</depth>
	</size>
	<object>
		<name>ref_spoon</name>
		<bndbox>
			<xmin>800</xmin>
			<ymin>995</ymin>
			<xmax>1293</xmax>
			<ymax>1734</ymax>
		</bndbox>
	</object>
	<object>
		<name>ref_fork</name>
		<bndbox>
			<xmin>1432</xmin>
			<ymin>955</ymin>
			<xmax>1759</xmax>
			<ymax>1779</ymax>
		</bndbox>
	</object>
	<object>
		<name>ref_coin</name>
		<bndbox>
			<xmin>3740</xmin>
			<ymin>3074</ymin>
			<xmax>4098</xmax>
			<ymax>3451</ymax>
		</bndbox>
	</object>
	<object>
		<name>dish</name>
		<bndbox>
			<xmin>1983</xmin>
			<ymin>269</ymin>
			<xmax>4672</xmax>
			<ymax>2913</ymax>
		</bndbox>
	</object>
	<object>
		<name>삼계탕</name>
		<bndbox>
			<xmin>2382</xmin>
			<ymin>847</ymin>
			<xmax>4224</xmax>
			<ymax>2577</ymax>
		</bndbox>
	</object>
</annotation>