<annotation>
	<folder>top건더기국류뚝배기q1</folder>
	<filename>top_건더기국류_뚝배기_삼계탕_Q1_00053.JPG</filename>
	<path>/top건더기국류뚝배기삼계탕q1/top_건더기국류_뚝배기_삼계탕_Q1_00053.JPG</path>
	<source>
		<database>fooddata</database>
	</source>
	<size>
		<width>5472</width>
		<height>3648</height>
		<depth>3</depth>
	</size>
	<object>
		<name>ref_spoon</name>
		<bndbox>
			<xmin>948</xmin>
			<ymin>1004</ymin>
			<xmax>1436</xmax>
			<ymax>1730</ymax>
		</bndbox>
	</object>
	<object>
		<name>ref_fork</name>
		<bndbox>
			<xmin>1571</xmin>
			<ymin>932</ymin>
			<xmax>1916</xmax>
			<ymax>1743</ymax>
		</bndbox>
	</object>
	<object>
		<name>ref_coin</name>
		<bndbox>
			<xmin>3301</xmin>
			<ymin>3079</ymin>
			<xmax>3659</xmax>
			<ymax>3451</ymax>
		</bndbox>
	</object>
	<object>
		<name>dish</name>
		<bndbox>
			<xmin>2176</xmin>
			<ymin>148</ymin>
			<xmax>4905</xmax>
			<ymax>2850</ymax>
		</bndbox>
	</object>
	<object>
		<name>삼계탕</name>
		<bndbox>
			<xmin>2525</xmin>
			<ymin>497</ymin>
			<xmax>4452</xmax>
			<ymax>2483</ymax>
		</bndbox>
	</object>
</annotation>