<annotation>
	<folder>top건더기국류뚝배기q1</folder>
	<filename>top_건더기국류_뚝배기_삼계탕_Q1_00007.JPG</filename>
	<path>/top건더기국류뚝배기삼계탕q1/top_건더기국류_뚝배기_삼계탕_Q1_00007.JPG</path>
	<source>
		<database>fooddata</database>
	</source>
	<size>
		<width>5472</width>
		<height>3648</height>
		<depth>3</depth>
	</size>
	<object>
		<name>ref_spoon</name>
		<bndbox>
			<xmin>3834</xmin>
			<ymin>372</ymin>
			<xmax>4300</xmax>
			<ymax>1156</ymax>
		</bndbox>
	</object>
	<object>
		<name>ref_fork</name>
		<bndbox>
			<xmin>4439</xmin>
			<ymin>444</ymin>
			<xmax>4744</xmax>
			<ymax>1268</ymax>
		</bndbox>
	</object>
	<object>
		<name>ref_coin</name>
		<bndbox>
			<xmin>939</xmin>
			<ymin>2420</ymin>
			<xmax>1293</xmax>
			<ymax>2765</ymax>
		</bndbox>
	</object>
	<object>
		<name>dish</name>
		<bndbox>
			<xmin>1096</xmin>
			<ymin>179</ymin>
			<xmax>3830</xmax>
			<ymax>2882</ymax>
		</bndbox>
	</object>
	<object>
		<name>삼계탕</name>
		<bndbox>
			<xmin>1557</xmin>
			<ymin>717</ymin>
			<xmax>3435</xmax>
			<ymax>2532</ymax>
		</bndbox>
	</object>
</annotation>