<annotation>
	<folder>side스프류작은파스타볼콘스프q2</folder>
	<filename>side_스프류_작은파스타볼_콘스프_Q2_00040.JPG</filename>
	<path>/side스프류작은파스타볼콘스프q2/side_스프류_작은파스타볼_콘스프_Q2_00040.JPG</path>
	<source>
		<database>fooddata</database>
	</source>
	<size>
		<width>5472</width>
		<height>3648</height>
		<depth>3</depth>
	</size>
	<object>
		<name>ref_spoon</name>
		<bndbox>
			<xmin>692</xmin>
			<ymin>1232</ymin>
			<xmax>1217</xmax>
			<ymax>2169</ymax>
		</bndbox>
	</object>
	<object>
		<name>ref_fork</name>
		<bndbox>
			<xmin>1356</xmin>
			<ymin>1232</ymin>
			<xmax>1705</xmax>
			<ymax>2232</ymax>
		</bndbox>
	</object>
	<object>
		<name>ref_coin</name>
		<bndbox>
			<xmin>4067</xmin>
			<ymin>856</ymin>
			<xmax>4430</xmax>
			<ymax>1120</ymax>
		</bndbox>
	</object>
	<object>
		<name>dish</name>
		<bndbox>
			<xmin>1768</xmin>
			<ymin>878</ymin>
			<xmax>4246</xmax>
			<ymax>2671</ymax>
		</bndbox>
	</object>
	<object>
		<name>콘스프</name>
		<bndbox>
			<xmin>2328</xmin>
			<ymin>1699</ymin>
			<xmax>3596</xmax>
			<ymax>2528</ymax>
		</bndbox>
	</object>
</annotation>