<annotation>
	<folder>side스프류작은파스타볼콘스프q2</folder>
	<filename>side_스프류_작은파스타볼_콘스프_Q2_00006.JPG</filename>
	<path>/side스프류작은파스타볼콘스프q2/side_스프류_작은파스타볼_콘스프_Q2_00006.JPG</path>
	<source>
		<database>fooddata</database>
	</source>
	<size>
		<width>5472</width>
		<height>3648</height>
		<depth>3</depth>
	</size>
	<object>
		<name>ref_spoon</name>
		<bndbox>
			<xmin>3874</xmin>
			<ymin>820</ymin>
			<xmax>4412</xmax>
			<ymax>1694</ymax>
		</bndbox>
	</object>
	<object>
		<name>ref_fork</name>
		<bndbox>
			<xmin>4564</xmin>
			<ymin>851</ymin>
			<xmax>4932</xmax>
			<ymax>1833</ymax>
		</bndbox>
	</object>
	<object>
		<name>ref_coin</name>
		<bndbox>
			<xmin>294</xmin>
			<ymin>1703</ymin>
			<xmax>701</xmax>
			<ymax>2003</ymax>
		</bndbox>
	</object>
	<object>
		<name>dish</name>
		<bndbox>
			<xmin>1064</xmin>
			<ymin>574</ymin>
			<xmax>3596</xmax>
			<ymax>2357</ymax>
		</bndbox>
	</object>
	<object>
		<name>콘스프</name>
		<bndbox>
			<xmin>1714</xmin>
			<ymin>1362</ymin>
			<xmax>2982</xmax>
			<ymax>2245</ymax>
		</bndbox>
	</object>
</annotation>