<annotation>
	<folder>side스프류작은파스타볼콘스프q2</folder>
	<filename>side_스프류_작은파스타볼_콘스프_Q2_00053.JPG</filename>
	<path>/side스프류작은파스타볼콘스프q2/side_스프류_작은파스타볼_콘스프_Q2_00053.JPG</path>
	<source>
		<database>fooddata</database>
	</source>
	<size>
		<width>5472</width>
		<height>3648</height>
		<depth>3</depth>
	</size>
	<object>
		<name>ref_spoon</name>
		<bndbox>
			<xmin>979</xmin>
			<ymin>1277</ymin>
			<xmax>1499</xmax>
			<ymax>2165</ymax>
		</bndbox>
	</object>
	<object>
		<name>ref_fork</name>
		<bndbox>
			<xmin>1638</xmin>
			<ymin>1264</ymin>
			<xmax>1988</xmax>
			<ymax>2209</ymax>
		</bndbox>
	</object>
	<object>
		<name>ref_coin</name>
		<bndbox>
			<xmin>2023</xmin>
			<ymin>520</ymin>
			<xmax>2364</xmax>
			<ymax>766</ymax>
		</bndbox>
	</object>
	<object>
		<name>dish</name>
		<bndbox>
			<xmin>2041</xmin>
			<ymin>878</ymin>
			<xmax>4506</xmax>
			<ymax>2667</ymax>
		</bndbox>
	</object>
	<object>
		<name>콘스프</name>
		<bndbox>
			<xmin>2727</xmin>
			<ymin>1667</ymin>
			<xmax>3991</xmax>
			<ymax>2492</ymax>
		</bndbox>
	</object>
</annotation>