<annotation>
	<folder>side스프류작은파스타볼콘스프q2</folder>
	<filename>side_스프류_작은파스타볼_콘스프_Q2_00004.JPG</filename>
	<path>/side스프류작은파스타볼콘스프q2/side_스프류_작은파스타볼_콘스프_Q2_00004.JPG</path>
	<source>
		<database>fooddata</database>
	</source>
	<size>
		<width>5472</width>
		<height>3648</height>
		<depth>3</depth>
	</size>
	<object>
		<name>ref_spoon</name>
		<bndbox>
			<xmin>3386</xmin>
			<ymin>605</ymin>
			<xmax>3906</xmax>
			<ymax>1497</ymax>
		</bndbox>
	</object>
	<object>
		<name>ref_fork</name>
		<bndbox>
			<xmin>4072</xmin>
			<ymin>641</ymin>
			<xmax>4421</xmax>
			<ymax>1582</ymax>
		</bndbox>
	</object>
	<object>
		<name>ref_coin</name>
		<bndbox>
			<xmin>782</xmin>
			<ymin>2478</ymin>
			<xmax>1208</xmax>
			<ymax>2819</ymax>
		</bndbox>
	</object>
	<object>
		<name>dish</name>
		<bndbox>
			<xmin>634</xmin>
			<ymin>300</ymin>
			<xmax>3193</xmax>
			<ymax>2079</ymax>
		</bndbox>
	</object>
	<object>
		<name>콘스프</name>
		<bndbox>
			<xmin>1275</xmin>
			<ymin>1076</ymin>
			<xmax>2543</xmax>
			<ymax>1972</ymax>
		</bndbox>
	</object>
</annotation>