<annotation>
	<folder>side스프류작은파스타볼콘스프q2</folder>
	<filename>side_스프류_작은파스타볼_콘스프_Q2_00056.JPG</filename>
	<path>/side스프류작은파스타볼콘스프q2/side_스프류_작은파스타볼_콘스프_Q2_00056.JPG</path>
	<source>
		<database>fooddata</database>
	</source>
	<size>
		<width>5472</width>
		<height>3648</height>
		<depth>3</depth>
	</size>
	<object>
		<name>ref_spoon</name>
		<bndbox>
			<xmin>894</xmin>
			<ymin>1161</ymin>
			<xmax>1392</xmax>
			<ymax>2048</ymax>
		</bndbox>
	</object>
	<object>
		<name>ref_fork</name>
		<bndbox>
			<xmin>1548</xmin>
			<ymin>1143</ymin>
			<xmax>1885</xmax>
			<ymax>2106</ymax>
		</bndbox>
	</object>
	<object>
		<name>ref_coin</name>
		<bndbox>
			<xmin>4054</xmin>
			<ymin>2922</ymin>
			<xmax>4466</xmax>
			<ymax>3263</ymax>
		</bndbox>
	</object>
	<object>
		<name>dish</name>
		<bndbox>
			<xmin>1947</xmin>
			<ymin>762</ymin>
			<xmax>4394</xmax>
			<ymax>2537</ymax>
		</bndbox>
	</object>
	<object>
		<name>콘스프</name>
		<bndbox>
			<xmin>2593</xmin>
			<ymin>1604</ymin>
			<xmax>3816</xmax>
			<ymax>2407</ymax>
		</bndbox>
	</object>
</annotation>