<annotation>
	<folder>side스프류작은파스타볼콘스프q2</folder>
	<filename>side_스프류_작은파스타볼_콘스프_Q2_00019.JPG</filename>
	<path>/side스프류작은파스타볼콘스프q2/side_스프류_작은파스타볼_콘스프_Q2_00019.JPG</path>
	<source>
		<database>fooddata</database>
	</source>
	<size>
		<width>5472</width>
		<height>3648</height>
		<depth>3</depth>
	</size>
	<object>
		<name>ref_spoon</name>
		<bndbox>
			<xmin>1441</xmin>
			<ymin>2689</ymin>
			<xmax>2512</xmax>
			<ymax>3191</ymax>
		</bndbox>
	</object>
	<object>
		<name>ref_fork</name>
		<bndbox>
			<xmin>1517</xmin>
			<ymin>2304</ymin>
			<xmax>2597</xmax>
			<ymax>2725</ymax>
		</bndbox>
	</object>
	<object>
		<name>ref_coin</name>
		<bndbox>
			<xmin>4443</xmin>
			<ymin>1219</ymin>
			<xmax>4806</xmax>
			<ymax>1488</ymax>
		</bndbox>
	</object>
	<object>
		<name>dish</name>
		<bndbox>
			<xmin>1732</xmin>
			<ymin>282</ymin>
			<xmax>4067</xmax>
			<ymax>1923</ymax>
		</bndbox>
	</object>
	<object>
		<name>콘스프</name>
		<bndbox>
			<xmin>2315</xmin>
			<ymin>1013</ymin>
			<xmax>3480</xmax>
			<ymax>1811</ymax>
		</bndbox>
	</object>
</annotation>