<annotation>
	<folder>side스프류작은파스타볼콘스프q2</folder>
	<filename>side_스프류_작은파스타볼_콘스프_Q2_00050.JPG</filename>
	<path>/side스프류작은파스타볼콘스프q2/side_스프류_작은파스타볼_콘스프_Q2_00050.JPG</path>
	<source>
		<database>fooddata</database>
	</source>
	<size>
		<width>5472</width>
		<height>3648</height>
		<depth>3</depth>
	</size>
	<object>
		<name>ref_spoon</name>
		<bndbox>
			<xmin>769</xmin>
			<ymin>1228</ymin>
			<xmax>1288</xmax>
			<ymax>2115</ymax>
		</bndbox>
	</object>
	<object>
		<name>ref_fork</name>
		<bndbox>
			<xmin>1432</xmin>
			<ymin>1215</ymin>
			<xmax>1777</xmax>
			<ymax>2183</ymax>
		</bndbox>
	</object>
	<object>
		<name>ref_coin</name>
		<bndbox>
			<xmin>3574</xmin>
			<ymin>448</ymin>
			<xmax>3915</xmax>
			<ymax>699</ymax>
		</bndbox>
	</object>
	<object>
		<name>dish</name>
		<bndbox>
			<xmin>1835</xmin>
			<ymin>843</ymin>
			<xmax>4287</xmax>
			<ymax>2631</ymax>
		</bndbox>
	</object>
	<object>
		<name>콘스프</name>
		<bndbox>
			<xmin>2440</xmin>
			<ymin>1699</ymin>
			<xmax>3664</xmax>
			<ymax>2492</ymax>
		</bndbox>
	</object>
</annotation>