<annotation>
	<folder>side스프류작은파스타볼콘스프q2</folder>
	<filename>side_스프류_작은파스타볼_콘스프_Q2_00022.JPG</filename>
	<path>/side스프류작은파스타볼콘스프q2/side_스프류_작은파스타볼_콘스프_Q2_00022.JPG</path>
	<source>
		<database>fooddata</database>
	</source>
	<size>
		<width>5472</width>
		<height>3648</height>
		<depth>3</depth>
	</size>
	<object>
		<name>ref_spoon</name>
		<bndbox>
			<xmin>1499</xmin>
			<ymin>2837</ymin>
			<xmax>2602</xmax>
			<ymax>3348</ymax>
		</bndbox>
	</object>
	<object>
		<name>ref_fork</name>
		<bndbox>
			<xmin>1593</xmin>
			<ymin>2447</ymin>
			<xmax>2749</xmax>
			<ymax>2877</ymax>
		</bndbox>
	</object>
	<object>
		<name>ref_coin</name>
		<bndbox>
			<xmin>3180</xmin>
			<ymin>184</ymin>
			<xmax>3502</xmax>
			<ymax>403</ymax>
		</bndbox>
	</object>
	<object>
		<name>dish</name>
		<bndbox>
			<xmin>1858</xmin>
			<ymin>506</ymin>
			<xmax>4197</xmax>
			<ymax>2133</ymax>
		</bndbox>
	</object>
	<object>
		<name>콘스프</name>
		<bndbox>
			<xmin>2431</xmin>
			<ymin>1241</ymin>
			<xmax>3583</xmax>
			<ymax>2026</ymax>
		</bndbox>
	</object>
</annotation>