<annotation>
	<folder>side스프류작은파스타볼콘스프q2</folder>
	<filename>side_스프류_작은파스타볼_콘스프_Q2_00045.JPG</filename>
	<path>/side스프류작은파스타볼콘스프q2/side_스프류_작은파스타볼_콘스프_Q2_00045.JPG</path>
	<source>
		<database>fooddata</database>
	</source>
	<size>
		<width>5472</width>
		<height>3648</height>
		<depth>3</depth>
	</size>
	<object>
		<name>ref_spoon</name>
		<bndbox>
			<xmin>1042</xmin>
			<ymin>937</ymin>
			<xmax>1548</xmax>
			<ymax>1815</ymax>
		</bndbox>
	</object>
	<object>
		<name>ref_fork</name>
		<bndbox>
			<xmin>1701</xmin>
			<ymin>919</ymin>
			<xmax>2023</xmax>
			<ymax>1878</ymax>
		</bndbox>
	</object>
	<object>
		<name>ref_coin</name>
		<bndbox>
			<xmin>4318</xmin>
			<ymin>2617</ymin>
			<xmax>4730</xmax>
			<ymax>2944</ymax>
		</bndbox>
	</object>
	<object>
		<name>dish</name>
		<bndbox>
			<xmin>2082</xmin>
			<ymin>556</ymin>
			<xmax>4515</xmax>
			<ymax>2326</ymax>
		</bndbox>
	</object>
	<object>
		<name>콘스프</name>
		<bndbox>
			<xmin>2682</xmin>
			<ymin>1380</ymin>
			<xmax>3928</xmax>
			<ymax>2191</ymax>
		</bndbox>
	</object>
</annotation>