<annotation>
	<folder>side스프류작은파스타볼콘스프q2</folder>
	<filename>side_스프류_작은파스타볼_콘스프_Q2_00009.JPG</filename>
	<path>/side스프류작은파스타볼콘스프q2/side_스프류_작은파스타볼_콘스프_Q2_00009.JPG</path>
	<source>
		<database>fooddata</database>
	</source>
	<size>
		<width>5472</width>
		<height>3648</height>
		<depth>3</depth>
	</size>
	<object>
		<name>ref_spoon</name>
		<bndbox>
			<xmin>3901</xmin>
			<ymin>838</ymin>
			<xmax>4426</xmax>
			<ymax>1707</ymax>
		</bndbox>
	</object>
	<object>
		<name>ref_fork</name>
		<bndbox>
			<xmin>4596</xmin>
			<ymin>865</ymin>
			<xmax>4959</xmax>
			<ymax>1833</ymax>
		</bndbox>
	</object>
	<object>
		<name>ref_coin</name>
		<bndbox>
			<xmin>1530</xmin>
			<ymin>273</ymin>
			<xmax>1876</xmax>
			<ymax>520</ymax>
		</bndbox>
	</object>
	<object>
		<name>dish</name>
		<bndbox>
			<xmin>1217</xmin>
			<ymin>645</ymin>
			<xmax>3753</xmax>
			<ymax>2438</ymax>
		</bndbox>
	</object>
	<object>
		<name>콘스프</name>
		<bndbox>
			<xmin>1849</xmin>
			<ymin>1439</ymin>
			<xmax>3121</xmax>
			<ymax>2321</ymax>
		</bndbox>
	</object>
</annotation>