<annotation>
	<folder>side스프류작은파스타볼콘스프q2</folder>
	<filename>side_스프류_작은파스타볼_콘스프_Q2_00037.JPG</filename>
	<path>/side스프류작은파스타볼콘스프q2/side_스프류_작은파스타볼_콘스프_Q2_00037.JPG</path>
	<source>
		<database>fooddata</database>
	</source>
	<size>
		<width>5472</width>
		<height>3648</height>
		<depth>3</depth>
	</size>
	<object>
		<name>ref_spoon</name>
		<bndbox>
			<xmin>697</xmin>
			<ymin>1071</ymin>
			<xmax>1221</xmax>
			<ymax>1999</ymax>
		</bndbox>
	</object>
	<object>
		<name>ref_fork</name>
		<bndbox>
			<xmin>1365</xmin>
			<ymin>1085</ymin>
			<xmax>1719</xmax>
			<ymax>2079</ymax>
		</bndbox>
	</object>
	<object>
		<name>ref_coin</name>
		<bndbox>
			<xmin>4408</xmin>
			<ymin>2438</ymin>
			<xmax>4815</xmax>
			<ymax>2761</ymax>
		</bndbox>
	</object>
	<object>
		<name>dish</name>
		<bndbox>
			<xmin>1777</xmin>
			<ymin>748</ymin>
			<xmax>4273</xmax>
			<ymax>2554</ymax>
		</bndbox>
	</object>
	<object>
		<name>콘스프</name>
		<bndbox>
			<xmin>2369</xmin>
			<ymin>1542</ymin>
			<xmax>3637</xmax>
			<ymax>2416</ymax>
		</bndbox>
	</object>
</annotation>