<annotation>
	<folder>side스프류작은파스타볼콘스프q2</folder>
	<filename>side_스프류_작은파스타볼_콘스프_Q2_00016.JPG</filename>
	<path>/side스프류작은파스타볼콘스프q2/side_스프류_작은파스타볼_콘스프_Q2_00016.JPG</path>
	<source>
		<database>fooddata</database>
	</source>
	<size>
		<width>5472</width>
		<height>3648</height>
		<depth>3</depth>
	</size>
	<object>
		<name>ref_spoon</name>
		<bndbox>
			<xmin>1530</xmin>
			<ymin>2850</ymin>
			<xmax>2593</xmax>
			<ymax>3343</ymax>
		</bndbox>
	</object>
	<object>
		<name>ref_fork</name>
		<bndbox>
			<xmin>1602</xmin>
			<ymin>2456</ymin>
			<xmax>2758</xmax>
			<ymax>2877</ymax>
		</bndbox>
	</object>
	<object>
		<name>ref_coin</name>
		<bndbox>
			<xmin>4013</xmin>
			<ymin>2169</ymin>
			<xmax>4394</xmax>
			<ymax>2469</ymax>
		</bndbox>
	</object>
	<object>
		<name>dish</name>
		<bndbox>
			<xmin>1826</xmin>
			<ymin>444</ymin>
			<xmax>4184</xmax>
			<ymax>2079</ymax>
		</bndbox>
	</object>
	<object>
		<name>콘스프</name>
		<bndbox>
			<xmin>2409</xmin>
			<ymin>1143</ymin>
			<xmax>3556</xmax>
			<ymax>1972</ymax>
		</bndbox>
	</object>
</annotation>