<annotation>
	<folder>side스프류작은파스타볼콘스프q2</folder>
	<filename>side_스프류_작은파스타볼_콘스프_Q2_00030.JPG</filename>
	<path>/side스프류작은파스타볼콘스프q2/side_스프류_작은파스타볼_콘스프_Q2_00030.JPG</path>
	<source>
		<database>fooddata</database>
	</source>
	<size>
		<width>5472</width>
		<height>3648</height>
		<depth>3</depth>
	</size>
	<object>
		<name>ref_spoon</name>
		<bndbox>
			<xmin>1262</xmin>
			<ymin>2918</ymin>
			<xmax>2377</xmax>
			<ymax>3437</ymax>
		</bndbox>
	</object>
	<object>
		<name>ref_fork</name>
		<bndbox>
			<xmin>1347</xmin>
			<ymin>2514</ymin>
			<xmax>2521</xmax>
			<ymax>2944</ymax>
		</bndbox>
	</object>
	<object>
		<name>ref_coin</name>
		<bndbox>
			<xmin>1338</xmin>
			<ymin>502</ymin>
			<xmax>1692</xmax>
			<ymax>753</ymax>
		</bndbox>
	</object>
	<object>
		<name>dish</name>
		<bndbox>
			<xmin>1840</xmin>
			<ymin>394</ymin>
			<xmax>4260</xmax>
			<ymax>2093</ymax>
		</bndbox>
	</object>
	<object>
		<name>콘스프</name>
		<bndbox>
			<xmin>2431</xmin>
			<ymin>1161</ymin>
			<xmax>3632</xmax>
			<ymax>1985</ymax>
		</bndbox>
	</object>
</annotation>