<annotation>
	<folder>my-project-name</folder>
	<filename>top_스프류_작은파스타볼_콘스프_Q2_00003.JPG</filename>
	<path>/top스프류작은파스타볼콘스프q2/top_스프류_작은파스타볼_콘스프_Q2_00003.JPG</path>
	<source>
		<database>fooddata</database>
	</source>
	<size>
		<width>5472</width>
		<height>3648</height>
		<depth>3</depth>
	</size>
	<object>
		<name>ref_spoon</name>
		<bndbox>
			<xmin>3395</xmin>
			<ymin>409</ymin>
			<xmax>3906</xmax>
			<ymax>1243</ymax>
		</bndbox>
	</object>
	<object>
		<name>ref_fork</name>
		<bndbox>
			<xmin>4052</xmin>
			<ymin>447</ymin>
			<xmax>4412</xmax>
			<ymax>1340</ymax>
		</bndbox>
	</object>
	<object>
		<name>ref_coin</name>
		<bndbox>
			<xmin>2593</xmin>
			<ymin>2830</ymin>
			<xmax>2959</xmax>
			<ymax>3218</ymax>
		</bndbox>
	</object>
	<object>
		<name>dish</name>
		<bndbox>
			<xmin>533</xmin>
			<ymin>242</ymin>
			<xmax>3105</xmax>
			<ymax>2760</ymax>
		</bndbox>
	</object>
	<object>
		<name>콘스프</name>
		<bndbox>
			<xmin>1295</xmin>
			<ymin>1022</ymin>
			<xmax>2421</xmax>
			<ymax>2152</ymax>
		</bndbox>
	</object>
</annotation>