<annotation>
	<folder>my-project-name</folder>
	<filename>top_스프류_작은파스타볼_콘스프_Q2_00007.JPG</filename>
	<path>/top스프류작은파스타볼콘스프q2/top_스프류_작은파스타볼_콘스프_Q2_00007.JPG</path>
	<source>
		<database>fooddata</database>
	</source>
	<size>
		<width>5472</width>
		<height>3648</height>
		<depth>3</depth>
	</size>
	<object>
		<name>ref_spoon</name>
		<bndbox>
			<xmin>3793</xmin>
			<ymin>468</ymin>
			<xmax>4321</xmax>
			<ymax>1297</ymax>
		</bndbox>
	</object>
	<object>
		<name>ref_fork</name>
		<bndbox>
			<xmin>4444</xmin>
			<ymin>522</ymin>
			<xmax>4832</xmax>
			<ymax>1426</ymax>
		</bndbox>
	</object>
	<object>
		<name>ref_coin</name>
		<bndbox>
			<xmin>506</xmin>
			<ymin>1663</ymin>
			<xmax>866</xmax>
			<ymax>2034</ymax>
		</bndbox>
	</object>
	<object>
		<name>dish</name>
		<bndbox>
			<xmin>1098</xmin>
			<ymin>430</ymin>
			<xmax>3621</xmax>
			<ymax>2927</ymax>
		</bndbox>
	</object>
	<object>
		<name>콘스프</name>
		<bndbox>
			<xmin>1829</xmin>
			<ymin>1184</ymin>
			<xmax>2949</xmax>
			<ymax>2297</ymax>
		</bndbox>
	</object>
</annotation>