<annotation>
	<folder>재작업3</folder>
	<filename>top_스프류_작은파스타볼_콘스프_Q2_00014.JPG</filename>
	<path>/top스프류작은파스타볼콘스프q2/top_스프류_작은파스타볼_콘스프_Q2_00014.JPG</path>
	<source>
		<database>fooddata</database>
	</source>
	<size>
		<width>5472</width>
		<height>3648</height>
		<depth>3</depth>
	</size>
	<object>
		<name>ref_spoon</name>
		<bndbox>
			<xmin>3557</xmin>
			<ymin>490</ymin>
			<xmax>4089</xmax>
			<ymax>1297</ymax>
		</bndbox>
	</object>
	<object>
		<name>ref_fork</name>
		<bndbox>
			<xmin>4219</xmin>
			<ymin>564</ymin>
			<xmax>4616</xmax>
			<ymax>1479</ymax>
		</bndbox>
	</object>
	<object>
		<name>ref_coin</name>
		<bndbox>
			<xmin>3007</xmin>
			<ymin>355</ymin>
			<xmax>3384</xmax>
			<ymax>714</ymax>
		</bndbox>
	</object>
	<object>
		<name>dish</name>
		<bndbox>
			<xmin>553</xmin>
			<ymin>448</ymin>
			<xmax>3263</xmax>
			<ymax>3056</ymax>
		</bndbox>
	</object>
	<object>
		<name>콘스프</name>
		<bndbox>
			<xmin>1337</xmin>
			<ymin>1204</ymin>
			<xmax>2563</xmax>
			<ymax>2444</ymax>
		</bndbox>
	</object>
</annotation>