<annotation>
	<folder>my-project-name</folder>
	<filename>top_스프류_작은파스타볼_콘스프_Q2_00022.JPG</filename>
	<path>/top스프류작은파스타볼콘스프q2/top_스프류_작은파스타볼_콘스프_Q2_00022.JPG</path>
	<source>
		<database>fooddata</database>
	</source>
	<size>
		<width>5472</width>
		<height>3648</height>
		<depth>3</depth>
	</size>
	<object>
		<name>ref_spoon</name>
		<bndbox>
			<xmin>1730</xmin>
			<ymin>2890</ymin>
			<xmax>2477</xmax>
			<ymax>3370</ymax>
		</bndbox>
	</object>
	<object>
		<name>ref_fork</name>
		<bndbox>
			<xmin>1821</xmin>
			<ymin>2436</ymin>
			<xmax>2583</xmax>
			<ymax>2734</ymax>
		</bndbox>
	</object>
	<object>
		<name>ref_coin</name>
		<bndbox>
			<xmin>4139</xmin>
			<ymin>1000</ymin>
			<xmax>4434</xmax>
			<ymax>1291</ymax>
		</bndbox>
	</object>
	<object>
		<name>dish</name>
		<bndbox>
			<xmin>1865</xmin>
			<ymin>265</ymin>
			<xmax>3986</xmax>
			<ymax>2349</ymax>
		</bndbox>
	</object>
	<object>
		<name>콘스프</name>
		<bndbox>
			<xmin>2435</xmin>
			<ymin>924</ymin>
			<xmax>3379</xmax>
			<ymax>1861</ymax>
		</bndbox>
	</object>
</annotation>