<annotation>
	<folder>my-project-name</folder>
	<filename>top_스프류_작은파스타볼_콘스프_Q2_00043.JPG</filename>
	<path>/top스프류작은파스타볼콘스프q2/top_스프류_작은파스타볼_콘스프_Q2_00043.JPG</path>
	<source>
		<database>fooddata</database>
	</source>
	<size>
		<width>5472</width>
		<height>3648</height>
		<depth>3</depth>
	</size>
	<object>
		<name>ref_spoon</name>
		<bndbox>
			<xmin>456</xmin>
			<ymin>470</ymin>
			<xmax>1021</xmax>
			<ymax>1391</ymax>
		</bndbox>
	</object>
	<object>
		<name>ref_fork</name>
		<bndbox>
			<xmin>1206</xmin>
			<ymin>570</ymin>
			<xmax>1571</xmax>
			<ymax>1543</ymax>
		</bndbox>
	</object>
	<object>
		<name>ref_coin</name>
		<bndbox>
			<xmin>4520</xmin>
			<ymin>484</ymin>
			<xmax>4904</xmax>
			<ymax>859</ymax>
		</bndbox>
	</object>
	<object>
		<name>dish</name>
		<bndbox>
			<xmin>1910</xmin>
			<ymin>441</ymin>
			<xmax>4633</xmax>
			<ymax>3137</ymax>
		</bndbox>
	</object>
	<object>
		<name>콘스프</name>
		<bndbox>
			<xmin>2480</xmin>
			<ymin>1157</ymin>
			<xmax>3686</xmax>
			<ymax>2238</ymax>
		</bndbox>
	</object>
</annotation>