<annotation>
	<folder>side부침개류사각배달녹두빈대떡q1</folder>
	<filename>side_부침개류_사각배달_녹두빈대떡_Q1_00008.JPG</filename>
	<path>/side부침개류사각배달녹두빈대떡q1/side_부침개류_사각배달_녹두빈대떡_Q1_00008.JPG</path>
	<source>
		<database>fooddata</database>
	</source>
	<size>
		<width>3008</width>
		<height>2000</height>
		<depth>3</depth>
	</size>
	<object>
		<name>ref_spoon</name>
		<bndbox>
			<xmin>2131</xmin>
			<ymin>270</ymin>
			<xmax>2411</xmax>
			<ymax>627</ymax>
		</bndbox>
	</object>
	<object>
		<name>ref_fork</name>
		<bndbox>
			<xmin>2597</xmin>
			<ymin>346</ymin>
			<xmax>2796</xmax>
			<ymax>764</ymax>
		</bndbox>
	</object>
	<object>
		<name>ref_coin</name>
		<bndbox>
			<xmin>381</xmin>
			<ymin>1015</ymin>
			<xmax>595</xmax>
			<ymax>1187</ymax>
		</bndbox>
	</object>
	<object>
		<name>dish</name>
		<bndbox>
			<xmin>632</xmin>
			<ymin>381</ymin>
			<xmax>2074</xmax>
			<ymax>1595</ymax>
		</bndbox>
	</object>
	<object>
		<name>녹두빈대떡</name>
		<bndbox>
			<xmin>1104</xmin>
			<ymin>862</ymin>
			<xmax>1651</xmax>
			<ymax>1310</ymax>
		</bndbox>
	</object>
</annotation>