<annotation>
	<folder>side부침개류사각배달녹두빈대떡q1</folder>
	<filename>side_부침개류_사각배달_녹두빈대떡_Q1_00045.JPG</filename>
	<path>/side부침개류사각배달녹두빈대떡q1/side_부침개류_사각배달_녹두빈대떡_Q1_00045.JPG</path>
	<source>
		<database>fooddata</database>
	</source>
	<size>
		<width>3008</width>
		<height>2000</height>
		<depth>3</depth>
	</size>
	<object>
		<name>ref_spoon</name>
		<bndbox>
			<xmin>492</xmin>
			<ymin>469</ymin>
			<xmax>755</xmax>
			<ymax>803</ymax>
		</bndbox>
	</object>
	<object>
		<name>ref_fork</name>
		<bndbox>
			<xmin>816</xmin>
			<ymin>514</ymin>
			<xmax>1005</xmax>
			<ymax>899</ymax>
		</bndbox>
	</object>
	<object>
		<name>ref_coin</name>
		<bndbox>
			<xmin>185</xmin>
			<ymin>1209</ymin>
			<xmax>389</xmax>
			<ymax>1366</ymax>
		</bndbox>
	</object>
	<object>
		<name>dish</name>
		<bndbox>
			<xmin>1209</xmin>
			<ymin>666</ymin>
			<xmax>2730</xmax>
			<ymax>1523</ymax>
		</bndbox>
	</object>
	<object>
		<name>녹두빈대떡</name>
		<bndbox>
			<xmin>1752</xmin>
			<ymin>934</ymin>
			<xmax>2261</xmax>
			<ymax>1270</ymax>
		</bndbox>
	</object>
</annotation>