<annotation>
	<folder>side부침개류사각배달녹두빈대떡q1</folder>
	<filename>side_부침개류_사각배달_녹두빈대떡_Q1_00006.JPG</filename>
	<path>/side부침개류사각배달녹두빈대떡q1/side_부침개류_사각배달_녹두빈대떡_Q1_00006.JPG</path>
	<source>
		<database>fooddata</database>
	</source>
	<size>
		<width>3008</width>
		<height>2000</height>
		<depth>3</depth>
	</size>
	<object>
		<name>ref_spoon</name>
		<bndbox>
			<xmin>2108</xmin>
			<ymin>332</ymin>
			<xmax>2391</xmax>
			<ymax>690</ymax>
		</bndbox>
	</object>
	<object>
		<name>ref_fork</name>
		<bndbox>
			<xmin>2573</xmin>
			<ymin>425</ymin>
			<xmax>2769</xmax>
			<ymax>850</ymax>
		</bndbox>
	</object>
	<object>
		<name>ref_coin</name>
		<bndbox>
			<xmin>484</xmin>
			<ymin>1290</ymin>
			<xmax>710</xmax>
			<ymax>1462</ymax>
		</bndbox>
	</object>
	<object>
		<name>dish</name>
		<bndbox>
			<xmin>656</xmin>
			<ymin>263</ymin>
			<xmax>2207</xmax>
			<ymax>1452</ymax>
		</bndbox>
	</object>
	<object>
		<name>녹두빈대떡</name>
		<bndbox>
			<xmin>1180</xmin>
			<ymin>747</ymin>
			<xmax>1551</xmax>
			<ymax>1177</ymax>
		</bndbox>
	</object>
</annotation>