<annotation>
	<folder>side부침개류사각배달녹두빈대떡q1</folder>
	<filename>side_부침개류_사각배달_녹두빈대떡_Q1_00010.JPG</filename>
	<path>/side부침개류사각배달녹두빈대떡q1/side_부침개류_사각배달_녹두빈대떡_Q1_00010.JPG</path>
	<source>
		<database>fooddata</database>
	</source>
	<size>
		<width>3008</width>
		<height>2000</height>
		<depth>3</depth>
	</size>
	<object>
		<name>ref_spoon</name>
		<bndbox>
			<xmin>1949</xmin>
			<ymin>260</ymin>
			<xmax>2231</xmax>
			<ymax>614</ymax>
		</bndbox>
	</object>
	<object>
		<name>ref_fork</name>
		<bndbox>
			<xmin>2411</xmin>
			<ymin>337</ymin>
			<xmax>2622</xmax>
			<ymax>747</ymax>
		</bndbox>
	</object>
	<object>
		<name>ref_coin</name>
		<bndbox>
			<xmin>1556</xmin>
			<ymin>1486</ymin>
			<xmax>1789</xmax>
			<ymax>1666</ymax>
		</bndbox>
	</object>
	<object>
		<name>dish</name>
		<bndbox>
			<xmin>217</xmin>
			<ymin>410</ymin>
			<xmax>1853</xmax>
			<ymax>1226</ymax>
		</bndbox>
	</object>
	<object>
		<name>녹두빈대떡</name>
		<bndbox>
			<xmin>737</xmin>
			<ymin>700</ymin>
			<xmax>1408</xmax>
			<ymax>1079</ymax>
		</bndbox>
	</object>
</annotation>