<annotation>
	<folder>side부침개류사각배달녹두빈대떡q1재작업</folder>
	<filename>side_부침개류_사각배달_녹두빈대떡_Q1_00043.JPG</filename>
	<path>/side부침개류사각배달녹두빈대떡q1/side_부침개류_사각배달_녹두빈대떡_Q1_00043.JPG</path>
	<source>
		<database>fooddata</database>
	</source>
	<size>
		<width>3008</width>
		<height>2000</height>
		<depth>3</depth>
	</size>
	<object>
		<name>ref_spoon</name>
		<bndbox>
			<xmin>553</xmin>
			<ymin>568</ymin>
			<xmax>831</xmax>
			<ymax>912</ymax>
		</bndbox>
	</object>
	<object>
		<name>ref_fork</name>
		<bndbox>
			<xmin>882</xmin>
			<ymin>609</ymin>
			<xmax>1069</xmax>
			<ymax>1007</ymax>
		</bndbox>
	</object>
	<object>
		<name>ref_coin</name>
		<bndbox>
			<xmin>209</xmin>
			<ymin>1548</ymin>
			<xmax>430</xmax>
			<ymax>1715</ymax>
		</bndbox>
	</object>
	<object>
		<name>dish</name>
		<bndbox>
			<xmin>1285</xmin>
			<ymin>720</ymin>
			<xmax>2880</xmax>
			<ymax>1624</ymax>
		</bndbox>
	</object>
	<object>
		<name>녹두빈대떡</name>
		<bndbox>
			<xmin>1580</xmin>
			<ymin>1079</ymin>
			<xmax>2332</xmax>
			<ymax>1393</ymax>
		</bndbox>
	</object>
</annotation>