<annotation>
	<folder>side부침개류사각배달녹두빈대떡q1</folder>
	<filename>side_부침개류_사각배달_녹두빈대떡_Q1_00032.JPG</filename>
	<path>/side부침개류사각배달녹두빈대떡q1/side_부침개류_사각배달_녹두빈대떡_Q1_00032.JPG</path>
	<source>
		<database>fooddata</database>
	</source>
	<size>
		<width>3008</width>
		<height>2000</height>
		<depth>3</depth>
	</size>
	<object>
		<name>ref_spoon</name>
		<bndbox>
			<xmin>995</xmin>
			<ymin>1499</ymin>
			<xmax>1494</xmax>
			<ymax>1747</ymax>
		</bndbox>
	</object>
	<object>
		<name>ref_fork</name>
		<bndbox>
			<xmin>1145</xmin>
			<ymin>1285</ymin>
			<xmax>1656</xmax>
			<ymax>1521</ymax>
		</bndbox>
	</object>
	<object>
		<name>ref_coin</name>
		<bndbox>
			<xmin>1723</xmin>
			<ymin>1744</ymin>
			<xmax>1959</xmax>
			<ymax>1921</ymax>
		</bndbox>
	</object>
	<object>
		<name>dish</name>
		<bndbox>
			<xmin>1128</xmin>
			<ymin>69</ymin>
			<xmax>2497</xmax>
			<ymax>1152</ymax>
		</bndbox>
	</object>
	<object>
		<name>녹두빈대떡</name>
		<bndbox>
			<xmin>1433</xmin>
			<ymin>351</ymin>
			<xmax>1914</xmax>
			<ymax>811</ymax>
		</bndbox>
	</object>
</annotation>