<annotation>
	<folder>top부침개류사각배달녹두빈대떡q1</folder>
	<filename>top_부침개류_사각배달_녹두빈대떡_Q1_00048.JPG</filename>
	<path>/top부침개류사각배달녹두빈대떡q1/top_부침개류_사각배달_녹두빈대떡_Q1_00048.JPG</path>
	<source>
		<database>fooddata</database>
	</source>
	<size>
		<width>3008</width>
		<height>2000</height>
		<depth>3</depth>
	</size>
	<object>
		<name>ref_spoon</name>
		<bndbox>
			<xmin>540</xmin>
			<ymin>151</ymin>
			<xmax>812</xmax>
			<ymax>578</ymax>
		</bndbox>
	</object>
	<object>
		<name>ref_fork</name>
		<bndbox>
			<xmin>873</xmin>
			<ymin>242</ymin>
			<xmax>1048</xmax>
			<ymax>727</ymax>
		</bndbox>
	</object>
	<object>
		<name>ref_coin</name>
		<bndbox>
			<xmin>213</xmin>
			<ymin>733</ymin>
			<xmax>417</xmax>
			<ymax>918</ymax>
		</bndbox>
	</object>
	<object>
		<name>dish</name>
		<bndbox>
			<xmin>1106</xmin>
			<ymin>403</ymin>
			<xmax>2704</xmax>
			<ymax>1733</ymax>
		</bndbox>
	</object>
	<object>
		<name>녹두빈대떡</name>
		<bndbox>
			<xmin>1527</xmin>
			<ymin>869</ymin>
			<xmax>2241</xmax>
			<ymax>1506</ymax>
		</bndbox>
	</object>
</annotation>