<annotation>
	<folder>top부침개류사각배달녹두빈대떡q1</folder>
	<filename>top_부침개류_사각배달_녹두빈대떡_Q1_00050.JPG</filename>
	<path>/top부침개류사각배달녹두빈대떡q1/top_부침개류_사각배달_녹두빈대떡_Q1_00050.JPG</path>
	<source>
		<database>fooddata</database>
	</source>
	<size>
		<width>3008</width>
		<height>2000</height>
		<depth>3</depth>
	</size>
	<object>
		<name>ref_spoon</name>
		<bndbox>
			<xmin>595</xmin>
			<ymin>229</ymin>
			<xmax>860</xmax>
			<ymax>675</ymax>
		</bndbox>
	</object>
	<object>
		<name>ref_fork</name>
		<bndbox>
			<xmin>915</xmin>
			<ymin>316</ymin>
			<xmax>1100</xmax>
			<ymax>788</ymax>
		</bndbox>
	</object>
	<object>
		<name>ref_coin</name>
		<bndbox>
			<xmin>191</xmin>
			<ymin>316</ymin>
			<xmax>382</xmax>
			<ymax>494</ymax>
		</bndbox>
	</object>
	<object>
		<name>dish</name>
		<bndbox>
			<xmin>1161</xmin>
			<ymin>432</ymin>
			<xmax>2814</xmax>
			<ymax>1872</ymax>
		</bndbox>
	</object>
	<object>
		<name>녹두빈대떡</name>
		<bndbox>
			<xmin>1937</xmin>
			<ymin>963</ymin>
			<xmax>2316</xmax>
			<ymax>1603</ymax>
		</bndbox>
	</object>
</annotation>