<annotation>
	<folder>top부침개류사각배달녹두빈대떡q1</folder>
	<filename>top_부침개류_사각배달_녹두빈대떡_Q1_00012.JPG</filename>
	<path>/top부침개류사각배달녹두빈대떡q1/top_부침개류_사각배달_녹두빈대떡_Q1_00012.JPG</path>
	<source>
		<database>fooddata</database>
	</source>
	<size>
		<width>3008</width>
		<height>2000</height>
		<depth>3</depth>
	</size>
	<object>
		<name>ref_spoon</name>
		<bndbox>
			<xmin>2002</xmin>
			<ymin>329</ymin>
			<xmax>2238</xmax>
			<ymax>720</ymax>
		</bndbox>
	</object>
	<object>
		<name>ref_fork</name>
		<bndbox>
			<xmin>2274</xmin>
			<ymin>400</ymin>
			<xmax>2442</xmax>
			<ymax>808</ymax>
		</bndbox>
	</object>
	<object>
		<name>ref_coin</name>
		<bndbox>
			<xmin>1498</xmin>
			<ymin>1561</ymin>
			<xmax>1685</xmax>
			<ymax>1758</ymax>
		</bndbox>
	</object>
	<object>
		<name>dish</name>
		<bndbox>
			<xmin>265</xmin>
			<ymin>267</ymin>
			<xmax>1747</xmax>
			<ymax>1823</ymax>
		</bndbox>
	</object>
	<object>
		<name>녹두빈대떡</name>
		<bndbox>
			<xmin>815</xmin>
			<ymin>801</ymin>
			<xmax>1423</xmax>
			<ymax>1157</ymax>
		</bndbox>
	</object>
</annotation>