<annotation>
	<folder>top부침개류사각배달녹두빈대떡q1</folder>
	<filename>top_부침개류_사각배달_녹두빈대떡_Q1_00034.JPG</filename>
	<path>/top부침개류사각배달녹두빈대떡q1/top_부침개류_사각배달_녹두빈대떡_Q1_00034.JPG</path>
	<source>
		<database>fooddata</database>
	</source>
	<size>
		<width>3008</width>
		<height>2000</height>
		<depth>3</depth>
	</size>
	<object>
		<name>ref_spoon</name>
		<bndbox>
			<xmin>488</xmin>
			<ymin>128</ymin>
			<xmax>741</xmax>
			<ymax>555</ymax>
		</bndbox>
	</object>
	<object>
		<name>ref_fork</name>
		<bndbox>
			<xmin>809</xmin>
			<ymin>199</ymin>
			<xmax>980</xmax>
			<ymax>675</ymax>
		</bndbox>
	</object>
	<object>
		<name>ref_coin</name>
		<bndbox>
			<xmin>1048</xmin>
			<ymin>1432</ymin>
			<xmax>1261</xmax>
			<ymax>1623</ymax>
		</bndbox>
	</object>
	<object>
		<name>dish</name>
		<bndbox>
			<xmin>983</xmin>
			<ymin>348</ymin>
			<xmax>2503</xmax>
			<ymax>1500</ymax>
		</bndbox>
	</object>
	<object>
		<name>녹두빈대떡</name>
		<bndbox>
			<xmin>1514</xmin>
			<ymin>785</ymin>
			<xmax>2031</xmax>
			<ymax>1112</ymax>
		</bndbox>
	</object>
</annotation>