<annotation>
	<folder>top부침개류사각배달녹두빈대떡q1</folder>
	<filename>top_부침개류_사각배달_녹두빈대떡_Q1_00020.JPG</filename>
	<path>/top부침개류사각배달녹두빈대떡q1/top_부침개류_사각배달_녹두빈대떡_Q1_00020.JPG</path>
	<source>
		<database>fooddata</database>
	</source>
	<size>
		<width>3008</width>
		<height>2000</height>
		<depth>3</depth>
	</size>
	<object>
		<name>ref_spoon</name>
		<bndbox>
			<xmin>705</xmin>
			<ymin>1574</ymin>
			<xmax>1090</xmax>
			<ymax>1826</ymax>
		</bndbox>
	</object>
	<object>
		<name>ref_fork</name>
		<bndbox>
			<xmin>841</xmin>
			<ymin>1302</ymin>
			<xmax>1229</xmax>
			<ymax>1474</ymax>
		</bndbox>
	</object>
	<object>
		<name>ref_coin</name>
		<bndbox>
			<xmin>815</xmin>
			<ymin>1002</ymin>
			<xmax>986</xmax>
			<ymax>1163</ymax>
		</bndbox>
	</object>
	<object>
		<name>dish</name>
		<bndbox>
			<xmin>993</xmin>
			<ymin>180</ymin>
			<xmax>2309</xmax>
			<ymax>1234</ymax>
		</bndbox>
	</object>
	<object>
		<name>녹두빈대떡</name>
		<bndbox>
			<xmin>1381</xmin>
			<ymin>491</ymin>
			<xmax>1847</xmax>
			<ymax>879</ymax>
		</bndbox>
	</object>
</annotation>