<annotation>
	<folder>top부침개류사각배달녹두빈대떡q1</folder>
	<filename>top_부침개류_사각배달_녹두빈대떡_Q1_00009.JPG</filename>
	<path>/top부침개류사각배달녹두빈대떡q1/top_부침개류_사각배달_녹두빈대떡_Q1_00009.JPG</path>
	<source>
		<database>fooddata</database>
	</source>
	<size>
		<width>3008</width>
		<height>2000</height>
		<depth>3</depth>
	</size>
	<object>
		<name>ref_spoon</name>
		<bndbox>
			<xmin>2115</xmin>
			<ymin>303</ymin>
			<xmax>2355</xmax>
			<ymax>701</ymax>
		</bndbox>
	</object>
	<object>
		<name>ref_fork</name>
		<bndbox>
			<xmin>2397</xmin>
			<ymin>355</ymin>
			<xmax>2558</xmax>
			<ymax>791</ymax>
		</bndbox>
	</object>
	<object>
		<name>ref_coin</name>
		<bndbox>
			<xmin>640</xmin>
			<ymin>394</ymin>
			<xmax>825</xmax>
			<ymax>581</ymax>
		</bndbox>
	</object>
	<object>
		<name>dish</name>
		<bndbox>
			<xmin>440</xmin>
			<ymin>516</ymin>
			<xmax>1928</xmax>
			<ymax>1684</ymax>
		</bndbox>
	</object>
	<object>
		<name>녹두빈대떡</name>
		<bndbox>
			<xmin>799</xmin>
			<ymin>856</ymin>
			<xmax>1378</xmax>
			<ymax>1344</ymax>
		</bndbox>
	</object>
</annotation>