<annotation>
	<folder>top부침개류사각배달녹두빈대떡q1</folder>
	<filename>top_부침개류_사각배달_녹두빈대떡_Q1_00002.JPG</filename>
	<path>/top부침개류사각배달녹두빈대떡q1/top_부침개류_사각배달_녹두빈대떡_Q1_00002.JPG</path>
	<source>
		<database>fooddata</database>
	</source>
	<size>
		<width>3008</width>
		<height>2000</height>
		<depth>3</depth>
	</size>
	<object>
		<name>ref_spoon</name>
		<bndbox>
			<xmin>1860</xmin>
			<ymin>216</ymin>
			<xmax>2086</xmax>
			<ymax>575</ymax>
		</bndbox>
	</object>
	<object>
		<name>ref_fork</name>
		<bndbox>
			<xmin>2128</xmin>
			<ymin>264</ymin>
			<xmax>2271</xmax>
			<ymax>652</ymax>
		</bndbox>
	</object>
	<object>
		<name>ref_coin</name>
		<bndbox>
			<xmin>1210</xmin>
			<ymin>1513</ymin>
			<xmax>1384</xmax>
			<ymax>1687</ymax>
		</bndbox>
	</object>
	<object>
		<name>dish</name>
		<bndbox>
			<xmin>660</xmin>
			<ymin>106</ymin>
			<xmax>1717</xmax>
			<ymax>1454</ymax>
		</bndbox>
	</object>
	<object>
		<name>녹두빈대떡</name>
		<bndbox>
			<xmin>993</xmin>
			<ymin>491</ymin>
			<xmax>1488</xmax>
			<ymax>921</ymax>
		</bndbox>
	</object>
</annotation>