<annotation>
	<folder>top부침개류사각배달녹두빈대떡q1</folder>
	<filename>top_부침개류_사각배달_녹두빈대떡_Q1_00003.JPG</filename>
	<path>/top부침개류사각배달녹두빈대떡q1/top_부침개류_사각배달_녹두빈대떡_Q1_00003.JPG</path>
	<source>
		<database>fooddata</database>
	</source>
	<size>
		<width>3008</width>
		<height>2000</height>
		<depth>3</depth>
	</size>
	<object>
		<name>ref_spoon</name>
		<bndbox>
			<xmin>1853</xmin>
			<ymin>319</ymin>
			<xmax>2080</xmax>
			<ymax>688</ymax>
		</bndbox>
	</object>
	<object>
		<name>ref_fork</name>
		<bndbox>
			<xmin>2128</xmin>
			<ymin>364</ymin>
			<xmax>2274</xmax>
			<ymax>759</ymax>
		</bndbox>
	</object>
	<object>
		<name>ref_coin</name>
		<bndbox>
			<xmin>1100</xmin>
			<ymin>1535</ymin>
			<xmax>1274</xmax>
			<ymax>1713</ymax>
		</bndbox>
	</object>
	<object>
		<name>dish</name>
		<bndbox>
			<xmin>437</xmin>
			<ymin>316</ymin>
			<xmax>1847</xmax>
			<ymax>1448</ymax>
		</bndbox>
	</object>
	<object>
		<name>녹두빈대떡</name>
		<bndbox>
			<xmin>993</xmin>
			<ymin>656</ymin>
			<xmax>1540</xmax>
			<ymax>1082</ymax>
		</bndbox>
	</object>
</annotation>