<annotation>
	<folder>side국류원형배달순두부찌개q2</folder>
	<filename>side_국류_원형배달_순두부찌개_Q2_00023.JPG</filename>
	<path>/side국류원형배달순두부찌개q2/side_국류_원형배달_순두부찌개_Q2_00023.JPG</path>
	<source>
		<database>fooddata</database>
	</source>
	<size>
		<width>3008</width>
		<height>2000</height>
		<depth>3</depth>
	</size>
	<object>
		<name>ref_spoon</name>
		<bndbox>
			<xmin>746</xmin>
			<ymin>1608</ymin>
			<xmax>1197</xmax>
			<ymax>1840</ymax>
		</bndbox>
	</object>
	<object>
		<name>ref_fork</name>
		<bndbox>
			<xmin>859</xmin>
			<ymin>1392</ymin>
			<xmax>1340</xmax>
			<ymax>1621</ymax>
		</bndbox>
	</object>
	<object>
		<name>ref_coin</name>
		<bndbox>
			<xmin>2156</xmin>
			<ymin>239</ymin>
			<xmax>2330</xmax>
			<ymax>338</ymax>
		</bndbox>
	</object>
	<object>
		<name>dish</name>
		<bndbox>
			<xmin>924</xmin>
			<ymin>273</ymin>
			<xmax>2115</xmax>
			<ymax>1358</ymax>
		</bndbox>
	</object>
	<object>
		<name>순두부찌개</name>
		<bndbox>
			<xmin>1047</xmin>
			<ymin>608</ymin>
			<xmax>1978</xmax>
			<ymax>939</ymax>
		</bndbox>
	</object>
</annotation>