<annotation>
	<folder>side국류원형배달순두부찌개q2</folder>
	<filename>side_국류_원형배달_순두부찌개_Q2_00040.JPG</filename>
	<path>/side국류원형배달순두부찌개q2/side_국류_원형배달_순두부찌개_Q2_00040.JPG</path>
	<source>
		<database>fooddata</database>
	</source>
	<size>
		<width>3008</width>
		<height>2000</height>
		<depth>3</depth>
	</size>
	<object>
		<name>ref_spoon</name>
		<bndbox>
			<xmin>593</xmin>
			<ymin>676</ymin>
			<xmax>842</xmax>
			<ymax>1007</ymax>
		</bndbox>
	</object>
	<object>
		<name>ref_fork</name>
		<bndbox>
			<xmin>1009</xmin>
			<ymin>693</ymin>
			<xmax>1180</xmax>
			<ymax>1072</ymax>
		</bndbox>
	</object>
	<object>
		<name>ref_coin</name>
		<bndbox>
			<xmin>2466</xmin>
			<ymin>1352</ymin>
			<xmax>2668</xmax>
			<ymax>1498</ymax>
		</bndbox>
	</object>
	<object>
		<name>dish</name>
		<bndbox>
			<xmin>1303</xmin>
			<ymin>307</ymin>
			<xmax>2514</xmax>
			<ymax>1410</ymax>
		</bndbox>
	</object>
	<object>
		<name>순두부찌개</name>
		<bndbox>
			<xmin>1449</xmin>
			<ymin>652</ymin>
			<xmax>2395</xmax>
			<ymax>1000</ymax>
		</bndbox>
	</object>
</annotation>