<annotation>
	<folder>side국류원형배달순두부찌개q2</folder>
	<filename>side_국류_원형배달_순두부찌개_Q2_00013.JPG</filename>
	<path>/side국류원형배달순두부찌개q2/side_국류_원형배달_순두부찌개_Q2_00013.JPG</path>
	<source>
		<database>fooddata</database>
	</source>
	<size>
		<width>3008</width>
		<height>2000</height>
		<depth>3</depth>
	</size>
	<object>
		<name>ref_spoon</name>
		<bndbox>
			<xmin>2299</xmin>
			<ymin>863</ymin>
			<xmax>2576</xmax>
			<ymax>1215</ymax>
		</bndbox>
	</object>
	<object>
		<name>ref_fork</name>
		<bndbox>
			<xmin>2699</xmin>
			<ymin>884</ymin>
			<xmax>2886</xmax>
			<ymax>1280</ymax>
		</bndbox>
	</object>
	<object>
		<name>ref_coin</name>
		<bndbox>
			<xmin>1545</xmin>
			<ymin>498</ymin>
			<xmax>1719</xmax>
			<ymax>611</ymax>
		</bndbox>
	</object>
	<object>
		<name>dish</name>
		<bndbox>
			<xmin>664</xmin>
			<ymin>594</ymin>
			<xmax>1924</xmax>
			<ymax>1758</ymax>
		</bndbox>
	</object>
	<object>
		<name>순두부찌개</name>
		<bndbox>
			<xmin>791</xmin>
			<ymin>939</ymin>
			<xmax>1787</xmax>
			<ymax>1307</ymax>
		</bndbox>
	</object>
</annotation>