<annotation>
	<folder>side국류원형배달순두부찌개q2</folder>
	<filename>side_국류_원형배달_순두부찌개_Q2_00008.JPG</filename>
	<path>/side국류원형배달순두부찌개q2/side_국류_원형배달_순두부찌개_Q2_00008.JPG</path>
	<source>
		<database>fooddata</database>
	</source>
	<size>
		<width>3008</width>
		<height>2000</height>
		<depth>3</depth>
	</size>
	<object>
		<name>ref_spoon</name>
		<bndbox>
			<xmin>2306</xmin>
			<ymin>860</ymin>
			<xmax>2576</xmax>
			<ymax>1212</ymax>
		</bndbox>
	</object>
	<object>
		<name>ref_fork</name>
		<bndbox>
			<xmin>2695</xmin>
			<ymin>881</ymin>
			<xmax>2893</xmax>
			<ymax>1280</ymax>
		</bndbox>
	</object>
	<object>
		<name>ref_coin</name>
		<bndbox>
			<xmin>269</xmin>
			<ymin>1396</ymin>
			<xmax>477</xmax>
			<ymax>1543</ymax>
		</bndbox>
	</object>
	<object>
		<name>dish</name>
		<bndbox>
			<xmin>801</xmin>
			<ymin>543</ymin>
			<xmax>2060</xmax>
			<ymax>1720</ymax>
		</bndbox>
	</object>
	<object>
		<name>순두부찌개</name>
		<bndbox>
			<xmin>924</xmin>
			<ymin>898</ymin>
			<xmax>1927</xmax>
			<ymax>1253</ymax>
		</bndbox>
	</object>
</annotation>