<annotation>
	<folder>side국류원형배달순두부찌개q2</folder>
	<filename>side_국류_원형배달_순두부찌개_Q2_00044.JPG</filename>
	<path>/side국류원형배달순두부찌개q2/side_국류_원형배달_순두부찌개_Q2_00044.JPG</path>
	<source>
		<database>fooddata</database>
	</source>
	<size>
		<width>3008</width>
		<height>2000</height>
		<depth>3</depth>
	</size>
	<object>
		<name>ref_spoon</name>
		<bndbox>
			<xmin>415</xmin>
			<ymin>645</ymin>
			<xmax>675</xmax>
			<ymax>990</ymax>
		</bndbox>
	</object>
	<object>
		<name>ref_fork</name>
		<bndbox>
			<xmin>825</xmin>
			<ymin>700</ymin>
			<xmax>1009</xmax>
			<ymax>1089</ymax>
		</bndbox>
	</object>
	<object>
		<name>ref_coin</name>
		<bndbox>
			<xmin>2187</xmin>
			<ymin>1713</ymin>
			<xmax>2395</xmax>
			<ymax>1857</ymax>
		</bndbox>
	</object>
	<object>
		<name>dish</name>
		<bndbox>
			<xmin>1125</xmin>
			<ymin>389</ymin>
			<xmax>2340</xmax>
			<ymax>1512</ymax>
		</bndbox>
	</object>
	<object>
		<name>순두부찌개</name>
		<bndbox>
			<xmin>1258</xmin>
			<ymin>720</ymin>
			<xmax>2210</xmax>
			<ymax>1072</ymax>
		</bndbox>
	</object>
</annotation>