<annotation>
	<folder>side국류원형배달순두부찌개q2</folder>
	<filename>side_국류_원형배달_순두부찌개_Q2_00007.JPG</filename>
	<path>/side국류원형배달순두부찌개q2/side_국류_원형배달_순두부찌개_Q2_00007.JPG</path>
	<source>
		<database>fooddata</database>
	</source>
	<size>
		<width>3008</width>
		<height>2000</height>
		<depth>3</depth>
	</size>
	<object>
		<name>ref_spoon</name>
		<bndbox>
			<xmin>2330</xmin>
			<ymin>870</ymin>
			<xmax>2603</xmax>
			<ymax>1225</ymax>
		</bndbox>
	</object>
	<object>
		<name>ref_fork</name>
		<bndbox>
			<xmin>2726</xmin>
			<ymin>894</ymin>
			<xmax>2917</xmax>
			<ymax>1283</ymax>
		</bndbox>
	</object>
	<object>
		<name>ref_coin</name>
		<bndbox>
			<xmin>320</xmin>
			<ymin>1577</ymin>
			<xmax>531</xmax>
			<ymax>1717</ymax>
		</bndbox>
	</object>
	<object>
		<name>dish</name>
		<bndbox>
			<xmin>774</xmin>
			<ymin>532</ymin>
			<xmax>2036</xmax>
			<ymax>1676</ymax>
		</bndbox>
	</object>
	<object>
		<name>순두부찌개</name>
		<bndbox>
			<xmin>907</xmin>
			<ymin>881</ymin>
			<xmax>1893</xmax>
			<ymax>1232</ymax>
		</bndbox>
	</object>
</annotation>