<annotation>
	<folder>side국류원형배달순두부찌개q2</folder>
	<filename>side_국류_원형배달_순두부찌개_Q2_00012.JPG</filename>
	<path>/side국류원형배달순두부찌개q2/side_국류_원형배달_순두부찌개_Q2_00012.JPG</path>
	<source>
		<database>fooddata</database>
	</source>
	<size>
		<width>3008</width>
		<height>2000</height>
		<depth>3</depth>
	</size>
	<object>
		<name>ref_spoon</name>
		<bndbox>
			<xmin>2320</xmin>
			<ymin>884</ymin>
			<xmax>2596</xmax>
			<ymax>1242</ymax>
		</bndbox>
	</object>
	<object>
		<name>ref_fork</name>
		<bndbox>
			<xmin>2722</xmin>
			<ymin>911</ymin>
			<xmax>2907</xmax>
			<ymax>1311</ymax>
		</bndbox>
	</object>
	<object>
		<name>ref_coin</name>
		<bndbox>
			<xmin>1064</xmin>
			<ymin>474</ymin>
			<xmax>1241</xmax>
			<ymax>577</ymax>
		</bndbox>
	</object>
	<object>
		<name>dish</name>
		<bndbox>
			<xmin>770</xmin>
			<ymin>597</ymin>
			<xmax>2043</xmax>
			<ymax>1734</ymax>
		</bndbox>
	</object>
	<object>
		<name>순두부찌개</name>
		<bndbox>
			<xmin>910</xmin>
			<ymin>949</ymin>
			<xmax>1907</xmax>
			<ymax>1297</ymax>
		</bndbox>
	</object>
</annotation>