<annotation>
	<folder>side국류원형배달순두부찌개q2</folder>
	<filename>side_국류_원형배달_순두부찌개_Q2_00014.JPG</filename>
	<path>/side국류원형배달순두부찌개q2/side_국류_원형배달_순두부찌개_Q2_00014.JPG</path>
	<source>
		<database>fooddata</database>
	</source>
	<size>
		<width>3008</width>
		<height>2000</height>
		<depth>3</depth>
	</size>
	<object>
		<name>ref_spoon</name>
		<bndbox>
			<xmin>2316</xmin>
			<ymin>840</ymin>
			<xmax>2593</xmax>
			<ymax>1208</ymax>
		</bndbox>
	</object>
	<object>
		<name>ref_fork</name>
		<bndbox>
			<xmin>2716</xmin>
			<ymin>857</ymin>
			<xmax>2910</xmax>
			<ymax>1256</ymax>
		</bndbox>
	</object>
	<object>
		<name>ref_coin</name>
		<bndbox>
			<xmin>1948</xmin>
			<ymin>580</ymin>
			<xmax>2122</xmax>
			<ymax>693</ymax>
		</bndbox>
	</object>
	<object>
		<name>dish</name>
		<bndbox>
			<xmin>654</xmin>
			<ymin>587</ymin>
			<xmax>1917</xmax>
			<ymax>1754</ymax>
		</bndbox>
	</object>
	<object>
		<name>순두부찌개</name>
		<bndbox>
			<xmin>774</xmin>
			<ymin>939</ymin>
			<xmax>1784</xmax>
			<ymax>1297</ymax>
		</bndbox>
	</object>
</annotation>