<annotation>
	<folder>side국류원형배달순두부찌개q2</folder>
	<filename>side_국류_원형배달_순두부찌개_Q2_00010.JPG</filename>
	<path>/side국류원형배달순두부찌개q2/side_국류_원형배달_순두부찌개_Q2_00010.JPG</path>
	<source>
		<database>fooddata</database>
	</source>
	<size>
		<width>3008</width>
		<height>2000</height>
		<depth>3</depth>
	</size>
	<object>
		<name>ref_spoon</name>
		<bndbox>
			<xmin>2289</xmin>
			<ymin>826</ymin>
			<xmax>2562</xmax>
			<ymax>1201</ymax>
		</bndbox>
	</object>
	<object>
		<name>ref_fork</name>
		<bndbox>
			<xmin>2685</xmin>
			<ymin>850</ymin>
			<xmax>2876</xmax>
			<ymax>1256</ymax>
		</bndbox>
	</object>
	<object>
		<name>ref_coin</name>
		<bndbox>
			<xmin>210</xmin>
			<ymin>990</ymin>
			<xmax>402</xmax>
			<ymax>1113</ymax>
		</bndbox>
	</object>
	<object>
		<name>dish</name>
		<bndbox>
			<xmin>746</xmin>
			<ymin>532</ymin>
			<xmax>2023</xmax>
			<ymax>1703</ymax>
		</bndbox>
	</object>
	<object>
		<name>순두부찌개</name>
		<bndbox>
			<xmin>883</xmin>
			<ymin>891</ymin>
			<xmax>1879</xmax>
			<ymax>1232</ymax>
		</bndbox>
	</object>
</annotation>