<annotation>
	<folder>top국류원형배달순두부찌개q2</folder>
	<filename>top_국류_원형배달_순두부찌개_Q2_00002.JPG</filename>
	<path>/top국류원형배달순두부찌개q2/top_국류_원형배달_순두부찌개_Q2_00002.JPG</path>
	<source>
		<database>fooddata</database>
	</source>
	<size>
		<width>3008</width>
		<height>2000</height>
		<depth>3</depth>
	</size>
	<object>
		<name>ref_spoon</name>
		<bndbox>
			<xmin>1846</xmin>
			<ymin>388</ymin>
			<xmax>2113</xmax>
			<ymax>844</ymax>
		</bndbox>
	</object>
	<object>
		<name>ref_fork</name>
		<bndbox>
			<xmin>2214</xmin>
			<ymin>440</ymin>
			<xmax>2392</xmax>
			<ymax>940</ymax>
		</bndbox>
	</object>
	<object>
		<name>ref_coin</name>
		<bndbox>
			<xmin>1335</xmin>
			<ymin>1441</ymin>
			<xmax>1525</xmax>
			<ymax>1633</ymax>
		</bndbox>
	</object>
	<object>
		<name>dish</name>
		<bndbox>
			<xmin>357</xmin>
			<ymin>245</ymin>
			<xmax>1550</xmax>
			<ymax>1420</ymax>
		</bndbox>
	</object>
	<object>
		<name>순두부찌개</name>
		<bndbox>
			<xmin>475</xmin>
			<ymin>388</ymin>
			<xmax>1506</xmax>
			<ymax>1382</ymax>
		</bndbox>
	</object>
</annotation>