<annotation>
	<folder>top국류원형배달순두부찌개q2</folder>
	<filename>top_국류_원형배달_순두부찌개_Q2_00007.JPG</filename>
	<path>/top국류원형배달순두부찌개q2/top_국류_원형배달_순두부찌개_Q2_00007.JPG</path>
	<source>
		<database>fooddata</database>
	</source>
	<size>
		<width>3008</width>
		<height>2000</height>
		<depth>3</depth>
	</size>
	<object>
		<name>ref_spoon</name>
		<bndbox>
			<xmin>1887</xmin>
			<ymin>343</ymin>
			<xmax>2154</xmax>
			<ymax>797</ymax>
		</bndbox>
	</object>
	<object>
		<name>ref_fork</name>
		<bndbox>
			<xmin>2254</xmin>
			<ymin>397</ymin>
			<xmax>2432</xmax>
			<ymax>891</ymax>
		</bndbox>
	</object>
	<object>
		<name>ref_coin</name>
		<bndbox>
			<xmin>140</xmin>
			<ymin>1018</ymin>
			<xmax>327</xmax>
			<ymax>1207</ymax>
		</bndbox>
	</object>
	<object>
		<name>dish</name>
		<bndbox>
			<xmin>458</xmin>
			<ymin>306</ymin>
			<xmax>1656</xmax>
			<ymax>1484</ymax>
		</bndbox>
	</object>
	<object>
		<name>순두부찌개</name>
		<bndbox>
			<xmin>579</xmin>
			<ymin>444</ymin>
			<xmax>1612</xmax>
			<ymax>1446</ymax>
		</bndbox>
	</object>
</annotation>