<annotation>
	<folder>top국류원형배달순두부찌개q2</folder>
	<filename>top_국류_원형배달_순두부찌개_Q2_00042.JPG</filename>
	<path>/top국류원형배달순두부찌개q2/top_국류_원형배달_순두부찌개_Q2_00042.JPG</path>
	<source>
		<database>fooddata</database>
	</source>
	<size>
		<width>3008</width>
		<height>2000</height>
		<depth>3</depth>
	</size>
	<object>
		<name>ref_spoon</name>
		<bndbox>
			<xmin>413</xmin>
			<ymin>333</ymin>
			<xmax>680</xmax>
			<ymax>795</ymax>
		</bndbox>
	</object>
	<object>
		<name>ref_fork</name>
		<bndbox>
			<xmin>786</xmin>
			<ymin>402</ymin>
			<xmax>964</xmax>
			<ymax>920</ymax>
		</bndbox>
	</object>
	<object>
		<name>ref_coin</name>
		<bndbox>
			<xmin>2418</xmin>
			<ymin>434</ymin>
			<xmax>2612</xmax>
			<ymax>625</ymax>
		</bndbox>
	</object>
	<object>
		<name>dish</name>
		<bndbox>
			<xmin>1020</xmin>
			<ymin>475</ymin>
			<xmax>2246</xmax>
			<ymax>1685</ymax>
		</bndbox>
	</object>
	<object>
		<name>순두부찌개</name>
		<bndbox>
			<xmin>1122</xmin>
			<ymin>608</ymin>
			<xmax>2175</xmax>
			<ymax>1649</ymax>
		</bndbox>
	</object>
</annotation>