<annotation>
	<folder>top국류원형배달순두부찌개q2</folder>
	<filename>top_국류_원형배달_순두부찌개_Q2_00013.JPG</filename>
	<path>/top국류원형배달순두부찌개q2/top_국류_원형배달_순두부찌개_Q2_00013.JPG</path>
	<source>
		<database>fooddata</database>
	</source>
	<size>
		<width>3008</width>
		<height>2000</height>
		<depth>3</depth>
	</size>
	<object>
		<name>ref_spoon</name>
		<bndbox>
			<xmin>2023</xmin>
			<ymin>349</ymin>
			<xmax>2301</xmax>
			<ymax>805</ymax>
		</bndbox>
	</object>
	<object>
		<name>ref_fork</name>
		<bndbox>
			<xmin>2370</xmin>
			<ymin>442</ymin>
			<xmax>2565</xmax>
			<ymax>952</ymax>
		</bndbox>
	</object>
	<object>
		<name>ref_coin</name>
		<bndbox>
			<xmin>1537</xmin>
			<ymin>1338</ymin>
			<xmax>1728</xmax>
			<ymax>1530</ymax>
		</bndbox>
	</object>
	<object>
		<name>dish</name>
		<bndbox>
			<xmin>370</xmin>
			<ymin>187</ymin>
			<xmax>1587</xmax>
			<ymax>1382</ymax>
		</bndbox>
	</object>
	<object>
		<name>순두부찌개</name>
		<bndbox>
			<xmin>487</xmin>
			<ymin>331</ymin>
			<xmax>1544</xmax>
			<ymax>1344</ymax>
		</bndbox>
	</object>
</annotation>