<annotation>
	<folder>top국류원형배달순두부찌개q2</folder>
	<filename>top_국류_원형배달_순두부찌개_Q2_00032.JPG</filename>
	<path>/top국류원형배달순두부찌개q2/top_국류_원형배달_순두부찌개_Q2_00032.JPG</path>
	<source>
		<database>fooddata</database>
	</source>
	<size>
		<width>3008</width>
		<height>2000</height>
		<depth>3</depth>
	</size>
	<object>
		<name>ref_spoon</name>
		<bndbox>
			<xmin>790</xmin>
			<ymin>1618</ymin>
			<xmax>1160</xmax>
			<ymax>1836</ymax>
		</bndbox>
	</object>
	<object>
		<name>ref_fork</name>
		<bndbox>
			<xmin>813</xmin>
			<ymin>1388</ymin>
			<xmax>1213</xmax>
			<ymax>1541</ymax>
		</bndbox>
	</object>
	<object>
		<name>ref_coin</name>
		<bndbox>
			<xmin>1390</xmin>
			<ymin>64</ymin>
			<xmax>1536</xmax>
			<ymax>209</ymax>
		</bndbox>
	</object>
	<object>
		<name>dish</name>
		<bndbox>
			<xmin>1018</xmin>
			<ymin>367</ymin>
			<xmax>1969</xmax>
			<ymax>1296</ymax>
		</bndbox>
	</object>
	<object>
		<name>순두부찌개</name>
		<bndbox>
			<xmin>1091</xmin>
			<ymin>489</ymin>
			<xmax>1904</xmax>
			<ymax>1262</ymax>
		</bndbox>
	</object>
</annotation>