<annotation>
	<folder>top국류원형배달순두부찌개q2</folder>
	<filename>top_국류_원형배달_순두부찌개_Q2_00009.JPG</filename>
	<path>/top국류원형배달순두부찌개q2/top_국류_원형배달_순두부찌개_Q2_00009.JPG</path>
	<source>
		<database>fooddata</database>
	</source>
	<size>
		<width>3008</width>
		<height>2000</height>
		<depth>3</depth>
	</size>
	<object>
		<name>ref_spoon</name>
		<bndbox>
			<xmin>1998</xmin>
			<ymin>472</ymin>
			<xmax>2265</xmax>
			<ymax>915</ymax>
		</bndbox>
	</object>
	<object>
		<name>ref_fork</name>
		<bndbox>
			<xmin>2351</xmin>
			<ymin>541</ymin>
			<xmax>2535</xmax>
			<ymax>1036</ymax>
		</bndbox>
	</object>
	<object>
		<name>ref_coin</name>
		<bndbox>
			<xmin>782</xmin>
			<ymin>163</ymin>
			<xmax>964</xmax>
			<ymax>346</ymax>
		</bndbox>
	</object>
	<object>
		<name>dish</name>
		<bndbox>
			<xmin>411</xmin>
			<ymin>526</ymin>
			<xmax>1609</xmax>
			<ymax>1698</ymax>
		</bndbox>
	</object>
	<object>
		<name>순두부찌개</name>
		<bndbox>
			<xmin>533</xmin>
			<ymin>658</ymin>
			<xmax>1568</xmax>
			<ymax>1663</ymax>
		</bndbox>
	</object>
</annotation>