<annotation>
	<folder>side건더기국류원형배달알탕q3재작업</folder>
	<filename>side_건더기국류_원형배달_알탕_Q3_00002.JPG</filename>
	<path>/side건더기국류원형배달알탕q3/side_건더기국류_원형배달_알탕_Q3_00002.JPG</path>
	<source>
		<database>fooddata</database>
	</source>
	<size>
		<width>3008</width>
		<height>2000</height>
		<depth>3</depth>
	</size>
	<object>
		<name>ref_spoon</name>
		<bndbox>
			<xmin>2008</xmin>
			<ymin>612</ymin>
			<xmax>2293</xmax>
			<ymax>988</ymax>
		</bndbox>
	</object>
	<object>
		<name>ref_fork</name>
		<bndbox>
			<xmin>2384</xmin>
			<ymin>651</ymin>
			<xmax>2583</xmax>
			<ymax>1066</ymax>
		</bndbox>
	</object>
	<object>
		<name>ref_coin</name>
		<bndbox>
			<xmin>622</xmin>
			<ymin>1614</ymin>
			<xmax>860</xmax>
			<ymax>1794</ymax>
		</bndbox>
	</object>
	<object>
		<name>dish</name>
		<bndbox>
			<xmin>531</xmin>
			<ymin>273</ymin>
			<xmax>1858</xmax>
			<ymax>1509</ymax>
		</bndbox>
	</object>
	<object>
		<name>알탕</name>
		<bndbox>
			<xmin>644</xmin>
			<ymin>484</ymin>
			<xmax>1752</xmax>
			<ymax>1047</ymax>
		</bndbox>
	</object>
</annotation>