<annotation>
	<folder>side건더기국류원형배달알탕q3</folder>
	<filename>side_건더기국류_원형배달_알탕_Q3_00020.JPG</filename>
	<path>/side건더기국류원형배달알탕q3/side_건더기국류_원형배달_알탕_Q3_00020.JPG</path>
	<source>
		<database>fooddata</database>
	</source>
	<size>
		<width>3008</width>
		<height>2000</height>
		<depth>3</depth>
	</size>
	<object>
		<name>ref_spoon</name>
		<bndbox>
			<xmin>656</xmin>
			<ymin>1587</ymin>
			<xmax>1139</xmax>
			<ymax>1874</ymax>
		</bndbox>
	</object>
	<object>
		<name>ref_fork</name>
		<bndbox>
			<xmin>745</xmin>
			<ymin>1346</ymin>
			<xmax>1291</xmax>
			<ymax>1608</ymax>
		</bndbox>
	</object>
	<object>
		<name>ref_coin</name>
		<bndbox>
			<xmin>543</xmin>
			<ymin>445</ymin>
			<xmax>773</xmax>
			<ymax>608</ymax>
		</bndbox>
	</object>
	<object>
		<name>dish</name>
		<bndbox>
			<xmin>869</xmin>
			<ymin>182</ymin>
			<xmax>2128</xmax>
			<ymax>1396</ymax>
		</bndbox>
	</object>
	<object>
		<name>알탕</name>
		<bndbox>
			<xmin>979</xmin>
			<ymin>487</ymin>
			<xmax>2029</xmax>
			<ymax>949</ymax>
		</bndbox>
	</object>
</annotation>