<annotation>
	<folder>side건더기국류원형배달알탕q3</folder>
	<filename>side_건더기국류_원형배달_알탕_Q3_00016.JPG</filename>
	<path>/side건더기국류원형배달알탕q3/side_건더기국류_원형배달_알탕_Q3_00016.JPG</path>
	<source>
		<database>fooddata</database>
	</source>
	<size>
		<width>3008</width>
		<height>2000</height>
		<depth>3</depth>
	</size>
	<object>
		<name>ref_spoon</name>
		<bndbox>
			<xmin>2033</xmin>
			<ymin>615</ymin>
			<xmax>2355</xmax>
			<ymax>1012</ymax>
		</bndbox>
	</object>
	<object>
		<name>ref_fork</name>
		<bndbox>
			<xmin>2412</xmin>
			<ymin>626</ymin>
			<xmax>2660</xmax>
			<ymax>1069</ymax>
		</bndbox>
	</object>
	<object>
		<name>ref_coin</name>
		<bndbox>
			<xmin>380</xmin>
			<ymin>1587</ymin>
			<xmax>653</xmax>
			<ymax>1796</ymax>
		</bndbox>
	</object>
	<object>
		<name>dish</name>
		<bndbox>
			<xmin>553</xmin>
			<ymin>335</ymin>
			<xmax>1919</xmax>
			<ymax>1619</ymax>
		</bndbox>
	</object>
	<object>
		<name>알탕</name>
		<bndbox>
			<xmin>674</xmin>
			<ymin>580</ymin>
			<xmax>1830</xmax>
			<ymax>1165</ymax>
		</bndbox>
	</object>
</annotation>