<annotation>
	<folder>side건더기국류원형배달알탕q3</folder>
	<filename>side_건더기국류_원형배달_알탕_Q3_00028.JPG</filename>
	<path>/side건더기국류원형배달알탕q3/side_건더기국류_원형배달_알탕_Q3_00028.JPG</path>
	<source>
		<database>fooddata</database>
	</source>
	<size>
		<width>3008</width>
		<height>2000</height>
		<depth>3</depth>
	</size>
	<object>
		<name>ref_spoon</name>
		<bndbox>
			<xmin>596</xmin>
			<ymin>1665</ymin>
			<xmax>1078</xmax>
			<ymax>1949</ymax>
		</bndbox>
	</object>
	<object>
		<name>ref_fork</name>
		<bndbox>
			<xmin>670</xmin>
			<ymin>1424</ymin>
			<xmax>1206</xmax>
			<ymax>1676</ymax>
		</bndbox>
	</object>
	<object>
		<name>ref_coin</name>
		<bndbox>
			<xmin>2405</xmin>
			<ymin>1360</ymin>
			<xmax>2671</xmax>
			<ymax>1552</ymax>
		</bndbox>
	</object>
	<object>
		<name>dish</name>
		<bndbox>
			<xmin>869</xmin>
			<ymin>285</ymin>
			<xmax>2157</xmax>
			<ymax>1470</ymax>
		</bndbox>
	</object>
	<object>
		<name>알탕</name>
		<bndbox>
			<xmin>990</xmin>
			<ymin>526</ymin>
			<xmax>2050</xmax>
			<ymax>1048</ymax>
		</bndbox>
	</object>
</annotation>