<annotation>
	<folder>side건더기국류원형배달알탕q3</folder>
	<filename>side_건더기국류_원형배달_알탕_Q3_00031.JPG</filename>
	<path>/side건더기국류원형배달알탕q3/side_건더기국류_원형배달_알탕_Q3_00031.JPG</path>
	<source>
		<database>fooddata</database>
	</source>
	<size>
		<width>3008</width>
		<height>2000</height>
		<depth>3</depth>
	</size>
	<object>
		<name>ref_spoon</name>
		<bndbox>
			<xmin>731</xmin>
			<ymin>1580</ymin>
			<xmax>1206</xmax>
			<ymax>1850</ymax>
		</bndbox>
	</object>
	<object>
		<name>ref_fork</name>
		<bndbox>
			<xmin>809</xmin>
			<ymin>1325</ymin>
			<xmax>1327</xmax>
			<ymax>1587</ymax>
		</bndbox>
	</object>
	<object>
		<name>ref_coin</name>
		<bndbox>
			<xmin>518</xmin>
			<ymin>941</ymin>
			<xmax>766</xmax>
			<ymax>1126</ymax>
		</bndbox>
	</object>
	<object>
		<name>dish</name>
		<bndbox>
			<xmin>940</xmin>
			<ymin>221</ymin>
			<xmax>2228</xmax>
			<ymax>1438</ymax>
		</bndbox>
	</object>
	<object>
		<name>알탕</name>
		<bndbox>
			<xmin>1064</xmin>
			<ymin>512</ymin>
			<xmax>2114</xmax>
			<ymax>977</ymax>
		</bndbox>
	</object>
</annotation>