<annotation>
	<folder>side건더기국류원형배달알탕q3</folder>
	<filename>side_건더기국류_원형배달_알탕_Q3_00013.JPG</filename>
	<path>/side건더기국류원형배달알탕q3/side_건더기국류_원형배달_알탕_Q3_00013.JPG</path>
	<source>
		<database>fooddata</database>
	</source>
	<size>
		<width>3008</width>
		<height>2000</height>
		<depth>3</depth>
	</size>
	<object>
		<name>ref_spoon</name>
		<bndbox>
			<xmin>2114</xmin>
			<ymin>690</ymin>
			<xmax>2426</xmax>
			<ymax>1090</ymax>
		</bndbox>
	</object>
	<object>
		<name>ref_fork</name>
		<bndbox>
			<xmin>2483</xmin>
			<ymin>714</ymin>
			<xmax>2731</xmax>
			<ymax>1183</ymax>
		</bndbox>
	</object>
	<object>
		<name>ref_coin</name>
		<bndbox>
			<xmin>1621</xmin>
			<ymin>1679</ymin>
			<xmax>1901</xmax>
			<ymax>1885</ymax>
		</bndbox>
	</object>
	<object>
		<name>dish</name>
		<bndbox>
			<xmin>546</xmin>
			<ymin>349</ymin>
			<xmax>1905</xmax>
			<ymax>1608</ymax>
		</bndbox>
	</object>
	<object>
		<name>알탕</name>
		<bndbox>
			<xmin>656</xmin>
			<ymin>555</ymin>
			<xmax>1788</xmax>
			<ymax>1168</ymax>
		</bndbox>
	</object>
</annotation>