<annotation>
	<folder>side건더기국류원형배달알탕q3</folder>
	<filename>side_건더기국류_원형배달_알탕_Q3_00027.JPG</filename>
	<path>/side건더기국류원형배달알탕q3/side_건더기국류_원형배달_알탕_Q3_00027.JPG</path>
	<source>
		<database>fooddata</database>
	</source>
	<size>
		<width>3008</width>
		<height>2000</height>
		<depth>3</depth>
	</size>
	<object>
		<name>ref_spoon</name>
		<bndbox>
			<xmin>614</xmin>
			<ymin>1623</ymin>
			<xmax>1117</xmax>
			<ymax>1903</ymax>
		</bndbox>
	</object>
	<object>
		<name>ref_fork</name>
		<bndbox>
			<xmin>699</xmin>
			<ymin>1378</ymin>
			<xmax>1231</xmax>
			<ymax>1651</ymax>
		</bndbox>
	</object>
	<object>
		<name>ref_coin</name>
		<bndbox>
			<xmin>2284</xmin>
			<ymin>1165</ymin>
			<xmax>2533</xmax>
			<ymax>1346</ymax>
		</bndbox>
	</object>
	<object>
		<name>dish</name>
		<bndbox>
			<xmin>933</xmin>
			<ymin>239</ymin>
			<xmax>2213</xmax>
			<ymax>1438</ymax>
		</bndbox>
	</object>
	<object>
		<name>알탕</name>
		<bndbox>
			<xmin>1064</xmin>
			<ymin>466</ymin>
			<xmax>2100</xmax>
			<ymax>1005</ymax>
		</bndbox>
	</object>
</annotation>