<annotation>
	<folder>top건더기국류원형배달알탕q3</folder>
	<filename>top_건더기국류_원형배달_알탕_Q3_00017.JPG</filename>
	<path>/top건더기국류원형배달알탕q3/top_건더기국류_원형배달_알탕_Q3_00017.JPG</path>
	<source>
		<database>fooddata</database>
	</source>
	<size>
		<width>3008</width>
		<height>2000</height>
		<depth>3</depth>
	</size>
	<object>
		<name>ref_spoon</name>
		<bndbox>
			<xmin>2094</xmin>
			<ymin>243</ymin>
			<xmax>2381</xmax>
			<ymax>684</ymax>
		</bndbox>
	</object>
	<object>
		<name>ref_fork</name>
		<bndbox>
			<xmin>2489</xmin>
			<ymin>314</ymin>
			<xmax>2690</xmax>
			<ymax>830</ymax>
		</bndbox>
	</object>
	<object>
		<name>ref_coin</name>
		<bndbox>
			<xmin>1314</xmin>
			<ymin>1738</ymin>
			<xmax>1518</xmax>
			<ymax>1953</ymax>
		</bndbox>
	</object>
	<object>
		<name>dish</name>
		<bndbox>
			<xmin>544</xmin>
			<ymin>251</ymin>
			<xmax>1868</xmax>
			<ymax>1550</ymax>
		</bndbox>
	</object>
	<object>
		<name>알탕</name>
		<bndbox>
			<xmin>643</xmin>
			<ymin>400</ymin>
			<xmax>1818</xmax>
			<ymax>1506</ymax>
		</bndbox>
	</object>
</annotation>