<annotation>
	<folder>top건더기국류원형배달알탕q3</folder>
	<filename>top_건더기국류_원형배달_알탕_Q3_00020.JPG</filename>
	<path>/top건더기국류원형배달알탕q3/top_건더기국류_원형배달_알탕_Q3_00020.JPG</path>
	<source>
		<database>fooddata</database>
	</source>
	<size>
		<width>3008</width>
		<height>2000</height>
		<depth>3</depth>
	</size>
	<object>
		<name>ref_spoon</name>
		<bndbox>
			<xmin>704</xmin>
			<ymin>1619</ymin>
			<xmax>1096</xmax>
			<ymax>1884</ymax>
		</bndbox>
	</object>
	<object>
		<name>ref_fork</name>
		<bndbox>
			<xmin>745</xmin>
			<ymin>1354</ymin>
			<xmax>1159</xmax>
			<ymax>1534</ymax>
		</bndbox>
	</object>
	<object>
		<name>ref_coin</name>
		<bndbox>
			<xmin>790</xmin>
			<ymin>240</ymin>
			<xmax>958</xmax>
			<ymax>406</ymax>
		</bndbox>
	</object>
	<object>
		<name>dish</name>
		<bndbox>
			<xmin>853</xmin>
			<ymin>132</ymin>
			<xmax>1995</xmax>
			<ymax>1222</ymax>
		</bndbox>
	</object>
	<object>
		<name>알탕</name>
		<bndbox>
			<xmin>969</xmin>
			<ymin>281</ymin>
			<xmax>1929</xmax>
			<ymax>1181</ymax>
		</bndbox>
	</object>
</annotation>