<annotation>
	<folder>top건더기국류원형배달알탕q3</folder>
	<filename>top_건더기국류_원형배달_알탕_Q3_00052.JPG</filename>
	<path>/top건더기국류원형배달알탕q3/top_건더기국류_원형배달_알탕_Q3_00052.JPG</path>
	<source>
		<database>fooddata</database>
	</source>
	<size>
		<width>3008</width>
		<height>2000</height>
		<depth>3</depth>
	</size>
	<object>
		<name>ref_spoon</name>
		<bndbox>
			<xmin>481</xmin>
			<ymin>113</ymin>
			<xmax>762</xmax>
			<ymax>549</ymax>
		</bndbox>
	</object>
	<object>
		<name>ref_fork</name>
		<bndbox>
			<xmin>787</xmin>
			<ymin>185</ymin>
			<xmax>972</xmax>
			<ymax>659</ymax>
		</bndbox>
	</object>
	<object>
		<name>ref_coin</name>
		<bndbox>
			<xmin>1650</xmin>
			<ymin>1691</ymin>
			<xmax>1849</xmax>
			<ymax>1895</ymax>
		</bndbox>
	</object>
	<object>
		<name>dish</name>
		<bndbox>
			<xmin>1275</xmin>
			<ymin>270</ymin>
			<xmax>2594</xmax>
			<ymax>1548</ymax>
		</bndbox>
	</object>
	<object>
		<name>알탕</name>
		<bndbox>
			<xmin>1361</xmin>
			<ymin>378</ymin>
			<xmax>2489</xmax>
			<ymax>1501</ymax>
		</bndbox>
	</object>
</annotation>