<annotation>
	<folder>top건더기국류원형배달알탕q3</folder>
	<filename>top_건더기국류_원형배달_알탕_Q3_00037.JPG</filename>
	<path>/top건더기국류원형배달알탕q3/top_건더기국류_원형배달_알탕_Q3_00037.JPG</path>
	<source>
		<database>fooddata</database>
	</source>
	<size>
		<width>3008</width>
		<height>2000</height>
		<depth>3</depth>
	</size>
	<object>
		<name>ref_spoon</name>
		<bndbox>
			<xmin>508</xmin>
			<ymin>199</ymin>
			<xmax>776</xmax>
			<ymax>612</ymax>
		</bndbox>
	</object>
	<object>
		<name>ref_fork</name>
		<bndbox>
			<xmin>806</xmin>
			<ymin>270</ymin>
			<xmax>983</xmax>
			<ymax>748</ymax>
		</bndbox>
	</object>
	<object>
		<name>ref_coin</name>
		<bndbox>
			<xmin>1601</xmin>
			<ymin>1639</ymin>
			<xmax>1810</xmax>
			<ymax>1840</ymax>
		</bndbox>
	</object>
	<object>
		<name>dish</name>
		<bndbox>
			<xmin>1190</xmin>
			<ymin>190</ymin>
			<xmax>2497</xmax>
			<ymax>1454</ymax>
		</bndbox>
	</object>
	<object>
		<name>알탕</name>
		<bndbox>
			<xmin>1267</xmin>
			<ymin>328</ymin>
			<xmax>2401</xmax>
			<ymax>1421</ymax>
		</bndbox>
	</object>
</annotation>