<annotation>
	<folder>top건더기국류원형배달알탕q3</folder>
	<filename>top_건더기국류_원형배달_알탕_Q3_00049.JPG</filename>
	<path>/top건더기국류원형배달알탕q3/top_건더기국류_원형배달_알탕_Q3_00049.JPG</path>
	<source>
		<database>fooddata</database>
	</source>
	<size>
		<width>3008</width>
		<height>2000</height>
		<depth>3</depth>
	</size>
	<object>
		<name>ref_spoon</name>
		<bndbox>
			<xmin>243</xmin>
			<ymin>143</ymin>
			<xmax>544</xmax>
			<ymax>604</ymax>
		</bndbox>
	</object>
	<object>
		<name>ref_fork</name>
		<bndbox>
			<xmin>580</xmin>
			<ymin>201</ymin>
			<xmax>781</xmax>
			<ymax>712</ymax>
		</bndbox>
	</object>
	<object>
		<name>ref_coin</name>
		<bndbox>
			<xmin>858</xmin>
			<ymin>1131</ymin>
			<xmax>1065</xmax>
			<ymax>1343</ymax>
		</bndbox>
	</object>
	<object>
		<name>dish</name>
		<bndbox>
			<xmin>1126</xmin>
			<ymin>257</ymin>
			<xmax>2536</xmax>
			<ymax>1625</ymax>
		</bndbox>
	</object>
	<object>
		<name>알탕</name>
		<bndbox>
			<xmin>1220</xmin>
			<ymin>356</ymin>
			<xmax>2450</xmax>
			<ymax>1578</ymax>
		</bndbox>
	</object>
</annotation>