<annotation>
	<folder>top건더기국류원형배달알탕q3</folder>
	<filename>top_건더기국류_원형배달_알탕_Q3_00048.JPG</filename>
	<path>/top건더기국류원형배달알탕q3/top_건더기국류_원형배달_알탕_Q3_00048.JPG</path>
	<source>
		<database>fooddata</database>
	</source>
	<size>
		<width>3008</width>
		<height>2000</height>
		<depth>3</depth>
	</size>
	<object>
		<name>ref_spoon</name>
		<bndbox>
			<xmin>279</xmin>
			<ymin>204</ymin>
			<xmax>577</xmax>
			<ymax>670</ymax>
		</bndbox>
	</object>
	<object>
		<name>ref_fork</name>
		<bndbox>
			<xmin>613</xmin>
			<ymin>265</ymin>
			<xmax>803</xmax>
			<ymax>772</ymax>
		</bndbox>
	</object>
	<object>
		<name>ref_coin</name>
		<bndbox>
			<xmin>930</xmin>
			<ymin>692</ymin>
			<xmax>1134</xmax>
			<ymax>899</ymax>
		</bndbox>
	</object>
	<object>
		<name>dish</name>
		<bndbox>
			<xmin>1145</xmin>
			<ymin>314</ymin>
			<xmax>2561</xmax>
			<ymax>1688</ymax>
		</bndbox>
	</object>
	<object>
		<name>알탕</name>
		<bndbox>
			<xmin>1258</xmin>
			<ymin>430</ymin>
			<xmax>2472</xmax>
			<ymax>1644</ymax>
		</bndbox>
	</object>
</annotation>