<annotation>
	<folder>top건더기국류원형배달알탕q3</folder>
	<filename>top_건더기국류_원형배달_알탕_Q3_00016.JPG</filename>
	<path>/top건더기국류원형배달알탕q3/top_건더기국류_원형배달_알탕_Q3_00016.JPG</path>
	<source>
		<database>fooddata</database>
	</source>
	<size>
		<width>3008</width>
		<height>2000</height>
		<depth>3</depth>
	</size>
	<object>
		<name>ref_spoon</name>
		<bndbox>
			<xmin>2089</xmin>
			<ymin>259</ymin>
			<xmax>2378</xmax>
			<ymax>703</ymax>
		</bndbox>
	</object>
	<object>
		<name>ref_fork</name>
		<bndbox>
			<xmin>2489</xmin>
			<ymin>326</ymin>
			<xmax>2693</xmax>
			<ymax>822</ymax>
		</bndbox>
	</object>
	<object>
		<name>ref_coin</name>
		<bndbox>
			<xmin>1601</xmin>
			<ymin>1443</ymin>
			<xmax>1810</xmax>
			<ymax>1652</ymax>
		</bndbox>
	</object>
	<object>
		<name>dish</name>
		<bndbox>
			<xmin>343</xmin>
			<ymin>210</ymin>
			<xmax>1661</xmax>
			<ymax>1501</ymax>
		</bndbox>
	</object>
	<object>
		<name>알탕</name>
		<bndbox>
			<xmin>486</xmin>
			<ymin>367</ymin>
			<xmax>1612</xmax>
			<ymax>1462</ymax>
		</bndbox>
	</object>
</annotation>