<annotation>
	<folder>side국류원형배달육개장q5</folder>
	<filename>side_국류_원형배달_육개장_Q5_00057.JPG</filename>
	<path>/side국류원형배달육개장q5/side_국류_원형배달_육개장_Q5_00057.JPG</path>
	<source>
		<database>fooddata</database>
	</source>
	<size>
		<width>3008</width>
		<height>2000</height>
		<depth>3</depth>
	</size>
	<object>
		<name>ref_spoon</name>
		<bndbox>
			<xmin>127</xmin>
			<ymin>498</ymin>
			<xmax>423</xmax>
			<ymax>887</ymax>
		</bndbox>
	</object>
	<object>
		<name>ref_fork</name>
		<bndbox>
			<xmin>540</xmin>
			<ymin>498</ymin>
			<xmax>743</xmax>
			<ymax>939</ymax>
		</bndbox>
	</object>
	<object>
		<name>ref_coin</name>
		<bndbox>
			<xmin>2682</xmin>
			<ymin>923</ymin>
			<xmax>2897</xmax>
			<ymax>1081</ymax>
		</bndbox>
	</object>
	<object>
		<name>dish</name>
		<bndbox>
			<xmin>901</xmin>
			<ymin>211</ymin>
			<xmax>2342</xmax>
			<ymax>1486</ymax>
		</bndbox>
	</object>
	<object>
		<name>육개장</name>
		<bndbox>
			<xmin>986</xmin>
			<ymin>401</ymin>
			<xmax>2245</xmax>
			<ymax>1109</ymax>
		</bndbox>
	</object>
</annotation>