<annotation>
	<folder>side국류원형배달육개장q5</folder>
	<filename>side_국류_원형배달_육개장_Q5_00008.JPG</filename>
	<path>/side국류원형배달육개장q5/side_국류_원형배달_육개장_Q5_00008.JPG</path>
	<source>
		<database>fooddata</database>
	</source>
	<size>
		<width>3008</width>
		<height>2000</height>
		<depth>3</depth>
	</size>
	<object>
		<name>ref_spoon</name>
		<bndbox>
			<xmin>2196</xmin>
			<ymin>417</ymin>
			<xmax>2488</xmax>
			<ymax>798</ymax>
		</bndbox>
	</object>
	<object>
		<name>ref_fork</name>
		<bndbox>
			<xmin>2617</xmin>
			<ymin>506</ymin>
			<xmax>2836</xmax>
			<ymax>943</ymax>
		</bndbox>
	</object>
	<object>
		<name>ref_coin</name>
		<bndbox>
			<xmin>119</xmin>
			<ymin>518</ymin>
			<xmax>346</xmax>
			<ymax>684</ymax>
		</bndbox>
	</object>
	<object>
		<name>dish</name>
		<bndbox>
			<xmin>532</xmin>
			<ymin>271</ymin>
			<xmax>2115</xmax>
			<ymax>1660</ymax>
		</bndbox>
	</object>
	<object>
		<name>육개장</name>
		<bndbox>
			<xmin>621</xmin>
			<ymin>530</ymin>
			<xmax>1998</xmax>
			<ymax>1247</ymax>
		</bndbox>
	</object>
</annotation>