<annotation>
	<folder>side국류원형배달육개장q5</folder>
	<filename>side_국류_원형배달_육개장_Q5_00054.JPG</filename>
	<path>/side국류원형배달육개장q5/side_국류_원형배달_육개장_Q5_00054.JPG</path>
	<source>
		<database>fooddata</database>
	</source>
	<size>
		<width>3008</width>
		<height>2000</height>
		<depth>3</depth>
	</size>
	<object>
		<name>ref_spoon</name>
		<bndbox>
			<xmin>306</xmin>
			<ymin>470</ymin>
			<xmax>597</xmax>
			<ymax>846</ymax>
		</bndbox>
	</object>
	<object>
		<name>ref_fork</name>
		<bndbox>
			<xmin>715</xmin>
			<ymin>462</ymin>
			<xmax>913</xmax>
			<ymax>887</ymax>
		</bndbox>
	</object>
	<object>
		<name>ref_coin</name>
		<bndbox>
			<xmin>2423</xmin>
			<ymin>1579</ymin>
			<xmax>2662</xmax>
			<ymax>1765</ymax>
		</bndbox>
	</object>
	<object>
		<name>dish</name>
		<bndbox>
			<xmin>1071</xmin>
			<ymin>182</ymin>
			<xmax>2508</xmax>
			<ymax>1449</ymax>
		</bndbox>
	</object>
	<object>
		<name>육개장</name>
		<bndbox>
			<xmin>1148</xmin>
			<ymin>417</ymin>
			<xmax>2419</xmax>
			<ymax>1077</ymax>
		</bndbox>
	</object>
</annotation>