<annotation>
	<folder>side국류원형배달육개장q5</folder>
	<filename>side_국류_원형배달_육개장_Q5_00020.JPG</filename>
	<path>/side국류원형배달육개장q5/side_국류_원형배달_육개장_Q5_00020.JPG</path>
	<source>
		<database>fooddata</database>
	</source>
	<size>
		<width>3008</width>
		<height>2000</height>
		<depth>3</depth>
	</size>
	<object>
		<name>ref_spoon</name>
		<bndbox>
			<xmin>245</xmin>
			<ymin>1575</ymin>
			<xmax>727</xmax>
			<ymax>1862</ymax>
		</bndbox>
	</object>
	<object>
		<name>ref_fork</name>
		<bndbox>
			<xmin>326</xmin>
			<ymin>1340</ymin>
			<xmax>844</xmax>
			<ymax>1595</ymax>
		</bndbox>
	</object>
	<object>
		<name>ref_coin</name>
		<bndbox>
			<xmin>2184</xmin>
			<ymin>563</ymin>
			<xmax>2399</xmax>
			<ymax>713</ymax>
		</bndbox>
	</object>
	<object>
		<name>dish</name>
		<bndbox>
			<xmin>658</xmin>
			<ymin>134</ymin>
			<xmax>2047</xmax>
			<ymax>1372</ymax>
		</bndbox>
	</object>
	<object>
		<name>육개장</name>
		<bndbox>
			<xmin>727</xmin>
			<ymin>364</ymin>
			<xmax>1957</xmax>
			<ymax>1004</ymax>
		</bndbox>
	</object>
</annotation>