<annotation>
	<folder>side국류원형배달육개장q5</folder>
	<filename>side_국류_원형배달_육개장_Q5_00035.JPG</filename>
	<path>/side국류원형배달육개장q5/side_국류_원형배달_육개장_Q5_00035.JPG</path>
	<source>
		<database>fooddata</database>
	</source>
	<size>
		<width>3008</width>
		<height>2000</height>
		<depth>3</depth>
	</size>
	<object>
		<name>ref_spoon</name>
		<bndbox>
			<xmin>387</xmin>
			<ymin>453</ymin>
			<xmax>674</xmax>
			<ymax>814</ymax>
		</bndbox>
	</object>
	<object>
		<name>ref_fork</name>
		<bndbox>
			<xmin>783</xmin>
			<ymin>457</ymin>
			<xmax>982</xmax>
			<ymax>866</ymax>
		</bndbox>
	</object>
	<object>
		<name>ref_coin</name>
		<bndbox>
			<xmin>1358</xmin>
			<ymin>1599</ymin>
			<xmax>1597</xmax>
			<ymax>1781</ymax>
		</bndbox>
	</object>
	<object>
		<name>dish</name>
		<bndbox>
			<xmin>1127</xmin>
			<ymin>190</ymin>
			<xmax>2524</xmax>
			<ymax>1421</ymax>
		</bndbox>
	</object>
	<object>
		<name>육개장</name>
		<bndbox>
			<xmin>1192</xmin>
			<ymin>429</ymin>
			<xmax>2427</xmax>
			<ymax>1049</ymax>
		</bndbox>
	</object>
</annotation>