<annotation>
	<folder>side국류원형배달육개장q5</folder>
	<filename>side_국류_원형배달_육개장_Q5_00056.JPG</filename>
	<path>/side국류원형배달육개장q5/side_국류_원형배달_육개장_Q5_00056.JPG</path>
	<source>
		<database>fooddata</database>
	</source>
	<size>
		<width>3008</width>
		<height>2000</height>
		<depth>3</depth>
	</size>
	<object>
		<name>ref_spoon</name>
		<bndbox>
			<xmin>140</xmin>
			<ymin>486</ymin>
			<xmax>435</xmax>
			<ymax>858</ymax>
		</bndbox>
	</object>
	<object>
		<name>ref_fork</name>
		<bndbox>
			<xmin>561</xmin>
			<ymin>474</ymin>
			<xmax>755</xmax>
			<ymax>911</ymax>
		</bndbox>
	</object>
	<object>
		<name>ref_coin</name>
		<bndbox>
			<xmin>2694</xmin>
			<ymin>1154</ymin>
			<xmax>2921</xmax>
			<ymax>1328</ymax>
		</bndbox>
	</object>
	<object>
		<name>dish</name>
		<bndbox>
			<xmin>921</xmin>
			<ymin>190</ymin>
			<xmax>2354</xmax>
			<ymax>1457</ymax>
		</bndbox>
	</object>
	<object>
		<name>육개장</name>
		<bndbox>
			<xmin>998</xmin>
			<ymin>429</ymin>
			<xmax>2257</xmax>
			<ymax>1089</ymax>
		</bndbox>
	</object>
</annotation>