<annotation>
	<folder>side국류원형배달육개장q5</folder>
	<filename>side_국류_원형배달_육개장_Q5_00043.JPG</filename>
	<path>/side국류원형배달육개장q5/side_국류_원형배달_육개장_Q5_00043.JPG</path>
	<source>
		<database>fooddata</database>
	</source>
	<size>
		<width>3008</width>
		<height>2000</height>
		<depth>3</depth>
	</size>
	<object>
		<name>ref_spoon</name>
		<bndbox>
			<xmin>468</xmin>
			<ymin>445</ymin>
			<xmax>731</xmax>
			<ymax>789</ymax>
		</bndbox>
	</object>
	<object>
		<name>ref_fork</name>
		<bndbox>
			<xmin>840</xmin>
			<ymin>449</ymin>
			<xmax>1022</xmax>
			<ymax>846</ymax>
		</bndbox>
	</object>
	<object>
		<name>ref_coin</name>
		<bndbox>
			<xmin>1306</xmin>
			<ymin>1526</ymin>
			<xmax>1520</xmax>
			<ymax>1700</ymax>
		</bndbox>
	</object>
	<object>
		<name>dish</name>
		<bndbox>
			<xmin>1160</xmin>
			<ymin>206</ymin>
			<xmax>2476</xmax>
			<ymax>1389</ymax>
		</bndbox>
	</object>
	<object>
		<name>육개장</name>
		<bndbox>
			<xmin>1217</xmin>
			<ymin>417</ymin>
			<xmax>2387</xmax>
			<ymax>1057</ymax>
		</bndbox>
	</object>
</annotation>