<annotation>
	<folder>side국류원형배달육개장q5</folder>
	<filename>side_국류_원형배달_육개장_Q5_00015.JPG</filename>
	<path>/side국류원형배달육개장q5/side_국류_원형배달_육개장_Q5_00015.JPG</path>
	<source>
		<database>fooddata</database>
	</source>
	<size>
		<width>3008</width>
		<height>2000</height>
		<depth>3</depth>
	</size>
	<object>
		<name>ref_spoon</name>
		<bndbox>
			<xmin>1961</xmin>
			<ymin>498</ymin>
			<xmax>2257</xmax>
			<ymax>899</ymax>
		</bndbox>
	</object>
	<object>
		<name>ref_fork</name>
		<bndbox>
			<xmin>2395</xmin>
			<ymin>591</ymin>
			<xmax>2609</xmax>
			<ymax>1045</ymax>
		</bndbox>
	</object>
	<object>
		<name>ref_coin</name>
		<bndbox>
			<xmin>1961</xmin>
			<ymin>300</ymin>
			<xmax>2184</xmax>
			<ymax>457</ymax>
		</bndbox>
	</object>
	<object>
		<name>dish</name>
		<bndbox>
			<xmin>249</xmin>
			<ymin>263</ymin>
			<xmax>1816</xmax>
			<ymax>1656</ymax>
		</bndbox>
	</object>
	<object>
		<name>육개장</name>
		<bndbox>
			<xmin>334</xmin>
			<ymin>518</ymin>
			<xmax>1706</xmax>
			<ymax>1267</ymax>
		</bndbox>
	</object>
</annotation>