<annotation>
	<folder>side국류원형배달육개장q5</folder>
	<filename>side_국류_원형배달_육개장_Q5_00003.JPG</filename>
	<path>/side국류원형배달육개장q5/side_국류_원형배달_육개장_Q5_00003.JPG</path>
	<source>
		<database>fooddata</database>
	</source>
	<size>
		<width>3008</width>
		<height>2000</height>
		<depth>3</depth>
	</size>
	<object>
		<name>ref_spoon</name>
		<bndbox>
			<xmin>1909</xmin>
			<ymin>328</ymin>
			<xmax>2192</xmax>
			<ymax>696</ymax>
		</bndbox>
	</object>
	<object>
		<name>ref_fork</name>
		<bndbox>
			<xmin>2326</xmin>
			<ymin>425</ymin>
			<xmax>2540</xmax>
			<ymax>846</ymax>
		</bndbox>
	</object>
	<object>
		<name>ref_coin</name>
		<bndbox>
			<xmin>759</xmin>
			<ymin>1599</ymin>
			<xmax>1006</xmax>
			<ymax>1794</ymax>
		</bndbox>
	</object>
	<object>
		<name>dish</name>
		<bndbox>
			<xmin>370</xmin>
			<ymin>101</ymin>
			<xmax>1893</xmax>
			<ymax>1433</ymax>
		</bndbox>
	</object>
	<object>
		<name>육개장</name>
		<bndbox>
			<xmin>468</xmin>
			<ymin>352</ymin>
			<xmax>1795</xmax>
			<ymax>1032</ymax>
		</bndbox>
	</object>
</annotation>