<annotation>
	<folder>side국류원형배달육개장q5</folder>
	<filename>side_국류_원형배달_육개장_Q5_00048.JPG</filename>
	<path>/side국류원형배달육개장q5/side_국류_원형배달_육개장_Q5_00048.JPG</path>
	<source>
		<database>fooddata</database>
	</source>
	<size>
		<width>3008</width>
		<height>2000</height>
		<depth>3</depth>
	</size>
	<object>
		<name>ref_spoon</name>
		<bndbox>
			<xmin>265</xmin>
			<ymin>441</ymin>
			<xmax>561</xmax>
			<ymax>826</ymax>
		</bndbox>
	</object>
	<object>
		<name>ref_fork</name>
		<bndbox>
			<xmin>686</xmin>
			<ymin>449</ymin>
			<xmax>889</xmax>
			<ymax>891</ymax>
		</bndbox>
	</object>
	<object>
		<name>ref_coin</name>
		<bndbox>
			<xmin>921</xmin>
			<ymin>1502</ymin>
			<xmax>1160</xmax>
			<ymax>1700</ymax>
		</bndbox>
	</object>
	<object>
		<name>dish</name>
		<bndbox>
			<xmin>1047</xmin>
			<ymin>166</ymin>
			<xmax>2524</xmax>
			<ymax>1478</ymax>
		</bndbox>
	</object>
	<object>
		<name>육개장</name>
		<bndbox>
			<xmin>1127</xmin>
			<ymin>409</ymin>
			<xmax>2411</xmax>
			<ymax>1113</ymax>
		</bndbox>
	</object>
</annotation>