<annotation>
	<folder>side국류원형배달육개장q5</folder>
	<filename>side_국류_원형배달_육개장_Q5_00034.JPG</filename>
	<path>/side국류원형배달육개장q5/side_국류_원형배달_육개장_Q5_00034.JPG</path>
	<source>
		<database>fooddata</database>
	</source>
	<size>
		<width>3008</width>
		<height>2000</height>
		<depth>3</depth>
	</size>
	<object>
		<name>ref_spoon</name>
		<bndbox>
			<xmin>326</xmin>
			<ymin>449</ymin>
			<xmax>617</xmax>
			<ymax>806</ymax>
		</bndbox>
	</object>
	<object>
		<name>ref_fork</name>
		<bndbox>
			<xmin>723</xmin>
			<ymin>478</ymin>
			<xmax>913</xmax>
			<ymax>883</ymax>
		</bndbox>
	</object>
	<object>
		<name>ref_coin</name>
		<bndbox>
			<xmin>1002</xmin>
			<ymin>1587</ymin>
			<xmax>1233</xmax>
			<ymax>1777</ymax>
		</bndbox>
	</object>
	<object>
		<name>dish</name>
		<bndbox>
			<xmin>1067</xmin>
			<ymin>223</ymin>
			<xmax>2459</xmax>
			<ymax>1449</ymax>
		</bndbox>
	</object>
	<object>
		<name>육개장</name>
		<bndbox>
			<xmin>1132</xmin>
			<ymin>453</ymin>
			<xmax>2354</xmax>
			<ymax>1081</ymax>
		</bndbox>
	</object>
</annotation>