<annotation>
	<folder>side국류원형배달육개장q5</folder>
	<filename>side_국류_원형배달_육개장_Q5_00028.JPG</filename>
	<path>/side국류원형배달육개장q5/side_국류_원형배달_육개장_Q5_00028.JPG</path>
	<source>
		<database>fooddata</database>
	</source>
	<size>
		<width>3008</width>
		<height>2000</height>
		<depth>3</depth>
	</size>
	<object>
		<name>ref_spoon</name>
		<bndbox>
			<xmin>472</xmin>
			<ymin>1567</ymin>
			<xmax>917</xmax>
			<ymax>1834</ymax>
		</bndbox>
	</object>
	<object>
		<name>ref_fork</name>
		<bndbox>
			<xmin>549</xmin>
			<ymin>1344</ymin>
			<xmax>1022</xmax>
			<ymax>1591</ymax>
		</bndbox>
	</object>
	<object>
		<name>ref_coin</name>
		<bndbox>
			<xmin>322</xmin>
			<ymin>336</ymin>
			<xmax>520</xmax>
			<ymax>474</ymax>
		</bndbox>
	</object>
	<object>
		<name>dish</name>
		<bndbox>
			<xmin>868</xmin>
			<ymin>194</ymin>
			<xmax>2176</xmax>
			<ymax>1356</ymax>
		</bndbox>
	</object>
	<object>
		<name>육개장</name>
		<bndbox>
			<xmin>937</xmin>
			<ymin>409</ymin>
			<xmax>2079</xmax>
			<ymax>1004</ymax>
		</bndbox>
	</object>
</annotation>