<annotation>
	<folder>side국류원형배달육개장q5</folder>
	<filename>side_국류_원형배달_육개장_Q5_00047.JPG</filename>
	<path>/side국류원형배달육개장q5/side_국류_원형배달_육개장_Q5_00047.JPG</path>
	<source>
		<database>fooddata</database>
	</source>
	<size>
		<width>3008</width>
		<height>2000</height>
		<depth>3</depth>
	</size>
	<object>
		<name>ref_spoon</name>
		<bndbox>
			<xmin>237</xmin>
			<ymin>498</ymin>
			<xmax>532</xmax>
			<ymax>887</ymax>
		</bndbox>
	</object>
	<object>
		<name>ref_fork</name>
		<bndbox>
			<xmin>650</xmin>
			<ymin>498</ymin>
			<xmax>860</xmax>
			<ymax>943</ymax>
		</bndbox>
	</object>
	<object>
		<name>ref_coin</name>
		<bndbox>
			<xmin>2459</xmin>
			<ymin>1563</ymin>
			<xmax>2702</xmax>
			<ymax>1753</ymax>
		</bndbox>
	</object>
	<object>
		<name>dish</name>
		<bndbox>
			<xmin>1018</xmin>
			<ymin>215</ymin>
			<xmax>2472</xmax>
			<ymax>1518</ymax>
		</bndbox>
	</object>
	<object>
		<name>육개장</name>
		<bndbox>
			<xmin>1079</xmin>
			<ymin>449</ymin>
			<xmax>2378</xmax>
			<ymax>1146</ymax>
		</bndbox>
	</object>
</annotation>