<annotation>
	<folder>top국류원형배달육개장q5</folder>
	<filename>top_국류_원형배달_육개장_Q5_00026.JPG</filename>
	<path>/top국류원형배달육개장q5/top_국류_원형배달_육개장_Q5_00026.JPG</path>
	<source>
		<database>fooddata</database>
	</source>
	<size>
		<width>3008</width>
		<height>2000</height>
		<depth>3</depth>
	</size>
	<object>
		<name>ref_spoon</name>
		<bndbox>
			<xmin>808</xmin>
			<ymin>1729</ymin>
			<xmax>1169</xmax>
			<ymax>1973</ymax>
		</bndbox>
	</object>
	<object>
		<name>ref_fork</name>
		<bndbox>
			<xmin>833</xmin>
			<ymin>1495</ymin>
			<xmax>1219</xmax>
			<ymax>1668</ymax>
		</bndbox>
	</object>
	<object>
		<name>ref_coin</name>
		<bndbox>
			<xmin>1514</xmin>
			<ymin>22</ymin>
			<xmax>1672</xmax>
			<ymax>190</ymax>
		</bndbox>
	</object>
	<object>
		<name>dish</name>
		<bndbox>
			<xmin>894</xmin>
			<ymin>342</ymin>
			<xmax>1946</xmax>
			<ymax>1363</ymax>
		</bndbox>
	</object>
	<object>
		<name>육개장</name>
		<bndbox>
			<xmin>955</xmin>
			<ymin>439</ymin>
			<xmax>1870</xmax>
			<ymax>1338</ymax>
		</bndbox>
	</object>
</annotation>