<annotation>
	<folder>top국류원형배달육개장q5</folder>
	<filename>top_국류_원형배달_육개장_Q5_00013.JPG</filename>
	<path>/top국류원형배달육개장q5/top_국류_원형배달_육개장_Q5_00013.JPG</path>
	<source>
		<database>fooddata</database>
	</source>
	<size>
		<width>3008</width>
		<height>2000</height>
		<depth>3</depth>
	</size>
	<object>
		<name>ref_spoon</name>
		<bndbox>
			<xmin>1778</xmin>
			<ymin>444</ymin>
			<xmax>2053</xmax>
			<ymax>835</ymax>
		</bndbox>
	</object>
	<object>
		<name>ref_fork</name>
		<bndbox>
			<xmin>2170</xmin>
			<ymin>642</ymin>
			<xmax>2403</xmax>
			<ymax>1069</ymax>
		</bndbox>
	</object>
	<object>
		<name>ref_coin</name>
		<bndbox>
			<xmin>1758</xmin>
			<ymin>93</ymin>
			<xmax>1946</xmax>
			<ymax>276</ymax>
		</bndbox>
	</object>
	<object>
		<name>dish</name>
		<bndbox>
			<xmin>234</xmin>
			<ymin>403</ymin>
			<xmax>1641</xmax>
			<ymax>1749</ymax>
		</bndbox>
	</object>
	<object>
		<name>육개장</name>
		<bndbox>
			<xmin>325</xmin>
			<ymin>510</ymin>
			<xmax>1545</xmax>
			<ymax>1699</ymax>
		</bndbox>
	</object>
</annotation>