<annotation>
	<folder>top국류원형배달육개장q5</folder>
	<filename>top_국류_원형배달_육개장_Q5_00031.JPG</filename>
	<path>/top국류원형배달육개장q5/top_국류_원형배달_육개장_Q5_00031.JPG</path>
	<source>
		<database>fooddata</database>
	</source>
	<size>
		<width>3008</width>
		<height>2000</height>
		<depth>3</depth>
	</size>
	<object>
		<name>ref_spoon</name>
		<bndbox>
			<xmin>833</xmin>
			<ymin>1587</ymin>
			<xmax>1230</xmax>
			<ymax>1866</ymax>
		</bndbox>
	</object>
	<object>
		<name>ref_fork</name>
		<bndbox>
			<xmin>874</xmin>
			<ymin>1343</ymin>
			<xmax>1280</xmax>
			<ymax>1531</ymax>
		</bndbox>
	</object>
	<object>
		<name>ref_coin</name>
		<bndbox>
			<xmin>610</xmin>
			<ymin>322</ymin>
			<xmax>793</xmax>
			<ymax>505</ymax>
		</bndbox>
	</object>
	<object>
		<name>dish</name>
		<bndbox>
			<xmin>965</xmin>
			<ymin>93</ymin>
			<xmax>2114</xmax>
			<ymax>1211</ymax>
		</bndbox>
	</object>
	<object>
		<name>육개장</name>
		<bndbox>
			<xmin>1016</xmin>
			<ymin>215</ymin>
			<xmax>2012</xmax>
			<ymax>1191</ymax>
		</bndbox>
	</object>
</annotation>