<annotation>
	<folder>top국류원형배달육개장q5</folder>
	<filename>top_국류_원형배달_육개장_Q5_00046.JPG</filename>
	<path>/top국류원형배달육개장q5/top_국류_원형배달_육개장_Q5_00046.JPG</path>
	<source>
		<database>fooddata</database>
	</source>
	<size>
		<width>3008</width>
		<height>2000</height>
		<depth>3</depth>
	</size>
	<object>
		<name>ref_spoon</name>
		<bndbox>
			<xmin>366</xmin>
			<ymin>372</ymin>
			<xmax>671</xmax>
			<ymax>794</ymax>
		</bndbox>
	</object>
	<object>
		<name>ref_fork</name>
		<bndbox>
			<xmin>747</xmin>
			<ymin>388</ymin>
			<xmax>955</xmax>
			<ymax>876</ymax>
		</bndbox>
	</object>
	<object>
		<name>ref_coin</name>
		<bndbox>
			<xmin>1123</xmin>
			<ymin>256</ymin>
			<xmax>1331</xmax>
			<ymax>449</ymax>
		</bndbox>
	</object>
	<object>
		<name>dish</name>
		<bndbox>
			<xmin>1209</xmin>
			<ymin>337</ymin>
			<xmax>2632</xmax>
			<ymax>1719</ymax>
		</bndbox>
	</object>
	<object>
		<name>육개장</name>
		<bndbox>
			<xmin>1260</xmin>
			<ymin>459</ymin>
			<xmax>2485</xmax>
			<ymax>1668</ymax>
		</bndbox>
	</object>
</annotation>