<annotation>
	<folder>top국류원형배달육개장q5</folder>
	<filename>top_국류_원형배달_육개장_Q5_00009.JPG</filename>
	<path>/top국류원형배달육개장q5/top_국류_원형배달_육개장_Q5_00009.JPG</path>
	<source>
		<database>fooddata</database>
	</source>
	<size>
		<width>3008</width>
		<height>2000</height>
		<depth>3</depth>
	</size>
	<object>
		<name>ref_spoon</name>
		<bndbox>
			<xmin>2032</xmin>
			<ymin>357</ymin>
			<xmax>2302</xmax>
			<ymax>759</ymax>
		</bndbox>
	</object>
	<object>
		<name>ref_fork</name>
		<bndbox>
			<xmin>2408</xmin>
			<ymin>566</ymin>
			<xmax>2642</xmax>
			<ymax>1008</ymax>
		</bndbox>
	</object>
	<object>
		<name>ref_coin</name>
		<bndbox>
			<xmin>671</xmin>
			<ymin>113</ymin>
			<xmax>864</xmax>
			<ymax>291</ymax>
		</bndbox>
	</object>
	<object>
		<name>dish</name>
		<bndbox>
			<xmin>620</xmin>
			<ymin>362</ymin>
			<xmax>1982</xmax>
			<ymax>1678</ymax>
		</bndbox>
	</object>
	<object>
		<name>육개장</name>
		<bndbox>
			<xmin>711</xmin>
			<ymin>479</ymin>
			<xmax>1875</xmax>
			<ymax>1628</ymax>
		</bndbox>
	</object>
</annotation>