<annotation>
	<folder>top국류원형배달육개장q5</folder>
	<filename>top_국류_원형배달_육개장_Q5_00030.JPG</filename>
	<path>/top국류원형배달육개장q5/top_국류_원형배달_육개장_Q5_00030.JPG</path>
	<source>
		<database>fooddata</database>
	</source>
	<size>
		<width>3008</width>
		<height>2000</height>
		<depth>3</depth>
	</size>
	<object>
		<name>ref_spoon</name>
		<bndbox>
			<xmin>889</xmin>
			<ymin>1668</ymin>
			<xmax>1270</xmax>
			<ymax>1937</ymax>
		</bndbox>
	</object>
	<object>
		<name>ref_fork</name>
		<bndbox>
			<xmin>904</xmin>
			<ymin>1419</ymin>
			<xmax>1316</xmax>
			<ymax>1612</ymax>
		</bndbox>
	</object>
	<object>
		<name>ref_coin</name>
		<bndbox>
			<xmin>894</xmin>
			<ymin>169</ymin>
			<xmax>1082</xmax>
			<ymax>347</ymax>
		</bndbox>
	</object>
	<object>
		<name>dish</name>
		<bndbox>
			<xmin>965</xmin>
			<ymin>184</ymin>
			<xmax>2124</xmax>
			<ymax>1323</ymax>
		</bndbox>
	</object>
	<object>
		<name>육개장</name>
		<bndbox>
			<xmin>1026</xmin>
			<ymin>291</ymin>
			<xmax>2032</xmax>
			<ymax>1282</ymax>
		</bndbox>
	</object>
</annotation>