<annotation>
	<folder>side돌솥밥류영양돌솥밥q1</folder>
	<filename>side_돌솥밥류_돌솥_영양돌솥밥_Q1_00034.JPG</filename>
	<path>/side돌솥밥류돌솥영양돌솥밥q1/side_돌솥밥류_돌솥_영양돌솥밥_Q1_00034.JPG</path>
	<source>
		<database>fooddata</database>
	</source>
	<size>
		<width>720</width>
		<height>480</height>
		<depth>3</depth>
	</size>
	<object>
		<name>ref_spoon</name>
		<bndbox>
			<xmin>37</xmin>
			<ymin>107</ymin>
			<xmax>110</xmax>
			<ymax>209</ymax>
		</bndbox>
	</object>
	<object>
		<name>ref_fork</name>
		<bndbox>
			<xmin>130</xmin>
			<ymin>135</ymin>
			<xmax>183</xmax>
			<ymax>248</ymax>
		</bndbox>
	</object>
	<object>
		<name>ref_coin</name>
		<bndbox>
			<xmin>618</xmin>
			<ymin>313</ymin>
			<xmax>676</xmax>
			<ymax>359</ymax>
		</bndbox>
	</object>
	<object>
		<name>dish</name>
		<bndbox>
			<xmin>204</xmin>
			<ymin>81</ymin>
			<xmax>578</xmax>
			<ymax>389</ymax>
		</bndbox>
	</object>
	<object>
		<name>영양돌솥밥</name>
		<bndbox>
			<xmin>279</xmin>
			<ymin>142</ymin>
			<xmax>478</xmax>
			<ymax>288</ymax>
		</bndbox>
	</object>
</annotation>