<annotation>
	<folder>side돌솥밥류영양돌솥밥q1</folder>
	<filename>side_돌솥밥류_돌솥_영양돌솥밥_Q1_00005.JPG</filename>
	<path>/side돌솥밥류돌솥영양돌솥밥q1/side_돌솥밥류_돌솥_영양돌솥밥_Q1_00005.JPG</path>
	<source>
		<database>fooddata</database>
	</source>
	<size>
		<width>720</width>
		<height>480</height>
		<depth>3</depth>
	</size>
	<object>
		<name>ref_spoon</name>
		<bndbox>
			<xmin>479</xmin>
			<ymin>78</ymin>
			<xmax>548</xmax>
			<ymax>170</ymax>
		</bndbox>
	</object>
	<object>
		<name>ref_fork</name>
		<bndbox>
			<xmin>591</xmin>
			<ymin>94</ymin>
			<xmax>641</xmax>
			<ymax>201</ymax>
		</bndbox>
	</object>
	<object>
		<name>ref_coin</name>
		<bndbox>
			<xmin>287</xmin>
			<ymin>403</ymin>
			<xmax>344</xmax>
			<ymax>450</ymax>
		</bndbox>
	</object>
	<object>
		<name>dish</name>
		<bndbox>
			<xmin>99</xmin>
			<ymin>37</ymin>
			<xmax>465</xmax>
			<ymax>335</ymax>
		</bndbox>
	</object>
	<object>
		<name>영양돌솥밥</name>
		<bndbox>
			<xmin>254</xmin>
			<ymin>134</ymin>
			<xmax>406</xmax>
			<ymax>238</ymax>
		</bndbox>
	</object>
</annotation>