<annotation>
	<folder>side돌솥밥류영양돌솥밥q1</folder>
	<filename>side_돌솥밥류_돌솥_영양돌솥밥_Q1_00043.JPG</filename>
	<path>/side돌솥밥류돌솥영양돌솥밥q1/side_돌솥밥류_돌솥_영양돌솥밥_Q1_00043.JPG</path>
	<source>
		<database>fooddata</database>
	</source>
	<size>
		<width>720</width>
		<height>480</height>
		<depth>3</depth>
	</size>
	<object>
		<name>ref_spoon</name>
		<bndbox>
			<xmin>61</xmin>
			<ymin>144</ymin>
			<xmax>133</xmax>
			<ymax>245</ymax>
		</bndbox>
	</object>
	<object>
		<name>ref_fork</name>
		<bndbox>
			<xmin>155</xmin>
			<ymin>170</ymin>
			<xmax>206</xmax>
			<ymax>284</ymax>
		</bndbox>
	</object>
	<object>
		<name>ref_coin</name>
		<bndbox>
			<xmin>442</xmin>
			<ymin>36</ymin>
			<xmax>488</xmax>
			<ymax>69</ymax>
		</bndbox>
	</object>
	<object>
		<name>dish</name>
		<bndbox>
			<xmin>229</xmin>
			<ymin>111</ymin>
			<xmax>604</xmax>
			<ymax>421</ymax>
		</bndbox>
	</object>
	<object>
		<name>영양돌솥밥</name>
		<bndbox>
			<xmin>290</xmin>
			<ymin>182</ymin>
			<xmax>513</xmax>
			<ymax>308</ymax>
		</bndbox>
	</object>
</annotation>