<annotation>
	<folder>side돌솥밥류영양돌솥밥q1</folder>
	<filename>side_돌솥밥류_돌솥_영양돌솥밥_Q1_00040.JPG</filename>
	<path>/side돌솥밥류돌솥영양돌솥밥q1/side_돌솥밥류_돌솥_영양돌솥밥_Q1_00040.JPG</path>
	<source>
		<database>fooddata</database>
	</source>
	<size>
		<width>720</width>
		<height>480</height>
		<depth>3</depth>
	</size>
	<object>
		<name>ref_spoon</name>
		<bndbox>
			<xmin>62</xmin>
			<ymin>114</ymin>
			<xmax>133</xmax>
			<ymax>219</ymax>
		</bndbox>
	</object>
	<object>
		<name>ref_fork</name>
		<bndbox>
			<xmin>154</xmin>
			<ymin>142</ymin>
			<xmax>205</xmax>
			<ymax>253</ymax>
		</bndbox>
	</object>
	<object>
		<name>ref_coin</name>
		<bndbox>
			<xmin>570</xmin>
			<ymin>65</ymin>
			<xmax>617</xmax>
			<ymax>102</ymax>
		</bndbox>
	</object>
	<object>
		<name>dish</name>
		<bndbox>
			<xmin>229</xmin>
			<ymin>86</ymin>
			<xmax>601</xmax>
			<ymax>394</ymax>
		</bndbox>
	</object>
	<object>
		<name>영양돌솥밥</name>
		<bndbox>
			<xmin>305</xmin>
			<ymin>163</ymin>
			<xmax>506</xmax>
			<ymax>293</ymax>
		</bndbox>
	</object>
</annotation>