<annotation>
	<folder>side돌솥밥류영양돌솥밥q1</folder>
	<filename>side_돌솥밥류_돌솥_영양돌솥밥_Q1_00048.JPG</filename>
	<path>/side돌솥밥류돌솥영양돌솥밥q1/side_돌솥밥류_돌솥_영양돌솥밥_Q1_00048.JPG</path>
	<source>
		<database>fooddata</database>
	</source>
	<size>
		<width>720</width>
		<height>480</height>
		<depth>3</depth>
	</size>
	<object>
		<name>ref_spoon</name>
		<bndbox>
			<xmin>134</xmin>
			<ymin>122</ymin>
			<xmax>205</xmax>
			<ymax>222</ymax>
		</bndbox>
	</object>
	<object>
		<name>ref_fork</name>
		<bndbox>
			<xmin>226</xmin>
			<ymin>148</ymin>
			<xmax>276</xmax>
			<ymax>255</ymax>
		</bndbox>
	</object>
	<object>
		<name>ref_coin</name>
		<bndbox>
			<xmin>322</xmin>
			<ymin>47</ymin>
			<xmax>369</xmax>
			<ymax>80</ymax>
		</bndbox>
	</object>
	<object>
		<name>dish</name>
		<bndbox>
			<xmin>296</xmin>
			<ymin>83</ymin>
			<xmax>663</xmax>
			<ymax>383</ymax>
		</bndbox>
	</object>
	<object>
		<name>영양돌솥밥</name>
		<bndbox>
			<xmin>372</xmin>
			<ymin>145</ymin>
			<xmax>585</xmax>
			<ymax>284</ymax>
		</bndbox>
	</object>
</annotation>