<annotation>
	<folder>side돌솥밥류영양돌솥밥q1</folder>
	<filename>side_돌솥밥류_돌솥_영양돌솥밥_Q1_00039.JPG</filename>
	<path>/side돌솥밥류돌솥영양돌솥밥q1/side_돌솥밥류_돌솥_영양돌솥밥_Q1_00039.JPG</path>
	<source>
		<database>fooddata</database>
	</source>
	<size>
		<width>720</width>
		<height>480</height>
		<depth>3</depth>
	</size>
	<object>
		<name>ref_spoon</name>
		<bndbox>
			<xmin>58</xmin>
			<ymin>118</ymin>
			<xmax>132</xmax>
			<ymax>219</ymax>
		</bndbox>
	</object>
	<object>
		<name>ref_fork</name>
		<bndbox>
			<xmin>153</xmin>
			<ymin>146</ymin>
			<xmax>204</xmax>
			<ymax>255</ymax>
		</bndbox>
	</object>
	<object>
		<name>ref_coin</name>
		<bndbox>
			<xmin>597</xmin>
			<ymin>92</ymin>
			<xmax>648</xmax>
			<ymax>128</ymax>
		</bndbox>
	</object>
	<object>
		<name>dish</name>
		<bndbox>
			<xmin>226</xmin>
			<ymin>88</ymin>
			<xmax>599</xmax>
			<ymax>396</ymax>
		</bndbox>
	</object>
	<object>
		<name>영양돌솥밥</name>
		<bndbox>
			<xmin>290</xmin>
			<ymin>141</ymin>
			<xmax>484</xmax>
			<ymax>289</ymax>
		</bndbox>
	</object>
</annotation>