<annotation>
	<folder>side돌솥밥류영양돌솥밥q1</folder>
	<filename>side_돌솥밥류_돌솥_영양돌솥밥_Q1_00009.JPG</filename>
	<path>/side돌솥밥류돌솥영양돌솥밥q1/side_돌솥밥류_돌솥_영양돌솥밥_Q1_00009.JPG</path>
	<source>
		<database>fooddata</database>
	</source>
	<size>
		<width>720</width>
		<height>480</height>
		<depth>3</depth>
	</size>
	<object>
		<name>ref_spoon</name>
		<bndbox>
			<xmin>492</xmin>
			<ymin>76</ymin>
			<xmax>560</xmax>
			<ymax>174</ymax>
		</bndbox>
	</object>
	<object>
		<name>ref_fork</name>
		<bndbox>
			<xmin>603</xmin>
			<ymin>89</ymin>
			<xmax>654</xmax>
			<ymax>203</ymax>
		</bndbox>
	</object>
	<object>
		<name>ref_coin</name>
		<bndbox>
			<xmin>71</xmin>
			<ymin>332</ymin>
			<xmax>129</xmax>
			<ymax>377</ymax>
		</bndbox>
	</object>
	<object>
		<name>dish</name>
		<bndbox>
			<xmin>119</xmin>
			<ymin>28</ymin>
			<xmax>484</xmax>
			<ymax>327</ymax>
		</bndbox>
	</object>
	<object>
		<name>영양돌솥밥</name>
		<bndbox>
			<xmin>251</xmin>
			<ymin>170</ymin>
			<xmax>392</xmax>
			<ymax>229</ymax>
		</bndbox>
	</object>
</annotation>