<annotation>
	<folder>side돌솥밥류영양돌솥밥q1</folder>
	<filename>side_돌솥밥류_돌솥_영양돌솥밥_Q1_00031.JPG</filename>
	<path>/side돌솥밥류돌솥영양돌솥밥q1/side_돌솥밥류_돌솥_영양돌솥밥_Q1_00031.JPG</path>
	<source>
		<database>fooddata</database>
	</source>
	<size>
		<width>720</width>
		<height>480</height>
		<depth>3</depth>
	</size>
	<object>
		<name>ref_spoon</name>
		<bndbox>
			<xmin>85</xmin>
			<ymin>87</ymin>
			<xmax>156</xmax>
			<ymax>187</ymax>
		</bndbox>
	</object>
	<object>
		<name>ref_fork</name>
		<bndbox>
			<xmin>178</xmin>
			<ymin>114</ymin>
			<xmax>230</xmax>
			<ymax>226</ymax>
		</bndbox>
	</object>
	<object>
		<name>ref_coin</name>
		<bndbox>
			<xmin>402</xmin>
			<ymin>418</ymin>
			<xmax>462</xmax>
			<ymax>467</ymax>
		</bndbox>
	</object>
	<object>
		<name>dish</name>
		<bndbox>
			<xmin>250</xmin>
			<ymin>55</ymin>
			<xmax>618</xmax>
			<ymax>358</ymax>
		</bndbox>
	</object>
	<object>
		<name>영양돌솥밥</name>
		<bndbox>
			<xmin>336</xmin>
			<ymin>135</ymin>
			<xmax>530</xmax>
			<ymax>261</ymax>
		</bndbox>
	</object>
</annotation>