<annotation>
	<folder>top돌솥밥류돌솥영양돌솥밥q1</folder>
	<filename>top_돌솥밥류_돌솥_영양돌솥밥_Q1_00005.JPG</filename>
	<path>/top돌솥밥류돌솥영양돌솥밥q1/top_돌솥밥류_돌솥_영양돌솥밥_Q1_00005.JPG</path>
	<source>
		<database>fooddata</database>
	</source>
	<size>
		<width>720</width>
		<height>480</height>
		<depth>3</depth>
	</size>
	<object>
		<name>ref_spoon</name>
		<bndbox>
			<xmin>506</xmin>
			<ymin>80</ymin>
			<xmax>570</xmax>
			<ymax>180</ymax>
		</bndbox>
	</object>
	<object>
		<name>ref_fork</name>
		<bndbox>
			<xmin>581</xmin>
			<ymin>105</ymin>
			<xmax>628</xmax>
			<ymax>213</ymax>
		</bndbox>
	</object>
	<object>
		<name>ref_coin</name>
		<bndbox>
			<xmin>275</xmin>
			<ymin>17</ymin>
			<xmax>320</xmax>
			<ymax>59</ymax>
		</bndbox>
	</object>
	<object>
		<name>dish</name>
		<bndbox>
			<xmin>116</xmin>
			<ymin>99</ymin>
			<xmax>441</xmax>
			<ymax>421</ymax>
		</bndbox>
	</object>
	<object>
		<name>영양돌솥밥</name>
		<bndbox>
			<xmin>196</xmin>
			<ymin>147</ymin>
			<xmax>375</xmax>
			<ymax>281</ymax>
		</bndbox>
	</object>
</annotation>