<annotation>
	<folder>top돌솥밥류돌솥영양돌솥밥q1</folder>
	<filename>top_돌솥밥류_돌솥_영양돌솥밥_Q1_00006.JPG</filename>
	<path>/top돌솥밥류돌솥영양돌솥밥q1/top_돌솥밥류_돌솥_영양돌솥밥_Q1_00006.JPG</path>
	<source>
		<database>fooddata</database>
	</source>
	<size>
		<width>720</width>
		<height>480</height>
		<depth>3</depth>
	</size>
	<object>
		<name>ref_spoon</name>
		<bndbox>
			<xmin>505</xmin>
			<ymin>96</ymin>
			<xmax>561</xmax>
			<ymax>189</ymax>
		</bndbox>
	</object>
	<object>
		<name>ref_fork</name>
		<bndbox>
			<xmin>572</xmin>
			<ymin>118</ymin>
			<xmax>617</xmax>
			<ymax>219</ymax>
		</bndbox>
	</object>
	<object>
		<name>ref_coin</name>
		<bndbox>
			<xmin>253</xmin>
			<ymin>35</ymin>
			<xmax>296</xmax>
			<ymax>73</ymax>
		</bndbox>
	</object>
	<object>
		<name>dish</name>
		<bndbox>
			<xmin>144</xmin>
			<ymin>111</ymin>
			<xmax>445</xmax>
			<ymax>410</ymax>
		</bndbox>
	</object>
	<object>
		<name>영양돌솥밥</name>
		<bndbox>
			<xmin>232</xmin>
			<ymin>149</ymin>
			<xmax>395</xmax>
			<ymax>285</ymax>
		</bndbox>
	</object>
</annotation>