<annotation>
	<folder>top돌솥밥류돌솥영양돌솥밥q1</folder>
	<filename>top_돌솥밥류_돌솥_영양돌솥밥_Q1_00038.JPG</filename>
	<path>/top돌솥밥류돌솥영양돌솥밥q1/top_돌솥밥류_돌솥_영양돌솥밥_Q1_00038.JPG</path>
	<source>
		<database>fooddata</database>
	</source>
	<size>
		<width>720</width>
		<height>480</height>
		<depth>3</depth>
	</size>
	<object>
		<name>ref_spoon</name>
		<bndbox>
			<xmin>165</xmin>
			<ymin>111</ymin>
			<xmax>222</xmax>
			<ymax>210</ymax>
		</bndbox>
	</object>
	<object>
		<name>ref_fork</name>
		<bndbox>
			<xmin>241</xmin>
			<ymin>145</ymin>
			<xmax>282</xmax>
			<ymax>252</ymax>
		</bndbox>
	</object>
	<object>
		<name>ref_coin</name>
		<bndbox>
			<xmin>399</xmin>
			<ymin>30</ymin>
			<xmax>441</xmax>
			<ymax>71</ymax>
		</bndbox>
	</object>
	<object>
		<name>dish</name>
		<bndbox>
			<xmin>290</xmin>
			<ymin>98</ymin>
			<xmax>607</xmax>
			<ymax>412</ymax>
		</bndbox>
	</object>
	<object>
		<name>영양돌솥밥</name>
		<bndbox>
			<xmin>360</xmin>
			<ymin>197</ymin>
			<xmax>567</xmax>
			<ymax>368</ymax>
		</bndbox>
	</object>
</annotation>