<annotation>
	<folder>top돌솥밥류돌솥영양돌솥밥q1</folder>
	<filename>top_돌솥밥류_돌솥_영양돌솥밥_Q1_00045.JPG</filename>
	<path>/top돌솥밥류돌솥영양돌솥밥q1/top_돌솥밥류_돌솥_영양돌솥밥_Q1_00045.JPG</path>
	<source>
		<database>fooddata</database>
	</source>
	<size>
		<width>720</width>
		<height>480</height>
		<depth>3</depth>
	</size>
	<object>
		<name>ref_spoon</name>
		<bndbox>
			<xmin>123</xmin>
			<ymin>92</ymin>
			<xmax>184</xmax>
			<ymax>191</ymax>
		</bndbox>
	</object>
	<object>
		<name>ref_fork</name>
		<bndbox>
			<xmin>202</xmin>
			<ymin>126</ymin>
			<xmax>247</xmax>
			<ymax>233</ymax>
		</bndbox>
	</object>
	<object>
		<name>ref_coin</name>
		<bndbox>
			<xmin>580</xmin>
			<ymin>126</ymin>
			<xmax>625</xmax>
			<ymax>169</ymax>
		</bndbox>
	</object>
	<object>
		<name>dish</name>
		<bndbox>
			<xmin>253</xmin>
			<ymin>74</ymin>
			<xmax>582</xmax>
			<ymax>400</ymax>
		</bndbox>
	</object>
	<object>
		<name>영양돌솥밥</name>
		<bndbox>
			<xmin>297</xmin>
			<ymin>135</ymin>
			<xmax>437</xmax>
			<ymax>347</ymax>
		</bndbox>
	</object>
</annotation>