<annotation>
	<folder>top돌솥밥류돌솥영양돌솥밥q1</folder>
	<filename>top_돌솥밥류_돌솥_영양돌솥밥_Q1_00046.JPG</filename>
	<path>/top돌솥밥류돌솥영양돌솥밥q1/top_돌솥밥류_돌솥_영양돌솥밥_Q1_00046.JPG</path>
	<source>
		<database>fooddata</database>
	</source>
	<size>
		<width>720</width>
		<height>480</height>
		<depth>3</depth>
	</size>
	<object>
		<name>ref_spoon</name>
		<bndbox>
			<xmin>124</xmin>
			<ymin>81</ymin>
			<xmax>186</xmax>
			<ymax>181</ymax>
		</bndbox>
	</object>
	<object>
		<name>ref_fork</name>
		<bndbox>
			<xmin>204</xmin>
			<ymin>117</ymin>
			<xmax>248</xmax>
			<ymax>224</ymax>
		</bndbox>
	</object>
	<object>
		<name>ref_coin</name>
		<bndbox>
			<xmin>592</xmin>
			<ymin>142</ymin>
			<xmax>638</xmax>
			<ymax>187</ymax>
		</bndbox>
	</object>
	<object>
		<name>dish</name>
		<bndbox>
			<xmin>255</xmin>
			<ymin>61</ymin>
			<xmax>585</xmax>
			<ymax>389</ymax>
		</bndbox>
	</object>
	<object>
		<name>영양돌솥밥</name>
		<bndbox>
			<xmin>298</xmin>
			<ymin>123</ymin>
			<xmax>445</xmax>
			<ymax>335</ymax>
		</bndbox>
	</object>
</annotation>