<annotation>
	<folder>top돌솥밥류돌솥영양돌솥밥q1</folder>
	<filename>top_돌솥밥류_돌솥_영양돌솥밥_Q1_00026.JPG</filename>
	<path>/top돌솥밥류돌솥영양돌솥밥q1/top_돌솥밥류_돌솥_영양돌솥밥_Q1_00026.JPG</path>
	<source>
		<database>fooddata</database>
	</source>
	<size>
		<width>720</width>
		<height>480</height>
		<depth>3</depth>
	</size>
	<object>
		<name>ref_spoon</name>
		<bndbox>
			<xmin>182</xmin>
			<ymin>41</ymin>
			<xmax>243</xmax>
			<ymax>142</ymax>
		</bndbox>
	</object>
	<object>
		<name>ref_fork</name>
		<bndbox>
			<xmin>257</xmin>
			<ymin>78</ymin>
			<xmax>301</xmax>
			<ymax>184</ymax>
		</bndbox>
	</object>
	<object>
		<name>ref_coin</name>
		<bndbox>
			<xmin>487</xmin>
			<ymin>382</ymin>
			<xmax>534</xmax>
			<ymax>429</ymax>
		</bndbox>
	</object>
	<object>
		<name>dish</name>
		<bndbox>
			<xmin>312</xmin>
			<ymin>35</ymin>
			<xmax>632</xmax>
			<ymax>350</ymax>
		</bndbox>
	</object>
	<object>
		<name>영양돌솥밥</name>
		<bndbox>
			<xmin>424</xmin>
			<ymin>95</ymin>
			<xmax>579</xmax>
			<ymax>297</ymax>
		</bndbox>
	</object>
</annotation>