<annotation>
	<folder>top돌솥밥류돌솥영양돌솥밥q1</folder>
	<filename>top_돌솥밥류_돌솥_영양돌솥밥_Q1_00034.JPG</filename>
	<path>/top돌솥밥류돌솥영양돌솥밥q1/top_돌솥밥류_돌솥_영양돌솥밥_Q1_00034.JPG</path>
	<source>
		<database>fooddata</database>
	</source>
	<size>
		<width>720</width>
		<height>480</height>
		<depth>3</depth>
	</size>
	<object>
		<name>ref_spoon</name>
		<bndbox>
			<xmin>140</xmin>
			<ymin>72</ymin>
			<xmax>205</xmax>
			<ymax>179</ymax>
		</bndbox>
	</object>
	<object>
		<name>ref_fork</name>
		<bndbox>
			<xmin>221</xmin>
			<ymin>114</ymin>
			<xmax>267</xmax>
			<ymax>231</ymax>
		</bndbox>
	</object>
	<object>
		<name>ref_coin</name>
		<bndbox>
			<xmin>571</xmin>
			<ymin>55</ymin>
			<xmax>620</xmax>
			<ymax>99</ymax>
		</bndbox>
	</object>
	<object>
		<name>dish</name>
		<bndbox>
			<xmin>276</xmin>
			<ymin>65</ymin>
			<xmax>623</xmax>
			<ymax>409</ymax>
		</bndbox>
	</object>
	<object>
		<name>영양돌솥밥</name>
		<bndbox>
			<xmin>395</xmin>
			<ymin>121</ymin>
			<xmax>580</xmax>
			<ymax>316</ymax>
		</bndbox>
	</object>
</annotation>