<annotation>
	<folder>top돌솥밥류돌솥영양돌솥밥q1</folder>
	<filename>top_돌솥밥류_돌솥_영양돌솥밥_Q1_00022.JPG</filename>
	<path>/top돌솥밥류돌솥영양돌솥밥q1/top_돌솥밥류_돌솥_영양돌솥밥_Q1_00022.JPG</path>
	<source>
		<database>fooddata</database>
	</source>
	<size>
		<width>720</width>
		<height>480</height>
		<depth>3</depth>
	</size>
	<object>
		<name>ref_spoon</name>
		<bndbox>
			<xmin>237</xmin>
			<ymin>365</ymin>
			<xmax>318</xmax>
			<ymax>415</ymax>
		</bndbox>
	</object>
	<object>
		<name>ref_fork</name>
		<bndbox>
			<xmin>246</xmin>
			<ymin>313</ymin>
			<xmax>334</xmax>
			<ymax>347</ymax>
		</bndbox>
	</object>
	<object>
		<name>ref_coin</name>
		<bndbox>
			<xmin>318</xmin>
			<ymin>30</ymin>
			<xmax>351</xmax>
			<ymax>62</ymax>
		</bndbox>
	</object>
	<object>
		<name>dish</name>
		<bndbox>
			<xmin>262</xmin>
			<ymin>86</ymin>
			<xmax>503</xmax>
			<ymax>322</ymax>
		</bndbox>
	</object>
	<object>
		<name>영양돌솥밥</name>
		<bndbox>
			<xmin>321</xmin>
			<ymin>119</ymin>
			<xmax>427</xmax>
			<ymax>232</ymax>
		</bndbox>
	</object>
</annotation>