<annotation>
	<folder>my-project-name</folder>
	<filename>side_볶음밥류_낮고큰파스타볼_김치볶음밥_Q2_00036.JPG</filename>
	<path>/side볶음밥류낮고큰파스타볼김치볶음밥q2/side_볶음밥류_낮고큰파스타볼_김치볶음밥_Q2_00036.JPG</path>
	<source>
		<database>fooddata</database>
	</source>
	<size>
		<width>5472</width>
		<height>3648</height>
		<depth>3</depth>
	</size>
	<object>
		<name>ref_spoon</name>
		<bndbox>
			<xmin>420</xmin>
			<ymin>1081</ymin>
			<xmax>960</xmax>
			<ymax>1824</ymax>
		</bndbox>
	</object>
	<object>
		<name>ref_fork</name>
		<bndbox>
			<xmin>1106</xmin>
			<ymin>1106</ymin>
			<xmax>1485</xmax>
			<ymax>1937</ymax>
		</bndbox>
	</object>
	<object>
		<name>ref_coin</name>
		<bndbox>
			<xmin>1203</xmin>
			<ymin>581</ymin>
			<xmax>1614</xmax>
			<ymax>864</ymax>
		</bndbox>
	</object>
	<object>
		<name>dish</name>
		<bndbox>
			<xmin>1558</xmin>
			<ymin>783</ymin>
			<xmax>4770</xmax>
			<ymax>3035</ymax>
		</bndbox>
	</object>
	<object>
		<name>김치볶음밥</name>
		<bndbox>
			<xmin>2454</xmin>
			<ymin>1429</ymin>
			<xmax>4092</xmax>
			<ymax>2857</ymax>
		</bndbox>
	</object>
</annotation>