<annotation>
	<folder>my-project-name</folder>
	<filename>side_볶음밥류_낮고큰파스타볼_김치볶음밥_Q2_00050.JPG</filename>
	<path>/side볶음밥류낮고큰파스타볼김치볶음밥q2/side_볶음밥류_낮고큰파스타볼_김치볶음밥_Q2_00050.JPG</path>
	<source>
		<database>fooddata</database>
	</source>
	<size>
		<width>5472</width>
		<height>3648</height>
		<depth>3</depth>
	</size>
	<object>
		<name>ref_spoon</name>
		<bndbox>
			<xmin>573</xmin>
			<ymin>839</ymin>
			<xmax>1114</xmax>
			<ymax>1598</ymax>
		</bndbox>
	</object>
	<object>
		<name>ref_fork</name>
		<bndbox>
			<xmin>1251</xmin>
			<ymin>872</ymin>
			<xmax>1630</xmax>
			<ymax>1703</ymax>
		</bndbox>
	</object>
	<object>
		<name>ref_coin</name>
		<bndbox>
			<xmin>3987</xmin>
			<ymin>2986</ymin>
			<xmax>4447</xmax>
			<ymax>3357</ymax>
		</bndbox>
	</object>
	<object>
		<name>dish</name>
		<bndbox>
			<xmin>1880</xmin>
			<ymin>412</ymin>
			<xmax>5068</xmax>
			<ymax>2599</ymax>
		</bndbox>
	</object>
	<object>
		<name>김치볶음밥</name>
		<bndbox>
			<xmin>2760</xmin>
			<ymin>1130</ymin>
			<xmax>4326</xmax>
			<ymax>2462</ymax>
		</bndbox>
	</object>
</annotation>