<annotation>
	<folder>my-project-name</folder>
	<filename>side_볶음밥류_낮고큰파스타볼_김치볶음밥_Q2_00035.JPG</filename>
	<path>/side볶음밥류낮고큰파스타볼김치볶음밥q2/side_볶음밥류_낮고큰파스타볼_김치볶음밥_Q2_00035.JPG</path>
	<source>
		<database>fooddata</database>
	</source>
	<size>
		<width>5472</width>
		<height>3648</height>
		<depth>3</depth>
	</size>
	<object>
		<name>ref_spoon</name>
		<bndbox>
			<xmin>460</xmin>
			<ymin>1194</ymin>
			<xmax>985</xmax>
			<ymax>1913</ymax>
		</bndbox>
	</object>
	<object>
		<name>ref_fork</name>
		<bndbox>
			<xmin>1130</xmin>
			<ymin>1227</ymin>
			<xmax>1509</xmax>
			<ymax>2050</ymax>
		</bndbox>
	</object>
	<object>
		<name>ref_coin</name>
		<bndbox>
			<xmin>1630</xmin>
			<ymin>557</ymin>
			<xmax>2026</xmax>
			<ymax>823</ymax>
		</bndbox>
	</object>
	<object>
		<name>dish</name>
		<bndbox>
			<xmin>1582</xmin>
			<ymin>904</ymin>
			<xmax>4778</xmax>
			<ymax>3148</ymax>
		</bndbox>
	</object>
	<object>
		<name>김치볶음밥</name>
		<bndbox>
			<xmin>2260</xmin>
			<ymin>1485</ymin>
			<xmax>4052</xmax>
			<ymax>2946</ymax>
		</bndbox>
	</object>
</annotation>