<annotation>
	<folder>my-project-name</folder>
	<filename>side_볶음밥류_낮고큰파스타볼_김치볶음밥_Q2_00028.JPG</filename>
	<path>/side볶음밥류낮고큰파스타볼김치볶음밥q2/side_볶음밥류_낮고큰파스타볼_김치볶음밥_Q2_00028.JPG</path>
	<source>
		<database>fooddata</database>
	</source>
	<size>
		<width>5472</width>
		<height>3648</height>
		<depth>3</depth>
	</size>
	<object>
		<name>ref_spoon</name>
		<bndbox>
			<xmin>436</xmin>
			<ymin>694</ymin>
			<xmax>968</xmax>
			<ymax>1429</ymax>
		</bndbox>
	</object>
	<object>
		<name>ref_fork</name>
		<bndbox>
			<xmin>1114</xmin>
			<ymin>751</ymin>
			<xmax>1493</xmax>
			<ymax>1574</ymax>
		</bndbox>
	</object>
	<object>
		<name>ref_coin</name>
		<bndbox>
			<xmin>4512</xmin>
			<ymin>2534</ymin>
			<xmax>4947</xmax>
			<ymax>2865</ymax>
		</bndbox>
	</object>
	<object>
		<name>dish</name>
		<bndbox>
			<xmin>1574</xmin>
			<ymin>420</ymin>
			<xmax>4754</xmax>
			<ymax>2639</ymax>
		</bndbox>
	</object>
	<object>
		<name>김치볶음밥</name>
		<bndbox>
			<xmin>2502</xmin>
			<ymin>1219</ymin>
			<xmax>4148</xmax>
			<ymax>2470</ymax>
		</bndbox>
	</object>
</annotation>