<annotation>
	<folder>my-project-name</folder>
	<filename>side_볶음밥류_낮고큰파스타볼_김치볶음밥_Q2_00043.JPG</filename>
	<path>/side볶음밥류낮고큰파스타볼김치볶음밥q2/side_볶음밥류_낮고큰파스타볼_김치볶음밥_Q2_00043.JPG</path>
	<source>
		<database>fooddata</database>
	</source>
	<size>
		<width>5472</width>
		<height>3648</height>
		<depth>3</depth>
	</size>
	<object>
		<name>ref_spoon</name>
		<bndbox>
			<xmin>258</xmin>
			<ymin>823</ymin>
			<xmax>807</xmax>
			<ymax>1566</ymax>
		</bndbox>
	</object>
	<object>
		<name>ref_fork</name>
		<bndbox>
			<xmin>944</xmin>
			<ymin>856</ymin>
			<xmax>1340</xmax>
			<ymax>1679</ymax>
		</bndbox>
	</object>
	<object>
		<name>ref_coin</name>
		<bndbox>
			<xmin>4584</xmin>
			<ymin>404</ymin>
			<xmax>4996</xmax>
			<ymax>670</ymax>
		</bndbox>
	</object>
	<object>
		<name>dish</name>
		<bndbox>
			<xmin>1582</xmin>
			<ymin>395</ymin>
			<xmax>4786</xmax>
			<ymax>2575</ymax>
		</bndbox>
	</object>
	<object>
		<name>김치볶음밥</name>
		<bndbox>
			<xmin>2211</xmin>
			<ymin>1017</ymin>
			<xmax>4035</xmax>
			<ymax>2413</ymax>
		</bndbox>
	</object>
</annotation>