<annotation>
	<folder>my-project-name</folder>
	<filename>side_볶음밥류_낮고큰파스타볼_김치볶음밥_Q2_00021.JPG</filename>
	<path>/side볶음밥류낮고큰파스타볼김치볶음밥q2/side_볶음밥류_낮고큰파스타볼_김치볶음밥_Q2_00021.JPG</path>
	<source>
		<database>fooddata</database>
	</source>
	<size>
		<width>5472</width>
		<height>3648</height>
		<depth>3</depth>
	</size>
	<object>
		<name>ref_spoon</name>
		<bndbox>
			<xmin>1348</xmin>
			<ymin>3083</ymin>
			<xmax>2187</xmax>
			<ymax>3511</ymax>
		</bndbox>
	</object>
	<object>
		<name>ref_fork</name>
		<bndbox>
			<xmin>1332</xmin>
			<ymin>2631</ymin>
			<xmax>2219</xmax>
			<ymax>2970</ymax>
		</bndbox>
	</object>
	<object>
		<name>ref_coin</name>
		<bndbox>
			<xmin>718</xmin>
			<ymin>1445</ymin>
			<xmax>1081</xmax>
			<ymax>1687</ymax>
		</bndbox>
	</object>
	<object>
		<name>dish</name>
		<bndbox>
			<xmin>1461</xmin>
			<ymin>589</ymin>
			<xmax>4132</xmax>
			<ymax>2397</ymax>
		</bndbox>
	</object>
	<object>
		<name>김치볶음밥</name>
		<bndbox>
			<xmin>1985</xmin>
			<ymin>1275</ymin>
			<xmax>3487</xmax>
			<ymax>2276</ymax>
		</bndbox>
	</object>
</annotation>