<annotation>
	<folder>my-project-name</folder>
	<filename>side_볶음밥류_낮고큰파스타볼_김치볶음밥_Q2_00037.JPG</filename>
	<path>/side볶음밥류낮고큰파스타볼김치볶음밥q2/side_볶음밥류_낮고큰파스타볼_김치볶음밥_Q2_00037.JPG</path>
	<source>
		<database>fooddata</database>
	</source>
	<size>
		<width>5472</width>
		<height>3648</height>
		<depth>3</depth>
	</size>
	<object>
		<name>ref_spoon</name>
		<bndbox>
			<xmin>517</xmin>
			<ymin>581</ymin>
			<xmax>1025</xmax>
			<ymax>1275</ymax>
		</bndbox>
	</object>
	<object>
		<name>ref_fork</name>
		<bndbox>
			<xmin>1162</xmin>
			<ymin>630</ymin>
			<xmax>1525</xmax>
			<ymax>1412</ymax>
		</bndbox>
	</object>
	<object>
		<name>ref_coin</name>
		<bndbox>
			<xmin>3164</xmin>
			<ymin>2970</ymin>
			<xmax>3583</xmax>
			<ymax>3333</ymax>
		</bndbox>
	</object>
	<object>
		<name>dish</name>
		<bndbox>
			<xmin>1590</xmin>
			<ymin>299</ymin>
			<xmax>4600</xmax>
			<ymax>2397</ymax>
		</bndbox>
	</object>
	<object>
		<name>김치볶음밥</name>
		<bndbox>
			<xmin>2389</xmin>
			<ymin>936</ymin>
			<xmax>3914</xmax>
			<ymax>2236</ymax>
		</bndbox>
	</object>
</annotation>