<annotation>
	<folder>my-project-name</folder>
	<filename>side_볶음밥류_낮고큰파스타볼_김치볶음밥_Q2_00044.JPG</filename>
	<path>/side볶음밥류낮고큰파스타볼김치볶음밥q2/side_볶음밥류_낮고큰파스타볼_김치볶음밥_Q2_00044.JPG</path>
	<source>
		<database>fooddata</database>
	</source>
	<size>
		<width>5472</width>
		<height>3648</height>
		<depth>3</depth>
	</size>
	<object>
		<name>ref_spoon</name>
		<bndbox>
			<xmin>186</xmin>
			<ymin>1033</ymin>
			<xmax>734</xmax>
			<ymax>1776</ymax>
		</bndbox>
	</object>
	<object>
		<name>ref_fork</name>
		<bndbox>
			<xmin>872</xmin>
			<ymin>1081</ymin>
			<xmax>1267</xmax>
			<ymax>1897</ymax>
		</bndbox>
	</object>
	<object>
		<name>ref_coin</name>
		<bndbox>
			<xmin>3616</xmin>
			<ymin>363</ymin>
			<xmax>3987</xmax>
			<ymax>621</ymax>
		</bndbox>
	</object>
	<object>
		<name>dish</name>
		<bndbox>
			<xmin>1509</xmin>
			<ymin>638</ymin>
			<xmax>4721</xmax>
			<ymax>2809</ymax>
		</bndbox>
	</object>
	<object>
		<name>김치볶음밥</name>
		<bndbox>
			<xmin>2131</xmin>
			<ymin>1251</ymin>
			<xmax>3979</xmax>
			<ymax>2558</ymax>
		</bndbox>
	</object>
</annotation>