<annotation>
	<folder>my-project-name</folder>
	<filename>side_볶음밥류_낮고큰파스타볼_김치볶음밥_Q2_00006.JPG</filename>
	<path>/side볶음밥류낮고큰파스타볼김치볶음밥q2/side_볶음밥류_낮고큰파스타볼_김치볶음밥_Q2_00006.JPG</path>
	<source>
		<database>fooddata</database>
	</source>
	<size>
		<width>5472</width>
		<height>3648</height>
		<depth>3</depth>
	</size>
	<object>
		<name>ref_spoon</name>
		<bndbox>
			<xmin>3930</xmin>
			<ymin>759</ymin>
			<xmax>4455</xmax>
			<ymax>1493</ymax>
		</bndbox>
	</object>
	<object>
		<name>ref_fork</name>
		<bndbox>
			<xmin>4705</xmin>
			<ymin>791</ymin>
			<xmax>5093</xmax>
			<ymax>1598</ymax>
		</bndbox>
	</object>
	<object>
		<name>ref_coin</name>
		<bndbox>
			<xmin>178</xmin>
			<ymin>2131</ymin>
			<xmax>630</xmax>
			<ymax>2470</ymax>
		</bndbox>
	</object>
	<object>
		<name>dish</name>
		<bndbox>
			<xmin>670</xmin>
			<ymin>347</ymin>
			<xmax>3809</xmax>
			<ymax>2494</ymax>
		</bndbox>
	</object>
	<object>
		<name>김치볶음밥</name>
		<bndbox>
			<xmin>1558</xmin>
			<ymin>1267</ymin>
			<xmax>3212</xmax>
			<ymax>2341</ymax>
		</bndbox>
	</object>
</annotation>