<annotation>
	<folder>my-project-name</folder>
	<filename>side_볶음밥류_낮고큰파스타볼_김치볶음밥_Q2_00011.JPG</filename>
	<path>/side볶음밥류낮고큰파스타볼김치볶음밥q2/side_볶음밥류_낮고큰파스타볼_김치볶음밥_Q2_00011.JPG</path>
	<source>
		<database>fooddata</database>
	</source>
	<size>
		<width>5472</width>
		<height>3648</height>
		<depth>3</depth>
	</size>
	<object>
		<name>ref_spoon</name>
		<bndbox>
			<xmin>3721</xmin>
			<ymin>1146</ymin>
			<xmax>4253</xmax>
			<ymax>1848</ymax>
		</bndbox>
	</object>
	<object>
		<name>ref_fork</name>
		<bndbox>
			<xmin>4536</xmin>
			<ymin>1138</ymin>
			<xmax>4972</xmax>
			<ymax>1929</ymax>
		</bndbox>
	</object>
	<object>
		<name>ref_coin</name>
		<bndbox>
			<xmin>3148</xmin>
			<ymin>726</ymin>
			<xmax>3527</xmax>
			<ymax>993</ymax>
		</bndbox>
	</object>
	<object>
		<name>dish</name>
		<bndbox>
			<xmin>420</xmin>
			<ymin>767</ymin>
			<xmax>3551</xmax>
			<ymax>2938</ymax>
		</bndbox>
	</object>
	<object>
		<name>김치볶음밥</name>
		<bndbox>
			<xmin>1057</xmin>
			<ymin>1453</ymin>
			<xmax>2680</xmax>
			<ymax>2647</ymax>
		</bndbox>
	</object>
</annotation>