<annotation>
	<folder>top볶음밥류낮고큰파스타볼김치볶음밥q2</folder>
	<filename>top_볶음밥류_낮고큰파스타볼_김치볶음밥_Q2_00027.JPG</filename>
	<path>/top볶음밥류낮고큰파스타볼김치볶음밥q2/top_볶음밥류_낮고큰파스타볼_김치볶음밥_Q2_00027.JPG</path>
	<source>
		<database>fooddata</database>
	</source>
	<size>
		<width>5472</width>
		<height>3648</height>
		<depth>3</depth>
	</size>
	<object>
		<name>ref_spoon</name>
		<bndbox>
			<xmin>1045</xmin>
			<ymin>811</ymin>
			<xmax>1520</xmax>
			<ymax>1520</ymax>
		</bndbox>
	</object>
	<object>
		<name>ref_fork</name>
		<bndbox>
			<xmin>1699</xmin>
			<ymin>826</ymin>
			<xmax>2034</xmax>
			<ymax>1621</ymax>
		</bndbox>
	</object>
	<object>
		<name>ref_coin</name>
		<bndbox>
			<xmin>4794</xmin>
			<ymin>2502</ymin>
			<xmax>5129</xmax>
			<ymax>2837</ymax>
		</bndbox>
	</object>
	<object>
		<name>dish</name>
		<bndbox>
			<xmin>2097</xmin>
			<ymin>304</ymin>
			<xmax>4880</xmax>
			<ymax>3063</ymax>
		</bndbox>
	</object>
	<object>
		<name>김치볶음밥</name>
		<bndbox>
			<xmin>2736</xmin>
			<ymin>1060</ymin>
			<xmax>4178</xmax>
			<ymax>2276</ymax>
		</bndbox>
	</object>
</annotation>