<annotation>
	<folder>top볶음밥류낮고큰파스타볼김치볶음밥q2</folder>
	<filename>top_볶음밥류_낮고큰파스타볼_김치볶음밥_Q2_00020.JPG</filename>
	<path>/top볶음밥류낮고큰파스타볼김치볶음밥q2/top_볶음밥류_낮고큰파스타볼_김치볶음밥_Q2_00020.JPG</path>
	<source>
		<database>fooddata</database>
	</source>
	<size>
		<width>5472</width>
		<height>3648</height>
		<depth>3</depth>
	</size>
	<object>
		<name>ref_spoon</name>
		<bndbox>
			<xmin>2019</xmin>
			<ymin>3056</ymin>
			<xmax>2744</xmax>
			<ymax>3531</ymax>
		</bndbox>
	</object>
	<object>
		<name>ref_fork</name>
		<bndbox>
			<xmin>2050</xmin>
			<ymin>2619</ymin>
			<xmax>2822</xmax>
			<ymax>2931</ymax>
		</bndbox>
	</object>
	<object>
		<name>ref_coin</name>
		<bndbox>
			<xmin>1676</xmin>
			<ymin>265</ymin>
			<xmax>1957</xmax>
			<ymax>538</ymax>
		</bndbox>
	</object>
	<object>
		<name>dish</name>
		<bndbox>
			<xmin>1941</xmin>
			<ymin>164</ymin>
			<xmax>4513</xmax>
			<ymax>2681</ymax>
		</bndbox>
	</object>
	<object>
		<name>김치볶음밥</name>
		<bndbox>
			<xmin>2487</xmin>
			<ymin>889</ymin>
			<xmax>3679</xmax>
			<ymax>2159</ymax>
		</bndbox>
	</object>
</annotation>