<annotation>
	<folder>top볶음밥류낮고큰파스타볼김치볶음밥q2</folder>
	<filename>top_볶음밥류_낮고큰파스타볼_김치볶음밥_Q2_00043.JPG</filename>
	<path>/top볶음밥류낮고큰파스타볼김치볶음밥q2/top_볶음밥류_낮고큰파스타볼_김치볶음밥_Q2_00043.JPG</path>
	<source>
		<database>fooddata</database>
	</source>
	<size>
		<width>5472</width>
		<height>3648</height>
		<depth>3</depth>
	</size>
	<object>
		<name>ref_spoon</name>
		<bndbox>
			<xmin>1122</xmin>
			<ymin>655</ymin>
			<xmax>1567</xmax>
			<ymax>1341</ymax>
		</bndbox>
	</object>
	<object>
		<name>ref_fork</name>
		<bndbox>
			<xmin>1762</xmin>
			<ymin>678</ymin>
			<xmax>2066</xmax>
			<ymax>1442</ymax>
		</bndbox>
	</object>
	<object>
		<name>ref_coin</name>
		<bndbox>
			<xmin>3313</xmin>
			<ymin>3040</ymin>
			<xmax>3640</xmax>
			<ymax>3375</ymax>
		</bndbox>
	</object>
	<object>
		<name>dish</name>
		<bndbox>
			<xmin>2120</xmin>
			<ymin>203</ymin>
			<xmax>4794</xmax>
			<ymax>2822</ymax>
		</bndbox>
	</object>
	<object>
		<name>김치볶음밥</name>
		<bndbox>
			<xmin>2580</xmin>
			<ymin>1006</ymin>
			<xmax>4155</xmax>
			<ymax>2346</ymax>
		</bndbox>
	</object>
</annotation>