<annotation>
	<folder>top볶음밥류낮고큰파스타볼김치볶음밥q2</folder>
	<filename>top_볶음밥류_낮고큰파스타볼_김치볶음밥_Q2_00033.JPG</filename>
	<path>/top볶음밥류낮고큰파스타볼김치볶음밥q2/top_볶음밥류_낮고큰파스타볼_김치볶음밥_Q2_00033.JPG</path>
	<source>
		<database>fooddata</database>
	</source>
	<size>
		<width>5472</width>
		<height>3648</height>
		<depth>3</depth>
	</size>
	<object>
		<name>ref_spoon</name>
		<bndbox>
			<xmin>951</xmin>
			<ymin>889</ymin>
			<xmax>1450</xmax>
			<ymax>1629</ymax>
		</bndbox>
	</object>
	<object>
		<name>ref_fork</name>
		<bndbox>
			<xmin>1629</xmin>
			<ymin>943</ymin>
			<xmax>1941</xmax>
			<ymax>1754</ymax>
		</bndbox>
	</object>
	<object>
		<name>ref_coin</name>
		<bndbox>
			<xmin>3788</xmin>
			<ymin>171</ymin>
			<xmax>4100</xmax>
			<ymax>475</ymax>
		</bndbox>
	</object>
	<object>
		<name>dish</name>
		<bndbox>
			<xmin>1964</xmin>
			<ymin>514</ymin>
			<xmax>4817</xmax>
			<ymax>3352</ymax>
		</bndbox>
	</object>
	<object>
		<name>김치볶음밥</name>
		<bndbox>
			<xmin>2487</xmin>
			<ymin>1411</ymin>
			<xmax>3952</xmax>
			<ymax>2783</ymax>
		</bndbox>
	</object>
</annotation>