<annotation>
	<folder>top볶음밥류낮고큰파스타볼김치볶음밥q2</folder>
	<filename>top_볶음밥류_낮고큰파스타볼_김치볶음밥_Q2_00018.JPG</filename>
	<path>/top볶음밥류낮고큰파스타볼김치볶음밥q2/top_볶음밥류_낮고큰파스타볼_김치볶음밥_Q2_00018.JPG</path>
	<source>
		<database>fooddata</database>
	</source>
	<size>
		<width>5472</width>
		<height>3648</height>
		<depth>3</depth>
	</size>
	<object>
		<name>ref_spoon</name>
		<bndbox>
			<xmin>1863</xmin>
			<ymin>2985</ymin>
			<xmax>2565</xmax>
			<ymax>3430</ymax>
		</bndbox>
	</object>
	<object>
		<name>ref_fork</name>
		<bndbox>
			<xmin>1879</xmin>
			<ymin>2549</ymin>
			<xmax>2627</xmax>
			<ymax>2861</ymax>
		</bndbox>
	</object>
	<object>
		<name>ref_coin</name>
		<bndbox>
			<xmin>3968</xmin>
			<ymin>1871</ymin>
			<xmax>4272</xmax>
			<ymax>2167</ymax>
		</bndbox>
	</object>
	<object>
		<name>dish</name>
		<bndbox>
			<xmin>1637</xmin>
			<ymin>156</ymin>
			<xmax>4092</xmax>
			<ymax>2549</ymax>
		</bndbox>
	</object>
	<object>
		<name>김치볶음밥</name>
		<bndbox>
			<xmin>2128</xmin>
			<ymin>709</ymin>
			<xmax>3375</xmax>
			<ymax>1995</ymax>
		</bndbox>
	</object>
</annotation>