<annotation>
	<folder>top볶음밥류낮고큰파스타볼김치볶음밥q2</folder>
	<filename>top_볶음밥류_낮고큰파스타볼_김치볶음밥_Q2_00010.JPG</filename>
	<path>/top볶음밥류낮고큰파스타볼김치볶음밥q2/top_볶음밥류_낮고큰파스타볼_김치볶음밥_Q2_00010.JPG</path>
	<source>
		<database>fooddata</database>
	</source>
	<size>
		<width>5472</width>
		<height>3648</height>
		<depth>3</depth>
	</size>
	<object>
		<name>ref_spoon</name>
		<bndbox>
			<xmin>4201</xmin>
			<ymin>826</ymin>
			<xmax>4661</xmax>
			<ymax>1590</ymax>
		</bndbox>
	</object>
	<object>
		<name>ref_fork</name>
		<bndbox>
			<xmin>4817</xmin>
			<ymin>818</ymin>
			<xmax>5145</xmax>
			<ymax>1606</ymax>
		</bndbox>
	</object>
	<object>
		<name>ref_coin</name>
		<bndbox>
			<xmin>3547</xmin>
			<ymin>452</ymin>
			<xmax>3858</xmax>
			<ymax>756</ymax>
		</bndbox>
	</object>
	<object>
		<name>dish</name>
		<bndbox>
			<xmin>1286</xmin>
			<ymin>569</ymin>
			<xmax>4123</xmax>
			<ymax>3391</ymax>
		</bndbox>
	</object>
	<object>
		<name>김치볶음밥</name>
		<bndbox>
			<xmin>2042</xmin>
			<ymin>1349</ymin>
			<xmax>3547</xmax>
			<ymax>2596</ymax>
		</bndbox>
	</object>
</annotation>