<annotation>
	<folder>top볶음밥류낮고큰파스타볼김치볶음밥q2</folder>
	<filename>top_볶음밥류_낮고큰파스타볼_김치볶음밥_Q2_00050.JPG</filename>
	<path>/top볶음밥류낮고큰파스타볼김치볶음밥q2/top_볶음밥류_낮고큰파스타볼_김치볶음밥_Q2_00050.JPG</path>
	<source>
		<database>fooddata</database>
	</source>
	<size>
		<width>5472</width>
		<height>3648</height>
		<depth>3</depth>
	</size>
	<object>
		<name>ref_spoon</name>
		<bndbox>
			<xmin>366</xmin>
			<ymin>499</ymin>
			<xmax>896</xmax>
			<ymax>1310</ymax>
		</bndbox>
	</object>
	<object>
		<name>ref_fork</name>
		<bndbox>
			<xmin>1107</xmin>
			<ymin>546</ymin>
			<xmax>1465</xmax>
			<ymax>1403</ymax>
		</bndbox>
	</object>
	<object>
		<name>ref_coin</name>
		<bndbox>
			<xmin>4981</xmin>
			<ymin>1465</ymin>
			<xmax>5332</xmax>
			<ymax>1816</ymax>
		</bndbox>
	</object>
	<object>
		<name>dish</name>
		<bndbox>
			<xmin>1489</xmin>
			<ymin>23</ymin>
			<xmax>4537</xmax>
			<ymax>3024</ymax>
		</bndbox>
	</object>
	<object>
		<name>김치볶음밥</name>
		<bndbox>
			<xmin>1980</xmin>
			<ymin>811</ymin>
			<xmax>3531</xmax>
			<ymax>2479</ymax>
		</bndbox>
	</object>
</annotation>