<annotation>
	<folder>side건더기국류전골냄비부대찌개q1</folder>
	<filename>side_건더기국류_전골냄비_부대찌개_Q1_00005.JPG</filename>
	<path>/side건더기국류전골냄비부대찌개q1/side_건더기국류_전골냄비_부대찌개_Q1_00005.JPG</path>
	<source>
		<database>fooddata</database>
	</source>
	<size>
		<width>3008</width>
		<height>2000</height>
		<depth>3</depth>
	</size>
	<object>
		<name>ref_spoon</name>
		<bndbox>
			<xmin>2300</xmin>
			<ymin>851</ymin>
			<xmax>2572</xmax>
			<ymax>1295</ymax>
		</bndbox>
	</object>
	<object>
		<name>ref_fork</name>
		<bndbox>
			<xmin>2679</xmin>
			<ymin>869</ymin>
			<xmax>2867</xmax>
			<ymax>1386</ymax>
		</bndbox>
	</object>
	<object>
		<name>ref_coin</name>
		<bndbox>
			<xmin>355</xmin>
			<ymin>559</ymin>
			<xmax>541</xmax>
			<ymax>692</ymax>
		</bndbox>
	</object>
	<object>
		<name>dish</name>
		<bndbox>
			<xmin>483</xmin>
			<ymin>708</ymin>
			<xmax>1919</xmax>
			<ymax>1862</ymax>
		</bndbox>
	</object>
	<object>
		<name>부대찌개</name>
		<bndbox>
			<xmin>710</xmin>
			<ymin>1112</ymin>
			<xmax>1705</xmax>
			<ymax>1721</ymax>
		</bndbox>
	</object>
</annotation>