<annotation>
	<folder>side건더기국류전골냄비부대찌개q1</folder>
	<filename>side_건더기국류_전골냄비_부대찌개_Q1_00044.JPG</filename>
	<path>/side건더기국류전골냄비부대찌개q1/side_건더기국류_전골냄비_부대찌개_Q1_00044.JPG</path>
	<source>
		<database>fooddata</database>
	</source>
	<size>
		<width>3008</width>
		<height>2000</height>
		<depth>3</depth>
	</size>
	<object>
		<name>ref_spoon</name>
		<bndbox>
			<xmin>246</xmin>
			<ymin>493</ymin>
			<xmax>530</xmax>
			<ymax>990</ymax>
		</bndbox>
	</object>
	<object>
		<name>ref_fork</name>
		<bndbox>
			<xmin>624</xmin>
			<ymin>462</ymin>
			<xmax>817</xmax>
			<ymax>1003</ymax>
		</bndbox>
	</object>
	<object>
		<name>ref_coin</name>
		<bndbox>
			<xmin>2527</xmin>
			<ymin>1316</ymin>
			<xmax>2749</xmax>
			<ymax>1496</ymax>
		</bndbox>
	</object>
	<object>
		<name>dish</name>
		<bndbox>
			<xmin>890</xmin>
			<ymin>305</ymin>
			<xmax>2376</xmax>
			<ymax>1473</ymax>
		</bndbox>
	</object>
	<object>
		<name>부대찌개</name>
		<bndbox>
			<xmin>1107</xmin>
			<ymin>757</ymin>
			<xmax>2136</xmax>
			<ymax>1303</ymax>
		</bndbox>
	</object>
</annotation>