<annotation>
	<folder>side건더기국류전골냄비부대찌개q1</folder>
	<filename>side_건더기국류_전골냄비_부대찌개_Q1_00022.JPG</filename>
	<path>/side건더기국류전골냄비부대찌개q1/side_건더기국류_전골냄비_부대찌개_Q1_00022.JPG</path>
	<source>
		<database>fooddata</database>
	</source>
	<size>
		<width>3008</width>
		<height>2000</height>
		<depth>3</depth>
	</size>
	<object>
		<name>ref_spoon</name>
		<bndbox>
			<xmin>313</xmin>
			<ymin>1559</ymin>
			<xmax>888</xmax>
			<ymax>1812</ymax>
		</bndbox>
	</object>
	<object>
		<name>ref_fork</name>
		<bndbox>
			<xmin>410</xmin>
			<ymin>1287</ymin>
			<xmax>1013</xmax>
			<ymax>1527</ymax>
		</bndbox>
	</object>
	<object>
		<name>ref_coin</name>
		<bndbox>
			<xmin>2084</xmin>
			<ymin>136</ymin>
			<xmax>2264</xmax>
			<ymax>261</ymax>
		</bndbox>
	</object>
	<object>
		<name>dish</name>
		<bndbox>
			<xmin>796</xmin>
			<ymin>117</ymin>
			<xmax>2120</xmax>
			<ymax>1141</ymax>
		</bndbox>
	</object>
	<object>
		<name>부대찌개</name>
		<bndbox>
			<xmin>932</xmin>
			<ymin>517</ymin>
			<xmax>1896</xmax>
			<ymax>982</ymax>
		</bndbox>
	</object>
</annotation>