<annotation>
	<folder>side건더기국류전골냄비부대찌개q1</folder>
	<filename>side_건더기국류_전골냄비_부대찌개_Q1_00014.JPG</filename>
	<path>/side건더기국류전골냄비부대찌개q1/side_건더기국류_전골냄비_부대찌개_Q1_00014.JPG</path>
	<source>
		<database>fooddata</database>
	</source>
	<size>
		<width>3008</width>
		<height>2000</height>
		<depth>3</depth>
	</size>
	<object>
		<name>ref_spoon</name>
		<bndbox>
			<xmin>2251</xmin>
			<ymin>681</ymin>
			<xmax>2522</xmax>
			<ymax>1157</ymax>
		</bndbox>
	</object>
	<object>
		<name>ref_fork</name>
		<bndbox>
			<xmin>2635</xmin>
			<ymin>708</ymin>
			<xmax>2823</xmax>
			<ymax>1206</ymax>
		</bndbox>
	</object>
	<object>
		<name>ref_coin</name>
		<bndbox>
			<xmin>1405</xmin>
			<ymin>230</ymin>
			<xmax>1590</xmax>
			<ymax>360</ymax>
		</bndbox>
	</object>
	<object>
		<name>dish</name>
		<bndbox>
			<xmin>368</xmin>
			<ymin>522</ymin>
			<xmax>1802</xmax>
			<ymax>1674</ymax>
		</bndbox>
	</object>
	<object>
		<name>부대찌개</name>
		<bndbox>
			<xmin>593</xmin>
			<ymin>927</ymin>
			<xmax>1585</xmax>
			<ymax>1522</ymax>
		</bndbox>
	</object>
</annotation>