<annotation>
	<folder>side건더기국류전골냄비부대찌개q1</folder>
	<filename>side_건더기국류_전골냄비_부대찌개_Q1_00048.JPG</filename>
	<path>/side건더기국류전골냄비부대찌개q1/side_건더기국류_전골냄비_부대찌개_Q1_00048.JPG</path>
	<source>
		<database>fooddata</database>
	</source>
	<size>
		<width>3008</width>
		<height>2000</height>
		<depth>3</depth>
	</size>
	<object>
		<name>ref_spoon</name>
		<bndbox>
			<xmin>141</xmin>
			<ymin>473</ymin>
			<xmax>420</xmax>
			<ymax>956</ymax>
		</bndbox>
	</object>
	<object>
		<name>ref_fork</name>
		<bndbox>
			<xmin>522</xmin>
			<ymin>431</ymin>
			<xmax>713</xmax>
			<ymax>961</ymax>
		</bndbox>
	</object>
	<object>
		<name>ref_coin</name>
		<bndbox>
			<xmin>2232</xmin>
			<ymin>405</ymin>
			<xmax>2441</xmax>
			<ymax>554</ymax>
		</bndbox>
	</object>
	<object>
		<name>dish</name>
		<bndbox>
			<xmin>786</xmin>
			<ymin>225</ymin>
			<xmax>2272</xmax>
			<ymax>1392</ymax>
		</bndbox>
	</object>
	<object>
		<name>부대찌개</name>
		<bndbox>
			<xmin>1076</xmin>
			<ymin>548</ymin>
			<xmax>2073</xmax>
			<ymax>1225</ymax>
		</bndbox>
	</object>
</annotation>