<annotation>
	<folder>side건더기국류전골냄비부대찌개q1</folder>
	<filename>side_건더기국류_전골냄비_부대찌개_Q1_00038.JPG</filename>
	<path>/side건더기국류전골냄비부대찌개q1/side_건더기국류_전골냄비_부대찌개_Q1_00038.JPG</path>
	<source>
		<database>fooddata</database>
	</source>
	<size>
		<width>3008</width>
		<height>2000</height>
		<depth>3</depth>
	</size>
	<object>
		<name>ref_spoon</name>
		<bndbox>
			<xmin>225</xmin>
			<ymin>681</ymin>
			<xmax>509</xmax>
			<ymax>1159</ymax>
		</bndbox>
	</object>
	<object>
		<name>ref_fork</name>
		<bndbox>
			<xmin>601</xmin>
			<ymin>668</ymin>
			<xmax>802</xmax>
			<ymax>1206</ymax>
		</bndbox>
	</object>
	<object>
		<name>ref_coin</name>
		<bndbox>
			<xmin>2347</xmin>
			<ymin>507</ymin>
			<xmax>2546</xmax>
			<ymax>648</ymax>
		</bndbox>
	</object>
	<object>
		<name>dish</name>
		<bndbox>
			<xmin>864</xmin>
			<ymin>548</ymin>
			<xmax>2379</xmax>
			<ymax>1742</ymax>
		</bndbox>
	</object>
	<object>
		<name>부대찌개</name>
		<bndbox>
			<xmin>1115</xmin>
			<ymin>922</ymin>
			<xmax>2175</xmax>
			<ymax>1577</ymax>
		</bndbox>
	</object>
</annotation>