<annotation>
	<folder>side건더기국류전골냄비부대찌개q1</folder>
	<filename>side_건더기국류_전골냄비_부대찌개_Q1_00002.JPG</filename>
	<path>/side건더기국류전골냄비부대찌개q1/side_건더기국류_전골냄비_부대찌개_Q1_00002.JPG</path>
	<source>
		<database>fooddata</database>
	</source>
	<size>
		<width>3008</width>
		<height>2000</height>
		<depth>3</depth>
	</size>
	<object>
		<name>ref_spoon</name>
		<bndbox>
			<xmin>2206</xmin>
			<ymin>762</ymin>
			<xmax>2473</xmax>
			<ymax>1211</ymax>
		</bndbox>
	</object>
	<object>
		<name>ref_fork</name>
		<bndbox>
			<xmin>2569</xmin>
			<ymin>802</ymin>
			<xmax>2755</xmax>
			<ymax>1282</ymax>
		</bndbox>
	</object>
	<object>
		<name>ref_coin</name>
		<bndbox>
			<xmin>1739</xmin>
			<ymin>493</ymin>
			<xmax>1924</xmax>
			<ymax>621</ymax>
		</bndbox>
	</object>
	<object>
		<name>dish</name>
		<bndbox>
			<xmin>428</xmin>
			<ymin>533</ymin>
			<xmax>1830</xmax>
			<ymax>1611</ymax>
		</bndbox>
	</object>
	<object>
		<name>부대찌개</name>
		<bndbox>
			<xmin>653</xmin>
			<ymin>924</ymin>
			<xmax>1632</xmax>
			<ymax>1457</ymax>
		</bndbox>
	</object>
</annotation>