<annotation>
	<folder>side건더기국류전골냄비부대찌개q1</folder>
	<filename>side_건더기국류_전골냄비_부대찌개_Q1_00029.JPG</filename>
	<path>/side건더기국류전골냄비부대찌개q1/side_건더기국류_전골냄비_부대찌개_Q1_00029.JPG</path>
	<source>
		<database>fooddata</database>
	</source>
	<size>
		<width>3008</width>
		<height>2000</height>
		<depth>3</depth>
	</size>
	<object>
		<name>ref_spoon</name>
		<bndbox>
			<xmin>509</xmin>
			<ymin>1389</ymin>
			<xmax>1086</xmax>
			<ymax>1653</ymax>
		</bndbox>
	</object>
	<object>
		<name>ref_fork</name>
		<bndbox>
			<xmin>616</xmin>
			<ymin>1133</ymin>
			<xmax>1212</xmax>
			<ymax>1379</ymax>
		</bndbox>
	</object>
	<object>
		<name>ref_coin</name>
		<bndbox>
			<xmin>1052</xmin>
			<ymin>1770</ymin>
			<xmax>1274</xmax>
			<ymax>1937</ymax>
		</bndbox>
	</object>
	<object>
		<name>dish</name>
		<bndbox>
			<xmin>1063</xmin>
			<ymin>107</ymin>
			<xmax>2366</xmax>
			<ymax>1112</ymax>
		</bndbox>
	</object>
	<object>
		<name>부대찌개</name>
		<bndbox>
			<xmin>1259</xmin>
			<ymin>488</ymin>
			<xmax>2209</xmax>
			<ymax>948</ymax>
		</bndbox>
	</object>
</annotation>