<annotation>
	<folder>side건더기국류전골냄비부대찌개q1</folder>
	<filename>side_건더기국류_전골냄비_부대찌개_Q1_00001.JPG</filename>
	<path>/side건더기국류전골냄비부대찌개q1/side_건더기국류_전골냄비_부대찌개_Q1_00001.JPG</path>
	<source>
		<database>fooddata</database>
	</source>
	<size>
		<width>3008</width>
		<height>2000</height>
		<depth>3</depth>
	</size>
	<object>
		<name>ref_spoon</name>
		<bndbox>
			<xmin>2264</xmin>
			<ymin>911</ymin>
			<xmax>2525</xmax>
			<ymax>1352</ymax>
		</bndbox>
	</object>
	<object>
		<name>ref_fork</name>
		<bndbox>
			<xmin>2635</xmin>
			<ymin>935</ymin>
			<xmax>2815</xmax>
			<ymax>1413</ymax>
		</bndbox>
	</object>
	<object>
		<name>ref_coin</name>
		<bndbox>
			<xmin>2073</xmin>
			<ymin>687</ymin>
			<xmax>2256</xmax>
			<ymax>812</ymax>
		</bndbox>
	</object>
	<object>
		<name>dish</name>
		<bndbox>
			<xmin>465</xmin>
			<ymin>742</ymin>
			<xmax>1841</xmax>
			<ymax>1809</ymax>
		</bndbox>
	</object>
	<object>
		<name>부대찌개</name>
		<bndbox>
			<xmin>697</xmin>
			<ymin>1131</ymin>
			<xmax>1661</xmax>
			<ymax>1648</ymax>
		</bndbox>
	</object>
</annotation>