<annotation>
	<folder>top건더기국류전골냄비부대찌개q1</folder>
	<filename>top_건더기국류_전골냄비_부대찌개_Q1_00022.JPG</filename>
	<path>/top건더기국류전골냄비부대찌개q1/top_건더기국류_전골냄비_부대찌개_Q1_00022.JPG</path>
	<source>
		<database>fooddata</database>
	</source>
	<size>
		<width>3008</width>
		<height>2000</height>
		<depth>3</depth>
	</size>
	<object>
		<name>ref_spoon</name>
		<bndbox>
			<xmin>988</xmin>
			<ymin>1555</ymin>
			<xmax>1273</xmax>
			<ymax>1735</ymax>
		</bndbox>
	</object>
	<object>
		<name>ref_fork</name>
		<bndbox>
			<xmin>1013</xmin>
			<ymin>1351</ymin>
			<xmax>1315</xmax>
			<ymax>1472</ymax>
		</bndbox>
	</object>
	<object>
		<name>ref_coin</name>
		<bndbox>
			<xmin>2067</xmin>
			<ymin>568</ymin>
			<xmax>2182</xmax>
			<ymax>686</ymax>
		</bndbox>
	</object>
	<object>
		<name>dish</name>
		<bndbox>
			<xmin>1172</xmin>
			<ymin>216</ymin>
			<xmax>2040</xmax>
			<ymax>1057</ymax>
		</bndbox>
	</object>
	<object>
		<name>부대찌개</name>
		<bndbox>
			<xmin>1330</xmin>
			<ymin>423</ymin>
			<xmax>1863</xmax>
			<ymax>958</ymax>
		</bndbox>
	</object>
</annotation>