<annotation>
	<folder>top건더기국류전골냄비부대찌개q1</folder>
	<filename>top_건더기국류_전골냄비_부대찌개_Q1_00043.JPG</filename>
	<path>/top건더기국류전골냄비부대찌개q1/top_건더기국류_전골냄비_부대찌개_Q1_00043.JPG</path>
	<source>
		<database>fooddata</database>
	</source>
	<size>
		<width>3008</width>
		<height>2000</height>
		<depth>3</depth>
	</size>
	<object>
		<name>ref_spoon</name>
		<bndbox>
			<xmin>568</xmin>
			<ymin>322</ymin>
			<xmax>774</xmax>
			<ymax>644</ymax>
		</bndbox>
	</object>
	<object>
		<name>ref_fork</name>
		<bndbox>
			<xmin>909</xmin>
			<ymin>437</ymin>
			<xmax>1049</xmax>
			<ymax>791</ymax>
		</bndbox>
	</object>
	<object>
		<name>ref_coin</name>
		<bndbox>
			<xmin>2283</xmin>
			<ymin>1263</ymin>
			<xmax>2438</xmax>
			<ymax>1413</ymax>
		</bndbox>
	</object>
	<object>
		<name>dish</name>
		<bndbox>
			<xmin>1113</xmin>
			<ymin>494</ymin>
			<xmax>2229</xmax>
			<ymax>1595</ymax>
		</bndbox>
	</object>
	<object>
		<name>부대찌개</name>
		<bndbox>
			<xmin>1288</xmin>
			<ymin>717</ymin>
			<xmax>2018</xmax>
			<ymax>1462</ymax>
		</bndbox>
	</object>
</annotation>