<annotation>
	<folder>top건더기국류전골냄비부대찌개q1</folder>
	<filename>top_건더기국류_전골냄비_부대찌개_Q1_00001.JPG</filename>
	<path>/top건더기국류전골냄비부대찌개q1/top_건더기국류_전골냄비_부대찌개_Q1_00001.JPG</path>
	<source>
		<database>fooddata</database>
	</source>
	<size>
		<width>3008</width>
		<height>2000</height>
		<depth>3</depth>
	</size>
	<object>
		<name>ref_spoon</name>
		<bndbox>
			<xmin>2187</xmin>
			<ymin>297</ymin>
			<xmax>2423</xmax>
			<ymax>683</ymax>
		</bndbox>
	</object>
	<object>
		<name>ref_fork</name>
		<bndbox>
			<xmin>2484</xmin>
			<ymin>334</ymin>
			<xmax>2674</xmax>
			<ymax>744</ymax>
		</bndbox>
	</object>
	<object>
		<name>ref_coin</name>
		<bndbox>
			<xmin>1745</xmin>
			<ymin>1624</ymin>
			<xmax>1922</xmax>
			<ymax>1811</ymax>
		</bndbox>
	</object>
	<object>
		<name>dish</name>
		<bndbox>
			<xmin>568</xmin>
			<ymin>258</ymin>
			<xmax>1858</xmax>
			<ymax>1533</ymax>
		</bndbox>
	</object>
	<object>
		<name>부대찌개</name>
		<bndbox>
			<xmin>799</xmin>
			<ymin>541</ymin>
			<xmax>1642</xmax>
			<ymax>1346</ymax>
		</bndbox>
	</object>
</annotation>