<annotation>
	<folder>top건더기국류전골냄비부대찌개q1</folder>
	<filename>top_건더기국류_전골냄비_부대찌개_Q1_00049.JPG</filename>
	<path>/top건더기국류전골냄비부대찌개q1/top_건더기국류_전골냄비_부대찌개_Q1_00049.JPG</path>
	<source>
		<database>fooddata</database>
	</source>
	<size>
		<width>3008</width>
		<height>2000</height>
		<depth>3</depth>
	</size>
	<object>
		<name>ref_spoon</name>
		<bndbox>
			<xmin>762</xmin>
			<ymin>278</ymin>
			<xmax>981</xmax>
			<ymax>607</ymax>
		</bndbox>
	</object>
	<object>
		<name>ref_fork</name>
		<bndbox>
			<xmin>1057</xmin>
			<ymin>329</ymin>
			<xmax>1199</xmax>
			<ymax>695</ymax>
		</bndbox>
	</object>
	<object>
		<name>ref_coin</name>
		<bndbox>
			<xmin>499</xmin>
			<ymin>1118</ymin>
			<xmax>664</xmax>
			<ymax>1278</ymax>
		</bndbox>
	</object>
	<object>
		<name>dish</name>
		<bndbox>
			<xmin>1298</xmin>
			<ymin>356</ymin>
			<xmax>2445</xmax>
			<ymax>1474</ymax>
		</bndbox>
	</object>
	<object>
		<name>부대찌개</name>
		<bndbox>
			<xmin>1465</xmin>
			<ymin>553</ymin>
			<xmax>2194</xmax>
			<ymax>1297</ymax>
		</bndbox>
	</object>
</annotation>