<annotation>
	<folder>top건더기국류전골냄비부대찌개q1</folder>
	<filename>top_건더기국류_전골냄비_부대찌개_Q1_00011.JPG</filename>
	<path>/top건더기국류전골냄비부대찌개q1/top_건더기국류_전골냄비_부대찌개_Q1_00011.JPG</path>
	<source>
		<database>fooddata</database>
	</source>
	<size>
		<width>3008</width>
		<height>2000</height>
		<depth>3</depth>
	</size>
	<object>
		<name>ref_spoon</name>
		<bndbox>
			<xmin>2062</xmin>
			<ymin>329</ymin>
			<xmax>2303</xmax>
			<ymax>717</ymax>
		</bndbox>
	</object>
	<object>
		<name>ref_fork</name>
		<bndbox>
			<xmin>2366</xmin>
			<ymin>364</ymin>
			<xmax>2556</xmax>
			<ymax>781</ymax>
		</bndbox>
	</object>
	<object>
		<name>ref_coin</name>
		<bndbox>
			<xmin>1698</xmin>
			<ymin>742</ymin>
			<xmax>1870</xmax>
			<ymax>914</ymax>
		</bndbox>
	</object>
	<object>
		<name>dish</name>
		<bndbox>
			<xmin>278</xmin>
			<ymin>310</ymin>
			<xmax>1624</xmax>
			<ymax>1624</ymax>
		</bndbox>
	</object>
	<object>
		<name>부대찌개</name>
		<bndbox>
			<xmin>551</xmin>
			<ymin>592</ymin>
			<xmax>1420</xmax>
			<ymax>1432</ymax>
		</bndbox>
	</object>
</annotation>