<annotation>
	<folder>top건더기국류전골냄비부대찌개q1</folder>
	<filename>top_건더기국류_전골냄비_부대찌개_Q1_00004.JPG</filename>
	<path>/top건더기국류전골냄비부대찌개q1/top_건더기국류_전골냄비_부대찌개_Q1_00004.JPG</path>
	<source>
		<database>fooddata</database>
	</source>
	<size>
		<width>3008</width>
		<height>2000</height>
		<depth>3</depth>
	</size>
	<object>
		<name>ref_spoon</name>
		<bndbox>
			<xmin>2192</xmin>
			<ymin>327</ymin>
			<xmax>2401</xmax>
			<ymax>661</ymax>
		</bndbox>
	</object>
	<object>
		<name>ref_fork</name>
		<bndbox>
			<xmin>2457</xmin>
			<ymin>351</ymin>
			<xmax>2617</xmax>
			<ymax>727</ymax>
		</bndbox>
	</object>
	<object>
		<name>ref_coin</name>
		<bndbox>
			<xmin>892</xmin>
			<ymin>1479</ymin>
			<xmax>1049</xmax>
			<ymax>1646</ymax>
		</bndbox>
	</object>
	<object>
		<name>dish</name>
		<bndbox>
			<xmin>998</xmin>
			<ymin>312</ymin>
			<xmax>2133</xmax>
			<ymax>1430</ymax>
		</bndbox>
	</object>
	<object>
		<name>부대찌개</name>
		<bndbox>
			<xmin>1185</xmin>
			<ymin>555</ymin>
			<xmax>1917</xmax>
			<ymax>1268</ymax>
		</bndbox>
	</object>
</annotation>