<annotation>
	<folder>top건더기국류전골냄비부대찌개q1</folder>
	<filename>top_건더기국류_전골냄비_부대찌개_Q1_00052.JPG</filename>
	<path>/top건더기국류전골냄비부대찌개q1/top_건더기국류_전골냄비_부대찌개_Q1_00052.JPG</path>
	<source>
		<database>fooddata</database>
	</source>
	<size>
		<width>3008</width>
		<height>2000</height>
		<depth>3</depth>
	</size>
	<object>
		<name>ref_spoon</name>
		<bndbox>
			<xmin>664</xmin>
			<ymin>337</ymin>
			<xmax>885</xmax>
			<ymax>676</ymax>
		</bndbox>
	</object>
	<object>
		<name>ref_fork</name>
		<bndbox>
			<xmin>963</xmin>
			<ymin>388</ymin>
			<xmax>1101</xmax>
			<ymax>767</ymax>
		</bndbox>
	</object>
	<object>
		<name>ref_coin</name>
		<bndbox>
			<xmin>440</xmin>
			<ymin>1265</ymin>
			<xmax>607</xmax>
			<ymax>1432</ymax>
		</bndbox>
	</object>
	<object>
		<name>dish</name>
		<bndbox>
			<xmin>1192</xmin>
			<ymin>420</ymin>
			<xmax>2332</xmax>
			<ymax>1536</ymax>
		</bndbox>
	</object>
	<object>
		<name>부대찌개</name>
		<bndbox>
			<xmin>1253</xmin>
			<ymin>661</ymin>
			<xmax>2101</xmax>
			<ymax>1405</ymax>
		</bndbox>
	</object>
</annotation>