<annotation>
	<folder>top건더기국류전골냄비부대찌개q1</folder>
	<filename>top_건더기국류_전골냄비_부대찌개_Q1_00035.JPG</filename>
	<path>/top건더기국류전골냄비부대찌개q1/top_건더기국류_전골냄비_부대찌개_Q1_00035.JPG</path>
	<source>
		<database>fooddata</database>
	</source>
	<size>
		<width>3008</width>
		<height>2000</height>
		<depth>3</depth>
	</size>
	<object>
		<name>ref_spoon</name>
		<bndbox>
			<xmin>624</xmin>
			<ymin>285</ymin>
			<xmax>833</xmax>
			<ymax>617</ymax>
		</bndbox>
	</object>
	<object>
		<name>ref_fork</name>
		<bndbox>
			<xmin>971</xmin>
			<ymin>396</ymin>
			<xmax>1113</xmax>
			<ymax>759</ymax>
		</bndbox>
	</object>
	<object>
		<name>ref_coin</name>
		<bndbox>
			<xmin>752</xmin>
			<ymin>1587</ymin>
			<xmax>902</xmax>
			<ymax>1752</ymax>
		</bndbox>
	</object>
	<object>
		<name>dish</name>
		<bndbox>
			<xmin>1197</xmin>
			<ymin>452</ymin>
			<xmax>2322</xmax>
			<ymax>1560</ymax>
		</bndbox>
	</object>
	<object>
		<name>부대찌개</name>
		<bndbox>
			<xmin>1369</xmin>
			<ymin>688</ymin>
			<xmax>2074</xmax>
			<ymax>1378</ymax>
		</bndbox>
	</object>
</annotation>