<annotation>
	<folder>side죽류대접호박죽q4</folder>
	<filename>side_죽류_대접_호박죽_Q4_00046.JPG</filename>
	<path>/side죽류대접호박죽q4/side_죽류_대접_호박죽_Q4_00046.JPG</path>
	<source>
		<database>fooddata</database>
	</source>
	<size>
		<width>5472</width>
		<height>3648</height>
		<depth>3</depth>
	</size>
	<object>
		<name>ref_spoon</name>
		<bndbox>
			<xmin>703</xmin>
			<ymin>1322</ymin>
			<xmax>1246</xmax>
			<ymax>2084</ymax>
		</bndbox>
	</object>
	<object>
		<name>ref_fork</name>
		<bndbox>
			<xmin>1434</xmin>
			<ymin>1354</ymin>
			<xmax>1788</xmax>
			<ymax>2219</ymax>
		</bndbox>
	</object>
	<object>
		<name>ref_coin</name>
		<bndbox>
			<xmin>3764</xmin>
			<ymin>925</ymin>
			<xmax>4130</xmax>
			<ymax>1193</ymax>
		</bndbox>
	</object>
	<object>
		<name>dish</name>
		<bndbox>
			<xmin>1858</xmin>
			<ymin>1172</ymin>
			<xmax>4393</xmax>
			<ymax>3035</ymax>
		</bndbox>
	</object>
	<object>
		<name>호박죽</name>
		<bndbox>
			<xmin>2314</xmin>
			<ymin>1741</ymin>
			<xmax>3985</xmax>
			<ymax>2917</ymax>
		</bndbox>
	</object>
</annotation>