<annotation>
	<folder>side죽류대접호박죽q4</folder>
	<filename>side_죽류_대접_호박죽_Q4_00029.JPG</filename>
	<path>/side죽류대접호박죽q4/side_죽류_대접_호박죽_Q4_00029.JPG</path>
	<source>
		<database>fooddata</database>
	</source>
	<size>
		<width>5472</width>
		<height>3648</height>
		<depth>3</depth>
	</size>
	<object>
		<name>ref_spoon</name>
		<bndbox>
			<xmin>1058</xmin>
			<ymin>2772</ymin>
			<xmax>2180</xmax>
			<ymax>3303</ymax>
		</bndbox>
	</object>
	<object>
		<name>ref_fork</name>
		<bndbox>
			<xmin>1165</xmin>
			<ymin>2401</ymin>
			<xmax>2331</xmax>
			<ymax>2820</ymax>
		</bndbox>
	</object>
	<object>
		<name>ref_coin</name>
		<bndbox>
			<xmin>741</xmin>
			<ymin>1607</ymin>
			<xmax>1160</xmax>
			<ymax>1913</ymax>
		</bndbox>
	</object>
	<object>
		<name>dish</name>
		<bndbox>
			<xmin>1735</xmin>
			<ymin>366</ymin>
			<xmax>4237</xmax>
			<ymax>2138</ymax>
		</bndbox>
	</object>
	<object>
		<name>호박죽</name>
		<bndbox>
			<xmin>2148</xmin>
			<ymin>892</ymin>
			<xmax>3834</xmax>
			<ymax>2052</ymax>
		</bndbox>
	</object>
</annotation>