<annotation>
	<folder>side죽류대접호박죽q4</folder>
	<filename>side_죽류_대접_호박죽_Q4_00007.JPG</filename>
	<path>/side죽류대접호박죽q4/side_죽류_대접_호박죽_Q4_00007.JPG</path>
	<source>
		<database>fooddata</database>
	</source>
	<size>
		<width>5472</width>
		<height>3648</height>
		<depth>3</depth>
	</size>
	<object>
		<name>ref_spoon</name>
		<bndbox>
			<xmin>4038</xmin>
			<ymin>720</ymin>
			<xmax>4591</xmax>
			<ymax>1623</ymax>
		</bndbox>
	</object>
	<object>
		<name>ref_fork</name>
		<bndbox>
			<xmin>4785</xmin>
			<ymin>742</ymin>
			<xmax>5161</xmax>
			<ymax>1741</ymax>
		</bndbox>
	</object>
	<object>
		<name>ref_coin</name>
		<bndbox>
			<xmin>494</xmin>
			<ymin>2009</ymin>
			<xmax>940</xmax>
			<ymax>2348</ymax>
		</bndbox>
	</object>
	<object>
		<name>dish</name>
		<bndbox>
			<xmin>1337</xmin>
			<ymin>328</ymin>
			<xmax>3925</xmax>
			<ymax>2165</ymax>
		</bndbox>
	</object>
	<object>
		<name>호박죽</name>
		<bndbox>
			<xmin>1761</xmin>
			<ymin>860</ymin>
			<xmax>3512</xmax>
			<ymax>2084</ymax>
		</bndbox>
	</object>
</annotation>