<annotation>
	<folder>side죽류대접호박죽q4</folder>
	<filename>side_죽류_대접_호박죽_Q4_00041.JPG</filename>
	<path>/side죽류대접호박죽q4/side_죽류_대접_호박죽_Q4_00041.JPG</path>
	<source>
		<database>fooddata</database>
	</source>
	<size>
		<width>5472</width>
		<height>3648</height>
		<depth>3</depth>
	</size>
	<object>
		<name>ref_spoon</name>
		<bndbox>
			<xmin>886</xmin>
			<ymin>989</ymin>
			<xmax>1396</xmax>
			<ymax>1762</ymax>
		</bndbox>
	</object>
	<object>
		<name>ref_fork</name>
		<bndbox>
			<xmin>1590</xmin>
			<ymin>1021</ymin>
			<xmax>1944</xmax>
			<ymax>1854</ymax>
		</bndbox>
	</object>
	<object>
		<name>ref_coin</name>
		<bndbox>
			<xmin>4629</xmin>
			<ymin>2600</ymin>
			<xmax>5059</xmax>
			<ymax>2949</ymax>
		</bndbox>
	</object>
	<object>
		<name>dish</name>
		<bndbox>
			<xmin>2030</xmin>
			<ymin>871</ymin>
			<xmax>4527</xmax>
			<ymax>2675</ymax>
		</bndbox>
	</object>
	<object>
		<name>호박죽</name>
		<bndbox>
			<xmin>2438</xmin>
			<ymin>1397</ymin>
			<xmax>4070</xmax>
			<ymax>2584</ymax>
		</bndbox>
	</object>
</annotation>