<annotation>
	<folder>side죽류대접호박죽q4</folder>
	<filename>side_죽류_대접_호박죽_Q4_00063.JPG</filename>
	<path>/side죽류대접호박죽q4/side_죽류_대접_호박죽_Q4_00063.JPG</path>
	<source>
		<database>fooddata</database>
	</source>
	<size>
		<width>5472</width>
		<height>3648</height>
		<depth>3</depth>
	</size>
	<object>
		<name>ref_spoon</name>
		<bndbox>
			<xmin>666</xmin>
			<ymin>1343</ymin>
			<xmax>1187</xmax>
			<ymax>2186</ymax>
		</bndbox>
	</object>
	<object>
		<name>ref_fork</name>
		<bndbox>
			<xmin>1396</xmin>
			<ymin>1343</ymin>
			<xmax>1772</xmax>
			<ymax>2246</ymax>
		</bndbox>
	</object>
	<object>
		<name>ref_coin</name>
		<bndbox>
			<xmin>3974</xmin>
			<ymin>575</ymin>
			<xmax>4334</xmax>
			<ymax>839</ymax>
		</bndbox>
	</object>
	<object>
		<name>dish</name>
		<bndbox>
			<xmin>1858</xmin>
			<ymin>1096</ymin>
			<xmax>4398</xmax>
			<ymax>2928</ymax>
		</bndbox>
	</object>
	<object>
		<name>호박죽</name>
		<bndbox>
			<xmin>2395</xmin>
			<ymin>1623</ymin>
			<xmax>4001</xmax>
			<ymax>2847</ymax>
		</bndbox>
	</object>
</annotation>