<annotation>
	<folder>side죽류대접호박죽q4</folder>
	<filename>side_죽류_대접_호박죽_Q4_00006.JPG</filename>
	<path>/side죽류대접호박죽q4/side_죽류_대접_호박죽_Q4_00006.JPG</path>
	<source>
		<database>fooddata</database>
	</source>
	<size>
		<width>5472</width>
		<height>3648</height>
		<depth>3</depth>
	</size>
	<object>
		<name>ref_spoon</name>
		<bndbox>
			<xmin>3942</xmin>
			<ymin>726</ymin>
			<xmax>4479</xmax>
			<ymax>1633</ymax>
		</bndbox>
	</object>
	<object>
		<name>ref_fork</name>
		<bndbox>
			<xmin>4683</xmin>
			<ymin>710</ymin>
			<xmax>5059</xmax>
			<ymax>1660</ymax>
		</bndbox>
	</object>
	<object>
		<name>ref_coin</name>
		<bndbox>
			<xmin>634</xmin>
			<ymin>2568</ymin>
			<xmax>1079</xmax>
			<ymax>2933</ymax>
		</bndbox>
	</object>
	<object>
		<name>dish</name>
		<bndbox>
			<xmin>1149</xmin>
			<ymin>404</ymin>
			<xmax>3711</xmax>
			<ymax>2203</ymax>
		</bndbox>
	</object>
	<object>
		<name>호박죽</name>
		<bndbox>
			<xmin>1536</xmin>
			<ymin>914</ymin>
			<xmax>3362</xmax>
			<ymax>2127</ymax>
		</bndbox>
	</object>
</annotation>