<annotation>
	<folder>side죽류대접호박죽q4</folder>
	<filename>side_죽류_대접_호박죽_Q4_00005.JPG</filename>
	<path>/side죽류대접호박죽q4/side_죽류_대접_호박죽_Q4_00005.JPG</path>
	<source>
		<database>fooddata</database>
	</source>
	<size>
		<width>5472</width>
		<height>3648</height>
		<depth>3</depth>
	</size>
	<object>
		<name>ref_spoon</name>
		<bndbox>
			<xmin>3942</xmin>
			<ymin>742</ymin>
			<xmax>4489</xmax>
			<ymax>1628</ymax>
		</bndbox>
	</object>
	<object>
		<name>ref_fork</name>
		<bndbox>
			<xmin>4699</xmin>
			<ymin>747</ymin>
			<xmax>5075</xmax>
			<ymax>1666</ymax>
		</bndbox>
	</object>
	<object>
		<name>ref_coin</name>
		<bndbox>
			<xmin>1085</xmin>
			<ymin>2825</ymin>
			<xmax>1536</xmax>
			<ymax>3201</ymax>
		</bndbox>
	</object>
	<object>
		<name>dish</name>
		<bndbox>
			<xmin>1160</xmin>
			<ymin>420</ymin>
			<xmax>3721</xmax>
			<ymax>2219</ymax>
		</bndbox>
	</object>
	<object>
		<name>호박죽</name>
		<bndbox>
			<xmin>1579</xmin>
			<ymin>935</ymin>
			<xmax>3329</xmax>
			<ymax>2144</ymax>
		</bndbox>
	</object>
</annotation>