<annotation>
	<folder>side죽류대접호박죽q4</folder>
	<filename>side_죽류_대접_호박죽_Q4_00010.JPG</filename>
	<path>/side죽류대접호박죽q4/side_죽류_대접_호박죽_Q4_00010.JPG</path>
	<source>
		<database>fooddata</database>
	</source>
	<size>
		<width>5472</width>
		<height>3648</height>
		<depth>3</depth>
	</size>
	<object>
		<name>ref_spoon</name>
		<bndbox>
			<xmin>3952</xmin>
			<ymin>1139</ymin>
			<xmax>4505</xmax>
			<ymax>2031</ymax>
		</bndbox>
	</object>
	<object>
		<name>ref_fork</name>
		<bndbox>
			<xmin>4715</xmin>
			<ymin>1145</ymin>
			<xmax>5096</xmax>
			<ymax>2111</ymax>
		</bndbox>
	</object>
	<object>
		<name>ref_coin</name>
		<bndbox>
			<xmin>1466</xmin>
			<ymin>414</ymin>
			<xmax>1842</xmax>
			<ymax>678</ymax>
		</bndbox>
	</object>
	<object>
		<name>dish</name>
		<bndbox>
			<xmin>1042</xmin>
			<ymin>828</ymin>
			<xmax>3662</xmax>
			<ymax>2664</ymax>
		</bndbox>
	</object>
	<object>
		<name>호박죽</name>
		<bndbox>
			<xmin>1466</xmin>
			<ymin>1365</ymin>
			<xmax>3238</xmax>
			<ymax>2589</ymax>
		</bndbox>
	</object>
</annotation>