<annotation>
	<folder>side죽류대접호박죽q4</folder>
	<filename>side_죽류_대접_호박죽_Q4_00025.JPG</filename>
	<path>/side죽류대접호박죽q4/side_죽류_대접_호박죽_Q4_00025.JPG</path>
	<source>
		<database>fooddata</database>
	</source>
	<size>
		<width>5472</width>
		<height>3648</height>
		<depth>3</depth>
	</size>
	<object>
		<name>ref_spoon</name>
		<bndbox>
			<xmin>1010</xmin>
			<ymin>2804</ymin>
			<xmax>2105</xmax>
			<ymax>3325</ymax>
		</bndbox>
	</object>
	<object>
		<name>ref_fork</name>
		<bndbox>
			<xmin>1117</xmin>
			<ymin>2433</ymin>
			<xmax>2309</xmax>
			<ymax>2858</ymax>
		</bndbox>
	</object>
	<object>
		<name>ref_coin</name>
		<bndbox>
			<xmin>1675</xmin>
			<ymin>302</ymin>
			<xmax>2046</xmax>
			<ymax>581</ymax>
		</bndbox>
	</object>
	<object>
		<name>dish</name>
		<bndbox>
			<xmin>1375</xmin>
			<ymin>490</ymin>
			<xmax>3893</xmax>
			<ymax>2272</ymax>
		</bndbox>
	</object>
	<object>
		<name>호박죽</name>
		<bndbox>
			<xmin>1799</xmin>
			<ymin>989</ymin>
			<xmax>3496</xmax>
			<ymax>2203</ymax>
		</bndbox>
	</object>
</annotation>