<annotation>
	<folder>side죽류대접호박죽q4</folder>
	<filename>side_죽류_대접_호박죽_Q4_00002.JPG</filename>
	<path>/side죽류대접호박죽q4/side_죽류_대접_호박죽_Q4_00002.JPG</path>
	<source>
		<database>fooddata</database>
	</source>
	<size>
		<width>5472</width>
		<height>3648</height>
		<depth>3</depth>
	</size>
	<object>
		<name>ref_spoon</name>
		<bndbox>
			<xmin>3764</xmin>
			<ymin>710</ymin>
			<xmax>4301</xmax>
			<ymax>1504</ymax>
		</bndbox>
	</object>
	<object>
		<name>ref_fork</name>
		<bndbox>
			<xmin>4500</xmin>
			<ymin>710</ymin>
			<xmax>4865</xmax>
			<ymax>1676</ymax>
		</bndbox>
	</object>
	<object>
		<name>ref_coin</name>
		<bndbox>
			<xmin>2685</xmin>
			<ymin>2740</ymin>
			<xmax>3125</xmax>
			<ymax>3110</ymax>
		</bndbox>
	</object>
	<object>
		<name>dish</name>
		<bndbox>
			<xmin>886</xmin>
			<ymin>345</ymin>
			<xmax>3437</xmax>
			<ymax>2133</ymax>
		</bndbox>
	</object>
	<object>
		<name>호박죽</name>
		<bndbox>
			<xmin>1337</xmin>
			<ymin>833</ymin>
			<xmax>3050</xmax>
			<ymax>2068</ymax>
		</bndbox>
	</object>
</annotation>