<annotation>
	<folder>side죽류대접호박죽q4</folder>
	<filename>side_죽류_대접_호박죽_Q4_00060.JPG</filename>
	<path>/side죽류대접호박죽q4/side_죽류_대접_호박죽_Q4_00060.JPG</path>
	<source>
		<database>fooddata</database>
	</source>
	<size>
		<width>5472</width>
		<height>3648</height>
		<depth>3</depth>
	</size>
	<object>
		<name>ref_spoon</name>
		<bndbox>
			<xmin>709</xmin>
			<ymin>1193</ymin>
			<xmax>1246</xmax>
			<ymax>2004</ymax>
		</bndbox>
	</object>
	<object>
		<name>ref_fork</name>
		<bndbox>
			<xmin>1439</xmin>
			<ymin>1182</ymin>
			<xmax>1820</xmax>
			<ymax>2052</ymax>
		</bndbox>
	</object>
	<object>
		<name>ref_coin</name>
		<bndbox>
			<xmin>2180</xmin>
			<ymin>457</ymin>
			<xmax>2556</xmax>
			<ymax>720</ymax>
		</bndbox>
	</object>
	<object>
		<name>dish</name>
		<bndbox>
			<xmin>1896</xmin>
			<ymin>957</ymin>
			<xmax>4452</xmax>
			<ymax>2783</ymax>
		</bndbox>
	</object>
	<object>
		<name>호박죽</name>
		<bndbox>
			<xmin>2535</xmin>
			<ymin>1547</ymin>
			<xmax>4017</xmax>
			<ymax>2697</ymax>
		</bndbox>
	</object>
</annotation>