<annotation>
	<folder>side죽류대접호박죽q4</folder>
	<filename>side_죽류_대접_호박죽_Q4_00009.JPG</filename>
	<path>/side죽류대접호박죽q4/side_죽류_대접_호박죽_Q4_00009.JPG</path>
	<source>
		<database>fooddata</database>
	</source>
	<size>
		<width>5472</width>
		<height>3648</height>
		<depth>3</depth>
	</size>
	<object>
		<name>ref_spoon</name>
		<bndbox>
			<xmin>4027</xmin>
			<ymin>726</ymin>
			<xmax>4564</xmax>
			<ymax>1569</ymax>
		</bndbox>
	</object>
	<object>
		<name>ref_fork</name>
		<bndbox>
			<xmin>4779</xmin>
			<ymin>731</ymin>
			<xmax>5144</xmax>
			<ymax>1676</ymax>
		</bndbox>
	</object>
	<object>
		<name>ref_coin</name>
		<bndbox>
			<xmin>805</xmin>
			<ymin>726</ymin>
			<xmax>1192</xmax>
			<ymax>1010</ymax>
		</bndbox>
	</object>
	<object>
		<name>dish</name>
		<bndbox>
			<xmin>1316</xmin>
			<ymin>334</ymin>
			<xmax>3899</xmax>
			<ymax>2160</ymax>
		</bndbox>
	</object>
	<object>
		<name>호박죽</name>
		<bndbox>
			<xmin>1729</xmin>
			<ymin>817</ymin>
			<xmax>3480</xmax>
			<ymax>2084</ymax>
		</bndbox>
	</object>
</annotation>