<annotation>
	<folder>side죽류대접호박죽q4</folder>
	<filename>side_죽류_대접_호박죽_Q4_00014.JPG</filename>
	<path>/side죽류대접호박죽q4/side_죽류_대접_호박죽_Q4_00014.JPG</path>
	<source>
		<database>fooddata</database>
	</source>
	<size>
		<width>5472</width>
		<height>3648</height>
		<depth>3</depth>
	</size>
	<object>
		<name>ref_spoon</name>
		<bndbox>
			<xmin>3888</xmin>
			<ymin>1504</ymin>
			<xmax>4430</xmax>
			<ymax>2374</ymax>
		</bndbox>
	</object>
	<object>
		<name>ref_fork</name>
		<bndbox>
			<xmin>4634</xmin>
			<ymin>1510</ymin>
			<xmax>5016</xmax>
			<ymax>2455</ymax>
		</bndbox>
	</object>
	<object>
		<name>ref_coin</name>
		<bndbox>
			<xmin>3748</xmin>
			<ymin>973</ymin>
			<xmax>4124</xmax>
			<ymax>1225</ymax>
		</bndbox>
	</object>
	<object>
		<name>dish</name>
		<bndbox>
			<xmin>1053</xmin>
			<ymin>1161</ymin>
			<xmax>3657</xmax>
			<ymax>2997</ymax>
		</bndbox>
	</object>
	<object>
		<name>호박죽</name>
		<bndbox>
			<xmin>1493</xmin>
			<ymin>1666</ymin>
			<xmax>3249</xmax>
			<ymax>2901</ymax>
		</bndbox>
	</object>
</annotation>