<annotation>
	<folder>side죽류대접호박죽q4</folder>
	<filename>side_죽류_대접_호박죽_Q4_00045.JPG</filename>
	<path>/side죽류대접호박죽q4/side_죽류_대접_호박죽_Q4_00045.JPG</path>
	<source>
		<database>fooddata</database>
	</source>
	<size>
		<width>5472</width>
		<height>3648</height>
		<depth>3</depth>
	</size>
	<object>
		<name>ref_spoon</name>
		<bndbox>
			<xmin>741</xmin>
			<ymin>1279</ymin>
			<xmax>1273</xmax>
			<ymax>2068</ymax>
		</bndbox>
	</object>
	<object>
		<name>ref_fork</name>
		<bndbox>
			<xmin>1455</xmin>
			<ymin>1311</ymin>
			<xmax>1820</xmax>
			<ymax>2192</ymax>
		</bndbox>
	</object>
	<object>
		<name>ref_coin</name>
		<bndbox>
			<xmin>4489</xmin>
			<ymin>1397</ymin>
			<xmax>4865</xmax>
			<ymax>1676</ymax>
		</bndbox>
	</object>
	<object>
		<name>dish</name>
		<bndbox>
			<xmin>1890</xmin>
			<ymin>1172</ymin>
			<xmax>4414</xmax>
			<ymax>2997</ymax>
		</bndbox>
	</object>
	<object>
		<name>호박죽</name>
		<bndbox>
			<xmin>2309</xmin>
			<ymin>1692</ymin>
			<xmax>3899</xmax>
			<ymax>2901</ymax>
		</bndbox>
	</object>
</annotation>