<annotation>
	<folder>side죽류대접호박죽q4</folder>
	<filename>side_죽류_대접_호박죽_Q4_00012.JPG</filename>
	<path>/side죽류대접호박죽q4/side_죽류_대접_호박죽_Q4_00012.JPG</path>
	<source>
		<database>fooddata</database>
	</source>
	<size>
		<width>5472</width>
		<height>3648</height>
		<depth>3</depth>
	</size>
	<object>
		<name>ref_spoon</name>
		<bndbox>
			<xmin>3958</xmin>
			<ymin>1193</ymin>
			<xmax>4505</xmax>
			<ymax>2036</ymax>
		</bndbox>
	</object>
	<object>
		<name>ref_fork</name>
		<bndbox>
			<xmin>4715</xmin>
			<ymin>1198</ymin>
			<xmax>5096</xmax>
			<ymax>2106</ymax>
		</bndbox>
	</object>
	<object>
		<name>ref_coin</name>
		<bndbox>
			<xmin>3243</xmin>
			<ymin>371</ymin>
			<xmax>3598</xmax>
			<ymax>624</ymax>
		</bndbox>
	</object>
	<object>
		<name>dish</name>
		<bndbox>
			<xmin>1020</xmin>
			<ymin>806</ymin>
			<xmax>3576</xmax>
			<ymax>2632</ymax>
		</bndbox>
	</object>
	<object>
		<name>호박죽</name>
		<bndbox>
			<xmin>1439</xmin>
			<ymin>1317</ymin>
			<xmax>3190</xmax>
			<ymax>2552</ymax>
		</bndbox>
	</object>
</annotation>