<annotation>
	<folder>side죽류대접호박죽q4</folder>
	<filename>side_죽류_대접_호박죽_Q4_00056.JPG</filename>
	<path>/side죽류대접호박죽q4/side_죽류_대접_호박죽_Q4_00056.JPG</path>
	<source>
		<database>fooddata</database>
	</source>
	<size>
		<width>5472</width>
		<height>3648</height>
		<depth>3</depth>
	</size>
	<object>
		<name>ref_spoon</name>
		<bndbox>
			<xmin>462</xmin>
			<ymin>1096</ymin>
			<xmax>1004</xmax>
			<ymax>1870</ymax>
		</bndbox>
	</object>
	<object>
		<name>ref_fork</name>
		<bndbox>
			<xmin>1214</xmin>
			<ymin>1096</ymin>
			<xmax>1579</xmax>
			<ymax>1988</ymax>
		</bndbox>
	</object>
	<object>
		<name>ref_coin</name>
		<bndbox>
			<xmin>4511</xmin>
			<ymin>1623</ymin>
			<xmax>4924</xmax>
			<ymax>1929</ymax>
		</bndbox>
	</object>
	<object>
		<name>dish</name>
		<bndbox>
			<xmin>1665</xmin>
			<ymin>849</ymin>
			<xmax>4178</xmax>
			<ymax>2686</ymax>
		</bndbox>
	</object>
	<object>
		<name>호박죽</name>
		<bndbox>
			<xmin>2094</xmin>
			<ymin>1343</ymin>
			<xmax>3662</xmax>
			<ymax>2568</ymax>
		</bndbox>
	</object>
</annotation>