<annotation>
	<folder>side죽류대접호박죽q4</folder>
	<filename>side_죽류_대접_호박죽_Q4_00059.JPG</filename>
	<path>/side죽류대접호박죽q4/side_죽류_대접_호박죽_Q4_00059.JPG</path>
	<source>
		<database>fooddata</database>
	</source>
	<size>
		<width>5472</width>
		<height>3648</height>
		<depth>3</depth>
	</size>
	<object>
		<name>ref_spoon</name>
		<bndbox>
			<xmin>741</xmin>
			<ymin>1247</ymin>
			<xmax>1246</xmax>
			<ymax>1993</ymax>
		</bndbox>
	</object>
	<object>
		<name>ref_fork</name>
		<bndbox>
			<xmin>1477</xmin>
			<ymin>1225</ymin>
			<xmax>1842</xmax>
			<ymax>2144</ymax>
		</bndbox>
	</object>
	<object>
		<name>ref_coin</name>
		<bndbox>
			<xmin>2760</xmin>
			<ymin>377</ymin>
			<xmax>3120</xmax>
			<ymax>618</ymax>
		</bndbox>
	</object>
	<object>
		<name>dish</name>
		<bndbox>
			<xmin>1912</xmin>
			<ymin>973</ymin>
			<xmax>4484</xmax>
			<ymax>2825</ymax>
		</bndbox>
	</object>
	<object>
		<name>호박죽</name>
		<bndbox>
			<xmin>2438</xmin>
			<ymin>1590</ymin>
			<xmax>3990</xmax>
			<ymax>2740</ymax>
		</bndbox>
	</object>
</annotation>