<annotation>
	<folder>side죽류대접호박죽q4</folder>
	<filename>side_죽류_대접_호박죽_Q4_00022.JPG</filename>
	<path>/side죽류대접호박죽q4/side_죽류_대접_호박죽_Q4_00022.JPG</path>
	<source>
		<database>fooddata</database>
	</source>
	<size>
		<width>5472</width>
		<height>3648</height>
		<depth>3</depth>
	</size>
	<object>
		<name>ref_spoon</name>
		<bndbox>
			<xmin>1138</xmin>
			<ymin>2944</ymin>
			<xmax>2229</xmax>
			<ymax>3454</ymax>
		</bndbox>
	</object>
	<object>
		<name>ref_fork</name>
		<bndbox>
			<xmin>1240</xmin>
			<ymin>2568</ymin>
			<xmax>2374</xmax>
			<ymax>2976</ymax>
		</bndbox>
	</object>
	<object>
		<name>ref_coin</name>
		<bndbox>
			<xmin>3512</xmin>
			<ymin>162</ymin>
			<xmax>3872</xmax>
			<ymax>409</ymax>
		</bndbox>
	</object>
	<object>
		<name>dish</name>
		<bndbox>
			<xmin>1584</xmin>
			<ymin>366</ymin>
			<xmax>4033</xmax>
			<ymax>2084</ymax>
		</bndbox>
	</object>
	<object>
		<name>호박죽</name>
		<bndbox>
			<xmin>1987</xmin>
			<ymin>871</ymin>
			<xmax>3652</xmax>
			<ymax>1999</ymax>
		</bndbox>
	</object>
</annotation>