<annotation>
	<folder>top죽류대접호박죽q4</folder>
	<filename>top_죽류_대접_호박죽_Q4_00006.JPG</filename>
	<path>/top죽류대접호박죽q4/top_죽류_대접_호박죽_Q4_00006.JPG</path>
	<source>
		<database>fooddata</database>
	</source>
	<size>
		<width>5472</width>
		<height>3648</height>
		<depth>3</depth>
	</size>
	<object>
		<name>ref_spoon</name>
		<bndbox>
			<xmin>3906</xmin>
			<ymin>672</ymin>
			<xmax>4457</xmax>
			<ymax>1487</ymax>
		</bndbox>
	</object>
	<object>
		<name>ref_fork</name>
		<bndbox>
			<xmin>4560</xmin>
			<ymin>679</ymin>
			<xmax>4943</xmax>
			<ymax>1624</ymax>
		</bndbox>
	</object>
	<object>
		<name>ref_coin</name>
		<bndbox>
			<xmin>294</xmin>
			<ymin>1641</ymin>
			<xmax>678</xmax>
			<ymax>2018</ymax>
		</bndbox>
	</object>
	<object>
		<name>dish</name>
		<bndbox>
			<xmin>971</xmin>
			<ymin>348</ymin>
			<xmax>3633</xmax>
			<ymax>2978</ymax>
		</bndbox>
	</object>
	<object>
		<name>호박죽</name>
		<bndbox>
			<xmin>1391</xmin>
			<ymin>801</ymin>
			<xmax>3240</xmax>
			<ymax>2645</ymax>
		</bndbox>
	</object>
</annotation>