<annotation>
	<folder>top죽류대접호박죽q4</folder>
	<filename>top_죽류_대접_호박죽_Q4_00043.JPG</filename>
	<path>/top죽류대접호박죽q4/top_죽류_대접_호박죽_Q4_00043.JPG</path>
	<source>
		<database>fooddata</database>
	</source>
	<size>
		<width>5472</width>
		<height>3648</height>
		<depth>3</depth>
	</size>
	<object>
		<name>ref_spoon</name>
		<bndbox>
			<xmin>1045</xmin>
			<ymin>805</ymin>
			<xmax>1543</xmax>
			<ymax>1562</ymax>
		</bndbox>
	</object>
	<object>
		<name>ref_fork</name>
		<bndbox>
			<xmin>1778</xmin>
			<ymin>922</ymin>
			<xmax>2101</xmax>
			<ymax>1725</ymax>
		</bndbox>
	</object>
	<object>
		<name>ref_coin</name>
		<bndbox>
			<xmin>3008</xmin>
			<ymin>257</ymin>
			<xmax>3338</xmax>
			<ymax>581</ymax>
		</bndbox>
	</object>
	<object>
		<name>dish</name>
		<bndbox>
			<xmin>2179</xmin>
			<ymin>887</ymin>
			<xmax>4651</xmax>
			<ymax>3349</ymax>
		</bndbox>
	</object>
	<object>
		<name>호박죽</name>
		<bndbox>
			<xmin>2535</xmin>
			<ymin>1257</ymin>
			<xmax>4291</xmax>
			<ymax>2984</ymax>
		</bndbox>
	</object>
</annotation>