<annotation>
	<folder>top죽류대접호박죽q4</folder>
	<filename>top_죽류_대접_호박죽_Q4_00026.JPG</filename>
	<path>/top죽류대접호박죽q4/top_죽류_대접_호박죽_Q4_00026.JPG</path>
	<source>
		<database>fooddata</database>
	</source>
	<size>
		<width>5472</width>
		<height>3648</height>
		<depth>3</depth>
	</size>
	<object>
		<name>ref_spoon</name>
		<bndbox>
			<xmin>1671</xmin>
			<ymin>2921</ymin>
			<xmax>2357</xmax>
			<ymax>3371</ymax>
		</bndbox>
	</object>
	<object>
		<name>ref_fork</name>
		<bndbox>
			<xmin>1814</xmin>
			<ymin>2489</ymin>
			<xmax>2553</xmax>
			<ymax>2782</ymax>
		</bndbox>
	</object>
	<object>
		<name>ref_coin</name>
		<bndbox>
			<xmin>1598</xmin>
			<ymin>937</ymin>
			<xmax>1891</xmax>
			<ymax>1222</ymax>
		</bndbox>
	</object>
	<object>
		<name>dish</name>
		<bndbox>
			<xmin>2238</xmin>
			<ymin>512</ymin>
			<xmax>4296</xmax>
			<ymax>2551</ymax>
		</bndbox>
	</object>
	<object>
		<name>호박죽</name>
		<bndbox>
			<xmin>2535</xmin>
			<ymin>848</ymin>
			<xmax>3979</xmax>
			<ymax>2269</ymax>
		</bndbox>
	</object>
</annotation>