<annotation>
	<folder>top죽류대접호박죽q4</folder>
	<filename>top_죽류_대접_호박죽_Q4_00048.JPG</filename>
	<path>/top죽류대접호박죽q4/top_죽류_대접_호박죽_Q4_00048.JPG</path>
	<source>
		<database>fooddata</database>
	</source>
	<size>
		<width>5472</width>
		<height>3648</height>
		<depth>3</depth>
	</size>
	<object>
		<name>ref_spoon</name>
		<bndbox>
			<xmin>1087</xmin>
			<ymin>341</ymin>
			<xmax>1575</xmax>
			<ymax>1096</ymax>
		</bndbox>
	</object>
	<object>
		<name>ref_fork</name>
		<bndbox>
			<xmin>1812</xmin>
			<ymin>467</ymin>
			<xmax>2122</xmax>
			<ymax>1310</ymax>
		</bndbox>
	</object>
	<object>
		<name>ref_coin</name>
		<bndbox>
			<xmin>4174</xmin>
			<ymin>2778</ymin>
			<xmax>4529</xmax>
			<ymax>3133</ymax>
		</bndbox>
	</object>
	<object>
		<name>dish</name>
		<bndbox>
			<xmin>2172</xmin>
			<ymin>422</ymin>
			<xmax>4626</xmax>
			<ymax>2844</ymax>
		</bndbox>
	</object>
	<object>
		<name>호박죽</name>
		<bndbox>
			<xmin>2713</xmin>
			<ymin>889</ymin>
			<xmax>4178</xmax>
			<ymax>2433</ymax>
		</bndbox>
	</object>
</annotation>