<annotation>
	<folder>top죽류대접호박죽q4</folder>
	<filename>top_죽류_대접_호박죽_Q4_00001.JPG</filename>
	<path>/top죽류대접호박죽q4/top_죽류_대접_호박죽_Q4_00001.JPG</path>
	<source>
		<database>fooddata</database>
	</source>
	<size>
		<width>5472</width>
		<height>3648</height>
		<depth>3</depth>
	</size>
	<object>
		<name>ref_spoon</name>
		<bndbox>
			<xmin>3706</xmin>
			<ymin>538</ymin>
			<xmax>4247</xmax>
			<ymax>1362</ymax>
		</bndbox>
	</object>
	<object>
		<name>ref_fork</name>
		<bndbox>
			<xmin>4358</xmin>
			<ymin>525</ymin>
			<xmax>4727</xmax>
			<ymax>1419</ymax>
		</bndbox>
	</object>
	<object>
		<name>ref_coin</name>
		<bndbox>
			<xmin>2949</xmin>
			<ymin>2858</ymin>
			<xmax>3341</xmax>
			<ymax>3254</ymax>
		</bndbox>
	</object>
	<object>
		<name>dish</name>
		<bndbox>
			<xmin>827</xmin>
			<ymin>171</ymin>
			<xmax>3492</xmax>
			<ymax>2826</ymax>
		</bndbox>
	</object>
	<object>
		<name>호박죽</name>
		<bndbox>
			<xmin>1248</xmin>
			<ymin>587</ymin>
			<xmax>3148</xmax>
			<ymax>2446</ymax>
		</bndbox>
	</object>
</annotation>