<annotation>
	<folder>top죽류대접호박죽q4</folder>
	<filename>top_죽류_대접_호박죽_Q4_00008.JPG</filename>
	<path>/top죽류대접호박죽q4/top_죽류_대접_호박죽_Q4_00008.JPG</path>
	<source>
		<database>fooddata</database>
	</source>
	<size>
		<width>5472</width>
		<height>3648</height>
		<depth>3</depth>
	</size>
	<object>
		<name>ref_spoon</name>
		<bndbox>
			<xmin>3924</xmin>
			<ymin>769</ymin>
			<xmax>4459</xmax>
			<ymax>1614</ymax>
		</bndbox>
	</object>
	<object>
		<name>ref_fork</name>
		<bndbox>
			<xmin>4574</xmin>
			<ymin>763</ymin>
			<xmax>4940</xmax>
			<ymax>1665</ymax>
		</bndbox>
	</object>
	<object>
		<name>ref_coin</name>
		<bndbox>
			<xmin>750</xmin>
			<ymin>316</ymin>
			<xmax>1131</xmax>
			<ymax>686</ymax>
		</bndbox>
	</object>
	<object>
		<name>dish</name>
		<bndbox>
			<xmin>996</xmin>
			<ymin>597</ymin>
			<xmax>3682</xmax>
			<ymax>3252</ymax>
		</bndbox>
	</object>
	<object>
		<name>호박죽</name>
		<bndbox>
			<xmin>1407</xmin>
			<ymin>1013</ymin>
			<xmax>3286</xmax>
			<ymax>2877</ymax>
		</bndbox>
	</object>
</annotation>