<annotation>
	<folder>top죽류대접호박죽q4</folder>
	<filename>top_죽류_대접_호박죽_Q4_00041.JPG</filename>
	<path>/top죽류대접호박죽q4/top_죽류_대접_호박죽_Q4_00041.JPG</path>
	<source>
		<database>fooddata</database>
	</source>
	<size>
		<width>5472</width>
		<height>3648</height>
		<depth>3</depth>
	</size>
	<object>
		<name>ref_spoon</name>
		<bndbox>
			<xmin>1017</xmin>
			<ymin>743</ymin>
			<xmax>1512</xmax>
			<ymax>1513</ymax>
		</bndbox>
	</object>
	<object>
		<name>ref_fork</name>
		<bndbox>
			<xmin>1750</xmin>
			<ymin>857</ymin>
			<xmax>2072</xmax>
			<ymax>1674</ymax>
		</bndbox>
	</object>
	<object>
		<name>ref_coin</name>
		<bndbox>
			<xmin>3978</xmin>
			<ymin>177</ymin>
			<xmax>4320</xmax>
			<ymax>511</ymax>
		</bndbox>
	</object>
	<object>
		<name>dish</name>
		<bndbox>
			<xmin>2145</xmin>
			<ymin>809</ymin>
			<xmax>4636</xmax>
			<ymax>3276</ymax>
		</bndbox>
	</object>
	<object>
		<name>호박죽</name>
		<bndbox>
			<xmin>2510</xmin>
			<ymin>1189</ymin>
			<xmax>4271</xmax>
			<ymax>2930</ymax>
		</bndbox>
	</object>
</annotation>