<annotation>
	<folder>top죽류대접호박죽q4</folder>
	<filename>top_죽류_대접_호박죽_Q4_00016.JPG</filename>
	<path>/top죽류대접호박죽q4/top_죽류_대접_호박죽_Q4_00016.JPG</path>
	<source>
		<database>fooddata</database>
	</source>
	<size>
		<width>5472</width>
		<height>3648</height>
		<depth>3</depth>
	</size>
	<object>
		<name>ref_spoon</name>
		<bndbox>
			<xmin>3356</xmin>
			<ymin>524</ymin>
			<xmax>3840</xmax>
			<ymax>1313</ymax>
		</bndbox>
	</object>
	<object>
		<name>ref_fork</name>
		<bndbox>
			<xmin>4035</xmin>
			<ymin>552</ymin>
			<xmax>4391</xmax>
			<ymax>1377</ymax>
		</bndbox>
	</object>
	<object>
		<name>ref_coin</name>
		<bndbox>
			<xmin>1603</xmin>
			<ymin>2995</ymin>
			<xmax>1948</xmax>
			<ymax>3347</ymax>
		</bndbox>
	</object>
	<object>
		<name>dish</name>
		<bndbox>
			<xmin>878</xmin>
			<ymin>320</ymin>
			<xmax>3240</xmax>
			<ymax>2659</ymax>
		</bndbox>
	</object>
	<object>
		<name>호박죽</name>
		<bndbox>
			<xmin>1266</xmin>
			<ymin>695</ymin>
			<xmax>2949</xmax>
			<ymax>2335</ymax>
		</bndbox>
	</object>
</annotation>