<annotation>
	<folder>top죽류대접호박죽q4</folder>
	<filename>top_죽류_대접_호박죽_Q4_00029.JPG</filename>
	<path>/top죽류대접호박죽q4/top_죽류_대접_호박죽_Q4_00029.JPG</path>
	<source>
		<database>fooddata</database>
	</source>
	<size>
		<width>5472</width>
		<height>3648</height>
		<depth>3</depth>
	</size>
	<object>
		<name>ref_spoon</name>
		<bndbox>
			<xmin>1459</xmin>
			<ymin>2933</ymin>
			<xmax>2129</xmax>
			<ymax>3388</ymax>
		</bndbox>
	</object>
	<object>
		<name>ref_fork</name>
		<bndbox>
			<xmin>1604</xmin>
			<ymin>2503</ymin>
			<xmax>2327</xmax>
			<ymax>2794</ymax>
		</bndbox>
	</object>
	<object>
		<name>ref_coin</name>
		<bndbox>
			<xmin>1215</xmin>
			<ymin>923</ymin>
			<xmax>1500</xmax>
			<ymax>1200</ymax>
		</bndbox>
	</object>
	<object>
		<name>dish</name>
		<bndbox>
			<xmin>1960</xmin>
			<ymin>413</ymin>
			<xmax>4021</xmax>
			<ymax>2431</ymax>
		</bndbox>
	</object>
	<object>
		<name>호박죽</name>
		<bndbox>
			<xmin>2265</xmin>
			<ymin>741</ymin>
			<xmax>3732</xmax>
			<ymax>2162</ymax>
		</bndbox>
	</object>
</annotation>