<annotation>
	<folder>top죽류대접호박죽q4</folder>
	<filename>top_죽류_대접_호박죽_Q4_00046.JPG</filename>
	<path>/top죽류대접호박죽q4/top_죽류_대접_호박죽_Q4_00046.JPG</path>
	<source>
		<database>fooddata</database>
	</source>
	<size>
		<width>5472</width>
		<height>3648</height>
		<depth>3</depth>
	</size>
	<object>
		<name>ref_spoon</name>
		<bndbox>
			<xmin>1287</xmin>
			<ymin>382</ymin>
			<xmax>1767</xmax>
			<ymax>1184</ymax>
		</bndbox>
	</object>
	<object>
		<name>ref_fork</name>
		<bndbox>
			<xmin>1993</xmin>
			<ymin>504</ymin>
			<xmax>2311</xmax>
			<ymax>1310</ymax>
		</bndbox>
	</object>
	<object>
		<name>ref_coin</name>
		<bndbox>
			<xmin>3268</xmin>
			<ymin>3111</ymin>
			<xmax>3616</xmax>
			<ymax>3473</ymax>
		</bndbox>
	</object>
	<object>
		<name>dish</name>
		<bndbox>
			<xmin>2394</xmin>
			<ymin>464</ymin>
			<xmax>4845</xmax>
			<ymax>2901</ymax>
		</bndbox>
	</object>
	<object>
		<name>호박죽</name>
		<bndbox>
			<xmin>2749</xmin>
			<ymin>843</ymin>
			<xmax>4490</xmax>
			<ymax>2561</ymax>
		</bndbox>
	</object>
</annotation>