<annotation>
	<folder>top죽류대접호박죽q4</folder>
	<filename>top_죽류_대접_호박죽_Q4_00030.JPG</filename>
	<path>/top죽류대접호박죽q4/top_죽류_대접_호박죽_Q4_00030.JPG</path>
	<source>
		<database>fooddata</database>
	</source>
	<size>
		<width>5472</width>
		<height>3648</height>
		<depth>3</depth>
	</size>
	<object>
		<name>ref_spoon</name>
		<bndbox>
			<xmin>1472</xmin>
			<ymin>2890</ymin>
			<xmax>2156</xmax>
			<ymax>3339</ymax>
		</bndbox>
	</object>
	<object>
		<name>ref_fork</name>
		<bndbox>
			<xmin>1624</xmin>
			<ymin>2470</ymin>
			<xmax>2360</xmax>
			<ymax>2754</ymax>
		</bndbox>
	</object>
	<object>
		<name>ref_coin</name>
		<bndbox>
			<xmin>1872</xmin>
			<ymin>397</ymin>
			<xmax>2152</xmax>
			<ymax>671</ymax>
		</bndbox>
	</object>
	<object>
		<name>dish</name>
		<bndbox>
			<xmin>1965</xmin>
			<ymin>347</ymin>
			<xmax>4007</xmax>
			<ymax>2344</ymax>
		</bndbox>
	</object>
	<object>
		<name>호박죽</name>
		<bndbox>
			<xmin>2275</xmin>
			<ymin>668</ymin>
			<xmax>3709</xmax>
			<ymax>2075</ymax>
		</bndbox>
	</object>
</annotation>