<annotation>
	<folder>top죽류대접호박죽q4</folder>
	<filename>top_죽류_대접_호박죽_Q4_00015.JPG</filename>
	<path>/top죽류대접호박죽q4/top_죽류_대접_호박죽_Q4_00015.JPG</path>
	<source>
		<database>fooddata</database>
	</source>
	<size>
		<width>5472</width>
		<height>3648</height>
		<depth>3</depth>
	</size>
	<object>
		<name>ref_spoon</name>
		<bndbox>
			<xmin>3372</xmin>
			<ymin>616</ymin>
			<xmax>3853</xmax>
			<ymax>1333</ymax>
		</bndbox>
	</object>
	<object>
		<name>ref_fork</name>
		<bndbox>
			<xmin>4048</xmin>
			<ymin>639</ymin>
			<xmax>4399</xmax>
			<ymax>1448</ymax>
		</bndbox>
	</object>
	<object>
		<name>ref_coin</name>
		<bndbox>
			<xmin>2104</xmin>
			<ymin>2981</ymin>
			<xmax>2445</xmax>
			<ymax>3345</ymax>
		</bndbox>
	</object>
	<object>
		<name>dish</name>
		<bndbox>
			<xmin>950</xmin>
			<ymin>434</ymin>
			<xmax>3340</xmax>
			<ymax>2783</ymax>
		</bndbox>
	</object>
	<object>
		<name>호박죽</name>
		<bndbox>
			<xmin>1340</xmin>
			<ymin>816</ymin>
			<xmax>3042</xmax>
			<ymax>2455</ymax>
		</bndbox>
	</object>
</annotation>