<annotation>
	<folder>side건더기국류뚝배기갈비탕q2</folder>
	<filename>side_건더기국류_뚝배기_갈비탕_Q2_00023.JPG</filename>
	<path>/side건더기국류뚝배기갈비탕q2/side_건더기국류_뚝배기_갈비탕_Q2_00023.JPG</path>
	<source>
		<database>fooddata</database>
	</source>
	<size>
		<width>3008</width>
		<height>2000</height>
		<depth>3</depth>
	</size>
	<object>
		<name>ref_spoon</name>
		<bndbox>
			<xmin>843</xmin>
			<ymin>1634</ymin>
			<xmax>1293</xmax>
			<ymax>1865</ymax>
		</bndbox>
	</object>
	<object>
		<name>ref_fork</name>
		<bndbox>
			<xmin>826</xmin>
			<ymin>1388</ymin>
			<xmax>1312</xmax>
			<ymax>1592</ymax>
		</bndbox>
	</object>
	<object>
		<name>ref_coin</name>
		<bndbox>
			<xmin>288</xmin>
			<ymin>494</ymin>
			<xmax>492</xmax>
			<ymax>627</ymax>
		</bndbox>
	</object>
	<object>
		<name>dish</name>
		<bndbox>
			<xmin>954</xmin>
			<ymin>233</ymin>
			<xmax>2150</xmax>
			<ymax>1263</ymax>
		</bndbox>
	</object>
	<object>
		<name>갈비탕</name>
		<bndbox>
			<xmin>1126</xmin>
			<ymin>631</ymin>
			<xmax>1944</xmax>
			<ymax>919</ymax>
		</bndbox>
	</object>
</annotation>