<annotation>
	<folder>side건더기국류뚝배기갈비탕q2</folder>
	<filename>side_건더기국류_뚝배기_갈비탕_Q2_00029.JPG</filename>
	<path>/side건더기국류뚝배기갈비탕q2/side_건더기국류_뚝배기_갈비탕_Q2_00029.JPG</path>
	<source>
		<database>fooddata</database>
	</source>
	<size>
		<width>3008</width>
		<height>2000</height>
		<depth>3</depth>
	</size>
	<object>
		<name>ref_spoon</name>
		<bndbox>
			<xmin>811</xmin>
			<ymin>1708</ymin>
			<xmax>1266</xmax>
			<ymax>1941</ymax>
		</bndbox>
	</object>
	<object>
		<name>ref_fork</name>
		<bndbox>
			<xmin>799</xmin>
			<ymin>1467</ymin>
			<xmax>1290</xmax>
			<ymax>1671</ymax>
		</bndbox>
	</object>
	<object>
		<name>ref_coin</name>
		<bndbox>
			<xmin>2256</xmin>
			<ymin>1042</ymin>
			<xmax>2455</xmax>
			<ymax>1182</ymax>
		</bndbox>
	</object>
	<object>
		<name>dish</name>
		<bndbox>
			<xmin>774</xmin>
			<ymin>307</ymin>
			<xmax>1961</xmax>
			<ymax>1334</ymax>
		</bndbox>
	</object>
	<object>
		<name>갈비탕</name>
		<bndbox>
			<xmin>951</xmin>
			<ymin>688</ymin>
			<xmax>1774</xmax>
			<ymax>993</ymax>
		</bndbox>
	</object>
</annotation>