<annotation>
	<folder>side건더기국류뚝배기갈비탕q2</folder>
	<filename>side_건더기국류_뚝배기_갈비탕_Q2_00054.JPG</filename>
	<path>/side건더기국류뚝배기갈비탕q2/side_건더기국류_뚝배기_갈비탕_Q2_00054.JPG</path>
	<source>
		<database>fooddata</database>
	</source>
	<size>
		<width>3008</width>
		<height>2000</height>
		<depth>3</depth>
	</size>
	<object>
		<name>ref_spoon</name>
		<bndbox>
			<xmin>197</xmin>
			<ymin>759</ymin>
			<xmax>492</xmax>
			<ymax>1130</ymax>
		</bndbox>
	</object>
	<object>
		<name>ref_fork</name>
		<bndbox>
			<xmin>585</xmin>
			<ymin>730</ymin>
			<xmax>784</xmax>
			<ymax>1157</ymax>
		</bndbox>
	</object>
	<object>
		<name>ref_coin</name>
		<bndbox>
			<xmin>1015</xmin>
			<ymin>442</ymin>
			<xmax>1212</xmax>
			<ymax>577</ymax>
		</bndbox>
	</object>
	<object>
		<name>dish</name>
		<bndbox>
			<xmin>1307</xmin>
			<ymin>526</ymin>
			<xmax>2605</xmax>
			<ymax>1641</ymax>
		</bndbox>
	</object>
	<object>
		<name>갈비탕</name>
		<bndbox>
			<xmin>1509</xmin>
			<ymin>818</ymin>
			<xmax>2366</xmax>
			<ymax>1300</ymax>
		</bndbox>
	</object>
</annotation>