<annotation>
	<folder>side건더기국류뚝배기갈비탕q2</folder>
	<filename>side_건더기국류_뚝배기_갈비탕_Q2_00050.JPG</filename>
	<path>/side건더기국류뚝배기갈비탕q2/side_건더기국류_뚝배기_갈비탕_Q2_00050.JPG</path>
	<source>
		<database>fooddata</database>
	</source>
	<size>
		<width>3008</width>
		<height>2000</height>
		<depth>3</depth>
	</size>
	<object>
		<name>ref_spoon</name>
		<bndbox>
			<xmin>271</xmin>
			<ymin>813</ymin>
			<xmax>565</xmax>
			<ymax>1184</ymax>
		</bndbox>
	</object>
	<object>
		<name>ref_fork</name>
		<bndbox>
			<xmin>654</xmin>
			<ymin>796</ymin>
			<xmax>855</xmax>
			<ymax>1214</ymax>
		</bndbox>
	</object>
	<object>
		<name>ref_coin</name>
		<bndbox>
			<xmin>2632</xmin>
			<ymin>1057</ymin>
			<xmax>2841</xmax>
			<ymax>1204</ymax>
		</bndbox>
	</object>
	<object>
		<name>dish</name>
		<bndbox>
			<xmin>1111</xmin>
			<ymin>403</ymin>
			<xmax>2347</xmax>
			<ymax>1472</ymax>
		</bndbox>
	</object>
	<object>
		<name>갈비탕</name>
		<bndbox>
			<xmin>1310</xmin>
			<ymin>774</ymin>
			<xmax>2192</xmax>
			<ymax>1118</ymax>
		</bndbox>
	</object>
</annotation>