<annotation>
	<folder>side건더기국류뚝배기갈비탕q2</folder>
	<filename>side_건더기국류_뚝배기_갈비탕_Q2_00047.JPG</filename>
	<path>/side건더기국류뚝배기갈비탕q2/side_건더기국류_뚝배기_갈비탕_Q2_00047.JPG</path>
	<source>
		<database>fooddata</database>
	</source>
	<size>
		<width>3008</width>
		<height>2000</height>
		<depth>3</depth>
	</size>
	<object>
		<name>ref_spoon</name>
		<bndbox>
			<xmin>214</xmin>
			<ymin>592</ymin>
			<xmax>499</xmax>
			<ymax>966</ymax>
		</bndbox>
	</object>
	<object>
		<name>ref_fork</name>
		<bndbox>
			<xmin>592</xmin>
			<ymin>568</ymin>
			<xmax>799</xmax>
			<ymax>990</ymax>
		</bndbox>
	</object>
	<object>
		<name>ref_coin</name>
		<bndbox>
			<xmin>2381</xmin>
			<ymin>1349</ymin>
			<xmax>2610</xmax>
			<ymax>1514</ymax>
		</bndbox>
	</object>
	<object>
		<name>dish</name>
		<bndbox>
			<xmin>1049</xmin>
			<ymin>160</ymin>
			<xmax>2298</xmax>
			<ymax>1233</ymax>
		</bndbox>
	</object>
	<object>
		<name>갈비탕</name>
		<bndbox>
			<xmin>1256</xmin>
			<ymin>536</ymin>
			<xmax>2062</xmax>
			<ymax>882</ymax>
		</bndbox>
	</object>
</annotation>