<annotation>
	<folder>top건더기국류뚝배기갈비탕q2</folder>
	<filename>top_건더기국류_뚝배기_갈비탕_Q2_00001.JPG</filename>
	<path>/top건더기국류뚝배기갈비탕q2/top_건더기국류_뚝배기_갈비탕_Q2_00001.JPG</path>
	<source>
		<database>fooddata</database>
	</source>
	<size>
		<width>3008</width>
		<height>2000</height>
		<depth>3</depth>
	</size>
	<object>
		<name>ref_spoon</name>
		<bndbox>
			<xmin>2102</xmin>
			<ymin>162</ymin>
			<xmax>2397</xmax>
			<ymax>627</ymax>
		</bndbox>
	</object>
	<object>
		<name>ref_fork</name>
		<bndbox>
			<xmin>2525</xmin>
			<ymin>183</ymin>
			<xmax>2715</xmax>
			<ymax>684</ymax>
		</bndbox>
	</object>
	<object>
		<name>ref_coin</name>
		<bndbox>
			<xmin>1736</xmin>
			<ymin>1551</ymin>
			<xmax>1950</xmax>
			<ymax>1775</ymax>
		</bndbox>
	</object>
	<object>
		<name>dish</name>
		<bndbox>
			<xmin>525</xmin>
			<ymin>206</ymin>
			<xmax>2031</xmax>
			<ymax>1692</ymax>
		</bndbox>
	</object>
	<object>
		<name>갈비탕</name>
		<bndbox>
			<xmin>757</xmin>
			<ymin>426</ymin>
			<xmax>1841</xmax>
			<ymax>1509</ymax>
		</bndbox>
	</object>
</annotation>