<annotation>
	<folder>top건더기국류뚝배기갈비탕q2</folder>
	<filename>top_건더기국류_뚝배기_갈비탕_Q2_00004.JPG</filename>
	<path>/top건더기국류뚝배기갈비탕q2/top_건더기국류_뚝배기_갈비탕_Q2_00004.JPG</path>
	<source>
		<database>fooddata</database>
	</source>
	<size>
		<width>3008</width>
		<height>2000</height>
		<depth>3</depth>
	</size>
	<object>
		<name>ref_spoon</name>
		<bndbox>
			<xmin>2107</xmin>
			<ymin>188</ymin>
			<xmax>2373</xmax>
			<ymax>611</ymax>
		</bndbox>
	</object>
	<object>
		<name>ref_fork</name>
		<bndbox>
			<xmin>2473</xmin>
			<ymin>214</ymin>
			<xmax>2676</xmax>
			<ymax>687</ymax>
		</bndbox>
	</object>
	<object>
		<name>ref_coin</name>
		<bndbox>
			<xmin>747</xmin>
			<ymin>1606</ymin>
			<xmax>956</xmax>
			<ymax>1817</ymax>
		</bndbox>
	</object>
	<object>
		<name>dish</name>
		<bndbox>
			<xmin>702</xmin>
			<ymin>162</ymin>
			<xmax>2084</xmax>
			<ymax>1546</ymax>
		</bndbox>
	</object>
	<object>
		<name>갈비탕</name>
		<bndbox>
			<xmin>883</xmin>
			<ymin>379</ymin>
			<xmax>1893</xmax>
			<ymax>1394</ymax>
		</bndbox>
	</object>
</annotation>