<annotation>
	<folder>top건더기국류뚝배기갈비탕q2</folder>
	<filename>top_건더기국류_뚝배기_갈비탕_Q2_00029.JPG</filename>
	<path>/top건더기국류뚝배기갈비탕q2/top_건더기국류_뚝배기_갈비탕_Q2_00029.JPG</path>
	<source>
		<database>fooddata</database>
	</source>
	<size>
		<width>3008</width>
		<height>2000</height>
		<depth>3</depth>
	</size>
	<object>
		<name>ref_spoon</name>
		<bndbox>
			<xmin>1044</xmin>
			<ymin>1627</ymin>
			<xmax>1428</xmax>
			<ymax>1880</ymax>
		</bndbox>
	</object>
	<object>
		<name>ref_fork</name>
		<bndbox>
			<xmin>1055</xmin>
			<ymin>1347</ymin>
			<xmax>1454</xmax>
			<ymax>1522</ymax>
		</bndbox>
	</object>
	<object>
		<name>ref_coin</name>
		<bndbox>
			<xmin>2279</xmin>
			<ymin>227</ymin>
			<xmax>2439</xmax>
			<ymax>389</ymax>
		</bndbox>
	</object>
	<object>
		<name>dish</name>
		<bndbox>
			<xmin>1199</xmin>
			<ymin>89</ymin>
			<xmax>2345</xmax>
			<ymax>1219</ymax>
		</bndbox>
	</object>
	<object>
		<name>갈비탕</name>
		<bndbox>
			<xmin>1326</xmin>
			<ymin>313</ymin>
			<xmax>2159</xmax>
			<ymax>1131</ymax>
		</bndbox>
	</object>
</annotation>