<annotation>
	<folder>top건더기국류뚝배기갈비탕q2</folder>
	<filename>top_건더기국류_뚝배기_갈비탕_Q2_00040.JPG</filename>
	<path>/top건더기국류뚝배기갈비탕q2/top_건더기국류_뚝배기_갈비탕_Q2_00040.JPG</path>
	<source>
		<database>fooddata</database>
	</source>
	<size>
		<width>3008</width>
		<height>2000</height>
		<depth>3</depth>
	</size>
	<object>
		<name>ref_spoon</name>
		<bndbox>
			<xmin>360</xmin>
			<ymin>418</ymin>
			<xmax>629</xmax>
			<ymax>833</ymax>
		</bndbox>
	</object>
	<object>
		<name>ref_fork</name>
		<bndbox>
			<xmin>804</xmin>
			<ymin>436</ymin>
			<xmax>992</xmax>
			<ymax>903</ymax>
		</bndbox>
	</object>
	<object>
		<name>ref_coin</name>
		<bndbox>
			<xmin>1820</xmin>
			<ymin>198</ymin>
			<xmax>2005</xmax>
			<ymax>381</ymax>
		</bndbox>
	</object>
	<object>
		<name>dish</name>
		<bndbox>
			<xmin>1214</xmin>
			<ymin>491</ymin>
			<xmax>2551</xmax>
			<ymax>1830</ymax>
		</bndbox>
	</object>
	<object>
		<name>갈비탕</name>
		<bndbox>
			<xmin>1355</xmin>
			<ymin>676</ymin>
			<xmax>2321</xmax>
			<ymax>1650</ymax>
		</bndbox>
	</object>
</annotation>