<annotation>
	<folder>top건더기국류뚝배기갈비탕q2</folder>
	<filename>top_건더기국류_뚝배기_갈비탕_Q2_00021.JPG</filename>
	<path>/top건더기국류뚝배기갈비탕q2/top_건더기국류_뚝배기_갈비탕_Q2_00021.JPG</path>
	<source>
		<database>fooddata</database>
	</source>
	<size>
		<width>3008</width>
		<height>2000</height>
		<depth>3</depth>
	</size>
	<object>
		<name>ref_spoon</name>
		<bndbox>
			<xmin>969</xmin>
			<ymin>1661</ymin>
			<xmax>1329</xmax>
			<ymax>1901</ymax>
		</bndbox>
	</object>
	<object>
		<name>ref_fork</name>
		<bndbox>
			<xmin>1003</xmin>
			<ymin>1407</ymin>
			<xmax>1368</xmax>
			<ymax>1569</ymax>
		</bndbox>
	</object>
	<object>
		<name>ref_coin</name>
		<bndbox>
			<xmin>1841</xmin>
			<ymin>57</ymin>
			<xmax>1990</xmax>
			<ymax>204</ymax>
		</bndbox>
	</object>
	<object>
		<name>dish</name>
		<bndbox>
			<xmin>1138</xmin>
			<ymin>211</ymin>
			<xmax>2196</xmax>
			<ymax>1243</ymax>
		</bndbox>
	</object>
	<object>
		<name>갈비탕</name>
		<bndbox>
			<xmin>1248</xmin>
			<ymin>405</ymin>
			<xmax>2029</xmax>
			<ymax>1149</ymax>
		</bndbox>
	</object>
</annotation>