<annotation>
	<folder>top건더기국류뚝배기갈비탕q2</folder>
	<filename>top_건더기국류_뚝배기_갈비탕_Q2_00050.JPG</filename>
	<path>/top건더기국류뚝배기갈비탕q2/top_건더기국류_뚝배기_갈비탕_Q2_00050.JPG</path>
	<source>
		<database>fooddata</database>
	</source>
	<size>
		<width>3008</width>
		<height>2000</height>
		<depth>3</depth>
	</size>
	<object>
		<name>ref_spoon</name>
		<bndbox>
			<xmin>141</xmin>
			<ymin>376</ymin>
			<xmax>428</xmax>
			<ymax>794</ymax>
		</bndbox>
	</object>
	<object>
		<name>ref_fork</name>
		<bndbox>
			<xmin>611</xmin>
			<ymin>399</ymin>
			<xmax>802</xmax>
			<ymax>867</ymax>
		</bndbox>
	</object>
	<object>
		<name>ref_coin</name>
		<bndbox>
			<xmin>2572</xmin>
			<ymin>898</ymin>
			<xmax>2755</xmax>
			<ymax>1086</ymax>
		</bndbox>
	</object>
	<object>
		<name>dish</name>
		<bndbox>
			<xmin>990</xmin>
			<ymin>326</ymin>
			<xmax>2316</xmax>
			<ymax>1650</ymax>
		</bndbox>
	</object>
	<object>
		<name>갈비탕</name>
		<bndbox>
			<xmin>1149</xmin>
			<ymin>520</ymin>
			<xmax>2099</xmax>
			<ymax>1493</ymax>
		</bndbox>
	</object>
</annotation>