<annotation>
	<folder>side어육류면적원형배달떡볶이q1</folder>
	<filename>side_어육류면적_원형배달_떡볶이_Q1_00009.JPG</filename>
	<path>/side어육류면적원형배달떡볶이q1/side_어육류면적_원형배달_떡볶이_Q1_00009.JPG</path>
	<source>
		<database>fooddata</database>
	</source>
	<size>
		<width>3008</width>
		<height>2000</height>
		<depth>3</depth>
	</size>
	<object>
		<name>ref_spoon</name>
		<bndbox>
			<xmin>1970</xmin>
			<ymin>610</ymin>
			<xmax>2307</xmax>
			<ymax>1013</ymax>
		</bndbox>
	</object>
	<object>
		<name>ref_fork</name>
		<bndbox>
			<xmin>2422</xmin>
			<ymin>583</ymin>
			<xmax>2666</xmax>
			<ymax>1062</ymax>
		</bndbox>
	</object>
	<object>
		<name>ref_coin</name>
		<bndbox>
			<xmin>311</xmin>
			<ymin>658</ymin>
			<xmax>563</xmax>
			<ymax>845</ymax>
		</bndbox>
	</object>
	<object>
		<name>dish</name>
		<bndbox>
			<xmin>794</xmin>
			<ymin>641</ymin>
			<xmax>1894</xmax>
			<ymax>1719</ymax>
		</bndbox>
	</object>
	<object>
		<name>떡볶이</name>
		<bndbox>
			<xmin>1122</xmin>
			<ymin>1027</ymin>
			<xmax>1744</xmax>
			<ymax>1382</ymax>
		</bndbox>
	</object>
</annotation>