<annotation>
	<folder>side어육류면적원형배달떡볶이q1</folder>
	<filename>side_어육류면적_원형배달_떡볶이_Q1_00007.JPG</filename>
	<path>/side어육류면적원형배달떡볶이q1/side_어육류면적_원형배달_떡볶이_Q1_00007.JPG</path>
	<source>
		<database>fooddata</database>
	</source>
	<size>
		<width>3008</width>
		<height>2000</height>
		<depth>3</depth>
	</size>
	<object>
		<name>ref_spoon</name>
		<bndbox>
			<xmin>1961</xmin>
			<ymin>676</ymin>
			<xmax>2307</xmax>
			<ymax>1089</ymax>
		</bndbox>
	</object>
	<object>
		<name>ref_fork</name>
		<bndbox>
			<xmin>2405</xmin>
			<ymin>663</ymin>
			<xmax>2640</xmax>
			<ymax>1146</ymax>
		</bndbox>
	</object>
	<object>
		<name>ref_coin</name>
		<bndbox>
			<xmin>244</xmin>
			<ymin>1129</ymin>
			<xmax>519</xmax>
			<ymax>1328</ymax>
		</bndbox>
	</object>
	<object>
		<name>dish</name>
		<bndbox>
			<xmin>736</xmin>
			<ymin>650</ymin>
			<xmax>1832</xmax>
			<ymax>1723</ymax>
		</bndbox>
	</object>
	<object>
		<name>떡볶이</name>
		<bndbox>
			<xmin>1020</xmin>
			<ymin>942</ymin>
			<xmax>1655</xmax>
			<ymax>1373</ymax>
		</bndbox>
	</object>
</annotation>