<annotation>
	<folder>side어육류면적원형배달떡볶이q1</folder>
	<filename>side_어육류면적_원형배달_떡볶이_Q1_00039.JPG</filename>
	<path>/side어육류면적원형배달떡볶이q1/side_어육류면적_원형배달_떡볶이_Q1_00039.JPG</path>
	<source>
		<database>fooddata</database>
	</source>
	<size>
		<width>3008</width>
		<height>2000</height>
		<depth>3</depth>
	</size>
	<object>
		<name>ref_spoon</name>
		<bndbox>
			<xmin>590</xmin>
			<ymin>161</ymin>
			<xmax>936</xmax>
			<ymax>583</ymax>
		</bndbox>
	</object>
	<object>
		<name>ref_fork</name>
		<bndbox>
			<xmin>1109</xmin>
			<ymin>210</ymin>
			<xmax>1335</xmax>
			<ymax>720</ymax>
		</bndbox>
	</object>
	<object>
		<name>ref_coin</name>
		<bndbox>
			<xmin>155</xmin>
			<ymin>1399</ymin>
			<xmax>439</xmax>
			<ymax>1626</ymax>
		</bndbox>
	</object>
	<object>
		<name>dish</name>
		<bndbox>
			<xmin>1531</xmin>
			<ymin>232</ymin>
			<xmax>2644</xmax>
			<ymax>1368</ymax>
		</bndbox>
	</object>
	<object>
		<name>떡볶이</name>
		<bndbox>
			<xmin>1859</xmin>
			<ymin>636</ymin>
			<xmax>2507</xmax>
			<ymax>1035</ymax>
		</bndbox>
	</object>
</annotation>