<annotation>
	<folder>side어육류면적원형배달떡볶이q1</folder>
	<filename>side_어육류면적_원형배달_떡볶이_Q1_00018.JPG</filename>
	<path>/side어육류면적원형배달떡볶이q1/side_어육류면적_원형배달_떡볶이_Q1_00018.JPG</path>
	<source>
		<database>fooddata</database>
	</source>
	<size>
		<width>3008</width>
		<height>2000</height>
		<depth>3</depth>
	</size>
	<object>
		<name>ref_spoon</name>
		<bndbox>
			<xmin>1526</xmin>
			<ymin>228</ymin>
			<xmax>1872</xmax>
			<ymax>650</ymax>
		</bndbox>
	</object>
	<object>
		<name>ref_fork</name>
		<bndbox>
			<xmin>1979</xmin>
			<ymin>193</ymin>
			<xmax>2232</xmax>
			<ymax>667</ymax>
		</bndbox>
	</object>
	<object>
		<name>ref_coin</name>
		<bndbox>
			<xmin>2378</xmin>
			<ymin>894</ymin>
			<xmax>2635</xmax>
			<ymax>1106</ymax>
		</bndbox>
	</object>
	<object>
		<name>dish</name>
		<bndbox>
			<xmin>217</xmin>
			<ymin>370</ymin>
			<xmax>1322</xmax>
			<ymax>1479</ymax>
		</bndbox>
	</object>
	<object>
		<name>떡볶이</name>
		<bndbox>
			<xmin>515</xmin>
			<ymin>672</ymin>
			<xmax>1207</xmax>
			<ymax>1138</ymax>
		</bndbox>
	</object>
</annotation>