<annotation>
	<folder>side어육류면적원형배달떡볶이q1</folder>
	<filename>side_어육류면적_원형배달_떡볶이_Q1_00011.JPG</filename>
	<path>/side어육류면적원형배달떡볶이q1/side_어육류면적_원형배달_떡볶이_Q1_00011.JPG</path>
	<source>
		<database>fooddata</database>
	</source>
	<size>
		<width>3008</width>
		<height>2000</height>
		<depth>3</depth>
	</size>
	<object>
		<name>ref_spoon</name>
		<bndbox>
			<xmin>2005</xmin>
			<ymin>499</ymin>
			<xmax>2356</xmax>
			<ymax>920</ymax>
		</bndbox>
	</object>
	<object>
		<name>ref_fork</name>
		<bndbox>
			<xmin>2449</xmin>
			<ymin>459</ymin>
			<xmax>2702</xmax>
			<ymax>947</ymax>
		</bndbox>
	</object>
	<object>
		<name>ref_coin</name>
		<bndbox>
			<xmin>1056</xmin>
			<ymin>264</ymin>
			<xmax>1287</xmax>
			<ymax>437</ymax>
		</bndbox>
	</object>
	<object>
		<name>dish</name>
		<bndbox>
			<xmin>803</xmin>
			<ymin>530</ymin>
			<xmax>1881</xmax>
			<ymax>1648</ymax>
		</bndbox>
	</object>
	<object>
		<name>떡볶이</name>
		<bndbox>
			<xmin>909</xmin>
			<ymin>960</ymin>
			<xmax>1602</xmax>
			<ymax>1266</ymax>
		</bndbox>
	</object>
</annotation>