<annotation>
	<folder>side어육류면적원형배달떡볶이q1</folder>
	<filename>side_어육류면적_원형배달_떡볶이_Q1_00049.JPG</filename>
	<path>/side어육류면적원형배달떡볶이q1/side_어육류면적_원형배달_떡볶이_Q1_00049.JPG</path>
	<source>
		<database>fooddata</database>
	</source>
	<size>
		<width>3008</width>
		<height>2000</height>
		<depth>3</depth>
	</size>
	<object>
		<name>ref_spoon</name>
		<bndbox>
			<xmin>634</xmin>
			<ymin>161</ymin>
			<xmax>994</xmax>
			<ymax>592</ymax>
		</bndbox>
	</object>
	<object>
		<name>ref_fork</name>
		<bndbox>
			<xmin>1154</xmin>
			<ymin>206</ymin>
			<xmax>1398</xmax>
			<ymax>725</ymax>
		</bndbox>
	</object>
	<object>
		<name>ref_coin</name>
		<bndbox>
			<xmin>146</xmin>
			<ymin>1200</ymin>
			<xmax>417</xmax>
			<ymax>1421</ymax>
		</bndbox>
	</object>
	<object>
		<name>dish</name>
		<bndbox>
			<xmin>1606</xmin>
			<ymin>46</ymin>
			<xmax>2720</xmax>
			<ymax>1142</ymax>
		</bndbox>
	</object>
	<object>
		<name>떡볶이</name>
		<bndbox>
			<xmin>1788</xmin>
			<ymin>379</ymin>
			<xmax>2382</xmax>
			<ymax>818</ymax>
		</bndbox>
	</object>
</annotation>