<annotation>
	<folder>top어육류면적원형배달떡볶이q1</folder>
	<filename>top_어육류면적_원형배달_떡볶이_Q1_00009.JPG</filename>
	<path>/top어육류면적원형배달떡볶이q1/top_어육류면적_원형배달_떡볶이_Q1_00009.JPG</path>
	<source>
		<database>fooddata</database>
	</source>
	<size>
		<width>3008</width>
		<height>2000</height>
		<depth>3</depth>
	</size>
	<object>
		<name>ref_spoon</name>
		<bndbox>
			<xmin>2043</xmin>
			<ymin>163</ymin>
			<xmax>2397</xmax>
			<ymax>725</ymax>
		</bndbox>
	</object>
	<object>
		<name>ref_fork</name>
		<bndbox>
			<xmin>2522</xmin>
			<ymin>174</ymin>
			<xmax>2801</xmax>
			<ymax>763</ymax>
		</bndbox>
	</object>
	<object>
		<name>ref_coin</name>
		<bndbox>
			<xmin>249</xmin>
			<ymin>597</ymin>
			<xmax>520</xmax>
			<ymax>853</ymax>
		</bndbox>
	</object>
	<object>
		<name>dish</name>
		<bndbox>
			<xmin>758</xmin>
			<ymin>529</ymin>
			<xmax>2005</xmax>
			<ymax>1739</ymax>
		</bndbox>
	</object>
	<object>
		<name>떡볶이</name>
		<bndbox>
			<xmin>867</xmin>
			<ymin>714</ymin>
			<xmax>1862</xmax>
			<ymax>1637</ymax>
		</bndbox>
	</object>
</annotation>