<annotation>
	<folder>top어육류면적원형배달떡볶이q1</folder>
	<filename>top_어육류면적_원형배달_떡볶이_Q1_00016.JPG</filename>
	<path>/top어육류면적원형배달떡볶이q1/top_어육류면적_원형배달_떡볶이_Q1_00016.JPG</path>
	<source>
		<database>fooddata</database>
	</source>
	<size>
		<width>3008</width>
		<height>2000</height>
		<depth>3</depth>
	</size>
	<object>
		<name>ref_spoon</name>
		<bndbox>
			<xmin>1798</xmin>
			<ymin>401</ymin>
			<xmax>2122</xmax>
			<ymax>891</ymax>
		</bndbox>
	</object>
	<object>
		<name>ref_fork</name>
		<bndbox>
			<xmin>2239</xmin>
			<ymin>386</ymin>
			<xmax>2458</xmax>
			<ymax>962</ymax>
		</bndbox>
	</object>
	<object>
		<name>ref_coin</name>
		<bndbox>
			<xmin>1964</xmin>
			<ymin>95</ymin>
			<xmax>2186</xmax>
			<ymax>310</ymax>
		</bndbox>
	</object>
	<object>
		<name>dish</name>
		<bndbox>
			<xmin>347</xmin>
			<ymin>717</ymin>
			<xmax>1463</xmax>
			<ymax>1852</ymax>
		</bndbox>
	</object>
	<object>
		<name>떡볶이</name>
		<bndbox>
			<xmin>550</xmin>
			<ymin>996</ymin>
			<xmax>1365</xmax>
			<ymax>1773</ymax>
		</bndbox>
	</object>
</annotation>