<annotation>
	<folder>top어육류면적원형배달떡볶이q1</folder>
	<filename>top_어육류면적_원형배달_떡볶이_Q1_00042.JPG</filename>
	<path>/top어육류면적원형배달떡볶이q1/top_어육류면적_원형배달_떡볶이_Q1_00042.JPG</path>
	<source>
		<database>fooddata</database>
	</source>
	<size>
		<width>3008</width>
		<height>2000</height>
		<depth>3</depth>
	</size>
	<object>
		<name>ref_spoon</name>
		<bndbox>
			<xmin>648</xmin>
			<ymin>103</ymin>
			<xmax>995</xmax>
			<ymax>668</ymax>
		</bndbox>
	</object>
	<object>
		<name>ref_fork</name>
		<bndbox>
			<xmin>1112</xmin>
			<ymin>310</ymin>
			<xmax>1346</xmax>
			<ymax>879</ymax>
		</bndbox>
	</object>
	<object>
		<name>ref_coin</name>
		<bndbox>
			<xmin>181</xmin>
			<ymin>898</ymin>
			<xmax>441</xmax>
			<ymax>1151</ymax>
		</bndbox>
	</object>
	<object>
		<name>dish</name>
		<bndbox>
			<xmin>1538</xmin>
			<ymin>514</ymin>
			<xmax>2684</xmax>
			<ymax>1667</ymax>
		</bndbox>
	</object>
	<object>
		<name>떡볶이</name>
		<bndbox>
			<xmin>1677</xmin>
			<ymin>646</ymin>
			<xmax>2510</xmax>
			<ymax>1547</ymax>
		</bndbox>
	</object>
</annotation>