<annotation>
	<folder>top어육류면적원형배달떡볶이q1</folder>
	<filename>top_어육류면적_원형배달_떡볶이_Q1_00027.JPG</filename>
	<path>/top어육류면적원형배달떡볶이q1/top_어육류면적_원형배달_떡볶이_Q1_00027.JPG</path>
	<source>
		<database>fooddata</database>
	</source>
	<size>
		<width>3008</width>
		<height>2000</height>
		<depth>3</depth>
	</size>
	<object>
		<name>ref_spoon</name>
		<bndbox>
			<xmin>475</xmin>
			<ymin>1445</ymin>
			<xmax>965</xmax>
			<ymax>1784</ymax>
		</bndbox>
	</object>
	<object>
		<name>ref_fork</name>
		<bndbox>
			<xmin>626</xmin>
			<ymin>1102</ymin>
			<xmax>1172</xmax>
			<ymax>1320</ymax>
		</bndbox>
	</object>
	<object>
		<name>ref_coin</name>
		<bndbox>
			<xmin>607</xmin>
			<ymin>608</ymin>
			<xmax>841</xmax>
			<ymax>827</ymax>
		</bndbox>
	</object>
	<object>
		<name>dish</name>
		<bndbox>
			<xmin>1082</xmin>
			<ymin>54</ymin>
			<xmax>2149</xmax>
			<ymax>1079</ymax>
		</bndbox>
	</object>
	<object>
		<name>떡볶이</name>
		<bndbox>
			<xmin>1463</xmin>
			<ymin>212</ymin>
			<xmax>2020</xmax>
			<ymax>1000</ymax>
		</bndbox>
	</object>
</annotation>