<annotation>
	<folder>top어육류면적원형배달떡볶이q1</folder>
	<filename>top_어육류면적_원형배달_떡볶이_Q1_00040.JPG</filename>
	<path>/top어육류면적원형배달떡볶이q1/top_어육류면적_원형배달_떡볶이_Q1_00040.JPG</path>
	<source>
		<database>fooddata</database>
	</source>
	<size>
		<width>3008</width>
		<height>2000</height>
		<depth>3</depth>
	</size>
	<object>
		<name>ref_spoon</name>
		<bndbox>
			<xmin>712</xmin>
			<ymin>118</ymin>
			<xmax>1044</xmax>
			<ymax>646</ymax>
		</bndbox>
	</object>
	<object>
		<name>ref_fork</name>
		<bndbox>
			<xmin>1138</xmin>
			<ymin>306</ymin>
			<xmax>1361</xmax>
			<ymax>883</ymax>
		</bndbox>
	</object>
	<object>
		<name>ref_coin</name>
		<bndbox>
			<xmin>275</xmin>
			<ymin>1268</ymin>
			<xmax>524</xmax>
			<ymax>1498</ymax>
		</bndbox>
	</object>
	<object>
		<name>dish</name>
		<bndbox>
			<xmin>1530</xmin>
			<ymin>502</ymin>
			<xmax>2620</xmax>
			<ymax>1596</ymax>
		</bndbox>
	</object>
	<object>
		<name>떡볶이</name>
		<bndbox>
			<xmin>1674</xmin>
			<ymin>721</ymin>
			<xmax>2454</xmax>
			<ymax>1490</ymax>
		</bndbox>
	</object>
</annotation>