<annotation>
	<folder>top어육류면적원형배달떡볶이q1</folder>
	<filename>top_어육류면적_원형배달_떡볶이_Q1_00053.JPG</filename>
	<path>/top어육류면적원형배달떡볶이q1/top_어육류면적_원형배달_떡볶이_Q1_00053.JPG</path>
	<source>
		<database>fooddata</database>
	</source>
	<size>
		<width>3008</width>
		<height>2000</height>
		<depth>3</depth>
	</size>
	<object>
		<name>ref_spoon</name>
		<bndbox>
			<xmin>603</xmin>
			<ymin>137</ymin>
			<xmax>924</xmax>
			<ymax>642</ymax>
		</bndbox>
	</object>
	<object>
		<name>ref_fork</name>
		<bndbox>
			<xmin>1055</xmin>
			<ymin>295</ymin>
			<xmax>1282</xmax>
			<ymax>827</ymax>
		</bndbox>
	</object>
	<object>
		<name>ref_coin</name>
		<bndbox>
			<xmin>2201</xmin>
			<ymin>1539</ymin>
			<xmax>2443</xmax>
			<ymax>1773</ymax>
		</bndbox>
	</object>
	<object>
		<name>dish</name>
		<bndbox>
			<xmin>1444</xmin>
			<ymin>457</ymin>
			<xmax>2541</xmax>
			<ymax>1524</ymax>
		</bndbox>
	</object>
	<object>
		<name>떡볶이</name>
		<bndbox>
			<xmin>1602</xmin>
			<ymin>600</ymin>
			<xmax>2341</xmax>
			<ymax>1426</ymax>
		</bndbox>
	</object>
</annotation>