<annotation>
	<folder>top어육류면적원형배달떡볶이q1</folder>
	<filename>top_어육류면적_원형배달_떡볶이_Q1_00011.JPG</filename>
	<path>/top어육류면적원형배달떡볶이q1/top_어육류면적_원형배달_떡볶이_Q1_00011.JPG</path>
	<source>
		<database>fooddata</database>
	</source>
	<size>
		<width>3008</width>
		<height>2000</height>
		<depth>3</depth>
	</size>
	<object>
		<name>ref_spoon</name>
		<bndbox>
			<xmin>1983</xmin>
			<ymin>273</ymin>
			<xmax>2318</xmax>
			<ymax>770</ymax>
		</bndbox>
	</object>
	<object>
		<name>ref_fork</name>
		<bndbox>
			<xmin>2431</xmin>
			<ymin>273</ymin>
			<xmax>2669</xmax>
			<ymax>815</ymax>
		</bndbox>
	</object>
	<object>
		<name>ref_coin</name>
		<bndbox>
			<xmin>633</xmin>
			<ymin>182</ymin>
			<xmax>875</xmax>
			<ymax>427</ymax>
		</bndbox>
	</object>
	<object>
		<name>dish</name>
		<bndbox>
			<xmin>773</xmin>
			<ymin>717</ymin>
			<xmax>1919</xmax>
			<ymax>1878</ymax>
		</bndbox>
	</object>
	<object>
		<name>떡볶이</name>
		<bndbox>
			<xmin>901</xmin>
			<ymin>838</ymin>
			<xmax>1779</xmax>
			<ymax>1746</ymax>
		</bndbox>
	</object>
</annotation>