<annotation>
	<folder>top어육류면적원형배달떡볶이q1</folder>
	<filename>top_어육류면적_원형배달_떡볶이_Q1_00006.JPG</filename>
	<path>/top어육류면적원형배달떡볶이q1/top_어육류면적_원형배달_떡볶이_Q1_00006.JPG</path>
	<source>
		<database>fooddata</database>
	</source>
	<size>
		<width>3008</width>
		<height>2000</height>
		<depth>3</depth>
	</size>
	<object>
		<name>ref_spoon</name>
		<bndbox>
			<xmin>2073</xmin>
			<ymin>178</ymin>
			<xmax>2424</xmax>
			<ymax>706</ymax>
		</bndbox>
	</object>
	<object>
		<name>ref_fork</name>
		<bndbox>
			<xmin>2533</xmin>
			<ymin>205</ymin>
			<xmax>2808</xmax>
			<ymax>808</ymax>
		</bndbox>
	</object>
	<object>
		<name>ref_coin</name>
		<bndbox>
			<xmin>362</xmin>
			<ymin>1215</ymin>
			<xmax>629</xmax>
			<ymax>1482</ymax>
		</bndbox>
	</object>
	<object>
		<name>dish</name>
		<bndbox>
			<xmin>780</xmin>
			<ymin>431</ymin>
			<xmax>1975</xmax>
			<ymax>1592</ymax>
		</bndbox>
	</object>
	<object>
		<name>떡볶이</name>
		<bndbox>
			<xmin>1014</xmin>
			<ymin>574</ymin>
			<xmax>1866</xmax>
			<ymax>1498</ymax>
		</bndbox>
	</object>
</annotation>