<annotation>
	<folder>top어육류면적원형배달떡볶이q1</folder>
	<filename>top_어육류면적_원형배달_떡볶이_Q1_00051.JPG</filename>
	<path>/top어육류면적원형배달떡볶이q1/top_어육류면적_원형배달_떡볶이_Q1_00051.JPG</path>
	<source>
		<database>fooddata</database>
	</source>
	<size>
		<width>3008</width>
		<height>2000</height>
		<depth>3</depth>
	</size>
	<object>
		<name>ref_spoon</name>
		<bndbox>
			<xmin>641</xmin>
			<ymin>525</ymin>
			<xmax>942</xmax>
			<ymax>974</ymax>
		</bndbox>
	</object>
	<object>
		<name>ref_fork</name>
		<bndbox>
			<xmin>1048</xmin>
			<ymin>691</ymin>
			<xmax>1255</xmax>
			<ymax>1177</ymax>
		</bndbox>
	</object>
	<object>
		<name>ref_coin</name>
		<bndbox>
			<xmin>754</xmin>
			<ymin>73</ymin>
			<xmax>965</xmax>
			<ymax>269</ymax>
		</bndbox>
	</object>
	<object>
		<name>dish</name>
		<bndbox>
			<xmin>1402</xmin>
			<ymin>868</ymin>
			<xmax>2420</xmax>
			<ymax>1863</ymax>
		</bndbox>
	</object>
	<object>
		<name>떡볶이</name>
		<bndbox>
			<xmin>1561</xmin>
			<ymin>1023</ymin>
			<xmax>2254</xmax>
			<ymax>1769</ymax>
		</bndbox>
	</object>
</annotation>