<annotation>
	<folder>side기타튀김접시새우튀김q2</folder>
	<filename>side_기타튀김_접시_새우튀김_Q2_00047.JPG</filename>
	<path>/side기타튀김접시새우튀김q2/side_기타튀김_접시_새우튀김_Q2_00047.JPG</path>
	<source>
		<database>fooddata</database>
	</source>
	<size>
		<width>3008</width>
		<height>2000</height>
		<depth>3</depth>
	</size>
	<object>
		<name>ref_spoon</name>
		<bndbox>
			<xmin>335</xmin>
			<ymin>762</ymin>
			<xmax>636</xmax>
			<ymax>1118</ymax>
		</bndbox>
	</object>
	<object>
		<name>ref_fork</name>
		<bndbox>
			<xmin>749</xmin>
			<ymin>701</ymin>
			<xmax>999</xmax>
			<ymax>1100</ymax>
		</bndbox>
	</object>
	<object>
		<name>ref_coin</name>
		<bndbox>
			<xmin>2342</xmin>
			<ymin>1390</ymin>
			<xmax>2568</xmax>
			<ymax>1543</ymax>
		</bndbox>
	</object>
	<object>
		<name>dish</name>
		<bndbox>
			<xmin>1112</xmin>
			<ymin>479</ymin>
			<xmax>2549</xmax>
			<ymax>1394</ymax>
		</bndbox>
	</object>
	<object>
		<name>새우튀김</name>
		<bndbox>
			<xmin>1391</xmin>
			<ymin>595</ymin>
			<xmax>2085</xmax>
			<ymax>1158</ymax>
		</bndbox>
	</object>
</annotation>