<annotation>
	<folder>side기타튀김접시새우튀김q2</folder>
	<filename>side_기타튀김_접시_새우튀김_Q2_00025.JPG</filename>
	<path>/side기타튀김접시새우튀김q2/side_기타튀김_접시_새우튀김_Q2_00025.JPG</path>
	<source>
		<database>fooddata</database>
	</source>
	<size>
		<width>3008</width>
		<height>2000</height>
		<depth>3</depth>
	</size>
	<object>
		<name>ref_spoon</name>
		<bndbox>
			<xmin>1007</xmin>
			<ymin>1495</ymin>
			<xmax>1457</xmax>
			<ymax>1739</ymax>
		</bndbox>
	</object>
	<object>
		<name>ref_fork</name>
		<bndbox>
			<xmin>1054</xmin>
			<ymin>1263</ymin>
			<xmax>1533</xmax>
			<ymax>1470</ymax>
		</bndbox>
	</object>
	<object>
		<name>ref_coin</name>
		<bndbox>
			<xmin>793</xmin>
			<ymin>955</ymin>
			<xmax>1014</xmax>
			<ymax>1111</ymax>
		</bndbox>
	</object>
	<object>
		<name>dish</name>
		<bndbox>
			<xmin>1003</xmin>
			<ymin>211</ymin>
			<xmax>2426</xmax>
			<ymax>1143</ymax>
		</bndbox>
	</object>
	<object>
		<name>새우튀김</name>
		<bndbox>
			<xmin>1410</xmin>
			<ymin>385</ymin>
			<xmax>2081</xmax>
			<ymax>984</ymax>
		</bndbox>
	</object>
</annotation>