<annotation>
	<folder>side기타튀김접시새우튀김q2</folder>
	<filename>side_기타튀김_접시_새우튀김_Q2_00011.JPG</filename>
	<path>/side기타튀김접시새우튀김q2/side_기타튀김_접시_새우튀김_Q2_00011.JPG</path>
	<source>
		<database>fooddata</database>
	</source>
	<size>
		<width>3008</width>
		<height>2000</height>
		<depth>3</depth>
	</size>
	<object>
		<name>ref_spoon</name>
		<bndbox>
			<xmin>1881</xmin>
			<ymin>450</ymin>
			<xmax>2139</xmax>
			<ymax>780</ymax>
		</bndbox>
	</object>
	<object>
		<name>ref_fork</name>
		<bndbox>
			<xmin>2244</xmin>
			<ymin>475</ymin>
			<xmax>2430</xmax>
			<ymax>853</ymax>
		</bndbox>
	</object>
	<object>
		<name>ref_coin</name>
		<bndbox>
			<xmin>2647</xmin>
			<ymin>1125</ymin>
			<xmax>2847</xmax>
			<ymax>1274</ymax>
		</bndbox>
	</object>
	<object>
		<name>dish</name>
		<bndbox>
			<xmin>513</xmin>
			<ymin>472</ymin>
			<xmax>1929</xmax>
			<ymax>1434</ymax>
		</bndbox>
	</object>
	<object>
		<name>새우튀김</name>
		<bndbox>
			<xmin>840</xmin>
			<ymin>635</ymin>
			<xmax>1497</xmax>
			<ymax>1252</ymax>
		</bndbox>
	</object>
</annotation>