<annotation>
	<folder>side기타튀김접시새우튀김q2</folder>
	<filename>side_기타튀김_접시_새우튀김_Q2_00023.JPG</filename>
	<path>/side기타튀김접시새우튀김q2/side_기타튀김_접시_새우튀김_Q2_00023.JPG</path>
	<source>
		<database>fooddata</database>
	</source>
	<size>
		<width>3008</width>
		<height>2000</height>
		<depth>3</depth>
	</size>
	<object>
		<name>ref_spoon</name>
		<bndbox>
			<xmin>1018</xmin>
			<ymin>1557</ymin>
			<xmax>1460</xmax>
			<ymax>1811</ymax>
		</bndbox>
	</object>
	<object>
		<name>ref_fork</name>
		<bndbox>
			<xmin>1079</xmin>
			<ymin>1336</ymin>
			<xmax>1548</xmax>
			<ymax>1546</ymax>
		</bndbox>
	</object>
	<object>
		<name>ref_coin</name>
		<bndbox>
			<xmin>655</xmin>
			<ymin>396</ymin>
			<xmax>858</xmax>
			<ymax>537</ymax>
		</bndbox>
	</object>
	<object>
		<name>dish</name>
		<bndbox>
			<xmin>1021</xmin>
			<ymin>272</ymin>
			<xmax>2422</xmax>
			<ymax>1194</ymax>
		</bndbox>
	</object>
	<object>
		<name>새우튀김</name>
		<bndbox>
			<xmin>1370</xmin>
			<ymin>439</ymin>
			<xmax>2016</xmax>
			<ymax>1074</ymax>
		</bndbox>
	</object>
</annotation>