<annotation>
	<folder>top기타튀김접시새우튀김q2</folder>
	<filename>top_기타튀김_접시_새우튀김_Q2_00002.JPG</filename>
	<path>/top기타튀김접시새우튀김q2/top_기타튀김_접시_새우튀김_Q2_00002.JPG</path>
	<source>
		<database>fooddata</database>
	</source>
	<size>
		<width>3008</width>
		<height>2000</height>
		<depth>3</depth>
	</size>
	<object>
		<name>ref_spoon</name>
		<bndbox>
			<xmin>1745</xmin>
			<ymin>434</ymin>
			<xmax>1979</xmax>
			<ymax>796</ymax>
		</bndbox>
	</object>
	<object>
		<name>ref_fork</name>
		<bndbox>
			<xmin>2015</xmin>
			<ymin>383</ymin>
			<xmax>2205</xmax>
			<ymax>803</ymax>
		</bndbox>
	</object>
	<object>
		<name>ref_coin</name>
		<bndbox>
			<xmin>1278</xmin>
			<ymin>310</ymin>
			<xmax>1449</xmax>
			<ymax>493</ymax>
		</bndbox>
	</object>
	<object>
		<name>dish</name>
		<bndbox>
			<xmin>482</xmin>
			<ymin>555</ymin>
			<xmax>1734</xmax>
			<ymax>1774</ymax>
		</bndbox>
	</object>
	<object>
		<name>새우튀김</name>
		<bndbox>
			<xmin>701</xmin>
			<ymin>891</ymin>
			<xmax>1526</xmax>
			<ymax>1540</ymax>
		</bndbox>
	</object>
</annotation>