<annotation>
	<folder>top기타튀김접시새우튀김q2</folder>
	<filename>top_기타튀김_접시_새우튀김_Q2_00014.JPG</filename>
	<path>/top기타튀김접시새우튀김q2/top_기타튀김_접시_새우튀김_Q2_00014.JPG</path>
	<source>
		<database>fooddata</database>
	</source>
	<size>
		<width>3008</width>
		<height>2000</height>
		<depth>3</depth>
	</size>
	<object>
		<name>ref_spoon</name>
		<bndbox>
			<xmin>2143</xmin>
			<ymin>266</ymin>
			<xmax>2373</xmax>
			<ymax>657</ymax>
		</bndbox>
	</object>
	<object>
		<name>ref_fork</name>
		<bndbox>
			<xmin>2406</xmin>
			<ymin>263</ymin>
			<xmax>2573</xmax>
			<ymax>675</ymax>
		</bndbox>
	</object>
	<object>
		<name>ref_coin</name>
		<bndbox>
			<xmin>1530</xmin>
			<ymin>314</ymin>
			<xmax>1694</xmax>
			<ymax>482</ymax>
		</bndbox>
	</object>
	<object>
		<name>dish</name>
		<bndbox>
			<xmin>672</xmin>
			<ymin>474</ymin>
			<xmax>1902</xmax>
			<ymax>1715</ymax>
		</bndbox>
	</object>
	<object>
		<name>새우튀김</name>
		<bndbox>
			<xmin>1026</xmin>
			<ymin>697</ymin>
			<xmax>1760</xmax>
			<ymax>1485</ymax>
		</bndbox>
	</object>
</annotation>