<annotation>
	<folder>top기타튀김접시새우튀김q2</folder>
	<filename>top_기타튀김_접시_새우튀김_Q2_00016.JPG</filename>
	<path>/top기타튀김접시새우튀김q2/top_기타튀김_접시_새우튀김_Q2_00016.JPG</path>
	<source>
		<database>fooddata</database>
	</source>
	<size>
		<width>3008</width>
		<height>2000</height>
		<depth>3</depth>
	</size>
	<object>
		<name>ref_spoon</name>
		<bndbox>
			<xmin>2019</xmin>
			<ymin>398</ymin>
			<xmax>2252</xmax>
			<ymax>763</ymax>
		</bndbox>
	</object>
	<object>
		<name>ref_fork</name>
		<bndbox>
			<xmin>2289</xmin>
			<ymin>391</ymin>
			<xmax>2453</xmax>
			<ymax>792</ymax>
		</bndbox>
	</object>
	<object>
		<name>ref_coin</name>
		<bndbox>
			<xmin>1858</xmin>
			<ymin>1109</ymin>
			<xmax>2026</xmax>
			<ymax>1281</ymax>
		</bndbox>
	</object>
	<object>
		<name>dish</name>
		<bndbox>
			<xmin>519</xmin>
			<ymin>445</ymin>
			<xmax>1745</xmax>
			<ymax>1679</ymax>
		</bndbox>
	</object>
	<object>
		<name>새우튀김</name>
		<bndbox>
			<xmin>800</xmin>
			<ymin>617</ymin>
			<xmax>1457</xmax>
			<ymax>1423</ymax>
		</bndbox>
	</object>
</annotation>