<annotation>
	<folder>top기타튀김접시새우튀김q2</folder>
	<filename>top_기타튀김_접시_새우튀김_Q2_00018.JPG</filename>
	<path>/top기타튀김접시새우튀김q2/top_기타튀김_접시_새우튀김_Q2_00018.JPG</path>
	<source>
		<database>fooddata</database>
	</source>
	<size>
		<width>3008</width>
		<height>2000</height>
		<depth>3</depth>
	</size>
	<object>
		<name>ref_spoon</name>
		<bndbox>
			<xmin>953</xmin>
			<ymin>1602</ymin>
			<xmax>1292</xmax>
			<ymax>1814</ymax>
		</bndbox>
	</object>
	<object>
		<name>ref_fork</name>
		<bndbox>
			<xmin>1081</xmin>
			<ymin>1409</ymin>
			<xmax>1424</xmax>
			<ymax>1569</ymax>
		</bndbox>
	</object>
	<object>
		<name>ref_coin</name>
		<bndbox>
			<xmin>2015</xmin>
			<ymin>1120</ymin>
			<xmax>2168</xmax>
			<ymax>1263</ymax>
		</bndbox>
	</object>
	<object>
		<name>dish</name>
		<bndbox>
			<xmin>1037</xmin>
			<ymin>252</ymin>
			<xmax>2062</xmax>
			<ymax>1299</ymax>
		</bndbox>
	</object>
	<object>
		<name>새우튀김</name>
		<bndbox>
			<xmin>1168</xmin>
			<ymin>664</ymin>
			<xmax>1858</xmax>
			<ymax>978</ymax>
		</bndbox>
	</object>
</annotation>