<annotation>
	<folder>top기타튀김접시새우튀김q2</folder>
	<filename>top_기타튀김_접시_새우튀김_Q2_00021.JPG</filename>
	<path>/top기타튀김접시새우튀김q2/top_기타튀김_접시_새우튀김_Q2_00021.JPG</path>
	<source>
		<database>fooddata</database>
	</source>
	<size>
		<width>3008</width>
		<height>2000</height>
		<depth>3</depth>
	</size>
	<object>
		<name>ref_spoon</name>
		<bndbox>
			<xmin>1022</xmin>
			<ymin>1712</ymin>
			<xmax>1358</xmax>
			<ymax>1934</ymax>
		</bndbox>
	</object>
	<object>
		<name>ref_fork</name>
		<bndbox>
			<xmin>1139</xmin>
			<ymin>1522</ymin>
			<xmax>1489</xmax>
			<ymax>1675</ymax>
		</bndbox>
	</object>
	<object>
		<name>ref_coin</name>
		<bndbox>
			<xmin>2285</xmin>
			<ymin>682</ymin>
			<xmax>2435</xmax>
			<ymax>828</ymax>
		</bndbox>
	</object>
	<object>
		<name>dish</name>
		<bndbox>
			<xmin>1132</xmin>
			<ymin>343</ymin>
			<xmax>2176</xmax>
			<ymax>1380</ymax>
		</bndbox>
	</object>
	<object>
		<name>새우튀김</name>
		<bndbox>
			<xmin>1442</xmin>
			<ymin>515</ymin>
			<xmax>1833</xmax>
			<ymax>1150</ymax>
		</bndbox>
	</object>
</annotation>