<annotation>
	<folder>top기타튀김접시새우튀김q2</folder>
	<filename>top_기타튀김_접시_새우튀김_Q2_00023.JPG</filename>
	<path>/top기타튀김접시새우튀김q2/top_기타튀김_접시_새우튀김_Q2_00023.JPG</path>
	<source>
		<database>fooddata</database>
	</source>
	<size>
		<width>3008</width>
		<height>2000</height>
		<depth>3</depth>
	</size>
	<object>
		<name>ref_spoon</name>
		<bndbox>
			<xmin>1011</xmin>
			<ymin>1631</ymin>
			<xmax>1336</xmax>
			<ymax>1861</ymax>
		</bndbox>
	</object>
	<object>
		<name>ref_fork</name>
		<bndbox>
			<xmin>1139</xmin>
			<ymin>1431</ymin>
			<xmax>1475</xmax>
			<ymax>1595</ymax>
		</bndbox>
	</object>
	<object>
		<name>ref_coin</name>
		<bndbox>
			<xmin>2008</xmin>
			<ymin>150</ymin>
			<xmax>2165</xmax>
			<ymax>310</ymax>
		</bndbox>
	</object>
	<object>
		<name>dish</name>
		<bndbox>
			<xmin>1103</xmin>
			<ymin>226</ymin>
			<xmax>2154</xmax>
			<ymax>1270</ymax>
		</bndbox>
	</object>
	<object>
		<name>새우튀김</name>
		<bndbox>
			<xmin>1406</xmin>
			<ymin>434</ymin>
			<xmax>1854</xmax>
			<ymax>1040</ymax>
		</bndbox>
	</object>
</annotation>