<annotation>
	<folder>my-project-name</folder>
	<filename>side_육류부피_접시_오징어볶음_Q5_00007.JPG</filename>
	<path>/side육류부피접시오징어볶음q5/side_육류부피_접시_오징어볶음_Q5_00007.JPG</path>
	<source>
		<database>fooddata</database>
	</source>
	<size>
		<width>5472</width>
		<height>3648</height>
		<depth>3</depth>
	</size>
	<object>
		<name>ref_spoon</name>
		<bndbox>
			<xmin>4046</xmin>
			<ymin>832</ymin>
			<xmax>4579</xmax>
			<ymax>1525</ymax>
		</bndbox>
	</object>
	<object>
		<name>ref_fork</name>
		<bndbox>
			<xmin>4770</xmin>
			<ymin>917</ymin>
			<xmax>5140</xmax>
			<ymax>1698</ymax>
		</bndbox>
	</object>
	<object>
		<name>ref_coin</name>
		<bndbox>
			<xmin>463</xmin>
			<ymin>2147</ymin>
			<xmax>875</xmax>
			<ymax>2479</ymax>
		</bndbox>
	</object>
	<object>
		<name>dish</name>
		<bndbox>
			<xmin>1118</xmin>
			<ymin>832</ymin>
			<xmax>3849</xmax>
			<ymax>2825</ymax>
		</bndbox>
	</object>
	<object>
		<name>오징어볶음</name>
		<bndbox>
			<xmin>1422</xmin>
			<ymin>1020</ymin>
			<xmax>3606</xmax>
			<ymax>2577</ymax>
		</bndbox>
	</object>
</annotation>