<annotation>
	<folder>my-project-name</folder>
	<filename>side_육류부피_접시_오징어볶음_Q5_00042.JPG</filename>
	<path>/side육류부피접시오징어볶음q5/side_육류부피_접시_오징어볶음_Q5_00042.JPG</path>
	<source>
		<database>fooddata</database>
	</source>
	<size>
		<width>5472</width>
		<height>3648</height>
		<depth>3</depth>
	</size>
	<object>
		<name>ref_spoon</name>
		<bndbox>
			<xmin>1099</xmin>
			<ymin>1151</ymin>
			<xmax>1557</xmax>
			<ymax>1833</ymax>
		</bndbox>
	</object>
	<object>
		<name>ref_fork</name>
		<bndbox>
			<xmin>1679</xmin>
			<ymin>1197</ymin>
			<xmax>2011</xmax>
			<ymax>1932</ymax>
		</bndbox>
	</object>
	<object>
		<name>ref_coin</name>
		<bndbox>
			<xmin>4490</xmin>
			<ymin>1567</ymin>
			<xmax>4845</xmax>
			<ymax>1833</ymax>
		</bndbox>
	</object>
	<object>
		<name>dish</name>
		<bndbox>
			<xmin>1964</xmin>
			<ymin>1099</ymin>
			<xmax>4443</xmax>
			<ymax>2909</ymax>
		</bndbox>
	</object>
	<object>
		<name>오징어볶음</name>
		<bndbox>
			<xmin>2362</xmin>
			<ymin>1281</ymin>
			<xmax>4284</xmax>
			<ymax>2769</ymax>
		</bndbox>
	</object>
</annotation>