<annotation>
	<folder>my-project-name</folder>
	<filename>side_육류부피_접시_오징어볶음_Q5_00053.JPG</filename>
	<path>/side육류부피접시오징어볶음q5/side_육류부피_접시_오징어볶음_Q5_00053.JPG</path>
	<source>
		<database>fooddata</database>
	</source>
	<size>
		<width>5472</width>
		<height>3648</height>
		<depth>3</depth>
	</size>
	<object>
		<name>ref_spoon</name>
		<bndbox>
			<xmin>973</xmin>
			<ymin>823</ymin>
			<xmax>1440</xmax>
			<ymax>1455</ymax>
		</bndbox>
	</object>
	<object>
		<name>ref_fork</name>
		<bndbox>
			<xmin>1539</xmin>
			<ymin>884</ymin>
			<xmax>1875</xmax>
			<ymax>1595</ymax>
		</bndbox>
	</object>
	<object>
		<name>ref_coin</name>
		<bndbox>
			<xmin>4551</xmin>
			<ymin>1712</ymin>
			<xmax>4911</xmax>
			<ymax>1992</ymax>
		</bndbox>
	</object>
	<object>
		<name>dish</name>
		<bndbox>
			<xmin>1773</xmin>
			<ymin>832</ymin>
			<xmax>4191</xmax>
			<ymax>2586</ymax>
		</bndbox>
	</object>
	<object>
		<name>오징어볶음</name>
		<bndbox>
			<xmin>1983</xmin>
			<ymin>1127</ymin>
			<xmax>3943</xmax>
			<ymax>2535</ymax>
		</bndbox>
	</object>
</annotation>