<annotation>
	<folder>my-project-name</folder>
	<filename>side_육류부피_접시_오징어볶음_Q5_00033.JPG</filename>
	<path>/side육류부피접시오징어볶음q5/side_육류부피_접시_오징어볶음_Q5_00033.JPG</path>
	<source>
		<database>fooddata</database>
	</source>
	<size>
		<width>5472</width>
		<height>3648</height>
		<depth>3</depth>
	</size>
	<object>
		<name>ref_spoon</name>
		<bndbox>
			<xmin>1567</xmin>
			<ymin>781</ymin>
			<xmax>2034</xmax>
			<ymax>1445</ymax>
		</bndbox>
	</object>
	<object>
		<name>ref_fork</name>
		<bndbox>
			<xmin>2142</xmin>
			<ymin>847</ymin>
			<xmax>2460</xmax>
			<ymax>1623</ymax>
		</bndbox>
	</object>
	<object>
		<name>ref_coin</name>
		<bndbox>
			<xmin>2633</xmin>
			<ymin>2671</ymin>
			<xmax>3021</xmax>
			<ymax>2979</ymax>
		</bndbox>
	</object>
	<object>
		<name>dish</name>
		<bndbox>
			<xmin>2507</xmin>
			<ymin>809</ymin>
			<xmax>5023</xmax>
			<ymax>2680</ymax>
		</bndbox>
	</object>
	<object>
		<name>오징어볶음</name>
		<bndbox>
			<xmin>2778</xmin>
			<ymin>1057</ymin>
			<xmax>4714</xmax>
			<ymax>2413</ymax>
		</bndbox>
	</object>
</annotation>