<annotation>
	<folder>my-project-name</folder>
	<filename>side_육류부피_접시_오징어볶음_Q5_00028.JPG</filename>
	<path>/side육류부피접시오징어볶음q5/side_육류부피_접시_오징어볶음_Q5_00028.JPG</path>
	<source>
		<database>fooddata</database>
	</source>
	<size>
		<width>5472</width>
		<height>3648</height>
		<depth>3</depth>
	</size>
	<object>
		<name>ref_spoon</name>
		<bndbox>
			<xmin>1548</xmin>
			<ymin>2942</ymin>
			<xmax>2427</xmax>
			<ymax>3409</ymax>
		</bndbox>
	</object>
	<object>
		<name>ref_fork</name>
		<bndbox>
			<xmin>1777</xmin>
			<ymin>2497</ymin>
			<xmax>2703</xmax>
			<ymax>2890</ymax>
		</bndbox>
	</object>
	<object>
		<name>ref_coin</name>
		<bndbox>
			<xmin>1595</xmin>
			<ymin>716</ymin>
			<xmax>1936</xmax>
			<ymax>959</ymax>
		</bndbox>
	</object>
	<object>
		<name>dish</name>
		<bndbox>
			<xmin>1932</xmin>
			<ymin>631</ymin>
			<xmax>4359</xmax>
			<ymax>2381</ymax>
		</bndbox>
	</object>
	<object>
		<name>오징어볶음</name>
		<bndbox>
			<xmin>2165</xmin>
			<ymin>814</ymin>
			<xmax>4139</xmax>
			<ymax>2282</ymax>
		</bndbox>
	</object>
</annotation>