<annotation>
	<folder>my-project-name</folder>
	<filename>side_육류부피_접시_오징어볶음_Q5_00006.JPG</filename>
	<path>/side육류부피접시오징어볶음q5/side_육류부피_접시_오징어볶음_Q5_00006.JPG</path>
	<source>
		<database>fooddata</database>
	</source>
	<size>
		<width>5472</width>
		<height>3648</height>
		<depth>3</depth>
	</size>
	<object>
		<name>ref_spoon</name>
		<bndbox>
			<xmin>3975</xmin>
			<ymin>767</ymin>
			<xmax>4490</xmax>
			<ymax>1469</ymax>
		</bndbox>
	</object>
	<object>
		<name>ref_fork</name>
		<bndbox>
			<xmin>4686</xmin>
			<ymin>832</ymin>
			<xmax>5056</xmax>
			<ymax>1707</ymax>
		</bndbox>
	</object>
	<object>
		<name>ref_coin</name>
		<bndbox>
			<xmin>613</xmin>
			<ymin>2600</ymin>
			<xmax>1038</xmax>
			<ymax>2951</ymax>
		</bndbox>
	</object>
	<object>
		<name>dish</name>
		<bndbox>
			<xmin>847</xmin>
			<ymin>734</ymin>
			<xmax>3568</xmax>
			<ymax>2736</ymax>
		</bndbox>
	</object>
	<object>
		<name>오징어볶음</name>
		<bndbox>
			<xmin>1197</xmin>
			<ymin>889</ymin>
			<xmax>3316</xmax>
			<ymax>2512</ymax>
		</bndbox>
	</object>
</annotation>