<annotation>
	<folder>my-project-name</folder>
	<filename>side_육류부피_접시_오징어볶음_Q5_00012.JPG</filename>
	<path>/side육류부피접시오징어볶음q5/side_육류부피_접시_오징어볶음_Q5_00012.JPG</path>
	<source>
		<database>fooddata</database>
	</source>
	<size>
		<width>5472</width>
		<height>3648</height>
		<depth>3</depth>
	</size>
	<object>
		<name>ref_spoon</name>
		<bndbox>
			<xmin>4032</xmin>
			<ymin>912</ymin>
			<xmax>4569</xmax>
			<ymax>1614</ymax>
		</bndbox>
	</object>
	<object>
		<name>ref_fork</name>
		<bndbox>
			<xmin>4756</xmin>
			<ymin>982</ymin>
			<xmax>5126</xmax>
			<ymax>1782</ymax>
		</bndbox>
	</object>
	<object>
		<name>ref_coin</name>
		<bndbox>
			<xmin>2198</xmin>
			<ymin>412</ymin>
			<xmax>2549</xmax>
			<ymax>659</ymax>
		</bndbox>
	</object>
	<object>
		<name>dish</name>
		<bndbox>
			<xmin>1132</xmin>
			<ymin>917</ymin>
			<xmax>3872</xmax>
			<ymax>2928</ymax>
		</bndbox>
	</object>
	<object>
		<name>오징어볶음</name>
		<bndbox>
			<xmin>1571</xmin>
			<ymin>1207</ymin>
			<xmax>3583</xmax>
			<ymax>2717</ymax>
		</bndbox>
	</object>
</annotation>