<annotation>
	<folder>my-project-name</folder>
	<filename>side_육류부피_접시_오징어볶음_Q5_00020.JPG</filename>
	<path>/side육류부피접시오징어볶음q5/side_육류부피_접시_오징어볶음_Q5_00020.JPG</path>
	<source>
		<database>fooddata</database>
	</source>
	<size>
		<width>5472</width>
		<height>3648</height>
		<depth>3</depth>
	</size>
	<object>
		<name>ref_spoon</name>
		<bndbox>
			<xmin>1221</xmin>
			<ymin>2708</ymin>
			<xmax>2170</xmax>
			<ymax>3204</ymax>
		</bndbox>
	</object>
	<object>
		<name>ref_fork</name>
		<bndbox>
			<xmin>1469</xmin>
			<ymin>2278</ymin>
			<xmax>2343</xmax>
			<ymax>2689</ymax>
		</bndbox>
	</object>
	<object>
		<name>ref_coin</name>
		<bndbox>
			<xmin>4111</xmin>
			<ymin>1062</ymin>
			<xmax>4452</xmax>
			<ymax>1324</ymax>
		</bndbox>
	</object>
	<object>
		<name>dish</name>
		<bndbox>
			<xmin>1600</xmin>
			<ymin>323</ymin>
			<xmax>4022</xmax>
			<ymax>2072</ymax>
		</bndbox>
	</object>
	<object>
		<name>오징어볶음</name>
		<bndbox>
			<xmin>1861</xmin>
			<ymin>374</ymin>
			<xmax>3676</xmax>
			<ymax>1946</ymax>
		</bndbox>
	</object>
</annotation>