<annotation>
	<folder>top육류부피접시오징어볶음q5</folder>
	<filename>top_육류부피_접시_오징어볶음_Q5_00019.JPG</filename>
	<path>/top육류부피접시오징어볶음q5/top_육류부피_접시_오징어볶음_Q5_00019.JPG</path>
	<source>
		<database>fooddata</database>
	</source>
	<size>
		<width>5472</width>
		<height>3648</height>
		<depth>3</depth>
	</size>
	<object>
		<name>ref_spoon</name>
		<bndbox>
			<xmin>1669</xmin>
			<ymin>2801</ymin>
			<xmax>2413</xmax>
			<ymax>3245</ymax>
		</bndbox>
	</object>
	<object>
		<name>ref_fork</name>
		<bndbox>
			<xmin>1835</xmin>
			<ymin>2366</ymin>
			<xmax>2611</xmax>
			<ymax>2653</ymax>
		</bndbox>
	</object>
	<object>
		<name>ref_coin</name>
		<bndbox>
			<xmin>4210</xmin>
			<ymin>1120</ymin>
			<xmax>4511</xmax>
			<ymax>1407</ymax>
		</bndbox>
	</object>
	<object>
		<name>dish</name>
		<bndbox>
			<xmin>1974</xmin>
			<ymin>296</ymin>
			<xmax>4054</xmax>
			<ymax>2326</ymax>
		</bndbox>
	</object>
	<object>
		<name>오징어볶음</name>
		<bndbox>
			<xmin>2270</xmin>
			<ymin>569</ymin>
			<xmax>3852</xmax>
			<ymax>1999</ymax>
		</bndbox>
	</object>
</annotation>