<annotation>
	<folder>top육류부피접시오징어볶음q5</folder>
	<filename>top_육류부피_접시_오징어볶음_Q5_00051.JPG</filename>
	<path>/top육류부피접시오징어볶음q5/top_육류부피_접시_오징어볶음_Q5_00051.JPG</path>
	<source>
		<database>fooddata</database>
	</source>
	<size>
		<width>5472</width>
		<height>3648</height>
		<depth>3</depth>
	</size>
	<object>
		<name>ref_spoon</name>
		<bndbox>
			<xmin>912</xmin>
			<ymin>592</ymin>
			<xmax>1400</xmax>
			<ymax>1407</ymax>
		</bndbox>
	</object>
	<object>
		<name>ref_fork</name>
		<bndbox>
			<xmin>1490</xmin>
			<ymin>663</ymin>
			<xmax>1817</xmax>
			<ymax>1519</ymax>
		</bndbox>
	</object>
	<object>
		<name>ref_coin</name>
		<bndbox>
			<xmin>4417</xmin>
			<ymin>1031</ymin>
			<xmax>4775</xmax>
			<ymax>1380</ymax>
		</bndbox>
	</object>
	<object>
		<name>dish</name>
		<bndbox>
			<xmin>1795</xmin>
			<ymin>506</ymin>
			<xmax>4349</xmax>
			<ymax>3043</ymax>
		</bndbox>
	</object>
	<object>
		<name>오징어볶음</name>
		<bndbox>
			<xmin>2041</xmin>
			<ymin>955</ymin>
			<xmax>4027</xmax>
			<ymax>2716</ymax>
		</bndbox>
	</object>
</annotation>