<annotation>
	<folder>top육류부피접시오징어볶음q5</folder>
	<filename>top_육류부피_접시_오징어볶음_Q5_00013.JPG</filename>
	<path>/top육류부피접시오징어볶음q5/top_육류부피_접시_오징어볶음_Q5_00013.JPG</path>
	<source>
		<database>fooddata</database>
	</source>
	<size>
		<width>5472</width>
		<height>3648</height>
		<depth>3</depth>
	</size>
	<object>
		<name>ref_spoon</name>
		<bndbox>
			<xmin>3493</xmin>
			<ymin>753</ymin>
			<xmax>3968</xmax>
			<ymax>1551</ymax>
		</bndbox>
	</object>
	<object>
		<name>ref_fork</name>
		<bndbox>
			<xmin>4143</xmin>
			<ymin>968</ymin>
			<xmax>4479</xmax>
			<ymax>1797</ymax>
		</bndbox>
	</object>
	<object>
		<name>ref_coin</name>
		<bndbox>
			<xmin>1297</xmin>
			<ymin>260</ymin>
			<xmax>1638</xmax>
			<ymax>596</ymax>
		</bndbox>
	</object>
	<object>
		<name>dish</name>
		<bndbox>
			<xmin>903</xmin>
			<ymin>762</ymin>
			<xmax>3422</xmax>
			<ymax>3236</ymax>
		</bndbox>
	</object>
	<object>
		<name>오징어볶음</name>
		<bndbox>
			<xmin>1176</xmin>
			<ymin>1138</ymin>
			<xmax>3072</xmax>
			<ymax>2823</ymax>
		</bndbox>
	</object>
</annotation>