<annotation>
	<folder>top육류부피접시오징어볶음q5</folder>
	<filename>top_육류부피_접시_오징어볶음_Q5_00030.JPG</filename>
	<path>/top육류부피접시오징어볶음q5/top_육류부피_접시_오징어볶음_Q5_00030.JPG</path>
	<source>
		<database>fooddata</database>
	</source>
	<size>
		<width>5472</width>
		<height>3648</height>
		<depth>3</depth>
	</size>
	<object>
		<name>ref_spoon</name>
		<bndbox>
			<xmin>1777</xmin>
			<ymin>2702</ymin>
			<xmax>2467</xmax>
			<ymax>3128</ymax>
		</bndbox>
	</object>
	<object>
		<name>ref_fork</name>
		<bndbox>
			<xmin>1947</xmin>
			<ymin>2299</ymin>
			<xmax>2637</xmax>
			<ymax>2568</ymax>
		</bndbox>
	</object>
	<object>
		<name>ref_coin</name>
		<bndbox>
			<xmin>1705</xmin>
			<ymin>1300</ymin>
			<xmax>1988</xmax>
			<ymax>1573</ymax>
		</bndbox>
	</object>
	<object>
		<name>dish</name>
		<bndbox>
			<xmin>2212</xmin>
			<ymin>354</ymin>
			<xmax>4152</xmax>
			<ymax>2236</ymax>
		</bndbox>
	</object>
	<object>
		<name>오징어볶음</name>
		<bndbox>
			<xmin>2552</xmin>
			<ymin>592</ymin>
			<xmax>3874</xmax>
			<ymax>1999</ymax>
		</bndbox>
	</object>
</annotation>