<annotation>
	<folder>top육류부피접시오징어볶음q5</folder>
	<filename>top_육류부피_접시_오징어볶음_Q5_00053.JPG</filename>
	<path>/top육류부피접시오징어볶음q5/top_육류부피_접시_오징어볶음_Q5_00053.JPG</path>
	<source>
		<database>fooddata</database>
	</source>
	<size>
		<width>5472</width>
		<height>3648</height>
		<depth>3</depth>
	</size>
	<object>
		<name>ref_spoon</name>
		<bndbox>
			<xmin>1163</xmin>
			<ymin>417</ymin>
			<xmax>1660</xmax>
			<ymax>1250</ymax>
		</bndbox>
	</object>
	<object>
		<name>ref_fork</name>
		<bndbox>
			<xmin>1732</xmin>
			<ymin>497</ymin>
			<xmax>2059</xmax>
			<ymax>1358</ymax>
		</bndbox>
	</object>
	<object>
		<name>ref_coin</name>
		<bndbox>
			<xmin>4645</xmin>
			<ymin>2147</ymin>
			<xmax>5017</xmax>
			<ymax>2514</ymax>
		</bndbox>
	</object>
	<object>
		<name>dish</name>
		<bndbox>
			<xmin>2041</xmin>
			<ymin>403</ymin>
			<xmax>4632</xmax>
			<ymax>2958</ymax>
		</bndbox>
	</object>
	<object>
		<name>오징어볶음</name>
		<bndbox>
			<xmin>2274</xmin>
			<ymin>843</ymin>
			<xmax>4305</xmax>
			<ymax>2707</ymax>
		</bndbox>
	</object>
</annotation>