<annotation>
	<folder>top육류부피접시오징어볶음q5</folder>
	<filename>top_육류부피_접시_오징어볶음_Q5_00012.JPG</filename>
	<path>/top육류부피접시오징어볶음q5/top_육류부피_접시_오징어볶음_Q5_00012.JPG</path>
	<source>
		<database>fooddata</database>
	</source>
	<size>
		<width>5472</width>
		<height>3648</height>
		<depth>3</depth>
	</size>
	<object>
		<name>ref_spoon</name>
		<bndbox>
			<xmin>3735</xmin>
			<ymin>556</ymin>
			<xmax>4228</xmax>
			<ymax>1336</ymax>
		</bndbox>
	</object>
	<object>
		<name>ref_fork</name>
		<bndbox>
			<xmin>4399</xmin>
			<ymin>780</ymin>
			<xmax>4757</xmax>
			<ymax>1595</ymax>
		</bndbox>
	</object>
	<object>
		<name>ref_coin</name>
		<bndbox>
			<xmin>1015</xmin>
			<ymin>453</ymin>
			<xmax>1365</xmax>
			<ymax>807</ymax>
		</bndbox>
	</object>
	<object>
		<name>dish</name>
		<bndbox>
			<xmin>1042</xmin>
			<ymin>587</ymin>
			<xmax>3587</xmax>
			<ymax>3092</ymax>
		</bndbox>
	</object>
	<object>
		<name>오징어볶음</name>
		<bndbox>
			<xmin>1445</xmin>
			<ymin>923</ymin>
			<xmax>3198</xmax>
			<ymax>2814</ymax>
		</bndbox>
	</object>
</annotation>