<annotation>
	<folder>top육류부피접시오징어볶음q5</folder>
	<filename>top_육류부피_접시_오징어볶음_Q5_00002.JPG</filename>
	<path>/top육류부피접시오징어볶음q5/top_육류부피_접시_오징어볶음_Q5_00002.JPG</path>
	<source>
		<database>fooddata</database>
	</source>
	<size>
		<width>5472</width>
		<height>3648</height>
		<depth>3</depth>
	</size>
	<object>
		<name>ref_spoon</name>
		<bndbox>
			<xmin>3525</xmin>
			<ymin>399</ymin>
			<xmax>4000</xmax>
			<ymax>1170</ymax>
		</bndbox>
	</object>
	<object>
		<name>ref_fork</name>
		<bndbox>
			<xmin>4197</xmin>
			<ymin>677</ymin>
			<xmax>4506</xmax>
			<ymax>1533</ymax>
		</bndbox>
	</object>
	<object>
		<name>ref_coin</name>
		<bndbox>
			<xmin>2637</xmin>
			<ymin>3070</ymin>
			<xmax>3000</xmax>
			<ymax>3451</ymax>
		</bndbox>
	</object>
	<object>
		<name>dish</name>
		<bndbox>
			<xmin>881</xmin>
			<ymin>363</ymin>
			<xmax>3422</xmax>
			<ymax>2846</ymax>
		</bndbox>
	</object>
	<object>
		<name>오징어볶음</name>
		<bndbox>
			<xmin>1185</xmin>
			<ymin>739</ymin>
			<xmax>3090</xmax>
			<ymax>2425</ymax>
		</bndbox>
	</object>
</annotation>