<annotation>
	<folder>top육류부피접시오징어볶음q5</folder>
	<filename>top_육류부피_접시_오징어볶음_Q5_00006.JPG</filename>
	<path>/top육류부피접시오징어볶음q5/top_육류부피_접시_오징어볶음_Q5_00006.JPG</path>
	<source>
		<database>fooddata</database>
	</source>
	<size>
		<width>5472</width>
		<height>3648</height>
		<depth>3</depth>
	</size>
	<object>
		<name>ref_spoon</name>
		<bndbox>
			<xmin>3713</xmin>
			<ymin>497</ymin>
			<xmax>4193</xmax>
			<ymax>1291</ymax>
		</bndbox>
	</object>
	<object>
		<name>ref_fork</name>
		<bndbox>
			<xmin>4363</xmin>
			<ymin>722</ymin>
			<xmax>4712</xmax>
			<ymax>1533</ymax>
		</bndbox>
	</object>
	<object>
		<name>ref_coin</name>
		<bndbox>
			<xmin>1786</xmin>
			<ymin>3012</ymin>
			<xmax>2144</xmax>
			<ymax>3388</ymax>
		</bndbox>
	</object>
	<object>
		<name>dish</name>
		<bndbox>
			<xmin>1109</xmin>
			<ymin>372</ymin>
			<xmax>3610</xmax>
			<ymax>2832</ymax>
		</bndbox>
	</object>
	<object>
		<name>오징어볶음</name>
		<bndbox>
			<xmin>1472</xmin>
			<ymin>681</ymin>
			<xmax>3233</xmax>
			<ymax>2407</ymax>
		</bndbox>
	</object>
</annotation>