<annotation>
	<folder>top육류부피접시오징어볶음q5</folder>
	<filename>top_육류부피_접시_오징어볶음_Q5_00047.JPG</filename>
	<path>/top육류부피접시오징어볶음q5/top_육류부피_접시_오징어볶음_Q5_00047.JPG</path>
	<source>
		<database>fooddata</database>
	</source>
	<size>
		<width>5472</width>
		<height>3648</height>
		<depth>3</depth>
	</size>
	<object>
		<name>ref_spoon</name>
		<bndbox>
			<xmin>1257</xmin>
			<ymin>722</ymin>
			<xmax>1719</xmax>
			<ymax>1524</ymax>
		</bndbox>
	</object>
	<object>
		<name>ref_fork</name>
		<bndbox>
			<xmin>1804</xmin>
			<ymin>798</ymin>
			<xmax>2104</xmax>
			<ymax>1604</ymax>
		</bndbox>
	</object>
	<object>
		<name>ref_coin</name>
		<bndbox>
			<xmin>2167</xmin>
			<ymin>300</ymin>
			<xmax>2490</xmax>
			<ymax>623</ymax>
		</bndbox>
	</object>
	<object>
		<name>dish</name>
		<bndbox>
			<xmin>2104</xmin>
			<ymin>659</ymin>
			<xmax>4506</xmax>
			<ymax>3056</ymax>
		</bndbox>
	</object>
	<object>
		<name>오징어볶음</name>
		<bndbox>
			<xmin>2328</xmin>
			<ymin>1080</ymin>
			<xmax>4210</xmax>
			<ymax>2729</ymax>
		</bndbox>
	</object>
</annotation>