<annotation>
	<folder>side생선찜류접시병어찜q5</folder>
	<filename>side_생선찜류_접시_병어찜_Q5_00002.JPG</filename>
	<path>/side생선찜류접시병어찜q5/side_생선찜류_접시_병어찜_Q5_00002.JPG</path>
	<source>
		<database>fooddata</database>
	</source>
	<size>
		<width>5472</width>
		<height>3648</height>
		<depth>3</depth>
	</size>
	<object>
		<name>ref_spoon</name>
		<bndbox>
			<xmin>3901</xmin>
			<ymin>1015</ymin>
			<xmax>4378</xmax>
			<ymax>1665</ymax>
		</bndbox>
	</object>
	<object>
		<name>ref_fork</name>
		<bndbox>
			<xmin>4668</xmin>
			<ymin>996</ymin>
			<xmax>5000</xmax>
			<ymax>1759</ymax>
		</bndbox>
	</object>
	<object>
		<name>ref_coin</name>
		<bndbox>
			<xmin>3026</xmin>
			<ymin>2759</ymin>
			<xmax>3395</xmax>
			<ymax>3063</ymax>
		</bndbox>
	</object>
	<object>
		<name>dish</name>
		<bndbox>
			<xmin>655</xmin>
			<ymin>879</ymin>
			<xmax>3802</xmax>
			<ymax>2441</ymax>
		</bndbox>
	</object>
	<object>
		<name>병어찜</name>
		<bndbox>
			<xmin>1062</xmin>
			<ymin>1267</ymin>
			<xmax>3597</xmax>
			<ymax>2324</ymax>
		</bndbox>
	</object>
</annotation>