<annotation>
	<folder>side생선찜류접시병어찜q5</folder>
	<filename>side_생선찜류_접시_병어찜_Q5_00022.JPG</filename>
	<path>/side생선찜류접시병어찜q5/side_생선찜류_접시_병어찜_Q5_00022.JPG</path>
	<source>
		<database>fooddata</database>
	</source>
	<size>
		<width>5472</width>
		<height>3648</height>
		<depth>3</depth>
	</size>
	<object>
		<name>ref_spoon</name>
		<bndbox>
			<xmin>1062</xmin>
			<ymin>1001</ymin>
			<xmax>1520</xmax>
			<ymax>1698</ymax>
		</bndbox>
	</object>
	<object>
		<name>ref_fork</name>
		<bndbox>
			<xmin>1614</xmin>
			<ymin>1024</ymin>
			<xmax>1932</xmax>
			<ymax>1730</ymax>
		</bndbox>
	</object>
	<object>
		<name>ref_coin</name>
		<bndbox>
			<xmin>3583</xmin>
			<ymin>3148</ymin>
			<xmax>3957</xmax>
			<ymax>3452</ymax>
		</bndbox>
	</object>
	<object>
		<name>dish</name>
		<bndbox>
			<xmin>2091</xmin>
			<ymin>697</ymin>
			<xmax>4223</xmax>
			<ymax>2872</ymax>
		</bndbox>
	</object>
	<object>
		<name>병어찜</name>
		<bndbox>
			<xmin>2427</xmin>
			<ymin>1080</ymin>
			<xmax>3924</xmax>
			<ymax>2816</ymax>
		</bndbox>
	</object>
</annotation>