<annotation>
	<folder>side생선찜류접시병어찜q5</folder>
	<filename>side_생선찜류_접시_병어찜_Q5_00006.JPG</filename>
	<path>/side생선찜류접시병어찜q5/side_생선찜류_접시_병어찜_Q5_00006.JPG</path>
	<source>
		<database>fooddata</database>
	</source>
	<size>
		<width>5472</width>
		<height>3648</height>
		<depth>3</depth>
	</size>
	<object>
		<name>ref_spoon</name>
		<bndbox>
			<xmin>3943</xmin>
			<ymin>1029</ymin>
			<xmax>4401</xmax>
			<ymax>1684</ymax>
		</bndbox>
	</object>
	<object>
		<name>ref_fork</name>
		<bndbox>
			<xmin>4700</xmin>
			<ymin>1038</ymin>
			<xmax>5023</xmax>
			<ymax>1777</ymax>
		</bndbox>
	</object>
	<object>
		<name>ref_coin</name>
		<bndbox>
			<xmin>1029</xmin>
			<ymin>1487</ymin>
			<xmax>1394</xmax>
			<ymax>1754</ymax>
		</bndbox>
	</object>
	<object>
		<name>dish</name>
		<bndbox>
			<xmin>1300</xmin>
			<ymin>664</ymin>
			<xmax>3480</xmax>
			<ymax>3026</ymax>
		</bndbox>
	</object>
	<object>
		<name>병어찜</name>
		<bndbox>
			<xmin>1651</xmin>
			<ymin>1076</ymin>
			<xmax>3115</xmax>
			<ymax>2960</ymax>
		</bndbox>
	</object>
</annotation>