<annotation>
	<folder>side생선찜류접시병어찜q5</folder>
	<filename>side_생선찜류_접시_병어찜_Q5_00048.JPG</filename>
	<path>/side생선찜류접시병어찜q5/side_생선찜류_접시_병어찜_Q5_00048.JPG</path>
	<source>
		<database>fooddata</database>
	</source>
	<size>
		<width>5472</width>
		<height>3648</height>
		<depth>3</depth>
	</size>
	<object>
		<name>ref_spoon</name>
		<bndbox>
			<xmin>1207</xmin>
			<ymin>2848</ymin>
			<xmax>2109</xmax>
			<ymax>3377</ymax>
		</bndbox>
	</object>
	<object>
		<name>ref_fork</name>
		<bndbox>
			<xmin>1263</xmin>
			<ymin>2404</ymin>
			<xmax>2226</xmax>
			<ymax>2844</ymax>
		</bndbox>
	</object>
	<object>
		<name>ref_coin</name>
		<bndbox>
			<xmin>2081</xmin>
			<ymin>234</ymin>
			<xmax>2437</xmax>
			<ymax>482</ymax>
		</bndbox>
	</object>
	<object>
		<name>dish</name>
		<bndbox>
			<xmin>987</xmin>
			<ymin>547</ymin>
			<xmax>4569</xmax>
			<ymax>2081</ymax>
		</bndbox>
	</object>
	<object>
		<name>병어찜</name>
		<bndbox>
			<xmin>1291</xmin>
			<ymin>753</ymin>
			<xmax>4050</xmax>
			<ymax>1992</ymax>
		</bndbox>
	</object>
</annotation>