<annotation>
	<folder>side생선찜류접시병어찜q5</folder>
	<filename>side_생선찜류_접시_병어찜_Q5_00019.JPG</filename>
	<path>/side생선찜류접시병어찜q5/side_생선찜류_접시_병어찜_Q5_00019.JPG</path>
	<source>
		<database>fooddata</database>
	</source>
	<size>
		<width>5472</width>
		<height>3648</height>
		<depth>3</depth>
	</size>
	<object>
		<name>ref_spoon</name>
		<bndbox>
			<xmin>1062</xmin>
			<ymin>1197</ymin>
			<xmax>1525</xmax>
			<ymax>1763</ymax>
		</bndbox>
	</object>
	<object>
		<name>ref_fork</name>
		<bndbox>
			<xmin>1637</xmin>
			<ymin>1211</ymin>
			<xmax>1932</xmax>
			<ymax>1904</ymax>
		</bndbox>
	</object>
	<object>
		<name>ref_coin</name>
		<bndbox>
			<xmin>2801</xmin>
			<ymin>2876</ymin>
			<xmax>3171</xmax>
			<ymax>3185</ymax>
		</bndbox>
	</object>
	<object>
		<name>dish</name>
		<bndbox>
			<xmin>2240</xmin>
			<ymin>1020</ymin>
			<xmax>5135</xmax>
			<ymax>2778</ymax>
		</bndbox>
	</object>
	<object>
		<name>병어찜</name>
		<bndbox>
			<xmin>2558</xmin>
			<ymin>1324</ymin>
			<xmax>4915</xmax>
			<ymax>2591</ymax>
		</bndbox>
	</object>
</annotation>