<annotation>
	<folder>side생선찜류접시병어찜q5</folder>
	<filename>side_생선찜류_접시_병어찜_Q5_00037.JPG</filename>
	<path>/side생선찜류접시병어찜q5/side_생선찜류_접시_병어찜_Q5_00037.JPG</path>
	<source>
		<database>fooddata</database>
	</source>
	<size>
		<width>5472</width>
		<height>3648</height>
		<depth>3</depth>
	</size>
	<object>
		<name>ref_spoon</name>
		<bndbox>
			<xmin>1422</xmin>
			<ymin>2937</ymin>
			<xmax>2301</xmax>
			<ymax>3409</ymax>
		</bndbox>
	</object>
	<object>
		<name>ref_fork</name>
		<bndbox>
			<xmin>1469</xmin>
			<ymin>2526</ymin>
			<xmax>2446</xmax>
			<ymax>2918</ymax>
		</bndbox>
	</object>
	<object>
		<name>ref_coin</name>
		<bndbox>
			<xmin>1684</xmin>
			<ymin>697</ymin>
			<xmax>2020</xmax>
			<ymax>945</ymax>
		</bndbox>
	</object>
	<object>
		<name>dish</name>
		<bndbox>
			<xmin>1403</xmin>
			<ymin>954</ymin>
			<xmax>4738</xmax>
			<ymax>2427</ymax>
		</bndbox>
	</object>
	<object>
		<name>병어찜</name>
		<bndbox>
			<xmin>1908</xmin>
			<ymin>1281</ymin>
			<xmax>4499</xmax>
			<ymax>2320</ymax>
		</bndbox>
	</object>
</annotation>