<annotation>
	<folder>side생선찜류접시병어찜q5</folder>
	<filename>side_생선찜류_접시_병어찜_Q5_00010.JPG</filename>
	<path>/side생선찜류접시병어찜q5/side_생선찜류_접시_병어찜_Q5_00010.JPG</path>
	<source>
		<database>fooddata</database>
	</source>
	<size>
		<width>5472</width>
		<height>3648</height>
		<depth>3</depth>
	</size>
	<object>
		<name>ref_spoon</name>
		<bndbox>
			<xmin>3938</xmin>
			<ymin>1258</ymin>
			<xmax>4410</xmax>
			<ymax>1978</ymax>
		</bndbox>
	</object>
	<object>
		<name>ref_fork</name>
		<bndbox>
			<xmin>4714</xmin>
			<ymin>1286</ymin>
			<xmax>5051</xmax>
			<ymax>2063</ymax>
		</bndbox>
	</object>
	<object>
		<name>ref_coin</name>
		<bndbox>
			<xmin>2975</xmin>
			<ymin>1188</ymin>
			<xmax>3302</xmax>
			<ymax>1436</ymax>
		</bndbox>
	</object>
	<object>
		<name>dish</name>
		<bndbox>
			<xmin>398</xmin>
			<ymin>1132</ymin>
			<xmax>3447</xmax>
			<ymax>2984</ymax>
		</bndbox>
	</object>
	<object>
		<name>병어찜</name>
		<bndbox>
			<xmin>594</xmin>
			<ymin>1459</ymin>
			<xmax>3054</xmax>
			<ymax>2755</ymax>
		</bndbox>
	</object>
</annotation>