<annotation>
	<folder>side생선찜류접시병어찜q5</folder>
	<filename>side_생선찜류_접시_병어찜_Q5_00026.JPG</filename>
	<path>/side생선찜류접시병어찜q5/side_생선찜류_접시_병어찜_Q5_00026.JPG</path>
	<source>
		<database>fooddata</database>
	</source>
	<size>
		<width>5472</width>
		<height>3648</height>
		<depth>3</depth>
	</size>
	<object>
		<name>ref_spoon</name>
		<bndbox>
			<xmin>575</xmin>
			<ymin>758</ymin>
			<xmax>1071</xmax>
			<ymax>1492</ymax>
		</bndbox>
	</object>
	<object>
		<name>ref_fork</name>
		<bndbox>
			<xmin>1193</xmin>
			<ymin>776</ymin>
			<xmax>1534</xmax>
			<ymax>1581</ymax>
		</bndbox>
	</object>
	<object>
		<name>ref_coin</name>
		<bndbox>
			<xmin>4686</xmin>
			<ymin>3096</ymin>
			<xmax>5098</xmax>
			<ymax>3438</ymax>
		</bndbox>
	</object>
	<object>
		<name>dish</name>
		<bndbox>
			<xmin>1871</xmin>
			<ymin>528</ymin>
			<xmax>4602</xmax>
			<ymax>2680</ymax>
		</bndbox>
	</object>
	<object>
		<name>병어찜</name>
		<bndbox>
			<xmin>2048</xmin>
			<ymin>861</ymin>
			<xmax>4251</xmax>
			<ymax>2488</ymax>
		</bndbox>
	</object>
</annotation>