<annotation>
	<folder>side생선찜류접시병어찜q5</folder>
	<filename>side_생선찜류_접시_병어찜_Q5_00030.JPG</filename>
	<path>/side생선찜류접시병어찜q5/side_생선찜류_접시_병어찜_Q5_00030.JPG</path>
	<source>
		<database>fooddata</database>
	</source>
	<size>
		<width>5472</width>
		<height>3648</height>
		<depth>3</depth>
	</size>
	<object>
		<name>ref_spoon</name>
		<bndbox>
			<xmin>688</xmin>
			<ymin>1062</ymin>
			<xmax>1165</xmax>
			<ymax>1759</ymax>
		</bndbox>
	</object>
	<object>
		<name>ref_fork</name>
		<bndbox>
			<xmin>1258</xmin>
			<ymin>1099</ymin>
			<xmax>1585</xmax>
			<ymax>1791</ymax>
		</bndbox>
	</object>
	<object>
		<name>ref_coin</name>
		<bndbox>
			<xmin>4878</xmin>
			<ymin>2685</ymin>
			<xmax>5262</xmax>
			<ymax>2979</ymax>
		</bndbox>
	</object>
	<object>
		<name>dish</name>
		<bndbox>
			<xmin>1642</xmin>
			<ymin>1258</ymin>
			<xmax>4841</xmax>
			<ymax>2731</ymax>
		</bndbox>
	</object>
	<object>
		<name>병어찜</name>
		<bndbox>
			<xmin>2203</xmin>
			<ymin>1576</ymin>
			<xmax>4588</xmax>
			<ymax>2568</ymax>
		</bndbox>
	</object>
</annotation>