<annotation>
	<folder>side생선찜류접시병어찜q5</folder>
	<filename>side_생선찜류_접시_병어찜_Q5_00005.JPG</filename>
	<path>/side생선찜류접시병어찜q5/side_생선찜류_접시_병어찜_Q5_00005.JPG</path>
	<source>
		<database>fooddata</database>
	</source>
	<size>
		<width>5472</width>
		<height>3648</height>
		<depth>3</depth>
	</size>
	<object>
		<name>ref_spoon</name>
		<bndbox>
			<xmin>3952</xmin>
			<ymin>1151</ymin>
			<xmax>4424</xmax>
			<ymax>1768</ymax>
		</bndbox>
	</object>
	<object>
		<name>ref_fork</name>
		<bndbox>
			<xmin>4714</xmin>
			<ymin>1136</ymin>
			<xmax>5051</xmax>
			<ymax>1899</ymax>
		</bndbox>
	</object>
	<object>
		<name>ref_coin</name>
		<bndbox>
			<xmin>1001</xmin>
			<ymin>2189</ymin>
			<xmax>1380</xmax>
			<ymax>2469</ymax>
		</bndbox>
	</object>
	<object>
		<name>dish</name>
		<bndbox>
			<xmin>1497</xmin>
			<ymin>720</ymin>
			<xmax>3550</xmax>
			<ymax>3091</ymax>
		</bndbox>
	</object>
	<object>
		<name>병어찜</name>
		<bndbox>
			<xmin>1857</xmin>
			<ymin>1211</ymin>
			<xmax>3190</xmax>
			<ymax>2979</ymax>
		</bndbox>
	</object>
</annotation>