<annotation>
	<folder>top생선찜류접시병어찜q5</folder>
	<filename>top_생선찜류_접시_병어찜_Q5_00041.JPG</filename>
	<path>/top생선찜류접시병어찜q5/top_생선찜류_접시_병어찜_Q5_00041.JPG</path>
	<source>
		<database>fooddata</database>
	</source>
	<size>
		<width>720</width>
		<height>480</height>
		<depth>3</depth>
	</size>
	<object>
		<name>ref_spoon</name>
		<bndbox>
			<xmin>437</xmin>
			<ymin>344</ymin>
			<xmax>542</xmax>
			<ymax>405</ymax>
		</bndbox>
	</object>
	<object>
		<name>ref_fork</name>
		<bndbox>
			<xmin>417</xmin>
			<ymin>420</ymin>
			<xmax>534</xmax>
			<ymax>464</ymax>
		</bndbox>
	</object>
	<object>
		<name>ref_coin</name>
		<bndbox>
			<xmin>459</xmin>
			<ymin>23</ymin>
			<xmax>498</xmax>
			<ymax>61</ymax>
		</bndbox>
	</object>
	<object>
		<name>dish</name>
		<bndbox>
			<xmin>229</xmin>
			<ymin>96</ymin>
			<xmax>626</xmax>
			<ymax>325</ymax>
		</bndbox>
	</object>
	<object>
		<name>병어찜</name>
		<bndbox>
			<xmin>265</xmin>
			<ymin>123</ymin>
			<xmax>545</xmax>
			<ymax>299</ymax>
		</bndbox>
	</object>
</annotation>