<annotation>
	<folder>top생선찜류접시병어찜q5</folder>
	<filename>top_생선찜류_접시_병어찜_Q5_00035.JPG</filename>
	<path>/top생선찜류접시병어찜q5/top_생선찜류_접시_병어찜_Q5_00035.JPG</path>
	<source>
		<database>fooddata</database>
	</source>
	<size>
		<width>720</width>
		<height>480</height>
		<depth>3</depth>
	</size>
	<object>
		<name>ref_spoon</name>
		<bndbox>
			<xmin>461</xmin>
			<ymin>310</ymin>
			<xmax>575</xmax>
			<ymax>375</ymax>
		</bndbox>
	</object>
	<object>
		<name>ref_fork</name>
		<bndbox>
			<xmin>439</xmin>
			<ymin>394</ymin>
			<xmax>570</xmax>
			<ymax>438</ymax>
		</bndbox>
	</object>
	<object>
		<name>ref_coin</name>
		<bndbox>
			<xmin>156</xmin>
			<ymin>167</ymin>
			<xmax>201</xmax>
			<ymax>211</ymax>
		</bndbox>
	</object>
	<object>
		<name>dish</name>
		<bndbox>
			<xmin>225</xmin>
			<ymin>43</ymin>
			<xmax>660</xmax>
			<ymax>292</ymax>
		</bndbox>
	</object>
	<object>
		<name>병어찜</name>
		<bndbox>
			<xmin>291</xmin>
			<ymin>74</ymin>
			<xmax>576</xmax>
			<ymax>268</ymax>
		</bndbox>
	</object>
</annotation>