<annotation>
	<folder>top생선찜류접시병어찜q5</folder>
	<filename>top_생선찜류_접시_병어찜_Q5_00013.JPG</filename>
	<path>/top생선찜류접시병어찜q5/top_생선찜류_접시_병어찜_Q5_00013.JPG</path>
	<source>
		<database>fooddata</database>
	</source>
	<size>
		<width>720</width>
		<height>480</height>
		<depth>3</depth>
	</size>
	<object>
		<name>ref_spoon</name>
		<bndbox>
			<xmin>493</xmin>
			<ymin>58</ymin>
			<xmax>548</xmax>
			<ymax>162</ymax>
		</bndbox>
	</object>
	<object>
		<name>ref_fork</name>
		<bndbox>
			<xmin>562</xmin>
			<ymin>75</ymin>
			<xmax>600</xmax>
			<ymax>185</ymax>
		</bndbox>
	</object>
	<object>
		<name>ref_coin</name>
		<bndbox>
			<xmin>141</xmin>
			<ymin>175</ymin>
			<xmax>182</xmax>
			<ymax>217</ymax>
		</bndbox>
	</object>
	<object>
		<name>dish</name>
		<bndbox>
			<xmin>229</xmin>
			<ymin>29</ymin>
			<xmax>474</xmax>
			<ymax>439</ymax>
		</bndbox>
	</object>
	<object>
		<name>병어찜</name>
		<bndbox>
			<xmin>265</xmin>
			<ymin>107</ymin>
			<xmax>441</xmax>
			<ymax>371</ymax>
		</bndbox>
	</object>
</annotation>