<annotation>
	<folder>top생선찜류접시병어찜q5</folder>
	<filename>top_생선찜류_접시_병어찜_Q5_00024.JPG</filename>
	<path>/top생선찜류접시병어찜q5/top_생선찜류_접시_병어찜_Q5_00024.JPG</path>
	<source>
		<database>fooddata</database>
	</source>
	<size>
		<width>720</width>
		<height>480</height>
		<depth>3</depth>
	</size>
	<object>
		<name>ref_spoon</name>
		<bndbox>
			<xmin>104</xmin>
			<ymin>97</ymin>
			<xmax>161</xmax>
			<ymax>192</ymax>
		</bndbox>
	</object>
	<object>
		<name>ref_fork</name>
		<bndbox>
			<xmin>183</xmin>
			<ymin>108</ymin>
			<xmax>219</xmax>
			<ymax>207</ymax>
		</bndbox>
	</object>
	<object>
		<name>ref_coin</name>
		<bndbox>
			<xmin>509</xmin>
			<ymin>112</ymin>
			<xmax>549</xmax>
			<ymax>152</ymax>
		</bndbox>
	</object>
	<object>
		<name>dish</name>
		<bndbox>
			<xmin>268</xmin>
			<ymin>43</ymin>
			<xmax>543</xmax>
			<ymax>409</ymax>
		</bndbox>
	</object>
	<object>
		<name>병어찜</name>
		<bndbox>
			<xmin>304</xmin>
			<ymin>105</ymin>
			<xmax>521</xmax>
			<ymax>348</ymax>
		</bndbox>
	</object>
</annotation>