<annotation>
	<folder>top생선찜류접시병어찜q5</folder>
	<filename>top_생선찜류_접시_병어찜_Q5_00034.JPG</filename>
	<path>/top생선찜류접시병어찜q5/top_생선찜류_접시_병어찜_Q5_00034.JPG</path>
	<source>
		<database>fooddata</database>
	</source>
	<size>
		<width>720</width>
		<height>480</height>
		<depth>3</depth>
	</size>
	<object>
		<name>ref_spoon</name>
		<bndbox>
			<xmin>393</xmin>
			<ymin>303</ymin>
			<xmax>509</xmax>
			<ymax>368</ymax>
		</bndbox>
	</object>
	<object>
		<name>ref_fork</name>
		<bndbox>
			<xmin>379</xmin>
			<ymin>387</ymin>
			<xmax>503</xmax>
			<ymax>432</ymax>
		</bndbox>
	</object>
	<object>
		<name>ref_coin</name>
		<bndbox>
			<xmin>123</xmin>
			<ymin>204</ymin>
			<xmax>168</xmax>
			<ymax>249</ymax>
		</bndbox>
	</object>
	<object>
		<name>dish</name>
		<bndbox>
			<xmin>159</xmin>
			<ymin>39</ymin>
			<xmax>589</xmax>
			<ymax>285</ymax>
		</bndbox>
	</object>
	<object>
		<name>병어찜</name>
		<bndbox>
			<xmin>227</xmin>
			<ymin>69</ymin>
			<xmax>521</xmax>
			<ymax>263</ymax>
		</bndbox>
	</object>
</annotation>