<annotation>
	<folder>top생선찜류접시병어찜q5</folder>
	<filename>top_생선찜류_접시_병어찜_Q5_00019.JPG</filename>
	<path>/top생선찜류접시병어찜q5/top_생선찜류_접시_병어찜_Q5_00019.JPG</path>
	<source>
		<database>fooddata</database>
	</source>
	<size>
		<width>720</width>
		<height>480</height>
		<depth>3</depth>
	</size>
	<object>
		<name>ref_spoon</name>
		<bndbox>
			<xmin>92</xmin>
			<ymin>85</ymin>
			<xmax>153</xmax>
			<ymax>189</ymax>
		</bndbox>
	</object>
	<object>
		<name>ref_fork</name>
		<bndbox>
			<xmin>177</xmin>
			<ymin>98</ymin>
			<xmax>218</xmax>
			<ymax>209</ymax>
		</bndbox>
	</object>
	<object>
		<name>ref_coin</name>
		<bndbox>
			<xmin>403</xmin>
			<ymin>396</ymin>
			<xmax>448</xmax>
			<ymax>442</ymax>
		</bndbox>
	</object>
	<object>
		<name>dish</name>
		<bndbox>
			<xmin>238</xmin>
			<ymin>68</ymin>
			<xmax>640</xmax>
			<ymax>375</ymax>
		</bndbox>
	</object>
	<object>
		<name>병어찜</name>
		<bndbox>
			<xmin>304</xmin>
			<ymin>113</ymin>
			<xmax>570</xmax>
			<ymax>350</ymax>
		</bndbox>
	</object>
</annotation>