<annotation>
	<folder>top생선찜류접시병어찜q5</folder>
	<filename>top_생선찜류_접시_병어찜_Q5_00004.JPG</filename>
	<path>/top생선찜류접시병어찜q5/top_생선찜류_접시_병어찜_Q5_00004.JPG</path>
	<source>
		<database>fooddata</database>
	</source>
	<size>
		<width>720</width>
		<height>480</height>
		<depth>3</depth>
	</size>
	<object>
		<name>ref_spoon</name>
		<bndbox>
			<xmin>523</xmin>
			<ymin>83</ymin>
			<xmax>583</xmax>
			<ymax>194</ymax>
		</bndbox>
	</object>
	<object>
		<name>ref_fork</name>
		<bndbox>
			<xmin>588</xmin>
			<ymin>107</ymin>
			<xmax>633</xmax>
			<ymax>218</ymax>
		</bndbox>
	</object>
	<object>
		<name>ref_coin</name>
		<bndbox>
			<xmin>183</xmin>
			<ymin>353</ymin>
			<xmax>230</xmax>
			<ymax>400</ymax>
		</bndbox>
	</object>
	<object>
		<name>dish</name>
		<bndbox>
			<xmin>173</xmin>
			<ymin>44</ymin>
			<xmax>512</xmax>
			<ymax>436</ymax>
		</bndbox>
	</object>
	<object>
		<name>병어찜</name>
		<bndbox>
			<xmin>197</xmin>
			<ymin>105</ymin>
			<xmax>460</xmax>
			<ymax>361</ymax>
		</bndbox>
	</object>
</annotation>