<annotation>
	<folder>top생선찜류접시병어찜q5</folder>
	<filename>top_생선찜류_접시_병어찜_Q5_00048.JPG</filename>
	<path>/top생선찜류접시병어찜q5/top_생선찜류_접시_병어찜_Q5_00048.JPG</path>
	<source>
		<database>fooddata</database>
	</source>
	<size>
		<width>720</width>
		<height>480</height>
		<depth>3</depth>
	</size>
	<object>
		<name>ref_spoon</name>
		<bndbox>
			<xmin>442</xmin>
			<ymin>312</ymin>
			<xmax>549</xmax>
			<ymax>371</ymax>
		</bndbox>
	</object>
	<object>
		<name>ref_fork</name>
		<bndbox>
			<xmin>431</xmin>
			<ymin>390</ymin>
			<xmax>544</xmax>
			<ymax>430</ymax>
		</bndbox>
	</object>
	<object>
		<name>ref_coin</name>
		<bndbox>
			<xmin>451</xmin>
			<ymin>16</ymin>
			<xmax>491</xmax>
			<ymax>53</ymax>
		</bndbox>
	</object>
	<object>
		<name>dish</name>
		<bndbox>
			<xmin>188</xmin>
			<ymin>58</ymin>
			<xmax>586</xmax>
			<ymax>283</ymax>
		</bndbox>
	</object>
	<object>
		<name>병어찜</name>
		<bndbox>
			<xmin>237</xmin>
			<ymin>104</ymin>
			<xmax>534</xmax>
			<ymax>262</ymax>
		</bndbox>
	</object>
</annotation>