<annotation>
	<folder>top생선찜류접시병어찜q5</folder>
	<filename>top_생선찜류_접시_병어찜_Q5_00008.JPG</filename>
	<path>/top생선찜류접시병어찜q5/top_생선찜류_접시_병어찜_Q5_00008.JPG</path>
	<source>
		<database>fooddata</database>
	</source>
	<size>
		<width>720</width>
		<height>480</height>
		<depth>3</depth>
	</size>
	<object>
		<name>ref_spoon</name>
		<bndbox>
			<xmin>533</xmin>
			<ymin>51</ymin>
			<xmax>592</xmax>
			<ymax>152</ymax>
		</bndbox>
	</object>
	<object>
		<name>ref_fork</name>
		<bndbox>
			<xmin>605</xmin>
			<ymin>71</ymin>
			<xmax>648</xmax>
			<ymax>184</ymax>
		</bndbox>
	</object>
	<object>
		<name>ref_coin</name>
		<bndbox>
			<xmin>465</xmin>
			<ymin>343</ymin>
			<xmax>511</xmax>
			<ymax>387</ymax>
		</bndbox>
	</object>
	<object>
		<name>dish</name>
		<bndbox>
			<xmin>108</xmin>
			<ymin>93</ymin>
			<xmax>545</xmax>
			<ymax>346</ymax>
		</bndbox>
	</object>
	<object>
		<name>병어찜</name>
		<bndbox>
			<xmin>190</xmin>
			<ymin>127</ymin>
			<xmax>472</xmax>
			<ymax>313</ymax>
		</bndbox>
	</object>
</annotation>