<annotation>
	<folder>top생선찜류접시병어찜q5</folder>
	<filename>top_생선찜류_접시_병어찜_Q5_00038.JPG</filename>
	<path>/top생선찜류접시병어찜q5/top_생선찜류_접시_병어찜_Q5_00038.JPG</path>
	<source>
		<database>fooddata</database>
	</source>
	<size>
		<width>720</width>
		<height>480</height>
		<depth>3</depth>
	</size>
	<object>
		<name>ref_spoon</name>
		<bndbox>
			<xmin>434</xmin>
			<ymin>335</ymin>
			<xmax>539</xmax>
			<ymax>396</ymax>
		</bndbox>
	</object>
	<object>
		<name>ref_fork</name>
		<bndbox>
			<xmin>420</xmin>
			<ymin>412</ymin>
			<xmax>530</xmax>
			<ymax>456</ymax>
		</bndbox>
	</object>
	<object>
		<name>ref_coin</name>
		<bndbox>
			<xmin>277</xmin>
			<ymin>29</ymin>
			<xmax>317</xmax>
			<ymax>68</ymax>
		</bndbox>
	</object>
	<object>
		<name>dish</name>
		<bndbox>
			<xmin>222</xmin>
			<ymin>87</ymin>
			<xmax>618</xmax>
			<ymax>318</ymax>
		</bndbox>
	</object>
	<object>
		<name>병어찜</name>
		<bndbox>
			<xmin>267</xmin>
			<ymin>136</ymin>
			<xmax>542</xmax>
			<ymax>304</ymax>
		</bndbox>
	</object>
</annotation>