<annotation>
	<folder>side비빔밥덮밥류냉면기회덮밥q1</folder>
	<filename>side_비빔밥덮밥류_냉면기_회덮밥_Q1_00053.JPG</filename>
	<path>/side비빔밥덮밥류냉면기회덮밥q1/side_비빔밥덮밥류_냉면기_회덮밥_Q1_00053.JPG</path>
	<source>
		<database>fooddata</database>
	</source>
	<size>
		<width>3008</width>
		<height>2000</height>
		<depth>3</depth>
	</size>
	<object>
		<name>ref_spoon</name>
		<bndbox>
			<xmin>509</xmin>
			<ymin>671</ymin>
			<xmax>769</xmax>
			<ymax>1042</ymax>
		</bndbox>
	</object>
	<object>
		<name>ref_fork</name>
		<bndbox>
			<xmin>870</xmin>
			<ymin>663</ymin>
			<xmax>1047</xmax>
			<ymax>1084</ymax>
		</bndbox>
	</object>
	<object>
		<name>ref_coin</name>
		<bndbox>
			<xmin>118</xmin>
			<ymin>1120</ymin>
			<xmax>322</xmax>
			<ymax>1273</ymax>
		</bndbox>
	</object>
	<object>
		<name>dish</name>
		<bndbox>
			<xmin>1300</xmin>
			<ymin>342</ymin>
			<xmax>2843</xmax>
			<ymax>1467</ymax>
		</bndbox>
	</object>
	<object>
		<name>회덮밥</name>
		<bndbox>
			<xmin>1624</xmin>
			<ymin>870</ymin>
			<xmax>2438</xmax>
			<ymax>1337</ymax>
		</bndbox>
	</object>
</annotation>