<annotation>
	<folder>side비빔밥덮밥류냉면기회덮밥q1</folder>
	<filename>side_비빔밥덮밥류_냉면기_회덮밥_Q1_00034.JPG</filename>
	<path>/side비빔밥덮밥류냉면기회덮밥q1/side_비빔밥덮밥류_냉면기_회덮밥_Q1_00034.JPG</path>
	<source>
		<database>fooddata</database>
	</source>
	<size>
		<width>3008</width>
		<height>2000</height>
		<depth>3</depth>
	</size>
	<object>
		<name>ref_spoon</name>
		<bndbox>
			<xmin>909</xmin>
			<ymin>1339</ymin>
			<xmax>1305</xmax>
			<ymax>1553</ymax>
		</bndbox>
	</object>
	<object>
		<name>ref_fork</name>
		<bndbox>
			<xmin>927</xmin>
			<ymin>1143</ymin>
			<xmax>1361</xmax>
			<ymax>1312</ymax>
		</bndbox>
	</object>
	<object>
		<name>ref_coin</name>
		<bndbox>
			<xmin>1836</xmin>
			<ymin>1678</ymin>
			<xmax>2025</xmax>
			<ymax>1845</ymax>
		</bndbox>
	</object>
	<object>
		<name>dish</name>
		<bndbox>
			<xmin>1013</xmin>
			<ymin>125</ymin>
			<xmax>2285</xmax>
			<ymax>1069</ymax>
		</bndbox>
	</object>
	<object>
		<name>회덮밥</name>
		<bndbox>
			<xmin>1327</xmin>
			<ymin>543</ymin>
			<xmax>1973</xmax>
			<ymax>958</ymax>
		</bndbox>
	</object>
</annotation>