<annotation>
	<folder>side비빔밥덮밥류냉면기회덮밥q1</folder>
	<filename>side_비빔밥덮밥류_냉면기_회덮밥_Q1_00051.JPG</filename>
	<path>/side비빔밥덮밥류냉면기회덮밥q1/side_비빔밥덮밥류_냉면기_회덮밥_Q1_00051.JPG</path>
	<source>
		<database>fooddata</database>
	</source>
	<size>
		<width>3008</width>
		<height>2000</height>
		<depth>3</depth>
	</size>
	<object>
		<name>ref_spoon</name>
		<bndbox>
			<xmin>280</xmin>
			<ymin>816</ymin>
			<xmax>561</xmax>
			<ymax>1197</ymax>
		</bndbox>
	</object>
	<object>
		<name>ref_fork</name>
		<bndbox>
			<xmin>671</xmin>
			<ymin>806</ymin>
			<xmax>858</xmax>
			<ymax>1270</ymax>
		</bndbox>
	</object>
	<object>
		<name>ref_coin</name>
		<bndbox>
			<xmin>983</xmin>
			<ymin>174</ymin>
			<xmax>1167</xmax>
			<ymax>295</ymax>
		</bndbox>
	</object>
	<object>
		<name>dish</name>
		<bndbox>
			<xmin>1116</xmin>
			<ymin>516</ymin>
			<xmax>2772</xmax>
			<ymax>1747</ymax>
		</bndbox>
	</object>
	<object>
		<name>회덮밥</name>
		<bndbox>
			<xmin>1418</xmin>
			<ymin>946</ymin>
			<xmax>2460</xmax>
			<ymax>1602</ymax>
		</bndbox>
	</object>
</annotation>