<annotation>
	<folder>side비빔밥덮밥류냉면기회덮밥q1</folder>
	<filename>side_비빔밥덮밥류_냉면기_회덮밥_Q1_00008.JPG</filename>
	<path>/side비빔밥덮밥류냉면기회덮밥q1/side_비빔밥덮밥류_냉면기_회덮밥_Q1_00008.JPG</path>
	<source>
		<database>fooddata</database>
	</source>
	<size>
		<width>3008</width>
		<height>2000</height>
		<depth>3</depth>
	</size>
	<object>
		<name>ref_spoon</name>
		<bndbox>
			<xmin>2045</xmin>
			<ymin>850</ymin>
			<xmax>2288</xmax>
			<ymax>1209</ymax>
		</bndbox>
	</object>
	<object>
		<name>ref_fork</name>
		<bndbox>
			<xmin>2416</xmin>
			<ymin>892</ymin>
			<xmax>2588</xmax>
			<ymax>1295</ymax>
		</bndbox>
	</object>
	<object>
		<name>ref_coin</name>
		<bndbox>
			<xmin>730</xmin>
			<ymin>221</ymin>
			<xmax>892</xmax>
			<ymax>334</ymax>
		</bndbox>
	</object>
	<object>
		<name>dish</name>
		<bndbox>
			<xmin>317</xmin>
			<ymin>440</ymin>
			<xmax>1752</xmax>
			<ymax>1504</ymax>
		</bndbox>
	</object>
	<object>
		<name>회덮밥</name>
		<bndbox>
			<xmin>801</xmin>
			<ymin>968</ymin>
			<xmax>1325</xmax>
			<ymax>1388</ymax>
		</bndbox>
	</object>
</annotation>