<annotation>
	<folder>side비빔밥덮밥류냉면기회덮밥q1</folder>
	<filename>side_비빔밥덮밥류_냉면기_회덮밥_Q1_00025.JPG</filename>
	<path>/side비빔밥덮밥류냉면기회덮밥q1/side_비빔밥덮밥류_냉면기_회덮밥_Q1_00025.JPG</path>
	<source>
		<database>fooddata</database>
	</source>
	<size>
		<width>3008</width>
		<height>2000</height>
		<depth>3</depth>
	</size>
	<object>
		<name>ref_spoon</name>
		<bndbox>
			<xmin>735</xmin>
			<ymin>1531</ymin>
			<xmax>1167</xmax>
			<ymax>1762</ymax>
		</bndbox>
	</object>
	<object>
		<name>ref_fork</name>
		<bndbox>
			<xmin>757</xmin>
			<ymin>1319</ymin>
			<xmax>1217</xmax>
			<ymax>1496</ymax>
		</bndbox>
	</object>
	<object>
		<name>ref_coin</name>
		<bndbox>
			<xmin>1968</xmin>
			<ymin>125</ymin>
			<xmax>2133</xmax>
			<ymax>236</ymax>
		</bndbox>
	</object>
	<object>
		<name>dish</name>
		<bndbox>
			<xmin>855</xmin>
			<ymin>170</ymin>
			<xmax>2219</xmax>
			<ymax>1170</ymax>
		</bndbox>
	</object>
	<object>
		<name>회덮밥</name>
		<bndbox>
			<xmin>1192</xmin>
			<ymin>627</ymin>
			<xmax>1922</xmax>
			<ymax>1049</ymax>
		</bndbox>
	</object>
</annotation>