<annotation>
	<folder>side비빔밥덮밥류냉면기회덮밥q1</folder>
	<filename>side_비빔밥덮밥류_냉면기_회덮밥_Q1_00050.JPG</filename>
	<path>/side비빔밥덮밥류냉면기회덮밥q1/side_비빔밥덮밥류_냉면기_회덮밥_Q1_00050.JPG</path>
	<source>
		<database>fooddata</database>
	</source>
	<size>
		<width>3008</width>
		<height>2000</height>
		<depth>3</depth>
	</size>
	<object>
		<name>ref_spoon</name>
		<bndbox>
			<xmin>303</xmin>
			<ymin>921</ymin>
			<xmax>590</xmax>
			<ymax>1312</ymax>
		</bndbox>
	</object>
	<object>
		<name>ref_fork</name>
		<bndbox>
			<xmin>696</xmin>
			<ymin>914</ymin>
			<xmax>885</xmax>
			<ymax>1364</ymax>
		</bndbox>
	</object>
	<object>
		<name>ref_coin</name>
		<bndbox>
			<xmin>1398</xmin>
			<ymin>192</ymin>
			<xmax>1570</xmax>
			<ymax>310</ymax>
		</bndbox>
	</object>
	<object>
		<name>dish</name>
		<bndbox>
			<xmin>1062</xmin>
			<ymin>602</ymin>
			<xmax>2718</xmax>
			<ymax>1813</ymax>
		</bndbox>
	</object>
	<object>
		<name>회덮밥</name>
		<bndbox>
			<xmin>1332</xmin>
			<ymin>1005</ymin>
			<xmax>2359</xmax>
			<ymax>1668</ymax>
		</bndbox>
	</object>
</annotation>