<annotation>
	<folder>side비빔밥덮밥류냉면기회덮밥q1</folder>
	<filename>side_비빔밥덮밥류_냉면기_회덮밥_Q1_00009.JPG</filename>
	<path>/side비빔밥덮밥류냉면기회덮밥q1/side_비빔밥덮밥류_냉면기_회덮밥_Q1_00009.JPG</path>
	<source>
		<database>fooddata</database>
	</source>
	<size>
		<width>3008</width>
		<height>2000</height>
		<depth>3</depth>
	</size>
	<object>
		<name>ref_spoon</name>
		<bndbox>
			<xmin>2224</xmin>
			<ymin>877</ymin>
			<xmax>2475</xmax>
			<ymax>1265</ymax>
		</bndbox>
	</object>
	<object>
		<name>ref_fork</name>
		<bndbox>
			<xmin>2600</xmin>
			<ymin>921</ymin>
			<xmax>2772</xmax>
			<ymax>1334</ymax>
		</bndbox>
	</object>
	<object>
		<name>ref_coin</name>
		<bndbox>
			<xmin>229</xmin>
			<ymin>587</ymin>
			<xmax>403</xmax>
			<ymax>713</ymax>
		</bndbox>
	</object>
	<object>
		<name>dish</name>
		<bndbox>
			<xmin>533</xmin>
			<ymin>464</ymin>
			<xmax>1973</xmax>
			<ymax>1533</ymax>
		</bndbox>
	</object>
	<object>
		<name>회덮밥</name>
		<bndbox>
			<xmin>978</xmin>
			<ymin>998</ymin>
			<xmax>1541</xmax>
			<ymax>1418</ymax>
		</bndbox>
	</object>
</annotation>