<annotation>
	<folder>side비빔밥덮밥류냉면기회덮밥q1</folder>
	<filename>side_비빔밥덮밥류_냉면기_회덮밥_Q1_00060.JPG</filename>
	<path>/side비빔밥덮밥류냉면기회덮밥q1/side_비빔밥덮밥류_냉면기_회덮밥_Q1_00060.JPG</path>
	<source>
		<database>fooddata</database>
	</source>
	<size>
		<width>3008</width>
		<height>2000</height>
		<depth>3</depth>
	</size>
	<object>
		<name>ref_spoon</name>
		<bndbox>
			<xmin>172</xmin>
			<ymin>582</ymin>
			<xmax>438</xmax>
			<ymax>975</ymax>
		</bndbox>
	</object>
	<object>
		<name>ref_fork</name>
		<bndbox>
			<xmin>543</xmin>
			<ymin>575</ymin>
			<xmax>723</xmax>
			<ymax>998</ymax>
		</bndbox>
	</object>
	<object>
		<name>ref_coin</name>
		<bndbox>
			<xmin>2644</xmin>
			<ymin>926</ymin>
			<xmax>2843</xmax>
			<ymax>1071</ymax>
		</bndbox>
	</object>
	<object>
		<name>dish</name>
		<bndbox>
			<xmin>868</xmin>
			<ymin>115</ymin>
			<xmax>2381</xmax>
			<ymax>1214</ymax>
		</bndbox>
	</object>
	<object>
		<name>회덮밥</name>
		<bndbox>
			<xmin>1214</xmin>
			<ymin>445</ymin>
			<xmax>2081</xmax>
			<ymax>1076</ymax>
		</bndbox>
	</object>
</annotation>