<annotation>
	<folder>top비빔밥덮밥류냉면기회덮밥q1</folder>
	<filename>top_비빔밥덮밥류_냉면기_회덮밥_Q1_00038.JPG</filename>
	<path>/top비빔밥덮밥류냉면기회덮밥q1/top_비빔밥덮밥류_냉면기_회덮밥_Q1_00038.JPG</path>
	<source>
		<database>fooddata</database>
	</source>
	<size>
		<width>3008</width>
		<height>2000</height>
		<depth>3</depth>
	</size>
	<object>
		<name>ref_spoon</name>
		<bndbox>
			<xmin>526</xmin>
			<ymin>356</ymin>
			<xmax>755</xmax>
			<ymax>722</ymax>
		</bndbox>
	</object>
	<object>
		<name>ref_fork</name>
		<bndbox>
			<xmin>863</xmin>
			<ymin>396</ymin>
			<xmax>1015</xmax>
			<ymax>799</ymax>
		</bndbox>
	</object>
	<object>
		<name>ref_coin</name>
		<bndbox>
			<xmin>2234</xmin>
			<ymin>1600</ymin>
			<xmax>2401</xmax>
			<ymax>1767</ymax>
		</bndbox>
	</object>
	<object>
		<name>dish</name>
		<bndbox>
			<xmin>1089</xmin>
			<ymin>93</ymin>
			<xmax>2494</xmax>
			<ymax>1477</ymax>
		</bndbox>
	</object>
	<object>
		<name>회덮밥</name>
		<bndbox>
			<xmin>1376</xmin>
			<ymin>405</ymin>
			<xmax>2180</xmax>
			<ymax>1140</ymax>
		</bndbox>
	</object>
</annotation>