<annotation>
	<folder>top비빔밥덮밥류냉면기회덮밥q1</folder>
	<filename>top_비빔밥덮밥류_냉면기_회덮밥_Q1_00025.JPG</filename>
	<path>/top비빔밥덮밥류냉면기회덮밥q1/top_비빔밥덮밥류_냉면기_회덮밥_Q1_00025.JPG</path>
	<source>
		<database>fooddata</database>
	</source>
	<size>
		<width>3008</width>
		<height>2000</height>
		<depth>3</depth>
	</size>
	<object>
		<name>ref_spoon</name>
		<bndbox>
			<xmin>1010</xmin>
			<ymin>1671</ymin>
			<xmax>1364</xmax>
			<ymax>1889</ymax>
		</bndbox>
	</object>
	<object>
		<name>ref_fork</name>
		<bndbox>
			<xmin>1069</xmin>
			<ymin>1378</ymin>
			<xmax>1425</xmax>
			<ymax>1518</ymax>
		</bndbox>
	</object>
	<object>
		<name>ref_coin</name>
		<bndbox>
			<xmin>548</xmin>
			<ymin>835</ymin>
			<xmax>701</xmax>
			<ymax>980</ymax>
		</bndbox>
	</object>
	<object>
		<name>dish</name>
		<bndbox>
			<xmin>954</xmin>
			<ymin>37</ymin>
			<xmax>2167</xmax>
			<ymax>1236</ymax>
		</bndbox>
	</object>
	<object>
		<name>회덮밥</name>
		<bndbox>
			<xmin>1266</xmin>
			<ymin>346</ymin>
			<xmax>1865</xmax>
			<ymax>1020</ymax>
		</bndbox>
	</object>
</annotation>