<annotation>
	<folder>top비빔밥덮밥류냉면기회덮밥q1</folder>
	<filename>top_비빔밥덮밥류_냉면기_회덮밥_Q1_00013.JPG</filename>
	<path>/top비빔밥덮밥류냉면기회덮밥q1/top_비빔밥덮밥류_냉면기_회덮밥_Q1_00013.JPG</path>
	<source>
		<database>fooddata</database>
	</source>
	<size>
		<width>3008</width>
		<height>2000</height>
		<depth>3</depth>
	</size>
	<object>
		<name>ref_spoon</name>
		<bndbox>
			<xmin>2072</xmin>
			<ymin>396</ymin>
			<xmax>2298</xmax>
			<ymax>781</ymax>
		</bndbox>
	</object>
	<object>
		<name>ref_fork</name>
		<bndbox>
			<xmin>2452</xmin>
			<ymin>442</ymin>
			<xmax>2624</xmax>
			<ymax>843</ymax>
		</bndbox>
	</object>
	<object>
		<name>ref_coin</name>
		<bndbox>
			<xmin>1696</xmin>
			<ymin>111</ymin>
			<xmax>1858</xmax>
			<ymax>265</ymax>
		</bndbox>
	</object>
	<object>
		<name>dish</name>
		<bndbox>
			<xmin>364</xmin>
			<ymin>241</ymin>
			<xmax>1826</xmax>
			<ymax>1681</ymax>
		</bndbox>
	</object>
	<object>
		<name>회덮밥</name>
		<bndbox>
			<xmin>718</xmin>
			<ymin>713</ymin>
			<xmax>1472</xmax>
			<ymax>1324</ymax>
		</bndbox>
	</object>
</annotation>