<annotation>
	<folder>top비빔밥덮밥류냉면기회덮밥q1</folder>
	<filename>top_비빔밥덮밥류_냉면기_회덮밥_Q1_00037.JPG</filename>
	<path>/top비빔밥덮밥류냉면기회덮밥q1/top_비빔밥덮밥류_냉면기_회덮밥_Q1_00037.JPG</path>
	<source>
		<database>fooddata</database>
	</source>
	<size>
		<width>3008</width>
		<height>2000</height>
		<depth>3</depth>
	</size>
	<object>
		<name>ref_spoon</name>
		<bndbox>
			<xmin>610</xmin>
			<ymin>339</ymin>
			<xmax>836</xmax>
			<ymax>717</ymax>
		</bndbox>
	</object>
	<object>
		<name>ref_fork</name>
		<bndbox>
			<xmin>936</xmin>
			<ymin>391</ymin>
			<xmax>1081</xmax>
			<ymax>774</ymax>
		</bndbox>
	</object>
	<object>
		<name>ref_coin</name>
		<bndbox>
			<xmin>1932</xmin>
			<ymin>1717</ymin>
			<xmax>2094</xmax>
			<ymax>1897</ymax>
		</bndbox>
	</object>
	<object>
		<name>dish</name>
		<bndbox>
			<xmin>1081</xmin>
			<ymin>162</ymin>
			<xmax>2455</xmax>
			<ymax>1516</ymax>
		</bndbox>
	</object>
	<object>
		<name>회덮밥</name>
		<bndbox>
			<xmin>1339</xmin>
			<ymin>543</ymin>
			<xmax>2160</xmax>
			<ymax>1263</ymax>
		</bndbox>
	</object>
</annotation>