<annotation>
	<folder>top비빔밥덮밥류냉면기회덮밥q1</folder>
	<filename>top_비빔밥덮밥류_냉면기_회덮밥_Q1_00008.JPG</filename>
	<path>/top비빔밥덮밥류냉면기회덮밥q1/top_비빔밥덮밥류_냉면기_회덮밥_Q1_00008.JPG</path>
	<source>
		<database>fooddata</database>
	</source>
	<size>
		<width>3008</width>
		<height>2000</height>
		<depth>3</depth>
	</size>
	<object>
		<name>ref_spoon</name>
		<bndbox>
			<xmin>2241</xmin>
			<ymin>236</ymin>
			<xmax>2484</xmax>
			<ymax>631</ymax>
		</bndbox>
	</object>
	<object>
		<name>ref_fork</name>
		<bndbox>
			<xmin>2649</xmin>
			<ymin>275</ymin>
			<xmax>2828</xmax>
			<ymax>693</ymax>
		</bndbox>
	</object>
	<object>
		<name>ref_coin</name>
		<bndbox>
			<xmin>273</xmin>
			<ymin>388</ymin>
			<xmax>445</xmax>
			<ymax>558</ymax>
		</bndbox>
	</object>
	<object>
		<name>dish</name>
		<bndbox>
			<xmin>580</xmin>
			<ymin>219</ymin>
			<xmax>2116</xmax>
			<ymax>1740</ymax>
		</bndbox>
	</object>
	<object>
		<name>회덮밥</name>
		<bndbox>
			<xmin>1057</xmin>
			<ymin>627</ymin>
			<xmax>1720</xmax>
			<ymax>1403</ymax>
		</bndbox>
	</object>
</annotation>