<annotation>
	<folder>side건더기국류원형배달감자탕q2</folder>
	<filename>side_건더기국류_원형배달_감자탕_Q2_00016.JPG</filename>
	<path>/side건더기국류원형배달감자탕q2/side_건더기국류_원형배달_감자탕_Q2_00016.JPG</path>
	<source>
		<database>fooddata</database>
	</source>
	<size>
		<width>3008</width>
		<height>2000</height>
		<depth>3</depth>
	</size>
	<object>
		<name>ref_spoon</name>
		<bndbox>
			<xmin>1880</xmin>
			<ymin>519</ymin>
			<xmax>2164</xmax>
			<ymax>821</ymax>
		</bndbox>
	</object>
	<object>
		<name>ref_fork</name>
		<bndbox>
			<xmin>2242</xmin>
			<ymin>530</ymin>
			<xmax>2469</xmax>
			<ymax>878</ymax>
		</bndbox>
	</object>
	<object>
		<name>ref_coin</name>
		<bndbox>
			<xmin>2706</xmin>
			<ymin>1051</ymin>
			<xmax>2937</xmax>
			<ymax>1218</ymax>
		</bndbox>
	</object>
	<object>
		<name>dish</name>
		<bndbox>
			<xmin>53</xmin>
			<ymin>271</ymin>
			<xmax>1497</xmax>
			<ymax>1431</ymax>
		</bndbox>
	</object>
	<object>
		<name>감자탕</name>
		<bndbox>
			<xmin>326</xmin>
			<ymin>771</ymin>
			<xmax>1242</xmax>
			<ymax>1076</ymax>
		</bndbox>
	</object>
</annotation>