<annotation>
	<folder>side건더기국류원형배달감자탕q2</folder>
	<filename>side_건더기국류_원형배달_감자탕_Q2_00008.JPG</filename>
	<path>/side건더기국류원형배달감자탕q2/side_건더기국류_원형배달_감자탕_Q2_00008.JPG</path>
	<source>
		<database>fooddata</database>
	</source>
	<size>
		<width>3008</width>
		<height>2000</height>
		<depth>3</depth>
	</size>
	<object>
		<name>ref_spoon</name>
		<bndbox>
			<xmin>2128</xmin>
			<ymin>629</ymin>
			<xmax>2394</xmax>
			<ymax>924</ymax>
		</bndbox>
	</object>
	<object>
		<name>ref_fork</name>
		<bndbox>
			<xmin>2469</xmin>
			<ymin>647</ymin>
			<xmax>2664</xmax>
			<ymax>984</ymax>
		</bndbox>
	</object>
	<object>
		<name>ref_coin</name>
		<bndbox>
			<xmin>128</xmin>
			<ymin>1129</ymin>
			<xmax>330</xmax>
			<ymax>1286</ymax>
		</bndbox>
	</object>
	<object>
		<name>dish</name>
		<bndbox>
			<xmin>685</xmin>
			<ymin>392</ymin>
			<xmax>2011</xmax>
			<ymax>1466</ymax>
		</bndbox>
	</object>
	<object>
		<name>감자탕</name>
		<bndbox>
			<xmin>933</xmin>
			<ymin>839</ymin>
			<xmax>1770</xmax>
			<ymax>1137</ymax>
		</bndbox>
	</object>
</annotation>