<annotation>
	<folder>side건더기국류원형배달감자탕q2</folder>
	<filename>side_건더기국류_원형배달_감자탕_Q2_00011.JPG</filename>
	<path>/side건더기국류원형배달감자탕q2/side_건더기국류_원형배달_감자탕_Q2_00011.JPG</path>
	<source>
		<database>fooddata</database>
	</source>
	<size>
		<width>3008</width>
		<height>2000</height>
		<depth>3</depth>
	</size>
	<object>
		<name>ref_spoon</name>
		<bndbox>
			<xmin>1976</xmin>
			<ymin>800</ymin>
			<xmax>2252</xmax>
			<ymax>1126</ymax>
		</bndbox>
	</object>
	<object>
		<name>ref_fork</name>
		<bndbox>
			<xmin>2334</xmin>
			<ymin>814</ymin>
			<xmax>2550</xmax>
			<ymax>1172</ymax>
		</bndbox>
	</object>
	<object>
		<name>ref_coin</name>
		<bndbox>
			<xmin>1600</xmin>
			<ymin>491</ymin>
			<xmax>1798</xmax>
			<ymax>622</ymax>
		</bndbox>
	</object>
	<object>
		<name>dish</name>
		<bndbox>
			<xmin>291</xmin>
			<ymin>558</ymin>
			<xmax>1731</xmax>
			<ymax>1708</ymax>
		</bndbox>
	</object>
	<object>
		<name>감자탕</name>
		<bndbox>
			<xmin>539</xmin>
			<ymin>867</ymin>
			<xmax>1472</xmax>
			<ymax>1356</ymax>
		</bndbox>
	</object>
</annotation>