<annotation>
	<folder>side건더기국류원형배달감자탕q2</folder>
	<filename>side_건더기국류_원형배달_감자탕_Q2_00025.JPG</filename>
	<path>/side건더기국류원형배달감자탕q2/side_건더기국류_원형배달_감자탕_Q2_00025.JPG</path>
	<source>
		<database>fooddata</database>
	</source>
	<size>
		<width>3008</width>
		<height>2000</height>
		<depth>3</depth>
	</size>
	<object>
		<name>ref_spoon</name>
		<bndbox>
			<xmin>819</xmin>
			<ymin>1576</ymin>
			<xmax>1266</xmax>
			<ymax>1839</ymax>
		</bndbox>
	</object>
	<object>
		<name>ref_fork</name>
		<bndbox>
			<xmin>851</xmin>
			<ymin>1367</ymin>
			<xmax>1334</xmax>
			<ymax>1608</ymax>
		</bndbox>
	</object>
	<object>
		<name>ref_coin</name>
		<bndbox>
			<xmin>1188</xmin>
			<ymin>147</ymin>
			<xmax>1376</xmax>
			<ymax>275</ymax>
		</bndbox>
	</object>
	<object>
		<name>dish</name>
		<bndbox>
			<xmin>1107</xmin>
			<ymin>250</ymin>
			<xmax>2515</xmax>
			<ymax>1356</ymax>
		</bndbox>
	</object>
	<object>
		<name>감자탕</name>
		<bndbox>
			<xmin>1344</xmin>
			<ymin>707</ymin>
			<xmax>2231</xmax>
			<ymax>991</ymax>
		</bndbox>
	</object>
</annotation>