<annotation>
	<folder>side건더기국류원형배달감자탕q2</folder>
	<filename>side_건더기국류_원형배달_감자탕_Q2_00019.JPG</filename>
	<path>/side건더기국류원형배달감자탕q2/side_건더기국류_원형배달_감자탕_Q2_00019.JPG</path>
	<source>
		<database>fooddata</database>
	</source>
	<size>
		<width>3008</width>
		<height>2000</height>
		<depth>3</depth>
	</size>
	<object>
		<name>ref_spoon</name>
		<bndbox>
			<xmin>717</xmin>
			<ymin>1555</ymin>
			<xmax>1163</xmax>
			<ymax>1832</ymax>
		</bndbox>
	</object>
	<object>
		<name>ref_fork</name>
		<bndbox>
			<xmin>766</xmin>
			<ymin>1339</ymin>
			<xmax>1245</xmax>
			<ymax>1594</ymax>
		</bndbox>
	</object>
	<object>
		<name>ref_coin</name>
		<bndbox>
			<xmin>2440</xmin>
			<ymin>1218</ymin>
			<xmax>2657</xmax>
			<ymax>1396</ymax>
		</bndbox>
	</object>
	<object>
		<name>dish</name>
		<bndbox>
			<xmin>975</xmin>
			<ymin>168</ymin>
			<xmax>2370</xmax>
			<ymax>1268</ymax>
		</bndbox>
	</object>
	<object>
		<name>감자탕</name>
		<bndbox>
			<xmin>1227</xmin>
			<ymin>569</ymin>
			<xmax>2064</xmax>
			<ymax>885</ymax>
		</bndbox>
	</object>
</annotation>