<annotation>
	<folder>side건더기국류원형배달감자탕q2</folder>
	<filename>side_건더기국류_원형배달_감자탕_Q2_00043.JPG</filename>
	<path>/side건더기국류원형배달감자탕q2/side_건더기국류_원형배달_감자탕_Q2_00043.JPG</path>
	<source>
		<database>fooddata</database>
	</source>
	<size>
		<width>3008</width>
		<height>2000</height>
		<depth>3</depth>
	</size>
	<object>
		<name>ref_spoon</name>
		<bndbox>
			<xmin>199</xmin>
			<ymin>743</ymin>
			<xmax>511</xmax>
			<ymax>1090</ymax>
		</bndbox>
	</object>
	<object>
		<name>ref_fork</name>
		<bndbox>
			<xmin>546</xmin>
			<ymin>753</ymin>
			<xmax>766</xmax>
			<ymax>1154</ymax>
		</bndbox>
	</object>
	<object>
		<name>ref_coin</name>
		<bndbox>
			<xmin>2462</xmin>
			<ymin>984</ymin>
			<xmax>2689</xmax>
			<ymax>1158</ymax>
		</bndbox>
	</object>
	<object>
		<name>dish</name>
		<bndbox>
			<xmin>805</xmin>
			<ymin>278</ymin>
			<xmax>2320</xmax>
			<ymax>1481</ymax>
		</bndbox>
	</object>
	<object>
		<name>감자탕</name>
		<bndbox>
			<xmin>1075</xmin>
			<ymin>683</ymin>
			<xmax>2025</xmax>
			<ymax>1108</ymax>
		</bndbox>
	</object>
</annotation>