<annotation>
	<folder>side건더기국류원형배달감자탕q2</folder>
	<filename>side_건더기국류_원형배달_감자탕_Q2_00015.JPG</filename>
	<path>/side건더기국류원형배달감자탕q2/side_건더기국류_원형배달_감자탕_Q2_00015.JPG</path>
	<source>
		<database>fooddata</database>
	</source>
	<size>
		<width>3008</width>
		<height>2000</height>
		<depth>3</depth>
	</size>
	<object>
		<name>ref_spoon</name>
		<bndbox>
			<xmin>1915</xmin>
			<ymin>622</ymin>
			<xmax>2192</xmax>
			<ymax>945</ymax>
		</bndbox>
	</object>
	<object>
		<name>ref_fork</name>
		<bndbox>
			<xmin>2270</xmin>
			<ymin>636</ymin>
			<xmax>2497</xmax>
			<ymax>991</ymax>
		</bndbox>
	</object>
	<object>
		<name>ref_coin</name>
		<bndbox>
			<xmin>2653</xmin>
			<ymin>949</ymin>
			<xmax>2866</xmax>
			<ymax>1101</ymax>
		</bndbox>
	</object>
	<object>
		<name>dish</name>
		<bndbox>
			<xmin>156</xmin>
			<ymin>321</ymin>
			<xmax>1571</xmax>
			<ymax>1452</ymax>
		</bndbox>
	</object>
	<object>
		<name>감자탕</name>
		<bndbox>
			<xmin>443</xmin>
			<ymin>810</ymin>
			<xmax>1334</xmax>
			<ymax>1098</ymax>
		</bndbox>
	</object>
</annotation>