<annotation>
	<folder>top건더기국류원형배달감자탕q2</folder>
	<filename>top_건더기국류_원형배달_감자탕_Q2_00028.JPG</filename>
	<path>/top건더기국류원형배달감자탕q2/top_건더기국류_원형배달_감자탕_Q2_00028.JPG</path>
	<source>
		<database>fooddata</database>
	</source>
	<size>
		<width>3008</width>
		<height>2000</height>
		<depth>3</depth>
	</size>
	<object>
		<name>ref_spoon</name>
		<bndbox>
			<xmin>954</xmin>
			<ymin>1594</ymin>
			<xmax>1298</xmax>
			<ymax>1850</ymax>
		</bndbox>
	</object>
	<object>
		<name>ref_fork</name>
		<bndbox>
			<xmin>1025</xmin>
			<ymin>1342</ymin>
			<xmax>1387</xmax>
			<ymax>1537</ymax>
		</bndbox>
	</object>
	<object>
		<name>ref_coin</name>
		<bndbox>
			<xmin>571</xmin>
			<ymin>1101</ymin>
			<xmax>752</xmax>
			<ymax>1282</ymax>
		</bndbox>
	</object>
	<object>
		<name>dish</name>
		<bndbox>
			<xmin>993</xmin>
			<ymin>26</ymin>
			<xmax>2284</xmax>
			<ymax>1286</ymax>
		</bndbox>
	</object>
	<object>
		<name>감자탕</name>
		<bndbox>
			<xmin>1188</xmin>
			<ymin>314</ymin>
			<xmax>2033</xmax>
			<ymax>1147</ymax>
		</bndbox>
	</object>
</annotation>