<annotation>
	<folder>top건더기국류원형배달감자탕q2</folder>
	<filename>top_건더기국류_원형배달_감자탕_Q2_00033.JPG</filename>
	<path>/top건더기국류원형배달감자탕q2/top_건더기국류_원형배달_감자탕_Q2_00033.JPG</path>
	<source>
		<database>fooddata</database>
	</source>
	<size>
		<width>3008</width>
		<height>2000</height>
		<depth>3</depth>
	</size>
	<object>
		<name>ref_spoon</name>
		<bndbox>
			<xmin>419</xmin>
			<ymin>353</ymin>
			<xmax>717</xmax>
			<ymax>750</ymax>
		</bndbox>
	</object>
	<object>
		<name>ref_fork</name>
		<bndbox>
			<xmin>773</xmin>
			<ymin>331</ymin>
			<xmax>983</xmax>
			<ymax>778</ymax>
		</bndbox>
	</object>
	<object>
		<name>ref_coin</name>
		<bndbox>
			<xmin>1334</xmin>
			<ymin>1644</ymin>
			<xmax>1547</xmax>
			<ymax>1846</ymax>
		</bndbox>
	</object>
	<object>
		<name>dish</name>
		<bndbox>
			<xmin>1199</xmin>
			<ymin>175</ymin>
			<xmax>2639</xmax>
			<ymax>1608</ymax>
		</bndbox>
	</object>
	<object>
		<name>감자탕</name>
		<bndbox>
			<xmin>1359</xmin>
			<ymin>448</ymin>
			<xmax>2313</xmax>
			<ymax>1406</ymax>
		</bndbox>
	</object>
</annotation>