<annotation>
	<folder>top건더기국류원형배달감자탕q2</folder>
	<filename>top_건더기국류_원형배달_감자탕_Q2_00030.JPG</filename>
	<path>/top건더기국류원형배달감자탕q2/top_건더기국류_원형배달_감자탕_Q2_00030.JPG</path>
	<source>
		<database>fooddata</database>
	</source>
	<size>
		<width>3008</width>
		<height>2000</height>
		<depth>3</depth>
	</size>
	<object>
		<name>ref_spoon</name>
		<bndbox>
			<xmin>795</xmin>
			<ymin>1647</ymin>
			<xmax>1160</xmax>
			<ymax>1928</ymax>
		</bndbox>
	</object>
	<object>
		<name>ref_fork</name>
		<bndbox>
			<xmin>862</xmin>
			<ymin>1385</ymin>
			<xmax>1234</xmax>
			<ymax>1591</ymax>
		</bndbox>
	</object>
	<object>
		<name>ref_coin</name>
		<bndbox>
			<xmin>2135</xmin>
			<ymin>1112</ymin>
			<xmax>2306</xmax>
			<ymax>1300</ymax>
		</bndbox>
	</object>
	<object>
		<name>dish</name>
		<bndbox>
			<xmin>866</xmin>
			<ymin>55</ymin>
			<xmax>2142</xmax>
			<ymax>1328</ymax>
		</bndbox>
	</object>
	<object>
		<name>감자탕</name>
		<bndbox>
			<xmin>1054</xmin>
			<ymin>346</ymin>
			<xmax>1905</xmax>
			<ymax>1208</ymax>
		</bndbox>
	</object>
</annotation>