<annotation>
	<folder>top건더기국류원형배달감자탕q2</folder>
	<filename>top_건더기국류_원형배달_감자탕_Q2_00034.JPG</filename>
	<path>/top건더기국류원형배달감자탕q2/top_건더기국류_원형배달_감자탕_Q2_00034.JPG</path>
	<source>
		<database>fooddata</database>
	</source>
	<size>
		<width>3008</width>
		<height>2000</height>
		<depth>3</depth>
	</size>
	<object>
		<name>ref_spoon</name>
		<bndbox>
			<xmin>376</xmin>
			<ymin>349</ymin>
			<xmax>663</xmax>
			<ymax>736</ymax>
		</bndbox>
	</object>
	<object>
		<name>ref_fork</name>
		<bndbox>
			<xmin>727</xmin>
			<ymin>349</ymin>
			<xmax>936</xmax>
			<ymax>782</ymax>
		</bndbox>
	</object>
	<object>
		<name>ref_coin</name>
		<bndbox>
			<xmin>1852</xmin>
			<ymin>1715</ymin>
			<xmax>2068</xmax>
			<ymax>1928</ymax>
		</bndbox>
	</object>
	<object>
		<name>dish</name>
		<bndbox>
			<xmin>1163</xmin>
			<ymin>218</ymin>
			<xmax>2586</xmax>
			<ymax>1665</ymax>
		</bndbox>
	</object>
	<object>
		<name>감자탕</name>
		<bndbox>
			<xmin>1330</xmin>
			<ymin>516</ymin>
			<xmax>2274</xmax>
			<ymax>1466</ymax>
		</bndbox>
	</object>
</annotation>