<annotation>
	<folder>side죽류원형배달닭죽q4</folder>
	<filename>side_죽류_원형배달_닭죽_Q4_00017.JPG</filename>
	<path>/side죽류원형배달닭죽q4/side_죽류_원형배달_닭죽_Q4_00017.JPG</path>
	<source>
		<database>fooddata</database>
	</source>
	<size>
		<width>3008</width>
		<height>2000</height>
		<depth>3</depth>
	</size>
	<object>
		<name>ref_spoon</name>
		<bndbox>
			<xmin>548</xmin>
			<ymin>1439</ymin>
			<xmax>1138</xmax>
			<ymax>1757</ymax>
		</bndbox>
	</object>
	<object>
		<name>ref_fork</name>
		<bndbox>
			<xmin>663</xmin>
			<ymin>1151</ymin>
			<xmax>1269</xmax>
			<ymax>1460</ymax>
		</bndbox>
	</object>
	<object>
		<name>ref_coin</name>
		<bndbox>
			<xmin>616</xmin>
			<ymin>932</ymin>
			<xmax>870</xmax>
			<ymax>1107</ymax>
		</bndbox>
	</object>
	<object>
		<name>dish</name>
		<bndbox>
			<xmin>1063</xmin>
			<ymin>214</ymin>
			<xmax>2013</xmax>
			<ymax>1164</ymax>
		</bndbox>
	</object>
	<object>
		<name>닭죽</name>
		<bndbox>
			<xmin>1149</xmin>
			<ymin>386</ymin>
			<xmax>1922</xmax>
			<ymax>775</ymax>
		</bndbox>
	</object>
</annotation>