<annotation>
	<folder>side죽류원형배달닭죽q4</folder>
	<filename>side_죽류_원형배달_닭죽_Q4_00016.JPG</filename>
	<path>/side죽류원형배달닭죽q4/side_죽류_원형배달_닭죽_Q4_00016.JPG</path>
	<source>
		<database>fooddata</database>
	</source>
	<size>
		<width>3008</width>
		<height>2000</height>
		<depth>3</depth>
	</size>
	<object>
		<name>ref_spoon</name>
		<bndbox>
			<xmin>1653</xmin>
			<ymin>355</ymin>
			<xmax>1971</xmax>
			<ymax>812</ymax>
		</bndbox>
	</object>
	<object>
		<name>ref_fork</name>
		<bndbox>
			<xmin>2123</xmin>
			<ymin>389</ymin>
			<xmax>2334</xmax>
			<ymax>880</ymax>
		</bndbox>
	</object>
	<object>
		<name>ref_coin</name>
		<bndbox>
			<xmin>444</xmin>
			<ymin>1501</ymin>
			<xmax>726</xmax>
			<ymax>1702</ymax>
		</bndbox>
	</object>
	<object>
		<name>dish</name>
		<bndbox>
			<xmin>616</xmin>
			<ymin>311</ymin>
			<xmax>1621</xmax>
			<ymax>1324</ymax>
		</bndbox>
	</object>
	<object>
		<name>닭죽</name>
		<bndbox>
			<xmin>697</xmin>
			<ymin>410</ymin>
			<xmax>1548</xmax>
			<ymax>901</ymax>
		</bndbox>
	</object>
</annotation>