<annotation>
	<folder>side죽류원형배달닭죽q4</folder>
	<filename>side_죽류_원형배달_닭죽_Q4_00047.JPG</filename>
	<path>/side죽류원형배달닭죽q4/side_죽류_원형배달_닭죽_Q4_00047.JPG</path>
	<source>
		<database>fooddata</database>
	</source>
	<size>
		<width>3008</width>
		<height>2000</height>
		<depth>3</depth>
	</size>
	<object>
		<name>ref_spoon</name>
		<bndbox>
			<xmin>864</xmin>
			<ymin>311</ymin>
			<xmax>1157</xmax>
			<ymax>718</ymax>
		</bndbox>
	</object>
	<object>
		<name>ref_fork</name>
		<bndbox>
			<xmin>1180</xmin>
			<ymin>373</ymin>
			<xmax>1387</xmax>
			<ymax>809</ymax>
		</bndbox>
	</object>
	<object>
		<name>ref_coin</name>
		<bndbox>
			<xmin>460</xmin>
			<ymin>624</ymin>
			<xmax>687</xmax>
			<ymax>791</ymax>
		</bndbox>
	</object>
	<object>
		<name>dish</name>
		<bndbox>
			<xmin>1507</xmin>
			<ymin>441</ymin>
			<xmax>2420</xmax>
			<ymax>1366</ymax>
		</bndbox>
	</object>
	<object>
		<name>닭죽</name>
		<bndbox>
			<xmin>1585</xmin>
			<ymin>567</ymin>
			<xmax>2345</xmax>
			<ymax>1008</ymax>
		</bndbox>
	</object>
</annotation>