<annotation>
	<folder>side죽류원형배달닭죽q4</folder>
	<filename>side_죽류_원형배달_닭죽_Q4_00032.JPG</filename>
	<path>/side죽류원형배달닭죽q4/side_죽류_원형배달_닭죽_Q4_00032.JPG</path>
	<source>
		<database>fooddata</database>
	</source>
	<size>
		<width>3008</width>
		<height>2000</height>
		<depth>3</depth>
	</size>
	<object>
		<name>ref_spoon</name>
		<bndbox>
			<xmin>757</xmin>
			<ymin>326</ymin>
			<xmax>1068</xmax>
			<ymax>752</ymax>
		</bndbox>
	</object>
	<object>
		<name>ref_fork</name>
		<bndbox>
			<xmin>1118</xmin>
			<ymin>332</ymin>
			<xmax>1324</xmax>
			<ymax>828</ymax>
		</bndbox>
	</object>
	<object>
		<name>ref_coin</name>
		<bndbox>
			<xmin>1454</xmin>
			<ymin>1363</ymin>
			<xmax>1700</xmax>
			<ymax>1554</ymax>
		</bndbox>
	</object>
	<object>
		<name>dish</name>
		<bndbox>
			<xmin>1462</xmin>
			<ymin>264</ymin>
			<xmax>2360</xmax>
			<ymax>1183</ymax>
		</bndbox>
	</object>
	<object>
		<name>닭죽</name>
		<bndbox>
			<xmin>1514</xmin>
			<ymin>402</ymin>
			<xmax>2279</xmax>
			<ymax>822</ymax>
		</bndbox>
	</object>
</annotation>