<annotation>
	<folder>side죽류원형배달닭죽q4</folder>
	<filename>side_죽류_원형배달_닭죽_Q4_00051.JPG</filename>
	<path>/side죽류원형배달닭죽q4/side_죽류_원형배달_닭죽_Q4_00051.JPG</path>
	<source>
		<database>fooddata</database>
	</source>
	<size>
		<width>3008</width>
		<height>2000</height>
		<depth>3</depth>
	</size>
	<object>
		<name>ref_spoon</name>
		<bndbox>
			<xmin>684</xmin>
			<ymin>313</ymin>
			<xmax>984</xmax>
			<ymax>718</ymax>
		</bndbox>
	</object>
	<object>
		<name>ref_fork</name>
		<bndbox>
			<xmin>1013</xmin>
			<ymin>352</ymin>
			<xmax>1219</xmax>
			<ymax>817</ymax>
		</bndbox>
	</object>
	<object>
		<name>ref_coin</name>
		<bndbox>
			<xmin>1178</xmin>
			<ymin>1493</ymin>
			<xmax>1434</xmax>
			<ymax>1684</ymax>
		</bndbox>
	</object>
	<object>
		<name>dish</name>
		<bndbox>
			<xmin>1428</xmin>
			<ymin>334</ymin>
			<xmax>2342</xmax>
			<ymax>1277</ymax>
		</bndbox>
	</object>
	<object>
		<name>닭죽</name>
		<bndbox>
			<xmin>1525</xmin>
			<ymin>480</ymin>
			<xmax>2274</xmax>
			<ymax>903</ymax>
		</bndbox>
	</object>
</annotation>