<annotation>
	<folder>side죽류원형배달닭죽q4</folder>
	<filename>side_죽류_원형배달_닭죽_Q4_00026.JPG</filename>
	<path>/side죽류원형배달닭죽q4/side_죽류_원형배달_닭죽_Q4_00026.JPG</path>
	<source>
		<database>fooddata</database>
	</source>
	<size>
		<width>3008</width>
		<height>2000</height>
		<depth>3</depth>
	</size>
	<object>
		<name>ref_spoon</name>
		<bndbox>
			<xmin>431</xmin>
			<ymin>1185</ymin>
			<xmax>940</xmax>
			<ymax>1457</ymax>
		</bndbox>
	</object>
	<object>
		<name>ref_fork</name>
		<bndbox>
			<xmin>554</xmin>
			<ymin>898</ymin>
			<xmax>1091</xmax>
			<ymax>1164</ymax>
		</bndbox>
	</object>
	<object>
		<name>ref_coin</name>
		<bndbox>
			<xmin>1428</xmin>
			<ymin>1598</ymin>
			<xmax>1676</xmax>
			<ymax>1775</ymax>
		</bndbox>
	</object>
	<object>
		<name>dish</name>
		<bndbox>
			<xmin>1068</xmin>
			<ymin>141</ymin>
			<xmax>1903</xmax>
			<ymax>997</ymax>
		</bndbox>
	</object>
	<object>
		<name>닭죽</name>
		<bndbox>
			<xmin>1138</xmin>
			<ymin>245</ymin>
			<xmax>1836</xmax>
			<ymax>642</ymax>
		</bndbox>
	</object>
</annotation>