<annotation>
	<folder>side죽류원형배달닭죽q4</folder>
	<filename>side_죽류_원형배달_닭죽_Q4_00013.JPG</filename>
	<path>/side죽류원형배달닭죽q4/side_죽류_원형배달_닭죽_Q4_00013.JPG</path>
	<source>
		<database>fooddata</database>
	</source>
	<size>
		<width>3008</width>
		<height>2000</height>
		<depth>3</depth>
	</size>
	<object>
		<name>ref_spoon</name>
		<bndbox>
			<xmin>1710</xmin>
			<ymin>606</ymin>
			<xmax>2024</xmax>
			<ymax>1047</ymax>
		</bndbox>
	</object>
	<object>
		<name>ref_fork</name>
		<bndbox>
			<xmin>2178</xmin>
			<ymin>642</ymin>
			<xmax>2397</xmax>
			<ymax>1136</ymax>
		</bndbox>
	</object>
	<object>
		<name>ref_coin</name>
		<bndbox>
			<xmin>1413</xmin>
			<ymin>1368</ymin>
			<xmax>1666</xmax>
			<ymax>1559</ymax>
		</bndbox>
	</object>
	<object>
		<name>dish</name>
		<bndbox>
			<xmin>394</xmin>
			<ymin>392</ymin>
			<xmax>1355</xmax>
			<ymax>1360</ymax>
		</bndbox>
	</object>
	<object>
		<name>닭죽</name>
		<bndbox>
			<xmin>467</xmin>
			<ymin>517</ymin>
			<xmax>1303</xmax>
			<ymax>958</ymax>
		</bndbox>
	</object>
</annotation>