<annotation>
	<folder>side죽류원형배달닭죽q4</folder>
	<filename>side_죽류_원형배달_닭죽_Q4_00003.JPG</filename>
	<path>/side죽류원형배달닭죽q4/side_죽류_원형배달_닭죽_Q4_00003.JPG</path>
	<source>
		<database>fooddata</database>
	</source>
	<size>
		<width>3008</width>
		<height>2000</height>
		<depth>3</depth>
	</size>
	<object>
		<name>ref_spoon</name>
		<bndbox>
			<xmin>1812</xmin>
			<ymin>256</ymin>
			<xmax>2138</xmax>
			<ymax>697</ymax>
		</bndbox>
	</object>
	<object>
		<name>ref_fork</name>
		<bndbox>
			<xmin>2285</xmin>
			<ymin>264</ymin>
			<xmax>2509</xmax>
			<ymax>765</ymax>
		</bndbox>
	</object>
	<object>
		<name>ref_coin</name>
		<bndbox>
			<xmin>815</xmin>
			<ymin>1345</ymin>
			<xmax>1089</xmax>
			<ymax>1543</ymax>
		</bndbox>
	</object>
	<object>
		<name>dish</name>
		<bndbox>
			<xmin>582</xmin>
			<ymin>204</ymin>
			<xmax>1572</xmax>
			<ymax>1188</ymax>
		</bndbox>
	</object>
	<object>
		<name>닭죽</name>
		<bndbox>
			<xmin>661</xmin>
			<ymin>295</ymin>
			<xmax>1509</xmax>
			<ymax>778</ymax>
		</bndbox>
	</object>
</annotation>