<annotation>
	<folder>side죽류원형배달닭죽q4</folder>
	<filename>side_죽류_원형배달_닭죽_Q4_00015.JPG</filename>
	<path>/side죽류원형배달닭죽q4/side_죽류_원형배달_닭죽_Q4_00015.JPG</path>
	<source>
		<database>fooddata</database>
	</source>
	<size>
		<width>3008</width>
		<height>2000</height>
		<depth>3</depth>
	</size>
	<object>
		<name>ref_spoon</name>
		<bndbox>
			<xmin>1642</xmin>
			<ymin>413</ymin>
			<xmax>1966</xmax>
			<ymax>856</ymax>
		</bndbox>
	</object>
	<object>
		<name>ref_fork</name>
		<bndbox>
			<xmin>2107</xmin>
			<ymin>444</ymin>
			<xmax>2329</xmax>
			<ymax>937</ymax>
		</bndbox>
	</object>
	<object>
		<name>ref_coin</name>
		<bndbox>
			<xmin>828</xmin>
			<ymin>1548</ymin>
			<xmax>1099</xmax>
			<ymax>1747</ymax>
		</bndbox>
	</object>
	<object>
		<name>dish</name>
		<bndbox>
			<xmin>551</xmin>
			<ymin>303</ymin>
			<xmax>1541</xmax>
			<ymax>1290</ymax>
		</bndbox>
	</object>
	<object>
		<name>닭죽</name>
		<bndbox>
			<xmin>614</xmin>
			<ymin>431</ymin>
			<xmax>1467</xmax>
			<ymax>875</ymax>
		</bndbox>
	</object>
</annotation>