<annotation>
	<folder>죽류원형배달닭죽q4</folder>
	<filename>top_죽류_원형배달_닭죽_Q4_00017.JPG</filename>
	<path>/top죽류원형배달닭죽q4/top_죽류_원형배달_닭죽_Q4_00017.JPG</path>
	<source>
		<database>fooddata</database>
	</source>
	<size>
		<width>3008</width>
		<height>2000</height>
		<depth>3</depth>
	</size>
	<object>
		<name>ref_spoon</name>
		<bndbox>
			<xmin>312</xmin>
			<ymin>1410</ymin>
			<xmax>862</xmax>
			<ymax>1757</ymax>
		</bndbox>
	</object>
	<object>
		<name>ref_fork</name>
		<bndbox>
			<xmin>394</xmin>
			<ymin>1090</ymin>
			<xmax>965</xmax>
			<ymax>1342</ymax>
		</bndbox>
	</object>
	<object>
		<name>ref_coin</name>
		<bndbox>
			<xmin>1837</xmin>
			<ymin>956</ymin>
			<xmax>2068</xmax>
			<ymax>1190</ymax>
		</bndbox>
	</object>
	<object>
		<name>dish</name>
		<bndbox>
			<xmin>979</xmin>
			<ymin>161</ymin>
			<xmax>1901</xmax>
			<ymax>1044</ymax>
		</bndbox>
	</object>
	<object>
		<name>닭죽</name>
		<bndbox>
			<xmin>1082</xmin>
			<ymin>264</ymin>
			<xmax>1845</xmax>
			<ymax>995</ymax>
		</bndbox>
	</object>
</annotation>