<annotation>
	<folder>죽류원형배달닭죽q4</folder>
	<filename>top_죽류_원형배달_닭죽_Q4_00016.JPG</filename>
	<path>/top죽류원형배달닭죽q4/top_죽류_원형배달_닭죽_Q4_00016.JPG</path>
	<source>
		<database>fooddata</database>
	</source>
	<size>
		<width>3008</width>
		<height>2000</height>
		<depth>3</depth>
	</size>
	<object>
		<name>ref_spoon</name>
		<bndbox>
			<xmin>1646</xmin>
			<ymin>303</ymin>
			<xmax>2018</xmax>
			<ymax>885</ymax>
		</bndbox>
	</object>
	<object>
		<name>ref_fork</name>
		<bndbox>
			<xmin>2142</xmin>
			<ymin>420</ymin>
			<xmax>2440</xmax>
			<ymax>1034</ymax>
		</bndbox>
	</object>
	<object>
		<name>ref_coin</name>
		<bndbox>
			<xmin>1149</xmin>
			<ymin>119</ymin>
			<xmax>1405</xmax>
			<ymax>370</ymax>
		</bndbox>
	</object>
	<object>
		<name>dish</name>
		<bndbox>
			<xmin>220</xmin>
			<ymin>796</ymin>
			<xmax>1320</xmax>
			<ymax>1867</ymax>
		</bndbox>
	</object>
	<object>
		<name>닭죽</name>
		<bndbox>
			<xmin>355</xmin>
			<ymin>888</ymin>
			<xmax>1238</xmax>
			<ymax>1764</ymax>
		</bndbox>
	</object>
</annotation>