<annotation>
	<folder>죽류원형배달닭죽q4</folder>
	<filename>top_죽류_원형배달_닭죽_Q4_00020.JPG</filename>
	<path>/top죽류원형배달닭죽q4/top_죽류_원형배달_닭죽_Q4_00020.JPG</path>
	<source>
		<database>fooddata</database>
	</source>
	<size>
		<width>3008</width>
		<height>2000</height>
		<depth>3</depth>
	</size>
	<object>
		<name>ref_spoon</name>
		<bndbox>
			<xmin>273</xmin>
			<ymin>1381</ymin>
			<xmax>866</xmax>
			<ymax>1729</ymax>
		</bndbox>
	</object>
	<object>
		<name>ref_fork</name>
		<bndbox>
			<xmin>369</xmin>
			<ymin>1051</ymin>
			<xmax>990</xmax>
			<ymax>1314</ymax>
		</bndbox>
	</object>
	<object>
		<name>ref_coin</name>
		<bndbox>
			<xmin>1947</xmin>
			<ymin>296</ymin>
			<xmax>2167</xmax>
			<ymax>519</ymax>
		</bndbox>
	</object>
	<object>
		<name>dish</name>
		<bndbox>
			<xmin>993</xmin>
			<ymin>260</ymin>
			<xmax>1937</xmax>
			<ymax>1186</ymax>
		</bndbox>
	</object>
	<object>
		<name>닭죽</name>
		<bndbox>
			<xmin>1085</xmin>
			<ymin>367</ymin>
			<xmax>1852</xmax>
			<ymax>1122</ymax>
		</bndbox>
	</object>
</annotation>