<annotation>
	<folder>죽류원형배달닭죽q4</folder>
	<filename>top_죽류_원형배달_닭죽_Q4_00005.JPG</filename>
	<path>/top죽류원형배달닭죽q4/top_죽류_원형배달_닭죽_Q4_00005.JPG</path>
	<source>
		<database>fooddata</database>
	</source>
	<size>
		<width>3008</width>
		<height>2000</height>
		<depth>3</depth>
	</size>
	<object>
		<name>ref_spoon</name>
		<bndbox>
			<xmin>1986</xmin>
			<ymin>136</ymin>
			<xmax>2373</xmax>
			<ymax>768</ymax>
		</bndbox>
	</object>
	<object>
		<name>ref_fork</name>
		<bndbox>
			<xmin>2483</xmin>
			<ymin>282</ymin>
			<xmax>2831</xmax>
			<ymax>913</ymax>
		</bndbox>
	</object>
	<object>
		<name>ref_coin</name>
		<bndbox>
			<xmin>60</xmin>
			<ymin>1211</ymin>
			<xmax>341</xmax>
			<ymax>1498</ymax>
		</bndbox>
	</object>
	<object>
		<name>dish</name>
		<bndbox>
			<xmin>536</xmin>
			<ymin>346</ymin>
			<xmax>1646</xmax>
			<ymax>1424</ymax>
		</bndbox>
	</object>
	<object>
		<name>닭죽</name>
		<bndbox>
			<xmin>667</xmin>
			<ymin>466</ymin>
			<xmax>1568</xmax>
			<ymax>1353</ymax>
		</bndbox>
	</object>
</annotation>