<annotation>
	<folder>죽류원형배달닭죽q4</folder>
	<filename>top_죽류_원형배달_닭죽_Q4_00032.JPG</filename>
	<path>/top죽류원형배달닭죽q4/top_죽류_원형배달_닭죽_Q4_00032.JPG</path>
	<source>
		<database>fooddata</database>
	</source>
	<size>
		<width>3008</width>
		<height>2000</height>
		<depth>3</depth>
	</size>
	<object>
		<name>ref_spoon</name>
		<bndbox>
			<xmin>344</xmin>
			<ymin>1470</ymin>
			<xmax>986</xmax>
			<ymax>1846</ymax>
		</bndbox>
	</object>
	<object>
		<name>ref_fork</name>
		<bndbox>
			<xmin>419</xmin>
			<ymin>1083</ymin>
			<xmax>1117</xmax>
			<ymax>1385</ymax>
		</bndbox>
	</object>
	<object>
		<name>ref_coin</name>
		<bndbox>
			<xmin>756</xmin>
			<ymin>530</ymin>
			<xmax>1014</xmax>
			<ymax>792</ymax>
		</bndbox>
	</object>
	<object>
		<name>dish</name>
		<bndbox>
			<xmin>1181</xmin>
			<ymin>133</ymin>
			<xmax>2270</xmax>
			<ymax>1190</ymax>
		</bndbox>
	</object>
	<object>
		<name>닭죽</name>
		<bndbox>
			<xmin>1281</xmin>
			<ymin>278</ymin>
			<xmax>2174</xmax>
			<ymax>1129</ymax>
		</bndbox>
	</object>
</annotation>