<annotation>
	<folder>side돌솥밥류돌솥영양돌솥밥q3</folder>
	<filename>side_돌솥밥류_돌솥_영양돌솥밥_Q3_00026.JPG</filename>
	<path>/side돌솥밥류돌솥영양돌솥밥q3/side_돌솥밥류_돌솥_영양돌솥밥_Q3_00026.JPG</path>
	<source>
		<database>fooddata</database>
	</source>
	<size>
		<width>720</width>
		<height>480</height>
		<depth>3</depth>
	</size>
	<object>
		<name>ref_spoon</name>
		<bndbox>
			<xmin>122</xmin>
			<ymin>81</ymin>
			<xmax>188</xmax>
			<ymax>175</ymax>
		</bndbox>
	</object>
	<object>
		<name>ref_fork</name>
		<bndbox>
			<xmin>219</xmin>
			<ymin>81</ymin>
			<xmax>268</xmax>
			<ymax>189</ymax>
		</bndbox>
	</object>
	<object>
		<name>ref_coin</name>
		<bndbox>
			<xmin>365</xmin>
			<ymin>398</ymin>
			<xmax>419</xmax>
			<ymax>446</ymax>
		</bndbox>
	</object>
	<object>
		<name>dish</name>
		<bndbox>
			<xmin>312</xmin>
			<ymin>37</ymin>
			<xmax>677</xmax>
			<ymax>336</ymax>
		</bndbox>
	</object>
	<object>
		<name>영양돌솥밥</name>
		<bndbox>
			<xmin>368</xmin>
			<ymin>88</ymin>
			<xmax>626</xmax>
			<ymax>245</ymax>
		</bndbox>
	</object>
</annotation>