<annotation>
	<folder>side돌솥밥류돌솥영양돌솥밥q3</folder>
	<filename>side_돌솥밥류_돌솥_영양돌솥밥_Q3_00044.JPG</filename>
	<path>/side돌솥밥류돌솥영양돌솥밥q3/side_돌솥밥류_돌솥_영양돌솥밥_Q3_00044.JPG</path>
	<source>
		<database>fooddata</database>
	</source>
	<size>
		<width>720</width>
		<height>480</height>
		<depth>3</depth>
	</size>
	<object>
		<name>ref_spoon</name>
		<bndbox>
			<xmin>86</xmin>
			<ymin>178</ymin>
			<xmax>155</xmax>
			<ymax>274</ymax>
		</bndbox>
	</object>
	<object>
		<name>ref_fork</name>
		<bndbox>
			<xmin>188</xmin>
			<ymin>176</ymin>
			<xmax>233</xmax>
			<ymax>282</ymax>
		</bndbox>
	</object>
	<object>
		<name>ref_coin</name>
		<bndbox>
			<xmin>177</xmin>
			<ymin>103</ymin>
			<xmax>226</xmax>
			<ymax>136</ymax>
		</bndbox>
	</object>
	<object>
		<name>dish</name>
		<bndbox>
			<xmin>297</xmin>
			<ymin>121</ymin>
			<xmax>658</xmax>
			<ymax>419</ymax>
		</bndbox>
	</object>
	<object>
		<name>영양돌솥밥</name>
		<bndbox>
			<xmin>345</xmin>
			<ymin>167</ymin>
			<xmax>589</xmax>
			<ymax>327</ymax>
		</bndbox>
	</object>
</annotation>