<annotation>
	<folder>side돌솥밥류돌솥영양돌솥밥q3</folder>
	<filename>side_돌솥밥류_돌솥_영양돌솥밥_Q3_00015.JPG</filename>
	<path>/side돌솥밥류돌솥영양돌솥밥q3/side_돌솥밥류_돌솥_영양돌솥밥_Q3_00015.JPG</path>
	<source>
		<database>fooddata</database>
	</source>
	<size>
		<width>720</width>
		<height>480</height>
		<depth>3</depth>
	</size>
	<object>
		<name>ref_spoon</name>
		<bndbox>
			<xmin>225</xmin>
			<ymin>387</ymin>
			<xmax>333</xmax>
			<ymax>451</ymax>
		</bndbox>
	</object>
	<object>
		<name>ref_fork</name>
		<bndbox>
			<xmin>237</xmin>
			<ymin>328</ymin>
			<xmax>358</xmax>
			<ymax>379</ymax>
		</bndbox>
	</object>
	<object>
		<name>ref_coin</name>
		<bndbox>
			<xmin>595</xmin>
			<ymin>171</ymin>
			<xmax>642</xmax>
			<ymax>207</ymax>
		</bndbox>
	</object>
	<object>
		<name>dish</name>
		<bndbox>
			<xmin>256</xmin>
			<ymin>37</ymin>
			<xmax>570</xmax>
			<ymax>297</ymax>
		</bndbox>
	</object>
	<object>
		<name>영양돌솥밥</name>
		<bndbox>
			<xmin>305</xmin>
			<ymin>63</ymin>
			<xmax>530</xmax>
			<ymax>214</ymax>
		</bndbox>
	</object>
</annotation>