<annotation>
	<folder>side돌솥밥류돌솥영양돌솥밥q3</folder>
	<filename>side_돌솥밥류_돌솥_영양돌솥밥_Q3_00021.JPG</filename>
	<path>/side돌솥밥류돌솥영양돌솥밥q3/side_돌솥밥류_돌솥_영양돌솥밥_Q3_00021.JPG</path>
	<source>
		<database>fooddata</database>
	</source>
	<size>
		<width>720</width>
		<height>480</height>
		<depth>3</depth>
	</size>
	<object>
		<name>ref_spoon</name>
		<bndbox>
			<xmin>252</xmin>
			<ymin>388</ymin>
			<xmax>354</xmax>
			<ymax>446</ymax>
		</bndbox>
	</object>
	<object>
		<name>ref_fork</name>
		<bndbox>
			<xmin>263</xmin>
			<ymin>333</ymin>
			<xmax>374</xmax>
			<ymax>382</ymax>
		</bndbox>
	</object>
	<object>
		<name>ref_coin</name>
		<bndbox>
			<xmin>417</xmin>
			<ymin>24</ymin>
			<xmax>453</xmax>
			<ymax>49</ymax>
		</bndbox>
	</object>
	<object>
		<name>dish</name>
		<bndbox>
			<xmin>277</xmin>
			<ymin>75</ymin>
			<xmax>568</xmax>
			<ymax>315</ymax>
		</bndbox>
	</object>
	<object>
		<name>영양돌솥밥</name>
		<bndbox>
			<xmin>344</xmin>
			<ymin>130</ymin>
			<xmax>530</xmax>
			<ymax>242</ymax>
		</bndbox>
	</object>
</annotation>