<annotation>
	<folder>side돌솥밥류돌솥영양돌솥밥q3</folder>
	<filename>side_돌솥밥류_돌솥_영양돌솥밥_Q3_00024.JPG</filename>
	<path>/side돌솥밥류돌솥영양돌솥밥q3/side_돌솥밥류_돌솥_영양돌솥밥_Q3_00024.JPG</path>
	<source>
		<database>fooddata</database>
	</source>
	<size>
		<width>720</width>
		<height>480</height>
		<depth>3</depth>
	</size>
	<object>
		<name>ref_spoon</name>
		<bndbox>
			<xmin>109</xmin>
			<ymin>86</ymin>
			<xmax>177</xmax>
			<ymax>183</ymax>
		</bndbox>
	</object>
	<object>
		<name>ref_fork</name>
		<bndbox>
			<xmin>207</xmin>
			<ymin>87</ymin>
			<xmax>254</xmax>
			<ymax>197</ymax>
		</bndbox>
	</object>
	<object>
		<name>ref_coin</name>
		<bndbox>
			<xmin>247</xmin>
			<ymin>400</ymin>
			<xmax>299</xmax>
			<ymax>446</ymax>
		</bndbox>
	</object>
	<object>
		<name>dish</name>
		<bndbox>
			<xmin>301</xmin>
			<ymin>44</ymin>
			<xmax>661</xmax>
			<ymax>339</ymax>
		</bndbox>
	</object>
	<object>
		<name>영양돌솥밥</name>
		<bndbox>
			<xmin>353</xmin>
			<ymin>90</ymin>
			<xmax>614</xmax>
			<ymax>249</ymax>
		</bndbox>
	</object>
</annotation>