<annotation>
	<folder>side돌솥밥류돌솥영양돌솥밥q3</folder>
	<filename>side_돌솥밥류_돌솥_영양돌솥밥_Q3_00030.JPG</filename>
	<path>/side돌솥밥류돌솥영양돌솥밥q3/side_돌솥밥류_돌솥_영양돌솥밥_Q3_00030.JPG</path>
	<source>
		<database>fooddata</database>
	</source>
	<size>
		<width>720</width>
		<height>480</height>
		<depth>3</depth>
	</size>
	<object>
		<name>ref_spoon</name>
		<bndbox>
			<xmin>55</xmin>
			<ymin>83</ymin>
			<xmax>124</xmax>
			<ymax>181</ymax>
		</bndbox>
	</object>
	<object>
		<name>ref_fork</name>
		<bndbox>
			<xmin>157</xmin>
			<ymin>87</ymin>
			<xmax>205</xmax>
			<ymax>194</ymax>
		</bndbox>
	</object>
	<object>
		<name>ref_coin</name>
		<bndbox>
			<xmin>582</xmin>
			<ymin>345</ymin>
			<xmax>637</xmax>
			<ymax>388</ymax>
		</bndbox>
	</object>
	<object>
		<name>dish</name>
		<bndbox>
			<xmin>252</xmin>
			<ymin>39</ymin>
			<xmax>614</xmax>
			<ymax>339</ymax>
		</bndbox>
	</object>
	<object>
		<name>영양돌솥밥</name>
		<bndbox>
			<xmin>304</xmin>
			<ymin>93</ymin>
			<xmax>565</xmax>
			<ymax>247</ymax>
		</bndbox>
	</object>
</annotation>