<annotation>
	<folder>side돌솥밥류돌솥영양돌솥밥q3</folder>
	<filename>side_돌솥밥류_돌솥_영양돌솥밥_Q3_00027.JPG</filename>
	<path>/side돌솥밥류돌솥영양돌솥밥q3/side_돌솥밥류_돌솥_영양돌솥밥_Q3_00027.JPG</path>
	<source>
		<database>fooddata</database>
	</source>
	<size>
		<width>720</width>
		<height>480</height>
		<depth>3</depth>
	</size>
	<object>
		<name>ref_spoon</name>
		<bndbox>
			<xmin>89</xmin>
			<ymin>73</ymin>
			<xmax>158</xmax>
			<ymax>166</ymax>
		</bndbox>
	</object>
	<object>
		<name>ref_fork</name>
		<bndbox>
			<xmin>188</xmin>
			<ymin>76</ymin>
			<xmax>237</xmax>
			<ymax>182</ymax>
		</bndbox>
	</object>
	<object>
		<name>ref_coin</name>
		<bndbox>
			<xmin>391</xmin>
			<ymin>390</ymin>
			<xmax>447</xmax>
			<ymax>436</ymax>
		</bndbox>
	</object>
	<object>
		<name>dish</name>
		<bndbox>
			<xmin>282</xmin>
			<ymin>32</ymin>
			<xmax>642</xmax>
			<ymax>328</ymax>
		</bndbox>
	</object>
	<object>
		<name>영양돌솥밥</name>
		<bndbox>
			<xmin>336</xmin>
			<ymin>69</ymin>
			<xmax>591</xmax>
			<ymax>238</ymax>
		</bndbox>
	</object>
</annotation>