<annotation>
	<folder>side돌솥밥류돌솥영양돌솥밥q3</folder>
	<filename>side_돌솥밥류_돌솥_영양돌솥밥_Q3_00025.JPG</filename>
	<path>/side돌솥밥류돌솥영양돌솥밥q3/side_돌솥밥류_돌솥_영양돌솥밥_Q3_00025.JPG</path>
	<source>
		<database>fooddata</database>
	</source>
	<size>
		<width>720</width>
		<height>480</height>
		<depth>3</depth>
	</size>
	<object>
		<name>ref_spoon</name>
		<bndbox>
			<xmin>126</xmin>
			<ymin>82</ymin>
			<xmax>194</xmax>
			<ymax>174</ymax>
		</bndbox>
	</object>
	<object>
		<name>ref_fork</name>
		<bndbox>
			<xmin>225</xmin>
			<ymin>85</ymin>
			<xmax>272</xmax>
			<ymax>193</ymax>
		</bndbox>
	</object>
	<object>
		<name>ref_coin</name>
		<bndbox>
			<xmin>309</xmin>
			<ymin>371</ymin>
			<xmax>364</xmax>
			<ymax>418</ymax>
		</bndbox>
	</object>
	<object>
		<name>dish</name>
		<bndbox>
			<xmin>316</xmin>
			<ymin>39</ymin>
			<xmax>679</xmax>
			<ymax>337</ymax>
		</bndbox>
	</object>
	<object>
		<name>영양돌솥밥</name>
		<bndbox>
			<xmin>371</xmin>
			<ymin>58</ymin>
			<xmax>617</xmax>
			<ymax>245</ymax>
		</bndbox>
	</object>
</annotation>