<annotation>
	<folder>top돌솥밥류돌솥영양돌솥밥q3</folder>
	<filename>top_돌솥밥류_돌솥_영양돌솥밥_Q3_00038.JPG</filename>
	<path>/top돌솥밥류돌솥영양돌솥밥q3/top_돌솥밥류_돌솥_영양돌솥밥_Q3_00038.JPG</path>
	<source>
		<database>fooddata</database>
	</source>
	<size>
		<width>720</width>
		<height>480</height>
		<depth>3</depth>
	</size>
	<object>
		<name>ref_spoon</name>
		<bndbox>
			<xmin>74</xmin>
			<ymin>123</ymin>
			<xmax>144</xmax>
			<ymax>232</ymax>
		</bndbox>
	</object>
	<object>
		<name>ref_fork</name>
		<bndbox>
			<xmin>175</xmin>
			<ymin>132</ymin>
			<xmax>222</xmax>
			<ymax>251</ymax>
		</bndbox>
	</object>
	<object>
		<name>ref_coin</name>
		<bndbox>
			<xmin>252</xmin>
			<ymin>24</ymin>
			<xmax>301</xmax>
			<ymax>71</ymax>
		</bndbox>
	</object>
	<object>
		<name>dish</name>
		<bndbox>
			<xmin>269</xmin>
			<ymin>90</ymin>
			<xmax>627</xmax>
			<ymax>443</ymax>
		</bndbox>
	</object>
	<object>
		<name>영양돌솥밥</name>
		<bndbox>
			<xmin>312</xmin>
			<ymin>155</ymin>
			<xmax>553</xmax>
			<ymax>388</ymax>
		</bndbox>
	</object>
</annotation>