<annotation>
	<folder>top돌솥밥류돌솥영양돌솥밥q3</folder>
	<filename>top_돌솥밥류_돌솥_영양돌솥밥_Q3_00030.JPG</filename>
	<path>/top돌솥밥류돌솥영양돌솥밥q3/top_돌솥밥류_돌솥_영양돌솥밥_Q3_00030.JPG</path>
	<source>
		<database>fooddata</database>
	</source>
	<size>
		<width>720</width>
		<height>480</height>
		<depth>3</depth>
	</size>
	<object>
		<name>ref_spoon</name>
		<bndbox>
			<xmin>73</xmin>
			<ymin>75</ymin>
			<xmax>139</xmax>
			<ymax>180</ymax>
		</bndbox>
	</object>
	<object>
		<name>ref_fork</name>
		<bndbox>
			<xmin>168</xmin>
			<ymin>85</ymin>
			<xmax>215</xmax>
			<ymax>200</ymax>
		</bndbox>
	</object>
	<object>
		<name>ref_coin</name>
		<bndbox>
			<xmin>583</xmin>
			<ymin>92</ymin>
			<xmax>628</xmax>
			<ymax>139</ymax>
		</bndbox>
	</object>
	<object>
		<name>dish</name>
		<bndbox>
			<xmin>256</xmin>
			<ymin>45</ymin>
			<xmax>604</xmax>
			<ymax>384</ymax>
		</bndbox>
	</object>
	<object>
		<name>영양돌솥밥</name>
		<bndbox>
			<xmin>297</xmin>
			<ymin>105</ymin>
			<xmax>531</xmax>
			<ymax>334</ymax>
		</bndbox>
	</object>
</annotation>