<annotation>
	<folder>top돌솥밥류돌솥영양돌솥밥q3</folder>
	<filename>top_돌솥밥류_돌솥_영양돌솥밥_Q3_00022.JPG</filename>
	<path>/top돌솥밥류돌솥영양돌솥밥q3/top_돌솥밥류_돌솥_영양돌솥밥_Q3_00022.JPG</path>
	<source>
		<database>fooddata</database>
	</source>
	<size>
		<width>720</width>
		<height>480</height>
		<depth>3</depth>
	</size>
	<object>
		<name>ref_spoon</name>
		<bndbox>
			<xmin>217</xmin>
			<ymin>386</ymin>
			<xmax>308</xmax>
			<ymax>440</ymax>
		</bndbox>
	</object>
	<object>
		<name>ref_fork</name>
		<bndbox>
			<xmin>242</xmin>
			<ymin>333</ymin>
			<xmax>334</xmax>
			<ymax>370</ymax>
		</bndbox>
	</object>
	<object>
		<name>ref_coin</name>
		<bndbox>
			<xmin>320</xmin>
			<ymin>22</ymin>
			<xmax>354</xmax>
			<ymax>56</ymax>
		</bndbox>
	</object>
	<object>
		<name>dish</name>
		<bndbox>
			<xmin>261</xmin>
			<ymin>87</ymin>
			<xmax>527</xmax>
			<ymax>348</ymax>
		</bndbox>
	</object>
	<object>
		<name>영양돌솥밥</name>
		<bndbox>
			<xmin>307</xmin>
			<ymin>133</ymin>
			<xmax>489</xmax>
			<ymax>309</ymax>
		</bndbox>
	</object>
</annotation>