<annotation>
	<folder>top돌솥밥류돌솥영양돌솥밥q3</folder>
	<filename>top_돌솥밥류_돌솥_영양돌솥밥_Q3_00051.JPG</filename>
	<path>/top돌솥밥류돌솥영양돌솥밥q3/top_돌솥밥류_돌솥_영양돌솥밥_Q3_00051.JPG</path>
	<source>
		<database>fooddata</database>
	</source>
	<size>
		<width>720</width>
		<height>480</height>
		<depth>3</depth>
	</size>
	<object>
		<name>ref_spoon</name>
		<bndbox>
			<xmin>112</xmin>
			<ymin>61</ymin>
			<xmax>175</xmax>
			<ymax>163</ymax>
		</bndbox>
	</object>
	<object>
		<name>ref_fork</name>
		<bndbox>
			<xmin>206</xmin>
			<ymin>65</ymin>
			<xmax>248</xmax>
			<ymax>177</ymax>
		</bndbox>
	</object>
	<object>
		<name>ref_coin</name>
		<bndbox>
			<xmin>578</xmin>
			<ymin>341</ymin>
			<xmax>625</xmax>
			<ymax>389</ymax>
		</bndbox>
	</object>
	<object>
		<name>dish</name>
		<bndbox>
			<xmin>294</xmin>
			<ymin>18</ymin>
			<xmax>630</xmax>
			<ymax>348</ymax>
		</bndbox>
	</object>
	<object>
		<name>영양돌솥밥</name>
		<bndbox>
			<xmin>336</xmin>
			<ymin>49</ymin>
			<xmax>534</xmax>
			<ymax>293</ymax>
		</bndbox>
	</object>
</annotation>