<annotation>
	<folder>top돌솥밥류돌솥영양돌솥밥q3</folder>
	<filename>top_돌솥밥류_돌솥_영양돌솥밥_Q3_00020.JPG</filename>
	<path>/top돌솥밥류돌솥영양돌솥밥q3/top_돌솥밥류_돌솥_영양돌솥밥_Q3_00020.JPG</path>
	<source>
		<database>fooddata</database>
	</source>
	<size>
		<width>720</width>
		<height>480</height>
		<depth>3</depth>
	</size>
	<object>
		<name>ref_spoon</name>
		<bndbox>
			<xmin>186</xmin>
			<ymin>387</ymin>
			<xmax>282</xmax>
			<ymax>447</ymax>
		</bndbox>
	</object>
	<object>
		<name>ref_fork</name>
		<bndbox>
			<xmin>210</xmin>
			<ymin>331</ymin>
			<xmax>310</xmax>
			<ymax>372</ymax>
		</bndbox>
	</object>
	<object>
		<name>ref_coin</name>
		<bndbox>
			<xmin>393</xmin>
			<ymin>16</ymin>
			<xmax>430</xmax>
			<ymax>51</ymax>
		</bndbox>
	</object>
	<object>
		<name>dish</name>
		<bndbox>
			<xmin>228</xmin>
			<ymin>71</ymin>
			<xmax>508</xmax>
			<ymax>346</ymax>
		</bndbox>
	</object>
	<object>
		<name>영양돌솥밥</name>
		<bndbox>
			<xmin>265</xmin>
			<ymin>108</ymin>
			<xmax>472</xmax>
			<ymax>306</ymax>
		</bndbox>
	</object>
</annotation>