<annotation>
	<folder>top돌솥밥류돌솥영양돌솥밥q3</folder>
	<filename>top_돌솥밥류_돌솥_영양돌솥밥_Q3_00052.JPG</filename>
	<path>/top돌솥밥류돌솥영양돌솥밥q3/top_돌솥밥류_돌솥_영양돌솥밥_Q3_00052.JPG</path>
	<source>
		<database>fooddata</database>
	</source>
	<size>
		<width>720</width>
		<height>480</height>
		<depth>3</depth>
	</size>
	<object>
		<name>ref_spoon</name>
		<bndbox>
			<xmin>121</xmin>
			<ymin>84</ymin>
			<xmax>179</xmax>
			<ymax>181</ymax>
		</bndbox>
	</object>
	<object>
		<name>ref_fork</name>
		<bndbox>
			<xmin>208</xmin>
			<ymin>91</ymin>
			<xmax>248</xmax>
			<ymax>199</ymax>
		</bndbox>
	</object>
	<object>
		<name>ref_coin</name>
		<bndbox>
			<xmin>490</xmin>
			<ymin>380</ymin>
			<xmax>537</xmax>
			<ymax>424</ymax>
		</bndbox>
	</object>
	<object>
		<name>dish</name>
		<bndbox>
			<xmin>290</xmin>
			<ymin>44</ymin>
			<xmax>599</xmax>
			<ymax>348</ymax>
		</bndbox>
	</object>
	<object>
		<name>영양돌솥밥</name>
		<bndbox>
			<xmin>327</xmin>
			<ymin>78</ymin>
			<xmax>515</xmax>
			<ymax>297</ymax>
		</bndbox>
	</object>
</annotation>