<annotation>
	<folder>top돌솥밥류돌솥영양돌솥밥q3</folder>
	<filename>top_돌솥밥류_돌솥_영양돌솥밥_Q3_00042.JPG</filename>
	<path>/top돌솥밥류돌솥영양돌솥밥q3/top_돌솥밥류_돌솥_영양돌솥밥_Q3_00042.JPG</path>
	<source>
		<database>fooddata</database>
	</source>
	<size>
		<width>720</width>
		<height>480</height>
		<depth>3</depth>
	</size>
	<object>
		<name>ref_spoon</name>
		<bndbox>
			<xmin>87</xmin>
			<ymin>158</ymin>
			<xmax>148</xmax>
			<ymax>261</ymax>
		</bndbox>
	</object>
	<object>
		<name>ref_fork</name>
		<bndbox>
			<xmin>181</xmin>
			<ymin>165</ymin>
			<xmax>224</xmax>
			<ymax>274</ymax>
		</bndbox>
	</object>
	<object>
		<name>ref_coin</name>
		<bndbox>
			<xmin>392</xmin>
			<ymin>40</ymin>
			<xmax>437</xmax>
			<ymax>81</ymax>
		</bndbox>
	</object>
	<object>
		<name>dish</name>
		<bndbox>
			<xmin>268</xmin>
			<ymin>118</ymin>
			<xmax>603</xmax>
			<ymax>451</ymax>
		</bndbox>
	</object>
	<object>
		<name>영양돌솥밥</name>
		<bndbox>
			<xmin>311</xmin>
			<ymin>184</ymin>
			<xmax>489</xmax>
			<ymax>400</ymax>
		</bndbox>
	</object>
</annotation>