<annotation>
	<folder>top돌솥밥류돌솥영양돌솥밥q3</folder>
	<filename>top_돌솥밥류_돌솥_영양돌솥밥_Q3_00036.JPG</filename>
	<path>/top돌솥밥류돌솥영양돌솥밥q3/top_돌솥밥류_돌솥_영양돌솥밥_Q3_00036.JPG</path>
	<source>
		<database>fooddata</database>
	</source>
	<size>
		<width>720</width>
		<height>480</height>
		<depth>3</depth>
	</size>
	<object>
		<name>ref_spoon</name>
		<bndbox>
			<xmin>102</xmin>
			<ymin>148</ymin>
			<xmax>165</xmax>
			<ymax>249</ymax>
		</bndbox>
	</object>
	<object>
		<name>ref_fork</name>
		<bndbox>
			<xmin>194</xmin>
			<ymin>156</ymin>
			<xmax>238</xmax>
			<ymax>265</ymax>
		</bndbox>
	</object>
	<object>
		<name>ref_coin</name>
		<bndbox>
			<xmin>343</xmin>
			<ymin>35</ymin>
			<xmax>389</xmax>
			<ymax>77</ymax>
		</bndbox>
	</object>
	<object>
		<name>dish</name>
		<bndbox>
			<xmin>284</xmin>
			<ymin>118</ymin>
			<xmax>620</xmax>
			<ymax>445</ymax>
		</bndbox>
	</object>
	<object>
		<name>영양돌솥밥</name>
		<bndbox>
			<xmin>327</xmin>
			<ymin>176</ymin>
			<xmax>550</xmax>
			<ymax>393</ymax>
		</bndbox>
	</object>
</annotation>