<annotation>
	<folder>top돌솥밥류돌솥영양돌솥밥q3</folder>
	<filename>top_돌솥밥류_돌솥_영양돌솥밥_Q3_00002.JPG</filename>
	<path>/top돌솥밥류돌솥영양돌솥밥q3/top_돌솥밥류_돌솥_영양돌솥밥_Q3_00002.JPG</path>
	<source>
		<database>fooddata</database>
	</source>
	<size>
		<width>720</width>
		<height>480</height>
		<depth>3</depth>
	</size>
	<object>
		<name>ref_spoon</name>
		<bndbox>
			<xmin>497</xmin>
			<ymin>66</ymin>
			<xmax>565</xmax>
			<ymax>175</ymax>
		</bndbox>
	</object>
	<object>
		<name>ref_fork</name>
		<bndbox>
			<xmin>578</xmin>
			<ymin>80</ymin>
			<xmax>629</xmax>
			<ymax>201</ymax>
		</bndbox>
	</object>
	<object>
		<name>ref_coin</name>
		<bndbox>
			<xmin>348</xmin>
			<ymin>417</ymin>
			<xmax>399</xmax>
			<ymax>469</ymax>
		</bndbox>
	</object>
	<object>
		<name>dish</name>
		<bndbox>
			<xmin>113</xmin>
			<ymin>44</ymin>
			<xmax>472</xmax>
			<ymax>400</ymax>
		</bndbox>
	</object>
	<object>
		<name>영양돌솥밥</name>
		<bndbox>
			<xmin>161</xmin>
			<ymin>93</ymin>
			<xmax>430</xmax>
			<ymax>349</ymax>
		</bndbox>
	</object>
</annotation>