<annotation>
	<folder>top돌솥밥류돌솥영양돌솥밥q3</folder>
	<filename>top_돌솥밥류_돌솥_영양돌솥밥_Q3_00010.JPG</filename>
	<path>/top돌솥밥류돌솥영양돌솥밥q3/top_돌솥밥류_돌솥_영양돌솥밥_Q3_00010.JPG</path>
	<source>
		<database>fooddata</database>
	</source>
	<size>
		<width>720</width>
		<height>480</height>
		<depth>3</depth>
	</size>
	<object>
		<name>ref_spoon</name>
		<bndbox>
			<xmin>505</xmin>
			<ymin>78</ymin>
			<xmax>566</xmax>
			<ymax>183</ymax>
		</bndbox>
	</object>
	<object>
		<name>ref_fork</name>
		<bndbox>
			<xmin>578</xmin>
			<ymin>94</ymin>
			<xmax>626</xmax>
			<ymax>207</ymax>
		</bndbox>
	</object>
	<object>
		<name>ref_coin</name>
		<bndbox>
			<xmin>123</xmin>
			<ymin>122</ymin>
			<xmax>171</xmax>
			<ymax>167</ymax>
		</bndbox>
	</object>
	<object>
		<name>dish</name>
		<bndbox>
			<xmin>159</xmin>
			<ymin>66</ymin>
			<xmax>501</xmax>
			<ymax>402</ymax>
		</bndbox>
	</object>
	<object>
		<name>영양돌솥밥</name>
		<bndbox>
			<xmin>204</xmin>
			<ymin>119</ymin>
			<xmax>448</xmax>
			<ymax>350</ymax>
		</bndbox>
	</object>
</annotation>