<annotation>
	<folder>top돌솥밥류돌솥영양돌솥밥q3</folder>
	<filename>top_돌솥밥류_돌솥_영양돌솥밥_Q3_00032.JPG</filename>
	<path>/top돌솥밥류돌솥영양돌솥밥q3/top_돌솥밥류_돌솥_영양돌솥밥_Q3_00032.JPG</path>
	<source>
		<database>fooddata</database>
	</source>
	<size>
		<width>720</width>
		<height>480</height>
		<depth>3</depth>
	</size>
	<object>
		<name>ref_spoon</name>
		<bndbox>
			<xmin>63</xmin>
			<ymin>105</ymin>
			<xmax>128</xmax>
			<ymax>209</ymax>
		</bndbox>
	</object>
	<object>
		<name>ref_fork</name>
		<bndbox>
			<xmin>161</xmin>
			<ymin>114</ymin>
			<xmax>206</xmax>
			<ymax>230</ymax>
		</bndbox>
	</object>
	<object>
		<name>ref_coin</name>
		<bndbox>
			<xmin>477</xmin>
			<ymin>24</ymin>
			<xmax>521</xmax>
			<ymax>67</ymax>
		</bndbox>
	</object>
	<object>
		<name>dish</name>
		<bndbox>
			<xmin>247</xmin>
			<ymin>72</ymin>
			<xmax>595</xmax>
			<ymax>415</ymax>
		</bndbox>
	</object>
	<object>
		<name>영양돌솥밥</name>
		<bndbox>
			<xmin>290</xmin>
			<ymin>135</ymin>
			<xmax>521</xmax>
			<ymax>360</ymax>
		</bndbox>
	</object>
</annotation>