<annotation>
	<folder>side어육류면적원형배달떡볶이q4</folder>
	<filename>side_어육류면적_원형배달_떡볶이_Q4_00012.JPG</filename>
	<path>/side어육류면적원형배달떡볶이q4/side_어육류면적_원형배달_떡볶이_Q4_00012.JPG</path>
	<source>
		<database>fooddata</database>
	</source>
	<size>
		<width>3008</width>
		<height>2000</height>
		<depth>3</depth>
	</size>
	<object>
		<name>ref_spoon</name>
		<bndbox>
			<xmin>1777</xmin>
			<ymin>704</ymin>
			<xmax>2115</xmax>
			<ymax>1162</ymax>
		</bndbox>
	</object>
	<object>
		<name>ref_fork</name>
		<bndbox>
			<xmin>2249</xmin>
			<ymin>745</ymin>
			<xmax>2490</xmax>
			<ymax>1255</ymax>
		</bndbox>
	</object>
	<object>
		<name>ref_coin</name>
		<bndbox>
			<xmin>592</xmin>
			<ymin>245</ymin>
			<xmax>847</xmax>
			<ymax>417</ymax>
		</bndbox>
	</object>
	<object>
		<name>dish</name>
		<bndbox>
			<xmin>504</xmin>
			<ymin>653</ymin>
			<xmax>1601</xmax>
			<ymax>1745</ymax>
		</bndbox>
	</object>
	<object>
		<name>떡볶이</name>
		<bndbox>
			<xmin>578</xmin>
			<ymin>801</ymin>
			<xmax>1527</xmax>
			<ymax>1431</ymax>
		</bndbox>
	</object>
</annotation>