<annotation>
	<folder>side어육류면적원형배달떡볶이q4</folder>
	<filename>side_어육류면적_원형배달_떡볶이_Q4_00031.JPG</filename>
	<path>/side어육류면적원형배달떡볶이q4/side_어육류면적_원형배달_떡볶이_Q4_00031.JPG</path>
	<source>
		<database>fooddata</database>
	</source>
	<size>
		<width>3008</width>
		<height>2000</height>
		<depth>3</depth>
	</size>
	<object>
		<name>ref_spoon</name>
		<bndbox>
			<xmin>323</xmin>
			<ymin>1542</ymin>
			<xmax>911</xmax>
			<ymax>1889</ymax>
		</bndbox>
	</object>
	<object>
		<name>ref_fork</name>
		<bndbox>
			<xmin>416</xmin>
			<ymin>1264</ymin>
			<xmax>1073</xmax>
			<ymax>1574</ymax>
		</bndbox>
	</object>
	<object>
		<name>ref_coin</name>
		<bndbox>
			<xmin>254</xmin>
			<ymin>870</ymin>
			<xmax>536</xmax>
			<ymax>1074</ymax>
		</bndbox>
	</object>
	<object>
		<name>dish</name>
		<bndbox>
			<xmin>884</xmin>
			<ymin>93</ymin>
			<xmax>2027</xmax>
			<ymax>1213</ymax>
		</bndbox>
	</object>
	<object>
		<name>떡볶이</name>
		<bndbox>
			<xmin>972</xmin>
			<ymin>208</ymin>
			<xmax>1902</xmax>
			<ymax>833</ymax>
		</bndbox>
	</object>
</annotation>