<annotation>
	<folder>side어육류면적원형배달떡볶이q4</folder>
	<filename>side_어육류면적_원형배달_떡볶이_Q4_00049.JPG</filename>
	<path>/side어육류면적원형배달떡볶이q4/side_어육류면적_원형배달_떡볶이_Q4_00049.JPG</path>
	<source>
		<database>fooddata</database>
	</source>
	<size>
		<width>3008</width>
		<height>2000</height>
		<depth>3</depth>
	</size>
	<object>
		<name>ref_spoon</name>
		<bndbox>
			<xmin>416</xmin>
			<ymin>574</ymin>
			<xmax>786</xmax>
			<ymax>1019</ymax>
		</bndbox>
	</object>
	<object>
		<name>ref_fork</name>
		<bndbox>
			<xmin>911</xmin>
			<ymin>620</ymin>
			<xmax>1166</xmax>
			<ymax>1134</ymax>
		</bndbox>
	</object>
	<object>
		<name>ref_coin</name>
		<bndbox>
			<xmin>1073</xmin>
			<ymin>194</ymin>
			<xmax>1305</xmax>
			<ymax>366</ymax>
		</bndbox>
	</object>
	<object>
		<name>dish</name>
		<bndbox>
			<xmin>1398</xmin>
			<ymin>454</ymin>
			<xmax>2550</xmax>
			<ymax>1560</ymax>
		</bndbox>
	</object>
	<object>
		<name>떡볶이</name>
		<bndbox>
			<xmin>1499</xmin>
			<ymin>671</ymin>
			<xmax>2462</xmax>
			<ymax>1204</ymax>
		</bndbox>
	</object>
</annotation>