<annotation>
	<folder>side어육류면적원형배달떡볶이q4</folder>
	<filename>side_어육류면적_원형배달_떡볶이_Q4_00041.JPG</filename>
	<path>/side어육류면적원형배달떡볶이q4/side_어육류면적_원형배달_떡볶이_Q4_00041.JPG</path>
	<source>
		<database>fooddata</database>
	</source>
	<size>
		<width>3008</width>
		<height>2000</height>
		<depth>3</depth>
	</size>
	<object>
		<name>ref_spoon</name>
		<bndbox>
			<xmin>541</xmin>
			<ymin>370</ymin>
			<xmax>907</xmax>
			<ymax>838</ymax>
		</bndbox>
	</object>
	<object>
		<name>ref_fork</name>
		<bndbox>
			<xmin>1036</xmin>
			<ymin>426</ymin>
			<xmax>1286</xmax>
			<ymax>958</ymax>
		</bndbox>
	</object>
	<object>
		<name>ref_coin</name>
		<bndbox>
			<xmin>171</xmin>
			<ymin>1250</ymin>
			<xmax>453</xmax>
			<ymax>1468</ymax>
		</bndbox>
	</object>
	<object>
		<name>dish</name>
		<bndbox>
			<xmin>1453</xmin>
			<ymin>273</ymin>
			<xmax>2573</xmax>
			<ymax>1361</ymax>
		</bndbox>
	</object>
	<object>
		<name>떡볶이</name>
		<bndbox>
			<xmin>1504</xmin>
			<ymin>458</ymin>
			<xmax>2504</xmax>
			<ymax>1009</ymax>
		</bndbox>
	</object>
</annotation>