<annotation>
	<folder>side어육류면적원형배달떡볶이q4</folder>
	<filename>side_어육류면적_원형배달_떡볶이_Q4_00003.JPG</filename>
	<path>/side어육류면적원형배달떡볶이q4/side_어육류면적_원형배달_떡볶이_Q4_00003.JPG</path>
	<source>
		<database>fooddata</database>
	</source>
	<size>
		<width>3008</width>
		<height>2000</height>
		<depth>3</depth>
	</size>
	<object>
		<name>ref_spoon</name>
		<bndbox>
			<xmin>1745</xmin>
			<ymin>403</ymin>
			<xmax>2092</xmax>
			<ymax>852</ymax>
		</bndbox>
	</object>
	<object>
		<name>ref_fork</name>
		<bndbox>
			<xmin>2235</xmin>
			<ymin>444</ymin>
			<xmax>2476</xmax>
			<ymax>931</ymax>
		</bndbox>
	</object>
	<object>
		<name>ref_coin</name>
		<bndbox>
			<xmin>759</xmin>
			<ymin>1519</ymin>
			<xmax>1050</xmax>
			<ymax>1727</ymax>
		</bndbox>
	</object>
	<object>
		<name>dish</name>
		<bndbox>
			<xmin>509</xmin>
			<ymin>245</ymin>
			<xmax>1634</xmax>
			<ymax>1329</ymax>
		</bndbox>
	</object>
	<object>
		<name>떡볶이</name>
		<bndbox>
			<xmin>578</xmin>
			<ymin>380</ymin>
			<xmax>1550</xmax>
			<ymax>986</ymax>
		</bndbox>
	</object>
</annotation>