<annotation>
	<folder>side어육류면적원형배달떡볶이q4</folder>
	<filename>side_어육류면적_원형배달_떡볶이_Q4_00029.JPG</filename>
	<path>/side어육류면적원형배달떡볶이q4/side_어육류면적_원형배달_떡볶이_Q4_00029.JPG</path>
	<source>
		<database>fooddata</database>
	</source>
	<size>
		<width>3008</width>
		<height>2000</height>
		<depth>3</depth>
	</size>
	<object>
		<name>ref_spoon</name>
		<bndbox>
			<xmin>296</xmin>
			<ymin>1500</ymin>
			<xmax>907</xmax>
			<ymax>1856</ymax>
		</bndbox>
	</object>
	<object>
		<name>ref_fork</name>
		<bndbox>
			<xmin>393</xmin>
			<ymin>1222</ymin>
			<xmax>1041</xmax>
			<ymax>1528</ymax>
		</bndbox>
	</object>
	<object>
		<name>ref_coin</name>
		<bndbox>
			<xmin>235</xmin>
			<ymin>796</ymin>
			<xmax>527</xmax>
			<ymax>995</ymax>
		</bndbox>
	</object>
	<object>
		<name>dish</name>
		<bndbox>
			<xmin>879</xmin>
			<ymin>65</ymin>
			<xmax>2009</xmax>
			<ymax>1167</ymax>
		</bndbox>
	</object>
	<object>
		<name>떡볶이</name>
		<bndbox>
			<xmin>944</xmin>
			<ymin>231</ymin>
			<xmax>1911</xmax>
			<ymax>810</ymax>
		</bndbox>
	</object>
</annotation>