<annotation>
	<folder>side어육류면적원형배달떡볶이q4</folder>
	<filename>side_어육류면적_원형배달_떡볶이_Q4_00021.JPG</filename>
	<path>/side어육류면적원형배달떡볶이q4/side_어육류면적_원형배달_떡볶이_Q4_00021.JPG</path>
	<source>
		<database>fooddata</database>
	</source>
	<size>
		<width>3008</width>
		<height>2000</height>
		<depth>3</depth>
	</size>
	<object>
		<name>ref_spoon</name>
		<bndbox>
			<xmin>536</xmin>
			<ymin>1477</ymin>
			<xmax>1134</xmax>
			<ymax>1833</ymax>
		</bndbox>
	</object>
	<object>
		<name>ref_fork</name>
		<bndbox>
			<xmin>634</xmin>
			<ymin>1218</ymin>
			<xmax>1254</xmax>
			<ymax>1528</ymax>
		</bndbox>
	</object>
	<object>
		<name>ref_coin</name>
		<bndbox>
			<xmin>2300</xmin>
			<ymin>759</ymin>
			<xmax>2555</xmax>
			<ymax>958</ymax>
		</bndbox>
	</object>
	<object>
		<name>dish</name>
		<bndbox>
			<xmin>819</xmin>
			<ymin>102</ymin>
			<xmax>1962</xmax>
			<ymax>1185</ymax>
		</bndbox>
	</object>
	<object>
		<name>떡볶이</name>
		<bndbox>
			<xmin>907</xmin>
			<ymin>208</ymin>
			<xmax>1837</xmax>
			<ymax>833</ymax>
		</bndbox>
	</object>
</annotation>