<annotation>
	<folder>side어육류면적원형배달떡볶이q4</folder>
	<filename>side_어육류면적_원형배달_떡볶이_Q4_00020.JPG</filename>
	<path>/side어육류면적원형배달떡볶이q4/side_어육류면적_원형배달_떡볶이_Q4_00020.JPG</path>
	<source>
		<database>fooddata</database>
	</source>
	<size>
		<width>3008</width>
		<height>2000</height>
		<depth>3</depth>
	</size>
	<object>
		<name>ref_spoon</name>
		<bndbox>
			<xmin>347</xmin>
			<ymin>1551</ymin>
			<xmax>948</xmax>
			<ymax>1898</ymax>
		</bndbox>
	</object>
	<object>
		<name>ref_fork</name>
		<bndbox>
			<xmin>448</xmin>
			<ymin>1287</ymin>
			<xmax>1092</xmax>
			<ymax>1583</ymax>
		</bndbox>
	</object>
	<object>
		<name>ref_coin</name>
		<bndbox>
			<xmin>2106</xmin>
			<ymin>968</ymin>
			<xmax>2379</xmax>
			<ymax>1176</ymax>
		</bndbox>
	</object>
	<object>
		<name>dish</name>
		<bndbox>
			<xmin>652</xmin>
			<ymin>144</ymin>
			<xmax>1773</xmax>
			<ymax>1250</ymax>
		</bndbox>
	</object>
	<object>
		<name>떡볶이</name>
		<bndbox>
			<xmin>768</xmin>
			<ymin>250</ymin>
			<xmax>1648</xmax>
			<ymax>889</ymax>
		</bndbox>
	</object>
</annotation>