<annotation>
	<folder>side어육류면적원형배달떡볶이q4</folder>
	<filename>side_어육류면적_원형배달_떡볶이_Q4_00011.JPG</filename>
	<path>/side어육류면적원형배달떡볶이q4/side_어육류면적_원형배달_떡볶이_Q4_00011.JPG</path>
	<source>
		<database>fooddata</database>
	</source>
	<size>
		<width>3008</width>
		<height>2000</height>
		<depth>3</depth>
	</size>
	<object>
		<name>ref_spoon</name>
		<bndbox>
			<xmin>1782</xmin>
			<ymin>731</ymin>
			<xmax>2138</xmax>
			<ymax>1190</ymax>
		</bndbox>
	</object>
	<object>
		<name>ref_fork</name>
		<bndbox>
			<xmin>2259</xmin>
			<ymin>778</ymin>
			<xmax>2518</xmax>
			<ymax>1273</ymax>
		</bndbox>
	</object>
	<object>
		<name>ref_coin</name>
		<bndbox>
			<xmin>286</xmin>
			<ymin>324</ymin>
			<xmax>532</xmax>
			<ymax>500</ymax>
		</bndbox>
	</object>
	<object>
		<name>dish</name>
		<bndbox>
			<xmin>518</xmin>
			<ymin>662</ymin>
			<xmax>1643</xmax>
			<ymax>1759</ymax>
		</bndbox>
	</object>
	<object>
		<name>떡볶이</name>
		<bndbox>
			<xmin>652</xmin>
			<ymin>764</ymin>
			<xmax>1587</xmax>
			<ymax>1403</ymax>
		</bndbox>
	</object>
</annotation>