<annotation>
	<folder>top어육류면적원형배달떡볶이q4</folder>
	<filename>top_어육류면적_원형배달_떡볶이_Q4_00002.JPG</filename>
	<path>/top어육류면적원형배달떡볶이q4/top_어육류면적_원형배달_떡볶이_Q4_00002.JPG</path>
	<source>
		<database>fooddata</database>
	</source>
	<size>
		<width>3008</width>
		<height>2000</height>
		<depth>3</depth>
	</size>
	<object>
		<name>ref_spoon</name>
		<bndbox>
			<xmin>2017</xmin>
			<ymin>216</ymin>
			<xmax>2337</xmax>
			<ymax>706</ymax>
		</bndbox>
	</object>
	<object>
		<name>ref_fork</name>
		<bndbox>
			<xmin>2469</xmin>
			<ymin>329</ymin>
			<xmax>2703</xmax>
			<ymax>864</ymax>
		</bndbox>
	</object>
	<object>
		<name>ref_coin</name>
		<bndbox>
			<xmin>1538</xmin>
			<ymin>1505</ymin>
			<xmax>1779</xmax>
			<ymax>1743</ymax>
		</bndbox>
	</object>
	<object>
		<name>dish</name>
		<bndbox>
			<xmin>897</xmin>
			<ymin>223</ymin>
			<xmax>1975</xmax>
			<ymax>1324</ymax>
		</bndbox>
	</object>
	<object>
		<name>떡볶이</name>
		<bndbox>
			<xmin>965</xmin>
			<ymin>374</ymin>
			<xmax>1888</xmax>
			<ymax>1275</ymax>
		</bndbox>
	</object>
</annotation>