<annotation>
	<folder>top어육류면적원형배달떡볶이q4</folder>
	<filename>top_어육류면적_원형배달_떡볶이_Q4_00030.JPG</filename>
	<path>/top어육류면적원형배달떡볶이q4/top_어육류면적_원형배달_떡볶이_Q4_00030.JPG</path>
	<source>
		<database>fooddata</database>
	</source>
	<size>
		<width>3008</width>
		<height>2000</height>
		<depth>3</depth>
	</size>
	<object>
		<name>ref_spoon</name>
		<bndbox>
			<xmin>449</xmin>
			<ymin>1358</ymin>
			<xmax>946</xmax>
			<ymax>1686</ymax>
		</bndbox>
	</object>
	<object>
		<name>ref_fork</name>
		<bndbox>
			<xmin>505</xmin>
			<ymin>1068</ymin>
			<xmax>1006</xmax>
			<ymax>1279</ymax>
		</bndbox>
	</object>
	<object>
		<name>ref_coin</name>
		<bndbox>
			<xmin>580</xmin>
			<ymin>284</ymin>
			<xmax>814</xmax>
			<ymax>502</ymax>
		</bndbox>
	</object>
	<object>
		<name>dish</name>
		<bndbox>
			<xmin>1003</xmin>
			<ymin>12</ymin>
			<xmax>2002</xmax>
			<ymax>1023</ymax>
		</bndbox>
	</object>
	<object>
		<name>떡볶이</name>
		<bndbox>
			<xmin>1104</xmin>
			<ymin>99</ymin>
			<xmax>1915</xmax>
			<ymax>959</ymax>
		</bndbox>
	</object>
</annotation>