<annotation>
	<folder>top어육류면적원형배달떡볶이q4</folder>
	<filename>top_어육류면적_원형배달_떡볶이_Q4_00033.JPG</filename>
	<path>/top어육류면적원형배달떡볶이q4/top_어육류면적_원형배달_떡볶이_Q4_00033.JPG</path>
	<source>
		<database>fooddata</database>
	</source>
	<size>
		<width>3008</width>
		<height>2000</height>
		<depth>3</depth>
	</size>
	<object>
		<name>ref_spoon</name>
		<bndbox>
			<xmin>641</xmin>
			<ymin>1275</ymin>
			<xmax>1071</xmax>
			<ymax>1577</ymax>
		</bndbox>
	</object>
	<object>
		<name>ref_fork</name>
		<bndbox>
			<xmin>701</xmin>
			<ymin>1019</ymin>
			<xmax>1161</xmax>
			<ymax>1215</ymax>
		</bndbox>
	</object>
	<object>
		<name>ref_coin</name>
		<bndbox>
			<xmin>1406</xmin>
			<ymin>1592</ymin>
			<xmax>1625</xmax>
			<ymax>1795</ymax>
		</bndbox>
	</object>
	<object>
		<name>dish</name>
		<bndbox>
			<xmin>1127</xmin>
			<ymin>50</ymin>
			<xmax>2051</xmax>
			<ymax>985</ymax>
		</bndbox>
	</object>
	<object>
		<name>떡볶이</name>
		<bndbox>
			<xmin>1195</xmin>
			<ymin>178</ymin>
			<xmax>1896</xmax>
			<ymax>925</ymax>
		</bndbox>
	</object>
</annotation>