<annotation>
	<folder>top어육류면적원형배달떡볶이q4재작업</folder>
	<filename>top_어육류면적_원형배달_떡볶이_Q4_00051.JPG</filename>
	<path>/top어육류면적원형배달떡볶이q4/top_어육류면적_원형배달_떡볶이_Q4_00051.JPG</path>
	<source>
		<database>fooddata</database>
	</source>
	<size>
		<width>3008</width>
		<height>2000</height>
		<depth>3</depth>
	</size>
	<object>
		<name>ref_spoon</name>
		<bndbox>
			<xmin>688</xmin>
			<ymin>74</ymin>
			<xmax>1023</xmax>
			<ymax>613</ymax>
		</bndbox>
	</object>
	<object>
		<name>ref_fork</name>
		<bndbox>
			<xmin>1195</xmin>
			<ymin>132</ymin>
			<xmax>1414</xmax>
			<ymax>716</ymax>
		</bndbox>
	</object>
	<object>
		<name>ref_coin</name>
		<bndbox>
			<xmin>328</xmin>
			<ymin>534</ymin>
			<xmax>561</xmax>
			<ymax>764</ymax>
		</bndbox>
	</object>
	<object>
		<name>dish</name>
		<bndbox>
			<xmin>1486</xmin>
			<ymin>444</ymin>
			<xmax>2637</xmax>
			<ymax>1585</ymax>
		</bndbox>
	</object>
	<object>
		<name>떡볶이</name>
		<bndbox>
			<xmin>1544</xmin>
			<ymin>563</ymin>
			<xmax>2500</xmax>
			<ymax>1443</ymax>
		</bndbox>
	</object>
</annotation>