<annotation>
	<folder>top어육류면적원형배달떡볶이q4</folder>
	<filename>top_어육류면적_원형배달_떡볶이_Q4_00038.JPG</filename>
	<path>/top어육류면적원형배달떡볶이q4/top_어육류면적_원형배달_떡볶이_Q4_00038.JPG</path>
	<source>
		<database>fooddata</database>
	</source>
	<size>
		<width>3008</width>
		<height>2000</height>
		<depth>3</depth>
	</size>
	<object>
		<name>ref_spoon</name>
		<bndbox>
			<xmin>603</xmin>
			<ymin>174</ymin>
			<xmax>920</xmax>
			<ymax>649</ymax>
		</bndbox>
	</object>
	<object>
		<name>ref_fork</name>
		<bndbox>
			<xmin>1063</xmin>
			<ymin>235</ymin>
			<xmax>1267</xmax>
			<ymax>747</ymax>
		</bndbox>
	</object>
	<object>
		<name>ref_coin</name>
		<bndbox>
			<xmin>305</xmin>
			<ymin>574</ymin>
			<xmax>535</xmax>
			<ymax>793</ymax>
		</bndbox>
	</object>
	<object>
		<name>dish</name>
		<bndbox>
			<xmin>1361</xmin>
			<ymin>510</ymin>
			<xmax>2409</xmax>
			<ymax>1520</ymax>
		</bndbox>
	</object>
	<object>
		<name>떡볶이</name>
		<bndbox>
			<xmin>1429</xmin>
			<ymin>634</ymin>
			<xmax>2213</xmax>
			<ymax>1433</ymax>
		</bndbox>
	</object>
</annotation>