<annotation>
	<folder>top어육류면적원형배달떡볶이q4</folder>
	<filename>top_어육류면적_원형배달_떡볶이_Q4_00034.JPG</filename>
	<path>/top어육류면적원형배달떡볶이q4/top_어육류면적_원형배달_떡볶이_Q4_00034.JPG</path>
	<source>
		<database>fooddata</database>
	</source>
	<size>
		<width>3008</width>
		<height>2000</height>
		<depth>3</depth>
	</size>
	<object>
		<name>ref_spoon</name>
		<bndbox>
			<xmin>694</xmin>
			<ymin>61</ymin>
			<xmax>984</xmax>
			<ymax>461</ymax>
		</bndbox>
	</object>
	<object>
		<name>ref_fork</name>
		<bndbox>
			<xmin>1101</xmin>
			<ymin>129</ymin>
			<xmax>1285</xmax>
			<ymax>582</ymax>
		</bndbox>
	</object>
	<object>
		<name>ref_coin</name>
		<bndbox>
			<xmin>758</xmin>
			<ymin>1626</ymin>
			<xmax>980</xmax>
			<ymax>1844</ymax>
		</bndbox>
	</object>
	<object>
		<name>dish</name>
		<bndbox>
			<xmin>1357</xmin>
			<ymin>431</ymin>
			<xmax>2326</xmax>
			<ymax>1362</ymax>
		</bndbox>
	</object>
	<object>
		<name>떡볶이</name>
		<bndbox>
			<xmin>1417</xmin>
			<ymin>582</ymin>
			<xmax>2198</xmax>
			<ymax>1290</ymax>
		</bndbox>
	</object>
</annotation>