<annotation>
	<folder>top어육류면적원형배달떡볶이q4</folder>
	<filename>top_어육류면적_원형배달_떡볶이_Q4_00040.JPG</filename>
	<path>/top어육류면적원형배달떡볶이q4/top_어육류면적_원형배달_떡볶이_Q4_00040.JPG</path>
	<source>
		<database>fooddata</database>
	</source>
	<size>
		<width>3008</width>
		<height>2000</height>
		<depth>3</depth>
	</size>
	<object>
		<name>ref_spoon</name>
		<bndbox>
			<xmin>905</xmin>
			<ymin>295</ymin>
			<xmax>1187</xmax>
			<ymax>706</ymax>
		</bndbox>
	</object>
	<object>
		<name>ref_fork</name>
		<bndbox>
			<xmin>1308</xmin>
			<ymin>348</ymin>
			<xmax>1508</xmax>
			<ymax>815</ymax>
		</bndbox>
	</object>
	<object>
		<name>ref_coin</name>
		<bndbox>
			<xmin>558</xmin>
			<ymin>883</ymin>
			<xmax>773</xmax>
			<ymax>1094</ymax>
		</bndbox>
	</object>
	<object>
		<name>dish</name>
		<bndbox>
			<xmin>1613</xmin>
			<ymin>619</ymin>
			<xmax>2578</xmax>
			<ymax>1565</ymax>
		</bndbox>
	</object>
	<object>
		<name>떡볶이</name>
		<bndbox>
			<xmin>1674</xmin>
			<ymin>680</ymin>
			<xmax>2428</xmax>
			<ymax>1490</ymax>
		</bndbox>
	</object>
</annotation>