<annotation>
	<folder>top어육류면적원형배달떡볶이q4</folder>
	<filename>top_어육류면적_원형배달_떡볶이_Q4_00022.JPG</filename>
	<path>/top어육류면적원형배달떡볶이q4/top_어육류면적_원형배달_떡볶이_Q4_00022.JPG</path>
	<source>
		<database>fooddata</database>
	</source>
	<size>
		<width>3008</width>
		<height>2000</height>
		<depth>3</depth>
	</size>
	<object>
		<name>ref_spoon</name>
		<bndbox>
			<xmin>709</xmin>
			<ymin>1569</ymin>
			<xmax>1176</xmax>
			<ymax>1901</ymax>
		</bndbox>
	</object>
	<object>
		<name>ref_fork</name>
		<bndbox>
			<xmin>777</xmin>
			<ymin>1286</ymin>
			<xmax>1293</xmax>
			<ymax>1501</ymax>
		</bndbox>
	</object>
	<object>
		<name>ref_coin</name>
		<bndbox>
			<xmin>2333</xmin>
			<ymin>310</ymin>
			<xmax>2556</xmax>
			<ymax>521</ymax>
		</bndbox>
	</object>
	<object>
		<name>dish</name>
		<bndbox>
			<xmin>1176</xmin>
			<ymin>58</ymin>
			<xmax>2175</xmax>
			<ymax>1049</ymax>
		</bndbox>
	</object>
	<object>
		<name>떡볶이</name>
		<bndbox>
			<xmin>1251</xmin>
			<ymin>382</ymin>
			<xmax>2069</xmax>
			<ymax>1008</ymax>
		</bndbox>
	</object>
</annotation>