<annotation>
	<folder>side국류뚝배기순대국q5</folder>
	<filename>side_국류_뚝배기_순대국_Q5_00052.JPG</filename>
	<path>/side국류뚝배기순대국q5/side_국류_뚝배기_순대국_Q5_00052.JPG</path>
	<source>
		<database>fooddata</database>
	</source>
	<size>
		<width>5472</width>
		<height>3648</height>
		<depth>3</depth>
	</size>
	<object>
		<name>ref_spoon</name>
		<bndbox>
			<xmin>431</xmin>
			<ymin>1429</ymin>
			<xmax>902</xmax>
			<ymax>2138</ymax>
		</bndbox>
	</object>
	<object>
		<name>ref_fork</name>
		<bndbox>
			<xmin>1036</xmin>
			<ymin>1481</ymin>
			<xmax>1364</xmax>
			<ymax>2272</ymax>
		</bndbox>
	</object>
	<object>
		<name>ref_coin</name>
		<bndbox>
			<xmin>4750</xmin>
			<ymin>1967</ymin>
			<xmax>5131</xmax>
			<ymax>2243</ymax>
		</bndbox>
	</object>
	<object>
		<name>dish</name>
		<bndbox>
			<xmin>1579</xmin>
			<ymin>986</ymin>
			<xmax>4184</xmax>
			<ymax>3210</ymax>
		</bndbox>
	</object>
	<object>
		<name>순대국</name>
		<bndbox>
			<xmin>1822</xmin>
			<ymin>1214</ymin>
			<xmax>3936</xmax>
			<ymax>2557</ymax>
		</bndbox>
	</object>
</annotation>