<annotation>
	<folder>side국류뚝배기순대국q5</folder>
	<filename>side_국류_뚝배기_순대국_Q5_00045.JPG</filename>
	<path>/side국류뚝배기순대국q5/side_국류_뚝배기_순대국_Q5_00045.JPG</path>
	<source>
		<database>fooddata</database>
	</source>
	<size>
		<width>5472</width>
		<height>3648</height>
		<depth>3</depth>
	</size>
	<object>
		<name>ref_spoon</name>
		<bndbox>
			<xmin>717</xmin>
			<ymin>1705</ymin>
			<xmax>1183</xmax>
			<ymax>2410</ymax>
		</bndbox>
	</object>
	<object>
		<name>ref_fork</name>
		<bndbox>
			<xmin>1307</xmin>
			<ymin>1762</ymin>
			<xmax>1641</xmax>
			<ymax>2543</ymax>
		</bndbox>
	</object>
	<object>
		<name>ref_coin</name>
		<bndbox>
			<xmin>3084</xmin>
			<ymin>833</ymin>
			<xmax>3393</xmax>
			<ymax>1048</ymax>
		</bndbox>
	</object>
	<object>
		<name>dish</name>
		<bndbox>
			<xmin>1845</xmin>
			<ymin>1257</ymin>
			<xmax>4431</xmax>
			<ymax>3467</ymax>
		</bndbox>
	</object>
	<object>
		<name>순대국</name>
		<bndbox>
			<xmin>2079</xmin>
			<ymin>1533</ymin>
			<xmax>4165</xmax>
			<ymax>2824</ymax>
		</bndbox>
	</object>
</annotation>