<annotation>
	<folder>side국류뚝배기순대국q5</folder>
	<filename>side_국류_뚝배기_순대국_Q5_00027.JPG</filename>
	<path>/side국류뚝배기순대국q5/side_국류_뚝배기_순대국_Q5_00027.JPG</path>
	<source>
		<database>fooddata</database>
	</source>
	<size>
		<width>5472</width>
		<height>3648</height>
		<depth>3</depth>
	</size>
	<object>
		<name>ref_spoon</name>
		<bndbox>
			<xmin>1398</xmin>
			<ymin>2624</ymin>
			<xmax>2145</xmax>
			<ymax>3029</ymax>
		</bndbox>
	</object>
	<object>
		<name>ref_fork</name>
		<bndbox>
			<xmin>1483</xmin>
			<ymin>2248</ymin>
			<xmax>2288</xmax>
			<ymax>2586</ymax>
		</bndbox>
	</object>
	<object>
		<name>ref_coin</name>
		<bndbox>
			<xmin>2493</xmin>
			<ymin>3272</ymin>
			<xmax>2846</xmax>
			<ymax>3581</ymax>
		</bndbox>
	</object>
	<object>
		<name>dish</name>
		<bndbox>
			<xmin>1650</xmin>
			<ymin>219</ymin>
			<xmax>3841</xmax>
			<ymax>2048</ymax>
		</bndbox>
	</object>
	<object>
		<name>순대국</name>
		<bndbox>
			<xmin>1864</xmin>
			<ymin>476</ymin>
			<xmax>3655</xmax>
			<ymax>1453</ymax>
		</bndbox>
	</object>
</annotation>