<annotation>
	<folder>side국류뚝배기순대국q5</folder>
	<filename>side_국류_뚝배기_순대국_Q5_00024.JPG</filename>
	<path>/side국류뚝배기순대국q5/side_국류_뚝배기_순대국_Q5_00024.JPG</path>
	<source>
		<database>fooddata</database>
	</source>
	<size>
		<width>5472</width>
		<height>3648</height>
		<depth>3</depth>
	</size>
	<object>
		<name>ref_spoon</name>
		<bndbox>
			<xmin>979</xmin>
			<ymin>3062</ymin>
			<xmax>1798</xmax>
			<ymax>3529</ymax>
		</bndbox>
	</object>
	<object>
		<name>ref_fork</name>
		<bndbox>
			<xmin>1098</xmin>
			<ymin>2648</ymin>
			<xmax>1969</xmax>
			<ymax>3024</ymax>
		</bndbox>
	</object>
	<object>
		<name>ref_coin</name>
		<bndbox>
			<xmin>1903</xmin>
			<ymin>214</ymin>
			<xmax>2207</xmax>
			<ymax>414</ymax>
		</bndbox>
	</object>
	<object>
		<name>dish</name>
		<bndbox>
			<xmin>1274</xmin>
			<ymin>429</ymin>
			<xmax>3731</xmax>
			<ymax>2472</ymax>
		</bndbox>
	</object>
	<object>
		<name>순대국</name>
		<bndbox>
			<xmin>1512</xmin>
			<ymin>710</ymin>
			<xmax>3503</xmax>
			<ymax>1814</ymax>
		</bndbox>
	</object>
</annotation>