<annotation>
	<folder>side국류뚝배기순대국q5</folder>
	<filename>side_국류_뚝배기_순대국_Q5_00005.JPG</filename>
	<path>/side국류뚝배기순대국q5/side_국류_뚝배기_순대국_Q5_00005.JPG</path>
	<source>
		<database>fooddata</database>
	</source>
	<size>
		<width>5472</width>
		<height>3648</height>
		<depth>3</depth>
	</size>
	<object>
		<name>ref_spoon</name>
		<bndbox>
			<xmin>3741</xmin>
			<ymin>914</ymin>
			<xmax>4231</xmax>
			<ymax>1653</ymax>
		</bndbox>
	</object>
	<object>
		<name>ref_fork</name>
		<bndbox>
			<xmin>4417</xmin>
			<ymin>929</ymin>
			<xmax>4789</xmax>
			<ymax>1695</ymax>
		</bndbox>
	</object>
	<object>
		<name>ref_coin</name>
		<bndbox>
			<xmin>1141</xmin>
			<ymin>3072</ymin>
			<xmax>1545</xmax>
			<ymax>3410</ymax>
		</bndbox>
	</object>
	<object>
		<name>dish</name>
		<bndbox>
			<xmin>826</xmin>
			<ymin>276</ymin>
			<xmax>3565</xmax>
			<ymax>2557</ymax>
		</bndbox>
	</object>
	<object>
		<name>순대국</name>
		<bndbox>
			<xmin>1069</xmin>
			<ymin>586</ymin>
			<xmax>3327</xmax>
			<ymax>1814</ymax>
		</bndbox>
	</object>
</annotation>