<annotation>
	<folder>side국류뚝배기순대국q5</folder>
	<filename>side_국류_뚝배기_순대국_Q5_00015.JPG</filename>
	<path>/side국류뚝배기순대국q5/side_국류_뚝배기_순대국_Q5_00015.JPG</path>
	<source>
		<database>fooddata</database>
	</source>
	<size>
		<width>5472</width>
		<height>3648</height>
		<depth>3</depth>
	</size>
	<object>
		<name>ref_spoon</name>
		<bndbox>
			<xmin>3474</xmin>
			<ymin>1219</ymin>
			<xmax>3974</xmax>
			<ymax>1929</ymax>
		</bndbox>
	</object>
	<object>
		<name>ref_fork</name>
		<bndbox>
			<xmin>4146</xmin>
			<ymin>1229</ymin>
			<xmax>4498</xmax>
			<ymax>2048</ymax>
		</bndbox>
	</object>
	<object>
		<name>ref_coin</name>
		<bndbox>
			<xmin>4736</xmin>
			<ymin>2391</ymin>
			<xmax>5136</xmax>
			<ymax>2691</ymax>
		</bndbox>
	</object>
	<object>
		<name>dish</name>
		<bndbox>
			<xmin>588</xmin>
			<ymin>648</ymin>
			<xmax>3327</xmax>
			<ymax>2953</ymax>
		</bndbox>
	</object>
	<object>
		<name>순대국</name>
		<bndbox>
			<xmin>845</xmin>
			<ymin>948</ymin>
			<xmax>3088</xmax>
			<ymax>2243</ymax>
		</bndbox>
	</object>
</annotation>