<annotation>
	<folder>side국류뚝배기순대국q5</folder>
	<filename>side_국류_뚝배기_순대국_Q5_00039.JPG</filename>
	<path>/side국류뚝배기순대국q5/side_국류_뚝배기_순대국_Q5_00039.JPG</path>
	<source>
		<database>fooddata</database>
	</source>
	<size>
		<width>5472</width>
		<height>3648</height>
		<depth>3</depth>
	</size>
	<object>
		<name>ref_spoon</name>
		<bndbox>
			<xmin>555</xmin>
			<ymin>743</ymin>
			<xmax>1041</xmax>
			<ymax>1453</ymax>
		</bndbox>
	</object>
	<object>
		<name>ref_fork</name>
		<bndbox>
			<xmin>1169</xmin>
			<ymin>819</ymin>
			<xmax>1498</xmax>
			<ymax>1600</ymax>
		</bndbox>
	</object>
	<object>
		<name>ref_coin</name>
		<bndbox>
			<xmin>4417</xmin>
			<ymin>2615</ymin>
			<xmax>4812</xmax>
			<ymax>2919</ymax>
		</bndbox>
	</object>
	<object>
		<name>dish</name>
		<bndbox>
			<xmin>1731</xmin>
			<ymin>357</ymin>
			<xmax>4393</xmax>
			<ymax>2605</ymax>
		</bndbox>
	</object>
	<object>
		<name>순대국</name>
		<bndbox>
			<xmin>1984</xmin>
			<ymin>643</ymin>
			<xmax>4146</xmax>
			<ymax>1929</ymax>
		</bndbox>
	</object>
</annotation>