<annotation>
	<folder>side국류뚝배기순대국q5</folder>
	<filename>side_국류_뚝배기_순대국_Q5_00010.JPG</filename>
	<path>/side국류뚝배기순대국q5/side_국류_뚝배기_순대국_Q5_00010.JPG</path>
	<source>
		<database>fooddata</database>
	</source>
	<size>
		<width>5472</width>
		<height>3648</height>
		<depth>3</depth>
	</size>
	<object>
		<name>ref_spoon</name>
		<bndbox>
			<xmin>4017</xmin>
			<ymin>881</ymin>
			<xmax>4522</xmax>
			<ymax>1576</ymax>
		</bndbox>
	</object>
	<object>
		<name>ref_fork</name>
		<bndbox>
			<xmin>4708</xmin>
			<ymin>905</ymin>
			<xmax>5070</xmax>
			<ymax>1705</ymax>
		</bndbox>
	</object>
	<object>
		<name>ref_coin</name>
		<bndbox>
			<xmin>455</xmin>
			<ymin>986</ymin>
			<xmax>845</xmax>
			<ymax>1243</ymax>
		</bndbox>
	</object>
	<object>
		<name>dish</name>
		<bndbox>
			<xmin>1122</xmin>
			<ymin>324</ymin>
			<xmax>3893</xmax>
			<ymax>2653</ymax>
		</bndbox>
	</object>
	<object>
		<name>순대국</name>
		<bndbox>
			<xmin>1374</xmin>
			<ymin>624</ymin>
			<xmax>3679</xmax>
			<ymax>1905</ymax>
		</bndbox>
	</object>
</annotation>