<annotation>
	<folder>rework190files</folder>
	<filename>side_국류_뚝배기_순대국_Q5_00020.JPG</filename>
	<path>/side국류뚝배기순대국q5/side_국류_뚝배기_순대국_Q5_00020.JPG</path>
	<source>
		<database>fooddata</database>
	</source>
	<size>
		<width>5472</width>
		<height>3648</height>
		<depth>3</depth>
	</size>
	<object>
		<name>ref_spoon</name>
		<bndbox>
			<xmin>1165</xmin>
			<ymin>2966</ymin>
			<xmax>2098</xmax>
			<ymax>3465</ymax>
		</bndbox>
	</object>
	<object>
		<name>ref_fork</name>
		<bndbox>
			<xmin>1266</xmin>
			<ymin>2513</ymin>
			<xmax>2246</xmax>
			<ymax>2938</ymax>
		</bndbox>
	</object>
	<object>
		<name>ref_coin</name>
		<bndbox>
			<xmin>4122</xmin>
			<ymin>1505</ymin>
			<xmax>4511</xmax>
			<ymax>1773</ymax>
		</bndbox>
	</object>
	<object>
		<name>dish</name>
		<bndbox>
			<xmin>1442</xmin>
			<ymin>285</ymin>
			<xmax>3965</xmax>
			<ymax>2402</ymax>
		</bndbox>
	</object>
	<object>
		<name>순대국</name>
		<bndbox>
			<xmin>1682</xmin>
			<ymin>544</ymin>
			<xmax>3744</xmax>
			<ymax>1690</ymax>
		</bndbox>
	</object>
</annotation>