<annotation>
	<folder>side국류뚝배기순대국q5</folder>
	<filename>side_국류_뚝배기_순대국_Q5_00018.JPG</filename>
	<path>/side국류뚝배기순대국q5/side_국류_뚝배기_순대국_Q5_00018.JPG</path>
	<source>
		<database>fooddata</database>
	</source>
	<size>
		<width>5472</width>
		<height>3648</height>
		<depth>3</depth>
	</size>
	<object>
		<name>ref_spoon</name>
		<bndbox>
			<xmin>1288</xmin>
			<ymin>2886</ymin>
			<xmax>2093</xmax>
			<ymax>3338</ymax>
		</bndbox>
	</object>
	<object>
		<name>ref_fork</name>
		<bndbox>
			<xmin>1388</xmin>
			<ymin>2443</ymin>
			<xmax>2265</xmax>
			<ymax>2838</ymax>
		</bndbox>
	</object>
	<object>
		<name>ref_coin</name>
		<bndbox>
			<xmin>4008</xmin>
			<ymin>1900</ymin>
			<xmax>4379</xmax>
			<ymax>2176</ymax>
		</bndbox>
	</object>
	<object>
		<name>dish</name>
		<bndbox>
			<xmin>1560</xmin>
			<ymin>176</ymin>
			<xmax>4084</xmax>
			<ymax>2281</ymax>
		</bndbox>
	</object>
	<object>
		<name>순대국</name>
		<bndbox>
			<xmin>1793</xmin>
			<ymin>467</ymin>
			<xmax>3841</xmax>
			<ymax>1591</ymax>
		</bndbox>
	</object>
</annotation>