<annotation>
	<folder>side국류뚝배기순대국q5</folder>
	<filename>side_국류_뚝배기_순대국_Q5_00042.JPG</filename>
	<path>/side국류뚝배기순대국q5/side_국류_뚝배기_순대국_Q5_00042.JPG</path>
	<source>
		<database>fooddata</database>
	</source>
	<size>
		<width>5472</width>
		<height>3648</height>
		<depth>3</depth>
	</size>
	<object>
		<name>ref_spoon</name>
		<bndbox>
			<xmin>545</xmin>
			<ymin>1524</ymin>
			<xmax>1012</xmax>
			<ymax>2238</ymax>
		</bndbox>
	</object>
	<object>
		<name>ref_fork</name>
		<bndbox>
			<xmin>1122</xmin>
			<ymin>1600</ymin>
			<xmax>1445</xmax>
			<ymax>2353</ymax>
		</bndbox>
	</object>
	<object>
		<name>ref_coin</name>
		<bndbox>
			<xmin>4593</xmin>
			<ymin>2419</ymin>
			<xmax>4970</xmax>
			<ymax>2691</ymax>
		</bndbox>
	</object>
	<object>
		<name>dish</name>
		<bndbox>
			<xmin>1664</xmin>
			<ymin>1148</ymin>
			<xmax>4217</xmax>
			<ymax>3343</ymax>
		</bndbox>
	</object>
	<object>
		<name>순대국</name>
		<bndbox>
			<xmin>1903</xmin>
			<ymin>1429</ymin>
			<xmax>3993</xmax>
			<ymax>2700</ymax>
		</bndbox>
	</object>
</annotation>