<annotation>
	<folder>rework190files</folder>
	<filename>side_국류_뚝배기_순대국_Q5_00021.JPG</filename>
	<path>/side국류뚝배기순대국q5/side_국류_뚝배기_순대국_Q5_00021.JPG</path>
	<source>
		<database>fooddata</database>
	</source>
	<size>
		<width>5472</width>
		<height>3648</height>
		<depth>3</depth>
	</size>
	<object>
		<name>ref_spoon</name>
		<bndbox>
			<xmin>1109</xmin>
			<ymin>2919</ymin>
			<xmax>2070</xmax>
			<ymax>3428</ymax>
		</bndbox>
	</object>
	<object>
		<name>ref_fork</name>
		<bndbox>
			<xmin>1220</xmin>
			<ymin>2503</ymin>
			<xmax>2191</xmax>
			<ymax>2892</ymax>
		</bndbox>
	</object>
	<object>
		<name>ref_coin</name>
		<bndbox>
			<xmin>4030</xmin>
			<ymin>1108</ymin>
			<xmax>4381</xmax>
			<ymax>1376</ymax>
		</bndbox>
	</object>
	<object>
		<name>dish</name>
		<bndbox>
			<xmin>1423</xmin>
			<ymin>230</ymin>
			<xmax>3928</xmax>
			<ymax>2355</ymax>
		</bndbox>
	</object>
	<object>
		<name>순대국</name>
		<bndbox>
			<xmin>1645</xmin>
			<ymin>516</ymin>
			<xmax>3688</xmax>
			<ymax>1653</ymax>
		</bndbox>
	</object>
</annotation>