<annotation>
	<folder>top국류뚝배기순대국q5</folder>
	<filename>top_국류_뚝배기_순대국_Q5_00039.JPG</filename>
	<path>/top국류뚝배기순대국q5/top_국류_뚝배기_순대국_Q5_00039.JPG</path>
	<source>
		<database>fooddata</database>
	</source>
	<size>
		<width>5472</width>
		<height>3648</height>
		<depth>3</depth>
	</size>
	<object>
		<name>ref_spoon</name>
		<bndbox>
			<xmin>1029</xmin>
			<ymin>533</ymin>
			<xmax>1504</xmax>
			<ymax>1506</ymax>
		</bndbox>
	</object>
	<object>
		<name>ref_fork</name>
		<bndbox>
			<xmin>1642</xmin>
			<ymin>663</ymin>
			<xmax>1956</xmax>
			<ymax>1645</ymax>
		</bndbox>
	</object>
	<object>
		<name>ref_coin</name>
		<bndbox>
			<xmin>4668</xmin>
			<ymin>2662</ymin>
			<xmax>5026</xmax>
			<ymax>3021</ymax>
		</bndbox>
	</object>
	<object>
		<name>dish</name>
		<bndbox>
			<xmin>2046</xmin>
			<ymin>220</ymin>
			<xmax>4780</xmax>
			<ymax>2909</ymax>
		</bndbox>
	</object>
	<object>
		<name>순대국</name>
		<bndbox>
			<xmin>2248</xmin>
			<ymin>417</ymin>
			<xmax>4560</xmax>
			<ymax>2662</ymax>
		</bndbox>
	</object>
</annotation>