<annotation>
	<folder>top국류뚝배기순대국q5</folder>
	<filename>top_국류_뚝배기_순대국_Q5_00012.JPG</filename>
	<path>/top국류뚝배기순대국q5/top_국류_뚝배기_순대국_Q5_00012.JPG</path>
	<source>
		<database>fooddata</database>
	</source>
	<size>
		<width>5472</width>
		<height>3648</height>
		<depth>3</depth>
	</size>
	<object>
		<name>ref_spoon</name>
		<bndbox>
			<xmin>3794</xmin>
			<ymin>448</ymin>
			<xmax>4255</xmax>
			<ymax>1318</ymax>
		</bndbox>
	</object>
	<object>
		<name>ref_fork</name>
		<bndbox>
			<xmin>4421</xmin>
			<ymin>524</ymin>
			<xmax>4744</xmax>
			<ymax>1479</ymax>
		</bndbox>
	</object>
	<object>
		<name>ref_coin</name>
		<bndbox>
			<xmin>558</xmin>
			<ymin>1022</ymin>
			<xmax>894</xmax>
			<ymax>1349</ymax>
		</bndbox>
	</object>
	<object>
		<name>dish</name>
		<bndbox>
			<xmin>908</xmin>
			<ymin>493</ymin>
			<xmax>3552</xmax>
			<ymax>3124</ymax>
		</bndbox>
	</object>
	<object>
		<name>순대국</name>
		<bndbox>
			<xmin>1114</xmin>
			<ymin>681</ymin>
			<xmax>3337</xmax>
			<ymax>2904</ymax>
		</bndbox>
	</object>
</annotation>