<annotation>
	<folder>top국류뚝배기순대국q5</folder>
	<filename>top_국류_뚝배기_순대국_Q5_00014.JPG</filename>
	<path>/top국류뚝배기순대국q5/top_국류_뚝배기_순대국_Q5_00014.JPG</path>
	<source>
		<database>fooddata</database>
	</source>
	<size>
		<width>5472</width>
		<height>3648</height>
		<depth>3</depth>
	</size>
	<object>
		<name>ref_spoon</name>
		<bndbox>
			<xmin>3673</xmin>
			<ymin>565</ymin>
			<xmax>4130</xmax>
			<ymax>1506</ymax>
		</bndbox>
	</object>
	<object>
		<name>ref_fork</name>
		<bndbox>
			<xmin>4300</xmin>
			<ymin>636</ymin>
			<xmax>4618</xmax>
			<ymax>1627</ymax>
		</bndbox>
	</object>
	<object>
		<name>ref_coin</name>
		<bndbox>
			<xmin>1804</xmin>
			<ymin>152</ymin>
			<xmax>2127</xmax>
			<ymax>475</ymax>
		</bndbox>
	</object>
	<object>
		<name>dish</name>
		<bndbox>
			<xmin>751</xmin>
			<ymin>654</ymin>
			<xmax>3404</xmax>
			<ymax>3303</ymax>
		</bndbox>
	</object>
	<object>
		<name>순대국</name>
		<bndbox>
			<xmin>966</xmin>
			<ymin>847</ymin>
			<xmax>3207</xmax>
			<ymax>3088</ymax>
		</bndbox>
	</object>
</annotation>