<annotation>
	<folder>top국류뚝배기순대국q5</folder>
	<filename>top_국류_뚝배기_순대국_Q5_00047.JPG</filename>
	<path>/top국류뚝배기순대국q5/top_국류_뚝배기_순대국_Q5_00047.JPG</path>
	<source>
		<database>fooddata</database>
	</source>
	<size>
		<width>5472</width>
		<height>3648</height>
		<depth>3</depth>
	</size>
	<object>
		<name>ref_spoon</name>
		<bndbox>
			<xmin>1118</xmin>
			<ymin>1179</ymin>
			<xmax>1526</xmax>
			<ymax>2008</ymax>
		</bndbox>
	</object>
	<object>
		<name>ref_fork</name>
		<bndbox>
			<xmin>1651</xmin>
			<ymin>1277</ymin>
			<xmax>1925</xmax>
			<ymax>2151</ymax>
		</bndbox>
	</object>
	<object>
		<name>ref_coin</name>
		<bndbox>
			<xmin>3475</xmin>
			<ymin>238</ymin>
			<xmax>3767</xmax>
			<ymax>520</ymax>
		</bndbox>
	</object>
	<object>
		<name>dish</name>
		<bndbox>
			<xmin>1970</xmin>
			<ymin>932</ymin>
			<xmax>4354</xmax>
			<ymax>3294</ymax>
		</bndbox>
	</object>
	<object>
		<name>순대국</name>
		<bndbox>
			<xmin>2171</xmin>
			<ymin>1098</ymin>
			<xmax>4157</xmax>
			<ymax>3088</ymax>
		</bndbox>
	</object>
</annotation>