<annotation>
	<folder>top국류뚝배기순대국q5</folder>
	<filename>top_국류_뚝배기_순대국_Q5_00053.JPG</filename>
	<path>/top국류뚝배기순대국q5/top_국류_뚝배기_순대국_Q5_00053.JPG</path>
	<source>
		<database>fooddata</database>
	</source>
	<size>
		<width>5472</width>
		<height>3648</height>
		<depth>3</depth>
	</size>
	<object>
		<name>ref_spoon</name>
		<bndbox>
			<xmin>925</xmin>
			<ymin>538</ymin>
			<xmax>1378</xmax>
			<ymax>1407</ymax>
		</bndbox>
	</object>
	<object>
		<name>ref_fork</name>
		<bndbox>
			<xmin>1508</xmin>
			<ymin>654</ymin>
			<xmax>1813</xmax>
			<ymax>1645</ymax>
		</bndbox>
	</object>
	<object>
		<name>ref_coin</name>
		<bndbox>
			<xmin>4022</xmin>
			<ymin>2720</ymin>
			<xmax>4358</xmax>
			<ymax>3079</ymax>
		</bndbox>
	</object>
	<object>
		<name>dish</name>
		<bndbox>
			<xmin>1871</xmin>
			<ymin>170</ymin>
			<xmax>4466</xmax>
			<ymax>2743</ymax>
		</bndbox>
	</object>
	<object>
		<name>순대국</name>
		<bndbox>
			<xmin>2068</xmin>
			<ymin>359</ymin>
			<xmax>4260</xmax>
			<ymax>2492</ymax>
		</bndbox>
	</object>
</annotation>