<annotation>
	<folder>top국류뚝배기순대국q5</folder>
	<filename>top_국류_뚝배기_순대국_Q5_00054.JPG</filename>
	<path>/top국류뚝배기순대국q5/top_국류_뚝배기_순대국_Q5_00054.JPG</path>
	<source>
		<database>fooddata</database>
	</source>
	<size>
		<width>5472</width>
		<height>3648</height>
		<depth>3</depth>
	</size>
	<object>
		<name>ref_spoon</name>
		<bndbox>
			<xmin>778</xmin>
			<ymin>609</ymin>
			<xmax>1217</xmax>
			<ymax>1528</ymax>
		</bndbox>
	</object>
	<object>
		<name>ref_fork</name>
		<bndbox>
			<xmin>1356</xmin>
			<ymin>713</ymin>
			<xmax>1665</xmax>
			<ymax>1672</ymax>
		</bndbox>
	</object>
	<object>
		<name>ref_coin</name>
		<bndbox>
			<xmin>4201</xmin>
			<ymin>2550</ymin>
			<xmax>4547</xmax>
			<ymax>2895</ymax>
		</bndbox>
	</object>
	<object>
		<name>dish</name>
		<bndbox>
			<xmin>1696</xmin>
			<ymin>211</ymin>
			<xmax>4305</xmax>
			<ymax>2805</ymax>
		</bndbox>
	</object>
	<object>
		<name>순대국</name>
		<bndbox>
			<xmin>1880</xmin>
			<ymin>417</ymin>
			<xmax>4098</xmax>
			<ymax>2546</ymax>
		</bndbox>
	</object>
</annotation>