<annotation>
	<folder>top국류뚝배기순대국q5</folder>
	<filename>top_국류_뚝배기_순대국_Q5_00013.JPG</filename>
	<path>/top국류뚝배기순대국q5/top_국류_뚝배기_순대국_Q5_00013.JPG</path>
	<source>
		<database>fooddata</database>
	</source>
	<size>
		<width>5472</width>
		<height>3648</height>
		<depth>3</depth>
	</size>
	<object>
		<name>ref_spoon</name>
		<bndbox>
			<xmin>3762</xmin>
			<ymin>417</ymin>
			<xmax>4219</xmax>
			<ymax>1291</ymax>
		</bndbox>
	</object>
	<object>
		<name>ref_fork</name>
		<bndbox>
			<xmin>4399</xmin>
			<ymin>480</ymin>
			<xmax>4712</xmax>
			<ymax>1398</ymax>
		</bndbox>
	</object>
	<object>
		<name>ref_coin</name>
		<bndbox>
			<xmin>1091</xmin>
			<ymin>332</ymin>
			<xmax>1423</xmax>
			<ymax>654</ymax>
		</bndbox>
	</object>
	<object>
		<name>dish</name>
		<bndbox>
			<xmin>908</xmin>
			<ymin>547</ymin>
			<xmax>3538</xmax>
			<ymax>3155</ymax>
		</bndbox>
	</object>
	<object>
		<name>순대국</name>
		<bndbox>
			<xmin>1118</xmin>
			<ymin>744</ymin>
			<xmax>3332</xmax>
			<ymax>2944</ymax>
		</bndbox>
	</object>
</annotation>