<annotation>
	<folder>top국류뚝배기순대국q5</folder>
	<filename>top_국류_뚝배기_순대국_Q5_00025.JPG</filename>
	<path>/top국류뚝배기순대국q5/top_국류_뚝배기_순대국_Q5_00025.JPG</path>
	<source>
		<database>fooddata</database>
	</source>
	<size>
		<width>5472</width>
		<height>3648</height>
		<depth>3</depth>
	</size>
	<object>
		<name>ref_spoon</name>
		<bndbox>
			<xmin>1589</xmin>
			<ymin>2944</ymin>
			<xmax>2427</xmax>
			<ymax>3388</ymax>
		</bndbox>
	</object>
	<object>
		<name>ref_fork</name>
		<bndbox>
			<xmin>1651</xmin>
			<ymin>2554</ymin>
			<xmax>2606</xmax>
			<ymax>2841</ymax>
		</bndbox>
	</object>
	<object>
		<name>ref_coin</name>
		<bndbox>
			<xmin>3879</xmin>
			<ymin>354</ymin>
			<xmax>4170</xmax>
			<ymax>641</ymax>
		</bndbox>
	</object>
	<object>
		<name>dish</name>
		<bndbox>
			<xmin>1611</xmin>
			<ymin>220</ymin>
			<xmax>3919</xmax>
			<ymax>2514</ymax>
		</bndbox>
	</object>
	<object>
		<name>순대국</name>
		<bndbox>
			<xmin>1795</xmin>
			<ymin>408</ymin>
			<xmax>3740</xmax>
			<ymax>2308</ymax>
		</bndbox>
	</object>
</annotation>