<annotation>
	<folder>top국류뚝배기순대국q5</folder>
	<filename>top_국류_뚝배기_순대국_Q5_00016.JPG</filename>
	<path>/top국류뚝배기순대국q5/top_국류_뚝배기_순대국_Q5_00016.JPG</path>
	<source>
		<database>fooddata</database>
	</source>
	<size>
		<width>5472</width>
		<height>3648</height>
		<depth>3</depth>
	</size>
	<object>
		<name>ref_spoon</name>
		<bndbox>
			<xmin>3686</xmin>
			<ymin>623</ymin>
			<xmax>4116</xmax>
			<ymax>1497</ymax>
		</bndbox>
	</object>
	<object>
		<name>ref_fork</name>
		<bndbox>
			<xmin>4278</xmin>
			<ymin>686</ymin>
			<xmax>4578</xmax>
			<ymax>1618</ymax>
		</bndbox>
	</object>
	<object>
		<name>ref_coin</name>
		<bndbox>
			<xmin>2732</xmin>
			<ymin>206</ymin>
			<xmax>3032</xmax>
			<ymax>506</ymax>
		</bndbox>
	</object>
	<object>
		<name>dish</name>
		<bndbox>
			<xmin>943</xmin>
			<ymin>681</ymin>
			<xmax>3435</xmax>
			<ymax>3164</ymax>
		</bndbox>
	</object>
	<object>
		<name>순대국</name>
		<bndbox>
			<xmin>1145</xmin>
			<ymin>856</ymin>
			<xmax>3238</xmax>
			<ymax>2967</ymax>
		</bndbox>
	</object>
</annotation>