<annotation>
	<folder>채소튀김재작업q2</folder>
	<filename>side_기타튀김_접시_채소튀김_Q2_00039.JPG</filename>
	<path>/side기타튀김접시채소튀김q2/side_기타튀김_접시_채소튀김_Q2_00039.JPG</path>
	<source>
		<database>fooddata</database>
	</source>
	<size>
		<width>720</width>
		<height>480</height>
		<depth>3</depth>
	</size>
	<object>
		<name>ref_spoon</name>
		<bndbox>
			<xmin>179</xmin>
			<ymin>116</ymin>
			<xmax>250</xmax>
			<ymax>213</ymax>
		</bndbox>
	</object>
	<object>
		<name>ref_fork</name>
		<bndbox>
			<xmin>275</xmin>
			<ymin>121</ymin>
			<xmax>325</xmax>
			<ymax>228</ymax>
		</bndbox>
	</object>
	<object>
		<name>ref_coin</name>
		<bndbox>
			<xmin>356</xmin>
			<ymin>354</ymin>
			<xmax>414</xmax>
			<ymax>403</ymax>
		</bndbox>
	</object>
	<object>
		<name>dish</name>
		<bndbox>
			<xmin>356</xmin>
			<ymin>117</ymin>
			<xmax>652</xmax>
			<ymax>330</ymax>
		</bndbox>
	</object>
	<object>
		<name>채소튀김</name>
		<bndbox>
			<xmin>412</xmin>
			<ymin>157</ymin>
			<xmax>630</xmax>
			<ymax>282</ymax>
		</bndbox>
	</object>
</annotation>