<annotation>
	<folder>my-project-name</folder>
	<filename>side_기타튀김_접시_채소튀김_Q2_00009.JPG</filename>
	<path>/side기타튀김접시채소튀김q2/side_기타튀김_접시_채소튀김_Q2_00009.JPG</path>
	<source>
		<database>fooddata</database>
	</source>
	<size>
		<width>720</width>
		<height>480</height>
		<depth>3</depth>
	</size>
	<object>
		<name>ref_spoon</name>
		<bndbox>
			<xmin>502</xmin>
			<ymin>133</ymin>
			<xmax>570</xmax>
			<ymax>226</ymax>
		</bndbox>
	</object>
	<object>
		<name>ref_fork</name>
		<bndbox>
			<xmin>608</xmin>
			<ymin>144</ymin>
			<xmax>655</xmax>
			<ymax>252</ymax>
		</bndbox>
	</object>
	<object>
		<name>ref_coin</name>
		<bndbox>
			<xmin>176</xmin>
			<ymin>164</ymin>
			<xmax>224</xmax>
			<ymax>201</ymax>
		</bndbox>
	</object>
	<object>
		<name>dish</name>
		<bndbox>
			<xmin>214</xmin>
			<ymin>171</ymin>
			<xmax>507</xmax>
			<ymax>384</ymax>
		</bndbox>
	</object>
	<object>
		<name>채소튀김</name>
		<bndbox>
			<xmin>279</xmin>
			<ymin>211</ymin>
			<xmax>444</xmax>
			<ymax>345</ymax>
		</bndbox>
	</object>
</annotation>