<annotation>
	<folder>my-project-name</folder>
	<filename>side_기타튀김_접시_채소튀김_Q2_00042.JPG</filename>
	<path>/side기타튀김접시채소튀김q2/side_기타튀김_접시_채소튀김_Q2_00042.JPG</path>
	<source>
		<database>fooddata</database>
	</source>
	<size>
		<width>720</width>
		<height>480</height>
		<depth>3</depth>
	</size>
	<object>
		<name>ref_spoon</name>
		<bndbox>
			<xmin>121</xmin>
			<ymin>103</ymin>
			<xmax>192</xmax>
			<ymax>202</ymax>
		</bndbox>
	</object>
	<object>
		<name>ref_fork</name>
		<bndbox>
			<xmin>215</xmin>
			<ymin>104</ymin>
			<xmax>261</xmax>
			<ymax>210</ymax>
		</bndbox>
	</object>
	<object>
		<name>ref_coin</name>
		<bndbox>
			<xmin>304</xmin>
			<ymin>258</ymin>
			<xmax>357</xmax>
			<ymax>298</ymax>
		</bndbox>
	</object>
	<object>
		<name>dish</name>
		<bndbox>
			<xmin>371</xmin>
			<ymin>135</ymin>
			<xmax>671</xmax>
			<ymax>352</ymax>
		</bndbox>
	</object>
	<object>
		<name>채소튀김</name>
		<bndbox>
			<xmin>447</xmin>
			<ymin>179</ymin>
			<xmax>600</xmax>
			<ymax>338</ymax>
		</bndbox>
	</object>
</annotation>