<annotation>
	<folder>my-project-name</folder>
	<filename>side_기타튀김_접시_채소튀김_Q2_00043.JPG</filename>
	<path>/side기타튀김접시채소튀김q2/side_기타튀김_접시_채소튀김_Q2_00043.JPG</path>
	<source>
		<database>fooddata</database>
	</source>
	<size>
		<width>720</width>
		<height>480</height>
		<depth>3</depth>
	</size>
	<object>
		<name>ref_spoon</name>
		<bndbox>
			<xmin>122</xmin>
			<ymin>103</ymin>
			<xmax>192</xmax>
			<ymax>199</ymax>
		</bndbox>
	</object>
	<object>
		<name>ref_fork</name>
		<bndbox>
			<xmin>215</xmin>
			<ymin>104</ymin>
			<xmax>262</xmax>
			<ymax>212</ymax>
		</bndbox>
	</object>
	<object>
		<name>ref_coin</name>
		<bndbox>
			<xmin>295</xmin>
			<ymin>212</ymin>
			<xmax>346</xmax>
			<ymax>251</ymax>
		</bndbox>
	</object>
	<object>
		<name>dish</name>
		<bndbox>
			<xmin>353</xmin>
			<ymin>142</ymin>
			<xmax>654</xmax>
			<ymax>359</ymax>
		</bndbox>
	</object>
	<object>
		<name>채소튀김</name>
		<bndbox>
			<xmin>419</xmin>
			<ymin>200</ymin>
			<xmax>584</xmax>
			<ymax>330</ymax>
		</bndbox>
	</object>
</annotation>