<annotation>
	<folder>my-project-name</folder>
	<filename>side_기타튀김_접시_채소튀김_Q2_00022.JPG</filename>
	<path>/side기타튀김접시채소튀김q2/side_기타튀김_접시_채소튀김_Q2_00022.JPG</path>
	<source>
		<database>fooddata</database>
	</source>
	<size>
		<width>720</width>
		<height>480</height>
		<depth>3</depth>
	</size>
	<object>
		<name>ref_spoon</name>
		<bndbox>
			<xmin>257</xmin>
			<ymin>376</ymin>
			<xmax>379</xmax>
			<ymax>441</ymax>
		</bndbox>
	</object>
	<object>
		<name>ref_fork</name>
		<bndbox>
			<xmin>278</xmin>
			<ymin>313</ymin>
			<xmax>408</xmax>
			<ymax>367</ymax>
		</bndbox>
	</object>
	<object>
		<name>ref_coin</name>
		<bndbox>
			<xmin>216</xmin>
			<ymin>138</ymin>
			<xmax>264</xmax>
			<ymax>175</ymax>
		</bndbox>
	</object>
	<object>
		<name>dish</name>
		<bndbox>
			<xmin>299</xmin>
			<ymin>74</ymin>
			<xmax>583</xmax>
			<ymax>278</ymax>
		</bndbox>
	</object>
	<object>
		<name>채소튀김</name>
		<bndbox>
			<xmin>363</xmin>
			<ymin>108</ymin>
			<xmax>569</xmax>
			<ymax>240</ymax>
		</bndbox>
	</object>
</annotation>