<annotation>
	<folder>my-project-name</folder>
	<filename>side_기타튀김_접시_채소튀김_Q2_00007.JPG</filename>
	<path>/side기타튀김접시채소튀김q2/side_기타튀김_접시_채소튀김_Q2_00007.JPG</path>
	<source>
		<database>fooddata</database>
	</source>
	<size>
		<width>720</width>
		<height>480</height>
		<depth>3</depth>
	</size>
	<object>
		<name>ref_spoon</name>
		<bndbox>
			<xmin>503</xmin>
			<ymin>106</ymin>
			<xmax>571</xmax>
			<ymax>200</ymax>
		</bndbox>
	</object>
	<object>
		<name>ref_fork</name>
		<bndbox>
			<xmin>610</xmin>
			<ymin>117</ymin>
			<xmax>656</xmax>
			<ymax>225</ymax>
		</bndbox>
	</object>
	<object>
		<name>ref_coin</name>
		<bndbox>
			<xmin>113</xmin>
			<ymin>235</ymin>
			<xmax>165</xmax>
			<ymax>274</ymax>
		</bndbox>
	</object>
	<object>
		<name>dish</name>
		<bndbox>
			<xmin>215</xmin>
			<ymin>135</ymin>
			<xmax>503</xmax>
			<ymax>345</ymax>
		</bndbox>
	</object>
	<object>
		<name>채소튀김</name>
		<bndbox>
			<xmin>269</xmin>
			<ymin>181</ymin>
			<xmax>445</xmax>
			<ymax>299</ymax>
		</bndbox>
	</object>
</annotation>