<annotation>
	<folder>my-project-name</folder>
	<filename>side_기타튀김_접시_채소튀김_Q2_00031.JPG</filename>
	<path>/side기타튀김접시채소튀김q2/side_기타튀김_접시_채소튀김_Q2_00031.JPG</path>
	<source>
		<database>fooddata</database>
	</source>
	<size>
		<width>720</width>
		<height>480</height>
		<depth>3</depth>
	</size>
	<object>
		<name>ref_spoon</name>
		<bndbox>
			<xmin>209</xmin>
			<ymin>370</ymin>
			<xmax>338</xmax>
			<ymax>438</ymax>
		</bndbox>
	</object>
	<object>
		<name>ref_fork</name>
		<bndbox>
			<xmin>233</xmin>
			<ymin>307</ymin>
			<xmax>366</xmax>
			<ymax>364</ymax>
		</bndbox>
	</object>
	<object>
		<name>ref_coin</name>
		<bndbox>
			<xmin>160</xmin>
			<ymin>200</ymin>
			<xmax>211</xmax>
			<ymax>238</ymax>
		</bndbox>
	</object>
	<object>
		<name>dish</name>
		<bndbox>
			<xmin>258</xmin>
			<ymin>69</ymin>
			<xmax>546</xmax>
			<ymax>276</ymax>
		</bndbox>
	</object>
	<object>
		<name>채소튀김</name>
		<bndbox>
			<xmin>338</xmin>
			<ymin>119</ymin>
			<xmax>471</xmax>
			<ymax>264</ymax>
		</bndbox>
	</object>
</annotation>