<annotation>
	<folder>my-project-name</folder>
	<filename>side_기타튀김_접시_채소튀김_Q2_00028.JPG</filename>
	<path>/side기타튀김접시채소튀김q2/side_기타튀김_접시_채소튀김_Q2_00028.JPG</path>
	<source>
		<database>fooddata</database>
	</source>
	<size>
		<width>720</width>
		<height>480</height>
		<depth>3</depth>
	</size>
	<object>
		<name>ref_spoon</name>
		<bndbox>
			<xmin>188</xmin>
			<ymin>385</ymin>
			<xmax>316</xmax>
			<ymax>452</ymax>
		</bndbox>
	</object>
	<object>
		<name>ref_fork</name>
		<bndbox>
			<xmin>207</xmin>
			<ymin>322</ymin>
			<xmax>340</xmax>
			<ymax>375</ymax>
		</bndbox>
	</object>
	<object>
		<name>ref_coin</name>
		<bndbox>
			<xmin>442</xmin>
			<ymin>46</ymin>
			<xmax>489</xmax>
			<ymax>81</ymax>
		</bndbox>
	</object>
	<object>
		<name>dish</name>
		<bndbox>
			<xmin>225</xmin>
			<ymin>78</ymin>
			<xmax>513</xmax>
			<ymax>283</ymax>
		</bndbox>
	</object>
	<object>
		<name>채소튀김</name>
		<bndbox>
			<xmin>269</xmin>
			<ymin>122</ymin>
			<xmax>470</xmax>
			<ymax>253</ymax>
		</bndbox>
	</object>
</annotation>