<annotation>
	<folder>my-project-name</folder>
	<filename>side_기타튀김_접시_채소튀김_Q2_00050.JPG</filename>
	<path>/side기타튀김접시채소튀김q2/side_기타튀김_접시_채소튀김_Q2_00050.JPG</path>
	<source>
		<database>fooddata</database>
	</source>
	<size>
		<width>720</width>
		<height>480</height>
		<depth>3</depth>
	</size>
	<object>
		<name>ref_spoon</name>
		<bndbox>
			<xmin>45</xmin>
			<ymin>173</ymin>
			<xmax>118</xmax>
			<ymax>272</ymax>
		</bndbox>
	</object>
	<object>
		<name>ref_fork</name>
		<bndbox>
			<xmin>141</xmin>
			<ymin>176</ymin>
			<xmax>188</xmax>
			<ymax>287</ymax>
		</bndbox>
	</object>
	<object>
		<name>ref_coin</name>
		<bndbox>
			<xmin>605</xmin>
			<ymin>304</ymin>
			<xmax>659</xmax>
			<ymax>344</ymax>
		</bndbox>
	</object>
	<object>
		<name>dish</name>
		<bndbox>
			<xmin>219</xmin>
			<ymin>225</ymin>
			<xmax>520</xmax>
			<ymax>448</ymax>
		</bndbox>
	</object>
	<object>
		<name>채소튀김</name>
		<bndbox>
			<xmin>280</xmin>
			<ymin>261</ymin>
			<xmax>462</xmax>
			<ymax>379</ymax>
		</bndbox>
	</object>
</annotation>