<annotation>
	<folder>my-project-name</folder>
	<filename>side_기타튀김_접시_채소튀김_Q2_00025.JPG</filename>
	<path>/side기타튀김접시채소튀김q2/side_기타튀김_접시_채소튀김_Q2_00025.JPG</path>
	<source>
		<database>fooddata</database>
	</source>
	<size>
		<width>720</width>
		<height>480</height>
		<depth>3</depth>
	</size>
	<object>
		<name>ref_spoon</name>
		<bndbox>
			<xmin>224</xmin>
			<ymin>384</ymin>
			<xmax>350</xmax>
			<ymax>452</ymax>
		</bndbox>
	</object>
	<object>
		<name>ref_fork</name>
		<bndbox>
			<xmin>246</xmin>
			<ymin>321</ymin>
			<xmax>376</xmax>
			<ymax>377</ymax>
		</bndbox>
	</object>
	<object>
		<name>ref_coin</name>
		<bndbox>
			<xmin>313</xmin>
			<ymin>47</ymin>
			<xmax>360</xmax>
			<ymax>82</ymax>
		</bndbox>
	</object>
	<object>
		<name>dish</name>
		<bndbox>
			<xmin>267</xmin>
			<ymin>80</ymin>
			<xmax>555</xmax>
			<ymax>286</ymax>
		</bndbox>
	</object>
	<object>
		<name>채소튀김</name>
		<bndbox>
			<xmin>348</xmin>
			<ymin>120</ymin>
			<xmax>497</xmax>
			<ymax>259</ymax>
		</bndbox>
	</object>
</annotation>