<annotation>
	<folder>my-project-name</folder>
	<filename>side_기타튀김_접시_채소튀김_Q2_00035.JPG</filename>
	<path>/side기타튀김접시채소튀김q2/side_기타튀김_접시_채소튀김_Q2_00035.JPG</path>
	<source>
		<database>fooddata</database>
	</source>
	<size>
		<width>720</width>
		<height>480</height>
		<depth>3</depth>
	</size>
	<object>
		<name>ref_spoon</name>
		<bndbox>
			<xmin>117</xmin>
			<ymin>110</ymin>
			<xmax>188</xmax>
			<ymax>211</ymax>
		</bndbox>
	</object>
	<object>
		<name>ref_fork</name>
		<bndbox>
			<xmin>217</xmin>
			<ymin>115</ymin>
			<xmax>264</xmax>
			<ymax>228</ymax>
		</bndbox>
	</object>
	<object>
		<name>ref_coin</name>
		<bndbox>
			<xmin>296</xmin>
			<ymin>338</ymin>
			<xmax>350</xmax>
			<ymax>382</ymax>
		</bndbox>
	</object>
	<object>
		<name>dish</name>
		<bndbox>
			<xmin>300</xmin>
			<ymin>114</ymin>
			<xmax>593</xmax>
			<ymax>325</ymax>
		</bndbox>
	</object>
	<object>
		<name>채소튀김</name>
		<bndbox>
			<xmin>368</xmin>
			<ymin>139</ymin>
			<xmax>554</xmax>
			<ymax>258</ymax>
		</bndbox>
	</object>
</annotation>