<annotation>
	<folder>top_기타튀김접시채소튀김q2</folder>
	<filename>top_기타튀김_접시_채소튀김_Q2_00011.JPG</filename>
	<path>/top기타튀김접시채소튀김q2/top_기타튀김_접시_채소튀김_Q2_00011.JPG</path>
	<source>
		<database>fooddata</database>
	</source>
	<size>
		<width>720</width>
		<height>480</height>
		<depth>3</depth>
	</size>
	<object>
		<name>ref_spoon</name>
		<bndbox>
			<xmin>608</xmin>
			<ymin>73</ymin>
			<xmax>678</xmax>
			<ymax>206</ymax>
		</bndbox>
	</object>
	<object>
		<name>ref_fork</name>
		<bndbox>
			<xmin>524</xmin>
			<ymin>82</ymin>
			<xmax>570</xmax>
			<ymax>223</ymax>
		</bndbox>
	</object>
	<object>
		<name>ref_coin</name>
		<bndbox>
			<xmin>208</xmin>
			<ymin>53</ymin>
			<xmax>258</xmax>
			<ymax>99</ymax>
		</bndbox>
	</object>
	<object>
		<name>dish</name>
		<bndbox>
			<xmin>209</xmin>
			<ymin>117</ymin>
			<xmax>500</xmax>
			<ymax>406</ymax>
		</bndbox>
	</object>
	<object>
		<name>채소튀김</name>
		<bndbox>
			<xmin>289</xmin>
			<ymin>154</ymin>
			<xmax>439</xmax>
			<ymax>339</ymax>
		</bndbox>
	</object>
</annotation>