<annotation>
	<folder>top_기타튀김접시채소튀김q2</folder>
	<filename>top_기타튀김_접시_채소튀김_Q2_00015.JPG</filename>
	<path>/top기타튀김접시채소튀김q2/top_기타튀김_접시_채소튀김_Q2_00015.JPG</path>
	<source>
		<database>fooddata</database>
	</source>
	<size>
		<width>720</width>
		<height>480</height>
		<depth>3</depth>
	</size>
	<object>
		<name>ref_spoon</name>
		<bndbox>
			<xmin>624</xmin>
			<ymin>79</ymin>
			<xmax>695</xmax>
			<ymax>211</ymax>
		</bndbox>
	</object>
	<object>
		<name>ref_fork</name>
		<bndbox>
			<xmin>544</xmin>
			<ymin>85</ymin>
			<xmax>590</xmax>
			<ymax>240</ymax>
		</bndbox>
	</object>
	<object>
		<name>ref_coin</name>
		<bndbox>
			<xmin>450</xmin>
			<ymin>73</ymin>
			<xmax>499</xmax>
			<ymax>122</ymax>
		</bndbox>
	</object>
	<object>
		<name>dish</name>
		<bndbox>
			<xmin>216</xmin>
			<ymin>137</ymin>
			<xmax>508</xmax>
			<ymax>431</ymax>
		</bndbox>
	</object>
	<object>
		<name>채소튀김</name>
		<bndbox>
			<xmin>275</xmin>
			<ymin>201</ymin>
			<xmax>473</xmax>
			<ymax>367</ymax>
		</bndbox>
	</object>
</annotation>