<annotation>
	<folder>top_기타튀김접시채소튀김q2</folder>
	<filename>top_기타튀김_접시_채소튀김_Q2_00028.JPG</filename>
	<path>/top기타튀김접시채소튀김q2/top_기타튀김_접시_채소튀김_Q2_00028.JPG</path>
	<source>
		<database>fooddata</database>
	</source>
	<size>
		<width>720</width>
		<height>480</height>
		<depth>3</depth>
	</size>
	<object>
		<name>ref_spoon</name>
		<bndbox>
			<xmin>206</xmin>
			<ymin>304</ymin>
			<xmax>328</xmax>
			<ymax>374</ymax>
		</bndbox>
	</object>
	<object>
		<name>ref_fork</name>
		<bndbox>
			<xmin>218</xmin>
			<ymin>397</ymin>
			<xmax>368</xmax>
			<ymax>443</ymax>
		</bndbox>
	</object>
	<object>
		<name>ref_coin</name>
		<bndbox>
			<xmin>559</xmin>
			<ymin>122</ymin>
			<xmax>608</xmax>
			<ymax>171</ymax>
		</bndbox>
	</object>
	<object>
		<name>dish</name>
		<bndbox>
			<xmin>259</xmin>
			<ymin>25</ymin>
			<xmax>529</xmax>
			<ymax>295</ymax>
		</bndbox>
	</object>
	<object>
		<name>채소튀김</name>
		<bndbox>
			<xmin>307</xmin>
			<ymin>87</ymin>
			<xmax>476</xmax>
			<ymax>232</ymax>
		</bndbox>
	</object>
</annotation>