<annotation>
	<folder>top_기타튀김접시채소튀김q2</folder>
	<filename>top_기타튀김_접시_채소튀김_Q2_00032.JPG</filename>
	<path>/top기타튀김접시채소튀김q2/top_기타튀김_접시_채소튀김_Q2_00032.JPG</path>
	<source>
		<database>fooddata</database>
	</source>
	<size>
		<width>720</width>
		<height>480</height>
		<depth>3</depth>
	</size>
	<object>
		<name>ref_spoon</name>
		<bndbox>
			<xmin>224</xmin>
			<ymin>293</ymin>
			<xmax>349</xmax>
			<ymax>359</ymax>
		</bndbox>
	</object>
	<object>
		<name>ref_fork</name>
		<bndbox>
			<xmin>237</xmin>
			<ymin>381</ymin>
			<xmax>392</xmax>
			<ymax>428</ymax>
		</bndbox>
	</object>
	<object>
		<name>ref_coin</name>
		<bndbox>
			<xmin>572</xmin>
			<ymin>152</ymin>
			<xmax>619</xmax>
			<ymax>199</ymax>
		</bndbox>
	</object>
	<object>
		<name>dish</name>
		<bndbox>
			<xmin>290</xmin>
			<ymin>19</ymin>
			<xmax>547</xmax>
			<ymax>275</ymax>
		</bndbox>
	</object>
	<object>
		<name>채소튀김</name>
		<bndbox>
			<xmin>344</xmin>
			<ymin>65</ymin>
			<xmax>487</xmax>
			<ymax>217</ymax>
		</bndbox>
	</object>
</annotation>