<annotation>
	<folder>top_기타튀김접시채소튀김q2</folder>
	<filename>top_기타튀김_접시_채소튀김_Q2_00055.JPG</filename>
	<path>/top기타튀김접시채소튀김q2/top_기타튀김_접시_채소튀김_Q2_00055.JPG</path>
	<source>
		<database>fooddata</database>
	</source>
	<size>
		<width>720</width>
		<height>480</height>
		<depth>3</depth>
	</size>
	<object>
		<name>ref_spoon</name>
		<bndbox>
			<xmin>212</xmin>
			<ymin>65</ymin>
			<xmax>282</xmax>
			<ymax>193</ymax>
		</bndbox>
	</object>
	<object>
		<name>ref_fork</name>
		<bndbox>
			<xmin>135</xmin>
			<ymin>61</ymin>
			<xmax>184</xmax>
			<ymax>210</ymax>
		</bndbox>
	</object>
	<object>
		<name>ref_coin</name>
		<bndbox>
			<xmin>600</xmin>
			<ymin>327</ymin>
			<xmax>652</xmax>
			<ymax>379</ymax>
		</bndbox>
	</object>
	<object>
		<name>dish</name>
		<bndbox>
			<xmin>326</xmin>
			<ymin>52</ymin>
			<xmax>621</xmax>
			<ymax>345</ymax>
		</bndbox>
	</object>
	<object>
		<name>채소튀김</name>
		<bndbox>
			<xmin>396</xmin>
			<ymin>118</ymin>
			<xmax>604</xmax>
			<ymax>299</ymax>
		</bndbox>
	</object>
</annotation>