<annotation>
	<folder>top_기타튀김접시채소튀김q2</folder>
	<filename>top_기타튀김_접시_채소튀김_Q2_00037.JPG</filename>
	<path>/top기타튀김접시채소튀김q2/top_기타튀김_접시_채소튀김_Q2_00037.JPG</path>
	<source>
		<database>fooddata</database>
	</source>
	<size>
		<width>720</width>
		<height>480</height>
		<depth>3</depth>
	</size>
	<object>
		<name>ref_spoon</name>
		<bndbox>
			<xmin>244</xmin>
			<ymin>40</ymin>
			<xmax>310</xmax>
			<ymax>167</ymax>
		</bndbox>
	</object>
	<object>
		<name>ref_fork</name>
		<bndbox>
			<xmin>178</xmin>
			<ymin>42</ymin>
			<xmax>221</xmax>
			<ymax>192</ymax>
		</bndbox>
	</object>
	<object>
		<name>ref_coin</name>
		<bndbox>
			<xmin>472</xmin>
			<ymin>390</ymin>
			<xmax>522</xmax>
			<ymax>442</ymax>
		</bndbox>
	</object>
	<object>
		<name>dish</name>
		<bndbox>
			<xmin>342</xmin>
			<ymin>63</ymin>
			<xmax>625</xmax>
			<ymax>344</ymax>
		</bndbox>
	</object>
	<object>
		<name>채소튀김</name>
		<bndbox>
			<xmin>400</xmin>
			<ymin>134</ymin>
			<xmax>572</xmax>
			<ymax>279</ymax>
		</bndbox>
	</object>
</annotation>