<annotation>
	<folder>top_기타튀김접시채소튀김q2</folder>
	<filename>top_기타튀김_접시_채소튀김_Q2_00026.JPG</filename>
	<path>/top기타튀김접시채소튀김q2/top_기타튀김_접시_채소튀김_Q2_00026.JPG</path>
	<source>
		<database>fooddata</database>
	</source>
	<size>
		<width>720</width>
		<height>480</height>
		<depth>3</depth>
	</size>
	<object>
		<name>ref_spoon</name>
		<bndbox>
			<xmin>248</xmin>
			<ymin>309</ymin>
			<xmax>378</xmax>
			<ymax>376</ymax>
		</bndbox>
	</object>
	<object>
		<name>ref_fork</name>
		<bndbox>
			<xmin>261</xmin>
			<ymin>400</ymin>
			<xmax>412</xmax>
			<ymax>444</ymax>
		</bndbox>
	</object>
	<object>
		<name>ref_coin</name>
		<bndbox>
			<xmin>579</xmin>
			<ymin>42</ymin>
			<xmax>625</xmax>
			<ymax>87</ymax>
		</bndbox>
	</object>
	<object>
		<name>dish</name>
		<bndbox>
			<xmin>307</xmin>
			<ymin>42</ymin>
			<xmax>569</xmax>
			<ymax>306</ymax>
		</bndbox>
	</object>
	<object>
		<name>채소튀김</name>
		<bndbox>
			<xmin>373</xmin>
			<ymin>104</ymin>
			<xmax>508</xmax>
			<ymax>248</ymax>
		</bndbox>
	</object>
</annotation>