<annotation>
	<folder>top_기타튀김접시채소튀김q2</folder>
	<filename>top_기타튀김_접시_채소튀김_Q2_00050.JPG</filename>
	<path>/top기타튀김접시채소튀김q2/top_기타튀김_접시_채소튀김_Q2_00050.JPG</path>
	<source>
		<database>fooddata</database>
	</source>
	<size>
		<width>720</width>
		<height>480</height>
		<depth>3</depth>
	</size>
	<object>
		<name>ref_spoon</name>
		<bndbox>
			<xmin>244</xmin>
			<ymin>55</ymin>
			<xmax>308</xmax>
			<ymax>181</ymax>
		</bndbox>
	</object>
	<object>
		<name>ref_fork</name>
		<bndbox>
			<xmin>178</xmin>
			<ymin>54</ymin>
			<xmax>223</xmax>
			<ymax>179</ymax>
		</bndbox>
	</object>
	<object>
		<name>ref_coin</name>
		<bndbox>
			<xmin>431</xmin>
			<ymin>371</ymin>
			<xmax>479</xmax>
			<ymax>421</ymax>
		</bndbox>
	</object>
	<object>
		<name>dish</name>
		<bndbox>
			<xmin>335</xmin>
			<ymin>76</ymin>
			<xmax>599</xmax>
			<ymax>341</ymax>
		</bndbox>
	</object>
	<object>
		<name>채소튀김</name>
		<bndbox>
			<xmin>407</xmin>
			<ymin>136</ymin>
			<xmax>550</xmax>
			<ymax>289</ymax>
		</bndbox>
	</object>
</annotation>