<annotation>
	<folder>top_기타튀김접시채소튀김q2</folder>
	<filename>top_기타튀김_접시_채소튀김_Q2_00043.JPG</filename>
	<path>/top기타튀김접시채소튀김q2/top_기타튀김_접시_채소튀김_Q2_00043.JPG</path>
	<source>
		<database>fooddata</database>
	</source>
	<size>
		<width>720</width>
		<height>480</height>
		<depth>3</depth>
	</size>
	<object>
		<name>ref_spoon</name>
		<bndbox>
			<xmin>215</xmin>
			<ymin>84</ymin>
			<xmax>284</xmax>
			<ymax>220</ymax>
		</bndbox>
	</object>
	<object>
		<name>ref_fork</name>
		<bndbox>
			<xmin>148</xmin>
			<ymin>85</ymin>
			<xmax>191</xmax>
			<ymax>234</ymax>
		</bndbox>
	</object>
	<object>
		<name>ref_coin</name>
		<bndbox>
			<xmin>642</xmin>
			<ymin>246</ymin>
			<xmax>695</xmax>
			<ymax>296</ymax>
		</bndbox>
	</object>
	<object>
		<name>dish</name>
		<bndbox>
			<xmin>309</xmin>
			<ymin>109</ymin>
			<xmax>596</xmax>
			<ymax>395</ymax>
		</bndbox>
	</object>
	<object>
		<name>채소튀김</name>
		<bndbox>
			<xmin>388</xmin>
			<ymin>181</ymin>
			<xmax>543</xmax>
			<ymax>344</ymax>
		</bndbox>
	</object>
</annotation>