<annotation>
	<folder>top_기타튀김접시채소튀김q2</folder>
	<filename>top_기타튀김_접시_채소튀김_Q2_00002.JPG</filename>
	<path>/top기타튀김접시채소튀김q2/top_기타튀김_접시_채소튀김_Q2_00002.JPG</path>
	<source>
		<database>fooddata</database>
	</source>
	<size>
		<width>720</width>
		<height>480</height>
		<depth>3</depth>
	</size>
	<object>
		<name>ref_spoon</name>
		<bndbox>
			<xmin>587</xmin>
			<ymin>51</ymin>
			<xmax>654</xmax>
			<ymax>179</ymax>
		</bndbox>
	</object>
	<object>
		<name>ref_fork</name>
		<bndbox>
			<xmin>503</xmin>
			<ymin>57</ymin>
			<xmax>548</xmax>
			<ymax>199</ymax>
		</bndbox>
	</object>
	<object>
		<name>ref_coin</name>
		<bndbox>
			<xmin>348</xmin>
			<ymin>399</ymin>
			<xmax>398</xmax>
			<ymax>450</ymax>
		</bndbox>
	</object>
	<object>
		<name>dish</name>
		<bndbox>
			<xmin>192</xmin>
			<ymin>61</ymin>
			<xmax>473</xmax>
			<ymax>339</ymax>
		</bndbox>
	</object>
	<object>
		<name>채소튀김</name>
		<bndbox>
			<xmin>262</xmin>
			<ymin>118</ymin>
			<xmax>417</xmax>
			<ymax>303</ymax>
		</bndbox>
	</object>
</annotation>