<annotation>
	<folder>top_기타튀김접시채소튀김q2</folder>
	<filename>top_기타튀김_접시_채소튀김_Q2_00034.JPG</filename>
	<path>/top기타튀김접시채소튀김q2/top_기타튀김_접시_채소튀김_Q2_00034.JPG</path>
	<source>
		<database>fooddata</database>
	</source>
	<size>
		<width>720</width>
		<height>480</height>
		<depth>3</depth>
	</size>
	<object>
		<name>ref_spoon</name>
		<bndbox>
			<xmin>263</xmin>
			<ymin>46</ymin>
			<xmax>337</xmax>
			<ymax>196</ymax>
		</bndbox>
	</object>
	<object>
		<name>ref_fork</name>
		<bndbox>
			<xmin>187</xmin>
			<ymin>45</ymin>
			<xmax>236</xmax>
			<ymax>224</ymax>
		</bndbox>
	</object>
	<object>
		<name>ref_coin</name>
		<bndbox>
			<xmin>347</xmin>
			<ymin>384</ymin>
			<xmax>402</xmax>
			<ymax>441</ymax>
		</bndbox>
	</object>
	<object>
		<name>dish</name>
		<bndbox>
			<xmin>362</xmin>
			<ymin>81</ymin>
			<xmax>681</xmax>
			<ymax>400</ymax>
		</bndbox>
	</object>
	<object>
		<name>채소튀김</name>
		<bndbox>
			<xmin>445</xmin>
			<ymin>137</ymin>
			<xmax>615</xmax>
			<ymax>356</ymax>
		</bndbox>
	</object>
</annotation>