<annotation>
	<folder>top_기타튀김접시채소튀김q2</folder>
	<filename>top_기타튀김_접시_채소튀김_Q2_00042.JPG</filename>
	<path>/top기타튀김접시채소튀김q2/top_기타튀김_접시_채소튀김_Q2_00042.JPG</path>
	<source>
		<database>fooddata</database>
	</source>
	<size>
		<width>720</width>
		<height>480</height>
		<depth>3</depth>
	</size>
	<object>
		<name>ref_spoon</name>
		<bndbox>
			<xmin>217</xmin>
			<ymin>81</ymin>
			<xmax>285</xmax>
			<ymax>209</ymax>
		</bndbox>
	</object>
	<object>
		<name>ref_fork</name>
		<bndbox>
			<xmin>149</xmin>
			<ymin>79</ymin>
			<xmax>194</xmax>
			<ymax>235</ymax>
		</bndbox>
	</object>
	<object>
		<name>ref_coin</name>
		<bndbox>
			<xmin>637</xmin>
			<ymin>281</ymin>
			<xmax>689</xmax>
			<ymax>333</ymax>
		</bndbox>
	</object>
	<object>
		<name>dish</name>
		<bndbox>
			<xmin>313</xmin>
			<ymin>103</ymin>
			<xmax>600</xmax>
			<ymax>389</ymax>
		</bndbox>
	</object>
	<object>
		<name>채소튀김</name>
		<bndbox>
			<xmin>368</xmin>
			<ymin>171</ymin>
			<xmax>541</xmax>
			<ymax>307</ymax>
		</bndbox>
	</object>
</annotation>