<annotation>
	<folder>side볶음밥류접시삼선볶음밥q2</folder>
	<filename>side_볶음밥류_접시_삼선볶음밥_Q2_00017.JPG</filename>
	<path>/side볶음밥류접시삼선볶음밥q2/side_볶음밥류_접시_삼선볶음밥_Q2_00017.JPG</path>
	<source>
		<database>fooddata</database>
	</source>
	<size>
		<width>720</width>
		<height>480</height>
		<depth>3</depth>
	</size>
	<object>
		<name>ref_spoon</name>
		<bndbox>
			<xmin>132</xmin>
			<ymin>123</ymin>
			<xmax>193</xmax>
			<ymax>212</ymax>
		</bndbox>
	</object>
	<object>
		<name>ref_fork</name>
		<bndbox>
			<xmin>216</xmin>
			<ymin>126</ymin>
			<xmax>257</xmax>
			<ymax>231</ymax>
		</bndbox>
	</object>
	<object>
		<name>ref_coin</name>
		<bndbox>
			<xmin>410</xmin>
			<ymin>412</ymin>
			<xmax>459</xmax>
			<ymax>456</ymax>
		</bndbox>
	</object>
	<object>
		<name>dish</name>
		<bndbox>
			<xmin>322</xmin>
			<ymin>56</ymin>
			<xmax>578</xmax>
			<ymax>363</ymax>
		</bndbox>
	</object>
	<object>
		<name>삼선볶음밥</name>
		<bndbox>
			<xmin>371</xmin>
			<ymin>154</ymin>
			<xmax>525</xmax>
			<ymax>340</ymax>
		</bndbox>
	</object>
</annotation>