<annotation>
	<folder>side볶음밥류접시삼선볶음밥q2</folder>
	<filename>side_볶음밥류_접시_삼선볶음밥_Q2_00042.JPG</filename>
	<path>/side볶음밥류접시삼선볶음밥q2/side_볶음밥류_접시_삼선볶음밥_Q2_00042.JPG</path>
	<source>
		<database>fooddata</database>
	</source>
	<size>
		<width>720</width>
		<height>480</height>
		<depth>3</depth>
	</size>
	<object>
		<name>ref_spoon</name>
		<bndbox>
			<xmin>186</xmin>
			<ymin>400</ymin>
			<xmax>297</xmax>
			<ymax>456</ymax>
		</bndbox>
	</object>
	<object>
		<name>ref_fork</name>
		<bndbox>
			<xmin>207</xmin>
			<ymin>347</ymin>
			<xmax>319</xmax>
			<ymax>394</ymax>
		</bndbox>
	</object>
	<object>
		<name>ref_coin</name>
		<bndbox>
			<xmin>146</xmin>
			<ymin>118</ymin>
			<xmax>191</xmax>
			<ymax>150</ymax>
		</bndbox>
	</object>
	<object>
		<name>dish</name>
		<bndbox>
			<xmin>170</xmin>
			<ymin>118</ymin>
			<xmax>583</xmax>
			<ymax>304</ymax>
		</bndbox>
	</object>
	<object>
		<name>삼선볶음밥</name>
		<bndbox>
			<xmin>255</xmin>
			<ymin>169</ymin>
			<xmax>539</xmax>
			<ymax>291</ymax>
		</bndbox>
	</object>
</annotation>