<annotation>
	<folder>side볶음밥류접시삼선볶음밥q2</folder>
	<filename>side_볶음밥류_접시_삼선볶음밥_Q2_00030.JPG</filename>
	<path>/side볶음밥류접시삼선볶음밥q2/side_볶음밥류_접시_삼선볶음밥_Q2_00030.JPG</path>
	<source>
		<database>fooddata</database>
	</source>
	<size>
		<width>720</width>
		<height>480</height>
		<depth>3</depth>
	</size>
	<object>
		<name>ref_spoon</name>
		<bndbox>
			<xmin>256</xmin>
			<ymin>365</ymin>
			<xmax>363</xmax>
			<ymax>418</ymax>
		</bndbox>
	</object>
	<object>
		<name>ref_fork</name>
		<bndbox>
			<xmin>272</xmin>
			<ymin>313</ymin>
			<xmax>386</xmax>
			<ymax>357</ymax>
		</bndbox>
	</object>
	<object>
		<name>ref_coin</name>
		<bndbox>
			<xmin>602</xmin>
			<ymin>284</ymin>
			<xmax>650</xmax>
			<ymax>322</ymax>
		</bndbox>
	</object>
	<object>
		<name>dish</name>
		<bndbox>
			<xmin>215</xmin>
			<ymin>49</ymin>
			<xmax>615</xmax>
			<ymax>224</ymax>
		</bndbox>
	</object>
	<object>
		<name>삼선볶음밥</name>
		<bndbox>
			<xmin>350</xmin>
			<ymin>86</ymin>
			<xmax>562</xmax>
			<ymax>206</ymax>
		</bndbox>
	</object>
</annotation>