<annotation>
	<folder>side볶음밥류접시삼선볶음밥q2</folder>
	<filename>side_볶음밥류_접시_삼선볶음밥_Q2_00032.JPG</filename>
	<path>/side볶음밥류접시삼선볶음밥q2/side_볶음밥류_접시_삼선볶음밥_Q2_00032.JPG</path>
	<source>
		<database>fooddata</database>
	</source>
	<size>
		<width>720</width>
		<height>480</height>
		<depth>3</depth>
	</size>
	<object>
		<name>ref_spoon</name>
		<bndbox>
			<xmin>204</xmin>
			<ymin>376</ymin>
			<xmax>316</xmax>
			<ymax>430</ymax>
		</bndbox>
	</object>
	<object>
		<name>ref_fork</name>
		<bndbox>
			<xmin>221</xmin>
			<ymin>324</ymin>
			<xmax>333</xmax>
			<ymax>367</ymax>
		</bndbox>
	</object>
	<object>
		<name>ref_coin</name>
		<bndbox>
			<xmin>624</xmin>
			<ymin>150</ymin>
			<xmax>671</xmax>
			<ymax>183</ymax>
		</bndbox>
	</object>
	<object>
		<name>dish</name>
		<bndbox>
			<xmin>168</xmin>
			<ymin>88</ymin>
			<xmax>582</xmax>
			<ymax>274</ymax>
		</bndbox>
	</object>
	<object>
		<name>삼선볶음밥</name>
		<bndbox>
			<xmin>297</xmin>
			<ymin>130</ymin>
			<xmax>524</xmax>
			<ymax>262</ymax>
		</bndbox>
	</object>
</annotation>