<annotation>
	<folder>side볶음밥류접시삼선볶음밥q2</folder>
	<filename>side_볶음밥류_접시_삼선볶음밥_Q2_00024.JPG</filename>
	<path>/side볶음밥류접시삼선볶음밥q2/side_볶음밥류_접시_삼선볶음밥_Q2_00024.JPG</path>
	<source>
		<database>fooddata</database>
	</source>
	<size>
		<width>720</width>
		<height>480</height>
		<depth>3</depth>
	</size>
	<object>
		<name>ref_spoon</name>
		<bndbox>
			<xmin>199</xmin>
			<ymin>382</ymin>
			<xmax>310</xmax>
			<ymax>437</ymax>
		</bndbox>
	</object>
	<object>
		<name>ref_fork</name>
		<bndbox>
			<xmin>217</xmin>
			<ymin>330</ymin>
			<xmax>327</xmax>
			<ymax>372</ymax>
		</bndbox>
	</object>
	<object>
		<name>ref_coin</name>
		<bndbox>
			<xmin>272</xmin>
			<ymin>287</ymin>
			<xmax>317</xmax>
			<ymax>325</ymax>
		</bndbox>
	</object>
	<object>
		<name>dish</name>
		<bndbox>
			<xmin>161</xmin>
			<ymin>55</ymin>
			<xmax>569</xmax>
			<ymax>237</ymax>
		</bndbox>
	</object>
	<object>
		<name>삼선볶음밥</name>
		<bndbox>
			<xmin>317</xmin>
			<ymin>90</ymin>
			<xmax>520</xmax>
			<ymax>217</ymax>
		</bndbox>
	</object>
</annotation>