<annotation>
	<folder>side볶음밥류접시삼선볶음밥q2</folder>
	<filename>side_볶음밥류_접시_삼선볶음밥_Q2_00052.JPG</filename>
	<path>/side볶음밥류접시삼선볶음밥q2/side_볶음밥류_접시_삼선볶음밥_Q2_00052.JPG</path>
	<source>
		<database>fooddata</database>
	</source>
	<size>
		<width>720</width>
		<height>480</height>
		<depth>3</depth>
	</size>
	<object>
		<name>ref_spoon</name>
		<bndbox>
			<xmin>173</xmin>
			<ymin>396</ymin>
			<xmax>284</xmax>
			<ymax>451</ymax>
		</bndbox>
	</object>
	<object>
		<name>ref_fork</name>
		<bndbox>
			<xmin>190</xmin>
			<ymin>344</ymin>
			<xmax>302</xmax>
			<ymax>386</ymax>
		</bndbox>
	</object>
	<object>
		<name>ref_coin</name>
		<bndbox>
			<xmin>616</xmin>
			<ymin>208</ymin>
			<xmax>663</xmax>
			<ymax>243</ymax>
		</bndbox>
	</object>
	<object>
		<name>dish</name>
		<bndbox>
			<xmin>167</xmin>
			<ymin>101</ymin>
			<xmax>587</xmax>
			<ymax>282</ymax>
		</bndbox>
	</object>
	<object>
		<name>삼선볶음밥</name>
		<bndbox>
			<xmin>242</xmin>
			<ymin>122</ymin>
			<xmax>503</xmax>
			<ymax>267</ymax>
		</bndbox>
	</object>
</annotation>