<annotation>
	<folder>top볶음밥류접시삼선볶음밥q2</folder>
	<filename>top_볶음밥류_접시_삼선볶음밥_Q2_00039.JPG</filename>
	<path>/top볶음밥류접시삼선볶음밥q2/top_볶음밥류_접시_삼선볶음밥_Q2_00039.JPG</path>
	<source>
		<database>fooddata</database>
	</source>
	<size>
		<width>720</width>
		<height>480</height>
		<depth>3</depth>
	</size>
	<object>
		<name>ref_spoon</name>
		<bndbox>
			<xmin>229</xmin>
			<ymin>303</ymin>
			<xmax>318</xmax>
			<ymax>356</ymax>
		</bndbox>
	</object>
	<object>
		<name>ref_fork</name>
		<bndbox>
			<xmin>247</xmin>
			<ymin>377</ymin>
			<xmax>342</xmax>
			<ymax>415</ymax>
		</bndbox>
	</object>
	<object>
		<name>ref_coin</name>
		<bndbox>
			<xmin>315</xmin>
			<ymin>36</ymin>
			<xmax>352</xmax>
			<ymax>71</ymax>
		</bndbox>
	</object>
	<object>
		<name>dish</name>
		<bndbox>
			<xmin>205</xmin>
			<ymin>86</ymin>
			<xmax>571</xmax>
			<ymax>293</ymax>
		</bndbox>
	</object>
	<object>
		<name>삼선볶음밥</name>
		<bndbox>
			<xmin>270</xmin>
			<ymin>116</ymin>
			<xmax>515</xmax>
			<ymax>275</ymax>
		</bndbox>
	</object>
</annotation>