<annotation>
	<folder>top볶음밥류접시삼선볶음밥q2</folder>
	<filename>top_볶음밥류_접시_삼선볶음밥_Q2_00028.JPG</filename>
	<path>/top볶음밥류접시삼선볶음밥q2/top_볶음밥류_접시_삼선볶음밥_Q2_00028.JPG</path>
	<source>
		<database>fooddata</database>
	</source>
	<size>
		<width>720</width>
		<height>480</height>
		<depth>3</depth>
	</size>
	<object>
		<name>ref_spoon</name>
		<bndbox>
			<xmin>236</xmin>
			<ymin>314</ymin>
			<xmax>323</xmax>
			<ymax>368</ymax>
		</bndbox>
	</object>
	<object>
		<name>ref_fork</name>
		<bndbox>
			<xmin>253</xmin>
			<ymin>392</ymin>
			<xmax>343</xmax>
			<ymax>427</ymax>
		</bndbox>
	</object>
	<object>
		<name>ref_coin</name>
		<bndbox>
			<xmin>448</xmin>
			<ymin>266</ymin>
			<xmax>489</xmax>
			<ymax>304</ymax>
		</bndbox>
	</object>
	<object>
		<name>dish</name>
		<bndbox>
			<xmin>204</xmin>
			<ymin>44</ymin>
			<xmax>571</xmax>
			<ymax>254</ymax>
		</bndbox>
	</object>
	<object>
		<name>삼선볶음밥</name>
		<bndbox>
			<xmin>274</xmin>
			<ymin>80</ymin>
			<xmax>510</xmax>
			<ymax>229</ymax>
		</bndbox>
	</object>
</annotation>