<annotation>
	<folder>top볶음밥류접시삼선볶음밥q2</folder>
	<filename>top_볶음밥류_접시_삼선볶음밥_Q2_00007.JPG</filename>
	<path>/top볶음밥류접시삼선볶음밥q2/top_볶음밥류_접시_삼선볶음밥_Q2_00007.JPG</path>
	<source>
		<database>fooddata</database>
	</source>
	<size>
		<width>720</width>
		<height>480</height>
		<depth>3</depth>
	</size>
	<object>
		<name>ref_spoon</name>
		<bndbox>
			<xmin>514</xmin>
			<ymin>61</ymin>
			<xmax>567</xmax>
			<ymax>156</ymax>
		</bndbox>
	</object>
	<object>
		<name>ref_fork</name>
		<bndbox>
			<xmin>592</xmin>
			<ymin>77</ymin>
			<xmax>628</xmax>
			<ymax>177</ymax>
		</bndbox>
	</object>
	<object>
		<name>ref_coin</name>
		<bndbox>
			<xmin>195</xmin>
			<ymin>93</ymin>
			<xmax>234</xmax>
			<ymax>131</ymax>
		</bndbox>
	</object>
	<object>
		<name>dish</name>
		<bndbox>
			<xmin>205</xmin>
			<ymin>54</ymin>
			<xmax>476</xmax>
			<ymax>437</ymax>
		</bndbox>
	</object>
	<object>
		<name>삼선볶음밥</name>
		<bndbox>
			<xmin>252</xmin>
			<ymin>100</ymin>
			<xmax>424</xmax>
			<ymax>360</ymax>
		</bndbox>
	</object>
</annotation>