<annotation>
	<folder>top볶음밥류접시삼선볶음밥q2</folder>
	<filename>top_볶음밥류_접시_삼선볶음밥_Q2_00050.JPG</filename>
	<path>/top볶음밥류접시삼선볶음밥q2/top_볶음밥류_접시_삼선볶음밥_Q2_00050.JPG</path>
	<source>
		<database>fooddata</database>
	</source>
	<size>
		<width>720</width>
		<height>480</height>
		<depth>3</depth>
	</size>
	<object>
		<name>ref_spoon</name>
		<bndbox>
			<xmin>218</xmin>
			<ymin>304</ymin>
			<xmax>318</xmax>
			<ymax>362</ymax>
		</bndbox>
	</object>
	<object>
		<name>ref_fork</name>
		<bndbox>
			<xmin>240</xmin>
			<ymin>383</ymin>
			<xmax>341</xmax>
			<ymax>423</ymax>
		</bndbox>
	</object>
	<object>
		<name>ref_coin</name>
		<bndbox>
			<xmin>530</xmin>
			<ymin>228</ymin>
			<xmax>571</xmax>
			<ymax>268</ymax>
		</bndbox>
	</object>
	<object>
		<name>dish</name>
		<bndbox>
			<xmin>181</xmin>
			<ymin>28</ymin>
			<xmax>571</xmax>
			<ymax>251</ymax>
		</bndbox>
	</object>
	<object>
		<name>삼선볶음밥</name>
		<bndbox>
			<xmin>229</xmin>
			<ymin>50</ymin>
			<xmax>512</xmax>
			<ymax>234</ymax>
		</bndbox>
	</object>
</annotation>