<annotation>
	<folder>top볶음밥류접시삼선볶음밥q2</folder>
	<filename>top_볶음밥류_접시_삼선볶음밥_Q2_00048.JPG</filename>
	<path>/top볶음밥류접시삼선볶음밥q2/top_볶음밥류_접시_삼선볶음밥_Q2_00048.JPG</path>
	<source>
		<database>fooddata</database>
	</source>
	<size>
		<width>720</width>
		<height>480</height>
		<depth>3</depth>
	</size>
	<object>
		<name>ref_spoon</name>
		<bndbox>
			<xmin>215</xmin>
			<ymin>310</ymin>
			<xmax>312</xmax>
			<ymax>369</ymax>
		</bndbox>
	</object>
	<object>
		<name>ref_fork</name>
		<bndbox>
			<xmin>236</xmin>
			<ymin>390</ymin>
			<xmax>339</xmax>
			<ymax>430</ymax>
		</bndbox>
	</object>
	<object>
		<name>ref_coin</name>
		<bndbox>
			<xmin>424</xmin>
			<ymin>272</ymin>
			<xmax>463</xmax>
			<ymax>310</ymax>
		</bndbox>
	</object>
	<object>
		<name>dish</name>
		<bndbox>
			<xmin>183</xmin>
			<ymin>35</ymin>
			<xmax>573</xmax>
			<ymax>258</ymax>
		</bndbox>
	</object>
	<object>
		<name>삼선볶음밥</name>
		<bndbox>
			<xmin>230</xmin>
			<ymin>57</ymin>
			<xmax>512</xmax>
			<ymax>239</ymax>
		</bndbox>
	</object>
</annotation>