<annotation>
	<folder>top볶음밥류접시삼선볶음밥q2</folder>
	<filename>top_볶음밥류_접시_삼선볶음밥_Q2_00003.JPG</filename>
	<path>/top볶음밥류접시삼선볶음밥q2/top_볶음밥류_접시_삼선볶음밥_Q2_00003.JPG</path>
	<source>
		<database>fooddata</database>
	</source>
	<size>
		<width>720</width>
		<height>480</height>
		<depth>3</depth>
	</size>
	<object>
		<name>ref_spoon</name>
		<bndbox>
			<xmin>517</xmin>
			<ymin>54</ymin>
			<xmax>576</xmax>
			<ymax>151</ymax>
		</bndbox>
	</object>
	<object>
		<name>ref_fork</name>
		<bndbox>
			<xmin>602</xmin>
			<ymin>73</ymin>
			<xmax>643</xmax>
			<ymax>174</ymax>
		</bndbox>
	</object>
	<object>
		<name>ref_coin</name>
		<bndbox>
			<xmin>253</xmin>
			<ymin>385</ymin>
			<xmax>298</xmax>
			<ymax>431</ymax>
		</bndbox>
	</object>
	<object>
		<name>dish</name>
		<bndbox>
			<xmin>124</xmin>
			<ymin>53</ymin>
			<xmax>519</xmax>
			<ymax>380</ymax>
		</bndbox>
	</object>
	<object>
		<name>삼선볶음밥</name>
		<bndbox>
			<xmin>167</xmin>
			<ymin>128</ymin>
			<xmax>427</xmax>
			<ymax>323</ymax>
		</bndbox>
	</object>
</annotation>