<annotation>
	<folder>top볶음밥류접시삼선볶음밥q2</folder>
	<filename>top_볶음밥류_접시_삼선볶음밥_Q2_00047.JPG</filename>
	<path>/top볶음밥류접시삼선볶음밥q2/top_볶음밥류_접시_삼선볶음밥_Q2_00047.JPG</path>
	<source>
		<database>fooddata</database>
	</source>
	<size>
		<width>720</width>
		<height>480</height>
		<depth>3</depth>
	</size>
	<object>
		<name>ref_spoon</name>
		<bndbox>
			<xmin>218</xmin>
			<ymin>311</ymin>
			<xmax>320</xmax>
			<ymax>369</ymax>
		</bndbox>
	</object>
	<object>
		<name>ref_fork</name>
		<bndbox>
			<xmin>240</xmin>
			<ymin>392</ymin>
			<xmax>344</xmax>
			<ymax>432</ymax>
		</bndbox>
	</object>
	<object>
		<name>ref_coin</name>
		<bndbox>
			<xmin>402</xmin>
			<ymin>275</ymin>
			<xmax>442</xmax>
			<ymax>315</ymax>
		</bndbox>
	</object>
	<object>
		<name>dish</name>
		<bndbox>
			<xmin>188</xmin>
			<ymin>38</ymin>
			<xmax>581</xmax>
			<ymax>259</ymax>
		</bndbox>
	</object>
	<object>
		<name>삼선볶음밥</name>
		<bndbox>
			<xmin>236</xmin>
			<ymin>58</ymin>
			<xmax>519</xmax>
			<ymax>244</ymax>
		</bndbox>
	</object>
</annotation>