<annotation>
	<folder>top볶음밥류접시삼선볶음밥q2</folder>
	<filename>top_볶음밥류_접시_삼선볶음밥_Q2_00009.JPG</filename>
	<path>/top볶음밥류접시삼선볶음밥q2/top_볶음밥류_접시_삼선볶음밥_Q2_00009.JPG</path>
	<source>
		<database>fooddata</database>
	</source>
	<size>
		<width>720</width>
		<height>480</height>
		<depth>3</depth>
	</size>
	<object>
		<name>ref_spoon</name>
		<bndbox>
			<xmin>507</xmin>
			<ymin>56</ymin>
			<xmax>562</xmax>
			<ymax>149</ymax>
		</bndbox>
	</object>
	<object>
		<name>ref_fork</name>
		<bndbox>
			<xmin>586</xmin>
			<ymin>74</ymin>
			<xmax>622</xmax>
			<ymax>169</ymax>
		</bndbox>
	</object>
	<object>
		<name>ref_coin</name>
		<bndbox>
			<xmin>370</xmin>
			<ymin>46</ymin>
			<xmax>408</xmax>
			<ymax>82</ymax>
		</bndbox>
	</object>
	<object>
		<name>dish</name>
		<bndbox>
			<xmin>151</xmin>
			<ymin>124</ymin>
			<xmax>533</xmax>
			<ymax>407</ymax>
		</bndbox>
	</object>
	<object>
		<name>삼선볶음밥</name>
		<bndbox>
			<xmin>227</xmin>
			<ymin>154</ymin>
			<xmax>487</xmax>
			<ymax>339</ymax>
		</bndbox>
	</object>
</annotation>