<annotation>
	<folder>top볶음밥류접시삼선볶음밥q2</folder>
	<filename>top_볶음밥류_접시_삼선볶음밥_Q2_00002.JPG</filename>
	<path>/top볶음밥류접시삼선볶음밥q2/top_볶음밥류_접시_삼선볶음밥_Q2_00002.JPG</path>
	<source>
		<database>fooddata</database>
	</source>
	<size>
		<width>720</width>
		<height>480</height>
		<depth>3</depth>
	</size>
	<object>
		<name>ref_spoon</name>
		<bndbox>
			<xmin>517</xmin>
			<ymin>40</ymin>
			<xmax>578</xmax>
			<ymax>137</ymax>
		</bndbox>
	</object>
	<object>
		<name>ref_fork</name>
		<bndbox>
			<xmin>604</xmin>
			<ymin>57</ymin>
			<xmax>646</xmax>
			<ymax>164</ymax>
		</bndbox>
	</object>
	<object>
		<name>ref_coin</name>
		<bndbox>
			<xmin>355</xmin>
			<ymin>380</ymin>
			<xmax>402</xmax>
			<ymax>426</ymax>
		</bndbox>
	</object>
	<object>
		<name>dish</name>
		<bndbox>
			<xmin>76</xmin>
			<ymin>77</ymin>
			<xmax>507</xmax>
			<ymax>355</ymax>
		</bndbox>
	</object>
	<object>
		<name>삼선볶음밥</name>
		<bndbox>
			<xmin>130</xmin>
			<ymin>137</ymin>
			<xmax>427</xmax>
			<ymax>315</ymax>
		</bndbox>
	</object>
</annotation>