<annotation>
	<folder>side국류뚝배기순대국q1</folder>
	<filename>side_국류_뚝배기_순대국_Q1_00029.JPG</filename>
	<path>/side국류뚝배기순대국q1/side_국류_뚝배기_순대국_Q1_00029.JPG</path>
	<source>
		<database>fooddata</database>
	</source>
	<size>
		<width>720</width>
		<height>480</height>
		<depth>3</depth>
	</size>
	<object>
		<name>ref_spoon</name>
		<bndbox>
			<xmin>207</xmin>
			<ymin>344</ymin>
			<xmax>299</xmax>
			<ymax>395</ymax>
		</bndbox>
	</object>
	<object>
		<name>ref_fork</name>
		<bndbox>
			<xmin>209</xmin>
			<ymin>303</ymin>
			<xmax>316</xmax>
			<ymax>343</ymax>
		</bndbox>
	</object>
	<object>
		<name>ref_coin</name>
		<bndbox>
			<xmin>348</xmin>
			<ymin>399</ymin>
			<xmax>389</xmax>
			<ymax>436</ymax>
		</bndbox>
	</object>
	<object>
		<name>dish</name>
		<bndbox>
			<xmin>255</xmin>
			<ymin>42</ymin>
			<xmax>513</xmax>
			<ymax>268</ymax>
		</bndbox>
	</object>
	<object>
		<name>순대국</name>
		<bndbox>
			<xmin>302</xmin>
			<ymin>128</ymin>
			<xmax>470</xmax>
			<ymax>204</ymax>
		</bndbox>
	</object>
</annotation>