<annotation>
	<folder>side국류뚝배기순대국q1</folder>
	<filename>side_국류_뚝배기_순대국_Q1_00034.JPG</filename>
	<path>/side국류뚝배기순대국q1/side_국류_뚝배기_순대국_Q1_00034.JPG</path>
	<source>
		<database>fooddata</database>
	</source>
	<size>
		<width>720</width>
		<height>480</height>
		<depth>3</depth>
	</size>
	<object>
		<name>ref_spoon</name>
		<bndbox>
			<xmin>161</xmin>
			<ymin>134</ymin>
			<xmax>223</xmax>
			<ymax>222</ymax>
		</bndbox>
	</object>
	<object>
		<name>ref_fork</name>
		<bndbox>
			<xmin>234</xmin>
			<ymin>136</ymin>
			<xmax>275</xmax>
			<ymax>235</ymax>
		</bndbox>
	</object>
	<object>
		<name>ref_coin</name>
		<bndbox>
			<xmin>408</xmin>
			<ymin>396</ymin>
			<xmax>457</xmax>
			<ymax>436</ymax>
		</bndbox>
	</object>
	<object>
		<name>dish</name>
		<bndbox>
			<xmin>320</xmin>
			<ymin>55</ymin>
			<xmax>646</xmax>
			<ymax>338</ymax>
		</bndbox>
	</object>
	<object>
		<name>순대국</name>
		<bndbox>
			<xmin>375</xmin>
			<ymin>156</ymin>
			<xmax>585</xmax>
			<ymax>258</ymax>
		</bndbox>
	</object>
</annotation>