<annotation>
	<folder>side국류뚝배기순대국q1</folder>
	<filename>side_국류_뚝배기_순대국_Q1_00015.JPG</filename>
	<path>/side국류뚝배기순대국q1/side_국류_뚝배기_순대국_Q1_00015.JPG</path>
	<source>
		<database>fooddata</database>
	</source>
	<size>
		<width>720</width>
		<height>480</height>
		<depth>3</depth>
	</size>
	<object>
		<name>ref_spoon</name>
		<bndbox>
			<xmin>494</xmin>
			<ymin>117</ymin>
			<xmax>560</xmax>
			<ymax>208</ymax>
		</bndbox>
	</object>
	<object>
		<name>ref_fork</name>
		<bndbox>
			<xmin>583</xmin>
			<ymin>138</ymin>
			<xmax>632</xmax>
			<ymax>241</ymax>
		</bndbox>
	</object>
	<object>
		<name>ref_coin</name>
		<bndbox>
			<xmin>237</xmin>
			<ymin>403</ymin>
			<xmax>289</xmax>
			<ymax>448</ymax>
		</bndbox>
	</object>
	<object>
		<name>dish</name>
		<bndbox>
			<xmin>137</xmin>
			<ymin>37</ymin>
			<xmax>487</xmax>
			<ymax>341</ymax>
		</bndbox>
	</object>
	<object>
		<name>순대국</name>
		<bndbox>
			<xmin>196</xmin>
			<ymin>143</ymin>
			<xmax>424</xmax>
			<ymax>254</ymax>
		</bndbox>
	</object>
</annotation>