<annotation>
	<folder>side국류뚝배기순대국q1</folder>
	<filename>side_국류_뚝배기_순대국_Q1_00046.JPG</filename>
	<path>/side국류뚝배기순대국q1/side_국류_뚝배기_순대국_Q1_00046.JPG</path>
	<source>
		<database>fooddata</database>
	</source>
	<size>
		<width>720</width>
		<height>480</height>
		<depth>3</depth>
	</size>
	<object>
		<name>ref_spoon</name>
		<bndbox>
			<xmin>125</xmin>
			<ymin>229</ymin>
			<xmax>188</xmax>
			<ymax>323</ymax>
		</bndbox>
	</object>
	<object>
		<name>ref_fork</name>
		<bndbox>
			<xmin>200</xmin>
			<ymin>228</ymin>
			<xmax>242</xmax>
			<ymax>327</ymax>
		</bndbox>
	</object>
	<object>
		<name>ref_coin</name>
		<bndbox>
			<xmin>374</xmin>
			<ymin>85</ymin>
			<xmax>414</xmax>
			<ymax>116</ymax>
		</bndbox>
	</object>
	<object>
		<name>dish</name>
		<bndbox>
			<xmin>287</xmin>
			<ymin>146</ymin>
			<xmax>617</xmax>
			<ymax>433</ymax>
		</bndbox>
	</object>
	<object>
		<name>순대국</name>
		<bndbox>
			<xmin>342</xmin>
			<ymin>221</ymin>
			<xmax>555</xmax>
			<ymax>351</ymax>
		</bndbox>
	</object>
</annotation>