<annotation>
	<folder>side국류뚝배기순대국q1</folder>
	<filename>side_국류_뚝배기_순대국_Q1_00044.JPG</filename>
	<path>/side국류뚝배기순대국q1/side_국류_뚝배기_순대국_Q1_00044.JPG</path>
	<source>
		<database>fooddata</database>
	</source>
	<size>
		<width>720</width>
		<height>480</height>
		<depth>3</depth>
	</size>
	<object>
		<name>ref_spoon</name>
		<bndbox>
			<xmin>86</xmin>
			<ymin>255</ymin>
			<xmax>148</xmax>
			<ymax>368</ymax>
		</bndbox>
	</object>
	<object>
		<name>ref_fork</name>
		<bndbox>
			<xmin>161</xmin>
			<ymin>254</ymin>
			<xmax>203</xmax>
			<ymax>354</ymax>
		</bndbox>
	</object>
	<object>
		<name>ref_coin</name>
		<bndbox>
			<xmin>480</xmin>
			<ymin>143</ymin>
			<xmax>523</xmax>
			<ymax>173</ymax>
		</bndbox>
	</object>
	<object>
		<name>dish</name>
		<bndbox>
			<xmin>249</xmin>
			<ymin>175</ymin>
			<xmax>575</xmax>
			<ymax>461</ymax>
		</bndbox>
	</object>
	<object>
		<name>순대국</name>
		<bndbox>
			<xmin>302</xmin>
			<ymin>241</ymin>
			<xmax>515</xmax>
			<ymax>379</ymax>
		</bndbox>
	</object>
</annotation>