<annotation>
	<folder>side국류뚝배기순대국q1</folder>
	<filename>side_국류_뚝배기_순대국_Q1_00037.JPG</filename>
	<path>/side국류뚝배기순대국q1/side_국류_뚝배기_순대국_Q1_00037.JPG</path>
	<source>
		<database>fooddata</database>
	</source>
	<size>
		<width>720</width>
		<height>480</height>
		<depth>3</depth>
	</size>
	<object>
		<name>ref_spoon</name>
		<bndbox>
			<xmin>121</xmin>
			<ymin>149</ymin>
			<xmax>183</xmax>
			<ymax>239</ymax>
		</bndbox>
	</object>
	<object>
		<name>ref_fork</name>
		<bndbox>
			<xmin>194</xmin>
			<ymin>148</ymin>
			<xmax>237</xmax>
			<ymax>249</ymax>
		</bndbox>
	</object>
	<object>
		<name>ref_coin</name>
		<bndbox>
			<xmin>578</xmin>
			<ymin>369</ymin>
			<xmax>627</xmax>
			<ymax>410</ymax>
		</bndbox>
	</object>
	<object>
		<name>dish</name>
		<bndbox>
			<xmin>281</xmin>
			<ymin>62</ymin>
			<xmax>609</xmax>
			<ymax>347</ymax>
		</bndbox>
	</object>
	<object>
		<name>순대국</name>
		<bndbox>
			<xmin>335</xmin>
			<ymin>145</ymin>
			<xmax>554</xmax>
			<ymax>267</ymax>
		</bndbox>
	</object>
</annotation>