<annotation>
	<folder>side국류뚝배기순대국q1</folder>
	<filename>side_국류_뚝배기_순대국_Q1_00006.JPG</filename>
	<path>/side국류뚝배기순대국q1/side_국류_뚝배기_순대국_Q1_00006.JPG</path>
	<source>
		<database>fooddata</database>
	</source>
	<size>
		<width>5472</width>
		<height>3648</height>
		<depth>3</depth>
	</size>
	<object>
		<name>ref_spoon</name>
		<bndbox>
			<xmin>4013</xmin>
			<ymin>1125</ymin>
			<xmax>4515</xmax>
			<ymax>1806</ymax>
		</bndbox>
	</object>
	<object>
		<name>ref_fork</name>
		<bndbox>
			<xmin>4712</xmin>
			<ymin>1349</ymin>
			<xmax>5071</xmax>
			<ymax>2165</ymax>
		</bndbox>
	</object>
	<object>
		<name>ref_coin</name>
		<bndbox>
			<xmin>410</xmin>
			<ymin>2680</ymin>
			<xmax>818</xmax>
			<ymax>2998</ymax>
		</bndbox>
	</object>
	<object>
		<name>dish</name>
		<bndbox>
			<xmin>916</xmin>
			<ymin>394</ymin>
			<xmax>3722</xmax>
			<ymax>2792</ymax>
		</bndbox>
	</object>
	<object>
		<name>순대국</name>
		<bndbox>
			<xmin>1414</xmin>
			<ymin>1286</ymin>
			<xmax>3220</xmax>
			<ymax>2079</ymax>
		</bndbox>
	</object>
</annotation>