<annotation>
	<folder>side국류뚝배기순대국q1</folder>
	<filename>side_국류_뚝배기_순대국_Q1_00008.JPG</filename>
	<path>/side국류뚝배기순대국q1/side_국류_뚝배기_순대국_Q1_00008.JPG</path>
	<source>
		<database>fooddata</database>
	</source>
	<size>
		<width>5472</width>
		<height>3648</height>
		<depth>3</depth>
	</size>
	<object>
		<name>ref_spoon</name>
		<bndbox>
			<xmin>4148</xmin>
			<ymin>1304</ymin>
			<xmax>4659</xmax>
			<ymax>2017</ymax>
		</bndbox>
	</object>
	<object>
		<name>ref_fork</name>
		<bndbox>
			<xmin>4838</xmin>
			<ymin>1524</ymin>
			<xmax>5210</xmax>
			<ymax>2348</ymax>
		</bndbox>
	</object>
	<object>
		<name>ref_coin</name>
		<bndbox>
			<xmin>217</xmin>
			<ymin>1918</ymin>
			<xmax>616</xmax>
			<ymax>2214</ymax>
		</bndbox>
	</object>
	<object>
		<name>dish</name>
		<bndbox>
			<xmin>1136</xmin>
			<ymin>636</ymin>
			<xmax>3910</xmax>
			<ymax>3056</ymax>
		</bndbox>
	</object>
	<object>
		<name>순대국</name>
		<bndbox>
			<xmin>1611</xmin>
			<ymin>1519</ymin>
			<xmax>3422</xmax>
			<ymax>2366</ymax>
		</bndbox>
	</object>
</annotation>