<annotation>
	<folder>side국류뚝배기순대국q1</folder>
	<filename>side_국류_뚝배기_순대국_Q1_00045.JPG</filename>
	<path>/side국류뚝배기순대국q1/side_국류_뚝배기_순대국_Q1_00045.JPG</path>
	<source>
		<database>fooddata</database>
	</source>
	<size>
		<width>720</width>
		<height>480</height>
		<depth>3</depth>
	</size>
	<object>
		<name>ref_spoon</name>
		<bndbox>
			<xmin>106</xmin>
			<ymin>212</ymin>
			<xmax>169</xmax>
			<ymax>322</ymax>
		</bndbox>
	</object>
	<object>
		<name>ref_fork</name>
		<bndbox>
			<xmin>180</xmin>
			<ymin>211</ymin>
			<xmax>226</xmax>
			<ymax>311</ymax>
		</bndbox>
	</object>
	<object>
		<name>ref_coin</name>
		<bndbox>
			<xmin>421</xmin>
			<ymin>67</ymin>
			<xmax>461</xmax>
			<ymax>98</ymax>
		</bndbox>
	</object>
	<object>
		<name>dish</name>
		<bndbox>
			<xmin>272</xmin>
			<ymin>126</ymin>
			<xmax>598</xmax>
			<ymax>413</ymax>
		</bndbox>
	</object>
	<object>
		<name>순대국</name>
		<bndbox>
			<xmin>326</xmin>
			<ymin>186</ymin>
			<xmax>537</xmax>
			<ymax>332</ymax>
		</bndbox>
	</object>
</annotation>