<annotation>
	<folder>top국류뚝배기순대국q1</folder>
	<filename>top_국류_뚝배기_순대국_Q1_00007.JPG</filename>
	<path>/top국류뚝배기순대국q1/top_국류_뚝배기_순대국_Q1_00007.JPG</path>
	<source>
		<database>fooddata</database>
	</source>
	<size>
		<width>5472</width>
		<height>3648</height>
		<depth>3</depth>
	</size>
	<object>
		<name>ref_spoon</name>
		<bndbox>
			<xmin>3830</xmin>
			<ymin>533</ymin>
			<xmax>4287</xmax>
			<ymax>1349</ymax>
		</bndbox>
	</object>
	<object>
		<name>ref_fork</name>
		<bndbox>
			<xmin>4408</xmin>
			<ymin>542</ymin>
			<xmax>4730</xmax>
			<ymax>1318</ymax>
		</bndbox>
	</object>
	<object>
		<name>ref_coin</name>
		<bndbox>
			<xmin>491</xmin>
			<ymin>1183</ymin>
			<xmax>831</xmax>
			<ymax>1510</ymax>
		</bndbox>
	</object>
	<object>
		<name>dish</name>
		<bndbox>
			<xmin>1132</xmin>
			<ymin>435</ymin>
			<xmax>3785</xmax>
			<ymax>3043</ymax>
		</bndbox>
	</object>
	<object>
		<name>순대국</name>
		<bndbox>
			<xmin>1678</xmin>
			<ymin>1049</ymin>
			<xmax>3265</xmax>
			<ymax>2563</ymax>
		</bndbox>
	</object>
</annotation>