<annotation>
	<folder>top국류뚝배기순대국q1</folder>
	<filename>top_국류_뚝배기_순대국_Q1_00015.JPG</filename>
	<path>/top국류뚝배기순대국q1/top_국류_뚝배기_순대국_Q1_00015.JPG</path>
	<source>
		<database>fooddata</database>
	</source>
	<size>
		<width>5472</width>
		<height>3648</height>
		<depth>3</depth>
	</size>
	<object>
		<name>ref_spoon</name>
		<bndbox>
			<xmin>3659</xmin>
			<ymin>475</ymin>
			<xmax>4112</xmax>
			<ymax>1286</ymax>
		</bndbox>
	</object>
	<object>
		<name>ref_fork</name>
		<bndbox>
			<xmin>4255</xmin>
			<ymin>448</ymin>
			<xmax>4538</xmax>
			<ymax>1313</ymax>
		</bndbox>
	</object>
	<object>
		<name>ref_coin</name>
		<bndbox>
			<xmin>4806</xmin>
			<ymin>2425</ymin>
			<xmax>5138</xmax>
			<ymax>2756</ymax>
		</bndbox>
	</object>
	<object>
		<name>dish</name>
		<bndbox>
			<xmin>818</xmin>
			<ymin>435</ymin>
			<xmax>3444</xmax>
			<ymax>3016</ymax>
		</bndbox>
	</object>
	<object>
		<name>순대국</name>
		<bndbox>
			<xmin>1374</xmin>
			<ymin>1040</ymin>
			<xmax>2960</xmax>
			<ymax>2572</ymax>
		</bndbox>
	</object>
</annotation>