<annotation>
	<folder>top국류뚝배기순대국q1</folder>
	<filename>top_국류_뚝배기_순대국_Q1_00033.JPG</filename>
	<path>/top국류뚝배기순대국q1/top_국류_뚝배기_순대국_Q1_00033.JPG</path>
	<source>
		<database>fooddata</database>
	</source>
	<size>
		<width>5472</width>
		<height>3648</height>
		<depth>3</depth>
	</size>
	<object>
		<name>ref_spoon</name>
		<bndbox>
			<xmin>1217</xmin>
			<ymin>533</ymin>
			<xmax>1660</xmax>
			<ymax>1336</ymax>
		</bndbox>
	</object>
	<object>
		<name>ref_fork</name>
		<bndbox>
			<xmin>1853</xmin>
			<ymin>641</ymin>
			<xmax>2144</xmax>
			<ymax>1434</ymax>
		</bndbox>
	</object>
	<object>
		<name>ref_coin</name>
		<bndbox>
			<xmin>3014</xmin>
			<ymin>2761</ymin>
			<xmax>3345</xmax>
			<ymax>3097</ymax>
		</bndbox>
	</object>
	<object>
		<name>dish</name>
		<bndbox>
			<xmin>2176</xmin>
			<ymin>229</ymin>
			<xmax>4730</xmax>
			<ymax>2752</ymax>
		</bndbox>
	</object>
	<object>
		<name>순대국</name>
		<bndbox>
			<xmin>2624</xmin>
			<ymin>834</ymin>
			<xmax>4107</xmax>
			<ymax>2263</ymax>
		</bndbox>
	</object>
</annotation>