<annotation>
	<folder>top국류뚝배기순대국q1</folder>
	<filename>top_국류_뚝배기_순대국_Q1_00053.JPG</filename>
	<path>/top국류뚝배기순대국q1/top_국류_뚝배기_순대국_Q1_00053.JPG</path>
	<source>
		<database>fooddata</database>
	</source>
	<size>
		<width>5472</width>
		<height>3648</height>
		<depth>3</depth>
	</size>
	<object>
		<name>ref_spoon</name>
		<bndbox>
			<xmin>1275</xmin>
			<ymin>1089</ymin>
			<xmax>1692</xmax>
			<ymax>1820</ymax>
		</bndbox>
	</object>
	<object>
		<name>ref_fork</name>
		<bndbox>
			<xmin>1858</xmin>
			<ymin>1174</ymin>
			<xmax>2140</xmax>
			<ymax>1905</ymax>
		</bndbox>
	</object>
	<object>
		<name>ref_coin</name>
		<bndbox>
			<xmin>2727</xmin>
			<ymin>251</ymin>
			<xmax>3018</xmax>
			<ymax>533</ymax>
		</bndbox>
	</object>
	<object>
		<name>dish</name>
		<bndbox>
			<xmin>2207</xmin>
			<ymin>802</ymin>
			<xmax>4636</xmax>
			<ymax>3200</ymax>
		</bndbox>
	</object>
	<object>
		<name>순대국</name>
		<bndbox>
			<xmin>2664</xmin>
			<ymin>1183</ymin>
			<xmax>4089</xmax>
			<ymax>2689</ymax>
		</bndbox>
	</object>
</annotation>