<annotation>
	<folder>top국류뚝배기순대국q1</folder>
	<filename>top_국류_뚝배기_순대국_Q1_00020.JPG</filename>
	<path>/top국류뚝배기순대국q1/top_국류_뚝배기_순대국_Q1_00020.JPG</path>
	<source>
		<database>fooddata</database>
	</source>
	<size>
		<width>5472</width>
		<height>3648</height>
		<depth>3</depth>
	</size>
	<object>
		<name>ref_spoon</name>
		<bndbox>
			<xmin>1674</xmin>
			<ymin>2895</ymin>
			<xmax>2400</xmax>
			<ymax>3343</ymax>
		</bndbox>
	</object>
	<object>
		<name>ref_fork</name>
		<bndbox>
			<xmin>1777</xmin>
			<ymin>2505</ymin>
			<xmax>2566</xmax>
			<ymax>2797</ymax>
		</bndbox>
	</object>
	<object>
		<name>ref_coin</name>
		<bndbox>
			<xmin>4228</xmin>
			<ymin>1089</ymin>
			<xmax>4542</xmax>
			<ymax>1376</ymax>
		</bndbox>
	</object>
	<object>
		<name>dish</name>
		<bndbox>
			<xmin>1705</xmin>
			<ymin>184</ymin>
			<xmax>4031</xmax>
			<ymax>2474</ymax>
		</bndbox>
	</object>
	<object>
		<name>순대국</name>
		<bndbox>
			<xmin>2185</xmin>
			<ymin>744</ymin>
			<xmax>3632</xmax>
			<ymax>2039</ymax>
		</bndbox>
	</object>
</annotation>