<annotation>
	<folder>rework190files</folder>
	<filename>top_국류_뚝배기_순대국_Q1_00043.JPG</filename>
	<path>/top국류뚝배기순대국q1/top_국류_뚝배기_순대국_Q1_00043.JPG</path>
	<source>
		<database>fooddata</database>
	</source>
	<size>
		<width>5472</width>
		<height>3648</height>
		<depth>3</depth>
	</size>
	<object>
		<name>ref_spoon</name>
		<bndbox>
			<xmin>1174</xmin>
			<ymin>978</ymin>
			<xmax>1608</xmax>
			<ymax>1708</ymax>
		</bndbox>
	</object>
	<object>
		<name>ref_fork</name>
		<bndbox>
			<xmin>1756</xmin>
			<ymin>1080</ymin>
			<xmax>2070</xmax>
			<ymax>1838</ymax>
		</bndbox>
	</object>
	<object>
		<name>ref_coin</name>
		<bndbox>
			<xmin>2801</xmin>
			<ymin>396</ymin>
			<xmax>3124</xmax>
			<ymax>710</ymax>
		</bndbox>
	</object>
	<object>
		<name>dish</name>
		<bndbox>
			<xmin>2117</xmin>
			<ymin>692</ymin>
			<xmax>4566</xmax>
			<ymax>3132</ymax>
		</bndbox>
	</object>
	<object>
		<name>순대국</name>
		<bndbox>
			<xmin>2514</xmin>
			<ymin>1209</ymin>
			<xmax>4086</xmax>
			<ymax>2587</ymax>
		</bndbox>
	</object>
</annotation>