<annotation>
	<folder>top국류뚝배기순대국q1</folder>
	<filename>top_국류_뚝배기_순대국_Q1_00025.JPG</filename>
	<path>/top국류뚝배기순대국q1/top_국류_뚝배기_순대국_Q1_00025.JPG</path>
	<source>
		<database>fooddata</database>
	</source>
	<size>
		<width>5472</width>
		<height>3648</height>
		<depth>3</depth>
	</size>
	<object>
		<name>ref_spoon</name>
		<bndbox>
			<xmin>1925</xmin>
			<ymin>3065</ymin>
			<xmax>2593</xmax>
			<ymax>3496</ymax>
		</bndbox>
	</object>
	<object>
		<name>ref_fork</name>
		<bndbox>
			<xmin>2001</xmin>
			<ymin>2693</ymin>
			<xmax>2705</xmax>
			<ymax>2971</ymax>
		</bndbox>
	</object>
	<object>
		<name>ref_coin</name>
		<bndbox>
			<xmin>3350</xmin>
			<ymin>170</ymin>
			<xmax>3628</xmax>
			<ymax>426</ymax>
		</bndbox>
	</object>
	<object>
		<name>dish</name>
		<bndbox>
			<xmin>2068</xmin>
			<ymin>533</ymin>
			<xmax>4224</xmax>
			<ymax>2644</ymax>
		</bndbox>
	</object>
	<object>
		<name>순대국</name>
		<bndbox>
			<xmin>2476</xmin>
			<ymin>1098</ymin>
			<xmax>3753</xmax>
			<ymax>2416</ymax>
		</bndbox>
	</object>
</annotation>