<annotation>
	<folder>top국류뚝배기순대국q1</folder>
	<filename>top_국류_뚝배기_순대국_Q1_00023.JPG</filename>
	<path>/top국류뚝배기순대국q1/top_국류_뚝배기_순대국_Q1_00023.JPG</path>
	<source>
		<database>fooddata</database>
	</source>
	<size>
		<width>5472</width>
		<height>3648</height>
		<depth>3</depth>
	</size>
	<object>
		<name>ref_spoon</name>
		<bndbox>
			<xmin>1902</xmin>
			<ymin>2953</ymin>
			<xmax>2597</xmax>
			<ymax>3402</ymax>
		</bndbox>
	</object>
	<object>
		<name>ref_fork</name>
		<bndbox>
			<xmin>1992</xmin>
			<ymin>2554</ymin>
			<xmax>2767</xmax>
			<ymax>2850</ymax>
		</bndbox>
	</object>
	<object>
		<name>ref_coin</name>
		<bndbox>
			<xmin>4072</xmin>
			<ymin>327</ymin>
			<xmax>4376</xmax>
			<ymax>618</ymax>
		</bndbox>
	</object>
	<object>
		<name>dish</name>
		<bndbox>
			<xmin>1983</xmin>
			<ymin>264</ymin>
			<xmax>4336</xmax>
			<ymax>2586</ymax>
		</bndbox>
	</object>
	<object>
		<name>순대국</name>
		<bndbox>
			<xmin>2458</xmin>
			<ymin>869</ymin>
			<xmax>3951</xmax>
			<ymax>2209</ymax>
		</bndbox>
	</object>
</annotation>