<annotation>
	<folder>top국류뚝배기순대국q1</folder>
	<filename>top_국류_뚝배기_순대국_Q1_00034.JPG</filename>
	<path>/top국류뚝배기순대국q1/top_국류_뚝배기_순대국_Q1_00034.JPG</path>
	<source>
		<database>fooddata</database>
	</source>
	<size>
		<width>5472</width>
		<height>3648</height>
		<depth>3</depth>
	</size>
	<object>
		<name>ref_spoon</name>
		<bndbox>
			<xmin>1132</xmin>
			<ymin>497</ymin>
			<xmax>1589</xmax>
			<ymax>1295</ymax>
		</bndbox>
	</object>
	<object>
		<name>ref_fork</name>
		<bndbox>
			<xmin>1768</xmin>
			<ymin>623</ymin>
			<xmax>2077</xmax>
			<ymax>1430</ymax>
		</bndbox>
	</object>
	<object>
		<name>ref_coin</name>
		<bndbox>
			<xmin>3283</xmin>
			<ymin>2931</ymin>
			<xmax>3623</xmax>
			<ymax>3281</ymax>
		</bndbox>
	</object>
	<object>
		<name>dish</name>
		<bndbox>
			<xmin>2086</xmin>
			<ymin>206</ymin>
			<xmax>4703</xmax>
			<ymax>2783</ymax>
		</bndbox>
	</object>
	<object>
		<name>순대국</name>
		<bndbox>
			<xmin>2557</xmin>
			<ymin>860</ymin>
			<xmax>4067</xmax>
			<ymax>2326</ymax>
		</bndbox>
	</object>
</annotation>