<annotation>
	<folder>side생선조림냄비갈치조림q2</folder>
	<filename>side_생선조림_냄비_갈치조림_Q2 00009.JPG</filename>
	<path>/side생선조림냄비갈치조림q2/side_생선조림_냄비_갈치조림_Q2 00009.JPG</path>
	<source>
		<database>fooddata</database>
	</source>
	<size>
		<width>3008</width>
		<height>2000</height>
		<depth>3</depth>
	</size>
	<object>
		<name>ref_spoon</name>
		<bndbox>
			<xmin>2256</xmin>
			<ymin>804</ymin>
			<xmax>2509</xmax>
			<ymax>1125</ymax>
		</bndbox>
	</object>
	<object>
		<name>ref_fork</name>
		<bndbox>
			<xmin>2610</xmin>
			<ymin>866</ymin>
			<xmax>2782</xmax>
			<ymax>1221</ymax>
		</bndbox>
	</object>
	<object>
		<name>ref_coin</name>
		<bndbox>
			<xmin>210</xmin>
			<ymin>1354</ymin>
			<xmax>417</xmax>
			<ymax>1493</ymax>
		</bndbox>
	</object>
	<object>
		<name>dish</name>
		<bndbox>
			<xmin>689</xmin>
			<ymin>510</ymin>
			<xmax>1975</xmax>
			<ymax>1458</ymax>
		</bndbox>
	</object>
	<object>
		<name>갈치조림</name>
		<bndbox>
			<xmin>1090</xmin>
			<ymin>899</ymin>
			<xmax>1578</xmax>
			<ymax>1245</ymax>
		</bndbox>
	</object>
</annotation>