<annotation>
	<folder>side생선조림냄비갈치조림q2</folder>
	<filename>side_생선조림_냄비_갈치조림_Q2 00005.JPG</filename>
	<path>/side생선조림냄비갈치조림q2/side_생선조림_냄비_갈치조림_Q2 00005.JPG</path>
	<source>
		<database>fooddata</database>
	</source>
	<size>
		<width>3008</width>
		<height>2000</height>
		<depth>3</depth>
	</size>
	<object>
		<name>ref_spoon</name>
		<bndbox>
			<xmin>2147</xmin>
			<ymin>793</ymin>
			<xmax>2395</xmax>
			<ymax>1109</ymax>
		</bndbox>
	</object>
	<object>
		<name>ref_fork</name>
		<bndbox>
			<xmin>2490</xmin>
			<ymin>858</ymin>
			<xmax>2662</xmax>
			<ymax>1207</ymax>
		</bndbox>
	</object>
	<object>
		<name>ref_coin</name>
		<bndbox>
			<xmin>539</xmin>
			<ymin>1733</ymin>
			<xmax>757</xmax>
			<ymax>1888</ymax>
		</bndbox>
	</object>
	<object>
		<name>dish</name>
		<bndbox>
			<xmin>719</xmin>
			<ymin>548</ymin>
			<xmax>2022</xmax>
			<ymax>1493</ymax>
		</bndbox>
	</object>
	<object>
		<name>갈치조림</name>
		<bndbox>
			<xmin>1163</xmin>
			<ymin>1030</ymin>
			<xmax>1725</xmax>
			<ymax>1302</ymax>
		</bndbox>
	</object>
</annotation>