<annotation>
	<folder>side생선조림냄비갈치조림q2</folder>
	<filename>side_생선조림_냄비_갈치조림_Q2 00002.JPG</filename>
	<path>/side생선조림냄비갈치조림q2/side_생선조림_냄비_갈치조림_Q2 00002.JPG</path>
	<source>
		<database>fooddata</database>
	</source>
	<size>
		<width>3008</width>
		<height>2000</height>
		<depth>3</depth>
	</size>
	<object>
		<name>ref_spoon</name>
		<bndbox>
			<xmin>2163</xmin>
			<ymin>583</ymin>
			<xmax>2414</xmax>
			<ymax>888</ymax>
		</bndbox>
	</object>
	<object>
		<name>ref_fork</name>
		<bndbox>
			<xmin>2526</xmin>
			<ymin>624</ymin>
			<xmax>2703</xmax>
			<ymax>970</ymax>
		</bndbox>
	</object>
	<object>
		<name>ref_coin</name>
		<bndbox>
			<xmin>1223</xmin>
			<ymin>1744</ymin>
			<xmax>1441</xmax>
			<ymax>1902</ymax>
		</bndbox>
	</object>
	<object>
		<name>dish</name>
		<bndbox>
			<xmin>599</xmin>
			<ymin>431</ymin>
			<xmax>1907</xmax>
			<ymax>1384</ymax>
		</bndbox>
	</object>
	<object>
		<name>갈치조림</name>
		<bndbox>
			<xmin>984</xmin>
			<ymin>943</ymin>
			<xmax>1499</xmax>
			<ymax>1213</ymax>
		</bndbox>
	</object>
</annotation>