<annotation>
	<folder>side생선조림냄비갈치조림q2</folder>
	<filename>side_생선조림_냄비_갈치조림_Q2 00010.JPG</filename>
	<path>/side생선조림냄비갈치조림q2/side_생선조림_냄비_갈치조림_Q2 00010.JPG</path>
	<source>
		<database>fooddata</database>
	</source>
	<size>
		<width>3008</width>
		<height>2000</height>
		<depth>3</depth>
	</size>
	<object>
		<name>ref_spoon</name>
		<bndbox>
			<xmin>2212</xmin>
			<ymin>695</ymin>
			<xmax>2458</xmax>
			<ymax>995</ymax>
		</bndbox>
	</object>
	<object>
		<name>ref_fork</name>
		<bndbox>
			<xmin>2561</xmin>
			<ymin>752</ymin>
			<xmax>2730</xmax>
			<ymax>1104</ymax>
		</bndbox>
	</object>
	<object>
		<name>ref_coin</name>
		<bndbox>
			<xmin>188</xmin>
			<ymin>1120</ymin>
			<xmax>381</xmax>
			<ymax>1251</ymax>
		</bndbox>
	</object>
	<object>
		<name>dish</name>
		<bndbox>
			<xmin>766</xmin>
			<ymin>520</ymin>
			<xmax>2060</xmax>
			<ymax>1469</ymax>
		</bndbox>
	</object>
	<object>
		<name>갈치조림</name>
		<bndbox>
			<xmin>1019</xmin>
			<ymin>935</ymin>
			<xmax>1599</xmax>
			<ymax>1286</ymax>
		</bndbox>
	</object>
</annotation>