<annotation>
	<folder>side생선조림냄비갈치조림q2</folder>
	<filename>side_생선조림_냄비_갈치조림_Q2 00051.JPG</filename>
	<path>/side생선조림냄비갈치조림q2/side_생선조림_냄비_갈치조림_Q2 00051.JPG</path>
	<source>
		<database>fooddata</database>
	</source>
	<size>
		<width>3008</width>
		<height>2000</height>
		<depth>3</depth>
	</size>
	<object>
		<name>ref_spoon</name>
		<bndbox>
			<xmin>646</xmin>
			<ymin>766</ymin>
			<xmax>891</xmax>
			<ymax>1065</ymax>
		</bndbox>
	</object>
	<object>
		<name>ref_fork</name>
		<bndbox>
			<xmin>1035</xmin>
			<ymin>766</ymin>
			<xmax>1212</xmax>
			<ymax>1117</ymax>
		</bndbox>
	</object>
	<object>
		<name>ref_coin</name>
		<bndbox>
			<xmin>1417</xmin>
			<ymin>1619</ymin>
			<xmax>1621</xmax>
			<ymax>1771</ymax>
		</bndbox>
	</object>
	<object>
		<name>dish</name>
		<bndbox>
			<xmin>1229</xmin>
			<ymin>444</ymin>
			<xmax>2515</xmax>
			<ymax>1376</ymax>
		</bndbox>
	</object>
	<object>
		<name>갈치조림</name>
		<bndbox>
			<xmin>1496</xmin>
			<ymin>706</ymin>
			<xmax>2008</xmax>
			<ymax>992</ymax>
		</bndbox>
	</object>
</annotation>