<annotation>
	<folder>side생선조림냄비갈치조림q2</folder>
	<filename>side_생선조림_냄비_갈치조림_Q2 00025.JPG</filename>
	<path>/side생선조림냄비갈치조림q2/side_생선조림_냄비_갈치조림_Q2 00025.JPG</path>
	<source>
		<database>fooddata</database>
	</source>
	<size>
		<width>3008</width>
		<height>2000</height>
		<depth>3</depth>
	</size>
	<object>
		<name>ref_spoon</name>
		<bndbox>
			<xmin>531</xmin>
			<ymin>1605</ymin>
			<xmax>962</xmax>
			<ymax>1831</ymax>
		</bndbox>
	</object>
	<object>
		<name>ref_fork</name>
		<bndbox>
			<xmin>588</xmin>
			<ymin>1316</ymin>
			<xmax>1084</xmax>
			<ymax>1534</ymax>
		</bndbox>
	</object>
	<object>
		<name>ref_coin</name>
		<bndbox>
			<xmin>2270</xmin>
			<ymin>354</ymin>
			<xmax>2436</xmax>
			<ymax>466</ymax>
		</bndbox>
	</object>
	<object>
		<name>dish</name>
		<bndbox>
			<xmin>861</xmin>
			<ymin>272</ymin>
			<xmax>2095</xmax>
			<ymax>1169</ymax>
		</bndbox>
	</object>
	<object>
		<name>갈치조림</name>
		<bndbox>
			<xmin>1172</xmin>
			<ymin>668</ymin>
			<xmax>1558</xmax>
			<ymax>984</ymax>
		</bndbox>
	</object>
</annotation>