<annotation>
	<folder>top생선조림냄비각치조림q2</folder>
	<filename>top_생선조림_냄비_갈치조림_Q2 00004.JPG</filename>
	<path>/top생선조림냄비갈치조림q2/top_생선조림_냄비_갈치조림_Q2 00004.JPG</path>
	<source>
		<database>fooddata</database>
	</source>
	<size>
		<width>3008</width>
		<height>2000</height>
		<depth>3</depth>
	</size>
	<object>
		<name>ref_spoon</name>
		<bndbox>
			<xmin>2059</xmin>
			<ymin>324</ymin>
			<xmax>2298</xmax>
			<ymax>663</ymax>
		</bndbox>
	</object>
	<object>
		<name>ref_fork</name>
		<bndbox>
			<xmin>2349</xmin>
			<ymin>425</ymin>
			<xmax>2563</xmax>
			<ymax>835</ymax>
		</bndbox>
	</object>
	<object>
		<name>ref_coin</name>
		<bndbox>
			<xmin>833</xmin>
			<ymin>1472</ymin>
			<xmax>1005</xmax>
			<ymax>1646</ymax>
		</bndbox>
	</object>
	<object>
		<name>dish</name>
		<bndbox>
			<xmin>578</xmin>
			<ymin>241</ymin>
			<xmax>1755</xmax>
			<ymax>1428</ymax>
		</bndbox>
	</object>
	<object>
		<name>갈치조림</name>
		<bndbox>
			<xmin>973</xmin>
			<ymin>651</ymin>
			<xmax>1479</xmax>
			<ymax>1081</ymax>
		</bndbox>
	</object>
</annotation>