<annotation>
	<folder>top생선조림냄비각치조림q2</folder>
	<filename>top_생선조림_냄비_갈치조림_Q2 00026.JPG</filename>
	<path>/top생선조림냄비갈치조림q2/top_생선조림_냄비_갈치조림_Q2 00026.JPG</path>
	<source>
		<database>fooddata</database>
	</source>
	<size>
		<width>3008</width>
		<height>2000</height>
		<depth>3</depth>
	</size>
	<object>
		<name>ref_spoon</name>
		<bndbox>
			<xmin>1005</xmin>
			<ymin>1644</ymin>
			<xmax>1322</xmax>
			<ymax>1867</ymax>
		</bndbox>
	</object>
	<object>
		<name>ref_fork</name>
		<bndbox>
			<xmin>1030</xmin>
			<ymin>1450</ymin>
			<xmax>1389</xmax>
			<ymax>1609</ymax>
		</bndbox>
	</object>
	<object>
		<name>ref_coin</name>
		<bndbox>
			<xmin>2062</xmin>
			<ymin>283</ymin>
			<xmax>2209</xmax>
			<ymax>413</ymax>
		</bndbox>
	</object>
	<object>
		<name>dish</name>
		<bndbox>
			<xmin>1000</xmin>
			<ymin>229</ymin>
			<xmax>2042</xmax>
			<ymax>1226</ymax>
		</bndbox>
	</object>
	<object>
		<name>갈치조림</name>
		<bndbox>
			<xmin>1359</xmin>
			<ymin>636</ymin>
			<xmax>1823</xmax>
			<ymax>961</ymax>
		</bndbox>
	</object>
</annotation>