<annotation>
	<folder>top생선조림냄비각치조림q2</folder>
	<filename>top_생선조림_냄비_갈치조림_Q2 00044.JPG</filename>
	<path>/top생선조림냄비갈치조림q2/top_생선조림_냄비_갈치조림_Q2 00044.JPG</path>
	<source>
		<database>fooddata</database>
	</source>
	<size>
		<width>3008</width>
		<height>2000</height>
		<depth>3</depth>
	</size>
	<object>
		<name>ref_spoon</name>
		<bndbox>
			<xmin>519</xmin>
			<ymin>400</ymin>
			<xmax>760</xmax>
			<ymax>757</ymax>
		</bndbox>
	</object>
	<object>
		<name>ref_fork</name>
		<bndbox>
			<xmin>846</xmin>
			<ymin>442</ymin>
			<xmax>1013</xmax>
			<ymax>857</ymax>
		</bndbox>
	</object>
	<object>
		<name>ref_coin</name>
		<bndbox>
			<xmin>1553</xmin>
			<ymin>118</ymin>
			<xmax>1725</xmax>
			<ymax>280</ymax>
		</bndbox>
	</object>
	<object>
		<name>dish</name>
		<bndbox>
			<xmin>1209</xmin>
			<ymin>602</ymin>
			<xmax>2457</xmax>
			<ymax>1853</ymax>
		</bndbox>
	</object>
	<object>
		<name>갈치조림</name>
		<bndbox>
			<xmin>1467</xmin>
			<ymin>966</ymin>
			<xmax>2027</xmax>
			<ymax>1548</ymax>
		</bndbox>
	</object>
</annotation>