<annotation>
	<folder>top생선조림냄비각치조림q2</folder>
	<filename>top_생선조림_냄비_갈치조림_Q2 00037.JPG</filename>
	<path>/top생선조림냄비갈치조림q2/top_생선조림_냄비_갈치조림_Q2 00037.JPG</path>
	<source>
		<database>fooddata</database>
	</source>
	<size>
		<width>3008</width>
		<height>2000</height>
		<depth>3</depth>
	</size>
	<object>
		<name>ref_spoon</name>
		<bndbox>
			<xmin>430</xmin>
			<ymin>437</ymin>
			<xmax>666</xmax>
			<ymax>789</ymax>
		</bndbox>
	</object>
	<object>
		<name>ref_fork</name>
		<bndbox>
			<xmin>762</xmin>
			<ymin>474</ymin>
			<xmax>927</xmax>
			<ymax>870</ymax>
		</bndbox>
	</object>
	<object>
		<name>ref_coin</name>
		<bndbox>
			<xmin>1914</xmin>
			<ymin>1678</ymin>
			<xmax>2108</xmax>
			<ymax>1872</ymax>
		</bndbox>
	</object>
	<object>
		<name>dish</name>
		<bndbox>
			<xmin>1226</xmin>
			<ymin>236</ymin>
			<xmax>2472</xmax>
			<ymax>1452</ymax>
		</bndbox>
	</object>
	<object>
		<name>갈치조림</name>
		<bndbox>
			<xmin>1479</xmin>
			<ymin>477</ymin>
			<xmax>1973</xmax>
			<ymax>946</ymax>
		</bndbox>
	</object>
</annotation>