<annotation>
	<folder>top생선조림냄비각치조림q2</folder>
	<filename>top_생선조림_냄비_갈치조림_Q2 00002.JPG</filename>
	<path>/top생선조림냄비갈치조림q2/top_생선조림_냄비_갈치조림_Q2 00002.JPG</path>
	<source>
		<database>fooddata</database>
	</source>
	<size>
		<width>3008</width>
		<height>2000</height>
		<depth>3</depth>
	</size>
	<object>
		<name>ref_spoon</name>
		<bndbox>
			<xmin>2003</xmin>
			<ymin>351</ymin>
			<xmax>2236</xmax>
			<ymax>700</ymax>
		</bndbox>
	</object>
	<object>
		<name>ref_fork</name>
		<bndbox>
			<xmin>2303</xmin>
			<ymin>435</ymin>
			<xmax>2499</xmax>
			<ymax>826</ymax>
		</bndbox>
	</object>
	<object>
		<name>ref_coin</name>
		<bndbox>
			<xmin>1497</xmin>
			<ymin>1582</ymin>
			<xmax>1669</xmax>
			<ymax>1759</ymax>
		</bndbox>
	</object>
	<object>
		<name>dish</name>
		<bndbox>
			<xmin>637</xmin>
			<ymin>337</ymin>
			<xmax>1846</xmax>
			<ymax>1528</ymax>
		</bndbox>
	</object>
	<object>
		<name>갈치조림</name>
		<bndbox>
			<xmin>1096</xmin>
			<ymin>695</ymin>
			<xmax>1477</xmax>
			<ymax>1179</ymax>
		</bndbox>
	</object>
</annotation>