<annotation>
	<folder>top생선조림냄비각치조림q2</folder>
	<filename>top_생선조림_냄비_갈치조림_Q2 00016.JPG</filename>
	<path>/top생선조림냄비갈치조림q2/top_생선조림_냄비_갈치조림_Q2 00016.JPG</path>
	<source>
		<database>fooddata</database>
	</source>
	<size>
		<width>3008</width>
		<height>2000</height>
		<depth>3</depth>
	</size>
	<object>
		<name>ref_spoon</name>
		<bndbox>
			<xmin>1998</xmin>
			<ymin>462</ymin>
			<xmax>2236</xmax>
			<ymax>813</ymax>
		</bndbox>
	</object>
	<object>
		<name>ref_fork</name>
		<bndbox>
			<xmin>2295</xmin>
			<ymin>555</ymin>
			<xmax>2499</xmax>
			<ymax>946</ymax>
		</bndbox>
	</object>
	<object>
		<name>ref_coin</name>
		<bndbox>
			<xmin>2182</xmin>
			<ymin>206</ymin>
			<xmax>2344</xmax>
			<ymax>364</ymax>
		</bndbox>
	</object>
	<object>
		<name>dish</name>
		<bndbox>
			<xmin>450</xmin>
			<ymin>418</ymin>
			<xmax>1649</xmax>
			<ymax>1624</ymax>
		</bndbox>
	</object>
	<object>
		<name>갈치조림</name>
		<bndbox>
			<xmin>902</xmin>
			<ymin>848</ymin>
			<xmax>1384</xmax>
			<ymax>1260</ymax>
		</bndbox>
	</object>
</annotation>