<annotation>
	<folder>side국류원형배달순두부찌개q1</folder>
	<filename>side_국류_원형배달_순두부찌개_Q1_00007.JPG</filename>
	<path>/side국류원형배달순두부찌개q1/side_국류_원형배달_순두부찌개_Q1_00007.JPG</path>
	<source>
		<database>fooddata</database>
	</source>
	<size>
		<width>3008</width>
		<height>2000</height>
		<depth>3</depth>
	</size>
	<object>
		<name>ref_spoon</name>
		<bndbox>
			<xmin>2249</xmin>
			<ymin>703</ymin>
			<xmax>2513</xmax>
			<ymax>1056</ymax>
		</bndbox>
	</object>
	<object>
		<name>ref_fork</name>
		<bndbox>
			<xmin>2648</xmin>
			<ymin>749</ymin>
			<xmax>2840</xmax>
			<ymax>1158</ymax>
		</bndbox>
	</object>
	<object>
		<name>ref_coin</name>
		<bndbox>
			<xmin>175</xmin>
			<ymin>1073</ymin>
			<xmax>373</xmax>
			<ymax>1214</ymax>
		</bndbox>
	</object>
	<object>
		<name>dish</name>
		<bndbox>
			<xmin>785</xmin>
			<ymin>443</ymin>
			<xmax>2061</xmax>
			<ymax>1610</ymax>
		</bndbox>
	</object>
	<object>
		<name>순두부찌개</name>
		<bndbox>
			<xmin>927</xmin>
			<ymin>832</ymin>
			<xmax>1903</xmax>
			<ymax>1165</ymax>
		</bndbox>
	</object>
</annotation>