<annotation>
	<folder>side국류원형배달순두부찌개q1</folder>
	<filename>side_국류_원형배달_순두부찌개_Q1_00034.JPG</filename>
	<path>/side국류원형배달순두부찌개q1/side_국류_원형배달_순두부찌개_Q1_00034.JPG</path>
	<source>
		<database>fooddata</database>
	</source>
	<size>
		<width>3008</width>
		<height>2000</height>
		<depth>3</depth>
	</size>
	<object>
		<name>ref_spoon</name>
		<bndbox>
			<xmin>369</xmin>
			<ymin>802</ymin>
			<xmax>640</xmax>
			<ymax>1165</ymax>
		</bndbox>
	</object>
	<object>
		<name>ref_fork</name>
		<bndbox>
			<xmin>755</xmin>
			<ymin>838</ymin>
			<xmax>950</xmax>
			<ymax>1254</ymax>
		</bndbox>
	</object>
	<object>
		<name>ref_coin</name>
		<bndbox>
			<xmin>993</xmin>
			<ymin>1699</ymin>
			<xmax>1191</xmax>
			<ymax>1848</ymax>
		</bndbox>
	</object>
	<object>
		<name>dish</name>
		<bndbox>
			<xmin>1108</xmin>
			<ymin>515</ymin>
			<xmax>2348</xmax>
			<ymax>1630</ymax>
		</bndbox>
	</object>
	<object>
		<name>순두부찌개</name>
		<bndbox>
			<xmin>1243</xmin>
			<ymin>861</ymin>
			<xmax>2200</xmax>
			<ymax>1204</ymax>
		</bndbox>
	</object>
</annotation>