<annotation>
	<folder>side국류원형배달순두부찌개q1</folder>
	<filename>side_국류_원형배달_순두부찌개_Q1_00049.JPG</filename>
	<path>/side국류원형배달순두부찌개q1/side_국류_원형배달_순두부찌개_Q1_00049.JPG</path>
	<source>
		<database>fooddata</database>
	</source>
	<size>
		<width>3008</width>
		<height>2000</height>
		<depth>3</depth>
	</size>
	<object>
		<name>ref_spoon</name>
		<bndbox>
			<xmin>303</xmin>
			<ymin>588</ymin>
			<xmax>567</xmax>
			<ymax>918</ymax>
		</bndbox>
	</object>
	<object>
		<name>ref_fork</name>
		<bndbox>
			<xmin>693</xmin>
			<ymin>604</ymin>
			<xmax>874</xmax>
			<ymax>987</ymax>
		</bndbox>
	</object>
	<object>
		<name>ref_coin</name>
		<bndbox>
			<xmin>924</xmin>
			<ymin>1716</ymin>
			<xmax>1141</xmax>
			<ymax>1864</ymax>
		</bndbox>
	</object>
	<object>
		<name>dish</name>
		<bndbox>
			<xmin>980</xmin>
			<ymin>436</ymin>
			<xmax>2249</xmax>
			<ymax>1607</ymax>
		</bndbox>
	</object>
	<object>
		<name>순두부찌개</name>
		<bndbox>
			<xmin>1125</xmin>
			<ymin>819</ymin>
			<xmax>2084</xmax>
			<ymax>1148</ymax>
		</bndbox>
	</object>
</annotation>