<annotation>
	<folder>side국류원형배달순두부찌개q1</folder>
	<filename>side_국류_원형배달_순두부찌개_Q1_00006.JPG</filename>
	<path>/side국류원형배달순두부찌개q1/side_국류_원형배달_순두부찌개_Q1_00006.JPG</path>
	<source>
		<database>fooddata</database>
	</source>
	<size>
		<width>3008</width>
		<height>2000</height>
		<depth>3</depth>
	</size>
	<object>
		<name>ref_spoon</name>
		<bndbox>
			<xmin>2226</xmin>
			<ymin>647</ymin>
			<xmax>2493</xmax>
			<ymax>1007</ymax>
		</bndbox>
	</object>
	<object>
		<name>ref_fork</name>
		<bndbox>
			<xmin>2625</xmin>
			<ymin>690</ymin>
			<xmax>2817</xmax>
			<ymax>1102</ymax>
		</bndbox>
	</object>
	<object>
		<name>ref_coin</name>
		<bndbox>
			<xmin>251</xmin>
			<ymin>1237</ymin>
			<xmax>455</xmax>
			<ymax>1386</ymax>
		</bndbox>
	</object>
	<object>
		<name>dish</name>
		<bndbox>
			<xmin>775</xmin>
			<ymin>377</ymin>
			<xmax>2061</xmax>
			<ymax>1544</ymax>
		</bndbox>
	</object>
	<object>
		<name>순두부찌개</name>
		<bndbox>
			<xmin>924</xmin>
			<ymin>779</ymin>
			<xmax>1900</xmax>
			<ymax>1099</ymax>
		</bndbox>
	</object>
</annotation>