<annotation>
	<folder>side국류원형배달순두부찌개q1</folder>
	<filename>side_국류_원형배달_순두부찌개_Q1_00038.JPG</filename>
	<path>/side국류원형배달순두부찌개q1/side_국류_원형배달_순두부찌개_Q1_00038.JPG</path>
	<source>
		<database>fooddata</database>
	</source>
	<size>
		<width>3008</width>
		<height>2000</height>
		<depth>3</depth>
	</size>
	<object>
		<name>ref_spoon</name>
		<bndbox>
			<xmin>508</xmin>
			<ymin>805</ymin>
			<xmax>749</xmax>
			<ymax>1112</ymax>
		</bndbox>
	</object>
	<object>
		<name>ref_fork</name>
		<bndbox>
			<xmin>858</xmin>
			<ymin>838</ymin>
			<xmax>1026</xmax>
			<ymax>1185</ymax>
		</bndbox>
	</object>
	<object>
		<name>ref_coin</name>
		<bndbox>
			<xmin>1936</xmin>
			<ymin>1788</ymin>
			<xmax>2150</xmax>
			<ymax>1920</ymax>
		</bndbox>
	</object>
	<object>
		<name>dish</name>
		<bndbox>
			<xmin>1187</xmin>
			<ymin>581</ymin>
			<xmax>2299</xmax>
			<ymax>1617</ymax>
		</bndbox>
	</object>
	<object>
		<name>순두부찌개</name>
		<bndbox>
			<xmin>1323</xmin>
			<ymin>898</ymin>
			<xmax>2164</xmax>
			<ymax>1201</ymax>
		</bndbox>
	</object>
</annotation>