<annotation>
	<folder>side국류원형배달순두부찌개q1</folder>
	<filename>side_국류_원형배달_순두부찌개_Q1_00030.JPG</filename>
	<path>/side국류원형배달순두부찌개q1/side_국류_원형배달_순두부찌개_Q1_00030.JPG</path>
	<source>
		<database>fooddata</database>
	</source>
	<size>
		<width>3008</width>
		<height>2000</height>
		<depth>3</depth>
	</size>
	<object>
		<name>ref_spoon</name>
		<bndbox>
			<xmin>590</xmin>
			<ymin>1515</ymin>
			<xmax>1049</xmax>
			<ymax>1742</ymax>
		</bndbox>
	</object>
	<object>
		<name>ref_fork</name>
		<bndbox>
			<xmin>653</xmin>
			<ymin>1261</ymin>
			<xmax>1144</xmax>
			<ymax>1491</ymax>
		</bndbox>
	</object>
	<object>
		<name>ref_coin</name>
		<bndbox>
			<xmin>462</xmin>
			<ymin>1063</ymin>
			<xmax>656</xmax>
			<ymax>1198</ymax>
		</bndbox>
	</object>
	<object>
		<name>dish</name>
		<bndbox>
			<xmin>887</xmin>
			<ymin>136</ymin>
			<xmax>2084</xmax>
			<ymax>1241</ymax>
		</bndbox>
	</object>
	<object>
		<name>순두부찌개</name>
		<bndbox>
			<xmin>1049</xmin>
			<ymin>495</ymin>
			<xmax>1949</xmax>
			<ymax>799</ymax>
		</bndbox>
	</object>
</annotation>