<annotation>
	<folder>side국류원형배달순두부찌개q1</folder>
	<filename>side_국류_원형배달_순두부찌개_Q1_00013.JPG</filename>
	<path>/side국류원형배달순두부찌개q1/side_국류_원형배달_순두부찌개_Q1_00013.JPG</path>
	<source>
		<database>fooddata</database>
	</source>
	<size>
		<width>3008</width>
		<height>2000</height>
		<depth>3</depth>
	</size>
	<object>
		<name>ref_spoon</name>
		<bndbox>
			<xmin>2005</xmin>
			<ymin>753</ymin>
			<xmax>2282</xmax>
			<ymax>1106</ymax>
		</bndbox>
	</object>
	<object>
		<name>ref_fork</name>
		<bndbox>
			<xmin>2418</xmin>
			<ymin>789</ymin>
			<xmax>2606</xmax>
			<ymax>1201</ymax>
		</bndbox>
	</object>
	<object>
		<name>ref_coin</name>
		<bndbox>
			<xmin>2734</xmin>
			<ymin>1145</ymin>
			<xmax>2939</xmax>
			<ymax>1277</ymax>
		</bndbox>
	</object>
	<object>
		<name>dish</name>
		<bndbox>
			<xmin>482</xmin>
			<ymin>367</ymin>
			<xmax>1732</xmax>
			<ymax>1515</ymax>
		</bndbox>
	</object>
	<object>
		<name>순두부찌개</name>
		<bndbox>
			<xmin>640</xmin>
			<ymin>746</ymin>
			<xmax>1570</xmax>
			<ymax>1043</ymax>
		</bndbox>
	</object>
</annotation>