<annotation>
	<folder>side국류원형배달순두부찌개q1</folder>
	<filename>side_국류_원형배달_순두부찌개_Q1_00022.JPG</filename>
	<path>/side국류원형배달순두부찌개q1/side_국류_원형배달_순두부찌개_Q1_00022.JPG</path>
	<source>
		<database>fooddata</database>
	</source>
	<size>
		<width>3008</width>
		<height>2000</height>
		<depth>3</depth>
	</size>
	<object>
		<name>ref_spoon</name>
		<bndbox>
			<xmin>663</xmin>
			<ymin>1590</ymin>
			<xmax>1118</xmax>
			<ymax>1821</ymax>
		</bndbox>
	</object>
	<object>
		<name>ref_fork</name>
		<bndbox>
			<xmin>736</xmin>
			<ymin>1336</ymin>
			<xmax>1234</xmax>
			<ymax>1574</ymax>
		</bndbox>
	</object>
	<object>
		<name>ref_coin</name>
		<bndbox>
			<xmin>1616</xmin>
			<ymin>142</ymin>
			<xmax>1781</xmax>
			<ymax>245</ymax>
		</bndbox>
	</object>
	<object>
		<name>dish</name>
		<bndbox>
			<xmin>884</xmin>
			<ymin>251</ymin>
			<xmax>2081</xmax>
			<ymax>1369</ymax>
		</bndbox>
	</object>
	<object>
		<name>순두부찌개</name>
		<bndbox>
			<xmin>1009</xmin>
			<ymin>617</ymin>
			<xmax>1933</xmax>
			<ymax>924</ymax>
		</bndbox>
	</object>
</annotation>