<annotation>
	<folder>top국류원형배달순두부찌개q1</folder>
	<filename>top_국류_원형배달_순두부찌개_Q1_00038.JPG</filename>
	<path>/top국류원형배달순두부찌개q1/top_국류_원형배달_순두부찌개_Q1_00038.JPG</path>
	<source>
		<database>fooddata</database>
	</source>
	<size>
		<width>3008</width>
		<height>2000</height>
		<depth>3</depth>
	</size>
	<object>
		<name>ref_spoon</name>
		<bndbox>
			<xmin>455</xmin>
			<ymin>260</ymin>
			<xmax>719</xmax>
			<ymax>716</ymax>
		</bndbox>
	</object>
	<object>
		<name>ref_fork</name>
		<bndbox>
			<xmin>785</xmin>
			<ymin>349</ymin>
			<xmax>981</xmax>
			<ymax>860</ymax>
		</bndbox>
	</object>
	<object>
		<name>ref_coin</name>
		<bndbox>
			<xmin>1661</xmin>
			<ymin>1626</ymin>
			<xmax>1850</xmax>
			<ymax>1818</ymax>
		</bndbox>
	</object>
	<object>
		<name>dish</name>
		<bndbox>
			<xmin>1022</xmin>
			<ymin>264</ymin>
			<xmax>2198</xmax>
			<ymax>1427</ymax>
		</bndbox>
	</object>
	<object>
		<name>순두부찌개</name>
		<bndbox>
			<xmin>1108</xmin>
			<ymin>435</ymin>
			<xmax>2120</xmax>
			<ymax>1382</ymax>
		</bndbox>
	</object>
</annotation>