<annotation>
	<folder>top국류원형배달순두부찌개q1</folder>
	<filename>top_국류_원형배달_순두부찌개_Q1_00035.JPG</filename>
	<path>/top국류원형배달순두부찌개q1/top_국류_원형배달_순두부찌개_Q1_00035.JPG</path>
	<source>
		<database>fooddata</database>
	</source>
	<size>
		<width>3008</width>
		<height>2000</height>
		<depth>3</depth>
	</size>
	<object>
		<name>ref_spoon</name>
		<bndbox>
			<xmin>402</xmin>
			<ymin>245</ymin>
			<xmax>662</xmax>
			<ymax>678</ymax>
		</bndbox>
	</object>
	<object>
		<name>ref_fork</name>
		<bndbox>
			<xmin>715</xmin>
			<ymin>344</ymin>
			<xmax>917</xmax>
			<ymax>844</ymax>
		</bndbox>
	</object>
	<object>
		<name>ref_coin</name>
		<bndbox>
			<xmin>1187</xmin>
			<ymin>1587</ymin>
			<xmax>1370</xmax>
			<ymax>1771</ymax>
		</bndbox>
	</object>
	<object>
		<name>dish</name>
		<bndbox>
			<xmin>943</xmin>
			<ymin>289</ymin>
			<xmax>2092</xmax>
			<ymax>1428</ymax>
		</bndbox>
	</object>
	<object>
		<name>순두부찌개</name>
		<bndbox>
			<xmin>1028</xmin>
			<ymin>458</ymin>
			<xmax>2016</xmax>
			<ymax>1389</ymax>
		</bndbox>
	</object>
</annotation>