<annotation>
	<folder>top국류원형배달순두부찌개q1</folder>
	<filename>top_국류_원형배달_순두부찌개_Q1_00046.JPG</filename>
	<path>/top국류원형배달순두부찌개q1/top_국류_원형배달_순두부찌개_Q1_00046.JPG</path>
	<source>
		<database>fooddata</database>
	</source>
	<size>
		<width>3008</width>
		<height>2000</height>
		<depth>3</depth>
	</size>
	<object>
		<name>ref_spoon</name>
		<bndbox>
			<xmin>270</xmin>
			<ymin>335</ymin>
			<xmax>541</xmax>
			<ymax>797</ymax>
		</bndbox>
	</object>
	<object>
		<name>ref_fork</name>
		<bndbox>
			<xmin>619</xmin>
			<ymin>413</ymin>
			<xmax>808</xmax>
			<ymax>926</ymax>
		</bndbox>
	</object>
	<object>
		<name>ref_coin</name>
		<bndbox>
			<xmin>935</xmin>
			<ymin>173</ymin>
			<xmax>1120</xmax>
			<ymax>356</ymax>
		</bndbox>
	</object>
	<object>
		<name>dish</name>
		<bndbox>
			<xmin>873</xmin>
			<ymin>538</ymin>
			<xmax>2088</xmax>
			<ymax>1728</ymax>
		</bndbox>
	</object>
	<object>
		<name>순두부찌개</name>
		<bndbox>
			<xmin>961</xmin>
			<ymin>695</ymin>
			<xmax>2002</xmax>
			<ymax>1693</ymax>
		</bndbox>
	</object>
</annotation>