<annotation>
	<folder>top국류원형배달순두부찌개q1</folder>
	<filename>top_국류_원형배달_순두부찌개_Q1_00030.JPG</filename>
	<path>/top국류원형배달순두부찌개q1/top_국류_원형배달_순두부찌개_Q1_00030.JPG</path>
	<source>
		<database>fooddata</database>
	</source>
	<size>
		<width>3008</width>
		<height>2000</height>
		<depth>3</depth>
	</size>
	<object>
		<name>ref_spoon</name>
		<bndbox>
			<xmin>426</xmin>
			<ymin>1615</ymin>
			<xmax>864</xmax>
			<ymax>1893</ymax>
		</bndbox>
	</object>
	<object>
		<name>ref_fork</name>
		<bndbox>
			<xmin>523</xmin>
			<ymin>1369</ymin>
			<xmax>995</xmax>
			<ymax>1597</ymax>
		</bndbox>
	</object>
	<object>
		<name>ref_coin</name>
		<bndbox>
			<xmin>2065</xmin>
			<ymin>1641</ymin>
			<xmax>2248</xmax>
			<ymax>1828</ymax>
		</bndbox>
	</object>
	<object>
		<name>dish</name>
		<bndbox>
			<xmin>839</xmin>
			<ymin>242</ymin>
			<xmax>2002</xmax>
			<ymax>1380</ymax>
		</bndbox>
	</object>
	<object>
		<name>순두부찌개</name>
		<bndbox>
			<xmin>932</xmin>
			<ymin>395</ymin>
			<xmax>1916</xmax>
			<ymax>1320</ymax>
		</bndbox>
	</object>
</annotation>