<annotation>
	<folder>top국류원형배달순두부찌개q1</folder>
	<filename>top_국류_원형배달_순두부찌개_Q1_00025.JPG</filename>
	<path>/top국류원형배달순두부찌개q1/top_국류_원형배달_순두부찌개_Q1_00025.JPG</path>
	<source>
		<database>fooddata</database>
	</source>
	<size>
		<width>3008</width>
		<height>2000</height>
		<depth>3</depth>
	</size>
	<object>
		<name>ref_spoon</name>
		<bndbox>
			<xmin>399</xmin>
			<ymin>1662</ymin>
			<xmax>807</xmax>
			<ymax>1925</ymax>
		</bndbox>
	</object>
	<object>
		<name>ref_fork</name>
		<bndbox>
			<xmin>495</xmin>
			<ymin>1434</ymin>
			<xmax>943</xmax>
			<ymax>1650</ymax>
		</bndbox>
	</object>
	<object>
		<name>ref_coin</name>
		<bndbox>
			<xmin>1903</xmin>
			<ymin>358</ymin>
			<xmax>2074</xmax>
			<ymax>524</ymax>
		</bndbox>
	</object>
	<object>
		<name>dish</name>
		<bndbox>
			<xmin>776</xmin>
			<ymin>451</ymin>
			<xmax>1869</xmax>
			<ymax>1514</ymax>
		</bndbox>
	</object>
	<object>
		<name>순두부찌개</name>
		<bndbox>
			<xmin>863</xmin>
			<ymin>595</ymin>
			<xmax>1790</xmax>
			<ymax>1471</ymax>
		</bndbox>
	</object>
</annotation>