<annotation>
	<folder>top국류원형배달순두부찌개q1</folder>
	<filename>top_국류_원형배달_순두부찌개_Q1_00031.JPG</filename>
	<path>/top국류원형배달순두부찌개q1/top_국류_원형배달_순두부찌개_Q1_00031.JPG</path>
	<source>
		<database>fooddata</database>
	</source>
	<size>
		<width>3008</width>
		<height>2000</height>
		<depth>3</depth>
	</size>
	<object>
		<name>ref_spoon</name>
		<bndbox>
			<xmin>229</xmin>
			<ymin>1579</ymin>
			<xmax>670</xmax>
			<ymax>1864</ymax>
		</bndbox>
	</object>
	<object>
		<name>ref_fork</name>
		<bndbox>
			<xmin>341</xmin>
			<ymin>1335</ymin>
			<xmax>825</xmax>
			<ymax>1580</ymax>
		</bndbox>
	</object>
	<object>
		<name>ref_coin</name>
		<bndbox>
			<xmin>291</xmin>
			<ymin>488</ymin>
			<xmax>479</xmax>
			<ymax>669</ymax>
		</bndbox>
	</object>
	<object>
		<name>dish</name>
		<bndbox>
			<xmin>672</xmin>
			<ymin>249</ymin>
			<xmax>1835</xmax>
			<ymax>1398</ymax>
		</bndbox>
	</object>
	<object>
		<name>순두부찌개</name>
		<bndbox>
			<xmin>761</xmin>
			<ymin>422</ymin>
			<xmax>1766</xmax>
			<ymax>1345</ymax>
		</bndbox>
	</object>
</annotation>