<annotation>
	<folder>top국류원형배달순두부찌개q1</folder>
	<filename>top_국류_원형배달_순두부찌개_Q1_00039.JPG</filename>
	<path>/top국류원형배달순두부찌개q1/top_국류_원형배달_순두부찌개_Q1_00039.JPG</path>
	<source>
		<database>fooddata</database>
	</source>
	<size>
		<width>3008</width>
		<height>2000</height>
		<depth>3</depth>
	</size>
	<object>
		<name>ref_spoon</name>
		<bndbox>
			<xmin>417</xmin>
			<ymin>255</ymin>
			<xmax>684</xmax>
			<ymax>708</ymax>
		</bndbox>
	</object>
	<object>
		<name>ref_fork</name>
		<bndbox>
			<xmin>746</xmin>
			<ymin>351</ymin>
			<xmax>946</xmax>
			<ymax>865</ymax>
		</bndbox>
	</object>
	<object>
		<name>ref_coin</name>
		<bndbox>
			<xmin>1792</xmin>
			<ymin>1637</ymin>
			<xmax>1981</xmax>
			<ymax>1829</ymax>
		</bndbox>
	</object>
	<object>
		<name>dish</name>
		<bndbox>
			<xmin>934</xmin>
			<ymin>292</ymin>
			<xmax>2120</xmax>
			<ymax>1447</ymax>
		</bndbox>
	</object>
	<object>
		<name>순두부찌개</name>
		<bndbox>
			<xmin>1028</xmin>
			<ymin>453</ymin>
			<xmax>2033</xmax>
			<ymax>1407</ymax>
		</bndbox>
	</object>
</annotation>