<annotation>
	<folder>top국류원형배달순두부찌개q1</folder>
	<filename>top_국류_원형배달_순두부찌개_Q1_00010.JPG</filename>
	<path>/top국류원형배달순두부찌개q1/top_국류_원형배달_순두부찌개_Q1_00010.JPG</path>
	<source>
		<database>fooddata</database>
	</source>
	<size>
		<width>3008</width>
		<height>2000</height>
		<depth>3</depth>
	</size>
	<object>
		<name>ref_spoon</name>
		<bndbox>
			<xmin>2065</xmin>
			<ymin>475</ymin>
			<xmax>2332</xmax>
			<ymax>929</ymax>
		</bndbox>
	</object>
	<object>
		<name>ref_fork</name>
		<bndbox>
			<xmin>2396</xmin>
			<ymin>538</ymin>
			<xmax>2586</xmax>
			<ymax>1033</ymax>
		</bndbox>
	</object>
	<object>
		<name>ref_coin</name>
		<bndbox>
			<xmin>710</xmin>
			<ymin>236</ymin>
			<xmax>889</xmax>
			<ymax>417</ymax>
		</bndbox>
	</object>
	<object>
		<name>dish</name>
		<bndbox>
			<xmin>529</xmin>
			<ymin>402</ymin>
			<xmax>1696</xmax>
			<ymax>1551</ymax>
		</bndbox>
	</object>
	<object>
		<name>순두부찌개</name>
		<bndbox>
			<xmin>643</xmin>
			<ymin>555</ymin>
			<xmax>1641</xmax>
			<ymax>1516</ymax>
		</bndbox>
	</object>
</annotation>