<annotation>
	<folder>top국류원형배달순두부찌개q1</folder>
	<filename>top_국류_원형배달_순두부찌개_Q1_00011.JPG</filename>
	<path>/top국류원형배달순두부찌개q1/top_국류_원형배달_순두부찌개_Q1_00011.JPG</path>
	<source>
		<database>fooddata</database>
	</source>
	<size>
		<width>3008</width>
		<height>2000</height>
		<depth>3</depth>
	</size>
	<object>
		<name>ref_spoon</name>
		<bndbox>
			<xmin>1991</xmin>
			<ymin>461</ymin>
			<xmax>2260</xmax>
			<ymax>915</ymax>
		</bndbox>
	</object>
	<object>
		<name>ref_fork</name>
		<bndbox>
			<xmin>2324</xmin>
			<ymin>527</ymin>
			<xmax>2510</xmax>
			<ymax>1018</ymax>
		</bndbox>
	</object>
	<object>
		<name>ref_coin</name>
		<bndbox>
			<xmin>1058</xmin>
			<ymin>141</ymin>
			<xmax>1238</xmax>
			<ymax>319</ymax>
		</bndbox>
	</object>
	<object>
		<name>dish</name>
		<bndbox>
			<xmin>411</xmin>
			<ymin>434</ymin>
			<xmax>1594</xmax>
			<ymax>1587</ymax>
		</bndbox>
	</object>
	<object>
		<name>순두부찌개</name>
		<bndbox>
			<xmin>535</xmin>
			<ymin>583</ymin>
			<xmax>1531</xmax>
			<ymax>1549</ymax>
		</bndbox>
	</object>
</annotation>