<annotation>
	<folder>top국류원형배달순두부찌개q1</folder>
	<filename>top_국류_원형배달_순두부찌개_Q1_00026.JPG</filename>
	<path>/top국류원형배달순두부찌개q1/top_국류_원형배달_순두부찌개_Q1_00026.JPG</path>
	<source>
		<database>fooddata</database>
	</source>
	<size>
		<width>3008</width>
		<height>2000</height>
		<depth>3</depth>
	</size>
	<object>
		<name>ref_spoon</name>
		<bndbox>
			<xmin>391</xmin>
			<ymin>1626</ymin>
			<xmax>826</xmax>
			<ymax>1903</ymax>
		</bndbox>
	</object>
	<object>
		<name>ref_fork</name>
		<bndbox>
			<xmin>491</xmin>
			<ymin>1383</ymin>
			<xmax>970</xmax>
			<ymax>1609</ymax>
		</bndbox>
	</object>
	<object>
		<name>ref_coin</name>
		<bndbox>
			<xmin>2188</xmin>
			<ymin>558</ymin>
			<xmax>2372</xmax>
			<ymax>733</ymax>
		</bndbox>
	</object>
	<object>
		<name>dish</name>
		<bndbox>
			<xmin>727</xmin>
			<ymin>257</ymin>
			<xmax>1876</xmax>
			<ymax>1396</ymax>
		</bndbox>
	</object>
	<object>
		<name>순두부찌개</name>
		<bndbox>
			<xmin>802</xmin>
			<ymin>424</ymin>
			<xmax>1804</xmax>
			<ymax>1351</ymax>
		</bndbox>
	</object>
</annotation>