<annotation>
	<folder>side육류부피배달종이박스치킨윙q2</folder>
	<filename>side_육류부피_배달종이박스_치킨윙_Q2_00044.JPG</filename>
	<path>/side육류부피배달종이박스치킨윙q2/side_육류부피_배달종이박스_치킨윙_Q2_00044.JPG</path>
	<source>
		<database>fooddata</database>
	</source>
	<size>
		<width>3008</width>
		<height>2000</height>
		<depth>3</depth>
	</size>
	<object>
		<name>ref_spoon</name>
		<bndbox>
			<xmin>567</xmin>
			<ymin>377</ymin>
			<xmax>887</xmax>
			<ymax>782</ymax>
		</bndbox>
	</object>
	<object>
		<name>ref_fork</name>
		<bndbox>
			<xmin>937</xmin>
			<ymin>443</ymin>
			<xmax>1151</xmax>
			<ymax>894</ymax>
		</bndbox>
	</object>
	<object>
		<name>ref_coin</name>
		<bndbox>
			<xmin>175</xmin>
			<ymin>710</ymin>
			<xmax>399</xmax>
			<ymax>878</ymax>
		</bndbox>
	</object>
	<object>
		<name>dish</name>
		<bndbox>
			<xmin>1461</xmin>
			<ymin>525</ymin>
			<xmax>2757</xmax>
			<ymax>1623</ymax>
		</bndbox>
	</object>
	<object>
		<name>치킨윙</name>
		<bndbox>
			<xmin>1619</xmin>
			<ymin>776</ymin>
			<xmax>2576</xmax>
			<ymax>1468</ymax>
		</bndbox>
	</object>
</annotation>