<annotation>
	<folder>side육류부피배달종이박스치킨윙q2</folder>
	<filename>side_육류부피_배달종이박스_치킨윙_Q2_00031.JPG</filename>
	<path>/side육류부피배달종이박스치킨윙q2/side_육류부피_배달종이박스_치킨윙_Q2_00031.JPG</path>
	<source>
		<database>fooddata</database>
	</source>
	<size>
		<width>3008</width>
		<height>2000</height>
		<depth>3</depth>
	</size>
	<object>
		<name>ref_spoon</name>
		<bndbox>
			<xmin>327</xmin>
			<ymin>1643</ymin>
			<xmax>861</xmax>
			<ymax>1930</ymax>
		</bndbox>
	</object>
	<object>
		<name>ref_fork</name>
		<bndbox>
			<xmin>449</xmin>
			<ymin>1366</ymin>
			<xmax>999</xmax>
			<ymax>1620</ymax>
		</bndbox>
	</object>
	<object>
		<name>ref_coin</name>
		<bndbox>
			<xmin>1026</xmin>
			<ymin>1188</ymin>
			<xmax>1267</xmax>
			<ymax>1360</ymax>
		</bndbox>
	</object>
	<object>
		<name>dish</name>
		<bndbox>
			<xmin>811</xmin>
			<ymin>90</ymin>
			<xmax>1976</xmax>
			<ymax>1053</ymax>
		</bndbox>
	</object>
	<object>
		<name>치킨윙</name>
		<bndbox>
			<xmin>973</xmin>
			<ymin>390</ymin>
			<xmax>1870</xmax>
			<ymax>871</ymax>
		</bndbox>
	</object>
</annotation>