<annotation>
	<folder>side육류부피배달종이박스치킨윙q2</folder>
	<filename>side_육류부피_배달종이박스_치킨윙_Q2_00033.JPG</filename>
	<path>/side육류부피배달종이박스치킨윙q2/side_육류부피_배달종이박스_치킨윙_Q2_00033.JPG</path>
	<source>
		<database>fooddata</database>
	</source>
	<size>
		<width>3008</width>
		<height>2000</height>
		<depth>3</depth>
	</size>
	<object>
		<name>ref_spoon</name>
		<bndbox>
			<xmin>366</xmin>
			<ymin>1637</ymin>
			<xmax>858</xmax>
			<ymax>1917</ymax>
		</bndbox>
	</object>
	<object>
		<name>ref_fork</name>
		<bndbox>
			<xmin>482</xmin>
			<ymin>1389</ymin>
			<xmax>996</xmax>
			<ymax>1627</ymax>
		</bndbox>
	</object>
	<object>
		<name>ref_coin</name>
		<bndbox>
			<xmin>1804</xmin>
			<ymin>1056</ymin>
			<xmax>2028</xmax>
			<ymax>1224</ymax>
		</bndbox>
	</object>
	<object>
		<name>dish</name>
		<bndbox>
			<xmin>663</xmin>
			<ymin>103</ymin>
			<xmax>1999</xmax>
			<ymax>1079</ymax>
		</bndbox>
	</object>
	<object>
		<name>치킨윙</name>
		<bndbox>
			<xmin>858</xmin>
			<ymin>393</ymin>
			<xmax>1573</xmax>
			<ymax>908</ymax>
		</bndbox>
	</object>
</annotation>