<annotation>
	<folder>side육류부피배달종이박스치킨윙q2</folder>
	<filename>side_육류부피_배달종이박스_치킨윙_Q2_00020.JPG</filename>
	<path>/side육류부피배달종이박스치킨윙q2/side_육류부피_배달종이박스_치킨윙_Q2_00020.JPG</path>
	<source>
		<database>fooddata</database>
	</source>
	<size>
		<width>3008</width>
		<height>2000</height>
		<depth>3</depth>
	</size>
	<object>
		<name>ref_spoon</name>
		<bndbox>
			<xmin>350</xmin>
			<ymin>1590</ymin>
			<xmax>864</xmax>
			<ymax>1881</ymax>
		</bndbox>
	</object>
	<object>
		<name>ref_fork</name>
		<bndbox>
			<xmin>465</xmin>
			<ymin>1323</ymin>
			<xmax>1019</xmax>
			<ymax>1574</ymax>
		</bndbox>
	</object>
	<object>
		<name>ref_coin</name>
		<bndbox>
			<xmin>2490</xmin>
			<ymin>654</ymin>
			<xmax>2721</xmax>
			<ymax>819</ymax>
		</bndbox>
	</object>
	<object>
		<name>dish</name>
		<bndbox>
			<xmin>811</xmin>
			<ymin>126</ymin>
			<xmax>2266</xmax>
			<ymax>1251</ymax>
		</bndbox>
	</object>
	<object>
		<name>치킨윙</name>
		<bndbox>
			<xmin>1158</xmin>
			<ymin>512</ymin>
			<xmax>1995</xmax>
			<ymax>1076</ymax>
		</bndbox>
	</object>
</annotation>