<annotation>
	<folder>side육류부피배달종이박스치킨윙q2</folder>
	<filename>side_육류부피_배달종이박스_치킨윙_Q2_00029.JPG</filename>
	<path>/side육류부피배달종이박스치킨윙q2/side_육류부피_배달종이박스_치킨윙_Q2_00029.JPG</path>
	<source>
		<database>fooddata</database>
	</source>
	<size>
		<width>3008</width>
		<height>2000</height>
		<depth>3</depth>
	</size>
	<object>
		<name>ref_spoon</name>
		<bndbox>
			<xmin>320</xmin>
			<ymin>1607</ymin>
			<xmax>841</xmax>
			<ymax>1887</ymax>
		</bndbox>
	</object>
	<object>
		<name>ref_fork</name>
		<bndbox>
			<xmin>429</xmin>
			<ymin>1343</ymin>
			<xmax>993</xmax>
			<ymax>1587</ymax>
		</bndbox>
	</object>
	<object>
		<name>ref_coin</name>
		<bndbox>
			<xmin>495</xmin>
			<ymin>1079</ymin>
			<xmax>729</xmax>
			<ymax>1254</ymax>
		</bndbox>
	</object>
	<object>
		<name>dish</name>
		<bndbox>
			<xmin>679</xmin>
			<ymin>133</ymin>
			<xmax>2147</xmax>
			<ymax>1198</ymax>
		</bndbox>
	</object>
	<object>
		<name>치킨윙</name>
		<bndbox>
			<xmin>999</xmin>
			<ymin>383</ymin>
			<xmax>1850</xmax>
			<ymax>967</ymax>
		</bndbox>
	</object>
</annotation>