<annotation>
	<folder>side육류부피배달종이박스치킨윙q2</folder>
	<filename>side_육류부피_배달종이박스_치킨윙_Q2_00043.JPG</filename>
	<path>/side육류부피배달종이박스치킨윙q2/side_육류부피_배달종이박스_치킨윙_Q2_00043.JPG</path>
	<source>
		<database>fooddata</database>
	</source>
	<size>
		<width>3008</width>
		<height>2000</height>
		<depth>3</depth>
	</size>
	<object>
		<name>ref_spoon</name>
		<bndbox>
			<xmin>577</xmin>
			<ymin>416</ymin>
			<xmax>871</xmax>
			<ymax>812</ymax>
		</bndbox>
	</object>
	<object>
		<name>ref_fork</name>
		<bndbox>
			<xmin>920</xmin>
			<ymin>489</ymin>
			<xmax>1141</xmax>
			<ymax>944</ymax>
		</bndbox>
	</object>
	<object>
		<name>ref_coin</name>
		<bndbox>
			<xmin>135</xmin>
			<ymin>904</ymin>
			<xmax>360</xmax>
			<ymax>1076</ymax>
		</bndbox>
	</object>
	<object>
		<name>dish</name>
		<bndbox>
			<xmin>1214</xmin>
			<ymin>489</ymin>
			<xmax>2866</xmax>
			<ymax>1798</ymax>
		</bndbox>
	</object>
	<object>
		<name>치킨윙</name>
		<bndbox>
			<xmin>1524</xmin>
			<ymin>927</ymin>
			<xmax>2573</xmax>
			<ymax>1637</ymax>
		</bndbox>
	</object>
</annotation>