<annotation>
	<folder>side육류부피배달종이박스치킨윙q2</folder>
	<filename>side_육류부피_배달종이박스_치킨윙_Q2_00041.JPG</filename>
	<path>/side육류부피배달종이박스치킨윙q2/side_육류부피_배달종이박스_치킨윙_Q2_00041.JPG</path>
	<source>
		<database>fooddata</database>
	</source>
	<size>
		<width>3008</width>
		<height>2000</height>
		<depth>3</depth>
	</size>
	<object>
		<name>ref_spoon</name>
		<bndbox>
			<xmin>584</xmin>
			<ymin>426</ymin>
			<xmax>877</xmax>
			<ymax>838</ymax>
		</bndbox>
	</object>
	<object>
		<name>ref_fork</name>
		<bndbox>
			<xmin>947</xmin>
			<ymin>482</ymin>
			<xmax>1158</xmax>
			<ymax>954</ymax>
		</bndbox>
	</object>
	<object>
		<name>ref_coin</name>
		<bndbox>
			<xmin>92</xmin>
			<ymin>1254</ymin>
			<xmax>333</xmax>
			<ymax>1442</ymax>
		</bndbox>
	</object>
	<object>
		<name>dish</name>
		<bndbox>
			<xmin>1230</xmin>
			<ymin>370</ymin>
			<xmax>2912</xmax>
			<ymax>1666</ymax>
		</bndbox>
	</object>
	<object>
		<name>치킨윙</name>
		<bndbox>
			<xmin>1603</xmin>
			<ymin>664</ymin>
			<xmax>2596</xmax>
			<ymax>1429</ymax>
		</bndbox>
	</object>
</annotation>