<annotation>
	<folder>side육류부피배달종이박스치킨윙q2</folder>
	<filename>side_육류부피_배달종이박스_치킨윙_Q2_00054.JPG</filename>
	<path>/side육류부피배달종이박스치킨윙q2/side_육류부피_배달종이박스_치킨윙_Q2_00054.JPG</path>
	<source>
		<database>fooddata</database>
	</source>
	<size>
		<width>3008</width>
		<height>2000</height>
		<depth>3</depth>
	</size>
	<object>
		<name>ref_spoon</name>
		<bndbox>
			<xmin>551</xmin>
			<ymin>512</ymin>
			<xmax>835</xmax>
			<ymax>894</ymax>
		</bndbox>
	</object>
	<object>
		<name>ref_fork</name>
		<bndbox>
			<xmin>884</xmin>
			<ymin>575</ymin>
			<xmax>1075</xmax>
			<ymax>1023</ymax>
		</bndbox>
	</object>
	<object>
		<name>ref_coin</name>
		<bndbox>
			<xmin>152</xmin>
			<ymin>934</ymin>
			<xmax>363</xmax>
			<ymax>1092</ymax>
		</bndbox>
	</object>
	<object>
		<name>dish</name>
		<bndbox>
			<xmin>1435</xmin>
			<ymin>634</ymin>
			<xmax>2576</xmax>
			<ymax>1617</ymax>
		</bndbox>
	</object>
	<object>
		<name>치킨윙</name>
		<bndbox>
			<xmin>1554</xmin>
			<ymin>845</ymin>
			<xmax>2428</xmax>
			<ymax>1465</ymax>
		</bndbox>
	</object>
</annotation>