<annotation>
	<folder>side육류부피배달종이박스치킨윙q2</folder>
	<filename>side_육류부피_배달종이박스_치킨윙_Q2_00042.JPG</filename>
	<path>/side육류부피배달종이박스치킨윙q2/side_육류부피_배달종이박스_치킨윙_Q2_00042.JPG</path>
	<source>
		<database>fooddata</database>
	</source>
	<size>
		<width>3008</width>
		<height>2000</height>
		<depth>3</depth>
	</size>
	<object>
		<name>ref_spoon</name>
		<bndbox>
			<xmin>534</xmin>
			<ymin>568</ymin>
			<xmax>835</xmax>
			<ymax>977</ymax>
		</bndbox>
	</object>
	<object>
		<name>ref_fork</name>
		<bndbox>
			<xmin>904</xmin>
			<ymin>631</ymin>
			<xmax>1118</xmax>
			<ymax>1092</ymax>
		</bndbox>
	</object>
	<object>
		<name>ref_coin</name>
		<bndbox>
			<xmin>53</xmin>
			<ymin>1254</ymin>
			<xmax>300</xmax>
			<ymax>1432</ymax>
		</bndbox>
	</object>
	<object>
		<name>dish</name>
		<bndbox>
			<xmin>1448</xmin>
			<ymin>657</ymin>
			<xmax>2813</xmax>
			<ymax>1663</ymax>
		</bndbox>
	</object>
	<object>
		<name>치킨윙</name>
		<bndbox>
			<xmin>1732</xmin>
			<ymin>802</ymin>
			<xmax>2592</xmax>
			<ymax>1501</ymax>
		</bndbox>
	</object>
</annotation>