<annotation>
	<folder>side육류부피배달종이박스치킨윙q2</folder>
	<filename>side_육류부피_배달종이박스_치킨윙_Q2_00012.JPG</filename>
	<path>/side육류부피배달종이박스치킨윙q2/side_육류부피_배달종이박스_치킨윙_Q2_00012.JPG</path>
	<source>
		<database>fooddata</database>
	</source>
	<size>
		<width>3008</width>
		<height>2000</height>
		<depth>3</depth>
	</size>
	<object>
		<name>ref_spoon</name>
		<bndbox>
			<xmin>2032</xmin>
			<ymin>362</ymin>
			<xmax>2347</xmax>
			<ymax>784</ymax>
		</bndbox>
	</object>
	<object>
		<name>ref_fork</name>
		<bndbox>
			<xmin>2480</xmin>
			<ymin>418</ymin>
			<xmax>2703</xmax>
			<ymax>881</ymax>
		</bndbox>
	</object>
	<object>
		<name>ref_coin</name>
		<bndbox>
			<xmin>1926</xmin>
			<ymin>118</ymin>
			<xmax>2144</xmax>
			<ymax>271</ymax>
		</bndbox>
	</object>
	<object>
		<name>dish</name>
		<bndbox>
			<xmin>274</xmin>
			<ymin>576</ymin>
			<xmax>1738</xmax>
			<ymax>1673</ymax>
		</bndbox>
	</object>
	<object>
		<name>치킨윙</name>
		<bndbox>
			<xmin>528</xmin>
			<ymin>784</ymin>
			<xmax>1595</xmax>
			<ymax>1328</ymax>
		</bndbox>
	</object>
</annotation>