<annotation>
	<folder>top육류부피배달종이박스치킨윙q2</folder>
	<filename>top_육류부피_배달종이박스_치킨윙_Q2_00043.JPG</filename>
	<path>/top육류부피배달종이박스치킨윙q2/top_육류부피_배달종이박스_치킨윙_Q2_00043.JPG</path>
	<source>
		<database>fooddata</database>
	</source>
	<size>
		<width>3008</width>
		<height>2000</height>
		<depth>3</depth>
	</size>
	<object>
		<name>ref_spoon</name>
		<bndbox>
			<xmin>565</xmin>
			<ymin>76</ymin>
			<xmax>873</xmax>
			<ymax>543</ymax>
		</bndbox>
	</object>
	<object>
		<name>ref_fork</name>
		<bndbox>
			<xmin>998</xmin>
			<ymin>174</ymin>
			<xmax>1214</xmax>
			<ymax>673</ymax>
		</bndbox>
	</object>
	<object>
		<name>ref_coin</name>
		<bndbox>
			<xmin>253</xmin>
			<ymin>634</ymin>
			<xmax>475</xmax>
			<ymax>850</ymax>
		</bndbox>
	</object>
	<object>
		<name>dish</name>
		<bndbox>
			<xmin>1246</xmin>
			<ymin>280</ymin>
			<xmax>2647</xmax>
			<ymax>1740</ymax>
		</bndbox>
	</object>
	<object>
		<name>치킨윙</name>
		<bndbox>
			<xmin>1433</xmin>
			<ymin>450</ymin>
			<xmax>2428</xmax>
			<ymax>1496</ymax>
		</bndbox>
	</object>
</annotation>