<annotation>
	<folder>top육류부피배달종이박스치킨윙q2</folder>
	<filename>top_육류부피_배달종이박스_치킨윙_Q2_00034.JPG</filename>
	<path>/top육류부피배달종이박스치킨윙q2/top_육류부피_배달종이박스_치킨윙_Q2_00034.JPG</path>
	<source>
		<database>fooddata</database>
	</source>
	<size>
		<width>3008</width>
		<height>2000</height>
		<depth>3</depth>
	</size>
	<object>
		<name>ref_spoon</name>
		<bndbox>
			<xmin>619</xmin>
			<ymin>1580</ymin>
			<xmax>1035</xmax>
			<ymax>1877</ymax>
		</bndbox>
	</object>
	<object>
		<name>ref_fork</name>
		<bndbox>
			<xmin>745</xmin>
			<ymin>1346</ymin>
			<xmax>1185</xmax>
			<ymax>1543</ymax>
		</bndbox>
	</object>
	<object>
		<name>ref_coin</name>
		<bndbox>
			<xmin>2334</xmin>
			<ymin>727</ymin>
			<xmax>2511</xmax>
			<ymax>909</ymax>
		</bndbox>
	</object>
	<object>
		<name>dish</name>
		<bndbox>
			<xmin>990</xmin>
			<ymin>96</ymin>
			<xmax>2182</xmax>
			<ymax>1283</ymax>
		</bndbox>
	</object>
	<object>
		<name>치킨윙</name>
		<bndbox>
			<xmin>1175</xmin>
			<ymin>398</ymin>
			<xmax>1981</xmax>
			<ymax>1197</ymax>
		</bndbox>
	</object>
</annotation>