<annotation>
	<folder>top육류부피배달종이박스치킨윙q2</folder>
	<filename>top_육류부피_배달종이박스_치킨윙_Q2_00025.JPG</filename>
	<path>/top육류부피배달종이박스치킨윙q2/top_육류부피_배달종이박스_치킨윙_Q2_00025.JPG</path>
	<source>
		<database>fooddata</database>
	</source>
	<size>
		<width>3008</width>
		<height>2000</height>
		<depth>3</depth>
	</size>
	<object>
		<name>ref_spoon</name>
		<bndbox>
			<xmin>725</xmin>
			<ymin>1649</ymin>
			<xmax>1106</xmax>
			<ymax>1919</ymax>
		</bndbox>
	</object>
	<object>
		<name>ref_fork</name>
		<bndbox>
			<xmin>814</xmin>
			<ymin>1410</ymin>
			<xmax>1226</xmax>
			<ymax>1592</ymax>
		</bndbox>
	</object>
	<object>
		<name>ref_coin</name>
		<bndbox>
			<xmin>1116</xmin>
			<ymin>1115</ymin>
			<xmax>1298</xmax>
			<ymax>1292</ymax>
		</bndbox>
	</object>
	<object>
		<name>dish</name>
		<bndbox>
			<xmin>1052</xmin>
			<ymin>118</ymin>
			<xmax>2295</xmax>
			<ymax>1327</ymax>
		</bndbox>
	</object>
	<object>
		<name>치킨윙</name>
		<bndbox>
			<xmin>1177</xmin>
			<ymin>442</ymin>
			<xmax>1983</xmax>
			<ymax>1179</ymax>
		</bndbox>
	</object>
</annotation>