<annotation>
	<folder>top육류부피배달종이박스치킨윙q2</folder>
	<filename>top_육류부피_배달종이박스_치킨윙_Q2_00010.JPG</filename>
	<path>/top육류부피배달종이박스치킨윙q2/top_육류부피_배달종이박스_치킨윙_Q2_00010.JPG</path>
	<source>
		<database>fooddata</database>
	</source>
	<size>
		<width>3008</width>
		<height>2000</height>
		<depth>3</depth>
	</size>
	<object>
		<name>ref_spoon</name>
		<bndbox>
			<xmin>1787</xmin>
			<ymin>157</ymin>
			<xmax>2081</xmax>
			<ymax>602</ymax>
		</bndbox>
	</object>
	<object>
		<name>ref_fork</name>
		<bndbox>
			<xmin>2153</xmin>
			<ymin>199</ymin>
			<xmax>2349</xmax>
			<ymax>698</ymax>
		</bndbox>
	</object>
	<object>
		<name>ref_coin</name>
		<bndbox>
			<xmin>2516</xmin>
			<ymin>926</ymin>
			<xmax>2723</xmax>
			<ymax>1135</ymax>
		</bndbox>
	</object>
	<object>
		<name>dish</name>
		<bndbox>
			<xmin>91</xmin>
			<ymin>199</ymin>
			<xmax>1730</xmax>
			<ymax>1801</ymax>
		</bndbox>
	</object>
	<object>
		<name>치킨윙</name>
		<bndbox>
			<xmin>280</xmin>
			<ymin>450</ymin>
			<xmax>1406</xmax>
			<ymax>1270</ymax>
		</bndbox>
	</object>
</annotation>