<annotation>
	<folder>top육류부피배달종이박스치킨윙q2</folder>
	<filename>top_육류부피_배달종이박스_치킨윙_Q2_00024.JPG</filename>
	<path>/top육류부피배달종이박스치킨윙q2/top_육류부피_배달종이박스_치킨윙_Q2_00024.JPG</path>
	<source>
		<database>fooddata</database>
	</source>
	<size>
		<width>3008</width>
		<height>2000</height>
		<depth>3</depth>
	</size>
	<object>
		<name>ref_spoon</name>
		<bndbox>
			<xmin>760</xmin>
			<ymin>1612</ymin>
			<xmax>1145</xmax>
			<ymax>1880</ymax>
		</bndbox>
	</object>
	<object>
		<name>ref_fork</name>
		<bndbox>
			<xmin>850</xmin>
			<ymin>1381</ymin>
			<xmax>1244</xmax>
			<ymax>1555</ymax>
		</bndbox>
	</object>
	<object>
		<name>ref_coin</name>
		<bndbox>
			<xmin>890</xmin>
			<ymin>806</ymin>
			<xmax>1076</xmax>
			<ymax>978</ymax>
		</bndbox>
	</object>
	<object>
		<name>dish</name>
		<bndbox>
			<xmin>1212</xmin>
			<ymin>54</ymin>
			<xmax>2403</xmax>
			<ymax>1265</ymax>
		</bndbox>
	</object>
	<object>
		<name>치킨윙</name>
		<bndbox>
			<xmin>1303</xmin>
			<ymin>413</ymin>
			<xmax>2116</xmax>
			<ymax>1118</ymax>
		</bndbox>
	</object>
</annotation>