<annotation>
	<folder>top육류부피배달종이박스치킨윙q2</folder>
	<filename>top_육류부피_배달종이박스_치킨윙_Q2_00029.JPG</filename>
	<path>/top육류부피배달종이박스치킨윙q2/top_육류부피_배달종이박스_치킨윙_Q2_00029.JPG</path>
	<source>
		<database>fooddata</database>
	</source>
	<size>
		<width>3008</width>
		<height>2000</height>
		<depth>3</depth>
	</size>
	<object>
		<name>ref_spoon</name>
		<bndbox>
			<xmin>701</xmin>
			<ymin>1423</ymin>
			<xmax>1059</xmax>
			<ymax>1678</ymax>
		</bndbox>
	</object>
	<object>
		<name>ref_fork</name>
		<bndbox>
			<xmin>777</xmin>
			<ymin>1204</ymin>
			<xmax>1160</xmax>
			<ymax>1371</ymax>
		</bndbox>
	</object>
	<object>
		<name>ref_coin</name>
		<bndbox>
			<xmin>1615</xmin>
			<ymin>1693</ymin>
			<xmax>1787</xmax>
			<ymax>1870</ymax>
		</bndbox>
	</object>
	<object>
		<name>dish</name>
		<bndbox>
			<xmin>1049</xmin>
			<ymin>86</ymin>
			<xmax>2000</xmax>
			<ymax>1098</ymax>
		</bndbox>
	</object>
	<object>
		<name>치킨윙</name>
		<bndbox>
			<xmin>1229</xmin>
			<ymin>251</ymin>
			<xmax>1904</xmax>
			<ymax>875</ymax>
		</bndbox>
	</object>
</annotation>