<annotation>
	<folder>top육류부피배달종이박스치킨윙q2</folder>
	<filename>top_육류부피_배달종이박스_치킨윙_Q2_00028.JPG</filename>
	<path>/top육류부피배달종이박스치킨윙q2/top_육류부피_배달종이박스_치킨윙_Q2_00028.JPG</path>
	<source>
		<database>fooddata</database>
	</source>
	<size>
		<width>3008</width>
		<height>2000</height>
		<depth>3</depth>
	</size>
	<object>
		<name>ref_spoon</name>
		<bndbox>
			<xmin>649</xmin>
			<ymin>1614</ymin>
			<xmax>1027</xmax>
			<ymax>1882</ymax>
		</bndbox>
	</object>
	<object>
		<name>ref_fork</name>
		<bndbox>
			<xmin>735</xmin>
			<ymin>1388</ymin>
			<xmax>1143</xmax>
			<ymax>1560</ymax>
		</bndbox>
	</object>
	<object>
		<name>ref_coin</name>
		<bndbox>
			<xmin>838</xmin>
			<ymin>1118</ymin>
			<xmax>1020</xmax>
			<ymax>1292</ymax>
		</bndbox>
	</object>
	<object>
		<name>dish</name>
		<bndbox>
			<xmin>1045</xmin>
			<ymin>219</ymin>
			<xmax>2005</xmax>
			<ymax>1187</ymax>
		</bndbox>
	</object>
	<object>
		<name>치킨윙</name>
		<bndbox>
			<xmin>1170</xmin>
			<ymin>334</ymin>
			<xmax>1848</xmax>
			<ymax>990</ymax>
		</bndbox>
	</object>
</annotation>