<annotation>
	<folder>top육류부피배달종이박스치킨윙q2</folder>
	<filename>top_육류부피_배달종이박스_치킨윙_Q2_00048.JPG</filename>
	<path>/top육류부피배달종이박스치킨윙q2/top_육류부피_배달종이박스_치킨윙_Q2_00048.JPG</path>
	<source>
		<database>fooddata</database>
	</source>
	<size>
		<width>3008</width>
		<height>2000</height>
		<depth>3</depth>
	</size>
	<object>
		<name>ref_spoon</name>
		<bndbox>
			<xmin>600</xmin>
			<ymin>59</ymin>
			<xmax>897</xmax>
			<ymax>509</ymax>
		</bndbox>
	</object>
	<object>
		<name>ref_fork</name>
		<bndbox>
			<xmin>1045</xmin>
			<ymin>130</ymin>
			<xmax>1253</xmax>
			<ymax>644</ymax>
		</bndbox>
	</object>
	<object>
		<name>ref_coin</name>
		<bndbox>
			<xmin>1558</xmin>
			<ymin>1558</ymin>
			<xmax>1782</xmax>
			<ymax>1789</ymax>
		</bndbox>
	</object>
	<object>
		<name>dish</name>
		<bndbox>
			<xmin>1354</xmin>
			<ymin>199</ymin>
			<xmax>2647</xmax>
			<ymax>1570</ymax>
		</bndbox>
	</object>
	<object>
		<name>치킨윙</name>
		<bndbox>
			<xmin>1475</xmin>
			<ymin>462</ymin>
			<xmax>2386</xmax>
			<ymax>1260</ymax>
		</bndbox>
	</object>
</annotation>