<annotation>
	<folder>side반찬부피접시총각김치q2</folder>
	<filename>side_반찬부피_접시_총각김치_Q2_00011.JPG</filename>
	<path>/side반찬부피접시총각김치q2/side_반찬부피_접시_총각김치_Q2_00011.JPG</path>
	<source>
		<database>fooddata</database>
	</source>
	<size>
		<width>3008</width>
		<height>2000</height>
		<depth>3</depth>
	</size>
	<object>
		<name>ref_spoon</name>
		<bndbox>
			<xmin>1931</xmin>
			<ymin>365</ymin>
			<xmax>2273</xmax>
			<ymax>814</ymax>
		</bndbox>
	</object>
	<object>
		<name>ref_fork</name>
		<bndbox>
			<xmin>2381</xmin>
			<ymin>382</ymin>
			<xmax>2612</xmax>
			<ymax>890</ymax>
		</bndbox>
	</object>
	<object>
		<name>ref_coin</name>
		<bndbox>
			<xmin>1846</xmin>
			<ymin>211</ymin>
			<xmax>2078</xmax>
			<ymax>365</ymax>
		</bndbox>
	</object>
	<object>
		<name>dish</name>
		<bndbox>
			<xmin>349</xmin>
			<ymin>568</ymin>
			<xmax>1831</xmax>
			<ymax>1606</ymax>
		</bndbox>
	</object>
	<object>
		<name>총각김치</name>
		<bndbox>
			<xmin>676</xmin>
			<ymin>878</ymin>
			<xmax>1421</xmax>
			<ymax>1313</ymax>
		</bndbox>
	</object>
</annotation>