<annotation>
	<folder>side반찬부피접시총각김치q2</folder>
	<filename>side_반찬부피_접시_총각김치_Q2_00033.JPG</filename>
	<path>/side반찬부피접시총각김치q2/side_반찬부피_접시_총각김치_Q2_00033.JPG</path>
	<source>
		<database>fooddata</database>
	</source>
	<size>
		<width>3008</width>
		<height>2000</height>
		<depth>3</depth>
	</size>
	<object>
		<name>ref_spoon</name>
		<bndbox>
			<xmin>596</xmin>
			<ymin>1464</ymin>
			<xmax>1148</xmax>
			<ymax>1767</ymax>
		</bndbox>
	</object>
	<object>
		<name>ref_fork</name>
		<bndbox>
			<xmin>627</xmin>
			<ymin>1137</ymin>
			<xmax>1228</xmax>
			<ymax>1398</ymax>
		</bndbox>
	</object>
	<object>
		<name>ref_coin</name>
		<bndbox>
			<xmin>574</xmin>
			<ymin>602</ymin>
			<xmax>808</xmax>
			<ymax>775</ymax>
		</bndbox>
	</object>
	<object>
		<name>dish</name>
		<bndbox>
			<xmin>1011</xmin>
			<ymin>99</ymin>
			<xmax>2329</xmax>
			<ymax>1027</ymax>
		</bndbox>
	</object>
	<object>
		<name>총각김치</name>
		<bndbox>
			<xmin>1301</xmin>
			<ymin>329</ymin>
			<xmax>1978</xmax>
			<ymax>690</ymax>
		</bndbox>
	</object>
</annotation>