<annotation>
	<folder>side반찬부피접시총각김치q2</folder>
	<filename>side_반찬부피_접시_총각김치_Q2_00014.JPG</filename>
	<path>/side반찬부피접시총각김치q2/side_반찬부피_접시_총각김치_Q2_00014.JPG</path>
	<source>
		<database>fooddata</database>
	</source>
	<size>
		<width>3008</width>
		<height>2000</height>
		<depth>3</depth>
	</size>
	<object>
		<name>ref_spoon</name>
		<bndbox>
			<xmin>1773</xmin>
			<ymin>285</ymin>
			<xmax>2107</xmax>
			<ymax>714</ymax>
		</bndbox>
	</object>
	<object>
		<name>ref_fork</name>
		<bndbox>
			<xmin>2219</xmin>
			<ymin>304</ymin>
			<xmax>2454</xmax>
			<ymax>822</ymax>
		</bndbox>
	</object>
	<object>
		<name>ref_coin</name>
		<bndbox>
			<xmin>2676</xmin>
			<ymin>736</ymin>
			<xmax>2927</xmax>
			<ymax>917</ymax>
		</bndbox>
	</object>
	<object>
		<name>dish</name>
		<bndbox>
			<xmin>271</xmin>
			<ymin>473</ymin>
			<xmax>1755</xmax>
			<ymax>1501</ymax>
		</bndbox>
	</object>
	<object>
		<name>총각김치</name>
		<bndbox>
			<xmin>654</xmin>
			<ymin>658</ymin>
			<xmax>1284</xmax>
			<ymax>1222</ymax>
		</bndbox>
	</object>
</annotation>