<annotation>
	<folder>side반찬부피접시총각김치q2</folder>
	<filename>side_반찬부피_접시_총각김치_Q2_00003.JPG</filename>
	<path>/side반찬부피접시총각김치q2/side_반찬부피_접시_총각김치_Q2_00003.JPG</path>
	<source>
		<database>fooddata</database>
	</source>
	<size>
		<width>3008</width>
		<height>2000</height>
		<depth>3</depth>
	</size>
	<object>
		<name>ref_spoon</name>
		<bndbox>
			<xmin>1792</xmin>
			<ymin>202</ymin>
			<xmax>2131</xmax>
			<ymax>639</ymax>
		</bndbox>
	</object>
	<object>
		<name>ref_fork</name>
		<bndbox>
			<xmin>2234</xmin>
			<ymin>228</ymin>
			<xmax>2466</xmax>
			<ymax>749</ymax>
		</bndbox>
	</object>
	<object>
		<name>ref_coin</name>
		<bndbox>
			<xmin>1091</xmin>
			<ymin>1493</ymin>
			<xmax>1367</xmax>
			<ymax>1706</ymax>
		</bndbox>
	</object>
	<object>
		<name>dish</name>
		<bndbox>
			<xmin>266</xmin>
			<ymin>275</ymin>
			<xmax>1724</xmax>
			<ymax>1288</ymax>
		</bndbox>
	</object>
	<object>
		<name>총각김치</name>
		<bndbox>
			<xmin>718</xmin>
			<ymin>463</ymin>
			<xmax>1296</xmax>
			<ymax>1056</ymax>
		</bndbox>
	</object>
</annotation>