<annotation>
	<folder>side반찬부피접시총각김치q2</folder>
	<filename>side_반찬부피_접시_총각김치_Q2_00017.JPG</filename>
	<path>/side반찬부피접시총각김치q2/side_반찬부피_접시_총각김치_Q2_00017.JPG</path>
	<source>
		<database>fooddata</database>
	</source>
	<size>
		<width>3008</width>
		<height>2000</height>
		<depth>3</depth>
	</size>
	<object>
		<name>ref_spoon</name>
		<bndbox>
			<xmin>1636</xmin>
			<ymin>219</ymin>
			<xmax>1983</xmax>
			<ymax>666</ymax>
		</bndbox>
	</object>
	<object>
		<name>ref_fork</name>
		<bndbox>
			<xmin>2095</xmin>
			<ymin>228</ymin>
			<xmax>2329</xmax>
			<ymax>739</ymax>
		</bndbox>
	</object>
	<object>
		<name>ref_coin</name>
		<bndbox>
			<xmin>2515</xmin>
			<ymin>1645</ymin>
			<xmax>2798</xmax>
			<ymax>1859</ymax>
		</bndbox>
	</object>
	<object>
		<name>dish</name>
		<bndbox>
			<xmin>129</xmin>
			<ymin>346</ymin>
			<xmax>1602</xmax>
			<ymax>1361</ymax>
		</bndbox>
	</object>
	<object>
		<name>총각김치</name>
		<bndbox>
			<xmin>510</xmin>
			<ymin>526</ymin>
			<xmax>1272</xmax>
			<ymax>1059</ymax>
		</bndbox>
	</object>
</annotation>