<annotation>
	<folder>side반찬부피접시총각김치q2</folder>
	<filename>side_반찬부피_접시_총각김치_Q2_00032.JPG</filename>
	<path>/side반찬부피접시총각김치q2/side_반찬부피_접시_총각김치_Q2_00032.JPG</path>
	<source>
		<database>fooddata</database>
	</source>
	<size>
		<width>3008</width>
		<height>2000</height>
		<depth>3</depth>
	</size>
	<object>
		<name>ref_spoon</name>
		<bndbox>
			<xmin>483</xmin>
			<ymin>1537</ymin>
			<xmax>1050</xmax>
			<ymax>1842</ymax>
		</bndbox>
	</object>
	<object>
		<name>ref_fork</name>
		<bndbox>
			<xmin>515</xmin>
			<ymin>1212</ymin>
			<xmax>1133</xmax>
			<ymax>1471</ymax>
		</bndbox>
	</object>
	<object>
		<name>ref_coin</name>
		<bndbox>
			<xmin>356</xmin>
			<ymin>353</ymin>
			<xmax>584</xmax>
			<ymax>514</ymax>
		</bndbox>
	</object>
	<object>
		<name>dish</name>
		<bndbox>
			<xmin>869</xmin>
			<ymin>175</ymin>
			<xmax>2188</xmax>
			<ymax>1107</ymax>
		</bndbox>
	</object>
	<object>
		<name>총각김치</name>
		<bndbox>
			<xmin>1211</xmin>
			<ymin>394</ymin>
			<xmax>1777</xmax>
			<ymax>817</ymax>
		</bndbox>
	</object>
</annotation>