<annotation>
	<folder>side반찬부피접시총각김치q2</folder>
	<filename>side_반찬부피_접시_총각김치_Q2_00025.JPG</filename>
	<path>/side반찬부피접시총각김치q2/side_반찬부피_접시_총각김치_Q2_00025.JPG</path>
	<source>
		<database>fooddata</database>
	</source>
	<size>
		<width>3008</width>
		<height>2000</height>
		<depth>3</depth>
	</size>
	<object>
		<name>ref_spoon</name>
		<bndbox>
			<xmin>601</xmin>
			<ymin>1452</ymin>
			<xmax>1172</xmax>
			<ymax>1740</ymax>
		</bndbox>
	</object>
	<object>
		<name>ref_fork</name>
		<bndbox>
			<xmin>632</xmin>
			<ymin>1215</ymin>
			<xmax>1262</xmax>
			<ymax>1457</ymax>
		</bndbox>
	</object>
	<object>
		<name>ref_coin</name>
		<bndbox>
			<xmin>2327</xmin>
			<ymin>707</ymin>
			<xmax>2569</xmax>
			<ymax>888</ymax>
		</bndbox>
	</object>
	<object>
		<name>dish</name>
		<bndbox>
			<xmin>835</xmin>
			<ymin>109</ymin>
			<xmax>2168</xmax>
			<ymax>1063</ymax>
		</bndbox>
	</object>
	<object>
		<name>총각김치</name>
		<bndbox>
			<xmin>1294</xmin>
			<ymin>309</ymin>
			<xmax>1807</xmax>
			<ymax>795</ymax>
		</bndbox>
	</object>
</annotation>