<annotation>
	<folder>side반찬부피접시총각김치q2</folder>
	<filename>side_반찬부피_접시_총각김치_Q2_00020.JPG</filename>
	<path>/side반찬부피접시총각김치q2/side_반찬부피_접시_총각김치_Q2_00020.JPG</path>
	<source>
		<database>fooddata</database>
	</source>
	<size>
		<width>3008</width>
		<height>2000</height>
		<depth>3</depth>
	</size>
	<object>
		<name>ref_spoon</name>
		<bndbox>
			<xmin>1755</xmin>
			<ymin>145</ymin>
			<xmax>2100</xmax>
			<ymax>592</ymax>
		</bndbox>
	</object>
	<object>
		<name>ref_fork</name>
		<bndbox>
			<xmin>2207</xmin>
			<ymin>155</ymin>
			<xmax>2449</xmax>
			<ymax>697</ymax>
		</bndbox>
	</object>
	<object>
		<name>ref_coin</name>
		<bndbox>
			<xmin>986</xmin>
			<ymin>1557</ymin>
			<xmax>1272</xmax>
			<ymax>1776</ymax>
		</bndbox>
	</object>
	<object>
		<name>dish</name>
		<bndbox>
			<xmin>342</xmin>
			<ymin>324</ymin>
			<xmax>1829</xmax>
			<ymax>1347</ymax>
		</bndbox>
	</object>
	<object>
		<name>총각김치</name>
		<bndbox>
			<xmin>833</xmin>
			<ymin>573</ymin>
			<xmax>1453</xmax>
			<ymax>1154</ymax>
		</bndbox>
	</object>
</annotation>