<annotation>
	<folder>top반찬부피접시총각김치q2</folder>
	<filename>top_반찬부피_접시_총각김치_Q2_00013.JPG</filename>
	<path>/top반찬부피접시총각김치q2/top_반찬부피_접시_총각김치_Q2_00013.JPG</path>
	<source>
		<database>fooddata</database>
	</source>
	<size>
		<width>3008</width>
		<height>2000</height>
		<depth>3</depth>
	</size>
	<object>
		<name>ref_spoon</name>
		<bndbox>
			<xmin>1791</xmin>
			<ymin>116</ymin>
			<xmax>2069</xmax>
			<ymax>551</ymax>
		</bndbox>
	</object>
	<object>
		<name>ref_fork</name>
		<bndbox>
			<xmin>2231</xmin>
			<ymin>134</ymin>
			<xmax>2421</xmax>
			<ymax>606</ymax>
		</bndbox>
	</object>
	<object>
		<name>ref_coin</name>
		<bndbox>
			<xmin>1601</xmin>
			<ymin>1375</ymin>
			<xmax>1819</xmax>
			<ymax>1588</ymax>
		</bndbox>
	</object>
	<object>
		<name>dish</name>
		<bndbox>
			<xmin>407</xmin>
			<ymin>412</ymin>
			<xmax>1615</xmax>
			<ymax>1620</ymax>
		</bndbox>
	</object>
	<object>
		<name>총각김치</name>
		<bndbox>
			<xmin>879</xmin>
			<ymin>676</ymin>
			<xmax>1360</xmax>
			<ymax>1259</ymax>
		</bndbox>
	</object>
</annotation>