<annotation>
	<folder>top반찬부피접시총각김치q2</folder>
	<filename>top_반찬부피_접시_총각김치_Q2_00031.JPG</filename>
	<path>/top반찬부피접시총각김치q2/top_반찬부피_접시_총각김치_Q2_00031.JPG</path>
	<source>
		<database>fooddata</database>
	</source>
	<size>
		<width>3008</width>
		<height>2000</height>
		<depth>3</depth>
	</size>
	<object>
		<name>ref_spoon</name>
		<bndbox>
			<xmin>1083</xmin>
			<ymin>1583</ymin>
			<xmax>1485</xmax>
			<ymax>1884</ymax>
		</bndbox>
	</object>
	<object>
		<name>ref_fork</name>
		<bndbox>
			<xmin>1138</xmin>
			<ymin>1301</ymin>
			<xmax>1550</xmax>
			<ymax>1505</ymax>
		</bndbox>
	</object>
	<object>
		<name>ref_coin</name>
		<bndbox>
			<xmin>1013</xmin>
			<ymin>912</ymin>
			<xmax>1212</xmax>
			<ymax>1106</ymax>
		</bndbox>
	</object>
	<object>
		<name>dish</name>
		<bndbox>
			<xmin>1314</xmin>
			<ymin>144</ymin>
			<xmax>2402</xmax>
			<ymax>1231</ymax>
		</bndbox>
	</object>
	<object>
		<name>총각김치</name>
		<bndbox>
			<xmin>1629</xmin>
			<ymin>523</ymin>
			<xmax>2148</xmax>
			<ymax>898</ymax>
		</bndbox>
	</object>
</annotation>