<annotation>
	<folder>top반찬부피접시총각김치q2</folder>
	<filename>top_반찬부피_접시_총각김치_Q2_00017.JPG</filename>
	<path>/top반찬부피접시총각김치q2/top_반찬부피_접시_총각김치_Q2_00017.JPG</path>
	<source>
		<database>fooddata</database>
	</source>
	<size>
		<width>3008</width>
		<height>2000</height>
		<depth>3</depth>
	</size>
	<object>
		<name>ref_spoon</name>
		<bndbox>
			<xmin>1877</xmin>
			<ymin>130</ymin>
			<xmax>2182</xmax>
			<ymax>639</ymax>
		</bndbox>
	</object>
	<object>
		<name>ref_fork</name>
		<bndbox>
			<xmin>2366</xmin>
			<ymin>138</ymin>
			<xmax>2568</xmax>
			<ymax>690</ymax>
		</bndbox>
	</object>
	<object>
		<name>ref_coin</name>
		<bndbox>
			<xmin>1575</xmin>
			<ymin>533</ymin>
			<xmax>1794</xmax>
			<ymax>754</ymax>
		</bndbox>
	</object>
	<object>
		<name>dish</name>
		<bndbox>
			<xmin>283</xmin>
			<ymin>472</ymin>
			<xmax>1637</xmax>
			<ymax>1801</ymax>
		</bndbox>
	</object>
	<object>
		<name>총각김치</name>
		<bndbox>
			<xmin>678</xmin>
			<ymin>946</ymin>
			<xmax>1349</xmax>
			<ymax>1504</ymax>
		</bndbox>
	</object>
</annotation>