<annotation>
	<folder>top반찬부피접시총각김치q2</folder>
	<filename>top_반찬부피_접시_총각김치_Q2_00004.JPG</filename>
	<path>/top반찬부피접시총각김치q2/top_반찬부피_접시_총각김치_Q2_00004.JPG</path>
	<source>
		<database>fooddata</database>
	</source>
	<size>
		<width>3008</width>
		<height>2000</height>
		<depth>3</depth>
	</size>
	<object>
		<name>ref_spoon</name>
		<bndbox>
			<xmin>1805</xmin>
			<ymin>185</ymin>
			<xmax>2115</xmax>
			<ymax>653</ymax>
		</bndbox>
	</object>
	<object>
		<name>ref_fork</name>
		<bndbox>
			<xmin>2296</xmin>
			<ymin>218</ymin>
			<xmax>2518</xmax>
			<ymax>704</ymax>
		</bndbox>
	</object>
	<object>
		<name>ref_coin</name>
		<bndbox>
			<xmin>805</xmin>
			<ymin>116</ymin>
			<xmax>1032</xmax>
			<ymax>347</ymax>
		</bndbox>
	</object>
	<object>
		<name>dish</name>
		<bndbox>
			<xmin>495</xmin>
			<ymin>477</ymin>
			<xmax>1819</xmax>
			<ymax>1801</ymax>
		</bndbox>
	</object>
	<object>
		<name>총각김치</name>
		<bndbox>
			<xmin>944</xmin>
			<ymin>907</ymin>
			<xmax>1444</xmax>
			<ymax>1505</ymax>
		</bndbox>
	</object>
</annotation>