<annotation>
	<folder>재작업2</folder>
	<filename>top_반찬부피_접시_총각김치_Q2_00053.JPG</filename>
	<path>/top반찬부피접시총각김치q2/top_반찬부피_접시_총각김치_Q2_00053.JPG</path>
	<source>
		<database>fooddata</database>
	</source>
	<size>
		<width>3008</width>
		<height>2000</height>
		<depth>3</depth>
	</size>
	<object>
		<name>ref_spoon</name>
		<bndbox>
			<xmin>504</xmin>
			<ymin>120</ymin>
			<xmax>834</xmax>
			<ymax>613</ymax>
		</bndbox>
	</object>
	<object>
		<name>ref_fork</name>
		<bndbox>
			<xmin>943</xmin>
			<ymin>142</ymin>
			<xmax>1163</xmax>
			<ymax>703</ymax>
		</bndbox>
	</object>
	<object>
		<name>ref_coin</name>
		<bndbox>
			<xmin>1553</xmin>
			<ymin>1482</ymin>
			<xmax>1790</xmax>
			<ymax>1730</ymax>
		</bndbox>
	</object>
	<object>
		<name>dish</name>
		<bndbox>
			<xmin>1392</xmin>
			<ymin>136</ymin>
			<xmax>2706</xmax>
			<ymax>1444</ymax>
		</bndbox>
	</object>
	<object>
		<name>총각김치</name>
		<bndbox>
			<xmin>1804</xmin>
			<ymin>455</ymin>
			<xmax>2335</xmax>
			<ymax>1093</ymax>
		</bndbox>
	</object>
</annotation>