<annotation>
	<folder>top반찬부피접시총각김치q2</folder>
	<filename>top_반찬부피_접시_총각김치_Q2_00028.JPG</filename>
	<path>/top반찬부피접시총각김치q2/top_반찬부피_접시_총각김치_Q2_00028.JPG</path>
	<source>
		<database>fooddata</database>
	</source>
	<size>
		<width>3008</width>
		<height>2000</height>
		<depth>3</depth>
	</size>
	<object>
		<name>ref_spoon</name>
		<bndbox>
			<xmin>953</xmin>
			<ymin>1611</ymin>
			<xmax>1370</xmax>
			<ymax>1880</ymax>
		</bndbox>
	</object>
	<object>
		<name>ref_fork</name>
		<bndbox>
			<xmin>1009</xmin>
			<ymin>1343</ymin>
			<xmax>1411</xmax>
			<ymax>1528</ymax>
		</bndbox>
	</object>
	<object>
		<name>ref_coin</name>
		<bndbox>
			<xmin>1009</xmin>
			<ymin>204</ymin>
			<xmax>1185</xmax>
			<ymax>384</ymax>
		</bndbox>
	</object>
	<object>
		<name>dish</name>
		<bndbox>
			<xmin>1097</xmin>
			<ymin>287</ymin>
			<xmax>2110</xmax>
			<ymax>1315</ymax>
		</bndbox>
	</object>
	<object>
		<name>총각김치</name>
		<bndbox>
			<xmin>1448</xmin>
			<ymin>556</ymin>
			<xmax>1819</xmax>
			<ymax>1037</ymax>
		</bndbox>
	</object>
</annotation>