<annotation>
	<folder>top반찬부피접시총각김치q2</folder>
	<filename>top_반찬부피_접시_총각김치_Q2_00030.JPG</filename>
	<path>/top반찬부피접시총각김치q2/top_반찬부피_접시_총각김치_Q2_00030.JPG</path>
	<source>
		<database>fooddata</database>
	</source>
	<size>
		<width>3008</width>
		<height>2000</height>
		<depth>3</depth>
	</size>
	<object>
		<name>ref_spoon</name>
		<bndbox>
			<xmin>1073</xmin>
			<ymin>1602</ymin>
			<xmax>1481</xmax>
			<ymax>1907</ymax>
		</bndbox>
	</object>
	<object>
		<name>ref_fork</name>
		<bndbox>
			<xmin>1110</xmin>
			<ymin>1329</ymin>
			<xmax>1541</xmax>
			<ymax>1519</ymax>
		</bndbox>
	</object>
	<object>
		<name>ref_coin</name>
		<bndbox>
			<xmin>879</xmin>
			<ymin>699</ymin>
			<xmax>1073</xmax>
			<ymax>898</ymax>
		</bndbox>
	</object>
	<object>
		<name>dish</name>
		<bndbox>
			<xmin>1286</xmin>
			<ymin>148</ymin>
			<xmax>2374</xmax>
			<ymax>1241</ymax>
		</bndbox>
	</object>
	<object>
		<name>총각김치</name>
		<bndbox>
			<xmin>1643</xmin>
			<ymin>509</ymin>
			<xmax>2087</xmax>
			<ymax>921</ymax>
		</bndbox>
	</object>
</annotation>