<annotation>
	<folder>top반찬부피접시총각김치q2</folder>
	<filename>top_반찬부피_접시_총각김치_Q2_00050.JPG</filename>
	<path>/top반찬부피접시총각김치q2/top_반찬부피_접시_총각김치_Q2_00050.JPG</path>
	<source>
		<database>fooddata</database>
	</source>
	<size>
		<width>3008</width>
		<height>2000</height>
		<depth>3</depth>
	</size>
	<object>
		<name>ref_spoon</name>
		<bndbox>
			<xmin>337</xmin>
			<ymin>306</ymin>
			<xmax>708</xmax>
			<ymax>852</ymax>
		</bndbox>
	</object>
	<object>
		<name>ref_fork</name>
		<bndbox>
			<xmin>819</xmin>
			<ymin>343</ymin>
			<xmax>1064</xmax>
			<ymax>926</ymax>
		</bndbox>
	</object>
	<object>
		<name>ref_coin</name>
		<bndbox>
			<xmin>1485</xmin>
			<ymin>144</ymin>
			<xmax>1740</xmax>
			<ymax>403</ymax>
		</bndbox>
	</object>
	<object>
		<name>dish</name>
		<bndbox>
			<xmin>1282</xmin>
			<ymin>417</ymin>
			<xmax>2763</xmax>
			<ymax>1898</ymax>
		</bndbox>
	</object>
	<object>
		<name>총각김치</name>
		<bndbox>
			<xmin>1694</xmin>
			<ymin>926</ymin>
			<xmax>2388</xmax>
			<ymax>1565</ymax>
		</bndbox>
	</object>
</annotation>