<annotation>
	<folder>top반찬부피접시총각김치q2</folder>
	<filename>top_반찬부피_접시_총각김치_Q2_00009.JPG</filename>
	<path>/top반찬부피접시총각김치q2/top_반찬부피_접시_총각김치_Q2_00009.JPG</path>
	<source>
		<database>fooddata</database>
	</source>
	<size>
		<width>3008</width>
		<height>2000</height>
		<depth>3</depth>
	</size>
	<object>
		<name>ref_spoon</name>
		<bndbox>
			<xmin>2046</xmin>
			<ymin>204</ymin>
			<xmax>2360</xmax>
			<ymax>671</ymax>
		</bndbox>
	</object>
	<object>
		<name>ref_fork</name>
		<bndbox>
			<xmin>2523</xmin>
			<ymin>255</ymin>
			<xmax>2749</xmax>
			<ymax>750</ymax>
		</bndbox>
	</object>
	<object>
		<name>ref_coin</name>
		<bndbox>
			<xmin>351</xmin>
			<ymin>1458</ymin>
			<xmax>597</xmax>
			<ymax>1699</ymax>
		</bndbox>
	</object>
	<object>
		<name>dish</name>
		<bndbox>
			<xmin>680</xmin>
			<ymin>458</ymin>
			<xmax>1995</xmax>
			<ymax>1782</ymax>
		</bndbox>
	</object>
	<object>
		<name>총각김치</name>
		<bndbox>
			<xmin>967</xmin>
			<ymin>745</ymin>
			<xmax>1610</xmax>
			<ymax>1319</ymax>
		</bndbox>
	</object>
</annotation>