<annotation>
	<folder>top반찬부피접시총각김치q2</folder>
	<filename>top_반찬부피_접시_총각김치_Q2_00015.JPG</filename>
	<path>/top반찬부피접시총각김치q2/top_반찬부피_접시_총각김치_Q2_00015.JPG</path>
	<source>
		<database>fooddata</database>
	</source>
	<size>
		<width>3008</width>
		<height>2000</height>
		<depth>3</depth>
	</size>
	<object>
		<name>ref_spoon</name>
		<bndbox>
			<xmin>1823</xmin>
			<ymin>190</ymin>
			<xmax>2115</xmax>
			<ymax>625</ymax>
		</bndbox>
	</object>
	<object>
		<name>ref_fork</name>
		<bndbox>
			<xmin>2273</xmin>
			<ymin>208</ymin>
			<xmax>2462</xmax>
			<ymax>718</ymax>
		</bndbox>
	</object>
	<object>
		<name>ref_coin</name>
		<bndbox>
			<xmin>1615</xmin>
			<ymin>1102</ymin>
			<xmax>1823</xmax>
			<ymax>1324</ymax>
		</bndbox>
	</object>
	<object>
		<name>dish</name>
		<bndbox>
			<xmin>314</xmin>
			<ymin>398</ymin>
			<xmax>1573</xmax>
			<ymax>1634</ymax>
		</bndbox>
	</object>
	<object>
		<name>총각김치</name>
		<bndbox>
			<xmin>745</xmin>
			<ymin>745</ymin>
			<xmax>1319</xmax>
			<ymax>1222</ymax>
		</bndbox>
	</object>
</annotation>