<annotation>
	<folder>side오므라이스사각배달오므라이스q5</folder>
	<filename>side_오므라이스_사각배달_오므라이스_Q5_00030.JPG</filename>
	<path>/side오므라이스사각배달오므라이스q5/side_오므라이스_사각배달_오므라이스_Q5_00030.JPG</path>
	<source>
		<database>fooddata</database>
	</source>
	<size>
		<width>3008</width>
		<height>2000</height>
		<depth>3</depth>
	</size>
	<object>
		<name>ref_spoon</name>
		<bndbox>
			<xmin>910</xmin>
			<ymin>1592</ymin>
			<xmax>1362</xmax>
			<ymax>1816</ymax>
		</bndbox>
	</object>
	<object>
		<name>ref_fork</name>
		<bndbox>
			<xmin>920</xmin>
			<ymin>1379</ymin>
			<xmax>1397</xmax>
			<ymax>1587</ymax>
		</bndbox>
	</object>
	<object>
		<name>ref_coin</name>
		<bndbox>
			<xmin>1921</xmin>
			<ymin>1739</ymin>
			<xmax>2154</xmax>
			<ymax>1902</ymax>
		</bndbox>
	</object>
	<object>
		<name>dish</name>
		<bndbox>
			<xmin>854</xmin>
			<ymin>271</ymin>
			<xmax>2200</xmax>
			<ymax>1312</ymax>
		</bndbox>
	</object>
	<object>
		<name>오므라이스</name>
		<bndbox>
			<xmin>1098</xmin>
			<ymin>469</ymin>
			<xmax>1931</xmax>
			<ymax>1058</ymax>
		</bndbox>
	</object>
</annotation>