<annotation>
	<folder>side오므라이스사각배달오므라이스q5</folder>
	<filename>side_오므라이스_사각배달_오므라이스_Q5_00016.JPG</filename>
	<path>/side오므라이스사각배달오므라이스q5/side_오므라이스_사각배달_오므라이스_Q5_00016.JPG</path>
	<source>
		<database>fooddata</database>
	</source>
	<size>
		<width>3008</width>
		<height>2000</height>
		<depth>3</depth>
	</size>
	<object>
		<name>ref_spoon</name>
		<bndbox>
			<xmin>2093</xmin>
			<ymin>444</ymin>
			<xmax>2358</xmax>
			<ymax>748</ymax>
		</bndbox>
	</object>
	<object>
		<name>ref_fork</name>
		<bndbox>
			<xmin>2480</xmin>
			<ymin>489</ymin>
			<xmax>2662</xmax>
			<ymax>815</ymax>
		</bndbox>
	</object>
	<object>
		<name>ref_coin</name>
		<bndbox>
			<xmin>2363</xmin>
			<ymin>291</ymin>
			<xmax>2541</xmax>
			<ymax>403</ymax>
		</bndbox>
	</object>
	<object>
		<name>dish</name>
		<bndbox>
			<xmin>574</xmin>
			<ymin>479</ymin>
			<xmax>1931</xmax>
			<ymax>1292</ymax>
		</bndbox>
	</object>
	<object>
		<name>오므라이스</name>
		<bndbox>
			<xmin>681</xmin>
			<ymin>733</ymin>
			<xmax>1799</xmax>
			<ymax>1033</ymax>
		</bndbox>
	</object>
</annotation>