<annotation>
	<folder>side오므라이스사각배달오므라이스q5</folder>
	<filename>side_오므라이스_사각배달_오므라이스_Q5_00005.JPG</filename>
	<path>/side오므라이스사각배달오므라이스q5/side_오므라이스_사각배달_오므라이스_Q5_00005.JPG</path>
	<source>
		<database>fooddata</database>
	</source>
	<size>
		<width>3008</width>
		<height>2000</height>
		<depth>3</depth>
	</size>
	<object>
		<name>ref_spoon</name>
		<bndbox>
			<xmin>2017</xmin>
			<ymin>662</ymin>
			<xmax>2281</xmax>
			<ymax>967</ymax>
		</bndbox>
	</object>
	<object>
		<name>ref_fork</name>
		<bndbox>
			<xmin>2393</xmin>
			<ymin>728</ymin>
			<xmax>2586</xmax>
			<ymax>1064</ymax>
		</bndbox>
	</object>
	<object>
		<name>ref_coin</name>
		<bndbox>
			<xmin>625</xmin>
			<ymin>1516</ymin>
			<xmax>833</xmax>
			<ymax>1658</ymax>
		</bndbox>
	</object>
	<object>
		<name>dish</name>
		<bndbox>
			<xmin>630</xmin>
			<ymin>601</ymin>
			<xmax>2022</xmax>
			<ymax>1475</ymax>
		</bndbox>
	</object>
	<object>
		<name>오므라이스</name>
		<bndbox>
			<xmin>752</xmin>
			<ymin>825</ymin>
			<xmax>1844</xmax>
			<ymax>1221</ymax>
		</bndbox>
	</object>
</annotation>