<annotation>
	<folder>side오므라이스사각배달오므라이스q5</folder>
	<filename>side_오므라이스_사각배달_오므라이스_Q5_00033.JPG</filename>
	<path>/side오므라이스사각배달오므라이스q5/side_오므라이스_사각배달_오므라이스_Q5_00033.JPG</path>
	<source>
		<database>fooddata</database>
	</source>
	<size>
		<width>3008</width>
		<height>2000</height>
		<depth>3</depth>
	</size>
	<object>
		<name>ref_spoon</name>
		<bndbox>
			<xmin>849</xmin>
			<ymin>1531</ymin>
			<xmax>1286</xmax>
			<ymax>1739</ymax>
		</bndbox>
	</object>
	<object>
		<name>ref_fork</name>
		<bndbox>
			<xmin>874</xmin>
			<ymin>1338</ymin>
			<xmax>1341</xmax>
			<ymax>1526</ymax>
		</bndbox>
	</object>
	<object>
		<name>ref_coin</name>
		<bndbox>
			<xmin>620</xmin>
			<ymin>1755</ymin>
			<xmax>828</xmax>
			<ymax>1917</ymax>
		</bndbox>
	</object>
	<object>
		<name>dish</name>
		<bndbox>
			<xmin>889</xmin>
			<ymin>276</ymin>
			<xmax>2170</xmax>
			<ymax>1257</ymax>
		</bndbox>
	</object>
	<object>
		<name>오므라이스</name>
		<bndbox>
			<xmin>1062</xmin>
			<ymin>489</ymin>
			<xmax>2012</xmax>
			<ymax>992</ymax>
		</bndbox>
	</object>
</annotation>