<annotation>
	<folder>side오므라이스사각배달오므라이스q5</folder>
	<filename>side_오므라이스_사각배달_오므라이스_Q5_00015.JPG</filename>
	<path>/side오므라이스사각배달오므라이스q5/side_오므라이스_사각배달_오므라이스_Q5_00015.JPG</path>
	<source>
		<database>fooddata</database>
	</source>
	<size>
		<width>3008</width>
		<height>2000</height>
		<depth>3</depth>
	</size>
	<object>
		<name>ref_spoon</name>
		<bndbox>
			<xmin>2073</xmin>
			<ymin>489</ymin>
			<xmax>2332</xmax>
			<ymax>784</ymax>
		</bndbox>
	</object>
	<object>
		<name>ref_fork</name>
		<bndbox>
			<xmin>2459</xmin>
			<ymin>515</ymin>
			<xmax>2652</xmax>
			<ymax>845</ymax>
		</bndbox>
	</object>
	<object>
		<name>ref_coin</name>
		<bndbox>
			<xmin>2195</xmin>
			<ymin>357</ymin>
			<xmax>2373</xmax>
			<ymax>464</ymax>
		</bndbox>
	</object>
	<object>
		<name>dish</name>
		<bndbox>
			<xmin>711</xmin>
			<ymin>398</ymin>
			<xmax>1921</xmax>
			<ymax>1485</ymax>
		</bndbox>
	</object>
	<object>
		<name>오므라이스</name>
		<bndbox>
			<xmin>935</xmin>
			<ymin>611</ymin>
			<xmax>1636</xmax>
			<ymax>1221</ymax>
		</bndbox>
	</object>
</annotation>