<annotation>
	<folder>side오므라이스사각배달오므라이스q5</folder>
	<filename>side_오므라이스_사각배달_오므라이스_Q5_00001.JPG</filename>
	<path>/side오므라이스사각배달오므라이스q5/side_오므라이스_사각배달_오므라이스_Q5_00001.JPG</path>
	<source>
		<database>fooddata</database>
	</source>
	<size>
		<width>3008</width>
		<height>2000</height>
		<depth>3</depth>
	</size>
	<object>
		<name>ref_spoon</name>
		<bndbox>
			<xmin>1768</xmin>
			<ymin>632</ymin>
			<xmax>2022</xmax>
			<ymax>942</ymax>
		</bndbox>
	</object>
	<object>
		<name>ref_fork</name>
		<bndbox>
			<xmin>2139</xmin>
			<ymin>693</ymin>
			<xmax>2317</xmax>
			<ymax>1033</ymax>
		</bndbox>
	</object>
	<object>
		<name>ref_coin</name>
		<bndbox>
			<xmin>1504</xmin>
			<ymin>1678</ymin>
			<xmax>1722</xmax>
			<ymax>1831</ymax>
		</bndbox>
	</object>
	<object>
		<name>dish</name>
		<bndbox>
			<xmin>772</xmin>
			<ymin>505</ymin>
			<xmax>1697</xmax>
			<ymax>1526</ymax>
		</bndbox>
	</object>
	<object>
		<name>오므라이스</name>
		<bndbox>
			<xmin>935</xmin>
			<ymin>657</ymin>
			<xmax>1534</xmax>
			<ymax>1277</ymax>
		</bndbox>
	</object>
</annotation>