<annotation>
	<folder>side오므라이스사각배달오므라이스q5</folder>
	<filename>side_오므라이스_사각배달_오므라이스_Q5_00055.JPG</filename>
	<path>/side오므라이스사각배달오므라이스q5/side_오므라이스_사각배달_오므라이스_Q5_00055.JPG</path>
	<source>
		<database>fooddata</database>
	</source>
	<size>
		<width>3008</width>
		<height>2000</height>
		<depth>3</depth>
	</size>
	<object>
		<name>ref_spoon</name>
		<bndbox>
			<xmin>193</xmin>
			<ymin>713</ymin>
			<xmax>478</xmax>
			<ymax>1043</ymax>
		</bndbox>
	</object>
	<object>
		<name>ref_fork</name>
		<bndbox>
			<xmin>579</xmin>
			<ymin>754</ymin>
			<xmax>777</xmax>
			<ymax>1119</ymax>
		</bndbox>
	</object>
	<object>
		<name>ref_coin</name>
		<bndbox>
			<xmin>2297</xmin>
			<ymin>1414</ymin>
			<xmax>2515</xmax>
			<ymax>1577</ymax>
		</bndbox>
	</object>
	<object>
		<name>dish</name>
		<bndbox>
			<xmin>940</xmin>
			<ymin>571</ymin>
			<xmax>1971</xmax>
			<ymax>1678</ymax>
		</bndbox>
	</object>
	<object>
		<name>오므라이스</name>
		<bndbox>
			<xmin>1031</xmin>
			<ymin>708</ymin>
			<xmax>1626</xmax>
			<ymax>1424</ymax>
		</bndbox>
	</object>
</annotation>