<annotation>
	<folder>side오므라이스사각배달오므라이스q5</folder>
	<filename>side_오므라이스_사각배달_오므라이스_Q5_00040.JPG</filename>
	<path>/side오므라이스사각배달오므라이스q5/side_오므라이스_사각배달_오므라이스_Q5_00040.JPG</path>
	<source>
		<database>fooddata</database>
	</source>
	<size>
		<width>3008</width>
		<height>2000</height>
		<depth>3</depth>
	</size>
	<object>
		<name>ref_spoon</name>
		<bndbox>
			<xmin>279</xmin>
			<ymin>743</ymin>
			<xmax>559</xmax>
			<ymax>1079</ymax>
		</bndbox>
	</object>
	<object>
		<name>ref_fork</name>
		<bndbox>
			<xmin>666</xmin>
			<ymin>769</ymin>
			<xmax>864</xmax>
			<ymax>1130</ymax>
		</bndbox>
	</object>
	<object>
		<name>ref_coin</name>
		<bndbox>
			<xmin>2180</xmin>
			<ymin>1556</ymin>
			<xmax>2414</xmax>
			<ymax>1704</ymax>
		</bndbox>
	</object>
	<object>
		<name>dish</name>
		<bndbox>
			<xmin>1006</xmin>
			<ymin>433</ymin>
			<xmax>2236</xmax>
			<ymax>1556</ymax>
		</bndbox>
	</object>
	<object>
		<name>오므라이스</name>
		<bndbox>
			<xmin>1275</xmin>
			<ymin>591</ymin>
			<xmax>1905</xmax>
			<ymax>1292</ymax>
		</bndbox>
	</object>
</annotation>