<annotation>
	<folder>side오므라이스사각배달오므라이스q5</folder>
	<filename>side_오므라이스_사각배달_오므라이스_Q5_00051.JPG</filename>
	<path>/side오므라이스사각배달오므라이스q5/side_오므라이스_사각배달_오므라이스_Q5_00051.JPG</path>
	<source>
		<database>fooddata</database>
	</source>
	<size>
		<width>3008</width>
		<height>2000</height>
		<depth>3</depth>
	</size>
	<object>
		<name>ref_spoon</name>
		<bndbox>
			<xmin>290</xmin>
			<ymin>672</ymin>
			<xmax>569</xmax>
			<ymax>997</ymax>
		</bndbox>
	</object>
	<object>
		<name>ref_fork</name>
		<bndbox>
			<xmin>671</xmin>
			<ymin>703</ymin>
			<xmax>874</xmax>
			<ymax>1053</ymax>
		</bndbox>
	</object>
	<object>
		<name>ref_coin</name>
		<bndbox>
			<xmin>1616</xmin>
			<ymin>1633</ymin>
			<xmax>1829</xmax>
			<ymax>1790</ymax>
		</bndbox>
	</object>
	<object>
		<name>dish</name>
		<bndbox>
			<xmin>935</xmin>
			<ymin>560</ymin>
			<xmax>2347</xmax>
			<ymax>1404</ymax>
		</bndbox>
	</object>
	<object>
		<name>오므라이스</name>
		<bndbox>
			<xmin>1072</xmin>
			<ymin>886</ymin>
			<xmax>2246</xmax>
			<ymax>1140</ymax>
		</bndbox>
	</object>
</annotation>