<annotation>
	<folder>top오므라이스사각배달오므라이스q5</folder>
	<filename>top_오므라이스_사각배달_오므라이스_Q5_00043.JPG</filename>
	<path>/top오므라이스사각배달오므라이스q5/top_오므라이스_사각배달_오므라이스_Q5_00043.JPG</path>
	<source>
		<database>fooddata</database>
	</source>
	<size>
		<width>3008</width>
		<height>2000</height>
		<depth>3</depth>
	</size>
	<object>
		<name>ref_spoon</name>
		<bndbox>
			<xmin>422</xmin>
			<ymin>246</ymin>
			<xmax>671</xmax>
			<ymax>645</ymax>
		</bndbox>
	</object>
	<object>
		<name>ref_fork</name>
		<bndbox>
			<xmin>794</xmin>
			<ymin>311</ymin>
			<xmax>948</xmax>
			<ymax>717</ymax>
		</bndbox>
	</object>
	<object>
		<name>ref_coin</name>
		<bndbox>
			<xmin>1746</xmin>
			<ymin>89</ymin>
			<xmax>1907</xmax>
			<ymax>253</ymax>
		</bndbox>
	</object>
	<object>
		<name>dish</name>
		<bndbox>
			<xmin>995</xmin>
			<ymin>515</ymin>
			<xmax>2504</xmax>
			<ymax>1727</ymax>
		</bndbox>
	</object>
	<object>
		<name>오므라이스</name>
		<bndbox>
			<xmin>1152</xmin>
			<ymin>840</ymin>
			<xmax>2354</xmax>
			<ymax>1447</ymax>
		</bndbox>
	</object>
</annotation>