<annotation>
	<folder>top오므라이스사각배달오므라이스q5</folder>
	<filename>top_오므라이스_사각배달_오므라이스_Q5_00035.JPG</filename>
	<path>/top오므라이스사각배달오므라이스q5/top_오므라이스_사각배달_오므라이스_Q5_00035.JPG</path>
	<source>
		<database>fooddata</database>
	</source>
	<size>
		<width>3008</width>
		<height>2000</height>
		<depth>3</depth>
	</size>
	<object>
		<name>ref_spoon</name>
		<bndbox>
			<xmin>644</xmin>
			<ymin>294</ymin>
			<xmax>852</xmax>
			<ymax>631</ymax>
		</bndbox>
	</object>
	<object>
		<name>ref_fork</name>
		<bndbox>
			<xmin>968</xmin>
			<ymin>345</ymin>
			<xmax>1108</xmax>
			<ymax>700</ymax>
		</bndbox>
	</object>
	<object>
		<name>ref_coin</name>
		<bndbox>
			<xmin>1518</xmin>
			<ymin>1601</ymin>
			<xmax>1668</xmax>
			<ymax>1758</ymax>
		</bndbox>
	</object>
	<object>
		<name>dish</name>
		<bndbox>
			<xmin>1139</xmin>
			<ymin>249</ymin>
			<xmax>2388</xmax>
			<ymax>1532</ymax>
		</bndbox>
	</object>
	<object>
		<name>오므라이스</name>
		<bndbox>
			<xmin>1296</xmin>
			<ymin>512</ymin>
			<xmax>2193</xmax>
			<ymax>1321</ymax>
		</bndbox>
	</object>
</annotation>