<annotation>
	<folder>top오므라이스사각배달오므라이스q5</folder>
	<filename>top_오므라이스_사각배달_오므라이스_Q5_00046.JPG</filename>
	<path>/top오므라이스사각배달오므라이스q5/top_오므라이스_사각배달_오므라이스_Q5_00046.JPG</path>
	<source>
		<database>fooddata</database>
	</source>
	<size>
		<width>3008</width>
		<height>2000</height>
		<depth>3</depth>
	</size>
	<object>
		<name>ref_spoon</name>
		<bndbox>
			<xmin>473</xmin>
			<ymin>290</ymin>
			<xmax>705</xmax>
			<ymax>662</ymax>
		</bndbox>
	</object>
	<object>
		<name>ref_fork</name>
		<bndbox>
			<xmin>825</xmin>
			<ymin>345</ymin>
			<xmax>978</xmax>
			<ymax>768</ymax>
		</bndbox>
	</object>
	<object>
		<name>ref_coin</name>
		<bndbox>
			<xmin>1279</xmin>
			<ymin>147</ymin>
			<xmax>1439</xmax>
			<ymax>307</ymax>
		</bndbox>
	</object>
	<object>
		<name>dish</name>
		<bndbox>
			<xmin>1122</xmin>
			<ymin>478</ymin>
			<xmax>2350</xmax>
			<ymax>1915</ymax>
		</bndbox>
	</object>
	<object>
		<name>오므라이스</name>
		<bndbox>
			<xmin>1408</xmin>
			<ymin>608</ymin>
			<xmax>2180</xmax>
			<ymax>1689</ymax>
		</bndbox>
	</object>
</annotation>