<annotation>
	<folder>top오므라이스사각배달오므라이스q5</folder>
	<filename>top_오므라이스_사각배달_오므라이스_Q5_00024.JPG</filename>
	<path>/top오므라이스사각배달오므라이스q5/top_오므라이스_사각배달_오므라이스_Q5_00024.JPG</path>
	<source>
		<database>fooddata</database>
	</source>
	<size>
		<width>3008</width>
		<height>2000</height>
		<depth>3</depth>
	</size>
	<object>
		<name>ref_spoon</name>
		<bndbox>
			<xmin>637</xmin>
			<ymin>1638</ymin>
			<xmax>1060</xmax>
			<ymax>1904</ymax>
		</bndbox>
	</object>
	<object>
		<name>ref_fork</name>
		<bndbox>
			<xmin>733</xmin>
			<ymin>1369</ymin>
			<xmax>1159</xmax>
			<ymax>1539</ymax>
		</bndbox>
	</object>
	<object>
		<name>ref_coin</name>
		<bndbox>
			<xmin>432</xmin>
			<ymin>969</ymin>
			<xmax>603</xmax>
			<ymax>1147</ymax>
		</bndbox>
	</object>
	<object>
		<name>dish</name>
		<bndbox>
			<xmin>586</xmin>
			<ymin>85</ymin>
			<xmax>2006</xmax>
			<ymax>1215</ymax>
		</bndbox>
	</object>
	<object>
		<name>오므라이스</name>
		<bndbox>
			<xmin>794</xmin>
			<ymin>256</ymin>
			<xmax>1808</xmax>
			<ymax>1085</ymax>
		</bndbox>
	</object>
</annotation>