<annotation>
	<folder>side비빔밥덮밥류원형배달제육덮밥q5</folder>
	<filename>side_비빔밥덮밥류_원형배달_제육덮밥_Q5_00020.JPG</filename>
	<path>/side비빔밥덮밥류원형배달제육덮밥q5/side_비빔밥덮밥류_원형배달_제육덮밥_Q5_00020.JPG</path>
	<source>
		<database>fooddata</database>
	</source>
	<size>
		<width>3008</width>
		<height>2000</height>
		<depth>3</depth>
	</size>
	<object>
		<name>ref_spoon</name>
		<bndbox>
			<xmin>321</xmin>
			<ymin>1637</ymin>
			<xmax>749</xmax>
			<ymax>1873</ymax>
		</bndbox>
	</object>
	<object>
		<name>ref_fork</name>
		<bndbox>
			<xmin>517</xmin>
			<ymin>1332</ymin>
			<xmax>985</xmax>
			<ymax>1550</ymax>
		</bndbox>
	</object>
	<object>
		<name>ref_coin</name>
		<bndbox>
			<xmin>2186</xmin>
			<ymin>802</ymin>
			<xmax>2375</xmax>
			<ymax>940</ymax>
		</bndbox>
	</object>
	<object>
		<name>dish</name>
		<bndbox>
			<xmin>662</xmin>
			<ymin>113</ymin>
			<xmax>1976</xmax>
			<ymax>1245</ymax>
		</bndbox>
	</object>
	<object>
		<name>제육덮밥</name>
		<bndbox>
			<xmin>727</xmin>
			<ymin>243</ymin>
			<xmax>1929</xmax>
			<ymax>889</ymax>
		</bndbox>
	</object>
</annotation>