<annotation>
	<folder>side비빔밥덮밥류원형배달제육덮밥q5</folder>
	<filename>side_비빔밥덮밥류_원형배달_제육덮밥_Q5_00014.JPG</filename>
	<path>/side비빔밥덮밥류원형배달제육덮밥q5/side_비빔밥덮밥류_원형배달_제육덮밥_Q5_00014.JPG</path>
	<source>
		<database>fooddata</database>
	</source>
	<size>
		<width>3008</width>
		<height>2000</height>
		<depth>3</depth>
	</size>
	<object>
		<name>ref_spoon</name>
		<bndbox>
			<xmin>2437</xmin>
			<ymin>657</ymin>
			<xmax>2731</xmax>
			<ymax>1005</ymax>
		</bndbox>
	</object>
	<object>
		<name>ref_fork</name>
		<bndbox>
			<xmin>2099</xmin>
			<ymin>653</ymin>
			<xmax>2288</xmax>
			<ymax>1067</ymax>
		</bndbox>
	</object>
	<object>
		<name>ref_coin</name>
		<bndbox>
			<xmin>1410</xmin>
			<ymin>385</ymin>
			<xmax>1609</xmax>
			<ymax>508</ymax>
		</bndbox>
	</object>
	<object>
		<name>dish</name>
		<bndbox>
			<xmin>248</xmin>
			<ymin>421</ymin>
			<xmax>1802</xmax>
			<ymax>1786</ymax>
		</bndbox>
	</object>
	<object>
		<name>제육덮밥</name>
		<bndbox>
			<xmin>313</xmin>
			<ymin>610</ymin>
			<xmax>1722</xmax>
			<ymax>1365</ymax>
		</bndbox>
	</object>
</annotation>