<annotation>
	<folder>side비빔밥덮밥류원형배달제육덮밥q5</folder>
	<filename>side_비빔밥덮밥류_원형배달_제육덮밥_Q5_00023.JPG</filename>
	<path>/side비빔밥덮밥류원형배달제육덮밥q5/side_비빔밥덮밥류_원형배달_제육덮밥_Q5_00023.JPG</path>
	<source>
		<database>fooddata</database>
	</source>
	<size>
		<width>3008</width>
		<height>2000</height>
		<depth>3</depth>
	</size>
	<object>
		<name>ref_spoon</name>
		<bndbox>
			<xmin>404</xmin>
			<ymin>1543</ymin>
			<xmax>818</xmax>
			<ymax>1775</ymax>
		</bndbox>
	</object>
	<object>
		<name>ref_fork</name>
		<bndbox>
			<xmin>593</xmin>
			<ymin>1260</ymin>
			<xmax>1039</xmax>
			<ymax>1470</ymax>
		</bndbox>
	</object>
	<object>
		<name>ref_coin</name>
		<bndbox>
			<xmin>756</xmin>
			<ymin>91</ymin>
			<xmax>927</xmax>
			<ymax>200</ymax>
		</bndbox>
	</object>
	<object>
		<name>dish</name>
		<bndbox>
			<xmin>836</xmin>
			<ymin>83</ymin>
			<xmax>2085</xmax>
			<ymax>1154</ymax>
		</bndbox>
	</object>
	<object>
		<name>제육덮밥</name>
		<bndbox>
			<xmin>898</xmin>
			<ymin>200</ymin>
			<xmax>2023</xmax>
			<ymax>795</ymax>
		</bndbox>
	</object>
</annotation>