<annotation>
	<folder>side비빔밥덮밥류원형배달제육덮밥q5</folder>
	<filename>side_비빔밥덮밥류_원형배달_제육덮밥_Q5_00010.JPG</filename>
	<path>/side비빔밥덮밥류원형배달제육덮밥q5/side_비빔밥덮밥류_원형배달_제육덮밥_Q5_00010.JPG</path>
	<source>
		<database>fooddata</database>
	</source>
	<size>
		<width>3008</width>
		<height>2000</height>
		<depth>3</depth>
	</size>
	<object>
		<name>ref_spoon</name>
		<bndbox>
			<xmin>2546</xmin>
			<ymin>751</ymin>
			<xmax>2836</xmax>
			<ymax>1107</ymax>
		</bndbox>
	</object>
	<object>
		<name>ref_fork</name>
		<bndbox>
			<xmin>2201</xmin>
			<ymin>740</ymin>
			<xmax>2397</xmax>
			<ymax>1154</ymax>
		</bndbox>
	</object>
	<object>
		<name>ref_coin</name>
		<bndbox>
			<xmin>136</xmin>
			<ymin>1194</ymin>
			<xmax>364</xmax>
			<ymax>1347</ymax>
		</bndbox>
	</object>
	<object>
		<name>dish</name>
		<bndbox>
			<xmin>553</xmin>
			<ymin>403</ymin>
			<xmax>2070</xmax>
			<ymax>1739</ymax>
		</bndbox>
	</object>
	<object>
		<name>제육덮밥</name>
		<bndbox>
			<xmin>622</xmin>
			<ymin>574</ymin>
			<xmax>1998</xmax>
			<ymax>1336</ymax>
		</bndbox>
	</object>
</annotation>