<annotation>
	<folder>side비빔밥덮밥류원형배달제육덮밥q5</folder>
	<filename>side_비빔밥덮밥류_원형배달_제육덮밥_Q5_00011.JPG</filename>
	<path>/side비빔밥덮밥류원형배달제육덮밥q5/side_비빔밥덮밥류_원형배달_제육덮밥_Q5_00011.JPG</path>
	<source>
		<database>fooddata</database>
	</source>
	<size>
		<width>3008</width>
		<height>2000</height>
		<depth>3</depth>
	</size>
	<object>
		<name>ref_spoon</name>
		<bndbox>
			<xmin>2520</xmin>
			<ymin>766</ymin>
			<xmax>2811</xmax>
			<ymax>1107</ymax>
		</bndbox>
	</object>
	<object>
		<name>ref_fork</name>
		<bndbox>
			<xmin>2179</xmin>
			<ymin>759</ymin>
			<xmax>2375</xmax>
			<ymax>1162</ymax>
		</bndbox>
	</object>
	<object>
		<name>ref_coin</name>
		<bndbox>
			<xmin>150</xmin>
			<ymin>889</ymin>
			<xmax>379</xmax>
			<ymax>1034</ymax>
		</bndbox>
	</object>
	<object>
		<name>dish</name>
		<bndbox>
			<xmin>604</xmin>
			<ymin>446</ymin>
			<xmax>2139</xmax>
			<ymax>1793</ymax>
		</bndbox>
	</object>
	<object>
		<name>제육덮밥</name>
		<bndbox>
			<xmin>691</xmin>
			<ymin>595</ymin>
			<xmax>2063</xmax>
			<ymax>1387</ymax>
		</bndbox>
	</object>
</annotation>