<annotation>
	<folder>side비빔밥덮밥류원형배달제육덮밥q5</folder>
	<filename>side_비빔밥덮밥류_원형배달_제육덮밥_Q5_00027.JPG</filename>
	<path>/side비빔밥덮밥류원형배달제육덮밥q5/side_비빔밥덮밥류_원형배달_제육덮밥_Q5_00027.JPG</path>
	<source>
		<database>fooddata</database>
	</source>
	<size>
		<width>3008</width>
		<height>2000</height>
		<depth>3</depth>
	</size>
	<object>
		<name>ref_spoon</name>
		<bndbox>
			<xmin>444</xmin>
			<ymin>1525</ymin>
			<xmax>862</xmax>
			<ymax>1753</ymax>
		</bndbox>
	</object>
	<object>
		<name>ref_fork</name>
		<bndbox>
			<xmin>622</xmin>
			<ymin>1241</ymin>
			<xmax>1076</xmax>
			<ymax>1448</ymax>
		</bndbox>
	</object>
	<object>
		<name>ref_coin</name>
		<bndbox>
			<xmin>397</xmin>
			<ymin>915</ymin>
			<xmax>593</xmax>
			<ymax>1056</ymax>
		</bndbox>
	</object>
	<object>
		<name>dish</name>
		<bndbox>
			<xmin>912</xmin>
			<ymin>73</ymin>
			<xmax>2150</xmax>
			<ymax>1143</ymax>
		</bndbox>
	</object>
	<object>
		<name>제육덮밥</name>
		<bndbox>
			<xmin>952</xmin>
			<ymin>229</ymin>
			<xmax>2088</xmax>
			<ymax>813</ymax>
		</bndbox>
	</object>
</annotation>