<annotation>
	<folder>top비빔밥덮밥류원형배달제육덮밥q5</folder>
	<filename>top_비빔밥덮밥류_원형배달_제육덮밥_Q5_00029.JPG</filename>
	<path>/top비빔밥덮밥류원형배달제육덮밥q5/top_비빔밥덮밥류_원형배달_제육덮밥_Q5_00029.JPG</path>
	<source>
		<database>fooddata</database>
	</source>
	<size>
		<width>3008</width>
		<height>2000</height>
		<depth>3</depth>
	</size>
	<object>
		<name>ref_spoon</name>
		<bndbox>
			<xmin>993</xmin>
			<ymin>1558</ymin>
			<xmax>1343</xmax>
			<ymax>1796</ymax>
		</bndbox>
	</object>
	<object>
		<name>ref_fork</name>
		<bndbox>
			<xmin>1026</xmin>
			<ymin>1318</ymin>
			<xmax>1402</xmax>
			<ymax>1471</ymax>
		</bndbox>
	</object>
	<object>
		<name>ref_coin</name>
		<bndbox>
			<xmin>1876</xmin>
			<ymin>36</ymin>
			<xmax>2033</xmax>
			<ymax>190</ymax>
		</bndbox>
	</object>
	<object>
		<name>dish</name>
		<bndbox>
			<xmin>1103</xmin>
			<ymin>153</ymin>
			<xmax>2256</xmax>
			<ymax>1266</ymax>
		</bndbox>
	</object>
	<object>
		<name>제육덮밥</name>
		<bndbox>
			<xmin>1183</xmin>
			<ymin>274</ymin>
			<xmax>2168</xmax>
			<ymax>1237</ymax>
		</bndbox>
	</object>
</annotation>