<annotation>
	<folder>top비빔밥덮밥류원형배달제육덮밥q5</folder>
	<filename>top_비빔밥덮밥류_원형배달_제육덮밥_Q5_00035.JPG</filename>
	<path>/top비빔밥덮밥류원형배달제육덮밥q5/top_비빔밥덮밥류_원형배달_제육덮밥_Q5_00035.JPG</path>
	<source>
		<database>fooddata</database>
	</source>
	<size>
		<width>3008</width>
		<height>2000</height>
		<depth>3</depth>
	</size>
	<object>
		<name>ref_spoon</name>
		<bndbox>
			<xmin>519</xmin>
			<ymin>182</ymin>
			<xmax>785</xmax>
			<ymax>595</ymax>
		</bndbox>
	</object>
	<object>
		<name>ref_fork</name>
		<bndbox>
			<xmin>935</xmin>
			<ymin>237</ymin>
			<xmax>1114</xmax>
			<ymax>726</ymax>
		</bndbox>
	</object>
	<object>
		<name>ref_coin</name>
		<bndbox>
			<xmin>953</xmin>
			<ymin>1460</ymin>
			<xmax>1150</xmax>
			<ymax>1661</ymax>
		</bndbox>
	</object>
	<object>
		<name>dish</name>
		<bndbox>
			<xmin>1183</xmin>
			<ymin>175</ymin>
			<xmax>2654</xmax>
			<ymax>1588</ymax>
		</bndbox>
	</object>
	<object>
		<name>제육덮밥</name>
		<bndbox>
			<xmin>1274</xmin>
			<ymin>339</ymin>
			<xmax>2500</xmax>
			<ymax>1536</ymax>
		</bndbox>
	</object>
</annotation>