<annotation>
	<folder>top비빔밥덮밥류원형배달제육덮밥q5</folder>
	<filename>top_비빔밥덮밥류_원형배달_제육덮밥_Q5_00034.JPG</filename>
	<path>/top비빔밥덮밥류원형배달제육덮밥q5/top_비빔밥덮밥류_원형배달_제육덮밥_Q5_00034.JPG</path>
	<source>
		<database>fooddata</database>
	</source>
	<size>
		<width>3008</width>
		<height>2000</height>
		<depth>3</depth>
	</size>
	<object>
		<name>ref_spoon</name>
		<bndbox>
			<xmin>486</xmin>
			<ymin>234</ymin>
			<xmax>760</xmax>
			<ymax>690</ymax>
		</bndbox>
	</object>
	<object>
		<name>ref_fork</name>
		<bndbox>
			<xmin>913</xmin>
			<ymin>296</ymin>
			<xmax>1084</xmax>
			<ymax>777</ymax>
		</bndbox>
	</object>
	<object>
		<name>ref_coin</name>
		<bndbox>
			<xmin>957</xmin>
			<ymin>1511</ymin>
			<xmax>1157</xmax>
			<ymax>1708</ymax>
		</bndbox>
	</object>
	<object>
		<name>dish</name>
		<bndbox>
			<xmin>1187</xmin>
			<ymin>223</ymin>
			<xmax>2650</xmax>
			<ymax>1639</ymax>
		</bndbox>
	</object>
	<object>
		<name>제육덮밥</name>
		<bndbox>
			<xmin>1263</xmin>
			<ymin>369</ymin>
			<xmax>2479</xmax>
			<ymax>1547</ymax>
		</bndbox>
	</object>
</annotation>