<annotation>
	<folder>top비빔밥덮밥류원형배달제육덮밥q5</folder>
	<filename>top_비빔밥덮밥류_원형배달_제육덮밥_Q5_00006.JPG</filename>
	<path>/top비빔밥덮밥류원형배달제육덮밥q5/top_비빔밥덮밥류_원형배달_제육덮밥_Q5_00006.JPG</path>
	<source>
		<database>fooddata</database>
	</source>
	<size>
		<width>3008</width>
		<height>2000</height>
		<depth>3</depth>
	</size>
	<object>
		<name>ref_spoon</name>
		<bndbox>
			<xmin>2019</xmin>
			<ymin>113</ymin>
			<xmax>2270</xmax>
			<ymax>529</ymax>
		</bndbox>
	</object>
	<object>
		<name>ref_fork</name>
		<bndbox>
			<xmin>2391</xmin>
			<ymin>350</ymin>
			<xmax>2595</xmax>
			<ymax>803</ymax>
		</bndbox>
	</object>
	<object>
		<name>ref_coin</name>
		<bndbox>
			<xmin>588</xmin>
			<ymin>1642</ymin>
			<xmax>785</xmax>
			<ymax>1839</ymax>
		</bndbox>
	</object>
	<object>
		<name>dish</name>
		<bndbox>
			<xmin>500</xmin>
			<ymin>248</ymin>
			<xmax>1953</xmax>
			<ymax>1679</ymax>
		</bndbox>
	</object>
	<object>
		<name>제육덮밥</name>
		<bndbox>
			<xmin>632</xmin>
			<ymin>383</ymin>
			<xmax>1851</xmax>
			<ymax>1584</ymax>
		</bndbox>
	</object>
</annotation>