<annotation>
	<folder>top비빔밥덮밥류원형배달제육덮밥q5</folder>
	<filename>top_비빔밥덮밥류_원형배달_제육덮밥_Q5_00011.JPG</filename>
	<path>/top비빔밥덮밥류원형배달제육덮밥q5/top_비빔밥덮밥류_원형배달_제육덮밥_Q5_00011.JPG</path>
	<source>
		<database>fooddata</database>
	</source>
	<size>
		<width>3008</width>
		<height>2000</height>
		<depth>3</depth>
	</size>
	<object>
		<name>ref_spoon</name>
		<bndbox>
			<xmin>2187</xmin>
			<ymin>128</ymin>
			<xmax>2431</xmax>
			<ymax>551</ymax>
		</bndbox>
	</object>
	<object>
		<name>ref_fork</name>
		<bndbox>
			<xmin>2544</xmin>
			<ymin>361</ymin>
			<xmax>2749</xmax>
			<ymax>810</ymax>
		</bndbox>
	</object>
	<object>
		<name>ref_coin</name>
		<bndbox>
			<xmin>1139</xmin>
			<ymin>91</ymin>
			<xmax>1333</xmax>
			<ymax>274</ymax>
		</bndbox>
	</object>
	<object>
		<name>dish</name>
		<bndbox>
			<xmin>595</xmin>
			<ymin>453</ymin>
			<xmax>2055</xmax>
			<ymax>1876</ymax>
		</bndbox>
	</object>
	<object>
		<name>제육덮밥</name>
		<bndbox>
			<xmin>705</xmin>
			<ymin>558</ymin>
			<xmax>1924</xmax>
			<ymax>1785</ymax>
		</bndbox>
	</object>
</annotation>