<annotation>
	<folder>top비빔밥덮밥류원형배달제육덮밥q5</folder>
	<filename>top_비빔밥덮밥류_원형배달_제육덮밥_Q5_00023.JPG</filename>
	<path>/top비빔밥덮밥류원형배달제육덮밥q5/top_비빔밥덮밥류_원형배달_제육덮밥_Q5_00023.JPG</path>
	<source>
		<database>fooddata</database>
	</source>
	<size>
		<width>3008</width>
		<height>2000</height>
		<depth>3</depth>
	</size>
	<object>
		<name>ref_spoon</name>
		<bndbox>
			<xmin>1114</xmin>
			<ymin>1599</ymin>
			<xmax>1457</xmax>
			<ymax>1814</ymax>
		</bndbox>
	</object>
	<object>
		<name>ref_fork</name>
		<bndbox>
			<xmin>1146</xmin>
			<ymin>1365</ymin>
			<xmax>1504</xmax>
			<ymax>1515</ymax>
		</bndbox>
	</object>
	<object>
		<name>ref_coin</name>
		<bndbox>
			<xmin>1552</xmin>
			<ymin>1172</ymin>
			<xmax>1705</xmax>
			<ymax>1318</ymax>
		</bndbox>
	</object>
	<object>
		<name>dish</name>
		<bndbox>
			<xmin>1062</xmin>
			<ymin>58</ymin>
			<xmax>2143</xmax>
			<ymax>1091</ymax>
		</bndbox>
	</object>
	<object>
		<name>제육덮밥</name>
		<bndbox>
			<xmin>1124</xmin>
			<ymin>164</ymin>
			<xmax>2052</xmax>
			<ymax>1055</ymax>
		</bndbox>
	</object>
</annotation>