<annotation>
	<folder>top비빔밥덮밥류원형배달제육덮밥q5</folder>
	<filename>top_비빔밥덮밥류_원형배달_제육덮밥_Q5_00017.JPG</filename>
	<path>/top비빔밥덮밥류원형배달제육덮밥q5/top_비빔밥덮밥류_원형배달_제육덮밥_Q5_00017.JPG</path>
	<source>
		<database>fooddata</database>
	</source>
	<size>
		<width>3008</width>
		<height>2000</height>
		<depth>3</depth>
	</size>
	<object>
		<name>ref_spoon</name>
		<bndbox>
			<xmin>898</xmin>
			<ymin>1639</ymin>
			<xmax>1270</xmax>
			<ymax>1887</ymax>
		</bndbox>
	</object>
	<object>
		<name>ref_fork</name>
		<bndbox>
			<xmin>920</xmin>
			<ymin>1369</ymin>
			<xmax>1303</xmax>
			<ymax>1544</ymax>
		</bndbox>
	</object>
	<object>
		<name>ref_coin</name>
		<bndbox>
			<xmin>2088</xmin>
			<ymin>1029</ymin>
			<xmax>2241</xmax>
			<ymax>1186</ymax>
		</bndbox>
	</object>
	<object>
		<name>dish</name>
		<bndbox>
			<xmin>982</xmin>
			<ymin>62</ymin>
			<xmax>2205</xmax>
			<ymax>1245</ymax>
		</bndbox>
	</object>
	<object>
		<name>제육덮밥</name>
		<bndbox>
			<xmin>1070</xmin>
			<ymin>190</ymin>
			<xmax>2088</xmax>
			<ymax>1193</ymax>
		</bndbox>
	</object>
</annotation>