<annotation>
	<folder>top비빔밥덮밥류원형배달제육덮밥q5</folder>
	<filename>top_비빔밥덮밥류_원형배달_제육덮밥_Q5_00028.JPG</filename>
	<path>/top비빔밥덮밥류원형배달제육덮밥q5/top_비빔밥덮밥류_원형배달_제육덮밥_Q5_00028.JPG</path>
	<source>
		<database>fooddata</database>
	</source>
	<size>
		<width>3008</width>
		<height>2000</height>
		<depth>3</depth>
	</size>
	<object>
		<name>ref_spoon</name>
		<bndbox>
			<xmin>1106</xmin>
			<ymin>1496</ymin>
			<xmax>1409</xmax>
			<ymax>1693</ymax>
		</bndbox>
	</object>
	<object>
		<name>ref_fork</name>
		<bndbox>
			<xmin>1135</xmin>
			<ymin>1288</ymin>
			<xmax>1449</xmax>
			<ymax>1423</ymax>
		</bndbox>
	</object>
	<object>
		<name>ref_coin</name>
		<bndbox>
			<xmin>2132</xmin>
			<ymin>427</ymin>
			<xmax>2267</xmax>
			<ymax>555</ymax>
		</bndbox>
	</object>
	<object>
		<name>dish</name>
		<bndbox>
			<xmin>1117</xmin>
			<ymin>226</ymin>
			<xmax>2150</xmax>
			<ymax>1197</ymax>
		</bndbox>
	</object>
	<object>
		<name>제육덮밥</name>
		<bndbox>
			<xmin>1205</xmin>
			<ymin>354</ymin>
			<xmax>2052</xmax>
			<ymax>1168</ymax>
		</bndbox>
	</object>
</annotation>