<annotation>
	<folder>top비빔밥덮밥류원형배달제육덮밥q5</folder>
	<filename>top_비빔밥덮밥류_원형배달_제육덮밥_Q5_00002.JPG</filename>
	<path>/top비빔밥덮밥류원형배달제육덮밥q5/top_비빔밥덮밥류_원형배달_제육덮밥_Q5_00002.JPG</path>
	<source>
		<database>fooddata</database>
	</source>
	<size>
		<width>3008</width>
		<height>2000</height>
		<depth>3</depth>
	</size>
	<object>
		<name>ref_spoon</name>
		<bndbox>
			<xmin>1971</xmin>
			<ymin>182</ymin>
			<xmax>2227</xmax>
			<ymax>602</ymax>
		</bndbox>
	</object>
	<object>
		<name>ref_fork</name>
		<bndbox>
			<xmin>2343</xmin>
			<ymin>431</ymin>
			<xmax>2544</xmax>
			<ymax>912</ymax>
		</bndbox>
	</object>
	<object>
		<name>ref_coin</name>
		<bndbox>
			<xmin>1395</xmin>
			<ymin>1540</ymin>
			<xmax>1592</xmax>
			<ymax>1741</ymax>
		</bndbox>
	</object>
	<object>
		<name>dish</name>
		<bndbox>
			<xmin>409</xmin>
			<ymin>161</ymin>
			<xmax>1869</xmax>
			<ymax>1580</ymax>
		</bndbox>
	</object>
	<object>
		<name>제육덮밥</name>
		<bndbox>
			<xmin>552</xmin>
			<ymin>277</ymin>
			<xmax>1789</xmax>
			<ymax>1489</ymax>
		</bndbox>
	</object>
</annotation>