<annotation>
	<folder>top비빔밥덮밥류원형배달제육덮밥q5</folder>
	<filename>top_비빔밥덮밥류_원형배달_제육덮밥_Q5_00025.JPG</filename>
	<path>/top비빔밥덮밥류원형배달제육덮밥q5/top_비빔밥덮밥류_원형배달_제육덮밥_Q5_00025.JPG</path>
	<source>
		<database>fooddata</database>
	</source>
	<size>
		<width>3008</width>
		<height>2000</height>
		<depth>3</depth>
	</size>
	<object>
		<name>ref_spoon</name>
		<bndbox>
			<xmin>1103</xmin>
			<ymin>1569</ymin>
			<xmax>1413</xmax>
			<ymax>1777</ymax>
		</bndbox>
	</object>
	<object>
		<name>ref_fork</name>
		<bndbox>
			<xmin>1128</xmin>
			<ymin>1358</ymin>
			<xmax>1449</xmax>
			<ymax>1496</ymax>
		</bndbox>
	</object>
	<object>
		<name>ref_coin</name>
		<bndbox>
			<xmin>1997</xmin>
			<ymin>1018</ymin>
			<xmax>2124</xmax>
			<ymax>1150</ymax>
		</bndbox>
	</object>
	<object>
		<name>dish</name>
		<bndbox>
			<xmin>1139</xmin>
			<ymin>135</ymin>
			<xmax>2139</xmax>
			<ymax>1117</ymax>
		</bndbox>
	</object>
	<object>
		<name>제육덮밥</name>
		<bndbox>
			<xmin>1194</xmin>
			<ymin>255</ymin>
			<xmax>2048</xmax>
			<ymax>1077</ymax>
		</bndbox>
	</object>
</annotation>