<annotation>
	<folder>side국류원형배달미소된장국q1</folder>
	<filename>side_국류_원형배달_미소된장국_Q1_00053.JPG</filename>
	<path>/side국류원형배달미소된장국q1/side_국류_원형배달_미소된장국_Q1_00053.JPG</path>
	<source>
		<database>fooddata</database>
	</source>
	<size>
		<width>3008</width>
		<height>2000</height>
		<depth>3</depth>
	</size>
	<object>
		<name>ref_spoon</name>
		<bndbox>
			<xmin>300</xmin>
			<ymin>367</ymin>
			<xmax>737</xmax>
			<ymax>947</ymax>
		</bndbox>
	</object>
	<object>
		<name>ref_fork</name>
		<bndbox>
			<xmin>818</xmin>
			<ymin>469</ymin>
			<xmax>1108</xmax>
			<ymax>1109</ymax>
		</bndbox>
	</object>
	<object>
		<name>ref_coin</name>
		<bndbox>
			<xmin>1479</xmin>
			<ymin>271</ymin>
			<xmax>1794</xmax>
			<ymax>500</ymax>
		</bndbox>
	</object>
	<object>
		<name>dish</name>
		<bndbox>
			<xmin>1296</xmin>
			<ymin>891</ymin>
			<xmax>2185</xmax>
			<ymax>1882</ymax>
		</bndbox>
	</object>
	<object>
		<name>미소된장국</name>
		<bndbox>
			<xmin>1413</xmin>
			<ymin>1272</ymin>
			<xmax>2022</xmax>
			<ymax>1572</ymax>
		</bndbox>
	</object>
</annotation>