<annotation>
	<folder>side국류원형배달미소된장국q1</folder>
	<filename>side_국류_원형배달_미소된장국_Q1_00012.JPG</filename>
	<path>/side국류원형배달미소된장국q1/side_국류_원형배달_미소된장국_Q1_00012.JPG</path>
	<source>
		<database>fooddata</database>
	</source>
	<size>
		<width>3008</width>
		<height>2000</height>
		<depth>3</depth>
	</size>
	<object>
		<name>ref_spoon</name>
		<bndbox>
			<xmin>1626</xmin>
			<ymin>73</ymin>
			<xmax>1997</xmax>
			<ymax>591</ymax>
		</bndbox>
	</object>
	<object>
		<name>ref_fork</name>
		<bndbox>
			<xmin>2053</xmin>
			<ymin>200</ymin>
			<xmax>2312</xmax>
			<ymax>794</ymax>
		</bndbox>
	</object>
	<object>
		<name>ref_coin</name>
		<bndbox>
			<xmin>269</xmin>
			<ymin>1231</ymin>
			<xmax>579</xmax>
			<ymax>1485</ymax>
		</bndbox>
	</object>
	<object>
		<name>dish</name>
		<bndbox>
			<xmin>650</xmin>
			<ymin>484</ymin>
			<xmax>1474</xmax>
			<ymax>1394</ymax>
		</bndbox>
	</object>
	<object>
		<name>미소된장국</name>
		<bndbox>
			<xmin>813</xmin>
			<ymin>845</ymin>
			<xmax>1352</xmax>
			<ymax>1089</ymax>
		</bndbox>
	</object>
</annotation>