<annotation>
	<folder>side국류원형배달미소된장국q1</folder>
	<filename>side_국류_원형배달_미소된장국_Q1_00051.JPG</filename>
	<path>/side국류원형배달미소된장국q1/side_국류_원형배달_미소된장국_Q1_00051.JPG</path>
	<source>
		<database>fooddata</database>
	</source>
	<size>
		<width>3008</width>
		<height>2000</height>
		<depth>3</depth>
	</size>
	<object>
		<name>ref_spoon</name>
		<bndbox>
			<xmin>178</xmin>
			<ymin>205</ymin>
			<xmax>605</xmax>
			<ymax>774</ymax>
		</bndbox>
	</object>
	<object>
		<name>ref_fork</name>
		<bndbox>
			<xmin>691</xmin>
			<ymin>286</ymin>
			<xmax>981</xmax>
			<ymax>977</ymax>
		</bndbox>
	</object>
	<object>
		<name>ref_coin</name>
		<bndbox>
			<xmin>2058</xmin>
			<ymin>850</ymin>
			<xmax>2373</xmax>
			<ymax>1094</ymax>
		</bndbox>
	</object>
	<object>
		<name>dish</name>
		<bndbox>
			<xmin>1062</xmin>
			<ymin>682</ymin>
			<xmax>1951</xmax>
			<ymax>1668</ymax>
		</bndbox>
	</object>
	<object>
		<name>미소된장국</name>
		<bndbox>
			<xmin>1189</xmin>
			<ymin>1069</ymin>
			<xmax>1814</xmax>
			<ymax>1353</ymax>
		</bndbox>
	</object>
</annotation>