<annotation>
	<folder>side국류원형배달미소된장국q1</folder>
	<filename>side_국류_원형배달_미소된장국_Q1_00015.JPG</filename>
	<path>/side국류원형배달미소된장국q1/side_국류_원형배달_미소된장국_Q1_00015.JPG</path>
	<source>
		<database>fooddata</database>
	</source>
	<size>
		<width>3008</width>
		<height>2000</height>
		<depth>3</depth>
	</size>
	<object>
		<name>ref_spoon</name>
		<bndbox>
			<xmin>1626</xmin>
			<ymin>398</ymin>
			<xmax>2002</xmax>
			<ymax>916</ymax>
		</bndbox>
	</object>
	<object>
		<name>ref_fork</name>
		<bndbox>
			<xmin>2043</xmin>
			<ymin>550</ymin>
			<xmax>2307</xmax>
			<ymax>1130</ymax>
		</bndbox>
	</object>
	<object>
		<name>ref_coin</name>
		<bndbox>
			<xmin>1006</xmin>
			<ymin>281</ymin>
			<xmax>1270</xmax>
			<ymax>500</ymax>
		</bndbox>
	</object>
	<object>
		<name>dish</name>
		<bndbox>
			<xmin>640</xmin>
			<ymin>835</ymin>
			<xmax>1438</xmax>
			<ymax>1765</ymax>
		</bndbox>
	</object>
	<object>
		<name>미소된장국</name>
		<bndbox>
			<xmin>752</xmin>
			<ymin>1201</ymin>
			<xmax>1326</xmax>
			<ymax>1450</ymax>
		</bndbox>
	</object>
</annotation>