<annotation>
	<folder>side국류원형배달미소된장국q1</folder>
	<filename>side_국류_원형배달_미소된장국_Q1_00011.JPG</filename>
	<path>/side국류원형배달미소된장국q1/side_국류_원형배달_미소된장국_Q1_00011.JPG</path>
	<source>
		<database>fooddata</database>
	</source>
	<size>
		<width>3008</width>
		<height>2000</height>
		<depth>3</depth>
	</size>
	<object>
		<name>ref_spoon</name>
		<bndbox>
			<xmin>1575</xmin>
			<ymin>103</ymin>
			<xmax>1961</xmax>
			<ymax>627</ymax>
		</bndbox>
	</object>
	<object>
		<name>ref_fork</name>
		<bndbox>
			<xmin>1997</xmin>
			<ymin>225</ymin>
			<xmax>2266</xmax>
			<ymax>830</ymax>
		</bndbox>
	</object>
	<object>
		<name>ref_coin</name>
		<bndbox>
			<xmin>1092</xmin>
			<ymin>1470</ymin>
			<xmax>1392</xmax>
			<ymax>1719</ymax>
		</bndbox>
	</object>
	<object>
		<name>dish</name>
		<bndbox>
			<xmin>554</xmin>
			<ymin>510</ymin>
			<xmax>1367</xmax>
			<ymax>1414</ymax>
		</bndbox>
	</object>
	<object>
		<name>미소된장국</name>
		<bndbox>
			<xmin>711</xmin>
			<ymin>881</ymin>
			<xmax>1250</xmax>
			<ymax>1109</ymax>
		</bndbox>
	</object>
</annotation>