<annotation>
	<folder>side국류원형배달미소된장국q1</folder>
	<filename>side_국류_원형배달_미소된장국_Q1_00017.JPG</filename>
	<path>/side국류원형배달미소된장국q1/side_국류_원형배달_미소된장국_Q1_00017.JPG</path>
	<source>
		<database>fooddata</database>
	</source>
	<size>
		<width>3008</width>
		<height>2000</height>
		<depth>3</depth>
	</size>
	<object>
		<name>ref_spoon</name>
		<bndbox>
			<xmin>203</xmin>
			<ymin>1440</ymin>
			<xmax>869</xmax>
			<ymax>1821</ymax>
		</bndbox>
	</object>
	<object>
		<name>ref_fork</name>
		<bndbox>
			<xmin>467</xmin>
			<ymin>1079</ymin>
			<xmax>1169</xmax>
			<ymax>1414</ymax>
		</bndbox>
	</object>
	<object>
		<name>ref_coin</name>
		<bndbox>
			<xmin>1931</xmin>
			<ymin>845</ymin>
			<xmax>2215</xmax>
			<ymax>1084</ymax>
		</bndbox>
	</object>
	<object>
		<name>dish</name>
		<bndbox>
			<xmin>1057</xmin>
			<ymin>134</ymin>
			<xmax>1870</xmax>
			<ymax>1038</ymax>
		</bndbox>
	</object>
	<object>
		<name>미소된장국</name>
		<bndbox>
			<xmin>1179</xmin>
			<ymin>494</ymin>
			<xmax>1743</xmax>
			<ymax>748</ymax>
		</bndbox>
	</object>
</annotation>