<annotation>
	<folder>side국류원형배달미소된장국q1</folder>
	<filename>side_국류_원형배달_미소된장국_Q1_00052.JPG</filename>
	<path>/side국류원형배달미소된장국q1/side_국류_원형배달_미소된장국_Q1_00052.JPG</path>
	<source>
		<database>fooddata</database>
	</source>
	<size>
		<width>3008</width>
		<height>2000</height>
		<depth>3</depth>
	</size>
	<object>
		<name>ref_spoon</name>
		<bndbox>
			<xmin>163</xmin>
			<ymin>215</ymin>
			<xmax>600</xmax>
			<ymax>794</ymax>
		</bndbox>
	</object>
	<object>
		<name>ref_fork</name>
		<bndbox>
			<xmin>681</xmin>
			<ymin>312</ymin>
			<xmax>970</xmax>
			<ymax>957</ymax>
		</bndbox>
	</object>
	<object>
		<name>ref_coin</name>
		<bndbox>
			<xmin>1971</xmin>
			<ymin>286</ymin>
			<xmax>2281</xmax>
			<ymax>520</ymax>
		</bndbox>
	</object>
	<object>
		<name>dish</name>
		<bndbox>
			<xmin>1077</xmin>
			<ymin>703</ymin>
			<xmax>1971</xmax>
			<ymax>1699</ymax>
		</bndbox>
	</object>
	<object>
		<name>미소된장국</name>
		<bndbox>
			<xmin>1225</xmin>
			<ymin>1079</ymin>
			<xmax>1824</xmax>
			<ymax>1384</ymax>
		</bndbox>
	</object>
</annotation>