<annotation>
	<folder>top국류원형배달미소된장국q1</folder>
	<filename>top_국류_원형배달_미소된장국_Q1_00054.JPG</filename>
	<path>/top국류원형배달미소된장국q1/top_국류_원형배달_미소된장국_Q1_00054.JPG</path>
	<source>
		<database>fooddata</database>
	</source>
	<size>
		<width>3008</width>
		<height>2000</height>
		<depth>3</depth>
	</size>
	<object>
		<name>ref_spoon</name>
		<bndbox>
			<xmin>782</xmin>
			<ymin>83</ymin>
			<xmax>1199</xmax>
			<ymax>703</ymax>
		</bndbox>
	</object>
	<object>
		<name>ref_fork</name>
		<bndbox>
			<xmin>315</xmin>
			<ymin>159</ymin>
			<xmax>600</xmax>
			<ymax>870</ymax>
		</bndbox>
	</object>
	<object>
		<name>ref_coin</name>
		<bndbox>
			<xmin>2012</xmin>
			<ymin>1541</ymin>
			<xmax>2317</xmax>
			<ymax>1831</ymax>
		</bndbox>
	</object>
	<object>
		<name>dish</name>
		<bndbox>
			<xmin>1026</xmin>
			<ymin>987</ymin>
			<xmax>1870</xmax>
			<ymax>1821</ymax>
		</bndbox>
	</object>
	<object>
		<name>미소된장국</name>
		<bndbox>
			<xmin>1138</xmin>
			<ymin>1191</ymin>
			<xmax>1728</xmax>
			<ymax>1775</ymax>
		</bndbox>
	</object>
</annotation>