<annotation>
	<folder>top국류원형배달미소된장국q1</folder>
	<filename>top_국류_원형배달_미소된장국_Q1_00037.JPG</filename>
	<path>/top국류원형배달미소된장국q1/top_국류_원형배달_미소된장국_Q1_00037.JPG</path>
	<source>
		<database>fooddata</database>
	</source>
	<size>
		<width>3008</width>
		<height>2000</height>
		<depth>3</depth>
	</size>
	<object>
		<name>ref_spoon</name>
		<bndbox>
			<xmin>762</xmin>
			<ymin>230</ymin>
			<xmax>1148</xmax>
			<ymax>825</ymax>
		</bndbox>
	</object>
	<object>
		<name>ref_fork</name>
		<bndbox>
			<xmin>325</xmin>
			<ymin>291</ymin>
			<xmax>589</xmax>
			<ymax>936</ymax>
		</bndbox>
	</object>
	<object>
		<name>ref_coin</name>
		<bndbox>
			<xmin>2226</xmin>
			<ymin>1521</ymin>
			<xmax>2505</xmax>
			<ymax>1800</ymax>
		</bndbox>
	</object>
	<object>
		<name>dish</name>
		<bndbox>
			<xmin>996</xmin>
			<ymin>1013</ymin>
			<xmax>1804</xmax>
			<ymax>1816</ymax>
		</bndbox>
	</object>
	<object>
		<name>미소된장국</name>
		<bndbox>
			<xmin>1118</xmin>
			<ymin>1211</ymin>
			<xmax>1667</xmax>
			<ymax>1734</ymax>
		</bndbox>
	</object>
</annotation>