<annotation>
	<folder>top국류원형배달미소된장국q1</folder>
	<filename>top_국류_원형배달_미소된장국_Q1_00040.JPG</filename>
	<path>/top국류원형배달미소된장국q1/top_국류_원형배달_미소된장국_Q1_00040.JPG</path>
	<source>
		<database>fooddata</database>
	</source>
	<size>
		<width>3008</width>
		<height>2000</height>
		<depth>3</depth>
	</size>
	<object>
		<name>ref_spoon</name>
		<bndbox>
			<xmin>986</xmin>
			<ymin>22</ymin>
			<xmax>1341</xmax>
			<ymax>540</ymax>
		</bndbox>
	</object>
	<object>
		<name>ref_fork</name>
		<bndbox>
			<xmin>594</xmin>
			<ymin>73</ymin>
			<xmax>843</xmax>
			<ymax>677</ymax>
		</bndbox>
	</object>
	<object>
		<name>ref_coin</name>
		<bndbox>
			<xmin>1565</xmin>
			<ymin>1612</ymin>
			<xmax>1829</xmax>
			<ymax>1871</ymax>
		</bndbox>
	</object>
	<object>
		<name>dish</name>
		<bndbox>
			<xmin>1235</xmin>
			<ymin>627</ymin>
			<xmax>1961</xmax>
			<ymax>1323</ymax>
		</bndbox>
	</object>
	<object>
		<name>미소된장국</name>
		<bndbox>
			<xmin>1362</xmin>
			<ymin>794</ymin>
			<xmax>1829</xmax>
			<ymax>1272</ymax>
		</bndbox>
	</object>
</annotation>