<annotation>
	<folder>top국류원형배달미소된장국q1</folder>
	<filename>top_국류_원형배달_미소된장국_Q1_00028.JPG</filename>
	<path>/top국류원형배달미소된장국q1/top_국류_원형배달_미소된장국_Q1_00028.JPG</path>
	<source>
		<database>fooddata</database>
	</source>
	<size>
		<width>3008</width>
		<height>2000</height>
		<depth>3</depth>
	</size>
	<object>
		<name>ref_spoon</name>
		<bndbox>
			<xmin>361</xmin>
			<ymin>982</ymin>
			<xmax>904</xmax>
			<ymax>1328</ymax>
		</bndbox>
	</object>
	<object>
		<name>ref_fork</name>
		<bndbox>
			<xmin>488</xmin>
			<ymin>1434</ymin>
			<xmax>1087</xmax>
			<ymax>1694</ymax>
		</bndbox>
	</object>
	<object>
		<name>ref_coin</name>
		<bndbox>
			<xmin>2149</xmin>
			<ymin>398</ymin>
			<xmax>2398</xmax>
			<ymax>627</ymax>
		</bndbox>
	</object>
	<object>
		<name>dish</name>
		<bndbox>
			<xmin>1138</xmin>
			<ymin>245</ymin>
			<xmax>1834</xmax>
			<ymax>936</ymax>
		</bndbox>
	</object>
	<object>
		<name>미소된장국</name>
		<bndbox>
			<xmin>1230</xmin>
			<ymin>444</ymin>
			<xmax>1738</xmax>
			<ymax>891</ymax>
		</bndbox>
	</object>
</annotation>