<annotation>
	<folder>top국류원형배달미소된장국q1</folder>
	<filename>top_국류_원형배달_미소된장국_Q1_00006.JPG</filename>
	<path>/top국류원형배달미소된장국q1/top_국류_원형배달_미소된장국_Q1_00006.JPG</path>
	<source>
		<database>fooddata</database>
	</source>
	<size>
		<width>3008</width>
		<height>2000</height>
		<depth>3</depth>
	</size>
	<object>
		<name>ref_spoon</name>
		<bndbox>
			<xmin>2154</xmin>
			<ymin>337</ymin>
			<xmax>2500</xmax>
			<ymax>865</ymax>
		</bndbox>
	</object>
	<object>
		<name>ref_fork</name>
		<bndbox>
			<xmin>1728</xmin>
			<ymin>378</ymin>
			<xmax>1977</xmax>
			<ymax>952</ymax>
		</bndbox>
	</object>
	<object>
		<name>ref_coin</name>
		<bndbox>
			<xmin>488</xmin>
			<ymin>1678</ymin>
			<xmax>752</xmax>
			<ymax>1932</ymax>
		</bndbox>
	</object>
	<object>
		<name>dish</name>
		<bndbox>
			<xmin>874</xmin>
			<ymin>992</ymin>
			<xmax>1595</xmax>
			<ymax>1719</ymax>
		</bndbox>
	</object>
	<object>
		<name>미소된장국</name>
		<bndbox>
			<xmin>991</xmin>
			<ymin>1124</ymin>
			<xmax>1494</xmax>
			<ymax>1617</ymax>
		</bndbox>
	</object>
</annotation>