<annotation>
	<folder>side국물면류뚝배기일식우동q5</folder>
	<filename>side_국물면류_뚝배기_일식우동_Q5_00057.JPG</filename>
	<path>/side국물면류뚝배기일식우동q5/side_국물면류_뚝배기_일식우동_Q5_00057.JPG</path>
	<source>
		<database>fooddata</database>
	</source>
	<size>
		<width>3008</width>
		<height>2000</height>
		<depth>3</depth>
	</size>
	<object>
		<name>ref_spoon</name>
		<bndbox>
			<xmin>163</xmin>
			<ymin>514</ymin>
			<xmax>447</xmax>
			<ymax>908</ymax>
		</bndbox>
	</object>
	<object>
		<name>ref_fork</name>
		<bndbox>
			<xmin>532</xmin>
			<ymin>496</ymin>
			<xmax>724</xmax>
			<ymax>947</ymax>
		</bndbox>
	</object>
	<object>
		<name>ref_coin</name>
		<bndbox>
			<xmin>2022</xmin>
			<ymin>1717</ymin>
			<xmax>2256</xmax>
			<ymax>1901</ymax>
		</bndbox>
	</object>
	<object>
		<name>dish</name>
		<bndbox>
			<xmin>1036</xmin>
			<ymin>223</ymin>
			<xmax>2518</xmax>
			<ymax>1486</ymax>
		</bndbox>
	</object>
	<object>
		<name>일식우동</name>
		<bndbox>
			<xmin>1103</xmin>
			<ymin>369</ymin>
			<xmax>2433</xmax>
			<ymax>1223</ymax>
		</bndbox>
	</object>
</annotation>