<annotation>
	<folder>side국물면류뚝배기일식우동q5</folder>
	<filename>side_국물면류_뚝배기_일식우동_Q5_00049.JPG</filename>
	<path>/side국물면류뚝배기일식우동q5/side_국물면류_뚝배기_일식우동_Q5_00049.JPG</path>
	<source>
		<database>fooddata</database>
	</source>
	<size>
		<width>3008</width>
		<height>2000</height>
		<depth>3</depth>
	</size>
	<object>
		<name>ref_spoon</name>
		<bndbox>
			<xmin>121</xmin>
			<ymin>698</ymin>
			<xmax>404</xmax>
			<ymax>1085</ymax>
		</bndbox>
	</object>
	<object>
		<name>ref_fork</name>
		<bndbox>
			<xmin>486</xmin>
			<ymin>674</ymin>
			<xmax>670</xmax>
			<ymax>1099</ymax>
		</bndbox>
	</object>
	<object>
		<name>ref_coin</name>
		<bndbox>
			<xmin>2518</xmin>
			<ymin>432</ymin>
			<xmax>2714</xmax>
			<ymax>571</ymax>
		</bndbox>
	</object>
	<object>
		<name>dish</name>
		<bndbox>
			<xmin>968</xmin>
			<ymin>429</ymin>
			<xmax>2423</xmax>
			<ymax>1656</ymax>
		</bndbox>
	</object>
	<object>
		<name>일식우동</name>
		<bndbox>
			<xmin>1043</xmin>
			<ymin>557</ymin>
			<xmax>2348</xmax>
			<ymax>1408</ymax>
		</bndbox>
	</object>
</annotation>