<annotation>
	<folder>side국물면류뚝배기일식우동q5</folder>
	<filename>side_국물면류_뚝배기_일식우동_Q5_00020.JPG</filename>
	<path>/side국물면류뚝배기일식우동q5/side_국물면류_뚝배기_일식우동_Q5_00020.JPG</path>
	<source>
		<database>fooddata</database>
	</source>
	<size>
		<width>3008</width>
		<height>2000</height>
		<depth>3</depth>
	</size>
	<object>
		<name>ref_spoon</name>
		<bndbox>
			<xmin>1852</xmin>
			<ymin>596</ymin>
			<xmax>2142</xmax>
			<ymax>996</ymax>
		</bndbox>
	</object>
	<object>
		<name>ref_fork</name>
		<bndbox>
			<xmin>2270</xmin>
			<ymin>628</ymin>
			<xmax>2465</xmax>
			<ymax>1050</ymax>
		</bndbox>
	</object>
	<object>
		<name>ref_coin</name>
		<bndbox>
			<xmin>2558</xmin>
			<ymin>738</ymin>
			<xmax>2774</xmax>
			<ymax>890</ymax>
		</bndbox>
	</object>
	<object>
		<name>dish</name>
		<bndbox>
			<xmin>195</xmin>
			<ymin>333</ymin>
			<xmax>1703</xmax>
			<ymax>1607</ymax>
		</bndbox>
	</object>
	<object>
		<name>일식우동</name>
		<bndbox>
			<xmin>270</xmin>
			<ymin>468</ymin>
			<xmax>1632</xmax>
			<ymax>1333</ymax>
		</bndbox>
	</object>
</annotation>