<annotation>
	<folder>side국물면류뚝배기일식우동q5</folder>
	<filename>side_국물면류_뚝배기_일식우동_Q5_00001.JPG</filename>
	<path>/side국물면류뚝배기일식우동q5/side_국물면류_뚝배기_일식우동_Q5_00001.JPG</path>
	<source>
		<database>fooddata</database>
	</source>
	<size>
		<width>3008</width>
		<height>2000</height>
		<depth>3</depth>
	</size>
	<object>
		<name>ref_spoon</name>
		<bndbox>
			<xmin>1919</xmin>
			<ymin>528</ymin>
			<xmax>2221</xmax>
			<ymax>911</ymax>
		</bndbox>
	</object>
	<object>
		<name>ref_fork</name>
		<bndbox>
			<xmin>2377</xmin>
			<ymin>553</ymin>
			<xmax>2582</xmax>
			<ymax>996</ymax>
		</bndbox>
	</object>
	<object>
		<name>ref_coin</name>
		<bndbox>
			<xmin>1536</xmin>
			<ymin>1560</ymin>
			<xmax>1777</xmax>
			<ymax>1748</ymax>
		</bndbox>
	</object>
	<object>
		<name>dish</name>
		<bndbox>
			<xmin>227</xmin>
			<ymin>145</ymin>
			<xmax>1820</xmax>
			<ymax>1475</ymax>
		</bndbox>
	</object>
	<object>
		<name>일식우동</name>
		<bndbox>
			<xmin>319</xmin>
			<ymin>291</ymin>
			<xmax>1742</xmax>
			<ymax>1142</ymax>
		</bndbox>
	</object>
</annotation>