<annotation>
	<folder>side국물면류뚝배기일식우동q5</folder>
	<filename>side_국물면류_뚝배기_일식우동_Q5_00035.JPG</filename>
	<path>/side국물면류뚝배기일식우동q5/side_국물면류_뚝배기_일식우동_Q5_00035.JPG</path>
	<source>
		<database>fooddata</database>
	</source>
	<size>
		<width>3008</width>
		<height>2000</height>
		<depth>3</depth>
	</size>
	<object>
		<name>ref_spoon</name>
		<bndbox>
			<xmin>688</xmin>
			<ymin>1596</ymin>
			<xmax>1139</xmax>
			<ymax>1830</ymax>
		</bndbox>
	</object>
	<object>
		<name>ref_fork</name>
		<bndbox>
			<xmin>869</xmin>
			<ymin>1387</ymin>
			<xmax>1405</xmax>
			<ymax>1578</ymax>
		</bndbox>
	</object>
	<object>
		<name>ref_coin</name>
		<bndbox>
			<xmin>2540</xmin>
			<ymin>1184</ymin>
			<xmax>2728</xmax>
			<ymax>1337</ymax>
		</bndbox>
	</object>
	<object>
		<name>dish</name>
		<bndbox>
			<xmin>791</xmin>
			<ymin>145</ymin>
			<xmax>2001</xmax>
			<ymax>1163</ymax>
		</bndbox>
	</object>
	<object>
		<name>일식우동</name>
		<bndbox>
			<xmin>851</xmin>
			<ymin>252</ymin>
			<xmax>1933</xmax>
			<ymax>929</ymax>
		</bndbox>
	</object>
</annotation>