<annotation>
	<folder>side국물면류뚝배기일식우동q5</folder>
	<filename>side_국물면류_뚝배기_일식우동_Q5_00016.JPG</filename>
	<path>/side국물면류뚝배기일식우동q5/side_국물면류_뚝배기_일식우동_Q5_00016.JPG</path>
	<source>
		<database>fooddata</database>
	</source>
	<size>
		<width>3008</width>
		<height>2000</height>
		<depth>3</depth>
	</size>
	<object>
		<name>ref_spoon</name>
		<bndbox>
			<xmin>1915</xmin>
			<ymin>734</ymin>
			<xmax>2203</xmax>
			<ymax>1121</ymax>
		</bndbox>
	</object>
	<object>
		<name>ref_fork</name>
		<bndbox>
			<xmin>2330</xmin>
			<ymin>780</ymin>
			<xmax>2526</xmax>
			<ymax>1209</ymax>
		</bndbox>
	</object>
	<object>
		<name>ref_coin</name>
		<bndbox>
			<xmin>1036</xmin>
			<ymin>220</ymin>
			<xmax>1224</xmax>
			<ymax>354</ymax>
		</bndbox>
	</object>
	<object>
		<name>dish</name>
		<bndbox>
			<xmin>316</xmin>
			<ymin>489</ymin>
			<xmax>1859</xmax>
			<ymax>1805</ymax>
		</bndbox>
	</object>
	<object>
		<name>일식우동</name>
		<bndbox>
			<xmin>383</xmin>
			<ymin>642</ymin>
			<xmax>1791</xmax>
			<ymax>1532</ymax>
		</bndbox>
	</object>
</annotation>