<annotation>
	<folder>side국물면류뚝배기일식우동q5</folder>
	<filename>side_국물면류_뚝배기_일식우동_Q5_00034.JPG</filename>
	<path>/side국물면류뚝배기일식우동q5/side_국물면류_뚝배기_일식우동_Q5_00034.JPG</path>
	<source>
		<database>fooddata</database>
	</source>
	<size>
		<width>3008</width>
		<height>2000</height>
		<depth>3</depth>
	</size>
	<object>
		<name>ref_spoon</name>
		<bndbox>
			<xmin>631</xmin>
			<ymin>1596</ymin>
			<xmax>1103</xmax>
			<ymax>1830</ymax>
		</bndbox>
	</object>
	<object>
		<name>ref_fork</name>
		<bndbox>
			<xmin>812</xmin>
			<ymin>1380</ymin>
			<xmax>1312</xmax>
			<ymax>1575</ymax>
		</bndbox>
	</object>
	<object>
		<name>ref_coin</name>
		<bndbox>
			<xmin>2440</xmin>
			<ymin>972</ymin>
			<xmax>2628</xmax>
			<ymax>1110</ymax>
		</bndbox>
	</object>
	<object>
		<name>dish</name>
		<bndbox>
			<xmin>720</xmin>
			<ymin>145</ymin>
			<xmax>1926</xmax>
			<ymax>1149</ymax>
		</bndbox>
	</object>
	<object>
		<name>일식우동</name>
		<bndbox>
			<xmin>766</xmin>
			<ymin>252</ymin>
			<xmax>1884</xmax>
			<ymax>922</ymax>
		</bndbox>
	</object>
</annotation>