<annotation>
	<folder>top국물면류뚝배기일식우동q5</folder>
	<filename>top_국물면류_뚝배기_일식우동_Q5_00037.JPG</filename>
	<path>/top국물면류뚝배기일식우동q5/top_국물면류_뚝배기_일식우동_Q5_00037.JPG</path>
	<source>
		<database>fooddata</database>
	</source>
	<size>
		<width>3008</width>
		<height>2000</height>
		<depth>3</depth>
	</size>
	<object>
		<name>ref_spoon</name>
		<bndbox>
			<xmin>483</xmin>
			<ymin>567</ymin>
			<xmax>736</xmax>
			<ymax>966</ymax>
		</bndbox>
	</object>
	<object>
		<name>ref_fork</name>
		<bndbox>
			<xmin>820</xmin>
			<ymin>548</ymin>
			<xmax>1008</xmax>
			<ymax>977</ymax>
		</bndbox>
	</object>
	<object>
		<name>ref_coin</name>
		<bndbox>
			<xmin>1415</xmin>
			<ymin>1504</ymin>
			<xmax>1593</xmax>
			<ymax>1674</ymax>
		</bndbox>
	</object>
	<object>
		<name>dish</name>
		<bndbox>
			<xmin>1227</xmin>
			<ymin>159</ymin>
			<xmax>2486</xmax>
			<ymax>1402</ymax>
		</bndbox>
	</object>
	<object>
		<name>일식우동</name>
		<bndbox>
			<xmin>1308</xmin>
			<ymin>272</ymin>
			<xmax>2373</xmax>
			<ymax>1329</ymax>
		</bndbox>
	</object>
</annotation>