<annotation>
	<folder>top국물면류뚝배기일식우동q5</folder>
	<filename>top_국물면류_뚝배기_일식우동_Q5_00035.JPG</filename>
	<path>/top국물면류뚝배기일식우동q5/top_국물면류_뚝배기_일식우동_Q5_00035.JPG</path>
	<source>
		<database>fooddata</database>
	</source>
	<size>
		<width>3008</width>
		<height>2000</height>
		<depth>3</depth>
	</size>
	<object>
		<name>ref_spoon</name>
		<bndbox>
			<xmin>1138</xmin>
			<ymin>1705</ymin>
			<xmax>1473</xmax>
			<ymax>1914</ymax>
		</bndbox>
	</object>
	<object>
		<name>ref_fork</name>
		<bndbox>
			<xmin>1110</xmin>
			<ymin>1491</ymin>
			<xmax>1449</xmax>
			<ymax>1642</ymax>
		</bndbox>
	</object>
	<object>
		<name>ref_coin</name>
		<bndbox>
			<xmin>1496</xmin>
			<ymin>97</ymin>
			<xmax>1627</xmax>
			<ymax>227</ymax>
		</bndbox>
	</object>
	<object>
		<name>dish</name>
		<bndbox>
			<xmin>1303</xmin>
			<ymin>337</ymin>
			<xmax>2311</xmax>
			<ymax>1337</ymax>
		</bndbox>
	</object>
	<object>
		<name>일식우동</name>
		<bndbox>
			<xmin>1358</xmin>
			<ymin>423</ymin>
			<xmax>2225</xmax>
			<ymax>1264</ymax>
		</bndbox>
	</object>
</annotation>