<annotation>
	<folder>top국물면류뚝배기일식우동q5</folder>
	<filename>top_국물면류_뚝배기_일식우동_Q5_00033.JPG</filename>
	<path>/top국물면류뚝배기일식우동q5/top_국물면류_뚝배기_일식우동_Q5_00033.JPG</path>
	<source>
		<database>fooddata</database>
	</source>
	<size>
		<width>3008</width>
		<height>2000</height>
		<depth>3</depth>
	</size>
	<object>
		<name>ref_spoon</name>
		<bndbox>
			<xmin>838</xmin>
			<ymin>1629</ymin>
			<xmax>1235</xmax>
			<ymax>1869</ymax>
		</bndbox>
	</object>
	<object>
		<name>ref_fork</name>
		<bndbox>
			<xmin>843</xmin>
			<ymin>1444</ymin>
			<xmax>1264</xmax>
			<ymax>1606</ymax>
		</bndbox>
	</object>
	<object>
		<name>ref_coin</name>
		<bndbox>
			<xmin>2199</xmin>
			<ymin>225</ymin>
			<xmax>2360</xmax>
			<ymax>386</ymax>
		</bndbox>
	</object>
	<object>
		<name>dish</name>
		<bndbox>
			<xmin>1005</xmin>
			<ymin>91</ymin>
			<xmax>2191</xmax>
			<ymax>1261</ymax>
		</bndbox>
	</object>
	<object>
		<name>일식우동</name>
		<bndbox>
			<xmin>1097</xmin>
			<ymin>185</ymin>
			<xmax>2107</xmax>
			<ymax>1191</ymax>
		</bndbox>
	</object>
</annotation>