<annotation>
	<folder>top국물면류뚝배기일식우동q5</folder>
	<filename>top_국물면류_뚝배기_일식우동_Q5_00049.JPG</filename>
	<path>/top국물면류뚝배기일식우동q5/top_국물면류_뚝배기_일식우동_Q5_00049.JPG</path>
	<source>
		<database>fooddata</database>
	</source>
	<size>
		<width>3008</width>
		<height>2000</height>
		<depth>3</depth>
	</size>
	<object>
		<name>ref_spoon</name>
		<bndbox>
			<xmin>397</xmin>
			<ymin>961</ymin>
			<xmax>671</xmax>
			<ymax>1379</ymax>
		</bndbox>
	</object>
	<object>
		<name>ref_fork</name>
		<bndbox>
			<xmin>755</xmin>
			<ymin>911</ymin>
			<xmax>974</xmax>
			<ymax>1363</ymax>
		</bndbox>
	</object>
	<object>
		<name>ref_coin</name>
		<bndbox>
			<xmin>1577</xmin>
			<ymin>112</ymin>
			<xmax>1749</xmax>
			<ymax>279</ymax>
		</bndbox>
	</object>
	<object>
		<name>dish</name>
		<bndbox>
			<xmin>1206</xmin>
			<ymin>470</ymin>
			<xmax>2588</xmax>
			<ymax>1846</ymax>
		</bndbox>
	</object>
	<object>
		<name>일식우동</name>
		<bndbox>
			<xmin>1311</xmin>
			<ymin>603</ymin>
			<xmax>2470</xmax>
			<ymax>1749</ymax>
		</bndbox>
	</object>
</annotation>