<annotation>
	<folder>top국물면류뚝배기일식우동q5</folder>
	<filename>top_국물면류_뚝배기_일식우동_Q5_00020.JPG</filename>
	<path>/top국물면류뚝배기일식우동q5/top_국물면류_뚝배기_일식우동_Q5_00020.JPG</path>
	<source>
		<database>fooddata</database>
	</source>
	<size>
		<width>3008</width>
		<height>2000</height>
		<depth>3</depth>
	</size>
	<object>
		<name>ref_spoon</name>
		<bndbox>
			<xmin>984</xmin>
			<ymin>1561</ymin>
			<xmax>1376</xmax>
			<ymax>1807</ymax>
		</bndbox>
	</object>
	<object>
		<name>ref_fork</name>
		<bndbox>
			<xmin>987</xmin>
			<ymin>1350</ymin>
			<xmax>1392</xmax>
			<ymax>1509</ymax>
		</bndbox>
	</object>
	<object>
		<name>ref_coin</name>
		<bndbox>
			<xmin>2029</xmin>
			<ymin>966</ymin>
			<xmax>2180</xmax>
			<ymax>1115</ymax>
		</bndbox>
	</object>
	<object>
		<name>dish</name>
		<bndbox>
			<xmin>937</xmin>
			<ymin>78</ymin>
			<xmax>2107</xmax>
			<ymax>1235</ymax>
		</bndbox>
	</object>
	<object>
		<name>일식우동</name>
		<bndbox>
			<xmin>1031</xmin>
			<ymin>201</ymin>
			<xmax>2024</xmax>
			<ymax>1172</ymax>
		</bndbox>
	</object>
</annotation>