<annotation>
	<folder>top국물면류뚝배기일식우동q5</folder>
	<filename>top_국물면류_뚝배기_일식우동_Q5_00032.JPG</filename>
	<path>/top국물면류뚝배기일식우동q5/top_국물면류_뚝배기_일식우동_Q5_00032.JPG</path>
	<source>
		<database>fooddata</database>
	</source>
	<size>
		<width>3008</width>
		<height>2000</height>
		<depth>3</depth>
	</size>
	<object>
		<name>ref_spoon</name>
		<bndbox>
			<xmin>911</xmin>
			<ymin>1595</ymin>
			<xmax>1311</xmax>
			<ymax>1843</ymax>
		</bndbox>
	</object>
	<object>
		<name>ref_fork</name>
		<bndbox>
			<xmin>927</xmin>
			<ymin>1415</ymin>
			<xmax>1345</xmax>
			<ymax>1582</ymax>
		</bndbox>
	</object>
	<object>
		<name>ref_coin</name>
		<bndbox>
			<xmin>2387</xmin>
			<ymin>580</ymin>
			<xmax>2543</xmax>
			<ymax>734</ymax>
		</bndbox>
	</object>
	<object>
		<name>dish</name>
		<bndbox>
			<xmin>1081</xmin>
			<ymin>60</ymin>
			<xmax>2261</xmax>
			<ymax>1222</ymax>
		</bndbox>
	</object>
	<object>
		<name>일식우동</name>
		<bndbox>
			<xmin>1165</xmin>
			<ymin>154</ymin>
			<xmax>2193</xmax>
			<ymax>1151</ymax>
		</bndbox>
	</object>
</annotation>