<annotation>
	<folder>top국물면류뚝배기일식우동q5</folder>
	<filename>top_국물면류_뚝배기_일식우동_Q5_00013.JPG</filename>
	<path>/top국물면류뚝배기일식우동q5/top_국물면류_뚝배기_일식우동_Q5_00013.JPG</path>
	<source>
		<database>fooddata</database>
	</source>
	<size>
		<width>3008</width>
		<height>2000</height>
		<depth>3</depth>
	</size>
	<object>
		<name>ref_spoon</name>
		<bndbox>
			<xmin>1729</xmin>
			<ymin>131</ymin>
			<xmax>2008</xmax>
			<ymax>616</ymax>
		</bndbox>
	</object>
	<object>
		<name>ref_fork</name>
		<bndbox>
			<xmin>2183</xmin>
			<ymin>245</ymin>
			<xmax>2371</xmax>
			<ymax>773</ymax>
		</bndbox>
	</object>
	<object>
		<name>ref_coin</name>
		<bndbox>
			<xmin>2541</xmin>
			<ymin>841</ymin>
			<xmax>2736</xmax>
			<ymax>1039</ymax>
		</bndbox>
	</object>
	<object>
		<name>dish</name>
		<bndbox>
			<xmin>175</xmin>
			<ymin>214</ymin>
			<xmax>1786</xmax>
			<ymax>1794</ymax>
		</bndbox>
	</object>
	<object>
		<name>일식우동</name>
		<bndbox>
			<xmin>293</xmin>
			<ymin>337</ymin>
			<xmax>1679</xmax>
			<ymax>1708</ymax>
		</bndbox>
	</object>
</annotation>