<annotation>
	<folder>top국물면류뚝배기일식우동q5</folder>
	<filename>top_국물면류_뚝배기_일식우동_Q5_00014.JPG</filename>
	<path>/top국물면류뚝배기일식우동q5/top_국물면류_뚝배기_일식우동_Q5_00014.JPG</path>
	<source>
		<database>fooddata</database>
	</source>
	<size>
		<width>3008</width>
		<height>2000</height>
		<depth>3</depth>
	</size>
	<object>
		<name>ref_spoon</name>
		<bndbox>
			<xmin>1781</xmin>
			<ymin>136</ymin>
			<xmax>2055</xmax>
			<ymax>614</ymax>
		</bndbox>
	</object>
	<object>
		<name>ref_fork</name>
		<bndbox>
			<xmin>2225</xmin>
			<ymin>261</ymin>
			<xmax>2407</xmax>
			<ymax>765</ymax>
		</bndbox>
	</object>
	<object>
		<name>ref_coin</name>
		<bndbox>
			<xmin>2601</xmin>
			<ymin>1128</ymin>
			<xmax>2815</xmax>
			<ymax>1342</ymax>
		</bndbox>
	</object>
	<object>
		<name>dish</name>
		<bndbox>
			<xmin>266</xmin>
			<ymin>193</ymin>
			<xmax>1862</xmax>
			<ymax>1752</ymax>
		</bndbox>
	</object>
	<object>
		<name>일식우동</name>
		<bndbox>
			<xmin>394</xmin>
			<ymin>339</ymin>
			<xmax>1755</xmax>
			<ymax>1676</ymax>
		</bndbox>
	</object>
</annotation>