<annotation>
	<folder>side오므라이스사각배달오므라이스q4</folder>
	<filename>side_오므라이스_사각배달_오므라이스_Q4_00031.JPG</filename>
	<path>/side오므라이스사각배달오므라이스q4/side_오므라이스_사각배달_오므라이스_Q4_00031.JPG</path>
	<source>
		<database>fooddata</database>
	</source>
	<size>
		<width>3008</width>
		<height>2000</height>
		<depth>3</depth>
	</size>
	<object>
		<name>ref_spoon</name>
		<bndbox>
			<xmin>757</xmin>
			<ymin>1556</ymin>
			<xmax>1219</xmax>
			<ymax>1775</ymax>
		</bndbox>
	</object>
	<object>
		<name>ref_fork</name>
		<bndbox>
			<xmin>793</xmin>
			<ymin>1318</ymin>
			<xmax>1265</xmax>
			<ymax>1521</ymax>
		</bndbox>
	</object>
	<object>
		<name>ref_coin</name>
		<bndbox>
			<xmin>2246</xmin>
			<ymin>825</ymin>
			<xmax>2444</xmax>
			<ymax>957</ymax>
		</bndbox>
	</object>
	<object>
		<name>dish</name>
		<bndbox>
			<xmin>1016</xmin>
			<ymin>139</ymin>
			<xmax>1971</xmax>
			<ymax>1150</ymax>
		</bndbox>
	</object>
	<object>
		<name>오므라이스</name>
		<bndbox>
			<xmin>1133</xmin>
			<ymin>266</ymin>
			<xmax>1799</xmax>
			<ymax>891</ymax>
		</bndbox>
	</object>
</annotation>