<annotation>
	<folder>side오므라이스사각배달오므라이스q4</folder>
	<filename>side_오므라이스_사각배달_오므라이스_Q4_00033.JPG</filename>
	<path>/side오므라이스사각배달오므라이스q4/side_오므라이스_사각배달_오므라이스_Q4_00033.JPG</path>
	<source>
		<database>fooddata</database>
	</source>
	<size>
		<width>3008</width>
		<height>2000</height>
		<depth>3</depth>
	</size>
	<object>
		<name>ref_spoon</name>
		<bndbox>
			<xmin>508</xmin>
			<ymin>591</ymin>
			<xmax>782</xmax>
			<ymax>926</ymax>
		</bndbox>
	</object>
	<object>
		<name>ref_fork</name>
		<bndbox>
			<xmin>869</xmin>
			<ymin>606</ymin>
			<xmax>1057</xmax>
			<ymax>972</ymax>
		</bndbox>
	</object>
	<object>
		<name>ref_coin</name>
		<bndbox>
			<xmin>1240</xmin>
			<ymin>1546</ymin>
			<xmax>1458</xmax>
			<ymax>1694</ymax>
		</bndbox>
	</object>
	<object>
		<name>dish</name>
		<bndbox>
			<xmin>1235</xmin>
			<ymin>423</ymin>
			<xmax>2256</xmax>
			<ymax>1490</ymax>
		</bndbox>
	</object>
	<object>
		<name>오므라이스</name>
		<bndbox>
			<xmin>1341</xmin>
			<ymin>550</ymin>
			<xmax>2175</xmax>
			<ymax>1221</ymax>
		</bndbox>
	</object>
</annotation>