<annotation>
	<folder>side오므라이스사각배달오므라이스q4</folder>
	<filename>side_오므라이스_사각배달_오므라이스_Q4_00049.JPG</filename>
	<path>/side오므라이스사각배달오므라이스q4/side_오므라이스_사각배달_오므라이스_Q4_00049.JPG</path>
	<source>
		<database>fooddata</database>
	</source>
	<size>
		<width>3008</width>
		<height>2000</height>
		<depth>3</depth>
	</size>
	<object>
		<name>ref_spoon</name>
		<bndbox>
			<xmin>254</xmin>
			<ymin>550</ymin>
			<xmax>549</xmax>
			<ymax>901</ymax>
		</bndbox>
	</object>
	<object>
		<name>ref_fork</name>
		<bndbox>
			<xmin>645</xmin>
			<ymin>535</ymin>
			<xmax>854</xmax>
			<ymax>947</ymax>
		</bndbox>
	</object>
	<object>
		<name>ref_coin</name>
		<bndbox>
			<xmin>2053</xmin>
			<ymin>301</ymin>
			<xmax>2271</xmax>
			<ymax>439</ymax>
		</bndbox>
	</object>
	<object>
		<name>dish</name>
		<bndbox>
			<xmin>1011</xmin>
			<ymin>383</ymin>
			<xmax>2622</xmax>
			<ymax>1373</ymax>
		</bndbox>
	</object>
	<object>
		<name>오므라이스</name>
		<bndbox>
			<xmin>1158</xmin>
			<ymin>550</ymin>
			<xmax>2454</xmax>
			<ymax>1079</ymax>
		</bndbox>
	</object>
</annotation>