<annotation>
	<folder>side오므라이스사각배달오므라이스q4</folder>
	<filename>side_오므라이스_사각배달_오므라이스_Q4_00008.JPG</filename>
	<path>/side오므라이스사각배달오므라이스q4/side_오므라이스_사각배달_오므라이스_Q4_00008.JPG</path>
	<source>
		<database>fooddata</database>
	</source>
	<size>
		<width>3008</width>
		<height>2000</height>
		<depth>3</depth>
	</size>
	<object>
		<name>ref_spoon</name>
		<bndbox>
			<xmin>2078</xmin>
			<ymin>510</ymin>
			<xmax>2327</xmax>
			<ymax>830</ymax>
		</bndbox>
	</object>
	<object>
		<name>ref_fork</name>
		<bndbox>
			<xmin>2429</xmin>
			<ymin>576</ymin>
			<xmax>2617</xmax>
			<ymax>916</ymax>
		</bndbox>
	</object>
	<object>
		<name>ref_coin</name>
		<bndbox>
			<xmin>173</xmin>
			<ymin>1079</ymin>
			<xmax>386</xmax>
			<ymax>1231</ymax>
		</bndbox>
	</object>
	<object>
		<name>dish</name>
		<bndbox>
			<xmin>711</xmin>
			<ymin>398</ymin>
			<xmax>1921</xmax>
			<ymax>1495</ymax>
		</bndbox>
	</object>
	<object>
		<name>오므라이스</name>
		<bndbox>
			<xmin>1006</xmin>
			<ymin>682</ymin>
			<xmax>1595</xmax>
			<ymax>1231</ymax>
		</bndbox>
	</object>
</annotation>