<annotation>
	<folder>side오므라이스사각배달오므라이스q4</folder>
	<filename>side_오므라이스_사각배달_오므라이스_Q4_00030.JPG</filename>
	<path>/side오므라이스사각배달오므라이스q4/side_오므라이스_사각배달_오므라이스_Q4_00030.JPG</path>
	<source>
		<database>fooddata</database>
	</source>
	<size>
		<width>3008</width>
		<height>2000</height>
		<depth>3</depth>
	</size>
	<object>
		<name>ref_spoon</name>
		<bndbox>
			<xmin>762</xmin>
			<ymin>1577</ymin>
			<xmax>1204</xmax>
			<ymax>1795</ymax>
		</bndbox>
	</object>
	<object>
		<name>ref_fork</name>
		<bndbox>
			<xmin>782</xmin>
			<ymin>1312</ymin>
			<xmax>1260</xmax>
			<ymax>1526</ymax>
		</bndbox>
	</object>
	<object>
		<name>ref_coin</name>
		<bndbox>
			<xmin>2088</xmin>
			<ymin>1089</ymin>
			<xmax>2297</xmax>
			<ymax>1236</ymax>
		</bndbox>
	</object>
	<object>
		<name>dish</name>
		<bndbox>
			<xmin>874</xmin>
			<ymin>124</ymin>
			<xmax>1992</xmax>
			<ymax>1175</ymax>
		</bndbox>
	</object>
	<object>
		<name>오므라이스</name>
		<bndbox>
			<xmin>1123</xmin>
			<ymin>261</ymin>
			<xmax>1758</xmax>
			<ymax>916</ymax>
		</bndbox>
	</object>
</annotation>