<annotation>
	<folder>top오므라이스사각배달오므라이스q4</folder>
	<filename>top_오므라이스_사각배달_오므라이스_Q4_00050.JPG</filename>
	<path>/top오므라이스사각배달오므라이스q4/top_오므라이스_사각배달_오므라이스_Q4_00050.JPG</path>
	<source>
		<database>fooddata</database>
	</source>
	<size>
		<width>3008</width>
		<height>2000</height>
		<depth>3</depth>
	</size>
	<object>
		<name>ref_spoon</name>
		<bndbox>
			<xmin>630</xmin>
			<ymin>164</ymin>
			<xmax>874</xmax>
			<ymax>530</ymax>
		</bndbox>
	</object>
	<object>
		<name>ref_fork</name>
		<bndbox>
			<xmin>1016</xmin>
			<ymin>286</ymin>
			<xmax>1204</xmax>
			<ymax>693</ymax>
		</bndbox>
	</object>
	<object>
		<name>ref_coin</name>
		<bndbox>
			<xmin>1240</xmin>
			<ymin>1394</ymin>
			<xmax>1423</xmax>
			<ymax>1592</ymax>
		</bndbox>
	</object>
	<object>
		<name>dish</name>
		<bndbox>
			<xmin>1489</xmin>
			<ymin>240</ymin>
			<xmax>2464</xmax>
			<ymax>1567</ymax>
		</bndbox>
	</object>
	<object>
		<name>오므라이스</name>
		<bndbox>
			<xmin>1656</xmin>
			<ymin>408</ymin>
			<xmax>2317</xmax>
			<ymax>1470</ymax>
		</bndbox>
	</object>
</annotation>