<annotation>
	<folder>top오므라이스사각배달오므라이스q4</folder>
	<filename>top_오므라이스_사각배달_오므라이스_Q4_00020.JPG</filename>
	<path>/top오므라이스사각배달오므라이스q4/top_오므라이스_사각배달_오므라이스_Q4_00020.JPG</path>
	<source>
		<database>fooddata</database>
	</source>
	<size>
		<width>3008</width>
		<height>2000</height>
		<depth>3</depth>
	</size>
	<object>
		<name>ref_spoon</name>
		<bndbox>
			<xmin>808</xmin>
			<ymin>1546</ymin>
			<xmax>1199</xmax>
			<ymax>1805</ymax>
		</bndbox>
	</object>
	<object>
		<name>ref_fork</name>
		<bndbox>
			<xmin>920</xmin>
			<ymin>1312</ymin>
			<xmax>1301</xmax>
			<ymax>1495</ymax>
		</bndbox>
	</object>
	<object>
		<name>ref_coin</name>
		<bndbox>
			<xmin>782</xmin>
			<ymin>535</ymin>
			<xmax>950</xmax>
			<ymax>703</ymax>
		</bndbox>
	</object>
	<object>
		<name>dish</name>
		<bndbox>
			<xmin>986</xmin>
			<ymin>225</ymin>
			<xmax>2226</xmax>
			<ymax>1104</ymax>
		</bndbox>
	</object>
	<object>
		<name>오므라이스</name>
		<bndbox>
			<xmin>1098</xmin>
			<ymin>378</ymin>
			<xmax>2083</xmax>
			<ymax>931</ymax>
		</bndbox>
	</object>
</annotation>