<annotation>
	<folder>top오므라이스사각배달오므라이스q4</folder>
	<filename>top_오므라이스_사각배달_오므라이스_Q4_00009.JPG</filename>
	<path>/top오므라이스사각배달오므라이스q4/top_오므라이스_사각배달_오므라이스_Q4_00009.JPG</path>
	<source>
		<database>fooddata</database>
	</source>
	<size>
		<width>3008</width>
		<height>2000</height>
		<depth>3</depth>
	</size>
	<object>
		<name>ref_spoon</name>
		<bndbox>
			<xmin>2093</xmin>
			<ymin>317</ymin>
			<xmax>2347</xmax>
			<ymax>703</ymax>
		</bndbox>
	</object>
	<object>
		<name>ref_fork</name>
		<bndbox>
			<xmin>2388</xmin>
			<ymin>525</ymin>
			<xmax>2596</xmax>
			<ymax>947</ymax>
		</bndbox>
	</object>
	<object>
		<name>ref_coin</name>
		<bndbox>
			<xmin>1311</xmin>
			<ymin>52</ymin>
			<xmax>1504</xmax>
			<ymax>240</ymax>
		</bndbox>
	</object>
	<object>
		<name>dish</name>
		<bndbox>
			<xmin>508</xmin>
			<ymin>413</ymin>
			<xmax>1570</xmax>
			<ymax>1851</ymax>
		</bndbox>
	</object>
	<object>
		<name>오므라이스</name>
		<bndbox>
			<xmin>645</xmin>
			<ymin>560</ymin>
			<xmax>1494</xmax>
			<ymax>1516</ymax>
		</bndbox>
	</object>
</annotation>