<annotation>
	<folder>top오므라이스사각배달오므라이스q4</folder>
	<filename>top_오므라이스_사각배달_오므라이스_Q4_00011.JPG</filename>
	<path>/top오므라이스사각배달오므라이스q4/top_오므라이스_사각배달_오므라이스_Q4_00011.JPG</path>
	<source>
		<database>fooddata</database>
	</source>
	<size>
		<width>3008</width>
		<height>2000</height>
		<depth>3</depth>
	</size>
	<object>
		<name>ref_spoon</name>
		<bndbox>
			<xmin>2053</xmin>
			<ymin>281</ymin>
			<xmax>2332</xmax>
			<ymax>677</ymax>
		</bndbox>
	</object>
	<object>
		<name>ref_fork</name>
		<bndbox>
			<xmin>2368</xmin>
			<ymin>469</ymin>
			<xmax>2571</xmax>
			<ymax>916</ymax>
		</bndbox>
	</object>
	<object>
		<name>ref_coin</name>
		<bndbox>
			<xmin>1636</xmin>
			<ymin>1119</ymin>
			<xmax>1829</xmax>
			<ymax>1302</ymax>
		</bndbox>
	</object>
	<object>
		<name>dish</name>
		<bndbox>
			<xmin>224</xmin>
			<ymin>144</ymin>
			<xmax>1616</xmax>
			<ymax>1607</ymax>
		</bndbox>
	</object>
	<object>
		<name>오므라이스</name>
		<bndbox>
			<xmin>610</xmin>
			<ymin>301</ymin>
			<xmax>1321</xmax>
			<ymax>1455</ymax>
		</bndbox>
	</object>
</annotation>