<annotation>
	<folder>top오므라이스사각배달오므라이스q4</folder>
	<filename>top_오므라이스_사각배달_오므라이스_Q4_00044.JPG</filename>
	<path>/top오므라이스사각배달오므라이스q4/top_오므라이스_사각배달_오므라이스_Q4_00044.JPG</path>
	<source>
		<database>fooddata</database>
	</source>
	<size>
		<width>3008</width>
		<height>2000</height>
		<depth>3</depth>
	</size>
	<object>
		<name>ref_spoon</name>
		<bndbox>
			<xmin>279</xmin>
			<ymin>195</ymin>
			<xmax>554</xmax>
			<ymax>581</ymax>
		</bndbox>
	</object>
	<object>
		<name>ref_fork</name>
		<bndbox>
			<xmin>701</xmin>
			<ymin>337</ymin>
			<xmax>894</xmax>
			<ymax>779</ymax>
		</bndbox>
	</object>
	<object>
		<name>ref_coin</name>
		<bndbox>
			<xmin>1606</xmin>
			<ymin>205</ymin>
			<xmax>1783</xmax>
			<ymax>393</ymax>
		</bndbox>
	</object>
	<object>
		<name>dish</name>
		<bndbox>
			<xmin>986</xmin>
			<ymin>459</ymin>
			<xmax>2459</xmax>
			<ymax>1780</ymax>
		</bndbox>
	</object>
	<object>
		<name>오므라이스</name>
		<bndbox>
			<xmin>1143</xmin>
			<ymin>779</ymin>
			<xmax>2347</xmax>
			<ymax>1450</ymax>
		</bndbox>
	</object>
</annotation>