<annotation>
	<folder>side국물면류원형배달수제비q1</folder>
	<filename>side_국물면류_원형배달_수제비_Q1_00045.JPG</filename>
	<path>/side국물면류원형배달수제비q1/side_국물면류_원형배달_수제비_Q1_00045.JPG</path>
	<source>
		<database>fooddata</database>
	</source>
	<size>
		<width>3008</width>
		<height>2000</height>
		<depth>3</depth>
	</size>
	<object>
		<name>ref_spoon</name>
		<bndbox>
			<xmin>295</xmin>
			<ymin>491</ymin>
			<xmax>582</xmax>
			<ymax>893</ymax>
		</bndbox>
	</object>
	<object>
		<name>ref_fork</name>
		<bndbox>
			<xmin>658</xmin>
			<ymin>538</ymin>
			<xmax>849</xmax>
			<ymax>979</ymax>
		</bndbox>
	</object>
	<object>
		<name>ref_coin</name>
		<bndbox>
			<xmin>1058</xmin>
			<ymin>1144</ymin>
			<xmax>1282</xmax>
			<ymax>1313</ymax>
		</bndbox>
	</object>
	<object>
		<name>dish</name>
		<bndbox>
			<xmin>1447</xmin>
			<ymin>157</ymin>
			<xmax>2877</xmax>
			<ymax>1436</ymax>
		</bndbox>
	</object>
	<object>
		<name>수제비</name>
		<bndbox>
			<xmin>1564</xmin>
			<ymin>470</ymin>
			<xmax>2757</xmax>
			<ymax>1052</ymax>
		</bndbox>
	</object>
</annotation>