<annotation>
	<folder>side국물면류원형배달수제비q1</folder>
	<filename>side_국물면류_원형배달_수제비_Q1_00048.JPG</filename>
	<path>/side국물면류원형배달수제비q1/side_국물면류_원형배달_수제비_Q1_00048.JPG</path>
	<source>
		<database>fooddata</database>
	</source>
	<size>
		<width>3008</width>
		<height>2000</height>
		<depth>3</depth>
	</size>
	<object>
		<name>ref_spoon</name>
		<bndbox>
			<xmin>204</xmin>
			<ymin>556</ymin>
			<xmax>486</xmax>
			<ymax>950</ymax>
		</bndbox>
	</object>
	<object>
		<name>ref_fork</name>
		<bndbox>
			<xmin>564</xmin>
			<ymin>587</ymin>
			<xmax>755</xmax>
			<ymax>1026</ymax>
		</bndbox>
	</object>
	<object>
		<name>ref_coin</name>
		<bndbox>
			<xmin>1580</xmin>
			<ymin>1608</ymin>
			<xmax>1825</xmax>
			<ymax>1786</ymax>
		</bndbox>
	</object>
	<object>
		<name>dish</name>
		<bndbox>
			<xmin>1350</xmin>
			<ymin>180</ymin>
			<xmax>2770</xmax>
			<ymax>1423</ymax>
		</bndbox>
	</object>
	<object>
		<name>수제비</name>
		<bndbox>
			<xmin>1465</xmin>
			<ymin>480</ymin>
			<xmax>2640</xmax>
			<ymax>1052</ymax>
		</bndbox>
	</object>
</annotation>