<annotation>
	<folder>side국물면류원형배달수제비q1</folder>
	<filename>side_국물면류_원형배달_수제비_Q1_00017.JPG</filename>
	<path>/side국물면류원형배달수제비q1/side_국물면류_원형배달_수제비_Q1_00017.JPG</path>
	<source>
		<database>fooddata</database>
	</source>
	<size>
		<width>3008</width>
		<height>2000</height>
		<depth>3</depth>
	</size>
	<object>
		<name>ref_spoon</name>
		<bndbox>
			<xmin>460</xmin>
			<ymin>1653</ymin>
			<xmax>987</xmax>
			<ymax>1906</ymax>
		</bndbox>
	</object>
	<object>
		<name>ref_fork</name>
		<bndbox>
			<xmin>653</xmin>
			<ymin>1339</ymin>
			<xmax>1183</xmax>
			<ymax>1569</ymax>
		</bndbox>
	</object>
	<object>
		<name>ref_coin</name>
		<bndbox>
			<xmin>2149</xmin>
			<ymin>1112</ymin>
			<xmax>2363</xmax>
			<ymax>1282</ymax>
		</bndbox>
	</object>
	<object>
		<name>dish</name>
		<bndbox>
			<xmin>661</xmin>
			<ymin>50</ymin>
			<xmax>2052</xmax>
			<ymax>1248</ymax>
		</bndbox>
	</object>
	<object>
		<name>수제비</name>
		<bndbox>
			<xmin>807</xmin>
			<ymin>321</ymin>
			<xmax>1935</xmax>
			<ymax>869</ymax>
		</bndbox>
	</object>
</annotation>