<annotation>
	<folder>side국물면류원형배달수제비q1</folder>
	<filename>side_국물면류_원형배달_수제비_Q1_00046.JPG</filename>
	<path>/side국물면류원형배달수제비q1/side_국물면류_원형배달_수제비_Q1_00046.JPG</path>
	<source>
		<database>fooddata</database>
	</source>
	<size>
		<width>3008</width>
		<height>2000</height>
		<depth>3</depth>
	</size>
	<object>
		<name>ref_spoon</name>
		<bndbox>
			<xmin>324</xmin>
			<ymin>548</ymin>
			<xmax>611</xmax>
			<ymax>948</ymax>
		</bndbox>
	</object>
	<object>
		<name>ref_fork</name>
		<bndbox>
			<xmin>679</xmin>
			<ymin>598</ymin>
			<xmax>880</xmax>
			<ymax>1042</ymax>
		</bndbox>
	</object>
	<object>
		<name>ref_coin</name>
		<bndbox>
			<xmin>1193</xmin>
			<ymin>1436</ymin>
			<xmax>1428</xmax>
			<ymax>1611</ymax>
		</bndbox>
	</object>
	<object>
		<name>dish</name>
		<bndbox>
			<xmin>1478</xmin>
			<ymin>248</ymin>
			<xmax>2911</xmax>
			<ymax>1509</ymax>
		</bndbox>
	</object>
	<object>
		<name>수제비</name>
		<bndbox>
			<xmin>1585</xmin>
			<ymin>611</ymin>
			<xmax>2776</xmax>
			<ymax>1136</ymax>
		</bndbox>
	</object>
</annotation>