<annotation>
	<folder>side국물면류원형배달수제비q1</folder>
	<filename>side_국물면류_원형배달_수제비_Q1_00024.JPG</filename>
	<path>/side국물면류원형배달수제비q1/side_국물면류_원형배달_수제비_Q1_00024.JPG</path>
	<source>
		<database>fooddata</database>
	</source>
	<size>
		<width>3008</width>
		<height>2000</height>
		<depth>3</depth>
	</size>
	<object>
		<name>ref_spoon</name>
		<bndbox>
			<xmin>760</xmin>
			<ymin>1543</ymin>
			<xmax>1206</xmax>
			<ymax>1768</ymax>
		</bndbox>
	</object>
	<object>
		<name>ref_fork</name>
		<bndbox>
			<xmin>927</xmin>
			<ymin>1272</ymin>
			<xmax>1397</xmax>
			<ymax>1486</ymax>
		</bndbox>
	</object>
	<object>
		<name>ref_coin</name>
		<bndbox>
			<xmin>1180</xmin>
			<ymin>31</ymin>
			<xmax>1347</xmax>
			<ymax>138</ymax>
		</bndbox>
	</object>
	<object>
		<name>dish</name>
		<bndbox>
			<xmin>1060</xmin>
			<ymin>162</ymin>
			<xmax>2277</xmax>
			<ymax>1222</ymax>
		</bndbox>
	</object>
	<object>
		<name>수제비</name>
		<bndbox>
			<xmin>1175</xmin>
			<ymin>446</ymin>
			<xmax>2170</xmax>
			<ymax>888</ymax>
		</bndbox>
	</object>
</annotation>