<annotation>
	<folder>side국물면류원형배달수제비q1</folder>
	<filename>side_국물면류_원형배달_수제비_Q1_00049.JPG</filename>
	<path>/side국물면류원형배달수제비q1/side_국물면류_원형배달_수제비_Q1_00049.JPG</path>
	<source>
		<database>fooddata</database>
	</source>
	<size>
		<width>3008</width>
		<height>2000</height>
		<depth>3</depth>
	</size>
	<object>
		<name>ref_spoon</name>
		<bndbox>
			<xmin>543</xmin>
			<ymin>491</ymin>
			<xmax>836</xmax>
			<ymax>877</ymax>
		</bndbox>
	</object>
	<object>
		<name>ref_fork</name>
		<bndbox>
			<xmin>901</xmin>
			<ymin>548</ymin>
			<xmax>1099</xmax>
			<ymax>995</ymax>
		</bndbox>
	</object>
	<object>
		<name>ref_coin</name>
		<bndbox>
			<xmin>1995</xmin>
			<ymin>1616</ymin>
			<xmax>2227</xmax>
			<ymax>1786</ymax>
		</bndbox>
	</object>
	<object>
		<name>dish</name>
		<bndbox>
			<xmin>1219</xmin>
			<ymin>183</ymin>
			<xmax>2650</xmax>
			<ymax>1420</ymax>
		</bndbox>
	</object>
	<object>
		<name>수제비</name>
		<bndbox>
			<xmin>1337</xmin>
			<ymin>527</ymin>
			<xmax>2496</xmax>
			<ymax>1026</ymax>
		</bndbox>
	</object>
</annotation>