<annotation>
	<folder>side국물면류원형배달수제비q1</folder>
	<filename>side_국물면류_원형배달_수제비_Q1_00042.JPG</filename>
	<path>/side국물면류원형배달수제비q1/side_국물면류_원형배달_수제비_Q1_00042.JPG</path>
	<source>
		<database>fooddata</database>
	</source>
	<size>
		<width>3008</width>
		<height>2000</height>
		<depth>3</depth>
	</size>
	<object>
		<name>ref_spoon</name>
		<bndbox>
			<xmin>530</xmin>
			<ymin>410</ymin>
			<xmax>815</xmax>
			<ymax>791</ymax>
		</bndbox>
	</object>
	<object>
		<name>ref_fork</name>
		<bndbox>
			<xmin>875</xmin>
			<ymin>478</ymin>
			<xmax>1071</xmax>
			<ymax>922</ymax>
		</bndbox>
	</object>
	<object>
		<name>ref_coin</name>
		<bndbox>
			<xmin>1214</xmin>
			<ymin>272</ymin>
			<xmax>1423</xmax>
			<ymax>413</ymax>
		</bndbox>
	</object>
	<object>
		<name>dish</name>
		<bndbox>
			<xmin>1337</xmin>
			<ymin>360</ymin>
			<xmax>2807</xmax>
			<ymax>1674</ymax>
		</bndbox>
	</object>
	<object>
		<name>수제비</name>
		<bndbox>
			<xmin>1444</xmin>
			<ymin>702</ymin>
			<xmax>2653</xmax>
			<ymax>1279</ymax>
		</bndbox>
	</object>
</annotation>