<annotation>
	<folder>side국물면류원형배달수제비q1</folder>
	<filename>side_국물면류_원형배달_수제비_Q1_00036.JPG</filename>
	<path>/side국물면류원형배달수제비q1/side_국물면류_원형배달_수제비_Q1_00036.JPG</path>
	<source>
		<database>fooddata</database>
	</source>
	<size>
		<width>3008</width>
		<height>2000</height>
		<depth>3</depth>
	</size>
	<object>
		<name>ref_spoon</name>
		<bndbox>
			<xmin>666</xmin>
			<ymin>410</ymin>
			<xmax>917</xmax>
			<ymax>760</ymax>
		</bndbox>
	</object>
	<object>
		<name>ref_fork</name>
		<bndbox>
			<xmin>990</xmin>
			<ymin>446</ymin>
			<xmax>1165</xmax>
			<ymax>843</ymax>
		</bndbox>
	</object>
	<object>
		<name>ref_coin</name>
		<bndbox>
			<xmin>2541</xmin>
			<ymin>1248</ymin>
			<xmax>2749</xmax>
			<ymax>1405</ymax>
		</bndbox>
	</object>
	<object>
		<name>dish</name>
		<bndbox>
			<xmin>1225</xmin>
			<ymin>178</ymin>
			<xmax>2564</xmax>
			<ymax>1350</ymax>
		</bndbox>
	</object>
	<object>
		<name>수제비</name>
		<bndbox>
			<xmin>1329</xmin>
			<ymin>452</ymin>
			<xmax>2436</xmax>
			<ymax>995</ymax>
		</bndbox>
	</object>
</annotation>