<annotation>
	<folder>top국물면류원형배달수제비q1q1</folder>
	<filename>top_국물면류_원형배달_수제비_Q1_00023.JPG</filename>
	<path>/top국물면류원형배달수제비q1/top_국물면류_원형배달_수제비_Q1_00023.JPG</path>
	<source>
		<database>fooddata</database>
	</source>
	<size>
		<width>3008</width>
		<height>2000</height>
		<depth>3</depth>
	</size>
	<object>
		<name>ref_spoon</name>
		<bndbox>
			<xmin>1075</xmin>
			<ymin>1601</ymin>
			<xmax>1405</xmax>
			<ymax>1835</ymax>
		</bndbox>
	</object>
	<object>
		<name>ref_fork</name>
		<bndbox>
			<xmin>1135</xmin>
			<ymin>1406</ymin>
			<xmax>1511</xmax>
			<ymax>1569</ymax>
		</bndbox>
	</object>
	<object>
		<name>ref_coin</name>
		<bndbox>
			<xmin>1316</xmin>
			<ymin>133</ymin>
			<xmax>1469</xmax>
			<ymax>278</ymax>
		</bndbox>
	</object>
	<object>
		<name>dish</name>
		<bndbox>
			<xmin>1174</xmin>
			<ymin>338</ymin>
			<xmax>2263</xmax>
			<ymax>1413</ymax>
		</bndbox>
	</object>
	<object>
		<name>수제비</name>
		<bndbox>
			<xmin>1259</xmin>
			<ymin>467</ymin>
			<xmax>2116</xmax>
			<ymax>1341</ymax>
		</bndbox>
	</object>
</annotation>