<annotation>
	<folder>top국물면류원형배달수제비q1q1</folder>
	<filename>top_국물면류_원형배달_수제비_Q1_00011.JPG</filename>
	<path>/top국물면류원형배달수제비q1/top_국물면류_원형배달_수제비_Q1_00011.JPG</path>
	<source>
		<database>fooddata</database>
	</source>
	<size>
		<width>3008</width>
		<height>2000</height>
		<depth>3</depth>
	</size>
	<object>
		<name>ref_spoon</name>
		<bndbox>
			<xmin>2077</xmin>
			<ymin>154</ymin>
			<xmax>2365</xmax>
			<ymax>583</ymax>
		</bndbox>
	</object>
	<object>
		<name>ref_fork</name>
		<bndbox>
			<xmin>2396</xmin>
			<ymin>316</ymin>
			<xmax>2601</xmax>
			<ymax>784</ymax>
		</bndbox>
	</object>
	<object>
		<name>ref_coin</name>
		<bndbox>
			<xmin>1137</xmin>
			<ymin>49</ymin>
			<xmax>1377</xmax>
			<ymax>281</ymax>
		</bndbox>
	</object>
	<object>
		<name>dish</name>
		<bndbox>
			<xmin>560</xmin>
			<ymin>381</ymin>
			<xmax>2112</xmax>
			<ymax>1925</ymax>
		</bndbox>
	</object>
	<object>
		<name>수제비</name>
		<bndbox>
			<xmin>717</xmin>
			<ymin>576</ymin>
			<xmax>1932</xmax>
			<ymax>1787</ymax>
		</bndbox>
	</object>
</annotation>