<annotation>
	<folder>top국물면류원형배달수제비q1q1</folder>
	<filename>top_국물면류_원형배달_수제비_Q1_00051.JPG</filename>
	<path>/top국물면류원형배달수제비q1/top_국물면류_원형배달_수제비_Q1_00051.JPG</path>
	<source>
		<database>fooddata</database>
	</source>
	<size>
		<width>3008</width>
		<height>2000</height>
		<depth>3</depth>
	</size>
	<object>
		<name>ref_spoon</name>
		<bndbox>
			<xmin>231</xmin>
			<ymin>285</ymin>
			<xmax>553</xmax>
			<ymax>757</ymax>
		</bndbox>
	</object>
	<object>
		<name>ref_fork</name>
		<bndbox>
			<xmin>624</xmin>
			<ymin>303</ymin>
			<xmax>866</xmax>
			<ymax>792</ymax>
		</bndbox>
	</object>
	<object>
		<name>ref_coin</name>
		<bndbox>
			<xmin>2710</xmin>
			<ymin>1076</ymin>
			<xmax>2937</xmax>
			<ymax>1296</ymax>
		</bndbox>
	</object>
	<object>
		<name>dish</name>
		<bndbox>
			<xmin>1043</xmin>
			<ymin>136</ymin>
			<xmax>2600</xmax>
			<ymax>1701</ymax>
		</bndbox>
	</object>
	<object>
		<name>수제비</name>
		<bndbox>
			<xmin>1128</xmin>
			<ymin>366</ymin>
			<xmax>2378</xmax>
			<ymax>1562</ymax>
		</bndbox>
	</object>
</annotation>