<annotation>
	<folder>top국물면류원형배달수제비q1q1</folder>
	<filename>top_국물면류_원형배달_수제비_Q1_00009.JPG</filename>
	<path>/top국물면류원형배달수제비q1/top_국물면류_원형배달_수제비_Q1_00009.JPG</path>
	<source>
		<database>fooddata</database>
	</source>
	<size>
		<width>3008</width>
		<height>2000</height>
		<depth>3</depth>
	</size>
	<object>
		<name>ref_spoon</name>
		<bndbox>
			<xmin>2099</xmin>
			<ymin>93</ymin>
			<xmax>2365</xmax>
			<ymax>521</ymax>
		</bndbox>
	</object>
	<object>
		<name>ref_fork</name>
		<bndbox>
			<xmin>2413</xmin>
			<ymin>276</ymin>
			<xmax>2623</xmax>
			<ymax>722</ymax>
		</bndbox>
	</object>
	<object>
		<name>ref_coin</name>
		<bndbox>
			<xmin>420</xmin>
			<ymin>268</ymin>
			<xmax>656</xmax>
			<ymax>508</ymax>
		</bndbox>
	</object>
	<object>
		<name>dish</name>
		<bndbox>
			<xmin>669</xmin>
			<ymin>259</ymin>
			<xmax>2190</xmax>
			<ymax>1776</ymax>
		</bndbox>
	</object>
	<object>
		<name>수제비</name>
		<bndbox>
			<xmin>809</xmin>
			<ymin>463</ymin>
			<xmax>1994</xmax>
			<ymax>1643</ymax>
		</bndbox>
	</object>
</annotation>