<annotation>
	<folder>top국물면류원형배달수제비q1q1</folder>
	<filename>top_국물면류_원형배달_수제비_Q1_00049.JPG</filename>
	<path>/top국물면류원형배달수제비q1/top_국물면류_원형배달_수제비_Q1_00049.JPG</path>
	<source>
		<database>fooddata</database>
	</source>
	<size>
		<width>3008</width>
		<height>2000</height>
		<depth>3</depth>
	</size>
	<object>
		<name>ref_spoon</name>
		<bndbox>
			<xmin>380</xmin>
			<ymin>331</ymin>
			<xmax>695</xmax>
			<ymax>771</ymax>
		</bndbox>
	</object>
	<object>
		<name>ref_fork</name>
		<bndbox>
			<xmin>766</xmin>
			<ymin>349</ymin>
			<xmax>1000</xmax>
			<ymax>842</ymax>
		</bndbox>
	</object>
	<object>
		<name>ref_coin</name>
		<bndbox>
			<xmin>1281</xmin>
			<ymin>122</ymin>
			<xmax>1497</xmax>
			<ymax>331</ymax>
		</bndbox>
	</object>
	<object>
		<name>dish</name>
		<bndbox>
			<xmin>1178</xmin>
			<ymin>221</ymin>
			<xmax>2717</xmax>
			<ymax>1764</ymax>
		</bndbox>
	</object>
	<object>
		<name>수제비</name>
		<bndbox>
			<xmin>1338</xmin>
			<ymin>427</ymin>
			<xmax>2501</xmax>
			<ymax>1656</ymax>
		</bndbox>
	</object>
</annotation>