<annotation>
	<folder>top국물면류원형배달수제비q1q1</folder>
	<filename>top_국물면류_원형배달_수제비_Q1_00012.JPG</filename>
	<path>/top국물면류원형배달수제비q1/top_국물면류_원형배달_수제비_Q1_00012.JPG</path>
	<source>
		<database>fooddata</database>
	</source>
	<size>
		<width>3008</width>
		<height>2000</height>
		<depth>3</depth>
	</size>
	<object>
		<name>ref_spoon</name>
		<bndbox>
			<xmin>2081</xmin>
			<ymin>119</ymin>
			<xmax>2357</xmax>
			<ymax>552</ymax>
		</bndbox>
	</object>
	<object>
		<name>ref_fork</name>
		<bndbox>
			<xmin>2396</xmin>
			<ymin>290</ymin>
			<xmax>2615</xmax>
			<ymax>757</ymax>
		</bndbox>
	</object>
	<object>
		<name>ref_coin</name>
		<bndbox>
			<xmin>1417</xmin>
			<ymin>110</ymin>
			<xmax>1631</xmax>
			<ymax>329</ymax>
		</bndbox>
	</object>
	<object>
		<name>dish</name>
		<bndbox>
			<xmin>516</xmin>
			<ymin>351</ymin>
			<xmax>2077</xmax>
			<ymax>1894</ymax>
		</bndbox>
	</object>
	<object>
		<name>수제비</name>
		<bndbox>
			<xmin>665</xmin>
			<ymin>541</ymin>
			<xmax>1893</xmax>
			<ymax>1756</ymax>
		</bndbox>
	</object>
</annotation>