<annotation>
	<folder>side기타튀김배달종이박스감자튀김(스틱형)q1</folder>
	<filename>side_기타튀김_배달종이박스_감자튀김(스틱형)_Q1_00015.JPG</filename>
	<path>/side기타튀김배달종이박스감자튀김(스틱형)q1/side_기타튀김_배달종이박스_감자튀김(스틱형)_Q1_00015.JPG</path>
	<source>
		<database>fooddata</database>
	</source>
	<size>
		<width>3008</width>
		<height>2000</height>
		<depth>3</depth>
	</size>
	<object>
		<name>ref_spoon</name>
		<bndbox>
			<xmin>1665</xmin>
			<ymin>298</ymin>
			<xmax>1934</xmax>
			<ymax>642</ymax>
		</bndbox>
	</object>
	<object>
		<name>ref_fork</name>
		<bndbox>
			<xmin>2063</xmin>
			<ymin>313</ymin>
			<xmax>2246</xmax>
			<ymax>720</ymax>
		</bndbox>
	</object>
	<object>
		<name>ref_coin</name>
		<bndbox>
			<xmin>2468</xmin>
			<ymin>1446</ymin>
			<xmax>2695</xmax>
			<ymax>1612</ymax>
		</bndbox>
	</object>
	<object>
		<name>dish</name>
		<bndbox>
			<xmin>110</xmin>
			<ymin>264</ymin>
			<xmax>1587</xmax>
			<ymax>1350</ymax>
		</bndbox>
	</object>
	<object>
		<name>감자튀김(스틱형)</name>
		<bndbox>
			<xmin>344</xmin>
			<ymin>589</ymin>
			<xmax>1314</xmax>
			<ymax>1238</ymax>
		</bndbox>
	</object>
</annotation>