<annotation>
	<folder>side기타튀김배달종이박스감자튀김(스틱형)q1</folder>
	<filename>side_기타튀김_배달종이박스_감자튀김(스틱형)_Q1_00013.JPG</filename>
	<path>/side기타튀김배달종이박스감자튀김(스틱형)q1/side_기타튀김_배달종이박스_감자튀김(스틱형)_Q1_00013.JPG</path>
	<source>
		<database>fooddata</database>
	</source>
	<size>
		<width>3008</width>
		<height>2000</height>
		<depth>3</depth>
	</size>
	<object>
		<name>ref_spoon</name>
		<bndbox>
			<xmin>1755</xmin>
			<ymin>247</ymin>
			<xmax>2061</xmax>
			<ymax>657</ymax>
		</bndbox>
	</object>
	<object>
		<name>ref_fork</name>
		<bndbox>
			<xmin>2212</xmin>
			<ymin>247</ymin>
			<xmax>2427</xmax>
			<ymax>725</ymax>
		</bndbox>
	</object>
	<object>
		<name>ref_coin</name>
		<bndbox>
			<xmin>2703</xmin>
			<ymin>855</ymin>
			<xmax>2940</xmax>
			<ymax>1031</ymax>
		</bndbox>
	</object>
	<object>
		<name>dish</name>
		<bndbox>
			<xmin>20</xmin>
			<ymin>225</ymin>
			<xmax>1694</xmax>
			<ymax>1499</ymax>
		</bndbox>
	</object>
	<object>
		<name>감자튀김(스틱형)</name>
		<bndbox>
			<xmin>334</xmin>
			<ymin>608</ymin>
			<xmax>1489</xmax>
			<ymax>1365</ymax>
		</bndbox>
	</object>
</annotation>