<annotation>
	<folder>side기타튀김배달종이박스감자튀김(스틱형)q1</folder>
	<filename>side_기타튀김_배달종이박스_감자튀김(스틱형)_Q1_00047.JPG</filename>
	<path>/side기타튀김배달종이박스감자튀김(스틱형)q1/side_기타튀김_배달종이박스_감자튀김(스틱형)_Q1_00047.JPG</path>
	<source>
		<database>fooddata</database>
	</source>
	<size>
		<width>3008</width>
		<height>2000</height>
		<depth>3</depth>
	</size>
	<object>
		<name>ref_spoon</name>
		<bndbox>
			<xmin>588</xmin>
			<ymin>308</ymin>
			<xmax>891</xmax>
			<ymax>711</ymax>
		</bndbox>
	</object>
	<object>
		<name>ref_fork</name>
		<bndbox>
			<xmin>967</xmin>
			<ymin>320</ymin>
			<xmax>1174</xmax>
			<ymax>786</ymax>
		</bndbox>
	</object>
	<object>
		<name>ref_coin</name>
		<bndbox>
			<xmin>188</xmin>
			<ymin>794</ymin>
			<xmax>418</xmax>
			<ymax>962</ymax>
		</bndbox>
	</object>
	<object>
		<name>dish</name>
		<bndbox>
			<xmin>1272</xmin>
			<ymin>259</ymin>
			<xmax>2600</xmax>
			<ymax>1243</ymax>
		</bndbox>
	</object>
	<object>
		<name>감자튀김(스틱형)</name>
		<bndbox>
			<xmin>1379</xmin>
			<ymin>486</ymin>
			<xmax>2337</xmax>
			<ymax>1094</ymax>
		</bndbox>
	</object>
</annotation>