<annotation>
	<folder>side기타튀김배달종이박스감자튀김(스틱형)q1</folder>
	<filename>side_기타튀김_배달종이박스_감자튀김(스틱형)_Q1_00045.JPG</filename>
	<path>/side기타튀김배달종이박스감자튀김(스틱형)q1/side_기타튀김_배달종이박스_감자튀김(스틱형)_Q1_00045.JPG</path>
	<source>
		<database>fooddata</database>
	</source>
	<size>
		<width>3008</width>
		<height>2000</height>
		<depth>3</depth>
	</size>
	<object>
		<name>ref_spoon</name>
		<bndbox>
			<xmin>432</xmin>
			<ymin>266</ymin>
			<xmax>735</xmax>
			<ymax>684</ymax>
		</bndbox>
	</object>
	<object>
		<name>ref_fork</name>
		<bndbox>
			<xmin>808</xmin>
			<ymin>286</ymin>
			<xmax>1013</xmax>
			<ymax>762</ymax>
		</bndbox>
	</object>
	<object>
		<name>ref_coin</name>
		<bndbox>
			<xmin>2398</xmin>
			<ymin>1219</ymin>
			<xmax>2644</xmax>
			<ymax>1404</ymax>
		</bndbox>
	</object>
	<object>
		<name>dish</name>
		<bndbox>
			<xmin>1072</xmin>
			<ymin>237</ymin>
			<xmax>2373</xmax>
			<ymax>1175</ymax>
		</bndbox>
	</object>
	<object>
		<name>감자튀김(스틱형)</name>
		<bndbox>
			<xmin>1226</xmin>
			<ymin>440</ymin>
			<xmax>2214</xmax>
			<ymax>1023</ymax>
		</bndbox>
	</object>
</annotation>