<annotation>
	<folder>side기타튀김배달종이박스감자튀김(스틱형)q1</folder>
	<filename>side_기타튀김_배달종이박스_감자튀김(스틱형)_Q1_00023.JPG</filename>
	<path>/side기타튀김배달종이박스감자튀김(스틱형)q1/side_기타튀김_배달종이박스_감자튀김(스틱형)_Q1_00023.JPG</path>
	<source>
		<database>fooddata</database>
	</source>
	<size>
		<width>3008</width>
		<height>2000</height>
		<depth>3</depth>
	</size>
	<object>
		<name>ref_spoon</name>
		<bndbox>
			<xmin>1035</xmin>
			<ymin>1468</ymin>
			<xmax>1499</xmax>
			<ymax>1717</ymax>
		</bndbox>
	</object>
	<object>
		<name>ref_fork</name>
		<bndbox>
			<xmin>1101</xmin>
			<ymin>1253</ymin>
			<xmax>1626</xmax>
			<ymax>1472</ymax>
		</bndbox>
	</object>
	<object>
		<name>ref_coin</name>
		<bndbox>
			<xmin>769</xmin>
			<ymin>620</ymin>
			<xmax>962</xmax>
			<ymax>757</ymax>
		</bndbox>
	</object>
	<object>
		<name>dish</name>
		<bndbox>
			<xmin>1216</xmin>
			<ymin>286</ymin>
			<xmax>2339</xmax>
			<ymax>1123</ymax>
		</bndbox>
	</object>
	<object>
		<name>감자튀김(스틱형)</name>
		<bndbox>
			<xmin>1331</xmin>
			<ymin>537</ymin>
			<xmax>2263</xmax>
			<ymax>994</ymax>
		</bndbox>
	</object>
</annotation>