<annotation>
	<folder>side기타튀김배달종이박스감자튀김(스틱형)q1</folder>
	<filename>side_기타튀김_배달종이박스_감자튀김(스틱형)_Q1_00005.JPG</filename>
	<path>/side기타튀김배달종이박스감자튀김(스틱형)q1/side_기타튀김_배달종이박스_감자튀김(스틱형)_Q1_00005.JPG</path>
	<source>
		<database>fooddata</database>
	</source>
	<size>
		<width>3008</width>
		<height>2000</height>
		<depth>3</depth>
	</size>
	<object>
		<name>ref_spoon</name>
		<bndbox>
			<xmin>1853</xmin>
			<ymin>393</ymin>
			<xmax>2141</xmax>
			<ymax>764</ymax>
		</bndbox>
	</object>
	<object>
		<name>ref_fork</name>
		<bndbox>
			<xmin>2276</xmin>
			<ymin>388</ymin>
			<xmax>2478</xmax>
			<ymax>843</ymax>
		</bndbox>
	</object>
	<object>
		<name>ref_coin</name>
		<bndbox>
			<xmin>164</xmin>
			<ymin>1238</ymin>
			<xmax>396</xmax>
			<ymax>1416</ymax>
		</bndbox>
	</object>
	<object>
		<name>dish</name>
		<bndbox>
			<xmin>320</xmin>
			<ymin>318</ymin>
			<xmax>1856</xmax>
			<ymax>1502</ymax>
		</bndbox>
	</object>
	<object>
		<name>감자튀김(스틱형)</name>
		<bndbox>
			<xmin>483</xmin>
			<ymin>689</ymin>
			<xmax>1443</xmax>
			<ymax>1389</ymax>
		</bndbox>
	</object>
</annotation>