<annotation>
	<folder>side기타튀김배달종이박스감자튀김(스틱형)q1</folder>
	<filename>side_기타튀김_배달종이박스_감자튀김(스틱형)_Q1_00021.JPG</filename>
	<path>/side기타튀김배달종이박스감자튀김(스틱형)q1/side_기타튀김_배달종이박스_감자튀김(스틱형)_Q1_00021.JPG</path>
	<source>
		<database>fooddata</database>
	</source>
	<size>
		<width>3008</width>
		<height>2000</height>
		<depth>3</depth>
	</size>
	<object>
		<name>ref_spoon</name>
		<bndbox>
			<xmin>681</xmin>
			<ymin>1358</ymin>
			<xmax>1152</xmax>
			<ymax>1612</ymax>
		</bndbox>
	</object>
	<object>
		<name>ref_fork</name>
		<bndbox>
			<xmin>769</xmin>
			<ymin>1133</ymin>
			<xmax>1284</xmax>
			<ymax>1377</ymax>
		</bndbox>
	</object>
	<object>
		<name>ref_coin</name>
		<bndbox>
			<xmin>2300</xmin>
			<ymin>286</ymin>
			<xmax>2481</xmax>
			<ymax>413</ymax>
		</bndbox>
	</object>
	<object>
		<name>dish</name>
		<bndbox>
			<xmin>874</xmin>
			<ymin>171</ymin>
			<xmax>2129</xmax>
			<ymax>1104</ymax>
		</bndbox>
	</object>
	<object>
		<name>감자튀김(스틱형)</name>
		<bndbox>
			<xmin>979</xmin>
			<ymin>305</ymin>
			<xmax>1765</xmax>
			<ymax>933</ymax>
		</bndbox>
	</object>
</annotation>