<annotation>
	<folder>top기타튀김배달종이박스감자튀김(스틱형)q1</folder>
	<filename>top_기타튀김_배달종이박스_감자튀김(스틱형)_Q1_00030.JPG</filename>
	<path>/top기타튀김배달종이박스감자튀김(스틱형)q1/top_기타튀김_배달종이박스_감자튀김(스틱형)_Q1_00030.JPG</path>
	<source>
		<database>fooddata</database>
	</source>
	<size>
		<width>3008</width>
		<height>2000</height>
		<depth>3</depth>
	</size>
	<object>
		<name>ref_spoon</name>
		<bndbox>
			<xmin>1001</xmin>
			<ymin>1512</ymin>
			<xmax>1331</xmax>
			<ymax>1741</ymax>
		</bndbox>
	</object>
	<object>
		<name>ref_fork</name>
		<bndbox>
			<xmin>1055</xmin>
			<ymin>1199</ymin>
			<xmax>1404</xmax>
			<ymax>1341</ymax>
		</bndbox>
	</object>
	<object>
		<name>ref_coin</name>
		<bndbox>
			<xmin>2188</xmin>
			<ymin>850</ymin>
			<xmax>2337</xmax>
			<ymax>987</ymax>
		</bndbox>
	</object>
	<object>
		<name>dish</name>
		<bndbox>
			<xmin>989</xmin>
			<ymin>73</ymin>
			<xmax>2073</xmax>
			<ymax>1082</ymax>
		</bndbox>
	</object>
	<object>
		<name>감자튀김(스틱형)</name>
		<bndbox>
			<xmin>1255</xmin>
			<ymin>283</ymin>
			<xmax>1775</xmax>
			<ymax>950</ymax>
		</bndbox>
	</object>
</annotation>