<annotation>
	<folder>top기타튀김배달종이박스감자튀김(스틱형)q1</folder>
	<filename>top_기타튀김_배달종이박스_감자튀김(스틱형)_Q1_00045.JPG</filename>
	<path>/top기타튀김배달종이박스감자튀김(스틱형)q1/top_기타튀김_배달종이박스_감자튀김(스틱형)_Q1_00045.JPG</path>
	<source>
		<database>fooddata</database>
	</source>
	<size>
		<width>3008</width>
		<height>2000</height>
		<depth>3</depth>
	</size>
	<object>
		<name>ref_spoon</name>
		<bndbox>
			<xmin>869</xmin>
			<ymin>200</ymin>
			<xmax>1123</xmax>
			<ymax>576</ymax>
		</bndbox>
	</object>
	<object>
		<name>ref_fork</name>
		<bndbox>
			<xmin>1170</xmin>
			<ymin>349</ymin>
			<xmax>1348</xmax>
			<ymax>772</ymax>
		</bndbox>
	</object>
	<object>
		<name>ref_coin</name>
		<bndbox>
			<xmin>1260</xmin>
			<ymin>1714</ymin>
			<xmax>1455</xmax>
			<ymax>1914</ymax>
		</bndbox>
	</object>
	<object>
		<name>dish</name>
		<bndbox>
			<xmin>1426</xmin>
			<ymin>393</ymin>
			<xmax>2556</xmax>
			<ymax>1614</ymax>
		</bndbox>
	</object>
	<object>
		<name>감자튀김(스틱형)</name>
		<bndbox>
			<xmin>1504</xmin>
			<ymin>628</ymin>
			<xmax>2388</xmax>
			<ymax>1450</ymax>
		</bndbox>
	</object>
</annotation>