<annotation>
	<folder>top기타튀김배달종이박스감자튀김(스틱형)q1</folder>
	<filename>top_기타튀김_배달종이박스_감자튀김(스틱형)_Q1_00003.JPG</filename>
	<path>/top기타튀김배달종이박스감자튀김(스틱형)q1/top_기타튀김_배달종이박스_감자튀김(스틱형)_Q1_00003.JPG</path>
	<source>
		<database>fooddata</database>
	</source>
	<size>
		<width>3008</width>
		<height>2000</height>
		<depth>3</depth>
	</size>
	<object>
		<name>ref_spoon</name>
		<bndbox>
			<xmin>2139</xmin>
			<ymin>227</ymin>
			<xmax>2412</xmax>
			<ymax>635</ymax>
		</bndbox>
	</object>
	<object>
		<name>ref_fork</name>
		<bndbox>
			<xmin>2527</xmin>
			<ymin>279</ymin>
			<xmax>2717</xmax>
			<ymax>740</ymax>
		</bndbox>
	</object>
	<object>
		<name>ref_coin</name>
		<bndbox>
			<xmin>254</xmin>
			<ymin>1306</ymin>
			<xmax>471</xmax>
			<ymax>1519</ymax>
		</bndbox>
	</object>
	<object>
		<name>dish</name>
		<bndbox>
			<xmin>579</xmin>
			<ymin>247</ymin>
			<xmax>2146</xmax>
			<ymax>1797</ymax>
		</bndbox>
	</object>
	<object>
		<name>감자튀김(스틱형)</name>
		<bndbox>
			<xmin>1033</xmin>
			<ymin>611</ymin>
			<xmax>1946</xmax>
			<ymax>1543</ymax>
		</bndbox>
	</object>
</annotation>