<annotation>
	<folder>top기타튀김배달종이박스감자튀김(스틱형)q1</folder>
	<filename>top_기타튀김_배달종이박스_감자튀김(스틱형)_Q1_00026.JPG</filename>
	<path>/top기타튀김배달종이박스감자튀김(스틱형)q1/top_기타튀김_배달종이박스_감자튀김(스틱형)_Q1_00026.JPG</path>
	<source>
		<database>fooddata</database>
	</source>
	<size>
		<width>3008</width>
		<height>2000</height>
		<depth>3</depth>
	</size>
	<object>
		<name>ref_spoon</name>
		<bndbox>
			<xmin>742</xmin>
			<ymin>1533</ymin>
			<xmax>1099</xmax>
			<ymax>1780</ymax>
		</bndbox>
	</object>
	<object>
		<name>ref_fork</name>
		<bndbox>
			<xmin>767</xmin>
			<ymin>1262</ymin>
			<xmax>1152</xmax>
			<ymax>1419</ymax>
		</bndbox>
	</object>
	<object>
		<name>ref_coin</name>
		<bndbox>
			<xmin>752</xmin>
			<ymin>874</ymin>
			<xmax>918</xmax>
			<ymax>1035</ymax>
		</bndbox>
	</object>
	<object>
		<name>dish</name>
		<bndbox>
			<xmin>1155</xmin>
			<ymin>183</ymin>
			<xmax>2002</xmax>
			<ymax>1057</ymax>
		</bndbox>
	</object>
	<object>
		<name>감자튀김(스틱형)</name>
		<bndbox>
			<xmin>1223</xmin>
			<ymin>379</ymin>
			<xmax>1902</xmax>
			<ymax>1011</ymax>
		</bndbox>
	</object>
</annotation>