<annotation>
	<folder>top기타튀김배달종이박스감자튀김(스틱형)q1</folder>
	<filename>top_기타튀김_배달종이박스_감자튀김(스틱형)_Q1_00040.JPG</filename>
	<path>/top기타튀김배달종이박스감자튀김(스틱형)q1/top_기타튀김_배달종이박스_감자튀김(스틱형)_Q1_00040.JPG</path>
	<source>
		<database>fooddata</database>
	</source>
	<size>
		<width>3008</width>
		<height>2000</height>
		<depth>3</depth>
	</size>
	<object>
		<name>ref_spoon</name>
		<bndbox>
			<xmin>740</xmin>
			<ymin>112</ymin>
			<xmax>991</xmax>
			<ymax>488</ymax>
		</bndbox>
	</object>
	<object>
		<name>ref_fork</name>
		<bndbox>
			<xmin>1050</xmin>
			<ymin>257</ymin>
			<xmax>1213</xmax>
			<ymax>676</ymax>
		</bndbox>
	</object>
	<object>
		<name>ref_coin</name>
		<bndbox>
			<xmin>400</xmin>
			<ymin>669</ymin>
			<xmax>593</xmax>
			<ymax>847</ymax>
		</bndbox>
	</object>
	<object>
		<name>dish</name>
		<bndbox>
			<xmin>1377</xmin>
			<ymin>344</ymin>
			<xmax>2400</xmax>
			<ymax>1387</ymax>
		</bndbox>
	</object>
	<object>
		<name>감자튀김(스틱형)</name>
		<bndbox>
			<xmin>1499</xmin>
			<ymin>476</ymin>
			<xmax>2268</xmax>
			<ymax>1306</ymax>
		</bndbox>
	</object>
</annotation>