<annotation>
	<folder>side반찬부피접시총각김치q1</folder>
	<filename>side_반찬부피_접시_총각김치_Q1_00028.JPG</filename>
	<path>/side반찬부피접시총각김치q1/side_반찬부피_접시_총각김치_Q1_00028.JPG</path>
	<source>
		<database>fooddata</database>
	</source>
	<size>
		<width>3008</width>
		<height>2000</height>
		<depth>3</depth>
	</size>
	<object>
		<name>ref_spoon</name>
		<bndbox>
			<xmin>422</xmin>
			<ymin>1527</ymin>
			<xmax>977</xmax>
			<ymax>1815</ymax>
		</bndbox>
	</object>
	<object>
		<name>ref_fork</name>
		<bndbox>
			<xmin>664</xmin>
			<ymin>1303</ymin>
			<xmax>1255</xmax>
			<ymax>1559</ymax>
		</bndbox>
	</object>
	<object>
		<name>ref_coin</name>
		<bndbox>
			<xmin>557</xmin>
			<ymin>1000</ymin>
			<xmax>789</xmax>
			<ymax>1173</ymax>
		</bndbox>
	</object>
	<object>
		<name>dish</name>
		<bndbox>
			<xmin>977</xmin>
			<ymin>385</ymin>
			<xmax>2241</xmax>
			<ymax>1273</ymax>
		</bndbox>
	</object>
	<object>
		<name>총각김치</name>
		<bndbox>
			<xmin>1419</xmin>
			<ymin>697</ymin>
			<xmax>1802</xmax>
			<ymax>995</ymax>
		</bndbox>
	</object>
</annotation>