<annotation>
	<folder>side반찬부피접시총각김치q1</folder>
	<filename>side_반찬부피_접시_총각김치_Q1_00043.JPG</filename>
	<path>/side반찬부피접시총각김치q1/side_반찬부피_접시_총각김치_Q1_00043.JPG</path>
	<source>
		<database>fooddata</database>
	</source>
	<size>
		<width>3008</width>
		<height>2000</height>
		<depth>3</depth>
	</size>
	<object>
		<name>ref_spoon</name>
		<bndbox>
			<xmin>176</xmin>
			<ymin>487</ymin>
			<xmax>488</xmax>
			<ymax>885</ymax>
		</bndbox>
	</object>
	<object>
		<name>ref_fork</name>
		<bndbox>
			<xmin>601</xmin>
			<ymin>575</ymin>
			<xmax>808</xmax>
			<ymax>1078</ymax>
		</bndbox>
	</object>
	<object>
		<name>ref_coin</name>
		<bndbox>
			<xmin>2500</xmin>
			<ymin>941</ymin>
			<xmax>2732</xmax>
			<ymax>1120</ymax>
		</bndbox>
	</object>
	<object>
		<name>dish</name>
		<bndbox>
			<xmin>940</xmin>
			<ymin>578</ymin>
			<xmax>2268</xmax>
			<ymax>1547</ymax>
		</bndbox>
	</object>
	<object>
		<name>총각김치</name>
		<bndbox>
			<xmin>1494</xmin>
			<ymin>888</ymin>
			<xmax>1838</xmax>
			<ymax>1293</ymax>
		</bndbox>
	</object>
</annotation>