<annotation>
	<folder>side반찬부피접시총각김치q1</folder>
	<filename>side_반찬부피_접시_총각김치_Q1_00001.JPG</filename>
	<path>/side반찬부피접시총각김치q1/side_반찬부피_접시_총각김치_Q1_00001.JPG</path>
	<source>
		<database>fooddata</database>
	</source>
	<size>
		<width>3008</width>
		<height>2000</height>
		<depth>3</depth>
	</size>
	<object>
		<name>ref_spoon</name>
		<bndbox>
			<xmin>317</xmin>
			<ymin>182</ymin>
			<xmax>654</xmax>
			<ymax>634</ymax>
		</bndbox>
	</object>
	<object>
		<name>ref_fork</name>
		<bndbox>
			<xmin>794</xmin>
			<ymin>277</ymin>
			<xmax>1013</xmax>
			<ymax>863</ymax>
		</bndbox>
	</object>
	<object>
		<name>ref_coin</name>
		<bndbox>
			<xmin>2451</xmin>
			<ymin>1527</ymin>
			<xmax>2730</xmax>
			<ymax>1737</ymax>
		</bndbox>
	</object>
	<object>
		<name>dish</name>
		<bndbox>
			<xmin>1177</xmin>
			<ymin>282</ymin>
			<xmax>2647</xmax>
			<ymax>1352</ymax>
		</bndbox>
	</object>
	<object>
		<name>총각김치</name>
		<bndbox>
			<xmin>1726</xmin>
			<ymin>558</ymin>
			<xmax>2180</xmax>
			<ymax>873</ymax>
		</bndbox>
	</object>
</annotation>