<annotation>
	<folder>side반찬부피접시총각김치q1</folder>
	<filename>side_반찬부피_접시_총각김치_Q1_00006.JPG</filename>
	<path>/side반찬부피접시총각김치q1/side_반찬부피_접시_총각김치_Q1_00006.JPG</path>
	<source>
		<database>fooddata</database>
	</source>
	<size>
		<width>3008</width>
		<height>2000</height>
		<depth>3</depth>
	</size>
	<object>
		<name>ref_spoon</name>
		<bndbox>
			<xmin>2117</xmin>
			<ymin>348</ymin>
			<xmax>2454</xmax>
			<ymax>819</ymax>
		</bndbox>
	</object>
	<object>
		<name>ref_fork</name>
		<bndbox>
			<xmin>2649</xmin>
			<ymin>416</ymin>
			<xmax>2874</xmax>
			<ymax>949</ymax>
		</bndbox>
	</object>
	<object>
		<name>ref_coin</name>
		<bndbox>
			<xmin>178</xmin>
			<ymin>1254</ymin>
			<xmax>439</xmax>
			<ymax>1457</ymax>
		</bndbox>
	</object>
	<object>
		<name>dish</name>
		<bndbox>
			<xmin>540</xmin>
			<ymin>333</ymin>
			<xmax>1965</xmax>
			<ymax>1378</ymax>
		</bndbox>
	</object>
	<object>
		<name>총각김치</name>
		<bndbox>
			<xmin>1084</xmin>
			<ymin>707</ymin>
			<xmax>1419</xmax>
			<ymax>1071</ymax>
		</bndbox>
	</object>
</annotation>