<annotation>
	<folder>side반찬부피접시총각김치q1</folder>
	<filename>side_반찬부피_접시_총각김치_Q1_00029.JPG</filename>
	<path>/side반찬부피접시총각김치q1/side_반찬부피_접시_총각김치_Q1_00029.JPG</path>
	<source>
		<database>fooddata</database>
	</source>
	<size>
		<width>3008</width>
		<height>2000</height>
		<depth>3</depth>
	</size>
	<object>
		<name>ref_spoon</name>
		<bndbox>
			<xmin>383</xmin>
			<ymin>1501</ymin>
			<xmax>916</xmax>
			<ymax>1794</ymax>
		</bndbox>
	</object>
	<object>
		<name>ref_fork</name>
		<bndbox>
			<xmin>627</xmin>
			<ymin>1283</ymin>
			<xmax>1189</xmax>
			<ymax>1540</ymax>
		</bndbox>
	</object>
	<object>
		<name>ref_coin</name>
		<bndbox>
			<xmin>598</xmin>
			<ymin>1088</ymin>
			<xmax>835</xmax>
			<ymax>1266</ymax>
		</bndbox>
	</object>
	<object>
		<name>dish</name>
		<bndbox>
			<xmin>945</xmin>
			<ymin>302</ymin>
			<xmax>2197</xmax>
			<ymax>1171</ymax>
		</bndbox>
	</object>
	<object>
		<name>총각김치</name>
		<bndbox>
			<xmin>1294</xmin>
			<ymin>600</ymin>
			<xmax>1773</xmax>
			<ymax>849</ymax>
		</bndbox>
	</object>
</annotation>