<annotation>
	<folder>side반찬부피접시총각김치q1</folder>
	<filename>side_반찬부피_접시_총각김치_Q1_00026.JPG</filename>
	<path>/side반찬부피접시총각김치q1/side_반찬부피_접시_총각김치_Q1_00026.JPG</path>
	<source>
		<database>fooddata</database>
	</source>
	<size>
		<width>3008</width>
		<height>2000</height>
		<depth>3</depth>
	</size>
	<object>
		<name>ref_spoon</name>
		<bndbox>
			<xmin>220</xmin>
			<ymin>1471</ymin>
			<xmax>776</xmax>
			<ymax>1762</ymax>
		</bndbox>
	</object>
	<object>
		<name>ref_fork</name>
		<bndbox>
			<xmin>466</xmin>
			<ymin>1249</ymin>
			<xmax>1072</xmax>
			<ymax>1498</ymax>
		</bndbox>
	</object>
	<object>
		<name>ref_coin</name>
		<bndbox>
			<xmin>376</xmin>
			<ymin>629</ymin>
			<xmax>603</xmax>
			<ymax>800</ymax>
		</bndbox>
	</object>
	<object>
		<name>dish</name>
		<bndbox>
			<xmin>754</xmin>
			<ymin>309</ymin>
			<xmax>2026</xmax>
			<ymax>1193</ymax>
		</bndbox>
	</object>
	<object>
		<name>총각김치</name>
		<bndbox>
			<xmin>1248</xmin>
			<ymin>629</ymin>
			<xmax>1592</xmax>
			<ymax>958</ymax>
		</bndbox>
	</object>
</annotation>