<annotation>
	<folder>side반찬부피접시총각김치q1</folder>
	<filename>side_반찬부피_접시_총각김치_Q1_00020.JPG</filename>
	<path>/side반찬부피접시총각김치q1/side_반찬부피_접시_총각김치_Q1_00020.JPG</path>
	<source>
		<database>fooddata</database>
	</source>
	<size>
		<width>3008</width>
		<height>2000</height>
		<depth>3</depth>
	</size>
	<object>
		<name>ref_spoon</name>
		<bndbox>
			<xmin>227</xmin>
			<ymin>1442</ymin>
			<xmax>786</xmax>
			<ymax>1747</ymax>
		</bndbox>
	</object>
	<object>
		<name>ref_fork</name>
		<bndbox>
			<xmin>488</xmin>
			<ymin>1200</ymin>
			<xmax>1126</xmax>
			<ymax>1474</ymax>
		</bndbox>
	</object>
	<object>
		<name>ref_coin</name>
		<bndbox>
			<xmin>2212</xmin>
			<ymin>526</ymin>
			<xmax>2446</xmax>
			<ymax>695</ymax>
		</bndbox>
	</object>
	<object>
		<name>dish</name>
		<bndbox>
			<xmin>713</xmin>
			<ymin>165</ymin>
			<xmax>2056</xmax>
			<ymax>1088</ymax>
		</bndbox>
	</object>
	<object>
		<name>총각김치</name>
		<bndbox>
			<xmin>1179</xmin>
			<ymin>426</ymin>
			<xmax>1541</xmax>
			<ymax>807</ymax>
		</bndbox>
	</object>
</annotation>