<annotation>
	<folder>side반찬부피접시총각김치q1</folder>
	<filename>side_반찬부피_접시_총각김치_Q1_00031.JPG</filename>
	<path>/side반찬부피접시총각김치q1/side_반찬부피_접시_총각김치_Q1_00031.JPG</path>
	<source>
		<database>fooddata</database>
	</source>
	<size>
		<width>3008</width>
		<height>2000</height>
		<depth>3</depth>
	</size>
	<object>
		<name>ref_spoon</name>
		<bndbox>
			<xmin>344</xmin>
			<ymin>1361</ymin>
			<xmax>879</xmax>
			<ymax>1645</ymax>
		</bndbox>
	</object>
	<object>
		<name>ref_fork</name>
		<bndbox>
			<xmin>581</xmin>
			<ymin>1139</ymin>
			<xmax>1170</xmax>
			<ymax>1383</ymax>
		</bndbox>
	</object>
	<object>
		<name>ref_coin</name>
		<bndbox>
			<xmin>1316</xmin>
			<ymin>1681</ymin>
			<xmax>1567</xmax>
			<ymax>1886</ymax>
		</bndbox>
	</object>
	<object>
		<name>dish</name>
		<bndbox>
			<xmin>864</xmin>
			<ymin>128</ymin>
			<xmax>2131</xmax>
			<ymax>1029</ymax>
		</bndbox>
	</object>
	<object>
		<name>총각김치</name>
		<bndbox>
			<xmin>1316</xmin>
			<ymin>377</ymin>
			<xmax>1665</xmax>
			<ymax>758</ymax>
		</bndbox>
	</object>
</annotation>