<annotation>
	<folder>top반찬부피접시총각김치q1</folder>
	<filename>top_반찬부피_접시_총각김치_Q1_00040.JPG</filename>
	<path>/top반찬부피접시총각김치q1/top_반찬부피_접시_총각김치_Q1_00040.JPG</path>
	<source>
		<database>fooddata</database>
	</source>
	<size>
		<width>3008</width>
		<height>2000</height>
		<depth>3</depth>
	</size>
	<object>
		<name>ref_spoon</name>
		<bndbox>
			<xmin>379</xmin>
			<ymin>265</ymin>
			<xmax>718</xmax>
			<ymax>762</ymax>
		</bndbox>
	</object>
	<object>
		<name>ref_fork</name>
		<bndbox>
			<xmin>784</xmin>
			<ymin>231</ymin>
			<xmax>1032</xmax>
			<ymax>784</ymax>
		</bndbox>
	</object>
	<object>
		<name>ref_coin</name>
		<bndbox>
			<xmin>2570</xmin>
			<ymin>1337</ymin>
			<xmax>2814</xmax>
			<ymax>1570</ymax>
		</bndbox>
	</object>
	<object>
		<name>dish</name>
		<bndbox>
			<xmin>1185</xmin>
			<ymin>285</ymin>
			<xmax>2499</xmax>
			<ymax>1600</ymax>
		</bndbox>
	</object>
	<object>
		<name>총각김치</name>
		<bndbox>
			<xmin>1588</xmin>
			<ymin>720</ymin>
			<xmax>2079</xmax>
			<ymax>1152</ymax>
		</bndbox>
	</object>
</annotation>