<annotation>
	<folder>top반찬부피접시총각김치q1</folder>
	<filename>top_반찬부피_접시_총각김치_Q1_00010.JPG</filename>
	<path>/top반찬부피접시총각김치q1/top_반찬부피_접시_총각김치_Q1_00010.JPG</path>
	<source>
		<database>fooddata</database>
	</source>
	<size>
		<width>3008</width>
		<height>2000</height>
		<depth>3</depth>
	</size>
	<object>
		<name>ref_spoon</name>
		<bndbox>
			<xmin>1946</xmin>
			<ymin>275</ymin>
			<xmax>2248</xmax>
			<ymax>747</ymax>
		</bndbox>
	</object>
	<object>
		<name>ref_fork</name>
		<bndbox>
			<xmin>2320</xmin>
			<ymin>300</ymin>
			<xmax>2529</xmax>
			<ymax>816</ymax>
		</bndbox>
	</object>
	<object>
		<name>ref_coin</name>
		<bndbox>
			<xmin>1541</xmin>
			<ymin>398</ymin>
			<xmax>1767</xmax>
			<ymax>619</ymax>
		</bndbox>
	</object>
	<object>
		<name>dish</name>
		<bndbox>
			<xmin>408</xmin>
			<ymin>543</ymin>
			<xmax>1728</xmax>
			<ymax>1860</ymax>
		</bndbox>
	</object>
	<object>
		<name>총각김치</name>
		<bndbox>
			<xmin>809</xmin>
			<ymin>983</ymin>
			<xmax>1258</xmax>
			<ymax>1435</ymax>
		</bndbox>
	</object>
</annotation>