<annotation>
	<folder>top반찬부피접시총각김치q1</folder>
	<filename>top_반찬부피_접시_총각김치_Q1_00038.JPG</filename>
	<path>/top반찬부피접시총각김치q1/top_반찬부피_접시_총각김치_Q1_00038.JPG</path>
	<source>
		<database>fooddata</database>
	</source>
	<size>
		<width>3008</width>
		<height>2000</height>
		<depth>3</depth>
	</size>
	<object>
		<name>ref_spoon</name>
		<bndbox>
			<xmin>644</xmin>
			<ymin>211</ymin>
			<xmax>961</xmax>
			<ymax>710</ymax>
		</bndbox>
	</object>
	<object>
		<name>ref_fork</name>
		<bndbox>
			<xmin>1032</xmin>
			<ymin>194</ymin>
			<xmax>1253</xmax>
			<ymax>715</ymax>
		</bndbox>
	</object>
	<object>
		<name>ref_coin</name>
		<bndbox>
			<xmin>2438</xmin>
			<ymin>1499</ymin>
			<xmax>2669</xmax>
			<ymax>1730</ymax>
		</bndbox>
	</object>
	<object>
		<name>dish</name>
		<bndbox>
			<xmin>1381</xmin>
			<ymin>283</ymin>
			<xmax>2634</xmax>
			<ymax>1533</ymax>
		</bndbox>
	</object>
	<object>
		<name>총각김치</name>
		<bndbox>
			<xmin>1777</xmin>
			<ymin>698</ymin>
			<xmax>2212</xmax>
			<ymax>1189</ymax>
		</bndbox>
	</object>
</annotation>