<annotation>
	<folder>top반찬부피접시총각김치q1</folder>
	<filename>top_반찬부피_접시_총각김치_Q1_00043.JPG</filename>
	<path>/top반찬부피접시총각김치q1/top_반찬부피_접시_총각김치_Q1_00043.JPG</path>
	<source>
		<database>fooddata</database>
	</source>
	<size>
		<width>3008</width>
		<height>2000</height>
		<depth>3</depth>
	</size>
	<object>
		<name>ref_spoon</name>
		<bndbox>
			<xmin>219</xmin>
			<ymin>258</ymin>
			<xmax>588</xmax>
			<ymax>816</ymax>
		</bndbox>
	</object>
	<object>
		<name>ref_fork</name>
		<bndbox>
			<xmin>651</xmin>
			<ymin>221</ymin>
			<xmax>917</xmax>
			<ymax>803</ymax>
		</bndbox>
	</object>
	<object>
		<name>ref_coin</name>
		<bndbox>
			<xmin>2521</xmin>
			<ymin>639</ymin>
			<xmax>2742</xmax>
			<ymax>867</ymax>
		</bndbox>
	</object>
	<object>
		<name>dish</name>
		<bndbox>
			<xmin>1091</xmin>
			<ymin>268</ymin>
			<xmax>2430</xmax>
			<ymax>1617</ymax>
		</bndbox>
	</object>
	<object>
		<name>총각김치</name>
		<bndbox>
			<xmin>1452</xmin>
			<ymin>678</ymin>
			<xmax>2054</xmax>
			<ymax>1091</ymax>
		</bndbox>
	</object>
</annotation>