<annotation>
	<folder>top반찬부피접시총각김치q1</folder>
	<filename>top_반찬부피_접시_총각김치_Q1_00037.JPG</filename>
	<path>/top반찬부피접시총각김치q1/top_반찬부피_접시_총각김치_Q1_00037.JPG</path>
	<source>
		<database>fooddata</database>
	</source>
	<size>
		<width>3008</width>
		<height>2000</height>
		<depth>3</depth>
	</size>
	<object>
		<name>ref_spoon</name>
		<bndbox>
			<xmin>617</xmin>
			<ymin>184</ymin>
			<xmax>944</xmax>
			<ymax>698</ymax>
		</bndbox>
	</object>
	<object>
		<name>ref_fork</name>
		<bndbox>
			<xmin>1010</xmin>
			<ymin>167</ymin>
			<xmax>1229</xmax>
			<ymax>686</ymax>
		</bndbox>
	</object>
	<object>
		<name>ref_coin</name>
		<bndbox>
			<xmin>2275</xmin>
			<ymin>1560</ymin>
			<xmax>2502</xmax>
			<ymax>1789</ymax>
		</bndbox>
	</object>
	<object>
		<name>dish</name>
		<bndbox>
			<xmin>1369</xmin>
			<ymin>241</ymin>
			<xmax>2632</xmax>
			<ymax>1496</ymax>
		</bndbox>
	</object>
	<object>
		<name>총각김치</name>
		<bndbox>
			<xmin>1760</xmin>
			<ymin>658</ymin>
			<xmax>2207</xmax>
			<ymax>1086</ymax>
		</bndbox>
	</object>
</annotation>