<annotation>
	<folder>top반찬부피접시총각김치q1</folder>
	<filename>top_반찬부피_접시_총각김치_Q1_00015.JPG</filename>
	<path>/top반찬부피접시총각김치q1/top_반찬부피_접시_총각김치_Q1_00015.JPG</path>
	<source>
		<database>fooddata</database>
	</source>
	<size>
		<width>3008</width>
		<height>2000</height>
		<depth>3</depth>
	</size>
	<object>
		<name>ref_spoon</name>
		<bndbox>
			<xmin>1949</xmin>
			<ymin>71</ymin>
			<xmax>2234</xmax>
			<ymax>494</ymax>
		</bndbox>
	</object>
	<object>
		<name>ref_fork</name>
		<bndbox>
			<xmin>2288</xmin>
			<ymin>96</ymin>
			<xmax>2470</xmax>
			<ymax>545</ymax>
		</bndbox>
	</object>
	<object>
		<name>ref_coin</name>
		<bndbox>
			<xmin>1167</xmin>
			<ymin>1526</ymin>
			<xmax>1386</xmax>
			<ymax>1744</ymax>
		</bndbox>
	</object>
	<object>
		<name>dish</name>
		<bndbox>
			<xmin>691</xmin>
			<ymin>229</ymin>
			<xmax>1860</xmax>
			<ymax>1383</ymax>
		</bndbox>
	</object>
	<object>
		<name>총각김치</name>
		<bndbox>
			<xmin>1054</xmin>
			<ymin>582</ymin>
			<xmax>1519</xmax>
			<ymax>936</ymax>
		</bndbox>
	</object>
</annotation>