<annotation>
	<folder>top반찬부피접시총각김치q1</folder>
	<filename>top_반찬부피_접시_총각김치_Q1_00024.JPG</filename>
	<path>/top반찬부피접시총각김치q1/top_반찬부피_접시_총각김치_Q1_00024.JPG</path>
	<source>
		<database>fooddata</database>
	</source>
	<size>
		<width>3008</width>
		<height>2000</height>
		<depth>3</depth>
	</size>
	<object>
		<name>ref_spoon</name>
		<bndbox>
			<xmin>946</xmin>
			<ymin>1634</ymin>
			<xmax>1342</xmax>
			<ymax>1899</ymax>
		</bndbox>
	</object>
	<object>
		<name>ref_fork</name>
		<bndbox>
			<xmin>968</xmin>
			<ymin>1398</ymin>
			<xmax>1386</xmax>
			<ymax>1575</ymax>
		</bndbox>
	</object>
	<object>
		<name>ref_coin</name>
		<bndbox>
			<xmin>1733</xmin>
			<ymin>140</ymin>
			<xmax>1907</xmax>
			<ymax>297</ymax>
		</bndbox>
	</object>
	<object>
		<name>dish</name>
		<bndbox>
			<xmin>1135</xmin>
			<ymin>319</ymin>
			<xmax>2108</xmax>
			<ymax>1290</ymax>
		</bndbox>
	</object>
	<object>
		<name>총각김치</name>
		<bndbox>
			<xmin>1438</xmin>
			<ymin>651</ymin>
			<xmax>1774</xmax>
			<ymax>912</ymax>
		</bndbox>
	</object>
</annotation>