<annotation>
	<folder>side반찬부피접시시금치나물q1</folder>
	<filename>side_반찬부피_접시_시금치나물_Q1_00012.JPG</filename>
	<path>/side반찬부피접시시금치나물q1/side_반찬부피_접시_시금치나물_Q1_00012.JPG</path>
	<source>
		<database>fooddata</database>
	</source>
	<size>
		<width>3008</width>
		<height>2000</height>
		<depth>3</depth>
	</size>
	<object>
		<name>ref_spoon</name>
		<bndbox>
			<xmin>2001</xmin>
			<ymin>319</ymin>
			<xmax>2327</xmax>
			<ymax>741</ymax>
		</bndbox>
	</object>
	<object>
		<name>ref_fork</name>
		<bndbox>
			<xmin>2490</xmin>
			<ymin>283</ymin>
			<xmax>2742</xmax>
			<ymax>762</ymax>
		</bndbox>
	</object>
	<object>
		<name>ref_coin</name>
		<bndbox>
			<xmin>926</xmin>
			<ymin>174</ymin>
			<xmax>1149</xmax>
			<ymax>330</ymax>
		</bndbox>
	</object>
	<object>
		<name>dish</name>
		<bndbox>
			<xmin>539</xmin>
			<ymin>542</ymin>
			<xmax>1997</xmax>
			<ymax>1596</ymax>
		</bndbox>
	</object>
	<object>
		<name>시금치나물</name>
		<bndbox>
			<xmin>954</xmin>
			<ymin>855</ymin>
			<xmax>1582</xmax>
			<ymax>1408</ymax>
		</bndbox>
	</object>
</annotation>