<annotation>
	<folder>side반찬부피접시시금치나물q1</folder>
	<filename>side_반찬부피_접시_시금치나물_Q1_00008.JPG</filename>
	<path>/side반찬부피접시시금치나물q1/side_반찬부피_접시_시금치나물_Q1_00008.JPG</path>
	<source>
		<database>fooddata</database>
	</source>
	<size>
		<width>3008</width>
		<height>2000</height>
		<depth>3</depth>
	</size>
	<object>
		<name>ref_spoon</name>
		<bndbox>
			<xmin>2103</xmin>
			<ymin>287</ymin>
			<xmax>2433</xmax>
			<ymax>713</ymax>
		</bndbox>
	</object>
	<object>
		<name>ref_fork</name>
		<bndbox>
			<xmin>2593</xmin>
			<ymin>244</ymin>
			<xmax>2848</xmax>
			<ymax>723</ymax>
		</bndbox>
	</object>
	<object>
		<name>ref_coin</name>
		<bndbox>
			<xmin>128</xmin>
			<ymin>1337</ymin>
			<xmax>387</xmax>
			<ymax>1543</ymax>
		</bndbox>
	</object>
	<object>
		<name>dish</name>
		<bndbox>
			<xmin>642</xmin>
			<ymin>461</ymin>
			<xmax>2064</xmax>
			<ymax>1500</ymax>
		</bndbox>
	</object>
	<object>
		<name>시금치나물</name>
		<bndbox>
			<xmin>1061</xmin>
			<ymin>677</ymin>
			<xmax>1703</xmax>
			<ymax>1227</ymax>
		</bndbox>
	</object>
</annotation>