<annotation>
	<folder>side반찬부피접시시금치나물q1</folder>
	<filename>side_반찬부피_접시_시금치나물_Q1_00044.JPG</filename>
	<path>/side반찬부피접시시금치나물q1/side_반찬부피_접시_시금치나물_Q1_00044.JPG</path>
	<source>
		<database>fooddata</database>
	</source>
	<size>
		<width>3008</width>
		<height>2000</height>
		<depth>3</depth>
	</size>
	<object>
		<name>ref_spoon</name>
		<bndbox>
			<xmin>284</xmin>
			<ymin>269</ymin>
			<xmax>610</xmax>
			<ymax>674</ymax>
		</bndbox>
	</object>
	<object>
		<name>ref_fork</name>
		<bndbox>
			<xmin>717</xmin>
			<ymin>280</ymin>
			<xmax>933</xmax>
			<ymax>755</ymax>
		</bndbox>
	</object>
	<object>
		<name>ref_coin</name>
		<bndbox>
			<xmin>2614</xmin>
			<ymin>585</ymin>
			<xmax>2834</xmax>
			<ymax>752</ymax>
		</bndbox>
	</object>
	<object>
		<name>dish</name>
		<bndbox>
			<xmin>1121</xmin>
			<ymin>322</ymin>
			<xmax>2448</xmax>
			<ymax>1270</ymax>
		</bndbox>
	</object>
	<object>
		<name>시금치나물</name>
		<bndbox>
			<xmin>1483</xmin>
			<ymin>510</ymin>
			<xmax>2054</xmax>
			<ymax>1170</ymax>
		</bndbox>
	</object>
</annotation>