<annotation>
	<folder>side반찬부피접시시금치나물q1</folder>
	<filename>side_반찬부피_접시_시금치나물_Q1_00017.JPG</filename>
	<path>/side반찬부피접시시금치나물q1/side_반찬부피_접시_시금치나물_Q1_00017.JPG</path>
	<source>
		<database>fooddata</database>
	</source>
	<size>
		<width>3008</width>
		<height>2000</height>
		<depth>3</depth>
	</size>
	<object>
		<name>ref_spoon</name>
		<bndbox>
			<xmin>745</xmin>
			<ymin>1596</ymin>
			<xmax>1220</xmax>
			<ymax>1851</ymax>
		</bndbox>
	</object>
	<object>
		<name>ref_fork</name>
		<bndbox>
			<xmin>759</xmin>
			<ymin>1333</ymin>
			<xmax>1277</xmax>
			<ymax>1550</ymax>
		</bndbox>
	</object>
	<object>
		<name>ref_coin</name>
		<bndbox>
			<xmin>2256</xmin>
			<ymin>755</ymin>
			<xmax>2451</xmax>
			<ymax>890</ymax>
		</bndbox>
	</object>
	<object>
		<name>dish</name>
		<bndbox>
			<xmin>873</xmin>
			<ymin>404</ymin>
			<xmax>2029</xmax>
			<ymax>1177</ymax>
		</bndbox>
	</object>
	<object>
		<name>시금치나물</name>
		<bndbox>
			<xmin>993</xmin>
			<ymin>599</ymin>
			<xmax>1788</xmax>
			<ymax>1082</ymax>
		</bndbox>
	</object>
</annotation>