<annotation>
	<folder>side반찬부피접시시금치나물q1</folder>
	<filename>side_반찬부피_접시_시금치나물_Q1_00003.JPG</filename>
	<path>/side반찬부피접시시금치나물q1/side_반찬부피_접시_시금치나물_Q1_00003.JPG</path>
	<source>
		<database>fooddata</database>
	</source>
	<size>
		<width>3008</width>
		<height>2000</height>
		<depth>3</depth>
	</size>
	<object>
		<name>ref_spoon</name>
		<bndbox>
			<xmin>1855</xmin>
			<ymin>301</ymin>
			<xmax>2192</xmax>
			<ymax>727</ymax>
		</bndbox>
	</object>
	<object>
		<name>ref_fork</name>
		<bndbox>
			<xmin>2352</xmin>
			<ymin>259</ymin>
			<xmax>2600</xmax>
			<ymax>741</ymax>
		</bndbox>
	</object>
	<object>
		<name>ref_coin</name>
		<bndbox>
			<xmin>1199</xmin>
			<ymin>1692</ymin>
			<xmax>1465</xmax>
			<ymax>1905</ymax>
		</bndbox>
	</object>
	<object>
		<name>dish</name>
		<bndbox>
			<xmin>387</xmin>
			<ymin>454</ymin>
			<xmax>1816</xmax>
			<ymax>1490</ymax>
		</bndbox>
	</object>
	<object>
		<name>시금치나물</name>
		<bndbox>
			<xmin>667</xmin>
			<ymin>787</ymin>
			<xmax>1348</xmax>
			<ymax>1262</ymax>
		</bndbox>
	</object>
</annotation>