<annotation>
	<folder>side반찬부피접시시금치나물q1</folder>
	<filename>side_반찬부피_접시_시금치나물_Q1_00001.JPG</filename>
	<path>/side반찬부피접시시금치나물q1/side_반찬부피_접시_시금치나물_Q1_00001.JPG</path>
	<source>
		<database>fooddata</database>
	</source>
	<size>
		<width>3008</width>
		<height>2000</height>
		<depth>3</depth>
	</size>
	<object>
		<name>ref_spoon</name>
		<bndbox>
			<xmin>1866</xmin>
			<ymin>344</ymin>
			<xmax>2203</xmax>
			<ymax>769</ymax>
		</bndbox>
	</object>
	<object>
		<name>ref_fork</name>
		<bndbox>
			<xmin>2359</xmin>
			<ymin>305</ymin>
			<xmax>2611</xmax>
			<ymax>780</ymax>
		</bndbox>
	</object>
	<object>
		<name>ref_coin</name>
		<bndbox>
			<xmin>1720</xmin>
			<ymin>1458</ymin>
			<xmax>1983</xmax>
			<ymax>1660</ymax>
		</bndbox>
	</object>
	<object>
		<name>dish</name>
		<bndbox>
			<xmin>387</xmin>
			<ymin>440</ymin>
			<xmax>1809</xmax>
			<ymax>1450</ymax>
		</bndbox>
	</object>
	<object>
		<name>시금치나물</name>
		<bndbox>
			<xmin>809</xmin>
			<ymin>741</ymin>
			<xmax>1433</xmax>
			<ymax>1280</ymax>
		</bndbox>
	</object>
</annotation>