<annotation>
	<folder>top반찬부피접시시금치나물q1</folder>
	<filename>top_반찬부피_접시_시금치나물_Q1_00006.JPG</filename>
	<path>/top반찬부피접시시금치나물q1/top_반찬부피_접시_시금치나물_Q1_00006.JPG</path>
	<source>
		<database>fooddata</database>
	</source>
	<size>
		<width>3008</width>
		<height>2000</height>
		<depth>3</depth>
	</size>
	<object>
		<name>ref_spoon</name>
		<bndbox>
			<xmin>2091</xmin>
			<ymin>204</ymin>
			<xmax>2386</xmax>
			<ymax>634</ymax>
		</bndbox>
	</object>
	<object>
		<name>ref_fork</name>
		<bndbox>
			<xmin>2439</xmin>
			<ymin>315</ymin>
			<xmax>2656</xmax>
			<ymax>789</ymax>
		</bndbox>
	</object>
	<object>
		<name>ref_coin</name>
		<bndbox>
			<xmin>295</xmin>
			<ymin>1137</ymin>
			<xmax>524</xmax>
			<ymax>1354</ymax>
		</bndbox>
	</object>
	<object>
		<name>dish</name>
		<bndbox>
			<xmin>814</xmin>
			<ymin>429</ymin>
			<xmax>2030</xmax>
			<ymax>1649</ymax>
		</bndbox>
	</object>
	<object>
		<name>시금치나물</name>
		<bndbox>
			<xmin>1179</xmin>
			<ymin>720</ymin>
			<xmax>1678</xmax>
			<ymax>1297</ymax>
		</bndbox>
	</object>
</annotation>