<annotation>
	<folder>top반찬부피접시시금치나물q1</folder>
	<filename>top_반찬부피_접시_시금치나물_Q1_00019.JPG</filename>
	<path>/top반찬부피접시시금치나물q1/top_반찬부피_접시_시금치나물_Q1_00019.JPG</path>
	<source>
		<database>fooddata</database>
	</source>
	<size>
		<width>3008</width>
		<height>2000</height>
		<depth>3</depth>
	</size>
	<object>
		<name>ref_spoon</name>
		<bndbox>
			<xmin>851</xmin>
			<ymin>1632</ymin>
			<xmax>1252</xmax>
			<ymax>1911</ymax>
		</bndbox>
	</object>
	<object>
		<name>ref_fork</name>
		<bndbox>
			<xmin>929</xmin>
			<ymin>1280</ymin>
			<xmax>1355</xmax>
			<ymax>1465</ymax>
		</bndbox>
	</object>
	<object>
		<name>ref_coin</name>
		<bndbox>
			<xmin>2116</xmin>
			<ymin>920</ymin>
			<xmax>2329</xmax>
			<ymax>1117</ymax>
		</bndbox>
	</object>
	<object>
		<name>dish</name>
		<bndbox>
			<xmin>1003</xmin>
			<ymin>102</ymin>
			<xmax>2104</xmax>
			<ymax>1211</ymax>
		</bndbox>
	</object>
	<object>
		<name>시금치나물</name>
		<bndbox>
			<xmin>1252</xmin>
			<ymin>286</ymin>
			<xmax>1797</xmax>
			<ymax>920</ymax>
		</bndbox>
	</object>
</annotation>