<annotation>
	<folder>rework190files</folder>
	<filename>top_반찬부피_접시_시금치나물_Q1_00027.JPG</filename>
	<path>/top반찬부피접시시금치나물q1/top_반찬부피_접시_시금치나물_Q1_00027.JPG</path>
	<source>
		<database>fooddata</database>
	</source>
	<size>
		<width>3008</width>
		<height>2000</height>
		<depth>3</depth>
	</size>
	<object>
		<name>ref_spoon</name>
		<bndbox>
			<xmin>818</xmin>
			<ymin>1607</ymin>
			<xmax>1311</xmax>
			<ymax>1912</ymax>
		</bndbox>
	</object>
	<object>
		<name>ref_fork</name>
		<bndbox>
			<xmin>915</xmin>
			<ymin>1282</ymin>
			<xmax>1458</xmax>
			<ymax>1485</ymax>
		</bndbox>
	</object>
	<object>
		<name>ref_coin</name>
		<bndbox>
			<xmin>711</xmin>
			<ymin>362</ymin>
			<xmax>915</xmax>
			<ymax>566</ymax>
		</bndbox>
	</object>
	<object>
		<name>dish</name>
		<bndbox>
			<xmin>1087</xmin>
			<ymin>108</ymin>
			<xmax>2175</xmax>
			<ymax>1185</ymax>
		</bndbox>
	</object>
	<object>
		<name>시금치나물</name>
		<bndbox>
			<xmin>1352</xmin>
			<ymin>276</ymin>
			<xmax>1971</xmax>
			<ymax>896</ymax>
		</bndbox>
	</object>
</annotation>