<annotation>
	<folder>top반찬부피접시시금치나물q1</folder>
	<filename>top_반찬부피_접시_시금치나물_Q1_00018.JPG</filename>
	<path>/top반찬부피접시시금치나물q1/top_반찬부피_접시_시금치나물_Q1_00018.JPG</path>
	<source>
		<database>fooddata</database>
	</source>
	<size>
		<width>3008</width>
		<height>2000</height>
		<depth>3</depth>
	</size>
	<object>
		<name>ref_spoon</name>
		<bndbox>
			<xmin>1854</xmin>
			<ymin>147</ymin>
			<xmax>2099</xmax>
			<ymax>535</ymax>
		</bndbox>
	</object>
	<object>
		<name>ref_fork</name>
		<bndbox>
			<xmin>2230</xmin>
			<ymin>179</ymin>
			<xmax>2402</xmax>
			<ymax>593</ymax>
		</bndbox>
	</object>
	<object>
		<name>ref_coin</name>
		<bndbox>
			<xmin>1232</xmin>
			<ymin>1661</ymin>
			<xmax>1428</xmax>
			<ymax>1870</ymax>
		</bndbox>
	</object>
	<object>
		<name>dish</name>
		<bndbox>
			<xmin>663</xmin>
			<ymin>495</ymin>
			<xmax>1752</xmax>
			<ymax>1595</ymax>
		</bndbox>
	</object>
	<object>
		<name>시금치나물</name>
		<bndbox>
			<xmin>966</xmin>
			<ymin>789</ymin>
			<xmax>1498</xmax>
			<ymax>1235</ymax>
		</bndbox>
	</object>
</annotation>