<annotation>
	<folder>rework190files</folder>
	<filename>top_반찬부피_접시_시금치나물_Q1_00052.JPG</filename>
	<path>/top반찬부피접시시금치나물q1/top_반찬부피_접시_시금치나물_Q1_00052.JPG</path>
	<source>
		<database>fooddata</database>
	</source>
	<size>
		<width>3008</width>
		<height>2000</height>
		<depth>3</depth>
	</size>
	<object>
		<name>ref_spoon</name>
		<bndbox>
			<xmin>406</xmin>
			<ymin>139</ymin>
			<xmax>762</xmax>
			<ymax>682</ymax>
		</bndbox>
	</object>
	<object>
		<name>ref_fork</name>
		<bndbox>
			<xmin>889</xmin>
			<ymin>144</ymin>
			<xmax>1123</xmax>
			<ymax>723</ymax>
		</bndbox>
	</object>
	<object>
		<name>ref_coin</name>
		<bndbox>
			<xmin>2617</xmin>
			<ymin>1201</ymin>
			<xmax>2861</xmax>
			<ymax>1440</ymax>
		</bndbox>
	</object>
	<object>
		<name>dish</name>
		<bndbox>
			<xmin>1316</xmin>
			<ymin>149</ymin>
			<xmax>2642</xmax>
			<ymax>1480</ymax>
		</bndbox>
	</object>
	<object>
		<name>시금치나물</name>
		<bndbox>
			<xmin>1621</xmin>
			<ymin>398</ymin>
			<xmax>2246</xmax>
			<ymax>1084</ymax>
		</bndbox>
	</object>
</annotation>