<annotation>
	<folder>top반찬부피접시시금치나물q1</folder>
	<filename>top_반찬부피_접시_시금치나물_Q1_00028.JPG</filename>
	<path>/top반찬부피접시시금치나물q1/top_반찬부피_접시_시금치나물_Q1_00028.JPG</path>
	<source>
		<database>fooddata</database>
	</source>
	<size>
		<width>3008</width>
		<height>2000</height>
		<depth>3</depth>
	</size>
	<object>
		<name>ref_spoon</name>
		<bndbox>
			<xmin>798</xmin>
			<ymin>1563</ymin>
			<xmax>1191</xmax>
			<ymax>1853</ymax>
		</bndbox>
	</object>
	<object>
		<name>ref_fork</name>
		<bndbox>
			<xmin>917</xmin>
			<ymin>1244</ymin>
			<xmax>1334</xmax>
			<ymax>1440</ymax>
		</bndbox>
	</object>
	<object>
		<name>ref_coin</name>
		<bndbox>
			<xmin>675</xmin>
			<ymin>642</ymin>
			<xmax>872</xmax>
			<ymax>842</ymax>
		</bndbox>
	</object>
	<object>
		<name>dish</name>
		<bndbox>
			<xmin>1117</xmin>
			<ymin>110</ymin>
			<xmax>2177</xmax>
			<ymax>1178</ymax>
		</bndbox>
	</object>
	<object>
		<name>시금치나물</name>
		<bndbox>
			<xmin>1359</xmin>
			<ymin>269</ymin>
			<xmax>1874</xmax>
			<ymax>875</ymax>
		</bndbox>
	</object>
</annotation>