<annotation>
	<folder>top반찬부피접시시금치나물q1</folder>
	<filename>top_반찬부피_접시_시금치나물_Q1_00017.JPG</filename>
	<path>/top반찬부피접시시금치나물q1/top_반찬부피_접시_시금치나물_Q1_00017.JPG</path>
	<source>
		<database>fooddata</database>
	</source>
	<size>
		<width>3008</width>
		<height>2000</height>
		<depth>3</depth>
	</size>
	<object>
		<name>ref_spoon</name>
		<bndbox>
			<xmin>1809</xmin>
			<ymin>73</ymin>
			<xmax>2079</xmax>
			<ymax>482</ymax>
		</bndbox>
	</object>
	<object>
		<name>ref_fork</name>
		<bndbox>
			<xmin>2226</xmin>
			<ymin>69</ymin>
			<xmax>2410</xmax>
			<ymax>515</ymax>
		</bndbox>
	</object>
	<object>
		<name>ref_coin</name>
		<bndbox>
			<xmin>1244</xmin>
			<ymin>1735</ymin>
			<xmax>1461</xmax>
			<ymax>1956</ymax>
		</bndbox>
	</object>
	<object>
		<name>dish</name>
		<bndbox>
			<xmin>606</xmin>
			<ymin>490</ymin>
			<xmax>1752</xmax>
			<ymax>1640</ymax>
		</bndbox>
	</object>
	<object>
		<name>시금치나물</name>
		<bndbox>
			<xmin>892</xmin>
			<ymin>814</ymin>
			<xmax>1506</xmax>
			<ymax>1293</ymax>
		</bndbox>
	</object>
</annotation>