<annotation>
	<folder>top반찬부피접시시금치나물q1</folder>
	<filename>top_반찬부피_접시_시금치나물_Q1_00023.JPG</filename>
	<path>/top반찬부피접시시금치나물q1/top_반찬부피_접시_시금치나물_Q1_00023.JPG</path>
	<source>
		<database>fooddata</database>
	</source>
	<size>
		<width>3008</width>
		<height>2000</height>
		<depth>3</depth>
	</size>
	<object>
		<name>ref_spoon</name>
		<bndbox>
			<xmin>737</xmin>
			<ymin>1600</ymin>
			<xmax>1130</xmax>
			<ymax>1886</ymax>
		</bndbox>
	</object>
	<object>
		<name>ref_fork</name>
		<bndbox>
			<xmin>835</xmin>
			<ymin>1272</ymin>
			<xmax>1269</xmax>
			<ymax>1460</ymax>
		</bndbox>
	</object>
	<object>
		<name>ref_coin</name>
		<bndbox>
			<xmin>2022</xmin>
			<ymin>73</ymin>
			<xmax>2206</xmax>
			<ymax>257</ymax>
		</bndbox>
	</object>
	<object>
		<name>dish</name>
		<bndbox>
			<xmin>978</xmin>
			<ymin>118</ymin>
			<xmax>2050</xmax>
			<ymax>1194</ymax>
		</bndbox>
	</object>
	<object>
		<name>시금치나물</name>
		<bndbox>
			<xmin>1318</xmin>
			<ymin>400</ymin>
			<xmax>1793</xmax>
			<ymax>1031</ymax>
		</bndbox>
	</object>
</annotation>