<annotation>
	<folder>side국류대접소고기무국q1</folder>
	<filename>side_국류_대접_소고기무국_Q1_00035.JPG</filename>
	<path>/side국류대접소고기무국q1/side_국류_대접_소고기무국_Q1_00035.JPG</path>
	<source>
		<database>fooddata</database>
	</source>
	<size>
		<width>5472</width>
		<height>3648</height>
		<depth>3</depth>
	</size>
	<object>
		<name>ref_spoon</name>
		<bndbox>
			<xmin>968</xmin>
			<ymin>969</ymin>
			<xmax>1420</xmax>
			<ymax>1647</ymax>
		</bndbox>
	</object>
	<object>
		<name>ref_fork</name>
		<bndbox>
			<xmin>1504</xmin>
			<ymin>975</ymin>
			<xmax>1826</xmax>
			<ymax>1705</ymax>
		</bndbox>
	</object>
	<object>
		<name>ref_coin</name>
		<bndbox>
			<xmin>3407</xmin>
			<ymin>2756</ymin>
			<xmax>3781</xmax>
			<ymax>3060</ymax>
		</bndbox>
	</object>
	<object>
		<name>dish</name>
		<bndbox>
			<xmin>2000</xmin>
			<ymin>717</ymin>
			<xmax>4091</xmax>
			<ymax>2466</ymax>
		</bndbox>
	</object>
	<object>
		<name>소고기무국</name>
		<bndbox>
			<xmin>2420</xmin>
			<ymin>1459</ymin>
			<xmax>3807</xmax>
			<ymax>2150</ymax>
		</bndbox>
	</object>
</annotation>