<annotation>
	<folder>side국류대접소고기무국q1</folder>
	<filename>side_국류_대접_소고기무국_Q1_00030.JPG</filename>
	<path>/side국류대접소고기무국q1/side_국류_대접_소고기무국_Q1_00030.JPG</path>
	<source>
		<database>fooddata</database>
	</source>
	<size>
		<width>5472</width>
		<height>3648</height>
		<depth>3</depth>
	</size>
	<object>
		<name>ref_spoon</name>
		<bndbox>
			<xmin>1303</xmin>
			<ymin>2724</ymin>
			<xmax>2136</xmax>
			<ymax>3208</ymax>
		</bndbox>
	</object>
	<object>
		<name>ref_fork</name>
		<bndbox>
			<xmin>1394</xmin>
			<ymin>2311</ymin>
			<xmax>2317</xmax>
			<ymax>2705</ymax>
		</bndbox>
	</object>
	<object>
		<name>ref_coin</name>
		<bndbox>
			<xmin>884</xmin>
			<ymin>1472</ymin>
			<xmax>1239</xmax>
			<ymax>1743</ymax>
		</bndbox>
	</object>
	<object>
		<name>dish</name>
		<bndbox>
			<xmin>2013</xmin>
			<ymin>472</ymin>
			<xmax>4098</xmax>
			<ymax>2176</ymax>
		</bndbox>
	</object>
	<object>
		<name>소고기무국</name>
		<bndbox>
			<xmin>2407</xmin>
			<ymin>1182</ymin>
			<xmax>3633</xmax>
			<ymax>1859</ymax>
		</bndbox>
	</object>
</annotation>