<annotation>
	<folder>side국류대접소고기무국q1</folder>
	<filename>side_국류_대접_소고기무국_Q1_00049.JPG</filename>
	<path>/side국류대접소고기무국q1/side_국류_대접_소고기무국_Q1_00049.JPG</path>
	<source>
		<database>fooddata</database>
	</source>
	<size>
		<width>5472</width>
		<height>3648</height>
		<depth>3</depth>
	</size>
	<object>
		<name>ref_spoon</name>
		<bndbox>
			<xmin>426</xmin>
			<ymin>724</ymin>
			<xmax>1007</xmax>
			<ymax>1505</ymax>
		</bndbox>
	</object>
	<object>
		<name>ref_fork</name>
		<bndbox>
			<xmin>1116</xmin>
			<ymin>730</ymin>
			<xmax>1504</xmax>
			<ymax>1582</ymax>
		</bndbox>
	</object>
	<object>
		<name>ref_coin</name>
		<bndbox>
			<xmin>4491</xmin>
			<ymin>2247</ymin>
			<xmax>4949</xmax>
			<ymax>2595</ymax>
		</bndbox>
	</object>
	<object>
		<name>dish</name>
		<bndbox>
			<xmin>1710</xmin>
			<ymin>388</ymin>
			<xmax>4349</xmax>
			<ymax>2543</ymax>
		</bndbox>
	</object>
	<object>
		<name>소고기무국</name>
		<bndbox>
			<xmin>2252</xmin>
			<ymin>1279</ymin>
			<xmax>3794</xmax>
			<ymax>2163</ymax>
		</bndbox>
	</object>
</annotation>