<annotation>
	<folder>side국류대접소고기무국q1</folder>
	<filename>side_국류_대접_소고기무국_Q1_00039.JPG</filename>
	<path>/side국류대접소고기무국q1/side_국류_대접_소고기무국_Q1_00039.JPG</path>
	<source>
		<database>fooddata</database>
	</source>
	<size>
		<width>5472</width>
		<height>3648</height>
		<depth>3</depth>
	</size>
	<object>
		<name>ref_spoon</name>
		<bndbox>
			<xmin>903</xmin>
			<ymin>1059</ymin>
			<xmax>1381</xmax>
			<ymax>1711</ymax>
		</bndbox>
	</object>
	<object>
		<name>ref_fork</name>
		<bndbox>
			<xmin>1471</xmin>
			<ymin>1066</ymin>
			<xmax>1787</xmax>
			<ymax>1789</ymax>
		</bndbox>
	</object>
	<object>
		<name>ref_coin</name>
		<bndbox>
			<xmin>4240</xmin>
			<ymin>1982</ymin>
			<xmax>4601</xmax>
			<ymax>2260</ymax>
		</bndbox>
	</object>
	<object>
		<name>dish</name>
		<bndbox>
			<xmin>1962</xmin>
			<ymin>795</ymin>
			<xmax>4091</xmax>
			<ymax>2543</ymax>
		</bndbox>
	</object>
	<object>
		<name>소고기무국</name>
		<bndbox>
			<xmin>2407</xmin>
			<ymin>1505</ymin>
			<xmax>3691</xmax>
			<ymax>2240</ymax>
		</bndbox>
	</object>
</annotation>