<annotation>
	<folder>side국류대접소고기무국q1</folder>
	<filename>side_국류_대접_소고기무국_Q1_00002.JPG</filename>
	<path>/side국류대접소고기무국q1/side_국류_대접_소고기무국_Q1_00002.JPG</path>
	<source>
		<database>fooddata</database>
	</source>
	<size>
		<width>5472</width>
		<height>3648</height>
		<depth>3</depth>
	</size>
	<object>
		<name>ref_spoon</name>
		<bndbox>
			<xmin>3898</xmin>
			<ymin>892</ymin>
			<xmax>4440</xmax>
			<ymax>1608</ymax>
		</bndbox>
	</object>
	<object>
		<name>ref_fork</name>
		<bndbox>
			<xmin>4582</xmin>
			<ymin>866</ymin>
			<xmax>4982</xmax>
			<ymax>1692</ymax>
		</bndbox>
	</object>
	<object>
		<name>ref_coin</name>
		<bndbox>
			<xmin>3059</xmin>
			<ymin>2627</ymin>
			<xmax>3485</xmax>
			<ymax>2982</ymax>
		</bndbox>
	</object>
	<object>
		<name>dish</name>
		<bndbox>
			<xmin>1207</xmin>
			<ymin>388</ymin>
			<xmax>3704</xmax>
			<ymax>2408</ymax>
		</bndbox>
	</object>
	<object>
		<name>소고기무국</name>
		<bndbox>
			<xmin>1736</xmin>
			<ymin>1221</ymin>
			<xmax>3201</xmax>
			<ymax>2034</ymax>
		</bndbox>
	</object>
</annotation>