<annotation>
	<folder>side국류대접소고기무국q1</folder>
	<filename>side_국류_대접_소고기무국_Q1_00005.JPG</filename>
	<path>/side국류대접소고기무국q1/side_국류_대접_소고기무국_Q1_00005.JPG</path>
	<source>
		<database>fooddata</database>
	</source>
	<size>
		<width>5472</width>
		<height>3648</height>
		<depth>3</depth>
	</size>
	<object>
		<name>ref_spoon</name>
		<bndbox>
			<xmin>3994</xmin>
			<ymin>1021</ymin>
			<xmax>4536</xmax>
			<ymax>1743</ymax>
		</bndbox>
	</object>
	<object>
		<name>ref_fork</name>
		<bndbox>
			<xmin>4691</xmin>
			<ymin>1001</ymin>
			<xmax>5078</xmax>
			<ymax>1834</ymax>
		</bndbox>
	</object>
	<object>
		<name>ref_coin</name>
		<bndbox>
			<xmin>1665</xmin>
			<ymin>2744</ymin>
			<xmax>2091</xmax>
			<ymax>3098</ymax>
		</bndbox>
	</object>
	<object>
		<name>dish</name>
		<bndbox>
			<xmin>1368</xmin>
			<ymin>440</ymin>
			<xmax>3846</xmax>
			<ymax>2460</ymax>
		</bndbox>
	</object>
	<object>
		<name>소고기무국</name>
		<bndbox>
			<xmin>1858</xmin>
			<ymin>1285</ymin>
			<xmax>3336</xmax>
			<ymax>2066</ymax>
		</bndbox>
	</object>
</annotation>