<annotation>
	<folder>side국류대접소고기무국q1</folder>
	<filename>side_국류_대접_소고기무국_Q1_00034.JPG</filename>
	<path>/side국류대접소고기무국q1/side_국류_대접_소고기무국_Q1_00034.JPG</path>
	<source>
		<database>fooddata</database>
	</source>
	<size>
		<width>5472</width>
		<height>3648</height>
		<depth>3</depth>
	</size>
	<object>
		<name>ref_spoon</name>
		<bndbox>
			<xmin>929</xmin>
			<ymin>995</ymin>
			<xmax>1394</xmax>
			<ymax>1640</ymax>
		</bndbox>
	</object>
	<object>
		<name>ref_fork</name>
		<bndbox>
			<xmin>1471</xmin>
			<ymin>1001</ymin>
			<xmax>1807</xmax>
			<ymax>1705</ymax>
		</bndbox>
	</object>
	<object>
		<name>ref_coin</name>
		<bndbox>
			<xmin>2555</xmin>
			<ymin>2866</ymin>
			<xmax>2936</xmax>
			<ymax>3189</ymax>
		</bndbox>
	</object>
	<object>
		<name>dish</name>
		<bndbox>
			<xmin>1962</xmin>
			<ymin>730</ymin>
			<xmax>4104</xmax>
			<ymax>2485</ymax>
		</bndbox>
	</object>
	<object>
		<name>소고기무국</name>
		<bndbox>
			<xmin>2388</xmin>
			<ymin>1453</ymin>
			<xmax>3626</xmax>
			<ymax>2182</ymax>
		</bndbox>
	</object>
</annotation>