<annotation>
	<folder>side국류대접소고기무국q1</folder>
	<filename>side_국류_대접_소고기무국_Q1_00026.JPG</filename>
	<path>/side국류대접소고기무국q1/side_국류_대접_소고기무국_Q1_00026.JPG</path>
	<source>
		<database>fooddata</database>
	</source>
	<size>
		<width>5472</width>
		<height>3648</height>
		<depth>3</depth>
	</size>
	<object>
		<name>ref_spoon</name>
		<bndbox>
			<xmin>1349</xmin>
			<ymin>2776</ymin>
			<xmax>2213</xmax>
			<ymax>3253</ymax>
		</bndbox>
	</object>
	<object>
		<name>ref_fork</name>
		<bndbox>
			<xmin>1452</xmin>
			<ymin>2363</ymin>
			<xmax>2342</xmax>
			<ymax>2763</ymax>
		</bndbox>
	</object>
	<object>
		<name>ref_coin</name>
		<bndbox>
			<xmin>1749</xmin>
			<ymin>369</ymin>
			<xmax>2058</xmax>
			<ymax>582</ymax>
		</bndbox>
	</object>
	<object>
		<name>dish</name>
		<bndbox>
			<xmin>2117</xmin>
			<ymin>517</ymin>
			<xmax>4156</xmax>
			<ymax>2208</ymax>
		</bndbox>
	</object>
	<object>
		<name>소고기무국</name>
		<bndbox>
			<xmin>2504</xmin>
			<ymin>1201</ymin>
			<xmax>3710</xmax>
			<ymax>1905</ymax>
		</bndbox>
	</object>
</annotation>