<annotation>
	<folder>side국류대접소고기무국q1</folder>
	<filename>side_국류_대접_소고기무국_Q1_00023.JPG</filename>
	<path>/side국류대접소고기무국q1/side_국류_대접_소고기무국_Q1_00023.JPG</path>
	<source>
		<database>fooddata</database>
	</source>
	<size>
		<width>5472</width>
		<height>3648</height>
		<depth>3</depth>
	</size>
	<object>
		<name>ref_spoon</name>
		<bndbox>
			<xmin>1310</xmin>
			<ymin>2950</ymin>
			<xmax>2142</xmax>
			<ymax>3421</ymax>
		</bndbox>
	</object>
	<object>
		<name>ref_fork</name>
		<bndbox>
			<xmin>1394</xmin>
			<ymin>2543</ymin>
			<xmax>2297</xmax>
			<ymax>2924</ymax>
		</bndbox>
	</object>
	<object>
		<name>ref_coin</name>
		<bndbox>
			<xmin>3181</xmin>
			<ymin>401</ymin>
			<xmax>3485</xmax>
			<ymax>614</ymax>
		</bndbox>
	</object>
	<object>
		<name>dish</name>
		<bndbox>
			<xmin>1846</xmin>
			<ymin>633</ymin>
			<xmax>3878</xmax>
			<ymax>2285</ymax>
		</bndbox>
	</object>
	<object>
		<name>소고기무국</name>
		<bndbox>
			<xmin>2220</xmin>
			<ymin>1305</ymin>
			<xmax>3446</xmax>
			<ymax>1976</ymax>
		</bndbox>
	</object>
</annotation>