<annotation>
	<folder>side국류대접소고기무국q1</folder>
	<filename>side_국류_대접_소고기무국_Q1_00027.JPG</filename>
	<path>/side국류대접소고기무국q1/side_국류_대접_소고기무국_Q1_00027.JPG</path>
	<source>
		<database>fooddata</database>
	</source>
	<size>
		<width>5472</width>
		<height>3648</height>
		<depth>3</depth>
	</size>
	<object>
		<name>ref_spoon</name>
		<bndbox>
			<xmin>1342</xmin>
			<ymin>2789</ymin>
			<xmax>2194</xmax>
			<ymax>3260</ymax>
		</bndbox>
	</object>
	<object>
		<name>ref_fork</name>
		<bndbox>
			<xmin>1426</xmin>
			<ymin>2376</ymin>
			<xmax>2329</xmax>
			<ymax>2763</ymax>
		</bndbox>
	</object>
	<object>
		<name>ref_coin</name>
		<bndbox>
			<xmin>1316</xmin>
			<ymin>582</ymin>
			<xmax>1645</xmax>
			<ymax>814</ymax>
		</bndbox>
	</object>
	<object>
		<name>dish</name>
		<bndbox>
			<xmin>2013</xmin>
			<ymin>511</ymin>
			<xmax>4078</xmax>
			<ymax>2201</ymax>
		</bndbox>
	</object>
	<object>
		<name>소고기무국</name>
		<bndbox>
			<xmin>2420</xmin>
			<ymin>1201</ymin>
			<xmax>3626</xmax>
			<ymax>1898</ymax>
		</bndbox>
	</object>
</annotation>