<annotation>
	<folder>side국류대접소고기무국q1</folder>
	<filename>side_국류_대접_소고기무국_Q1_00003.JPG</filename>
	<path>/side국류대접소고기무국q1/side_국류_대접_소고기무국_Q1_00003.JPG</path>
	<source>
		<database>fooddata</database>
	</source>
	<size>
		<width>5472</width>
		<height>3648</height>
		<depth>3</depth>
	</size>
	<object>
		<name>ref_spoon</name>
		<bndbox>
			<xmin>3923</xmin>
			<ymin>892</ymin>
			<xmax>4465</xmax>
			<ymax>1659</ymax>
		</bndbox>
	</object>
	<object>
		<name>ref_fork</name>
		<bndbox>
			<xmin>4620</xmin>
			<ymin>866</ymin>
			<xmax>5007</xmax>
			<ymax>1737</ymax>
		</bndbox>
	</object>
	<object>
		<name>ref_coin</name>
		<bndbox>
			<xmin>2659</xmin>
			<ymin>2737</ymin>
			<xmax>3091</xmax>
			<ymax>3086</ymax>
		</bndbox>
	</object>
	<object>
		<name>dish</name>
		<bndbox>
			<xmin>1252</xmin>
			<ymin>356</ymin>
			<xmax>3756</xmax>
			<ymax>2382</ymax>
		</bndbox>
	</object>
	<object>
		<name>소고기무국</name>
		<bndbox>
			<xmin>1736</xmin>
			<ymin>1208</ymin>
			<xmax>3252</xmax>
			<ymax>1995</ymax>
		</bndbox>
	</object>
</annotation>