<annotation>
	<folder>top국류대접소고기무국q1</folder>
	<filename>top_국류_대접_소고기무국_Q1_00017.JPG</filename>
	<path>/top국류대접소고기무국q1/top_국류_대접_소고기무국_Q1_00017.JPG</path>
	<source>
		<database>fooddata</database>
	</source>
	<size>
		<width>5472</width>
		<height>3648</height>
		<depth>3</depth>
	</size>
	<object>
		<name>ref_spoon</name>
		<bndbox>
			<xmin>1621</xmin>
			<ymin>2946</ymin>
			<xmax>2407</xmax>
			<ymax>3445</ymax>
		</bndbox>
	</object>
	<object>
		<name>ref_fork</name>
		<bndbox>
			<xmin>1710</xmin>
			<ymin>2487</ymin>
			<xmax>2550</xmax>
			<ymax>2810</ymax>
		</bndbox>
	</object>
	<object>
		<name>ref_coin</name>
		<bndbox>
			<xmin>3951</xmin>
			<ymin>1959</ymin>
			<xmax>4278</xmax>
			<ymax>2297</ymax>
		</bndbox>
	</object>
	<object>
		<name>dish</name>
		<bndbox>
			<xmin>1840</xmin>
			<ymin>274</ymin>
			<xmax>4057</xmax>
			<ymax>2480</ymax>
		</bndbox>
	</object>
	<object>
		<name>소고기무국</name>
		<bndbox>
			<xmin>2281</xmin>
			<ymin>845</ymin>
			<xmax>3578</xmax>
			<ymax>2125</ymax>
		</bndbox>
	</object>
</annotation>