<annotation>
	<folder>top국류대접소고기무국q1</folder>
	<filename>top_국류_대접_소고기무국_Q1_00044.JPG</filename>
	<path>/top국류대접소고기무국q1/top_국류_대접_소고기무국_Q1_00044.JPG</path>
	<source>
		<database>fooddata</database>
	</source>
	<size>
		<width>5472</width>
		<height>3648</height>
		<depth>3</depth>
	</size>
	<object>
		<name>ref_spoon</name>
		<bndbox>
			<xmin>1235</xmin>
			<ymin>775</ymin>
			<xmax>1769</xmax>
			<ymax>1607</ymax>
		</bndbox>
	</object>
	<object>
		<name>ref_fork</name>
		<bndbox>
			<xmin>1990</xmin>
			<ymin>877</ymin>
			<xmax>2330</xmax>
			<ymax>1758</ymax>
		</bndbox>
	</object>
	<object>
		<name>ref_coin</name>
		<bndbox>
			<xmin>3611</xmin>
			<ymin>140</ymin>
			<xmax>3979</xmax>
			<ymax>498</ymax>
		</bndbox>
	</object>
	<object>
		<name>dish</name>
		<bndbox>
			<xmin>2488</xmin>
			<ymin>773</ymin>
			<xmax>5098</xmax>
			<ymax>3363</ymax>
		</bndbox>
	</object>
	<object>
		<name>소고기무국</name>
		<bndbox>
			<xmin>2953</xmin>
			<ymin>1419</ymin>
			<xmax>4493</xmax>
			<ymax>2912</ymax>
		</bndbox>
	</object>
</annotation>