<annotation>
	<folder>top국류대접소고기무국q1</folder>
	<filename>top_국류_대접_소고기무국_Q1_00051.JPG</filename>
	<path>/top국류대접소고기무국q1/top_국류_대접_소고기무국_Q1_00051.JPG</path>
	<source>
		<database>fooddata</database>
	</source>
	<size>
		<width>5472</width>
		<height>3648</height>
		<depth>3</depth>
	</size>
	<object>
		<name>ref_spoon</name>
		<bndbox>
			<xmin>711</xmin>
			<ymin>338</ymin>
			<xmax>1253</xmax>
			<ymax>1176</ymax>
		</bndbox>
	</object>
	<object>
		<name>ref_fork</name>
		<bndbox>
			<xmin>1483</xmin>
			<ymin>438</ymin>
			<xmax>1833</xmax>
			<ymax>1349</ymax>
		</bndbox>
	</object>
	<object>
		<name>ref_coin</name>
		<bndbox>
			<xmin>4293</xmin>
			<ymin>2656</ymin>
			<xmax>4685</xmax>
			<ymax>3052</ymax>
		</bndbox>
	</object>
	<object>
		<name>dish</name>
		<bndbox>
			<xmin>1918</xmin>
			<ymin>267</ymin>
			<xmax>4582</xmax>
			<ymax>2899</ymax>
		</bndbox>
	</object>
	<object>
		<name>소고기무국</name>
		<bndbox>
			<xmin>2427</xmin>
			<ymin>968</ymin>
			<xmax>3980</xmax>
			<ymax>2477</ymax>
		</bndbox>
	</object>
</annotation>