<annotation>
	<folder>top국류대접소고기무국q1</folder>
	<filename>top_국류_대접_소고기무국_Q1_00005.JPG</filename>
	<path>/top국류대접소고기무국q1/top_국류_대접_소고기무국_Q1_00005.JPG</path>
	<source>
		<database>fooddata</database>
	</source>
	<size>
		<width>5472</width>
		<height>3648</height>
		<depth>3</depth>
	</size>
	<object>
		<name>ref_spoon</name>
		<bndbox>
			<xmin>3842</xmin>
			<ymin>540</ymin>
			<xmax>4369</xmax>
			<ymax>1383</ymax>
		</bndbox>
	</object>
	<object>
		<name>ref_fork</name>
		<bndbox>
			<xmin>4509</xmin>
			<ymin>670</ymin>
			<xmax>4860</xmax>
			<ymax>1562</ymax>
		</bndbox>
	</object>
	<object>
		<name>ref_coin</name>
		<bndbox>
			<xmin>1183</xmin>
			<ymin>2407</ymin>
			<xmax>1569</xmax>
			<ymax>2790</ymax>
		</bndbox>
	</object>
	<object>
		<name>dish</name>
		<bndbox>
			<xmin>1193</xmin>
			<ymin>190</ymin>
			<xmax>3799</xmax>
			<ymax>2721</ymax>
		</bndbox>
	</object>
	<object>
		<name>소고기무국</name>
		<bndbox>
			<xmin>1770</xmin>
			<ymin>847</ymin>
			<xmax>3263</xmax>
			<ymax>2312</ymax>
		</bndbox>
	</object>
</annotation>