<annotation>
	<folder>top국류대접소고기무국q1</folder>
	<filename>top_국류_대접_소고기무국_Q1_00024.JPG</filename>
	<path>/top국류대접소고기무국q1/top_국류_대접_소고기무국_Q1_00024.JPG</path>
	<source>
		<database>fooddata</database>
	</source>
	<size>
		<width>5472</width>
		<height>3648</height>
		<depth>3</depth>
	</size>
	<object>
		<name>ref_spoon</name>
		<bndbox>
			<xmin>1894</xmin>
			<ymin>2859</ymin>
			<xmax>2598</xmax>
			<ymax>3331</ymax>
		</bndbox>
	</object>
	<object>
		<name>ref_fork</name>
		<bndbox>
			<xmin>1962</xmin>
			<ymin>2418</ymin>
			<xmax>2704</xmax>
			<ymax>2719</ymax>
		</bndbox>
	</object>
	<object>
		<name>ref_coin</name>
		<bndbox>
			<xmin>2111</xmin>
			<ymin>292</ymin>
			<xmax>2415</xmax>
			<ymax>584</ymax>
		</bndbox>
	</object>
	<object>
		<name>dish</name>
		<bndbox>
			<xmin>2246</xmin>
			<ymin>256</ymin>
			<xmax>4372</xmax>
			<ymax>2355</ymax>
		</bndbox>
	</object>
	<object>
		<name>소고기무국</name>
		<bndbox>
			<xmin>2649</xmin>
			<ymin>812</ymin>
			<xmax>3888</xmax>
			<ymax>2032</ymax>
		</bndbox>
	</object>
</annotation>