<annotation>
	<folder>top국류대접소고기무국q1</folder>
	<filename>top_국류_대접_소고기무국_Q1_00025.JPG</filename>
	<path>/top국류대접소고기무국q1/top_국류_대접_소고기무국_Q1_00025.JPG</path>
	<source>
		<database>fooddata</database>
	</source>
	<size>
		<width>5472</width>
		<height>3648</height>
		<depth>3</depth>
	</size>
	<object>
		<name>ref_spoon</name>
		<bndbox>
			<xmin>1860</xmin>
			<ymin>2790</ymin>
			<xmax>2575</xmax>
			<ymax>3259</ymax>
		</bndbox>
	</object>
	<object>
		<name>ref_fork</name>
		<bndbox>
			<xmin>1933</xmin>
			<ymin>2356</ymin>
			<xmax>2698</xmax>
			<ymax>2652</ymax>
		</bndbox>
	</object>
	<object>
		<name>ref_coin</name>
		<bndbox>
			<xmin>1753</xmin>
			<ymin>715</ymin>
			<xmax>2052</xmax>
			<ymax>1007</ymax>
		</bndbox>
	</object>
	<object>
		<name>dish</name>
		<bndbox>
			<xmin>2245</xmin>
			<ymin>207</ymin>
			<xmax>4363</xmax>
			<ymax>2320</ymax>
		</bndbox>
	</object>
	<object>
		<name>소고기무국</name>
		<bndbox>
			<xmin>2658</xmin>
			<ymin>777</ymin>
			<xmax>3894</xmax>
			<ymax>1972</ymax>
		</bndbox>
	</object>
</annotation>