<annotation>
	<folder>top국류대접소고기무국q1</folder>
	<filename>top_국류_대접_소고기무국_Q1_00042.JPG</filename>
	<path>/top국류대접소고기무국q1/top_국류_대접_소고기무국_Q1_00042.JPG</path>
	<source>
		<database>fooddata</database>
	</source>
	<size>
		<width>5472</width>
		<height>3648</height>
		<depth>3</depth>
	</size>
	<object>
		<name>ref_spoon</name>
		<bndbox>
			<xmin>993</xmin>
			<ymin>481</ymin>
			<xmax>1543</xmax>
			<ymax>1332</ymax>
		</bndbox>
	</object>
	<object>
		<name>ref_fork</name>
		<bndbox>
			<xmin>1769</xmin>
			<ymin>580</ymin>
			<xmax>2123</xmax>
			<ymax>1478</ymax>
		</bndbox>
	</object>
	<object>
		<name>ref_coin</name>
		<bndbox>
			<xmin>4513</xmin>
			<ymin>264</ymin>
			<xmax>4892</xmax>
			<ymax>633</ymax>
		</bndbox>
	</object>
	<object>
		<name>dish</name>
		<bndbox>
			<xmin>2277</xmin>
			<ymin>450</ymin>
			<xmax>4929</xmax>
			<ymax>3061</ymax>
		</bndbox>
	</object>
	<object>
		<name>소고기무국</name>
		<bndbox>
			<xmin>2744</xmin>
			<ymin>1090</ymin>
			<xmax>4295</xmax>
			<ymax>2617</ymax>
		</bndbox>
	</object>
</annotation>