<annotation>
	<folder>top국류대접소고기무국q1</folder>
	<filename>top_국류_대접_소고기무국_Q1_00048.JPG</filename>
	<path>/top국류대접소고기무국q1/top_국류_대접_소고기무국_Q1_00048.JPG</path>
	<source>
		<database>fooddata</database>
	</source>
	<size>
		<width>5472</width>
		<height>3648</height>
		<depth>3</depth>
	</size>
	<object>
		<name>ref_spoon</name>
		<bndbox>
			<xmin>1046</xmin>
			<ymin>588</ymin>
			<xmax>1567</xmax>
			<ymax>1416</ymax>
		</bndbox>
	</object>
	<object>
		<name>ref_fork</name>
		<bndbox>
			<xmin>1792</xmin>
			<ymin>699</ymin>
			<xmax>2135</xmax>
			<ymax>1601</ymax>
		</bndbox>
	</object>
	<object>
		<name>ref_coin</name>
		<bndbox>
			<xmin>4703</xmin>
			<ymin>576</ymin>
			<xmax>5074</xmax>
			<ymax>935</ymax>
		</bndbox>
	</object>
	<object>
		<name>dish</name>
		<bndbox>
			<xmin>2289</xmin>
			<ymin>571</ymin>
			<xmax>4894</xmax>
			<ymax>3176</ymax>
		</bndbox>
	</object>
	<object>
		<name>소고기무국</name>
		<bndbox>
			<xmin>2767</xmin>
			<ymin>1245</ymin>
			<xmax>4278</xmax>
			<ymax>2698</ymax>
		</bndbox>
	</object>
</annotation>