<annotation>
	<folder>top국류대접소고기무국q1</folder>
	<filename>top_국류_대접_소고기무국_Q1_00032.JPG</filename>
	<path>/top국류대접소고기무국q1/top_국류_대접_소고기무국_Q1_00032.JPG</path>
	<source>
		<database>fooddata</database>
	</source>
	<size>
		<width>5472</width>
		<height>3648</height>
		<depth>3</depth>
	</size>
	<object>
		<name>ref_spoon</name>
		<bndbox>
			<xmin>2112</xmin>
			<ymin>2852</ymin>
			<xmax>2845</xmax>
			<ymax>3329</ymax>
		</bndbox>
	</object>
	<object>
		<name>ref_fork</name>
		<bndbox>
			<xmin>2186</xmin>
			<ymin>2415</ymin>
			<xmax>2929</xmax>
			<ymax>2721</ymax>
		</bndbox>
	</object>
	<object>
		<name>ref_coin</name>
		<bndbox>
			<xmin>2236</xmin>
			<ymin>266</ymin>
			<xmax>2529</xmax>
			<ymax>548</ymax>
		</bndbox>
	</object>
	<object>
		<name>dish</name>
		<bndbox>
			<xmin>2592</xmin>
			<ymin>233</ymin>
			<xmax>4733</xmax>
			<ymax>2293</ymax>
		</bndbox>
	</object>
	<object>
		<name>소고기무국</name>
		<bndbox>
			<xmin>3010</xmin>
			<ymin>812</ymin>
			<xmax>4211</xmax>
			<ymax>1965</ymax>
		</bndbox>
	</object>
</annotation>