<annotation>
	<folder>top국류대접소고기무국q1</folder>
	<filename>top_국류_대접_소고기무국_Q1_00004.JPG</filename>
	<path>/top국류대접소고기무국q1/top_국류_대접_소고기무국_Q1_00004.JPG</path>
	<source>
		<database>fooddata</database>
	</source>
	<size>
		<width>5472</width>
		<height>3648</height>
		<depth>3</depth>
	</size>
	<object>
		<name>ref_spoon</name>
		<bndbox>
			<xmin>3829</xmin>
			<ymin>578</ymin>
			<xmax>4352</xmax>
			<ymax>1424</ymax>
		</bndbox>
	</object>
	<object>
		<name>ref_fork</name>
		<bndbox>
			<xmin>4487</xmin>
			<ymin>713</ymin>
			<xmax>4846</xmax>
			<ymax>1617</ymax>
		</bndbox>
	</object>
	<object>
		<name>ref_coin</name>
		<bndbox>
			<xmin>1537</xmin>
			<ymin>2783</ymin>
			<xmax>1927</xmax>
			<ymax>3186</ymax>
		</bndbox>
	</object>
	<object>
		<name>dish</name>
		<bndbox>
			<xmin>1193</xmin>
			<ymin>208</ymin>
			<xmax>3793</xmax>
			<ymax>2761</ymax>
		</bndbox>
	</object>
	<object>
		<name>소고기무국</name>
		<bndbox>
			<xmin>1735</xmin>
			<ymin>865</ymin>
			<xmax>3244</xmax>
			<ymax>2358</ymax>
		</bndbox>
	</object>
</annotation>