<annotation>
	<folder>top국류대접소고기무국q1</folder>
	<filename>top_국류_대접_소고기무국_Q1_00040.JPG</filename>
	<path>/top국류대접소고기무국q1/top_국류_대접_소고기무국_Q1_00040.JPG</path>
	<source>
		<database>fooddata</database>
	</source>
	<size>
		<width>5472</width>
		<height>3648</height>
		<depth>3</depth>
	</size>
	<object>
		<name>ref_spoon</name>
		<bndbox>
			<xmin>1038</xmin>
			<ymin>634</ymin>
			<xmax>1564</xmax>
			<ymax>1480</ymax>
		</bndbox>
	</object>
	<object>
		<name>ref_fork</name>
		<bndbox>
			<xmin>1787</xmin>
			<ymin>719</ymin>
			<xmax>2129</xmax>
			<ymax>1656</ymax>
		</bndbox>
	</object>
	<object>
		<name>ref_coin</name>
		<bndbox>
			<xmin>4862</xmin>
			<ymin>838</ymin>
			<xmax>5227</xmax>
			<ymax>1191</ymax>
		</bndbox>
	</object>
	<object>
		<name>dish</name>
		<bndbox>
			<xmin>2266</xmin>
			<ymin>576</ymin>
			<xmax>4842</xmax>
			<ymax>3119</ymax>
		</bndbox>
	</object>
	<object>
		<name>소고기무국</name>
		<bndbox>
			<xmin>2761</xmin>
			<ymin>1239</ymin>
			<xmax>4208</xmax>
			<ymax>2652</ymax>
		</bndbox>
	</object>
</annotation>