<annotation>
	<folder>side비빔밥덮밥류냉면기전주비빔밥q1</folder>
	<filename>side_비빔밥덮밥류_냉면기_전주비빔밥_Q1_00009.JPG</filename>
	<path>/side비빔밥덮밥류냉면기전주비빔밥q1/side_비빔밥덮밥류_냉면기_전주비빔밥_Q1_00009.JPG</path>
	<source>
		<database>fooddata</database>
	</source>
	<size>
		<width>3008</width>
		<height>2000</height>
		<depth>3</depth>
	</size>
	<object>
		<name>ref_spoon</name>
		<bndbox>
			<xmin>2165</xmin>
			<ymin>799</ymin>
			<xmax>2464</xmax>
			<ymax>1216</ymax>
		</bndbox>
	</object>
	<object>
		<name>ref_fork</name>
		<bndbox>
			<xmin>2561</xmin>
			<ymin>881</ymin>
			<xmax>2774</xmax>
			<ymax>1333</ymax>
		</bndbox>
	</object>
	<object>
		<name>ref_coin</name>
		<bndbox>
			<xmin>584</xmin>
			<ymin>408</ymin>
			<xmax>798</xmax>
			<ymax>545</ymax>
		</bndbox>
	</object>
	<object>
		<name>dish</name>
		<bndbox>
			<xmin>574</xmin>
			<ymin>586</ymin>
			<xmax>2083</xmax>
			<ymax>1861</ymax>
		</bndbox>
	</object>
	<object>
		<name>전주비빔밥</name>
		<bndbox>
			<xmin>732</xmin>
			<ymin>957</ymin>
			<xmax>1839</xmax>
			<ymax>1577</ymax>
		</bndbox>
	</object>
</annotation>