<annotation>
	<folder>side비빔밥덮밥류냉면기전주비빔밥q1</folder>
	<filename>side_비빔밥덮밥류_냉면기_전주비빔밥_Q1_00019.JPG</filename>
	<path>/side비빔밥덮밥류냉면기전주비빔밥q1/side_비빔밥덮밥류_냉면기_전주비빔밥_Q1_00019.JPG</path>
	<source>
		<database>fooddata</database>
	</source>
	<size>
		<width>3008</width>
		<height>2000</height>
		<depth>3</depth>
	</size>
	<object>
		<name>ref_spoon</name>
		<bndbox>
			<xmin>391</xmin>
			<ymin>1617</ymin>
			<xmax>899</xmax>
			<ymax>1897</ymax>
		</bndbox>
	</object>
	<object>
		<name>ref_fork</name>
		<bndbox>
			<xmin>498</xmin>
			<ymin>1348</ymin>
			<xmax>1047</xmax>
			<ymax>1577</ymax>
		</bndbox>
	</object>
	<object>
		<name>ref_coin</name>
		<bndbox>
			<xmin>254</xmin>
			<ymin>642</ymin>
			<xmax>457</xmax>
			<ymax>794</ymax>
		</bndbox>
	</object>
	<object>
		<name>dish</name>
		<bndbox>
			<xmin>681</xmin>
			<ymin>93</ymin>
			<xmax>2012</xmax>
			<ymax>1211</ymax>
		</bndbox>
	</object>
	<object>
		<name>전주비빔밥</name>
		<bndbox>
			<xmin>991</xmin>
			<ymin>439</ymin>
			<xmax>1789</xmax>
			<ymax>967</ymax>
		</bndbox>
	</object>
</annotation>