<annotation>
	<folder>side비빔밥덮밥류냉면기전주비빔밥q1</folder>
	<filename>side_비빔밥덮밥류_냉면기_전주비빔밥_Q1_00040.JPG</filename>
	<path>/side비빔밥덮밥류냉면기전주비빔밥q1/side_비빔밥덮밥류_냉면기_전주비빔밥_Q1_00040.JPG</path>
	<source>
		<database>fooddata</database>
	</source>
	<size>
		<width>3008</width>
		<height>2000</height>
		<depth>3</depth>
	</size>
	<object>
		<name>ref_spoon</name>
		<bndbox>
			<xmin>396</xmin>
			<ymin>378</ymin>
			<xmax>650</xmax>
			<ymax>713</ymax>
		</bndbox>
	</object>
	<object>
		<name>ref_fork</name>
		<bndbox>
			<xmin>722</xmin>
			<ymin>378</ymin>
			<xmax>910</xmax>
			<ymax>764</ymax>
		</bndbox>
	</object>
	<object>
		<name>ref_coin</name>
		<bndbox>
			<xmin>1956</xmin>
			<ymin>1638</ymin>
			<xmax>2170</xmax>
			<ymax>1816</ymax>
		</bndbox>
	</object>
	<object>
		<name>dish</name>
		<bndbox>
			<xmin>1280</xmin>
			<ymin>301</ymin>
			<xmax>2551</xmax>
			<ymax>1373</ymax>
		</bndbox>
	</object>
	<object>
		<name>전주비빔밥</name>
		<bndbox>
			<xmin>1423</xmin>
			<ymin>606</ymin>
			<xmax>2378</xmax>
			<ymax>1130</ymax>
		</bndbox>
	</object>
</annotation>