<annotation>
	<folder>side비빔밥덮밥류냉면기전주비빔밥q1</folder>
	<filename>side_비빔밥덮밥류_냉면기_전주비빔밥_Q1_00047.JPG</filename>
	<path>/side비빔밥덮밥류냉면기전주비빔밥q1/side_비빔밥덮밥류_냉면기_전주비빔밥_Q1_00047.JPG</path>
	<source>
		<database>fooddata</database>
	</source>
	<size>
		<width>3008</width>
		<height>2000</height>
		<depth>3</depth>
	</size>
	<object>
		<name>ref_spoon</name>
		<bndbox>
			<xmin>457</xmin>
			<ymin>484</ymin>
			<xmax>711</xmax>
			<ymax>815</ymax>
		</bndbox>
	</object>
	<object>
		<name>ref_fork</name>
		<bndbox>
			<xmin>788</xmin>
			<ymin>489</ymin>
			<xmax>976</xmax>
			<ymax>886</ymax>
		</bndbox>
	</object>
	<object>
		<name>ref_coin</name>
		<bndbox>
			<xmin>2180</xmin>
			<ymin>306</ymin>
			<xmax>2363</xmax>
			<ymax>433</ymax>
		</bndbox>
	</object>
	<object>
		<name>dish</name>
		<bndbox>
			<xmin>1352</xmin>
			<ymin>403</ymin>
			<xmax>2652</xmax>
			<ymax>1506</ymax>
		</bndbox>
	</object>
	<object>
		<name>전주비빔밥</name>
		<bndbox>
			<xmin>1463</xmin>
			<ymin>754</ymin>
			<xmax>2469</xmax>
			<ymax>1231</ymax>
		</bndbox>
	</object>
</annotation>