<annotation>
	<folder>side비빔밥덮밥류냉면기전주비빔밥q1</folder>
	<filename>side_비빔밥덮밥류_냉면기_전주비빔밥_Q1_00041.JPG</filename>
	<path>/side비빔밥덮밥류냉면기전주비빔밥q1/side_비빔밥덮밥류_냉면기_전주비빔밥_Q1_00041.JPG</path>
	<source>
		<database>fooddata</database>
	</source>
	<size>
		<width>3008</width>
		<height>2000</height>
		<depth>3</depth>
	</size>
	<object>
		<name>ref_spoon</name>
		<bndbox>
			<xmin>386</xmin>
			<ymin>347</ymin>
			<xmax>640</xmax>
			<ymax>688</ymax>
		</bndbox>
	</object>
	<object>
		<name>ref_fork</name>
		<bndbox>
			<xmin>711</xmin>
			<ymin>367</ymin>
			<xmax>894</xmax>
			<ymax>733</ymax>
		</bndbox>
	</object>
	<object>
		<name>ref_coin</name>
		<bndbox>
			<xmin>1575</xmin>
			<ymin>1561</ymin>
			<xmax>1778</xmax>
			<ymax>1724</ymax>
		</bndbox>
	</object>
	<object>
		<name>dish</name>
		<bndbox>
			<xmin>1270</xmin>
			<ymin>271</ymin>
			<xmax>2530</xmax>
			<ymax>1343</ymax>
		</bndbox>
	</object>
	<object>
		<name>전주비빔밥</name>
		<bndbox>
			<xmin>1433</xmin>
			<ymin>627</ymin>
			<xmax>2353</xmax>
			<ymax>1104</ymax>
		</bndbox>
	</object>
</annotation>