<annotation>
	<folder>top비빔밥덮밥류냉면기전주비빔밥q1</folder>
	<filename>top_비빔밥덮밥류_냉면기_전주비빔밥_Q1_00014.JPG</filename>
	<path>/top비빔밥덮밥류냉면기전주비빔밥q1/top_비빔밥덮밥류_냉면기_전주비빔밥_Q1_00014.JPG</path>
	<source>
		<database>fooddata</database>
	</source>
	<size>
		<width>3008</width>
		<height>2000</height>
		<depth>3</depth>
	</size>
	<object>
		<name>ref_spoon</name>
		<bndbox>
			<xmin>1958</xmin>
			<ymin>142</ymin>
			<xmax>2199</xmax>
			<ymax>551</ymax>
		</bndbox>
	</object>
	<object>
		<name>ref_fork</name>
		<bndbox>
			<xmin>2350</xmin>
			<ymin>263</ymin>
			<xmax>2540</xmax>
			<ymax>729</ymax>
		</bndbox>
	</object>
	<object>
		<name>ref_coin</name>
		<bndbox>
			<xmin>281</xmin>
			<ymin>1389</ymin>
			<xmax>478</xmax>
			<ymax>1580</ymax>
		</bndbox>
	</object>
	<object>
		<name>dish</name>
		<bndbox>
			<xmin>559</xmin>
			<ymin>128</ymin>
			<xmax>1965</xmax>
			<ymax>1490</ymax>
		</bndbox>
	</object>
	<object>
		<name>전주비빔밥</name>
		<bndbox>
			<xmin>906</xmin>
			<ymin>515</ymin>
			<xmax>1475</xmax>
			<ymax>1017</ymax>
		</bndbox>
	</object>
</annotation>