<annotation>
	<folder>top비빔밥덮밥류냉면기전주비빔밥q1</folder>
	<filename>top_비빔밥덮밥류_냉면기_전주비빔밥_Q1_00040.JPG</filename>
	<path>/top비빔밥덮밥류냉면기전주비빔밥q1/top_비빔밥덮밥류_냉면기_전주비빔밥_Q1_00040.JPG</path>
	<source>
		<database>fooddata</database>
	</source>
	<size>
		<width>3008</width>
		<height>2000</height>
		<depth>3</depth>
	</size>
	<object>
		<name>ref_spoon</name>
		<bndbox>
			<xmin>394</xmin>
			<ymin>283</ymin>
			<xmax>656</xmax>
			<ymax>736</ymax>
		</bndbox>
	</object>
	<object>
		<name>ref_fork</name>
		<bndbox>
			<xmin>744</xmin>
			<ymin>329</ymin>
			<xmax>916</xmax>
			<ymax>810</ymax>
		</bndbox>
	</object>
	<object>
		<name>ref_coin</name>
		<bndbox>
			<xmin>1005</xmin>
			<ymin>1553</ymin>
			<xmax>1201</xmax>
			<ymax>1750</ymax>
		</bndbox>
	</object>
	<object>
		<name>dish</name>
		<bndbox>
			<xmin>1073</xmin>
			<ymin>196</ymin>
			<xmax>2525</xmax>
			<ymax>1622</ymax>
		</bndbox>
	</object>
	<object>
		<name>전주비빔밥</name>
		<bndbox>
			<xmin>1299</xmin>
			<ymin>586</ymin>
			<xmax>2086</xmax>
			<ymax>1321</ymax>
		</bndbox>
	</object>
</annotation>