<annotation>
	<folder>top비빔밥덮밥류냉면기전주비빔밥q1</folder>
	<filename>top_비빔밥덮밥류_냉면기_전주비빔밥_Q1_00007.JPG</filename>
	<path>/top비빔밥덮밥류냉면기전주비빔밥q1/top_비빔밥덮밥류_냉면기_전주비빔밥_Q1_00007.JPG</path>
	<source>
		<database>fooddata</database>
	</source>
	<size>
		<width>3008</width>
		<height>2000</height>
		<depth>3</depth>
	</size>
	<object>
		<name>ref_spoon</name>
		<bndbox>
			<xmin>2033</xmin>
			<ymin>175</ymin>
			<xmax>2280</xmax>
			<ymax>587</ymax>
		</bndbox>
	</object>
	<object>
		<name>ref_fork</name>
		<bndbox>
			<xmin>2450</xmin>
			<ymin>291</ymin>
			<xmax>2639</xmax>
			<ymax>782</ymax>
		</bndbox>
	</object>
	<object>
		<name>ref_coin</name>
		<bndbox>
			<xmin>216</xmin>
			<ymin>788</ymin>
			<xmax>415</xmax>
			<ymax>976</ymax>
		</bndbox>
	</object>
	<object>
		<name>dish</name>
		<bndbox>
			<xmin>552</xmin>
			<ymin>299</ymin>
			<xmax>2018</xmax>
			<ymax>1741</ymax>
		</bndbox>
	</object>
	<object>
		<name>전주비빔밥</name>
		<bndbox>
			<xmin>1071</xmin>
			<ymin>871</ymin>
			<xmax>1701</xmax>
			<ymax>1441</ymax>
		</bndbox>
	</object>
</annotation>