<annotation>
	<folder>top비빔밥덮밥류냉면기전주비빔밥q1</folder>
	<filename>top_비빔밥덮밥류_냉면기_전주비빔밥_Q1_00017.JPG</filename>
	<path>/top비빔밥덮밥류냉면기전주비빔밥q1/top_비빔밥덮밥류_냉면기_전주비빔밥_Q1_00017.JPG</path>
	<source>
		<database>fooddata</database>
	</source>
	<size>
		<width>3008</width>
		<height>2000</height>
		<depth>3</depth>
	</size>
	<object>
		<name>ref_spoon</name>
		<bndbox>
			<xmin>814</xmin>
			<ymin>1575</ymin>
			<xmax>1249</xmax>
			<ymax>1821</ymax>
		</bndbox>
	</object>
	<object>
		<name>ref_fork</name>
		<bndbox>
			<xmin>875</xmin>
			<ymin>1311</ymin>
			<xmax>1309</xmax>
			<ymax>1462</ymax>
		</bndbox>
	</object>
	<object>
		<name>ref_coin</name>
		<bndbox>
			<xmin>735</xmin>
			<ymin>951</ymin>
			<xmax>892</xmax>
			<ymax>1104</ymax>
		</bndbox>
	</object>
	<object>
		<name>dish</name>
		<bndbox>
			<xmin>955</xmin>
			<ymin>96</ymin>
			<xmax>2174</xmax>
			<ymax>1269</ymax>
		</bndbox>
	</object>
	<object>
		<name>전주비빔밥</name>
		<bndbox>
			<xmin>1303</xmin>
			<ymin>576</ymin>
			<xmax>1895</xmax>
			<ymax>1005</ymax>
		</bndbox>
	</object>
</annotation>