<annotation>
	<folder>top비빔밥덮밥류냉면기전주비빔밥q1</folder>
	<filename>top_비빔밥덮밥류_냉면기_전주비빔밥_Q1_00048.JPG</filename>
	<path>/top비빔밥덮밥류냉면기전주비빔밥q1/top_비빔밥덮밥류_냉면기_전주비빔밥_Q1_00048.JPG</path>
	<source>
		<database>fooddata</database>
	</source>
	<size>
		<width>3008</width>
		<height>2000</height>
		<depth>3</depth>
	</size>
	<object>
		<name>ref_spoon</name>
		<bndbox>
			<xmin>374</xmin>
			<ymin>399</ymin>
			<xmax>635</xmax>
			<ymax>867</ymax>
		</bndbox>
	</object>
	<object>
		<name>ref_fork</name>
		<bndbox>
			<xmin>722</xmin>
			<ymin>453</ymin>
			<xmax>897</xmax>
			<ymax>924</ymax>
		</bndbox>
	</object>
	<object>
		<name>ref_coin</name>
		<bndbox>
			<xmin>1091</xmin>
			<ymin>138</ymin>
			<xmax>1266</xmax>
			<ymax>308</ymax>
		</bndbox>
	</object>
	<object>
		<name>dish</name>
		<bndbox>
			<xmin>1055</xmin>
			<ymin>336</ymin>
			<xmax>2483</xmax>
			<ymax>1744</ymax>
		</bndbox>
	</object>
	<object>
		<name>전주비빔밥</name>
		<bndbox>
			<xmin>1649</xmin>
			<ymin>581</ymin>
			<xmax>2246</xmax>
			<ymax>1351</ymax>
		</bndbox>
	</object>
</annotation>