<annotation>
	<folder>side죽류대접호박죽q3</folder>
	<filename>side_죽류_대접_호박죽_Q3_00009.JPG</filename>
	<path>/side죽류대접호박죽q3/side_죽류_대접_호박죽_Q3_00009.JPG</path>
	<source>
		<database>fooddata</database>
	</source>
	<size>
		<width>5472</width>
		<height>3648</height>
		<depth>3</depth>
	</size>
	<object>
		<name>ref_spoon</name>
		<bndbox>
			<xmin>3839</xmin>
			<ymin>1426</ymin>
			<xmax>4341</xmax>
			<ymax>2167</ymax>
		</bndbox>
	</object>
	<object>
		<name>ref_fork</name>
		<bndbox>
			<xmin>4553</xmin>
			<ymin>1437</ymin>
			<xmax>4909</xmax>
			<ymax>2300</ymax>
		</bndbox>
	</object>
	<object>
		<name>ref_coin</name>
		<bndbox>
			<xmin>758</xmin>
			<ymin>1459</ymin>
			<xmax>1142</xmax>
			<ymax>1710</ymax>
		</bndbox>
	</object>
	<object>
		<name>dish</name>
		<bndbox>
			<xmin>1310</xmin>
			<ymin>1153</ymin>
			<xmax>3739</xmax>
			<ymax>2858</ymax>
		</bndbox>
	</object>
	<object>
		<name>호박죽</name>
		<bndbox>
			<xmin>1800</xmin>
			<ymin>1754</ymin>
			<xmax>3265</xmax>
			<ymax>2769</ymax>
		</bndbox>
	</object>
</annotation>