<annotation>
	<folder>side죽류대접호박죽q3</folder>
	<filename>side_죽류_대접_호박죽_Q3_00033.JPG</filename>
	<path>/side죽류대접호박죽q3/side_죽류_대접_호박죽_Q3_00033.JPG</path>
	<source>
		<database>fooddata</database>
	</source>
	<size>
		<width>5472</width>
		<height>3648</height>
		<depth>3</depth>
	</size>
	<object>
		<name>ref_spoon</name>
		<bndbox>
			<xmin>674</xmin>
			<ymin>2868</ymin>
			<xmax>1722</xmax>
			<ymax>3364</ymax>
		</bndbox>
	</object>
	<object>
		<name>ref_fork</name>
		<bndbox>
			<xmin>803</xmin>
			<ymin>2378</ymin>
			<xmax>1917</xmax>
			<ymax>2784</ymax>
		</bndbox>
	</object>
	<object>
		<name>ref_coin</name>
		<bndbox>
			<xmin>3449</xmin>
			<ymin>310</ymin>
			<xmax>3773</xmax>
			<ymax>533</ymax>
		</bndbox>
	</object>
	<object>
		<name>dish</name>
		<bndbox>
			<xmin>1499</xmin>
			<ymin>505</ymin>
			<xmax>3851</xmax>
			<ymax>2155</ymax>
		</bndbox>
	</object>
	<object>
		<name>호박죽</name>
		<bndbox>
			<xmin>1989</xmin>
			<ymin>1113</ymin>
			<xmax>3377</xmax>
			<ymax>2066</ymax>
		</bndbox>
	</object>
</annotation>