<annotation>
	<folder>side죽류대접호박죽q3</folder>
	<filename>side_죽류_대접_호박죽_Q3_00038.JPG</filename>
	<path>/side죽류대접호박죽q3/side_죽류_대접_호박죽_Q3_00038.JPG</path>
	<source>
		<database>fooddata</database>
	</source>
	<size>
		<width>5472</width>
		<height>3648</height>
		<depth>3</depth>
	</size>
	<object>
		<name>ref_spoon</name>
		<bndbox>
			<xmin>1298</xmin>
			<ymin>840</ymin>
			<xmax>1789</xmax>
			<ymax>1653</ymax>
		</bndbox>
	</object>
	<object>
		<name>ref_fork</name>
		<bndbox>
			<xmin>1906</xmin>
			<ymin>890</ymin>
			<xmax>2262</xmax>
			<ymax>1787</ymax>
		</bndbox>
	</object>
	<object>
		<name>ref_coin</name>
		<bndbox>
			<xmin>4441</xmin>
			<ymin>2751</ymin>
			<xmax>4859</xmax>
			<ymax>3074</ymax>
		</bndbox>
	</object>
	<object>
		<name>dish</name>
		<bndbox>
			<xmin>2352</xmin>
			<ymin>734</ymin>
			<xmax>4815</xmax>
			<ymax>2450</ymax>
		</bndbox>
	</object>
	<object>
		<name>호박죽</name>
		<bndbox>
			<xmin>2836</xmin>
			<ymin>1308</ymin>
			<xmax>4425</xmax>
			<ymax>2339</ymax>
		</bndbox>
	</object>
</annotation>