<annotation>
	<folder>side죽류대접호박죽q3</folder>
	<filename>side_죽류_대접_호박죽_Q3_00032.JPG</filename>
	<path>/side죽류대접호박죽q3/side_죽류_대접_호박죽_Q3_00032.JPG</path>
	<source>
		<database>fooddata</database>
	</source>
	<size>
		<width>5472</width>
		<height>3648</height>
		<depth>3</depth>
	</size>
	<object>
		<name>ref_spoon</name>
		<bndbox>
			<xmin>619</xmin>
			<ymin>2857</ymin>
			<xmax>1616</xmax>
			<ymax>3347</ymax>
		</bndbox>
	</object>
	<object>
		<name>ref_fork</name>
		<bndbox>
			<xmin>736</xmin>
			<ymin>2372</ymin>
			<xmax>1839</xmax>
			<ymax>2768</ymax>
		</bndbox>
	</object>
	<object>
		<name>ref_coin</name>
		<bndbox>
			<xmin>4268</xmin>
			<ymin>1068</ymin>
			<xmax>4625</xmax>
			<ymax>1325</ymax>
		</bndbox>
	</object>
	<object>
		<name>dish</name>
		<bndbox>
			<xmin>1488</xmin>
			<ymin>505</ymin>
			<xmax>3851</xmax>
			<ymax>2144</ymax>
		</bndbox>
	</object>
	<object>
		<name>호박죽</name>
		<bndbox>
			<xmin>1973</xmin>
			<ymin>1102</ymin>
			<xmax>3355</xmax>
			<ymax>2055</ymax>
		</bndbox>
	</object>
</annotation>