<annotation>
	<folder>side죽류대접호박죽q3</folder>
	<filename>side_죽류_대접_호박죽_Q3_00010.JPG</filename>
	<path>/side죽류대접호박죽q3/side_죽류_대접_호박죽_Q3_00010.JPG</path>
	<source>
		<database>fooddata</database>
	</source>
	<size>
		<width>5472</width>
		<height>3648</height>
		<depth>3</depth>
	</size>
	<object>
		<name>ref_spoon</name>
		<bndbox>
			<xmin>3990</xmin>
			<ymin>1570</ymin>
			<xmax>4525</xmax>
			<ymax>2328</ymax>
		</bndbox>
	</object>
	<object>
		<name>ref_fork</name>
		<bndbox>
			<xmin>4714</xmin>
			<ymin>1598</ymin>
			<xmax>5065</xmax>
			<ymax>2406</ymax>
		</bndbox>
	</object>
	<object>
		<name>ref_coin</name>
		<bndbox>
			<xmin>1326</xmin>
			<ymin>1108</ymin>
			<xmax>1700</xmax>
			<ymax>1348</ymax>
		</bndbox>
	</object>
	<object>
		<name>dish</name>
		<bndbox>
			<xmin>1427</xmin>
			<ymin>1231</ymin>
			<xmax>3862</xmax>
			<ymax>2986</ymax>
		</bndbox>
	</object>
	<object>
		<name>호박죽</name>
		<bndbox>
			<xmin>1950</xmin>
			<ymin>1888</ymin>
			<xmax>3382</xmax>
			<ymax>2880</ymax>
		</bndbox>
	</object>
</annotation>