<annotation>
	<folder>side죽류대접호박죽q3</folder>
	<filename>side_죽류_대접_호박죽_Q3_00044.JPG</filename>
	<path>/side죽류대접호박죽q3/side_죽류_대접_호박죽_Q3_00044.JPG</path>
	<source>
		<database>fooddata</database>
	</source>
	<size>
		<width>5472</width>
		<height>3648</height>
		<depth>3</depth>
	</size>
	<object>
		<name>ref_spoon</name>
		<bndbox>
			<xmin>959</xmin>
			<ymin>895</ymin>
			<xmax>1460</xmax>
			<ymax>1664</ymax>
		</bndbox>
	</object>
	<object>
		<name>ref_fork</name>
		<bndbox>
			<xmin>1560</xmin>
			<ymin>979</ymin>
			<xmax>1906</xmax>
			<ymax>1809</ymax>
		</bndbox>
	</object>
	<object>
		<name>ref_coin</name>
		<bndbox>
			<xmin>4826</xmin>
			<ymin>1130</ymin>
			<xmax>5205</xmax>
			<ymax>1414</ymax>
		</bndbox>
	</object>
	<object>
		<name>dish</name>
		<bndbox>
			<xmin>1984</xmin>
			<ymin>801</ymin>
			<xmax>4452</xmax>
			<ymax>2534</ymax>
		</bndbox>
	</object>
	<object>
		<name>호박죽</name>
		<bndbox>
			<xmin>2496</xmin>
			<ymin>1358</ymin>
			<xmax>4057</xmax>
			<ymax>2417</ymax>
		</bndbox>
	</object>
</annotation>