<annotation>
	<folder>side죽류대접호박죽q3</folder>
	<filename>side_죽류_대접_호박죽_Q3_00046.JPG</filename>
	<path>/side죽류대접호박죽q3/side_죽류_대접_호박죽_Q3_00046.JPG</path>
	<source>
		<database>fooddata</database>
	</source>
	<size>
		<width>5472</width>
		<height>3648</height>
		<depth>3</depth>
	</size>
	<object>
		<name>ref_spoon</name>
		<bndbox>
			<xmin>942</xmin>
			<ymin>1013</ymin>
			<xmax>1427</xmax>
			<ymax>1798</ymax>
		</bndbox>
	</object>
	<object>
		<name>ref_fork</name>
		<bndbox>
			<xmin>1549</xmin>
			<ymin>1091</ymin>
			<xmax>1889</xmax>
			<ymax>1926</ymax>
		</bndbox>
	</object>
	<object>
		<name>ref_coin</name>
		<bndbox>
			<xmin>3706</xmin>
			<ymin>572</ymin>
			<xmax>4085</xmax>
			<ymax>823</ymax>
		</bndbox>
	</object>
	<object>
		<name>dish</name>
		<bndbox>
			<xmin>1984</xmin>
			<ymin>929</ymin>
			<xmax>4452</xmax>
			<ymax>2667</ymax>
		</bndbox>
	</object>
	<object>
		<name>호박죽</name>
		<bndbox>
			<xmin>2469</xmin>
			<ymin>1497</ymin>
			<xmax>4018</xmax>
			<ymax>2556</ymax>
		</bndbox>
	</object>
</annotation>