<annotation>
	<folder>side죽류대접호박죽q3</folder>
	<filename>side_죽류_대접_호박죽_Q3_00016.JPG</filename>
	<path>/side죽류대접호박죽q3/side_죽류_대접_호박죽_Q3_00016.JPG</path>
	<source>
		<database>fooddata</database>
	</source>
	<size>
		<width>5472</width>
		<height>3648</height>
		<depth>3</depth>
	</size>
	<object>
		<name>ref_spoon</name>
		<bndbox>
			<xmin>1237</xmin>
			<ymin>2824</ymin>
			<xmax>2179</xmax>
			<ymax>3298</ymax>
		</bndbox>
	</object>
	<object>
		<name>ref_fork</name>
		<bndbox>
			<xmin>1449</xmin>
			<ymin>2312</ymin>
			<xmax>2563</xmax>
			<ymax>2724</ymax>
		</bndbox>
	</object>
	<object>
		<name>ref_coin</name>
		<bndbox>
			<xmin>3962</xmin>
			<ymin>2022</ymin>
			<xmax>4352</xmax>
			<ymax>2295</ymax>
		</bndbox>
	</object>
	<object>
		<name>dish</name>
		<bndbox>
			<xmin>1622</xmin>
			<ymin>272</ymin>
			<xmax>3878</xmax>
			<ymax>1838</ymax>
		</bndbox>
	</object>
	<object>
		<name>호박죽</name>
		<bndbox>
			<xmin>2095</xmin>
			<ymin>840</ymin>
			<xmax>3405</xmax>
			<ymax>1754</ymax>
		</bndbox>
	</object>
</annotation>