<annotation>
	<folder>side죽류대접호박죽q3</folder>
	<filename>side_죽류_대접_호박죽_Q3_00018.JPG</filename>
	<path>/side죽류대접호박죽q3/side_죽류_대접_호박죽_Q3_00018.JPG</path>
	<source>
		<database>fooddata</database>
	</source>
	<size>
		<width>5472</width>
		<height>3648</height>
		<depth>3</depth>
	</size>
	<object>
		<name>ref_spoon</name>
		<bndbox>
			<xmin>752</xmin>
			<ymin>2746</ymin>
			<xmax>1750</xmax>
			<ymax>3209</ymax>
		</bndbox>
	</object>
	<object>
		<name>ref_fork</name>
		<bndbox>
			<xmin>975</xmin>
			<ymin>2245</ymin>
			<xmax>2118</xmax>
			<ymax>2651</ymax>
		</bndbox>
	</object>
	<object>
		<name>ref_coin</name>
		<bndbox>
			<xmin>3717</xmin>
			<ymin>1465</ymin>
			<xmax>4085</xmax>
			<ymax>1732</ymax>
		</bndbox>
	</object>
	<object>
		<name>dish</name>
		<bndbox>
			<xmin>1393</xmin>
			<ymin>423</ymin>
			<xmax>3633</xmax>
			<ymax>1994</ymax>
		</bndbox>
	</object>
	<object>
		<name>호박죽</name>
		<bndbox>
			<xmin>1867</xmin>
			<ymin>980</ymin>
			<xmax>3182</xmax>
			<ymax>1888</ymax>
		</bndbox>
	</object>
</annotation>