<annotation>
	<folder>side죽류대접호박죽q3</folder>
	<filename>side_죽류_대접_호박죽_Q3_00023.JPG</filename>
	<path>/side죽류대접호박죽q3/side_죽류_대접_호박죽_Q3_00023.JPG</path>
	<source>
		<database>fooddata</database>
	</source>
	<size>
		<width>5472</width>
		<height>3648</height>
		<depth>3</depth>
	</size>
	<object>
		<name>ref_spoon</name>
		<bndbox>
			<xmin>1427</xmin>
			<ymin>2964</ymin>
			<xmax>2430</xmax>
			<ymax>3471</ymax>
		</bndbox>
	</object>
	<object>
		<name>ref_fork</name>
		<bndbox>
			<xmin>1638</xmin>
			<ymin>2445</ymin>
			<xmax>2809</xmax>
			<ymax>2874</ymax>
		</bndbox>
	</object>
	<object>
		<name>ref_coin</name>
		<bndbox>
			<xmin>2575</xmin>
			<ymin>294</ymin>
			<xmax>2931</xmax>
			<ymax>512</ymax>
		</bndbox>
	</object>
	<object>
		<name>dish</name>
		<bndbox>
			<xmin>2067</xmin>
			<ymin>634</ymin>
			<xmax>4352</xmax>
			<ymax>2234</ymax>
		</bndbox>
	</object>
	<object>
		<name>호박죽</name>
		<bndbox>
			<xmin>2541</xmin>
			<ymin>1242</ymin>
			<xmax>3895</xmax>
			<ymax>2144</ymax>
		</bndbox>
	</object>
</annotation>