<annotation>
	<folder>side죽류대접호박죽q3</folder>
	<filename>side_죽류_대접_호박죽_Q3_00034.JPG</filename>
	<path>/side죽류대접호박죽q3/side_죽류_대접_호박죽_Q3_00034.JPG</path>
	<source>
		<database>fooddata</database>
	</source>
	<size>
		<width>5472</width>
		<height>3648</height>
		<depth>3</depth>
	</size>
	<object>
		<name>ref_spoon</name>
		<bndbox>
			<xmin>1287</xmin>
			<ymin>762</ymin>
			<xmax>1778</xmax>
			<ymax>1559</ymax>
		</bndbox>
	</object>
	<object>
		<name>ref_fork</name>
		<bndbox>
			<xmin>1889</xmin>
			<ymin>845</ymin>
			<xmax>2246</xmax>
			<ymax>1765</ymax>
		</bndbox>
	</object>
	<object>
		<name>ref_coin</name>
		<bndbox>
			<xmin>2324</xmin>
			<ymin>2706</ymin>
			<xmax>2736</xmax>
			<ymax>3019</ymax>
		</bndbox>
	</object>
	<object>
		<name>dish</name>
		<bndbox>
			<xmin>2335</xmin>
			<ymin>667</ymin>
			<xmax>4798</xmax>
			<ymax>2378</ymax>
		</bndbox>
	</object>
	<object>
		<name>호박죽</name>
		<bndbox>
			<xmin>2836</xmin>
			<ymin>1291</ymin>
			<xmax>4274</xmax>
			<ymax>2272</ymax>
		</bndbox>
	</object>
</annotation>