<annotation>
	<folder>side죽류대접호박죽q3</folder>
	<filename>side_죽류_대접_호박죽_Q3_00019.JPG</filename>
	<path>/side죽류대접호박죽q3/side_죽류_대접_호박죽_Q3_00019.JPG</path>
	<source>
		<database>fooddata</database>
	</source>
	<size>
		<width>5472</width>
		<height>3648</height>
		<depth>3</depth>
	</size>
	<object>
		<name>ref_spoon</name>
		<bndbox>
			<xmin>925</xmin>
			<ymin>2674</ymin>
			<xmax>1906</xmax>
			<ymax>3159</ymax>
		</bndbox>
	</object>
	<object>
		<name>ref_fork</name>
		<bndbox>
			<xmin>1148</xmin>
			<ymin>2183</ymin>
			<xmax>2168</xmax>
			<ymax>2579</ymax>
		</bndbox>
	</object>
	<object>
		<name>ref_coin</name>
		<bndbox>
			<xmin>4029</xmin>
			<ymin>1175</ymin>
			<xmax>4397</xmax>
			<ymax>1420</ymax>
		</bndbox>
	</object>
	<object>
		<name>dish</name>
		<bndbox>
			<xmin>1499</xmin>
			<ymin>272</ymin>
			<xmax>3739</xmax>
			<ymax>1860</ymax>
		</bndbox>
	</object>
	<object>
		<name>호박죽</name>
		<bndbox>
			<xmin>1984</xmin>
			<ymin>857</ymin>
			<xmax>3304</xmax>
			<ymax>1760</ymax>
		</bndbox>
	</object>
</annotation>