<annotation>
	<folder>side죽류대접호박죽q3</folder>
	<filename>side_죽류_대접_호박죽_Q3_00017.JPG</filename>
	<path>/side죽류대접호박죽q3/side_죽류_대접_호박죽_Q3_00017.JPG</path>
	<source>
		<database>fooddata</database>
	</source>
	<size>
		<width>5472</width>
		<height>3648</height>
		<depth>3</depth>
	</size>
	<object>
		<name>ref_spoon</name>
		<bndbox>
			<xmin>819</xmin>
			<ymin>2763</ymin>
			<xmax>1772</xmax>
			<ymax>3264</ymax>
		</bndbox>
	</object>
	<object>
		<name>ref_fork</name>
		<bndbox>
			<xmin>1059</xmin>
			<ymin>2250</ymin>
			<xmax>2168</xmax>
			<ymax>2679</ymax>
		</bndbox>
	</object>
	<object>
		<name>ref_coin</name>
		<bndbox>
			<xmin>3750</xmin>
			<ymin>1743</ymin>
			<xmax>4124</xmax>
			<ymax>2027</ymax>
		</bndbox>
	</object>
	<object>
		<name>dish</name>
		<bndbox>
			<xmin>1282</xmin>
			<ymin>211</ymin>
			<xmax>3566</xmax>
			<ymax>1821</ymax>
		</bndbox>
	</object>
	<object>
		<name>호박죽</name>
		<bndbox>
			<xmin>1739</xmin>
			<ymin>824</ymin>
			<xmax>3087</xmax>
			<ymax>1687</ymax>
		</bndbox>
	</object>
</annotation>