<annotation>
	<folder>top죽류대접호박죽q3</folder>
	<filename>top_죽류_대접_호박죽_Q3_00040.JPG</filename>
	<path>/top죽류대접호박죽q3/top_죽류_대접_호박죽_Q3_00040.JPG</path>
	<source>
		<database>fooddata</database>
	</source>
	<size>
		<width>5472</width>
		<height>3648</height>
		<depth>3</depth>
	</size>
	<object>
		<name>ref_spoon</name>
		<bndbox>
			<xmin>924</xmin>
			<ymin>472</ymin>
			<xmax>1404</xmax>
			<ymax>1247</ymax>
		</bndbox>
	</object>
	<object>
		<name>ref_fork</name>
		<bndbox>
			<xmin>1646</xmin>
			<ymin>547</ymin>
			<xmax>1967</xmax>
			<ymax>1401</ymax>
		</bndbox>
	</object>
	<object>
		<name>ref_coin</name>
		<bndbox>
			<xmin>4661</xmin>
			<ymin>1824</ymin>
			<xmax>4991</xmax>
			<ymax>2149</ymax>
		</bndbox>
	</object>
	<object>
		<name>dish</name>
		<bndbox>
			<xmin>2049</xmin>
			<ymin>572</ymin>
			<xmax>4406</xmax>
			<ymax>2934</ymax>
		</bndbox>
	</object>
	<object>
		<name>호박죽</name>
		<bndbox>
			<xmin>2424</xmin>
			<ymin>1034</ymin>
			<xmax>3677</xmax>
			<ymax>2415</ymax>
		</bndbox>
	</object>
</annotation>