<annotation>
	<folder>top죽류대접호박죽q3</folder>
	<filename>top_죽류_대접_호박죽_Q3_00026.JPG</filename>
	<path>/top죽류대접호박죽q3/top_죽류_대접_호박죽_Q3_00026.JPG</path>
	<source>
		<database>fooddata</database>
	</source>
	<size>
		<width>5472</width>
		<height>3648</height>
		<depth>3</depth>
	</size>
	<object>
		<name>ref_spoon</name>
		<bndbox>
			<xmin>1654</xmin>
			<ymin>2802</ymin>
			<xmax>2246</xmax>
			<ymax>3185</ymax>
		</bndbox>
	</object>
	<object>
		<name>ref_fork</name>
		<bndbox>
			<xmin>1630</xmin>
			<ymin>2432</ymin>
			<xmax>2314</xmax>
			<ymax>2682</ymax>
		</bndbox>
	</object>
	<object>
		<name>ref_coin</name>
		<bndbox>
			<xmin>1975</xmin>
			<ymin>236</ymin>
			<xmax>2224</xmax>
			<ymax>477</ymax>
		</bndbox>
	</object>
	<object>
		<name>dish</name>
		<bndbox>
			<xmin>1833</xmin>
			<ymin>575</ymin>
			<xmax>3624</xmax>
			<ymax>2331</ymax>
		</bndbox>
	</object>
	<object>
		<name>호박죽</name>
		<bndbox>
			<xmin>2199</xmin>
			<ymin>972</ymin>
			<xmax>3258</xmax>
			<ymax>2012</ymax>
		</bndbox>
	</object>
</annotation>