<annotation>
	<folder>top죽류대접호박죽q3</folder>
	<filename>top_죽류_대접_호박죽_Q3_00047.JPG</filename>
	<path>/top죽류대접호박죽q3/top_죽류_대접_호박죽_Q3_00047.JPG</path>
	<source>
		<database>fooddata</database>
	</source>
	<size>
		<width>5472</width>
		<height>3648</height>
		<depth>3</depth>
	</size>
	<object>
		<name>ref_spoon</name>
		<bndbox>
			<xmin>1144</xmin>
			<ymin>579</ymin>
			<xmax>1618</xmax>
			<ymax>1307</ymax>
		</bndbox>
	</object>
	<object>
		<name>ref_fork</name>
		<bndbox>
			<xmin>1852</xmin>
			<ymin>668</ymin>
			<xmax>2149</xmax>
			<ymax>1480</ymax>
		</bndbox>
	</object>
	<object>
		<name>ref_coin</name>
		<bndbox>
			<xmin>2311</xmin>
			<ymin>306</ymin>
			<xmax>2627</xmax>
			<ymax>621</ymax>
		</bndbox>
	</object>
	<object>
		<name>dish</name>
		<bndbox>
			<xmin>2192</xmin>
			<ymin>761</ymin>
			<xmax>4556</xmax>
			<ymax>3112</ymax>
		</bndbox>
	</object>
	<object>
		<name>호박죽</name>
		<bndbox>
			<xmin>2813</xmin>
			<ymin>1283</ymin>
			<xmax>3968</xmax>
			<ymax>2577</ymax>
		</bndbox>
	</object>
</annotation>