<annotation>
	<folder>top죽류대접호박죽q3</folder>
	<filename>top_죽류_대접_호박죽_Q3_00046.JPG</filename>
	<path>/top죽류대접호박죽q3/top_죽류_대접_호박죽_Q3_00046.JPG</path>
	<source>
		<database>fooddata</database>
	</source>
	<size>
		<width>5472</width>
		<height>3648</height>
		<depth>3</depth>
	</size>
	<object>
		<name>ref_spoon</name>
		<bndbox>
			<xmin>1193</xmin>
			<ymin>556</ymin>
			<xmax>1655</xmax>
			<ymax>1325</ymax>
		</bndbox>
	</object>
	<object>
		<name>ref_fork</name>
		<bndbox>
			<xmin>1895</xmin>
			<ymin>665</ymin>
			<xmax>2189</xmax>
			<ymax>1459</ymax>
		</bndbox>
	</object>
	<object>
		<name>ref_coin</name>
		<bndbox>
			<xmin>2727</xmin>
			<ymin>179</ymin>
			<xmax>3040</xmax>
			<ymax>488</ymax>
		</bndbox>
	</object>
	<object>
		<name>dish</name>
		<bndbox>
			<xmin>2235</xmin>
			<ymin>730</ymin>
			<xmax>4589</xmax>
			<ymax>3101</ymax>
		</bndbox>
	</object>
	<object>
		<name>호박죽</name>
		<bndbox>
			<xmin>2833</xmin>
			<ymin>1274</ymin>
			<xmax>3958</xmax>
			<ymax>2514</ymax>
		</bndbox>
	</object>
</annotation>