<annotation>
	<folder>top죽류대접호박죽q3</folder>
	<filename>top_죽류_대접_호박죽_Q3_00054.JPG</filename>
	<path>/top죽류대접호박죽q3/top_죽류_대접_호박죽_Q3_00054.JPG</path>
	<source>
		<database>fooddata</database>
	</source>
	<size>
		<width>5472</width>
		<height>3648</height>
		<depth>3</depth>
	</size>
	<object>
		<name>ref_spoon</name>
		<bndbox>
			<xmin>876</xmin>
			<ymin>423</ymin>
			<xmax>1378</xmax>
			<ymax>1199</ymax>
		</bndbox>
	</object>
	<object>
		<name>ref_fork</name>
		<bndbox>
			<xmin>1620</xmin>
			<ymin>520</ymin>
			<xmax>1941</xmax>
			<ymax>1360</ymax>
		</bndbox>
	</object>
	<object>
		<name>ref_coin</name>
		<bndbox>
			<xmin>4706</xmin>
			<ymin>1758</ymin>
			<xmax>5056</xmax>
			<ymax>2099</ymax>
		</bndbox>
	</object>
	<object>
		<name>dish</name>
		<bndbox>
			<xmin>1999</xmin>
			<ymin>557</ymin>
			<xmax>4500</xmax>
			<ymax>3058</ymax>
		</bndbox>
	</object>
	<object>
		<name>호박죽</name>
		<bndbox>
			<xmin>2478</xmin>
			<ymin>1128</ymin>
			<xmax>3813</xmax>
			<ymax>2474</ymax>
		</bndbox>
	</object>
</annotation>