<annotation>
	<folder>top죽류대접호박죽q3</folder>
	<filename>top_죽류_대접_호박죽_Q3_00018.JPG</filename>
	<path>/top죽류대접호박죽q3/top_죽류_대접_호박죽_Q3_00018.JPG</path>
	<source>
		<database>fooddata</database>
	</source>
	<size>
		<width>5472</width>
		<height>3648</height>
		<depth>3</depth>
	</size>
	<object>
		<name>ref_spoon</name>
		<bndbox>
			<xmin>1721</xmin>
			<ymin>2803</ymin>
			<xmax>2393</xmax>
			<ymax>3240</ymax>
		</bndbox>
	</object>
	<object>
		<name>ref_fork</name>
		<bndbox>
			<xmin>1682</xmin>
			<ymin>2383</ymin>
			<xmax>2400</xmax>
			<ymax>2664</ymax>
		</bndbox>
	</object>
	<object>
		<name>ref_coin</name>
		<bndbox>
			<xmin>3967</xmin>
			<ymin>1583</ymin>
			<xmax>4252</xmax>
			<ymax>1871</ymax>
		</bndbox>
	</object>
	<object>
		<name>dish</name>
		<bndbox>
			<xmin>1892</xmin>
			<ymin>225</ymin>
			<xmax>3942</xmax>
			<ymax>2253</ymax>
		</bndbox>
	</object>
	<object>
		<name>호박죽</name>
		<bndbox>
			<xmin>2311</xmin>
			<ymin>687</ymin>
			<xmax>3523</xmax>
			<ymax>1889</ymax>
		</bndbox>
	</object>
</annotation>