<annotation>
	<folder>top죽류대접호박죽q3</folder>
	<filename>top_죽류_대접_호박죽_Q3_00049.JPG</filename>
	<path>/top죽류대접호박죽q3/top_죽류_대접_호박죽_Q3_00049.JPG</path>
	<source>
		<database>fooddata</database>
	</source>
	<size>
		<width>5472</width>
		<height>3648</height>
		<depth>3</depth>
	</size>
	<object>
		<name>ref_spoon</name>
		<bndbox>
			<xmin>1009</xmin>
			<ymin>267</ymin>
			<xmax>1523</xmax>
			<ymax>1086</ymax>
		</bndbox>
	</object>
	<object>
		<name>ref_fork</name>
		<bndbox>
			<xmin>1784</xmin>
			<ymin>367</ymin>
			<xmax>2126</xmax>
			<ymax>1227</ymax>
		</bndbox>
	</object>
	<object>
		<name>ref_coin</name>
		<bndbox>
			<xmin>3167</xmin>
			<ymin>3128</ymin>
			<xmax>3524</xmax>
			<ymax>3502</ymax>
		</bndbox>
	</object>
	<object>
		<name>dish</name>
		<bndbox>
			<xmin>2249</xmin>
			<ymin>433</ymin>
			<xmax>4765</xmax>
			<ymax>2960</ymax>
		</bndbox>
	</object>
	<object>
		<name>호박죽</name>
		<bndbox>
			<xmin>2855</xmin>
			<ymin>967</ymin>
			<xmax>4154</xmax>
			<ymax>2400</ymax>
		</bndbox>
	</object>
</annotation>