<annotation>
	<folder>top죽류대접호박죽q3</folder>
	<filename>top_죽류_대접_호박죽_Q3_00052.JPG</filename>
	<path>/top죽류대접호박죽q3/top_죽류_대접_호박죽_Q3_00052.JPG</path>
	<source>
		<database>fooddata</database>
	</source>
	<size>
		<width>5472</width>
		<height>3648</height>
		<depth>3</depth>
	</size>
	<object>
		<name>ref_spoon</name>
		<bndbox>
			<xmin>1192</xmin>
			<ymin>381</ymin>
			<xmax>1693</xmax>
			<ymax>1198</ymax>
		</bndbox>
	</object>
	<object>
		<name>ref_fork</name>
		<bndbox>
			<xmin>1926</xmin>
			<ymin>493</ymin>
			<xmax>2257</xmax>
			<ymax>1349</ymax>
		</bndbox>
	</object>
	<object>
		<name>ref_coin</name>
		<bndbox>
			<xmin>4602</xmin>
			<ymin>2658</ymin>
			<xmax>4967</xmax>
			<ymax>3023</ymax>
		</bndbox>
	</object>
	<object>
		<name>dish</name>
		<bndbox>
			<xmin>2316</xmin>
			<ymin>578</ymin>
			<xmax>4834</xmax>
			<ymax>3068</ymax>
		</bndbox>
	</object>
	<object>
		<name>호박죽</name>
		<bndbox>
			<xmin>2784</xmin>
			<ymin>1154</ymin>
			<xmax>4192</xmax>
			<ymax>2487</ymax>
		</bndbox>
	</object>
</annotation>