<annotation>
	<folder>side비빔밥덮밥류냉면기회덮밥q4</folder>
	<filename>side_비빔밥덮밥류_냉면기_회덮밥_Q4_00022.JPG</filename>
	<path>/side비빔밥덮밥류냉면기회덮밥q4/side_비빔밥덮밥류_냉면기_회덮밥_Q4_00022.JPG</path>
	<source>
		<database>fooddata</database>
	</source>
	<size>
		<width>3008</width>
		<height>2000</height>
		<depth>3</depth>
	</size>
	<object>
		<name>ref_spoon</name>
		<bndbox>
			<xmin>715</xmin>
			<ymin>1506</ymin>
			<xmax>1133</xmax>
			<ymax>1732</ymax>
		</bndbox>
	</object>
	<object>
		<name>ref_fork</name>
		<bndbox>
			<xmin>804</xmin>
			<ymin>1280</ymin>
			<xmax>1261</xmax>
			<ymax>1496</ymax>
		</bndbox>
	</object>
	<object>
		<name>ref_coin</name>
		<bndbox>
			<xmin>2101</xmin>
			<ymin>128</ymin>
			<xmax>2261</xmax>
			<ymax>231</ymax>
		</bndbox>
	</object>
	<object>
		<name>dish</name>
		<bndbox>
			<xmin>1005</xmin>
			<ymin>182</ymin>
			<xmax>2366</xmax>
			<ymax>1165</ymax>
		</bndbox>
	</object>
	<object>
		<name>회덮밥</name>
		<bndbox>
			<xmin>1226</xmin>
			<ymin>423</ymin>
			<xmax>2153</xmax>
			<ymax>1020</ymax>
		</bndbox>
	</object>
</annotation>