<annotation>
	<folder>side비빔밥덮밥류냉면기회덮밥q4</folder>
	<filename>side_비빔밥덮밥류_냉면기_회덮밥_Q4_00031.JPG</filename>
	<path>/side비빔밥덮밥류냉면기회덮밥q4/side_비빔밥덮밥류_냉면기_회덮밥_Q4_00031.JPG</path>
	<source>
		<database>fooddata</database>
	</source>
	<size>
		<width>3008</width>
		<height>2000</height>
		<depth>3</depth>
	</size>
	<object>
		<name>ref_spoon</name>
		<bndbox>
			<xmin>561</xmin>
			<ymin>1477</ymin>
			<xmax>978</xmax>
			<ymax>1700</ymax>
		</bndbox>
	</object>
	<object>
		<name>ref_fork</name>
		<bndbox>
			<xmin>649</xmin>
			<ymin>1251</ymin>
			<xmax>1094</xmax>
			<ymax>1457</ymax>
		</bndbox>
	</object>
	<object>
		<name>ref_coin</name>
		<bndbox>
			<xmin>244</xmin>
			<ymin>1165</ymin>
			<xmax>430</xmax>
			<ymax>1307</ymax>
		</bndbox>
	</object>
	<object>
		<name>dish</name>
		<bndbox>
			<xmin>804</xmin>
			<ymin>128</ymin>
			<xmax>2175</xmax>
			<ymax>1118</ymax>
		</bndbox>
	</object>
	<object>
		<name>회덮밥</name>
		<bndbox>
			<xmin>1005</xmin>
			<ymin>396</ymin>
			<xmax>1983</xmax>
			<ymax>968</ymax>
		</bndbox>
	</object>
</annotation>