<annotation>
	<folder>side비빔밥덮밥류냉면기회덮밥q4</folder>
	<filename>side_비빔밥덮밥류_냉면기_회덮밥_Q4_00018.JPG</filename>
	<path>/side비빔밥덮밥류냉면기회덮밥q4/side_비빔밥덮밥류_냉면기_회덮밥_Q4_00018.JPG</path>
	<source>
		<database>fooddata</database>
	</source>
	<size>
		<width>3008</width>
		<height>2000</height>
		<depth>3</depth>
	</size>
	<object>
		<name>ref_spoon</name>
		<bndbox>
			<xmin>575</xmin>
			<ymin>1553</ymin>
			<xmax>1027</xmax>
			<ymax>1791</ymax>
		</bndbox>
	</object>
	<object>
		<name>ref_fork</name>
		<bndbox>
			<xmin>676</xmin>
			<ymin>1314</ymin>
			<xmax>1148</xmax>
			<ymax>1538</ymax>
		</bndbox>
	</object>
	<object>
		<name>ref_coin</name>
		<bndbox>
			<xmin>2376</xmin>
			<ymin>904</ymin>
			<xmax>2570</xmax>
			<ymax>1042</ymax>
		</bndbox>
	</object>
	<object>
		<name>dish</name>
		<bndbox>
			<xmin>949</xmin>
			<ymin>74</ymin>
			<xmax>2371</xmax>
			<ymax>1106</ymax>
		</bndbox>
	</object>
	<object>
		<name>회덮밥</name>
		<bndbox>
			<xmin>1177</xmin>
			<ymin>344</ymin>
			<xmax>2170</xmax>
			<ymax>943</ymax>
		</bndbox>
	</object>
</annotation>