<annotation>
	<folder>side비빔밥덮밥류냉면기회덮밥q4</folder>
	<filename>side_비빔밥덮밥류_냉면기_회덮밥_Q4_00042.JPG</filename>
	<path>/side비빔밥덮밥류냉면기회덮밥q4/side_비빔밥덮밥류_냉면기_회덮밥_Q4_00042.JPG</path>
	<source>
		<database>fooddata</database>
	</source>
	<size>
		<width>3008</width>
		<height>2000</height>
		<depth>3</depth>
	</size>
	<object>
		<name>ref_spoon</name>
		<bndbox>
			<xmin>145</xmin>
			<ymin>830</ymin>
			<xmax>403</xmax>
			<ymax>1197</ymax>
		</bndbox>
	</object>
	<object>
		<name>ref_fork</name>
		<bndbox>
			<xmin>462</xmin>
			<ymin>867</ymin>
			<xmax>639</xmax>
			<ymax>1256</ymax>
		</bndbox>
	</object>
	<object>
		<name>ref_coin</name>
		<bndbox>
			<xmin>2479</xmin>
			<ymin>774</ymin>
			<xmax>2661</xmax>
			<ymax>899</ymax>
		</bndbox>
	</object>
	<object>
		<name>dish</name>
		<bndbox>
			<xmin>887</xmin>
			<ymin>464</ymin>
			<xmax>2381</xmax>
			<ymax>1570</ymax>
		</bndbox>
	</object>
	<object>
		<name>회덮밥</name>
		<bndbox>
			<xmin>1076</xmin>
			<ymin>725</ymin>
			<xmax>2131</xmax>
			<ymax>1440</ymax>
		</bndbox>
	</object>
</annotation>