<annotation>
	<folder>side비빔밥덮밥류냉면기회덮밥q4</folder>
	<filename>side_비빔밥덮밥류_냉면기_회덮밥_Q4_00020.JPG</filename>
	<path>/side비빔밥덮밥류냉면기회덮밥q4/side_비빔밥덮밥류_냉면기_회덮밥_Q4_00020.JPG</path>
	<source>
		<database>fooddata</database>
	</source>
	<size>
		<width>3008</width>
		<height>2000</height>
		<depth>3</depth>
	</size>
	<object>
		<name>ref_spoon</name>
		<bndbox>
			<xmin>455</xmin>
			<ymin>1558</ymin>
			<xmax>895</xmax>
			<ymax>1801</ymax>
		</bndbox>
	</object>
	<object>
		<name>ref_fork</name>
		<bndbox>
			<xmin>553</xmin>
			<ymin>1319</ymin>
			<xmax>1040</xmax>
			<ymax>1543</ymax>
		</bndbox>
	</object>
	<object>
		<name>ref_coin</name>
		<bndbox>
			<xmin>2325</xmin>
			<ymin>575</ymin>
			<xmax>2504</xmax>
			<ymax>700</ymax>
		</bndbox>
	</object>
	<object>
		<name>dish</name>
		<bndbox>
			<xmin>787</xmin>
			<ymin>59</ymin>
			<xmax>2202</xmax>
			<ymax>1084</ymax>
		</bndbox>
	</object>
	<object>
		<name>회덮밥</name>
		<bndbox>
			<xmin>1022</xmin>
			<ymin>314</ymin>
			<xmax>1956</xmax>
			<ymax>931</ymax>
		</bndbox>
	</object>
</annotation>