<annotation>
	<folder>side비빔밥덮밥류냉면기회덮밥q4</folder>
	<filename>side_비빔밥덮밥류_냉면기_회덮밥_Q4_00032.JPG</filename>
	<path>/side비빔밥덮밥류냉면기회덮밥q4/side_비빔밥덮밥류_냉면기_회덮밥_Q4_00032.JPG</path>
	<source>
		<database>fooddata</database>
	</source>
	<size>
		<width>3008</width>
		<height>2000</height>
		<depth>3</depth>
	</size>
	<object>
		<name>ref_spoon</name>
		<bndbox>
			<xmin>369</xmin>
			<ymin>597</ymin>
			<xmax>600</xmax>
			<ymax>914</ymax>
		</bndbox>
	</object>
	<object>
		<name>ref_fork</name>
		<bndbox>
			<xmin>642</xmin>
			<ymin>629</ymin>
			<xmax>801</xmax>
			<ymax>985</ymax>
		</bndbox>
	</object>
	<object>
		<name>ref_coin</name>
		<bndbox>
			<xmin>870</xmin>
			<ymin>1432</ymin>
			<xmax>1059</xmax>
			<ymax>1577</ymax>
		</bndbox>
	</object>
	<object>
		<name>dish</name>
		<bndbox>
			<xmin>1113</xmin>
			<ymin>246</ymin>
			<xmax>2416</xmax>
			<ymax>1211</ymax>
		</bndbox>
	</object>
	<object>
		<name>회덮밥</name>
		<bndbox>
			<xmin>1300</xmin>
			<ymin>489</ymin>
			<xmax>2229</xmax>
			<ymax>1086</ymax>
		</bndbox>
	</object>
</annotation>