<annotation>
	<folder>side비빔밥덮밥류냉면기회덮밥q4</folder>
	<filename>side_비빔밥덮밥류_냉면기_회덮밥_Q4_00024.JPG</filename>
	<path>/side비빔밥덮밥류냉면기회덮밥q4/side_비빔밥덮밥류_냉면기_회덮밥_Q4_00024.JPG</path>
	<source>
		<database>fooddata</database>
	</source>
	<size>
		<width>3008</width>
		<height>2000</height>
		<depth>3</depth>
	</size>
	<object>
		<name>ref_spoon</name>
		<bndbox>
			<xmin>698</xmin>
			<ymin>1587</ymin>
			<xmax>1108</xmax>
			<ymax>1813</ymax>
		</bndbox>
	</object>
	<object>
		<name>ref_fork</name>
		<bndbox>
			<xmin>794</xmin>
			<ymin>1359</ymin>
			<xmax>1248</xmax>
			<ymax>1572</ymax>
		</bndbox>
	</object>
	<object>
		<name>ref_coin</name>
		<bndbox>
			<xmin>1511</xmin>
			<ymin>118</ymin>
			<xmax>1664</xmax>
			<ymax>219</ymax>
		</bndbox>
	</object>
	<object>
		<name>dish</name>
		<bndbox>
			<xmin>983</xmin>
			<ymin>285</ymin>
			<xmax>2344</xmax>
			<ymax>1275</ymax>
		</bndbox>
	</object>
	<object>
		<name>회덮밥</name>
		<bndbox>
			<xmin>1165</xmin>
			<ymin>558</ymin>
			<xmax>2111</xmax>
			<ymax>1130</ymax>
		</bndbox>
	</object>
</annotation>