<annotation>
	<folder>top비빔밥덮밥류냉면기회덮밥q4</folder>
	<filename>top_비빔밥덮밥류_냉면기_회덮밥_Q4_00007.JPG</filename>
	<path>/top비빔밥덮밥류냉면기회덮밥q4/top_비빔밥덮밥류_냉면기_회덮밥_Q4_00007.JPG</path>
	<source>
		<database>fooddata</database>
	</source>
	<size>
		<width>3008</width>
		<height>2000</height>
		<depth>3</depth>
	</size>
	<object>
		<name>ref_spoon</name>
		<bndbox>
			<xmin>2162</xmin>
			<ymin>418</ymin>
			<xmax>2376</xmax>
			<ymax>794</ymax>
		</bndbox>
	</object>
	<object>
		<name>ref_fork</name>
		<bndbox>
			<xmin>2462</xmin>
			<ymin>420</ymin>
			<xmax>2597</xmax>
			<ymax>799</ymax>
		</bndbox>
	</object>
	<object>
		<name>ref_coin</name>
		<bndbox>
			<xmin>182</xmin>
			<ymin>1064</ymin>
			<xmax>359</xmax>
			<ymax>1241</ymax>
		</bndbox>
	</object>
	<object>
		<name>dish</name>
		<bndbox>
			<xmin>494</xmin>
			<ymin>229</ymin>
			<xmax>1941</xmax>
			<ymax>1644</ymax>
		</bndbox>
	</object>
	<object>
		<name>회덮밥</name>
		<bndbox>
			<xmin>745</xmin>
			<ymin>511</ymin>
			<xmax>1779</xmax>
			<ymax>1442</ymax>
		</bndbox>
	</object>
</annotation>