<annotation>
	<folder>top비빔밥덮밥류냉면기회덮밥q4</folder>
	<filename>top_비빔밥덮밥류_냉면기_회덮밥_Q4_00024.JPG</filename>
	<path>/top비빔밥덮밥류냉면기회덮밥q4/top_비빔밥덮밥류_냉면기_회덮밥_Q4_00024.JPG</path>
	<source>
		<database>fooddata</database>
	</source>
	<size>
		<width>3008</width>
		<height>2000</height>
		<depth>3</depth>
	</size>
	<object>
		<name>ref_spoon</name>
		<bndbox>
			<xmin>1209</xmin>
			<ymin>1541</ymin>
			<xmax>1565</xmax>
			<ymax>1754</ymax>
		</bndbox>
	</object>
	<object>
		<name>ref_fork</name>
		<bndbox>
			<xmin>1246</xmin>
			<ymin>1359</ymin>
			<xmax>1583</xmax>
			<ymax>1491</ymax>
		</bndbox>
	</object>
	<object>
		<name>ref_coin</name>
		<bndbox>
			<xmin>811</xmin>
			<ymin>1010</ymin>
			<xmax>954</xmax>
			<ymax>1147</ymax>
		</bndbox>
	</object>
	<object>
		<name>dish</name>
		<bndbox>
			<xmin>1116</xmin>
			<ymin>71</ymin>
			<xmax>2293</xmax>
			<ymax>1197</ymax>
		</bndbox>
	</object>
	<object>
		<name>회덮밥</name>
		<bndbox>
			<xmin>1273</xmin>
			<ymin>263</ymin>
			<xmax>2133</xmax>
			<ymax>1059</ymax>
		</bndbox>
	</object>
</annotation>