<annotation>
	<folder>top비빔밥덮밥류냉면기회덮밥q4</folder>
	<filename>top_비빔밥덮밥류_냉면기_회덮밥_Q4_00017.JPG</filename>
	<path>/top비빔밥덮밥류냉면기회덮밥q4/top_비빔밥덮밥류_냉면기_회덮밥_Q4_00017.JPG</path>
	<source>
		<database>fooddata</database>
	</source>
	<size>
		<width>3008</width>
		<height>2000</height>
		<depth>3</depth>
	</size>
	<object>
		<name>ref_spoon</name>
		<bndbox>
			<xmin>1998</xmin>
			<ymin>292</ymin>
			<xmax>2214</xmax>
			<ymax>668</ymax>
		</bndbox>
	</object>
	<object>
		<name>ref_fork</name>
		<bndbox>
			<xmin>2303</xmin>
			<ymin>280</ymin>
			<xmax>2445</xmax>
			<ymax>663</ymax>
		</bndbox>
	</object>
	<object>
		<name>ref_coin</name>
		<bndbox>
			<xmin>2497</xmin>
			<ymin>1528</ymin>
			<xmax>2664</xmax>
			<ymax>1705</ymax>
		</bndbox>
	</object>
	<object>
		<name>dish</name>
		<bndbox>
			<xmin>268</xmin>
			<ymin>236</ymin>
			<xmax>1804</xmax>
			<ymax>1730</ymax>
		</bndbox>
	</object>
	<object>
		<name>회덮밥</name>
		<bndbox>
			<xmin>465</xmin>
			<ymin>442</ymin>
			<xmax>1607</xmax>
			<ymax>1526</ymax>
		</bndbox>
	</object>
</annotation>