<annotation>
	<folder>top비빔밥덮밥류냉면기회덮밥q4</folder>
	<filename>top_비빔밥덮밥류_냉면기_회덮밥_Q4_00038.JPG</filename>
	<path>/top비빔밥덮밥류냉면기회덮밥q4/top_비빔밥덮밥류_냉면기_회덮밥_Q4_00038.JPG</path>
	<source>
		<database>fooddata</database>
	</source>
	<size>
		<width>3008</width>
		<height>2000</height>
		<depth>3</depth>
	</size>
	<object>
		<name>ref_spoon</name>
		<bndbox>
			<xmin>590</xmin>
			<ymin>477</ymin>
			<xmax>818</xmax>
			<ymax>840</ymax>
		</bndbox>
	</object>
	<object>
		<name>ref_fork</name>
		<bndbox>
			<xmin>968</xmin>
			<ymin>538</ymin>
			<xmax>1113</xmax>
			<ymax>943</ymax>
		</bndbox>
	</object>
	<object>
		<name>ref_coin</name>
		<bndbox>
			<xmin>1018</xmin>
			<ymin>150</ymin>
			<xmax>1172</xmax>
			<ymax>302</ymax>
		</bndbox>
	</object>
	<object>
		<name>dish</name>
		<bndbox>
			<xmin>1116</xmin>
			<ymin>376</ymin>
			<xmax>2573</xmax>
			<ymax>1835</ymax>
		</bndbox>
	</object>
	<object>
		<name>회덮밥</name>
		<bndbox>
			<xmin>1248</xmin>
			<ymin>572</ymin>
			<xmax>2386</xmax>
			<ymax>1595</ymax>
		</bndbox>
	</object>
</annotation>