<annotation>
	<folder>top비빔밥덮밥류냉면기회덮밥q4</folder>
	<filename>top_비빔밥덮밥류_냉면기_회덮밥_Q4_00016.JPG</filename>
	<path>/top비빔밥덮밥류냉면기회덮밥q4/top_비빔밥덮밥류_냉면기_회덮밥_Q4_00016.JPG</path>
	<source>
		<database>fooddata</database>
	</source>
	<size>
		<width>3008</width>
		<height>2000</height>
		<depth>3</depth>
	</size>
	<object>
		<name>ref_spoon</name>
		<bndbox>
			<xmin>1988</xmin>
			<ymin>324</ymin>
			<xmax>2207</xmax>
			<ymax>703</ymax>
		</bndbox>
	</object>
	<object>
		<name>ref_fork</name>
		<bndbox>
			<xmin>2300</xmin>
			<ymin>312</ymin>
			<xmax>2447</xmax>
			<ymax>695</ymax>
		</bndbox>
	</object>
	<object>
		<name>ref_coin</name>
		<bndbox>
			<xmin>2705</xmin>
			<ymin>1113</ymin>
			<xmax>2880</xmax>
			<ymax>1285</ymax>
		</bndbox>
	</object>
	<object>
		<name>dish</name>
		<bndbox>
			<xmin>148</xmin>
			<ymin>219</ymin>
			<xmax>1728</xmax>
			<ymax>1767</ymax>
		</bndbox>
	</object>
	<object>
		<name>회덮밥</name>
		<bndbox>
			<xmin>374</xmin>
			<ymin>457</ymin>
			<xmax>1494</xmax>
			<ymax>1580</ymax>
		</bndbox>
	</object>
</annotation>