<annotation>
	<folder>top비빔밥덮밥류냉면기회덮밥q4</folder>
	<filename>top_비빔밥덮밥류_냉면기_회덮밥_Q4_00019.JPG</filename>
	<path>/top비빔밥덮밥류냉면기회덮밥q4/top_비빔밥덮밥류_냉면기_회덮밥_Q4_00019.JPG</path>
	<source>
		<database>fooddata</database>
	</source>
	<size>
		<width>3008</width>
		<height>2000</height>
		<depth>3</depth>
	</size>
	<object>
		<name>ref_spoon</name>
		<bndbox>
			<xmin>1978</xmin>
			<ymin>238</ymin>
			<xmax>2204</xmax>
			<ymax>622</ymax>
		</bndbox>
	</object>
	<object>
		<name>ref_fork</name>
		<bndbox>
			<xmin>2290</xmin>
			<ymin>236</ymin>
			<xmax>2435</xmax>
			<ymax>624</ymax>
		</bndbox>
	</object>
	<object>
		<name>ref_coin</name>
		<bndbox>
			<xmin>1521</xmin>
			<ymin>1663</ymin>
			<xmax>1696</xmax>
			<ymax>1845</ymax>
		</bndbox>
	</object>
	<object>
		<name>dish</name>
		<bndbox>
			<xmin>244</xmin>
			<ymin>157</ymin>
			<xmax>1811</xmax>
			<ymax>1683</ymax>
		</bndbox>
	</object>
	<object>
		<name>회덮밥</name>
		<bndbox>
			<xmin>487</xmin>
			<ymin>393</ymin>
			<xmax>1585</xmax>
			<ymax>1455</ymax>
		</bndbox>
	</object>
</annotation>