<annotation>
	<folder>side비빔밥덮밥류냉면기회덮밥q5</folder>
	<filename>side_비빔밥덮밥류_냉면기_회덮밥_Q5_00020.JPG</filename>
	<path>/side비빔밥덮밥류냉면기회덮밥q5/side_비빔밥덮밥류_냉면기_회덮밥_Q5_00020.JPG</path>
	<source>
		<database>fooddata</database>
	</source>
	<size>
		<width>3008</width>
		<height>2000</height>
		<depth>3</depth>
	</size>
	<object>
		<name>ref_spoon</name>
		<bndbox>
			<xmin>602</xmin>
			<ymin>1590</ymin>
			<xmax>1022</xmax>
			<ymax>1826</ymax>
		</bndbox>
	</object>
	<object>
		<name>ref_fork</name>
		<bndbox>
			<xmin>666</xmin>
			<ymin>1386</ymin>
			<xmax>1113</xmax>
			<ymax>1604</ymax>
		</bndbox>
	</object>
	<object>
		<name>ref_coin</name>
		<bndbox>
			<xmin>2207</xmin>
			<ymin>708</ymin>
			<xmax>2376</xmax>
			<ymax>833</ymax>
		</bndbox>
	</object>
	<object>
		<name>dish</name>
		<bndbox>
			<xmin>853</xmin>
			<ymin>106</ymin>
			<xmax>2182</xmax>
			<ymax>1084</ymax>
		</bndbox>
	</object>
	<object>
		<name>회덮밥</name>
		<bndbox>
			<xmin>983</xmin>
			<ymin>302</ymin>
			<xmax>2022</xmax>
			<ymax>948</ymax>
		</bndbox>
	</object>
</annotation>