<annotation>
	<folder>side비빔밥덮밥류냉면기회덮밥q5</folder>
	<filename>side_비빔밥덮밥류_냉면기_회덮밥_Q5_00004.JPG</filename>
	<path>/side비빔밥덮밥류냉면기회덮밥q5/side_비빔밥덮밥류_냉면기_회덮밥_Q5_00004.JPG</path>
	<source>
		<database>fooddata</database>
	</source>
	<size>
		<width>3008</width>
		<height>2000</height>
		<depth>3</depth>
	</size>
	<object>
		<name>ref_spoon</name>
		<bndbox>
			<xmin>2167</xmin>
			<ymin>489</ymin>
			<xmax>2423</xmax>
			<ymax>855</ymax>
		</bndbox>
	</object>
	<object>
		<name>ref_fork</name>
		<bndbox>
			<xmin>2531</xmin>
			<ymin>489</ymin>
			<xmax>2713</xmax>
			<ymax>894</ymax>
		</bndbox>
	</object>
	<object>
		<name>ref_coin</name>
		<bndbox>
			<xmin>197</xmin>
			<ymin>1472</ymin>
			<xmax>411</xmax>
			<ymax>1639</ymax>
		</bndbox>
	</object>
	<object>
		<name>dish</name>
		<bndbox>
			<xmin>475</xmin>
			<ymin>135</ymin>
			<xmax>2008</xmax>
			<ymax>1265</ymax>
		</bndbox>
	</object>
	<object>
		<name>회덮밥</name>
		<bndbox>
			<xmin>649</xmin>
			<ymin>270</ymin>
			<xmax>1828</xmax>
			<ymax>1125</ymax>
		</bndbox>
	</object>
</annotation>