<annotation>
	<folder>side비빔밥덮밥류냉면기회덮밥q5</folder>
	<filename>side_비빔밥덮밥류_냉면기_회덮밥_Q5_00007.JPG</filename>
	<path>/side비빔밥덮밥류냉면기회덮밥q5/side_비빔밥덮밥류_냉면기_회덮밥_Q5_00007.JPG</path>
	<source>
		<database>fooddata</database>
	</source>
	<size>
		<width>3008</width>
		<height>2000</height>
		<depth>3</depth>
	</size>
	<object>
		<name>ref_spoon</name>
		<bndbox>
			<xmin>2133</xmin>
			<ymin>764</ymin>
			<xmax>2389</xmax>
			<ymax>1133</ymax>
		</bndbox>
	</object>
	<object>
		<name>ref_fork</name>
		<bndbox>
			<xmin>2492</xmin>
			<ymin>771</ymin>
			<xmax>2676</xmax>
			<ymax>1179</ymax>
		</bndbox>
	</object>
	<object>
		<name>ref_coin</name>
		<bndbox>
			<xmin>1027</xmin>
			<ymin>314</ymin>
			<xmax>1202</xmax>
			<ymax>442</ymax>
		</bndbox>
	</object>
	<object>
		<name>dish</name>
		<bndbox>
			<xmin>389</xmin>
			<ymin>501</ymin>
			<xmax>1932</xmax>
			<ymax>1644</ymax>
		</bndbox>
	</object>
	<object>
		<name>회덮밥</name>
		<bndbox>
			<xmin>588</xmin>
			<ymin>681</ymin>
			<xmax>1782</xmax>
			<ymax>1518</ymax>
		</bndbox>
	</object>
</annotation>