<annotation>
	<folder>side비빔밥덮밥류냉면기회덮밥q5</folder>
	<filename>side_비빔밥덮밥류_냉면기_회덮밥_Q5_00030.JPG</filename>
	<path>/side비빔밥덮밥류냉면기회덮밥q5/side_비빔밥덮밥류_냉면기_회덮밥_Q5_00030.JPG</path>
	<source>
		<database>fooddata</database>
	</source>
	<size>
		<width>3008</width>
		<height>2000</height>
		<depth>3</depth>
	</size>
	<object>
		<name>ref_spoon</name>
		<bndbox>
			<xmin>777</xmin>
			<ymin>1486</ymin>
			<xmax>1199</xmax>
			<ymax>1732</ymax>
		</bndbox>
	</object>
	<object>
		<name>ref_fork</name>
		<bndbox>
			<xmin>848</xmin>
			<ymin>1273</ymin>
			<xmax>1310</xmax>
			<ymax>1504</ymax>
		</bndbox>
	</object>
	<object>
		<name>ref_coin</name>
		<bndbox>
			<xmin>334</xmin>
			<ymin>1595</ymin>
			<xmax>546</xmax>
			<ymax>1759</ymax>
		</bndbox>
	</object>
	<object>
		<name>dish</name>
		<bndbox>
			<xmin>1030</xmin>
			<ymin>108</ymin>
			<xmax>2440</xmax>
			<ymax>1145</ymax>
		</bndbox>
	</object>
	<object>
		<name>회덮밥</name>
		<bndbox>
			<xmin>1192</xmin>
			<ymin>351</ymin>
			<xmax>2280</xmax>
			<ymax>1022</ymax>
		</bndbox>
	</object>
</annotation>