<annotation>
	<folder>top비빔밥덮밥류냉면기회덮밥q5</folder>
	<filename>top_비빔밥덮밥류_냉면기_회덮밥_Q5_00040.JPG</filename>
	<path>/top비빔밥덮밥류냉면기회덮밥q5/top_비빔밥덮밥류_냉면기_회덮밥_Q5_00040.JPG</path>
	<source>
		<database>fooddata</database>
	</source>
	<size>
		<width>3008</width>
		<height>2000</height>
		<depth>3</depth>
	</size>
	<object>
		<name>ref_spoon</name>
		<bndbox>
			<xmin>519</xmin>
			<ymin>489</ymin>
			<xmax>762</xmax>
			<ymax>889</ymax>
		</bndbox>
	</object>
	<object>
		<name>ref_fork</name>
		<bndbox>
			<xmin>904</xmin>
			<ymin>531</ymin>
			<xmax>1074</xmax>
			<ymax>931</ymax>
		</bndbox>
	</object>
	<object>
		<name>ref_coin</name>
		<bndbox>
			<xmin>821</xmin>
			<ymin>278</ymin>
			<xmax>981</xmax>
			<ymax>437</ymax>
		</bndbox>
	</object>
	<object>
		<name>dish</name>
		<bndbox>
			<xmin>1246</xmin>
			<ymin>172</ymin>
			<xmax>2710</xmax>
			<ymax>1607</ymax>
		</bndbox>
	</object>
	<object>
		<name>회덮밥</name>
		<bndbox>
			<xmin>1334</xmin>
			<ymin>329</ymin>
			<xmax>2619</xmax>
			<ymax>1474</ymax>
		</bndbox>
	</object>
</annotation>