<annotation>
	<folder>top비빔밥덮밥류냉면기회덮밥q5</folder>
	<filename>top_비빔밥덮밥류_냉면기_회덮밥_Q5_00002.JPG</filename>
	<path>/top비빔밥덮밥류냉면기회덮밥q5/top_비빔밥덮밥류_냉면기_회덮밥_Q5_00002.JPG</path>
	<source>
		<database>fooddata</database>
	</source>
	<size>
		<width>3008</width>
		<height>2000</height>
		<depth>3</depth>
	</size>
	<object>
		<name>ref_spoon</name>
		<bndbox>
			<xmin>2128</xmin>
			<ymin>248</ymin>
			<xmax>2359</xmax>
			<ymax>646</ymax>
		</bndbox>
	</object>
	<object>
		<name>ref_fork</name>
		<bndbox>
			<xmin>2511</xmin>
			<ymin>359</ymin>
			<xmax>2681</xmax>
			<ymax>767</ymax>
		</bndbox>
	</object>
	<object>
		<name>ref_coin</name>
		<bndbox>
			<xmin>1413</xmin>
			<ymin>1710</ymin>
			<xmax>1580</xmax>
			<ymax>1885</ymax>
		</bndbox>
	</object>
	<object>
		<name>dish</name>
		<bndbox>
			<xmin>610</xmin>
			<ymin>69</ymin>
			<xmax>2067</xmax>
			<ymax>1518</ymax>
		</bndbox>
	</object>
	<object>
		<name>회덮밥</name>
		<bndbox>
			<xmin>730</xmin>
			<ymin>268</ymin>
			<xmax>1973</xmax>
			<ymax>1356</ymax>
		</bndbox>
	</object>
</annotation>