<annotation>
	<folder>top비빔밥덮밥류냉면기회덮밥q5</folder>
	<filename>top_비빔밥덮밥류_냉면기_회덮밥_Q5_00035.JPG</filename>
	<path>/top비빔밥덮밥류냉면기회덮밥q5/top_비빔밥덮밥류_냉면기_회덮밥_Q5_00035.JPG</path>
	<source>
		<database>fooddata</database>
	</source>
	<size>
		<width>3008</width>
		<height>2000</height>
		<depth>3</depth>
	</size>
	<object>
		<name>ref_spoon</name>
		<bndbox>
			<xmin>538</xmin>
			<ymin>280</ymin>
			<xmax>764</xmax>
			<ymax>668</ymax>
		</bndbox>
	</object>
	<object>
		<name>ref_fork</name>
		<bndbox>
			<xmin>907</xmin>
			<ymin>354</ymin>
			<xmax>1052</xmax>
			<ymax>744</ymax>
		</bndbox>
	</object>
	<object>
		<name>ref_coin</name>
		<bndbox>
			<xmin>1059</xmin>
			<ymin>1570</ymin>
			<xmax>1229</xmax>
			<ymax>1747</ymax>
		</bndbox>
	</object>
	<object>
		<name>dish</name>
		<bndbox>
			<xmin>1064</xmin>
			<ymin>106</ymin>
			<xmax>2497</xmax>
			<ymax>1501</ymax>
		</bndbox>
	</object>
	<object>
		<name>회덮밥</name>
		<bndbox>
			<xmin>1165</xmin>
			<ymin>263</ymin>
			<xmax>2401</xmax>
			<ymax>1378</ymax>
		</bndbox>
	</object>
</annotation>