<annotation>
	<folder>top비빔밥덮밥류냉면기회덮밥q5</folder>
	<filename>top_비빔밥덮밥류_냉면기_회덮밥_Q5_00031.JPG</filename>
	<path>/top비빔밥덮밥류냉면기회덮밥q5/top_비빔밥덮밥류_냉면기_회덮밥_Q5_00031.JPG</path>
	<source>
		<database>fooddata</database>
	</source>
	<size>
		<width>3008</width>
		<height>2000</height>
		<depth>3</depth>
	</size>
	<object>
		<name>ref_spoon</name>
		<bndbox>
			<xmin>760</xmin>
			<ymin>1624</ymin>
			<xmax>1118</xmax>
			<ymax>1848</ymax>
		</bndbox>
	</object>
	<object>
		<name>ref_fork</name>
		<bndbox>
			<xmin>882</xmin>
			<ymin>1381</ymin>
			<xmax>1253</xmax>
			<ymax>1516</ymax>
		</bndbox>
	</object>
	<object>
		<name>ref_coin</name>
		<bndbox>
			<xmin>2069</xmin>
			<ymin>1373</ymin>
			<xmax>2214</xmax>
			<ymax>1518</ymax>
		</bndbox>
	</object>
	<object>
		<name>dish</name>
		<bndbox>
			<xmin>701</xmin>
			<ymin>42</ymin>
			<xmax>1912</xmax>
			<ymax>1199</ymax>
		</bndbox>
	</object>
	<object>
		<name>회덮밥</name>
		<bndbox>
			<xmin>779</xmin>
			<ymin>160</ymin>
			<xmax>1806</xmax>
			<ymax>1111</ymax>
		</bndbox>
	</object>
</annotation>