<annotation>
	<folder>top비빔밥덮밥류냉면기회덮밥q5</folder>
	<filename>top_비빔밥덮밥류_냉면기_회덮밥_Q5_00004.JPG</filename>
	<path>/top비빔밥덮밥류냉면기회덮밥q5/top_비빔밥덮밥류_냉면기_회덮밥_Q5_00004.JPG</path>
	<source>
		<database>fooddata</database>
	</source>
	<size>
		<width>3008</width>
		<height>2000</height>
		<depth>3</depth>
	</size>
	<object>
		<name>ref_spoon</name>
		<bndbox>
			<xmin>2005</xmin>
			<ymin>265</ymin>
			<xmax>2229</xmax>
			<ymax>639</ymax>
		</bndbox>
	</object>
	<object>
		<name>ref_fork</name>
		<bndbox>
			<xmin>2374</xmin>
			<ymin>371</ymin>
			<xmax>2538</xmax>
			<ymax>764</ymax>
		</bndbox>
	</object>
	<object>
		<name>ref_coin</name>
		<bndbox>
			<xmin>583</xmin>
			<ymin>1509</ymin>
			<xmax>747</xmax>
			<ymax>1678</ymax>
		</bndbox>
	</object>
	<object>
		<name>dish</name>
		<bndbox>
			<xmin>585</xmin>
			<ymin>86</ymin>
			<xmax>2037</xmax>
			<ymax>1526</ymax>
		</bndbox>
	</object>
	<object>
		<name>회덮밥</name>
		<bndbox>
			<xmin>762</xmin>
			<ymin>219</ymin>
			<xmax>1853</xmax>
			<ymax>1430</ymax>
		</bndbox>
	</object>
</annotation>