<annotation>
	<folder>side파스타류낮고큰파스타볼크림소스스파게티q5</folder>
	<filename>side_파스타류_낮고큰파스타볼_크림소스스파게티_Q5_00029.JPG</filename>
	<path>/side파스타류낮고큰파스타볼크림소스스파게티q5/side_파스타류_낮고큰파스타볼_크림소스스파게티_Q5_00029.JPG</path>
	<source>
		<database>fooddata</database>
	</source>
	<size>
		<width>5472</width>
		<height>3648</height>
		<depth>3</depth>
	</size>
	<object>
		<name>ref_spoon</name>
		<bndbox>
			<xmin>1529</xmin>
			<ymin>2853</ymin>
			<xmax>2304</xmax>
			<ymax>3337</ymax>
		</bndbox>
	</object>
	<object>
		<name>ref_fork</name>
		<bndbox>
			<xmin>1671</xmin>
			<ymin>2485</ymin>
			<xmax>2497</xmax>
			<ymax>2879</ymax>
		</bndbox>
	</object>
	<object>
		<name>ref_coin</name>
		<bndbox>
			<xmin>1349</xmin>
			<ymin>2060</ymin>
			<xmax>1710</xmax>
			<ymax>2331</ymax>
		</bndbox>
	</object>
	<object>
		<name>dish</name>
		<bndbox>
			<xmin>1775</xmin>
			<ymin>337</ymin>
			<xmax>4414</xmax>
			<ymax>2176</ymax>
		</bndbox>
	</object>
	<object>
		<name>크림소스스파게티</name>
		<bndbox>
			<xmin>2323</xmin>
			<ymin>801</ymin>
			<xmax>3904</xmax>
			<ymax>2053</ymax>
		</bndbox>
	</object>
</annotation>