<annotation>
	<folder>side파스타류낮고큰파스타볼크림소스스파게티q5</folder>
	<filename>side_파스타류_낮고큰파스타볼_크림소스스파게티_Q5_00033.JPG</filename>
	<path>/side파스타류낮고큰파스타볼크림소스스파게티q5/side_파스타류_낮고큰파스타볼_크림소스스파게티_Q5_00033.JPG</path>
	<source>
		<database>fooddata</database>
	</source>
	<size>
		<width>5472</width>
		<height>3648</height>
		<depth>3</depth>
	</size>
	<object>
		<name>ref_spoon</name>
		<bndbox>
			<xmin>800</xmin>
			<ymin>2976</ymin>
			<xmax>1665</xmax>
			<ymax>3473</ymax>
		</bndbox>
	</object>
	<object>
		<name>ref_fork</name>
		<bndbox>
			<xmin>1110</xmin>
			<ymin>2518</ymin>
			<xmax>1968</xmax>
			<ymax>2963</ymax>
		</bndbox>
	</object>
	<object>
		<name>ref_coin</name>
		<bndbox>
			<xmin>1639</xmin>
			<ymin>259</ymin>
			<xmax>1929</xmax>
			<ymax>472</ymax>
		</bndbox>
	</object>
	<object>
		<name>dish</name>
		<bndbox>
			<xmin>1465</xmin>
			<ymin>375</ymin>
			<xmax>4181</xmax>
			<ymax>2279</ymax>
		</bndbox>
	</object>
	<object>
		<name>크림소스스파게티</name>
		<bndbox>
			<xmin>1962</xmin>
			<ymin>892</ymin>
			<xmax>3697</xmax>
			<ymax>2176</ymax>
		</bndbox>
	</object>
</annotation>