<annotation>
	<folder>side파스타류낮고큰파스타볼크림소스스파게티q5</folder>
	<filename>side_파스타류_낮고큰파스타볼_크림소스스파게티_Q5_00015.JPG</filename>
	<path>/side파스타류낮고큰파스타볼크림소스스파게티q5/side_파스타류_낮고큰파스타볼_크림소스스파게티_Q5_00015.JPG</path>
	<source>
		<database>fooddata</database>
	</source>
	<size>
		<width>5472</width>
		<height>3648</height>
		<depth>3</depth>
	</size>
	<object>
		<name>ref_spoon</name>
		<bndbox>
			<xmin>3981</xmin>
			<ymin>1666</ymin>
			<xmax>4485</xmax>
			<ymax>2356</ymax>
		</bndbox>
	</object>
	<object>
		<name>ref_fork</name>
		<bndbox>
			<xmin>4620</xmin>
			<ymin>1653</ymin>
			<xmax>5007</xmax>
			<ymax>2460</ymax>
		</bndbox>
	</object>
	<object>
		<name>ref_coin</name>
		<bndbox>
			<xmin>3252</xmin>
			<ymin>1240</ymin>
			<xmax>3601</xmax>
			<ymax>1472</ymax>
		</bndbox>
	</object>
	<object>
		<name>dish</name>
		<bndbox>
			<xmin>671</xmin>
			<ymin>1195</ymin>
			<xmax>3736</xmax>
			<ymax>3311</ymax>
		</bndbox>
	</object>
	<object>
		<name>크림소스스파게티</name>
		<bndbox>
			<xmin>1323</xmin>
			<ymin>1692</ymin>
			<xmax>3201</xmax>
			<ymax>3163</ymax>
		</bndbox>
	</object>
</annotation>