<annotation>
	<folder>side파스타류낮고큰파스타볼크림소스스파게티q5</folder>
	<filename>side_파스타류_낮고큰파스타볼_크림소스스파게티_Q5_00013.JPG</filename>
	<path>/side파스타류낮고큰파스타볼크림소스스파게티q5/side_파스타류_낮고큰파스타볼_크림소스스파게티_Q5_00013.JPG</path>
	<source>
		<database>fooddata</database>
	</source>
	<size>
		<width>5472</width>
		<height>3648</height>
		<depth>3</depth>
	</size>
	<object>
		<name>ref_spoon</name>
		<bndbox>
			<xmin>3949</xmin>
			<ymin>1614</ymin>
			<xmax>4452</xmax>
			<ymax>2285</ymax>
		</bndbox>
	</object>
	<object>
		<name>ref_fork</name>
		<bndbox>
			<xmin>4594</xmin>
			<ymin>1614</ymin>
			<xmax>4975</xmax>
			<ymax>2402</ymax>
		</bndbox>
	</object>
	<object>
		<name>ref_coin</name>
		<bndbox>
			<xmin>2020</xmin>
			<ymin>801</ymin>
			<xmax>2375</xmax>
			<ymax>1053</ymax>
		</bndbox>
	</object>
	<object>
		<name>dish</name>
		<bndbox>
			<xmin>607</xmin>
			<ymin>1124</ymin>
			<xmax>3685</xmax>
			<ymax>3279</ymax>
		</bndbox>
	</object>
	<object>
		<name>크림소스스파게티</name>
		<bndbox>
			<xmin>1213</xmin>
			<ymin>1659</ymin>
			<xmax>3078</xmax>
			<ymax>3124</ymax>
		</bndbox>
	</object>
</annotation>