<annotation>
	<folder>side파스타류낮고큰파스타볼크림소스스파게티q5</folder>
	<filename>side_파스타류_낮고큰파스타볼_크림소스스파게티_Q5_00024.JPG</filename>
	<path>/side파스타류낮고큰파스타볼크림소스스파게티q5/side_파스타류_낮고큰파스타볼_크림소스스파게티_Q5_00024.JPG</path>
	<source>
		<database>fooddata</database>
	</source>
	<size>
		<width>5472</width>
		<height>3648</height>
		<depth>3</depth>
	</size>
	<object>
		<name>ref_spoon</name>
		<bndbox>
			<xmin>1000</xmin>
			<ymin>2950</ymin>
			<xmax>1820</xmax>
			<ymax>3479</ymax>
		</bndbox>
	</object>
	<object>
		<name>ref_fork</name>
		<bndbox>
			<xmin>1162</xmin>
			<ymin>2563</ymin>
			<xmax>2058</xmax>
			<ymax>2989</ymax>
		</bndbox>
	</object>
	<object>
		<name>ref_coin</name>
		<bndbox>
			<xmin>3355</xmin>
			<ymin>272</ymin>
			<xmax>3665</xmax>
			<ymax>485</ymax>
		</bndbox>
	</object>
	<object>
		<name>dish</name>
		<bndbox>
			<xmin>1362</xmin>
			<ymin>369</ymin>
			<xmax>4117</xmax>
			<ymax>2234</ymax>
		</bndbox>
	</object>
	<object>
		<name>크림소스스파게티</name>
		<bndbox>
			<xmin>1846</xmin>
			<ymin>911</ymin>
			<xmax>3614</xmax>
			<ymax>2156</ymax>
		</bndbox>
	</object>
</annotation>