<annotation>
	<folder>side파스타류낮고큰파스타볼크림소스스파게티q5</folder>
	<filename>side_파스타류_낮고큰파스타볼_크림소스스파게티_Q5_00037.JPG</filename>
	<path>/side파스타류낮고큰파스타볼크림소스스파게티q5/side_파스타류_낮고큰파스타볼_크림소스스파게티_Q5_00037.JPG</path>
	<source>
		<database>fooddata</database>
	</source>
	<size>
		<width>5472</width>
		<height>3648</height>
		<depth>3</depth>
	</size>
	<object>
		<name>ref_spoon</name>
		<bndbox>
			<xmin>852</xmin>
			<ymin>575</ymin>
			<xmax>1381</xmax>
			<ymax>1272</ymax>
		</bndbox>
	</object>
	<object>
		<name>ref_fork</name>
		<bndbox>
			<xmin>1465</xmin>
			<ymin>704</ymin>
			<xmax>1820</xmax>
			<ymax>1511</ymax>
		</bndbox>
	</object>
	<object>
		<name>ref_coin</name>
		<bndbox>
			<xmin>2071</xmin>
			<ymin>2911</ymin>
			<xmax>2484</xmax>
			<ymax>3266</ymax>
		</bndbox>
	</object>
	<object>
		<name>dish</name>
		<bndbox>
			<xmin>1897</xmin>
			<ymin>279</ymin>
			<xmax>5078</xmax>
			<ymax>2582</ymax>
		</bndbox>
	</object>
	<object>
		<name>크림소스스파게티</name>
		<bndbox>
			<xmin>2381</xmin>
			<ymin>924</ymin>
			<xmax>4433</xmax>
			<ymax>2382</ymax>
		</bndbox>
	</object>
</annotation>