<annotation>
	<folder>side파스타류낮고큰파스타볼크림소스스파게티q5</folder>
	<filename>side_파스타류_낮고큰파스타볼_크림소스스파게티_Q5_00054.JPG</filename>
	<path>/side파스타류낮고큰파스타볼크림소스스파게티q5/side_파스타류_낮고큰파스타볼_크림소스스파게티_Q5_00054.JPG</path>
	<source>
		<database>fooddata</database>
	</source>
	<size>
		<width>5472</width>
		<height>3648</height>
		<depth>3</depth>
	</size>
	<object>
		<name>ref_spoon</name>
		<bndbox>
			<xmin>613</xmin>
			<ymin>1027</ymin>
			<xmax>1097</xmax>
			<ymax>1659</ymax>
		</bndbox>
	</object>
	<object>
		<name>ref_fork</name>
		<bndbox>
			<xmin>1162</xmin>
			<ymin>1105</ymin>
			<xmax>1516</xmax>
			<ymax>1847</ymax>
		</bndbox>
	</object>
	<object>
		<name>ref_coin</name>
		<bndbox>
			<xmin>3820</xmin>
			<ymin>2950</ymin>
			<xmax>4214</xmax>
			<ymax>3266</ymax>
		</bndbox>
	</object>
	<object>
		<name>dish</name>
		<bndbox>
			<xmin>1691</xmin>
			<ymin>433</ymin>
			<xmax>4569</xmax>
			<ymax>2479</ymax>
		</bndbox>
	</object>
	<object>
		<name>크림소스스파게티</name>
		<bndbox>
			<xmin>2168</xmin>
			<ymin>930</ymin>
			<xmax>4039</xmax>
			<ymax>2318</ymax>
		</bndbox>
	</object>
</annotation>