<annotation>
	<folder>side파스타류낮고큰파스타볼크림소스스파게티q5</folder>
	<filename>side_파스타류_낮고큰파스타볼_크림소스스파게티_Q5_00006.JPG</filename>
	<path>/side파스타류낮고큰파스타볼크림소스스파게티q5/side_파스타류_낮고큰파스타볼_크림소스스파게티_Q5_00006.JPG</path>
	<source>
		<database>fooddata</database>
	</source>
	<size>
		<width>5472</width>
		<height>3648</height>
		<depth>3</depth>
	</size>
	<object>
		<name>ref_spoon</name>
		<bndbox>
			<xmin>3898</xmin>
			<ymin>743</ymin>
			<xmax>4394</xmax>
			<ymax>1459</ymax>
		</bndbox>
	</object>
	<object>
		<name>ref_fork</name>
		<bndbox>
			<xmin>4575</xmin>
			<ymin>814</ymin>
			<xmax>4930</xmax>
			<ymax>1569</ymax>
		</bndbox>
	</object>
	<object>
		<name>ref_coin</name>
		<bndbox>
			<xmin>490</xmin>
			<ymin>2692</ymin>
			<xmax>916</xmax>
			<ymax>3027</ymax>
		</bndbox>
	</object>
	<object>
		<name>dish</name>
		<bndbox>
			<xmin>665</xmin>
			<ymin>143</ymin>
			<xmax>3768</xmax>
			<ymax>2311</ymax>
		</bndbox>
	</object>
	<object>
		<name>크림소스스파게티</name>
		<bndbox>
			<xmin>1252</xmin>
			<ymin>821</ymin>
			<xmax>3149</xmax>
			<ymax>2201</ymax>
		</bndbox>
	</object>
</annotation>