<annotation>
	<folder>side파스타류낮고큰파스타볼크림소스스파게티q5</folder>
	<filename>side_파스타류_낮고큰파스타볼_크림소스스파게티_Q5_00048.JPG</filename>
	<path>/side파스타류낮고큰파스타볼크림소스스파게티q5/side_파스타류_낮고큰파스타볼_크림소스스파게티_Q5_00048.JPG</path>
	<source>
		<database>fooddata</database>
	</source>
	<size>
		<width>5472</width>
		<height>3648</height>
		<depth>3</depth>
	</size>
	<object>
		<name>ref_spoon</name>
		<bndbox>
			<xmin>503</xmin>
			<ymin>1150</ymin>
			<xmax>1007</xmax>
			<ymax>1840</ymax>
		</bndbox>
	</object>
	<object>
		<name>ref_fork</name>
		<bndbox>
			<xmin>1065</xmin>
			<ymin>1253</ymin>
			<xmax>1420</xmax>
			<ymax>2027</ymax>
		</bndbox>
	</object>
	<object>
		<name>ref_coin</name>
		<bndbox>
			<xmin>4272</xmin>
			<ymin>801</ymin>
			<xmax>4620</xmax>
			<ymax>1046</ymax>
		</bndbox>
	</object>
	<object>
		<name>dish</name>
		<bndbox>
			<xmin>1600</xmin>
			<ymin>627</ymin>
			<xmax>4530</xmax>
			<ymax>2679</ymax>
		</bndbox>
	</object>
	<object>
		<name>크림소스스파게티</name>
		<bndbox>
			<xmin>2104</xmin>
			<ymin>1163</ymin>
			<xmax>4007</xmax>
			<ymax>2556</ymax>
		</bndbox>
	</object>
</annotation>