<annotation>
	<folder>side파스타류낮고큰파스타볼크림소스스파게티q5</folder>
	<filename>side_파스타류_낮고큰파스타볼_크림소스스파게티_Q5_00044.JPG</filename>
	<path>/side파스타류낮고큰파스타볼크림소스스파게티q5/side_파스타류_낮고큰파스타볼_크림소스스파게티_Q5_00044.JPG</path>
	<source>
		<database>fooddata</database>
	</source>
	<size>
		<width>5472</width>
		<height>3648</height>
		<depth>3</depth>
	</size>
	<object>
		<name>ref_spoon</name>
		<bndbox>
			<xmin>232</xmin>
			<ymin>1124</ymin>
			<xmax>768</xmax>
			<ymax>1840</ymax>
		</bndbox>
	</object>
	<object>
		<name>ref_fork</name>
		<bndbox>
			<xmin>852</xmin>
			<ymin>1227</ymin>
			<xmax>1220</xmax>
			<ymax>2053</ymax>
		</bndbox>
	</object>
	<object>
		<name>ref_coin</name>
		<bndbox>
			<xmin>4704</xmin>
			<ymin>2614</ymin>
			<xmax>5124</xmax>
			<ymax>2956</ymax>
		</bndbox>
	</object>
	<object>
		<name>dish</name>
		<bndbox>
			<xmin>1400</xmin>
			<ymin>504</ymin>
			<xmax>4523</xmax>
			<ymax>2692</ymax>
		</bndbox>
	</object>
	<object>
		<name>크림소스스파게티</name>
		<bndbox>
			<xmin>1981</xmin>
			<ymin>982</ymin>
			<xmax>3962</xmax>
			<ymax>2543</ymax>
		</bndbox>
	</object>
</annotation>