<annotation>
	<folder>side파스타류낮고큰파스타볼크림소스스파게티q5</folder>
	<filename>side_파스타류_낮고큰파스타볼_크림소스스파게티_Q5_00016.JPG</filename>
	<path>/side파스타류낮고큰파스타볼크림소스스파게티q5/side_파스타류_낮고큰파스타볼_크림소스스파게티_Q5_00016.JPG</path>
	<source>
		<database>fooddata</database>
	</source>
	<size>
		<width>5472</width>
		<height>3648</height>
		<depth>3</depth>
	</size>
	<object>
		<name>ref_spoon</name>
		<bndbox>
			<xmin>3956</xmin>
			<ymin>692</ymin>
			<xmax>4465</xmax>
			<ymax>1382</ymax>
		</bndbox>
	</object>
	<object>
		<name>ref_fork</name>
		<bndbox>
			<xmin>4614</xmin>
			<ymin>711</ymin>
			<xmax>4982</xmax>
			<ymax>1485</ymax>
		</bndbox>
	</object>
	<object>
		<name>ref_coin</name>
		<bndbox>
			<xmin>3226</xmin>
			<ymin>3047</ymin>
			<xmax>3652</xmax>
			<ymax>3382</ymax>
		</bndbox>
	</object>
	<object>
		<name>dish</name>
		<bndbox>
			<xmin>613</xmin>
			<ymin>220</ymin>
			<xmax>3665</xmax>
			<ymax>2337</ymax>
		</bndbox>
	</object>
	<object>
		<name>크림소스스파게티</name>
		<bndbox>
			<xmin>1258</xmin>
			<ymin>730</ymin>
			<xmax>3155</xmax>
			<ymax>2208</ymax>
		</bndbox>
	</object>
</annotation>