<annotation>
	<folder>side파스타류낮고큰파스타볼크림소스스파게티q5</folder>
	<filename>side_파스타류_낮고큰파스타볼_크림소스스파게티_Q5_00026.JPG</filename>
	<path>/side파스타류낮고큰파스타볼크림소스스파게티q5/side_파스타류_낮고큰파스타볼_크림소스스파게티_Q5_00026.JPG</path>
	<source>
		<database>fooddata</database>
	</source>
	<size>
		<width>5472</width>
		<height>3648</height>
		<depth>3</depth>
	</size>
	<object>
		<name>ref_spoon</name>
		<bndbox>
			<xmin>1155</xmin>
			<ymin>2950</ymin>
			<xmax>1923</xmax>
			<ymax>3440</ymax>
		</bndbox>
	</object>
	<object>
		<name>ref_fork</name>
		<bndbox>
			<xmin>1297</xmin>
			<ymin>2582</ymin>
			<xmax>2123</xmax>
			<ymax>2982</ymax>
		</bndbox>
	</object>
	<object>
		<name>ref_coin</name>
		<bndbox>
			<xmin>2271</xmin>
			<ymin>201</ymin>
			<xmax>2568</xmax>
			<ymax>408</ymax>
		</bndbox>
	</object>
	<object>
		<name>dish</name>
		<bndbox>
			<xmin>1484</xmin>
			<ymin>498</ymin>
			<xmax>4104</xmax>
			<ymax>2292</ymax>
		</bndbox>
	</object>
	<object>
		<name>크림소스스파게티</name>
		<bndbox>
			<xmin>1949</xmin>
			<ymin>1001</ymin>
			<xmax>3614</xmax>
			<ymax>2156</ymax>
		</bndbox>
	</object>
</annotation>