<annotation>
	<folder>side파스타류낮고큰파스타볼크림소스스파게티q5</folder>
	<filename>side_파스타류_낮고큰파스타볼_크림소스스파게티_Q5_00038.JPG</filename>
	<path>/side파스타류낮고큰파스타볼크림소스스파게티q5/side_파스타류_낮고큰파스타볼_크림소스스파게티_Q5_00038.JPG</path>
	<source>
		<database>fooddata</database>
	</source>
	<size>
		<width>5472</width>
		<height>3648</height>
		<depth>3</depth>
	</size>
	<object>
		<name>ref_spoon</name>
		<bndbox>
			<xmin>781</xmin>
			<ymin>782</ymin>
			<xmax>1278</xmax>
			<ymax>1453</ymax>
		</bndbox>
	</object>
	<object>
		<name>ref_fork</name>
		<bndbox>
			<xmin>1368</xmin>
			<ymin>866</ymin>
			<xmax>1723</xmax>
			<ymax>1647</ymax>
		</bndbox>
	</object>
	<object>
		<name>ref_coin</name>
		<bndbox>
			<xmin>2478</xmin>
			<ymin>3086</ymin>
			<xmax>2884</xmax>
			<ymax>3453</ymax>
		</bndbox>
	</object>
	<object>
		<name>dish</name>
		<bndbox>
			<xmin>1916</xmin>
			<ymin>182</ymin>
			<xmax>4949</xmax>
			<ymax>2318</ymax>
		</bndbox>
	</object>
	<object>
		<name>크림소스스파게티</name>
		<bndbox>
			<xmin>2394</xmin>
			<ymin>698</ymin>
			<xmax>4388</xmax>
			<ymax>2156</ymax>
		</bndbox>
	</object>
</annotation>