<annotation>
	<folder>top파스타류낮고큰파스타볼크림소스스파게티q5</folder>
	<filename>top_파스타류_낮고큰파스타볼_크림소스스파게티_Q5_00018.JPG</filename>
	<path>/top파스타류낮고큰파스타볼크림소스스파게티q5/top_파스타류_낮고큰파스타볼_크림소스스파게티_Q5_00018.JPG</path>
	<source>
		<database>fooddata</database>
	</source>
	<size>
		<width>5472</width>
		<height>3648</height>
		<depth>3</depth>
	</size>
	<object>
		<name>ref_spoon</name>
		<bndbox>
			<xmin>1297</xmin>
			<ymin>3065</ymin>
			<xmax>1979</xmax>
			<ymax>3496</ymax>
		</bndbox>
	</object>
	<object>
		<name>ref_fork</name>
		<bndbox>
			<xmin>1374</xmin>
			<ymin>2734</ymin>
			<xmax>2100</xmax>
			<ymax>3030</ymax>
		</bndbox>
	</object>
	<object>
		<name>ref_coin</name>
		<bndbox>
			<xmin>3695</xmin>
			<ymin>2147</ymin>
			<xmax>3977</xmax>
			<ymax>2456</ymax>
		</bndbox>
	</object>
	<object>
		<name>dish</name>
		<bndbox>
			<xmin>1392</xmin>
			<ymin>170</ymin>
			<xmax>3879</xmax>
			<ymax>2586</ymax>
		</bndbox>
	</object>
	<object>
		<name>크림소스스파게티</name>
		<bndbox>
			<xmin>1871</xmin>
			<ymin>704</ymin>
			<xmax>3426</xmax>
			<ymax>2200</ymax>
		</bndbox>
	</object>
</annotation>