<annotation>
	<folder>top파스타류낮고큰파스타볼크림소스스파게티q5</folder>
	<filename>top_파스타류_낮고큰파스타볼_크림소스스파게티_Q5_00019.JPG</filename>
	<path>/top파스타류낮고큰파스타볼크림소스스파게티q5/top_파스타류_낮고큰파스타볼_크림소스스파게티_Q5_00019.JPG</path>
	<source>
		<database>fooddata</database>
	</source>
	<size>
		<width>5472</width>
		<height>3648</height>
		<depth>3</depth>
	</size>
	<object>
		<name>ref_spoon</name>
		<bndbox>
			<xmin>1387</xmin>
			<ymin>2985</ymin>
			<xmax>2032</xmax>
			<ymax>3410</ymax>
		</bndbox>
	</object>
	<object>
		<name>ref_fork</name>
		<bndbox>
			<xmin>1450</xmin>
			<ymin>2662</ymin>
			<xmax>2203</xmax>
			<ymax>2944</ymax>
		</bndbox>
	</object>
	<object>
		<name>ref_coin</name>
		<bndbox>
			<xmin>3919</xmin>
			<ymin>1869</ymin>
			<xmax>4201</xmax>
			<ymax>2156</ymax>
		</bndbox>
	</object>
	<object>
		<name>dish</name>
		<bndbox>
			<xmin>1472</xmin>
			<ymin>125</ymin>
			<xmax>3919</xmax>
			<ymax>2505</ymax>
		</bndbox>
	</object>
	<object>
		<name>크림소스스파게티</name>
		<bndbox>
			<xmin>1916</xmin>
			<ymin>601</ymin>
			<xmax>3435</xmax>
			<ymax>2062</ymax>
		</bndbox>
	</object>
</annotation>