<annotation>
	<folder>top파스타류낮고큰파스타볼크림소스스파게티q5</folder>
	<filename>top_파스타류_낮고큰파스타볼_크림소스스파게티_Q5_00028.JPG</filename>
	<path>/top파스타류낮고큰파스타볼크림소스스파게티q5/top_파스타류_낮고큰파스타볼_크림소스스파게티_Q5_00028.JPG</path>
	<source>
		<database>fooddata</database>
	</source>
	<size>
		<width>5472</width>
		<height>3648</height>
		<depth>3</depth>
	</size>
	<object>
		<name>ref_spoon</name>
		<bndbox>
			<xmin>1763</xmin>
			<ymin>2819</ymin>
			<xmax>2413</xmax>
			<ymax>3227</ymax>
		</bndbox>
	</object>
	<object>
		<name>ref_fork</name>
		<bndbox>
			<xmin>1822</xmin>
			<ymin>2492</ymin>
			<xmax>2503</xmax>
			<ymax>2788</ymax>
		</bndbox>
	</object>
	<object>
		<name>ref_coin</name>
		<bndbox>
			<xmin>1822</xmin>
			<ymin>188</ymin>
			<xmax>2109</xmax>
			<ymax>471</ymax>
		</bndbox>
	</object>
	<object>
		<name>dish</name>
		<bndbox>
			<xmin>1858</xmin>
			<ymin>130</ymin>
			<xmax>4291</xmax>
			<ymax>2537</ymax>
		</bndbox>
	</object>
	<object>
		<name>크림소스스파게티</name>
		<bndbox>
			<xmin>2328</xmin>
			<ymin>605</ymin>
			<xmax>3803</xmax>
			<ymax>2142</ymax>
		</bndbox>
	</object>
</annotation>