<annotation>
	<folder>top파스타류낮고큰파스타볼크림소스스파게티q5</folder>
	<filename>top_파스타류_낮고큰파스타볼_크림소스스파게티_Q5_00030.JPG</filename>
	<path>/top파스타류낮고큰파스타볼크림소스스파게티q5/top_파스타류_낮고큰파스타볼_크림소스스파게티_Q5_00030.JPG</path>
	<source>
		<database>fooddata</database>
	</source>
	<size>
		<width>5472</width>
		<height>3648</height>
		<depth>3</depth>
	</size>
	<object>
		<name>ref_spoon</name>
		<bndbox>
			<xmin>1593</xmin>
			<ymin>2949</ymin>
			<xmax>2274</xmax>
			<ymax>3384</ymax>
		</bndbox>
	</object>
	<object>
		<name>ref_fork</name>
		<bndbox>
			<xmin>1660</xmin>
			<ymin>2604</ymin>
			<xmax>2400</xmax>
			<ymax>2904</ymax>
		</bndbox>
	</object>
	<object>
		<name>ref_coin</name>
		<bndbox>
			<xmin>1221</xmin>
			<ymin>1062</ymin>
			<xmax>1517</xmax>
			<ymax>1362</ymax>
		</bndbox>
	</object>
	<object>
		<name>dish</name>
		<bndbox>
			<xmin>1696</xmin>
			<ymin>117</ymin>
			<xmax>4314</xmax>
			<ymax>2702</ymax>
		</bndbox>
	</object>
	<object>
		<name>크림소스스파게티</name>
		<bndbox>
			<xmin>2176</xmin>
			<ymin>645</ymin>
			<xmax>3776</xmax>
			<ymax>2214</ymax>
		</bndbox>
	</object>
</annotation>