<annotation>
	<folder>top파스타류낮고큰파스타볼크림소스스파게티q5</folder>
	<filename>top_파스타류_낮고큰파스타볼_크림소스스파게티_Q5_00043.JPG</filename>
	<path>/top파스타류낮고큰파스타볼크림소스스파게티q5/top_파스타류_낮고큰파스타볼_크림소스스파게티_Q5_00043.JPG</path>
	<source>
		<database>fooddata</database>
	</source>
	<size>
		<width>5472</width>
		<height>3648</height>
		<depth>3</depth>
	</size>
	<object>
		<name>ref_spoon</name>
		<bndbox>
			<xmin>468</xmin>
			<ymin>717</ymin>
			<xmax>939</xmax>
			<ymax>1479</ymax>
		</bndbox>
	</object>
	<object>
		<name>ref_fork</name>
		<bndbox>
			<xmin>1145</xmin>
			<ymin>811</ymin>
			<xmax>1459</xmax>
			<ymax>1636</ymax>
		</bndbox>
	</object>
	<object>
		<name>ref_coin</name>
		<bndbox>
			<xmin>4905</xmin>
			<ymin>1672</ymin>
			<xmax>5237</xmax>
			<ymax>2003</ymax>
		</bndbox>
	</object>
	<object>
		<name>dish</name>
		<bndbox>
			<xmin>1548</xmin>
			<ymin>529</ymin>
			<xmax>4520</xmax>
			<ymax>3482</ymax>
		</bndbox>
	</object>
	<object>
		<name>크림소스스파게티</name>
		<bndbox>
			<xmin>2095</xmin>
			<ymin>1085</ymin>
			<xmax>3968</xmax>
			<ymax>2958</ymax>
		</bndbox>
	</object>
</annotation>