<annotation>
	<folder>top파스타류낮고큰파스타볼크림소스스파게티q5</folder>
	<filename>top_파스타류_낮고큰파스타볼_크림소스스파게티_Q5_00040.JPG</filename>
	<path>/top파스타류낮고큰파스타볼크림소스스파게티q5/top_파스타류_낮고큰파스타볼_크림소스스파게티_Q5_00040.JPG</path>
	<source>
		<database>fooddata</database>
	</source>
	<size>
		<width>5472</width>
		<height>3648</height>
		<depth>3</depth>
	</size>
	<object>
		<name>ref_spoon</name>
		<bndbox>
			<xmin>415</xmin>
			<ymin>569</ymin>
			<xmax>894</xmax>
			<ymax>1309</ymax>
		</bndbox>
	</object>
	<object>
		<name>ref_fork</name>
		<bndbox>
			<xmin>1100</xmin>
			<ymin>663</ymin>
			<xmax>1427</xmax>
			<ymax>1443</ymax>
		</bndbox>
	</object>
	<object>
		<name>ref_coin</name>
		<bndbox>
			<xmin>4439</xmin>
			<ymin>2546</ymin>
			<xmax>4771</xmax>
			<ymax>2895</ymax>
		</bndbox>
	</object>
	<object>
		<name>dish</name>
		<bndbox>
			<xmin>1535</xmin>
			<ymin>399</ymin>
			<xmax>4381</xmax>
			<ymax>3258</ymax>
		</bndbox>
	</object>
	<object>
		<name>크림소스스파게티</name>
		<bndbox>
			<xmin>2046</xmin>
			<ymin>937</ymin>
			<xmax>3870</xmax>
			<ymax>2752</ymax>
		</bndbox>
	</object>
</annotation>