<annotation>
	<folder>top파스타류낮고큰파스타볼크림소스스파게티q5</folder>
	<filename>top_파스타류_낮고큰파스타볼_크림소스스파게티_Q5_00042.JPG</filename>
	<path>/top파스타류낮고큰파스타볼크림소스스파게티q5/top_파스타류_낮고큰파스타볼_크림소스스파게티_Q5_00042.JPG</path>
	<source>
		<database>fooddata</database>
	</source>
	<size>
		<width>5472</width>
		<height>3648</height>
		<depth>3</depth>
	</size>
	<object>
		<name>ref_spoon</name>
		<bndbox>
			<xmin>419</xmin>
			<ymin>542</ymin>
			<xmax>908</xmax>
			<ymax>1264</ymax>
		</bndbox>
	</object>
	<object>
		<name>ref_fork</name>
		<bndbox>
			<xmin>1123</xmin>
			<ymin>659</ymin>
			<xmax>1432</xmax>
			<ymax>1443</ymax>
		</bndbox>
	</object>
	<object>
		<name>ref_coin</name>
		<bndbox>
			<xmin>4802</xmin>
			<ymin>1882</ymin>
			<xmax>5138</xmax>
			<ymax>2218</ymax>
		</bndbox>
	</object>
	<object>
		<name>dish</name>
		<bndbox>
			<xmin>1539</xmin>
			<ymin>381</ymin>
			<xmax>4488</xmax>
			<ymax>3334</ymax>
		</bndbox>
	</object>
	<object>
		<name>크림소스스파게티</name>
		<bndbox>
			<xmin>2091</xmin>
			<ymin>955</ymin>
			<xmax>3924</xmax>
			<ymax>2823</ymax>
		</bndbox>
	</object>
</annotation>