<annotation>
	<folder>top파스타류낮고큰파스타볼크림소스스파게티q5</folder>
	<filename>top_파스타류_낮고큰파스타볼_크림소스스파게티_Q5_00049.JPG</filename>
	<path>/top파스타류낮고큰파스타볼크림소스스파게티q5/top_파스타류_낮고큰파스타볼_크림소스스파게티_Q5_00049.JPG</path>
	<source>
		<database>fooddata</database>
	</source>
	<size>
		<width>5472</width>
		<height>3648</height>
		<depth>3</depth>
	</size>
	<object>
		<name>ref_spoon</name>
		<bndbox>
			<xmin>715</xmin>
			<ymin>533</ymin>
			<xmax>1158</xmax>
			<ymax>1241</ymax>
		</bndbox>
	</object>
	<object>
		<name>ref_fork</name>
		<bndbox>
			<xmin>1347</xmin>
			<ymin>605</ymin>
			<xmax>1660</xmax>
			<ymax>1371</ymax>
		</bndbox>
	</object>
	<object>
		<name>ref_coin</name>
		<bndbox>
			<xmin>3005</xmin>
			<ymin>3088</ymin>
			<xmax>3341</xmax>
			<ymax>3446</ymax>
		</bndbox>
	</object>
	<object>
		<name>dish</name>
		<bndbox>
			<xmin>1817</xmin>
			<ymin>246</ymin>
			<xmax>4605</xmax>
			<ymax>2989</ymax>
		</bndbox>
	</object>
	<object>
		<name>크림소스스파게티</name>
		<bndbox>
			<xmin>2297</xmin>
			<ymin>708</ymin>
			<xmax>4036</xmax>
			<ymax>2496</ymax>
		</bndbox>
	</object>
</annotation>