<annotation>
	<folder>top파스타류낮고큰파스타볼크림소스스파게티q5</folder>
	<filename>top_파스타류_낮고큰파스타볼_크림소스스파게티_Q5_00017.JPG</filename>
	<path>/top파스타류낮고큰파스타볼크림소스스파게티q5/top_파스타류_낮고큰파스타볼_크림소스스파게티_Q5_00017.JPG</path>
	<source>
		<database>fooddata</database>
	</source>
	<size>
		<width>5472</width>
		<height>3648</height>
		<depth>3</depth>
	</size>
	<object>
		<name>ref_spoon</name>
		<bndbox>
			<xmin>1342</xmin>
			<ymin>2904</ymin>
			<xmax>1979</xmax>
			<ymax>3298</ymax>
		</bndbox>
	</object>
	<object>
		<name>ref_fork</name>
		<bndbox>
			<xmin>1409</xmin>
			<ymin>2586</ymin>
			<xmax>2086</xmax>
			<ymax>2846</ymax>
		</bndbox>
	</object>
	<object>
		<name>ref_coin</name>
		<bndbox>
			<xmin>3404</xmin>
			<ymin>2389</ymin>
			<xmax>3668</xmax>
			<ymax>2667</ymax>
		</bndbox>
	</object>
	<object>
		<name>dish</name>
		<bndbox>
			<xmin>1392</xmin>
			<ymin>76</ymin>
			<xmax>3722</xmax>
			<ymax>2326</ymax>
		</bndbox>
	</object>
	<object>
		<name>크림소스스파게티</name>
		<bndbox>
			<xmin>1880</xmin>
			<ymin>560</ymin>
			<xmax>3292</xmax>
			<ymax>1967</ymax>
		</bndbox>
	</object>
</annotation>