<annotation>
	<folder>side비빔밥덮밥류접시잡탕밥q2</folder>
	<filename>side_비빔밥덮밥류_접시_잡탕밥_Q2_00030.JPG</filename>
	<path>/side비빔밥덮밥류접시잡탕밥q2/side_비빔밥덮밥류_접시_잡탕밥_Q2_00030.JPG</path>
	<source>
		<database>fooddata</database>
	</source>
	<size>
		<width>3008</width>
		<height>2000</height>
		<depth>3</depth>
	</size>
	<object>
		<name>ref_spoon</name>
		<bndbox>
			<xmin>968</xmin>
			<ymin>1464</ymin>
			<xmax>1384</xmax>
			<ymax>1690</ymax>
		</bndbox>
	</object>
	<object>
		<name>ref_fork</name>
		<bndbox>
			<xmin>1008</xmin>
			<ymin>1266</ymin>
			<xmax>1442</xmax>
			<ymax>1464</ymax>
		</bndbox>
	</object>
	<object>
		<name>ref_coin</name>
		<bndbox>
			<xmin>738</xmin>
			<ymin>1022</ymin>
			<xmax>927</xmax>
			<ymax>1157</ymax>
		</bndbox>
	</object>
	<object>
		<name>dish</name>
		<bndbox>
			<xmin>1008</xmin>
			<ymin>212</ymin>
			<xmax>2880</xmax>
			<ymax>1047</ymax>
		</bndbox>
	</object>
	<object>
		<name>잡탕밥</name>
		<bndbox>
			<xmin>1205</xmin>
			<ymin>252</ymin>
			<xmax>2676</xmax>
			<ymax>978</ymax>
		</bndbox>
	</object>
</annotation>