<annotation>
	<folder>side비빔밥덮밥류접시잡탕밥q2</folder>
	<filename>side_비빔밥덮밥류_접시_잡탕밥_Q2_00031.JPG</filename>
	<path>/side비빔밥덮밥류접시잡탕밥q2/side_비빔밥덮밥류_접시_잡탕밥_Q2_00031.JPG</path>
	<source>
		<database>fooddata</database>
	</source>
	<size>
		<width>3008</width>
		<height>2000</height>
		<depth>3</depth>
	</size>
	<object>
		<name>ref_spoon</name>
		<bndbox>
			<xmin>902</xmin>
			<ymin>1580</ymin>
			<xmax>1300</xmax>
			<ymax>1803</ymax>
		</bndbox>
	</object>
	<object>
		<name>ref_fork</name>
		<bndbox>
			<xmin>938</xmin>
			<ymin>1376</ymin>
			<xmax>1362</xmax>
			<ymax>1573</ymax>
		</bndbox>
	</object>
	<object>
		<name>ref_coin</name>
		<bndbox>
			<xmin>1190</xmin>
			<ymin>1223</ymin>
			<xmax>1365</xmax>
			<ymax>1350</ymax>
		</bndbox>
	</object>
	<object>
		<name>dish</name>
		<bndbox>
			<xmin>975</xmin>
			<ymin>307</ymin>
			<xmax>2814</xmax>
			<ymax>1212</ymax>
		</bndbox>
	</object>
	<object>
		<name>잡탕밥</name>
		<bndbox>
			<xmin>1088</xmin>
			<ymin>460</ymin>
			<xmax>2650</xmax>
			<ymax>1157</ymax>
		</bndbox>
	</object>
</annotation>