<annotation>
	<folder>side비빔밥덮밥류접시잡탕밥q2</folder>
	<filename>side_비빔밥덮밥류_접시_잡탕밥_Q2_00036.JPG</filename>
	<path>/side비빔밥덮밥류접시잡탕밥q2/side_비빔밥덮밥류_접시_잡탕밥_Q2_00036.JPG</path>
	<source>
		<database>fooddata</database>
	</source>
	<size>
		<width>3008</width>
		<height>2000</height>
		<depth>3</depth>
	</size>
	<object>
		<name>ref_spoon</name>
		<bndbox>
			<xmin>314</xmin>
			<ymin>723</ymin>
			<xmax>566</xmax>
			<ymax>1029</ymax>
		</bndbox>
	</object>
	<object>
		<name>ref_fork</name>
		<bndbox>
			<xmin>719</xmin>
			<ymin>704</ymin>
			<xmax>884</xmax>
			<ymax>1051</ymax>
		</bndbox>
	</object>
	<object>
		<name>ref_coin</name>
		<bndbox>
			<xmin>2234</xmin>
			<ymin>1533</ymin>
			<xmax>2435</xmax>
			<ymax>1668</ymax>
		</bndbox>
	</object>
	<object>
		<name>dish</name>
		<bndbox>
			<xmin>1110</xmin>
			<ymin>328</ymin>
			<xmax>2643</xmax>
			<ymax>1456</ymax>
		</bndbox>
	</object>
	<object>
		<name>잡탕밥</name>
		<bndbox>
			<xmin>1227</xmin>
			<ymin>471</ymin>
			<xmax>2402</xmax>
			<ymax>1412</ymax>
		</bndbox>
	</object>
</annotation>