<annotation>
	<folder>side비빔밥덮밥류접시잡탕밥q2</folder>
	<filename>side_비빔밥덮밥류_접시_잡탕밥_Q2_00023.JPG</filename>
	<path>/side비빔밥덮밥류접시잡탕밥q2/side_비빔밥덮밥류_접시_잡탕밥_Q2_00023.JPG</path>
	<source>
		<database>fooddata</database>
	</source>
	<size>
		<width>3008</width>
		<height>2000</height>
		<depth>3</depth>
	</size>
	<object>
		<name>ref_spoon</name>
		<bndbox>
			<xmin>895</xmin>
			<ymin>1591</ymin>
			<xmax>1296</xmax>
			<ymax>1814</ymax>
		</bndbox>
	</object>
	<object>
		<name>ref_fork</name>
		<bndbox>
			<xmin>920</xmin>
			<ymin>1394</ymin>
			<xmax>1347</xmax>
			<ymax>1584</ymax>
		</bndbox>
	</object>
	<object>
		<name>ref_coin</name>
		<bndbox>
			<xmin>2665</xmin>
			<ymin>555</ymin>
			<xmax>2822</xmax>
			<ymax>657</ymax>
		</bndbox>
	</object>
	<object>
		<name>dish</name>
		<bndbox>
			<xmin>865</xmin>
			<ymin>255</ymin>
			<xmax>2599</xmax>
			<ymax>1157</ymax>
		</bndbox>
	</object>
	<object>
		<name>잡탕밥</name>
		<bndbox>
			<xmin>1070</xmin>
			<ymin>307</ymin>
			<xmax>2325</xmax>
			<ymax>1109</ymax>
		</bndbox>
	</object>
</annotation>