<annotation>
	<folder>side비빔밥덮밥류접시잡탕밥q2</folder>
	<filename>side_비빔밥덮밥류_접시_잡탕밥_Q2_00046.JPG</filename>
	<path>/side비빔밥덮밥류접시잡탕밥q2/side_비빔밥덮밥류_접시_잡탕밥_Q2_00046.JPG</path>
	<source>
		<database>fooddata</database>
	</source>
	<size>
		<width>3008</width>
		<height>2000</height>
		<depth>3</depth>
	</size>
	<object>
		<name>ref_spoon</name>
		<bndbox>
			<xmin>227</xmin>
			<ymin>562</ymin>
			<xmax>482</xmax>
			<ymax>872</ymax>
		</bndbox>
	</object>
	<object>
		<name>ref_fork</name>
		<bndbox>
			<xmin>639</xmin>
			<ymin>547</ymin>
			<xmax>811</xmax>
			<ymax>901</ymax>
		</bndbox>
	</object>
	<object>
		<name>ref_coin</name>
		<bndbox>
			<xmin>2592</xmin>
			<ymin>912</ymin>
			<xmax>2770</xmax>
			<ymax>1029</ymax>
		</bndbox>
	</object>
	<object>
		<name>dish</name>
		<bndbox>
			<xmin>931</xmin>
			<ymin>255</ymin>
			<xmax>2431</xmax>
			<ymax>1489</ymax>
		</bndbox>
	</object>
	<object>
		<name>잡탕밥</name>
		<bndbox>
			<xmin>1044</xmin>
			<ymin>372</ymin>
			<xmax>2307</xmax>
			<ymax>1423</ymax>
		</bndbox>
	</object>
</annotation>