<annotation>
	<folder>side비빔밥덮밥류접시잡탕밥q2</folder>
	<filename>side_비빔밥덮밥류_접시_잡탕밥_Q2_00003.JPG</filename>
	<path>/side비빔밥덮밥류접시잡탕밥q2/side_비빔밥덮밥류_접시_잡탕밥_Q2_00003.JPG</path>
	<source>
		<database>fooddata</database>
	</source>
	<size>
		<width>3008</width>
		<height>2000</height>
		<depth>3</depth>
	</size>
	<object>
		<name>ref_spoon</name>
		<bndbox>
			<xmin>2234</xmin>
			<ymin>252</ymin>
			<xmax>2482</xmax>
			<ymax>566</ymax>
		</bndbox>
	</object>
	<object>
		<name>ref_fork</name>
		<bndbox>
			<xmin>2614</xmin>
			<ymin>285</ymin>
			<xmax>2785</xmax>
			<ymax>631</ymax>
		</bndbox>
	</object>
	<object>
		<name>ref_coin</name>
		<bndbox>
			<xmin>1409</xmin>
			<ymin>1511</ymin>
			<xmax>1632</xmax>
			<ymax>1668</ymax>
		</bndbox>
	</object>
	<object>
		<name>dish</name>
		<bndbox>
			<xmin>117</xmin>
			<ymin>252</ymin>
			<xmax>2165</xmax>
			<ymax>1369</ymax>
		</bndbox>
	</object>
	<object>
		<name>잡탕밥</name>
		<bndbox>
			<xmin>635</xmin>
			<ymin>325</ymin>
			<xmax>1916</xmax>
			<ymax>1099</ymax>
		</bndbox>
	</object>
</annotation>