<annotation>
	<folder>side비빔밥덮밥류접시잡탕밥q2</folder>
	<filename>side_비빔밥덮밥류_접시_잡탕밥_Q2_00007.JPG</filename>
	<path>/side비빔밥덮밥류접시잡탕밥q2/side_비빔밥덮밥류_접시_잡탕밥_Q2_00007.JPG</path>
	<source>
		<database>fooddata</database>
	</source>
	<size>
		<width>3008</width>
		<height>2000</height>
		<depth>3</depth>
	</size>
	<object>
		<name>ref_spoon</name>
		<bndbox>
			<xmin>2285</xmin>
			<ymin>496</ymin>
			<xmax>2508</xmax>
			<ymax>792</ymax>
		</bndbox>
	</object>
	<object>
		<name>ref_fork</name>
		<bndbox>
			<xmin>2628</xmin>
			<ymin>540</ymin>
			<xmax>2800</xmax>
			<ymax>865</ymax>
		</bndbox>
	</object>
	<object>
		<name>ref_coin</name>
		<bndbox>
			<xmin>281</xmin>
			<ymin>1248</ymin>
			<xmax>486</xmax>
			<ymax>1387</ymax>
		</bndbox>
	</object>
	<object>
		<name>dish</name>
		<bndbox>
			<xmin>614</xmin>
			<ymin>369</ymin>
			<xmax>2227</xmax>
			<ymax>1642</ymax>
		</bndbox>
	</object>
	<object>
		<name>잡탕밥</name>
		<bndbox>
			<xmin>957</xmin>
			<ymin>763</ymin>
			<xmax>2084</xmax>
			<ymax>1555</ymax>
		</bndbox>
	</object>
</annotation>