<annotation>
	<folder>side비빔밥덮밥류접시잡탕밥q2</folder>
	<filename>side_비빔밥덮밥류_접시_잡탕밥_Q2_00032.JPG</filename>
	<path>/side비빔밥덮밥류접시잡탕밥q2/side_비빔밥덮밥류_접시_잡탕밥_Q2_00032.JPG</path>
	<source>
		<database>fooddata</database>
	</source>
	<size>
		<width>3008</width>
		<height>2000</height>
		<depth>3</depth>
	</size>
	<object>
		<name>ref_spoon</name>
		<bndbox>
			<xmin>880</xmin>
			<ymin>1631</ymin>
			<xmax>1296</xmax>
			<ymax>1861</ymax>
		</bndbox>
	</object>
	<object>
		<name>ref_fork</name>
		<bndbox>
			<xmin>920</xmin>
			<ymin>1423</ymin>
			<xmax>1343</xmax>
			<ymax>1628</ymax>
		</bndbox>
	</object>
	<object>
		<name>ref_coin</name>
		<bndbox>
			<xmin>1475</xmin>
			<ymin>1328</ymin>
			<xmax>1665</xmax>
			<ymax>1460</ymax>
		</bndbox>
	</object>
	<object>
		<name>dish</name>
		<bndbox>
			<xmin>1030</xmin>
			<ymin>266</ymin>
			<xmax>2708</xmax>
			<ymax>1292</ymax>
		</bndbox>
	</object>
	<object>
		<name>잡탕밥</name>
		<bndbox>
			<xmin>1103</xmin>
			<ymin>449</ymin>
			<xmax>2519</xmax>
			<ymax>1226</ymax>
		</bndbox>
	</object>
</annotation>