<annotation>
	<folder>side비빔밥덮밥류접시잡탕밥q2</folder>
	<filename>side_비빔밥덮밥류_접시_잡탕밥_Q2_00020.JPG</filename>
	<path>/side비빔밥덮밥류접시잡탕밥q2/side_비빔밥덮밥류_접시_잡탕밥_Q2_00020.JPG</path>
	<source>
		<database>fooddata</database>
	</source>
	<size>
		<width>3008</width>
		<height>2000</height>
		<depth>3</depth>
	</size>
	<object>
		<name>ref_spoon</name>
		<bndbox>
			<xmin>1073</xmin>
			<ymin>1588</ymin>
			<xmax>1475</xmax>
			<ymax>1807</ymax>
		</bndbox>
	</object>
	<object>
		<name>ref_fork</name>
		<bndbox>
			<xmin>1103</xmin>
			<ymin>1383</ymin>
			<xmax>1526</xmax>
			<ymax>1588</ymax>
		</bndbox>
	</object>
	<object>
		<name>ref_coin</name>
		<bndbox>
			<xmin>2789</xmin>
			<ymin>923</ymin>
			<xmax>2964</xmax>
			<ymax>1040</ymax>
		</bndbox>
	</object>
	<object>
		<name>dish</name>
		<bndbox>
			<xmin>1073</xmin>
			<ymin>157</ymin>
			<xmax>2562</xmax>
			<ymax>1255</ymax>
		</bndbox>
	</object>
	<object>
		<name>잡탕밥</name>
		<bndbox>
			<xmin>1176</xmin>
			<ymin>339</ymin>
			<xmax>2442</xmax>
			<ymax>1164</ymax>
		</bndbox>
	</object>
</annotation>