<annotation>
	<folder>top비빔밥덮밥류접시잡탕밥q2</folder>
	<filename>top_비빔밥덮밥류_접시_잡탕밥_Q2_00002.JPG</filename>
	<path>/top비빔밥덮밥류접시잡탕밥q2/top_비빔밥덮밥류_접시_잡탕밥_Q2_00002.JPG</path>
	<source>
		<database>fooddata</database>
	</source>
	<size>
		<width>3008</width>
		<height>2000</height>
		<depth>3</depth>
	</size>
	<object>
		<name>ref_spoon</name>
		<bndbox>
			<xmin>2305</xmin>
			<ymin>347</ymin>
			<xmax>2523</xmax>
			<ymax>676</ymax>
		</bndbox>
	</object>
	<object>
		<name>ref_fork</name>
		<bndbox>
			<xmin>2036</xmin>
			<ymin>435</ymin>
			<xmax>2222</xmax>
			<ymax>819</ymax>
		</bndbox>
	</object>
	<object>
		<name>ref_coin</name>
		<bndbox>
			<xmin>1541</xmin>
			<ymin>1653</ymin>
			<xmax>1708</xmax>
			<ymax>1824</ymax>
		</bndbox>
	</object>
	<object>
		<name>dish</name>
		<bndbox>
			<xmin>411</xmin>
			<ymin>144</ymin>
			<xmax>1935</xmax>
			<ymax>1898</ymax>
		</bndbox>
	</object>
	<object>
		<name>잡탕밥</name>
		<bndbox>
			<xmin>532</xmin>
			<ymin>745</ymin>
			<xmax>1894</xmax>
			<ymax>1727</ymax>
		</bndbox>
	</object>
</annotation>