<annotation>
	<folder>top비빔밥덮밥류접시잡탕밥q2</folder>
	<filename>top_비빔밥덮밥류_접시_잡탕밥_Q2_00022.JPG</filename>
	<path>/top비빔밥덮밥류접시잡탕밥q2/top_비빔밥덮밥류_접시_잡탕밥_Q2_00022.JPG</path>
	<source>
		<database>fooddata</database>
	</source>
	<size>
		<width>3008</width>
		<height>2000</height>
		<depth>3</depth>
	</size>
	<object>
		<name>ref_spoon</name>
		<bndbox>
			<xmin>935</xmin>
			<ymin>1486</ymin>
			<xmax>1245</xmax>
			<ymax>1699</ymax>
		</bndbox>
	</object>
	<object>
		<name>ref_fork</name>
		<bndbox>
			<xmin>967</xmin>
			<ymin>1741</ymin>
			<xmax>1296</xmax>
			<ymax>1894</ymax>
		</bndbox>
	</object>
	<object>
		<name>ref_coin</name>
		<bndbox>
			<xmin>2212</xmin>
			<ymin>634</ymin>
			<xmax>2337</xmax>
			<ymax>782</ymax>
		</bndbox>
	</object>
	<object>
		<name>dish</name>
		<bndbox>
			<xmin>1069</xmin>
			<ymin>88</ymin>
			<xmax>2106</xmax>
			<ymax>1458</ymax>
		</bndbox>
	</object>
	<object>
		<name>잡탕밥</name>
		<bndbox>
			<xmin>1152</xmin>
			<ymin>179</ymin>
			<xmax>2036</xmax>
			<ymax>1278</ymax>
		</bndbox>
	</object>
</annotation>