<annotation>
	<folder>top비빔밥덮밥류접시잡탕밥q2-재작업</folder>
	<filename>top_비빔밥덮밥류_접시_잡탕밥_Q2_00009.JPG</filename>
	<path>/top비빔밥덮밥류접시잡탕밥q2/top_비빔밥덮밥류_접시_잡탕밥_Q2_00009.JPG</path>
	<source>
		<database>fooddata</database>
	</source>
	<size>
		<width>3008</width>
		<height>2000</height>
		<depth>3</depth>
	</size>
	<object>
		<name>ref_spoon</name>
		<bndbox>
			<xmin>2479</xmin>
			<ymin>351</ymin>
			<xmax>2686</xmax>
			<ymax>671</ymax>
		</bndbox>
	</object>
	<object>
		<name>ref_fork</name>
		<bndbox>
			<xmin>2244</xmin>
			<ymin>423</ymin>
			<xmax>2403</xmax>
			<ymax>781</ymax>
		</bndbox>
	</object>
	<object>
		<name>ref_coin</name>
		<bndbox>
			<xmin>1990</xmin>
			<ymin>737</ymin>
			<xmax>2131</xmax>
			<ymax>887</ymax>
		</bndbox>
	</object>
	<object>
		<name>dish</name>
		<bndbox>
			<xmin>497</xmin>
			<ymin>197</ymin>
			<xmax>1986</xmax>
			<ymax>1720</ymax>
		</bndbox>
	</object>
	<object>
		<name>잡탕밥</name>
		<bndbox>
			<xmin>843</xmin>
			<ymin>310</ymin>
			<xmax>1860</xmax>
			<ymax>1167</ymax>
		</bndbox>
	</object>
</annotation>