<annotation>
	<folder>top비빔밥덮밥류접시잡탕밥q2-재작업</folder>
	<filename>top_비빔밥덮밥류_접시_잡탕밥_Q2_00051.JPG</filename>
	<path>/top비빔밥덮밥류접시잡탕밥q2/top_비빔밥덮밥류_접시_잡탕밥_Q2_00051.JPG</path>
	<source>
		<database>fooddata</database>
	</source>
	<size>
		<width>3008</width>
		<height>2000</height>
		<depth>3</depth>
	</size>
	<object>
		<name>ref_spoon</name>
		<bndbox>
			<xmin>799</xmin>
			<ymin>472</ymin>
			<xmax>1013</xmax>
			<ymax>806</ymax>
		</bndbox>
	</object>
	<object>
		<name>ref_fork</name>
		<bndbox>
			<xmin>580</xmin>
			<ymin>521</ymin>
			<xmax>725</xmax>
			<ymax>875</ymax>
		</bndbox>
	</object>
	<object>
		<name>ref_coin</name>
		<bndbox>
			<xmin>2371</xmin>
			<ymin>1690</ymin>
			<xmax>2524</xmax>
			<ymax>1860</ymax>
		</bndbox>
	</object>
	<object>
		<name>dish</name>
		<bndbox>
			<xmin>1072</xmin>
			<ymin>233</ymin>
			<xmax>2315</xmax>
			<ymax>1882</ymax>
		</bndbox>
	</object>
	<object>
		<name>잡탕밥</name>
		<bndbox>
			<xmin>1148</xmin>
			<ymin>636</ymin>
			<xmax>2234</xmax>
			<ymax>1651</ymax>
		</bndbox>
	</object>
</annotation>