<annotation>
	<folder>top비빔밥덮밥류접시잡탕밥q2</folder>
	<filename>top_비빔밥덮밥류_접시_잡탕밥_Q2_00021.JPG</filename>
	<path>/top비빔밥덮밥류접시잡탕밥q2/top_비빔밥덮밥류_접시_잡탕밥_Q2_00021.JPG</path>
	<source>
		<database>fooddata</database>
	</source>
	<size>
		<width>3008</width>
		<height>2000</height>
		<depth>3</depth>
	</size>
	<object>
		<name>ref_spoon</name>
		<bndbox>
			<xmin>958</xmin>
			<ymin>1505</ymin>
			<xmax>1249</xmax>
			<ymax>1708</ymax>
		</bndbox>
	</object>
	<object>
		<name>ref_fork</name>
		<bndbox>
			<xmin>995</xmin>
			<ymin>1759</ymin>
			<xmax>1310</xmax>
			<ymax>1907</ymax>
		</bndbox>
	</object>
	<object>
		<name>ref_coin</name>
		<bndbox>
			<xmin>2226</xmin>
			<ymin>778</ymin>
			<xmax>2365</xmax>
			<ymax>912</ymax>
		</bndbox>
	</object>
	<object>
		<name>dish</name>
		<bndbox>
			<xmin>1083</xmin>
			<ymin>69</ymin>
			<xmax>2129</xmax>
			<ymax>1444</ymax>
		</bndbox>
	</object>
	<object>
		<name>잡탕밥</name>
		<bndbox>
			<xmin>1138</xmin>
			<ymin>255</ymin>
			<xmax>2014</xmax>
			<ymax>1259</ymax>
		</bndbox>
	</object>
</annotation>