<annotation>
	<folder>top비빔밥덮밥류접시잡탕밥q2</folder>
	<filename>top_비빔밥덮밥류_접시_잡탕밥_Q2_00046.JPG</filename>
	<path>/top비빔밥덮밥류접시잡탕밥q2/top_비빔밥덮밥류_접시_잡탕밥_Q2_00046.JPG</path>
	<source>
		<database>fooddata</database>
	</source>
	<size>
		<width>3008</width>
		<height>2000</height>
		<depth>3</depth>
	</size>
	<object>
		<name>ref_spoon</name>
		<bndbox>
			<xmin>639</xmin>
			<ymin>321</ymin>
			<xmax>883</xmax>
			<ymax>654</ymax>
		</bndbox>
	</object>
	<object>
		<name>ref_fork</name>
		<bndbox>
			<xmin>421</xmin>
			<ymin>361</ymin>
			<xmax>577</xmax>
			<ymax>743</ymax>
		</bndbox>
	</object>
	<object>
		<name>ref_coin</name>
		<bndbox>
			<xmin>2325</xmin>
			<ymin>299</ymin>
			<xmax>2471</xmax>
			<ymax>459</ymax>
		</bndbox>
	</object>
	<object>
		<name>dish</name>
		<bndbox>
			<xmin>1087</xmin>
			<ymin>117</ymin>
			<xmax>2400</xmax>
			<ymax>1856</ymax>
		</bndbox>
	</object>
	<object>
		<name>잡탕밥</name>
		<bndbox>
			<xmin>1167</xmin>
			<ymin>299</ymin>
			<xmax>2347</xmax>
			<ymax>1750</ymax>
		</bndbox>
	</object>
</annotation>