<annotation>
	<folder>top비빔밥덮밥류접시잡탕밥q2-재작업</folder>
	<filename>top_비빔밥덮밥류_접시_잡탕밥_Q2_00003.JPG</filename>
	<path>/top비빔밥덮밥류접시잡탕밥q2/top_비빔밥덮밥류_접시_잡탕밥_Q2_00003.JPG</path>
	<source>
		<database>fooddata</database>
	</source>
	<size>
		<width>3008</width>
		<height>2000</height>
		<depth>3</depth>
	</size>
	<object>
		<name>ref_spoon</name>
		<bndbox>
			<xmin>2475</xmin>
			<ymin>273</ymin>
			<xmax>2698</xmax>
			<ymax>622</ymax>
		</bndbox>
	</object>
	<object>
		<name>ref_fork</name>
		<bndbox>
			<xmin>2229</xmin>
			<ymin>381</ymin>
			<xmax>2389</xmax>
			<ymax>767</ymax>
		</bndbox>
	</object>
	<object>
		<name>ref_coin</name>
		<bndbox>
			<xmin>1688</xmin>
			<ymin>1545</ymin>
			<xmax>1850</xmax>
			<ymax>1715</ymax>
		</bndbox>
	</object>
	<object>
		<name>dish</name>
		<bndbox>
			<xmin>366</xmin>
			<ymin>192</ymin>
			<xmax>2091</xmax>
			<ymax>1725</ymax>
		</bndbox>
	</object>
	<object>
		<name>잡탕밥</name>
		<bndbox>
			<xmin>612</xmin>
			<ymin>629</ymin>
			<xmax>1629</xmax>
			<ymax>1602</ymax>
		</bndbox>
	</object>
</annotation>