<annotation>
	<folder>top비빔밥덮밥류접시잡탕밥q2-재작업</folder>
	<filename>top_비빔밥덮밥류_접시_잡탕밥_Q2_00049.JPG</filename>
	<path>/top비빔밥덮밥류접시잡탕밥q2/top_비빔밥덮밥류_접시_잡탕밥_Q2_00049.JPG</path>
	<source>
		<database>fooddata</database>
	</source>
	<size>
		<width>3008</width>
		<height>2000</height>
		<depth>3</depth>
	</size>
	<object>
		<name>ref_spoon</name>
		<bndbox>
			<xmin>769</xmin>
			<ymin>474</ymin>
			<xmax>986</xmax>
			<ymax>796</ymax>
		</bndbox>
	</object>
	<object>
		<name>ref_fork</name>
		<bndbox>
			<xmin>551</xmin>
			<ymin>526</ymin>
			<xmax>701</xmax>
			<ymax>907</ymax>
		</bndbox>
	</object>
	<object>
		<name>ref_coin</name>
		<bndbox>
			<xmin>2447</xmin>
			<ymin>688</ymin>
			<xmax>2592</xmax>
			<ymax>828</ymax>
		</bndbox>
	</object>
	<object>
		<name>dish</name>
		<bndbox>
			<xmin>1094</xmin>
			<ymin>189</ymin>
			<xmax>2332</xmax>
			<ymax>1853</ymax>
		</bndbox>
	</object>
	<object>
		<name>잡탕밥</name>
		<bndbox>
			<xmin>1165</xmin>
			<ymin>631</ymin>
			<xmax>2261</xmax>
			<ymax>1658</ymax>
		</bndbox>
	</object>
</annotation>