<annotation>
	<folder>top비빔밥덮밥류접시잡탕밥q2-재작업</folder>
	<filename>top_비빔밥덮밥류_접시_잡탕밥_Q2_00006.JPG</filename>
	<path>/top비빔밥덮밥류접시잡탕밥q2/top_비빔밥덮밥류_접시_잡탕밥_Q2_00006.JPG</path>
	<source>
		<database>fooddata</database>
	</source>
	<size>
		<width>3008</width>
		<height>2000</height>
		<depth>3</depth>
	</size>
	<object>
		<name>ref_spoon</name>
		<bndbox>
			<xmin>2521</xmin>
			<ymin>371</ymin>
			<xmax>2740</xmax>
			<ymax>715</ymax>
		</bndbox>
	</object>
	<object>
		<name>ref_fork</name>
		<bndbox>
			<xmin>2268</xmin>
			<ymin>457</ymin>
			<xmax>2430</xmax>
			<ymax>840</ymax>
		</bndbox>
	</object>
	<object>
		<name>ref_coin</name>
		<bndbox>
			<xmin>1959</xmin>
			<ymin>1371</ymin>
			<xmax>2116</xmax>
			<ymax>1538</ymax>
		</bndbox>
	</object>
	<object>
		<name>dish</name>
		<bndbox>
			<xmin>487</xmin>
			<ymin>103</ymin>
			<xmax>1954</xmax>
			<ymax>1833</ymax>
		</bndbox>
	</object>
	<object>
		<name>잡탕밥</name>
		<bndbox>
			<xmin>546</xmin>
			<ymin>361</ymin>
			<xmax>1607</xmax>
			<ymax>1187</ymax>
		</bndbox>
	</object>
</annotation>