<annotation>
	<folder>top비빔밥덮밥류접시잡탕밥q2</folder>
	<filename>top_비빔밥덮밥류_접시_잡탕밥_Q2_00026.JPG</filename>
	<path>/top비빔밥덮밥류접시잡탕밥q2/top_비빔밥덮밥류_접시_잡탕밥_Q2_00026.JPG</path>
	<source>
		<database>fooddata</database>
	</source>
	<size>
		<width>3008</width>
		<height>2000</height>
		<depth>3</depth>
	</size>
	<object>
		<name>ref_spoon</name>
		<bndbox>
			<xmin>972</xmin>
			<ymin>1468</ymin>
			<xmax>1277</xmax>
			<ymax>1671</ymax>
		</bndbox>
	</object>
	<object>
		<name>ref_fork</name>
		<bndbox>
			<xmin>995</xmin>
			<ymin>1722</ymin>
			<xmax>1319</xmax>
			<ymax>1866</ymax>
		</bndbox>
	</object>
	<object>
		<name>ref_coin</name>
		<bndbox>
			<xmin>1902</xmin>
			<ymin>79</ymin>
			<xmax>2046</xmax>
			<ymax>190</ymax>
		</bndbox>
	</object>
	<object>
		<name>dish</name>
		<bndbox>
			<xmin>1064</xmin>
			<ymin>324</ymin>
			<xmax>2425</xmax>
			<ymax>1398</ymax>
		</bndbox>
	</object>
	<object>
		<name>잡탕밥</name>
		<bndbox>
			<xmin>1226</xmin>
			<ymin>357</ymin>
			<xmax>2334</xmax>
			<ymax>1343</ymax>
		</bndbox>
	</object>
</annotation>