<annotation>
	<folder>top비빔밥덮밥류접시잡탕밥q2-재작업</folder>
	<filename>top_비빔밥덮밥류_접시_잡탕밥_Q2_00050.JPG</filename>
	<path>/top비빔밥덮밥류접시잡탕밥q2/top_비빔밥덮밥류_접시_잡탕밥_Q2_00050.JPG</path>
	<source>
		<database>fooddata</database>
	</source>
	<size>
		<width>3008</width>
		<height>2000</height>
		<depth>3</depth>
	</size>
	<object>
		<name>ref_spoon</name>
		<bndbox>
			<xmin>789</xmin>
			<ymin>482</ymin>
			<xmax>1005</xmax>
			<ymax>813</ymax>
		</bndbox>
	</object>
	<object>
		<name>ref_fork</name>
		<bndbox>
			<xmin>573</xmin>
			<ymin>531</ymin>
			<xmax>718</xmax>
			<ymax>894</ymax>
		</bndbox>
	</object>
	<object>
		<name>ref_coin</name>
		<bndbox>
			<xmin>2533</xmin>
			<ymin>1206</ymin>
			<xmax>2681</xmax>
			<ymax>1354</ymax>
		</bndbox>
	</object>
	<object>
		<name>dish</name>
		<bndbox>
			<xmin>1101</xmin>
			<ymin>209</ymin>
			<xmax>2344</xmax>
			<ymax>1867</ymax>
		</bndbox>
	</object>
	<object>
		<name>잡탕밥</name>
		<bndbox>
			<xmin>1180</xmin>
			<ymin>523</ymin>
			<xmax>2271</xmax>
			<ymax>1627</ymax>
		</bndbox>
	</object>
</annotation>