<annotation>
	<folder>side국물면류냉면기떡만둣국q5</folder>
	<filename>side_국물면류_냉면기_떡만둣국_Q5_00015.JPG</filename>
	<path>/side국물면류냉면기떡만둣국q5/side_국물면류_냉면기_떡만둣국_Q5_00015.JPG</path>
	<source>
		<database>fooddata</database>
	</source>
	<size>
		<width>3008</width>
		<height>2000</height>
		<depth>3</depth>
	</size>
	<object>
		<name>ref_spoon</name>
		<bndbox>
			<xmin>1855</xmin>
			<ymin>833</ymin>
			<xmax>2112</xmax>
			<ymax>1193</ymax>
		</bndbox>
	</object>
	<object>
		<name>ref_fork</name>
		<bndbox>
			<xmin>2181</xmin>
			<ymin>867</ymin>
			<xmax>2365</xmax>
			<ymax>1300</ymax>
		</bndbox>
	</object>
	<object>
		<name>ref_coin</name>
		<bndbox>
			<xmin>1748</xmin>
			<ymin>422</ymin>
			<xmax>1920</xmax>
			<ymax>554</ymax>
		</bndbox>
	</object>
	<object>
		<name>dish</name>
		<bndbox>
			<xmin>219</xmin>
			<ymin>494</ymin>
			<xmax>1718</xmax>
			<ymax>1810</ymax>
		</bndbox>
	</object>
	<object>
		<name>떡만둣국</name>
		<bndbox>
			<xmin>317</xmin>
			<ymin>704</ymin>
			<xmax>1620</xmax>
			<ymax>1600</ymax>
		</bndbox>
	</object>
</annotation>