<annotation>
	<folder>side국물면류냉면기떡만둣국q5</folder>
	<filename>side_국물면류_냉면기_떡만둣국_Q5_00021.JPG</filename>
	<path>/side국물면류냉면기떡만둣국q5/side_국물면류_냉면기_떡만둣국_Q5_00021.JPG</path>
	<source>
		<database>fooddata</database>
	</source>
	<size>
		<width>3008</width>
		<height>2000</height>
		<depth>3</depth>
	</size>
	<object>
		<name>ref_spoon</name>
		<bndbox>
			<xmin>660</xmin>
			<ymin>1548</ymin>
			<xmax>1097</xmax>
			<ymax>1806</ymax>
		</bndbox>
	</object>
	<object>
		<name>ref_fork</name>
		<bndbox>
			<xmin>758</xmin>
			<ymin>1364</ymin>
			<xmax>1213</xmax>
			<ymax>1587</ymax>
		</bndbox>
	</object>
	<object>
		<name>ref_coin</name>
		<bndbox>
			<xmin>416</xmin>
			<ymin>477</ymin>
			<xmax>583</xmax>
			<ymax>606</ymax>
		</bndbox>
	</object>
	<object>
		<name>dish</name>
		<bndbox>
			<xmin>874</xmin>
			<ymin>126</ymin>
			<xmax>2164</xmax>
			<ymax>1240</ymax>
		</bndbox>
	</object>
	<object>
		<name>떡만둣국</name>
		<bndbox>
			<xmin>973</xmin>
			<ymin>344</ymin>
			<xmax>2087</xmax>
			<ymax>1026</ymax>
		</bndbox>
	</object>
</annotation>