<annotation>
	<folder>side국물면류냉면기떡만둣국q5</folder>
	<filename>side_국물면류_냉면기_떡만둣국_Q5_00036.JPG</filename>
	<path>/side국물면류냉면기떡만둣국q5/side_국물면류_냉면기_떡만둣국_Q5_00036.JPG</path>
	<source>
		<database>fooddata</database>
	</source>
	<size>
		<width>3008</width>
		<height>2000</height>
		<depth>3</depth>
	</size>
	<object>
		<name>ref_spoon</name>
		<bndbox>
			<xmin>437</xmin>
			<ymin>297</ymin>
			<xmax>698</xmax>
			<ymax>653</ymax>
		</bndbox>
	</object>
	<object>
		<name>ref_fork</name>
		<bndbox>
			<xmin>754</xmin>
			<ymin>323</ymin>
			<xmax>930</xmax>
			<ymax>721</ymax>
		</bndbox>
	</object>
	<object>
		<name>ref_coin</name>
		<bndbox>
			<xmin>1213</xmin>
			<ymin>1540</ymin>
			<xmax>1423</xmax>
			<ymax>1728</ymax>
		</bndbox>
	</object>
	<object>
		<name>dish</name>
		<bndbox>
			<xmin>1178</xmin>
			<ymin>109</ymin>
			<xmax>2601</xmax>
			<ymax>1360</ymax>
		</bndbox>
	</object>
	<object>
		<name>떡만둣국</name>
		<bndbox>
			<xmin>1268</xmin>
			<ymin>366</ymin>
			<xmax>2481</xmax>
			<ymax>1154</ymax>
		</bndbox>
	</object>
</annotation>