<annotation>
	<folder>side국물면류냉면기떡만둣국q5</folder>
	<filename>side_국물면류_냉면기_떡만둣국_Q5_00039.JPG</filename>
	<path>/side국물면류냉면기떡만둣국q5/side_국물면류_냉면기_떡만둣국_Q5_00039.JPG</path>
	<source>
		<database>fooddata</database>
	</source>
	<size>
		<width>3008</width>
		<height>2000</height>
		<depth>3</depth>
	</size>
	<object>
		<name>ref_spoon</name>
		<bndbox>
			<xmin>309</xmin>
			<ymin>306</ymin>
			<xmax>570</xmax>
			<ymax>679</ymax>
		</bndbox>
	</object>
	<object>
		<name>ref_fork</name>
		<bndbox>
			<xmin>626</xmin>
			<ymin>327</ymin>
			<xmax>814</xmax>
			<ymax>739</ymax>
		</bndbox>
	</object>
	<object>
		<name>ref_coin</name>
		<bndbox>
			<xmin>2125</xmin>
			<ymin>1673</ymin>
			<xmax>2331</xmax>
			<ymax>1857</ymax>
		</bndbox>
	</object>
	<object>
		<name>dish</name>
		<bndbox>
			<xmin>1054</xmin>
			<ymin>113</ymin>
			<xmax>2477</xmax>
			<ymax>1364</ymax>
		</bndbox>
	</object>
	<object>
		<name>떡만둣국</name>
		<bndbox>
			<xmin>1131</xmin>
			<ymin>362</ymin>
			<xmax>2361</xmax>
			<ymax>1154</ymax>
		</bndbox>
	</object>
</annotation>