<annotation>
	<folder>side국물면류냉면기떡만둣국q5</folder>
	<filename>side_국물면류_냉면기_떡만둣국_Q5_00002.JPG</filename>
	<path>/side국물면류냉면기떡만둣국q5/side_국물면류_냉면기_떡만둣국_Q5_00002.JPG</path>
	<source>
		<database>fooddata</database>
	</source>
	<size>
		<width>3008</width>
		<height>2000</height>
		<depth>3</depth>
	</size>
	<object>
		<name>ref_spoon</name>
		<bndbox>
			<xmin>1804</xmin>
			<ymin>687</ymin>
			<xmax>2052</xmax>
			<ymax>1051</ymax>
		</bndbox>
	</object>
	<object>
		<name>ref_fork</name>
		<bndbox>
			<xmin>2117</xmin>
			<ymin>717</ymin>
			<xmax>2297</xmax>
			<ymax>1141</ymax>
		</bndbox>
	</object>
	<object>
		<name>ref_coin</name>
		<bndbox>
			<xmin>1067</xmin>
			<ymin>1741</ymin>
			<xmax>1290</xmax>
			<ymax>1930</ymax>
		</bndbox>
	</object>
	<object>
		<name>dish</name>
		<bndbox>
			<xmin>223</xmin>
			<ymin>267</ymin>
			<xmax>1671</xmax>
			<ymax>1531</ymax>
		</bndbox>
	</object>
	<object>
		<name>떡만둣국</name>
		<bndbox>
			<xmin>313</xmin>
			<ymin>482</ymin>
			<xmax>1590</xmax>
			<ymax>1309</ymax>
		</bndbox>
	</object>
</annotation>