<annotation>
	<folder>side국물면류냉면기떡만둣국q5</folder>
	<filename>side_국물면류_냉면기_떡만둣국_Q5_00014.JPG</filename>
	<path>/side국물면류냉면기떡만둣국q5/side_국물면류_냉면기_떡만둣국_Q5_00014.JPG</path>
	<source>
		<database>fooddata</database>
	</source>
	<size>
		<width>3008</width>
		<height>2000</height>
		<depth>3</depth>
	</size>
	<object>
		<name>ref_spoon</name>
		<bndbox>
			<xmin>1851</xmin>
			<ymin>837</ymin>
			<xmax>2117</xmax>
			<ymax>1197</ymax>
		</bndbox>
	</object>
	<object>
		<name>ref_fork</name>
		<bndbox>
			<xmin>2172</xmin>
			<ymin>871</ymin>
			<xmax>2352</xmax>
			<ymax>1287</ymax>
		</bndbox>
	</object>
	<object>
		<name>ref_coin</name>
		<bndbox>
			<xmin>1560</xmin>
			<ymin>430</ymin>
			<xmax>1731</xmax>
			<ymax>554</ymax>
		</bndbox>
	</object>
	<object>
		<name>dish</name>
		<bndbox>
			<xmin>240</xmin>
			<ymin>494</ymin>
			<xmax>1744</xmax>
			<ymax>1806</ymax>
		</bndbox>
	</object>
	<object>
		<name>떡만둣국</name>
		<bndbox>
			<xmin>343</xmin>
			<ymin>721</ymin>
			<xmax>1663</xmax>
			<ymax>1587</ymax>
		</bndbox>
	</object>
</annotation>