<annotation>
	<folder>side국물면류냉면기떡만둣국q5</folder>
	<filename>side_국물면류_냉면기_떡만둣국_Q5_00049.JPG</filename>
	<path>/side국물면류냉면기떡만둣국q5/side_국물면류_냉면기_떡만둣국_Q5_00049.JPG</path>
	<source>
		<database>fooddata</database>
	</source>
	<size>
		<width>3008</width>
		<height>2000</height>
		<depth>3</depth>
	</size>
	<object>
		<name>ref_spoon</name>
		<bndbox>
			<xmin>257</xmin>
			<ymin>546</ymin>
			<xmax>523</xmax>
			<ymax>931</ymax>
		</bndbox>
	</object>
	<object>
		<name>ref_fork</name>
		<bndbox>
			<xmin>604</xmin>
			<ymin>563</ymin>
			<xmax>797</xmax>
			<ymax>1000</ymax>
		</bndbox>
	</object>
	<object>
		<name>ref_coin</name>
		<bndbox>
			<xmin>527</xmin>
			<ymin>293</ymin>
			<xmax>707</xmax>
			<ymax>434</ymax>
		</bndbox>
	</object>
	<object>
		<name>dish</name>
		<bndbox>
			<xmin>904</xmin>
			<ymin>293</ymin>
			<xmax>2442</xmax>
			<ymax>1634</ymax>
		</bndbox>
	</object>
	<object>
		<name>떡만둣국</name>
		<bndbox>
			<xmin>1011</xmin>
			<ymin>576</ymin>
			<xmax>2331</xmax>
			<ymax>1416</ymax>
		</bndbox>
	</object>
</annotation>