<annotation>
	<folder>side국물면류냉면기떡만둣국q5</folder>
	<filename>side_국물면류_냉면기_떡만둣국_Q5_00042.JPG</filename>
	<path>/side국물면류냉면기떡만둣국q5/side_국물면류_냉면기_떡만둣국_Q5_00042.JPG</path>
	<source>
		<database>fooddata</database>
	</source>
	<size>
		<width>3008</width>
		<height>2000</height>
		<depth>3</depth>
	</size>
	<object>
		<name>ref_spoon</name>
		<bndbox>
			<xmin>309</xmin>
			<ymin>366</ymin>
			<xmax>566</xmax>
			<ymax>739</ymax>
		</bndbox>
	</object>
	<object>
		<name>ref_fork</name>
		<bndbox>
			<xmin>621</xmin>
			<ymin>387</ymin>
			<xmax>801</xmax>
			<ymax>794</ymax>
		</bndbox>
	</object>
	<object>
		<name>ref_coin</name>
		<bndbox>
			<xmin>2712</xmin>
			<ymin>1060</ymin>
			<xmax>2892</xmax>
			<ymax>1227</ymax>
		</bndbox>
	</object>
	<object>
		<name>dish</name>
		<bndbox>
			<xmin>1050</xmin>
			<ymin>173</ymin>
			<xmax>2464</xmax>
			<ymax>1411</ymax>
		</bndbox>
	</object>
	<object>
		<name>떡만둣국</name>
		<bndbox>
			<xmin>1135</xmin>
			<ymin>426</ymin>
			<xmax>2344</xmax>
			<ymax>1206</ymax>
		</bndbox>
	</object>
</annotation>