<annotation>
	<folder>top국물면류냉면기떡만두국q5</folder>
	<filename>top_국물면류_냉면기_떡만둣국_Q5_00013.JPG</filename>
	<path>/top국물면류냉면기떡만둣국q5/top_국물면류_냉면기_떡만둣국_Q5_00013.JPG</path>
	<source>
		<database>fooddata</database>
	</source>
	<size>
		<width>3008</width>
		<height>2000</height>
		<depth>3</depth>
	</size>
	<object>
		<name>ref_spoon</name>
		<bndbox>
			<xmin>1929</xmin>
			<ymin>403</ymin>
			<xmax>2146</xmax>
			<ymax>755</ymax>
		</bndbox>
	</object>
	<object>
		<name>ref_fork</name>
		<bndbox>
			<xmin>2241</xmin>
			<ymin>461</ymin>
			<xmax>2393</xmax>
			<ymax>842</ymax>
		</bndbox>
	</object>
	<object>
		<name>ref_coin</name>
		<bndbox>
			<xmin>1660</xmin>
			<ymin>399</ymin>
			<xmax>1809</xmax>
			<ymax>548</ymax>
		</bndbox>
	</object>
	<object>
		<name>dish</name>
		<bndbox>
			<xmin>586</xmin>
			<ymin>497</ymin>
			<xmax>1867</xmax>
			<ymax>1782</ymax>
		</bndbox>
	</object>
	<object>
		<name>떡만둣국</name>
		<bndbox>
			<xmin>684</xmin>
			<ymin>599</ymin>
			<xmax>1794</xmax>
			<ymax>1713</ymax>
		</bndbox>
	</object>
</annotation>