<annotation>
	<folder>top국물면류냉면기떡만두국q5</folder>
	<filename>top_국물면류_냉면기_떡만둣국_Q5_00037.JPG</filename>
	<path>/top국물면류냉면기떡만둣국q5/top_국물면류_냉면기_떡만둣국_Q5_00037.JPG</path>
	<source>
		<database>fooddata</database>
	</source>
	<size>
		<width>3008</width>
		<height>2000</height>
		<depth>3</depth>
	</size>
	<object>
		<name>ref_spoon</name>
		<bndbox>
			<xmin>462</xmin>
			<ymin>185</ymin>
			<xmax>713</xmax>
			<ymax>599</ymax>
		</bndbox>
	</object>
	<object>
		<name>ref_fork</name>
		<bndbox>
			<xmin>778</xmin>
			<ymin>214</ymin>
			<xmax>949</xmax>
			<ymax>635</ymax>
		</bndbox>
	</object>
	<object>
		<name>ref_coin</name>
		<bndbox>
			<xmin>1820</xmin>
			<ymin>1652</ymin>
			<xmax>1994</xmax>
			<ymax>1837</ymax>
		</bndbox>
	</object>
	<object>
		<name>dish</name>
		<bndbox>
			<xmin>1203</xmin>
			<ymin>123</ymin>
			<xmax>2593</xmax>
			<ymax>1495</ymax>
		</bndbox>
	</object>
	<object>
		<name>떡만둣국</name>
		<bndbox>
			<xmin>1246</xmin>
			<ymin>272</ymin>
			<xmax>2451</xmax>
			<ymax>1448</ymax>
		</bndbox>
	</object>
</annotation>