<annotation>
	<folder>top국물면류냉면기떡만두국q5</folder>
	<filename>top_국물면류_냉면기_떡만둣국_Q5_00053.JPG</filename>
	<path>/top국물면류냉면기떡만둣국q5/top_국물면류_냉면기_떡만둣국_Q5_00053.JPG</path>
	<source>
		<database>fooddata</database>
	</source>
	<size>
		<width>3008</width>
		<height>2000</height>
		<depth>3</depth>
	</size>
	<object>
		<name>ref_spoon</name>
		<bndbox>
			<xmin>440</xmin>
			<ymin>298</ymin>
			<xmax>673</xmax>
			<ymax>653</ymax>
		</bndbox>
	</object>
	<object>
		<name>ref_fork</name>
		<bndbox>
			<xmin>724</xmin>
			<ymin>323</ymin>
			<xmax>887</xmax>
			<ymax>708</ymax>
		</bndbox>
	</object>
	<object>
		<name>ref_coin</name>
		<bndbox>
			<xmin>1747</xmin>
			<ymin>1626</ymin>
			<xmax>1911</xmax>
			<ymax>1793</ymax>
		</bndbox>
	</object>
	<object>
		<name>dish</name>
		<bndbox>
			<xmin>1029</xmin>
			<ymin>178</ymin>
			<xmax>2274</xmax>
			<ymax>1430</ymax>
		</bndbox>
	</object>
	<object>
		<name>떡만둣국</name>
		<bndbox>
			<xmin>1101</xmin>
			<ymin>301</ymin>
			<xmax>2172</xmax>
			<ymax>1379</ymax>
		</bndbox>
	</object>
</annotation>