<annotation>
	<folder>top국물면류냉면기떡만두국q5</folder>
	<filename>top_국물면류_냉면기_떡만둣국_Q5_00052.JPG</filename>
	<path>/top국물면류냉면기떡만둣국q5/top_국물면류_냉면기_떡만둣국_Q5_00052.JPG</path>
	<source>
		<database>fooddata</database>
	</source>
	<size>
		<width>3008</width>
		<height>2000</height>
		<depth>3</depth>
	</size>
	<object>
		<name>ref_spoon</name>
		<bndbox>
			<xmin>506</xmin>
			<ymin>338</ymin>
			<xmax>738</xmax>
			<ymax>701</ymax>
		</bndbox>
	</object>
	<object>
		<name>ref_fork</name>
		<bndbox>
			<xmin>793</xmin>
			<ymin>374</ymin>
			<xmax>949</xmax>
			<ymax>751</ymax>
		</bndbox>
	</object>
	<object>
		<name>ref_coin</name>
		<bndbox>
			<xmin>1475</xmin>
			<ymin>1662</ymin>
			<xmax>1631</xmax>
			<ymax>1826</ymax>
		</bndbox>
	</object>
	<object>
		<name>dish</name>
		<bndbox>
			<xmin>1127</xmin>
			<ymin>269</ymin>
			<xmax>2390</xmax>
			<ymax>1503</ymax>
		</bndbox>
	</object>
	<object>
		<name>떡만둣국</name>
		<bndbox>
			<xmin>1199</xmin>
			<ymin>377</ymin>
			<xmax>2281</xmax>
			<ymax>1463</ymax>
		</bndbox>
	</object>
</annotation>