<annotation>
	<folder>top국물면류냉면기떡만두국q5</folder>
	<filename>top_국물면류_냉면기_떡만둣국_Q5_00038.JPG</filename>
	<path>/top국물면류냉면기떡만둣국q5/top_국물면류_냉면기_떡만둣국_Q5_00038.JPG</path>
	<source>
		<database>fooddata</database>
	</source>
	<size>
		<width>3008</width>
		<height>2000</height>
		<depth>3</depth>
	</size>
	<object>
		<name>ref_spoon</name>
		<bndbox>
			<xmin>455</xmin>
			<ymin>225</ymin>
			<xmax>698</xmax>
			<ymax>617</ymax>
		</bndbox>
	</object>
	<object>
		<name>ref_fork</name>
		<bndbox>
			<xmin>771</xmin>
			<ymin>258</ymin>
			<xmax>938</xmax>
			<ymax>675</ymax>
		</bndbox>
	</object>
	<object>
		<name>ref_coin</name>
		<bndbox>
			<xmin>2110</xmin>
			<ymin>1670</ymin>
			<xmax>2284</xmax>
			<ymax>1851</ymax>
		</bndbox>
	</object>
	<object>
		<name>dish</name>
		<bndbox>
			<xmin>1170</xmin>
			<ymin>163</ymin>
			<xmax>2528</xmax>
			<ymax>1528</ymax>
		</bndbox>
	</object>
	<object>
		<name>떡만둣국</name>
		<bndbox>
			<xmin>1214</xmin>
			<ymin>312</ymin>
			<xmax>2401</xmax>
			<ymax>1474</ymax>
		</bndbox>
	</object>
</annotation>