<annotation>
	<folder>top국물면류냉면기떡만두국q5</folder>
	<filename>top_국물면류_냉면기_떡만둣국_Q5_00027.JPG</filename>
	<path>/top국물면류냉면기떡만둣국q5/top_국물면류_냉면기_떡만둣국_Q5_00027.JPG</path>
	<source>
		<database>fooddata</database>
	</source>
	<size>
		<width>3008</width>
		<height>2000</height>
		<depth>3</depth>
	</size>
	<object>
		<name>ref_spoon</name>
		<bndbox>
			<xmin>814</xmin>
			<ymin>1597</ymin>
			<xmax>1185</xmax>
			<ymax>1819</ymax>
		</bndbox>
	</object>
	<object>
		<name>ref_fork</name>
		<bndbox>
			<xmin>865</xmin>
			<ymin>1405</ymin>
			<xmax>1246</xmax>
			<ymax>1554</ymax>
		</bndbox>
	</object>
	<object>
		<name>ref_coin</name>
		<bndbox>
			<xmin>1667</xmin>
			<ymin>54</ymin>
			<xmax>1809</xmax>
			<ymax>196</ymax>
		</bndbox>
	</object>
	<object>
		<name>dish</name>
		<bndbox>
			<xmin>978</xmin>
			<ymin>301</ymin>
			<xmax>2128</xmax>
			<ymax>1437</ymax>
		</bndbox>
	</object>
	<object>
		<name>떡만둣국</name>
		<bndbox>
			<xmin>1047</xmin>
			<ymin>410</ymin>
			<xmax>2034</xmax>
			<ymax>1390</ymax>
		</bndbox>
	</object>
</annotation>