<annotation>
	<folder>top국물면류냉면기떡만두국q5</folder>
	<filename>top_국물면류_냉면기_떡만둣국_Q5_00041.JPG</filename>
	<path>/top국물면류냉면기떡만둣국q5/top_국물면류_냉면기_떡만둣국_Q5_00041.JPG</path>
	<source>
		<database>fooddata</database>
	</source>
	<size>
		<width>3008</width>
		<height>2000</height>
		<depth>3</depth>
	</size>
	<object>
		<name>ref_spoon</name>
		<bndbox>
			<xmin>350</xmin>
			<ymin>323</ymin>
			<xmax>589</xmax>
			<ymax>693</ymax>
		</bndbox>
	</object>
	<object>
		<name>ref_fork</name>
		<bndbox>
			<xmin>658</xmin>
			<ymin>359</ymin>
			<xmax>814</xmax>
			<ymax>777</ymax>
		</bndbox>
	</object>
	<object>
		<name>ref_coin</name>
		<bndbox>
			<xmin>2622</xmin>
			<ymin>1027</ymin>
			<xmax>2796</xmax>
			<ymax>1201</ymax>
		</bndbox>
	</object>
	<object>
		<name>dish</name>
		<bndbox>
			<xmin>952</xmin>
			<ymin>345</ymin>
			<xmax>2303</xmax>
			<ymax>1673</ymax>
		</bndbox>
	</object>
	<object>
		<name>떡만둣국</name>
		<bndbox>
			<xmin>1018</xmin>
			<ymin>468</ymin>
			<xmax>2215</xmax>
			<ymax>1623</ymax>
		</bndbox>
	</object>
</annotation>