<annotation>
	<folder>top국물면류냉면기떡만두국q5</folder>
	<filename>top_국물면류_냉면기_떡만둣국_Q5_00039.JPG</filename>
	<path>/top국물면류냉면기떡만둣국q5/top_국물면류_냉면기_떡만둣국_Q5_00039.JPG</path>
	<source>
		<database>fooddata</database>
	</source>
	<size>
		<width>3008</width>
		<height>2000</height>
		<depth>3</depth>
	</size>
	<object>
		<name>ref_spoon</name>
		<bndbox>
			<xmin>473</xmin>
			<ymin>240</ymin>
			<xmax>709</xmax>
			<ymax>628</ymax>
		</bndbox>
	</object>
	<object>
		<name>ref_fork</name>
		<bndbox>
			<xmin>778</xmin>
			<ymin>279</ymin>
			<xmax>938</xmax>
			<ymax>693</ymax>
		</bndbox>
	</object>
	<object>
		<name>ref_coin</name>
		<bndbox>
			<xmin>2324</xmin>
			<ymin>1503</ymin>
			<xmax>2506</xmax>
			<ymax>1684</ymax>
		</bndbox>
	</object>
	<object>
		<name>dish</name>
		<bndbox>
			<xmin>1199</xmin>
			<ymin>211</ymin>
			<xmax>2538</xmax>
			<ymax>1539</ymax>
		</bndbox>
	</object>
	<object>
		<name>떡만둣국</name>
		<bndbox>
			<xmin>1257</xmin>
			<ymin>334</ymin>
			<xmax>2422</xmax>
			<ymax>1477</ymax>
		</bndbox>
	</object>
</annotation>