<annotation>
	<folder>side볶음밥류사각배달새우볶음밥q2</folder>
	<filename>side_볶음밥류_사각배달_새우볶음밥_Q2_00009.JPG</filename>
	<path>/side볶음밥류사각배달새우볶음밥q2/side_볶음밥류_사각배달_새우볶음밥_Q2_00009.JPG</path>
	<source>
		<database>fooddata</database>
	</source>
	<size>
		<width>3008</width>
		<height>2000</height>
		<depth>3</depth>
	</size>
	<object>
		<name>ref_spoon</name>
		<bndbox>
			<xmin>2111</xmin>
			<ymin>264</ymin>
			<xmax>2401</xmax>
			<ymax>700</ymax>
		</bndbox>
	</object>
	<object>
		<name>ref_fork</name>
		<bndbox>
			<xmin>2510</xmin>
			<ymin>278</ymin>
			<xmax>2711</xmax>
			<ymax>763</ymax>
		</bndbox>
	</object>
	<object>
		<name>ref_coin</name>
		<bndbox>
			<xmin>1896</xmin>
			<ymin>1330</ymin>
			<xmax>2121</xmax>
			<ymax>1505</ymax>
		</bndbox>
	</object>
	<object>
		<name>dish</name>
		<bndbox>
			<xmin>419</xmin>
			<ymin>152</ymin>
			<xmax>1639</xmax>
			<ymax>1445</ymax>
		</bndbox>
	</object>
	<object>
		<name>새우볶음밥</name>
		<bndbox>
			<xmin>600</xmin>
			<ymin>317</ymin>
			<xmax>1511</xmax>
			<ymax>1089</ymax>
		</bndbox>
	</object>
</annotation>