<annotation>
	<folder>side볶음밥류사각배달새우볶음밥q2</folder>
	<filename>side_볶음밥류_사각배달_새우볶음밥_Q2_00030.JPG</filename>
	<path>/side볶음밥류사각배달새우볶음밥q2/side_볶음밥류_사각배달_새우볶음밥_Q2_00030.JPG</path>
	<source>
		<database>fooddata</database>
	</source>
	<size>
		<width>3008</width>
		<height>2000</height>
		<depth>3</depth>
	</size>
	<object>
		<name>ref_spoon</name>
		<bndbox>
			<xmin>244</xmin>
			<ymin>522</ymin>
			<xmax>541</xmax>
			<ymax>987</ymax>
		</bndbox>
	</object>
	<object>
		<name>ref_fork</name>
		<bndbox>
			<xmin>706</xmin>
			<ymin>482</ymin>
			<xmax>907</xmax>
			<ymax>977</ymax>
		</bndbox>
	</object>
	<object>
		<name>ref_coin</name>
		<bndbox>
			<xmin>2477</xmin>
			<ymin>1191</ymin>
			<xmax>2691</xmax>
			<ymax>1356</ymax>
		</bndbox>
	</object>
	<object>
		<name>dish</name>
		<bndbox>
			<xmin>1082</xmin>
			<ymin>347</ymin>
			<xmax>2358</xmax>
			<ymax>1670</ymax>
		</bndbox>
	</object>
	<object>
		<name>새우볶음밥</name>
		<bndbox>
			<xmin>1201</xmin>
			<ymin>584</ymin>
			<xmax>2164</xmax>
			<ymax>1383</ymax>
		</bndbox>
	</object>
</annotation>