<annotation>
	<folder>side볶음밥류사각배달새우볶음밥q2</folder>
	<filename>side_볶음밥류_사각배달_새우볶음밥_Q2_00018.JPG</filename>
	<path>/side볶음밥류사각배달새우볶음밥q2/side_볶음밥류_사각배달_새우볶음밥_Q2_00018.JPG</path>
	<source>
		<database>fooddata</database>
	</source>
	<size>
		<width>3008</width>
		<height>2000</height>
		<depth>3</depth>
	</size>
	<object>
		<name>ref_spoon</name>
		<bndbox>
			<xmin>788</xmin>
			<ymin>1528</ymin>
			<xmax>1306</xmax>
			<ymax>1772</ymax>
		</bndbox>
	</object>
	<object>
		<name>ref_fork</name>
		<bndbox>
			<xmin>815</xmin>
			<ymin>1300</ymin>
			<xmax>1369</xmax>
			<ymax>1521</ymax>
		</bndbox>
	</object>
	<object>
		<name>ref_coin</name>
		<bndbox>
			<xmin>2071</xmin>
			<ymin>763</ymin>
			<xmax>2259</xmax>
			<ymax>891</ymax>
		</bndbox>
	</object>
	<object>
		<name>dish</name>
		<bndbox>
			<xmin>953</xmin>
			<ymin>96</ymin>
			<xmax>1972</xmax>
			<ymax>1172</ymax>
		</bndbox>
	</object>
	<object>
		<name>새우볶음밥</name>
		<bndbox>
			<xmin>1049</xmin>
			<ymin>317</ymin>
			<xmax>1870</xmax>
			<ymax>931</ymax>
		</bndbox>
	</object>
</annotation>