<annotation>
	<folder>side볶음밥류사각배달새우볶음밥q2</folder>
	<filename>side_볶음밥류_사각배달_새우볶음밥_Q2_00001.JPG</filename>
	<path>/side볶음밥류사각배달새우볶음밥q2/side_볶음밥류_사각배달_새우볶음밥_Q2_00001.JPG</path>
	<source>
		<database>fooddata</database>
	</source>
	<size>
		<width>3008</width>
		<height>2000</height>
		<depth>3</depth>
	</size>
	<object>
		<name>ref_spoon</name>
		<bndbox>
			<xmin>1722</xmin>
			<ymin>469</ymin>
			<xmax>2009</xmax>
			<ymax>901</ymax>
		</bndbox>
	</object>
	<object>
		<name>ref_fork</name>
		<bndbox>
			<xmin>2121</xmin>
			<ymin>476</ymin>
			<xmax>2325</xmax>
			<ymax>960</ymax>
		</bndbox>
	</object>
	<object>
		<name>ref_coin</name>
		<bndbox>
			<xmin>1570</xmin>
			<ymin>1683</ymin>
			<xmax>1801</xmax>
			<ymax>1854</ymax>
		</bndbox>
	</object>
	<object>
		<name>dish</name>
		<bndbox>
			<xmin>458</xmin>
			<ymin>278</ymin>
			<xmax>1627</xmax>
			<ymax>1548</ymax>
		</bndbox>
	</object>
	<object>
		<name>새우볶음밥</name>
		<bndbox>
			<xmin>566</xmin>
			<ymin>600</ymin>
			<xmax>1531</xmax>
			<ymax>1254</ymax>
		</bndbox>
	</object>
</annotation>