<annotation>
	<folder>side볶음밥류사각배달새우볶음밥q2</folder>
	<filename>side_볶음밥류_사각배달_새우볶음밥_Q2_00019.JPG</filename>
	<path>/side볶음밥류사각배달새우볶음밥q2/side_볶음밥류_사각배달_새우볶음밥_Q2_00019.JPG</path>
	<source>
		<database>fooddata</database>
	</source>
	<size>
		<width>3008</width>
		<height>2000</height>
		<depth>3</depth>
	</size>
	<object>
		<name>ref_spoon</name>
		<bndbox>
			<xmin>805</xmin>
			<ymin>1518</ymin>
			<xmax>1303</xmax>
			<ymax>1755</ymax>
		</bndbox>
	</object>
	<object>
		<name>ref_fork</name>
		<bndbox>
			<xmin>831</xmin>
			<ymin>1287</ymin>
			<xmax>1379</xmax>
			<ymax>1508</ymax>
		</bndbox>
	</object>
	<object>
		<name>ref_coin</name>
		<bndbox>
			<xmin>2141</xmin>
			<ymin>746</ymin>
			<xmax>2325</xmax>
			<ymax>885</ymax>
		</bndbox>
	</object>
	<object>
		<name>dish</name>
		<bndbox>
			<xmin>762</xmin>
			<ymin>73</ymin>
			<xmax>2141</xmax>
			<ymax>1172</ymax>
		</bndbox>
	</object>
	<object>
		<name>새우볶음밥</name>
		<bndbox>
			<xmin>943</xmin>
			<ymin>330</ymin>
			<xmax>1969</xmax>
			<ymax>924</ymax>
		</bndbox>
	</object>
</annotation>