<annotation>
	<folder>side볶음밥류사각배달새우볶음밥q2</folder>
	<filename>side_볶음밥류_사각배달_새우볶음밥_Q2_00029.JPG</filename>
	<path>/side볶음밥류사각배달새우볶음밥q2/side_볶음밥류_사각배달_새우볶음밥_Q2_00029.JPG</path>
	<source>
		<database>fooddata</database>
	</source>
	<size>
		<width>3008</width>
		<height>2000</height>
		<depth>3</depth>
	</size>
	<object>
		<name>ref_spoon</name>
		<bndbox>
			<xmin>247</xmin>
			<ymin>370</ymin>
			<xmax>548</xmax>
			<ymax>838</ymax>
		</bndbox>
	</object>
	<object>
		<name>ref_fork</name>
		<bndbox>
			<xmin>709</xmin>
			<ymin>347</ymin>
			<xmax>914</xmax>
			<ymax>855</ymax>
		</bndbox>
	</object>
	<object>
		<name>ref_coin</name>
		<bndbox>
			<xmin>2408</xmin>
			<ymin>1455</ymin>
			<xmax>2635</xmax>
			<ymax>1623</ymax>
		</bndbox>
	</object>
	<object>
		<name>dish</name>
		<bndbox>
			<xmin>1092</xmin>
			<ymin>159</ymin>
			<xmax>2365</xmax>
			<ymax>1458</ymax>
		</bndbox>
	</object>
	<object>
		<name>새우볶음밥</name>
		<bndbox>
			<xmin>1197</xmin>
			<ymin>354</ymin>
			<xmax>2174</xmax>
			<ymax>1181</ymax>
		</bndbox>
	</object>
</annotation>