<annotation>
	<folder>side볶음밥류사각배달새우볶음밥q2</folder>
	<filename>side_볶음밥류_사각배달_새우볶음밥_Q2_00049.JPG</filename>
	<path>/side볶음밥류사각배달새우볶음밥q2/side_볶음밥류_사각배달_새우볶음밥_Q2_00049.JPG</path>
	<source>
		<database>fooddata</database>
	</source>
	<size>
		<width>3008</width>
		<height>2000</height>
		<depth>3</depth>
	</size>
	<object>
		<name>ref_spoon</name>
		<bndbox>
			<xmin>155</xmin>
			<ymin>443</ymin>
			<xmax>472</xmax>
			<ymax>888</ymax>
		</bndbox>
	</object>
	<object>
		<name>ref_fork</name>
		<bndbox>
			<xmin>643</xmin>
			<ymin>387</ymin>
			<xmax>854</xmax>
			<ymax>914</ymax>
		</bndbox>
	</object>
	<object>
		<name>ref_coin</name>
		<bndbox>
			<xmin>2573</xmin>
			<ymin>1115</ymin>
			<xmax>2800</xmax>
			<ymax>1297</ymax>
		</bndbox>
	</object>
	<object>
		<name>dish</name>
		<bndbox>
			<xmin>1121</xmin>
			<ymin>133</ymin>
			<xmax>2474</xmax>
			<ymax>1475</ymax>
		</bndbox>
	</object>
	<object>
		<name>새우볶음밥</name>
		<bndbox>
			<xmin>1263</xmin>
			<ymin>334</ymin>
			<xmax>2269</xmax>
			<ymax>1175</ymax>
		</bndbox>
	</object>
</annotation>