<annotation>
	<folder>side볶음밥류사각배달새우볶음밥q2</folder>
	<filename>side_볶음밥류_사각배달_새우볶음밥_Q2_00024.JPG</filename>
	<path>/side볶음밥류사각배달새우볶음밥q2/side_볶음밥류_사각배달_새우볶음밥_Q2_00024.JPG</path>
	<source>
		<database>fooddata</database>
	</source>
	<size>
		<width>3008</width>
		<height>2000</height>
		<depth>3</depth>
	</size>
	<object>
		<name>ref_spoon</name>
		<bndbox>
			<xmin>887</xmin>
			<ymin>1627</ymin>
			<xmax>1418</xmax>
			<ymax>1858</ymax>
		</bndbox>
	</object>
	<object>
		<name>ref_fork</name>
		<bndbox>
			<xmin>904</xmin>
			<ymin>1392</ymin>
			<xmax>1431</xmax>
			<ymax>1613</ymax>
		</bndbox>
	</object>
	<object>
		<name>ref_coin</name>
		<bndbox>
			<xmin>1293</xmin>
			<ymin>80</ymin>
			<xmax>1474</xmax>
			<ymax>189</ymax>
		</bndbox>
	</object>
	<object>
		<name>dish</name>
		<bndbox>
			<xmin>1194</xmin>
			<ymin>255</ymin>
			<xmax>2345</xmax>
			<ymax>1369</ymax>
		</bndbox>
	</object>
	<object>
		<name>새우볶음밥</name>
		<bndbox>
			<xmin>1339</xmin>
			<ymin>449</ymin>
			<xmax>2167</xmax>
			<ymax>1115</ymax>
		</bndbox>
	</object>
</annotation>