<annotation>
	<folder>top볶음밥류사각배달새우볶음밥q2</folder>
	<filename>top_볶음밥류_사각배달_새우볶음밥_Q2_00039.JPG</filename>
	<path>/top볶음밥류사각배달새우볶음밥q2/top_볶음밥류_사각배달_새우볶음밥_Q2_00039.JPG</path>
	<source>
		<database>fooddata</database>
	</source>
	<size>
		<width>3008</width>
		<height>2000</height>
		<depth>3</depth>
	</size>
	<object>
		<name>ref_spoon</name>
		<bndbox>
			<xmin>484</xmin>
			<ymin>313</ymin>
			<xmax>728</xmax>
			<ymax>765</ymax>
		</bndbox>
	</object>
	<object>
		<name>ref_fork</name>
		<bndbox>
			<xmin>855</xmin>
			<ymin>370</ymin>
			<xmax>1014</xmax>
			<ymax>835</ymax>
		</bndbox>
	</object>
	<object>
		<name>ref_coin</name>
		<bndbox>
			<xmin>2348</xmin>
			<ymin>906</ymin>
			<xmax>2517</xmax>
			<ymax>1080</ymax>
		</bndbox>
	</object>
	<object>
		<name>dish</name>
		<bndbox>
			<xmin>1242</xmin>
			<ymin>327</ymin>
			<xmax>2227</xmax>
			<ymax>1660</ymax>
		</bndbox>
	</object>
	<object>
		<name>새우볶음밥</name>
		<bndbox>
			<xmin>1341</xmin>
			<ymin>472</ymin>
			<xmax>2110</xmax>
			<ymax>1584</ymax>
		</bndbox>
	</object>
</annotation>