<annotation>
	<folder>top볶음밥류사각배달새우볶음밥q2</folder>
	<filename>top_볶음밥류_사각배달_새우볶음밥_Q2_00038.JPG</filename>
	<path>/top볶음밥류사각배달새우볶음밥q2/top_볶음밥류_사각배달_새우볶음밥_Q2_00038.JPG</path>
	<source>
		<database>fooddata</database>
	</source>
	<size>
		<width>3008</width>
		<height>2000</height>
		<depth>3</depth>
	</size>
	<object>
		<name>ref_spoon</name>
		<bndbox>
			<xmin>502</xmin>
			<ymin>277</ymin>
			<xmax>757</xmax>
			<ymax>725</ymax>
		</bndbox>
	</object>
	<object>
		<name>ref_fork</name>
		<bndbox>
			<xmin>872</xmin>
			<ymin>346</ymin>
			<xmax>1035</xmax>
			<ymax>825</ymax>
		</bndbox>
	</object>
	<object>
		<name>ref_coin</name>
		<bndbox>
			<xmin>2377</xmin>
			<ymin>1228</ymin>
			<xmax>2552</xmax>
			<ymax>1406</ymax>
		</bndbox>
	</object>
	<object>
		<name>dish</name>
		<bndbox>
			<xmin>1280</xmin>
			<ymin>339</ymin>
			<xmax>2288</xmax>
			<ymax>1710</ymax>
		</bndbox>
	</object>
	<object>
		<name>새우볶음밥</name>
		<bndbox>
			<xmin>1375</xmin>
			<ymin>497</ymin>
			<xmax>2155</xmax>
			<ymax>1614</ymax>
		</bndbox>
	</object>
</annotation>