<annotation>
	<folder>top볶음밥류사각배달새우볶음밥q2</folder>
	<filename>top_볶음밥류_사각배달_새우볶음밥_Q2_00019.JPG</filename>
	<path>/top볶음밥류사각배달새우볶음밥q2/top_볶음밥류_사각배달_새우볶음밥_Q2_00019.JPG</path>
	<source>
		<database>fooddata</database>
	</source>
	<size>
		<width>3008</width>
		<height>2000</height>
		<depth>3</depth>
	</size>
	<object>
		<name>ref_spoon</name>
		<bndbox>
			<xmin>813</xmin>
			<ymin>1680</ymin>
			<xmax>1225</xmax>
			<ymax>1903</ymax>
		</bndbox>
	</object>
	<object>
		<name>ref_fork</name>
		<bndbox>
			<xmin>897</xmin>
			<ymin>1423</ymin>
			<xmax>1295</xmax>
			<ymax>1563</ymax>
		</bndbox>
	</object>
	<object>
		<name>ref_coin</name>
		<bndbox>
			<xmin>1808</xmin>
			<ymin>1126</ymin>
			<xmax>1953</xmax>
			<ymax>1273</ymax>
		</bndbox>
	</object>
	<object>
		<name>dish</name>
		<bndbox>
			<xmin>837</xmin>
			<ymin>115</ymin>
			<xmax>1930</xmax>
			<ymax>1254</ymax>
		</bndbox>
	</object>
	<object>
		<name>새우볶음밥</name>
		<bndbox>
			<xmin>938</xmin>
			<ymin>308</ymin>
			<xmax>1827</xmax>
			<ymax>1054</ymax>
		</bndbox>
	</object>
</annotation>