<annotation>
	<folder>top볶음밥류사각배달새우볶음밥q2</folder>
	<filename>top_볶음밥류_사각배달_새우볶음밥_Q2_00029.JPG</filename>
	<path>/top볶음밥류사각배달새우볶음밥q2/top_볶음밥류_사각배달_새우볶음밥_Q2_00029.JPG</path>
	<source>
		<database>fooddata</database>
	</source>
	<size>
		<width>3008</width>
		<height>2000</height>
		<depth>3</depth>
	</size>
	<object>
		<name>ref_spoon</name>
		<bndbox>
			<xmin>357</xmin>
			<ymin>355</ymin>
			<xmax>609</xmax>
			<ymax>798</ymax>
		</bndbox>
	</object>
	<object>
		<name>ref_fork</name>
		<bndbox>
			<xmin>730</xmin>
			<ymin>397</ymin>
			<xmax>896</xmax>
			<ymax>878</ymax>
		</bndbox>
	</object>
	<object>
		<name>ref_coin</name>
		<bndbox>
			<xmin>2230</xmin>
			<ymin>885</ymin>
			<xmax>2401</xmax>
			<ymax>1057</ymax>
		</bndbox>
	</object>
	<object>
		<name>dish</name>
		<bndbox>
			<xmin>1032</xmin>
			<ymin>324</ymin>
			<xmax>2054</xmax>
			<ymax>1675</ymax>
		</bndbox>
	</object>
	<object>
		<name>새우볶음밥</name>
		<bndbox>
			<xmin>1120</xmin>
			<ymin>515</ymin>
			<xmax>1944</xmax>
			<ymax>1583</ymax>
		</bndbox>
	</object>
</annotation>