<annotation>
	<folder>top볶음밥류사각배달새우볶음밥q2</folder>
	<filename>top_볶음밥류_사각배달_새우볶음밥_Q2_00010.JPG</filename>
	<path>/top볶음밥류사각배달새우볶음밥q2/top_볶음밥류_사각배달_새우볶음밥_Q2_00010.JPG</path>
	<source>
		<database>fooddata</database>
	</source>
	<size>
		<width>3008</width>
		<height>2000</height>
		<depth>3</depth>
	</size>
	<object>
		<name>ref_spoon</name>
		<bndbox>
			<xmin>1973</xmin>
			<ymin>266</ymin>
			<xmax>2209</xmax>
			<ymax>705</ymax>
		</bndbox>
	</object>
	<object>
		<name>ref_fork</name>
		<bndbox>
			<xmin>2331</xmin>
			<ymin>310</ymin>
			<xmax>2499</xmax>
			<ymax>790</ymax>
		</bndbox>
	</object>
	<object>
		<name>ref_coin</name>
		<bndbox>
			<xmin>590</xmin>
			<ymin>225</ymin>
			<xmax>760</xmax>
			<ymax>391</ymax>
		</bndbox>
	</object>
	<object>
		<name>dish</name>
		<bndbox>
			<xmin>517</xmin>
			<ymin>349</ymin>
			<xmax>1792</xmax>
			<ymax>1806</ymax>
		</bndbox>
	</object>
	<object>
		<name>새우볶음밥</name>
		<bndbox>
			<xmin>873</xmin>
			<ymin>502</ymin>
			<xmax>1693</xmax>
			<ymax>1375</ymax>
		</bndbox>
	</object>
</annotation>