<annotation>
	<folder>top볶음밥류사각배달새우볶음밥q2</folder>
	<filename>top_볶음밥류_사각배달_새우볶음밥_Q2_00044.JPG</filename>
	<path>/top볶음밥류사각배달새우볶음밥q2/top_볶음밥류_사각배달_새우볶음밥_Q2_00044.JPG</path>
	<source>
		<database>fooddata</database>
	</source>
	<size>
		<width>3008</width>
		<height>2000</height>
		<depth>3</depth>
	</size>
	<object>
		<name>ref_spoon</name>
		<bndbox>
			<xmin>316</xmin>
			<ymin>434</ymin>
			<xmax>577</xmax>
			<ymax>892</ymax>
		</bndbox>
	</object>
	<object>
		<name>ref_fork</name>
		<bndbox>
			<xmin>703</xmin>
			<ymin>496</ymin>
			<xmax>869</xmax>
			<ymax>992</ymax>
		</bndbox>
	</object>
	<object>
		<name>ref_coin</name>
		<bndbox>
			<xmin>1576</xmin>
			<ymin>123</ymin>
			<xmax>1753</xmax>
			<ymax>290</ymax>
		</bndbox>
	</object>
	<object>
		<name>dish</name>
		<bndbox>
			<xmin>996</xmin>
			<ymin>436</ymin>
			<xmax>2040</xmax>
			<ymax>1836</ymax>
		</bndbox>
	</object>
	<object>
		<name>새우볶음밥</name>
		<bndbox>
			<xmin>1102</xmin>
			<ymin>561</ymin>
			<xmax>1902</xmax>
			<ymax>1750</ymax>
		</bndbox>
	</object>
</annotation>