<annotation>
	<folder>top볶음밥류사각배달새우볶음밥q2</folder>
	<filename>top_볶음밥류_사각배달_새우볶음밥_Q2_00027.JPG</filename>
	<path>/top볶음밥류사각배달새우볶음밥q2/top_볶음밥류_사각배달_새우볶음밥_Q2_00027.JPG</path>
	<source>
		<database>fooddata</database>
	</source>
	<size>
		<width>3008</width>
		<height>2000</height>
		<depth>3</depth>
	</size>
	<object>
		<name>ref_spoon</name>
		<bndbox>
			<xmin>408</xmin>
			<ymin>356</ymin>
			<xmax>657</xmax>
			<ymax>801</ymax>
		</bndbox>
	</object>
	<object>
		<name>ref_fork</name>
		<bndbox>
			<xmin>786</xmin>
			<ymin>396</ymin>
			<xmax>946</xmax>
			<ymax>870</ymax>
		</bndbox>
	</object>
	<object>
		<name>ref_coin</name>
		<bndbox>
			<xmin>2250</xmin>
			<ymin>1296</ymin>
			<xmax>2421</xmax>
			<ymax>1476</ymax>
		</bndbox>
	</object>
	<object>
		<name>dish</name>
		<bndbox>
			<xmin>1135</xmin>
			<ymin>299</ymin>
			<xmax>2135</xmax>
			<ymax>1640</ymax>
		</bndbox>
	</object>
	<object>
		<name>새우볶음밥</name>
		<bndbox>
			<xmin>1212</xmin>
			<ymin>441</ymin>
			<xmax>1965</xmax>
			<ymax>1543</ymax>
		</bndbox>
	</object>
</annotation>