<annotation>
	<folder>top볶음밥류사각배달새우볶음밥q2</folder>
	<filename>top_볶음밥류_사각배달_새우볶음밥_Q2_00026.JPG</filename>
	<path>/top볶음밥류사각배달새우볶음밥q2/top_볶음밥류_사각배달_새우볶음밥_Q2_00026.JPG</path>
	<source>
		<database>fooddata</database>
	</source>
	<size>
		<width>3008</width>
		<height>2000</height>
		<depth>3</depth>
	</size>
	<object>
		<name>ref_spoon</name>
		<bndbox>
			<xmin>340</xmin>
			<ymin>262</ymin>
			<xmax>591</xmax>
			<ymax>721</ymax>
		</bndbox>
	</object>
	<object>
		<name>ref_fork</name>
		<bndbox>
			<xmin>724</xmin>
			<ymin>303</ymin>
			<xmax>886</xmax>
			<ymax>771</ymax>
		</bndbox>
	</object>
	<object>
		<name>ref_coin</name>
		<bndbox>
			<xmin>1845</xmin>
			<ymin>1540</ymin>
			<xmax>2020</xmax>
			<ymax>1718</ymax>
		</bndbox>
	</object>
	<object>
		<name>dish</name>
		<bndbox>
			<xmin>908</xmin>
			<ymin>183</ymin>
			<xmax>1928</xmax>
			<ymax>1538</ymax>
		</bndbox>
	</object>
	<object>
		<name>새우볶음밥</name>
		<bndbox>
			<xmin>1029</xmin>
			<ymin>331</ymin>
			<xmax>1761</xmax>
			<ymax>1442</ymax>
		</bndbox>
	</object>
</annotation>