<annotation>
	<folder>side주먹밥김밥류접시김밥q2</folder>
	<filename>side_주먹밥김밥류_접시_김밥_Q2_00029.JPG</filename>
	<path>/side주먹밥김밥류접시김밥q2/side_주먹밥김밥류_접시_김밥_Q2_00029.JPG</path>
	<source>
		<database>fooddata</database>
	</source>
	<size>
		<width>5472</width>
		<height>3648</height>
		<depth>3</depth>
	</size>
	<object>
		<name>ref_spoon</name>
		<bndbox>
			<xmin>618</xmin>
			<ymin>988</ymin>
			<xmax>1076</xmax>
			<ymax>1702</ymax>
		</bndbox>
	</object>
	<object>
		<name>ref_fork</name>
		<bndbox>
			<xmin>1230</xmin>
			<ymin>988</ymin>
			<xmax>1534</xmax>
			<ymax>1702</ymax>
		</bndbox>
	</object>
	<object>
		<name>ref_coin</name>
		<bndbox>
			<xmin>2361</xmin>
			<ymin>994</ymin>
			<xmax>2683</xmax>
			<ymax>1238</ymax>
		</bndbox>
	</object>
	<object>
		<name>dish</name>
		<bndbox>
			<xmin>1629</xmin>
			<ymin>893</ymin>
			<xmax>5099</xmax>
			<ymax>2976</ymax>
		</bndbox>
	</object>
	<object>
		<name>김밥</name>
		<bndbox>
			<xmin>2450</xmin>
			<ymin>1321</ymin>
			<xmax>4349</xmax>
			<ymax>2351</ymax>
		</bndbox>
	</object>
</annotation>