<annotation>
	<folder>side주먹밥김밥류접시김밥q2</folder>
	<filename>side_주먹밥김밥류_접시_김밥_Q2_00033.JPG</filename>
	<path>/side주먹밥김밥류접시김밥q2/side_주먹밥김밥류_접시_김밥_Q2_00033.JPG</path>
	<source>
		<database>fooddata</database>
	</source>
	<size>
		<width>5472</width>
		<height>3648</height>
		<depth>3</depth>
	</size>
	<object>
		<name>ref_spoon</name>
		<bndbox>
			<xmin>1522</xmin>
			<ymin>2886</ymin>
			<xmax>2516</xmax>
			<ymax>3362</ymax>
		</bndbox>
	</object>
	<object>
		<name>ref_fork</name>
		<bndbox>
			<xmin>1605</xmin>
			<ymin>2416</ymin>
			<xmax>2647</xmax>
			<ymax>2773</ymax>
		</bndbox>
	</object>
	<object>
		<name>ref_coin</name>
		<bndbox>
			<xmin>4581</xmin>
			<ymin>1720</ymin>
			<xmax>4950</xmax>
			<ymax>2017</ymax>
		</bndbox>
	</object>
	<object>
		<name>dish</name>
		<bndbox>
			<xmin>951</xmin>
			<ymin>803</ymin>
			<xmax>4391</xmax>
			<ymax>2250</ymax>
		</bndbox>
	</object>
	<object>
		<name>김밥</name>
		<bndbox>
			<xmin>1647</xmin>
			<ymin>1000</ymin>
			<xmax>3391</xmax>
			<ymax>1994</ymax>
		</bndbox>
	</object>
</annotation>