<annotation>
	<folder>side주먹밥김밥류접시김밥q2</folder>
	<filename>side_주먹밥김밥류_접시_김밥_Q2_00028.JPG</filename>
	<path>/side주먹밥김밥류접시김밥q2/side_주먹밥김밥류_접시_김밥_Q2_00028.JPG</path>
	<source>
		<database>fooddata</database>
	</source>
	<size>
		<width>5472</width>
		<height>3648</height>
		<depth>3</depth>
	</size>
	<object>
		<name>ref_spoon</name>
		<bndbox>
			<xmin>623</xmin>
			<ymin>1071</ymin>
			<xmax>1070</xmax>
			<ymax>1803</ymax>
		</bndbox>
	</object>
	<object>
		<name>ref_fork</name>
		<bndbox>
			<xmin>1219</xmin>
			<ymin>1077</ymin>
			<xmax>1534</xmax>
			<ymax>1809</ymax>
		</bndbox>
	</object>
	<object>
		<name>ref_coin</name>
		<bndbox>
			<xmin>2653</xmin>
			<ymin>940</ymin>
			<xmax>2980</xmax>
			<ymax>1166</ymax>
		</bndbox>
	</object>
	<object>
		<name>dish</name>
		<bndbox>
			<xmin>1599</xmin>
			<ymin>1196</ymin>
			<xmax>4962</xmax>
			<ymax>2743</ymax>
		</bndbox>
	</object>
	<object>
		<name>김밥</name>
		<bndbox>
			<xmin>2224</xmin>
			<ymin>1506</ymin>
			<xmax>4206</xmax>
			<ymax>2333</ymax>
		</bndbox>
	</object>
</annotation>