<annotation>
	<folder>side주먹밥김밥류접시김밥q2</folder>
	<filename>side_주먹밥김밥류_접시_김밥_Q2_00053.JPG</filename>
	<path>/side주먹밥김밥류접시김밥q2/side_주먹밥김밥류_접시_김밥_Q2_00053.JPG</path>
	<source>
		<database>fooddata</database>
	</source>
	<size>
		<width>5472</width>
		<height>3648</height>
		<depth>3</depth>
	</size>
	<object>
		<name>ref_spoon</name>
		<bndbox>
			<xmin>1695</xmin>
			<ymin>2708</ymin>
			<xmax>2683</xmax>
			<ymax>3184</ymax>
		</bndbox>
	</object>
	<object>
		<name>ref_fork</name>
		<bndbox>
			<xmin>1778</xmin>
			<ymin>2190</ymin>
			<xmax>2748</xmax>
			<ymax>2583</ymax>
		</bndbox>
	</object>
	<object>
		<name>ref_coin</name>
		<bndbox>
			<xmin>2855</xmin>
			<ymin>292</ymin>
			<xmax>3200</xmax>
			<ymax>547</ymax>
		</bndbox>
	</object>
	<object>
		<name>dish</name>
		<bndbox>
			<xmin>1117</xmin>
			<ymin>655</ymin>
			<xmax>4623</xmax>
			<ymax>2029</ymax>
		</bndbox>
	</object>
	<object>
		<name>김밥</name>
		<bndbox>
			<xmin>1296</xmin>
			<ymin>815</ymin>
			<xmax>4266</xmax>
			<ymax>1875</ymax>
		</bndbox>
	</object>
</annotation>