<annotation>
	<folder>side주먹밥김밥류접시김밥q2</folder>
	<filename>side_주먹밥김밥류_접시_김밥_Q2_00027.JPG</filename>
	<path>/side주먹밥김밥류접시김밥q2/side_주먹밥김밥류_접시_김밥_Q2_00027.JPG</path>
	<source>
		<database>fooddata</database>
	</source>
	<size>
		<width>5472</width>
		<height>3648</height>
		<depth>3</depth>
	</size>
	<object>
		<name>ref_spoon</name>
		<bndbox>
			<xmin>719</xmin>
			<ymin>1030</ymin>
			<xmax>1153</xmax>
			<ymax>1720</ymax>
		</bndbox>
	</object>
	<object>
		<name>ref_fork</name>
		<bndbox>
			<xmin>1326</xmin>
			<ymin>1041</ymin>
			<xmax>1629</xmax>
			<ymax>1756</ymax>
		</bndbox>
	</object>
	<object>
		<name>ref_coin</name>
		<bndbox>
			<xmin>3022</xmin>
			<ymin>809</ymin>
			<xmax>3355</xmax>
			<ymax>1041</ymax>
		</bndbox>
	</object>
	<object>
		<name>dish</name>
		<bndbox>
			<xmin>1724</xmin>
			<ymin>1137</ymin>
			<xmax>5063</xmax>
			<ymax>2708</ymax>
		</bndbox>
	</object>
	<object>
		<name>김밥</name>
		<bndbox>
			<xmin>2415</xmin>
			<ymin>1488</ymin>
			<xmax>4331</xmax>
			<ymax>2470</ymax>
		</bndbox>
	</object>
</annotation>