<annotation>
	<folder>side주먹밥김밥류접시김밥q2</folder>
	<filename>side_주먹밥김밥류_접시_김밥_Q2_00052.JPG</filename>
	<path>/side주먹밥김밥류접시김밥q2/side_주먹밥김밥류_접시_김밥_Q2_00052.JPG</path>
	<source>
		<database>fooddata</database>
	</source>
	<size>
		<width>5472</width>
		<height>3648</height>
		<depth>3</depth>
	</size>
	<object>
		<name>ref_spoon</name>
		<bndbox>
			<xmin>1671</xmin>
			<ymin>2749</ymin>
			<xmax>2575</xmax>
			<ymax>3225</ymax>
		</bndbox>
	</object>
	<object>
		<name>ref_fork</name>
		<bndbox>
			<xmin>1754</xmin>
			<ymin>2250</ymin>
			<xmax>2724</xmax>
			<ymax>2648</ymax>
		</bndbox>
	</object>
	<object>
		<name>ref_coin</name>
		<bndbox>
			<xmin>3028</xmin>
			<ymin>286</ymin>
			<xmax>3361</xmax>
			<ymax>577</ymax>
		</bndbox>
	</object>
	<object>
		<name>dish</name>
		<bndbox>
			<xmin>1058</xmin>
			<ymin>732</ymin>
			<xmax>4575</xmax>
			<ymax>2089</ymax>
		</bndbox>
	</object>
	<object>
		<name>김밥</name>
		<bndbox>
			<xmin>1254</xmin>
			<ymin>839</ymin>
			<xmax>4236</xmax>
			<ymax>1934</ymax>
		</bndbox>
	</object>
</annotation>