<annotation>
	<folder>side주먹밥김밥류접시김밥q2</folder>
	<filename>side_주먹밥김밥류_접시_김밥_Q2_00011.JPG</filename>
	<path>/side주먹밥김밥류접시김밥q2/side_주먹밥김밥류_접시_김밥_Q2_00011.JPG</path>
	<source>
		<database>fooddata</database>
	</source>
	<size>
		<width>5472</width>
		<height>3648</height>
		<depth>3</depth>
	</size>
	<object>
		<name>ref_spoon</name>
		<bndbox>
			<xmin>3724</xmin>
			<ymin>881</ymin>
			<xmax>4152</xmax>
			<ymax>1500</ymax>
		</bndbox>
	</object>
	<object>
		<name>ref_fork</name>
		<bndbox>
			<xmin>4396</xmin>
			<ymin>922</ymin>
			<xmax>4730</xmax>
			<ymax>1654</ymax>
		</bndbox>
	</object>
	<object>
		<name>ref_coin</name>
		<bndbox>
			<xmin>3034</xmin>
			<ymin>1470</ymin>
			<xmax>3349</xmax>
			<ymax>1714</ymax>
		</bndbox>
	</object>
	<object>
		<name>dish</name>
		<bndbox>
			<xmin>558</xmin>
			<ymin>786</ymin>
			<xmax>3528</xmax>
			<ymax>3309</ymax>
		</bndbox>
	</object>
	<object>
		<name>김밥</name>
		<bndbox>
			<xmin>1415</xmin>
			<ymin>1268</ymin>
			<xmax>2778</xmax>
			<ymax>2488</ymax>
		</bndbox>
	</object>
</annotation>