<annotation>
	<folder>side주먹밥김밥류접시김밥q2</folder>
	<filename>side_주먹밥김밥류_접시_김밥_Q2_00007.JPG</filename>
	<path>/side주먹밥김밥류접시김밥q2/side_주먹밥김밥류_접시_김밥_Q2_00007.JPG</path>
	<source>
		<database>fooddata</database>
	</source>
	<size>
		<width>5472</width>
		<height>3648</height>
		<depth>3</depth>
	</size>
	<object>
		<name>ref_spoon</name>
		<bndbox>
			<xmin>3420</xmin>
			<ymin>667</ymin>
			<xmax>3897</xmax>
			<ymax>1351</ymax>
		</bndbox>
	</object>
	<object>
		<name>ref_fork</name>
		<bndbox>
			<xmin>4182</xmin>
			<ymin>678</ymin>
			<xmax>4533</xmax>
			<ymax>1512</ymax>
		</bndbox>
	</object>
	<object>
		<name>ref_coin</name>
		<bndbox>
			<xmin>743</xmin>
			<ymin>1262</ymin>
			<xmax>1123</xmax>
			<ymax>1547</ymax>
		</bndbox>
	</object>
	<object>
		<name>dish</name>
		<bndbox>
			<xmin>243</xmin>
			<ymin>518</ymin>
			<xmax>3176</xmax>
			<ymax>3315</ymax>
		</bndbox>
	</object>
	<object>
		<name>김밥</name>
		<bndbox>
			<xmin>1129</xmin>
			<ymin>1000</ymin>
			<xmax>2248</xmax>
			<ymax>2547</ymax>
		</bndbox>
	</object>
</annotation>