<annotation>
	<folder>side주먹밥김밥류접시김밥q2</folder>
	<filename>side_주먹밥김밥류_접시_김밥_Q2_00005.JPG</filename>
	<path>/side주먹밥김밥류접시김밥q2/side_주먹밥김밥류_접시_김밥_Q2_00005.JPG</path>
	<source>
		<database>fooddata</database>
	</source>
	<size>
		<width>5472</width>
		<height>3648</height>
		<depth>3</depth>
	</size>
	<object>
		<name>ref_spoon</name>
		<bndbox>
			<xmin>3504</xmin>
			<ymin>726</ymin>
			<xmax>3968</xmax>
			<ymax>1482</ymax>
		</bndbox>
	</object>
	<object>
		<name>ref_fork</name>
		<bndbox>
			<xmin>4271</xmin>
			<ymin>750</ymin>
			<xmax>4611</xmax>
			<ymax>1595</ymax>
		</bndbox>
	</object>
	<object>
		<name>ref_coin</name>
		<bndbox>
			<xmin>641</xmin>
			<ymin>2119</ymin>
			<xmax>1016</xmax>
			<ymax>2428</ymax>
		</bndbox>
	</object>
	<object>
		<name>dish</name>
		<bndbox>
			<xmin>891</xmin>
			<ymin>470</ymin>
			<xmax>3557</xmax>
			<ymax>3225</ymax>
		</bndbox>
	</object>
	<object>
		<name>김밥</name>
		<bndbox>
			<xmin>1457</xmin>
			<ymin>1053</ymin>
			<xmax>2623</xmax>
			<ymax>2541</ymax>
		</bndbox>
	</object>
</annotation>