<annotation>
	<folder>side주먹밥김밥류접시김밥q2</folder>
	<filename>side_주먹밥김밥류_접시_김밥_Q2_00044.JPG</filename>
	<path>/side주먹밥김밥류접시김밥q2/side_주먹밥김밥류_접시_김밥_Q2_00044.JPG</path>
	<source>
		<database>fooddata</database>
	</source>
	<size>
		<width>5472</width>
		<height>3648</height>
		<depth>3</depth>
	</size>
	<object>
		<name>ref_spoon</name>
		<bndbox>
			<xmin>1683</xmin>
			<ymin>2690</ymin>
			<xmax>2659</xmax>
			<ymax>3172</ymax>
		</bndbox>
	</object>
	<object>
		<name>ref_fork</name>
		<bndbox>
			<xmin>1766</xmin>
			<ymin>2238</ymin>
			<xmax>2778</xmax>
			<ymax>2595</ymax>
		</bndbox>
	</object>
	<object>
		<name>ref_coin</name>
		<bndbox>
			<xmin>2224</xmin>
			<ymin>345</ymin>
			<xmax>2587</xmax>
			<ymax>631</ymax>
		</bndbox>
	</object>
	<object>
		<name>dish</name>
		<bndbox>
			<xmin>1100</xmin>
			<ymin>655</ymin>
			<xmax>4593</xmax>
			<ymax>2047</ymax>
		</bndbox>
	</object>
	<object>
		<name>김밥</name>
		<bndbox>
			<xmin>1659</xmin>
			<ymin>982</ymin>
			<xmax>4033</xmax>
			<ymax>1672</ymax>
		</bndbox>
	</object>
</annotation>