<annotation>
	<folder>side주먹밥김밥류접시김밥q2</folder>
	<filename>side_주먹밥김밥류_접시_김밥_Q2_00020.JPG</filename>
	<path>/side주먹밥김밥류접시김밥q2/side_주먹밥김밥류_접시_김밥_Q2_00020.JPG</path>
	<source>
		<database>fooddata</database>
	</source>
	<size>
		<width>5472</width>
		<height>3648</height>
		<depth>3</depth>
	</size>
	<object>
		<name>ref_spoon</name>
		<bndbox>
			<xmin>1028</xmin>
			<ymin>1107</ymin>
			<xmax>1445</xmax>
			<ymax>1809</ymax>
		</bndbox>
	</object>
	<object>
		<name>ref_fork</name>
		<bndbox>
			<xmin>1617</xmin>
			<ymin>1113</ymin>
			<xmax>1909</xmax>
			<ymax>1922</ymax>
		</bndbox>
	</object>
	<object>
		<name>ref_coin</name>
		<bndbox>
			<xmin>3379</xmin>
			<ymin>3041</ymin>
			<xmax>3742</xmax>
			<ymax>3350</ymax>
		</bndbox>
	</object>
	<object>
		<name>dish</name>
		<bndbox>
			<xmin>2028</xmin>
			<ymin>351</ymin>
			<xmax>4569</xmax>
			<ymax>2672</ymax>
		</bndbox>
	</object>
	<object>
		<name>김밥</name>
		<bndbox>
			<xmin>2599</xmin>
			<ymin>803</ymin>
			<xmax>3932</xmax>
			<ymax>2029</ymax>
		</bndbox>
	</object>
</annotation>