<annotation>
	<folder>top주먹밥김밥류접시깁밥q2</folder>
	<filename>top_주먹밥김밥류_접시_김밥_Q2_00014.JPG</filename>
	<path>/top주먹밥김밥류접시김밥q2/top_주먹밥김밥류_접시_김밥_Q2_00014.JPG</path>
	<source>
		<database>fooddata</database>
	</source>
	<size>
		<width>5472</width>
		<height>3648</height>
		<depth>3</depth>
	</size>
	<object>
		<name>ref_spoon</name>
		<bndbox>
			<xmin>1097</xmin>
			<ymin>969</ymin>
			<xmax>1484</xmax>
			<ymax>1666</ymax>
		</bndbox>
	</object>
	<object>
		<name>ref_fork</name>
		<bndbox>
			<xmin>1652</xmin>
			<ymin>1001</ymin>
			<xmax>1929</xmax>
			<ymax>1743</ymax>
		</bndbox>
	</object>
	<object>
		<name>ref_coin</name>
		<bndbox>
			<xmin>2168</xmin>
			<ymin>2647</ymin>
			<xmax>2465</xmax>
			<ymax>2969</ymax>
		</bndbox>
	</object>
	<object>
		<name>dish</name>
		<bndbox>
			<xmin>2258</xmin>
			<ymin>550</ymin>
			<xmax>4220</xmax>
			<ymax>3434</ymax>
		</bndbox>
	</object>
	<object>
		<name>김밥</name>
		<bndbox>
			<xmin>2936</xmin>
			<ymin>1298</ymin>
			<xmax>3639</xmax>
			<ymax>2698</ymax>
		</bndbox>
	</object>
</annotation>