<annotation>
	<folder>top주먹밥김밥류접시깁밥q2</folder>
	<filename>top_주먹밥김밥류_접시_김밥_Q2_00016.JPG</filename>
	<path>/top주먹밥김밥류접시김밥q2/top_주먹밥김밥류_접시_김밥_Q2_00016.JPG</path>
	<source>
		<database>fooddata</database>
	</source>
	<size>
		<width>5472</width>
		<height>3648</height>
		<depth>3</depth>
	</size>
	<object>
		<name>ref_spoon</name>
		<bndbox>
			<xmin>1316</xmin>
			<ymin>917</ymin>
			<xmax>1691</xmax>
			<ymax>1582</ymax>
		</bndbox>
	</object>
	<object>
		<name>ref_fork</name>
		<bndbox>
			<xmin>1871</xmin>
			<ymin>943</ymin>
			<xmax>2129</xmax>
			<ymax>1698</ymax>
		</bndbox>
	</object>
	<object>
		<name>ref_coin</name>
		<bndbox>
			<xmin>4272</xmin>
			<ymin>2260</ymin>
			<xmax>4569</xmax>
			<ymax>2556</ymax>
		</bndbox>
	</object>
	<object>
		<name>dish</name>
		<bndbox>
			<xmin>2013</xmin>
			<ymin>382</ymin>
			<xmax>4517</xmax>
			<ymax>3273</ymax>
		</bndbox>
	</object>
	<object>
		<name>김밥</name>
		<bndbox>
			<xmin>2775</xmin>
			<ymin>1214</ymin>
			<xmax>3807</xmax>
			<ymax>2492</ymax>
		</bndbox>
	</object>
</annotation>