<annotation>
	<folder>top주먹밥김밥류접시깁밥q2</folder>
	<filename>top_주먹밥김밥류_접시_김밥_Q2_00033.JPG</filename>
	<path>/top주먹밥김밥류접시김밥q2/top_주먹밥김밥류_접시_김밥_Q2_00033.JPG</path>
	<source>
		<database>fooddata</database>
	</source>
	<size>
		<width>5472</width>
		<height>3648</height>
		<depth>3</depth>
	</size>
	<object>
		<name>ref_spoon</name>
		<bndbox>
			<xmin>1271</xmin>
			<ymin>2815</ymin>
			<xmax>2117</xmax>
			<ymax>3318</ymax>
		</bndbox>
	</object>
	<object>
		<name>ref_fork</name>
		<bndbox>
			<xmin>1342</xmin>
			<ymin>2356</ymin>
			<xmax>2246</xmax>
			<ymax>2698</ymax>
		</bndbox>
	</object>
	<object>
		<name>ref_coin</name>
		<bndbox>
			<xmin>4472</xmin>
			<ymin>1498</ymin>
			<xmax>4820</xmax>
			<ymax>1872</ymax>
		</bndbox>
	</object>
	<object>
		<name>dish</name>
		<bndbox>
			<xmin>1110</xmin>
			<ymin>446</ymin>
			<xmax>4375</xmax>
			<ymax>2072</ymax>
		</bndbox>
	</object>
	<object>
		<name>김밥</name>
		<bndbox>
			<xmin>1858</xmin>
			<ymin>872</ymin>
			<xmax>3678</xmax>
			<ymax>1563</ymax>
		</bndbox>
	</object>
</annotation>