<annotation>
	<folder>top주먹밥김밥류접시깁밥q2</folder>
	<filename>top_주먹밥김밥류_접시_김밥_Q2_00035.JPG</filename>
	<path>/top주먹밥김밥류접시김밥q2/top_주먹밥김밥류_접시_김밥_Q2_00035.JPG</path>
	<source>
		<database>fooddata</database>
	</source>
	<size>
		<width>5472</width>
		<height>3648</height>
		<depth>3</depth>
	</size>
	<object>
		<name>ref_spoon</name>
		<bndbox>
			<xmin>1329</xmin>
			<ymin>2853</ymin>
			<xmax>2175</xmax>
			<ymax>3363</ymax>
		</bndbox>
	</object>
	<object>
		<name>ref_fork</name>
		<bndbox>
			<xmin>1387</xmin>
			<ymin>2414</ymin>
			<xmax>2297</xmax>
			<ymax>2750</ymax>
		</bndbox>
	</object>
	<object>
		<name>ref_coin</name>
		<bndbox>
			<xmin>4452</xmin>
			<ymin>853</ymin>
			<xmax>4775</xmax>
			<ymax>1201</ymax>
		</bndbox>
	</object>
	<object>
		<name>dish</name>
		<bndbox>
			<xmin>1168</xmin>
			<ymin>556</ymin>
			<xmax>4317</xmax>
			<ymax>2137</ymax>
		</bndbox>
	</object>
	<object>
		<name>김밥</name>
		<bndbox>
			<xmin>1542</xmin>
			<ymin>982</ymin>
			<xmax>3659</xmax>
			<ymax>1718</ymax>
		</bndbox>
	</object>
</annotation>