<annotation>
	<folder>top주먹밥김밥류접시깁밥q2</folder>
	<filename>top_주먹밥김밥류_접시_김밥_Q2_00004.JPG</filename>
	<path>/top주먹밥김밥류접시김밥q2/top_주먹밥김밥류_접시_김밥_Q2_00004.JPG</path>
	<source>
		<database>fooddata</database>
	</source>
	<size>
		<width>5472</width>
		<height>3648</height>
		<depth>3</depth>
	</size>
	<object>
		<name>ref_spoon</name>
		<bndbox>
			<xmin>1058</xmin>
			<ymin>659</ymin>
			<xmax>1471</xmax>
			<ymax>1434</ymax>
		</bndbox>
	</object>
	<object>
		<name>ref_fork</name>
		<bndbox>
			<xmin>1626</xmin>
			<ymin>692</ymin>
			<xmax>1897</xmax>
			<ymax>1472</ymax>
		</bndbox>
	</object>
	<object>
		<name>ref_coin</name>
		<bndbox>
			<xmin>2136</xmin>
			<ymin>2156</ymin>
			<xmax>2426</xmax>
			<ymax>2466</ymax>
		</bndbox>
	</object>
	<object>
		<name>dish</name>
		<bndbox>
			<xmin>2046</xmin>
			<ymin>304</ymin>
			<xmax>4878</xmax>
			<ymax>3266</ymax>
		</bndbox>
	</object>
	<object>
		<name>김밥</name>
		<bndbox>
			<xmin>2794</xmin>
			<ymin>1098</ymin>
			<xmax>3943</xmax>
			<ymax>2311</ymax>
		</bndbox>
	</object>
</annotation>