<annotation>
	<folder>top주먹밥김밥류접시깁밥q2</folder>
	<filename>top_주먹밥김밥류_접시_김밥_Q2_00045.JPG</filename>
	<path>/top주먹밥김밥류접시김밥q2/top_주먹밥김밥류_접시_김밥_Q2_00045.JPG</path>
	<source>
		<database>fooddata</database>
	</source>
	<size>
		<width>5472</width>
		<height>3648</height>
		<depth>3</depth>
	</size>
	<object>
		<name>ref_spoon</name>
		<bndbox>
			<xmin>1420</xmin>
			<ymin>2853</ymin>
			<xmax>2194</xmax>
			<ymax>3318</ymax>
		</bndbox>
	</object>
	<object>
		<name>ref_fork</name>
		<bndbox>
			<xmin>1491</xmin>
			<ymin>2440</ymin>
			<xmax>2284</xmax>
			<ymax>2763</ymax>
		</bndbox>
	</object>
	<object>
		<name>ref_coin</name>
		<bndbox>
			<xmin>1987</xmin>
			<ymin>291</ymin>
			<xmax>2271</xmax>
			<ymax>595</ymax>
		</bndbox>
	</object>
	<object>
		<name>dish</name>
		<bndbox>
			<xmin>1258</xmin>
			<ymin>788</ymin>
			<xmax>4104</xmax>
			<ymax>2195</ymax>
		</bndbox>
	</object>
	<object>
		<name>김밥</name>
		<bndbox>
			<xmin>1704</xmin>
			<ymin>943</ymin>
			<xmax>3097</xmax>
			<ymax>1956</ymax>
		</bndbox>
	</object>
</annotation>