<annotation>
	<folder>top주먹밥김밥류접시깁밥q2</folder>
	<filename>top_주먹밥김밥류_접시_김밥_Q2_00049.JPG</filename>
	<path>/top주먹밥김밥류접시김밥q2/top_주먹밥김밥류_접시_김밥_Q2_00049.JPG</path>
	<source>
		<database>fooddata</database>
	</source>
	<size>
		<width>5472</width>
		<height>3648</height>
		<depth>3</depth>
	</size>
	<object>
		<name>ref_spoon</name>
		<bndbox>
			<xmin>1213</xmin>
			<ymin>2860</ymin>
			<xmax>1987</xmax>
			<ymax>3344</ymax>
		</bndbox>
	</object>
	<object>
		<name>ref_fork</name>
		<bndbox>
			<xmin>1278</xmin>
			<ymin>2460</ymin>
			<xmax>2123</xmax>
			<ymax>2769</ymax>
		</bndbox>
	</object>
	<object>
		<name>ref_coin</name>
		<bndbox>
			<xmin>736</xmin>
			<ymin>672</ymin>
			<xmax>1058</xmax>
			<ymax>956</ymax>
		</bndbox>
	</object>
	<object>
		<name>dish</name>
		<bndbox>
			<xmin>1065</xmin>
			<ymin>795</ymin>
			<xmax>3968</xmax>
			<ymax>2208</ymax>
		</bndbox>
	</object>
	<object>
		<name>김밥</name>
		<bndbox>
			<xmin>1271</xmin>
			<ymin>1182</ymin>
			<xmax>3452</xmax>
			<ymax>1898</ymax>
		</bndbox>
	</object>
</annotation>