<annotation>
	<folder>top주먹밥김밥류접시깁밥q2</folder>
	<filename>top_주먹밥김밥류_접시_김밥_Q2_00009.JPG</filename>
	<path>/top주먹밥김밥류접시김밥q2/top_주먹밥김밥류_접시_김밥_Q2_00009.JPG</path>
	<source>
		<database>fooddata</database>
	</source>
	<size>
		<width>5472</width>
		<height>3648</height>
		<depth>3</depth>
	</size>
	<object>
		<name>ref_spoon</name>
		<bndbox>
			<xmin>1084</xmin>
			<ymin>898</ymin>
			<xmax>1452</xmax>
			<ymax>1595</ymax>
		</bndbox>
	</object>
	<object>
		<name>ref_fork</name>
		<bndbox>
			<xmin>1626</xmin>
			<ymin>950</ymin>
			<xmax>1884</xmax>
			<ymax>1666</ymax>
		</bndbox>
	</object>
	<object>
		<name>ref_coin</name>
		<bndbox>
			<xmin>2762</xmin>
			<ymin>750</ymin>
			<xmax>3052</xmax>
			<ymax>1008</ymax>
		</bndbox>
	</object>
	<object>
		<name>dish</name>
		<bndbox>
			<xmin>1781</xmin>
			<ymin>524</ymin>
			<xmax>4652</xmax>
			<ymax>3221</ymax>
		</bndbox>
	</object>
	<object>
		<name>김밥</name>
		<bndbox>
			<xmin>2659</xmin>
			<ymin>1201</ymin>
			<xmax>3878</xmax>
			<ymax>2260</ymax>
		</bndbox>
	</object>
</annotation>