<annotation>
	<folder>top주먹밥김밥류접시깁밥q2</folder>
	<filename>top_주먹밥김밥류_접시_김밥_Q2_00047.JPG</filename>
	<path>/top주먹밥김밥류접시김밥q2/top_주먹밥김밥류_접시_김밥_Q2_00047.JPG</path>
	<source>
		<database>fooddata</database>
	</source>
	<size>
		<width>5472</width>
		<height>3648</height>
		<depth>3</depth>
	</size>
	<object>
		<name>ref_spoon</name>
		<bndbox>
			<xmin>1303</xmin>
			<ymin>2905</ymin>
			<xmax>2078</xmax>
			<ymax>3357</ymax>
		</bndbox>
	</object>
	<object>
		<name>ref_fork</name>
		<bndbox>
			<xmin>1355</xmin>
			<ymin>2485</ymin>
			<xmax>2207</xmax>
			<ymax>2789</ymax>
		</bndbox>
	</object>
	<object>
		<name>ref_coin</name>
		<bndbox>
			<xmin>1491</xmin>
			<ymin>317</ymin>
			<xmax>1787</xmax>
			<ymax>595</ymax>
		</bndbox>
	</object>
	<object>
		<name>dish</name>
		<bndbox>
			<xmin>1162</xmin>
			<ymin>782</ymin>
			<xmax>4039</xmax>
			<ymax>2208</ymax>
		</bndbox>
	</object>
	<object>
		<name>김밥</name>
		<bndbox>
			<xmin>1362</xmin>
			<ymin>1072</ymin>
			<xmax>3439</xmax>
			<ymax>2034</ymax>
		</bndbox>
	</object>
</annotation>