<annotation>
	<folder>top주먹밥김밥류접시깁밥q2</folder>
	<filename>top_주먹밥김밥류_접시_김밥_Q2_00029.JPG</filename>
	<path>/top주먹밥김밥류접시김밥q2/top_주먹밥김밥류_접시_김밥_Q2_00029.JPG</path>
	<source>
		<database>fooddata</database>
	</source>
	<size>
		<width>5472</width>
		<height>3648</height>
		<depth>3</depth>
	</size>
	<object>
		<name>ref_spoon</name>
		<bndbox>
			<xmin>4078</xmin>
			<ymin>737</ymin>
			<xmax>4517</xmax>
			<ymax>1511</ymax>
		</bndbox>
	</object>
	<object>
		<name>ref_fork</name>
		<bndbox>
			<xmin>4685</xmin>
			<ymin>814</ymin>
			<xmax>5014</xmax>
			<ymax>1685</ymax>
		</bndbox>
	</object>
	<object>
		<name>ref_coin</name>
		<bndbox>
			<xmin>3110</xmin>
			<ymin>1034</ymin>
			<xmax>3439</xmax>
			<ymax>1356</ymax>
		</bndbox>
	</object>
	<object>
		<name>dish</name>
		<bndbox>
			<xmin>542</xmin>
			<ymin>1472</ymin>
			<xmax>3910</xmax>
			<ymax>3460</ymax>
		</bndbox>
	</object>
	<object>
		<name>김밥</name>
		<bndbox>
			<xmin>1362</xmin>
			<ymin>1911</ymin>
			<xmax>3149</xmax>
			<ymax>2982</ymax>
		</bndbox>
	</object>
</annotation>