<annotation>
	<folder>top주먹밥김밥류접시깁밥q2</folder>
	<filename>top_주먹밥김밥류_접시_김밥_Q2_00050.JPG</filename>
	<path>/top주먹밥김밥류접시김밥q2/top_주먹밥김밥류_접시_김밥_Q2_00050.JPG</path>
	<source>
		<database>fooddata</database>
	</source>
	<size>
		<width>5472</width>
		<height>3648</height>
		<depth>3</depth>
	</size>
	<object>
		<name>ref_spoon</name>
		<bndbox>
			<xmin>1291</xmin>
			<ymin>2898</ymin>
			<xmax>2117</xmax>
			<ymax>3369</ymax>
		</bndbox>
	</object>
	<object>
		<name>ref_fork</name>
		<bndbox>
			<xmin>1355</xmin>
			<ymin>2492</ymin>
			<xmax>2194</xmax>
			<ymax>2789</ymax>
		</bndbox>
	</object>
	<object>
		<name>ref_coin</name>
		<bndbox>
			<xmin>2626</xmin>
			<ymin>324</ymin>
			<xmax>2923</xmax>
			<ymax>627</ymax>
		</bndbox>
	</object>
	<object>
		<name>dish</name>
		<bndbox>
			<xmin>1103</xmin>
			<ymin>795</ymin>
			<xmax>4039</xmax>
			<ymax>2221</ymax>
		</bndbox>
	</object>
	<object>
		<name>김밥</name>
		<bndbox>
			<xmin>1962</xmin>
			<ymin>1175</ymin>
			<xmax>3530</xmax>
			<ymax>2085</ymax>
		</bndbox>
	</object>
</annotation>