<annotation>
	<folder>side육류부피배달종이박스치킨윙q4</folder>
	<filename>side_육류부피_배달종이박스_치킨윙_Q4_00006.JPG</filename>
	<path>/side육류부피배달종이박스치킨윙q4/side_육류부피_배달종이박스_치킨윙_Q4_00006.JPG</path>
	<source>
		<database>fooddata</database>
	</source>
	<size>
		<width>3008</width>
		<height>2000</height>
		<depth>3</depth>
	</size>
	<object>
		<name>ref_spoon</name>
		<bndbox>
			<xmin>1987</xmin>
			<ymin>384</ymin>
			<xmax>2290</xmax>
			<ymax>773</ymax>
		</bndbox>
	</object>
	<object>
		<name>ref_fork</name>
		<bndbox>
			<xmin>2413</xmin>
			<ymin>433</ymin>
			<xmax>2621</xmax>
			<ymax>872</ymax>
		</bndbox>
	</object>
	<object>
		<name>ref_coin</name>
		<bndbox>
			<xmin>295</xmin>
			<ymin>1334</ymin>
			<xmax>554</xmax>
			<ymax>1530</ymax>
		</bndbox>
	</object>
	<object>
		<name>dish</name>
		<bndbox>
			<xmin>376</xmin>
			<ymin>300</ymin>
			<xmax>2005</xmax>
			<ymax>1512</ymax>
		</bndbox>
	</object>
	<object>
		<name>치킨윙</name>
		<bndbox>
			<xmin>554</xmin>
			<ymin>517</ymin>
			<xmax>1877</xmax>
			<ymax>1277</ymax>
		</bndbox>
	</object>
</annotation>