<annotation>
	<folder>side육류부피배달종이박스치킨윙q4</folder>
	<filename>side_육류부피_배달종이박스_치킨윙_Q4_00037.JPG</filename>
	<path>/side육류부피배달종이박스치킨윙q4/side_육류부피_배달종이박스_치킨윙_Q4_00037.JPG</path>
	<source>
		<database>fooddata</database>
	</source>
	<size>
		<width>3008</width>
		<height>2000</height>
		<depth>3</depth>
	</size>
	<object>
		<name>ref_spoon</name>
		<bndbox>
			<xmin>326</xmin>
			<ymin>180</ymin>
			<xmax>661</xmax>
			<ymax>601</ymax>
		</bndbox>
	</object>
	<object>
		<name>ref_fork</name>
		<bndbox>
			<xmin>757</xmin>
			<ymin>180</ymin>
			<xmax>992</xmax>
			<ymax>663</ymax>
		</bndbox>
	</object>
	<object>
		<name>ref_coin</name>
		<bndbox>
			<xmin>1825</xmin>
			<ymin>1488</ymin>
			<xmax>2094</xmax>
			<ymax>1702</ymax>
		</bndbox>
	</object>
	<object>
		<name>dish</name>
		<bndbox>
			<xmin>982</xmin>
			<ymin>201</ymin>
			<xmax>2384</xmax>
			<ymax>1381</ymax>
		</bndbox>
	</object>
	<object>
		<name>치킨윙</name>
		<bndbox>
			<xmin>1235</xmin>
			<ymin>454</ymin>
			<xmax>2248</xmax>
			<ymax>1211</ymax>
		</bndbox>
	</object>
</annotation>