<annotation>
	<folder>side육류부피배달종이박스치킨윙q4</folder>
	<filename>side_육류부피_배달종이박스_치킨윙_Q4_00004.JPG</filename>
	<path>/side육류부피배달종이박스치킨윙q4/side_육류부피_배달종이박스_치킨윙_Q4_00004.JPG</path>
	<source>
		<database>fooddata</database>
	</source>
	<size>
		<width>3008</width>
		<height>2000</height>
		<depth>3</depth>
	</size>
	<object>
		<name>ref_spoon</name>
		<bndbox>
			<xmin>1940</xmin>
			<ymin>363</ymin>
			<xmax>2238</xmax>
			<ymax>742</ymax>
		</bndbox>
	</object>
	<object>
		<name>ref_fork</name>
		<bndbox>
			<xmin>2360</xmin>
			<ymin>413</ymin>
			<xmax>2567</xmax>
			<ymax>849</ymax>
		</bndbox>
	</object>
	<object>
		<name>ref_coin</name>
		<bndbox>
			<xmin>373</xmin>
			<ymin>1465</ymin>
			<xmax>632</xmax>
			<ymax>1663</ymax>
		</bndbox>
	</object>
	<object>
		<name>dish</name>
		<bndbox>
			<xmin>462</xmin>
			<ymin>269</ymin>
			<xmax>1653</xmax>
			<ymax>1292</ymax>
		</bndbox>
	</object>
	<object>
		<name>치킨윙</name>
		<bndbox>
			<xmin>548</xmin>
			<ymin>373</ymin>
			<xmax>1548</xmax>
			<ymax>1136</ymax>
		</bndbox>
	</object>
</annotation>