<annotation>
	<folder>side육류부피배달종이박스치킨윙q4</folder>
	<filename>side_육류부피_배달종이박스_치킨윙_Q4_00015.JPG</filename>
	<path>/side육류부피배달종이박스치킨윙q4/side_육류부피_배달종이박스_치킨윙_Q4_00015.JPG</path>
	<source>
		<database>fooddata</database>
	</source>
	<size>
		<width>3008</width>
		<height>2000</height>
		<depth>3</depth>
	</size>
	<object>
		<name>ref_spoon</name>
		<bndbox>
			<xmin>2105</xmin>
			<ymin>355</ymin>
			<xmax>2415</xmax>
			<ymax>747</ymax>
		</bndbox>
	</object>
	<object>
		<name>ref_fork</name>
		<bndbox>
			<xmin>2546</xmin>
			<ymin>399</ymin>
			<xmax>2768</xmax>
			<ymax>859</ymax>
		</bndbox>
	</object>
	<object>
		<name>ref_coin</name>
		<bndbox>
			<xmin>1598</xmin>
			<ymin>1358</ymin>
			<xmax>1851</xmax>
			<ymax>1551</ymax>
		</bndbox>
	</object>
	<object>
		<name>dish</name>
		<bndbox>
			<xmin>154</xmin>
			<ymin>240</ymin>
			<xmax>1830</xmax>
			<ymax>1491</ymax>
		</bndbox>
	</object>
	<object>
		<name>치킨윙</name>
		<bndbox>
			<xmin>256</xmin>
			<ymin>587</ymin>
			<xmax>1637</xmax>
			<ymax>1332</ymax>
		</bndbox>
	</object>
</annotation>