<annotation>
	<folder>side육류부피배달종이박스치킨윙q4</folder>
	<filename>side_육류부피_배달종이박스_치킨윙_Q4_00050.JPG</filename>
	<path>/side육류부피배달종이박스치킨윙q4/side_육류부피_배달종이박스_치킨윙_Q4_00050.JPG</path>
	<source>
		<database>fooddata</database>
	</source>
	<size>
		<width>3008</width>
		<height>2000</height>
		<depth>3</depth>
	</size>
	<object>
		<name>ref_spoon</name>
		<bndbox>
			<xmin>332</xmin>
			<ymin>449</ymin>
			<xmax>671</xmax>
			<ymax>869</ymax>
		</bndbox>
	</object>
	<object>
		<name>ref_fork</name>
		<bndbox>
			<xmin>778</xmin>
			<ymin>462</ymin>
			<xmax>1008</xmax>
			<ymax>945</ymax>
		</bndbox>
	</object>
	<object>
		<name>ref_coin</name>
		<bndbox>
			<xmin>1321</xmin>
			<ymin>274</ymin>
			<xmax>1559</xmax>
			<ymax>439</ymax>
		</bndbox>
	</object>
	<object>
		<name>dish</name>
		<bndbox>
			<xmin>1125</xmin>
			<ymin>520</ymin>
			<xmax>2457</xmax>
			<ymax>1611</ymax>
		</bndbox>
	</object>
	<object>
		<name>치킨윙</name>
		<bndbox>
			<xmin>1243</xmin>
			<ymin>700</ymin>
			<xmax>2358</xmax>
			<ymax>1444</ymax>
		</bndbox>
	</object>
</annotation>