<annotation>
	<folder>side육류부피배달종이박스치킨윙q4</folder>
	<filename>side_육류부피_배달종이박스_치킨윙_Q4_00026.JPG</filename>
	<path>/side육류부피배달종이박스치킨윙q4/side_육류부피_배달종이박스_치킨윙_Q4_00026.JPG</path>
	<source>
		<database>fooddata</database>
	</source>
	<size>
		<width>3008</width>
		<height>2000</height>
		<depth>3</depth>
	</size>
	<object>
		<name>ref_spoon</name>
		<bndbox>
			<xmin>465</xmin>
			<ymin>1444</ymin>
			<xmax>922</xmax>
			<ymax>1718</ymax>
		</bndbox>
	</object>
	<object>
		<name>ref_fork</name>
		<bndbox>
			<xmin>619</xmin>
			<ymin>1198</ymin>
			<xmax>1128</xmax>
			<ymax>1446</ymax>
		</bndbox>
	</object>
	<object>
		<name>ref_coin</name>
		<bndbox>
			<xmin>1950</xmin>
			<ymin>1721</ymin>
			<xmax>2185</xmax>
			<ymax>1909</ymax>
		</bndbox>
	</object>
	<object>
		<name>dish</name>
		<bndbox>
			<xmin>843</xmin>
			<ymin>91</ymin>
			<xmax>2287</xmax>
			<ymax>1136</ymax>
		</bndbox>
	</object>
	<object>
		<name>치킨윙</name>
		<bndbox>
			<xmin>1068</xmin>
			<ymin>285</ymin>
			<xmax>2052</xmax>
			<ymax>984</ymax>
		</bndbox>
	</object>
</annotation>