<annotation>
	<folder>side육류부피배달종이박스치킨윙q4</folder>
	<filename>side_육류부피_배달종이박스_치킨윙_Q4_00033.JPG</filename>
	<path>/side육류부피배달종이박스치킨윙q4/side_육류부피_배달종이박스_치킨윙_Q4_00033.JPG</path>
	<source>
		<database>fooddata</database>
	</source>
	<size>
		<width>3008</width>
		<height>2000</height>
		<depth>3</depth>
	</size>
	<object>
		<name>ref_spoon</name>
		<bndbox>
			<xmin>483</xmin>
			<ymin>1488</ymin>
			<xmax>961</xmax>
			<ymax>1762</ymax>
		</bndbox>
	</object>
	<object>
		<name>ref_fork</name>
		<bndbox>
			<xmin>642</xmin>
			<ymin>1240</ymin>
			<xmax>1162</xmax>
			<ymax>1486</ymax>
		</bndbox>
	</object>
	<object>
		<name>ref_coin</name>
		<bndbox>
			<xmin>595</xmin>
			<ymin>1037</ymin>
			<xmax>825</xmax>
			<ymax>1204</ymax>
		</bndbox>
	</object>
	<object>
		<name>dish</name>
		<bndbox>
			<xmin>997</xmin>
			<ymin>183</ymin>
			<xmax>2366</xmax>
			<ymax>1170</ymax>
		</bndbox>
	</object>
	<object>
		<name>치킨윙</name>
		<bndbox>
			<xmin>1172</xmin>
			<ymin>428</ymin>
			<xmax>2227</xmax>
			<ymax>1018</ymax>
		</bndbox>
	</object>
</annotation>