<annotation>
	<folder>top육류부피배달종이박스치킨윙q4</folder>
	<filename>top_육류부피_배달종이박스_치킨윙_Q4_00020.JPG</filename>
	<path>/top육류부피배달종이박스치킨윙q4/top_육류부피_배달종이박스_치킨윙_Q4_00020.JPG</path>
	<source>
		<database>fooddata</database>
	</source>
	<size>
		<width>3008</width>
		<height>2000</height>
		<depth>3</depth>
	</size>
	<object>
		<name>ref_spoon</name>
		<bndbox>
			<xmin>620</xmin>
			<ymin>1560</ymin>
			<xmax>1092</xmax>
			<ymax>1838</ymax>
		</bndbox>
	</object>
	<object>
		<name>ref_fork</name>
		<bndbox>
			<xmin>768</xmin>
			<ymin>1301</ymin>
			<xmax>1203</xmax>
			<ymax>1500</ymax>
		</bndbox>
	</object>
	<object>
		<name>ref_coin</name>
		<bndbox>
			<xmin>2194</xmin>
			<ymin>148</ymin>
			<xmax>2379</xmax>
			<ymax>333</ymax>
		</bndbox>
	</object>
	<object>
		<name>dish</name>
		<bndbox>
			<xmin>935</xmin>
			<ymin>144</ymin>
			<xmax>1911</xmax>
			<ymax>1157</ymax>
		</bndbox>
	</object>
	<object>
		<name>치킨윙</name>
		<bndbox>
			<xmin>1023</xmin>
			<ymin>269</ymin>
			<xmax>1847</xmax>
			<ymax>1088</ymax>
		</bndbox>
	</object>
</annotation>