<annotation>
	<folder>top육류부피배달종이박스치킨윙q4</folder>
	<filename>top_육류부피_배달종이박스_치킨윙_Q4_00005.JPG</filename>
	<path>/top육류부피배달종이박스치킨윙q4/top_육류부피_배달종이박스_치킨윙_Q4_00005.JPG</path>
	<source>
		<database>fooddata</database>
	</source>
	<size>
		<width>3008</width>
		<height>2000</height>
		<depth>3</depth>
	</size>
	<object>
		<name>ref_spoon</name>
		<bndbox>
			<xmin>2073</xmin>
			<ymin>60</ymin>
			<xmax>2379</xmax>
			<ymax>556</ymax>
		</bndbox>
	</object>
	<object>
		<name>ref_fork</name>
		<bndbox>
			<xmin>2398</xmin>
			<ymin>106</ymin>
			<xmax>2634</xmax>
			<ymax>625</ymax>
		</bndbox>
	</object>
	<object>
		<name>ref_coin</name>
		<bndbox>
			<xmin>106</xmin>
			<ymin>731</ymin>
			<xmax>365</xmax>
			<ymax>954</ymax>
		</bndbox>
	</object>
	<object>
		<name>dish</name>
		<bndbox>
			<xmin>504</xmin>
			<ymin>144</ymin>
			<xmax>1944</xmax>
			<ymax>1625</ymax>
		</bndbox>
	</object>
	<object>
		<name>치킨윙</name>
		<bndbox>
			<xmin>689</xmin>
			<ymin>398</ymin>
			<xmax>1657</xmax>
			<ymax>1514</ymax>
		</bndbox>
	</object>
</annotation>