<annotation>
	<folder>top육류부피배달종이박스치킨윙q4</folder>
	<filename>top_육류부피_배달종이박스_치킨윙_Q4_00001.JPG</filename>
	<path>/top육류부피배달종이박스치킨윙q4/top_육류부피_배달종이박스_치킨윙_Q4_00001.JPG</path>
	<source>
		<database>fooddata</database>
	</source>
	<size>
		<width>3008</width>
		<height>2000</height>
		<depth>3</depth>
	</size>
	<object>
		<name>ref_spoon</name>
		<bndbox>
			<xmin>1967</xmin>
			<ymin>106</ymin>
			<xmax>2300</xmax>
			<ymax>565</ymax>
		</bndbox>
	</object>
	<object>
		<name>ref_fork</name>
		<bndbox>
			<xmin>2286</xmin>
			<ymin>102</ymin>
			<xmax>2499</xmax>
			<ymax>625</ymax>
		</bndbox>
	</object>
	<object>
		<name>ref_coin</name>
		<bndbox>
			<xmin>1546</xmin>
			<ymin>1565</ymin>
			<xmax>1786</xmax>
			<ymax>1782</ymax>
		</bndbox>
	</object>
	<object>
		<name>dish</name>
		<bndbox>
			<xmin>620</xmin>
			<ymin>301</ymin>
			<xmax>1810</xmax>
			<ymax>1412</ymax>
		</bndbox>
	</object>
	<object>
		<name>치킨윙</name>
		<bndbox>
			<xmin>773</xmin>
			<ymin>412</ymin>
			<xmax>1722</xmax>
			<ymax>1287</ymax>
		</bndbox>
	</object>
</annotation>