<annotation>
	<folder>top육류부피배달종이박스치킨윙q4</folder>
	<filename>top_육류부피_배달종이박스_치킨윙_Q4_00009.JPG</filename>
	<path>/top육류부피배달종이박스치킨윙q4/top_육류부피_배달종이박스_치킨윙_Q4_00009.JPG</path>
	<source>
		<database>fooddata</database>
	</source>
	<size>
		<width>3008</width>
		<height>2000</height>
		<depth>3</depth>
	</size>
	<object>
		<name>ref_spoon</name>
		<bndbox>
			<xmin>1958</xmin>
			<ymin>431</ymin>
			<xmax>2231</xmax>
			<ymax>861</ymax>
		</bndbox>
	</object>
	<object>
		<name>ref_fork</name>
		<bndbox>
			<xmin>2249</xmin>
			<ymin>463</ymin>
			<xmax>2439</xmax>
			<ymax>935</ymax>
		</bndbox>
	</object>
	<object>
		<name>ref_coin</name>
		<bndbox>
			<xmin>1740</xmin>
			<ymin>23</ymin>
			<xmax>1930</xmax>
			<ymax>208</ymax>
		</bndbox>
	</object>
	<object>
		<name>dish</name>
		<bndbox>
			<xmin>509</xmin>
			<ymin>602</ymin>
			<xmax>1759</xmax>
			<ymax>1880</ymax>
		</bndbox>
	</object>
	<object>
		<name>치킨윙</name>
		<bndbox>
			<xmin>638</xmin>
			<ymin>731</ymin>
			<xmax>1583</xmax>
			<ymax>1648</ymax>
		</bndbox>
	</object>
</annotation>