<annotation>
	<folder>top육류부피배달종이박스치킨윙q4</folder>
	<filename>top_육류부피_배달종이박스_치킨윙_Q4_00023.JPG</filename>
	<path>/top육류부피배달종이박스치킨윙q4/top_육류부피_배달종이박스_치킨윙_Q4_00023.JPG</path>
	<source>
		<database>fooddata</database>
	</source>
	<size>
		<width>3008</width>
		<height>2000</height>
		<depth>3</depth>
	</size>
	<object>
		<name>ref_spoon</name>
		<bndbox>
			<xmin>685</xmin>
			<ymin>1639</ymin>
			<xmax>1064</xmax>
			<ymax>1889</ymax>
		</bndbox>
	</object>
	<object>
		<name>ref_fork</name>
		<bndbox>
			<xmin>819</xmin>
			<ymin>1398</ymin>
			<xmax>1185</xmax>
			<ymax>1588</ymax>
		</bndbox>
	</object>
	<object>
		<name>ref_coin</name>
		<bndbox>
			<xmin>1416</xmin>
			<ymin>28</ymin>
			<xmax>1578</xmax>
			<ymax>199</ymax>
		</bndbox>
	</object>
	<object>
		<name>dish</name>
		<bndbox>
			<xmin>953</xmin>
			<ymin>431</ymin>
			<xmax>1879</xmax>
			<ymax>1278</ymax>
		</bndbox>
	</object>
	<object>
		<name>치킨윙</name>
		<bndbox>
			<xmin>1050</xmin>
			<ymin>523</ymin>
			<xmax>1773</xmax>
			<ymax>1231</ymax>
		</bndbox>
	</object>
</annotation>