<annotation>
	<folder>side부침개류접시두부구이q5</folder>
	<filename>side_부침개류_접시_두부구이_Q5_00024.JPG</filename>
	<path>/side부침개류접시두부구이q5/side_부침개류_접시_두부구이_Q5_00024.JPG</path>
	<source>
		<database>fooddata</database>
	</source>
	<size>
		<width>720</width>
		<height>480</height>
		<depth>3</depth>
	</size>
	<object>
		<name>ref_spoon</name>
		<bndbox>
			<xmin>232</xmin>
			<ymin>351</ymin>
			<xmax>338</xmax>
			<ymax>413</ymax>
		</bndbox>
	</object>
	<object>
		<name>ref_fork</name>
		<bndbox>
			<xmin>244</xmin>
			<ymin>296</ymin>
			<xmax>359</xmax>
			<ymax>349</ymax>
		</bndbox>
	</object>
	<object>
		<name>ref_coin</name>
		<bndbox>
			<xmin>536</xmin>
			<ymin>55</ymin>
			<xmax>579</xmax>
			<ymax>85</ymax>
		</bndbox>
	</object>
	<object>
		<name>dish</name>
		<bndbox>
			<xmin>270</xmin>
			<ymin>65</ymin>
			<xmax>565</xmax>
			<ymax>274</ymax>
		</bndbox>
	</object>
	<object>
		<name>두부구이</name>
		<bndbox>
			<xmin>320</xmin>
			<ymin>91</ymin>
			<xmax>504</xmax>
			<ymax>245</ymax>
		</bndbox>
	</object>
</annotation>