<annotation>
	<folder>side부침개류접시두부구이q5</folder>
	<filename>side_부침개류_접시_두부구이_Q5_00016.JPG</filename>
	<path>/side부침개류접시두부구이q5/side_부침개류_접시_두부구이_Q5_00016.JPG</path>
	<source>
		<database>fooddata</database>
	</source>
	<size>
		<width>720</width>
		<height>480</height>
		<depth>3</depth>
	</size>
	<object>
		<name>ref_spoon</name>
		<bndbox>
			<xmin>409</xmin>
			<ymin>107</ymin>
			<xmax>477</xmax>
			<ymax>198</ymax>
		</bndbox>
	</object>
	<object>
		<name>ref_fork</name>
		<bndbox>
			<xmin>496</xmin>
			<ymin>111</ymin>
			<xmax>544</xmax>
			<ymax>216</ymax>
		</bndbox>
	</object>
	<object>
		<name>ref_coin</name>
		<bndbox>
			<xmin>616</xmin>
			<ymin>351</ymin>
			<xmax>672</xmax>
			<ymax>398</ymax>
		</bndbox>
	</object>
	<object>
		<name>dish</name>
		<bndbox>
			<xmin>27</xmin>
			<ymin>97</ymin>
			<xmax>398</xmax>
			<ymax>361</ymax>
		</bndbox>
	</object>
	<object>
		<name>두부구이</name>
		<bndbox>
			<xmin>99</xmin>
			<ymin>126</ymin>
			<xmax>365</xmax>
			<ymax>330</ymax>
		</bndbox>
	</object>
</annotation>