<annotation>
	<folder>side부침개류접시두부구이q5</folder>
	<filename>side_부침개류_접시_두부구이_Q5_00050.JPG</filename>
	<path>/side부침개류접시두부구이q5/side_부침개류_접시_두부구이_Q5_00050.JPG</path>
	<source>
		<database>fooddata</database>
	</source>
	<size>
		<width>720</width>
		<height>480</height>
		<depth>3</depth>
	</size>
	<object>
		<name>ref_spoon</name>
		<bndbox>
			<xmin>134</xmin>
			<ymin>94</ymin>
			<xmax>195</xmax>
			<ymax>172</ymax>
		</bndbox>
	</object>
	<object>
		<name>ref_fork</name>
		<bndbox>
			<xmin>227</xmin>
			<ymin>94</ymin>
			<xmax>270</xmax>
			<ymax>189</ymax>
		</bndbox>
	</object>
	<object>
		<name>ref_coin</name>
		<bndbox>
			<xmin>460</xmin>
			<ymin>328</ymin>
			<xmax>513</xmax>
			<ymax>373</ymax>
		</bndbox>
	</object>
	<object>
		<name>dish</name>
		<bndbox>
			<xmin>320</xmin>
			<ymin>61</ymin>
			<xmax>618</xmax>
			<ymax>275</ymax>
		</bndbox>
	</object>
	<object>
		<name>두부구이</name>
		<bndbox>
			<xmin>349</xmin>
			<ymin>97</ymin>
			<xmax>548</xmax>
			<ymax>263</ymax>
		</bndbox>
	</object>
</annotation>