<annotation>
	<folder>side부침개류접시두부구이q5</folder>
	<filename>side_부침개류_접시_두부구이_Q5_00012.JPG</filename>
	<path>/side부침개류접시두부구이q5/side_부침개류_접시_두부구이_Q5_00012.JPG</path>
	<source>
		<database>fooddata</database>
	</source>
	<size>
		<width>720</width>
		<height>480</height>
		<depth>3</depth>
	</size>
	<object>
		<name>ref_spoon</name>
		<bndbox>
			<xmin>520</xmin>
			<ymin>118</ymin>
			<xmax>586</xmax>
			<ymax>211</ymax>
		</bndbox>
	</object>
	<object>
		<name>ref_fork</name>
		<bndbox>
			<xmin>606</xmin>
			<ymin>126</ymin>
			<xmax>655</xmax>
			<ymax>225</ymax>
		</bndbox>
	</object>
	<object>
		<name>ref_coin</name>
		<bndbox>
			<xmin>393</xmin>
			<ymin>90</ymin>
			<xmax>441</xmax>
			<ymax>126</ymax>
		</bndbox>
	</object>
	<object>
		<name>dish</name>
		<bndbox>
			<xmin>120</xmin>
			<ymin>129</ymin>
			<xmax>489</xmax>
			<ymax>404</ymax>
		</bndbox>
	</object>
	<object>
		<name>두부구이</name>
		<bndbox>
			<xmin>172</xmin>
			<ymin>150</ymin>
			<xmax>431</xmax>
			<ymax>360</ymax>
		</bndbox>
	</object>
</annotation>