<annotation>
	<folder>side부침개류접시두부구이q5</folder>
	<filename>side_부침개류_접시_두부구이_Q5_00021.JPG</filename>
	<path>/side부침개류접시두부구이q5/side_부침개류_접시_두부구이_Q5_00021.JPG</path>
	<source>
		<database>fooddata</database>
	</source>
	<size>
		<width>720</width>
		<height>480</height>
		<depth>3</depth>
	</size>
	<object>
		<name>ref_spoon</name>
		<bndbox>
			<xmin>263</xmin>
			<ymin>343</ymin>
			<xmax>366</xmax>
			<ymax>406</ymax>
		</bndbox>
	</object>
	<object>
		<name>ref_fork</name>
		<bndbox>
			<xmin>274</xmin>
			<ymin>289</ymin>
			<xmax>386</xmax>
			<ymax>341</ymax>
		</bndbox>
	</object>
	<object>
		<name>ref_coin</name>
		<bndbox>
			<xmin>269</xmin>
			<ymin>59</ymin>
			<xmax>313</xmax>
			<ymax>91</ymax>
		</bndbox>
	</object>
	<object>
		<name>dish</name>
		<bndbox>
			<xmin>301</xmin>
			<ymin>57</ymin>
			<xmax>606</xmax>
			<ymax>279</ymax>
		</bndbox>
	</object>
	<object>
		<name>두부구이</name>
		<bndbox>
			<xmin>345</xmin>
			<ymin>84</ymin>
			<xmax>554</xmax>
			<ymax>254</ymax>
		</bndbox>
	</object>
</annotation>