<annotation>
	<folder>side부침개류접시두부구이q5</folder>
	<filename>side_부침개류_접시_두부구이_Q5_00007.JPG</filename>
	<path>/side부침개류접시두부구이q5/side_부침개류_접시_두부구이_Q5_00007.JPG</path>
	<source>
		<database>fooddata</database>
	</source>
	<size>
		<width>720</width>
		<height>480</height>
		<depth>3</depth>
	</size>
	<object>
		<name>ref_spoon</name>
		<bndbox>
			<xmin>519</xmin>
			<ymin>136</ymin>
			<xmax>584</xmax>
			<ymax>229</ymax>
		</bndbox>
	</object>
	<object>
		<name>ref_fork</name>
		<bndbox>
			<xmin>604</xmin>
			<ymin>141</ymin>
			<xmax>651</xmax>
			<ymax>245</ymax>
		</bndbox>
	</object>
	<object>
		<name>ref_coin</name>
		<bndbox>
			<xmin>62</xmin>
			<ymin>231</ymin>
			<xmax>117</xmax>
			<ymax>270</ymax>
		</bndbox>
	</object>
	<object>
		<name>dish</name>
		<bndbox>
			<xmin>163</xmin>
			<ymin>134</ymin>
			<xmax>525</xmax>
			<ymax>405</ymax>
		</bndbox>
	</object>
	<object>
		<name>두부구이</name>
		<bndbox>
			<xmin>189</xmin>
			<ymin>175</ymin>
			<xmax>462</xmax>
			<ymax>374</ymax>
		</bndbox>
	</object>
</annotation>