<annotation>
	<folder>top부침개류접시두부구이q5</folder>
	<filename>top_부침개류_접시_두부구이_Q5_00027.JPG</filename>
	<path>/top부침개류접시두부구이q5/top_부침개류_접시_두부구이_Q5_00027.JPG</path>
	<source>
		<database>fooddata</database>
	</source>
	<size>
		<width>720</width>
		<height>480</height>
		<depth>3</depth>
	</size>
	<object>
		<name>ref_spoon</name>
		<bndbox>
			<xmin>192</xmin>
			<ymin>392</ymin>
			<xmax>326</xmax>
			<ymax>454</ymax>
		</bndbox>
	</object>
	<object>
		<name>ref_fork</name>
		<bndbox>
			<xmin>203</xmin>
			<ymin>341</ymin>
			<xmax>325</xmax>
			<ymax>380</ymax>
		</bndbox>
	</object>
	<object>
		<name>ref_coin</name>
		<bndbox>
			<xmin>167</xmin>
			<ymin>91</ymin>
			<xmax>210</xmax>
			<ymax>134</ymax>
		</bndbox>
	</object>
	<object>
		<name>dish</name>
		<bndbox>
			<xmin>240</xmin>
			<ymin>36</ymin>
			<xmax>514</xmax>
			<ymax>302</ymax>
		</bndbox>
	</object>
	<object>
		<name>두부구이</name>
		<bndbox>
			<xmin>275</xmin>
			<ymin>66</ymin>
			<xmax>484</xmax>
			<ymax>287</ymax>
		</bndbox>
	</object>
</annotation>