<annotation>
	<folder>top부침개류접시두부구이q5</folder>
	<filename>top_부침개류_접시_두부구이_Q5_00051.JPG</filename>
	<path>/top부침개류접시두부구이q5/top_부침개류_접시_두부구이_Q5_00051.JPG</path>
	<source>
		<database>fooddata</database>
	</source>
	<size>
		<width>720</width>
		<height>480</height>
		<depth>3</depth>
	</size>
	<object>
		<name>ref_spoon</name>
		<bndbox>
			<xmin>207</xmin>
			<ymin>35</ymin>
			<xmax>267</xmax>
			<ymax>160</ymax>
		</bndbox>
	</object>
	<object>
		<name>ref_fork</name>
		<bndbox>
			<xmin>291</xmin>
			<ymin>53</ymin>
			<xmax>333</xmax>
			<ymax>174</ymax>
		</bndbox>
	</object>
	<object>
		<name>ref_coin</name>
		<bndbox>
			<xmin>347</xmin>
			<ymin>380</ymin>
			<xmax>395</xmax>
			<ymax>434</ymax>
		</bndbox>
	</object>
	<object>
		<name>dish</name>
		<bndbox>
			<xmin>351</xmin>
			<ymin>70</ymin>
			<xmax>661</xmax>
			<ymax>380</ymax>
		</bndbox>
	</object>
	<object>
		<name>두부구이</name>
		<bndbox>
			<xmin>380</xmin>
			<ymin>110</ymin>
			<xmax>584</xmax>
			<ymax>298</ymax>
		</bndbox>
	</object>
</annotation>