<annotation>
	<folder>top부침개류접시두부구이q5</folder>
	<filename>top_부침개류_접시_두부구이_Q5_00032.JPG</filename>
	<path>/top부침개류접시두부구이q5/top_부침개류_접시_두부구이_Q5_00032.JPG</path>
	<source>
		<database>fooddata</database>
	</source>
	<size>
		<width>720</width>
		<height>480</height>
		<depth>3</depth>
	</size>
	<object>
		<name>ref_spoon</name>
		<bndbox>
			<xmin>234</xmin>
			<ymin>365</ymin>
			<xmax>357</xmax>
			<ymax>426</ymax>
		</bndbox>
	</object>
	<object>
		<name>ref_fork</name>
		<bndbox>
			<xmin>244</xmin>
			<ymin>312</ymin>
			<xmax>357</xmax>
			<ymax>355</ymax>
		</bndbox>
	</object>
	<object>
		<name>ref_coin</name>
		<bndbox>
			<xmin>540</xmin>
			<ymin>194</ymin>
			<xmax>582</xmax>
			<ymax>239</ymax>
		</bndbox>
	</object>
	<object>
		<name>dish</name>
		<bndbox>
			<xmin>256</xmin>
			<ymin>31</ymin>
			<xmax>529</xmax>
			<ymax>302</ymax>
		</bndbox>
	</object>
	<object>
		<name>두부구이</name>
		<bndbox>
			<xmin>289</xmin>
			<ymin>60</ymin>
			<xmax>510</xmax>
			<ymax>265</ymax>
		</bndbox>
	</object>
</annotation>