<annotation>
	<folder>top부침개류접시두부구이q5</folder>
	<filename>top_부침개류_접시_두부구이_Q5_00055.JPG</filename>
	<path>/top부침개류접시두부구이q5/top_부침개류_접시_두부구이_Q5_00055.JPG</path>
	<source>
		<database>fooddata</database>
	</source>
	<size>
		<width>720</width>
		<height>480</height>
		<depth>3</depth>
	</size>
	<object>
		<name>ref_spoon</name>
		<bndbox>
			<xmin>209</xmin>
			<ymin>42</ymin>
			<xmax>270</xmax>
			<ymax>146</ymax>
		</bndbox>
	</object>
	<object>
		<name>ref_fork</name>
		<bndbox>
			<xmin>293</xmin>
			<ymin>57</ymin>
			<xmax>334</xmax>
			<ymax>184</ymax>
		</bndbox>
	</object>
	<object>
		<name>ref_coin</name>
		<bndbox>
			<xmin>348</xmin>
			<ymin>372</ymin>
			<xmax>398</xmax>
			<ymax>423</ymax>
		</bndbox>
	</object>
	<object>
		<name>dish</name>
		<bndbox>
			<xmin>355</xmin>
			<ymin>65</ymin>
			<xmax>657</xmax>
			<ymax>363</ymax>
		</bndbox>
	</object>
	<object>
		<name>두부구이</name>
		<bndbox>
			<xmin>391</xmin>
			<ymin>114</ymin>
			<xmax>608</xmax>
			<ymax>298</ymax>
		</bndbox>
	</object>
</annotation>