<annotation>
	<folder>top부침개류접시두부구이q5</folder>
	<filename>top_부침개류_접시_두부구이_Q5_00021.JPG</filename>
	<path>/top부침개류접시두부구이q5/top_부침개류_접시_두부구이_Q5_00021.JPG</path>
	<source>
		<database>fooddata</database>
	</source>
	<size>
		<width>720</width>
		<height>480</height>
		<depth>3</depth>
	</size>
	<object>
		<name>ref_spoon</name>
		<bndbox>
			<xmin>228</xmin>
			<ymin>372</ymin>
			<xmax>325</xmax>
			<ymax>427</ymax>
		</bndbox>
	</object>
	<object>
		<name>ref_fork</name>
		<bndbox>
			<xmin>245</xmin>
			<ymin>304</ymin>
			<xmax>347</xmax>
			<ymax>340</ymax>
		</bndbox>
	</object>
	<object>
		<name>ref_coin</name>
		<bndbox>
			<xmin>442</xmin>
			<ymin>27</ymin>
			<xmax>478</xmax>
			<ymax>59</ymax>
		</bndbox>
	</object>
	<object>
		<name>dish</name>
		<bndbox>
			<xmin>255</xmin>
			<ymin>61</ymin>
			<xmax>488</xmax>
			<ymax>291</ymax>
		</bndbox>
	</object>
	<object>
		<name>두부구이</name>
		<bndbox>
			<xmin>277</xmin>
			<ymin>94</ymin>
			<xmax>456</xmax>
			<ymax>254</ymax>
		</bndbox>
	</object>
</annotation>