<annotation>
	<folder>top부침개류접시두부구이q5</folder>
	<filename>top_부침개류_접시_두부구이_Q5_00054.JPG</filename>
	<path>/top부침개류접시두부구이q5/top_부침개류_접시_두부구이_Q5_00054.JPG</path>
	<source>
		<database>fooddata</database>
	</source>
	<size>
		<width>720</width>
		<height>480</height>
		<depth>3</depth>
	</size>
	<object>
		<name>ref_spoon</name>
		<bndbox>
			<xmin>159</xmin>
			<ymin>34</ymin>
			<xmax>220</xmax>
			<ymax>159</ymax>
		</bndbox>
	</object>
	<object>
		<name>ref_fork</name>
		<bndbox>
			<xmin>243</xmin>
			<ymin>48</ymin>
			<xmax>286</xmax>
			<ymax>170</ymax>
		</bndbox>
	</object>
	<object>
		<name>ref_coin</name>
		<bndbox>
			<xmin>499</xmin>
			<ymin>372</ymin>
			<xmax>548</xmax>
			<ymax>423</ymax>
		</bndbox>
	</object>
	<object>
		<name>dish</name>
		<bndbox>
			<xmin>304</xmin>
			<ymin>51</ymin>
			<xmax>593</xmax>
			<ymax>338</ymax>
		</bndbox>
	</object>
	<object>
		<name>두부구이</name>
		<bndbox>
			<xmin>335</xmin>
			<ymin>89</ymin>
			<xmax>556</xmax>
			<ymax>276</ymax>
		</bndbox>
	</object>
</annotation>