<annotation>
	<folder>top부침개류접시두부구이q5</folder>
	<filename>top_부침개류_접시_두부구이_Q5_00040.JPG</filename>
	<path>/top부침개류접시두부구이q5/top_부침개류_접시_두부구이_Q5_00040.JPG</path>
	<source>
		<database>fooddata</database>
	</source>
	<size>
		<width>720</width>
		<height>480</height>
		<depth>3</depth>
	</size>
	<object>
		<name>ref_spoon</name>
		<bndbox>
			<xmin>131</xmin>
			<ymin>43</ymin>
			<xmax>195</xmax>
			<ymax>168</ymax>
		</bndbox>
	</object>
	<object>
		<name>ref_fork</name>
		<bndbox>
			<xmin>218</xmin>
			<ymin>60</ymin>
			<xmax>262</xmax>
			<ymax>198</ymax>
		</bndbox>
	</object>
	<object>
		<name>ref_coin</name>
		<bndbox>
			<xmin>618</xmin>
			<ymin>355</ymin>
			<xmax>668</xmax>
			<ymax>409</ymax>
		</bndbox>
	</object>
	<object>
		<name>dish</name>
		<bndbox>
			<xmin>279</xmin>
			<ymin>69</ymin>
			<xmax>592</xmax>
			<ymax>374</ymax>
		</bndbox>
	</object>
	<object>
		<name>두부구이</name>
		<bndbox>
			<xmin>339</xmin>
			<ymin>137</ymin>
			<xmax>537</xmax>
			<ymax>311</ymax>
		</bndbox>
	</object>
</annotation>