<annotation>
	<folder>top부침개류접시두부구이q5</folder>
	<filename>top_부침개류_접시_두부구이_Q5_00050.JPG</filename>
	<path>/top부침개류접시두부구이q5/top_부침개류_접시_두부구이_Q5_00050.JPG</path>
	<source>
		<database>fooddata</database>
	</source>
	<size>
		<width>720</width>
		<height>480</height>
		<depth>3</depth>
	</size>
	<object>
		<name>ref_spoon</name>
		<bndbox>
			<xmin>208</xmin>
			<ymin>74</ymin>
			<xmax>270</xmax>
			<ymax>202</ymax>
		</bndbox>
	</object>
	<object>
		<name>ref_fork</name>
		<bndbox>
			<xmin>293</xmin>
			<ymin>91</ymin>
			<xmax>338</xmax>
			<ymax>220</ymax>
		</bndbox>
	</object>
	<object>
		<name>ref_coin</name>
		<bndbox>
			<xmin>118</xmin>
			<ymin>272</ymin>
			<xmax>165</xmax>
			<ymax>321</ymax>
		</bndbox>
	</object>
	<object>
		<name>dish</name>
		<bndbox>
			<xmin>353</xmin>
			<ymin>107</ymin>
			<xmax>664</xmax>
			<ymax>411</ymax>
		</bndbox>
	</object>
	<object>
		<name>두부구이</name>
		<bndbox>
			<xmin>380</xmin>
			<ymin>150</ymin>
			<xmax>623</xmax>
			<ymax>365</ymax>
		</bndbox>
	</object>
</annotation>