<annotation>
	<folder>top부침개류접시두부구이q5</folder>
	<filename>top_부침개류_접시_두부구이_Q5_00020.JPG</filename>
	<path>/top부침개류접시두부구이q5/top_부침개류_접시_두부구이_Q5_00020.JPG</path>
	<source>
		<database>fooddata</database>
	</source>
	<size>
		<width>720</width>
		<height>480</height>
		<depth>3</depth>
	</size>
	<object>
		<name>ref_spoon</name>
		<bndbox>
			<xmin>238</xmin>
			<ymin>365</ymin>
			<xmax>349</xmax>
			<ymax>420</ymax>
		</bndbox>
	</object>
	<object>
		<name>ref_fork</name>
		<bndbox>
			<xmin>257</xmin>
			<ymin>293</ymin>
			<xmax>370</xmax>
			<ymax>330</ymax>
		</bndbox>
	</object>
	<object>
		<name>ref_coin</name>
		<bndbox>
			<xmin>512</xmin>
			<ymin>54</ymin>
			<xmax>550</xmax>
			<ymax>92</ymax>
		</bndbox>
	</object>
	<object>
		<name>dish</name>
		<bndbox>
			<xmin>260</xmin>
			<ymin>23</ymin>
			<xmax>527</xmax>
			<ymax>281</ymax>
		</bndbox>
	</object>
	<object>
		<name>두부구이</name>
		<bndbox>
			<xmin>304</xmin>
			<ymin>71</ymin>
			<xmax>477</xmax>
			<ymax>220</ymax>
		</bndbox>
	</object>
</annotation>