<annotation>
	<folder>top부침개류접시두부구이q5</folder>
	<filename>top_부침개류_접시_두부구이_Q5_00012.JPG</filename>
	<path>/top부침개류접시두부구이q5/top_부침개류_접시_두부구이_Q5_00012.JPG</path>
	<source>
		<database>fooddata</database>
	</source>
	<size>
		<width>5472</width>
		<height>3648</height>
		<depth>3</depth>
	</size>
	<object>
		<name>ref_spoon</name>
		<bndbox>
			<xmin>3795</xmin>
			<ymin>559</ymin>
			<xmax>4307</xmax>
			<ymax>1589</ymax>
		</bndbox>
	</object>
	<object>
		<name>ref_fork</name>
		<bndbox>
			<xmin>4480</xmin>
			<ymin>482</ymin>
			<xmax>4873</xmax>
			<ymax>1559</ymax>
		</bndbox>
	</object>
	<object>
		<name>ref_coin</name>
		<bndbox>
			<xmin>838</xmin>
			<ymin>553</ymin>
			<xmax>1236</xmax>
			<ymax>940</ymax>
		</bndbox>
	</object>
	<object>
		<name>dish</name>
		<bndbox>
			<xmin>1153</xmin>
			<ymin>690</ymin>
			<xmax>3706</xmax>
			<ymax>3220</ymax>
		</bndbox>
	</object>
	<object>
		<name>두부구이</name>
		<bndbox>
			<xmin>1599</xmin>
			<ymin>1137</ymin>
			<xmax>3331</xmax>
			<ymax>2684</ymax>
		</bndbox>
	</object>
</annotation>