<annotation>
	<folder>side육류부피접시</folder>
	<filename>side_육류부피_접시_오징어볶음_Q2_00011.JPG</filename>
	<path>/side육류부피접시오징어볶음q2/side_육류부피_접시_오징어볶음_Q2_00011.JPG</path>
	<source>
		<database>fooddata</database>
	</source>
	<size>
		<width>5472</width>
		<height>3648</height>
		<depth>3</depth>
	</size>
	<object>
		<name>ref_spoon</name>
		<bndbox>
			<xmin>3778</xmin>
			<ymin>1303</ymin>
			<xmax>4267</xmax>
			<ymax>2133</ymax>
		</bndbox>
	</object>
	<object>
		<name>ref_fork</name>
		<bndbox>
			<xmin>4446</xmin>
			<ymin>1417</ymin>
			<xmax>4804</xmax>
			<ymax>2296</ymax>
		</bndbox>
	</object>
	<object>
		<name>ref_coin</name>
		<bndbox>
			<xmin>1596</xmin>
			<ymin>977</ymin>
			<xmax>1938</xmax>
			<ymax>1238</ymax>
		</bndbox>
	</object>
	<object>
		<name>dish</name>
		<bndbox>
			<xmin>1075</xmin>
			<ymin>1335</ymin>
			<xmax>3681</xmax>
			<ymax>3257</ymax>
		</bndbox>
	</object>
	<object>
		<name>오징어볶음</name>
		<bndbox>
			<xmin>1808</xmin>
			<ymin>1840</ymin>
			<xmax>2883</xmax>
			<ymax>2736</ymax>
		</bndbox>
	</object>
</annotation>