<annotation>
	<folder>side육류부피접시</folder>
	<filename>side_육류부피_접시_오징어볶음_Q2_00002.JPG</filename>
	<path>/side육류부피접시오징어볶음q2/side_육류부피_접시_오징어볶음_Q2_00002.JPG</path>
	<source>
		<database>fooddata</database>
	</source>
	<size>
		<width>5472</width>
		<height>3648</height>
		<depth>3</depth>
	</size>
	<object>
		<name>ref_spoon</name>
		<bndbox>
			<xmin>3615</xmin>
			<ymin>472</ymin>
			<xmax>4137</xmax>
			<ymax>1303</ymax>
		</bndbox>
	</object>
	<object>
		<name>ref_fork</name>
		<bndbox>
			<xmin>4316</xmin>
			<ymin>554</ymin>
			<xmax>4690</xmax>
			<ymax>1466</ymax>
		</bndbox>
	</object>
	<object>
		<name>ref_coin</name>
		<bndbox>
			<xmin>2736</xmin>
			<ymin>2687</ymin>
			<xmax>3159</xmax>
			<ymax>3045</ymax>
		</bndbox>
	</object>
	<object>
		<name>dish</name>
		<bndbox>
			<xmin>847</xmin>
			<ymin>505</ymin>
			<xmax>3501</xmax>
			<ymax>2394</ymax>
		</bndbox>
	</object>
	<object>
		<name>오징어볶음</name>
		<bndbox>
			<xmin>1645</xmin>
			<ymin>1042</ymin>
			<xmax>2801</xmax>
			<ymax>1791</ymax>
		</bndbox>
	</object>
</annotation>