<annotation>
	<folder>side육류부피접시</folder>
	<filename>side_육류부피_접시_오징어볶음_Q2_00052.JPG</filename>
	<path>/side육류부피접시오징어볶음q2/side_육류부피_접시_오징어볶음_Q2_00052.JPG</path>
	<source>
		<database>fooddata</database>
	</source>
	<size>
		<width>720</width>
		<height>480</height>
		<depth>3</depth>
	</size>
	<object>
		<name>ref_spoon</name>
		<bndbox>
			<xmin>96</xmin>
			<ymin>92</ymin>
			<xmax>165</xmax>
			<ymax>208</ymax>
		</bndbox>
	</object>
	<object>
		<name>ref_fork</name>
		<bndbox>
			<xmin>197</xmin>
			<ymin>99</ymin>
			<xmax>244</xmax>
			<ymax>234</ymax>
		</bndbox>
	</object>
	<object>
		<name>ref_coin</name>
		<bndbox>
			<xmin>298</xmin>
			<ymin>39</ymin>
			<xmax>349</xmax>
			<ymax>84</ymax>
		</bndbox>
	</object>
	<object>
		<name>dish</name>
		<bndbox>
			<xmin>272</xmin>
			<ymin>92</ymin>
			<xmax>639</xmax>
			<ymax>362</ymax>
		</bndbox>
	</object>
	<object>
		<name>오징어볶음</name>
		<bndbox>
			<xmin>403</xmin>
			<ymin>154</ymin>
			<xmax>512</xmax>
			<ymax>255</ymax>
		</bndbox>
	</object>
</annotation>