<annotation>
	<folder>side육류부피접시</folder>
	<filename>side_육류부피_접시_오징어볶음_Q2_00037.JPG</filename>
	<path>/side육류부피접시오징어볶음q2/side_육류부피_접시_오징어볶음_Q2_00037.JPG</path>
	<source>
		<database>fooddata</database>
	</source>
	<size>
		<width>720</width>
		<height>480</height>
		<depth>3</depth>
	</size>
	<object>
		<name>ref_spoon</name>
		<bndbox>
			<xmin>103</xmin>
			<ymin>49</ymin>
			<xmax>171</xmax>
			<ymax>169</ymax>
		</bndbox>
	</object>
	<object>
		<name>ref_fork</name>
		<bndbox>
			<xmin>201</xmin>
			<ymin>66</ymin>
			<xmax>253</xmax>
			<ymax>189</ymax>
		</bndbox>
	</object>
	<object>
		<name>ref_coin</name>
		<bndbox>
			<xmin>407</xmin>
			<ymin>362</ymin>
			<xmax>463</xmax>
			<ymax>411</ymax>
		</bndbox>
	</object>
	<object>
		<name>dish</name>
		<bndbox>
			<xmin>276</xmin>
			<ymin>56</ymin>
			<xmax>636</xmax>
			<ymax>319</ymax>
		</bndbox>
	</object>
	<object>
		<name>오징어볶음</name>
		<bndbox>
			<xmin>386</xmin>
			<ymin>109</ymin>
			<xmax>497</xmax>
			<ymax>244</ymax>
		</bndbox>
	</object>
</annotation>