<annotation>
	<folder>side육류부피접시</folder>
	<filename>side_육류부피_접시_오징어볶음_Q2_00032.JPG</filename>
	<path>/side육류부피접시오징어볶음q2/side_육류부피_접시_오징어볶음_Q2_00032.JPG</path>
	<source>
		<database>fooddata</database>
	</source>
	<size>
		<width>720</width>
		<height>480</height>
		<depth>3</depth>
	</size>
	<object>
		<name>ref_spoon</name>
		<bndbox>
			<xmin>60</xmin>
			<ymin>124</ymin>
			<xmax>131</xmax>
			<ymax>236</ymax>
		</bndbox>
	</object>
	<object>
		<name>ref_fork</name>
		<bndbox>
			<xmin>159</xmin>
			<ymin>139</ymin>
			<xmax>206</xmax>
			<ymax>264</ymax>
		</bndbox>
	</object>
	<object>
		<name>ref_coin</name>
		<bndbox>
			<xmin>621</xmin>
			<ymin>300</ymin>
			<xmax>679</xmax>
			<ymax>349</ymax>
		</bndbox>
	</object>
	<object>
		<name>dish</name>
		<bndbox>
			<xmin>229</xmin>
			<ymin>144</ymin>
			<xmax>589</xmax>
			<ymax>405</ymax>
		</bndbox>
	</object>
	<object>
		<name>오징어볶음</name>
		<bndbox>
			<xmin>315</xmin>
			<ymin>191</ymin>
			<xmax>474</xmax>
			<ymax>313</ymax>
		</bndbox>
	</object>
</annotation>