<annotation>
	<folder>rework190files</folder>
	<filename>side_육류부피_접시_오징어볶음_Q2_00041.JPG</filename>
	<path>/side육류부피접시오징어볶음q2/side_육류부피_접시_오징어볶음_Q2_00041.JPG</path>
	<source>
		<database>fooddata</database>
	</source>
	<size>
		<width>720</width>
		<height>480</height>
		<depth>3</depth>
	</size>
	<object>
		<name>ref_spoon</name>
		<bndbox>
			<xmin>64</xmin>
			<ymin>103</ymin>
			<xmax>136</xmax>
			<ymax>205</ymax>
		</bndbox>
	</object>
	<object>
		<name>ref_fork</name>
		<bndbox>
			<xmin>165</xmin>
			<ymin>115</ymin>
			<xmax>216</xmax>
			<ymax>227</ymax>
		</bndbox>
	</object>
	<object>
		<name>ref_coin</name>
		<bndbox>
			<xmin>552</xmin>
			<ymin>110</ymin>
			<xmax>603</xmax>
			<ymax>147</ymax>
		</bndbox>
	</object>
	<object>
		<name>dish</name>
		<bndbox>
			<xmin>241</xmin>
			<ymin>103</ymin>
			<xmax>608</xmax>
			<ymax>376</ymax>
		</bndbox>
	</object>
	<object>
		<name>오징어볶음</name>
		<bndbox>
			<xmin>333</xmin>
			<ymin>171</ymin>
			<xmax>508</xmax>
			<ymax>305</ymax>
		</bndbox>
	</object>
</annotation>