<annotation>
	<folder>side육류부피접시</folder>
	<filename>side_육류부피_접시_오징어볶음_Q2_00017.JPG</filename>
	<path>/side육류부피접시오징어볶음q2/side_육류부피_접시_오징어볶음_Q2_00017.JPG</path>
	<source>
		<database>fooddata</database>
	</source>
	<size>
		<width>5472</width>
		<height>3648</height>
		<depth>3</depth>
	</size>
	<object>
		<name>ref_spoon</name>
		<bndbox>
			<xmin>1873</xmin>
			<ymin>2817</ymin>
			<xmax>2752</xmax>
			<ymax>3290</ymax>
		</bndbox>
	</object>
	<object>
		<name>ref_fork</name>
		<bndbox>
			<xmin>2019</xmin>
			<ymin>2394</ymin>
			<xmax>2948</xmax>
			<ymax>2785</ymax>
		</bndbox>
	</object>
	<object>
		<name>ref_coin</name>
		<bndbox>
			<xmin>4348</xmin>
			<ymin>1026</ymin>
			<xmax>4707</xmax>
			<ymax>1303</ymax>
		</bndbox>
	</object>
	<object>
		<name>dish</name>
		<bndbox>
			<xmin>1857</xmin>
			<ymin>619</ymin>
			<xmax>4185</xmax>
			<ymax>2231</ymax>
		</bndbox>
	</object>
	<object>
		<name>오징어볶음</name>
		<bndbox>
			<xmin>2703</xmin>
			<ymin>1091</ymin>
			<xmax>3583</xmax>
			<ymax>1743</ymax>
		</bndbox>
	</object>
</annotation>