<annotation>
	<folder>top육류부피접시오징어볶음q2</folder>
	<filename>top_육류부피_접시_오징어볶음_Q2_00001.JPG</filename>
	<path>/top육류부피접시오징어볶음q2/top_육류부피_접시_오징어볶음_Q2_00001.JPG</path>
	<source>
		<database>fooddata</database>
	</source>
	<size>
		<width>5472</width>
		<height>3648</height>
		<depth>3</depth>
	</size>
	<object>
		<name>ref_spoon</name>
		<bndbox>
			<xmin>3541</xmin>
			<ymin>205</ymin>
			<xmax>4069</xmax>
			<ymax>1076</ymax>
		</bndbox>
	</object>
	<object>
		<name>ref_fork</name>
		<bndbox>
			<xmin>4303</xmin>
			<ymin>376</ymin>
			<xmax>4641</xmax>
			<ymax>1343</ymax>
		</bndbox>
	</object>
	<object>
		<name>ref_coin</name>
		<bndbox>
			<xmin>3155</xmin>
			<ymin>2943</ymin>
			<xmax>3531</xmax>
			<ymax>3338</ymax>
		</bndbox>
	</object>
	<object>
		<name>dish</name>
		<bndbox>
			<xmin>769</xmin>
			<ymin>452</ymin>
			<xmax>3508</xmax>
			<ymax>3177</ymax>
		</bndbox>
	</object>
	<object>
		<name>오징어볶음</name>
		<bndbox>
			<xmin>1650</xmin>
			<ymin>1105</ymin>
			<xmax>2803</xmax>
			<ymax>2448</ymax>
		</bndbox>
	</object>
</annotation>