<annotation>
	<folder>top육류부피접시오징어볶음q2</folder>
	<filename>top_육류부피_접시_오징어볶음_Q2_00047.JPG</filename>
	<path>/top육류부피접시오징어볶음q2/top_육류부피_접시_오징어볶음_Q2_00047.JPG</path>
	<source>
		<database>fooddata</database>
	</source>
	<size>
		<width>5472</width>
		<height>3648</height>
		<depth>3</depth>
	</size>
	<object>
		<name>ref_spoon</name>
		<bndbox>
			<xmin>1241</xmin>
			<ymin>452</ymin>
			<xmax>1698</xmax>
			<ymax>1262</ymax>
		</bndbox>
	</object>
	<object>
		<name>ref_fork</name>
		<bndbox>
			<xmin>1922</xmin>
			<ymin>514</ymin>
			<xmax>2226</xmax>
			<ymax>1395</ymax>
		</bndbox>
	</object>
	<object>
		<name>ref_coin</name>
		<bndbox>
			<xmin>3665</xmin>
			<ymin>3010</ymin>
			<xmax>4022</xmax>
			<ymax>3367</ymax>
		</bndbox>
	</object>
	<object>
		<name>dish</name>
		<bndbox>
			<xmin>2288</xmin>
			<ymin>414</ymin>
			<xmax>4722</xmax>
			<ymax>2824</ymax>
		</bndbox>
	</object>
	<object>
		<name>오징어볶음</name>
		<bndbox>
			<xmin>2879</xmin>
			<ymin>976</ymin>
			<xmax>4212</xmax>
			<ymax>2310</ymax>
		</bndbox>
	</object>
</annotation>