<annotation>
	<folder>top육류부피접시오징어볶음q2</folder>
	<filename>top_육류부피_접시_오징어볶음_Q2_00005.JPG</filename>
	<path>/top육류부피접시오징어볶음q2/top_육류부피_접시_오징어볶음_Q2_00005.JPG</path>
	<source>
		<database>fooddata</database>
	</source>
	<size>
		<width>5472</width>
		<height>3648</height>
		<depth>3</depth>
	</size>
	<object>
		<name>ref_spoon</name>
		<bndbox>
			<xmin>3574</xmin>
			<ymin>305</ymin>
			<xmax>4065</xmax>
			<ymax>1100</ymax>
		</bndbox>
	</object>
	<object>
		<name>ref_fork</name>
		<bndbox>
			<xmin>4260</xmin>
			<ymin>462</ymin>
			<xmax>4579</xmax>
			<ymax>1338</ymax>
		</bndbox>
	</object>
	<object>
		<name>ref_coin</name>
		<bndbox>
			<xmin>1060</xmin>
			<ymin>2781</ymin>
			<xmax>1417</xmax>
			<ymax>3148</ymax>
		</bndbox>
	</object>
	<object>
		<name>dish</name>
		<bndbox>
			<xmin>1050</xmin>
			<ymin>352</ymin>
			<xmax>3550</xmax>
			<ymax>2819</ymax>
		</bndbox>
	</object>
	<object>
		<name>오징어볶음</name>
		<bndbox>
			<xmin>1703</xmin>
			<ymin>1057</ymin>
			<xmax>3027</xmax>
			<ymax>2143</ymax>
		</bndbox>
	</object>
</annotation>