<annotation>
	<folder>top육류부피접시오징어볶음q2</folder>
	<filename>top_육류부피_접시_오징어볶음_Q2_00013.JPG</filename>
	<path>/top육류부피접시오징어볶음q2/top_육류부피_접시_오징어볶음_Q2_00013.JPG</path>
	<source>
		<database>fooddata</database>
	</source>
	<size>
		<width>5472</width>
		<height>3648</height>
		<depth>3</depth>
	</size>
	<object>
		<name>ref_spoon</name>
		<bndbox>
			<xmin>1426</xmin>
			<ymin>2938</ymin>
			<xmax>2188</xmax>
			<ymax>3415</ymax>
		</bndbox>
	</object>
	<object>
		<name>ref_fork</name>
		<bndbox>
			<xmin>1579</xmin>
			<ymin>2381</ymin>
			<xmax>2374</xmax>
			<ymax>2686</ymax>
		</bndbox>
	</object>
	<object>
		<name>ref_coin</name>
		<bndbox>
			<xmin>3998</xmin>
			<ymin>1429</ymin>
			<xmax>4327</xmax>
			<ymax>1743</ymax>
		</bndbox>
	</object>
	<object>
		<name>dish</name>
		<bndbox>
			<xmin>1679</xmin>
			<ymin>76</ymin>
			<xmax>3879</xmax>
			<ymax>2248</ymax>
		</bndbox>
	</object>
	<object>
		<name>오징어볶음</name>
		<bndbox>
			<xmin>2198</xmin>
			<ymin>705</ymin>
			<xmax>3322</xmax>
			<ymax>1681</ymax>
		</bndbox>
	</object>
</annotation>