<annotation>
	<folder>top육류부피접시오징어볶음q2</folder>
	<filename>top_육류부피_접시_오징어볶음_Q2_00022.JPG</filename>
	<path>/top육류부피접시오징어볶음q2/top_육류부피_접시_오징어볶음_Q2_00022.JPG</path>
	<source>
		<database>fooddata</database>
	</source>
	<size>
		<width>5472</width>
		<height>3648</height>
		<depth>3</depth>
	</size>
	<object>
		<name>ref_spoon</name>
		<bndbox>
			<xmin>1531</xmin>
			<ymin>2929</ymin>
			<xmax>2279</xmax>
			<ymax>3415</ymax>
		</bndbox>
	</object>
	<object>
		<name>ref_fork</name>
		<bndbox>
			<xmin>1722</xmin>
			<ymin>2395</ymin>
			<xmax>2526</xmax>
			<ymax>2705</ymax>
		</bndbox>
	</object>
	<object>
		<name>ref_coin</name>
		<bndbox>
			<xmin>1693</xmin>
			<ymin>410</ymin>
			<xmax>1998</xmax>
			<ymax>700</ymax>
		</bndbox>
	</object>
	<object>
		<name>dish</name>
		<bndbox>
			<xmin>1964</xmin>
			<ymin>248</ymin>
			<xmax>4136</xmax>
			<ymax>2376</ymax>
		</bndbox>
	</object>
	<object>
		<name>오징어볶음</name>
		<bndbox>
			<xmin>2579</xmin>
			<ymin>752</ymin>
			<xmax>3488</xmax>
			<ymax>1914</ymax>
		</bndbox>
	</object>
</annotation>