<annotation>
	<folder>top육류부피접시오징어볶음q2</folder>
	<filename>top_육류부피_접시_오징어볶음_Q2_00017.JPG</filename>
	<path>/top육류부피접시오징어볶음q2/top_육류부피_접시_오징어볶음_Q2_00017.JPG</path>
	<source>
		<database>fooddata</database>
	</source>
	<size>
		<width>5472</width>
		<height>3648</height>
		<depth>3</depth>
	</size>
	<object>
		<name>ref_spoon</name>
		<bndbox>
			<xmin>1441</xmin>
			<ymin>2962</ymin>
			<xmax>2136</xmax>
			<ymax>3386</ymax>
		</bndbox>
	</object>
	<object>
		<name>ref_fork</name>
		<bndbox>
			<xmin>1598</xmin>
			<ymin>2467</ymin>
			<xmax>2336</xmax>
			<ymax>2743</ymax>
		</bndbox>
	</object>
	<object>
		<name>ref_coin</name>
		<bndbox>
			<xmin>2974</xmin>
			<ymin>143</ymin>
			<xmax>3260</xmax>
			<ymax>400</ymax>
		</bndbox>
	</object>
	<object>
		<name>dish</name>
		<bndbox>
			<xmin>1764</xmin>
			<ymin>524</ymin>
			<xmax>3703</xmax>
			<ymax>2424</ymax>
		</bndbox>
	</object>
	<object>
		<name>오징어볶음</name>
		<bndbox>
			<xmin>2245</xmin>
			<ymin>952</ymin>
			<xmax>3174</xmax>
			<ymax>1924</ymax>
		</bndbox>
	</object>
</annotation>