<annotation>
	<folder>top육류부피접시오징어볶음q2</folder>
	<filename>top_육류부피_접시_오징어볶음_Q2_00050.JPG</filename>
	<path>/top육류부피접시오징어볶음q2/top_육류부피_접시_오징어볶음_Q2_00050.JPG</path>
	<source>
		<database>fooddata</database>
	</source>
	<size>
		<width>5472</width>
		<height>3648</height>
		<depth>3</depth>
	</size>
	<object>
		<name>ref_spoon</name>
		<bndbox>
			<xmin>1322</xmin>
			<ymin>357</ymin>
			<xmax>1779</xmax>
			<ymax>1176</ymax>
		</bndbox>
	</object>
	<object>
		<name>ref_fork</name>
		<bndbox>
			<xmin>2003</xmin>
			<ymin>424</ymin>
			<xmax>2312</xmax>
			<ymax>1286</ymax>
		</bndbox>
	</object>
	<object>
		<name>ref_coin</name>
		<bndbox>
			<xmin>2412</xmin>
			<ymin>2696</ymin>
			<xmax>2765</xmax>
			<ymax>3053</ymax>
		</bndbox>
	</object>
	<object>
		<name>dish</name>
		<bndbox>
			<xmin>2365</xmin>
			<ymin>338</ymin>
			<xmax>4822</xmax>
			<ymax>2772</ymax>
		</bndbox>
	</object>
	<object>
		<name>오징어볶음</name>
		<bndbox>
			<xmin>3022</xmin>
			<ymin>1000</ymin>
			<xmax>4198</xmax>
			<ymax>2376</ymax>
		</bndbox>
	</object>
</annotation>