<annotation>
	<folder>top육류부피접시오징어볶음q2</folder>
	<filename>top_육류부피_접시_오징어볶음_Q2_00016.JPG</filename>
	<path>/top육류부피접시오징어볶음q2/top_육류부피_접시_오징어볶음_Q2_00016.JPG</path>
	<source>
		<database>fooddata</database>
	</source>
	<size>
		<width>5472</width>
		<height>3648</height>
		<depth>3</depth>
	</size>
	<object>
		<name>ref_spoon</name>
		<bndbox>
			<xmin>1488</xmin>
			<ymin>2934</ymin>
			<xmax>2255</xmax>
			<ymax>3386</ymax>
		</bndbox>
	</object>
	<object>
		<name>ref_fork</name>
		<bndbox>
			<xmin>1645</xmin>
			<ymin>2395</ymin>
			<xmax>2445</xmax>
			<ymax>2686</ymax>
		</bndbox>
	</object>
	<object>
		<name>ref_coin</name>
		<bndbox>
			<xmin>3484</xmin>
			<ymin>81</ymin>
			<xmax>3788</xmax>
			<ymax>362</ymax>
		</bndbox>
	</object>
	<object>
		<name>dish</name>
		<bndbox>
			<xmin>1764</xmin>
			<ymin>233</ymin>
			<xmax>3860</xmax>
			<ymax>2305</ymax>
		</bndbox>
	</object>
	<object>
		<name>오징어볶음</name>
		<bndbox>
			<xmin>2398</xmin>
			<ymin>733</ymin>
			<xmax>3303</xmax>
			<ymax>1838</ymax>
		</bndbox>
	</object>
</annotation>