<annotation>
	<folder>side비빔면류냉면기쫄면q2</folder>
	<filename>side_비빔면류_냉면기_쫄면_Q2_00009.JPG</filename>
	<path>/side비빔면류냉면기쫄면q2/side_비빔면류_냉면기_쫄면_Q2_00009.JPG</path>
	<source>
		<database>fooddata</database>
	</source>
	<size>
		<width>3008</width>
		<height>2000</height>
		<depth>3</depth>
	</size>
	<object>
		<name>ref_spoon</name>
		<bndbox>
			<xmin>2206</xmin>
			<ymin>541</ymin>
			<xmax>2494</xmax>
			<ymax>888</ymax>
		</bndbox>
	</object>
	<object>
		<name>ref_fork</name>
		<bndbox>
			<xmin>2604</xmin>
			<ymin>573</ymin>
			<xmax>2827</xmax>
			<ymax>970</ymax>
		</bndbox>
	</object>
	<object>
		<name>ref_coin</name>
		<bndbox>
			<xmin>153</xmin>
			<ymin>495</ymin>
			<xmax>348</xmax>
			<ymax>629</ymax>
		</bndbox>
	</object>
	<object>
		<name>dish</name>
		<bndbox>
			<xmin>529</xmin>
			<ymin>289</ymin>
			<xmax>2082</xmax>
			<ymax>1413</ymax>
		</bndbox>
	</object>
	<object>
		<name>쫄면</name>
		<bndbox>
			<xmin>869</xmin>
			<ymin>739</ymin>
			<xmax>1720</xmax>
			<ymax>1200</ymax>
		</bndbox>
	</object>
</annotation>