<annotation>
	<folder>side비빔면류냉면기쫄면q2</folder>
	<filename>side_비빔면류_냉면기_쫄면_Q2_00050.JPG</filename>
	<path>/side비빔면류냉면기쫄면q2/side_비빔면류_냉면기_쫄면_Q2_00050.JPG</path>
	<source>
		<database>fooddata</database>
	</source>
	<size>
		<width>3008</width>
		<height>2000</height>
		<depth>3</depth>
	</size>
	<object>
		<name>ref_spoon</name>
		<bndbox>
			<xmin>443</xmin>
			<ymin>626</ymin>
			<xmax>724</xmax>
			<ymax>963</ymax>
		</bndbox>
	</object>
	<object>
		<name>ref_fork</name>
		<bndbox>
			<xmin>780</xmin>
			<ymin>601</ymin>
			<xmax>1000</xmax>
			<ymax>984</ymax>
		</bndbox>
	</object>
	<object>
		<name>ref_coin</name>
		<bndbox>
			<xmin>2398</xmin>
			<ymin>158</ymin>
			<xmax>2597</xmax>
			<ymax>299</ymax>
		</bndbox>
	</object>
	<object>
		<name>dish</name>
		<bndbox>
			<xmin>1167</xmin>
			<ymin>186</ymin>
			<xmax>2667</xmax>
			<ymax>1293</ymax>
		</bndbox>
	</object>
	<object>
		<name>쫄면</name>
		<bndbox>
			<xmin>1465</xmin>
			<ymin>658</ymin>
			<xmax>2306</xmax>
			<ymax>1087</ymax>
		</bndbox>
	</object>
</annotation>