<annotation>
	<folder>side비빔면류냉면기쫄면q2</folder>
	<filename>side_비빔면류_냉면기_쫄면_Q2_00006.JPG</filename>
	<path>/side비빔면류냉면기쫄면q2/side_비빔면류_냉면기_쫄면_Q2_00006.JPG</path>
	<source>
		<database>fooddata</database>
	</source>
	<size>
		<width>3008</width>
		<height>2000</height>
		<depth>3</depth>
	</size>
	<object>
		<name>ref_spoon</name>
		<bndbox>
			<xmin>2277</xmin>
			<ymin>675</ymin>
			<xmax>2554</xmax>
			<ymax>1016</ymax>
		</bndbox>
	</object>
	<object>
		<name>ref_fork</name>
		<bndbox>
			<xmin>2671</xmin>
			<ymin>711</ymin>
			<xmax>2887</xmax>
			<ymax>1098</ymax>
		</bndbox>
	</object>
	<object>
		<name>ref_coin</name>
		<bndbox>
			<xmin>71</xmin>
			<ymin>1502</ymin>
			<xmax>330</xmax>
			<ymax>1669</ymax>
		</bndbox>
	</object>
	<object>
		<name>dish</name>
		<bndbox>
			<xmin>529</xmin>
			<ymin>342</ymin>
			<xmax>2079</xmax>
			<ymax>1459</ymax>
		</bndbox>
	</object>
	<object>
		<name>쫄면</name>
		<bndbox>
			<xmin>851</xmin>
			<ymin>824</ymin>
			<xmax>1766</xmax>
			<ymax>1250</ymax>
		</bndbox>
	</object>
</annotation>