<annotation>
	<folder>side비빔면류냉면기쫄면q2</folder>
	<filename>side_비빔면류_냉면기_쫄면_Q2_00030.JPG</filename>
	<path>/side비빔면류냉면기쫄면q2/side_비빔면류_냉면기_쫄면_Q2_00030.JPG</path>
	<source>
		<database>fooddata</database>
	</source>
	<size>
		<width>3008</width>
		<height>2000</height>
		<depth>3</depth>
	</size>
	<object>
		<name>ref_spoon</name>
		<bndbox>
			<xmin>720</xmin>
			<ymin>1647</ymin>
			<xmax>1178</xmax>
			<ymax>1878</ymax>
		</bndbox>
	</object>
	<object>
		<name>ref_fork</name>
		<bndbox>
			<xmin>795</xmin>
			<ymin>1381</ymin>
			<xmax>1309</xmax>
			<ymax>1626</ymax>
		</bndbox>
	</object>
	<object>
		<name>ref_coin</name>
		<bndbox>
			<xmin>2405</xmin>
			<ymin>1271</ymin>
			<xmax>2621</xmax>
			<ymax>1424</ymax>
		</bndbox>
	</object>
	<object>
		<name>dish</name>
		<bndbox>
			<xmin>653</xmin>
			<ymin>214</ymin>
			<xmax>2072</xmax>
			<ymax>1257</ymax>
		</bndbox>
	</object>
	<object>
		<name>쫄면</name>
		<bndbox>
			<xmin>1004</xmin>
			<ymin>633</ymin>
			<xmax>1823</xmax>
			<ymax>1048</ymax>
		</bndbox>
	</object>
</annotation>