<annotation>
	<folder>side비빔면류냉면기쫄면q2</folder>
	<filename>side_비빔면류_냉면기_쫄면_Q2_00040.JPG</filename>
	<path>/side비빔면류냉면기쫄면q2/side_비빔면류_냉면기_쫄면_Q2_00040.JPG</path>
	<source>
		<database>fooddata</database>
	</source>
	<size>
		<width>3008</width>
		<height>2000</height>
		<depth>3</depth>
	</size>
	<object>
		<name>ref_spoon</name>
		<bndbox>
			<xmin>376</xmin>
			<ymin>548</ymin>
			<xmax>656</xmax>
			<ymax>902</ymax>
		</bndbox>
	</object>
	<object>
		<name>ref_fork</name>
		<bndbox>
			<xmin>709</xmin>
			<ymin>551</ymin>
			<xmax>912</xmax>
			<ymax>949</ymax>
		</bndbox>
	</object>
	<object>
		<name>ref_coin</name>
		<bndbox>
			<xmin>2341</xmin>
			<ymin>1470</ymin>
			<xmax>2572</xmax>
			<ymax>1640</ymax>
		</bndbox>
	</object>
	<object>
		<name>dish</name>
		<bndbox>
			<xmin>1114</xmin>
			<ymin>218</ymin>
			<xmax>2611</xmax>
			<ymax>1310</ymax>
		</bndbox>
	</object>
	<object>
		<name>쫄면</name>
		<bndbox>
			<xmin>1398</xmin>
			<ymin>668</ymin>
			<xmax>2299</xmax>
			<ymax>1098</ymax>
		</bndbox>
	</object>
</annotation>