<annotation>
	<folder>side비빔면류냉면기쫄면q2</folder>
	<filename>side_비빔면류_냉면기_쫄면_Q2_00036.JPG</filename>
	<path>/side비빔면류냉면기쫄면q2/side_비빔면류_냉면기_쫄면_Q2_00036.JPG</path>
	<source>
		<database>fooddata</database>
	</source>
	<size>
		<width>3008</width>
		<height>2000</height>
		<depth>3</depth>
	</size>
	<object>
		<name>ref_spoon</name>
		<bndbox>
			<xmin>401</xmin>
			<ymin>583</ymin>
			<xmax>678</xmax>
			<ymax>913</ymax>
		</bndbox>
	</object>
	<object>
		<name>ref_fork</name>
		<bndbox>
			<xmin>734</xmin>
			<ymin>601</ymin>
			<xmax>951</xmax>
			<ymax>980</ymax>
		</bndbox>
	</object>
	<object>
		<name>ref_coin</name>
		<bndbox>
			<xmin>1547</xmin>
			<ymin>1676</ymin>
			<xmax>1798</xmax>
			<ymax>1867</ymax>
		</bndbox>
	</object>
	<object>
		<name>dish</name>
		<bndbox>
			<xmin>1149</xmin>
			<ymin>285</ymin>
			<xmax>2643</xmax>
			<ymax>1364</ymax>
		</bndbox>
	</object>
	<object>
		<name>쫄면</name>
		<bndbox>
			<xmin>1476</xmin>
			<ymin>729</ymin>
			<xmax>2306</xmax>
			<ymax>1168</ymax>
		</bndbox>
	</object>
</annotation>