<annotation>
	<folder>top비빔면류냉면기쫄면q2</folder>
	<filename>top_비빔면류_냉면기_쫄면_Q2_00001.JPG</filename>
	<path>/top비빔면류냉면기쫄면q2/top_비빔면류_냉면기_쫄면_Q2_00001.JPG</path>
	<source>
		<database>fooddata</database>
	</source>
	<size>
		<width>3008</width>
		<height>2000</height>
		<depth>3</depth>
	</size>
	<object>
		<name>ref_spoon</name>
		<bndbox>
			<xmin>1915</xmin>
			<ymin>529</ymin>
			<xmax>2119</xmax>
			<ymax>863</ymax>
		</bndbox>
	</object>
	<object>
		<name>ref_fork</name>
		<bndbox>
			<xmin>2245</xmin>
			<ymin>536</ymin>
			<xmax>2384</xmax>
			<ymax>901</ymax>
		</bndbox>
	</object>
	<object>
		<name>ref_coin</name>
		<bndbox>
			<xmin>1468</xmin>
			<ymin>1587</ymin>
			<xmax>1617</xmax>
			<ymax>1736</ymax>
		</bndbox>
	</object>
	<object>
		<name>dish</name>
		<bndbox>
			<xmin>437</xmin>
			<ymin>313</ymin>
			<xmax>1679</xmax>
			<ymax>1542</ymax>
		</bndbox>
	</object>
	<object>
		<name>쫄면</name>
		<bndbox>
			<xmin>770</xmin>
			<ymin>639</ymin>
			<xmax>1439</xmax>
			<ymax>1338</ymax>
		</bndbox>
	</object>
</annotation>