<annotation>
	<folder>top비빔면류냉면기쫄면q2</folder>
	<filename>top_비빔면류_냉면기_쫄면_Q2_00010.JPG</filename>
	<path>/top비빔면류냉면기쫄면q2/top_비빔면류_냉면기_쫄면_Q2_00010.JPG</path>
	<source>
		<database>fooddata</database>
	</source>
	<size>
		<width>3008</width>
		<height>2000</height>
		<depth>3</depth>
	</size>
	<object>
		<name>ref_spoon</name>
		<bndbox>
			<xmin>1979</xmin>
			<ymin>646</ymin>
			<xmax>2212</xmax>
			<ymax>1002</ymax>
		</bndbox>
	</object>
	<object>
		<name>ref_fork</name>
		<bndbox>
			<xmin>2335</xmin>
			<ymin>665</ymin>
			<xmax>2494</xmax>
			<ymax>1050</ymax>
		</bndbox>
	</object>
	<object>
		<name>ref_coin</name>
		<bndbox>
			<xmin>919</xmin>
			<ymin>128</ymin>
			<xmax>1074</xmax>
			<ymax>271</ymax>
		</bndbox>
	</object>
	<object>
		<name>dish</name>
		<bndbox>
			<xmin>314</xmin>
			<ymin>529</ymin>
			<xmax>1695</xmax>
			<ymax>1898</ymax>
		</bndbox>
	</object>
	<object>
		<name>쫄면</name>
		<bndbox>
			<xmin>670</xmin>
			<ymin>859</ymin>
			<xmax>1433</xmax>
			<ymax>1645</ymax>
		</bndbox>
	</object>
</annotation>