<annotation>
	<folder>top비빔면류냉면기쫄면q2</folder>
	<filename>top_비빔면류_냉면기_쫄면_Q2_00002.JPG</filename>
	<path>/top비빔면류냉면기쫄면q2/top_비빔면류_냉면기_쫄면_Q2_00002.JPG</path>
	<source>
		<database>fooddata</database>
	</source>
	<size>
		<width>3008</width>
		<height>2000</height>
		<depth>3</depth>
	</size>
	<object>
		<name>ref_spoon</name>
		<bndbox>
			<xmin>1847</xmin>
			<ymin>578</ymin>
			<xmax>2047</xmax>
			<ymax>905</ymax>
		</bndbox>
	</object>
	<object>
		<name>ref_fork</name>
		<bndbox>
			<xmin>2167</xmin>
			<ymin>597</ymin>
			<xmax>2319</xmax>
			<ymax>963</ymax>
		</bndbox>
	</object>
	<object>
		<name>ref_coin</name>
		<bndbox>
			<xmin>957</xmin>
			<ymin>1636</ymin>
			<xmax>1113</xmax>
			<ymax>1794</ymax>
		</bndbox>
	</object>
	<object>
		<name>dish</name>
		<bndbox>
			<xmin>382</xmin>
			<ymin>342</ymin>
			<xmax>1630</xmax>
			<ymax>1564</ymax>
		</bndbox>
	</object>
	<object>
		<name>쫄면</name>
		<bndbox>
			<xmin>699</xmin>
			<ymin>656</ymin>
			<xmax>1400</xmax>
			<ymax>1370</ymax>
		</bndbox>
	</object>
</annotation>