<annotation>
	<folder>top비빔면류냉면기쫄면q2</folder>
	<filename>top_비빔면류_냉면기_쫄면_Q2_00023.JPG</filename>
	<path>/top비빔면류냉면기쫄면q2/top_비빔면류_냉면기_쫄면_Q2_00023.JPG</path>
	<source>
		<database>fooddata</database>
	</source>
	<size>
		<width>3008</width>
		<height>2000</height>
		<depth>3</depth>
	</size>
	<object>
		<name>ref_spoon</name>
		<bndbox>
			<xmin>786</xmin>
			<ymin>1691</ymin>
			<xmax>1113</xmax>
			<ymax>1891</ymax>
		</bndbox>
	</object>
	<object>
		<name>ref_fork</name>
		<bndbox>
			<xmin>893</xmin>
			<ymin>1425</ymin>
			<xmax>1236</xmax>
			<ymax>1571</ymax>
		</bndbox>
	</object>
	<object>
		<name>ref_coin</name>
		<bndbox>
			<xmin>1753</xmin>
			<ymin>212</ymin>
			<xmax>1892</xmax>
			<ymax>342</ymax>
		</bndbox>
	</object>
	<object>
		<name>dish</name>
		<bndbox>
			<xmin>737</xmin>
			<ymin>287</ymin>
			<xmax>1908</xmax>
			<ymax>1435</ymax>
		</bndbox>
	</object>
	<object>
		<name>쫄면</name>
		<bndbox>
			<xmin>1025</xmin>
			<ymin>601</ymin>
			<xmax>1695</xmax>
			<ymax>1225</ymax>
		</bndbox>
	</object>
</annotation>