<annotation>
	<folder>top비빔면류냉면기쫄면q2</folder>
	<filename>top_비빔면류_냉면기_쫄면_Q2_00040.JPG</filename>
	<path>/top비빔면류냉면기쫄면q2/top_비빔면류_냉면기_쫄면_Q2_00040.JPG</path>
	<source>
		<database>fooddata</database>
	</source>
	<size>
		<width>3008</width>
		<height>2000</height>
		<depth>3</depth>
	</size>
	<object>
		<name>ref_spoon</name>
		<bndbox>
			<xmin>463</xmin>
			<ymin>429</ymin>
			<xmax>670</xmax>
			<ymax>778</ymax>
		</bndbox>
	</object>
	<object>
		<name>ref_fork</name>
		<bndbox>
			<xmin>763</xmin>
			<ymin>481</ymin>
			<xmax>906</xmax>
			<ymax>853</ymax>
		</bndbox>
	</object>
	<object>
		<name>ref_coin</name>
		<bndbox>
			<xmin>1675</xmin>
			<ymin>167</ymin>
			<xmax>1821</xmax>
			<ymax>313</ymax>
		</bndbox>
	</object>
	<object>
		<name>dish</name>
		<bndbox>
			<xmin>896</xmin>
			<ymin>510</ymin>
			<xmax>2222</xmax>
			<ymax>1797</ymax>
		</bndbox>
	</object>
	<object>
		<name>쫄면</name>
		<bndbox>
			<xmin>1187</xmin>
			<ymin>795</ymin>
			<xmax>1970</xmax>
			<ymax>1597</ymax>
		</bndbox>
	</object>
</annotation>