<annotation>
	<folder>top비빔면류냉면기쫄면q2</folder>
	<filename>top_비빔면류_냉면기_쫄면_Q2_00019.JPG</filename>
	<path>/top비빔면류냉면기쫄면q2/top_비빔면류_냉면기_쫄면_Q2_00019.JPG</path>
	<source>
		<database>fooddata</database>
	</source>
	<size>
		<width>3008</width>
		<height>2000</height>
		<depth>3</depth>
	</size>
	<object>
		<name>ref_spoon</name>
		<bndbox>
			<xmin>822</xmin>
			<ymin>1555</ymin>
			<xmax>1129</xmax>
			<ymax>1749</ymax>
		</bndbox>
	</object>
	<object>
		<name>ref_fork</name>
		<bndbox>
			<xmin>909</xmin>
			<ymin>1296</ymin>
			<xmax>1265</xmax>
			<ymax>1425</ymax>
		</bndbox>
	</object>
	<object>
		<name>ref_coin</name>
		<bndbox>
			<xmin>611</xmin>
			<ymin>536</ymin>
			<xmax>747</xmax>
			<ymax>675</ymax>
		</bndbox>
	</object>
	<object>
		<name>dish</name>
		<bndbox>
			<xmin>889</xmin>
			<ymin>86</ymin>
			<xmax>2064</xmax>
			<ymax>1215</ymax>
		</bndbox>
	</object>
	<object>
		<name>쫄면</name>
		<bndbox>
			<xmin>1122</xmin>
			<ymin>394</ymin>
			<xmax>1811</xmax>
			<ymax>1002</ymax>
		</bndbox>
	</object>
</annotation>