<annotation>
	<folder>side비빔밥덮밥류접시잡탕밥q3</folder>
	<filename>side_비빔밥덮밥류_접시_잡탕밥_Q3_00025.JPG</filename>
	<path>/side비빔밥덮밥류접시잡탕밥q3/side_비빔밥덮밥류_접시_잡탕밥_Q3_00025.JPG</path>
	<source>
		<database>fooddata</database>
	</source>
	<size>
		<width>3008</width>
		<height>2000</height>
		<depth>3</depth>
	</size>
	<object>
		<name>ref_spoon</name>
		<bndbox>
			<xmin>865</xmin>
			<ymin>1624</ymin>
			<xmax>1278</xmax>
			<ymax>1832</ymax>
		</bndbox>
	</object>
	<object>
		<name>ref_fork</name>
		<bndbox>
			<xmin>975</xmin>
			<ymin>1420</ymin>
			<xmax>1395</xmax>
			<ymax>1613</ymax>
		</bndbox>
	</object>
	<object>
		<name>ref_coin</name>
		<bndbox>
			<xmin>1760</xmin>
			<ymin>120</ymin>
			<xmax>1913</xmax>
			<ymax>204</ymax>
		</bndbox>
	</object>
	<object>
		<name>dish</name>
		<bndbox>
			<xmin>865</xmin>
			<ymin>394</ymin>
			<xmax>2727</xmax>
			<ymax>1259</ymax>
		</bndbox>
	</object>
	<object>
		<name>잡탕밥</name>
		<bndbox>
			<xmin>953</xmin>
			<ymin>438</ymin>
			<xmax>2581</xmax>
			<ymax>1223</ymax>
		</bndbox>
	</object>
</annotation>