<annotation>
	<folder>side비빔밥덮밥류접시잡탕밥q3</folder>
	<filename>side_비빔밥덮밥류_접시_잡탕밥_Q3_00049.JPG</filename>
	<path>/side비빔밥덮밥류접시잡탕밥q3/side_비빔밥덮밥류_접시_잡탕밥_Q3_00049.JPG</path>
	<source>
		<database>fooddata</database>
	</source>
	<size>
		<width>3008</width>
		<height>2000</height>
		<depth>3</depth>
	</size>
	<object>
		<name>ref_spoon</name>
		<bndbox>
			<xmin>157</xmin>
			<ymin>712</ymin>
			<xmax>409</xmax>
			<ymax>1026</ymax>
		</bndbox>
	</object>
	<object>
		<name>ref_fork</name>
		<bndbox>
			<xmin>581</xmin>
			<ymin>708</ymin>
			<xmax>763</xmax>
			<ymax>1058</ymax>
		</bndbox>
	</object>
	<object>
		<name>ref_coin</name>
		<bndbox>
			<xmin>2168</xmin>
			<ymin>1493</ymin>
			<xmax>2358</xmax>
			<ymax>1635</ymax>
		</bndbox>
	</object>
	<object>
		<name>dish</name>
		<bndbox>
			<xmin>913</xmin>
			<ymin>285</ymin>
			<xmax>2595</xmax>
			<ymax>1380</ymax>
		</bndbox>
	</object>
	<object>
		<name>잡탕밥</name>
		<bndbox>
			<xmin>993</xmin>
			<ymin>416</ymin>
			<xmax>2489</xmax>
			<ymax>1307</ymax>
		</bndbox>
	</object>
</annotation>