<annotation>
	<folder>side비빔밥덮밥류접시잡탕밥q3</folder>
	<filename>side_비빔밥덮밥류_접시_잡탕밥_Q3_00011.JPG</filename>
	<path>/side비빔밥덮밥류접시잡탕밥q3/side_비빔밥덮밥류_접시_잡탕밥_Q3_00011.JPG</path>
	<source>
		<database>fooddata</database>
	</source>
	<size>
		<width>3008</width>
		<height>2000</height>
		<depth>3</depth>
	</size>
	<object>
		<name>ref_spoon</name>
		<bndbox>
			<xmin>2278</xmin>
			<ymin>485</ymin>
			<xmax>2504</xmax>
			<ymax>766</ymax>
		</bndbox>
	</object>
	<object>
		<name>ref_fork</name>
		<bndbox>
			<xmin>2628</xmin>
			<ymin>533</ymin>
			<xmax>2796</xmax>
			<ymax>839</ymax>
		</bndbox>
	</object>
	<object>
		<name>ref_coin</name>
		<bndbox>
			<xmin>1792</xmin>
			<ymin>383</ymin>
			<xmax>1953</xmax>
			<ymax>485</ymax>
		</bndbox>
	</object>
	<object>
		<name>dish</name>
		<bndbox>
			<xmin>373</xmin>
			<ymin>595</ymin>
			<xmax>2314</xmax>
			<ymax>1529</ymax>
		</bndbox>
	</object>
	<object>
		<name>잡탕밥</name>
		<bndbox>
			<xmin>650</xmin>
			<ymin>639</ymin>
			<xmax>2161</xmax>
			<ymax>1460</ymax>
		</bndbox>
	</object>
</annotation>