<annotation>
	<folder>side비빔밥덮밥류접시잡탕밥q3</folder>
	<filename>side_비빔밥덮밥류_접시_잡탕밥_Q3_00052.JPG</filename>
	<path>/side비빔밥덮밥류접시잡탕밥q3/side_비빔밥덮밥류_접시_잡탕밥_Q3_00052.JPG</path>
	<source>
		<database>fooddata</database>
	</source>
	<size>
		<width>3008</width>
		<height>2000</height>
		<depth>3</depth>
	</size>
	<object>
		<name>ref_spoon</name>
		<bndbox>
			<xmin>117</xmin>
			<ymin>759</ymin>
			<xmax>369</xmax>
			<ymax>1080</ymax>
		</bndbox>
	</object>
	<object>
		<name>ref_fork</name>
		<bndbox>
			<xmin>537</xmin>
			<ymin>763</ymin>
			<xmax>716</xmax>
			<ymax>1131</ymax>
		</bndbox>
	</object>
	<object>
		<name>ref_coin</name>
		<bndbox>
			<xmin>2708</xmin>
			<ymin>1197</ymin>
			<xmax>2898</xmax>
			<ymax>1325</ymax>
		</bndbox>
	</object>
	<object>
		<name>dish</name>
		<bndbox>
			<xmin>902</xmin>
			<ymin>547</ymin>
			<xmax>2453</xmax>
			<ymax>1891</ymax>
		</bndbox>
	</object>
	<object>
		<name>잡탕밥</name>
		<bndbox>
			<xmin>938</xmin>
			<ymin>708</ymin>
			<xmax>2351</xmax>
			<ymax>1807</ymax>
		</bndbox>
	</object>
</annotation>