<annotation>
	<folder>side비빔밥덮밥류접시잡탕밥q3</folder>
	<filename>side_비빔밥덮밥류_접시_잡탕밥_Q3_00003.JPG</filename>
	<path>/side비빔밥덮밥류접시잡탕밥q3/side_비빔밥덮밥류_접시_잡탕밥_Q3_00003.JPG</path>
	<source>
		<database>fooddata</database>
	</source>
	<size>
		<width>3008</width>
		<height>2000</height>
		<depth>3</depth>
	</size>
	<object>
		<name>ref_spoon</name>
		<bndbox>
			<xmin>2234</xmin>
			<ymin>573</ymin>
			<xmax>2471</xmax>
			<ymax>876</ymax>
		</bndbox>
	</object>
	<object>
		<name>ref_fork</name>
		<bndbox>
			<xmin>2606</xmin>
			<ymin>628</ymin>
			<xmax>2789</xmax>
			<ymax>982</ymax>
		</bndbox>
	</object>
	<object>
		<name>ref_coin</name>
		<bndbox>
			<xmin>1971</xmin>
			<ymin>1536</ymin>
			<xmax>2168</xmax>
			<ymax>1679</ymax>
		</bndbox>
	</object>
	<object>
		<name>dish</name>
		<bndbox>
			<xmin>110</xmin>
			<ymin>555</ymin>
			<xmax>1997</xmax>
			<ymax>1763</ymax>
		</bndbox>
	</object>
	<object>
		<name>잡탕밥</name>
		<bndbox>
			<xmin>201</xmin>
			<ymin>708</ymin>
			<xmax>1668</xmax>
			<ymax>1708</ymax>
		</bndbox>
	</object>
</annotation>