<annotation>
	<folder>side비빔밥덮밥류접시잡탕밥q3</folder>
	<filename>side_비빔밥덮밥류_접시_잡탕밥_Q3_00024.JPG</filename>
	<path>/side비빔밥덮밥류접시잡탕밥q3/side_비빔밥덮밥류_접시_잡탕밥_Q3_00024.JPG</path>
	<source>
		<database>fooddata</database>
	</source>
	<size>
		<width>3008</width>
		<height>2000</height>
		<depth>3</depth>
	</size>
	<object>
		<name>ref_spoon</name>
		<bndbox>
			<xmin>774</xmin>
			<ymin>1536</ymin>
			<xmax>1172</xmax>
			<ymax>1748</ymax>
		</bndbox>
	</object>
	<object>
		<name>ref_fork</name>
		<bndbox>
			<xmin>887</xmin>
			<ymin>1332</ymin>
			<xmax>1281</xmax>
			<ymax>1533</ymax>
		</bndbox>
	</object>
	<object>
		<name>ref_coin</name>
		<bndbox>
			<xmin>2135</xmin>
			<ymin>128</ymin>
			<xmax>2285</xmax>
			<ymax>212</ymax>
		</bndbox>
	</object>
	<object>
		<name>dish</name>
		<bndbox>
			<xmin>690</xmin>
			<ymin>274</ymin>
			<xmax>2515</xmax>
			<ymax>1117</ymax>
		</bndbox>
	</object>
	<object>
		<name>잡탕밥</name>
		<bndbox>
			<xmin>818</xmin>
			<ymin>299</ymin>
			<xmax>2438</xmax>
			<ymax>1077</ymax>
		</bndbox>
	</object>
</annotation>