<annotation>
	<folder>side비빔밥덮밥류접시잡탕밥q3</folder>
	<filename>side_비빔밥덮밥류_접시_잡탕밥_Q3_00010.JPG</filename>
	<path>/side비빔밥덮밥류접시잡탕밥q3/side_비빔밥덮밥류_접시_잡탕밥_Q3_00010.JPG</path>
	<source>
		<database>fooddata</database>
	</source>
	<size>
		<width>3008</width>
		<height>2000</height>
		<depth>3</depth>
	</size>
	<object>
		<name>ref_spoon</name>
		<bndbox>
			<xmin>2285</xmin>
			<ymin>485</ymin>
			<xmax>2519</xmax>
			<ymax>763</ymax>
		</bndbox>
	</object>
	<object>
		<name>ref_fork</name>
		<bndbox>
			<xmin>2639</xmin>
			<ymin>533</ymin>
			<xmax>2811</xmax>
			<ymax>843</ymax>
		</bndbox>
	</object>
	<object>
		<name>ref_coin</name>
		<bndbox>
			<xmin>1953</xmin>
			<ymin>577</ymin>
			<xmax>2121</xmax>
			<ymax>686</ymax>
		</bndbox>
	</object>
	<object>
		<name>dish</name>
		<bndbox>
			<xmin>413</xmin>
			<ymin>639</ymin>
			<xmax>2292</xmax>
			<ymax>1682</ymax>
		</bndbox>
	</object>
	<object>
		<name>잡탕밥</name>
		<bndbox>
			<xmin>916</xmin>
			<ymin>693</ymin>
			<xmax>2238</xmax>
			<ymax>1599</ymax>
		</bndbox>
	</object>
</annotation>