<annotation>
	<folder>side비빔밥덮밥류접시잡탕밥q3</folder>
	<filename>side_비빔밥덮밥류_접시_잡탕밥_Q3_00051.JPG</filename>
	<path>/side비빔밥덮밥류접시잡탕밥q3/side_비빔밥덮밥류_접시_잡탕밥_Q3_00051.JPG</path>
	<source>
		<database>fooddata</database>
	</source>
	<size>
		<width>3008</width>
		<height>2000</height>
		<depth>3</depth>
	</size>
	<object>
		<name>ref_spoon</name>
		<bndbox>
			<xmin>143</xmin>
			<ymin>839</ymin>
			<xmax>402</xmax>
			<ymax>1153</ymax>
		</bndbox>
	</object>
	<object>
		<name>ref_fork</name>
		<bndbox>
			<xmin>573</xmin>
			<ymin>847</ymin>
			<xmax>741</xmax>
			<ymax>1204</ymax>
		</bndbox>
	</object>
	<object>
		<name>ref_coin</name>
		<bndbox>
			<xmin>2635</xmin>
			<ymin>1405</ymin>
			<xmax>2829</xmax>
			<ymax>1533</ymax>
		</bndbox>
	</object>
	<object>
		<name>dish</name>
		<bndbox>
			<xmin>949</xmin>
			<ymin>467</ymin>
			<xmax>2906</xmax>
			<ymax>1358</ymax>
		</bndbox>
	</object>
	<object>
		<name>잡탕밥</name>
		<bndbox>
			<xmin>1146</xmin>
			<ymin>493</ymin>
			<xmax>2727</xmax>
			<ymax>1299</ymax>
		</bndbox>
	</object>
</annotation>