<annotation>
	<folder>top비빔밥덮밥류접시잡탕밥q3-재작업</folder>
	<filename>top_비빔밥덮밥류_접시_잡탕밥_Q3_00051.JPG</filename>
	<path>/top비빔밥덮밥류접시잡탕밥q3/top_비빔밥덮밥류_접시_잡탕밥_Q3_00051.JPG</path>
	<source>
		<database>fooddata</database>
	</source>
	<size>
		<width>3008</width>
		<height>2000</height>
		<depth>3</depth>
	</size>
	<object>
		<name>ref_spoon</name>
		<bndbox>
			<xmin>747</xmin>
			<ymin>572</ymin>
			<xmax>956</xmax>
			<ymax>902</ymax>
		</bndbox>
	</object>
	<object>
		<name>ref_fork</name>
		<bndbox>
			<xmin>506</xmin>
			<ymin>663</ymin>
			<xmax>656</xmax>
			<ymax>1015</ymax>
		</bndbox>
	</object>
	<object>
		<name>ref_coin</name>
		<bndbox>
			<xmin>2283</xmin>
			<ymin>1305</ymin>
			<xmax>2430</xmax>
			<ymax>1462</ymax>
		</bndbox>
	</object>
	<object>
		<name>dish</name>
		<bndbox>
			<xmin>993</xmin>
			<ymin>231</ymin>
			<xmax>2229</xmax>
			<ymax>1885</ymax>
		</bndbox>
	</object>
	<object>
		<name>잡탕밥</name>
		<bndbox>
			<xmin>1042</xmin>
			<ymin>413</ymin>
			<xmax>2185</xmax>
			<ymax>1749</ymax>
		</bndbox>
	</object>
</annotation>