<annotation>
	<folder>top비빔밥덮밥류접시잡탕밥q3-재작업</folder>
	<filename>top_비빔밥덮밥류_접시_잡탕밥_Q3_00046.JPG</filename>
	<path>/top비빔밥덮밥류접시잡탕밥q3/top_비빔밥덮밥류_접시_잡탕밥_Q3_00046.JPG</path>
	<source>
		<database>fooddata</database>
	</source>
	<size>
		<width>3008</width>
		<height>2000</height>
		<depth>3</depth>
	</size>
	<object>
		<name>ref_spoon</name>
		<bndbox>
			<xmin>961</xmin>
			<ymin>531</ymin>
			<xmax>1167</xmax>
			<ymax>857</ymax>
		</bndbox>
	</object>
	<object>
		<name>ref_fork</name>
		<bndbox>
			<xmin>720</xmin>
			<ymin>612</ymin>
			<xmax>865</xmax>
			<ymax>963</ymax>
		</bndbox>
	</object>
	<object>
		<name>ref_coin</name>
		<bndbox>
			<xmin>2465</xmin>
			<ymin>848</ymin>
			<xmax>2612</xmax>
			<ymax>990</ymax>
		</bndbox>
	</object>
	<object>
		<name>dish</name>
		<bndbox>
			<xmin>1207</xmin>
			<ymin>221</ymin>
			<xmax>2423</xmax>
			<ymax>1860</ymax>
		</bndbox>
	</object>
	<object>
		<name>잡탕밥</name>
		<bndbox>
			<xmin>1261</xmin>
			<ymin>445</ymin>
			<xmax>2386</xmax>
			<ymax>1730</ymax>
		</bndbox>
	</object>
</annotation>