<annotation>
	<folder>top비빔밥덮밥류접시잡탕밥q3-재작업</folder>
	<filename>top_비빔밥덮밥류_접시_잡탕밥_Q3_00037.JPG</filename>
	<path>/top비빔밥덮밥류접시잡탕밥q3/top_비빔밥덮밥류_접시_잡탕밥_Q3_00037.JPG</path>
	<source>
		<database>fooddata</database>
	</source>
	<size>
		<width>3008</width>
		<height>2000</height>
		<depth>3</depth>
	</size>
	<object>
		<name>ref_spoon</name>
		<bndbox>
			<xmin>1113</xmin>
			<ymin>590</ymin>
			<xmax>1307</xmax>
			<ymax>885</ymax>
		</bndbox>
	</object>
	<object>
		<name>ref_fork</name>
		<bndbox>
			<xmin>885</xmin>
			<ymin>646</ymin>
			<xmax>1025</xmax>
			<ymax>985</ymax>
		</bndbox>
	</object>
	<object>
		<name>ref_coin</name>
		<bndbox>
			<xmin>2376</xmin>
			<ymin>1405</ymin>
			<xmax>2514</xmax>
			<ymax>1555</ymax>
		</bndbox>
	</object>
	<object>
		<name>dish</name>
		<bndbox>
			<xmin>1374</xmin>
			<ymin>187</ymin>
			<xmax>2475</xmax>
			<ymax>1654</ymax>
		</bndbox>
	</object>
	<object>
		<name>잡탕밥</name>
		<bndbox>
			<xmin>1440</xmin>
			<ymin>292</ymin>
			<xmax>2420</xmax>
			<ymax>1366</ymax>
		</bndbox>
	</object>
</annotation>