<annotation>
	<folder>top비빔밥덮밥류접시잡탕밥q3</folder>
	<filename>top_비빔밥덮밥류_접시_잡탕밥_Q3_00010.JPG</filename>
	<path>/top비빔밥덮밥류접시잡탕밥q3/top_비빔밥덮밥류_접시_잡탕밥_Q3_00010.JPG</path>
	<source>
		<database>fooddata</database>
	</source>
	<size>
		<width>3008</width>
		<height>2000</height>
		<depth>3</depth>
	</size>
	<object>
		<name>ref_spoon</name>
		<bndbox>
			<xmin>2425</xmin>
			<ymin>176</ymin>
			<xmax>2620</xmax>
			<ymax>472</ymax>
		</bndbox>
	</object>
	<object>
		<name>ref_fork</name>
		<bndbox>
			<xmin>2231</xmin>
			<ymin>255</ymin>
			<xmax>2351</xmax>
			<ymax>579</ymax>
		</bndbox>
	</object>
	<object>
		<name>ref_coin</name>
		<bndbox>
			<xmin>1143</xmin>
			<ymin>139</ymin>
			<xmax>1291</xmax>
			<ymax>287</ymax>
		</bndbox>
	</object>
	<object>
		<name>dish</name>
		<bndbox>
			<xmin>735</xmin>
			<ymin>287</ymin>
			<xmax>2101</xmax>
			<ymax>1806</ymax>
		</bndbox>
	</object>
	<object>
		<name>잡탕밥</name>
		<bndbox>
			<xmin>842</xmin>
			<ymin>407</ymin>
			<xmax>2018</xmax>
			<ymax>1694</ymax>
		</bndbox>
	</object>
</annotation>