<annotation>
	<folder>top비빔밥덮밥류접시잡탕밥q3</folder>
	<filename>top_비빔밥덮밥류_접시_잡탕밥_Q3_00048.JPG</filename>
	<path>/top비빔밥덮밥류접시잡탕밥q3/top_비빔밥덮밥류_접시_잡탕밥_Q3_00048.JPG</path>
	<source>
		<database>fooddata</database>
	</source>
	<size>
		<width>3008</width>
		<height>2000</height>
		<depth>3</depth>
	</size>
	<object>
		<name>ref_spoon</name>
		<bndbox>
			<xmin>976</xmin>
			<ymin>552</ymin>
			<xmax>1202</xmax>
			<ymax>858</ymax>
		</bndbox>
	</object>
	<object>
		<name>ref_fork</name>
		<bndbox>
			<xmin>741</xmin>
			<ymin>623</ymin>
			<xmax>905</xmax>
			<ymax>969</ymax>
		</bndbox>
	</object>
	<object>
		<name>ref_coin</name>
		<bndbox>
			<xmin>2431</xmin>
			<ymin>468</ymin>
			<xmax>2587</xmax>
			<ymax>614</ymax>
		</bndbox>
	</object>
	<object>
		<name>dish</name>
		<bndbox>
			<xmin>1233</xmin>
			<ymin>228</ymin>
			<xmax>2458</xmax>
			<ymax>1878</ymax>
		</bndbox>
	</object>
	<object>
		<name>잡탕밥</name>
		<bndbox>
			<xmin>1282</xmin>
			<ymin>277</ymin>
			<xmax>2431</xmax>
			<ymax>1750</ymax>
		</bndbox>
	</object>
</annotation>