<annotation>
	<folder>top비빔밥덮밥류접시잡탕밥q3-재작업</folder>
	<filename>top_비빔밥덮밥류_접시_잡탕밥_Q3_00006.JPG</filename>
	<path>/top비빔밥덮밥류접시잡탕밥q3/top_비빔밥덮밥류_접시_잡탕밥_Q3_00006.JPG</path>
	<source>
		<database>fooddata</database>
	</source>
	<size>
		<width>3008</width>
		<height>2000</height>
		<depth>3</depth>
	</size>
	<object>
		<name>ref_spoon</name>
		<bndbox>
			<xmin>2479</xmin>
			<ymin>216</ymin>
			<xmax>2661</xmax>
			<ymax>521</ymax>
		</bndbox>
	</object>
	<object>
		<name>ref_fork</name>
		<bndbox>
			<xmin>2268</xmin>
			<ymin>290</ymin>
			<xmax>2401</xmax>
			<ymax>631</ymax>
		</bndbox>
	</object>
	<object>
		<name>ref_coin</name>
		<bndbox>
			<xmin>791</xmin>
			<ymin>1378</ymin>
			<xmax>944</xmax>
			<ymax>1531</ymax>
		</bndbox>
	</object>
	<object>
		<name>dish</name>
		<bndbox>
			<xmin>703</xmin>
			<ymin>287</ymin>
			<xmax>2263</xmax>
			<ymax>1590</ymax>
		</bndbox>
	</object>
	<object>
		<name>잡탕밥</name>
		<bndbox>
			<xmin>858</xmin>
			<ymin>378</ymin>
			<xmax>2052</xmax>
			<ymax>1489</ymax>
		</bndbox>
	</object>
</annotation>