<annotation>
	<folder>top비빔밥덮밥류접시잡탕밥q3-재작업</folder>
	<filename>top_비빔밥덮밥류_접시_잡탕밥_Q3_00001.JPG</filename>
	<path>/top비빔밥덮밥류접시잡탕밥q3/top_비빔밥덮밥류_접시_잡탕밥_Q3_00001.JPG</path>
	<source>
		<database>fooddata</database>
	</source>
	<size>
		<width>3008</width>
		<height>2000</height>
		<depth>3</depth>
	</size>
	<object>
		<name>ref_spoon</name>
		<bndbox>
			<xmin>2337</xmin>
			<ymin>115</ymin>
			<xmax>2524</xmax>
			<ymax>430</ymax>
		</bndbox>
	</object>
	<object>
		<name>ref_fork</name>
		<bndbox>
			<xmin>2118</xmin>
			<ymin>214</ymin>
			<xmax>2251</xmax>
			<ymax>558</ymax>
		</bndbox>
	</object>
	<object>
		<name>ref_coin</name>
		<bndbox>
			<xmin>2010</xmin>
			<ymin>1339</ymin>
			<xmax>2155</xmax>
			<ymax>1494</ymax>
		</bndbox>
	</object>
	<object>
		<name>dish</name>
		<bndbox>
			<xmin>784</xmin>
			<ymin>79</ymin>
			<xmax>2032</xmax>
			<ymax>1744</ymax>
		</bndbox>
	</object>
	<object>
		<name>잡탕밥</name>
		<bndbox>
			<xmin>846</xmin>
			<ymin>376</ymin>
			<xmax>1951</xmax>
			<ymax>1612</ymax>
		</bndbox>
	</object>
</annotation>