<annotation>
	<folder>top비빔밥덮밥류접시잡탕밥q3-재작업</folder>
	<filename>top_비빔밥덮밥류_접시_잡탕밥_Q3_00005.JPG</filename>
	<path>/top비빔밥덮밥류접시잡탕밥q3/top_비빔밥덮밥류_접시_잡탕밥_Q3_00005.JPG</path>
	<source>
		<database>fooddata</database>
	</source>
	<size>
		<width>3008</width>
		<height>2000</height>
		<depth>3</depth>
	</size>
	<object>
		<name>ref_spoon</name>
		<bndbox>
			<xmin>2428</xmin>
			<ymin>157</ymin>
			<xmax>2610</xmax>
			<ymax>459</ymax>
		</bndbox>
	</object>
	<object>
		<name>ref_fork</name>
		<bndbox>
			<xmin>2214</xmin>
			<ymin>238</ymin>
			<xmax>2347</xmax>
			<ymax>582</ymax>
		</bndbox>
	</object>
	<object>
		<name>ref_coin</name>
		<bndbox>
			<xmin>1076</xmin>
			<ymin>1514</ymin>
			<xmax>1231</xmax>
			<ymax>1673</ymax>
		</bndbox>
	</object>
	<object>
		<name>dish</name>
		<bndbox>
			<xmin>578</xmin>
			<ymin>229</ymin>
			<xmax>2221</xmax>
			<ymax>1437</ymax>
		</bndbox>
	</object>
	<object>
		<name>잡탕밥</name>
		<bndbox>
			<xmin>730</xmin>
			<ymin>283</ymin>
			<xmax>1917</xmax>
			<ymax>1359</ymax>
		</bndbox>
	</object>
</annotation>