<annotation>
	<folder>top비빔밥덮밥류접시잡탕밥q3</folder>
	<filename>top_비빔밥덮밥류_접시_잡탕밥_Q3_00003.JPG</filename>
	<path>/top비빔밥덮밥류접시잡탕밥q3/top_비빔밥덮밥류_접시_잡탕밥_Q3_00003.JPG</path>
	<source>
		<database>fooddata</database>
	</source>
	<size>
		<width>3008</width>
		<height>2000</height>
		<depth>3</depth>
	</size>
	<object>
		<name>ref_spoon</name>
		<bndbox>
			<xmin>2351</xmin>
			<ymin>171</ymin>
			<xmax>2555</xmax>
			<ymax>468</ymax>
		</bndbox>
	</object>
	<object>
		<name>ref_fork</name>
		<bndbox>
			<xmin>2148</xmin>
			<ymin>241</ymin>
			<xmax>2291</xmax>
			<ymax>569</ymax>
		</bndbox>
	</object>
	<object>
		<name>ref_coin</name>
		<bndbox>
			<xmin>1509</xmin>
			<ymin>1611</ymin>
			<xmax>1675</xmax>
			<ymax>1773</ymax>
		</bndbox>
	</object>
	<object>
		<name>dish</name>
		<bndbox>
			<xmin>624</xmin>
			<ymin>157</ymin>
			<xmax>2078</xmax>
			<ymax>1648</ymax>
		</bndbox>
	</object>
	<object>
		<name>잡탕밥</name>
		<bndbox>
			<xmin>722</xmin>
			<ymin>255</ymin>
			<xmax>2004</xmax>
			<ymax>1523</ymax>
		</bndbox>
	</object>
</annotation>