<annotation>
	<folder>top비빔밥덮밥류접시잡탕밥q3</folder>
	<filename>top_비빔밥덮밥류_접시_잡탕밥_Q3_00026.JPG</filename>
	<path>/top비빔밥덮밥류접시잡탕밥q3/top_비빔밥덮밥류_접시_잡탕밥_Q3_00026.JPG</path>
	<source>
		<database>fooddata</database>
	</source>
	<size>
		<width>3008</width>
		<height>2000</height>
		<depth>3</depth>
	</size>
	<object>
		<name>ref_spoon</name>
		<bndbox>
			<xmin>1167</xmin>
			<ymin>1399</ymin>
			<xmax>1451</xmax>
			<ymax>1608</ymax>
		</bndbox>
	</object>
	<object>
		<name>ref_fork</name>
		<bndbox>
			<xmin>1158</xmin>
			<ymin>1665</ymin>
			<xmax>1495</xmax>
			<ymax>1816</ymax>
		</bndbox>
	</object>
	<object>
		<name>ref_coin</name>
		<bndbox>
			<xmin>2005</xmin>
			<ymin>130</ymin>
			<xmax>2130</xmax>
			<ymax>264</ymax>
		</bndbox>
	</object>
	<object>
		<name>dish</name>
		<bndbox>
			<xmin>1162</xmin>
			<ymin>188</ymin>
			<xmax>2418</xmax>
			<ymax>1377</ymax>
		</bndbox>
	</object>
	<object>
		<name>잡탕밥</name>
		<bndbox>
			<xmin>1295</xmin>
			<ymin>259</ymin>
			<xmax>2307</xmax>
			<ymax>1266</ymax>
		</bndbox>
	</object>
</annotation>