<annotation>
	<folder>my-project-name</folder>
	<filename>side_부침개류_접시_파전_Q4_00052.JPG</filename>
	<path>/side부침개류접시파전q4/side_부침개류_접시_파전_Q4_00052.JPG</path>
	<source>
		<database>fooddata</database>
	</source>
	<size>
		<width>720</width>
		<height>480</height>
		<depth>3</depth>
	</size>
	<object>
		<name>ref_spoon</name>
		<bndbox>
			<xmin>100</xmin>
			<ymin>122</ymin>
			<xmax>159</xmax>
			<ymax>204</ymax>
		</bndbox>
	</object>
	<object>
		<name>ref_fork</name>
		<bndbox>
			<xmin>179</xmin>
			<ymin>125</ymin>
			<xmax>219</xmax>
			<ymax>216</ymax>
		</bndbox>
	</object>
	<object>
		<name>ref_coin</name>
		<bndbox>
			<xmin>147</xmin>
			<ymin>384</ymin>
			<xmax>195</xmax>
			<ymax>424</ymax>
		</bndbox>
	</object>
	<object>
		<name>dish</name>
		<bndbox>
			<xmin>227</xmin>
			<ymin>106</ymin>
			<xmax>658</xmax>
			<ymax>419</ymax>
		</bndbox>
	</object>
	<object>
		<name>파전</name>
		<bndbox>
			<xmin>248</xmin>
			<ymin>140</ymin>
			<xmax>626</xmax>
			<ymax>383</ymax>
		</bndbox>
	</object>
</annotation>