<annotation>
	<folder>my-project-name</folder>
	<filename>side_부침개류_접시_파전_Q4_00050.JPG</filename>
	<path>/side부침개류접시파전q4/side_부침개류_접시_파전_Q4_00050.JPG</path>
	<source>
		<database>fooddata</database>
	</source>
	<size>
		<width>720</width>
		<height>480</height>
		<depth>3</depth>
	</size>
	<object>
		<name>ref_spoon</name>
		<bndbox>
			<xmin>104</xmin>
			<ymin>116</ymin>
			<xmax>162</xmax>
			<ymax>196</ymax>
		</bndbox>
	</object>
	<object>
		<name>ref_fork</name>
		<bndbox>
			<xmin>183</xmin>
			<ymin>119</ymin>
			<xmax>222</xmax>
			<ymax>209</ymax>
		</bndbox>
	</object>
	<object>
		<name>ref_coin</name>
		<bndbox>
			<xmin>36</xmin>
			<ymin>234</ymin>
			<xmax>81</xmax>
			<ymax>268</ymax>
		</bndbox>
	</object>
	<object>
		<name>dish</name>
		<bndbox>
			<xmin>231</xmin>
			<ymin>98</ymin>
			<xmax>662</xmax>
			<ymax>411</ymax>
		</bndbox>
	</object>
	<object>
		<name>파전</name>
		<bndbox>
			<xmin>250</xmin>
			<ymin>133</ymin>
			<xmax>630</xmax>
			<ymax>355</ymax>
		</bndbox>
	</object>
</annotation>