<annotation>
	<folder>my-project-name</folder>
	<filename>side_부침개류_접시_파전_Q4_00045.JPG</filename>
	<path>/side부침개류접시파전q4/side_부침개류_접시_파전_Q4_00045.JPG</path>
	<source>
		<database>fooddata</database>
	</source>
	<size>
		<width>720</width>
		<height>480</height>
		<depth>3</depth>
	</size>
	<object>
		<name>ref_spoon</name>
		<bndbox>
			<xmin>88</xmin>
			<ymin>127</ymin>
			<xmax>148</xmax>
			<ymax>210</ymax>
		</bndbox>
	</object>
	<object>
		<name>ref_fork</name>
		<bndbox>
			<xmin>167</xmin>
			<ymin>131</ymin>
			<xmax>207</xmax>
			<ymax>223</ymax>
		</bndbox>
	</object>
	<object>
		<name>ref_coin</name>
		<bndbox>
			<xmin>326</xmin>
			<ymin>53</ymin>
			<xmax>364</xmax>
			<ymax>80</ymax>
		</bndbox>
	</object>
	<object>
		<name>dish</name>
		<bndbox>
			<xmin>215</xmin>
			<ymin>113</ymin>
			<xmax>644</xmax>
			<ymax>425</ymax>
		</bndbox>
	</object>
	<object>
		<name>파전</name>
		<bndbox>
			<xmin>250</xmin>
			<ymin>147</ymin>
			<xmax>613</xmax>
			<ymax>393</ymax>
		</bndbox>
	</object>
</annotation>