<annotation>
	<folder>my-project-name</folder>
	<filename>side_부침개류_접시_파전_Q4_00036.JPG</filename>
	<path>/side부침개류접시파전q4/side_부침개류_접시_파전_Q4_00036.JPG</path>
	<source>
		<database>fooddata</database>
	</source>
	<size>
		<width>720</width>
		<height>480</height>
		<depth>3</depth>
	</size>
	<object>
		<name>ref_spoon</name>
		<bndbox>
			<xmin>147</xmin>
			<ymin>115</ymin>
			<xmax>202</xmax>
			<ymax>188</ymax>
		</bndbox>
	</object>
	<object>
		<name>ref_fork</name>
		<bndbox>
			<xmin>219</xmin>
			<ymin>117</ymin>
			<xmax>254</xmax>
			<ymax>200</ymax>
		</bndbox>
	</object>
	<object>
		<name>ref_coin</name>
		<bndbox>
			<xmin>443</xmin>
			<ymin>390</ymin>
			<xmax>487</xmax>
			<ymax>426</ymax>
		</bndbox>
	</object>
	<object>
		<name>dish</name>
		<bndbox>
			<xmin>276</xmin>
			<ymin>70</ymin>
			<xmax>665</xmax>
			<ymax>347</ymax>
		</bndbox>
	</object>
	<object>
		<name>파전</name>
		<bndbox>
			<xmin>303</xmin>
			<ymin>96</ymin>
			<xmax>603</xmax>
			<ymax>330</ymax>
		</bndbox>
	</object>
</annotation>