<annotation>
	<folder>my-project-name</folder>
	<filename>side_부침개류_접시_파전_Q4_00040.JPG</filename>
	<path>/side부침개류접시파전q4/side_부침개류_접시_파전_Q4_00040.JPG</path>
	<source>
		<database>fooddata</database>
	</source>
	<size>
		<width>720</width>
		<height>480</height>
		<depth>3</depth>
	</size>
	<object>
		<name>ref_spoon</name>
		<bndbox>
			<xmin>77</xmin>
			<ymin>145</ymin>
			<xmax>137</xmax>
			<ymax>231</ymax>
		</bndbox>
	</object>
	<object>
		<name>ref_fork</name>
		<bndbox>
			<xmin>159</xmin>
			<ymin>147</ymin>
			<xmax>199</xmax>
			<ymax>241</ymax>
		</bndbox>
	</object>
	<object>
		<name>ref_coin</name>
		<bndbox>
			<xmin>636</xmin>
			<ymin>392</ymin>
			<xmax>685</xmax>
			<ymax>432</ymax>
		</bndbox>
	</object>
	<object>
		<name>dish</name>
		<bndbox>
			<xmin>225</xmin>
			<ymin>96</ymin>
			<xmax>658</xmax>
			<ymax>404</ymax>
		</bndbox>
	</object>
	<object>
		<name>파전</name>
		<bndbox>
			<xmin>254</xmin>
			<ymin>124</ymin>
			<xmax>615</xmax>
			<ymax>386</ymax>
		</bndbox>
	</object>
</annotation>