<annotation>
	<folder>재작업1</folder>
	<filename>side_부침개류_접시_파전_Q4_00051.JPG</filename>
	<path>/side부침개류접시파전q4/side_부침개류_접시_파전_Q4_00051.JPG</path>
	<source>
		<database>fooddata</database>
	</source>
	<size>
		<width>720</width>
		<height>480</height>
		<depth>3</depth>
	</size>
	<object>
		<name>ref_spoon</name>
		<bndbox>
			<xmin>97</xmin>
			<ymin>118</ymin>
			<xmax>156</xmax>
			<ymax>195</ymax>
		</bndbox>
	</object>
	<object>
		<name>ref_fork</name>
		<bndbox>
			<xmin>175</xmin>
			<ymin>121</ymin>
			<xmax>215</xmax>
			<ymax>207</ymax>
		</bndbox>
	</object>
	<object>
		<name>ref_coin</name>
		<bndbox>
			<xmin>18</xmin>
			<ymin>288</ymin>
			<xmax>67</xmax>
			<ymax>326</ymax>
		</bndbox>
	</object>
	<object>
		<name>dish</name>
		<bndbox>
			<xmin>224</xmin>
			<ymin>102</ymin>
			<xmax>655</xmax>
			<ymax>417</ymax>
		</bndbox>
	</object>
	<object>
		<name>파전</name>
		<bndbox>
			<xmin>246</xmin>
			<ymin>136</ymin>
			<xmax>623</xmax>
			<ymax>364</ymax>
		</bndbox>
	</object>
</annotation>