<annotation>
	<folder>my-project-name</folder>
	<filename>side_부침개류_접시_파전_Q4_00053.JPG</filename>
	<path>/side부침개류접시파전q4/side_부침개류_접시_파전_Q4_00053.JPG</path>
	<source>
		<database>fooddata</database>
	</source>
	<size>
		<width>720</width>
		<height>480</height>
		<depth>3</depth>
	</size>
	<object>
		<name>ref_spoon</name>
		<bndbox>
			<xmin>98</xmin>
			<ymin>113</ymin>
			<xmax>159</xmax>
			<ymax>196</ymax>
		</bndbox>
	</object>
	<object>
		<name>ref_fork</name>
		<bndbox>
			<xmin>178</xmin>
			<ymin>116</ymin>
			<xmax>217</xmax>
			<ymax>208</ymax>
		</bndbox>
	</object>
	<object>
		<name>ref_coin</name>
		<bndbox>
			<xmin>231</xmin>
			<ymin>372</ymin>
			<xmax>278</xmax>
			<ymax>410</ymax>
		</bndbox>
	</object>
	<object>
		<name>dish</name>
		<bndbox>
			<xmin>226</xmin>
			<ymin>96</ymin>
			<xmax>656</xmax>
			<ymax>409</ymax>
		</bndbox>
	</object>
	<object>
		<name>파전</name>
		<bndbox>
			<xmin>246</xmin>
			<ymin>132</ymin>
			<xmax>624</xmax>
			<ymax>376</ymax>
		</bndbox>
	</object>
</annotation>