<annotation>
	<folder>my-project-name</folder>
	<filename>side_부침개류_접시_파전_Q4_00030.JPG</filename>
	<path>/side부침개류접시파전q4/side_부침개류_접시_파전_Q4_00030.JPG</path>
	<source>
		<database>fooddata</database>
	</source>
	<size>
		<width>720</width>
		<height>480</height>
		<depth>3</depth>
	</size>
	<object>
		<name>ref_spoon</name>
		<bndbox>
			<xmin>240</xmin>
			<ymin>362</ymin>
			<xmax>333</xmax>
			<ymax>413</ymax>
		</bndbox>
	</object>
	<object>
		<name>ref_fork</name>
		<bndbox>
			<xmin>244</xmin>
			<ymin>314</ymin>
			<xmax>344</xmax>
			<ymax>358</ymax>
		</bndbox>
	</object>
	<object>
		<name>ref_coin</name>
		<bndbox>
			<xmin>573</xmin>
			<ymin>275</ymin>
			<xmax>614</xmax>
			<ymax>307</ymax>
		</bndbox>
	</object>
	<object>
		<name>dish</name>
		<bndbox>
			<xmin>231</xmin>
			<ymin>44</ymin>
			<xmax>602</xmax>
			<ymax>303</ymax>
		</bndbox>
	</object>
	<object>
		<name>파전</name>
		<bndbox>
			<xmin>280</xmin>
			<ymin>77</ymin>
			<xmax>571</xmax>
			<ymax>287</ymax>
		</bndbox>
	</object>
</annotation>