<annotation>
	<folder>my-project-name</folder>
	<filename>side_부침개류_접시_파전_Q4_00028.JPG</filename>
	<path>/side부침개류접시파전q4/side_부침개류_접시_파전_Q4_00028.JPG</path>
	<source>
		<database>fooddata</database>
	</source>
	<size>
		<width>720</width>
		<height>480</height>
		<depth>3</depth>
	</size>
	<object>
		<name>ref_spoon</name>
		<bndbox>
			<xmin>234</xmin>
			<ymin>378</ymin>
			<xmax>328</xmax>
			<ymax>429</ymax>
		</bndbox>
	</object>
	<object>
		<name>ref_fork</name>
		<bndbox>
			<xmin>239</xmin>
			<ymin>329</ymin>
			<xmax>340</xmax>
			<ymax>373</ymax>
		</bndbox>
	</object>
	<object>
		<name>ref_coin</name>
		<bndbox>
			<xmin>610</xmin>
			<ymin>205</ymin>
			<xmax>650</xmax>
			<ymax>233</ymax>
		</bndbox>
	</object>
	<object>
		<name>dish</name>
		<bndbox>
			<xmin>218</xmin>
			<ymin>63</ymin>
			<xmax>589</xmax>
			<ymax>323</ymax>
		</bndbox>
	</object>
	<object>
		<name>파전</name>
		<bndbox>
			<xmin>301</xmin>
			<ymin>90</ymin>
			<xmax>557</xmax>
			<ymax>312</ymax>
		</bndbox>
	</object>
</annotation>