<annotation>
	<folder>top_부침개류접시파전q4</folder>
	<filename>top_부침개류_접시_파전_Q4_00033.JPG</filename>
	<path>/top부침개류접시파전q4/top_부침개류_접시_파전_Q4_00033.JPG</path>
	<source>
		<database>fooddata</database>
	</source>
	<size>
		<width>5472</width>
		<height>3648</height>
		<depth>3</depth>
	</size>
	<object>
		<name>ref_spoon</name>
		<bndbox>
			<xmin>1355</xmin>
			<ymin>753</ymin>
			<xmax>1731</xmax>
			<ymax>1506</ymax>
		</bndbox>
	</object>
	<object>
		<name>ref_fork</name>
		<bndbox>
			<xmin>1875</xmin>
			<ymin>825</ymin>
			<xmax>2130</xmax>
			<ymax>1600</ymax>
		</bndbox>
	</object>
	<object>
		<name>ref_coin</name>
		<bndbox>
			<xmin>2169</xmin>
			<ymin>2796</ymin>
			<xmax>2440</xmax>
			<ymax>3078</ymax>
		</bndbox>
	</object>
	<object>
		<name>dish</name>
		<bndbox>
			<xmin>2290</xmin>
			<ymin>471</ymin>
			<xmax>4936</xmax>
			<ymax>3144</ymax>
		</bndbox>
	</object>
	<object>
		<name>파전</name>
		<bndbox>
			<xmin>2368</xmin>
			<ymin>681</ymin>
			<xmax>4743</xmax>
			<ymax>2851</ymax>
		</bndbox>
	</object>
</annotation>