<annotation>
	<folder>top_부침개류접시파전q4</folder>
	<filename>top_부침개류_접시_파전_Q4_00015.JPG</filename>
	<path>/top부침개류접시파전q4/top_부침개류_접시_파전_Q4_00015.JPG</path>
	<source>
		<database>fooddata</database>
	</source>
	<size>
		<width>5472</width>
		<height>3648</height>
		<depth>3</depth>
	</size>
	<object>
		<name>ref_spoon</name>
		<bndbox>
			<xmin>4112</xmin>
			<ymin>725</ymin>
			<xmax>4521</xmax>
			<ymax>1528</ymax>
		</bndbox>
	</object>
	<object>
		<name>ref_fork</name>
		<bndbox>
			<xmin>4621</xmin>
			<ymin>830</ymin>
			<xmax>4942</xmax>
			<ymax>1600</ymax>
		</bndbox>
	</object>
	<object>
		<name>ref_coin</name>
		<bndbox>
			<xmin>3226</xmin>
			<ymin>465</ymin>
			<xmax>3525</xmax>
			<ymax>731</ymax>
		</bndbox>
	</object>
	<object>
		<name>dish</name>
		<bndbox>
			<xmin>1028</xmin>
			<ymin>653</ymin>
			<xmax>3885</xmax>
			<ymax>3515</ymax>
		</bndbox>
	</object>
	<object>
		<name>파전</name>
		<bndbox>
			<xmin>1111</xmin>
			<ymin>886</ymin>
			<xmax>3658</xmax>
			<ymax>3272</ymax>
		</bndbox>
	</object>
</annotation>