<annotation>
	<folder>top_부침개류접시파전q4</folder>
	<filename>top_부침개류_접시_파전_Q4_00005.JPG</filename>
	<path>/top부침개류접시파전q4/top_부침개류_접시_파전_Q4_00005.JPG</path>
	<source>
		<database>fooddata</database>
	</source>
	<size>
		<width>5472</width>
		<height>3648</height>
		<depth>3</depth>
	</size>
	<object>
		<name>ref_spoon</name>
		<bndbox>
			<xmin>4001</xmin>
			<ymin>565</ymin>
			<xmax>4405</xmax>
			<ymax>1345</ymax>
		</bndbox>
	</object>
	<object>
		<name>ref_fork</name>
		<bndbox>
			<xmin>4505</xmin>
			<ymin>664</ymin>
			<xmax>4815</xmax>
			<ymax>1489</ymax>
		</bndbox>
	</object>
	<object>
		<name>ref_coin</name>
		<bndbox>
			<xmin>1931</xmin>
			<ymin>3089</ymin>
			<xmax>2241</xmax>
			<ymax>3404</ymax>
		</bndbox>
	</object>
	<object>
		<name>dish</name>
		<bndbox>
			<xmin>1028</xmin>
			<ymin>89</ymin>
			<xmax>3807</xmax>
			<ymax>2823</ymax>
		</bndbox>
	</object>
	<object>
		<name>파전</name>
		<bndbox>
			<xmin>1178</xmin>
			<ymin>554</ymin>
			<xmax>3702</xmax>
			<ymax>2569</ymax>
		</bndbox>
	</object>
</annotation>