<annotation>
	<folder>top_부침개류접시파전q4</folder>
	<filename>top_부침개류_접시_파전_Q4_00001.JPG</filename>
	<path>/top부침개류접시파전q4/top_부침개류_접시_파전_Q4_00001.JPG</path>
	<source>
		<database>fooddata</database>
	</source>
	<size>
		<width>5472</width>
		<height>3648</height>
		<depth>3</depth>
	</size>
	<object>
		<name>ref_spoon</name>
		<bndbox>
			<xmin>4167</xmin>
			<ymin>919</ymin>
			<xmax>4571</xmax>
			<ymax>1976</ymax>
		</bndbox>
	</object>
	<object>
		<name>ref_fork</name>
		<bndbox>
			<xmin>4665</xmin>
			<ymin>1035</ymin>
			<xmax>4986</xmax>
			<ymax>1921</ymax>
		</bndbox>
	</object>
	<object>
		<name>ref_coin</name>
		<bndbox>
			<xmin>3724</xmin>
			<ymin>2530</ymin>
			<xmax>4034</xmax>
			<ymax>2834</ymax>
		</bndbox>
	</object>
	<object>
		<name>dish</name>
		<bndbox>
			<xmin>951</xmin>
			<ymin>520</ymin>
			<xmax>3796</xmax>
			<ymax>3327</ymax>
		</bndbox>
	</object>
	<object>
		<name>파전</name>
		<bndbox>
			<xmin>1266</xmin>
			<ymin>769</ymin>
			<xmax>3569</xmax>
			<ymax>3094</ymax>
		</bndbox>
	</object>
</annotation>