<annotation>
	<folder>top_부침개류접시파전q4</folder>
	<filename>top_부침개류_접시_파전_Q4_00014.JPG</filename>
	<path>/top부침개류접시파전q4/top_부침개류_접시_파전_Q4_00014.JPG</path>
	<source>
		<database>fooddata</database>
	</source>
	<size>
		<width>5472</width>
		<height>3648</height>
		<depth>3</depth>
	</size>
	<object>
		<name>ref_spoon</name>
		<bndbox>
			<xmin>4078</xmin>
			<ymin>736</ymin>
			<xmax>4477</xmax>
			<ymax>1716</ymax>
		</bndbox>
	</object>
	<object>
		<name>ref_fork</name>
		<bndbox>
			<xmin>4582</xmin>
			<ymin>847</ymin>
			<xmax>4903</xmax>
			<ymax>1650</ymax>
		</bndbox>
	</object>
	<object>
		<name>ref_coin</name>
		<bndbox>
			<xmin>2744</xmin>
			<ymin>293</ymin>
			<xmax>3027</xmax>
			<ymax>565</ymax>
		</bndbox>
	</object>
	<object>
		<name>dish</name>
		<bndbox>
			<xmin>1028</xmin>
			<ymin>664</ymin>
			<xmax>3896</xmax>
			<ymax>3515</ymax>
		</bndbox>
	</object>
	<object>
		<name>파전</name>
		<bndbox>
			<xmin>1133</xmin>
			<ymin>891</ymin>
			<xmax>3708</xmax>
			<ymax>3117</ymax>
		</bndbox>
	</object>
</annotation>