<annotation>
	<folder>top_부침개류접시파전q4</folder>
	<filename>top_부침개류_접시_파전_Q4_00009.JPG</filename>
	<path>/top부침개류접시파전q4/top_부침개류_접시_파전_Q4_00009.JPG</path>
	<source>
		<database>fooddata</database>
	</source>
	<size>
		<width>5472</width>
		<height>3648</height>
		<depth>3</depth>
	</size>
	<object>
		<name>ref_spoon</name>
		<bndbox>
			<xmin>4167</xmin>
			<ymin>814</ymin>
			<xmax>4566</xmax>
			<ymax>1733</ymax>
		</bndbox>
	</object>
	<object>
		<name>ref_fork</name>
		<bndbox>
			<xmin>4682</xmin>
			<ymin>902</ymin>
			<xmax>4975</xmax>
			<ymax>1738</ymax>
		</bndbox>
	</object>
	<object>
		<name>ref_coin</name>
		<bndbox>
			<xmin>807</xmin>
			<ymin>1810</ymin>
			<xmax>1106</xmax>
			<ymax>2109</ymax>
		</bndbox>
	</object>
	<object>
		<name>dish</name>
		<bndbox>
			<xmin>1244</xmin>
			<ymin>515</ymin>
			<xmax>4040</xmax>
			<ymax>3283</ymax>
		</bndbox>
	</object>
	<object>
		<name>파전</name>
		<bndbox>
			<xmin>1499</xmin>
			<ymin>686</ymin>
			<xmax>3508</xmax>
			<ymax>3150</ymax>
		</bndbox>
	</object>
</annotation>