<annotation>
	<folder>top_부침개류접시파전q4</folder>
	<filename>top_부침개류_접시_파전_Q4_00020.JPG</filename>
	<path>/top부침개류접시파전q4/top_부침개류_접시_파전_Q4_00020.JPG</path>
	<source>
		<database>fooddata</database>
	</source>
	<size>
		<width>5472</width>
		<height>3648</height>
		<depth>3</depth>
	</size>
	<object>
		<name>ref_spoon</name>
		<bndbox>
			<xmin>2252</xmin>
			<ymin>3006</ymin>
			<xmax>2933</xmax>
			<ymax>3360</ymax>
		</bndbox>
	</object>
	<object>
		<name>ref_fork</name>
		<bndbox>
			<xmin>2396</xmin>
			<ymin>2602</ymin>
			<xmax>3143</xmax>
			<ymax>2840</ymax>
		</bndbox>
	</object>
	<object>
		<name>ref_coin</name>
		<bndbox>
			<xmin>1582</xmin>
			<ymin>1279</ymin>
			<xmax>1820</xmax>
			<ymax>1511</ymax>
		</bndbox>
	</object>
	<object>
		<name>dish</name>
		<bndbox>
			<xmin>2036</xmin>
			<ymin>304</ymin>
			<xmax>4228</xmax>
			<ymax>2441</ymax>
		</bndbox>
	</object>
	<object>
		<name>파전</name>
		<bndbox>
			<xmin>2213</xmin>
			<ymin>393</ymin>
			<xmax>4045</xmax>
			<ymax>2247</ymax>
		</bndbox>
	</object>
</annotation>