<annotation>
	<folder>side주먹밥김밥류접시김밥q4</folder>
	<filename>side_주먹밥김밥류_접시_김밥_Q4_00046.JPG</filename>
	<path>/side주먹밥김밥류접시김밥q4/side_주먹밥김밥류_접시_김밥_Q4_00046.JPG</path>
	<source>
		<database>fooddata</database>
	</source>
	<size>
		<width>5472</width>
		<height>3648</height>
		<depth>3</depth>
	</size>
	<object>
		<name>ref_spoon</name>
		<bndbox>
			<xmin>1665</xmin>
			<ymin>2879</ymin>
			<xmax>2652</xmax>
			<ymax>3376</ymax>
		</bndbox>
	</object>
	<object>
		<name>ref_fork</name>
		<bndbox>
			<xmin>1762</xmin>
			<ymin>2440</ymin>
			<xmax>2755</xmax>
			<ymax>2840</ymax>
		</bndbox>
	</object>
	<object>
		<name>ref_coin</name>
		<bndbox>
			<xmin>2968</xmin>
			<ymin>324</ymin>
			<xmax>3310</xmax>
			<ymax>601</ymax>
		</bndbox>
	</object>
	<object>
		<name>dish</name>
		<bndbox>
			<xmin>1265</xmin>
			<ymin>640</ymin>
			<xmax>4904</xmax>
			<ymax>2189</ymax>
		</bndbox>
	</object>
	<object>
		<name>김밥</name>
		<bndbox>
			<xmin>1626</xmin>
			<ymin>782</ymin>
			<xmax>4420</xmax>
			<ymax>2001</ymax>
		</bndbox>
	</object>
</annotation>