<annotation>
	<folder>side주먹밥김밥류접시김밥q4</folder>
	<filename>side_주먹밥김밥류_접시_김밥_Q4_00054.JPG</filename>
	<path>/side주먹밥김밥류접시김밥q4/side_주먹밥김밥류_접시_김밥_Q4_00054.JPG</path>
	<source>
		<database>fooddata</database>
	</source>
	<size>
		<width>5472</width>
		<height>3648</height>
		<depth>3</depth>
	</size>
	<object>
		<name>ref_spoon</name>
		<bndbox>
			<xmin>1420</xmin>
			<ymin>3034</ymin>
			<xmax>2381</xmax>
			<ymax>3550</ymax>
		</bndbox>
	</object>
	<object>
		<name>ref_fork</name>
		<bndbox>
			<xmin>1542</xmin>
			<ymin>2569</ymin>
			<xmax>2536</xmax>
			<ymax>2989</ymax>
		</bndbox>
	</object>
	<object>
		<name>ref_coin</name>
		<bndbox>
			<xmin>852</xmin>
			<ymin>466</ymin>
			<xmax>1207</xmax>
			<ymax>750</ymax>
		</bndbox>
	</object>
	<object>
		<name>dish</name>
		<bndbox>
			<xmin>1084</xmin>
			<ymin>853</ymin>
			<xmax>4614</xmax>
			<ymax>2260</ymax>
		</bndbox>
	</object>
	<object>
		<name>김밥</name>
		<bndbox>
			<xmin>1420</xmin>
			<ymin>904</ymin>
			<xmax>4285</xmax>
			<ymax>2079</ymax>
		</bndbox>
	</object>
</annotation>