<annotation>
	<folder>side주먹밥김밥류접시김밥q4</folder>
	<filename>side_주먹밥김밥류_접시_김밥_Q4_00048.JPG</filename>
	<path>/side주먹밥김밥류접시김밥q4/side_주먹밥김밥류_접시_김밥_Q4_00048.JPG</path>
	<source>
		<database>fooddata</database>
	</source>
	<size>
		<width>5472</width>
		<height>3648</height>
		<depth>3</depth>
	</size>
	<object>
		<name>ref_spoon</name>
		<bndbox>
			<xmin>1562</xmin>
			<ymin>2879</ymin>
			<xmax>2555</xmax>
			<ymax>3395</ymax>
		</bndbox>
	</object>
	<object>
		<name>ref_fork</name>
		<bndbox>
			<xmin>1665</xmin>
			<ymin>2408</ymin>
			<xmax>2755</xmax>
			<ymax>2821</ymax>
		</bndbox>
	</object>
	<object>
		<name>ref_coin</name>
		<bndbox>
			<xmin>3678</xmin>
			<ymin>143</ymin>
			<xmax>4033</xmax>
			<ymax>427</ymax>
		</bndbox>
	</object>
	<object>
		<name>dish</name>
		<bndbox>
			<xmin>1142</xmin>
			<ymin>556</ymin>
			<xmax>4846</xmax>
			<ymax>2156</ymax>
		</bndbox>
	</object>
	<object>
		<name>김밥</name>
		<bndbox>
			<xmin>1523</xmin>
			<ymin>672</ymin>
			<xmax>4369</xmax>
			<ymax>1956</ymax>
		</bndbox>
	</object>
</annotation>