<annotation>
	<folder>side주먹밥김밥류접시김밥q4</folder>
	<filename>side_주먹밥김밥류_접시_김밥_Q4_00051.JPG</filename>
	<path>/side주먹밥김밥류접시김밥q4/side_주먹밥김밥류_접시_김밥_Q4_00051.JPG</path>
	<source>
		<database>fooddata</database>
	</source>
	<size>
		<width>5472</width>
		<height>3648</height>
		<depth>3</depth>
	</size>
	<object>
		<name>ref_spoon</name>
		<bndbox>
			<xmin>1245</xmin>
			<ymin>2944</ymin>
			<xmax>2200</xmax>
			<ymax>3479</ymax>
		</bndbox>
	</object>
	<object>
		<name>ref_fork</name>
		<bndbox>
			<xmin>1381</xmin>
			<ymin>2453</ymin>
			<xmax>2388</xmax>
			<ymax>2905</ymax>
		</bndbox>
	</object>
	<object>
		<name>ref_coin</name>
		<bndbox>
			<xmin>2097</xmin>
			<ymin>201</ymin>
			<xmax>2478</xmax>
			<ymax>511</ymax>
		</bndbox>
	</object>
	<object>
		<name>dish</name>
		<bndbox>
			<xmin>903</xmin>
			<ymin>692</ymin>
			<xmax>4562</xmax>
			<ymax>2137</ymax>
		</bndbox>
	</object>
	<object>
		<name>김밥</name>
		<bndbox>
			<xmin>1232</xmin>
			<ymin>756</ymin>
			<xmax>4104</xmax>
			<ymax>1989</ymax>
		</bndbox>
	</object>
</annotation>