<annotation>
	<folder>side주먹밥김밥류접시김밥q4</folder>
	<filename>side_주먹밥김밥류_접시_김밥_Q4_00005.JPG</filename>
	<path>/side주먹밥김밥류접시김밥q4/side_주먹밥김밥류_접시_김밥_Q4_00005.JPG</path>
	<source>
		<database>fooddata</database>
	</source>
	<size>
		<width>5472</width>
		<height>3648</height>
		<depth>3</depth>
	</size>
	<object>
		<name>ref_spoon</name>
		<bndbox>
			<xmin>4104</xmin>
			<ymin>988</ymin>
			<xmax>4601</xmax>
			<ymax>1711</ymax>
		</bndbox>
	</object>
	<object>
		<name>ref_fork</name>
		<bndbox>
			<xmin>4730</xmin>
			<ymin>1008</ymin>
			<xmax>5111</xmax>
			<ymax>1898</ymax>
		</bndbox>
	</object>
	<object>
		<name>ref_coin</name>
		<bndbox>
			<xmin>2304</xmin>
			<ymin>763</ymin>
			<xmax>2671</xmax>
			<ymax>1034</ymax>
		</bndbox>
	</object>
	<object>
		<name>dish</name>
		<bndbox>
			<xmin>490</xmin>
			<ymin>679</ymin>
			<xmax>3614</xmax>
			<ymax>3589</ymax>
		</bndbox>
	</object>
	<object>
		<name>김밥</name>
		<bndbox>
			<xmin>1000</xmin>
			<ymin>950</ymin>
			<xmax>2826</xmax>
			<ymax>2698</ymax>
		</bndbox>
	</object>
</annotation>