<annotation>
	<folder>side주먹밥김밥류접시김밥q4</folder>
	<filename>side_주먹밥김밥류_접시_김밥_Q4_00020.JPG</filename>
	<path>/side주먹밥김밥류접시김밥q4/side_주먹밥김밥류_접시_김밥_Q4_00020.JPG</path>
	<source>
		<database>fooddata</database>
	</source>
	<size>
		<width>5472</width>
		<height>3648</height>
		<depth>3</depth>
	</size>
	<object>
		<name>ref_spoon</name>
		<bndbox>
			<xmin>419</xmin>
			<ymin>937</ymin>
			<xmax>884</xmax>
			<ymax>1685</ymax>
		</bndbox>
	</object>
	<object>
		<name>ref_fork</name>
		<bndbox>
			<xmin>1136</xmin>
			<ymin>969</ymin>
			<xmax>1478</xmax>
			<ymax>1776</ymax>
		</bndbox>
	</object>
	<object>
		<name>ref_coin</name>
		<bndbox>
			<xmin>3143</xmin>
			<ymin>2731</ymin>
			<xmax>3517</xmax>
			<ymax>3060</ymax>
		</bndbox>
	</object>
	<object>
		<name>dish</name>
		<bndbox>
			<xmin>1633</xmin>
			<ymin>466</ymin>
			<xmax>5111</xmax>
			<ymax>2782</ymax>
		</bndbox>
	</object>
	<object>
		<name>김밥</name>
		<bndbox>
			<xmin>2381</xmin>
			<ymin>653</ymin>
			<xmax>4136</xmax>
			<ymax>2285</ymax>
		</bndbox>
	</object>
</annotation>