<annotation>
	<folder>side주먹밥김밥류접시김밥q4</folder>
	<filename>side_주먹밥김밥류_접시_김밥_Q4_00053.JPG</filename>
	<path>/side주먹밥김밥류접시김밥q4/side_주먹밥김밥류_접시_김밥_Q4_00053.JPG</path>
	<source>
		<database>fooddata</database>
	</source>
	<size>
		<width>5472</width>
		<height>3648</height>
		<depth>3</depth>
	</size>
	<object>
		<name>ref_spoon</name>
		<bndbox>
			<xmin>1574</xmin>
			<ymin>2892</ymin>
			<xmax>2555</xmax>
			<ymax>3434</ymax>
		</bndbox>
	</object>
	<object>
		<name>ref_fork</name>
		<bndbox>
			<xmin>1704</xmin>
			<ymin>2414</ymin>
			<xmax>2762</xmax>
			<ymax>2866</ymax>
		</bndbox>
	</object>
	<object>
		<name>ref_coin</name>
		<bndbox>
			<xmin>1381</xmin>
			<ymin>182</ymin>
			<xmax>1749</xmax>
			<ymax>491</ymax>
		</bndbox>
	</object>
	<object>
		<name>dish</name>
		<bndbox>
			<xmin>1245</xmin>
			<ymin>646</ymin>
			<xmax>4904</xmax>
			<ymax>2137</ymax>
		</bndbox>
	</object>
	<object>
		<name>김밥</name>
		<bndbox>
			<xmin>1587</xmin>
			<ymin>704</ymin>
			<xmax>4298</xmax>
			<ymax>1918</ymax>
		</bndbox>
	</object>
</annotation>