<annotation>
	<folder>side주먹밥김밥류접시김밥q4</folder>
	<filename>side_주먹밥김밥류_접시_김밥_Q4_00056.JPG</filename>
	<path>/side주먹밥김밥류접시김밥q4/side_주먹밥김밥류_접시_김밥_Q4_00056.JPG</path>
	<source>
		<database>fooddata</database>
	</source>
	<size>
		<width>5472</width>
		<height>3648</height>
		<depth>3</depth>
	</size>
	<object>
		<name>ref_spoon</name>
		<bndbox>
			<xmin>1529</xmin>
			<ymin>2776</ymin>
			<xmax>2491</xmax>
			<ymax>3286</ymax>
		</bndbox>
	</object>
	<object>
		<name>ref_fork</name>
		<bndbox>
			<xmin>1678</xmin>
			<ymin>2305</ymin>
			<xmax>2633</xmax>
			<ymax>2750</ymax>
		</bndbox>
	</object>
	<object>
		<name>ref_coin</name>
		<bndbox>
			<xmin>471</xmin>
			<ymin>911</ymin>
			<xmax>865</xmax>
			<ymax>1214</ymax>
		</bndbox>
	</object>
	<object>
		<name>dish</name>
		<bndbox>
			<xmin>1213</xmin>
			<ymin>588</ymin>
			<xmax>4743</xmax>
			<ymax>2072</ymax>
		</bndbox>
	</object>
	<object>
		<name>김밥</name>
		<bndbox>
			<xmin>1555</xmin>
			<ymin>659</ymin>
			<xmax>4427</xmax>
			<ymax>1892</ymax>
		</bndbox>
	</object>
</annotation>