<annotation>
	<folder>side주먹밥김밥류접시김밥q4</folder>
	<filename>side_주먹밥김밥류_접시_김밥_Q4_00041.JPG</filename>
	<path>/side주먹밥김밥류접시김밥q4/side_주먹밥김밥류_접시_김밥_Q4_00041.JPG</path>
	<source>
		<database>fooddata</database>
	</source>
	<size>
		<width>5472</width>
		<height>3648</height>
		<depth>3</depth>
	</size>
	<object>
		<name>ref_spoon</name>
		<bndbox>
			<xmin>1549</xmin>
			<ymin>2931</ymin>
			<xmax>2394</xmax>
			<ymax>3395</ymax>
		</bndbox>
	</object>
	<object>
		<name>ref_fork</name>
		<bndbox>
			<xmin>1626</xmin>
			<ymin>2563</ymin>
			<xmax>2536</xmax>
			<ymax>2892</ymax>
		</bndbox>
	</object>
	<object>
		<name>ref_coin</name>
		<bndbox>
			<xmin>4491</xmin>
			<ymin>1911</ymin>
			<xmax>4865</xmax>
			<ymax>2208</ymax>
		</bndbox>
	</object>
	<object>
		<name>dish</name>
		<bndbox>
			<xmin>1065</xmin>
			<ymin>872</ymin>
			<xmax>4388</xmax>
			<ymax>2376</ymax>
		</bndbox>
	</object>
	<object>
		<name>김밥</name>
		<bndbox>
			<xmin>1710</xmin>
			<ymin>969</ymin>
			<xmax>4001</xmax>
			<ymax>2150</ymax>
		</bndbox>
	</object>
</annotation>