<annotation>
	<folder>side주먹밥김밥류접시김밥q4</folder>
	<filename>side_주먹밥김밥류_접시_김밥_Q4_00001.JPG</filename>
	<path>/side주먹밥김밥류접시김밥q4/side_주먹밥김밥류_접시_김밥_Q4_00001.JPG</path>
	<source>
		<database>fooddata</database>
	</source>
	<size>
		<width>5472</width>
		<height>3648</height>
		<depth>3</depth>
	</size>
	<object>
		<name>ref_spoon</name>
		<bndbox>
			<xmin>4188</xmin>
			<ymin>763</ymin>
			<xmax>4678</xmax>
			<ymax>1485</ymax>
		</bndbox>
	</object>
	<object>
		<name>ref_fork</name>
		<bndbox>
			<xmin>4807</xmin>
			<ymin>763</ymin>
			<xmax>5182</xmax>
			<ymax>1647</ymax>
		</bndbox>
	</object>
	<object>
		<name>ref_coin</name>
		<bndbox>
			<xmin>4065</xmin>
			<ymin>2150</ymin>
			<xmax>4465</xmax>
			<ymax>2466</ymax>
		</bndbox>
	</object>
	<object>
		<name>dish</name>
		<bndbox>
			<xmin>284</xmin>
			<ymin>1169</ymin>
			<xmax>3994</xmax>
			<ymax>2698</ymax>
		</bndbox>
	</object>
	<object>
		<name>김밥</name>
		<bndbox>
			<xmin>897</xmin>
			<ymin>1253</ymin>
			<xmax>2975</xmax>
			<ymax>2498</ymax>
		</bndbox>
	</object>
</annotation>