<annotation>
	<folder>side주먹밥김밥류접시김밥q4</folder>
	<filename>side_주먹밥김밥류_접시_김밥_Q4_00006.JPG</filename>
	<path>/side주먹밥김밥류접시김밥q4/side_주먹밥김밥류_접시_김밥_Q4_00006.JPG</path>
	<source>
		<database>fooddata</database>
	</source>
	<size>
		<width>5472</width>
		<height>3648</height>
		<depth>3</depth>
	</size>
	<object>
		<name>ref_spoon</name>
		<bndbox>
			<xmin>4052</xmin>
			<ymin>956</ymin>
			<xmax>4549</xmax>
			<ymax>1718</ymax>
		</bndbox>
	</object>
	<object>
		<name>ref_fork</name>
		<bndbox>
			<xmin>4665</xmin>
			<ymin>975</ymin>
			<xmax>5046</xmax>
			<ymax>1814</ymax>
		</bndbox>
	</object>
	<object>
		<name>ref_coin</name>
		<bndbox>
			<xmin>3246</xmin>
			<ymin>1382</ymin>
			<xmax>3626</xmax>
			<ymax>1659</ymax>
		</bndbox>
	</object>
	<object>
		<name>dish</name>
		<bndbox>
			<xmin>852</xmin>
			<ymin>711</ymin>
			<xmax>2768</xmax>
			<ymax>3337</ymax>
		</bndbox>
	</object>
	<object>
		<name>김밥</name>
		<bndbox>
			<xmin>1084</xmin>
			<ymin>885</ymin>
			<xmax>2504</xmax>
			<ymax>2595</ymax>
		</bndbox>
	</object>
</annotation>