<annotation>
	<folder>top주먹밥김밥류접시김밥q4</folder>
	<filename>top_주먹밥김밥류_접시_김밥_Q4_00053.JPG</filename>
	<path>/top주먹밥김밥류접시김밥q4/top_주먹밥김밥류_접시_김밥_Q4_00053.JPG</path>
	<source>
		<database>fooddata</database>
	</source>
	<size>
		<width>5472</width>
		<height>3648</height>
		<depth>3</depth>
	</size>
	<object>
		<name>ref_spoon</name>
		<bndbox>
			<xmin>483</xmin>
			<ymin>269</ymin>
			<xmax>993</xmax>
			<ymax>1096</ymax>
		</bndbox>
	</object>
	<object>
		<name>ref_fork</name>
		<bndbox>
			<xmin>1198</xmin>
			<ymin>366</ymin>
			<xmax>1530</xmax>
			<ymax>1236</ymax>
		</bndbox>
	</object>
	<object>
		<name>ref_coin</name>
		<bndbox>
			<xmin>3372</xmin>
			<ymin>2793</ymin>
			<xmax>3759</xmax>
			<ymax>3180</ymax>
		</bndbox>
	</object>
	<object>
		<name>dish</name>
		<bndbox>
			<xmin>1756</xmin>
			<ymin>731</ymin>
			<xmax>5134</xmax>
			<ymax>2584</ymax>
		</bndbox>
	</object>
	<object>
		<name>김밥</name>
		<bndbox>
			<xmin>1922</xmin>
			<ymin>967</ymin>
			<xmax>4908</xmax>
			<ymax>2471</ymax>
		</bndbox>
	</object>
</annotation>