<annotation>
	<folder>top주먹밥김밥류접시김밥q4</folder>
	<filename>top_주먹밥김밥류_접시_김밥_Q4_00018.JPG</filename>
	<path>/top주먹밥김밥류접시김밥q4/top_주먹밥김밥류_접시_김밥_Q4_00018.JPG</path>
	<source>
		<database>fooddata</database>
	</source>
	<size>
		<width>5472</width>
		<height>3648</height>
		<depth>3</depth>
	</size>
	<object>
		<name>ref_spoon</name>
		<bndbox>
			<xmin>1697</xmin>
			<ymin>3019</ymin>
			<xmax>2406</xmax>
			<ymax>3416</ymax>
		</bndbox>
	</object>
	<object>
		<name>ref_fork</name>
		<bndbox>
			<xmin>1697</xmin>
			<ymin>2664</ymin>
			<xmax>2411</xmax>
			<ymax>2922</ymax>
		</bndbox>
	</object>
	<object>
		<name>ref_coin</name>
		<bndbox>
			<xmin>1777</xmin>
			<ymin>1934</ymin>
			<xmax>2041</xmax>
			<ymax>2203</ymax>
		</bndbox>
	</object>
	<object>
		<name>dish</name>
		<bndbox>
			<xmin>1439</xmin>
			<ymin>280</ymin>
			<xmax>3603</xmax>
			<ymax>2638</ymax>
		</bndbox>
	</object>
	<object>
		<name>김밥</name>
		<bndbox>
			<xmin>1998</xmin>
			<ymin>565</ymin>
			<xmax>2991</xmax>
			<ymax>2256</ymax>
		</bndbox>
	</object>
</annotation>