<annotation>
	<folder>top주먹밥김밥류접시김밥q4</folder>
	<filename>top_주먹밥김밥류_접시_김밥_Q4_00042.JPG</filename>
	<path>/top주먹밥김밥류접시김밥q4/top_주먹밥김밥류_접시_김밥_Q4_00042.JPG</path>
	<source>
		<database>fooddata</database>
	</source>
	<size>
		<width>5472</width>
		<height>3648</height>
		<depth>3</depth>
	</size>
	<object>
		<name>ref_spoon</name>
		<bndbox>
			<xmin>413</xmin>
			<ymin>688</ymin>
			<xmax>913</xmax>
			<ymax>1515</ymax>
		</bndbox>
	</object>
	<object>
		<name>ref_fork</name>
		<bndbox>
			<xmin>1128</xmin>
			<ymin>769</ymin>
			<xmax>1466</xmax>
			<ymax>1676</ymax>
		</bndbox>
	</object>
	<object>
		<name>ref_coin</name>
		<bndbox>
			<xmin>2073</xmin>
			<ymin>506</ymin>
			<xmax>2411</xmax>
			<ymax>839</ymax>
		</bndbox>
	</object>
	<object>
		<name>dish</name>
		<bndbox>
			<xmin>1579</xmin>
			<ymin>1129</ymin>
			<xmax>5091</xmax>
			<ymax>2976</ymax>
		</bndbox>
	</object>
	<object>
		<name>김밥</name>
		<bndbox>
			<xmin>2008</xmin>
			<ymin>1343</ymin>
			<xmax>4854</xmax>
			<ymax>2815</ymax>
		</bndbox>
	</object>
</annotation>