<annotation>
	<folder>top주먹밥김밥류접시김밥q4</folder>
	<filename>top_주먹밥김밥류_접시_김밥_Q4_00028.JPG</filename>
	<path>/top주먹밥김밥류접시김밥q4/top_주먹밥김밥류_접시_김밥_Q4_00028.JPG</path>
	<source>
		<database>fooddata</database>
	</source>
	<size>
		<width>5472</width>
		<height>3648</height>
		<depth>3</depth>
	</size>
	<object>
		<name>ref_spoon</name>
		<bndbox>
			<xmin>1740</xmin>
			<ymin>3094</ymin>
			<xmax>2449</xmax>
			<ymax>3518</ymax>
		</bndbox>
	</object>
	<object>
		<name>ref_fork</name>
		<bndbox>
			<xmin>1772</xmin>
			<ymin>2718</ymin>
			<xmax>2545</xmax>
			<ymax>2987</ymax>
		</bndbox>
	</object>
	<object>
		<name>ref_coin</name>
		<bndbox>
			<xmin>3512</xmin>
			<ymin>1048</ymin>
			<xmax>3780</xmax>
			<ymax>1306</ymax>
		</bndbox>
	</object>
	<object>
		<name>dish</name>
		<bndbox>
			<xmin>1939</xmin>
			<ymin>157</ymin>
			<xmax>3388</xmax>
			<ymax>2600</ymax>
		</bndbox>
	</object>
	<object>
		<name>김밥</name>
		<bndbox>
			<xmin>2159</xmin>
			<ymin>398</ymin>
			<xmax>3136</xmax>
			<ymax>2272</ymax>
		</bndbox>
	</object>
</annotation>