<annotation>
	<folder>top주먹밥김밥류접시김밥q4</folder>
	<filename>top_주먹밥김밥류_접시_김밥_Q4_00024.JPG</filename>
	<path>/top주먹밥김밥류접시김밥q4/top_주먹밥김밥류_접시_김밥_Q4_00024.JPG</path>
	<source>
		<database>fooddata</database>
	</source>
	<size>
		<width>5472</width>
		<height>3648</height>
		<depth>3</depth>
	</size>
	<object>
		<name>ref_spoon</name>
		<bndbox>
			<xmin>1659</xmin>
			<ymin>3019</ymin>
			<xmax>2449</xmax>
			<ymax>3438</ymax>
		</bndbox>
	</object>
	<object>
		<name>ref_fork</name>
		<bndbox>
			<xmin>1681</xmin>
			<ymin>2632</ymin>
			<xmax>2465</xmax>
			<ymax>2895</ymax>
		</bndbox>
	</object>
	<object>
		<name>ref_coin</name>
		<bndbox>
			<xmin>2223</xmin>
			<ymin>452</ymin>
			<xmax>2502</xmax>
			<ymax>710</ymax>
		</bndbox>
	</object>
	<object>
		<name>dish</name>
		<bndbox>
			<xmin>1181</xmin>
			<ymin>635</ymin>
			<xmax>3866</xmax>
			<ymax>2267</ymax>
		</bndbox>
	</object>
	<object>
		<name>김밥</name>
		<bndbox>
			<xmin>1498</xmin>
			<ymin>903</ymin>
			<xmax>3501</xmax>
			<ymax>1896</ymax>
		</bndbox>
	</object>
</annotation>