<annotation>
	<folder>top주먹밥김밥류접시김밥q4</folder>
	<filename>top_주먹밥김밥류_접시_김밥_Q4_00043.JPG</filename>
	<path>/top주먹밥김밥류접시김밥q4/top_주먹밥김밥류_접시_김밥_Q4_00043.JPG</path>
	<source>
		<database>fooddata</database>
	</source>
	<size>
		<width>5472</width>
		<height>3648</height>
		<depth>3</depth>
	</size>
	<object>
		<name>ref_spoon</name>
		<bndbox>
			<xmin>440</xmin>
			<ymin>865</ymin>
			<xmax>934</xmax>
			<ymax>1687</ymax>
		</bndbox>
	</object>
	<object>
		<name>ref_fork</name>
		<bndbox>
			<xmin>1155</xmin>
			<ymin>925</ymin>
			<xmax>1477</xmax>
			<ymax>1789</ymax>
		</bndbox>
	</object>
	<object>
		<name>ref_coin</name>
		<bndbox>
			<xmin>2970</xmin>
			<ymin>737</ymin>
			<xmax>3313</xmax>
			<ymax>1064</ymax>
		</bndbox>
	</object>
	<object>
		<name>dish</name>
		<bndbox>
			<xmin>1606</xmin>
			<ymin>1284</ymin>
			<xmax>5059</xmax>
			<ymax>3083</ymax>
		</bndbox>
	</object>
	<object>
		<name>김밥</name>
		<bndbox>
			<xmin>2019</xmin>
			<ymin>1499</ymin>
			<xmax>4806</xmax>
			<ymax>2928</ymax>
		</bndbox>
	</object>
</annotation>