<annotation>
	<folder>side건더기국류뚝배기갈비탕q5</folder>
	<filename>side_건더기국류_뚝배기_갈비탕_Q5_00030.JPG</filename>
	<path>/side건더기국류뚝배기갈비탕q5/side_건더기국류_뚝배기_갈비탕_Q5_00030.JPG</path>
	<source>
		<database>fooddata</database>
	</source>
	<size>
		<width>3008</width>
		<height>2000</height>
		<depth>3</depth>
	</size>
	<object>
		<name>ref_spoon</name>
		<bndbox>
			<xmin>807</xmin>
			<ymin>1514</ymin>
			<xmax>1269</xmax>
			<ymax>1765</ymax>
		</bndbox>
	</object>
	<object>
		<name>ref_fork</name>
		<bndbox>
			<xmin>776</xmin>
			<ymin>1313</ymin>
			<xmax>1256</xmax>
			<ymax>1527</ymax>
		</bndbox>
	</object>
	<object>
		<name>ref_coin</name>
		<bndbox>
			<xmin>332</xmin>
			<ymin>1653</ymin>
			<xmax>577</xmax>
			<ymax>1822</ymax>
		</bndbox>
	</object>
	<object>
		<name>dish</name>
		<bndbox>
			<xmin>791</xmin>
			<ymin>94</ymin>
			<xmax>2024</xmax>
			<ymax>1154</ymax>
		</bndbox>
	</object>
	<object>
		<name>갈비탕</name>
		<bndbox>
			<xmin>864</xmin>
			<ymin>277</ymin>
			<xmax>1948</xmax>
			<ymax>812</ymax>
		</bndbox>
	</object>
</annotation>