<annotation>
	<folder>side건더기국류뚝배기갈비탕q5</folder>
	<filename>side_건더기국류_뚝배기_갈비탕_Q5_00055.JPG</filename>
	<path>/side건더기국류뚝배기갈비탕q5/side_건더기국류_뚝배기_갈비탕_Q5_00055.JPG</path>
	<source>
		<database>fooddata</database>
	</source>
	<size>
		<width>3008</width>
		<height>2000</height>
		<depth>3</depth>
	</size>
	<object>
		<name>ref_spoon</name>
		<bndbox>
			<xmin>131</xmin>
			<ymin>747</ymin>
			<xmax>439</xmax>
			<ymax>1125</ymax>
		</bndbox>
	</object>
	<object>
		<name>ref_fork</name>
		<bndbox>
			<xmin>551</xmin>
			<ymin>718</ymin>
			<xmax>765</xmax>
			<ymax>1167</ymax>
		</bndbox>
	</object>
	<object>
		<name>ref_coin</name>
		<bndbox>
			<xmin>2601</xmin>
			<ymin>1128</ymin>
			<xmax>2833</xmax>
			<ymax>1287</ymax>
		</bndbox>
	</object>
	<object>
		<name>dish</name>
		<bndbox>
			<xmin>1125</xmin>
			<ymin>272</ymin>
			<xmax>2457</xmax>
			<ymax>1415</ymax>
		</bndbox>
	</object>
	<object>
		<name>갈비탕</name>
		<bndbox>
			<xmin>1193</xmin>
			<ymin>454</ymin>
			<xmax>2381</xmax>
			<ymax>1037</ymax>
		</bndbox>
	</object>
</annotation>