<annotation>
	<folder>side건더기국류뚝배기갈비탕q5</folder>
	<filename>side_건더기국류_뚝배기_갈비탕_Q5_00021.JPG</filename>
	<path>/side건더기국류뚝배기갈비탕q5/side_건더기국류_뚝배기_갈비탕_Q5_00021.JPG</path>
	<source>
		<database>fooddata</database>
	</source>
	<size>
		<width>3008</width>
		<height>2000</height>
		<depth>3</depth>
	</size>
	<object>
		<name>ref_spoon</name>
		<bndbox>
			<xmin>726</xmin>
			<ymin>1619</ymin>
			<xmax>1185</xmax>
			<ymax>1864</ymax>
		</bndbox>
	</object>
	<object>
		<name>ref_fork</name>
		<bndbox>
			<xmin>713</xmin>
			<ymin>1397</ymin>
			<xmax>1204</xmax>
			<ymax>1621</ymax>
		</bndbox>
	</object>
	<object>
		<name>ref_coin</name>
		<bndbox>
			<xmin>1757</xmin>
			<ymin>128</ymin>
			<xmax>1940</xmax>
			<ymax>248</ymax>
		</bndbox>
	</object>
	<object>
		<name>dish</name>
		<bndbox>
			<xmin>932</xmin>
			<ymin>214</ymin>
			<xmax>2152</xmax>
			<ymax>1243</ymax>
		</bndbox>
	</object>
	<object>
		<name>갈비탕</name>
		<bndbox>
			<xmin>997</xmin>
			<ymin>386</ymin>
			<xmax>2071</xmax>
			<ymax>919</ymax>
		</bndbox>
	</object>
</annotation>