<annotation>
	<folder>side건더기국류뚝배기갈비탕q5</folder>
	<filename>side_건더기국류_뚝배기_갈비탕_Q5_00031.JPG</filename>
	<path>/side건더기국류뚝배기갈비탕q5/side_건더기국류_뚝배기_갈비탕_Q5_00031.JPG</path>
	<source>
		<database>fooddata</database>
	</source>
	<size>
		<width>3008</width>
		<height>2000</height>
		<depth>3</depth>
	</size>
	<object>
		<name>ref_spoon</name>
		<bndbox>
			<xmin>734</xmin>
			<ymin>1525</ymin>
			<xmax>1201</xmax>
			<ymax>1765</ymax>
		</bndbox>
	</object>
	<object>
		<name>ref_fork</name>
		<bndbox>
			<xmin>708</xmin>
			<ymin>1311</ymin>
			<xmax>1227</xmax>
			<ymax>1512</ymax>
		</bndbox>
	</object>
	<object>
		<name>ref_coin</name>
		<bndbox>
			<xmin>2063</xmin>
			<ymin>984</ymin>
			<xmax>2285</xmax>
			<ymax>1144</ymax>
		</bndbox>
	</object>
	<object>
		<name>dish</name>
		<bndbox>
			<xmin>723</xmin>
			<ymin>76</ymin>
			<xmax>1964</xmax>
			<ymax>1131</ymax>
		</bndbox>
	</object>
	<object>
		<name>갈비탕</name>
		<bndbox>
			<xmin>786</xmin>
			<ymin>264</ymin>
			<xmax>1885</xmax>
			<ymax>778</ymax>
		</bndbox>
	</object>
</annotation>