<annotation>
	<folder>side건더기국류뚝배기갈비탕q5</folder>
	<filename>side_건더기국류_뚝배기_갈비탕_Q5_00049.JPG</filename>
	<path>/side건더기국류뚝배기갈비탕q5/side_건더기국류_뚝배기_갈비탕_Q5_00049.JPG</path>
	<source>
		<database>fooddata</database>
	</source>
	<size>
		<width>3008</width>
		<height>2000</height>
		<depth>3</depth>
	</size>
	<object>
		<name>ref_spoon</name>
		<bndbox>
			<xmin>214</xmin>
			<ymin>666</ymin>
			<xmax>517</xmax>
			<ymax>1047</ymax>
		</bndbox>
	</object>
	<object>
		<name>ref_fork</name>
		<bndbox>
			<xmin>627</xmin>
			<ymin>648</ymin>
			<xmax>836</xmax>
			<ymax>1086</ymax>
		</bndbox>
	</object>
	<object>
		<name>ref_coin</name>
		<bndbox>
			<xmin>1102</xmin>
			<ymin>1561</ymin>
			<xmax>1347</xmax>
			<ymax>1739</ymax>
		</bndbox>
	</object>
	<object>
		<name>dish</name>
		<bndbox>
			<xmin>1293</xmin>
			<ymin>258</ymin>
			<xmax>2624</xmax>
			<ymax>1399</ymax>
		</bndbox>
	</object>
	<object>
		<name>갈비탕</name>
		<bndbox>
			<xmin>1363</xmin>
			<ymin>444</ymin>
			<xmax>2551</xmax>
			<ymax>1044</ymax>
		</bndbox>
	</object>
</annotation>