<annotation>
	<folder>side건더기국류뚝배기갈비탕q5</folder>
	<filename>side_건더기국류_뚝배기_갈비탕_Q5_00002.JPG</filename>
	<path>/side건더기국류뚝배기갈비탕q5/side_건더기국류_뚝배기_갈비탕_Q5_00002.JPG</path>
	<source>
		<database>fooddata</database>
	</source>
	<size>
		<width>3008</width>
		<height>2000</height>
		<depth>3</depth>
	</size>
	<object>
		<name>ref_spoon</name>
		<bndbox>
			<xmin>1937</xmin>
			<ymin>598</ymin>
			<xmax>2201</xmax>
			<ymax>932</ymax>
		</bndbox>
	</object>
	<object>
		<name>ref_fork</name>
		<bndbox>
			<xmin>2465</xmin>
			<ymin>684</ymin>
			<xmax>2663</xmax>
			<ymax>1078</ymax>
		</bndbox>
	</object>
	<object>
		<name>ref_coin</name>
		<bndbox>
			<xmin>1661</xmin>
			<ymin>1674</ymin>
			<xmax>1890</xmax>
			<ymax>1833</ymax>
		</bndbox>
	</object>
	<object>
		<name>dish</name>
		<bndbox>
			<xmin>697</xmin>
			<ymin>433</ymin>
			<xmax>1948</xmax>
			<ymax>1517</ymax>
		</bndbox>
	</object>
	<object>
		<name>갈비탕</name>
		<bndbox>
			<xmin>760</xmin>
			<ymin>619</ymin>
			<xmax>1870</xmax>
			<ymax>1167</ymax>
		</bndbox>
	</object>
</annotation>