<annotation>
	<folder>top건더기국류뚝배기갈비탕q5</folder>
	<filename>top_건더기국류_뚝배기_갈비탕_Q5_00045.JPG</filename>
	<path>/top건더기국류뚝배기갈비탕q5/top_건더기국류_뚝배기_갈비탕_Q5_00045.JPG</path>
	<source>
		<database>fooddata</database>
	</source>
	<size>
		<width>3008</width>
		<height>2000</height>
		<depth>3</depth>
	</size>
	<object>
		<name>ref_spoon</name>
		<bndbox>
			<xmin>201</xmin>
			<ymin>825</ymin>
			<xmax>460</xmax>
			<ymax>1222</ymax>
		</bndbox>
	</object>
	<object>
		<name>ref_fork</name>
		<bndbox>
			<xmin>580</xmin>
			<ymin>802</ymin>
			<xmax>791</xmax>
			<ymax>1248</ymax>
		</bndbox>
	</object>
	<object>
		<name>ref_coin</name>
		<bndbox>
			<xmin>2251</xmin>
			<ymin>564</ymin>
			<xmax>2431</xmax>
			<ymax>731</ymax>
		</bndbox>
	</object>
	<object>
		<name>dish</name>
		<bndbox>
			<xmin>977</xmin>
			<ymin>483</ymin>
			<xmax>2222</xmax>
			<ymax>1702</ymax>
		</bndbox>
	</object>
	<object>
		<name>갈비탕</name>
		<bndbox>
			<xmin>1063</xmin>
			<ymin>556</ymin>
			<xmax>2138</xmax>
			<ymax>1650</ymax>
		</bndbox>
	</object>
</annotation>