<annotation>
	<folder>top건더기국류뚝배기갈비탕q5</folder>
	<filename>top_건더기국류_뚝배기_갈비탕_Q5_00005.JPG</filename>
	<path>/top건더기국류뚝배기갈비탕q5/top_건더기국류_뚝배기_갈비탕_Q5_00005.JPG</path>
	<source>
		<database>fooddata</database>
	</source>
	<size>
		<width>3008</width>
		<height>2000</height>
		<depth>3</depth>
	</size>
	<object>
		<name>ref_spoon</name>
		<bndbox>
			<xmin>1903</xmin>
			<ymin>110</ymin>
			<xmax>2170</xmax>
			<ymax>548</ymax>
		</bndbox>
	</object>
	<object>
		<name>ref_fork</name>
		<bndbox>
			<xmin>2277</xmin>
			<ymin>120</ymin>
			<xmax>2457</xmax>
			<ymax>608</ymax>
		</bndbox>
	</object>
	<object>
		<name>ref_coin</name>
		<bndbox>
			<xmin>859</xmin>
			<ymin>1658</ymin>
			<xmax>1063</xmax>
			<ymax>1869</ymax>
		</bndbox>
	</object>
	<object>
		<name>dish</name>
		<bndbox>
			<xmin>496</xmin>
			<ymin>115</ymin>
			<xmax>1906</xmax>
			<ymax>1514</ymax>
		</bndbox>
	</object>
	<object>
		<name>갈비탕</name>
		<bndbox>
			<xmin>601</xmin>
			<ymin>232</ymin>
			<xmax>1817</xmax>
			<ymax>1444</ymax>
		</bndbox>
	</object>
</annotation>