<annotation>
	<folder>top건더기국류뚝배기갈비탕q5</folder>
	<filename>top_건더기국류_뚝배기_갈비탕_Q5_00002.JPG</filename>
	<path>/top건더기국류뚝배기갈비탕q5/top_건더기국류_뚝배기_갈비탕_Q5_00002.JPG</path>
	<source>
		<database>fooddata</database>
	</source>
	<size>
		<width>3008</width>
		<height>2000</height>
		<depth>3</depth>
	</size>
	<object>
		<name>ref_spoon</name>
		<bndbox>
			<xmin>1817</xmin>
			<ymin>193</ymin>
			<xmax>2091</xmax>
			<ymax>624</ymax>
		</bndbox>
	</object>
	<object>
		<name>ref_fork</name>
		<bndbox>
			<xmin>2204</xmin>
			<ymin>211</ymin>
			<xmax>2379</xmax>
			<ymax>679</ymax>
		</bndbox>
	</object>
	<object>
		<name>ref_coin</name>
		<bndbox>
			<xmin>1439</xmin>
			<ymin>1554</ymin>
			<xmax>1645</xmax>
			<ymax>1749</ymax>
		</bndbox>
	</object>
	<object>
		<name>dish</name>
		<bndbox>
			<xmin>418</xmin>
			<ymin>178</ymin>
			<xmax>1851</xmax>
			<ymax>1611</ymax>
		</bndbox>
	</object>
	<object>
		<name>갈비탕</name>
		<bndbox>
			<xmin>546</xmin>
			<ymin>300</ymin>
			<xmax>1757</xmax>
			<ymax>1540</ymax>
		</bndbox>
	</object>
</annotation>