<annotation>
	<folder>top건더기국류뚝배기갈비탕q5</folder>
	<filename>top_건더기국류_뚝배기_갈비탕_Q5_00003.JPG</filename>
	<path>/top건더기국류뚝배기갈비탕q5/top_건더기국류_뚝배기_갈비탕_Q5_00003.JPG</path>
	<source>
		<database>fooddata</database>
	</source>
	<size>
		<width>3008</width>
		<height>2000</height>
		<depth>3</depth>
	</size>
	<object>
		<name>ref_spoon</name>
		<bndbox>
			<xmin>1875</xmin>
			<ymin>191</ymin>
			<xmax>2146</xmax>
			<ymax>619</ymax>
		</bndbox>
	</object>
	<object>
		<name>ref_fork</name>
		<bndbox>
			<xmin>2248</xmin>
			<ymin>206</ymin>
			<xmax>2428</xmax>
			<ymax>674</ymax>
		</bndbox>
	</object>
	<object>
		<name>ref_coin</name>
		<bndbox>
			<xmin>1285</xmin>
			<ymin>1640</ymin>
			<xmax>1488</xmax>
			<ymax>1846</ymax>
		</bndbox>
	</object>
	<object>
		<name>dish</name>
		<bndbox>
			<xmin>449</xmin>
			<ymin>185</ymin>
			<xmax>1906</xmax>
			<ymax>1619</ymax>
		</bndbox>
	</object>
	<object>
		<name>갈비탕</name>
		<bndbox>
			<xmin>564</xmin>
			<ymin>285</ymin>
			<xmax>1812</xmax>
			<ymax>1543</ymax>
		</bndbox>
	</object>
</annotation>