<annotation>
	<folder>top건더기국류뚝배기갈비탕q5</folder>
	<filename>top_건더기국류_뚝배기_갈비탕_Q5_00010.JPG</filename>
	<path>/top건더기국류뚝배기갈비탕q5/top_건더기국류_뚝배기_갈비탕_Q5_00010.JPG</path>
	<source>
		<database>fooddata</database>
	</source>
	<size>
		<width>3008</width>
		<height>2000</height>
		<depth>3</depth>
	</size>
	<object>
		<name>ref_spoon</name>
		<bndbox>
			<xmin>2055</xmin>
			<ymin>154</ymin>
			<xmax>2319</xmax>
			<ymax>585</ymax>
		</bndbox>
	</object>
	<object>
		<name>ref_fork</name>
		<bndbox>
			<xmin>2418</xmin>
			<ymin>162</ymin>
			<xmax>2601</xmax>
			<ymax>640</ymax>
		</bndbox>
	</object>
	<object>
		<name>ref_coin</name>
		<bndbox>
			<xmin>757</xmin>
			<ymin>154</ymin>
			<xmax>945</xmax>
			<ymax>342</ymax>
		</bndbox>
	</object>
	<object>
		<name>dish</name>
		<bndbox>
			<xmin>695</xmin>
			<ymin>457</ymin>
			<xmax>2081</xmax>
			<ymax>1849</ymax>
		</bndbox>
	</object>
	<object>
		<name>갈비탕</name>
		<bndbox>
			<xmin>789</xmin>
			<ymin>567</ymin>
			<xmax>2018</xmax>
			<ymax>1789</ymax>
		</bndbox>
	</object>
</annotation>