<annotation>
	<folder>top건더기국류뚝배기갈비탕q5</folder>
	<filename>top_건더기국류_뚝배기_갈비탕_Q5_00025.JPG</filename>
	<path>/top건더기국류뚝배기갈비탕q5/top_건더기국류_뚝배기_갈비탕_Q5_00025.JPG</path>
	<source>
		<database>fooddata</database>
	</source>
	<size>
		<width>3008</width>
		<height>2000</height>
		<depth>3</depth>
	</size>
	<object>
		<name>ref_spoon</name>
		<bndbox>
			<xmin>971</xmin>
			<ymin>1603</ymin>
			<xmax>1358</xmax>
			<ymax>1862</ymax>
		</bndbox>
	</object>
	<object>
		<name>ref_fork</name>
		<bndbox>
			<xmin>974</xmin>
			<ymin>1389</ymin>
			<xmax>1387</xmax>
			<ymax>1574</ymax>
		</bndbox>
	</object>
	<object>
		<name>ref_coin</name>
		<bndbox>
			<xmin>2410</xmin>
			<ymin>684</ymin>
			<xmax>2582</xmax>
			<ymax>856</ymax>
		</bndbox>
	</object>
	<object>
		<name>dish</name>
		<bndbox>
			<xmin>1141</xmin>
			<ymin>63</ymin>
			<xmax>2316</xmax>
			<ymax>1219</ymax>
		</bndbox>
	</object>
	<object>
		<name>갈비탕</name>
		<bndbox>
			<xmin>1217</xmin>
			<ymin>188</ymin>
			<xmax>2246</xmax>
			<ymax>1167</ymax>
		</bndbox>
	</object>
</annotation>