<annotation>
	<folder>top건더기국류뚝배기갈비탕q5</folder>
	<filename>top_건더기국류_뚝배기_갈비탕_Q5_00054.JPG</filename>
	<path>/top건더기국류뚝배기갈비탕q5/top_건더기국류_뚝배기_갈비탕_Q5_00054.JPG</path>
	<source>
		<database>fooddata</database>
	</source>
	<size>
		<width>3008</width>
		<height>2000</height>
		<depth>3</depth>
	</size>
	<object>
		<name>ref_spoon</name>
		<bndbox>
			<xmin>144</xmin>
			<ymin>731</ymin>
			<xmax>434</xmax>
			<ymax>1154</ymax>
		</bndbox>
	</object>
	<object>
		<name>ref_fork</name>
		<bndbox>
			<xmin>567</xmin>
			<ymin>705</ymin>
			<xmax>781</xmax>
			<ymax>1185</ymax>
		</bndbox>
	</object>
	<object>
		<name>ref_coin</name>
		<bndbox>
			<xmin>2379</xmin>
			<ymin>1183</ymin>
			<xmax>2574</xmax>
			<ymax>1379</ymax>
		</bndbox>
	</object>
	<object>
		<name>dish</name>
		<bndbox>
			<xmin>1021</xmin>
			<ymin>376</ymin>
			<xmax>2360</xmax>
			<ymax>1692</ymax>
		</bndbox>
	</object>
	<object>
		<name>갈비탕</name>
		<bndbox>
			<xmin>1097</xmin>
			<ymin>473</ymin>
			<xmax>2259</xmax>
			<ymax>1627</ymax>
		</bndbox>
	</object>
</annotation>