<annotation>
	<folder>top건더기국류뚝배기갈비탕q5</folder>
	<filename>top_건더기국류_뚝배기_갈비탕_Q5_00043.JPG</filename>
	<path>/top건더기국류뚝배기갈비탕q5/top_건더기국류_뚝배기_갈비탕_Q5_00043.JPG</path>
	<source>
		<database>fooddata</database>
	</source>
	<size>
		<width>3008</width>
		<height>2000</height>
		<depth>3</depth>
	</size>
	<object>
		<name>ref_spoon</name>
		<bndbox>
			<xmin>272</xmin>
			<ymin>611</ymin>
			<xmax>546</xmax>
			<ymax>1021</ymax>
		</bndbox>
	</object>
	<object>
		<name>ref_fork</name>
		<bndbox>
			<xmin>668</xmin>
			<ymin>593</ymin>
			<xmax>872</xmax>
			<ymax>1037</ymax>
		</bndbox>
	</object>
	<object>
		<name>ref_coin</name>
		<bndbox>
			<xmin>2410</xmin>
			<ymin>919</ymin>
			<xmax>2590</xmax>
			<ymax>1099</ymax>
		</bndbox>
	</object>
	<object>
		<name>dish</name>
		<bndbox>
			<xmin>1105</xmin>
			<ymin>251</ymin>
			<xmax>2360</xmax>
			<ymax>1475</ymax>
		</bndbox>
	</object>
	<object>
		<name>갈비탕</name>
		<bndbox>
			<xmin>1175</xmin>
			<ymin>366</ymin>
			<xmax>2261</xmax>
			<ymax>1431</ymax>
		</bndbox>
	</object>
</annotation>