<annotation>
	<folder>side죽류원형배달닭죽q2</folder>
	<filename>side_죽류_원형배달_닭죽_Q2_00046.JPG</filename>
	<path>/side죽류원형배달닭죽q2/side_죽류_원형배달_닭죽_Q2_00046.JPG</path>
	<source>
		<database>fooddata</database>
	</source>
	<size>
		<width>3008</width>
		<height>2000</height>
		<depth>3</depth>
	</size>
	<object>
		<name>ref_spoon</name>
		<bndbox>
			<xmin>801</xmin>
			<ymin>427</ymin>
			<xmax>1114</xmax>
			<ymax>881</ymax>
		</bndbox>
	</object>
	<object>
		<name>ref_fork</name>
		<bndbox>
			<xmin>1206</xmin>
			<ymin>470</ymin>
			<xmax>1439</xmax>
			<ymax>978</ymax>
		</bndbox>
	</object>
	<object>
		<name>ref_coin</name>
		<bndbox>
			<xmin>1937</xmin>
			<ymin>1568</ymin>
			<xmax>2213</xmax>
			<ymax>1768</ymax>
		</bndbox>
	</object>
	<object>
		<name>dish</name>
		<bndbox>
			<xmin>1526</xmin>
			<ymin>519</ymin>
			<xmax>2429</xmax>
			<ymax>1444</ymax>
		</bndbox>
	</object>
	<object>
		<name>닭죽</name>
		<bndbox>
			<xmin>1677</xmin>
			<ymin>870</ymin>
			<xmax>2278</xmax>
			<ymax>1081</ymax>
		</bndbox>
	</object>
</annotation>