<annotation>
	<folder>side죽류원형배달닭죽q2</folder>
	<filename>side_죽류_원형배달_닭죽_Q2_00017.JPG</filename>
	<path>/side죽류원형배달닭죽q2/side_죽류_원형배달_닭죽_Q2_00017.JPG</path>
	<source>
		<database>fooddata</database>
	</source>
	<size>
		<width>3008</width>
		<height>2000</height>
		<depth>3</depth>
	</size>
	<object>
		<name>ref_spoon</name>
		<bndbox>
			<xmin>703</xmin>
			<ymin>1509</ymin>
			<xmax>1342</xmax>
			<ymax>1839</ymax>
		</bndbox>
	</object>
	<object>
		<name>ref_fork</name>
		<bndbox>
			<xmin>795</xmin>
			<ymin>1216</ymin>
			<xmax>1482</xmax>
			<ymax>1514</ymax>
		</bndbox>
	</object>
	<object>
		<name>ref_coin</name>
		<bndbox>
			<xmin>1975</xmin>
			<ymin>973</ymin>
			<xmax>2256</xmax>
			<ymax>1189</ymax>
		</bndbox>
	</object>
	<object>
		<name>dish</name>
		<bndbox>
			<xmin>871</xmin>
			<ymin>178</ymin>
			<xmax>1845</xmax>
			<ymax>1195</ymax>
		</bndbox>
	</object>
	<object>
		<name>닭죽</name>
		<bndbox>
			<xmin>1039</xmin>
			<ymin>535</ymin>
			<xmax>1666</xmax>
			<ymax>800</ymax>
		</bndbox>
	</object>
</annotation>