<annotation>
	<folder>side죽류원형배달닭죽q2</folder>
	<filename>side_죽류_원형배달_닭죽_Q2_00032.JPG</filename>
	<path>/side죽류원형배달닭죽q2/side_죽류_원형배달_닭죽_Q2_00032.JPG</path>
	<source>
		<database>fooddata</database>
	</source>
	<size>
		<width>3008</width>
		<height>2000</height>
		<depth>3</depth>
	</size>
	<object>
		<name>ref_spoon</name>
		<bndbox>
			<xmin>579</xmin>
			<ymin>1357</ymin>
			<xmax>1174</xmax>
			<ymax>1655</ymax>
		</bndbox>
	</object>
	<object>
		<name>ref_fork</name>
		<bndbox>
			<xmin>644</xmin>
			<ymin>1097</ymin>
			<xmax>1277</xmax>
			<ymax>1357</ymax>
		</bndbox>
	</object>
	<object>
		<name>ref_coin</name>
		<bndbox>
			<xmin>871</xmin>
			<ymin>1709</ymin>
			<xmax>1158</xmax>
			<ymax>1931</ymax>
		</bndbox>
	</object>
	<object>
		<name>dish</name>
		<bndbox>
			<xmin>1039</xmin>
			<ymin>97</ymin>
			<xmax>1942</xmax>
			<ymax>1005</ymax>
		</bndbox>
	</object>
	<object>
		<name>닭죽</name>
		<bndbox>
			<xmin>1239</xmin>
			<ymin>459</ymin>
			<xmax>1769</xmax>
			<ymax>643</ymax>
		</bndbox>
	</object>
</annotation>