<annotation>
	<folder>side죽류원형배달닭죽q2</folder>
	<filename>side_죽류_원형배달_닭죽_Q2_00016.JPG</filename>
	<path>/side죽류원형배달닭죽q2/side_죽류_원형배달_닭죽_Q2_00016.JPG</path>
	<source>
		<database>fooddata</database>
	</source>
	<size>
		<width>3008</width>
		<height>2000</height>
		<depth>3</depth>
	</size>
	<object>
		<name>ref_spoon</name>
		<bndbox>
			<xmin>1818</xmin>
			<ymin>470</ymin>
			<xmax>2159</xmax>
			<ymax>968</ymax>
		</bndbox>
	</object>
	<object>
		<name>ref_fork</name>
		<bndbox>
			<xmin>2272</xmin>
			<ymin>513</ymin>
			<xmax>2521</xmax>
			<ymax>1076</ymax>
		</bndbox>
	</object>
	<object>
		<name>ref_coin</name>
		<bndbox>
			<xmin>2462</xmin>
			<ymin>362</ymin>
			<xmax>2705</xmax>
			<ymax>546</ymax>
		</bndbox>
	</object>
	<object>
		<name>dish</name>
		<bndbox>
			<xmin>552</xmin>
			<ymin>410</ymin>
			<xmax>1553</xmax>
			<ymax>1438</ymax>
		</bndbox>
	</object>
	<object>
		<name>닭죽</name>
		<bndbox>
			<xmin>741</xmin>
			<ymin>800</ymin>
			<xmax>1369</xmax>
			<ymax>1038</ymax>
		</bndbox>
	</object>
</annotation>