<annotation>
	<folder>side죽류원형배달닭죽q2</folder>
	<filename>side_죽류_원형배달_닭죽_Q2_00003.JPG</filename>
	<path>/side죽류원형배달닭죽q2/side_죽류_원형배달_닭죽_Q2_00003.JPG</path>
	<source>
		<database>fooddata</database>
	</source>
	<size>
		<width>3008</width>
		<height>2000</height>
		<depth>3</depth>
	</size>
	<object>
		<name>ref_spoon</name>
		<bndbox>
			<xmin>1747</xmin>
			<ymin>270</ymin>
			<xmax>2099</xmax>
			<ymax>762</ymax>
		</bndbox>
	</object>
	<object>
		<name>ref_fork</name>
		<bndbox>
			<xmin>2213</xmin>
			<ymin>313</ymin>
			<xmax>2467</xmax>
			<ymax>854</ymax>
		</bndbox>
	</object>
	<object>
		<name>ref_coin</name>
		<bndbox>
			<xmin>995</xmin>
			<ymin>1335</ymin>
			<xmax>1298</xmax>
			<ymax>1563</ymax>
		</bndbox>
	</object>
	<object>
		<name>dish</name>
		<bndbox>
			<xmin>601</xmin>
			<ymin>124</ymin>
			<xmax>1585</xmax>
			<ymax>1135</ymax>
		</bndbox>
	</object>
	<object>
		<name>닭죽</name>
		<bndbox>
			<xmin>795</xmin>
			<ymin>356</ymin>
			<xmax>1455</xmax>
			<ymax>740</ymax>
		</bndbox>
	</object>
</annotation>