<annotation>
	<folder>side죽류원형배달닭죽q2</folder>
	<filename>side_죽류_원형배달_닭죽_Q2_00005.JPG</filename>
	<path>/side죽류원형배달닭죽q2/side_죽류_원형배달_닭죽_Q2_00005.JPG</path>
	<source>
		<database>fooddata</database>
	</source>
	<size>
		<width>3008</width>
		<height>2000</height>
		<depth>3</depth>
	</size>
	<object>
		<name>ref_spoon</name>
		<bndbox>
			<xmin>1802</xmin>
			<ymin>291</ymin>
			<xmax>2148</xmax>
			<ymax>805</ymax>
		</bndbox>
	</object>
	<object>
		<name>ref_fork</name>
		<bndbox>
			<xmin>2251</xmin>
			<ymin>329</ymin>
			<xmax>2510</xmax>
			<ymax>892</ymax>
		</bndbox>
	</object>
	<object>
		<name>ref_coin</name>
		<bndbox>
			<xmin>379</xmin>
			<ymin>1292</ymin>
			<xmax>676</xmax>
			<ymax>1519</ymax>
		</bndbox>
	</object>
	<object>
		<name>dish</name>
		<bndbox>
			<xmin>617</xmin>
			<ymin>151</ymin>
			<xmax>1601</xmax>
			<ymax>1162</ymax>
		</bndbox>
	</object>
	<object>
		<name>닭죽</name>
		<bndbox>
			<xmin>801</xmin>
			<ymin>540</ymin>
			<xmax>1423</xmax>
			<ymax>751</ymax>
		</bndbox>
	</object>
</annotation>