<annotation>
	<folder>side죽류원형배달닭죽q2</folder>
	<filename>side_죽류_원형배달_닭죽_Q2_00018.JPG</filename>
	<path>/side죽류원형배달닭죽q2/side_죽류_원형배달_닭죽_Q2_00018.JPG</path>
	<source>
		<database>fooddata</database>
	</source>
	<size>
		<width>3008</width>
		<height>2000</height>
		<depth>3</depth>
	</size>
	<object>
		<name>ref_spoon</name>
		<bndbox>
			<xmin>736</xmin>
			<ymin>1487</ymin>
			<xmax>1385</xmax>
			<ymax>1822</ymax>
		</bndbox>
	</object>
	<object>
		<name>ref_fork</name>
		<bndbox>
			<xmin>833</xmin>
			<ymin>1200</ymin>
			<xmax>1504</xmax>
			<ymax>1492</ymax>
		</bndbox>
	</object>
	<object>
		<name>ref_coin</name>
		<bndbox>
			<xmin>2132</xmin>
			<ymin>757</ymin>
			<xmax>2413</xmax>
			<ymax>957</ymax>
		</bndbox>
	</object>
	<object>
		<name>dish</name>
		<bndbox>
			<xmin>903</xmin>
			<ymin>140</ymin>
			<xmax>1883</xmax>
			<ymax>1151</ymax>
		</bndbox>
	</object>
	<object>
		<name>닭죽</name>
		<bndbox>
			<xmin>1098</xmin>
			<ymin>491</ymin>
			<xmax>1742</xmax>
			<ymax>757</ymax>
		</bndbox>
	</object>
</annotation>