<annotation>
	<folder>side죽류원형배달닭죽q2</folder>
	<filename>side_죽류_원형배달_닭죽_Q2_00045.JPG</filename>
	<path>/side죽류원형배달닭죽q2/side_죽류_원형배달_닭죽_Q2_00045.JPG</path>
	<source>
		<database>fooddata</database>
	</source>
	<size>
		<width>3008</width>
		<height>2000</height>
		<depth>3</depth>
	</size>
	<object>
		<name>ref_spoon</name>
		<bndbox>
			<xmin>763</xmin>
			<ymin>486</ymin>
			<xmax>1082</xmax>
			<ymax>957</ymax>
		</bndbox>
	</object>
	<object>
		<name>ref_fork</name>
		<bndbox>
			<xmin>1158</xmin>
			<ymin>529</ymin>
			<xmax>1401</xmax>
			<ymax>1032</ymax>
		</bndbox>
	</object>
	<object>
		<name>ref_coin</name>
		<bndbox>
			<xmin>1569</xmin>
			<ymin>1617</ymin>
			<xmax>1856</xmax>
			<ymax>1828</ymax>
		</bndbox>
	</object>
	<object>
		<name>dish</name>
		<bndbox>
			<xmin>1488</xmin>
			<ymin>578</ymin>
			<xmax>2386</xmax>
			<ymax>1509</ymax>
		</bndbox>
	</object>
	<object>
		<name>닭죽</name>
		<bndbox>
			<xmin>1655</xmin>
			<ymin>892</ymin>
			<xmax>2245</xmax>
			<ymax>1146</ymax>
		</bndbox>
	</object>
</annotation>