<annotation>
	<folder>top죽류원형배달닭죽q2</folder>
	<filename>top_죽류_원형배달_닭죽_Q2_00011.JPG</filename>
	<path>/top죽류원형배달닭죽q2/top_죽류_원형배달_닭죽_Q2_00011.JPG</path>
	<source>
		<database>fooddata</database>
	</source>
	<size>
		<width>3008</width>
		<height>2000</height>
		<depth>3</depth>
	</size>
	<object>
		<name>ref_spoon</name>
		<bndbox>
			<xmin>1747</xmin>
			<ymin>196</ymin>
			<xmax>2116</xmax>
			<ymax>841</ymax>
		</bndbox>
	</object>
	<object>
		<name>ref_fork</name>
		<bndbox>
			<xmin>2196</xmin>
			<ymin>257</ymin>
			<xmax>2494</xmax>
			<ymax>932</ymax>
		</bndbox>
	</object>
	<object>
		<name>ref_coin</name>
		<bndbox>
			<xmin>1074</xmin>
			<ymin>91</ymin>
			<xmax>1325</xmax>
			<ymax>342</ymax>
		</bndbox>
	</object>
	<object>
		<name>dish</name>
		<bndbox>
			<xmin>530</xmin>
			<ymin>452</ymin>
			<xmax>1689</xmax>
			<ymax>1600</ymax>
		</bndbox>
	</object>
	<object>
		<name>닭죽</name>
		<bndbox>
			<xmin>726</xmin>
			<ymin>659</ymin>
			<xmax>1548</xmax>
			<ymax>1465</ymax>
		</bndbox>
	</object>
</annotation>