<annotation>
	<folder>top죽류원형배달닭죽q2</folder>
	<filename>top_죽류_원형배달_닭죽_Q2_00001.JPG</filename>
	<path>/top죽류원형배달닭죽q2/top_죽류_원형배달_닭죽_Q2_00001.JPG</path>
	<source>
		<database>fooddata</database>
	</source>
	<size>
		<width>3008</width>
		<height>2000</height>
		<depth>3</depth>
	</size>
	<object>
		<name>ref_spoon</name>
		<bndbox>
			<xmin>1581</xmin>
			<ymin>326</ymin>
			<xmax>1921</xmax>
			<ymax>935</ymax>
		</bndbox>
	</object>
	<object>
		<name>ref_fork</name>
		<bndbox>
			<xmin>2028</xmin>
			<ymin>375</ymin>
			<xmax>2296</xmax>
			<ymax>1081</ymax>
		</bndbox>
	</object>
	<object>
		<name>ref_coin</name>
		<bndbox>
			<xmin>1018</xmin>
			<ymin>1495</ymin>
			<xmax>1283</xmax>
			<ymax>1754</ymax>
		</bndbox>
	</object>
	<object>
		<name>dish</name>
		<bndbox>
			<xmin>334</xmin>
			<ymin>273</ymin>
			<xmax>1443</xmax>
			<ymax>1349</ymax>
		</bndbox>
	</object>
	<object>
		<name>닭죽</name>
		<bndbox>
			<xmin>569</xmin>
			<ymin>505</ymin>
			<xmax>1327</xmax>
			<ymax>1299</ymax>
		</bndbox>
	</object>
</annotation>