<annotation>
	<folder>top죽류원형배달닭죽q2</folder>
	<filename>top_죽류_원형배달_닭죽_Q2_00046.JPG</filename>
	<path>/top죽류원형배달닭죽q2/top_죽류_원형배달_닭죽_Q2_00046.JPG</path>
	<source>
		<database>fooddata</database>
	</source>
	<size>
		<width>3008</width>
		<height>2000</height>
		<depth>3</depth>
	</size>
	<object>
		<name>ref_spoon</name>
		<bndbox>
			<xmin>919</xmin>
			<ymin>55</ymin>
			<xmax>1258</xmax>
			<ymax>654</ymax>
		</bndbox>
	</object>
	<object>
		<name>ref_fork</name>
		<bndbox>
			<xmin>1316</xmin>
			<ymin>141</ymin>
			<xmax>1565</xmax>
			<ymax>811</ymax>
		</bndbox>
	</object>
	<object>
		<name>ref_coin</name>
		<bndbox>
			<xmin>210</xmin>
			<ymin>1514</ymin>
			<xmax>464</xmax>
			<ymax>1763</ymax>
		</bndbox>
	</object>
	<object>
		<name>dish</name>
		<bndbox>
			<xmin>1647</xmin>
			<ymin>339</ymin>
			<xmax>2754</xmax>
			<ymax>1421</ymax>
		</bndbox>
	</object>
	<object>
		<name>닭죽</name>
		<bndbox>
			<xmin>1758</xmin>
			<ymin>568</ymin>
			<xmax>2552</xmax>
			<ymax>1341</ymax>
		</bndbox>
	</object>
</annotation>