<annotation>
	<folder>top죽류원형배달닭죽q2</folder>
	<filename>top_죽류_원형배달_닭죽_Q2_00041.JPG</filename>
	<path>/top죽류원형배달닭죽q2/top_죽류_원형배달_닭죽_Q2_00041.JPG</path>
	<source>
		<database>fooddata</database>
	</source>
	<size>
		<width>3008</width>
		<height>2000</height>
		<depth>3</depth>
	</size>
	<object>
		<name>ref_spoon</name>
		<bndbox>
			<xmin>519</xmin>
			<ymin>439</ymin>
			<xmax>853</xmax>
			<ymax>1015</ymax>
		</bndbox>
	</object>
	<object>
		<name>ref_fork</name>
		<bndbox>
			<xmin>925</xmin>
			<ymin>502</ymin>
			<xmax>1154</xmax>
			<ymax>1126</ymax>
		</bndbox>
	</object>
	<object>
		<name>ref_coin</name>
		<bndbox>
			<xmin>365</xmin>
			<ymin>127</ymin>
			<xmax>602</xmax>
			<ymax>342</ymax>
		</bndbox>
	</object>
	<object>
		<name>dish</name>
		<bndbox>
			<xmin>1173</xmin>
			<ymin>783</ymin>
			<xmax>2254</xmax>
			<ymax>1834</ymax>
		</bndbox>
	</object>
	<object>
		<name>닭죽</name>
		<bndbox>
			<xmin>1319</xmin>
			<ymin>985</ymin>
			<xmax>2058</xmax>
			<ymax>1743</ymax>
		</bndbox>
	</object>
</annotation>