<annotation>
	<folder>top죽류원형배달닭죽q2</folder>
	<filename>top_죽류_원형배달_닭죽_Q2_00013.JPG</filename>
	<path>/top죽류원형배달닭죽q2/top_죽류_원형배달_닭죽_Q2_00013.JPG</path>
	<source>
		<database>fooddata</database>
	</source>
	<size>
		<width>3008</width>
		<height>2000</height>
		<depth>3</depth>
	</size>
	<object>
		<name>ref_spoon</name>
		<bndbox>
			<xmin>1703</xmin>
			<ymin>204</ymin>
			<xmax>2017</xmax>
			<ymax>737</ymax>
		</bndbox>
	</object>
	<object>
		<name>ref_fork</name>
		<bndbox>
			<xmin>2081</xmin>
			<ymin>268</ymin>
			<xmax>2343</xmax>
			<ymax>858</ymax>
		</bndbox>
	</object>
	<object>
		<name>ref_coin</name>
		<bndbox>
			<xmin>1187</xmin>
			<ymin>1592</ymin>
			<xmax>1418</xmax>
			<ymax>1829</ymax>
		</bndbox>
	</object>
	<object>
		<name>dish</name>
		<bndbox>
			<xmin>632</xmin>
			<ymin>408</ymin>
			<xmax>1631</xmax>
			<ymax>1385</ymax>
		</bndbox>
	</object>
	<object>
		<name>닭죽</name>
		<bndbox>
			<xmin>803</xmin>
			<ymin>610</ymin>
			<xmax>1507</xmax>
			<ymax>1286</ymax>
		</bndbox>
	</object>
</annotation>