<annotation>
	<folder>top죽류원형배달닭죽q2</folder>
	<filename>top_죽류_원형배달_닭죽_Q2_00039.JPG</filename>
	<path>/top죽류원형배달닭죽q2/top_죽류_원형배달_닭죽_Q2_00039.JPG</path>
	<source>
		<database>fooddata</database>
	</source>
	<size>
		<width>3008</width>
		<height>2000</height>
		<depth>3</depth>
	</size>
	<object>
		<name>ref_spoon</name>
		<bndbox>
			<xmin>461</xmin>
			<ymin>102</ymin>
			<xmax>839</xmax>
			<ymax>772</ymax>
		</bndbox>
	</object>
	<object>
		<name>ref_fork</name>
		<bndbox>
			<xmin>922</xmin>
			<ymin>171</ymin>
			<xmax>1167</xmax>
			<ymax>888</ymax>
		</bndbox>
	</object>
	<object>
		<name>ref_coin</name>
		<bndbox>
			<xmin>2401</xmin>
			<ymin>673</ymin>
			<xmax>2663</xmax>
			<ymax>938</ymax>
		</bndbox>
	</object>
	<object>
		<name>dish</name>
		<bndbox>
			<xmin>1123</xmin>
			<ymin>527</ymin>
			<xmax>2301</xmax>
			<ymax>1683</ymax>
		</bndbox>
	</object>
	<object>
		<name>닭죽</name>
		<bndbox>
			<xmin>1281</xmin>
			<ymin>750</ymin>
			<xmax>2136</xmax>
			<ymax>1606</ymax>
		</bndbox>
	</object>
</annotation>