<annotation>
	<folder>top죽류원형배달닭죽q2</folder>
	<filename>top_죽류_원형배달_닭죽_Q2_00003.JPG</filename>
	<path>/top죽류원형배달닭죽q2/top_죽류_원형배달_닭죽_Q2_00003.JPG</path>
	<source>
		<database>fooddata</database>
	</source>
	<size>
		<width>3008</width>
		<height>2000</height>
		<depth>3</depth>
	</size>
	<object>
		<name>ref_spoon</name>
		<bndbox>
			<xmin>1672</xmin>
			<ymin>226</ymin>
			<xmax>2042</xmax>
			<ymax>877</ymax>
		</bndbox>
	</object>
	<object>
		<name>ref_fork</name>
		<bndbox>
			<xmin>2127</xmin>
			<ymin>301</ymin>
			<xmax>2417</xmax>
			<ymax>988</ymax>
		</bndbox>
	</object>
	<object>
		<name>ref_coin</name>
		<bndbox>
			<xmin>436</xmin>
			<ymin>1432</ymin>
			<xmax>704</xmax>
			<ymax>1699</ymax>
		</bndbox>
	</object>
	<object>
		<name>dish</name>
		<bndbox>
			<xmin>412</xmin>
			<ymin>383</ymin>
			<xmax>1556</xmax>
			<ymax>1514</ymax>
		</bndbox>
	</object>
	<object>
		<name>닭죽</name>
		<bndbox>
			<xmin>621</xmin>
			<ymin>604</ymin>
			<xmax>1432</xmax>
			<ymax>1396</ymax>
		</bndbox>
	</object>
</annotation>