<annotation>
	<folder>top죽류원형배달닭죽q2</folder>
	<filename>top_죽류_원형배달_닭죽_Q2_00027.JPG</filename>
	<path>/top죽류원형배달닭죽q2/top_죽류_원형배달_닭죽_Q2_00027.JPG</path>
	<source>
		<database>fooddata</database>
	</source>
	<size>
		<width>3008</width>
		<height>2000</height>
		<depth>3</depth>
	</size>
	<object>
		<name>ref_spoon</name>
		<bndbox>
			<xmin>298</xmin>
			<ymin>1509</ymin>
			<xmax>908</xmax>
			<ymax>1859</ymax>
		</bndbox>
	</object>
	<object>
		<name>ref_fork</name>
		<bndbox>
			<xmin>384</xmin>
			<ymin>1172</ymin>
			<xmax>1010</xmax>
			<ymax>1418</ymax>
		</bndbox>
	</object>
	<object>
		<name>ref_coin</name>
		<bndbox>
			<xmin>2274</xmin>
			<ymin>1092</ymin>
			<xmax>2516</xmax>
			<ymax>1332</ymax>
		</bndbox>
	</object>
	<object>
		<name>dish</name>
		<bndbox>
			<xmin>809</xmin>
			<ymin>113</ymin>
			<xmax>1827</xmax>
			<ymax>1117</ymax>
		</bndbox>
	</object>
	<object>
		<name>닭죽</name>
		<bndbox>
			<xmin>980</xmin>
			<ymin>337</ymin>
			<xmax>1700</xmax>
			<ymax>1068</ymax>
		</bndbox>
	</object>
</annotation>