<annotation>
	<folder>top죽류원형배달닭죽q2</folder>
	<filename>top_죽류_원형배달_닭죽_Q2_00007.JPG</filename>
	<path>/top죽류원형배달닭죽q2/top_죽류_원형배달_닭죽_Q2_00007.JPG</path>
	<source>
		<database>fooddata</database>
	</source>
	<size>
		<width>3008</width>
		<height>2000</height>
		<depth>3</depth>
	</size>
	<object>
		<name>ref_spoon</name>
		<bndbox>
			<xmin>1970</xmin>
			<ymin>154</ymin>
			<xmax>2345</xmax>
			<ymax>822</ymax>
		</bndbox>
	</object>
	<object>
		<name>ref_fork</name>
		<bndbox>
			<xmin>2420</xmin>
			<ymin>221</ymin>
			<xmax>2732</xmax>
			<ymax>932</ymax>
		</bndbox>
	</object>
	<object>
		<name>ref_coin</name>
		<bndbox>
			<xmin>158</xmin>
			<ymin>612</ymin>
			<xmax>409</xmax>
			<ymax>863</ymax>
		</bndbox>
	</object>
	<object>
		<name>dish</name>
		<bndbox>
			<xmin>687</xmin>
			<ymin>447</ymin>
			<xmax>1824</xmax>
			<ymax>1581</ymax>
		</bndbox>
	</object>
	<object>
		<name>닭죽</name>
		<bndbox>
			<xmin>870</xmin>
			<ymin>643</ymin>
			<xmax>1692</xmax>
			<ymax>1443</ymax>
		</bndbox>
	</object>
</annotation>