<annotation>
	<folder>top죽류원형배달닭죽q2</folder>
	<filename>top_죽류_원형배달_닭죽_Q2_00018.JPG</filename>
	<path>/top죽류원형배달닭죽q2/top_죽류_원형배달_닭죽_Q2_00018.JPG</path>
	<source>
		<database>fooddata</database>
	</source>
	<size>
		<width>3008</width>
		<height>2000</height>
		<depth>3</depth>
	</size>
	<object>
		<name>ref_spoon</name>
		<bndbox>
			<xmin>776</xmin>
			<ymin>1412</ymin>
			<xmax>1336</xmax>
			<ymax>1738</ymax>
		</bndbox>
	</object>
	<object>
		<name>ref_fork</name>
		<bndbox>
			<xmin>870</xmin>
			<ymin>1090</ymin>
			<xmax>1465</xmax>
			<ymax>1335</ymax>
		</bndbox>
	</object>
	<object>
		<name>ref_coin</name>
		<bndbox>
			<xmin>630</xmin>
			<ymin>513</ymin>
			<xmax>850</xmax>
			<ymax>728</ymax>
		</bndbox>
	</object>
	<object>
		<name>dish</name>
		<bndbox>
			<xmin>1145</xmin>
			<ymin>47</ymin>
			<xmax>2111</xmax>
			<ymax>982</ymax>
		</bndbox>
	</object>
	<object>
		<name>닭죽</name>
		<bndbox>
			<xmin>1275</xmin>
			<ymin>281</ymin>
			<xmax>1954</xmax>
			<ymax>935</ymax>
		</bndbox>
	</object>
</annotation>