<annotation>
	<folder>top죽류원형배달닭죽q2</folder>
	<filename>top_죽류_원형배달_닭죽_Q2_00030.JPG</filename>
	<path>/top죽류원형배달닭죽q2/top_죽류_원형배달_닭죽_Q2_00030.JPG</path>
	<source>
		<database>fooddata</database>
	</source>
	<size>
		<width>3008</width>
		<height>2000</height>
		<depth>3</depth>
	</size>
	<object>
		<name>ref_spoon</name>
		<bndbox>
			<xmin>378</xmin>
			<ymin>1454</ymin>
			<xmax>969</xmax>
			<ymax>1799</ymax>
		</bndbox>
	</object>
	<object>
		<name>ref_fork</name>
		<bndbox>
			<xmin>470</xmin>
			<ymin>1117</ymin>
			<xmax>1065</xmax>
			<ymax>1360</ymax>
		</bndbox>
	</object>
	<object>
		<name>ref_coin</name>
		<bndbox>
			<xmin>2334</xmin>
			<ymin>604</ymin>
			<xmax>2574</xmax>
			<ymax>833</ymax>
		</bndbox>
	</object>
	<object>
		<name>dish</name>
		<bndbox>
			<xmin>933</xmin>
			<ymin>121</ymin>
			<xmax>1948</xmax>
			<ymax>1103</ymax>
		</bndbox>
	</object>
	<object>
		<name>닭죽</name>
		<bndbox>
			<xmin>1087</xmin>
			<ymin>334</ymin>
			<xmax>1799</xmax>
			<ymax>1048</ymax>
		</bndbox>
	</object>
</annotation>