<annotation>
	<folder>side반찬부피접시양념게장q3</folder>
	<filename>side_반찬부피_접시_양념게장_Q3_00037.JPG</filename>
	<path>/side반찬부피접시양념게장q3/side_반찬부피_접시_양념게장_Q3_00037.JPG</path>
	<source>
		<database>fooddata</database>
	</source>
	<size>
		<width>720</width>
		<height>480</height>
		<depth>3</depth>
	</size>
	<object>
		<name>ref_spoon</name>
		<bndbox>
			<xmin>128</xmin>
			<ymin>99</ymin>
			<xmax>192</xmax>
			<ymax>188</ymax>
		</bndbox>
	</object>
	<object>
		<name>ref_fork</name>
		<bndbox>
			<xmin>207</xmin>
			<ymin>104</ymin>
			<xmax>249</xmax>
			<ymax>204</ymax>
		</bndbox>
	</object>
	<object>
		<name>ref_coin</name>
		<bndbox>
			<xmin>465</xmin>
			<ymin>374</ymin>
			<xmax>515</xmax>
			<ymax>419</ymax>
		</bndbox>
	</object>
	<object>
		<name>dish</name>
		<bndbox>
			<xmin>280</xmin>
			<ymin>74</ymin>
			<xmax>617</xmax>
			<ymax>322</ymax>
		</bndbox>
	</object>
	<object>
		<name>양념게장</name>
		<bndbox>
			<xmin>356</xmin>
			<ymin>113</ymin>
			<xmax>552</xmax>
			<ymax>280</ymax>
		</bndbox>
	</object>
</annotation>