<annotation>
	<folder>side반찬부피접시양념게장q3</folder>
	<filename>side_반찬부피_접시_양념게장_Q3_00045.JPG</filename>
	<path>/side반찬부피접시양념게장q3/side_반찬부피_접시_양념게장_Q3_00045.JPG</path>
	<source>
		<database>fooddata</database>
	</source>
	<size>
		<width>720</width>
		<height>480</height>
		<depth>3</depth>
	</size>
	<object>
		<name>ref_spoon</name>
		<bndbox>
			<xmin>79</xmin>
			<ymin>135</ymin>
			<xmax>145</xmax>
			<ymax>225</ymax>
		</bndbox>
	</object>
	<object>
		<name>ref_fork</name>
		<bndbox>
			<xmin>159</xmin>
			<ymin>141</ymin>
			<xmax>201</xmax>
			<ymax>242</ymax>
		</bndbox>
	</object>
	<object>
		<name>ref_coin</name>
		<bndbox>
			<xmin>474</xmin>
			<ymin>64</ymin>
			<xmax>517</xmax>
			<ymax>95</ymax>
		</bndbox>
	</object>
	<object>
		<name>dish</name>
		<bndbox>
			<xmin>226</xmin>
			<ymin>120</ymin>
			<xmax>564</xmax>
			<ymax>369</ymax>
		</bndbox>
	</object>
	<object>
		<name>양념게장</name>
		<bndbox>
			<xmin>297</xmin>
			<ymin>174</ymin>
			<xmax>502</xmax>
			<ymax>310</ymax>
		</bndbox>
	</object>
</annotation>