<annotation>
	<folder>side반찬부피접시양념게장q3</folder>
	<filename>side_반찬부피_접시_양념게장_Q3_00025.JPG</filename>
	<path>/side반찬부피접시양념게장q3/side_반찬부피_접시_양념게장_Q3_00025.JPG</path>
	<source>
		<database>fooddata</database>
	</source>
	<size>
		<width>720</width>
		<height>480</height>
		<depth>3</depth>
	</size>
	<object>
		<name>ref_spoon</name>
		<bndbox>
			<xmin>222</xmin>
			<ymin>403</ymin>
			<xmax>328</xmax>
			<ymax>463</ymax>
		</bndbox>
	</object>
	<object>
		<name>ref_fork</name>
		<bndbox>
			<xmin>232</xmin>
			<ymin>336</ymin>
			<xmax>346</xmax>
			<ymax>384</ymax>
		</bndbox>
	</object>
	<object>
		<name>ref_coin</name>
		<bndbox>
			<xmin>575</xmin>
			<ymin>114</ymin>
			<xmax>618</xmax>
			<ymax>145</ymax>
		</bndbox>
	</object>
	<object>
		<name>dish</name>
		<bndbox>
			<xmin>226</xmin>
			<ymin>81</ymin>
			<xmax>545</xmax>
			<ymax>310</ymax>
		</bndbox>
	</object>
	<object>
		<name>양념게장</name>
		<bndbox>
			<xmin>316</xmin>
			<ymin>128</ymin>
			<xmax>480</xmax>
			<ymax>264</ymax>
		</bndbox>
	</object>
</annotation>