<annotation>
	<folder>side반찬부피접시양념게장q3</folder>
	<filename>side_반찬부피_접시_양념게장_Q3_00020.JPG</filename>
	<path>/side반찬부피접시양념게장q3/side_반찬부피_접시_양념게장_Q3_00020.JPG</path>
	<source>
		<database>fooddata</database>
	</source>
	<size>
		<width>720</width>
		<height>480</height>
		<depth>3</depth>
	</size>
	<object>
		<name>ref_spoon</name>
		<bndbox>
			<xmin>234</xmin>
			<ymin>413</ymin>
			<xmax>343</xmax>
			<ymax>472</ymax>
		</bndbox>
	</object>
	<object>
		<name>ref_fork</name>
		<bndbox>
			<xmin>242</xmin>
			<ymin>346</ymin>
			<xmax>356</xmax>
			<ymax>392</ymax>
		</bndbox>
	</object>
	<object>
		<name>ref_coin</name>
		<bndbox>
			<xmin>192</xmin>
			<ymin>122</ymin>
			<xmax>235</xmax>
			<ymax>154</ymax>
		</bndbox>
	</object>
	<object>
		<name>dish</name>
		<bndbox>
			<xmin>264</xmin>
			<ymin>84</ymin>
			<xmax>584</xmax>
			<ymax>314</ymax>
		</bndbox>
	</object>
	<object>
		<name>양념게장</name>
		<bndbox>
			<xmin>338</xmin>
			<ymin>100</ymin>
			<xmax>511</xmax>
			<ymax>260</ymax>
		</bndbox>
	</object>
</annotation>