<annotation>
	<folder>side반찬부피접시양념게장q3</folder>
	<filename>side_반찬부피_접시_양념게장_Q3_00042.JPG</filename>
	<path>/side반찬부피접시양념게장q3/side_반찬부피_접시_양념게장_Q3_00042.JPG</path>
	<source>
		<database>fooddata</database>
	</source>
	<size>
		<width>720</width>
		<height>480</height>
		<depth>3</depth>
	</size>
	<object>
		<name>ref_spoon</name>
		<bndbox>
			<xmin>77</xmin>
			<ymin>129</ymin>
			<xmax>143</xmax>
			<ymax>221</ymax>
		</bndbox>
	</object>
	<object>
		<name>ref_fork</name>
		<bndbox>
			<xmin>156</xmin>
			<ymin>135</ymin>
			<xmax>199</xmax>
			<ymax>236</ymax>
		</bndbox>
	</object>
	<object>
		<name>ref_coin</name>
		<bndbox>
			<xmin>620</xmin>
			<ymin>274</ymin>
			<xmax>668</xmax>
			<ymax>310</ymax>
		</bndbox>
	</object>
	<object>
		<name>dish</name>
		<bndbox>
			<xmin>218</xmin>
			<ymin>101</ymin>
			<xmax>552</xmax>
			<ymax>348</ymax>
		</bndbox>
	</object>
	<object>
		<name>양념게장</name>
		<bndbox>
			<xmin>318</xmin>
			<ymin>117</ymin>
			<xmax>491</xmax>
			<ymax>294</ymax>
		</bndbox>
	</object>
</annotation>