<annotation>
	<folder>side반찬부피접시양념게장q3</folder>
	<filename>side_반찬부피_접시_양념게장_Q3_00043.JPG</filename>
	<path>/side반찬부피접시양념게장q3/side_반찬부피_접시_양념게장_Q3_00043.JPG</path>
	<source>
		<database>fooddata</database>
	</source>
	<size>
		<width>720</width>
		<height>480</height>
		<depth>3</depth>
	</size>
	<object>
		<name>ref_spoon</name>
		<bndbox>
			<xmin>92</xmin>
			<ymin>133</ymin>
			<xmax>159</xmax>
			<ymax>223</ymax>
		</bndbox>
	</object>
	<object>
		<name>ref_fork</name>
		<bndbox>
			<xmin>172</xmin>
			<ymin>140</ymin>
			<xmax>214</xmax>
			<ymax>238</ymax>
		</bndbox>
	</object>
	<object>
		<name>ref_coin</name>
		<bndbox>
			<xmin>625</xmin>
			<ymin>233</ymin>
			<xmax>673</xmax>
			<ymax>268</ymax>
		</bndbox>
	</object>
	<object>
		<name>dish</name>
		<bndbox>
			<xmin>233</xmin>
			<ymin>106</ymin>
			<xmax>569</xmax>
			<ymax>352</ymax>
		</bndbox>
	</object>
	<object>
		<name>양념게장</name>
		<bndbox>
			<xmin>322</xmin>
			<ymin>134</ymin>
			<xmax>502</xmax>
			<ymax>297</ymax>
		</bndbox>
	</object>
</annotation>