<annotation>
	<folder>side반찬부피접시양념게장q3</folder>
	<filename>side_반찬부피_접시_양념게장_Q3_00004.JPG</filename>
	<path>/side반찬부피접시양념게장q3/side_반찬부피_접시_양념게장_Q3_00004.JPG</path>
	<source>
		<database>fooddata</database>
	</source>
	<size>
		<width>720</width>
		<height>480</height>
		<depth>3</depth>
	</size>
	<object>
		<name>ref_spoon</name>
		<bndbox>
			<xmin>445</xmin>
			<ymin>80</ymin>
			<xmax>509</xmax>
			<ymax>166</ymax>
		</bndbox>
	</object>
	<object>
		<name>ref_fork</name>
		<bndbox>
			<xmin>530</xmin>
			<ymin>81</ymin>
			<xmax>576</xmax>
			<ymax>178</ymax>
		</bndbox>
	</object>
	<object>
		<name>ref_coin</name>
		<bndbox>
			<xmin>153</xmin>
			<ymin>356</ymin>
			<xmax>206</xmax>
			<ymax>400</ymax>
		</bndbox>
	</object>
	<object>
		<name>dish</name>
		<bndbox>
			<xmin>92</xmin>
			<ymin>72</ymin>
			<xmax>442</xmax>
			<ymax>320</ymax>
		</bndbox>
	</object>
	<object>
		<name>양념게장</name>
		<bndbox>
			<xmin>190</xmin>
			<ymin>96</ymin>
			<xmax>355</xmax>
			<ymax>256</ymax>
		</bndbox>
	</object>
</annotation>