<annotation>
	<folder>side반찬부피접시양념게장q3</folder>
	<filename>side_반찬부피_접시_양념게장_Q3_00012.JPG</filename>
	<path>/side반찬부피접시양념게장q3/side_반찬부피_접시_양념게장_Q3_00012.JPG</path>
	<source>
		<database>fooddata</database>
	</source>
	<size>
		<width>720</width>
		<height>480</height>
		<depth>3</depth>
	</size>
	<object>
		<name>ref_spoon</name>
		<bndbox>
			<xmin>491</xmin>
			<ymin>121</ymin>
			<xmax>552</xmax>
			<ymax>205</ymax>
		</bndbox>
	</object>
	<object>
		<name>ref_fork</name>
		<bndbox>
			<xmin>572</xmin>
			<ymin>119</ymin>
			<xmax>616</xmax>
			<ymax>212</ymax>
		</bndbox>
	</object>
	<object>
		<name>ref_coin</name>
		<bndbox>
			<xmin>424</xmin>
			<ymin>109</ymin>
			<xmax>467</xmax>
			<ymax>140</ymax>
		</bndbox>
	</object>
	<object>
		<name>dish</name>
		<bndbox>
			<xmin>143</xmin>
			<ymin>136</ymin>
			<xmax>473</xmax>
			<ymax>379</ymax>
		</bndbox>
	</object>
	<object>
		<name>양념게장</name>
		<bndbox>
			<xmin>223</xmin>
			<ymin>192</ymin>
			<xmax>394</xmax>
			<ymax>325</ymax>
		</bndbox>
	</object>
</annotation>