<annotation>
	<folder>side반찬부피접시양념게장q3</folder>
	<filename>side_반찬부피_접시_양념게장_Q3_00034.JPG</filename>
	<path>/side반찬부피접시양념게장q3/side_반찬부피_접시_양념게장_Q3_00034.JPG</path>
	<source>
		<database>fooddata</database>
	</source>
	<size>
		<width>720</width>
		<height>480</height>
		<depth>3</depth>
	</size>
	<object>
		<name>ref_spoon</name>
		<bndbox>
			<xmin>156</xmin>
			<ymin>103</ymin>
			<xmax>220</xmax>
			<ymax>192</ymax>
		</bndbox>
	</object>
	<object>
		<name>ref_fork</name>
		<bndbox>
			<xmin>234</xmin>
			<ymin>105</ymin>
			<xmax>277</xmax>
			<ymax>207</ymax>
		</bndbox>
	</object>
	<object>
		<name>ref_coin</name>
		<bndbox>
			<xmin>341</xmin>
			<ymin>339</ymin>
			<xmax>391</xmax>
			<ymax>380</ymax>
		</bndbox>
	</object>
	<object>
		<name>dish</name>
		<bndbox>
			<xmin>307</xmin>
			<ymin>75</ymin>
			<xmax>645</xmax>
			<ymax>321</ymax>
		</bndbox>
	</object>
	<object>
		<name>양념게장</name>
		<bndbox>
			<xmin>382</xmin>
			<ymin>109</ymin>
			<xmax>587</xmax>
			<ymax>279</ymax>
		</bndbox>
	</object>
</annotation>