<annotation>
	<folder>side반찬부피접시양념게장q3</folder>
	<filename>side_반찬부피_접시_양념게장_Q3_00015.JPG</filename>
	<path>/side반찬부피접시양념게장q3/side_반찬부피_접시_양념게장_Q3_00015.JPG</path>
	<source>
		<database>fooddata</database>
	</source>
	<size>
		<width>720</width>
		<height>480</height>
		<depth>3</depth>
	</size>
	<object>
		<name>ref_spoon</name>
		<bndbox>
			<xmin>486</xmin>
			<ymin>99</ymin>
			<xmax>548</xmax>
			<ymax>182</ymax>
		</bndbox>
	</object>
	<object>
		<name>ref_fork</name>
		<bndbox>
			<xmin>568</xmin>
			<ymin>99</ymin>
			<xmax>610</xmax>
			<ymax>191</ymax>
		</bndbox>
	</object>
	<object>
		<name>ref_coin</name>
		<bndbox>
			<xmin>227</xmin>
			<ymin>383</ymin>
			<xmax>276</xmax>
			<ymax>423</ymax>
		</bndbox>
	</object>
	<object>
		<name>dish</name>
		<bndbox>
			<xmin>129</xmin>
			<ymin>105</ymin>
			<xmax>459</xmax>
			<ymax>343</ymax>
		</bndbox>
	</object>
	<object>
		<name>양념게장</name>
		<bndbox>
			<xmin>208</xmin>
			<ymin>141</ymin>
			<xmax>370</xmax>
			<ymax>289</ymax>
		</bndbox>
	</object>
</annotation>