<annotation>
	<folder>side반찬부피접시양념게장q3</folder>
	<filename>side_반찬부피_접시_양념게장_Q3_00052.JPG</filename>
	<path>/side반찬부피접시양념게장q3/side_반찬부피_접시_양념게장_Q3_00052.JPG</path>
	<source>
		<database>fooddata</database>
	</source>
	<size>
		<width>720</width>
		<height>480</height>
		<depth>3</depth>
	</size>
	<object>
		<name>ref_spoon</name>
		<bndbox>
			<xmin>95</xmin>
			<ymin>79</ymin>
			<xmax>165</xmax>
			<ymax>174</ymax>
		</bndbox>
	</object>
	<object>
		<name>ref_fork</name>
		<bndbox>
			<xmin>181</xmin>
			<ymin>82</ymin>
			<xmax>227</xmax>
			<ymax>190</ymax>
		</bndbox>
	</object>
	<object>
		<name>ref_coin</name>
		<bndbox>
			<xmin>568</xmin>
			<ymin>383</ymin>
			<xmax>623</xmax>
			<ymax>429</ymax>
		</bndbox>
	</object>
	<object>
		<name>dish</name>
		<bndbox>
			<xmin>275</xmin>
			<ymin>70</ymin>
			<xmax>642</xmax>
			<ymax>343</ymax>
		</bndbox>
	</object>
	<object>
		<name>양념게장</name>
		<bndbox>
			<xmin>348</xmin>
			<ymin>109</ymin>
			<xmax>567</xmax>
			<ymax>274</ymax>
		</bndbox>
	</object>
</annotation>