<annotation>
	<folder>side반찬부피접시양념게장q3</folder>
	<filename>side_반찬부피_접시_양념게장_Q3_00010.JPG</filename>
	<path>/side반찬부피접시양념게장q3/side_반찬부피_접시_양념게장_Q3_00010.JPG</path>
	<source>
		<database>fooddata</database>
	</source>
	<size>
		<width>720</width>
		<height>480</height>
		<depth>3</depth>
	</size>
	<object>
		<name>ref_spoon</name>
		<bndbox>
			<xmin>514</xmin>
			<ymin>129</ymin>
			<xmax>576</xmax>
			<ymax>211</ymax>
		</bndbox>
	</object>
	<object>
		<name>ref_fork</name>
		<bndbox>
			<xmin>597</xmin>
			<ymin>128</ymin>
			<xmax>639</xmax>
			<ymax>223</ymax>
		</bndbox>
	</object>
	<object>
		<name>ref_coin</name>
		<bndbox>
			<xmin>326</xmin>
			<ymin>75</ymin>
			<xmax>366</xmax>
			<ymax>104</ymax>
		</bndbox>
	</object>
	<object>
		<name>dish</name>
		<bndbox>
			<xmin>174</xmin>
			<ymin>138</ymin>
			<xmax>502</xmax>
			<ymax>378</ymax>
		</bndbox>
	</object>
	<object>
		<name>양념게장</name>
		<bndbox>
			<xmin>273</xmin>
			<ymin>171</ymin>
			<xmax>424</xmax>
			<ymax>328</ymax>
		</bndbox>
	</object>
</annotation>