<annotation>
	<folder>top반찬부피접시양념게장q3</folder>
	<filename>top_반찬부피_접시_양념게장_Q3_00016.JPG</filename>
	<path>/top반찬부피접시양념게장q3/top_반찬부피_접시_양념게장_Q3_00016.JPG</path>
	<source>
		<database>fooddata</database>
	</source>
	<size>
		<width>720</width>
		<height>480</height>
		<depth>3</depth>
	</size>
	<object>
		<name>ref_spoon</name>
		<bndbox>
			<xmin>499</xmin>
			<ymin>24</ymin>
			<xmax>568</xmax>
			<ymax>144</ymax>
		</bndbox>
	</object>
	<object>
		<name>ref_fork</name>
		<bndbox>
			<xmin>596</xmin>
			<ymin>36</ymin>
			<xmax>649</xmax>
			<ymax>174</ymax>
		</bndbox>
	</object>
	<object>
		<name>ref_coin</name>
		<bndbox>
			<xmin>341</xmin>
			<ymin>399</ymin>
			<xmax>396</xmax>
			<ymax>452</ymax>
		</bndbox>
	</object>
	<object>
		<name>dish</name>
		<bndbox>
			<xmin>124</xmin>
			<ymin>43</ymin>
			<xmax>463</xmax>
			<ymax>373</ymax>
		</bndbox>
	</object>
	<object>
		<name>양념게장</name>
		<bndbox>
			<xmin>206</xmin>
			<ymin>118</ymin>
			<xmax>394</xmax>
			<ymax>270</ymax>
		</bndbox>
	</object>
</annotation>