<annotation>
	<folder>top반찬부피접시양념게장q3</folder>
	<filename>top_반찬부피_접시_양념게장_Q3_00042.JPG</filename>
	<path>/top반찬부피접시양념게장q3/top_반찬부피_접시_양념게장_Q3_00042.JPG</path>
	<source>
		<database>fooddata</database>
	</source>
	<size>
		<width>720</width>
		<height>480</height>
		<depth>3</depth>
	</size>
	<object>
		<name>ref_spoon</name>
		<bndbox>
			<xmin>131</xmin>
			<ymin>58</ymin>
			<xmax>193</xmax>
			<ymax>180</ymax>
		</bndbox>
	</object>
	<object>
		<name>ref_fork</name>
		<bndbox>
			<xmin>219</xmin>
			<ymin>73</ymin>
			<xmax>264</xmax>
			<ymax>201</ymax>
		</bndbox>
	</object>
	<object>
		<name>ref_coin</name>
		<bndbox>
			<xmin>641</xmin>
			<ymin>285</ymin>
			<xmax>688</xmax>
			<ymax>332</ymax>
		</bndbox>
	</object>
	<object>
		<name>dish</name>
		<bndbox>
			<xmin>309</xmin>
			<ymin>77</ymin>
			<xmax>615</xmax>
			<ymax>377</ymax>
		</bndbox>
	</object>
	<object>
		<name>양념게장</name>
		<bndbox>
			<xmin>373</xmin>
			<ymin>139</ymin>
			<xmax>544</xmax>
			<ymax>309</ymax>
		</bndbox>
	</object>
</annotation>