<annotation>
	<folder>top반찬부피접시양념게장q3</folder>
	<filename>top_반찬부피_접시_양념게장_Q3_00024.JPG</filename>
	<path>/top반찬부피접시양념게장q3/top_반찬부피_접시_양념게장_Q3_00024.JPG</path>
	<source>
		<database>fooddata</database>
	</source>
	<size>
		<width>720</width>
		<height>480</height>
		<depth>3</depth>
	</size>
	<object>
		<name>ref_spoon</name>
		<bndbox>
			<xmin>264</xmin>
			<ymin>371</ymin>
			<xmax>362</xmax>
			<ymax>433</ymax>
		</bndbox>
	</object>
	<object>
		<name>ref_fork</name>
		<bndbox>
			<xmin>276</xmin>
			<ymin>313</ymin>
			<xmax>386</xmax>
			<ymax>356</ymax>
		</bndbox>
	</object>
	<object>
		<name>ref_coin</name>
		<bndbox>
			<xmin>223</xmin>
			<ymin>79</ymin>
			<xmax>264</xmax>
			<ymax>120</ymax>
		</bndbox>
	</object>
	<object>
		<name>dish</name>
		<bndbox>
			<xmin>298</xmin>
			<ymin>32</ymin>
			<xmax>572</xmax>
			<ymax>300</ymax>
		</bndbox>
	</object>
	<object>
		<name>양념게장</name>
		<bndbox>
			<xmin>366</xmin>
			<ymin>88</ymin>
			<xmax>501</xmax>
			<ymax>229</ymax>
		</bndbox>
	</object>
</annotation>