<annotation>
	<folder>top반찬부피접시양념게장q3</folder>
	<filename>top_반찬부피_접시_양념게장_Q3_00004.JPG</filename>
	<path>/top반찬부피접시양념게장q3/top_반찬부피_접시_양념게장_Q3_00004.JPG</path>
	<source>
		<database>fooddata</database>
	</source>
	<size>
		<width>720</width>
		<height>480</height>
		<depth>3</depth>
	</size>
	<object>
		<name>ref_spoon</name>
		<bndbox>
			<xmin>501</xmin>
			<ymin>51</ymin>
			<xmax>564</xmax>
			<ymax>176</ymax>
		</bndbox>
	</object>
	<object>
		<name>ref_fork</name>
		<bndbox>
			<xmin>594</xmin>
			<ymin>69</ymin>
			<xmax>649</xmax>
			<ymax>204</ymax>
		</bndbox>
	</object>
	<object>
		<name>ref_coin</name>
		<bndbox>
			<xmin>212</xmin>
			<ymin>396</ymin>
			<xmax>264</xmax>
			<ymax>454</ymax>
		</bndbox>
	</object>
	<object>
		<name>dish</name>
		<bndbox>
			<xmin>150</xmin>
			<ymin>49</ymin>
			<xmax>480</xmax>
			<ymax>375</ymax>
		</bndbox>
	</object>
	<object>
		<name>양념게장</name>
		<bndbox>
			<xmin>225</xmin>
			<ymin>122</ymin>
			<xmax>403</xmax>
			<ymax>298</ymax>
		</bndbox>
	</object>
</annotation>