<annotation>
	<folder>top반찬부피접시양념게장q3</folder>
	<filename>top_반찬부피_접시_양념게장_Q3_00030.JPG</filename>
	<path>/top반찬부피접시양념게장q3/top_반찬부피_접시_양념게장_Q3_00030.JPG</path>
	<source>
		<database>fooddata</database>
	</source>
	<size>
		<width>720</width>
		<height>480</height>
		<depth>3</depth>
	</size>
	<object>
		<name>ref_spoon</name>
		<bndbox>
			<xmin>236</xmin>
			<ymin>369</ymin>
			<xmax>332</xmax>
			<ymax>426</ymax>
		</bndbox>
	</object>
	<object>
		<name>ref_fork</name>
		<bndbox>
			<xmin>249</xmin>
			<ymin>315</ymin>
			<xmax>347</xmax>
			<ymax>358</ymax>
		</bndbox>
	</object>
	<object>
		<name>ref_coin</name>
		<bndbox>
			<xmin>454</xmin>
			<ymin>36</ymin>
			<xmax>493</xmax>
			<ymax>71</ymax>
		</bndbox>
	</object>
	<object>
		<name>dish</name>
		<bndbox>
			<xmin>249</xmin>
			<ymin>56</ymin>
			<xmax>497</xmax>
			<ymax>294</ymax>
		</bndbox>
	</object>
	<object>
		<name>양념게장</name>
		<bndbox>
			<xmin>302</xmin>
			<ymin>109</ymin>
			<xmax>446</xmax>
			<ymax>234</ymax>
		</bndbox>
	</object>
</annotation>