<annotation>
	<folder>side기타튀김접시새우튀김q1</folder>
	<filename>side_기타튀김_접시_새우튀김_Q1_00021.JPG</filename>
	<path>/side기타튀김접시새우튀김q1/side_기타튀김_접시_새우튀김_Q1_00021.JPG</path>
	<source>
		<database>fooddata</database>
	</source>
	<size>
		<width>3008</width>
		<height>2000</height>
		<depth>3</depth>
	</size>
	<object>
		<name>ref_spoon</name>
		<bndbox>
			<xmin>748</xmin>
			<ymin>1523</ymin>
			<xmax>1163</xmax>
			<ymax>1793</ymax>
		</bndbox>
	</object>
	<object>
		<name>ref_fork</name>
		<bndbox>
			<xmin>897</xmin>
			<ymin>1282</ymin>
			<xmax>1334</xmax>
			<ymax>1523</ymax>
		</bndbox>
	</object>
	<object>
		<name>ref_coin</name>
		<bndbox>
			<xmin>2118</xmin>
			<ymin>179</ymin>
			<xmax>2288</xmax>
			<ymax>303</ymax>
		</bndbox>
	</object>
	<object>
		<name>dish</name>
		<bndbox>
			<xmin>1046</xmin>
			<ymin>260</ymin>
			<xmax>2291</xmax>
			<ymax>1200</ymax>
		</bndbox>
	</object>
	<object>
		<name>새우튀김</name>
		<bndbox>
			<xmin>1433</xmin>
			<ymin>466</ymin>
			<xmax>1798</xmax>
			<ymax>792</ymax>
		</bndbox>
	</object>
</annotation>