<annotation>
	<folder>side기타튀김접시새우튀김q1</folder>
	<filename>side_기타튀김_접시_새우튀김_Q1_00012.JPG</filename>
	<path>/side기타튀김접시새우튀김q1/side_기타튀김_접시_새우튀김_Q1_00012.JPG</path>
	<source>
		<database>fooddata</database>
	</source>
	<size>
		<width>3008</width>
		<height>2000</height>
		<depth>3</depth>
	</size>
	<object>
		<name>ref_spoon</name>
		<bndbox>
			<xmin>2132</xmin>
			<ymin>158</ymin>
			<xmax>2405</xmax>
			<ymax>526</ymax>
		</bndbox>
	</object>
	<object>
		<name>ref_fork</name>
		<bndbox>
			<xmin>2568</xmin>
			<ymin>147</ymin>
			<xmax>2770</xmax>
			<ymax>569</ymax>
		</bndbox>
	</object>
	<object>
		<name>ref_coin</name>
		<bndbox>
			<xmin>1483</xmin>
			<ymin>1626</ymin>
			<xmax>1724</xmax>
			<ymax>1835</ymax>
		</bndbox>
	</object>
	<object>
		<name>dish</name>
		<bndbox>
			<xmin>575</xmin>
			<ymin>363</ymin>
			<xmax>2086</xmax>
			<ymax>1559</ymax>
		</bndbox>
	</object>
	<object>
		<name>새우튀김</name>
		<bndbox>
			<xmin>990</xmin>
			<ymin>736</ymin>
			<xmax>1671</xmax>
			<ymax>1105</ymax>
		</bndbox>
	</object>
</annotation>