<annotation>
	<folder>side기타튀김접시새우튀김q1</folder>
	<filename>side_기타튀김_접시_새우튀김_Q1_00010.JPG</filename>
	<path>/side기타튀김접시새우튀김q1/side_기타튀김_접시_새우튀김_Q1_00010.JPG</path>
	<source>
		<database>fooddata</database>
	</source>
	<size>
		<width>3008</width>
		<height>2000</height>
		<depth>3</depth>
	</size>
	<object>
		<name>ref_spoon</name>
		<bndbox>
			<xmin>2142</xmin>
			<ymin>523</ymin>
			<xmax>2416</xmax>
			<ymax>878</ymax>
		</bndbox>
	</object>
	<object>
		<name>ref_fork</name>
		<bndbox>
			<xmin>2575</xmin>
			<ymin>523</ymin>
			<xmax>2770</xmax>
			<ymax>938</ymax>
		</bndbox>
	</object>
	<object>
		<name>ref_coin</name>
		<bndbox>
			<xmin>1600</xmin>
			<ymin>509</ymin>
			<xmax>1806</xmax>
			<ymax>658</ymax>
		</bndbox>
	</object>
	<object>
		<name>dish</name>
		<bndbox>
			<xmin>599</xmin>
			<ymin>707</ymin>
			<xmax>2107</xmax>
			<ymax>1889</ymax>
		</bndbox>
	</object>
	<object>
		<name>새우튀김</name>
		<bndbox>
			<xmin>1380</xmin>
			<ymin>771</ymin>
			<xmax>1603</xmax>
			<ymax>1360</ymax>
		</bndbox>
	</object>
</annotation>