<annotation>
	<folder>side기타튀김접시새우튀김q1</folder>
	<filename>side_기타튀김_접시_새우튀김_Q1_00031.JPG</filename>
	<path>/side기타튀김접시새우튀김q1/side_기타튀김_접시_새우튀김_Q1_00031.JPG</path>
	<source>
		<database>fooddata</database>
	</source>
	<size>
		<width>3008</width>
		<height>2000</height>
		<depth>3</depth>
	</size>
	<object>
		<name>ref_spoon</name>
		<bndbox>
			<xmin>919</xmin>
			<ymin>1541</ymin>
			<xmax>1348</xmax>
			<ymax>1814</ymax>
		</bndbox>
	</object>
	<object>
		<name>ref_fork</name>
		<bndbox>
			<xmin>1029</xmin>
			<ymin>1282</ymin>
			<xmax>1479</xmax>
			<ymax>1505</ymax>
		</bndbox>
	</object>
	<object>
		<name>ref_coin</name>
		<bndbox>
			<xmin>344</xmin>
			<ymin>1651</ymin>
			<xmax>571</xmax>
			<ymax>1853</ymax>
		</bndbox>
	</object>
	<object>
		<name>dish</name>
		<bndbox>
			<xmin>1107</xmin>
			<ymin>182</ymin>
			<xmax>2440</xmax>
			<ymax>1222</ymax>
		</bndbox>
	</object>
	<object>
		<name>새우튀김</name>
		<bndbox>
			<xmin>1497</xmin>
			<ymin>427</ymin>
			<xmax>1990</xmax>
			<ymax>714</ymax>
		</bndbox>
	</object>
</annotation>