<annotation>
	<folder>side기타튀김접시새우튀김q1</folder>
	<filename>side_기타튀김_접시_새우튀김_Q1_00034.JPG</filename>
	<path>/side기타튀김접시새우튀김q1/side_기타튀김_접시_새우튀김_Q1_00034.JPG</path>
	<source>
		<database>fooddata</database>
	</source>
	<size>
		<width>3008</width>
		<height>2000</height>
		<depth>3</depth>
	</size>
	<object>
		<name>ref_spoon</name>
		<bndbox>
			<xmin>390</xmin>
			<ymin>722</ymin>
			<xmax>638</xmax>
			<ymax>1023</ymax>
		</bndbox>
	</object>
	<object>
		<name>ref_fork</name>
		<bndbox>
			<xmin>748</xmin>
			<ymin>700</ymin>
			<xmax>922</xmax>
			<ymax>1059</ymax>
		</bndbox>
	</object>
	<object>
		<name>ref_coin</name>
		<bndbox>
			<xmin>1614</xmin>
			<ymin>1580</ymin>
			<xmax>1806</xmax>
			<ymax>1736</ymax>
		</bndbox>
	</object>
	<object>
		<name>dish</name>
		<bndbox>
			<xmin>1103</xmin>
			<ymin>548</ymin>
			<xmax>2281</xmax>
			<ymax>1381</ymax>
		</bndbox>
	</object>
	<object>
		<name>새우튀김</name>
		<bndbox>
			<xmin>1504</xmin>
			<ymin>828</ymin>
			<xmax>1972</xmax>
			<ymax>1034</ymax>
		</bndbox>
	</object>
</annotation>