<annotation>
	<folder>side기타튀김접시새우튀김q1</folder>
	<filename>side_기타튀김_접시_새우튀김_Q1_00028.JPG</filename>
	<path>/side기타튀김접시새우튀김q1/side_기타튀김_접시_새우튀김_Q1_00028.JPG</path>
	<source>
		<database>fooddata</database>
	</source>
	<size>
		<width>3008</width>
		<height>2000</height>
		<depth>3</depth>
	</size>
	<object>
		<name>ref_spoon</name>
		<bndbox>
			<xmin>1039</xmin>
			<ymin>1452</ymin>
			<xmax>1465</xmax>
			<ymax>1736</ymax>
		</bndbox>
	</object>
	<object>
		<name>ref_fork</name>
		<bndbox>
			<xmin>1149</xmin>
			<ymin>1193</ymin>
			<xmax>1603</xmax>
			<ymax>1413</ymax>
		</bndbox>
	</object>
	<object>
		<name>ref_coin</name>
		<bndbox>
			<xmin>812</xmin>
			<ymin>814</ymin>
			<xmax>1022</xmax>
			<ymax>988</ymax>
		</bndbox>
	</object>
	<object>
		<name>dish</name>
		<bndbox>
			<xmin>1224</xmin>
			<ymin>101</ymin>
			<xmax>2568</xmax>
			<ymax>1165</ymax>
		</bndbox>
	</object>
	<object>
		<name>새우튀김</name>
		<bndbox>
			<xmin>1476</xmin>
			<ymin>477</ymin>
			<xmax>2015</xmax>
			<ymax>824</ymax>
		</bndbox>
	</object>
</annotation>