<annotation>
	<folder>side기타튀김접시새우튀김q1</folder>
	<filename>side_기타튀김_접시_새우튀김_Q1_00048.JPG</filename>
	<path>/side기타튀김접시새우튀김q1/side_기타튀김_접시_새우튀김_Q1_00048.JPG</path>
	<source>
		<database>fooddata</database>
	</source>
	<size>
		<width>3008</width>
		<height>2000</height>
		<depth>3</depth>
	</size>
	<object>
		<name>ref_spoon</name>
		<bndbox>
			<xmin>436</xmin>
			<ymin>459</ymin>
			<xmax>713</xmax>
			<ymax>803</ymax>
		</bndbox>
	</object>
	<object>
		<name>ref_fork</name>
		<bndbox>
			<xmin>837</xmin>
			<ymin>445</ymin>
			<xmax>1032</xmax>
			<ymax>832</ymax>
		</bndbox>
	</object>
	<object>
		<name>ref_coin</name>
		<bndbox>
			<xmin>2384</xmin>
			<ymin>1456</ymin>
			<xmax>2600</xmax>
			<ymax>1626</ymax>
		</bndbox>
	</object>
	<object>
		<name>dish</name>
		<bndbox>
			<xmin>1231</xmin>
			<ymin>395</ymin>
			<xmax>2607</xmax>
			<ymax>1378</ymax>
		</bndbox>
	</object>
	<object>
		<name>새우튀김</name>
		<bndbox>
			<xmin>1649</xmin>
			<ymin>551</ymin>
			<xmax>2079</xmax>
			<ymax>991</ymax>
		</bndbox>
	</object>
</annotation>