<annotation>
	<folder>top기타튀김접시새우튀김q1</folder>
	<filename>top_기타튀김_접시_새우튀김_Q1_00023.JPG</filename>
	<path>/top기타튀김접시새우튀김q1/top_기타튀김_접시_새우튀김_Q1_00023.JPG</path>
	<source>
		<database>fooddata</database>
	</source>
	<size>
		<width>3008</width>
		<height>2000</height>
		<depth>3</depth>
	</size>
	<object>
		<name>ref_spoon</name>
		<bndbox>
			<xmin>993</xmin>
			<ymin>1770</ymin>
			<xmax>1343</xmax>
			<ymax>1996</ymax>
		</bndbox>
	</object>
	<object>
		<name>ref_fork</name>
		<bndbox>
			<xmin>1011</xmin>
			<ymin>1566</ymin>
			<xmax>1380</xmax>
			<ymax>1723</ymax>
		</bndbox>
	</object>
	<object>
		<name>ref_coin</name>
		<bndbox>
			<xmin>1898</xmin>
			<ymin>328</ymin>
			<xmax>2052</xmax>
			<ymax>485</ymax>
		</bndbox>
	</object>
	<object>
		<name>dish</name>
		<bndbox>
			<xmin>1015</xmin>
			<ymin>401</ymin>
			<xmax>2095</xmax>
			<ymax>1460</ymax>
		</bndbox>
	</object>
	<object>
		<name>새우튀김</name>
		<bndbox>
			<xmin>1267</xmin>
			<ymin>792</ymin>
			<xmax>1650</xmax>
			<ymax>1120</ymax>
		</bndbox>
	</object>
</annotation>