<annotation>
	<folder>top기타튀김접시새우튀김q1</folder>
	<filename>top_기타튀김_접시_새우튀김_Q1_00030.JPG</filename>
	<path>/top기타튀김접시새우튀김q1/top_기타튀김_접시_새우튀김_Q1_00030.JPG</path>
	<source>
		<database>fooddata</database>
	</source>
	<size>
		<width>3008</width>
		<height>2000</height>
		<depth>3</depth>
	</size>
	<object>
		<name>ref_spoon</name>
		<bndbox>
			<xmin>1128</xmin>
			<ymin>1602</ymin>
			<xmax>1457</xmax>
			<ymax>1832</ymax>
		</bndbox>
	</object>
	<object>
		<name>ref_fork</name>
		<bndbox>
			<xmin>1143</xmin>
			<ymin>1412</ymin>
			<xmax>1504</xmax>
			<ymax>1562</ymax>
		</bndbox>
	</object>
	<object>
		<name>ref_coin</name>
		<bndbox>
			<xmin>960</xmin>
			<ymin>1080</ymin>
			<xmax>1128</xmax>
			<ymax>1237</ymax>
		</bndbox>
	</object>
	<object>
		<name>dish</name>
		<bndbox>
			<xmin>1197</xmin>
			<ymin>237</ymin>
			<xmax>2249</xmax>
			<ymax>1285</ymax>
		</bndbox>
	</object>
	<object>
		<name>새우튀김</name>
		<bndbox>
			<xmin>1672</xmin>
			<ymin>664</ymin>
			<xmax>1953</xmax>
			<ymax>1040</ymax>
		</bndbox>
	</object>
</annotation>