<annotation>
	<folder>top기타튀김접시새우튀김q1</folder>
	<filename>top_기타튀김_접시_새우튀김_Q1_00005.JPG</filename>
	<path>/top기타튀김접시새우튀김q1/top_기타튀김_접시_새우튀김_Q1_00005.JPG</path>
	<source>
		<database>fooddata</database>
	</source>
	<size>
		<width>3008</width>
		<height>2000</height>
		<depth>3</depth>
	</size>
	<object>
		<name>ref_spoon</name>
		<bndbox>
			<xmin>2121</xmin>
			<ymin>230</ymin>
			<xmax>2354</xmax>
			<ymax>617</ymax>
		</bndbox>
	</object>
	<object>
		<name>ref_fork</name>
		<bndbox>
			<xmin>2460</xmin>
			<ymin>383</ymin>
			<xmax>2657</xmax>
			<ymax>799</ymax>
		</bndbox>
	</object>
	<object>
		<name>ref_coin</name>
		<bndbox>
			<xmin>537</xmin>
			<ymin>1259</ymin>
			<xmax>719</xmax>
			<ymax>1427</ymax>
		</bndbox>
	</object>
	<object>
		<name>dish</name>
		<bndbox>
			<xmin>814</xmin>
			<ymin>431</ymin>
			<xmax>2048</xmax>
			<ymax>1639</ymax>
		</bndbox>
	</object>
	<object>
		<name>새우튀김</name>
		<bndbox>
			<xmin>1227</xmin>
			<ymin>803</ymin>
			<xmax>1606</xmax>
			<ymax>1266</ymax>
		</bndbox>
	</object>
</annotation>