<annotation>
	<folder>top기타튀김접시새우튀김q1</folder>
	<filename>top_기타튀김_접시_새우튀김_Q1_00055.JPG</filename>
	<path>/top기타튀김접시새우튀김q1/top_기타튀김_접시_새우튀김_Q1_00055.JPG</path>
	<source>
		<database>fooddata</database>
	</source>
	<size>
		<width>3008</width>
		<height>2000</height>
		<depth>3</depth>
	</size>
	<object>
		<name>ref_spoon</name>
		<bndbox>
			<xmin>522</xmin>
			<ymin>569</ymin>
			<xmax>785</xmax>
			<ymax>1004</ymax>
		</bndbox>
	</object>
	<object>
		<name>ref_fork</name>
		<bndbox>
			<xmin>938</xmin>
			<ymin>558</ymin>
			<xmax>1117</xmax>
			<ymax>993</ymax>
		</bndbox>
	</object>
	<object>
		<name>ref_coin</name>
		<bndbox>
			<xmin>2398</xmin>
			<ymin>394</ymin>
			<xmax>2581</xmax>
			<ymax>569</ymax>
		</bndbox>
	</object>
	<object>
		<name>dish</name>
		<bndbox>
			<xmin>1278</xmin>
			<ymin>380</ymin>
			<xmax>2508</xmax>
			<ymax>1606</ymax>
		</bndbox>
	</object>
	<object>
		<name>새우튀김</name>
		<bndbox>
			<xmin>1697</xmin>
			<ymin>942</ymin>
			<xmax>2183</xmax>
			<ymax>1153</ymax>
		</bndbox>
	</object>
</annotation>