<annotation>
	<folder>top기타튀김접시새우튀김q1</folder>
	<filename>top_기타튀김_접시_새우튀김_Q1_00018.JPG</filename>
	<path>/top기타튀김접시새우튀김q1/top_기타튀김_접시_새우튀김_Q1_00018.JPG</path>
	<source>
		<database>fooddata</database>
	</source>
	<size>
		<width>3008</width>
		<height>2000</height>
		<depth>3</depth>
	</size>
	<object>
		<name>ref_spoon</name>
		<bndbox>
			<xmin>989</xmin>
			<ymin>1631</ymin>
			<xmax>1333</xmax>
			<ymax>1869</ymax>
		</bndbox>
	</object>
	<object>
		<name>ref_fork</name>
		<bndbox>
			<xmin>1033</xmin>
			<ymin>1449</ymin>
			<xmax>1373</xmax>
			<ymax>1595</ymax>
		</bndbox>
	</object>
	<object>
		<name>ref_coin</name>
		<bndbox>
			<xmin>2135</xmin>
			<ymin>989</ymin>
			<xmax>2292</xmax>
			<ymax>1150</ymax>
		</bndbox>
	</object>
	<object>
		<name>dish</name>
		<bndbox>
			<xmin>997</xmin>
			<ymin>299</ymin>
			<xmax>2070</xmax>
			<ymax>1369</ymax>
		</bndbox>
	</object>
	<object>
		<name>새우튀김</name>
		<bndbox>
			<xmin>1504</xmin>
			<ymin>675</ymin>
			<xmax>1694</xmax>
			<ymax>1124</ymax>
		</bndbox>
	</object>
</annotation>