<annotation>
	<folder>side밥류원형배달쌀밥q1</folder>
	<filename>side_밥류_원형배달_쌀밥_Q1_00029.JPG</filename>
	<path>/side밥류원형배달쌀밥q1/side_밥류_원형배달_쌀밥_Q1_00029.JPG</path>
	<source>
		<database>fooddata</database>
	</source>
	<size>
		<width>3008</width>
		<height>2000</height>
		<depth>3</depth>
	</size>
	<object>
		<name>ref_spoon</name>
		<bndbox>
			<xmin>400</xmin>
			<ymin>1176</ymin>
			<xmax>947</xmax>
			<ymax>1480</ymax>
		</bndbox>
	</object>
	<object>
		<name>ref_fork</name>
		<bndbox>
			<xmin>524</xmin>
			<ymin>948</ymin>
			<xmax>1113</xmax>
			<ymax>1223</ymax>
		</bndbox>
	</object>
	<object>
		<name>ref_coin</name>
		<bndbox>
			<xmin>400</xmin>
			<ymin>235</ymin>
			<xmax>632</xmax>
			<ymax>391</ymax>
		</bndbox>
	</object>
	<object>
		<name>dish</name>
		<bndbox>
			<xmin>1063</xmin>
			<ymin>16</ymin>
			<xmax>2009</xmax>
			<ymax>983</ymax>
		</bndbox>
	</object>
	<object>
		<name>쌀밥</name>
		<bndbox>
			<xmin>1256</xmin>
			<ymin>309</ymin>
			<xmax>1763</xmax>
			<ymax>594</ymax>
		</bndbox>
	</object>
</annotation>