<annotation>
	<folder>쌀밥재작업</folder>
	<filename>side_밥류_원형배달_쌀밥_Q1_00006.JPG</filename>
	<path>/side밥류원형배달쌀밥q1/side_밥류_원형배달_쌀밥_Q1_00006.JPG</path>
	<source>
		<database>fooddata</database>
	</source>
	<size>
		<width>3008</width>
		<height>2000</height>
		<depth>3</depth>
	</size>
	<object>
		<name>ref_spoon</name>
		<bndbox>
			<xmin>1804</xmin>
			<ymin>560</ymin>
			<xmax>2131</xmax>
			<ymax>993</ymax>
		</bndbox>
	</object>
	<object>
		<name>ref_fork</name>
		<bndbox>
			<xmin>2246</xmin>
			<ymin>609</ymin>
			<xmax>2487</xmax>
			<ymax>1103</ymax>
		</bndbox>
	</object>
	<object>
		<name>ref_coin</name>
		<bndbox>
			<xmin>128</xmin>
			<ymin>1403</ymin>
			<xmax>398</xmax>
			<ymax>1609</ymax>
		</bndbox>
	</object>
	<object>
		<name>dish</name>
		<bndbox>
			<xmin>696</xmin>
			<ymin>472</ymin>
			<xmax>1651</xmax>
			<ymax>1447</ymax>
		</bndbox>
	</object>
	<object>
		<name>쌀밥</name>
		<bndbox>
			<xmin>811</xmin>
			<ymin>5</ymin>
			<xmax>1968</xmax>
			<ymax>848</ymax>
		</bndbox>
	</object>
</annotation>