<annotation>
	<folder>side밥류원형배달쌀밥q1</folder>
	<filename>side_밥류_원형배달_쌀밥_Q1_00026.JPG</filename>
	<path>/side밥류원형배달쌀밥q1/side_밥류_원형배달_쌀밥_Q1_00026.JPG</path>
	<source>
		<database>fooddata</database>
	</source>
	<size>
		<width>3008</width>
		<height>2000</height>
		<depth>3</depth>
	</size>
	<object>
		<name>ref_spoon</name>
		<bndbox>
			<xmin>371</xmin>
			<ymin>1456</ymin>
			<xmax>883</xmax>
			<ymax>1754</ymax>
		</bndbox>
	</object>
	<object>
		<name>ref_fork</name>
		<bndbox>
			<xmin>492</xmin>
			<ymin>1234</ymin>
			<xmax>1026</xmax>
			<ymax>1517</ymax>
		</bndbox>
	</object>
	<object>
		<name>ref_coin</name>
		<bndbox>
			<xmin>878</xmin>
			<ymin>90</ymin>
			<xmax>1073</xmax>
			<ymax>222</ymax>
		</bndbox>
	</object>
	<object>
		<name>dish</name>
		<bndbox>
			<xmin>1071</xmin>
			<ymin>383</ymin>
			<xmax>1966</xmax>
			<ymax>1279</ymax>
		</bndbox>
	</object>
	<object>
		<name>쌀밥</name>
		<bndbox>
			<xmin>1240</xmin>
			<ymin>697</ymin>
			<xmax>1678</xmax>
			<ymax>917</ymax>
		</bndbox>
	</object>
</annotation>