<annotation>
	<folder>side밥류원형배달쌀밥q1</folder>
	<filename>side_밥류_원형배달_쌀밥_Q1_00023.JPG</filename>
	<path>/side밥류원형배달쌀밥q1/side_밥류_원형배달_쌀밥_Q1_00023.JPG</path>
	<source>
		<database>fooddata</database>
	</source>
	<size>
		<width>3008</width>
		<height>2000</height>
		<depth>3</depth>
	</size>
	<object>
		<name>ref_spoon</name>
		<bndbox>
			<xmin>519</xmin>
			<ymin>1480</ymin>
			<xmax>1058</xmax>
			<ymax>1802</ymax>
		</bndbox>
	</object>
	<object>
		<name>ref_fork</name>
		<bndbox>
			<xmin>656</xmin>
			<ymin>1255</ymin>
			<xmax>1256</xmax>
			<ymax>1554</ymax>
		</bndbox>
	</object>
	<object>
		<name>ref_coin</name>
		<bndbox>
			<xmin>1853</xmin>
			<ymin>61</ymin>
			<xmax>2056</xmax>
			<ymax>198</ymax>
		</bndbox>
	</object>
	<object>
		<name>dish</name>
		<bndbox>
			<xmin>1237</xmin>
			<ymin>325</ymin>
			<xmax>2194</xmax>
			<ymax>1300</ymax>
		</bndbox>
	</object>
	<object>
		<name>쌀밥</name>
		<bndbox>
			<xmin>1398</xmin>
			<ymin>637</ymin>
			<xmax>1863</xmax>
			<ymax>909</ymax>
		</bndbox>
	</object>
</annotation>