<annotation>
	<folder>side밥류원형배달쌀밥q1</folder>
	<filename>side_밥류_원형배달_쌀밥_Q1_00008.JPG</filename>
	<path>/side밥류원형배달쌀밥q1/side_밥류_원형배달_쌀밥_Q1_00008.JPG</path>
	<source>
		<database>fooddata</database>
	</source>
	<size>
		<width>3008</width>
		<height>2000</height>
		<depth>3</depth>
	</size>
	<object>
		<name>ref_spoon</name>
		<bndbox>
			<xmin>2059</xmin>
			<ymin>642</ymin>
			<xmax>2371</xmax>
			<ymax>1028</ymax>
		</bndbox>
	</object>
	<object>
		<name>ref_fork</name>
		<bndbox>
			<xmin>2513</xmin>
			<ymin>690</ymin>
			<xmax>2730</xmax>
			<ymax>1141</ymax>
		</bndbox>
	</object>
	<object>
		<name>ref_coin</name>
		<bndbox>
			<xmin>133</xmin>
			<ymin>1281</ymin>
			<xmax>376</xmax>
			<ymax>1456</ymax>
		</bndbox>
	</object>
	<object>
		<name>dish</name>
		<bndbox>
			<xmin>968</xmin>
			<ymin>481</ymin>
			<xmax>1916</xmax>
			<ymax>1429</ymax>
		</bndbox>
	</object>
	<object>
		<name>쌀밥</name>
		<bndbox>
			<xmin>1116</xmin>
			<ymin>734</ymin>
			<xmax>1692</xmax>
			<ymax>1052</ymax>
		</bndbox>
	</object>
</annotation>