<annotation>
	<folder>side밥류원형배달쌀밥q1</folder>
	<filename>side_밥류_원형배달_쌀밥_Q1_00012.JPG</filename>
	<path>/side밥류원형배달쌀밥q1/side_밥류_원형배달_쌀밥_Q1_00012.JPG</path>
	<source>
		<database>fooddata</database>
	</source>
	<size>
		<width>3008</width>
		<height>2000</height>
		<depth>3</depth>
	</size>
	<object>
		<name>ref_spoon</name>
		<bndbox>
			<xmin>1961</xmin>
			<ymin>650</ymin>
			<xmax>2270</xmax>
			<ymax>1044</ymax>
		</bndbox>
	</object>
	<object>
		<name>ref_fork</name>
		<bndbox>
			<xmin>2402</xmin>
			<ymin>724</ymin>
			<xmax>2614</xmax>
			<ymax>1181</ymax>
		</bndbox>
	</object>
	<object>
		<name>ref_coin</name>
		<bndbox>
			<xmin>624</xmin>
			<ymin>446</ymin>
			<xmax>830</xmax>
			<ymax>589</ymax>
		</bndbox>
	</object>
	<object>
		<name>dish</name>
		<bndbox>
			<xmin>791</xmin>
			<ymin>592</ymin>
			<xmax>1766</xmax>
			<ymax>1577</ymax>
		</bndbox>
	</object>
	<object>
		<name>쌀밥</name>
		<bndbox>
			<xmin>933</xmin>
			<ymin>845</ymin>
			<xmax>1552</xmax>
			<ymax>1199</ymax>
		</bndbox>
	</object>
</annotation>