<annotation>
	<folder>side밥류원형배달쌀밥q1</folder>
	<filename>side_밥류_원형배달_쌀밥_Q1_00041.JPG</filename>
	<path>/side밥류원형배달쌀밥q1/side_밥류_원형배달_쌀밥_Q1_00041.JPG</path>
	<source>
		<database>fooddata</database>
	</source>
	<size>
		<width>3008</width>
		<height>2000</height>
		<depth>3</depth>
	</size>
	<object>
		<name>ref_spoon</name>
		<bndbox>
			<xmin>434</xmin>
			<ymin>246</ymin>
			<xmax>746</xmax>
			<ymax>653</ymax>
		</bndbox>
	</object>
	<object>
		<name>ref_fork</name>
		<bndbox>
			<xmin>878</xmin>
			<ymin>277</ymin>
			<xmax>1100</xmax>
			<ymax>716</ymax>
		</bndbox>
	</object>
	<object>
		<name>ref_coin</name>
		<bndbox>
			<xmin>2392</xmin>
			<ymin>1157</ymin>
			<xmax>2629</xmax>
			<ymax>1345</ymax>
		</bndbox>
	</object>
	<object>
		<name>dish</name>
		<bndbox>
			<xmin>1258</xmin>
			<ymin>227</ymin>
			<xmax>2212</xmax>
			<ymax>1199</ymax>
		</bndbox>
	</object>
	<object>
		<name>쌀밥</name>
		<bndbox>
			<xmin>1483</xmin>
			<ymin>552</ymin>
			<xmax>1961</xmax>
			<ymax>827</ymax>
		</bndbox>
	</object>
</annotation>