<annotation>
	<folder>side밥류원형배달쌀밥q1</folder>
	<filename>side_밥류_원형배달_쌀밥_Q1_00042.JPG</filename>
	<path>/side밥류원형배달쌀밥q1/side_밥류_원형배달_쌀밥_Q1_00042.JPG</path>
	<source>
		<database>fooddata</database>
	</source>
	<size>
		<width>3008</width>
		<height>2000</height>
		<depth>3</depth>
	</size>
	<object>
		<name>ref_spoon</name>
		<bndbox>
			<xmin>460</xmin>
			<ymin>256</ymin>
			<xmax>775</xmax>
			<ymax>666</ymax>
		</bndbox>
	</object>
	<object>
		<name>ref_fork</name>
		<bndbox>
			<xmin>912</xmin>
			<ymin>277</ymin>
			<xmax>1118</xmax>
			<ymax>737</ymax>
		</bndbox>
	</object>
	<object>
		<name>ref_coin</name>
		<bndbox>
			<xmin>2571</xmin>
			<ymin>864</ymin>
			<xmax>2804</xmax>
			<ymax>1038</ymax>
		</bndbox>
	</object>
	<object>
		<name>dish</name>
		<bndbox>
			<xmin>1240</xmin>
			<ymin>328</ymin>
			<xmax>2191</xmax>
			<ymax>1318</ymax>
		</bndbox>
	</object>
	<object>
		<name>쌀밥</name>
		<bndbox>
			<xmin>1443</xmin>
			<ymin>539</ymin>
			<xmax>2009</xmax>
			<ymax>946</ymax>
		</bndbox>
	</object>
</annotation>