<annotation>
	<folder>side밥류원형배달쌀밥q1</folder>
	<filename>side_밥류_원형배달_쌀밥_Q1_00037.JPG</filename>
	<path>/side밥류원형배달쌀밥q1/side_밥류_원형배달_쌀밥_Q1_00037.JPG</path>
	<source>
		<database>fooddata</database>
	</source>
	<size>
		<width>3008</width>
		<height>2000</height>
		<depth>3</depth>
	</size>
	<object>
		<name>ref_spoon</name>
		<bndbox>
			<xmin>585</xmin>
			<ymin>425</ymin>
			<xmax>896</xmax>
			<ymax>819</ymax>
		</bndbox>
	</object>
	<object>
		<name>ref_fork</name>
		<bndbox>
			<xmin>1023</xmin>
			<ymin>452</ymin>
			<xmax>1232</xmax>
			<ymax>890</ymax>
		</bndbox>
	</object>
	<object>
		<name>ref_coin</name>
		<bndbox>
			<xmin>1308</xmin>
			<ymin>1509</ymin>
			<xmax>1559</xmax>
			<ymax>1699</ymax>
		</bndbox>
	</object>
	<object>
		<name>dish</name>
		<bndbox>
			<xmin>1435</xmin>
			<ymin>399</ymin>
			<xmax>2381</xmax>
			<ymax>1361</ymax>
		</bndbox>
	</object>
	<object>
		<name>쌀밥</name>
		<bndbox>
			<xmin>1610</xmin>
			<ymin>700</ymin>
			<xmax>2223</xmax>
			<ymax>988</ymax>
		</bndbox>
	</object>
</annotation>