<annotation>
	<folder>top밥류원형배달쌀밥q1</folder>
	<filename>top_밥류_원형배달_쌀밥_Q1_00027.JPG</filename>
	<path>/top밥류원형배달쌀밥q1/top_밥류_원형배달_쌀밥_Q1_00027.JPG</path>
	<source>
		<database>fooddata</database>
	</source>
	<size>
		<width>3008</width>
		<height>2000</height>
		<depth>3</depth>
	</size>
	<object>
		<name>ref_spoon</name>
		<bndbox>
			<xmin>623</xmin>
			<ymin>1588</ymin>
			<xmax>1061</xmax>
			<ymax>1877</ymax>
		</bndbox>
	</object>
	<object>
		<name>ref_fork</name>
		<bndbox>
			<xmin>717</xmin>
			<ymin>1289</ymin>
			<xmax>1160</xmax>
			<ymax>1478</ymax>
		</bndbox>
	</object>
	<object>
		<name>ref_coin</name>
		<bndbox>
			<xmin>1121</xmin>
			<ymin>109</ymin>
			<xmax>1310</xmax>
			<ymax>298</ymax>
		</bndbox>
	</object>
	<object>
		<name>dish</name>
		<bndbox>
			<xmin>1175</xmin>
			<ymin>308</ymin>
			<xmax>1982</xmax>
			<ymax>1100</ymax>
		</bndbox>
	</object>
	<object>
		<name>쌀밥</name>
		<bndbox>
			<xmin>1315</xmin>
			<ymin>512</ymin>
			<xmax>1823</xmax>
			<ymax>1033</ymax>
		</bndbox>
	</object>
</annotation>