<annotation>
	<folder>top밥류원형배달쌀밥q1</folder>
	<filename>top_밥류_원형배달_쌀밥_Q1_00052.JPG</filename>
	<path>/top밥류원형배달쌀밥q1/top_밥류_원형배달_쌀밥_Q1_00052.JPG</path>
	<source>
		<database>fooddata</database>
	</source>
	<size>
		<width>3008</width>
		<height>2000</height>
		<depth>3</depth>
	</size>
	<object>
		<name>ref_spoon</name>
		<bndbox>
			<xmin>319</xmin>
			<ymin>223</ymin>
			<xmax>677</xmax>
			<ymax>721</ymax>
		</bndbox>
	</object>
	<object>
		<name>ref_fork</name>
		<bndbox>
			<xmin>842</xmin>
			<ymin>268</ymin>
			<xmax>1061</xmax>
			<ymax>806</ymax>
		</bndbox>
	</object>
	<object>
		<name>ref_coin</name>
		<bndbox>
			<xmin>1589</xmin>
			<ymin>178</ymin>
			<xmax>1813</xmax>
			<ymax>417</ymax>
		</bndbox>
	</object>
	<object>
		<name>dish</name>
		<bndbox>
			<xmin>1145</xmin>
			<ymin>696</ymin>
			<xmax>2196</xmax>
			<ymax>1742</ymax>
		</bndbox>
	</object>
	<object>
		<name>쌀밥</name>
		<bndbox>
			<xmin>1315</xmin>
			<ymin>846</ymin>
			<xmax>1972</xmax>
			<ymax>1453</ymax>
		</bndbox>
	</object>
</annotation>