<annotation>
	<folder>top밥류원형배달쌀밥q1</folder>
	<filename>top_밥류_원형배달_쌀밥_Q1_00002.JPG</filename>
	<path>/top밥류원형배달쌀밥q1/top_밥류_원형배달_쌀밥_Q1_00002.JPG</path>
	<source>
		<database>fooddata</database>
	</source>
	<size>
		<width>3008</width>
		<height>2000</height>
		<depth>3</depth>
	</size>
	<object>
		<name>ref_spoon</name>
		<bndbox>
			<xmin>1803</xmin>
			<ymin>99</ymin>
			<xmax>2122</xmax>
			<ymax>587</ymax>
		</bndbox>
	</object>
	<object>
		<name>ref_fork</name>
		<bndbox>
			<xmin>2206</xmin>
			<ymin>213</ymin>
			<xmax>2455</xmax>
			<ymax>721</ymax>
		</bndbox>
	</object>
	<object>
		<name>ref_coin</name>
		<bndbox>
			<xmin>1022</xmin>
			<ymin>1463</ymin>
			<xmax>1255</xmax>
			<ymax>1702</ymax>
		</bndbox>
	</object>
	<object>
		<name>dish</name>
		<bndbox>
			<xmin>573</xmin>
			<ymin>373</ymin>
			<xmax>1564</xmax>
			<ymax>1364</ymax>
		</bndbox>
	</object>
	<object>
		<name>쌀밥</name>
		<bndbox>
			<xmin>797</xmin>
			<ymin>537</ymin>
			<xmax>1439</xmax>
			<ymax>1219</ymax>
		</bndbox>
	</object>
</annotation>