<annotation>
	<folder>top밥류원형배달쌀밥q1</folder>
	<filename>top_밥류_원형배달_쌀밥_Q1_00008.JPG</filename>
	<path>/top밥류원형배달쌀밥q1/top_밥류_원형배달_쌀밥_Q1_00008.JPG</path>
	<source>
		<database>fooddata</database>
	</source>
	<size>
		<width>3008</width>
		<height>2000</height>
		<depth>3</depth>
	</size>
	<object>
		<name>ref_spoon</name>
		<bndbox>
			<xmin>1897</xmin>
			<ymin>193</ymin>
			<xmax>2236</xmax>
			<ymax>706</ymax>
		</bndbox>
	</object>
	<object>
		<name>ref_fork</name>
		<bndbox>
			<xmin>2316</xmin>
			<ymin>333</ymin>
			<xmax>2590</xmax>
			<ymax>875</ymax>
		</bndbox>
	</object>
	<object>
		<name>ref_coin</name>
		<bndbox>
			<xmin>473</xmin>
			<ymin>198</ymin>
			<xmax>717</xmax>
			<ymax>437</ymax>
		</bndbox>
	</object>
	<object>
		<name>dish</name>
		<bndbox>
			<xmin>618</xmin>
			<ymin>676</ymin>
			<xmax>1702</xmax>
			<ymax>1742</ymax>
		</bndbox>
	</object>
	<object>
		<name>쌀밥</name>
		<bndbox>
			<xmin>797</xmin>
			<ymin>866</ymin>
			<xmax>1544</xmax>
			<ymax>1497</ymax>
		</bndbox>
	</object>
</annotation>