<annotation>
	<folder>top밥류원형배달쌀밥q1</folder>
	<filename>top_밥류_원형배달_쌀밥_Q1_00044.JPG</filename>
	<path>/top밥류원형배달쌀밥q1/top_밥류_원형배달_쌀밥_Q1_00044.JPG</path>
	<source>
		<database>fooddata</database>
	</source>
	<size>
		<width>3008</width>
		<height>2000</height>
		<depth>3</depth>
	</size>
	<object>
		<name>ref_spoon</name>
		<bndbox>
			<xmin>571</xmin>
			<ymin>208</ymin>
			<xmax>901</xmax>
			<ymax>696</ymax>
		</bndbox>
	</object>
	<object>
		<name>ref_fork</name>
		<bndbox>
			<xmin>1056</xmin>
			<ymin>288</ymin>
			<xmax>1275</xmax>
			<ymax>806</ymax>
		</bndbox>
	</object>
	<object>
		<name>ref_coin</name>
		<bndbox>
			<xmin>1609</xmin>
			<ymin>119</ymin>
			<xmax>1833</xmax>
			<ymax>353</ymax>
		</bndbox>
	</object>
	<object>
		<name>dish</name>
		<bndbox>
			<xmin>1350</xmin>
			<ymin>731</ymin>
			<xmax>2366</xmax>
			<ymax>1757</ymax>
		</bndbox>
	</object>
	<object>
		<name>쌀밥</name>
		<bndbox>
			<xmin>1444</xmin>
			<ymin>871</ymin>
			<xmax>2087</xmax>
			<ymax>1528</ymax>
		</bndbox>
	</object>
</annotation>