<annotation>
	<folder>top밥류원형배달쌀밥q1</folder>
	<filename>top_밥류_원형배달_쌀밥_Q1_00026.JPG</filename>
	<path>/top밥류원형배달쌀밥q1/top_밥류_원형배달_쌀밥_Q1_00026.JPG</path>
	<source>
		<database>fooddata</database>
	</source>
	<size>
		<width>3008</width>
		<height>2000</height>
		<depth>3</depth>
	</size>
	<object>
		<name>ref_spoon</name>
		<bndbox>
			<xmin>652</xmin>
			<ymin>1578</ymin>
			<xmax>1061</xmax>
			<ymax>1849</ymax>
		</bndbox>
	</object>
	<object>
		<name>ref_fork</name>
		<bndbox>
			<xmin>752</xmin>
			<ymin>1274</ymin>
			<xmax>1177</xmax>
			<ymax>1458</ymax>
		</bndbox>
	</object>
	<object>
		<name>ref_coin</name>
		<bndbox>
			<xmin>1149</xmin>
			<ymin>109</ymin>
			<xmax>1335</xmax>
			<ymax>286</ymax>
		</bndbox>
	</object>
	<object>
		<name>dish</name>
		<bndbox>
			<xmin>1153</xmin>
			<ymin>312</ymin>
			<xmax>1972</xmax>
			<ymax>1100</ymax>
		</bndbox>
	</object>
	<object>
		<name>쌀밥</name>
		<bndbox>
			<xmin>1280</xmin>
			<ymin>512</ymin>
			<xmax>1818</xmax>
			<ymax>995</ymax>
		</bndbox>
	</object>
</annotation>