<annotation>
	<folder>top밥류원형배달쌀밥q1</folder>
	<filename>top_밥류_원형배달_쌀밥_Q1_00039.JPG</filename>
	<path>/top밥류원형배달쌀밥q1/top_밥류_원형배달_쌀밥_Q1_00039.JPG</path>
	<source>
		<database>fooddata</database>
	</source>
	<size>
		<width>3008</width>
		<height>2000</height>
		<depth>3</depth>
	</size>
	<object>
		<name>ref_spoon</name>
		<bndbox>
			<xmin>402</xmin>
			<ymin>128</ymin>
			<xmax>752</xmax>
			<ymax>661</ymax>
		</bndbox>
	</object>
	<object>
		<name>ref_fork</name>
		<bndbox>
			<xmin>926</xmin>
			<ymin>208</ymin>
			<xmax>1150</xmax>
			<ymax>751</ymax>
		</bndbox>
	</object>
	<object>
		<name>ref_coin</name>
		<bndbox>
			<xmin>2475</xmin>
			<ymin>721</ymin>
			<xmax>2714</xmax>
			<ymax>970</ymax>
		</bndbox>
	</object>
	<object>
		<name>dish</name>
		<bndbox>
			<xmin>1190</xmin>
			<ymin>487</ymin>
			<xmax>2271</xmax>
			<ymax>1578</ymax>
		</bndbox>
	</object>
	<object>
		<name>쌀밥</name>
		<bndbox>
			<xmin>1345</xmin>
			<ymin>666</ymin>
			<xmax>2062</xmax>
			<ymax>1403</ymax>
		</bndbox>
	</object>
</annotation>