<annotation>
	<folder>side밥류밥그릇오곡밥q5</folder>
	<filename>side_밥류_밥그릇_오곡밥_Q5_00048.JPG</filename>
	<path>/side밥류밥그릇오곡밥q5/side_밥류_밥그릇_오곡밥_Q5_00048.JPG</path>
	<source>
		<database>fooddata</database>
	</source>
	<size>
		<width>5472</width>
		<height>3648</height>
		<depth>3</depth>
	</size>
	<object>
		<name>ref_spoon</name>
		<bndbox>
			<xmin>1252</xmin>
			<ymin>692</ymin>
			<xmax>1781</xmax>
			<ymax>1434</ymax>
		</bndbox>
	</object>
	<object>
		<name>ref_fork</name>
		<bndbox>
			<xmin>1858</xmin>
			<ymin>788</ymin>
			<xmax>2246</xmax>
			<ymax>1640</ymax>
		</bndbox>
	</object>
	<object>
		<name>ref_coin</name>
		<bndbox>
			<xmin>3556</xmin>
			<ymin>2673</ymin>
			<xmax>3994</xmax>
			<ymax>3015</ymax>
		</bndbox>
	</object>
	<object>
		<name>dish</name>
		<bndbox>
			<xmin>2439</xmin>
			<ymin>801</ymin>
			<xmax>4246</xmax>
			<ymax>2279</ymax>
		</bndbox>
	</object>
	<object>
		<name>오곡밥</name>
		<bndbox>
			<xmin>2530</xmin>
			<ymin>840</ymin>
			<xmax>4149</xmax>
			<ymax>2001</ymax>
		</bndbox>
	</object>
</annotation>