<annotation>
	<folder>side밥류밥그릇오곡밥q5</folder>
	<filename>side_밥류_밥그릇_오곡밥_Q5_00018.JPG</filename>
	<path>/side밥류밥그릇오곡밥q5/side_밥류_밥그릇_오곡밥_Q5_00018.JPG</path>
	<source>
		<database>fooddata</database>
	</source>
	<size>
		<width>5472</width>
		<height>3648</height>
		<depth>3</depth>
	</size>
	<object>
		<name>ref_spoon</name>
		<bndbox>
			<xmin>1058</xmin>
			<ymin>2466</ymin>
			<xmax>2013</xmax>
			<ymax>2982</ymax>
		</bndbox>
	</object>
	<object>
		<name>ref_fork</name>
		<bndbox>
			<xmin>1252</xmin>
			<ymin>2027</ymin>
			<xmax>2265</xmax>
			<ymax>2485</ymax>
		</bndbox>
	</object>
	<object>
		<name>ref_coin</name>
		<bndbox>
			<xmin>3691</xmin>
			<ymin>1530</ymin>
			<xmax>4104</xmax>
			<ymax>1814</ymax>
		</bndbox>
	</object>
	<object>
		<name>dish</name>
		<bndbox>
			<xmin>1884</xmin>
			<ymin>543</ymin>
			<xmax>3614</xmax>
			<ymax>1924</ymax>
		</bndbox>
	</object>
	<object>
		<name>오곡밥</name>
		<bndbox>
			<xmin>1936</xmin>
			<ymin>582</ymin>
			<xmax>3517</xmax>
			<ymax>1672</ymax>
		</bndbox>
	</object>
</annotation>