<annotation>
	<folder>side밥류밥그릇오곡밥q5</folder>
	<filename>side_밥류_밥그릇_오곡밥_Q5_00014.JPG</filename>
	<path>/side밥류밥그릇오곡밥q5/side_밥류_밥그릇_오곡밥_Q5_00014.JPG</path>
	<source>
		<database>fooddata</database>
	</source>
	<size>
		<width>5472</width>
		<height>3648</height>
		<depth>3</depth>
	</size>
	<object>
		<name>ref_spoon</name>
		<bndbox>
			<xmin>3775</xmin>
			<ymin>724</ymin>
			<xmax>4310</xmax>
			<ymax>1459</ymax>
		</bndbox>
	</object>
	<object>
		<name>ref_fork</name>
		<bndbox>
			<xmin>4530</xmin>
			<ymin>788</ymin>
			<xmax>4930</xmax>
			<ymax>1601</ymax>
		</bndbox>
	</object>
	<object>
		<name>ref_coin</name>
		<bndbox>
			<xmin>2168</xmin>
			<ymin>2685</ymin>
			<xmax>2626</xmax>
			<ymax>3040</ymax>
		</bndbox>
	</object>
	<object>
		<name>dish</name>
		<bndbox>
			<xmin>1755</xmin>
			<ymin>485</ymin>
			<xmax>3523</xmax>
			<ymax>1924</ymax>
		</bndbox>
	</object>
	<object>
		<name>오곡밥</name>
		<bndbox>
			<xmin>1826</xmin>
			<ymin>479</ymin>
			<xmax>3497</xmax>
			<ymax>1659</ymax>
		</bndbox>
	</object>
</annotation>