<annotation>
	<folder>side밥류밥그릇오곡밥q5</folder>
	<filename>side_밥류_밥그릇_오곡밥_Q5_00044.JPG</filename>
	<path>/side밥류밥그릇오곡밥q5/side_밥류_밥그릇_오곡밥_Q5_00044.JPG</path>
	<source>
		<database>fooddata</database>
	</source>
	<size>
		<width>5472</width>
		<height>3648</height>
		<depth>3</depth>
	</size>
	<object>
		<name>ref_spoon</name>
		<bndbox>
			<xmin>1207</xmin>
			<ymin>892</ymin>
			<xmax>1729</xmax>
			<ymax>1614</ymax>
		</bndbox>
	</object>
	<object>
		<name>ref_fork</name>
		<bndbox>
			<xmin>1820</xmin>
			<ymin>982</ymin>
			<xmax>2194</xmax>
			<ymax>1821</ymax>
		</bndbox>
	</object>
	<object>
		<name>ref_coin</name>
		<bndbox>
			<xmin>3839</xmin>
			<ymin>724</ymin>
			<xmax>4214</xmax>
			<ymax>988</ymax>
		</bndbox>
	</object>
	<object>
		<name>dish</name>
		<bndbox>
			<xmin>2394</xmin>
			<ymin>1014</ymin>
			<xmax>4207</xmax>
			<ymax>2479</ymax>
		</bndbox>
	</object>
	<object>
		<name>오곡밥</name>
		<bndbox>
			<xmin>2530</xmin>
			<ymin>1040</ymin>
			<xmax>4098</xmax>
			<ymax>2208</ymax>
		</bndbox>
	</object>
</annotation>