<annotation>
	<folder>side밥류밥그릇오곡밥q5</folder>
	<filename>side_밥류_밥그릇_오곡밥_Q5_00053.JPG</filename>
	<path>/side밥류밥그릇오곡밥q5/side_밥류_밥그릇_오곡밥_Q5_00053.JPG</path>
	<source>
		<database>fooddata</database>
	</source>
	<size>
		<width>5472</width>
		<height>3648</height>
		<depth>3</depth>
	</size>
	<object>
		<name>ref_spoon</name>
		<bndbox>
			<xmin>942</xmin>
			<ymin>730</ymin>
			<xmax>1491</xmax>
			<ymax>1453</ymax>
		</bndbox>
	</object>
	<object>
		<name>ref_fork</name>
		<bndbox>
			<xmin>1568</xmin>
			<ymin>821</ymin>
			<xmax>1942</xmax>
			<ymax>1659</ymax>
		</bndbox>
	</object>
	<object>
		<name>ref_coin</name>
		<bndbox>
			<xmin>3091</xmin>
			<ymin>524</ymin>
			<xmax>3478</xmax>
			<ymax>788</ymax>
		</bndbox>
	</object>
	<object>
		<name>dish</name>
		<bndbox>
			<xmin>2149</xmin>
			<ymin>827</ymin>
			<xmax>3968</xmax>
			<ymax>2311</ymax>
		</bndbox>
	</object>
	<object>
		<name>오곡밥</name>
		<bndbox>
			<xmin>2271</xmin>
			<ymin>859</ymin>
			<xmax>3846</xmax>
			<ymax>2021</ymax>
		</bndbox>
	</object>
</annotation>