<annotation>
	<folder>side밥류밥그릇오곡밥q5</folder>
	<filename>side_밥류_밥그릇_오곡밥_Q5_00055.JPG</filename>
	<path>/side밥류밥그릇오곡밥q5/side_밥류_밥그릇_오곡밥_Q5_00055.JPG</path>
	<source>
		<database>fooddata</database>
	</source>
	<size>
		<width>5472</width>
		<height>3648</height>
		<depth>3</depth>
	</size>
	<object>
		<name>ref_spoon</name>
		<bndbox>
			<xmin>1058</xmin>
			<ymin>633</ymin>
			<xmax>1587</xmax>
			<ymax>1350</ymax>
		</bndbox>
	</object>
	<object>
		<name>ref_fork</name>
		<bndbox>
			<xmin>1704</xmin>
			<ymin>717</ymin>
			<xmax>2065</xmax>
			<ymax>1556</ymax>
		</bndbox>
	</object>
	<object>
		<name>ref_coin</name>
		<bndbox>
			<xmin>2646</xmin>
			<ymin>2750</ymin>
			<xmax>3091</xmax>
			<ymax>3111</ymax>
		</bndbox>
	</object>
	<object>
		<name>dish</name>
		<bndbox>
			<xmin>2252</xmin>
			<ymin>717</ymin>
			<xmax>4072</xmax>
			<ymax>2182</ymax>
		</bndbox>
	</object>
	<object>
		<name>오곡밥</name>
		<bndbox>
			<xmin>2426</xmin>
			<ymin>737</ymin>
			<xmax>3975</xmax>
			<ymax>1918</ymax>
		</bndbox>
	</object>
</annotation>