<annotation>
	<folder>side밥류밥그릇오곡밥q5</folder>
	<filename>side_밥류_밥그릇_오곡밥_Q5_00021.JPG</filename>
	<path>/side밥류밥그릇오곡밥q5/side_밥류_밥그릇_오곡밥_Q5_00021.JPG</path>
	<source>
		<database>fooddata</database>
	</source>
	<size>
		<width>5472</width>
		<height>3648</height>
		<depth>3</depth>
	</size>
	<object>
		<name>ref_spoon</name>
		<bndbox>
			<xmin>936</xmin>
			<ymin>2550</ymin>
			<xmax>1858</xmax>
			<ymax>3086</ymax>
		</bndbox>
	</object>
	<object>
		<name>ref_fork</name>
		<bndbox>
			<xmin>1162</xmin>
			<ymin>2111</ymin>
			<xmax>2142</xmax>
			<ymax>2582</ymax>
		</bndbox>
	</object>
	<object>
		<name>ref_coin</name>
		<bndbox>
			<xmin>3317</xmin>
			<ymin>588</ymin>
			<xmax>3685</xmax>
			<ymax>833</ymax>
		</bndbox>
	</object>
	<object>
		<name>dish</name>
		<bndbox>
			<xmin>1878</xmin>
			<ymin>711</ymin>
			<xmax>3581</xmax>
			<ymax>2092</ymax>
		</bndbox>
	</object>
	<object>
		<name>오곡밥</name>
		<bndbox>
			<xmin>1981</xmin>
			<ymin>685</ymin>
			<xmax>3478</xmax>
			<ymax>1834</ymax>
		</bndbox>
	</object>
</annotation>