<annotation>
	<folder>side밥류밥그릇오곡밥q5</folder>
	<filename>side_밥류_밥그릇_오곡밥_Q5_00008.JPG</filename>
	<path>/side밥류밥그릇오곡밥q5/side_밥류_밥그릇_오곡밥_Q5_00008.JPG</path>
	<source>
		<database>fooddata</database>
	</source>
	<size>
		<width>5472</width>
		<height>3648</height>
		<depth>3</depth>
	</size>
	<object>
		<name>ref_spoon</name>
		<bndbox>
			<xmin>3807</xmin>
			<ymin>1053</ymin>
			<xmax>4343</xmax>
			<ymax>1769</ymax>
		</bndbox>
	</object>
	<object>
		<name>ref_fork</name>
		<bndbox>
			<xmin>4562</xmin>
			<ymin>1092</ymin>
			<xmax>4962</xmax>
			<ymax>1918</ymax>
		</bndbox>
	</object>
	<object>
		<name>ref_coin</name>
		<bndbox>
			<xmin>800</xmin>
			<ymin>1317</ymin>
			<xmax>1220</xmax>
			<ymax>1601</ymax>
		</bndbox>
	</object>
	<object>
		<name>dish</name>
		<bndbox>
			<xmin>1729</xmin>
			<ymin>769</ymin>
			<xmax>3517</xmax>
			<ymax>2201</ymax>
		</bndbox>
	</object>
	<object>
		<name>오곡밥</name>
		<bndbox>
			<xmin>1800</xmin>
			<ymin>840</ymin>
			<xmax>3420</xmax>
			<ymax>1937</ymax>
		</bndbox>
	</object>
</annotation>