<annotation>
	<folder>side밥류밥그릇오곡밥q5</folder>
	<filename>side_밥류_밥그릇_오곡밥_Q5_00011.JPG</filename>
	<path>/side밥류밥그릇오곡밥q5/side_밥류_밥그릇_오곡밥_Q5_00011.JPG</path>
	<source>
		<database>fooddata</database>
	</source>
	<size>
		<width>5472</width>
		<height>3648</height>
		<depth>3</depth>
	</size>
	<object>
		<name>ref_spoon</name>
		<bndbox>
			<xmin>3859</xmin>
			<ymin>1234</ymin>
			<xmax>4407</xmax>
			<ymax>1976</ymax>
		</bndbox>
	</object>
	<object>
		<name>ref_fork</name>
		<bndbox>
			<xmin>4620</xmin>
			<ymin>1285</ymin>
			<xmax>5020</xmax>
			<ymax>2131</ymax>
		</bndbox>
	</object>
	<object>
		<name>ref_coin</name>
		<bndbox>
			<xmin>2942</xmin>
			<ymin>550</ymin>
			<xmax>3323</xmax>
			<ymax>795</ymax>
		</bndbox>
	</object>
	<object>
		<name>dish</name>
		<bndbox>
			<xmin>1865</xmin>
			<ymin>943</ymin>
			<xmax>3633</xmax>
			<ymax>2376</ymax>
		</bndbox>
	</object>
	<object>
		<name>오곡밥</name>
		<bndbox>
			<xmin>2000</xmin>
			<ymin>956</ymin>
			<xmax>3510</xmax>
			<ymax>2124</ymax>
		</bndbox>
	</object>
</annotation>