<annotation>
	<folder>side밥류밥그릇오곡밥q5</folder>
	<filename>side_밥류_밥그릇_오곡밥_Q5_00056.JPG</filename>
	<path>/side밥류밥그릇오곡밥q5/side_밥류_밥그릇_오곡밥_Q5_00056.JPG</path>
	<source>
		<database>fooddata</database>
	</source>
	<size>
		<width>5472</width>
		<height>3648</height>
		<depth>3</depth>
	</size>
	<object>
		<name>ref_spoon</name>
		<bndbox>
			<xmin>1065</xmin>
			<ymin>524</ymin>
			<xmax>1613</xmax>
			<ymax>1246</ymax>
		</bndbox>
	</object>
	<object>
		<name>ref_fork</name>
		<bndbox>
			<xmin>1704</xmin>
			<ymin>614</ymin>
			<xmax>2078</xmax>
			<ymax>1472</ymax>
		</bndbox>
	</object>
	<object>
		<name>ref_coin</name>
		<bndbox>
			<xmin>3175</xmin>
			<ymin>2621</ymin>
			<xmax>3607</xmax>
			<ymax>2982</ymax>
		</bndbox>
	</object>
	<object>
		<name>dish</name>
		<bndbox>
			<xmin>2271</xmin>
			<ymin>608</ymin>
			<xmax>4091</xmax>
			<ymax>2085</ymax>
		</bndbox>
	</object>
	<object>
		<name>오곡밥</name>
		<bndbox>
			<xmin>2413</xmin>
			<ymin>646</ymin>
			<xmax>3975</xmax>
			<ymax>1827</ymax>
		</bndbox>
	</object>
</annotation>