<annotation>
	<folder>side밥류밥그릇오곡밥q5</folder>
	<filename>side_밥류_밥그릇_오곡밥_Q5_00038.JPG</filename>
	<path>/side밥류밥그릇오곡밥q5/side_밥류_밥그릇_오곡밥_Q5_00038.JPG</path>
	<source>
		<database>fooddata</database>
	</source>
	<size>
		<width>5472</width>
		<height>3648</height>
		<depth>3</depth>
	</size>
	<object>
		<name>ref_spoon</name>
		<bndbox>
			<xmin>1445</xmin>
			<ymin>575</ymin>
			<xmax>1981</xmax>
			<ymax>1305</ymax>
		</bndbox>
	</object>
	<object>
		<name>ref_fork</name>
		<bndbox>
			<xmin>2065</xmin>
			<ymin>672</ymin>
			<xmax>2433</xmax>
			<ymax>1550</ymax>
		</bndbox>
	</object>
	<object>
		<name>ref_coin</name>
		<bndbox>
			<xmin>4440</xmin>
			<ymin>2421</ymin>
			<xmax>4891</xmax>
			<ymax>2763</ymax>
		</bndbox>
	</object>
	<object>
		<name>dish</name>
		<bndbox>
			<xmin>2671</xmin>
			<ymin>743</ymin>
			<xmax>4498</xmax>
			<ymax>2221</ymax>
		</bndbox>
	</object>
	<object>
		<name>오곡밥</name>
		<bndbox>
			<xmin>2762</xmin>
			<ymin>795</ymin>
			<xmax>4362</xmax>
			<ymax>1956</ymax>
		</bndbox>
	</object>
</annotation>