<annotation>
	<folder>side밥류밥그릇오곡밥q5</folder>
	<filename>side_밥류_밥그릇_오곡밥_Q5_00007.JPG</filename>
	<path>/side밥류밥그릇오곡밥q5/side_밥류_밥그릇_오곡밥_Q5_00007.JPG</path>
	<source>
		<database>fooddata</database>
	</source>
	<size>
		<width>5472</width>
		<height>3648</height>
		<depth>3</depth>
	</size>
	<object>
		<name>ref_spoon</name>
		<bndbox>
			<xmin>3756</xmin>
			<ymin>1027</ymin>
			<xmax>4291</xmax>
			<ymax>1763</ymax>
		</bndbox>
	</object>
	<object>
		<name>ref_fork</name>
		<bndbox>
			<xmin>4511</xmin>
			<ymin>1072</ymin>
			<xmax>4904</xmax>
			<ymax>1911</ymax>
		</bndbox>
	</object>
	<object>
		<name>ref_coin</name>
		<bndbox>
			<xmin>871</xmin>
			<ymin>1814</ymin>
			<xmax>1278</xmax>
			<ymax>2124</ymax>
		</bndbox>
	</object>
	<object>
		<name>dish</name>
		<bndbox>
			<xmin>1613</xmin>
			<ymin>833</ymin>
			<xmax>3407</xmax>
			<ymax>2279</ymax>
		</bndbox>
	</object>
	<object>
		<name>오곡밥</name>
		<bndbox>
			<xmin>1710</xmin>
			<ymin>892</ymin>
			<xmax>3362</xmax>
			<ymax>2001</ymax>
		</bndbox>
	</object>
</annotation>