<annotation>
	<folder>top밥류밥그릇오곡밥q5</folder>
	<filename>top_밥류_밥그릇_오곡밥_Q5_00009.JPG</filename>
	<path>/top밥류밥그릇오곡밥q5/top_밥류_밥그릇_오곡밥_Q5_00009.JPG</path>
	<source>
		<database>fooddata</database>
	</source>
	<size>
		<width>5472</width>
		<height>3648</height>
		<depth>3</depth>
	</size>
	<object>
		<name>ref_spoon</name>
		<bndbox>
			<xmin>3641</xmin>
			<ymin>327</ymin>
			<xmax>4170</xmax>
			<ymax>1315</ymax>
		</bndbox>
	</object>
	<object>
		<name>ref_fork</name>
		<bndbox>
			<xmin>4432</xmin>
			<ymin>345</ymin>
			<xmax>4783</xmax>
			<ymax>1482</ymax>
		</bndbox>
	</object>
	<object>
		<name>ref_coin</name>
		<bndbox>
			<xmin>647</xmin>
			<ymin>1398</ymin>
			<xmax>1052</xmax>
			<ymax>1756</ymax>
		</bndbox>
	</object>
	<object>
		<name>dish</name>
		<bndbox>
			<xmin>1427</xmin>
			<ymin>524</ymin>
			<xmax>3367</xmax>
			<ymax>2440</ymax>
		</bndbox>
	</object>
	<object>
		<name>오곡밥</name>
		<bndbox>
			<xmin>1528</xmin>
			<ymin>625</ymin>
			<xmax>3248</xmax>
			<ymax>2351</ymax>
		</bndbox>
	</object>
</annotation>