<annotation>
	<folder>top밥류밥그릇오곡밥q5</folder>
	<filename>top_밥류_밥그릇_오곡밥_Q5_00032.JPG</filename>
	<path>/top밥류밥그릇오곡밥q5/top_밥류_밥그릇_오곡밥_Q5_00032.JPG</path>
	<source>
		<database>fooddata</database>
	</source>
	<size>
		<width>5472</width>
		<height>3648</height>
		<depth>3</depth>
	</size>
	<object>
		<name>ref_spoon</name>
		<bndbox>
			<xmin>1707</xmin>
			<ymin>2868</ymin>
			<xmax>2623</xmax>
			<ymax>3344</ymax>
		</bndbox>
	</object>
	<object>
		<name>ref_fork</name>
		<bndbox>
			<xmin>1790</xmin>
			<ymin>2386</ymin>
			<xmax>2683</xmax>
			<ymax>2689</ymax>
		</bndbox>
	</object>
	<object>
		<name>ref_coin</name>
		<bndbox>
			<xmin>3290</xmin>
			<ymin>303</ymin>
			<xmax>3587</xmax>
			<ymax>600</ymax>
		</bndbox>
	</object>
	<object>
		<name>dish</name>
		<bndbox>
			<xmin>2314</xmin>
			<ymin>713</ymin>
			<xmax>3831</xmax>
			<ymax>2213</ymax>
		</bndbox>
	</object>
	<object>
		<name>오곡밥</name>
		<bndbox>
			<xmin>2361</xmin>
			<ymin>809</ymin>
			<xmax>3772</xmax>
			<ymax>2130</ymax>
		</bndbox>
	</object>
</annotation>