<annotation>
	<folder>top밥류밥그릇오곡밥q5</folder>
	<filename>top_밥류_밥그릇_오곡밥_Q5_00022.JPG</filename>
	<path>/top밥류밥그릇오곡밥q5/top_밥류_밥그릇_오곡밥_Q5_00022.JPG</path>
	<source>
		<database>fooddata</database>
	</source>
	<size>
		<width>5472</width>
		<height>3648</height>
		<depth>3</depth>
	</size>
	<object>
		<name>ref_spoon</name>
		<bndbox>
			<xmin>1677</xmin>
			<ymin>2927</ymin>
			<xmax>2653</xmax>
			<ymax>3439</ymax>
		</bndbox>
	</object>
	<object>
		<name>ref_fork</name>
		<bndbox>
			<xmin>1695</xmin>
			<ymin>2368</ymin>
			<xmax>2706</xmax>
			<ymax>2695</ymax>
		</bndbox>
	</object>
	<object>
		<name>ref_coin</name>
		<bndbox>
			<xmin>3688</xmin>
			<ymin>178</ymin>
			<xmax>4039</xmax>
			<ymax>517</ymax>
		</bndbox>
	</object>
	<object>
		<name>dish</name>
		<bndbox>
			<xmin>2296</xmin>
			<ymin>636</ymin>
			<xmax>3944</xmax>
			<ymax>2237</ymax>
		</bndbox>
	</object>
	<object>
		<name>오곡밥</name>
		<bndbox>
			<xmin>2403</xmin>
			<ymin>701</ymin>
			<xmax>3843</xmax>
			<ymax>2171</ymax>
		</bndbox>
	</object>
</annotation>