<annotation>
	<folder>top밥류밥그릇오곡밥q5</folder>
	<filename>top_밥류_밥그릇_오곡밥_Q5_00007.JPG</filename>
	<path>/top밥류밥그릇오곡밥q5/top_밥류_밥그릇_오곡밥_Q5_00007.JPG</path>
	<source>
		<database>fooddata</database>
	</source>
	<size>
		<width>5472</width>
		<height>3648</height>
		<depth>3</depth>
	</size>
	<object>
		<name>ref_spoon</name>
		<bndbox>
			<xmin>3700</xmin>
			<ymin>327</ymin>
			<xmax>4230</xmax>
			<ymax>1416</ymax>
		</bndbox>
	</object>
	<object>
		<name>ref_fork</name>
		<bndbox>
			<xmin>4492</xmin>
			<ymin>351</ymin>
			<xmax>4837</xmax>
			<ymax>1416</ymax>
		</bndbox>
	</object>
	<object>
		<name>ref_coin</name>
		<bndbox>
			<xmin>1165</xmin>
			<ymin>2565</ymin>
			<xmax>1552</xmax>
			<ymax>2981</ymax>
		</bndbox>
	</object>
	<object>
		<name>dish</name>
		<bndbox>
			<xmin>1320</xmin>
			<ymin>577</ymin>
			<xmax>3224</xmax>
			<ymax>2499</ymax>
		</bndbox>
	</object>
	<object>
		<name>오곡밥</name>
		<bndbox>
			<xmin>1397</xmin>
			<ymin>720</ymin>
			<xmax>3165</xmax>
			<ymax>2380</ymax>
		</bndbox>
	</object>
</annotation>