<annotation>
	<folder>top밥류밥그릇오곡밥q5</folder>
	<filename>top_밥류_밥그릇_오곡밥_Q5_00008.JPG</filename>
	<path>/top밥류밥그릇오곡밥q5/top_밥류_밥그릇_오곡밥_Q5_00008.JPG</path>
	<source>
		<database>fooddata</database>
	</source>
	<size>
		<width>5472</width>
		<height>3648</height>
		<depth>3</depth>
	</size>
	<object>
		<name>ref_spoon</name>
		<bndbox>
			<xmin>3659</xmin>
			<ymin>208</ymin>
			<xmax>4218</xmax>
			<ymax>1297</ymax>
		</bndbox>
	</object>
	<object>
		<name>ref_fork</name>
		<bndbox>
			<xmin>4468</xmin>
			<ymin>226</ymin>
			<xmax>4825</xmax>
			<ymax>1285</ymax>
		</bndbox>
	</object>
	<object>
		<name>ref_coin</name>
		<bndbox>
			<xmin>891</xmin>
			<ymin>2071</ymin>
			<xmax>1278</xmax>
			<ymax>2452</ymax>
		</bndbox>
	</object>
	<object>
		<name>dish</name>
		<bndbox>
			<xmin>1403</xmin>
			<ymin>411</ymin>
			<xmax>3325</xmax>
			<ymax>2357</ymax>
		</bndbox>
	</object>
	<object>
		<name>오곡밥</name>
		<bndbox>
			<xmin>1463</xmin>
			<ymin>542</ymin>
			<xmax>3230</xmax>
			<ymax>2220</ymax>
		</bndbox>
	</object>
</annotation>