<annotation>
	<folder>top밥류밥그릇오곡밥q5</folder>
	<filename>top_밥류_밥그릇_오곡밥_Q5_00041.JPG</filename>
	<path>/top밥류밥그릇오곡밥q5/top_밥류_밥그릇_오곡밥_Q5_00041.JPG</path>
	<source>
		<database>fooddata</database>
	</source>
	<size>
		<width>5472</width>
		<height>3648</height>
		<depth>3</depth>
	</size>
	<object>
		<name>ref_spoon</name>
		<bndbox>
			<xmin>814</xmin>
			<ymin>588</ymin>
			<xmax>1397</xmax>
			<ymax>1749</ymax>
		</bndbox>
	</object>
	<object>
		<name>ref_fork</name>
		<bndbox>
			<xmin>1647</xmin>
			<ymin>624</ymin>
			<xmax>2022</xmax>
			<ymax>1963</ymax>
		</bndbox>
	</object>
	<object>
		<name>ref_coin</name>
		<bndbox>
			<xmin>4837</xmin>
			<ymin>1713</ymin>
			<xmax>5265</xmax>
			<ymax>2118</ymax>
		</bndbox>
	</object>
	<object>
		<name>dish</name>
		<bndbox>
			<xmin>2421</xmin>
			<ymin>600</ymin>
			<xmax>4450</xmax>
			<ymax>2624</ymax>
		</bndbox>
	</object>
	<object>
		<name>오곡밥</name>
		<bndbox>
			<xmin>2522</xmin>
			<ymin>791</ymin>
			<xmax>4391</xmax>
			<ymax>2522</ymax>
		</bndbox>
	</object>
</annotation>