<annotation>
	<folder>top밥류밥그릇오곡밥q5</folder>
	<filename>top_밥류_밥그릇_오곡밥_Q5_00025.JPG</filename>
	<path>/top밥류밥그릇오곡밥q5/top_밥류_밥그릇_오곡밥_Q5_00025.JPG</path>
	<source>
		<database>fooddata</database>
	</source>
	<size>
		<width>5472</width>
		<height>3648</height>
		<depth>3</depth>
	</size>
	<object>
		<name>ref_spoon</name>
		<bndbox>
			<xmin>1576</xmin>
			<ymin>2713</ymin>
			<xmax>2575</xmax>
			<ymax>3254</ymax>
		</bndbox>
	</object>
	<object>
		<name>ref_fork</name>
		<bndbox>
			<xmin>1558</xmin>
			<ymin>2100</ymin>
			<xmax>2605</xmax>
			<ymax>2469</ymax>
		</bndbox>
	</object>
	<object>
		<name>ref_coin</name>
		<bndbox>
			<xmin>4266</xmin>
			<ymin>606</ymin>
			<xmax>4593</xmax>
			<ymax>945</ymax>
		</bndbox>
	</object>
	<object>
		<name>dish</name>
		<bndbox>
			<xmin>2189</xmin>
			<ymin>249</ymin>
			<xmax>3980</xmax>
			<ymax>1999</ymax>
		</bndbox>
	</object>
	<object>
		<name>오곡밥</name>
		<bndbox>
			<xmin>2302</xmin>
			<ymin>392</ymin>
			<xmax>3932</xmax>
			<ymax>1904</ymax>
		</bndbox>
	</object>
</annotation>