<annotation>
	<folder>top밥류밥그릇오곡밥q5</folder>
	<filename>top_밥류_밥그릇_오곡밥_Q5_00003.JPG</filename>
	<path>/top밥류밥그릇오곡밥q5/top_밥류_밥그릇_오곡밥_Q5_00003.JPG</path>
	<source>
		<database>fooddata</database>
	</source>
	<size>
		<width>5472</width>
		<height>3648</height>
		<depth>3</depth>
	</size>
	<object>
		<name>ref_spoon</name>
		<bndbox>
			<xmin>3397</xmin>
			<ymin>506</ymin>
			<xmax>3885</xmax>
			<ymax>1476</ymax>
		</bndbox>
	</object>
	<object>
		<name>ref_fork</name>
		<bndbox>
			<xmin>4111</xmin>
			<ymin>518</ymin>
			<xmax>4426</xmax>
			<ymax>1494</ymax>
		</bndbox>
	</object>
	<object>
		<name>ref_coin</name>
		<bndbox>
			<xmin>2843</xmin>
			<ymin>2351</ymin>
			<xmax>3206</xmax>
			<ymax>2732</ymax>
		</bndbox>
	</object>
	<object>
		<name>dish</name>
		<bndbox>
			<xmin>1159</xmin>
			<ymin>797</ymin>
			<xmax>2956</xmax>
			<ymax>2577</ymax>
		</bndbox>
	</object>
	<object>
		<name>오곡밥</name>
		<bndbox>
			<xmin>1260</xmin>
			<ymin>881</ymin>
			<xmax>2885</xmax>
			<ymax>2458</ymax>
		</bndbox>
	</object>
</annotation>