<annotation>
	<folder>top밥류밥그릇오곡밥q5</folder>
	<filename>top_밥류_밥그릇_오곡밥_Q5_00004.JPG</filename>
	<path>/top밥류밥그릇오곡밥q5/top_밥류_밥그릇_오곡밥_Q5_00004.JPG</path>
	<source>
		<database>fooddata</database>
	</source>
	<size>
		<width>5472</width>
		<height>3648</height>
		<depth>3</depth>
	</size>
	<object>
		<name>ref_spoon</name>
		<bndbox>
			<xmin>3540</xmin>
			<ymin>423</ymin>
			<xmax>4063</xmax>
			<ymax>1398</ymax>
		</bndbox>
	</object>
	<object>
		<name>ref_fork</name>
		<bndbox>
			<xmin>4289</xmin>
			<ymin>452</ymin>
			<xmax>4646</xmax>
			<ymax>1458</ymax>
		</bndbox>
	</object>
	<object>
		<name>ref_coin</name>
		<bndbox>
			<xmin>2683</xmin>
			<ymin>2589</ymin>
			<xmax>3081</xmax>
			<ymax>2987</ymax>
		</bndbox>
	</object>
	<object>
		<name>dish</name>
		<bndbox>
			<xmin>1260</xmin>
			<ymin>595</ymin>
			<xmax>3117</xmax>
			<ymax>2476</ymax>
		</bndbox>
	</object>
	<object>
		<name>오곡밥</name>
		<bndbox>
			<xmin>1332</xmin>
			<ymin>738</ymin>
			<xmax>3052</xmax>
			<ymax>2351</ymax>
		</bndbox>
	</object>
</annotation>