<annotation>
	<folder>top밥류밥그릇오곡밥q5</folder>
	<filename>top_밥류_밥그릇_오곡밥_Q5_00045.JPG</filename>
	<path>/top밥류밥그릇오곡밥q5/top_밥류_밥그릇_오곡밥_Q5_00045.JPG</path>
	<source>
		<database>fooddata</database>
	</source>
	<size>
		<width>5472</width>
		<height>3648</height>
		<depth>3</depth>
	</size>
	<object>
		<name>ref_spoon</name>
		<bndbox>
			<xmin>820</xmin>
			<ymin>993</ymin>
			<xmax>1373</xmax>
			<ymax>2118</ymax>
		</bndbox>
	</object>
	<object>
		<name>ref_fork</name>
		<bndbox>
			<xmin>1629</xmin>
			<ymin>1041</ymin>
			<xmax>1992</xmax>
			<ymax>2296</ymax>
		</bndbox>
	</object>
	<object>
		<name>ref_coin</name>
		<bndbox>
			<xmin>3920</xmin>
			<ymin>446</ymin>
			<xmax>4313</xmax>
			<ymax>815</ymax>
		</bndbox>
	</object>
	<object>
		<name>dish</name>
		<bndbox>
			<xmin>2385</xmin>
			<ymin>1023</ymin>
			<xmax>4373</xmax>
			<ymax>2999</ymax>
		</bndbox>
	</object>
	<object>
		<name>오곡밥</name>
		<bndbox>
			<xmin>2492</xmin>
			<ymin>1195</ymin>
			<xmax>4307</xmax>
			<ymax>2909</ymax>
		</bndbox>
	</object>
</annotation>