<annotation>
	<folder>side국물면류냉면기삼선짬뽕q4</folder>
	<filename>side_국물면류_냉면기_삼선짬뽕_Q4_00008.JPG</filename>
	<path>/side국물면류냉면기삼선짬뽕q4/side_국물면류_냉면기_삼선짬뽕_Q4_00008.JPG</path>
	<source>
		<database>fooddata</database>
	</source>
	<size>
		<width>3008</width>
		<height>2000</height>
		<depth>3</depth>
	</size>
	<object>
		<name>ref_spoon</name>
		<bndbox>
			<xmin>2302</xmin>
			<ymin>766</ymin>
			<xmax>2557</xmax>
			<ymax>1128</ymax>
		</bndbox>
	</object>
	<object>
		<name>ref_fork</name>
		<bndbox>
			<xmin>2711</xmin>
			<ymin>781</ymin>
			<xmax>2906</xmax>
			<ymax>1183</ymax>
		</bndbox>
	</object>
	<object>
		<name>ref_coin</name>
		<bndbox>
			<xmin>99</xmin>
			<ymin>1242</ymin>
			<xmax>305</xmax>
			<ymax>1378</ymax>
		</bndbox>
	</object>
	<object>
		<name>dish</name>
		<bndbox>
			<xmin>780</xmin>
			<ymin>508</ymin>
			<xmax>2229</xmax>
			<ymax>1545</ymax>
		</bndbox>
	</object>
	<object>
		<name>삼선짬뽕</name>
		<bndbox>
			<xmin>864</xmin>
			<ymin>642</ymin>
			<xmax>2145</xmax>
			<ymax>1349</ymax>
		</bndbox>
	</object>
</annotation>