<annotation>
	<folder>side국물면류냉면기삼선짬뽕q4</folder>
	<filename>side_국물면류_냉면기_삼선짬뽕_Q4_00021.JPG</filename>
	<path>/side국물면류냉면기삼선짬뽕q4/side_국물면류_냉면기_삼선짬뽕_Q4_00021.JPG</path>
	<source>
		<database>fooddata</database>
	</source>
	<size>
		<width>3008</width>
		<height>2000</height>
		<depth>3</depth>
	</size>
	<object>
		<name>ref_spoon</name>
		<bndbox>
			<xmin>906</xmin>
			<ymin>1712</ymin>
			<xmax>1357</xmax>
			<ymax>1928</ymax>
		</bndbox>
	</object>
	<object>
		<name>ref_fork</name>
		<bndbox>
			<xmin>1024</xmin>
			<ymin>1495</ymin>
			<xmax>1494</xmax>
			<ymax>1705</ymax>
		</bndbox>
	</object>
	<object>
		<name>ref_coin</name>
		<bndbox>
			<xmin>2475</xmin>
			<ymin>1054</ymin>
			<xmax>2648</xmax>
			<ymax>1171</ymax>
		</bndbox>
	</object>
	<object>
		<name>dish</name>
		<bndbox>
			<xmin>1046</xmin>
			<ymin>344</ymin>
			<xmax>2316</xmax>
			<ymax>1220</ymax>
		</bndbox>
	</object>
	<object>
		<name>삼선짬뽕</name>
		<bndbox>
			<xmin>1108</xmin>
			<ymin>465</ymin>
			<xmax>2246</xmax>
			<ymax>1031</ymax>
		</bndbox>
	</object>
</annotation>