<annotation>
	<folder>side국물면류냉면기삼선짬뽕q4</folder>
	<filename>side_국물면류_냉면기_삼선짬뽕_Q4_00017.JPG</filename>
	<path>/side국물면류냉면기삼선짬뽕q4/side_국물면류_냉면기_삼선짬뽕_Q4_00017.JPG</path>
	<source>
		<database>fooddata</database>
	</source>
	<size>
		<width>3008</width>
		<height>2000</height>
		<depth>3</depth>
	</size>
	<object>
		<name>ref_spoon</name>
		<bndbox>
			<xmin>1909</xmin>
			<ymin>785</ymin>
			<xmax>2165</xmax>
			<ymax>1147</ymax>
		</bndbox>
	</object>
	<object>
		<name>ref_fork</name>
		<bndbox>
			<xmin>2318</xmin>
			<ymin>794</ymin>
			<xmax>2516</xmax>
			<ymax>1201</ymax>
		</bndbox>
	</object>
	<object>
		<name>ref_coin</name>
		<bndbox>
			<xmin>2672</xmin>
			<ymin>1151</ymin>
			<xmax>2863</xmax>
			<ymax>1279</ymax>
		</bndbox>
	</object>
	<object>
		<name>dish</name>
		<bndbox>
			<xmin>229</xmin>
			<ymin>463</ymin>
			<xmax>1680</xmax>
			<ymax>1488</ymax>
		</bndbox>
	</object>
	<object>
		<name>삼선짬뽕</name>
		<bndbox>
			<xmin>311</xmin>
			<ymin>595</ymin>
			<xmax>1609</xmax>
			<ymax>1278</ymax>
		</bndbox>
	</object>
</annotation>