<annotation>
	<folder>side국물면류냉면기삼선짬뽕q4</folder>
	<filename>side_국물면류_냉면기_삼선짬뽕_Q4_00032.JPG</filename>
	<path>/side국물면류냉면기삼선짬뽕q4/side_국물면류_냉면기_삼선짬뽕_Q4_00032.JPG</path>
	<source>
		<database>fooddata</database>
	</source>
	<size>
		<width>3008</width>
		<height>2000</height>
		<depth>3</depth>
	</size>
	<object>
		<name>ref_spoon</name>
		<bndbox>
			<xmin>854</xmin>
			<ymin>1639</ymin>
			<xmax>1314</xmax>
			<ymax>1846</ymax>
		</bndbox>
	</object>
	<object>
		<name>ref_fork</name>
		<bndbox>
			<xmin>968</xmin>
			<ymin>1422</ymin>
			<xmax>1444</xmax>
			<ymax>1623</ymax>
		</bndbox>
	</object>
	<object>
		<name>ref_coin</name>
		<bndbox>
			<xmin>445</xmin>
			<ymin>1584</ymin>
			<xmax>644</xmax>
			<ymax>1721</ymax>
		</bndbox>
	</object>
	<object>
		<name>dish</name>
		<bndbox>
			<xmin>1004</xmin>
			<ymin>393</ymin>
			<xmax>2316</xmax>
			<ymax>1305</ymax>
		</bndbox>
	</object>
	<object>
		<name>삼선짬뽕</name>
		<bndbox>
			<xmin>1069</xmin>
			<ymin>531</ymin>
			<xmax>2230</xmax>
			<ymax>1108</ymax>
		</bndbox>
	</object>
</annotation>