<annotation>
	<folder>side국물면류냉면기삼선짬뽕q4</folder>
	<filename>side_국물면류_냉면기_삼선짬뽕_Q4_00001.JPG</filename>
	<path>/side국물면류냉면기삼선짬뽕q4/side_국물면류_냉면기_삼선짬뽕_Q4_00001.JPG</path>
	<source>
		<database>fooddata</database>
	</source>
	<size>
		<width>3008</width>
		<height>2000</height>
		<depth>3</depth>
	</size>
	<object>
		<name>ref_spoon</name>
		<bndbox>
			<xmin>267</xmin>
			<ymin>742</ymin>
			<xmax>541</xmax>
			<ymax>1121</ymax>
		</bndbox>
	</object>
	<object>
		<name>ref_fork</name>
		<bndbox>
			<xmin>659</xmin>
			<ymin>719</ymin>
			<xmax>850</xmax>
			<ymax>1136</ymax>
		</bndbox>
	</object>
	<object>
		<name>ref_coin</name>
		<bndbox>
			<xmin>2577</xmin>
			<ymin>704</ymin>
			<xmax>2763</xmax>
			<ymax>818</ymax>
		</bndbox>
	</object>
	<object>
		<name>dish</name>
		<bndbox>
			<xmin>1079</xmin>
			<ymin>233</ymin>
			<xmax>2505</xmax>
			<ymax>1227</ymax>
		</bndbox>
	</object>
	<object>
		<name>삼선짬뽕</name>
		<bndbox>
			<xmin>1156</xmin>
			<ymin>383</ymin>
			<xmax>2442</xmax>
			<ymax>1011</ymax>
		</bndbox>
	</object>
</annotation>