<annotation>
	<folder>side국물면류냉면기삼선짬뽕q4</folder>
	<filename>side_국물면류_냉면기_삼선짬뽕_Q4_00022.JPG</filename>
	<path>/side국물면류냉면기삼선짬뽕q4/side_국물면류_냉면기_삼선짬뽕_Q4_00022.JPG</path>
	<source>
		<database>fooddata</database>
	</source>
	<size>
		<width>3008</width>
		<height>2000</height>
		<depth>3</depth>
	</size>
	<object>
		<name>ref_spoon</name>
		<bndbox>
			<xmin>913</xmin>
			<ymin>1694</ymin>
			<xmax>1364</xmax>
			<ymax>1908</ymax>
		</bndbox>
	</object>
	<object>
		<name>ref_fork</name>
		<bndbox>
			<xmin>1028</xmin>
			<ymin>1479</ymin>
			<xmax>1503</xmax>
			<ymax>1689</ymax>
		</bndbox>
	</object>
	<object>
		<name>ref_coin</name>
		<bndbox>
			<xmin>2495</xmin>
			<ymin>925</ymin>
			<xmax>2666</xmax>
			<ymax>1035</ymax>
		</bndbox>
	</object>
	<object>
		<name>dish</name>
		<bndbox>
			<xmin>1083</xmin>
			<ymin>320</ymin>
			<xmax>2348</xmax>
			<ymax>1204</ymax>
		</bndbox>
	</object>
	<object>
		<name>삼선짬뽕</name>
		<bndbox>
			<xmin>1150</xmin>
			<ymin>457</ymin>
			<xmax>2269</xmax>
			<ymax>1019</ymax>
		</bndbox>
	</object>
</annotation>