<annotation>
	<folder>side국물면류냉면기삼선짬뽕q4</folder>
	<filename>side_국물면류_냉면기_삼선짬뽕_Q4_00014.JPG</filename>
	<path>/side국물면류냉면기삼선짬뽕q4/side_국물면류_냉면기_삼선짬뽕_Q4_00014.JPG</path>
	<source>
		<database>fooddata</database>
	</source>
	<size>
		<width>3008</width>
		<height>2000</height>
		<depth>3</depth>
	</size>
	<object>
		<name>ref_spoon</name>
		<bndbox>
			<xmin>2047</xmin>
			<ymin>664</ymin>
			<xmax>2328</xmax>
			<ymax>1062</ymax>
		</bndbox>
	</object>
	<object>
		<name>ref_fork</name>
		<bndbox>
			<xmin>2491</xmin>
			<ymin>658</ymin>
			<xmax>2717</xmax>
			<ymax>1095</ymax>
		</bndbox>
	</object>
	<object>
		<name>ref_coin</name>
		<bndbox>
			<xmin>1844</xmin>
			<ymin>439</ymin>
			<xmax>2032</xmax>
			<ymax>559</ymax>
		</bndbox>
	</object>
	<object>
		<name>dish</name>
		<bndbox>
			<xmin>327</xmin>
			<ymin>471</ymin>
			<xmax>1922</xmax>
			<ymax>1610</ymax>
		</bndbox>
	</object>
	<object>
		<name>삼선짬뽕</name>
		<bndbox>
			<xmin>423</xmin>
			<ymin>581</ymin>
			<xmax>1819</xmax>
			<ymax>1394</ymax>
		</bndbox>
	</object>
</annotation>