<annotation>
	<folder>side국물면류냉면기삼선짬뽕q4</folder>
	<filename>side_국물면류_냉면기_삼선짬뽕_Q4_00027.JPG</filename>
	<path>/side국물면류냉면기삼선짬뽕q4/side_국물면류_냉면기_삼선짬뽕_Q4_00027.JPG</path>
	<source>
		<database>fooddata</database>
	</source>
	<size>
		<width>3008</width>
		<height>2000</height>
		<depth>3</depth>
	</size>
	<object>
		<name>ref_spoon</name>
		<bndbox>
			<xmin>943</xmin>
			<ymin>1669</ymin>
			<xmax>1404</xmax>
			<ymax>1879</ymax>
		</bndbox>
	</object>
	<object>
		<name>ref_fork</name>
		<bndbox>
			<xmin>1060</xmin>
			<ymin>1455</ymin>
			<xmax>1533</xmax>
			<ymax>1659</ymax>
		</bndbox>
	</object>
	<object>
		<name>ref_coin</name>
		<bndbox>
			<xmin>785</xmin>
			<ymin>642</ymin>
			<xmax>952</xmax>
			<ymax>745</ymax>
		</bndbox>
	</object>
	<object>
		<name>dish</name>
		<bndbox>
			<xmin>1183</xmin>
			<ymin>412</ymin>
			<xmax>2487</xmax>
			<ymax>1332</ymax>
		</bndbox>
	</object>
	<object>
		<name>삼선짬뽕</name>
		<bndbox>
			<xmin>1259</xmin>
			<ymin>538</ymin>
			<xmax>2408</xmax>
			<ymax>1143</ymax>
		</bndbox>
	</object>
</annotation>