<annotation>
	<folder>side국물면류냉면기삼선짬뽕q4</folder>
	<filename>side_국물면류_냉면기_삼선짬뽕_Q4_00002.JPG</filename>
	<path>/side국물면류냉면기삼선짬뽕q4/side_국물면류_냉면기_삼선짬뽕_Q4_00002.JPG</path>
	<source>
		<database>fooddata</database>
	</source>
	<size>
		<width>3008</width>
		<height>2000</height>
		<depth>3</depth>
	</size>
	<object>
		<name>ref_spoon</name>
		<bndbox>
			<xmin>2026</xmin>
			<ymin>620</ymin>
			<xmax>2301</xmax>
			<ymax>1004</ymax>
		</bndbox>
	</object>
	<object>
		<name>ref_fork</name>
		<bndbox>
			<xmin>2464</xmin>
			<ymin>628</ymin>
			<xmax>2677</xmax>
			<ymax>1058</ymax>
		</bndbox>
	</object>
	<object>
		<name>ref_coin</name>
		<bndbox>
			<xmin>1593</xmin>
			<ymin>1644</ymin>
			<xmax>1817</xmax>
			<ymax>1803</ymax>
		</bndbox>
	</object>
	<object>
		<name>dish</name>
		<bndbox>
			<xmin>392</xmin>
			<ymin>326</ymin>
			<xmax>1947</xmax>
			<ymax>1438</ymax>
		</bndbox>
	</object>
	<object>
		<name>삼선짬뽕</name>
		<bndbox>
			<xmin>486</xmin>
			<ymin>438</ymin>
			<xmax>1833</xmax>
			<ymax>1228</ymax>
		</bndbox>
	</object>
</annotation>