<annotation>
	<folder>side국물면류냉면기삼선짬뽕q4</folder>
	<filename>side_국물면류_냉면기_삼선짬뽕_Q4_00026.JPG</filename>
	<path>/side국물면류냉면기삼선짬뽕q4/side_국물면류_냉면기_삼선짬뽕_Q4_00026.JPG</path>
	<source>
		<database>fooddata</database>
	</source>
	<size>
		<width>3008</width>
		<height>2000</height>
		<depth>3</depth>
	</size>
	<object>
		<name>ref_spoon</name>
		<bndbox>
			<xmin>946</xmin>
			<ymin>1668</ymin>
			<xmax>1409</xmax>
			<ymax>1878</ymax>
		</bndbox>
	</object>
	<object>
		<name>ref_fork</name>
		<bndbox>
			<xmin>1063</xmin>
			<ymin>1449</ymin>
			<xmax>1532</xmax>
			<ymax>1659</ymax>
		</bndbox>
	</object>
	<object>
		<name>ref_coin</name>
		<bndbox>
			<xmin>1062</xmin>
			<ymin>388</ymin>
			<xmax>1224</xmax>
			<ymax>484</ymax>
		</bndbox>
	</object>
	<object>
		<name>dish</name>
		<bndbox>
			<xmin>1266</xmin>
			<ymin>412</ymin>
			<xmax>2564</xmax>
			<ymax>1329</ymax>
		</bndbox>
	</object>
	<object>
		<name>삼선짬뽕</name>
		<bndbox>
			<xmin>1344</xmin>
			<ymin>550</ymin>
			<xmax>2489</xmax>
			<ymax>1139</ymax>
		</bndbox>
	</object>
</annotation>