<annotation>
	<folder>side국물면류냉면기삼선짬뽕q4</folder>
	<filename>side_국물면류_냉면기_삼선짬뽕_Q4_00019.JPG</filename>
	<path>/side국물면류냉면기삼선짬뽕q4/side_국물면류_냉면기_삼선짬뽕_Q4_00019.JPG</path>
	<source>
		<database>fooddata</database>
	</source>
	<size>
		<width>3008</width>
		<height>2000</height>
		<depth>3</depth>
	</size>
	<object>
		<name>ref_spoon</name>
		<bndbox>
			<xmin>840</xmin>
			<ymin>1551</ymin>
			<xmax>1298</xmax>
			<ymax>1761</ymax>
		</bndbox>
	</object>
	<object>
		<name>ref_fork</name>
		<bndbox>
			<xmin>960</xmin>
			<ymin>1335</ymin>
			<xmax>1433</xmax>
			<ymax>1540</ymax>
		</bndbox>
	</object>
	<object>
		<name>ref_coin</name>
		<bndbox>
			<xmin>2215</xmin>
			<ymin>1096</ymin>
			<xmax>2397</xmax>
			<ymax>1218</ymax>
		</bndbox>
	</object>
	<object>
		<name>dish</name>
		<bndbox>
			<xmin>908</xmin>
			<ymin>189</ymin>
			<xmax>2175</xmax>
			<ymax>1073</ymax>
		</bndbox>
	</object>
	<object>
		<name>삼선짬뽕</name>
		<bndbox>
			<xmin>985</xmin>
			<ymin>299</ymin>
			<xmax>2092</xmax>
			<ymax>884</ymax>
		</bndbox>
	</object>
</annotation>