<annotation>
	<folder>top국물면류냉면기삼선짬뽕q4</folder>
	<filename>top_국물면류_냉면기_삼선짬뽕_Q4_00003.JPG</filename>
	<path>/top국물면류냉면기삼선짬뽕q4/top_국물면류_냉면기_삼선짬뽕_Q4_00003.JPG</path>
	<source>
		<database>fooddata</database>
	</source>
	<size>
		<width>3008</width>
		<height>2000</height>
		<depth>3</depth>
	</size>
	<object>
		<name>ref_spoon</name>
		<bndbox>
			<xmin>1969</xmin>
			<ymin>179</ymin>
			<xmax>2202</xmax>
			<ymax>540</ymax>
		</bndbox>
	</object>
	<object>
		<name>ref_fork</name>
		<bndbox>
			<xmin>2304</xmin>
			<ymin>184</ymin>
			<xmax>2468</xmax>
			<ymax>568</ymax>
		</bndbox>
	</object>
	<object>
		<name>ref_coin</name>
		<bndbox>
			<xmin>1351</xmin>
			<ymin>1722</ymin>
			<xmax>1539</xmax>
			<ymax>1911</ymax>
		</bndbox>
	</object>
	<object>
		<name>dish</name>
		<bndbox>
			<xmin>544</xmin>
			<ymin>233</ymin>
			<xmax>2001</xmax>
			<ymax>1657</ymax>
		</bndbox>
	</object>
	<object>
		<name>삼선짬뽕</name>
		<bndbox>
			<xmin>651</xmin>
			<ymin>339</ymin>
			<xmax>1899</xmax>
			<ymax>1575</ymax>
		</bndbox>
	</object>
</annotation>