<annotation>
	<folder>top국물면류냉면기삼선짬뽕q4</folder>
	<filename>top_국물면류_냉면기_삼선짬뽕_Q4_00004.JPG</filename>
	<path>/top국물면류냉면기삼선짬뽕q4/top_국물면류_냉면기_삼선짬뽕_Q4_00004.JPG</path>
	<source>
		<database>fooddata</database>
	</source>
	<size>
		<width>3008</width>
		<height>2000</height>
		<depth>3</depth>
	</size>
	<object>
		<name>ref_spoon</name>
		<bndbox>
			<xmin>2018</xmin>
			<ymin>204</ymin>
			<xmax>2243</xmax>
			<ymax>548</ymax>
		</bndbox>
	</object>
	<object>
		<name>ref_fork</name>
		<bndbox>
			<xmin>2333</xmin>
			<ymin>220</ymin>
			<xmax>2496</xmax>
			<ymax>593</ymax>
		</bndbox>
	</object>
	<object>
		<name>ref_coin</name>
		<bndbox>
			<xmin>1064</xmin>
			<ymin>1669</ymin>
			<xmax>1256</xmax>
			<ymax>1853</ymax>
		</bndbox>
	</object>
	<object>
		<name>dish</name>
		<bndbox>
			<xmin>630</xmin>
			<ymin>233</ymin>
			<xmax>2005</xmax>
			<ymax>1583</ymax>
		</bndbox>
	</object>
	<object>
		<name>삼선짬뽕</name>
		<bndbox>
			<xmin>728</xmin>
			<ymin>315</ymin>
			<xmax>1915</xmax>
			<ymax>1505</ymax>
		</bndbox>
	</object>
</annotation>