<annotation>
	<folder>top국물면류냉면기삼선짬뽕q4</folder>
	<filename>top_국물면류_냉면기_삼선짬뽕_Q4_00005.JPG</filename>
	<path>/top국물면류냉면기삼선짬뽕q4/top_국물면류_냉면기_삼선짬뽕_Q4_00005.JPG</path>
	<source>
		<database>fooddata</database>
	</source>
	<size>
		<width>3008</width>
		<height>2000</height>
		<depth>3</depth>
	</size>
	<object>
		<name>ref_spoon</name>
		<bndbox>
			<xmin>2005</xmin>
			<ymin>212</ymin>
			<xmax>2239</xmax>
			<ymax>564</ymax>
		</bndbox>
	</object>
	<object>
		<name>ref_fork</name>
		<bndbox>
			<xmin>2320</xmin>
			<ymin>233</ymin>
			<xmax>2492</xmax>
			<ymax>609</ymax>
		</bndbox>
	</object>
	<object>
		<name>ref_coin</name>
		<bndbox>
			<xmin>667</xmin>
			<ymin>1653</ymin>
			<xmax>855</xmax>
			<ymax>1845</ymax>
		</bndbox>
	</object>
	<object>
		<name>dish</name>
		<bndbox>
			<xmin>585</xmin>
			<ymin>249</ymin>
			<xmax>1973</xmax>
			<ymax>1624</ymax>
		</bndbox>
	</object>
	<object>
		<name>삼선짬뽕</name>
		<bndbox>
			<xmin>679</xmin>
			<ymin>335</ymin>
			<xmax>1895</xmax>
			<ymax>1530</ymax>
		</bndbox>
	</object>
</annotation>