<annotation>
	<folder>top국물면류냉면기삼선짬뽕q4</folder>
	<filename>top_국물면류_냉면기_삼선짬뽕_Q4_00025.JPG</filename>
	<path>/top국물면류냉면기삼선짬뽕q4/top_국물면류_냉면기_삼선짬뽕_Q4_00025.JPG</path>
	<source>
		<database>fooddata</database>
	</source>
	<size>
		<width>3008</width>
		<height>2000</height>
		<depth>3</depth>
	</size>
	<object>
		<name>ref_spoon</name>
		<bndbox>
			<xmin>990</xmin>
			<ymin>1559</ymin>
			<xmax>1322</xmax>
			<ymax>1804</ymax>
		</bndbox>
	</object>
	<object>
		<name>ref_fork</name>
		<bndbox>
			<xmin>1085</xmin>
			<ymin>1305</ymin>
			<xmax>1428</xmax>
			<ymax>1469</ymax>
		</bndbox>
	</object>
	<object>
		<name>ref_coin</name>
		<bndbox>
			<xmin>773</xmin>
			<ymin>413</ymin>
			<xmax>933</xmax>
			<ymax>576</ymax>
		</bndbox>
	</object>
	<object>
		<name>dish</name>
		<bndbox>
			<xmin>1224</xmin>
			<ymin>106</ymin>
			<xmax>2456</xmax>
			<ymax>1325</ymax>
		</bndbox>
	</object>
	<object>
		<name>삼선짬뽕</name>
		<bndbox>
			<xmin>1297</xmin>
			<ymin>212</ymin>
			<xmax>2341</xmax>
			<ymax>1252</ymax>
		</bndbox>
	</object>
</annotation>