<annotation>
	<folder>top국물면류냉면기삼선짬뽕q4</folder>
	<filename>top_국물면류_냉면기_삼선짬뽕_Q4_00020.JPG</filename>
	<path>/top국물면류냉면기삼선짬뽕q4/top_국물면류_냉면기_삼선짬뽕_Q4_00020.JPG</path>
	<source>
		<database>fooddata</database>
	</source>
	<size>
		<width>3008</width>
		<height>2000</height>
		<depth>3</depth>
	</size>
	<object>
		<name>ref_spoon</name>
		<bndbox>
			<xmin>949</xmin>
			<ymin>1555</ymin>
			<xmax>1269</xmax>
			<ymax>1776</ymax>
		</bndbox>
	</object>
	<object>
		<name>ref_fork</name>
		<bndbox>
			<xmin>1031</xmin>
			<ymin>1313</ymin>
			<xmax>1375</xmax>
			<ymax>1465</ymax>
		</bndbox>
	</object>
	<object>
		<name>ref_coin</name>
		<bndbox>
			<xmin>2345</xmin>
			<ymin>380</ymin>
			<xmax>2496</xmax>
			<ymax>531</ymax>
		</bndbox>
	</object>
	<object>
		<name>dish</name>
		<bndbox>
			<xmin>1146</xmin>
			<ymin>147</ymin>
			<xmax>2341</xmax>
			<ymax>1338</ymax>
		</bndbox>
	</object>
	<object>
		<name>삼선짬뽕</name>
		<bndbox>
			<xmin>1211</xmin>
			<ymin>245</ymin>
			<xmax>2243</xmax>
			<ymax>1272</ymax>
		</bndbox>
	</object>
</annotation>