<annotation>
	<folder>top국물면류냉면기삼선짬뽕q4</folder>
	<filename>top_국물면류_냉면기_삼선짬뽕_Q4_00053.JPG</filename>
	<path>/top국물면류냉면기삼선짬뽕q4/top_국물면류_냉면기_삼선짬뽕_Q4_00053.JPG</path>
	<source>
		<database>fooddata</database>
	</source>
	<size>
		<width>3008</width>
		<height>2000</height>
		<depth>3</depth>
	</size>
	<object>
		<name>ref_spoon</name>
		<bndbox>
			<xmin>303</xmin>
			<ymin>724</ymin>
			<xmax>557</xmax>
			<ymax>1088</ymax>
		</bndbox>
	</object>
	<object>
		<name>ref_fork</name>
		<bndbox>
			<xmin>700</xmin>
			<ymin>707</ymin>
			<xmax>864</xmax>
			<ymax>1108</ymax>
		</bndbox>
	</object>
	<object>
		<name>ref_coin</name>
		<bndbox>
			<xmin>2022</xmin>
			<ymin>126</ymin>
			<xmax>2194</xmax>
			<ymax>294</ymax>
		</bndbox>
	</object>
	<object>
		<name>dish</name>
		<bndbox>
			<xmin>1162</xmin>
			<ymin>339</ymin>
			<xmax>2586</xmax>
			<ymax>1735</ymax>
		</bndbox>
	</object>
	<object>
		<name>삼선짬뽕</name>
		<bndbox>
			<xmin>1265</xmin>
			<ymin>458</ymin>
			<xmax>2492</xmax>
			<ymax>1649</ymax>
		</bndbox>
	</object>
</annotation>