<annotation>
	<folder>top국물면류냉면기삼선짬뽕q4</folder>
	<filename>top_국물면류_냉면기_삼선짬뽕_Q4_00050.JPG</filename>
	<path>/top국물면류냉면기삼선짬뽕q4/top_국물면류_냉면기_삼선짬뽕_Q4_00050.JPG</path>
	<source>
		<database>fooddata</database>
	</source>
	<size>
		<width>3008</width>
		<height>2000</height>
		<depth>3</depth>
	</size>
	<object>
		<name>ref_spoon</name>
		<bndbox>
			<xmin>344</xmin>
			<ymin>683</ymin>
			<xmax>602</xmax>
			<ymax>1059</ymax>
		</bndbox>
	</object>
	<object>
		<name>ref_fork</name>
		<bndbox>
			<xmin>741</xmin>
			<ymin>675</ymin>
			<xmax>913</xmax>
			<ymax>1084</ymax>
		</bndbox>
	</object>
	<object>
		<name>ref_coin</name>
		<bndbox>
			<xmin>2697</xmin>
			<ymin>740</ymin>
			<xmax>2877</xmax>
			<ymax>920</ymax>
		</bndbox>
	</object>
	<object>
		<name>dish</name>
		<bndbox>
			<xmin>1211</xmin>
			<ymin>323</ymin>
			<xmax>2672</xmax>
			<ymax>1743</ymax>
		</bndbox>
	</object>
	<object>
		<name>삼선짬뽕</name>
		<bndbox>
			<xmin>1297</xmin>
			<ymin>421</ymin>
			<xmax>2586</xmax>
			<ymax>1657</ymax>
		</bndbox>
	</object>
</annotation>