<annotation>
	<folder>side어육류면적접시돼지갈비q1</folder>
	<filename>side_어육류면적_접시_돼지갈비_Q1_00012.JPG</filename>
	<path>/side어육류면적접시돼지갈비q1/side_어육류면적_접시_돼지갈비_Q1_00012.JPG</path>
	<source>
		<database>fooddata</database>
	</source>
	<size>
		<width>5472</width>
		<height>3648</height>
		<depth>3</depth>
	</size>
	<object>
		<name>ref_spoon</name>
		<bndbox>
			<xmin>1145</xmin>
			<ymin>937</ymin>
			<xmax>1634</xmax>
			<ymax>1627</ymax>
		</bndbox>
	</object>
	<object>
		<name>ref_fork</name>
		<bndbox>
			<xmin>571</xmin>
			<ymin>977</ymin>
			<xmax>912</xmax>
			<ymax>1743</ymax>
		</bndbox>
	</object>
	<object>
		<name>ref_coin</name>
		<bndbox>
			<xmin>1620</xmin>
			<ymin>2689</ymin>
			<xmax>2014</xmax>
			<ymax>3016</ymax>
		</bndbox>
	</object>
	<object>
		<name>dish</name>
		<bndbox>
			<xmin>1674</xmin>
			<ymin>955</ymin>
			<xmax>5295</xmax>
			<ymax>2577</ymax>
		</bndbox>
	</object>
	<object>
		<name>돼지갈비</name>
		<bndbox>
			<xmin>2637</xmin>
			<ymin>1389</ymin>
			<xmax>4215</xmax>
			<ymax>2339</ymax>
		</bndbox>
	</object>
</annotation>