<annotation>
	<folder>side어육류면적접시돼지갈비q1</folder>
	<filename>side_어육류면적_접시_돼지갈비_Q1_00015.JPG</filename>
	<path>/side어육류면적접시돼지갈비q1/side_어육류면적_접시_돼지갈비_Q1_00015.JPG</path>
	<source>
		<database>fooddata</database>
	</source>
	<size>
		<width>5472</width>
		<height>3648</height>
		<depth>3</depth>
	</size>
	<object>
		<name>ref_spoon</name>
		<bndbox>
			<xmin>1212</xmin>
			<ymin>946</ymin>
			<xmax>1678</xmax>
			<ymax>1640</ymax>
		</bndbox>
	</object>
	<object>
		<name>ref_fork</name>
		<bndbox>
			<xmin>652</xmin>
			<ymin>968</ymin>
			<xmax>984</xmax>
			<ymax>1690</ymax>
		</bndbox>
	</object>
	<object>
		<name>ref_coin</name>
		<bndbox>
			<xmin>1804</xmin>
			<ymin>2496</ymin>
			<xmax>2176</xmax>
			<ymax>2810</ymax>
		</bndbox>
	</object>
	<object>
		<name>dish</name>
		<bndbox>
			<xmin>2113</xmin>
			<ymin>722</ymin>
			<xmax>4757</xmax>
			<ymax>3092</ymax>
		</bndbox>
	</object>
	<object>
		<name>돼지갈비</name>
		<bndbox>
			<xmin>2790</xmin>
			<ymin>1398</ymin>
			<xmax>3968</xmax>
			<ymax>2510</ymax>
		</bndbox>
	</object>
</annotation>