<annotation>
	<folder>side어육류면적접시돼지갈비q1</folder>
	<filename>side_어육류면적_접시_돼지갈비_Q1_00020.JPG</filename>
	<path>/side어육류면적접시돼지갈비q1/side_어육류면적_접시_돼지갈비_Q1_00020.JPG</path>
	<source>
		<database>fooddata</database>
	</source>
	<size>
		<width>5472</width>
		<height>3648</height>
		<depth>3</depth>
	</size>
	<object>
		<name>ref_spoon</name>
		<bndbox>
			<xmin>1342</xmin>
			<ymin>964</ymin>
			<xmax>1813</xmax>
			<ymax>1649</ymax>
		</bndbox>
	</object>
	<object>
		<name>ref_fork</name>
		<bndbox>
			<xmin>773</xmin>
			<ymin>986</ymin>
			<xmax>1114</xmax>
			<ymax>1725</ymax>
		</bndbox>
	</object>
	<object>
		<name>ref_coin</name>
		<bndbox>
			<xmin>2530</xmin>
			<ymin>1165</ymin>
			<xmax>2857</xmax>
			<ymax>1416</ymax>
		</bndbox>
	</object>
	<object>
		<name>dish</name>
		<bndbox>
			<xmin>1934</xmin>
			<ymin>1161</ymin>
			<xmax>5044</xmax>
			<ymax>3236</ymax>
		</bndbox>
	</object>
	<object>
		<name>돼지갈비</name>
		<bndbox>
			<xmin>2906</xmin>
			<ymin>1869</ymin>
			<xmax>4345</xmax>
			<ymax>2832</ymax>
		</bndbox>
	</object>
</annotation>