<annotation>
	<folder>side어육류면적접시돼지갈비q1</folder>
	<filename>side_어육류면적_접시_돼지갈비_Q1_00005.JPG</filename>
	<path>/side어육류면적접시돼지갈비q1/side_어육류면적_접시_돼지갈비_Q1_00005.JPG</path>
	<source>
		<database>fooddata</database>
	</source>
	<size>
		<width>5472</width>
		<height>3648</height>
		<depth>3</depth>
	</size>
	<object>
		<name>ref_spoon</name>
		<bndbox>
			<xmin>4013</xmin>
			<ymin>1080</ymin>
			<xmax>4502</xmax>
			<ymax>1770</ymax>
		</bndbox>
	</object>
	<object>
		<name>ref_fork</name>
		<bndbox>
			<xmin>4829</xmin>
			<ymin>1179</ymin>
			<xmax>5174</xmax>
			<ymax>1941</ymax>
		</bndbox>
	</object>
	<object>
		<name>ref_coin</name>
		<bndbox>
			<xmin>908</xmin>
			<ymin>2393</ymin>
			<xmax>1302</xmax>
			<ymax>2707</ymax>
		</bndbox>
	</object>
	<object>
		<name>dish</name>
		<bndbox>
			<xmin>1387</xmin>
			<ymin>529</ymin>
			<xmax>3664</xmax>
			<ymax>3034</ymax>
		</bndbox>
	</object>
	<object>
		<name>돼지갈비</name>
		<bndbox>
			<xmin>1907</xmin>
			<ymin>1259</ymin>
			<xmax>3054</xmax>
			<ymax>2442</ymax>
		</bndbox>
	</object>
</annotation>