<annotation>
	<folder>side어육류면적접시돼지갈비q1</folder>
	<filename>side_어육류면적_접시_돼지갈비_Q1_00027.JPG</filename>
	<path>/side어육류면적접시돼지갈비q1/side_어육류면적_접시_돼지갈비_Q1_00027.JPG</path>
	<source>
		<database>fooddata</database>
	</source>
	<size>
		<width>5472</width>
		<height>3648</height>
		<depth>3</depth>
	</size>
	<object>
		<name>ref_spoon</name>
		<bndbox>
			<xmin>1271</xmin>
			<ymin>2734</ymin>
			<xmax>2127</xmax>
			<ymax>3191</ymax>
		</bndbox>
	</object>
	<object>
		<name>ref_fork</name>
		<bndbox>
			<xmin>1441</xmin>
			<ymin>2326</ymin>
			<xmax>2333</xmax>
			<ymax>2680</ymax>
		</bndbox>
	</object>
	<object>
		<name>ref_coin</name>
		<bndbox>
			<xmin>4542</xmin>
			<ymin>883</ymin>
			<xmax>4878</xmax>
			<ymax>1120</ymax>
		</bndbox>
	</object>
	<object>
		<name>dish</name>
		<bndbox>
			<xmin>912</xmin>
			<ymin>609</ymin>
			<xmax>4201</xmax>
			<ymax>2035</ymax>
		</bndbox>
	</object>
	<object>
		<name>돼지갈비</name>
		<bndbox>
			<xmin>1710</xmin>
			<ymin>1138</ymin>
			<xmax>3758</xmax>
			<ymax>1806</ymax>
		</bndbox>
	</object>
</annotation>