<annotation>
	<folder>side어육류면적접시돼지갈비q1</folder>
	<filename>side_어육류면적_접시_돼지갈비_Q1_00022.JPG</filename>
	<path>/side어육류면적접시돼지갈비q1/side_어육류면적_접시_돼지갈비_Q1_00022.JPG</path>
	<source>
		<database>fooddata</database>
	</source>
	<size>
		<width>5472</width>
		<height>3648</height>
		<depth>3</depth>
	</size>
	<object>
		<name>ref_spoon</name>
		<bndbox>
			<xmin>1436</xmin>
			<ymin>1004</ymin>
			<xmax>1902</xmax>
			<ymax>1676</ymax>
		</bndbox>
	</object>
	<object>
		<name>ref_fork</name>
		<bndbox>
			<xmin>872</xmin>
			<ymin>1026</ymin>
			<xmax>1208</xmax>
			<ymax>1761</ymax>
		</bndbox>
	</object>
	<object>
		<name>ref_coin</name>
		<bndbox>
			<xmin>3874</xmin>
			<ymin>1089</ymin>
			<xmax>4206</xmax>
			<ymax>1349</ymax>
		</bndbox>
	</object>
	<object>
		<name>dish</name>
		<bndbox>
			<xmin>1790</xmin>
			<ymin>1425</ymin>
			<xmax>5335</xmax>
			<ymax>3276</ymax>
		</bndbox>
	</object>
	<object>
		<name>돼지갈비</name>
		<bndbox>
			<xmin>2727</xmin>
			<ymin>2039</ymin>
			<xmax>4246</xmax>
			<ymax>3039</ymax>
		</bndbox>
	</object>
</annotation>