<annotation>
	<folder>side어육류면적접시돼지갈비q1</folder>
	<filename>side_어육류면적_접시_돼지갈비_Q1_00037.JPG</filename>
	<path>/side어육류면적접시돼지갈비q1/side_어육류면적_접시_돼지갈비_Q1_00037.JPG</path>
	<source>
		<database>fooddata</database>
	</source>
	<size>
		<width>5472</width>
		<height>3648</height>
		<depth>3</depth>
	</size>
	<object>
		<name>ref_spoon</name>
		<bndbox>
			<xmin>1423</xmin>
			<ymin>2850</ymin>
			<xmax>2270</xmax>
			<ymax>3307</ymax>
		</bndbox>
	</object>
	<object>
		<name>ref_fork</name>
		<bndbox>
			<xmin>1593</xmin>
			<ymin>2442</ymin>
			<xmax>2445</xmax>
			<ymax>2797</ymax>
		</bndbox>
	</object>
	<object>
		<name>ref_coin</name>
		<bndbox>
			<xmin>580</xmin>
			<ymin>820</ymin>
			<xmax>903</xmax>
			<ymax>1067</ymax>
		</bndbox>
	</object>
	<object>
		<name>dish</name>
		<bndbox>
			<xmin>1078</xmin>
			<ymin>717</ymin>
			<xmax>4367</xmax>
			<ymax>2156</ymax>
		</bndbox>
	</object>
	<object>
		<name>돼지갈비</name>
		<bndbox>
			<xmin>1741</xmin>
			<ymin>1080</ymin>
			<xmax>3601</xmax>
			<ymax>1775</ymax>
		</bndbox>
	</object>
</annotation>