<annotation>
	<folder>side어육류면적접시돼지갈비q1</folder>
	<filename>side_어육류면적_접시_돼지갈비_Q1_00028.JPG</filename>
	<path>/side어육류면적접시돼지갈비q1/side_어육류면적_접시_돼지갈비_Q1_00028.JPG</path>
	<source>
		<database>fooddata</database>
	</source>
	<size>
		<width>5472</width>
		<height>3648</height>
		<depth>3</depth>
	</size>
	<object>
		<name>ref_spoon</name>
		<bndbox>
			<xmin>1288</xmin>
			<ymin>2761</ymin>
			<xmax>2149</xmax>
			<ymax>3222</ymax>
		</bndbox>
	</object>
	<object>
		<name>ref_fork</name>
		<bndbox>
			<xmin>1459</xmin>
			<ymin>2353</ymin>
			<xmax>2310</xmax>
			<ymax>2707</ymax>
		</bndbox>
	</object>
	<object>
		<name>ref_coin</name>
		<bndbox>
			<xmin>3924</xmin>
			<ymin>551</ymin>
			<xmax>4246</xmax>
			<ymax>775</ymax>
		</bndbox>
	</object>
	<object>
		<name>dish</name>
		<bndbox>
			<xmin>925</xmin>
			<ymin>650</ymin>
			<xmax>4224</xmax>
			<ymax>2057</ymax>
		</bndbox>
	</object>
	<object>
		<name>돼지갈비</name>
		<bndbox>
			<xmin>2525</xmin>
			<ymin>968</ymin>
			<xmax>3776</xmax>
			<ymax>1837</ymax>
		</bndbox>
	</object>
</annotation>