<annotation>
	<folder>side어육류면적접시돼지갈비q1</folder>
	<filename>side_어육류면적_접시_돼지갈비_Q1_00038.JPG</filename>
	<path>/side어육류면적접시돼지갈비q1/side_어육류면적_접시_돼지갈비_Q1_00038.JPG</path>
	<source>
		<database>fooddata</database>
	</source>
	<size>
		<width>5472</width>
		<height>3648</height>
		<depth>3</depth>
	</size>
	<object>
		<name>ref_spoon</name>
		<bndbox>
			<xmin>1445</xmin>
			<ymin>2828</ymin>
			<xmax>2274</xmax>
			<ymax>3276</ymax>
		</bndbox>
	</object>
	<object>
		<name>ref_fork</name>
		<bndbox>
			<xmin>1607</xmin>
			<ymin>2407</ymin>
			<xmax>2458</xmax>
			<ymax>2761</ymax>
		</bndbox>
	</object>
	<object>
		<name>ref_coin</name>
		<bndbox>
			<xmin>424</xmin>
			<ymin>753</ymin>
			<xmax>755</xmax>
			<ymax>995</ymax>
		</bndbox>
	</object>
	<object>
		<name>dish</name>
		<bndbox>
			<xmin>1091</xmin>
			<ymin>686</ymin>
			<xmax>4399</xmax>
			<ymax>2115</ymax>
		</bndbox>
	</object>
	<object>
		<name>돼지갈비</name>
		<bndbox>
			<xmin>1763</xmin>
			<ymin>1040</ymin>
			<xmax>3610</xmax>
			<ymax>1878</ymax>
		</bndbox>
	</object>
</annotation>