<annotation>
	<folder>side어육류면적접시돼지갈비q1</folder>
	<filename>side_어육류면적_접시_돼지갈비_Q1_00054.JPG</filename>
	<path>/side어육류면적접시돼지갈비q1/side_어육류면적_접시_돼지갈비_Q1_00054.JPG</path>
	<source>
		<database>fooddata</database>
	</source>
	<size>
		<width>5472</width>
		<height>3648</height>
		<depth>3</depth>
	</size>
	<object>
		<name>ref_spoon</name>
		<bndbox>
			<xmin>1495</xmin>
			<ymin>2667</ymin>
			<xmax>2310</xmax>
			<ymax>3119</ymax>
		</bndbox>
	</object>
	<object>
		<name>ref_fork</name>
		<bndbox>
			<xmin>1602</xmin>
			<ymin>2281</ymin>
			<xmax>2449</xmax>
			<ymax>2640</ymax>
		</bndbox>
	</object>
	<object>
		<name>ref_coin</name>
		<bndbox>
			<xmin>3623</xmin>
			<ymin>296</ymin>
			<xmax>3942</xmax>
			<ymax>515</ymax>
		</bndbox>
	</object>
	<object>
		<name>dish</name>
		<bndbox>
			<xmin>1109</xmin>
			<ymin>596</ymin>
			<xmax>4403</xmax>
			<ymax>2003</ymax>
		</bndbox>
	</object>
	<object>
		<name>돼지갈비</name>
		<bndbox>
			<xmin>1625</xmin>
			<ymin>1004</ymin>
			<xmax>3112</xmax>
			<ymax>1739</ymax>
		</bndbox>
	</object>
</annotation>