<annotation>
	<folder>side어육류면적접시돼지갈비q1</folder>
	<filename>side_어육류면적_접시_돼지갈비_Q1_00010.JPG</filename>
	<path>/side어육류면적접시돼지갈비q1/side_어육류면적_접시_돼지갈비_Q1_00010.JPG</path>
	<source>
		<database>fooddata</database>
	</source>
	<size>
		<width>5472</width>
		<height>3648</height>
		<depth>3</depth>
	</size>
	<object>
		<name>ref_spoon</name>
		<bndbox>
			<xmin>4009</xmin>
			<ymin>986</ymin>
			<xmax>4511</xmax>
			<ymax>1685</ymax>
		</bndbox>
	</object>
	<object>
		<name>ref_fork</name>
		<bndbox>
			<xmin>4833</xmin>
			<ymin>1120</ymin>
			<xmax>5178</xmax>
			<ymax>1896</ymax>
		</bndbox>
	</object>
	<object>
		<name>ref_coin</name>
		<bndbox>
			<xmin>2682</xmin>
			<ymin>1192</ymin>
			<xmax>3054</xmax>
			<ymax>1470</ymax>
		</bndbox>
	</object>
	<object>
		<name>dish</name>
		<bndbox>
			<xmin>7</xmin>
			<ymin>1058</ymin>
			<xmax>3596</xmax>
			<ymax>3070</ymax>
		</bndbox>
	</object>
	<object>
		<name>돼지갈비</name>
		<bndbox>
			<xmin>1011</xmin>
			<ymin>1770</ymin>
			<xmax>2467</xmax>
			<ymax>2792</ymax>
		</bndbox>
	</object>
</annotation>