<annotation>
	<folder>top어육류면적접시돼지갈비q1</folder>
	<filename>top_어육류면적_접시_돼지갈비_Q1_00037.JPG</filename>
	<path>/top어육류면적접시돼지갈비q1/top_어육류면적_접시_돼지갈비_Q1_00037.JPG</path>
	<source>
		<database>fooddata</database>
	</source>
	<size>
		<width>720</width>
		<height>480</height>
		<depth>3</depth>
	</size>
	<object>
		<name>ref_spoon</name>
		<bndbox>
			<xmin>254</xmin>
			<ymin>357</ymin>
			<xmax>348</xmax>
			<ymax>417</ymax>
		</bndbox>
	</object>
	<object>
		<name>ref_fork</name>
		<bndbox>
			<xmin>290</xmin>
			<ymin>306</ymin>
			<xmax>389</xmax>
			<ymax>345</ymax>
		</bndbox>
	</object>
	<object>
		<name>ref_coin</name>
		<bndbox>
			<xmin>165</xmin>
			<ymin>74</ymin>
			<xmax>204</xmax>
			<ymax>113</ymax>
		</bndbox>
	</object>
	<object>
		<name>dish</name>
		<bndbox>
			<xmin>237</xmin>
			<ymin>45</ymin>
			<xmax>635</xmax>
			<ymax>277</ymax>
		</bndbox>
	</object>
	<object>
		<name>돼지갈비</name>
		<bndbox>
			<xmin>277</xmin>
			<ymin>111</ymin>
			<xmax>483</xmax>
			<ymax>244</ymax>
		</bndbox>
	</object>
</annotation>