<annotation>
	<folder>top어육류면적접시돼지갈비q1</folder>
	<filename>top_어육류면적_접시_돼지갈비_Q1_00021.JPG</filename>
	<path>/top어육류면적접시돼지갈비q1/top_어육류면적_접시_돼지갈비_Q1_00021.JPG</path>
	<source>
		<database>fooddata</database>
	</source>
	<size>
		<width>720</width>
		<height>480</height>
		<depth>3</depth>
	</size>
	<object>
		<name>ref_spoon</name>
		<bndbox>
			<xmin>209</xmin>
			<ymin>349</ymin>
			<xmax>304</xmax>
			<ymax>410</ymax>
		</bndbox>
	</object>
	<object>
		<name>ref_fork</name>
		<bndbox>
			<xmin>243</xmin>
			<ymin>297</ymin>
			<xmax>345</xmax>
			<ymax>335</ymax>
		</bndbox>
	</object>
	<object>
		<name>ref_coin</name>
		<bndbox>
			<xmin>583</xmin>
			<ymin>171</ymin>
			<xmax>626</xmax>
			<ymax>212</ymax>
		</bndbox>
	</object>
	<object>
		<name>dish</name>
		<bndbox>
			<xmin>187</xmin>
			<ymin>29</ymin>
			<xmax>586</xmax>
			<ymax>262</ymax>
		</bndbox>
	</object>
	<object>
		<name>돼지갈비</name>
		<bndbox>
			<xmin>253</xmin>
			<ymin>110</ymin>
			<xmax>462</xmax>
			<ymax>209</ymax>
		</bndbox>
	</object>
</annotation>