<annotation>
	<folder>top어육류면적접시돼지갈비q1</folder>
	<filename>top_어육류면적_접시_돼지갈비_Q1_00029.JPG</filename>
	<path>/top어육류면적접시돼지갈비q1/top_어육류면적_접시_돼지갈비_Q1_00029.JPG</path>
	<source>
		<database>fooddata</database>
	</source>
	<size>
		<width>720</width>
		<height>480</height>
		<depth>3</depth>
	</size>
	<object>
		<name>ref_spoon</name>
		<bndbox>
			<xmin>220</xmin>
			<ymin>389</ymin>
			<xmax>316</xmax>
			<ymax>451</ymax>
		</bndbox>
	</object>
	<object>
		<name>ref_fork</name>
		<bndbox>
			<xmin>255</xmin>
			<ymin>338</ymin>
			<xmax>358</xmax>
			<ymax>377</ymax>
		</bndbox>
	</object>
	<object>
		<name>ref_coin</name>
		<bndbox>
			<xmin>386</xmin>
			<ymin>14</ymin>
			<xmax>426</xmax>
			<ymax>50</ymax>
		</bndbox>
	</object>
	<object>
		<name>dish</name>
		<bndbox>
			<xmin>206</xmin>
			<ymin>84</ymin>
			<xmax>596</xmax>
			<ymax>307</ymax>
		</bndbox>
	</object>
	<object>
		<name>돼지갈비</name>
		<bndbox>
			<xmin>280</xmin>
			<ymin>123</ymin>
			<xmax>499</xmax>
			<ymax>281</ymax>
		</bndbox>
	</object>
</annotation>