<annotation>
	<folder>top어육류면적접시돼지갈비q1</folder>
	<filename>top_어육류면적_접시_돼지갈비_Q1_00048.JPG</filename>
	<path>/top어육류면적접시돼지갈비q1/top_어육류면적_접시_돼지갈비_Q1_00048.JPG</path>
	<source>
		<database>fooddata</database>
	</source>
	<size>
		<width>720</width>
		<height>480</height>
		<depth>3</depth>
	</size>
	<object>
		<name>ref_spoon</name>
		<bndbox>
			<xmin>246</xmin>
			<ymin>323</ymin>
			<xmax>339</xmax>
			<ymax>380</ymax>
		</bndbox>
	</object>
	<object>
		<name>ref_fork</name>
		<bndbox>
			<xmin>277</xmin>
			<ymin>272</ymin>
			<xmax>378</xmax>
			<ymax>310</ymax>
		</bndbox>
	</object>
	<object>
		<name>ref_coin</name>
		<bndbox>
			<xmin>603</xmin>
			<ymin>190</ymin>
			<xmax>644</xmax>
			<ymax>231</ymax>
		</bndbox>
	</object>
	<object>
		<name>dish</name>
		<bndbox>
			<xmin>223</xmin>
			<ymin>26</ymin>
			<xmax>609</xmax>
			<ymax>249</ymax>
		</bndbox>
	</object>
	<object>
		<name>돼지갈비</name>
		<bndbox>
			<xmin>398</xmin>
			<ymin>93</ymin>
			<xmax>528</xmax>
			<ymax>204</ymax>
		</bndbox>
	</object>
</annotation>