<annotation>
	<folder>top어육류면적접시돼지갈비q1</folder>
	<filename>top_어육류면적_접시_돼지갈비_Q1_00046.JPG</filename>
	<path>/top어육류면적접시돼지갈비q1/top_어육류면적_접시_돼지갈비_Q1_00046.JPG</path>
	<source>
		<database>fooddata</database>
	</source>
	<size>
		<width>720</width>
		<height>480</height>
		<depth>3</depth>
	</size>
	<object>
		<name>ref_spoon</name>
		<bndbox>
			<xmin>237</xmin>
			<ymin>373</ymin>
			<xmax>331</xmax>
			<ymax>432</ymax>
		</bndbox>
	</object>
	<object>
		<name>ref_fork</name>
		<bndbox>
			<xmin>269</xmin>
			<ymin>319</ymin>
			<xmax>369</xmax>
			<ymax>357</ymax>
		</bndbox>
	</object>
	<object>
		<name>ref_coin</name>
		<bndbox>
			<xmin>585</xmin>
			<ymin>94</ymin>
			<xmax>626</xmax>
			<ymax>133</ymax>
		</bndbox>
	</object>
	<object>
		<name>dish</name>
		<bndbox>
			<xmin>208</xmin>
			<ymin>67</ymin>
			<xmax>600</xmax>
			<ymax>295</ymax>
		</bndbox>
	</object>
	<object>
		<name>돼지갈비</name>
		<bndbox>
			<xmin>285</xmin>
			<ymin>118</ymin>
			<xmax>520</xmax>
			<ymax>238</ymax>
		</bndbox>
	</object>
</annotation>