<annotation>
	<folder>top어육류면적접시돼지갈비q1</folder>
	<filename>top_어육류면적_접시_돼지갈비_Q1_00038.JPG</filename>
	<path>/top어육류면적접시돼지갈비q1/top_어육류면적_접시_돼지갈비_Q1_00038.JPG</path>
	<source>
		<database>fooddata</database>
	</source>
	<size>
		<width>720</width>
		<height>480</height>
		<depth>3</depth>
	</size>
	<object>
		<name>ref_spoon</name>
		<bndbox>
			<xmin>269</xmin>
			<ymin>376</ymin>
			<xmax>368</xmax>
			<ymax>438</ymax>
		</bndbox>
	</object>
	<object>
		<name>ref_fork</name>
		<bndbox>
			<xmin>303</xmin>
			<ymin>321</ymin>
			<xmax>404</xmax>
			<ymax>361</ymax>
		</bndbox>
	</object>
	<object>
		<name>ref_coin</name>
		<bndbox>
			<xmin>136</xmin>
			<ymin>173</ymin>
			<xmax>178</xmax>
			<ymax>214</ymax>
		</bndbox>
	</object>
	<object>
		<name>dish</name>
		<bndbox>
			<xmin>244</xmin>
			<ymin>53</ymin>
			<xmax>648</xmax>
			<ymax>287</ymax>
		</bndbox>
	</object>
	<object>
		<name>돼지갈비</name>
		<bndbox>
			<xmin>320</xmin>
			<ymin>127</ymin>
			<xmax>533</xmax>
			<ymax>235</ymax>
		</bndbox>
	</object>
</annotation>