<annotation>
	<folder>rework190files</folder>
	<filename>side_생선찜류_접시_병어찜_Q1_00053.JPG</filename>
	<path>/side생선찜류접시병어찜q1/side_생선찜류_접시_병어찜_Q1_00053.JPG</path>
	<source>
		<database>fooddata</database>
	</source>
	<size>
		<width>720</width>
		<height>480</height>
		<depth>3</depth>
	</size>
	<object>
		<name>ref_spoon</name>
		<bndbox>
			<xmin>375</xmin>
			<ymin>297</ymin>
			<xmax>489</xmax>
			<ymax>360</ymax>
		</bndbox>
	</object>
	<object>
		<name>ref_fork</name>
		<bndbox>
			<xmin>370</xmin>
			<ymin>361</ymin>
			<xmax>501</xmax>
			<ymax>422</ymax>
		</bndbox>
	</object>
	<object>
		<name>ref_coin</name>
		<bndbox>
			<xmin>288</xmin>
			<ymin>40</ymin>
			<xmax>332</xmax>
			<ymax>70</ymax>
		</bndbox>
	</object>
	<object>
		<name>dish</name>
		<bndbox>
			<xmin>56</xmin>
			<ymin>89</ymin>
			<xmax>507</xmax>
			<ymax>278</ymax>
		</bndbox>
	</object>
	<object>
		<name>병어찜</name>
		<bndbox>
			<xmin>133</xmin>
			<ymin>191</ymin>
			<xmax>270</xmax>
			<ymax>247</ymax>
		</bndbox>
	</object>
</annotation>