<annotation>
	<folder>side생선찜류접시병어찜q1</folder>
	<filename>side_생선찜류_접시_병어찜_Q1_00016.JPG</filename>
	<path>/side생선찜류접시병어찜q1/side_생선찜류_접시_병어찜_Q1_00016.JPG</path>
	<source>
		<database>fooddata</database>
	</source>
	<size>
		<width>720</width>
		<height>480</height>
		<depth>3</depth>
	</size>
	<object>
		<name>ref_spoon</name>
		<bndbox>
			<xmin>527</xmin>
			<ymin>101</ymin>
			<xmax>596</xmax>
			<ymax>201</ymax>
		</bndbox>
	</object>
	<object>
		<name>ref_fork</name>
		<bndbox>
			<xmin>609</xmin>
			<ymin>94</ymin>
			<xmax>660</xmax>
			<ymax>201</ymax>
		</bndbox>
	</object>
	<object>
		<name>ref_coin</name>
		<bndbox>
			<xmin>129</xmin>
			<ymin>238</ymin>
			<xmax>184</xmax>
			<ymax>285</ymax>
		</bndbox>
	</object>
	<object>
		<name>dish</name>
		<bndbox>
			<xmin>212</xmin>
			<ymin>66</ymin>
			<xmax>529</xmax>
			<ymax>373</ymax>
		</bndbox>
	</object>
	<object>
		<name>병어찜</name>
		<bndbox>
			<xmin>324</xmin>
			<ymin>195</ymin>
			<xmax>448</xmax>
			<ymax>285</ymax>
		</bndbox>
	</object>
</annotation>