<annotation>
	<folder>side생선찜류접시병어찜q1</folder>
	<filename>side_생선찜류_접시_병어찜_Q1_00028.JPG</filename>
	<path>/side생선찜류접시병어찜q1/side_생선찜류_접시_병어찜_Q1_00028.JPG</path>
	<source>
		<database>fooddata</database>
	</source>
	<size>
		<width>720</width>
		<height>480</height>
		<depth>3</depth>
	</size>
	<object>
		<name>ref_spoon</name>
		<bndbox>
			<xmin>36</xmin>
			<ymin>139</ymin>
			<xmax>107</xmax>
			<ymax>242</ymax>
		</bndbox>
	</object>
	<object>
		<name>ref_fork</name>
		<bndbox>
			<xmin>122</xmin>
			<ymin>135</ymin>
			<xmax>169</xmax>
			<ymax>255</ymax>
		</bndbox>
	</object>
	<object>
		<name>ref_coin</name>
		<bndbox>
			<xmin>553</xmin>
			<ymin>274</ymin>
			<xmax>606</xmax>
			<ymax>319</ymax>
		</bndbox>
	</object>
	<object>
		<name>dish</name>
		<bndbox>
			<xmin>231</xmin>
			<ymin>77</ymin>
			<xmax>540</xmax>
			<ymax>371</ymax>
		</bndbox>
	</object>
	<object>
		<name>병어찜</name>
		<bndbox>
			<xmin>309</xmin>
			<ymin>234</ymin>
			<xmax>431</xmax>
			<ymax>315</ymax>
		</bndbox>
	</object>
</annotation>