<annotation>
	<folder>side생선찜류접시병어찜q1</folder>
	<filename>side_생선찜류_접시_병어찜_Q1_00017.JPG</filename>
	<path>/side생선찜류접시병어찜q1/side_생선찜류_접시_병어찜_Q1_00017.JPG</path>
	<source>
		<database>fooddata</database>
	</source>
	<size>
		<width>720</width>
		<height>480</height>
		<depth>3</depth>
	</size>
	<object>
		<name>ref_spoon</name>
		<bndbox>
			<xmin>71</xmin>
			<ymin>159</ymin>
			<xmax>135</xmax>
			<ymax>261</ymax>
		</bndbox>
	</object>
	<object>
		<name>ref_fork</name>
		<bndbox>
			<xmin>152</xmin>
			<ymin>161</ymin>
			<xmax>201</xmax>
			<ymax>276</ymax>
		</bndbox>
	</object>
	<object>
		<name>ref_coin</name>
		<bndbox>
			<xmin>602</xmin>
			<ymin>381</ymin>
			<xmax>656</xmax>
			<ymax>424</ymax>
		</bndbox>
	</object>
	<object>
		<name>dish</name>
		<bndbox>
			<xmin>221</xmin>
			<ymin>148</ymin>
			<xmax>654</xmax>
			<ymax>330</ymax>
		</bndbox>
	</object>
	<object>
		<name>병어찜</name>
		<bndbox>
			<xmin>330</xmin>
			<ymin>206</ymin>
			<xmax>444</xmax>
			<ymax>300</ymax>
		</bndbox>
	</object>
</annotation>