<annotation>
	<folder>side생선찜류접시병어찜q1</folder>
	<filename>side_생선찜류_접시_병어찜_Q1_00011.JPG</filename>
	<path>/side생선찜류접시병어찜q1/side_생선찜류_접시_병어찜_Q1_00011.JPG</path>
	<source>
		<database>fooddata</database>
	</source>
	<size>
		<width>720</width>
		<height>480</height>
		<depth>3</depth>
	</size>
	<object>
		<name>ref_spoon</name>
		<bndbox>
			<xmin>519</xmin>
			<ymin>103</ymin>
			<xmax>583</xmax>
			<ymax>208</ymax>
		</bndbox>
	</object>
	<object>
		<name>ref_fork</name>
		<bndbox>
			<xmin>598</xmin>
			<ymin>105</ymin>
			<xmax>645</xmax>
			<ymax>216</ymax>
		</bndbox>
	</object>
	<object>
		<name>ref_coin</name>
		<bndbox>
			<xmin>257</xmin>
			<ymin>390</ymin>
			<xmax>313</xmax>
			<ymax>435</ymax>
		</bndbox>
	</object>
	<object>
		<name>dish</name>
		<bndbox>
			<xmin>133</xmin>
			<ymin>66</ymin>
			<xmax>478</xmax>
			<ymax>341</ymax>
		</bndbox>
	</object>
	<object>
		<name>병어찜</name>
		<bndbox>
			<xmin>214</xmin>
			<ymin>176</ymin>
			<xmax>351</xmax>
			<ymax>264</ymax>
		</bndbox>
	</object>
</annotation>