<annotation>
	<folder>side생선찜류접시병어찜q1</folder>
	<filename>side_생선찜류_접시_병어찜_Q1_00019.JPG</filename>
	<path>/side생선찜류접시병어찜q1/side_생선찜류_접시_병어찜_Q1_00019.JPG</path>
	<source>
		<database>fooddata</database>
	</source>
	<size>
		<width>720</width>
		<height>480</height>
		<depth>3</depth>
	</size>
	<object>
		<name>ref_spoon</name>
		<bndbox>
			<xmin>60</xmin>
			<ymin>107</ymin>
			<xmax>126</xmax>
			<ymax>216</ymax>
		</bndbox>
	</object>
	<object>
		<name>ref_fork</name>
		<bndbox>
			<xmin>141</xmin>
			<ymin>114</ymin>
			<xmax>191</xmax>
			<ymax>227</ymax>
		</bndbox>
	</object>
	<object>
		<name>ref_coin</name>
		<bndbox>
			<xmin>388</xmin>
			<ymin>354</ymin>
			<xmax>439</xmax>
			<ymax>401</ymax>
		</bndbox>
	</object>
	<object>
		<name>dish</name>
		<bndbox>
			<xmin>216</xmin>
			<ymin>69</ymin>
			<xmax>611</xmax>
			<ymax>311</ymax>
		</bndbox>
	</object>
	<object>
		<name>병어찜</name>
		<bndbox>
			<xmin>313</xmin>
			<ymin>141</ymin>
			<xmax>418</xmax>
			<ymax>227</ymax>
		</bndbox>
	</object>
</annotation>