<annotation>
	<folder>side생선찜류접시병어찜q1</folder>
	<filename>side_생선찜류_접시_병어찜_Q1_00008.JPG</filename>
	<path>/side생선찜류접시병어찜q1/side_생선찜류_접시_병어찜_Q1_00008.JPG</path>
	<source>
		<database>fooddata</database>
	</source>
	<size>
		<width>720</width>
		<height>480</height>
		<depth>3</depth>
	</size>
	<object>
		<name>ref_spoon</name>
		<bndbox>
			<xmin>525</xmin>
			<ymin>107</ymin>
			<xmax>596</xmax>
			<ymax>214</ymax>
		</bndbox>
	</object>
	<object>
		<name>ref_fork</name>
		<bndbox>
			<xmin>611</xmin>
			<ymin>105</ymin>
			<xmax>666</xmax>
			<ymax>221</ymax>
		</bndbox>
	</object>
	<object>
		<name>ref_coin</name>
		<bndbox>
			<xmin>317</xmin>
			<ymin>407</ymin>
			<xmax>373</xmax>
			<ymax>452</ymax>
		</bndbox>
	</object>
	<object>
		<name>dish</name>
		<bndbox>
			<xmin>60</xmin>
			<ymin>109</ymin>
			<xmax>521</xmax>
			<ymax>349</ymax>
		</bndbox>
	</object>
	<object>
		<name>병어찜</name>
		<bndbox>
			<xmin>238</xmin>
			<ymin>197</ymin>
			<xmax>366</xmax>
			<ymax>291</ymax>
		</bndbox>
	</object>
</annotation>