<annotation>
	<folder>side생선찜류접시병어찜q1</folder>
	<filename>side_생선찜류_접시_병어찜_Q1_00041.JPG</filename>
	<path>/side생선찜류접시병어찜q1/side_생선찜류_접시_병어찜_Q1_00041.JPG</path>
	<source>
		<database>fooddata</database>
	</source>
	<size>
		<width>720</width>
		<height>480</height>
		<depth>3</depth>
	</size>
	<object>
		<name>ref_spoon</name>
		<bndbox>
			<xmin>433</xmin>
			<ymin>298</ymin>
			<xmax>553</xmax>
			<ymax>362</ymax>
		</bndbox>
	</object>
	<object>
		<name>ref_fork</name>
		<bndbox>
			<xmin>431</xmin>
			<ymin>371</ymin>
			<xmax>568</xmax>
			<ymax>431</ymax>
		</bndbox>
	</object>
	<object>
		<name>ref_coin</name>
		<bndbox>
			<xmin>126</xmin>
			<ymin>294</ymin>
			<xmax>176</xmax>
			<ymax>336</ymax>
		</bndbox>
	</object>
	<object>
		<name>dish</name>
		<bndbox>
			<xmin>139</xmin>
			<ymin>79</ymin>
			<xmax>561</xmax>
			<ymax>257</ymax>
		</bndbox>
	</object>
	<object>
		<name>병어찜</name>
		<bndbox>
			<xmin>354</xmin>
			<ymin>176</ymin>
			<xmax>471</xmax>
			<ymax>227</ymax>
		</bndbox>
	</object>
</annotation>