<annotation>
	<folder>side생선찜류접시병어찜q1</folder>
	<filename>side_생선찜류_접시_병어찜_Q1_00015.JPG</filename>
	<path>/side생선찜류접시병어찜q1/side_생선찜류_접시_병어찜_Q1_00015.JPG</path>
	<source>
		<database>fooddata</database>
	</source>
	<size>
		<width>720</width>
		<height>480</height>
		<depth>3</depth>
	</size>
	<object>
		<name>ref_spoon</name>
		<bndbox>
			<xmin>534</xmin>
			<ymin>101</ymin>
			<xmax>596</xmax>
			<ymax>201</ymax>
		</bndbox>
	</object>
	<object>
		<name>ref_fork</name>
		<bndbox>
			<xmin>611</xmin>
			<ymin>94</ymin>
			<xmax>660</xmax>
			<ymax>214</ymax>
		</bndbox>
	</object>
	<object>
		<name>ref_coin</name>
		<bndbox>
			<xmin>49</xmin>
			<ymin>351</ymin>
			<xmax>109</xmax>
			<ymax>392</ymax>
		</bndbox>
	</object>
	<object>
		<name>dish</name>
		<bndbox>
			<xmin>148</xmin>
			<ymin>64</ymin>
			<xmax>433</xmax>
			<ymax>388</ymax>
		</bndbox>
	</object>
	<object>
		<name>병어찜</name>
		<bndbox>
			<xmin>246</xmin>
			<ymin>199</ymin>
			<xmax>345</xmax>
			<ymax>298</ymax>
		</bndbox>
	</object>
</annotation>