<annotation>
	<folder>병어찜재작업</folder>
	<filename>side_생선찜류_접시_병어찜_Q1_00052.JPG</filename>
	<path>/side생선찜류접시병어찜q1/side_생선찜류_접시_병어찜_Q1_00052.JPG</path>
	<source>
		<database>fooddata</database>
	</source>
	<size>
		<width>720</width>
		<height>480</height>
		<depth>3</depth>
	</size>
	<object>
		<name>ref_spoon</name>
		<bndbox>
			<xmin>395</xmin>
			<ymin>318</ymin>
			<xmax>499</xmax>
			<ymax>383</ymax>
		</bndbox>
	</object>
	<object>
		<name>ref_fork</name>
		<bndbox>
			<xmin>375</xmin>
			<ymin>383</ymin>
			<xmax>513</xmax>
			<ymax>445</ymax>
		</bndbox>
	</object>
	<object>
		<name>ref_coin</name>
		<bndbox>
			<xmin>214</xmin>
			<ymin>66</ymin>
			<xmax>260</xmax>
			<ymax>99</ymax>
		</bndbox>
	</object>
	<object>
		<name>dish</name>
		<bndbox>
			<xmin>70</xmin>
			<ymin>107</ymin>
			<xmax>516</xmax>
			<ymax>301</ymax>
		</bndbox>
	</object>
	<object>
		<name>병어찜</name>
		<bndbox>
			<xmin>149</xmin>
			<ymin>210</ymin>
			<xmax>284</xmax>
			<ymax>277</ymax>
		</bndbox>
	</object>
</annotation>