<annotation>
	<folder>병어찜재작업</folder>
	<filename>side_생선찜류_접시_병어찜_Q1_00049.JPG</filename>
	<path>/side생선찜류접시병어찜q1/side_생선찜류_접시_병어찜_Q1_00049.JPG</path>
	<source>
		<database>fooddata</database>
	</source>
	<size>
		<width>720</width>
		<height>480</height>
		<depth>3</depth>
	</size>
	<object>
		<name>ref_spoon</name>
		<bndbox>
			<xmin>410</xmin>
			<ymin>279</ymin>
			<xmax>523</xmax>
			<ymax>340</ymax>
		</bndbox>
	</object>
	<object>
		<name>ref_fork</name>
		<bndbox>
			<xmin>404</xmin>
			<ymin>345</ymin>
			<xmax>535</xmax>
			<ymax>405</ymax>
		</bndbox>
	</object>
	<object>
		<name>ref_coin</name>
		<bndbox>
			<xmin>46</xmin>
			<ymin>294</ymin>
			<xmax>102</xmax>
			<ymax>338</ymax>
		</bndbox>
	</object>
	<object>
		<name>dish</name>
		<bndbox>
			<xmin>97</xmin>
			<ymin>67</ymin>
			<xmax>543</xmax>
			<ymax>260</ymax>
		</bndbox>
	</object>
	<object>
		<name>병어찜</name>
		<bndbox>
			<xmin>200</xmin>
			<ymin>167</ymin>
			<xmax>309</xmax>
			<ymax>225</ymax>
		</bndbox>
	</object>
</annotation>