<annotation>
	<folder>side생선찜류접시병어찜q1</folder>
	<filename>side_생선찜류_접시_병어찜_Q1_00031.JPG</filename>
	<path>/side생선찜류접시병어찜q1/side_생선찜류_접시_병어찜_Q1_00031.JPG</path>
	<source>
		<database>fooddata</database>
	</source>
	<size>
		<width>720</width>
		<height>480</height>
		<depth>3</depth>
	</size>
	<object>
		<name>ref_spoon</name>
		<bndbox>
			<xmin>34</xmin>
			<ymin>129</ymin>
			<xmax>99</xmax>
			<ymax>229</ymax>
		</bndbox>
	</object>
	<object>
		<name>ref_fork</name>
		<bndbox>
			<xmin>118</xmin>
			<ymin>129</ymin>
			<xmax>159</xmax>
			<ymax>242</ymax>
		</bndbox>
	</object>
	<object>
		<name>ref_coin</name>
		<bndbox>
			<xmin>332</xmin>
			<ymin>364</ymin>
			<xmax>388</xmax>
			<ymax>405</ymax>
		</bndbox>
	</object>
	<object>
		<name>dish</name>
		<bndbox>
			<xmin>315</xmin>
			<ymin>60</ymin>
			<xmax>630</xmax>
			<ymax>351</ymax>
		</bndbox>
	</object>
	<object>
		<name>병어찜</name>
		<bndbox>
			<xmin>392</xmin>
			<ymin>141</ymin>
			<xmax>491</xmax>
			<ymax>227</ymax>
		</bndbox>
	</object>
</annotation>