<annotation>
	<folder>top생선찜류접시병어찜q1</folder>
	<filename>top_생선찜류_접시_병어찜_Q1_00011.JPG</filename>
	<path>/top생선찜류접시병어찜q1/top_생선찜류_접시_병어찜_Q1_00011.JPG</path>
	<source>
		<database>fooddata</database>
	</source>
	<size>
		<width>720</width>
		<height>480</height>
		<depth>3</depth>
	</size>
	<object>
		<name>ref_spoon</name>
		<bndbox>
			<xmin>505</xmin>
			<ymin>79</ymin>
			<xmax>562</xmax>
			<ymax>184</ymax>
		</bndbox>
	</object>
	<object>
		<name>ref_fork</name>
		<bndbox>
			<xmin>585</xmin>
			<ymin>108</ymin>
			<xmax>628</xmax>
			<ymax>210</ymax>
		</bndbox>
	</object>
	<object>
		<name>ref_coin</name>
		<bndbox>
			<xmin>271</xmin>
			<ymin>21</ymin>
			<xmax>314</xmax>
			<ymax>65</ymax>
		</bndbox>
	</object>
	<object>
		<name>dish</name>
		<bndbox>
			<xmin>212</xmin>
			<ymin>47</ymin>
			<xmax>495</xmax>
			<ymax>459</ymax>
		</bndbox>
	</object>
	<object>
		<name>병어찜</name>
		<bndbox>
			<xmin>307</xmin>
			<ymin>118</ymin>
			<xmax>418</xmax>
			<ymax>324</ymax>
		</bndbox>
	</object>
</annotation>