<annotation>
	<folder>top생선찜류접시병어찜q1</folder>
	<filename>top_생선찜류_접시_병어찜_Q1_00013.JPG</filename>
	<path>/top생선찜류접시병어찜q1/top_생선찜류_접시_병어찜_Q1_00013.JPG</path>
	<source>
		<database>fooddata</database>
	</source>
	<size>
		<width>720</width>
		<height>480</height>
		<depth>3</depth>
	</size>
	<object>
		<name>ref_spoon</name>
		<bndbox>
			<xmin>462</xmin>
			<ymin>136</ymin>
			<xmax>514</xmax>
			<ymax>223</ymax>
		</bndbox>
	</object>
	<object>
		<name>ref_fork</name>
		<bndbox>
			<xmin>532</xmin>
			<ymin>163</ymin>
			<xmax>569</xmax>
			<ymax>259</ymax>
		</bndbox>
	</object>
	<object>
		<name>ref_coin</name>
		<bndbox>
			<xmin>372</xmin>
			<ymin>57</ymin>
			<xmax>410</xmax>
			<ymax>94</ymax>
		</bndbox>
	</object>
	<object>
		<name>dish</name>
		<bndbox>
			<xmin>172</xmin>
			<ymin>78</ymin>
			<xmax>464</xmax>
			<ymax>417</ymax>
		</bndbox>
	</object>
	<object>
		<name>병어찜</name>
		<bndbox>
			<xmin>226</xmin>
			<ymin>150</ymin>
			<xmax>394</xmax>
			<ymax>289</ymax>
		</bndbox>
	</object>
</annotation>