<annotation>
	<folder>top생선찜류접시병어찜q1</folder>
	<filename>top_생선찜류_접시_병어찜_Q1_00051.JPG</filename>
	<path>/top생선찜류접시병어찜q1/top_생선찜류_접시_병어찜_Q1_00051.JPG</path>
	<source>
		<database>fooddata</database>
	</source>
	<size>
		<width>720</width>
		<height>480</height>
		<depth>3</depth>
	</size>
	<object>
		<name>ref_spoon</name>
		<bndbox>
			<xmin>228</xmin>
			<ymin>385</ymin>
			<xmax>337</xmax>
			<ymax>449</ymax>
		</bndbox>
	</object>
	<object>
		<name>ref_fork</name>
		<bndbox>
			<xmin>234</xmin>
			<ymin>325</ymin>
			<xmax>353</xmax>
			<ymax>368</ymax>
		</bndbox>
	</object>
	<object>
		<name>ref_coin</name>
		<bndbox>
			<xmin>250</xmin>
			<ymin>16</ymin>
			<xmax>290</xmax>
			<ymax>55</ymax>
		</bndbox>
	</object>
	<object>
		<name>dish</name>
		<bndbox>
			<xmin>166</xmin>
			<ymin>73</ymin>
			<xmax>579</xmax>
			<ymax>313</ymax>
		</bndbox>
	</object>
	<object>
		<name>병어찜</name>
		<bndbox>
			<xmin>332</xmin>
			<ymin>152</ymin>
			<xmax>502</xmax>
			<ymax>266</ymax>
		</bndbox>
	</object>
</annotation>