<annotation>
	<folder>top생선찜류접시병어찜q1</folder>
	<filename>top_생선찜류_접시_병어찜_Q1_00035.JPG</filename>
	<path>/top생선찜류접시병어찜q1/top_생선찜류_접시_병어찜_Q1_00035.JPG</path>
	<source>
		<database>fooddata</database>
	</source>
	<size>
		<width>720</width>
		<height>480</height>
		<depth>3</depth>
	</size>
	<object>
		<name>ref_spoon</name>
		<bndbox>
			<xmin>280</xmin>
			<ymin>369</ymin>
			<xmax>380</xmax>
			<ymax>432</ymax>
		</bndbox>
	</object>
	<object>
		<name>ref_fork</name>
		<bndbox>
			<xmin>284</xmin>
			<ymin>308</ymin>
			<xmax>397</xmax>
			<ymax>351</ymax>
		</bndbox>
	</object>
	<object>
		<name>ref_coin</name>
		<bndbox>
			<xmin>196</xmin>
			<ymin>253</ymin>
			<xmax>238</xmax>
			<ymax>295</ymax>
		</bndbox>
	</object>
	<object>
		<name>dish</name>
		<bndbox>
			<xmin>216</xmin>
			<ymin>60</ymin>
			<xmax>634</xmax>
			<ymax>305</ymax>
		</bndbox>
	</object>
	<object>
		<name>병어찜</name>
		<bndbox>
			<xmin>395</xmin>
			<ymin>98</ymin>
			<xmax>514</xmax>
			<ymax>252</ymax>
		</bndbox>
	</object>
</annotation>