<annotation>
	<folder>top생선찜류접시병어찜q1</folder>
	<filename>top_생선찜류_접시_병어찜_Q1_00037.JPG</filename>
	<path>/top생선찜류접시병어찜q1/top_생선찜류_접시_병어찜_Q1_00037.JPG</path>
	<source>
		<database>fooddata</database>
	</source>
	<size>
		<width>720</width>
		<height>480</height>
		<depth>3</depth>
	</size>
	<object>
		<name>ref_spoon</name>
		<bndbox>
			<xmin>270</xmin>
			<ymin>369</ymin>
			<xmax>391</xmax>
			<ymax>431</ymax>
		</bndbox>
	</object>
	<object>
		<name>ref_fork</name>
		<bndbox>
			<xmin>276</xmin>
			<ymin>308</ymin>
			<xmax>384</xmax>
			<ymax>351</ymax>
		</bndbox>
	</object>
	<object>
		<name>ref_coin</name>
		<bndbox>
			<xmin>145</xmin>
			<ymin>162</ymin>
			<xmax>188</xmax>
			<ymax>205</ymax>
		</bndbox>
	</object>
	<object>
		<name>dish</name>
		<bndbox>
			<xmin>207</xmin>
			<ymin>60</ymin>
			<xmax>630</xmax>
			<ymax>305</ymax>
		</bndbox>
	</object>
	<object>
		<name>병어찜</name>
		<bndbox>
			<xmin>391</xmin>
			<ymin>137</ymin>
			<xmax>508</xmax>
			<ymax>246</ymax>
		</bndbox>
	</object>
</annotation>