<annotation>
	<folder>top생선찜류접시병어찜q1</folder>
	<filename>top_생선찜류_접시_병어찜_Q1_00005.JPG</filename>
	<path>/top생선찜류접시병어찜q1/top_생선찜류_접시_병어찜_Q1_00005.JPG</path>
	<source>
		<database>fooddata</database>
	</source>
	<size>
		<width>720</width>
		<height>480</height>
		<depth>3</depth>
	</size>
	<object>
		<name>ref_spoon</name>
		<bndbox>
			<xmin>526</xmin>
			<ymin>87</ymin>
			<xmax>587</xmax>
			<ymax>199</ymax>
		</bndbox>
	</object>
	<object>
		<name>ref_fork</name>
		<bndbox>
			<xmin>609</xmin>
			<ymin>116</ymin>
			<xmax>652</xmax>
			<ymax>234</ymax>
		</bndbox>
	</object>
	<object>
		<name>ref_coin</name>
		<bndbox>
			<xmin>127</xmin>
			<ymin>209</ymin>
			<xmax>170</xmax>
			<ymax>253</ymax>
		</bndbox>
	</object>
	<object>
		<name>dish</name>
		<bndbox>
			<xmin>231</xmin>
			<ymin>18</ymin>
			<xmax>492</xmax>
			<ymax>452</ymax>
		</bndbox>
	</object>
	<object>
		<name>병어찜</name>
		<bndbox>
			<xmin>278</xmin>
			<ymin>165</ymin>
			<xmax>426</xmax>
			<ymax>372</ymax>
		</bndbox>
	</object>
</annotation>