<annotation>
	<folder>side건더기국류뚝배기q5</folder>
	<filename>side_건더기국류_뚝배기_삼계탕_Q5_00043.JPG</filename>
	<path>/side건더기국류뚝배기삼계탕q5/side_건더기국류_뚝배기_삼계탕_Q5_00043.JPG</path>
	<source>
		<database>fooddata</database>
	</source>
	<size>
		<width>5472</width>
		<height>3648</height>
		<depth>3</depth>
	</size>
	<object>
		<name>ref_spoon</name>
		<bndbox>
			<xmin>760</xmin>
			<ymin>1367</ymin>
			<xmax>1288</xmax>
			<ymax>2115</ymax>
		</bndbox>
	</object>
	<object>
		<name>ref_fork</name>
		<bndbox>
			<xmin>1569</xmin>
			<ymin>1376</ymin>
			<xmax>1926</xmax>
			<ymax>2224</ymax>
		</bndbox>
	</object>
	<object>
		<name>ref_coin</name>
		<bndbox>
			<xmin>3203</xmin>
			<ymin>414</ymin>
			<xmax>3565</xmax>
			<ymax>667</ymax>
		</bndbox>
	</object>
	<object>
		<name>dish</name>
		<bndbox>
			<xmin>2131</xmin>
			<ymin>686</ymin>
			<xmax>4993</xmax>
			<ymax>3177</ymax>
		</bndbox>
	</object>
	<object>
		<name>삼계탕</name>
		<bndbox>
			<xmin>2360</xmin>
			<ymin>1100</ymin>
			<xmax>4722</xmax>
			<ymax>2457</ymax>
		</bndbox>
	</object>
</annotation>