<annotation>
	<folder>side건더기국류뚝배기q5</folder>
	<filename>side_건더기국류_뚝배기_삼계탕_Q5_00039.JPG</filename>
	<path>/side건더기국류뚝배기삼계탕q5/side_건더기국류_뚝배기_삼계탕_Q5_00039.JPG</path>
	<source>
		<database>fooddata</database>
	</source>
	<size>
		<width>5472</width>
		<height>3648</height>
		<depth>3</depth>
	</size>
	<object>
		<name>ref_spoon</name>
		<bndbox>
			<xmin>479</xmin>
			<ymin>1219</ymin>
			<xmax>1007</xmax>
			<ymax>2010</ymax>
		</bndbox>
	</object>
	<object>
		<name>ref_fork</name>
		<bndbox>
			<xmin>1298</xmin>
			<ymin>1257</ymin>
			<xmax>1641</xmax>
			<ymax>2043</ymax>
		</bndbox>
	</object>
	<object>
		<name>ref_coin</name>
		<bndbox>
			<xmin>4750</xmin>
			<ymin>2205</ymin>
			<xmax>5146</xmax>
			<ymax>2515</ymax>
		</bndbox>
	</object>
	<object>
		<name>dish</name>
		<bndbox>
			<xmin>1822</xmin>
			<ymin>619</ymin>
			<xmax>4646</xmax>
			<ymax>3057</ymax>
		</bndbox>
	</object>
	<object>
		<name>삼계탕</name>
		<bndbox>
			<xmin>2060</xmin>
			<ymin>981</ymin>
			<xmax>4379</xmax>
			<ymax>2381</ymax>
		</bndbox>
	</object>
</annotation>