<annotation>
	<folder>side건더기국류뚝배기q5</folder>
	<filename>side_건더기국류_뚝배기_삼계탕_Q5_00003.JPG</filename>
	<path>/side건더기국류뚝배기삼계탕q5/side_건더기국류_뚝배기_삼계탕_Q5_00003.JPG</path>
	<source>
		<database>fooddata</database>
	</source>
	<size>
		<width>5472</width>
		<height>3648</height>
		<depth>3</depth>
	</size>
	<object>
		<name>ref_spoon</name>
		<bndbox>
			<xmin>3446</xmin>
			<ymin>776</ymin>
			<xmax>3960</xmax>
			<ymax>1491</ymax>
		</bndbox>
	</object>
	<object>
		<name>ref_fork</name>
		<bndbox>
			<xmin>4279</xmin>
			<ymin>767</ymin>
			<xmax>4631</xmax>
			<ymax>1591</ymax>
		</bndbox>
	</object>
	<object>
		<name>ref_coin</name>
		<bndbox>
			<xmin>1412</xmin>
			<ymin>3015</ymin>
			<xmax>1841</xmax>
			<ymax>3386</ymax>
		</bndbox>
	</object>
	<object>
		<name>dish</name>
		<bndbox>
			<xmin>469</xmin>
			<ymin>162</ymin>
			<xmax>3360</xmax>
			<ymax>2648</ymax>
		</bndbox>
	</object>
	<object>
		<name>삼계탕</name>
		<bndbox>
			<xmin>731</xmin>
			<ymin>581</ymin>
			<xmax>3098</xmax>
			<ymax>1948</ymax>
		</bndbox>
	</object>
</annotation>