<annotation>
	<folder>side건더기국류뚝배기q5</folder>
	<filename>side_건더기국류_뚝배기_삼계탕_Q5_00006.JPG</filename>
	<path>/side건더기국류뚝배기삼계탕q5/side_건더기국류_뚝배기_삼계탕_Q5_00006.JPG</path>
	<source>
		<database>fooddata</database>
	</source>
	<size>
		<width>5472</width>
		<height>3648</height>
		<depth>3</depth>
	</size>
	<object>
		<name>ref_spoon</name>
		<bndbox>
			<xmin>3889</xmin>
			<ymin>905</ymin>
			<xmax>4379</xmax>
			<ymax>1634</ymax>
		</bndbox>
	</object>
	<object>
		<name>ref_fork</name>
		<bndbox>
			<xmin>4679</xmin>
			<ymin>905</ymin>
			<xmax>5051</xmax>
			<ymax>1657</ymax>
		</bndbox>
	</object>
	<object>
		<name>ref_coin</name>
		<bndbox>
			<xmin>160</xmin>
			<ymin>2062</ymin>
			<xmax>555</xmax>
			<ymax>2367</ymax>
		</bndbox>
	</object>
	<object>
		<name>dish</name>
		<bndbox>
			<xmin>993</xmin>
			<ymin>410</ymin>
			<xmax>3779</xmax>
			<ymax>2815</ymax>
		</bndbox>
	</object>
	<object>
		<name>삼계탕</name>
		<bndbox>
			<xmin>1241</xmin>
			<ymin>829</ymin>
			<xmax>3527</xmax>
			<ymax>2138</ymax>
		</bndbox>
	</object>
</annotation>