<annotation>
	<folder>side건더기국류뚝배기q5</folder>
	<filename>side_건더기국류_뚝배기_삼계탕_Q5_00023.JPG</filename>
	<path>/side건더기국류뚝배기삼계탕q5/side_건더기국류_뚝배기_삼계탕_Q5_00023.JPG</path>
	<source>
		<database>fooddata</database>
	</source>
	<size>
		<width>5472</width>
		<height>3648</height>
		<depth>3</depth>
	</size>
	<object>
		<name>ref_spoon</name>
		<bndbox>
			<xmin>2093</xmin>
			<ymin>3067</ymin>
			<xmax>2874</xmax>
			<ymax>3496</ymax>
		</bndbox>
	</object>
	<object>
		<name>ref_fork</name>
		<bndbox>
			<xmin>2155</xmin>
			<ymin>2672</ymin>
			<xmax>2974</xmax>
			<ymax>3000</ymax>
		</bndbox>
	</object>
	<object>
		<name>ref_coin</name>
		<bndbox>
			<xmin>2169</xmin>
			<ymin>343</ymin>
			<xmax>2469</xmax>
			<ymax>543</ymax>
		</bndbox>
	</object>
	<object>
		<name>dish</name>
		<bndbox>
			<xmin>2165</xmin>
			<ymin>352</ymin>
			<xmax>4503</xmax>
			<ymax>2353</ymax>
		</bndbox>
	</object>
	<object>
		<name>삼계탕</name>
		<bndbox>
			<xmin>2374</xmin>
			<ymin>686</ymin>
			<xmax>4293</xmax>
			<ymax>1748</ymax>
		</bndbox>
	</object>
</annotation>