<annotation>
	<folder>side건더기국류뚝배기q5</folder>
	<filename>side_건더기국류_뚝배기_삼계탕_Q5_00029.JPG</filename>
	<path>/side건더기국류뚝배기삼계탕q5/side_건더기국류_뚝배기_삼계탕_Q5_00029.JPG</path>
	<source>
		<database>fooddata</database>
	</source>
	<size>
		<width>5472</width>
		<height>3648</height>
		<depth>3</depth>
	</size>
	<object>
		<name>ref_spoon</name>
		<bndbox>
			<xmin>2179</xmin>
			<ymin>3096</ymin>
			<xmax>2955</xmax>
			<ymax>3538</ymax>
		</bndbox>
	</object>
	<object>
		<name>ref_fork</name>
		<bndbox>
			<xmin>2226</xmin>
			<ymin>2662</ymin>
			<xmax>3188</xmax>
			<ymax>3010</ymax>
		</bndbox>
	</object>
	<object>
		<name>ref_coin</name>
		<bndbox>
			<xmin>1655</xmin>
			<ymin>2234</ymin>
			<xmax>2012</xmax>
			<ymax>2505</ymax>
		</bndbox>
	</object>
	<object>
		<name>dish</name>
		<bndbox>
			<xmin>2088</xmin>
			<ymin>229</ymin>
			<xmax>4541</xmax>
			<ymax>2315</ymax>
		</bndbox>
	</object>
	<object>
		<name>삼계탕</name>
		<bndbox>
			<xmin>2298</xmin>
			<ymin>543</ymin>
			<xmax>4312</xmax>
			<ymax>1686</ymax>
		</bndbox>
	</object>
</annotation>