<annotation>
	<folder>side건더기국류뚝배기q5</folder>
	<filename>side_건더기국류_뚝배기_삼계탕_Q5_00036.JPG</filename>
	<path>/side건더기국류뚝배기삼계탕q5/side_건더기국류_뚝배기_삼계탕_Q5_00036.JPG</path>
	<source>
		<database>fooddata</database>
	</source>
	<size>
		<width>5472</width>
		<height>3648</height>
		<depth>3</depth>
	</size>
	<object>
		<name>ref_spoon</name>
		<bndbox>
			<xmin>1083</xmin>
			<ymin>1081</ymin>
			<xmax>1574</xmax>
			<ymax>1781</ymax>
		</bndbox>
	</object>
	<object>
		<name>ref_fork</name>
		<bndbox>
			<xmin>1760</xmin>
			<ymin>1129</ymin>
			<xmax>2093</xmax>
			<ymax>1924</ymax>
		</bndbox>
	</object>
	<object>
		<name>ref_coin</name>
		<bndbox>
			<xmin>4265</xmin>
			<ymin>2981</ymin>
			<xmax>4655</xmax>
			<ymax>3305</ymax>
		</bndbox>
	</object>
	<object>
		<name>dish</name>
		<bndbox>
			<xmin>2217</xmin>
			<ymin>538</ymin>
			<xmax>4836</xmax>
			<ymax>2815</ymax>
		</bndbox>
	</object>
	<object>
		<name>삼계탕</name>
		<bndbox>
			<xmin>2455</xmin>
			<ymin>952</ymin>
			<xmax>4584</xmax>
			<ymax>2176</ymax>
		</bndbox>
	</object>
</annotation>