<annotation>
	<folder>side건더기국류뚝배기q5</folder>
	<filename>side_건더기국류_뚝배기_삼계탕_Q5_00045.JPG</filename>
	<path>/side건더기국류뚝배기삼계탕q5/side_건더기국류_뚝배기_삼계탕_Q5_00045.JPG</path>
	<source>
		<database>fooddata</database>
	</source>
	<size>
		<width>5472</width>
		<height>3648</height>
		<depth>3</depth>
	</size>
	<object>
		<name>ref_spoon</name>
		<bndbox>
			<xmin>579</xmin>
			<ymin>1538</ymin>
			<xmax>1112</xmax>
			<ymax>2300</ymax>
		</bndbox>
	</object>
	<object>
		<name>ref_fork</name>
		<bndbox>
			<xmin>1403</xmin>
			<ymin>1548</ymin>
			<xmax>1764</xmax>
			<ymax>2400</ymax>
		</bndbox>
	</object>
	<object>
		<name>ref_coin</name>
		<bndbox>
			<xmin>1803</xmin>
			<ymin>795</ymin>
			<xmax>2160</xmax>
			<ymax>1072</ymax>
		</bndbox>
	</object>
	<object>
		<name>dish</name>
		<bndbox>
			<xmin>1936</xmin>
			<ymin>862</ymin>
			<xmax>4827</xmax>
			<ymax>3372</ymax>
		</bndbox>
	</object>
	<object>
		<name>삼계탕</name>
		<bndbox>
			<xmin>2198</xmin>
			<ymin>1119</ymin>
			<xmax>4546</xmax>
			<ymax>2643</ymax>
		</bndbox>
	</object>
</annotation>