<annotation>
	<folder>side건더기국류뚝배기q5</folder>
	<filename>side_건더기국류_뚝배기_삼계탕_Q5_00027.JPG</filename>
	<path>/side건더기국류뚝배기삼계탕q5/side_건더기국류_뚝배기_삼계탕_Q5_00027.JPG</path>
	<source>
		<database>fooddata</database>
	</source>
	<size>
		<width>5472</width>
		<height>3648</height>
		<depth>3</depth>
	</size>
	<object>
		<name>ref_spoon</name>
		<bndbox>
			<xmin>2193</xmin>
			<ymin>3067</ymin>
			<xmax>2988</xmax>
			<ymax>3515</ymax>
		</bndbox>
	</object>
	<object>
		<name>ref_fork</name>
		<bndbox>
			<xmin>2245</xmin>
			<ymin>2653</ymin>
			<xmax>3069</xmax>
			<ymax>2986</ymax>
		</bndbox>
	</object>
	<object>
		<name>ref_coin</name>
		<bndbox>
			<xmin>1255</xmin>
			<ymin>1753</ymin>
			<xmax>1603</xmax>
			<ymax>2005</ymax>
		</bndbox>
	</object>
	<object>
		<name>dish</name>
		<bndbox>
			<xmin>2136</xmin>
			<ymin>205</ymin>
			<xmax>4574</xmax>
			<ymax>2310</ymax>
		</bndbox>
	</object>
	<object>
		<name>삼계탕</name>
		<bndbox>
			<xmin>2345</xmin>
			<ymin>591</ymin>
			<xmax>4346</xmax>
			<ymax>1681</ymax>
		</bndbox>
	</object>
</annotation>