<annotation>
	<folder>side건더기국류뚝배기q5</folder>
	<filename>side_건더기국류_뚝배기_삼계탕_Q5_00033.JPG</filename>
	<path>/side건더기국류뚝배기삼계탕q5/side_건더기국류_뚝배기_삼계탕_Q5_00033.JPG</path>
	<source>
		<database>fooddata</database>
	</source>
	<size>
		<width>5472</width>
		<height>3648</height>
		<depth>3</depth>
	</size>
	<object>
		<name>ref_spoon</name>
		<bndbox>
			<xmin>1326</xmin>
			<ymin>1067</ymin>
			<xmax>1793</xmax>
			<ymax>1719</ymax>
		</bndbox>
	</object>
	<object>
		<name>ref_fork</name>
		<bndbox>
			<xmin>1917</xmin>
			<ymin>1048</ymin>
			<xmax>2231</xmax>
			<ymax>1748</ymax>
		</bndbox>
	</object>
	<object>
		<name>ref_coin</name>
		<bndbox>
			<xmin>3336</xmin>
			<ymin>2953</ymin>
			<xmax>3717</xmax>
			<ymax>3253</ymax>
		</bndbox>
	</object>
	<object>
		<name>dish</name>
		<bndbox>
			<xmin>2636</xmin>
			<ymin>367</ymin>
			<xmax>5212</xmax>
			<ymax>2605</ymax>
		</bndbox>
	</object>
	<object>
		<name>삼계탕</name>
		<bndbox>
			<xmin>2855</xmin>
			<ymin>748</ymin>
			<xmax>4970</xmax>
			<ymax>1981</ymax>
		</bndbox>
	</object>
</annotation>