<annotation>
	<folder>top건더기국류뚝배기q5</folder>
	<filename>top_건더기국류_뚝배기_삼계탕_Q5_00032.JPG</filename>
	<path>/top건더기국류뚝배기삼계탕q5/top_건더기국류_뚝배기_삼계탕_Q5_00032.JPG</path>
	<source>
		<database>fooddata</database>
	</source>
	<size>
		<width>5472</width>
		<height>3648</height>
		<depth>3</depth>
	</size>
	<object>
		<name>ref_spoon</name>
		<bndbox>
			<xmin>1394</xmin>
			<ymin>291</ymin>
			<xmax>1884</xmax>
			<ymax>1092</ymax>
		</bndbox>
	</object>
	<object>
		<name>ref_fork</name>
		<bndbox>
			<xmin>942</xmin>
			<ymin>421</ymin>
			<xmax>1278</xmax>
			<ymax>1240</ymax>
		</bndbox>
	</object>
	<object>
		<name>ref_coin</name>
		<bndbox>
			<xmin>2439</xmin>
			<ymin>3034</ymin>
			<xmax>2820</xmax>
			<ymax>3408</ymax>
		</bndbox>
	</object>
	<object>
		<name>dish</name>
		<bndbox>
			<xmin>1807</xmin>
			<ymin>117</ymin>
			<xmax>4582</xmax>
			<ymax>2860</ymax>
		</bndbox>
	</object>
	<object>
		<name>삼계탕</name>
		<bndbox>
			<xmin>2058</xmin>
			<ymin>401</ymin>
			<xmax>4310</xmax>
			<ymax>2589</ymax>
		</bndbox>
	</object>
</annotation>