<annotation>
	<folder>top건더기국류뚝배기q5</folder>
	<filename>top_건더기국류_뚝배기_삼계탕_Q5_00049.JPG</filename>
	<path>/top건더기국류뚝배기삼계탕q5/top_건더기국류_뚝배기_삼계탕_Q5_00049.JPG</path>
	<source>
		<database>fooddata</database>
	</source>
	<size>
		<width>5472</width>
		<height>3648</height>
		<depth>3</depth>
	</size>
	<object>
		<name>ref_spoon</name>
		<bndbox>
			<xmin>1174</xmin>
			<ymin>504</ymin>
			<xmax>1723</xmax>
			<ymax>1408</ymax>
		</bndbox>
	</object>
	<object>
		<name>ref_fork</name>
		<bndbox>
			<xmin>684</xmin>
			<ymin>659</ymin>
			<xmax>1045</xmax>
			<ymax>1640</ymax>
		</bndbox>
	</object>
	<object>
		<name>ref_coin</name>
		<bndbox>
			<xmin>4240</xmin>
			<ymin>362</ymin>
			<xmax>4640</xmax>
			<ymax>737</ymax>
		</bndbox>
	</object>
	<object>
		<name>dish</name>
		<bndbox>
			<xmin>1626</xmin>
			<ymin>246</ymin>
			<xmax>4749</xmax>
			<ymax>3318</ymax>
		</bndbox>
	</object>
	<object>
		<name>삼계탕</name>
		<bndbox>
			<xmin>1897</xmin>
			<ymin>575</ymin>
			<xmax>4440</xmax>
			<ymax>2989</ymax>
		</bndbox>
	</object>
</annotation>