<annotation>
	<folder>top건더기국류뚝배기q5</folder>
	<filename>top_건더기국류_뚝배기_삼계탕_Q5_00046.JPG</filename>
	<path>/top건더기국류뚝배기삼계탕q5/top_건더기국류_뚝배기_삼계탕_Q5_00046.JPG</path>
	<source>
		<database>fooddata</database>
	</source>
	<size>
		<width>5472</width>
		<height>3648</height>
		<depth>3</depth>
	</size>
	<object>
		<name>ref_spoon</name>
		<bndbox>
			<xmin>1471</xmin>
			<ymin>730</ymin>
			<xmax>1968</xmax>
			<ymax>1511</ymax>
		</bndbox>
	</object>
	<object>
		<name>ref_fork</name>
		<bndbox>
			<xmin>1032</xmin>
			<ymin>879</ymin>
			<xmax>1368</xmax>
			<ymax>1743</ymax>
		</bndbox>
	</object>
	<object>
		<name>ref_coin</name>
		<bndbox>
			<xmin>4678</xmin>
			<ymin>2337</ymin>
			<xmax>5072</xmax>
			<ymax>2711</ymax>
		</bndbox>
	</object>
	<object>
		<name>dish</name>
		<bndbox>
			<xmin>1884</xmin>
			<ymin>498</ymin>
			<xmax>4678</xmax>
			<ymax>3247</ymax>
		</bndbox>
	</object>
	<object>
		<name>삼계탕</name>
		<bndbox>
			<xmin>2142</xmin>
			<ymin>775</ymin>
			<xmax>4401</xmax>
			<ymax>2944</ymax>
		</bndbox>
	</object>
</annotation>