<annotation>
	<folder>top건더기국류뚝배기q5</folder>
	<filename>top_건더기국류_뚝배기_삼계탕_Q5_00042.JPG</filename>
	<path>/top건더기국류뚝배기삼계탕q5/top_건더기국류_뚝배기_삼계탕_Q5_00042.JPG</path>
	<source>
		<database>fooddata</database>
	</source>
	<size>
		<width>5472</width>
		<height>3648</height>
		<depth>3</depth>
	</size>
	<object>
		<name>ref_spoon</name>
		<bndbox>
			<xmin>1187</xmin>
			<ymin>904</ymin>
			<xmax>1671</xmax>
			<ymax>1750</ymax>
		</bndbox>
	</object>
	<object>
		<name>ref_fork</name>
		<bndbox>
			<xmin>736</xmin>
			<ymin>1046</ymin>
			<xmax>1071</xmax>
			<ymax>1885</ymax>
		</bndbox>
	</object>
	<object>
		<name>ref_coin</name>
		<bndbox>
			<xmin>2923</xmin>
			<ymin>291</ymin>
			<xmax>3272</xmax>
			<ymax>601</ymax>
		</bndbox>
	</object>
	<object>
		<name>dish</name>
		<bndbox>
			<xmin>1600</xmin>
			<ymin>788</ymin>
			<xmax>4298</xmax>
			<ymax>3466</ymax>
		</bndbox>
	</object>
	<object>
		<name>삼계탕</name>
		<bndbox>
			<xmin>1852</xmin>
			<ymin>1034</ymin>
			<xmax>4027</xmax>
			<ymax>3189</ymax>
		</bndbox>
	</object>
</annotation>