<annotation>
	<folder>top건더기국류뚝배기q5</folder>
	<filename>top_건더기국류_뚝배기_삼계탕_Q5_00014.JPG</filename>
	<path>/top건더기국류뚝배기삼계탕q5/top_건더기국류_뚝배기_삼계탕_Q5_00014.JPG</path>
	<source>
		<database>fooddata</database>
	</source>
	<size>
		<width>5472</width>
		<height>3648</height>
		<depth>3</depth>
	</size>
	<object>
		<name>ref_spoon</name>
		<bndbox>
			<xmin>3885</xmin>
			<ymin>337</ymin>
			<xmax>4401</xmax>
			<ymax>1201</ymax>
		</bndbox>
	</object>
	<object>
		<name>ref_fork</name>
		<bndbox>
			<xmin>4614</xmin>
			<ymin>382</ymin>
			<xmax>4975</xmax>
			<ymax>1305</ymax>
		</bndbox>
	</object>
	<object>
		<name>ref_coin</name>
		<bndbox>
			<xmin>3175</xmin>
			<ymin>304</ymin>
			<xmax>3568</xmax>
			<ymax>685</ymax>
		</bndbox>
	</object>
	<object>
		<name>dish</name>
		<bndbox>
			<xmin>697</xmin>
			<ymin>433</ymin>
			<xmax>3749</xmax>
			<ymax>3440</ymax>
		</bndbox>
	</object>
	<object>
		<name>삼계탕</name>
		<bndbox>
			<xmin>974</xmin>
			<ymin>685</ymin>
			<xmax>3491</xmax>
			<ymax>3163</ymax>
		</bndbox>
	</object>
</annotation>