<annotation>
	<folder>top건더기국류뚝배기q5</folder>
	<filename>top_건더기국류_뚝배기_삼계탕_Q5_00013.JPG</filename>
	<path>/top건더기국류뚝배기삼계탕q5/top_건더기국류_뚝배기_삼계탕_Q5_00013.JPG</path>
	<source>
		<database>fooddata</database>
	</source>
	<size>
		<width>5472</width>
		<height>3648</height>
		<depth>3</depth>
	</size>
	<object>
		<name>ref_spoon</name>
		<bndbox>
			<xmin>4149</xmin>
			<ymin>414</ymin>
			<xmax>4672</xmax>
			<ymax>1317</ymax>
		</bndbox>
	</object>
	<object>
		<name>ref_fork</name>
		<bndbox>
			<xmin>4865</xmin>
			<ymin>479</ymin>
			<xmax>5227</xmax>
			<ymax>1382</ymax>
		</bndbox>
	</object>
	<object>
		<name>ref_coin</name>
		<bndbox>
			<xmin>3110</xmin>
			<ymin>156</ymin>
			<xmax>3510</xmax>
			<ymax>530</ymax>
		</bndbox>
	</object>
	<object>
		<name>dish</name>
		<bndbox>
			<xmin>987</xmin>
			<ymin>459</ymin>
			<xmax>4039</xmax>
			<ymax>3473</ymax>
		</bndbox>
	</object>
	<object>
		<name>삼계탕</name>
		<bndbox>
			<xmin>1271</xmin>
			<ymin>724</ymin>
			<xmax>3768</xmax>
			<ymax>3215</ymax>
		</bndbox>
	</object>
</annotation>