<annotation>
	<folder>top건더기국류뚝배기q5</folder>
	<filename>top_건더기국류_뚝배기_삼계탕_Q5_00003.JPG</filename>
	<path>/top건더기국류뚝배기삼계탕q5/top_건더기국류_뚝배기_삼계탕_Q5_00003.JPG</path>
	<source>
		<database>fooddata</database>
	</source>
	<size>
		<width>5472</width>
		<height>3648</height>
		<depth>3</depth>
	</size>
	<object>
		<name>ref_spoon</name>
		<bndbox>
			<xmin>3794</xmin>
			<ymin>401</ymin>
			<xmax>4272</xmax>
			<ymax>1195</ymax>
		</bndbox>
	</object>
	<object>
		<name>ref_fork</name>
		<bndbox>
			<xmin>4465</xmin>
			<ymin>421</ymin>
			<xmax>4801</xmax>
			<ymax>1305</ymax>
		</bndbox>
	</object>
	<object>
		<name>ref_coin</name>
		<bndbox>
			<xmin>2968</xmin>
			<ymin>2995</ymin>
			<xmax>3343</xmax>
			<ymax>3369</ymax>
		</bndbox>
	</object>
	<object>
		<name>dish</name>
		<bndbox>
			<xmin>949</xmin>
			<ymin>375</ymin>
			<xmax>3691</xmax>
			<ymax>3092</ymax>
		</bndbox>
	</object>
	<object>
		<name>삼계탕</name>
		<bndbox>
			<xmin>1194</xmin>
			<ymin>614</ymin>
			<xmax>3497</xmax>
			<ymax>2860</ymax>
		</bndbox>
	</object>
</annotation>