<annotation>
	<folder>top건더기국류뚝배기q5</folder>
	<filename>top_건더기국류_뚝배기_삼계탕_Q5_00038.JPG</filename>
	<path>/top건더기국류뚝배기삼계탕q5/top_건더기국류_뚝배기_삼계탕_Q5_00038.JPG</path>
	<source>
		<database>fooddata</database>
	</source>
	<size>
		<width>5472</width>
		<height>3648</height>
		<depth>3</depth>
	</size>
	<object>
		<name>ref_spoon</name>
		<bndbox>
			<xmin>1084</xmin>
			<ymin>524</ymin>
			<xmax>1607</xmax>
			<ymax>1317</ymax>
		</bndbox>
	</object>
	<object>
		<name>ref_fork</name>
		<bndbox>
			<xmin>607</xmin>
			<ymin>653</ymin>
			<xmax>968</xmax>
			<ymax>1524</ymax>
		</bndbox>
	</object>
	<object>
		<name>ref_coin</name>
		<bndbox>
			<xmin>4543</xmin>
			<ymin>1298</ymin>
			<xmax>4949</xmax>
			<ymax>1679</ymax>
		</bndbox>
	</object>
	<object>
		<name>dish</name>
		<bndbox>
			<xmin>1491</xmin>
			<ymin>343</ymin>
			<xmax>4375</xmax>
			<ymax>3202</ymax>
		</bndbox>
	</object>
	<object>
		<name>삼계탕</name>
		<bndbox>
			<xmin>1742</xmin>
			<ymin>646</ymin>
			<xmax>4104</xmax>
			<ymax>2905</ymax>
		</bndbox>
	</object>
</annotation>