<annotation>
	<folder>top건더기국류뚝배기q5</folder>
	<filename>top_건더기국류_뚝배기_삼계탕_Q5_00034.JPG</filename>
	<path>/top건더기국류뚝배기삼계탕q5/top_건더기국류_뚝배기_삼계탕_Q5_00034.JPG</path>
	<source>
		<database>fooddata</database>
	</source>
	<size>
		<width>5472</width>
		<height>3648</height>
		<depth>3</depth>
	</size>
	<object>
		<name>ref_spoon</name>
		<bndbox>
			<xmin>1581</xmin>
			<ymin>466</ymin>
			<xmax>2046</xmax>
			<ymax>1169</ymax>
		</bndbox>
	</object>
	<object>
		<name>ref_fork</name>
		<bndbox>
			<xmin>1162</xmin>
			<ymin>601</ymin>
			<xmax>1484</xmax>
			<ymax>1382</ymax>
		</bndbox>
	</object>
	<object>
		<name>ref_coin</name>
		<bndbox>
			<xmin>3827</xmin>
			<ymin>2892</ymin>
			<xmax>4181</xmax>
			<ymax>3260</ymax>
		</bndbox>
	</object>
	<object>
		<name>dish</name>
		<bndbox>
			<xmin>2000</xmin>
			<ymin>259</ymin>
			<xmax>4607</xmax>
			<ymax>2853</ymax>
		</bndbox>
	</object>
	<object>
		<name>삼계탕</name>
		<bndbox>
			<xmin>2246</xmin>
			<ymin>543</ymin>
			<xmax>4362</xmax>
			<ymax>2582</ymax>
		</bndbox>
	</object>
</annotation>