<annotation>
	<folder>side국류냄비매운탕q2</folder>
	<filename>side_국류_냄비_매운탕_Q2_00045.JPG</filename>
	<path>/side국류냄비매운탕q2/side_국류_냄비_매운탕_Q2_00045.JPG</path>
	<source>
		<database>fooddata</database>
	</source>
	<size>
		<width>3008</width>
		<height>2000</height>
		<depth>3</depth>
	</size>
	<object>
		<name>ref_spoon</name>
		<bndbox>
			<xmin>582</xmin>
			<ymin>363</ymin>
			<xmax>816</xmax>
			<ymax>644</ymax>
		</bndbox>
	</object>
	<object>
		<name>ref_fork</name>
		<bndbox>
			<xmin>809</xmin>
			<ymin>452</ymin>
			<xmax>990</xmax>
			<ymax>789</ymax>
		</bndbox>
	</object>
	<object>
		<name>ref_coin</name>
		<bndbox>
			<xmin>2362</xmin>
			<ymin>1335</ymin>
			<xmax>2572</xmax>
			<ymax>1495</ymax>
		</bndbox>
	</object>
	<object>
		<name>dish</name>
		<bndbox>
			<xmin>1093</xmin>
			<ymin>303</ymin>
			<xmax>2288</xmax>
			<ymax>1168</ymax>
		</bndbox>
	</object>
	<object>
		<name>매운탕</name>
		<bndbox>
			<xmin>1238</xmin>
			<ymin>431</ymin>
			<xmax>2128</xmax>
			<ymax>1066</ymax>
		</bndbox>
	</object>
</annotation>