<annotation>
	<folder>side국류냄비매운탕q2</folder>
	<filename>side_국류_냄비_매운탕_Q2_00040.JPG</filename>
	<path>/side국류냄비매운탕q2/side_국류_냄비_매운탕_Q2_00040.JPG</path>
	<source>
		<database>fooddata</database>
	</source>
	<size>
		<width>3008</width>
		<height>2000</height>
		<depth>3</depth>
	</size>
	<object>
		<name>ref_spoon</name>
		<bndbox>
			<xmin>685</xmin>
			<ymin>402</ymin>
			<xmax>965</xmax>
			<ymax>722</ymax>
		</bndbox>
	</object>
	<object>
		<name>ref_fork</name>
		<bndbox>
			<xmin>965</xmin>
			<ymin>495</ymin>
			<xmax>1178</xmax>
			<ymax>871</ymax>
		</bndbox>
	</object>
	<object>
		<name>ref_coin</name>
		<bndbox>
			<xmin>1291</xmin>
			<ymin>1495</ymin>
			<xmax>1518</xmax>
			<ymax>1679</ymax>
		</bndbox>
	</object>
	<object>
		<name>dish</name>
		<bndbox>
			<xmin>1302</xmin>
			<ymin>221</ymin>
			<xmax>2717</xmax>
			<ymax>1268</ymax>
		</bndbox>
	</object>
	<object>
		<name>매운탕</name>
		<bndbox>
			<xmin>1515</xmin>
			<ymin>370</ymin>
			<xmax>2621</xmax>
			<ymax>1151</ymax>
		</bndbox>
	</object>
</annotation>