<annotation>
	<folder>side국류냄비매운탕q2</folder>
	<filename>side_국류_냄비_매운탕_Q2_00011.JPG</filename>
	<path>/side국류냄비매운탕q2/side_국류_냄비_매운탕_Q2_00011.JPG</path>
	<source>
		<database>fooddata</database>
	</source>
	<size>
		<width>3008</width>
		<height>2000</height>
		<depth>3</depth>
	</size>
	<object>
		<name>ref_spoon</name>
		<bndbox>
			<xmin>2263</xmin>
			<ymin>548</ymin>
			<xmax>2554</xmax>
			<ymax>878</ymax>
		</bndbox>
	</object>
	<object>
		<name>ref_fork</name>
		<bndbox>
			<xmin>2643</xmin>
			<ymin>530</ymin>
			<xmax>2863</xmax>
			<ymax>917</ymax>
		</bndbox>
	</object>
	<object>
		<name>ref_coin</name>
		<bndbox>
			<xmin>1142</xmin>
			<ymin>1630</ymin>
			<xmax>1387</xmax>
			<ymax>1807</ymax>
		</bndbox>
	</object>
	<object>
		<name>dish</name>
		<bndbox>
			<xmin>323</xmin>
			<ymin>385</ymin>
			<xmax>1781</xmax>
			<ymax>1417</ymax>
		</bndbox>
	</object>
	<object>
		<name>매운탕</name>
		<bndbox>
			<xmin>553</xmin>
			<ymin>647</ymin>
			<xmax>1688</xmax>
			<ymax>1289</ymax>
		</bndbox>
	</object>
</annotation>