<annotation>
	<folder>side국류냄비매운탕q2</folder>
	<filename>side_국류_냄비_매운탕_Q2_00033.JPG</filename>
	<path>/side국류냄비매운탕q2/side_국류_냄비_매운탕_Q2_00033.JPG</path>
	<source>
		<database>fooddata</database>
	</source>
	<size>
		<width>3008</width>
		<height>2000</height>
		<depth>3</depth>
	</size>
	<object>
		<name>ref_spoon</name>
		<bndbox>
			<xmin>543</xmin>
			<ymin>487</ymin>
			<xmax>791</xmax>
			<ymax>785</ymax>
		</bndbox>
	</object>
	<object>
		<name>ref_fork</name>
		<bndbox>
			<xmin>787</xmin>
			<ymin>580</ymin>
			<xmax>979</xmax>
			<ymax>920</ymax>
		</bndbox>
	</object>
	<object>
		<name>ref_coin</name>
		<bndbox>
			<xmin>1036</xmin>
			<ymin>1481</ymin>
			<xmax>1259</xmax>
			<ymax>1644</ymax>
		</bndbox>
	</object>
	<object>
		<name>dish</name>
		<bndbox>
			<xmin>1089</xmin>
			<ymin>374</ymin>
			<xmax>2338</xmax>
			<ymax>1296</ymax>
		</bndbox>
	</object>
	<object>
		<name>매운탕</name>
		<bndbox>
			<xmin>1263</xmin>
			<ymin>651</ymin>
			<xmax>2189</xmax>
			<ymax>1179</ymax>
		</bndbox>
	</object>
</annotation>