<annotation>
	<folder>side국류냄비매운탕q2</folder>
	<filename>side_국류_냄비_매운탕_Q2_00046.JPG</filename>
	<path>/side국류냄비매운탕q2/side_국류_냄비_매운탕_Q2_00046.JPG</path>
	<source>
		<database>fooddata</database>
	</source>
	<size>
		<width>3008</width>
		<height>2000</height>
		<depth>3</depth>
	</size>
	<object>
		<name>ref_spoon</name>
		<bndbox>
			<xmin>450</xmin>
			<ymin>608</ymin>
			<xmax>695</xmax>
			<ymax>910</ymax>
		</bndbox>
	</object>
	<object>
		<name>ref_fork</name>
		<bndbox>
			<xmin>692</xmin>
			<ymin>714</ymin>
			<xmax>880</xmax>
			<ymax>1048</ymax>
		</bndbox>
	</object>
	<object>
		<name>ref_coin</name>
		<bndbox>
			<xmin>2419</xmin>
			<ymin>1268</ymin>
			<xmax>2621</xmax>
			<ymax>1438</ymax>
		</bndbox>
	</object>
	<object>
		<name>dish</name>
		<bndbox>
			<xmin>983</xmin>
			<ymin>509</ymin>
			<xmax>2203</xmax>
			<ymax>1396</ymax>
		</bndbox>
	</object>
	<object>
		<name>매운탕</name>
		<bndbox>
			<xmin>1142</xmin>
			<ymin>690</ymin>
			<xmax>2033</xmax>
			<ymax>1293</ymax>
		</bndbox>
	</object>
</annotation>