<annotation>
	<folder>top국류냄비매운탕q2</folder>
	<filename>top_국류_냄비_매운탕_Q2_00046.JPG</filename>
	<path>/top국류냄비매운탕q2/top_국류_냄비_매운탕_Q2_00046.JPG</path>
	<source>
		<database>fooddata</database>
	</source>
	<size>
		<width>3008</width>
		<height>2000</height>
		<depth>3</depth>
	</size>
	<object>
		<name>ref_spoon</name>
		<bndbox>
			<xmin>382</xmin>
			<ymin>297</ymin>
			<xmax>624</xmax>
			<ymax>668</ymax>
		</bndbox>
	</object>
	<object>
		<name>ref_fork</name>
		<bndbox>
			<xmin>715</xmin>
			<ymin>326</ymin>
			<xmax>873</xmax>
			<ymax>769</ymax>
		</bndbox>
	</object>
	<object>
		<name>ref_coin</name>
		<bndbox>
			<xmin>1992</xmin>
			<ymin>1613</ymin>
			<xmax>2161</xmax>
			<ymax>1794</ymax>
		</bndbox>
	</object>
	<object>
		<name>dish</name>
		<bndbox>
			<xmin>1022</xmin>
			<ymin>271</ymin>
			<xmax>2400</xmax>
			<ymax>1610</ymax>
		</bndbox>
	</object>
	<object>
		<name>매운탕</name>
		<bndbox>
			<xmin>1236</xmin>
			<ymin>478</ymin>
			<xmax>2180</xmax>
			<ymax>1419</ymax>
		</bndbox>
	</object>
</annotation>