<annotation>
	<folder>top국류냄비매운탕q2</folder>
	<filename>top_국류_냄비_매운탕_Q2_00035.JPG</filename>
	<path>/top국류냄비매운탕q2/top_국류_냄비_매운탕_Q2_00035.JPG</path>
	<source>
		<database>fooddata</database>
	</source>
	<size>
		<width>3008</width>
		<height>2000</height>
		<depth>3</depth>
	</size>
	<object>
		<name>ref_spoon</name>
		<bndbox>
			<xmin>391</xmin>
			<ymin>316</ymin>
			<xmax>640</xmax>
			<ymax>711</ymax>
		</bndbox>
	</object>
	<object>
		<name>ref_fork</name>
		<bndbox>
			<xmin>718</xmin>
			<ymin>371</ymin>
			<xmax>873</xmax>
			<ymax>824</ymax>
		</bndbox>
	</object>
	<object>
		<name>ref_coin</name>
		<bndbox>
			<xmin>1310</xmin>
			<ymin>1500</ymin>
			<xmax>1472</xmax>
			<ymax>1671</ymax>
		</bndbox>
	</object>
	<object>
		<name>dish</name>
		<bndbox>
			<xmin>1226</xmin>
			<ymin>209</ymin>
			<xmax>2588</xmax>
			<ymax>1535</ymax>
		</bndbox>
	</object>
	<object>
		<name>매운탕</name>
		<bndbox>
			<xmin>1381</xmin>
			<ymin>458</ymin>
			<xmax>2319</xmax>
			<ymax>1361</ymax>
		</bndbox>
	</object>
</annotation>