<annotation>
	<folder>top국류냄비매운탕q2</folder>
	<filename>top_국류_냄비_매운탕_Q2_00027.JPG</filename>
	<path>/top국류냄비매운탕q2/top_국류_냄비_매운탕_Q2_00027.JPG</path>
	<source>
		<database>fooddata</database>
	</source>
	<size>
		<width>3008</width>
		<height>2000</height>
		<depth>3</depth>
	</size>
	<object>
		<name>ref_spoon</name>
		<bndbox>
			<xmin>689</xmin>
			<ymin>1506</ymin>
			<xmax>1038</xmax>
			<ymax>1723</ymax>
		</bndbox>
	</object>
	<object>
		<name>ref_fork</name>
		<bndbox>
			<xmin>763</xmin>
			<ymin>1306</ymin>
			<xmax>1135</xmax>
			<ymax>1445</ymax>
		</bndbox>
	</object>
	<object>
		<name>ref_coin</name>
		<bndbox>
			<xmin>1963</xmin>
			<ymin>749</ymin>
			<xmax>2109</xmax>
			<ymax>879</ymax>
		</bndbox>
	</object>
	<object>
		<name>dish</name>
		<bndbox>
			<xmin>715</xmin>
			<ymin>80</ymin>
			<xmax>1869</xmax>
			<ymax>1196</ymax>
		</bndbox>
	</object>
	<object>
		<name>매운탕</name>
		<bndbox>
			<xmin>864</xmin>
			<ymin>300</ymin>
			<xmax>1688</xmax>
			<ymax>1063</ymax>
		</bndbox>
	</object>
</annotation>