<annotation>
	<folder>top국류냄비매운탕q2</folder>
	<filename>top_국류_냄비_매운탕_Q2_00050.JPG</filename>
	<path>/top국류냄비매운탕q2/top_국류_냄비_매운탕_Q2_00050.JPG</path>
	<source>
		<database>fooddata</database>
	</source>
	<size>
		<width>3008</width>
		<height>2000</height>
		<depth>3</depth>
	</size>
	<object>
		<name>ref_spoon</name>
		<bndbox>
			<xmin>243</xmin>
			<ymin>348</ymin>
			<xmax>492</xmax>
			<ymax>740</ymax>
		</bndbox>
	</object>
	<object>
		<name>ref_fork</name>
		<bndbox>
			<xmin>582</xmin>
			<ymin>371</ymin>
			<xmax>760</xmax>
			<ymax>827</ymax>
		</bndbox>
	</object>
	<object>
		<name>ref_coin</name>
		<bndbox>
			<xmin>2536</xmin>
			<ymin>730</ymin>
			<xmax>2707</xmax>
			<ymax>885</ymax>
		</bndbox>
	</object>
	<object>
		<name>dish</name>
		<bndbox>
			<xmin>909</xmin>
			<ymin>290</ymin>
			<xmax>2342</xmax>
			<ymax>1694</ymax>
		</bndbox>
	</object>
	<object>
		<name>매운탕</name>
		<bndbox>
			<xmin>1116</xmin>
			<ymin>536</ymin>
			<xmax>2109</xmax>
			<ymax>1519</ymax>
		</bndbox>
	</object>
</annotation>