<annotation>
	<folder>top국류냄비매운탕q2</folder>
	<filename>top_국류_냄비_매운탕_Q2_00024.JPG</filename>
	<path>/top국류냄비매운탕q2/top_국류_냄비_매운탕_Q2_00024.JPG</path>
	<source>
		<database>fooddata</database>
	</source>
	<size>
		<width>3008</width>
		<height>2000</height>
		<depth>3</depth>
	</size>
	<object>
		<name>ref_spoon</name>
		<bndbox>
			<xmin>770</xmin>
			<ymin>1742</ymin>
			<xmax>1109</xmax>
			<ymax>1949</ymax>
		</bndbox>
	</object>
	<object>
		<name>ref_fork</name>
		<bndbox>
			<xmin>844</xmin>
			<ymin>1545</ymin>
			<xmax>1206</xmax>
			<ymax>1681</ymax>
		</bndbox>
	</object>
	<object>
		<name>ref_coin</name>
		<bndbox>
			<xmin>1462</xmin>
			<ymin>96</ymin>
			<xmax>1588</xmax>
			<ymax>209</ymax>
		</bndbox>
	</object>
	<object>
		<name>dish</name>
		<bndbox>
			<xmin>877</xmin>
			<ymin>300</ymin>
			<xmax>1921</xmax>
			<ymax>1296</ymax>
		</bndbox>
	</object>
	<object>
		<name>매운탕</name>
		<bndbox>
			<xmin>1029</xmin>
			<ymin>458</ymin>
			<xmax>1753</xmax>
			<ymax>1170</ymax>
		</bndbox>
	</object>
</annotation>