<annotation>
	<folder>top국류냄비매운탕q2</folder>
	<filename>top_국류_냄비_매운탕_Q2_00007.JPG</filename>
	<path>/top국류냄비매운탕q2/top_국류_냄비_매운탕_Q2_00007.JPG</path>
	<source>
		<database>fooddata</database>
	</source>
	<size>
		<width>3008</width>
		<height>2000</height>
		<depth>3</depth>
	</size>
	<object>
		<name>ref_spoon</name>
		<bndbox>
			<xmin>2009</xmin>
			<ymin>348</ymin>
			<xmax>2212</xmax>
			<ymax>698</ymax>
		</bndbox>
	</object>
	<object>
		<name>ref_fork</name>
		<bndbox>
			<xmin>2329</xmin>
			<ymin>461</ymin>
			<xmax>2500</xmax>
			<ymax>843</ymax>
		</bndbox>
	</object>
	<object>
		<name>ref_coin</name>
		<bndbox>
			<xmin>372</xmin>
			<ymin>626</ymin>
			<xmax>547</xmax>
			<ymax>778</ymax>
		</bndbox>
	</object>
	<object>
		<name>dish</name>
		<bndbox>
			<xmin>602</xmin>
			<ymin>335</ymin>
			<xmax>1895</xmax>
			<ymax>1574</ymax>
		</bndbox>
	</object>
	<object>
		<name>매운탕</name>
		<bndbox>
			<xmin>809</xmin>
			<ymin>565</ymin>
			<xmax>1682</xmax>
			<ymax>1458</ymax>
		</bndbox>
	</object>
</annotation>