<annotation>
	<folder>top국류냄비매운탕q2</folder>
	<filename>top_국류_냄비_매운탕_Q2_00002.JPG</filename>
	<path>/top국류냄비매운탕q2/top_국류_냄비_매운탕_Q2_00002.JPG</path>
	<source>
		<database>fooddata</database>
	</source>
	<size>
		<width>3008</width>
		<height>2000</height>
		<depth>3</depth>
	</size>
	<object>
		<name>ref_spoon</name>
		<bndbox>
			<xmin>2099</xmin>
			<ymin>125</ymin>
			<xmax>2316</xmax>
			<ymax>516</ymax>
		</bndbox>
	</object>
	<object>
		<name>ref_fork</name>
		<bndbox>
			<xmin>2468</xmin>
			<ymin>229</ymin>
			<xmax>2633</xmax>
			<ymax>649</ymax>
		</bndbox>
	</object>
	<object>
		<name>ref_coin</name>
		<bndbox>
			<xmin>1452</xmin>
			<ymin>1636</ymin>
			<xmax>1630</xmax>
			<ymax>1807</ymax>
		</bndbox>
	</object>
	<object>
		<name>dish</name>
		<bndbox>
			<xmin>508</xmin>
			<ymin>151</ymin>
			<xmax>1857</xmax>
			<ymax>1461</ymax>
		</bndbox>
	</object>
	<object>
		<name>매운탕</name>
		<bndbox>
			<xmin>686</xmin>
			<ymin>397</ymin>
			<xmax>1646</xmax>
			<ymax>1283</ymax>
		</bndbox>
	</object>
</annotation>