<annotation>
	<folder>top국류냄비매운탕q2</folder>
	<filename>top_국류_냄비_매운탕_Q2_00005.JPG</filename>
	<path>/top국류냄비매운탕q2/top_국류_냄비_매운탕_Q2_00005.JPG</path>
	<source>
		<database>fooddata</database>
	</source>
	<size>
		<width>3008</width>
		<height>2000</height>
		<depth>3</depth>
	</size>
	<object>
		<name>ref_spoon</name>
		<bndbox>
			<xmin>2093</xmin>
			<ymin>309</ymin>
			<xmax>2313</xmax>
			<ymax>678</ymax>
		</bndbox>
	</object>
	<object>
		<name>ref_fork</name>
		<bndbox>
			<xmin>2452</xmin>
			<ymin>423</ymin>
			<xmax>2623</xmax>
			<ymax>820</ymax>
		</bndbox>
	</object>
	<object>
		<name>ref_coin</name>
		<bndbox>
			<xmin>194</xmin>
			<ymin>1018</ymin>
			<xmax>372</xmax>
			<ymax>1189</ymax>
		</bndbox>
	</object>
	<object>
		<name>dish</name>
		<bndbox>
			<xmin>537</xmin>
			<ymin>303</ymin>
			<xmax>1908</xmax>
			<ymax>1629</ymax>
		</bndbox>
	</object>
	<object>
		<name>매운탕</name>
		<bndbox>
			<xmin>744</xmin>
			<ymin>546</ymin>
			<xmax>1679</xmax>
			<ymax>1484</ymax>
		</bndbox>
	</object>
</annotation>