<annotation>
	<folder>side육류부피원형배달해물찜q5</folder>
	<filename>side_육류부피_원형배달_해물찜_Q5_00007.JPG</filename>
	<path>/side육류부피원형배달해물찜q5/side_육류부피_원형배달_해물찜_Q5_00007.JPG</path>
	<source>
		<database>fooddata</database>
	</source>
	<size>
		<width>3008</width>
		<height>2000</height>
		<depth>3</depth>
	</size>
	<object>
		<name>ref_spoon</name>
		<bndbox>
			<xmin>2132</xmin>
			<ymin>709</ymin>
			<xmax>2411</xmax>
			<ymax>1053</ymax>
		</bndbox>
	</object>
	<object>
		<name>ref_fork</name>
		<bndbox>
			<xmin>2528</xmin>
			<ymin>704</ymin>
			<xmax>2755</xmax>
			<ymax>1093</ymax>
		</bndbox>
	</object>
	<object>
		<name>ref_coin</name>
		<bndbox>
			<xmin>775</xmin>
			<ymin>551</ymin>
			<xmax>970</xmax>
			<ymax>680</ymax>
		</bndbox>
	</object>
	<object>
		<name>dish</name>
		<bndbox>
			<xmin>634</xmin>
			<ymin>583</ymin>
			<xmax>2087</xmax>
			<ymax>1814</ymax>
		</bndbox>
	</object>
	<object>
		<name>해물찜</name>
		<bndbox>
			<xmin>775</xmin>
			<ymin>850</ymin>
			<xmax>1933</xmax>
			<ymax>1393</ymax>
		</bndbox>
	</object>
</annotation>