<annotation>
	<folder>side육류부피원형배달해물찜q5</folder>
	<filename>side_육류부피_원형배달_해물찜_Q5_00034.JPG</filename>
	<path>/side육류부피원형배달해물찜q5/side_육류부피_원형배달_해물찜_Q5_00034.JPG</path>
	<source>
		<database>fooddata</database>
	</source>
	<size>
		<width>3008</width>
		<height>2000</height>
		<depth>3</depth>
	</size>
	<object>
		<name>ref_spoon</name>
		<bndbox>
			<xmin>342</xmin>
			<ymin>915</ymin>
			<xmax>621</xmax>
			<ymax>1247</ymax>
		</bndbox>
	</object>
	<object>
		<name>ref_fork</name>
		<bndbox>
			<xmin>731</xmin>
			<ymin>911</ymin>
			<xmax>925</xmax>
			<ymax>1296</ymax>
		</bndbox>
	</object>
	<object>
		<name>ref_coin</name>
		<bndbox>
			<xmin>1439</xmin>
			<ymin>1729</ymin>
			<xmax>1662</xmax>
			<ymax>1891</ymax>
		</bndbox>
	</object>
	<object>
		<name>dish</name>
		<bndbox>
			<xmin>1115</xmin>
			<ymin>478</ymin>
			<xmax>2443</xmax>
			<ymax>1623</ymax>
		</bndbox>
	</object>
	<object>
		<name>해물찜</name>
		<bndbox>
			<xmin>1229</xmin>
			<ymin>725</ymin>
			<xmax>2342</xmax>
			<ymax>1227</ymax>
		</bndbox>
	</object>
</annotation>