<annotation>
	<folder>side육류부피원형배달해물찜q5</folder>
	<filename>side_육류부피_원형배달_해물찜_Q5_00039.JPG</filename>
	<path>/side육류부피원형배달해물찜q5/side_육류부피_원형배달_해물찜_Q5_00039.JPG</path>
	<source>
		<database>fooddata</database>
	</source>
	<size>
		<width>3008</width>
		<height>2000</height>
		<depth>3</depth>
	</size>
	<object>
		<name>ref_spoon</name>
		<bndbox>
			<xmin>160</xmin>
			<ymin>899</ymin>
			<xmax>435</xmax>
			<ymax>1243</ymax>
		</bndbox>
	</object>
	<object>
		<name>ref_fork</name>
		<bndbox>
			<xmin>549</xmin>
			<ymin>903</ymin>
			<xmax>739</xmax>
			<ymax>1291</ymax>
		</bndbox>
	</object>
	<object>
		<name>ref_coin</name>
		<bndbox>
			<xmin>2221</xmin>
			<ymin>1688</ymin>
			<xmax>2443</xmax>
			<ymax>1842</ymax>
		</bndbox>
	</object>
	<object>
		<name>dish</name>
		<bndbox>
			<xmin>986</xmin>
			<ymin>514</ymin>
			<xmax>2314</xmax>
			<ymax>1664</ymax>
		</bndbox>
	</object>
	<object>
		<name>해물찜</name>
		<bndbox>
			<xmin>1099</xmin>
			<ymin>660</ymin>
			<xmax>2184</xmax>
			<ymax>1267</ymax>
		</bndbox>
	</object>
</annotation>