<annotation>
	<folder>side육류부피원형배달해물찜q5</folder>
	<filename>side_육류부피_원형배달_해물찜_Q5_00020.JPG</filename>
	<path>/side육류부피원형배달해물찜q5/side_육류부피_원형배달_해물찜_Q5_00020.JPG</path>
	<source>
		<database>fooddata</database>
	</source>
	<size>
		<width>3008</width>
		<height>2000</height>
		<depth>3</depth>
	</size>
	<object>
		<name>ref_spoon</name>
		<bndbox>
			<xmin>856</xmin>
			<ymin>1696</ymin>
			<xmax>1265</xmax>
			<ymax>1923</ymax>
		</bndbox>
	</object>
	<object>
		<name>ref_fork</name>
		<bndbox>
			<xmin>933</xmin>
			<ymin>1498</ymin>
			<xmax>1378</xmax>
			<ymax>1704</ymax>
		</bndbox>
	</object>
	<object>
		<name>ref_coin</name>
		<bndbox>
			<xmin>2362</xmin>
			<ymin>903</ymin>
			<xmax>2549</xmax>
			<ymax>1024</ymax>
		</bndbox>
	</object>
	<object>
		<name>dish</name>
		<bndbox>
			<xmin>917</xmin>
			<ymin>356</ymin>
			<xmax>2136</xmax>
			<ymax>1377</ymax>
		</bndbox>
	</object>
	<object>
		<name>해물찜</name>
		<bndbox>
			<xmin>1026</xmin>
			<ymin>575</ymin>
			<xmax>2018</xmax>
			<ymax>1016</ymax>
		</bndbox>
	</object>
</annotation>