<annotation>
	<folder>side육류부피원형배달해물찜q5</folder>
	<filename>side_육류부피_원형배달_해물찜_Q5_00035.JPG</filename>
	<path>/side육류부피원형배달해물찜q5/side_육류부피_원형배달_해물찜_Q5_00035.JPG</path>
	<source>
		<database>fooddata</database>
	</source>
	<size>
		<width>3008</width>
		<height>2000</height>
		<depth>3</depth>
	</size>
	<object>
		<name>ref_spoon</name>
		<bndbox>
			<xmin>362</xmin>
			<ymin>919</ymin>
			<xmax>638</xmax>
			<ymax>1255</ymax>
		</bndbox>
	</object>
	<object>
		<name>ref_fork</name>
		<bndbox>
			<xmin>739</xmin>
			<ymin>923</ymin>
			<xmax>929</xmax>
			<ymax>1308</ymax>
		</bndbox>
	</object>
	<object>
		<name>ref_coin</name>
		<bndbox>
			<xmin>1605</xmin>
			<ymin>1761</ymin>
			<xmax>1824</xmax>
			<ymax>1919</ymax>
		</bndbox>
	</object>
	<object>
		<name>dish</name>
		<bndbox>
			<xmin>1127</xmin>
			<ymin>494</ymin>
			<xmax>2459</xmax>
			<ymax>1632</ymax>
		</bndbox>
	</object>
	<object>
		<name>해물찜</name>
		<bndbox>
			<xmin>1225</xmin>
			<ymin>737</ymin>
			<xmax>2350</xmax>
			<ymax>1227</ymax>
		</bndbox>
	</object>
</annotation>