<annotation>
	<folder>side육류부피원형배달해물찜q5</folder>
	<filename>side_육류부피_원형배달_해물찜_Q5_00048.JPG</filename>
	<path>/side육류부피원형배달해물찜q5/side_육류부피_원형배달_해물찜_Q5_00048.JPG</path>
	<source>
		<database>fooddata</database>
	</source>
	<size>
		<width>3008</width>
		<height>2000</height>
		<depth>3</depth>
	</size>
	<object>
		<name>ref_spoon</name>
		<bndbox>
			<xmin>342</xmin>
			<ymin>846</ymin>
			<xmax>617</xmax>
			<ymax>1182</ymax>
		</bndbox>
	</object>
	<object>
		<name>ref_fork</name>
		<bndbox>
			<xmin>719</xmin>
			<ymin>846</ymin>
			<xmax>913</xmax>
			<ymax>1239</ymax>
		</bndbox>
	</object>
	<object>
		<name>ref_coin</name>
		<bndbox>
			<xmin>1751</xmin>
			<ymin>1713</ymin>
			<xmax>1974</xmax>
			<ymax>1858</ymax>
		</bndbox>
	</object>
	<object>
		<name>dish</name>
		<bndbox>
			<xmin>1144</xmin>
			<ymin>437</ymin>
			<xmax>2488</xmax>
			<ymax>1555</ymax>
		</bndbox>
	</object>
	<object>
		<name>해물찜</name>
		<bndbox>
			<xmin>1342</xmin>
			<ymin>680</ymin>
			<xmax>2370</xmax>
			<ymax>1174</ymax>
		</bndbox>
	</object>
</annotation>