<annotation>
	<folder>side육류부피원형배달해물찜q5</folder>
	<filename>side_육류부피_원형배달_해물찜_Q5_00013.JPG</filename>
	<path>/side육류부피원형배달해물찜q5/side_육류부피_원형배달_해물찜_Q5_00013.JPG</path>
	<source>
		<database>fooddata</database>
	</source>
	<size>
		<width>3008</width>
		<height>2000</height>
		<depth>3</depth>
	</size>
	<object>
		<name>ref_spoon</name>
		<bndbox>
			<xmin>1662</xmin>
			<ymin>632</ymin>
			<xmax>1945</xmax>
			<ymax>972</ymax>
		</bndbox>
	</object>
	<object>
		<name>ref_fork</name>
		<bndbox>
			<xmin>2059</xmin>
			<ymin>611</ymin>
			<xmax>2285</xmax>
			<ymax>1008</ymax>
		</bndbox>
	</object>
	<object>
		<name>ref_coin</name>
		<bndbox>
			<xmin>2358</xmin>
			<ymin>1696</ymin>
			<xmax>2585</xmax>
			<ymax>1854</ymax>
		</bndbox>
	</object>
	<object>
		<name>dish</name>
		<bndbox>
			<xmin>176</xmin>
			<ymin>368</ymin>
			<xmax>1597</xmax>
			<ymax>1551</ymax>
		</bndbox>
	</object>
	<object>
		<name>해물찜</name>
		<bndbox>
			<xmin>338</xmin>
			<ymin>474</ymin>
			<xmax>1480</xmax>
			<ymax>1130</ymax>
		</bndbox>
	</object>
</annotation>