<annotation>
	<folder>side육류부피원형배달해물찜q5</folder>
	<filename>side_육류부피_원형배달_해물찜_Q5_00053.JPG</filename>
	<path>/side육류부피원형배달해물찜q5/side_육류부피_원형배달_해물찜_Q5_00053.JPG</path>
	<source>
		<database>fooddata</database>
	</source>
	<size>
		<width>3008</width>
		<height>2000</height>
		<depth>3</depth>
	</size>
	<object>
		<name>ref_spoon</name>
		<bndbox>
			<xmin>225</xmin>
			<ymin>1016</ymin>
			<xmax>496</xmax>
			<ymax>1340</ymax>
		</bndbox>
	</object>
	<object>
		<name>ref_fork</name>
		<bndbox>
			<xmin>597</xmin>
			<ymin>1024</ymin>
			<xmax>779</xmax>
			<ymax>1397</ymax>
		</bndbox>
	</object>
	<object>
		<name>ref_coin</name>
		<bndbox>
			<xmin>2119</xmin>
			<ymin>721</ymin>
			<xmax>2306</xmax>
			<ymax>838</ymax>
		</bndbox>
	</object>
	<object>
		<name>dish</name>
		<bndbox>
			<xmin>1067</xmin>
			<ymin>709</ymin>
			<xmax>2387</xmax>
			<ymax>1846</ymax>
		</bndbox>
	</object>
	<object>
		<name>해물찜</name>
		<bndbox>
			<xmin>1148</xmin>
			<ymin>899</ymin>
			<xmax>2261</xmax>
			<ymax>1462</ymax>
		</bndbox>
	</object>
</annotation>