<annotation>
	<folder>side육류부피원형배달해물찜q5</folder>
	<filename>side_육류부피_원형배달_해물찜_Q5_00004.JPG</filename>
	<path>/side육류부피원형배달해물찜q5/side_육류부피_원형배달_해물찜_Q5_00004.JPG</path>
	<source>
		<database>fooddata</database>
	</source>
	<size>
		<width>3008</width>
		<height>2000</height>
		<depth>3</depth>
	</size>
	<object>
		<name>ref_spoon</name>
		<bndbox>
			<xmin>1876</xmin>
			<ymin>543</ymin>
			<xmax>2152</xmax>
			<ymax>895</ymax>
		</bndbox>
	</object>
	<object>
		<name>ref_fork</name>
		<bndbox>
			<xmin>2277</xmin>
			<ymin>534</ymin>
			<xmax>2492</xmax>
			<ymax>927</ymax>
		</bndbox>
	</object>
	<object>
		<name>ref_coin</name>
		<bndbox>
			<xmin>277</xmin>
			<ymin>1567</ymin>
			<xmax>524</xmax>
			<ymax>1737</ymax>
		</bndbox>
	</object>
	<object>
		<name>dish</name>
		<bndbox>
			<xmin>451</xmin>
			<ymin>312</ymin>
			<xmax>1864</xmax>
			<ymax>1538</ymax>
		</bndbox>
	</object>
	<object>
		<name>해물찜</name>
		<bndbox>
			<xmin>581</xmin>
			<ymin>559</ymin>
			<xmax>1755</xmax>
			<ymax>1113</ymax>
		</bndbox>
	</object>
</annotation>