<annotation>
	<folder>side육류부피원형배달해물찜q5</folder>
	<filename>side_육류부피_원형배달_해물찜_Q5_00047.JPG</filename>
	<path>/side육류부피원형배달해물찜q5/side_육류부피_원형배달_해물찜_Q5_00047.JPG</path>
	<source>
		<database>fooddata</database>
	</source>
	<size>
		<width>3008</width>
		<height>2000</height>
		<depth>3</depth>
	</size>
	<object>
		<name>ref_spoon</name>
		<bndbox>
			<xmin>435</xmin>
			<ymin>700</ymin>
			<xmax>710</xmax>
			<ymax>1028</ymax>
		</bndbox>
	</object>
	<object>
		<name>ref_fork</name>
		<bndbox>
			<xmin>812</xmin>
			<ymin>709</ymin>
			<xmax>1006</xmax>
			<ymax>1097</ymax>
		</bndbox>
	</object>
	<object>
		<name>ref_coin</name>
		<bndbox>
			<xmin>1362</xmin>
			<ymin>1563</ymin>
			<xmax>1577</xmax>
			<ymax>1721</ymax>
		</bndbox>
	</object>
	<object>
		<name>dish</name>
		<bndbox>
			<xmin>1241</xmin>
			<ymin>300</ymin>
			<xmax>2573</xmax>
			<ymax>1437</ymax>
		</bndbox>
	</object>
	<object>
		<name>해물찜</name>
		<bndbox>
			<xmin>1435</xmin>
			<ymin>563</ymin>
			<xmax>2451</xmax>
			<ymax>1045</ymax>
		</bndbox>
	</object>
</annotation>