<annotation>
	<folder>top육류부피원형배달해물찜q5</folder>
	<filename>top_육류부피_원형배달_해물찜_Q5_00038.JPG</filename>
	<path>/top육류부피원형배달해물찜q5/top_육류부피_원형배달_해물찜_Q5_00038.JPG</path>
	<source>
		<database>fooddata</database>
	</source>
	<size>
		<width>3008</width>
		<height>2000</height>
		<depth>3</depth>
	</size>
	<object>
		<name>ref_spoon</name>
		<bndbox>
			<xmin>457</xmin>
			<ymin>459</ymin>
			<xmax>727</xmax>
			<ymax>845</ymax>
		</bndbox>
	</object>
	<object>
		<name>ref_fork</name>
		<bndbox>
			<xmin>798</xmin>
			<ymin>474</ymin>
			<xmax>991</xmax>
			<ymax>911</ymax>
		</bndbox>
	</object>
	<object>
		<name>ref_coin</name>
		<bndbox>
			<xmin>2236</xmin>
			<ymin>1414</ymin>
			<xmax>2419</xmax>
			<ymax>1597</ymax>
		</bndbox>
	</object>
	<object>
		<name>dish</name>
		<bndbox>
			<xmin>1158</xmin>
			<ymin>337</ymin>
			<xmax>2368</xmax>
			<ymax>1521</ymax>
		</bndbox>
	</object>
	<object>
		<name>해물찜</name>
		<bndbox>
			<xmin>1214</xmin>
			<ymin>418</ymin>
			<xmax>2236</xmax>
			<ymax>1460</ymax>
		</bndbox>
	</object>
</annotation>