<annotation>
	<folder>top육류부피원형배달해물찜q5</folder>
	<filename>top_육류부피_원형배달_해물찜_Q5_00011.JPG</filename>
	<path>/top육류부피원형배달해물찜q5/top_육류부피_원형배달_해물찜_Q5_00011.JPG</path>
	<source>
		<database>fooddata</database>
	</source>
	<size>
		<width>3008</width>
		<height>2000</height>
		<depth>3</depth>
	</size>
	<object>
		<name>ref_spoon</name>
		<bndbox>
			<xmin>2215</xmin>
			<ymin>154</ymin>
			<xmax>2480</xmax>
			<ymax>550</ymax>
		</bndbox>
	</object>
	<object>
		<name>ref_fork</name>
		<bndbox>
			<xmin>2571</xmin>
			<ymin>174</ymin>
			<xmax>2779</xmax>
			<ymax>616</ymax>
		</bndbox>
	</object>
	<object>
		<name>ref_coin</name>
		<bndbox>
			<xmin>1905</xmin>
			<ymin>693</ymin>
			<xmax>2109</xmax>
			<ymax>891</ymax>
		</bndbox>
	</object>
	<object>
		<name>dish</name>
		<bndbox>
			<xmin>518</xmin>
			<ymin>210</ymin>
			<xmax>1850</xmax>
			<ymax>1516</ymax>
		</bndbox>
	</object>
	<object>
		<name>해물찜</name>
		<bndbox>
			<xmin>620</xmin>
			<ymin>347</ymin>
			<xmax>1789</xmax>
			<ymax>1470</ymax>
		</bndbox>
	</object>
</annotation>