<annotation>
	<folder>top육류부피원형배달해물찜q5</folder>
	<filename>top_육류부피_원형배달_해물찜_Q5_00010.JPG</filename>
	<path>/top육류부피원형배달해물찜q5/top_육류부피_원형배달_해물찜_Q5_00010.JPG</path>
	<source>
		<database>fooddata</database>
	</source>
	<size>
		<width>3008</width>
		<height>2000</height>
		<depth>3</depth>
	</size>
	<object>
		<name>ref_spoon</name>
		<bndbox>
			<xmin>2124</xmin>
			<ymin>134</ymin>
			<xmax>2393</xmax>
			<ymax>540</ymax>
		</bndbox>
	</object>
	<object>
		<name>ref_fork</name>
		<bndbox>
			<xmin>2474</xmin>
			<ymin>144</ymin>
			<xmax>2693</xmax>
			<ymax>601</ymax>
		</bndbox>
	</object>
	<object>
		<name>ref_coin</name>
		<bndbox>
			<xmin>1585</xmin>
			<ymin>235</ymin>
			<xmax>1794</xmax>
			<ymax>428</ymax>
		</bndbox>
	</object>
	<object>
		<name>dish</name>
		<bndbox>
			<xmin>615</xmin>
			<ymin>403</ymin>
			<xmax>1992</xmax>
			<ymax>1744</ymax>
		</bndbox>
	</object>
	<object>
		<name>해물찜</name>
		<bndbox>
			<xmin>737</xmin>
			<ymin>520</ymin>
			<xmax>1905</xmax>
			<ymax>1673</ymax>
		</bndbox>
	</object>
</annotation>