<annotation>
	<folder>top육류부피원형배달해물찜q5</folder>
	<filename>top_육류부피_원형배달_해물찜_Q5_00034.JPG</filename>
	<path>/top육류부피원형배달해물찜q5/top_육류부피_원형배달_해물찜_Q5_00034.JPG</path>
	<source>
		<database>fooddata</database>
	</source>
	<size>
		<width>3008</width>
		<height>2000</height>
		<depth>3</depth>
	</size>
	<object>
		<name>ref_spoon</name>
		<bndbox>
			<xmin>579</xmin>
			<ymin>418</ymin>
			<xmax>843</xmax>
			<ymax>799</ymax>
		</bndbox>
	</object>
	<object>
		<name>ref_fork</name>
		<bndbox>
			<xmin>904</xmin>
			<ymin>449</ymin>
			<xmax>1098</xmax>
			<ymax>876</ymax>
		</bndbox>
	</object>
	<object>
		<name>ref_coin</name>
		<bndbox>
			<xmin>1656</xmin>
			<ymin>1617</ymin>
			<xmax>1855</xmax>
			<ymax>1810</ymax>
		</bndbox>
	</object>
	<object>
		<name>dish</name>
		<bndbox>
			<xmin>1260</xmin>
			<ymin>327</ymin>
			<xmax>2474</xmax>
			<ymax>1506</ymax>
		</bndbox>
	</object>
	<object>
		<name>해물찜</name>
		<bndbox>
			<xmin>1306</xmin>
			<ymin>428</ymin>
			<xmax>2327</xmax>
			<ymax>1450</ymax>
		</bndbox>
	</object>
</annotation>