<annotation>
	<folder>top육류부피원형배달해물찜q5</folder>
	<filename>top_육류부피_원형배달_해물찜_Q5_00020.JPG</filename>
	<path>/top육류부피원형배달해물찜q5/top_육류부피_원형배달_해물찜_Q5_00020.JPG</path>
	<source>
		<database>fooddata</database>
	</source>
	<size>
		<width>3008</width>
		<height>2000</height>
		<depth>3</depth>
	</size>
	<object>
		<name>ref_spoon</name>
		<bndbox>
			<xmin>1062</xmin>
			<ymin>1526</ymin>
			<xmax>1392</xmax>
			<ymax>1765</ymax>
		</bndbox>
	</object>
	<object>
		<name>ref_fork</name>
		<bndbox>
			<xmin>1082</xmin>
			<ymin>1312</ymin>
			<xmax>1453</xmax>
			<ymax>1495</ymax>
		</bndbox>
	</object>
	<object>
		<name>ref_coin</name>
		<bndbox>
			<xmin>2286</xmin>
			<ymin>449</ymin>
			<xmax>2459</xmax>
			<ymax>611</ymax>
		</bndbox>
	</object>
	<object>
		<name>dish</name>
		<bndbox>
			<xmin>1219</xmin>
			<ymin>139</ymin>
			<xmax>2281</xmax>
			<ymax>1170</ymax>
		</bndbox>
	</object>
	<object>
		<name>해물찜</name>
		<bndbox>
			<xmin>1280</xmin>
			<ymin>240</ymin>
			<xmax>2170</xmax>
			<ymax>1130</ymax>
		</bndbox>
	</object>
</annotation>