<annotation>
	<folder>top육류부피원형배달해물찜q5</folder>
	<filename>top_육류부피_원형배달_해물찜_Q5_00052.JPG</filename>
	<path>/top육류부피원형배달해물찜q5/top_육류부피_원형배달_해물찜_Q5_00052.JPG</path>
	<source>
		<database>fooddata</database>
	</source>
	<size>
		<width>3008</width>
		<height>2000</height>
		<depth>3</depth>
	</size>
	<object>
		<name>ref_spoon</name>
		<bndbox>
			<xmin>320</xmin>
			<ymin>738</ymin>
			<xmax>610</xmax>
			<ymax>1140</ymax>
		</bndbox>
	</object>
	<object>
		<name>ref_fork</name>
		<bndbox>
			<xmin>691</xmin>
			<ymin>708</ymin>
			<xmax>915</xmax>
			<ymax>1170</ymax>
		</bndbox>
	</object>
	<object>
		<name>ref_coin</name>
		<bndbox>
			<xmin>2449</xmin>
			<ymin>1338</ymin>
			<xmax>2657</xmax>
			<ymax>1546</ymax>
		</bndbox>
	</object>
	<object>
		<name>dish</name>
		<bndbox>
			<xmin>1087</xmin>
			<ymin>306</ymin>
			<xmax>2414</xmax>
			<ymax>1577</ymax>
		</bndbox>
	</object>
	<object>
		<name>해물찜</name>
		<bndbox>
			<xmin>1158</xmin>
			<ymin>418</ymin>
			<xmax>2307</xmax>
			<ymax>1556</ymax>
		</bndbox>
	</object>
</annotation>