<annotation>
	<folder>side건더기국류뚝배기q3</folder>
	<filename>side_건더기국류_뚝배기_삼계탕_Q3_00023.JPG</filename>
	<path>/side건더기국류뚝배기삼계탕q3/side_건더기국류_뚝배기_삼계탕_Q3_00023.JPG</path>
	<source>
		<database>fooddata</database>
	</source>
	<size>
		<width>5472</width>
		<height>3648</height>
		<depth>3</depth>
	</size>
	<object>
		<name>ref_spoon</name>
		<bndbox>
			<xmin>2120</xmin>
			<ymin>3063</ymin>
			<xmax>3017</xmax>
			<ymax>3508</ymax>
		</bndbox>
	</object>
	<object>
		<name>ref_fork</name>
		<bndbox>
			<xmin>2128</xmin>
			<ymin>2650</ymin>
			<xmax>3118</xmax>
			<ymax>2985</ymax>
		</bndbox>
	</object>
	<object>
		<name>ref_coin</name>
		<bndbox>
			<xmin>2892</xmin>
			<ymin>94</ymin>
			<xmax>3165</xmax>
			<ymax>288</ymax>
		</bndbox>
	</object>
	<object>
		<name>dish</name>
		<bndbox>
			<xmin>1949</xmin>
			<ymin>413</ymin>
			<xmax>4342</xmax>
			<ymax>2455</ymax>
		</bndbox>
	</object>
	<object>
		<name>삼계탕</name>
		<bndbox>
			<xmin>2229</xmin>
			<ymin>904</ymin>
			<xmax>4061</xmax>
			<ymax>1840</ymax>
		</bndbox>
	</object>
</annotation>