<annotation>
	<folder>side건더기국류뚝배기q3</folder>
	<filename>side_건더기국류_뚝배기_삼계탕_Q3_00050.JPG</filename>
	<path>/side건더기국류뚝배기삼계탕q3/side_건더기국류_뚝배기_삼계탕_Q3_00050.JPG</path>
	<source>
		<database>fooddata</database>
	</source>
	<size>
		<width>5472</width>
		<height>3648</height>
		<depth>3</depth>
	</size>
	<object>
		<name>ref_spoon</name>
		<bndbox>
			<xmin>1208</xmin>
			<ymin>1988</ymin>
			<xmax>1707</xmax>
			<ymax>2783</ymax>
		</bndbox>
	</object>
	<object>
		<name>ref_fork</name>
		<bndbox>
			<xmin>1894</xmin>
			<ymin>1972</ymin>
			<xmax>2229</xmax>
			<ymax>2798</ymax>
		</bndbox>
	</object>
	<object>
		<name>ref_coin</name>
		<bndbox>
			<xmin>2268</xmin>
			<ymin>967</ymin>
			<xmax>2580</xmax>
			<ymax>1193</ymax>
		</bndbox>
	</object>
	<object>
		<name>dish</name>
		<bndbox>
			<xmin>2494</xmin>
			<ymin>1083</ymin>
			<xmax>5168</xmax>
			<ymax>3367</ymax>
		</bndbox>
	</object>
	<object>
		<name>삼계탕</name>
		<bndbox>
			<xmin>2783</xmin>
			<ymin>1489</ymin>
			<xmax>4864</xmax>
			<ymax>2705</ymax>
		</bndbox>
	</object>
</annotation>