<annotation>
	<folder>side건더기국류뚝배기q3</folder>
	<filename>side_건더기국류_뚝배기_삼계탕_Q3_00008.JPG</filename>
	<path>/side건더기국류뚝배기삼계탕q3/side_건더기국류_뚝배기_삼계탕_Q3_00008.JPG</path>
	<source>
		<database>fooddata</database>
	</source>
	<size>
		<width>5472</width>
		<height>3648</height>
		<depth>3</depth>
	</size>
	<object>
		<name>ref_spoon</name>
		<bndbox>
			<xmin>4022</xmin>
			<ymin>857</ymin>
			<xmax>4537</xmax>
			<ymax>1598</ymax>
		</bndbox>
	</object>
	<object>
		<name>ref_fork</name>
		<bndbox>
			<xmin>4794</xmin>
			<ymin>787</ymin>
			<xmax>5191</xmax>
			<ymax>1676</ymax>
		</bndbox>
	</object>
	<object>
		<name>ref_coin</name>
		<bndbox>
			<xmin>725</xmin>
			<ymin>1520</ymin>
			<xmax>1107</xmax>
			<ymax>1808</ymax>
		</bndbox>
	</object>
	<object>
		<name>dish</name>
		<bndbox>
			<xmin>1224</xmin>
			<ymin>600</ymin>
			<xmax>3952</xmax>
			<ymax>2985</ymax>
		</bndbox>
	</object>
	<object>
		<name>삼계탕</name>
		<bndbox>
			<xmin>1442</xmin>
			<ymin>1169</ymin>
			<xmax>3664</xmax>
			<ymax>2292</ymax>
		</bndbox>
	</object>
</annotation>