<annotation>
	<folder>side건더기국류뚝배기q3</folder>
	<filename>side_건더기국류_뚝배기_삼계탕_Q3_00041.JPG</filename>
	<path>/side건더기국류뚝배기삼계탕q3/side_건더기국류_뚝배기_삼계탕_Q3_00041.JPG</path>
	<source>
		<database>fooddata</database>
	</source>
	<size>
		<width>5472</width>
		<height>3648</height>
		<depth>3</depth>
	</size>
	<object>
		<name>ref_spoon</name>
		<bndbox>
			<xmin>818</xmin>
			<ymin>2058</ymin>
			<xmax>1333</xmax>
			<ymax>2907</ymax>
		</bndbox>
	</object>
	<object>
		<name>ref_fork</name>
		<bndbox>
			<xmin>1489</xmin>
			<ymin>2011</ymin>
			<xmax>1824</xmax>
			<ymax>2900</ymax>
		</bndbox>
	</object>
	<object>
		<name>ref_coin</name>
		<bndbox>
			<xmin>2416</xmin>
			<ymin>795</ymin>
			<xmax>2736</xmax>
			<ymax>1021</ymax>
		</bndbox>
	</object>
	<object>
		<name>dish</name>
		<bndbox>
			<xmin>2245</xmin>
			<ymin>1083</ymin>
			<xmax>4958</xmax>
			<ymax>3414</ymax>
		</bndbox>
	</object>
	<object>
		<name>삼계탕</name>
		<bndbox>
			<xmin>2541</xmin>
			<ymin>1543</ymin>
			<xmax>4646</xmax>
			<ymax>2736</ymax>
		</bndbox>
	</object>
</annotation>