<annotation>
	<folder>side건더기국류뚝배기q3</folder>
	<filename>side_건더기국류_뚝배기_삼계탕_Q3_00042.JPG</filename>
	<path>/side건더기국류뚝배기삼계탕q3/side_건더기국류_뚝배기_삼계탕_Q3_00042.JPG</path>
	<source>
		<database>fooddata</database>
	</source>
	<size>
		<width>5472</width>
		<height>3648</height>
		<depth>3</depth>
	</size>
	<object>
		<name>ref_spoon</name>
		<bndbox>
			<xmin>787</xmin>
			<ymin>1933</ymin>
			<xmax>1294</xmax>
			<ymax>2752</ymax>
		</bndbox>
	</object>
	<object>
		<name>ref_fork</name>
		<bndbox>
			<xmin>1450</xmin>
			<ymin>1910</ymin>
			<xmax>1785</xmax>
			<ymax>2783</ymax>
		</bndbox>
	</object>
	<object>
		<name>ref_coin</name>
		<bndbox>
			<xmin>1832</xmin>
			<ymin>1037</ymin>
			<xmax>2167</xmax>
			<ymax>1278</ymax>
		</bndbox>
	</object>
	<object>
		<name>dish</name>
		<bndbox>
			<xmin>2214</xmin>
			<ymin>1006</ymin>
			<xmax>4919</xmax>
			<ymax>3336</ymax>
		</bndbox>
	</object>
	<object>
		<name>삼계탕</name>
		<bndbox>
			<xmin>2494</xmin>
			<ymin>1551</ymin>
			<xmax>4607</xmax>
			<ymax>2650</ymax>
		</bndbox>
	</object>
</annotation>