<annotation>
	<folder>side건더기국류뚝배기q3</folder>
	<filename>side_건더기국류_뚝배기_삼계탕_Q3_00004.JPG</filename>
	<path>/side건더기국류뚝배기삼계탕q3/side_건더기국류_뚝배기_삼계탕_Q3_00004.JPG</path>
	<source>
		<database>fooddata</database>
	</source>
	<size>
		<width>5472</width>
		<height>3648</height>
		<depth>3</depth>
	</size>
	<object>
		<name>ref_spoon</name>
		<bndbox>
			<xmin>3734</xmin>
			<ymin>896</ymin>
			<xmax>4233</xmax>
			<ymax>1637</ymax>
		</bndbox>
	</object>
	<object>
		<name>ref_fork</name>
		<bndbox>
			<xmin>4498</xmin>
			<ymin>850</ymin>
			<xmax>4872</xmax>
			<ymax>1668</ymax>
		</bndbox>
	</object>
	<object>
		<name>ref_coin</name>
		<bndbox>
			<xmin>1489</xmin>
			<ymin>3009</ymin>
			<xmax>1894</xmax>
			<ymax>3336</ymax>
		</bndbox>
	</object>
	<object>
		<name>dish</name>
		<bndbox>
			<xmin>1068</xmin>
			<ymin>491</ymin>
			<xmax>3773</xmax>
			<ymax>2806</ymax>
		</bndbox>
	</object>
	<object>
		<name>삼계탕</name>
		<bndbox>
			<xmin>1364</xmin>
			<ymin>1029</ymin>
			<xmax>3430</xmax>
			<ymax>2144</ymax>
		</bndbox>
	</object>
</annotation>