<annotation>
	<folder>top건더기국류뚝배기q3</folder>
	<filename>top_건더기국류_뚝배기_삼계탕_Q3_00034.JPG</filename>
	<path>/top건더기국류뚝배기삼계탕q3/top_건더기국류_뚝배기_삼계탕_Q3_00034.JPG</path>
	<source>
		<database>fooddata</database>
	</source>
	<size>
		<width>5472</width>
		<height>3648</height>
		<depth>3</depth>
	</size>
	<object>
		<name>ref_spoon</name>
		<bndbox>
			<xmin>374</xmin>
			<ymin>610</ymin>
			<xmax>912</xmax>
			<ymax>1476</ymax>
		</bndbox>
	</object>
	<object>
		<name>ref_fork</name>
		<bndbox>
			<xmin>1141</xmin>
			<ymin>686</ymin>
			<xmax>1512</xmax>
			<ymax>1586</ymax>
		</bndbox>
	</object>
	<object>
		<name>ref_coin</name>
		<bndbox>
			<xmin>4650</xmin>
			<ymin>1943</ymin>
			<xmax>5046</xmax>
			<ymax>2338</ymax>
		</bndbox>
	</object>
	<object>
		<name>dish</name>
		<bndbox>
			<xmin>1579</xmin>
			<ymin>357</ymin>
			<xmax>4598</xmax>
			<ymax>3357</ymax>
		</bndbox>
	</object>
	<object>
		<name>삼계탕</name>
		<bndbox>
			<xmin>1898</xmin>
			<ymin>748</ymin>
			<xmax>4265</xmax>
			<ymax>3015</ymax>
		</bndbox>
	</object>
</annotation>