<annotation>
	<folder>top건더기국류뚝배기q3</folder>
	<filename>top_건더기국류_뚝배기_삼계탕_Q3_00033.JPG</filename>
	<path>/top건더기국류뚝배기삼계탕q3/top_건더기국류_뚝배기_삼계탕_Q3_00033.JPG</path>
	<source>
		<database>fooddata</database>
	</source>
	<size>
		<width>5472</width>
		<height>3648</height>
		<depth>3</depth>
	</size>
	<object>
		<name>ref_spoon</name>
		<bndbox>
			<xmin>483</xmin>
			<ymin>548</ymin>
			<xmax>1045</xmax>
			<ymax>1395</ymax>
		</bndbox>
	</object>
	<object>
		<name>ref_fork</name>
		<bndbox>
			<xmin>1264</xmin>
			<ymin>629</ymin>
			<xmax>1655</xmax>
			<ymax>1600</ymax>
		</bndbox>
	</object>
	<object>
		<name>ref_coin</name>
		<bndbox>
			<xmin>4627</xmin>
			<ymin>2453</ymin>
			<xmax>5008</xmax>
			<ymax>2843</ymax>
		</bndbox>
	</object>
	<object>
		<name>dish</name>
		<bndbox>
			<xmin>1736</xmin>
			<ymin>319</ymin>
			<xmax>4760</xmax>
			<ymax>3353</ymax>
		</bndbox>
	</object>
	<object>
		<name>삼계탕</name>
		<bndbox>
			<xmin>2069</xmin>
			<ymin>695</ymin>
			<xmax>4431</xmax>
			<ymax>2972</ymax>
		</bndbox>
	</object>
</annotation>