<annotation>
	<folder>top건더기국류뚝배기q3</folder>
	<filename>top_건더기국류_뚝배기_삼계탕_Q3_00009.JPG</filename>
	<path>/top건더기국류뚝배기삼계탕q3/top_건더기국류_뚝배기_삼계탕_Q3_00009.JPG</path>
	<source>
		<database>fooddata</database>
	</source>
	<size>
		<width>5472</width>
		<height>3648</height>
		<depth>3</depth>
	</size>
	<object>
		<name>ref_spoon</name>
		<bndbox>
			<xmin>3931</xmin>
			<ymin>419</ymin>
			<xmax>4417</xmax>
			<ymax>1205</ymax>
		</bndbox>
	</object>
	<object>
		<name>ref_fork</name>
		<bndbox>
			<xmin>4655</xmin>
			<ymin>419</ymin>
			<xmax>4993</xmax>
			<ymax>1257</ymax>
		</bndbox>
	</object>
	<object>
		<name>ref_coin</name>
		<bndbox>
			<xmin>1526</xmin>
			<ymin>329</ymin>
			<xmax>1922</xmax>
			<ymax>691</ymax>
		</bndbox>
	</object>
	<object>
		<name>dish</name>
		<bndbox>
			<xmin>1283</xmin>
			<ymin>519</ymin>
			<xmax>4165</xmax>
			<ymax>3391</ymax>
		</bndbox>
	</object>
	<object>
		<name>삼계탕</name>
		<bndbox>
			<xmin>1622</xmin>
			<ymin>943</ymin>
			<xmax>3831</xmax>
			<ymax>3081</ymax>
		</bndbox>
	</object>
</annotation>