<annotation>
	<folder>top건더기국류뚝배기q3</folder>
	<filename>top_건더기국류_뚝배기_삼계탕_Q3_00025.JPG</filename>
	<path>/top건더기국류뚝배기삼계탕q3/top_건더기국류_뚝배기_삼계탕_Q3_00025.JPG</path>
	<source>
		<database>fooddata</database>
	</source>
	<size>
		<width>5472</width>
		<height>3648</height>
		<depth>3</depth>
	</size>
	<object>
		<name>ref_spoon</name>
		<bndbox>
			<xmin>1950</xmin>
			<ymin>2962</ymin>
			<xmax>2617</xmax>
			<ymax>3381</ymax>
		</bndbox>
	</object>
	<object>
		<name>ref_fork</name>
		<bndbox>
			<xmin>2079</xmin>
			<ymin>2586</ymin>
			<xmax>2779</xmax>
			<ymax>2857</ymax>
		</bndbox>
	</object>
	<object>
		<name>ref_coin</name>
		<bndbox>
			<xmin>1564</xmin>
			<ymin>614</ymin>
			<xmax>1831</xmax>
			<ymax>872</ymax>
		</bndbox>
	</object>
	<object>
		<name>dish</name>
		<bndbox>
			<xmin>2007</xmin>
			<ymin>300</ymin>
			<xmax>4112</xmax>
			<ymax>2386</ymax>
		</bndbox>
	</object>
	<object>
		<name>삼계탕</name>
		<bndbox>
			<xmin>2265</xmin>
			<ymin>624</ymin>
			<xmax>3850</xmax>
			<ymax>2191</ymax>
		</bndbox>
	</object>
</annotation>