<annotation>
	<folder>top건더기국류뚝배기q3</folder>
	<filename>top_건더기국류_뚝배기_삼계탕_Q3_00035.JPG</filename>
	<path>/top건더기국류뚝배기삼계탕q3/top_건더기국류_뚝배기_삼계탕_Q3_00035.JPG</path>
	<source>
		<database>fooddata</database>
	</source>
	<size>
		<width>5472</width>
		<height>3648</height>
		<depth>3</depth>
	</size>
	<object>
		<name>ref_spoon</name>
		<bndbox>
			<xmin>502</xmin>
			<ymin>505</ymin>
			<xmax>1045</xmax>
			<ymax>1372</ymax>
		</bndbox>
	</object>
	<object>
		<name>ref_fork</name>
		<bndbox>
			<xmin>1269</xmin>
			<ymin>600</ymin>
			<xmax>1645</xmax>
			<ymax>1510</ymax>
		</bndbox>
	</object>
	<object>
		<name>ref_coin</name>
		<bndbox>
			<xmin>4722</xmin>
			<ymin>1210</ymin>
			<xmax>5108</xmax>
			<ymax>1581</ymax>
		</bndbox>
	</object>
	<object>
		<name>dish</name>
		<bndbox>
			<xmin>1712</xmin>
			<ymin>329</ymin>
			<xmax>4693</xmax>
			<ymax>3281</ymax>
		</bndbox>
	</object>
	<object>
		<name>삼계탕</name>
		<bndbox>
			<xmin>1988</xmin>
			<ymin>729</ymin>
			<xmax>4312</xmax>
			<ymax>3019</ymax>
		</bndbox>
	</object>
</annotation>