<annotation>
	<folder>top건더기국류뚝배기q3</folder>
	<filename>top_건더기국류_뚝배기_삼계탕_Q3_00002.JPG</filename>
	<path>/top건더기국류뚝배기삼계탕q3/top_건더기국류_뚝배기_삼계탕_Q3_00002.JPG</path>
	<source>
		<database>fooddata</database>
	</source>
	<size>
		<width>5472</width>
		<height>3648</height>
		<depth>3</depth>
	</size>
	<object>
		<name>ref_spoon</name>
		<bndbox>
			<xmin>3727</xmin>
			<ymin>233</ymin>
			<xmax>4227</xmax>
			<ymax>1052</ymax>
		</bndbox>
	</object>
	<object>
		<name>ref_fork</name>
		<bndbox>
			<xmin>4465</xmin>
			<ymin>233</ymin>
			<xmax>4836</xmax>
			<ymax>1162</ymax>
		</bndbox>
	</object>
	<object>
		<name>ref_coin</name>
		<bndbox>
			<xmin>2831</xmin>
			<ymin>2867</ymin>
			<xmax>3231</xmax>
			<ymax>3277</ymax>
		</bndbox>
	</object>
	<object>
		<name>dish</name>
		<bndbox>
			<xmin>698</xmin>
			<ymin>167</ymin>
			<xmax>3665</xmax>
			<ymax>3096</ymax>
		</bndbox>
	</object>
	<object>
		<name>삼계탕</name>
		<bndbox>
			<xmin>1069</xmin>
			<ymin>529</ymin>
			<xmax>3365</xmax>
			<ymax>2796</ymax>
		</bndbox>
	</object>
</annotation>