<annotation>
	<folder>top건더기국류뚝배기q3</folder>
	<filename>top_건더기국류_뚝배기_삼계탕_Q3_00028.JPG</filename>
	<path>/top건더기국류뚝배기삼계탕q3/top_건더기국류_뚝배기_삼계탕_Q3_00028.JPG</path>
	<source>
		<database>fooddata</database>
	</source>
	<size>
		<width>5472</width>
		<height>3648</height>
		<depth>3</depth>
	</size>
	<object>
		<name>ref_spoon</name>
		<bndbox>
			<xmin>1879</xmin>
			<ymin>2929</ymin>
			<xmax>2593</xmax>
			<ymax>3419</ymax>
		</bndbox>
	</object>
	<object>
		<name>ref_fork</name>
		<bndbox>
			<xmin>2026</xmin>
			<ymin>2524</ymin>
			<xmax>2836</xmax>
			<ymax>2838</ymax>
		</bndbox>
	</object>
	<object>
		<name>ref_coin</name>
		<bndbox>
			<xmin>1588</xmin>
			<ymin>1757</ymin>
			<xmax>1936</xmax>
			<ymax>2086</ymax>
		</bndbox>
	</object>
	<object>
		<name>dish</name>
		<bndbox>
			<xmin>2031</xmin>
			<ymin>138</ymin>
			<xmax>4503</xmax>
			<ymax>2553</ymax>
		</bndbox>
	</object>
	<object>
		<name>삼계탕</name>
		<bndbox>
			<xmin>2226</xmin>
			<ymin>510</ymin>
			<xmax>4174</xmax>
			<ymax>2310</ymax>
		</bndbox>
	</object>
</annotation>