<annotation>
	<folder>side생선조림접시코다리조림q2</folder>
	<filename>side_생선조림_접시_코다리조림_Q2_00014.JPG</filename>
	<path>/side생선조림접시코다리조림q2/side_생선조림_접시_코다리조림_Q2_00014.JPG</path>
	<source>
		<database>fooddata</database>
	</source>
	<size>
		<width>3008</width>
		<height>2000</height>
		<depth>3</depth>
	</size>
	<object>
		<name>ref_spoon</name>
		<bndbox>
			<xmin>1737</xmin>
			<ymin>364</ymin>
			<xmax>1987</xmax>
			<ymax>758</ymax>
		</bndbox>
	</object>
	<object>
		<name>ref_fork</name>
		<bndbox>
			<xmin>2077</xmin>
			<ymin>445</ymin>
			<xmax>2265</xmax>
			<ymax>884</ymax>
		</bndbox>
	</object>
	<object>
		<name>ref_coin</name>
		<bndbox>
			<xmin>2596</xmin>
			<ymin>1027</ymin>
			<xmax>2811</xmax>
			<ymax>1206</ymax>
		</bndbox>
	</object>
	<object>
		<name>dish</name>
		<bndbox>
			<xmin>98</xmin>
			<ymin>346</ymin>
			<xmax>1486</xmax>
			<ymax>1269</ymax>
		</bndbox>
	</object>
	<object>
		<name>코다리조림</name>
		<bndbox>
			<xmin>609</xmin>
			<ymin>749</ymin>
			<xmax>1191</xmax>
			<ymax>964</ymax>
		</bndbox>
	</object>
</annotation>