<annotation>
	<folder>side생선조림접시코다리조림q2</folder>
	<filename>side_생선조림_접시_코다리조림_Q2_00045.JPG</filename>
	<path>/side생선조림접시코다리조림q2/side_생선조림_접시_코다리조림_Q2_00045.JPG</path>
	<source>
		<database>fooddata</database>
	</source>
	<size>
		<width>3008</width>
		<height>2000</height>
		<depth>3</depth>
	</size>
	<object>
		<name>ref_spoon</name>
		<bndbox>
			<xmin>313</xmin>
			<ymin>722</ymin>
			<xmax>591</xmax>
			<ymax>1125</ymax>
		</bndbox>
	</object>
	<object>
		<name>ref_fork</name>
		<bndbox>
			<xmin>680</xmin>
			<ymin>722</ymin>
			<xmax>886</xmax>
			<ymax>1188</ymax>
		</bndbox>
	</object>
	<object>
		<name>ref_coin</name>
		<bndbox>
			<xmin>1692</xmin>
			<ymin>427</ymin>
			<xmax>1889</xmax>
			<ymax>552</ymax>
		</bndbox>
	</object>
	<object>
		<name>dish</name>
		<bndbox>
			<xmin>1038</xmin>
			<ymin>696</ymin>
			<xmax>2363</xmax>
			<ymax>1627</ymax>
		</bndbox>
	</object>
	<object>
		<name>코다리조림</name>
		<bndbox>
			<xmin>1459</xmin>
			<ymin>1215</ymin>
			<xmax>2050</xmax>
			<ymax>1483</ymax>
		</bndbox>
	</object>
</annotation>