<annotation>
	<folder>side생선조림접시코다리조림q2</folder>
	<filename>side_생선조림_접시_코다리조림_Q2_00020.JPG</filename>
	<path>/side생선조림접시코다리조림q2/side_생선조림_접시_코다리조림_Q2_00020.JPG</path>
	<source>
		<database>fooddata</database>
	</source>
	<size>
		<width>3008</width>
		<height>2000</height>
		<depth>3</depth>
	</size>
	<object>
		<name>ref_spoon</name>
		<bndbox>
			<xmin>868</xmin>
			<ymin>1412</ymin>
			<xmax>1370</xmax>
			<ymax>1680</ymax>
		</bndbox>
	</object>
	<object>
		<name>ref_fork</name>
		<bndbox>
			<xmin>940</xmin>
			<ymin>1170</ymin>
			<xmax>1459</xmax>
			<ymax>1385</ymax>
		</bndbox>
	</object>
	<object>
		<name>ref_coin</name>
		<bndbox>
			<xmin>2238</xmin>
			<ymin>436</ymin>
			<xmax>2417</xmax>
			<ymax>579</ymax>
		</bndbox>
	</object>
	<object>
		<name>dish</name>
		<bndbox>
			<xmin>734</xmin>
			<ymin>158</ymin>
			<xmax>2068</xmax>
			<ymax>1081</ymax>
		</bndbox>
	</object>
	<object>
		<name>코다리조림</name>
		<bndbox>
			<xmin>1110</xmin>
			<ymin>293</ymin>
			<xmax>1522</xmax>
			<ymax>642</ymax>
		</bndbox>
	</object>
</annotation>