<annotation>
	<folder>side생선조림접시코다리조림q2</folder>
	<filename>side_생선조림_접시_코다리조림_Q2_00030.JPG</filename>
	<path>/side생선조림접시코다리조림q2/side_생선조림_접시_코다리조림_Q2_00030.JPG</path>
	<source>
		<database>fooddata</database>
	</source>
	<size>
		<width>3008</width>
		<height>2000</height>
		<depth>3</depth>
	</size>
	<object>
		<name>ref_spoon</name>
		<bndbox>
			<xmin>528</xmin>
			<ymin>1492</ymin>
			<xmax>1021</xmax>
			<ymax>1770</ymax>
		</bndbox>
	</object>
	<object>
		<name>ref_fork</name>
		<bndbox>
			<xmin>582</xmin>
			<ymin>1251</ymin>
			<xmax>1137</xmax>
			<ymax>1457</ymax>
		</bndbox>
	</object>
	<object>
		<name>ref_coin</name>
		<bndbox>
			<xmin>313</xmin>
			<ymin>893</ymin>
			<xmax>519</xmax>
			<ymax>1063</ymax>
		</bndbox>
	</object>
	<object>
		<name>dish</name>
		<bndbox>
			<xmin>770</xmin>
			<ymin>203</ymin>
			<xmax>2041</xmax>
			<ymax>1090</ymax>
		</bndbox>
	</object>
	<object>
		<name>코다리조림</name>
		<bndbox>
			<xmin>1030</xmin>
			<ymin>463</ymin>
			<xmax>1361</xmax>
			<ymax>821</ymax>
		</bndbox>
	</object>
</annotation>