<annotation>
	<folder>side생선조림접시코다리조림q2</folder>
	<filename>side_생선조림_접시_코다리조림_Q2_00001.JPG</filename>
	<path>/side생선조림접시코다리조림q2/side_생선조림_접시_코다리조림_Q2_00001.JPG</path>
	<source>
		<database>fooddata</database>
	</source>
	<size>
		<width>3008</width>
		<height>2000</height>
		<depth>3</depth>
	</size>
	<object>
		<name>ref_spoon</name>
		<bndbox>
			<xmin>2023</xmin>
			<ymin>248</ymin>
			<xmax>2337</xmax>
			<ymax>776</ymax>
		</bndbox>
	</object>
	<object>
		<name>ref_fork</name>
		<bndbox>
			<xmin>2444</xmin>
			<ymin>329</ymin>
			<xmax>2659</xmax>
			<ymax>893</ymax>
		</bndbox>
	</object>
	<object>
		<name>ref_coin</name>
		<bndbox>
			<xmin>1477</xmin>
			<ymin>1591</ymin>
			<xmax>1764</xmax>
			<ymax>1806</ymax>
		</bndbox>
	</object>
	<object>
		<name>dish</name>
		<bndbox>
			<xmin>224</xmin>
			<ymin>284</ymin>
			<xmax>1808</xmax>
			<ymax>1376</ymax>
		</bndbox>
	</object>
	<object>
		<name>코다리조림</name>
		<bndbox>
			<xmin>850</xmin>
			<ymin>731</ymin>
			<xmax>1495</xmax>
			<ymax>1063</ymax>
		</bndbox>
	</object>
</annotation>