<annotation>
	<folder>side생선조림접시코다리조림q2</folder>
	<filename>side_생선조림_접시_코다리조림_Q2_00031.JPG</filename>
	<path>/side생선조림접시코다리조림q2/side_생선조림_접시_코다리조림_Q2_00031.JPG</path>
	<source>
		<database>fooddata</database>
	</source>
	<size>
		<width>3008</width>
		<height>2000</height>
		<depth>3</depth>
	</size>
	<object>
		<name>ref_spoon</name>
		<bndbox>
			<xmin>591</xmin>
			<ymin>1457</ymin>
			<xmax>1101</xmax>
			<ymax>1725</ymax>
		</bndbox>
	</object>
	<object>
		<name>ref_fork</name>
		<bndbox>
			<xmin>662</xmin>
			<ymin>1188</ymin>
			<xmax>1209</xmax>
			<ymax>1421</ymax>
		</bndbox>
	</object>
	<object>
		<name>ref_coin</name>
		<bndbox>
			<xmin>313</xmin>
			<ymin>678</ymin>
			<xmax>528</xmax>
			<ymax>848</ymax>
		</bndbox>
	</object>
	<object>
		<name>dish</name>
		<bndbox>
			<xmin>779</xmin>
			<ymin>212</ymin>
			<xmax>2086</xmax>
			<ymax>1116</ymax>
		</bndbox>
	</object>
	<object>
		<name>코다리조림</name>
		<bndbox>
			<xmin>1074</xmin>
			<ymin>373</ymin>
			<xmax>1388</xmax>
			<ymax>767</ymax>
		</bndbox>
	</object>
</annotation>