<annotation>
	<folder>side생선조림접시코다리조림q2</folder>
	<filename>side_생선조림_접시_코다리조림_Q2_00027.JPG</filename>
	<path>/side생선조림접시코다리조림q2/side_생선조림_접시_코다리조림_Q2_00027.JPG</path>
	<source>
		<database>fooddata</database>
	</source>
	<size>
		<width>3008</width>
		<height>2000</height>
		<depth>3</depth>
	</size>
	<object>
		<name>ref_spoon</name>
		<bndbox>
			<xmin>671</xmin>
			<ymin>1448</ymin>
			<xmax>1173</xmax>
			<ymax>1707</ymax>
		</bndbox>
	</object>
	<object>
		<name>ref_fork</name>
		<bndbox>
			<xmin>716</xmin>
			<ymin>1197</ymin>
			<xmax>1244</xmax>
			<ymax>1439</ymax>
		</bndbox>
	</object>
	<object>
		<name>ref_coin</name>
		<bndbox>
			<xmin>510</xmin>
			<ymin>839</ymin>
			<xmax>707</xmax>
			<ymax>1000</ymax>
		</bndbox>
	</object>
	<object>
		<name>dish</name>
		<bndbox>
			<xmin>886</xmin>
			<ymin>194</ymin>
			<xmax>2086</xmax>
			<ymax>1009</ymax>
		</bndbox>
	</object>
	<object>
		<name>코다리조림</name>
		<bndbox>
			<xmin>1253</xmin>
			<ymin>633</ymin>
			<xmax>1674</xmax>
			<ymax>857</ymax>
		</bndbox>
	</object>
</annotation>