<annotation>
	<folder>top생선조림접시코다리조림q2</folder>
	<filename>top_생선조림_접시_코다리조림_Q2_00021.JPG</filename>
	<path>/top생선조림접시코다리조림q2/top_생선조림_접시_코다리조림_Q2_00021.JPG</path>
	<source>
		<database>fooddata</database>
	</source>
	<size>
		<width>3008</width>
		<height>2000</height>
		<depth>3</depth>
	</size>
	<object>
		<name>ref_spoon</name>
		<bndbox>
			<xmin>918</xmin>
			<ymin>1550</ymin>
			<xmax>1303</xmax>
			<ymax>1810</ymax>
		</bndbox>
	</object>
	<object>
		<name>ref_fork</name>
		<bndbox>
			<xmin>941</xmin>
			<ymin>1283</ymin>
			<xmax>1391</xmax>
			<ymax>1455</ymax>
		</bndbox>
	</object>
	<object>
		<name>ref_coin</name>
		<bndbox>
			<xmin>2239</xmin>
			<ymin>270</ymin>
			<xmax>2396</xmax>
			<ymax>424</ymax>
		</bndbox>
	</object>
	<object>
		<name>dish</name>
		<bndbox>
			<xmin>951</xmin>
			<ymin>67</ymin>
			<xmax>2131</xmax>
			<ymax>1206</ymax>
		</bndbox>
	</object>
	<object>
		<name>코다리조림</name>
		<bndbox>
			<xmin>1293</xmin>
			<ymin>342</ymin>
			<xmax>1813</xmax>
			<ymax>954</ymax>
		</bndbox>
	</object>
</annotation>