<annotation>
	<folder>top생선조림접시코다리조림q2</folder>
	<filename>top_생선조림_접시_코다리조림_Q2_00001.JPG</filename>
	<path>/top생선조림접시코다리조림q2/top_생선조림_접시_코다리조림_Q2_00001.JPG</path>
	<source>
		<database>fooddata</database>
	</source>
	<size>
		<width>3008</width>
		<height>2000</height>
		<depth>3</depth>
	</size>
	<object>
		<name>ref_spoon</name>
		<bndbox>
			<xmin>1920</xmin>
			<ymin>177</ymin>
			<xmax>2206</xmax>
			<ymax>661</ymax>
		</bndbox>
	</object>
	<object>
		<name>ref_fork</name>
		<bndbox>
			<xmin>2291</xmin>
			<ymin>177</ymin>
			<xmax>2473</xmax>
			<ymax>671</ymax>
		</bndbox>
	</object>
	<object>
		<name>ref_coin</name>
		<bndbox>
			<xmin>1568</xmin>
			<ymin>1625</ymin>
			<xmax>1779</xmax>
			<ymax>1843</ymax>
		</bndbox>
	</object>
	<object>
		<name>dish</name>
		<bndbox>
			<xmin>409</xmin>
			<ymin>208</ymin>
			<xmax>1787</xmax>
			<ymax>1573</ymax>
		</bndbox>
	</object>
	<object>
		<name>코다리조림</name>
		<bndbox>
			<xmin>794</xmin>
			<ymin>599</ymin>
			<xmax>1435</xmax>
			<ymax>1283</ymax>
		</bndbox>
	</object>
</annotation>