<annotation>
	<folder>top생선조림접시코다리조림q2</folder>
	<filename>top_생선조림_접시_코다리조림_Q2_00029.JPG</filename>
	<path>/top생선조림접시코다리조림q2/top_생선조림_접시_코다리조림_Q2_00029.JPG</path>
	<source>
		<database>fooddata</database>
	</source>
	<size>
		<width>3008</width>
		<height>2000</height>
		<depth>3</depth>
	</size>
	<object>
		<name>ref_spoon</name>
		<bndbox>
			<xmin>920</xmin>
			<ymin>1494</ymin>
			<xmax>1291</xmax>
			<ymax>1738</ymax>
		</bndbox>
	</object>
	<object>
		<name>ref_fork</name>
		<bndbox>
			<xmin>923</xmin>
			<ymin>1244</ymin>
			<xmax>1345</xmax>
			<ymax>1404</ymax>
		</bndbox>
	</object>
	<object>
		<name>ref_coin</name>
		<bndbox>
			<xmin>671</xmin>
			<ymin>915</ymin>
			<xmax>833</xmax>
			<ymax>1075</ymax>
		</bndbox>
	</object>
	<object>
		<name>dish</name>
		<bndbox>
			<xmin>1041</xmin>
			<ymin>90</ymin>
			<xmax>2139</xmax>
			<ymax>1188</ymax>
		</bndbox>
	</object>
	<object>
		<name>코다리조림</name>
		<bndbox>
			<xmin>1303</xmin>
			<ymin>411</ymin>
			<xmax>1933</xmax>
			<ymax>851</ymax>
		</bndbox>
	</object>
</annotation>