<annotation>
	<folder>top생선조림접시코다리조림q2</folder>
	<filename>top_생선조림_접시_코다리조림_Q2_00040.JPG</filename>
	<path>/top생선조림접시코다리조림q2/top_생선조림_접시_코다리조림_Q2_00040.JPG</path>
	<source>
		<database>fooddata</database>
	</source>
	<size>
		<width>3008</width>
		<height>2000</height>
		<depth>3</depth>
	</size>
	<object>
		<name>ref_spoon</name>
		<bndbox>
			<xmin>496</xmin>
			<ymin>211</ymin>
			<xmax>792</xmax>
			<ymax>748</ymax>
		</bndbox>
	</object>
	<object>
		<name>ref_fork</name>
		<bndbox>
			<xmin>882</xmin>
			<ymin>316</ymin>
			<xmax>1085</xmax>
			<ymax>828</ymax>
		</bndbox>
	</object>
	<object>
		<name>ref_coin</name>
		<bndbox>
			<xmin>2689</xmin>
			<ymin>936</ymin>
			<xmax>2903</xmax>
			<ymax>1149</ymax>
		</bndbox>
	</object>
	<object>
		<name>dish</name>
		<bndbox>
			<xmin>1052</xmin>
			<ymin>470</ymin>
			<xmax>2453</xmax>
			<ymax>1859</ymax>
		</bndbox>
	</object>
	<object>
		<name>코다리조림</name>
		<bndbox>
			<xmin>1465</xmin>
			<ymin>673</ymin>
			<xmax>2067</xmax>
			<ymax>1291</ymax>
		</bndbox>
	</object>
</annotation>