<annotation>
	<folder>top생선조림접시코다리조림q2</folder>
	<filename>top_생선조림_접시_코다리조림_Q2_00050.JPG</filename>
	<path>/top생선조림접시코다리조림q2/top_생선조림_접시_코다리조림_Q2_00050.JPG</path>
	<source>
		<database>fooddata</database>
	</source>
	<size>
		<width>3008</width>
		<height>2000</height>
		<depth>3</depth>
	</size>
	<object>
		<name>ref_spoon</name>
		<bndbox>
			<xmin>221</xmin>
			<ymin>180</ymin>
			<xmax>540</xmax>
			<ymax>699</ymax>
		</bndbox>
	</object>
	<object>
		<name>ref_fork</name>
		<bndbox>
			<xmin>653</xmin>
			<ymin>278</ymin>
			<xmax>861</xmax>
			<ymax>823</ymax>
		</bndbox>
	</object>
	<object>
		<name>ref_coin</name>
		<bndbox>
			<xmin>2633</xmin>
			<ymin>740</ymin>
			<xmax>2841</xmax>
			<ymax>954</ymax>
		</bndbox>
	</object>
	<object>
		<name>dish</name>
		<bndbox>
			<xmin>990</xmin>
			<ymin>411</ymin>
			<xmax>2430</xmax>
			<ymax>1841</ymax>
		</bndbox>
	</object>
	<object>
		<name>코다리조림</name>
		<bndbox>
			<xmin>1278</xmin>
			<ymin>995</ymin>
			<xmax>2000</xmax>
			<ymax>1578</ymax>
		</bndbox>
	</object>
</annotation>