<annotation>
	<folder>top생선조림접시코다리조림q2</folder>
	<filename>top_생선조림_접시_코다리조림_Q2_00009.JPG</filename>
	<path>/top생선조림접시코다리조림q2/top_생선조림_접시_코다리조림_Q2_00009.JPG</path>
	<source>
		<database>fooddata</database>
	</source>
	<size>
		<width>3008</width>
		<height>2000</height>
		<depth>3</depth>
	</size>
	<object>
		<name>ref_spoon</name>
		<bndbox>
			<xmin>2139</xmin>
			<ymin>380</ymin>
			<xmax>2424</xmax>
			<ymax>843</ymax>
		</bndbox>
	</object>
	<object>
		<name>ref_fork</name>
		<bndbox>
			<xmin>2494</xmin>
			<ymin>391</ymin>
			<xmax>2697</xmax>
			<ymax>848</ymax>
		</bndbox>
	</object>
	<object>
		<name>ref_coin</name>
		<bndbox>
			<xmin>694</xmin>
			<ymin>141</ymin>
			<xmax>897</xmax>
			<ymax>342</ymax>
		</bndbox>
	</object>
	<object>
		<name>dish</name>
		<bndbox>
			<xmin>548</xmin>
			<ymin>324</ymin>
			<xmax>2077</xmax>
			<ymax>1846</ymax>
		</bndbox>
	</object>
	<object>
		<name>코다리조림</name>
		<bndbox>
			<xmin>995</xmin>
			<ymin>745</ymin>
			<xmax>1645</xmax>
			<ymax>1342</ymax>
		</bndbox>
	</object>
</annotation>