<annotation>
	<folder>side생선찜류접시병어찜q3</folder>
	<filename>side_생선찜류_접시_병어찜_Q3_00054.JPG</filename>
	<path>/side생선찜류접시병어찜q3/side_생선찜류_접시_병어찜_Q3_00054.JPG</path>
	<source>
		<database>fooddata</database>
	</source>
	<size>
		<width>5472</width>
		<height>3648</height>
		<depth>3</depth>
	</size>
	<object>
		<name>ref_spoon</name>
		<bndbox>
			<xmin>1281</xmin>
			<ymin>2694</ymin>
			<xmax>2193</xmax>
			<ymax>3180</ymax>
		</bndbox>
	</object>
	<object>
		<name>ref_fork</name>
		<bndbox>
			<xmin>1267</xmin>
			<ymin>2151</ymin>
			<xmax>2170</xmax>
			<ymax>2558</ymax>
		</bndbox>
	</object>
	<object>
		<name>ref_coin</name>
		<bndbox>
			<xmin>4565</xmin>
			<ymin>2334</ymin>
			<xmax>4953</xmax>
			<ymax>2656</ymax>
		</bndbox>
	</object>
	<object>
		<name>dish</name>
		<bndbox>
			<xmin>1197</xmin>
			<ymin>402</ymin>
			<xmax>4640</xmax>
			<ymax>1932</ymax>
		</bndbox>
	</object>
	<object>
		<name>병어찜</name>
		<bndbox>
			<xmin>1866</xmin>
			<ymin>795</ymin>
			<xmax>4153</xmax>
			<ymax>1712</ymax>
		</bndbox>
	</object>
</annotation>