<annotation>
	<folder>side생선찜류접시병어찜q3</folder>
	<filename>side_생선찜류_접시_병어찜_Q3_00036.JPG</filename>
	<path>/side생선찜류접시병어찜q3/side_생선찜류_접시_병어찜_Q3_00036.JPG</path>
	<source>
		<database>fooddata</database>
	</source>
	<size>
		<width>5472</width>
		<height>3648</height>
		<depth>3</depth>
	</size>
	<object>
		<name>ref_spoon</name>
		<bndbox>
			<xmin>1104</xmin>
			<ymin>2783</ymin>
			<xmax>2091</xmax>
			<ymax>3344</ymax>
		</bndbox>
	</object>
	<object>
		<name>ref_fork</name>
		<bndbox>
			<xmin>1281</xmin>
			<ymin>2264</ymin>
			<xmax>2212</xmax>
			<ymax>2741</ymax>
		</bndbox>
	</object>
	<object>
		<name>ref_coin</name>
		<bndbox>
			<xmin>1118</xmin>
			<ymin>355</ymin>
			<xmax>1497</xmax>
			<ymax>655</ymax>
		</bndbox>
	</object>
	<object>
		<name>dish</name>
		<bndbox>
			<xmin>1174</xmin>
			<ymin>533</ymin>
			<xmax>4897</xmax>
			<ymax>2217</ymax>
		</bndbox>
	</object>
	<object>
		<name>병어찜</name>
		<bndbox>
			<xmin>1866</xmin>
			<ymin>1094</ymin>
			<xmax>4176</xmax>
			<ymax>2067</ymax>
		</bndbox>
	</object>
</annotation>