<annotation>
	<folder>side생선찜류접시병어찜q3</folder>
	<filename>side_생선찜류_접시_병어찜_Q3_00050.JPG</filename>
	<path>/side생선찜류접시병어찜q3/side_생선찜류_접시_병어찜_Q3_00050.JPG</path>
	<source>
		<database>fooddata</database>
	</source>
	<size>
		<width>5472</width>
		<height>3648</height>
		<depth>3</depth>
	</size>
	<object>
		<name>ref_spoon</name>
		<bndbox>
			<xmin>1763</xmin>
			<ymin>2469</ymin>
			<xmax>2671</xmax>
			<ymax>2942</ymax>
		</bndbox>
	</object>
	<object>
		<name>ref_fork</name>
		<bndbox>
			<xmin>1754</xmin>
			<ymin>1936</ymin>
			<xmax>2736</xmax>
			<ymax>2334</ymax>
		</bndbox>
	</object>
	<object>
		<name>ref_coin</name>
		<bndbox>
			<xmin>2797</xmin>
			<ymin>2932</ymin>
			<xmax>3218</xmax>
			<ymax>3302</ymax>
		</bndbox>
	</object>
	<object>
		<name>dish</name>
		<bndbox>
			<xmin>1660</xmin>
			<ymin>182</ymin>
			<xmax>5135</xmax>
			<ymax>1674</ymax>
		</bndbox>
	</object>
	<object>
		<name>병어찜</name>
		<bndbox>
			<xmin>2338</xmin>
			<ymin>547</ymin>
			<xmax>4616</xmax>
			<ymax>1487</ymax>
		</bndbox>
	</object>
</annotation>