<annotation>
	<folder>side생선찜류접시병어찜q3</folder>
	<filename>side_생선찜류_접시_병어찜_Q3_00016.JPG</filename>
	<path>/side생선찜류접시병어찜q3/side_생선찜류_접시_병어찜_Q3_00016.JPG</path>
	<source>
		<database>fooddata</database>
	</source>
	<size>
		<width>5472</width>
		<height>3648</height>
		<depth>3</depth>
	</size>
	<object>
		<name>ref_spoon</name>
		<bndbox>
			<xmin>3989</xmin>
			<ymin>912</ymin>
			<xmax>4513</xmax>
			<ymax>1604</ymax>
		</bndbox>
	</object>
	<object>
		<name>ref_fork</name>
		<bndbox>
			<xmin>4761</xmin>
			<ymin>893</ymin>
			<xmax>5163</xmax>
			<ymax>1749</ymax>
		</bndbox>
	</object>
	<object>
		<name>ref_coin</name>
		<bndbox>
			<xmin>1534</xmin>
			<ymin>2820</ymin>
			<xmax>1960</xmax>
			<ymax>3166</ymax>
		</bndbox>
	</object>
	<object>
		<name>dish</name>
		<bndbox>
			<xmin>847</xmin>
			<ymin>823</ymin>
			<xmax>4340</xmax>
			<ymax>2694</ymax>
		</bndbox>
	</object>
	<object>
		<name>병어찜</name>
		<bndbox>
			<xmin>1529</xmin>
			<ymin>1136</ymin>
			<xmax>3994</xmax>
			<ymax>2549</ymax>
		</bndbox>
	</object>
</annotation>