<annotation>
	<folder>side생선찜류접시병어찜q3</folder>
	<filename>side_생선찜류_접시_병어찜_Q3_00038.JPG</filename>
	<path>/side생선찜류접시병어찜q3/side_생선찜류_접시_병어찜_Q3_00038.JPG</path>
	<source>
		<database>fooddata</database>
	</source>
	<size>
		<width>5472</width>
		<height>3648</height>
		<depth>3</depth>
	</size>
	<object>
		<name>ref_spoon</name>
		<bndbox>
			<xmin>1258</xmin>
			<ymin>2745</ymin>
			<xmax>2226</xmax>
			<ymax>3288</ymax>
		</bndbox>
	</object>
	<object>
		<name>ref_fork</name>
		<bndbox>
			<xmin>1436</xmin>
			<ymin>2217</ymin>
			<xmax>2469</xmax>
			<ymax>2703</ymax>
		</bndbox>
	</object>
	<object>
		<name>ref_coin</name>
		<bndbox>
			<xmin>2437</xmin>
			<ymin>173</ymin>
			<xmax>2787</xmax>
			<ymax>435</ymax>
		</bndbox>
	</object>
	<object>
		<name>dish</name>
		<bndbox>
			<xmin>1347</xmin>
			<ymin>486</ymin>
			<xmax>5070</xmax>
			<ymax>2189</ymax>
		</bndbox>
	</object>
	<object>
		<name>병어찜</name>
		<bndbox>
			<xmin>2044</xmin>
			<ymin>1048</ymin>
			<xmax>4490</xmax>
			<ymax>2105</ymax>
		</bndbox>
	</object>
</annotation>