<annotation>
	<folder>side생선찜류접시병어찜q3</folder>
	<filename>side_생선찜류_접시_병어찜_Q3_00040.JPG</filename>
	<path>/side생선찜류접시병어찜q3/side_생선찜류_접시_병어찜_Q3_00040.JPG</path>
	<source>
		<database>fooddata</database>
	</source>
	<size>
		<width>5472</width>
		<height>3648</height>
		<depth>3</depth>
	</size>
	<object>
		<name>ref_spoon</name>
		<bndbox>
			<xmin>1347</xmin>
			<ymin>2834</ymin>
			<xmax>2324</xmax>
			<ymax>3353</ymax>
		</bndbox>
	</object>
	<object>
		<name>ref_fork</name>
		<bndbox>
			<xmin>1370</xmin>
			<ymin>2268</ymin>
			<xmax>2390</xmax>
			<ymax>2722</ymax>
		</bndbox>
	</object>
	<object>
		<name>ref_coin</name>
		<bndbox>
			<xmin>2296</xmin>
			<ymin>234</ymin>
			<xmax>2628</xmax>
			<ymax>482</ymax>
		</bndbox>
	</object>
	<object>
		<name>dish</name>
		<bndbox>
			<xmin>1408</xmin>
			<ymin>603</ymin>
			<xmax>4873</xmax>
			<ymax>2193</ymax>
		</bndbox>
	</object>
	<object>
		<name>병어찜</name>
		<bndbox>
			<xmin>1913</xmin>
			<ymin>870</ymin>
			<xmax>4181</xmax>
			<ymax>1852</ymax>
		</bndbox>
	</object>
</annotation>