<annotation>
	<folder>side생선찜류접시병어찜q3</folder>
	<filename>side_생선찜류_접시_병어찜_Q3_00045.JPG</filename>
	<path>/side생선찜류접시병어찜q3/side_생선찜류_접시_병어찜_Q3_00045.JPG</path>
	<source>
		<database>fooddata</database>
	</source>
	<size>
		<width>5472</width>
		<height>3648</height>
		<depth>3</depth>
	</size>
	<object>
		<name>ref_spoon</name>
		<bndbox>
			<xmin>1707</xmin>
			<ymin>2535</ymin>
			<xmax>2624</xmax>
			<ymax>3059</ymax>
		</bndbox>
	</object>
	<object>
		<name>ref_fork</name>
		<bndbox>
			<xmin>1749</xmin>
			<ymin>1978</ymin>
			<xmax>2708</xmax>
			<ymax>2441</ymax>
		</bndbox>
	</object>
	<object>
		<name>ref_coin</name>
		<bndbox>
			<xmin>1698</xmin>
			<ymin>145</ymin>
			<xmax>2048</xmax>
			<ymax>402</ymax>
		</bndbox>
	</object>
	<object>
		<name>dish</name>
		<bndbox>
			<xmin>1815</xmin>
			<ymin>304</ymin>
			<xmax>5350</xmax>
			<ymax>1932</ymax>
		</bndbox>
	</object>
	<object>
		<name>병어찜</name>
		<bndbox>
			<xmin>2437</xmin>
			<ymin>631</ymin>
			<xmax>4794</xmax>
			<ymax>1749</ymax>
		</bndbox>
	</object>
</annotation>