<annotation>
	<folder>side생선찜류접시병어찜q3</folder>
	<filename>side_생선찜류_접시_병어찜_Q3_00022.JPG</filename>
	<path>/side생선찜류접시병어찜q3/side_생선찜류_접시_병어찜_Q3_00022.JPG</path>
	<source>
		<database>fooddata</database>
	</source>
	<size>
		<width>5472</width>
		<height>3648</height>
		<depth>3</depth>
	</size>
	<object>
		<name>ref_spoon</name>
		<bndbox>
			<xmin>1165</xmin>
			<ymin>688</ymin>
			<xmax>1623</xmax>
			<ymax>1314</ymax>
		</bndbox>
	</object>
	<object>
		<name>ref_fork</name>
		<bndbox>
			<xmin>1801</xmin>
			<ymin>739</ymin>
			<xmax>2128</xmax>
			<ymax>1529</ymax>
		</bndbox>
	</object>
	<object>
		<name>ref_coin</name>
		<bndbox>
			<xmin>4340</xmin>
			<ymin>3059</ymin>
			<xmax>4738</xmax>
			<ymax>3395</ymax>
		</bndbox>
	</object>
	<object>
		<name>dish</name>
		<bndbox>
			<xmin>2656</xmin>
			<ymin>182</ymin>
			<xmax>4766</xmax>
			<ymax>2554</ymax>
		</bndbox>
	</object>
	<object>
		<name>병어찜</name>
		<bndbox>
			<xmin>3082</xmin>
			<ymin>748</ymin>
			<xmax>4588</xmax>
			<ymax>2217</ymax>
		</bndbox>
	</object>
</annotation>