<annotation>
	<folder>side생선찜류접시병어찜q3</folder>
	<filename>side_생선찜류_접시_병어찜_Q3_00008.JPG</filename>
	<path>/side생선찜류접시병어찜q3/side_생선찜류_접시_병어찜_Q3_00008.JPG</path>
	<source>
		<database>fooddata</database>
	</source>
	<size>
		<width>5472</width>
		<height>3648</height>
		<depth>3</depth>
	</size>
	<object>
		<name>ref_spoon</name>
		<bndbox>
			<xmin>4046</xmin>
			<ymin>907</ymin>
			<xmax>4574</xmax>
			<ymax>1679</ymax>
		</bndbox>
	</object>
	<object>
		<name>ref_fork</name>
		<bndbox>
			<xmin>4705</xmin>
			<ymin>870</ymin>
			<xmax>5103</xmax>
			<ymax>1665</ymax>
		</bndbox>
	</object>
	<object>
		<name>ref_coin</name>
		<bndbox>
			<xmin>1688</xmin>
			<ymin>865</ymin>
			<xmax>2058</xmax>
			<ymax>1141</ymax>
		</bndbox>
	</object>
	<object>
		<name>dish</name>
		<bndbox>
			<xmin>192</xmin>
			<ymin>1122</ymin>
			<xmax>3821</xmax>
			<ymax>3096</ymax>
		</bndbox>
	</object>
	<object>
		<name>병어찜</name>
		<bndbox>
			<xmin>468</xmin>
			<ymin>1721</ymin>
			<xmax>3176</xmax>
			<ymax>2820</ymax>
		</bndbox>
	</object>
</annotation>