<annotation>
	<folder>top생선찜류병어찜q3</folder>
	<filename>top_생선찜류_접시_병어찜_Q3_00020.JPG</filename>
	<path>/top생선찜류접시병어찜q3/top_생선찜류_접시_병어찜_Q3_00020.JPG</path>
	<source>
		<database>fooddata</database>
	</source>
	<size>
		<width>720</width>
		<height>480</height>
		<depth>3</depth>
	</size>
	<object>
		<name>ref_spoon</name>
		<bndbox>
			<xmin>139</xmin>
			<ymin>89</ymin>
			<xmax>200</xmax>
			<ymax>196</ymax>
		</bndbox>
	</object>
	<object>
		<name>ref_fork</name>
		<bndbox>
			<xmin>220</xmin>
			<ymin>101</ymin>
			<xmax>260</xmax>
			<ymax>211</ymax>
		</bndbox>
	</object>
	<object>
		<name>ref_coin</name>
		<bndbox>
			<xmin>409</xmin>
			<ymin>385</ymin>
			<xmax>455</xmax>
			<ymax>433</ymax>
		</bndbox>
	</object>
	<object>
		<name>dish</name>
		<bndbox>
			<xmin>300</xmin>
			<ymin>38</ymin>
			<xmax>667</xmax>
			<ymax>406</ymax>
		</bndbox>
	</object>
	<object>
		<name>병어찜</name>
		<bndbox>
			<xmin>336</xmin>
			<ymin>77</ymin>
			<xmax>631</xmax>
			<ymax>360</ymax>
		</bndbox>
	</object>
</annotation>