<annotation>
	<folder>top생선찜류병어찜q3</folder>
	<filename>top_생선찜류_접시_병어찜_Q3_00029.JPG</filename>
	<path>/top생선찜류접시병어찜q3/top_생선찜류_접시_병어찜_Q3_00029.JPG</path>
	<source>
		<database>fooddata</database>
	</source>
	<size>
		<width>720</width>
		<height>480</height>
		<depth>3</depth>
	</size>
	<object>
		<name>ref_spoon</name>
		<bndbox>
			<xmin>133</xmin>
			<ymin>91</ymin>
			<xmax>191</xmax>
			<ymax>190</ymax>
		</bndbox>
	</object>
	<object>
		<name>ref_fork</name>
		<bndbox>
			<xmin>213</xmin>
			<ymin>104</ymin>
			<xmax>250</xmax>
			<ymax>211</ymax>
		</bndbox>
	</object>
	<object>
		<name>ref_coin</name>
		<bndbox>
			<xmin>476</xmin>
			<ymin>35</ymin>
			<xmax>517</xmax>
			<ymax>76</ymax>
		</bndbox>
	</object>
	<object>
		<name>dish</name>
		<bndbox>
			<xmin>272</xmin>
			<ymin>119</ymin>
			<xmax>653</xmax>
			<ymax>435</ymax>
		</bndbox>
	</object>
	<object>
		<name>병어찜</name>
		<bndbox>
			<xmin>311</xmin>
			<ymin>150</ymin>
			<xmax>608</xmax>
			<ymax>392</ymax>
		</bndbox>
	</object>
</annotation>