<annotation>
	<folder>top생선찜류병어찜q3</folder>
	<filename>top_생선찜류_접시_병어찜_Q3_00006.JPG</filename>
	<path>/top생선찜류접시병어찜q3/top_생선찜류_접시_병어찜_Q3_00006.JPG</path>
	<source>
		<database>fooddata</database>
	</source>
	<size>
		<width>720</width>
		<height>480</height>
		<depth>3</depth>
	</size>
	<object>
		<name>ref_spoon</name>
		<bndbox>
			<xmin>556</xmin>
			<ymin>88</ymin>
			<xmax>616</xmax>
			<ymax>188</ymax>
		</bndbox>
	</object>
	<object>
		<name>ref_fork</name>
		<bndbox>
			<xmin>645</xmin>
			<ymin>116</ymin>
			<xmax>691</xmax>
			<ymax>225</ymax>
		</bndbox>
	</object>
	<object>
		<name>ref_coin</name>
		<bndbox>
			<xmin>190</xmin>
			<ymin>321</ymin>
			<xmax>235</xmax>
			<ymax>366</ymax>
		</bndbox>
	</object>
	<object>
		<name>dish</name>
		<bndbox>
			<xmin>267</xmin>
			<ymin>27</ymin>
			<xmax>529</xmax>
			<ymax>453</ymax>
		</bndbox>
	</object>
	<object>
		<name>병어찜</name>
		<bndbox>
			<xmin>304</xmin>
			<ymin>66</ymin>
			<xmax>487</xmax>
			<ymax>402</ymax>
		</bndbox>
	</object>
</annotation>