<annotation>
	<folder>top생선찜류병어찜q3</folder>
	<filename>top_생선찜류_접시_병어찜_Q3_00045.JPG</filename>
	<path>/top생선찜류접시병어찜q3/top_생선찜류_접시_병어찜_Q3_00045.JPG</path>
	<source>
		<database>fooddata</database>
	</source>
	<size>
		<width>720</width>
		<height>480</height>
		<depth>3</depth>
	</size>
	<object>
		<name>ref_spoon</name>
		<bndbox>
			<xmin>237</xmin>
			<ymin>376</ymin>
			<xmax>339</xmax>
			<ymax>440</ymax>
		</bndbox>
	</object>
	<object>
		<name>ref_fork</name>
		<bndbox>
			<xmin>251</xmin>
			<ymin>318</ymin>
			<xmax>356</xmax>
			<ymax>359</ymax>
		</bndbox>
	</object>
	<object>
		<name>ref_coin</name>
		<bndbox>
			<xmin>148</xmin>
			<ymin>159</ymin>
			<xmax>190</xmax>
			<ymax>200</ymax>
		</bndbox>
	</object>
	<object>
		<name>dish</name>
		<bndbox>
			<xmin>216</xmin>
			<ymin>64</ymin>
			<xmax>635</xmax>
			<ymax>304</ymax>
		</bndbox>
	</object>
	<object>
		<name>병어찜</name>
		<bndbox>
			<xmin>283</xmin>
			<ymin>101</ymin>
			<xmax>598</xmax>
			<ymax>278</ymax>
		</bndbox>
	</object>
</annotation>