<annotation>
	<folder>top생선찜류병어찜q3</folder>
	<filename>top_생선찜류_접시_병어찜_Q3_00009.JPG</filename>
	<path>/top생선찜류접시병어찜q3/top_생선찜류_접시_병어찜_Q3_00009.JPG</path>
	<source>
		<database>fooddata</database>
	</source>
	<size>
		<width>720</width>
		<height>480</height>
		<depth>3</depth>
	</size>
	<object>
		<name>ref_spoon</name>
		<bndbox>
			<xmin>516</xmin>
			<ymin>95</ymin>
			<xmax>578</xmax>
			<ymax>203</ymax>
		</bndbox>
	</object>
	<object>
		<name>ref_fork</name>
		<bndbox>
			<xmin>609</xmin>
			<ymin>120</ymin>
			<xmax>651</xmax>
			<ymax>232</ymax>
		</bndbox>
	</object>
	<object>
		<name>ref_coin</name>
		<bndbox>
			<xmin>89</xmin>
			<ymin>150</ymin>
			<xmax>133</xmax>
			<ymax>194</ymax>
		</bndbox>
	</object>
	<object>
		<name>dish</name>
		<bndbox>
			<xmin>139</xmin>
			<ymin>59</ymin>
			<xmax>537</xmax>
			<ymax>393</ymax>
		</bndbox>
	</object>
	<object>
		<name>병어찜</name>
		<bndbox>
			<xmin>170</xmin>
			<ymin>94</ymin>
			<xmax>494</xmax>
			<ymax>360</ymax>
		</bndbox>
	</object>
</annotation>