<annotation>
	<folder>top생선찜류병어찜q3</folder>
	<filename>top_생선찜류_접시_병어찜_Q3_00037.JPG</filename>
	<path>/top생선찜류접시병어찜q3/top_생선찜류_접시_병어찜_Q3_00037.JPG</path>
	<source>
		<database>fooddata</database>
	</source>
	<size>
		<width>720</width>
		<height>480</height>
		<depth>3</depth>
	</size>
	<object>
		<name>ref_spoon</name>
		<bndbox>
			<xmin>251</xmin>
			<ymin>367</ymin>
			<xmax>345</xmax>
			<ymax>428</ymax>
		</bndbox>
	</object>
	<object>
		<name>ref_fork</name>
		<bndbox>
			<xmin>270</xmin>
			<ymin>314</ymin>
			<xmax>376</xmax>
			<ymax>353</ymax>
		</bndbox>
	</object>
	<object>
		<name>ref_coin</name>
		<bndbox>
			<xmin>299</xmin>
			<ymin>27</ymin>
			<xmax>339</xmax>
			<ymax>66</ymax>
		</bndbox>
	</object>
	<object>
		<name>dish</name>
		<bndbox>
			<xmin>246</xmin>
			<ymin>74</ymin>
			<xmax>656</xmax>
			<ymax>308</ymax>
		</bndbox>
	</object>
	<object>
		<name>병어찜</name>
		<bndbox>
			<xmin>289</xmin>
			<ymin>100</ymin>
			<xmax>619</xmax>
			<ymax>283</ymax>
		</bndbox>
	</object>
</annotation>