<annotation>
	<folder>top생선찜류병어찜q3</folder>
	<filename>top_생선찜류_접시_병어찜_Q3_00013.JPG</filename>
	<path>/top생선찜류접시병어찜q3/top_생선찜류_접시_병어찜_Q3_00013.JPG</path>
	<source>
		<database>fooddata</database>
	</source>
	<size>
		<width>720</width>
		<height>480</height>
		<depth>3</depth>
	</size>
	<object>
		<name>ref_spoon</name>
		<bndbox>
			<xmin>541</xmin>
			<ymin>67</ymin>
			<xmax>603</xmax>
			<ymax>170</ymax>
		</bndbox>
	</object>
	<object>
		<name>ref_fork</name>
		<bndbox>
			<xmin>633</xmin>
			<ymin>90</ymin>
			<xmax>675</xmax>
			<ymax>203</ymax>
		</bndbox>
	</object>
	<object>
		<name>ref_coin</name>
		<bndbox>
			<xmin>331</xmin>
			<ymin>25</ymin>
			<xmax>373</xmax>
			<ymax>67</ymax>
		</bndbox>
	</object>
	<object>
		<name>dish</name>
		<bndbox>
			<xmin>122</xmin>
			<ymin>75</ymin>
			<xmax>519</xmax>
			<ymax>393</ymax>
		</bndbox>
	</object>
	<object>
		<name>병어찜</name>
		<bndbox>
			<xmin>167</xmin>
			<ymin>117</ymin>
			<xmax>476</xmax>
			<ymax>360</ymax>
		</bndbox>
	</object>
</annotation>