<annotation>
	<folder>top생선찜류병어찜q3</folder>
	<filename>top_생선찜류_접시_병어찜_Q3_00049.JPG</filename>
	<path>/top생선찜류접시병어찜q3/top_생선찜류_접시_병어찜_Q3_00049.JPG</path>
	<source>
		<database>fooddata</database>
	</source>
	<size>
		<width>720</width>
		<height>480</height>
		<depth>3</depth>
	</size>
	<object>
		<name>ref_spoon</name>
		<bndbox>
			<xmin>222</xmin>
			<ymin>380</ymin>
			<xmax>325</xmax>
			<ymax>442</ymax>
		</bndbox>
	</object>
	<object>
		<name>ref_fork</name>
		<bndbox>
			<xmin>239</xmin>
			<ymin>323</ymin>
			<xmax>343</xmax>
			<ymax>363</ymax>
		</bndbox>
	</object>
	<object>
		<name>ref_coin</name>
		<bndbox>
			<xmin>308</xmin>
			<ymin>25</ymin>
			<xmax>349</xmax>
			<ymax>64</ymax>
		</bndbox>
	</object>
	<object>
		<name>dish</name>
		<bndbox>
			<xmin>209</xmin>
			<ymin>77</ymin>
			<xmax>619</xmax>
			<ymax>313</ymax>
		</bndbox>
	</object>
	<object>
		<name>병어찜</name>
		<bndbox>
			<xmin>271</xmin>
			<ymin>125</ymin>
			<xmax>561</xmax>
			<ymax>291</ymax>
		</bndbox>
	</object>
</annotation>