<annotation>
	<folder>top생선찜류병어찜q3</folder>
	<filename>top_생선찜류_접시_병어찜_Q3_00047.JPG</filename>
	<path>/top생선찜류접시병어찜q3/top_생선찜류_접시_병어찜_Q3_00047.JPG</path>
	<source>
		<database>fooddata</database>
	</source>
	<size>
		<width>720</width>
		<height>480</height>
		<depth>3</depth>
	</size>
	<object>
		<name>ref_spoon</name>
		<bndbox>
			<xmin>257</xmin>
			<ymin>367</ymin>
			<xmax>354</xmax>
			<ymax>429</ymax>
		</bndbox>
	</object>
	<object>
		<name>ref_fork</name>
		<bndbox>
			<xmin>274</xmin>
			<ymin>312</ymin>
			<xmax>381</xmax>
			<ymax>353</ymax>
		</bndbox>
	</object>
	<object>
		<name>ref_coin</name>
		<bndbox>
			<xmin>219</xmin>
			<ymin>80</ymin>
			<xmax>259</xmax>
			<ymax>119</ymax>
		</bndbox>
	</object>
	<object>
		<name>dish</name>
		<bndbox>
			<xmin>246</xmin>
			<ymin>67</ymin>
			<xmax>655</xmax>
			<ymax>302</ymax>
		</bndbox>
	</object>
	<object>
		<name>병어찜</name>
		<bndbox>
			<xmin>307</xmin>
			<ymin>114</ymin>
			<xmax>599</xmax>
			<ymax>280</ymax>
		</bndbox>
	</object>
</annotation>