<annotation>
	<folder>top생선찜류병어찜q3</folder>
	<filename>top_생선찜류_접시_병어찜_Q3_00023.JPG</filename>
	<path>/top생선찜류접시병어찜q3/top_생선찜류_접시_병어찜_Q3_00023.JPG</path>
	<source>
		<database>fooddata</database>
	</source>
	<size>
		<width>720</width>
		<height>480</height>
		<depth>3</depth>
	</size>
	<object>
		<name>ref_spoon</name>
		<bndbox>
			<xmin>138</xmin>
			<ymin>90</ymin>
			<xmax>196</xmax>
			<ymax>195</ymax>
		</bndbox>
	</object>
	<object>
		<name>ref_fork</name>
		<bndbox>
			<xmin>217</xmin>
			<ymin>100</ymin>
			<xmax>256</xmax>
			<ymax>209</ymax>
		</bndbox>
	</object>
	<object>
		<name>ref_coin</name>
		<bndbox>
			<xmin>579</xmin>
			<ymin>278</ymin>
			<xmax>625</xmax>
			<ymax>323</ymax>
		</bndbox>
	</object>
	<object>
		<name>dish</name>
		<bndbox>
			<xmin>290</xmin>
			<ymin>27</ymin>
			<xmax>569</xmax>
			<ymax>438</ymax>
		</bndbox>
	</object>
	<object>
		<name>병어찜</name>
		<bndbox>
			<xmin>315</xmin>
			<ymin>71</ymin>
			<xmax>534</xmax>
			<ymax>408</ymax>
		</bndbox>
	</object>
</annotation>