<annotation>
	<folder>top생선찜류병어찜q3</folder>
	<filename>top_생선찜류_접시_병어찜_Q3_00028.JPG</filename>
	<path>/top생선찜류접시병어찜q3/top_생선찜류_접시_병어찜_Q3_00028.JPG</path>
	<source>
		<database>fooddata</database>
	</source>
	<size>
		<width>720</width>
		<height>480</height>
		<depth>3</depth>
	</size>
	<object>
		<name>ref_spoon</name>
		<bndbox>
			<xmin>130</xmin>
			<ymin>60</ymin>
			<xmax>190</xmax>
			<ymax>159</ymax>
		</bndbox>
	</object>
	<object>
		<name>ref_fork</name>
		<bndbox>
			<xmin>210</xmin>
			<ymin>72</ymin>
			<xmax>248</xmax>
			<ymax>177</ymax>
		</bndbox>
	</object>
	<object>
		<name>ref_coin</name>
		<bndbox>
			<xmin>536</xmin>
			<ymin>110</ymin>
			<xmax>580</xmax>
			<ymax>152</ymax>
		</bndbox>
	</object>
	<object>
		<name>dish</name>
		<bndbox>
			<xmin>274</xmin>
			<ymin>51</ymin>
			<xmax>555</xmax>
			<ymax>465</ymax>
		</bndbox>
	</object>
	<object>
		<name>병어찜</name>
		<bndbox>
			<xmin>313</xmin>
			<ymin>97</ymin>
			<xmax>513</xmax>
			<ymax>422</ymax>
		</bndbox>
	</object>
</annotation>