<annotation>
	<folder>side육류부피원형배달해물찜q3</folder>
	<filename>side_육류부피_원형배달_해물찜_Q3_00052.JPG</filename>
	<path>/side육류부피원형배달해물찜q3/side_육류부피_원형배달_해물찜_Q3_00052.JPG</path>
	<source>
		<database>fooddata</database>
	</source>
	<size>
		<width>3008</width>
		<height>2000</height>
		<depth>3</depth>
	</size>
	<object>
		<name>ref_spoon</name>
		<bndbox>
			<xmin>216</xmin>
			<ymin>819</ymin>
			<xmax>505</xmax>
			<ymax>1176</ymax>
		</bndbox>
	</object>
	<object>
		<name>ref_fork</name>
		<bndbox>
			<xmin>563</xmin>
			<ymin>789</ymin>
			<xmax>774</xmax>
			<ymax>1191</ymax>
		</bndbox>
	</object>
	<object>
		<name>ref_coin</name>
		<bndbox>
			<xmin>2523</xmin>
			<ymin>574</ymin>
			<xmax>2724</xmax>
			<ymax>701</ymax>
		</bndbox>
	</object>
	<object>
		<name>dish</name>
		<bndbox>
			<xmin>941</xmin>
			<ymin>319</ymin>
			<xmax>2371</xmax>
			<ymax>1554</ymax>
		</bndbox>
	</object>
	<object>
		<name>해물찜</name>
		<bndbox>
			<xmin>1078</xmin>
			<ymin>657</ymin>
			<xmax>2263</xmax>
			<ymax>1148</ymax>
		</bndbox>
	</object>
</annotation>