<annotation>
	<folder>side육류부피원형배달해물찜q3</folder>
	<filename>side_육류부피_원형배달_해물찜_Q3_00048.JPG</filename>
	<path>/side육류부피원형배달해물찜q3/side_육류부피_원형배달_해물찜_Q3_00048.JPG</path>
	<source>
		<database>fooddata</database>
	</source>
	<size>
		<width>3008</width>
		<height>2000</height>
		<depth>3</depth>
	</size>
	<object>
		<name>ref_spoon</name>
		<bndbox>
			<xmin>220</xmin>
			<ymin>647</ymin>
			<xmax>514</xmax>
			<ymax>1005</ymax>
		</bndbox>
	</object>
	<object>
		<name>ref_fork</name>
		<bndbox>
			<xmin>575</xmin>
			<ymin>629</ymin>
			<xmax>779</xmax>
			<ymax>1005</ymax>
		</bndbox>
	</object>
	<object>
		<name>ref_coin</name>
		<bndbox>
			<xmin>2205</xmin>
			<ymin>1372</ymin>
			<xmax>2445</xmax>
			<ymax>1529</ymax>
		</bndbox>
	</object>
	<object>
		<name>dish</name>
		<bndbox>
			<xmin>941</xmin>
			<ymin>113</ymin>
			<xmax>2356</xmax>
			<ymax>1333</ymax>
		</bndbox>
	</object>
	<object>
		<name>해물찜</name>
		<bndbox>
			<xmin>1107</xmin>
			<ymin>357</ymin>
			<xmax>2102</xmax>
			<ymax>927</ymax>
		</bndbox>
	</object>
</annotation>