<annotation>
	<folder>side육류부피원형배달해물찜q3</folder>
	<filename>side_육류부피_원형배달_해물찜_Q3_00041.JPG</filename>
	<path>/side육류부피원형배달해물찜q3/side_육류부피_원형배달_해물찜_Q3_00041.JPG</path>
	<source>
		<database>fooddata</database>
	</source>
	<size>
		<width>3008</width>
		<height>2000</height>
		<depth>3</depth>
	</size>
	<object>
		<name>ref_spoon</name>
		<bndbox>
			<xmin>255</xmin>
			<ymin>841</ymin>
			<xmax>539</xmax>
			<ymax>1191</ymax>
		</bndbox>
	</object>
	<object>
		<name>ref_fork</name>
		<bndbox>
			<xmin>600</xmin>
			<ymin>838</ymin>
			<xmax>799</xmax>
			<ymax>1230</ymax>
		</bndbox>
	</object>
	<object>
		<name>ref_coin</name>
		<bndbox>
			<xmin>2141</xmin>
			<ymin>364</ymin>
			<xmax>2327</xmax>
			<ymax>482</ymax>
		</bndbox>
	</object>
	<object>
		<name>dish</name>
		<bndbox>
			<xmin>988</xmin>
			<ymin>598</ymin>
			<xmax>2425</xmax>
			<ymax>1867</ymax>
		</bndbox>
	</object>
	<object>
		<name>해물찜</name>
		<bndbox>
			<xmin>1102</xmin>
			<ymin>946</ymin>
			<xmax>2268</xmax>
			<ymax>1456</ymax>
		</bndbox>
	</object>
</annotation>