<annotation>
	<folder>side육류부피원형배달해물찜q3</folder>
	<filename>side_육류부피_원형배달_해물찜_Q3_00007.JPG</filename>
	<path>/side육류부피원형배달해물찜q3/side_육류부피_원형배달_해물찜_Q3_00007.JPG</path>
	<source>
		<database>fooddata</database>
	</source>
	<size>
		<width>3008</width>
		<height>2000</height>
		<depth>3</depth>
	</size>
	<object>
		<name>ref_spoon</name>
		<bndbox>
			<xmin>2139</xmin>
			<ymin>588</ymin>
			<xmax>2425</xmax>
			<ymax>927</ymax>
		</bndbox>
	</object>
	<object>
		<name>ref_fork</name>
		<bndbox>
			<xmin>2507</xmin>
			<ymin>580</ymin>
			<xmax>2723</xmax>
			<ymax>956</ymax>
		</bndbox>
	</object>
	<object>
		<name>ref_coin</name>
		<bndbox>
			<xmin>98</xmin>
			<ymin>1005</ymin>
			<xmax>314</xmax>
			<ymax>1152</ymax>
		</bndbox>
	</object>
	<object>
		<name>dish</name>
		<bndbox>
			<xmin>583</xmin>
			<ymin>427</ymin>
			<xmax>2048</xmax>
			<ymax>1681</ymax>
		</bndbox>
	</object>
	<object>
		<name>해물찜</name>
		<bndbox>
			<xmin>720</xmin>
			<ymin>637</ymin>
			<xmax>1813</xmax>
			<ymax>1245</ymax>
		</bndbox>
	</object>
</annotation>