<annotation>
	<folder>side육류부피원형배달해물찜q3</folder>
	<filename>side_육류부피_원형배달_해물찜_Q3_00023.JPG</filename>
	<path>/side육류부피원형배달해물찜q3/side_육류부피_원형배달_해물찜_Q3_00023.JPG</path>
	<source>
		<database>fooddata</database>
	</source>
	<size>
		<width>3008</width>
		<height>2000</height>
		<depth>3</depth>
	</size>
	<object>
		<name>ref_spoon</name>
		<bndbox>
			<xmin>691</xmin>
			<ymin>1554</ymin>
			<xmax>1181</xmax>
			<ymax>1808</ymax>
		</bndbox>
	</object>
	<object>
		<name>ref_fork</name>
		<bndbox>
			<xmin>769</xmin>
			<ymin>1323</ymin>
			<xmax>1264</xmax>
			<ymax>1558</ymax>
		</bndbox>
	</object>
	<object>
		<name>ref_coin</name>
		<bndbox>
			<xmin>392</xmin>
			<ymin>360</ymin>
			<xmax>588</xmax>
			<ymax>486</ymax>
		</bndbox>
	</object>
	<object>
		<name>dish</name>
		<bndbox>
			<xmin>877</xmin>
			<ymin>128</ymin>
			<xmax>2298</xmax>
			<ymax>1315</ymax>
		</bndbox>
	</object>
	<object>
		<name>해물찜</name>
		<bndbox>
			<xmin>1025</xmin>
			<ymin>442</ymin>
			<xmax>2116</xmax>
			<ymax>912</ymax>
		</bndbox>
	</object>
</annotation>