<annotation>
	<folder>side육류부피원형배달해물찜q3</folder>
	<filename>side_육류부피_원형배달_해물찜_Q3_00051.JPG</filename>
	<path>/side육류부피원형배달해물찜q3/side_육류부피_원형배달_해물찜_Q3_00051.JPG</path>
	<source>
		<database>fooddata</database>
	</source>
	<size>
		<width>3008</width>
		<height>2000</height>
		<depth>3</depth>
	</size>
	<object>
		<name>ref_spoon</name>
		<bndbox>
			<xmin>206</xmin>
			<ymin>821</ymin>
			<xmax>495</xmax>
			<ymax>1186</ymax>
		</bndbox>
	</object>
	<object>
		<name>ref_fork</name>
		<bndbox>
			<xmin>559</xmin>
			<ymin>799</ymin>
			<xmax>759</xmax>
			<ymax>1206</ymax>
		</bndbox>
	</object>
	<object>
		<name>ref_coin</name>
		<bndbox>
			<xmin>2636</xmin>
			<ymin>1007</ymin>
			<xmax>2851</xmax>
			<ymax>1154</ymax>
		</bndbox>
	</object>
	<object>
		<name>dish</name>
		<bndbox>
			<xmin>1068</xmin>
			<ymin>236</ymin>
			<xmax>2459</xmax>
			<ymax>1421</ymax>
		</bndbox>
	</object>
	<object>
		<name>해물찜</name>
		<bndbox>
			<xmin>1259</xmin>
			<ymin>535</ymin>
			<xmax>2329</xmax>
			<ymax>1015</ymax>
		</bndbox>
	</object>
</annotation>