<annotation>
	<folder>rework190files</folder>
	<filename>side_육류부피_원형배달_해물찜_Q3_00035.JPG</filename>
	<path>/side육류부피원형배달해물찜q3/side_육류부피_원형배달_해물찜_Q3_00035.JPG</path>
	<source>
		<database>fooddata</database>
	</source>
	<size>
		<width>3008</width>
		<height>2000</height>
		<depth>3</depth>
	</size>
	<object>
		<name>ref_spoon</name>
		<bndbox>
			<xmin>279</xmin>
			<ymin>662</ymin>
			<xmax>579</xmax>
			<ymax>1058</ymax>
		</bndbox>
	</object>
	<object>
		<name>ref_fork</name>
		<bndbox>
			<xmin>630</xmin>
			<ymin>672</ymin>
			<xmax>833</xmax>
			<ymax>1124</ymax>
		</bndbox>
	</object>
	<object>
		<name>ref_coin</name>
		<bndbox>
			<xmin>1098</xmin>
			<ymin>1622</ymin>
			<xmax>1341</xmax>
			<ymax>1800</ymax>
		</bndbox>
	</object>
	<object>
		<name>dish</name>
		<bndbox>
			<xmin>1138</xmin>
			<ymin>301</ymin>
			<xmax>2546</xmax>
			<ymax>1511</ymax>
		</bndbox>
	</object>
	<object>
		<name>해물찜</name>
		<bndbox>
			<xmin>1230</xmin>
			<ymin>754</ymin>
			<xmax>2403</xmax>
			<ymax>1104</ymax>
		</bndbox>
	</object>
</annotation>