<annotation>
	<folder>side육류부피원형배달해물찜q3</folder>
	<filename>side_육류부피_원형배달_해물찜_Q3_00001.JPG</filename>
	<path>/side육류부피원형배달해물찜q3/side_육류부피_원형배달_해물찜_Q3_00001.JPG</path>
	<source>
		<database>fooddata</database>
	</source>
	<size>
		<width>3008</width>
		<height>2000</height>
		<depth>3</depth>
	</size>
	<object>
		<name>ref_spoon</name>
		<bndbox>
			<xmin>1842</xmin>
			<ymin>487</ymin>
			<xmax>2107</xmax>
			<ymax>804</ymax>
		</bndbox>
	</object>
	<object>
		<name>ref_fork</name>
		<bndbox>
			<xmin>2190</xmin>
			<ymin>481</ymin>
			<xmax>2407</xmax>
			<ymax>829</ymax>
		</bndbox>
	</object>
	<object>
		<name>ref_coin</name>
		<bndbox>
			<xmin>1651</xmin>
			<ymin>1529</ymin>
			<xmax>1875</xmax>
			<ymax>1682</ymax>
		</bndbox>
	</object>
	<object>
		<name>dish</name>
		<bndbox>
			<xmin>477</xmin>
			<ymin>389</ymin>
			<xmax>1891</xmax>
			<ymax>1607</ymax>
		</bndbox>
	</object>
	<object>
		<name>해물찜</name>
		<bndbox>
			<xmin>629</xmin>
			<ymin>682</ymin>
			<xmax>1720</xmax>
			<ymax>1206</ymax>
		</bndbox>
	</object>
</annotation>