<annotation>
	<folder>top육류부피원형배달해물찜q3</folder>
	<filename>top_육류부피_원형배달_해물찜_Q3_00008.JPG</filename>
	<path>/top육류부피원형배달해물찜q3/top_육류부피_원형배달_해물찜_Q3_00008.JPG</path>
	<source>
		<database>fooddata</database>
	</source>
	<size>
		<width>3008</width>
		<height>2000</height>
		<depth>3</depth>
	</size>
	<object>
		<name>ref_spoon</name>
		<bndbox>
			<xmin>2144</xmin>
			<ymin>276</ymin>
			<xmax>2398</xmax>
			<ymax>642</ymax>
		</bndbox>
	</object>
	<object>
		<name>ref_fork</name>
		<bndbox>
			<xmin>2439</xmin>
			<ymin>296</ymin>
			<xmax>2647</xmax>
			<ymax>713</ymax>
		</bndbox>
	</object>
	<object>
		<name>ref_coin</name>
		<bndbox>
			<xmin>493</xmin>
			<ymin>530</ymin>
			<xmax>691</xmax>
			<ymax>713</ymax>
		</bndbox>
	</object>
	<object>
		<name>dish</name>
		<bndbox>
			<xmin>808</xmin>
			<ymin>367</ymin>
			<xmax>2078</xmax>
			<ymax>1617</ymax>
		</bndbox>
	</object>
	<object>
		<name>해물찜</name>
		<bndbox>
			<xmin>904</xmin>
			<ymin>505</ymin>
			<xmax>1951</xmax>
			<ymax>1551</ymax>
		</bndbox>
	</object>
</annotation>