<annotation>
	<folder>top육류부피원형배달해물찜q3</folder>
	<filename>top_육류부피_원형배달_해물찜_Q3_00041.JPG</filename>
	<path>/top육류부피원형배달해물찜q3/top_육류부피_원형배달_해물찜_Q3_00041.JPG</path>
	<source>
		<database>fooddata</database>
	</source>
	<size>
		<width>3008</width>
		<height>2000</height>
		<depth>3</depth>
	</size>
	<object>
		<name>ref_spoon</name>
		<bndbox>
			<xmin>351</xmin>
			<ymin>469</ymin>
			<xmax>650</xmax>
			<ymax>886</ymax>
		</bndbox>
	</object>
	<object>
		<name>ref_fork</name>
		<bndbox>
			<xmin>757</xmin>
			<ymin>510</ymin>
			<xmax>965</xmax>
			<ymax>962</ymax>
		</bndbox>
	</object>
	<object>
		<name>ref_coin</name>
		<bndbox>
			<xmin>2368</xmin>
			<ymin>357</ymin>
			<xmax>2566</xmax>
			<ymax>555</ymax>
		</bndbox>
	</object>
	<object>
		<name>dish</name>
		<bndbox>
			<xmin>1067</xmin>
			<ymin>408</ymin>
			<xmax>2485</xmax>
			<ymax>1800</ymax>
		</bndbox>
	</object>
	<object>
		<name>해물찜</name>
		<bndbox>
			<xmin>1148</xmin>
			<ymin>571</ymin>
			<xmax>2276</xmax>
			<ymax>1694</ymax>
		</bndbox>
	</object>
</annotation>