<annotation>
	<folder>top육류부피원형배달해물찜q3</folder>
	<filename>top_육류부피_원형배달_해물찜_Q3_00044.JPG</filename>
	<path>/top육류부피원형배달해물찜q3/top_육류부피_원형배달_해물찜_Q3_00044.JPG</path>
	<source>
		<database>fooddata</database>
	</source>
	<size>
		<width>3008</width>
		<height>2000</height>
		<depth>3</depth>
	</size>
	<object>
		<name>ref_spoon</name>
		<bndbox>
			<xmin>422</xmin>
			<ymin>566</ymin>
			<xmax>711</xmax>
			<ymax>942</ymax>
		</bndbox>
	</object>
	<object>
		<name>ref_fork</name>
		<bndbox>
			<xmin>808</xmin>
			<ymin>545</ymin>
			<xmax>1016</xmax>
			<ymax>997</ymax>
		</bndbox>
	</object>
	<object>
		<name>ref_coin</name>
		<bndbox>
			<xmin>1286</xmin>
			<ymin>220</ymin>
			<xmax>1479</xmax>
			<ymax>403</ymax>
		</bndbox>
	</object>
	<object>
		<name>dish</name>
		<bndbox>
			<xmin>1138</xmin>
			<ymin>378</ymin>
			<xmax>2464</xmax>
			<ymax>1688</ymax>
		</bndbox>
	</object>
	<object>
		<name>해물찜</name>
		<bndbox>
			<xmin>1219</xmin>
			<ymin>530</ymin>
			<xmax>2302</xmax>
			<ymax>1597</ymax>
		</bndbox>
	</object>
</annotation>