<annotation>
	<folder>top육류부피원형배달해물찜q3</folder>
	<filename>top_육류부피_원형배달_해물찜_Q3_00053.JPG</filename>
	<path>/top육류부피원형배달해물찜q3/top_육류부피_원형배달_해물찜_Q3_00053.JPG</path>
	<source>
		<database>fooddata</database>
	</source>
	<size>
		<width>3008</width>
		<height>2000</height>
		<depth>3</depth>
	</size>
	<object>
		<name>ref_spoon</name>
		<bndbox>
			<xmin>396</xmin>
			<ymin>520</ymin>
			<xmax>706</xmax>
			<ymax>936</ymax>
		</bndbox>
	</object>
	<object>
		<name>ref_fork</name>
		<bndbox>
			<xmin>874</xmin>
			<ymin>520</ymin>
			<xmax>1123</xmax>
			<ymax>982</ymax>
		</bndbox>
	</object>
	<object>
		<name>ref_coin</name>
		<bndbox>
			<xmin>1037</xmin>
			<ymin>169</ymin>
			<xmax>1240</xmax>
			<ymax>372</ymax>
		</bndbox>
	</object>
	<object>
		<name>dish</name>
		<bndbox>
			<xmin>1230</xmin>
			<ymin>245</ymin>
			<xmax>2703</xmax>
			<ymax>1704</ymax>
		</bndbox>
	</object>
	<object>
		<name>해물찜</name>
		<bndbox>
			<xmin>1321</xmin>
			<ymin>398</ymin>
			<xmax>2490</xmax>
			<ymax>1582</ymax>
		</bndbox>
	</object>
</annotation>