<annotation>
	<folder>top육류부피원형배달해물찜q3</folder>
	<filename>top_육류부피_원형배달_해물찜_Q3_00004.JPG</filename>
	<path>/top육류부피원형배달해물찜q3/top_육류부피_원형배달_해물찜_Q3_00004.JPG</path>
	<source>
		<database>fooddata</database>
	</source>
	<size>
		<width>3008</width>
		<height>2000</height>
		<depth>3</depth>
	</size>
	<object>
		<name>ref_spoon</name>
		<bndbox>
			<xmin>2038</xmin>
			<ymin>134</ymin>
			<xmax>2307</xmax>
			<ymax>520</ymax>
		</bndbox>
	</object>
	<object>
		<name>ref_fork</name>
		<bndbox>
			<xmin>2353</xmin>
			<ymin>154</ymin>
			<xmax>2561</xmax>
			<ymax>581</ymax>
		</bndbox>
	</object>
	<object>
		<name>ref_coin</name>
		<bndbox>
			<xmin>1026</xmin>
			<ymin>1536</ymin>
			<xmax>1225</xmax>
			<ymax>1739</ymax>
		</bndbox>
	</object>
	<object>
		<name>dish</name>
		<bndbox>
			<xmin>716</xmin>
			<ymin>235</ymin>
			<xmax>2017</xmax>
			<ymax>1500</ymax>
		</bndbox>
	</object>
	<object>
		<name>해물찜</name>
		<bndbox>
			<xmin>833</xmin>
			<ymin>388</ymin>
			<xmax>1900</xmax>
			<ymax>1445</ymax>
		</bndbox>
	</object>
</annotation>