<annotation>
	<folder>side비빔밥덮밥류접시잡탕밥q1</folder>
	<filename>side_비빔밥덮밥류_접시_잡탕밥_Q1_00006.JPG</filename>
	<path>/side비빔밥덮밥류접시잡탕밥q1/side_비빔밥덮밥류_접시_잡탕밥_Q1_00006.JPG</path>
	<source>
		<database>fooddata</database>
	</source>
	<size>
		<width>3008</width>
		<height>2000</height>
		<depth>3</depth>
	</size>
	<object>
		<name>ref_spoon</name>
		<bndbox>
			<xmin>2414</xmin>
			<ymin>495</ymin>
			<xmax>2649</xmax>
			<ymax>792</ymax>
		</bndbox>
	</object>
	<object>
		<name>ref_fork</name>
		<bndbox>
			<xmin>2711</xmin>
			<ymin>492</ymin>
			<xmax>2893</xmax>
			<ymax>822</ymax>
		</bndbox>
	</object>
	<object>
		<name>ref_coin</name>
		<bndbox>
			<xmin>1046</xmin>
			<ymin>1693</ymin>
			<xmax>1263</xmax>
			<ymax>1844</ymax>
		</bndbox>
	</object>
	<object>
		<name>dish</name>
		<bndbox>
			<xmin>353</xmin>
			<ymin>528</ymin>
			<xmax>2345</xmax>
			<ymax>1571</ymax>
		</bndbox>
	</object>
	<object>
		<name>잡탕밥</name>
		<bndbox>
			<xmin>482</xmin>
			<ymin>571</ymin>
			<xmax>1191</xmax>
			<ymax>1366</ymax>
		</bndbox>
	</object>
</annotation>