<annotation>
	<folder>side비빔밥덮밥류접시잡탕밥q1</folder>
	<filename>side_비빔밥덮밥류_접시_잡탕밥_Q1_00032.JPG</filename>
	<path>/side비빔밥덮밥류접시잡탕밥q1/side_비빔밥덮밥류_접시_잡탕밥_Q1_00032.JPG</path>
	<source>
		<database>fooddata</database>
	</source>
	<size>
		<width>3008</width>
		<height>2000</height>
		<depth>3</depth>
	</size>
	<object>
		<name>ref_spoon</name>
		<bndbox>
			<xmin>524</xmin>
			<ymin>756</ymin>
			<xmax>772</xmax>
			<ymax>1069</ymax>
		</bndbox>
	</object>
	<object>
		<name>ref_fork</name>
		<bndbox>
			<xmin>877</xmin>
			<ymin>819</ymin>
			<xmax>1049</xmax>
			<ymax>1185</ymax>
		</bndbox>
	</object>
	<object>
		<name>ref_coin</name>
		<bndbox>
			<xmin>1883</xmin>
			<ymin>1663</ymin>
			<xmax>2091</xmax>
			<ymax>1805</ymax>
		</bndbox>
	</object>
	<object>
		<name>dish</name>
		<bndbox>
			<xmin>1247</xmin>
			<ymin>278</ymin>
			<xmax>2731</xmax>
			<ymax>1501</ymax>
		</bndbox>
	</object>
	<object>
		<name>잡탕밥</name>
		<bndbox>
			<xmin>1422</xmin>
			<ymin>492</ymin>
			<xmax>2395</xmax>
			<ymax>1416</ymax>
		</bndbox>
	</object>
</annotation>