<annotation>
	<folder>side비빔밥덮밥류접시잡탕밥q1</folder>
	<filename>side_비빔밥덮밥류_접시_잡탕밥_Q1_00040.JPG</filename>
	<path>/side비빔밥덮밥류접시잡탕밥q1/side_비빔밥덮밥류_접시_잡탕밥_Q1_00040.JPG</path>
	<source>
		<database>fooddata</database>
	</source>
	<size>
		<width>3008</width>
		<height>2000</height>
		<depth>3</depth>
	</size>
	<object>
		<name>ref_spoon</name>
		<bndbox>
			<xmin>277</xmin>
			<ymin>865</ymin>
			<xmax>508</xmax>
			<ymax>1152</ymax>
		</bndbox>
	</object>
	<object>
		<name>ref_fork</name>
		<bndbox>
			<xmin>637</xmin>
			<ymin>901</ymin>
			<xmax>805</xmax>
			<ymax>1228</ymax>
		</bndbox>
	</object>
	<object>
		<name>ref_coin</name>
		<bndbox>
			<xmin>2256</xmin>
			<ymin>383</ymin>
			<xmax>2404</xmax>
			<ymax>476</ymax>
		</bndbox>
	</object>
	<object>
		<name>dish</name>
		<bndbox>
			<xmin>904</xmin>
			<ymin>667</ymin>
			<xmax>2813</xmax>
			<ymax>1580</ymax>
		</bndbox>
	</object>
	<object>
		<name>잡탕밥</name>
		<bndbox>
			<xmin>1171</xmin>
			<ymin>838</ymin>
			<xmax>2609</xmax>
			<ymax>1505</ymax>
		</bndbox>
	</object>
</annotation>