<annotation>
	<folder>side비빔밥덮밥류접시잡탕밥q1</folder>
	<filename>side_비빔밥덮밥류_접시_잡탕밥_Q1_00045.JPG</filename>
	<path>/side비빔밥덮밥류접시잡탕밥q1/side_비빔밥덮밥류_접시_잡탕밥_Q1_00045.JPG</path>
	<source>
		<database>fooddata</database>
	</source>
	<size>
		<width>3008</width>
		<height>2000</height>
		<depth>3</depth>
	</size>
	<object>
		<name>ref_spoon</name>
		<bndbox>
			<xmin>234</xmin>
			<ymin>739</ymin>
			<xmax>472</xmax>
			<ymax>1026</ymax>
		</bndbox>
	</object>
	<object>
		<name>ref_fork</name>
		<bndbox>
			<xmin>597</xmin>
			<ymin>779</ymin>
			<xmax>762</xmax>
			<ymax>1109</ymax>
		</bndbox>
	</object>
	<object>
		<name>ref_coin</name>
		<bndbox>
			<xmin>920</xmin>
			<ymin>730</ymin>
			<xmax>1092</xmax>
			<ymax>845</ymax>
		</bndbox>
	</object>
	<object>
		<name>dish</name>
		<bndbox>
			<xmin>1267</xmin>
			<ymin>479</ymin>
			<xmax>2787</xmax>
			<ymax>1620</ymax>
		</bndbox>
	</object>
	<object>
		<name>잡탕밥</name>
		<bndbox>
			<xmin>1494</xmin>
			<ymin>581</ymin>
			<xmax>2536</xmax>
			<ymax>1541</ymax>
		</bndbox>
	</object>
</annotation>