<annotation>
	<folder>side비빔밥덮밥류접시잡탕밥q1</folder>
	<filename>side_비빔밥덮밥류_접시_잡탕밥_Q1_00003.JPG</filename>
	<path>/side비빔밥덮밥류접시잡탕밥q1/side_비빔밥덮밥류_접시_잡탕밥_Q1_00003.JPG</path>
	<source>
		<database>fooddata</database>
	</source>
	<size>
		<width>3008</width>
		<height>2000</height>
		<depth>3</depth>
	</size>
	<object>
		<name>ref_spoon</name>
		<bndbox>
			<xmin>2408</xmin>
			<ymin>446</ymin>
			<xmax>2655</xmax>
			<ymax>766</ymax>
		</bndbox>
	</object>
	<object>
		<name>ref_fork</name>
		<bndbox>
			<xmin>2721</xmin>
			<ymin>439</ymin>
			<xmax>2916</xmax>
			<ymax>792</ymax>
		</bndbox>
	</object>
	<object>
		<name>ref_coin</name>
		<bndbox>
			<xmin>1567</xmin>
			<ymin>1736</ymin>
			<xmax>1798</xmax>
			<ymax>1887</ymax>
		</bndbox>
	</object>
	<object>
		<name>dish</name>
		<bndbox>
			<xmin>224</xmin>
			<ymin>370</ymin>
			<xmax>2240</xmax>
			<ymax>1548</ymax>
		</bndbox>
	</object>
	<object>
		<name>잡탕밥</name>
		<bndbox>
			<xmin>333</xmin>
			<ymin>865</ymin>
			<xmax>1540</xmax>
			<ymax>1485</ymax>
		</bndbox>
	</object>
</annotation>