<annotation>
	<folder>side비빔밥덮밥류접시잡탕밥q1</folder>
	<filename>side_비빔밥덮밥류_접시_잡탕밥_Q1_00010.JPG</filename>
	<path>/side비빔밥덮밥류접시잡탕밥q1/side_비빔밥덮밥류_접시_잡탕밥_Q1_00010.JPG</path>
	<source>
		<database>fooddata</database>
	</source>
	<size>
		<width>3008</width>
		<height>2000</height>
		<depth>3</depth>
	</size>
	<object>
		<name>ref_spoon</name>
		<bndbox>
			<xmin>2183</xmin>
			<ymin>420</ymin>
			<xmax>2437</xmax>
			<ymax>723</ymax>
		</bndbox>
	</object>
	<object>
		<name>ref_fork</name>
		<bndbox>
			<xmin>2494</xmin>
			<ymin>406</ymin>
			<xmax>2698</xmax>
			<ymax>753</ymax>
		</bndbox>
	</object>
	<object>
		<name>ref_coin</name>
		<bndbox>
			<xmin>1606</xmin>
			<ymin>1689</ymin>
			<xmax>1821</xmax>
			<ymax>1838</ymax>
		</bndbox>
	</object>
	<object>
		<name>dish</name>
		<bndbox>
			<xmin>211</xmin>
			<ymin>314</ymin>
			<xmax>1877</xmax>
			<ymax>1653</ymax>
		</bndbox>
	</object>
	<object>
		<name>잡탕밥</name>
		<bndbox>
			<xmin>452</xmin>
			<ymin>400</ymin>
			<xmax>1619</xmax>
			<ymax>944</ymax>
		</bndbox>
	</object>
</annotation>