<annotation>
	<folder>top비빔밥덮밥류접시잡탕밥q1</folder>
	<filename>top_비빔밥덮밥류_접시_잡탕밥_Q1_00020.JPG</filename>
	<path>/top비빔밥덮밥류접시잡탕밥q1/top_비빔밥덮밥류_접시_잡탕밥_Q1_00020.JPG</path>
	<source>
		<database>fooddata</database>
	</source>
	<size>
		<width>3008</width>
		<height>2000</height>
		<depth>3</depth>
	</size>
	<object>
		<name>ref_spoon</name>
		<bndbox>
			<xmin>939</xmin>
			<ymin>1646</ymin>
			<xmax>1217</xmax>
			<ymax>1848</ymax>
		</bndbox>
	</object>
	<object>
		<name>ref_fork</name>
		<bndbox>
			<xmin>1069</xmin>
			<ymin>1484</ymin>
			<xmax>1381</xmax>
			<ymax>1624</ymax>
		</bndbox>
	</object>
	<object>
		<name>ref_coin</name>
		<bndbox>
			<xmin>2226</xmin>
			<ymin>555</ymin>
			<xmax>2352</xmax>
			<ymax>683</ymax>
		</bndbox>
	</object>
	<object>
		<name>dish</name>
		<bndbox>
			<xmin>1081</xmin>
			<ymin>79</ymin>
			<xmax>2135</xmax>
			<ymax>1391</ymax>
		</bndbox>
	</object>
	<object>
		<name>잡탕밥</name>
		<bndbox>
			<xmin>1172</xmin>
			<ymin>238</ymin>
			<xmax>1764</xmax>
			<ymax>1005</ymax>
		</bndbox>
	</object>
</annotation>