<annotation>
	<folder>top비빔밥덮밥류접시잡탕밥q1</folder>
	<filename>top_비빔밥덮밥류_접시_잡탕밥_Q1_00055.JPG</filename>
	<path>/top비빔밥덮밥류접시잡탕밥q1/top_비빔밥덮밥류_접시_잡탕밥_Q1_00055.JPG</path>
	<source>
		<database>fooddata</database>
	</source>
	<size>
		<width>3008</width>
		<height>2000</height>
		<depth>3</depth>
	</size>
	<object>
		<name>ref_spoon</name>
		<bndbox>
			<xmin>403</xmin>
			<ymin>322</ymin>
			<xmax>637</xmax>
			<ymax>666</ymax>
		</bndbox>
	</object>
	<object>
		<name>ref_fork</name>
		<bndbox>
			<xmin>705</xmin>
			<ymin>474</ymin>
			<xmax>863</xmax>
			<ymax>848</ymax>
		</bndbox>
	</object>
	<object>
		<name>ref_coin</name>
		<bndbox>
			<xmin>2391</xmin>
			<ymin>364</ymin>
			<xmax>2546</xmax>
			<ymax>518</ymax>
		</bndbox>
	</object>
	<object>
		<name>dish</name>
		<bndbox>
			<xmin>1086</xmin>
			<ymin>88</ymin>
			<xmax>2379</xmax>
			<ymax>1826</ymax>
		</bndbox>
	</object>
	<object>
		<name>잡탕밥</name>
		<bndbox>
			<xmin>1253</xmin>
			<ymin>464</ymin>
			<xmax>2160</xmax>
			<ymax>1528</ymax>
		</bndbox>
	</object>
</annotation>