<annotation>
	<folder>top비빔밥덮밥류접시잡탕밥q1</folder>
	<filename>top_비빔밥덮밥류_접시_잡탕밥_Q1_00028.JPG</filename>
	<path>/top비빔밥덮밥류접시잡탕밥q1/top_비빔밥덮밥류_접시_잡탕밥_Q1_00028.JPG</path>
	<source>
		<database>fooddata</database>
	</source>
	<size>
		<width>3008</width>
		<height>2000</height>
		<depth>3</depth>
	</size>
	<object>
		<name>ref_spoon</name>
		<bndbox>
			<xmin>939</xmin>
			<ymin>1641</ymin>
			<xmax>1241</xmax>
			<ymax>1877</ymax>
		</bndbox>
	</object>
	<object>
		<name>ref_fork</name>
		<bndbox>
			<xmin>1091</xmin>
			<ymin>1464</ymin>
			<xmax>1413</xmax>
			<ymax>1622</ymax>
		</bndbox>
	</object>
	<object>
		<name>ref_coin</name>
		<bndbox>
			<xmin>752</xmin>
			<ymin>885</ymin>
			<xmax>907</xmax>
			<ymax>1032</ymax>
		</bndbox>
	</object>
	<object>
		<name>dish</name>
		<bndbox>
			<xmin>1084</xmin>
			<ymin>91</ymin>
			<xmax>2526</xmax>
			<ymax>1290</ymax>
		</bndbox>
	</object>
	<object>
		<name>잡탕밥</name>
		<bndbox>
			<xmin>1256</xmin>
			<ymin>511</ymin>
			<xmax>2106</xmax>
			<ymax>1174</ymax>
		</bndbox>
	</object>
</annotation>