<annotation>
	<folder>top비빔밥덮밥류접시잡탕밥q1</folder>
	<filename>top_비빔밥덮밥류_접시_잡탕밥_Q1_00011.JPG</filename>
	<path>/top비빔밥덮밥류접시잡탕밥q1/top_비빔밥덮밥류_접시_잡탕밥_Q1_00011.JPG</path>
	<source>
		<database>fooddata</database>
	</source>
	<size>
		<width>3008</width>
		<height>2000</height>
		<depth>3</depth>
	</size>
	<object>
		<name>ref_spoon</name>
		<bndbox>
			<xmin>2118</xmin>
			<ymin>283</ymin>
			<xmax>2337</xmax>
			<ymax>570</ymax>
		</bndbox>
	</object>
	<object>
		<name>ref_fork</name>
		<bndbox>
			<xmin>2401</xmin>
			<ymin>290</ymin>
			<xmax>2553</xmax>
			<ymax>654</ymax>
		</bndbox>
	</object>
	<object>
		<name>ref_coin</name>
		<bndbox>
			<xmin>1762</xmin>
			<ymin>236</ymin>
			<xmax>1917</xmax>
			<ymax>398</ymax>
		</bndbox>
	</object>
	<object>
		<name>dish</name>
		<bndbox>
			<xmin>347</xmin>
			<ymin>251</ymin>
			<xmax>1932</xmax>
			<ymax>1644</ymax>
		</bndbox>
	</object>
	<object>
		<name>잡탕밥</name>
		<bndbox>
			<xmin>1202</xmin>
			<ymin>572</ymin>
			<xmax>1806</xmax>
			<ymax>1452</ymax>
		</bndbox>
	</object>
</annotation>