<annotation>
	<folder>top비빔밥덮밥류접시잡탕밥q1</folder>
	<filename>top_비빔밥덮밥류_접시_잡탕밥_Q1_00017.JPG</filename>
	<path>/top비빔밥덮밥류접시잡탕밥q1/top_비빔밥덮밥류_접시_잡탕밥_Q1_00017.JPG</path>
	<source>
		<database>fooddata</database>
	</source>
	<size>
		<width>3008</width>
		<height>2000</height>
		<depth>3</depth>
	</size>
	<object>
		<name>ref_spoon</name>
		<bndbox>
			<xmin>934</xmin>
			<ymin>1607</ymin>
			<xmax>1266</xmax>
			<ymax>1838</ymax>
		</bndbox>
	</object>
	<object>
		<name>ref_fork</name>
		<bndbox>
			<xmin>1094</xmin>
			<ymin>1420</ymin>
			<xmax>1443</xmax>
			<ymax>1582</ymax>
		</bndbox>
	</object>
	<object>
		<name>ref_coin</name>
		<bndbox>
			<xmin>2379</xmin>
			<ymin>1226</ymin>
			<xmax>2536</xmax>
			<ymax>1381</ymax>
		</bndbox>
	</object>
	<object>
		<name>dish</name>
		<bndbox>
			<xmin>909</xmin>
			<ymin>69</ymin>
			<xmax>2548</xmax>
			<ymax>1283</ymax>
		</bndbox>
	</object>
	<object>
		<name>잡탕밥</name>
		<bndbox>
			<xmin>1076</xmin>
			<ymin>383</ymin>
			<xmax>2081</xmax>
			<ymax>1138</ymax>
		</bndbox>
	</object>
</annotation>