<annotation>
	<folder>rework190files</folder>
	<filename>top_비빔밥덮밥류_접시_잡탕밥_Q1_00040.JPG</filename>
	<path>/top비빔밥덮밥류접시잡탕밥q1/top_비빔밥덮밥류_접시_잡탕밥_Q1_00040.JPG</path>
	<source>
		<database>fooddata</database>
	</source>
	<size>
		<width>3008</width>
		<height>2000</height>
		<depth>3</depth>
	</size>
	<object>
		<name>ref_spoon</name>
		<bndbox>
			<xmin>391</xmin>
			<ymin>347</ymin>
			<xmax>615</xmax>
			<ymax>713</ymax>
		</bndbox>
	</object>
	<object>
		<name>ref_fork</name>
		<bndbox>
			<xmin>681</xmin>
			<ymin>494</ymin>
			<xmax>843</xmax>
			<ymax>876</ymax>
		</bndbox>
	</object>
	<object>
		<name>ref_coin</name>
		<bndbox>
			<xmin>2266</xmin>
			<ymin>820</ymin>
			<xmax>2414</xmax>
			<ymax>977</ymax>
		</bndbox>
	</object>
	<object>
		<name>dish</name>
		<bndbox>
			<xmin>991</xmin>
			<ymin>83</ymin>
			<xmax>2246</xmax>
			<ymax>1729</ymax>
		</bndbox>
	</object>
	<object>
		<name>잡탕밥</name>
		<bndbox>
			<xmin>1219</xmin>
			<ymin>642</ymin>
			<xmax>1971</xmax>
			<ymax>1333</ymax>
		</bndbox>
	</object>
</annotation>