<annotation>
	<folder>side국류원형배달육개장q1</folder>
	<filename>side_국류_원형배달_육개장_Q1_00005.JPG</filename>
	<path>/side국류원형배달육개장q1/side_국류_원형배달_육개장_Q1_00005.JPG</path>
	<source>
		<database>fooddata</database>
	</source>
	<size>
		<width>3008</width>
		<height>2000</height>
		<depth>3</depth>
	</size>
	<object>
		<name>ref_spoon</name>
		<bndbox>
			<xmin>2005</xmin>
			<ymin>501</ymin>
			<xmax>2274</xmax>
			<ymax>853</ymax>
		</bndbox>
	</object>
	<object>
		<name>ref_fork</name>
		<bndbox>
			<xmin>2375</xmin>
			<ymin>599</ymin>
			<xmax>2557</xmax>
			<ymax>995</ymax>
		</bndbox>
	</object>
	<object>
		<name>ref_coin</name>
		<bndbox>
			<xmin>157</xmin>
			<ymin>1267</ymin>
			<xmax>372</xmax>
			<ymax>1441</ymax>
		</bndbox>
	</object>
	<object>
		<name>dish</name>
		<bndbox>
			<xmin>618</xmin>
			<ymin>272</ymin>
			<xmax>1987</xmax>
			<ymax>1506</ymax>
		</bndbox>
	</object>
	<object>
		<name>육개장</name>
		<bndbox>
			<xmin>709</xmin>
			<ymin>606</ymin>
			<xmax>1852</xmax>
			<ymax>1158</ymax>
		</bndbox>
	</object>
</annotation>