<annotation>
	<folder>side국류원형배달육개장q1</folder>
	<filename>side_국류_원형배달_육개장_Q1_00009.JPG</filename>
	<path>/side국류원형배달육개장q1/side_국류_원형배달_육개장_Q1_00009.JPG</path>
	<source>
		<database>fooddata</database>
	</source>
	<size>
		<width>3008</width>
		<height>2000</height>
		<depth>3</depth>
	</size>
	<object>
		<name>ref_spoon</name>
		<bndbox>
			<xmin>1852</xmin>
			<ymin>780</ymin>
			<xmax>2117</xmax>
			<ymax>1132</ymax>
		</bndbox>
	</object>
	<object>
		<name>ref_fork</name>
		<bndbox>
			<xmin>2212</xmin>
			<ymin>875</ymin>
			<xmax>2401</xmax>
			<ymax>1274</ymax>
		</bndbox>
	</object>
	<object>
		<name>ref_coin</name>
		<bndbox>
			<xmin>535</xmin>
			<ymin>211</ymin>
			<xmax>720</xmax>
			<ymax>330</ymax>
		</bndbox>
	</object>
	<object>
		<name>dish</name>
		<bndbox>
			<xmin>459</xmin>
			<ymin>577</ymin>
			<xmax>1845</xmax>
			<ymax>1833</ymax>
		</bndbox>
	</object>
	<object>
		<name>육개장</name>
		<bndbox>
			<xmin>560</xmin>
			<ymin>907</ymin>
			<xmax>1715</xmax>
			<ymax>1492</ymax>
		</bndbox>
	</object>
</annotation>