<annotation>
	<folder>side국류원형배달육개장q1</folder>
	<filename>side_국류_원형배달_육개장_Q1_00017.JPG</filename>
	<path>/side국류원형배달육개장q1/side_국류_원형배달_육개장_Q1_00017.JPG</path>
	<source>
		<database>fooddata</database>
	</source>
	<size>
		<width>3008</width>
		<height>2000</height>
		<depth>3</depth>
	</size>
	<object>
		<name>ref_spoon</name>
		<bndbox>
			<xmin>618</xmin>
			<ymin>1506</ymin>
			<xmax>1076</xmax>
			<ymax>1789</ymax>
		</bndbox>
	</object>
	<object>
		<name>ref_fork</name>
		<bndbox>
			<xmin>764</xmin>
			<ymin>1260</ymin>
			<xmax>1243</xmax>
			<ymax>1525</ymax>
		</bndbox>
	</object>
	<object>
		<name>ref_coin</name>
		<bndbox>
			<xmin>633</xmin>
			<ymin>1042</ymin>
			<xmax>851</xmax>
			<ymax>1205</ymax>
		</bndbox>
	</object>
	<object>
		<name>dish</name>
		<bndbox>
			<xmin>1163</xmin>
			<ymin>149</ymin>
			<xmax>2506</xmax>
			<ymax>1332</ymax>
		</bndbox>
	</object>
	<object>
		<name>육개장</name>
		<bndbox>
			<xmin>1254</xmin>
			<ymin>414</ymin>
			<xmax>2353</xmax>
			<ymax>987</ymax>
		</bndbox>
	</object>
</annotation>