<annotation>
	<folder>side국류원형배달육개장q1</folder>
	<filename>side_국류_원형배달_육개장_Q1_00046.JPG</filename>
	<path>/side국류원형배달육개장q1/side_국류_원형배달_육개장_Q1_00046.JPG</path>
	<source>
		<database>fooddata</database>
	</source>
	<size>
		<width>3008</width>
		<height>2000</height>
		<depth>3</depth>
	</size>
	<object>
		<name>ref_spoon</name>
		<bndbox>
			<xmin>640</xmin>
			<ymin>701</ymin>
			<xmax>909</xmax>
			<ymax>1045</ymax>
		</bndbox>
	</object>
	<object>
		<name>ref_fork</name>
		<bndbox>
			<xmin>974</xmin>
			<ymin>737</ymin>
			<xmax>1159</xmax>
			<ymax>1129</ymax>
		</bndbox>
	</object>
	<object>
		<name>ref_coin</name>
		<bndbox>
			<xmin>128</xmin>
			<ymin>1143</ymin>
			<xmax>342</xmax>
			<ymax>1296</ymax>
		</bndbox>
	</object>
	<object>
		<name>dish</name>
		<bndbox>
			<xmin>1399</xmin>
			<ymin>552</ymin>
			<xmax>2771</xmax>
			<ymax>1793</ymax>
		</bndbox>
	</object>
	<object>
		<name>육개장</name>
		<bndbox>
			<xmin>1486</xmin>
			<ymin>860</ymin>
			<xmax>2651</xmax>
			<ymax>1456</ymax>
		</bndbox>
	</object>
</annotation>