<annotation>
	<folder>side국류원형배달육개장q1</folder>
	<filename>side_국류_원형배달_육개장_Q1_00036.JPG</filename>
	<path>/side국류원형배달육개장q1/side_국류_원형배달_육개장_Q1_00036.JPG</path>
	<source>
		<database>fooddata</database>
	</source>
	<size>
		<width>3008</width>
		<height>2000</height>
		<depth>3</depth>
	</size>
	<object>
		<name>ref_spoon</name>
		<bndbox>
			<xmin>357</xmin>
			<ymin>461</ymin>
			<xmax>647</xmax>
			<ymax>838</ymax>
		</bndbox>
	</object>
	<object>
		<name>ref_fork</name>
		<bndbox>
			<xmin>705</xmin>
			<ymin>490</ymin>
			<xmax>912</xmax>
			<ymax>918</ymax>
		</bndbox>
	</object>
	<object>
		<name>ref_coin</name>
		<bndbox>
			<xmin>1406</xmin>
			<ymin>1644</ymin>
			<xmax>1638</xmax>
			<ymax>1840</ymax>
		</bndbox>
	</object>
	<object>
		<name>dish</name>
		<bndbox>
			<xmin>1087</xmin>
			<ymin>196</ymin>
			<xmax>2513</xmax>
			<ymax>1470</ymax>
		</bndbox>
	</object>
	<object>
		<name>육개장</name>
		<bndbox>
			<xmin>1170</xmin>
			<ymin>523</ymin>
			<xmax>2364</xmax>
			<ymax>1111</ymax>
		</bndbox>
	</object>
</annotation>