<annotation>
	<folder>side국류원형배달육개장q1</folder>
	<filename>side_국류_원형배달_육개장_Q1_00023.JPG</filename>
	<path>/side국류원형배달육개장q1/side_국류_원형배달_육개장_Q1_00023.JPG</path>
	<source>
		<database>fooddata</database>
	</source>
	<size>
		<width>3008</width>
		<height>2000</height>
		<depth>3</depth>
	</size>
	<object>
		<name>ref_spoon</name>
		<bndbox>
			<xmin>437</xmin>
			<ymin>1488</ymin>
			<xmax>872</xmax>
			<ymax>1742</ymax>
		</bndbox>
	</object>
	<object>
		<name>ref_fork</name>
		<bndbox>
			<xmin>557</xmin>
			<ymin>1263</ymin>
			<xmax>1014</xmax>
			<ymax>1499</ymax>
		</bndbox>
	</object>
	<object>
		<name>ref_coin</name>
		<bndbox>
			<xmin>1769</xmin>
			<ymin>105</ymin>
			<xmax>1936</xmax>
			<ymax>225</ymax>
		</bndbox>
	</object>
	<object>
		<name>dish</name>
		<bndbox>
			<xmin>778</xmin>
			<ymin>156</ymin>
			<xmax>1998</xmax>
			<ymax>1245</ymax>
		</bndbox>
	</object>
	<object>
		<name>육개장</name>
		<bndbox>
			<xmin>862</xmin>
			<ymin>457</ymin>
			<xmax>1881</xmax>
			<ymax>940</ymax>
		</bndbox>
	</object>
</annotation>