<annotation>
	<folder>side국류원형배달육개장q1</folder>
	<filename>side_국류_원형배달_육개장_Q1_00014.JPG</filename>
	<path>/side국류원형배달육개장q1/side_국류_원형배달_육개장_Q1_00014.JPG</path>
	<source>
		<database>fooddata</database>
	</source>
	<size>
		<width>3008</width>
		<height>2000</height>
		<depth>3</depth>
	</size>
	<object>
		<name>ref_spoon</name>
		<bndbox>
			<xmin>1940</xmin>
			<ymin>679</ymin>
			<xmax>2201</xmax>
			<ymax>1031</ymax>
		</bndbox>
	</object>
	<object>
		<name>ref_fork</name>
		<bndbox>
			<xmin>2313</xmin>
			<ymin>766</ymin>
			<xmax>2506</xmax>
			<ymax>1180</ymax>
		</bndbox>
	</object>
	<object>
		<name>ref_coin</name>
		<bndbox>
			<xmin>1747</xmin>
			<ymin>486</ymin>
			<xmax>1940</xmax>
			<ymax>624</ymax>
		</bndbox>
	</object>
	<object>
		<name>dish</name>
		<bndbox>
			<xmin>357</xmin>
			<ymin>472</ymin>
			<xmax>1765</xmax>
			<ymax>1739</ymax>
		</bndbox>
	</object>
	<object>
		<name>육개장</name>
		<bndbox>
			<xmin>466</xmin>
			<ymin>806</ymin>
			<xmax>1653</xmax>
			<ymax>1390</ymax>
		</bndbox>
	</object>
</annotation>