<annotation>
	<folder>side국류원형배달육개장q1</folder>
	<filename>side_국류_원형배달_육개장_Q1_00019.JPG</filename>
	<path>/side국류원형배달육개장q1/side_국류_원형배달_육개장_Q1_00019.JPG</path>
	<source>
		<database>fooddata</database>
	</source>
	<size>
		<width>3008</width>
		<height>2000</height>
		<depth>3</depth>
	</size>
	<object>
		<name>ref_spoon</name>
		<bndbox>
			<xmin>546</xmin>
			<ymin>1561</ymin>
			<xmax>1010</xmax>
			<ymax>1833</ymax>
		</bndbox>
	</object>
	<object>
		<name>ref_fork</name>
		<bndbox>
			<xmin>687</xmin>
			<ymin>1310</ymin>
			<xmax>1163</xmax>
			<ymax>1579</ymax>
		</bndbox>
	</object>
	<object>
		<name>ref_coin</name>
		<bndbox>
			<xmin>437</xmin>
			<ymin>570</ymin>
			<xmax>640</xmax>
			<ymax>722</ymax>
		</bndbox>
	</object>
	<object>
		<name>dish</name>
		<bndbox>
			<xmin>1134</xmin>
			<ymin>211</ymin>
			<xmax>2462</xmax>
			<ymax>1408</ymax>
		</bndbox>
	</object>
	<object>
		<name>육개장</name>
		<bndbox>
			<xmin>1214</xmin>
			<ymin>537</ymin>
			<xmax>2339</xmax>
			<ymax>1067</ymax>
		</bndbox>
	</object>
</annotation>