<annotation>
	<folder>side국류원형배달육개장q1</folder>
	<filename>side_국류_원형배달_육개장_Q1_00001.JPG</filename>
	<path>/side국류원형배달육개장q1/side_국류_원형배달_육개장_Q1_00001.JPG</path>
	<source>
		<database>fooddata</database>
	</source>
	<size>
		<width>3008</width>
		<height>2000</height>
		<depth>3</depth>
	</size>
	<object>
		<name>ref_spoon</name>
		<bndbox>
			<xmin>1885</xmin>
			<ymin>436</ymin>
			<xmax>2157</xmax>
			<ymax>795</ymax>
		</bndbox>
	</object>
	<object>
		<name>ref_fork</name>
		<bndbox>
			<xmin>2274</xmin>
			<ymin>519</ymin>
			<xmax>2462</xmax>
			<ymax>951</ymax>
		</bndbox>
	</object>
	<object>
		<name>ref_coin</name>
		<bndbox>
			<xmin>1402</xmin>
			<ymin>1579</ymin>
			<xmax>1631</xmax>
			<ymax>1760</ymax>
		</bndbox>
	</object>
	<object>
		<name>dish</name>
		<bndbox>
			<xmin>303</xmin>
			<ymin>200</ymin>
			<xmax>1769</xmax>
			<ymax>1492</ymax>
		</bndbox>
	</object>
	<object>
		<name>육개장</name>
		<bndbox>
			<xmin>419</xmin>
			<ymin>544</ymin>
			<xmax>1635</xmax>
			<ymax>1118</ymax>
		</bndbox>
	</object>
</annotation>