<annotation>
	<folder>top국류원형배달육개장q1</folder>
	<filename>top_국류_원형배달_육개장_Q1_00025.JPG</filename>
	<path>/top국류원형배달육개장q1/top_국류_원형배달_육개장_Q1_00025.JPG</path>
	<source>
		<database>fooddata</database>
	</source>
	<size>
		<width>3008</width>
		<height>2000</height>
		<depth>3</depth>
	</size>
	<object>
		<name>ref_spoon</name>
		<bndbox>
			<xmin>731</xmin>
			<ymin>1619</ymin>
			<xmax>1142</xmax>
			<ymax>1885</ymax>
		</bndbox>
	</object>
	<object>
		<name>ref_fork</name>
		<bndbox>
			<xmin>841</xmin>
			<ymin>1381</ymin>
			<xmax>1266</xmax>
			<ymax>1555</ymax>
		</bndbox>
	</object>
	<object>
		<name>ref_coin</name>
		<bndbox>
			<xmin>2338</xmin>
			<ymin>292</ymin>
			<xmax>2511</xmax>
			<ymax>463</ymax>
		</bndbox>
	</object>
	<object>
		<name>dish</name>
		<bndbox>
			<xmin>926</xmin>
			<ymin>58</ymin>
			<xmax>2196</xmax>
			<ymax>1289</ymax>
		</bndbox>
	</object>
	<object>
		<name>육개장</name>
		<bndbox>
			<xmin>1022</xmin>
			<ymin>243</ymin>
			<xmax>2043</xmax>
			<ymax>1243</ymax>
		</bndbox>
	</object>
</annotation>