<annotation>
	<folder>top국류원형배달육개장q1</folder>
	<filename>top_국류_원형배달_육개장_Q1_00030.JPG</filename>
	<path>/top국류원형배달육개장q1/top_국류_원형배달_육개장_Q1_00030.JPG</path>
	<source>
		<database>fooddata</database>
	</source>
	<size>
		<width>3008</width>
		<height>2000</height>
		<depth>3</depth>
	</size>
	<object>
		<name>ref_spoon</name>
		<bndbox>
			<xmin>695</xmin>
			<ymin>1644</ymin>
			<xmax>1078</xmax>
			<ymax>1906</ymax>
		</bndbox>
	</object>
	<object>
		<name>ref_fork</name>
		<bndbox>
			<xmin>816</xmin>
			<ymin>1410</ymin>
			<xmax>1234</xmax>
			<ymax>1594</ymax>
		</bndbox>
	</object>
	<object>
		<name>ref_coin</name>
		<bndbox>
			<xmin>2263</xmin>
			<ymin>1662</ymin>
			<xmax>2448</xmax>
			<ymax>1850</ymax>
		</bndbox>
	</object>
	<object>
		<name>dish</name>
		<bndbox>
			<xmin>795</xmin>
			<ymin>72</ymin>
			<xmax>2086</xmax>
			<ymax>1325</ymax>
		</bndbox>
	</object>
	<object>
		<name>육개장</name>
		<bndbox>
			<xmin>919</xmin>
			<ymin>250</ymin>
			<xmax>1947</xmax>
			<ymax>1257</ymax>
		</bndbox>
	</object>
</annotation>