<annotation>
	<folder>top국류원형배달육개장q1</folder>
	<filename>top_국류_원형배달_육개장_Q1_00007.JPG</filename>
	<path>/top국류원형배달육개장q1/top_국류_원형배달_육개장_Q1_00007.JPG</path>
	<source>
		<database>fooddata</database>
	</source>
	<size>
		<width>3008</width>
		<height>2000</height>
		<depth>3</depth>
	</size>
	<object>
		<name>ref_spoon</name>
		<bndbox>
			<xmin>2008</xmin>
			<ymin>168</ymin>
			<xmax>2277</xmax>
			<ymax>608</ymax>
		</bndbox>
	</object>
	<object>
		<name>ref_fork</name>
		<bndbox>
			<xmin>2370</xmin>
			<ymin>299</ymin>
			<xmax>2593</xmax>
			<ymax>761</ymax>
		</bndbox>
	</object>
	<object>
		<name>ref_coin</name>
		<bndbox>
			<xmin>128</xmin>
			<ymin>963</ymin>
			<xmax>351</xmax>
			<ymax>1179</ymax>
		</bndbox>
	</object>
	<object>
		<name>dish</name>
		<bndbox>
			<xmin>525</xmin>
			<ymin>90</ymin>
			<xmax>2061</xmax>
			<ymax>1569</ymax>
		</bndbox>
	</object>
	<object>
		<name>육개장</name>
		<bndbox>
			<xmin>692</xmin>
			<ymin>296</ymin>
			<xmax>1891</xmax>
			<ymax>1477</ymax>
		</bndbox>
	</object>
</annotation>