<annotation>
	<folder>top국류원형배달육개장q1</folder>
	<filename>top_국류_원형배달_육개장_Q1_00024.JPG</filename>
	<path>/top국류원형배달육개장q1/top_국류_원형배달_육개장_Q1_00024.JPG</path>
	<source>
		<database>fooddata</database>
	</source>
	<size>
		<width>3008</width>
		<height>2000</height>
		<depth>3</depth>
	</size>
	<object>
		<name>ref_spoon</name>
		<bndbox>
			<xmin>780</xmin>
			<ymin>1608</ymin>
			<xmax>1153</xmax>
			<ymax>1867</ymax>
		</bndbox>
	</object>
	<object>
		<name>ref_fork</name>
		<bndbox>
			<xmin>873</xmin>
			<ymin>1378</ymin>
			<xmax>1281</xmax>
			<ymax>1555</ymax>
		</bndbox>
	</object>
	<object>
		<name>ref_coin</name>
		<bndbox>
			<xmin>2174</xmin>
			<ymin>140</ymin>
			<xmax>2341</xmax>
			<ymax>307</ymax>
		</bndbox>
	</object>
	<object>
		<name>dish</name>
		<bndbox>
			<xmin>944</xmin>
			<ymin>94</ymin>
			<xmax>2199</xmax>
			<ymax>1314</ymax>
		</bndbox>
	</object>
	<object>
		<name>육개장</name>
		<bndbox>
			<xmin>1046</xmin>
			<ymin>275</ymin>
			<xmax>2033</xmax>
			<ymax>1254</ymax>
		</bndbox>
	</object>
</annotation>