<annotation>
	<folder>top국류원형배달육개장q1</folder>
	<filename>top_국류_원형배달_육개장_Q1_00031.JPG</filename>
	<path>/top국류원형배달육개장q1/top_국류_원형배달_육개장_Q1_00031.JPG</path>
	<source>
		<database>fooddata</database>
	</source>
	<size>
		<width>3008</width>
		<height>2000</height>
		<depth>3</depth>
	</size>
	<object>
		<name>ref_spoon</name>
		<bndbox>
			<xmin>702</xmin>
			<ymin>1665</ymin>
			<xmax>1093</xmax>
			<ymax>1935</ymax>
		</bndbox>
	</object>
	<object>
		<name>ref_fork</name>
		<bndbox>
			<xmin>826</xmin>
			<ymin>1424</ymin>
			<xmax>1249</xmax>
			<ymax>1615</ymax>
		</bndbox>
	</object>
	<object>
		<name>ref_coin</name>
		<bndbox>
			<xmin>2157</xmin>
			<ymin>1364</ymin>
			<xmax>2334</xmax>
			<ymax>1548</ymax>
		</bndbox>
	</object>
	<object>
		<name>dish</name>
		<bndbox>
			<xmin>770</xmin>
			<ymin>65</ymin>
			<xmax>2075</xmax>
			<ymax>1328</ymax>
		</bndbox>
	</object>
	<object>
		<name>육개장</name>
		<bndbox>
			<xmin>894</xmin>
			<ymin>246</ymin>
			<xmax>1944</xmax>
			<ymax>1257</ymax>
		</bndbox>
	</object>
</annotation>