<annotation>
	<folder>top국류원형배달육개장q1</folder>
	<filename>top_국류_원형배달_육개장_Q1_00039.JPG</filename>
	<path>/top국류원형배달육개장q1/top_국류_원형배달_육개장_Q1_00039.JPG</path>
	<source>
		<database>fooddata</database>
	</source>
	<size>
		<width>3008</width>
		<height>2000</height>
		<depth>3</depth>
	</size>
	<object>
		<name>ref_spoon</name>
		<bndbox>
			<xmin>252</xmin>
			<ymin>260</ymin>
			<xmax>557</xmax>
			<ymax>718</ymax>
		</bndbox>
	</object>
	<object>
		<name>ref_fork</name>
		<bndbox>
			<xmin>653</xmin>
			<ymin>317</ymin>
			<xmax>851</xmax>
			<ymax>800</ymax>
		</bndbox>
	</object>
	<object>
		<name>ref_coin</name>
		<bndbox>
			<xmin>2529</xmin>
			<ymin>1229</ymin>
			<xmax>2735</xmax>
			<ymax>1438</ymax>
		</bndbox>
	</object>
	<object>
		<name>dish</name>
		<bndbox>
			<xmin>954</xmin>
			<ymin>179</ymin>
			<xmax>2490</xmax>
			<ymax>1686</ymax>
		</bndbox>
	</object>
	<object>
		<name>육개장</name>
		<bndbox>
			<xmin>1064</xmin>
			<ymin>377</ymin>
			<xmax>2263</xmax>
			<ymax>1576</ymax>
		</bndbox>
	</object>
</annotation>