<annotation>
	<folder>top국류원형배달육개장q1</folder>
	<filename>top_국류_원형배달_육개장_Q1_00050.JPG</filename>
	<path>/top국류원형배달육개장q1/top_국류_원형배달_육개장_Q1_00050.JPG</path>
	<source>
		<database>fooddata</database>
	</source>
	<size>
		<width>3008</width>
		<height>2000</height>
		<depth>3</depth>
	</size>
	<object>
		<name>ref_spoon</name>
		<bndbox>
			<xmin>482</xmin>
			<ymin>140</ymin>
			<xmax>766</xmax>
			<ymax>573</ymax>
		</bndbox>
	</object>
	<object>
		<name>ref_fork</name>
		<bndbox>
			<xmin>834</xmin>
			<ymin>328</ymin>
			<xmax>1029</xmax>
			<ymax>785</ymax>
		</bndbox>
	</object>
	<object>
		<name>ref_coin</name>
		<bndbox>
			<xmin>1124</xmin>
			<ymin>1640</ymin>
			<xmax>1334</xmax>
			<ymax>1853</ymax>
		</bndbox>
	</object>
	<object>
		<name>dish</name>
		<bndbox>
			<xmin>1163</xmin>
			<ymin>182</ymin>
			<xmax>2639</xmax>
			<ymax>1623</ymax>
		</bndbox>
	</object>
	<object>
		<name>육개장</name>
		<bndbox>
			<xmin>1256</xmin>
			<ymin>381</ymin>
			<xmax>2398</xmax>
			<ymax>1523</ymax>
		</bndbox>
	</object>
</annotation>