<annotation>
	<folder>top국류원형배달육개장q1</folder>
	<filename>top_국류_원형배달_육개장_Q1_00028.JPG</filename>
	<path>/top국류원형배달육개장q1/top_국류_원형배달_육개장_Q1_00028.JPG</path>
	<source>
		<database>fooddata</database>
	</source>
	<size>
		<width>3008</width>
		<height>2000</height>
		<depth>3</depth>
	</size>
	<object>
		<name>ref_spoon</name>
		<bndbox>
			<xmin>660</xmin>
			<ymin>1630</ymin>
			<xmax>1036</xmax>
			<ymax>1892</ymax>
		</bndbox>
	</object>
	<object>
		<name>ref_fork</name>
		<bndbox>
			<xmin>770</xmin>
			<ymin>1392</ymin>
			<xmax>1185</xmax>
			<ymax>1580</ymax>
		</bndbox>
	</object>
	<object>
		<name>ref_coin</name>
		<bndbox>
			<xmin>2242</xmin>
			<ymin>1080</ymin>
			<xmax>2433</xmax>
			<ymax>1254</ymax>
		</bndbox>
	</object>
	<object>
		<name>dish</name>
		<bndbox>
			<xmin>784</xmin>
			<ymin>80</ymin>
			<xmax>2068</xmax>
			<ymax>1328</ymax>
		</bndbox>
	</object>
	<object>
		<name>육개장</name>
		<bndbox>
			<xmin>912</xmin>
			<ymin>232</ymin>
			<xmax>1933</xmax>
			<ymax>1254</ymax>
		</bndbox>
	</object>
</annotation>