<annotation>
	<folder>side국물면류원형배달콩국수q3</folder>
	<filename>side_국물면류_원형배달_콩국수_Q3_00019.JPG</filename>
	<path>/side국물면류원형배달콩국수q3/side_국물면류_원형배달_콩국수_Q3_00019.JPG</path>
	<source>
		<database>fooddata</database>
	</source>
	<size>
		<width>3008</width>
		<height>2000</height>
		<depth>3</depth>
	</size>
	<object>
		<name>ref_spoon</name>
		<bndbox>
			<xmin>617</xmin>
			<ymin>1537</ymin>
			<xmax>1136</xmax>
			<ymax>1812</ymax>
		</bndbox>
	</object>
	<object>
		<name>ref_fork</name>
		<bndbox>
			<xmin>759</xmin>
			<ymin>1266</ymin>
			<xmax>1322</xmax>
			<ymax>1515</ymax>
		</bndbox>
	</object>
	<object>
		<name>ref_coin</name>
		<bndbox>
			<xmin>1952</xmin>
			<ymin>1098</ymin>
			<xmax>2161</xmax>
			<ymax>1257</ymax>
		</bndbox>
	</object>
	<object>
		<name>dish</name>
		<bndbox>
			<xmin>590</xmin>
			<ymin>135</ymin>
			<xmax>1890</xmax>
			<ymax>1257</ymax>
		</bndbox>
	</object>
	<object>
		<name>콩국수</name>
		<bndbox>
			<xmin>688</xmin>
			<ymin>368</ymin>
			<xmax>1797</xmax>
			<ymax>926</ymax>
		</bndbox>
	</object>
</annotation>