<annotation>
	<folder>side국물면류원형배달콩국수q3</folder>
	<filename>side_국물면류_원형배달_콩국수_Q3_00034.JPG</filename>
	<path>/side국물면류원형배달콩국수q3/side_국물면류_원형배달_콩국수_Q3_00034.JPG</path>
	<source>
		<database>fooddata</database>
	</source>
	<size>
		<width>3008</width>
		<height>2000</height>
		<depth>3</depth>
	</size>
	<object>
		<name>ref_spoon</name>
		<bndbox>
			<xmin>466</xmin>
			<ymin>1466</ymin>
			<xmax>1025</xmax>
			<ymax>1763</ymax>
		</bndbox>
	</object>
	<object>
		<name>ref_fork</name>
		<bndbox>
			<xmin>639</xmin>
			<ymin>1186</ymin>
			<xmax>1211</xmax>
			<ymax>1466</ymax>
		</bndbox>
	</object>
	<object>
		<name>ref_coin</name>
		<bndbox>
			<xmin>248</xmin>
			<ymin>698</ymin>
			<xmax>466</xmax>
			<ymax>862</ymax>
		</bndbox>
	</object>
	<object>
		<name>dish</name>
		<bndbox>
			<xmin>865</xmin>
			<ymin>68</ymin>
			<xmax>2209</xmax>
			<ymax>1288</ymax>
		</bndbox>
	</object>
	<object>
		<name>콩국수</name>
		<bndbox>
			<xmin>927</xmin>
			<ymin>312</ymin>
			<xmax>2103</xmax>
			<ymax>955</ymax>
		</bndbox>
	</object>
</annotation>