<annotation>
	<folder>side국물면류원형배달콩국수q3</folder>
	<filename>side_국물면류_원형배달_콩국수_Q3_00002.JPG</filename>
	<path>/side국물면류원형배달콩국수q3/side_국물면류_원형배달_콩국수_Q3_00002.JPG</path>
	<source>
		<database>fooddata</database>
	</source>
	<size>
		<width>3008</width>
		<height>2000</height>
		<depth>3</depth>
	</size>
	<object>
		<name>ref_spoon</name>
		<bndbox>
			<xmin>1868</xmin>
			<ymin>352</ymin>
			<xmax>2125</xmax>
			<ymax>769</ymax>
		</bndbox>
	</object>
	<object>
		<name>ref_fork</name>
		<bndbox>
			<xmin>2276</xmin>
			<ymin>397</ymin>
			<xmax>2462</xmax>
			<ymax>849</ymax>
		</bndbox>
	</object>
	<object>
		<name>ref_coin</name>
		<bndbox>
			<xmin>1455</xmin>
			<ymin>1382</ymin>
			<xmax>1673</xmax>
			<ymax>1559</ymax>
		</bndbox>
	</object>
	<object>
		<name>dish</name>
		<bndbox>
			<xmin>390</xmin>
			<ymin>73</ymin>
			<xmax>1752</xmax>
			<ymax>1284</ymax>
		</bndbox>
	</object>
	<object>
		<name>콩국수</name>
		<bndbox>
			<xmin>484</xmin>
			<ymin>317</ymin>
			<xmax>1659</xmax>
			<ymax>938</ymax>
		</bndbox>
	</object>
</annotation>