<annotation>
	<folder>side국물면류원형배달콩국수q3</folder>
	<filename>side_국물면류_원형배달_콩국수_Q3_00015.JPG</filename>
	<path>/side국물면류원형배달콩국수q3/side_국물면류_원형배달_콩국수_Q3_00015.JPG</path>
	<source>
		<database>fooddata</database>
	</source>
	<size>
		<width>3008</width>
		<height>2000</height>
		<depth>3</depth>
	</size>
	<object>
		<name>ref_spoon</name>
		<bndbox>
			<xmin>1854</xmin>
			<ymin>667</ymin>
			<xmax>2147</xmax>
			<ymax>1155</ymax>
		</bndbox>
	</object>
	<object>
		<name>ref_fork</name>
		<bndbox>
			<xmin>2303</xmin>
			<ymin>738</ymin>
			<xmax>2502</xmax>
			<ymax>1262</ymax>
		</bndbox>
	</object>
	<object>
		<name>ref_coin</name>
		<bndbox>
			<xmin>617</xmin>
			<ymin>299</ymin>
			<xmax>825</xmax>
			<ymax>450</ymax>
		</bndbox>
	</object>
	<object>
		<name>dish</name>
		<bndbox>
			<xmin>240</xmin>
			<ymin>441</ymin>
			<xmax>1770</xmax>
			<ymax>1821</ymax>
		</bndbox>
	</object>
	<object>
		<name>콩국수</name>
		<bndbox>
			<xmin>321</xmin>
			<ymin>701</ymin>
			<xmax>1650</xmax>
			<ymax>1453</ymax>
		</bndbox>
	</object>
</annotation>