<annotation>
	<folder>side국물면류원형배달콩국수q3</folder>
	<filename>side_국물면류_원형배달_콩국수_Q3_00035.JPG</filename>
	<path>/side국물면류원형배달콩국수q3/side_국물면류_원형배달_콩국수_Q3_00035.JPG</path>
	<source>
		<database>fooddata</database>
	</source>
	<size>
		<width>3008</width>
		<height>2000</height>
		<depth>3</depth>
	</size>
	<object>
		<name>ref_spoon</name>
		<bndbox>
			<xmin>315</xmin>
			<ymin>339</ymin>
			<xmax>586</xmax>
			<ymax>725</ymax>
		</bndbox>
	</object>
	<object>
		<name>ref_fork</name>
		<bndbox>
			<xmin>657</xmin>
			<ymin>459</ymin>
			<xmax>852</xmax>
			<ymax>933</ymax>
		</bndbox>
	</object>
	<object>
		<name>ref_coin</name>
		<bndbox>
			<xmin>847</xmin>
			<ymin>1546</ymin>
			<xmax>1078</xmax>
			<ymax>1732</ymax>
		</bndbox>
	</object>
	<object>
		<name>dish</name>
		<bndbox>
			<xmin>1069</xmin>
			<ymin>277</ymin>
			<xmax>2440</xmax>
			<ymax>1515</ymax>
		</bndbox>
	</object>
	<object>
		<name>콩국수</name>
		<bndbox>
			<xmin>1149</xmin>
			<ymin>516</ymin>
			<xmax>2335</xmax>
			<ymax>1183</ymax>
		</bndbox>
	</object>
</annotation>