<annotation>
	<folder>side국물면류원형배달콩국수q3</folder>
	<filename>side_국물면류_원형배달_콩국수_Q3_00026.JPG</filename>
	<path>/side국물면류원형배달콩국수q3/side_국물면류_원형배달_콩국수_Q3_00026.JPG</path>
	<source>
		<database>fooddata</database>
	</source>
	<size>
		<width>3008</width>
		<height>2000</height>
		<depth>3</depth>
	</size>
	<object>
		<name>ref_spoon</name>
		<bndbox>
			<xmin>559</xmin>
			<ymin>1519</ymin>
			<xmax>1091</xmax>
			<ymax>1799</ymax>
		</bndbox>
	</object>
	<object>
		<name>ref_fork</name>
		<bndbox>
			<xmin>728</xmin>
			<ymin>1240</ymin>
			<xmax>1300</xmax>
			<ymax>1506</ymax>
		</bndbox>
	</object>
	<object>
		<name>ref_coin</name>
		<bndbox>
			<xmin>222</xmin>
			<ymin>383</ymin>
			<xmax>421</xmax>
			<ymax>516</ymax>
		</bndbox>
	</object>
	<object>
		<name>dish</name>
		<bndbox>
			<xmin>954</xmin>
			<ymin>108</ymin>
			<xmax>2249</xmax>
			<ymax>1271</ymax>
		</bndbox>
	</object>
	<object>
		<name>콩국수</name>
		<bndbox>
			<xmin>1033</xmin>
			<ymin>347</ymin>
			<xmax>2145</xmax>
			<ymax>943</ymax>
		</bndbox>
	</object>
</annotation>