<annotation>
	<folder>side국물면류원형배달콩국수q3</folder>
	<filename>side_국물면류_원형배달_콩국수_Q3_00001.JPG</filename>
	<path>/side국물면류원형배달콩국수q3/side_국물면류_원형배달_콩국수_Q3_00001.JPG</path>
	<source>
		<database>fooddata</database>
	</source>
	<size>
		<width>3008</width>
		<height>2000</height>
		<depth>3</depth>
	</size>
	<object>
		<name>ref_spoon</name>
		<bndbox>
			<xmin>1899</xmin>
			<ymin>432</ymin>
			<xmax>2169</xmax>
			<ymax>862</ymax>
		</bndbox>
	</object>
	<object>
		<name>ref_fork</name>
		<bndbox>
			<xmin>2311</xmin>
			<ymin>472</ymin>
			<xmax>2502</xmax>
			<ymax>929</ymax>
		</bndbox>
	</object>
	<object>
		<name>ref_coin</name>
		<bndbox>
			<xmin>1185</xmin>
			<ymin>1537</ymin>
			<xmax>1402</xmax>
			<ymax>1723</ymax>
		</bndbox>
	</object>
	<object>
		<name>dish</name>
		<bndbox>
			<xmin>444</xmin>
			<ymin>144</ymin>
			<xmax>1801</xmax>
			<ymax>1359</ymax>
		</bndbox>
	</object>
	<object>
		<name>콩국수</name>
		<bndbox>
			<xmin>528</xmin>
			<ymin>383</ymin>
			<xmax>1708</xmax>
			<ymax>1009</ymax>
		</bndbox>
	</object>
</annotation>