<annotation>
	<folder>side국물면류원형배달콩국수q3</folder>
	<filename>side_국물면류_원형배달_콩국수_Q3_00028.JPG</filename>
	<path>/side국물면류원형배달콩국수q3/side_국물면류_원형배달_콩국수_Q3_00028.JPG</path>
	<source>
		<database>fooddata</database>
	</source>
	<size>
		<width>3008</width>
		<height>2000</height>
		<depth>3</depth>
	</size>
	<object>
		<name>ref_spoon</name>
		<bndbox>
			<xmin>528</xmin>
			<ymin>1488</ymin>
			<xmax>1091</xmax>
			<ymax>1790</ymax>
		</bndbox>
	</object>
	<object>
		<name>ref_fork</name>
		<bndbox>
			<xmin>701</xmin>
			<ymin>1213</ymin>
			<xmax>1278</xmax>
			<ymax>1488</ymax>
		</bndbox>
	</object>
	<object>
		<name>ref_coin</name>
		<bndbox>
			<xmin>333</xmin>
			<ymin>1080</ymin>
			<xmax>550</xmax>
			<ymax>1253</ymax>
		</bndbox>
	</object>
	<object>
		<name>dish</name>
		<bndbox>
			<xmin>958</xmin>
			<ymin>82</ymin>
			<xmax>2303</xmax>
			<ymax>1297</ymax>
		</bndbox>
	</object>
	<object>
		<name>콩국수</name>
		<bndbox>
			<xmin>1034</xmin>
			<ymin>337</ymin>
			<xmax>2196</xmax>
			<ymax>960</ymax>
		</bndbox>
	</object>
</annotation>