<annotation>
	<folder>side국물면류원형배달콩국수q3</folder>
	<filename>side_국물면류_원형배달_콩국수_Q3_00017.JPG</filename>
	<path>/side국물면류원형배달콩국수q3/side_국물면류_원형배달_콩국수_Q3_00017.JPG</path>
	<source>
		<database>fooddata</database>
	</source>
	<size>
		<width>3008</width>
		<height>2000</height>
		<depth>3</depth>
	</size>
	<object>
		<name>ref_spoon</name>
		<bndbox>
			<xmin>1810</xmin>
			<ymin>703</ymin>
			<xmax>2094</xmax>
			<ymax>1160</ymax>
		</bndbox>
	</object>
	<object>
		<name>ref_fork</name>
		<bndbox>
			<xmin>2254</xmin>
			<ymin>769</ymin>
			<xmax>2453</xmax>
			<ymax>1271</ymax>
		</bndbox>
	</object>
	<object>
		<name>ref_coin</name>
		<bndbox>
			<xmin>1677</xmin>
			<ymin>219</ymin>
			<xmax>1877</xmax>
			<ymax>357</ymax>
		</bndbox>
	</object>
	<object>
		<name>dish</name>
		<bndbox>
			<xmin>138</xmin>
			<ymin>476</ymin>
			<xmax>1677</xmax>
			<ymax>1856</ymax>
		</bndbox>
	</object>
	<object>
		<name>콩국수</name>
		<bndbox>
			<xmin>209</xmin>
			<ymin>738</ymin>
			<xmax>1557</xmax>
			<ymax>1488</ymax>
		</bndbox>
	</object>
</annotation>