<annotation>
	<folder>side국물면류원형배달콩국수q3</folder>
	<filename>side_국물면류_원형배달_콩국수_Q3_00048.JPG</filename>
	<path>/side국물면류원형배달콩국수q3/side_국물면류_원형배달_콩국수_Q3_00048.JPG</path>
	<source>
		<database>fooddata</database>
	</source>
	<size>
		<width>3008</width>
		<height>2000</height>
		<depth>3</depth>
	</size>
	<object>
		<name>ref_spoon</name>
		<bndbox>
			<xmin>355</xmin>
			<ymin>348</ymin>
			<xmax>661</xmax>
			<ymax>827</ymax>
		</bndbox>
	</object>
	<object>
		<name>ref_fork</name>
		<bndbox>
			<xmin>714</xmin>
			<ymin>516</ymin>
			<xmax>945</xmax>
			<ymax>1022</ymax>
		</bndbox>
	</object>
	<object>
		<name>ref_coin</name>
		<bndbox>
			<xmin>1158</xmin>
			<ymin>388</ymin>
			<xmax>1375</xmax>
			<ymax>539</ymax>
		</bndbox>
	</object>
	<object>
		<name>dish</name>
		<bndbox>
			<xmin>1202</xmin>
			<ymin>401</ymin>
			<xmax>2742</xmax>
			<ymax>1803</ymax>
		</bndbox>
	</object>
	<object>
		<name>콩국수</name>
		<bndbox>
			<xmin>1283</xmin>
			<ymin>678</ymin>
			<xmax>2595</xmax>
			<ymax>1421</ymax>
		</bndbox>
	</object>
</annotation>