<annotation>
	<folder>side국물면류원형배달콩국수q3</folder>
	<filename>side_국물면류_원형배달_콩국수_Q3_00018.JPG</filename>
	<path>/side국물면류원형배달콩국수q3/side_국물면류_원형배달_콩국수_Q3_00018.JPG</path>
	<source>
		<database>fooddata</database>
	</source>
	<size>
		<width>3008</width>
		<height>2000</height>
		<depth>3</depth>
	</size>
	<object>
		<name>ref_spoon</name>
		<bndbox>
			<xmin>1930</xmin>
			<ymin>654</ymin>
			<xmax>2227</xmax>
			<ymax>1133</ymax>
		</bndbox>
	</object>
	<object>
		<name>ref_fork</name>
		<bndbox>
			<xmin>2382</xmin>
			<ymin>729</ymin>
			<xmax>2582</xmax>
			<ymax>1226</ymax>
		</bndbox>
	</object>
	<object>
		<name>ref_coin</name>
		<bndbox>
			<xmin>2090</xmin>
			<ymin>379</ymin>
			<xmax>2289</xmax>
			<ymax>516</ymax>
		</bndbox>
	</object>
	<object>
		<name>dish</name>
		<bndbox>
			<xmin>182</xmin>
			<ymin>414</ymin>
			<xmax>1726</xmax>
			<ymax>1803</ymax>
		</bndbox>
	</object>
	<object>
		<name>콩국수</name>
		<bndbox>
			<xmin>259</xmin>
			<ymin>683</ymin>
			<xmax>1605</xmax>
			<ymax>1425</ymax>
		</bndbox>
	</object>
</annotation>