<annotation>
	<folder>top국물면류원형배달콩국수q3</folder>
	<filename>top_국물면류_원형배달_콩국수_Q3_00021.JPG</filename>
	<path>/top국물면류원형배달콩국수q3/top_국물면류_원형배달_콩국수_Q3_00021.JPG</path>
	<source>
		<database>fooddata</database>
	</source>
	<size>
		<width>3008</width>
		<height>2000</height>
		<depth>3</depth>
	</size>
	<object>
		<name>ref_spoon</name>
		<bndbox>
			<xmin>682</xmin>
			<ymin>1592</ymin>
			<xmax>1059</xmax>
			<ymax>1840</ymax>
		</bndbox>
	</object>
	<object>
		<name>ref_fork</name>
		<bndbox>
			<xmin>815</xmin>
			<ymin>1361</ymin>
			<xmax>1203</xmax>
			<ymax>1512</ymax>
		</bndbox>
	</object>
	<object>
		<name>ref_coin</name>
		<bndbox>
			<xmin>2026</xmin>
			<ymin>155</ymin>
			<xmax>2183</xmax>
			<ymax>307</ymax>
		</bndbox>
	</object>
	<object>
		<name>dish</name>
		<bndbox>
			<xmin>867</xmin>
			<ymin>105</ymin>
			<xmax>2085</xmax>
			<ymax>1281</ymax>
		</bndbox>
	</object>
	<object>
		<name>콩국수</name>
		<bndbox>
			<xmin>963</xmin>
			<ymin>249</ymin>
			<xmax>1976</xmax>
			<ymax>1229</ymax>
		</bndbox>
	</object>
</annotation>