<annotation>
	<folder>top국물면류원형배달콩국수q3</folder>
	<filename>top_국물면류_원형배달_콩국수_Q3_00012.JPG</filename>
	<path>/top국물면류원형배달콩국수q3/top_국물면류_원형배달_콩국수_Q3_00012.JPG</path>
	<source>
		<database>fooddata</database>
	</source>
	<size>
		<width>3008</width>
		<height>2000</height>
		<depth>3</depth>
	</size>
	<object>
		<name>ref_spoon</name>
		<bndbox>
			<xmin>1889</xmin>
			<ymin>413</ymin>
			<xmax>2138</xmax>
			<ymax>781</ymax>
		</bndbox>
	</object>
	<object>
		<name>ref_fork</name>
		<bndbox>
			<xmin>2217</xmin>
			<ymin>418</ymin>
			<xmax>2382</xmax>
			<ymax>811</ymax>
		</bndbox>
	</object>
	<object>
		<name>ref_coin</name>
		<bndbox>
			<xmin>2029</xmin>
			<ymin>135</ymin>
			<xmax>2199</xmax>
			<ymax>306</ymax>
		</bndbox>
	</object>
	<object>
		<name>dish</name>
		<bndbox>
			<xmin>338</xmin>
			<ymin>524</ymin>
			<xmax>1698</xmax>
			<ymax>1859</ymax>
		</bndbox>
	</object>
	<object>
		<name>콩국수</name>
		<bndbox>
			<xmin>482</xmin>
			<ymin>642</ymin>
			<xmax>1601</xmax>
			<ymax>1751</ymax>
		</bndbox>
	</object>
</annotation>