<annotation>
	<folder>top국물면류원형배달콩국수q3</folder>
	<filename>top_국물면류_원형배달_콩국수_Q3_00032.JPG</filename>
	<path>/top국물면류원형배달콩국수q3/top_국물면류_원형배달_콩국수_Q3_00032.JPG</path>
	<source>
		<database>fooddata</database>
	</source>
	<size>
		<width>3008</width>
		<height>2000</height>
		<depth>3</depth>
	</size>
	<object>
		<name>ref_spoon</name>
		<bndbox>
			<xmin>572</xmin>
			<ymin>1626</ymin>
			<xmax>970</xmax>
			<ymax>1886</ymax>
		</bndbox>
	</object>
	<object>
		<name>ref_fork</name>
		<bndbox>
			<xmin>716</xmin>
			<ymin>1398</ymin>
			<xmax>1119</xmax>
			<ymax>1563</ymax>
		</bndbox>
	</object>
	<object>
		<name>ref_coin</name>
		<bndbox>
			<xmin>621</xmin>
			<ymin>130</ymin>
			<xmax>792</xmax>
			<ymax>294</ymax>
		</bndbox>
	</object>
	<object>
		<name>dish</name>
		<bndbox>
			<xmin>880</xmin>
			<ymin>65</ymin>
			<xmax>2102</xmax>
			<ymax>1273</ymax>
		</bndbox>
	</object>
	<object>
		<name>콩국수</name>
		<bndbox>
			<xmin>970</xmin>
			<ymin>219</ymin>
			<xmax>1969</xmax>
			<ymax>1222</ymax>
		</bndbox>
	</object>
</annotation>