<annotation>
	<folder>top국물면류원형배달콩국수q3</folder>
	<filename>top_국물면류_원형배달_콩국수_Q3_00049.JPG</filename>
	<path>/top국물면류원형배달콩국수q3/top_국물면류_원형배달_콩국수_Q3_00049.JPG</path>
	<source>
		<database>fooddata</database>
	</source>
	<size>
		<width>3008</width>
		<height>2000</height>
		<depth>3</depth>
	</size>
	<object>
		<name>ref_spoon</name>
		<bndbox>
			<xmin>378</xmin>
			<ymin>112</ymin>
			<xmax>642</xmax>
			<ymax>518</ymax>
		</bndbox>
	</object>
	<object>
		<name>ref_fork</name>
		<bndbox>
			<xmin>742</xmin>
			<ymin>222</ymin>
			<xmax>920</xmax>
			<ymax>652</ymax>
		</bndbox>
	</object>
	<object>
		<name>ref_coin</name>
		<bndbox>
			<xmin>1332</xmin>
			<ymin>1646</ymin>
			<xmax>1524</xmax>
			<ymax>1851</ymax>
		</bndbox>
	</object>
	<object>
		<name>dish</name>
		<bndbox>
			<xmin>1039</xmin>
			<ymin>118</ymin>
			<xmax>2416</xmax>
			<ymax>1472</ymax>
		</bndbox>
	</object>
	<object>
		<name>콩국수</name>
		<bndbox>
			<xmin>1119</xmin>
			<ymin>284</ymin>
			<xmax>2267</xmax>
			<ymax>1396</ymax>
		</bndbox>
	</object>
</annotation>