<annotation>
	<folder>top국물면류원형배달콩국수q3</folder>
	<filename>top_국물면류_원형배달_콩국수_Q3_00041.JPG</filename>
	<path>/top국물면류원형배달콩국수q3/top_국물면류_원형배달_콩국수_Q3_00041.JPG</path>
	<source>
		<database>fooddata</database>
	</source>
	<size>
		<width>3008</width>
		<height>2000</height>
		<depth>3</depth>
	</size>
	<object>
		<name>ref_spoon</name>
		<bndbox>
			<xmin>383</xmin>
			<ymin>423</ymin>
			<xmax>656</xmax>
			<ymax>821</ymax>
		</bndbox>
	</object>
	<object>
		<name>ref_fork</name>
		<bndbox>
			<xmin>761</xmin>
			<ymin>518</ymin>
			<xmax>936</xmax>
			<ymax>925</ymax>
		</bndbox>
	</object>
	<object>
		<name>ref_coin</name>
		<bndbox>
			<xmin>980</xmin>
			<ymin>171</ymin>
			<xmax>1158</xmax>
			<ymax>349</ymax>
		</bndbox>
	</object>
	<object>
		<name>dish</name>
		<bndbox>
			<xmin>1144</xmin>
			<ymin>434</ymin>
			<xmax>2539</xmax>
			<ymax>1808</ymax>
		</bndbox>
	</object>
	<object>
		<name>콩국수</name>
		<bndbox>
			<xmin>1223</xmin>
			<ymin>569</ymin>
			<xmax>2382</xmax>
			<ymax>1736</ymax>
		</bndbox>
	</object>
</annotation>