<annotation>
	<folder>side육류부피배달종이박스닭튀김q3</folder>
	<filename>side_육류부피_배달종이박스_닭튀김_Q3_00019.JPG</filename>
	<path>/side육류부피배달종이박스닭튀김q3/side_육류부피_배달종이박스_닭튀김_Q3_00019.JPG</path>
	<source>
		<database>fooddata</database>
	</source>
	<size>
		<width>3008</width>
		<height>2000</height>
		<depth>3</depth>
	</size>
	<object>
		<name>ref_spoon</name>
		<bndbox>
			<xmin>638</xmin>
			<ymin>1653</ymin>
			<xmax>1076</xmax>
			<ymax>1915</ymax>
		</bndbox>
	</object>
	<object>
		<name>ref_fork</name>
		<bndbox>
			<xmin>720</xmin>
			<ymin>1415</ymin>
			<xmax>1166</xmax>
			<ymax>1661</ymax>
		</bndbox>
	</object>
	<object>
		<name>ref_coin</name>
		<bndbox>
			<xmin>2312</xmin>
			<ymin>1039</ymin>
			<xmax>2521</xmax>
			<ymax>1182</ymax>
		</bndbox>
	</object>
	<object>
		<name>dish</name>
		<bndbox>
			<xmin>765</xmin>
			<ymin>85</ymin>
			<xmax>2067</xmax>
			<ymax>1403</ymax>
		</bndbox>
	</object>
	<object>
		<name>닭튀김</name>
		<bndbox>
			<xmin>1060</xmin>
			<ymin>478</ymin>
			<xmax>1690</xmax>
			<ymax>1002</ymax>
		</bndbox>
	</object>
</annotation>