<annotation>
	<folder>side육류부피배달종이박스닭튀김q3</folder>
	<filename>side_육류부피_배달종이박스_닭튀김_Q3_00038.JPG</filename>
	<path>/side육류부피배달종이박스닭튀김q3/side_육류부피_배달종이박스_닭튀김_Q3_00038.JPG</path>
	<source>
		<database>fooddata</database>
	</source>
	<size>
		<width>3008</width>
		<height>2000</height>
		<depth>3</depth>
	</size>
	<object>
		<name>ref_spoon</name>
		<bndbox>
			<xmin>209</xmin>
			<ymin>552</ymin>
			<xmax>491</xmax>
			<ymax>887</ymax>
		</bndbox>
	</object>
	<object>
		<name>ref_fork</name>
		<bndbox>
			<xmin>581</xmin>
			<ymin>556</ymin>
			<xmax>769</xmax>
			<ymax>937</ymax>
		</bndbox>
	</object>
	<object>
		<name>ref_coin</name>
		<bndbox>
			<xmin>2660</xmin>
			<ymin>965</ymin>
			<xmax>2869</xmax>
			<ymax>1113</ymax>
		</bndbox>
	</object>
	<object>
		<name>dish</name>
		<bndbox>
			<xmin>1003</xmin>
			<ymin>376</ymin>
			<xmax>2390</xmax>
			<ymax>1448</ymax>
		</bndbox>
	</object>
	<object>
		<name>닭튀김</name>
		<bndbox>
			<xmin>1117</xmin>
			<ymin>646</ymin>
			<xmax>2165</xmax>
			<ymax>1059</ymax>
		</bndbox>
	</object>
</annotation>