<annotation>
	<folder>side육류부피배달종이박스닭튀김q3</folder>
	<filename>side_육류부피_배달종이박스_닭튀김_Q3_00052.JPG</filename>
	<path>/side육류부피배달종이박스닭튀김q3/side_육류부피_배달종이박스_닭튀김_Q3_00052.JPG</path>
	<source>
		<database>fooddata</database>
	</source>
	<size>
		<width>3008</width>
		<height>2000</height>
		<depth>3</depth>
	</size>
	<object>
		<name>ref_spoon</name>
		<bndbox>
			<xmin>458</xmin>
			<ymin>707</ymin>
			<xmax>733</xmax>
			<ymax>1047</ymax>
		</bndbox>
	</object>
	<object>
		<name>ref_fork</name>
		<bndbox>
			<xmin>839</xmin>
			<ymin>691</ymin>
			<xmax>1019</xmax>
			<ymax>1068</ymax>
		</bndbox>
	</object>
	<object>
		<name>ref_coin</name>
		<bndbox>
			<xmin>2222</xmin>
			<ymin>188</ymin>
			<xmax>2415</xmax>
			<ymax>323</ymax>
		</bndbox>
	</object>
	<object>
		<name>dish</name>
		<bndbox>
			<xmin>1064</xmin>
			<ymin>233</ymin>
			<xmax>2619</xmax>
			<ymax>1591</ymax>
		</bndbox>
	</object>
	<object>
		<name>닭튀김</name>
		<bndbox>
			<xmin>1391</xmin>
			<ymin>605</ymin>
			<xmax>2263</xmax>
			<ymax>1125</ymax>
		</bndbox>
	</object>
</annotation>