<annotation>
	<folder>side육류부피배달종이박스닭튀김q3</folder>
	<filename>side_육류부피_배달종이박스_닭튀김_Q3_00013.JPG</filename>
	<path>/side육류부피배달종이박스닭튀김q3/side_육류부피_배달종이박스_닭튀김_Q3_00013.JPG</path>
	<source>
		<database>fooddata</database>
	</source>
	<size>
		<width>3008</width>
		<height>2000</height>
		<depth>3</depth>
	</size>
	<object>
		<name>ref_spoon</name>
		<bndbox>
			<xmin>2030</xmin>
			<ymin>437</ymin>
			<xmax>2300</xmax>
			<ymax>752</ymax>
		</bndbox>
	</object>
	<object>
		<name>ref_fork</name>
		<bndbox>
			<xmin>2464</xmin>
			<ymin>425</ymin>
			<xmax>2660</xmax>
			<ymax>785</ymax>
		</bndbox>
	</object>
	<object>
		<name>ref_coin</name>
		<bndbox>
			<xmin>139</xmin>
			<ymin>1444</ymin>
			<xmax>368</xmax>
			<ymax>1616</ymax>
		</bndbox>
	</object>
	<object>
		<name>dish</name>
		<bndbox>
			<xmin>737</xmin>
			<ymin>302</ymin>
			<xmax>1809</xmax>
			<ymax>1559</ymax>
		</bndbox>
	</object>
	<object>
		<name>닭튀김</name>
		<bndbox>
			<xmin>937</xmin>
			<ymin>503</ymin>
			<xmax>1731</xmax>
			<ymax>1113</ymax>
		</bndbox>
	</object>
</annotation>