<annotation>
	<folder>side육류부피배달종이박스닭튀김q3</folder>
	<filename>side_육류부피_배달종이박스_닭튀김_Q3_00048.JPG</filename>
	<path>/side육류부피배달종이박스닭튀김q3/side_육류부피_배달종이박스_닭튀김_Q3_00048.JPG</path>
	<source>
		<database>fooddata</database>
	</source>
	<size>
		<width>3008</width>
		<height>2000</height>
		<depth>3</depth>
	</size>
	<object>
		<name>ref_spoon</name>
		<bndbox>
			<xmin>209</xmin>
			<ymin>687</ymin>
			<xmax>495</xmax>
			<ymax>1063</ymax>
		</bndbox>
	</object>
	<object>
		<name>ref_fork</name>
		<bndbox>
			<xmin>606</xmin>
			<ymin>675</ymin>
			<xmax>806</xmax>
			<ymax>1080</ymax>
		</bndbox>
	</object>
	<object>
		<name>ref_coin</name>
		<bndbox>
			<xmin>2124</xmin>
			<ymin>200</ymin>
			<xmax>2329</xmax>
			<ymax>335</ymax>
		</bndbox>
	</object>
	<object>
		<name>dish</name>
		<bndbox>
			<xmin>843</xmin>
			<ymin>208</ymin>
			<xmax>2537</xmax>
			<ymax>1669</ymax>
		</bndbox>
	</object>
	<object>
		<name>닭튀김</name>
		<bndbox>
			<xmin>1044</xmin>
			<ymin>581</ymin>
			<xmax>2218</xmax>
			<ymax>1170</ymax>
		</bndbox>
	</object>
</annotation>