<annotation>
	<folder>side육류부피배달종이박스닭튀김q3</folder>
	<filename>side_육류부피_배달종이박스_닭튀김_Q3_00024.JPG</filename>
	<path>/side육류부피배달종이박스닭튀김q3/side_육류부피_배달종이박스_닭튀김_Q3_00024.JPG</path>
	<source>
		<database>fooddata</database>
	</source>
	<size>
		<width>3008</width>
		<height>2000</height>
		<depth>3</depth>
	</size>
	<object>
		<name>ref_spoon</name>
		<bndbox>
			<xmin>393</xmin>
			<ymin>1661</ymin>
			<xmax>835</xmax>
			<ymax>1906</ymax>
		</bndbox>
	</object>
	<object>
		<name>ref_fork</name>
		<bndbox>
			<xmin>454</xmin>
			<ymin>1424</ymin>
			<xmax>917</xmax>
			<ymax>1628</ymax>
		</bndbox>
	</object>
	<object>
		<name>ref_coin</name>
		<bndbox>
			<xmin>1220</xmin>
			<ymin>3</ymin>
			<xmax>1404</xmax>
			<ymax>118</ymax>
		</bndbox>
	</object>
	<object>
		<name>dish</name>
		<bndbox>
			<xmin>663</xmin>
			<ymin>122</ymin>
			<xmax>2079</xmax>
			<ymax>1264</ymax>
		</bndbox>
	</object>
	<object>
		<name>닭튀김</name>
		<bndbox>
			<xmin>810</xmin>
			<ymin>421</ymin>
			<xmax>1829</xmax>
			<ymax>838</ymax>
		</bndbox>
	</object>
</annotation>