<annotation>
	<folder>side육류부피배달종이박스닭튀김q3</folder>
	<filename>side_육류부피_배달종이박스_닭튀김_Q3_00014.JPG</filename>
	<path>/side육류부피배달종이박스닭튀김q3/side_육류부피_배달종이박스_닭튀김_Q3_00014.JPG</path>
	<source>
		<database>fooddata</database>
	</source>
	<size>
		<width>3008</width>
		<height>2000</height>
		<depth>3</depth>
	</size>
	<object>
		<name>ref_spoon</name>
		<bndbox>
			<xmin>1964</xmin>
			<ymin>417</ymin>
			<xmax>2230</xmax>
			<ymax>736</ymax>
		</bndbox>
	</object>
	<object>
		<name>ref_fork</name>
		<bndbox>
			<xmin>2386</xmin>
			<ymin>425</ymin>
			<xmax>2566</xmax>
			<ymax>793</ymax>
		</bndbox>
	</object>
	<object>
		<name>ref_coin</name>
		<bndbox>
			<xmin>462</xmin>
			<ymin>1571</ymin>
			<xmax>692</xmax>
			<ymax>1739</ymax>
		</bndbox>
	</object>
	<object>
		<name>dish</name>
		<bndbox>
			<xmin>479</xmin>
			<ymin>175</ymin>
			<xmax>1899</xmax>
			<ymax>1542</ymax>
		</bndbox>
	</object>
	<object>
		<name>닭튀김</name>
		<bndbox>
			<xmin>786</xmin>
			<ymin>454</ymin>
			<xmax>1641</xmax>
			<ymax>1055</ymax>
		</bndbox>
	</object>
</annotation>