<annotation>
	<folder>top육류부피배달종이박스닭튀김q3</folder>
	<filename>top_육류부피_배달종이박스_닭튀김_Q3_00019.JPG</filename>
	<path>/top육류부피배달종이박스닭튀김q3/top_육류부피_배달종이박스_닭튀김_Q3_00019.JPG</path>
	<source>
		<database>fooddata</database>
	</source>
	<size>
		<width>3008</width>
		<height>2000</height>
		<depth>3</depth>
	</size>
	<object>
		<name>ref_spoon</name>
		<bndbox>
			<xmin>991</xmin>
			<ymin>1620</ymin>
			<xmax>1341</xmax>
			<ymax>1867</ymax>
		</bndbox>
	</object>
	<object>
		<name>ref_fork</name>
		<bndbox>
			<xmin>1011</xmin>
			<ymin>1404</ymin>
			<xmax>1402</xmax>
			<ymax>1572</ymax>
		</bndbox>
	</object>
	<object>
		<name>ref_coin</name>
		<bndbox>
			<xmin>2204</xmin>
			<ymin>510</ymin>
			<xmax>2373</xmax>
			<ymax>674</ymax>
		</bndbox>
	</object>
	<object>
		<name>dish</name>
		<bndbox>
			<xmin>955</xmin>
			<ymin>73</ymin>
			<xmax>2149</xmax>
			<ymax>1277</ymax>
		</bndbox>
	</object>
	<object>
		<name>닭튀김</name>
		<bndbox>
			<xmin>1188</xmin>
			<ymin>317</ymin>
			<xmax>1900</xmax>
			<ymax>1017</ymax>
		</bndbox>
	</object>
</annotation>