<annotation>
	<folder>top육류부피배달종이박스닭튀김q3</folder>
	<filename>top_육류부피_배달종이박스_닭튀김_Q3_00053.JPG</filename>
	<path>/top육류부피배달종이박스닭튀김q3/top_육류부피_배달종이박스_닭튀김_Q3_00053.JPG</path>
	<source>
		<database>fooddata</database>
	</source>
	<size>
		<width>3008</width>
		<height>2000</height>
		<depth>3</depth>
	</size>
	<object>
		<name>ref_spoon</name>
		<bndbox>
			<xmin>476</xmin>
			<ymin>500</ymin>
			<xmax>767</xmax>
			<ymax>912</ymax>
		</bndbox>
	</object>
	<object>
		<name>ref_fork</name>
		<bndbox>
			<xmin>807</xmin>
			<ymin>515</ymin>
			<xmax>1011</xmax>
			<ymax>982</ymax>
		</bndbox>
	</object>
	<object>
		<name>ref_coin</name>
		<bndbox>
			<xmin>1687</xmin>
			<ymin>1475</ymin>
			<xmax>1890</xmax>
			<ymax>1678</ymax>
		</bndbox>
	</object>
	<object>
		<name>dish</name>
		<bndbox>
			<xmin>1225</xmin>
			<ymin>334</ymin>
			<xmax>2556</xmax>
			<ymax>1323</ymax>
		</bndbox>
	</object>
	<object>
		<name>닭튀김</name>
		<bndbox>
			<xmin>1301</xmin>
			<ymin>652</ymin>
			<xmax>2248</xmax>
			<ymax>1252</ymax>
		</bndbox>
	</object>
</annotation>