<annotation>
	<folder>top육류부피배달종이박스닭튀김q3</folder>
	<filename>top_육류부피_배달종이박스_닭튀김_Q3_00004.JPG</filename>
	<path>/top육류부피배달종이박스닭튀김q3/top_육류부피_배달종이박스_닭튀김_Q3_00004.JPG</path>
	<source>
		<database>fooddata</database>
	</source>
	<size>
		<width>3008</width>
		<height>2000</height>
		<depth>3</depth>
	</size>
	<object>
		<name>ref_spoon</name>
		<bndbox>
			<xmin>1961</xmin>
			<ymin>291</ymin>
			<xmax>2234</xmax>
			<ymax>705</ymax>
		</bndbox>
	</object>
	<object>
		<name>ref_fork</name>
		<bndbox>
			<xmin>2284</xmin>
			<ymin>284</ymin>
			<xmax>2473</xmax>
			<ymax>733</ymax>
		</bndbox>
	</object>
	<object>
		<name>ref_coin</name>
		<bndbox>
			<xmin>1321</xmin>
			<ymin>1725</ymin>
			<xmax>1537</xmax>
			<ymax>1937</ymax>
		</bndbox>
	</object>
	<object>
		<name>dish</name>
		<bndbox>
			<xmin>681</xmin>
			<ymin>195</ymin>
			<xmax>1824</xmax>
			<ymax>1607</ymax>
		</bndbox>
	</object>
	<object>
		<name>닭튀김</name>
		<bndbox>
			<xmin>907</xmin>
			<ymin>472</ymin>
			<xmax>1697</xmax>
			<ymax>1465</ymax>
		</bndbox>
	</object>
</annotation>