<annotation>
	<folder>top육류부피배달종이박스닭튀김q3</folder>
	<filename>top_육류부피_배달종이박스_닭튀김_Q3_00020.JPG</filename>
	<path>/top육류부피배달종이박스닭튀김q3/top_육류부피_배달종이박스_닭튀김_Q3_00020.JPG</path>
	<source>
		<database>fooddata</database>
	</source>
	<size>
		<width>3008</width>
		<height>2000</height>
		<depth>3</depth>
	</size>
	<object>
		<name>ref_spoon</name>
		<bndbox>
			<xmin>849</xmin>
			<ymin>1516</ymin>
			<xmax>1197</xmax>
			<ymax>1755</ymax>
		</bndbox>
	</object>
	<object>
		<name>ref_fork</name>
		<bndbox>
			<xmin>885</xmin>
			<ymin>1302</ymin>
			<xmax>1270</xmax>
			<ymax>1470</ymax>
		</bndbox>
	</object>
	<object>
		<name>ref_coin</name>
		<bndbox>
			<xmin>2124</xmin>
			<ymin>342</ymin>
			<xmax>2286</xmax>
			<ymax>509</ymax>
		</bndbox>
	</object>
	<object>
		<name>dish</name>
		<bndbox>
			<xmin>950</xmin>
			<ymin>103</ymin>
			<xmax>2185</xmax>
			<ymax>1185</ymax>
		</bndbox>
	</object>
	<object>
		<name>닭튀김</name>
		<bndbox>
			<xmin>1118</xmin>
			<ymin>312</ymin>
			<xmax>1961</xmax>
			<ymax>1008</ymax>
		</bndbox>
	</object>
</annotation>