<annotation>
	<folder>side육류부피접시오징어볶음q4</folder>
	<filename>side_육류부피_접시_오징어볶음_Q4_00026.JPG</filename>
	<path>/side육류부피접시오징어볶음q4/side_육류부피_접시_오징어볶음_Q4_00026.JPG</path>
	<source>
		<database>fooddata</database>
	</source>
	<size>
		<width>720</width>
		<height>480</height>
		<depth>3</depth>
	</size>
	<object>
		<name>ref_spoon</name>
		<bndbox>
			<xmin>146</xmin>
			<ymin>78</ymin>
			<xmax>217</xmax>
			<ymax>175</ymax>
		</bndbox>
	</object>
	<object>
		<name>ref_fork</name>
		<bndbox>
			<xmin>237</xmin>
			<ymin>86</ymin>
			<xmax>282</xmax>
			<ymax>198</ymax>
		</bndbox>
	</object>
	<object>
		<name>ref_coin</name>
		<bndbox>
			<xmin>582</xmin>
			<ymin>354</ymin>
			<xmax>639</xmax>
			<ymax>400</ymax>
		</bndbox>
	</object>
	<object>
		<name>dish</name>
		<bndbox>
			<xmin>291</xmin>
			<ymin>75</ymin>
			<xmax>650</xmax>
			<ymax>333</ymax>
		</bndbox>
	</object>
	<object>
		<name>오징어볶음</name>
		<bndbox>
			<xmin>351</xmin>
			<ymin>125</ymin>
			<xmax>602</xmax>
			<ymax>307</ymax>
		</bndbox>
	</object>
</annotation>