<annotation>
	<folder>side육류부피접시오징어볶음q4</folder>
	<filename>side_육류부피_접시_오징어볶음_Q4_00049.JPG</filename>
	<path>/side육류부피접시오징어볶음q4/side_육류부피_접시_오징어볶음_Q4_00049.JPG</path>
	<source>
		<database>fooddata</database>
	</source>
	<size>
		<width>720</width>
		<height>480</height>
		<depth>3</depth>
	</size>
	<object>
		<name>ref_spoon</name>
		<bndbox>
			<xmin>137</xmin>
			<ymin>117</ymin>
			<xmax>200</xmax>
			<ymax>208</ymax>
		</bndbox>
	</object>
	<object>
		<name>ref_fork</name>
		<bndbox>
			<xmin>220</xmin>
			<ymin>123</ymin>
			<xmax>263</xmax>
			<ymax>223</ymax>
		</bndbox>
	</object>
	<object>
		<name>ref_coin</name>
		<bndbox>
			<xmin>566</xmin>
			<ymin>350</ymin>
			<xmax>616</xmax>
			<ymax>390</ymax>
		</bndbox>
	</object>
	<object>
		<name>dish</name>
		<bndbox>
			<xmin>270</xmin>
			<ymin>113</ymin>
			<xmax>598</xmax>
			<ymax>351</ymax>
		</bndbox>
	</object>
	<object>
		<name>오징어볶음</name>
		<bndbox>
			<xmin>290</xmin>
			<ymin>150</ymin>
			<xmax>580</xmax>
			<ymax>331</ymax>
		</bndbox>
	</object>
</annotation>