<annotation>
	<folder>side육류부피접시오징어볶음q4</folder>
	<filename>side_육류부피_접시_오징어볶음_Q4_00019.JPG</filename>
	<path>/side육류부피접시오징어볶음q4/side_육류부피_접시_오징어볶음_Q4_00019.JPG</path>
	<source>
		<database>fooddata</database>
	</source>
	<size>
		<width>5472</width>
		<height>3648</height>
		<depth>3</depth>
	</size>
	<object>
		<name>ref_spoon</name>
		<bndbox>
			<xmin>1305</xmin>
			<ymin>2801</ymin>
			<xmax>2212</xmax>
			<ymax>3255</ymax>
		</bndbox>
	</object>
	<object>
		<name>ref_fork</name>
		<bndbox>
			<xmin>1529</xmin>
			<ymin>2338</ymin>
			<xmax>2376</xmax>
			<ymax>2703</ymax>
		</bndbox>
	</object>
	<object>
		<name>ref_coin</name>
		<bndbox>
			<xmin>2993</xmin>
			<ymin>253</ymin>
			<xmax>3293</xmax>
			<ymax>463</ymax>
		</bndbox>
	</object>
	<object>
		<name>dish</name>
		<bndbox>
			<xmin>1529</xmin>
			<ymin>589</ymin>
			<xmax>3830</xmax>
			<ymax>2250</ymax>
		</bndbox>
	</object>
	<object>
		<name>오징어볶음</name>
		<bndbox>
			<xmin>2053</xmin>
			<ymin>907</ymin>
			<xmax>3554</xmax>
			<ymax>2063</ymax>
		</bndbox>
	</object>
</annotation>