<annotation>
	<folder>side육류부피접시오징어볶음q4</folder>
	<filename>side_육류부피_접시_오징어볶음_Q4_00018.JPG</filename>
	<path>/side육류부피접시오징어볶음q4/side_육류부피_접시_오징어볶음_Q4_00018.JPG</path>
	<source>
		<database>fooddata</database>
	</source>
	<size>
		<width>5472</width>
		<height>3648</height>
		<depth>3</depth>
	</size>
	<object>
		<name>ref_spoon</name>
		<bndbox>
			<xmin>1497</xmin>
			<ymin>2661</ymin>
			<xmax>2371</xmax>
			<ymax>3138</ymax>
		</bndbox>
	</object>
	<object>
		<name>ref_fork</name>
		<bndbox>
			<xmin>1735</xmin>
			<ymin>2179</ymin>
			<xmax>2717</xmax>
			<ymax>2582</ymax>
		</bndbox>
	</object>
	<object>
		<name>ref_coin</name>
		<bndbox>
			<xmin>3718</xmin>
			<ymin>196</ymin>
			<xmax>4055</xmax>
			<ymax>435</ymax>
		</bndbox>
	</object>
	<object>
		<name>dish</name>
		<bndbox>
			<xmin>1768</xmin>
			<ymin>304</ymin>
			<xmax>4200</xmax>
			<ymax>2081</ymax>
		</bndbox>
	</object>
	<object>
		<name>오징어볶음</name>
		<bndbox>
			<xmin>2240</xmin>
			<ymin>585</ymin>
			<xmax>3784</xmax>
			<ymax>1815</ymax>
		</bndbox>
	</object>
</annotation>