<annotation>
	<folder>side육류부피접시오징어볶음q4</folder>
	<filename>side_육류부피_접시_오징어볶음_Q4_00036.JPG</filename>
	<path>/side육류부피접시오징어볶음q4/side_육류부피_접시_오징어볶음_Q4_00036.JPG</path>
	<source>
		<database>fooddata</database>
	</source>
	<size>
		<width>720</width>
		<height>480</height>
		<depth>3</depth>
	</size>
	<object>
		<name>ref_spoon</name>
		<bndbox>
			<xmin>154</xmin>
			<ymin>170</ymin>
			<xmax>223</xmax>
			<ymax>271</ymax>
		</bndbox>
	</object>
	<object>
		<name>ref_fork</name>
		<bndbox>
			<xmin>242</xmin>
			<ymin>181</ymin>
			<xmax>291</xmax>
			<ymax>284</ymax>
		</bndbox>
	</object>
	<object>
		<name>ref_coin</name>
		<bndbox>
			<xmin>382</xmin>
			<ymin>105</ymin>
			<xmax>429</xmax>
			<ymax>141</ymax>
		</bndbox>
	</object>
	<object>
		<name>dish</name>
		<bndbox>
			<xmin>297</xmin>
			<ymin>173</ymin>
			<xmax>662</xmax>
			<ymax>445</ymax>
		</bndbox>
	</object>
	<object>
		<name>오징어볶음</name>
		<bndbox>
			<xmin>332</xmin>
			<ymin>211</ymin>
			<xmax>633</xmax>
			<ymax>421</ymax>
		</bndbox>
	</object>
</annotation>