<annotation>
	<folder>재작업2</folder>
	<filename>side_육류부피_접시_오징어볶음_Q4_00008.JPG</filename>
	<path>/side육류부피접시오징어볶음q4/side_육류부피_접시_오징어볶음_Q4_00008.JPG</path>
	<source>
		<database>fooddata</database>
	</source>
	<size>
		<width>5472</width>
		<height>3648</height>
		<depth>3</depth>
	</size>
	<object>
		<name>ref_spoon</name>
		<bndbox>
			<xmin>3711</xmin>
			<ymin>667</ymin>
			<xmax>4182</xmax>
			<ymax>1250</ymax>
		</bndbox>
	</object>
	<object>
		<name>ref_fork</name>
		<bndbox>
			<xmin>4331</xmin>
			<ymin>746</ymin>
			<xmax>4667</xmax>
			<ymax>1418</ymax>
		</bndbox>
	</object>
	<object>
		<name>ref_coin</name>
		<bndbox>
			<xmin>404</xmin>
			<ymin>1106</ymin>
			<xmax>767</xmax>
			<ymax>1376</ymax>
		</bndbox>
	</object>
	<object>
		<name>dish</name>
		<bndbox>
			<xmin>1220</xmin>
			<ymin>760</ymin>
			<xmax>3711</xmax>
			<ymax>2584</ymax>
		</bndbox>
	</object>
	<object>
		<name>오징어볶음</name>
		<bndbox>
			<xmin>1719</xmin>
			<ymin>1106</ymin>
			<xmax>3207</xmax>
			<ymax>2323</ymax>
		</bndbox>
	</object>
</annotation>