<annotation>
	<folder>side육류부피접시오징어볶음q4</folder>
	<filename>side_육류부피_접시_오징어볶음_Q4_00039.JPG</filename>
	<path>/side육류부피접시오징어볶음q4/side_육류부피_접시_오징어볶음_Q4_00039.JPG</path>
	<source>
		<database>fooddata</database>
	</source>
	<size>
		<width>720</width>
		<height>480</height>
		<depth>3</depth>
	</size>
	<object>
		<name>ref_spoon</name>
		<bndbox>
			<xmin>140</xmin>
			<ymin>166</ymin>
			<xmax>209</xmax>
			<ymax>273</ymax>
		</bndbox>
	</object>
	<object>
		<name>ref_fork</name>
		<bndbox>
			<xmin>228</xmin>
			<ymin>175</ymin>
			<xmax>276</xmax>
			<ymax>289</ymax>
		</bndbox>
	</object>
	<object>
		<name>ref_coin</name>
		<bndbox>
			<xmin>366</xmin>
			<ymin>128</ymin>
			<xmax>414</xmax>
			<ymax>162</ymax>
		</bndbox>
	</object>
	<object>
		<name>dish</name>
		<bndbox>
			<xmin>281</xmin>
			<ymin>174</ymin>
			<xmax>648</xmax>
			<ymax>447</ymax>
		</bndbox>
	</object>
	<object>
		<name>오징어볶음</name>
		<bndbox>
			<xmin>319</xmin>
			<ymin>210</ymin>
			<xmax>623</xmax>
			<ymax>422</ymax>
		</bndbox>
	</object>
</annotation>