<annotation>
	<folder>top육류부피접시오징어볶음q4</folder>
	<filename>top_육류부피_접시_오징어볶음_Q4_00044.JPG</filename>
	<path>/top육류부피접시오징어볶음q4/top_육류부피_접시_오징어볶음_Q4_00044.JPG</path>
	<source>
		<database>fooddata</database>
	</source>
	<size>
		<width>5472</width>
		<height>3648</height>
		<depth>3</depth>
	</size>
	<object>
		<name>ref_spoon</name>
		<bndbox>
			<xmin>1029</xmin>
			<ymin>556</ymin>
			<xmax>1472</xmax>
			<ymax>1327</ymax>
		</bndbox>
	</object>
	<object>
		<name>ref_fork</name>
		<bndbox>
			<xmin>1638</xmin>
			<ymin>668</ymin>
			<xmax>1925</xmax>
			<ymax>1448</ymax>
		</bndbox>
	</object>
	<object>
		<name>ref_coin</name>
		<bndbox>
			<xmin>3870</xmin>
			<ymin>2797</ymin>
			<xmax>4219</xmax>
			<ymax>3137</ymax>
		</bndbox>
	</object>
	<object>
		<name>dish</name>
		<bndbox>
			<xmin>1988</xmin>
			<ymin>605</ymin>
			<xmax>4372</xmax>
			<ymax>2989</ymax>
		</bndbox>
	</object>
	<object>
		<name>오징어볶음</name>
		<bndbox>
			<xmin>2315</xmin>
			<ymin>941</ymin>
			<xmax>4040</xmax>
			<ymax>2684</ymax>
		</bndbox>
	</object>
</annotation>