<annotation>
	<folder>top육류부피접시오징어볶음q4</folder>
	<filename>top_육류부피_접시_오징어볶음_Q4_00040.JPG</filename>
	<path>/top육류부피접시오징어볶음q4/top_육류부피_접시_오징어볶음_Q4_00040.JPG</path>
	<source>
		<database>fooddata</database>
	</source>
	<size>
		<width>5472</width>
		<height>3648</height>
		<depth>3</depth>
	</size>
	<object>
		<name>ref_spoon</name>
		<bndbox>
			<xmin>1069</xmin>
			<ymin>627</ymin>
			<xmax>1517</xmax>
			<ymax>1353</ymax>
		</bndbox>
	</object>
	<object>
		<name>ref_fork</name>
		<bndbox>
			<xmin>1669</xmin>
			<ymin>753</ymin>
			<xmax>1970</xmax>
			<ymax>1533</ymax>
		</bndbox>
	</object>
	<object>
		<name>ref_coin</name>
		<bndbox>
			<xmin>4143</xmin>
			<ymin>677</ymin>
			<xmax>4475</xmax>
			<ymax>1004</ymax>
		</bndbox>
	</object>
	<object>
		<name>dish</name>
		<bndbox>
			<xmin>2082</xmin>
			<ymin>726</ymin>
			<xmax>4475</xmax>
			<ymax>3119</ymax>
		</bndbox>
	</object>
	<object>
		<name>오징어볶음</name>
		<bndbox>
			<xmin>2422</xmin>
			<ymin>1085</ymin>
			<xmax>4031</xmax>
			<ymax>2684</ymax>
		</bndbox>
	</object>
</annotation>