<annotation>
	<folder>top육류부피접시오징어볶음q4</folder>
	<filename>top_육류부피_접시_오징어볶음_Q4_00045.JPG</filename>
	<path>/top육류부피접시오징어볶음q4/top_육류부피_접시_오징어볶음_Q4_00045.JPG</path>
	<source>
		<database>fooddata</database>
	</source>
	<size>
		<width>5472</width>
		<height>3648</height>
		<depth>3</depth>
	</size>
	<object>
		<name>ref_spoon</name>
		<bndbox>
			<xmin>1150</xmin>
			<ymin>296</ymin>
			<xmax>1593</xmax>
			<ymax>1022</ymax>
		</bndbox>
	</object>
	<object>
		<name>ref_fork</name>
		<bndbox>
			<xmin>1746</xmin>
			<ymin>403</ymin>
			<xmax>2041</xmax>
			<ymax>1188</ymax>
		</bndbox>
	</object>
	<object>
		<name>ref_coin</name>
		<bndbox>
			<xmin>3583</xmin>
			<ymin>2859</ymin>
			<xmax>3928</xmax>
			<ymax>3204</ymax>
		</bndbox>
	</object>
	<object>
		<name>dish</name>
		<bndbox>
			<xmin>2095</xmin>
			<ymin>350</ymin>
			<xmax>4479</xmax>
			<ymax>2693</ymax>
		</bndbox>
	</object>
	<object>
		<name>오징어볶음</name>
		<bndbox>
			<xmin>2422</xmin>
			<ymin>681</ymin>
			<xmax>4139</xmax>
			<ymax>2420</ymax>
		</bndbox>
	</object>
</annotation>