<annotation>
	<folder>top육류부피접시오징어볶음q4</folder>
	<filename>top_육류부피_접시_오징어볶음_Q4_00051.JPG</filename>
	<path>/top육류부피접시오징어볶음q4/top_육류부피_접시_오징어볶음_Q4_00051.JPG</path>
	<source>
		<database>fooddata</database>
	</source>
	<size>
		<width>5472</width>
		<height>3648</height>
		<depth>3</depth>
	</size>
	<object>
		<name>ref_spoon</name>
		<bndbox>
			<xmin>1118</xmin>
			<ymin>551</ymin>
			<xmax>1598</xmax>
			<ymax>1376</ymax>
		</bndbox>
	</object>
	<object>
		<name>ref_fork</name>
		<bndbox>
			<xmin>1755</xmin>
			<ymin>695</ymin>
			<xmax>2073</xmax>
			<ymax>1537</ymax>
		</bndbox>
	</object>
	<object>
		<name>ref_coin</name>
		<bndbox>
			<xmin>4314</xmin>
			<ymin>614</ymin>
			<xmax>4663</xmax>
			<ymax>955</ymax>
		</bndbox>
	</object>
	<object>
		<name>dish</name>
		<bndbox>
			<xmin>2118</xmin>
			<ymin>753</ymin>
			<xmax>4712</xmax>
			<ymax>3312</ymax>
		</bndbox>
	</object>
	<object>
		<name>오징어볶음</name>
		<bndbox>
			<xmin>2485</xmin>
			<ymin>1049</ymin>
			<xmax>4345</xmax>
			<ymax>2926</ymax>
		</bndbox>
	</object>
</annotation>