<annotation>
	<folder>top육류부피접시오징어볶음q4</folder>
	<filename>top_육류부피_접시_오징어볶음_Q4_00052.JPG</filename>
	<path>/top육류부피접시오징어볶음q4/top_육류부피_접시_오징어볶음_Q4_00052.JPG</path>
	<source>
		<database>fooddata</database>
	</source>
	<size>
		<width>5472</width>
		<height>3648</height>
		<depth>3</depth>
	</size>
	<object>
		<name>ref_spoon</name>
		<bndbox>
			<xmin>1244</xmin>
			<ymin>726</ymin>
			<xmax>1678</xmax>
			<ymax>1461</ymax>
		</bndbox>
	</object>
	<object>
		<name>ref_fork</name>
		<bndbox>
			<xmin>1804</xmin>
			<ymin>856</ymin>
			<xmax>2091</xmax>
			<ymax>1622</ymax>
		</bndbox>
	</object>
	<object>
		<name>ref_coin</name>
		<bndbox>
			<xmin>3596</xmin>
			<ymin>565</ymin>
			<xmax>3933</xmax>
			<ymax>878</ymax>
		</bndbox>
	</object>
	<object>
		<name>dish</name>
		<bndbox>
			<xmin>2122</xmin>
			<ymin>999</ymin>
			<xmax>4475</xmax>
			<ymax>3334</ymax>
		</bndbox>
	</object>
	<object>
		<name>오징어볶음</name>
		<bndbox>
			<xmin>2360</xmin>
			<ymin>1371</ymin>
			<xmax>4242</xmax>
			<ymax>2926</ymax>
		</bndbox>
	</object>
</annotation>