<annotation>
	<folder>top육류부피접시오징어볶음q4</folder>
	<filename>top_육류부피_접시_오징어볶음_Q4_00032.JPG</filename>
	<path>/top육류부피접시오징어볶음q4/top_육류부피_접시_오징어볶음_Q4_00032.JPG</path>
	<source>
		<database>fooddata</database>
	</source>
	<size>
		<width>5472</width>
		<height>3648</height>
		<depth>3</depth>
	</size>
	<object>
		<name>ref_spoon</name>
		<bndbox>
			<xmin>1320</xmin>
			<ymin>587</ymin>
			<xmax>1786</xmax>
			<ymax>1389</ymax>
		</bndbox>
	</object>
	<object>
		<name>ref_fork</name>
		<bndbox>
			<xmin>1943</xmin>
			<ymin>708</ymin>
			<xmax>2256</xmax>
			<ymax>1537</ymax>
		</bndbox>
	</object>
	<object>
		<name>ref_coin</name>
		<bndbox>
			<xmin>3807</xmin>
			<ymin>287</ymin>
			<xmax>4157</xmax>
			<ymax>618</ymax>
		</bndbox>
	</object>
	<object>
		<name>dish</name>
		<bndbox>
			<xmin>2248</xmin>
			<ymin>753</ymin>
			<xmax>4798</xmax>
			<ymax>3254</ymax>
		</bndbox>
	</object>
	<object>
		<name>오징어볶음</name>
		<bndbox>
			<xmin>2637</xmin>
			<ymin>1089</ymin>
			<xmax>4551</xmax>
			<ymax>2841</ymax>
		</bndbox>
	</object>
</annotation>