<annotation>
	<folder>top육류부피접시오징어볶음q4</folder>
	<filename>top_육류부피_접시_오징어볶음_Q4_00028.JPG</filename>
	<path>/top육류부피접시오징어볶음q4/top_육류부피_접시_오징어볶음_Q4_00028.JPG</path>
	<source>
		<database>fooddata</database>
	</source>
	<size>
		<width>5472</width>
		<height>3648</height>
		<depth>3</depth>
	</size>
	<object>
		<name>ref_spoon</name>
		<bndbox>
			<xmin>1257</xmin>
			<ymin>421</ymin>
			<xmax>1728</xmax>
			<ymax>1215</ymax>
		</bndbox>
	</object>
	<object>
		<name>ref_fork</name>
		<bndbox>
			<xmin>1880</xmin>
			<ymin>556</ymin>
			<xmax>2189</xmax>
			<ymax>1389</ymax>
		</bndbox>
	</object>
	<object>
		<name>ref_coin</name>
		<bndbox>
			<xmin>4636</xmin>
			<ymin>2330</ymin>
			<xmax>4999</xmax>
			<ymax>2693</ymax>
		</bndbox>
	</object>
	<object>
		<name>dish</name>
		<bndbox>
			<xmin>2180</xmin>
			<ymin>636</ymin>
			<xmax>4681</xmax>
			<ymax>3097</ymax>
		</bndbox>
	</object>
	<object>
		<name>오징어볶음</name>
		<bndbox>
			<xmin>2615</xmin>
			<ymin>1017</ymin>
			<xmax>4443</xmax>
			<ymax>2684</ymax>
		</bndbox>
	</object>
</annotation>