<annotation>
	<folder>top육류부피접시오징어볶음q4</folder>
	<filename>top_육류부피_접시_오징어볶음_Q4_00016.JPG</filename>
	<path>/top육류부피접시오징어볶음q4/top_육류부피_접시_오징어볶음_Q4_00016.JPG</path>
	<source>
		<database>fooddata</database>
	</source>
	<size>
		<width>5472</width>
		<height>3648</height>
		<depth>3</depth>
	</size>
	<object>
		<name>ref_spoon</name>
		<bndbox>
			<xmin>1696</xmin>
			<ymin>2949</ymin>
			<xmax>2445</xmax>
			<ymax>3406</ymax>
		</bndbox>
	</object>
	<object>
		<name>ref_fork</name>
		<bndbox>
			<xmin>1799</xmin>
			<ymin>2465</ymin>
			<xmax>2570</xmax>
			<ymax>2756</ymax>
		</bndbox>
	</object>
	<object>
		<name>ref_coin</name>
		<bndbox>
			<xmin>1701</xmin>
			<ymin>475</ymin>
			<xmax>1992</xmax>
			<ymax>757</ymax>
		</bndbox>
	</object>
	<object>
		<name>dish</name>
		<bndbox>
			<xmin>1979</xmin>
			<ymin>211</ymin>
			<xmax>4157</xmax>
			<ymax>2348</ymax>
		</bndbox>
	</object>
	<object>
		<name>오징어볶음</name>
		<bndbox>
			<xmin>2306</xmin>
			<ymin>533</ymin>
			<xmax>3677</xmax>
			<ymax>2012</ymax>
		</bndbox>
	</object>
</annotation>