<annotation>
	<folder>top육류부피접시오징어볶음q4</folder>
	<filename>top_육류부피_접시_오징어볶음_Q4_00041.JPG</filename>
	<path>/top육류부피접시오징어볶음q4/top_육류부피_접시_오징어볶음_Q4_00041.JPG</path>
	<source>
		<database>fooddata</database>
	</source>
	<size>
		<width>5472</width>
		<height>3648</height>
		<depth>3</depth>
	</size>
	<object>
		<name>ref_spoon</name>
		<bndbox>
			<xmin>1024</xmin>
			<ymin>574</ymin>
			<xmax>1472</xmax>
			<ymax>1344</ymax>
		</bndbox>
	</object>
	<object>
		<name>ref_fork</name>
		<bndbox>
			<xmin>1629</xmin>
			<ymin>695</ymin>
			<xmax>1920</xmax>
			<ymax>1488</ymax>
		</bndbox>
	</object>
	<object>
		<name>ref_coin</name>
		<bndbox>
			<xmin>4417</xmin>
			<ymin>1116</ymin>
			<xmax>4757</xmax>
			<ymax>1443</ymax>
		</bndbox>
	</object>
	<object>
		<name>dish</name>
		<bndbox>
			<xmin>2028</xmin>
			<ymin>672</ymin>
			<xmax>4421</xmax>
			<ymax>3056</ymax>
		</bndbox>
	</object>
	<object>
		<name>오징어볶음</name>
		<bndbox>
			<xmin>2369</xmin>
			<ymin>1040</ymin>
			<xmax>3982</xmax>
			<ymax>2631</ymax>
		</bndbox>
	</object>
</annotation>