<annotation>
	<folder>side어육류정형접시떡갈비q2</folder>
	<filename>side_어육류정형_접시_떡갈비_Q2_00049.JPG</filename>
	<path>/side어육류정형접시떡갈비q2/side_어육류정형_접시_떡갈비_Q2_00049.JPG</path>
	<source>
		<database>fooddata</database>
	</source>
	<size>
		<width>5472</width>
		<height>3648</height>
		<depth>3</depth>
	</size>
	<object>
		<name>ref_spoon</name>
		<bndbox>
			<xmin>407</xmin>
			<ymin>581</ymin>
			<xmax>1035</xmax>
			<ymax>1561</ymax>
		</bndbox>
	</object>
	<object>
		<name>ref_fork</name>
		<bndbox>
			<xmin>1285</xmin>
			<ymin>544</ymin>
			<xmax>1719</xmax>
			<ymax>1635</ymax>
		</bndbox>
	</object>
	<object>
		<name>ref_coin</name>
		<bndbox>
			<xmin>4742</xmin>
			<ymin>812</ymin>
			<xmax>5204</xmax>
			<ymax>1191</ymax>
		</bndbox>
	</object>
	<object>
		<name>dish</name>
		<bndbox>
			<xmin>1775</xmin>
			<ymin>267</ymin>
			<xmax>4880</xmax>
			<ymax>2781</ymax>
		</bndbox>
	</object>
	<object>
		<name>떡갈비</name>
		<bndbox>
			<xmin>2736</xmin>
			<ymin>793</ymin>
			<xmax>3901</xmax>
			<ymax>2476</ymax>
		</bndbox>
	</object>
</annotation>