<annotation>
	<folder>side어육류정형접시떡갈비q2</folder>
	<filename>side_어육류정형_접시_떡갈비_Q2_00037.JPG</filename>
	<path>/side어육류정형접시떡갈비q2/side_어육류정형_접시_떡갈비_Q2_00037.JPG</path>
	<source>
		<database>fooddata</database>
	</source>
	<size>
		<width>5472</width>
		<height>3648</height>
		<depth>3</depth>
	</size>
	<object>
		<name>ref_spoon</name>
		<bndbox>
			<xmin>407</xmin>
			<ymin>488</ymin>
			<xmax>1035</xmax>
			<ymax>1440</ymax>
		</bndbox>
	</object>
	<object>
		<name>ref_fork</name>
		<bndbox>
			<xmin>1266</xmin>
			<ymin>488</ymin>
			<xmax>1692</xmax>
			<ymax>1561</ymax>
		</bndbox>
	</object>
	<object>
		<name>ref_coin</name>
		<bndbox>
			<xmin>3827</xmin>
			<ymin>2892</ymin>
			<xmax>4344</xmax>
			<ymax>3354</ymax>
		</bndbox>
	</object>
	<object>
		<name>dish</name>
		<bndbox>
			<xmin>1738</xmin>
			<ymin>230</ymin>
			<xmax>4806</xmax>
			<ymax>2688</ymax>
		</bndbox>
	</object>
	<object>
		<name>떡갈비</name>
		<bndbox>
			<xmin>2588</xmin>
			<ymin>1024</ymin>
			<xmax>4631</xmax>
			<ymax>2346</ymax>
		</bndbox>
	</object>
</annotation>