<annotation>
	<folder>side어육류정형접시떡갈비q2</folder>
	<filename>side_어육류정형_접시_떡갈비_Q2_00036.JPG</filename>
	<path>/side어육류정형접시떡갈비q2/side_어육류정형_접시_떡갈비_Q2_00036.JPG</path>
	<source>
		<database>fooddata</database>
	</source>
	<size>
		<width>5472</width>
		<height>3648</height>
		<depth>3</depth>
	</size>
	<object>
		<name>ref_spoon</name>
		<bndbox>
			<xmin>351</xmin>
			<ymin>673</ymin>
			<xmax>961</xmax>
			<ymax>1598</ymax>
		</bndbox>
	</object>
	<object>
		<name>ref_fork</name>
		<bndbox>
			<xmin>1202</xmin>
			<ymin>664</ymin>
			<xmax>1627</xmax>
			<ymax>1690</ymax>
		</bndbox>
	</object>
	<object>
		<name>ref_coin</name>
		<bndbox>
			<xmin>4511</xmin>
			<ymin>2744</ymin>
			<xmax>5001</xmax>
			<ymax>3160</ymax>
		</bndbox>
	</object>
	<object>
		<name>dish</name>
		<bndbox>
			<xmin>1682</xmin>
			<ymin>414</ymin>
			<xmax>4705</xmax>
			<ymax>2836</ymax>
		</bndbox>
	</object>
	<object>
		<name>떡갈비</name>
		<bndbox>
			<xmin>2292</xmin>
			<ymin>830</ymin>
			<xmax>3808</xmax>
			<ymax>2651</ymax>
		</bndbox>
	</object>
</annotation>