<annotation>
	<folder>side어육류정형접시떡갈비q2</folder>
	<filename>side_어육류정형_접시_떡갈비_Q2_00045.JPG</filename>
	<path>/side어육류정형접시떡갈비q2/side_어육류정형_접시_떡갈비_Q2_00045.JPG</path>
	<source>
		<database>fooddata</database>
	</source>
	<size>
		<width>5472</width>
		<height>3648</height>
		<depth>3</depth>
	</size>
	<object>
		<name>ref_spoon</name>
		<bndbox>
			<xmin>240</xmin>
			<ymin>470</ymin>
			<xmax>860</xmax>
			<ymax>1450</ymax>
		</bndbox>
	</object>
	<object>
		<name>ref_fork</name>
		<bndbox>
			<xmin>1109</xmin>
			<ymin>470</ymin>
			<xmax>1544</xmax>
			<ymax>1551</ymax>
		</bndbox>
	</object>
	<object>
		<name>ref_coin</name>
		<bndbox>
			<xmin>4585</xmin>
			<ymin>2485</ymin>
			<xmax>5065</xmax>
			<ymax>2910</ymax>
		</bndbox>
	</object>
	<object>
		<name>dish</name>
		<bndbox>
			<xmin>1590</xmin>
			<ymin>257</ymin>
			<xmax>4696</xmax>
			<ymax>2744</ymax>
		</bndbox>
	</object>
	<object>
		<name>떡갈비</name>
		<bndbox>
			<xmin>1849</xmin>
			<ymin>507</ymin>
			<xmax>3956</xmax>
			<ymax>1810</ymax>
		</bndbox>
	</object>
</annotation>