<annotation>
	<folder>side어육류정형접시떡갈비q2</folder>
	<filename>side_어육류정형_접시_떡갈비_Q2_00035.JPG</filename>
	<path>/side어육류정형접시떡갈비q2/side_어육류정형_접시_떡갈비_Q2_00035.JPG</path>
	<source>
		<database>fooddata</database>
	</source>
	<size>
		<width>5472</width>
		<height>3648</height>
		<depth>3</depth>
	</size>
	<object>
		<name>ref_spoon</name>
		<bndbox>
			<xmin>305</xmin>
			<ymin>747</ymin>
			<xmax>906</xmax>
			<ymax>1699</ymax>
		</bndbox>
	</object>
	<object>
		<name>ref_fork</name>
		<bndbox>
			<xmin>1146</xmin>
			<ymin>747</ymin>
			<xmax>1571</xmax>
			<ymax>1792</ymax>
		</bndbox>
	</object>
	<object>
		<name>ref_coin</name>
		<bndbox>
			<xmin>4696</xmin>
			<ymin>2392</ymin>
			<xmax>5176</xmax>
			<ymax>2818</ymax>
		</bndbox>
	</object>
	<object>
		<name>dish</name>
		<bndbox>
			<xmin>1599</xmin>
			<ymin>461</ymin>
			<xmax>4640</xmax>
			<ymax>2929</ymax>
		</bndbox>
	</object>
	<object>
		<name>떡갈비</name>
		<bndbox>
			<xmin>2237</xmin>
			<ymin>895</ymin>
			<xmax>4326</xmax>
			<ymax>2041</ymax>
		</bndbox>
	</object>
</annotation>