<annotation>
	<folder>side어육류정형접시떡갈비q2</folder>
	<filename>side_어육류정형_접시_떡갈비_Q2_00030.JPG</filename>
	<path>/side어육류정형접시떡갈비q2/side_어육류정형_접시_떡갈비_Q2_00030.JPG</path>
	<source>
		<database>fooddata</database>
	</source>
	<size>
		<width>5472</width>
		<height>3648</height>
		<depth>3</depth>
	</size>
	<object>
		<name>ref_spoon</name>
		<bndbox>
			<xmin>1719</xmin>
			<ymin>2901</ymin>
			<xmax>2644</xmax>
			<ymax>3428</ymax>
		</bndbox>
	</object>
	<object>
		<name>ref_fork</name>
		<bndbox>
			<xmin>1747</xmin>
			<ymin>2355</ymin>
			<xmax>2681</xmax>
			<ymax>2808</ymax>
		</bndbox>
	</object>
	<object>
		<name>ref_coin</name>
		<bndbox>
			<xmin>4261</xmin>
			<ymin>1949</ymin>
			<xmax>4659</xmax>
			<ymax>2291</ymax>
		</bndbox>
	</object>
	<object>
		<name>dish</name>
		<bndbox>
			<xmin>1793</xmin>
			<ymin>340</ymin>
			<xmax>4215</xmax>
			<ymax>2291</ymax>
		</bndbox>
	</object>
	<object>
		<name>떡갈비</name>
		<bndbox>
			<xmin>2496</xmin>
			<ymin>775</ymin>
			<xmax>3531</xmax>
			<ymax>1829</ymax>
		</bndbox>
	</object>
</annotation>