<annotation>
	<folder>side어육류정형접시떡갈비q2</folder>
	<filename>side_어육류정형_접시_떡갈비_Q2_00038.JPG</filename>
	<path>/side어육류정형접시떡갈비q2/side_어육류정형_접시_떡갈비_Q2_00038.JPG</path>
	<source>
		<database>fooddata</database>
	</source>
	<size>
		<width>5472</width>
		<height>3648</height>
		<depth>3</depth>
	</size>
	<object>
		<name>ref_spoon</name>
		<bndbox>
			<xmin>499</xmin>
			<ymin>488</ymin>
			<xmax>1100</xmax>
			<ymax>1477</ymax>
		</bndbox>
	</object>
	<object>
		<name>ref_fork</name>
		<bndbox>
			<xmin>1340</xmin>
			<ymin>488</ymin>
			<xmax>1775</xmax>
			<ymax>1505</ymax>
		</bndbox>
	</object>
	<object>
		<name>ref_coin</name>
		<bndbox>
			<xmin>3411</xmin>
			<ymin>2901</ymin>
			<xmax>3891</xmax>
			<ymax>3372</ymax>
		</bndbox>
	</object>
	<object>
		<name>dish</name>
		<bndbox>
			<xmin>1812</xmin>
			<ymin>230</ymin>
			<xmax>4880</xmax>
			<ymax>2725</ymax>
		</bndbox>
	</object>
	<object>
		<name>떡갈비</name>
		<bndbox>
			<xmin>2644</xmin>
			<ymin>895</ymin>
			<xmax>4464</xmax>
			<ymax>2374</ymax>
		</bndbox>
	</object>
</annotation>