<annotation>
	<folder>side어육류정형접시떡갈비q2</folder>
	<filename>side_어육류정형_접시_떡갈비_Q2_00046.JPG</filename>
	<path>/side어육류정형접시떡갈비q2/side_어육류정형_접시_떡갈비_Q2_00046.JPG</path>
	<source>
		<database>fooddata</database>
	</source>
	<size>
		<width>5472</width>
		<height>3648</height>
		<depth>3</depth>
	</size>
	<object>
		<name>ref_spoon</name>
		<bndbox>
			<xmin>379</xmin>
			<ymin>414</ymin>
			<xmax>1008</xmax>
			<ymax>1339</ymax>
		</bndbox>
	</object>
	<object>
		<name>ref_fork</name>
		<bndbox>
			<xmin>1257</xmin>
			<ymin>414</ymin>
			<xmax>1692</xmax>
			<ymax>1468</ymax>
		</bndbox>
	</object>
	<object>
		<name>ref_coin</name>
		<bndbox>
			<xmin>4261</xmin>
			<ymin>2670</ymin>
			<xmax>4760</xmax>
			<ymax>3123</ymax>
		</bndbox>
	</object>
	<object>
		<name>dish</name>
		<bndbox>
			<xmin>1738</xmin>
			<ymin>193</ymin>
			<xmax>4843</xmax>
			<ymax>2688</ymax>
		</bndbox>
	</object>
	<object>
		<name>떡갈비</name>
		<bndbox>
			<xmin>2403</xmin>
			<ymin>424</ymin>
			<xmax>4086</xmax>
			<ymax>2300</ymax>
		</bndbox>
	</object>
</annotation>