<annotation>
	<folder>top어육류정형접시떡갈비q2</folder>
	<filename>top_어육류정형_접시_떡갈비_Q2_00019.JPG</filename>
	<path>/top어육류정형접시떡갈비q2/top_어육류정형_접시_떡갈비_Q2_00019.JPG</path>
	<source>
		<database>fooddata</database>
	</source>
	<size>
		<width>5472</width>
		<height>3648</height>
		<depth>3</depth>
	</size>
	<object>
		<name>ref_spoon</name>
		<bndbox>
			<xmin>2061</xmin>
			<ymin>2998</ymin>
			<xmax>2690</xmax>
			<ymax>3437</ymax>
		</bndbox>
	</object>
	<object>
		<name>ref_fork</name>
		<bndbox>
			<xmin>2191</xmin>
			<ymin>2614</ymin>
			<xmax>2875</xmax>
			<ymax>2896</ymax>
		</bndbox>
	</object>
	<object>
		<name>ref_coin</name>
		<bndbox>
			<xmin>4335</xmin>
			<ymin>1214</ymin>
			<xmax>4635</xmax>
			<ymax>1500</ymax>
		</bndbox>
	</object>
	<object>
		<name>dish</name>
		<bndbox>
			<xmin>2131</xmin>
			<ymin>257</ymin>
			<xmax>4252</xmax>
			<ymax>2351</ymax>
		</bndbox>
	</object>
	<object>
		<name>떡갈비</name>
		<bndbox>
			<xmin>2972</xmin>
			<ymin>1195</ymin>
			<xmax>3984</xmax>
			<ymax>2226</ymax>
		</bndbox>
	</object>
</annotation>