<annotation>
	<folder>top어육류정형접시떡갈비q2</folder>
	<filename>top_어육류정형_접시_떡갈비_Q2_00016.JPG</filename>
	<path>/top어육류정형접시떡갈비q2/top_어육류정형_접시_떡갈비_Q2_00016.JPG</path>
	<source>
		<database>fooddata</database>
	</source>
	<size>
		<width>5472</width>
		<height>3648</height>
		<depth>3</depth>
	</size>
	<object>
		<name>ref_spoon</name>
		<bndbox>
			<xmin>4030</xmin>
			<ymin>969</ymin>
			<xmax>4548</xmax>
			<ymax>1736</ymax>
		</bndbox>
	</object>
	<object>
		<name>ref_fork</name>
		<bndbox>
			<xmin>4682</xmin>
			<ymin>914</ymin>
			<xmax>5051</xmax>
			<ymax>1773</ymax>
		</bndbox>
	</object>
	<object>
		<name>ref_coin</name>
		<bndbox>
			<xmin>3258</xmin>
			<ymin>2901</ymin>
			<xmax>3646</xmax>
			<ymax>3303</ymax>
		</bndbox>
	</object>
	<object>
		<name>dish</name>
		<bndbox>
			<xmin>998</xmin>
			<ymin>401</ymin>
			<xmax>3817</xmax>
			<ymax>3174</ymax>
		</bndbox>
	</object>
	<object>
		<name>떡갈비</name>
		<bndbox>
			<xmin>1835</xmin>
			<ymin>1075</ymin>
			<xmax>2990</xmax>
			<ymax>2332</ymax>
		</bndbox>
	</object>
</annotation>