<annotation>
	<folder>top어육류정형접시떡갈비q2</folder>
	<filename>top_어육류정형_접시_떡갈비_Q2_00028.JPG</filename>
	<path>/top어육류정형접시떡갈비q2/top_어육류정형_접시_떡갈비_Q2_00028.JPG</path>
	<source>
		<database>fooddata</database>
	</source>
	<size>
		<width>5472</width>
		<height>3648</height>
		<depth>3</depth>
	</size>
	<object>
		<name>ref_spoon</name>
		<bndbox>
			<xmin>1950</xmin>
			<ymin>3030</ymin>
			<xmax>2574</xmax>
			<ymax>3469</ymax>
		</bndbox>
	</object>
	<object>
		<name>ref_fork</name>
		<bndbox>
			<xmin>2094</xmin>
			<ymin>2651</ymin>
			<xmax>2722</xmax>
			<ymax>2942</ymax>
		</bndbox>
	</object>
	<object>
		<name>ref_coin</name>
		<bndbox>
			<xmin>3605</xmin>
			<ymin>345</ymin>
			<xmax>3878</xmax>
			<ymax>618</ymax>
		</bndbox>
	</object>
	<object>
		<name>dish</name>
		<bndbox>
			<xmin>1950</xmin>
			<ymin>433</ymin>
			<xmax>4030</xmax>
			<ymax>2480</ymax>
		</bndbox>
	</object>
	<object>
		<name>떡갈비</name>
		<bndbox>
			<xmin>2750</xmin>
			<ymin>567</ymin>
			<xmax>3730</xmax>
			<ymax>1500</ymax>
		</bndbox>
	</object>
</annotation>