<annotation>
	<folder>top어육류정형접시떡갈비q2</folder>
	<filename>top_어육류정형_접시_떡갈비_Q2_00038.JPG</filename>
	<path>/top어육류정형접시떡갈비q2/top_어육류정형_접시_떡갈비_Q2_00038.JPG</path>
	<source>
		<database>fooddata</database>
	</source>
	<size>
		<width>5472</width>
		<height>3648</height>
		<depth>3</depth>
	</size>
	<object>
		<name>ref_spoon</name>
		<bndbox>
			<xmin>795</xmin>
			<ymin>678</ymin>
			<xmax>1322</xmax>
			<ymax>1454</ymax>
		</bndbox>
	</object>
	<object>
		<name>ref_fork</name>
		<bndbox>
			<xmin>1622</xmin>
			<ymin>706</ymin>
			<xmax>1946</xmax>
			<ymax>1510</ymax>
		</bndbox>
	</object>
	<object>
		<name>ref_coin</name>
		<bndbox>
			<xmin>4686</xmin>
			<ymin>2476</ymin>
			<xmax>5047</xmax>
			<ymax>2859</ymax>
		</bndbox>
	</object>
	<object>
		<name>dish</name>
		<bndbox>
			<xmin>2154</xmin>
			<ymin>396</ymin>
			<xmax>4760</xmax>
			<ymax>2989</ymax>
		</bndbox>
	</object>
	<object>
		<name>떡갈비</name>
		<bndbox>
			<xmin>3147</xmin>
			<ymin>1246</ymin>
			<xmax>4150</xmax>
			<ymax>2351</ymax>
		</bndbox>
	</object>
</annotation>