<annotation>
	<folder>top어육류정형접시떡갈비q2</folder>
	<filename>top_어육류정형_접시_떡갈비_Q2_00018.JPG</filename>
	<path>/top어육류정형접시떡갈비q2/top_어육류정형_접시_떡갈비_Q2_00018.JPG</path>
	<source>
		<database>fooddata</database>
	</source>
	<size>
		<width>5472</width>
		<height>3648</height>
		<depth>3</depth>
	</size>
	<object>
		<name>ref_spoon</name>
		<bndbox>
			<xmin>1627</xmin>
			<ymin>2984</ymin>
			<xmax>2283</xmax>
			<ymax>3465</ymax>
		</bndbox>
	</object>
	<object>
		<name>ref_fork</name>
		<bndbox>
			<xmin>1770</xmin>
			<ymin>2573</ymin>
			<xmax>2505</xmax>
			<ymax>2878</ymax>
		</bndbox>
	</object>
	<object>
		<name>ref_coin</name>
		<bndbox>
			<xmin>3998</xmin>
			<ymin>682</ymin>
			<xmax>4303</xmax>
			<ymax>992</ymax>
		</bndbox>
	</object>
	<object>
		<name>dish</name>
		<bndbox>
			<xmin>1705</xmin>
			<ymin>119</ymin>
			<xmax>3993</xmax>
			<ymax>2383</ymax>
		</bndbox>
	</object>
	<object>
		<name>떡갈비</name>
		<bndbox>
			<xmin>2736</xmin>
			<ymin>1024</ymin>
			<xmax>3817</xmax>
			<ymax>2148</ymax>
		</bndbox>
	</object>
</annotation>