<annotation>
	<folder>top어육류정형접시떡갈비q2</folder>
	<filename>top_어육류정형_접시_떡갈비_Q2_00015.JPG</filename>
	<path>/top어육류정형접시떡갈비q2/top_어육류정형_접시_떡갈비_Q2_00015.JPG</path>
	<source>
		<database>fooddata</database>
	</source>
	<size>
		<width>5472</width>
		<height>3648</height>
		<depth>3</depth>
	</size>
	<object>
		<name>ref_spoon</name>
		<bndbox>
			<xmin>4099</xmin>
			<ymin>816</ymin>
			<xmax>4640</xmax>
			<ymax>1621</ymax>
		</bndbox>
	</object>
	<object>
		<name>ref_fork</name>
		<bndbox>
			<xmin>4756</xmin>
			<ymin>756</ymin>
			<xmax>5139</xmax>
			<ymax>1653</ymax>
		</bndbox>
	</object>
	<object>
		<name>ref_coin</name>
		<bndbox>
			<xmin>3540</xmin>
			<ymin>2476</ymin>
			<xmax>3933</xmax>
			<ymax>2868</ymax>
		</bndbox>
	</object>
	<object>
		<name>dish</name>
		<bndbox>
			<xmin>924</xmin>
			<ymin>267</ymin>
			<xmax>3799</xmax>
			<ymax>3100</ymax>
		</bndbox>
	</object>
	<object>
		<name>떡갈비</name>
		<bndbox>
			<xmin>1816</xmin>
			<ymin>1001</ymin>
			<xmax>2893</xmax>
			<ymax>2208</ymax>
		</bndbox>
	</object>
</annotation>