<annotation>
	<folder>top어육류정형접시떡갈비q2</folder>
	<filename>top_어육류정형_접시_떡갈비_Q2_00008.JPG</filename>
	<path>/top어육류정형접시떡갈비q2/top_어육류정형_접시_떡갈비_Q2_00008.JPG</path>
	<source>
		<database>fooddata</database>
	</source>
	<size>
		<width>5472</width>
		<height>3648</height>
		<depth>3</depth>
	</size>
	<object>
		<name>ref_spoon</name>
		<bndbox>
			<xmin>4224</xmin>
			<ymin>761</ymin>
			<xmax>4770</xmax>
			<ymax>1533</ymax>
		</bndbox>
	</object>
	<object>
		<name>ref_fork</name>
		<bndbox>
			<xmin>4867</xmin>
			<ymin>719</ymin>
			<xmax>5287</xmax>
			<ymax>1570</ymax>
		</bndbox>
	</object>
	<object>
		<name>ref_coin</name>
		<bndbox>
			<xmin>490</xmin>
			<ymin>1745</ymin>
			<xmax>887</xmax>
			<ymax>2148</ymax>
		</bndbox>
	</object>
	<object>
		<name>dish</name>
		<bndbox>
			<xmin>1248</xmin>
			<ymin>567</ymin>
			<xmax>4095</xmax>
			<ymax>3377</ymax>
		</bndbox>
	</object>
	<object>
		<name>떡갈비</name>
		<bndbox>
			<xmin>2103</xmin>
			<ymin>1353</ymin>
			<xmax>3341</xmax>
			<ymax>2642</ymax>
		</bndbox>
	</object>
</annotation>