<annotation>
	<folder>top어육류정형접시떡갈비q2</folder>
	<filename>top_어육류정형_접시_떡갈비_Q2_00040.JPG</filename>
	<path>/top어육류정형접시떡갈비q2/top_어육류정형_접시_떡갈비_Q2_00040.JPG</path>
	<source>
		<database>fooddata</database>
	</source>
	<size>
		<width>5472</width>
		<height>3648</height>
		<depth>3</depth>
	</size>
	<object>
		<name>ref_spoon</name>
		<bndbox>
			<xmin>795</xmin>
			<ymin>650</ymin>
			<xmax>1326</xmax>
			<ymax>1399</ymax>
		</bndbox>
	</object>
	<object>
		<name>ref_fork</name>
		<bndbox>
			<xmin>1622</xmin>
			<ymin>669</ymin>
			<xmax>1960</xmax>
			<ymax>1482</ymax>
		</bndbox>
	</object>
	<object>
		<name>ref_coin</name>
		<bndbox>
			<xmin>3730</xmin>
			<ymin>2942</ymin>
			<xmax>4099</xmax>
			<ymax>3321</ymax>
		</bndbox>
	</object>
	<object>
		<name>dish</name>
		<bndbox>
			<xmin>2181</xmin>
			<ymin>322</ymin>
			<xmax>4770</xmax>
			<ymax>2901</ymax>
		</bndbox>
	</object>
	<object>
		<name>떡갈비</name>
		<bndbox>
			<xmin>2639</xmin>
			<ymin>1473</ymin>
			<xmax>3891</xmax>
			<ymax>2661</ymax>
		</bndbox>
	</object>
</annotation>