<annotation>
	<folder>top어육류정형접시떡갈비q2</folder>
	<filename>top_어육류정형_접시_떡갈비_Q2_00049.JPG</filename>
	<path>/top어육류정형접시떡갈비q2/top_어육류정형_접시_떡갈비_Q2_00049.JPG</path>
	<source>
		<database>fooddata</database>
	</source>
	<size>
		<width>5472</width>
		<height>3648</height>
		<depth>3</depth>
	</size>
	<object>
		<name>ref_spoon</name>
		<bndbox>
			<xmin>707</xmin>
			<ymin>484</ymin>
			<xmax>1257</xmax>
			<ymax>1302</ymax>
		</bndbox>
	</object>
	<object>
		<name>ref_fork</name>
		<bndbox>
			<xmin>1585</xmin>
			<ymin>511</ymin>
			<xmax>1936</xmax>
			<ymax>1380</ymax>
		</bndbox>
	</object>
	<object>
		<name>ref_coin</name>
		<bndbox>
			<xmin>2574</xmin>
			<ymin>2966</ymin>
			<xmax>2967</xmax>
			<ymax>3372</ymax>
		</bndbox>
	</object>
	<object>
		<name>dish</name>
		<bndbox>
			<xmin>2172</xmin>
			<ymin>169</ymin>
			<xmax>4964</xmax>
			<ymax>2929</ymax>
		</bndbox>
	</object>
	<object>
		<name>떡갈비</name>
		<bndbox>
			<xmin>2986</xmin>
			<ymin>1551</ymin>
			<xmax>4192</xmax>
			<ymax>2661</ymax>
		</bndbox>
	</object>
</annotation>