<annotation>
	<folder>top어육류정형접시떡갈비q2</folder>
	<filename>top_어육류정형_접시_떡갈비_Q2_00024.JPG</filename>
	<path>/top어육류정형접시떡갈비q2/top_어육류정형_접시_떡갈비_Q2_00024.JPG</path>
	<source>
		<database>fooddata</database>
	</source>
	<size>
		<width>5472</width>
		<height>3648</height>
		<depth>3</depth>
	</size>
	<object>
		<name>ref_spoon</name>
		<bndbox>
			<xmin>1858</xmin>
			<ymin>2952</ymin>
			<xmax>2496</xmax>
			<ymax>3414</ymax>
		</bndbox>
	</object>
	<object>
		<name>ref_fork</name>
		<bndbox>
			<xmin>1969</xmin>
			<ymin>2540</ymin>
			<xmax>2681</xmax>
			<ymax>2836</ymax>
		</bndbox>
	</object>
	<object>
		<name>ref_coin</name>
		<bndbox>
			<xmin>1594</xmin>
			<ymin>673</ymin>
			<xmax>1895</xmax>
			<ymax>969</ymax>
		</bndbox>
	</object>
	<object>
		<name>dish</name>
		<bndbox>
			<xmin>2010</xmin>
			<ymin>220</ymin>
			<xmax>4220</xmax>
			<ymax>2406</ymax>
		</bndbox>
	</object>
	<object>
		<name>떡갈비</name>
		<bndbox>
			<xmin>2191</xmin>
			<ymin>743</ymin>
			<xmax>3018</xmax>
			<ymax>1658</ymax>
		</bndbox>
	</object>
</annotation>