<annotation>
	<folder>top어육류정형접시떡갈비q2</folder>
	<filename>top_어육류정형_접시_떡갈비_Q2_00044.JPG</filename>
	<path>/top어육류정형접시떡갈비q2/top_어육류정형_접시_떡갈비_Q2_00044.JPG</path>
	<source>
		<database>fooddata</database>
	</source>
	<size>
		<width>5472</width>
		<height>3648</height>
		<depth>3</depth>
	</size>
	<object>
		<name>ref_spoon</name>
		<bndbox>
			<xmin>545</xmin>
			<ymin>622</ymin>
			<xmax>1128</xmax>
			<ymax>1450</ymax>
		</bndbox>
	</object>
	<object>
		<name>ref_fork</name>
		<bndbox>
			<xmin>1456</xmin>
			<ymin>659</ymin>
			<xmax>1802</xmax>
			<ymax>1556</ymax>
		</bndbox>
	</object>
	<object>
		<name>ref_coin</name>
		<bndbox>
			<xmin>4797</xmin>
			<ymin>840</ymin>
			<xmax>5185</xmax>
			<ymax>1214</ymax>
		</bndbox>
	</object>
	<object>
		<name>dish</name>
		<bndbox>
			<xmin>2029</xmin>
			<ymin>345</ymin>
			<xmax>4857</xmax>
			<ymax>3150</ymax>
		</bndbox>
	</object>
	<object>
		<name>떡갈비</name>
		<bndbox>
			<xmin>3073</xmin>
			<ymin>1561</ymin>
			<xmax>4330</xmax>
			<ymax>2670</ymax>
		</bndbox>
	</object>
</annotation>