<annotation>
	<folder>side건더기국류전골냄비부대찌개q4</folder>
	<filename>side_건더기국류_전골냄비_부대찌개_Q4_00017.JPG</filename>
	<path>/side건더기국류전골냄비부대찌개q4/side_건더기국류_전골냄비_부대찌개_Q4_00017.JPG</path>
	<source>
		<database>fooddata</database>
	</source>
	<size>
		<width>3008</width>
		<height>2000</height>
		<depth>3</depth>
	</size>
	<object>
		<name>ref_spoon</name>
		<bndbox>
			<xmin>2190</xmin>
			<ymin>548</ymin>
			<xmax>2460</xmax>
			<ymax>1010</ymax>
		</bndbox>
	</object>
	<object>
		<name>ref_fork</name>
		<bndbox>
			<xmin>2595</xmin>
			<ymin>668</ymin>
			<xmax>2782</xmax>
			<ymax>1189</ymax>
		</bndbox>
	</object>
	<object>
		<name>ref_coin</name>
		<bndbox>
			<xmin>1651</xmin>
			<ymin>1656</ymin>
			<xmax>1873</xmax>
			<ymax>1828</ymax>
		</bndbox>
	</object>
	<object>
		<name>dish</name>
		<bndbox>
			<xmin>280</xmin>
			<ymin>236</ymin>
			<xmax>1664</xmax>
			<ymax>1319</ymax>
		</bndbox>
	</object>
	<object>
		<name>부대찌개</name>
		<bndbox>
			<xmin>403</xmin>
			<ymin>472</ymin>
			<xmax>1563</xmax>
			<ymax>1162</ymax>
		</bndbox>
	</object>
</annotation>