<annotation>
	<folder>side건더기국류전골냄비부대찌개q4</folder>
	<filename>side_건더기국류_전골냄비_부대찌개_Q4_00029.JPG</filename>
	<path>/side건더기국류전골냄비부대찌개q4/side_건더기국류_전골냄비_부대찌개_Q4_00029.JPG</path>
	<source>
		<database>fooddata</database>
	</source>
	<size>
		<width>3008</width>
		<height>2000</height>
		<depth>3</depth>
	</size>
	<object>
		<name>ref_spoon</name>
		<bndbox>
			<xmin>1612</xmin>
			<ymin>1378</ymin>
			<xmax>2150</xmax>
			<ymax>1602</ymax>
		</bndbox>
	</object>
	<object>
		<name>ref_fork</name>
		<bndbox>
			<xmin>1418</xmin>
			<ymin>1641</ymin>
			<xmax>2018</xmax>
			<ymax>1835</ymax>
		</bndbox>
	</object>
	<object>
		<name>ref_coin</name>
		<bndbox>
			<xmin>312</xmin>
			<ymin>1479</ymin>
			<xmax>509</xmax>
			<ymax>1631</ymax>
		</bndbox>
	</object>
	<object>
		<name>dish</name>
		<bndbox>
			<xmin>767</xmin>
			<ymin>221</ymin>
			<xmax>1995</xmax>
			<ymax>1152</ymax>
		</bndbox>
	</object>
	<object>
		<name>부대찌개</name>
		<bndbox>
			<xmin>868</xmin>
			<ymin>423</ymin>
			<xmax>1887</xmax>
			<ymax>998</ymax>
		</bndbox>
	</object>
</annotation>