<annotation>
	<folder>side건더기국류전골냄비부대찌개q4</folder>
	<filename>side_건더기국류_전골냄비_부대찌개_Q4_00009.JPG</filename>
	<path>/side건더기국류전골냄비부대찌개q4/side_건더기국류_전골냄비_부대찌개_Q4_00009.JPG</path>
	<source>
		<database>fooddata</database>
	</source>
	<size>
		<width>3008</width>
		<height>2000</height>
		<depth>3</depth>
	</size>
	<object>
		<name>ref_spoon</name>
		<bndbox>
			<xmin>2074</xmin>
			<ymin>545</ymin>
			<xmax>2322</xmax>
			<ymax>963</ymax>
		</bndbox>
	</object>
	<object>
		<name>ref_fork</name>
		<bndbox>
			<xmin>2452</xmin>
			<ymin>649</ymin>
			<xmax>2627</xmax>
			<ymax>1150</ymax>
		</bndbox>
	</object>
	<object>
		<name>ref_coin</name>
		<bndbox>
			<xmin>138</xmin>
			<ymin>1238</ymin>
			<xmax>342</xmax>
			<ymax>1391</ymax>
		</bndbox>
	</object>
	<object>
		<name>dish</name>
		<bndbox>
			<xmin>590</xmin>
			<ymin>541</ymin>
			<xmax>1946</xmax>
			<ymax>1629</ymax>
		</bndbox>
	</object>
	<object>
		<name>부대찌개</name>
		<bndbox>
			<xmin>713</xmin>
			<ymin>771</ymin>
			<xmax>1850</xmax>
			<ymax>1496</ymax>
		</bndbox>
	</object>
</annotation>