<annotation>
	<folder>side건더기국류전골냄비부대찌개q4</folder>
	<filename>side_건더기국류_전골냄비_부대찌개_Q4_00004.JPG</filename>
	<path>/side건더기국류전골냄비부대찌개q4/side_건더기국류_전골냄비_부대찌개_Q4_00004.JPG</path>
	<source>
		<database>fooddata</database>
	</source>
	<size>
		<width>3008</width>
		<height>2000</height>
		<depth>3</depth>
	</size>
	<object>
		<name>ref_spoon</name>
		<bndbox>
			<xmin>1841</xmin>
			<ymin>504</ymin>
			<xmax>2084</xmax>
			<ymax>931</ymax>
		</bndbox>
	</object>
	<object>
		<name>ref_fork</name>
		<bndbox>
			<xmin>2202</xmin>
			<ymin>600</ymin>
			<xmax>2369</xmax>
			<ymax>1044</ymax>
		</bndbox>
	</object>
	<object>
		<name>ref_coin</name>
		<bndbox>
			<xmin>2177</xmin>
			<ymin>1705</ymin>
			<xmax>2386</xmax>
			<ymax>1870</ymax>
		</bndbox>
	</object>
	<object>
		<name>dish</name>
		<bndbox>
			<xmin>167</xmin>
			<ymin>349</ymin>
			<xmax>1435</xmax>
			<ymax>1337</ymax>
		</bndbox>
	</object>
	<object>
		<name>부대찌개</name>
		<bndbox>
			<xmin>293</xmin>
			<ymin>570</ymin>
			<xmax>1339</xmax>
			<ymax>1187</ymax>
		</bndbox>
	</object>
</annotation>