<annotation>
	<folder>side건더기국류전골냄비부대찌개q4</folder>
	<filename>side_건더기국류_전골냄비_부대찌개_Q4_00023.JPG</filename>
	<path>/side건더기국류전골냄비부대찌개q4/side_건더기국류_전골냄비_부대찌개_Q4_00023.JPG</path>
	<source>
		<database>fooddata</database>
	</source>
	<size>
		<width>3008</width>
		<height>2000</height>
		<depth>3</depth>
	</size>
	<object>
		<name>ref_spoon</name>
		<bndbox>
			<xmin>1521</xmin>
			<ymin>1413</ymin>
			<xmax>2094</xmax>
			<ymax>1646</ymax>
		</bndbox>
	</object>
	<object>
		<name>ref_fork</name>
		<bndbox>
			<xmin>1334</xmin>
			<ymin>1686</ymin>
			<xmax>1963</xmax>
			<ymax>1889</ymax>
		</bndbox>
	</object>
	<object>
		<name>ref_coin</name>
		<bndbox>
			<xmin>2054</xmin>
			<ymin>730</ymin>
			<xmax>2241</xmax>
			<ymax>860</ymax>
		</bndbox>
	</object>
	<object>
		<name>dish</name>
		<bndbox>
			<xmin>664</xmin>
			<ymin>199</ymin>
			<xmax>1927</xmax>
			<ymax>1155</ymax>
		</bndbox>
	</object>
	<object>
		<name>부대찌개</name>
		<bndbox>
			<xmin>782</xmin>
			<ymin>437</ymin>
			<xmax>1821</xmax>
			<ymax>990</ymax>
		</bndbox>
	</object>
</annotation>