<annotation>
	<folder>side건더기국류전골냄비부대찌개q4</folder>
	<filename>side_건더기국류_전골냄비_부대찌개_Q4_00012.JPG</filename>
	<path>/side건더기국류전골냄비부대찌개q4/side_건더기국류_전골냄비_부대찌개_Q4_00012.JPG</path>
	<source>
		<database>fooddata</database>
	</source>
	<size>
		<width>3008</width>
		<height>2000</height>
		<depth>3</depth>
	</size>
	<object>
		<name>ref_spoon</name>
		<bndbox>
			<xmin>2266</xmin>
			<ymin>536</ymin>
			<xmax>2529</xmax>
			<ymax>990</ymax>
		</bndbox>
	</object>
	<object>
		<name>ref_fork</name>
		<bndbox>
			<xmin>2654</xmin>
			<ymin>646</ymin>
			<xmax>2833</xmax>
			<ymax>1143</ymax>
		</bndbox>
	</object>
	<object>
		<name>ref_coin</name>
		<bndbox>
			<xmin>1003</xmin>
			<ymin>393</ymin>
			<xmax>1185</xmax>
			<ymax>521</ymax>
		</bndbox>
	</object>
	<object>
		<name>dish</name>
		<bndbox>
			<xmin>403</xmin>
			<ymin>592</ymin>
			<xmax>1801</xmax>
			<ymax>1725</ymax>
		</bndbox>
	</object>
	<object>
		<name>부대찌개</name>
		<bndbox>
			<xmin>531</xmin>
			<ymin>838</ymin>
			<xmax>1696</xmax>
			<ymax>1592</ymax>
		</bndbox>
	</object>
</annotation>