<annotation>
	<folder>side건더기국류전골냄비부대찌개q4</folder>
	<filename>side_건더기국류_전골냄비_부대찌개_Q4_00020.JPG</filename>
	<path>/side건더기국류전골냄비부대찌개q4/side_건더기국류_전골냄비_부대찌개_Q4_00020.JPG</path>
	<source>
		<database>fooddata</database>
	</source>
	<size>
		<width>3008</width>
		<height>2000</height>
		<depth>3</depth>
	</size>
	<object>
		<name>ref_spoon</name>
		<bndbox>
			<xmin>1760</xmin>
			<ymin>1356</ymin>
			<xmax>2344</xmax>
			<ymax>1617</ymax>
		</bndbox>
	</object>
	<object>
		<name>ref_fork</name>
		<bndbox>
			<xmin>1536</xmin>
			<ymin>1658</ymin>
			<xmax>2202</xmax>
			<ymax>1885</ymax>
		</bndbox>
	</object>
	<object>
		<name>ref_coin</name>
		<bndbox>
			<xmin>2283</xmin>
			<ymin>941</ymin>
			<xmax>2497</xmax>
			<ymax>1098</ymax>
		</bndbox>
	</object>
	<object>
		<name>dish</name>
		<bndbox>
			<xmin>642</xmin>
			<ymin>143</ymin>
			<xmax>2040</xmax>
			<ymax>1214</ymax>
		</bndbox>
	</object>
	<object>
		<name>부대찌개</name>
		<bndbox>
			<xmin>767</xmin>
			<ymin>346</ymin>
			<xmax>1929</xmax>
			<ymax>1032</ymax>
		</bndbox>
	</object>
</annotation>