<annotation>
	<folder>top건더기국류전골냄비부대찌개q4</folder>
	<filename>top_건더기국류_전골냄비_부대찌개_Q4_00008.JPG</filename>
	<path>/top건더기국류전골냄비부대찌개q4/top_건더기국류_전골냄비_부대찌개_Q4_00008.JPG</path>
	<source>
		<database>fooddata</database>
	</source>
	<size>
		<width>3008</width>
		<height>2000</height>
		<depth>3</depth>
	</size>
	<object>
		<name>ref_spoon</name>
		<bndbox>
			<xmin>1964</xmin>
			<ymin>364</ymin>
			<xmax>2173</xmax>
			<ymax>744</ymax>
		</bndbox>
	</object>
	<object>
		<name>ref_fork</name>
		<bndbox>
			<xmin>2308</xmin>
			<ymin>388</ymin>
			<xmax>2460</xmax>
			<ymax>797</ymax>
		</bndbox>
	</object>
	<object>
		<name>ref_coin</name>
		<bndbox>
			<xmin>1068</xmin>
			<ymin>1665</ymin>
			<xmax>1240</xmax>
			<ymax>1841</ymax>
		</bndbox>
	</object>
	<object>
		<name>dish</name>
		<bndbox>
			<xmin>610</xmin>
			<ymin>257</ymin>
			<xmax>1788</xmax>
			<ymax>1411</ymax>
		</bndbox>
	</object>
	<object>
		<name>부대찌개</name>
		<bndbox>
			<xmin>749</xmin>
			<ymin>413</ymin>
			<xmax>1682</xmax>
			<ymax>1350</ymax>
		</bndbox>
	</object>
</annotation>