<annotation>
	<folder>top건더기국류전골냄비부대찌개q4</folder>
	<filename>top_건더기국류_전골냄비_부대찌개_Q4_00001.JPG</filename>
	<path>/top건더기국류전골냄비부대찌개q4/top_건더기국류_전골냄비_부대찌개_Q4_00001.JPG</path>
	<source>
		<database>fooddata</database>
	</source>
	<size>
		<width>3008</width>
		<height>2000</height>
		<depth>3</depth>
	</size>
	<object>
		<name>ref_spoon</name>
		<bndbox>
			<xmin>1727</xmin>
			<ymin>450</ymin>
			<xmax>1948</xmax>
			<ymax>822</ymax>
		</bndbox>
	</object>
	<object>
		<name>ref_fork</name>
		<bndbox>
			<xmin>2054</xmin>
			<ymin>486</ymin>
			<xmax>2214</xmax>
			<ymax>896</ymax>
		</bndbox>
	</object>
	<object>
		<name>ref_coin</name>
		<bndbox>
			<xmin>1498</xmin>
			<ymin>159</ymin>
			<xmax>1670</xmax>
			<ymax>315</ymax>
		</bndbox>
	</object>
	<object>
		<name>dish</name>
		<bndbox>
			<xmin>524</xmin>
			<ymin>417</ymin>
			<xmax>1731</xmax>
			<ymax>1591</ymax>
		</bndbox>
	</object>
	<object>
		<name>부대찌개</name>
		<bndbox>
			<xmin>622</xmin>
			<ymin>548</ymin>
			<xmax>1625</xmax>
			<ymax>1505</ymax>
		</bndbox>
	</object>
</annotation>