<annotation>
	<folder>top건더기국류전골냄비부대찌개q4</folder>
	<filename>top_건더기국류_전골냄비_부대찌개_Q4_00053.JPG</filename>
	<path>/top건더기국류전골냄비부대찌개q4/top_건더기국류_전골냄비_부대찌개_Q4_00053.JPG</path>
	<source>
		<database>fooddata</database>
	</source>
	<size>
		<width>3008</width>
		<height>2000</height>
		<depth>3</depth>
	</size>
	<object>
		<name>ref_spoon</name>
		<bndbox>
			<xmin>270</xmin>
			<ymin>360</ymin>
			<xmax>499</xmax>
			<ymax>752</ymax>
		</bndbox>
	</object>
	<object>
		<name>ref_fork</name>
		<bndbox>
			<xmin>610</xmin>
			<ymin>376</ymin>
			<xmax>773</xmax>
			<ymax>822</ymax>
		</bndbox>
	</object>
	<object>
		<name>ref_coin</name>
		<bndbox>
			<xmin>1915</xmin>
			<ymin>1493</ymin>
			<xmax>2095</xmax>
			<ymax>1673</ymax>
		</bndbox>
	</object>
	<object>
		<name>dish</name>
		<bndbox>
			<xmin>831</xmin>
			<ymin>364</ymin>
			<xmax>2075</xmax>
			<ymax>1563</ymax>
		</bndbox>
	</object>
	<object>
		<name>부대찌개</name>
		<bndbox>
			<xmin>954</xmin>
			<ymin>495</ymin>
			<xmax>1948</xmax>
			<ymax>1465</ymax>
		</bndbox>
	</object>
</annotation>