<annotation>
	<folder>top건더기국류전골냄비부대찌개q4</folder>
	<filename>top_건더기국류_전골냄비_부대찌개_Q4_00036.JPG</filename>
	<path>/top건더기국류전골냄비부대찌개q4/top_건더기국류_전골냄비_부대찌개_Q4_00036.JPG</path>
	<source>
		<database>fooddata</database>
	</source>
	<size>
		<width>3008</width>
		<height>2000</height>
		<depth>3</depth>
	</size>
	<object>
		<name>ref_spoon</name>
		<bndbox>
			<xmin>417</xmin>
			<ymin>319</ymin>
			<xmax>667</xmax>
			<ymax>728</ymax>
		</bndbox>
	</object>
	<object>
		<name>ref_fork</name>
		<bndbox>
			<xmin>778</xmin>
			<ymin>343</ymin>
			<xmax>954</xmax>
			<ymax>806</ymax>
		</bndbox>
	</object>
	<object>
		<name>ref_coin</name>
		<bndbox>
			<xmin>2210</xmin>
			<ymin>1350</ymin>
			<xmax>2394</xmax>
			<ymax>1542</ymax>
		</bndbox>
	</object>
	<object>
		<name>dish</name>
		<bndbox>
			<xmin>1023</xmin>
			<ymin>347</ymin>
			<xmax>2316</xmax>
			<ymax>1612</ymax>
		</bndbox>
	</object>
	<object>
		<name>부대찌개</name>
		<bndbox>
			<xmin>1142</xmin>
			<ymin>490</ymin>
			<xmax>2169</xmax>
			<ymax>1514</ymax>
		</bndbox>
	</object>
</annotation>