<annotation>
	<folder>top건더기국류전골냄비부대찌개q4</folder>
	<filename>top_건더기국류_전골냄비_부대찌개_Q4_00028.JPG</filename>
	<path>/top건더기국류전골냄비부대찌개q4/top_건더기국류_전골냄비_부대찌개_Q4_00028.JPG</path>
	<source>
		<database>fooddata</database>
	</source>
	<size>
		<width>3008</width>
		<height>2000</height>
		<depth>3</depth>
	</size>
	<object>
		<name>ref_spoon</name>
		<bndbox>
			<xmin>888</xmin>
			<ymin>1677</ymin>
			<xmax>1244</xmax>
			<ymax>1902</ymax>
		</bndbox>
	</object>
	<object>
		<name>ref_fork</name>
		<bndbox>
			<xmin>966</xmin>
			<ymin>1411</ymin>
			<xmax>1334</xmax>
			<ymax>1563</ymax>
		</bndbox>
	</object>
	<object>
		<name>ref_coin</name>
		<bndbox>
			<xmin>704</xmin>
			<ymin>1473</ymin>
			<xmax>855</xmax>
			<ymax>1624</ymax>
		</bndbox>
	</object>
	<object>
		<name>dish</name>
		<bndbox>
			<xmin>1187</xmin>
			<ymin>212</ymin>
			<xmax>2161</xmax>
			<ymax>1137</ymax>
		</bndbox>
	</object>
	<object>
		<name>부대찌개</name>
		<bndbox>
			<xmin>1252</xmin>
			<ymin>331</ymin>
			<xmax>2050</xmax>
			<ymax>1080</ymax>
		</bndbox>
	</object>
</annotation>