<annotation>
	<folder>top건더기국류전골냄비부대찌개q4</folder>
	<filename>top_건더기국류_전골냄비_부대찌개_Q4_00023.JPG</filename>
	<path>/top건더기국류전골냄비부대찌개q4/top_건더기국류_전골냄비_부대찌개_Q4_00023.JPG</path>
	<source>
		<database>fooddata</database>
	</source>
	<size>
		<width>3008</width>
		<height>2000</height>
		<depth>3</depth>
	</size>
	<object>
		<name>ref_spoon</name>
		<bndbox>
			<xmin>929</xmin>
			<ymin>1690</ymin>
			<xmax>1297</xmax>
			<ymax>1906</ymax>
		</bndbox>
	</object>
	<object>
		<name>ref_fork</name>
		<bndbox>
			<xmin>982</xmin>
			<ymin>1399</ymin>
			<xmax>1371</xmax>
			<ymax>1550</ymax>
		</bndbox>
	</object>
	<object>
		<name>ref_coin</name>
		<bndbox>
			<xmin>1702</xmin>
			<ymin>53</ymin>
			<xmax>1850</xmax>
			<ymax>200</ymax>
		</bndbox>
	</object>
	<object>
		<name>dish</name>
		<bndbox>
			<xmin>1080</xmin>
			<ymin>253</ymin>
			<xmax>2128</xmax>
			<ymax>1313</ymax>
		</bndbox>
	</object>
	<object>
		<name>부대찌개</name>
		<bndbox>
			<xmin>1183</xmin>
			<ymin>413</ymin>
			<xmax>2030</xmax>
			<ymax>1264</ymax>
		</bndbox>
	</object>
</annotation>