<annotation>
	<folder>재작업2</folder>
	<filename>top_건더기국류_전골냄비_부대찌개_Q4_00047.JPG</filename>
	<path>/top건더기국류전골냄비부대찌개q4/top_건더기국류_전골냄비_부대찌개_Q4_00047.JPG</path>
	<source>
		<database>fooddata</database>
	</source>
	<size>
		<width>3008</width>
		<height>2000</height>
		<depth>3</depth>
	</size>
	<object>
		<name>ref_spoon</name>
		<bndbox>
			<xmin>346</xmin>
			<ymin>390</ymin>
			<xmax>591</xmax>
			<ymax>733</ymax>
		</bndbox>
	</object>
	<object>
		<name>ref_fork</name>
		<bndbox>
			<xmin>703</xmin>
			<ymin>401</ymin>
			<xmax>866</xmax>
			<ymax>782</ymax>
		</bndbox>
	</object>
	<object>
		<name>ref_coin</name>
		<bndbox>
			<xmin>2147</xmin>
			<ymin>1332</ymin>
			<xmax>2316</xmax>
			<ymax>1512</ymax>
		</bndbox>
	</object>
	<object>
		<name>dish</name>
		<bndbox>
			<xmin>937</xmin>
			<ymin>354</ymin>
			<xmax>2202</xmax>
			<ymax>1572</ymax>
		</bndbox>
	</object>
	<object>
		<name>부대찌개</name>
		<bndbox>
			<xmin>1065</xmin>
			<ymin>510</ymin>
			<xmax>2044</xmax>
			<ymax>1488</ymax>
		</bndbox>
	</object>
</annotation>