<annotation>
	<folder>top건더기국류전골냄비부대찌개q4</folder>
	<filename>top_건더기국류_전골냄비_부대찌개_Q4_00055.JPG</filename>
	<path>/top건더기국류전골냄비부대찌개q4/top_건더기국류_전골냄비_부대찌개_Q4_00055.JPG</path>
	<source>
		<database>fooddata</database>
	</source>
	<size>
		<width>3008</width>
		<height>2000</height>
		<depth>3</depth>
	</size>
	<object>
		<name>ref_spoon</name>
		<bndbox>
			<xmin>655</xmin>
			<ymin>302</ymin>
			<xmax>888</xmax>
			<ymax>716</ymax>
		</bndbox>
	</object>
	<object>
		<name>ref_fork</name>
		<bndbox>
			<xmin>1003</xmin>
			<ymin>331</ymin>
			<xmax>1166</xmax>
			<ymax>761</ymax>
		</bndbox>
	</object>
	<object>
		<name>ref_coin</name>
		<bndbox>
			<xmin>246</xmin>
			<ymin>445</ymin>
			<xmax>417</xmax>
			<ymax>613</ymax>
		</bndbox>
	</object>
	<object>
		<name>dish</name>
		<bndbox>
			<xmin>1301</xmin>
			<ymin>278</ymin>
			<xmax>2570</xmax>
			<ymax>1505</ymax>
		</bndbox>
	</object>
	<object>
		<name>부대찌개</name>
		<bndbox>
			<xmin>1412</xmin>
			<ymin>396</ymin>
			<xmax>2402</xmax>
			<ymax>1411</ymax>
		</bndbox>
	</object>
</annotation>