<annotation>
	<folder>side볶음밥류사각배달새우볶음밥q3</folder>
	<filename>side_볶음밥류_사각배달_새우볶음밥_Q3_00015.JPG</filename>
	<path>/side볶음밥류사각배달새우볶음밥q3/side_볶음밥류_사각배달_새우볶음밥_Q3_00015.JPG</path>
	<source>
		<database>fooddata</database>
	</source>
	<size>
		<width>3008</width>
		<height>2000</height>
		<depth>3</depth>
	</size>
	<object>
		<name>ref_spoon</name>
		<bndbox>
			<xmin>535</xmin>
			<ymin>1653</ymin>
			<xmax>1085</xmax>
			<ymax>1903</ymax>
		</bndbox>
	</object>
	<object>
		<name>ref_fork</name>
		<bndbox>
			<xmin>588</xmin>
			<ymin>1397</ymin>
			<xmax>1158</xmax>
			<ymax>1623</ymax>
		</bndbox>
	</object>
	<object>
		<name>ref_coin</name>
		<bndbox>
			<xmin>2090</xmin>
			<ymin>812</ymin>
			<xmax>2291</xmax>
			<ymax>948</ymax>
		</bndbox>
	</object>
	<object>
		<name>dish</name>
		<bndbox>
			<xmin>654</xmin>
			<ymin>120</ymin>
			<xmax>1931</xmax>
			<ymax>1250</ymax>
		</bndbox>
	</object>
	<object>
		<name>새우볶음밥</name>
		<bndbox>
			<xmin>791</xmin>
			<ymin>265</ymin>
			<xmax>1792</xmax>
			<ymax>972</ymax>
		</bndbox>
	</object>
</annotation>