<annotation>
	<folder>side볶음밥류사각배달새우볶음밥q3</folder>
	<filename>side_볶음밥류_사각배달_새우볶음밥_Q3_00016.JPG</filename>
	<path>/side볶음밥류사각배달새우볶음밥q3/side_볶음밥류_사각배달_새우볶음밥_Q3_00016.JPG</path>
	<source>
		<database>fooddata</database>
	</source>
	<size>
		<width>3008</width>
		<height>2000</height>
		<depth>3</depth>
	</size>
	<object>
		<name>ref_spoon</name>
		<bndbox>
			<xmin>654</xmin>
			<ymin>1610</ymin>
			<xmax>1142</xmax>
			<ymax>1836</ymax>
		</bndbox>
	</object>
	<object>
		<name>ref_fork</name>
		<bndbox>
			<xmin>698</xmin>
			<ymin>1382</ymin>
			<xmax>1202</xmax>
			<ymax>1585</ymax>
		</bndbox>
	</object>
	<object>
		<name>ref_coin</name>
		<bndbox>
			<xmin>2010</xmin>
			<ymin>730</ymin>
			<xmax>2183</xmax>
			<ymax>847</ymax>
		</bndbox>
	</object>
	<object>
		<name>dish</name>
		<bndbox>
			<xmin>879</xmin>
			<ymin>222</ymin>
			<xmax>1872</xmax>
			<ymax>1203</ymax>
		</bndbox>
	</object>
	<object>
		<name>새우볶음밥</name>
		<bndbox>
			<xmin>953</xmin>
			<ymin>322</ymin>
			<xmax>1740</xmax>
			<ymax>961</ymax>
		</bndbox>
	</object>
</annotation>