<annotation>
	<folder>side볶음밥류사각배달새우볶음밥q3</folder>
	<filename>side_볶음밥류_사각배달_새우볶음밥_Q3_00050.JPG</filename>
	<path>/side볶음밥류사각배달새우볶음밥q3/side_볶음밥류_사각배달_새우볶음밥_Q3_00050.JPG</path>
	<source>
		<database>fooddata</database>
	</source>
	<size>
		<width>3008</width>
		<height>2000</height>
		<depth>3</depth>
	</size>
	<object>
		<name>ref_spoon</name>
		<bndbox>
			<xmin>87</xmin>
			<ymin>587</ymin>
			<xmax>400</xmax>
			<ymax>1032</ymax>
		</bndbox>
	</object>
	<object>
		<name>ref_fork</name>
		<bndbox>
			<xmin>516</xmin>
			<ymin>602</ymin>
			<xmax>721</xmax>
			<ymax>1088</ymax>
		</bndbox>
	</object>
	<object>
		<name>ref_coin</name>
		<bndbox>
			<xmin>2659</xmin>
			<ymin>1315</ymin>
			<xmax>2885</xmax>
			<ymax>1479</ymax>
		</bndbox>
	</object>
	<object>
		<name>dish</name>
		<bndbox>
			<xmin>1122</xmin>
			<ymin>425</ymin>
			<xmax>2394</xmax>
			<ymax>1733</ymax>
		</bndbox>
	</object>
	<object>
		<name>새우볶음밥</name>
		<bndbox>
			<xmin>1233</xmin>
			<ymin>645</ymin>
			<xmax>2259</xmax>
			<ymax>1445</ymax>
		</bndbox>
	</object>
</annotation>