<annotation>
	<folder>side볶음밥류사각배달새우볶음밥q3</folder>
	<filename>side_볶음밥류_사각배달_새우볶음밥_Q3_00053.JPG</filename>
	<path>/side볶음밥류사각배달새우볶음밥q3/side_볶음밥류_사각배달_새우볶음밥_Q3_00053.JPG</path>
	<source>
		<database>fooddata</database>
	</source>
	<size>
		<width>3008</width>
		<height>2000</height>
		<depth>3</depth>
	</size>
	<object>
		<name>ref_spoon</name>
		<bndbox>
			<xmin>310</xmin>
			<ymin>377</ymin>
			<xmax>587</xmax>
			<ymax>768</ymax>
		</bndbox>
	</object>
	<object>
		<name>ref_fork</name>
		<bndbox>
			<xmin>687</xmin>
			<ymin>388</ymin>
			<xmax>874</xmax>
			<ymax>838</ymax>
		</bndbox>
	</object>
	<object>
		<name>ref_coin</name>
		<bndbox>
			<xmin>2019</xmin>
			<ymin>1562</ymin>
			<xmax>2238</xmax>
			<ymax>1730</ymax>
		</bndbox>
	</object>
	<object>
		<name>dish</name>
		<bndbox>
			<xmin>1049</xmin>
			<ymin>376</ymin>
			<xmax>2613</xmax>
			<ymax>1272</ymax>
		</bndbox>
	</object>
	<object>
		<name>새우볶음밥</name>
		<bndbox>
			<xmin>1152</xmin>
			<ymin>491</ymin>
			<xmax>2453</xmax>
			<ymax>1009</ymax>
		</bndbox>
	</object>
</annotation>