<annotation>
	<folder>side볶음밥류사각배달새우볶음밥q3</folder>
	<filename>side_볶음밥류_사각배달_새우볶음밥_Q3_00041.JPG</filename>
	<path>/side볶음밥류사각배달새우볶음밥q3/side_볶음밥류_사각배달_새우볶음밥_Q3_00041.JPG</path>
	<source>
		<database>fooddata</database>
	</source>
	<size>
		<width>3008</width>
		<height>2000</height>
		<depth>3</depth>
	</size>
	<object>
		<name>ref_spoon</name>
		<bndbox>
			<xmin>216</xmin>
			<ymin>409</ymin>
			<xmax>524</xmax>
			<ymax>848</ymax>
		</bndbox>
	</object>
	<object>
		<name>ref_fork</name>
		<bndbox>
			<xmin>643</xmin>
			<ymin>418</ymin>
			<xmax>843</xmax>
			<ymax>902</ymax>
		</bndbox>
	</object>
	<object>
		<name>ref_coin</name>
		<bndbox>
			<xmin>2433</xmin>
			<ymin>1302</ymin>
			<xmax>2664</xmax>
			<ymax>1472</ymax>
		</bndbox>
	</object>
	<object>
		<name>dish</name>
		<bndbox>
			<xmin>1028</xmin>
			<ymin>202</ymin>
			<xmax>2295</xmax>
			<ymax>1485</ymax>
		</bndbox>
	</object>
	<object>
		<name>새우볶음밥</name>
		<bndbox>
			<xmin>1122</xmin>
			<ymin>274</ymin>
			<xmax>2119</xmax>
			<ymax>1186</ymax>
		</bndbox>
	</object>
</annotation>