<annotation>
	<folder>top볶음밥류사각배달새우볶음밥q3</folder>
	<filename>top_볶음밥류_사각배달_새우볶음밥_Q3_00035.JPG</filename>
	<path>/top볶음밥류사각배달새우볶음밥q3/top_볶음밥류_사각배달_새우볶음밥_Q3_00035.JPG</path>
	<source>
		<database>fooddata</database>
	</source>
	<size>
		<width>3008</width>
		<height>2000</height>
		<depth>3</depth>
	</size>
	<object>
		<name>ref_spoon</name>
		<bndbox>
			<xmin>344</xmin>
			<ymin>132</ymin>
			<xmax>639</xmax>
			<ymax>671</ymax>
		</bndbox>
	</object>
	<object>
		<name>ref_fork</name>
		<bndbox>
			<xmin>727</xmin>
			<ymin>208</ymin>
			<xmax>916</xmax>
			<ymax>771</ymax>
		</bndbox>
	</object>
	<object>
		<name>ref_coin</name>
		<bndbox>
			<xmin>2383</xmin>
			<ymin>1305</ymin>
			<xmax>2591</xmax>
			<ymax>1520</ymax>
		</bndbox>
	</object>
	<object>
		<name>dish</name>
		<bndbox>
			<xmin>1031</xmin>
			<ymin>217</ymin>
			<xmax>2282</xmax>
			<ymax>1898</ymax>
		</bndbox>
	</object>
	<object>
		<name>새우볶음밥</name>
		<bndbox>
			<xmin>1159</xmin>
			<ymin>345</ymin>
			<xmax>2142</xmax>
			<ymax>1751</ymax>
		</bndbox>
	</object>
</annotation>