<annotation>
	<folder>top볶음밥류사각배달새우볶음밥q3</folder>
	<filename>top_볶음밥류_사각배달_새우볶음밥_Q3_00046.JPG</filename>
	<path>/top볶음밥류사각배달새우볶음밥q3/top_볶음밥류_사각배달_새우볶음밥_Q3_00046.JPG</path>
	<source>
		<database>fooddata</database>
	</source>
	<size>
		<width>3008</width>
		<height>2000</height>
		<depth>3</depth>
	</size>
	<object>
		<name>ref_spoon</name>
		<bndbox>
			<xmin>399</xmin>
			<ymin>165</ymin>
			<xmax>665</xmax>
			<ymax>654</ymax>
		</bndbox>
	</object>
	<object>
		<name>ref_fork</name>
		<bndbox>
			<xmin>750</xmin>
			<ymin>223</ymin>
			<xmax>927</xmax>
			<ymax>738</ymax>
		</bndbox>
	</object>
	<object>
		<name>ref_coin</name>
		<bndbox>
			<xmin>2340</xmin>
			<ymin>1010</ymin>
			<xmax>2525</xmax>
			<ymax>1194</ymax>
		</bndbox>
	</object>
	<object>
		<name>dish</name>
		<bndbox>
			<xmin>1192</xmin>
			<ymin>218</ymin>
			<xmax>2280</xmax>
			<ymax>1690</ymax>
		</bndbox>
	</object>
	<object>
		<name>새우볶음밥</name>
		<bndbox>
			<xmin>1294</xmin>
			<ymin>396</ymin>
			<xmax>2133</xmax>
			<ymax>1579</ymax>
		</bndbox>
	</object>
</annotation>