<annotation>
	<folder>top볶음밥류사각배달새우볶음밥q3</folder>
	<filename>top_볶음밥류_사각배달_새우볶음밥_Q3_00042.JPG</filename>
	<path>/top볶음밥류사각배달새우볶음밥q3/top_볶음밥류_사각배달_새우볶음밥_Q3_00042.JPG</path>
	<source>
		<database>fooddata</database>
	</source>
	<size>
		<width>3008</width>
		<height>2000</height>
		<depth>3</depth>
	</size>
	<object>
		<name>ref_spoon</name>
		<bndbox>
			<xmin>461</xmin>
			<ymin>388</ymin>
			<xmax>720</xmax>
			<ymax>865</ymax>
		</bndbox>
	</object>
	<object>
		<name>ref_fork</name>
		<bndbox>
			<xmin>805</xmin>
			<ymin>438</ymin>
			<xmax>978</xmax>
			<ymax>942</ymax>
		</bndbox>
	</object>
	<object>
		<name>ref_coin</name>
		<bndbox>
			<xmin>1502</xmin>
			<ymin>259</ymin>
			<xmax>1681</xmax>
			<ymax>436</ymax>
		</bndbox>
	</object>
	<object>
		<name>dish</name>
		<bndbox>
			<xmin>1048</xmin>
			<ymin>643</ymin>
			<xmax>2556</xmax>
			<ymax>1733</ymax>
		</bndbox>
	</object>
	<object>
		<name>새우볶음밥</name>
		<bndbox>
			<xmin>1181</xmin>
			<ymin>784</ymin>
			<xmax>2407</xmax>
			<ymax>1630</ymax>
		</bndbox>
	</object>
</annotation>