<annotation>
	<folder>top볶음밥류사각배달새우볶음밥q3</folder>
	<filename>top_볶음밥류_사각배달_새우볶음밥_Q3_00001.JPG</filename>
	<path>/top볶음밥류사각배달새우볶음밥q3/top_볶음밥류_사각배달_새우볶음밥_Q3_00001.JPG</path>
	<source>
		<database>fooddata</database>
	</source>
	<size>
		<width>3008</width>
		<height>2000</height>
		<depth>3</depth>
	</size>
	<object>
		<name>ref_spoon</name>
		<bndbox>
			<xmin>1930</xmin>
			<ymin>224</ymin>
			<xmax>2172</xmax>
			<ymax>671</ymax>
		</bndbox>
	</object>
	<object>
		<name>ref_fork</name>
		<bndbox>
			<xmin>2234</xmin>
			<ymin>274</ymin>
			<xmax>2392</xmax>
			<ymax>758</ymax>
		</bndbox>
	</object>
	<object>
		<name>ref_coin</name>
		<bndbox>
			<xmin>1659</xmin>
			<ymin>356</ymin>
			<xmax>1825</xmax>
			<ymax>528</ymax>
		</bndbox>
	</object>
	<object>
		<name>dish</name>
		<bndbox>
			<xmin>380</xmin>
			<ymin>144</ymin>
			<xmax>1448</xmax>
			<ymax>1565</ymax>
		</bndbox>
	</object>
	<object>
		<name>새우볶음밥</name>
		<bndbox>
			<xmin>529</xmin>
			<ymin>267</ymin>
			<xmax>1354</xmax>
			<ymax>1459</ymax>
		</bndbox>
	</object>
</annotation>