<annotation>
	<folder>top볶음밥류사각배달새우볶음밥q3</folder>
	<filename>top_볶음밥류_사각배달_새우볶음밥_Q3_00007.JPG</filename>
	<path>/top볶음밥류사각배달새우볶음밥q3/top_볶음밥류_사각배달_새우볶음밥_Q3_00007.JPG</path>
	<source>
		<database>fooddata</database>
	</source>
	<size>
		<width>3008</width>
		<height>2000</height>
		<depth>3</depth>
	</size>
	<object>
		<name>ref_spoon</name>
		<bndbox>
			<xmin>1940</xmin>
			<ymin>411</ymin>
			<xmax>2157</xmax>
			<ymax>811</ymax>
		</bndbox>
	</object>
	<object>
		<name>ref_fork</name>
		<bndbox>
			<xmin>2201</xmin>
			<ymin>466</ymin>
			<xmax>2351</xmax>
			<ymax>895</ymax>
		</bndbox>
	</object>
	<object>
		<name>ref_coin</name>
		<bndbox>
			<xmin>767</xmin>
			<ymin>1507</ymin>
			<xmax>938</xmax>
			<ymax>1676</ymax>
		</bndbox>
	</object>
	<object>
		<name>dish</name>
		<bndbox>
			<xmin>799</xmin>
			<ymin>204</ymin>
			<xmax>1863</xmax>
			<ymax>1461</ymax>
		</bndbox>
	</object>
	<object>
		<name>새우볶음밥</name>
		<bndbox>
			<xmin>915</xmin>
			<ymin>371</ymin>
			<xmax>1745</xmax>
			<ymax>1394</ymax>
		</bndbox>
	</object>
</annotation>