<annotation>
	<folder>side주먹밥김밥류접시참치마요삼각김밥q5</folder>
	<filename>side_주먹밥김밥류_접시_참치마요삼각김밥_Q5_00054.JPG</filename>
	<path>/side주먹밥김밥류접시참치마요삼각김밥q5/side_주먹밥김밥류_접시_참치마요삼각김밥_Q5_00054.JPG</path>
	<source>
		<database>fooddata</database>
	</source>
	<size>
		<width>3008</width>
		<height>2000</height>
		<depth>3</depth>
	</size>
	<object>
		<name>ref_spoon</name>
		<bndbox>
			<xmin>460</xmin>
			<ymin>342</ymin>
			<xmax>762</xmax>
			<ymax>754</ymax>
		</bndbox>
	</object>
	<object>
		<name>ref_fork</name>
		<bndbox>
			<xmin>858</xmin>
			<ymin>393</ymin>
			<xmax>1067</xmax>
			<ymax>870</ymax>
		</bndbox>
	</object>
	<object>
		<name>ref_coin</name>
		<bndbox>
			<xmin>2128</xmin>
			<ymin>1509</ymin>
			<xmax>2366</xmax>
			<ymax>1713</ymax>
		</bndbox>
	</object>
	<object>
		<name>dish</name>
		<bndbox>
			<xmin>1121</xmin>
			<ymin>408</ymin>
			<xmax>2364</xmax>
			<ymax>1371</ymax>
		</bndbox>
	</object>
	<object>
		<name>참치마요삼각김밥</name>
		<bndbox>
			<xmin>1315</xmin>
			<ymin>484</ymin>
			<xmax>2192</xmax>
			<ymax>1211</ymax>
		</bndbox>
	</object>
</annotation>