<annotation>
	<folder>side주먹밥김밥류접시참치마요삼각김밥q5</folder>
	<filename>side_주먹밥김밥류_접시_참치마요삼각김밥_Q5_00045.JPG</filename>
	<path>/side주먹밥김밥류접시참치마요삼각김밥q5/side_주먹밥김밥류_접시_참치마요삼각김밥_Q5_00045.JPG</path>
	<source>
		<database>fooddata</database>
	</source>
	<size>
		<width>3008</width>
		<height>2000</height>
		<depth>3</depth>
	</size>
	<object>
		<name>ref_spoon</name>
		<bndbox>
			<xmin>293</xmin>
			<ymin>170</ymin>
			<xmax>624</xmax>
			<ymax>617</ymax>
		</bndbox>
	</object>
	<object>
		<name>ref_fork</name>
		<bndbox>
			<xmin>723</xmin>
			<ymin>238</ymin>
			<xmax>966</xmax>
			<ymax>744</ymax>
		</bndbox>
	</object>
	<object>
		<name>ref_coin</name>
		<bndbox>
			<xmin>2698</xmin>
			<ymin>924</ymin>
			<xmax>2949</xmax>
			<ymax>1123</ymax>
		</bndbox>
	</object>
	<object>
		<name>dish</name>
		<bndbox>
			<xmin>1010</xmin>
			<ymin>302</ymin>
			<xmax>2393</xmax>
			<ymax>1349</ymax>
		</bndbox>
	</object>
	<object>
		<name>참치마요삼각김밥</name>
		<bndbox>
			<xmin>1221</xmin>
			<ymin>499</ymin>
			<xmax>2042</xmax>
			<ymax>1238</ymax>
		</bndbox>
	</object>
</annotation>