<annotation>
	<folder>side주먹밥김밥류접시참치마요삼각김밥q5</folder>
	<filename>side_주먹밥김밥류_접시_참치마요삼각김밥_Q5_00036.JPG</filename>
	<path>/side주먹밥김밥류접시참치마요삼각김밥q5/side_주먹밥김밥류_접시_참치마요삼각김밥_Q5_00036.JPG</path>
	<source>
		<database>fooddata</database>
	</source>
	<size>
		<width>3008</width>
		<height>2000</height>
		<depth>3</depth>
	</size>
	<object>
		<name>ref_spoon</name>
		<bndbox>
			<xmin>406</xmin>
			<ymin>187</ymin>
			<xmax>730</xmax>
			<ymax>624</ymax>
		</bndbox>
	</object>
	<object>
		<name>ref_fork</name>
		<bndbox>
			<xmin>838</xmin>
			<ymin>246</ymin>
			<xmax>1069</xmax>
			<ymax>789</ymax>
		</bndbox>
	</object>
	<object>
		<name>ref_coin</name>
		<bndbox>
			<xmin>1710</xmin>
			<ymin>1560</ymin>
			<xmax>1971</xmax>
			<ymax>1781</ymax>
		</bndbox>
	</object>
	<object>
		<name>dish</name>
		<bndbox>
			<xmin>1126</xmin>
			<ymin>297</ymin>
			<xmax>2516</xmax>
			<ymax>1349</ymax>
		</bndbox>
	</object>
	<object>
		<name>참치마요삼각김밥</name>
		<bndbox>
			<xmin>1288</xmin>
			<ymin>484</ymin>
			<xmax>2263</xmax>
			<ymax>1292</ymax>
		</bndbox>
	</object>
</annotation>