<annotation>
	<folder>side주먹밥김밥류접시참치마요삼각김밥q5</folder>
	<filename>side_주먹밥김밥류_접시_참치마요삼각김밥_Q5_00001.JPG</filename>
	<path>/side주먹밥김밥류접시참치마요삼각김밥q5/side_주먹밥김밥류_접시_참치마요삼각김밥_Q5_00001.JPG</path>
	<source>
		<database>fooddata</database>
	</source>
	<size>
		<width>3008</width>
		<height>2000</height>
		<depth>3</depth>
	</size>
	<object>
		<name>ref_spoon</name>
		<bndbox>
			<xmin>1693</xmin>
			<ymin>307</ymin>
			<xmax>1988</xmax>
			<ymax>708</ymax>
		</bndbox>
	</object>
	<object>
		<name>ref_fork</name>
		<bndbox>
			<xmin>2106</xmin>
			<ymin>295</ymin>
			<xmax>2325</xmax>
			<ymax>744</ymax>
		</bndbox>
	</object>
	<object>
		<name>ref_coin</name>
		<bndbox>
			<xmin>1374</xmin>
			<ymin>1305</ymin>
			<xmax>1612</xmax>
			<ymax>1509</ymax>
		</bndbox>
	</object>
	<object>
		<name>dish</name>
		<bndbox>
			<xmin>398</xmin>
			<ymin>290</ymin>
			<xmax>1654</xmax>
			<ymax>1204</ymax>
		</bndbox>
	</object>
	<object>
		<name>참치마요삼각김밥</name>
		<bndbox>
			<xmin>504</xmin>
			<ymin>302</ymin>
			<xmax>1303</xmax>
			<ymax>988</ymax>
		</bndbox>
	</object>
</annotation>