<annotation>
	<folder>side주먹밥김밥류접시참치마요삼각김밥q5</folder>
	<filename>side_주먹밥김밥류_접시_참치마요삼각김밥_Q5_00009.JPG</filename>
	<path>/side주먹밥김밥류접시참치마요삼각김밥q5/side_주먹밥김밥류_접시_참치마요삼각김밥_Q5_00009.JPG</path>
	<source>
		<database>fooddata</database>
	</source>
	<size>
		<width>3008</width>
		<height>2000</height>
		<depth>3</depth>
	</size>
	<object>
		<name>ref_spoon</name>
		<bndbox>
			<xmin>1934</xmin>
			<ymin>521</ymin>
			<xmax>2207</xmax>
			<ymax>904</ymax>
		</bndbox>
	</object>
	<object>
		<name>ref_fork</name>
		<bndbox>
			<xmin>2303</xmin>
			<ymin>523</ymin>
			<xmax>2504</xmax>
			<ymax>961</ymax>
		</bndbox>
	</object>
	<object>
		<name>ref_coin</name>
		<bndbox>
			<xmin>912</xmin>
			<ymin>165</ymin>
			<xmax>1104</xmax>
			<ymax>305</ymax>
		</bndbox>
	</object>
	<object>
		<name>dish</name>
		<bndbox>
			<xmin>602</xmin>
			<ymin>609</ymin>
			<xmax>1772</xmax>
			<ymax>1511</ymax>
		</bndbox>
	</object>
	<object>
		<name>참치마요삼각김밥</name>
		<bndbox>
			<xmin>821</xmin>
			<ymin>631</ymin>
			<xmax>1659</xmax>
			<ymax>1275</ymax>
		</bndbox>
	</object>
</annotation>