<annotation>
	<folder>top주먹밥김밥류접시참치마요삼각김밥q5</folder>
	<filename>top_주먹밥김밥류_접시_참치마요삼각김밥_Q5_00014.JPG</filename>
	<path>/top주먹밥김밥류접시참치마요삼각김밥q5/top_주먹밥김밥류_접시_참치마요삼각김밥_Q5_00014.JPG</path>
	<source>
		<database>fooddata</database>
	</source>
	<size>
		<width>3008</width>
		<height>2000</height>
		<depth>3</depth>
	</size>
	<object>
		<name>ref_spoon</name>
		<bndbox>
			<xmin>1866</xmin>
			<ymin>284</ymin>
			<xmax>2127</xmax>
			<ymax>777</ymax>
		</bndbox>
	</object>
	<object>
		<name>ref_fork</name>
		<bndbox>
			<xmin>2225</xmin>
			<ymin>316</ymin>
			<xmax>2424</xmax>
			<ymax>881</ymax>
		</bndbox>
	</object>
	<object>
		<name>ref_coin</name>
		<bndbox>
			<xmin>1171</xmin>
			<ymin>310</ymin>
			<xmax>1361</xmax>
			<ymax>506</ymax>
		</bndbox>
	</object>
	<object>
		<name>dish</name>
		<bndbox>
			<xmin>346</xmin>
			<ymin>558</ymin>
			<xmax>1488</xmax>
			<ymax>1680</ymax>
		</bndbox>
	</object>
	<object>
		<name>참치마요삼각김밥</name>
		<bndbox>
			<xmin>636</xmin>
			<ymin>799</ymin>
			<xmax>1367</xmax>
			<ymax>1520</ymax>
		</bndbox>
	</object>
</annotation>