<annotation>
	<folder>top주먹밥김밥류접시참치마요삼각김밥q5</folder>
	<filename>top_주먹밥김밥류_접시_참치마요삼각김밥_Q5_00018.JPG</filename>
	<path>/top주먹밥김밥류접시참치마요삼각김밥q5/top_주먹밥김밥류_접시_참치마요삼각김밥_Q5_00018.JPG</path>
	<source>
		<database>fooddata</database>
	</source>
	<size>
		<width>3008</width>
		<height>2000</height>
		<depth>3</depth>
	</size>
	<object>
		<name>ref_spoon</name>
		<bndbox>
			<xmin>626</xmin>
			<ymin>1546</ymin>
			<xmax>1139</xmax>
			<ymax>1840</ymax>
		</bndbox>
	</object>
	<object>
		<name>ref_fork</name>
		<bndbox>
			<xmin>666</xmin>
			<ymin>1292</ymin>
			<xmax>1210</xmax>
			<ymax>1468</ymax>
		</bndbox>
	</object>
	<object>
		<name>ref_coin</name>
		<bndbox>
			<xmin>1967</xmin>
			<ymin>1018</ymin>
			<xmax>2173</xmax>
			<ymax>1220</ymax>
		</bndbox>
	</object>
	<object>
		<name>dish</name>
		<bndbox>
			<xmin>822</xmin>
			<ymin>146</ymin>
			<xmax>1909</xmax>
			<ymax>1213</ymax>
		</bndbox>
	</object>
	<object>
		<name>참치마요삼각김밥</name>
		<bndbox>
			<xmin>1109</xmin>
			<ymin>287</ymin>
			<xmax>1507</xmax>
			<ymax>1008</ymax>
		</bndbox>
	</object>
</annotation>