<annotation>
	<folder>top주먹밥김밥류접시참치마요삼각김밥q5</folder>
	<filename>top_주먹밥김밥류_접시_참치마요삼각김밥_Q5_00053.JPG</filename>
	<path>/top주먹밥김밥류접시참치마요삼각김밥q5/top_주먹밥김밥류_접시_참치마요삼각김밥_Q5_00053.JPG</path>
	<source>
		<database>fooddata</database>
	</source>
	<size>
		<width>3008</width>
		<height>2000</height>
		<depth>3</depth>
	</size>
	<object>
		<name>ref_spoon</name>
		<bndbox>
			<xmin>568</xmin>
			<ymin>378</ymin>
			<xmax>838</xmax>
			<ymax>903</ymax>
		</bndbox>
	</object>
	<object>
		<name>ref_fork</name>
		<bndbox>
			<xmin>972</xmin>
			<ymin>398</ymin>
			<xmax>1165</xmax>
			<ymax>978</ymax>
		</bndbox>
	</object>
	<object>
		<name>ref_coin</name>
		<bndbox>
			<xmin>1592</xmin>
			<ymin>248</ymin>
			<xmax>1801</xmax>
			<ymax>443</ymax>
		</bndbox>
	</object>
	<object>
		<name>dish</name>
		<bndbox>
			<xmin>1416</xmin>
			<ymin>590</ymin>
			<xmax>2555</xmax>
			<ymax>1726</ymax>
		</bndbox>
	</object>
	<object>
		<name>참치마요삼각김밥</name>
		<bndbox>
			<xmin>1576</xmin>
			<ymin>721</ymin>
			<xmax>2330</xmax>
			<ymax>1442</ymax>
		</bndbox>
	</object>
</annotation>