<annotation>
	<folder>top주먹밥김밥류접시참치마요삼각김밥q5</folder>
	<filename>top_주먹밥김밥류_접시_참치마요삼각김밥_Q5_00042.JPG</filename>
	<path>/top주먹밥김밥류접시참치마요삼각김밥q5/top_주먹밥김밥류_접시_참치마요삼각김밥_Q5_00042.JPG</path>
	<source>
		<database>fooddata</database>
	</source>
	<size>
		<width>3008</width>
		<height>2000</height>
		<depth>3</depth>
	</size>
	<object>
		<name>ref_spoon</name>
		<bndbox>
			<xmin>300</xmin>
			<ymin>234</ymin>
			<xmax>581</xmax>
			<ymax>812</ymax>
		</bndbox>
	</object>
	<object>
		<name>ref_fork</name>
		<bndbox>
			<xmin>715</xmin>
			<ymin>218</ymin>
			<xmax>917</xmax>
			<ymax>858</ymax>
		</bndbox>
	</object>
	<object>
		<name>ref_coin</name>
		<bndbox>
			<xmin>1351</xmin>
			<ymin>1553</ymin>
			<xmax>1569</xmax>
			<ymax>1774</ymax>
		</bndbox>
	</object>
	<object>
		<name>dish</name>
		<bndbox>
			<xmin>1188</xmin>
			<ymin>329</ymin>
			<xmax>2336</xmax>
			<ymax>1448</ymax>
		</bndbox>
	</object>
	<object>
		<name>참치마요삼각김밥</name>
		<bndbox>
			<xmin>1406</xmin>
			<ymin>590</ymin>
			<xmax>2108</xmax>
			<ymax>1220</ymax>
		</bndbox>
	</object>
</annotation>