<annotation>
	<folder>top주먹밥김밥류접시참치마요삼각김밥q5</folder>
	<filename>top_주먹밥김밥류_접시_참치마요삼각김밥_Q5_00055.JPG</filename>
	<path>/top주먹밥김밥류접시참치마요삼각김밥q5/top_주먹밥김밥류_접시_참치마요삼각김밥_Q5_00055.JPG</path>
	<source>
		<database>fooddata</database>
	</source>
	<size>
		<width>3008</width>
		<height>2000</height>
		<depth>3</depth>
	</size>
	<object>
		<name>ref_spoon</name>
		<bndbox>
			<xmin>574</xmin>
			<ymin>277</ymin>
			<xmax>861</xmax>
			<ymax>792</ymax>
		</bndbox>
	</object>
	<object>
		<name>ref_fork</name>
		<bndbox>
			<xmin>1011</xmin>
			<ymin>303</ymin>
			<xmax>1214</xmax>
			<ymax>848</ymax>
		</bndbox>
	</object>
	<object>
		<name>ref_coin</name>
		<bndbox>
			<xmin>235</xmin>
			<ymin>939</ymin>
			<xmax>457</xmax>
			<ymax>1158</ymax>
		</bndbox>
	</object>
	<object>
		<name>dish</name>
		<bndbox>
			<xmin>1491</xmin>
			<ymin>502</ymin>
			<xmax>2708</xmax>
			<ymax>1726</ymax>
		</bndbox>
	</object>
	<object>
		<name>참치마요삼각김밥</name>
		<bndbox>
			<xmin>1745</xmin>
			<ymin>646</ymin>
			<xmax>2467</xmax>
			<ymax>1481</ymax>
		</bndbox>
	</object>
</annotation>