<annotation>
	<folder>top주먹밥김밥류접시참치마요삼각김밥q5</folder>
	<filename>top_주먹밥김밥류_접시_참치마요삼각김밥_Q5_00002.JPG</filename>
	<path>/top주먹밥김밥류접시참치마요삼각김밥q5/top_주먹밥김밥류_접시_참치마요삼각김밥_Q5_00002.JPG</path>
	<source>
		<database>fooddata</database>
	</source>
	<size>
		<width>3008</width>
		<height>2000</height>
		<depth>3</depth>
	</size>
	<object>
		<name>ref_spoon</name>
		<bndbox>
			<xmin>1759</xmin>
			<ymin>268</ymin>
			<xmax>2020</xmax>
			<ymax>711</ymax>
		</bndbox>
	</object>
	<object>
		<name>ref_fork</name>
		<bndbox>
			<xmin>2121</xmin>
			<ymin>277</ymin>
			<xmax>2313</xmax>
			<ymax>760</ymax>
		</bndbox>
	</object>
	<object>
		<name>ref_coin</name>
		<bndbox>
			<xmin>1403</xmin>
			<ymin>1396</ymin>
			<xmax>1595</xmax>
			<ymax>1605</ymax>
		</bndbox>
	</object>
	<object>
		<name>dish</name>
		<bndbox>
			<xmin>493</xmin>
			<ymin>294</ymin>
			<xmax>1628</xmax>
			<ymax>1403</ymax>
		</bndbox>
	</object>
	<object>
		<name>참치마요삼각김밥</name>
		<bndbox>
			<xmin>666</xmin>
			<ymin>450</ymin>
			<xmax>1458</xmax>
			<ymax>1080</ymax>
		</bndbox>
	</object>
</annotation>