<annotation>
	<folder>top주먹밥김밥류접시참치마요삼각김밥q5</folder>
	<filename>top_주먹밥김밥류_접시_참치마요삼각김밥_Q5_00054.JPG</filename>
	<path>/top주먹밥김밥류접시참치마요삼각김밥q5/top_주먹밥김밥류_접시_참치마요삼각김밥_Q5_00054.JPG</path>
	<source>
		<database>fooddata</database>
	</source>
	<size>
		<width>3008</width>
		<height>2000</height>
		<depth>3</depth>
	</size>
	<object>
		<name>ref_spoon</name>
		<bndbox>
			<xmin>369</xmin>
			<ymin>261</ymin>
			<xmax>685</xmax>
			<ymax>818</ymax>
		</bndbox>
	</object>
	<object>
		<name>ref_fork</name>
		<bndbox>
			<xmin>822</xmin>
			<ymin>274</ymin>
			<xmax>1044</xmax>
			<ymax>822</ymax>
		</bndbox>
	</object>
	<object>
		<name>ref_coin</name>
		<bndbox>
			<xmin>1269</xmin>
			<ymin>234</ymin>
			<xmax>1494</xmax>
			<ymax>463</ymax>
		</bndbox>
	</object>
	<object>
		<name>dish</name>
		<bndbox>
			<xmin>1305</xmin>
			<ymin>479</ymin>
			<xmax>2529</xmax>
			<ymax>1696</ymax>
		</bndbox>
	</object>
	<object>
		<name>참치마요삼각김밥</name>
		<bndbox>
			<xmin>1693</xmin>
			<ymin>688</ymin>
			<xmax>2251</xmax>
			<ymax>1497</ymax>
		</bndbox>
	</object>
</annotation>