<annotation>
	<folder>top주먹밥김밥류접시참치마요삼각김밥q5</folder>
	<filename>top_주먹밥김밥류_접시_참치마요삼각김밥_Q5_00043.JPG</filename>
	<path>/top주먹밥김밥류접시참치마요삼각김밥q5/top_주먹밥김밥류_접시_참치마요삼각김밥_Q5_00043.JPG</path>
	<source>
		<database>fooddata</database>
	</source>
	<size>
		<width>3008</width>
		<height>2000</height>
		<depth>3</depth>
	</size>
	<object>
		<name>ref_spoon</name>
		<bndbox>
			<xmin>303</xmin>
			<ymin>212</ymin>
			<xmax>594</xmax>
			<ymax>724</ymax>
		</bndbox>
	</object>
	<object>
		<name>ref_fork</name>
		<bndbox>
			<xmin>724</xmin>
			<ymin>202</ymin>
			<xmax>933</xmax>
			<ymax>802</ymax>
		</bndbox>
	</object>
	<object>
		<name>ref_coin</name>
		<bndbox>
			<xmin>1628</xmin>
			<ymin>1572</ymin>
			<xmax>1840</xmax>
			<ymax>1797</ymax>
		</bndbox>
	</object>
	<object>
		<name>dish</name>
		<bndbox>
			<xmin>1204</xmin>
			<ymin>303</ymin>
			<xmax>2326</xmax>
			<ymax>1416</ymax>
		</bndbox>
	</object>
	<object>
		<name>참치마요삼각김밥</name>
		<bndbox>
			<xmin>1416</xmin>
			<ymin>411</ymin>
			<xmax>2163</xmax>
			<ymax>1132</ymax>
		</bndbox>
	</object>
</annotation>