<annotation>
	<folder>side어육류정형접시떡갈비q1</folder>
	<filename>side_어육류정형_접시_떡갈비_Q1_00027.JPG</filename>
	<path>/side어육류정형접시떡갈비q1/side_어육류정형_접시_떡갈비_Q1_00027.JPG</path>
	<source>
		<database>fooddata</database>
	</source>
	<size>
		<width>5472</width>
		<height>3648</height>
		<depth>3</depth>
	</size>
	<object>
		<name>ref_spoon</name>
		<bndbox>
			<xmin>1871</xmin>
			<ymin>2992</ymin>
			<xmax>2835</xmax>
			<ymax>3509</ymax>
		</bndbox>
	</object>
	<object>
		<name>ref_fork</name>
		<bndbox>
			<xmin>1921</xmin>
			<ymin>2535</ymin>
			<xmax>2915</xmax>
			<ymax>2902</ymax>
		</bndbox>
	</object>
	<object>
		<name>ref_coin</name>
		<bndbox>
			<xmin>1762</xmin>
			<ymin>1968</ymin>
			<xmax>2159</xmax>
			<ymax>2306</ymax>
		</bndbox>
	</object>
	<object>
		<name>dish</name>
		<bndbox>
			<xmin>2060</xmin>
			<ymin>149</ymin>
			<xmax>4545</xmax>
			<ymax>2117</ymax>
		</bndbox>
	</object>
	<object>
		<name>떡갈비</name>
		<bndbox>
			<xmin>2746</xmin>
			<ymin>706</ymin>
			<xmax>3631</xmax>
			<ymax>1501</ymax>
		</bndbox>
	</object>
</annotation>