<annotation>
	<folder>side어육류정형접시떡갈비q1</folder>
	<filename>side_어육류정형_접시_떡갈비_Q1_00035.JPG</filename>
	<path>/side어육류정형접시떡갈비q1/side_어육류정형_접시_떡갈비_Q1_00035.JPG</path>
	<source>
		<database>fooddata</database>
	</source>
	<size>
		<width>5472</width>
		<height>3648</height>
		<depth>3</depth>
	</size>
	<object>
		<name>ref_spoon</name>
		<bndbox>
			<xmin>509</xmin>
			<ymin>944</ymin>
			<xmax>1066</xmax>
			<ymax>1809</ymax>
		</bndbox>
	</object>
	<object>
		<name>ref_fork</name>
		<bndbox>
			<xmin>1205</xmin>
			<ymin>924</ymin>
			<xmax>1603</xmax>
			<ymax>1869</ymax>
		</bndbox>
	</object>
	<object>
		<name>ref_coin</name>
		<bndbox>
			<xmin>4684</xmin>
			<ymin>1571</ymin>
			<xmax>5112</xmax>
			<ymax>1918</ymax>
		</bndbox>
	</object>
	<object>
		<name>dish</name>
		<bndbox>
			<xmin>1792</xmin>
			<ymin>646</ymin>
			<xmax>4545</xmax>
			<ymax>2893</ymax>
		</bndbox>
	</object>
	<object>
		<name>떡갈비</name>
		<bndbox>
			<xmin>2994</xmin>
			<ymin>1720</ymin>
			<xmax>3988</xmax>
			<ymax>2674</ymax>
		</bndbox>
	</object>
</annotation>