<annotation>
	<folder>side어육류정형접시떡갈비q1</folder>
	<filename>side_어육류정형_접시_떡갈비_Q1_00013.JPG</filename>
	<path>/side어육류정형접시떡갈비q1/side_어육류정형_접시_떡갈비_Q1_00013.JPG</path>
	<source>
		<database>fooddata</database>
	</source>
	<size>
		<width>5472</width>
		<height>3648</height>
		<depth>3</depth>
	</size>
	<object>
		<name>ref_spoon</name>
		<bndbox>
			<xmin>1990</xmin>
			<ymin>2922</ymin>
			<xmax>2915</xmax>
			<ymax>3449</ymax>
		</bndbox>
	</object>
	<object>
		<name>ref_fork</name>
		<bndbox>
			<xmin>2060</xmin>
			<ymin>2465</ymin>
			<xmax>3084</xmax>
			<ymax>2843</ymax>
		</bndbox>
	</object>
	<object>
		<name>ref_coin</name>
		<bndbox>
			<xmin>4247</xmin>
			<ymin>1451</ymin>
			<xmax>4625</xmax>
			<ymax>1799</ymax>
		</bndbox>
	</object>
	<object>
		<name>dish</name>
		<bndbox>
			<xmin>1712</xmin>
			<ymin>189</ymin>
			<xmax>4227</xmax>
			<ymax>2217</ymax>
		</bndbox>
	</object>
	<object>
		<name>떡갈비</name>
		<bndbox>
			<xmin>2577</xmin>
			<ymin>845</ymin>
			<xmax>3491</xmax>
			<ymax>1680</ymax>
		</bndbox>
	</object>
</annotation>