<annotation>
	<folder>side어육류정형접시떡갈비q1</folder>
	<filename>side_어육류정형_접시_떡갈비_Q1_00037.JPG</filename>
	<path>/side어육류정형접시떡갈비q1/side_어육류정형_접시_떡갈비_Q1_00037.JPG</path>
	<source>
		<database>fooddata</database>
	</source>
	<size>
		<width>5472</width>
		<height>3648</height>
		<depth>3</depth>
	</size>
	<object>
		<name>ref_spoon</name>
		<bndbox>
			<xmin>619</xmin>
			<ymin>964</ymin>
			<xmax>1175</xmax>
			<ymax>1829</ymax>
		</bndbox>
	</object>
	<object>
		<name>ref_fork</name>
		<bndbox>
			<xmin>1315</xmin>
			<ymin>934</ymin>
			<xmax>1702</xmax>
			<ymax>1889</ymax>
		</bndbox>
	</object>
	<object>
		<name>ref_coin</name>
		<bndbox>
			<xmin>4525</xmin>
			<ymin>865</ymin>
			<xmax>4913</xmax>
			<ymax>1193</ymax>
		</bndbox>
	</object>
	<object>
		<name>dish</name>
		<bndbox>
			<xmin>1891</xmin>
			<ymin>626</ymin>
			<xmax>4664</xmax>
			<ymax>2902</ymax>
		</bndbox>
	</object>
	<object>
		<name>떡갈비</name>
		<bndbox>
			<xmin>2497</xmin>
			<ymin>924</ymin>
			<xmax>3491</xmax>
			<ymax>1809</ymax>
		</bndbox>
	</object>
</annotation>