<annotation>
	<folder>side어육류정형접시떡갈비q1</folder>
	<filename>side_어육류정형_접시_떡갈비_Q1_00028.JPG</filename>
	<path>/side어육류정형접시떡갈비q1/side_어육류정형_접시_떡갈비_Q1_00028.JPG</path>
	<source>
		<database>fooddata</database>
	</source>
	<size>
		<width>5472</width>
		<height>3648</height>
		<depth>3</depth>
	</size>
	<object>
		<name>ref_spoon</name>
		<bndbox>
			<xmin>1881</xmin>
			<ymin>2972</ymin>
			<xmax>2816</xmax>
			<ymax>3509</ymax>
		</bndbox>
	</object>
	<object>
		<name>ref_fork</name>
		<bndbox>
			<xmin>1941</xmin>
			<ymin>2525</ymin>
			<xmax>2915</xmax>
			<ymax>2893</ymax>
		</bndbox>
	</object>
	<object>
		<name>ref_coin</name>
		<bndbox>
			<xmin>1981</xmin>
			<ymin>2077</ymin>
			<xmax>2378</xmax>
			<ymax>2435</ymax>
		</bndbox>
	</object>
	<object>
		<name>dish</name>
		<bndbox>
			<xmin>2060</xmin>
			<ymin>209</ymin>
			<xmax>4545</xmax>
			<ymax>2197</ymax>
		</bndbox>
	</object>
	<object>
		<name>떡갈비</name>
		<bndbox>
			<xmin>2726</xmin>
			<ymin>785</ymin>
			<xmax>3650</xmax>
			<ymax>1600</ymax>
		</bndbox>
	</object>
</annotation>