<annotation>
	<folder>top어육류정형접시떡갈비q1</folder>
	<filename>top_어육류정형_접시_떡갈비_Q1_00012.JPG</filename>
	<path>/top어육류정형접시떡갈비q1/top_어육류정형_접시_떡갈비_Q1_00012.JPG</path>
	<source>
		<database>fooddata</database>
	</source>
	<size>
		<width>5472</width>
		<height>3648</height>
		<depth>3</depth>
	</size>
	<object>
		<name>ref_spoon</name>
		<bndbox>
			<xmin>4050</xmin>
			<ymin>481</ymin>
			<xmax>4603</xmax>
			<ymax>1343</ymax>
		</bndbox>
	</object>
	<object>
		<name>ref_fork</name>
		<bndbox>
			<xmin>4703</xmin>
			<ymin>510</ymin>
			<xmax>5084</xmax>
			<ymax>1391</ymax>
		</bndbox>
	</object>
	<object>
		<name>ref_coin</name>
		<bndbox>
			<xmin>3736</xmin>
			<ymin>2386</ymin>
			<xmax>4117</xmax>
			<ymax>2796</ymax>
		</bndbox>
	</object>
	<object>
		<name>dish</name>
		<bndbox>
			<xmin>879</xmin>
			<ymin>367</ymin>
			<xmax>3774</xmax>
			<ymax>3234</ymax>
		</bndbox>
	</object>
	<object>
		<name>떡갈비</name>
		<bndbox>
			<xmin>1855</xmin>
			<ymin>1205</ymin>
			<xmax>2898</xmax>
			<ymax>2295</ymax>
		</bndbox>
	</object>
</annotation>