<annotation>
	<folder>top어육류정형접시떡갈비q1</folder>
	<filename>top_어육류정형_접시_떡갈비_Q1_00024.JPG</filename>
	<path>/top어육류정형접시떡갈비q1/top_어육류정형_접시_떡갈비_Q1_00024.JPG</path>
	<source>
		<database>fooddata</database>
	</source>
	<size>
		<width>5472</width>
		<height>3648</height>
		<depth>3</depth>
	</size>
	<object>
		<name>ref_spoon</name>
		<bndbox>
			<xmin>2036</xmin>
			<ymin>2981</ymin>
			<xmax>2684</xmax>
			<ymax>3443</ymax>
		</bndbox>
	</object>
	<object>
		<name>ref_fork</name>
		<bndbox>
			<xmin>2126</xmin>
			<ymin>2572</ymin>
			<xmax>2860</xmax>
			<ymax>2872</ymax>
		</bndbox>
	</object>
	<object>
		<name>ref_coin</name>
		<bndbox>
			<xmin>1974</xmin>
			<ymin>1567</ymin>
			<xmax>2279</xmax>
			<ymax>1857</ymax>
		</bndbox>
	</object>
	<object>
		<name>dish</name>
		<bndbox>
			<xmin>2474</xmin>
			<ymin>391</ymin>
			<xmax>4622</xmax>
			<ymax>2505</ymax>
		</bndbox>
	</object>
	<object>
		<name>떡갈비</name>
		<bndbox>
			<xmin>3207</xmin>
			<ymin>476</ymin>
			<xmax>4008</xmax>
			<ymax>1286</ymax>
		</bndbox>
	</object>
</annotation>