<annotation>
	<folder>top어육류정형접시떡갈비q1</folder>
	<filename>top_어육류정형_접시_떡갈비_Q1_00006.JPG</filename>
	<path>/top어육류정형접시떡갈비q1/top_어육류정형_접시_떡갈비_Q1_00006.JPG</path>
	<source>
		<database>fooddata</database>
	</source>
	<size>
		<width>5472</width>
		<height>3648</height>
		<depth>3</depth>
	</size>
	<object>
		<name>ref_spoon</name>
		<bndbox>
			<xmin>3998</xmin>
			<ymin>424</ymin>
			<xmax>4512</xmax>
			<ymax>1233</ymax>
		</bndbox>
	</object>
	<object>
		<name>ref_fork</name>
		<bndbox>
			<xmin>4627</xmin>
			<ymin>419</ymin>
			<xmax>4965</xmax>
			<ymax>1276</ymax>
		</bndbox>
	</object>
	<object>
		<name>ref_coin</name>
		<bndbox>
			<xmin>1174</xmin>
			<ymin>524</ymin>
			<xmax>1545</xmax>
			<ymax>881</ymax>
		</bndbox>
	</object>
	<object>
		<name>dish</name>
		<bndbox>
			<xmin>1260</xmin>
			<ymin>581</ymin>
			<xmax>4003</xmax>
			<ymax>3277</ymax>
		</bndbox>
	</object>
	<object>
		<name>떡갈비</name>
		<bndbox>
			<xmin>2179</xmin>
			<ymin>1553</ymin>
			<xmax>3060</xmax>
			<ymax>2424</ymax>
		</bndbox>
	</object>
</annotation>