<annotation>
	<folder>top어육류정형접시떡갈비q1</folder>
	<filename>top_어육류정형_접시_떡갈비_Q1_00018.JPG</filename>
	<path>/top어육류정형접시떡갈비q1/top_어육류정형_접시_떡갈비_Q1_00018.JPG</path>
	<source>
		<database>fooddata</database>
	</source>
	<size>
		<width>5472</width>
		<height>3648</height>
		<depth>3</depth>
	</size>
	<object>
		<name>ref_spoon</name>
		<bndbox>
			<xmin>2022</xmin>
			<ymin>2981</ymin>
			<xmax>2655</xmax>
			<ymax>3434</ymax>
		</bndbox>
	</object>
	<object>
		<name>ref_fork</name>
		<bndbox>
			<xmin>2103</xmin>
			<ymin>2576</ymin>
			<xmax>2788</xmax>
			<ymax>2867</ymax>
		</bndbox>
	</object>
	<object>
		<name>ref_coin</name>
		<bndbox>
			<xmin>4131</xmin>
			<ymin>1500</ymin>
			<xmax>4436</xmax>
			<ymax>1791</ymax>
		</bndbox>
	</object>
	<object>
		<name>dish</name>
		<bndbox>
			<xmin>1988</xmin>
			<ymin>162</ymin>
			<xmax>4117</xmax>
			<ymax>2248</ymax>
		</bndbox>
	</object>
	<object>
		<name>떡갈비</name>
		<bndbox>
			<xmin>2460</xmin>
			<ymin>1348</ymin>
			<xmax>3227</xmax>
			<ymax>2072</ymax>
		</bndbox>
	</object>
</annotation>