<annotation>
	<folder>top어육류정형접시떡갈비q1</folder>
	<filename>top_어육류정형_접시_떡갈비_Q1_00044.JPG</filename>
	<path>/top어육류정형접시떡갈비q1/top_어육류정형_접시_떡갈비_Q1_00044.JPG</path>
	<source>
		<database>fooddata</database>
	</source>
	<size>
		<width>5472</width>
		<height>3648</height>
		<depth>3</depth>
	</size>
	<object>
		<name>ref_spoon</name>
		<bndbox>
			<xmin>860</xmin>
			<ymin>581</ymin>
			<xmax>1393</xmax>
			<ymax>1343</ymax>
		</bndbox>
	</object>
	<object>
		<name>ref_fork</name>
		<bndbox>
			<xmin>1603</xmin>
			<ymin>514</ymin>
			<xmax>1936</xmax>
			<ymax>1343</ymax>
		</bndbox>
	</object>
	<object>
		<name>ref_coin</name>
		<bndbox>
			<xmin>4855</xmin>
			<ymin>1105</ymin>
			<xmax>5236</xmax>
			<ymax>1453</ymax>
		</bndbox>
	</object>
	<object>
		<name>dish</name>
		<bndbox>
			<xmin>2093</xmin>
			<ymin>376</ymin>
			<xmax>4722</xmax>
			<ymax>2943</ymax>
		</bndbox>
	</object>
	<object>
		<name>떡갈비</name>
		<bndbox>
			<xmin>2612</xmin>
			<ymin>500</ymin>
			<xmax>3488</xmax>
			<ymax>1391</ymax>
		</bndbox>
	</object>
</annotation>