<annotation>
	<folder>side국류대접시래기된장국q5</folder>
	<filename>side_국류_대접_시래기된장국_Q5_00046.JPG</filename>
	<path>/side국류대접시래기된장국q5/side_국류_대접_시래기된장국_Q5_00046.JPG</path>
	<source>
		<database>fooddata</database>
	</source>
	<size>
		<width>5472</width>
		<height>3648</height>
		<depth>3</depth>
	</size>
	<object>
		<name>ref_spoon</name>
		<bndbox>
			<xmin>512</xmin>
			<ymin>1129</ymin>
			<xmax>1112</xmax>
			<ymax>1929</ymax>
		</bndbox>
	</object>
	<object>
		<name>ref_fork</name>
		<bndbox>
			<xmin>1307</xmin>
			<ymin>1157</ymin>
			<xmax>1693</xmax>
			<ymax>2038</ymax>
		</bndbox>
	</object>
	<object>
		<name>ref_coin</name>
		<bndbox>
			<xmin>4541</xmin>
			<ymin>2495</ymin>
			<xmax>5017</xmax>
			<ymax>2857</ymax>
		</bndbox>
	</object>
	<object>
		<name>dish</name>
		<bndbox>
			<xmin>1845</xmin>
			<ymin>571</ymin>
			<xmax>4493</xmax>
			<ymax>2791</ymax>
		</bndbox>
	</object>
	<object>
		<name>시래기된장국</name>
		<bndbox>
			<xmin>1988</xmin>
			<ymin>938</ymin>
			<xmax>4317</xmax>
			<ymax>2443</ymax>
		</bndbox>
	</object>
</annotation>