<annotation>
	<folder>side국류대접시래기된장국q5</folder>
	<filename>side_국류_대접_시래기된장국_Q5_00050.JPG</filename>
	<path>/side국류대접시래기된장국q5/side_국류_대접_시래기된장국_Q5_00050.JPG</path>
	<source>
		<database>fooddata</database>
	</source>
	<size>
		<width>5472</width>
		<height>3648</height>
		<depth>3</depth>
	</size>
	<object>
		<name>ref_spoon</name>
		<bndbox>
			<xmin>1017</xmin>
			<ymin>1214</ymin>
			<xmax>1598</xmax>
			<ymax>1981</ymax>
		</bndbox>
	</object>
	<object>
		<name>ref_fork</name>
		<bndbox>
			<xmin>1788</xmin>
			<ymin>1214</ymin>
			<xmax>2184</xmax>
			<ymax>2095</ymax>
		</bndbox>
	</object>
	<object>
		<name>ref_coin</name>
		<bndbox>
			<xmin>4431</xmin>
			<ymin>329</ymin>
			<xmax>4846</xmax>
			<ymax>624</ymax>
		</bndbox>
	</object>
	<object>
		<name>dish</name>
		<bndbox>
			<xmin>2307</xmin>
			<ymin>562</ymin>
			<xmax>4931</xmax>
			<ymax>2753</ymax>
		</bndbox>
	</object>
	<object>
		<name>시래기된장국</name>
		<bndbox>
			<xmin>2426</xmin>
			<ymin>900</ymin>
			<xmax>4765</xmax>
			<ymax>2410</ymax>
		</bndbox>
	</object>
</annotation>