<annotation>
	<folder>side국류대접시래기된장국q5</folder>
	<filename>side_국류_대접_시래기된장국_Q5_00039.JPG</filename>
	<path>/side국류대접시래기된장국q5/side_국류_대접_시래기된장국_Q5_00039.JPG</path>
	<source>
		<database>fooddata</database>
	</source>
	<size>
		<width>5472</width>
		<height>3648</height>
		<depth>3</depth>
	</size>
	<object>
		<name>ref_spoon</name>
		<bndbox>
			<xmin>612</xmin>
			<ymin>833</ymin>
			<xmax>1207</xmax>
			<ymax>1600</ymax>
		</bndbox>
	</object>
	<object>
		<name>ref_fork</name>
		<bndbox>
			<xmin>1388</xmin>
			<ymin>886</ymin>
			<xmax>1774</xmax>
			<ymax>1772</ymax>
		</bndbox>
	</object>
	<object>
		<name>ref_coin</name>
		<bndbox>
			<xmin>3379</xmin>
			<ymin>3034</ymin>
			<xmax>3874</xmax>
			<ymax>3419</ymax>
		</bndbox>
	</object>
	<object>
		<name>dish</name>
		<bndbox>
			<xmin>1926</xmin>
			<ymin>333</ymin>
			<xmax>4565</xmax>
			<ymax>2515</ymax>
		</bndbox>
	</object>
	<object>
		<name>시래기된장국</name>
		<bndbox>
			<xmin>2022</xmin>
			<ymin>662</ymin>
			<xmax>4422</xmax>
			<ymax>2172</ymax>
		</bndbox>
	</object>
</annotation>