<annotation>
	<folder>side국류대접시래기된장국q5</folder>
	<filename>side_국류_대접_시래기된장국_Q5_00049.JPG</filename>
	<path>/side국류대접시래기된장국q5/side_국류_대접_시래기된장국_Q5_00049.JPG</path>
	<source>
		<database>fooddata</database>
	</source>
	<size>
		<width>5472</width>
		<height>3648</height>
		<depth>3</depth>
	</size>
	<object>
		<name>ref_spoon</name>
		<bndbox>
			<xmin>974</xmin>
			<ymin>791</ymin>
			<xmax>1550</xmax>
			<ymax>1543</ymax>
		</bndbox>
	</object>
	<object>
		<name>ref_fork</name>
		<bndbox>
			<xmin>1741</xmin>
			<ymin>805</ymin>
			<xmax>2150</xmax>
			<ymax>1686</ymax>
		</bndbox>
	</object>
	<object>
		<name>ref_coin</name>
		<bndbox>
			<xmin>2822</xmin>
			<ymin>2896</ymin>
			<xmax>3298</xmax>
			<ymax>3300</ymax>
		</bndbox>
	</object>
	<object>
		<name>dish</name>
		<bndbox>
			<xmin>2274</xmin>
			<ymin>171</ymin>
			<xmax>4960</xmax>
			<ymax>2400</ymax>
		</bndbox>
	</object>
	<object>
		<name>시래기된장국</name>
		<bndbox>
			<xmin>2422</xmin>
			<ymin>510</ymin>
			<xmax>4760</xmax>
			<ymax>2038</ymax>
		</bndbox>
	</object>
</annotation>