<annotation>
	<folder>side국류대접시래기된장국q5</folder>
	<filename>side_국류_대접_시래기된장국_Q5_00034.JPG</filename>
	<path>/side국류대접시래기된장국q5/side_국류_대접_시래기된장국_Q5_00034.JPG</path>
	<source>
		<database>fooddata</database>
	</source>
	<size>
		<width>5472</width>
		<height>3648</height>
		<depth>3</depth>
	</size>
	<object>
		<name>ref_spoon</name>
		<bndbox>
			<xmin>483</xmin>
			<ymin>1443</ymin>
			<xmax>1088</xmax>
			<ymax>2215</ymax>
		</bndbox>
	</object>
	<object>
		<name>ref_fork</name>
		<bndbox>
			<xmin>1269</xmin>
			<ymin>1481</ymin>
			<xmax>1655</xmax>
			<ymax>2367</ymax>
		</bndbox>
	</object>
	<object>
		<name>ref_coin</name>
		<bndbox>
			<xmin>4793</xmin>
			<ymin>1129</ymin>
			<xmax>5212</xmax>
			<ymax>1438</ymax>
		</bndbox>
	</object>
	<object>
		<name>dish</name>
		<bndbox>
			<xmin>1807</xmin>
			<ymin>919</ymin>
			<xmax>4431</xmax>
			<ymax>3124</ymax>
		</bndbox>
	</object>
	<object>
		<name>시래기된장국</name>
		<bndbox>
			<xmin>1936</xmin>
			<ymin>1272</ymin>
			<xmax>4269</xmax>
			<ymax>2757</ymax>
		</bndbox>
	</object>
</annotation>