<annotation>
	<folder>side국류대접시래기된장국q5</folder>
	<filename>side_국류_대접_시래기된장국_Q5_00033.JPG</filename>
	<path>/side국류대접시래기된장국q5/side_국류_대접_시래기된장국_Q5_00033.JPG</path>
	<source>
		<database>fooddata</database>
	</source>
	<size>
		<width>5472</width>
		<height>3648</height>
		<depth>3</depth>
	</size>
	<object>
		<name>ref_spoon</name>
		<bndbox>
			<xmin>588</xmin>
			<ymin>1443</ymin>
			<xmax>1179</xmax>
			<ymax>2219</ymax>
		</bndbox>
	</object>
	<object>
		<name>ref_fork</name>
		<bndbox>
			<xmin>1374</xmin>
			<ymin>1448</ymin>
			<xmax>1769</xmax>
			<ymax>2357</ymax>
		</bndbox>
	</object>
	<object>
		<name>ref_coin</name>
		<bndbox>
			<xmin>3755</xmin>
			<ymin>538</ymin>
			<xmax>4165</xmax>
			<ymax>829</ymax>
		</bndbox>
	</object>
	<object>
		<name>dish</name>
		<bndbox>
			<xmin>1903</xmin>
			<ymin>881</ymin>
			<xmax>4541</xmax>
			<ymax>3086</ymax>
		</bndbox>
	</object>
	<object>
		<name>시래기된장국</name>
		<bndbox>
			<xmin>2007</xmin>
			<ymin>1191</ymin>
			<xmax>4370</xmax>
			<ymax>2738</ymax>
		</bndbox>
	</object>
</annotation>