<annotation>
	<folder>side국류대접시래기된장국q5</folder>
	<filename>side_국류_대접_시래기된장국_Q5_00008.JPG</filename>
	<path>/side국류대접시래기된장국q5/side_국류_대접_시래기된장국_Q5_00008.JPG</path>
	<source>
		<database>fooddata</database>
	</source>
	<size>
		<width>5472</width>
		<height>3648</height>
		<depth>3</depth>
	</size>
	<object>
		<name>ref_spoon</name>
		<bndbox>
			<xmin>3903</xmin>
			<ymin>729</ymin>
			<xmax>4470</xmax>
			<ymax>1486</ymax>
		</bndbox>
	</object>
	<object>
		<name>ref_fork</name>
		<bndbox>
			<xmin>4674</xmin>
			<ymin>767</ymin>
			<xmax>5117</xmax>
			<ymax>1634</ymax>
		</bndbox>
	</object>
	<object>
		<name>ref_coin</name>
		<bndbox>
			<xmin>479</xmin>
			<ymin>1714</ymin>
			<xmax>926</xmax>
			<ymax>2038</ymax>
		</bndbox>
	</object>
	<object>
		<name>dish</name>
		<bndbox>
			<xmin>1312</xmin>
			<ymin>452</ymin>
			<xmax>3889</xmax>
			<ymax>2553</ymax>
		</bndbox>
	</object>
	<object>
		<name>시래기된장국</name>
		<bndbox>
			<xmin>1445</xmin>
			<ymin>776</ymin>
			<xmax>3736</xmax>
			<ymax>2200</ymax>
		</bndbox>
	</object>
</annotation>