<annotation>
	<folder>side국류대접시래기된장국q5</folder>
	<filename>side_국류_대접_시래기된장국_Q5_00021.JPG</filename>
	<path>/side국류대접시래기된장국q5/side_국류_대접_시래기된장국_Q5_00021.JPG</path>
	<source>
		<database>fooddata</database>
	</source>
	<size>
		<width>5472</width>
		<height>3648</height>
		<depth>3</depth>
	</size>
	<object>
		<name>ref_spoon</name>
		<bndbox>
			<xmin>1512</xmin>
			<ymin>2862</ymin>
			<xmax>2436</xmax>
			<ymax>3410</ymax>
		</bndbox>
	</object>
	<object>
		<name>ref_fork</name>
		<bndbox>
			<xmin>1736</xmin>
			<ymin>2467</ymin>
			<xmax>2731</xmax>
			<ymax>2900</ymax>
		</bndbox>
	</object>
	<object>
		<name>ref_coin</name>
		<bndbox>
			<xmin>4012</xmin>
			<ymin>252</ymin>
			<xmax>4412</xmax>
			<ymax>529</ymax>
		</bndbox>
	</object>
	<object>
		<name>dish</name>
		<bndbox>
			<xmin>1822</xmin>
			<ymin>124</ymin>
			<xmax>4293</xmax>
			<ymax>2210</ymax>
		</bndbox>
	</object>
	<object>
		<name>시래기된장국</name>
		<bndbox>
			<xmin>1926</xmin>
			<ymin>443</ymin>
			<xmax>4131</xmax>
			<ymax>1895</ymax>
		</bndbox>
	</object>
</annotation>