<annotation>
	<folder>side국류대접시래기된장국q5</folder>
	<filename>side_국류_대접_시래기된장국_Q5_00019.JPG</filename>
	<path>/side국류대접시래기된장국q5/side_국류_대접_시래기된장국_Q5_00019.JPG</path>
	<source>
		<database>fooddata</database>
	</source>
	<size>
		<width>5472</width>
		<height>3648</height>
		<depth>3</depth>
	</size>
	<object>
		<name>ref_spoon</name>
		<bndbox>
			<xmin>1426</xmin>
			<ymin>2991</ymin>
			<xmax>2355</xmax>
			<ymax>3534</ymax>
		</bndbox>
	</object>
	<object>
		<name>ref_fork</name>
		<bndbox>
			<xmin>1617</xmin>
			<ymin>2610</ymin>
			<xmax>2617</xmax>
			<ymax>3029</ymax>
		</bndbox>
	</object>
	<object>
		<name>ref_coin</name>
		<bndbox>
			<xmin>4222</xmin>
			<ymin>1391</ymin>
			<xmax>4622</xmax>
			<ymax>1695</ymax>
		</bndbox>
	</object>
	<object>
		<name>dish</name>
		<bndbox>
			<xmin>1703</xmin>
			<ymin>310</ymin>
			<xmax>4169</xmax>
			<ymax>2367</ymax>
		</bndbox>
	</object>
	<object>
		<name>시래기된장국</name>
		<bndbox>
			<xmin>1841</xmin>
			<ymin>600</ymin>
			<xmax>4027</xmax>
			<ymax>2048</ymax>
		</bndbox>
	</object>
</annotation>