<annotation>
	<folder>side국류대접시래기된장국q5</folder>
	<filename>side_국류_대접_시래기된장국_Q5_00043.JPG</filename>
	<path>/side국류대접시래기된장국q5/side_국류_대접_시래기된장국_Q5_00043.JPG</path>
	<source>
		<database>fooddata</database>
	</source>
	<size>
		<width>5472</width>
		<height>3648</height>
		<depth>3</depth>
	</size>
	<object>
		<name>ref_spoon</name>
		<bndbox>
			<xmin>569</xmin>
			<ymin>1381</ymin>
			<xmax>1164</xmax>
			<ymax>2181</ymax>
		</bndbox>
	</object>
	<object>
		<name>ref_fork</name>
		<bndbox>
			<xmin>1350</xmin>
			<ymin>1400</ymin>
			<xmax>1760</xmax>
			<ymax>2272</ymax>
		</bndbox>
	</object>
	<object>
		<name>ref_coin</name>
		<bndbox>
			<xmin>4703</xmin>
			<ymin>862</ymin>
			<xmax>5131</xmax>
			<ymax>1157</ymax>
		</bndbox>
	</object>
	<object>
		<name>dish</name>
		<bndbox>
			<xmin>1903</xmin>
			<ymin>800</ymin>
			<xmax>4560</xmax>
			<ymax>3038</ymax>
		</bndbox>
	</object>
	<object>
		<name>시래기된장국</name>
		<bndbox>
			<xmin>2022</xmin>
			<ymin>1153</ymin>
			<xmax>4384</xmax>
			<ymax>2686</ymax>
		</bndbox>
	</object>
</annotation>