<annotation>
	<folder>side국류대접시래기된장국q5</folder>
	<filename>side_국류_대접_시래기된장국_Q5_00011.JPG</filename>
	<path>/side국류대접시래기된장국q5/side_국류_대접_시래기된장국_Q5_00011.JPG</path>
	<source>
		<database>fooddata</database>
	</source>
	<size>
		<width>5472</width>
		<height>3648</height>
		<depth>3</depth>
	</size>
	<object>
		<name>ref_spoon</name>
		<bndbox>
			<xmin>4012</xmin>
			<ymin>943</ymin>
			<xmax>4589</xmax>
			<ymax>1662</ymax>
		</bndbox>
	</object>
	<object>
		<name>ref_fork</name>
		<bndbox>
			<xmin>4803</xmin>
			<ymin>995</ymin>
			<xmax>5255</xmax>
			<ymax>1829</ymax>
		</bndbox>
	</object>
	<object>
		<name>ref_coin</name>
		<bndbox>
			<xmin>1541</xmin>
			<ymin>405</ymin>
			<xmax>1922</xmax>
			<ymax>681</ymax>
		</bndbox>
	</object>
	<object>
		<name>dish</name>
		<bndbox>
			<xmin>1336</xmin>
			<ymin>843</ymin>
			<xmax>3979</xmax>
			<ymax>3029</ymax>
		</bndbox>
	</object>
	<object>
		<name>시래기된장국</name>
		<bndbox>
			<xmin>1507</xmin>
			<ymin>1191</ymin>
			<xmax>3841</xmax>
			<ymax>2672</ymax>
		</bndbox>
	</object>
</annotation>