<annotation>
	<folder>side국류대접시래기된장국q5</folder>
	<filename>side_국류_대접_시래기된장국_Q5_00007.JPG</filename>
	<path>/side국류대접시래기된장국q5/side_국류_대접_시래기된장국_Q5_00007.JPG</path>
	<source>
		<database>fooddata</database>
	</source>
	<size>
		<width>5472</width>
		<height>3648</height>
		<depth>3</depth>
	</size>
	<object>
		<name>ref_spoon</name>
		<bndbox>
			<xmin>3850</xmin>
			<ymin>762</ymin>
			<xmax>4431</xmax>
			<ymax>1481</ymax>
		</bndbox>
	</object>
	<object>
		<name>ref_fork</name>
		<bndbox>
			<xmin>4627</xmin>
			<ymin>791</ymin>
			<xmax>5074</xmax>
			<ymax>1629</ymax>
		</bndbox>
	</object>
	<object>
		<name>ref_coin</name>
		<bndbox>
			<xmin>493</xmin>
			<ymin>2162</ymin>
			<xmax>960</xmax>
			<ymax>2500</ymax>
		</bndbox>
	</object>
	<object>
		<name>dish</name>
		<bndbox>
			<xmin>1179</xmin>
			<ymin>376</ymin>
			<xmax>3736</xmax>
			<ymax>2467</ymax>
		</bndbox>
	</object>
	<object>
		<name>시래기된장국</name>
		<bndbox>
			<xmin>1322</xmin>
			<ymin>724</ymin>
			<xmax>3608</xmax>
			<ymax>2124</ymax>
		</bndbox>
	</object>
</annotation>