<annotation>
	<folder>side국류대접시래기된장국q5</folder>
	<filename>side_국류_대접_시래기된장국_Q5_00042.JPG</filename>
	<path>/side국류대접시래기된장국q5/side_국류_대접_시래기된장국_Q5_00042.JPG</path>
	<source>
		<database>fooddata</database>
	</source>
	<size>
		<width>5472</width>
		<height>3648</height>
		<depth>3</depth>
	</size>
	<object>
		<name>ref_spoon</name>
		<bndbox>
			<xmin>855</xmin>
			<ymin>1395</ymin>
			<xmax>1460</xmax>
			<ymax>2195</ymax>
		</bndbox>
	</object>
	<object>
		<name>ref_fork</name>
		<bndbox>
			<xmin>1650</xmin>
			<ymin>1414</ymin>
			<xmax>2045</xmax>
			<ymax>2315</ymax>
		</bndbox>
	</object>
	<object>
		<name>ref_coin</name>
		<bndbox>
			<xmin>4112</xmin>
			<ymin>371</ymin>
			<xmax>4527</xmax>
			<ymax>652</ymax>
		</bndbox>
	</object>
	<object>
		<name>dish</name>
		<bndbox>
			<xmin>2184</xmin>
			<ymin>833</ymin>
			<xmax>4865</xmax>
			<ymax>3062</ymax>
		</bndbox>
	</object>
	<object>
		<name>시래기된장국</name>
		<bndbox>
			<xmin>2303</xmin>
			<ymin>1162</ymin>
			<xmax>4689</xmax>
			<ymax>2705</ymax>
		</bndbox>
	</object>
</annotation>