<annotation>
	<folder>side국류대접시래기된장국q5</folder>
	<filename>side_국류_대접_시래기된장국_Q5_00017.JPG</filename>
	<path>/side국류대접시래기된장국q5/side_국류_대접_시래기된장국_Q5_00017.JPG</path>
	<source>
		<database>fooddata</database>
	</source>
	<size>
		<width>5472</width>
		<height>3648</height>
		<depth>3</depth>
	</size>
	<object>
		<name>ref_spoon</name>
		<bndbox>
			<xmin>1650</xmin>
			<ymin>3024</ymin>
			<xmax>2598</xmax>
			<ymax>3567</ymax>
		</bndbox>
	</object>
	<object>
		<name>ref_fork</name>
		<bndbox>
			<xmin>1712</xmin>
			<ymin>2562</ymin>
			<xmax>2703</xmax>
			<ymax>2986</ymax>
		</bndbox>
	</object>
	<object>
		<name>ref_coin</name>
		<bndbox>
			<xmin>3993</xmin>
			<ymin>2014</ymin>
			<xmax>4446</xmax>
			<ymax>2357</ymax>
		</bndbox>
	</object>
	<object>
		<name>dish</name>
		<bndbox>
			<xmin>1603</xmin>
			<ymin>162</ymin>
			<xmax>4203</xmax>
			<ymax>2315</ymax>
		</bndbox>
	</object>
	<object>
		<name>시래기된장국</name>
		<bndbox>
			<xmin>1769</xmin>
			<ymin>471</ymin>
			<xmax>4041</xmax>
			<ymax>1943</ymax>
		</bndbox>
	</object>
</annotation>