<annotation>
	<folder>top국류대접q5</folder>
	<filename>top_국류_대접_시래기된장국_Q5_00004.JPG</filename>
	<path>/top국류대접시래기된장국q5/top_국류_대접_시래기된장국_Q5_00004.JPG</path>
	<source>
		<database>fooddata</database>
	</source>
	<size>
		<width>5472</width>
		<height>3648</height>
		<depth>3</depth>
	</size>
	<object>
		<name>ref_spoon</name>
		<bndbox>
			<xmin>4372</xmin>
			<ymin>174</ymin>
			<xmax>4922</xmax>
			<ymax>1100</ymax>
		</bndbox>
	</object>
	<object>
		<name>ref_fork</name>
		<bndbox>
			<xmin>3735</xmin>
			<ymin>338</ymin>
			<xmax>4092</xmax>
			<ymax>1322</ymax>
		</bndbox>
	</object>
	<object>
		<name>ref_coin</name>
		<bndbox>
			<xmin>1660</xmin>
			<ymin>2992</ymin>
			<xmax>2065</xmax>
			<ymax>3416</ymax>
		</bndbox>
	</object>
	<object>
		<name>dish</name>
		<bndbox>
			<xmin>1042</xmin>
			<ymin>290</ymin>
			<xmax>3658</xmax>
			<ymax>2876</ymax>
		</bndbox>
	</object>
	<object>
		<name>시래기된장국</name>
		<bndbox>
			<xmin>1245</xmin>
			<ymin>483</ymin>
			<xmax>3484</xmax>
			<ymax>2750</ymax>
		</bndbox>
	</object>
</annotation>