<annotation>
	<folder>top국류대접q5</folder>
	<filename>top_국류_대접_시래기된장국_Q5_00018.JPG</filename>
	<path>/top국류대접시래기된장국q5/top_국류_대접_시래기된장국_Q5_00018.JPG</path>
	<source>
		<database>fooddata</database>
	</source>
	<size>
		<width>5472</width>
		<height>3648</height>
		<depth>3</depth>
	</size>
	<object>
		<name>ref_spoon</name>
		<bndbox>
			<xmin>1913</xmin>
			<ymin>2399</ymin>
			<xmax>2644</xmax>
			<ymax>2849</ymax>
		</bndbox>
	</object>
	<object>
		<name>ref_fork</name>
		<bndbox>
			<xmin>2177</xmin>
			<ymin>3003</ymin>
			<xmax>2936</xmax>
			<ymax>3344</ymax>
		</bndbox>
	</object>
	<object>
		<name>ref_coin</name>
		<bndbox>
			<xmin>4230</xmin>
			<ymin>1158</ymin>
			<xmax>4545</xmax>
			<ymax>1479</ymax>
		</bndbox>
	</object>
	<object>
		<name>dish</name>
		<bndbox>
			<xmin>2164</xmin>
			<ymin>205</ymin>
			<xmax>4140</xmax>
			<ymax>2186</ymax>
		</bndbox>
	</object>
	<object>
		<name>시래기된장국</name>
		<bndbox>
			<xmin>2267</xmin>
			<ymin>365</ymin>
			<xmax>3998</xmax>
			<ymax>2096</ymax>
		</bndbox>
	</object>
</annotation>