<annotation>
	<folder>top국류대접q5</folder>
	<filename>top_국류_대접_시래기된장국_Q5_00054.JPG</filename>
	<path>/top국류대접시래기된장국q5/top_국류_대접_시래기된장국_Q5_00054.JPG</path>
	<source>
		<database>fooddata</database>
	</source>
	<size>
		<width>5472</width>
		<height>3648</height>
		<depth>3</depth>
	</size>
	<object>
		<name>ref_spoon</name>
		<bndbox>
			<xmin>346</xmin>
			<ymin>743</ymin>
			<xmax>973</xmax>
			<ymax>1776</ymax>
		</bndbox>
	</object>
	<object>
		<name>ref_fork</name>
		<bndbox>
			<xmin>1274</xmin>
			<ymin>783</ymin>
			<xmax>1670</xmax>
			<ymax>1882</ymax>
		</bndbox>
	</object>
	<object>
		<name>ref_coin</name>
		<bndbox>
			<xmin>4624</xmin>
			<ymin>2030</ymin>
			<xmax>5059</xmax>
			<ymax>2488</ymax>
		</bndbox>
	</object>
	<object>
		<name>dish</name>
		<bndbox>
			<xmin>1777</xmin>
			<ymin>415</ymin>
			<xmax>4608</xmax>
			<ymax>3196</ymax>
		</bndbox>
	</object>
	<object>
		<name>시래기된장국</name>
		<bndbox>
			<xmin>1866</xmin>
			<ymin>582</ymin>
			<xmax>4375</xmax>
			<ymax>3075</ymax>
		</bndbox>
	</object>
</annotation>