<annotation>
	<folder>top국류대접q5</folder>
	<filename>top_국류_대접_시래기된장국_Q5_00033.JPG</filename>
	<path>/top국류대접시래기된장국q5/top_국류_대접_시래기된장국_Q5_00033.JPG</path>
	<source>
		<database>fooddata</database>
	</source>
	<size>
		<width>5472</width>
		<height>3648</height>
		<depth>3</depth>
	</size>
	<object>
		<name>ref_spoon</name>
		<bndbox>
			<xmin>394</xmin>
			<ymin>928</ymin>
			<xmax>1021</xmax>
			<ymax>1949</ymax>
		</bndbox>
	</object>
	<object>
		<name>ref_fork</name>
		<bndbox>
			<xmin>1319</xmin>
			<ymin>896</ymin>
			<xmax>1721</xmax>
			<ymax>1982</ymax>
		</bndbox>
	</object>
	<object>
		<name>ref_coin</name>
		<bndbox>
			<xmin>4657</xmin>
			<ymin>1330</ymin>
			<xmax>5099</xmax>
			<ymax>1756</ymax>
		</bndbox>
	</object>
	<object>
		<name>dish</name>
		<bndbox>
			<xmin>1826</xmin>
			<ymin>454</ymin>
			<xmax>4632</xmax>
			<ymax>3244</ymax>
		</bndbox>
	</object>
	<object>
		<name>시래기된장국</name>
		<bndbox>
			<xmin>1994</xmin>
			<ymin>687</ymin>
			<xmax>4407</xmax>
			<ymax>3100</ymax>
		</bndbox>
	</object>
</annotation>