<annotation>
	<folder>top국류대접q5</folder>
	<filename>top_국류_대접_시래기된장국_Q5_00019.JPG</filename>
	<path>/top국류대접시래기된장국q5/top_국류_대접_시래기된장국_Q5_00019.JPG</path>
	<source>
		<database>fooddata</database>
	</source>
	<size>
		<width>5472</width>
		<height>3648</height>
		<depth>3</depth>
	</size>
	<object>
		<name>ref_spoon</name>
		<bndbox>
			<xmin>1819</xmin>
			<ymin>2460</ymin>
			<xmax>2561</xmax>
			<ymax>2943</ymax>
		</bndbox>
	</object>
	<object>
		<name>ref_fork</name>
		<bndbox>
			<xmin>2056</xmin>
			<ymin>3099</ymin>
			<xmax>2851</xmax>
			<ymax>3455</ymax>
		</bndbox>
	</object>
	<object>
		<name>ref_coin</name>
		<bndbox>
			<xmin>4224</xmin>
			<ymin>1636</ymin>
			<xmax>4566</xmax>
			<ymax>1963</ymax>
		</bndbox>
	</object>
	<object>
		<name>dish</name>
		<bndbox>
			<xmin>2116</xmin>
			<ymin>166</ymin>
			<xmax>4180</xmax>
			<ymax>2237</ymax>
		</bndbox>
	</object>
	<object>
		<name>시래기된장국</name>
		<bndbox>
			<xmin>2239</xmin>
			<ymin>352</ymin>
			<xmax>4024</xmax>
			<ymax>2141</ymax>
		</bndbox>
	</object>
</annotation>