<annotation>
	<folder>top국류대접q5</folder>
	<filename>top_국류_대접_시래기된장국_Q5_00031.JPG</filename>
	<path>/top국류대접시래기된장국q5/top_국류_대접_시래기된장국_Q5_00031.JPG</path>
	<source>
		<database>fooddata</database>
	</source>
	<size>
		<width>5472</width>
		<height>3648</height>
		<depth>3</depth>
	</size>
	<object>
		<name>ref_spoon</name>
		<bndbox>
			<xmin>1624</xmin>
			<ymin>2400</ymin>
			<xmax>2396</xmax>
			<ymax>2863</ymax>
		</bndbox>
	</object>
	<object>
		<name>ref_fork</name>
		<bndbox>
			<xmin>1850</xmin>
			<ymin>3083</ymin>
			<xmax>2700</xmax>
			<ymax>3418</ymax>
		</bndbox>
	</object>
	<object>
		<name>ref_coin</name>
		<bndbox>
			<xmin>4186</xmin>
			<ymin>1648</ymin>
			<xmax>4514</xmax>
			<ymax>1983</ymax>
		</bndbox>
	</object>
	<object>
		<name>dish</name>
		<bndbox>
			<xmin>2031</xmin>
			<ymin>241</ymin>
			<xmax>4154</xmax>
			<ymax>2330</ymax>
		</bndbox>
	</object>
	<object>
		<name>시래기된장국</name>
		<bndbox>
			<xmin>2146</xmin>
			<ymin>407</ymin>
			<xmax>3999</xmax>
			<ymax>2221</ymax>
		</bndbox>
	</object>
</annotation>