<annotation>
	<folder>top국류대접q5</folder>
	<filename>top_국류_대접_시래기된장국_Q5_00035.JPG</filename>
	<path>/top국류대접시래기된장국q5/top_국류_대접_시래기된장국_Q5_00035.JPG</path>
	<source>
		<database>fooddata</database>
	</source>
	<size>
		<width>5472</width>
		<height>3648</height>
		<depth>3</depth>
	</size>
	<object>
		<name>ref_spoon</name>
		<bndbox>
			<xmin>523</xmin>
			<ymin>743</ymin>
			<xmax>1142</xmax>
			<ymax>1724</ymax>
		</bndbox>
	</object>
	<object>
		<name>ref_fork</name>
		<bndbox>
			<xmin>1456</xmin>
			<ymin>703</ymin>
			<xmax>1850</xmax>
			<ymax>1781</ymax>
		</bndbox>
	</object>
	<object>
		<name>ref_coin</name>
		<bndbox>
			<xmin>3925</xmin>
			<ymin>3043</ymin>
			<xmax>4375</xmax>
			<ymax>3502</ymax>
		</bndbox>
	</object>
	<object>
		<name>dish</name>
		<bndbox>
			<xmin>1970</xmin>
			<ymin>232</ymin>
			<xmax>4785</xmax>
			<ymax>3019</ymax>
		</bndbox>
	</object>
	<object>
		<name>시래기된장국</name>
		<bndbox>
			<xmin>2123</xmin>
			<ymin>462</ymin>
			<xmax>4560</xmax>
			<ymax>2874</ymax>
		</bndbox>
	</object>
</annotation>