<annotation>
	<folder>top국류대접q5</folder>
	<filename>top_국류_대접_시래기된장국_Q5_00034.JPG</filename>
	<path>/top국류대접시래기된장국q5/top_국류_대접_시래기된장국_Q5_00034.JPG</path>
	<source>
		<database>fooddata</database>
	</source>
	<size>
		<width>5472</width>
		<height>3648</height>
		<depth>3</depth>
	</size>
	<object>
		<name>ref_spoon</name>
		<bndbox>
			<xmin>483</xmin>
			<ymin>815</ymin>
			<xmax>1110</xmax>
			<ymax>1797</ymax>
		</bndbox>
	</object>
	<object>
		<name>ref_fork</name>
		<bndbox>
			<xmin>1407</xmin>
			<ymin>791</ymin>
			<xmax>1801</xmax>
			<ymax>1853</ymax>
		</bndbox>
	</object>
	<object>
		<name>ref_coin</name>
		<bndbox>
			<xmin>4640</xmin>
			<ymin>2456</ymin>
			<xmax>5083</xmax>
			<ymax>2898</ymax>
		</bndbox>
	</object>
	<object>
		<name>dish</name>
		<bndbox>
			<xmin>1914</xmin>
			<ymin>333</ymin>
			<xmax>4721</xmax>
			<ymax>3116</ymax>
		</bndbox>
	</object>
	<object>
		<name>시래기된장국</name>
		<bndbox>
			<xmin>2051</xmin>
			<ymin>558</ymin>
			<xmax>4488</xmax>
			<ymax>2955</ymax>
		</bndbox>
	</object>
</annotation>