<annotation>
	<folder>top국류대접q5</folder>
	<filename>top_국류_대접_시래기된장국_Q5_00001.JPG</filename>
	<path>/top국류대접시래기된장국q5/top_국류_대접_시래기된장국_Q5_00001.JPG</path>
	<source>
		<database>fooddata</database>
	</source>
	<size>
		<width>5472</width>
		<height>3648</height>
		<depth>3</depth>
	</size>
	<object>
		<name>ref_spoon</name>
		<bndbox>
			<xmin>4094</xmin>
			<ymin>228</ymin>
			<xmax>4600</xmax>
			<ymax>1091</ymax>
		</bndbox>
	</object>
	<object>
		<name>ref_fork</name>
		<bndbox>
			<xmin>3482</xmin>
			<ymin>381</ymin>
			<xmax>3828</xmax>
			<ymax>1322</ymax>
		</bndbox>
	</object>
	<object>
		<name>ref_coin</name>
		<bndbox>
			<xmin>3024</xmin>
			<ymin>2987</ymin>
			<xmax>3426</xmax>
			<ymax>3389</ymax>
		</bndbox>
	</object>
	<object>
		<name>dish</name>
		<bndbox>
			<xmin>780</xmin>
			<ymin>413</ymin>
			<xmax>3338</xmax>
			<ymax>2931</ymax>
		</bndbox>
	</object>
	<object>
		<name>시래기된장국</name>
		<bndbox>
			<xmin>997</xmin>
			<ymin>598</ymin>
			<xmax>3193</xmax>
			<ymax>2786</ymax>
		</bndbox>
	</object>
</annotation>