<annotation>
	<folder>top국류대접q5</folder>
	<filename>top_국류_대접_시래기된장국_Q5_00050.JPG</filename>
	<path>/top국류대접시래기된장국q5/top_국류_대접_시래기된장국_Q5_00050.JPG</path>
	<source>
		<database>fooddata</database>
	</source>
	<size>
		<width>5472</width>
		<height>3648</height>
		<depth>3</depth>
	</size>
	<object>
		<name>ref_spoon</name>
		<bndbox>
			<xmin>924</xmin>
			<ymin>975</ymin>
			<xmax>1482</xmax>
			<ymax>1921</ymax>
		</bndbox>
	</object>
	<object>
		<name>ref_fork</name>
		<bndbox>
			<xmin>1744</xmin>
			<ymin>1000</ymin>
			<xmax>2109</xmax>
			<ymax>2007</ymax>
		</bndbox>
	</object>
	<object>
		<name>ref_coin</name>
		<bndbox>
			<xmin>4274</xmin>
			<ymin>531</ymin>
			<xmax>4660</xmax>
			<ymax>910</ymax>
		</bndbox>
	</object>
	<object>
		<name>dish</name>
		<bndbox>
			<xmin>2240</xmin>
			<ymin>717</ymin>
			<xmax>4798</xmax>
			<ymax>3274</ymax>
		</bndbox>
	</object>
	<object>
		<name>시래기된장국</name>
		<bndbox>
			<xmin>2371</xmin>
			<ymin>903</ymin>
			<xmax>4584</xmax>
			<ymax>3116</ymax>
		</bndbox>
	</object>
</annotation>