<annotation>
	<folder>top국류대접q5</folder>
	<filename>top_국류_대접_시래기된장국_Q5_00052.JPG</filename>
	<path>/top국류대접시래기된장국q5/top_국류_대접_시래기된장국_Q5_00052.JPG</path>
	<source>
		<database>fooddata</database>
	</source>
	<size>
		<width>5472</width>
		<height>3648</height>
		<depth>3</depth>
	</size>
	<object>
		<name>ref_spoon</name>
		<bndbox>
			<xmin>938</xmin>
			<ymin>1106</ymin>
			<xmax>1468</xmax>
			<ymax>1974</ymax>
		</bndbox>
	</object>
	<object>
		<name>ref_fork</name>
		<bndbox>
			<xmin>1716</xmin>
			<ymin>1113</ymin>
			<xmax>2068</xmax>
			<ymax>2043</ymax>
		</bndbox>
	</object>
	<object>
		<name>ref_coin</name>
		<bndbox>
			<xmin>4060</xmin>
			<ymin>665</ymin>
			<xmax>4432</xmax>
			<ymax>1030</ymax>
		</bndbox>
	</object>
	<object>
		<name>dish</name>
		<bndbox>
			<xmin>2185</xmin>
			<ymin>809</ymin>
			<xmax>4605</xmax>
			<ymax>3222</ymax>
		</bndbox>
	</object>
	<object>
		<name>시래기된장국</name>
		<bndbox>
			<xmin>2275</xmin>
			<ymin>995</ymin>
			<xmax>4398</xmax>
			<ymax>3088</ymax>
		</bndbox>
	</object>
</annotation>