<annotation>
	<folder>top국류대접q5</folder>
	<filename>top_국류_대접_시래기된장국_Q5_00010.JPG</filename>
	<path>/top국류대접시래기된장국q5/top_국류_대접_시래기된장국_Q5_00010.JPG</path>
	<source>
		<database>fooddata</database>
	</source>
	<size>
		<width>5472</width>
		<height>3648</height>
		<depth>3</depth>
	</size>
	<object>
		<name>ref_spoon</name>
		<bndbox>
			<xmin>4304</xmin>
			<ymin>618</ymin>
			<xmax>4835</xmax>
			<ymax>1477</ymax>
		</bndbox>
	</object>
	<object>
		<name>ref_fork</name>
		<bndbox>
			<xmin>3706</xmin>
			<ymin>762</ymin>
			<xmax>4034</xmax>
			<ymax>1708</ymax>
		</bndbox>
	</object>
	<object>
		<name>ref_coin</name>
		<bndbox>
			<xmin>2152</xmin>
			<ymin>174</ymin>
			<xmax>2529</xmax>
			<ymax>560</ymax>
		</bndbox>
	</object>
	<object>
		<name>dish</name>
		<bndbox>
			<xmin>1148</xmin>
			<ymin>724</ymin>
			<xmax>3629</xmax>
			<ymax>3214</ymax>
		</bndbox>
	</object>
	<object>
		<name>시래기된장국</name>
		<bndbox>
			<xmin>1313</xmin>
			<ymin>917</ymin>
			<xmax>3465</xmax>
			<ymax>3059</ymax>
		</bndbox>
	</object>
</annotation>