<annotation>
	<folder>top국류대접q5</folder>
	<filename>top_국류_대접_시래기된장국_Q5_00020.JPG</filename>
	<path>/top국류대접시래기된장국q5/top_국류_대접_시래기된장국_Q5_00020.JPG</path>
	<source>
		<database>fooddata</database>
	</source>
	<size>
		<width>5472</width>
		<height>3648</height>
		<depth>3</depth>
	</size>
	<object>
		<name>ref_spoon</name>
		<bndbox>
			<xmin>1999</xmin>
			<ymin>2484</ymin>
			<xmax>2779</xmax>
			<ymax>2953</ymax>
		</bndbox>
	</object>
	<object>
		<name>ref_fork</name>
		<bndbox>
			<xmin>2247</xmin>
			<ymin>3112</ymin>
			<xmax>3069</xmax>
			<ymax>3456</ymax>
		</bndbox>
	</object>
	<object>
		<name>ref_coin</name>
		<bndbox>
			<xmin>4184</xmin>
			<ymin>1940</ymin>
			<xmax>4515</xmax>
			<ymax>2264</ymax>
		</bndbox>
	</object>
	<object>
		<name>dish</name>
		<bndbox>
			<xmin>2282</xmin>
			<ymin>183</ymin>
			<xmax>4301</xmax>
			<ymax>2181</ymax>
		</bndbox>
	</object>
	<object>
		<name>시래기된장국</name>
		<bndbox>
			<xmin>2399</xmin>
			<ymin>341</ymin>
			<xmax>4159</xmax>
			<ymax>2094</ymax>
		</bndbox>
	</object>
</annotation>