<annotation>
	<folder>top국류대접q5</folder>
	<filename>top_국류_대접_시래기된장국_Q5_00015.JPG</filename>
	<path>/top국류대접시래기된장국q5/top_국류_대접_시래기된장국_Q5_00015.JPG</path>
	<source>
		<database>fooddata</database>
	</source>
	<size>
		<width>5472</width>
		<height>3648</height>
		<depth>3</depth>
	</size>
	<object>
		<name>ref_spoon</name>
		<bndbox>
			<xmin>4285</xmin>
			<ymin>174</ymin>
			<xmax>4816</xmax>
			<ymax>1062</ymax>
		</bndbox>
	</object>
	<object>
		<name>ref_fork</name>
		<bndbox>
			<xmin>3658</xmin>
			<ymin>328</ymin>
			<xmax>4015</xmax>
			<ymax>1313</ymax>
		</bndbox>
	</object>
	<object>
		<name>ref_coin</name>
		<bndbox>
			<xmin>2895</xmin>
			<ymin>3127</ymin>
			<xmax>3310</xmax>
			<ymax>3561</ymax>
		</bndbox>
	</object>
	<object>
		<name>dish</name>
		<bndbox>
			<xmin>1004</xmin>
			<ymin>299</ymin>
			<xmax>3619</xmax>
			<ymax>2876</ymax>
		</bndbox>
	</object>
	<object>
		<name>시래기된장국</name>
		<bndbox>
			<xmin>1187</xmin>
			<ymin>492</ymin>
			<xmax>3436</xmax>
			<ymax>2741</ymax>
		</bndbox>
	</object>
</annotation>