<annotation>
	<folder>top국류대접q5</folder>
	<filename>top_국류_대접_시래기된장국_Q5_00029.JPG</filename>
	<path>/top국류대접시래기된장국q5/top_국류_대접_시래기된장국_Q5_00029.JPG</path>
	<source>
		<database>fooddata</database>
	</source>
	<size>
		<width>5472</width>
		<height>3648</height>
		<depth>3</depth>
	</size>
	<object>
		<name>ref_spoon</name>
		<bndbox>
			<xmin>1890</xmin>
			<ymin>2322</ymin>
			<xmax>2632</xmax>
			<ymax>2769</ymax>
		</bndbox>
	</object>
	<object>
		<name>ref_fork</name>
		<bndbox>
			<xmin>2126</xmin>
			<ymin>2980</ymin>
			<xmax>2910</xmax>
			<ymax>3293</ymax>
		</bndbox>
	</object>
	<object>
		<name>ref_coin</name>
		<bndbox>
			<xmin>4134</xmin>
			<ymin>464</ymin>
			<xmax>4448</xmax>
			<ymax>760</ymax>
		</bndbox>
	</object>
	<object>
		<name>dish</name>
		<bndbox>
			<xmin>2228</xmin>
			<ymin>235</ymin>
			<xmax>4237</xmax>
			<ymax>2244</ymax>
		</bndbox>
	</object>
	<object>
		<name>시래기된장국</name>
		<bndbox>
			<xmin>2343</xmin>
			<ymin>410</ymin>
			<xmax>4080</xmax>
			<ymax>2153</ymax>
		</bndbox>
	</object>
</annotation>