<annotation>
	<folder>side건더기국류냄비닭볶음탕q4</folder>
	<filename>side_건더기국류_냄비_닭볶음탕_Q4_00004.JPG</filename>
	<path>/side건더기국류냄비닭볶음탕q4/side_건더기국류_냄비_닭볶음탕_Q4_00004.JPG</path>
	<source>
		<database>fooddata</database>
	</source>
	<size>
		<width>3008</width>
		<height>2000</height>
		<depth>3</depth>
	</size>
	<object>
		<name>ref_spoon</name>
		<bndbox>
			<xmin>2050</xmin>
			<ymin>569</ymin>
			<xmax>2287</xmax>
			<ymax>888</ymax>
		</bndbox>
	</object>
	<object>
		<name>ref_fork</name>
		<bndbox>
			<xmin>2436</xmin>
			<ymin>608</ymin>
			<xmax>2608</xmax>
			<ymax>974</ymax>
		</bndbox>
	</object>
	<object>
		<name>ref_coin</name>
		<bndbox>
			<xmin>666</xmin>
			<ymin>1567</ymin>
			<xmax>864</xmax>
			<ymax>1723</ymax>
		</bndbox>
	</object>
	<object>
		<name>dish</name>
		<bndbox>
			<xmin>527</xmin>
			<ymin>389</ymin>
			<xmax>1794</xmax>
			<ymax>1360</ymax>
		</bndbox>
	</object>
	<object>
		<name>닭볶음탕</name>
		<bndbox>
			<xmin>755</xmin>
			<ymin>627</ymin>
			<xmax>1687</xmax>
			<ymax>1198</ymax>
		</bndbox>
	</object>
</annotation>