<annotation>
	<folder>side건더기국류냄비닭볶음탕q4</folder>
	<filename>side_건더기국류_냄비_닭볶음탕_Q4_00005.JPG</filename>
	<path>/side건더기국류냄비닭볶음탕q4/side_건더기국류_냄비_닭볶음탕_Q4_00005.JPG</path>
	<source>
		<database>fooddata</database>
	</source>
	<size>
		<width>3008</width>
		<height>2000</height>
		<depth>3</depth>
	</size>
	<object>
		<name>ref_spoon</name>
		<bndbox>
			<xmin>2175</xmin>
			<ymin>574</ymin>
			<xmax>2428</xmax>
			<ymax>906</ymax>
		</bndbox>
	</object>
	<object>
		<name>ref_fork</name>
		<bndbox>
			<xmin>2580</xmin>
			<ymin>619</ymin>
			<xmax>2765</xmax>
			<ymax>1005</ymax>
		</bndbox>
	</object>
	<object>
		<name>ref_coin</name>
		<bndbox>
			<xmin>394</xmin>
			<ymin>1415</ymin>
			<xmax>601</xmax>
			<ymax>1574</ymax>
		</bndbox>
	</object>
	<object>
		<name>dish</name>
		<bndbox>
			<xmin>666</xmin>
			<ymin>347</ymin>
			<xmax>1987</xmax>
			<ymax>1363</ymax>
		</bndbox>
	</object>
	<object>
		<name>닭볶음탕</name>
		<bndbox>
			<xmin>807</xmin>
			<ymin>590</ymin>
			<xmax>1700</xmax>
			<ymax>1196</ymax>
		</bndbox>
	</object>
</annotation>