<annotation>
	<folder>side건더기국류냄비닭볶음탕q4</folder>
	<filename>side_건더기국류_냄비_닭볶음탕_Q4_00001.JPG</filename>
	<path>/side건더기국류냄비닭볶음탕q4/side_건더기국류_냄비_닭볶음탕_Q4_00001.JPG</path>
	<source>
		<database>fooddata</database>
	</source>
	<size>
		<width>3008</width>
		<height>2000</height>
		<depth>3</depth>
	</size>
	<object>
		<name>ref_spoon</name>
		<bndbox>
			<xmin>1909</xmin>
			<ymin>428</ymin>
			<xmax>2146</xmax>
			<ymax>749</ymax>
		</bndbox>
	</object>
	<object>
		<name>ref_fork</name>
		<bndbox>
			<xmin>2295</xmin>
			<ymin>465</ymin>
			<xmax>2465</xmax>
			<ymax>825</ymax>
		</bndbox>
	</object>
	<object>
		<name>ref_coin</name>
		<bndbox>
			<xmin>1658</xmin>
			<ymin>1627</ymin>
			<xmax>1862</xmax>
			<ymax>1786</ymax>
		</bndbox>
	</object>
	<object>
		<name>dish</name>
		<bndbox>
			<xmin>541</xmin>
			<ymin>290</ymin>
			<xmax>1825</xmax>
			<ymax>1279</ymax>
		</bndbox>
	</object>
	<object>
		<name>닭볶음탕</name>
		<bndbox>
			<xmin>820</xmin>
			<ymin>512</ymin>
			<xmax>1520</xmax>
			<ymax>1110</ymax>
		</bndbox>
	</object>
</annotation>