<annotation>
	<folder>side건더기국류냄비닭볶음탕q4</folder>
	<filename>side_건더기국류_냄비_닭볶음탕_Q4_00038.JPG</filename>
	<path>/side건더기국류냄비닭볶음탕q4/side_건더기국류_냄비_닭볶음탕_Q4_00038.JPG</path>
	<source>
		<database>fooddata</database>
	</source>
	<size>
		<width>3008</width>
		<height>2000</height>
		<depth>3</depth>
	</size>
	<object>
		<name>ref_spoon</name>
		<bndbox>
			<xmin>157</xmin>
			<ymin>559</ymin>
			<xmax>423</xmax>
			<ymax>914</ymax>
		</bndbox>
	</object>
	<object>
		<name>ref_fork</name>
		<bndbox>
			<xmin>535</xmin>
			<ymin>556</ymin>
			<xmax>721</xmax>
			<ymax>966</ymax>
		</bndbox>
	</object>
	<object>
		<name>ref_coin</name>
		<bndbox>
			<xmin>1473</xmin>
			<ymin>303</ymin>
			<xmax>1650</xmax>
			<ymax>420</ymax>
		</bndbox>
	</object>
	<object>
		<name>dish</name>
		<bndbox>
			<xmin>1172</xmin>
			<ymin>475</ymin>
			<xmax>2619</xmax>
			<ymax>1627</ymax>
		</bndbox>
	</object>
	<object>
		<name>닭볶음탕</name>
		<bndbox>
			<xmin>1269</xmin>
			<ymin>713</ymin>
			<xmax>2426</xmax>
			<ymax>1473</ymax>
		</bndbox>
	</object>
</annotation>