<annotation>
	<folder>side건더기국류냄비닭볶음탕q4</folder>
	<filename>side_건더기국류_냄비_닭볶음탕_Q4_00023.JPG</filename>
	<path>/side건더기국류냄비닭볶음탕q4/side_건더기국류_냄비_닭볶음탕_Q4_00023.JPG</path>
	<source>
		<database>fooddata</database>
	</source>
	<size>
		<width>3008</width>
		<height>2000</height>
		<depth>3</depth>
	</size>
	<object>
		<name>ref_spoon</name>
		<bndbox>
			<xmin>436</xmin>
			<ymin>1587</ymin>
			<xmax>859</xmax>
			<ymax>1830</ymax>
		</bndbox>
	</object>
	<object>
		<name>ref_fork</name>
		<bndbox>
			<xmin>520</xmin>
			<ymin>1352</ymin>
			<xmax>982</xmax>
			<ymax>1551</ymax>
		</bndbox>
	</object>
	<object>
		<name>ref_coin</name>
		<bndbox>
			<xmin>373</xmin>
			<ymin>394</ymin>
			<xmax>551</xmax>
			<ymax>520</ymax>
		</bndbox>
	</object>
	<object>
		<name>dish</name>
		<bndbox>
			<xmin>645</xmin>
			<ymin>149</ymin>
			<xmax>1851</xmax>
			<ymax>1102</ymax>
		</bndbox>
	</object>
	<object>
		<name>닭볶음탕</name>
		<bndbox>
			<xmin>794</xmin>
			<ymin>418</ymin>
			<xmax>1684</xmax>
			<ymax>966</ymax>
		</bndbox>
	</object>
</annotation>