<annotation>
	<folder>side건더기국류냄비닭볶음탕q4</folder>
	<filename>side_건더기국류_냄비_닭볶음탕_Q4_00009.JPG</filename>
	<path>/side건더기국류냄비닭볶음탕q4/side_건더기국류_냄비_닭볶음탕_Q4_00009.JPG</path>
	<source>
		<database>fooddata</database>
	</source>
	<size>
		<width>3008</width>
		<height>2000</height>
		<depth>3</depth>
	</size>
	<object>
		<name>ref_spoon</name>
		<bndbox>
			<xmin>2146</xmin>
			<ymin>804</ymin>
			<xmax>2410</xmax>
			<ymax>1162</ymax>
		</bndbox>
	</object>
	<object>
		<name>ref_fork</name>
		<bndbox>
			<xmin>2574</xmin>
			<ymin>859</ymin>
			<xmax>2762</xmax>
			<ymax>1274</ymax>
		</bndbox>
	</object>
	<object>
		<name>ref_coin</name>
		<bndbox>
			<xmin>1420</xmin>
			<ymin>345</ymin>
			<xmax>1590</xmax>
			<ymax>462</ymax>
		</bndbox>
	</object>
	<object>
		<name>dish</name>
		<bndbox>
			<xmin>363</xmin>
			<ymin>527</ymin>
			<xmax>1781</xmax>
			<ymax>1621</ymax>
		</bndbox>
	</object>
	<object>
		<name>닭볶음탕</name>
		<bndbox>
			<xmin>517</xmin>
			<ymin>736</ymin>
			<xmax>1627</xmax>
			<ymax>1436</ymax>
		</bndbox>
	</object>
</annotation>