<annotation>
	<folder>top건더기국류냄비닭볶음탕q4</folder>
	<filename>top_건더기국류_냄비_닭볶음탕_Q4_00028.JPG</filename>
	<path>/top건더기국류냄비닭볶음탕q4/top_건더기국류_냄비_닭볶음탕_Q4_00028.JPG</path>
	<source>
		<database>fooddata</database>
	</source>
	<size>
		<width>3008</width>
		<height>2000</height>
		<depth>3</depth>
	</size>
	<object>
		<name>ref_spoon</name>
		<bndbox>
			<xmin>640</xmin>
			<ymin>1609</ymin>
			<xmax>1021</xmax>
			<ymax>1859</ymax>
		</bndbox>
	</object>
	<object>
		<name>ref_fork</name>
		<bndbox>
			<xmin>729</xmin>
			<ymin>1366</ymin>
			<xmax>1151</xmax>
			<ymax>1522</ymax>
		</bndbox>
	</object>
	<object>
		<name>ref_coin</name>
		<bndbox>
			<xmin>568</xmin>
			<ymin>1061</ymin>
			<xmax>737</xmax>
			<ymax>1228</ymax>
		</bndbox>
	</object>
	<object>
		<name>dish</name>
		<bndbox>
			<xmin>813</xmin>
			<ymin>105</ymin>
			<xmax>2023</xmax>
			<ymax>1279</ymax>
		</bndbox>
	</object>
	<object>
		<name>닭볶음탕</name>
		<bndbox>
			<xmin>916</xmin>
			<ymin>348</ymin>
			<xmax>1870</xmax>
			<ymax>1194</ymax>
		</bndbox>
	</object>
</annotation>