<annotation>
	<folder>top건더기국류냄비닭볶음탕q4</folder>
	<filename>top_건더기국류_냄비_닭볶음탕_Q4_00002.JPG</filename>
	<path>/top건더기국류냄비닭볶음탕q4/top_건더기국류_냄비_닭볶음탕_Q4_00002.JPG</path>
	<source>
		<database>fooddata</database>
	</source>
	<size>
		<width>3008</width>
		<height>2000</height>
		<depth>3</depth>
	</size>
	<object>
		<name>ref_spoon</name>
		<bndbox>
			<xmin>1995</xmin>
			<ymin>366</ymin>
			<xmax>2235</xmax>
			<ymax>742</ymax>
		</bndbox>
	</object>
	<object>
		<name>ref_fork</name>
		<bndbox>
			<xmin>2374</xmin>
			<ymin>425</ymin>
			<xmax>2565</xmax>
			<ymax>847</ymax>
		</bndbox>
	</object>
	<object>
		<name>ref_coin</name>
		<bndbox>
			<xmin>1072</xmin>
			<ymin>1565</ymin>
			<xmax>1248</xmax>
			<ymax>1752</ymax>
		</bndbox>
	</object>
	<object>
		<name>dish</name>
		<bndbox>
			<xmin>430</xmin>
			<ymin>102</ymin>
			<xmax>1739</xmax>
			<ymax>1368</ymax>
		</bndbox>
	</object>
	<object>
		<name>닭볶음탕</name>
		<bndbox>
			<xmin>634</xmin>
			<ymin>340</ymin>
			<xmax>1637</xmax>
			<ymax>1271</ymax>
		</bndbox>
	</object>
</annotation>