<annotation>
	<folder>top건더기국류냄비닭볶음탕q4</folder>
	<filename>top_건더기국류_냄비_닭볶음탕_Q4_00037.JPG</filename>
	<path>/top건더기국류냄비닭볶음탕q4/top_건더기국류_냄비_닭볶음탕_Q4_00037.JPG</path>
	<source>
		<database>fooddata</database>
	</source>
	<size>
		<width>3008</width>
		<height>2000</height>
		<depth>3</depth>
	</size>
	<object>
		<name>ref_spoon</name>
		<bndbox>
			<xmin>338</xmin>
			<ymin>427</ymin>
			<xmax>581</xmax>
			<ymax>785</ymax>
		</bndbox>
	</object>
	<object>
		<name>ref_fork</name>
		<bndbox>
			<xmin>696</xmin>
			<ymin>445</ymin>
			<xmax>859</xmax>
			<ymax>834</ymax>
		</bndbox>
	</object>
	<object>
		<name>ref_coin</name>
		<bndbox>
			<xmin>2266</xmin>
			<ymin>734</ymin>
			<xmax>2420</xmax>
			<ymax>887</ymax>
		</bndbox>
	</object>
	<object>
		<name>dish</name>
		<bndbox>
			<xmin>964</xmin>
			<ymin>330</ymin>
			<xmax>2174</xmax>
			<ymax>1488</ymax>
		</bndbox>
	</object>
	<object>
		<name>닭볶음탕</name>
		<bndbox>
			<xmin>1090</xmin>
			<ymin>453</ymin>
			<xmax>1992</xmax>
			<ymax>1412</ymax>
		</bndbox>
	</object>
</annotation>