<annotation>
	<folder>top건더기국류냄비닭볶음탕q4</folder>
	<filename>top_건더기국류_냄비_닭볶음탕_Q4_00020.JPG</filename>
	<path>/top건더기국류냄비닭볶음탕q4/top_건더기국류_냄비_닭볶음탕_Q4_00020.JPG</path>
	<source>
		<database>fooddata</database>
	</source>
	<size>
		<width>3008</width>
		<height>2000</height>
		<depth>3</depth>
	</size>
	<object>
		<name>ref_spoon</name>
		<bndbox>
			<xmin>888</xmin>
			<ymin>1621</ymin>
			<xmax>1205</xmax>
			<ymax>1841</ymax>
		</bndbox>
	</object>
	<object>
		<name>ref_fork</name>
		<bndbox>
			<xmin>957</xmin>
			<ymin>1412</ymin>
			<xmax>1299</xmax>
			<ymax>1547</ymax>
		</bndbox>
	</object>
	<object>
		<name>ref_coin</name>
		<bndbox>
			<xmin>1821</xmin>
			<ymin>795</ymin>
			<xmax>1954</xmax>
			<ymax>928</ymax>
		</bndbox>
	</object>
	<object>
		<name>dish</name>
		<bndbox>
			<xmin>790</xmin>
			<ymin>223</ymin>
			<xmax>1785</xmax>
			<ymax>1164</ymax>
		</bndbox>
	</object>
	<object>
		<name>닭볶음탕</name>
		<bndbox>
			<xmin>998</xmin>
			<ymin>417</ymin>
			<xmax>1665</xmax>
			<ymax>1128</ymax>
		</bndbox>
	</object>
</annotation>