<annotation>
	<folder>top건더기국류냄비닭볶음탕q4</folder>
	<filename>top_건더기국류_냄비_닭볶음탕_Q4_00013.JPG</filename>
	<path>/top건더기국류냄비닭볶음탕q4/top_건더기국류_냄비_닭볶음탕_Q4_00013.JPG</path>
	<source>
		<database>fooddata</database>
	</source>
	<size>
		<width>3008</width>
		<height>2000</height>
		<depth>3</depth>
	</size>
	<object>
		<name>ref_spoon</name>
		<bndbox>
			<xmin>2097</xmin>
			<ymin>404</ymin>
			<xmax>2335</xmax>
			<ymax>780</ymax>
		</bndbox>
	</object>
	<object>
		<name>ref_fork</name>
		<bndbox>
			<xmin>2473</xmin>
			<ymin>460</ymin>
			<xmax>2647</xmax>
			<ymax>882</ymax>
		</bndbox>
	</object>
	<object>
		<name>ref_coin</name>
		<bndbox>
			<xmin>1652</xmin>
			<ymin>69</ymin>
			<xmax>1819</xmax>
			<ymax>225</ymax>
		</bndbox>
	</object>
	<object>
		<name>dish</name>
		<bndbox>
			<xmin>343</xmin>
			<ymin>414</ymin>
			<xmax>1675</xmax>
			<ymax>1721</ymax>
		</bndbox>
	</object>
	<object>
		<name>닭볶음탕</name>
		<bndbox>
			<xmin>565</xmin>
			<ymin>624</ymin>
			<xmax>1578</xmax>
			<ymax>1604</ymax>
		</bndbox>
	</object>
</annotation>