<annotation>
	<folder>top건더기국류냄비닭볶음탕q4</folder>
	<filename>top_건더기국류_냄비_닭볶음탕_Q4_00030.JPG</filename>
	<path>/top건더기국류냄비닭볶음탕q4/top_건더기국류_냄비_닭볶음탕_Q4_00030.JPG</path>
	<source>
		<database>fooddata</database>
	</source>
	<size>
		<width>3008</width>
		<height>2000</height>
		<depth>3</depth>
	</size>
	<object>
		<name>ref_spoon</name>
		<bndbox>
			<xmin>824</xmin>
			<ymin>1629</ymin>
			<xmax>1141</xmax>
			<ymax>1841</ymax>
		</bndbox>
	</object>
	<object>
		<name>ref_fork</name>
		<bndbox>
			<xmin>900</xmin>
			<ymin>1427</ymin>
			<xmax>1248</xmax>
			<ymax>1563</ymax>
		</bndbox>
	</object>
	<object>
		<name>ref_coin</name>
		<bndbox>
			<xmin>1870</xmin>
			<ymin>1143</ymin>
			<xmax>2005</xmax>
			<ymax>1279</ymax>
		</bndbox>
	</object>
	<object>
		<name>dish</name>
		<bndbox>
			<xmin>870</xmin>
			<ymin>258</ymin>
			<xmax>1836</xmax>
			<ymax>1179</ymax>
		</bndbox>
	</object>
	<object>
		<name>닭볶음탕</name>
		<bndbox>
			<xmin>1039</xmin>
			<ymin>419</ymin>
			<xmax>1696</xmax>
			<ymax>1141</ymax>
		</bndbox>
	</object>
</annotation>