<annotation>
	<folder>side건더기국류냄비꽃게탕q3</folder>
	<filename>side_건더기국류_냄비_꽃게탕_Q3_00040.JPG</filename>
	<path>/side건더기국류냄비꽃게탕q3/side_건더기국류_냄비_꽃게탕_Q3_00040.JPG</path>
	<source>
		<database>fooddata</database>
	</source>
	<size>
		<width>3008</width>
		<height>2000</height>
		<depth>3</depth>
	</size>
	<object>
		<name>ref_spoon</name>
		<bndbox>
			<xmin>365</xmin>
			<ymin>852</ymin>
			<xmax>652</xmax>
			<ymax>1208</ymax>
		</bndbox>
	</object>
	<object>
		<name>ref_fork</name>
		<bndbox>
			<xmin>717</xmin>
			<ymin>833</ymin>
			<xmax>916</xmax>
			<ymax>1250</ymax>
		</bndbox>
	</object>
	<object>
		<name>ref_coin</name>
		<bndbox>
			<xmin>2499</xmin>
			<ymin>1056</ymin>
			<xmax>2722</xmax>
			<ymax>1199</ymax>
		</bndbox>
	</object>
	<object>
		<name>dish</name>
		<bndbox>
			<xmin>935</xmin>
			<ymin>685</ymin>
			<xmax>2319</xmax>
			<ymax>1662</ymax>
		</bndbox>
	</object>
	<object>
		<name>꽃게탕</name>
		<bndbox>
			<xmin>1041</xmin>
			<ymin>898</ymin>
			<xmax>2180</xmax>
			<ymax>1532</ymax>
		</bndbox>
	</object>
</annotation>