<annotation>
	<folder>side건더기국류냄비꽃게탕q3</folder>
	<filename>side_건더기국류_냄비_꽃게탕_Q3_00005.JPG</filename>
	<path>/side건더기국류냄비꽃게탕q3/side_건더기국류_냄비_꽃게탕_Q3_00005.JPG</path>
	<source>
		<database>fooddata</database>
	</source>
	<size>
		<width>3008</width>
		<height>2000</height>
		<depth>3</depth>
	</size>
	<object>
		<name>ref_spoon</name>
		<bndbox>
			<xmin>2296</xmin>
			<ymin>704</ymin>
			<xmax>2587</xmax>
			<ymax>1060</ymax>
		</bndbox>
	</object>
	<object>
		<name>ref_fork</name>
		<bndbox>
			<xmin>2643</xmin>
			<ymin>769</ymin>
			<xmax>2865</xmax>
			<ymax>1153</ymax>
		</bndbox>
	</object>
	<object>
		<name>ref_coin</name>
		<bndbox>
			<xmin>222</xmin>
			<ymin>1370</ymin>
			<xmax>458</xmax>
			<ymax>1542</ymax>
		</bndbox>
	</object>
	<object>
		<name>dish</name>
		<bndbox>
			<xmin>620</xmin>
			<ymin>657</ymin>
			<xmax>2166</xmax>
			<ymax>1750</ymax>
		</bndbox>
	</object>
	<object>
		<name>꽃게탕</name>
		<bndbox>
			<xmin>786</xmin>
			<ymin>889</ymin>
			<xmax>2064</xmax>
			<ymax>1597</ymax>
		</bndbox>
	</object>
</annotation>