<annotation>
	<folder>side건더기국류냄비꽃게탕q3</folder>
	<filename>side_건더기국류_냄비_꽃게탕_Q3_00025.JPG</filename>
	<path>/side건더기국류냄비꽃게탕q3/side_건더기국류_냄비_꽃게탕_Q3_00025.JPG</path>
	<source>
		<database>fooddata</database>
	</source>
	<size>
		<width>3008</width>
		<height>2000</height>
		<depth>3</depth>
	</size>
	<object>
		<name>ref_spoon</name>
		<bndbox>
			<xmin>847</xmin>
			<ymin>1699</ymin>
			<xmax>1263</xmax>
			<ymax>1944</ymax>
		</bndbox>
	</object>
	<object>
		<name>ref_fork</name>
		<bndbox>
			<xmin>921</xmin>
			<ymin>1491</ymin>
			<xmax>1402</xmax>
			<ymax>1704</ymax>
		</bndbox>
	</object>
	<object>
		<name>ref_coin</name>
		<bndbox>
			<xmin>2347</xmin>
			<ymin>866</ymin>
			<xmax>2527</xmax>
			<ymax>991</ymax>
		</bndbox>
	</object>
	<object>
		<name>dish</name>
		<bndbox>
			<xmin>828</xmin>
			<ymin>421</ymin>
			<xmax>2115</xmax>
			<ymax>1306</ymax>
		</bndbox>
	</object>
	<object>
		<name>꽃게탕</name>
		<bndbox>
			<xmin>898</xmin>
			<ymin>634</ymin>
			<xmax>2009</xmax>
			<ymax>1194</ymax>
		</bndbox>
	</object>
</annotation>