<annotation>
	<folder>side건더기국류냄비꽃게탕q3</folder>
	<filename>side_건더기국류_냄비_꽃게탕_Q3_00032.JPG</filename>
	<path>/side건더기국류냄비꽃게탕q3/side_건더기국류_냄비_꽃게탕_Q3_00032.JPG</path>
	<source>
		<database>fooddata</database>
	</source>
	<size>
		<width>3008</width>
		<height>2000</height>
		<depth>3</depth>
	</size>
	<object>
		<name>ref_spoon</name>
		<bndbox>
			<xmin>749</xmin>
			<ymin>1681</ymin>
			<xmax>1194</xmax>
			<ymax>1935</ymax>
		</bndbox>
	</object>
	<object>
		<name>ref_fork</name>
		<bndbox>
			<xmin>828</xmin>
			<ymin>1458</ymin>
			<xmax>1286</xmax>
			<ymax>1690</ymax>
		</bndbox>
	</object>
	<object>
		<name>ref_coin</name>
		<bndbox>
			<xmin>610</xmin>
			<ymin>912</ymin>
			<xmax>805</xmax>
			<ymax>1046</ymax>
		</bndbox>
	</object>
	<object>
		<name>dish</name>
		<bndbox>
			<xmin>962</xmin>
			<ymin>361</ymin>
			<xmax>2259</xmax>
			<ymax>1255</ymax>
		</bndbox>
	</object>
	<object>
		<name>꽃게탕</name>
		<bndbox>
			<xmin>1064</xmin>
			<ymin>560</ymin>
			<xmax>2171</xmax>
			<ymax>1130</ymax>
		</bndbox>
	</object>
</annotation>