<annotation>
	<folder>side건더기국류냄비꽃게탕q3</folder>
	<filename>side_건더기국류_냄비_꽃게탕_Q3_00046.JPG</filename>
	<path>/side건더기국류냄비꽃게탕q3/side_건더기국류_냄비_꽃게탕_Q3_00046.JPG</path>
	<source>
		<database>fooddata</database>
	</source>
	<size>
		<width>3008</width>
		<height>2000</height>
		<depth>3</depth>
	</size>
	<object>
		<name>ref_spoon</name>
		<bndbox>
			<xmin>268</xmin>
			<ymin>606</ymin>
			<xmax>555</xmax>
			<ymax>917</ymax>
		</bndbox>
	</object>
	<object>
		<name>ref_fork</name>
		<bndbox>
			<xmin>624</xmin>
			<ymin>588</ymin>
			<xmax>828</xmax>
			<ymax>958</ymax>
		</bndbox>
	</object>
	<object>
		<name>ref_coin</name>
		<bndbox>
			<xmin>902</xmin>
			<ymin>1032</ymin>
			<xmax>1120</xmax>
			<ymax>1185</ymax>
		</bndbox>
	</object>
	<object>
		<name>dish</name>
		<bndbox>
			<xmin>1282</xmin>
			<ymin>505</ymin>
			<xmax>2703</xmax>
			<ymax>1523</ymax>
		</bndbox>
	</object>
	<object>
		<name>꽃게탕</name>
		<bndbox>
			<xmin>1393</xmin>
			<ymin>722</ymin>
			<xmax>2573</xmax>
			<ymax>1384</ymax>
		</bndbox>
	</object>
</annotation>