<annotation>
	<folder>side건더기국류냄비꽃게탕q3</folder>
	<filename>side_건더기국류_냄비_꽃게탕_Q3_00042.JPG</filename>
	<path>/side건더기국류냄비꽃게탕q3/side_건더기국류_냄비_꽃게탕_Q3_00042.JPG</path>
	<source>
		<database>fooddata</database>
	</source>
	<size>
		<width>3008</width>
		<height>2000</height>
		<depth>3</depth>
	</size>
	<object>
		<name>ref_spoon</name>
		<bndbox>
			<xmin>360</xmin>
			<ymin>810</ymin>
			<xmax>643</xmax>
			<ymax>1120</ymax>
		</bndbox>
	</object>
	<object>
		<name>ref_fork</name>
		<bndbox>
			<xmin>712</xmin>
			<ymin>796</ymin>
			<xmax>911</xmax>
			<ymax>1176</ymax>
		</bndbox>
	</object>
	<object>
		<name>ref_coin</name>
		<bndbox>
			<xmin>1976</xmin>
			<ymin>546</ymin>
			<xmax>2161</xmax>
			<ymax>676</ymax>
		</bndbox>
	</object>
	<object>
		<name>dish</name>
		<bndbox>
			<xmin>972</xmin>
			<ymin>759</ymin>
			<xmax>2393</xmax>
			<ymax>1764</ymax>
		</bndbox>
	</object>
	<object>
		<name>꽃게탕</name>
		<bndbox>
			<xmin>1092</xmin>
			<ymin>958</ymin>
			<xmax>2268</xmax>
			<ymax>1634</ymax>
		</bndbox>
	</object>
</annotation>