<annotation>
	<folder>side건더기국류냄비꽃게탕q3</folder>
	<filename>side_건더기국류_냄비_꽃게탕_Q3_00004.JPG</filename>
	<path>/side건더기국류냄비꽃게탕q3/side_건더기국류_냄비_꽃게탕_Q3_00004.JPG</path>
	<source>
		<database>fooddata</database>
	</source>
	<size>
		<width>3008</width>
		<height>2000</height>
		<depth>3</depth>
	</size>
	<object>
		<name>ref_spoon</name>
		<bndbox>
			<xmin>2286</xmin>
			<ymin>579</ymin>
			<xmax>2573</xmax>
			<ymax>954</ymax>
		</bndbox>
	</object>
	<object>
		<name>ref_fork</name>
		<bndbox>
			<xmin>2624</xmin>
			<ymin>620</ymin>
			<xmax>2851</xmax>
			<ymax>1042</ymax>
		</bndbox>
	</object>
	<object>
		<name>ref_coin</name>
		<bndbox>
			<xmin>337</xmin>
			<ymin>1463</ymin>
			<xmax>569</xmax>
			<ymax>1630</ymax>
		</bndbox>
	</object>
	<object>
		<name>dish</name>
		<bndbox>
			<xmin>569</xmin>
			<ymin>532</ymin>
			<xmax>2083</xmax>
			<ymax>1639</ymax>
		</bndbox>
	</object>
	<object>
		<name>꽃게탕</name>
		<bndbox>
			<xmin>703</xmin>
			<ymin>792</ymin>
			<xmax>1948</xmax>
			<ymax>1500</ymax>
		</bndbox>
	</object>
</annotation>