<annotation>
	<folder>side건더기국류냄비꽃게탕q3</folder>
	<filename>side_건더기국류_냄비_꽃게탕_Q3_00007.JPG</filename>
	<path>/side건더기국류냄비꽃게탕q3/side_건더기국류_냄비_꽃게탕_Q3_00007.JPG</path>
	<source>
		<database>fooddata</database>
	</source>
	<size>
		<width>3008</width>
		<height>2000</height>
		<depth>3</depth>
	</size>
	<object>
		<name>ref_spoon</name>
		<bndbox>
			<xmin>2263</xmin>
			<ymin>736</ymin>
			<xmax>2541</xmax>
			<ymax>1088</ymax>
		</bndbox>
	</object>
	<object>
		<name>ref_fork</name>
		<bndbox>
			<xmin>2597</xmin>
			<ymin>796</ymin>
			<xmax>2828</xmax>
			<ymax>1199</ymax>
		</bndbox>
	</object>
	<object>
		<name>ref_coin</name>
		<bndbox>
			<xmin>268</xmin>
			<ymin>731</ymin>
			<xmax>472</xmax>
			<ymax>889</ymax>
		</bndbox>
	</object>
	<object>
		<name>dish</name>
		<bndbox>
			<xmin>536</xmin>
			<ymin>639</ymin>
			<xmax>2060</xmax>
			<ymax>1722</ymax>
		</bndbox>
	</object>
	<object>
		<name>꽃게탕</name>
		<bndbox>
			<xmin>675</xmin>
			<ymin>894</ymin>
			<xmax>1921</xmax>
			<ymax>1579</ymax>
		</bndbox>
	</object>
</annotation>