<annotation>
	<folder>top건더기국류냄비꽃게탕q3</folder>
	<filename>top_건더기국류_냄비_꽃게탕_Q3_00034.JPG</filename>
	<path>/top건더기국류냄비꽃게탕q3/top_건더기국류_냄비_꽃게탕_Q3_00034.JPG</path>
	<source>
		<database>fooddata</database>
	</source>
	<size>
		<width>3008</width>
		<height>2000</height>
		<depth>3</depth>
	</size>
	<object>
		<name>ref_spoon</name>
		<bndbox>
			<xmin>705</xmin>
			<ymin>401</ymin>
			<xmax>905</xmax>
			<ymax>710</ymax>
		</bndbox>
	</object>
	<object>
		<name>ref_fork</name>
		<bndbox>
			<xmin>942</xmin>
			<ymin>438</ymin>
			<xmax>1089</xmax>
			<ymax>763</ymax>
		</bndbox>
	</object>
	<object>
		<name>ref_coin</name>
		<bndbox>
			<xmin>976</xmin>
			<ymin>1486</ymin>
			<xmax>1116</xmax>
			<ymax>1618</ymax>
		</bndbox>
	</object>
	<object>
		<name>dish</name>
		<bndbox>
			<xmin>1055</xmin>
			<ymin>431</ymin>
			<xmax>2100</xmax>
			<ymax>1471</ymax>
		</bndbox>
	</object>
	<object>
		<name>꽃게탕</name>
		<bndbox>
			<xmin>1176</xmin>
			<ymin>521</ymin>
			<xmax>2035</xmax>
			<ymax>1384</ymax>
		</bndbox>
	</object>
</annotation>