<annotation>
	<folder>top건더기국류냄비꽃게탕q3</folder>
	<filename>top_건더기국류_냄비_꽃게탕_Q3_00048.JPG</filename>
	<path>/top건더기국류냄비꽃게탕q3/top_건더기국류_냄비_꽃게탕_Q3_00048.JPG</path>
	<source>
		<database>fooddata</database>
	</source>
	<size>
		<width>3008</width>
		<height>2000</height>
		<depth>3</depth>
	</size>
	<object>
		<name>ref_spoon</name>
		<bndbox>
			<xmin>302</xmin>
			<ymin>174</ymin>
			<xmax>539</xmax>
			<ymax>533</ymax>
		</bndbox>
	</object>
	<object>
		<name>ref_fork</name>
		<bndbox>
			<xmin>577</xmin>
			<ymin>227</ymin>
			<xmax>746</xmax>
			<ymax>597</ymax>
		</bndbox>
	</object>
	<object>
		<name>ref_coin</name>
		<bndbox>
			<xmin>1708</xmin>
			<ymin>1629</ymin>
			<xmax>1873</xmax>
			<ymax>1795</ymax>
		</bndbox>
	</object>
	<object>
		<name>dish</name>
		<bndbox>
			<xmin>897</xmin>
			<ymin>291</ymin>
			<xmax>2126</xmax>
			<ymax>1498</ymax>
		</bndbox>
	</object>
	<object>
		<name>꽃게탕</name>
		<bndbox>
			<xmin>1018</xmin>
			<ymin>408</ymin>
			<xmax>2020</xmax>
			<ymax>1400</ymax>
		</bndbox>
	</object>
</annotation>