<annotation>
	<folder>top건더기국류냄비꽃게탕q3</folder>
	<filename>top_건더기국류_냄비_꽃게탕_Q3_00037.JPG</filename>
	<path>/top건더기국류냄비꽃게탕q3/top_건더기국류_냄비_꽃게탕_Q3_00037.JPG</path>
	<source>
		<database>fooddata</database>
	</source>
	<size>
		<width>3008</width>
		<height>2000</height>
		<depth>3</depth>
	</size>
	<object>
		<name>ref_spoon</name>
		<bndbox>
			<xmin>509</xmin>
			<ymin>502</ymin>
			<xmax>724</xmax>
			<ymax>823</ymax>
		</bndbox>
	</object>
	<object>
		<name>ref_fork</name>
		<bndbox>
			<xmin>773</xmin>
			<ymin>533</ymin>
			<xmax>927</xmax>
			<ymax>898</ymax>
		</bndbox>
	</object>
	<object>
		<name>ref_coin</name>
		<bndbox>
			<xmin>988</xmin>
			<ymin>1592</ymin>
			<xmax>1146</xmax>
			<ymax>1761</ymax>
		</bndbox>
	</object>
	<object>
		<name>dish</name>
		<bndbox>
			<xmin>1074</xmin>
			<ymin>476</ymin>
			<xmax>2213</xmax>
			<ymax>1614</ymax>
		</bndbox>
	</object>
	<object>
		<name>꽃게탕</name>
		<bndbox>
			<xmin>1195</xmin>
			<ymin>582</ymin>
			<xmax>2141</xmax>
			<ymax>1531</ymax>
		</bndbox>
	</object>
</annotation>