<annotation>
	<folder>재작업2</folder>
	<filename>top_건더기국류_냄비_꽃게탕_Q3_00022.JPG</filename>
	<path>/top건더기국류냄비꽃게탕q3/top_건더기국류_냄비_꽃게탕_Q3_00022.JPG</path>
	<source>
		<database>fooddata</database>
	</source>
	<size>
		<width>3008</width>
		<height>2000</height>
		<depth>3</depth>
	</size>
	<object>
		<name>ref_spoon</name>
		<bndbox>
			<xmin>771</xmin>
			<ymin>1703</ymin>
			<xmax>1073</xmax>
			<ymax>1907</ymax>
		</bndbox>
	</object>
	<object>
		<name>ref_fork</name>
		<bndbox>
			<xmin>785</xmin>
			<ymin>1499</ymin>
			<xmax>1120</xmax>
			<ymax>1649</ymax>
		</bndbox>
	</object>
	<object>
		<name>ref_coin</name>
		<bndbox>
			<xmin>1016</xmin>
			<ymin>1281</ymin>
			<xmax>1155</xmax>
			<ymax>1414</ymax>
		</bndbox>
	</object>
	<object>
		<name>dish</name>
		<bndbox>
			<xmin>828</xmin>
			<ymin>297</ymin>
			<xmax>1872</xmax>
			<ymax>1305</ymax>
		</bndbox>
	</object>
	<object>
		<name>꽃게탕</name>
		<bndbox>
			<xmin>935</xmin>
			<ymin>420</ymin>
			<xmax>1787</xmax>
			<ymax>1251</ymax>
		</bndbox>
	</object>
</annotation>