<annotation>
	<folder>top건더기국류냄비꽃게탕q3</folder>
	<filename>top_건더기국류_냄비_꽃게탕_Q3_00007.JPG</filename>
	<path>/top건더기국류냄비꽃게탕q3/top_건더기국류_냄비_꽃게탕_Q3_00007.JPG</path>
	<source>
		<database>fooddata</database>
	</source>
	<size>
		<width>3008</width>
		<height>2000</height>
		<depth>3</depth>
	</size>
	<object>
		<name>ref_spoon</name>
		<bndbox>
			<xmin>2005</xmin>
			<ymin>416</ymin>
			<xmax>2216</xmax>
			<ymax>766</ymax>
		</bndbox>
	</object>
	<object>
		<name>ref_fork</name>
		<bndbox>
			<xmin>2277</xmin>
			<ymin>431</ymin>
			<xmax>2439</xmax>
			<ymax>808</ymax>
		</bndbox>
	</object>
	<object>
		<name>ref_coin</name>
		<bndbox>
			<xmin>324</xmin>
			<ymin>951</ymin>
			<xmax>475</xmax>
			<ymax>1094</ymax>
		</bndbox>
	</object>
	<object>
		<name>dish</name>
		<bndbox>
			<xmin>641</xmin>
			<ymin>314</ymin>
			<xmax>1760</xmax>
			<ymax>1441</ymax>
		</bndbox>
	</object>
	<object>
		<name>꽃게탕</name>
		<bndbox>
			<xmin>750</xmin>
			<ymin>446</ymin>
			<xmax>1655</xmax>
			<ymax>1351</ymax>
		</bndbox>
	</object>
</annotation>