<annotation>
	<folder>top건더기국류냄비꽃게탕q3</folder>
	<filename>top_건더기국류_냄비_꽃게탕_Q3_00011.JPG</filename>
	<path>/top건더기국류냄비꽃게탕q3/top_건더기국류_냄비_꽃게탕_Q3_00011.JPG</path>
	<source>
		<database>fooddata</database>
	</source>
	<size>
		<width>3008</width>
		<height>2000</height>
		<depth>3</depth>
	</size>
	<object>
		<name>ref_spoon</name>
		<bndbox>
			<xmin>1926</xmin>
			<ymin>491</ymin>
			<xmax>2141</xmax>
			<ymax>819</ymax>
		</bndbox>
	</object>
	<object>
		<name>ref_fork</name>
		<bndbox>
			<xmin>2201</xmin>
			<ymin>499</ymin>
			<xmax>2363</xmax>
			<ymax>868</ymax>
		</bndbox>
	</object>
	<object>
		<name>ref_coin</name>
		<bndbox>
			<xmin>980</xmin>
			<ymin>242</ymin>
			<xmax>1123</xmax>
			<ymax>389</ymax>
		</bndbox>
	</object>
	<object>
		<name>dish</name>
		<bndbox>
			<xmin>422</xmin>
			<ymin>585</ymin>
			<xmax>1549</xmax>
			<ymax>1720</ymax>
		</bndbox>
	</object>
	<object>
		<name>꽃게탕</name>
		<bndbox>
			<xmin>558</xmin>
			<ymin>725</ymin>
			<xmax>1466</xmax>
			<ymax>1626</ymax>
		</bndbox>
	</object>
</annotation>