<annotation>
	<folder>my-project-name</folder>
	<filename>side_국물면류_냉면기_떡만둣국_Q2_00032.JPG</filename>
	<path>/side국물면류냉면기떡만둣국q2/side_국물면류_냉면기_떡만둣국_Q2_00032.JPG</path>
	<source>
		<database>fooddata</database>
	</source>
	<size>
		<width>3008</width>
		<height>2000</height>
		<depth>3</depth>
	</size>
	<object>
		<name>ref_spoon</name>
		<bndbox>
			<xmin>433</xmin>
			<ymin>1596</ymin>
			<xmax>866</xmax>
			<ymax>1853</ymax>
		</bndbox>
	</object>
	<object>
		<name>ref_fork</name>
		<bndbox>
			<xmin>540</xmin>
			<ymin>1343</ymin>
			<xmax>1028</xmax>
			<ymax>1557</ymax>
		</bndbox>
	</object>
	<object>
		<name>ref_coin</name>
		<bndbox>
			<xmin>2258</xmin>
			<ymin>1120</ymin>
			<xmax>2442</xmax>
			<ymax>1274</ymax>
		</bndbox>
	</object>
	<object>
		<name>dish</name>
		<bndbox>
			<xmin>531</xmin>
			<ymin>96</ymin>
			<xmax>1855</xmax>
			<ymax>1231</ymax>
		</bndbox>
	</object>
	<object>
		<name>떡만둣국</name>
		<bndbox>
			<xmin>754</xmin>
			<ymin>516</ymin>
			<xmax>1633</xmax>
			<ymax>1000</ymax>
		</bndbox>
	</object>
</annotation>