<annotation>
	<folder>my-project-name</folder>
	<filename>side_국물면류_냉면기_떡만둣국_Q2_00043.JPG</filename>
	<path>/side국물면류냉면기떡만둣국q2/side_국물면류_냉면기_떡만둣국_Q2_00043.JPG</path>
	<source>
		<database>fooddata</database>
	</source>
	<size>
		<width>3008</width>
		<height>2000</height>
		<depth>3</depth>
	</size>
	<object>
		<name>ref_spoon</name>
		<bndbox>
			<xmin>270</xmin>
			<ymin>567</ymin>
			<xmax>523</xmax>
			<ymax>919</ymax>
		</bndbox>
	</object>
	<object>
		<name>ref_fork</name>
		<bndbox>
			<xmin>591</xmin>
			<ymin>580</ymin>
			<xmax>771</xmax>
			<ymax>974</ymax>
		</bndbox>
	</object>
	<object>
		<name>ref_coin</name>
		<bndbox>
			<xmin>2541</xmin>
			<ymin>811</ymin>
			<xmax>2708</xmax>
			<ymax>949</ymax>
		</bndbox>
	</object>
	<object>
		<name>dish</name>
		<bndbox>
			<xmin>896</xmin>
			<ymin>246</ymin>
			<xmax>2297</xmax>
			<ymax>1454</ymax>
		</bndbox>
	</object>
	<object>
		<name>떡만둣국</name>
		<bndbox>
			<xmin>1076</xmin>
			<ymin>640</ymin>
			<xmax>2065</xmax>
			<ymax>1227</ymax>
		</bndbox>
	</object>
</annotation>