<annotation>
	<folder>my-project-name</folder>
	<filename>side_국물면류_냉면기_떡만둣국_Q2_00023.JPG</filename>
	<path>/side국물면류냉면기떡만둣국q2/side_국물면류_냉면기_떡만둣국_Q2_00023.JPG</path>
	<source>
		<database>fooddata</database>
	</source>
	<size>
		<width>3008</width>
		<height>2000</height>
		<depth>3</depth>
	</size>
	<object>
		<name>ref_spoon</name>
		<bndbox>
			<xmin>656</xmin>
			<ymin>1536</ymin>
			<xmax>1084</xmax>
			<ymax>1788</ymax>
		</bndbox>
	</object>
	<object>
		<name>ref_fork</name>
		<bndbox>
			<xmin>763</xmin>
			<ymin>1300</ymin>
			<xmax>1208</xmax>
			<ymax>1506</ymax>
		</bndbox>
	</object>
	<object>
		<name>ref_coin</name>
		<bndbox>
			<xmin>613</xmin>
			<ymin>190</ymin>
			<xmax>767</xmax>
			<ymax>310</ymax>
		</bndbox>
	</object>
	<object>
		<name>dish</name>
		<bndbox>
			<xmin>887</xmin>
			<ymin>109</ymin>
			<xmax>2155</xmax>
			<ymax>1184</ymax>
		</bndbox>
	</object>
	<object>
		<name>떡만둣국</name>
		<bndbox>
			<xmin>1076</xmin>
			<ymin>512</ymin>
			<xmax>1941</xmax>
			<ymax>957</ymax>
		</bndbox>
	</object>
</annotation>