<annotation>
	<folder>my-project-name</folder>
	<filename>side_국물면류_냉면기_떡만둣국_Q2_00021.JPG</filename>
	<path>/side국물면류냉면기떡만둣국q2/side_국물면류_냉면기_떡만둣국_Q2_00021.JPG</path>
	<source>
		<database>fooddata</database>
	</source>
	<size>
		<width>3008</width>
		<height>2000</height>
		<depth>3</depth>
	</size>
	<object>
		<name>ref_spoon</name>
		<bndbox>
			<xmin>720</xmin>
			<ymin>1536</ymin>
			<xmax>1140</xmax>
			<ymax>1780</ymax>
		</bndbox>
	</object>
	<object>
		<name>ref_fork</name>
		<bndbox>
			<xmin>814</xmin>
			<ymin>1300</ymin>
			<xmax>1294</xmax>
			<ymax>1506</ymax>
		</bndbox>
	</object>
	<object>
		<name>ref_coin</name>
		<bndbox>
			<xmin>364</xmin>
			<ymin>709</ymin>
			<xmax>540</xmax>
			<ymax>846</ymax>
		</bndbox>
	</object>
	<object>
		<name>dish</name>
		<bndbox>
			<xmin>921</xmin>
			<ymin>109</ymin>
			<xmax>2190</xmax>
			<ymax>1184</ymax>
		</bndbox>
	</object>
	<object>
		<name>떡만둣국</name>
		<bndbox>
			<xmin>1131</xmin>
			<ymin>516</ymin>
			<xmax>1984</xmax>
			<ymax>953</ymax>
		</bndbox>
	</object>
</annotation>