<annotation>
	<folder>my-project-name</folder>
	<filename>side_국물면류_냉면기_떡만둣국_Q2_00051.JPG</filename>
	<path>/side국물면류냉면기떡만둣국q2/side_국물면류_냉면기_떡만둣국_Q2_00051.JPG</path>
	<source>
		<database>fooddata</database>
	</source>
	<size>
		<width>3008</width>
		<height>2000</height>
		<depth>3</depth>
	</size>
	<object>
		<name>ref_spoon</name>
		<bndbox>
			<xmin>703</xmin>
			<ymin>653</ymin>
			<xmax>964</xmax>
			<ymax>1013</ymax>
		</bndbox>
	</object>
	<object>
		<name>ref_fork</name>
		<bndbox>
			<xmin>1024</xmin>
			<ymin>674</ymin>
			<xmax>1208</xmax>
			<ymax>1081</ymax>
		</bndbox>
	</object>
	<object>
		<name>ref_coin</name>
		<bndbox>
			<xmin>43</xmin>
			<ymin>1369</ymin>
			<xmax>249</xmax>
			<ymax>1527</ymax>
		</bndbox>
	</object>
	<object>
		<name>dish</name>
		<bndbox>
			<xmin>1465</xmin>
			<ymin>297</ymin>
			<xmax>2905</xmax>
			<ymax>1514</ymax>
		</bndbox>
	</object>
	<object>
		<name>떡만둣국</name>
		<bndbox>
			<xmin>1641</xmin>
			<ymin>691</ymin>
			<xmax>2614</xmax>
			<ymax>1261</ymax>
		</bndbox>
	</object>
</annotation>