<annotation>
	<folder>my-project-name</folder>
	<filename>side_국물면류_냉면기_떡만둣국_Q2_00017.JPG</filename>
	<path>/side국물면류냉면기떡만둣국q2/side_국물면류_냉면기_떡만둣국_Q2_00017.JPG</path>
	<source>
		<database>fooddata</database>
	</source>
	<size>
		<width>3008</width>
		<height>2000</height>
		<depth>3</depth>
	</size>
	<object>
		<name>ref_spoon</name>
		<bndbox>
			<xmin>2061</xmin>
			<ymin>456</ymin>
			<xmax>2314</xmax>
			<ymax>811</ymax>
		</bndbox>
	</object>
	<object>
		<name>ref_fork</name>
		<bndbox>
			<xmin>2421</xmin>
			<ymin>529</ymin>
			<xmax>2601</xmax>
			<ymax>919</ymax>
		</bndbox>
	</object>
	<object>
		<name>ref_coin</name>
		<bndbox>
			<xmin>120</xmin>
			<ymin>1317</ymin>
			<xmax>343</xmax>
			<ymax>1484</ymax>
		</bndbox>
	</object>
	<object>
		<name>dish</name>
		<bndbox>
			<xmin>441</xmin>
			<ymin>113</ymin>
			<xmax>1920</xmax>
			<ymax>1351</ymax>
		</bndbox>
	</object>
	<object>
		<name>떡만둣국</name>
		<bndbox>
			<xmin>686</xmin>
			<ymin>529</ymin>
			<xmax>1688</xmax>
			<ymax>1086</ymax>
		</bndbox>
	</object>
</annotation>