<annotation>
	<folder>top국물면류냉면기떡만두국q2</folder>
	<filename>top_국물면류_냉면기_떡만둣국_Q2_00009.JPG</filename>
	<path>/top국물면류냉면기떡만둣국q2/top_국물면류_냉면기_떡만둣국_Q2_00009.JPG</path>
	<source>
		<database>fooddata</database>
	</source>
	<size>
		<width>3008</width>
		<height>2000</height>
		<depth>3</depth>
	</size>
	<object>
		<name>ref_spoon</name>
		<bndbox>
			<xmin>1987</xmin>
			<ymin>497</ymin>
			<xmax>2237</xmax>
			<ymax>897</ymax>
		</bndbox>
	</object>
	<object>
		<name>ref_fork</name>
		<bndbox>
			<xmin>2288</xmin>
			<ymin>624</ymin>
			<xmax>2480</xmax>
			<ymax>1071</ymax>
		</bndbox>
	</object>
	<object>
		<name>ref_coin</name>
		<bndbox>
			<xmin>1112</xmin>
			<ymin>69</ymin>
			<xmax>1290</xmax>
			<ymax>236</ymax>
		</bndbox>
	</object>
	<object>
		<name>dish</name>
		<bndbox>
			<xmin>488</xmin>
			<ymin>385</ymin>
			<xmax>1983</xmax>
			<ymax>1855</ymax>
		</bndbox>
	</object>
	<object>
		<name>떡만둣국</name>
		<bndbox>
			<xmin>720</xmin>
			<ymin>664</ymin>
			<xmax>1765</xmax>
			<ymax>1739</ymax>
		</bndbox>
	</object>
</annotation>