<annotation>
	<folder>top국물면류냉면기떡만두국q2</folder>
	<filename>top_국물면류_냉면기_떡만둣국_Q2_00034.JPG</filename>
	<path>/top국물면류냉면기떡만둣국q2/top_국물면류_냉면기_떡만둣국_Q2_00034.JPG</path>
	<source>
		<database>fooddata</database>
	</source>
	<size>
		<width>3008</width>
		<height>2000</height>
		<depth>3</depth>
	</size>
	<object>
		<name>ref_spoon</name>
		<bndbox>
			<xmin>553</xmin>
			<ymin>189</ymin>
			<xmax>818</xmax>
			<ymax>599</ymax>
		</bndbox>
	</object>
	<object>
		<name>ref_fork</name>
		<bndbox>
			<xmin>898</xmin>
			<ymin>200</ymin>
			<xmax>1068</xmax>
			<ymax>635</ymax>
		</bndbox>
	</object>
	<object>
		<name>ref_coin</name>
		<bndbox>
			<xmin>1620</xmin>
			<ymin>1670</ymin>
			<xmax>1805</xmax>
			<ymax>1851</ymax>
		</bndbox>
	</object>
	<object>
		<name>dish</name>
		<bndbox>
			<xmin>1047</xmin>
			<ymin>116</ymin>
			<xmax>2517</xmax>
			<ymax>1579</ymax>
		</bndbox>
	</object>
	<object>
		<name>떡만둣국</name>
		<bndbox>
			<xmin>1246</xmin>
			<ymin>374</ymin>
			<xmax>2237</xmax>
			<ymax>1361</ymax>
		</bndbox>
	</object>
</annotation>