<annotation>
	<folder>top국물면류냉면기떡만두국q2</folder>
	<filename>top_국물면류_냉면기_떡만둣국_Q2_00002.JPG</filename>
	<path>/top국물면류냉면기떡만둣국q2/top_국물면류_냉면기_떡만둣국_Q2_00002.JPG</path>
	<source>
		<database>fooddata</database>
	</source>
	<size>
		<width>3008</width>
		<height>2000</height>
		<depth>3</depth>
	</size>
	<object>
		<name>ref_spoon</name>
		<bndbox>
			<xmin>2019</xmin>
			<ymin>236</ymin>
			<xmax>2274</xmax>
			<ymax>628</ymax>
		</bndbox>
	</object>
	<object>
		<name>ref_fork</name>
		<bndbox>
			<xmin>2324</xmin>
			<ymin>348</ymin>
			<xmax>2520</xmax>
			<ymax>791</ymax>
		</bndbox>
	</object>
	<object>
		<name>ref_coin</name>
		<bndbox>
			<xmin>1373</xmin>
			<ymin>1615</ymin>
			<xmax>1562</xmax>
			<ymax>1811</ymax>
		</bndbox>
	</object>
	<object>
		<name>dish</name>
		<bndbox>
			<xmin>411</xmin>
			<ymin>58</ymin>
			<xmax>1892</xmax>
			<ymax>1506</ymax>
		</bndbox>
	</object>
	<object>
		<name>떡만둣국</name>
		<bndbox>
			<xmin>666</xmin>
			<ymin>287</ymin>
			<xmax>1689</xmax>
			<ymax>1376</ymax>
		</bndbox>
	</object>
</annotation>