<annotation>
	<folder>top국물면류냉면기떡만두국q2</folder>
	<filename>top_국물면류_냉면기_떡만둣국_Q2_00031.JPG</filename>
	<path>/top국물면류냉면기떡만둣국q2/top_국물면류_냉면기_떡만둣국_Q2_00031.JPG</path>
	<source>
		<database>fooddata</database>
	</source>
	<size>
		<width>3008</width>
		<height>2000</height>
		<depth>3</depth>
	</size>
	<object>
		<name>ref_spoon</name>
		<bndbox>
			<xmin>640</xmin>
			<ymin>1593</ymin>
			<xmax>1047</xmax>
			<ymax>1840</ymax>
		</bndbox>
	</object>
	<object>
		<name>ref_fork</name>
		<bndbox>
			<xmin>749</xmin>
			<ymin>1387</ymin>
			<xmax>1166</xmax>
			<ymax>1554</ymax>
		</bndbox>
	</object>
	<object>
		<name>ref_coin</name>
		<bndbox>
			<xmin>2048</xmin>
			<ymin>969</ymin>
			<xmax>2208</xmax>
			<ymax>1129</ymax>
		</bndbox>
	</object>
	<object>
		<name>dish</name>
		<bndbox>
			<xmin>720</xmin>
			<ymin>105</ymin>
			<xmax>2027</xmax>
			<ymax>1376</ymax>
		</bndbox>
	</object>
	<object>
		<name>떡만둣국</name>
		<bndbox>
			<xmin>934</xmin>
			<ymin>385</ymin>
			<xmax>1798</xmax>
			<ymax>1234</ymax>
		</bndbox>
	</object>
</annotation>