<annotation>
	<folder>top국물면류냉면기떡만두국q2</folder>
	<filename>top_국물면류_냉면기_떡만둣국_Q2_00011.JPG</filename>
	<path>/top국물면류냉면기떡만둣국q2/top_국물면류_냉면기_떡만둣국_Q2_00011.JPG</path>
	<source>
		<database>fooddata</database>
	</source>
	<size>
		<width>3008</width>
		<height>2000</height>
		<depth>3</depth>
	</size>
	<object>
		<name>ref_spoon</name>
		<bndbox>
			<xmin>2012</xmin>
			<ymin>494</ymin>
			<xmax>2263</xmax>
			<ymax>878</ymax>
		</bndbox>
	</object>
	<object>
		<name>ref_fork</name>
		<bndbox>
			<xmin>2317</xmin>
			<ymin>610</ymin>
			<xmax>2506</xmax>
			<ymax>1056</ymax>
		</bndbox>
	</object>
	<object>
		<name>ref_coin</name>
		<bndbox>
			<xmin>1693</xmin>
			<ymin>174</ymin>
			<xmax>1867</xmax>
			<ymax>345</ymax>
		</bndbox>
	</object>
	<object>
		<name>dish</name>
		<bndbox>
			<xmin>502</xmin>
			<ymin>403</ymin>
			<xmax>2005</xmax>
			<ymax>1880</ymax>
		</bndbox>
	</object>
	<object>
		<name>떡만둣국</name>
		<bndbox>
			<xmin>742</xmin>
			<ymin>679</ymin>
			<xmax>1794</xmax>
			<ymax>1710</ymax>
		</bndbox>
	</object>
</annotation>