<annotation>
	<folder>top국물면류냉면기떡만두국q2</folder>
	<filename>top_국물면류_냉면기_떡만둣국_Q2_00020.JPG</filename>
	<path>/top국물면류냉면기떡만둣국q2/top_국물면류_냉면기_떡만둣국_Q2_00020.JPG</path>
	<source>
		<database>fooddata</database>
	</source>
	<size>
		<width>3008</width>
		<height>2000</height>
		<depth>3</depth>
	</size>
	<object>
		<name>ref_spoon</name>
		<bndbox>
			<xmin>749</xmin>
			<ymin>1604</ymin>
			<xmax>1116</xmax>
			<ymax>1848</ymax>
		</bndbox>
	</object>
	<object>
		<name>ref_fork</name>
		<bndbox>
			<xmin>851</xmin>
			<ymin>1416</ymin>
			<xmax>1254</xmax>
			<ymax>1568</ymax>
		</bndbox>
	</object>
	<object>
		<name>ref_coin</name>
		<bndbox>
			<xmin>600</xmin>
			<ymin>338</ymin>
			<xmax>760</xmax>
			<ymax>486</ymax>
		</bndbox>
	</object>
	<object>
		<name>dish</name>
		<bndbox>
			<xmin>956</xmin>
			<ymin>65</ymin>
			<xmax>2172</xmax>
			<ymax>1245</ymax>
		</bndbox>
	</object>
	<object>
		<name>떡만둣국</name>
		<bndbox>
			<xmin>1141</xmin>
			<ymin>341</ymin>
			<xmax>1950</xmax>
			<ymax>1151</ymax>
		</bndbox>
	</object>
</annotation>