<annotation>
	<folder>top국물면류냉면기떡만두국q2</folder>
	<filename>top_국물면류_냉면기_떡만둣국_Q2_00021.JPG</filename>
	<path>/top국물면류냉면기떡만둣국q2/top_국물면류_냉면기_떡만둣국_Q2_00021.JPG</path>
	<source>
		<database>fooddata</database>
	</source>
	<size>
		<width>3008</width>
		<height>2000</height>
		<depth>3</depth>
	</size>
	<object>
		<name>ref_spoon</name>
		<bndbox>
			<xmin>727</xmin>
			<ymin>1652</ymin>
			<xmax>1127</xmax>
			<ymax>1891</ymax>
		</bndbox>
	</object>
	<object>
		<name>ref_fork</name>
		<bndbox>
			<xmin>843</xmin>
			<ymin>1459</ymin>
			<xmax>1228</xmax>
			<ymax>1623</ymax>
		</bndbox>
	</object>
	<object>
		<name>ref_coin</name>
		<bndbox>
			<xmin>731</xmin>
			<ymin>134</ymin>
			<xmax>872</xmax>
			<ymax>276</ymax>
		</bndbox>
	</object>
	<object>
		<name>dish</name>
		<bndbox>
			<xmin>934</xmin>
			<ymin>131</ymin>
			<xmax>2154</xmax>
			<ymax>1318</ymax>
		</bndbox>
	</object>
	<object>
		<name>떡만둣국</name>
		<bndbox>
			<xmin>1112</xmin>
			<ymin>414</ymin>
			<xmax>1940</xmax>
			<ymax>1209</ymax>
		</bndbox>
	</object>
</annotation>