<annotation>
	<folder>top국물면류냉면기떡만두국q2</folder>
	<filename>top_국물면류_냉면기_떡만둣국_Q2_00035.JPG</filename>
	<path>/top국물면류냉면기떡만둣국q2/top_국물면류_냉면기_떡만둣국_Q2_00035.JPG</path>
	<source>
		<database>fooddata</database>
	</source>
	<size>
		<width>3008</width>
		<height>2000</height>
		<depth>3</depth>
	</size>
	<object>
		<name>ref_spoon</name>
		<bndbox>
			<xmin>549</xmin>
			<ymin>189</ymin>
			<xmax>807</xmax>
			<ymax>595</ymax>
		</bndbox>
	</object>
	<object>
		<name>ref_fork</name>
		<bndbox>
			<xmin>894</xmin>
			<ymin>200</ymin>
			<xmax>1065</xmax>
			<ymax>639</ymax>
		</bndbox>
	</object>
	<object>
		<name>ref_coin</name>
		<bndbox>
			<xmin>1896</xmin>
			<ymin>1695</ymin>
			<xmax>2081</xmax>
			<ymax>1877</ymax>
		</bndbox>
	</object>
	<object>
		<name>dish</name>
		<bndbox>
			<xmin>1058</xmin>
			<ymin>127</ymin>
			<xmax>2520</xmax>
			<ymax>1583</ymax>
		</bndbox>
	</object>
	<object>
		<name>떡만둣국</name>
		<bndbox>
			<xmin>1261</xmin>
			<ymin>399</ymin>
			<xmax>2248</xmax>
			<ymax>1376</ymax>
		</bndbox>
	</object>
</annotation>