<annotation>
	<folder>top국물면류냉면기떡만두국q2</folder>
	<filename>top_국물면류_냉면기_떡만둣국_Q2_00032.JPG</filename>
	<path>/top국물면류냉면기떡만둣국q2/top_국물면류_냉면기_떡만둣국_Q2_00032.JPG</path>
	<source>
		<database>fooddata</database>
	</source>
	<size>
		<width>3008</width>
		<height>2000</height>
		<depth>3</depth>
	</size>
	<object>
		<name>ref_spoon</name>
		<bndbox>
			<xmin>622</xmin>
			<ymin>327</ymin>
			<xmax>876</xmax>
			<ymax>722</ymax>
		</bndbox>
	</object>
	<object>
		<name>ref_fork</name>
		<bndbox>
			<xmin>956</xmin>
			<ymin>338</ymin>
			<xmax>1130</xmax>
			<ymax>780</ymax>
		</bndbox>
	</object>
	<object>
		<name>ref_coin</name>
		<bndbox>
			<xmin>1250</xmin>
			<ymin>1583</ymin>
			<xmax>1431</xmax>
			<ymax>1768</ymax>
		</bndbox>
	</object>
	<object>
		<name>dish</name>
		<bndbox>
			<xmin>1119</xmin>
			<ymin>261</ymin>
			<xmax>2586</xmax>
			<ymax>1724</ymax>
		</bndbox>
	</object>
	<object>
		<name>떡만둣국</name>
		<bndbox>
			<xmin>1323</xmin>
			<ymin>537</ymin>
			<xmax>2281</xmax>
			<ymax>1521</ymax>
		</bndbox>
	</object>
</annotation>