<annotation>
	<folder>side어육류정형접시떡갈비q3</folder>
	<filename>side_어육류정형_접시_떡갈비_Q3_00046.JPG</filename>
	<path>/side어육류정형접시떡갈비q3/side_어육류정형_접시_떡갈비_Q3_00046.JPG</path>
	<source>
		<database>fooddata</database>
	</source>
	<size>
		<width>5472</width>
		<height>3648</height>
		<depth>3</depth>
	</size>
	<object>
		<name>ref_spoon</name>
		<bndbox>
			<xmin>559</xmin>
			<ymin>941</ymin>
			<xmax>1109</xmax>
			<ymax>1671</ymax>
		</bndbox>
	</object>
	<object>
		<name>ref_fork</name>
		<bndbox>
			<xmin>1285</xmin>
			<ymin>946</ymin>
			<xmax>1650</xmax>
			<ymax>1792</ymax>
		</bndbox>
	</object>
	<object>
		<name>ref_coin</name>
		<bndbox>
			<xmin>4238</xmin>
			<ymin>678</ymin>
			<xmax>4622</xmax>
			<ymax>983</ymax>
		</bndbox>
	</object>
	<object>
		<name>dish</name>
		<bndbox>
			<xmin>1853</xmin>
			<ymin>710</ymin>
			<xmax>4709</xmax>
			<ymax>3063</ymax>
		</bndbox>
	</object>
	<object>
		<name>떡갈비</name>
		<bndbox>
			<xmin>2449</xmin>
			<ymin>1468</ymin>
			<xmax>4321</xmax>
			<ymax>2702</ymax>
		</bndbox>
	</object>
</annotation>