<annotation>
	<folder>side어육류정형접시떡갈비q3</folder>
	<filename>side_어육류정형_접시_떡갈비_Q3_00003.JPG</filename>
	<path>/side어육류정형접시떡갈비q3/side_어육류정형_접시_떡갈비_Q3_00003.JPG</path>
	<source>
		<database>fooddata</database>
	</source>
	<size>
		<width>5472</width>
		<height>3648</height>
		<depth>3</depth>
	</size>
	<object>
		<name>ref_spoon</name>
		<bndbox>
			<xmin>3919</xmin>
			<ymin>562</ymin>
			<xmax>4455</xmax>
			<ymax>1265</ymax>
		</bndbox>
	</object>
	<object>
		<name>ref_fork</name>
		<bndbox>
			<xmin>4585</xmin>
			<ymin>553</ymin>
			<xmax>4982</xmax>
			<ymax>1371</ymax>
		</bndbox>
	</object>
	<object>
		<name>ref_coin</name>
		<bndbox>
			<xmin>3425</xmin>
			<ymin>2799</ymin>
			<xmax>3841</xmax>
			<ymax>3187</ymax>
		</bndbox>
	</object>
	<object>
		<name>dish</name>
		<bndbox>
			<xmin>998</xmin>
			<ymin>525</ymin>
			<xmax>3850</xmax>
			<ymax>2864</ymax>
		</bndbox>
	</object>
	<object>
		<name>떡갈비</name>
		<bndbox>
			<xmin>1456</xmin>
			<ymin>1066</ymin>
			<xmax>3314</xmax>
			<ymax>2291</ymax>
		</bndbox>
	</object>
</annotation>