<annotation>
	<folder>side어육류정형접시떡갈비q3</folder>
	<filename>side_어육류정형_접시_떡갈비_Q3_00036.JPG</filename>
	<path>/side어육류정형접시떡갈비q3/side_어육류정형_접시_떡갈비_Q3_00036.JPG</path>
	<source>
		<database>fooddata</database>
	</source>
	<size>
		<width>5472</width>
		<height>3648</height>
		<depth>3</depth>
	</size>
	<object>
		<name>ref_spoon</name>
		<bndbox>
			<xmin>1072</xmin>
			<ymin>821</ymin>
			<xmax>1571</xmax>
			<ymax>1496</ymax>
		</bndbox>
	</object>
	<object>
		<name>ref_fork</name>
		<bndbox>
			<xmin>1728</xmin>
			<ymin>821</ymin>
			<xmax>2061</xmax>
			<ymax>1584</ymax>
		</bndbox>
	</object>
	<object>
		<name>ref_coin</name>
		<bndbox>
			<xmin>3263</xmin>
			<ymin>2942</ymin>
			<xmax>3660</xmax>
			<ymax>3312</ymax>
		</bndbox>
	</object>
	<object>
		<name>dish</name>
		<bndbox>
			<xmin>2241</xmin>
			<ymin>618</ymin>
			<xmax>4862</xmax>
			<ymax>2771</ymax>
		</bndbox>
	</object>
	<object>
		<name>떡갈비</name>
		<bndbox>
			<xmin>2694</xmin>
			<ymin>1071</ymin>
			<xmax>4571</xmax>
			<ymax>2106</ymax>
		</bndbox>
	</object>
</annotation>