<annotation>
	<folder>side어육류정형접시떡갈비q3</folder>
	<filename>side_어육류정형_접시_떡갈비_Q3_00039.JPG</filename>
	<path>/side어육류정형접시떡갈비q3/side_어육류정형_접시_떡갈비_Q3_00039.JPG</path>
	<source>
		<database>fooddata</database>
	</source>
	<size>
		<width>5472</width>
		<height>3648</height>
		<depth>3</depth>
	</size>
	<object>
		<name>ref_spoon</name>
		<bndbox>
			<xmin>924</xmin>
			<ymin>692</ymin>
			<xmax>1456</xmax>
			<ymax>1422</ymax>
		</bndbox>
	</object>
	<object>
		<name>ref_fork</name>
		<bndbox>
			<xmin>1618</xmin>
			<ymin>710</ymin>
			<xmax>1983</xmax>
			<ymax>1551</ymax>
		</bndbox>
	</object>
	<object>
		<name>ref_coin</name>
		<bndbox>
			<xmin>4321</xmin>
			<ymin>2919</ymin>
			<xmax>4737</xmax>
			<ymax>3298</ymax>
		</bndbox>
	</object>
	<object>
		<name>dish</name>
		<bndbox>
			<xmin>2158</xmin>
			<ymin>488</ymin>
			<xmax>4950</xmax>
			<ymax>2748</ymax>
		</bndbox>
	</object>
	<object>
		<name>떡갈비</name>
		<bndbox>
			<xmin>2898</xmin>
			<ymin>733</ymin>
			<xmax>4215</xmax>
			<ymax>2268</ymax>
		</bndbox>
	</object>
</annotation>