<annotation>
	<folder>side어육류정형접시떡갈비q3</folder>
	<filename>side_어육류정형_접시_떡갈비_Q3_00041.JPG</filename>
	<path>/side어육류정형접시떡갈비q3/side_어육류정형_접시_떡갈비_Q3_00041.JPG</path>
	<source>
		<database>fooddata</database>
	</source>
	<size>
		<width>5472</width>
		<height>3648</height>
		<depth>3</depth>
	</size>
	<object>
		<name>ref_spoon</name>
		<bndbox>
			<xmin>582</xmin>
			<ymin>733</ymin>
			<xmax>1128</xmax>
			<ymax>1487</ymax>
		</bndbox>
	</object>
	<object>
		<name>ref_fork</name>
		<bndbox>
			<xmin>1289</xmin>
			<ymin>743</ymin>
			<xmax>1645</xmax>
			<ymax>1561</ymax>
		</bndbox>
	</object>
	<object>
		<name>ref_coin</name>
		<bndbox>
			<xmin>4603</xmin>
			<ymin>2610</ymin>
			<xmax>5010</xmax>
			<ymax>2984</ymax>
		</bndbox>
	</object>
	<object>
		<name>dish</name>
		<bndbox>
			<xmin>1830</xmin>
			<ymin>548</ymin>
			<xmax>4603</xmax>
			<ymax>2808</ymax>
		</bndbox>
	</object>
	<object>
		<name>떡갈비</name>
		<bndbox>
			<xmin>2486</xmin>
			<ymin>706</ymin>
			<xmax>4298</xmax>
			<ymax>2508</ymax>
		</bndbox>
	</object>
</annotation>