<annotation>
	<folder>side어육류정형접시떡갈비q3</folder>
	<filename>side_어육류정형_접시_떡갈비_Q3_00033.JPG</filename>
	<path>/side어육류정형접시떡갈비q3/side_어육류정형_접시_떡갈비_Q3_00033.JPG</path>
	<source>
		<database>fooddata</database>
	</source>
	<size>
		<width>5472</width>
		<height>3648</height>
		<depth>3</depth>
	</size>
	<object>
		<name>ref_spoon</name>
		<bndbox>
			<xmin>1899</xmin>
			<ymin>2924</ymin>
			<xmax>2667</xmax>
			<ymax>3446</ymax>
		</bndbox>
	</object>
	<object>
		<name>ref_fork</name>
		<bndbox>
			<xmin>2006</xmin>
			<ymin>2453</ymin>
			<xmax>2824</xmax>
			<ymax>2813</ymax>
		</bndbox>
	</object>
	<object>
		<name>ref_coin</name>
		<bndbox>
			<xmin>1539</xmin>
			<ymin>1126</ymin>
			<xmax>1899</xmax>
			<ymax>1417</ymax>
		</bndbox>
	</object>
	<object>
		<name>dish</name>
		<bndbox>
			<xmin>2195</xmin>
			<ymin>382</ymin>
			<xmax>4659</xmax>
			<ymax>2360</ymax>
		</bndbox>
	</object>
	<object>
		<name>떡갈비</name>
		<bndbox>
			<xmin>2551</xmin>
			<ymin>756</ymin>
			<xmax>4275</xmax>
			<ymax>1819</ymax>
		</bndbox>
	</object>
</annotation>