<annotation>
	<folder>side어육류정형접시떡갈비q3</folder>
	<filename>side_어육류정형_접시_떡갈비_Q3_00018.JPG</filename>
	<path>/side어육류정형접시떡갈비q3/side_어육류정형_접시_떡갈비_Q3_00018.JPG</path>
	<source>
		<database>fooddata</database>
	</source>
	<size>
		<width>5472</width>
		<height>3648</height>
		<depth>3</depth>
	</size>
	<object>
		<name>ref_spoon</name>
		<bndbox>
			<xmin>1936</xmin>
			<ymin>2998</ymin>
			<xmax>2681</xmax>
			<ymax>3497</ymax>
		</bndbox>
	</object>
	<object>
		<name>ref_fork</name>
		<bndbox>
			<xmin>2010</xmin>
			<ymin>2550</ymin>
			<xmax>2810</xmax>
			<ymax>2892</ymax>
		</bndbox>
	</object>
	<object>
		<name>ref_coin</name>
		<bndbox>
			<xmin>2944</xmin>
			<ymin>156</ymin>
			<xmax>3272</xmax>
			<ymax>410</ymax>
		</bndbox>
	</object>
	<object>
		<name>dish</name>
		<bndbox>
			<xmin>1853</xmin>
			<ymin>438</ymin>
			<xmax>4298</xmax>
			<ymax>2406</ymax>
		</bndbox>
	</object>
	<object>
		<name>떡갈비</name>
		<bndbox>
			<xmin>2265</xmin>
			<ymin>816</ymin>
			<xmax>4002</xmax>
			<ymax>1981</ymax>
		</bndbox>
	</object>
</annotation>