<annotation>
	<folder>side어육류정형접시떡갈비q3</folder>
	<filename>side_어육류정형_접시_떡갈비_Q3_00001.JPG</filename>
	<path>/side어육류정형접시떡갈비q3/side_어육류정형_접시_떡갈비_Q3_00001.JPG</path>
	<source>
		<database>fooddata</database>
	</source>
	<size>
		<width>5472</width>
		<height>3648</height>
		<depth>3</depth>
	</size>
	<object>
		<name>ref_spoon</name>
		<bndbox>
			<xmin>3891</xmin>
			<ymin>498</ymin>
			<xmax>4418</xmax>
			<ymax>1195</ymax>
		</bndbox>
	</object>
	<object>
		<name>ref_fork</name>
		<bndbox>
			<xmin>4562</xmin>
			<ymin>488</ymin>
			<xmax>4950</xmax>
			<ymax>1288</ymax>
		</bndbox>
	</object>
	<object>
		<name>ref_coin</name>
		<bndbox>
			<xmin>3004</xmin>
			<ymin>2984</ymin>
			<xmax>3429</xmax>
			<ymax>3377</ymax>
		</bndbox>
	</object>
	<object>
		<name>dish</name>
		<bndbox>
			<xmin>1003</xmin>
			<ymin>498</ymin>
			<xmax>3854</xmax>
			<ymax>2832</ymax>
		</bndbox>
	</object>
	<object>
		<name>떡갈비</name>
		<bndbox>
			<xmin>1507</xmin>
			<ymin>1015</ymin>
			<xmax>3244</xmax>
			<ymax>2148</ymax>
		</bndbox>
	</object>
</annotation>