<annotation>
	<folder>side어육류정형접시떡갈비q3</folder>
	<filename>side_어육류정형_접시_떡갈비_Q3_00009.JPG</filename>
	<path>/side어육류정형접시떡갈비q3/side_어육류정형_접시_떡갈비_Q3_00009.JPG</path>
	<source>
		<database>fooddata</database>
	</source>
	<size>
		<width>5472</width>
		<height>3648</height>
		<depth>3</depth>
	</size>
	<object>
		<name>ref_spoon</name>
		<bndbox>
			<xmin>3683</xmin>
			<ymin>618</ymin>
			<xmax>4215</xmax>
			<ymax>1329</ymax>
		</bndbox>
	</object>
	<object>
		<name>ref_fork</name>
		<bndbox>
			<xmin>4354</xmin>
			<ymin>609</ymin>
			<xmax>4746</xmax>
			<ymax>1431</ymax>
		</bndbox>
	</object>
	<object>
		<name>ref_coin</name>
		<bndbox>
			<xmin>319</xmin>
			<ymin>2388</ymin>
			<xmax>753</xmax>
			<ymax>2771</ymax>
		</bndbox>
	</object>
	<object>
		<name>dish</name>
		<bndbox>
			<xmin>1044</xmin>
			<ymin>687</ymin>
			<xmax>3919</xmax>
			<ymax>3039</ymax>
		</bndbox>
	</object>
	<object>
		<name>떡갈비</name>
		<bndbox>
			<xmin>1710</xmin>
			<ymin>992</ymin>
			<xmax>3064</xmax>
			<ymax>2642</ymax>
		</bndbox>
	</object>
</annotation>