<annotation>
	<folder>side어육류정형접시떡갈비q3</folder>
	<filename>side_어육류정형_접시_떡갈비_Q3_00011.JPG</filename>
	<path>/side어육류정형접시떡갈비q3/side_어육류정형_접시_떡갈비_Q3_00011.JPG</path>
	<source>
		<database>fooddata</database>
	</source>
	<size>
		<width>5472</width>
		<height>3648</height>
		<depth>3</depth>
	</size>
	<object>
		<name>ref_spoon</name>
		<bndbox>
			<xmin>3831</xmin>
			<ymin>562</ymin>
			<xmax>4367</xmax>
			<ymax>1274</ymax>
		</bndbox>
	</object>
	<object>
		<name>ref_fork</name>
		<bndbox>
			<xmin>4511</xmin>
			<ymin>544</ymin>
			<xmax>4899</xmax>
			<ymax>1357</ymax>
		</bndbox>
	</object>
	<object>
		<name>ref_coin</name>
		<bndbox>
			<xmin>300</xmin>
			<ymin>1528</ymin>
			<xmax>712</xmax>
			<ymax>1875</ymax>
		</bndbox>
	</object>
	<object>
		<name>dish</name>
		<bndbox>
			<xmin>1174</xmin>
			<ymin>766</ymin>
			<xmax>4081</xmax>
			<ymax>3160</ymax>
		</bndbox>
	</object>
	<object>
		<name>떡갈비</name>
		<bndbox>
			<xmin>1839</xmin>
			<ymin>1071</ymin>
			<xmax>3304</xmax>
			<ymax>2725</ymax>
		</bndbox>
	</object>
</annotation>