<annotation>
	<folder>side어육류정형접시떡갈비q3</folder>
	<filename>side_어육류정형_접시_떡갈비_Q3_00017.JPG</filename>
	<path>/side어육류정형접시떡갈비q3/side_어육류정형_접시_떡갈비_Q3_00017.JPG</path>
	<source>
		<database>fooddata</database>
	</source>
	<size>
		<width>5472</width>
		<height>3648</height>
		<depth>3</depth>
	</size>
	<object>
		<name>ref_spoon</name>
		<bndbox>
			<xmin>1950</xmin>
			<ymin>3090</ymin>
			<xmax>2731</xmax>
			<ymax>3589</ymax>
		</bndbox>
	</object>
	<object>
		<name>ref_fork</name>
		<bndbox>
			<xmin>2024</xmin>
			<ymin>2642</ymin>
			<xmax>2824</xmax>
			<ymax>2993</ymax>
		</bndbox>
	</object>
	<object>
		<name>ref_coin</name>
		<bndbox>
			<xmin>2630</xmin>
			<ymin>243</ymin>
			<xmax>2967</xmax>
			<ymax>498</ymax>
		</bndbox>
	</object>
	<object>
		<name>dish</name>
		<bndbox>
			<xmin>1941</xmin>
			<ymin>525</ymin>
			<xmax>4395</xmax>
			<ymax>2485</ymax>
		</bndbox>
	</object>
	<object>
		<name>떡갈비</name>
		<bndbox>
			<xmin>2403</xmin>
			<ymin>849</ymin>
			<xmax>4095</xmax>
			<ymax>2074</ymax>
		</bndbox>
	</object>
</annotation>