<annotation>
	<folder>top어육류정형접시떡갈비q3</folder>
	<filename>top_어육류정형_접시_떡갈비_Q3_00023.JPG</filename>
	<path>/top어육류정형접시떡갈비q3/top_어육류정형_접시_떡갈비_Q3_00023.JPG</path>
	<source>
		<database>fooddata</database>
	</source>
	<size>
		<width>5472</width>
		<height>3648</height>
		<depth>3</depth>
	</size>
	<object>
		<name>ref_spoon</name>
		<bndbox>
			<xmin>1950</xmin>
			<ymin>2953</ymin>
			<xmax>2607</xmax>
			<ymax>3438</ymax>
		</bndbox>
	</object>
	<object>
		<name>ref_fork</name>
		<bndbox>
			<xmin>2131</xmin>
			<ymin>2538</ymin>
			<xmax>2826</xmax>
			<ymax>2843</ymax>
		</bndbox>
	</object>
	<object>
		<name>ref_coin</name>
		<bndbox>
			<xmin>1541</xmin>
			<ymin>1762</ymin>
			<xmax>1860</xmax>
			<ymax>2076</ymax>
		</bndbox>
	</object>
	<object>
		<name>dish</name>
		<bndbox>
			<xmin>2360</xmin>
			<ymin>157</ymin>
			<xmax>4646</xmax>
			<ymax>2391</ymax>
		</bndbox>
	</object>
	<object>
		<name>떡갈비</name>
		<bndbox>
			<xmin>2731</xmin>
			<ymin>743</ymin>
			<xmax>4274</xmax>
			<ymax>2057</ymax>
		</bndbox>
	</object>
</annotation>