<annotation>
	<folder>top어육류정형접시떡갈비q3</folder>
	<filename>top_어육류정형_접시_떡갈비_Q3_00006.JPG</filename>
	<path>/top어육류정형접시떡갈비q3/top_어육류정형_접시_떡갈비_Q3_00006.JPG</path>
	<source>
		<database>fooddata</database>
	</source>
	<size>
		<width>5472</width>
		<height>3648</height>
		<depth>3</depth>
	</size>
	<object>
		<name>ref_spoon</name>
		<bndbox>
			<xmin>4036</xmin>
			<ymin>767</ymin>
			<xmax>4550</xmax>
			<ymax>1529</ymax>
		</bndbox>
	</object>
	<object>
		<name>ref_fork</name>
		<bndbox>
			<xmin>4684</xmin>
			<ymin>829</ymin>
			<xmax>5046</xmax>
			<ymax>1624</ymax>
		</bndbox>
	</object>
	<object>
		<name>ref_coin</name>
		<bndbox>
			<xmin>931</xmin>
			<ymin>471</ymin>
			<xmax>1298</xmax>
			<ymax>829</ymax>
		</bndbox>
	</object>
	<object>
		<name>dish</name>
		<bndbox>
			<xmin>1212</xmin>
			<ymin>643</ymin>
			<xmax>3917</xmax>
			<ymax>3305</ymax>
		</bndbox>
	</object>
	<object>
		<name>떡갈비</name>
		<bndbox>
			<xmin>1945</xmin>
			<ymin>1229</ymin>
			<xmax>3169</xmax>
			<ymax>2938</ymax>
		</bndbox>
	</object>
</annotation>