<annotation>
	<folder>top어육류정형접시떡갈비q3</folder>
	<filename>top_어육류정형_접시_떡갈비_Q3_00011.JPG</filename>
	<path>/top어육류정형접시떡갈비q3/top_어육류정형_접시_떡갈비_Q3_00011.JPG</path>
	<source>
		<database>fooddata</database>
	</source>
	<size>
		<width>5472</width>
		<height>3648</height>
		<depth>3</depth>
	</size>
	<object>
		<name>ref_spoon</name>
		<bndbox>
			<xmin>4008</xmin>
			<ymin>386</ymin>
			<xmax>4512</xmax>
			<ymax>1162</ymax>
		</bndbox>
	</object>
	<object>
		<name>ref_fork</name>
		<bndbox>
			<xmin>4684</xmin>
			<ymin>429</ymin>
			<xmax>5022</xmax>
			<ymax>1253</ymax>
		</bndbox>
	</object>
	<object>
		<name>ref_coin</name>
		<bndbox>
			<xmin>2946</xmin>
			<ymin>3067</ymin>
			<xmax>3317</xmax>
			<ymax>3448</ymax>
		</bndbox>
	</object>
	<object>
		<name>dish</name>
		<bndbox>
			<xmin>1226</xmin>
			<ymin>376</ymin>
			<xmax>3903</xmax>
			<ymax>3043</ymax>
		</bndbox>
	</object>
	<object>
		<name>떡갈비</name>
		<bndbox>
			<xmin>1807</xmin>
			<ymin>881</ymin>
			<xmax>3569</xmax>
			<ymax>2334</ymax>
		</bndbox>
	</object>
</annotation>