<annotation>
	<folder>top어육류정형접시떡갈비q3</folder>
	<filename>top_어육류정형_접시_떡갈비_Q3_00046.JPG</filename>
	<path>/top어육류정형접시떡갈비q3/top_어육류정형_접시_떡갈비_Q3_00046.JPG</path>
	<source>
		<database>fooddata</database>
	</source>
	<size>
		<width>5472</width>
		<height>3648</height>
		<depth>3</depth>
	</size>
	<object>
		<name>ref_spoon</name>
		<bndbox>
			<xmin>974</xmin>
			<ymin>391</ymin>
			<xmax>1493</xmax>
			<ymax>1172</ymax>
		</bndbox>
	</object>
	<object>
		<name>ref_fork</name>
		<bndbox>
			<xmin>1679</xmin>
			<ymin>371</ymin>
			<xmax>1998</xmax>
			<ymax>1214</ymax>
		</bndbox>
	</object>
	<object>
		<name>ref_coin</name>
		<bndbox>
			<xmin>3031</xmin>
			<ymin>3057</ymin>
			<xmax>3388</xmax>
			<ymax>3438</ymax>
		</bndbox>
	</object>
	<object>
		<name>dish</name>
		<bndbox>
			<xmin>2136</xmin>
			<ymin>271</ymin>
			<xmax>4793</xmax>
			<ymax>2891</ymax>
		</bndbox>
	</object>
	<object>
		<name>떡갈비</name>
		<bndbox>
			<xmin>2669</xmin>
			<ymin>762</ymin>
			<xmax>4560</xmax>
			<ymax>2076</ymax>
		</bndbox>
	</object>
</annotation>