<annotation>
	<folder>top어육류정형접시떡갈비q3</folder>
	<filename>top_어육류정형_접시_떡갈비_Q3_00010.JPG</filename>
	<path>/top어육류정형접시떡갈비q3/top_어육류정형_접시_떡갈비_Q3_00010.JPG</path>
	<source>
		<database>fooddata</database>
	</source>
	<size>
		<width>5472</width>
		<height>3648</height>
		<depth>3</depth>
	</size>
	<object>
		<name>ref_spoon</name>
		<bndbox>
			<xmin>4003</xmin>
			<ymin>300</ymin>
			<xmax>4503</xmax>
			<ymax>1076</ymax>
		</bndbox>
	</object>
	<object>
		<name>ref_fork</name>
		<bndbox>
			<xmin>4660</xmin>
			<ymin>348</ymin>
			<xmax>5003</xmax>
			<ymax>1200</ymax>
		</bndbox>
	</object>
	<object>
		<name>ref_coin</name>
		<bndbox>
			<xmin>1974</xmin>
			<ymin>3096</ymin>
			<xmax>2350</xmax>
			<ymax>3481</ymax>
		</bndbox>
	</object>
	<object>
		<name>dish</name>
		<bndbox>
			<xmin>1222</xmin>
			<ymin>291</ymin>
			<xmax>3912</xmax>
			<ymax>2953</ymax>
		</bndbox>
	</object>
	<object>
		<name>떡갈비</name>
		<bndbox>
			<xmin>1922</xmin>
			<ymin>1081</ymin>
			<xmax>3536</xmax>
			<ymax>2053</ymax>
		</bndbox>
	</object>
</annotation>