<annotation>
	<folder>top어육류정형접시떡갈비q3</folder>
	<filename>top_어육류정형_접시_떡갈비_Q3_00049.JPG</filename>
	<path>/top어육류정형접시떡갈비q3/top_어육류정형_접시_떡갈비_Q3_00049.JPG</path>
	<source>
		<database>fooddata</database>
	</source>
	<size>
		<width>5472</width>
		<height>3648</height>
		<depth>3</depth>
	</size>
	<object>
		<name>ref_spoon</name>
		<bndbox>
			<xmin>883</xmin>
			<ymin>719</ymin>
			<xmax>1393</xmax>
			<ymax>1495</ymax>
		</bndbox>
	</object>
	<object>
		<name>ref_fork</name>
		<bndbox>
			<xmin>1593</xmin>
			<ymin>676</ymin>
			<xmax>1936</xmax>
			<ymax>1524</ymax>
		</bndbox>
	</object>
	<object>
		<name>ref_coin</name>
		<bndbox>
			<xmin>4627</xmin>
			<ymin>872</ymin>
			<xmax>4984</xmax>
			<ymax>1238</ymax>
		</bndbox>
	</object>
	<object>
		<name>dish</name>
		<bndbox>
			<xmin>2026</xmin>
			<ymin>543</ymin>
			<xmax>4741</xmax>
			<ymax>3219</ymax>
		</bndbox>
	</object>
	<object>
		<name>떡갈비</name>
		<bndbox>
			<xmin>2412</xmin>
			<ymin>1214</ymin>
			<xmax>4498</xmax>
			<ymax>2315</ymax>
		</bndbox>
	</object>
</annotation>