<annotation>
	<folder>side비빔면류원형배달자장면q2</folder>
	<filename>side_비빔면류_원형배달_자장면_Q2_00026.JPG</filename>
	<path>/side비빔면류원형배달자장면q2/side_비빔면류_원형배달_자장면_Q2_00026.JPG</path>
	<source>
		<database>fooddata</database>
	</source>
	<size>
		<width>3008</width>
		<height>2000</height>
		<depth>3</depth>
	</size>
	<object>
		<name>ref_spoon</name>
		<bndbox>
			<xmin>737</xmin>
			<ymin>1587</ymin>
			<xmax>1260</xmax>
			<ymax>1882</ymax>
		</bndbox>
	</object>
	<object>
		<name>ref_fork</name>
		<bndbox>
			<xmin>827</xmin>
			<ymin>1356</ymin>
			<xmax>1382</xmax>
			<ymax>1630</ymax>
		</bndbox>
	</object>
	<object>
		<name>ref_coin</name>
		<bndbox>
			<xmin>1991</xmin>
			<ymin>66</ymin>
			<xmax>2200</xmax>
			<ymax>210</ymax>
		</bndbox>
	</object>
	<object>
		<name>dish</name>
		<bndbox>
			<xmin>1077</xmin>
			<ymin>220</ymin>
			<xmax>2493</xmax>
			<ymax>1435</ymax>
		</bndbox>
	</object>
	<object>
		<name>자장면</name>
		<bndbox>
			<xmin>1169</xmin>
			<ymin>546</ymin>
			<xmax>2200</xmax>
			<ymax>1038</ymax>
		</bndbox>
	</object>
</annotation>