<annotation>
	<folder>side비빔면류원형배달자장면q2</folder>
	<filename>side_비빔면류_원형배달_자장면_Q2_00046.JPG</filename>
	<path>/side비빔면류원형배달자장면q2/side_비빔면류_원형배달_자장면_Q2_00046.JPG</path>
	<source>
		<database>fooddata</database>
	</source>
	<size>
		<width>3008</width>
		<height>2000</height>
		<depth>3</depth>
	</size>
	<object>
		<name>ref_spoon</name>
		<bndbox>
			<xmin>195</xmin>
			<ymin>540</ymin>
			<xmax>528</xmax>
			<ymax>957</ymax>
		</bndbox>
	</object>
	<object>
		<name>ref_fork</name>
		<bndbox>
			<xmin>605</xmin>
			<ymin>566</ymin>
			<xmax>864</xmax>
			<ymax>997</ymax>
		</bndbox>
	</object>
	<object>
		<name>ref_coin</name>
		<bndbox>
			<xmin>1540</xmin>
			<ymin>268</ymin>
			<xmax>1778</xmax>
			<ymax>413</ymax>
		</bndbox>
	</object>
	<object>
		<name>dish</name>
		<bndbox>
			<xmin>1134</xmin>
			<ymin>444</ymin>
			<xmax>2693</xmax>
			<ymax>1821</ymax>
		</bndbox>
	</object>
	<object>
		<name>자장면</name>
		<bndbox>
			<xmin>1326</xmin>
			<ymin>769</ymin>
			<xmax>2520</xmax>
			<ymax>1394</ymax>
		</bndbox>
	</object>
</annotation>