<annotation>
	<folder>side비빔면류원형배달자장면q2</folder>
	<filename>side_비빔면류_원형배달_자장면_Q2_00036.JPG</filename>
	<path>/side비빔면류원형배달자장면q2/side_비빔면류_원형배달_자장면_Q2_00036.JPG</path>
	<source>
		<database>fooddata</database>
	</source>
	<size>
		<width>3008</width>
		<height>2000</height>
		<depth>3</depth>
	</size>
	<object>
		<name>ref_spoon</name>
		<bndbox>
			<xmin>610</xmin>
			<ymin>1546</ymin>
			<xmax>1123</xmax>
			<ymax>1831</ymax>
		</bndbox>
	</object>
	<object>
		<name>ref_fork</name>
		<bndbox>
			<xmin>691</xmin>
			<ymin>1318</ymin>
			<xmax>1259</xmax>
			<ymax>1572</ymax>
		</bndbox>
	</object>
	<object>
		<name>ref_coin</name>
		<bndbox>
			<xmin>2363</xmin>
			<ymin>932</ymin>
			<xmax>2605</xmax>
			<ymax>1105</ymax>
		</bndbox>
	</object>
	<object>
		<name>dish</name>
		<bndbox>
			<xmin>853</xmin>
			<ymin>98</ymin>
			<xmax>2270</xmax>
			<ymax>1312</ymax>
		</bndbox>
	</object>
	<object>
		<name>자장면</name>
		<bndbox>
			<xmin>1021</xmin>
			<ymin>357</ymin>
			<xmax>2124</xmax>
			<ymax>876</ymax>
		</bndbox>
	</object>
</annotation>