<annotation>
	<folder>side비빔면류원형배달자장면q2</folder>
	<filename>side_비빔면류_원형배달_자장면_Q2_00020.JPG</filename>
	<path>/side비빔면류원형배달자장면q2/side_비빔면류_원형배달_자장면_Q2_00020.JPG</path>
	<source>
		<database>fooddata</database>
	</source>
	<size>
		<width>3008</width>
		<height>2000</height>
		<depth>3</depth>
	</size>
	<object>
		<name>ref_spoon</name>
		<bndbox>
			<xmin>640</xmin>
			<ymin>1572</ymin>
			<xmax>1189</xmax>
			<ymax>1861</ymax>
		</bndbox>
	</object>
	<object>
		<name>ref_fork</name>
		<bndbox>
			<xmin>742</xmin>
			<ymin>1336</ymin>
			<xmax>1306</xmax>
			<ymax>1611</ymax>
		</bndbox>
	</object>
	<object>
		<name>ref_coin</name>
		<bndbox>
			<xmin>2205</xmin>
			<ymin>1236</ymin>
			<xmax>2444</xmax>
			<ymax>1422</ymax>
		</bndbox>
	</object>
	<object>
		<name>dish</name>
		<bndbox>
			<xmin>904</xmin>
			<ymin>135</ymin>
			<xmax>2307</xmax>
			<ymax>1328</ymax>
		</bndbox>
	</object>
	<object>
		<name>자장면</name>
		<bndbox>
			<xmin>1042</xmin>
			<ymin>398</ymin>
			<xmax>2096</xmax>
			<ymax>921</ymax>
		</bndbox>
	</object>
</annotation>