<annotation>
	<folder>side비빔면류원형배달자장면q2</folder>
	<filename>side_비빔면류_원형배달_자장면_Q2_00007.JPG</filename>
	<path>/side비빔면류원형배달자장면q2/side_비빔면류_원형배달_자장면_Q2_00007.JPG</path>
	<source>
		<database>fooddata</database>
	</source>
	<size>
		<width>3008</width>
		<height>2000</height>
		<depth>3</depth>
	</size>
	<object>
		<name>ref_spoon</name>
		<bndbox>
			<xmin>2259</xmin>
			<ymin>507</ymin>
			<xmax>2581</xmax>
			<ymax>901</ymax>
		</bndbox>
	</object>
	<object>
		<name>ref_fork</name>
		<bndbox>
			<xmin>2713</xmin>
			<ymin>540</ymin>
			<xmax>2943</xmax>
			<ymax>967</ymax>
		</bndbox>
	</object>
	<object>
		<name>ref_coin</name>
		<bndbox>
			<xmin>61</xmin>
			<ymin>1246</ymin>
			<xmax>320</xmax>
			<ymax>1434</ymax>
		</bndbox>
	</object>
	<object>
		<name>dish</name>
		<bndbox>
			<xmin>650</xmin>
			<ymin>327</ymin>
			<xmax>2200</xmax>
			<ymax>1688</ymax>
		</bndbox>
	</object>
	<object>
		<name>자장면</name>
		<bndbox>
			<xmin>780</xmin>
			<ymin>708</ymin>
			<xmax>2029</xmax>
			<ymax>1252</ymax>
		</bndbox>
	</object>
</annotation>