<annotation>
	<folder>side비빔면류원형배달자장면q2</folder>
	<filename>side_비빔면류_원형배달_자장면_Q2_00002.JPG</filename>
	<path>/side비빔면류원형배달자장면q2/side_비빔면류_원형배달_자장면_Q2_00002.JPG</path>
	<source>
		<database>fooddata</database>
	</source>
	<size>
		<width>3008</width>
		<height>2000</height>
		<depth>3</depth>
	</size>
	<object>
		<name>ref_spoon</name>
		<bndbox>
			<xmin>1982</xmin>
			<ymin>459</ymin>
			<xmax>2297</xmax>
			<ymax>855</ymax>
		</bndbox>
	</object>
	<object>
		<name>ref_fork</name>
		<bndbox>
			<xmin>2450</xmin>
			<ymin>525</ymin>
			<xmax>2683</xmax>
			<ymax>974</ymax>
		</bndbox>
	</object>
	<object>
		<name>ref_coin</name>
		<bndbox>
			<xmin>1634</xmin>
			<ymin>1556</ymin>
			<xmax>1900</xmax>
			<ymax>1765</ymax>
		</bndbox>
	</object>
	<object>
		<name>dish</name>
		<bndbox>
			<xmin>315</xmin>
			<ymin>149</ymin>
			<xmax>1799</xmax>
			<ymax>1440</ymax>
		</bndbox>
	</object>
	<object>
		<name>자장면</name>
		<bndbox>
			<xmin>462</xmin>
			<ymin>494</ymin>
			<xmax>1565</xmax>
			<ymax>1033</ymax>
		</bndbox>
	</object>
</annotation>