<annotation>
	<folder>side비빔면류원형배달자장면q2</folder>
	<filename>side_비빔면류_원형배달_자장면_Q2_00012.JPG</filename>
	<path>/side비빔면류원형배달자장면q2/side_비빔면류_원형배달_자장면_Q2_00012.JPG</path>
	<source>
		<database>fooddata</database>
	</source>
	<size>
		<width>3008</width>
		<height>2000</height>
		<depth>3</depth>
	</size>
	<object>
		<name>ref_spoon</name>
		<bndbox>
			<xmin>2138</xmin>
			<ymin>281</ymin>
			<xmax>2453</xmax>
			<ymax>662</ymax>
		</bndbox>
	</object>
	<object>
		<name>ref_fork</name>
		<bndbox>
			<xmin>2590</xmin>
			<ymin>296</ymin>
			<xmax>2820</xmax>
			<ymax>733</ymax>
		</bndbox>
	</object>
	<object>
		<name>ref_coin</name>
		<bndbox>
			<xmin>1814</xmin>
			<ymin>60</ymin>
			<xmax>2038</xmax>
			<ymax>217</ymax>
		</bndbox>
	</object>
	<object>
		<name>dish</name>
		<bndbox>
			<xmin>534</xmin>
			<ymin>317</ymin>
			<xmax>2100</xmax>
			<ymax>1699</ymax>
		</bndbox>
	</object>
	<object>
		<name>자장면</name>
		<bndbox>
			<xmin>671</xmin>
			<ymin>682</ymin>
			<xmax>1855</xmax>
			<ymax>1277</ymax>
		</bndbox>
	</object>
</annotation>