<annotation>
	<folder>side비빔면류원형배달자장면q2</folder>
	<filename>side_비빔면류_원형배달_자장면_Q2_00019.JPG</filename>
	<path>/side비빔면류원형배달자장면q2/side_비빔면류_원형배달_자장면_Q2_00019.JPG</path>
	<source>
		<database>fooddata</database>
	</source>
	<size>
		<width>3008</width>
		<height>2000</height>
		<depth>3</depth>
	</size>
	<object>
		<name>ref_spoon</name>
		<bndbox>
			<xmin>1936</xmin>
			<ymin>268</ymin>
			<xmax>2256</xmax>
			<ymax>667</ymax>
		</bndbox>
	</object>
	<object>
		<name>ref_fork</name>
		<bndbox>
			<xmin>2386</xmin>
			<ymin>268</ymin>
			<xmax>2626</xmax>
			<ymax>703</ymax>
		</bndbox>
	</object>
	<object>
		<name>ref_coin</name>
		<bndbox>
			<xmin>523</xmin>
			<ymin>1553</ymin>
			<xmax>803</xmax>
			<ymax>1760</ymax>
		</bndbox>
	</object>
	<object>
		<name>dish</name>
		<bndbox>
			<xmin>350</xmin>
			<ymin>134</ymin>
			<xmax>1900</xmax>
			<ymax>1475</ymax>
		</bndbox>
	</object>
	<object>
		<name>자장면</name>
		<bndbox>
			<xmin>498</xmin>
			<ymin>535</ymin>
			<xmax>1756</xmax>
			<ymax>1038</ymax>
		</bndbox>
	</object>
</annotation>