<annotation>
	<folder>side비빔면류원형배달자장면q2</folder>
	<filename>side_비빔면류_원형배달_자장면_Q2_00004.JPG</filename>
	<path>/side비빔면류원형배달자장면q2/side_비빔면류_원형배달_자장면_Q2_00004.JPG</path>
	<source>
		<database>fooddata</database>
	</source>
	<size>
		<width>3008</width>
		<height>2000</height>
		<depth>3</depth>
	</size>
	<object>
		<name>ref_spoon</name>
		<bndbox>
			<xmin>2017</xmin>
			<ymin>395</ymin>
			<xmax>2340</xmax>
			<ymax>794</ymax>
		</bndbox>
	</object>
	<object>
		<name>ref_fork</name>
		<bndbox>
			<xmin>2474</xmin>
			<ymin>418</ymin>
			<xmax>2706</xmax>
			<ymax>850</ymax>
		</bndbox>
	</object>
	<object>
		<name>ref_coin</name>
		<bndbox>
			<xmin>1057</xmin>
			<ymin>1647</ymin>
			<xmax>1331</xmax>
			<ymax>1845</ymax>
		</bndbox>
	</object>
	<object>
		<name>dish</name>
		<bndbox>
			<xmin>523</xmin>
			<ymin>113</ymin>
			<xmax>2043</xmax>
			<ymax>1446</ymax>
		</bndbox>
	</object>
	<object>
		<name>자장면</name>
		<bndbox>
			<xmin>645</xmin>
			<ymin>428</ymin>
			<xmax>1877</xmax>
			<ymax>1022</ymax>
		</bndbox>
	</object>
</annotation>