<annotation>
	<folder>side비빔면류원형배달자장면q2</folder>
	<filename>side_비빔면류_원형배달_자장면_Q2_00030.JPG</filename>
	<path>/side비빔면류원형배달자장면q2/side_비빔면류_원형배달_자장면_Q2_00030.JPG</path>
	<source>
		<database>fooddata</database>
	</source>
	<size>
		<width>3008</width>
		<height>2000</height>
		<depth>3</depth>
	</size>
	<object>
		<name>ref_spoon</name>
		<bndbox>
			<xmin>664</xmin>
			<ymin>1479</ymin>
			<xmax>1199</xmax>
			<ymax>1770</ymax>
		</bndbox>
	</object>
	<object>
		<name>ref_fork</name>
		<bndbox>
			<xmin>742</xmin>
			<ymin>1236</ymin>
			<xmax>1282</xmax>
			<ymax>1495</ymax>
		</bndbox>
	</object>
	<object>
		<name>ref_coin</name>
		<bndbox>
			<xmin>274</xmin>
			<ymin>682</ymin>
			<xmax>508</xmax>
			<ymax>855</ymax>
		</bndbox>
	</object>
	<object>
		<name>dish</name>
		<bndbox>
			<xmin>1077</xmin>
			<ymin>41</ymin>
			<xmax>2480</xmax>
			<ymax>1262</ymax>
		</bndbox>
	</object>
	<object>
		<name>자장면</name>
		<bndbox>
			<xmin>1350</xmin>
			<ymin>367</ymin>
			<xmax>2347</xmax>
			<ymax>845</ymax>
		</bndbox>
	</object>
</annotation>