<annotation>
	<folder>top비빔면류원형배달자장면q2</folder>
	<filename>top_비빔면류_원형배달_자장면_Q2_00055.JPG</filename>
	<path>/top비빔면류원형배달자장면q2/top_비빔면류_원형배달_자장면_Q2_00055.JPG</path>
	<source>
		<database>fooddata</database>
	</source>
	<size>
		<width>3008</width>
		<height>2000</height>
		<depth>3</depth>
	</size>
	<object>
		<name>ref_spoon</name>
		<bndbox>
			<xmin>234</xmin>
			<ymin>357</ymin>
			<xmax>549</xmax>
			<ymax>820</ymax>
		</bndbox>
	</object>
	<object>
		<name>ref_fork</name>
		<bndbox>
			<xmin>658</xmin>
			<ymin>390</ymin>
			<xmax>885</xmax>
			<ymax>887</ymax>
		</bndbox>
	</object>
	<object>
		<name>ref_coin</name>
		<bndbox>
			<xmin>2634</xmin>
			<ymin>911</ymin>
			<xmax>2845</xmax>
			<ymax>1130</ymax>
		</bndbox>
	</object>
	<object>
		<name>dish</name>
		<bndbox>
			<xmin>1118</xmin>
			<ymin>228</ymin>
			<xmax>2571</xmax>
			<ymax>1686</ymax>
		</bndbox>
	</object>
	<object>
		<name>자장면</name>
		<bndbox>
			<xmin>1240</xmin>
			<ymin>428</ymin>
			<xmax>2322</xmax>
			<ymax>1526</ymax>
		</bndbox>
	</object>
</annotation>