<annotation>
	<folder>top비빔면류원형배달자장면q2</folder>
	<filename>top_비빔면류_원형배달_자장면_Q2_00014.JPG</filename>
	<path>/top비빔면류원형배달자장면q2/top_비빔면류_원형배달_자장면_Q2_00014.JPG</path>
	<source>
		<database>fooddata</database>
	</source>
	<size>
		<width>3008</width>
		<height>2000</height>
		<depth>3</depth>
	</size>
	<object>
		<name>ref_spoon</name>
		<bndbox>
			<xmin>1889</xmin>
			<ymin>247</ymin>
			<xmax>2169</xmax>
			<ymax>665</ymax>
		</bndbox>
	</object>
	<object>
		<name>ref_fork</name>
		<bndbox>
			<xmin>2248</xmin>
			<ymin>256</ymin>
			<xmax>2459</xmax>
			<ymax>713</ymax>
		</bndbox>
	</object>
	<object>
		<name>ref_coin</name>
		<bndbox>
			<xmin>2561</xmin>
			<ymin>1008</ymin>
			<xmax>2764</xmax>
			<ymax>1221</ymax>
		</bndbox>
	</object>
	<object>
		<name>dish</name>
		<bndbox>
			<xmin>315</xmin>
			<ymin>317</ymin>
			<xmax>1810</xmax>
			<ymax>1755</ymax>
		</bndbox>
	</object>
	<object>
		<name>자장면</name>
		<bndbox>
			<xmin>534</xmin>
			<ymin>571</ymin>
			<xmax>1667</xmax>
			<ymax>1622</ymax>
		</bndbox>
	</object>
</annotation>