<annotation>
	<folder>top비빔면류원형배달자장면q2</folder>
	<filename>top_비빔면류_원형배달_자장면_Q2_00023.JPG</filename>
	<path>/top비빔면류원형배달자장면q2/top_비빔면류_원형배달_자장면_Q2_00023.JPG</path>
	<source>
		<database>fooddata</database>
	</source>
	<size>
		<width>3008</width>
		<height>2000</height>
		<depth>3</depth>
	</size>
	<object>
		<name>ref_spoon</name>
		<bndbox>
			<xmin>884</xmin>
			<ymin>1619</ymin>
			<xmax>1257</xmax>
			<ymax>1876</ymax>
		</bndbox>
	</object>
	<object>
		<name>ref_fork</name>
		<bndbox>
			<xmin>957</xmin>
			<ymin>1390</ymin>
			<xmax>1353</xmax>
			<ymax>1572</ymax>
		</bndbox>
	</object>
	<object>
		<name>ref_coin</name>
		<bndbox>
			<xmin>1739</xmin>
			<ymin>63</ymin>
			<xmax>1894</xmax>
			<ymax>218</ymax>
		</bndbox>
	</object>
	<object>
		<name>dish</name>
		<bndbox>
			<xmin>1107</xmin>
			<ymin>327</ymin>
			<xmax>2175</xmax>
			<ymax>1375</ymax>
		</bndbox>
	</object>
	<object>
		<name>자장면</name>
		<bndbox>
			<xmin>1189</xmin>
			<ymin>500</ymin>
			<xmax>2022</xmax>
			<ymax>1312</ymax>
		</bndbox>
	</object>
</annotation>