<annotation>
	<folder>top비빔면류원형배달자장면q2</folder>
	<filename>top_비빔면류_원형배달_자장면_Q2_00050.JPG</filename>
	<path>/top비빔면류원형배달자장면q2/top_비빔면류_원형배달_자장면_Q2_00050.JPG</path>
	<source>
		<database>fooddata</database>
	</source>
	<size>
		<width>3008</width>
		<height>2000</height>
		<depth>3</depth>
	</size>
	<object>
		<name>ref_spoon</name>
		<bndbox>
			<xmin>318</xmin>
			<ymin>363</ymin>
			<xmax>650</xmax>
			<ymax>845</ymax>
		</bndbox>
	</object>
	<object>
		<name>ref_fork</name>
		<bndbox>
			<xmin>753</xmin>
			<ymin>411</ymin>
			<xmax>981</xmax>
			<ymax>909</ymax>
		</bndbox>
	</object>
	<object>
		<name>ref_coin</name>
		<bndbox>
			<xmin>2673</xmin>
			<ymin>733</ymin>
			<xmax>2882</xmax>
			<ymax>956</ymax>
		</bndbox>
	</object>
	<object>
		<name>dish</name>
		<bndbox>
			<xmin>1169</xmin>
			<ymin>225</ymin>
			<xmax>2661</xmax>
			<ymax>1706</ymax>
		</bndbox>
	</object>
	<object>
		<name>자장면</name>
		<bndbox>
			<xmin>1286</xmin>
			<ymin>493</ymin>
			<xmax>2414</xmax>
			<ymax>1541</ymax>
		</bndbox>
	</object>
</annotation>