<annotation>
	<folder>top비빔면류원형배달자장면q2</folder>
	<filename>top_비빔면류_원형배달_자장면_Q2_00036.JPG</filename>
	<path>/top비빔면류원형배달자장면q2/top_비빔면류_원형배달_자장면_Q2_00036.JPG</path>
	<source>
		<database>fooddata</database>
	</source>
	<size>
		<width>3008</width>
		<height>2000</height>
		<depth>3</depth>
	</size>
	<object>
		<name>ref_spoon</name>
		<bndbox>
			<xmin>311</xmin>
			<ymin>372</ymin>
			<xmax>621</xmax>
			<ymax>818</ymax>
		</bndbox>
	</object>
	<object>
		<name>ref_fork</name>
		<bndbox>
			<xmin>734</xmin>
			<ymin>428</ymin>
			<xmax>955</xmax>
			<ymax>906</ymax>
		</bndbox>
	</object>
	<object>
		<name>ref_coin</name>
		<bndbox>
			<xmin>1267</xmin>
			<ymin>1719</ymin>
			<xmax>1490</xmax>
			<ymax>1947</ymax>
		</bndbox>
	</object>
	<object>
		<name>dish</name>
		<bndbox>
			<xmin>1155</xmin>
			<ymin>164</ymin>
			<xmax>2617</xmax>
			<ymax>1573</ymax>
		</bndbox>
	</object>
	<object>
		<name>자장면</name>
		<bndbox>
			<xmin>1280</xmin>
			<ymin>322</ymin>
			<xmax>2398</xmax>
			<ymax>1455</ymax>
		</bndbox>
	</object>
</annotation>