<annotation>
	<folder>top비빔면류원형배달자장면q2</folder>
	<filename>top_비빔면류_원형배달_자장면_Q2_00037.JPG</filename>
	<path>/top비빔면류원형배달자장면q2/top_비빔면류_원형배달_자장면_Q2_00037.JPG</path>
	<source>
		<database>fooddata</database>
	</source>
	<size>
		<width>3008</width>
		<height>2000</height>
		<depth>3</depth>
	</size>
	<object>
		<name>ref_spoon</name>
		<bndbox>
			<xmin>325</xmin>
			<ymin>341</ymin>
			<xmax>647</xmax>
			<ymax>794</ymax>
		</bndbox>
	</object>
	<object>
		<name>ref_fork</name>
		<bndbox>
			<xmin>763</xmin>
			<ymin>392</ymin>
			<xmax>986</xmax>
			<ymax>886</ymax>
		</bndbox>
	</object>
	<object>
		<name>ref_coin</name>
		<bndbox>
			<xmin>1565</xmin>
			<ymin>1688</ymin>
			<xmax>1789</xmax>
			<ymax>1912</ymax>
		</bndbox>
	</object>
	<object>
		<name>dish</name>
		<bndbox>
			<xmin>1199</xmin>
			<ymin>124</ymin>
			<xmax>2662</xmax>
			<ymax>1546</ymax>
		</bndbox>
	</object>
	<object>
		<name>자장면</name>
		<bndbox>
			<xmin>1311</xmin>
			<ymin>291</ymin>
			<xmax>2398</xmax>
			<ymax>1333</ymax>
		</bndbox>
	</object>
</annotation>