<annotation>
	<folder>side반찬부피접시양념게장q1</folder>
	<filename>side_반찬부피_접시_양념게장_Q1_00047.JPG</filename>
	<path>/side반찬부피접시양념게장q1/side_반찬부피_접시_양념게장_Q1_00047.JPG</path>
	<source>
		<database>fooddata</database>
	</source>
	<size>
		<width>720</width>
		<height>480</height>
		<depth>3</depth>
	</size>
	<object>
		<name>ref_spoon</name>
		<bndbox>
			<xmin>131</xmin>
			<ymin>146</ymin>
			<xmax>194</xmax>
			<ymax>238</ymax>
		</bndbox>
	</object>
	<object>
		<name>ref_fork</name>
		<bndbox>
			<xmin>218</xmin>
			<ymin>149</ymin>
			<xmax>260</xmax>
			<ymax>246</ymax>
		</bndbox>
	</object>
	<object>
		<name>ref_coin</name>
		<bndbox>
			<xmin>355</xmin>
			<ymin>406</ymin>
			<xmax>405</xmax>
			<ymax>447</ymax>
		</bndbox>
	</object>
	<object>
		<name>dish</name>
		<bndbox>
			<xmin>292</xmin>
			<ymin>111</ymin>
			<xmax>621</xmax>
			<ymax>346</ymax>
		</bndbox>
	</object>
	<object>
		<name>양념게장</name>
		<bndbox>
			<xmin>367</xmin>
			<ymin>147</ymin>
			<xmax>596</xmax>
			<ymax>256</ymax>
		</bndbox>
	</object>
</annotation>