<annotation>
	<folder>side반찬부피접시양념게장q1</folder>
	<filename>side_반찬부피_접시_양념게장_Q1_00012.JPG</filename>
	<path>/side반찬부피접시양념게장q1/side_반찬부피_접시_양념게장_Q1_00012.JPG</path>
	<source>
		<database>fooddata</database>
	</source>
	<size>
		<width>720</width>
		<height>480</height>
		<depth>3</depth>
	</size>
	<object>
		<name>ref_spoon</name>
		<bndbox>
			<xmin>458</xmin>
			<ymin>131</ymin>
			<xmax>523</xmax>
			<ymax>223</ymax>
		</bndbox>
	</object>
	<object>
		<name>ref_fork</name>
		<bndbox>
			<xmin>557</xmin>
			<ymin>133</ymin>
			<xmax>604</xmax>
			<ymax>236</ymax>
		</bndbox>
	</object>
	<object>
		<name>ref_coin</name>
		<bndbox>
			<xmin>429</xmin>
			<ymin>232</ymin>
			<xmax>477</xmax>
			<ymax>267</ymax>
		</bndbox>
	</object>
	<object>
		<name>dish</name>
		<bndbox>
			<xmin>39</xmin>
			<ymin>118</ymin>
			<xmax>403</xmax>
			<ymax>379</ymax>
		</bndbox>
	</object>
	<object>
		<name>양념게장</name>
		<bndbox>
			<xmin>132</xmin>
			<ymin>196</ymin>
			<xmax>260</xmax>
			<ymax>300</ymax>
		</bndbox>
	</object>
</annotation>