<annotation>
	<folder>side반찬부피접시양념게장q1</folder>
	<filename>side_반찬부피_접시_양념게장_Q1_00040.JPG</filename>
	<path>/side반찬부피접시양념게장q1/side_반찬부피_접시_양념게장_Q1_00040.JPG</path>
	<source>
		<database>fooddata</database>
	</source>
	<size>
		<width>720</width>
		<height>480</height>
		<depth>3</depth>
	</size>
	<object>
		<name>ref_spoon</name>
		<bndbox>
			<xmin>114</xmin>
			<ymin>116</ymin>
			<xmax>178</xmax>
			<ymax>204</ymax>
		</bndbox>
	</object>
	<object>
		<name>ref_fork</name>
		<bndbox>
			<xmin>202</xmin>
			<ymin>120</ymin>
			<xmax>244</xmax>
			<ymax>216</ymax>
		</bndbox>
	</object>
	<object>
		<name>ref_coin</name>
		<bndbox>
			<xmin>629</xmin>
			<ymin>301</ymin>
			<xmax>679</xmax>
			<ymax>339</ymax>
		</bndbox>
	</object>
	<object>
		<name>dish</name>
		<bndbox>
			<xmin>276</xmin>
			<ymin>81</ymin>
			<xmax>603</xmax>
			<ymax>318</ymax>
		</bndbox>
	</object>
	<object>
		<name>양념게장</name>
		<bndbox>
			<xmin>415</xmin>
			<ymin>148</ymin>
			<xmax>554</xmax>
			<ymax>284</ymax>
		</bndbox>
	</object>
</annotation>