<annotation>
	<folder>side반찬부피접시양념게장q1</folder>
	<filename>side_반찬부피_접시_양념게장_Q1_00005.JPG</filename>
	<path>/side반찬부피접시양념게장q1/side_반찬부피_접시_양념게장_Q1_00005.JPG</path>
	<source>
		<database>fooddata</database>
	</source>
	<size>
		<width>720</width>
		<height>480</height>
		<depth>3</depth>
	</size>
	<object>
		<name>ref_spoon</name>
		<bndbox>
			<xmin>492</xmin>
			<ymin>83</ymin>
			<xmax>559</xmax>
			<ymax>172</ymax>
		</bndbox>
	</object>
	<object>
		<name>ref_fork</name>
		<bndbox>
			<xmin>593</xmin>
			<ymin>81</ymin>
			<xmax>642</xmax>
			<ymax>182</ymax>
		</bndbox>
	</object>
	<object>
		<name>ref_coin</name>
		<bndbox>
			<xmin>108</xmin>
			<ymin>340</ymin>
			<xmax>165</xmax>
			<ymax>385</ymax>
		</bndbox>
	</object>
	<object>
		<name>dish</name>
		<bndbox>
			<xmin>103</xmin>
			<ymin>71</ymin>
			<xmax>468</xmax>
			<ymax>334</ymax>
		</bndbox>
	</object>
	<object>
		<name>양념게장</name>
		<bndbox>
			<xmin>227</xmin>
			<ymin>160</ymin>
			<xmax>393</xmax>
			<ymax>259</ymax>
		</bndbox>
	</object>
</annotation>