<annotation>
	<folder>side반찬부피접시양념게장q1</folder>
	<filename>side_반찬부피_접시_양념게장_Q1_00042.JPG</filename>
	<path>/side반찬부피접시양념게장q1/side_반찬부피_접시_양념게장_Q1_00042.JPG</path>
	<source>
		<database>fooddata</database>
	</source>
	<size>
		<width>720</width>
		<height>480</height>
		<depth>3</depth>
	</size>
	<object>
		<name>ref_spoon</name>
		<bndbox>
			<xmin>95</xmin>
			<ymin>112</ymin>
			<xmax>159</xmax>
			<ymax>200</ymax>
		</bndbox>
	</object>
	<object>
		<name>ref_fork</name>
		<bndbox>
			<xmin>183</xmin>
			<ymin>116</ymin>
			<xmax>225</xmax>
			<ymax>212</ymax>
		</bndbox>
	</object>
	<object>
		<name>ref_coin</name>
		<bndbox>
			<xmin>641</xmin>
			<ymin>182</ymin>
			<xmax>686</xmax>
			<ymax>217</ymax>
		</bndbox>
	</object>
	<object>
		<name>dish</name>
		<bndbox>
			<xmin>257</xmin>
			<ymin>76</ymin>
			<xmax>586</xmax>
			<ymax>314</ymax>
		</bndbox>
	</object>
	<object>
		<name>양념게장</name>
		<bndbox>
			<xmin>300</xmin>
			<ymin>148</ymin>
			<xmax>534</xmax>
			<ymax>239</ymax>
		</bndbox>
	</object>
</annotation>