<annotation>
	<folder>재작업1</folder>
	<filename>side_반찬부피_접시_양념게장_Q1_00035.JPG</filename>
	<path>/side반찬부피접시양념게장q1/side_반찬부피_접시_양념게장_Q1_00035.JPG</path>
	<source>
		<database>fooddata</database>
	</source>
	<size>
		<width>720</width>
		<height>480</height>
		<depth>3</depth>
	</size>
	<object>
		<name>ref_spoon</name>
		<bndbox>
			<xmin>118</xmin>
			<ymin>103</ymin>
			<xmax>181</xmax>
			<ymax>188</ymax>
		</bndbox>
	</object>
	<object>
		<name>ref_fork</name>
		<bndbox>
			<xmin>205</xmin>
			<ymin>106</ymin>
			<xmax>248</xmax>
			<ymax>204</ymax>
		</bndbox>
	</object>
	<object>
		<name>ref_coin</name>
		<bndbox>
			<xmin>374</xmin>
			<ymin>347</ymin>
			<xmax>424</xmax>
			<ymax>390</ymax>
		</bndbox>
	</object>
	<object>
		<name>dish</name>
		<bndbox>
			<xmin>277</xmin>
			<ymin>69</ymin>
			<xmax>611</xmax>
			<ymax>311</ymax>
		</bndbox>
	</object>
	<object>
		<name>양념게장</name>
		<bndbox>
			<xmin>340</xmin>
			<ymin>139</ymin>
			<xmax>496</xmax>
			<ymax>229</ymax>
		</bndbox>
	</object>
</annotation>