<annotation>
	<folder>side반찬부피접시양념게장q1</folder>
	<filename>side_반찬부피_접시_양념게장_Q1_00007.JPG</filename>
	<path>/side반찬부피접시양념게장q1/side_반찬부피_접시_양념게장_Q1_00007.JPG</path>
	<source>
		<database>fooddata</database>
	</source>
	<size>
		<width>720</width>
		<height>480</height>
		<depth>3</depth>
	</size>
	<object>
		<name>ref_spoon</name>
		<bndbox>
			<xmin>527</xmin>
			<ymin>118</ymin>
			<xmax>595</xmax>
			<ymax>210</ymax>
		</bndbox>
	</object>
	<object>
		<name>ref_fork</name>
		<bndbox>
			<xmin>629</xmin>
			<ymin>118</ymin>
			<xmax>678</xmax>
			<ymax>222</ymax>
		</bndbox>
	</object>
	<object>
		<name>ref_coin</name>
		<bndbox>
			<xmin>36</xmin>
			<ymin>232</ymin>
			<xmax>90</xmax>
			<ymax>272</ymax>
		</bndbox>
	</object>
	<object>
		<name>dish</name>
		<bndbox>
			<xmin>139</xmin>
			<ymin>104</ymin>
			<xmax>504</xmax>
			<ymax>364</ymax>
		</bndbox>
	</object>
	<object>
		<name>양념게장</name>
		<bndbox>
			<xmin>255</xmin>
			<ymin>204</ymin>
			<xmax>411</xmax>
			<ymax>300</ymax>
		</bndbox>
	</object>
</annotation>