<annotation>
	<folder>side반찬부피접시양념게장q1</folder>
	<filename>side_반찬부피_접시_양념게장_Q1_00025.JPG</filename>
	<path>/side반찬부피접시양념게장q1/side_반찬부피_접시_양념게장_Q1_00025.JPG</path>
	<source>
		<database>fooddata</database>
	</source>
	<size>
		<width>720</width>
		<height>480</height>
		<depth>3</depth>
	</size>
	<object>
		<name>ref_spoon</name>
		<bndbox>
			<xmin>173</xmin>
			<ymin>389</ymin>
			<xmax>277</xmax>
			<ymax>447</ymax>
		</bndbox>
	</object>
	<object>
		<name>ref_fork</name>
		<bndbox>
			<xmin>181</xmin>
			<ymin>334</ymin>
			<xmax>292</xmax>
			<ymax>381</ymax>
		</bndbox>
	</object>
	<object>
		<name>ref_coin</name>
		<bndbox>
			<xmin>59</xmin>
			<ymin>145</ymin>
			<xmax>101</xmax>
			<ymax>177</ymax>
		</bndbox>
	</object>
	<object>
		<name>dish</name>
		<bndbox>
			<xmin>145</xmin>
			<ymin>81</ymin>
			<xmax>448</xmax>
			<ymax>294</ymax>
		</bndbox>
	</object>
	<object>
		<name>양념게장</name>
		<bndbox>
			<xmin>224</xmin>
			<ymin>143</ymin>
			<xmax>371</xmax>
			<ymax>237</ymax>
		</bndbox>
	</object>
</annotation>