<annotation>
	<folder>side반찬부피접시양념게장q1</folder>
	<filename>side_반찬부피_접시_양념게장_Q1_00055.JPG</filename>
	<path>/side반찬부피접시양념게장q1/side_반찬부피_접시_양념게장_Q1_00055.JPG</path>
	<source>
		<database>fooddata</database>
	</source>
	<size>
		<width>720</width>
		<height>480</height>
		<depth>3</depth>
	</size>
	<object>
		<name>ref_spoon</name>
		<bndbox>
			<xmin>104</xmin>
			<ymin>110</ymin>
			<xmax>168</xmax>
			<ymax>198</ymax>
		</bndbox>
	</object>
	<object>
		<name>ref_fork</name>
		<bndbox>
			<xmin>192</xmin>
			<ymin>113</ymin>
			<xmax>236</xmax>
			<ymax>213</ymax>
		</bndbox>
	</object>
	<object>
		<name>ref_coin</name>
		<bndbox>
			<xmin>359</xmin>
			<ymin>369</ymin>
			<xmax>409</xmax>
			<ymax>411</ymax>
		</bndbox>
	</object>
	<object>
		<name>dish</name>
		<bndbox>
			<xmin>270</xmin>
			<ymin>75</ymin>
			<xmax>605</xmax>
			<ymax>319</ymax>
		</bndbox>
	</object>
	<object>
		<name>양념게장</name>
		<bndbox>
			<xmin>305</xmin>
			<ymin>169</ymin>
			<xmax>542</xmax>
			<ymax>287</ymax>
		</bndbox>
	</object>
</annotation>