<annotation>
	<folder>side반찬부피접시양념게장q1</folder>
	<filename>side_반찬부피_접시_양념게장_Q1_00027.JPG</filename>
	<path>/side반찬부피접시양념게장q1/side_반찬부피_접시_양념게장_Q1_00027.JPG</path>
	<source>
		<database>fooddata</database>
	</source>
	<size>
		<width>720</width>
		<height>480</height>
		<depth>3</depth>
	</size>
	<object>
		<name>ref_spoon</name>
		<bndbox>
			<xmin>187</xmin>
			<ymin>381</ymin>
			<xmax>288</xmax>
			<ymax>439</ymax>
		</bndbox>
	</object>
	<object>
		<name>ref_fork</name>
		<bndbox>
			<xmin>194</xmin>
			<ymin>325</ymin>
			<xmax>302</xmax>
			<ymax>374</ymax>
		</bndbox>
	</object>
	<object>
		<name>ref_coin</name>
		<bndbox>
			<xmin>85</xmin>
			<ymin>246</ymin>
			<xmax>130</xmax>
			<ymax>282</ymax>
		</bndbox>
	</object>
	<object>
		<name>dish</name>
		<bndbox>
			<xmin>171</xmin>
			<ymin>77</ymin>
			<xmax>473</xmax>
			<ymax>291</ymax>
		</bndbox>
	</object>
	<object>
		<name>양념게장</name>
		<bndbox>
			<xmin>254</xmin>
			<ymin>147</ymin>
			<xmax>370</xmax>
			<ymax>245</ymax>
		</bndbox>
	</object>
</annotation>