<annotation>
	<folder>my-project-name</folder>
	<filename>top_반찬부피_접시_양념게장_Q1_00003.JPG</filename>
	<path>/top반찬부피접시양념게장q1/top_반찬부피_접시_양념게장_Q1_00003.JPG</path>
	<source>
		<database>fooddata</database>
	</source>
	<size>
		<width>720</width>
		<height>480</height>
		<depth>3</depth>
	</size>
	<object>
		<name>ref_spoon</name>
		<bndbox>
			<xmin>469</xmin>
			<ymin>62</ymin>
			<xmax>534</xmax>
			<ymax>174</ymax>
		</bndbox>
	</object>
	<object>
		<name>ref_fork</name>
		<bndbox>
			<xmin>553</xmin>
			<ymin>77</ymin>
			<xmax>594</xmax>
			<ymax>204</ymax>
		</bndbox>
	</object>
	<object>
		<name>ref_coin</name>
		<bndbox>
			<xmin>321</xmin>
			<ymin>364</ymin>
			<xmax>371</xmax>
			<ymax>414</ymax>
		</bndbox>
	</object>
	<object>
		<name>dish</name>
		<bndbox>
			<xmin>152</xmin>
			<ymin>30</ymin>
			<xmax>463</xmax>
			<ymax>332</ymax>
		</bndbox>
	</object>
	<object>
		<name>양념게장</name>
		<bndbox>
			<xmin>240</xmin>
			<ymin>139</ymin>
			<xmax>336</xmax>
			<ymax>231</ymax>
		</bndbox>
	</object>
</annotation>