<annotation>
	<folder>my-project-name</folder>
	<filename>top_반찬부피_접시_양념게장_Q1_00034.JPG</filename>
	<path>/top반찬부피접시양념게장q1/top_반찬부피_접시_양념게장_Q1_00034.JPG</path>
	<source>
		<database>fooddata</database>
	</source>
	<size>
		<width>720</width>
		<height>480</height>
		<depth>3</depth>
	</size>
	<object>
		<name>ref_spoon</name>
		<bndbox>
			<xmin>105</xmin>
			<ymin>54</ymin>
			<xmax>176</xmax>
			<ymax>184</ymax>
		</bndbox>
	</object>
	<object>
		<name>ref_fork</name>
		<bndbox>
			<xmin>197</xmin>
			<ymin>64</ymin>
			<xmax>244</xmax>
			<ymax>204</ymax>
		</bndbox>
	</object>
	<object>
		<name>ref_coin</name>
		<bndbox>
			<xmin>251</xmin>
			<ymin>358</ymin>
			<xmax>302</xmax>
			<ymax>411</ymax>
		</bndbox>
	</object>
	<object>
		<name>dish</name>
		<bndbox>
			<xmin>268</xmin>
			<ymin>60</ymin>
			<xmax>602</xmax>
			<ymax>394</ymax>
		</bndbox>
	</object>
	<object>
		<name>양념게장</name>
		<bndbox>
			<xmin>386</xmin>
			<ymin>131</ymin>
			<xmax>461</xmax>
			<ymax>251</ymax>
		</bndbox>
	</object>
</annotation>