<annotation>
	<folder>my-project-name</folder>
	<filename>top_반찬부피_접시_양념게장_Q1_00052.JPG</filename>
	<path>/top반찬부피접시양념게장q1/top_반찬부피_접시_양념게장_Q1_00052.JPG</path>
	<source>
		<database>fooddata</database>
	</source>
	<size>
		<width>720</width>
		<height>480</height>
		<depth>3</depth>
	</size>
	<object>
		<name>ref_spoon</name>
		<bndbox>
			<xmin>163</xmin>
			<ymin>47</ymin>
			<xmax>227</xmax>
			<ymax>156</ymax>
		</bndbox>
	</object>
	<object>
		<name>ref_fork</name>
		<bndbox>
			<xmin>249</xmin>
			<ymin>51</ymin>
			<xmax>294</xmax>
			<ymax>180</ymax>
		</bndbox>
	</object>
	<object>
		<name>ref_coin</name>
		<bndbox>
			<xmin>373</xmin>
			<ymin>392</ymin>
			<xmax>424</xmax>
			<ymax>446</ymax>
		</bndbox>
	</object>
	<object>
		<name>dish</name>
		<bndbox>
			<xmin>309</xmin>
			<ymin>60</ymin>
			<xmax>630</xmax>
			<ymax>366</ymax>
		</bndbox>
	</object>
	<object>
		<name>양념게장</name>
		<bndbox>
			<xmin>465</xmin>
			<ymin>169</ymin>
			<xmax>538</xmax>
			<ymax>285</ymax>
		</bndbox>
	</object>
</annotation>