<annotation>
	<folder>my-project-name</folder>
	<filename>top_반찬부피_접시_양념게장_Q1_00038.JPG</filename>
	<path>/top반찬부피접시양념게장q1/top_반찬부피_접시_양념게장_Q1_00038.JPG</path>
	<source>
		<database>fooddata</database>
	</source>
	<size>
		<width>720</width>
		<height>480</height>
		<depth>3</depth>
	</size>
	<object>
		<name>ref_spoon</name>
		<bndbox>
			<xmin>101</xmin>
			<ymin>39</ymin>
			<xmax>167</xmax>
			<ymax>161</ymax>
		</bndbox>
	</object>
	<object>
		<name>ref_fork</name>
		<bndbox>
			<xmin>189</xmin>
			<ymin>47</ymin>
			<xmax>234</xmax>
			<ymax>184</ymax>
		</bndbox>
	</object>
	<object>
		<name>ref_coin</name>
		<bndbox>
			<xmin>429</xmin>
			<ymin>394</ymin>
			<xmax>478</xmax>
			<ymax>448</ymax>
		</bndbox>
	</object>
	<object>
		<name>dish</name>
		<bndbox>
			<xmin>261</xmin>
			<ymin>34</ymin>
			<xmax>576</xmax>
			<ymax>347</ymax>
		</bndbox>
	</object>
	<object>
		<name>양념게장</name>
		<bndbox>
			<xmin>330</xmin>
			<ymin>105</ymin>
			<xmax>441</xmax>
			<ymax>242</ymax>
		</bndbox>
	</object>
</annotation>