<annotation>
	<folder>my-project-name</folder>
	<filename>top_반찬부피_접시_양념게장_Q1_00049.JPG</filename>
	<path>/top반찬부피접시양념게장q1/top_반찬부피_접시_양념게장_Q1_00049.JPG</path>
	<source>
		<database>fooddata</database>
	</source>
	<size>
		<width>720</width>
		<height>480</height>
		<depth>3</depth>
	</size>
	<object>
		<name>ref_spoon</name>
		<bndbox>
			<xmin>109</xmin>
			<ymin>111</ymin>
			<xmax>174</xmax>
			<ymax>231</ymax>
		</bndbox>
	</object>
	<object>
		<name>ref_fork</name>
		<bndbox>
			<xmin>195</xmin>
			<ymin>122</ymin>
			<xmax>242</xmax>
			<ymax>251</ymax>
		</bndbox>
	</object>
	<object>
		<name>ref_coin</name>
		<bndbox>
			<xmin>306</xmin>
			<ymin>71</ymin>
			<xmax>351</xmax>
			<ymax>116</ymax>
		</bndbox>
	</object>
	<object>
		<name>dish</name>
		<bndbox>
			<xmin>257</xmin>
			<ymin>120</ymin>
			<xmax>576</xmax>
			<ymax>433</ymax>
		</bndbox>
	</object>
	<object>
		<name>양념게장</name>
		<bndbox>
			<xmin>401</xmin>
			<ymin>227</ymin>
			<xmax>512</xmax>
			<ymax>347</ymax>
		</bndbox>
	</object>
</annotation>