<annotation>
	<folder>my-project-name</folder>
	<filename>top_반찬부피_접시_양념게장_Q1_00020.JPG</filename>
	<path>/top반찬부피접시양념게장q1/top_반찬부피_접시_양념게장_Q1_00020.JPG</path>
	<source>
		<database>fooddata</database>
	</source>
	<size>
		<width>720</width>
		<height>480</height>
		<depth>3</depth>
	</size>
	<object>
		<name>ref_spoon</name>
		<bndbox>
			<xmin>251</xmin>
			<ymin>377</ymin>
			<xmax>362</xmax>
			<ymax>444</ymax>
		</bndbox>
	</object>
	<object>
		<name>ref_fork</name>
		<bndbox>
			<xmin>289</xmin>
			<ymin>328</ymin>
			<xmax>390</xmax>
			<ymax>375</ymax>
		</bndbox>
	</object>
	<object>
		<name>ref_coin</name>
		<bndbox>
			<xmin>231</xmin>
			<ymin>161</ymin>
			<xmax>274</xmax>
			<ymax>204</ymax>
		</bndbox>
	</object>
	<object>
		<name>dish</name>
		<bndbox>
			<xmin>300</xmin>
			<ymin>39</ymin>
			<xmax>585</xmax>
			<ymax>313</ymax>
		</bndbox>
	</object>
	<object>
		<name>양념게장</name>
		<bndbox>
			<xmin>384</xmin>
			<ymin>111</ymin>
			<xmax>482</xmax>
			<ymax>193</ymax>
		</bndbox>
	</object>
</annotation>