<annotation>
	<folder>side부침개류사각배달달걀말이q3</folder>
	<filename>side_부침개류_사각배달_달걀말이_Q3_00009.JPG</filename>
	<path>/side부침개류사각배달달걀말이q3/side_부침개류_사각배달_달걀말이_Q3_00009.JPG</path>
	<source>
		<database>fooddata</database>
	</source>
	<size>
		<width>3008</width>
		<height>2000</height>
		<depth>3</depth>
	</size>
	<object>
		<name>ref_spoon</name>
		<bndbox>
			<xmin>2237</xmin>
			<ymin>587</ymin>
			<xmax>2520</xmax>
			<ymax>947</ymax>
		</bndbox>
	</object>
	<object>
		<name>ref_fork</name>
		<bndbox>
			<xmin>2601</xmin>
			<ymin>595</ymin>
			<xmax>2812</xmax>
			<ymax>1008</ymax>
		</bndbox>
	</object>
	<object>
		<name>ref_coin</name>
		<bndbox>
			<xmin>1852</xmin>
			<ymin>1474</ymin>
			<xmax>2087</xmax>
			<ymax>1648</ymax>
		</bndbox>
	</object>
	<object>
		<name>dish</name>
		<bndbox>
			<xmin>188</xmin>
			<ymin>482</ymin>
			<xmax>1929</xmax>
			<ymax>1563</ymax>
		</bndbox>
	</object>
	<object>
		<name>달걀말이</name>
		<bndbox>
			<xmin>638</xmin>
			<ymin>842</ymin>
			<xmax>1500</xmax>
			<ymax>1405</ymax>
		</bndbox>
	</object>
</annotation>