<annotation>
	<folder>side부침개류사각배달달걀말이q3</folder>
	<filename>side_부침개류_사각배달_달걀말이_Q3_00047.JPG</filename>
	<path>/side부침개류사각배달달걀말이q3/side_부침개류_사각배달_달걀말이_Q3_00047.JPG</path>
	<source>
		<database>fooddata</database>
	</source>
	<size>
		<width>3008</width>
		<height>2000</height>
		<depth>3</depth>
	</size>
	<object>
		<name>ref_spoon</name>
		<bndbox>
			<xmin>459</xmin>
			<ymin>575</ymin>
			<xmax>735</xmax>
			<ymax>919</ymax>
		</bndbox>
	</object>
	<object>
		<name>ref_fork</name>
		<bndbox>
			<xmin>816</xmin>
			<ymin>615</ymin>
			<xmax>1010</xmax>
			<ymax>1012</ymax>
		</bndbox>
	</object>
	<object>
		<name>ref_coin</name>
		<bndbox>
			<xmin>1277</xmin>
			<ymin>466</ymin>
			<xmax>1472</xmax>
			<ymax>591</ymax>
		</bndbox>
	</object>
	<object>
		<name>dish</name>
		<bndbox>
			<xmin>1095</xmin>
			<ymin>777</ymin>
			<xmax>2638</xmax>
			<ymax>1567</ymax>
		</bndbox>
	</object>
	<object>
		<name>달걀말이</name>
		<bndbox>
			<xmin>1415</xmin>
			<ymin>1045</ymin>
			<xmax>2298</xmax>
			<ymax>1429</ymax>
		</bndbox>
	</object>
</annotation>