<annotation>
	<folder>side부침개류사각배달달걀말이q3</folder>
	<filename>side_부침개류_사각배달_달걀말이_Q3_00014.JPG</filename>
	<path>/side부침개류사각배달달걀말이q3/side_부침개류_사각배달_달걀말이_Q3_00014.JPG</path>
	<source>
		<database>fooddata</database>
	</source>
	<size>
		<width>3008</width>
		<height>2000</height>
		<depth>3</depth>
	</size>
	<object>
		<name>ref_spoon</name>
		<bndbox>
			<xmin>2293</xmin>
			<ymin>777</ymin>
			<xmax>2573</xmax>
			<ymax>1121</ymax>
		</bndbox>
	</object>
	<object>
		<name>ref_fork</name>
		<bndbox>
			<xmin>2642</xmin>
			<ymin>785</ymin>
			<xmax>2832</xmax>
			<ymax>1174</ymax>
		</bndbox>
	</object>
	<object>
		<name>ref_coin</name>
		<bndbox>
			<xmin>1921</xmin>
			<ymin>769</ymin>
			<xmax>2115</xmax>
			<ymax>899</ymax>
		</bndbox>
	</object>
	<object>
		<name>dish</name>
		<bndbox>
			<xmin>431</xmin>
			<ymin>951</ymin>
			<xmax>1945</xmax>
			<ymax>1733</ymax>
		</bndbox>
	</object>
	<object>
		<name>달걀말이</name>
		<bndbox>
			<xmin>808</xmin>
			<ymin>1178</ymin>
			<xmax>1573</xmax>
			<ymax>1583</ymax>
		</bndbox>
	</object>
</annotation>