<annotation>
	<folder>side부침개류사각배달달걀말이q3</folder>
	<filename>side_부침개류_사각배달_달걀말이_Q3_00050.JPG</filename>
	<path>/side부침개류사각배달달걀말이q3/side_부침개류_사각배달_달걀말이_Q3_00050.JPG</path>
	<source>
		<database>fooddata</database>
	</source>
	<size>
		<width>3008</width>
		<height>2000</height>
		<depth>3</depth>
	</size>
	<object>
		<name>ref_spoon</name>
		<bndbox>
			<xmin>500</xmin>
			<ymin>352</ymin>
			<xmax>775</xmax>
			<ymax>692</ymax>
		</bndbox>
	</object>
	<object>
		<name>ref_fork</name>
		<bndbox>
			<xmin>856</xmin>
			<ymin>385</ymin>
			<xmax>1051</xmax>
			<ymax>773</ymax>
		</bndbox>
	</object>
	<object>
		<name>ref_coin</name>
		<bndbox>
			<xmin>694</xmin>
			<ymin>1502</ymin>
			<xmax>929</xmax>
			<ymax>1672</ymax>
		</bndbox>
	</object>
	<object>
		<name>dish</name>
		<bndbox>
			<xmin>1115</xmin>
			<ymin>356</ymin>
			<xmax>2565</xmax>
			<ymax>1462</ymax>
		</bndbox>
	</object>
	<object>
		<name>달걀말이</name>
		<bndbox>
			<xmin>1427</xmin>
			<ymin>648</ymin>
			<xmax>2200</xmax>
			<ymax>1324</ymax>
		</bndbox>
	</object>
</annotation>