<annotation>
	<folder>side부침개류사각배달달걀말이q3</folder>
	<filename>side_부침개류_사각배달_달걀말이_Q3_00012.JPG</filename>
	<path>/side부침개류사각배달달걀말이q3/side_부침개류_사각배달_달걀말이_Q3_00012.JPG</path>
	<source>
		<database>fooddata</database>
	</source>
	<size>
		<width>3008</width>
		<height>2000</height>
		<depth>3</depth>
	</size>
	<object>
		<name>ref_spoon</name>
		<bndbox>
			<xmin>2184</xmin>
			<ymin>672</ymin>
			<xmax>2472</xmax>
			<ymax>1036</ymax>
		</bndbox>
	</object>
	<object>
		<name>ref_fork</name>
		<bndbox>
			<xmin>2549</xmin>
			<ymin>676</ymin>
			<xmax>2759</xmax>
			<ymax>1097</ymax>
		</bndbox>
	</object>
	<object>
		<name>ref_coin</name>
		<bndbox>
			<xmin>1868</xmin>
			<ymin>1186</ymin>
			<xmax>2087</xmax>
			<ymax>1348</ymax>
		</bndbox>
	</object>
	<object>
		<name>dish</name>
		<bndbox>
			<xmin>127</xmin>
			<ymin>563</ymin>
			<xmax>1702</xmax>
			<ymax>1725</ymax>
		</bndbox>
	</object>
	<object>
		<name>달걀말이</name>
		<bndbox>
			<xmin>540</xmin>
			<ymin>915</ymin>
			<xmax>1310</xmax>
			<ymax>1547</ymax>
		</bndbox>
	</object>
</annotation>