<annotation>
	<folder>side부침개류사각배달달걀말이q3</folder>
	<filename>side_부침개류_사각배달_달걀말이_Q3_00027.JPG</filename>
	<path>/side부침개류사각배달달걀말이q3/side_부침개류_사각배달_달걀말이_Q3_00027.JPG</path>
	<source>
		<database>fooddata</database>
	</source>
	<size>
		<width>3008</width>
		<height>2000</height>
		<depth>3</depth>
	</size>
	<object>
		<name>ref_spoon</name>
		<bndbox>
			<xmin>686</xmin>
			<ymin>1551</ymin>
			<xmax>1140</xmax>
			<ymax>1802</ymax>
		</bndbox>
	</object>
	<object>
		<name>ref_fork</name>
		<bndbox>
			<xmin>743</xmin>
			<ymin>1324</ymin>
			<xmax>1245</xmax>
			<ymax>1551</ymax>
		</bndbox>
	</object>
	<object>
		<name>ref_coin</name>
		<bndbox>
			<xmin>2079</xmin>
			<ymin>960</ymin>
			<xmax>2302</xmax>
			<ymax>1109</ymax>
		</bndbox>
	</object>
	<object>
		<name>dish</name>
		<bndbox>
			<xmin>573</xmin>
			<ymin>186</ymin>
			<xmax>2180</xmax>
			<ymax>1202</ymax>
		</bndbox>
	</object>
	<object>
		<name>달걀말이</name>
		<bndbox>
			<xmin>953</xmin>
			<ymin>466</ymin>
			<xmax>1812</xmax>
			<ymax>1045</ymax>
		</bndbox>
	</object>
</annotation>