<annotation>
	<folder>side부침개류사각배달달걀말이q3</folder>
	<filename>side_부침개류_사각배달_달걀말이_Q3_00042.JPG</filename>
	<path>/side부침개류사각배달달걀말이q3/side_부침개류_사각배달_달걀말이_Q3_00042.JPG</path>
	<source>
		<database>fooddata</database>
	</source>
	<size>
		<width>3008</width>
		<height>2000</height>
		<depth>3</depth>
	</size>
	<object>
		<name>ref_spoon</name>
		<bndbox>
			<xmin>148</xmin>
			<ymin>563</ymin>
			<xmax>427</xmax>
			<ymax>903</ymax>
		</bndbox>
	</object>
	<object>
		<name>ref_fork</name>
		<bndbox>
			<xmin>520</xmin>
			<ymin>579</ymin>
			<xmax>710</xmax>
			<ymax>980</ymax>
		</bndbox>
	</object>
	<object>
		<name>ref_coin</name>
		<bndbox>
			<xmin>2630</xmin>
			<ymin>1352</ymin>
			<xmax>2856</xmax>
			<ymax>1522</ymax>
		</bndbox>
	</object>
	<object>
		<name>dish</name>
		<bndbox>
			<xmin>783</xmin>
			<ymin>579</ymin>
			<xmax>2455</xmax>
			<ymax>1587</ymax>
		</bndbox>
	</object>
	<object>
		<name>달걀말이</name>
		<bndbox>
			<xmin>1156</xmin>
			<ymin>874</ymin>
			<xmax>2087</xmax>
			<ymax>1453</ymax>
		</bndbox>
	</object>
</annotation>