<annotation>
	<folder>side부침개류사각배달달걀말이q3</folder>
	<filename>side_부침개류_사각배달_달걀말이_Q3_00033.JPG</filename>
	<path>/side부침개류사각배달달걀말이q3/side_부침개류_사각배달_달걀말이_Q3_00033.JPG</path>
	<source>
		<database>fooddata</database>
	</source>
	<size>
		<width>3008</width>
		<height>2000</height>
		<depth>3</depth>
	</size>
	<object>
		<name>ref_spoon</name>
		<bndbox>
			<xmin>743</xmin>
			<ymin>1486</ymin>
			<xmax>1213</xmax>
			<ymax>1729</ymax>
		</bndbox>
	</object>
	<object>
		<name>ref_fork</name>
		<bndbox>
			<xmin>791</xmin>
			<ymin>1259</ymin>
			<xmax>1302</xmax>
			<ymax>1470</ymax>
		</bndbox>
	</object>
	<object>
		<name>ref_coin</name>
		<bndbox>
			<xmin>484</xmin>
			<ymin>619</ymin>
			<xmax>682</xmax>
			<ymax>769</ymax>
		</bndbox>
	</object>
	<object>
		<name>dish</name>
		<bndbox>
			<xmin>982</xmin>
			<ymin>154</ymin>
			<xmax>2468</xmax>
			<ymax>1000</ymax>
		</bndbox>
	</object>
	<object>
		<name>달걀말이</name>
		<bndbox>
			<xmin>1306</xmin>
			<ymin>453</ymin>
			<xmax>2123</xmax>
			<ymax>866</ymax>
		</bndbox>
	</object>
</annotation>