<annotation>
	<folder>side부침개류사각배달달걀말이q3</folder>
	<filename>side_부침개류_사각배달_달걀말이_Q3_00008.JPG</filename>
	<path>/side부침개류사각배달달걀말이q3/side_부침개류_사각배달_달걀말이_Q3_00008.JPG</path>
	<source>
		<database>fooddata</database>
	</source>
	<size>
		<width>3008</width>
		<height>2000</height>
		<depth>3</depth>
	</size>
	<object>
		<name>ref_spoon</name>
		<bndbox>
			<xmin>2071</xmin>
			<ymin>538</ymin>
			<xmax>2374</xmax>
			<ymax>919</ymax>
		</bndbox>
	</object>
	<object>
		<name>ref_fork</name>
		<bndbox>
			<xmin>2447</xmin>
			<ymin>547</ymin>
			<xmax>2662</xmax>
			<ymax>960</ymax>
		</bndbox>
	</object>
	<object>
		<name>ref_coin</name>
		<bndbox>
			<xmin>1605</xmin>
			<ymin>1632</ymin>
			<xmax>1856</xmax>
			<ymax>1810</ymax>
		</bndbox>
	</object>
	<object>
		<name>dish</name>
		<bndbox>
			<xmin>67</xmin>
			<ymin>583</ymin>
			<xmax>1771</xmax>
			<ymax>1494</ymax>
		</bndbox>
	</object>
	<object>
		<name>달걀말이</name>
		<bndbox>
			<xmin>532</xmin>
			<ymin>891</ymin>
			<xmax>1383</xmax>
			<ymax>1348</ymax>
		</bndbox>
	</object>
</annotation>