<annotation>
	<folder>top부침개류사각배달달걀말이q3</folder>
	<filename>top_부침개류_사각배달_달걀말이_Q3_00040.JPG</filename>
	<path>/top부침개류사각배달달걀말이q3/top_부침개류_사각배달_달걀말이_Q3_00040.JPG</path>
	<source>
		<database>fooddata</database>
	</source>
	<size>
		<width>3008</width>
		<height>2000</height>
		<depth>3</depth>
	</size>
	<object>
		<name>ref_spoon</name>
		<bndbox>
			<xmin>488</xmin>
			<ymin>266</ymin>
			<xmax>732</xmax>
			<ymax>637</ymax>
		</bndbox>
	</object>
	<object>
		<name>ref_fork</name>
		<bndbox>
			<xmin>793</xmin>
			<ymin>286</ymin>
			<xmax>991</xmax>
			<ymax>682</ymax>
		</bndbox>
	</object>
	<object>
		<name>ref_coin</name>
		<bndbox>
			<xmin>2530</xmin>
			<ymin>952</ymin>
			<xmax>2734</xmax>
			<ymax>1130</ymax>
		</bndbox>
	</object>
	<object>
		<name>dish</name>
		<bndbox>
			<xmin>1108</xmin>
			<ymin>383</ymin>
			<xmax>2022</xmax>
			<ymax>1617</ymax>
		</bndbox>
	</object>
	<object>
		<name>달걀말이</name>
		<bndbox>
			<xmin>1301</xmin>
			<ymin>769</ymin>
			<xmax>1926</xmax>
			<ymax>1231</ymax>
		</bndbox>
	</object>
</annotation>