<annotation>
	<folder>top부침개류사각배달달걀말이q3</folder>
	<filename>top_부침개류_사각배달_달걀말이_Q3_00013.JPG</filename>
	<path>/top부침개류사각배달달걀말이q3/top_부침개류_사각배달_달걀말이_Q3_00013.JPG</path>
	<source>
		<database>fooddata</database>
	</source>
	<size>
		<width>3008</width>
		<height>2000</height>
		<depth>3</depth>
	</size>
	<object>
		<name>ref_spoon</name>
		<bndbox>
			<xmin>2038</xmin>
			<ymin>418</ymin>
			<xmax>2317</xmax>
			<ymax>835</ymax>
		</bndbox>
	</object>
	<object>
		<name>ref_fork</name>
		<bndbox>
			<xmin>2353</xmin>
			<ymin>479</ymin>
			<xmax>2581</xmax>
			<ymax>936</ymax>
		</bndbox>
	</object>
	<object>
		<name>ref_coin</name>
		<bndbox>
			<xmin>1524</xmin>
			<ymin>1485</ymin>
			<xmax>1738</xmax>
			<ymax>1699</ymax>
		</bndbox>
	</object>
	<object>
		<name>dish</name>
		<bndbox>
			<xmin>386</xmin>
			<ymin>301</ymin>
			<xmax>1910</xmax>
			<ymax>1612</ymax>
		</bndbox>
	</object>
	<object>
		<name>달걀말이</name>
		<bndbox>
			<xmin>630</xmin>
			<ymin>794</ymin>
			<xmax>1656</xmax>
			<ymax>1409</ymax>
		</bndbox>
	</object>
</annotation>