<annotation>
	<folder>top부침개류사각배달달걀말이q3</folder>
	<filename>top_부침개류_사각배달_달걀말이_Q3_00025.JPG</filename>
	<path>/top부침개류사각배달달걀말이q3/top_부침개류_사각배달_달걀말이_Q3_00025.JPG</path>
	<source>
		<database>fooddata</database>
	</source>
	<size>
		<width>3008</width>
		<height>2000</height>
		<depth>3</depth>
	</size>
	<object>
		<name>ref_spoon</name>
		<bndbox>
			<xmin>838</xmin>
			<ymin>1597</ymin>
			<xmax>1214</xmax>
			<ymax>1861</ymax>
		</bndbox>
	</object>
	<object>
		<name>ref_fork</name>
		<bndbox>
			<xmin>869</xmin>
			<ymin>1353</ymin>
			<xmax>1280</xmax>
			<ymax>1551</ymax>
		</bndbox>
	</object>
	<object>
		<name>ref_coin</name>
		<bndbox>
			<xmin>1662</xmin>
			<ymin>1196</ymin>
			<xmax>1839</xmax>
			<ymax>1368</ymax>
		</bndbox>
	</object>
	<object>
		<name>dish</name>
		<bndbox>
			<xmin>711</xmin>
			<ymin>52</ymin>
			<xmax>1951</xmax>
			<ymax>1302</ymax>
		</bndbox>
	</object>
	<object>
		<name>달걀말이</name>
		<bndbox>
			<xmin>976</xmin>
			<ymin>413</ymin>
			<xmax>1595</xmax>
			<ymax>987</ymax>
		</bndbox>
	</object>
</annotation>