<annotation>
	<folder>top부침개류사각배달달걀말이q3</folder>
	<filename>top_부침개류_사각배달_달걀말이_Q3_00035.JPG</filename>
	<path>/top부침개류사각배달달걀말이q3/top_부침개류_사각배달_달걀말이_Q3_00035.JPG</path>
	<source>
		<database>fooddata</database>
	</source>
	<size>
		<width>3008</width>
		<height>2000</height>
		<depth>3</depth>
	</size>
	<object>
		<name>ref_spoon</name>
		<bndbox>
			<xmin>493</xmin>
			<ymin>154</ymin>
			<xmax>762</xmax>
			<ymax>535</ymax>
		</bndbox>
	</object>
	<object>
		<name>ref_fork</name>
		<bndbox>
			<xmin>823</xmin>
			<ymin>174</ymin>
			<xmax>1037</xmax>
			<ymax>611</ymax>
		</bndbox>
	</object>
	<object>
		<name>ref_coin</name>
		<bndbox>
			<xmin>1702</xmin>
			<ymin>1556</ymin>
			<xmax>1900</xmax>
			<ymax>1760</ymax>
		</bndbox>
	</object>
	<object>
		<name>dish</name>
		<bndbox>
			<xmin>1087</xmin>
			<ymin>124</ymin>
			<xmax>2566</xmax>
			<ymax>1521</ymax>
		</bndbox>
	</object>
	<object>
		<name>달걀말이</name>
		<bndbox>
			<xmin>1448</xmin>
			<ymin>428</ymin>
			<xmax>2129</xmax>
			<ymax>1150</ymax>
		</bndbox>
	</object>
</annotation>