<annotation>
	<folder>top부침개류사각배달달걀말이q3</folder>
	<filename>top_부침개류_사각배달_달걀말이_Q3_00053.JPG</filename>
	<path>/top부침개류사각배달달걀말이q3/top_부침개류_사각배달_달걀말이_Q3_00053.JPG</path>
	<source>
		<database>fooddata</database>
	</source>
	<size>
		<width>3008</width>
		<height>2000</height>
		<depth>3</depth>
	</size>
	<object>
		<name>ref_spoon</name>
		<bndbox>
			<xmin>518</xmin>
			<ymin>225</ymin>
			<xmax>757</xmax>
			<ymax>571</ymax>
		</bndbox>
	</object>
	<object>
		<name>ref_fork</name>
		<bndbox>
			<xmin>823</xmin>
			<ymin>271</ymin>
			<xmax>1011</xmax>
			<ymax>662</ymax>
		</bndbox>
	</object>
	<object>
		<name>ref_coin</name>
		<bndbox>
			<xmin>2408</xmin>
			<ymin>1053</ymin>
			<xmax>2591</xmax>
			<ymax>1226</ymax>
		</bndbox>
	</object>
	<object>
		<name>dish</name>
		<bndbox>
			<xmin>986</xmin>
			<ymin>606</ymin>
			<xmax>2236</xmax>
			<ymax>1521</ymax>
		</bndbox>
	</object>
	<object>
		<name>달걀말이</name>
		<bndbox>
			<xmin>1372</xmin>
			<ymin>769</ymin>
			<xmax>1870</xmax>
			<ymax>1424</ymax>
		</bndbox>
	</object>
</annotation>