<annotation>
	<folder>side어육류정형사각배달돈가스q1</folder>
	<filename>side_어육류정형_사각배달_돈가스_Q1_00048.JPG</filename>
	<path>/side어육류정형사각배달돈가스q1/side_어육류정형_사각배달_돈가스_Q1_00048.JPG</path>
	<source>
		<database>fooddata</database>
	</source>
	<size>
		<width>3008</width>
		<height>2000</height>
		<depth>3</depth>
	</size>
	<object>
		<name>ref_spoon</name>
		<bndbox>
			<xmin>227</xmin>
			<ymin>380</ymin>
			<xmax>543</xmax>
			<ymax>785</ymax>
		</bndbox>
	</object>
	<object>
		<name>ref_fork</name>
		<bndbox>
			<xmin>652</xmin>
			<ymin>394</ymin>
			<xmax>880</xmax>
			<ymax>835</ymax>
		</bndbox>
	</object>
	<object>
		<name>ref_coin</name>
		<bndbox>
			<xmin>1039</xmin>
			<ymin>1543</ymin>
			<xmax>1306</xmax>
			<ymax>1751</ymax>
		</bndbox>
	</object>
	<object>
		<name>dish</name>
		<bndbox>
			<xmin>1350</xmin>
			<ymin>183</ymin>
			<xmax>2721</xmax>
			<ymax>1482</ymax>
		</bndbox>
	</object>
	<object>
		<name>돈가스</name>
		<bndbox>
			<xmin>1797</xmin>
			<ymin>741</ymin>
			<xmax>2266</xmax>
			<ymax>1115</ymax>
		</bndbox>
	</object>
</annotation>