<annotation>
	<folder>side어육류정형사각배달돈가스q1</folder>
	<filename>side_어육류정형_사각배달_돈가스_Q1_00031.JPG</filename>
	<path>/side어육류정형사각배달돈가스q1/side_어육류정형_사각배달_돈가스_Q1_00031.JPG</path>
	<source>
		<database>fooddata</database>
	</source>
	<size>
		<width>3008</width>
		<height>2000</height>
		<depth>3</depth>
	</size>
	<object>
		<name>ref_spoon</name>
		<bndbox>
			<xmin>599</xmin>
			<ymin>1354</ymin>
			<xmax>1015</xmax>
			<ymax>1585</ymax>
		</bndbox>
	</object>
	<object>
		<name>ref_fork</name>
		<bndbox>
			<xmin>601</xmin>
			<ymin>1118</ymin>
			<xmax>1036</xmax>
			<ymax>1312</ymax>
		</bndbox>
	</object>
	<object>
		<name>ref_coin</name>
		<bndbox>
			<xmin>1398</xmin>
			<ymin>1647</ymin>
			<xmax>1607</xmax>
			<ymax>1820</ymax>
		</bndbox>
	</object>
	<object>
		<name>dish</name>
		<bndbox>
			<xmin>568</xmin>
			<ymin>37</ymin>
			<xmax>1883</xmax>
			<ymax>1034</ymax>
		</bndbox>
	</object>
	<object>
		<name>돈가스</name>
		<bndbox>
			<xmin>1083</xmin>
			<ymin>385</ymin>
			<xmax>1382</xmax>
			<ymax>768</ymax>
		</bndbox>
	</object>
</annotation>