<annotation>
	<folder>side어육류정형사각배달돈가스q1</folder>
	<filename>side_어육류정형_사각배달_돈가스_Q1_00022.JPG</filename>
	<path>/side어육류정형사각배달돈가스q1/side_어육류정형_사각배달_돈가스_Q1_00022.JPG</path>
	<source>
		<database>fooddata</database>
	</source>
	<size>
		<width>3008</width>
		<height>2000</height>
		<depth>3</depth>
	</size>
	<object>
		<name>ref_spoon</name>
		<bndbox>
			<xmin>396</xmin>
			<ymin>1558</ymin>
			<xmax>871</xmax>
			<ymax>1822</ymax>
		</bndbox>
	</object>
	<object>
		<name>ref_fork</name>
		<bndbox>
			<xmin>382</xmin>
			<ymin>1279</ymin>
			<xmax>885</xmax>
			<ymax>1504</ymax>
		</bndbox>
	</object>
	<object>
		<name>ref_coin</name>
		<bndbox>
			<xmin>751</xmin>
			<ymin>169</ymin>
			<xmax>946</xmax>
			<ymax>297</ymax>
		</bndbox>
	</object>
	<object>
		<name>dish</name>
		<bndbox>
			<xmin>518</xmin>
			<ymin>188</ymin>
			<xmax>2024</xmax>
			<ymax>1242</ymax>
		</bndbox>
	</object>
	<object>
		<name>돈가스</name>
		<bndbox>
			<xmin>1082</xmin>
			<ymin>701</ymin>
			<xmax>1299</xmax>
			<ymax>954</ymax>
		</bndbox>
	</object>
</annotation>