<annotation>
	<folder>side어육류정형사각배달돈가스q1</folder>
	<filename>side_어육류정형_사각배달_돈가스_Q1_00018.JPG</filename>
	<path>/side어육류정형사각배달돈가스q1/side_어육류정형_사각배달_돈가스_Q1_00018.JPG</path>
	<source>
		<database>fooddata</database>
	</source>
	<size>
		<width>3008</width>
		<height>2000</height>
		<depth>3</depth>
	</size>
	<object>
		<name>ref_spoon</name>
		<bndbox>
			<xmin>402</xmin>
			<ymin>1599</ymin>
			<xmax>894</xmax>
			<ymax>1854</ymax>
		</bndbox>
	</object>
	<object>
		<name>ref_fork</name>
		<bndbox>
			<xmin>406</xmin>
			<ymin>1323</ymin>
			<xmax>954</xmax>
			<ymax>1547</ymax>
		</bndbox>
	</object>
	<object>
		<name>ref_coin</name>
		<bndbox>
			<xmin>2093</xmin>
			<ymin>877</ymin>
			<xmax>2296</xmax>
			<ymax>1032</ymax>
		</bndbox>
	</object>
	<object>
		<name>dish</name>
		<bndbox>
			<xmin>289</xmin>
			<ymin>172</ymin>
			<xmax>1946</xmax>
			<ymax>1212</ymax>
		</bndbox>
	</object>
	<object>
		<name>돈가스</name>
		<bndbox>
			<xmin>936</xmin>
			<ymin>513</ymin>
			<xmax>1446</xmax>
			<ymax>923</ymax>
		</bndbox>
	</object>
</annotation>