<annotation>
	<folder>side어육류정형사각배달돈가스q1</folder>
	<filename>side_어육류정형_사각배달_돈가스_Q1_00025.JPG</filename>
	<path>/side어육류정형사각배달돈가스q1/side_어육류정형_사각배달_돈가스_Q1_00025.JPG</path>
	<source>
		<database>fooddata</database>
	</source>
	<size>
		<width>3008</width>
		<height>2000</height>
		<depth>3</depth>
	</size>
	<object>
		<name>ref_spoon</name>
		<bndbox>
			<xmin>654</xmin>
			<ymin>1564</ymin>
			<xmax>1120</xmax>
			<ymax>1806</ymax>
		</bndbox>
	</object>
	<object>
		<name>ref_fork</name>
		<bndbox>
			<xmin>657</xmin>
			<ymin>1289</ymin>
			<xmax>1141</xmax>
			<ymax>1490</ymax>
		</bndbox>
	</object>
	<object>
		<name>ref_coin</name>
		<bndbox>
			<xmin>350</xmin>
			<ymin>972</ymin>
			<xmax>559</xmax>
			<ymax>1129</ymax>
		</bndbox>
	</object>
	<object>
		<name>dish</name>
		<bndbox>
			<xmin>706</xmin>
			<ymin>118</ymin>
			<xmax>2142</xmax>
			<ymax>1228</ymax>
		</bndbox>
	</object>
	<object>
		<name>돈가스</name>
		<bndbox>
			<xmin>1135</xmin>
			<ymin>642</ymin>
			<xmax>1555</xmax>
			<ymax>989</ymax>
		</bndbox>
	</object>
</annotation>