<annotation>
	<folder>top어육류정형사각배달돈가스q1</folder>
	<filename>top_어육류정형_사각배달_돈가스_Q1_00028.JPG</filename>
	<path>/top어육류정형사각배달돈가스q1/top_어육류정형_사각배달_돈가스_Q1_00028.JPG</path>
	<source>
		<database>fooddata</database>
	</source>
	<size>
		<width>3008</width>
		<height>2000</height>
		<depth>3</depth>
	</size>
	<object>
		<name>ref_spoon</name>
		<bndbox>
			<xmin>701</xmin>
			<ymin>1683</ymin>
			<xmax>1030</xmax>
			<ymax>1894</ymax>
		</bndbox>
	</object>
	<object>
		<name>ref_fork</name>
		<bndbox>
			<xmin>807</xmin>
			<ymin>1445</ymin>
			<xmax>1138</xmax>
			<ymax>1593</ymax>
		</bndbox>
	</object>
	<object>
		<name>ref_coin</name>
		<bndbox>
			<xmin>1331</xmin>
			<ymin>1290</ymin>
			<xmax>1477</xmax>
			<ymax>1441</ymax>
		</bndbox>
	</object>
	<object>
		<name>dish</name>
		<bndbox>
			<xmin>769</xmin>
			<ymin>209</ymin>
			<xmax>1937</xmax>
			<ymax>1239</ymax>
		</bndbox>
	</object>
	<object>
		<name>돈가스</name>
		<bndbox>
			<xmin>1350</xmin>
			<ymin>675</ymin>
			<xmax>1780</xmax>
			<ymax>978</ymax>
		</bndbox>
	</object>
</annotation>