<annotation>
	<folder>top어육류정형사각배달돈가스q1</folder>
	<filename>top_어육류정형_사각배달_돈가스_Q1_00030.JPG</filename>
	<path>/top어육류정형사각배달돈가스q1/top_어육류정형_사각배달_돈가스_Q1_00030.JPG</path>
	<source>
		<database>fooddata</database>
	</source>
	<size>
		<width>3008</width>
		<height>2000</height>
		<depth>3</depth>
	</size>
	<object>
		<name>ref_spoon</name>
		<bndbox>
			<xmin>715</xmin>
			<ymin>1600</ymin>
			<xmax>1037</xmax>
			<ymax>1817</ymax>
		</bndbox>
	</object>
	<object>
		<name>ref_fork</name>
		<bndbox>
			<xmin>819</xmin>
			<ymin>1365</ymin>
			<xmax>1157</xmax>
			<ymax>1516</ymax>
		</bndbox>
	</object>
	<object>
		<name>ref_coin</name>
		<bndbox>
			<xmin>1148</xmin>
			<ymin>1133</ymin>
			<xmax>1296</xmax>
			<ymax>1281</ymax>
		</bndbox>
	</object>
	<object>
		<name>dish</name>
		<bndbox>
			<xmin>892</xmin>
			<ymin>160</ymin>
			<xmax>2024</xmax>
			<ymax>1276</ymax>
		</bndbox>
	</object>
	<object>
		<name>돈가스</name>
		<bndbox>
			<xmin>1298</xmin>
			<ymin>348</ymin>
			<xmax>1658</xmax>
			<ymax>724</ymax>
		</bndbox>
	</object>
</annotation>