<annotation>
	<folder>top어육류정형사각배달돈가스q1</folder>
	<filename>top_어육류정형_사각배달_돈가스_Q1_00001.JPG</filename>
	<path>/top어육류정형사각배달돈가스q1/top_어육류정형_사각배달_돈가스_Q1_00001.JPG</path>
	<source>
		<database>fooddata</database>
	</source>
	<size>
		<width>3008</width>
		<height>2000</height>
		<depth>3</depth>
	</size>
	<object>
		<name>ref_spoon</name>
		<bndbox>
			<xmin>1923</xmin>
			<ymin>273</ymin>
			<xmax>2191</xmax>
			<ymax>656</ymax>
		</bndbox>
	</object>
	<object>
		<name>ref_fork</name>
		<bndbox>
			<xmin>2250</xmin>
			<ymin>336</ymin>
			<xmax>2462</xmax>
			<ymax>764</ymax>
		</bndbox>
	</object>
	<object>
		<name>ref_coin</name>
		<bndbox>
			<xmin>1435</xmin>
			<ymin>1492</ymin>
			<xmax>1625</xmax>
			<ymax>1683</ymax>
		</bndbox>
	</object>
	<object>
		<name>dish</name>
		<bndbox>
			<xmin>473</xmin>
			<ymin>63</ymin>
			<xmax>1651</xmax>
			<ymax>1497</ymax>
		</bndbox>
	</object>
	<object>
		<name>돈가스</name>
		<bndbox>
			<xmin>950</xmin>
			<ymin>559</ymin>
			<xmax>1385</xmax>
			<ymax>1025</ymax>
		</bndbox>
	</object>
</annotation>