<annotation>
	<folder>top어육류정형사각배달돈가스q1</folder>
	<filename>top_어육류정형_사각배달_돈가스_Q1_00006.JPG</filename>
	<path>/top어육류정형사각배달돈가스q1/top_어육류정형_사각배달_돈가스_Q1_00006.JPG</path>
	<source>
		<database>fooddata</database>
	</source>
	<size>
		<width>3008</width>
		<height>2000</height>
		<depth>3</depth>
	</size>
	<object>
		<name>ref_spoon</name>
		<bndbox>
			<xmin>2144</xmin>
			<ymin>414</ymin>
			<xmax>2417</xmax>
			<ymax>811</ymax>
		</bndbox>
	</object>
	<object>
		<name>ref_fork</name>
		<bndbox>
			<xmin>2450</xmin>
			<ymin>503</ymin>
			<xmax>2687</xmax>
			<ymax>942</ymax>
		</bndbox>
	</object>
	<object>
		<name>ref_coin</name>
		<bndbox>
			<xmin>151</xmin>
			<ymin>649</ymin>
			<xmax>342</xmax>
			<ymax>830</ymax>
		</bndbox>
	</object>
	<object>
		<name>dish</name>
		<bndbox>
			<xmin>567</xmin>
			<ymin>484</ymin>
			<xmax>2041</xmax>
			<ymax>1629</ymax>
		</bndbox>
	</object>
	<object>
		<name>돈가스</name>
		<bndbox>
			<xmin>1023</xmin>
			<ymin>776</ymin>
			<xmax>1510</xmax>
			<ymax>1224</ymax>
		</bndbox>
	</object>
</annotation>