<annotation>
	<folder>top어육류정형사각배달돈가스q1</folder>
	<filename>top_어육류정형_사각배달_돈가스_Q1_00036.JPG</filename>
	<path>/top어육류정형사각배달돈가스q1/top_어육류정형_사각배달_돈가스_Q1_00036.JPG</path>
	<source>
		<database>fooddata</database>
	</source>
	<size>
		<width>3008</width>
		<height>2000</height>
		<depth>3</depth>
	</size>
	<object>
		<name>ref_spoon</name>
		<bndbox>
			<xmin>480</xmin>
			<ymin>148</ymin>
			<xmax>732</xmax>
			<ymax>517</ymax>
		</bndbox>
	</object>
	<object>
		<name>ref_fork</name>
		<bndbox>
			<xmin>791</xmin>
			<ymin>254</ymin>
			<xmax>964</xmax>
			<ymax>656</ymax>
		</bndbox>
	</object>
	<object>
		<name>ref_coin</name>
		<bndbox>
			<xmin>2020</xmin>
			<ymin>204</ymin>
			<xmax>2194</xmax>
			<ymax>381</ymax>
		</bndbox>
	</object>
	<object>
		<name>dish</name>
		<bndbox>
			<xmin>1044</xmin>
			<ymin>376</ymin>
			<xmax>2039</xmax>
			<ymax>1687</ymax>
		</bndbox>
	</object>
	<object>
		<name>돈가스</name>
		<bndbox>
			<xmin>1345</xmin>
			<ymin>811</ymin>
			<xmax>1799</xmax>
			<ymax>1234</ymax>
		</bndbox>
	</object>
</annotation>