<annotation>
	<folder>top어육류정형사각배달돈가스q1</folder>
	<filename>top_어육류정형_사각배달_돈가스_Q1_00013.JPG</filename>
	<path>/top어육류정형사각배달돈가스q1/top_어육류정형_사각배달_돈가스_Q1_00013.JPG</path>
	<source>
		<database>fooddata</database>
	</source>
	<size>
		<width>3008</width>
		<height>2000</height>
		<depth>3</depth>
	</size>
	<object>
		<name>ref_spoon</name>
		<bndbox>
			<xmin>1850</xmin>
			<ymin>442</ymin>
			<xmax>2100</xmax>
			<ymax>806</ymax>
		</bndbox>
	</object>
	<object>
		<name>ref_fork</name>
		<bndbox>
			<xmin>2163</xmin>
			<ymin>491</ymin>
			<xmax>2353</xmax>
			<ymax>910</ymax>
		</bndbox>
	</object>
	<object>
		<name>ref_coin</name>
		<bndbox>
			<xmin>1425</xmin>
			<ymin>284</ymin>
			<xmax>1604</xmax>
			<ymax>461</ymax>
		</bndbox>
	</object>
	<object>
		<name>dish</name>
		<bndbox>
			<xmin>335</xmin>
			<ymin>635</ymin>
			<xmax>1679</xmax>
			<ymax>1603</ymax>
		</bndbox>
	</object>
	<object>
		<name>돈가스</name>
		<bndbox>
			<xmin>828</xmin>
			<ymin>1039</ymin>
			<xmax>1305</xmax>
			<ymax>1401</ymax>
		</bndbox>
	</object>
</annotation>