<annotation>
	<folder>top어육류정형사각배달돈가스q1</folder>
	<filename>top_어육류정형_사각배달_돈가스_Q1_00021.JPG</filename>
	<path>/top어육류정형사각배달돈가스q1/top_어육류정형_사각배달_돈가스_Q1_00021.JPG</path>
	<source>
		<database>fooddata</database>
	</source>
	<size>
		<width>3008</width>
		<height>2000</height>
		<depth>3</depth>
	</size>
	<object>
		<name>ref_spoon</name>
		<bndbox>
			<xmin>791</xmin>
			<ymin>1631</ymin>
			<xmax>1113</xmax>
			<ymax>1838</ymax>
		</bndbox>
	</object>
	<object>
		<name>ref_fork</name>
		<bndbox>
			<xmin>887</xmin>
			<ymin>1396</ymin>
			<xmax>1225</xmax>
			<ymax>1539</ymax>
		</bndbox>
	</object>
	<object>
		<name>ref_coin</name>
		<bndbox>
			<xmin>1902</xmin>
			<ymin>1006</ymin>
			<xmax>2050</xmax>
			<ymax>1154</ymax>
		</bndbox>
	</object>
	<object>
		<name>dish</name>
		<bndbox>
			<xmin>896</xmin>
			<ymin>172</ymin>
			<xmax>1909</xmax>
			<ymax>1290</ymax>
		</bndbox>
	</object>
	<object>
		<name>돈가스</name>
		<bndbox>
			<xmin>1007</xmin>
			<ymin>630</ymin>
			<xmax>1333</xmax>
			<ymax>1022</ymax>
		</bndbox>
	</object>
</annotation>