<annotation>
	<folder>top어육류정형사각배달돈가스q1</folder>
	<filename>top_어육류정형_사각배달_돈가스_Q1_00055.JPG</filename>
	<path>/top어육류정형사각배달돈가스q1/top_어육류정형_사각배달_돈가스_Q1_00055.JPG</path>
	<source>
		<database>fooddata</database>
	</source>
	<size>
		<width>3008</width>
		<height>2000</height>
		<depth>3</depth>
	</size>
	<object>
		<name>ref_spoon</name>
		<bndbox>
			<xmin>278</xmin>
			<ymin>298</ymin>
			<xmax>532</xmax>
			<ymax>682</ymax>
		</bndbox>
	</object>
	<object>
		<name>ref_fork</name>
		<bndbox>
			<xmin>617</xmin>
			<ymin>400</ymin>
			<xmax>795</xmax>
			<ymax>813</ymax>
		</bndbox>
	</object>
	<object>
		<name>ref_coin</name>
		<bndbox>
			<xmin>1397</xmin>
			<ymin>172</ymin>
			<xmax>1576</xmax>
			<ymax>348</ymax>
		</bndbox>
	</object>
	<object>
		<name>dish</name>
		<bndbox>
			<xmin>831</xmin>
			<ymin>437</ymin>
			<xmax>1855</xmax>
			<ymax>1760</ymax>
		</bndbox>
	</object>
	<object>
		<name>돈가스</name>
		<bndbox>
			<xmin>1178</xmin>
			<ymin>933</ymin>
			<xmax>1641</xmax>
			<ymax>1344</ymax>
		</bndbox>
	</object>
</annotation>