<annotation>
	<folder>side생선조림사각배달꽁치조림q1</folder>
	<filename>side_생선조림_사각배달_꽁치조림_Q1_00006.JPG</filename>
	<path>/side생선조림사각배달꽁치조림q1/side_생선조림_사각배달_꽁치조림_Q1_00006.JPG</path>
	<source>
		<database>fooddata</database>
	</source>
	<size>
		<width>3008</width>
		<height>2000</height>
		<depth>3</depth>
	</size>
	<object>
		<name>ref_spoon</name>
		<bndbox>
			<xmin>1912</xmin>
			<ymin>374</ymin>
			<xmax>2183</xmax>
			<ymax>712</ymax>
		</bndbox>
	</object>
	<object>
		<name>ref_fork</name>
		<bndbox>
			<xmin>2369</xmin>
			<ymin>388</ymin>
			<xmax>2564</xmax>
			<ymax>791</ymax>
		</bndbox>
	</object>
	<object>
		<name>ref_coin</name>
		<bndbox>
			<xmin>1029</xmin>
			<ymin>1510</ymin>
			<xmax>1251</xmax>
			<ymax>1665</ymax>
		</bndbox>
	</object>
	<object>
		<name>dish</name>
		<bndbox>
			<xmin>146</xmin>
			<ymin>170</ymin>
			<xmax>1744</xmax>
			<ymax>1200</ymax>
		</bndbox>
	</object>
	<object>
		<name>꽁치조림</name>
		<bndbox>
			<xmin>728</xmin>
			<ymin>490</ymin>
			<xmax>1526</xmax>
			<ymax>845</ymax>
		</bndbox>
	</object>
</annotation>