<annotation>
	<folder>side생선조림사각배달꽁치조림q1</folder>
	<filename>side_생선조림_사각배달_꽁치조림_Q1_00028.JPG</filename>
	<path>/side생선조림사각배달꽁치조림q1/side_생선조림_사각배달_꽁치조림_Q1_00028.JPG</path>
	<source>
		<database>fooddata</database>
	</source>
	<size>
		<width>3008</width>
		<height>2000</height>
		<depth>3</depth>
	</size>
	<object>
		<name>ref_spoon</name>
		<bndbox>
			<xmin>688</xmin>
			<ymin>1492</ymin>
			<xmax>1140</xmax>
			<ymax>1723</ymax>
		</bndbox>
	</object>
	<object>
		<name>ref_fork</name>
		<bndbox>
			<xmin>763</xmin>
			<ymin>1275</ymin>
			<xmax>1251</xmax>
			<ymax>1479</ymax>
		</bndbox>
	</object>
	<object>
		<name>ref_coin</name>
		<bndbox>
			<xmin>2542</xmin>
			<ymin>1044</ymin>
			<xmax>2746</xmax>
			<ymax>1191</ymax>
		</bndbox>
	</object>
	<object>
		<name>dish</name>
		<bndbox>
			<xmin>754</xmin>
			<ymin>179</ymin>
			<xmax>2192</xmax>
			<ymax>996</ymax>
		</bndbox>
	</object>
	<object>
		<name>꽁치조림</name>
		<bndbox>
			<xmin>1260</xmin>
			<ymin>587</ymin>
			<xmax>1761</xmax>
			<ymax>707</ymax>
		</bndbox>
	</object>
</annotation>