<annotation>
	<folder>side생선조림사각배달꽁치조림q1</folder>
	<filename>side_생선조림_사각배달_꽁치조림_Q1_00008.JPG</filename>
	<path>/side생선조림사각배달꽁치조림q1/side_생선조림_사각배달_꽁치조림_Q1_00008.JPG</path>
	<source>
		<database>fooddata</database>
	</source>
	<size>
		<width>3008</width>
		<height>2000</height>
		<depth>3</depth>
	</size>
	<object>
		<name>ref_spoon</name>
		<bndbox>
			<xmin>1961</xmin>
			<ymin>428</ymin>
			<xmax>2236</xmax>
			<ymax>765</ymax>
		</bndbox>
	</object>
	<object>
		<name>ref_fork</name>
		<bndbox>
			<xmin>2422</xmin>
			<ymin>432</ymin>
			<xmax>2626</xmax>
			<ymax>831</ymax>
		</bndbox>
	</object>
	<object>
		<name>ref_coin</name>
		<bndbox>
			<xmin>1677</xmin>
			<ymin>1430</ymin>
			<xmax>1894</xmax>
			<ymax>1586</ymax>
		</bndbox>
	</object>
	<object>
		<name>dish</name>
		<bndbox>
			<xmin>399</xmin>
			<ymin>201</ymin>
			<xmax>1539</xmax>
			<ymax>1346</ymax>
		</bndbox>
	</object>
	<object>
		<name>꽁치조림</name>
		<bndbox>
			<xmin>670</xmin>
			<ymin>632</ymin>
			<xmax>1429</xmax>
			<ymax>911</ymax>
		</bndbox>
	</object>
</annotation>