<annotation>
	<folder>side생선조림사각배달꽁치조림q1</folder>
	<filename>side_생선조림_사각배달_꽁치조림_Q1_00055.JPG</filename>
	<path>/side생선조림사각배달꽁치조림q1/side_생선조림_사각배달_꽁치조림_Q1_00055.JPG</path>
	<source>
		<database>fooddata</database>
	</source>
	<size>
		<width>3008</width>
		<height>2000</height>
		<depth>3</depth>
	</size>
	<object>
		<name>ref_spoon</name>
		<bndbox>
			<xmin>262</xmin>
			<ymin>543</ymin>
			<xmax>559</xmax>
			<ymax>916</ymax>
		</bndbox>
	</object>
	<object>
		<name>ref_fork</name>
		<bndbox>
			<xmin>697</xmin>
			<ymin>539</ymin>
			<xmax>887</xmax>
			<ymax>965</ymax>
		</bndbox>
	</object>
	<object>
		<name>ref_coin</name>
		<bndbox>
			<xmin>2516</xmin>
			<ymin>1626</ymin>
			<xmax>2764</xmax>
			<ymax>1799</ymax>
		</bndbox>
	</object>
	<object>
		<name>dish</name>
		<bndbox>
			<xmin>1051</xmin>
			<ymin>339</ymin>
			<xmax>2276</xmax>
			<ymax>1626</ymax>
		</bndbox>
	</object>
	<object>
		<name>꽁치조림</name>
		<bndbox>
			<xmin>1420</xmin>
			<ymin>694</ymin>
			<xmax>1943</xmax>
			<ymax>1302</ymax>
		</bndbox>
	</object>
</annotation>