<annotation>
	<folder>side생선조림사각배달꽁치조림q1</folder>
	<filename>side_생선조림_사각배달_꽁치조림_Q1_00023.JPG</filename>
	<path>/side생선조림사각배달꽁치조림q1/side_생선조림_사각배달_꽁치조림_Q1_00023.JPG</path>
	<source>
		<database>fooddata</database>
	</source>
	<size>
		<width>3008</width>
		<height>2000</height>
		<depth>3</depth>
	</size>
	<object>
		<name>ref_spoon</name>
		<bndbox>
			<xmin>741</xmin>
			<ymin>1599</ymin>
			<xmax>1202</xmax>
			<ymax>1852</ymax>
		</bndbox>
	</object>
	<object>
		<name>ref_fork</name>
		<bndbox>
			<xmin>830</xmin>
			<ymin>1377</ymin>
			<xmax>1318</xmax>
			<ymax>1599</ymax>
		</bndbox>
	</object>
	<object>
		<name>ref_coin</name>
		<bndbox>
			<xmin>1429</xmin>
			<ymin>91</ymin>
			<xmax>1588</xmax>
			<ymax>193</ymax>
		</bndbox>
	</object>
	<object>
		<name>dish</name>
		<bndbox>
			<xmin>1118</xmin>
			<ymin>286</ymin>
			<xmax>2174</xmax>
			<ymax>1337</ymax>
		</bndbox>
	</object>
	<object>
		<name>꽁치조림</name>
		<bndbox>
			<xmin>1398</xmin>
			<ymin>787</ymin>
			<xmax>1934</xmax>
			<ymax>1071</ymax>
		</bndbox>
	</object>
</annotation>