<annotation>
	<folder>side생선조림사각배달꽁치조림q1</folder>
	<filename>side_생선조림_사각배달_꽁치조림_Q1_00050.JPG</filename>
	<path>/side생선조림사각배달꽁치조림q1/side_생선조림_사각배달_꽁치조림_Q1_00050.JPG</path>
	<source>
		<database>fooddata</database>
	</source>
	<size>
		<width>3008</width>
		<height>2000</height>
		<depth>3</depth>
	</size>
	<object>
		<name>ref_spoon</name>
		<bndbox>
			<xmin>430</xmin>
			<ymin>623</ymin>
			<xmax>719</xmax>
			<ymax>996</ymax>
		</bndbox>
	</object>
	<object>
		<name>ref_fork</name>
		<bndbox>
			<xmin>856</xmin>
			<ymin>610</ymin>
			<xmax>1056</xmax>
			<ymax>1040</ymax>
		</bndbox>
	</object>
	<object>
		<name>ref_coin</name>
		<bndbox>
			<xmin>49</xmin>
			<ymin>1492</ymin>
			<xmax>275</xmax>
			<ymax>1661</ymax>
		</bndbox>
	</object>
	<object>
		<name>dish</name>
		<bndbox>
			<xmin>1193</xmin>
			<ymin>397</ymin>
			<xmax>2445</xmax>
			<ymax>1697</ymax>
		</bndbox>
	</object>
	<object>
		<name>꽁치조림</name>
		<bndbox>
			<xmin>1602</xmin>
			<ymin>765</ymin>
			<xmax>2245</xmax>
			<ymax>1333</ymax>
		</bndbox>
	</object>
</annotation>