<annotation>
	<folder>top생선조림사각배달꽁치조림q1</folder>
	<filename>top_생선조림_사각배달_꽁치조림_Q1_00039.JPG</filename>
	<path>/top생선조림사각배달꽁치조림q1/top_생선조림_사각배달_꽁치조림_Q1_00039.JPG</path>
	<source>
		<database>fooddata</database>
	</source>
	<size>
		<width>3008</width>
		<height>2000</height>
		<depth>3</depth>
	</size>
	<object>
		<name>ref_spoon</name>
		<bndbox>
			<xmin>420</xmin>
			<ymin>280</ymin>
			<xmax>689</xmax>
			<ymax>686</ymax>
		</bndbox>
	</object>
	<object>
		<name>ref_fork</name>
		<bndbox>
			<xmin>774</xmin>
			<ymin>403</ymin>
			<xmax>965</xmax>
			<ymax>848</ymax>
		</bndbox>
	</object>
	<object>
		<name>ref_coin</name>
		<bndbox>
			<xmin>2166</xmin>
			<ymin>1421</ymin>
			<xmax>2362</xmax>
			<ymax>1617</ymax>
		</bndbox>
	</object>
	<object>
		<name>dish</name>
		<bndbox>
			<xmin>990</xmin>
			<ymin>275</ymin>
			<xmax>2107</xmax>
			<ymax>1684</ymax>
		</bndbox>
	</object>
	<object>
		<name>꽁치조림</name>
		<bndbox>
			<xmin>1225</xmin>
			<ymin>475</ymin>
			<xmax>1856</xmax>
			<ymax>1461</ymax>
		</bndbox>
	</object>
</annotation>