<annotation>
	<folder>top생선조림사각배달꽁치조림q1</folder>
	<filename>top_생선조림_사각배달_꽁치조림_Q1_00001.JPG</filename>
	<path>/top생선조림사각배달꽁치조림q1/top_생선조림_사각배달_꽁치조림_Q1_00001.JPG</path>
	<source>
		<database>fooddata</database>
	</source>
	<size>
		<width>3008</width>
		<height>2000</height>
		<depth>3</depth>
	</size>
	<object>
		<name>ref_spoon</name>
		<bndbox>
			<xmin>2094</xmin>
			<ymin>340</ymin>
			<xmax>2371</xmax>
			<ymax>744</ymax>
		</bndbox>
	</object>
	<object>
		<name>ref_fork</name>
		<bndbox>
			<xmin>2494</xmin>
			<ymin>388</ymin>
			<xmax>2694</xmax>
			<ymax>824</ymax>
		</bndbox>
	</object>
	<object>
		<name>ref_coin</name>
		<bndbox>
			<xmin>1594</xmin>
			<ymin>1544</ymin>
			<xmax>1788</xmax>
			<ymax>1740</ymax>
		</bndbox>
	</object>
	<object>
		<name>dish</name>
		<bndbox>
			<xmin>441</xmin>
			<ymin>401</ymin>
			<xmax>1868</xmax>
			<ymax>1424</ymax>
		</bndbox>
	</object>
	<object>
		<name>꽁치조림</name>
		<bndbox>
			<xmin>970</xmin>
			<ymin>701</ymin>
			<xmax>1514</xmax>
			<ymax>1240</ymax>
		</bndbox>
	</object>
</annotation>