<annotation>
	<folder>top생선조림사각배달꽁치조림q1</folder>
	<filename>top_생선조림_사각배달_꽁치조림_Q1_00032.JPG</filename>
	<path>/top생선조림사각배달꽁치조림q1/top_생선조림_사각배달_꽁치조림_Q1_00032.JPG</path>
	<source>
		<database>fooddata</database>
	</source>
	<size>
		<width>3008</width>
		<height>2000</height>
		<depth>3</depth>
	</size>
	<object>
		<name>ref_spoon</name>
		<bndbox>
			<xmin>735</xmin>
			<ymin>1681</ymin>
			<xmax>1099</xmax>
			<ymax>1916</ymax>
		</bndbox>
	</object>
	<object>
		<name>ref_fork</name>
		<bndbox>
			<xmin>779</xmin>
			<ymin>1449</ymin>
			<xmax>1158</xmax>
			<ymax>1614</ymax>
		</bndbox>
	</object>
	<object>
		<name>ref_coin</name>
		<bndbox>
			<xmin>1540</xmin>
			<ymin>162</ymin>
			<xmax>1710</xmax>
			<ymax>329</ymax>
		</bndbox>
	</object>
	<object>
		<name>dish</name>
		<bndbox>
			<xmin>824</xmin>
			<ymin>454</ymin>
			<xmax>2048</xmax>
			<ymax>1343</ymax>
		</bndbox>
	</object>
	<object>
		<name>꽁치조림</name>
		<bndbox>
			<xmin>1039</xmin>
			<ymin>686</ymin>
			<xmax>1759</xmax>
			<ymax>1132</ymax>
		</bndbox>
	</object>
</annotation>