<annotation>
	<folder>top생선조림사각배달꽁치조림q1</folder>
	<filename>top_생선조림_사각배달_꽁치조림_Q1_00006.JPG</filename>
	<path>/top생선조림사각배달꽁치조림q1/top_생선조림_사각배달_꽁치조림_Q1_00006.JPG</path>
	<source>
		<database>fooddata</database>
	</source>
	<size>
		<width>3008</width>
		<height>2000</height>
		<depth>3</depth>
	</size>
	<object>
		<name>ref_spoon</name>
		<bndbox>
			<xmin>2170</xmin>
			<ymin>383</ymin>
			<xmax>2441</xmax>
			<ymax>794</ymax>
		</bndbox>
	</object>
	<object>
		<name>ref_fork</name>
		<bndbox>
			<xmin>2562</xmin>
			<ymin>437</ymin>
			<xmax>2763</xmax>
			<ymax>873</ymax>
		</bndbox>
	</object>
	<object>
		<name>ref_coin</name>
		<bndbox>
			<xmin>421</xmin>
			<ymin>745</ymin>
			<xmax>607</xmax>
			<ymax>941</ymax>
		</bndbox>
	</object>
	<object>
		<name>dish</name>
		<bndbox>
			<xmin>565</xmin>
			<ymin>337</ymin>
			<xmax>1930</xmax>
			<ymax>1795</ymax>
		</bndbox>
	</object>
	<object>
		<name>꽁치조림</name>
		<bndbox>
			<xmin>936</xmin>
			<ymin>882</ymin>
			<xmax>1509</xmax>
			<ymax>1441</ymax>
		</bndbox>
	</object>
</annotation>