<annotation>
	<folder>top생선조림사각배달꽁치조림q1</folder>
	<filename>top_생선조림_사각배달_꽁치조림_Q1_00004.JPG</filename>
	<path>/top생선조림사각배달꽁치조림q1/top_생선조림_사각배달_꽁치조림_Q1_00004.JPG</path>
	<source>
		<database>fooddata</database>
	</source>
	<size>
		<width>3008</width>
		<height>2000</height>
		<depth>3</depth>
	</size>
	<object>
		<name>ref_spoon</name>
		<bndbox>
			<xmin>2111</xmin>
			<ymin>397</ymin>
			<xmax>2386</xmax>
			<ymax>799</ymax>
		</bndbox>
	</object>
	<object>
		<name>ref_fork</name>
		<bndbox>
			<xmin>2507</xmin>
			<ymin>442</ymin>
			<xmax>2694</xmax>
			<ymax>887</ymax>
		</bndbox>
	</object>
	<object>
		<name>ref_coin</name>
		<bndbox>
			<xmin>502</xmin>
			<ymin>1389</ymin>
			<xmax>696</xmax>
			<ymax>1583</ymax>
		</bndbox>
	</object>
	<object>
		<name>dish</name>
		<bndbox>
			<xmin>705</xmin>
			<ymin>275</ymin>
			<xmax>1758</xmax>
			<ymax>1661</ymax>
		</bndbox>
	</object>
	<object>
		<name>꽁치조림</name>
		<bndbox>
			<xmin>955</xmin>
			<ymin>833</ymin>
			<xmax>1499</xmax>
			<ymax>1382</ymax>
		</bndbox>
	</object>
</annotation>