<annotation>
	<folder>top생선조림사각배달꽁치조림q1</folder>
	<filename>top_생선조림_사각배달_꽁치조림_Q1_00010.JPG</filename>
	<path>/top생선조림사각배달꽁치조림q1/top_생선조림_사각배달_꽁치조림_Q1_00010.JPG</path>
	<source>
		<database>fooddata</database>
	</source>
	<size>
		<width>3008</width>
		<height>2000</height>
		<depth>3</depth>
	</size>
	<object>
		<name>ref_spoon</name>
		<bndbox>
			<xmin>2180</xmin>
			<ymin>427</ymin>
			<xmax>2450</xmax>
			<ymax>825</ymax>
		</bndbox>
	</object>
	<object>
		<name>ref_fork</name>
		<bndbox>
			<xmin>2572</xmin>
			<ymin>478</ymin>
			<xmax>2768</xmax>
			<ymax>927</ymax>
		</bndbox>
	</object>
	<object>
		<name>ref_coin</name>
		<bndbox>
			<xmin>1581</xmin>
			<ymin>451</ymin>
			<xmax>1769</xmax>
			<ymax>634</ymax>
		</bndbox>
	</object>
	<object>
		<name>dish</name>
		<bndbox>
			<xmin>328</xmin>
			<ymin>245</ymin>
			<xmax>1598</xmax>
			<ymax>1691</ymax>
		</bndbox>
	</object>
	<object>
		<name>꽁치조림</name>
		<bndbox>
			<xmin>701</xmin>
			<ymin>633</ymin>
			<xmax>1279</xmax>
			<ymax>1196</ymax>
		</bndbox>
	</object>
</annotation>