<annotation>
	<folder>top생선조림사각배달꽁치조림q1</folder>
	<filename>top_생선조림_사각배달_꽁치조림_Q1_00046.JPG</filename>
	<path>/top생선조림사각배달꽁치조림q1/top_생선조림_사각배달_꽁치조림_Q1_00046.JPG</path>
	<source>
		<database>fooddata</database>
	</source>
	<size>
		<width>3008</width>
		<height>2000</height>
		<depth>3</depth>
	</size>
	<object>
		<name>ref_spoon</name>
		<bndbox>
			<xmin>679</xmin>
			<ymin>319</ymin>
			<xmax>917</xmax>
			<ymax>672</ymax>
		</bndbox>
	</object>
	<object>
		<name>ref_fork</name>
		<bndbox>
			<xmin>986</xmin>
			<ymin>432</ymin>
			<xmax>1156</xmax>
			<ymax>824</ymax>
		</bndbox>
	</object>
	<object>
		<name>ref_coin</name>
		<bndbox>
			<xmin>384</xmin>
			<ymin>1113</ymin>
			<xmax>558</xmax>
			<ymax>1289</ymax>
		</bndbox>
	</object>
	<object>
		<name>dish</name>
		<bndbox>
			<xmin>1097</xmin>
			<ymin>544</ymin>
			<xmax>2121</xmax>
			<ymax>1808</ymax>
		</bndbox>
	</object>
	<object>
		<name>꽁치조림</name>
		<bndbox>
			<xmin>1303</xmin>
			<ymin>723</ymin>
			<xmax>1842</xmax>
			<ymax>1632</ymax>
		</bndbox>
	</object>
</annotation>