<annotation>
	<folder>top생선조림사각배달꽁치조림q1</folder>
	<filename>top_생선조림_사각배달_꽁치조림_Q1_00028.JPG</filename>
	<path>/top생선조림사각배달꽁치조림q1/top_생선조림_사각배달_꽁치조림_Q1_00028.JPG</path>
	<source>
		<database>fooddata</database>
	</source>
	<size>
		<width>3008</width>
		<height>2000</height>
		<depth>3</depth>
	</size>
	<object>
		<name>ref_spoon</name>
		<bndbox>
			<xmin>750</xmin>
			<ymin>1642</ymin>
			<xmax>1107</xmax>
			<ymax>1877</ymax>
		</bndbox>
	</object>
	<object>
		<name>ref_fork</name>
		<bndbox>
			<xmin>789</xmin>
			<ymin>1416</ymin>
			<xmax>1156</xmax>
			<ymax>1578</ymax>
		</bndbox>
	</object>
	<object>
		<name>ref_coin</name>
		<bndbox>
			<xmin>2102</xmin>
			<ymin>652</ymin>
			<xmax>2273</xmax>
			<ymax>809</ymax>
		</bndbox>
	</object>
	<object>
		<name>dish</name>
		<bndbox>
			<xmin>789</xmin>
			<ymin>162</ymin>
			<xmax>1729</xmax>
			<ymax>1348</ymax>
		</bndbox>
	</object>
	<object>
		<name>꽁치조림</name>
		<bndbox>
			<xmin>1021</xmin>
			<ymin>486</ymin>
			<xmax>1413</xmax>
			<ymax>1230</ymax>
		</bndbox>
	</object>
</annotation>