<annotation>
	<folder>side어육류면적사각배달훈제연어q4</folder>
	<filename>side_어육류면적_사각배달_훈제연어_Q4_00052.JPG</filename>
	<path>/side어육류면적사각배달훈제연어q4/side_어육류면적_사각배달_훈제연어_Q4_00052.JPG</path>
	<source>
		<database>fooddata</database>
	</source>
	<size>
		<width>3008</width>
		<height>2000</height>
		<depth>3</depth>
	</size>
	<object>
		<name>ref_spoon</name>
		<bndbox>
			<xmin>284</xmin>
			<ymin>343</ymin>
			<xmax>617</xmax>
			<ymax>783</ymax>
		</bndbox>
	</object>
	<object>
		<name>ref_fork</name>
		<bndbox>
			<xmin>723</xmin>
			<ymin>343</ymin>
			<xmax>945</xmax>
			<ymax>809</ymax>
		</bndbox>
	</object>
	<object>
		<name>ref_coin</name>
		<bndbox>
			<xmin>2103</xmin>
			<ymin>1563</ymin>
			<xmax>2369</xmax>
			<ymax>1763</ymax>
		</bndbox>
	</object>
	<object>
		<name>dish</name>
		<bndbox>
			<xmin>1233</xmin>
			<ymin>79</ymin>
			<xmax>2507</xmax>
			<ymax>1414</ymax>
		</bndbox>
	</object>
	<object>
		<name>훈제연어</name>
		<bndbox>
			<xmin>1383</xmin>
			<ymin>471</ymin>
			<xmax>2322</xmax>
			<ymax>1118</ymax>
		</bndbox>
	</object>
</annotation>