<annotation>
	<folder>side어육류면적사각배달훈제연어q4</folder>
	<filename>side_어육류면적_사각배달_훈제연어_Q4_00007.JPG</filename>
	<path>/side어육류면적사각배달훈제연어q4/side_어육류면적_사각배달_훈제연어_Q4_00007.JPG</path>
	<source>
		<database>fooddata</database>
	</source>
	<size>
		<width>3008</width>
		<height>2000</height>
		<depth>3</depth>
	</size>
	<object>
		<name>ref_spoon</name>
		<bndbox>
			<xmin>2143</xmin>
			<ymin>547</ymin>
			<xmax>2462</xmax>
			<ymax>938</ymax>
		</bndbox>
	</object>
	<object>
		<name>ref_fork</name>
		<bndbox>
			<xmin>2591</xmin>
			<ymin>547</ymin>
			<xmax>2808</xmax>
			<ymax>982</ymax>
		</bndbox>
	</object>
	<object>
		<name>ref_coin</name>
		<bndbox>
			<xmin>1628</xmin>
			<ymin>694</ymin>
			<xmax>1859</xmax>
			<ymax>854</ymax>
		</bndbox>
	</object>
	<object>
		<name>dish</name>
		<bndbox>
			<xmin>253</xmin>
			<ymin>308</ymin>
			<xmax>1504</xmax>
			<ymax>1595</ymax>
		</bndbox>
	</object>
	<object>
		<name>훈제연어</name>
		<bndbox>
			<xmin>470</xmin>
			<ymin>703</ymin>
			<xmax>1371</xmax>
			<ymax>1284</ymax>
		</bndbox>
	</object>
</annotation>