<annotation>
	<folder>side어육류면적사각배달훈제연어q4</folder>
	<filename>side_어육류면적_사각배달_훈제연어_Q4_00015.JPG</filename>
	<path>/side어육류면적사각배달훈제연어q4/side_어육류면적_사각배달_훈제연어_Q4_00015.JPG</path>
	<source>
		<database>fooddata</database>
	</source>
	<size>
		<width>3008</width>
		<height>2000</height>
		<depth>3</depth>
	</size>
	<object>
		<name>ref_spoon</name>
		<bndbox>
			<xmin>2227</xmin>
			<ymin>414</ymin>
			<xmax>2542</xmax>
			<ymax>818</ymax>
		</bndbox>
	</object>
	<object>
		<name>ref_fork</name>
		<bndbox>
			<xmin>2684</xmin>
			<ymin>419</ymin>
			<xmax>2919</xmax>
			<ymax>885</ymax>
		</bndbox>
	</object>
	<object>
		<name>ref_coin</name>
		<bndbox>
			<xmin>129</xmin>
			<ymin>734</ymin>
			<xmax>382</xmax>
			<ymax>911</ymax>
		</bndbox>
	</object>
	<object>
		<name>dish</name>
		<bndbox>
			<xmin>524</xmin>
			<ymin>272</ymin>
			<xmax>2187</xmax>
			<ymax>1732</ymax>
		</bndbox>
	</object>
	<object>
		<name>훈제연어</name>
		<bndbox>
			<xmin>825</xmin>
			<ymin>774</ymin>
			<xmax>1854</xmax>
			<ymax>1408</ymax>
		</bndbox>
	</object>
</annotation>