<annotation>
	<folder>side어육류면적사각배달훈제연어q4</folder>
	<filename>side_어육류면적_사각배달_훈제연어_Q4_00002.JPG</filename>
	<path>/side어육류면적사각배달훈제연어q4/side_어육류면적_사각배달_훈제연어_Q4_00002.JPG</path>
	<source>
		<database>fooddata</database>
	</source>
	<size>
		<width>3008</width>
		<height>2000</height>
		<depth>3</depth>
	</size>
	<object>
		<name>ref_spoon</name>
		<bndbox>
			<xmin>2192</xmin>
			<ymin>441</ymin>
			<xmax>2484</xmax>
			<ymax>823</ymax>
		</bndbox>
	</object>
	<object>
		<name>ref_fork</name>
		<bndbox>
			<xmin>2604</xmin>
			<ymin>459</ymin>
			<xmax>2822</xmax>
			<ymax>880</ymax>
		</bndbox>
	</object>
	<object>
		<name>ref_coin</name>
		<bndbox>
			<xmin>138</xmin>
			<ymin>1062</ymin>
			<xmax>382</xmax>
			<ymax>1244</ymax>
		</bndbox>
	</object>
	<object>
		<name>dish</name>
		<bndbox>
			<xmin>768</xmin>
			<ymin>326</ymin>
			<xmax>1996</xmax>
			<ymax>1612</ymax>
		</bndbox>
	</object>
	<object>
		<name>훈제연어</name>
		<bndbox>
			<xmin>935</xmin>
			<ymin>718</ymin>
			<xmax>1713</xmax>
			<ymax>1332</ymax>
		</bndbox>
	</object>
</annotation>