<annotation>
	<folder>side어육류면적사각배달훈제연어q4</folder>
	<filename>side_어육류면적_사각배달_훈제연어_Q4_00035.JPG</filename>
	<path>/side어육류면적사각배달훈제연어q4/side_어육류면적_사각배달_훈제연어_Q4_00035.JPG</path>
	<source>
		<database>fooddata</database>
	</source>
	<size>
		<width>3008</width>
		<height>2000</height>
		<depth>3</depth>
	</size>
	<object>
		<name>ref_spoon</name>
		<bndbox>
			<xmin>235</xmin>
			<ymin>388</ymin>
			<xmax>550</xmax>
			<ymax>800</ymax>
		</bndbox>
	</object>
	<object>
		<name>ref_fork</name>
		<bndbox>
			<xmin>643</xmin>
			<ymin>383</ymin>
			<xmax>852</xmax>
			<ymax>823</ymax>
		</bndbox>
	</object>
	<object>
		<name>ref_coin</name>
		<bndbox>
			<xmin>1171</xmin>
			<ymin>1608</ymin>
			<xmax>1424</xmax>
			<ymax>1803</ymax>
		</bndbox>
	</object>
	<object>
		<name>dish</name>
		<bndbox>
			<xmin>1189</xmin>
			<ymin>166</ymin>
			<xmax>2400</xmax>
			<ymax>1421</ymax>
		</bndbox>
	</object>
	<object>
		<name>훈제연어</name>
		<bndbox>
			<xmin>1335</xmin>
			<ymin>503</ymin>
			<xmax>2223</xmax>
			<ymax>1146</ymax>
		</bndbox>
	</object>
</annotation>