<annotation>
	<folder>side어육류면적사각배달훈제연어q4</folder>
	<filename>side_어육류면적_사각배달_훈제연어_Q4_00020.JPG</filename>
	<path>/side어육류면적사각배달훈제연어q4/side_어육류면적_사각배달_훈제연어_Q4_00020.JPG</path>
	<source>
		<database>fooddata</database>
	</source>
	<size>
		<width>3008</width>
		<height>2000</height>
		<depth>3</depth>
	</size>
	<object>
		<name>ref_spoon</name>
		<bndbox>
			<xmin>661</xmin>
			<ymin>1639</ymin>
			<xmax>1162</xmax>
			<ymax>1918</ymax>
		</bndbox>
	</object>
	<object>
		<name>ref_fork</name>
		<bndbox>
			<xmin>714</xmin>
			<ymin>1373</ymin>
			<xmax>1264</xmax>
			<ymax>1617</ymax>
		</bndbox>
	</object>
	<object>
		<name>ref_coin</name>
		<bndbox>
			<xmin>2196</xmin>
			<ymin>601</ymin>
			<xmax>2400</xmax>
			<ymax>752</ymax>
		</bndbox>
	</object>
	<object>
		<name>dish</name>
		<bndbox>
			<xmin>816</xmin>
			<ymin>46</ymin>
			<xmax>2178</xmax>
			<ymax>1231</ymax>
		</bndbox>
	</object>
	<object>
		<name>훈제연어</name>
		<bndbox>
			<xmin>1043</xmin>
			<ymin>388</ymin>
			<xmax>1917</xmax>
			<ymax>951</ymax>
		</bndbox>
	</object>
</annotation>