<annotation>
	<folder>top어육류면적사각배달훈제연어q4</folder>
	<filename>top_어육류면적_사각배달_훈제연어_Q4_00037.JPG</filename>
	<path>/top어육류면적사각배달훈제연어q4/top_어육류면적_사각배달_훈제연어_Q4_00037.JPG</path>
	<source>
		<database>fooddata</database>
	</source>
	<size>
		<width>3008</width>
		<height>2000</height>
		<depth>3</depth>
	</size>
	<object>
		<name>ref_spoon</name>
		<bndbox>
			<xmin>339</xmin>
			<ymin>291</ymin>
			<xmax>621</xmax>
			<ymax>700</ymax>
		</bndbox>
	</object>
	<object>
		<name>ref_fork</name>
		<bndbox>
			<xmin>706</xmin>
			<ymin>360</ymin>
			<xmax>894</xmax>
			<ymax>804</ymax>
		</bndbox>
	</object>
	<object>
		<name>ref_coin</name>
		<bndbox>
			<xmin>1145</xmin>
			<ymin>1751</ymin>
			<xmax>1343</xmax>
			<ymax>1953</ymax>
		</bndbox>
	</object>
	<object>
		<name>dish</name>
		<bndbox>
			<xmin>1138</xmin>
			<ymin>115</ymin>
			<xmax>2224</xmax>
			<ymax>1600</ymax>
		</bndbox>
	</object>
	<object>
		<name>훈제연어</name>
		<bndbox>
			<xmin>1270</xmin>
			<ymin>484</ymin>
			<xmax>2060</xmax>
			<ymax>1455</ymax>
		</bndbox>
	</object>
</annotation>