<annotation>
	<folder>top어육류면적사각배달훈제연어q4</folder>
	<filename>top_어육류면적_사각배달_훈제연어_Q4_00002.JPG</filename>
	<path>/top어육류면적사각배달훈제연어q4/top_어육류면적_사각배달_훈제연어_Q4_00002.JPG</path>
	<source>
		<database>fooddata</database>
	</source>
	<size>
		<width>3008</width>
		<height>2000</height>
		<depth>3</depth>
	</size>
	<object>
		<name>ref_spoon</name>
		<bndbox>
			<xmin>1712</xmin>
			<ymin>230</ymin>
			<xmax>1977</xmax>
			<ymax>630</ymax>
		</bndbox>
	</object>
	<object>
		<name>ref_fork</name>
		<bndbox>
			<xmin>2097</xmin>
			<ymin>251</ymin>
			<xmax>2278</xmax>
			<ymax>689</ymax>
		</bndbox>
	</object>
	<object>
		<name>ref_coin</name>
		<bndbox>
			<xmin>1221</xmin>
			<ymin>139</ymin>
			<xmax>1404</xmax>
			<ymax>322</ymax>
		</bndbox>
	</object>
	<object>
		<name>dish</name>
		<bndbox>
			<xmin>537</xmin>
			<ymin>468</ymin>
			<xmax>1604</xmax>
			<ymax>1922</ymax>
		</bndbox>
	</object>
	<object>
		<name>훈제연어</name>
		<bndbox>
			<xmin>711</xmin>
			<ymin>625</ymin>
			<xmax>1467</xmax>
			<ymax>1767</ymax>
		</bndbox>
	</object>
</annotation>