<annotation>
	<folder>top어육류면적사각배달훈제연어q4</folder>
	<filename>top_어육류면적_사각배달_훈제연어_Q4_00009.JPG</filename>
	<path>/top어육류면적사각배달훈제연어q4/top_어육류면적_사각배달_훈제연어_Q4_00009.JPG</path>
	<source>
		<database>fooddata</database>
	</source>
	<size>
		<width>3008</width>
		<height>2000</height>
		<depth>3</depth>
	</size>
	<object>
		<name>ref_spoon</name>
		<bndbox>
			<xmin>1794</xmin>
			<ymin>216</ymin>
			<xmax>2062</xmax>
			<ymax>609</ymax>
		</bndbox>
	</object>
	<object>
		<name>ref_fork</name>
		<bndbox>
			<xmin>2189</xmin>
			<ymin>221</ymin>
			<xmax>2370</xmax>
			<ymax>670</ymax>
		</bndbox>
	</object>
	<object>
		<name>ref_coin</name>
		<bndbox>
			<xmin>668</xmin>
			<ymin>1770</ymin>
			<xmax>866</xmax>
			<ymax>1965</ymax>
		</bndbox>
	</object>
	<object>
		<name>dish</name>
		<bndbox>
			<xmin>614</xmin>
			<ymin>259</ymin>
			<xmax>1677</xmax>
			<ymax>1709</ymax>
		</bndbox>
	</object>
	<object>
		<name>훈제연어</name>
		<bndbox>
			<xmin>793</xmin>
			<ymin>477</ymin>
			<xmax>1561</xmax>
			<ymax>1605</ymax>
		</bndbox>
	</object>
</annotation>