<annotation>
	<folder>top어육류면적사각배달훈제연어q4</folder>
	<filename>top_어육류면적_사각배달_훈제연어_Q4_00023.JPG</filename>
	<path>/top어육류면적사각배달훈제연어q4/top_어육류면적_사각배달_훈제연어_Q4_00023.JPG</path>
	<source>
		<database>fooddata</database>
	</source>
	<size>
		<width>3008</width>
		<height>2000</height>
		<depth>3</depth>
	</size>
	<object>
		<name>ref_spoon</name>
		<bndbox>
			<xmin>755</xmin>
			<ymin>1692</ymin>
			<xmax>1096</xmax>
			<ymax>1925</ymax>
		</bndbox>
	</object>
	<object>
		<name>ref_fork</name>
		<bndbox>
			<xmin>800</xmin>
			<ymin>1452</ymin>
			<xmax>1157</xmax>
			<ymax>1610</ymax>
		</bndbox>
	</object>
	<object>
		<name>ref_coin</name>
		<bndbox>
			<xmin>539</xmin>
			<ymin>559</ymin>
			<xmax>701</xmax>
			<ymax>714</ymax>
		</bndbox>
	</object>
	<object>
		<name>dish</name>
		<bndbox>
			<xmin>854</xmin>
			<ymin>181</ymin>
			<xmax>1987</xmax>
			<ymax>1415</ymax>
		</bndbox>
	</object>
	<object>
		<name>훈제연어</name>
		<bndbox>
			<xmin>1002</xmin>
			<ymin>416</ymin>
			<xmax>1808</xmax>
			<ymax>1159</ymax>
		</bndbox>
	</object>
</annotation>