<annotation>
	<folder>top어육류면적사각배달훈제연어q4</folder>
	<filename>top_어육류면적_사각배달_훈제연어_Q4_00001.JPG</filename>
	<path>/top어육류면적사각배달훈제연어q4/top_어육류면적_사각배달_훈제연어_Q4_00001.JPG</path>
	<source>
		<database>fooddata</database>
	</source>
	<size>
		<width>3008</width>
		<height>2000</height>
		<depth>3</depth>
	</size>
	<object>
		<name>ref_spoon</name>
		<bndbox>
			<xmin>504</xmin>
			<ymin>526</ymin>
			<xmax>784</xmax>
			<ymax>926</ymax>
		</bndbox>
	</object>
	<object>
		<name>ref_fork</name>
		<bndbox>
			<xmin>870</xmin>
			<ymin>590</ymin>
			<xmax>1061</xmax>
			<ymax>1039</ymax>
		</bndbox>
	</object>
	<object>
		<name>ref_coin</name>
		<bndbox>
			<xmin>494</xmin>
			<ymin>113</ymin>
			<xmax>685</xmax>
			<ymax>303</ymax>
		</bndbox>
	</object>
	<object>
		<name>dish</name>
		<bndbox>
			<xmin>1251</xmin>
			<ymin>301</ymin>
			<xmax>2384</xmax>
			<ymax>1805</ymax>
		</bndbox>
	</object>
	<object>
		<name>훈제연어</name>
		<bndbox>
			<xmin>1416</xmin>
			<ymin>693</ymin>
			<xmax>2215</xmax>
			<ymax>1624</ymax>
		</bndbox>
	</object>
</annotation>