<annotation>
	<folder>side국물면류뚝배기일식우동q1</folder>
	<filename>side_국물면류_뚝배기_일식우동_Q1_00014.JPG</filename>
	<path>/side국물면류뚝배기일식우동q1/side_국물면류_뚝배기_일식우동_Q1_00014.JPG</path>
	<source>
		<database>fooddata</database>
	</source>
	<size>
		<width>3008</width>
		<height>2000</height>
		<depth>3</depth>
	</size>
	<object>
		<name>ref_spoon</name>
		<bndbox>
			<xmin>1815</xmin>
			<ymin>738</ymin>
			<xmax>2081</xmax>
			<ymax>1058</ymax>
		</bndbox>
	</object>
	<object>
		<name>ref_fork</name>
		<bndbox>
			<xmin>2178</xmin>
			<ymin>765</ymin>
			<xmax>2387</xmax>
			<ymax>1133</ymax>
		</bndbox>
	</object>
	<object>
		<name>ref_coin</name>
		<bndbox>
			<xmin>2671</xmin>
			<ymin>1182</ymin>
			<xmax>2875</xmax>
			<ymax>1328</ymax>
		</bndbox>
	</object>
	<object>
		<name>dish</name>
		<bndbox>
			<xmin>253</xmin>
			<ymin>485</ymin>
			<xmax>1615</xmax>
			<ymax>1621</ymax>
		</bndbox>
	</object>
	<object>
		<name>일식우동</name>
		<bndbox>
			<xmin>426</xmin>
			<ymin>849</ymin>
			<xmax>1477</xmax>
			<ymax>1342</ymax>
		</bndbox>
	</object>
</annotation>