<annotation>
	<folder>side국물면류뚝배기일식우동q1</folder>
	<filename>side_국물면류_뚝배기_일식우동_Q1_00034.JPG</filename>
	<path>/side국물면류뚝배기일식우동q1/side_국물면류_뚝배기_일식우동_Q1_00034.JPG</path>
	<source>
		<database>fooddata</database>
	</source>
	<size>
		<width>3008</width>
		<height>2000</height>
		<depth>3</depth>
	</size>
	<object>
		<name>ref_spoon</name>
		<bndbox>
			<xmin>639</xmin>
			<ymin>1581</ymin>
			<xmax>1051</xmax>
			<ymax>1821</ymax>
		</bndbox>
	</object>
	<object>
		<name>ref_fork</name>
		<bndbox>
			<xmin>697</xmin>
			<ymin>1311</ymin>
			<xmax>1131</xmax>
			<ymax>1532</ymax>
		</bndbox>
	</object>
	<object>
		<name>ref_coin</name>
		<bndbox>
			<xmin>333</xmin>
			<ymin>650</ymin>
			<xmax>528</xmax>
			<ymax>796</ymax>
		</bndbox>
	</object>
	<object>
		<name>dish</name>
		<bndbox>
			<xmin>905</xmin>
			<ymin>99</ymin>
			<xmax>2183</xmax>
			<ymax>1138</ymax>
		</bndbox>
	</object>
	<object>
		<name>일식우동</name>
		<bndbox>
			<xmin>1065</xmin>
			<ymin>419</ymin>
			<xmax>2032</xmax>
			<ymax>898</ymax>
		</bndbox>
	</object>
</annotation>