<annotation>
	<folder>side국물면류뚝배기일식우동q1</folder>
	<filename>side_국물면류_뚝배기_일식우동_Q1_00020.JPG</filename>
	<path>/side국물면류뚝배기일식우동q1/side_국물면류_뚝배기_일식우동_Q1_00020.JPG</path>
	<source>
		<database>fooddata</database>
	</source>
	<size>
		<width>3008</width>
		<height>2000</height>
		<depth>3</depth>
	</size>
	<object>
		<name>ref_spoon</name>
		<bndbox>
			<xmin>679</xmin>
			<ymin>1537</ymin>
			<xmax>1065</xmax>
			<ymax>1799</ymax>
		</bndbox>
	</object>
	<object>
		<name>ref_fork</name>
		<bndbox>
			<xmin>750</xmin>
			<ymin>1288</ymin>
			<xmax>1171</xmax>
			<ymax>1501</ymax>
		</bndbox>
	</object>
	<object>
		<name>ref_coin</name>
		<bndbox>
			<xmin>2107</xmin>
			<ymin>1115</ymin>
			<xmax>2289</xmax>
			<ymax>1257</ymax>
		</bndbox>
	</object>
	<object>
		<name>dish</name>
		<bndbox>
			<xmin>856</xmin>
			<ymin>99</ymin>
			<xmax>2103</xmax>
			<ymax>1142</ymax>
		</bndbox>
	</object>
	<object>
		<name>일식우동</name>
		<bndbox>
			<xmin>1003</xmin>
			<ymin>414</ymin>
			<xmax>1970</xmax>
			<ymax>911</ymax>
		</bndbox>
	</object>
</annotation>