<annotation>
	<folder>side국물면류뚝배기일식우동q1</folder>
	<filename>side_국물면류_뚝배기_일식우동_Q1_00033.JPG</filename>
	<path>/side국물면류뚝배기일식우동q1/side_국물면류_뚝배기_일식우동_Q1_00033.JPG</path>
	<source>
		<database>fooddata</database>
	</source>
	<size>
		<width>3008</width>
		<height>2000</height>
		<depth>3</depth>
	</size>
	<object>
		<name>ref_spoon</name>
		<bndbox>
			<xmin>705</xmin>
			<ymin>1568</ymin>
			<xmax>1136</xmax>
			<ymax>1807</ymax>
		</bndbox>
	</object>
	<object>
		<name>ref_fork</name>
		<bndbox>
			<xmin>768</xmin>
			<ymin>1306</ymin>
			<xmax>1207</xmax>
			<ymax>1519</ymax>
		</bndbox>
	</object>
	<object>
		<name>ref_coin</name>
		<bndbox>
			<xmin>346</xmin>
			<ymin>991</ymin>
			<xmax>528</xmax>
			<ymax>1138</ymax>
		</bndbox>
	</object>
	<object>
		<name>dish</name>
		<bndbox>
			<xmin>998</xmin>
			<ymin>64</ymin>
			<xmax>2249</xmax>
			<ymax>1106</ymax>
		</bndbox>
	</object>
	<object>
		<name>일식우동</name>
		<bndbox>
			<xmin>1136</xmin>
			<ymin>357</ymin>
			<xmax>2099</xmax>
			<ymax>849</ymax>
		</bndbox>
	</object>
</annotation>