<annotation>
	<folder>side국물면류뚝배기일식우동q1</folder>
	<filename>side_국물면류_뚝배기_일식우동_Q1_00007.JPG</filename>
	<path>/side국물면류뚝배기일식우동q1/side_국물면류_뚝배기_일식우동_Q1_00007.JPG</path>
	<source>
		<database>fooddata</database>
	</source>
	<size>
		<width>3008</width>
		<height>2000</height>
		<depth>3</depth>
	</size>
	<object>
		<name>ref_spoon</name>
		<bndbox>
			<xmin>2147</xmin>
			<ymin>650</ymin>
			<xmax>2413</xmax>
			<ymax>978</ymax>
		</bndbox>
	</object>
	<object>
		<name>ref_fork</name>
		<bndbox>
			<xmin>2520</xmin>
			<ymin>658</ymin>
			<xmax>2728</xmax>
			<ymax>1053</ymax>
		</bndbox>
	</object>
	<object>
		<name>ref_coin</name>
		<bndbox>
			<xmin>284</xmin>
			<ymin>401</ymin>
			<xmax>492</xmax>
			<ymax>547</ymax>
		</bndbox>
	</object>
	<object>
		<name>dish</name>
		<bndbox>
			<xmin>595</xmin>
			<ymin>379</ymin>
			<xmax>2041</xmax>
			<ymax>1599</ymax>
		</bndbox>
	</object>
	<object>
		<name>일식우동</name>
		<bndbox>
			<xmin>763</xmin>
			<ymin>769</ymin>
			<xmax>1877</xmax>
			<ymax>1311</ymax>
		</bndbox>
	</object>
</annotation>