<annotation>
	<folder>side국물면류뚝배기일식우동q1</folder>
	<filename>side_국물면류_뚝배기_일식우동_Q1_00048.JPG</filename>
	<path>/side국물면류뚝배기일식우동q1/side_국물면류_뚝배기_일식우동_Q1_00048.JPG</path>
	<source>
		<database>fooddata</database>
	</source>
	<size>
		<width>3008</width>
		<height>2000</height>
		<depth>3</depth>
	</size>
	<object>
		<name>ref_spoon</name>
		<bndbox>
			<xmin>284</xmin>
			<ymin>685</ymin>
			<xmax>559</xmax>
			<ymax>1027</ymax>
		</bndbox>
	</object>
	<object>
		<name>ref_fork</name>
		<bndbox>
			<xmin>679</xmin>
			<ymin>716</ymin>
			<xmax>874</xmax>
			<ymax>1155</ymax>
		</bndbox>
	</object>
	<object>
		<name>ref_coin</name>
		<bndbox>
			<xmin>1353</xmin>
			<ymin>272</ymin>
			<xmax>1553</xmax>
			<ymax>401</ymax>
		</bndbox>
	</object>
	<object>
		<name>dish</name>
		<bndbox>
			<xmin>1083</xmin>
			<ymin>516</ymin>
			<xmax>2555</xmax>
			<ymax>1754</ymax>
		</bndbox>
	</object>
	<object>
		<name>일식우동</name>
		<bndbox>
			<xmin>1238</xmin>
			<ymin>876</ymin>
			<xmax>2360</xmax>
			<ymax>1519</ymax>
		</bndbox>
	</object>
</annotation>