<annotation>
	<folder>top국물면류뚝배기일식우동q1</folder>
	<filename>top_국물면류_뚝배기_일식우동_Q1_00052.JPG</filename>
	<path>/top국물면류뚝배기일식우동q1/top_국물면류_뚝배기_일식우동_Q1_00052.JPG</path>
	<source>
		<database>fooddata</database>
	</source>
	<size>
		<width>3008</width>
		<height>2000</height>
		<depth>3</depth>
	</size>
	<object>
		<name>ref_spoon</name>
		<bndbox>
			<xmin>261</xmin>
			<ymin>537</ymin>
			<xmax>547</xmax>
			<ymax>1026</ymax>
		</bndbox>
	</object>
	<object>
		<name>ref_fork</name>
		<bndbox>
			<xmin>662</xmin>
			<ymin>542</ymin>
			<xmax>850</xmax>
			<ymax>1048</ymax>
		</bndbox>
	</object>
	<object>
		<name>ref_coin</name>
		<bndbox>
			<xmin>2632</xmin>
			<ymin>938</ymin>
			<xmax>2818</xmax>
			<ymax>1126</ymax>
		</bndbox>
	</object>
	<object>
		<name>dish</name>
		<bndbox>
			<xmin>1086</xmin>
			<ymin>198</ymin>
			<xmax>2569</xmax>
			<ymax>1675</ymax>
		</bndbox>
	</object>
	<object>
		<name>일식우동</name>
		<bndbox>
			<xmin>1228</xmin>
			<ymin>442</ymin>
			<xmax>2332</xmax>
			<ymax>1541</ymax>
		</bndbox>
	</object>
</annotation>