<annotation>
	<folder>top국물면류뚝배기일식우동q1</folder>
	<filename>top_국물면류_뚝배기_일식우동_Q1_00051.JPG</filename>
	<path>/top국물면류뚝배기일식우동q1/top_국물면류_뚝배기_일식우동_Q1_00051.JPG</path>
	<source>
		<database>fooddata</database>
	</source>
	<size>
		<width>3008</width>
		<height>2000</height>
		<depth>3</depth>
	</size>
	<object>
		<name>ref_spoon</name>
		<bndbox>
			<xmin>300</xmin>
			<ymin>423</ymin>
			<xmax>574</xmax>
			<ymax>904</ymax>
		</bndbox>
	</object>
	<object>
		<name>ref_fork</name>
		<bndbox>
			<xmin>679</xmin>
			<ymin>430</ymin>
			<xmax>862</xmax>
			<ymax>911</ymax>
		</bndbox>
	</object>
	<object>
		<name>ref_coin</name>
		<bndbox>
			<xmin>2564</xmin>
			<ymin>1067</ymin>
			<xmax>2747</xmax>
			<ymax>1255</ymax>
		</bndbox>
	</object>
	<object>
		<name>dish</name>
		<bndbox>
			<xmin>1084</xmin>
			<ymin>93</ymin>
			<xmax>2505</xmax>
			<ymax>1492</ymax>
		</bndbox>
	</object>
	<object>
		<name>일식우동</name>
		<bndbox>
			<xmin>1226</xmin>
			<ymin>335</ymin>
			<xmax>2290</xmax>
			<ymax>1382</ymax>
		</bndbox>
	</object>
</annotation>