<annotation>
	<folder>top국물면류뚝배기일식우동q1</folder>
	<filename>top_국물면류_뚝배기_일식우동_Q1_00033.JPG</filename>
	<path>/top국물면류뚝배기일식우동q1/top_국물면류_뚝배기_일식우동_Q1_00033.JPG</path>
	<source>
		<database>fooddata</database>
	</source>
	<size>
		<width>3008</width>
		<height>2000</height>
		<depth>3</depth>
	</size>
	<object>
		<name>ref_spoon</name>
		<bndbox>
			<xmin>913</xmin>
			<ymin>1604</ymin>
			<xmax>1294</xmax>
			<ymax>1839</ymax>
		</bndbox>
	</object>
	<object>
		<name>ref_fork</name>
		<bndbox>
			<xmin>945</xmin>
			<ymin>1348</ymin>
			<xmax>1350</xmax>
			<ymax>1499</ymax>
		</bndbox>
	</object>
	<object>
		<name>ref_coin</name>
		<bndbox>
			<xmin>2361</xmin>
			<ymin>747</ymin>
			<xmax>2503</xmax>
			<ymax>894</ymax>
		</bndbox>
	</object>
	<object>
		<name>dish</name>
		<bndbox>
			<xmin>1174</xmin>
			<ymin>42</ymin>
			<xmax>2302</xmax>
			<ymax>1145</ymax>
		</bndbox>
	</object>
	<object>
		<name>일식우동</name>
		<bndbox>
			<xmin>1289</xmin>
			<ymin>252</ymin>
			<xmax>2127</xmax>
			<ymax>1072</ymax>
		</bndbox>
	</object>
</annotation>