<annotation>
	<folder>우동재작업</folder>
	<filename>top_국물면류_뚝배기_일식우동_Q1_00047.JPG</filename>
	<path>/top국물면류뚝배기일식우동q1/top_국물면류_뚝배기_일식우동_Q1_00047.JPG</path>
	<source>
		<database>fooddata</database>
	</source>
	<size>
		<width>3008</width>
		<height>2000</height>
		<depth>3</depth>
	</size>
	<object>
		<name>ref_spoon</name>
		<bndbox>
			<xmin>533</xmin>
			<ymin>688</ymin>
			<xmax>799</xmax>
			<ymax>1101</ymax>
		</bndbox>
	</object>
	<object>
		<name>ref_fork</name>
		<bndbox>
			<xmin>880</xmin>
			<ymin>698</ymin>
			<xmax>1069</xmax>
			<ymax>1150</ymax>
		</bndbox>
	</object>
	<object>
		<name>ref_coin</name>
		<bndbox>
			<xmin>1686</xmin>
			<ymin>91</ymin>
			<xmax>1868</xmax>
			<ymax>260</ymax>
		</bndbox>
	</object>
	<object>
		<name>dish</name>
		<bndbox>
			<xmin>1263</xmin>
			<ymin>432</ymin>
			<xmax>2619</xmax>
			<ymax>1801</ymax>
		</bndbox>
	</object>
	<object>
		<name>일식우동</name>
		<bndbox>
			<xmin>1379</xmin>
			<ymin>668</ymin>
			<xmax>2413</xmax>
			<ymax>1671</ymax>
		</bndbox>
	</object>
</annotation>