<annotation>
	<folder>top국물면류뚝배기일식우동q1</folder>
	<filename>top_국물면류_뚝배기_일식우동_Q1_00027.JPG</filename>
	<path>/top국물면류뚝배기일식우동q1/top_국물면류_뚝배기_일식우동_Q1_00027.JPG</path>
	<source>
		<database>fooddata</database>
	</source>
	<size>
		<width>3008</width>
		<height>2000</height>
		<depth>3</depth>
	</size>
	<object>
		<name>ref_spoon</name>
		<bndbox>
			<xmin>794</xmin>
			<ymin>1709</ymin>
			<xmax>1201</xmax>
			<ymax>1956</ymax>
		</bndbox>
	</object>
	<object>
		<name>ref_fork</name>
		<bndbox>
			<xmin>815</xmin>
			<ymin>1428</ymin>
			<xmax>1262</xmax>
			<ymax>1585</ymax>
		</bndbox>
	</object>
	<object>
		<name>ref_coin</name>
		<bndbox>
			<xmin>542</xmin>
			<ymin>364</ymin>
			<xmax>703</xmax>
			<ymax>520</ymax>
		</bndbox>
	</object>
	<object>
		<name>dish</name>
		<bndbox>
			<xmin>1091</xmin>
			<ymin>88</ymin>
			<xmax>2305</xmax>
			<ymax>1289</ymax>
		</bndbox>
	</object>
	<object>
		<name>일식우동</name>
		<bndbox>
			<xmin>1206</xmin>
			<ymin>298</ymin>
			<xmax>2119</xmax>
			<ymax>1189</ymax>
		</bndbox>
	</object>
</annotation>