<annotation>
	<folder>top국물면류뚝배기일식우동q1</folder>
	<filename>top_국물면류_뚝배기_일식우동_Q1_00006.JPG</filename>
	<path>/top국물면류뚝배기일식우동q1/top_국물면류_뚝배기_일식우동_Q1_00006.JPG</path>
	<source>
		<database>fooddata</database>
	</source>
	<size>
		<width>3008</width>
		<height>2000</height>
		<depth>3</depth>
	</size>
	<object>
		<name>ref_spoon</name>
		<bndbox>
			<xmin>2078</xmin>
			<ymin>237</ymin>
			<xmax>2324</xmax>
			<ymax>659</ymax>
		</bndbox>
	</object>
	<object>
		<name>ref_fork</name>
		<bndbox>
			<xmin>2415</xmin>
			<ymin>247</ymin>
			<xmax>2571</xmax>
			<ymax>686</ymax>
		</bndbox>
	</object>
	<object>
		<name>ref_coin</name>
		<bndbox>
			<xmin>530</xmin>
			<ymin>1460</ymin>
			<xmax>718</xmax>
			<ymax>1648</ymax>
		</bndbox>
	</object>
	<object>
		<name>dish</name>
		<bndbox>
			<xmin>652</xmin>
			<ymin>117</ymin>
			<xmax>2056</xmax>
			<ymax>1494</ymax>
		</bndbox>
	</object>
	<object>
		<name>일식우동</name>
		<bndbox>
			<xmin>833</xmin>
			<ymin>366</ymin>
			<xmax>1873</xmax>
			<ymax>1367</ymax>
		</bndbox>
	</object>
</annotation>