<annotation>
	<folder>top국물면류뚝배기일식우동q1</folder>
	<filename>top_국물면류_뚝배기_일식우동_Q1_00029.JPG</filename>
	<path>/top국물면류뚝배기일식우동q1/top_국물면류_뚝배기_일식우동_Q1_00029.JPG</path>
	<source>
		<database>fooddata</database>
	</source>
	<size>
		<width>3008</width>
		<height>2000</height>
		<depth>3</depth>
	</size>
	<object>
		<name>ref_spoon</name>
		<bndbox>
			<xmin>808</xmin>
			<ymin>1687</ymin>
			<xmax>1238</xmax>
			<ymax>1934</ymax>
		</bndbox>
	</object>
	<object>
		<name>ref_fork</name>
		<bndbox>
			<xmin>830</xmin>
			<ymin>1404</ymin>
			<xmax>1267</xmax>
			<ymax>1560</ymax>
		</bndbox>
	</object>
	<object>
		<name>ref_coin</name>
		<bndbox>
			<xmin>652</xmin>
			<ymin>926</ymin>
			<xmax>818</xmax>
			<ymax>1087</ymax>
		</bndbox>
	</object>
	<object>
		<name>dish</name>
		<bndbox>
			<xmin>1021</xmin>
			<ymin>69</ymin>
			<xmax>2256</xmax>
			<ymax>1282</ymax>
		</bndbox>
	</object>
	<object>
		<name>일식우동</name>
		<bndbox>
			<xmin>1145</xmin>
			<ymin>291</ymin>
			<xmax>2066</xmax>
			<ymax>1187</ymax>
		</bndbox>
	</object>
</annotation>