<annotation>
	<folder>top국물면류뚝배기일식우동q1</folder>
	<filename>top_국물면류_뚝배기_일식우동_Q1_00022.JPG</filename>
	<path>/top국물면류뚝배기일식우동q1/top_국물면류_뚝배기_일식우동_Q1_00022.JPG</path>
	<source>
		<database>fooddata</database>
	</source>
	<size>
		<width>3008</width>
		<height>2000</height>
		<depth>3</depth>
	</size>
	<object>
		<name>ref_spoon</name>
		<bndbox>
			<xmin>881</xmin>
			<ymin>1678</ymin>
			<xmax>1270</xmax>
			<ymax>1914</ymax>
		</bndbox>
	</object>
	<object>
		<name>ref_fork</name>
		<bndbox>
			<xmin>901</xmin>
			<ymin>1407</ymin>
			<xmax>1316</xmax>
			<ymax>1560</ymax>
		</bndbox>
	</object>
	<object>
		<name>ref_coin</name>
		<bndbox>
			<xmin>2173</xmin>
			<ymin>542</ymin>
			<xmax>2315</xmax>
			<ymax>684</ymax>
		</bndbox>
	</object>
	<object>
		<name>dish</name>
		<bndbox>
			<xmin>957</xmin>
			<ymin>125</ymin>
			<xmax>2110</xmax>
			<ymax>1253</ymax>
		</bndbox>
	</object>
	<object>
		<name>일식우동</name>
		<bndbox>
			<xmin>1089</xmin>
			<ymin>325</ymin>
			<xmax>1948</xmax>
			<ymax>1175</ymax>
		</bndbox>
	</object>
</annotation>