<annotation>
	<folder>top국물면류뚝배기일식우동q1</folder>
	<filename>top_국물면류_뚝배기_일식우동_Q1_00057.JPG</filename>
	<path>/top국물면류뚝배기일식우동q1/top_국물면류_뚝배기_일식우동_Q1_00057.JPG</path>
	<source>
		<database>fooddata</database>
	</source>
	<size>
		<width>3008</width>
		<height>2000</height>
		<depth>3</depth>
	</size>
	<object>
		<name>ref_spoon</name>
		<bndbox>
			<xmin>464</xmin>
			<ymin>669</ymin>
			<xmax>720</xmax>
			<ymax>1121</ymax>
		</bndbox>
	</object>
	<object>
		<name>ref_fork</name>
		<bndbox>
			<xmin>813</xmin>
			<ymin>676</ymin>
			<xmax>979</xmax>
			<ymax>1145</ymax>
		</bndbox>
	</object>
	<object>
		<name>ref_coin</name>
		<bndbox>
			<xmin>1401</xmin>
			<ymin>152</ymin>
			<xmax>1575</xmax>
			<ymax>320</ymax>
		</bndbox>
	</object>
	<object>
		<name>dish</name>
		<bndbox>
			<xmin>1194</xmin>
			<ymin>464</ymin>
			<xmax>2527</xmax>
			<ymax>1804</ymax>
		</bndbox>
	</object>
	<object>
		<name>일식우동</name>
		<bndbox>
			<xmin>1323</xmin>
			<ymin>655</ymin>
			<xmax>2319</xmax>
			<ymax>1663</ymax>
		</bndbox>
	</object>
</annotation>