<annotation>
	<folder>top국물면류뚝배기일식우동q1</folder>
	<filename>top_국물면류_뚝배기_일식우동_Q1_00050.JPG</filename>
	<path>/top국물면류뚝배기일식우동q1/top_국물면류_뚝배기_일식우동_Q1_00050.JPG</path>
	<source>
		<database>fooddata</database>
	</source>
	<size>
		<width>3008</width>
		<height>2000</height>
		<depth>3</depth>
	</size>
	<object>
		<name>ref_spoon</name>
		<bndbox>
			<xmin>378</xmin>
			<ymin>405</ymin>
			<xmax>654</xmax>
			<ymax>874</ymax>
		</bndbox>
	</object>
	<object>
		<name>ref_fork</name>
		<bndbox>
			<xmin>754</xmin>
			<ymin>410</ymin>
			<xmax>938</xmax>
			<ymax>911</ymax>
		</bndbox>
	</object>
	<object>
		<name>ref_coin</name>
		<bndbox>
			<xmin>2520</xmin>
			<ymin>1275</ymin>
			<xmax>2698</xmax>
			<ymax>1460</ymax>
		</bndbox>
	</object>
	<object>
		<name>dish</name>
		<bndbox>
			<xmin>1167</xmin>
			<ymin>71</ymin>
			<xmax>2571</xmax>
			<ymax>1463</ymax>
		</bndbox>
	</object>
	<object>
		<name>일식우동</name>
		<bndbox>
			<xmin>1301</xmin>
			<ymin>318</ymin>
			<xmax>2349</xmax>
			<ymax>1345</ymax>
		</bndbox>
	</object>
</annotation>