<annotation>
	<folder>top국물면류뚝배기일식우동q1</folder>
	<filename>top_국물면류_뚝배기_일식우동_Q1_00018.JPG</filename>
	<path>/top국물면류뚝배기일식우동q1/top_국물면류_뚝배기_일식우동_Q1_00018.JPG</path>
	<source>
		<database>fooddata</database>
	</source>
	<size>
		<width>3008</width>
		<height>2000</height>
		<depth>3</depth>
	</size>
	<object>
		<name>ref_spoon</name>
		<bndbox>
			<xmin>1885</xmin>
			<ymin>388</ymin>
			<xmax>2129</xmax>
			<ymax>835</ymax>
		</bndbox>
	</object>
	<object>
		<name>ref_fork</name>
		<bndbox>
			<xmin>2229</xmin>
			<ymin>386</ymin>
			<xmax>2385</xmax>
			<ymax>855</ymax>
		</bndbox>
	</object>
	<object>
		<name>ref_coin</name>
		<bndbox>
			<xmin>2586</xmin>
			<ymin>1204</ymin>
			<xmax>2766</xmax>
			<ymax>1380</ymax>
		</bndbox>
	</object>
	<object>
		<name>dish</name>
		<bndbox>
			<xmin>310</xmin>
			<ymin>227</ymin>
			<xmax>1702</xmax>
			<ymax>1595</ymax>
		</bndbox>
	</object>
	<object>
		<name>일식우동</name>
		<bndbox>
			<xmin>522</xmin>
			<ymin>425</ymin>
			<xmax>1560</xmax>
			<ymax>1460</ymax>
		</bndbox>
	</object>
</annotation>