<annotation>
	<folder>top국물면류뚝배기일식우동q1</folder>
	<filename>top_국물면류_뚝배기_일식우동_Q1_00003.JPG</filename>
	<path>/top국물면류뚝배기일식우동q1/top_국물면류_뚝배기_일식우동_Q1_00003.JPG</path>
	<source>
		<database>fooddata</database>
	</source>
	<size>
		<width>3008</width>
		<height>2000</height>
		<depth>3</depth>
	</size>
	<object>
		<name>ref_spoon</name>
		<bndbox>
			<xmin>1953</xmin>
			<ymin>215</ymin>
			<xmax>2190</xmax>
			<ymax>645</ymax>
		</bndbox>
	</object>
	<object>
		<name>ref_fork</name>
		<bndbox>
			<xmin>2278</xmin>
			<ymin>239</ymin>
			<xmax>2427</xmax>
			<ymax>694</ymax>
		</bndbox>
	</object>
	<object>
		<name>ref_coin</name>
		<bndbox>
			<xmin>1458</xmin>
			<ymin>1636</ymin>
			<xmax>1636</xmax>
			<ymax>1824</ymax>
		</bndbox>
	</object>
	<object>
		<name>dish</name>
		<bndbox>
			<xmin>483</xmin>
			<ymin>91</ymin>
			<xmax>1880</xmax>
			<ymax>1450</ymax>
		</bndbox>
	</object>
	<object>
		<name>일식우동</name>
		<bndbox>
			<xmin>686</xmin>
			<ymin>330</ymin>
			<xmax>1716</xmax>
			<ymax>1333</ymax>
		</bndbox>
	</object>
</annotation>