<annotation>
	<folder>side어육류정형철판햄버거스테이크q3</folder>
	<filename>side_어육류정형_철판_햄버거스테이크_Q3_00003.JPG</filename>
	<path>/side어육류정형철판햄버거스테이크q3/side_어육류정형_철판_햄버거스테이크_Q3_00003.JPG</path>
	<source>
		<database>fooddata</database>
	</source>
	<size>
		<width>3008</width>
		<height>2000</height>
		<depth>3</depth>
	</size>
	<object>
		<name>ref_spoon</name>
		<bndbox>
			<xmin>2596</xmin>
			<ymin>581</ymin>
			<xmax>2856</xmax>
			<ymax>987</ymax>
		</bndbox>
	</object>
	<object>
		<name>ref_fork</name>
		<bndbox>
			<xmin>2327</xmin>
			<ymin>560</ymin>
			<xmax>2510</xmax>
			<ymax>1048</ymax>
		</bndbox>
	</object>
	<object>
		<name>ref_coin</name>
		<bndbox>
			<xmin>1392</xmin>
			<ymin>1749</ymin>
			<xmax>1606</xmax>
			<ymax>1922</ymax>
		</bndbox>
	</object>
	<object>
		<name>dish</name>
		<bndbox>
			<xmin>661</xmin>
			<ymin>459</ymin>
			<xmax>1982</xmax>
			<ymax>1348</ymax>
		</bndbox>
	</object>
	<object>
		<name>햄버거스테이크</name>
		<bndbox>
			<xmin>798</xmin>
			<ymin>494</ymin>
			<xmax>1880</xmax>
			<ymax>1252</ymax>
		</bndbox>
	</object>
</annotation>