<annotation>
	<folder>side어육류정형철판햄버거스테이크q3</folder>
	<filename>side_어육류정형_철판_햄버거스테이크_Q3_00033.JPG</filename>
	<path>/side어육류정형철판햄버거스테이크q3/side_어육류정형_철판_햄버거스테이크_Q3_00033.JPG</path>
	<source>
		<database>fooddata</database>
	</source>
	<size>
		<width>3008</width>
		<height>2000</height>
		<depth>3</depth>
	</size>
	<object>
		<name>ref_spoon</name>
		<bndbox>
			<xmin>589</xmin>
			<ymin>1282</ymin>
			<xmax>1169</xmax>
			<ymax>1521</ymax>
		</bndbox>
	</object>
	<object>
		<name>ref_fork</name>
		<bndbox>
			<xmin>653</xmin>
			<ymin>1516</ymin>
			<xmax>1310</xmax>
			<ymax>1740</ymax>
		</bndbox>
	</object>
	<object>
		<name>ref_coin</name>
		<bndbox>
			<xmin>255</xmin>
			<ymin>906</ymin>
			<xmax>454</xmax>
			<ymax>1050</ymax>
		</bndbox>
	</object>
	<object>
		<name>dish</name>
		<bndbox>
			<xmin>899</xmin>
			<ymin>182</ymin>
			<xmax>2114</xmax>
			<ymax>1046</ymax>
		</bndbox>
	</object>
	<object>
		<name>햄버거스테이크</name>
		<bndbox>
			<xmin>992</xmin>
			<ymin>317</ymin>
			<xmax>1894</xmax>
			<ymax>821</ymax>
		</bndbox>
	</object>
</annotation>