<annotation>
	<folder>side어육류정형철판햄버거스테이크q3</folder>
	<filename>side_어육류정형_철판_햄버거스테이크_Q3_00041.JPG</filename>
	<path>/side어육류정형철판햄버거스테이크q3/side_어육류정형_철판_햄버거스테이크_Q3_00041.JPG</path>
	<source>
		<database>fooddata</database>
	</source>
	<size>
		<width>3008</width>
		<height>2000</height>
		<depth>3</depth>
	</size>
	<object>
		<name>ref_spoon</name>
		<bndbox>
			<xmin>274</xmin>
			<ymin>637</ymin>
			<xmax>523</xmax>
			<ymax>1038</ymax>
		</bndbox>
	</object>
	<object>
		<name>ref_fork</name>
		<bndbox>
			<xmin>579</xmin>
			<ymin>733</ymin>
			<xmax>762</xmax>
			<ymax>1211</ymax>
		</bndbox>
	</object>
	<object>
		<name>ref_coin</name>
		<bndbox>
			<xmin>2002</xmin>
			<ymin>398</ymin>
			<xmax>2180</xmax>
			<ymax>520</ymax>
		</bndbox>
	</object>
	<object>
		<name>dish</name>
		<bndbox>
			<xmin>1072</xmin>
			<ymin>657</ymin>
			<xmax>2383</xmax>
			<ymax>1556</ymax>
		</bndbox>
	</object>
	<object>
		<name>햄버거스테이크</name>
		<bndbox>
			<xmin>1316</xmin>
			<ymin>723</ymin>
			<xmax>2261</xmax>
			<ymax>1404</ymax>
		</bndbox>
	</object>
</annotation>