<annotation>
	<folder>side어육류정형철판햄버거스테이크q3</folder>
	<filename>side_어육류정형_철판_햄버거스테이크_Q3_00028.JPG</filename>
	<path>/side어육류정형철판햄버거스테이크q3/side_어육류정형_철판_햄버거스테이크_Q3_00028.JPG</path>
	<source>
		<database>fooddata</database>
	</source>
	<size>
		<width>3008</width>
		<height>2000</height>
		<depth>3</depth>
	</size>
	<object>
		<name>ref_spoon</name>
		<bndbox>
			<xmin>478</xmin>
			<ymin>1379</ymin>
			<xmax>1128</xmax>
			<ymax>1619</ymax>
		</bndbox>
	</object>
	<object>
		<name>ref_fork</name>
		<bndbox>
			<xmin>528</xmin>
			<ymin>1619</ymin>
			<xmax>1157</xmax>
			<ymax>1866</ymax>
		</bndbox>
	</object>
	<object>
		<name>ref_coin</name>
		<bndbox>
			<xmin>743</xmin>
			<ymin>118</ymin>
			<xmax>922</xmax>
			<ymax>240</ymax>
		</bndbox>
	</object>
	<object>
		<name>dish</name>
		<bndbox>
			<xmin>782</xmin>
			<ymin>290</ymin>
			<xmax>2048</xmax>
			<ymax>1178</ymax>
		</bndbox>
	</object>
	<object>
		<name>햄버거스테이크</name>
		<bndbox>
			<xmin>1020</xmin>
			<ymin>400</ymin>
			<xmax>1954</xmax>
			<ymax>1033</ymax>
		</bndbox>
	</object>
</annotation>