<annotation>
	<folder>side어육류정형철판햄버거스테이크q3</folder>
	<filename>side_어육류정형_철판_햄버거스테이크_Q3_00059.JPG</filename>
	<path>/side어육류정형철판햄버거스테이크q3/side_어육류정형_철판_햄버거스테이크_Q3_00059.JPG</path>
	<source>
		<database>fooddata</database>
	</source>
	<size>
		<width>3008</width>
		<height>2000</height>
		<depth>3</depth>
	</size>
	<object>
		<name>ref_spoon</name>
		<bndbox>
			<xmin>183</xmin>
			<ymin>306</ymin>
			<xmax>432</xmax>
			<ymax>779</ymax>
		</bndbox>
	</object>
	<object>
		<name>ref_fork</name>
		<bndbox>
			<xmin>478</xmin>
			<ymin>408</ymin>
			<xmax>666</xmax>
			<ymax>820</ymax>
		</bndbox>
	</object>
	<object>
		<name>ref_coin</name>
		<bndbox>
			<xmin>1433</xmin>
			<ymin>154</ymin>
			<xmax>1616</xmax>
			<ymax>276</ymax>
		</bndbox>
	</object>
	<object>
		<name>dish</name>
		<bndbox>
			<xmin>996</xmin>
			<ymin>357</ymin>
			<xmax>2307</xmax>
			<ymax>1241</ymax>
		</bndbox>
	</object>
	<object>
		<name>햄버거스테이크</name>
		<bndbox>
			<xmin>1108</xmin>
			<ymin>388</ymin>
			<xmax>2104</xmax>
			<ymax>1028</ymax>
		</bndbox>
	</object>
</annotation>