<annotation>
	<folder>side어육류정형철판햄버거스테이크q3</folder>
	<filename>side_어육류정형_철판_햄버거스테이크_Q3_00026.JPG</filename>
	<path>/side어육류정형철판햄버거스테이크q3/side_어육류정형_철판_햄버거스테이크_Q3_00026.JPG</path>
	<source>
		<database>fooddata</database>
	</source>
	<size>
		<width>3008</width>
		<height>2000</height>
		<depth>3</depth>
	</size>
	<object>
		<name>ref_spoon</name>
		<bndbox>
			<xmin>340</xmin>
			<ymin>1333</ymin>
			<xmax>915</xmax>
			<ymax>1556</ymax>
		</bndbox>
	</object>
	<object>
		<name>ref_fork</name>
		<bndbox>
			<xmin>387</xmin>
			<ymin>1574</ymin>
			<xmax>1047</xmax>
			<ymax>1821</ymax>
		</bndbox>
	</object>
	<object>
		<name>ref_coin</name>
		<bndbox>
			<xmin>1657</xmin>
			<ymin>130</ymin>
			<xmax>1829</xmax>
			<ymax>255</ymax>
		</bndbox>
	</object>
	<object>
		<name>dish</name>
		<bndbox>
			<xmin>650</xmin>
			<ymin>266</ymin>
			<xmax>1910</xmax>
			<ymax>1150</ymax>
		</bndbox>
	</object>
	<object>
		<name>햄버거스테이크</name>
		<bndbox>
			<xmin>864</xmin>
			<ymin>408</ymin>
			<xmax>1819</xmax>
			<ymax>896</ymax>
		</bndbox>
	</object>
</annotation>