<annotation>
	<folder>side어육류정형철판햄버거스테이크q3</folder>
	<filename>side_어육류정형_철판_햄버거스테이크_Q3_00053.JPG</filename>
	<path>/side어육류정형철판햄버거스테이크q3/side_어육류정형_철판_햄버거스테이크_Q3_00053.JPG</path>
	<source>
		<database>fooddata</database>
	</source>
	<size>
		<width>3008</width>
		<height>2000</height>
		<depth>3</depth>
	</size>
	<object>
		<name>ref_spoon</name>
		<bndbox>
			<xmin>198</xmin>
			<ymin>423</ymin>
			<xmax>447</xmax>
			<ymax>820</ymax>
		</bndbox>
	</object>
	<object>
		<name>ref_fork</name>
		<bndbox>
			<xmin>498</xmin>
			<ymin>510</ymin>
			<xmax>686</xmax>
			<ymax>977</ymax>
		</bndbox>
	</object>
	<object>
		<name>ref_coin</name>
		<bndbox>
			<xmin>2642</xmin>
			<ymin>591</ymin>
			<xmax>2840</xmax>
			<ymax>718</ymax>
		</bndbox>
	</object>
	<object>
		<name>dish</name>
		<bndbox>
			<xmin>991</xmin>
			<ymin>449</ymin>
			<xmax>2317</xmax>
			<ymax>1348</ymax>
		</bndbox>
	</object>
	<object>
		<name>햄버거스테이크</name>
		<bndbox>
			<xmin>1357</xmin>
			<ymin>454</ymin>
			<xmax>2185</xmax>
			<ymax>1262</ymax>
		</bndbox>
	</object>
</annotation>