<annotation>
	<folder>side어육류정형철판햄버거스테이크q3</folder>
	<filename>side_어육류정형_철판_햄버거스테이크_Q3_00022.JPG</filename>
	<path>/side어육류정형철판햄버거스테이크q3/side_어육류정형_철판_햄버거스테이크_Q3_00022.JPG</path>
	<source>
		<database>fooddata</database>
	</source>
	<size>
		<width>3008</width>
		<height>2000</height>
		<depth>3</depth>
	</size>
	<object>
		<name>ref_spoon</name>
		<bndbox>
			<xmin>311</xmin>
			<ymin>1296</ymin>
			<xmax>895</xmax>
			<ymax>1520</ymax>
		</bndbox>
	</object>
	<object>
		<name>ref_fork</name>
		<bndbox>
			<xmin>349</xmin>
			<ymin>1545</ymin>
			<xmax>1013</xmax>
			<ymax>1770</ymax>
		</bndbox>
	</object>
	<object>
		<name>ref_coin</name>
		<bndbox>
			<xmin>2271</xmin>
			<ymin>504</ymin>
			<xmax>2457</xmax>
			<ymax>643</ymax>
		</bndbox>
	</object>
	<object>
		<name>dish</name>
		<bndbox>
			<xmin>649</xmin>
			<ymin>216</ymin>
			<xmax>1903</xmax>
			<ymax>1101</ymax>
		</bndbox>
	</object>
	<object>
		<name>햄버거스테이크</name>
		<bndbox>
			<xmin>730</xmin>
			<ymin>343</ymin>
			<xmax>1691</xmax>
			<ymax>927</ymax>
		</bndbox>
	</object>
</annotation>