<annotation>
	<folder>side어육류정형철판햄버거스테이크q3</folder>
	<filename>side_어육류정형_철판_햄버거스테이크_Q3_00014.JPG</filename>
	<path>/side어육류정형철판햄버거스테이크q3/side_어육류정형_철판_햄버거스테이크_Q3_00014.JPG</path>
	<source>
		<database>fooddata</database>
	</source>
	<size>
		<width>3008</width>
		<height>2000</height>
		<depth>3</depth>
	</size>
	<object>
		<name>ref_spoon</name>
		<bndbox>
			<xmin>2581</xmin>
			<ymin>530</ymin>
			<xmax>2850</xmax>
			<ymax>911</ymax>
		</bndbox>
	</object>
	<object>
		<name>ref_fork</name>
		<bndbox>
			<xmin>2322</xmin>
			<ymin>530</ymin>
			<xmax>2510</xmax>
			<ymax>972</ymax>
		</bndbox>
	</object>
	<object>
		<name>ref_coin</name>
		<bndbox>
			<xmin>2261</xmin>
			<ymin>245</ymin>
			<xmax>2449</xmax>
			<ymax>388</ymax>
		</bndbox>
	</object>
	<object>
		<name>dish</name>
		<bndbox>
			<xmin>681</xmin>
			<ymin>444</ymin>
			<xmax>1982</xmax>
			<ymax>1338</ymax>
		</bndbox>
	</object>
	<object>
		<name>햄버거스테이크</name>
		<bndbox>
			<xmin>767</xmin>
			<ymin>500</ymin>
			<xmax>1916</xmax>
			<ymax>1185</ymax>
		</bndbox>
	</object>
</annotation>