<annotation>
	<folder>side어육류정형철판햄버거스테이크q3</folder>
	<filename>side_어육류정형_철판_햄버거스테이크_Q3_00042.JPG</filename>
	<path>/side어육류정형철판햄버거스테이크q3/side_어육류정형_철판_햄버거스테이크_Q3_00042.JPG</path>
	<source>
		<database>fooddata</database>
	</source>
	<size>
		<width>3008</width>
		<height>2000</height>
		<depth>3</depth>
	</size>
	<object>
		<name>ref_spoon</name>
		<bndbox>
			<xmin>285</xmin>
			<ymin>621</ymin>
			<xmax>528</xmax>
			<ymax>987</ymax>
		</bndbox>
	</object>
	<object>
		<name>ref_fork</name>
		<bndbox>
			<xmin>584</xmin>
			<ymin>703</ymin>
			<xmax>767</xmax>
			<ymax>1150</ymax>
		</bndbox>
	</object>
	<object>
		<name>ref_coin</name>
		<bndbox>
			<xmin>1799</xmin>
			<ymin>398</ymin>
			<xmax>1961</xmax>
			<ymax>525</ymax>
		</bndbox>
	</object>
	<object>
		<name>dish</name>
		<bndbox>
			<xmin>1082</xmin>
			<ymin>621</ymin>
			<xmax>2383</xmax>
			<ymax>1516</ymax>
		</bndbox>
	</object>
	<object>
		<name>햄버거스테이크</name>
		<bndbox>
			<xmin>1321</xmin>
			<ymin>657</ymin>
			<xmax>2286</xmax>
			<ymax>1373</ymax>
		</bndbox>
	</object>
</annotation>