<annotation>
	<folder>side어육류정형철판햄버거스테이크q3</folder>
	<filename>side_어육류정형_철판_햄버거스테이크_Q3_00015.JPG</filename>
	<path>/side어육류정형철판햄버거스테이크q3/side_어육류정형_철판_햄버거스테이크_Q3_00015.JPG</path>
	<source>
		<database>fooddata</database>
	</source>
	<size>
		<width>3008</width>
		<height>2000</height>
		<depth>3</depth>
	</size>
	<object>
		<name>ref_spoon</name>
		<bndbox>
			<xmin>2591</xmin>
			<ymin>510</ymin>
			<xmax>2856</xmax>
			<ymax>906</ymax>
		</bndbox>
	</object>
	<object>
		<name>ref_fork</name>
		<bndbox>
			<xmin>2337</xmin>
			<ymin>510</ymin>
			<xmax>2520</xmax>
			<ymax>931</ymax>
		</bndbox>
	</object>
	<object>
		<name>ref_coin</name>
		<bndbox>
			<xmin>2256</xmin>
			<ymin>306</ymin>
			<xmax>2444</xmax>
			<ymax>428</ymax>
		</bndbox>
	</object>
	<object>
		<name>dish</name>
		<bndbox>
			<xmin>701</xmin>
			<ymin>418</ymin>
			<xmax>1992</xmax>
			<ymax>1318</ymax>
		</bndbox>
	</object>
	<object>
		<name>햄버거스테이크</name>
		<bndbox>
			<xmin>813</xmin>
			<ymin>459</ymin>
			<xmax>1900</xmax>
			<ymax>1206</ymax>
		</bndbox>
	</object>
</annotation>