<annotation>
	<folder>side어육류정형철판햄버거스테이크q3</folder>
	<filename>side_어육류정형_철판_햄버거스테이크_Q3_00032.JPG</filename>
	<path>/side어육류정형철판햄버거스테이크q3/side_어육류정형_철판_햄버거스테이크_Q3_00032.JPG</path>
	<source>
		<database>fooddata</database>
	</source>
	<size>
		<width>3008</width>
		<height>2000</height>
		<depth>3</depth>
	</size>
	<object>
		<name>ref_spoon</name>
		<bndbox>
			<xmin>505</xmin>
			<ymin>1368</ymin>
			<xmax>1123</xmax>
			<ymax>1583</ymax>
		</bndbox>
	</object>
	<object>
		<name>ref_fork</name>
		<bndbox>
			<xmin>571</xmin>
			<ymin>1592</ymin>
			<xmax>1196</xmax>
			<ymax>1799</ymax>
		</bndbox>
	</object>
	<object>
		<name>ref_coin</name>
		<bndbox>
			<xmin>156</xmin>
			<ymin>835</ymin>
			<xmax>332</xmax>
			<ymax>964</ymax>
		</bndbox>
	</object>
	<object>
		<name>dish</name>
		<bndbox>
			<xmin>782</xmin>
			<ymin>300</ymin>
			<xmax>1950</xmax>
			<ymax>1124</ymax>
		</bndbox>
	</object>
	<object>
		<name>햄버거스테이크</name>
		<bndbox>
			<xmin>864</xmin>
			<ymin>425</ymin>
			<xmax>1759</xmax>
			<ymax>942</ymax>
		</bndbox>
	</object>
</annotation>