<annotation>
	<folder>top어육류정형철판햄버거스테이크q3</folder>
	<filename>top_어육류정형_철판_햄버거스테이크_Q3_00014.JPG</filename>
	<path>/top어육류정형철판햄버거스테이크q3/top_어육류정형_철판_햄버거스테이크_Q3_00014.JPG</path>
	<source>
		<database>fooddata</database>
	</source>
	<size>
		<width>3008</width>
		<height>2000</height>
		<depth>3</depth>
	</size>
	<object>
		<name>ref_spoon</name>
		<bndbox>
			<xmin>1918</xmin>
			<ymin>716</ymin>
			<xmax>2146</xmax>
			<ymax>1105</ymax>
		</bndbox>
	</object>
	<object>
		<name>ref_fork</name>
		<bndbox>
			<xmin>2269</xmin>
			<ymin>875</ymin>
			<xmax>2466</xmax>
			<ymax>1304</ymax>
		</bndbox>
	</object>
	<object>
		<name>ref_coin</name>
		<bndbox>
			<xmin>819</xmin>
			<ymin>87</ymin>
			<xmax>980</xmax>
			<ymax>243</ymax>
		</bndbox>
	</object>
	<object>
		<name>dish</name>
		<bndbox>
			<xmin>560</xmin>
			<ymin>494</ymin>
			<xmax>1696</xmax>
			<ymax>1616</ymax>
		</bndbox>
	</object>
	<object>
		<name>햄버거스테이크</name>
		<bndbox>
			<xmin>767</xmin>
			<ymin>624</ymin>
			<xmax>1627</xmax>
			<ymax>1581</ymax>
		</bndbox>
	</object>
</annotation>