<annotation>
	<folder>top어육류정형철판햄버거스테이크q3</folder>
	<filename>top_어육류정형_철판_햄버거스테이크_Q3_00002.JPG</filename>
	<path>/top어육류정형철판햄버거스테이크q3/top_어육류정형_철판_햄버거스테이크_Q3_00002.JPG</path>
	<source>
		<database>fooddata</database>
	</source>
	<size>
		<width>3008</width>
		<height>2000</height>
		<depth>3</depth>
	</size>
	<object>
		<name>ref_spoon</name>
		<bndbox>
			<xmin>1826</xmin>
			<ymin>113</ymin>
			<xmax>2051</xmax>
			<ymax>481</ymax>
		</bndbox>
	</object>
	<object>
		<name>ref_fork</name>
		<bndbox>
			<xmin>2095</xmin>
			<ymin>194</ymin>
			<xmax>2258</xmax>
			<ymax>614</ymax>
		</bndbox>
	</object>
	<object>
		<name>ref_coin</name>
		<bndbox>
			<xmin>1803</xmin>
			<ymin>1611</ymin>
			<xmax>1977</xmax>
			<ymax>1790</ymax>
		</bndbox>
	</object>
	<object>
		<name>dish</name>
		<bndbox>
			<xmin>509</xmin>
			<ymin>215</ymin>
			<xmax>1673</xmax>
			<ymax>1322</ymax>
		</bndbox>
	</object>
	<object>
		<name>햄버거스테이크</name>
		<bndbox>
			<xmin>596</xmin>
			<ymin>330</ymin>
			<xmax>1532</xmax>
			<ymax>1189</ymax>
		</bndbox>
	</object>
</annotation>