<annotation>
	<folder>top어육류정형철판햄버거스테이크q3</folder>
	<filename>top_어육류정형_철판_햄버거스테이크_Q3_00046.JPG</filename>
	<path>/top어육류정형철판햄버거스테이크q3/top_어육류정형_철판_햄버거스테이크_Q3_00046.JPG</path>
	<source>
		<database>fooddata</database>
	</source>
	<size>
		<width>3008</width>
		<height>2000</height>
		<depth>3</depth>
	</size>
	<object>
		<name>ref_spoon</name>
		<bndbox>
			<xmin>583</xmin>
			<ymin>215</ymin>
			<xmax>801</xmax>
			<ymax>609</ymax>
		</bndbox>
	</object>
	<object>
		<name>ref_fork</name>
		<bndbox>
			<xmin>844</xmin>
			<ymin>261</ymin>
			<xmax>998</xmax>
			<ymax>665</ymax>
		</bndbox>
	</object>
	<object>
		<name>ref_coin</name>
		<bndbox>
			<xmin>253</xmin>
			<ymin>1230</ymin>
			<xmax>425</xmax>
			<ymax>1396</ymax>
		</bndbox>
	</object>
	<object>
		<name>dish</name>
		<bndbox>
			<xmin>1212</xmin>
			<ymin>269</ymin>
			<xmax>2310</xmax>
			<ymax>1315</ymax>
		</bndbox>
	</object>
	<object>
		<name>햄버거스테이크</name>
		<bndbox>
			<xmin>1435</xmin>
			<ymin>396</ymin>
			<xmax>2233</xmax>
			<ymax>1210</ymax>
		</bndbox>
	</object>
</annotation>