<annotation>
	<folder>top어육류정형철판햄버거스테이크q3</folder>
	<filename>top_어육류정형_철판_햄버거스테이크_Q3_00032.JPG</filename>
	<path>/top어육류정형철판햄버거스테이크q3/top_어육류정형_철판_햄버거스테이크_Q3_00032.JPG</path>
	<source>
		<database>fooddata</database>
	</source>
	<size>
		<width>3008</width>
		<height>2000</height>
		<depth>3</depth>
	</size>
	<object>
		<name>ref_spoon</name>
		<bndbox>
			<xmin>2023</xmin>
			<ymin>1726</ymin>
			<xmax>2363</xmax>
			<ymax>1962</ymax>
		</bndbox>
	</object>
	<object>
		<name>ref_fork</name>
		<bndbox>
			<xmin>2100</xmin>
			<ymin>1512</ymin>
			<xmax>2471</xmax>
			<ymax>1668</ymax>
		</bndbox>
	</object>
	<object>
		<name>ref_coin</name>
		<bndbox>
			<xmin>1499</xmin>
			<ymin>74</ymin>
			<xmax>1634</xmax>
			<ymax>212</ymax>
		</bndbox>
	</object>
	<object>
		<name>dish</name>
		<bndbox>
			<xmin>1026</xmin>
			<ymin>330</ymin>
			<xmax>2016</xmax>
			<ymax>1286</ymax>
		</bndbox>
	</object>
	<object>
		<name>햄버거스테이크</name>
		<bndbox>
			<xmin>1079</xmin>
			<ymin>435</ymin>
			<xmax>1721</xmax>
			<ymax>1013</ymax>
		</bndbox>
	</object>
</annotation>