<annotation>
	<folder>top어육류정형철판햄버거스테이크q3</folder>
	<filename>top_어육류정형_철판_햄버거스테이크_Q3_00026.JPG</filename>
	<path>/top어육류정형철판햄버거스테이크q3/top_어육류정형_철판_햄버거스테이크_Q3_00026.JPG</path>
	<source>
		<database>fooddata</database>
	</source>
	<size>
		<width>3008</width>
		<height>2000</height>
		<depth>3</depth>
	</size>
	<object>
		<name>ref_spoon</name>
		<bndbox>
			<xmin>854</xmin>
			<ymin>1637</ymin>
			<xmax>1256</xmax>
			<ymax>1875</ymax>
		</bndbox>
	</object>
	<object>
		<name>ref_fork</name>
		<bndbox>
			<xmin>819</xmin>
			<ymin>1422</ymin>
			<xmax>1246</xmax>
			<ymax>1588</ymax>
		</bndbox>
	</object>
	<object>
		<name>ref_coin</name>
		<bndbox>
			<xmin>486</xmin>
			<ymin>969</ymin>
			<xmax>645</xmax>
			<ymax>1128</ymax>
		</bndbox>
	</object>
	<object>
		<name>dish</name>
		<bndbox>
			<xmin>898</xmin>
			<ymin>243</ymin>
			<xmax>1934</xmax>
			<ymax>1256</ymax>
		</bndbox>
	</object>
	<object>
		<name>햄버거스테이크</name>
		<bndbox>
			<xmin>1164</xmin>
			<ymin>335</ymin>
			<xmax>1839</xmax>
			<ymax>934</ymax>
		</bndbox>
	</object>
</annotation>