<annotation>
	<folder>side볶음밥류접시삼선볶음밥q4</folder>
	<filename>side_볶음밥류_접시_삼선볶음밥_Q4_00051.JPG</filename>
	<path>/side볶음밥류접시삼선볶음밥q4/side_볶음밥류_접시_삼선볶음밥_Q4_00051.JPG</path>
	<source>
		<database>fooddata</database>
	</source>
	<size>
		<width>720</width>
		<height>480</height>
		<depth>3</depth>
	</size>
	<object>
		<name>ref_spoon</name>
		<bndbox>
			<xmin>190</xmin>
			<ymin>328</ymin>
			<xmax>295</xmax>
			<ymax>381</ymax>
		</bndbox>
	</object>
	<object>
		<name>ref_fork</name>
		<bndbox>
			<xmin>191</xmin>
			<ymin>395</ymin>
			<xmax>313</xmax>
			<ymax>440</ymax>
		</bndbox>
	</object>
	<object>
		<name>ref_coin</name>
		<bndbox>
			<xmin>598</xmin>
			<ymin>188</ymin>
			<xmax>643</xmax>
			<ymax>221</ymax>
		</bndbox>
	</object>
	<object>
		<name>dish</name>
		<bndbox>
			<xmin>149</xmin>
			<ymin>104</ymin>
			<xmax>566</xmax>
			<ymax>288</ymax>
		</bndbox>
	</object>
	<object>
		<name>삼선볶음밥</name>
		<bndbox>
			<xmin>187</xmin>
			<ymin>119</ymin>
			<xmax>542</xmax>
			<ymax>279</ymax>
		</bndbox>
	</object>
</annotation>