<annotation>
	<folder>side볶음밥류접시삼선볶음밥q4</folder>
	<filename>side_볶음밥류_접시_삼선볶음밥_Q4_00026.JPG</filename>
	<path>/side볶음밥류접시삼선볶음밥q4/side_볶음밥류_접시_삼선볶음밥_Q4_00026.JPG</path>
	<source>
		<database>fooddata</database>
	</source>
	<size>
		<width>720</width>
		<height>480</height>
		<depth>3</depth>
	</size>
	<object>
		<name>ref_spoon</name>
		<bndbox>
			<xmin>138</xmin>
			<ymin>316</ymin>
			<xmax>251</xmax>
			<ymax>373</ymax>
		</bndbox>
	</object>
	<object>
		<name>ref_fork</name>
		<bndbox>
			<xmin>162</xmin>
			<ymin>387</ymin>
			<xmax>284</xmax>
			<ymax>436</ymax>
		</bndbox>
	</object>
	<object>
		<name>ref_coin</name>
		<bndbox>
			<xmin>349</xmin>
			<ymin>282</ymin>
			<xmax>397</xmax>
			<ymax>320</ymax>
		</bndbox>
	</object>
	<object>
		<name>dish</name>
		<bndbox>
			<xmin>126</xmin>
			<ymin>65</ymin>
			<xmax>556</xmax>
			<ymax>247</ymax>
		</bndbox>
	</object>
	<object>
		<name>삼선볶음밥</name>
		<bndbox>
			<xmin>164</xmin>
			<ymin>73</ymin>
			<xmax>533</xmax>
			<ymax>239</ymax>
		</bndbox>
	</object>
</annotation>