<annotation>
	<folder>side볶음밥류접시삼선볶음밥q4</folder>
	<filename>side_볶음밥류_접시_삼선볶음밥_Q4_00015.JPG</filename>
	<path>/side볶음밥류접시삼선볶음밥q4/side_볶음밥류_접시_삼선볶음밥_Q4_00015.JPG</path>
	<source>
		<database>fooddata</database>
	</source>
	<size>
		<width>720</width>
		<height>480</height>
		<depth>3</depth>
	</size>
	<object>
		<name>ref_spoon</name>
		<bndbox>
			<xmin>187</xmin>
			<ymin>143</ymin>
			<xmax>245</xmax>
			<ymax>227</ymax>
		</bndbox>
	</object>
	<object>
		<name>ref_fork</name>
		<bndbox>
			<xmin>138</xmin>
			<ymin>149</ymin>
			<xmax>177</xmax>
			<ymax>244</ymax>
		</bndbox>
	</object>
	<object>
		<name>ref_coin</name>
		<bndbox>
			<xmin>540</xmin>
			<ymin>359</ymin>
			<xmax>588</xmax>
			<ymax>398</ymax>
		</bndbox>
	</object>
	<object>
		<name>dish</name>
		<bndbox>
			<xmin>286</xmin>
			<ymin>73</ymin>
			<xmax>575</xmax>
			<ymax>356</ymax>
		</bndbox>
	</object>
	<object>
		<name>삼선볶음밥</name>
		<bndbox>
			<xmin>318</xmin>
			<ymin>106</ymin>
			<xmax>546</xmax>
			<ymax>346</ymax>
		</bndbox>
	</object>
</annotation>