<annotation>
	<folder>side볶음밥류접시삼선볶음밥q4</folder>
	<filename>side_볶음밥류_접시_삼선볶음밥_Q4_00057.JPG</filename>
	<path>/side볶음밥류접시삼선볶음밥q4/side_볶음밥류_접시_삼선볶음밥_Q4_00057.JPG</path>
	<source>
		<database>fooddata</database>
	</source>
	<size>
		<width>720</width>
		<height>480</height>
		<depth>3</depth>
	</size>
	<object>
		<name>ref_spoon</name>
		<bndbox>
			<xmin>248</xmin>
			<ymin>314</ymin>
			<xmax>352</xmax>
			<ymax>368</ymax>
		</bndbox>
	</object>
	<object>
		<name>ref_fork</name>
		<bndbox>
			<xmin>253</xmin>
			<ymin>382</ymin>
			<xmax>370</xmax>
			<ymax>426</ymax>
		</bndbox>
	</object>
	<object>
		<name>ref_coin</name>
		<bndbox>
			<xmin>378</xmin>
			<ymin>45</ymin>
			<xmax>418</xmax>
			<ymax>74</ymax>
		</bndbox>
	</object>
	<object>
		<name>dish</name>
		<bndbox>
			<xmin>213</xmin>
			<ymin>82</ymin>
			<xmax>630</xmax>
			<ymax>269</ymax>
		</bndbox>
	</object>
	<object>
		<name>삼선볶음밥</name>
		<bndbox>
			<xmin>249</xmin>
			<ymin>100</ymin>
			<xmax>594</xmax>
			<ymax>261</ymax>
		</bndbox>
	</object>
</annotation>