<annotation>
	<folder>side볶음밥류접시삼선볶음밥q4</folder>
	<filename>side_볶음밥류_접시_삼선볶음밥_Q4_00004.JPG</filename>
	<path>/side볶음밥류접시삼선볶음밥q4/side_볶음밥류_접시_삼선볶음밥_Q4_00004.JPG</path>
	<source>
		<database>fooddata</database>
	</source>
	<size>
		<width>720</width>
		<height>480</height>
		<depth>3</depth>
	</size>
	<object>
		<name>ref_spoon</name>
		<bndbox>
			<xmin>555</xmin>
			<ymin>110</ymin>
			<xmax>613</xmax>
			<ymax>195</ymax>
		</bndbox>
	</object>
	<object>
		<name>ref_fork</name>
		<bndbox>
			<xmin>480</xmin>
			<ymin>116</ymin>
			<xmax>520</xmax>
			<ymax>209</ymax>
		</bndbox>
	</object>
	<object>
		<name>ref_coin</name>
		<bndbox>
			<xmin>408</xmin>
			<ymin>211</ymin>
			<xmax>453</xmax>
			<ymax>246</ymax>
		</bndbox>
	</object>
	<object>
		<name>dish</name>
		<bndbox>
			<xmin>69</xmin>
			<ymin>77</ymin>
			<xmax>349</xmax>
			<ymax>376</ymax>
		</bndbox>
	</object>
	<object>
		<name>삼선볶음밥</name>
		<bndbox>
			<xmin>91</xmin>
			<ymin>117</ymin>
			<xmax>333</xmax>
			<ymax>367</ymax>
		</bndbox>
	</object>
</annotation>