<annotation>
	<folder>side볶음밥류접시삼선볶음밥q4</folder>
	<filename>side_볶음밥류_접시_삼선볶음밥_Q4_00046.JPG</filename>
	<path>/side볶음밥류접시삼선볶음밥q4/side_볶음밥류_접시_삼선볶음밥_Q4_00046.JPG</path>
	<source>
		<database>fooddata</database>
	</source>
	<size>
		<width>720</width>
		<height>480</height>
		<depth>3</depth>
	</size>
	<object>
		<name>ref_spoon</name>
		<bndbox>
			<xmin>260</xmin>
			<ymin>314</ymin>
			<xmax>368</xmax>
			<ymax>370</ymax>
		</bndbox>
	</object>
	<object>
		<name>ref_fork</name>
		<bndbox>
			<xmin>262</xmin>
			<ymin>382</ymin>
			<xmax>380</xmax>
			<ymax>430</ymax>
		</bndbox>
	</object>
	<object>
		<name>ref_coin</name>
		<bndbox>
			<xmin>407</xmin>
			<ymin>269</ymin>
			<xmax>454</xmax>
			<ymax>306</ymax>
		</bndbox>
	</object>
	<object>
		<name>dish</name>
		<bndbox>
			<xmin>212</xmin>
			<ymin>49</ymin>
			<xmax>625</xmax>
			<ymax>223</ymax>
		</bndbox>
	</object>
	<object>
		<name>삼선볶음밥</name>
		<bndbox>
			<xmin>249</xmin>
			<ymin>60</ymin>
			<xmax>599</xmax>
			<ymax>215</ymax>
		</bndbox>
	</object>
</annotation>