<annotation>
	<folder>side볶음밥류접시삼선볶음밥q4</folder>
	<filename>side_볶음밥류_접시_삼선볶음밥_Q4_00058.JPG</filename>
	<path>/side볶음밥류접시삼선볶음밥q4/side_볶음밥류_접시_삼선볶음밥_Q4_00058.JPG</path>
	<source>
		<database>fooddata</database>
	</source>
	<size>
		<width>720</width>
		<height>480</height>
		<depth>3</depth>
	</size>
	<object>
		<name>ref_spoon</name>
		<bndbox>
			<xmin>254</xmin>
			<ymin>328</ymin>
			<xmax>362</xmax>
			<ymax>381</ymax>
		</bndbox>
	</object>
	<object>
		<name>ref_fork</name>
		<bndbox>
			<xmin>257</xmin>
			<ymin>395</ymin>
			<xmax>379</xmax>
			<ymax>439</ymax>
		</bndbox>
	</object>
	<object>
		<name>ref_coin</name>
		<bndbox>
			<xmin>328</xmin>
			<ymin>64</ymin>
			<xmax>369</xmax>
			<ymax>92</ymax>
		</bndbox>
	</object>
	<object>
		<name>dish</name>
		<bndbox>
			<xmin>219</xmin>
			<ymin>98</ymin>
			<xmax>637</xmax>
			<ymax>282</ymax>
		</bndbox>
	</object>
	<object>
		<name>삼선볶음밥</name>
		<bndbox>
			<xmin>256</xmin>
			<ymin>114</ymin>
			<xmax>601</xmax>
			<ymax>275</ymax>
		</bndbox>
	</object>
</annotation>