<annotation>
	<folder>side볶음밥류접시삼선볶음밥q4</folder>
	<filename>side_볶음밥류_접시_삼선볶음밥_Q4_00032.JPG</filename>
	<path>/side볶음밥류접시삼선볶음밥q4/side_볶음밥류_접시_삼선볶음밥_Q4_00032.JPG</path>
	<source>
		<database>fooddata</database>
	</source>
	<size>
		<width>720</width>
		<height>480</height>
		<depth>3</depth>
	</size>
	<object>
		<name>ref_spoon</name>
		<bndbox>
			<xmin>174</xmin>
			<ymin>336</ymin>
			<xmax>277</xmax>
			<ymax>387</ymax>
		</bndbox>
	</object>
	<object>
		<name>ref_fork</name>
		<bndbox>
			<xmin>200</xmin>
			<ymin>402</ymin>
			<xmax>313</xmax>
			<ymax>445</ymax>
		</bndbox>
	</object>
	<object>
		<name>ref_coin</name>
		<bndbox>
			<xmin>583</xmin>
			<ymin>133</ymin>
			<xmax>628</xmax>
			<ymax>164</ymax>
		</bndbox>
	</object>
	<object>
		<name>dish</name>
		<bndbox>
			<xmin>172</xmin>
			<ymin>115</ymin>
			<xmax>589</xmax>
			<ymax>298</ymax>
		</bndbox>
	</object>
	<object>
		<name>삼선볶음밥</name>
		<bndbox>
			<xmin>208</xmin>
			<ymin>129</ymin>
			<xmax>566</xmax>
			<ymax>289</ymax>
		</bndbox>
	</object>
</annotation>