<annotation>
	<folder>side볶음밥류접시삼선볶음밥q4</folder>
	<filename>side_볶음밥류_접시_삼선볶음밥_Q4_00028.JPG</filename>
	<path>/side볶음밥류접시삼선볶음밥q4/side_볶음밥류_접시_삼선볶음밥_Q4_00028.JPG</path>
	<source>
		<database>fooddata</database>
	</source>
	<size>
		<width>720</width>
		<height>480</height>
		<depth>3</depth>
	</size>
	<object>
		<name>ref_spoon</name>
		<bndbox>
			<xmin>152</xmin>
			<ymin>317</ymin>
			<xmax>264</xmax>
			<ymax>374</ymax>
		</bndbox>
	</object>
	<object>
		<name>ref_fork</name>
		<bndbox>
			<xmin>177</xmin>
			<ymin>387</ymin>
			<xmax>297</xmax>
			<ymax>438</ymax>
		</bndbox>
	</object>
	<object>
		<name>ref_coin</name>
		<bndbox>
			<xmin>522</xmin>
			<ymin>278</ymin>
			<xmax>570</xmax>
			<ymax>316</ymax>
		</bndbox>
	</object>
	<object>
		<name>dish</name>
		<bndbox>
			<xmin>140</xmin>
			<ymin>66</ymin>
			<xmax>573</xmax>
			<ymax>251</ymax>
		</bndbox>
	</object>
	<object>
		<name>삼선볶음밥</name>
		<bndbox>
			<xmin>178</xmin>
			<ymin>78</ymin>
			<xmax>550</xmax>
			<ymax>242</ymax>
		</bndbox>
	</object>
</annotation>