<annotation>
	<folder>side볶음밥류접시삼선볶음밥q4</folder>
	<filename>side_볶음밥류_접시_삼선볶음밥_Q4_00043.JPG</filename>
	<path>/side볶음밥류접시삼선볶음밥q4/side_볶음밥류_접시_삼선볶음밥_Q4_00043.JPG</path>
	<source>
		<database>fooddata</database>
	</source>
	<size>
		<width>720</width>
		<height>480</height>
		<depth>3</depth>
	</size>
	<object>
		<name>ref_spoon</name>
		<bndbox>
			<xmin>259</xmin>
			<ymin>341</ymin>
			<xmax>364</xmax>
			<ymax>396</ymax>
		</bndbox>
	</object>
	<object>
		<name>ref_fork</name>
		<bndbox>
			<xmin>260</xmin>
			<ymin>409</ymin>
			<xmax>378</xmax>
			<ymax>457</ymax>
		</bndbox>
	</object>
	<object>
		<name>ref_coin</name>
		<bndbox>
			<xmin>250</xmin>
			<ymin>301</ymin>
			<xmax>295</xmax>
			<ymax>339</ymax>
		</bndbox>
	</object>
	<object>
		<name>dish</name>
		<bndbox>
			<xmin>203</xmin>
			<ymin>71</ymin>
			<xmax>609</xmax>
			<ymax>251</ymax>
		</bndbox>
	</object>
	<object>
		<name>삼선볶음밥</name>
		<bndbox>
			<xmin>243</xmin>
			<ymin>84</ymin>
			<xmax>588</xmax>
			<ymax>241</ymax>
		</bndbox>
	</object>
</annotation>