<annotation>
	<folder>side볶음밥류접시삼선볶음밥q4</folder>
	<filename>side_볶음밥류_접시_삼선볶음밥_Q4_00021.JPG</filename>
	<path>/side볶음밥류접시삼선볶음밥q4/side_볶음밥류_접시_삼선볶음밥_Q4_00021.JPG</path>
	<source>
		<database>fooddata</database>
	</source>
	<size>
		<width>720</width>
		<height>480</height>
		<depth>3</depth>
	</size>
	<object>
		<name>ref_spoon</name>
		<bndbox>
			<xmin>152</xmin>
			<ymin>188</ymin>
			<xmax>212</xmax>
			<ymax>275</ymax>
		</bndbox>
	</object>
	<object>
		<name>ref_fork</name>
		<bndbox>
			<xmin>102</xmin>
			<ymin>193</ymin>
			<xmax>142</xmax>
			<ymax>288</ymax>
		</bndbox>
	</object>
	<object>
		<name>ref_coin</name>
		<bndbox>
			<xmin>342</xmin>
			<ymin>136</ymin>
			<xmax>383</xmax>
			<ymax>167</ymax>
		</bndbox>
	</object>
	<object>
		<name>dish</name>
		<bndbox>
			<xmin>224</xmin>
			<ymin>201</ymin>
			<xmax>656</xmax>
			<ymax>394</ymax>
		</bndbox>
	</object>
	<object>
		<name>삼선볶음밥</name>
		<bndbox>
			<xmin>257</xmin>
			<ymin>215</ymin>
			<xmax>631</xmax>
			<ymax>384</ymax>
		</bndbox>
	</object>
</annotation>