<annotation>
	<folder>side볶음밥류접시삼선볶음밥q4</folder>
	<filename>side_볶음밥류_접시_삼선볶음밥_Q4_00050.JPG</filename>
	<path>/side볶음밥류접시삼선볶음밥q4/side_볶음밥류_접시_삼선볶음밥_Q4_00050.JPG</path>
	<source>
		<database>fooddata</database>
	</source>
	<size>
		<width>720</width>
		<height>480</height>
		<depth>3</depth>
	</size>
	<object>
		<name>ref_spoon</name>
		<bndbox>
			<xmin>168</xmin>
			<ymin>309</ymin>
			<xmax>278</xmax>
			<ymax>363</ymax>
		</bndbox>
	</object>
	<object>
		<name>ref_fork</name>
		<bndbox>
			<xmin>171</xmin>
			<ymin>377</ymin>
			<xmax>288</xmax>
			<ymax>425</ymax>
		</bndbox>
	</object>
	<object>
		<name>ref_coin</name>
		<bndbox>
			<xmin>599</xmin>
			<ymin>213</ymin>
			<xmax>644</xmax>
			<ymax>247</ymax>
		</bndbox>
	</object>
	<object>
		<name>dish</name>
		<bndbox>
			<xmin>126</xmin>
			<ymin>88</ymin>
			<xmax>552</xmax>
			<ymax>274</ymax>
		</bndbox>
	</object>
	<object>
		<name>삼선볶음밥</name>
		<bndbox>
			<xmin>165</xmin>
			<ymin>100</ymin>
			<xmax>526</xmax>
			<ymax>264</ymax>
		</bndbox>
	</object>
</annotation>