<annotation>
	<folder>side볶음밥류접시삼선볶음밥q4</folder>
	<filename>side_볶음밥류_접시_삼선볶음밥_Q4_00031.JPG</filename>
	<path>/side볶음밥류접시삼선볶음밥q4/side_볶음밥류_접시_삼선볶음밥_Q4_00031.JPG</path>
	<source>
		<database>fooddata</database>
	</source>
	<size>
		<width>720</width>
		<height>480</height>
		<depth>3</depth>
	</size>
	<object>
		<name>ref_spoon</name>
		<bndbox>
			<xmin>149</xmin>
			<ymin>317</ymin>
			<xmax>260</xmax>
			<ymax>374</ymax>
		</bndbox>
	</object>
	<object>
		<name>ref_fork</name>
		<bndbox>
			<xmin>174</xmin>
			<ymin>387</ymin>
			<xmax>295</xmax>
			<ymax>438</ymax>
		</bndbox>
	</object>
	<object>
		<name>ref_coin</name>
		<bndbox>
			<xmin>594</xmin>
			<ymin>177</ymin>
			<xmax>640</xmax>
			<ymax>211</ymax>
		</bndbox>
	</object>
	<object>
		<name>dish</name>
		<bndbox>
			<xmin>142</xmin>
			<ymin>100</ymin>
			<xmax>586</xmax>
			<ymax>289</ymax>
		</bndbox>
	</object>
	<object>
		<name>삼선볶음밥</name>
		<bndbox>
			<xmin>180</xmin>
			<ymin>111</ymin>
			<xmax>560</xmax>
			<ymax>279</ymax>
		</bndbox>
	</object>
</annotation>