<annotation>
	<folder>side볶음밥류접시삼선볶음밥q4</folder>
	<filename>side_볶음밥류_접시_삼선볶음밥_Q4_00019.JPG</filename>
	<path>/side볶음밥류접시삼선볶음밥q4/side_볶음밥류_접시_삼선볶음밥_Q4_00019.JPG</path>
	<source>
		<database>fooddata</database>
	</source>
	<size>
		<width>720</width>
		<height>480</height>
		<depth>3</depth>
	</size>
	<object>
		<name>ref_spoon</name>
		<bndbox>
			<xmin>198</xmin>
			<ymin>186</ymin>
			<xmax>256</xmax>
			<ymax>274</ymax>
		</bndbox>
	</object>
	<object>
		<name>ref_fork</name>
		<bndbox>
			<xmin>148</xmin>
			<ymin>192</ymin>
			<xmax>188</xmax>
			<ymax>289</ymax>
		</bndbox>
	</object>
	<object>
		<name>ref_coin</name>
		<bndbox>
			<xmin>535</xmin>
			<ymin>179</ymin>
			<xmax>577</xmax>
			<ymax>211</ymax>
		</bndbox>
	</object>
	<object>
		<name>dish</name>
		<bndbox>
			<xmin>279</xmin>
			<ymin>139</ymin>
			<xmax>606</xmax>
			<ymax>419</ymax>
		</bndbox>
	</object>
	<object>
		<name>삼선볶음밥</name>
		<bndbox>
			<xmin>303</xmin>
			<ymin>174</ymin>
			<xmax>589</xmax>
			<ymax>408</ymax>
		</bndbox>
	</object>
</annotation>