<annotation>
	<folder>side볶음밥류접시삼선볶음밥q4</folder>
	<filename>side_볶음밥류_접시_삼선볶음밥_Q4_00027.JPG</filename>
	<path>/side볶음밥류접시삼선볶음밥q4/side_볶음밥류_접시_삼선볶음밥_Q4_00027.JPG</path>
	<source>
		<database>fooddata</database>
	</source>
	<size>
		<width>720</width>
		<height>480</height>
		<depth>3</depth>
	</size>
	<object>
		<name>ref_spoon</name>
		<bndbox>
			<xmin>159</xmin>
			<ymin>304</ymin>
			<xmax>273</xmax>
			<ymax>361</ymax>
		</bndbox>
	</object>
	<object>
		<name>ref_fork</name>
		<bndbox>
			<xmin>184</xmin>
			<ymin>374</ymin>
			<xmax>309</xmax>
			<ymax>426</ymax>
		</bndbox>
	</object>
	<object>
		<name>ref_coin</name>
		<bndbox>
			<xmin>463</xmin>
			<ymin>277</ymin>
			<xmax>511</xmax>
			<ymax>315</ymax>
		</bndbox>
	</object>
	<object>
		<name>dish</name>
		<bndbox>
			<xmin>148</xmin>
			<ymin>54</ymin>
			<xmax>580</xmax>
			<ymax>238</ymax>
		</bndbox>
	</object>
	<object>
		<name>삼선볶음밥</name>
		<bndbox>
			<xmin>184</xmin>
			<ymin>65</ymin>
			<xmax>556</xmax>
			<ymax>228</ymax>
		</bndbox>
	</object>
</annotation>