<annotation>
	<folder>top볶음밥류접시삼선볶음밥q4</folder>
	<filename>top_볶음밥류_접시_삼선볶음밥_Q4_00017.JPG</filename>
	<path>/top볶음밥류접시삼선볶음밥q4/top_볶음밥류_접시_삼선볶음밥_Q4_00017.JPG</path>
	<source>
		<database>fooddata</database>
	</source>
	<size>
		<width>720</width>
		<height>480</height>
		<depth>3</depth>
	</size>
	<object>
		<name>ref_spoon</name>
		<bndbox>
			<xmin>176</xmin>
			<ymin>54</ymin>
			<xmax>226</xmax>
			<ymax>142</ymax>
		</bndbox>
	</object>
	<object>
		<name>ref_fork</name>
		<bndbox>
			<xmin>241</xmin>
			<ymin>60</ymin>
			<xmax>273</xmax>
			<ymax>151</ymax>
		</bndbox>
	</object>
	<object>
		<name>ref_coin</name>
		<bndbox>
			<xmin>461</xmin>
			<ymin>386</ymin>
			<xmax>501</xmax>
			<ymax>425</ymax>
		</bndbox>
	</object>
	<object>
		<name>dish</name>
		<bndbox>
			<xmin>295</xmin>
			<ymin>32</ymin>
			<xmax>510</xmax>
			<ymax>388</ymax>
		</bndbox>
	</object>
	<object>
		<name>삼선볶음밥</name>
		<bndbox>
			<xmin>304</xmin>
			<ymin>63</ymin>
			<xmax>498</xmax>
			<ymax>360</ymax>
		</bndbox>
	</object>
</annotation>