<annotation>
	<folder>top볶음밥류접시삼선볶음밥q4</folder>
	<filename>top_볶음밥류_접시_삼선볶음밥_Q4_00025.JPG</filename>
	<path>/top볶음밥류접시삼선볶음밥q4/top_볶음밥류_접시_삼선볶음밥_Q4_00025.JPG</path>
	<source>
		<database>fooddata</database>
	</source>
	<size>
		<width>720</width>
		<height>480</height>
		<depth>3</depth>
	</size>
	<object>
		<name>ref_spoon</name>
		<bndbox>
			<xmin>214</xmin>
			<ymin>386</ymin>
			<xmax>313</xmax>
			<ymax>449</ymax>
		</bndbox>
	</object>
	<object>
		<name>ref_fork</name>
		<bndbox>
			<xmin>225</xmin>
			<ymin>326</ymin>
			<xmax>329</xmax>
			<ymax>364</ymax>
		</bndbox>
	</object>
	<object>
		<name>ref_coin</name>
		<bndbox>
			<xmin>326</xmin>
			<ymin>272</ymin>
			<xmax>368</xmax>
			<ymax>313</ymax>
		</bndbox>
	</object>
	<object>
		<name>dish</name>
		<bndbox>
			<xmin>172</xmin>
			<ymin>35</ymin>
			<xmax>580</xmax>
			<ymax>265</ymax>
		</bndbox>
	</object>
	<object>
		<name>삼선볶음밥</name>
		<bndbox>
			<xmin>212</xmin>
			<ymin>47</ymin>
			<xmax>545</xmax>
			<ymax>255</ymax>
		</bndbox>
	</object>
</annotation>