<annotation>
	<folder>top볶음밥류접시삼선볶음밥q4</folder>
	<filename>top_볶음밥류_접시_삼선볶음밥_Q4_00048.JPG</filename>
	<path>/top볶음밥류접시삼선볶음밥q4/top_볶음밥류_접시_삼선볶음밥_Q4_00048.JPG</path>
	<source>
		<database>fooddata</database>
	</source>
	<size>
		<width>720</width>
		<height>480</height>
		<depth>3</depth>
	</size>
	<object>
		<name>ref_spoon</name>
		<bndbox>
			<xmin>262</xmin>
			<ymin>380</ymin>
			<xmax>358</xmax>
			<ymax>440</ymax>
		</bndbox>
	</object>
	<object>
		<name>ref_fork</name>
		<bndbox>
			<xmin>269</xmin>
			<ymin>317</ymin>
			<xmax>372</xmax>
			<ymax>357</ymax>
		</bndbox>
	</object>
	<object>
		<name>ref_coin</name>
		<bndbox>
			<xmin>639</xmin>
			<ymin>190</ymin>
			<xmax>680</xmax>
			<ymax>229</ymax>
		</bndbox>
	</object>
	<object>
		<name>dish</name>
		<bndbox>
			<xmin>210</xmin>
			<ymin>61</ymin>
			<xmax>617</xmax>
			<ymax>293</ymax>
		</bndbox>
	</object>
	<object>
		<name>삼선볶음밥</name>
		<bndbox>
			<xmin>242</xmin>
			<ymin>68</ymin>
			<xmax>588</xmax>
			<ymax>281</ymax>
		</bndbox>
	</object>
</annotation>