<annotation>
	<folder>top볶음밥류접시삼선볶음밥q4</folder>
	<filename>top_볶음밥류_접시_삼선볶음밥_Q4_00021.JPG</filename>
	<path>/top볶음밥류접시삼선볶음밥q4/top_볶음밥류_접시_삼선볶음밥_Q4_00021.JPG</path>
	<source>
		<database>fooddata</database>
	</source>
	<size>
		<width>720</width>
		<height>480</height>
		<depth>3</depth>
	</size>
	<object>
		<name>ref_spoon</name>
		<bndbox>
			<xmin>102</xmin>
			<ymin>52</ymin>
			<xmax>161</xmax>
			<ymax>156</ymax>
		</bndbox>
	</object>
	<object>
		<name>ref_fork</name>
		<bndbox>
			<xmin>179</xmin>
			<ymin>61</ymin>
			<xmax>218</xmax>
			<ymax>167</ymax>
		</bndbox>
	</object>
	<object>
		<name>ref_coin</name>
		<bndbox>
			<xmin>275</xmin>
			<ymin>49</ymin>
			<xmax>318</xmax>
			<ymax>91</ymax>
		</bndbox>
	</object>
	<object>
		<name>dish</name>
		<bndbox>
			<xmin>231</xmin>
			<ymin>124</ymin>
			<xmax>675</xmax>
			<ymax>387</ymax>
		</bndbox>
	</object>
	<object>
		<name>삼선볶음밥</name>
		<bndbox>
			<xmin>267</xmin>
			<ymin>138</ymin>
			<xmax>634</xmax>
			<ymax>371</ymax>
		</bndbox>
	</object>
</annotation>