<annotation>
	<folder>top볶음밥류접시삼선볶음밥q4</folder>
	<filename>top_볶음밥류_접시_삼선볶음밥_Q4_00054.JPG</filename>
	<path>/top볶음밥류접시삼선볶음밥q4/top_볶음밥류_접시_삼선볶음밥_Q4_00054.JPG</path>
	<source>
		<database>fooddata</database>
	</source>
	<size>
		<width>720</width>
		<height>480</height>
		<depth>3</depth>
	</size>
	<object>
		<name>ref_spoon</name>
		<bndbox>
			<xmin>168</xmin>
			<ymin>406</ymin>
			<xmax>264</xmax>
			<ymax>468</ymax>
		</bndbox>
	</object>
	<object>
		<name>ref_fork</name>
		<bndbox>
			<xmin>180</xmin>
			<ymin>346</ymin>
			<xmax>280</xmax>
			<ymax>385</ymax>
		</bndbox>
	</object>
	<object>
		<name>ref_coin</name>
		<bndbox>
			<xmin>328</xmin>
			<ymin>24</ymin>
			<xmax>366</xmax>
			<ymax>58</ymax>
		</bndbox>
	</object>
	<object>
		<name>dish</name>
		<bndbox>
			<xmin>130</xmin>
			<ymin>100</ymin>
			<xmax>526</xmax>
			<ymax>326</ymax>
		</bndbox>
	</object>
	<object>
		<name>삼선볶음밥</name>
		<bndbox>
			<xmin>161</xmin>
			<ymin>107</ymin>
			<xmax>502</xmax>
			<ymax>315</ymax>
		</bndbox>
	</object>
</annotation>