<annotation>
	<folder>top볶음밥류접시삼선볶음밥q4</folder>
	<filename>top_볶음밥류_접시_삼선볶음밥_Q4_00045.JPG</filename>
	<path>/top볶음밥류접시삼선볶음밥q4/top_볶음밥류_접시_삼선볶음밥_Q4_00045.JPG</path>
	<source>
		<database>fooddata</database>
	</source>
	<size>
		<width>720</width>
		<height>480</height>
		<depth>3</depth>
	</size>
	<object>
		<name>ref_spoon</name>
		<bndbox>
			<xmin>276</xmin>
			<ymin>371</ymin>
			<xmax>377</xmax>
			<ymax>432</ymax>
		</bndbox>
	</object>
	<object>
		<name>ref_fork</name>
		<bndbox>
			<xmin>285</xmin>
			<ymin>308</ymin>
			<xmax>388</xmax>
			<ymax>349</ymax>
		</bndbox>
	</object>
	<object>
		<name>ref_coin</name>
		<bndbox>
			<xmin>161</xmin>
			<ymin>240</ymin>
			<xmax>203</xmax>
			<ymax>281</ymax>
		</bndbox>
	</object>
	<object>
		<name>dish</name>
		<bndbox>
			<xmin>227</xmin>
			<ymin>51</ymin>
			<xmax>642</xmax>
			<ymax>290</ymax>
		</bndbox>
	</object>
	<object>
		<name>삼선볶음밥</name>
		<bndbox>
			<xmin>262</xmin>
			<ymin>58</ymin>
			<xmax>594</xmax>
			<ymax>276</ymax>
		</bndbox>
	</object>
</annotation>