<annotation>
	<folder>top볶음밥류접시삼선볶음밥q4</folder>
	<filename>top_볶음밥류_접시_삼선볶음밥_Q4_00040.JPG</filename>
	<path>/top볶음밥류접시삼선볶음밥q4/top_볶음밥류_접시_삼선볶음밥_Q4_00040.JPG</path>
	<source>
		<database>fooddata</database>
	</source>
	<size>
		<width>720</width>
		<height>480</height>
		<depth>3</depth>
	</size>
	<object>
		<name>ref_spoon</name>
		<bndbox>
			<xmin>262</xmin>
			<ymin>391</ymin>
			<xmax>349</xmax>
			<ymax>446</ymax>
		</bndbox>
	</object>
	<object>
		<name>ref_fork</name>
		<bndbox>
			<xmin>272</xmin>
			<ymin>337</ymin>
			<xmax>366</xmax>
			<ymax>372</ymax>
		</bndbox>
	</object>
	<object>
		<name>ref_coin</name>
		<bndbox>
			<xmin>265</xmin>
			<ymin>47</ymin>
			<xmax>301</xmax>
			<ymax>81</ymax>
		</bndbox>
	</object>
	<object>
		<name>dish</name>
		<bndbox>
			<xmin>230</xmin>
			<ymin>108</ymin>
			<xmax>598</xmax>
			<ymax>320</ymax>
		</bndbox>
	</object>
	<object>
		<name>삼선볶음밥</name>
		<bndbox>
			<xmin>264</xmin>
			<ymin>119</ymin>
			<xmax>566</xmax>
			<ymax>310</ymax>
		</bndbox>
	</object>
</annotation>