<annotation>
	<folder>top볶음밥류접시삼선볶음밥q4</folder>
	<filename>top_볶음밥류_접시_삼선볶음밥_Q4_00016.JPG</filename>
	<path>/top볶음밥류접시삼선볶음밥q4/top_볶음밥류_접시_삼선볶음밥_Q4_00016.JPG</path>
	<source>
		<database>fooddata</database>
	</source>
	<size>
		<width>720</width>
		<height>480</height>
		<depth>3</depth>
	</size>
	<object>
		<name>ref_spoon</name>
		<bndbox>
			<xmin>138</xmin>
			<ymin>29</ymin>
			<xmax>199</xmax>
			<ymax>127</ymax>
		</bndbox>
	</object>
	<object>
		<name>ref_fork</name>
		<bndbox>
			<xmin>218</xmin>
			<ymin>38</ymin>
			<xmax>256</xmax>
			<ymax>147</ymax>
		</bndbox>
	</object>
	<object>
		<name>ref_coin</name>
		<bndbox>
			<xmin>399</xmin>
			<ymin>415</ymin>
			<xmax>444</xmax>
			<ymax>462</ymax>
		</bndbox>
	</object>
	<object>
		<name>dish</name>
		<bndbox>
			<xmin>295</xmin>
			<ymin>52</ymin>
			<xmax>665</xmax>
			<ymax>421</ymax>
		</bndbox>
	</object>
	<object>
		<name>삼선볶음밥</name>
		<bndbox>
			<xmin>308</xmin>
			<ymin>83</ymin>
			<xmax>629</xmax>
			<ymax>390</ymax>
		</bndbox>
	</object>
</annotation>