<annotation>
	<folder>top볶음밥류접시삼선볶음밥q4</folder>
	<filename>top_볶음밥류_접시_삼선볶음밥_Q4_00019.JPG</filename>
	<path>/top볶음밥류접시삼선볶음밥q4/top_볶음밥류_접시_삼선볶음밥_Q4_00019.JPG</path>
	<source>
		<database>fooddata</database>
	</source>
	<size>
		<width>720</width>
		<height>480</height>
		<depth>3</depth>
	</size>
	<object>
		<name>ref_spoon</name>
		<bndbox>
			<xmin>73</xmin>
			<ymin>47</ymin>
			<xmax>136</xmax>
			<ymax>151</ymax>
		</bndbox>
	</object>
	<object>
		<name>ref_fork</name>
		<bndbox>
			<xmin>152</xmin>
			<ymin>51</ymin>
			<xmax>194</xmax>
			<ymax>160</ymax>
		</bndbox>
	</object>
	<object>
		<name>ref_coin</name>
		<bndbox>
			<xmin>532</xmin>
			<ymin>323</ymin>
			<xmax>579</xmax>
			<ymax>369</ymax>
		</bndbox>
	</object>
	<object>
		<name>dish</name>
		<bndbox>
			<xmin>235</xmin>
			<ymin>39</ymin>
			<xmax>598</xmax>
			<ymax>414</ymax>
		</bndbox>
	</object>
	<object>
		<name>삼선볶음밥</name>
		<bndbox>
			<xmin>270</xmin>
			<ymin>52</ymin>
			<xmax>573</xmax>
			<ymax>382</ymax>
		</bndbox>
	</object>
</annotation>