<annotation>
	<folder>top볶음밥류접시삼선볶음밥q4</folder>
	<filename>top_볶음밥류_접시_삼선볶음밥_Q4_00046.JPG</filename>
	<path>/top볶음밥류접시삼선볶음밥q4/top_볶음밥류_접시_삼선볶음밥_Q4_00046.JPG</path>
	<source>
		<database>fooddata</database>
	</source>
	<size>
		<width>720</width>
		<height>480</height>
		<depth>3</depth>
	</size>
	<object>
		<name>ref_spoon</name>
		<bndbox>
			<xmin>269</xmin>
			<ymin>386</ymin>
			<xmax>365</xmax>
			<ymax>447</ymax>
		</bndbox>
	</object>
	<object>
		<name>ref_fork</name>
		<bndbox>
			<xmin>276</xmin>
			<ymin>326</ymin>
			<xmax>379</xmax>
			<ymax>364</ymax>
		</bndbox>
	</object>
	<object>
		<name>ref_coin</name>
		<bndbox>
			<xmin>177</xmin>
			<ymin>301</ymin>
			<xmax>218</xmax>
			<ymax>344</ymax>
		</bndbox>
	</object>
	<object>
		<name>dish</name>
		<bndbox>
			<xmin>227</xmin>
			<ymin>75</ymin>
			<xmax>637</xmax>
			<ymax>307</ymax>
		</bndbox>
	</object>
	<object>
		<name>삼선볶음밥</name>
		<bndbox>
			<xmin>260</xmin>
			<ymin>83</ymin>
			<xmax>609</xmax>
			<ymax>294</ymax>
		</bndbox>
	</object>
</annotation>