<annotation>
	<folder>side건더기국류냄비꽃게탕q1</folder>
	<filename>side_건더기국류_냄비_꽃게탕_Q1_00018.JPG</filename>
	<path>/side건더기국류냄비꽃게탕q1/side_건더기국류_냄비_꽃게탕_Q1_00018.JPG</path>
	<source>
		<database>fooddata</database>
	</source>
	<size>
		<width>3008</width>
		<height>2000</height>
		<depth>3</depth>
	</size>
	<object>
		<name>ref_spoon</name>
		<bndbox>
			<xmin>639</xmin>
			<ymin>1550</ymin>
			<xmax>1096</xmax>
			<ymax>1807</ymax>
		</bndbox>
	</object>
	<object>
		<name>ref_fork</name>
		<bndbox>
			<xmin>772</xmin>
			<ymin>1315</ymin>
			<xmax>1251</xmax>
			<ymax>1555</ymax>
		</bndbox>
	</object>
	<object>
		<name>ref_coin</name>
		<bndbox>
			<xmin>546</xmin>
			<ymin>1053</ymin>
			<xmax>736</xmax>
			<ymax>1200</ymax>
		</bndbox>
	</object>
	<object>
		<name>dish</name>
		<bndbox>
			<xmin>941</xmin>
			<ymin>277</ymin>
			<xmax>2240</xmax>
			<ymax>1177</ymax>
		</bndbox>
	</object>
	<object>
		<name>꽃게탕</name>
		<bndbox>
			<xmin>1154</xmin>
			<ymin>601</ymin>
			<xmax>2028</xmax>
			<ymax>1044</ymax>
		</bndbox>
	</object>
</annotation>