<annotation>
	<folder>side건더기국류냄비꽃게탕q1</folder>
	<filename>side_건더기국류_냄비_꽃게탕_Q1_00050.JPG</filename>
	<path>/side건더기국류냄비꽃게탕q1/side_건더기국류_냄비_꽃게탕_Q1_00050.JPG</path>
	<source>
		<database>fooddata</database>
	</source>
	<size>
		<width>3008</width>
		<height>2000</height>
		<depth>3</depth>
	</size>
	<object>
		<name>ref_spoon</name>
		<bndbox>
			<xmin>537</xmin>
			<ymin>658</ymin>
			<xmax>803</xmax>
			<ymax>1022</ymax>
		</bndbox>
	</object>
	<object>
		<name>ref_fork</name>
		<bndbox>
			<xmin>878</xmin>
			<ymin>632</ymin>
			<xmax>1069</xmax>
			<ymax>1035</ymax>
		</bndbox>
	</object>
	<object>
		<name>ref_coin</name>
		<bndbox>
			<xmin>231</xmin>
			<ymin>1084</ymin>
			<xmax>439</xmax>
			<ymax>1240</ymax>
		</bndbox>
	</object>
	<object>
		<name>dish</name>
		<bndbox>
			<xmin>1127</xmin>
			<ymin>601</ymin>
			<xmax>2604</xmax>
			<ymax>1657</ymax>
		</bndbox>
	</object>
	<object>
		<name>꽃게탕</name>
		<bndbox>
			<xmin>1353</xmin>
			<ymin>880</ymin>
			<xmax>2365</xmax>
			<ymax>1519</ymax>
		</bndbox>
	</object>
</annotation>