<annotation>
	<folder>side건더기국류냄비꽃게탕q1</folder>
	<filename>side_건더기국류_냄비_꽃게탕_Q1_00054.JPG</filename>
	<path>/side건더기국류냄비꽃게탕q1/side_건더기국류_냄비_꽃게탕_Q1_00054.JPG</path>
	<source>
		<database>fooddata</database>
	</source>
	<size>
		<width>3008</width>
		<height>2000</height>
		<depth>3</depth>
	</size>
	<object>
		<name>ref_spoon</name>
		<bndbox>
			<xmin>106</xmin>
			<ymin>499</ymin>
			<xmax>382</xmax>
			<ymax>862</ymax>
		</bndbox>
	</object>
	<object>
		<name>ref_fork</name>
		<bndbox>
			<xmin>470</xmin>
			<ymin>481</ymin>
			<xmax>657</xmax>
			<ymax>858</ymax>
		</bndbox>
	</object>
	<object>
		<name>ref_coin</name>
		<bndbox>
			<xmin>1278</xmin>
			<ymin>1608</ymin>
			<xmax>1522</xmax>
			<ymax>1785</ymax>
		</bndbox>
	</object>
	<object>
		<name>dish</name>
		<bndbox>
			<xmin>967</xmin>
			<ymin>388</ymin>
			<xmax>2449</xmax>
			<ymax>1426</ymax>
		</bndbox>
	</object>
	<object>
		<name>꽃게탕</name>
		<bndbox>
			<xmin>1202</xmin>
			<ymin>743</ymin>
			<xmax>2254</xmax>
			<ymax>1293</ymax>
		</bndbox>
	</object>
</annotation>