<annotation>
	<folder>side건더기국류냄비꽃게탕q1</folder>
	<filename>side_건더기국류_냄비_꽃게탕_Q1_00014.JPG</filename>
	<path>/side건더기국류냄비꽃게탕q1/side_건더기국류_냄비_꽃게탕_Q1_00014.JPG</path>
	<source>
		<database>fooddata</database>
	</source>
	<size>
		<width>3008</width>
		<height>2000</height>
		<depth>3</depth>
	</size>
	<object>
		<name>ref_spoon</name>
		<bndbox>
			<xmin>2138</xmin>
			<ymin>641</ymin>
			<xmax>2427</xmax>
			<ymax>991</ymax>
		</bndbox>
	</object>
	<object>
		<name>ref_fork</name>
		<bndbox>
			<xmin>2493</xmin>
			<ymin>641</ymin>
			<xmax>2689</xmax>
			<ymax>1044</ymax>
		</bndbox>
	</object>
	<object>
		<name>ref_coin</name>
		<bndbox>
			<xmin>1872</xmin>
			<ymin>960</ymin>
			<xmax>2076</xmax>
			<ymax>1111</ymax>
		</bndbox>
	</object>
	<object>
		<name>dish</name>
		<bndbox>
			<xmin>106</xmin>
			<ymin>539</ymin>
			<xmax>1544</xmax>
			<ymax>1559</ymax>
		</bndbox>
	</object>
	<object>
		<name>꽃게탕</name>
		<bndbox>
			<xmin>373</xmin>
			<ymin>889</ymin>
			<xmax>1318</xmax>
			<ymax>1430</ymax>
		</bndbox>
	</object>
</annotation>