<annotation>
	<folder>side건더기국류냄비꽃게탕q1</folder>
	<filename>side_건더기국류_냄비_꽃게탕_Q1_00004.JPG</filename>
	<path>/side건더기국류냄비꽃게탕q1/side_건더기국류_냄비_꽃게탕_Q1_00004.JPG</path>
	<source>
		<database>fooddata</database>
	</source>
	<size>
		<width>3008</width>
		<height>2000</height>
		<depth>3</depth>
	</size>
	<object>
		<name>ref_spoon</name>
		<bndbox>
			<xmin>2316</xmin>
			<ymin>698</ymin>
			<xmax>2600</xmax>
			<ymax>1062</ymax>
		</bndbox>
	</object>
	<object>
		<name>ref_fork</name>
		<bndbox>
			<xmin>2675</xmin>
			<ymin>725</ymin>
			<xmax>2866</xmax>
			<ymax>1106</ymax>
		</bndbox>
	</object>
	<object>
		<name>ref_coin</name>
		<bndbox>
			<xmin>688</xmin>
			<ymin>1657</ymin>
			<xmax>905</xmax>
			<ymax>1812</ymax>
		</bndbox>
	</object>
	<object>
		<name>dish</name>
		<bndbox>
			<xmin>719</xmin>
			<ymin>561</ymin>
			<xmax>2147</xmax>
			<ymax>1563</ymax>
		</bndbox>
	</object>
	<object>
		<name>꽃게탕</name>
		<bndbox>
			<xmin>945</xmin>
			<ymin>898</ymin>
			<xmax>1934</xmax>
			<ymax>1426</ymax>
		</bndbox>
	</object>
</annotation>