<annotation>
	<folder>top건더기국류냄비꽃게탕q1</folder>
	<filename>top_건더기국류_냄비_꽃게탕_Q1_00008.JPG</filename>
	<path>/top건더기국류냄비꽃게탕q1/top_건더기국류_냄비_꽃게탕_Q1_00008.JPG</path>
	<source>
		<database>fooddata</database>
	</source>
	<size>
		<width>3008</width>
		<height>2000</height>
		<depth>3</depth>
	</size>
	<object>
		<name>ref_spoon</name>
		<bndbox>
			<xmin>2394</xmin>
			<ymin>465</ymin>
			<xmax>2624</xmax>
			<ymax>823</ymax>
		</bndbox>
	</object>
	<object>
		<name>ref_fork</name>
		<bndbox>
			<xmin>2126</xmin>
			<ymin>446</ymin>
			<xmax>2314</xmax>
			<ymax>872</ymax>
		</bndbox>
	</object>
	<object>
		<name>ref_coin</name>
		<bndbox>
			<xmin>513</xmin>
			<ymin>265</ymin>
			<xmax>686</xmax>
			<ymax>420</ymax>
		</bndbox>
	</object>
	<object>
		<name>dish</name>
		<bndbox>
			<xmin>528</xmin>
			<ymin>355</ymin>
			<xmax>1794</xmax>
			<ymax>1603</ymax>
		</bndbox>
	</object>
	<object>
		<name>꽃게탕</name>
		<bndbox>
			<xmin>795</xmin>
			<ymin>593</ymin>
			<xmax>1579</xmax>
			<ymax>1377</ymax>
		</bndbox>
	</object>
</annotation>