<annotation>
	<folder>top건더기국류냄비꽃게탕q1</folder>
	<filename>top_건더기국류_냄비_꽃게탕_Q1_00025.JPG</filename>
	<path>/top건더기국류냄비꽃게탕q1/top_건더기국류_냄비_꽃게탕_Q1_00025.JPG</path>
	<source>
		<database>fooddata</database>
	</source>
	<size>
		<width>3008</width>
		<height>2000</height>
		<depth>3</depth>
	</size>
	<object>
		<name>ref_spoon</name>
		<bndbox>
			<xmin>875</xmin>
			<ymin>1445</ymin>
			<xmax>1138</xmax>
			<ymax>1622</ymax>
		</bndbox>
	</object>
	<object>
		<name>ref_fork</name>
		<bndbox>
			<xmin>893</xmin>
			<ymin>1667</ymin>
			<xmax>1199</xmax>
			<ymax>1829</ymax>
		</bndbox>
	</object>
	<object>
		<name>ref_coin</name>
		<bndbox>
			<xmin>1885</xmin>
			<ymin>913</ymin>
			<xmax>2017</xmax>
			<ymax>1041</ymax>
		</bndbox>
	</object>
	<object>
		<name>dish</name>
		<bndbox>
			<xmin>795</xmin>
			<ymin>344</ymin>
			<xmax>1749</xmax>
			<ymax>1294</ymax>
		</bndbox>
	</object>
	<object>
		<name>꽃게탕</name>
		<bndbox>
			<xmin>1006</xmin>
			<ymin>461</ymin>
			<xmax>1598</xmax>
			<ymax>1139</ymax>
		</bndbox>
	</object>
</annotation>