<annotation>
	<folder>top건더기국류냄비꽃게탕q1</folder>
	<filename>top_건더기국류_냄비_꽃게탕_Q1_00013.JPG</filename>
	<path>/top건더기국류냄비꽃게탕q1/top_건더기국류_냄비_꽃게탕_Q1_00013.JPG</path>
	<source>
		<database>fooddata</database>
	</source>
	<size>
		<width>3008</width>
		<height>2000</height>
		<depth>3</depth>
	</size>
	<object>
		<name>ref_spoon</name>
		<bndbox>
			<xmin>2341</xmin>
			<ymin>472</ymin>
			<xmax>2575</xmax>
			<ymax>808</ymax>
		</bndbox>
	</object>
	<object>
		<name>ref_fork</name>
		<bndbox>
			<xmin>2088</xmin>
			<ymin>461</ymin>
			<xmax>2281</xmax>
			<ymax>838</ymax>
		</bndbox>
	</object>
	<object>
		<name>ref_coin</name>
		<bndbox>
			<xmin>1794</xmin>
			<ymin>838</ymin>
			<xmax>1960</xmax>
			<ymax>989</ymax>
		</bndbox>
	</object>
	<object>
		<name>dish</name>
		<bndbox>
			<xmin>343</xmin>
			<ymin>359</ymin>
			<xmax>1553</xmax>
			<ymax>1577</ymax>
		</bndbox>
	</object>
	<object>
		<name>꽃게탕</name>
		<bndbox>
			<xmin>633</xmin>
			<ymin>604</ymin>
			<xmax>1380</xmax>
			<ymax>1351</ymax>
		</bndbox>
	</object>
</annotation>