<annotation>
	<folder>top건더기국류냄비꽃게탕q1</folder>
	<filename>top_건더기국류_냄비_꽃게탕_Q1_00045.JPG</filename>
	<path>/top건더기국류냄비꽃게탕q1/top_건더기국류_냄비_꽃게탕_Q1_00045.JPG</path>
	<source>
		<database>fooddata</database>
	</source>
	<size>
		<width>3008</width>
		<height>2000</height>
		<depth>3</depth>
	</size>
	<object>
		<name>ref_spoon</name>
		<bndbox>
			<xmin>633</xmin>
			<ymin>476</ymin>
			<xmax>837</xmax>
			<ymax>763</ymax>
		</bndbox>
	</object>
	<object>
		<name>ref_fork</name>
		<bndbox>
			<xmin>392</xmin>
			<ymin>551</ymin>
			<xmax>547</xmax>
			<ymax>906</ymax>
		</bndbox>
	</object>
	<object>
		<name>ref_coin</name>
		<bndbox>
			<xmin>1086</xmin>
			<ymin>84</ymin>
			<xmax>1229</xmax>
			<ymax>231</ymax>
		</bndbox>
	</object>
	<object>
		<name>dish</name>
		<bndbox>
			<xmin>754</xmin>
			<ymin>521</ymin>
			<xmax>1885</xmax>
			<ymax>1652</ymax>
		</bndbox>
	</object>
	<object>
		<name>꽃게탕</name>
		<bndbox>
			<xmin>908</xmin>
			<ymin>732</ymin>
			<xmax>1692</xmax>
			<ymax>1501</ymax>
		</bndbox>
	</object>
</annotation>