<annotation>
	<folder>top건더기국류냄비꽃게탕q1</folder>
	<filename>top_건더기국류_냄비_꽃게탕_Q1_00051.JPG</filename>
	<path>/top건더기국류냄비꽃게탕q1/top_건더기국류_냄비_꽃게탕_Q1_00051.JPG</path>
	<source>
		<database>fooddata</database>
	</source>
	<size>
		<width>3008</width>
		<height>2000</height>
		<depth>3</depth>
	</size>
	<object>
		<name>ref_spoon</name>
		<bndbox>
			<xmin>618</xmin>
			<ymin>205</ymin>
			<xmax>844</xmax>
			<ymax>563</ymax>
		</bndbox>
	</object>
	<object>
		<name>ref_fork</name>
		<bndbox>
			<xmin>354</xmin>
			<ymin>280</ymin>
			<xmax>516</xmax>
			<ymax>657</ymax>
		</bndbox>
	</object>
	<object>
		<name>ref_coin</name>
		<bndbox>
			<xmin>1677</xmin>
			<ymin>1577</ymin>
			<xmax>1851</xmax>
			<ymax>1750</ymax>
		</bndbox>
	</object>
	<object>
		<name>dish</name>
		<bndbox>
			<xmin>777</xmin>
			<ymin>314</ymin>
			<xmax>2020</xmax>
			<ymax>1535</ymax>
		</bndbox>
	</object>
	<object>
		<name>꽃게탕</name>
		<bndbox>
			<xmin>980</xmin>
			<ymin>548</ymin>
			<xmax>1790</xmax>
			<ymax>1400</ymax>
		</bndbox>
	</object>
</annotation>