<annotation>
	<folder>top건더기국류냄비꽃게탕q1</folder>
	<filename>top_건더기국류_냄비_꽃게탕_Q1_00030.JPG</filename>
	<path>/top건더기국류냄비꽃게탕q1/top_건더기국류_냄비_꽃게탕_Q1_00030.JPG</path>
	<source>
		<database>fooddata</database>
	</source>
	<size>
		<width>3008</width>
		<height>2000</height>
		<depth>3</depth>
	</size>
	<object>
		<name>ref_spoon</name>
		<bndbox>
			<xmin>818</xmin>
			<ymin>1479</ymin>
			<xmax>1093</xmax>
			<ymax>1678</ymax>
		</bndbox>
	</object>
	<object>
		<name>ref_fork</name>
		<bndbox>
			<xmin>829</xmin>
			<ymin>1716</ymin>
			<xmax>1153</xmax>
			<ymax>1882</ymax>
		</bndbox>
	</object>
	<object>
		<name>ref_coin</name>
		<bndbox>
			<xmin>1885</xmin>
			<ymin>698</ymin>
			<xmax>2017</xmax>
			<ymax>823</ymax>
		</bndbox>
	</object>
	<object>
		<name>dish</name>
		<bndbox>
			<xmin>648</xmin>
			<ymin>314</ymin>
			<xmax>1640</xmax>
			<ymax>1302</ymax>
		</bndbox>
	</object>
	<object>
		<name>꽃게탕</name>
		<bndbox>
			<xmin>871</xmin>
			<ymin>525</ymin>
			<xmax>1496</xmax>
			<ymax>1170</ymax>
		</bndbox>
	</object>
</annotation>