<annotation>
	<folder>side파스타류낮고큰파스타볼크림소스스파게티q2</folder>
	<filename>side_파스타류_낮고큰파스타볼_크림소스스파게티_Q2_00003.JPG</filename>
	<path>/side파스타류낮고큰파스타볼크림소스스파게티q2/side_파스타류_낮고큰파스타볼_크림소스스파게티_Q2_00003.JPG</path>
	<source>
		<database>fooddata</database>
	</source>
	<size>
		<width>5472</width>
		<height>3648</height>
		<depth>3</depth>
	</size>
	<object>
		<name>ref_spoon</name>
		<bndbox>
			<xmin>3983</xmin>
			<ymin>709</ymin>
			<xmax>4474</xmax>
			<ymax>1380</ymax>
		</bndbox>
	</object>
	<object>
		<name>ref_fork</name>
		<bndbox>
			<xmin>4591</xmin>
			<ymin>694</ymin>
			<xmax>4958</xmax>
			<ymax>1434</ymax>
		</bndbox>
	</object>
	<object>
		<name>ref_coin</name>
		<bndbox>
			<xmin>2331</xmin>
			<ymin>2954</ymin>
			<xmax>2728</xmax>
			<ymax>3289</ymax>
		</bndbox>
	</object>
	<object>
		<name>dish</name>
		<bndbox>
			<xmin>756</xmin>
			<ymin>203</ymin>
			<xmax>3695</xmax>
			<ymax>2284</ymax>
		</bndbox>
	</object>
	<object>
		<name>크림소스스파게티</name>
		<bndbox>
			<xmin>1512</xmin>
			<ymin>982</ymin>
			<xmax>3009</xmax>
			<ymax>2105</ymax>
		</bndbox>
	</object>
</annotation>