<annotation>
	<folder>side파스타류낮고큰파스타볼크림소스스파게티q2</folder>
	<filename>side_파스타류_낮고큰파스타볼_크림소스스파게티_Q2_00017.JPG</filename>
	<path>/side파스타류낮고큰파스타볼크림소스스파게티q2/side_파스타류_낮고큰파스타볼_크림소스스파게티_Q2_00017.JPG</path>
	<source>
		<database>fooddata</database>
	</source>
	<size>
		<width>5472</width>
		<height>3648</height>
		<depth>3</depth>
	</size>
	<object>
		<name>ref_spoon</name>
		<bndbox>
			<xmin>1247</xmin>
			<ymin>2962</ymin>
			<xmax>2058</xmax>
			<ymax>3445</ymax>
		</bndbox>
	</object>
	<object>
		<name>ref_fork</name>
		<bndbox>
			<xmin>1341</xmin>
			<ymin>2588</ymin>
			<xmax>2245</xmax>
			<ymax>2985</ymax>
		</bndbox>
	</object>
	<object>
		<name>ref_coin</name>
		<bndbox>
			<xmin>608</xmin>
			<ymin>1146</ymin>
			<xmax>974</xmax>
			<ymax>1403</ymax>
		</bndbox>
	</object>
	<object>
		<name>dish</name>
		<bndbox>
			<xmin>1419</xmin>
			<ymin>421</ymin>
			<xmax>4201</xmax>
			<ymax>2346</ymax>
		</bndbox>
	</object>
	<object>
		<name>크림소스스파게티</name>
		<bndbox>
			<xmin>2144</xmin>
			<ymin>1130</ymin>
			<xmax>3531</xmax>
			<ymax>2183</ymax>
		</bndbox>
	</object>
</annotation>