<annotation>
	<folder>side파스타류낮고큰파스타볼크림소스스파게티q2</folder>
	<filename>side_파스타류_낮고큰파스타볼_크림소스스파게티_Q2_00050.JPG</filename>
	<path>/side파스타류낮고큰파스타볼크림소스스파게티q2/side_파스타류_낮고큰파스타볼_크림소스스파게티_Q2_00050.JPG</path>
	<source>
		<database>fooddata</database>
	</source>
	<size>
		<width>5472</width>
		<height>3648</height>
		<depth>3</depth>
	</size>
	<object>
		<name>ref_spoon</name>
		<bndbox>
			<xmin>639</xmin>
			<ymin>1341</ymin>
			<xmax>1122</xmax>
			<ymax>1980</ymax>
		</bndbox>
	</object>
	<object>
		<name>ref_fork</name>
		<bndbox>
			<xmin>1286</xmin>
			<ymin>1395</ymin>
			<xmax>1614</xmax>
			<ymax>2128</ymax>
		</bndbox>
	</object>
	<object>
		<name>ref_coin</name>
		<bndbox>
			<xmin>3695</xmin>
			<ymin>530</ymin>
			<xmax>4007</xmax>
			<ymax>741</ymax>
		</bndbox>
	</object>
	<object>
		<name>dish</name>
		<bndbox>
			<xmin>1832</xmin>
			<ymin>881</ymin>
			<xmax>4716</xmax>
			<ymax>2876</ymax>
		</bndbox>
	</object>
	<object>
		<name>크림소스스파게티</name>
		<bndbox>
			<xmin>2370</xmin>
			<ymin>1551</ymin>
			<xmax>4085</xmax>
			<ymax>2705</ymax>
		</bndbox>
	</object>
</annotation>