<annotation>
	<folder>side파스타류낮고큰파스타볼크림소스스파게티q2</folder>
	<filename>side_파스타류_낮고큰파스타볼_크림소스스파게티_Q2_00047.JPG</filename>
	<path>/side파스타류낮고큰파스타볼크림소스스파게티q2/side_파스타류_낮고큰파스타볼_크림소스스파게티_Q2_00047.JPG</path>
	<source>
		<database>fooddata</database>
	</source>
	<size>
		<width>5472</width>
		<height>3648</height>
		<depth>3</depth>
	</size>
	<object>
		<name>ref_spoon</name>
		<bndbox>
			<xmin>468</xmin>
			<ymin>1013</ymin>
			<xmax>951</xmax>
			<ymax>1637</ymax>
		</bndbox>
	</object>
	<object>
		<name>ref_fork</name>
		<bndbox>
			<xmin>1107</xmin>
			<ymin>1052</ymin>
			<xmax>1458</xmax>
			<ymax>1777</ymax>
		</bndbox>
	</object>
	<object>
		<name>ref_coin</name>
		<bndbox>
			<xmin>4848</xmin>
			<ymin>1567</ymin>
			<xmax>5207</xmax>
			<ymax>1855</ymax>
		</bndbox>
	</object>
	<object>
		<name>dish</name>
		<bndbox>
			<xmin>1660</xmin>
			<ymin>553</ymin>
			<xmax>4521</xmax>
			<ymax>2518</ymax>
		</bndbox>
	</object>
	<object>
		<name>크림소스스파게티</name>
		<bndbox>
			<xmin>2315</xmin>
			<ymin>1263</ymin>
			<xmax>4014</xmax>
			<ymax>2385</ymax>
		</bndbox>
	</object>
</annotation>