<annotation>
	<folder>side파스타류낮고큰파스타볼크림소스스파게티q2</folder>
	<filename>side_파스타류_낮고큰파스타볼_크림소스스파게티_Q2_00023.JPG</filename>
	<path>/side파스타류낮고큰파스타볼크림소스스파게티q2/side_파스타류_낮고큰파스타볼_크림소스스파게티_Q2_00023.JPG</path>
	<source>
		<database>fooddata</database>
	</source>
	<size>
		<width>5472</width>
		<height>3648</height>
		<depth>3</depth>
	</size>
	<object>
		<name>ref_spoon</name>
		<bndbox>
			<xmin>818</xmin>
			<ymin>709</ymin>
			<xmax>1302</xmax>
			<ymax>1364</ymax>
		</bndbox>
	</object>
	<object>
		<name>ref_fork</name>
		<bndbox>
			<xmin>1465</xmin>
			<ymin>772</ymin>
			<xmax>1793</xmax>
			<ymax>1497</ymax>
		</bndbox>
	</object>
	<object>
		<name>ref_coin</name>
		<bndbox>
			<xmin>2175</xmin>
			<ymin>2658</ymin>
			<xmax>2557</xmax>
			<ymax>2970</ymax>
		</bndbox>
	</object>
	<object>
		<name>dish</name>
		<bndbox>
			<xmin>1995</xmin>
			<ymin>265</ymin>
			<xmax>4817</xmax>
			<ymax>2222</ymax>
		</bndbox>
	</object>
	<object>
		<name>크림소스스파게티</name>
		<bndbox>
			<xmin>2650</xmin>
			<ymin>1045</ymin>
			<xmax>4100</xmax>
			<ymax>2058</ymax>
		</bndbox>
	</object>
</annotation>