<annotation>
	<folder>top파스타류낮고큰파스타볼크림소스스파게티q2</folder>
	<filename>top_파스타류_낮고큰파스타볼_크림소스스파게티_Q2_00043.JPG</filename>
	<path>/top파스타류낮고큰파스타볼크림소스스파게티q2/top_파스타류_낮고큰파스타볼_크림소스스파게티_Q2_00043.JPG</path>
	<source>
		<database>fooddata</database>
	</source>
	<size>
		<width>5472</width>
		<height>3648</height>
		<depth>3</depth>
	</size>
	<object>
		<name>ref_spoon</name>
		<bndbox>
			<xmin>558</xmin>
			<ymin>497</ymin>
			<xmax>1034</xmax>
			<ymax>1258</ymax>
		</bndbox>
	</object>
	<object>
		<name>ref_fork</name>
		<bndbox>
			<xmin>1140</xmin>
			<ymin>556</ymin>
			<xmax>1465</xmax>
			<ymax>1357</ymax>
		</bndbox>
	</object>
	<object>
		<name>ref_coin</name>
		<bndbox>
			<xmin>2306</xmin>
			<ymin>3218</ymin>
			<xmax>2643</xmax>
			<ymax>3562</ymax>
		</bndbox>
	</object>
	<object>
		<name>dish</name>
		<bndbox>
			<xmin>1723</xmin>
			<ymin>218</ymin>
			<xmax>4444</xmax>
			<ymax>2880</ymax>
		</bndbox>
	</object>
	<object>
		<name>크림소스스파게티</name>
		<bndbox>
			<xmin>2418</xmin>
			<ymin>761</ymin>
			<xmax>3848</xmax>
			<ymax>2238</ymax>
		</bndbox>
	</object>
</annotation>