<annotation>
	<folder>top파스타류낮고큰파스타볼크림소스스파게티q2</folder>
	<filename>top_파스타류_낮고큰파스타볼_크림소스스파게티_Q2_00037.JPG</filename>
	<path>/top파스타류낮고큰파스타볼크림소스스파게티q2/top_파스타류_낮고큰파스타볼_크림소스스파게티_Q2_00037.JPG</path>
	<source>
		<database>fooddata</database>
	</source>
	<size>
		<width>5472</width>
		<height>3648</height>
		<depth>3</depth>
	</size>
	<object>
		<name>ref_spoon</name>
		<bndbox>
			<xmin>485</xmin>
			<ymin>497</ymin>
			<xmax>962</xmax>
			<ymax>1238</ymax>
		</bndbox>
	</object>
	<object>
		<name>ref_fork</name>
		<bndbox>
			<xmin>1081</xmin>
			<ymin>550</ymin>
			<xmax>1392</xmax>
			<ymax>1331</ymax>
		</bndbox>
	</object>
	<object>
		<name>ref_coin</name>
		<bndbox>
			<xmin>4643</xmin>
			<ymin>927</ymin>
			<xmax>4987</xmax>
			<ymax>1251</ymax>
		</bndbox>
	</object>
	<object>
		<name>dish</name>
		<bndbox>
			<xmin>1604</xmin>
			<ymin>205</ymin>
			<xmax>4378</xmax>
			<ymax>2926</ymax>
		</bndbox>
	</object>
	<object>
		<name>크림소스스파게티</name>
		<bndbox>
			<xmin>2372</xmin>
			<ymin>748</ymin>
			<xmax>3762</xmax>
			<ymax>2198</ymax>
		</bndbox>
	</object>
</annotation>