<annotation>
	<folder>top파스타류낮고큰파스타볼크림소스스파게티q2</folder>
	<filename>top_파스타류_낮고큰파스타볼_크림소스스파게티_Q2_00057.JPG</filename>
	<path>/top파스타류낮고큰파스타볼크림소스스파게티q2/top_파스타류_낮고큰파스타볼_크림소스스파게티_Q2_00057.JPG</path>
	<source>
		<database>fooddata</database>
	</source>
	<size>
		<width>5472</width>
		<height>3648</height>
		<depth>3</depth>
	</size>
	<object>
		<name>ref_spoon</name>
		<bndbox>
			<xmin>399</xmin>
			<ymin>874</ymin>
			<xmax>889</xmax>
			<ymax>1668</ymax>
		</bndbox>
	</object>
	<object>
		<name>ref_fork</name>
		<bndbox>
			<xmin>1015</xmin>
			<ymin>914</ymin>
			<xmax>1359</xmax>
			<ymax>1768</ymax>
		</bndbox>
	</object>
	<object>
		<name>ref_coin</name>
		<bndbox>
			<xmin>4755</xmin>
			<ymin>1510</ymin>
			<xmax>5106</xmax>
			<ymax>1847</ymax>
		</bndbox>
	</object>
	<object>
		<name>dish</name>
		<bndbox>
			<xmin>1577</xmin>
			<ymin>463</ymin>
			<xmax>4424</xmax>
			<ymax>3251</ymax>
		</bndbox>
	</object>
	<object>
		<name>크림소스스파게티</name>
		<bndbox>
			<xmin>2312</xmin>
			<ymin>1039</ymin>
			<xmax>3670</xmax>
			<ymax>2582</ymax>
		</bndbox>
	</object>
</annotation>