<annotation>
	<folder>top파스타류낮고큰파스타볼크림소스스파게티q2</folder>
	<filename>top_파스타류_낮고큰파스타볼_크림소스스파게티_Q2_00049.JPG</filename>
	<path>/top파스타류낮고큰파스타볼크림소스스파게티q2/top_파스타류_낮고큰파스타볼_크림소스스파게티_Q2_00049.JPG</path>
	<source>
		<database>fooddata</database>
	</source>
	<size>
		<width>5472</width>
		<height>3648</height>
		<depth>3</depth>
	</size>
	<object>
		<name>ref_spoon</name>
		<bndbox>
			<xmin>472</xmin>
			<ymin>655</ymin>
			<xmax>962</xmax>
			<ymax>1397</ymax>
		</bndbox>
	</object>
	<object>
		<name>ref_fork</name>
		<bndbox>
			<xmin>1061</xmin>
			<ymin>735</ymin>
			<xmax>1379</xmax>
			<ymax>1556</ymax>
		</bndbox>
	</object>
	<object>
		<name>ref_coin</name>
		<bndbox>
			<xmin>4570</xmin>
			<ymin>1867</ymin>
			<xmax>4908</xmax>
			<ymax>2205</ymax>
		</bndbox>
	</object>
	<object>
		<name>dish</name>
		<bndbox>
			<xmin>1591</xmin>
			<ymin>371</ymin>
			<xmax>4318</xmax>
			<ymax>3039</ymax>
		</bndbox>
	</object>
	<object>
		<name>크림소스스파게티</name>
		<bndbox>
			<xmin>2299</xmin>
			<ymin>920</ymin>
			<xmax>3689</xmax>
			<ymax>2377</ymax>
		</bndbox>
	</object>
</annotation>