<annotation>
	<folder>top파스타류낮고큰파스타볼크림소스스파게티q2</folder>
	<filename>top_파스타류_낮고큰파스타볼_크림소스스파게티_Q2_00027.JPG</filename>
	<path>/top파스타류낮고큰파스타볼크림소스스파게티q2/top_파스타류_낮고큰파스타볼_크림소스스파게티_Q2_00027.JPG</path>
	<source>
		<database>fooddata</database>
	</source>
	<size>
		<width>5472</width>
		<height>3648</height>
		<depth>3</depth>
	</size>
	<object>
		<name>ref_spoon</name>
		<bndbox>
			<xmin>1862</xmin>
			<ymin>2993</ymin>
			<xmax>2524</xmax>
			<ymax>3390</ymax>
		</bndbox>
	</object>
	<object>
		<name>ref_fork</name>
		<bndbox>
			<xmin>1942</xmin>
			<ymin>2655</ymin>
			<xmax>2650</xmax>
			<ymax>2933</ymax>
		</bndbox>
	</object>
	<object>
		<name>ref_coin</name>
		<bndbox>
			<xmin>1564</xmin>
			<ymin>1311</ymin>
			<xmax>1836</xmax>
			<ymax>1582</ymax>
		</bndbox>
	</object>
	<object>
		<name>dish</name>
		<bndbox>
			<xmin>2114</xmin>
			<ymin>185</ymin>
			<xmax>4464</xmax>
			<ymax>2529</ymax>
		</bndbox>
	</object>
	<object>
		<name>크림소스스파게티</name>
		<bndbox>
			<xmin>2617</xmin>
			<ymin>735</ymin>
			<xmax>3577</xmax>
			<ymax>1960</ymax>
		</bndbox>
	</object>
</annotation>