<annotation>
	<folder>side생선찜류사각배달문어숙회q4</folder>
	<filename>side_생선찜류_사각배달_문어숙회_Q4_00003.JPG</filename>
	<path>/side생선찜류사각배달문어숙회q4/side_생선찜류_사각배달_문어숙회_Q4_00003.JPG</path>
	<source>
		<database>fooddata</database>
	</source>
	<size>
		<width>3008</width>
		<height>2000</height>
		<depth>3</depth>
	</size>
	<object>
		<name>ref_spoon</name>
		<bndbox>
			<xmin>1961</xmin>
			<ymin>483</ymin>
			<xmax>2219</xmax>
			<ymax>836</ymax>
		</bndbox>
	</object>
	<object>
		<name>ref_fork</name>
		<bndbox>
			<xmin>2306</xmin>
			<ymin>561</ymin>
			<xmax>2499</xmax>
			<ymax>969</ymax>
		</bndbox>
	</object>
	<object>
		<name>ref_coin</name>
		<bndbox>
			<xmin>1131</xmin>
			<ymin>1700</ymin>
			<xmax>1358</xmax>
			<ymax>1862</ymax>
		</bndbox>
	</object>
	<object>
		<name>dish</name>
		<bndbox>
			<xmin>598</xmin>
			<ymin>470</ymin>
			<xmax>1862</xmax>
			<ymax>1564</ymax>
		</bndbox>
	</object>
	<object>
		<name>문어숙회</name>
		<bndbox>
			<xmin>836</xmin>
			<ymin>697</ymin>
			<xmax>1731</xmax>
			<ymax>1402</ymax>
		</bndbox>
	</object>
</annotation>