<annotation>
	<folder>side생선찜류사각배달문어숙회q4</folder>
	<filename>side_생선찜류_사각배달_문어숙회_Q4_00044.JPG</filename>
	<path>/side생선찜류사각배달문어숙회q4/side_생선찜류_사각배달_문어숙회_Q4_00044.JPG</path>
	<source>
		<database>fooddata</database>
	</source>
	<size>
		<width>3008</width>
		<height>2000</height>
		<depth>3</depth>
	</size>
	<object>
		<name>ref_spoon</name>
		<bndbox>
			<xmin>353</xmin>
			<ymin>681</ymin>
			<xmax>627</xmax>
			<ymax>1037</ymax>
		</bndbox>
	</object>
	<object>
		<name>ref_fork</name>
		<bndbox>
			<xmin>721</xmin>
			<ymin>689</ymin>
			<xmax>906</xmax>
			<ymax>1089</ymax>
		</bndbox>
	</object>
	<object>
		<name>ref_coin</name>
		<bndbox>
			<xmin>2702</xmin>
			<ymin>1021</ymin>
			<xmax>2911</xmax>
			<ymax>1162</ymax>
		</bndbox>
	</object>
	<object>
		<name>dish</name>
		<bndbox>
			<xmin>937</xmin>
			<ymin>509</ymin>
			<xmax>2593</xmax>
			<ymax>1564</ymax>
		</bndbox>
	</object>
	<object>
		<name>문어숙회</name>
		<bndbox>
			<xmin>1274</xmin>
			<ymin>843</ymin>
			<xmax>2259</xmax>
			<ymax>1470</ymax>
		</bndbox>
	</object>
</annotation>