<annotation>
	<folder>side생선찜류사각배달문어숙회q4</folder>
	<filename>side_생선찜류_사각배달_문어숙회_Q4_00011.JPG</filename>
	<path>/side생선찜류사각배달문어숙회q4/side_생선찜류_사각배달_문어숙회_Q4_00011.JPG</path>
	<source>
		<database>fooddata</database>
	</source>
	<size>
		<width>3008</width>
		<height>2000</height>
		<depth>3</depth>
	</size>
	<object>
		<name>ref_spoon</name>
		<bndbox>
			<xmin>2308</xmin>
			<ymin>702</ymin>
			<xmax>2574</xmax>
			<ymax>1055</ymax>
		</bndbox>
	</object>
	<object>
		<name>ref_fork</name>
		<bndbox>
			<xmin>2663</xmin>
			<ymin>775</ymin>
			<xmax>2856</xmax>
			<ymax>1178</ymax>
		</bndbox>
	</object>
	<object>
		<name>ref_coin</name>
		<bndbox>
			<xmin>2183</xmin>
			<ymin>585</ymin>
			<xmax>2371</xmax>
			<ymax>708</ymax>
		</bndbox>
	</object>
	<object>
		<name>dish</name>
		<bndbox>
			<xmin>700</xmin>
			<ymin>718</ymin>
			<xmax>2204</xmax>
			<ymax>1836</ymax>
		</bndbox>
	</object>
	<object>
		<name>문어숙회</name>
		<bndbox>
			<xmin>888</xmin>
			<ymin>1104</ymin>
			<xmax>1815</xmax>
			<ymax>1739</ymax>
		</bndbox>
	</object>
</annotation>