<annotation>
	<folder>side생선찜류사각배달문어숙회q4</folder>
	<filename>side_생선찜류_사각배달_문어숙회_Q4_00051.JPG</filename>
	<path>/side생선찜류사각배달문어숙회q4/side_생선찜류_사각배달_문어숙회_Q4_00051.JPG</path>
	<source>
		<database>fooddata</database>
	</source>
	<size>
		<width>3008</width>
		<height>2000</height>
		<depth>3</depth>
	</size>
	<object>
		<name>ref_spoon</name>
		<bndbox>
			<xmin>366</xmin>
			<ymin>663</ymin>
			<xmax>642</xmax>
			<ymax>1029</ymax>
		</bndbox>
	</object>
	<object>
		<name>ref_fork</name>
		<bndbox>
			<xmin>757</xmin>
			<ymin>634</ymin>
			<xmax>945</xmax>
			<ymax>1042</ymax>
		</bndbox>
	</object>
	<object>
		<name>ref_coin</name>
		<bndbox>
			<xmin>1131</xmin>
			<ymin>1640</ymin>
			<xmax>1355</xmax>
			<ymax>1812</ymax>
		</bndbox>
	</object>
	<object>
		<name>dish</name>
		<bndbox>
			<xmin>1078</xmin>
			<ymin>671</ymin>
			<xmax>2606</xmax>
			<ymax>1473</ymax>
		</bndbox>
	</object>
	<object>
		<name>문어숙회</name>
		<bndbox>
			<xmin>1230</xmin>
			<ymin>890</ymin>
			<xmax>2426</xmax>
			<ymax>1316</ymax>
		</bndbox>
	</object>
</annotation>