<annotation>
	<folder>side생선찜류사각배달문어숙회q4</folder>
	<filename>side_생선찜류_사각배달_문어숙회_Q4_00038.JPG</filename>
	<path>/side생선찜류사각배달문어숙회q4/side_생선찜류_사각배달_문어숙회_Q4_00038.JPG</path>
	<source>
		<database>fooddata</database>
	</source>
	<size>
		<width>3008</width>
		<height>2000</height>
		<depth>3</depth>
	</size>
	<object>
		<name>ref_spoon</name>
		<bndbox>
			<xmin>603</xmin>
			<ymin>420</ymin>
			<xmax>864</xmax>
			<ymax>768</ymax>
		</bndbox>
	</object>
	<object>
		<name>ref_fork</name>
		<bndbox>
			<xmin>964</xmin>
			<ymin>420</ymin>
			<xmax>1146</xmax>
			<ymax>828</ymax>
		</bndbox>
	</object>
	<object>
		<name>ref_coin</name>
		<bndbox>
			<xmin>2246</xmin>
			<ymin>1595</ymin>
			<xmax>2473</xmax>
			<ymax>1770</ymax>
		</bndbox>
	</object>
	<object>
		<name>dish</name>
		<bndbox>
			<xmin>1235</xmin>
			<ymin>303</ymin>
			<xmax>2538</xmax>
			<ymax>1384</ymax>
		</bndbox>
	</object>
	<object>
		<name>문어숙회</name>
		<bndbox>
			<xmin>1509</xmin>
			<ymin>522</ymin>
			<xmax>2384</xmax>
			<ymax>1282</ymax>
		</bndbox>
	</object>
</annotation>