<annotation>
	<folder>side생선찜류사각배달문어숙회q4</folder>
	<filename>side_생선찜류_사각배달_문어숙회_Q4_00032.JPG</filename>
	<path>/side생선찜류사각배달문어숙회q4/side_생선찜류_사각배달_문어숙회_Q4_00032.JPG</path>
	<source>
		<database>fooddata</database>
	</source>
	<size>
		<width>3008</width>
		<height>2000</height>
		<depth>3</depth>
	</size>
	<object>
		<name>ref_spoon</name>
		<bndbox>
			<xmin>796</xmin>
			<ymin>1384</ymin>
			<xmax>1248</xmax>
			<ymax>1614</ymax>
		</bndbox>
	</object>
	<object>
		<name>ref_fork</name>
		<bndbox>
			<xmin>888</xmin>
			<ymin>1217</ymin>
			<xmax>1394</xmax>
			<ymax>1428</ymax>
		</bndbox>
	</object>
	<object>
		<name>ref_coin</name>
		<bndbox>
			<xmin>2462</xmin>
			<ymin>1042</ymin>
			<xmax>2682</xmax>
			<ymax>1191</ymax>
		</bndbox>
	</object>
	<object>
		<name>dish</name>
		<bndbox>
			<xmin>700</xmin>
			<ymin>151</ymin>
			<xmax>2279</xmax>
			<ymax>990</ymax>
		</bndbox>
	</object>
	<object>
		<name>문어숙회</name>
		<bndbox>
			<xmin>1042</xmin>
			<ymin>379</ymin>
			<xmax>2110</xmax>
			<ymax>838</ymax>
		</bndbox>
	</object>
</annotation>