<annotation>
	<folder>side생선찜류사각배달문어숙회q4</folder>
	<filename>side_생선찜류_사각배달_문어숙회_Q4_00040.JPG</filename>
	<path>/side생선찜류사각배달문어숙회q4/side_생선찜류_사각배달_문어숙회_Q4_00040.JPG</path>
	<source>
		<database>fooddata</database>
	</source>
	<size>
		<width>3008</width>
		<height>2000</height>
		<depth>3</depth>
	</size>
	<object>
		<name>ref_spoon</name>
		<bndbox>
			<xmin>418</xmin>
			<ymin>624</ymin>
			<xmax>687</xmax>
			<ymax>974</ymax>
		</bndbox>
	</object>
	<object>
		<name>ref_fork</name>
		<bndbox>
			<xmin>786</xmin>
			<ymin>632</ymin>
			<xmax>969</xmax>
			<ymax>1023</ymax>
		</bndbox>
	</object>
	<object>
		<name>ref_coin</name>
		<bndbox>
			<xmin>2543</xmin>
			<ymin>1436</ymin>
			<xmax>2760</xmax>
			<ymax>1590</ymax>
		</bndbox>
	</object>
	<object>
		<name>dish</name>
		<bndbox>
			<xmin>1107</xmin>
			<ymin>496</ymin>
			<xmax>2340</xmax>
			<ymax>1567</ymax>
		</bndbox>
	</object>
	<object>
		<name>문어숙회</name>
		<bndbox>
			<xmin>1342</xmin>
			<ymin>802</ymin>
			<xmax>2120</xmax>
			<ymax>1452</ymax>
		</bndbox>
	</object>
</annotation>