<annotation>
	<folder>side생선찜류사각배달문어숙회q4</folder>
	<filename>side_생선찜류_사각배달_문어숙회_Q4_00054.JPG</filename>
	<path>/side생선찜류사각배달문어숙회q4/side_생선찜류_사각배달_문어숙회_Q4_00054.JPG</path>
	<source>
		<database>fooddata</database>
	</source>
	<size>
		<width>3008</width>
		<height>2000</height>
		<depth>3</depth>
	</size>
	<object>
		<name>ref_spoon</name>
		<bndbox>
			<xmin>287</xmin>
			<ymin>520</ymin>
			<xmax>564</xmax>
			<ymax>893</ymax>
		</bndbox>
	</object>
	<object>
		<name>ref_fork</name>
		<bndbox>
			<xmin>684</xmin>
			<ymin>486</ymin>
			<xmax>867</xmax>
			<ymax>906</ymax>
		</bndbox>
	</object>
	<object>
		<name>ref_coin</name>
		<bndbox>
			<xmin>1379</xmin>
			<ymin>1533</ymin>
			<xmax>1606</xmax>
			<ymax>1700</ymax>
		</bndbox>
	</object>
	<object>
		<name>dish</name>
		<bndbox>
			<xmin>1000</xmin>
			<ymin>517</ymin>
			<xmax>2543</xmax>
			<ymax>1292</ymax>
		</bndbox>
	</object>
	<object>
		<name>문어숙회</name>
		<bndbox>
			<xmin>1162</xmin>
			<ymin>728</ymin>
			<xmax>2274</xmax>
			<ymax>1151</ymax>
		</bndbox>
	</object>
</annotation>