<annotation>
	<folder>top생선찜류사각배달문어숙회q4</folder>
	<filename>top_생선찜류_사각배달_문어숙회_Q4_00035.JPG</filename>
	<path>/top생선찜류사각배달문어숙회q4/top_생선찜류_사각배달_문어숙회_Q4_00035.JPG</path>
	<source>
		<database>fooddata</database>
	</source>
	<size>
		<width>3008</width>
		<height>2000</height>
		<depth>3</depth>
	</size>
	<object>
		<name>ref_spoon</name>
		<bndbox>
			<xmin>731</xmin>
			<ymin>346</ymin>
			<xmax>1000</xmax>
			<ymax>739</ymax>
		</bndbox>
	</object>
	<object>
		<name>ref_fork</name>
		<bndbox>
			<xmin>1064</xmin>
			<ymin>346</ymin>
			<xmax>1263</xmax>
			<ymax>771</ymax>
		</bndbox>
	</object>
	<object>
		<name>ref_coin</name>
		<bndbox>
			<xmin>1621</xmin>
			<ymin>1679</ymin>
			<xmax>1830</xmax>
			<ymax>1885</ymax>
		</bndbox>
	</object>
	<object>
		<name>dish</name>
		<bndbox>
			<xmin>1334</xmin>
			<ymin>236</ymin>
			<xmax>2323</xmax>
			<ymax>1495</ymax>
		</bndbox>
	</object>
	<object>
		<name>문어숙회</name>
		<bndbox>
			<xmin>1451</xmin>
			<ymin>402</ymin>
			<xmax>2185</xmax>
			<ymax>1254</ymax>
		</bndbox>
	</object>
</annotation>