<annotation>
	<folder>top생선찜류사각배달문어숙회q4</folder>
	<filename>top_생선찜류_사각배달_문어숙회_Q4_00019.JPG</filename>
	<path>/top생선찜류사각배달문어숙회q4/top_생선찜류_사각배달_문어숙회_Q4_00019.JPG</path>
	<source>
		<database>fooddata</database>
	</source>
	<size>
		<width>3008</width>
		<height>2000</height>
		<depth>3</depth>
	</size>
	<object>
		<name>ref_spoon</name>
		<bndbox>
			<xmin>929</xmin>
			<ymin>1647</ymin>
			<xmax>1316</xmax>
			<ymax>1924</ymax>
		</bndbox>
	</object>
	<object>
		<name>ref_fork</name>
		<bndbox>
			<xmin>940</xmin>
			<ymin>1438</ymin>
			<xmax>1348</xmax>
			<ymax>1630</ymax>
		</bndbox>
	</object>
	<object>
		<name>ref_coin</name>
		<bndbox>
			<xmin>731</xmin>
			<ymin>814</ymin>
			<xmax>936</xmax>
			<ymax>1005</ymax>
		</bndbox>
	</object>
	<object>
		<name>dish</name>
		<bndbox>
			<xmin>944</xmin>
			<ymin>62</ymin>
			<xmax>2309</xmax>
			<ymax>1364</ymax>
		</bndbox>
	</object>
	<object>
		<name>문어숙회</name>
		<bndbox>
			<xmin>1380</xmin>
			<ymin>328</ymin>
			<xmax>2142</xmax>
			<ymax>1250</ymax>
		</bndbox>
	</object>
</annotation>