<annotation>
	<folder>top생선찜류사각배달문어숙회q4</folder>
	<filename>top_생선찜류_사각배달_문어숙회_Q4_00011.JPG</filename>
	<path>/top생선찜류사각배달문어숙회q4/top_생선찜류_사각배달_문어숙회_Q4_00011.JPG</path>
	<source>
		<database>fooddata</database>
	</source>
	<size>
		<width>3008</width>
		<height>2000</height>
		<depth>3</depth>
	</size>
	<object>
		<name>ref_spoon</name>
		<bndbox>
			<xmin>1706</xmin>
			<ymin>416</ymin>
			<xmax>1972</xmax>
			<ymax>842</ymax>
		</bndbox>
	</object>
	<object>
		<name>ref_fork</name>
		<bndbox>
			<xmin>2015</xmin>
			<ymin>502</ymin>
			<xmax>2224</xmax>
			<ymax>945</ymax>
		</bndbox>
	</object>
	<object>
		<name>ref_coin</name>
		<bndbox>
			<xmin>2015</xmin>
			<ymin>161</ymin>
			<xmax>2213</xmax>
			<ymax>356</ymax>
		</bndbox>
	</object>
	<object>
		<name>dish</name>
		<bndbox>
			<xmin>99</xmin>
			<ymin>420</ymin>
			<xmax>1593</xmax>
			<ymax>1803</ymax>
		</bndbox>
	</object>
	<object>
		<name>문어숙회</name>
		<bndbox>
			<xmin>479</xmin>
			<ymin>615</ymin>
			<xmax>1419</xmax>
			<ymax>1513</ymax>
		</bndbox>
	</object>
</annotation>