<annotation>
	<folder>top생선찜류사각배달문어숙회q4</folder>
	<filename>top_생선찜류_사각배달_문어숙회_Q4_00022.JPG</filename>
	<path>/top생선찜류사각배달문어숙회q4/top_생선찜류_사각배달_문어숙회_Q4_00022.JPG</path>
	<source>
		<database>fooddata</database>
	</source>
	<size>
		<width>3008</width>
		<height>2000</height>
		<depth>3</depth>
	</size>
	<object>
		<name>ref_spoon</name>
		<bndbox>
			<xmin>866</xmin>
			<ymin>1690</ymin>
			<xmax>1245</xmax>
			<ymax>1949</ymax>
		</bndbox>
	</object>
	<object>
		<name>ref_fork</name>
		<bndbox>
			<xmin>880</xmin>
			<ymin>1463</ymin>
			<xmax>1284</xmax>
			<ymax>1662</ymax>
		</bndbox>
	</object>
	<object>
		<name>ref_coin</name>
		<bndbox>
			<xmin>795</xmin>
			<ymin>58</ymin>
			<xmax>990</xmax>
			<ymax>239</ymax>
		</bndbox>
	</object>
	<object>
		<name>dish</name>
		<bndbox>
			<xmin>922</xmin>
			<ymin>285</ymin>
			<xmax>2231</xmax>
			<ymax>1286</ymax>
		</bndbox>
	</object>
	<object>
		<name>문어숙회</name>
		<bndbox>
			<xmin>1220</xmin>
			<ymin>448</ymin>
			<xmax>2068</xmax>
			<ymax>1133</ymax>
		</bndbox>
	</object>
</annotation>