<annotation>
	<folder>top생선찜류사각배달문어숙회q4</folder>
	<filename>top_생선찜류_사각배달_문어숙회_Q4_00050.JPG</filename>
	<path>/top생선찜류사각배달문어숙회q4/top_생선찜류_사각배달_문어숙회_Q4_00050.JPG</path>
	<source>
		<database>fooddata</database>
	</source>
	<size>
		<width>3008</width>
		<height>2000</height>
		<depth>3</depth>
	</size>
	<object>
		<name>ref_spoon</name>
		<bndbox>
			<xmin>557</xmin>
			<ymin>299</ymin>
			<xmax>830</xmax>
			<ymax>707</ymax>
		</bndbox>
	</object>
	<object>
		<name>ref_fork</name>
		<bndbox>
			<xmin>887</xmin>
			<ymin>307</ymin>
			<xmax>1089</xmax>
			<ymax>739</ymax>
		</bndbox>
	</object>
	<object>
		<name>ref_coin</name>
		<bndbox>
			<xmin>1018</xmin>
			<ymin>1552</ymin>
			<xmax>1217</xmax>
			<ymax>1768</ymax>
		</bndbox>
	</object>
	<object>
		<name>dish</name>
		<bndbox>
			<xmin>1171</xmin>
			<ymin>473</ymin>
			<xmax>2479</xmax>
			<ymax>1378</ymax>
		</bndbox>
	</object>
	<object>
		<name>문어숙회</name>
		<bndbox>
			<xmin>1323</xmin>
			<ymin>565</ymin>
			<xmax>2260</xmax>
			<ymax>1314</ymax>
		</bndbox>
	</object>
</annotation>