<annotation>
	<folder>top생선찜류사각배달문어숙회q4</folder>
	<filename>top_생선찜류_사각배달_문어숙회_Q4_00002.JPG</filename>
	<path>/top생선찜류사각배달문어숙회q4/top_생선찜류_사각배달_문어숙회_Q4_00002.JPG</path>
	<source>
		<database>fooddata</database>
	</source>
	<size>
		<width>3008</width>
		<height>2000</height>
		<depth>3</depth>
	</size>
	<object>
		<name>ref_spoon</name>
		<bndbox>
			<xmin>1777</xmin>
			<ymin>250</ymin>
			<xmax>2057</xmax>
			<ymax>640</ymax>
		</bndbox>
	</object>
	<object>
		<name>ref_fork</name>
		<bndbox>
			<xmin>2121</xmin>
			<ymin>307</ymin>
			<xmax>2320</xmax>
			<ymax>743</ymax>
		</bndbox>
	</object>
	<object>
		<name>ref_coin</name>
		<bndbox>
			<xmin>1731</xmin>
			<ymin>1701</ymin>
			<xmax>1937</xmax>
			<ymax>1910</ymax>
		</bndbox>
	</object>
	<object>
		<name>dish</name>
		<bndbox>
			<xmin>404</xmin>
			<ymin>296</ymin>
			<xmax>1667</xmax>
			<ymax>1757</ymax>
		</bndbox>
	</object>
	<object>
		<name>문어숙회</name>
		<bndbox>
			<xmin>560</xmin>
			<ymin>718</ymin>
			<xmax>1451</xmax>
			<ymax>1626</ymax>
		</bndbox>
	</object>
</annotation>