<annotation>
	<folder>side오므라이스사각배달오므라이스q3</folder>
	<filename>side_오므라이스_사각배달_오므라이스_Q3_00035.JPG</filename>
	<path>/side오므라이스사각배달오므라이스q3/side_오므라이스_사각배달_오므라이스_Q3_00035.JPG</path>
	<source>
		<database>fooddata</database>
	</source>
	<size>
		<width>3008</width>
		<height>2000</height>
		<depth>3</depth>
	</size>
	<object>
		<name>ref_spoon</name>
		<bndbox>
			<xmin>473</xmin>
			<ymin>495</ymin>
			<xmax>731</xmax>
			<ymax>803</ymax>
		</bndbox>
	</object>
	<object>
		<name>ref_fork</name>
		<bndbox>
			<xmin>847</xmin>
			<ymin>483</ymin>
			<xmax>1023</xmax>
			<ymax>834</ymax>
		</bndbox>
	</object>
	<object>
		<name>ref_coin</name>
		<bndbox>
			<xmin>1743</xmin>
			<ymin>1587</ymin>
			<xmax>1959</xmax>
			<ymax>1739</ymax>
		</bndbox>
	</object>
	<object>
		<name>dish</name>
		<bndbox>
			<xmin>1257</xmin>
			<ymin>253</ymin>
			<xmax>2305</xmax>
			<ymax>1303</ymax>
		</bndbox>
	</object>
	<object>
		<name>오므라이스</name>
		<bndbox>
			<xmin>1376</xmin>
			<ymin>431</ymin>
			<xmax>2109</xmax>
			<ymax>1037</ymax>
		</bndbox>
	</object>
</annotation>