<annotation>
	<folder>side오므라이스사각배달오므라이스q3</folder>
	<filename>side_오므라이스_사각배달_오므라이스_Q3_00018.JPG</filename>
	<path>/side오므라이스사각배달오므라이스q3/side_오므라이스_사각배달_오므라이스_Q3_00018.JPG</path>
	<source>
		<database>fooddata</database>
	</source>
	<size>
		<width>3008</width>
		<height>2000</height>
		<depth>3</depth>
	</size>
	<object>
		<name>ref_spoon</name>
		<bndbox>
			<xmin>496</xmin>
			<ymin>1613</ymin>
			<xmax>950</xmax>
			<ymax>1853</ymax>
		</bndbox>
	</object>
	<object>
		<name>ref_fork</name>
		<bndbox>
			<xmin>571</xmin>
			<ymin>1347</ymin>
			<xmax>1072</xmax>
			<ymax>1585</ymax>
		</bndbox>
	</object>
	<object>
		<name>ref_coin</name>
		<bndbox>
			<xmin>2184</xmin>
			<ymin>1138</ymin>
			<xmax>2393</xmax>
			<ymax>1285</ymax>
		</bndbox>
	</object>
	<object>
		<name>dish</name>
		<bndbox>
			<xmin>506</xmin>
			<ymin>346</ymin>
			<xmax>2055</xmax>
			<ymax>1326</ymax>
		</bndbox>
	</object>
	<object>
		<name>오므라이스</name>
		<bndbox>
			<xmin>710</xmin>
			<ymin>650</ymin>
			<xmax>1934</xmax>
			<ymax>1055</ymax>
		</bndbox>
	</object>
</annotation>