<annotation>
	<folder>side오므라이스사각배달오므라이스q3</folder>
	<filename>side_오므라이스_사각배달_오므라이스_Q3_00023.JPG</filename>
	<path>/side오므라이스사각배달오므라이스q3/side_오므라이스_사각배달_오므라이스_Q3_00023.JPG</path>
	<source>
		<database>fooddata</database>
	</source>
	<size>
		<width>3008</width>
		<height>2000</height>
		<depth>3</depth>
	</size>
	<object>
		<name>ref_spoon</name>
		<bndbox>
			<xmin>659</xmin>
			<ymin>1745</ymin>
			<xmax>1100</xmax>
			<ymax>1959</ymax>
		</bndbox>
	</object>
	<object>
		<name>ref_fork</name>
		<bndbox>
			<xmin>728</xmin>
			<ymin>1502</ymin>
			<xmax>1185</xmax>
			<ymax>1716</ymax>
		</bndbox>
	</object>
	<object>
		<name>ref_coin</name>
		<bndbox>
			<xmin>2243</xmin>
			<ymin>1476</ymin>
			<xmax>2450</xmax>
			<ymax>1623</ymax>
		</bndbox>
	</object>
	<object>
		<name>dish</name>
		<bndbox>
			<xmin>672</xmin>
			<ymin>385</ymin>
			<xmax>2094</xmax>
			<ymax>1412</ymax>
		</bndbox>
	</object>
	<object>
		<name>오므라이스</name>
		<bndbox>
			<xmin>1043</xmin>
			<ymin>542</ymin>
			<xmax>1732</xmax>
			<ymax>1159</ymax>
		</bndbox>
	</object>
</annotation>