<annotation>
	<folder>side오므라이스사각배달오므라이스q3</folder>
	<filename>side_오므라이스_사각배달_오므라이스_Q3_00020.JPG</filename>
	<path>/side오므라이스사각배달오므라이스q3/side_오므라이스_사각배달_오므라이스_Q3_00020.JPG</path>
	<source>
		<database>fooddata</database>
	</source>
	<size>
		<width>3008</width>
		<height>2000</height>
		<depth>3</depth>
	</size>
	<object>
		<name>ref_spoon</name>
		<bndbox>
			<xmin>537</xmin>
			<ymin>1634</ymin>
			<xmax>999</xmax>
			<ymax>1876</ymax>
		</bndbox>
	</object>
	<object>
		<name>ref_fork</name>
		<bndbox>
			<xmin>620</xmin>
			<ymin>1368</ymin>
			<xmax>1103</xmax>
			<ymax>1610</ymax>
		</bndbox>
	</object>
	<object>
		<name>ref_coin</name>
		<bndbox>
			<xmin>2372</xmin>
			<ymin>1716</ymin>
			<xmax>2597</xmax>
			<ymax>1881</ymax>
		</bndbox>
	</object>
	<object>
		<name>dish</name>
		<bndbox>
			<xmin>682</xmin>
			<ymin>175</ymin>
			<xmax>1954</xmax>
			<ymax>1324</ymax>
		</bndbox>
	</object>
	<object>
		<name>오므라이스</name>
		<bndbox>
			<xmin>824</xmin>
			<ymin>408</ymin>
			<xmax>1706</xmax>
			<ymax>1037</ymax>
		</bndbox>
	</object>
</annotation>