<annotation>
	<folder>side오므라이스사각배달오므라이스q3</folder>
	<filename>side_오므라이스_사각배달_오므라이스_Q3_00047.JPG</filename>
	<path>/side오므라이스사각배달오므라이스q3/side_오므라이스_사각배달_오므라이스_Q3_00047.JPG</path>
	<source>
		<database>fooddata</database>
	</source>
	<size>
		<width>3008</width>
		<height>2000</height>
		<depth>3</depth>
	</size>
	<object>
		<name>ref_spoon</name>
		<bndbox>
			<xmin>243</xmin>
			<ymin>379</ymin>
			<xmax>535</xmax>
			<ymax>728</ymax>
		</bndbox>
	</object>
	<object>
		<name>ref_fork</name>
		<bndbox>
			<xmin>669</xmin>
			<ymin>369</ymin>
			<xmax>865</xmax>
			<ymax>769</ymax>
		</bndbox>
	</object>
	<object>
		<name>ref_coin</name>
		<bndbox>
			<xmin>2352</xmin>
			<ymin>1381</ymin>
			<xmax>2584</xmax>
			<ymax>1543</ymax>
		</bndbox>
	</object>
	<object>
		<name>dish</name>
		<bndbox>
			<xmin>1185</xmin>
			<ymin>111</ymin>
			<xmax>2364</xmax>
			<ymax>1311</ymax>
		</bndbox>
	</object>
	<object>
		<name>오므라이스</name>
		<bndbox>
			<xmin>1345</xmin>
			<ymin>315</ymin>
			<xmax>2233</xmax>
			<ymax>1017</ymax>
		</bndbox>
	</object>
</annotation>