<annotation>
	<folder>side오므라이스사각배달오므라이스q3</folder>
	<filename>side_오므라이스_사각배달_오므라이스_Q3_00039.JPG</filename>
	<path>/side오므라이스사각배달오므라이스q3/side_오므라이스_사각배달_오므라이스_Q3_00039.JPG</path>
	<source>
		<database>fooddata</database>
	</source>
	<size>
		<width>3008</width>
		<height>2000</height>
		<depth>3</depth>
	</size>
	<object>
		<name>ref_spoon</name>
		<bndbox>
			<xmin>494</xmin>
			<ymin>578</ymin>
			<xmax>757</xmax>
			<ymax>885</ymax>
		</bndbox>
	</object>
	<object>
		<name>ref_fork</name>
		<bndbox>
			<xmin>868</xmin>
			<ymin>563</ymin>
			<xmax>1046</xmax>
			<ymax>914</ymax>
		</bndbox>
	</object>
	<object>
		<name>ref_coin</name>
		<bndbox>
			<xmin>2470</xmin>
			<ymin>1375</ymin>
			<xmax>2682</xmax>
			<ymax>1517</ymax>
		</bndbox>
	</object>
	<object>
		<name>dish</name>
		<bndbox>
			<xmin>1268</xmin>
			<ymin>335</ymin>
			<xmax>2344</xmax>
			<ymax>1391</ymax>
		</bndbox>
	</object>
	<object>
		<name>오므라이스</name>
		<bndbox>
			<xmin>1392</xmin>
			<ymin>529</ymin>
			<xmax>2158</xmax>
			<ymax>1128</ymax>
		</bndbox>
	</object>
</annotation>