<annotation>
	<folder>side오므라이스사각배달오므라이스q3</folder>
	<filename>side_오므라이스_사각배달_오므라이스_Q3_00024.JPG</filename>
	<path>/side오므라이스사각배달오므라이스q3/side_오므라이스_사각배달_오므라이스_Q3_00024.JPG</path>
	<source>
		<database>fooddata</database>
	</source>
	<size>
		<width>3008</width>
		<height>2000</height>
		<depth>3</depth>
	</size>
	<object>
		<name>ref_spoon</name>
		<bndbox>
			<xmin>620</xmin>
			<ymin>1698</ymin>
			<xmax>1061</xmax>
			<ymax>1917</ymax>
		</bndbox>
	</object>
	<object>
		<name>ref_fork</name>
		<bndbox>
			<xmin>687</xmin>
			<ymin>1463</ymin>
			<xmax>1164</xmax>
			<ymax>1675</ymax>
		</bndbox>
	</object>
	<object>
		<name>ref_coin</name>
		<bndbox>
			<xmin>2310</xmin>
			<ymin>1603</ymin>
			<xmax>2524</xmax>
			<ymax>1757</ymax>
		</bndbox>
	</object>
	<object>
		<name>dish</name>
		<bndbox>
			<xmin>710</xmin>
			<ymin>454</ymin>
			<xmax>2145</xmax>
			<ymax>1334</ymax>
		</bndbox>
	</object>
	<object>
		<name>오므라이스</name>
		<bndbox>
			<xmin>974</xmin>
			<ymin>614</ymin>
			<xmax>1905</xmax>
			<ymax>1084</ymax>
		</bndbox>
	</object>
</annotation>