<annotation>
	<folder>side오므라이스사각배달오므라이스q3</folder>
	<filename>side_오므라이스_사각배달_오므라이스_Q3_00022.JPG</filename>
	<path>/side오므라이스사각배달오므라이스q3/side_오므라이스_사각배달_오므라이스_Q3_00022.JPG</path>
	<source>
		<database>fooddata</database>
	</source>
	<size>
		<width>3008</width>
		<height>2000</height>
		<depth>3</depth>
	</size>
	<object>
		<name>ref_spoon</name>
		<bndbox>
			<xmin>703</xmin>
			<ymin>1695</ymin>
			<xmax>1134</xmax>
			<ymax>1915</ymax>
		</bndbox>
	</object>
	<object>
		<name>ref_fork</name>
		<bndbox>
			<xmin>770</xmin>
			<ymin>1461</ymin>
			<xmax>1221</xmax>
			<ymax>1670</ymax>
		</bndbox>
	</object>
	<object>
		<name>ref_coin</name>
		<bndbox>
			<xmin>2248</xmin>
			<ymin>1185</ymin>
			<xmax>2442</xmax>
			<ymax>1324</ymax>
		</bndbox>
	</object>
	<object>
		<name>dish</name>
		<bndbox>
			<xmin>863</xmin>
			<ymin>274</ymin>
			<xmax>2101</xmax>
			<ymax>1326</ymax>
		</bndbox>
	</object>
	<object>
		<name>오므라이스</name>
		<bndbox>
			<xmin>1237</xmin>
			<ymin>444</ymin>
			<xmax>1802</xmax>
			<ymax>1084</ymax>
		</bndbox>
	</object>
</annotation>