<annotation>
	<folder>top오므라이스사각배달오므라이스q3</folder>
	<filename>top_오므라이스_사각배달_오므라이스_Q3_00039.JPG</filename>
	<path>/top오므라이스사각배달오므라이스q3/top_오므라이스_사각배달_오므라이스_Q3_00039.JPG</path>
	<source>
		<database>fooddata</database>
	</source>
	<size>
		<width>3008</width>
		<height>2000</height>
		<depth>3</depth>
	</size>
	<object>
		<name>ref_spoon</name>
		<bndbox>
			<xmin>351</xmin>
			<ymin>210</ymin>
			<xmax>605</xmax>
			<ymax>591</ymax>
		</bndbox>
	</object>
	<object>
		<name>ref_fork</name>
		<bndbox>
			<xmin>686</xmin>
			<ymin>245</ymin>
			<xmax>874</xmax>
			<ymax>672</ymax>
		</bndbox>
	</object>
	<object>
		<name>ref_coin</name>
		<bndbox>
			<xmin>808</xmin>
			<ymin>1668</ymin>
			<xmax>1006</xmax>
			<ymax>1871</ymax>
		</bndbox>
	</object>
	<object>
		<name>dish</name>
		<bndbox>
			<xmin>894</xmin>
			<ymin>322</ymin>
			<xmax>2342</xmax>
			<ymax>1607</ymax>
		</bndbox>
	</object>
	<object>
		<name>오므라이스</name>
		<bndbox>
			<xmin>1108</xmin>
			<ymin>560</ymin>
			<xmax>2017</xmax>
			<ymax>1414</ymax>
		</bndbox>
	</object>
</annotation>