<annotation>
	<folder>top오므라이스사각배달오므라이스q3</folder>
	<filename>top_오므라이스_사각배달_오므라이스_Q3_00048.JPG</filename>
	<path>/top오므라이스사각배달오므라이스q3/top_오므라이스_사각배달_오므라이스_Q3_00048.JPG</path>
	<source>
		<database>fooddata</database>
	</source>
	<size>
		<width>3008</width>
		<height>2000</height>
		<depth>3</depth>
	</size>
	<object>
		<name>ref_spoon</name>
		<bndbox>
			<xmin>285</xmin>
			<ymin>362</ymin>
			<xmax>539</xmax>
			<ymax>723</ymax>
		</bndbox>
	</object>
	<object>
		<name>ref_fork</name>
		<bndbox>
			<xmin>610</xmin>
			<ymin>378</ymin>
			<xmax>803</xmax>
			<ymax>789</ymax>
		</bndbox>
	</object>
	<object>
		<name>ref_coin</name>
		<bndbox>
			<xmin>879</xmin>
			<ymin>1465</ymin>
			<xmax>1062</xmax>
			<ymax>1658</ymax>
		</bndbox>
	</object>
	<object>
		<name>dish</name>
		<bndbox>
			<xmin>1026</xmin>
			<ymin>286</ymin>
			<xmax>2403</xmax>
			<ymax>1587</ymax>
		</bndbox>
	</object>
	<object>
		<name>오므라이스</name>
		<bndbox>
			<xmin>1214</xmin>
			<ymin>433</ymin>
			<xmax>2043</xmax>
			<ymax>1323</ymax>
		</bndbox>
	</object>
</annotation>