<annotation>
	<folder>top오므라이스사각배달오므라이스q3</folder>
	<filename>top_오므라이스_사각배달_오므라이스_Q3_00001.JPG</filename>
	<path>/top오므라이스사각배달오므라이스q3/top_오므라이스_사각배달_오므라이스_Q3_00001.JPG</path>
	<source>
		<database>fooddata</database>
	</source>
	<size>
		<width>3008</width>
		<height>2000</height>
		<depth>3</depth>
	</size>
	<object>
		<name>ref_spoon</name>
		<bndbox>
			<xmin>1865</xmin>
			<ymin>296</ymin>
			<xmax>2144</xmax>
			<ymax>733</ymax>
		</bndbox>
	</object>
	<object>
		<name>ref_fork</name>
		<bndbox>
			<xmin>2215</xmin>
			<ymin>367</ymin>
			<xmax>2419</xmax>
			<ymax>840</ymax>
		</bndbox>
	</object>
	<object>
		<name>ref_coin</name>
		<bndbox>
			<xmin>1585</xmin>
			<ymin>1567</ymin>
			<xmax>1783</xmax>
			<ymax>1760</ymax>
		</bndbox>
	</object>
	<object>
		<name>dish</name>
		<bndbox>
			<xmin>442</xmin>
			<ymin>103</ymin>
			<xmax>1534</xmax>
			<ymax>1577</ymax>
		</bndbox>
	</object>
	<object>
		<name>오므라이스</name>
		<bndbox>
			<xmin>630</xmin>
			<ymin>240</ymin>
			<xmax>1407</xmax>
			<ymax>1150</ymax>
		</bndbox>
	</object>
</annotation>