<annotation>
	<folder>side비빔밥덮밥류원형배달제육덮밥q1</folder>
	<filename>side_비빔밥덮밥류_원형배달_제육덮밥_Q1_00023.JPG</filename>
	<path>/side비빔밥덮밥류원형배달제육덮밥q1/side_비빔밥덮밥류_원형배달_제육덮밥_Q1_00023.JPG</path>
	<source>
		<database>fooddata</database>
	</source>
	<size>
		<width>3008</width>
		<height>2000</height>
		<depth>3</depth>
	</size>
	<object>
		<name>ref_spoon</name>
		<bndbox>
			<xmin>559</xmin>
			<ymin>1531</ymin>
			<xmax>1026</xmax>
			<ymax>1790</ymax>
		</bndbox>
	</object>
	<object>
		<name>ref_fork</name>
		<bndbox>
			<xmin>626</xmin>
			<ymin>1312</ymin>
			<xmax>1108</xmax>
			<ymax>1561</ymax>
		</bndbox>
	</object>
	<object>
		<name>ref_coin</name>
		<bndbox>
			<xmin>2182</xmin>
			<ymin>1241</ymin>
			<xmax>2408</xmax>
			<ymax>1409</ymax>
		</bndbox>
	</object>
	<object>
		<name>dish</name>
		<bndbox>
			<xmin>574</xmin>
			<ymin>190</ymin>
			<xmax>1837</xmax>
			<ymax>1282</ymax>
		</bndbox>
	</object>
	<object>
		<name>제육덮밥</name>
		<bndbox>
			<xmin>837</xmin>
			<ymin>562</ymin>
			<xmax>1636</xmax>
			<ymax>850</ymax>
		</bndbox>
	</object>
</annotation>