<annotation>
	<folder>side비빔밥덮밥류원형배달제육덮밥q1</folder>
	<filename>side_비빔밥덮밥류_원형배달_제육덮밥_Q1_00049.JPG</filename>
	<path>/side비빔밥덮밥류원형배달제육덮밥q1/side_비빔밥덮밥류_원형배달_제육덮밥_Q1_00049.JPG</path>
	<source>
		<database>fooddata</database>
	</source>
	<size>
		<width>3008</width>
		<height>2000</height>
		<depth>3</depth>
	</size>
	<object>
		<name>ref_spoon</name>
		<bndbox>
			<xmin>211</xmin>
			<ymin>520</ymin>
			<xmax>490</xmax>
			<ymax>865</ymax>
		</bndbox>
	</object>
	<object>
		<name>ref_fork</name>
		<bndbox>
			<xmin>599</xmin>
			<ymin>550</ymin>
			<xmax>813</xmax>
			<ymax>952</ymax>
		</bndbox>
	</object>
	<object>
		<name>ref_coin</name>
		<bndbox>
			<xmin>2678</xmin>
			<ymin>1236</ymin>
			<xmax>2896</xmax>
			<ymax>1409</ymax>
		</bndbox>
	</object>
	<object>
		<name>dish</name>
		<bndbox>
			<xmin>951</xmin>
			<ymin>321</ymin>
			<xmax>2317</xmax>
			<ymax>1536</ymax>
		</bndbox>
	</object>
	<object>
		<name>제육덮밥</name>
		<bndbox>
			<xmin>1214</xmin>
			<ymin>763</ymin>
			<xmax>2104</xmax>
			<ymax>1141</ymax>
		</bndbox>
	</object>
</annotation>