<annotation>
	<folder>side비빔밥덮밥류원형배달제육덮밥q1</folder>
	<filename>side_비빔밥덮밥류_원형배달_제육덮밥_Q1_00004.JPG</filename>
	<path>/side비빔밥덮밥류원형배달제육덮밥q1/side_비빔밥덮밥류_원형배달_제육덮밥_Q1_00004.JPG</path>
	<source>
		<database>fooddata</database>
	</source>
	<size>
		<width>3008</width>
		<height>2000</height>
		<depth>3</depth>
	</size>
	<object>
		<name>ref_spoon</name>
		<bndbox>
			<xmin>2144</xmin>
			<ymin>489</ymin>
			<xmax>2429</xmax>
			<ymax>835</ymax>
		</bndbox>
	</object>
	<object>
		<name>ref_fork</name>
		<bndbox>
			<xmin>2490</xmin>
			<ymin>489</ymin>
			<xmax>2693</xmax>
			<ymax>881</ymax>
		</bndbox>
	</object>
	<object>
		<name>ref_coin</name>
		<bndbox>
			<xmin>888</xmin>
			<ymin>1423</ymin>
			<xmax>1120</xmax>
			<ymax>1597</ymax>
		</bndbox>
	</object>
	<object>
		<name>dish</name>
		<bndbox>
			<xmin>671</xmin>
			<ymin>195</ymin>
			<xmax>2013</xmax>
			<ymax>1358</ymax>
		</bndbox>
	</object>
	<object>
		<name>제육덮밥</name>
		<bndbox>
			<xmin>1299</xmin>
			<ymin>611</ymin>
			<xmax>1875</xmax>
			<ymax>956</ymax>
		</bndbox>
	</object>
</annotation>