<annotation>
	<folder>side비빔밥덮밥류원형배달제육덮밥q1</folder>
	<filename>side_비빔밥덮밥류_원형배달_제육덮밥_Q1_00046.JPG</filename>
	<path>/side비빔밥덮밥류원형배달제육덮밥q1/side_비빔밥덮밥류_원형배달_제육덮밥_Q1_00046.JPG</path>
	<source>
		<database>fooddata</database>
	</source>
	<size>
		<width>3008</width>
		<height>2000</height>
		<depth>3</depth>
	</size>
	<object>
		<name>ref_spoon</name>
		<bndbox>
			<xmin>173</xmin>
			<ymin>428</ymin>
			<xmax>508</xmax>
			<ymax>835</ymax>
		</bndbox>
	</object>
	<object>
		<name>ref_fork</name>
		<bndbox>
			<xmin>640</xmin>
			<ymin>433</ymin>
			<xmax>874</xmax>
			<ymax>896</ymax>
		</bndbox>
	</object>
	<object>
		<name>ref_coin</name>
		<bndbox>
			<xmin>2133</xmin>
			<ymin>1577</ymin>
			<xmax>2393</xmax>
			<ymax>1780</ymax>
		</bndbox>
	</object>
	<object>
		<name>dish</name>
		<bndbox>
			<xmin>1301</xmin>
			<ymin>93</ymin>
			<xmax>2853</xmax>
			<ymax>1452</ymax>
		</bndbox>
	</object>
	<object>
		<name>제육덮밥</name>
		<bndbox>
			<xmin>1433</xmin>
			<ymin>493</ymin>
			<xmax>2556</xmax>
			<ymax>1038</ymax>
		</bndbox>
	</object>
</annotation>