<annotation>
	<folder>side비빔밥덮밥류원형배달제육덮밥q1</folder>
	<filename>side_비빔밥덮밥류_원형배달_제육덮밥_Q1_00035.JPG</filename>
	<path>/side비빔밥덮밥류원형배달제육덮밥q1/side_비빔밥덮밥류_원형배달_제육덮밥_Q1_00035.JPG</path>
	<source>
		<database>fooddata</database>
	</source>
	<size>
		<width>3008</width>
		<height>2000</height>
		<depth>3</depth>
	</size>
	<object>
		<name>ref_spoon</name>
		<bndbox>
			<xmin>305</xmin>
			<ymin>439</ymin>
			<xmax>630</xmax>
			<ymax>835</ymax>
		</bndbox>
	</object>
	<object>
		<name>ref_fork</name>
		<bndbox>
			<xmin>765</xmin>
			<ymin>469</ymin>
			<xmax>996</xmax>
			<ymax>936</ymax>
		</bndbox>
	</object>
	<object>
		<name>ref_coin</name>
		<bndbox>
			<xmin>1850</xmin>
			<ymin>1690</ymin>
			<xmax>2114</xmax>
			<ymax>1892</ymax>
		</bndbox>
	</object>
	<object>
		<name>dish</name>
		<bndbox>
			<xmin>1067</xmin>
			<ymin>118</ymin>
			<xmax>2596</xmax>
			<ymax>1466</ymax>
		</bndbox>
	</object>
	<object>
		<name>제육덮밥</name>
		<bndbox>
			<xmin>1311</xmin>
			<ymin>551</ymin>
			<xmax>2347</xmax>
			<ymax>1043</ymax>
		</bndbox>
	</object>
</annotation>