<annotation>
	<folder>side비빔밥덮밥류원형배달제육덮밥q1</folder>
	<filename>side_비빔밥덮밥류_원형배달_제육덮밥_Q1_00005.JPG</filename>
	<path>/side비빔밥덮밥류원형배달제육덮밥q1/side_비빔밥덮밥류_원형배달_제육덮밥_Q1_00005.JPG</path>
	<source>
		<database>fooddata</database>
	</source>
	<size>
		<width>3008</width>
		<height>2000</height>
		<depth>3</depth>
	</size>
	<object>
		<name>ref_spoon</name>
		<bndbox>
			<xmin>1956</xmin>
			<ymin>439</ymin>
			<xmax>2231</xmax>
			<ymax>794</ymax>
		</bndbox>
	</object>
	<object>
		<name>ref_fork</name>
		<bndbox>
			<xmin>2293</xmin>
			<ymin>439</ymin>
			<xmax>2500</xmax>
			<ymax>820</ymax>
		</bndbox>
	</object>
	<object>
		<name>ref_coin</name>
		<bndbox>
			<xmin>396</xmin>
			<ymin>1292</ymin>
			<xmax>630</xmax>
			<ymax>1475</ymax>
		</bndbox>
	</object>
	<object>
		<name>dish</name>
		<bndbox>
			<xmin>447</xmin>
			<ymin>144</ymin>
			<xmax>1782</xmax>
			<ymax>1302</ymax>
		</bndbox>
	</object>
	<object>
		<name>제육덮밥</name>
		<bndbox>
			<xmin>996</xmin>
			<ymin>703</ymin>
			<xmax>1672</xmax>
			<ymax>911</ymax>
		</bndbox>
	</object>
</annotation>