<annotation>
	<folder>side비빔밥덮밥류원형배달제육덮밥q1</folder>
	<filename>side_비빔밥덮밥류_원형배달_제육덮밥_Q1_00031.JPG</filename>
	<path>/side비빔밥덮밥류원형배달제육덮밥q1/side_비빔밥덮밥류_원형배달_제육덮밥_Q1_00031.JPG</path>
	<source>
		<database>fooddata</database>
	</source>
	<size>
		<width>3008</width>
		<height>2000</height>
		<depth>3</depth>
	</size>
	<object>
		<name>ref_spoon</name>
		<bndbox>
			<xmin>549</xmin>
			<ymin>1551</ymin>
			<xmax>1006</xmax>
			<ymax>1805</ymax>
		</bndbox>
	</object>
	<object>
		<name>ref_fork</name>
		<bndbox>
			<xmin>600</xmin>
			<ymin>1347</ymin>
			<xmax>1103</xmax>
			<ymax>1577</ymax>
		</bndbox>
	</object>
	<object>
		<name>ref_coin</name>
		<bndbox>
			<xmin>1747</xmin>
			<ymin>49</ymin>
			<xmax>1936</xmax>
			<ymax>162</ymax>
		</bndbox>
	</object>
	<object>
		<name>dish</name>
		<bndbox>
			<xmin>367</xmin>
			<ymin>156</ymin>
			<xmax>1625</xmax>
			<ymax>1236</ymax>
		</bndbox>
	</object>
	<object>
		<name>제육덮밥</name>
		<bndbox>
			<xmin>540</xmin>
			<ymin>518</ymin>
			<xmax>1254</xmax>
			<ymax>870</ymax>
		</bndbox>
	</object>
</annotation>