<annotation>
	<folder>my-project-name</folder>
	<filename>top_비빔밥덮밥류_원형배달_제육덮밥_Q1_00043.JPG</filename>
	<path>/top비빔밥덮밥류원형배달제육덮밥q1/top_비빔밥덮밥류_원형배달_제육덮밥_Q1_00043.JPG</path>
	<source>
		<database>fooddata</database>
	</source>
	<size>
		<width>3008</width>
		<height>2000</height>
		<depth>3</depth>
	</size>
	<object>
		<name>ref_spoon</name>
		<bndbox>
			<xmin>774</xmin>
			<ymin>285</ymin>
			<xmax>1067</xmax>
			<ymax>727</ymax>
		</bndbox>
	</object>
	<object>
		<name>ref_fork</name>
		<bndbox>
			<xmin>457</xmin>
			<ymin>359</ymin>
			<xmax>664</xmax>
			<ymax>833</ymax>
		</bndbox>
	</object>
	<object>
		<name>ref_coin</name>
		<bndbox>
			<xmin>165</xmin>
			<ymin>909</ymin>
			<xmax>369</xmax>
			<ymax>1115</ymax>
		</bndbox>
	</object>
	<object>
		<name>dish</name>
		<bndbox>
			<xmin>1214</xmin>
			<ymin>366</ymin>
			<xmax>2644</xmax>
			<ymax>1779</ymax>
		</bndbox>
	</object>
	<object>
		<name>제육덮밥</name>
		<bndbox>
			<xmin>1352</xmin>
			<ymin>499</ymin>
			<xmax>2455</xmax>
			<ymax>1344</ymax>
		</bndbox>
	</object>
</annotation>