<annotation>
	<folder>top비빔밥덮밥류원형배달제육덮밥q1</folder>
	<filename>top_비빔밥덮밥류_원형배달_제육덮밥_Q1_00034.JPG</filename>
	<path>/top비빔밥덮밥류원형배달제육덮밥q1/top_비빔밥덮밥류_원형배달_제육덮밥_Q1_00034.JPG</path>
	<source>
		<database>fooddata</database>
	</source>
	<size>
		<width>3008</width>
		<height>2000</height>
		<depth>3</depth>
	</size>
	<object>
		<name>ref_spoon</name>
		<bndbox>
			<xmin>975</xmin>
			<ymin>1438</ymin>
			<xmax>1330</xmax>
			<ymax>1693</ymax>
		</bndbox>
	</object>
	<object>
		<name>ref_fork</name>
		<bndbox>
			<xmin>1068</xmin>
			<ymin>1701</ymin>
			<xmax>1458</xmax>
			<ymax>1878</ymax>
		</bndbox>
	</object>
	<object>
		<name>ref_coin</name>
		<bndbox>
			<xmin>699</xmin>
			<ymin>1509</ymin>
			<xmax>880</xmax>
			<ymax>1686</ymax>
		</bndbox>
	</object>
	<object>
		<name>dish</name>
		<bndbox>
			<xmin>1288</xmin>
			<ymin>62</ymin>
			<xmax>2533</xmax>
			<ymax>1286</ymax>
		</bndbox>
	</object>
	<object>
		<name>제육덮밥</name>
		<bndbox>
			<xmin>1571</xmin>
			<ymin>441</ymin>
			<xmax>2419</xmax>
			<ymax>1254</ymax>
		</bndbox>
	</object>
</annotation>