<annotation>
	<folder>top비빔밥덮밥류원형배달제육덮밥q1</folder>
	<filename>top_비빔밥덮밥류_원형배달_제육덮밥_Q1_00044.JPG</filename>
	<path>/top비빔밥덮밥류원형배달제육덮밥q1/top_비빔밥덮밥류_원형배달_제육덮밥_Q1_00044.JPG</path>
	<source>
		<database>fooddata</database>
	</source>
	<size>
		<width>3008</width>
		<height>2000</height>
		<depth>3</depth>
	</size>
	<object>
		<name>ref_spoon</name>
		<bndbox>
			<xmin>773</xmin>
			<ymin>289</ymin>
			<xmax>1043</xmax>
			<ymax>700</ymax>
		</bndbox>
	</object>
	<object>
		<name>ref_fork</name>
		<bndbox>
			<xmin>454</xmin>
			<ymin>377</ymin>
			<xmax>649</xmax>
			<ymax>810</ymax>
		</bndbox>
	</object>
	<object>
		<name>ref_coin</name>
		<bndbox>
			<xmin>71</xmin>
			<ymin>722</ymin>
			<xmax>270</xmax>
			<ymax>917</ymax>
		</bndbox>
	</object>
	<object>
		<name>dish</name>
		<bndbox>
			<xmin>1202</xmin>
			<ymin>363</ymin>
			<xmax>2611</xmax>
			<ymax>1764</ymax>
		</bndbox>
	</object>
	<object>
		<name>제육덮밥</name>
		<bndbox>
			<xmin>1330</xmin>
			<ymin>512</ymin>
			<xmax>2440</xmax>
			<ymax>1601</ymax>
		</bndbox>
	</object>
</annotation>