<annotation>
	<folder>top비빔밥덮밥류원형배달제육덮밥q1</folder>
	<filename>top_비빔밥덮밥류_원형배달_제육덮밥_Q1_00002.JPG</filename>
	<path>/top비빔밥덮밥류원형배달제육덮밥q1/top_비빔밥덮밥류_원형배달_제육덮밥_Q1_00002.JPG</path>
	<source>
		<database>fooddata</database>
	</source>
	<size>
		<width>3008</width>
		<height>2000</height>
		<depth>3</depth>
	</size>
	<object>
		<name>ref_spoon</name>
		<bndbox>
			<xmin>1930</xmin>
			<ymin>225</ymin>
			<xmax>2203</xmax>
			<ymax>615</ymax>
		</bndbox>
	</object>
	<object>
		<name>ref_fork</name>
		<bndbox>
			<xmin>2316</xmin>
			<ymin>257</ymin>
			<xmax>2490</xmax>
			<ymax>697</ymax>
		</bndbox>
	</object>
	<object>
		<name>ref_coin</name>
		<bndbox>
			<xmin>1525</xmin>
			<ymin>1623</ymin>
			<xmax>1731</xmax>
			<ymax>1825</ymax>
		</bndbox>
	</object>
	<object>
		<name>dish</name>
		<bndbox>
			<xmin>518</xmin>
			<ymin>154</ymin>
			<xmax>1958</xmax>
			<ymax>1537</ymax>
		</bndbox>
	</object>
	<object>
		<name>제육덮밥</name>
		<bndbox>
			<xmin>1220</xmin>
			<ymin>324</ymin>
			<xmax>1852</xmax>
			<ymax>1144</ymax>
		</bndbox>
	</object>
</annotation>