<annotation>
	<folder>top비빔밥덮밥류원형배달제육덮밥q1</folder>
	<filename>top_비빔밥덮밥류_원형배달_제육덮밥_Q1_00020.JPG</filename>
	<path>/top비빔밥덮밥류원형배달제육덮밥q1/top_비빔밥덮밥류_원형배달_제육덮밥_Q1_00020.JPG</path>
	<source>
		<database>fooddata</database>
	</source>
	<size>
		<width>3008</width>
		<height>2000</height>
		<depth>3</depth>
	</size>
	<object>
		<name>ref_spoon</name>
		<bndbox>
			<xmin>919</xmin>
			<ymin>1424</ymin>
			<xmax>1266</xmax>
			<ymax>1665</ymax>
		</bndbox>
	</object>
	<object>
		<name>ref_fork</name>
		<bndbox>
			<xmin>1007</xmin>
			<ymin>1679</ymin>
			<xmax>1401</xmax>
			<ymax>1850</ymax>
		</bndbox>
	</object>
	<object>
		<name>ref_coin</name>
		<bndbox>
			<xmin>2373</xmin>
			<ymin>182</ymin>
			<xmax>2540</xmax>
			<ymax>342</ymax>
		</bndbox>
	</object>
	<object>
		<name>dish</name>
		<bndbox>
			<xmin>929</xmin>
			<ymin>140</ymin>
			<xmax>2142</xmax>
			<ymax>1303</ymax>
		</bndbox>
	</object>
	<object>
		<name>제육덮밥</name>
		<bndbox>
			<xmin>1181</xmin>
			<ymin>250</ymin>
			<xmax>2068</xmax>
			<ymax>984</ymax>
		</bndbox>
	</object>
</annotation>