<annotation>
	<folder>top비빔밥덮밥류원형배달제육덮밥q1</folder>
	<filename>top_비빔밥덮밥류_원형배달_제육덮밥_Q1_00007.JPG</filename>
	<path>/top비빔밥덮밥류원형배달제육덮밥q1/top_비빔밥덮밥류_원형배달_제육덮밥_Q1_00007.JPG</path>
	<source>
		<database>fooddata</database>
	</source>
	<size>
		<width>3008</width>
		<height>2000</height>
		<depth>3</depth>
	</size>
	<object>
		<name>ref_spoon</name>
		<bndbox>
			<xmin>2025</xmin>
			<ymin>154</ymin>
			<xmax>2299</xmax>
			<ymax>551</ymax>
		</bndbox>
	</object>
	<object>
		<name>ref_fork</name>
		<bndbox>
			<xmin>2412</xmin>
			<ymin>179</ymin>
			<xmax>2593</xmax>
			<ymax>636</ymax>
		</bndbox>
	</object>
	<object>
		<name>ref_coin</name>
		<bndbox>
			<xmin>241</xmin>
			<ymin>1066</ymin>
			<xmax>447</xmax>
			<ymax>1264</ymax>
		</bndbox>
	</object>
	<object>
		<name>dish</name>
		<bndbox>
			<xmin>564</xmin>
			<ymin>278</ymin>
			<xmax>2022</xmax>
			<ymax>1679</ymax>
		</bndbox>
	</object>
	<object>
		<name>제육덮밥</name>
		<bndbox>
			<xmin>667</xmin>
			<ymin>580</ymin>
			<xmax>1305</xmax>
			<ymax>1552</ymax>
		</bndbox>
	</object>
</annotation>