<annotation>
	<folder>top비빔밥덮밥류원형배달제육덮밥q1</folder>
	<filename>top_비빔밥덮밥류_원형배달_제육덮밥_Q1_00010.JPG</filename>
	<path>/top비빔밥덮밥류원형배달제육덮밥q1/top_비빔밥덮밥류_원형배달_제육덮밥_Q1_00010.JPG</path>
	<source>
		<database>fooddata</database>
	</source>
	<size>
		<width>3008</width>
		<height>2000</height>
		<depth>3</depth>
	</size>
	<object>
		<name>ref_spoon</name>
		<bndbox>
			<xmin>1972</xmin>
			<ymin>136</ymin>
			<xmax>2245</xmax>
			<ymax>544</ymax>
		</bndbox>
	</object>
	<object>
		<name>ref_fork</name>
		<bndbox>
			<xmin>2362</xmin>
			<ymin>172</ymin>
			<xmax>2540</xmax>
			<ymax>608</ymax>
		</bndbox>
	</object>
	<object>
		<name>ref_coin</name>
		<bndbox>
			<xmin>326</xmin>
			<ymin>111</ymin>
			<xmax>529</xmax>
			<ymax>307</ymax>
		</bndbox>
	</object>
	<object>
		<name>dish</name>
		<bndbox>
			<xmin>568</xmin>
			<ymin>182</ymin>
			<xmax>2001</xmax>
			<ymax>1612</ymax>
		</bndbox>
	</object>
	<object>
		<name>제육덮밥</name>
		<bndbox>
			<xmin>780</xmin>
			<ymin>317</ymin>
			<xmax>1759</xmax>
			<ymax>963</ymax>
		</bndbox>
	</object>
</annotation>