<annotation>
	<folder>top비빔밥덮밥류원형배달제육덮밥q1</folder>
	<filename>top_비빔밥덮밥류_원형배달_제육덮밥_Q1_00049.JPG</filename>
	<path>/top비빔밥덮밥류원형배달제육덮밥q1/top_비빔밥덮밥류_원형배달_제육덮밥_Q1_00049.JPG</path>
	<source>
		<database>fooddata</database>
	</source>
	<size>
		<width>3008</width>
		<height>2000</height>
		<depth>3</depth>
	</size>
	<object>
		<name>ref_spoon</name>
		<bndbox>
			<xmin>777</xmin>
			<ymin>197</ymin>
			<xmax>1057</xmax>
			<ymax>601</ymax>
		</bndbox>
	</object>
	<object>
		<name>ref_fork</name>
		<bndbox>
			<xmin>461</xmin>
			<ymin>285</ymin>
			<xmax>667</xmax>
			<ymax>739</ymax>
		</bndbox>
	</object>
	<object>
		<name>ref_coin</name>
		<bndbox>
			<xmin>1124</xmin>
			<ymin>551</ymin>
			<xmax>1327</xmax>
			<ymax>750</ymax>
		</bndbox>
	</object>
	<object>
		<name>dish</name>
		<bndbox>
			<xmin>1469</xmin>
			<ymin>154</ymin>
			<xmax>2887</xmax>
			<ymax>1580</ymax>
		</bndbox>
	</object>
	<object>
		<name>제육덮밥</name>
		<bndbox>
			<xmin>1625</xmin>
			<ymin>324</ymin>
			<xmax>2721</xmax>
			<ymax>1513</ymax>
		</bndbox>
	</object>
</annotation>