<annotation>
	<folder>top비빔밥덮밥류원형배달제육덮밥q1</folder>
	<filename>top_비빔밥덮밥류_원형배달_제육덮밥_Q1_00052.JPG</filename>
	<path>/top비빔밥덮밥류원형배달제육덮밥q1/top_비빔밥덮밥류_원형배달_제육덮밥_Q1_00052.JPG</path>
	<source>
		<database>fooddata</database>
	</source>
	<size>
		<width>3008</width>
		<height>2000</height>
		<depth>3</depth>
	</size>
	<object>
		<name>ref_spoon</name>
		<bndbox>
			<xmin>844</xmin>
			<ymin>154</ymin>
			<xmax>1117</xmax>
			<ymax>558</ymax>
		</bndbox>
	</object>
	<object>
		<name>ref_fork</name>
		<bndbox>
			<xmin>532</xmin>
			<ymin>253</ymin>
			<xmax>738</xmax>
			<ymax>718</ymax>
		</bndbox>
	</object>
	<object>
		<name>ref_coin</name>
		<bndbox>
			<xmin>1305</xmin>
			<ymin>1566</ymin>
			<xmax>1504</xmax>
			<ymax>1768</ymax>
		</bndbox>
	</object>
	<object>
		<name>dish</name>
		<bndbox>
			<xmin>1511</xmin>
			<ymin>214</ymin>
			<xmax>2948</xmax>
			<ymax>1623</ymax>
		</bndbox>
	</object>
	<object>
		<name>제육덮밥</name>
		<bndbox>
			<xmin>1589</xmin>
			<ymin>548</ymin>
			<xmax>2706</xmax>
			<ymax>1544</ymax>
		</bndbox>
	</object>
</annotation>