<annotation>
	<folder>side건더기국류냄비닭볶음탕q2</folder>
	<filename>side_건더기국류_냄비_닭볶음탕_Q2_00010.JPG</filename>
	<path>/side건더기국류냄비닭볶음탕q2/side_건더기국류_냄비_닭볶음탕_Q2_00010.JPG</path>
	<source>
		<database>fooddata</database>
	</source>
	<size>
		<width>3008</width>
		<height>2000</height>
		<depth>3</depth>
	</size>
	<object>
		<name>ref_spoon</name>
		<bndbox>
			<xmin>2235</xmin>
			<ymin>854</ymin>
			<xmax>2506</xmax>
			<ymax>1214</ymax>
		</bndbox>
	</object>
	<object>
		<name>ref_fork</name>
		<bndbox>
			<xmin>2624</xmin>
			<ymin>928</ymin>
			<xmax>2825</xmax>
			<ymax>1350</ymax>
		</bndbox>
	</object>
	<object>
		<name>ref_coin</name>
		<bndbox>
			<xmin>1993</xmin>
			<ymin>641</ymin>
			<xmax>2181</xmax>
			<ymax>774</ymax>
		</bndbox>
	</object>
	<object>
		<name>dish</name>
		<bndbox>
			<xmin>413</xmin>
			<ymin>671</ymin>
			<xmax>1765</xmax>
			<ymax>1722</ymax>
		</bndbox>
	</object>
	<object>
		<name>닭볶음탕</name>
		<bndbox>
			<xmin>756</xmin>
			<ymin>1084</ymin>
			<xmax>1364</xmax>
			<ymax>1568</ymax>
		</bndbox>
	</object>
</annotation>