<annotation>
	<folder>side건더기국류냄비닭볶음탕q2</folder>
	<filename>side_건더기국류_냄비_닭볶음탕_Q2_00016.JPG</filename>
	<path>/side건더기국류냄비닭볶음탕q2/side_건더기국류_냄비_닭볶음탕_Q2_00016.JPG</path>
	<source>
		<database>fooddata</database>
	</source>
	<size>
		<width>3008</width>
		<height>2000</height>
		<depth>3</depth>
	</size>
	<object>
		<name>ref_spoon</name>
		<bndbox>
			<xmin>2119</xmin>
			<ymin>582</ymin>
			<xmax>2409</xmax>
			<ymax>966</ymax>
		</bndbox>
	</object>
	<object>
		<name>ref_fork</name>
		<bndbox>
			<xmin>2536</xmin>
			<ymin>662</ymin>
			<xmax>2748</xmax>
			<ymax>1108</ymax>
		</bndbox>
	</object>
	<object>
		<name>ref_coin</name>
		<bndbox>
			<xmin>1901</xmin>
			<ymin>1214</ymin>
			<xmax>2122</xmax>
			<ymax>1391</ymax>
		</bndbox>
	</object>
	<object>
		<name>dish</name>
		<bndbox>
			<xmin>195</xmin>
			<ymin>405</ymin>
			<xmax>1659</xmax>
			<ymax>1568</ymax>
		</bndbox>
	</object>
	<object>
		<name>닭볶음탕</name>
		<bndbox>
			<xmin>608</xmin>
			<ymin>898</ymin>
			<xmax>1311</xmax>
			<ymax>1409</ymax>
		</bndbox>
	</object>
</annotation>