<annotation>
	<folder>side건더기국류냄비닭볶음탕q2</folder>
	<filename>side_건더기국류_냄비_닭볶음탕_Q2_00011.JPG</filename>
	<path>/side건더기국류냄비닭볶음탕q2/side_건더기국류_냄비_닭볶음탕_Q2_00011.JPG</path>
	<source>
		<database>fooddata</database>
	</source>
	<size>
		<width>3008</width>
		<height>2000</height>
		<depth>3</depth>
	</size>
	<object>
		<name>ref_spoon</name>
		<bndbox>
			<xmin>2267</xmin>
			<ymin>913</ymin>
			<xmax>2545</xmax>
			<ymax>1273</ymax>
		</bndbox>
	</object>
	<object>
		<name>ref_fork</name>
		<bndbox>
			<xmin>2657</xmin>
			<ymin>996</ymin>
			<xmax>2855</xmax>
			<ymax>1412</ymax>
		</bndbox>
	</object>
	<object>
		<name>ref_coin</name>
		<bndbox>
			<xmin>2261</xmin>
			<ymin>712</ymin>
			<xmax>2447</xmax>
			<ymax>842</ymax>
		</bndbox>
	</object>
	<object>
		<name>dish</name>
		<bndbox>
			<xmin>413</xmin>
			<ymin>700</ymin>
			<xmax>1783</xmax>
			<ymax>1763</ymax>
		</bndbox>
	</object>
	<object>
		<name>닭볶음탕</name>
		<bndbox>
			<xmin>765</xmin>
			<ymin>1196</ymin>
			<xmax>1405</xmax>
			<ymax>1601</ymax>
		</bndbox>
	</object>
</annotation>