<annotation>
	<folder>side건더기국류냄비닭볶음탕q2</folder>
	<filename>side_건더기국류_냄비_닭볶음탕_Q2_00009.JPG</filename>
	<path>/side건더기국류냄비닭볶음탕q2/side_건더기국류_냄비_닭볶음탕_Q2_00009.JPG</path>
	<source>
		<database>fooddata</database>
	</source>
	<size>
		<width>3008</width>
		<height>2000</height>
		<depth>3</depth>
	</size>
	<object>
		<name>ref_spoon</name>
		<bndbox>
			<xmin>2117</xmin>
			<ymin>869</ymin>
			<xmax>2382</xmax>
			<ymax>1220</ymax>
		</bndbox>
	</object>
	<object>
		<name>ref_fork</name>
		<bndbox>
			<xmin>2503</xmin>
			<ymin>942</ymin>
			<xmax>2698</xmax>
			<ymax>1353</ymax>
		</bndbox>
	</object>
	<object>
		<name>ref_coin</name>
		<bndbox>
			<xmin>1647</xmin>
			<ymin>647</ymin>
			<xmax>1827</xmax>
			<ymax>777</ymax>
		</bndbox>
	</object>
	<object>
		<name>dish</name>
		<bndbox>
			<xmin>342</xmin>
			<ymin>689</ymin>
			<xmax>1706</xmax>
			<ymax>1745</ymax>
		</bndbox>
	</object>
	<object>
		<name>닭볶음탕</name>
		<bndbox>
			<xmin>717</xmin>
			<ymin>1090</ymin>
			<xmax>1405</xmax>
			<ymax>1595</ymax>
		</bndbox>
	</object>
</annotation>