<annotation>
	<folder>side건더기국류냄비닭볶음탕q2</folder>
	<filename>side_건더기국류_냄비_닭볶음탕_Q2_00008.JPG</filename>
	<path>/side건더기국류냄비닭볶음탕q2/side_건더기국류_냄비_닭볶음탕_Q2_00008.JPG</path>
	<source>
		<database>fooddata</database>
	</source>
	<size>
		<width>3008</width>
		<height>2000</height>
		<depth>3</depth>
	</size>
	<object>
		<name>ref_spoon</name>
		<bndbox>
			<xmin>2152</xmin>
			<ymin>848</ymin>
			<xmax>2421</xmax>
			<ymax>1196</ymax>
		</bndbox>
	</object>
	<object>
		<name>ref_fork</name>
		<bndbox>
			<xmin>2530</xmin>
			<ymin>922</ymin>
			<xmax>2728</xmax>
			<ymax>1335</ymax>
		</bndbox>
	</object>
	<object>
		<name>ref_coin</name>
		<bndbox>
			<xmin>794</xmin>
			<ymin>559</ymin>
			<xmax>974</xmax>
			<ymax>689</ymax>
		</bndbox>
	</object>
	<object>
		<name>dish</name>
		<bndbox>
			<xmin>469</xmin>
			<ymin>656</ymin>
			<xmax>1807</xmax>
			<ymax>1710</ymax>
		</bndbox>
	</object>
	<object>
		<name>닭볶음탕</name>
		<bndbox>
			<xmin>720</xmin>
			<ymin>1096</ymin>
			<xmax>1461</xmax>
			<ymax>1565</ymax>
		</bndbox>
	</object>
</annotation>