<annotation>
	<folder>side건더기국류냄비닭볶음탕q2</folder>
	<filename>side_건더기국류_냄비_닭볶음탕_Q2_00015.JPG</filename>
	<path>/side건더기국류냄비닭볶음탕q2/side_건더기국류_냄비_닭볶음탕_Q2_00015.JPG</path>
	<source>
		<database>fooddata</database>
	</source>
	<size>
		<width>3008</width>
		<height>2000</height>
		<depth>3</depth>
	</size>
	<object>
		<name>ref_spoon</name>
		<bndbox>
			<xmin>2137</xmin>
			<ymin>612</ymin>
			<xmax>2424</xmax>
			<ymax>990</ymax>
		</bndbox>
	</object>
	<object>
		<name>ref_fork</name>
		<bndbox>
			<xmin>2542</xmin>
			<ymin>694</ymin>
			<xmax>2760</xmax>
			<ymax>1128</ymax>
		</bndbox>
	</object>
	<object>
		<name>ref_coin</name>
		<bndbox>
			<xmin>1804</xmin>
			<ymin>860</ymin>
			<xmax>2019</xmax>
			<ymax>1022</ymax>
		</bndbox>
	</object>
	<object>
		<name>dish</name>
		<bndbox>
			<xmin>221</xmin>
			<ymin>517</ymin>
			<xmax>1700</xmax>
			<ymax>1698</ymax>
		</bndbox>
	</object>
	<object>
		<name>닭볶음탕</name>
		<bndbox>
			<xmin>573</xmin>
			<ymin>987</ymin>
			<xmax>1302</xmax>
			<ymax>1542</ymax>
		</bndbox>
	</object>
</annotation>