<annotation>
	<folder>top건더기국류닭볶음탕q2</folder>
	<filename>top_건더기국류_냄비_닭볶음탕_Q2_00003.JPG</filename>
	<path>/top건더기국류냄비닭볶음탕q2/top_건더기국류_냄비_닭볶음탕_Q2_00003.JPG</path>
	<source>
		<database>fooddata</database>
	</source>
	<size>
		<width>3008</width>
		<height>2000</height>
		<depth>3</depth>
	</size>
	<object>
		<name>ref_spoon</name>
		<bndbox>
			<xmin>2160</xmin>
			<ymin>331</ymin>
			<xmax>2426</xmax>
			<ymax>700</ymax>
		</bndbox>
	</object>
	<object>
		<name>ref_fork</name>
		<bndbox>
			<xmin>2497</xmin>
			<ymin>424</ymin>
			<xmax>2706</xmax>
			<ymax>835</ymax>
		</bndbox>
	</object>
	<object>
		<name>ref_coin</name>
		<bndbox>
			<xmin>1848</xmin>
			<ymin>1062</ymin>
			<xmax>2068</xmax>
			<ymax>1275</ymax>
		</bndbox>
	</object>
	<object>
		<name>dish</name>
		<bndbox>
			<xmin>341</xmin>
			<ymin>289</ymin>
			<xmax>1703</xmax>
			<ymax>1608</ymax>
		</bndbox>
	</object>
	<object>
		<name>닭볶음탕</name>
		<bndbox>
			<xmin>603</xmin>
			<ymin>548</ymin>
			<xmax>1561</xmax>
			<ymax>1410</ymax>
		</bndbox>
	</object>
</annotation>