<annotation>
	<folder>top건더기국류닭볶음탕q2</folder>
	<filename>top_건더기국류_냄비_닭볶음탕_Q2_00038.JPG</filename>
	<path>/top건더기국류냄비닭볶음탕q2/top_건더기국류_냄비_닭볶음탕_Q2_00038.JPG</path>
	<source>
		<database>fooddata</database>
	</source>
	<size>
		<width>3008</width>
		<height>2000</height>
		<depth>3</depth>
	</size>
	<object>
		<name>ref_spoon</name>
		<bndbox>
			<xmin>369</xmin>
			<ymin>317</ymin>
			<xmax>653</xmax>
			<ymax>718</ymax>
		</bndbox>
	</object>
	<object>
		<name>ref_fork</name>
		<bndbox>
			<xmin>741</xmin>
			<ymin>377</ymin>
			<xmax>951</xmax>
			<ymax>824</ymax>
		</bndbox>
	</object>
	<object>
		<name>ref_coin</name>
		<bndbox>
			<xmin>2345</xmin>
			<ymin>906</ymin>
			<xmax>2558</xmax>
			<ymax>1112</ymax>
		</bndbox>
	</object>
	<object>
		<name>dish</name>
		<bndbox>
			<xmin>972</xmin>
			<ymin>331</ymin>
			<xmax>2313</xmax>
			<ymax>1658</ymax>
		</bndbox>
	</object>
	<object>
		<name>닭볶음탕</name>
		<bndbox>
			<xmin>1117</xmin>
			<ymin>509</ymin>
			<xmax>2064</xmax>
			<ymax>1509</ymax>
		</bndbox>
	</object>
</annotation>