<annotation>
	<folder>top건더기국류닭볶음탕q2</folder>
	<filename>top_건더기국류_냄비_닭볶음탕_Q2_00011.JPG</filename>
	<path>/top건더기국류냄비닭볶음탕q2/top_건더기국류_냄비_닭볶음탕_Q2_00011.JPG</path>
	<source>
		<database>fooddata</database>
	</source>
	<size>
		<width>3008</width>
		<height>2000</height>
		<depth>3</depth>
	</size>
	<object>
		<name>ref_spoon</name>
		<bndbox>
			<xmin>2036</xmin>
			<ymin>431</ymin>
			<xmax>2320</xmax>
			<ymax>824</ymax>
		</bndbox>
	</object>
	<object>
		<name>ref_fork</name>
		<bndbox>
			<xmin>2366</xmin>
			<ymin>544</ymin>
			<xmax>2589</xmax>
			<ymax>966</ymax>
		</bndbox>
	</object>
	<object>
		<name>ref_coin</name>
		<bndbox>
			<xmin>2157</xmin>
			<ymin>62</ymin>
			<xmax>2348</xmax>
			<ymax>253</ymax>
		</bndbox>
	</object>
	<object>
		<name>dish</name>
		<bndbox>
			<xmin>302</xmin>
			<ymin>360</ymin>
			<xmax>1692</xmax>
			<ymax>1697</ymax>
		</bndbox>
	</object>
	<object>
		<name>닭볶음탕</name>
		<bndbox>
			<xmin>553</xmin>
			<ymin>534</ymin>
			<xmax>1461</xmax>
			<ymax>1576</ymax>
		</bndbox>
	</object>
</annotation>