<annotation>
	<folder>top건더기국류닭볶음탕q2</folder>
	<filename>top_건더기국류_냄비_닭볶음탕_Q2_00052.JPG</filename>
	<path>/top건더기국류냄비닭볶음탕q2/top_건더기국류_냄비_닭볶음탕_Q2_00052.JPG</path>
	<source>
		<database>fooddata</database>
	</source>
	<size>
		<width>3008</width>
		<height>2000</height>
		<depth>3</depth>
	</size>
	<object>
		<name>ref_spoon</name>
		<bndbox>
			<xmin>255</xmin>
			<ymin>402</ymin>
			<xmax>550</xmax>
			<ymax>807</ymax>
		</bndbox>
	</object>
	<object>
		<name>ref_fork</name>
		<bndbox>
			<xmin>635</xmin>
			<ymin>456</ymin>
			<xmax>855</xmax>
			<ymax>899</ymax>
		</bndbox>
	</object>
	<object>
		<name>ref_coin</name>
		<bndbox>
			<xmin>951</xmin>
			<ymin>207</ymin>
			<xmax>1149</xmax>
			<ymax>409</ymax>
		</bndbox>
	</object>
	<object>
		<name>dish</name>
		<bndbox>
			<xmin>1245</xmin>
			<ymin>374</ymin>
			<xmax>2611</xmax>
			<ymax>1754</ymax>
		</bndbox>
	</object>
	<object>
		<name>닭볶음탕</name>
		<bndbox>
			<xmin>1337</xmin>
			<ymin>619</ymin>
			<xmax>2412</xmax>
			<ymax>1488</ymax>
		</bndbox>
	</object>
</annotation>