<annotation>
	<folder>top건더기국류닭볶음탕q2</folder>
	<filename>top_건더기국류_냄비_닭볶음탕_Q2_00013.JPG</filename>
	<path>/top건더기국류냄비닭볶음탕q2/top_건더기국류_냄비_닭볶음탕_Q2_00013.JPG</path>
	<source>
		<database>fooddata</database>
	</source>
	<size>
		<width>3008</width>
		<height>2000</height>
		<depth>3</depth>
	</size>
	<object>
		<name>ref_spoon</name>
		<bndbox>
			<xmin>2135</xmin>
			<ymin>505</ymin>
			<xmax>2412</xmax>
			<ymax>878</ymax>
		</bndbox>
	</object>
	<object>
		<name>ref_fork</name>
		<bndbox>
			<xmin>2455</xmin>
			<ymin>615</ymin>
			<xmax>2682</xmax>
			<ymax>1027</ymax>
		</bndbox>
	</object>
	<object>
		<name>ref_coin</name>
		<bndbox>
			<xmin>1603</xmin>
			<ymin>62</ymin>
			<xmax>1802</xmax>
			<ymax>239</ymax>
		</bndbox>
	</object>
	<object>
		<name>dish</name>
		<bndbox>
			<xmin>450</xmin>
			<ymin>519</ymin>
			<xmax>1834</xmax>
			<ymax>1878</ymax>
		</bndbox>
	</object>
	<object>
		<name>닭볶음탕</name>
		<bndbox>
			<xmin>628</xmin>
			<ymin>771</ymin>
			<xmax>1696</xmax>
			<ymax>1665</ymax>
		</bndbox>
	</object>
</annotation>