<annotation>
	<folder>side어육류정형사각배달돈가스q3</folder>
	<filename>side_어육류정형_사각배달_돈가스_Q3_00023.JPG</filename>
	<path>/side어육류정형사각배달돈가스q3/side_어육류정형_사각배달_돈가스_Q3_00023.JPG</path>
	<source>
		<database>fooddata</database>
	</source>
	<size>
		<width>3008</width>
		<height>2000</height>
		<depth>3</depth>
	</size>
	<object>
		<name>ref_spoon</name>
		<bndbox>
			<xmin>506</xmin>
			<ymin>1569</ymin>
			<xmax>990</xmax>
			<ymax>1825</ymax>
		</bndbox>
	</object>
	<object>
		<name>ref_fork</name>
		<bndbox>
			<xmin>595</xmin>
			<ymin>1276</ymin>
			<xmax>1106</xmax>
			<ymax>1514</ymax>
		</bndbox>
	</object>
	<object>
		<name>ref_coin</name>
		<bndbox>
			<xmin>714</xmin>
			<ymin>1076</ymin>
			<xmax>939</xmax>
			<ymax>1246</ymax>
		</bndbox>
	</object>
	<object>
		<name>dish</name>
		<bndbox>
			<xmin>706</xmin>
			<ymin>123</ymin>
			<xmax>2177</xmax>
			<ymax>1002</ymax>
		</bndbox>
	</object>
	<object>
		<name>돈가스</name>
		<bndbox>
			<xmin>1064</xmin>
			<ymin>417</ymin>
			<xmax>1897</xmax>
			<ymax>739</ymax>
		</bndbox>
	</object>
</annotation>