<annotation>
	<folder>side어육류정형사각배달돈가스q3</folder>
	<filename>side_어육류정형_사각배달_돈가스_Q3_00030.JPG</filename>
	<path>/side어육류정형사각배달돈가스q3/side_어육류정형_사각배달_돈가스_Q3_00030.JPG</path>
	<source>
		<database>fooddata</database>
	</source>
	<size>
		<width>3008</width>
		<height>2000</height>
		<depth>3</depth>
	</size>
	<object>
		<name>ref_spoon</name>
		<bndbox>
			<xmin>453</xmin>
			<ymin>1590</ymin>
			<xmax>964</xmax>
			<ymax>1868</ymax>
		</bndbox>
	</object>
	<object>
		<name>ref_fork</name>
		<bndbox>
			<xmin>528</xmin>
			<ymin>1290</ymin>
			<xmax>1108</xmax>
			<ymax>1542</ymax>
		</bndbox>
	</object>
	<object>
		<name>ref_coin</name>
		<bndbox>
			<xmin>120</xmin>
			<ymin>806</ymin>
			<xmax>352</xmax>
			<ymax>982</ymax>
		</bndbox>
	</object>
	<object>
		<name>dish</name>
		<bndbox>
			<xmin>502</xmin>
			<ymin>164</ymin>
			<xmax>2150</xmax>
			<ymax>1238</ymax>
		</bndbox>
	</object>
	<object>
		<name>돈가스</name>
		<bndbox>
			<xmin>802</xmin>
			<ymin>581</ymin>
			<xmax>1707</xmax>
			<ymax>945</ymax>
		</bndbox>
	</object>
</annotation>