<annotation>
	<folder>side어육류정형사각배달돈가스q3</folder>
	<filename>side_어육류정형_사각배달_돈가스_Q3_00026.JPG</filename>
	<path>/side어육류정형사각배달돈가스q3/side_어육류정형_사각배달_돈가스_Q3_00026.JPG</path>
	<source>
		<database>fooddata</database>
	</source>
	<size>
		<width>3008</width>
		<height>2000</height>
		<depth>3</depth>
	</size>
	<object>
		<name>ref_spoon</name>
		<bndbox>
			<xmin>594</xmin>
			<ymin>1570</ymin>
			<xmax>1071</xmax>
			<ymax>1828</ymax>
		</bndbox>
	</object>
	<object>
		<name>ref_fork</name>
		<bndbox>
			<xmin>681</xmin>
			<ymin>1271</ymin>
			<xmax>1203</xmax>
			<ymax>1521</ymax>
		</bndbox>
	</object>
	<object>
		<name>ref_coin</name>
		<bndbox>
			<xmin>473</xmin>
			<ymin>787</ymin>
			<xmax>688</xmax>
			<ymax>942</ymax>
		</bndbox>
	</object>
	<object>
		<name>dish</name>
		<bndbox>
			<xmin>908</xmin>
			<ymin>90</ymin>
			<xmax>1981</xmax>
			<ymax>1202</ymax>
		</bndbox>
	</object>
	<object>
		<name>돈가스</name>
		<bndbox>
			<xmin>1100</xmin>
			<ymin>413</ymin>
			<xmax>1747</xmax>
			<ymax>947</ymax>
		</bndbox>
	</object>
</annotation>