<annotation>
	<folder>side어육류정형사각배달돈가스q3</folder>
	<filename>side_어육류정형_사각배달_돈가스_Q3_00003.JPG</filename>
	<path>/side어육류정형사각배달돈가스q3/side_어육류정형_사각배달_돈가스_Q3_00003.JPG</path>
	<source>
		<database>fooddata</database>
	</source>
	<size>
		<width>3008</width>
		<height>2000</height>
		<depth>3</depth>
	</size>
	<object>
		<name>ref_spoon</name>
		<bndbox>
			<xmin>2054</xmin>
			<ymin>541</ymin>
			<xmax>2368</xmax>
			<ymax>927</ymax>
		</bndbox>
	</object>
	<object>
		<name>ref_fork</name>
		<bndbox>
			<xmin>2521</xmin>
			<ymin>520</ymin>
			<xmax>2744</xmax>
			<ymax>971</ymax>
		</bndbox>
	</object>
	<object>
		<name>ref_coin</name>
		<bndbox>
			<xmin>1592</xmin>
			<ymin>1601</ymin>
			<xmax>1841</xmax>
			<ymax>1806</ymax>
		</bndbox>
	</object>
	<object>
		<name>dish</name>
		<bndbox>
			<xmin>293</xmin>
			<ymin>411</ymin>
			<xmax>2043</xmax>
			<ymax>1664</ymax>
		</bndbox>
	</object>
	<object>
		<name>돈가스</name>
		<bndbox>
			<xmin>561</xmin>
			<ymin>769</ymin>
			<xmax>1464</xmax>
			<ymax>1363</ymax>
		</bndbox>
	</object>
</annotation>