<annotation>
	<folder>side어육류정형사각배달돈가스q3</folder>
	<filename>side_어육류정형_사각배달_돈가스_Q3_00032.JPG</filename>
	<path>/side어육류정형사각배달돈가스q3/side_어육류정형_사각배달_돈가스_Q3_00032.JPG</path>
	<source>
		<database>fooddata</database>
	</source>
	<size>
		<width>3008</width>
		<height>2000</height>
		<depth>3</depth>
	</size>
	<object>
		<name>ref_spoon</name>
		<bndbox>
			<xmin>567</xmin>
			<ymin>1627</ymin>
			<xmax>1078</xmax>
			<ymax>1913</ymax>
		</bndbox>
	</object>
	<object>
		<name>ref_fork</name>
		<bndbox>
			<xmin>648</xmin>
			<ymin>1333</ymin>
			<xmax>1197</xmax>
			<ymax>1591</ymax>
		</bndbox>
	</object>
	<object>
		<name>ref_coin</name>
		<bndbox>
			<xmin>616</xmin>
			<ymin>613</ymin>
			<xmax>843</xmax>
			<ymax>770</ymax>
		</bndbox>
	</object>
	<object>
		<name>dish</name>
		<bndbox>
			<xmin>866</xmin>
			<ymin>158</ymin>
			<xmax>2016</xmax>
			<ymax>1319</ymax>
		</bndbox>
	</object>
	<object>
		<name>돈가스</name>
		<bndbox>
			<xmin>1119</xmin>
			<ymin>521</ymin>
			<xmax>1812</xmax>
			<ymax>1035</ymax>
		</bndbox>
	</object>
</annotation>