<annotation>
	<folder>side어육류정형사각배달돈가스q3</folder>
	<filename>side_어육류정형_사각배달_돈가스_Q3_00033.JPG</filename>
	<path>/side어육류정형사각배달돈가스q3/side_어육류정형_사각배달_돈가스_Q3_00033.JPG</path>
	<source>
		<database>fooddata</database>
	</source>
	<size>
		<width>3008</width>
		<height>2000</height>
		<depth>3</depth>
	</size>
	<object>
		<name>ref_spoon</name>
		<bndbox>
			<xmin>548</xmin>
			<ymin>563</ymin>
			<xmax>835</xmax>
			<ymax>941</ymax>
		</bndbox>
	</object>
	<object>
		<name>ref_fork</name>
		<bndbox>
			<xmin>936</xmin>
			<ymin>614</ymin>
			<xmax>1141</xmax>
			<ymax>1026</ymax>
		</bndbox>
	</object>
	<object>
		<name>ref_coin</name>
		<bndbox>
			<xmin>1715</xmin>
			<ymin>213</ymin>
			<xmax>1930</xmax>
			<ymax>351</ymax>
		</bndbox>
	</object>
	<object>
		<name>dish</name>
		<bndbox>
			<xmin>1247</xmin>
			<ymin>483</ymin>
			<xmax>2453</xmax>
			<ymax>1708</ymax>
		</bndbox>
	</object>
	<object>
		<name>돈가스</name>
		<bndbox>
			<xmin>1585</xmin>
			<ymin>880</ymin>
			<xmax>2187</xmax>
			<ymax>1444</ymax>
		</bndbox>
	</object>
</annotation>