<annotation>
	<folder>top어육류정형사각배달돈가스q3</folder>
	<filename>top_어육류정형_사각배달_돈가스_Q3_00045.JPG</filename>
	<path>/top어육류정형사각배달돈가스q3/top_어육류정형_사각배달_돈가스_Q3_00045.JPG</path>
	<source>
		<database>fooddata</database>
	</source>
	<size>
		<width>3008</width>
		<height>2000</height>
		<depth>3</depth>
	</size>
	<object>
		<name>ref_spoon</name>
		<bndbox>
			<xmin>283</xmin>
			<ymin>118</ymin>
			<xmax>544</xmax>
			<ymax>503</ymax>
		</bndbox>
	</object>
	<object>
		<name>ref_fork</name>
		<bndbox>
			<xmin>645</xmin>
			<ymin>228</ymin>
			<xmax>821</xmax>
			<ymax>660</ymax>
		</bndbox>
	</object>
	<object>
		<name>ref_coin</name>
		<bndbox>
			<xmin>1235</xmin>
			<ymin>1617</ymin>
			<xmax>1420</xmax>
			<ymax>1805</ymax>
		</bndbox>
	</object>
	<object>
		<name>dish</name>
		<bndbox>
			<xmin>833</xmin>
			<ymin>364</ymin>
			<xmax>2210</xmax>
			<ymax>1382</ymax>
		</bndbox>
	</object>
	<object>
		<name>돈가스</name>
		<bndbox>
			<xmin>997</xmin>
			<ymin>498</ymin>
			<xmax>1987</xmax>
			<ymax>1271</ymax>
		</bndbox>
	</object>
</annotation>