<annotation>
	<folder>top어육류정형사각배달돈가스q3</folder>
	<filename>top_어육류정형_사각배달_돈가스_Q3_00041.JPG</filename>
	<path>/top어육류정형사각배달돈가스q3/top_어육류정형_사각배달_돈가스_Q3_00041.JPG</path>
	<source>
		<database>fooddata</database>
	</source>
	<size>
		<width>3008</width>
		<height>2000</height>
		<depth>3</depth>
	</size>
	<object>
		<name>ref_spoon</name>
		<bndbox>
			<xmin>309</xmin>
			<ymin>214</ymin>
			<xmax>572</xmax>
			<ymax>595</ymax>
		</bndbox>
	</object>
	<object>
		<name>ref_fork</name>
		<bndbox>
			<xmin>687</xmin>
			<ymin>315</ymin>
			<xmax>861</xmax>
			<ymax>736</ymax>
		</bndbox>
	</object>
	<object>
		<name>ref_coin</name>
		<bndbox>
			<xmin>2010</xmin>
			<ymin>1687</ymin>
			<xmax>2196</xmax>
			<ymax>1873</ymax>
		</bndbox>
	</object>
	<object>
		<name>dish</name>
		<bndbox>
			<xmin>974</xmin>
			<ymin>364</ymin>
			<xmax>1961</xmax>
			<ymax>1709</ymax>
		</bndbox>
	</object>
	<object>
		<name>돈가스</name>
		<bndbox>
			<xmin>1136</xmin>
			<ymin>592</ymin>
			<xmax>1843</xmax>
			<ymax>1504</ymax>
		</bndbox>
	</object>
</annotation>