<annotation>
	<folder>top어육류정형사각배달돈가스q3</folder>
	<filename>top_어육류정형_사각배달_돈가스_Q3_00006.JPG</filename>
	<path>/top어육류정형사각배달돈가스q3/top_어육류정형_사각배달_돈가스_Q3_00006.JPG</path>
	<source>
		<database>fooddata</database>
	</source>
	<size>
		<width>3008</width>
		<height>2000</height>
		<depth>3</depth>
	</size>
	<object>
		<name>ref_spoon</name>
		<bndbox>
			<xmin>1768</xmin>
			<ymin>247</ymin>
			<xmax>2027</xmax>
			<ymax>623</ymax>
		</bndbox>
	</object>
	<object>
		<name>ref_fork</name>
		<bndbox>
			<xmin>2114</xmin>
			<ymin>364</ymin>
			<xmax>2306</xmax>
			<ymax>778</ymax>
		</bndbox>
	</object>
	<object>
		<name>ref_coin</name>
		<bndbox>
			<xmin>212</xmin>
			<ymin>604</ymin>
			<xmax>396</xmax>
			<ymax>783</ymax>
		</bndbox>
	</object>
	<object>
		<name>dish</name>
		<bndbox>
			<xmin>400</xmin>
			<ymin>362</ymin>
			<xmax>1482</xmax>
			<ymax>1709</ymax>
		</bndbox>
	</object>
	<object>
		<name>돈가스</name>
		<bndbox>
			<xmin>748</xmin>
			<ymin>714</ymin>
			<xmax>1329</xmax>
			<ymax>1608</ymax>
		</bndbox>
	</object>
</annotation>