<annotation>
	<folder>top어육류정형사각배달돈가스q3</folder>
	<filename>top_어육류정형_사각배달_돈가스_Q3_00040.JPG</filename>
	<path>/top어육류정형사각배달돈가스q3/top_어육류정형_사각배달_돈가스_Q3_00040.JPG</path>
	<source>
		<database>fooddata</database>
	</source>
	<size>
		<width>3008</width>
		<height>2000</height>
		<depth>3</depth>
	</size>
	<object>
		<name>ref_spoon</name>
		<bndbox>
			<xmin>419</xmin>
			<ymin>165</ymin>
			<xmax>680</xmax>
			<ymax>548</ymax>
		</bndbox>
	</object>
	<object>
		<name>ref_fork</name>
		<bndbox>
			<xmin>791</xmin>
			<ymin>275</ymin>
			<xmax>962</xmax>
			<ymax>707</ymax>
		</bndbox>
	</object>
	<object>
		<name>ref_coin</name>
		<bndbox>
			<xmin>2154</xmin>
			<ymin>1408</ymin>
			<xmax>2339</xmax>
			<ymax>1593</ymax>
		</bndbox>
	</object>
	<object>
		<name>dish</name>
		<bndbox>
			<xmin>1073</xmin>
			<ymin>331</ymin>
			<xmax>2062</xmax>
			<ymax>1678</ymax>
		</bndbox>
	</object>
	<object>
		<name>돈가스</name>
		<bndbox>
			<xmin>1242</xmin>
			<ymin>533</ymin>
			<xmax>1942</xmax>
			<ymax>1471</ymax>
		</bndbox>
	</object>
</annotation>