<annotation>
	<folder>top어육류정형사각배달돈가스q3</folder>
	<filename>top_어육류정형_사각배달_돈가스_Q3_00019.JPG</filename>
	<path>/top어육류정형사각배달돈가스q3/top_어육류정형_사각배달_돈가스_Q3_00019.JPG</path>
	<source>
		<database>fooddata</database>
	</source>
	<size>
		<width>3008</width>
		<height>2000</height>
		<depth>3</depth>
	</size>
	<object>
		<name>ref_spoon</name>
		<bndbox>
			<xmin>259</xmin>
			<ymin>1706</ymin>
			<xmax>633</xmax>
			<ymax>1958</ymax>
		</bndbox>
	</object>
	<object>
		<name>ref_fork</name>
		<bndbox>
			<xmin>417</xmin>
			<ymin>1474</ymin>
			<xmax>812</xmax>
			<ymax>1650</ymax>
		</bndbox>
	</object>
	<object>
		<name>ref_coin</name>
		<bndbox>
			<xmin>1752</xmin>
			<ymin>947</ymin>
			<xmax>1923</xmax>
			<ymax>1121</ymax>
		</bndbox>
	</object>
	<object>
		<name>dish</name>
		<bndbox>
			<xmin>405</xmin>
			<ymin>188</ymin>
			<xmax>1754</xmax>
			<ymax>1398</ymax>
		</bndbox>
	</object>
	<object>
		<name>돈가스</name>
		<bndbox>
			<xmin>741</xmin>
			<ymin>501</ymin>
			<xmax>1550</xmax>
			<ymax>1041</ymax>
		</bndbox>
	</object>
</annotation>