<annotation>
	<folder>top어육류정형사각배달돈가스q3</folder>
	<filename>top_어육류정형_사각배달_돈가스_Q3_00009.JPG</filename>
	<path>/top어육류정형사각배달돈가스q3/top_어육류정형_사각배달_돈가스_Q3_00009.JPG</path>
	<source>
		<database>fooddata</database>
	</source>
	<size>
		<width>3008</width>
		<height>2000</height>
		<depth>3</depth>
	</size>
	<object>
		<name>ref_spoon</name>
		<bndbox>
			<xmin>1984</xmin>
			<ymin>367</ymin>
			<xmax>2243</xmax>
			<ymax>740</ymax>
		</bndbox>
	</object>
	<object>
		<name>ref_fork</name>
		<bndbox>
			<xmin>2318</xmin>
			<ymin>489</ymin>
			<xmax>2520</xmax>
			<ymax>907</ymax>
		</bndbox>
	</object>
	<object>
		<name>ref_coin</name>
		<bndbox>
			<xmin>1009</xmin>
			<ymin>71</ymin>
			<xmax>1183</xmax>
			<ymax>240</ymax>
		</bndbox>
	</object>
	<object>
		<name>dish</name>
		<bndbox>
			<xmin>311</xmin>
			<ymin>625</ymin>
			<xmax>1717</xmax>
			<ymax>1678</ymax>
		</bndbox>
	</object>
	<object>
		<name>돈가스</name>
		<bndbox>
			<xmin>462</xmin>
			<ymin>994</ymin>
			<xmax>1395</xmax>
			<ymax>1549</ymax>
		</bndbox>
	</object>
</annotation>