<annotation>
	<folder>top어육류정형사각배달돈가스q3</folder>
	<filename>top_어육류정형_사각배달_돈가스_Q3_00010.JPG</filename>
	<path>/top어육류정형사각배달돈가스q3/top_어육류정형_사각배달_돈가스_Q3_00010.JPG</path>
	<source>
		<database>fooddata</database>
	</source>
	<size>
		<width>3008</width>
		<height>2000</height>
		<depth>3</depth>
	</size>
	<object>
		<name>ref_spoon</name>
		<bndbox>
			<xmin>2001</xmin>
			<ymin>367</ymin>
			<xmax>2259</xmax>
			<ymax>736</ymax>
		</bndbox>
	</object>
	<object>
		<name>ref_fork</name>
		<bndbox>
			<xmin>2337</xmin>
			<ymin>491</ymin>
			<xmax>2539</xmax>
			<ymax>893</ymax>
		</bndbox>
	</object>
	<object>
		<name>ref_coin</name>
		<bndbox>
			<xmin>1425</xmin>
			<ymin>141</ymin>
			<xmax>1606</xmax>
			<ymax>315</ymax>
		</bndbox>
	</object>
	<object>
		<name>dish</name>
		<bndbox>
			<xmin>283</xmin>
			<ymin>484</ymin>
			<xmax>1705</xmax>
			<ymax>1770</ymax>
		</bndbox>
	</object>
	<object>
		<name>돈가스</name>
		<bndbox>
			<xmin>532</xmin>
			<ymin>799</ymin>
			<xmax>1284</xmax>
			<ymax>1530</ymax>
		</bndbox>
	</object>
</annotation>