<annotation>
	<folder>top어육류정형사각배달돈가스q3</folder>
	<filename>top_어육류정형_사각배달_돈가스_Q3_00047.JPG</filename>
	<path>/top어육류정형사각배달돈가스q3/top_어육류정형_사각배달_돈가스_Q3_00047.JPG</path>
	<source>
		<database>fooddata</database>
	</source>
	<size>
		<width>3008</width>
		<height>2000</height>
		<depth>3</depth>
	</size>
	<object>
		<name>ref_spoon</name>
		<bndbox>
			<xmin>292</xmin>
			<ymin>360</ymin>
			<xmax>546</xmax>
			<ymax>736</ymax>
		</bndbox>
	</object>
	<object>
		<name>ref_fork</name>
		<bndbox>
			<xmin>643</xmin>
			<ymin>472</ymin>
			<xmax>814</xmax>
			<ymax>877</ymax>
		</bndbox>
	</object>
	<object>
		<name>ref_coin</name>
		<bndbox>
			<xmin>1103</xmin>
			<ymin>327</ymin>
			<xmax>1279</xmax>
			<ymax>498</ymax>
		</bndbox>
	</object>
	<object>
		<name>dish</name>
		<bndbox>
			<xmin>795</xmin>
			<ymin>611</ymin>
			<xmax>2154</xmax>
			<ymax>1593</ymax>
		</bndbox>
	</object>
	<object>
		<name>돈가스</name>
		<bndbox>
			<xmin>990</xmin>
			<ymin>776</ymin>
			<xmax>1855</xmax>
			<ymax>1497</ymax>
		</bndbox>
	</object>
</annotation>