<annotation>
	<folder>top어육류정형사각배달돈가스q3</folder>
	<filename>top_어육류정형_사각배달_돈가스_Q3_00016.JPG</filename>
	<path>/top어육류정형사각배달돈가스q3/top_어육류정형_사각배달_돈가스_Q3_00016.JPG</path>
	<source>
		<database>fooddata</database>
	</source>
	<size>
		<width>3008</width>
		<height>2000</height>
		<depth>3</depth>
	</size>
	<object>
		<name>ref_spoon</name>
		<bndbox>
			<xmin>1796</xmin>
			<ymin>209</ymin>
			<xmax>2060</xmax>
			<ymax>580</ymax>
		</bndbox>
	</object>
	<object>
		<name>ref_fork</name>
		<bndbox>
			<xmin>2137</xmin>
			<ymin>331</ymin>
			<xmax>2339</xmax>
			<ymax>747</ymax>
		</bndbox>
	</object>
	<object>
		<name>ref_coin</name>
		<bndbox>
			<xmin>762</xmin>
			<ymin>1427</ymin>
			<xmax>946</xmax>
			<ymax>1610</ymax>
		</bndbox>
	</object>
	<object>
		<name>dish</name>
		<bndbox>
			<xmin>297</xmin>
			<ymin>197</ymin>
			<xmax>1717</xmax>
			<ymax>1311</ymax>
		</bndbox>
	</object>
	<object>
		<name>돈가스</name>
		<bndbox>
			<xmin>671</xmin>
			<ymin>421</ymin>
			<xmax>1564</xmax>
			<ymax>1041</ymax>
		</bndbox>
	</object>
</annotation>