<annotation>
	<folder>side돌솥밥류돌솥알밥q3</folder>
	<filename>side_돌솥밥류_돌솥_알밥_Q3_00034.JPG</filename>
	<path>/side돌솥밥류돌솥알밥q3/side_돌솥밥류_돌솥_알밥_Q3_00034.JPG</path>
	<source>
		<database>fooddata</database>
	</source>
	<size>
		<width>5472</width>
		<height>3648</height>
		<depth>3</depth>
	</size>
	<object>
		<name>ref_spoon</name>
		<bndbox>
			<xmin>1508</xmin>
			<ymin>843</ymin>
			<xmax>1992</xmax>
			<ymax>1667</ymax>
		</bndbox>
	</object>
	<object>
		<name>ref_fork</name>
		<bndbox>
			<xmin>2203</xmin>
			<ymin>851</ymin>
			<xmax>2525</xmax>
			<ymax>1752</ymax>
		</bndbox>
	</object>
	<object>
		<name>ref_coin</name>
		<bndbox>
			<xmin>3534</xmin>
			<ymin>2949</ymin>
			<xmax>3933</xmax>
			<ymax>3285</ymax>
		</bndbox>
	</object>
	<object>
		<name>dish</name>
		<bndbox>
			<xmin>2740</xmin>
			<ymin>547</ymin>
			<xmax>4936</xmax>
			<ymax>2416</ymax>
		</bndbox>
	</object>
	<object>
		<name>알밥</name>
		<bndbox>
			<xmin>3041</xmin>
			<ymin>914</ymin>
			<xmax>4668</xmax>
			<ymax>1864</ymax>
		</bndbox>
	</object>
</annotation>