<annotation>
	<folder>side돌솥밥류돌솥알밥q3</folder>
	<filename>side_돌솥밥류_돌솥_알밥_Q3_00042.JPG</filename>
	<path>/side돌솥밥류돌솥알밥q3/side_돌솥밥류_돌솥_알밥_Q3_00042.JPG</path>
	<source>
		<database>fooddata</database>
	</source>
	<size>
		<width>5472</width>
		<height>3648</height>
		<depth>3</depth>
	</size>
	<object>
		<name>ref_spoon</name>
		<bndbox>
			<xmin>1230</xmin>
			<ymin>1183</ymin>
			<xmax>1714</xmax>
			<ymax>2053</ymax>
		</bndbox>
	</object>
	<object>
		<name>ref_fork</name>
		<bndbox>
			<xmin>1920</xmin>
			<ymin>1183</ymin>
			<xmax>2248</xmax>
			<ymax>2093</ymax>
		</bndbox>
	</object>
	<object>
		<name>ref_coin</name>
		<bndbox>
			<xmin>4605</xmin>
			<ymin>860</ymin>
			<xmax>4945</xmax>
			<ymax>1111</ymax>
		</bndbox>
	</object>
	<object>
		<name>dish</name>
		<bndbox>
			<xmin>2521</xmin>
			<ymin>896</ymin>
			<xmax>4712</xmax>
			<ymax>2765</ymax>
		</bndbox>
	</object>
	<object>
		<name>알밥</name>
		<bndbox>
			<xmin>2776</xmin>
			<ymin>1125</ymin>
			<xmax>4264</xmax>
			<ymax>2214</ymax>
		</bndbox>
	</object>
</annotation>