<annotation>
	<folder>side돌솥밥류돌솥알밥q3</folder>
	<filename>side_돌솥밥류_돌솥_알밥_Q3_00011.JPG</filename>
	<path>/side돌솥밥류돌솥알밥q3/side_돌솥밥류_돌솥_알밥_Q3_00011.JPG</path>
	<source>
		<database>fooddata</database>
	</source>
	<size>
		<width>5472</width>
		<height>3648</height>
		<depth>3</depth>
	</size>
	<object>
		<name>ref_spoon</name>
		<bndbox>
			<xmin>3659</xmin>
			<ymin>1098</ymin>
			<xmax>4152</xmax>
			<ymax>1914</ymax>
		</bndbox>
	</object>
	<object>
		<name>ref_fork</name>
		<bndbox>
			<xmin>4372</xmin>
			<ymin>1170</ymin>
			<xmax>4721</xmax>
			<ymax>2044</ymax>
		</bndbox>
	</object>
	<object>
		<name>ref_coin</name>
		<bndbox>
			<xmin>2633</xmin>
			<ymin>654</ymin>
			<xmax>2969</xmax>
			<ymax>883</ymax>
		</bndbox>
	</object>
	<object>
		<name>dish</name>
		<bndbox>
			<xmin>1356</xmin>
			<ymin>928</ymin>
			<xmax>3543</xmax>
			<ymax>2801</ymax>
		</bndbox>
	</object>
	<object>
		<name>알밥</name>
		<bndbox>
			<xmin>1607</xmin>
			<ymin>1313</ymin>
			<xmax>3323</xmax>
			<ymax>2236</ymax>
		</bndbox>
	</object>
</annotation>