<annotation>
	<folder>side돌솥밥류돌솥알밥q3</folder>
	<filename>side_돌솥밥류_돌솥_알밥_Q3_00047.JPG</filename>
	<path>/side돌솥밥류돌솥알밥q3/side_돌솥밥류_돌솥_알밥_Q3_00047.JPG</path>
	<source>
		<database>fooddata</database>
	</source>
	<size>
		<width>5472</width>
		<height>3648</height>
		<depth>3</depth>
	</size>
	<object>
		<name>ref_spoon</name>
		<bndbox>
			<xmin>1369</xmin>
			<ymin>1228</ymin>
			<xmax>1858</xmax>
			<ymax>2106</ymax>
		</bndbox>
	</object>
	<object>
		<name>ref_fork</name>
		<bndbox>
			<xmin>2064</xmin>
			<ymin>1232</ymin>
			<xmax>2391</xmax>
			<ymax>2147</ymax>
		</bndbox>
	</object>
	<object>
		<name>ref_coin</name>
		<bndbox>
			<xmin>2624</xmin>
			<ymin>560</ymin>
			<xmax>2960</xmax>
			<ymax>807</ymax>
		</bndbox>
	</object>
	<object>
		<name>dish</name>
		<bndbox>
			<xmin>2651</xmin>
			<ymin>932</ymin>
			<xmax>4856</xmax>
			<ymax>2801</ymax>
		</bndbox>
	</object>
	<object>
		<name>알밥</name>
		<bndbox>
			<xmin>2906</xmin>
			<ymin>1197</ymin>
			<xmax>4614</xmax>
			<ymax>2250</ymax>
		</bndbox>
	</object>
</annotation>