<annotation>
	<folder>side돌솥밥류돌솥알밥q3</folder>
	<filename>side_돌솥밥류_돌솥_알밥_Q3_00022.JPG</filename>
	<path>/side돌솥밥류돌솥알밥q3/side_돌솥밥류_돌솥_알밥_Q3_00022.JPG</path>
	<source>
		<database>fooddata</database>
	</source>
	<size>
		<width>5472</width>
		<height>3648</height>
		<depth>3</depth>
	</size>
	<object>
		<name>ref_spoon</name>
		<bndbox>
			<xmin>1486</xmin>
			<ymin>3039</ymin>
			<xmax>2498</xmax>
			<ymax>3518</ymax>
		</bndbox>
	</object>
	<object>
		<name>ref_fork</name>
		<bndbox>
			<xmin>1669</xmin>
			<ymin>2586</ymin>
			<xmax>2803</xmax>
			<ymax>2976</ymax>
		</bndbox>
	</object>
	<object>
		<name>ref_coin</name>
		<bndbox>
			<xmin>2974</xmin>
			<ymin>202</ymin>
			<xmax>3292</xmax>
			<ymax>430</ymax>
		</bndbox>
	</object>
	<object>
		<name>dish</name>
		<bndbox>
			<xmin>1988</xmin>
			<ymin>578</ymin>
			<xmax>4112</xmax>
			<ymax>2380</ymax>
		</bndbox>
	</object>
	<object>
		<name>알밥</name>
		<bndbox>
			<xmin>2248</xmin>
			<ymin>807</ymin>
			<xmax>3847</xmax>
			<ymax>1842</ymax>
		</bndbox>
	</object>
</annotation>