<annotation>
	<folder>top돌솥밥류돌솥알밥q3</folder>
	<filename>top_돌솥밥류_돌솥_알밥_Q3_00048.JPG</filename>
	<path>/top돌솥밥류돌솥알밥q3/top_돌솥밥류_돌솥_알밥_Q3_00048.JPG</path>
	<source>
		<database>fooddata</database>
	</source>
	<size>
		<width>5472</width>
		<height>3648</height>
		<depth>3</depth>
	</size>
	<object>
		<name>ref_spoon</name>
		<bndbox>
			<xmin>1212</xmin>
			<ymin>816</ymin>
			<xmax>1710</xmax>
			<ymax>1658</ymax>
		</bndbox>
	</object>
	<object>
		<name>ref_fork</name>
		<bndbox>
			<xmin>1817</xmin>
			<ymin>910</ymin>
			<xmax>2153</xmax>
			<ymax>1828</ymax>
		</bndbox>
	</object>
	<object>
		<name>ref_coin</name>
		<bndbox>
			<xmin>2808</xmin>
			<ymin>547</ymin>
			<xmax>3162</xmax>
			<ymax>901</ymax>
		</bndbox>
	</object>
	<object>
		<name>dish</name>
		<bndbox>
			<xmin>2324</xmin>
			<ymin>865</ymin>
			<xmax>4663</xmax>
			<ymax>3160</ymax>
		</bndbox>
	</object>
	<object>
		<name>알밥</name>
		<bndbox>
			<xmin>2570</xmin>
			<ymin>1143</ymin>
			<xmax>4340</xmax>
			<ymax>2904</ymax>
		</bndbox>
	</object>
</annotation>