<annotation>
	<folder>top돌솥밥류돌솥알밥q3</folder>
	<filename>top_돌솥밥류_돌솥_알밥_Q3_00054.JPG</filename>
	<path>/top돌솥밥류돌솥알밥q3/top_돌솥밥류_돌솥_알밥_Q3_00054.JPG</path>
	<source>
		<database>fooddata</database>
	</source>
	<size>
		<width>5472</width>
		<height>3648</height>
		<depth>3</depth>
	</size>
	<object>
		<name>ref_spoon</name>
		<bndbox>
			<xmin>1105</xmin>
			<ymin>439</ymin>
			<xmax>1598</xmax>
			<ymax>1268</ymax>
		</bndbox>
	</object>
	<object>
		<name>ref_fork</name>
		<bndbox>
			<xmin>1714</xmin>
			<ymin>524</ymin>
			<xmax>2046</xmax>
			<ymax>1443</ymax>
		</bndbox>
	</object>
	<object>
		<name>ref_coin</name>
		<bndbox>
			<xmin>4551</xmin>
			<ymin>2120</ymin>
			<xmax>4941</xmax>
			<ymax>2505</ymax>
		</bndbox>
	</object>
	<object>
		<name>dish</name>
		<bndbox>
			<xmin>2225</xmin>
			<ymin>426</ymin>
			<xmax>4524</xmax>
			<ymax>2662</ymax>
		</bndbox>
	</object>
	<object>
		<name>알밥</name>
		<bndbox>
			<xmin>2575</xmin>
			<ymin>726</ymin>
			<xmax>4246</xmax>
			<ymax>2411</ymax>
		</bndbox>
	</object>
</annotation>