<annotation>
	<folder>top돌솥밥류돌솥알밥q3</folder>
	<filename>top_돌솥밥류_돌솥_알밥_Q3_00007.JPG</filename>
	<path>/top돌솥밥류돌솥알밥q3/top_돌솥밥류_돌솥_알밥_Q3_00007.JPG</path>
	<source>
		<database>fooddata</database>
	</source>
	<size>
		<width>5472</width>
		<height>3648</height>
		<depth>3</depth>
	</size>
	<object>
		<name>ref_spoon</name>
		<bndbox>
			<xmin>3664</xmin>
			<ymin>282</ymin>
			<xmax>4143</xmax>
			<ymax>1080</ymax>
		</bndbox>
	</object>
	<object>
		<name>ref_fork</name>
		<bndbox>
			<xmin>4305</xmin>
			<ymin>551</ymin>
			<xmax>4641</xmax>
			<ymax>1425</ymax>
		</bndbox>
	</object>
	<object>
		<name>ref_coin</name>
		<bndbox>
			<xmin>952</xmin>
			<ymin>2070</ymin>
			<xmax>1306</xmax>
			<ymax>2429</ymax>
		</bndbox>
	</object>
	<object>
		<name>dish</name>
		<bndbox>
			<xmin>1521</xmin>
			<ymin>735</ymin>
			<xmax>3731</xmax>
			<ymax>2913</ymax>
		</bndbox>
	</object>
	<object>
		<name>알밥</name>
		<bndbox>
			<xmin>1741</xmin>
			<ymin>1286</ymin>
			<xmax>3426</xmax>
			<ymax>2680</ymax>
		</bndbox>
	</object>
</annotation>