<annotation>
	<folder>top돌솥밥류돌솥알밥q3</folder>
	<filename>top_돌솥밥류_돌솥_알밥_Q3_00034.JPG</filename>
	<path>/top돌솥밥류돌솥알밥q3/top_돌솥밥류_돌솥_알밥_Q3_00034.JPG</path>
	<source>
		<database>fooddata</database>
	</source>
	<size>
		<width>5472</width>
		<height>3648</height>
		<depth>3</depth>
	</size>
	<object>
		<name>ref_spoon</name>
		<bndbox>
			<xmin>1687</xmin>
			<ymin>2922</ymin>
			<xmax>2422</xmax>
			<ymax>3370</ymax>
		</bndbox>
	</object>
	<object>
		<name>ref_fork</name>
		<bndbox>
			<xmin>1790</xmin>
			<ymin>2528</ymin>
			<xmax>2570</xmax>
			<ymax>2823</ymax>
		</bndbox>
	</object>
	<object>
		<name>ref_coin</name>
		<bndbox>
			<xmin>2615</xmin>
			<ymin>179</ymin>
			<xmax>2902</xmax>
			<ymax>444</ymax>
		</bndbox>
	</object>
	<object>
		<name>dish</name>
		<bndbox>
			<xmin>2086</xmin>
			<ymin>636</ymin>
			<xmax>3901</xmax>
			<ymax>2393</ymax>
		</bndbox>
	</object>
	<object>
		<name>알밥</name>
		<bndbox>
			<xmin>2288</xmin>
			<ymin>999</ymin>
			<xmax>3610</xmax>
			<ymax>2174</ymax>
		</bndbox>
	</object>
</annotation>