<annotation>
	<folder>top돌솥밥류돌솥알밥q3</folder>
	<filename>top_돌솥밥류_돌솥_알밥_Q3_00030.JPG</filename>
	<path>/top돌솥밥류돌솥알밥q3/top_돌솥밥류_돌솥_알밥_Q3_00030.JPG</path>
	<source>
		<database>fooddata</database>
	</source>
	<size>
		<width>5472</width>
		<height>3648</height>
		<depth>3</depth>
	</size>
	<object>
		<name>ref_spoon</name>
		<bndbox>
			<xmin>1342</xmin>
			<ymin>2900</ymin>
			<xmax>2189</xmax>
			<ymax>3424</ymax>
		</bndbox>
	</object>
	<object>
		<name>ref_fork</name>
		<bndbox>
			<xmin>1436</xmin>
			<ymin>2425</ymin>
			<xmax>2351</xmax>
			<ymax>2756</ymax>
		</bndbox>
	</object>
	<object>
		<name>ref_coin</name>
		<bndbox>
			<xmin>4040</xmin>
			<ymin>1192</ymin>
			<xmax>4385</xmax>
			<ymax>1542</ymax>
		</bndbox>
	</object>
	<object>
		<name>dish</name>
		<bndbox>
			<xmin>1714</xmin>
			<ymin>125</ymin>
			<xmax>3883</xmax>
			<ymax>2263</ymax>
		</bndbox>
	</object>
	<object>
		<name>알밥</name>
		<bndbox>
			<xmin>2135</xmin>
			<ymin>412</ymin>
			<xmax>3641</xmax>
			<ymax>2017</ymax>
		</bndbox>
	</object>
</annotation>