<annotation>
	<folder>top돌솥밥류돌솥알밥q3</folder>
	<filename>top_돌솥밥류_돌솥_알밥_Q3_00055.JPG</filename>
	<path>/top돌솥밥류돌솥알밥q3/top_돌솥밥류_돌솥_알밥_Q3_00055.JPG</path>
	<source>
		<database>fooddata</database>
	</source>
	<size>
		<width>5472</width>
		<height>3648</height>
		<depth>3</depth>
	</size>
	<object>
		<name>ref_spoon</name>
		<bndbox>
			<xmin>1037</xmin>
			<ymin>480</ymin>
			<xmax>1539</xmax>
			<ymax>1304</ymax>
		</bndbox>
	</object>
	<object>
		<name>ref_fork</name>
		<bndbox>
			<xmin>1656</xmin>
			<ymin>565</ymin>
			<xmax>1988</xmax>
			<ymax>1483</ymax>
		</bndbox>
	</object>
	<object>
		<name>ref_coin</name>
		<bndbox>
			<xmin>4717</xmin>
			<ymin>1658</ymin>
			<xmax>5093</xmax>
			<ymax>2030</ymax>
		</bndbox>
	</object>
	<object>
		<name>dish</name>
		<bndbox>
			<xmin>2171</xmin>
			<ymin>462</ymin>
			<xmax>4466</xmax>
			<ymax>2702</ymax>
		</bndbox>
	</object>
	<object>
		<name>알밥</name>
		<bndbox>
			<xmin>2467</xmin>
			<ymin>789</ymin>
			<xmax>4184</xmax>
			<ymax>2451</ymax>
		</bndbox>
	</object>
</annotation>