<annotation>
	<folder>top돌솥밥류돌솥알밥q3</folder>
	<filename>top_돌솥밥류_돌솥_알밥_Q3_00016.JPG</filename>
	<path>/top돌솥밥류돌솥알밥q3/top_돌솥밥류_돌솥_알밥_Q3_00016.JPG</path>
	<source>
		<database>fooddata</database>
	</source>
	<size>
		<width>5472</width>
		<height>3648</height>
		<depth>3</depth>
	</size>
	<object>
		<name>ref_spoon</name>
		<bndbox>
			<xmin>3883</xmin>
			<ymin>278</ymin>
			<xmax>4358</xmax>
			<ymax>1058</ymax>
		</bndbox>
	</object>
	<object>
		<name>ref_fork</name>
		<bndbox>
			<xmin>4524</xmin>
			<ymin>529</ymin>
			<xmax>4856</xmax>
			<ymax>1416</ymax>
		</bndbox>
	</object>
	<object>
		<name>ref_coin</name>
		<bndbox>
			<xmin>1087</xmin>
			<ymin>1506</ymin>
			<xmax>1441</xmax>
			<ymax>1842</ymax>
		</bndbox>
	</object>
	<object>
		<name>dish</name>
		<bndbox>
			<xmin>1799</xmin>
			<ymin>583</ymin>
			<xmax>3959</xmax>
			<ymax>2707</ymax>
		</bndbox>
	</object>
	<object>
		<name>알밥</name>
		<bndbox>
			<xmin>2449</xmin>
			<ymin>843</ymin>
			<xmax>3695</xmax>
			<ymax>2460</ymax>
		</bndbox>
	</object>
</annotation>