<annotation>
	<folder>top돌솥밥류돌솥알밥q3</folder>
	<filename>top_돌솥밥류_돌솥_알밥_Q3_00040.JPG</filename>
	<path>/top돌솥밥류돌솥알밥q3/top_돌솥밥류_돌솥_알밥_Q3_00040.JPG</path>
	<source>
		<database>fooddata</database>
	</source>
	<size>
		<width>5472</width>
		<height>3648</height>
		<depth>3</depth>
	</size>
	<object>
		<name>ref_spoon</name>
		<bndbox>
			<xmin>1100</xmin>
			<ymin>367</ymin>
			<xmax>1602</xmax>
			<ymax>1215</ymax>
		</bndbox>
	</object>
	<object>
		<name>ref_fork</name>
		<bndbox>
			<xmin>1714</xmin>
			<ymin>457</ymin>
			<xmax>2050</xmax>
			<ymax>1389</ymax>
		</bndbox>
	</object>
	<object>
		<name>ref_coin</name>
		<bndbox>
			<xmin>3565</xmin>
			<ymin>2814</ymin>
			<xmax>3942</xmax>
			<ymax>3200</ymax>
		</bndbox>
	</object>
	<object>
		<name>dish</name>
		<bndbox>
			<xmin>2180</xmin>
			<ymin>376</ymin>
			<xmax>4479</xmax>
			<ymax>2626</ymax>
		</bndbox>
	</object>
	<object>
		<name>알밥</name>
		<bndbox>
			<xmin>2485</xmin>
			<ymin>869</ymin>
			<xmax>4219</xmax>
			<ymax>2375</ymax>
		</bndbox>
	</object>
</annotation>