<annotation>
	<folder>top돌솥밥류돌솥알밥q3</folder>
	<filename>top_돌솥밥류_돌솥_알밥_Q3_00044.JPG</filename>
	<path>/top돌솥밥류돌솥알밥q3/top_돌솥밥류_돌솥_알밥_Q3_00044.JPG</path>
	<source>
		<database>fooddata</database>
	</source>
	<size>
		<width>5472</width>
		<height>3648</height>
		<depth>3</depth>
	</size>
	<object>
		<name>ref_spoon</name>
		<bndbox>
			<xmin>755</xmin>
			<ymin>618</ymin>
			<xmax>1271</xmax>
			<ymax>1470</ymax>
		</bndbox>
	</object>
	<object>
		<name>ref_fork</name>
		<bndbox>
			<xmin>1405</xmin>
			<ymin>690</ymin>
			<xmax>1746</xmax>
			<ymax>1622</ymax>
		</bndbox>
	</object>
	<object>
		<name>ref_coin</name>
		<bndbox>
			<xmin>4529</xmin>
			<ymin>1492</ymin>
			<xmax>4901</xmax>
			<ymax>1869</ymax>
		</bndbox>
	</object>
	<object>
		<name>dish</name>
		<bndbox>
			<xmin>1858</xmin>
			<ymin>618</ymin>
			<xmax>4197</xmax>
			<ymax>2931</ymax>
		</bndbox>
	</object>
	<object>
		<name>알밥</name>
		<bndbox>
			<xmin>2158</xmin>
			<ymin>901</ymin>
			<xmax>3847</xmax>
			<ymax>2680</ymax>
		</bndbox>
	</object>
</annotation>