<annotation>
	<folder>top돌솥밥류돌솥알밥q3</folder>
	<filename>top_돌솥밥류_돌솥_알밥_Q3_00042.JPG</filename>
	<path>/top돌솥밥류돌솥알밥q3/top_돌솥밥류_돌솥_알밥_Q3_00042.JPG</path>
	<source>
		<database>fooddata</database>
	</source>
	<size>
		<width>5472</width>
		<height>3648</height>
		<depth>3</depth>
	</size>
	<object>
		<name>ref_spoon</name>
		<bndbox>
			<xmin>1029</xmin>
			<ymin>412</ymin>
			<xmax>1526</xmax>
			<ymax>1246</ymax>
		</bndbox>
	</object>
	<object>
		<name>ref_fork</name>
		<bndbox>
			<xmin>1642</xmin>
			<ymin>497</ymin>
			<xmax>1979</xmax>
			<ymax>1421</ymax>
		</bndbox>
	</object>
	<object>
		<name>ref_coin</name>
		<bndbox>
			<xmin>4287</xmin>
			<ymin>2393</ymin>
			<xmax>4663</xmax>
			<ymax>2774</ymax>
		</bndbox>
	</object>
	<object>
		<name>dish</name>
		<bndbox>
			<xmin>2077</xmin>
			<ymin>426</ymin>
			<xmax>4367</xmax>
			<ymax>2667</ymax>
		</bndbox>
	</object>
	<object>
		<name>알밥</name>
		<bndbox>
			<xmin>2413</xmin>
			<ymin>869</ymin>
			<xmax>3879</xmax>
			<ymax>2407</ymax>
		</bndbox>
	</object>
</annotation>