<annotation>
	<folder>top돌솥밥류돌솥알밥q3</folder>
	<filename>top_돌솥밥류_돌솥_알밥_Q3_00009.JPG</filename>
	<path>/top돌솥밥류돌솥알밥q3/top_돌솥밥류_돌솥_알밥_Q3_00009.JPG</path>
	<source>
		<database>fooddata</database>
	</source>
	<size>
		<width>5472</width>
		<height>3648</height>
		<depth>3</depth>
	</size>
	<object>
		<name>ref_spoon</name>
		<bndbox>
			<xmin>3614</xmin>
			<ymin>305</ymin>
			<xmax>4089</xmax>
			<ymax>1089</ymax>
		</bndbox>
	</object>
	<object>
		<name>ref_fork</name>
		<bndbox>
			<xmin>4260</xmin>
			<ymin>569</ymin>
			<xmax>4587</xmax>
			<ymax>1457</ymax>
		</bndbox>
	</object>
	<object>
		<name>ref_coin</name>
		<bndbox>
			<xmin>1450</xmin>
			<ymin>753</ymin>
			<xmax>1786</xmax>
			<ymax>1089</ymax>
		</bndbox>
	</object>
	<object>
		<name>dish</name>
		<bndbox>
			<xmin>1459</xmin>
			<ymin>892</ymin>
			<xmax>3668</xmax>
			<ymax>3056</ymax>
		</bndbox>
	</object>
	<object>
		<name>알밥</name>
		<bndbox>
			<xmin>1692</xmin>
			<ymin>1174</ymin>
			<xmax>2969</xmax>
			<ymax>2828</ymax>
		</bndbox>
	</object>
</annotation>