<annotation>
	<folder>side주먹밥김밥류접시김밥q3</folder>
	<filename>side_주먹밥김밥류_접시_김밥_Q3_00045.JPG</filename>
	<path>/side주먹밥김밥류접시김밥q3/side_주먹밥김밥류_접시_김밥_Q3_00045.JPG</path>
	<source>
		<database>fooddata</database>
	</source>
	<size>
		<width>5472</width>
		<height>3648</height>
		<depth>3</depth>
	</size>
	<object>
		<name>ref_spoon</name>
		<bndbox>
			<xmin>1989</xmin>
			<ymin>2735</ymin>
			<xmax>2797</xmax>
			<ymax>3159</ymax>
		</bndbox>
	</object>
	<object>
		<name>ref_fork</name>
		<bndbox>
			<xmin>1984</xmin>
			<ymin>2362</ymin>
			<xmax>2764</xmax>
			<ymax>2657</ymax>
		</bndbox>
	</object>
	<object>
		<name>ref_coin</name>
		<bndbox>
			<xmin>3611</xmin>
			<ymin>1130</ymin>
			<xmax>3901</xmax>
			<ymax>1342</ymax>
		</bndbox>
	</object>
	<object>
		<name>dish</name>
		<bndbox>
			<xmin>1427</xmin>
			<ymin>166</ymin>
			<xmax>3650</xmax>
			<ymax>2122</ymax>
		</bndbox>
	</object>
	<object>
		<name>김밥</name>
		<bndbox>
			<xmin>2184</xmin>
			<ymin>289</ymin>
			<xmax>3087</xmax>
			<ymax>1799</ymax>
		</bndbox>
	</object>
</annotation>