<annotation>
	<folder>side주먹밥김밥류접시김밥q3</folder>
	<filename>side_주먹밥김밥류_접시_김밥_Q3_00023.JPG</filename>
	<path>/side주먹밥김밥류접시김밥q3/side_주먹밥김밥류_접시_김밥_Q3_00023.JPG</path>
	<source>
		<database>fooddata</database>
	</source>
	<size>
		<width>5472</width>
		<height>3648</height>
		<depth>3</depth>
	</size>
	<object>
		<name>ref_spoon</name>
		<bndbox>
			<xmin>546</xmin>
			<ymin>958</ymin>
			<xmax>986</xmax>
			<ymax>1726</ymax>
		</bndbox>
	</object>
	<object>
		<name>ref_fork</name>
		<bndbox>
			<xmin>1103</xmin>
			<ymin>1019</ymin>
			<xmax>1415</xmax>
			<ymax>1793</ymax>
		</bndbox>
	</object>
	<object>
		<name>ref_coin</name>
		<bndbox>
			<xmin>4285</xmin>
			<ymin>2484</ymin>
			<xmax>4636</xmax>
			<ymax>2830</ymax>
		</bndbox>
	</object>
	<object>
		<name>dish</name>
		<bndbox>
			<xmin>1683</xmin>
			<ymin>941</ymin>
			<xmax>4932</xmax>
			<ymax>2289</ymax>
		</bndbox>
	</object>
	<object>
		<name>김밥</name>
		<bndbox>
			<xmin>1978</xmin>
			<ymin>1136</ymin>
			<xmax>4519</xmax>
			<ymax>1988</ymax>
		</bndbox>
	</object>
</annotation>