<annotation>
	<folder>side주먹밥김밥류접시김밥q3</folder>
	<filename>side_주먹밥김밥류_접시_김밥_Q3_00014.JPG</filename>
	<path>/side주먹밥김밥류접시김밥q3/side_주먹밥김밥류_접시_김밥_Q3_00014.JPG</path>
	<source>
		<database>fooddata</database>
	</source>
	<size>
		<width>5472</width>
		<height>3648</height>
		<depth>3</depth>
	</size>
	<object>
		<name>ref_spoon</name>
		<bndbox>
			<xmin>3851</xmin>
			<ymin>606</ymin>
			<xmax>4335</xmax>
			<ymax>1387</ymax>
		</bndbox>
	</object>
	<object>
		<name>ref_fork</name>
		<bndbox>
			<xmin>4581</xmin>
			<ymin>723</ymin>
			<xmax>4943</xmax>
			<ymax>1498</ymax>
		</bndbox>
	</object>
	<object>
		<name>ref_coin</name>
		<bndbox>
			<xmin>3578</xmin>
			<ymin>1375</ymin>
			<xmax>3951</xmax>
			<ymax>1671</ymax>
		</bndbox>
	</object>
	<object>
		<name>dish</name>
		<bndbox>
			<xmin>1142</xmin>
			<ymin>333</ymin>
			<xmax>3065</xmax>
			<ymax>2975</ymax>
		</bndbox>
	</object>
	<object>
		<name>김밥</name>
		<bndbox>
			<xmin>1661</xmin>
			<ymin>551</ymin>
			<xmax>2457</xmax>
			<ymax>2596</ymax>
		</bndbox>
	</object>
</annotation>