<annotation>
	<folder>side주먹밥김밥류접시김밥q3</folder>
	<filename>side_주먹밥김밥류_접시_김밥_Q3_00049.JPG</filename>
	<path>/side주먹밥김밥류접시김밥q3/side_주먹밥김밥류_접시_김밥_Q3_00049.JPG</path>
	<source>
		<database>fooddata</database>
	</source>
	<size>
		<width>5472</width>
		<height>3648</height>
		<depth>3</depth>
	</size>
	<object>
		<name>ref_spoon</name>
		<bndbox>
			<xmin>1716</xmin>
			<ymin>2858</ymin>
			<xmax>2686</xmax>
			<ymax>3287</ymax>
		</bndbox>
	</object>
	<object>
		<name>ref_fork</name>
		<bndbox>
			<xmin>1733</xmin>
			<ymin>2395</ymin>
			<xmax>2614</xmax>
			<ymax>2735</ymax>
		</bndbox>
	</object>
	<object>
		<name>ref_coin</name>
		<bndbox>
			<xmin>2485</xmin>
			<ymin>2000</ymin>
			<xmax>2820</xmax>
			<ymax>2284</ymax>
		</bndbox>
	</object>
	<object>
		<name>dish</name>
		<bndbox>
			<xmin>1042</xmin>
			<ymin>489</ymin>
			<xmax>3984</xmax>
			<ymax>1699</ymax>
		</bndbox>
	</object>
	<object>
		<name>김밥</name>
		<bndbox>
			<xmin>1482</xmin>
			<ymin>668</ymin>
			<xmax>3828</xmax>
			<ymax>1353</ymax>
		</bndbox>
	</object>
</annotation>