<annotation>
	<folder>side주먹밥김밥류접시김밥q3</folder>
	<filename>side_주먹밥김밥류_접시_김밥_Q3_00002.JPG</filename>
	<path>/side주먹밥김밥류접시김밥q3/side_주먹밥김밥류_접시_김밥_Q3_00002.JPG</path>
	<source>
		<database>fooddata</database>
	</source>
	<size>
		<width>5472</width>
		<height>3648</height>
		<depth>3</depth>
	</size>
	<object>
		<name>ref_spoon</name>
		<bndbox>
			<xmin>4012</xmin>
			<ymin>645</ymin>
			<xmax>4486</xmax>
			<ymax>1426</ymax>
		</bndbox>
	</object>
	<object>
		<name>ref_fork</name>
		<bndbox>
			<xmin>4737</xmin>
			<ymin>740</ymin>
			<xmax>5088</xmax>
			<ymax>1565</ymax>
		</bndbox>
	</object>
	<object>
		<name>ref_coin</name>
		<bndbox>
			<xmin>3511</xmin>
			<ymin>2089</ymin>
			<xmax>3901</xmax>
			<ymax>2417</ymax>
		</bndbox>
	</object>
	<object>
		<name>dish</name>
		<bndbox>
			<xmin>167</xmin>
			<ymin>573</ymin>
			<xmax>3940</xmax>
			<ymax>2780</ymax>
		</bndbox>
	</object>
	<object>
		<name>김밥</name>
		<bndbox>
			<xmin>847</xmin>
			<ymin>1024</ymin>
			<xmax>3299</xmax>
			<ymax>2273</ymax>
		</bndbox>
	</object>
</annotation>