<annotation>
	<folder>side주먹밥김밥류접시김밥q3</folder>
	<filename>side_주먹밥김밥류_접시_김밥_Q3_00046.JPG</filename>
	<path>/side주먹밥김밥류접시김밥q3/side_주먹밥김밥류_접시_김밥_Q3_00046.JPG</path>
	<source>
		<database>fooddata</database>
	</source>
	<size>
		<width>5472</width>
		<height>3648</height>
		<depth>3</depth>
	</size>
	<object>
		<name>ref_spoon</name>
		<bndbox>
			<xmin>1939</xmin>
			<ymin>2791</ymin>
			<xmax>2781</xmax>
			<ymax>3198</ymax>
		</bndbox>
	</object>
	<object>
		<name>ref_fork</name>
		<bndbox>
			<xmin>1945</xmin>
			<ymin>2351</ymin>
			<xmax>2797</xmax>
			<ymax>2690</ymax>
		</bndbox>
	</object>
	<object>
		<name>ref_coin</name>
		<bndbox>
			<xmin>3366</xmin>
			<ymin>1687</ymin>
			<xmax>3667</xmax>
			<ymax>1949</ymax>
		</bndbox>
	</object>
	<object>
		<name>dish</name>
		<bndbox>
			<xmin>1276</xmin>
			<ymin>250</ymin>
			<xmax>3895</xmax>
			<ymax>2139</ymax>
		</bndbox>
	</object>
	<object>
		<name>김밥</name>
		<bndbox>
			<xmin>1989</xmin>
			<ymin>423</ymin>
			<xmax>3327</xmax>
			<ymax>1810</ymax>
		</bndbox>
	</object>
</annotation>