<annotation>
	<folder>top주먹밥김밥류접시김밥q3</folder>
	<filename>top_주먹밥김밥류_접시_김밥_Q3_00030.JPG</filename>
	<path>/top주먹밥김밥류접시김밥q3/top_주먹밥김밥류_접시_김밥_Q3_00030.JPG</path>
	<source>
		<database>fooddata</database>
	</source>
	<size>
		<width>5472</width>
		<height>3648</height>
		<depth>3</depth>
	</size>
	<object>
		<name>ref_spoon</name>
		<bndbox>
			<xmin>2137</xmin>
			<ymin>3003</ymin>
			<xmax>2798</xmax>
			<ymax>3395</ymax>
		</bndbox>
	</object>
	<object>
		<name>ref_fork</name>
		<bndbox>
			<xmin>2304</xmin>
			<ymin>2675</ymin>
			<xmax>2991</xmax>
			<ymax>2933</ymax>
		</bndbox>
	</object>
	<object>
		<name>ref_coin</name>
		<bndbox>
			<xmin>3942</xmin>
			<ymin>1719</ymin>
			<xmax>4199</xmax>
			<ymax>1972</ymax>
		</bndbox>
	</object>
	<object>
		<name>dish</name>
		<bndbox>
			<xmin>2492</xmin>
			<ymin>194</ymin>
			<xmax>3748</xmax>
			<ymax>2450</ymax>
		</bndbox>
	</object>
	<object>
		<name>김밥</name>
		<bndbox>
			<xmin>2755</xmin>
			<ymin>323</ymin>
			<xmax>3533</xmax>
			<ymax>2251</ymax>
		</bndbox>
	</object>
</annotation>