<annotation>
	<folder>top주먹밥김밥류접시김밥q3</folder>
	<filename>top_주먹밥김밥류_접시_김밥_Q3_00014.JPG</filename>
	<path>/top주먹밥김밥류접시김밥q3/top_주먹밥김밥류_접시_김밥_Q3_00014.JPG</path>
	<source>
		<database>fooddata</database>
	</source>
	<size>
		<width>5472</width>
		<height>3648</height>
		<depth>3</depth>
	</size>
	<object>
		<name>ref_spoon</name>
		<bndbox>
			<xmin>4178</xmin>
			<ymin>753</ymin>
			<xmax>4618</xmax>
			<ymax>1413</ymax>
		</bndbox>
	</object>
	<object>
		<name>ref_fork</name>
		<bndbox>
			<xmin>4715</xmin>
			<ymin>769</ymin>
			<xmax>5005</xmax>
			<ymax>1574</ymax>
		</bndbox>
	</object>
	<object>
		<name>ref_coin</name>
		<bndbox>
			<xmin>3480</xmin>
			<ymin>1059</ymin>
			<xmax>3802</xmax>
			<ymax>1376</ymax>
		</bndbox>
	</object>
	<object>
		<name>dish</name>
		<bndbox>
			<xmin>1364</xmin>
			<ymin>226</ymin>
			<xmax>3625</xmax>
			<ymax>3438</ymax>
		</bndbox>
	</object>
	<object>
		<name>김밥</name>
		<bndbox>
			<xmin>1987</xmin>
			<ymin>839</ymin>
			<xmax>3056</xmax>
			<ymax>2960</ymax>
		</bndbox>
	</object>
</annotation>