<annotation>
	<folder>top주먹밥김밥류접시김밥q3</folder>
	<filename>top_주먹밥김밥류_접시_김밥_Q3_00046.JPG</filename>
	<path>/top주먹밥김밥류접시김밥q3/top_주먹밥김밥류_접시_김밥_Q3_00046.JPG</path>
	<source>
		<database>fooddata</database>
	</source>
	<size>
		<width>5472</width>
		<height>3648</height>
		<depth>3</depth>
	</size>
	<object>
		<name>ref_spoon</name>
		<bndbox>
			<xmin>1326</xmin>
			<ymin>763</ymin>
			<xmax>1724</xmax>
			<ymax>1451</ymax>
		</bndbox>
	</object>
	<object>
		<name>ref_fork</name>
		<bndbox>
			<xmin>1847</xmin>
			<ymin>817</ymin>
			<xmax>2127</xmax>
			<ymax>1542</ymax>
		</bndbox>
	</object>
	<object>
		<name>ref_coin</name>
		<bndbox>
			<xmin>3818</xmin>
			<ymin>817</ymin>
			<xmax>4103</xmax>
			<ymax>1096</ymax>
		</bndbox>
	</object>
	<object>
		<name>dish</name>
		<bndbox>
			<xmin>2309</xmin>
			<ymin>414</ymin>
			<xmax>3775</xmax>
			<ymax>3191</ymax>
		</bndbox>
	</object>
	<object>
		<name>김밥</name>
		<bndbox>
			<xmin>2782</xmin>
			<ymin>908</ymin>
			<xmax>3362</xmax>
			<ymax>2783</ymax>
		</bndbox>
	</object>
</annotation>