<annotation>
	<folder>top주먹밥김밥류접시김밥q3</folder>
	<filename>top_주먹밥김밥류_접시_김밥_Q3_00032.JPG</filename>
	<path>/top주먹밥김밥류접시김밥q3/top_주먹밥김밥류_접시_김밥_Q3_00032.JPG</path>
	<source>
		<database>fooddata</database>
	</source>
	<size>
		<width>5472</width>
		<height>3648</height>
		<depth>3</depth>
	</size>
	<object>
		<name>ref_spoon</name>
		<bndbox>
			<xmin>2051</xmin>
			<ymin>3121</ymin>
			<xmax>2782</xmax>
			<ymax>3572</ymax>
		</bndbox>
	</object>
	<object>
		<name>ref_fork</name>
		<bndbox>
			<xmin>2250</xmin>
			<ymin>2783</ymin>
			<xmax>2975</xmax>
			<ymax>3051</ymax>
		</bndbox>
	</object>
	<object>
		<name>ref_coin</name>
		<bndbox>
			<xmin>3555</xmin>
			<ymin>2047</ymin>
			<xmax>3856</xmax>
			<ymax>2353</ymax>
		</bndbox>
	</object>
	<object>
		<name>dish</name>
		<bndbox>
			<xmin>1708</xmin>
			<ymin>130</ymin>
			<xmax>4532</xmax>
			<ymax>2380</ymax>
		</bndbox>
	</object>
	<object>
		<name>김밥</name>
		<bndbox>
			<xmin>2143</xmin>
			<ymin>597</ymin>
			<xmax>4135</xmax>
			<ymax>1854</ymax>
		</bndbox>
	</object>
</annotation>