<annotation>
	<folder>top주먹밥김밥류접시김밥q3</folder>
	<filename>top_주먹밥김밥류_접시_김밥_Q3_00018.JPG</filename>
	<path>/top주먹밥김밥류접시김밥q3/top_주먹밥김밥류_접시_김밥_Q3_00018.JPG</path>
	<source>
		<database>fooddata</database>
	</source>
	<size>
		<width>5472</width>
		<height>3648</height>
		<depth>3</depth>
	</size>
	<object>
		<name>ref_spoon</name>
		<bndbox>
			<xmin>2277</xmin>
			<ymin>2933</ymin>
			<xmax>3023</xmax>
			<ymax>3373</ymax>
		</bndbox>
	</object>
	<object>
		<name>ref_fork</name>
		<bndbox>
			<xmin>2427</xmin>
			<ymin>2536</ymin>
			<xmax>3222</xmax>
			<ymax>2825</ymax>
		</bndbox>
	</object>
	<object>
		<name>ref_coin</name>
		<bndbox>
			<xmin>2169</xmin>
			<ymin>1934</ymin>
			<xmax>2459</xmax>
			<ymax>2235</ymax>
		</bndbox>
	</object>
	<object>
		<name>dish</name>
		<bndbox>
			<xmin>1815</xmin>
			<ymin>183</ymin>
			<xmax>4838</xmax>
			<ymax>2348</ymax>
		</bndbox>
	</object>
	<object>
		<name>김밥</name>
		<bndbox>
			<xmin>2245</xmin>
			<ymin>651</ymin>
			<xmax>4457</xmax>
			<ymax>1875</ymax>
		</bndbox>
	</object>
</annotation>