<annotation>
	<folder>top주먹밥김밥류접시김밥q3</folder>
	<filename>top_주먹밥김밥류_접시_김밥_Q3_00015.JPG</filename>
	<path>/top주먹밥김밥류접시김밥q3/top_주먹밥김밥류_접시_김밥_Q3_00015.JPG</path>
	<source>
		<database>fooddata</database>
	</source>
	<size>
		<width>5472</width>
		<height>3648</height>
		<depth>3</depth>
	</size>
	<object>
		<name>ref_spoon</name>
		<bndbox>
			<xmin>4167</xmin>
			<ymin>731</ymin>
			<xmax>4607</xmax>
			<ymax>1445</ymax>
		</bndbox>
	</object>
	<object>
		<name>ref_fork</name>
		<bndbox>
			<xmin>4720</xmin>
			<ymin>742</ymin>
			<xmax>5016</xmax>
			<ymax>1537</ymax>
		</bndbox>
	</object>
	<object>
		<name>ref_coin</name>
		<bndbox>
			<xmin>3630</xmin>
			<ymin>1311</ymin>
			<xmax>3936</xmax>
			<ymax>1623</ymax>
		</bndbox>
	</object>
	<object>
		<name>dish</name>
		<bndbox>
			<xmin>1487</xmin>
			<ymin>232</ymin>
			<xmax>3104</xmax>
			<ymax>3180</ymax>
		</bndbox>
	</object>
	<object>
		<name>김밥</name>
		<bndbox>
			<xmin>2057</xmin>
			<ymin>661</ymin>
			<xmax>2637</xmax>
			<ymax>2895</ymax>
		</bndbox>
	</object>
</annotation>