<annotation>
	<folder>top주먹밥김밥류접시김밥q3</folder>
	<filename>top_주먹밥김밥류_접시_김밥_Q3_00029.JPG</filename>
	<path>/top주먹밥김밥류접시김밥q3/top_주먹밥김밥류_접시_김밥_Q3_00029.JPG</path>
	<source>
		<database>fooddata</database>
	</source>
	<size>
		<width>5472</width>
		<height>3648</height>
		<depth>3</depth>
	</size>
	<object>
		<name>ref_spoon</name>
		<bndbox>
			<xmin>2046</xmin>
			<ymin>3046</ymin>
			<xmax>2733</xmax>
			<ymax>3448</ymax>
		</bndbox>
	</object>
	<object>
		<name>ref_fork</name>
		<bndbox>
			<xmin>2212</xmin>
			<ymin>2729</ymin>
			<xmax>2916</xmax>
			<ymax>2976</ymax>
		</bndbox>
	</object>
	<object>
		<name>ref_coin</name>
		<bndbox>
			<xmin>3899</xmin>
			<ymin>1354</ymin>
			<xmax>4146</xmax>
			<ymax>1612</ymax>
		</bndbox>
	</object>
	<object>
		<name>dish</name>
		<bndbox>
			<xmin>2084</xmin>
			<ymin>237</ymin>
			<xmax>3893</xmax>
			<ymax>2670</ymax>
		</bndbox>
	</object>
	<object>
		<name>김밥</name>
		<bndbox>
			<xmin>2567</xmin>
			<ymin>430</ymin>
			<xmax>3426</xmax>
			<ymax>2348</ymax>
		</bndbox>
	</object>
</annotation>