<annotation>
	<folder>top주먹밥김밥류접시김밥q3</folder>
	<filename>top_주먹밥김밥류_접시_김밥_Q3_00049.JPG</filename>
	<path>/top주먹밥김밥류접시김밥q3/top_주먹밥김밥류_접시_김밥_Q3_00049.JPG</path>
	<source>
		<database>fooddata</database>
	</source>
	<size>
		<width>5472</width>
		<height>3648</height>
		<depth>3</depth>
	</size>
	<object>
		<name>ref_spoon</name>
		<bndbox>
			<xmin>1348</xmin>
			<ymin>688</ymin>
			<xmax>1751</xmax>
			<ymax>1392</ymax>
		</bndbox>
	</object>
	<object>
		<name>ref_fork</name>
		<bndbox>
			<xmin>1879</xmin>
			<ymin>747</ymin>
			<xmax>2137</xmax>
			<ymax>1445</ymax>
		</bndbox>
	</object>
	<object>
		<name>ref_coin</name>
		<bndbox>
			<xmin>3882</xmin>
			<ymin>1714</ymin>
			<xmax>4199</xmax>
			<ymax>2009</ymax>
		</bndbox>
	</object>
	<object>
		<name>dish</name>
		<bndbox>
			<xmin>2298</xmin>
			<ymin>345</ymin>
			<xmax>3770</xmax>
			<ymax>3073</ymax>
		</bndbox>
	</object>
	<object>
		<name>김밥</name>
		<bndbox>
			<xmin>2760</xmin>
			<ymin>823</ymin>
			<xmax>3324</xmax>
			<ymax>2944</ymax>
		</bndbox>
	</object>
</annotation>