<annotation>
	<folder>top주먹밥김밥류접시김밥q3</folder>
	<filename>top_주먹밥김밥류_접시_김밥_Q3_00036.JPG</filename>
	<path>/top주먹밥김밥류접시김밥q3/top_주먹밥김밥류_접시_김밥_Q3_00036.JPG</path>
	<source>
		<database>fooddata</database>
	</source>
	<size>
		<width>5472</width>
		<height>3648</height>
		<depth>3</depth>
	</size>
	<object>
		<name>ref_spoon</name>
		<bndbox>
			<xmin>1385</xmin>
			<ymin>645</ymin>
			<xmax>1788</xmax>
			<ymax>1343</ymax>
		</bndbox>
	</object>
	<object>
		<name>ref_fork</name>
		<bndbox>
			<xmin>1906</xmin>
			<ymin>699</ymin>
			<xmax>2186</xmax>
			<ymax>1445</ymax>
		</bndbox>
	</object>
	<object>
		<name>ref_coin</name>
		<bndbox>
			<xmin>2975</xmin>
			<ymin>2643</ymin>
			<xmax>3286</xmax>
			<ymax>2965</ymax>
		</bndbox>
	</object>
	<object>
		<name>dish</name>
		<bndbox>
			<xmin>2234</xmin>
			<ymin>994</ymin>
			<xmax>5107</xmax>
			<ymax>2493</ymax>
		</bndbox>
	</object>
	<object>
		<name>김밥</name>
		<bndbox>
			<xmin>2728</xmin>
			<ymin>1145</ymin>
			<xmax>4892</xmax>
			<ymax>2289</ymax>
		</bndbox>
	</object>
</annotation>