<annotation>
	<folder>top주먹밥김밥류접시김밥q3</folder>
	<filename>top_주먹밥김밥류_접시_김밥_Q3_00039.JPG</filename>
	<path>/top주먹밥김밥류접시김밥q3/top_주먹밥김밥류_접시_김밥_Q3_00039.JPG</path>
	<source>
		<database>fooddata</database>
	</source>
	<size>
		<width>5472</width>
		<height>3648</height>
		<depth>3</depth>
	</size>
	<object>
		<name>ref_spoon</name>
		<bndbox>
			<xmin>1353</xmin>
			<ymin>742</ymin>
			<xmax>1740</xmax>
			<ymax>1402</ymax>
		</bndbox>
	</object>
	<object>
		<name>ref_fork</name>
		<bndbox>
			<xmin>1847</xmin>
			<ymin>801</ymin>
			<xmax>2121</xmax>
			<ymax>1537</ymax>
		</bndbox>
	</object>
	<object>
		<name>ref_coin</name>
		<bndbox>
			<xmin>4017</xmin>
			<ymin>2847</ymin>
			<xmax>4317</xmax>
			<ymax>3175</ymax>
		</bndbox>
	</object>
	<object>
		<name>dish</name>
		<bndbox>
			<xmin>2159</xmin>
			<ymin>1107</ymin>
			<xmax>4973</xmax>
			<ymax>2638</ymax>
		</bndbox>
	</object>
	<object>
		<name>김밥</name>
		<bndbox>
			<xmin>2368</xmin>
			<ymin>1462</ymin>
			<xmax>4758</xmax>
			<ymax>2192</ymax>
		</bndbox>
	</object>
</annotation>