<annotation>
	<folder>rework190files</folder>
	<filename>top_주먹밥김밥류_접시_김밥_Q3_00045.JPG</filename>
	<path>/top주먹밥김밥류접시김밥q3/top_주먹밥김밥류_접시_김밥_Q3_00045.JPG</path>
	<source>
		<database>fooddata</database>
	</source>
	<size>
		<width>5472</width>
		<height>3648</height>
		<depth>3</depth>
	</size>
	<object>
		<name>ref_spoon</name>
		<bndbox>
			<xmin>934</xmin>
			<ymin>562</ymin>
			<xmax>1386</xmax>
			<ymax>1348</ymax>
		</bndbox>
	</object>
	<object>
		<name>ref_fork</name>
		<bndbox>
			<xmin>1497</xmin>
			<ymin>655</ymin>
			<xmax>1821</xmax>
			<ymax>1431</ymax>
		</bndbox>
	</object>
	<object>
		<name>ref_coin</name>
		<bndbox>
			<xmin>4076</xmin>
			<ymin>479</ymin>
			<xmax>4400</xmax>
			<ymax>793</ymax>
		</bndbox>
	</object>
	<object>
		<name>dish</name>
		<bndbox>
			<xmin>1867</xmin>
			<ymin>1098</ymin>
			<xmax>4991</xmax>
			<ymax>2661</ymax>
		</bndbox>
	</object>
	<object>
		<name>김밥</name>
		<bndbox>
			<xmin>2533</xmin>
			<ymin>1265</ymin>
			<xmax>4677</xmax>
			<ymax>2392</ymax>
		</bndbox>
	</object>
</annotation>