<annotation>
	<folder>side반찬부피원형배달두부김치q1</folder>
	<filename>side_반찬부피_원형배달_두부김치_Q1_00018.JPG</filename>
	<path>/side반찬부피원형배달두부김치q1/side_반찬부피_원형배달_두부김치_Q1_00018.JPG</path>
	<source>
		<database>fooddata</database>
	</source>
	<size>
		<width>3008</width>
		<height>2000</height>
		<depth>3</depth>
	</size>
	<object>
		<name>ref_spoon</name>
		<bndbox>
			<xmin>686</xmin>
			<ymin>1561</ymin>
			<xmax>1138</xmax>
			<ymax>1795</ymax>
		</bndbox>
	</object>
	<object>
		<name>ref_fork</name>
		<bndbox>
			<xmin>706</xmin>
			<ymin>1323</ymin>
			<xmax>1184</xmax>
			<ymax>1531</ymax>
		</bndbox>
	</object>
	<object>
		<name>ref_coin</name>
		<bndbox>
			<xmin>1768</xmin>
			<ymin>1008</ymin>
			<xmax>1951</xmax>
			<ymax>1170</ymax>
		</bndbox>
	</object>
	<object>
		<name>dish</name>
		<bndbox>
			<xmin>620</xmin>
			<ymin>149</ymin>
			<xmax>1712</xmax>
			<ymax>1180</ymax>
		</bndbox>
	</object>
	<object>
		<name>두부김치</name>
		<bndbox>
			<xmin>813</xmin>
			<ymin>479</ymin>
			<xmax>1514</xmax>
			<ymax>845</ymax>
		</bndbox>
	</object>
</annotation>