<annotation>
	<folder>side반찬부피원형배달두부김치q1</folder>
	<filename>side_반찬부피_원형배달_두부김치_Q1_00020.JPG</filename>
	<path>/side반찬부피원형배달두부김치q1/side_반찬부피_원형배달_두부김치_Q1_00020.JPG</path>
	<source>
		<database>fooddata</database>
	</source>
	<size>
		<width>3008</width>
		<height>2000</height>
		<depth>3</depth>
	</size>
	<object>
		<name>ref_spoon</name>
		<bndbox>
			<xmin>976</xmin>
			<ymin>1633</ymin>
			<xmax>1428</xmax>
			<ymax>1871</ymax>
		</bndbox>
	</object>
	<object>
		<name>ref_fork</name>
		<bndbox>
			<xmin>986</xmin>
			<ymin>1394</ymin>
			<xmax>1474</xmax>
			<ymax>1592</ymax>
		</bndbox>
	</object>
	<object>
		<name>ref_coin</name>
		<bndbox>
			<xmin>2251</xmin>
			<ymin>840</ymin>
			<xmax>2434</xmax>
			<ymax>997</ymax>
		</bndbox>
	</object>
	<object>
		<name>dish</name>
		<bndbox>
			<xmin>940</xmin>
			<ymin>215</ymin>
			<xmax>2038</xmax>
			<ymax>1267</ymax>
		</bndbox>
	</object>
	<object>
		<name>두부김치</name>
		<bndbox>
			<xmin>1291</xmin>
			<ymin>530</ymin>
			<xmax>1844</xmax>
			<ymax>942</ymax>
		</bndbox>
	</object>
</annotation>