<annotation>
	<folder>side반찬부피원형배달두부김치q1</folder>
	<filename>side_반찬부피_원형배달_두부김치_Q1_00054.JPG</filename>
	<path>/side반찬부피원형배달두부김치q1/side_반찬부피_원형배달_두부김치_Q1_00054.JPG</path>
	<source>
		<database>fooddata</database>
	</source>
	<size>
		<width>3008</width>
		<height>2000</height>
		<depth>3</depth>
	</size>
	<object>
		<name>ref_spoon</name>
		<bndbox>
			<xmin>208</xmin>
			<ymin>433</ymin>
			<xmax>498</xmax>
			<ymax>855</ymax>
		</bndbox>
	</object>
	<object>
		<name>ref_fork</name>
		<bndbox>
			<xmin>589</xmin>
			<ymin>489</ymin>
			<xmax>772</xmax>
			<ymax>957</ymax>
		</bndbox>
	</object>
	<object>
		<name>ref_coin</name>
		<bndbox>
			<xmin>2215</xmin>
			<ymin>1561</ymin>
			<xmax>2469</xmax>
			<ymax>1765</ymax>
		</bndbox>
	</object>
	<object>
		<name>dish</name>
		<bndbox>
			<xmin>945</xmin>
			<ymin>184</ymin>
			<xmax>2307</xmax>
			<ymax>1480</ymax>
		</bndbox>
	</object>
	<object>
		<name>두부김치</name>
		<bndbox>
			<xmin>1087</xmin>
			<ymin>560</ymin>
			<xmax>2205</xmax>
			<ymax>1018</ymax>
		</bndbox>
	</object>
</annotation>