<annotation>
	<folder>side반찬부피원형배달두부김치q1</folder>
	<filename>side_반찬부피_원형배달_두부김치_Q1_00008.JPG</filename>
	<path>/side반찬부피원형배달두부김치q1/side_반찬부피_원형배달_두부김치_Q1_00008.JPG</path>
	<source>
		<database>fooddata</database>
	</source>
	<size>
		<width>3008</width>
		<height>2000</height>
		<depth>3</depth>
	</size>
	<object>
		<name>ref_spoon</name>
		<bndbox>
			<xmin>1992</xmin>
			<ymin>418</ymin>
			<xmax>2281</xmax>
			<ymax>835</ymax>
		</bndbox>
	</object>
	<object>
		<name>ref_fork</name>
		<bndbox>
			<xmin>2454</xmin>
			<ymin>439</ymin>
			<xmax>2657</xmax>
			<ymax>911</ymax>
		</bndbox>
	</object>
	<object>
		<name>ref_coin</name>
		<bndbox>
			<xmin>142</xmin>
			<ymin>688</ymin>
			<xmax>356</xmax>
			<ymax>860</ymax>
		</bndbox>
	</object>
	<object>
		<name>dish</name>
		<bndbox>
			<xmin>594</xmin>
			<ymin>256</ymin>
			<xmax>1900</xmax>
			<ymax>1506</ymax>
		</bndbox>
	</object>
	<object>
		<name>두부김치</name>
		<bndbox>
			<xmin>762</xmin>
			<ymin>799</ymin>
			<xmax>1656</xmax>
			<ymax>1119</ymax>
		</bndbox>
	</object>
</annotation>