<annotation>
	<folder>side반찬부피원형배달두부김치q1</folder>
	<filename>side_반찬부피_원형배달_두부김치_Q1_00028.JPG</filename>
	<path>/side반찬부피원형배달두부김치q1/side_반찬부피_원형배달_두부김치_Q1_00028.JPG</path>
	<source>
		<database>fooddata</database>
	</source>
	<size>
		<width>3008</width>
		<height>2000</height>
		<depth>3</depth>
	</size>
	<object>
		<name>ref_spoon</name>
		<bndbox>
			<xmin>813</xmin>
			<ymin>1546</ymin>
			<xmax>1301</xmax>
			<ymax>1790</ymax>
		</bndbox>
	</object>
	<object>
		<name>ref_fork</name>
		<bndbox>
			<xmin>823</xmin>
			<ymin>1292</ymin>
			<xmax>1362</xmax>
			<ymax>1506</ymax>
		</bndbox>
	</object>
	<object>
		<name>ref_coin</name>
		<bndbox>
			<xmin>417</xmin>
			<ymin>1521</ymin>
			<xmax>645</xmax>
			<ymax>1709</ymax>
		</bndbox>
	</object>
	<object>
		<name>dish</name>
		<bndbox>
			<xmin>864</xmin>
			<ymin>63</ymin>
			<xmax>2083</xmax>
			<ymax>1221</ymax>
		</bndbox>
	</object>
	<object>
		<name>두부김치</name>
		<bndbox>
			<xmin>1092</xmin>
			<ymin>428</ymin>
			<xmax>1819</xmax>
			<ymax>860</ymax>
		</bndbox>
	</object>
</annotation>