<annotation>
	<folder>top반찬부피원형배달두부김치q1</folder>
	<filename>top_반찬부피_원형배달_두부김치_Q1_00035.JPG</filename>
	<path>/top반찬부피원형배달두부김치q1/top_반찬부피_원형배달_두부김치_Q1_00035.JPG</path>
	<source>
		<database>fooddata</database>
	</source>
	<size>
		<width>3008</width>
		<height>2000</height>
		<depth>3</depth>
	</size>
	<object>
		<name>ref_spoon</name>
		<bndbox>
			<xmin>475</xmin>
			<ymin>52</ymin>
			<xmax>760</xmax>
			<ymax>501</ymax>
		</bndbox>
	</object>
	<object>
		<name>ref_fork</name>
		<bndbox>
			<xmin>841</xmin>
			<ymin>172</ymin>
			<xmax>1032</xmax>
			<ymax>639</ymax>
		</bndbox>
	</object>
	<object>
		<name>ref_coin</name>
		<bndbox>
			<xmin>681</xmin>
			<ymin>1668</ymin>
			<xmax>897</xmax>
			<ymax>1887</ymax>
		</bndbox>
	</object>
	<object>
		<name>dish</name>
		<bndbox>
			<xmin>1177</xmin>
			<ymin>273</ymin>
			<xmax>2506</xmax>
			<ymax>1600</ymax>
		</bndbox>
	</object>
	<object>
		<name>두부김치</name>
		<bndbox>
			<xmin>1408</xmin>
			<ymin>570</ymin>
			<xmax>2303</xmax>
			<ymax>1452</ymax>
		</bndbox>
	</object>
</annotation>