<annotation>
	<folder>top반찬부피원형배달두부김치q1</folder>
	<filename>top_반찬부피_원형배달_두부김치_Q1_00010.JPG</filename>
	<path>/top반찬부피원형배달두부김치q1/top_반찬부피_원형배달_두부김치_Q1_00010.JPG</path>
	<source>
		<database>fooddata</database>
	</source>
	<size>
		<width>3008</width>
		<height>2000</height>
		<depth>3</depth>
	</size>
	<object>
		<name>ref_spoon</name>
		<bndbox>
			<xmin>1917</xmin>
			<ymin>103</ymin>
			<xmax>2202</xmax>
			<ymax>555</ymax>
		</bndbox>
	</object>
	<object>
		<name>ref_fork</name>
		<bndbox>
			<xmin>2342</xmin>
			<ymin>211</ymin>
			<xmax>2536</xmax>
			<ymax>688</ymax>
		</bndbox>
	</object>
	<object>
		<name>ref_coin</name>
		<bndbox>
			<xmin>1465</xmin>
			<ymin>339</ymin>
			<xmax>1674</xmax>
			<ymax>545</ymax>
		</bndbox>
	</object>
	<object>
		<name>dish</name>
		<bndbox>
			<xmin>298</xmin>
			<ymin>415</ymin>
			<xmax>1715</xmax>
			<ymax>1801</ymax>
		</bndbox>
	</object>
	<object>
		<name>두부김치</name>
		<bndbox>
			<xmin>536</xmin>
			<ymin>1059</ymin>
			<xmax>1565</xmax>
			<ymax>1577</ymax>
		</bndbox>
	</object>
</annotation>