<annotation>
	<folder>top반찬부피원형배달두부김치q1</folder>
	<filename>top_반찬부피_원형배달_두부김치_Q1_00049.JPG</filename>
	<path>/top반찬부피원형배달두부김치q1/top_반찬부피_원형배달_두부김치_Q1_00049.JPG</path>
	<source>
		<database>fooddata</database>
	</source>
	<size>
		<width>3008</width>
		<height>2000</height>
		<depth>3</depth>
	</size>
	<object>
		<name>ref_spoon</name>
		<bndbox>
			<xmin>561</xmin>
			<ymin>88</ymin>
			<xmax>846</xmax>
			<ymax>516</ymax>
		</bndbox>
	</object>
	<object>
		<name>ref_fork</name>
		<bndbox>
			<xmin>895</xmin>
			<ymin>147</ymin>
			<xmax>1094</xmax>
			<ymax>627</ymax>
		</bndbox>
	</object>
	<object>
		<name>ref_coin</name>
		<bndbox>
			<xmin>1919</xmin>
			<ymin>1644</ymin>
			<xmax>2131</xmax>
			<ymax>1867</ymax>
		</bndbox>
	</object>
	<object>
		<name>dish</name>
		<bndbox>
			<xmin>1089</xmin>
			<ymin>184</ymin>
			<xmax>2423</xmax>
			<ymax>1494</ymax>
		</bndbox>
	</object>
	<object>
		<name>두부김치</name>
		<bndbox>
			<xmin>1438</xmin>
			<ymin>376</ymin>
			<xmax>2111</xmax>
			<ymax>1420</ymax>
		</bndbox>
	</object>
</annotation>