<annotation>
	<folder>top반찬부피원형배달두부김치q1</folder>
	<filename>top_반찬부피_원형배달_두부김치_Q1_00050.JPG</filename>
	<path>/top반찬부피원형배달두부김치q1/top_반찬부피_원형배달_두부김치_Q1_00050.JPG</path>
	<source>
		<database>fooddata</database>
	</source>
	<size>
		<width>3008</width>
		<height>2000</height>
		<depth>3</depth>
	</size>
	<object>
		<name>ref_spoon</name>
		<bndbox>
			<xmin>647</xmin>
			<ymin>93</ymin>
			<xmax>932</xmax>
			<ymax>531</ymax>
		</bndbox>
	</object>
	<object>
		<name>ref_fork</name>
		<bndbox>
			<xmin>978</xmin>
			<ymin>160</ymin>
			<xmax>1177</xmax>
			<ymax>629</ymax>
		</bndbox>
	</object>
	<object>
		<name>ref_coin</name>
		<bndbox>
			<xmin>2214</xmin>
			<ymin>1418</ymin>
			<xmax>2423</xmax>
			<ymax>1629</ymax>
		</bndbox>
	</object>
	<object>
		<name>dish</name>
		<bndbox>
			<xmin>1295</xmin>
			<ymin>155</ymin>
			<xmax>2624</xmax>
			<ymax>1455</ymax>
		</bndbox>
	</object>
	<object>
		<name>두부김치</name>
		<bndbox>
			<xmin>1617</xmin>
			<ymin>349</ymin>
			<xmax>2194</xmax>
			<ymax>1388</ymax>
		</bndbox>
	</object>
</annotation>