<annotation>
	<folder>top반찬부피원형배달두부김치q1</folder>
	<filename>top_반찬부피_원형배달_두부김치_Q1_00055.JPG</filename>
	<path>/top반찬부피원형배달두부김치q1/top_반찬부피_원형배달_두부김치_Q1_00055.JPG</path>
	<source>
		<database>fooddata</database>
	</source>
	<size>
		<width>3008</width>
		<height>2000</height>
		<depth>3</depth>
	</size>
	<object>
		<name>ref_spoon</name>
		<bndbox>
			<xmin>578</xmin>
			<ymin>157</ymin>
			<xmax>877</xmax>
			<ymax>597</ymax>
		</bndbox>
	</object>
	<object>
		<name>ref_fork</name>
		<bndbox>
			<xmin>932</xmin>
			<ymin>224</ymin>
			<xmax>1140</xmax>
			<ymax>715</ymax>
		</bndbox>
	</object>
	<object>
		<name>ref_coin</name>
		<bndbox>
			<xmin>194</xmin>
			<ymin>587</ymin>
			<xmax>406</xmax>
			<ymax>806</ymax>
		</bndbox>
	</object>
	<object>
		<name>dish</name>
		<bndbox>
			<xmin>1221</xmin>
			<ymin>229</ymin>
			<xmax>2649</xmax>
			<ymax>1622</ymax>
		</bndbox>
	</object>
	<object>
		<name>두부김치</name>
		<bndbox>
			<xmin>1438</xmin>
			<ymin>553</ymin>
			<xmax>2447</xmax>
			<ymax>1504</ymax>
		</bndbox>
	</object>
</annotation>