<annotation>
	<folder>side비빔면류냉면기회냉면q3</folder>
	<filename>side_비빔면류_냉면기_회냉면_Q3_00014.JPG</filename>
	<path>/side비빔면류냉면기회냉면q3/side_비빔면류_냉면기_회냉면_Q3_00014.JPG</path>
	<source>
		<database>fooddata</database>
	</source>
	<size>
		<width>3008</width>
		<height>2000</height>
		<depth>3</depth>
	</size>
	<object>
		<name>ref_spoon</name>
		<bndbox>
			<xmin>1912</xmin>
			<ymin>716</ymin>
			<xmax>2161</xmax>
			<ymax>1018</ymax>
		</bndbox>
	</object>
	<object>
		<name>ref_fork</name>
		<bndbox>
			<xmin>2285</xmin>
			<ymin>663</ymin>
			<xmax>2480</xmax>
			<ymax>1018</ymax>
		</bndbox>
	</object>
	<object>
		<name>ref_coin</name>
		<bndbox>
			<xmin>2609</xmin>
			<ymin>973</ymin>
			<xmax>2795</xmax>
			<ymax>1103</ymax>
		</bndbox>
	</object>
	<object>
		<name>dish</name>
		<bndbox>
			<xmin>366</xmin>
			<ymin>471</ymin>
			<xmax>1686</xmax>
			<ymax>1406</ymax>
		</bndbox>
	</object>
	<object>
		<name>회냉면</name>
		<bndbox>
			<xmin>603</xmin>
			<ymin>725</ymin>
			<xmax>1501</xmax>
			<ymax>1221</ymax>
		</bndbox>
	</object>
</annotation>