<annotation>
	<folder>side비빔면류냉면기회냉면q3</folder>
	<filename>side_비빔면류_냉면기_회냉면_Q3_00002.JPG</filename>
	<path>/side비빔면류냉면기회냉면q3/side_비빔면류_냉면기_회냉면_Q3_00002.JPG</path>
	<source>
		<database>fooddata</database>
	</source>
	<size>
		<width>3008</width>
		<height>2000</height>
		<depth>3</depth>
	</size>
	<object>
		<name>ref_spoon</name>
		<bndbox>
			<xmin>2267</xmin>
			<ymin>725</ymin>
			<xmax>2507</xmax>
			<ymax>1013</ymax>
		</bndbox>
	</object>
	<object>
		<name>ref_fork</name>
		<bndbox>
			<xmin>2631</xmin>
			<ymin>685</ymin>
			<xmax>2813</xmax>
			<ymax>1031</ymax>
		</bndbox>
	</object>
	<object>
		<name>ref_coin</name>
		<bndbox>
			<xmin>1633</xmin>
			<ymin>1741</ymin>
			<xmax>1837</xmax>
			<ymax>1896</ymax>
		</bndbox>
	</object>
	<object>
		<name>dish</name>
		<bndbox>
			<xmin>936</xmin>
			<ymin>516</ymin>
			<xmax>2232</xmax>
			<ymax>1461</ymax>
		</bndbox>
	</object>
	<object>
		<name>회냉면</name>
		<bndbox>
			<xmin>1168</xmin>
			<ymin>767</ymin>
			<xmax>2017</xmax>
			<ymax>1297</ymax>
		</bndbox>
	</object>
</annotation>