<annotation>
	<folder>side비빔면류냉면기회냉면q3</folder>
	<filename>side_비빔면류_냉면기_회냉면_Q3_00023.JPG</filename>
	<path>/side비빔면류냉면기회냉면q3/side_비빔면류_냉면기_회냉면_Q3_00023.JPG</path>
	<source>
		<database>fooddata</database>
	</source>
	<size>
		<width>3008</width>
		<height>2000</height>
		<depth>3</depth>
	</size>
	<object>
		<name>ref_spoon</name>
		<bndbox>
			<xmin>710</xmin>
			<ymin>1661</ymin>
			<xmax>1114</xmax>
			<ymax>1909</ymax>
		</bndbox>
	</object>
	<object>
		<name>ref_fork</name>
		<bndbox>
			<xmin>812</xmin>
			<ymin>1439</ymin>
			<xmax>1233</xmax>
			<ymax>1674</ymax>
		</bndbox>
	</object>
	<object>
		<name>ref_coin</name>
		<bndbox>
			<xmin>2502</xmin>
			<ymin>1009</ymin>
			<xmax>2684</xmax>
			<ymax>1133</ymax>
		</bndbox>
	</object>
	<object>
		<name>dish</name>
		<bndbox>
			<xmin>1095</xmin>
			<ymin>445</ymin>
			<xmax>2307</xmax>
			<ymax>1322</ymax>
		</bndbox>
	</object>
	<object>
		<name>회냉면</name>
		<bndbox>
			<xmin>1236</xmin>
			<ymin>637</ymin>
			<xmax>2183</xmax>
			<ymax>1158</ymax>
		</bndbox>
	</object>
</annotation>