<annotation>
	<folder>side비빔면류냉면기회냉면q3</folder>
	<filename>side_비빔면류_냉면기_회냉면_Q3_00042.JPG</filename>
	<path>/side비빔면류냉면기회냉면q3/side_비빔면류_냉면기_회냉면_Q3_00042.JPG</path>
	<source>
		<database>fooddata</database>
	</source>
	<size>
		<width>3008</width>
		<height>2000</height>
		<depth>3</depth>
	</size>
	<object>
		<name>ref_spoon</name>
		<bndbox>
			<xmin>426</xmin>
			<ymin>627</ymin>
			<xmax>679</xmax>
			<ymax>938</ymax>
		</bndbox>
	</object>
	<object>
		<name>ref_fork</name>
		<bndbox>
			<xmin>759</xmin>
			<ymin>605</ymin>
			<xmax>936</xmax>
			<ymax>965</ymax>
		</bndbox>
	</object>
	<object>
		<name>ref_coin</name>
		<bndbox>
			<xmin>2582</xmin>
			<ymin>793</ymin>
			<xmax>2777</xmax>
			<ymax>920</ymax>
		</bndbox>
	</object>
	<object>
		<name>dish</name>
		<bndbox>
			<xmin>1051</xmin>
			<ymin>215</ymin>
			<xmax>2329</xmax>
			<ymax>1133</ymax>
		</bndbox>
	</object>
	<object>
		<name>회냉면</name>
		<bndbox>
			<xmin>1201</xmin>
			<ymin>370</ymin>
			<xmax>2177</xmax>
			<ymax>960</ymax>
		</bndbox>
	</object>
</annotation>