<annotation>
	<folder>top비빔면류냉면기회냉면q3</folder>
	<filename>top_비빔면류_냉면기_회냉면_Q3_00037.JPG</filename>
	<path>/top비빔면류냉면기회냉면q3/top_비빔면류_냉면기_회냉면_Q3_00037.JPG</path>
	<source>
		<database>fooddata</database>
	</source>
	<size>
		<width>3008</width>
		<height>2000</height>
		<depth>3</depth>
	</size>
	<object>
		<name>ref_spoon</name>
		<bndbox>
			<xmin>239</xmin>
			<ymin>342</ymin>
			<xmax>544</xmax>
			<ymax>779</ymax>
		</bndbox>
	</object>
	<object>
		<name>ref_fork</name>
		<bndbox>
			<xmin>610</xmin>
			<ymin>317</ymin>
			<xmax>849</xmax>
			<ymax>799</ymax>
		</bndbox>
	</object>
	<object>
		<name>ref_coin</name>
		<bndbox>
			<xmin>2185</xmin>
			<ymin>1592</ymin>
			<xmax>2378</xmax>
			<ymax>1790</ymax>
		</bndbox>
	</object>
	<object>
		<name>dish</name>
		<bndbox>
			<xmin>1011</xmin>
			<ymin>149</ymin>
			<xmax>2551</xmax>
			<ymax>1683</ymax>
		</bndbox>
	</object>
	<object>
		<name>회냉면</name>
		<bndbox>
			<xmin>1291</xmin>
			<ymin>515</ymin>
			<xmax>2281</xmax>
			<ymax>1414</ymax>
		</bndbox>
	</object>
</annotation>