<annotation>
	<folder>top비빔면류냉면기회냉면q3</folder>
	<filename>top_비빔면류_냉면기_회냉면_Q3_00043.JPG</filename>
	<path>/top비빔면류냉면기회냉면q3/top_비빔면류_냉면기_회냉면_Q3_00043.JPG</path>
	<source>
		<database>fooddata</database>
	</source>
	<size>
		<width>3008</width>
		<height>2000</height>
		<depth>3</depth>
	</size>
	<object>
		<name>ref_spoon</name>
		<bndbox>
			<xmin>163</xmin>
			<ymin>449</ymin>
			<xmax>467</xmax>
			<ymax>886</ymax>
		</bndbox>
	</object>
	<object>
		<name>ref_fork</name>
		<bndbox>
			<xmin>534</xmin>
			<ymin>439</ymin>
			<xmax>752</xmax>
			<ymax>911</ymax>
		</bndbox>
	</object>
	<object>
		<name>ref_coin</name>
		<bndbox>
			<xmin>2251</xmin>
			<ymin>433</ymin>
			<xmax>2434</xmax>
			<ymax>606</ymax>
		</bndbox>
	</object>
	<object>
		<name>dish</name>
		<bndbox>
			<xmin>879</xmin>
			<ymin>286</ymin>
			<xmax>2439</xmax>
			<ymax>1821</ymax>
		</bndbox>
	</object>
	<object>
		<name>회냉면</name>
		<bndbox>
			<xmin>1082</xmin>
			<ymin>581</ymin>
			<xmax>2195</xmax>
			<ymax>1561</ymax>
		</bndbox>
	</object>
</annotation>