<annotation>
	<folder>top비빔면류냉면기회냉면q3</folder>
	<filename>top_비빔면류_냉면기_회냉면_Q3_00022.JPG</filename>
	<path>/top비빔면류냉면기회냉면q3/top_비빔면류_냉면기_회냉면_Q3_00022.JPG</path>
	<source>
		<database>fooddata</database>
	</source>
	<size>
		<width>3008</width>
		<height>2000</height>
		<depth>3</depth>
	</size>
	<object>
		<name>ref_spoon</name>
		<bndbox>
			<xmin>884</xmin>
			<ymin>1628</ymin>
			<xmax>1265</xmax>
			<ymax>1902</ymax>
		</bndbox>
	</object>
	<object>
		<name>ref_fork</name>
		<bndbox>
			<xmin>935</xmin>
			<ymin>1379</ymin>
			<xmax>1352</xmax>
			<ymax>1572</ymax>
		</bndbox>
	</object>
	<object>
		<name>ref_coin</name>
		<bndbox>
			<xmin>2297</xmin>
			<ymin>327</ymin>
			<xmax>2444</xmax>
			<ymax>479</ymax>
		</bndbox>
	</object>
	<object>
		<name>dish</name>
		<bndbox>
			<xmin>1037</xmin>
			<ymin>47</ymin>
			<xmax>2297</xmax>
			<ymax>1282</ymax>
		</bndbox>
	</object>
	<object>
		<name>회냉면</name>
		<bndbox>
			<xmin>1230</xmin>
			<ymin>388</ymin>
			<xmax>2012</xmax>
			<ymax>1069</ymax>
		</bndbox>
	</object>
</annotation>