<annotation>
	<folder>top비빔면류냉면기회냉면q3</folder>
	<filename>top_비빔면류_냉면기_회냉면_Q3_00017.JPG</filename>
	<path>/top비빔면류냉면기회냉면q3/top_비빔면류_냉면기_회냉면_Q3_00017.JPG</path>
	<source>
		<database>fooddata</database>
	</source>
	<size>
		<width>3008</width>
		<height>2000</height>
		<depth>3</depth>
	</size>
	<object>
		<name>ref_spoon</name>
		<bndbox>
			<xmin>894</xmin>
			<ymin>1617</ymin>
			<xmax>1286</xmax>
			<ymax>1871</ymax>
		</bndbox>
	</object>
	<object>
		<name>ref_fork</name>
		<bndbox>
			<xmin>925</xmin>
			<ymin>1363</ymin>
			<xmax>1321</xmax>
			<ymax>1551</ymax>
		</bndbox>
	</object>
	<object>
		<name>ref_coin</name>
		<bndbox>
			<xmin>2165</xmin>
			<ymin>1033</ymin>
			<xmax>2327</xmax>
			<ymax>1211</ymax>
		</bndbox>
	</object>
	<object>
		<name>dish</name>
		<bndbox>
			<xmin>899</xmin>
			<ymin>57</ymin>
			<xmax>2210</xmax>
			<ymax>1343</ymax>
		</bndbox>
	</object>
	<object>
		<name>회냉면</name>
		<bndbox>
			<xmin>1179</xmin>
			<ymin>342</ymin>
			<xmax>1961</xmax>
			<ymax>1191</ymax>
		</bndbox>
	</object>
</annotation>