<annotation>
	<folder>side반찬부피접시어묵볶음q1</folder>
	<filename>side_반찬부피_접시_어묵볶음_Q1_00009.JPG</filename>
	<path>/side반찬부피접시어묵볶음q1/side_반찬부피_접시_어묵볶음_Q1_00009.JPG</path>
	<source>
		<database>fooddata</database>
	</source>
	<size>
		<width>3008</width>
		<height>2000</height>
		<depth>3</depth>
	</size>
	<object>
		<name>ref_spoon</name>
		<bndbox>
			<xmin>2164</xmin>
			<ymin>334</ymin>
			<xmax>2467</xmax>
			<ymax>726</ymax>
		</bndbox>
	</object>
	<object>
		<name>ref_fork</name>
		<bndbox>
			<xmin>2583</xmin>
			<ymin>344</ymin>
			<xmax>2823</xmax>
			<ymax>796</ymax>
		</bndbox>
	</object>
	<object>
		<name>ref_coin</name>
		<bndbox>
			<xmin>765</xmin>
			<ymin>1660</ymin>
			<xmax>1026</xmax>
			<ymax>1851</ymax>
		</bndbox>
	</object>
	<object>
		<name>dish</name>
		<bndbox>
			<xmin>478</xmin>
			<ymin>443</ymin>
			<xmax>2147</xmax>
			<ymax>1561</ymax>
		</bndbox>
	</object>
	<object>
		<name>어묵볶음</name>
		<bndbox>
			<xmin>960</xmin>
			<ymin>680</ymin>
			<xmax>1705</xmax>
			<ymax>1300</ymax>
		</bndbox>
	</object>
</annotation>