<annotation>
	<folder>side반찬부피접시어묵볶음q1</folder>
	<filename>side_반찬부피_접시_어묵볶음_Q1_00011.JPG</filename>
	<path>/side반찬부피접시어묵볶음q1/side_반찬부피_접시_어묵볶음_Q1_00011.JPG</path>
	<source>
		<database>fooddata</database>
	</source>
	<size>
		<width>3008</width>
		<height>2000</height>
		<depth>3</depth>
	</size>
	<object>
		<name>ref_spoon</name>
		<bndbox>
			<xmin>2108</xmin>
			<ymin>245</ymin>
			<xmax>2431</xmax>
			<ymax>644</ymax>
		</bndbox>
	</object>
	<object>
		<name>ref_fork</name>
		<bndbox>
			<xmin>2550</xmin>
			<ymin>251</ymin>
			<xmax>2780</xmax>
			<ymax>703</ymax>
		</bndbox>
	</object>
	<object>
		<name>ref_coin</name>
		<bndbox>
			<xmin>1580</xmin>
			<ymin>1534</ymin>
			<xmax>1850</xmax>
			<ymax>1722</ymax>
		</bndbox>
	</object>
	<object>
		<name>dish</name>
		<bndbox>
			<xmin>468</xmin>
			<ymin>387</ymin>
			<xmax>2137</xmax>
			<ymax>1475</ymax>
		</bndbox>
	</object>
	<object>
		<name>어묵볶음</name>
		<bndbox>
			<xmin>900</xmin>
			<ymin>703</ymin>
			<xmax>1735</xmax>
			<ymax>1201</ymax>
		</bndbox>
	</object>
</annotation>