<annotation>
	<folder>side반찬부피접시어묵볶음q1</folder>
	<filename>side_반찬부피_접시_어묵볶음_Q1_00053.JPG</filename>
	<path>/side반찬부피접시어묵볶음q1/side_반찬부피_접시_어묵볶음_Q1_00053.JPG</path>
	<source>
		<database>fooddata</database>
	</source>
	<size>
		<width>3008</width>
		<height>2000</height>
		<depth>3</depth>
	</size>
	<object>
		<name>ref_spoon</name>
		<bndbox>
			<xmin>135</xmin>
			<ymin>383</ymin>
			<xmax>452</xmax>
			<ymax>805</ymax>
		</bndbox>
	</object>
	<object>
		<name>ref_fork</name>
		<bndbox>
			<xmin>541</xmin>
			<ymin>373</ymin>
			<xmax>755</xmax>
			<ymax>852</ymax>
		</bndbox>
	</object>
	<object>
		<name>ref_coin</name>
		<bndbox>
			<xmin>2635</xmin>
			<ymin>984</ymin>
			<xmax>2889</xmax>
			<ymax>1165</ymax>
		</bndbox>
	</object>
	<object>
		<name>dish</name>
		<bndbox>
			<xmin>867</xmin>
			<ymin>251</ymin>
			<xmax>2530</xmax>
			<ymax>1346</ymax>
		</bndbox>
	</object>
	<object>
		<name>어묵볶음</name>
		<bndbox>
			<xmin>1273</xmin>
			<ymin>406</ymin>
			<xmax>2259</xmax>
			<ymax>992</ymax>
		</bndbox>
	</object>
</annotation>