<annotation>
	<folder>side반찬부피접시어묵볶음q1</folder>
	<filename>side_반찬부피_접시_어묵볶음_Q1_00027.JPG</filename>
	<path>/side반찬부피접시어묵볶음q1/side_반찬부피_접시_어묵볶음_Q1_00027.JPG</path>
	<source>
		<database>fooddata</database>
	</source>
	<size>
		<width>3008</width>
		<height>2000</height>
		<depth>3</depth>
	</size>
	<object>
		<name>ref_spoon</name>
		<bndbox>
			<xmin>683</xmin>
			<ymin>1580</ymin>
			<xmax>1174</xmax>
			<ymax>1841</ymax>
		</bndbox>
	</object>
	<object>
		<name>ref_fork</name>
		<bndbox>
			<xmin>759</xmin>
			<ymin>1376</ymin>
			<xmax>1296</xmax>
			<ymax>1597</ymax>
		</bndbox>
	</object>
	<object>
		<name>ref_coin</name>
		<bndbox>
			<xmin>950</xmin>
			<ymin>159</ymin>
			<xmax>1141</xmax>
			<ymax>291</ymax>
		</bndbox>
	</object>
	<object>
		<name>dish</name>
		<bndbox>
			<xmin>831</xmin>
			<ymin>314</ymin>
			<xmax>2322</xmax>
			<ymax>1284</ymax>
		</bndbox>
	</object>
	<object>
		<name>어묵볶음</name>
		<bndbox>
			<xmin>1194</xmin>
			<ymin>594</ymin>
			<xmax>1939</xmax>
			<ymax>1063</ymax>
		</bndbox>
	</object>
</annotation>