<annotation>
	<folder>side반찬부피접시어묵볶음q1</folder>
	<filename>side_반찬부피_접시_어묵볶음_Q1_00022.JPG</filename>
	<path>/side반찬부피접시어묵볶음q1/side_반찬부피_접시_어묵볶음_Q1_00022.JPG</path>
	<source>
		<database>fooddata</database>
	</source>
	<size>
		<width>3008</width>
		<height>2000</height>
		<depth>3</depth>
	</size>
	<object>
		<name>ref_spoon</name>
		<bndbox>
			<xmin>699</xmin>
			<ymin>1594</ymin>
			<xmax>1194</xmax>
			<ymax>1851</ymax>
		</bndbox>
	</object>
	<object>
		<name>ref_fork</name>
		<bndbox>
			<xmin>775</xmin>
			<ymin>1383</ymin>
			<xmax>1316</xmax>
			<ymax>1607</ymax>
		</bndbox>
	</object>
	<object>
		<name>ref_coin</name>
		<bndbox>
			<xmin>2319</xmin>
			<ymin>515</ymin>
			<xmax>2530</xmax>
			<ymax>657</ymax>
		</bndbox>
	</object>
	<object>
		<name>dish</name>
		<bndbox>
			<xmin>808</xmin>
			<ymin>324</ymin>
			<xmax>2289</xmax>
			<ymax>1287</ymax>
		</bndbox>
	</object>
	<object>
		<name>어묵볶음</name>
		<bndbox>
			<xmin>1178</xmin>
			<ymin>482</ymin>
			<xmax>1900</xmax>
			<ymax>1026</ymax>
		</bndbox>
	</object>
</annotation>