<annotation>
	<folder>side반찬부피접시어묵볶음q1</folder>
	<filename>side_반찬부피_접시_어묵볶음_Q1_00020.JPG</filename>
	<path>/side반찬부피접시어묵볶음q1/side_반찬부피_접시_어묵볶음_Q1_00020.JPG</path>
	<source>
		<database>fooddata</database>
	</source>
	<size>
		<width>3008</width>
		<height>2000</height>
		<depth>3</depth>
	</size>
	<object>
		<name>ref_spoon</name>
		<bndbox>
			<xmin>693</xmin>
			<ymin>1613</ymin>
			<xmax>1187</xmax>
			<ymax>1874</ymax>
		</bndbox>
	</object>
	<object>
		<name>ref_fork</name>
		<bndbox>
			<xmin>775</xmin>
			<ymin>1399</ymin>
			<xmax>1293</xmax>
			<ymax>1630</ymax>
		</bndbox>
	</object>
	<object>
		<name>ref_coin</name>
		<bndbox>
			<xmin>2381</xmin>
			<ymin>871</ymin>
			<xmax>2596</xmax>
			<ymax>1020</ymax>
		</bndbox>
	</object>
	<object>
		<name>dish</name>
		<bndbox>
			<xmin>802</xmin>
			<ymin>324</ymin>
			<xmax>2269</xmax>
			<ymax>1264</ymax>
		</bndbox>
	</object>
	<object>
		<name>어묵볶음</name>
		<bndbox>
			<xmin>1075</xmin>
			<ymin>558</ymin>
			<xmax>1900</xmax>
			<ymax>1043</ymax>
		</bndbox>
	</object>
</annotation>