<annotation>
	<folder>side반찬부피접시어묵볶음q1</folder>
	<filename>side_반찬부피_접시_어묵볶음_Q1_00016.JPG</filename>
	<path>/side반찬부피접시어묵볶음q1/side_반찬부피_접시_어묵볶음_Q1_00016.JPG</path>
	<source>
		<database>fooddata</database>
	</source>
	<size>
		<width>3008</width>
		<height>2000</height>
		<depth>3</depth>
	</size>
	<object>
		<name>ref_spoon</name>
		<bndbox>
			<xmin>2022</xmin>
			<ymin>139</ymin>
			<xmax>2345</xmax>
			<ymax>535</ymax>
		</bndbox>
	</object>
	<object>
		<name>ref_fork</name>
		<bndbox>
			<xmin>2457</xmin>
			<ymin>136</ymin>
			<xmax>2695</xmax>
			<ymax>578</ymax>
		</bndbox>
	</object>
	<object>
		<name>ref_coin</name>
		<bndbox>
			<xmin>640</xmin>
			<ymin>1482</ymin>
			<xmax>904</xmax>
			<ymax>1686</ymax>
		</bndbox>
	</object>
	<object>
		<name>dish</name>
		<bndbox>
			<xmin>412</xmin>
			<ymin>284</ymin>
			<xmax>2094</xmax>
			<ymax>1399</ymax>
		</bndbox>
	</object>
	<object>
		<name>어묵볶음</name>
		<bndbox>
			<xmin>785</xmin>
			<ymin>591</ymin>
			<xmax>1689</xmax>
			<ymax>1086</ymax>
		</bndbox>
	</object>
</annotation>