<annotation>
	<folder>top반찬부피접시어묵볶음q1</folder>
	<filename>top_반찬부피_접시_어묵볶음_Q1_00018.JPG</filename>
	<path>/top반찬부피접시어묵볶음q1/top_반찬부피_접시_어묵볶음_Q1_00018.JPG</path>
	<source>
		<database>fooddata</database>
	</source>
	<size>
		<width>3008</width>
		<height>2000</height>
		<depth>3</depth>
	</size>
	<object>
		<name>ref_spoon</name>
		<bndbox>
			<xmin>897</xmin>
			<ymin>1597</ymin>
			<xmax>1246</xmax>
			<ymax>1848</ymax>
		</bndbox>
	</object>
	<object>
		<name>ref_fork</name>
		<bndbox>
			<xmin>939</xmin>
			<ymin>1364</ymin>
			<xmax>1317</xmax>
			<ymax>1533</ymax>
		</bndbox>
	</object>
	<object>
		<name>ref_coin</name>
		<bndbox>
			<xmin>2160</xmin>
			<ymin>998</ymin>
			<xmax>2327</xmax>
			<ymax>1167</ymax>
		</bndbox>
	</object>
	<object>
		<name>dish</name>
		<bndbox>
			<xmin>1059</xmin>
			<ymin>133</ymin>
			<xmax>2167</xmax>
			<ymax>1238</ymax>
		</bndbox>
	</object>
	<object>
		<name>어묵볶음</name>
		<bndbox>
			<xmin>1334</xmin>
			<ymin>425</ymin>
			<xmax>1944</xmax>
			<ymax>975</ymax>
		</bndbox>
	</object>
</annotation>