<annotation>
	<folder>top반찬부피접시어묵볶음q1</folder>
	<filename>top_반찬부피_접시_어묵볶음_Q1_00053.JPG</filename>
	<path>/top반찬부피접시어묵볶음q1/top_반찬부피_접시_어묵볶음_Q1_00053.JPG</path>
	<source>
		<database>fooddata</database>
	</source>
	<size>
		<width>3008</width>
		<height>2000</height>
		<depth>3</depth>
	</size>
	<object>
		<name>ref_spoon</name>
		<bndbox>
			<xmin>217</xmin>
			<ymin>260</ymin>
			<xmax>548</xmax>
			<ymax>737</ymax>
		</bndbox>
	</object>
	<object>
		<name>ref_fork</name>
		<bndbox>
			<xmin>713</xmin>
			<ymin>260</ymin>
			<xmax>927</xmax>
			<ymax>796</ymax>
		</bndbox>
	</object>
	<object>
		<name>ref_coin</name>
		<bndbox>
			<xmin>2389</xmin>
			<ymin>1526</ymin>
			<xmax>2612</xmax>
			<ymax>1754</ymax>
		</bndbox>
	</object>
	<object>
		<name>dish</name>
		<bndbox>
			<xmin>1086</xmin>
			<ymin>152</ymin>
			<xmax>2600</xmax>
			<ymax>1663</ymax>
		</bndbox>
	</object>
	<object>
		<name>어묵볶음</name>
		<bndbox>
			<xmin>1342</xmin>
			<ymin>516</ymin>
			<xmax>2307</xmax>
			<ymax>1332</ymax>
		</bndbox>
	</object>
</annotation>