<annotation>
	<folder>top반찬부피접시어묵볶음q1</folder>
	<filename>top_반찬부피_접시_어묵볶음_Q1_00020.JPG</filename>
	<path>/top반찬부피접시어묵볶음q1/top_반찬부피_접시_어묵볶음_Q1_00020.JPG</path>
	<source>
		<database>fooddata</database>
	</source>
	<size>
		<width>3008</width>
		<height>2000</height>
		<depth>3</depth>
	</size>
	<object>
		<name>ref_spoon</name>
		<bndbox>
			<xmin>863</xmin>
			<ymin>1536</ymin>
			<xmax>1209</xmax>
			<ymax>1784</ymax>
		</bndbox>
	</object>
	<object>
		<name>ref_fork</name>
		<bndbox>
			<xmin>912</xmin>
			<ymin>1307</ymin>
			<xmax>1275</xmax>
			<ymax>1474</ymax>
		</bndbox>
	</object>
	<object>
		<name>ref_coin</name>
		<bndbox>
			<xmin>2303</xmin>
			<ymin>550</ymin>
			<xmax>2462</xmax>
			<ymax>713</ymax>
		</bndbox>
	</object>
	<object>
		<name>dish</name>
		<bndbox>
			<xmin>1054</xmin>
			<ymin>93</ymin>
			<xmax>2148</xmax>
			<ymax>1201</ymax>
		</bndbox>
	</object>
	<object>
		<name>어묵볶음</name>
		<bndbox>
			<xmin>1224</xmin>
			<ymin>332</ymin>
			<xmax>1875</xmax>
			<ymax>951</ymax>
		</bndbox>
	</object>
</annotation>