<annotation>
	<folder>top반찬부피접시어묵볶음q1</folder>
	<filename>top_반찬부피_접시_어묵볶음_Q1_00029.JPG</filename>
	<path>/top반찬부피접시어묵볶음q1/top_반찬부피_접시_어묵볶음_Q1_00029.JPG</path>
	<source>
		<database>fooddata</database>
	</source>
	<size>
		<width>3008</width>
		<height>2000</height>
		<depth>3</depth>
	</size>
	<object>
		<name>ref_spoon</name>
		<bndbox>
			<xmin>1027</xmin>
			<ymin>1627</ymin>
			<xmax>1391</xmax>
			<ymax>1885</ymax>
		</bndbox>
	</object>
	<object>
		<name>ref_fork</name>
		<bndbox>
			<xmin>1081</xmin>
			<ymin>1366</ymin>
			<xmax>1472</xmax>
			<ymax>1553</ymax>
		</bndbox>
	</object>
	<object>
		<name>ref_coin</name>
		<bndbox>
			<xmin>836</xmin>
			<ymin>609</ymin>
			<xmax>1013</xmax>
			<ymax>789</ymax>
		</bndbox>
	</object>
	<object>
		<name>dish</name>
		<bndbox>
			<xmin>1221</xmin>
			<ymin>98</ymin>
			<xmax>2406</xmax>
			<ymax>1292</ymax>
		</bndbox>
	</object>
	<object>
		<name>어묵볶음</name>
		<bndbox>
			<xmin>1499</xmin>
			<ymin>455</ymin>
			<xmax>2145</xmax>
			<ymax>1091</ymax>
		</bndbox>
	</object>
</annotation>