<annotation>
	<folder>top반찬부피접시어묵볶음q1</folder>
	<filename>top_반찬부피_접시_어묵볶음_Q1_00005.JPG</filename>
	<path>/top반찬부피접시어묵볶음q1/top_반찬부피_접시_어묵볶음_Q1_00005.JPG</path>
	<source>
		<database>fooddata</database>
	</source>
	<size>
		<width>3008</width>
		<height>2000</height>
		<depth>3</depth>
	</size>
	<object>
		<name>ref_spoon</name>
		<bndbox>
			<xmin>2015</xmin>
			<ymin>133</ymin>
			<xmax>2290</xmax>
			<ymax>550</ymax>
		</bndbox>
	</object>
	<object>
		<name>ref_fork</name>
		<bndbox>
			<xmin>2325</xmin>
			<ymin>133</ymin>
			<xmax>2533</xmax>
			<ymax>585</ymax>
		</bndbox>
	</object>
	<object>
		<name>ref_coin</name>
		<bndbox>
			<xmin>268</xmin>
			<ymin>1506</ymin>
			<xmax>484</xmax>
			<ymax>1717</ymax>
		</bndbox>
	</object>
	<object>
		<name>dish</name>
		<bndbox>
			<xmin>460</xmin>
			<ymin>194</ymin>
			<xmax>1843</xmax>
			<ymax>1563</ymax>
		</bndbox>
	</object>
	<object>
		<name>어묵볶음</name>
		<bndbox>
			<xmin>762</xmin>
			<ymin>469</ymin>
			<xmax>1551</xmax>
			<ymax>1233</ymax>
		</bndbox>
	</object>
</annotation>