<annotation>
	<folder>top반찬부피접시어묵볶음q1</folder>
	<filename>top_반찬부피_접시_어묵볶음_Q1_00006.JPG</filename>
	<path>/top반찬부피접시어묵볶음q1/top_반찬부피_접시_어묵볶음_Q1_00006.JPG</path>
	<source>
		<database>fooddata</database>
	</source>
	<size>
		<width>3008</width>
		<height>2000</height>
		<depth>3</depth>
	</size>
	<object>
		<name>ref_spoon</name>
		<bndbox>
			<xmin>2226</xmin>
			<ymin>224</ymin>
			<xmax>2511</xmax>
			<ymax>634</ymax>
		</bndbox>
	</object>
	<object>
		<name>ref_fork</name>
		<bndbox>
			<xmin>2543</xmin>
			<ymin>214</ymin>
			<xmax>2760</xmax>
			<ymax>686</ymax>
		</bndbox>
	</object>
	<object>
		<name>ref_coin</name>
		<bndbox>
			<xmin>101</xmin>
			<ymin>1170</ymin>
			<xmax>322</xmax>
			<ymax>1383</ymax>
		</bndbox>
	</object>
	<object>
		<name>dish</name>
		<bndbox>
			<xmin>661</xmin>
			<ymin>260</ymin>
			<xmax>2030</xmax>
			<ymax>1636</ymax>
		</bndbox>
	</object>
	<object>
		<name>어묵볶음</name>
		<bndbox>
			<xmin>986</xmin>
			<ymin>516</ymin>
			<xmax>1725</xmax>
			<ymax>1248</ymax>
		</bndbox>
	</object>
</annotation>