<annotation>
	<folder>top반찬부피접시어묵볶음q1</folder>
	<filename>top_반찬부피_접시_어묵볶음_Q1_00055.JPG</filename>
	<path>/top반찬부피접시어묵볶음q1/top_반찬부피_접시_어묵볶음_Q1_00055.JPG</path>
	<source>
		<database>fooddata</database>
	</source>
	<size>
		<width>3008</width>
		<height>2000</height>
		<depth>3</depth>
	</size>
	<object>
		<name>ref_spoon</name>
		<bndbox>
			<xmin>207</xmin>
			<ymin>295</ymin>
			<xmax>529</xmax>
			<ymax>767</ymax>
		</bndbox>
	</object>
	<object>
		<name>ref_fork</name>
		<bndbox>
			<xmin>681</xmin>
			<ymin>310</ymin>
			<xmax>892</xmax>
			<ymax>830</ymax>
		</bndbox>
	</object>
	<object>
		<name>ref_coin</name>
		<bndbox>
			<xmin>2435</xmin>
			<ymin>1408</ymin>
			<xmax>2659</xmax>
			<ymax>1639</ymax>
		</bndbox>
	</object>
	<object>
		<name>dish</name>
		<bndbox>
			<xmin>1042</xmin>
			<ymin>211</ymin>
			<xmax>2548</xmax>
			<ymax>1717</ymax>
		</bndbox>
	</object>
	<object>
		<name>어묵볶음</name>
		<bndbox>
			<xmin>1403</xmin>
			<ymin>577</ymin>
			<xmax>2278</xmax>
			<ymax>1332</ymax>
		</bndbox>
	</object>
</annotation>