<annotation>
	<folder>top반찬부피접시어묵볶음q1</folder>
	<filename>top_반찬부피_접시_어묵볶음_Q1_00050.JPG</filename>
	<path>/top반찬부피접시어묵볶음q1/top_반찬부피_접시_어묵볶음_Q1_00050.JPG</path>
	<source>
		<database>fooddata</database>
	</source>
	<size>
		<width>3008</width>
		<height>2000</height>
		<depth>3</depth>
	</size>
	<object>
		<name>ref_spoon</name>
		<bndbox>
			<xmin>357</xmin>
			<ymin>206</ymin>
			<xmax>671</xmax>
			<ymax>661</ymax>
		</bndbox>
	</object>
	<object>
		<name>ref_fork</name>
		<bndbox>
			<xmin>811</xmin>
			<ymin>219</ymin>
			<xmax>1030</xmax>
			<ymax>713</ymax>
		</bndbox>
	</object>
	<object>
		<name>ref_coin</name>
		<bndbox>
			<xmin>1730</xmin>
			<ymin>1688</ymin>
			<xmax>1954</xmax>
			<ymax>1919</ymax>
		</bndbox>
	</object>
	<object>
		<name>dish</name>
		<bndbox>
			<xmin>1180</xmin>
			<ymin>125</ymin>
			<xmax>2627</xmax>
			<ymax>1570</ymax>
		</bndbox>
	</object>
	<object>
		<name>어묵볶음</name>
		<bndbox>
			<xmin>1565</xmin>
			<ymin>489</ymin>
			<xmax>2347</xmax>
			<ymax>1160</ymax>
		</bndbox>
	</object>
</annotation>