<annotation>
	<folder>side주먹밥김밥류사각배달소고기김밥q4</folder>
	<filename>side_주먹밥김밥류_사각배달_소고기김밥_Q4_00005.JPG</filename>
	<path>/side주먹밥김밥류사각배달소고기김밥q4/side_주먹밥김밥류_사각배달_소고기김밥_Q4_00005.JPG</path>
	<source>
		<database>fooddata</database>
	</source>
	<size>
		<width>3008</width>
		<height>2000</height>
		<depth>3</depth>
	</size>
	<object>
		<name>ref_spoon</name>
		<bndbox>
			<xmin>2125</xmin>
			<ymin>614</ymin>
			<xmax>2405</xmax>
			<ymax>982</ymax>
		</bndbox>
	</object>
	<object>
		<name>ref_fork</name>
		<bndbox>
			<xmin>2516</xmin>
			<ymin>627</ymin>
			<xmax>2724</xmax>
			<ymax>1031</ymax>
		</bndbox>
	</object>
	<object>
		<name>ref_coin</name>
		<bndbox>
			<xmin>337</xmin>
			<ymin>862</ymin>
			<xmax>559</xmax>
			<ymax>1013</ymax>
		</bndbox>
	</object>
	<object>
		<name>dish</name>
		<bndbox>
			<xmin>484</xmin>
			<ymin>565</ymin>
			<xmax>1930</xmax>
			<ymax>1794</ymax>
		</bndbox>
	</object>
	<object>
		<name>소고기김밥</name>
		<bndbox>
			<xmin>824</xmin>
			<ymin>745</ymin>
			<xmax>1797</xmax>
			<ymax>1539</ymax>
		</bndbox>
	</object>
</annotation>