<annotation>
	<folder>side주먹밥김밥류사각배달소고기김밥q4</folder>
	<filename>side_주먹밥김밥류_사각배달_소고기김밥_Q4_00044.JPG</filename>
	<path>/side주먹밥김밥류사각배달소고기김밥q4/side_주먹밥김밥류_사각배달_소고기김밥_Q4_00044.JPG</path>
	<source>
		<database>fooddata</database>
	</source>
	<size>
		<width>3008</width>
		<height>2000</height>
		<depth>3</depth>
	</size>
	<object>
		<name>ref_spoon</name>
		<bndbox>
			<xmin>399</xmin>
			<ymin>667</ymin>
			<xmax>683</xmax>
			<ymax>1013</ymax>
		</bndbox>
	</object>
	<object>
		<name>ref_fork</name>
		<bndbox>
			<xmin>843</xmin>
			<ymin>641</ymin>
			<xmax>1051</xmax>
			<ymax>1044</ymax>
		</bndbox>
	</object>
	<object>
		<name>ref_coin</name>
		<bndbox>
			<xmin>1211</xmin>
			<ymin>840</ymin>
			<xmax>1420</xmax>
			<ymax>987</ymax>
		</bndbox>
	</object>
	<object>
		<name>dish</name>
		<bndbox>
			<xmin>1646</xmin>
			<ymin>490</ymin>
			<xmax>2604</xmax>
			<ymax>1603</ymax>
		</bndbox>
	</object>
	<object>
		<name>소고기김밥</name>
		<bndbox>
			<xmin>1690</xmin>
			<ymin>682</ymin>
			<xmax>2548</xmax>
			<ymax>1347</ymax>
		</bndbox>
	</object>
</annotation>