<annotation>
	<folder>side주먹밥김밥류사각배달소고기김밥q4</folder>
	<filename>side_주먹밥김밥류_사각배달_소고기김밥_Q4_00014.JPG</filename>
	<path>/side주먹밥김밥류사각배달소고기김밥q4/side_주먹밥김밥류_사각배달_소고기김밥_Q4_00014.JPG</path>
	<source>
		<database>fooddata</database>
	</source>
	<size>
		<width>3008</width>
		<height>2000</height>
		<depth>3</depth>
	</size>
	<object>
		<name>ref_spoon</name>
		<bndbox>
			<xmin>2103</xmin>
			<ymin>685</ymin>
			<xmax>2400</xmax>
			<ymax>1031</ymax>
		</bndbox>
	</object>
	<object>
		<name>ref_fork</name>
		<bndbox>
			<xmin>2511</xmin>
			<ymin>694</ymin>
			<xmax>2720</xmax>
			<ymax>1084</ymax>
		</bndbox>
	</object>
	<object>
		<name>ref_coin</name>
		<bndbox>
			<xmin>874</xmin>
			<ymin>1581</ymin>
			<xmax>1118</xmax>
			<ymax>1754</ymax>
		</bndbox>
	</object>
	<object>
		<name>dish</name>
		<bndbox>
			<xmin>421</xmin>
			<ymin>534</ymin>
			<xmax>1971</xmax>
			<ymax>1551</ymax>
		</bndbox>
	</object>
	<object>
		<name>소고기김밥</name>
		<bndbox>
			<xmin>562</xmin>
			<ymin>637</ymin>
			<xmax>1889</xmax>
			<ymax>1257</ymax>
		</bndbox>
	</object>
</annotation>