<annotation>
	<folder>side주먹밥김밥류사각배달소고기김밥q4</folder>
	<filename>side_주먹밥김밥류_사각배달_소고기김밥_Q4_00026.JPG</filename>
	<path>/side주먹밥김밥류사각배달소고기김밥q4/side_주먹밥김밥류_사각배달_소고기김밥_Q4_00026.JPG</path>
	<source>
		<database>fooddata</database>
	</source>
	<size>
		<width>3008</width>
		<height>2000</height>
		<depth>3</depth>
	</size>
	<object>
		<name>ref_spoon</name>
		<bndbox>
			<xmin>626</xmin>
			<ymin>1683</ymin>
			<xmax>1114</xmax>
			<ymax>1945</ymax>
		</bndbox>
	</object>
	<object>
		<name>ref_fork</name>
		<bndbox>
			<xmin>701</xmin>
			<ymin>1466</ymin>
			<xmax>1207</xmax>
			<ymax>1705</ymax>
		</bndbox>
	</object>
	<object>
		<name>ref_coin</name>
		<bndbox>
			<xmin>1925</xmin>
			<ymin>1231</ymin>
			<xmax>2143</xmax>
			<ymax>1390</ymax>
		</bndbox>
	</object>
	<object>
		<name>dish</name>
		<bndbox>
			<xmin>595</xmin>
			<ymin>543</ymin>
			<xmax>1921</xmax>
			<ymax>1240</ymax>
		</bndbox>
	</object>
	<object>
		<name>소고기김밥</name>
		<bndbox>
			<xmin>628</xmin>
			<ymin>619</ymin>
			<xmax>1860</xmax>
			<ymax>974</ymax>
		</bndbox>
	</object>
</annotation>