<annotation>
	<folder>side주먹밥김밥류사각배달소고기김밥q4</folder>
	<filename>side_주먹밥김밥류_사각배달_소고기김밥_Q4_00039.JPG</filename>
	<path>/side주먹밥김밥류사각배달소고기김밥q4/side_주먹밥김밥류_사각배달_소고기김밥_Q4_00039.JPG</path>
	<source>
		<database>fooddata</database>
	</source>
	<size>
		<width>3008</width>
		<height>2000</height>
		<depth>3</depth>
	</size>
	<object>
		<name>ref_spoon</name>
		<bndbox>
			<xmin>195</xmin>
			<ymin>805</ymin>
			<xmax>479</xmax>
			<ymax>1151</ymax>
		</bndbox>
	</object>
	<object>
		<name>ref_fork</name>
		<bndbox>
			<xmin>639</xmin>
			<ymin>787</ymin>
			<xmax>843</xmax>
			<ymax>1177</ymax>
		</bndbox>
	</object>
	<object>
		<name>ref_coin</name>
		<bndbox>
			<xmin>2493</xmin>
			<ymin>1111</ymin>
			<xmax>2706</xmax>
			<ymax>1266</ymax>
		</bndbox>
	</object>
	<object>
		<name>dish</name>
		<bndbox>
			<xmin>1087</xmin>
			<ymin>689</ymin>
			<xmax>2037</xmax>
			<ymax>1776</ymax>
		</bndbox>
	</object>
	<object>
		<name>소고기김밥</name>
		<bndbox>
			<xmin>1161</xmin>
			<ymin>741</ymin>
			<xmax>1974</xmax>
			<ymax>1525</ymax>
		</bndbox>
	</object>
</annotation>