<annotation>
	<folder>top주먹밥김밥류사각배달소고기김밥q4</folder>
	<filename>top_주먹밥김밥류_사각배달_소고기김밥_Q4_00044.JPG</filename>
	<path>/top주먹밥김밥류사각배달소고기김밥q4/top_주먹밥김밥류_사각배달_소고기김밥_Q4_00044.JPG</path>
	<source>
		<database>fooddata</database>
	</source>
	<size>
		<width>3008</width>
		<height>2000</height>
		<depth>3</depth>
	</size>
	<object>
		<name>ref_spoon</name>
		<bndbox>
			<xmin>511</xmin>
			<ymin>284</ymin>
			<xmax>753</xmax>
			<ymax>651</ymax>
		</bndbox>
	</object>
	<object>
		<name>ref_fork</name>
		<bndbox>
			<xmin>878</xmin>
			<ymin>388</ymin>
			<xmax>1033</xmax>
			<ymax>792</ymax>
		</bndbox>
	</object>
	<object>
		<name>ref_coin</name>
		<bndbox>
			<xmin>1129</xmin>
			<ymin>893</ymin>
			<xmax>1296</xmax>
			<ymax>1065</ymax>
		</bndbox>
	</object>
	<object>
		<name>dish</name>
		<bndbox>
			<xmin>1355</xmin>
			<ymin>667</ymin>
			<xmax>2541</xmax>
			<ymax>1420</ymax>
		</bndbox>
	</object>
	<object>
		<name>소고기김밥</name>
		<bndbox>
			<xmin>1397</xmin>
			<ymin>705</ymin>
			<xmax>2506</xmax>
			<ymax>1349</ymax>
		</bndbox>
	</object>
</annotation>