<annotation>
	<folder>top주먹밥김밥류사각배달소고기김밥q4</folder>
	<filename>top_주먹밥김밥류_사각배달_소고기김밥_Q4_00023.JPG</filename>
	<path>/top주먹밥김밥류사각배달소고기김밥q4/top_주먹밥김밥류_사각배달_소고기김밥_Q4_00023.JPG</path>
	<source>
		<database>fooddata</database>
	</source>
	<size>
		<width>3008</width>
		<height>2000</height>
		<depth>3</depth>
	</size>
	<object>
		<name>ref_spoon</name>
		<bndbox>
			<xmin>798</xmin>
			<ymin>1687</ymin>
			<xmax>1138</xmax>
			<ymax>1911</ymax>
		</bndbox>
	</object>
	<object>
		<name>ref_fork</name>
		<bndbox>
			<xmin>812</xmin>
			<ymin>1417</ymin>
			<xmax>1181</xmax>
			<ymax>1584</ymax>
		</bndbox>
	</object>
	<object>
		<name>ref_coin</name>
		<bndbox>
			<xmin>1183</xmin>
			<ymin>1196</ymin>
			<xmax>1333</xmax>
			<ymax>1351</ymax>
		</bndbox>
	</object>
	<object>
		<name>dish</name>
		<bndbox>
			<xmin>1162</xmin>
			<ymin>110</ymin>
			<xmax>1921</xmax>
			<ymax>1192</ymax>
		</bndbox>
	</object>
	<object>
		<name>소고기김밥</name>
		<bndbox>
			<xmin>1232</xmin>
			<ymin>200</ymin>
			<xmax>1874</xmax>
			<ymax>1137</ymax>
		</bndbox>
	</object>
</annotation>