<annotation>
	<folder>top주먹밥김밥류사각배달소고기김밥q4</folder>
	<filename>top_주먹밥김밥류_사각배달_소고기김밥_Q4_00029.JPG</filename>
	<path>/top주먹밥김밥류사각배달소고기김밥q4/top_주먹밥김밥류_사각배달_소고기김밥_Q4_00029.JPG</path>
	<source>
		<database>fooddata</database>
	</source>
	<size>
		<width>3008</width>
		<height>2000</height>
		<depth>3</depth>
	</size>
	<object>
		<name>ref_spoon</name>
		<bndbox>
			<xmin>807</xmin>
			<ymin>1589</ymin>
			<xmax>1150</xmax>
			<ymax>1817</ymax>
		</bndbox>
	</object>
	<object>
		<name>ref_fork</name>
		<bndbox>
			<xmin>819</xmin>
			<ymin>1323</ymin>
			<xmax>1185</xmax>
			<ymax>1490</ymax>
		</bndbox>
	</object>
	<object>
		<name>ref_coin</name>
		<bndbox>
			<xmin>1942</xmin>
			<ymin>905</ymin>
			<xmax>2095</xmax>
			<ymax>1062</ymax>
		</bndbox>
	</object>
	<object>
		<name>dish</name>
		<bndbox>
			<xmin>1000</xmin>
			<ymin>172</ymin>
			<xmax>1648</xmax>
			<ymax>1210</ymax>
		</bndbox>
	</object>
	<object>
		<name>소고기김밥</name>
		<bndbox>
			<xmin>1058</xmin>
			<ymin>230</ymin>
			<xmax>1618</xmax>
			<ymax>1137</ymax>
		</bndbox>
	</object>
</annotation>