<annotation>
	<folder>top주먹밥김밥류사각배달소고기김밥q4</folder>
	<filename>top_주먹밥김밥류_사각배달_소고기김밥_Q4_00005.JPG</filename>
	<path>/top주먹밥김밥류사각배달소고기김밥q4/top_주먹밥김밥류_사각배달_소고기김밥_Q4_00005.JPG</path>
	<source>
		<database>fooddata</database>
	</source>
	<size>
		<width>3008</width>
		<height>2000</height>
		<depth>3</depth>
	</size>
	<object>
		<name>ref_spoon</name>
		<bndbox>
			<xmin>2031</xmin>
			<ymin>416</ymin>
			<xmax>2285</xmax>
			<ymax>801</ymax>
		</bndbox>
	</object>
	<object>
		<name>ref_fork</name>
		<bndbox>
			<xmin>2391</xmin>
			<ymin>468</ymin>
			<xmax>2553</xmax>
			<ymax>886</ymax>
		</bndbox>
	</object>
	<object>
		<name>ref_coin</name>
		<bndbox>
			<xmin>621</xmin>
			<ymin>1173</ymin>
			<xmax>798</xmax>
			<ymax>1351</ymax>
		</bndbox>
	</object>
	<object>
		<name>dish</name>
		<bndbox>
			<xmin>960</xmin>
			<ymin>461</ymin>
			<xmax>1705</xmax>
			<ymax>1669</ymax>
		</bndbox>
	</object>
	<object>
		<name>소고기김밥</name>
		<bndbox>
			<xmin>986</xmin>
			<ymin>512</ymin>
			<xmax>1679</xmax>
			<ymax>1638</ymax>
		</bndbox>
	</object>
</annotation>