<annotation>
	<folder>top주먹밥김밥류사각배달소고기김밥q4</folder>
	<filename>top_주먹밥김밥류_사각배달_소고기김밥_Q4_00016.JPG</filename>
	<path>/top주먹밥김밥류사각배달소고기김밥q4/top_주먹밥김밥류_사각배달_소고기김밥_Q4_00016.JPG</path>
	<source>
		<database>fooddata</database>
	</source>
	<size>
		<width>3008</width>
		<height>2000</height>
		<depth>3</depth>
	</size>
	<object>
		<name>ref_spoon</name>
		<bndbox>
			<xmin>1982</xmin>
			<ymin>329</ymin>
			<xmax>2241</xmax>
			<ymax>705</ymax>
		</bndbox>
	</object>
	<object>
		<name>ref_fork</name>
		<bndbox>
			<xmin>2344</xmin>
			<ymin>378</ymin>
			<xmax>2513</xmax>
			<ymax>794</ymax>
		</bndbox>
	</object>
	<object>
		<name>ref_coin</name>
		<bndbox>
			<xmin>990</xmin>
			<ymin>1462</ymin>
			<xmax>1171</xmax>
			<ymax>1645</ymax>
		</bndbox>
	</object>
	<object>
		<name>dish</name>
		<bndbox>
			<xmin>483</xmin>
			<ymin>454</ymin>
			<xmax>1756</xmax>
			<ymax>1344</ymax>
		</bndbox>
	</object>
	<object>
		<name>소고기김밥</name>
		<bndbox>
			<xmin>588</xmin>
			<ymin>512</ymin>
			<xmax>1731</xmax>
			<ymax>1278</ymax>
		</bndbox>
	</object>
</annotation>