<annotation>
	<folder>top주먹밥김밥류사각배달소고기김밥q4</folder>
	<filename>top_주먹밥김밥류_사각배달_소고기김밥_Q4_00012.JPG</filename>
	<path>/top주먹밥김밥류사각배달소고기김밥q4/top_주먹밥김밥류_사각배달_소고기김밥_Q4_00012.JPG</path>
	<source>
		<database>fooddata</database>
	</source>
	<size>
		<width>3008</width>
		<height>2000</height>
		<depth>3</depth>
	</size>
	<object>
		<name>ref_spoon</name>
		<bndbox>
			<xmin>2010</xmin>
			<ymin>383</ymin>
			<xmax>2266</xmax>
			<ymax>764</ymax>
		</bndbox>
	</object>
	<object>
		<name>ref_fork</name>
		<bndbox>
			<xmin>2375</xmin>
			<ymin>439</ymin>
			<xmax>2537</xmax>
			<ymax>853</ymax>
		</bndbox>
	</object>
	<object>
		<name>ref_coin</name>
		<bndbox>
			<xmin>1726</xmin>
			<ymin>848</ymin>
			<xmax>1902</xmax>
			<ymax>1025</ymax>
		</bndbox>
	</object>
	<object>
		<name>dish</name>
		<bndbox>
			<xmin>494</xmin>
			<ymin>301</ymin>
			<xmax>1446</xmax>
			<ymax>1626</ymax>
		</bndbox>
	</object>
	<object>
		<name>소고기김밥</name>
		<bndbox>
			<xmin>558</xmin>
			<ymin>362</ymin>
			<xmax>1423</xmax>
			<ymax>1490</ymax>
		</bndbox>
	</object>
</annotation>