<annotation>
	<folder>side비빔밥덮밥류접시류산슬덮밥q4</folder>
	<filename>side_비빔밥덮밥류_접시_류산슬덮밥_Q4_00024.JPG</filename>
	<path>/side비빔밥덮밥류접시류산슬덮밥q4/side_비빔밥덮밥류_접시_류산슬덮밥_Q4_00024.JPG</path>
	<source>
		<database>fooddata</database>
	</source>
	<size>
		<width>3008</width>
		<height>2000</height>
		<depth>3</depth>
	</size>
	<object>
		<name>ref_spoon</name>
		<bndbox>
			<xmin>681</xmin>
			<ymin>1612</ymin>
			<xmax>1165</xmax>
			<ymax>1853</ymax>
		</bndbox>
	</object>
	<object>
		<name>ref_fork</name>
		<bndbox>
			<xmin>712</xmin>
			<ymin>1373</ymin>
			<xmax>1220</xmax>
			<ymax>1602</ymax>
		</bndbox>
	</object>
	<object>
		<name>ref_coin</name>
		<bndbox>
			<xmin>1950</xmin>
			<ymin>182</ymin>
			<xmax>2117</xmax>
			<ymax>287</ymax>
		</bndbox>
	</object>
	<object>
		<name>dish</name>
		<bndbox>
			<xmin>788</xmin>
			<ymin>276</ymin>
			<xmax>1963</xmax>
			<ymax>1335</ymax>
		</bndbox>
	</object>
	<object>
		<name>류산슬덮밥</name>
		<bndbox>
			<xmin>879</xmin>
			<ymin>425</ymin>
			<xmax>1882</xmax>
			<ymax>944</ymax>
		</bndbox>
	</object>
</annotation>