<annotation>
	<folder>side비빔밥덮밥류접시류산슬덮밥q4</folder>
	<filename>side_비빔밥덮밥류_접시_류산슬덮밥_Q4_00044.JPG</filename>
	<path>/side비빔밥덮밥류접시류산슬덮밥q4/side_비빔밥덮밥류_접시_류산슬덮밥_Q4_00044.JPG</path>
	<source>
		<database>fooddata</database>
	</source>
	<size>
		<width>3008</width>
		<height>2000</height>
		<depth>3</depth>
	</size>
	<object>
		<name>ref_spoon</name>
		<bndbox>
			<xmin>214</xmin>
			<ymin>637</ymin>
			<xmax>527</xmax>
			<ymax>1063</ymax>
		</bndbox>
	</object>
	<object>
		<name>ref_fork</name>
		<bndbox>
			<xmin>667</xmin>
			<ymin>669</ymin>
			<xmax>876</xmax>
			<ymax>1146</ymax>
		</bndbox>
	</object>
	<object>
		<name>ref_coin</name>
		<bndbox>
			<xmin>2009</xmin>
			<ymin>153</ymin>
			<xmax>2209</xmax>
			<ymax>282</ymax>
		</bndbox>
	</object>
	<object>
		<name>dish</name>
		<bndbox>
			<xmin>994</xmin>
			<ymin>484</ymin>
			<xmax>2485</xmax>
			<ymax>1835</ymax>
		</bndbox>
	</object>
	<object>
		<name>류산슬덮밥</name>
		<bndbox>
			<xmin>1091</xmin>
			<ymin>788</ymin>
			<xmax>2371</xmax>
			<ymax>1334</ymax>
		</bndbox>
	</object>
</annotation>