<annotation>
	<folder>side비빔밥덮밥류접시류산슬덮밥q4</folder>
	<filename>side_비빔밥덮밥류_접시_류산슬덮밥_Q4_00037.JPG</filename>
	<path>/side비빔밥덮밥류접시류산슬덮밥q4/side_비빔밥덮밥류_접시_류산슬덮밥_Q4_00037.JPG</path>
	<source>
		<database>fooddata</database>
	</source>
	<size>
		<width>3008</width>
		<height>2000</height>
		<depth>3</depth>
	</size>
	<object>
		<name>ref_spoon</name>
		<bndbox>
			<xmin>347</xmin>
			<ymin>483</ymin>
			<xmax>656</xmax>
			<ymax>903</ymax>
		</bndbox>
	</object>
	<object>
		<name>ref_fork</name>
		<bndbox>
			<xmin>796</xmin>
			<ymin>515</ymin>
			<xmax>1002</xmax>
			<ymax>995</ymax>
		</bndbox>
	</object>
	<object>
		<name>ref_coin</name>
		<bndbox>
			<xmin>1918</xmin>
			<ymin>1690</ymin>
			<xmax>2170</xmax>
			<ymax>1866</ymax>
		</bndbox>
	</object>
	<object>
		<name>dish</name>
		<bndbox>
			<xmin>1226</xmin>
			<ymin>224</ymin>
			<xmax>2691</xmax>
			<ymax>1538</ymax>
		</bndbox>
	</object>
	<object>
		<name>류산슬덮밥</name>
		<bndbox>
			<xmin>1330</xmin>
			<ymin>483</ymin>
			<xmax>2597</xmax>
			<ymax>1059</ymax>
		</bndbox>
	</object>
</annotation>