<annotation>
	<folder>side비빔밥덮밥류접시류산슬덮밥q4</folder>
	<filename>side_비빔밥덮밥류_접시_류산슬덮밥_Q4_00020.JPG</filename>
	<path>/side비빔밥덮밥류접시류산슬덮밥q4/side_비빔밥덮밥류_접시_류산슬덮밥_Q4_00020.JPG</path>
	<source>
		<database>fooddata</database>
	</source>
	<size>
		<width>3008</width>
		<height>2000</height>
		<depth>3</depth>
	</size>
	<object>
		<name>ref_spoon</name>
		<bndbox>
			<xmin>614</xmin>
			<ymin>1610</ymin>
			<xmax>1137</xmax>
			<ymax>1877</ymax>
		</bndbox>
	</object>
	<object>
		<name>ref_fork</name>
		<bndbox>
			<xmin>659</xmin>
			<ymin>1346</ymin>
			<xmax>1211</xmax>
			<ymax>1606</ymax>
		</bndbox>
	</object>
	<object>
		<name>ref_coin</name>
		<bndbox>
			<xmin>477</xmin>
			<ymin>771</ymin>
			<xmax>681</xmax>
			<ymax>911</ymax>
		</bndbox>
	</object>
	<object>
		<name>dish</name>
		<bndbox>
			<xmin>877</xmin>
			<ymin>159</ymin>
			<xmax>2149</xmax>
			<ymax>1318</ymax>
		</bndbox>
	</object>
	<object>
		<name>류산슬덮밥</name>
		<bndbox>
			<xmin>955</xmin>
			<ymin>322</ymin>
			<xmax>2065</xmax>
			<ymax>907</ymax>
		</bndbox>
	</object>
</annotation>