<annotation>
	<folder>side비빔밥덮밥류접시류산슬덮밥q4</folder>
	<filename>side_비빔밥덮밥류_접시_류산슬덮밥_Q4_00042.JPG</filename>
	<path>/side비빔밥덮밥류접시류산슬덮밥q4/side_비빔밥덮밥류_접시_류산슬덮밥_Q4_00042.JPG</path>
	<source>
		<database>fooddata</database>
	</source>
	<size>
		<width>3008</width>
		<height>2000</height>
		<depth>3</depth>
	</size>
	<object>
		<name>ref_spoon</name>
		<bndbox>
			<xmin>256</xmin>
			<ymin>515</ymin>
			<xmax>529</xmax>
			<ymax>902</ymax>
		</bndbox>
	</object>
	<object>
		<name>ref_fork</name>
		<bndbox>
			<xmin>659</xmin>
			<ymin>534</ymin>
			<xmax>843</xmax>
			<ymax>961</ymax>
		</bndbox>
	</object>
	<object>
		<name>ref_coin</name>
		<bndbox>
			<xmin>2672</xmin>
			<ymin>910</ymin>
			<xmax>2879</xmax>
			<ymax>1047</ymax>
		</bndbox>
	</object>
	<object>
		<name>dish</name>
		<bndbox>
			<xmin>922</xmin>
			<ymin>233</ymin>
			<xmax>2198</xmax>
			<ymax>1386</ymax>
		</bndbox>
	</object>
	<object>
		<name>류산슬덮밥</name>
		<bndbox>
			<xmin>1012</xmin>
			<ymin>400</ymin>
			<xmax>2108</xmax>
			<ymax>952</ymax>
		</bndbox>
	</object>
</annotation>