<annotation>
	<folder>top비빔밥덮밥류접시류산슬덮밥q4</folder>
	<filename>top_비빔밥덮밥류_접시_류산슬덮밥_Q4_00044.JPG</filename>
	<path>/top비빔밥덮밥류접시류산슬덮밥q4/top_비빔밥덮밥류_접시_류산슬덮밥_Q4_00044.JPG</path>
	<source>
		<database>fooddata</database>
	</source>
	<size>
		<width>3008</width>
		<height>2000</height>
		<depth>3</depth>
	</size>
	<object>
		<name>ref_spoon</name>
		<bndbox>
			<xmin>638</xmin>
			<ymin>347</ymin>
			<xmax>901</xmax>
			<ymax>741</ymax>
		</bndbox>
	</object>
	<object>
		<name>ref_fork</name>
		<bndbox>
			<xmin>954</xmin>
			<ymin>404</ymin>
			<xmax>1132</xmax>
			<ymax>851</ymax>
		</bndbox>
	</object>
	<object>
		<name>ref_coin</name>
		<bndbox>
			<xmin>333</xmin>
			<ymin>826</ymin>
			<xmax>525</xmax>
			<ymax>1007</ymax>
		</bndbox>
	</object>
	<object>
		<name>dish</name>
		<bndbox>
			<xmin>1284</xmin>
			<ymin>525</ymin>
			<xmax>2501</xmax>
			<ymax>1695</ymax>
		</bndbox>
	</object>
	<object>
		<name>류산슬덮밥</name>
		<bndbox>
			<xmin>1334</xmin>
			<ymin>603</ymin>
			<xmax>2416</xmax>
			<ymax>1656</ymax>
		</bndbox>
	</object>
</annotation>