<annotation>
	<folder>top비빔밥덮밥류접시류산슬덮밥q4</folder>
	<filename>top_비빔밥덮밥류_접시_류산슬덮밥_Q4_00012.JPG</filename>
	<path>/top비빔밥덮밥류접시류산슬덮밥q4/top_비빔밥덮밥류_접시_류산슬덮밥_Q4_00012.JPG</path>
	<source>
		<database>fooddata</database>
	</source>
	<size>
		<width>3008</width>
		<height>2000</height>
		<depth>3</depth>
	</size>
	<object>
		<name>ref_spoon</name>
		<bndbox>
			<xmin>1756</xmin>
			<ymin>461</ymin>
			<xmax>2008</xmax>
			<ymax>840</ymax>
		</bndbox>
	</object>
	<object>
		<name>ref_fork</name>
		<bndbox>
			<xmin>2047</xmin>
			<ymin>525</ymin>
			<xmax>2224</xmax>
			<ymax>954</ymax>
		</bndbox>
	</object>
	<object>
		<name>ref_coin</name>
		<bndbox>
			<xmin>1994</xmin>
			<ymin>159</ymin>
			<xmax>2178</xmax>
			<ymax>337</ymax>
		</bndbox>
	</object>
	<object>
		<name>dish</name>
		<bndbox>
			<xmin>234</xmin>
			<ymin>301</ymin>
			<xmax>1405</xmax>
			<ymax>1443</ymax>
		</bndbox>
	</object>
	<object>
		<name>류산슬덮밥</name>
		<bndbox>
			<xmin>341</xmin>
			<ymin>440</ymin>
			<xmax>1366</xmax>
			<ymax>1390</ymax>
		</bndbox>
	</object>
</annotation>