<annotation>
	<folder>top비빔밥덮밥류접시류산슬덮밥q4</folder>
	<filename>top_비빔밥덮밥류_접시_류산슬덮밥_Q4_00020.JPG</filename>
	<path>/top비빔밥덮밥류접시류산슬덮밥q4/top_비빔밥덮밥류_접시_류산슬덮밥_Q4_00020.JPG</path>
	<source>
		<database>fooddata</database>
	</source>
	<size>
		<width>3008</width>
		<height>2000</height>
		<depth>3</depth>
	</size>
	<object>
		<name>ref_spoon</name>
		<bndbox>
			<xmin>635</xmin>
			<ymin>1536</ymin>
			<xmax>1029</xmax>
			<ymax>1798</ymax>
		</bndbox>
	</object>
	<object>
		<name>ref_fork</name>
		<bndbox>
			<xmin>717</xmin>
			<ymin>1287</ymin>
			<xmax>1153</xmax>
			<ymax>1475</ymax>
		</bndbox>
	</object>
	<object>
		<name>ref_coin</name>
		<bndbox>
			<xmin>837</xmin>
			<ymin>56</ymin>
			<xmax>1004</xmax>
			<ymax>220</ymax>
		</bndbox>
	</object>
	<object>
		<name>dish</name>
		<bndbox>
			<xmin>1022</xmin>
			<ymin>181</ymin>
			<xmax>2128</xmax>
			<ymax>1266</ymax>
		</bndbox>
	</object>
	<object>
		<name>류산슬덮밥</name>
		<bndbox>
			<xmin>1093</xmin>
			<ymin>283</ymin>
			<xmax>2057</xmax>
			<ymax>1213</ymax>
		</bndbox>
	</object>
</annotation>