<annotation>
	<folder>top비빔밥덮밥류접시류산슬덮밥q4</folder>
	<filename>top_비빔밥덮밥류_접시_류산슬덮밥_Q4_00043.JPG</filename>
	<path>/top비빔밥덮밥류접시류산슬덮밥q4/top_비빔밥덮밥류_접시_류산슬덮밥_Q4_00043.JPG</path>
	<source>
		<database>fooddata</database>
	</source>
	<size>
		<width>3008</width>
		<height>2000</height>
		<depth>3</depth>
	</size>
	<object>
		<name>ref_spoon</name>
		<bndbox>
			<xmin>635</xmin>
			<ymin>340</ymin>
			<xmax>894</xmax>
			<ymax>730</ymax>
		</bndbox>
	</object>
	<object>
		<name>ref_fork</name>
		<bndbox>
			<xmin>947</xmin>
			<ymin>401</ymin>
			<xmax>1124</xmax>
			<ymax>844</ymax>
		</bndbox>
	</object>
	<object>
		<name>ref_coin</name>
		<bndbox>
			<xmin>440</xmin>
			<ymin>620</ymin>
			<xmax>621</xmax>
			<ymax>801</ymax>
		</bndbox>
	</object>
	<object>
		<name>dish</name>
		<bndbox>
			<xmin>1277</xmin>
			<ymin>510</ymin>
			<xmax>2497</xmax>
			<ymax>1688</ymax>
		</bndbox>
	</object>
	<object>
		<name>류산슬덮밥</name>
		<bndbox>
			<xmin>1337</xmin>
			<ymin>596</ymin>
			<xmax>2416</xmax>
			<ymax>1649</ymax>
		</bndbox>
	</object>
</annotation>