<annotation>
	<folder>top비빔밥덮밥류접시류산슬덮밥q4</folder>
	<filename>top_비빔밥덮밥류_접시_류산슬덮밥_Q4_00027.JPG</filename>
	<path>/top비빔밥덮밥류접시류산슬덮밥q4/top_비빔밥덮밥류_접시_류산슬덮밥_Q4_00027.JPG</path>
	<source>
		<database>fooddata</database>
	</source>
	<size>
		<width>3008</width>
		<height>2000</height>
		<depth>3</depth>
	</size>
	<object>
		<name>ref_spoon</name>
		<bndbox>
			<xmin>465</xmin>
			<ymin>1525</ymin>
			<xmax>866</xmax>
			<ymax>1798</ymax>
		</bndbox>
	</object>
	<object>
		<name>ref_fork</name>
		<bndbox>
			<xmin>536</xmin>
			<ymin>1266</ymin>
			<xmax>972</xmax>
			<ymax>1454</ymax>
		</bndbox>
	</object>
	<object>
		<name>ref_coin</name>
		<bndbox>
			<xmin>2075</xmin>
			<ymin>1209</ymin>
			<xmax>2256</xmax>
			<ymax>1390</ymax>
		</bndbox>
	</object>
	<object>
		<name>dish</name>
		<bndbox>
			<xmin>823</xmin>
			<ymin>71</ymin>
			<xmax>1986</xmax>
			<ymax>1188</ymax>
		</bndbox>
	</object>
	<object>
		<name>류산슬덮밥</name>
		<bndbox>
			<xmin>901</xmin>
			<ymin>213</ymin>
			<xmax>1930</xmax>
			<ymax>1138</ymax>
		</bndbox>
	</object>
</annotation>