<annotation>
	<folder>side주먹밥김밥류사각배달소고기김밥q5</folder>
	<filename>side_주먹밥김밥류_사각배달_소고기김밥_Q5_00030.JPG</filename>
	<path>/side주먹밥김밥류사각배달소고기김밥q5/side_주먹밥김밥류_사각배달_소고기김밥_Q5_00030.JPG</path>
	<source>
		<database>fooddata</database>
	</source>
	<size>
		<width>3008</width>
		<height>2000</height>
		<depth>3</depth>
	</size>
	<object>
		<name>ref_spoon</name>
		<bndbox>
			<xmin>577</xmin>
			<ymin>1532</ymin>
			<xmax>1069</xmax>
			<ymax>1794</ymax>
		</bndbox>
	</object>
	<object>
		<name>ref_fork</name>
		<bndbox>
			<xmin>639</xmin>
			<ymin>1288</ymin>
			<xmax>1167</xmax>
			<ymax>1528</ymax>
		</bndbox>
	</object>
	<object>
		<name>ref_coin</name>
		<bndbox>
			<xmin>2169</xmin>
			<ymin>805</ymin>
			<xmax>2388</xmax>
			<ymax>951</ymax>
		</bndbox>
	</object>
	<object>
		<name>dish</name>
		<bndbox>
			<xmin>976</xmin>
			<ymin>175</ymin>
			<xmax>1944</xmax>
			<ymax>1230</ymax>
		</bndbox>
	</object>
	<object>
		<name>소고기김밥</name>
		<bndbox>
			<xmin>1020</xmin>
			<ymin>223</ymin>
			<xmax>1891</xmax>
			<ymax>971</ymax>
		</bndbox>
	</object>
</annotation>