<annotation>
	<folder>side주먹밥김밥류사각배달소고기김밥q5</folder>
	<filename>side_주먹밥김밥류_사각배달_소고기김밥_Q5_00033.JPG</filename>
	<path>/side주먹밥김밥류사각배달소고기김밥q5/side_주먹밥김밥류_사각배달_소고기김밥_Q5_00033.JPG</path>
	<source>
		<database>fooddata</database>
	</source>
	<size>
		<width>3008</width>
		<height>2000</height>
		<depth>3</depth>
	</size>
	<object>
		<name>ref_spoon</name>
		<bndbox>
			<xmin>488</xmin>
			<ymin>1466</ymin>
			<xmax>1007</xmax>
			<ymax>1732</ymax>
		</bndbox>
	</object>
	<object>
		<name>ref_fork</name>
		<bndbox>
			<xmin>555</xmin>
			<ymin>1226</ymin>
			<xmax>1083</xmax>
			<ymax>1461</ymax>
		</bndbox>
	</object>
	<object>
		<name>ref_coin</name>
		<bndbox>
			<xmin>2276</xmin>
			<ymin>632</ymin>
			<xmax>2493</xmax>
			<ymax>778</ymax>
		</bndbox>
	</object>
	<object>
		<name>dish</name>
		<bndbox>
			<xmin>546</xmin>
			<ymin>166</ymin>
			<xmax>2041</xmax>
			<ymax>1053</ymax>
		</bndbox>
	</object>
	<object>
		<name>소고기김밥</name>
		<bndbox>
			<xmin>677</xmin>
			<ymin>253</ymin>
			<xmax>1983</xmax>
			<ymax>787</ymax>
		</bndbox>
	</object>
</annotation>