<annotation>
	<folder>side주먹밥김밥류사각배달소고기김밥q5</folder>
	<filename>side_주먹밥김밥류_사각배달_소고기김밥_Q5_00002.JPG</filename>
	<path>/side주먹밥김밥류사각배달소고기김밥q5/side_주먹밥김밥류_사각배달_소고기김밥_Q5_00002.JPG</path>
	<source>
		<database>fooddata</database>
	</source>
	<size>
		<width>3008</width>
		<height>2000</height>
		<depth>3</depth>
	</size>
	<object>
		<name>ref_spoon</name>
		<bndbox>
			<xmin>1828</xmin>
			<ymin>592</ymin>
			<xmax>2116</xmax>
			<ymax>942</ymax>
		</bndbox>
	</object>
	<object>
		<name>ref_fork</name>
		<bndbox>
			<xmin>2227</xmin>
			<ymin>605</ymin>
			<xmax>2436</xmax>
			<ymax>996</ymax>
		</bndbox>
	</object>
	<object>
		<name>ref_coin</name>
		<bndbox>
			<xmin>657</xmin>
			<ymin>1691</ymin>
			<xmax>909</xmax>
			<ymax>1870</ymax>
		</bndbox>
	</object>
	<object>
		<name>dish</name>
		<bndbox>
			<xmin>189</xmin>
			<ymin>523</ymin>
			<xmax>1749</xmax>
			<ymax>1617</ymax>
		</bndbox>
	</object>
	<object>
		<name>소고기김밥</name>
		<bndbox>
			<xmin>314</xmin>
			<ymin>571</ymin>
			<xmax>1645</xmax>
			<ymax>1350</ymax>
		</bndbox>
	</object>
</annotation>