<annotation>
	<folder>side주먹밥김밥류사각배달소고기김밥q5</folder>
	<filename>side_주먹밥김밥류_사각배달_소고기김밥_Q5_00034.JPG</filename>
	<path>/side주먹밥김밥류사각배달소고기김밥q5/side_주먹밥김밥류_사각배달_소고기김밥_Q5_00034.JPG</path>
	<source>
		<database>fooddata</database>
	</source>
	<size>
		<width>3008</width>
		<height>2000</height>
		<depth>3</depth>
	</size>
	<object>
		<name>ref_spoon</name>
		<bndbox>
			<xmin>679</xmin>
			<ymin>716</ymin>
			<xmax>967</xmax>
			<ymax>1067</ymax>
		</bndbox>
	</object>
	<object>
		<name>ref_fork</name>
		<bndbox>
			<xmin>1051</xmin>
			<ymin>778</ymin>
			<xmax>1256</xmax>
			<ymax>1173</ymax>
		</bndbox>
	</object>
	<object>
		<name>ref_coin</name>
		<bndbox>
			<xmin>1154</xmin>
			<ymin>1732</ymin>
			<xmax>1393</xmax>
			<ymax>1898</ymax>
		</bndbox>
	</object>
	<object>
		<name>dish</name>
		<bndbox>
			<xmin>1531</xmin>
			<ymin>626</ymin>
			<xmax>2392</xmax>
			<ymax>1680</ymax>
		</bndbox>
	</object>
	<object>
		<name>소고기김밥</name>
		<bndbox>
			<xmin>1579</xmin>
			<ymin>752</ymin>
			<xmax>2366</xmax>
			<ymax>1425</ymax>
		</bndbox>
	</object>
</annotation>