<annotation>
	<folder>side주먹밥김밥류사각배달소고기김밥q5</folder>
	<filename>side_주먹밥김밥류_사각배달_소고기김밥_Q5_00041.JPG</filename>
	<path>/side주먹밥김밥류사각배달소고기김밥q5/side_주먹밥김밥류_사각배달_소고기김밥_Q5_00041.JPG</path>
	<source>
		<database>fooddata</database>
	</source>
	<size>
		<width>3008</width>
		<height>2000</height>
		<depth>3</depth>
	</size>
	<object>
		<name>ref_spoon</name>
		<bndbox>
			<xmin>359</xmin>
			<ymin>468</ymin>
			<xmax>652</xmax>
			<ymax>818</ymax>
		</bndbox>
	</object>
	<object>
		<name>ref_fork</name>
		<bndbox>
			<xmin>750</xmin>
			<ymin>508</ymin>
			<xmax>949</xmax>
			<ymax>907</ymax>
		</bndbox>
	</object>
	<object>
		<name>ref_coin</name>
		<bndbox>
			<xmin>1739</xmin>
			<ymin>1603</ymin>
			<xmax>1983</xmax>
			<ymax>1776</ymax>
		</bndbox>
	</object>
	<object>
		<name>dish</name>
		<bndbox>
			<xmin>1362</xmin>
			<ymin>401</ymin>
			<xmax>2289</xmax>
			<ymax>1488</ymax>
		</bndbox>
	</object>
	<object>
		<name>소고기김밥</name>
		<bndbox>
			<xmin>1406</xmin>
			<ymin>432</ymin>
			<xmax>2234</xmax>
			<ymax>1221</ymax>
		</bndbox>
	</object>
</annotation>