<annotation>
	<folder>side주먹밥김밥류사각배달소고기김밥q5</folder>
	<filename>side_주먹밥김밥류_사각배달_소고기김밥_Q5_00047.JPG</filename>
	<path>/side주먹밥김밥류사각배달소고기김밥q5/side_주먹밥김밥류_사각배달_소고기김밥_Q5_00047.JPG</path>
	<source>
		<database>fooddata</database>
	</source>
	<size>
		<width>3008</width>
		<height>2000</height>
		<depth>3</depth>
	</size>
	<object>
		<name>ref_spoon</name>
		<bndbox>
			<xmin>333</xmin>
			<ymin>530</ymin>
			<xmax>630</xmax>
			<ymax>876</ymax>
		</bndbox>
	</object>
	<object>
		<name>ref_fork</name>
		<bndbox>
			<xmin>719</xmin>
			<ymin>570</ymin>
			<xmax>923</xmax>
			<ymax>960</ymax>
		</bndbox>
	</object>
	<object>
		<name>ref_coin</name>
		<bndbox>
			<xmin>2587</xmin>
			<ymin>1133</ymin>
			<xmax>2813</xmax>
			<ymax>1284</ymax>
		</bndbox>
	</object>
	<object>
		<name>dish</name>
		<bndbox>
			<xmin>1140</xmin>
			<ymin>552</ymin>
			<xmax>2050</xmax>
			<ymax>1665</ymax>
		</bndbox>
	</object>
	<object>
		<name>소고기김밥</name>
		<bndbox>
			<xmin>1189</xmin>
			<ymin>689</ymin>
			<xmax>2019</xmax>
			<ymax>1408</ymax>
		</bndbox>
	</object>
</annotation>