<annotation>
	<folder>side주먹밥김밥류사각배달소고기김밥q5</folder>
	<filename>side_주먹밥김밥류_사각배달_소고기김밥_Q5_00037.JPG</filename>
	<path>/side주먹밥김밥류사각배달소고기김밥q5/side_주먹밥김밥류_사각배달_소고기김밥_Q5_00037.JPG</path>
	<source>
		<database>fooddata</database>
	</source>
	<size>
		<width>3008</width>
		<height>2000</height>
		<depth>3</depth>
	</size>
	<object>
		<name>ref_spoon</name>
		<bndbox>
			<xmin>608</xmin>
			<ymin>499</ymin>
			<xmax>901</xmax>
			<ymax>840</ymax>
		</bndbox>
	</object>
	<object>
		<name>ref_fork</name>
		<bndbox>
			<xmin>980</xmin>
			<ymin>547</ymin>
			<xmax>1189</xmax>
			<ymax>933</ymax>
		</bndbox>
	</object>
	<object>
		<name>ref_coin</name>
		<bndbox>
			<xmin>1779</xmin>
			<ymin>1608</ymin>
			<xmax>2023</xmax>
			<ymax>1772</ymax>
		</bndbox>
	</object>
	<object>
		<name>dish</name>
		<bndbox>
			<xmin>1318</xmin>
			<ymin>414</ymin>
			<xmax>2866</xmax>
			<ymax>1470</ymax>
		</bndbox>
	</object>
	<object>
		<name>소고기김밥</name>
		<bndbox>
			<xmin>1416</xmin>
			<ymin>542</ymin>
			<xmax>2698</xmax>
			<ymax>1204</ymax>
		</bndbox>
	</object>
</annotation>