<annotation>
	<folder>top주먹밥김밥류사각배달소고기김밥q5</folder>
	<filename>top_주먹밥김밥류_사각배달_소고기김밥_Q5_00015.JPG</filename>
	<path>/top주먹밥김밥류사각배달소고기김밥q5/top_주먹밥김밥류_사각배달_소고기김밥_Q5_00015.JPG</path>
	<source>
		<database>fooddata</database>
	</source>
	<size>
		<width>3008</width>
		<height>2000</height>
		<depth>3</depth>
	</size>
	<object>
		<name>ref_spoon</name>
		<bndbox>
			<xmin>2172</xmin>
			<ymin>75</ymin>
			<xmax>2424</xmax>
			<ymax>449</ymax>
		</bndbox>
	</object>
	<object>
		<name>ref_fork</name>
		<bndbox>
			<xmin>2544</xmin>
			<ymin>63</ymin>
			<xmax>2701</xmax>
			<ymax>489</ymax>
		</bndbox>
	</object>
	<object>
		<name>ref_coin</name>
		<bndbox>
			<xmin>1839</xmin>
			<ymin>895</ymin>
			<xmax>2013</xmax>
			<ymax>1076</ymax>
		</bndbox>
	</object>
	<object>
		<name>dish</name>
		<bndbox>
			<xmin>727</xmin>
			<ymin>155</ymin>
			<xmax>1550</xmax>
			<ymax>1405</ymax>
		</bndbox>
	</object>
	<object>
		<name>소고기김밥</name>
		<bndbox>
			<xmin>767</xmin>
			<ymin>230</ymin>
			<xmax>1519</xmax>
			<ymax>1347</ymax>
		</bndbox>
	</object>
</annotation>