<annotation>
	<folder>top주먹밥김밥류사각배달소고기김밥q5</folder>
	<filename>top_주먹밥김밥류_사각배달_소고기김밥_Q5_00050.JPG</filename>
	<path>/top주먹밥김밥류사각배달소고기김밥q5/top_주먹밥김밥류_사각배달_소고기김밥_Q5_00050.JPG</path>
	<source>
		<database>fooddata</database>
	</source>
	<size>
		<width>3008</width>
		<height>2000</height>
		<depth>3</depth>
	</size>
	<object>
		<name>ref_spoon</name>
		<bndbox>
			<xmin>328</xmin>
			<ymin>301</ymin>
			<xmax>579</xmax>
			<ymax>686</ymax>
		</bndbox>
	</object>
	<object>
		<name>ref_fork</name>
		<bndbox>
			<xmin>685</xmin>
			<ymin>369</ymin>
			<xmax>852</xmax>
			<ymax>790</ymax>
		</bndbox>
	</object>
	<object>
		<name>ref_coin</name>
		<bndbox>
			<xmin>1921</xmin>
			<ymin>1504</ymin>
			<xmax>2100</xmax>
			<ymax>1687</ymax>
		</bndbox>
	</object>
	<object>
		<name>dish</name>
		<bndbox>
			<xmin>845</xmin>
			<ymin>190</ymin>
			<xmax>2140</xmax>
			<ymax>1577</ymax>
		</bndbox>
	</object>
	<object>
		<name>소고기김밥</name>
		<bndbox>
			<xmin>915</xmin>
			<ymin>294</ymin>
			<xmax>2076</xmax>
			<ymax>1516</ymax>
		</bndbox>
	</object>
</annotation>