<annotation>
	<folder>top주먹밥김밥류사각배달소고기김밥q5</folder>
	<filename>top_주먹밥김밥류_사각배달_소고기김밥_Q5_00031.JPG</filename>
	<path>/top주먹밥김밥류사각배달소고기김밥q5/top_주먹밥김밥류_사각배달_소고기김밥_Q5_00031.JPG</path>
	<source>
		<database>fooddata</database>
	</source>
	<size>
		<width>3008</width>
		<height>2000</height>
		<depth>3</depth>
	</size>
	<object>
		<name>ref_spoon</name>
		<bndbox>
			<xmin>673</xmin>
			<ymin>1579</ymin>
			<xmax>1019</xmax>
			<ymax>1807</ymax>
		</bndbox>
	</object>
	<object>
		<name>ref_fork</name>
		<bndbox>
			<xmin>741</xmin>
			<ymin>1321</ymin>
			<xmax>1103</xmax>
			<ymax>1481</ymax>
		</bndbox>
	</object>
	<object>
		<name>ref_coin</name>
		<bndbox>
			<xmin>765</xmin>
			<ymin>870</ymin>
			<xmax>925</xmax>
			<ymax>1027</ymax>
		</bndbox>
	</object>
	<object>
		<name>dish</name>
		<bndbox>
			<xmin>1042</xmin>
			<ymin>103</ymin>
			<xmax>1822</xmax>
			<ymax>1224</ymax>
		</bndbox>
	</object>
	<object>
		<name>소고기김밥</name>
		<bndbox>
			<xmin>1075</xmin>
			<ymin>172</ymin>
			<xmax>1792</xmax>
			<ymax>1166</ymax>
		</bndbox>
	</object>
</annotation>