<annotation>
	<folder>top주먹밥김밥류사각배달소고기김밥q5</folder>
	<filename>top_주먹밥김밥류_사각배달_소고기김밥_Q5_00013.JPG</filename>
	<path>/top주먹밥김밥류사각배달소고기김밥q5/top_주먹밥김밥류_사각배달_소고기김밥_Q5_00013.JPG</path>
	<source>
		<database>fooddata</database>
	</source>
	<size>
		<width>3008</width>
		<height>2000</height>
		<depth>3</depth>
	</size>
	<object>
		<name>ref_spoon</name>
		<bndbox>
			<xmin>2168</xmin>
			<ymin>165</ymin>
			<xmax>2424</xmax>
			<ymax>533</ymax>
		</bndbox>
	</object>
	<object>
		<name>ref_fork</name>
		<bndbox>
			<xmin>2539</xmin>
			<ymin>153</ymin>
			<xmax>2699</xmax>
			<ymax>571</ymax>
		</bndbox>
	</object>
	<object>
		<name>ref_coin</name>
		<bndbox>
			<xmin>1709</xmin>
			<ymin>371</ymin>
			<xmax>1886</xmax>
			<ymax>548</ymax>
		</bndbox>
	</object>
	<object>
		<name>dish</name>
		<bndbox>
			<xmin>584</xmin>
			<ymin>202</ymin>
			<xmax>1700</xmax>
			<ymax>1556</ymax>
		</bndbox>
	</object>
	<object>
		<name>소고기김밥</name>
		<bndbox>
			<xmin>647</xmin>
			<ymin>301</ymin>
			<xmax>1646</xmax>
			<ymax>1483</ymax>
		</bndbox>
	</object>
</annotation>