<annotation>
	<folder>top주먹밥김밥류사각배달소고기김밥q5</folder>
	<filename>top_주먹밥김밥류_사각배달_소고기김밥_Q5_00036.JPG</filename>
	<path>/top주먹밥김밥류사각배달소고기김밥q5/top_주먹밥김밥류_사각배달_소고기김밥_Q5_00036.JPG</path>
	<source>
		<database>fooddata</database>
	</source>
	<size>
		<width>3008</width>
		<height>2000</height>
		<depth>3</depth>
	</size>
	<object>
		<name>ref_spoon</name>
		<bndbox>
			<xmin>405</xmin>
			<ymin>251</ymin>
			<xmax>661</xmax>
			<ymax>627</ymax>
		</bndbox>
	</object>
	<object>
		<name>ref_fork</name>
		<bndbox>
			<xmin>760</xmin>
			<ymin>343</ymin>
			<xmax>929</xmax>
			<ymax>759</ymax>
		</bndbox>
	</object>
	<object>
		<name>ref_coin</name>
		<bndbox>
			<xmin>1771</xmin>
			<ymin>1716</ymin>
			<xmax>1952</xmax>
			<ymax>1904</ymax>
		</bndbox>
	</object>
	<object>
		<name>dish</name>
		<bndbox>
			<xmin>972</xmin>
			<ymin>447</ymin>
			<xmax>2276</xmax>
			<ymax>1382</ymax>
		</bndbox>
	</object>
	<object>
		<name>소고기김밥</name>
		<bndbox>
			<xmin>1021</xmin>
			<ymin>503</ymin>
			<xmax>2241</xmax>
			<ymax>1307</ymax>
		</bndbox>
	</object>
</annotation>