<annotation>
	<folder>top주먹밥김밥류사각배달소고기김밥q5</folder>
	<filename>top_주먹밥김밥류_사각배달_소고기김밥_Q5_00020.JPG</filename>
	<path>/top주먹밥김밥류사각배달소고기김밥q5/top_주먹밥김밥류_사각배달_소고기김밥_Q5_00020.JPG</path>
	<source>
		<database>fooddata</database>
	</source>
	<size>
		<width>3008</width>
		<height>2000</height>
		<depth>3</depth>
	</size>
	<object>
		<name>ref_spoon</name>
		<bndbox>
			<xmin>847</xmin>
			<ymin>1662</ymin>
			<xmax>1178</xmax>
			<ymax>1878</ymax>
		</bndbox>
	</object>
	<object>
		<name>ref_fork</name>
		<bndbox>
			<xmin>906</xmin>
			<ymin>1412</ymin>
			<xmax>1251</xmax>
			<ymax>1553</ymax>
		</bndbox>
	</object>
	<object>
		<name>ref_coin</name>
		<bndbox>
			<xmin>840</xmin>
			<ymin>1032</ymin>
			<xmax>988</xmax>
			<ymax>1182</ymax>
		</bndbox>
	</object>
	<object>
		<name>dish</name>
		<bndbox>
			<xmin>814</xmin>
			<ymin>87</ymin>
			<xmax>1867</xmax>
			<ymax>1227</ymax>
		</bndbox>
	</object>
	<object>
		<name>소고기김밥</name>
		<bndbox>
			<xmin>875</xmin>
			<ymin>176</ymin>
			<xmax>1806</xmax>
			<ymax>1168</ymax>
		</bndbox>
	</object>
</annotation>