<annotation>
	<folder>top주먹밥김밥류사각배달소고기김밥q5</folder>
	<filename>top_주먹밥김밥류_사각배달_소고기김밥_Q5_00012.JPG</filename>
	<path>/top주먹밥김밥류사각배달소고기김밥q5/top_주먹밥김밥류_사각배달_소고기김밥_Q5_00012.JPG</path>
	<source>
		<database>fooddata</database>
	</source>
	<size>
		<width>3008</width>
		<height>2000</height>
		<depth>3</depth>
	</size>
	<object>
		<name>ref_spoon</name>
		<bndbox>
			<xmin>2187</xmin>
			<ymin>212</ymin>
			<xmax>2440</xmax>
			<ymax>585</ymax>
		</bndbox>
	</object>
	<object>
		<name>ref_fork</name>
		<bndbox>
			<xmin>2551</xmin>
			<ymin>204</ymin>
			<xmax>2711</xmax>
			<ymax>618</ymax>
		</bndbox>
	</object>
	<object>
		<name>ref_coin</name>
		<bndbox>
			<xmin>1371</xmin>
			<ymin>141</ymin>
			<xmax>1543</xmax>
			<ymax>317</ymax>
		</bndbox>
	</object>
	<object>
		<name>dish</name>
		<bndbox>
			<xmin>480</xmin>
			<ymin>364</ymin>
			<xmax>1825</xmax>
			<ymax>1626</ymax>
		</bndbox>
	</object>
	<object>
		<name>소고기김밥</name>
		<bndbox>
			<xmin>556</xmin>
			<ymin>463</ymin>
			<xmax>1759</xmax>
			<ymax>1570</ymax>
		</bndbox>
	</object>
</annotation>