<annotation>
	<folder>top주먹밥김밥류사각배달소고기김밥q5</folder>
	<filename>top_주먹밥김밥류_사각배달_소고기김밥_Q5_00002.JPG</filename>
	<path>/top주먹밥김밥류사각배달소고기김밥q5/top_주먹밥김밥류_사각배달_소고기김밥_Q5_00002.JPG</path>
	<source>
		<database>fooddata</database>
	</source>
	<size>
		<width>3008</width>
		<height>2000</height>
		<depth>3</depth>
	</size>
	<object>
		<name>ref_spoon</name>
		<bndbox>
			<xmin>2266</xmin>
			<ymin>324</ymin>
			<xmax>2523</xmax>
			<ymax>698</ymax>
		</bndbox>
	</object>
	<object>
		<name>ref_fork</name>
		<bndbox>
			<xmin>2635</xmin>
			<ymin>322</ymin>
			<xmax>2793</xmax>
			<ymax>743</ymax>
		</bndbox>
	</object>
	<object>
		<name>ref_coin</name>
		<bndbox>
			<xmin>1820</xmin>
			<ymin>1518</ymin>
			<xmax>1996</xmax>
			<ymax>1699</ymax>
		</bndbox>
	</object>
	<object>
		<name>dish</name>
		<bndbox>
			<xmin>640</xmin>
			<ymin>212</ymin>
			<xmax>1996</xmax>
			<ymax>1434</ymax>
		</bndbox>
	</object>
	<object>
		<name>소고기김밥</name>
		<bndbox>
			<xmin>718</xmin>
			<ymin>294</ymin>
			<xmax>1933</xmax>
			<ymax>1347</ymax>
		</bndbox>
	</object>
</annotation>