<annotation>
	<folder>top주먹밥김밥류사각배달소고기김밥q5</folder>
	<filename>top_주먹밥김밥류_사각배달_소고기김밥_Q5_00027.JPG</filename>
	<path>/top주먹밥김밥류사각배달소고기김밥q5/top_주먹밥김밥류_사각배달_소고기김밥_Q5_00027.JPG</path>
	<source>
		<database>fooddata</database>
	</source>
	<size>
		<width>3008</width>
		<height>2000</height>
		<depth>3</depth>
	</size>
	<object>
		<name>ref_spoon</name>
		<bndbox>
			<xmin>621</xmin>
			<ymin>1467</ymin>
			<xmax>981</xmax>
			<ymax>1709</ymax>
		</bndbox>
	</object>
	<object>
		<name>ref_fork</name>
		<bndbox>
			<xmin>682</xmin>
			<ymin>1189</ymin>
			<xmax>1063</xmax>
			<ymax>1351</ymax>
		</bndbox>
	</object>
	<object>
		<name>ref_coin</name>
		<bndbox>
			<xmin>1959</xmin>
			<ymin>569</ymin>
			<xmax>2125</xmax>
			<ymax>736</ymax>
		</bndbox>
	</object>
	<object>
		<name>dish</name>
		<bndbox>
			<xmin>586</xmin>
			<ymin>237</ymin>
			<xmax>1726</xmax>
			<ymax>982</ymax>
		</bndbox>
	</object>
	<object>
		<name>소고기김밥</name>
		<bndbox>
			<xmin>626</xmin>
			<ymin>268</ymin>
			<xmax>1702</xmax>
			<ymax>917</ymax>
		</bndbox>
	</object>
</annotation>