<annotation>
	<folder>side비빔밥덮밥류접시잡탕밥q5</folder>
	<filename>side_비빔밥덮밥류_접시_잡탕밥_Q5_00049.JPG</filename>
	<path>/side비빔밥덮밥류접시잡탕밥q5/side_비빔밥덮밥류_접시_잡탕밥_Q5_00049.JPG</path>
	<source>
		<database>fooddata</database>
	</source>
	<size>
		<width>3008</width>
		<height>2000</height>
		<depth>3</depth>
	</size>
	<object>
		<name>ref_spoon</name>
		<bndbox>
			<xmin>123</xmin>
			<ymin>590</ymin>
			<xmax>376</xmax>
			<ymax>880</ymax>
		</bndbox>
	</object>
	<object>
		<name>ref_fork</name>
		<bndbox>
			<xmin>497</xmin>
			<ymin>572</ymin>
			<xmax>678</xmax>
			<ymax>907</ymax>
		</bndbox>
	</object>
	<object>
		<name>ref_coin</name>
		<bndbox>
			<xmin>2639</xmin>
			<ymin>1295</ymin>
			<xmax>2838</xmax>
			<ymax>1432</ymax>
		</bndbox>
	</object>
	<object>
		<name>dish</name>
		<bndbox>
			<xmin>961</xmin>
			<ymin>361</ymin>
			<xmax>2465</xmax>
			<ymax>1627</ymax>
		</bndbox>
	</object>
	<object>
		<name>잡탕밥</name>
		<bndbox>
			<xmin>1025</xmin>
			<ymin>393</ymin>
			<xmax>2359</xmax>
			<ymax>1563</ymax>
		</bndbox>
	</object>
</annotation>