<annotation>
	<folder>side비빔밥덮밥류접시잡탕밥q5</folder>
	<filename>side_비빔밥덮밥류_접시_잡탕밥_Q5_00034.JPG</filename>
	<path>/side비빔밥덮밥류접시잡탕밥q5/side_비빔밥덮밥류_접시_잡탕밥_Q5_00034.JPG</path>
	<source>
		<database>fooddata</database>
	</source>
	<size>
		<width>3008</width>
		<height>2000</height>
		<depth>3</depth>
	</size>
	<object>
		<name>ref_spoon</name>
		<bndbox>
			<xmin>263</xmin>
			<ymin>604</ymin>
			<xmax>524</xmax>
			<ymax>907</ymax>
		</bndbox>
	</object>
	<object>
		<name>ref_fork</name>
		<bndbox>
			<xmin>651</xmin>
			<ymin>568</ymin>
			<xmax>843</xmax>
			<ymax>929</ymax>
		</bndbox>
	</object>
	<object>
		<name>ref_coin</name>
		<bndbox>
			<xmin>2113</xmin>
			<ymin>1582</ymin>
			<xmax>2325</xmax>
			<ymax>1744</ymax>
		</bndbox>
	</object>
	<object>
		<name>dish</name>
		<bndbox>
			<xmin>1040</xmin>
			<ymin>189</ymin>
			<xmax>2585</xmax>
			<ymax>1472</ymax>
		</bndbox>
	</object>
	<object>
		<name>잡탕밥</name>
		<bndbox>
			<xmin>1094</xmin>
			<ymin>201</ymin>
			<xmax>2479</xmax>
			<ymax>1396</ymax>
		</bndbox>
	</object>
</annotation>