<annotation>
	<folder>side비빔밥덮밥류접시잡탕밥q5</folder>
	<filename>side_비빔밥덮밥류_접시_잡탕밥_Q5_00038.JPG</filename>
	<path>/side비빔밥덮밥류접시잡탕밥q5/side_비빔밥덮밥류_접시_잡탕밥_Q5_00038.JPG</path>
	<source>
		<database>fooddata</database>
	</source>
	<size>
		<width>3008</width>
		<height>2000</height>
		<depth>3</depth>
	</size>
	<object>
		<name>ref_spoon</name>
		<bndbox>
			<xmin>165</xmin>
			<ymin>604</ymin>
			<xmax>433</xmax>
			<ymax>919</ymax>
		</bndbox>
	</object>
	<object>
		<name>ref_fork</name>
		<bndbox>
			<xmin>565</xmin>
			<ymin>590</ymin>
			<xmax>750</xmax>
			<ymax>941</ymax>
		</bndbox>
	</object>
	<object>
		<name>ref_coin</name>
		<bndbox>
			<xmin>2710</xmin>
			<ymin>1305</ymin>
			<xmax>2909</xmax>
			<ymax>1445</ymax>
		</bndbox>
	</object>
	<object>
		<name>dish</name>
		<bndbox>
			<xmin>946</xmin>
			<ymin>229</ymin>
			<xmax>2502</xmax>
			<ymax>1518</ymax>
		</bndbox>
	</object>
	<object>
		<name>잡탕밥</name>
		<bndbox>
			<xmin>1013</xmin>
			<ymin>251</ymin>
			<xmax>2389</xmax>
			<ymax>1447</ymax>
		</bndbox>
	</object>
</annotation>