<annotation>
	<folder>side비빔밥덮밥류접시잡탕밥q5</folder>
	<filename>side_비빔밥덮밥류_접시_잡탕밥_Q5_00025.JPG</filename>
	<path>/side비빔밥덮밥류접시잡탕밥q5/side_비빔밥덮밥류_접시_잡탕밥_Q5_00025.JPG</path>
	<source>
		<database>fooddata</database>
	</source>
	<size>
		<width>3008</width>
		<height>2000</height>
		<depth>3</depth>
	</size>
	<object>
		<name>ref_spoon</name>
		<bndbox>
			<xmin>1059</xmin>
			<ymin>1683</ymin>
			<xmax>1477</xmax>
			<ymax>1909</ymax>
		</bndbox>
	</object>
	<object>
		<name>ref_fork</name>
		<bndbox>
			<xmin>1094</xmin>
			<ymin>1435</ymin>
			<xmax>1529</xmax>
			<ymax>1646</ymax>
		</bndbox>
	</object>
	<object>
		<name>ref_coin</name>
		<bndbox>
			<xmin>1580</xmin>
			<ymin>49</ymin>
			<xmax>1750</xmax>
			<ymax>157</ymax>
		</bndbox>
	</object>
	<object>
		<name>dish</name>
		<bndbox>
			<xmin>723</xmin>
			<ymin>265</ymin>
			<xmax>2615</xmax>
			<ymax>1179</ymax>
		</bndbox>
	</object>
	<object>
		<name>잡탕밥</name>
		<bndbox>
			<xmin>860</xmin>
			<ymin>280</ymin>
			<xmax>2563</xmax>
			<ymax>1118</ymax>
		</bndbox>
	</object>
</annotation>