<annotation>
	<folder>side비빔밥덮밥류접시잡탕밥q5</folder>
	<filename>side_비빔밥덮밥류_접시_잡탕밥_Q5_00003.JPG</filename>
	<path>/side비빔밥덮밥류접시잡탕밥q5/side_비빔밥덮밥류_접시_잡탕밥_Q5_00003.JPG</path>
	<source>
		<database>fooddata</database>
	</source>
	<size>
		<width>3008</width>
		<height>2000</height>
		<depth>3</depth>
	</size>
	<object>
		<name>ref_spoon</name>
		<bndbox>
			<xmin>2175</xmin>
			<ymin>516</ymin>
			<xmax>2401</xmax>
			<ymax>784</ymax>
		</bndbox>
	</object>
	<object>
		<name>ref_fork</name>
		<bndbox>
			<xmin>2506</xmin>
			<ymin>499</ymin>
			<xmax>2696</xmax>
			<ymax>816</ymax>
		</bndbox>
	</object>
	<object>
		<name>ref_coin</name>
		<bndbox>
			<xmin>1393</xmin>
			<ymin>1747</ymin>
			<xmax>1595</xmax>
			<ymax>1894</ymax>
		</bndbox>
	</object>
	<object>
		<name>dish</name>
		<bndbox>
			<xmin>558</xmin>
			<ymin>464</ymin>
			<xmax>2226</xmax>
			<ymax>1617</ymax>
		</bndbox>
	</object>
	<object>
		<name>잡탕밥</name>
		<bndbox>
			<xmin>676</xmin>
			<ymin>568</ymin>
			<xmax>2172</xmax>
			<ymax>1553</ymax>
		</bndbox>
	</object>
</annotation>