<annotation>
	<folder>side비빔밥덮밥류접시잡탕밥q5</folder>
	<filename>side_비빔밥덮밥류_접시_잡탕밥_Q5_00021.JPG</filename>
	<path>/side비빔밥덮밥류접시잡탕밥q5/side_비빔밥덮밥류_접시_잡탕밥_Q5_00021.JPG</path>
	<source>
		<database>fooddata</database>
	</source>
	<size>
		<width>3008</width>
		<height>2000</height>
		<depth>3</depth>
	</size>
	<object>
		<name>ref_spoon</name>
		<bndbox>
			<xmin>1025</xmin>
			<ymin>1703</ymin>
			<xmax>1447</xmax>
			<ymax>1909</ymax>
		</bndbox>
	</object>
	<object>
		<name>ref_fork</name>
		<bndbox>
			<xmin>1059</xmin>
			<ymin>1455</ymin>
			<xmax>1482</xmax>
			<ymax>1654</ymax>
		</bndbox>
	</object>
	<object>
		<name>ref_coin</name>
		<bndbox>
			<xmin>2425</xmin>
			<ymin>688</ymin>
			<xmax>2602</xmax>
			<ymax>801</ymax>
		</bndbox>
	</object>
	<object>
		<name>dish</name>
		<bndbox>
			<xmin>676</xmin>
			<ymin>273</ymin>
			<xmax>2386</xmax>
			<ymax>1386</ymax>
		</bndbox>
	</object>
	<object>
		<name>잡탕밥</name>
		<bndbox>
			<xmin>740</xmin>
			<ymin>290</ymin>
			<xmax>2290</xmax>
			<ymax>1334</ymax>
		</bndbox>
	</object>
</annotation>