<annotation>
	<folder>side비빔밥덮밥류접시잡탕밥q5</folder>
	<filename>side_비빔밥덮밥류_접시_잡탕밥_Q5_00051.JPG</filename>
	<path>/side비빔밥덮밥류접시잡탕밥q5/side_비빔밥덮밥류_접시_잡탕밥_Q5_00051.JPG</path>
	<source>
		<database>fooddata</database>
	</source>
	<size>
		<width>3008</width>
		<height>2000</height>
		<depth>3</depth>
	</size>
	<object>
		<name>ref_spoon</name>
		<bndbox>
			<xmin>219</xmin>
			<ymin>604</ymin>
			<xmax>470</xmax>
			<ymax>894</ymax>
		</bndbox>
	</object>
	<object>
		<name>ref_fork</name>
		<bndbox>
			<xmin>592</xmin>
			<ymin>572</ymin>
			<xmax>772</xmax>
			<ymax>912</ymax>
		</bndbox>
	</object>
	<object>
		<name>ref_coin</name>
		<bndbox>
			<xmin>2588</xmin>
			<ymin>848</ymin>
			<xmax>2779</xmax>
			<ymax>975</ymax>
		</bndbox>
	</object>
	<object>
		<name>dish</name>
		<bndbox>
			<xmin>1057</xmin>
			<ymin>364</ymin>
			<xmax>2561</xmax>
			<ymax>1612</ymax>
		</bndbox>
	</object>
	<object>
		<name>잡탕밥</name>
		<bndbox>
			<xmin>1116</xmin>
			<ymin>386</ymin>
			<xmax>2462</xmax>
			<ymax>1543</ymax>
		</bndbox>
	</object>
</annotation>