<annotation>
	<folder>side비빔밥덮밥류접시잡탕밥q5</folder>
	<filename>side_비빔밥덮밥류_접시_잡탕밥_Q5_00019.JPG</filename>
	<path>/side비빔밥덮밥류접시잡탕밥q5/side_비빔밥덮밥류_접시_잡탕밥_Q5_00019.JPG</path>
	<source>
		<database>fooddata</database>
	</source>
	<size>
		<width>3008</width>
		<height>2000</height>
		<depth>3</depth>
	</size>
	<object>
		<name>ref_spoon</name>
		<bndbox>
			<xmin>998</xmin>
			<ymin>1587</ymin>
			<xmax>1411</xmax>
			<ymax>1789</ymax>
		</bndbox>
	</object>
	<object>
		<name>ref_fork</name>
		<bndbox>
			<xmin>1027</xmin>
			<ymin>1334</ymin>
			<xmax>1470</xmax>
			<ymax>1528</ymax>
		</bndbox>
	</object>
	<object>
		<name>ref_coin</name>
		<bndbox>
			<xmin>2610</xmin>
			<ymin>990</ymin>
			<xmax>2804</xmax>
			<ymax>1115</ymax>
		</bndbox>
	</object>
	<object>
		<name>dish</name>
		<bndbox>
			<xmin>479</xmin>
			<ymin>275</ymin>
			<xmax>2452</xmax>
			<ymax>1199</ymax>
		</bndbox>
	</object>
	<object>
		<name>잡탕밥</name>
		<bndbox>
			<xmin>531</xmin>
			<ymin>283</ymin>
			<xmax>2283</xmax>
			<ymax>1145</ymax>
		</bndbox>
	</object>
</annotation>