<annotation>
	<folder>top비빔밥덮밥류접시잡탕밥q5</folder>
	<filename>top_비빔밥덮밥류_접시_잡탕밥_Q5_00037.JPG</filename>
	<path>/top비빔밥덮밥류접시잡탕밥q5/top_비빔밥덮밥류_접시_잡탕밥_Q5_00037.JPG</path>
	<source>
		<database>fooddata</database>
	</source>
	<size>
		<width>3008</width>
		<height>2000</height>
		<depth>3</depth>
	</size>
	<object>
		<name>ref_spoon</name>
		<bndbox>
			<xmin>555</xmin>
			<ymin>485</ymin>
			<xmax>788</xmax>
			<ymax>821</ymax>
		</bndbox>
	</object>
	<object>
		<name>ref_fork</name>
		<bndbox>
			<xmin>897</xmin>
			<ymin>470</ymin>
			<xmax>1051</xmax>
			<ymax>860</ymax>
		</bndbox>
	</object>
	<object>
		<name>ref_coin</name>
		<bndbox>
			<xmin>2739</xmin>
			<ymin>517</ymin>
			<xmax>2887</xmax>
			<ymax>671</ymax>
		</bndbox>
	</object>
	<object>
		<name>dish</name>
		<bndbox>
			<xmin>1139</xmin>
			<ymin>287</ymin>
			<xmax>2781</xmax>
			<ymax>1521</ymax>
		</bndbox>
	</object>
	<object>
		<name>잡탕밥</name>
		<bndbox>
			<xmin>1275</xmin>
			<ymin>328</ymin>
			<xmax>2751</xmax>
			<ymax>1427</ymax>
		</bndbox>
	</object>
</annotation>