<annotation>
	<folder>top비빔밥덮밥류접시잡탕밥q5</folder>
	<filename>top_비빔밥덮밥류_접시_잡탕밥_Q5_00053.JPG</filename>
	<path>/top비빔밥덮밥류접시잡탕밥q5/top_비빔밥덮밥류_접시_잡탕밥_Q5_00053.JPG</path>
	<source>
		<database>fooddata</database>
	</source>
	<size>
		<width>3008</width>
		<height>2000</height>
		<depth>3</depth>
	</size>
	<object>
		<name>ref_spoon</name>
		<bndbox>
			<xmin>366</xmin>
			<ymin>523</ymin>
			<xmax>620</xmax>
			<ymax>889</ymax>
		</bndbox>
	</object>
	<object>
		<name>ref_fork</name>
		<bndbox>
			<xmin>738</xmin>
			<ymin>503</ymin>
			<xmax>903</xmax>
			<ymax>910</ymax>
		</bndbox>
	</object>
	<object>
		<name>ref_coin</name>
		<bndbox>
			<xmin>2725</xmin>
			<ymin>854</ymin>
			<xmax>2881</xmax>
			<ymax>1019</ymax>
		</bndbox>
	</object>
	<object>
		<name>dish</name>
		<bndbox>
			<xmin>1198</xmin>
			<ymin>225</ymin>
			<xmax>2722</xmax>
			<ymax>1843</ymax>
		</bndbox>
	</object>
	<object>
		<name>잡탕밥</name>
		<bndbox>
			<xmin>1305</xmin>
			<ymin>364</ymin>
			<xmax>2686</xmax>
			<ymax>1798</ymax>
		</bndbox>
	</object>
</annotation>