<annotation>
	<folder>top비빔밥덮밥류접시잡탕밥q5</folder>
	<filename>top_비빔밥덮밥류_접시_잡탕밥_Q5_00031.JPG</filename>
	<path>/top비빔밥덮밥류접시잡탕밥q5/top_비빔밥덮밥류_접시_잡탕밥_Q5_00031.JPG</path>
	<source>
		<database>fooddata</database>
	</source>
	<size>
		<width>3008</width>
		<height>2000</height>
		<depth>3</depth>
	</size>
	<object>
		<name>ref_spoon</name>
		<bndbox>
			<xmin>1104</xmin>
			<ymin>1728</ymin>
			<xmax>1429</xmax>
			<ymax>1964</ymax>
		</bndbox>
	</object>
	<object>
		<name>ref_fork</name>
		<bndbox>
			<xmin>1098</xmin>
			<ymin>1509</ymin>
			<xmax>1443</xmax>
			<ymax>1669</ymax>
		</bndbox>
	</object>
	<object>
		<name>ref_coin</name>
		<bndbox>
			<xmin>2243</xmin>
			<ymin>925</ymin>
			<xmax>2376</xmax>
			<ymax>1061</ymax>
		</bndbox>
	</object>
	<object>
		<name>dish</name>
		<bndbox>
			<xmin>1125</xmin>
			<ymin>69</ymin>
			<xmax>2214</xmax>
			<ymax>1494</ymax>
		</bndbox>
	</object>
	<object>
		<name>잡탕밥</name>
		<bndbox>
			<xmin>1169</xmin>
			<ymin>92</ymin>
			<xmax>2152</xmax>
			<ymax>1362</ymax>
		</bndbox>
	</object>
</annotation>