<annotation>
	<folder>top비빔밥덮밥류접시잡탕밥q5</folder>
	<filename>top_비빔밥덮밥류_접시_잡탕밥_Q5_00018.JPG</filename>
	<path>/top비빔밥덮밥류접시잡탕밥q5/top_비빔밥덮밥류_접시_잡탕밥_Q5_00018.JPG</path>
	<source>
		<database>fooddata</database>
	</source>
	<size>
		<width>3008</width>
		<height>2000</height>
		<depth>3</depth>
	</size>
	<object>
		<name>ref_spoon</name>
		<bndbox>
			<xmin>1163</xmin>
			<ymin>1725</ymin>
			<xmax>1476</xmax>
			<ymax>1958</ymax>
		</bndbox>
	</object>
	<object>
		<name>ref_fork</name>
		<bndbox>
			<xmin>1136</xmin>
			<ymin>1509</ymin>
			<xmax>1464</xmax>
			<ymax>1680</ymax>
		</bndbox>
	</object>
	<object>
		<name>ref_coin</name>
		<bndbox>
			<xmin>2314</xmin>
			<ymin>1125</ymin>
			<xmax>2456</xmax>
			<ymax>1270</ymax>
		</bndbox>
	</object>
	<object>
		<name>dish</name>
		<bndbox>
			<xmin>1045</xmin>
			<ymin>51</ymin>
			<xmax>2362</xmax>
			<ymax>1297</ymax>
		</bndbox>
	</object>
	<object>
		<name>잡탕밥</name>
		<bndbox>
			<xmin>1139</xmin>
			<ymin>163</ymin>
			<xmax>2320</xmax>
			<ymax>1226</ymax>
		</bndbox>
	</object>
</annotation>