<annotation>
	<folder>top비빔밥덮밥류접시잡탕밥q5</folder>
	<filename>top_비빔밥덮밥류_접시_잡탕밥_Q5_00025.JPG</filename>
	<path>/top비빔밥덮밥류접시잡탕밥q5/top_비빔밥덮밥류_접시_잡탕밥_Q5_00025.JPG</path>
	<source>
		<database>fooddata</database>
	</source>
	<size>
		<width>3008</width>
		<height>2000</height>
		<depth>3</depth>
	</size>
	<object>
		<name>ref_spoon</name>
		<bndbox>
			<xmin>1231</xmin>
			<ymin>1692</ymin>
			<xmax>1553</xmax>
			<ymax>1934</ymax>
		</bndbox>
	</object>
	<object>
		<name>ref_fork</name>
		<bndbox>
			<xmin>1198</xmin>
			<ymin>1456</ymin>
			<xmax>1562</xmax>
			<ymax>1636</ymax>
		</bndbox>
	</object>
	<object>
		<name>ref_coin</name>
		<bndbox>
			<xmin>1125</xmin>
			<ymin>1205</ymin>
			<xmax>1281</xmax>
			<ymax>1368</ymax>
		</bndbox>
	</object>
	<object>
		<name>dish</name>
		<bndbox>
			<xmin>948</xmin>
			<ymin>86</ymin>
			<xmax>2536</xmax>
			<ymax>1255</ymax>
		</bndbox>
	</object>
	<object>
		<name>잡탕밥</name>
		<bndbox>
			<xmin>986</xmin>
			<ymin>166</ymin>
			<xmax>2391</xmax>
			<ymax>1208</ymax>
		</bndbox>
	</object>
</annotation>