<annotation>
	<folder>top비빔밥덮밥류접시잡탕밥q5</folder>
	<filename>top_비빔밥덮밥류_접시_잡탕밥_Q5_00016.JPG</filename>
	<path>/top비빔밥덮밥류접시잡탕밥q5/top_비빔밥덮밥류_접시_잡탕밥_Q5_00016.JPG</path>
	<source>
		<database>fooddata</database>
	</source>
	<size>
		<width>3008</width>
		<height>2000</height>
		<depth>3</depth>
	</size>
	<object>
		<name>ref_spoon</name>
		<bndbox>
			<xmin>2249</xmin>
			<ymin>379</ymin>
			<xmax>2450</xmax>
			<ymax>715</ymax>
		</bndbox>
	</object>
	<object>
		<name>ref_fork</name>
		<bndbox>
			<xmin>2565</xmin>
			<ymin>376</ymin>
			<xmax>2719</xmax>
			<ymax>739</ymax>
		</bndbox>
	</object>
	<object>
		<name>ref_coin</name>
		<bndbox>
			<xmin>1810</xmin>
			<ymin>1494</ymin>
			<xmax>1978</xmax>
			<ymax>1666</ymax>
		</bndbox>
	</object>
	<object>
		<name>dish</name>
		<bndbox>
			<xmin>514</xmin>
			<ymin>131</ymin>
			<xmax>2096</xmax>
			<ymax>1562</ymax>
		</bndbox>
	</object>
	<object>
		<name>잡탕밥</name>
		<bndbox>
			<xmin>667</xmin>
			<ymin>163</ymin>
			<xmax>2043</xmax>
			<ymax>1456</ymax>
		</bndbox>
	</object>
</annotation>