<annotation>
	<folder>top비빔밥덮밥류접시잡탕밥q5</folder>
	<filename>top_비빔밥덮밥류_접시_잡탕밥_Q5_00022.JPG</filename>
	<path>/top비빔밥덮밥류접시잡탕밥q5/top_비빔밥덮밥류_접시_잡탕밥_Q5_00022.JPG</path>
	<source>
		<database>fooddata</database>
	</source>
	<size>
		<width>3008</width>
		<height>2000</height>
		<depth>3</depth>
	</size>
	<object>
		<name>ref_spoon</name>
		<bndbox>
			<xmin>1122</xmin>
			<ymin>1701</ymin>
			<xmax>1432</xmax>
			<ymax>1931</ymax>
		</bndbox>
	</object>
	<object>
		<name>ref_fork</name>
		<bndbox>
			<xmin>1110</xmin>
			<ymin>1494</ymin>
			<xmax>1446</xmax>
			<ymax>1648</ymax>
		</bndbox>
	</object>
	<object>
		<name>ref_coin</name>
		<bndbox>
			<xmin>2249</xmin>
			<ymin>311</ymin>
			<xmax>2379</xmax>
			<ymax>438</ymax>
		</bndbox>
	</object>
	<object>
		<name>dish</name>
		<bndbox>
			<xmin>1048</xmin>
			<ymin>54</ymin>
			<xmax>2217</xmax>
			<ymax>1365</ymax>
		</bndbox>
	</object>
	<object>
		<name>잡탕밥</name>
		<bndbox>
			<xmin>1110</xmin>
			<ymin>145</ymin>
			<xmax>2131</xmax>
			<ymax>1323</ymax>
		</bndbox>
	</object>
</annotation>