<annotation>
	<folder>top비빔밥덮밥류접시잡탕밥q5</folder>
	<filename>top_비빔밥덮밥류_접시_잡탕밥_Q5_00049.JPG</filename>
	<path>/top비빔밥덮밥류접시잡탕밥q5/top_비빔밥덮밥류_접시_잡탕밥_Q5_00049.JPG</path>
	<source>
		<database>fooddata</database>
	</source>
	<size>
		<width>3008</width>
		<height>2000</height>
		<depth>3</depth>
	</size>
	<object>
		<name>ref_spoon</name>
		<bndbox>
			<xmin>463</xmin>
			<ymin>523</ymin>
			<xmax>714</xmax>
			<ymax>883</ymax>
		</bndbox>
	</object>
	<object>
		<name>ref_fork</name>
		<bndbox>
			<xmin>829</xmin>
			<ymin>497</ymin>
			<xmax>1004</xmax>
			<ymax>904</ymax>
		</bndbox>
	</object>
	<object>
		<name>ref_coin</name>
		<bndbox>
			<xmin>2379</xmin>
			<ymin>1444</ymin>
			<xmax>2556</xmax>
			<ymax>1624</ymax>
		</bndbox>
	</object>
	<object>
		<name>dish</name>
		<bndbox>
			<xmin>1142</xmin>
			<ymin>145</ymin>
			<xmax>2627</xmax>
			<ymax>1781</ymax>
		</bndbox>
	</object>
	<object>
		<name>잡탕밥</name>
		<bndbox>
			<xmin>1258</xmin>
			<ymin>175</ymin>
			<xmax>2562</xmax>
			<ymax>1669</ymax>
		</bndbox>
	</object>
</annotation>