<annotation>
	<folder>top비빔밥덮밥류접시잡탕밥q5</folder>
	<filename>top_비빔밥덮밥류_접시_잡탕밥_Q5_00054.JPG</filename>
	<path>/top비빔밥덮밥류접시잡탕밥q5/top_비빔밥덮밥류_접시_잡탕밥_Q5_00054.JPG</path>
	<source>
		<database>fooddata</database>
	</source>
	<size>
		<width>3008</width>
		<height>2000</height>
		<depth>3</depth>
	</size>
	<object>
		<name>ref_spoon</name>
		<bndbox>
			<xmin>425</xmin>
			<ymin>470</ymin>
			<xmax>673</xmax>
			<ymax>842</ymax>
		</bndbox>
	</object>
	<object>
		<name>ref_fork</name>
		<bndbox>
			<xmin>785</xmin>
			<ymin>447</ymin>
			<xmax>953</xmax>
			<ymax>854</ymax>
		</bndbox>
	</object>
	<object>
		<name>ref_coin</name>
		<bndbox>
			<xmin>2542</xmin>
			<ymin>635</ymin>
			<xmax>2698</xmax>
			<ymax>789</ymax>
		</bndbox>
	</object>
	<object>
		<name>dish</name>
		<bndbox>
			<xmin>1190</xmin>
			<ymin>116</ymin>
			<xmax>2592</xmax>
			<ymax>1804</ymax>
		</bndbox>
	</object>
	<object>
		<name>잡탕밥</name>
		<bndbox>
			<xmin>1299</xmin>
			<ymin>269</ymin>
			<xmax>2556</xmax>
			<ymax>1769</ymax>
		</bndbox>
	</object>
</annotation>