<annotation>
	<folder>top비빔밥덮밥류접시잡탕밥q5</folder>
	<filename>top_비빔밥덮밥류_접시_잡탕밥_Q5_00007.JPG</filename>
	<path>/top비빔밥덮밥류접시잡탕밥q5/top_비빔밥덮밥류_접시_잡탕밥_Q5_00007.JPG</path>
	<source>
		<database>fooddata</database>
	</source>
	<size>
		<width>3008</width>
		<height>2000</height>
		<depth>3</depth>
	</size>
	<object>
		<name>ref_spoon</name>
		<bndbox>
			<xmin>2226</xmin>
			<ymin>240</ymin>
			<xmax>2444</xmax>
			<ymax>588</ymax>
		</bndbox>
	</object>
	<object>
		<name>ref_fork</name>
		<bndbox>
			<xmin>2553</xmin>
			<ymin>255</ymin>
			<xmax>2710</xmax>
			<ymax>638</ymax>
		</bndbox>
	</object>
	<object>
		<name>ref_coin</name>
		<bndbox>
			<xmin>301</xmin>
			<ymin>963</ymin>
			<xmax>484</xmax>
			<ymax>1143</ymax>
		</bndbox>
	</object>
	<object>
		<name>dish</name>
		<bndbox>
			<xmin>750</xmin>
			<ymin>134</ymin>
			<xmax>2119</xmax>
			<ymax>1869</ymax>
		</bndbox>
	</object>
	<object>
		<name>잡탕밥</name>
		<bndbox>
			<xmin>838</xmin>
			<ymin>272</ymin>
			<xmax>2066</xmax>
			<ymax>1819</ymax>
		</bndbox>
	</object>
</annotation>