<annotation>
	<folder>top비빔밥덮밥류접시잡탕밥q5</folder>
	<filename>top_비빔밥덮밥류_접시_잡탕밥_Q5_00032.JPG</filename>
	<path>/top비빔밥덮밥류접시잡탕밥q5/top_비빔밥덮밥류_접시_잡탕밥_Q5_00032.JPG</path>
	<source>
		<database>fooddata</database>
	</source>
	<size>
		<width>3008</width>
		<height>2000</height>
		<depth>3</depth>
	</size>
	<object>
		<name>ref_spoon</name>
		<bndbox>
			<xmin>1098</xmin>
			<ymin>1710</ymin>
			<xmax>1411</xmax>
			<ymax>1946</ymax>
		</bndbox>
	</object>
	<object>
		<name>ref_fork</name>
		<bndbox>
			<xmin>1104</xmin>
			<ymin>1494</ymin>
			<xmax>1441</xmax>
			<ymax>1651</ymax>
		</bndbox>
	</object>
	<object>
		<name>ref_coin</name>
		<bndbox>
			<xmin>2273</xmin>
			<ymin>801</ymin>
			<xmax>2409</xmax>
			<ymax>937</ymax>
		</bndbox>
	</object>
	<object>
		<name>dish</name>
		<bndbox>
			<xmin>1104</xmin>
			<ymin>66</ymin>
			<xmax>2249</xmax>
			<ymax>1400</ymax>
		</bndbox>
	</object>
	<object>
		<name>잡탕밥</name>
		<bndbox>
			<xmin>1198</xmin>
			<ymin>92</ymin>
			<xmax>2193</xmax>
			<ymax>1303</ymax>
		</bndbox>
	</object>
</annotation>