<annotation>
	<folder>top비빔밥덮밥류접시잡탕밥q5</folder>
	<filename>top_비빔밥덮밥류_접시_잡탕밥_Q5_00046.JPG</filename>
	<path>/top비빔밥덮밥류접시잡탕밥q5/top_비빔밥덮밥류_접시_잡탕밥_Q5_00046.JPG</path>
	<source>
		<database>fooddata</database>
	</source>
	<size>
		<width>3008</width>
		<height>2000</height>
		<depth>3</depth>
	</size>
	<object>
		<name>ref_spoon</name>
		<bndbox>
			<xmin>460</xmin>
			<ymin>506</ymin>
			<xmax>708</xmax>
			<ymax>866</ymax>
		</bndbox>
	</object>
	<object>
		<name>ref_fork</name>
		<bndbox>
			<xmin>832</xmin>
			<ymin>479</ymin>
			<xmax>992</xmax>
			<ymax>877</ymax>
		</bndbox>
	</object>
	<object>
		<name>ref_coin</name>
		<bndbox>
			<xmin>1281</xmin>
			<ymin>1559</ymin>
			<xmax>1461</xmax>
			<ymax>1739</ymax>
		</bndbox>
	</object>
	<object>
		<name>dish</name>
		<bndbox>
			<xmin>1258</xmin>
			<ymin>69</ymin>
			<xmax>2686</xmax>
			<ymax>1763</ymax>
		</bndbox>
	</object>
	<object>
		<name>잡탕밥</name>
		<bndbox>
			<xmin>1305</xmin>
			<ymin>86</ymin>
			<xmax>2556</xmax>
			<ymax>1610</ymax>
		</bndbox>
	</object>
</annotation>