<annotation>
	<folder>top비빔밥덮밥류접시잡탕밥q5</folder>
	<filename>top_비빔밥덮밥류_접시_잡탕밥_Q5_00013.JPG</filename>
	<path>/top비빔밥덮밥류접시잡탕밥q5/top_비빔밥덮밥류_접시_잡탕밥_Q5_00013.JPG</path>
	<source>
		<database>fooddata</database>
	</source>
	<size>
		<width>3008</width>
		<height>2000</height>
		<depth>3</depth>
	</size>
	<object>
		<name>ref_spoon</name>
		<bndbox>
			<xmin>2243</xmin>
			<ymin>275</ymin>
			<xmax>2450</xmax>
			<ymax>618</ymax>
		</bndbox>
	</object>
	<object>
		<name>ref_fork</name>
		<bndbox>
			<xmin>2562</xmin>
			<ymin>290</ymin>
			<xmax>2716</xmax>
			<ymax>659</ymax>
		</bndbox>
	</object>
	<object>
		<name>ref_coin</name>
		<bndbox>
			<xmin>1919</xmin>
			<ymin>565</ymin>
			<xmax>2075</xmax>
			<ymax>724</ymax>
		</bndbox>
	</object>
	<object>
		<name>dish</name>
		<bndbox>
			<xmin>339</xmin>
			<ymin>78</ymin>
			<xmax>1815</xmax>
			<ymax>1748</ymax>
		</bndbox>
	</object>
	<object>
		<name>잡탕밥</name>
		<bndbox>
			<xmin>396</xmin>
			<ymin>95</ymin>
			<xmax>1694</xmax>
			<ymax>1598</ymax>
		</bndbox>
	</object>
</annotation>