<annotation>
	<folder>side국물면류원형배달콩국수q2</folder>
	<filename>side_국물면류_원형배달_콩국수_Q2_00046.JPG</filename>
	<path>/side국물면류원형배달콩국수q2/side_국물면류_원형배달_콩국수_Q2_00046.JPG</path>
	<source>
		<database>fooddata</database>
	</source>
	<size>
		<width>3008</width>
		<height>2000</height>
		<depth>3</depth>
	</size>
	<object>
		<name>ref_spoon</name>
		<bndbox>
			<xmin>203</xmin>
			<ymin>322</ymin>
			<xmax>513</xmax>
			<ymax>718</ymax>
		</bndbox>
	</object>
	<object>
		<name>ref_fork</name>
		<bndbox>
			<xmin>569</xmin>
			<ymin>347</ymin>
			<xmax>808</xmax>
			<ymax>799</ymax>
		</bndbox>
	</object>
	<object>
		<name>ref_coin</name>
		<bndbox>
			<xmin>2388</xmin>
			<ymin>1643</ymin>
			<xmax>2652</xmax>
			<ymax>1851</ymax>
		</bndbox>
	</object>
	<object>
		<name>dish</name>
		<bndbox>
			<xmin>981</xmin>
			<ymin>149</ymin>
			<xmax>2480</xmax>
			<ymax>1541</ymax>
		</bndbox>
	</object>
	<object>
		<name>콩국수</name>
		<bndbox>
			<xmin>1057</xmin>
			<ymin>439</ymin>
			<xmax>2388</xmax>
			<ymax>1165</ymax>
		</bndbox>
	</object>
</annotation>