<annotation>
	<folder>side국물면류원형배달콩국수q2</folder>
	<filename>side_국물면류_원형배달_콩국수_Q2_00001.JPG</filename>
	<path>/side국물면류원형배달콩국수q2/side_국물면류_원형배달_콩국수_Q2_00001.JPG</path>
	<source>
		<database>fooddata</database>
	</source>
	<size>
		<width>3008</width>
		<height>2000</height>
		<depth>3</depth>
	</size>
	<object>
		<name>ref_spoon</name>
		<bndbox>
			<xmin>1880</xmin>
			<ymin>540</ymin>
			<xmax>2170</xmax>
			<ymax>921</ymax>
		</bndbox>
	</object>
	<object>
		<name>ref_fork</name>
		<bndbox>
			<xmin>2286</xmin>
			<ymin>576</ymin>
			<xmax>2500</xmax>
			<ymax>997</ymax>
		</bndbox>
	</object>
	<object>
		<name>ref_coin</name>
		<bndbox>
			<xmin>1230</xmin>
			<ymin>1551</ymin>
			<xmax>1474</xmax>
			<ymax>1739</ymax>
		</bndbox>
	</object>
	<object>
		<name>dish</name>
		<bndbox>
			<xmin>295</xmin>
			<ymin>210</ymin>
			<xmax>1743</xmax>
			<ymax>1506</ymax>
		</bndbox>
	</object>
	<object>
		<name>콩국수</name>
		<bndbox>
			<xmin>406</xmin>
			<ymin>505</ymin>
			<xmax>1656</xmax>
			<ymax>1155</ymax>
		</bndbox>
	</object>
</annotation>