<annotation>
	<folder>side국물면류원형배달콩국수q2</folder>
	<filename>side_국물면류_원형배달_콩국수_Q2_00042.JPG</filename>
	<path>/side국물면류원형배달콩국수q2/side_국물면류_원형배달_콩국수_Q2_00042.JPG</path>
	<source>
		<database>fooddata</database>
	</source>
	<size>
		<width>3008</width>
		<height>2000</height>
		<depth>3</depth>
	</size>
	<object>
		<name>ref_spoon</name>
		<bndbox>
			<xmin>259</xmin>
			<ymin>479</ymin>
			<xmax>574</xmax>
			<ymax>896</ymax>
		</bndbox>
	</object>
	<object>
		<name>ref_fork</name>
		<bndbox>
			<xmin>640</xmin>
			<ymin>510</ymin>
			<xmax>869</xmax>
			<ymax>952</ymax>
		</bndbox>
	</object>
	<object>
		<name>ref_coin</name>
		<bndbox>
			<xmin>2480</xmin>
			<ymin>560</ymin>
			<xmax>2723</xmax>
			<ymax>723</ymax>
		</bndbox>
	</object>
	<object>
		<name>dish</name>
		<bndbox>
			<xmin>894</xmin>
			<ymin>367</ymin>
			<xmax>2439</xmax>
			<ymax>1765</ymax>
		</bndbox>
	</object>
	<object>
		<name>콩국수</name>
		<bndbox>
			<xmin>996</xmin>
			<ymin>682</ymin>
			<xmax>2347</xmax>
			<ymax>1404</ymax>
		</bndbox>
	</object>
</annotation>