<annotation>
	<folder>side국물면류원형배달콩국수q2</folder>
	<filename>side_국물면류_원형배달_콩국수_Q2_00038.JPG</filename>
	<path>/side국물면류원형배달콩국수q2/side_국물면류_원형배달_콩국수_Q2_00038.JPG</path>
	<source>
		<database>fooddata</database>
	</source>
	<size>
		<width>3008</width>
		<height>2000</height>
		<depth>3</depth>
	</size>
	<object>
		<name>ref_spoon</name>
		<bndbox>
			<xmin>224</xmin>
			<ymin>677</ymin>
			<xmax>528</xmax>
			<ymax>1058</ymax>
		</bndbox>
	</object>
	<object>
		<name>ref_fork</name>
		<bndbox>
			<xmin>594</xmin>
			<ymin>703</ymin>
			<xmax>823</xmax>
			<ymax>1145</ymax>
		</bndbox>
	</object>
	<object>
		<name>ref_coin</name>
		<bndbox>
			<xmin>925</xmin>
			<ymin>205</ymin>
			<xmax>1143</xmax>
			<ymax>352</ymax>
		</bndbox>
	</object>
	<object>
		<name>dish</name>
		<bndbox>
			<xmin>1057</xmin>
			<ymin>383</ymin>
			<xmax>2520</xmax>
			<ymax>1709</ymax>
		</bndbox>
	</object>
	<object>
		<name>콩국수</name>
		<bndbox>
			<xmin>1128</xmin>
			<ymin>682</ymin>
			<xmax>2419</xmax>
			<ymax>1353</ymax>
		</bndbox>
	</object>
</annotation>