<annotation>
	<folder>side국물면류원형배달콩국수q2</folder>
	<filename>side_국물면류_원형배달_콩국수_Q2_00015.JPG</filename>
	<path>/side국물면류원형배달콩국수q2/side_국물면류_원형배달_콩국수_Q2_00015.JPG</path>
	<source>
		<database>fooddata</database>
	</source>
	<size>
		<width>3008</width>
		<height>2000</height>
		<depth>3</depth>
	</size>
	<object>
		<name>ref_spoon</name>
		<bndbox>
			<xmin>1910</xmin>
			<ymin>642</ymin>
			<xmax>2226</xmax>
			<ymax>1038</ymax>
		</bndbox>
	</object>
	<object>
		<name>ref_fork</name>
		<bndbox>
			<xmin>2347</xmin>
			<ymin>688</ymin>
			<xmax>2581</xmax>
			<ymax>1145</ymax>
		</bndbox>
	</object>
	<object>
		<name>ref_coin</name>
		<bndbox>
			<xmin>2693</xmin>
			<ymin>652</ymin>
			<xmax>2927</xmax>
			<ymax>815</ymax>
		</bndbox>
	</object>
	<object>
		<name>dish</name>
		<bndbox>
			<xmin>102</xmin>
			<ymin>225</ymin>
			<xmax>1646</xmax>
			<ymax>1607</ymax>
		</bndbox>
	</object>
	<object>
		<name>콩국수</name>
		<bndbox>
			<xmin>188</xmin>
			<ymin>418</ymin>
			<xmax>1550</xmax>
			<ymax>1231</ymax>
		</bndbox>
	</object>
</annotation>