<annotation>
	<folder>side국물면류원형배달콩국수q2</folder>
	<filename>side_국물면류_원형배달_콩국수_Q2_00044.JPG</filename>
	<path>/side국물면류원형배달콩국수q2/side_국물면류_원형배달_콩국수_Q2_00044.JPG</path>
	<source>
		<database>fooddata</database>
	</source>
	<size>
		<width>3008</width>
		<height>2000</height>
		<depth>3</depth>
	</size>
	<object>
		<name>ref_spoon</name>
		<bndbox>
			<xmin>127</xmin>
			<ymin>494</ymin>
			<xmax>447</xmax>
			<ymax>896</ymax>
		</bndbox>
	</object>
	<object>
		<name>ref_fork</name>
		<bndbox>
			<xmin>508</xmin>
			<ymin>520</ymin>
			<xmax>732</xmax>
			<ymax>977</ymax>
		</bndbox>
	</object>
	<object>
		<name>ref_coin</name>
		<bndbox>
			<xmin>2683</xmin>
			<ymin>1373</ymin>
			<xmax>2942</xmax>
			<ymax>1567</ymax>
		</bndbox>
	</object>
	<object>
		<name>dish</name>
		<bndbox>
			<xmin>752</xmin>
			<ymin>408</ymin>
			<xmax>2292</xmax>
			<ymax>1810</ymax>
		</bndbox>
	</object>
	<object>
		<name>콩국수</name>
		<bndbox>
			<xmin>849</xmin>
			<ymin>611</ymin>
			<xmax>2190</xmax>
			<ymax>1445</ymax>
		</bndbox>
	</object>
</annotation>