<annotation>
	<folder>top국물면류원형배달콩국수q2</folder>
	<filename>top_국물면류_원형배달_콩국수_Q2_00013.JPG</filename>
	<path>/top국물면류원형배달콩국수q2/top_국물면류_원형배달_콩국수_Q2_00013.JPG</path>
	<source>
		<database>fooddata</database>
	</source>
	<size>
		<width>3008</width>
		<height>2000</height>
		<depth>3</depth>
	</size>
	<object>
		<name>ref_spoon</name>
		<bndbox>
			<xmin>1754</xmin>
			<ymin>379</ymin>
			<xmax>2007</xmax>
			<ymax>771</ymax>
		</bndbox>
	</object>
	<object>
		<name>ref_fork</name>
		<bndbox>
			<xmin>2132</xmin>
			<ymin>407</ymin>
			<xmax>2309</xmax>
			<ymax>830</ymax>
		</bndbox>
	</object>
	<object>
		<name>ref_coin</name>
		<bndbox>
			<xmin>2375</xmin>
			<ymin>425</ymin>
			<xmax>2547</xmax>
			<ymax>600</ymax>
		</bndbox>
	</object>
	<object>
		<name>dish</name>
		<bndbox>
			<xmin>293</xmin>
			<ymin>429</ymin>
			<xmax>1721</xmax>
			<ymax>1830</ymax>
		</bndbox>
	</object>
	<object>
		<name>콩국수</name>
		<bndbox>
			<xmin>452</xmin>
			<ymin>570</ymin>
			<xmax>1606</xmax>
			<ymax>1714</ymax>
		</bndbox>
	</object>
</annotation>