<annotation>
	<folder>top국물면류원형배달콩국수q2</folder>
	<filename>top_국물면류_원형배달_콩국수_Q2_00050.JPG</filename>
	<path>/top국물면류원형배달콩국수q2/top_국물면류_원형배달_콩국수_Q2_00050.JPG</path>
	<source>
		<database>fooddata</database>
	</source>
	<size>
		<width>3008</width>
		<height>2000</height>
		<depth>3</depth>
	</size>
	<object>
		<name>ref_spoon</name>
		<bndbox>
			<xmin>352</xmin>
			<ymin>170</ymin>
			<xmax>636</xmax>
			<ymax>577</ymax>
		</bndbox>
	</object>
	<object>
		<name>ref_fork</name>
		<bndbox>
			<xmin>753</xmin>
			<ymin>264</ymin>
			<xmax>935</xmax>
			<ymax>702</ymax>
		</bndbox>
	</object>
	<object>
		<name>ref_coin</name>
		<bndbox>
			<xmin>1970</xmin>
			<ymin>1701</ymin>
			<xmax>2172</xmax>
			<ymax>1895</ymax>
		</bndbox>
	</object>
	<object>
		<name>dish</name>
		<bndbox>
			<xmin>984</xmin>
			<ymin>170</ymin>
			<xmax>2406</xmax>
			<ymax>1577</ymax>
		</bndbox>
	</object>
	<object>
		<name>콩국수</name>
		<bndbox>
			<xmin>1094</xmin>
			<ymin>339</ymin>
			<xmax>2227</xmax>
			<ymax>1467</ymax>
		</bndbox>
	</object>
</annotation>