<annotation>
	<folder>top국물면류원형배달콩국수q2</folder>
	<filename>top_국물면류_원형배달_콩국수_Q2_00017.JPG</filename>
	<path>/top국물면류원형배달콩국수q2/top_국물면류_원형배달_콩국수_Q2_00017.JPG</path>
	<source>
		<database>fooddata</database>
	</source>
	<size>
		<width>3008</width>
		<height>2000</height>
		<depth>3</depth>
	</size>
	<object>
		<name>ref_spoon</name>
		<bndbox>
			<xmin>863</xmin>
			<ymin>1626</ymin>
			<xmax>1248</xmax>
			<ymax>1876</ymax>
		</bndbox>
	</object>
	<object>
		<name>ref_fork</name>
		<bndbox>
			<xmin>979</xmin>
			<ymin>1383</ymin>
			<xmax>1367</xmax>
			<ymax>1552</ymax>
		</bndbox>
	</object>
	<object>
		<name>ref_coin</name>
		<bndbox>
			<xmin>810</xmin>
			<ymin>1169</ymin>
			<xmax>989</xmax>
			<ymax>1343</ymax>
		</bndbox>
	</object>
	<object>
		<name>dish</name>
		<bndbox>
			<xmin>900</xmin>
			<ymin>71</ymin>
			<xmax>2148</xmax>
			<ymax>1278</ymax>
		</bndbox>
	</object>
	<object>
		<name>콩국수</name>
		<bndbox>
			<xmin>1024</xmin>
			<ymin>239</ymin>
			<xmax>2024</xmax>
			<ymax>1225</ymax>
		</bndbox>
	</object>
</annotation>