<annotation>
	<folder>top국물면류원형배달콩국수q2</folder>
	<filename>top_국물면류_원형배달_콩국수_Q2_00022.JPG</filename>
	<path>/top국물면류원형배달콩국수q2/top_국물면류_원형배달_콩국수_Q2_00022.JPG</path>
	<source>
		<database>fooddata</database>
	</source>
	<size>
		<width>3008</width>
		<height>2000</height>
		<depth>3</depth>
	</size>
	<object>
		<name>ref_spoon</name>
		<bndbox>
			<xmin>980</xmin>
			<ymin>1678</ymin>
			<xmax>1347</xmax>
			<ymax>1925</ymax>
		</bndbox>
	</object>
	<object>
		<name>ref_fork</name>
		<bndbox>
			<xmin>1099</xmin>
			<ymin>1447</ymin>
			<xmax>1472</xmax>
			<ymax>1602</ymax>
		</bndbox>
	</object>
	<object>
		<name>ref_coin</name>
		<bndbox>
			<xmin>1007</xmin>
			<ymin>153</ymin>
			<xmax>1156</xmax>
			<ymax>305</ymax>
		</bndbox>
	</object>
	<object>
		<name>dish</name>
		<bndbox>
			<xmin>1039</xmin>
			<ymin>111</ymin>
			<xmax>2227</xmax>
			<ymax>1254</ymax>
		</bndbox>
	</object>
	<object>
		<name>콩국수</name>
		<bndbox>
			<xmin>1153</xmin>
			<ymin>274</ymin>
			<xmax>2101</xmax>
			<ymax>1204</ymax>
		</bndbox>
	</object>
</annotation>