<annotation>
	<folder>top국물면류원형배달콩국수q2</folder>
	<filename>top_국물면류_원형배달_콩국수_Q2_00035.JPG</filename>
	<path>/top국물면류원형배달콩국수q2/top_국물면류_원형배달_콩국수_Q2_00035.JPG</path>
	<source>
		<database>fooddata</database>
	</source>
	<size>
		<width>3008</width>
		<height>2000</height>
		<depth>3</depth>
	</size>
	<object>
		<name>ref_spoon</name>
		<bndbox>
			<xmin>726</xmin>
			<ymin>232</ymin>
			<xmax>984</xmax>
			<ymax>617</ymax>
		</bndbox>
	</object>
	<object>
		<name>ref_fork</name>
		<bndbox>
			<xmin>1100</xmin>
			<ymin>332</ymin>
			<xmax>1269</xmax>
			<ymax>741</ymax>
		</bndbox>
	</object>
	<object>
		<name>ref_coin</name>
		<bndbox>
			<xmin>974</xmin>
			<ymin>1631</ymin>
			<xmax>1161</xmax>
			<ymax>1822</ymax>
		</bndbox>
	</object>
	<object>
		<name>dish</name>
		<bndbox>
			<xmin>1318</xmin>
			<ymin>193</ymin>
			<xmax>2692</xmax>
			<ymax>1562</ymax>
		</bndbox>
	</object>
	<object>
		<name>콩국수</name>
		<bndbox>
			<xmin>1402</xmin>
			<ymin>349</ymin>
			<xmax>2516</xmax>
			<ymax>1472</ymax>
		</bndbox>
	</object>
</annotation>