<annotation>
	<folder>top국물면류원형배달콩국수q2</folder>
	<filename>top_국물면류_원형배달_콩국수_Q2_00012.JPG</filename>
	<path>/top국물면류원형배달콩국수q2/top_국물면류_원형배달_콩국수_Q2_00012.JPG</path>
	<source>
		<database>fooddata</database>
	</source>
	<size>
		<width>3008</width>
		<height>2000</height>
		<depth>3</depth>
	</size>
	<object>
		<name>ref_spoon</name>
		<bndbox>
			<xmin>1800</xmin>
			<ymin>414</ymin>
			<xmax>2058</xmax>
			<ymax>821</ymax>
		</bndbox>
	</object>
	<object>
		<name>ref_fork</name>
		<bndbox>
			<xmin>2172</xmin>
			<ymin>444</ymin>
			<xmax>2357</xmax>
			<ymax>866</ymax>
		</bndbox>
	</object>
	<object>
		<name>ref_coin</name>
		<bndbox>
			<xmin>2019</xmin>
			<ymin>100</ymin>
			<xmax>2199</xmax>
			<ymax>280</ymax>
		</bndbox>
	</object>
	<object>
		<name>dish</name>
		<bndbox>
			<xmin>226</xmin>
			<ymin>503</ymin>
			<xmax>1675</xmax>
			<ymax>1905</ymax>
		</bndbox>
	</object>
	<object>
		<name>콩국수</name>
		<bndbox>
			<xmin>398</xmin>
			<ymin>633</ymin>
			<xmax>1566</xmax>
			<ymax>1776</ymax>
		</bndbox>
	</object>
</annotation>