<annotation>
	<folder>top국물면류원형배달콩국수q2</folder>
	<filename>top_국물면류_원형배달_콩국수_Q2_00037.JPG</filename>
	<path>/top국물면류원형배달콩국수q2/top_국물면류_원형배달_콩국수_Q2_00037.JPG</path>
	<source>
		<database>fooddata</database>
	</source>
	<size>
		<width>3008</width>
		<height>2000</height>
		<depth>3</depth>
	</size>
	<object>
		<name>ref_spoon</name>
		<bndbox>
			<xmin>464</xmin>
			<ymin>178</ymin>
			<xmax>734</xmax>
			<ymax>582</ymax>
		</bndbox>
	</object>
	<object>
		<name>ref_fork</name>
		<bndbox>
			<xmin>849</xmin>
			<ymin>274</ymin>
			<xmax>1030</xmax>
			<ymax>692</ymax>
		</bndbox>
	</object>
	<object>
		<name>ref_coin</name>
		<bndbox>
			<xmin>2102</xmin>
			<ymin>1673</ymin>
			<xmax>2297</xmax>
			<ymax>1872</ymax>
		</bndbox>
	</object>
	<object>
		<name>dish</name>
		<bndbox>
			<xmin>1051</xmin>
			<ymin>100</ymin>
			<xmax>2446</xmax>
			<ymax>1482</ymax>
		</bndbox>
	</object>
	<object>
		<name>콩국수</name>
		<bndbox>
			<xmin>1158</xmin>
			<ymin>264</ymin>
			<xmax>2282</xmax>
			<ymax>1398</ymax>
		</bndbox>
	</object>
</annotation>