<annotation>
	<folder>side돌솥밥류돌솥알밥q1</folder>
	<filename>side_돌솥밥류_돌솥_알밥_Q1_00027.JPG</filename>
	<path>/side돌솥밥류돌솥알밥q1/side_돌솥밥류_돌솥_알밥_Q1_00027.JPG</path>
	<source>
		<database>fooddata</database>
	</source>
	<size>
		<width>720</width>
		<height>480</height>
		<depth>3</depth>
	</size>
	<object>
		<name>ref_spoon</name>
		<bndbox>
			<xmin>224</xmin>
			<ymin>386</ymin>
			<xmax>366</xmax>
			<ymax>448</ymax>
		</bndbox>
	</object>
	<object>
		<name>ref_fork</name>
		<bndbox>
			<xmin>231</xmin>
			<ymin>336</ymin>
			<xmax>384</xmax>
			<ymax>387</ymax>
		</bndbox>
	</object>
	<object>
		<name>ref_coin</name>
		<bndbox>
			<xmin>157</xmin>
			<ymin>216</ymin>
			<xmax>207</xmax>
			<ymax>253</ymax>
		</bndbox>
	</object>
	<object>
		<name>dish</name>
		<bndbox>
			<xmin>254</xmin>
			<ymin>65</ymin>
			<xmax>536</xmax>
			<ymax>303</ymax>
		</bndbox>
	</object>
	<object>
		<name>알밥</name>
		<bndbox>
			<xmin>314</xmin>
			<ymin>134</ymin>
			<xmax>489</xmax>
			<ymax>229</ymax>
		</bndbox>
	</object>
</annotation>