<annotation>
	<folder>side돌솥밥류돌솥알밥q1</folder>
	<filename>side_돌솥밥류_돌솥_알밥_Q1_00045.JPG</filename>
	<path>/side돌솥밥류돌솥알밥q1/side_돌솥밥류_돌솥_알밥_Q1_00045.JPG</path>
	<source>
		<database>fooddata</database>
	</source>
	<size>
		<width>720</width>
		<height>480</height>
		<depth>3</depth>
	</size>
	<object>
		<name>ref_spoon</name>
		<bndbox>
			<xmin>159</xmin>
			<ymin>144</ymin>
			<xmax>224</xmax>
			<ymax>258</ymax>
		</bndbox>
	</object>
	<object>
		<name>ref_fork</name>
		<bndbox>
			<xmin>250</xmin>
			<ymin>146</ymin>
			<xmax>293</xmax>
			<ymax>268</ymax>
		</bndbox>
	</object>
	<object>
		<name>ref_coin</name>
		<bndbox>
			<xmin>456</xmin>
			<ymin>396</ymin>
			<xmax>508</xmax>
			<ymax>439</ymax>
		</bndbox>
	</object>
	<object>
		<name>dish</name>
		<bndbox>
			<xmin>301</xmin>
			<ymin>74</ymin>
			<xmax>584</xmax>
			<ymax>314</ymax>
		</bndbox>
	</object>
	<object>
		<name>알밥</name>
		<bndbox>
			<xmin>334</xmin>
			<ymin>135</ymin>
			<xmax>506</xmax>
			<ymax>241</ymax>
		</bndbox>
	</object>
</annotation>