<annotation>
	<folder>side돌솥밥류돌솥알밥q1</folder>
	<filename>side_돌솥밥류_돌솥_알밥_Q1_00035.JPG</filename>
	<path>/side돌솥밥류돌솥알밥q1/side_돌솥밥류_돌솥_알밥_Q1_00035.JPG</path>
	<source>
		<database>fooddata</database>
	</source>
	<size>
		<width>720</width>
		<height>480</height>
		<depth>3</depth>
	</size>
	<object>
		<name>ref_spoon</name>
		<bndbox>
			<xmin>187</xmin>
			<ymin>131</ymin>
			<xmax>254</xmax>
			<ymax>248</ymax>
		</bndbox>
	</object>
	<object>
		<name>ref_fork</name>
		<bndbox>
			<xmin>278</xmin>
			<ymin>135</ymin>
			<xmax>322</xmax>
			<ymax>262</ymax>
		</bndbox>
	</object>
	<object>
		<name>ref_coin</name>
		<bndbox>
			<xmin>450</xmin>
			<ymin>389</ymin>
			<xmax>502</xmax>
			<ymax>433</ymax>
		</bndbox>
	</object>
	<object>
		<name>dish</name>
		<bndbox>
			<xmin>346</xmin>
			<ymin>76</ymin>
			<xmax>634</xmax>
			<ymax>321</ymax>
		</bndbox>
	</object>
	<object>
		<name>알밥</name>
		<bndbox>
			<xmin>391</xmin>
			<ymin>143</ymin>
			<xmax>533</xmax>
			<ymax>252</ymax>
		</bndbox>
	</object>
</annotation>