<annotation>
	<folder>side돌솥밥류돌솥알밥q1</folder>
	<filename>side_돌솥밥류_돌솥_알밥_Q1_00002.JPG</filename>
	<path>/side돌솥밥류돌솥알밥q1/side_돌솥밥류_돌솥_알밥_Q1_00002.JPG</path>
	<source>
		<database>fooddata</database>
	</source>
	<size>
		<width>720</width>
		<height>480</height>
		<depth>3</depth>
	</size>
	<object>
		<name>ref_spoon</name>
		<bndbox>
			<xmin>467</xmin>
			<ymin>127</ymin>
			<xmax>533</xmax>
			<ymax>244</ymax>
		</bndbox>
	</object>
	<object>
		<name>ref_fork</name>
		<bndbox>
			<xmin>553</xmin>
			<ymin>126</ymin>
			<xmax>599</xmax>
			<ymax>251</ymax>
		</bndbox>
	</object>
	<object>
		<name>ref_coin</name>
		<bndbox>
			<xmin>341</xmin>
			<ymin>400</ymin>
			<xmax>394</xmax>
			<ymax>445</ymax>
		</bndbox>
	</object>
	<object>
		<name>dish</name>
		<bndbox>
			<xmin>161</xmin>
			<ymin>95</ymin>
			<xmax>457</xmax>
			<ymax>348</ymax>
		</bndbox>
	</object>
	<object>
		<name>알밥</name>
		<bndbox>
			<xmin>217</xmin>
			<ymin>173</ymin>
			<xmax>404</xmax>
			<ymax>275</ymax>
		</bndbox>
	</object>
</annotation>