<annotation>
	<folder>side돌솥밥류돌솥알밥q1</folder>
	<filename>side_돌솥밥류_돌솥_알밥_Q1_00017.JPG</filename>
	<path>/side돌솥밥류돌솥알밥q1/side_돌솥밥류_돌솥_알밥_Q1_00017.JPG</path>
	<source>
		<database>fooddata</database>
	</source>
	<size>
		<width>720</width>
		<height>480</height>
		<depth>3</depth>
	</size>
	<object>
		<name>ref_spoon</name>
		<bndbox>
			<xmin>167</xmin>
			<ymin>362</ymin>
			<xmax>321</xmax>
			<ymax>429</ymax>
		</bndbox>
	</object>
	<object>
		<name>ref_fork</name>
		<bndbox>
			<xmin>177</xmin>
			<ymin>308</ymin>
			<xmax>333</xmax>
			<ymax>366</ymax>
		</bndbox>
	</object>
	<object>
		<name>ref_coin</name>
		<bndbox>
			<xmin>529</xmin>
			<ymin>285</ymin>
			<xmax>580</xmax>
			<ymax>325</ymax>
		</bndbox>
	</object>
	<object>
		<name>dish</name>
		<bndbox>
			<xmin>221</xmin>
			<ymin>50</ymin>
			<xmax>519</xmax>
			<ymax>301</ymax>
		</bndbox>
	</object>
	<object>
		<name>알밥</name>
		<bndbox>
			<xmin>292</xmin>
			<ymin>156</ymin>
			<xmax>458</xmax>
			<ymax>224</ymax>
		</bndbox>
	</object>
</annotation>