<annotation>
	<folder>side돌솥밥류돌솥알밥q1</folder>
	<filename>side_돌솥밥류_돌솥_알밥_Q1_00043.JPG</filename>
	<path>/side돌솥밥류돌솥알밥q1/side_돌솥밥류_돌솥_알밥_Q1_00043.JPG</path>
	<source>
		<database>fooddata</database>
	</source>
	<size>
		<width>720</width>
		<height>480</height>
		<depth>3</depth>
	</size>
	<object>
		<name>ref_spoon</name>
		<bndbox>
			<xmin>109</xmin>
			<ymin>154</ymin>
			<xmax>178</xmax>
			<ymax>268</ymax>
		</bndbox>
	</object>
	<object>
		<name>ref_fork</name>
		<bndbox>
			<xmin>202</xmin>
			<ymin>160</ymin>
			<xmax>249</xmax>
			<ymax>290</ymax>
		</bndbox>
	</object>
	<object>
		<name>ref_coin</name>
		<bndbox>
			<xmin>319</xmin>
			<ymin>63</ymin>
			<xmax>364</xmax>
			<ymax>94</ymax>
		</bndbox>
	</object>
	<object>
		<name>dish</name>
		<bndbox>
			<xmin>260</xmin>
			<ymin>96</ymin>
			<xmax>552</xmax>
			<ymax>344</ymax>
		</bndbox>
	</object>
	<object>
		<name>알밥</name>
		<bndbox>
			<xmin>321</xmin>
			<ymin>152</ymin>
			<xmax>490</xmax>
			<ymax>268</ymax>
		</bndbox>
	</object>
</annotation>