<annotation>
	<folder>side돌솥밥류돌솥알밥q1</folder>
	<filename>side_돌솥밥류_돌솥_알밥_Q1_00005.JPG</filename>
	<path>/side돌솥밥류돌솥알밥q1/side_돌솥밥류_돌솥_알밥_Q1_00005.JPG</path>
	<source>
		<database>fooddata</database>
	</source>
	<size>
		<width>720</width>
		<height>480</height>
		<depth>3</depth>
	</size>
	<object>
		<name>ref_spoon</name>
		<bndbox>
			<xmin>484</xmin>
			<ymin>129</ymin>
			<xmax>549</xmax>
			<ymax>241</ymax>
		</bndbox>
	</object>
	<object>
		<name>ref_fork</name>
		<bndbox>
			<xmin>569</xmin>
			<ymin>129</ymin>
			<xmax>616</xmax>
			<ymax>259</ymax>
		</bndbox>
	</object>
	<object>
		<name>ref_coin</name>
		<bndbox>
			<xmin>66</xmin>
			<ymin>313</ymin>
			<xmax>120</xmax>
			<ymax>354</ymax>
		</bndbox>
	</object>
	<object>
		<name>dish</name>
		<bndbox>
			<xmin>156</xmin>
			<ymin>93</ymin>
			<xmax>456</xmax>
			<ymax>351</ymax>
		</bndbox>
	</object>
	<object>
		<name>알밥</name>
		<bndbox>
			<xmin>236</xmin>
			<ymin>181</ymin>
			<xmax>405</xmax>
			<ymax>274</ymax>
		</bndbox>
	</object>
</annotation>