<annotation>
	<folder>top돌솥밥류돌솥알밥q1</folder>
	<filename>top_돌솥밥류_돌솥_알밥_Q1_00032.JPG</filename>
	<path>/top돌솥밥류돌솥알밥q1/top_돌솥밥류_돌솥_알밥_Q1_00032.JPG</path>
	<source>
		<database>fooddata</database>
	</source>
	<size>
		<width>5472</width>
		<height>3648</height>
		<depth>3</depth>
	</size>
	<object>
		<name>ref_spoon</name>
		<bndbox>
			<xmin>1660</xmin>
			<ymin>2935</ymin>
			<xmax>2364</xmax>
			<ymax>3370</ymax>
		</bndbox>
	</object>
	<object>
		<name>ref_fork</name>
		<bndbox>
			<xmin>1943</xmin>
			<ymin>2519</ymin>
			<xmax>2660</xmax>
			<ymax>2801</ymax>
		</bndbox>
	</object>
	<object>
		<name>ref_coin</name>
		<bndbox>
			<xmin>3265</xmin>
			<ymin>242</ymin>
			<xmax>3538</xmax>
			<ymax>511</ymax>
		</bndbox>
	</object>
	<object>
		<name>dish</name>
		<bndbox>
			<xmin>2140</xmin>
			<ymin>704</ymin>
			<xmax>3924</xmax>
			<ymax>2442</ymax>
		</bndbox>
	</object>
	<object>
		<name>알밥</name>
		<bndbox>
			<xmin>2785</xmin>
			<ymin>1268</ymin>
			<xmax>3664</xmax>
			<ymax>1923</ymax>
		</bndbox>
	</object>
</annotation>