<annotation>
	<folder>top돌솥밥류돌솥알밥q1</folder>
	<filename>top_돌솥밥류_돌솥_알밥_Q1_00046.JPG</filename>
	<path>/top돌솥밥류돌솥알밥q1/top_돌솥밥류_돌솥_알밥_Q1_00046.JPG</path>
	<source>
		<database>fooddata</database>
	</source>
	<size>
		<width>5472</width>
		<height>3648</height>
		<depth>3</depth>
	</size>
	<object>
		<name>ref_spoon</name>
		<bndbox>
			<xmin>979</xmin>
			<ymin>529</ymin>
			<xmax>1535</xmax>
			<ymax>1457</ymax>
		</bndbox>
	</object>
	<object>
		<name>ref_fork</name>
		<bndbox>
			<xmin>1746</xmin>
			<ymin>641</ymin>
			<xmax>2118</xmax>
			<ymax>1663</ymax>
		</bndbox>
	</object>
	<object>
		<name>ref_coin</name>
		<bndbox>
			<xmin>3144</xmin>
			<ymin>255</ymin>
			<xmax>3525</xmax>
			<ymax>641</ymax>
		</bndbox>
	</object>
	<object>
		<name>dish</name>
		<bndbox>
			<xmin>2198</xmin>
			<ymin>748</ymin>
			<xmax>4766</xmax>
			<ymax>3312</ymax>
		</bndbox>
	</object>
	<object>
		<name>알밥</name>
		<bndbox>
			<xmin>2781</xmin>
			<ymin>1380</ymin>
			<xmax>4197</xmax>
			<ymax>2658</ymax>
		</bndbox>
	</object>
</annotation>