<annotation>
	<folder>top돌솥밥류돌솥알밥q1</folder>
	<filename>top_돌솥밥류_돌솥_알밥_Q1_00010.JPG</filename>
	<path>/top돌솥밥류돌솥알밥q1/top_돌솥밥류_돌솥_알밥_Q1_00010.JPG</path>
	<source>
		<database>fooddata</database>
	</source>
	<size>
		<width>5472</width>
		<height>3648</height>
		<depth>3</depth>
	</size>
	<object>
		<name>ref_spoon</name>
		<bndbox>
			<xmin>3511</xmin>
			<ymin>323</ymin>
			<xmax>4031</xmax>
			<ymax>1188</ymax>
		</bndbox>
	</object>
	<object>
		<name>ref_fork</name>
		<bndbox>
			<xmin>4237</xmin>
			<ymin>497</ymin>
			<xmax>4609</xmax>
			<ymax>1452</ymax>
		</bndbox>
	</object>
	<object>
		<name>ref_coin</name>
		<bndbox>
			<xmin>2548</xmin>
			<ymin>556</ymin>
			<xmax>2911</xmax>
			<ymax>914</ymax>
		</bndbox>
	</object>
	<object>
		<name>dish</name>
		<bndbox>
			<xmin>1118</xmin>
			<ymin>941</ymin>
			<xmax>3507</xmax>
			<ymax>3325</ymax>
		</bndbox>
	</object>
	<object>
		<name>알밥</name>
		<bndbox>
			<xmin>1557</xmin>
			<ymin>1295</ymin>
			<xmax>2570</xmax>
			<ymax>2308</ymax>
		</bndbox>
	</object>
</annotation>