<annotation>
	<folder>재작업2</folder>
	<filename>top_돌솥밥류_돌솥_알밥_Q1_00036.JPG</filename>
	<path>/top돌솥밥류돌솥알밥q1/top_돌솥밥류_돌솥_알밥_Q1_00036.JPG</path>
	<source>
		<database>fooddata</database>
	</source>
	<size>
		<width>5472</width>
		<height>3648</height>
		<depth>3</depth>
	</size>
	<object>
		<name>ref_spoon</name>
		<bndbox>
			<xmin>1121</xmin>
			<ymin>368</ymin>
			<xmax>1618</xmax>
			<ymax>1103</ymax>
		</bndbox>
	</object>
	<object>
		<name>ref_fork</name>
		<bndbox>
			<xmin>1802</xmin>
			<ymin>487</ymin>
			<xmax>2130</xmax>
			<ymax>1322</ymax>
		</bndbox>
	</object>
	<object>
		<name>ref_coin</name>
		<bndbox>
			<xmin>2249</xmin>
			<ymin>2734</ymin>
			<xmax>2612</xmax>
			<ymax>3101</ymax>
		</bndbox>
	</object>
	<object>
		<name>dish</name>
		<bndbox>
			<xmin>2189</xmin>
			<ymin>596</ymin>
			<xmax>4456</xmax>
			<ymax>2848</ymax>
		</bndbox>
	</object>
	<object>
		<name>알밥</name>
		<bndbox>
			<xmin>2622</xmin>
			<ymin>984</ymin>
			<xmax>3914</xmax>
			<ymax>1784</ymax>
		</bndbox>
	</object>
</annotation>