<annotation>
	<folder>top돌솥밥류돌솥알밥q1</folder>
	<filename>top_돌솥밥류_돌솥_알밥_Q1_00027.JPG</filename>
	<path>/top돌솥밥류돌솥알밥q1/top_돌솥밥류_돌솥_알밥_Q1_00027.JPG</path>
	<source>
		<database>fooddata</database>
	</source>
	<size>
		<width>5472</width>
		<height>3648</height>
		<depth>3</depth>
	</size>
	<object>
		<name>ref_spoon</name>
		<bndbox>
			<xmin>1181</xmin>
			<ymin>2873</ymin>
			<xmax>2019</xmax>
			<ymax>3388</ymax>
		</bndbox>
	</object>
	<object>
		<name>ref_fork</name>
		<bndbox>
			<xmin>1535</xmin>
			<ymin>2380</ymin>
			<xmax>2427</xmax>
			<ymax>2716</ymax>
		</bndbox>
	</object>
	<object>
		<name>ref_coin</name>
		<bndbox>
			<xmin>3933</xmin>
			<ymin>1909</ymin>
			<xmax>4282</xmax>
			<ymax>2259</ymax>
		</bndbox>
	</object>
	<object>
		<name>dish</name>
		<bndbox>
			<xmin>1728</xmin>
			<ymin>193</ymin>
			<xmax>3888</xmax>
			<ymax>2335</ymax>
		</bndbox>
	</object>
	<object>
		<name>알밥</name>
		<bndbox>
			<xmin>2118</xmin>
			<ymin>668</ymin>
			<xmax>3095</xmax>
			<ymax>1488</ymax>
		</bndbox>
	</object>
</annotation>