<annotation>
	<folder>top돌솥밥류돌솥알밥q1</folder>
	<filename>top_돌솥밥류_돌솥_알밥_Q1_00041.JPG</filename>
	<path>/top돌솥밥류돌솥알밥q1/top_돌솥밥류_돌솥_알밥_Q1_00041.JPG</path>
	<source>
		<database>fooddata</database>
	</source>
	<size>
		<width>5472</width>
		<height>3648</height>
		<depth>3</depth>
	</size>
	<object>
		<name>ref_spoon</name>
		<bndbox>
			<xmin>1145</xmin>
			<ymin>345</ymin>
			<xmax>1616</xmax>
			<ymax>1138</ymax>
		</bndbox>
	</object>
	<object>
		<name>ref_fork</name>
		<bndbox>
			<xmin>1790</xmin>
			<ymin>448</ymin>
			<xmax>2109</xmax>
			<ymax>1304</ymax>
		</bndbox>
	</object>
	<object>
		<name>ref_coin</name>
		<bndbox>
			<xmin>4367</xmin>
			<ymin>2277</ymin>
			<xmax>4730</xmax>
			<ymax>2644</ymax>
		</bndbox>
	</object>
	<object>
		<name>dish</name>
		<bndbox>
			<xmin>2167</xmin>
			<ymin>511</ymin>
			<xmax>4340</xmax>
			<ymax>2675</ymax>
		</bndbox>
	</object>
	<object>
		<name>알밥</name>
		<bndbox>
			<xmin>2561</xmin>
			<ymin>1219</ymin>
			<xmax>3892</xmax>
			<ymax>2281</ymax>
		</bndbox>
	</object>
</annotation>