<annotation>
	<folder>top돌솥밥류돌솥알밥q1</folder>
	<filename>top_돌솥밥류_돌솥_알밥_Q1_00016.JPG</filename>
	<path>/top돌솥밥류돌솥알밥q1/top_돌솥밥류_돌솥_알밥_Q1_00016.JPG</path>
	<source>
		<database>fooddata</database>
	</source>
	<size>
		<width>5472</width>
		<height>3648</height>
		<depth>3</depth>
	</size>
	<object>
		<name>ref_spoon</name>
		<bndbox>
			<xmin>3731</xmin>
			<ymin>197</ymin>
			<xmax>4215</xmax>
			<ymax>995</ymax>
		</bndbox>
	</object>
	<object>
		<name>ref_fork</name>
		<bndbox>
			<xmin>4399</xmin>
			<ymin>367</ymin>
			<xmax>4762</xmax>
			<ymax>1259</ymax>
		</bndbox>
	</object>
	<object>
		<name>ref_coin</name>
		<bndbox>
			<xmin>1002</xmin>
			<ymin>1327</ymin>
			<xmax>1356</xmax>
			<ymax>1681</ymax>
		</bndbox>
	</object>
	<object>
		<name>dish</name>
		<bndbox>
			<xmin>1593</xmin>
			<ymin>632</ymin>
			<xmax>3803</xmax>
			<ymax>2810</ymax>
		</bndbox>
	</object>
	<object>
		<name>알밥</name>
		<bndbox>
			<xmin>2857</xmin>
			<ymin>1376</ymin>
			<xmax>3462</xmax>
			<ymax>2460</ymax>
		</bndbox>
	</object>
</annotation>