<annotation>
	<folder>top돌솥밥류돌솥알밥q1</folder>
	<filename>top_돌솥밥류_돌솥_알밥_Q1_00007.JPG</filename>
	<path>/top돌솥밥류돌솥알밥q1/top_돌솥밥류_돌솥_알밥_Q1_00007.JPG</path>
	<source>
		<database>fooddata</database>
	</source>
	<size>
		<width>5472</width>
		<height>3648</height>
		<depth>3</depth>
	</size>
	<object>
		<name>ref_spoon</name>
		<bndbox>
			<xmin>3314</xmin>
			<ymin>341</ymin>
			<xmax>3812</xmax>
			<ymax>1165</ymax>
		</bndbox>
	</object>
	<object>
		<name>ref_fork</name>
		<bndbox>
			<xmin>3986</xmin>
			<ymin>538</ymin>
			<xmax>4363</xmax>
			<ymax>1434</ymax>
		</bndbox>
	</object>
	<object>
		<name>ref_coin</name>
		<bndbox>
			<xmin>760</xmin>
			<ymin>820</ymin>
			<xmax>1123</xmax>
			<ymax>1183</ymax>
		</bndbox>
	</object>
	<object>
		<name>dish</name>
		<bndbox>
			<xmin>1087</xmin>
			<ymin>654</ymin>
			<xmax>3368</xmax>
			<ymax>2882</ymax>
		</bndbox>
	</object>
	<object>
		<name>알밥</name>
		<bndbox>
			<xmin>1454</xmin>
			<ymin>1273</ymin>
			<xmax>2100</xmax>
			<ymax>2438</ymax>
		</bndbox>
	</object>
</annotation>