<annotation>
	<folder>top돌솥밥류돌솥알밥q1</folder>
	<filename>top_돌솥밥류_돌솥_알밥_Q1_00038.JPG</filename>
	<path>/top돌솥밥류돌솥알밥q1/top_돌솥밥류_돌솥_알밥_Q1_00038.JPG</path>
	<source>
		<database>fooddata</database>
	</source>
	<size>
		<width>5472</width>
		<height>3648</height>
		<depth>3</depth>
	</size>
	<object>
		<name>ref_spoon</name>
		<bndbox>
			<xmin>1123</xmin>
			<ymin>215</ymin>
			<xmax>1625</xmax>
			<ymax>1062</ymax>
		</bndbox>
	</object>
	<object>
		<name>ref_fork</name>
		<bndbox>
			<xmin>1786</xmin>
			<ymin>359</ymin>
			<xmax>2122</xmax>
			<ymax>1264</ymax>
		</bndbox>
	</object>
	<object>
		<name>ref_coin</name>
		<bndbox>
			<xmin>2987</xmin>
			<ymin>2935</ymin>
			<xmax>3363</xmax>
			<ymax>3325</ymax>
		</bndbox>
	</object>
	<object>
		<name>dish</name>
		<bndbox>
			<xmin>2149</xmin>
			<ymin>497</ymin>
			<xmax>4439</xmax>
			<ymax>2770</ymax>
		</bndbox>
	</object>
	<object>
		<name>알밥</name>
		<bndbox>
			<xmin>2642</xmin>
			<ymin>851</ymin>
			<xmax>3874</xmax>
			<ymax>1900</ymax>
		</bndbox>
	</object>
</annotation>