<annotation>
	<folder>top돌솥밥류돌솥알밥q1</folder>
	<filename>top_돌솥밥류_돌솥_알밥_Q1_00025.JPG</filename>
	<path>/top돌솥밥류돌솥알밥q1/top_돌솥밥류_돌솥_알밥_Q1_00025.JPG</path>
	<source>
		<database>fooddata</database>
	</source>
	<size>
		<width>5472</width>
		<height>3648</height>
		<depth>3</depth>
	</size>
	<object>
		<name>ref_spoon</name>
		<bndbox>
			<xmin>1463</xmin>
			<ymin>2738</ymin>
			<xmax>2212</xmax>
			<ymax>3191</ymax>
		</bndbox>
	</object>
	<object>
		<name>ref_fork</name>
		<bndbox>
			<xmin>1795</xmin>
			<ymin>2335</ymin>
			<xmax>2584</xmax>
			<ymax>2635</ymax>
		</bndbox>
	</object>
	<object>
		<name>ref_coin</name>
		<bndbox>
			<xmin>3933</xmin>
			<ymin>932</ymin>
			<xmax>4237</xmax>
			<ymax>1228</ymax>
		</bndbox>
	</object>
	<object>
		<name>dish</name>
		<bndbox>
			<xmin>2010</xmin>
			<ymin>480</ymin>
			<xmax>3910</xmax>
			<ymax>2357</ymax>
		</bndbox>
	</object>
	<object>
		<name>알밥</name>
		<bndbox>
			<xmin>2283</xmin>
			<ymin>1156</ymin>
			<xmax>3216</xmax>
			<ymax>1972</ymax>
		</bndbox>
	</object>
</annotation>