<annotation>
	<folder>top돌솥밥류돌솥알밥q1</folder>
	<filename>top_돌솥밥류_돌솥_알밥_Q1_00054.JPG</filename>
	<path>/top돌솥밥류돌솥알밥q1/top_돌솥밥류_돌솥_알밥_Q1_00054.JPG</path>
	<source>
		<database>fooddata</database>
	</source>
	<size>
		<width>5472</width>
		<height>3648</height>
		<depth>3</depth>
	</size>
	<object>
		<name>ref_spoon</name>
		<bndbox>
			<xmin>903</xmin>
			<ymin>202</ymin>
			<xmax>1432</xmax>
			<ymax>1089</ymax>
		</bndbox>
	</object>
	<object>
		<name>ref_fork</name>
		<bndbox>
			<xmin>1642</xmin>
			<ymin>314</ymin>
			<xmax>1992</xmax>
			<ymax>1259</ymax>
		</bndbox>
	</object>
	<object>
		<name>ref_coin</name>
		<bndbox>
			<xmin>4457</xmin>
			<ymin>2295</ymin>
			<xmax>4856</xmax>
			<ymax>2693</ymax>
		</bndbox>
	</object>
	<object>
		<name>dish</name>
		<bndbox>
			<xmin>2064</xmin>
			<ymin>408</ymin>
			<xmax>4497</xmax>
			<ymax>2841</ymax>
		</bndbox>
	</object>
	<object>
		<name>알밥</name>
		<bndbox>
			<xmin>2857</xmin>
			<ymin>955</ymin>
			<xmax>4058</xmax>
			<ymax>2474</ymax>
		</bndbox>
	</object>
</annotation>