<annotation>
	<folder>top돌솥밥류돌솥알밥q1</folder>
	<filename>top_돌솥밥류_돌솥_알밥_Q1_00002.JPG</filename>
	<path>/top돌솥밥류돌솥알밥q1/top_돌솥밥류_돌솥_알밥_Q1_00002.JPG</path>
	<source>
		<database>fooddata</database>
	</source>
	<size>
		<width>5472</width>
		<height>3648</height>
		<depth>3</depth>
	</size>
	<object>
		<name>ref_spoon</name>
		<bndbox>
			<xmin>3189</xmin>
			<ymin>291</ymin>
			<xmax>3682</xmax>
			<ymax>1089</ymax>
		</bndbox>
	</object>
	<object>
		<name>ref_fork</name>
		<bndbox>
			<xmin>3892</xmin>
			<ymin>448</ymin>
			<xmax>4228</xmax>
			<ymax>1358</ymax>
		</bndbox>
	</object>
	<object>
		<name>ref_coin</name>
		<bndbox>
			<xmin>1885</xmin>
			<ymin>2891</ymin>
			<xmax>2248</xmax>
			<ymax>3267</ymax>
		</bndbox>
	</object>
	<object>
		<name>dish</name>
		<bndbox>
			<xmin>970</xmin>
			<ymin>493</ymin>
			<xmax>3207</xmax>
			<ymax>2707</ymax>
		</bndbox>
	</object>
	<object>
		<name>알밥</name>
		<bndbox>
			<xmin>2283</xmin>
			<ymin>1201</ymin>
			<xmax>2897</xmax>
			<ymax>2321</ymax>
		</bndbox>
	</object>
</annotation>