<annotation>
	<folder>top돌솥밥류돌솥알밥q1</folder>
	<filename>top_돌솥밥류_돌솥_알밥_Q1_00009.JPG</filename>
	<path>/top돌솥밥류돌솥알밥q1/top_돌솥밥류_돌솥_알밥_Q1_00009.JPG</path>
	<source>
		<database>fooddata</database>
	</source>
	<size>
		<width>5472</width>
		<height>3648</height>
		<depth>3</depth>
	</size>
	<object>
		<name>ref_spoon</name>
		<bndbox>
			<xmin>3538</xmin>
			<ymin>287</ymin>
			<xmax>4054</xmax>
			<ymax>1143</ymax>
		</bndbox>
	</object>
	<object>
		<name>ref_fork</name>
		<bndbox>
			<xmin>4251</xmin>
			<ymin>466</ymin>
			<xmax>4627</xmax>
			<ymax>1425</ymax>
		</bndbox>
	</object>
	<object>
		<name>ref_coin</name>
		<bndbox>
			<xmin>2104</xmin>
			<ymin>273</ymin>
			<xmax>2467</xmax>
			<ymax>632</ymax>
		</bndbox>
	</object>
	<object>
		<name>dish</name>
		<bndbox>
			<xmin>1226</xmin>
			<ymin>798</ymin>
			<xmax>3605</xmax>
			<ymax>3160</ymax>
		</bndbox>
	</object>
	<object>
		<name>알밥</name>
		<bndbox>
			<xmin>1629</xmin>
			<ymin>1147</ymin>
			<xmax>2507</xmax>
			<ymax>2339</ymax>
		</bndbox>
	</object>
</annotation>