<annotation>
	<folder>side국물면류원형배달콩국수q1</folder>
	<filename>side_국물면류_원형배달_콩국수_Q1_00007.JPG</filename>
	<path>/side국물면류원형배달콩국수q1/side_국물면류_원형배달_콩국수_Q1_00007.JPG</path>
	<source>
		<database>fooddata</database>
	</source>
	<size>
		<width>3008</width>
		<height>2000</height>
		<depth>3</depth>
	</size>
	<object>
		<name>ref_spoon</name>
		<bndbox>
			<xmin>2032</xmin>
			<ymin>510</ymin>
			<xmax>2307</xmax>
			<ymax>886</ymax>
		</bndbox>
	</object>
	<object>
		<name>ref_fork</name>
		<bndbox>
			<xmin>2429</xmin>
			<ymin>560</ymin>
			<xmax>2642</xmax>
			<ymax>982</ymax>
		</bndbox>
	</object>
	<object>
		<name>ref_coin</name>
		<bndbox>
			<xmin>56</xmin>
			<ymin>952</ymin>
			<xmax>285</xmax>
			<ymax>1130</ymax>
		</bndbox>
	</object>
	<object>
		<name>dish</name>
		<bndbox>
			<xmin>523</xmin>
			<ymin>235</ymin>
			<xmax>1941</xmax>
			<ymax>1516</ymax>
		</bndbox>
	</object>
	<object>
		<name>콩국수</name>
		<bndbox>
			<xmin>640</xmin>
			<ymin>545</ymin>
			<xmax>1855</xmax>
			<ymax>1185</ymax>
		</bndbox>
	</object>
</annotation>