<annotation>
	<folder>side국물면류원형배달콩국수q1</folder>
	<filename>side_국물면류_원형배달_콩국수_Q1_00049.JPG</filename>
	<path>/side국물면류원형배달콩국수q1/side_국물면류_원형배달_콩국수_Q1_00049.JPG</path>
	<source>
		<database>fooddata</database>
	</source>
	<size>
		<width>3008</width>
		<height>2000</height>
		<depth>3</depth>
	</size>
	<object>
		<name>ref_spoon</name>
		<bndbox>
			<xmin>213</xmin>
			<ymin>383</ymin>
			<xmax>518</xmax>
			<ymax>779</ymax>
		</bndbox>
	</object>
	<object>
		<name>ref_fork</name>
		<bndbox>
			<xmin>589</xmin>
			<ymin>439</ymin>
			<xmax>813</xmax>
			<ymax>865</ymax>
		</bndbox>
	</object>
	<object>
		<name>ref_coin</name>
		<bndbox>
			<xmin>2276</xmin>
			<ymin>1648</ymin>
			<xmax>2546</xmax>
			<ymax>1851</ymax>
		</bndbox>
	</object>
	<object>
		<name>dish</name>
		<bndbox>
			<xmin>874</xmin>
			<ymin>149</ymin>
			<xmax>2286</xmax>
			<ymax>1434</ymax>
		</bndbox>
	</object>
	<object>
		<name>콩국수</name>
		<bndbox>
			<xmin>960</xmin>
			<ymin>423</ymin>
			<xmax>2205</xmax>
			<ymax>1099</ymax>
		</bndbox>
	</object>
</annotation>