<annotation>
	<folder>side국물면류원형배달콩국수q1</folder>
	<filename>side_국물면류_원형배달_콩국수_Q1_00004.JPG</filename>
	<path>/side국물면류원형배달콩국수q1/side_국물면류_원형배달_콩국수_Q1_00004.JPG</path>
	<source>
		<database>fooddata</database>
	</source>
	<size>
		<width>3008</width>
		<height>2000</height>
		<depth>3</depth>
	</size>
	<object>
		<name>ref_spoon</name>
		<bndbox>
			<xmin>1895</xmin>
			<ymin>378</ymin>
			<xmax>2175</xmax>
			<ymax>738</ymax>
		</bndbox>
	</object>
	<object>
		<name>ref_fork</name>
		<bndbox>
			<xmin>2297</xmin>
			<ymin>433</ymin>
			<xmax>2500</xmax>
			<ymax>845</ymax>
		</bndbox>
	</object>
	<object>
		<name>ref_coin</name>
		<bndbox>
			<xmin>442</xmin>
			<ymin>1414</ymin>
			<xmax>681</xmax>
			<ymax>1617</ymax>
		</bndbox>
	</object>
	<object>
		<name>dish</name>
		<bndbox>
			<xmin>447</xmin>
			<ymin>68</ymin>
			<xmax>1844</xmax>
			<ymax>1333</ymax>
		</bndbox>
	</object>
	<object>
		<name>콩국수</name>
		<bndbox>
			<xmin>544</xmin>
			<ymin>378</ymin>
			<xmax>1758</xmax>
			<ymax>997</ymax>
		</bndbox>
	</object>
</annotation>