<annotation>
	<folder>side국물면류원형배달콩국수q1</folder>
	<filename>side_국물면류_원형배달_콩국수_Q1_00038.JPG</filename>
	<path>/side국물면류원형배달콩국수q1/side_국물면류_원형배달_콩국수_Q1_00038.JPG</path>
	<source>
		<database>fooddata</database>
	</source>
	<size>
		<width>3008</width>
		<height>2000</height>
		<depth>3</depth>
	</size>
	<object>
		<name>ref_spoon</name>
		<bndbox>
			<xmin>193</xmin>
			<ymin>296</ymin>
			<xmax>478</xmax>
			<ymax>662</ymax>
		</bndbox>
	</object>
	<object>
		<name>ref_fork</name>
		<bndbox>
			<xmin>559</xmin>
			<ymin>352</ymin>
			<xmax>767</xmax>
			<ymax>764</ymax>
		</bndbox>
	</object>
	<object>
		<name>ref_coin</name>
		<bndbox>
			<xmin>2078</xmin>
			<ymin>1475</ymin>
			<xmax>2317</xmax>
			<ymax>1668</ymax>
		</bndbox>
	</object>
	<object>
		<name>dish</name>
		<bndbox>
			<xmin>894</xmin>
			<ymin>73</ymin>
			<xmax>2307</xmax>
			<ymax>1358</ymax>
		</bndbox>
	</object>
	<object>
		<name>콩국수</name>
		<bndbox>
			<xmin>996</xmin>
			<ymin>332</ymin>
			<xmax>2205</xmax>
			<ymax>1028</ymax>
		</bndbox>
	</object>
</annotation>