<annotation>
	<folder>side국물면류원형배달콩국수q1</folder>
	<filename>side_국물면류_원형배달_콩국수_Q1_00051.JPG</filename>
	<path>/side국물면류원형배달콩국수q1/side_국물면류_원형배달_콩국수_Q1_00051.JPG</path>
	<source>
		<database>fooddata</database>
	</source>
	<size>
		<width>3008</width>
		<height>2000</height>
		<depth>3</depth>
	</size>
	<object>
		<name>ref_spoon</name>
		<bndbox>
			<xmin>290</xmin>
			<ymin>286</ymin>
			<xmax>589</xmax>
			<ymax>667</ymax>
		</bndbox>
	</object>
	<object>
		<name>ref_fork</name>
		<bndbox>
			<xmin>666</xmin>
			<ymin>342</ymin>
			<xmax>899</xmax>
			<ymax>769</ymax>
		</bndbox>
	</object>
	<object>
		<name>ref_coin</name>
		<bndbox>
			<xmin>1453</xmin>
			<ymin>1561</ymin>
			<xmax>1707</xmax>
			<ymax>1755</ymax>
		</bndbox>
	</object>
	<object>
		<name>dish</name>
		<bndbox>
			<xmin>955</xmin>
			<ymin>42</ymin>
			<xmax>2378</xmax>
			<ymax>1333</ymax>
		</bndbox>
	</object>
	<object>
		<name>콩국수</name>
		<bndbox>
			<xmin>1047</xmin>
			<ymin>357</ymin>
			<xmax>2286</xmax>
			<ymax>997</ymax>
		</bndbox>
	</object>
</annotation>