<annotation>
	<folder>side국물면류원형배달콩국수q1</folder>
	<filename>side_국물면류_원형배달_콩국수_Q1_00028.JPG</filename>
	<path>/side국물면류원형배달콩국수q1/side_국물면류_원형배달_콩국수_Q1_00028.JPG</path>
	<source>
		<database>fooddata</database>
	</source>
	<size>
		<width>3008</width>
		<height>2000</height>
		<depth>3</depth>
	</size>
	<object>
		<name>ref_spoon</name>
		<bndbox>
			<xmin>600</xmin>
			<ymin>1495</ymin>
			<xmax>1057</xmax>
			<ymax>1795</ymax>
		</bndbox>
	</object>
	<object>
		<name>ref_fork</name>
		<bndbox>
			<xmin>671</xmin>
			<ymin>1277</ymin>
			<xmax>1184</xmax>
			<ymax>1546</ymax>
		</bndbox>
	</object>
	<object>
		<name>ref_coin</name>
		<bndbox>
			<xmin>203</xmin>
			<ymin>637</ymin>
			<xmax>417</xmax>
			<ymax>804</ymax>
		</bndbox>
	</object>
	<object>
		<name>dish</name>
		<bndbox>
			<xmin>864</xmin>
			<ymin>57</ymin>
			<xmax>2165</xmax>
			<ymax>1226</ymax>
		</bndbox>
	</object>
	<object>
		<name>콩국수</name>
		<bndbox>
			<xmin>945</xmin>
			<ymin>357</ymin>
			<xmax>2088</xmax>
			<ymax>896</ymax>
		</bndbox>
	</object>
</annotation>