<annotation>
	<folder>side국물면류원형배달콩국수q1</folder>
	<filename>side_국물면류_원형배달_콩국수_Q1_00005.JPG</filename>
	<path>/side국물면류원형배달콩국수q1/side_국물면류_원형배달_콩국수_Q1_00005.JPG</path>
	<source>
		<database>fooddata</database>
	</source>
	<size>
		<width>3008</width>
		<height>2000</height>
		<depth>3</depth>
	</size>
	<object>
		<name>ref_spoon</name>
		<bndbox>
			<xmin>1860</xmin>
			<ymin>510</ymin>
			<xmax>2144</xmax>
			<ymax>876</ymax>
		</bndbox>
	</object>
	<object>
		<name>ref_fork</name>
		<bndbox>
			<xmin>2256</xmin>
			<ymin>560</ymin>
			<xmax>2474</xmax>
			<ymax>977</ymax>
		</bndbox>
	</object>
	<object>
		<name>ref_coin</name>
		<bndbox>
			<xmin>97</xmin>
			<ymin>1445</ymin>
			<xmax>356</xmax>
			<ymax>1638</ymax>
		</bndbox>
	</object>
	<object>
		<name>dish</name>
		<bndbox>
			<xmin>356</xmin>
			<ymin>230</ymin>
			<xmax>1778</xmax>
			<ymax>1521</ymax>
		</bndbox>
	</object>
	<object>
		<name>콩국수</name>
		<bndbox>
			<xmin>457</xmin>
			<ymin>550</ymin>
			<xmax>1682</xmax>
			<ymax>1191</ymax>
		</bndbox>
	</object>
</annotation>