<annotation>
	<folder>top국물면류원형배달콩국수q1</folder>
	<filename>top_국물면류_원형배달_콩국수_Q1_00017.JPG</filename>
	<path>/top국물면류원형배달콩국수q1/top_국물면류_원형배달_콩국수_Q1_00017.JPG</path>
	<source>
		<database>fooddata</database>
	</source>
	<size>
		<width>3008</width>
		<height>2000</height>
		<depth>3</depth>
	</size>
	<object>
		<name>ref_spoon</name>
		<bndbox>
			<xmin>745</xmin>
			<ymin>1359</ymin>
			<xmax>1158</xmax>
			<ymax>1630</ymax>
		</bndbox>
	</object>
	<object>
		<name>ref_fork</name>
		<bndbox>
			<xmin>839</xmin>
			<ymin>1648</ymin>
			<xmax>1282</xmax>
			<ymax>1834</ymax>
		</bndbox>
	</object>
	<object>
		<name>ref_coin</name>
		<bndbox>
			<xmin>2067</xmin>
			<ymin>1053</ymin>
			<xmax>2254</xmax>
			<ymax>1244</ymax>
		</bndbox>
	</object>
	<object>
		<name>dish</name>
		<bndbox>
			<xmin>839</xmin>
			<ymin>46</ymin>
			<xmax>2143</xmax>
			<ymax>1302</ymax>
		</bndbox>
	</object>
	<object>
		<name>콩국수</name>
		<bndbox>
			<xmin>958</xmin>
			<ymin>224</ymin>
			<xmax>2010</xmax>
			<ymax>1248</ymax>
		</bndbox>
	</object>
</annotation>