<annotation>
	<folder>top국물면류원형배달콩국수q1</folder>
	<filename>top_국물면류_원형배달_콩국수_Q1_00007.JPG</filename>
	<path>/top국물면류원형배달콩국수q1/top_국물면류_원형배달_콩국수_Q1_00007.JPG</path>
	<source>
		<database>fooddata</database>
	</source>
	<size>
		<width>3008</width>
		<height>2000</height>
		<depth>3</depth>
	</size>
	<object>
		<name>ref_spoon</name>
		<bndbox>
			<xmin>1983</xmin>
			<ymin>259</ymin>
			<xmax>2272</xmax>
			<ymax>689</ymax>
		</bndbox>
	</object>
	<object>
		<name>ref_fork</name>
		<bndbox>
			<xmin>2338</xmin>
			<ymin>281</ymin>
			<xmax>2547</xmax>
			<ymax>765</ymax>
		</bndbox>
	</object>
	<object>
		<name>ref_coin</name>
		<bndbox>
			<xmin>217</xmin>
			<ymin>561</ymin>
			<xmax>426</xmax>
			<ymax>774</ymax>
		</bndbox>
	</object>
	<object>
		<name>dish</name>
		<bndbox>
			<xmin>436</xmin>
			<ymin>259</ymin>
			<xmax>1925</xmax>
			<ymax>1714</ymax>
		</bndbox>
	</object>
	<object>
		<name>콩국수</name>
		<bndbox>
			<xmin>603</xmin>
			<ymin>427</ymin>
			<xmax>1804</xmax>
			<ymax>1625</ymax>
		</bndbox>
	</object>
</annotation>