<annotation>
	<folder>top국물면류원형배달콩국수q1</folder>
	<filename>top_국물면류_원형배달_콩국수_Q1_00024.JPG</filename>
	<path>/top국물면류원형배달콩국수q1/top_국물면류_원형배달_콩국수_Q1_00024.JPG</path>
	<source>
		<database>fooddata</database>
	</source>
	<size>
		<width>3008</width>
		<height>2000</height>
		<depth>3</depth>
	</size>
	<object>
		<name>ref_spoon</name>
		<bndbox>
			<xmin>603</xmin>
			<ymin>1430</ymin>
			<xmax>1003</xmax>
			<ymax>1683</ymax>
		</bndbox>
	</object>
	<object>
		<name>ref_fork</name>
		<bndbox>
			<xmin>688</xmin>
			<ymin>1701</ymin>
			<xmax>1127</xmax>
			<ymax>1874</ymax>
		</bndbox>
	</object>
	<object>
		<name>ref_coin</name>
		<bndbox>
			<xmin>1331</xmin>
			<ymin>51</ymin>
			<xmax>1495</xmax>
			<ymax>215</ymax>
		</bndbox>
	</object>
	<object>
		<name>dish</name>
		<bndbox>
			<xmin>759</xmin>
			<ymin>246</ymin>
			<xmax>1965</xmax>
			<ymax>1404</ymax>
		</bndbox>
	</object>
	<object>
		<name>콩국수</name>
		<bndbox>
			<xmin>856</xmin>
			<ymin>398</ymin>
			<xmax>1837</xmax>
			<ymax>1350</ymax>
		</bndbox>
	</object>
</annotation>