<annotation>
	<folder>top국물면류원형배달콩국수q1</folder>
	<filename>top_국물면류_원형배달_콩국수_Q1_00038.JPG</filename>
	<path>/top국물면류원형배달콩국수q1/top_국물면류_원형배달_콩국수_Q1_00038.JPG</path>
	<source>
		<database>fooddata</database>
	</source>
	<size>
		<width>3008</width>
		<height>2000</height>
		<depth>3</depth>
	</size>
	<object>
		<name>ref_spoon</name>
		<bndbox>
			<xmin>368</xmin>
			<ymin>232</ymin>
			<xmax>657</xmax>
			<ymax>658</ymax>
		</bndbox>
	</object>
	<object>
		<name>ref_fork</name>
		<bndbox>
			<xmin>776</xmin>
			<ymin>272</ymin>
			<xmax>972</xmax>
			<ymax>752</ymax>
		</bndbox>
	</object>
	<object>
		<name>ref_coin</name>
		<bndbox>
			<xmin>2502</xmin>
			<ymin>1444</ymin>
			<xmax>2697</xmax>
			<ymax>1652</ymax>
		</bndbox>
	</object>
	<object>
		<name>dish</name>
		<bndbox>
			<xmin>1193</xmin>
			<ymin>219</ymin>
			<xmax>2613</xmax>
			<ymax>1617</ymax>
		</bndbox>
	</object>
	<object>
		<name>콩국수</name>
		<bndbox>
			<xmin>1287</xmin>
			<ymin>397</ymin>
			<xmax>2418</xmax>
			<ymax>1530</ymax>
		</bndbox>
	</object>
</annotation>