<annotation>
	<folder>top국물면류원형배달콩국수q1</folder>
	<filename>top_국물면류_원형배달_콩국수_Q1_00051.JPG</filename>
	<path>/top국물면류원형배달콩국수q1/top_국물면류_원형배달_콩국수_Q1_00051.JPG</path>
	<source>
		<database>fooddata</database>
	</source>
	<size>
		<width>3008</width>
		<height>2000</height>
		<depth>3</depth>
	</size>
	<object>
		<name>ref_spoon</name>
		<bndbox>
			<xmin>280</xmin>
			<ymin>259</ymin>
			<xmax>559</xmax>
			<ymax>676</ymax>
		</bndbox>
	</object>
	<object>
		<name>ref_fork</name>
		<bndbox>
			<xmin>670</xmin>
			<ymin>299</ymin>
			<xmax>870</xmax>
			<ymax>743</ymax>
		</bndbox>
	</object>
	<object>
		<name>ref_coin</name>
		<bndbox>
			<xmin>1952</xmin>
			<ymin>1661</ymin>
			<xmax>2138</xmax>
			<ymax>1852</ymax>
		</bndbox>
	</object>
	<object>
		<name>dish</name>
		<bndbox>
			<xmin>994</xmin>
			<ymin>277</ymin>
			<xmax>2316</xmax>
			<ymax>1577</ymax>
		</bndbox>
	</object>
	<object>
		<name>콩국수</name>
		<bndbox>
			<xmin>1091</xmin>
			<ymin>427</ymin>
			<xmax>2153</xmax>
			<ymax>1492</ymax>
		</bndbox>
	</object>
</annotation>