<annotation>
	<folder>top국물면류원형배달콩국수q1</folder>
	<filename>top_국물면류_원형배달_콩국수_Q1_00047.JPG</filename>
	<path>/top국물면류원형배달콩국수q1/top_국물면류_원형배달_콩국수_Q1_00047.JPG</path>
	<source>
		<database>fooddata</database>
	</source>
	<size>
		<width>3008</width>
		<height>2000</height>
		<depth>3</depth>
	</size>
	<object>
		<name>ref_spoon</name>
		<bndbox>
			<xmin>368</xmin>
			<ymin>343</ymin>
			<xmax>652</xmax>
			<ymax>774</ymax>
		</bndbox>
	</object>
	<object>
		<name>ref_fork</name>
		<bndbox>
			<xmin>776</xmin>
			<ymin>392</ymin>
			<xmax>976</xmax>
			<ymax>854</ymax>
		</bndbox>
	</object>
	<object>
		<name>ref_coin</name>
		<bndbox>
			<xmin>741</xmin>
			<ymin>68</ymin>
			<xmax>941</xmax>
			<ymax>255</ymax>
		</bndbox>
	</object>
	<object>
		<name>dish</name>
		<bndbox>
			<xmin>1096</xmin>
			<ymin>405</ymin>
			<xmax>2529</xmax>
			<ymax>1807</ymax>
		</bndbox>
	</object>
	<object>
		<name>콩국수</name>
		<bndbox>
			<xmin>1189</xmin>
			<ymin>570</ymin>
			<xmax>2343</xmax>
			<ymax>1713</ymax>
		</bndbox>
	</object>
</annotation>