<annotation>
	<folder>top국물면류원형배달콩국수q1</folder>
	<filename>top_국물면류_원형배달_콩국수_Q1_00014.JPG</filename>
	<path>/top국물면류원형배달콩국수q1/top_국물면류_원형배달_콩국수_Q1_00014.JPG</path>
	<source>
		<database>fooddata</database>
	</source>
	<size>
		<width>3008</width>
		<height>2000</height>
		<depth>3</depth>
	</size>
	<object>
		<name>ref_spoon</name>
		<bndbox>
			<xmin>1890</xmin>
			<ymin>397</ymin>
			<xmax>2169</xmax>
			<ymax>827</ymax>
		</bndbox>
	</object>
	<object>
		<name>ref_fork</name>
		<bndbox>
			<xmin>2236</xmin>
			<ymin>419</ymin>
			<xmax>2436</xmax>
			<ymax>862</ymax>
		</bndbox>
	</object>
	<object>
		<name>ref_coin</name>
		<bndbox>
			<xmin>1908</xmin>
			<ymin>99</ymin>
			<xmax>2094</xmax>
			<ymax>286</ymax>
		</bndbox>
	</object>
	<object>
		<name>dish</name>
		<bndbox>
			<xmin>173</xmin>
			<ymin>317</ymin>
			<xmax>1633</xmax>
			<ymax>1741</ymax>
		</bndbox>
	</object>
	<object>
		<name>콩국수</name>
		<bndbox>
			<xmin>346</xmin>
			<ymin>490</ymin>
			<xmax>1526</xmax>
			<ymax>1648</ymax>
		</bndbox>
	</object>
</annotation>