<annotation>
	<folder>side건더기국류전골냄비부대찌개q3</folder>
	<filename>side_건더기국류_전골냄비_부대찌개_Q3_00050.JPG</filename>
	<path>/side건더기국류전골냄비부대찌개q3/side_건더기국류_전골냄비_부대찌개_Q3_00050.JPG</path>
	<source>
		<database>fooddata</database>
	</source>
	<size>
		<width>3008</width>
		<height>2000</height>
		<depth>3</depth>
	</size>
	<object>
		<name>ref_spoon</name>
		<bndbox>
			<xmin>418</xmin>
			<ymin>386</ymin>
			<xmax>692</xmax>
			<ymax>833</ymax>
		</bndbox>
	</object>
	<object>
		<name>ref_fork</name>
		<bndbox>
			<xmin>809</xmin>
			<ymin>397</ymin>
			<xmax>997</xmax>
			<ymax>919</ymax>
		</bndbox>
	</object>
	<object>
		<name>ref_coin</name>
		<bndbox>
			<xmin>2439</xmin>
			<ymin>1648</ymin>
			<xmax>2663</xmax>
			<ymax>1825</ymax>
		</bndbox>
	</object>
	<object>
		<name>dish</name>
		<bndbox>
			<xmin>1159</xmin>
			<ymin>285</ymin>
			<xmax>2603</xmax>
			<ymax>1426</ymax>
		</bndbox>
	</object>
	<object>
		<name>부대찌개</name>
		<bndbox>
			<xmin>1332</xmin>
			<ymin>614</ymin>
			<xmax>2457</xmax>
			<ymax>1264</ymax>
		</bndbox>
	</object>
</annotation>