<annotation>
	<folder>side건더기국류전골냄비부대찌개q3</folder>
	<filename>side_건더기국류_전골냄비_부대찌개_Q3_00057.JPG</filename>
	<path>/side건더기국류전골냄비부대찌개q3/side_건더기국류_전골냄비_부대찌개_Q3_00057.JPG</path>
	<source>
		<database>fooddata</database>
	</source>
	<size>
		<width>3008</width>
		<height>2000</height>
		<depth>3</depth>
	</size>
	<object>
		<name>ref_spoon</name>
		<bndbox>
			<xmin>373</xmin>
			<ymin>522</ymin>
			<xmax>642</xmax>
			<ymax>997</ymax>
		</bndbox>
	</object>
	<object>
		<name>ref_fork</name>
		<bndbox>
			<xmin>762</xmin>
			<ymin>538</ymin>
			<xmax>950</xmax>
			<ymax>1057</ymax>
		</bndbox>
	</object>
	<object>
		<name>ref_coin</name>
		<bndbox>
			<xmin>2149</xmin>
			<ymin>65</ymin>
			<xmax>2334</xmax>
			<ymax>191</ymax>
		</bndbox>
	</object>
	<object>
		<name>dish</name>
		<bndbox>
			<xmin>1107</xmin>
			<ymin>431</ymin>
			<xmax>2556</xmax>
			<ymax>1559</ymax>
		</bndbox>
	</object>
	<object>
		<name>부대찌개</name>
		<bndbox>
			<xmin>1274</xmin>
			<ymin>713</ymin>
			<xmax>2400</xmax>
			<ymax>1402</ymax>
		</bndbox>
	</object>
</annotation>