<annotation>
	<folder>side건더기국류전골냄비부대찌개q3</folder>
	<filename>side_건더기국류_전골냄비_부대찌개_Q3_00030.JPG</filename>
	<path>/side건더기국류전골냄비부대찌개q3/side_건더기국류_전골냄비_부대찌개_Q3_00030.JPG</path>
	<source>
		<database>fooddata</database>
	</source>
	<size>
		<width>3008</width>
		<height>2000</height>
		<depth>3</depth>
	</size>
	<object>
		<name>ref_spoon</name>
		<bndbox>
			<xmin>734</xmin>
			<ymin>1671</ymin>
			<xmax>1303</xmax>
			<ymax>1914</ymax>
		</bndbox>
	</object>
	<object>
		<name>ref_fork</name>
		<bndbox>
			<xmin>804</xmin>
			<ymin>1462</ymin>
			<xmax>1373</xmax>
			<ymax>1684</ymax>
		</bndbox>
	</object>
	<object>
		<name>ref_coin</name>
		<bndbox>
			<xmin>1058</xmin>
			<ymin>84</ymin>
			<xmax>1217</xmax>
			<ymax>191</ymax>
		</bndbox>
	</object>
	<object>
		<name>dish</name>
		<bndbox>
			<xmin>880</xmin>
			<ymin>258</ymin>
			<xmax>2089</xmax>
			<ymax>1178</ymax>
		</bndbox>
	</object>
	<object>
		<name>부대찌개</name>
		<bndbox>
			<xmin>1003</xmin>
			<ymin>512</ymin>
			<xmax>1953</xmax>
			<ymax>1023</ymax>
		</bndbox>
	</object>
</annotation>