<annotation>
	<folder>side건더기국류전골냄비부대찌개q3</folder>
	<filename>side_건더기국류_전골냄비_부대찌개_Q3_00043.JPG</filename>
	<path>/side건더기국류전골냄비부대찌개q3/side_건더기국류_전골냄비_부대찌개_Q3_00043.JPG</path>
	<source>
		<database>fooddata</database>
	</source>
	<size>
		<width>3008</width>
		<height>2000</height>
		<depth>3</depth>
	</size>
	<object>
		<name>ref_spoon</name>
		<bndbox>
			<xmin>238</xmin>
			<ymin>454</ymin>
			<xmax>512</xmax>
			<ymax>890</ymax>
		</bndbox>
	</object>
	<object>
		<name>ref_fork</name>
		<bndbox>
			<xmin>627</xmin>
			<ymin>473</ymin>
			<xmax>812</xmax>
			<ymax>969</ymax>
		</bndbox>
	</object>
	<object>
		<name>ref_coin</name>
		<bndbox>
			<xmin>2324</xmin>
			<ymin>386</ymin>
			<xmax>2512</xmax>
			<ymax>522</ymax>
		</bndbox>
	</object>
	<object>
		<name>dish</name>
		<bndbox>
			<xmin>977</xmin>
			<ymin>399</ymin>
			<xmax>2402</xmax>
			<ymax>1530</ymax>
		</bndbox>
	</object>
	<object>
		<name>부대찌개</name>
		<bndbox>
			<xmin>1118</xmin>
			<ymin>721</ymin>
			<xmax>2217</xmax>
			<ymax>1371</ymax>
		</bndbox>
	</object>
</annotation>