<annotation>
	<folder>side건더기국류전골냄비부대찌개q3</folder>
	<filename>side_건더기국류_전골냄비_부대찌개_Q3_00056.JPG</filename>
	<path>/side건더기국류전골냄비부대찌개q3/side_건더기국류_전골냄비_부대찌개_Q3_00056.JPG</path>
	<source>
		<database>fooddata</database>
	</source>
	<size>
		<width>3008</width>
		<height>2000</height>
		<depth>3</depth>
	</size>
	<object>
		<name>ref_spoon</name>
		<bndbox>
			<xmin>329</xmin>
			<ymin>410</ymin>
			<xmax>603</xmax>
			<ymax>862</ymax>
		</bndbox>
	</object>
	<object>
		<name>ref_fork</name>
		<bndbox>
			<xmin>726</xmin>
			<ymin>423</ymin>
			<xmax>911</xmax>
			<ymax>919</ymax>
		</bndbox>
	</object>
	<object>
		<name>ref_coin</name>
		<bndbox>
			<xmin>2470</xmin>
			<ymin>389</ymin>
			<xmax>2666</xmax>
			<ymax>530</ymax>
		</bndbox>
	</object>
	<object>
		<name>dish</name>
		<bndbox>
			<xmin>1071</xmin>
			<ymin>311</ymin>
			<xmax>2512</xmax>
			<ymax>1441</ymax>
		</bndbox>
	</object>
	<object>
		<name>부대찌개</name>
		<bndbox>
			<xmin>1232</xmin>
			<ymin>567</ymin>
			<xmax>2337</xmax>
			<ymax>1282</ymax>
		</bndbox>
	</object>
</annotation>