<annotation>
	<folder>side건더기국류전골냄비부대찌개q3</folder>
	<filename>side_건더기국류_전골냄비_부대찌개_Q3_00008.JPG</filename>
	<path>/side건더기국류전골냄비부대찌개q3/side_건더기국류_전골냄비_부대찌개_Q3_00008.JPG</path>
	<source>
		<database>fooddata</database>
	</source>
	<size>
		<width>3008</width>
		<height>2000</height>
		<depth>3</depth>
	</size>
	<object>
		<name>ref_spoon</name>
		<bndbox>
			<xmin>2248</xmin>
			<ymin>465</ymin>
			<xmax>2504</xmax>
			<ymax>919</ymax>
		</bndbox>
	</object>
	<object>
		<name>ref_fork</name>
		<bndbox>
			<xmin>2624</xmin>
			<ymin>567</ymin>
			<xmax>2802</xmax>
			<ymax>1044</ymax>
		</bndbox>
	</object>
	<object>
		<name>ref_coin</name>
		<bndbox>
			<xmin>1930</xmin>
			<ymin>687</ymin>
			<xmax>2123</xmax>
			<ymax>830</ymax>
		</bndbox>
	</object>
	<object>
		<name>dish</name>
		<bndbox>
			<xmin>350</xmin>
			<ymin>245</ymin>
			<xmax>1679</xmax>
			<ymax>1277</ymax>
		</bndbox>
	</object>
	<object>
		<name>부대찌개</name>
		<bndbox>
			<xmin>507</xmin>
			<ymin>540</ymin>
			<xmax>1548</xmax>
			<ymax>1125</ymax>
		</bndbox>
	</object>
</annotation>