<annotation>
	<folder>side건더기국류전골냄비부대찌개q3</folder>
	<filename>side_건더기국류_전골냄비_부대찌개_Q3_00046.JPG</filename>
	<path>/side건더기국류전골냄비부대찌개q3/side_건더기국류_전골냄비_부대찌개_Q3_00046.JPG</path>
	<source>
		<database>fooddata</database>
	</source>
	<size>
		<width>3008</width>
		<height>2000</height>
		<depth>3</depth>
	</size>
	<object>
		<name>ref_spoon</name>
		<bndbox>
			<xmin>410</xmin>
			<ymin>595</ymin>
			<xmax>679</xmax>
			<ymax>1050</ymax>
		</bndbox>
	</object>
	<object>
		<name>ref_fork</name>
		<bndbox>
			<xmin>802</xmin>
			<ymin>616</ymin>
			<xmax>987</xmax>
			<ymax>1123</ymax>
		</bndbox>
	</object>
	<object>
		<name>ref_coin</name>
		<bndbox>
			<xmin>1611</xmin>
			<ymin>86</ymin>
			<xmax>1794</xmax>
			<ymax>211</ymax>
		</bndbox>
	</object>
	<object>
		<name>dish</name>
		<bndbox>
			<xmin>1144</xmin>
			<ymin>540</ymin>
			<xmax>2582</xmax>
			<ymax>1697</ymax>
		</bndbox>
	</object>
	<object>
		<name>부대찌개</name>
		<bndbox>
			<xmin>1311</xmin>
			<ymin>890</ymin>
			<xmax>2428</xmax>
			<ymax>1512</ymax>
		</bndbox>
	</object>
</annotation>