<annotation>
	<folder>top건더기국류전골냄비부대찌개q3</folder>
	<filename>top_건더기국류_전골냄비_부대찌개_Q3_00047.JPG</filename>
	<path>/top건더기국류전골냄비부대찌개q3/top_건더기국류_전골냄비_부대찌개_Q3_00047.JPG</path>
	<source>
		<database>fooddata</database>
	</source>
	<size>
		<width>3008</width>
		<height>2000</height>
		<depth>3</depth>
	</size>
	<object>
		<name>ref_spoon</name>
		<bndbox>
			<xmin>346</xmin>
			<ymin>379</ymin>
			<xmax>603</xmax>
			<ymax>862</ymax>
		</bndbox>
	</object>
	<object>
		<name>ref_fork</name>
		<bndbox>
			<xmin>688</xmin>
			<ymin>392</ymin>
			<xmax>883</xmax>
			<ymax>876</ymax>
		</bndbox>
	</object>
	<object>
		<name>ref_coin</name>
		<bndbox>
			<xmin>1948</xmin>
			<ymin>1390</ymin>
			<xmax>2134</xmax>
			<ymax>1572</ymax>
		</bndbox>
	</object>
	<object>
		<name>dish</name>
		<bndbox>
			<xmin>945</xmin>
			<ymin>343</ymin>
			<xmax>2183</xmax>
			<ymax>1568</ymax>
		</bndbox>
	</object>
	<object>
		<name>부대찌개</name>
		<bndbox>
			<xmin>1074</xmin>
			<ymin>445</ymin>
			<xmax>2028</xmax>
			<ymax>1470</ymax>
		</bndbox>
	</object>
</annotation>