<annotation>
	<folder>top건더기국류전골냄비부대찌개q3</folder>
	<filename>top_건더기국류_전골냄비_부대찌개_Q3_00035.JPG</filename>
	<path>/top건더기국류전골냄비부대찌개q3/top_건더기국류_전골냄비_부대찌개_Q3_00035.JPG</path>
	<source>
		<database>fooddata</database>
	</source>
	<size>
		<width>3008</width>
		<height>2000</height>
		<depth>3</depth>
	</size>
	<object>
		<name>ref_spoon</name>
		<bndbox>
			<xmin>439</xmin>
			<ymin>272</ymin>
			<xmax>692</xmax>
			<ymax>756</ymax>
		</bndbox>
	</object>
	<object>
		<name>ref_fork</name>
		<bndbox>
			<xmin>763</xmin>
			<ymin>290</ymin>
			<xmax>963</xmax>
			<ymax>791</ymax>
		</bndbox>
	</object>
	<object>
		<name>ref_coin</name>
		<bndbox>
			<xmin>2263</xmin>
			<ymin>1071</ymin>
			<xmax>2436</xmax>
			<ymax>1248</ymax>
		</bndbox>
	</object>
	<object>
		<name>dish</name>
		<bndbox>
			<xmin>1025</xmin>
			<ymin>264</ymin>
			<xmax>2272</xmax>
			<ymax>1492</ymax>
		</bndbox>
	</object>
	<object>
		<name>부대찌개</name>
		<bndbox>
			<xmin>1122</xmin>
			<ymin>441</ymin>
			<xmax>2103</xmax>
			<ymax>1399</ymax>
		</bndbox>
	</object>
</annotation>