<annotation>
	<folder>top건더기국류전골냄비부대찌개q3</folder>
	<filename>top_건더기국류_전골냄비_부대찌개_Q3_00034.JPG</filename>
	<path>/top건더기국류전골냄비부대찌개q3/top_건더기국류_전골냄비_부대찌개_Q3_00034.JPG</path>
	<source>
		<database>fooddata</database>
	</source>
	<size>
		<width>3008</width>
		<height>2000</height>
		<depth>3</depth>
	</size>
	<object>
		<name>ref_spoon</name>
		<bndbox>
			<xmin>275</xmin>
			<ymin>312</ymin>
			<xmax>532</xmax>
			<ymax>760</ymax>
		</bndbox>
	</object>
	<object>
		<name>ref_fork</name>
		<bndbox>
			<xmin>617</xmin>
			<ymin>326</ymin>
			<xmax>821</xmax>
			<ymax>818</ymax>
		</bndbox>
	</object>
	<object>
		<name>ref_coin</name>
		<bndbox>
			<xmin>2050</xmin>
			<ymin>1160</ymin>
			<xmax>2232</xmax>
			<ymax>1337</ymax>
		</bndbox>
	</object>
	<object>
		<name>dish</name>
		<bndbox>
			<xmin>887</xmin>
			<ymin>286</ymin>
			<xmax>2130</xmax>
			<ymax>1510</ymax>
		</bndbox>
	</object>
	<object>
		<name>부대찌개</name>
		<bndbox>
			<xmin>980</xmin>
			<ymin>463</ymin>
			<xmax>1974</xmax>
			<ymax>1426</ymax>
		</bndbox>
	</object>
</annotation>