<annotation>
	<folder>top건더기국류전골냄비부대찌개q3</folder>
	<filename>top_건더기국류_전골냄비_부대찌개_Q3_00030.JPG</filename>
	<path>/top건더기국류전골냄비부대찌개q3/top_건더기국류_전골냄비_부대찌개_Q3_00030.JPG</path>
	<source>
		<database>fooddata</database>
	</source>
	<size>
		<width>3008</width>
		<height>2000</height>
		<depth>3</depth>
	</size>
	<object>
		<name>ref_spoon</name>
		<bndbox>
			<xmin>927</xmin>
			<ymin>1657</ymin>
			<xmax>1340</xmax>
			<ymax>1887</ymax>
		</bndbox>
	</object>
	<object>
		<name>ref_fork</name>
		<bndbox>
			<xmin>985</xmin>
			<ymin>1470</ymin>
			<xmax>1411</xmax>
			<ymax>1626</ymax>
		</bndbox>
	</object>
	<object>
		<name>ref_coin</name>
		<bndbox>
			<xmin>958</xmin>
			<ymin>1257</ymin>
			<xmax>1114</xmax>
			<ymax>1413</ymax>
		</bndbox>
	</object>
	<object>
		<name>dish</name>
		<bndbox>
			<xmin>1100</xmin>
			<ymin>170</ymin>
			<xmax>2143</xmax>
			<ymax>1160</ymax>
		</bndbox>
	</object>
	<object>
		<name>부대찌개</name>
		<bndbox>
			<xmin>1176</xmin>
			<ymin>326</ymin>
			<xmax>2014</xmax>
			<ymax>1106</ymax>
		</bndbox>
	</object>
</annotation>