<annotation>
	<folder>top건더기국류전골냄비부대찌개q3</folder>
	<filename>top_건더기국류_전골냄비_부대찌개_Q3_00046.JPG</filename>
	<path>/top건더기국류전골냄비부대찌개q3/top_건더기국류_전골냄비_부대찌개_Q3_00046.JPG</path>
	<source>
		<database>fooddata</database>
	</source>
	<size>
		<width>3008</width>
		<height>2000</height>
		<depth>3</depth>
	</size>
	<object>
		<name>ref_spoon</name>
		<bndbox>
			<xmin>457</xmin>
			<ymin>454</ymin>
			<xmax>710</xmax>
			<ymax>889</ymax>
		</bndbox>
	</object>
	<object>
		<name>ref_fork</name>
		<bndbox>
			<xmin>790</xmin>
			<ymin>476</ymin>
			<xmax>980</xmax>
			<ymax>973</ymax>
		</bndbox>
	</object>
	<object>
		<name>ref_coin</name>
		<bndbox>
			<xmin>1136</xmin>
			<ymin>91</ymin>
			<xmax>1295</xmax>
			<ymax>255</ymax>
		</bndbox>
	</object>
	<object>
		<name>dish</name>
		<bndbox>
			<xmin>1043</xmin>
			<ymin>459</ymin>
			<xmax>2267</xmax>
			<ymax>1670</ymax>
		</bndbox>
	</object>
	<object>
		<name>부대찌개</name>
		<bndbox>
			<xmin>1167</xmin>
			<ymin>547</ymin>
			<xmax>2125</xmax>
			<ymax>1546</ymax>
		</bndbox>
	</object>
</annotation>