<annotation>
	<folder>my-project-name</folder>
	<filename>side_볶음밥류_낮고큰파스타볼_김치볶음밥_Q3_00013.JPG</filename>
	<path>/side볶음밥류낮고큰파스타볼김치볶음밥q3/side_볶음밥류_낮고큰파스타볼_김치볶음밥_Q3_00013.JPG</path>
	<source>
		<database>fooddata</database>
	</source>
	<size>
		<width>5472</width>
		<height>3648</height>
		<depth>3</depth>
	</size>
	<object>
		<name>ref_spoon</name>
		<bndbox>
			<xmin>1057</xmin>
			<ymin>2712</ymin>
			<xmax>2018</xmax>
			<ymax>3220</ymax>
		</bndbox>
	</object>
	<object>
		<name>ref_fork</name>
		<bndbox>
			<xmin>1090</xmin>
			<ymin>2341</ymin>
			<xmax>2098</xmax>
			<ymax>2784</ymax>
		</bndbox>
	</object>
	<object>
		<name>ref_coin</name>
		<bndbox>
			<xmin>4108</xmin>
			<ymin>1751</ymin>
			<xmax>4536</xmax>
			<ymax>2082</ymax>
		</bndbox>
	</object>
	<object>
		<name>dish</name>
		<bndbox>
			<xmin>1291</xmin>
			<ymin>145</ymin>
			<xmax>4350</xmax>
			<ymax>2211</ymax>
		</bndbox>
	</object>
	<object>
		<name>김치볶음밥</name>
		<bndbox>
			<xmin>1840</xmin>
			<ymin>710</ymin>
			<xmax>3656</xmax>
			<ymax>2082</ymax>
		</bndbox>
	</object>
</annotation>