<annotation>
	<folder>my-project-name</folder>
	<filename>side_볶음밥류_낮고큰파스타볼_김치볶음밥_Q3_00017.JPG</filename>
	<path>/side볶음밥류낮고큰파스타볼김치볶음밥q3/side_볶음밥류_낮고큰파스타볼_김치볶음밥_Q3_00017.JPG</path>
	<source>
		<database>fooddata</database>
	</source>
	<size>
		<width>5472</width>
		<height>3648</height>
		<depth>3</depth>
	</size>
	<object>
		<name>ref_spoon</name>
		<bndbox>
			<xmin>960</xmin>
			<ymin>2994</ymin>
			<xmax>1848</xmax>
			<ymax>3470</ymax>
		</bndbox>
	</object>
	<object>
		<name>ref_fork</name>
		<bndbox>
			<xmin>985</xmin>
			<ymin>2647</ymin>
			<xmax>1929</xmax>
			<ymax>3059</ymax>
		</bndbox>
	</object>
	<object>
		<name>ref_coin</name>
		<bndbox>
			<xmin>2599</xmin>
			<ymin>274</ymin>
			<xmax>2954</xmax>
			<ymax>517</ymax>
		</bndbox>
	</object>
	<object>
		<name>dish</name>
		<bndbox>
			<xmin>1469</xmin>
			<ymin>581</ymin>
			<xmax>4342</xmax>
			<ymax>2550</ymax>
		</bndbox>
	</object>
	<object>
		<name>김치볶음밥</name>
		<bndbox>
			<xmin>1977</xmin>
			<ymin>1130</ymin>
			<xmax>3801</xmax>
			<ymax>2413</ymax>
		</bndbox>
	</object>
</annotation>