<annotation>
	<folder>my-project-name</folder>
	<filename>side_볶음밥류_낮고큰파스타볼_김치볶음밥_Q3_00024.JPG</filename>
	<path>/side볶음밥류낮고큰파스타볼김치볶음밥q3/side_볶음밥류_낮고큰파스타볼_김치볶음밥_Q3_00024.JPG</path>
	<source>
		<database>fooddata</database>
	</source>
	<size>
		<width>5472</width>
		<height>3648</height>
		<depth>3</depth>
	</size>
	<object>
		<name>ref_spoon</name>
		<bndbox>
			<xmin>726</xmin>
			<ymin>1017</ymin>
			<xmax>1251</xmax>
			<ymax>1711</ymax>
		</bndbox>
	</object>
	<object>
		<name>ref_fork</name>
		<bndbox>
			<xmin>1388</xmin>
			<ymin>1081</ymin>
			<xmax>1735</xmax>
			<ymax>1872</ymax>
		</bndbox>
	</object>
	<object>
		<name>ref_coin</name>
		<bndbox>
			<xmin>2978</xmin>
			<ymin>3123</ymin>
			<xmax>3406</xmax>
			<ymax>3487</ymax>
		</bndbox>
	</object>
	<object>
		<name>dish</name>
		<bndbox>
			<xmin>1897</xmin>
			<ymin>630</ymin>
			<xmax>4907</xmax>
			<ymax>2768</ymax>
		</bndbox>
	</object>
	<object>
		<name>김치볶음밥</name>
		<bndbox>
			<xmin>2454</xmin>
			<ymin>1017</ymin>
			<xmax>4245</xmax>
			<ymax>2639</ymax>
		</bndbox>
	</object>
</annotation>