<annotation>
	<folder>my-project-name</folder>
	<filename>side_볶음밥류_낮고큰파스타볼_김치볶음밥_Q3_00021.JPG</filename>
	<path>/side볶음밥류낮고큰파스타볼김치볶음밥q3/side_볶음밥류_낮고큰파스타볼_김치볶음밥_Q3_00021.JPG</path>
	<source>
		<database>fooddata</database>
	</source>
	<size>
		<width>5472</width>
		<height>3648</height>
		<depth>3</depth>
	</size>
	<object>
		<name>ref_spoon</name>
		<bndbox>
			<xmin>1001</xmin>
			<ymin>2922</ymin>
			<xmax>1897</xmax>
			<ymax>3398</ymax>
		</bndbox>
	</object>
	<object>
		<name>ref_fork</name>
		<bndbox>
			<xmin>1017</xmin>
			<ymin>2567</ymin>
			<xmax>1969</xmax>
			<ymax>2978</ymax>
		</bndbox>
	</object>
	<object>
		<name>ref_coin</name>
		<bndbox>
			<xmin>654</xmin>
			<ymin>1630</ymin>
			<xmax>1057</xmax>
			<ymax>1921</ymax>
		</bndbox>
	</object>
	<object>
		<name>dish</name>
		<bndbox>
			<xmin>1477</xmin>
			<ymin>468</ymin>
			<xmax>4366</xmax>
			<ymax>2421</ymax>
		</bndbox>
	</object>
	<object>
		<name>김치볶음밥</name>
		<bndbox>
			<xmin>2050</xmin>
			<ymin>1081</ymin>
			<xmax>3777</xmax>
			<ymax>2324</ymax>
		</bndbox>
	</object>
</annotation>