<annotation>
	<folder>재작업1</folder>
	<filename>side_볶음밥류_낮고큰파스타볼_김치볶음밥_Q3_00007.JPG</filename>
	<path>/side볶음밥류낮고큰파스타볼김치볶음밥q3/side_볶음밥류_낮고큰파스타볼_김치볶음밥_Q3_00007.JPG</path>
	<source>
		<database>fooddata</database>
	</source>
	<size>
		<width>5472</width>
		<height>3648</height>
		<depth>3</depth>
	</size>
	<object>
		<name>ref_spoon</name>
		<bndbox>
			<xmin>3991</xmin>
			<ymin>1008</ymin>
			<xmax>4467</xmax>
			<ymax>1675</ymax>
		</bndbox>
	</object>
	<object>
		<name>ref_fork</name>
		<bndbox>
			<xmin>4854</xmin>
			<ymin>1026</ymin>
			<xmax>5213</xmax>
			<ymax>1745</ymax>
		</bndbox>
	</object>
	<object>
		<name>ref_coin</name>
		<bndbox>
			<xmin>245</xmin>
			<ymin>2365</ymin>
			<xmax>665</xmax>
			<ymax>2682</ymax>
		</bndbox>
	</object>
	<object>
		<name>dish</name>
		<bndbox>
			<xmin>842</xmin>
			<ymin>662</ymin>
			<xmax>3940</xmax>
			<ymax>2822</ymax>
		</bndbox>
	</object>
	<object>
		<name>김치볶음밥</name>
		<bndbox>
			<xmin>1565</xmin>
			<ymin>1344</ymin>
			<xmax>3356</xmax>
			<ymax>2682</ymax>
		</bndbox>
	</object>
</annotation>