<annotation>
	<folder>my-project-name</folder>
	<filename>side_볶음밥류_낮고큰파스타볼_김치볶음밥_Q3_00001.JPG</filename>
	<path>/side볶음밥류낮고큰파스타볼김치볶음밥q3/side_볶음밥류_낮고큰파스타볼_김치볶음밥_Q3_00001.JPG</path>
	<source>
		<database>fooddata</database>
	</source>
	<size>
		<width>5472</width>
		<height>3648</height>
		<depth>3</depth>
	</size>
	<object>
		<name>ref_spoon</name>
		<bndbox>
			<xmin>3704</xmin>
			<ymin>839</ymin>
			<xmax>4213</xmax>
			<ymax>1525</ymax>
		</bndbox>
	</object>
	<object>
		<name>ref_fork</name>
		<bndbox>
			<xmin>4584</xmin>
			<ymin>831</ymin>
			<xmax>4955</xmax>
			<ymax>1598</ymax>
		</bndbox>
	</object>
	<object>
		<name>ref_coin</name>
		<bndbox>
			<xmin>2841</xmin>
			<ymin>2922</ymin>
			<xmax>3269</xmax>
			<ymax>3269</ymax>
		</bndbox>
	</object>
	<object>
		<name>dish</name>
		<bndbox>
			<xmin>492</xmin>
			<ymin>565</ymin>
			<xmax>3608</xmax>
			<ymax>2720</ymax>
		</bndbox>
	</object>
	<object>
		<name>김치볶음밥</name>
		<bndbox>
			<xmin>1114</xmin>
			<ymin>1065</ymin>
			<xmax>2930</xmax>
			<ymax>2567</ymax>
		</bndbox>
	</object>
</annotation>