<annotation>
	<folder>top볶음밥류낮고큰파스타볼김치볶음밥q3</folder>
	<filename>top_볶음밥류_낮고큰파스타볼_김치볶음밥_Q3_00025.JPG</filename>
	<path>/top볶음밥류낮고큰파스타볼김치볶음밥q3/top_볶음밥류_낮고큰파스타볼_김치볶음밥_Q3_00025.JPG</path>
	<source>
		<database>fooddata</database>
	</source>
	<size>
		<width>5472</width>
		<height>3648</height>
		<depth>3</depth>
	</size>
	<object>
		<name>ref_spoon</name>
		<bndbox>
			<xmin>1189</xmin>
			<ymin>440</ymin>
			<xmax>1629</xmax>
			<ymax>1303</ymax>
		</bndbox>
	</object>
	<object>
		<name>ref_fork</name>
		<bndbox>
			<xmin>1759</xmin>
			<ymin>570</ymin>
			<xmax>2085</xmax>
			<ymax>1417</ymax>
		</bndbox>
	</object>
	<object>
		<name>ref_coin</name>
		<bndbox>
			<xmin>2280</xmin>
			<ymin>2964</ymin>
			<xmax>2622</xmax>
			<ymax>3290</ymax>
		</bndbox>
	</object>
	<object>
		<name>dish</name>
		<bndbox>
			<xmin>2101</xmin>
			<ymin>228</ymin>
			<xmax>4869</xmax>
			<ymax>2931</ymax>
		</bndbox>
	</object>
	<object>
		<name>김치볶음밥</name>
		<bndbox>
			<xmin>2769</xmin>
			<ymin>717</ymin>
			<xmax>4153</xmax>
			<ymax>1987</ymax>
		</bndbox>
	</object>
</annotation>