<annotation>
	<folder>top볶음밥류낮고큰파스타볼김치볶음밥q3</folder>
	<filename>top_볶음밥류_낮고큰파스타볼_김치볶음밥_Q3_00033.JPG</filename>
	<path>/top볶음밥류낮고큰파스타볼김치볶음밥q3/top_볶음밥류_낮고큰파스타볼_김치볶음밥_Q3_00033.JPG</path>
	<source>
		<database>fooddata</database>
	</source>
	<size>
		<width>5472</width>
		<height>3648</height>
		<depth>3</depth>
	</size>
	<object>
		<name>ref_spoon</name>
		<bndbox>
			<xmin>993</xmin>
			<ymin>684</ymin>
			<xmax>1466</xmax>
			<ymax>1515</ymax>
		</bndbox>
	</object>
	<object>
		<name>ref_fork</name>
		<bndbox>
			<xmin>1547</xmin>
			<ymin>782</ymin>
			<xmax>1873</xmax>
			<ymax>1710</ymax>
		</bndbox>
	</object>
	<object>
		<name>ref_coin</name>
		<bndbox>
			<xmin>4788</xmin>
			<ymin>928</ymin>
			<xmax>5130</xmax>
			<ymax>1205</ymax>
		</bndbox>
	</object>
	<object>
		<name>dish</name>
		<bndbox>
			<xmin>1873</xmin>
			<ymin>326</ymin>
			<xmax>4755</xmax>
			<ymax>3094</ymax>
		</bndbox>
	</object>
	<object>
		<name>김치볶음밥</name>
		<bndbox>
			<xmin>2524</xmin>
			<ymin>1059</ymin>
			<xmax>4039</xmax>
			<ymax>2573</ymax>
		</bndbox>
	</object>
</annotation>