<annotation>
	<folder>top볶음밥류낮고큰파스타볼김치볶음밥q3</folder>
	<filename>top_볶음밥류_낮고큰파스타볼_김치볶음밥_Q3_00008.JPG</filename>
	<path>/top볶음밥류낮고큰파스타볼김치볶음밥q3/top_볶음밥류_낮고큰파스타볼_김치볶음밥_Q3_00008.JPG</path>
	<source>
		<database>fooddata</database>
	</source>
	<size>
		<width>5472</width>
		<height>3648</height>
		<depth>3</depth>
	</size>
	<object>
		<name>ref_spoon</name>
		<bndbox>
			<xmin>3795</xmin>
			<ymin>570</ymin>
			<xmax>4234</xmax>
			<ymax>1384</ymax>
		</bndbox>
	</object>
	<object>
		<name>ref_fork</name>
		<bndbox>
			<xmin>4381</xmin>
			<ymin>684</ymin>
			<xmax>4723</xmax>
			<ymax>1547</ymax>
		</bndbox>
	</object>
	<object>
		<name>ref_coin</name>
		<bndbox>
			<xmin>521</xmin>
			<ymin>1661</ymin>
			<xmax>863</xmax>
			<ymax>2019</ymax>
		</bndbox>
	</object>
	<object>
		<name>dish</name>
		<bndbox>
			<xmin>912</xmin>
			<ymin>440</ymin>
			<xmax>3795</xmax>
			<ymax>3290</ymax>
		</bndbox>
	</object>
	<object>
		<name>김치볶음밥</name>
		<bndbox>
			<xmin>1808</xmin>
			<ymin>1189</ymin>
			<xmax>3192</xmax>
			<ymax>2638</ymax>
		</bndbox>
	</object>
</annotation>