<annotation>
	<folder>top볶음밥류낮고큰파스타볼김치볶음밥q3</folder>
	<filename>top_볶음밥류_낮고큰파스타볼_김치볶음밥_Q3_00034.JPG</filename>
	<path>/top볶음밥류낮고큰파스타볼김치볶음밥q3/top_볶음밥류_낮고큰파스타볼_김치볶음밥_Q3_00034.JPG</path>
	<source>
		<database>fooddata</database>
	</source>
	<size>
		<width>5472</width>
		<height>3648</height>
		<depth>3</depth>
	</size>
	<object>
		<name>ref_spoon</name>
		<bndbox>
			<xmin>1107</xmin>
			<ymin>765</ymin>
			<xmax>1580</xmax>
			<ymax>1677</ymax>
		</bndbox>
	</object>
	<object>
		<name>ref_fork</name>
		<bndbox>
			<xmin>1677</xmin>
			<ymin>879</ymin>
			<xmax>1987</xmax>
			<ymax>1743</ymax>
		</bndbox>
	</object>
	<object>
		<name>ref_coin</name>
		<bndbox>
			<xmin>4462</xmin>
			<ymin>326</ymin>
			<xmax>4755</xmax>
			<ymax>668</ymax>
		</bndbox>
	</object>
	<object>
		<name>dish</name>
		<bndbox>
			<xmin>2036</xmin>
			<ymin>423</ymin>
			<xmax>4886</xmax>
			<ymax>3192</ymax>
		</bndbox>
	</object>
	<object>
		<name>김치볶음밥</name>
		<bndbox>
			<xmin>2638</xmin>
			<ymin>1124</ymin>
			<xmax>4137</xmax>
			<ymax>2687</ymax>
		</bndbox>
	</object>
</annotation>