<annotation>
	<folder>top볶음밥류낮고큰파스타볼김치볶음밥q3</folder>
	<filename>top_볶음밥류_낮고큰파스타볼_김치볶음밥_Q3_00027.JPG</filename>
	<path>/top볶음밥류낮고큰파스타볼김치볶음밥q3/top_볶음밥류_낮고큰파스타볼_김치볶음밥_Q3_00027.JPG</path>
	<source>
		<database>fooddata</database>
	</source>
	<size>
		<width>5472</width>
		<height>3648</height>
		<depth>3</depth>
	</size>
	<object>
		<name>ref_spoon</name>
		<bndbox>
			<xmin>1124</xmin>
			<ymin>521</ymin>
			<xmax>1547</xmax>
			<ymax>1303</ymax>
		</bndbox>
	</object>
	<object>
		<name>ref_fork</name>
		<bndbox>
			<xmin>1661</xmin>
			<ymin>635</ymin>
			<xmax>1971</xmax>
			<ymax>1466</ymax>
		</bndbox>
	</object>
	<object>
		<name>ref_coin</name>
		<bndbox>
			<xmin>3778</xmin>
			<ymin>3176</ymin>
			<xmax>4120</xmax>
			<ymax>3534</ymax>
		</bndbox>
	</object>
	<object>
		<name>dish</name>
		<bndbox>
			<xmin>1987</xmin>
			<ymin>277</ymin>
			<xmax>4707</xmax>
			<ymax>2899</ymax>
		</bndbox>
	</object>
	<object>
		<name>김치볶음밥</name>
		<bndbox>
			<xmin>2638</xmin>
			<ymin>782</ymin>
			<xmax>4104</xmax>
			<ymax>2247</ymax>
		</bndbox>
	</object>
</annotation>