<annotation>
	<folder>top볶음밥류낮고큰파스타볼김치볶음밥q3</folder>
	<filename>top_볶음밥류_낮고큰파스타볼_김치볶음밥_Q3_00028.JPG</filename>
	<path>/top볶음밥류낮고큰파스타볼김치볶음밥q3/top_볶음밥류_낮고큰파스타볼_김치볶음밥_Q3_00028.JPG</path>
	<source>
		<database>fooddata</database>
	</source>
	<size>
		<width>5472</width>
		<height>3648</height>
		<depth>3</depth>
	</size>
	<object>
		<name>ref_spoon</name>
		<bndbox>
			<xmin>1107</xmin>
			<ymin>489</ymin>
			<xmax>1563</xmax>
			<ymax>1270</ymax>
		</bndbox>
	</object>
	<object>
		<name>ref_fork</name>
		<bndbox>
			<xmin>1677</xmin>
			<ymin>586</ymin>
			<xmax>2003</xmax>
			<ymax>1449</ymax>
		</bndbox>
	</object>
	<object>
		<name>ref_coin</name>
		<bndbox>
			<xmin>4169</xmin>
			<ymin>2899</ymin>
			<xmax>4511</xmax>
			<ymax>3257</ymax>
		</bndbox>
	</object>
	<object>
		<name>dish</name>
		<bndbox>
			<xmin>2052</xmin>
			<ymin>228</ymin>
			<xmax>4723</xmax>
			<ymax>2866</ymax>
		</bndbox>
	</object>
	<object>
		<name>김치볶음밥</name>
		<bndbox>
			<xmin>2671</xmin>
			<ymin>717</ymin>
			<xmax>4137</xmax>
			<ymax>2085</ymax>
		</bndbox>
	</object>
</annotation>