<annotation>
	<folder>top볶음밥류낮고큰파스타볼김치볶음밥q3</folder>
	<filename>top_볶음밥류_낮고큰파스타볼_김치볶음밥_Q3_00017.JPG</filename>
	<path>/top볶음밥류낮고큰파스타볼김치볶음밥q3/top_볶음밥류_낮고큰파스타볼_김치볶음밥_Q3_00017.JPG</path>
	<source>
		<database>fooddata</database>
	</source>
	<size>
		<width>5472</width>
		<height>3648</height>
		<depth>3</depth>
	</size>
	<object>
		<name>ref_spoon</name>
		<bndbox>
			<xmin>1905</xmin>
			<ymin>2915</ymin>
			<xmax>2622</xmax>
			<ymax>3322</ymax>
		</bndbox>
	</object>
	<object>
		<name>ref_fork</name>
		<bndbox>
			<xmin>1987</xmin>
			<ymin>2524</ymin>
			<xmax>2703</xmax>
			<ymax>2817</ymax>
		</bndbox>
	</object>
	<object>
		<name>ref_coin</name>
		<bndbox>
			<xmin>4283</xmin>
			<ymin>814</ymin>
			<xmax>4560</xmax>
			<ymax>1091</ymax>
		</bndbox>
	</object>
	<object>
		<name>dish</name>
		<bndbox>
			<xmin>1726</xmin>
			<ymin>195</ymin>
			<xmax>4169</xmax>
			<ymax>2508</ymax>
		</bndbox>
	</object>
	<object>
		<name>김치볶음밥</name>
		<bndbox>
			<xmin>2557</xmin>
			<ymin>782</ymin>
			<xmax>3697</xmax>
			<ymax>2019</ymax>
		</bndbox>
	</object>
</annotation>