<annotation>
	<folder>top볶음밥류낮고큰파스타볼김치볶음밥q3</folder>
	<filename>top_볶음밥류_낮고큰파스타볼_김치볶음밥_Q3_00002.JPG</filename>
	<path>/top볶음밥류낮고큰파스타볼김치볶음밥q3/top_볶음밥류_낮고큰파스타볼_김치볶음밥_Q3_00002.JPG</path>
	<source>
		<database>fooddata</database>
	</source>
	<size>
		<width>5472</width>
		<height>3648</height>
		<depth>3</depth>
	</size>
	<object>
		<name>ref_spoon</name>
		<bndbox>
			<xmin>3599</xmin>
			<ymin>586</ymin>
			<xmax>4039</xmax>
			<ymax>1368</ymax>
		</bndbox>
	</object>
	<object>
		<name>ref_fork</name>
		<bndbox>
			<xmin>4202</xmin>
			<ymin>700</ymin>
			<xmax>4527</xmax>
			<ymax>1563</ymax>
		</bndbox>
	</object>
	<object>
		<name>ref_coin</name>
		<bndbox>
			<xmin>2622</xmin>
			<ymin>3078</ymin>
			<xmax>2964</xmax>
			<ymax>3453</ymax>
		</bndbox>
	</object>
	<object>
		<name>dish</name>
		<bndbox>
			<xmin>814</xmin>
			<ymin>228</ymin>
			<xmax>3648</xmax>
			<ymax>3029</ymax>
		</bndbox>
	</object>
	<object>
		<name>김치볶음밥</name>
		<bndbox>
			<xmin>1547</xmin>
			<ymin>765</ymin>
			<xmax>2997</xmax>
			<ymax>2215</ymax>
		</bndbox>
	</object>
</annotation>