<annotation>
	<folder>top볶음밥류낮고큰파스타볼김치볶음밥q3</folder>
	<filename>top_볶음밥류_낮고큰파스타볼_김치볶음밥_Q3_00047.JPG</filename>
	<path>/top볶음밥류낮고큰파스타볼김치볶음밥q3/top_볶음밥류_낮고큰파스타볼_김치볶음밥_Q3_00047.JPG</path>
	<source>
		<database>fooddata</database>
	</source>
	<size>
		<width>5472</width>
		<height>3648</height>
		<depth>3</depth>
	</size>
	<object>
		<name>ref_spoon</name>
		<bndbox>
			<xmin>1352</xmin>
			<ymin>651</ymin>
			<xmax>1791</xmax>
			<ymax>1433</ymax>
		</bndbox>
	</object>
	<object>
		<name>ref_fork</name>
		<bndbox>
			<xmin>1889</xmin>
			<ymin>733</ymin>
			<xmax>2182</xmax>
			<ymax>1629</ymax>
		</bndbox>
	</object>
	<object>
		<name>ref_coin</name>
		<bndbox>
			<xmin>4674</xmin>
			<ymin>2541</ymin>
			<xmax>5016</xmax>
			<ymax>2866</ymax>
		</bndbox>
	</object>
	<object>
		<name>dish</name>
		<bndbox>
			<xmin>2231</xmin>
			<ymin>293</ymin>
			<xmax>4902</xmax>
			<ymax>2834</ymax>
		</bndbox>
	</object>
	<object>
		<name>김치볶음밥</name>
		<bndbox>
			<xmin>2720</xmin>
			<ymin>814</ymin>
			<xmax>4218</xmax>
			<ymax>2329</ymax>
		</bndbox>
	</object>
</annotation>