<annotation>
	<folder>top볶음밥류낮고큰파스타볼김치볶음밥q3</folder>
	<filename>top_볶음밥류_낮고큰파스타볼_김치볶음밥_Q3_00053.JPG</filename>
	<path>/top볶음밥류낮고큰파스타볼김치볶음밥q3/top_볶음밥류_낮고큰파스타볼_김치볶음밥_Q3_00053.JPG</path>
	<source>
		<database>fooddata</database>
	</source>
	<size>
		<width>5472</width>
		<height>3648</height>
		<depth>3</depth>
	</size>
	<object>
		<name>ref_spoon</name>
		<bndbox>
			<xmin>1173</xmin>
			<ymin>977</ymin>
			<xmax>1629</xmax>
			<ymax>1824</ymax>
		</bndbox>
	</object>
	<object>
		<name>ref_fork</name>
		<bndbox>
			<xmin>1743</xmin>
			<ymin>1091</ymin>
			<xmax>2052</xmax>
			<ymax>1987</ymax>
		</bndbox>
	</object>
	<object>
		<name>ref_coin</name>
		<bndbox>
			<xmin>3501</xmin>
			<ymin>212</ymin>
			<xmax>3811</xmax>
			<ymax>554</ymax>
		</bndbox>
	</object>
	<object>
		<name>dish</name>
		<bndbox>
			<xmin>2117</xmin>
			<ymin>603</ymin>
			<xmax>4853</xmax>
			<ymax>3241</ymax>
		</bndbox>
	</object>
	<object>
		<name>김치볶음밥</name>
		<bndbox>
			<xmin>2671</xmin>
			<ymin>1140</ymin>
			<xmax>4153</xmax>
			<ymax>2752</ymax>
		</bndbox>
	</object>
</annotation>