<annotation>
	<folder>side국류냉면기물회q4</folder>
	<filename>side_국류_냉면기_물회_Q4_00038.JPG</filename>
	<path>/side국류냉면기물회q4/side_국류_냉면기_물회_Q4_00038.JPG</path>
	<source>
		<database>fooddata</database>
	</source>
	<size>
		<width>3008</width>
		<height>2000</height>
		<depth>3</depth>
	</size>
	<object>
		<name>ref_spoon</name>
		<bndbox>
			<xmin>348</xmin>
			<ymin>800</ymin>
			<xmax>646</xmax>
			<ymax>1137</ymax>
		</bndbox>
	</object>
	<object>
		<name>ref_fork</name>
		<bndbox>
			<xmin>685</xmin>
			<ymin>796</ymin>
			<xmax>901</xmax>
			<ymax>1165</ymax>
		</bndbox>
	</object>
	<object>
		<name>ref_coin</name>
		<bndbox>
			<xmin>1444</xmin>
			<ymin>338</ymin>
			<xmax>1646</xmax>
			<ymax>463</ymax>
		</bndbox>
	</object>
	<object>
		<name>dish</name>
		<bndbox>
			<xmin>1234</xmin>
			<ymin>541</ymin>
			<xmax>2639</xmax>
			<ymax>1555</ymax>
		</bndbox>
	</object>
	<object>
		<name>물회</name>
		<bndbox>
			<xmin>1305</xmin>
			<ymin>615</ymin>
			<xmax>2593</xmax>
			<ymax>1367</ymax>
		</bndbox>
	</object>
</annotation>