<annotation>
	<folder>side국류냉면기물회q4</folder>
	<filename>side_국류_냉면기_물회_Q4_00043.JPG</filename>
	<path>/side국류냉면기물회q4/side_국류_냉면기_물회_Q4_00043.JPG</path>
	<source>
		<database>fooddata</database>
	</source>
	<size>
		<width>3008</width>
		<height>2000</height>
		<depth>3</depth>
	</size>
	<object>
		<name>ref_spoon</name>
		<bndbox>
			<xmin>170</xmin>
			<ymin>800</ymin>
			<xmax>465</xmax>
			<ymax>1126</ymax>
		</bndbox>
	</object>
	<object>
		<name>ref_fork</name>
		<bndbox>
			<xmin>500</xmin>
			<ymin>771</ymin>
			<xmax>727</xmax>
			<ymax>1176</ymax>
		</bndbox>
	</object>
	<object>
		<name>ref_coin</name>
		<bndbox>
			<xmin>1054</xmin>
			<ymin>1580</ymin>
			<xmax>1305</xmax>
			<ymax>1754</ymax>
		</bndbox>
	</object>
	<object>
		<name>dish</name>
		<bndbox>
			<xmin>1210</xmin>
			<ymin>381</ymin>
			<xmax>2611</xmax>
			<ymax>1364</ymax>
		</bndbox>
	</object>
	<object>
		<name>물회</name>
		<bndbox>
			<xmin>1277</xmin>
			<ymin>466</ymin>
			<xmax>2511</xmax>
			<ymax>1161</ymax>
		</bndbox>
	</object>
</annotation>