<annotation>
	<folder>side국류냉면기물회q4</folder>
	<filename>side_국류_냉면기_물회_Q4_00031.JPG</filename>
	<path>/side국류냉면기물회q4/side_국류_냉면기_물회_Q4_00031.JPG</path>
	<source>
		<database>fooddata</database>
	</source>
	<size>
		<width>3008</width>
		<height>2000</height>
		<depth>3</depth>
	</size>
	<object>
		<name>ref_spoon</name>
		<bndbox>
			<xmin>284</xmin>
			<ymin>789</ymin>
			<xmax>603</xmax>
			<ymax>1144</ymax>
		</bndbox>
	</object>
	<object>
		<name>ref_fork</name>
		<bndbox>
			<xmin>653</xmin>
			<ymin>778</ymin>
			<xmax>880</xmax>
			<ymax>1183</ymax>
		</bndbox>
	</object>
	<object>
		<name>ref_coin</name>
		<bndbox>
			<xmin>2554</xmin>
			<ymin>1580</ymin>
			<xmax>2795</xmax>
			<ymax>1743</ymax>
		</bndbox>
	</object>
	<object>
		<name>dish</name>
		<bndbox>
			<xmin>1124</xmin>
			<ymin>370</ymin>
			<xmax>2561</xmax>
			<ymax>1424</ymax>
		</bndbox>
	</object>
	<object>
		<name>물회</name>
		<bndbox>
			<xmin>1195</xmin>
			<ymin>459</ymin>
			<xmax>2483</xmax>
			<ymax>1239</ymax>
		</bndbox>
	</object>
</annotation>