<annotation>
	<folder>side국류냉면기물회q4</folder>
	<filename>side_국류_냉면기_물회_Q4_00029.JPG</filename>
	<path>/side국류냉면기물회q4/side_국류_냉면기_물회_Q4_00029.JPG</path>
	<source>
		<database>fooddata</database>
	</source>
	<size>
		<width>3008</width>
		<height>2000</height>
		<depth>3</depth>
	</size>
	<object>
		<name>ref_spoon</name>
		<bndbox>
			<xmin>763</xmin>
			<ymin>1640</ymin>
			<xmax>1263</xmax>
			<ymax>1906</ymax>
		</bndbox>
	</object>
	<object>
		<name>ref_fork</name>
		<bndbox>
			<xmin>819</xmin>
			<ymin>1403</ymin>
			<xmax>1351</xmax>
			<ymax>1662</ymax>
		</bndbox>
	</object>
	<object>
		<name>ref_coin</name>
		<bndbox>
			<xmin>362</xmin>
			<ymin>1168</ymin>
			<xmax>610</xmax>
			<ymax>1335</ymax>
		</bndbox>
	</object>
	<object>
		<name>dish</name>
		<bndbox>
			<xmin>1000</xmin>
			<ymin>228</ymin>
			<xmax>2444</xmax>
			<ymax>1261</ymax>
		</bndbox>
	</object>
	<object>
		<name>물회</name>
		<bndbox>
			<xmin>1124</xmin>
			<ymin>296</ymin>
			<xmax>2394</xmax>
			<ymax>1062</ymax>
		</bndbox>
	</object>
</annotation>