<annotation>
	<folder>side국류냉면기물회q4</folder>
	<filename>side_국류_냉면기_물회_Q4_00022.JPG</filename>
	<path>/side국류냉면기물회q4/side_국류_냉면기_물회_Q4_00022.JPG</path>
	<source>
		<database>fooddata</database>
	</source>
	<size>
		<width>3008</width>
		<height>2000</height>
		<depth>3</depth>
	</size>
	<object>
		<name>ref_spoon</name>
		<bndbox>
			<xmin>564</xmin>
			<ymin>1623</ymin>
			<xmax>1075</xmax>
			<ymax>1899</ymax>
		</bndbox>
	</object>
	<object>
		<name>ref_fork</name>
		<bndbox>
			<xmin>638</xmin>
			<ymin>1371</ymin>
			<xmax>1185</xmax>
			<ymax>1644</ymax>
		</bndbox>
	</object>
	<object>
		<name>ref_coin</name>
		<bndbox>
			<xmin>2511</xmin>
			<ymin>516</ymin>
			<xmax>2721</xmax>
			<ymax>647</ymax>
		</bndbox>
	</object>
	<object>
		<name>dish</name>
		<bndbox>
			<xmin>933</xmin>
			<ymin>228</ymin>
			<xmax>2366</xmax>
			<ymax>1264</ymax>
		</bndbox>
	</object>
	<object>
		<name>물회</name>
		<bndbox>
			<xmin>993</xmin>
			<ymin>324</ymin>
			<xmax>2267</xmax>
			<ymax>1048</ymax>
		</bndbox>
	</object>
</annotation>