<annotation>
	<folder>side국류냉면기물회q4</folder>
	<filename>side_국류_냉면기_물회_Q4_00030.JPG</filename>
	<path>/side국류냉면기물회q4/side_국류_냉면기_물회_Q4_00030.JPG</path>
	<source>
		<database>fooddata</database>
	</source>
	<size>
		<width>3008</width>
		<height>2000</height>
		<depth>3</depth>
	</size>
	<object>
		<name>ref_spoon</name>
		<bndbox>
			<xmin>653</xmin>
			<ymin>1644</ymin>
			<xmax>1146</xmax>
			<ymax>1920</ymax>
		</bndbox>
	</object>
	<object>
		<name>ref_fork</name>
		<bndbox>
			<xmin>695</xmin>
			<ymin>1396</ymin>
			<xmax>1220</xmax>
			<ymax>1662</ymax>
		</bndbox>
	</object>
	<object>
		<name>ref_coin</name>
		<bndbox>
			<xmin>252</xmin>
			<ymin>1360</ymin>
			<xmax>500</xmax>
			<ymax>1541</ymax>
		</bndbox>
	</object>
	<object>
		<name>dish</name>
		<bndbox>
			<xmin>851</xmin>
			<ymin>260</ymin>
			<xmax>2270</xmax>
			<ymax>1282</ymax>
		</bndbox>
	</object>
	<object>
		<name>물회</name>
		<bndbox>
			<xmin>901</xmin>
			<ymin>370</ymin>
			<xmax>2256</xmax>
			<ymax>1090</ymax>
		</bndbox>
	</object>
</annotation>