<annotation>
	<folder>side국류냉면기물회q4</folder>
	<filename>side_국류_냉면기_물회_Q4_00047.JPG</filename>
	<path>/side국류냉면기물회q4/side_국류_냉면기_물회_Q4_00047.JPG</path>
	<source>
		<database>fooddata</database>
	</source>
	<size>
		<width>3008</width>
		<height>2000</height>
		<depth>3</depth>
	</size>
	<object>
		<name>ref_spoon</name>
		<bndbox>
			<xmin>234</xmin>
			<ymin>743</ymin>
			<xmax>525</xmax>
			<ymax>1080</ymax>
		</bndbox>
	</object>
	<object>
		<name>ref_fork</name>
		<bndbox>
			<xmin>624</xmin>
			<ymin>739</ymin>
			<xmax>834</xmax>
			<ymax>1126</ymax>
		</bndbox>
	</object>
	<object>
		<name>ref_coin</name>
		<bndbox>
			<xmin>1972</xmin>
			<ymin>1708</ymin>
			<xmax>2213</xmax>
			<ymax>1889</ymax>
		</bndbox>
	</object>
	<object>
		<name>dish</name>
		<bndbox>
			<xmin>1043</xmin>
			<ymin>402</ymin>
			<xmax>2398</xmax>
			<ymax>1410</ymax>
		</bndbox>
	</object>
	<object>
		<name>물회</name>
		<bndbox>
			<xmin>1078</xmin>
			<ymin>516</ymin>
			<xmax>2327</xmax>
			<ymax>1236</ymax>
		</bndbox>
	</object>
</annotation>