<annotation>
	<folder>side국류냉면기물회q4</folder>
	<filename>side_국류_냉면기_물회_Q4_00039.JPG</filename>
	<path>/side국류냉면기물회q4/side_국류_냉면기_물회_Q4_00039.JPG</path>
	<source>
		<database>fooddata</database>
	</source>
	<size>
		<width>3008</width>
		<height>2000</height>
		<depth>3</depth>
	</size>
	<object>
		<name>ref_spoon</name>
		<bndbox>
			<xmin>305</xmin>
			<ymin>899</ymin>
			<xmax>599</xmax>
			<ymax>1239</ymax>
		</bndbox>
	</object>
	<object>
		<name>ref_fork</name>
		<bndbox>
			<xmin>649</xmin>
			<ymin>892</ymin>
			<xmax>862</xmax>
			<ymax>1268</ymax>
		</bndbox>
	</object>
	<object>
		<name>ref_coin</name>
		<bndbox>
			<xmin>1390</xmin>
			<ymin>416</ymin>
			<xmax>1607</xmax>
			<ymax>555</ymax>
		</bndbox>
	</object>
	<object>
		<name>dish</name>
		<bndbox>
			<xmin>1249</xmin>
			<ymin>587</ymin>
			<xmax>2646</xmax>
			<ymax>1584</ymax>
		</bndbox>
	</object>
	<object>
		<name>물회</name>
		<bndbox>
			<xmin>1302</xmin>
			<ymin>647</ymin>
			<xmax>2611</xmax>
			<ymax>1385</ymax>
		</bndbox>
	</object>
</annotation>