<annotation>
	<folder>side국류냉면기물회q4</folder>
	<filename>side_국류_냉면기_물회_Q4_00054.JPG</filename>
	<path>/side국류냉면기물회q4/side_국류_냉면기_물회_Q4_00054.JPG</path>
	<source>
		<database>fooddata</database>
	</source>
	<size>
		<width>3008</width>
		<height>2000</height>
		<depth>3</depth>
	</size>
	<object>
		<name>ref_spoon</name>
		<bndbox>
			<xmin>60</xmin>
			<ymin>920</ymin>
			<xmax>365</xmax>
			<ymax>1254</ymax>
		</bndbox>
	</object>
	<object>
		<name>ref_fork</name>
		<bndbox>
			<xmin>468</xmin>
			<ymin>924</ymin>
			<xmax>660</xmax>
			<ymax>1310</ymax>
		</bndbox>
	</object>
	<object>
		<name>ref_coin</name>
		<bndbox>
			<xmin>2469</xmin>
			<ymin>1012</ymin>
			<xmax>2678</xmax>
			<ymax>1176</ymax>
		</bndbox>
	</object>
	<object>
		<name>dish</name>
		<bndbox>
			<xmin>837</xmin>
			<ymin>587</ymin>
			<xmax>2213</xmax>
			<ymax>1594</ymax>
		</bndbox>
	</object>
	<object>
		<name>물회</name>
		<bndbox>
			<xmin>912</xmin>
			<ymin>672</ymin>
			<xmax>2167</xmax>
			<ymax>1452</ymax>
		</bndbox>
	</object>
</annotation>