<annotation>
	<folder>top국류냉면기물회q4</folder>
	<filename>top_국류_냉면기_물회_Q4_00021.JPG</filename>
	<path>/top국류냉면기물회q4/top_국류_냉면기_물회_Q4_00021.JPG</path>
	<source>
		<database>fooddata</database>
	</source>
	<size>
		<width>3008</width>
		<height>2000</height>
		<depth>3</depth>
	</size>
	<object>
		<name>ref_spoon</name>
		<bndbox>
			<xmin>738</xmin>
			<ymin>1580</ymin>
			<xmax>1093</xmax>
			<ymax>1832</ymax>
		</bndbox>
	</object>
	<object>
		<name>ref_fork</name>
		<bndbox>
			<xmin>809</xmin>
			<ymin>1317</ymin>
			<xmax>1192</xmax>
			<ymax>1498</ymax>
		</bndbox>
	</object>
	<object>
		<name>ref_coin</name>
		<bndbox>
			<xmin>2114</xmin>
			<ymin>377</ymin>
			<xmax>2277</xmax>
			<ymax>537</ymax>
		</bndbox>
	</object>
	<object>
		<name>dish</name>
		<bndbox>
			<xmin>848</xmin>
			<ymin>12</ymin>
			<xmax>2057</xmax>
			<ymax>1229</ymax>
		</bndbox>
	</object>
	<object>
		<name>물회</name>
		<bndbox>
			<xmin>968</xmin>
			<ymin>122</ymin>
			<xmax>1954</xmax>
			<ymax>1140</ymax>
		</bndbox>
	</object>
</annotation>