<annotation>
	<folder>top국류냉면기물회q4</folder>
	<filename>top_국류_냉면기_물회_Q4_00053.JPG</filename>
	<path>/top국류냉면기물회q4/top_국류_냉면기_물회_Q4_00053.JPG</path>
	<source>
		<database>fooddata</database>
	</source>
	<size>
		<width>3008</width>
		<height>2000</height>
		<depth>3</depth>
	</size>
	<object>
		<name>ref_spoon</name>
		<bndbox>
			<xmin>341</xmin>
			<ymin>516</ymin>
			<xmax>638</xmax>
			<ymax>902</ymax>
		</bndbox>
	</object>
	<object>
		<name>ref_fork</name>
		<bndbox>
			<xmin>699</xmin>
			<ymin>512</ymin>
			<xmax>936</xmax>
			<ymax>945</ymax>
		</bndbox>
	</object>
	<object>
		<name>ref_coin</name>
		<bndbox>
			<xmin>2426</xmin>
			<ymin>1544</ymin>
			<xmax>2625</xmax>
			<ymax>1761</ymax>
		</bndbox>
	</object>
	<object>
		<name>dish</name>
		<bndbox>
			<xmin>1107</xmin>
			<ymin>186</ymin>
			<xmax>2522</xmax>
			<ymax>1608</ymax>
		</bndbox>
	</object>
	<object>
		<name>물회</name>
		<bndbox>
			<xmin>1210</xmin>
			<ymin>275</ymin>
			<xmax>2458</xmax>
			<ymax>1459</ymax>
		</bndbox>
	</object>
</annotation>