<annotation>
	<folder>top국류냉면기물회q4</folder>
	<filename>top_국류_냉면기_물회_Q4_00011.JPG</filename>
	<path>/top국류냉면기물회q4/top_국류_냉면기_물회_Q4_00011.JPG</path>
	<source>
		<database>fooddata</database>
	</source>
	<size>
		<width>3008</width>
		<height>2000</height>
		<depth>3</depth>
	</size>
	<object>
		<name>ref_spoon</name>
		<bndbox>
			<xmin>2050</xmin>
			<ymin>243</ymin>
			<xmax>2302</xmax>
			<ymax>622</ymax>
		</bndbox>
	</object>
	<object>
		<name>ref_fork</name>
		<bndbox>
			<xmin>2405</xmin>
			<ymin>264</ymin>
			<xmax>2589</xmax>
			<ymax>686</ymax>
		</bndbox>
	</object>
	<object>
		<name>ref_coin</name>
		<bndbox>
			<xmin>1813</xmin>
			<ymin>661</ymin>
			<xmax>2001</xmax>
			<ymax>849</ymax>
		</bndbox>
	</object>
	<object>
		<name>dish</name>
		<bndbox>
			<xmin>426</xmin>
			<ymin>285</ymin>
			<xmax>1830</xmax>
			<ymax>1665</ymax>
		</bndbox>
	</object>
	<object>
		<name>물회</name>
		<bndbox>
			<xmin>596</xmin>
			<ymin>406</ymin>
			<xmax>1717</xmax>
			<ymax>1608</ymax>
		</bndbox>
	</object>
</annotation>