<annotation>
	<folder>top국류냉면기물회q4</folder>
	<filename>top_국류_냉면기_물회_Q4_00042.JPG</filename>
	<path>/top국류냉면기물회q4/top_국류_냉면기_물회_Q4_00042.JPG</path>
	<source>
		<database>fooddata</database>
	</source>
	<size>
		<width>3008</width>
		<height>2000</height>
		<depth>3</depth>
	</size>
	<object>
		<name>ref_spoon</name>
		<bndbox>
			<xmin>248</xmin>
			<ymin>573</ymin>
			<xmax>539</xmax>
			<ymax>952</ymax>
		</bndbox>
	</object>
	<object>
		<name>ref_fork</name>
		<bndbox>
			<xmin>614</xmin>
			<ymin>573</ymin>
			<xmax>823</xmax>
			<ymax>1009</ymax>
		</bndbox>
	</object>
	<object>
		<name>ref_coin</name>
		<bndbox>
			<xmin>2589</xmin>
			<ymin>814</ymin>
			<xmax>2809</xmax>
			<ymax>1012</ymax>
		</bndbox>
	</object>
	<object>
		<name>dish</name>
		<bndbox>
			<xmin>1114</xmin>
			<ymin>260</ymin>
			<xmax>2526</xmax>
			<ymax>1669</ymax>
		</bndbox>
	</object>
	<object>
		<name>물회</name>
		<bndbox>
			<xmin>1171</xmin>
			<ymin>431</ymin>
			<xmax>2444</xmax>
			<ymax>1552</ymax>
		</bndbox>
	</object>
</annotation>