<annotation>
	<folder>top국류냉면기물회q4</folder>
	<filename>top_국류_냉면기_물회_Q4_00031.JPG</filename>
	<path>/top국류냉면기물회q4/top_국류_냉면기_물회_Q4_00031.JPG</path>
	<source>
		<database>fooddata</database>
	</source>
	<size>
		<width>3008</width>
		<height>2000</height>
		<depth>3</depth>
	</size>
	<object>
		<name>ref_spoon</name>
		<bndbox>
			<xmin>869</xmin>
			<ymin>1509</ymin>
			<xmax>1217</xmax>
			<ymax>1757</ymax>
		</bndbox>
	</object>
	<object>
		<name>ref_fork</name>
		<bndbox>
			<xmin>951</xmin>
			<ymin>1286</ymin>
			<xmax>1305</xmax>
			<ymax>1438</ymax>
		</bndbox>
	</object>
	<object>
		<name>ref_coin</name>
		<bndbox>
			<xmin>490</xmin>
			<ymin>1140</ymin>
			<xmax>660</xmax>
			<ymax>1307</ymax>
		</bndbox>
	</object>
	<object>
		<name>dish</name>
		<bndbox>
			<xmin>1089</xmin>
			<ymin>111</ymin>
			<xmax>2213</xmax>
			<ymax>1215</ymax>
		</bndbox>
	</object>
	<object>
		<name>물회</name>
		<bndbox>
			<xmin>1178</xmin>
			<ymin>193</ymin>
			<xmax>2118</xmax>
			<ymax>1165</ymax>
		</bndbox>
	</object>
</annotation>