<annotation>
	<folder>top국류냉면기물회q4</folder>
	<filename>top_국류_냉면기_물회_Q4_00020.JPG</filename>
	<path>/top국류냉면기물회q4/top_국류_냉면기_물회_Q4_00020.JPG</path>
	<source>
		<database>fooddata</database>
	</source>
	<size>
		<width>3008</width>
		<height>2000</height>
		<depth>3</depth>
	</size>
	<object>
		<name>ref_spoon</name>
		<bndbox>
			<xmin>731</xmin>
			<ymin>1548</ymin>
			<xmax>1100</xmax>
			<ymax>1793</ymax>
		</bndbox>
	</object>
	<object>
		<name>ref_fork</name>
		<bndbox>
			<xmin>798</xmin>
			<ymin>1307</ymin>
			<xmax>1181</xmax>
			<ymax>1481</ymax>
		</bndbox>
	</object>
	<object>
		<name>ref_coin</name>
		<bndbox>
			<xmin>2086</xmin>
			<ymin>580</ymin>
			<xmax>2263</xmax>
			<ymax>743</ymax>
		</bndbox>
	</object>
	<object>
		<name>dish</name>
		<bndbox>
			<xmin>795</xmin>
			<ymin>16</ymin>
			<xmax>2025</xmax>
			<ymax>1208</ymax>
		</bndbox>
	</object>
	<object>
		<name>물회</name>
		<bndbox>
			<xmin>908</xmin>
			<ymin>87</ymin>
			<xmax>1901</xmax>
			<ymax>1133</ymax>
		</bndbox>
	</object>
</annotation>