<annotation>
	<folder>top국류냉면기물회q4</folder>
	<filename>top_국류_냉면기_물회_Q4_00008.JPG</filename>
	<path>/top국류냉면기물회q4/top_국류_냉면기_물회_Q4_00008.JPG</path>
	<source>
		<database>fooddata</database>
	</source>
	<size>
		<width>3008</width>
		<height>2000</height>
		<depth>3</depth>
	</size>
	<object>
		<name>ref_spoon</name>
		<bndbox>
			<xmin>2057</xmin>
			<ymin>211</ymin>
			<xmax>2316</xmax>
			<ymax>587</ymax>
		</bndbox>
	</object>
	<object>
		<name>ref_fork</name>
		<bndbox>
			<xmin>2412</xmin>
			<ymin>225</ymin>
			<xmax>2611</xmax>
			<ymax>636</ymax>
		</bndbox>
	</object>
	<object>
		<name>ref_coin</name>
		<bndbox>
			<xmin>252</xmin>
			<ymin>282</ymin>
			<xmax>447</xmax>
			<ymax>484</ymax>
		</bndbox>
	</object>
	<object>
		<name>dish</name>
		<bndbox>
			<xmin>575</xmin>
			<ymin>307</ymin>
			<xmax>1994</xmax>
			<ymax>1686</ymax>
		</bndbox>
	</object>
	<object>
		<name>물회</name>
		<bndbox>
			<xmin>692</xmin>
			<ymin>395</ymin>
			<xmax>1958</xmax>
			<ymax>1548</ymax>
		</bndbox>
	</object>
</annotation>