<annotation>
	<folder>side부침개류사각배달달걀말이q4</folder>
	<filename>side_부침개류_사각배달_달걀말이_Q4_00026.JPG</filename>
	<path>/side부침개류사각배달달걀말이q4/side_부침개류_사각배달_달걀말이_Q4_00026.JPG</path>
	<source>
		<database>fooddata</database>
	</source>
	<size>
		<width>3008</width>
		<height>2000</height>
		<depth>3</depth>
	</size>
	<object>
		<name>ref_spoon</name>
		<bndbox>
			<xmin>694</xmin>
			<ymin>1591</ymin>
			<xmax>1115</xmax>
			<ymax>1822</ymax>
		</bndbox>
	</object>
	<object>
		<name>ref_fork</name>
		<bndbox>
			<xmin>783</xmin>
			<ymin>1360</ymin>
			<xmax>1237</xmax>
			<ymax>1583</ymax>
		</bndbox>
	</object>
	<object>
		<name>ref_coin</name>
		<bndbox>
			<xmin>2115</xmin>
			<ymin>1194</ymin>
			<xmax>2318</xmax>
			<ymax>1336</ymax>
		</bndbox>
	</object>
	<object>
		<name>dish</name>
		<bndbox>
			<xmin>715</xmin>
			<ymin>360</ymin>
			<xmax>2168</xmax>
			<ymax>1215</ymax>
		</bndbox>
	</object>
	<object>
		<name>달걀말이</name>
		<bndbox>
			<xmin>1006</xmin>
			<ymin>632</ymin>
			<xmax>1876</xmax>
			<ymax>1097</ymax>
		</bndbox>
	</object>
</annotation>