<annotation>
	<folder>side부침개류사각배달달걀말이q4</folder>
	<filename>side_부침개류_사각배달_달걀말이_Q4_00029.JPG</filename>
	<path>/side부침개류사각배달달걀말이q4/side_부침개류_사각배달_달걀말이_Q4_00029.JPG</path>
	<source>
		<database>fooddata</database>
	</source>
	<size>
		<width>3008</width>
		<height>2000</height>
		<depth>3</depth>
	</size>
	<object>
		<name>ref_spoon</name>
		<bndbox>
			<xmin>727</xmin>
			<ymin>1619</ymin>
			<xmax>1160</xmax>
			<ymax>1842</ymax>
		</bndbox>
	</object>
	<object>
		<name>ref_fork</name>
		<bndbox>
			<xmin>812</xmin>
			<ymin>1385</ymin>
			<xmax>1269</xmax>
			<ymax>1603</ymax>
		</bndbox>
	</object>
	<object>
		<name>ref_coin</name>
		<bndbox>
			<xmin>2233</xmin>
			<ymin>980</ymin>
			<xmax>2427</xmax>
			<ymax>1113</ymax>
		</bndbox>
	</object>
	<object>
		<name>dish</name>
		<bndbox>
			<xmin>638</xmin>
			<ymin>401</ymin>
			<xmax>2099</xmax>
			<ymax>1287</ymax>
		</bndbox>
	</object>
	<object>
		<name>달걀말이</name>
		<bndbox>
			<xmin>957</xmin>
			<ymin>648</ymin>
			<xmax>1779</xmax>
			<ymax>1190</ymax>
		</bndbox>
	</object>
</annotation>