<annotation>
	<folder>side부침개류사각배달달걀말이q4</folder>
	<filename>side_부침개류_사각배달_달걀말이_Q4_00010.JPG</filename>
	<path>/side부침개류사각배달달걀말이q4/side_부침개류_사각배달_달걀말이_Q4_00010.JPG</path>
	<source>
		<database>fooddata</database>
	</source>
	<size>
		<width>3008</width>
		<height>2000</height>
		<depth>3</depth>
	</size>
	<object>
		<name>ref_spoon</name>
		<bndbox>
			<xmin>2184</xmin>
			<ymin>466</ymin>
			<xmax>2459</xmax>
			<ymax>818</ymax>
		</bndbox>
	</object>
	<object>
		<name>ref_fork</name>
		<bndbox>
			<xmin>2528</xmin>
			<ymin>486</ymin>
			<xmax>2719</xmax>
			<ymax>887</ymax>
		</bndbox>
	</object>
	<object>
		<name>ref_coin</name>
		<bndbox>
			<xmin>1824</xmin>
			<ymin>1251</ymin>
			<xmax>2034</xmax>
			<ymax>1417</ymax>
		</bndbox>
	</object>
	<object>
		<name>dish</name>
		<bndbox>
			<xmin>391</xmin>
			<ymin>425</ymin>
			<xmax>2063</xmax>
			<ymax>1486</ymax>
		</bndbox>
	</object>
	<object>
		<name>달걀말이</name>
		<bndbox>
			<xmin>759</xmin>
			<ymin>700</ymin>
			<xmax>1727</xmax>
			<ymax>1308</ymax>
		</bndbox>
	</object>
</annotation>