<annotation>
	<folder>side부침개류사각배달달걀말이q4</folder>
	<filename>side_부침개류_사각배달_달걀말이_Q4_00049.JPG</filename>
	<path>/side부침개류사각배달달걀말이q4/side_부침개류_사각배달_달걀말이_Q4_00049.JPG</path>
	<source>
		<database>fooddata</database>
	</source>
	<size>
		<width>3008</width>
		<height>2000</height>
		<depth>3</depth>
	</size>
	<object>
		<name>ref_spoon</name>
		<bndbox>
			<xmin>160</xmin>
			<ymin>559</ymin>
			<xmax>447</xmax>
			<ymax>919</ymax>
		</bndbox>
	</object>
	<object>
		<name>ref_fork</name>
		<bndbox>
			<xmin>484</xmin>
			<ymin>567</ymin>
			<xmax>686</xmax>
			<ymax>984</ymax>
		</bndbox>
	</object>
	<object>
		<name>ref_coin</name>
		<bndbox>
			<xmin>1132</xmin>
			<ymin>1729</ymin>
			<xmax>1378</xmax>
			<ymax>1911</ymax>
		</bndbox>
	</object>
	<object>
		<name>dish</name>
		<bndbox>
			<xmin>804</xmin>
			<ymin>494</ymin>
			<xmax>2532</xmax>
			<ymax>1628</ymax>
		</bndbox>
	</object>
	<object>
		<name>달걀말이</name>
		<bndbox>
			<xmin>1152</xmin>
			<ymin>907</ymin>
			<xmax>2233</xmax>
			<ymax>1437</ymax>
		</bndbox>
	</object>
</annotation>