<annotation>
	<folder>side부침개류사각배달달걀말이q4</folder>
	<filename>side_부침개류_사각배달_달걀말이_Q4_00008.JPG</filename>
	<path>/side부침개류사각배달달걀말이q4/side_부침개류_사각배달_달걀말이_Q4_00008.JPG</path>
	<source>
		<database>fooddata</database>
	</source>
	<size>
		<width>3008</width>
		<height>2000</height>
		<depth>3</depth>
	</size>
	<object>
		<name>ref_spoon</name>
		<bndbox>
			<xmin>2103</xmin>
			<ymin>595</ymin>
			<xmax>2378</xmax>
			<ymax>960</ymax>
		</bndbox>
	</object>
	<object>
		<name>ref_fork</name>
		<bndbox>
			<xmin>2451</xmin>
			<ymin>628</ymin>
			<xmax>2642</xmax>
			<ymax>1016</ymax>
		</bndbox>
	</object>
	<object>
		<name>ref_coin</name>
		<bndbox>
			<xmin>1488</xmin>
			<ymin>1668</ymin>
			<xmax>1715</xmax>
			<ymax>1838</ymax>
		</bndbox>
	</object>
	<object>
		<name>dish</name>
		<bndbox>
			<xmin>621</xmin>
			<ymin>518</ymin>
			<xmax>1735</xmax>
			<ymax>1530</ymax>
		</bndbox>
	</object>
	<object>
		<name>달걀말이</name>
		<bndbox>
			<xmin>953</xmin>
			<ymin>700</ymin>
			<xmax>1459</xmax>
			<ymax>1397</ymax>
		</bndbox>
	</object>
</annotation>