<annotation>
	<folder>side부침개류사각배달달걀말이q4</folder>
	<filename>side_부침개류_사각배달_달걀말이_Q4_00048.JPG</filename>
	<path>/side부침개류사각배달달걀말이q4/side_부침개류_사각배달_달걀말이_Q4_00048.JPG</path>
	<source>
		<database>fooddata</database>
	</source>
	<size>
		<width>3008</width>
		<height>2000</height>
		<depth>3</depth>
	</size>
	<object>
		<name>ref_spoon</name>
		<bndbox>
			<xmin>221</xmin>
			<ymin>591</ymin>
			<xmax>504</xmax>
			<ymax>951</ymax>
		</bndbox>
	</object>
	<object>
		<name>ref_fork</name>
		<bndbox>
			<xmin>540</xmin>
			<ymin>603</ymin>
			<xmax>743</xmax>
			<ymax>1016</ymax>
		</bndbox>
	</object>
	<object>
		<name>ref_coin</name>
		<bndbox>
			<xmin>1006</xmin>
			<ymin>1656</ymin>
			<xmax>1249</xmax>
			<ymax>1834</ymax>
		</bndbox>
	</object>
	<object>
		<name>dish</name>
		<bndbox>
			<xmin>840</xmin>
			<ymin>555</ymin>
			<xmax>2589</xmax>
			<ymax>1583</ymax>
		</bndbox>
	</object>
	<object>
		<name>달걀말이</name>
		<bndbox>
			<xmin>1245</xmin>
			<ymin>968</ymin>
			<xmax>2314</xmax>
			<ymax>1393</ymax>
		</bndbox>
	</object>
</annotation>