<annotation>
	<folder>side부침개류사각배달달걀말이q4</folder>
	<filename>side_부침개류_사각배달_달걀말이_Q4_00001.JPG</filename>
	<path>/side부침개류사각배달달걀말이q4/side_부침개류_사각배달_달걀말이_Q4_00001.JPG</path>
	<source>
		<database>fooddata</database>
	</source>
	<size>
		<width>3008</width>
		<height>2000</height>
		<depth>3</depth>
	</size>
	<object>
		<name>ref_spoon</name>
		<bndbox>
			<xmin>1966</xmin>
			<ymin>457</ymin>
			<xmax>2245</xmax>
			<ymax>818</ymax>
		</bndbox>
	</object>
	<object>
		<name>ref_fork</name>
		<bndbox>
			<xmin>2318</xmin>
			<ymin>474</ymin>
			<xmax>2516</xmax>
			<ymax>874</ymax>
		</bndbox>
	</object>
	<object>
		<name>ref_coin</name>
		<bndbox>
			<xmin>1617</xmin>
			<ymin>1579</ymin>
			<xmax>1852</xmax>
			<ymax>1761</ymax>
		</bndbox>
	</object>
	<object>
		<name>dish</name>
		<bndbox>
			<xmin>682</xmin>
			<ymin>344</ymin>
			<xmax>1795</xmax>
			<ymax>1364</ymax>
		</bndbox>
	</object>
	<object>
		<name>달걀말이</name>
		<bndbox>
			<xmin>1018</xmin>
			<ymin>579</ymin>
			<xmax>1488</xmax>
			<ymax>1243</ymax>
		</bndbox>
	</object>
</annotation>