<annotation>
	<folder>top부침개류사각배달달걀말이q4</folder>
	<filename>top_부침개류_사각배달_달걀말이_Q4_00032.JPG</filename>
	<path>/top부침개류사각배달달걀말이q4/top_부침개류_사각배달_달걀말이_Q4_00032.JPG</path>
	<source>
		<database>fooddata</database>
	</source>
	<size>
		<width>3008</width>
		<height>2000</height>
		<depth>3</depth>
	</size>
	<object>
		<name>ref_spoon</name>
		<bndbox>
			<xmin>676</xmin>
			<ymin>1556</ymin>
			<xmax>1047</xmax>
			<ymax>1816</ymax>
		</bndbox>
	</object>
	<object>
		<name>ref_fork</name>
		<bndbox>
			<xmin>752</xmin>
			<ymin>1297</ymin>
			<xmax>1133</xmax>
			<ymax>1480</ymax>
		</bndbox>
	</object>
	<object>
		<name>ref_coin</name>
		<bndbox>
			<xmin>1372</xmin>
			<ymin>134</ymin>
			<xmax>1540</xmax>
			<ymax>291</ymax>
		</bndbox>
	</object>
	<object>
		<name>dish</name>
		<bndbox>
			<xmin>823</xmin>
			<ymin>276</ymin>
			<xmax>2063</xmax>
			<ymax>1368</ymax>
		</bndbox>
	</object>
	<object>
		<name>달걀말이</name>
		<bndbox>
			<xmin>1098</xmin>
			<ymin>525</ymin>
			<xmax>1809</xmax>
			<ymax>1109</ymax>
		</bndbox>
	</object>
</annotation>