<annotation>
	<folder>top부침개류사각배달달걀말이q4</folder>
	<filename>top_부침개류_사각배달_달걀말이_Q4_00038.JPG</filename>
	<path>/top부침개류사각배달달걀말이q4/top_부침개류_사각배달_달걀말이_Q4_00038.JPG</path>
	<source>
		<database>fooddata</database>
	</source>
	<size>
		<width>3008</width>
		<height>2000</height>
		<depth>3</depth>
	</size>
	<object>
		<name>ref_spoon</name>
		<bndbox>
			<xmin>498</xmin>
			<ymin>220</ymin>
			<xmax>772</xmax>
			<ymax>621</ymax>
		</bndbox>
	</object>
	<object>
		<name>ref_fork</name>
		<bndbox>
			<xmin>803</xmin>
			<ymin>245</ymin>
			<xmax>1021</xmax>
			<ymax>693</ymax>
		</bndbox>
	</object>
	<object>
		<name>ref_coin</name>
		<bndbox>
			<xmin>2469</xmin>
			<ymin>1302</ymin>
			<xmax>2698</xmax>
			<ymax>1511</ymax>
		</bndbox>
	</object>
	<object>
		<name>dish</name>
		<bndbox>
			<xmin>955</xmin>
			<ymin>240</ymin>
			<xmax>2469</xmax>
			<ymax>1826</ymax>
		</bndbox>
	</object>
	<object>
		<name>달걀말이</name>
		<bndbox>
			<xmin>1443</xmin>
			<ymin>632</ymin>
			<xmax>2104</xmax>
			<ymax>1455</ymax>
		</bndbox>
	</object>
</annotation>