<annotation>
	<folder>top부침개류사각배달달걀말이q4</folder>
	<filename>top_부침개류_사각배달_달걀말이_Q4_00007.JPG</filename>
	<path>/top부침개류사각배달달걀말이q4/top_부침개류_사각배달_달걀말이_Q4_00007.JPG</path>
	<source>
		<database>fooddata</database>
	</source>
	<size>
		<width>3008</width>
		<height>2000</height>
		<depth>3</depth>
	</size>
	<object>
		<name>ref_spoon</name>
		<bndbox>
			<xmin>1997</xmin>
			<ymin>240</ymin>
			<xmax>2281</xmax>
			<ymax>652</ymax>
		</bndbox>
	</object>
	<object>
		<name>ref_fork</name>
		<bndbox>
			<xmin>2383</xmin>
			<ymin>317</ymin>
			<xmax>2617</xmax>
			<ymax>789</ymax>
		</bndbox>
	</object>
	<object>
		<name>ref_coin</name>
		<bndbox>
			<xmin>539</xmin>
			<ymin>286</ymin>
			<xmax>757</xmax>
			<ymax>505</ymax>
		</bndbox>
	</object>
	<object>
		<name>dish</name>
		<bndbox>
			<xmin>147</xmin>
			<ymin>317</ymin>
			<xmax>1829</xmax>
			<ymax>1871</ymax>
		</bndbox>
	</object>
	<object>
		<name>달걀말이</name>
		<bndbox>
			<xmin>528</xmin>
			<ymin>672</ymin>
			<xmax>1575</xmax>
			<ymax>1541</ymax>
		</bndbox>
	</object>
</annotation>