<annotation>
	<folder>top부침개류사각배달달걀말이q4</folder>
	<filename>top_부침개류_사각배달_달걀말이_Q4_00011.JPG</filename>
	<path>/top부침개류사각배달달걀말이q4/top_부침개류_사각배달_달걀말이_Q4_00011.JPG</path>
	<source>
		<database>fooddata</database>
	</source>
	<size>
		<width>3008</width>
		<height>2000</height>
		<depth>3</depth>
	</size>
	<object>
		<name>ref_spoon</name>
		<bndbox>
			<xmin>1961</xmin>
			<ymin>215</ymin>
			<xmax>2231</xmax>
			<ymax>621</ymax>
		</bndbox>
	</object>
	<object>
		<name>ref_fork</name>
		<bndbox>
			<xmin>2322</xmin>
			<ymin>286</ymin>
			<xmax>2541</xmax>
			<ymax>738</ymax>
		</bndbox>
	</object>
	<object>
		<name>ref_coin</name>
		<bndbox>
			<xmin>1656</xmin>
			<ymin>611</ymin>
			<xmax>1860</xmax>
			<ymax>815</ymax>
		</bndbox>
	</object>
	<object>
		<name>dish</name>
		<bndbox>
			<xmin>356</xmin>
			<ymin>159</ymin>
			<xmax>1504</xmax>
			<ymax>1617</ymax>
		</bndbox>
	</object>
	<object>
		<name>달걀말이</name>
		<bndbox>
			<xmin>625</xmin>
			<ymin>449</ymin>
			<xmax>1225</xmax>
			<ymax>1384</ymax>
		</bndbox>
	</object>
</annotation>