<annotation>
	<folder>top부침개류사각배달달걀말이q4</folder>
	<filename>top_부침개류_사각배달_달걀말이_Q4_00029.JPG</filename>
	<path>/top부침개류사각배달달걀말이q4/top_부침개류_사각배달_달걀말이_Q4_00029.JPG</path>
	<source>
		<database>fooddata</database>
	</source>
	<size>
		<width>3008</width>
		<height>2000</height>
		<depth>3</depth>
	</size>
	<object>
		<name>ref_spoon</name>
		<bndbox>
			<xmin>691</xmin>
			<ymin>1556</ymin>
			<xmax>1047</xmax>
			<ymax>1795</ymax>
		</bndbox>
	</object>
	<object>
		<name>ref_fork</name>
		<bndbox>
			<xmin>752</xmin>
			<ymin>1292</ymin>
			<xmax>1143</xmax>
			<ymax>1485</ymax>
		</bndbox>
	</object>
	<object>
		<name>ref_coin</name>
		<bndbox>
			<xmin>1890</xmin>
			<ymin>520</ymin>
			<xmax>2063</xmax>
			<ymax>682</ymax>
		</bndbox>
	</object>
	<object>
		<name>dish</name>
		<bndbox>
			<xmin>666</xmin>
			<ymin>93</ymin>
			<xmax>1717</xmax>
			<ymax>1292</ymax>
		</bndbox>
	</object>
	<object>
		<name>달걀말이</name>
		<bndbox>
			<xmin>899</xmin>
			<ymin>372</ymin>
			<xmax>1463</xmax>
			<ymax>1038</ymax>
		</bndbox>
	</object>
</annotation>