<annotation>
	<folder>top부침개류사각배달달걀말이q4</folder>
	<filename>top_부침개류_사각배달_달걀말이_Q4_00012.JPG</filename>
	<path>/top부침개류사각배달달걀말이q4/top_부침개류_사각배달_달걀말이_Q4_00012.JPG</path>
	<source>
		<database>fooddata</database>
	</source>
	<size>
		<width>3008</width>
		<height>2000</height>
		<depth>3</depth>
	</size>
	<object>
		<name>ref_spoon</name>
		<bndbox>
			<xmin>1931</xmin>
			<ymin>235</ymin>
			<xmax>2226</xmax>
			<ymax>652</ymax>
		</bndbox>
	</object>
	<object>
		<name>ref_fork</name>
		<bndbox>
			<xmin>2317</xmin>
			<ymin>317</ymin>
			<xmax>2530</xmax>
			<ymax>769</ymax>
		</bndbox>
	</object>
	<object>
		<name>ref_coin</name>
		<bndbox>
			<xmin>1611</xmin>
			<ymin>926</ymin>
			<xmax>1809</xmax>
			<ymax>1124</ymax>
		</bndbox>
	</object>
	<object>
		<name>dish</name>
		<bndbox>
			<xmin>325</xmin>
			<ymin>154</ymin>
			<xmax>1484</xmax>
			<ymax>1607</ymax>
		</bndbox>
	</object>
	<object>
		<name>달걀말이</name>
		<bndbox>
			<xmin>579</xmin>
			<ymin>449</ymin>
			<xmax>1189</xmax>
			<ymax>1373</ymax>
		</bndbox>
	</object>
</annotation>