<annotation>
	<folder>top부침개류사각배달달걀말이q4</folder>
	<filename>top_부침개류_사각배달_달걀말이_Q4_00041.JPG</filename>
	<path>/top부침개류사각배달달걀말이q4/top_부침개류_사각배달_달걀말이_Q4_00041.JPG</path>
	<source>
		<database>fooddata</database>
	</source>
	<size>
		<width>3008</width>
		<height>2000</height>
		<depth>3</depth>
	</size>
	<object>
		<name>ref_spoon</name>
		<bndbox>
			<xmin>503</xmin>
			<ymin>164</ymin>
			<xmax>772</xmax>
			<ymax>560</ymax>
		</bndbox>
	</object>
	<object>
		<name>ref_fork</name>
		<bndbox>
			<xmin>808</xmin>
			<ymin>205</ymin>
			<xmax>1001</xmax>
			<ymax>637</ymax>
		</bndbox>
	</object>
	<object>
		<name>ref_coin</name>
		<bndbox>
			<xmin>2276</xmin>
			<ymin>449</ymin>
			<xmax>2485</xmax>
			<ymax>642</ymax>
		</bndbox>
	</object>
	<object>
		<name>dish</name>
		<bndbox>
			<xmin>976</xmin>
			<ymin>555</ymin>
			<xmax>2515</xmax>
			<ymax>1892</ymax>
		</bndbox>
	</object>
	<object>
		<name>달걀말이</name>
		<bndbox>
			<xmin>1346</xmin>
			<ymin>952</ymin>
			<xmax>2195</xmax>
			<ymax>1541</ymax>
		</bndbox>
	</object>
</annotation>