<annotation>
	<folder>side주먹밥김밥류접시참치마요삼각김밥q1</folder>
	<filename>side_주먹밥김밥류_접시_참치마요삼각김밥_Q1_00021.JPG</filename>
	<path>/side주먹밥김밥류접시참치마요삼각김밥q1/side_주먹밥김밥류_접시_참치마요삼각김밥_Q1_00021.JPG</path>
	<source>
		<database>fooddata</database>
	</source>
	<size>
		<width>3008</width>
		<height>2000</height>
		<depth>3</depth>
	</size>
	<object>
		<name>ref_spoon</name>
		<bndbox>
			<xmin>760</xmin>
			<ymin>1405</ymin>
			<xmax>1285</xmax>
			<ymax>1742</ymax>
		</bndbox>
	</object>
	<object>
		<name>ref_fork</name>
		<bndbox>
			<xmin>882</xmin>
			<ymin>1140</ymin>
			<xmax>1487</xmax>
			<ymax>1408</ymax>
		</bndbox>
	</object>
	<object>
		<name>ref_coin</name>
		<bndbox>
			<xmin>2570</xmin>
			<ymin>273</ymin>
			<xmax>2811</xmax>
			<ymax>462</ymax>
		</bndbox>
	</object>
	<object>
		<name>dish</name>
		<bndbox>
			<xmin>1035</xmin>
			<ymin>54</ymin>
			<xmax>2352</xmax>
			<ymax>1061</ymax>
		</bndbox>
	</object>
	<object>
		<name>참치마요삼각김밥</name>
		<bndbox>
			<xmin>1438</xmin>
			<ymin>226</ymin>
			<xmax>1804</xmax>
			<ymax>705</ymax>
		</bndbox>
	</object>
</annotation>