<annotation>
	<folder>side주먹밥김밥류접시참치마요삼각김밥q1</folder>
	<filename>side_주먹밥김밥류_접시_참치마요삼각김밥_Q1_00004.JPG</filename>
	<path>/side주먹밥김밥류접시참치마요삼각김밥q1/side_주먹밥김밥류_접시_참치마요삼각김밥_Q1_00004.JPG</path>
	<source>
		<database>fooddata</database>
	</source>
	<size>
		<width>3008</width>
		<height>2000</height>
		<depth>3</depth>
	</size>
	<object>
		<name>ref_spoon</name>
		<bndbox>
			<xmin>1932</xmin>
			<ymin>290</ymin>
			<xmax>2239</xmax>
			<ymax>720</ymax>
		</bndbox>
	</object>
	<object>
		<name>ref_fork</name>
		<bndbox>
			<xmin>2310</xmin>
			<ymin>354</ymin>
			<xmax>2521</xmax>
			<ymax>833</ymax>
		</bndbox>
	</object>
	<object>
		<name>ref_coin</name>
		<bndbox>
			<xmin>860</xmin>
			<ymin>1452</ymin>
			<xmax>1108</xmax>
			<ymax>1671</ymax>
		</bndbox>
	</object>
	<object>
		<name>dish</name>
		<bndbox>
			<xmin>460</xmin>
			<ymin>248</ymin>
			<xmax>1752</xmax>
			<ymax>1233</ymax>
		</bndbox>
	</object>
	<object>
		<name>참치마요삼각김밥</name>
		<bndbox>
			<xmin>873</xmin>
			<ymin>474</ymin>
			<xmax>1246</xmax>
			<ymax>931</ymax>
		</bndbox>
	</object>
</annotation>