<annotation>
	<folder>side주먹밥김밥류접시참치마요삼각김밥q1</folder>
	<filename>side_주먹밥김밥류_접시_참치마요삼각김밥_Q1_00041.JPG</filename>
	<path>/side주먹밥김밥류접시참치마요삼각김밥q1/side_주먹밥김밥류_접시_참치마요삼각김밥_Q1_00041.JPG</path>
	<source>
		<database>fooddata</database>
	</source>
	<size>
		<width>3008</width>
		<height>2000</height>
		<depth>3</depth>
	</size>
	<object>
		<name>ref_spoon</name>
		<bndbox>
			<xmin>403</xmin>
			<ymin>462</ymin>
			<xmax>713</xmax>
			<ymax>892</ymax>
		</bndbox>
	</object>
	<object>
		<name>ref_fork</name>
		<bndbox>
			<xmin>806</xmin>
			<ymin>543</ymin>
			<xmax>1030</xmax>
			<ymax>1025</ymax>
		</bndbox>
	</object>
	<object>
		<name>ref_coin</name>
		<bndbox>
			<xmin>2642</xmin>
			<ymin>1057</ymin>
			<xmax>2885</xmax>
			<ymax>1256</ymax>
		</bndbox>
	</object>
	<object>
		<name>dish</name>
		<bndbox>
			<xmin>1069</xmin>
			<ymin>644</ymin>
			<xmax>2401</xmax>
			<ymax>1671</ymax>
		</bndbox>
	</object>
	<object>
		<name>참치마요삼각김밥</name>
		<bndbox>
			<xmin>1455</xmin>
			<ymin>843</ymin>
			<xmax>1816</xmax>
			<ymax>1361</ymax>
		</bndbox>
	</object>
</annotation>