<annotation>
	<folder>side주먹밥김밥류접시참치마요삼각김밥q1</folder>
	<filename>side_주먹밥김밥류_접시_참치마요삼각김밥_Q1_00044.JPG</filename>
	<path>/side주먹밥김밥류접시참치마요삼각김밥q1/side_주먹밥김밥류_접시_참치마요삼각김밥_Q1_00044.JPG</path>
	<source>
		<database>fooddata</database>
	</source>
	<size>
		<width>3008</width>
		<height>2000</height>
		<depth>3</depth>
	</size>
	<object>
		<name>ref_spoon</name>
		<bndbox>
			<xmin>610</xmin>
			<ymin>391</ymin>
			<xmax>927</xmax>
			<ymax>796</ymax>
		</bndbox>
	</object>
	<object>
		<name>ref_fork</name>
		<bndbox>
			<xmin>1022</xmin>
			<ymin>450</ymin>
			<xmax>1239</xmax>
			<ymax>931</ymax>
		</bndbox>
	</object>
	<object>
		<name>ref_coin</name>
		<bndbox>
			<xmin>2108</xmin>
			<ymin>334</ymin>
			<xmax>2334</xmax>
			<ymax>504</ymax>
		</bndbox>
	</object>
	<object>
		<name>dish</name>
		<bndbox>
			<xmin>1290</xmin>
			<ymin>526</ymin>
			<xmax>2629</xmax>
			<ymax>1548</ymax>
		</bndbox>
	</object>
	<object>
		<name>참치마요삼각김밥</name>
		<bndbox>
			<xmin>1733</xmin>
			<ymin>703</ymin>
			<xmax>2185</xmax>
			<ymax>1209</ymax>
		</bndbox>
	</object>
</annotation>