<annotation>
	<folder>side주먹밥김밥류접시참치마요삼각김밥q1</folder>
	<filename>side_주먹밥김밥류_접시_참치마요삼각김밥_Q1_00029.JPG</filename>
	<path>/side주먹밥김밥류접시참치마요삼각김밥q1/side_주먹밥김밥류_접시_참치마요삼각김밥_Q1_00029.JPG</path>
	<source>
		<database>fooddata</database>
	</source>
	<size>
		<width>3008</width>
		<height>2000</height>
		<depth>3</depth>
	</size>
	<object>
		<name>ref_spoon</name>
		<bndbox>
			<xmin>642</xmin>
			<ymin>1474</ymin>
			<xmax>1106</xmax>
			<ymax>1769</ymax>
		</bndbox>
	</object>
	<object>
		<name>ref_fork</name>
		<bndbox>
			<xmin>742</xmin>
			<ymin>1243</ymin>
			<xmax>1271</xmax>
			<ymax>1469</ymax>
		</bndbox>
	</object>
	<object>
		<name>ref_coin</name>
		<bndbox>
			<xmin>686</xmin>
			<ymin>912</ymin>
			<xmax>904</xmax>
			<ymax>1093</ymax>
		</bndbox>
	</object>
	<object>
		<name>dish</name>
		<bndbox>
			<xmin>1020</xmin>
			<ymin>199</ymin>
			<xmax>2170</xmax>
			<ymax>1054</ymax>
		</bndbox>
	</object>
	<object>
		<name>참치마요삼각김밥</name>
		<bndbox>
			<xmin>1342</xmin>
			<ymin>386</ymin>
			<xmax>1769</xmax>
			<ymax>771</ymax>
		</bndbox>
	</object>
</annotation>