<annotation>
	<folder>top주먹밥김밥류접시참마요삼각김밥q1</folder>
	<filename>top_주먹밥김밥류_접시_참치마요삼각김밥_Q1_00030.JPG</filename>
	<path>/top주먹밥김밥류접시참치마요삼각김밥q1/top_주먹밥김밥류_접시_참치마요삼각김밥_Q1_00030.JPG</path>
	<source>
		<database>fooddata</database>
	</source>
	<size>
		<width>3008</width>
		<height>2000</height>
		<depth>3</depth>
	</size>
	<object>
		<name>ref_spoon</name>
		<bndbox>
			<xmin>662</xmin>
			<ymin>1538</ymin>
			<xmax>1140</xmax>
			<ymax>1832</ymax>
		</bndbox>
	</object>
	<object>
		<name>ref_fork</name>
		<bndbox>
			<xmin>723</xmin>
			<ymin>1231</ymin>
			<xmax>1210</xmax>
			<ymax>1415</ymax>
		</bndbox>
	</object>
	<object>
		<name>ref_coin</name>
		<bndbox>
			<xmin>2111</xmin>
			<ymin>1035</ymin>
			<xmax>2313</xmax>
			<ymax>1231</ymax>
		</bndbox>
	</object>
	<object>
		<name>dish</name>
		<bndbox>
			<xmin>959</xmin>
			<ymin>116</ymin>
			<xmax>2003</xmax>
			<ymax>1124</ymax>
		</bndbox>
	</object>
	<object>
		<name>참치마요삼각김밥</name>
		<bndbox>
			<xmin>1293</xmin>
			<ymin>364</ymin>
			<xmax>1682</xmax>
			<ymax>855</ymax>
		</bndbox>
	</object>
</annotation>