<annotation>
	<folder>top주먹밥김밥류접시참마요삼각김밥q1</folder>
	<filename>top_주먹밥김밥류_접시_참치마요삼각김밥_Q1_00020.JPG</filename>
	<path>/top주먹밥김밥류접시참치마요삼각김밥q1/top_주먹밥김밥류_접시_참치마요삼각김밥_Q1_00020.JPG</path>
	<source>
		<database>fooddata</database>
	</source>
	<size>
		<width>3008</width>
		<height>2000</height>
		<depth>3</depth>
	</size>
	<object>
		<name>ref_spoon</name>
		<bndbox>
			<xmin>873</xmin>
			<ymin>1455</ymin>
			<xmax>1333</xmax>
			<ymax>1743</ymax>
		</bndbox>
	</object>
	<object>
		<name>ref_fork</name>
		<bndbox>
			<xmin>925</xmin>
			<ymin>1152</ymin>
			<xmax>1415</xmax>
			<ymax>1348</ymax>
		</bndbox>
	</object>
	<object>
		<name>ref_coin</name>
		<bndbox>
			<xmin>1008</xmin>
			<ymin>159</ymin>
			<xmax>1198</xmax>
			<ymax>343</ymax>
		</bndbox>
	</object>
	<object>
		<name>dish</name>
		<bndbox>
			<xmin>1155</xmin>
			<ymin>129</ymin>
			<xmax>2181</xmax>
			<ymax>1127</ymax>
		</bndbox>
	</object>
	<object>
		<name>참치마요삼각김밥</name>
		<bndbox>
			<xmin>1458</xmin>
			<ymin>395</ymin>
			<xmax>1866</xmax>
			<ymax>861</ymax>
		</bndbox>
	</object>
</annotation>