<annotation>
	<folder>top주먹밥김밥류접시참마요삼각김밥q1</folder>
	<filename>top_주먹밥김밥류_접시_참치마요삼각김밥_Q1_00021.JPG</filename>
	<path>/top주먹밥김밥류접시참치마요삼각김밥q1/top_주먹밥김밥류_접시_참치마요삼각김밥_Q1_00021.JPG</path>
	<source>
		<database>fooddata</database>
	</source>
	<size>
		<width>3008</width>
		<height>2000</height>
		<depth>3</depth>
	</size>
	<object>
		<name>ref_spoon</name>
		<bndbox>
			<xmin>763</xmin>
			<ymin>1565</ymin>
			<xmax>1247</xmax>
			<ymax>1847</ymax>
		</bndbox>
	</object>
	<object>
		<name>ref_fork</name>
		<bndbox>
			<xmin>824</xmin>
			<ymin>1256</ymin>
			<xmax>1320</xmax>
			<ymax>1452</ymax>
		</bndbox>
	</object>
	<object>
		<name>ref_coin</name>
		<bndbox>
			<xmin>1087</xmin>
			<ymin>101</ymin>
			<xmax>1280</xmax>
			<ymax>291</ymax>
		</bndbox>
	</object>
	<object>
		<name>dish</name>
		<bndbox>
			<xmin>1063</xmin>
			<ymin>230</ymin>
			<xmax>2098</xmax>
			<ymax>1253</ymax>
		</bndbox>
	</object>
	<object>
		<name>참치마요삼각김밥</name>
		<bndbox>
			<xmin>1400</xmin>
			<ymin>493</ymin>
			<xmax>1774</xmax>
			<ymax>995</ymax>
		</bndbox>
	</object>
</annotation>