<annotation>
	<folder>top주먹밥김밥류접시참마요삼각김밥q1</folder>
	<filename>top_주먹밥김밥류_접시_참치마요삼각김밥_Q1_00045.JPG</filename>
	<path>/top주먹밥김밥류접시참치마요삼각김밥q1/top_주먹밥김밥류_접시_참치마요삼각김밥_Q1_00045.JPG</path>
	<source>
		<database>fooddata</database>
	</source>
	<size>
		<width>3008</width>
		<height>2000</height>
		<depth>3</depth>
	</size>
	<object>
		<name>ref_spoon</name>
		<bndbox>
			<xmin>478</xmin>
			<ymin>518</ymin>
			<xmax>793</xmax>
			<ymax>1096</ymax>
		</bndbox>
	</object>
	<object>
		<name>ref_fork</name>
		<bndbox>
			<xmin>876</xmin>
			<ymin>536</ymin>
			<xmax>1094</xmax>
			<ymax>1121</ymax>
		</bndbox>
	</object>
	<object>
		<name>ref_coin</name>
		<bndbox>
			<xmin>1801</xmin>
			<ymin>159</ymin>
			<xmax>2016</xmax>
			<ymax>374</ymax>
		</bndbox>
	</object>
	<object>
		<name>dish</name>
		<bndbox>
			<xmin>1152</xmin>
			<ymin>579</ymin>
			<xmax>2435</xmax>
			<ymax>1853</ymax>
		</bndbox>
	</object>
	<object>
		<name>참치마요삼각김밥</name>
		<bndbox>
			<xmin>1455</xmin>
			<ymin>1017</ymin>
			<xmax>1942</xmax>
			<ymax>1384</ymax>
		</bndbox>
	</object>
</annotation>