<annotation>
	<folder>top주먹밥김밥류접시참마요삼각김밥q1</folder>
	<filename>top_주먹밥김밥류_접시_참치마요삼각김밥_Q1_00008.JPG</filename>
	<path>/top주먹밥김밥류접시참치마요삼각김밥q1/top_주먹밥김밥류_접시_참치마요삼각김밥_Q1_00008.JPG</path>
	<source>
		<database>fooddata</database>
	</source>
	<size>
		<width>3008</width>
		<height>2000</height>
		<depth>3</depth>
	</size>
	<object>
		<name>ref_spoon</name>
		<bndbox>
			<xmin>1826</xmin>
			<ymin>168</ymin>
			<xmax>2126</xmax>
			<ymax>707</ymax>
		</bndbox>
	</object>
	<object>
		<name>ref_fork</name>
		<bndbox>
			<xmin>2190</xmin>
			<ymin>181</ymin>
			<xmax>2405</xmax>
			<ymax>729</ymax>
		</bndbox>
	</object>
	<object>
		<name>ref_coin</name>
		<bndbox>
			<xmin>260</xmin>
			<ymin>652</ymin>
			<xmax>484</xmax>
			<ymax>864</ymax>
		</bndbox>
	</object>
	<object>
		<name>dish</name>
		<bndbox>
			<xmin>551</xmin>
			<ymin>441</ymin>
			<xmax>1774</xmax>
			<ymax>1651</ymax>
		</bndbox>
	</object>
	<object>
		<name>참치마요삼각김밥</name>
		<bndbox>
			<xmin>806</xmin>
			<ymin>781</ymin>
			<xmax>1400</xmax>
			<ymax>1191</ymax>
		</bndbox>
	</object>
</annotation>