<annotation>
	<folder>side부침개류접시두부구이q4</folder>
	<filename>side_부침개류_접시_두부구이_Q4_00021.JPG</filename>
	<path>/side부침개류접시두부구이q4/side_부침개류_접시_두부구이_Q4_00021.JPG</path>
	<source>
		<database>fooddata</database>
	</source>
	<size>
		<width>720</width>
		<height>480</height>
		<depth>3</depth>
	</size>
	<object>
		<name>ref_spoon</name>
		<bndbox>
			<xmin>229</xmin>
			<ymin>402</ymin>
			<xmax>337</xmax>
			<ymax>466</ymax>
		</bndbox>
	</object>
	<object>
		<name>ref_fork</name>
		<bndbox>
			<xmin>238</xmin>
			<ymin>351</ymin>
			<xmax>358</xmax>
			<ymax>403</ymax>
		</bndbox>
	</object>
	<object>
		<name>ref_coin</name>
		<bndbox>
			<xmin>287</xmin>
			<ymin>54</ymin>
			<xmax>332</xmax>
			<ymax>84</ymax>
		</bndbox>
	</object>
	<object>
		<name>dish</name>
		<bndbox>
			<xmin>248</xmin>
			<ymin>103</ymin>
			<xmax>562</xmax>
			<ymax>335</ymax>
		</bndbox>
	</object>
	<object>
		<name>두부구이</name>
		<bndbox>
			<xmin>297</xmin>
			<ymin>157</ymin>
			<xmax>503</xmax>
			<ymax>311</ymax>
		</bndbox>
	</object>
</annotation>