<annotation>
	<folder>side부침개류접시두부구이q4</folder>
	<filename>side_부침개류_접시_두부구이_Q4_00038.JPG</filename>
	<path>/side부침개류접시두부구이q4/side_부침개류_접시_두부구이_Q4_00038.JPG</path>
	<source>
		<database>fooddata</database>
	</source>
	<size>
		<width>720</width>
		<height>480</height>
		<depth>3</depth>
	</size>
	<object>
		<name>ref_spoon</name>
		<bndbox>
			<xmin>75</xmin>
			<ymin>131</ymin>
			<xmax>145</xmax>
			<ymax>224</ymax>
		</bndbox>
	</object>
	<object>
		<name>ref_fork</name>
		<bndbox>
			<xmin>170</xmin>
			<ymin>131</ymin>
			<xmax>217</xmax>
			<ymax>237</ymax>
		</bndbox>
	</object>
	<object>
		<name>ref_coin</name>
		<bndbox>
			<xmin>631</xmin>
			<ymin>202</ymin>
			<xmax>685</xmax>
			<ymax>242</ymax>
		</bndbox>
	</object>
	<object>
		<name>dish</name>
		<bndbox>
			<xmin>231</xmin>
			<ymin>129</ymin>
			<xmax>602</xmax>
			<ymax>409</ymax>
		</bndbox>
	</object>
	<object>
		<name>두부구이</name>
		<bndbox>
			<xmin>314</xmin>
			<ymin>185</ymin>
			<xmax>554</xmax>
			<ymax>380</ymax>
		</bndbox>
	</object>
</annotation>