<annotation>
	<folder>side부침개류접시두부구이q4</folder>
	<filename>side_부침개류_접시_두부구이_Q4_00034.JPG</filename>
	<path>/side부침개류접시두부구이q4/side_부침개류_접시_두부구이_Q4_00034.JPG</path>
	<source>
		<database>fooddata</database>
	</source>
	<size>
		<width>720</width>
		<height>480</height>
		<depth>3</depth>
	</size>
	<object>
		<name>ref_spoon</name>
		<bndbox>
			<xmin>121</xmin>
			<ymin>110</ymin>
			<xmax>190</xmax>
			<ymax>203</ymax>
		</bndbox>
	</object>
	<object>
		<name>ref_fork</name>
		<bndbox>
			<xmin>213</xmin>
			<ymin>111</ymin>
			<xmax>262</xmax>
			<ymax>216</ymax>
		</bndbox>
	</object>
	<object>
		<name>ref_coin</name>
		<bndbox>
			<xmin>414</xmin>
			<ymin>423</ymin>
			<xmax>472</xmax>
			<ymax>473</ymax>
		</bndbox>
	</object>
	<object>
		<name>dish</name>
		<bndbox>
			<xmin>265</xmin>
			<ymin>94</ymin>
			<xmax>635</xmax>
			<ymax>370</ymax>
		</bndbox>
	</object>
	<object>
		<name>두부구이</name>
		<bndbox>
			<xmin>316</xmin>
			<ymin>153</ymin>
			<xmax>556</xmax>
			<ymax>342</ymax>
		</bndbox>
	</object>
</annotation>