<annotation>
	<folder>side부침개류접시두부구이q4</folder>
	<filename>side_부침개류_접시_두부구이_Q4_00017.JPG</filename>
	<path>/side부침개류접시두부구이q4/side_부침개류_접시_두부구이_Q4_00017.JPG</path>
	<source>
		<database>fooddata</database>
	</source>
	<size>
		<width>720</width>
		<height>480</height>
		<depth>3</depth>
	</size>
	<object>
		<name>ref_spoon</name>
		<bndbox>
			<xmin>190</xmin>
			<ymin>372</ymin>
			<xmax>312</xmax>
			<ymax>443</ymax>
		</bndbox>
	</object>
	<object>
		<name>ref_fork</name>
		<bndbox>
			<xmin>201</xmin>
			<ymin>315</ymin>
			<xmax>333</xmax>
			<ymax>376</ymax>
		</bndbox>
	</object>
	<object>
		<name>ref_coin</name>
		<bndbox>
			<xmin>575</xmin>
			<ymin>268</ymin>
			<xmax>635</xmax>
			<ymax>313</ymax>
		</bndbox>
	</object>
	<object>
		<name>dish</name>
		<bndbox>
			<xmin>230</xmin>
			<ymin>50</ymin>
			<xmax>566</xmax>
			<ymax>292</ymax>
		</bndbox>
	</object>
	<object>
		<name>두부구이</name>
		<bndbox>
			<xmin>289</xmin>
			<ymin>97</ymin>
			<xmax>522</xmax>
			<ymax>249</ymax>
		</bndbox>
	</object>
</annotation>