<annotation>
	<folder>side부침개류접시두부구이q4</folder>
	<filename>side_부침개류_접시_두부구이_Q4_00008.JPG</filename>
	<path>/side부침개류접시두부구이q4/side_부침개류_접시_두부구이_Q4_00008.JPG</path>
	<source>
		<database>fooddata</database>
	</source>
	<size>
		<width>720</width>
		<height>480</height>
		<depth>3</depth>
	</size>
	<object>
		<name>ref_spoon</name>
		<bndbox>
			<xmin>516</xmin>
			<ymin>123</ymin>
			<xmax>586</xmax>
			<ymax>216</ymax>
		</bndbox>
	</object>
	<object>
		<name>ref_fork</name>
		<bndbox>
			<xmin>612</xmin>
			<ymin>142</ymin>
			<xmax>661</xmax>
			<ymax>250</ymax>
		</bndbox>
	</object>
	<object>
		<name>ref_coin</name>
		<bndbox>
			<xmin>158</xmin>
			<ymin>93</ymin>
			<xmax>209</xmax>
			<ymax>129</ymax>
		</bndbox>
	</object>
	<object>
		<name>dish</name>
		<bndbox>
			<xmin>126</xmin>
			<ymin>126</ymin>
			<xmax>507</xmax>
			<ymax>407</ymax>
		</bndbox>
	</object>
	<object>
		<name>두부구이</name>
		<bndbox>
			<xmin>214</xmin>
			<ymin>185</ymin>
			<xmax>453</xmax>
			<ymax>374</ymax>
		</bndbox>
	</object>
</annotation>