<annotation>
	<folder>side부침개류접시두부구이q4</folder>
	<filename>side_부침개류_접시_두부구이_Q4_00037.JPG</filename>
	<path>/side부침개류접시두부구이q4/side_부침개류_접시_두부구이_Q4_00037.JPG</path>
	<source>
		<database>fooddata</database>
	</source>
	<size>
		<width>720</width>
		<height>480</height>
		<depth>3</depth>
	</size>
	<object>
		<name>ref_spoon</name>
		<bndbox>
			<xmin>70</xmin>
			<ymin>122</ymin>
			<xmax>141</xmax>
			<ymax>218</ymax>
		</bndbox>
	</object>
	<object>
		<name>ref_fork</name>
		<bndbox>
			<xmin>165</xmin>
			<ymin>124</ymin>
			<xmax>212</xmax>
			<ymax>227</ymax>
		</bndbox>
	</object>
	<object>
		<name>ref_coin</name>
		<bndbox>
			<xmin>641</xmin>
			<ymin>318</ymin>
			<xmax>697</xmax>
			<ymax>361</ymax>
		</bndbox>
	</object>
	<object>
		<name>dish</name>
		<bndbox>
			<xmin>213</xmin>
			<ymin>119</ymin>
			<xmax>579</xmax>
			<ymax>392</ymax>
		</bndbox>
	</object>
	<object>
		<name>두부구이</name>
		<bndbox>
			<xmin>294</xmin>
			<ymin>176</ymin>
			<xmax>526</xmax>
			<ymax>362</ymax>
		</bndbox>
	</object>
</annotation>