<annotation>
	<folder>side부침개류접시두부구이q4</folder>
	<filename>side_부침개류_접시_두부구이_Q4_00004.JPG</filename>
	<path>/side부침개류접시두부구이q4/side_부침개류_접시_두부구이_Q4_00004.JPG</path>
	<source>
		<database>fooddata</database>
	</source>
	<size>
		<width>720</width>
		<height>480</height>
		<depth>3</depth>
	</size>
	<object>
		<name>ref_spoon</name>
		<bndbox>
			<xmin>491</xmin>
			<ymin>118</ymin>
			<xmax>561</xmax>
			<ymax>210</ymax>
		</bndbox>
	</object>
	<object>
		<name>ref_fork</name>
		<bndbox>
			<xmin>586</xmin>
			<ymin>139</ymin>
			<xmax>636</xmax>
			<ymax>241</ymax>
		</bndbox>
	</object>
	<object>
		<name>ref_coin</name>
		<bndbox>
			<xmin>108</xmin>
			<ymin>367</ymin>
			<xmax>170</xmax>
			<ymax>415</ymax>
		</bndbox>
	</object>
	<object>
		<name>dish</name>
		<bndbox>
			<xmin>129</xmin>
			<ymin>107</ymin>
			<xmax>485</xmax>
			<ymax>366</ymax>
		</bndbox>
	</object>
	<object>
		<name>두부구이</name>
		<bndbox>
			<xmin>204</xmin>
			<ymin>147</ymin>
			<xmax>435</xmax>
			<ymax>306</ymax>
		</bndbox>
	</object>
</annotation>