<annotation>
	<folder>side부침개류접시두부구이q4</folder>
	<filename>side_부침개류_접시_두부구이_Q4_00040.JPG</filename>
	<path>/side부침개류접시두부구이q4/side_부침개류_접시_두부구이_Q4_00040.JPG</path>
	<source>
		<database>fooddata</database>
	</source>
	<size>
		<width>720</width>
		<height>480</height>
		<depth>3</depth>
	</size>
	<object>
		<name>ref_spoon</name>
		<bndbox>
			<xmin>108</xmin>
			<ymin>133</ymin>
			<xmax>178</xmax>
			<ymax>223</ymax>
		</bndbox>
	</object>
	<object>
		<name>ref_fork</name>
		<bndbox>
			<xmin>203</xmin>
			<ymin>134</ymin>
			<xmax>251</xmax>
			<ymax>242</ymax>
		</bndbox>
	</object>
	<object>
		<name>ref_coin</name>
		<bndbox>
			<xmin>391</xmin>
			<ymin>73</ymin>
			<xmax>439</xmax>
			<ymax>109</ymax>
		</bndbox>
	</object>
	<object>
		<name>dish</name>
		<bndbox>
			<xmin>281</xmin>
			<ymin>152</ymin>
			<xmax>621</xmax>
			<ymax>409</ymax>
		</bndbox>
	</object>
	<object>
		<name>두부구이</name>
		<bndbox>
			<xmin>345</xmin>
			<ymin>191</ymin>
			<xmax>560</xmax>
			<ymax>367</ymax>
		</bndbox>
	</object>
</annotation>