<annotation>
	<folder>side부침개류접시두부구이q4</folder>
	<filename>side_부침개류_접시_두부구이_Q4_00047.JPG</filename>
	<path>/side부침개류접시두부구이q4/side_부침개류_접시_두부구이_Q4_00047.JPG</path>
	<source>
		<database>fooddata</database>
	</source>
	<size>
		<width>720</width>
		<height>480</height>
		<depth>3</depth>
	</size>
	<object>
		<name>ref_spoon</name>
		<bndbox>
			<xmin>56</xmin>
			<ymin>67</ymin>
			<xmax>130</xmax>
			<ymax>165</ymax>
		</bndbox>
	</object>
	<object>
		<name>ref_fork</name>
		<bndbox>
			<xmin>153</xmin>
			<ymin>68</ymin>
			<xmax>204</xmax>
			<ymax>177</ymax>
		</bndbox>
	</object>
	<object>
		<name>ref_coin</name>
		<bndbox>
			<xmin>537</xmin>
			<ymin>385</ymin>
			<xmax>596</xmax>
			<ymax>436</ymax>
		</bndbox>
	</object>
	<object>
		<name>dish</name>
		<bndbox>
			<xmin>240</xmin>
			<ymin>82</ymin>
			<xmax>585</xmax>
			<ymax>341</ymax>
		</bndbox>
	</object>
	<object>
		<name>두부구이</name>
		<bndbox>
			<xmin>289</xmin>
			<ymin>121</ymin>
			<xmax>519</xmax>
			<ymax>301</ymax>
		</bndbox>
	</object>
</annotation>