<annotation>
	<folder>side부침개류접시두부구이q4</folder>
	<filename>side_부침개류_접시_두부구이_Q4_00006.JPG</filename>
	<path>/side부침개류접시두부구이q4/side_부침개류_접시_두부구이_Q4_00006.JPG</path>
	<source>
		<database>fooddata</database>
	</source>
	<size>
		<width>720</width>
		<height>480</height>
		<depth>3</depth>
	</size>
	<object>
		<name>ref_spoon</name>
		<bndbox>
			<xmin>526</xmin>
			<ymin>137</ymin>
			<xmax>596</xmax>
			<ymax>228</ymax>
		</bndbox>
	</object>
	<object>
		<name>ref_fork</name>
		<bndbox>
			<xmin>622</xmin>
			<ymin>155</ymin>
			<xmax>674</xmax>
			<ymax>258</ymax>
		</bndbox>
	</object>
	<object>
		<name>ref_coin</name>
		<bndbox>
			<xmin>71</xmin>
			<ymin>240</ymin>
			<xmax>128</xmax>
			<ymax>281</ymax>
		</bndbox>
	</object>
	<object>
		<name>dish</name>
		<bndbox>
			<xmin>171</xmin>
			<ymin>145</ymin>
			<xmax>527</xmax>
			<ymax>413</ymax>
		</bndbox>
	</object>
	<object>
		<name>두부구이</name>
		<bndbox>
			<xmin>246</xmin>
			<ymin>198</ymin>
			<xmax>481</xmax>
			<ymax>381</ymax>
		</bndbox>
	</object>
</annotation>