<annotation>
	<folder>top부침개류접시두부구이q4</folder>
	<filename>top_부침개류_접시_두부구이_Q4_00032.JPG</filename>
	<path>/top부침개류접시두부구이q4/top_부침개류_접시_두부구이_Q4_00032.JPG</path>
	<source>
		<database>fooddata</database>
	</source>
	<size>
		<width>720</width>
		<height>480</height>
		<depth>3</depth>
	</size>
	<object>
		<name>ref_spoon</name>
		<bndbox>
			<xmin>261</xmin>
			<ymin>375</ymin>
			<xmax>355</xmax>
			<ymax>430</ymax>
		</bndbox>
	</object>
	<object>
		<name>ref_fork</name>
		<bndbox>
			<xmin>279</xmin>
			<ymin>322</ymin>
			<xmax>373</xmax>
			<ymax>364</ymax>
		</bndbox>
	</object>
	<object>
		<name>ref_coin</name>
		<bndbox>
			<xmin>515</xmin>
			<ymin>196</ymin>
			<xmax>551</xmax>
			<ymax>235</ymax>
		</bndbox>
	</object>
	<object>
		<name>dish</name>
		<bndbox>
			<xmin>264</xmin>
			<ymin>56</ymin>
			<xmax>501</xmax>
			<ymax>282</ymax>
		</bndbox>
	</object>
	<object>
		<name>두부구이</name>
		<bndbox>
			<xmin>306</xmin>
			<ymin>97</ymin>
			<xmax>466</xmax>
			<ymax>241</ymax>
		</bndbox>
	</object>
</annotation>