<annotation>
	<folder>top부침개류접시두부구이q4</folder>
	<filename>top_부침개류_접시_두부구이_Q4_00033.JPG</filename>
	<path>/top부침개류접시두부구이q4/top_부침개류_접시_두부구이_Q4_00033.JPG</path>
	<source>
		<database>fooddata</database>
	</source>
	<size>
		<width>720</width>
		<height>480</height>
		<depth>3</depth>
	</size>
	<object>
		<name>ref_spoon</name>
		<bndbox>
			<xmin>263</xmin>
			<ymin>367</ymin>
			<xmax>367</xmax>
			<ymax>424</ymax>
		</bndbox>
	</object>
	<object>
		<name>ref_fork</name>
		<bndbox>
			<xmin>277</xmin>
			<ymin>317</ymin>
			<xmax>383</xmax>
			<ymax>354</ymax>
		</bndbox>
	</object>
	<object>
		<name>ref_coin</name>
		<bndbox>
			<xmin>524</xmin>
			<ymin>144</ymin>
			<xmax>563</xmax>
			<ymax>185</ymax>
		</bndbox>
	</object>
	<object>
		<name>dish</name>
		<bndbox>
			<xmin>248</xmin>
			<ymin>36</ymin>
			<xmax>507</xmax>
			<ymax>283</ymax>
		</bndbox>
	</object>
	<object>
		<name>두부구이</name>
		<bndbox>
			<xmin>303</xmin>
			<ymin>90</ymin>
			<xmax>469</xmax>
			<ymax>251</ymax>
		</bndbox>
	</object>
</annotation>