<annotation>
	<folder>top부침개류접시두부구이q4</folder>
	<filename>top_부침개류_접시_두부구이_Q4_00016.JPG</filename>
	<path>/top부침개류접시두부구이q4/top_부침개류_접시_두부구이_Q4_00016.JPG</path>
	<source>
		<database>fooddata</database>
	</source>
	<size>
		<width>720</width>
		<height>480</height>
		<depth>3</depth>
	</size>
	<object>
		<name>ref_spoon</name>
		<bndbox>
			<xmin>501</xmin>
			<ymin>67</ymin>
			<xmax>559</xmax>
			<ymax>182</ymax>
		</bndbox>
	</object>
	<object>
		<name>ref_fork</name>
		<bndbox>
			<xmin>581</xmin>
			<ymin>85</ymin>
			<xmax>623</xmax>
			<ymax>194</ymax>
		</bndbox>
	</object>
	<object>
		<name>ref_coin</name>
		<bndbox>
			<xmin>280</xmin>
			<ymin>399</ymin>
			<xmax>327</xmax>
			<ymax>448</ymax>
		</bndbox>
	</object>
	<object>
		<name>dish</name>
		<bndbox>
			<xmin>197</xmin>
			<ymin>89</ymin>
			<xmax>482</xmax>
			<ymax>374</ymax>
		</bndbox>
	</object>
	<object>
		<name>두부구이</name>
		<bndbox>
			<xmin>243</xmin>
			<ymin>140</ymin>
			<xmax>414</xmax>
			<ymax>328</ymax>
		</bndbox>
	</object>
</annotation>