<annotation>
	<folder>top부침개류접시두부구이q4</folder>
	<filename>top_부침개류_접시_두부구이_Q4_00040.JPG</filename>
	<path>/top부침개류접시두부구이q4/top_부침개류_접시_두부구이_Q4_00040.JPG</path>
	<source>
		<database>fooddata</database>
	</source>
	<size>
		<width>720</width>
		<height>480</height>
		<depth>3</depth>
	</size>
	<object>
		<name>ref_spoon</name>
		<bndbox>
			<xmin>167</xmin>
			<ymin>34</ymin>
			<xmax>232</xmax>
			<ymax>173</ymax>
		</bndbox>
	</object>
	<object>
		<name>ref_fork</name>
		<bndbox>
			<xmin>260</xmin>
			<ymin>56</ymin>
			<xmax>305</xmax>
			<ymax>184</ymax>
		</bndbox>
	</object>
	<object>
		<name>ref_coin</name>
		<bndbox>
			<xmin>603</xmin>
			<ymin>372</ymin>
			<xmax>652</xmax>
			<ymax>420</ymax>
		</bndbox>
	</object>
	<object>
		<name>dish</name>
		<bndbox>
			<xmin>328</xmin>
			<ymin>52</ymin>
			<xmax>632</xmax>
			<ymax>356</ymax>
		</bndbox>
	</object>
	<object>
		<name>두부구이</name>
		<bndbox>
			<xmin>360</xmin>
			<ymin>110</ymin>
			<xmax>609</xmax>
			<ymax>312</ymax>
		</bndbox>
	</object>
</annotation>