<annotation>
	<folder>top부침개류접시두부구이q4</folder>
	<filename>top_부침개류_접시_두부구이_Q4_00013.JPG</filename>
	<path>/top부침개류접시두부구이q4/top_부침개류_접시_두부구이_Q4_00013.JPG</path>
	<source>
		<database>fooddata</database>
	</source>
	<size>
		<width>720</width>
		<height>480</height>
		<depth>3</depth>
	</size>
	<object>
		<name>ref_spoon</name>
		<bndbox>
			<xmin>505</xmin>
			<ymin>89</ymin>
			<xmax>562</xmax>
			<ymax>194</ymax>
		</bndbox>
	</object>
	<object>
		<name>ref_fork</name>
		<bndbox>
			<xmin>584</xmin>
			<ymin>105</ymin>
			<xmax>628</xmax>
			<ymax>230</ymax>
		</bndbox>
	</object>
	<object>
		<name>ref_coin</name>
		<bndbox>
			<xmin>424</xmin>
			<ymin>86</ymin>
			<xmax>467</xmax>
			<ymax>129</ymax>
		</bndbox>
	</object>
	<object>
		<name>dish</name>
		<bndbox>
			<xmin>186</xmin>
			<ymin>113</ymin>
			<xmax>496</xmax>
			<ymax>421</ymax>
		</bndbox>
	</object>
	<object>
		<name>두부구이</name>
		<bndbox>
			<xmin>254</xmin>
			<ymin>180</ymin>
			<xmax>446</xmax>
			<ymax>383</ymax>
		</bndbox>
	</object>
</annotation>