<annotation>
	<folder>top부침개류접시두부구이q4</folder>
	<filename>top_부침개류_접시_두부구이_Q4_00023.JPG</filename>
	<path>/top부침개류접시두부구이q4/top_부침개류_접시_두부구이_Q4_00023.JPG</path>
	<source>
		<database>fooddata</database>
	</source>
	<size>
		<width>720</width>
		<height>480</height>
		<depth>3</depth>
	</size>
	<object>
		<name>ref_spoon</name>
		<bndbox>
			<xmin>256</xmin>
			<ymin>380</ymin>
			<xmax>368</xmax>
			<ymax>434</ymax>
		</bndbox>
	</object>
	<object>
		<name>ref_fork</name>
		<bndbox>
			<xmin>270</xmin>
			<ymin>328</ymin>
			<xmax>371</xmax>
			<ymax>365</ymax>
		</bndbox>
	</object>
	<object>
		<name>ref_coin</name>
		<bndbox>
			<xmin>383</xmin>
			<ymin>20</ymin>
			<xmax>422</xmax>
			<ymax>56</ymax>
		</bndbox>
	</object>
	<object>
		<name>dish</name>
		<bndbox>
			<xmin>286</xmin>
			<ymin>80</ymin>
			<xmax>521</xmax>
			<ymax>309</ymax>
		</bndbox>
	</object>
	<object>
		<name>두부구이</name>
		<bndbox>
			<xmin>323</xmin>
			<ymin>119</ymin>
			<xmax>478</xmax>
			<ymax>251</ymax>
		</bndbox>
	</object>
</annotation>