<annotation>
	<folder>top부침개류접시두부구이q4</folder>
	<filename>top_부침개류_접시_두부구이_Q4_00009.JPG</filename>
	<path>/top부침개류접시두부구이q4/top_부침개류_접시_두부구이_Q4_00009.JPG</path>
	<source>
		<database>fooddata</database>
	</source>
	<size>
		<width>720</width>
		<height>480</height>
		<depth>3</depth>
	</size>
	<object>
		<name>ref_spoon</name>
		<bndbox>
			<xmin>500</xmin>
			<ymin>114</ymin>
			<xmax>554</xmax>
			<ymax>226</ymax>
		</bndbox>
	</object>
	<object>
		<name>ref_fork</name>
		<bndbox>
			<xmin>576</xmin>
			<ymin>126</ymin>
			<xmax>620</xmax>
			<ymax>265</ymax>
		</bndbox>
	</object>
	<object>
		<name>ref_coin</name>
		<bndbox>
			<xmin>176</xmin>
			<ymin>133</ymin>
			<xmax>218</xmax>
			<ymax>177</ymax>
		</bndbox>
	</object>
	<object>
		<name>dish</name>
		<bndbox>
			<xmin>214</xmin>
			<ymin>129</ymin>
			<xmax>508</xmax>
			<ymax>421</ymax>
		</bndbox>
	</object>
	<object>
		<name>두부구이</name>
		<bndbox>
			<xmin>279</xmin>
			<ymin>183</ymin>
			<xmax>474</xmax>
			<ymax>353</ymax>
		</bndbox>
	</object>
</annotation>