<annotation>
	<folder>top부침개류접시두부구이q4</folder>
	<filename>top_부침개류_접시_두부구이_Q4_00007.JPG</filename>
	<path>/top부침개류접시두부구이q4/top_부침개류_접시_두부구이_Q4_00007.JPG</path>
	<source>
		<database>fooddata</database>
	</source>
	<size>
		<width>720</width>
		<height>480</height>
		<depth>3</depth>
	</size>
	<object>
		<name>ref_spoon</name>
		<bndbox>
			<xmin>502</xmin>
			<ymin>95</ymin>
			<xmax>554</xmax>
			<ymax>201</ymax>
		</bndbox>
	</object>
	<object>
		<name>ref_fork</name>
		<bndbox>
			<xmin>576</xmin>
			<ymin>108</ymin>
			<xmax>619</xmax>
			<ymax>217</ymax>
		</bndbox>
	</object>
	<object>
		<name>ref_coin</name>
		<bndbox>
			<xmin>135</xmin>
			<ymin>222</ymin>
			<xmax>178</xmax>
			<ymax>263</ymax>
		</bndbox>
	</object>
	<object>
		<name>dish</name>
		<bndbox>
			<xmin>204</xmin>
			<ymin>99</ymin>
			<xmax>503</xmax>
			<ymax>395</ymax>
		</bndbox>
	</object>
	<object>
		<name>두부구이</name>
		<bndbox>
			<xmin>276</xmin>
			<ymin>144</ymin>
			<xmax>463</xmax>
			<ymax>330</ymax>
		</bndbox>
	</object>
</annotation>