<annotation>
	<folder>top부침개류접시두부구이q4</folder>
	<filename>top_부침개류_접시_두부구이_Q4_00026.JPG</filename>
	<path>/top부침개류접시두부구이q4/top_부침개류_접시_두부구이_Q4_00026.JPG</path>
	<source>
		<database>fooddata</database>
	</source>
	<size>
		<width>720</width>
		<height>480</height>
		<depth>3</depth>
	</size>
	<object>
		<name>ref_spoon</name>
		<bndbox>
			<xmin>242</xmin>
			<ymin>374</ymin>
			<xmax>342</xmax>
			<ymax>429</ymax>
		</bndbox>
	</object>
	<object>
		<name>ref_fork</name>
		<bndbox>
			<xmin>256</xmin>
			<ymin>320</ymin>
			<xmax>358</xmax>
			<ymax>361</ymax>
		</bndbox>
	</object>
	<object>
		<name>ref_coin</name>
		<bndbox>
			<xmin>533</xmin>
			<ymin>99</ymin>
			<xmax>573</xmax>
			<ymax>132</ymax>
		</bndbox>
	</object>
	<object>
		<name>dish</name>
		<bndbox>
			<xmin>265</xmin>
			<ymin>57</ymin>
			<xmax>525</xmax>
			<ymax>311</ymax>
		</bndbox>
	</object>
	<object>
		<name>두부구이</name>
		<bndbox>
			<xmin>304</xmin>
			<ymin>87</ymin>
			<xmax>464</xmax>
			<ymax>261</ymax>
		</bndbox>
	</object>
</annotation>