<annotation>
	<folder>top부침개류접시두부구이q4</folder>
	<filename>top_부침개류_접시_두부구이_Q4_00010.JPG</filename>
	<path>/top부침개류접시두부구이q4/top_부침개류_접시_두부구이_Q4_00010.JPG</path>
	<source>
		<database>fooddata</database>
	</source>
	<size>
		<width>720</width>
		<height>480</height>
		<depth>3</depth>
	</size>
	<object>
		<name>ref_spoon</name>
		<bndbox>
			<xmin>495</xmin>
			<ymin>108</ymin>
			<xmax>554</xmax>
			<ymax>215</ymax>
		</bndbox>
	</object>
	<object>
		<name>ref_fork</name>
		<bndbox>
			<xmin>573</xmin>
			<ymin>120</ymin>
			<xmax>617</xmax>
			<ymax>239</ymax>
		</bndbox>
	</object>
	<object>
		<name>ref_coin</name>
		<bndbox>
			<xmin>227</xmin>
			<ymin>89</ymin>
			<xmax>271</xmax>
			<ymax>131</ymax>
		</bndbox>
	</object>
	<object>
		<name>dish</name>
		<bndbox>
			<xmin>210</xmin>
			<ymin>139</ymin>
			<xmax>486</xmax>
			<ymax>415</ymax>
		</bndbox>
	</object>
	<object>
		<name>두부구이</name>
		<bndbox>
			<xmin>262</xmin>
			<ymin>191</ymin>
			<xmax>453</xmax>
			<ymax>353</ymax>
		</bndbox>
	</object>
</annotation>