<annotation>
	<folder>top부침개류접시두부구이q4</folder>
	<filename>top_부침개류_접시_두부구이_Q4_00051.JPG</filename>
	<path>/top부침개류접시두부구이q4/top_부침개류_접시_두부구이_Q4_00051.JPG</path>
	<source>
		<database>fooddata</database>
	</source>
	<size>
		<width>720</width>
		<height>480</height>
		<depth>3</depth>
	</size>
	<object>
		<name>ref_spoon</name>
		<bndbox>
			<xmin>188</xmin>
			<ymin>50</ymin>
			<xmax>254</xmax>
			<ymax>179</ymax>
		</bndbox>
	</object>
	<object>
		<name>ref_fork</name>
		<bndbox>
			<xmin>287</xmin>
			<ymin>70</ymin>
			<xmax>332</xmax>
			<ymax>202</ymax>
		</bndbox>
	</object>
	<object>
		<name>ref_coin</name>
		<bndbox>
			<xmin>94</xmin>
			<ymin>282</ymin>
			<xmax>146</xmax>
			<ymax>331</ymax>
		</bndbox>
	</object>
	<object>
		<name>dish</name>
		<bndbox>
			<xmin>353</xmin>
			<ymin>64</ymin>
			<xmax>682</xmax>
			<ymax>384</ymax>
		</bndbox>
	</object>
	<object>
		<name>두부구이</name>
		<bndbox>
			<xmin>405</xmin>
			<ymin>103</ymin>
			<xmax>665</xmax>
			<ymax>322</ymax>
		</bndbox>
	</object>
</annotation>