<annotation>
	<folder>top부침개류접시두부구이q4</folder>
	<filename>top_부침개류_접시_두부구이_Q4_00005.JPG</filename>
	<path>/top부침개류접시두부구이q4/top_부침개류_접시_두부구이_Q4_00005.JPG</path>
	<source>
		<database>fooddata</database>
	</source>
	<size>
		<width>720</width>
		<height>480</height>
		<depth>3</depth>
	</size>
	<object>
		<name>ref_spoon</name>
		<bndbox>
			<xmin>488</xmin>
			<ymin>87</ymin>
			<xmax>541</xmax>
			<ymax>202</ymax>
		</bndbox>
	</object>
	<object>
		<name>ref_fork</name>
		<bndbox>
			<xmin>562</xmin>
			<ymin>100</ymin>
			<xmax>605</xmax>
			<ymax>202</ymax>
		</bndbox>
	</object>
	<object>
		<name>ref_coin</name>
		<bndbox>
			<xmin>183</xmin>
			<ymin>339</ymin>
			<xmax>227</xmax>
			<ymax>386</ymax>
		</bndbox>
	</object>
	<object>
		<name>dish</name>
		<bndbox>
			<xmin>213</xmin>
			<ymin>93</ymin>
			<xmax>482</xmax>
			<ymax>357</ymax>
		</bndbox>
	</object>
	<object>
		<name>두부구이</name>
		<bndbox>
			<xmin>277</xmin>
			<ymin>134</ymin>
			<xmax>433</xmax>
			<ymax>310</ymax>
		</bndbox>
	</object>
</annotation>