<annotation>
	<folder>top부침개류접시두부구이q4</folder>
	<filename>top_부침개류_접시_두부구이_Q4_00049.JPG</filename>
	<path>/top부침개류접시두부구이q4/top_부침개류_접시_두부구이_Q4_00049.JPG</path>
	<source>
		<database>fooddata</database>
	</source>
	<size>
		<width>720</width>
		<height>480</height>
		<depth>3</depth>
	</size>
	<object>
		<name>ref_spoon</name>
		<bndbox>
			<xmin>153</xmin>
			<ymin>74</ymin>
			<xmax>219</xmax>
			<ymax>193</ymax>
		</bndbox>
	</object>
	<object>
		<name>ref_fork</name>
		<bndbox>
			<xmin>249</xmin>
			<ymin>95</ymin>
			<xmax>293</xmax>
			<ymax>237</ymax>
		</bndbox>
	</object>
	<object>
		<name>ref_coin</name>
		<bndbox>
			<xmin>73</xmin>
			<ymin>186</ymin>
			<xmax>124</xmax>
			<ymax>232</ymax>
		</bndbox>
	</object>
	<object>
		<name>dish</name>
		<bndbox>
			<xmin>312</xmin>
			<ymin>94</ymin>
			<xmax>619</xmax>
			<ymax>392</ymax>
		</bndbox>
	</object>
	<object>
		<name>두부구이</name>
		<bndbox>
			<xmin>353</xmin>
			<ymin>126</ymin>
			<xmax>584</xmax>
			<ymax>330</ymax>
		</bndbox>
	</object>
</annotation>