<annotation>
	<folder>side비빔면류냉면기회냉면q1</folder>
	<filename>side_비빔면류_냉면기_회냉면_Q1_00008.JPG</filename>
	<path>/side비빔면류냉면기회냉면q1/side_비빔면류_냉면기_회냉면_Q1_00008.JPG</path>
	<source>
		<database>fooddata</database>
	</source>
	<size>
		<width>3008</width>
		<height>2000</height>
		<depth>3</depth>
	</size>
	<object>
		<name>ref_spoon</name>
		<bndbox>
			<xmin>2218</xmin>
			<ymin>547</ymin>
			<xmax>2484</xmax>
			<ymax>862</ymax>
		</bndbox>
	</object>
	<object>
		<name>ref_fork</name>
		<bndbox>
			<xmin>2564</xmin>
			<ymin>539</ymin>
			<xmax>2791</xmax>
			<ymax>902</ymax>
		</bndbox>
	</object>
	<object>
		<name>ref_coin</name>
		<bndbox>
			<xmin>195</xmin>
			<ymin>1160</ymin>
			<xmax>408</xmax>
			<ymax>1311</ymax>
		</bndbox>
	</object>
	<object>
		<name>dish</name>
		<bndbox>
			<xmin>768</xmin>
			<ymin>374</ymin>
			<xmax>2187</xmax>
			<ymax>1377</ymax>
		</bndbox>
	</object>
	<object>
		<name>회냉면</name>
		<bndbox>
			<xmin>1143</xmin>
			<ymin>872</ymin>
			<xmax>1829</xmax>
			<ymax>1179</ymax>
		</bndbox>
	</object>
</annotation>