<annotation>
	<folder>side비빔면류냉면기회냉면q1</folder>
	<filename>side_비빔면류_냉면기_회냉면_Q1_00016.JPG</filename>
	<path>/side비빔면류냉면기회냉면q1/side_비빔면류_냉면기_회냉면_Q1_00016.JPG</path>
	<source>
		<database>fooddata</database>
	</source>
	<size>
		<width>3008</width>
		<height>2000</height>
		<depth>3</depth>
	</size>
	<object>
		<name>ref_spoon</name>
		<bndbox>
			<xmin>1721</xmin>
			<ymin>561</ymin>
			<xmax>2023</xmax>
			<ymax>925</ymax>
		</bndbox>
	</object>
	<object>
		<name>ref_fork</name>
		<bndbox>
			<xmin>2116</xmin>
			<ymin>574</ymin>
			<xmax>2360</xmax>
			<ymax>973</ymax>
		</bndbox>
	</object>
	<object>
		<name>ref_coin</name>
		<bndbox>
			<xmin>2551</xmin>
			<ymin>827</ymin>
			<xmax>2773</xmax>
			<ymax>974</ymax>
		</bndbox>
	</object>
	<object>
		<name>dish</name>
		<bndbox>
			<xmin>31</xmin>
			<ymin>246</ymin>
			<xmax>1646</xmax>
			<ymax>1368</ymax>
		</bndbox>
	</object>
	<object>
		<name>회냉면</name>
		<bndbox>
			<xmin>461</xmin>
			<ymin>787</ymin>
			<xmax>1251</xmax>
			<ymax>1124</ymax>
		</bndbox>
	</object>
</annotation>