<annotation>
	<folder>side비빔면류냉면기회냉면q1</folder>
	<filename>side_비빔면류_냉면기_회냉면_Q1_00013.JPG</filename>
	<path>/side비빔면류냉면기회냉면q1/side_비빔면류_냉면기_회냉면_Q1_00013.JPG</path>
	<source>
		<database>fooddata</database>
	</source>
	<size>
		<width>3008</width>
		<height>2000</height>
		<depth>3</depth>
	</size>
	<object>
		<name>ref_spoon</name>
		<bndbox>
			<xmin>2067</xmin>
			<ymin>774</ymin>
			<xmax>2329</xmax>
			<ymax>1098</ymax>
		</bndbox>
	</object>
	<object>
		<name>ref_fork</name>
		<bndbox>
			<xmin>2413</xmin>
			<ymin>783</ymin>
			<xmax>2626</xmax>
			<ymax>1142</ymax>
		</bndbox>
	</object>
	<object>
		<name>ref_coin</name>
		<bndbox>
			<xmin>1801</xmin>
			<ymin>490</ymin>
			<xmax>1983</xmax>
			<ymax>605</ymax>
		</bndbox>
	</object>
	<object>
		<name>dish</name>
		<bndbox>
			<xmin>584</xmin>
			<ymin>554</ymin>
			<xmax>1976</xmax>
			<ymax>1559</ymax>
		</bndbox>
	</object>
	<object>
		<name>회냉면</name>
		<bndbox>
			<xmin>935</xmin>
			<ymin>1036</ymin>
			<xmax>1606</xmax>
			<ymax>1359</ymax>
		</bndbox>
	</object>
</annotation>