<annotation>
	<folder>side비빔면류냉면기회냉면q1</folder>
	<filename>side_비빔면류_냉면기_회냉면_Q1_00017.JPG</filename>
	<path>/side비빔면류냉면기회냉면q1/side_비빔면류_냉면기_회냉면_Q1_00017.JPG</path>
	<source>
		<database>fooddata</database>
	</source>
	<size>
		<width>3008</width>
		<height>2000</height>
		<depth>3</depth>
	</size>
	<object>
		<name>ref_spoon</name>
		<bndbox>
			<xmin>1801</xmin>
			<ymin>658</ymin>
			<xmax>2094</xmax>
			<ymax>1004</ymax>
		</bndbox>
	</object>
	<object>
		<name>ref_fork</name>
		<bndbox>
			<xmin>2187</xmin>
			<ymin>667</ymin>
			<xmax>2427</xmax>
			<ymax>1067</ymax>
		</bndbox>
	</object>
	<object>
		<name>ref_coin</name>
		<bndbox>
			<xmin>2720</xmin>
			<ymin>1138</ymin>
			<xmax>2950</xmax>
			<ymax>1288</ymax>
		</bndbox>
	</object>
	<object>
		<name>dish</name>
		<bndbox>
			<xmin>106</xmin>
			<ymin>348</ymin>
			<xmax>1730</xmax>
			<ymax>1461</ymax>
		</bndbox>
	</object>
	<object>
		<name>회냉면</name>
		<bndbox>
			<xmin>558</xmin>
			<ymin>892</ymin>
			<xmax>1368</xmax>
			<ymax>1222</ymax>
		</bndbox>
	</object>
</annotation>