<annotation>
	<folder>side비빔면류냉면기회냉면q1</folder>
	<filename>side_비빔면류_냉면기_회냉면_Q1_00030.JPG</filename>
	<path>/side비빔면류냉면기회냉면q1/side_비빔면류_냉면기_회냉면_Q1_00030.JPG</path>
	<source>
		<database>fooddata</database>
	</source>
	<size>
		<width>3008</width>
		<height>2000</height>
		<depth>3</depth>
	</size>
	<object>
		<name>ref_spoon</name>
		<bndbox>
			<xmin>914</xmin>
			<ymin>1572</ymin>
			<xmax>1287</xmax>
			<ymax>1781</ymax>
		</bndbox>
	</object>
	<object>
		<name>ref_fork</name>
		<bndbox>
			<xmin>946</xmin>
			<ymin>1417</ymin>
			<xmax>1349</xmax>
			<ymax>1602</ymax>
		</bndbox>
	</object>
	<object>
		<name>ref_coin</name>
		<bndbox>
			<xmin>2289</xmin>
			<ymin>1244</ymin>
			<xmax>2466</xmax>
			<ymax>1377</ymax>
		</bndbox>
	</object>
	<object>
		<name>dish</name>
		<bndbox>
			<xmin>995</xmin>
			<ymin>416</ymin>
			<xmax>2170</xmax>
			<ymax>1281</ymax>
		</bndbox>
	</object>
	<object>
		<name>회냉면</name>
		<bndbox>
			<xmin>1253</xmin>
			<ymin>784</ymin>
			<xmax>1863</xmax>
			<ymax>1123</ymax>
		</bndbox>
	</object>
</annotation>