<annotation>
	<folder>top비빔면류냉면기회냉면q1</folder>
	<filename>top_비빔면류_냉면기_회냉면_Q1_00004.JPG</filename>
	<path>/top비빔면류냉면기회냉면q1/top_비빔면류_냉면기_회냉면_Q1_00004.JPG</path>
	<source>
		<database>fooddata</database>
	</source>
	<size>
		<width>3008</width>
		<height>2000</height>
		<depth>3</depth>
	</size>
	<object>
		<name>ref_spoon</name>
		<bndbox>
			<xmin>2123</xmin>
			<ymin>247</ymin>
			<xmax>2379</xmax>
			<ymax>627</ymax>
		</bndbox>
	</object>
	<object>
		<name>ref_fork</name>
		<bndbox>
			<xmin>2494</xmin>
			<ymin>287</ymin>
			<xmax>2666</xmax>
			<ymax>712</ymax>
		</bndbox>
	</object>
	<object>
		<name>ref_coin</name>
		<bndbox>
			<xmin>654</xmin>
			<ymin>1542</ymin>
			<xmax>840</xmax>
			<ymax>1732</ymax>
		</bndbox>
	</object>
	<object>
		<name>dish</name>
		<bndbox>
			<xmin>633</xmin>
			<ymin>261</ymin>
			<xmax>2194</xmax>
			<ymax>1817</ymax>
		</bndbox>
	</object>
	<object>
		<name>회냉면</name>
		<bndbox>
			<xmin>1120</xmin>
			<ymin>806</ymin>
			<xmax>1742</xmax>
			<ymax>1389</ymax>
		</bndbox>
	</object>
</annotation>