<annotation>
	<folder>top비빔면류냉면기회냉면q1</folder>
	<filename>top_비빔면류_냉면기_회냉면_Q1_00025.JPG</filename>
	<path>/top비빔면류냉면기회냉면q1/top_비빔면류_냉면기_회냉면_Q1_00025.JPG</path>
	<source>
		<database>fooddata</database>
	</source>
	<size>
		<width>3008</width>
		<height>2000</height>
		<depth>3</depth>
	</size>
	<object>
		<name>ref_spoon</name>
		<bndbox>
			<xmin>1075</xmin>
			<ymin>1690</ymin>
			<xmax>1409</xmax>
			<ymax>1932</ymax>
		</bndbox>
	</object>
	<object>
		<name>ref_fork</name>
		<bndbox>
			<xmin>1096</xmin>
			<ymin>1429</ymin>
			<xmax>1444</xmax>
			<ymax>1586</ymax>
		</bndbox>
	</object>
	<object>
		<name>ref_coin</name>
		<bndbox>
			<xmin>908</xmin>
			<ymin>148</ymin>
			<xmax>1054</xmax>
			<ymax>289</ymax>
		</bndbox>
	</object>
	<object>
		<name>dish</name>
		<bndbox>
			<xmin>1124</xmin>
			<ymin>87</ymin>
			<xmax>2328</xmax>
			<ymax>1241</ymax>
		</bndbox>
	</object>
	<object>
		<name>회냉면</name>
		<bndbox>
			<xmin>1380</xmin>
			<ymin>444</ymin>
			<xmax>1897</xmax>
			<ymax>1008</ymax>
		</bndbox>
	</object>
</annotation>