<annotation>
	<folder>top비빔면류냉면기회냉면q1</folder>
	<filename>top_비빔면류_냉면기_회냉면_Q1_00037.JPG</filename>
	<path>/top비빔면류냉면기회냉면q1/top_비빔면류_냉면기_회냉면_Q1_00037.JPG</path>
	<source>
		<database>fooddata</database>
	</source>
	<size>
		<width>3008</width>
		<height>2000</height>
		<depth>3</depth>
	</size>
	<object>
		<name>ref_spoon</name>
		<bndbox>
			<xmin>452</xmin>
			<ymin>541</ymin>
			<xmax>708</xmax>
			<ymax>895</ymax>
		</bndbox>
	</object>
	<object>
		<name>ref_fork</name>
		<bndbox>
			<xmin>838</xmin>
			<ymin>486</ymin>
			<xmax>1033</xmax>
			<ymax>886</ymax>
		</bndbox>
	</object>
	<object>
		<name>ref_coin</name>
		<bndbox>
			<xmin>2389</xmin>
			<ymin>1401</ymin>
			<xmax>2558</xmax>
			<ymax>1572</ymax>
		</bndbox>
	</object>
	<object>
		<name>dish</name>
		<bndbox>
			<xmin>1181</xmin>
			<ymin>200</ymin>
			<xmax>2572</xmax>
			<ymax>1570</ymax>
		</bndbox>
	</object>
	<object>
		<name>회냉면</name>
		<bndbox>
			<xmin>1460</xmin>
			<ymin>649</ymin>
			<xmax>2109</xmax>
			<ymax>1246</ymax>
		</bndbox>
	</object>
</annotation>