<annotation>
	<folder>top비빔면류냉면기회냉면q1</folder>
	<filename>top_비빔면류_냉면기_회냉면_Q1_00018.JPG</filename>
	<path>/top비빔면류냉면기회냉면q1/top_비빔면류_냉면기_회냉면_Q1_00018.JPG</path>
	<source>
		<database>fooddata</database>
	</source>
	<size>
		<width>3008</width>
		<height>2000</height>
		<depth>3</depth>
	</size>
	<object>
		<name>ref_spoon</name>
		<bndbox>
			<xmin>1002</xmin>
			<ymin>1659</ymin>
			<xmax>1336</xmax>
			<ymax>1897</ymax>
		</bndbox>
	</object>
	<object>
		<name>ref_fork</name>
		<bndbox>
			<xmin>1030</xmin>
			<ymin>1415</ymin>
			<xmax>1380</xmax>
			<ymax>1572</ymax>
		</bndbox>
	</object>
	<object>
		<name>ref_coin</name>
		<bndbox>
			<xmin>2281</xmin>
			<ymin>999</ymin>
			<xmax>2429</xmax>
			<ymax>1152</ymax>
		</bndbox>
	</object>
	<object>
		<name>dish</name>
		<bndbox>
			<xmin>957</xmin>
			<ymin>134</ymin>
			<xmax>2172</xmax>
			<ymax>1333</ymax>
		</bndbox>
	</object>
	<object>
		<name>회냉면</name>
		<bndbox>
			<xmin>1258</xmin>
			<ymin>402</ymin>
			<xmax>1839</xmax>
			<ymax>1046</ymax>
		</bndbox>
	</object>
</annotation>