<annotation>
	<folder>top비빔면류냉면기회냉면q1</folder>
	<filename>top_비빔면류_냉면기_회냉면_Q1_00047.JPG</filename>
	<path>/top비빔면류냉면기회냉면q1/top_비빔면류_냉면기_회냉면_Q1_00047.JPG</path>
	<source>
		<database>fooddata</database>
	</source>
	<size>
		<width>3008</width>
		<height>2000</height>
		<depth>3</depth>
	</size>
	<object>
		<name>ref_spoon</name>
		<bndbox>
			<xmin>539</xmin>
			<ymin>606</ymin>
			<xmax>791</xmax>
			<ymax>957</ymax>
		</bndbox>
	</object>
	<object>
		<name>ref_fork</name>
		<bndbox>
			<xmin>934</xmin>
			<ymin>623</ymin>
			<xmax>1096</xmax>
			<ymax>1018</ymax>
		</bndbox>
	</object>
	<object>
		<name>ref_coin</name>
		<bndbox>
			<xmin>1254</xmin>
			<ymin>350</ymin>
			<xmax>1413</xmax>
			<ymax>501</ymax>
		</bndbox>
	</object>
	<object>
		<name>dish</name>
		<bndbox>
			<xmin>1235</xmin>
			<ymin>501</ymin>
			<xmax>2619</xmax>
			<ymax>1913</ymax>
		</bndbox>
	</object>
	<object>
		<name>회냉면</name>
		<bndbox>
			<xmin>1564</xmin>
			<ymin>968</ymin>
			<xmax>2170</xmax>
			<ymax>1593</ymax>
		</bndbox>
	</object>
</annotation>