<annotation>
	<folder>top비빔면류냉면기회냉면q1</folder>
	<filename>top_비빔면류_냉면기_회냉면_Q1_00048.JPG</filename>
	<path>/top비빔면류냉면기회냉면q1/top_비빔면류_냉면기_회냉면_Q1_00048.JPG</path>
	<source>
		<database>fooddata</database>
	</source>
	<size>
		<width>3008</width>
		<height>2000</height>
		<depth>3</depth>
	</size>
	<object>
		<name>ref_spoon</name>
		<bndbox>
			<xmin>440</xmin>
			<ymin>531</ymin>
			<xmax>704</xmax>
			<ymax>907</ymax>
		</bndbox>
	</object>
	<object>
		<name>ref_fork</name>
		<bndbox>
			<xmin>852</xmin>
			<ymin>536</ymin>
			<xmax>1019</xmax>
			<ymax>938</ymax>
		</bndbox>
	</object>
	<object>
		<name>ref_coin</name>
		<bndbox>
			<xmin>2365</xmin>
			<ymin>1678</ymin>
			<xmax>2539</xmax>
			<ymax>1868</ymax>
		</bndbox>
	</object>
	<object>
		<name>dish</name>
		<bndbox>
			<xmin>1143</xmin>
			<ymin>376</ymin>
			<xmax>2560</xmax>
			<ymax>1784</ymax>
		</bndbox>
	</object>
	<object>
		<name>회냉면</name>
		<bndbox>
			<xmin>1498</xmin>
			<ymin>851</ymin>
			<xmax>2111</xmax>
			<ymax>1464</ymax>
		</bndbox>
	</object>
</annotation>