<annotation>
	<folder>top비빔면류냉면기회냉면q1</folder>
	<filename>top_비빔면류_냉면기_회냉면_Q1_00014.JPG</filename>
	<path>/top비빔면류냉면기회냉면q1/top_비빔면류_냉면기_회냉면_Q1_00014.JPG</path>
	<source>
		<database>fooddata</database>
	</source>
	<size>
		<width>3008</width>
		<height>2000</height>
		<depth>3</depth>
	</size>
	<object>
		<name>ref_spoon</name>
		<bndbox>
			<xmin>2149</xmin>
			<ymin>155</ymin>
			<xmax>2389</xmax>
			<ymax>533</ymax>
		</bndbox>
	</object>
	<object>
		<name>ref_fork</name>
		<bndbox>
			<xmin>2516</xmin>
			<ymin>190</ymin>
			<xmax>2680</xmax>
			<ymax>609</ymax>
		</bndbox>
	</object>
	<object>
		<name>ref_coin</name>
		<bndbox>
			<xmin>1110</xmin>
			<ymin>99</ymin>
			<xmax>1291</xmax>
			<ymax>280</ymax>
		</bndbox>
	</object>
	<object>
		<name>dish</name>
		<bndbox>
			<xmin>570</xmin>
			<ymin>348</ymin>
			<xmax>2135</xmax>
			<ymax>1906</ymax>
		</bndbox>
	</object>
	<object>
		<name>회냉면</name>
		<bndbox>
			<xmin>1028</xmin>
			<ymin>914</ymin>
			<xmax>1674</xmax>
			<ymax>1499</ymax>
		</bndbox>
	</object>
</annotation>