<annotation>
	<folder>top비빔면류냉면기회냉면q1</folder>
	<filename>top_비빔면류_냉면기_회냉면_Q1_00012.JPG</filename>
	<path>/top비빔면류냉면기회냉면q1/top_비빔면류_냉면기_회냉면_Q1_00012.JPG</path>
	<source>
		<database>fooddata</database>
	</source>
	<size>
		<width>3008</width>
		<height>2000</height>
		<depth>3</depth>
	</size>
	<object>
		<name>ref_spoon</name>
		<bndbox>
			<xmin>2306</xmin>
			<ymin>160</ymin>
			<xmax>2570</xmax>
			<ymax>555</ymax>
		</bndbox>
	</object>
	<object>
		<name>ref_fork</name>
		<bndbox>
			<xmin>2708</xmin>
			<ymin>195</ymin>
			<xmax>2885</xmax>
			<ymax>635</ymax>
		</bndbox>
	</object>
	<object>
		<name>ref_coin</name>
		<bndbox>
			<xmin>194</xmin>
			<ymin>1215</ymin>
			<xmax>400</xmax>
			<ymax>1422</ymax>
		</bndbox>
	</object>
	<object>
		<name>dish</name>
		<bndbox>
			<xmin>758</xmin>
			<ymin>221</ymin>
			<xmax>2391</xmax>
			<ymax>1805</ymax>
		</bndbox>
	</object>
	<object>
		<name>회냉면</name>
		<bndbox>
			<xmin>1244</xmin>
			<ymin>703</ymin>
			<xmax>1984</xmax>
			<ymax>1361</ymax>
		</bndbox>
	</object>
</annotation>