<annotation>
	<folder>side국류냄비매운탕q3</folder>
	<filename>side_국류_냄비_매운탕_Q3_00025.JPG</filename>
	<path>/side국류냄비매운탕q3/side_국류_냄비_매운탕_Q3_00025.JPG</path>
	<source>
		<database>fooddata</database>
	</source>
	<size>
		<width>3008</width>
		<height>2000</height>
		<depth>3</depth>
	</size>
	<object>
		<name>ref_spoon</name>
		<bndbox>
			<xmin>557</xmin>
			<ymin>1548</ymin>
			<xmax>979</xmax>
			<ymax>1807</ymax>
		</bndbox>
	</object>
	<object>
		<name>ref_fork</name>
		<bndbox>
			<xmin>663</xmin>
			<ymin>1339</ymin>
			<xmax>1107</xmax>
			<ymax>1573</ymax>
		</bndbox>
	</object>
	<object>
		<name>ref_coin</name>
		<bndbox>
			<xmin>1348</xmin>
			<ymin>200</ymin>
			<xmax>1518</xmax>
			<ymax>314</ymax>
		</bndbox>
	</object>
	<object>
		<name>dish</name>
		<bndbox>
			<xmin>894</xmin>
			<ymin>307</ymin>
			<xmax>2146</xmax>
			<ymax>1225</ymax>
		</bndbox>
	</object>
	<object>
		<name>매운탕</name>
		<bndbox>
			<xmin>1050</xmin>
			<ymin>480</ymin>
			<xmax>1994</xmax>
			<ymax>1098</ymax>
		</bndbox>
	</object>
</annotation>