<annotation>
	<folder>rework190files</folder>
	<filename>side_국류_냄비_매운탕_Q3_00008.JPG</filename>
	<path>/side국류냄비매운탕q3/side_국류_냄비_매운탕_Q3_00008.JPG</path>
	<source>
		<database>fooddata</database>
	</source>
	<size>
		<width>3008</width>
		<height>2000</height>
		<depth>3</depth>
	</size>
	<object>
		<name>ref_spoon</name>
		<bndbox>
			<xmin>2114</xmin>
			<ymin>621</ymin>
			<xmax>2378</xmax>
			<ymax>962</ymax>
		</bndbox>
	</object>
	<object>
		<name>ref_fork</name>
		<bndbox>
			<xmin>2500</xmin>
			<ymin>688</ymin>
			<xmax>2693</xmax>
			<ymax>1094</ymax>
		</bndbox>
	</object>
	<object>
		<name>ref_coin</name>
		<bndbox>
			<xmin>1316</xmin>
			<ymin>418</ymin>
			<xmax>1514</xmax>
			<ymax>560</ymax>
		</bndbox>
	</object>
	<object>
		<name>dish</name>
		<bndbox>
			<xmin>396</xmin>
			<ymin>621</ymin>
			<xmax>1839</xmax>
			<ymax>1688</ymax>
		</bndbox>
	</object>
	<object>
		<name>매운탕</name>
		<bndbox>
			<xmin>569</xmin>
			<ymin>916</ymin>
			<xmax>1662</xmax>
			<ymax>1546</ymax>
		</bndbox>
	</object>
</annotation>