<annotation>
	<folder>side국류냄비매운탕q3</folder>
	<filename>side_국류_냄비_매운탕_Q3_00002.JPG</filename>
	<path>/side국류냄비매운탕q3/side_국류_냄비_매운탕_Q3_00002.JPG</path>
	<source>
		<database>fooddata</database>
	</source>
	<size>
		<width>3008</width>
		<height>2000</height>
		<depth>3</depth>
	</size>
	<object>
		<name>ref_spoon</name>
		<bndbox>
			<xmin>2125</xmin>
			<ymin>505</ymin>
			<xmax>2394</xmax>
			<ymax>842</ymax>
		</bndbox>
	</object>
	<object>
		<name>ref_fork</name>
		<bndbox>
			<xmin>2511</xmin>
			<ymin>551</ymin>
			<xmax>2696</xmax>
			<ymax>945</ymax>
		</bndbox>
	</object>
	<object>
		<name>ref_coin</name>
		<bndbox>
			<xmin>1472</xmin>
			<ymin>1495</ymin>
			<xmax>1699</xmax>
			<ymax>1676</ymax>
		</bndbox>
	</object>
	<object>
		<name>dish</name>
		<bndbox>
			<xmin>596</xmin>
			<ymin>356</ymin>
			<xmax>1976</xmax>
			<ymax>1378</ymax>
		</bndbox>
	</object>
	<object>
		<name>매운탕</name>
		<bndbox>
			<xmin>766</xmin>
			<ymin>541</ymin>
			<xmax>1837</xmax>
			<ymax>1239</ymax>
		</bndbox>
	</object>
</annotation>