<annotation>
	<folder>side국류냄비매운탕q3</folder>
	<filename>side_국류_냄비_매운탕_Q3_00028.JPG</filename>
	<path>/side국류냄비매운탕q3/side_국류_냄비_매운탕_Q3_00028.JPG</path>
	<source>
		<database>fooddata</database>
	</source>
	<size>
		<width>3008</width>
		<height>2000</height>
		<depth>3</depth>
	</size>
	<object>
		<name>ref_spoon</name>
		<bndbox>
			<xmin>575</xmin>
			<ymin>1481</ymin>
			<xmax>990</xmax>
			<ymax>1736</ymax>
		</bndbox>
	</object>
	<object>
		<name>ref_fork</name>
		<bndbox>
			<xmin>688</xmin>
			<ymin>1215</ymin>
			<xmax>1146</xmax>
			<ymax>1456</ymax>
		</bndbox>
	</object>
	<object>
		<name>ref_coin</name>
		<bndbox>
			<xmin>2284</xmin>
			<ymin>998</ymin>
			<xmax>2476</xmax>
			<ymax>1154</ymax>
		</bndbox>
	</object>
	<object>
		<name>dish</name>
		<bndbox>
			<xmin>876</xmin>
			<ymin>189</ymin>
			<xmax>2139</xmax>
			<ymax>1105</ymax>
		</bndbox>
	</object>
	<object>
		<name>매운탕</name>
		<bndbox>
			<xmin>965</xmin>
			<ymin>445</ymin>
			<xmax>1969</xmax>
			<ymax>984</ymax>
		</bndbox>
	</object>
</annotation>