<annotation>
	<folder>side국류냄비매운탕q3</folder>
	<filename>side_국류_냄비_매운탕_Q3_00016.JPG</filename>
	<path>/side국류냄비매운탕q3/side_국류_냄비_매운탕_Q3_00016.JPG</path>
	<source>
		<database>fooddata</database>
	</source>
	<size>
		<width>3008</width>
		<height>2000</height>
		<depth>3</depth>
	</size>
	<object>
		<name>ref_spoon</name>
		<bndbox>
			<xmin>1852</xmin>
			<ymin>526</ymin>
			<xmax>2128</xmax>
			<ymax>849</ymax>
		</bndbox>
	</object>
	<object>
		<name>ref_fork</name>
		<bndbox>
			<xmin>2245</xmin>
			<ymin>587</ymin>
			<xmax>2455</xmax>
			<ymax>984</ymax>
		</bndbox>
	</object>
	<object>
		<name>ref_coin</name>
		<bndbox>
			<xmin>1678</xmin>
			<ymin>1537</ymin>
			<xmax>1912</xmax>
			<ymax>1729</ymax>
		</bndbox>
	</object>
	<object>
		<name>dish</name>
		<bndbox>
			<xmin>188</xmin>
			<ymin>353</ymin>
			<xmax>1660</xmax>
			<ymax>1406</ymax>
		</bndbox>
	</object>
	<object>
		<name>매운탕</name>
		<bndbox>
			<xmin>312</xmin>
			<ymin>622</ymin>
			<xmax>1557</xmax>
			<ymax>1261</ymax>
		</bndbox>
	</object>
</annotation>