<annotation>
	<folder>top국류냄비매운탕q3</folder>
	<filename>top_국류_냄비_매운탕_Q3_00002.JPG</filename>
	<path>/top국류냄비매운탕q3/top_국류_냄비_매운탕_Q3_00002.JPG</path>
	<source>
		<database>fooddata</database>
	</source>
	<size>
		<width>3008</width>
		<height>2000</height>
		<depth>3</depth>
	</size>
	<object>
		<name>ref_spoon</name>
		<bndbox>
			<xmin>2067</xmin>
			<ymin>317</ymin>
			<xmax>2280</xmax>
			<ymax>650</ymax>
		</bndbox>
	</object>
	<object>
		<name>ref_fork</name>
		<bndbox>
			<xmin>2347</xmin>
			<ymin>428</ymin>
			<xmax>2498</xmax>
			<ymax>800</ymax>
		</bndbox>
	</object>
	<object>
		<name>ref_coin</name>
		<bndbox>
			<xmin>1202</xmin>
			<ymin>1444</ymin>
			<xmax>1366</xmax>
			<ymax>1608</ymax>
		</bndbox>
	</object>
	<object>
		<name>dish</name>
		<bndbox>
			<xmin>435</xmin>
			<ymin>122</ymin>
			<xmax>1721</xmax>
			<ymax>1368</ymax>
		</bndbox>
	</object>
	<object>
		<name>매운탕</name>
		<bndbox>
			<xmin>617</xmin>
			<ymin>317</ymin>
			<xmax>1575</xmax>
			<ymax>1248</ymax>
		</bndbox>
	</object>
</annotation>