<annotation>
	<folder>top국류냄비매운탕q3</folder>
	<filename>top_국류_냄비_매운탕_Q3_00040.JPG</filename>
	<path>/top국류냄비매운탕q3/top_국류_냄비_매운탕_Q3_00040.JPG</path>
	<source>
		<database>fooddata</database>
	</source>
	<size>
		<width>3008</width>
		<height>2000</height>
		<depth>3</depth>
	</size>
	<object>
		<name>ref_spoon</name>
		<bndbox>
			<xmin>275</xmin>
			<ymin>401</ymin>
			<xmax>510</xmax>
			<ymax>734</ymax>
		</bndbox>
	</object>
	<object>
		<name>ref_fork</name>
		<bndbox>
			<xmin>634</xmin>
			<ymin>419</ymin>
			<xmax>790</xmax>
			<ymax>783</ymax>
		</bndbox>
	</object>
	<object>
		<name>ref_coin</name>
		<bndbox>
			<xmin>2334</xmin>
			<ymin>778</ymin>
			<xmax>2476</xmax>
			<ymax>925</ymax>
		</bndbox>
	</object>
	<object>
		<name>dish</name>
		<bndbox>
			<xmin>874</xmin>
			<ymin>339</ymin>
			<xmax>2130</xmax>
			<ymax>1586</ymax>
		</bndbox>
	</object>
	<object>
		<name>매운탕</name>
		<bndbox>
			<xmin>1043</xmin>
			<ymin>512</ymin>
			<xmax>1939</xmax>
			<ymax>1439</ymax>
		</bndbox>
	</object>
</annotation>