<annotation>
	<folder>top국류냄비매운탕q3</folder>
	<filename>top_국류_냄비_매운탕_Q3_00015.JPG</filename>
	<path>/top국류냄비매운탕q3/top_국류_냄비_매운탕_Q3_00015.JPG</path>
	<source>
		<database>fooddata</database>
	</source>
	<size>
		<width>3008</width>
		<height>2000</height>
		<depth>3</depth>
	</size>
	<object>
		<name>ref_spoon</name>
		<bndbox>
			<xmin>2014</xmin>
			<ymin>450</ymin>
			<xmax>2232</xmax>
			<ymax>783</ymax>
		</bndbox>
	</object>
	<object>
		<name>ref_fork</name>
		<bndbox>
			<xmin>2365</xmin>
			<ymin>592</ymin>
			<xmax>2529</xmax>
			<ymax>960</ymax>
		</bndbox>
	</object>
	<object>
		<name>ref_coin</name>
		<bndbox>
			<xmin>2294</xmin>
			<ymin>201</ymin>
			<xmax>2445</xmax>
			<ymax>343</ymax>
		</bndbox>
	</object>
	<object>
		<name>dish</name>
		<bndbox>
			<xmin>421</xmin>
			<ymin>303</ymin>
			<xmax>1784</xmax>
			<ymax>1621</ymax>
		</bndbox>
	</object>
	<object>
		<name>매운탕</name>
		<bndbox>
			<xmin>612</xmin>
			<ymin>503</ymin>
			<xmax>1610</xmax>
			<ymax>1488</ymax>
		</bndbox>
	</object>
</annotation>