<annotation>
	<folder>top국류냄비매운탕q3</folder>
	<filename>top_국류_냄비_매운탕_Q3_00043.JPG</filename>
	<path>/top국류냄비매운탕q3/top_국류_냄비_매운탕_Q3_00043.JPG</path>
	<source>
		<database>fooddata</database>
	</source>
	<size>
		<width>3008</width>
		<height>2000</height>
		<depth>3</depth>
	</size>
	<object>
		<name>ref_spoon</name>
		<bndbox>
			<xmin>115</xmin>
			<ymin>388</ymin>
			<xmax>382</xmax>
			<ymax>752</ymax>
		</bndbox>
	</object>
	<object>
		<name>ref_fork</name>
		<bndbox>
			<xmin>515</xmin>
			<ymin>414</ymin>
			<xmax>692</xmax>
			<ymax>818</ymax>
		</bndbox>
	</object>
	<object>
		<name>ref_coin</name>
		<bndbox>
			<xmin>1477</xmin>
			<ymin>95</ymin>
			<xmax>1642</xmax>
			<ymax>259</ymax>
		</bndbox>
	</object>
	<object>
		<name>dish</name>
		<bndbox>
			<xmin>998</xmin>
			<ymin>352</ymin>
			<xmax>2418</xmax>
			<ymax>1763</ymax>
		</bndbox>
	</object>
	<object>
		<name>매운탕</name>
		<bndbox>
			<xmin>1176</xmin>
			<ymin>556</ymin>
			<xmax>2201</xmax>
			<ymax>1586</ymax>
		</bndbox>
	</object>
</annotation>