<annotation>
	<folder>top국류냄비매운탕q3</folder>
	<filename>top_국류_냄비_매운탕_Q3_00049.JPG</filename>
	<path>/top국류냄비매운탕q3/top_국류_냄비_매운탕_Q3_00049.JPG</path>
	<source>
		<database>fooddata</database>
	</source>
	<size>
		<width>3008</width>
		<height>2000</height>
		<depth>3</depth>
	</size>
	<object>
		<name>ref_spoon</name>
		<bndbox>
			<xmin>182</xmin>
			<ymin>241</ymin>
			<xmax>439</xmax>
			<ymax>618</ymax>
		</bndbox>
	</object>
	<object>
		<name>ref_fork</name>
		<bndbox>
			<xmin>581</xmin>
			<ymin>272</ymin>
			<xmax>750</xmax>
			<ymax>685</ymax>
		</bndbox>
	</object>
	<object>
		<name>ref_coin</name>
		<bndbox>
			<xmin>1664</xmin>
			<ymin>1728</ymin>
			<xmax>1841</xmax>
			<ymax>1914</ymax>
		</bndbox>
	</object>
	<object>
		<name>dish</name>
		<bndbox>
			<xmin>1060</xmin>
			<ymin>241</ymin>
			<xmax>2471</xmax>
			<ymax>1643</ymax>
		</bndbox>
	</object>
	<object>
		<name>매운탕</name>
		<bndbox>
			<xmin>1202</xmin>
			<ymin>428</ymin>
			<xmax>2249</xmax>
			<ymax>1532</ymax>
		</bndbox>
	</object>
</annotation>