<annotation>
	<folder>top국류냄비매운탕q3</folder>
	<filename>top_국류_냄비_매운탕_Q3_00018.JPG</filename>
	<path>/top국류냄비매운탕q3/top_국류_냄비_매운탕_Q3_00018.JPG</path>
	<source>
		<database>fooddata</database>
	</source>
	<size>
		<width>3008</width>
		<height>2000</height>
		<depth>3</depth>
	</size>
	<object>
		<name>ref_spoon</name>
		<bndbox>
			<xmin>763</xmin>
			<ymin>1674</ymin>
			<xmax>1109</xmax>
			<ymax>1909</ymax>
		</bndbox>
	</object>
	<object>
		<name>ref_fork</name>
		<bndbox>
			<xmin>816</xmin>
			<ymin>1435</ymin>
			<xmax>1180</xmax>
			<ymax>1590</ymax>
		</bndbox>
	</object>
	<object>
		<name>ref_coin</name>
		<bndbox>
			<xmin>599</xmin>
			<ymin>969</ymin>
			<xmax>754</xmax>
			<ymax>1115</ymax>
		</bndbox>
	</object>
	<object>
		<name>dish</name>
		<bndbox>
			<xmin>807</xmin>
			<ymin>148</ymin>
			<xmax>2001</xmax>
			<ymax>1288</ymax>
		</bndbox>
	</object>
	<object>
		<name>매운탕</name>
		<bndbox>
			<xmin>954</xmin>
			<ymin>343</ymin>
			<xmax>1828</xmax>
			<ymax>1173</ymax>
		</bndbox>
	</object>
</annotation>