<annotation>
	<folder>top국류냄비매운탕q3</folder>
	<filename>top_국류_냄비_매운탕_Q3_00008.JPG</filename>
	<path>/top국류냄비매운탕q3/top_국류_냄비_매운탕_Q3_00008.JPG</path>
	<source>
		<database>fooddata</database>
	</source>
	<size>
		<width>3008</width>
		<height>2000</height>
		<depth>3</depth>
	</size>
	<object>
		<name>ref_spoon</name>
		<bndbox>
			<xmin>2054</xmin>
			<ymin>272</ymin>
			<xmax>2267</xmax>
			<ymax>601</ymax>
		</bndbox>
	</object>
	<object>
		<name>ref_fork</name>
		<bndbox>
			<xmin>2343</xmin>
			<ymin>374</ymin>
			<xmax>2484</xmax>
			<ymax>738</ymax>
		</bndbox>
	</object>
	<object>
		<name>ref_coin</name>
		<bndbox>
			<xmin>555</xmin>
			<ymin>343</ymin>
			<xmax>714</xmax>
			<ymax>499</ymax>
		</bndbox>
	</object>
	<object>
		<name>dish</name>
		<bndbox>
			<xmin>466</xmin>
			<ymin>335</ymin>
			<xmax>1766</xmax>
			<ymax>1617</ymax>
		</bndbox>
	</object>
	<object>
		<name>매운탕</name>
		<bndbox>
			<xmin>648</xmin>
			<ymin>516</ymin>
			<xmax>1619</xmax>
			<ymax>1475</ymax>
		</bndbox>
	</object>
</annotation>