<annotation>
	<folder>top국류냄비매운탕q3</folder>
	<filename>top_국류_냄비_매운탕_Q3_00052.JPG</filename>
	<path>/top국류냄비매운탕q3/top_국류_냄비_매운탕_Q3_00052.JPG</path>
	<source>
		<database>fooddata</database>
	</source>
	<size>
		<width>3008</width>
		<height>2000</height>
		<depth>3</depth>
	</size>
	<object>
		<name>ref_spoon</name>
		<bndbox>
			<xmin>151</xmin>
			<ymin>264</ymin>
			<xmax>421</xmax>
			<ymax>645</ymax>
		</bndbox>
	</object>
	<object>
		<name>ref_fork</name>
		<bndbox>
			<xmin>568</xmin>
			<ymin>290</ymin>
			<xmax>741</xmax>
			<ymax>725</ymax>
		</bndbox>
	</object>
	<object>
		<name>ref_coin</name>
		<bndbox>
			<xmin>976</xmin>
			<ymin>1617</ymin>
			<xmax>1162</xmax>
			<ymax>1821</ymax>
		</bndbox>
	</object>
	<object>
		<name>dish</name>
		<bndbox>
			<xmin>1069</xmin>
			<ymin>246</ymin>
			<xmax>2582</xmax>
			<ymax>1741</ymax>
		</bndbox>
	</object>
	<object>
		<name>매운탕</name>
		<bndbox>
			<xmin>1171</xmin>
			<ymin>445</ymin>
			<xmax>2334</xmax>
			<ymax>1590</ymax>
		</bndbox>
	</object>
</annotation>