<annotation>
	<folder>side기타튀김배달종이박스감자튀김(웨지감자)q1</folder>
	<filename>side_기타튀김_배달종이박스_감자튀김(웨지감자)_Q1_00041.JPG</filename>
	<path>/side기타튀김배달종이박스감자튀김(웨지감자)q1/side_기타튀김_배달종이박스_감자튀김(웨지감자)_Q1_00041.JPG</path>
	<source>
		<database>fooddata</database>
	</source>
	<size>
		<width>3008</width>
		<height>2000</height>
		<depth>3</depth>
	</size>
	<object>
		<name>ref_spoon</name>
		<bndbox>
			<xmin>519</xmin>
			<ymin>428</ymin>
			<xmax>799</xmax>
			<ymax>791</ymax>
		</bndbox>
	</object>
	<object>
		<name>ref_fork</name>
		<bndbox>
			<xmin>874</xmin>
			<ymin>459</ymin>
			<xmax>1074</xmax>
			<ymax>889</ymax>
		</bndbox>
	</object>
	<object>
		<name>ref_coin</name>
		<bndbox>
			<xmin>1318</xmin>
			<ymin>1426</ymin>
			<xmax>1557</xmax>
			<ymax>1608</ymax>
		</bndbox>
	</object>
	<object>
		<name>dish</name>
		<bndbox>
			<xmin>1269</xmin>
			<ymin>366</ymin>
			<xmax>2507</xmax>
			<ymax>1395</ymax>
		</bndbox>
	</object>
	<object>
		<name>감자튀김(웨지감자)</name>
		<bndbox>
			<xmin>1531</xmin>
			<ymin>712</ymin>
			<xmax>2431</xmax>
			<ymax>1244</ymax>
		</bndbox>
	</object>
</annotation>