<annotation>
	<folder>side기타튀김배달종이박스감자튀김(웨지감자)q1</folder>
	<filename>side_기타튀김_배달종이박스_감자튀김(웨지감자)_Q1_00049.JPG</filename>
	<path>/side기타튀김배달종이박스감자튀김(웨지감자)q1/side_기타튀김_배달종이박스_감자튀김(웨지감자)_Q1_00049.JPG</path>
	<source>
		<database>fooddata</database>
	</source>
	<size>
		<width>3008</width>
		<height>2000</height>
		<depth>3</depth>
	</size>
	<object>
		<name>ref_spoon</name>
		<bndbox>
			<xmin>745</xmin>
			<ymin>490</ymin>
			<xmax>1047</xmax>
			<ymax>894</ymax>
		</bndbox>
	</object>
	<object>
		<name>ref_fork</name>
		<bndbox>
			<xmin>1145</xmin>
			<ymin>534</ymin>
			<xmax>1353</xmax>
			<ymax>987</ymax>
		</bndbox>
	</object>
	<object>
		<name>ref_coin</name>
		<bndbox>
			<xmin>209</xmin>
			<ymin>933</ymin>
			<xmax>426</xmax>
			<ymax>1102</ymax>
		</bndbox>
	</object>
	<object>
		<name>dish</name>
		<bndbox>
			<xmin>1398</xmin>
			<ymin>641</ymin>
			<xmax>2626</xmax>
			<ymax>1674</ymax>
		</bndbox>
	</object>
	<object>
		<name>감자튀김(웨지감자)</name>
		<bndbox>
			<xmin>1690</xmin>
			<ymin>916</ymin>
			<xmax>2201</xmax>
			<ymax>1555</ymax>
		</bndbox>
	</object>
</annotation>