<annotation>
	<folder>side기타튀김배달종이박스감자튀김(웨지감자)q1</folder>
	<filename>side_기타튀김_배달종이박스_감자튀김(웨지감자)_Q1_00034.JPG</filename>
	<path>/side기타튀김배달종이박스감자튀김(웨지감자)q1/side_기타튀김_배달종이박스_감자튀김(웨지감자)_Q1_00034.JPG</path>
	<source>
		<database>fooddata</database>
	</source>
	<size>
		<width>3008</width>
		<height>2000</height>
		<depth>3</depth>
	</size>
	<object>
		<name>ref_spoon</name>
		<bndbox>
			<xmin>816</xmin>
			<ymin>290</ymin>
			<xmax>1122</xmax>
			<ymax>685</ymax>
		</bndbox>
	</object>
	<object>
		<name>ref_fork</name>
		<bndbox>
			<xmin>1185</xmin>
			<ymin>352</ymin>
			<xmax>1384</xmax>
			<ymax>809</ymax>
		</bndbox>
	</object>
	<object>
		<name>ref_coin</name>
		<bndbox>
			<xmin>266</xmin>
			<ymin>1413</ymin>
			<xmax>501</xmax>
			<ymax>1599</ymax>
		</bndbox>
	</object>
	<object>
		<name>dish</name>
		<bndbox>
			<xmin>1451</xmin>
			<ymin>370</ymin>
			<xmax>2737</xmax>
			<ymax>1350</ymax>
		</bndbox>
	</object>
	<object>
		<name>감자튀김(웨지감자)</name>
		<bndbox>
			<xmin>1957</xmin>
			<ymin>862</ymin>
			<xmax>2622</xmax>
			<ymax>1226</ymax>
		</bndbox>
	</object>
</annotation>