<annotation>
	<folder>side기타튀김배달종이박스감자튀김(웨지감자)q1</folder>
	<filename>side_기타튀김_배달종이박스_감자튀김(웨지감자)_Q1_00017.JPG</filename>
	<path>/side기타튀김배달종이박스감자튀김(웨지감자)q1/side_기타튀김_배달종이박스_감자튀김(웨지감자)_Q1_00017.JPG</path>
	<source>
		<database>fooddata</database>
	</source>
	<size>
		<width>3008</width>
		<height>2000</height>
		<depth>3</depth>
	</size>
	<object>
		<name>ref_spoon</name>
		<bndbox>
			<xmin>723</xmin>
			<ymin>1537</ymin>
			<xmax>1171</xmax>
			<ymax>1781</ymax>
		</bndbox>
	</object>
	<object>
		<name>ref_fork</name>
		<bndbox>
			<xmin>905</xmin>
			<ymin>1355</ymin>
			<xmax>1393</xmax>
			<ymax>1603</ymax>
		</bndbox>
	</object>
	<object>
		<name>ref_coin</name>
		<bndbox>
			<xmin>2311</xmin>
			<ymin>1213</ymin>
			<xmax>2516</xmax>
			<ymax>1368</ymax>
		</bndbox>
	</object>
	<object>
		<name>dish</name>
		<bndbox>
			<xmin>763</xmin>
			<ymin>379</ymin>
			<xmax>2121</xmax>
			<ymax>1399</ymax>
		</bndbox>
	</object>
	<object>
		<name>감자튀김(웨지감자)</name>
		<bndbox>
			<xmin>1020</xmin>
			<ymin>778</ymin>
			<xmax>1548</xmax>
			<ymax>1093</ymax>
		</bndbox>
	</object>
</annotation>