<annotation>
	<folder>side기타튀김배달종이박스감자튀김(웨지감자)q1</folder>
	<filename>side_기타튀김_배달종이박스_감자튀김(웨지감자)_Q1_00023.JPG</filename>
	<path>/side기타튀김배달종이박스감자튀김(웨지감자)q1/side_기타튀김_배달종이박스_감자튀김(웨지감자)_Q1_00023.JPG</path>
	<source>
		<database>fooddata</database>
	</source>
	<size>
		<width>3008</width>
		<height>2000</height>
		<depth>3</depth>
	</size>
	<object>
		<name>ref_spoon</name>
		<bndbox>
			<xmin>781</xmin>
			<ymin>1337</ymin>
			<xmax>1229</xmax>
			<ymax>1599</ymax>
		</bndbox>
	</object>
	<object>
		<name>ref_fork</name>
		<bndbox>
			<xmin>949</xmin>
			<ymin>1182</ymin>
			<xmax>1446</xmax>
			<ymax>1408</ymax>
		</bndbox>
	</object>
	<object>
		<name>ref_coin</name>
		<bndbox>
			<xmin>492</xmin>
			<ymin>1284</ymin>
			<xmax>697</xmax>
			<ymax>1444</ymax>
		</bndbox>
	</object>
	<object>
		<name>dish</name>
		<bndbox>
			<xmin>1398</xmin>
			<ymin>241</ymin>
			<xmax>2604</xmax>
			<ymax>1191</ymax>
		</bndbox>
	</object>
	<object>
		<name>감자튀김(웨지감자)</name>
		<bndbox>
			<xmin>1677</xmin>
			<ymin>627</ymin>
			<xmax>2094</xmax>
			<ymax>1049</ymax>
		</bndbox>
	</object>
</annotation>