<annotation>
	<folder>side기타튀김배달종이박스감자튀김(웨지감자)q1</folder>
	<filename>side_기타튀김_배달종이박스_감자튀김(웨지감자)_Q1_00030.JPG</filename>
	<path>/side기타튀김배달종이박스감자튀김(웨지감자)q1/side_기타튀김_배달종이박스_감자튀김(웨지감자)_Q1_00030.JPG</path>
	<source>
		<database>fooddata</database>
	</source>
	<size>
		<width>3008</width>
		<height>2000</height>
		<depth>3</depth>
	</size>
	<object>
		<name>ref_spoon</name>
		<bndbox>
			<xmin>453</xmin>
			<ymin>1222</ymin>
			<xmax>896</xmax>
			<ymax>1488</ymax>
		</bndbox>
	</object>
	<object>
		<name>ref_fork</name>
		<bndbox>
			<xmin>617</xmin>
			<ymin>1062</ymin>
			<xmax>1118</xmax>
			<ymax>1311</ymax>
		</bndbox>
	</object>
	<object>
		<name>ref_coin</name>
		<bndbox>
			<xmin>1522</xmin>
			<ymin>1652</ymin>
			<xmax>1739</xmax>
			<ymax>1834</ymax>
		</bndbox>
	</object>
	<object>
		<name>dish</name>
		<bndbox>
			<xmin>1007</xmin>
			<ymin>175</ymin>
			<xmax>2178</xmax>
			<ymax>1133</ymax>
		</bndbox>
	</object>
	<object>
		<name>감자튀김(웨지감자)</name>
		<bndbox>
			<xmin>1211</xmin>
			<ymin>552</ymin>
			<xmax>1686</xmax>
			<ymax>920</ymax>
		</bndbox>
	</object>
</annotation>