<annotation>
	<folder>top기타튀김배달종이박스감자튀김(웨지감자)q1</folder>
	<filename>top_기타튀김_배달종이박스_감자튀김(웨지감자)_Q1_00045.JPG</filename>
	<path>/top기타튀김배달종이박스감자튀김(웨지감자)q1/top_기타튀김_배달종이박스_감자튀김(웨지감자)_Q1_00045.JPG</path>
	<source>
		<database>fooddata</database>
	</source>
	<size>
		<width>3008</width>
		<height>2000</height>
		<depth>3</depth>
	</size>
	<object>
		<name>ref_spoon</name>
		<bndbox>
			<xmin>1043</xmin>
			<ymin>207</ymin>
			<xmax>1304</xmax>
			<ymax>592</ymax>
		</bndbox>
	</object>
	<object>
		<name>ref_fork</name>
		<bndbox>
			<xmin>745</xmin>
			<ymin>258</ymin>
			<xmax>930</xmax>
			<ymax>693</ymax>
		</bndbox>
	</object>
	<object>
		<name>ref_coin</name>
		<bndbox>
			<xmin>444</xmin>
			<ymin>403</ymin>
			<xmax>629</xmax>
			<ymax>581</ymax>
		</bndbox>
	</object>
	<object>
		<name>dish</name>
		<bndbox>
			<xmin>1417</xmin>
			<ymin>283</ymin>
			<xmax>2455</xmax>
			<ymax>1390</ymax>
		</bndbox>
	</object>
	<object>
		<name>감자튀김(웨지감자)</name>
		<bndbox>
			<xmin>1617</xmin>
			<ymin>617</ymin>
			<xmax>2237</xmax>
			<ymax>1024</ymax>
		</bndbox>
	</object>
</annotation>