<annotation>
	<folder>top기타튀김배달종이박스감자튀김(웨지감자)q1</folder>
	<filename>top_기타튀김_배달종이박스_감자튀김(웨지감자)_Q1_00020.JPG</filename>
	<path>/top기타튀김배달종이박스감자튀김(웨지감자)q1/top_기타튀김_배달종이박스_감자튀김(웨지감자)_Q1_00020.JPG</path>
	<source>
		<database>fooddata</database>
	</source>
	<size>
		<width>3008</width>
		<height>2000</height>
		<depth>3</depth>
	</size>
	<object>
		<name>ref_spoon</name>
		<bndbox>
			<xmin>927</xmin>
			<ymin>1710</ymin>
			<xmax>1330</xmax>
			<ymax>1978</ymax>
		</bndbox>
	</object>
	<object>
		<name>ref_fork</name>
		<bndbox>
			<xmin>923</xmin>
			<ymin>1477</ymin>
			<xmax>1355</xmax>
			<ymax>1681</ymax>
		</bndbox>
	</object>
	<object>
		<name>ref_coin</name>
		<bndbox>
			<xmin>2335</xmin>
			<ymin>613</ymin>
			<xmax>2513</xmax>
			<ymax>784</ymax>
		</bndbox>
	</object>
	<object>
		<name>dish</name>
		<bndbox>
			<xmin>807</xmin>
			<ymin>80</ymin>
			<xmax>2078</xmax>
			<ymax>1318</ymax>
		</bndbox>
	</object>
	<object>
		<name>감자튀김(웨지감자)</name>
		<bndbox>
			<xmin>1097</xmin>
			<ymin>374</ymin>
			<xmax>1653</xmax>
			<ymax>933</ymax>
		</bndbox>
	</object>
</annotation>