<annotation>
	<folder>top기타튀김배달종이박스감자튀김(웨지감자)q1</folder>
	<filename>top_기타튀김_배달종이박스_감자튀김(웨지감자)_Q1_00047.JPG</filename>
	<path>/top기타튀김배달종이박스감자튀김(웨지감자)q1/top_기타튀김_배달종이박스_감자튀김(웨지감자)_Q1_00047.JPG</path>
	<source>
		<database>fooddata</database>
	</source>
	<size>
		<width>3008</width>
		<height>2000</height>
		<depth>3</depth>
	</size>
	<object>
		<name>ref_spoon</name>
		<bndbox>
			<xmin>880</xmin>
			<ymin>388</ymin>
			<xmax>1137</xmax>
			<ymax>780</ymax>
		</bndbox>
	</object>
	<object>
		<name>ref_fork</name>
		<bndbox>
			<xmin>578</xmin>
			<ymin>443</ymin>
			<xmax>767</xmax>
			<ymax>871</ymax>
		</bndbox>
	</object>
	<object>
		<name>ref_coin</name>
		<bndbox>
			<xmin>589</xmin>
			<ymin>73</ymin>
			<xmax>771</xmax>
			<ymax>243</ymax>
		</bndbox>
	</object>
	<object>
		<name>dish</name>
		<bndbox>
			<xmin>1293</xmin>
			<ymin>537</ymin>
			<xmax>2237</xmax>
			<ymax>1564</ymax>
		</bndbox>
	</object>
	<object>
		<name>감자튀김(웨지감자)</name>
		<bndbox>
			<xmin>1591</xmin>
			<ymin>878</ymin>
			<xmax>2107</xmax>
			<ymax>1495</ymax>
		</bndbox>
	</object>
</annotation>