<annotation>
	<folder>top기타튀김배달종이박스감자튀김(웨지감자)q1</folder>
	<filename>top_기타튀김_배달종이박스_감자튀김(웨지감자)_Q1_00028.JPG</filename>
	<path>/top기타튀김배달종이박스감자튀김(웨지감자)q1/top_기타튀김_배달종이박스_감자튀김(웨지감자)_Q1_00028.JPG</path>
	<source>
		<database>fooddata</database>
	</source>
	<size>
		<width>3008</width>
		<height>2000</height>
		<depth>3</depth>
	</size>
	<object>
		<name>ref_spoon</name>
		<bndbox>
			<xmin>1156</xmin>
			<ymin>1681</ymin>
			<xmax>1515</xmax>
			<ymax>1931</ymax>
		</bndbox>
	</object>
	<object>
		<name>ref_fork</name>
		<bndbox>
			<xmin>1152</xmin>
			<ymin>1466</ymin>
			<xmax>1526</xmax>
			<ymax>1652</ymax>
		</bndbox>
	</object>
	<object>
		<name>ref_coin</name>
		<bndbox>
			<xmin>1054</xmin>
			<ymin>1111</ymin>
			<xmax>1228</xmax>
			<ymax>1281</ymax>
		</bndbox>
	</object>
	<object>
		<name>dish</name>
		<bndbox>
			<xmin>1228</xmin>
			<ymin>185</ymin>
			<xmax>2390</xmax>
			<ymax>1307</ymax>
		</bndbox>
	</object>
	<object>
		<name>감자튀김(웨지감자)</name>
		<bndbox>
			<xmin>1450</xmin>
			<ymin>574</ymin>
			<xmax>2001</xmax>
			<ymax>1096</ymax>
		</bndbox>
	</object>
</annotation>