<annotation>
	<folder>top기타튀김배달종이박스감자튀김(웨지감자)q1</folder>
	<filename>top_기타튀김_배달종이박스_감자튀김(웨지감자)_Q1_00013.JPG</filename>
	<path>/top기타튀김배달종이박스감자튀김(웨지감자)q1/top_기타튀김_배달종이박스_감자튀김(웨지감자)_Q1_00013.JPG</path>
	<source>
		<database>fooddata</database>
	</source>
	<size>
		<width>3008</width>
		<height>2000</height>
		<depth>3</depth>
	</size>
	<object>
		<name>ref_spoon</name>
		<bndbox>
			<xmin>1885</xmin>
			<ymin>294</ymin>
			<xmax>2161</xmax>
			<ymax>719</ymax>
		</bndbox>
	</object>
	<object>
		<name>ref_fork</name>
		<bndbox>
			<xmin>2223</xmin>
			<ymin>417</ymin>
			<xmax>2404</xmax>
			<ymax>882</ymax>
		</bndbox>
	</object>
	<object>
		<name>ref_coin</name>
		<bndbox>
			<xmin>2568</xmin>
			<ymin>566</ymin>
			<xmax>2764</xmax>
			<ymax>755</ymax>
		</bndbox>
	</object>
	<object>
		<name>dish</name>
		<bndbox>
			<xmin>444</xmin>
			<ymin>414</ymin>
			<xmax>1700</xmax>
			<ymax>1579</ymax>
		</bndbox>
	</object>
	<object>
		<name>감자튀김(웨지감자)</name>
		<bndbox>
			<xmin>749</xmin>
			<ymin>722</ymin>
			<xmax>1246</xmax>
			<ymax>1390</ymax>
		</bndbox>
	</object>
</annotation>