<annotation>
	<folder>top기타튀김배달종이박스감자튀김(웨지감자)q1</folder>
	<filename>top_기타튀김_배달종이박스_감자튀김(웨지감자)_Q1_00010.JPG</filename>
	<path>/top기타튀김배달종이박스감자튀김(웨지감자)q1/top_기타튀김_배달종이박스_감자튀김(웨지감자)_Q1_00010.JPG</path>
	<source>
		<database>fooddata</database>
	</source>
	<size>
		<width>3008</width>
		<height>2000</height>
		<depth>3</depth>
	</size>
	<object>
		<name>ref_spoon</name>
		<bndbox>
			<xmin>2030</xmin>
			<ymin>494</ymin>
			<xmax>2299</xmax>
			<ymax>897</ymax>
		</bndbox>
	</object>
	<object>
		<name>ref_fork</name>
		<bndbox>
			<xmin>2357</xmin>
			<ymin>606</ymin>
			<xmax>2535</xmax>
			<ymax>1064</ymax>
		</bndbox>
	</object>
	<object>
		<name>ref_coin</name>
		<bndbox>
			<xmin>1450</xmin>
			<ymin>87</ymin>
			<xmax>1635</xmax>
			<ymax>272</ymax>
		</bndbox>
	</object>
	<object>
		<name>dish</name>
		<bndbox>
			<xmin>600</xmin>
			<ymin>475</ymin>
			<xmax>2016</xmax>
			<ymax>1862</ymax>
		</bndbox>
	</object>
	<object>
		<name>감자튀김(웨지감자)</name>
		<bndbox>
			<xmin>1097</xmin>
			<ymin>958</ymin>
			<xmax>1689</xmax>
			<ymax>1503</ymax>
		</bndbox>
	</object>
</annotation>