<annotation>
	<folder>top기타튀김배달종이박스감자튀김(웨지감자)q1</folder>
	<filename>top_기타튀김_배달종이박스_감자튀김(웨지감자)_Q1_00053.JPG</filename>
	<path>/top기타튀김배달종이박스감자튀김(웨지감자)q1/top_기타튀김_배달종이박스_감자튀김(웨지감자)_Q1_00053.JPG</path>
	<source>
		<database>fooddata</database>
	</source>
	<size>
		<width>3008</width>
		<height>2000</height>
		<depth>3</depth>
	</size>
	<object>
		<name>ref_spoon</name>
		<bndbox>
			<xmin>771</xmin>
			<ymin>113</ymin>
			<xmax>1039</xmax>
			<ymax>526</ymax>
		</bndbox>
	</object>
	<object>
		<name>ref_fork</name>
		<bndbox>
			<xmin>459</xmin>
			<ymin>163</ymin>
			<xmax>651</xmax>
			<ymax>632</ymax>
		</bndbox>
	</object>
	<object>
		<name>ref_coin</name>
		<bndbox>
			<xmin>1439</xmin>
			<ymin>1626</ymin>
			<xmax>1649</xmax>
			<ymax>1833</ymax>
		</bndbox>
	</object>
	<object>
		<name>dish</name>
		<bndbox>
			<xmin>1039</xmin>
			<ymin>138</ymin>
			<xmax>2415</xmax>
			<ymax>1492</ymax>
		</bndbox>
	</object>
	<object>
		<name>감자튀김(웨지감자)</name>
		<bndbox>
			<xmin>1388</xmin>
			<ymin>584</ymin>
			<xmax>2255</xmax>
			<ymax>1027</ymax>
		</bndbox>
	</object>
</annotation>