<annotation>
	<folder>top기타튀김배달종이박스감자튀김(웨지감자)q1</folder>
	<filename>top_기타튀김_배달종이박스_감자튀김(웨지감자)_Q1_00003.JPG</filename>
	<path>/top기타튀김배달종이박스감자튀김(웨지감자)q1/top_기타튀김_배달종이박스_감자튀김(웨지감자)_Q1_00003.JPG</path>
	<source>
		<database>fooddata</database>
	</source>
	<size>
		<width>3008</width>
		<height>2000</height>
		<depth>3</depth>
	</size>
	<object>
		<name>ref_spoon</name>
		<bndbox>
			<xmin>2052</xmin>
			<ymin>138</ymin>
			<xmax>2332</xmax>
			<ymax>588</ymax>
		</bndbox>
	</object>
	<object>
		<name>ref_fork</name>
		<bndbox>
			<xmin>2386</xmin>
			<ymin>261</ymin>
			<xmax>2582</xmax>
			<ymax>751</ymax>
		</bndbox>
	</object>
	<object>
		<name>ref_coin</name>
		<bndbox>
			<xmin>1108</xmin>
			<ymin>1644</ymin>
			<xmax>1323</xmax>
			<ymax>1869</ymax>
		</bndbox>
	</object>
	<object>
		<name>dish</name>
		<bndbox>
			<xmin>586</xmin>
			<ymin>138</ymin>
			<xmax>1932</xmax>
			<ymax>1390</ymax>
		</bndbox>
	</object>
	<object>
		<name>감자튀김(웨지감자)</name>
		<bndbox>
			<xmin>938</xmin>
			<ymin>505</ymin>
			<xmax>1450</xmax>
			<ymax>1176</ymax>
		</bndbox>
	</object>
</annotation>