<annotation>
	<folder>top기타튀김배달종이박스감자튀김(웨지감자)q1</folder>
	<filename>top_기타튀김_배달종이박스_감자튀김(웨지감자)_Q1_00026.JPG</filename>
	<path>/top기타튀김배달종이박스감자튀김(웨지감자)q1/top_기타튀김_배달종이박스_감자튀김(웨지감자)_Q1_00026.JPG</path>
	<source>
		<database>fooddata</database>
	</source>
	<size>
		<width>3008</width>
		<height>2000</height>
		<depth>3</depth>
	</size>
	<object>
		<name>ref_spoon</name>
		<bndbox>
			<xmin>1137</xmin>
			<ymin>1648</ymin>
			<xmax>1489</xmax>
			<ymax>1887</ymax>
		</bndbox>
	</object>
	<object>
		<name>ref_fork</name>
		<bndbox>
			<xmin>1148</xmin>
			<ymin>1430</ymin>
			<xmax>1526</xmax>
			<ymax>1612</ymax>
		</bndbox>
	</object>
	<object>
		<name>ref_coin</name>
		<bndbox>
			<xmin>782</xmin>
			<ymin>211</ymin>
			<xmax>945</xmax>
			<ymax>374</ymax>
		</bndbox>
	</object>
	<object>
		<name>dish</name>
		<bndbox>
			<xmin>985</xmin>
			<ymin>105</ymin>
			<xmax>2157</xmax>
			<ymax>1241</ymax>
		</bndbox>
	</object>
	<object>
		<name>감자튀김(웨지감자)</name>
		<bndbox>
			<xmin>1366</xmin>
			<ymin>479</ymin>
			<xmax>1925</xmax>
			<ymax>1034</ymax>
		</bndbox>
	</object>
</annotation>