<annotation>
	<folder>top기타튀김배달종이박스감자튀김(웨지감자)q1</folder>
	<filename>top_기타튀김_배달종이박스_감자튀김(웨지감자)_Q1_00015.JPG</filename>
	<path>/top기타튀김배달종이박스감자튀김(웨지감자)q1/top_기타튀김_배달종이박스_감자튀김(웨지감자)_Q1_00015.JPG</path>
	<source>
		<database>fooddata</database>
	</source>
	<size>
		<width>3008</width>
		<height>2000</height>
		<depth>3</depth>
	</size>
	<object>
		<name>ref_spoon</name>
		<bndbox>
			<xmin>1958</xmin>
			<ymin>272</ymin>
			<xmax>2230</xmax>
			<ymax>701</ymax>
		</bndbox>
	</object>
	<object>
		<name>ref_fork</name>
		<bndbox>
			<xmin>2292</xmin>
			<ymin>399</ymin>
			<xmax>2480</xmax>
			<ymax>853</ymax>
		</bndbox>
	</object>
	<object>
		<name>ref_coin</name>
		<bndbox>
			<xmin>2629</xmin>
			<ymin>1187</ymin>
			<xmax>2836</xmax>
			<ymax>1390</ymax>
		</bndbox>
	</object>
	<object>
		<name>dish</name>
		<bndbox>
			<xmin>531</xmin>
			<ymin>519</ymin>
			<xmax>1664</xmax>
			<ymax>1724</ymax>
		</bndbox>
	</object>
	<object>
		<name>감자튀김(웨지감자)</name>
		<bndbox>
			<xmin>796</xmin>
			<ymin>871</ymin>
			<xmax>1453</xmax>
			<ymax>1292</ymax>
		</bndbox>
	</object>
</annotation>