<annotation>
	<folder>side국류대접소고기무국q4</folder>
	<filename>side_국류_대접_소고기무국_Q4_00012.JPG</filename>
	<path>/side국류대접소고기무국q4/side_국류_대접_소고기무국_Q4_00012.JPG</path>
	<source>
		<database>fooddata</database>
	</source>
	<size>
		<width>5472</width>
		<height>3648</height>
		<depth>3</depth>
	</size>
	<object>
		<name>ref_spoon</name>
		<bndbox>
			<xmin>3786</xmin>
			<ymin>1166</ymin>
			<xmax>4296</xmax>
			<ymax>1956</ymax>
		</bndbox>
	</object>
	<object>
		<name>ref_fork</name>
		<bndbox>
			<xmin>4479</xmin>
			<ymin>1139</ymin>
			<xmax>4876</xmax>
			<ymax>2063</ymax>
		</bndbox>
	</object>
	<object>
		<name>ref_coin</name>
		<bndbox>
			<xmin>2706</xmin>
			<ymin>720</ymin>
			<xmax>3098</xmax>
			<ymax>984</ymax>
		</bndbox>
	</object>
	<object>
		<name>dish</name>
		<bndbox>
			<xmin>967</xmin>
			<ymin>903</ymin>
			<xmax>3437</xmax>
			<ymax>2944</ymax>
		</bndbox>
	</object>
	<object>
		<name>소고기무국</name>
		<bndbox>
			<xmin>1122</xmin>
			<ymin>1231</ymin>
			<xmax>3297</xmax>
			<ymax>2589</ymax>
		</bndbox>
	</object>
</annotation>