<annotation>
	<folder>side국류대접소고기무국q4</folder>
	<filename>side_국류_대접_소고기무국_Q4_00030.JPG</filename>
	<path>/side국류대접소고기무국q4/side_국류_대접_소고기무국_Q4_00030.JPG</path>
	<source>
		<database>fooddata</database>
	</source>
	<size>
		<width>5472</width>
		<height>3648</height>
		<depth>3</depth>
	</size>
	<object>
		<name>ref_spoon</name>
		<bndbox>
			<xmin>1224</xmin>
			<ymin>2868</ymin>
			<xmax>2271</xmax>
			<ymax>3395</ymax>
		</bndbox>
	</object>
	<object>
		<name>ref_fork</name>
		<bndbox>
			<xmin>1434</xmin>
			<ymin>2374</ymin>
			<xmax>2610</xmax>
			<ymax>2809</ymax>
		</bndbox>
	</object>
	<object>
		<name>ref_coin</name>
		<bndbox>
			<xmin>1257</xmin>
			<ymin>468</ymin>
			<xmax>1627</xmax>
			<ymax>720</ymax>
		</bndbox>
	</object>
	<object>
		<name>dish</name>
		<bndbox>
			<xmin>2105</xmin>
			<ymin>253</ymin>
			<xmax>4393</xmax>
			<ymax>2138</ymax>
		</bndbox>
	</object>
	<object>
		<name>소고기무국</name>
		<bndbox>
			<xmin>2250</xmin>
			<ymin>608</ymin>
			<xmax>4232</xmax>
			<ymax>1805</ymax>
		</bndbox>
	</object>
</annotation>