<annotation>
	<folder>side국류대접소고기무국q4</folder>
	<filename>side_국류_대접_소고기무국_Q4_00044.JPG</filename>
	<path>/side국류대접소고기무국q4/side_국류_대접_소고기무국_Q4_00044.JPG</path>
	<source>
		<database>fooddata</database>
	</source>
	<size>
		<width>5472</width>
		<height>3648</height>
		<depth>3</depth>
	</size>
	<object>
		<name>ref_spoon</name>
		<bndbox>
			<xmin>279</xmin>
			<ymin>1424</ymin>
			<xmax>859</xmax>
			<ymax>2289</ymax>
		</bndbox>
	</object>
	<object>
		<name>ref_fork</name>
		<bndbox>
			<xmin>1042</xmin>
			<ymin>1483</ymin>
			<xmax>1434</xmax>
			<ymax>2466</ymax>
		</bndbox>
	</object>
	<object>
		<name>ref_coin</name>
		<bndbox>
			<xmin>4801</xmin>
			<ymin>1687</ymin>
			<xmax>5225</xmax>
			<ymax>1988</ymax>
		</bndbox>
	</object>
	<object>
		<name>dish</name>
		<bndbox>
			<xmin>1632</xmin>
			<ymin>1021</ymin>
			<xmax>4242</xmax>
			<ymax>3207</ymax>
		</bndbox>
	</object>
	<object>
		<name>소고기무국</name>
		<bndbox>
			<xmin>1847</xmin>
			<ymin>1435</ymin>
			<xmax>4027</xmax>
			<ymax>2820</ymax>
		</bndbox>
	</object>
</annotation>