<annotation>
	<folder>side국류대접소고기무국q4</folder>
	<filename>side_국류_대접_소고기무국_Q4_00039.JPG</filename>
	<path>/side국류대접소고기무국q4/side_국류_대접_소고기무국_Q4_00039.JPG</path>
	<source>
		<database>fooddata</database>
	</source>
	<size>
		<width>5472</width>
		<height>3648</height>
		<depth>3</depth>
	</size>
	<object>
		<name>ref_spoon</name>
		<bndbox>
			<xmin>424</xmin>
			<ymin>1397</ymin>
			<xmax>1010</xmax>
			<ymax>2289</ymax>
		</bndbox>
	</object>
	<object>
		<name>ref_fork</name>
		<bndbox>
			<xmin>1171</xmin>
			<ymin>1456</ymin>
			<xmax>1563</xmax>
			<ymax>2407</ymax>
		</bndbox>
	</object>
	<object>
		<name>ref_coin</name>
		<bndbox>
			<xmin>2857</xmin>
			<ymin>602</ymin>
			<xmax>3243</xmax>
			<ymax>876</ymax>
		</bndbox>
	</object>
	<object>
		<name>dish</name>
		<bndbox>
			<xmin>1772</xmin>
			<ymin>994</ymin>
			<xmax>4382</xmax>
			<ymax>3158</ymax>
		</bndbox>
	</object>
	<object>
		<name>소고기무국</name>
		<bndbox>
			<xmin>1965</xmin>
			<ymin>1386</ymin>
			<xmax>4172</xmax>
			<ymax>2793</ymax>
		</bndbox>
	</object>
</annotation>