<annotation>
	<folder>side국류대접소고기무국q4</folder>
	<filename>side_국류_대접_소고기무국_Q4_00043.JPG</filename>
	<path>/side국류대접소고기무국q4/side_국류_대접_소고기무국_Q4_00043.JPG</path>
	<source>
		<database>fooddata</database>
	</source>
	<size>
		<width>5472</width>
		<height>3648</height>
		<depth>3</depth>
	</size>
	<object>
		<name>ref_spoon</name>
		<bndbox>
			<xmin>311</xmin>
			<ymin>1526</ymin>
			<xmax>886</xmax>
			<ymax>2380</ymax>
		</bndbox>
	</object>
	<object>
		<name>ref_fork</name>
		<bndbox>
			<xmin>1063</xmin>
			<ymin>1580</ymin>
			<xmax>1461</xmax>
			<ymax>2546</ymax>
		</bndbox>
	</object>
	<object>
		<name>ref_coin</name>
		<bndbox>
			<xmin>4618</xmin>
			<ymin>1392</ymin>
			<xmax>5037</xmax>
			<ymax>1687</ymax>
		</bndbox>
	</object>
	<object>
		<name>dish</name>
		<bndbox>
			<xmin>1665</xmin>
			<ymin>1118</ymin>
			<xmax>4285</xmax>
			<ymax>3287</ymax>
		</bndbox>
	</object>
	<object>
		<name>소고기무국</name>
		<bndbox>
			<xmin>1858</xmin>
			<ymin>1537</ymin>
			<xmax>4060</xmax>
			<ymax>2917</ymax>
		</bndbox>
	</object>
</annotation>