<annotation>
	<folder>side국류대접소고기무국q4</folder>
	<filename>side_국류_대접_소고기무국_Q4_00040.JPG</filename>
	<path>/side국류대접소고기무국q4/side_국류_대접_소고기무국_Q4_00040.JPG</path>
	<source>
		<database>fooddata</database>
	</source>
	<size>
		<width>5472</width>
		<height>3648</height>
		<depth>3</depth>
	</size>
	<object>
		<name>ref_spoon</name>
		<bndbox>
			<xmin>494</xmin>
			<ymin>1349</ymin>
			<xmax>1063</xmax>
			<ymax>2229</ymax>
		</bndbox>
	</object>
	<object>
		<name>ref_fork</name>
		<bndbox>
			<xmin>1251</xmin>
			<ymin>1408</ymin>
			<xmax>1627</xmax>
			<ymax>2385</ymax>
		</bndbox>
	</object>
	<object>
		<name>ref_coin</name>
		<bndbox>
			<xmin>2465</xmin>
			<ymin>543</ymin>
			<xmax>2851</xmax>
			<ymax>806</ymax>
		</bndbox>
	</object>
	<object>
		<name>dish</name>
		<bndbox>
			<xmin>1837</xmin>
			<ymin>941</ymin>
			<xmax>4446</xmax>
			<ymax>3110</ymax>
		</bndbox>
	</object>
	<object>
		<name>소고기무국</name>
		<bndbox>
			<xmin>2030</xmin>
			<ymin>1317</ymin>
			<xmax>4242</xmax>
			<ymax>2750</ymax>
		</bndbox>
	</object>
</annotation>