<annotation>
	<folder>side국류대접소고기무국q4</folder>
	<filename>side_국류_대접_소고기무국_Q4_00017.JPG</filename>
	<path>/side국류대접소고기무국q4/side_국류_대접_소고기무국_Q4_00017.JPG</path>
	<source>
		<database>fooddata</database>
	</source>
	<size>
		<width>5472</width>
		<height>3648</height>
		<depth>3</depth>
	</size>
	<object>
		<name>ref_spoon</name>
		<bndbox>
			<xmin>1095</xmin>
			<ymin>2879</ymin>
			<xmax>2148</xmax>
			<ymax>3432</ymax>
		</bndbox>
	</object>
	<object>
		<name>ref_fork</name>
		<bndbox>
			<xmin>1321</xmin>
			<ymin>2337</ymin>
			<xmax>2551</xmax>
			<ymax>2825</ymax>
		</bndbox>
	</object>
	<object>
		<name>ref_coin</name>
		<bndbox>
			<xmin>3791</xmin>
			<ymin>1268</ymin>
			<xmax>4189</xmax>
			<ymax>1569</ymax>
		</bndbox>
	</object>
	<object>
		<name>dish</name>
		<bndbox>
			<xmin>1310</xmin>
			<ymin>259</ymin>
			<xmax>3727</xmax>
			<ymax>2240</ymax>
		</bndbox>
	</object>
	<object>
		<name>소고기무국</name>
		<bndbox>
			<xmin>1439</xmin>
			<ymin>608</ymin>
			<xmax>3560</xmax>
			<ymax>1880</ymax>
		</bndbox>
	</object>
</annotation>