<annotation>
	<folder>side국류대접소고기무국q4</folder>
	<filename>side_국류_대접_소고기무국_Q4_00041.JPG</filename>
	<path>/side국류대접소고기무국q4/side_국류_대접_소고기무국_Q4_00041.JPG</path>
	<source>
		<database>fooddata</database>
	</source>
	<size>
		<width>5472</width>
		<height>3648</height>
		<depth>3</depth>
	</size>
	<object>
		<name>ref_spoon</name>
		<bndbox>
			<xmin>408</xmin>
			<ymin>1386</ymin>
			<xmax>993</xmax>
			<ymax>2267</ymax>
		</bndbox>
	</object>
	<object>
		<name>ref_fork</name>
		<bndbox>
			<xmin>1165</xmin>
			<ymin>1456</ymin>
			<xmax>1557</xmax>
			<ymax>2471</ymax>
		</bndbox>
	</object>
	<object>
		<name>ref_coin</name>
		<bndbox>
			<xmin>2019</xmin>
			<ymin>710</ymin>
			<xmax>2411</xmax>
			<ymax>989</ymax>
		</bndbox>
	</object>
	<object>
		<name>dish</name>
		<bndbox>
			<xmin>1745</xmin>
			<ymin>994</ymin>
			<xmax>4377</xmax>
			<ymax>3158</ymax>
		</bndbox>
	</object>
	<object>
		<name>소고기무국</name>
		<bndbox>
			<xmin>1955</xmin>
			<ymin>1349</ymin>
			<xmax>4167</xmax>
			<ymax>2783</ymax>
		</bndbox>
	</object>
</annotation>