<annotation>
	<folder>side국류대접소고기무국q4</folder>
	<filename>side_국류_대접_소고기무국_Q4_00003.JPG</filename>
	<path>/side국류대접소고기무국q4/side_국류_대접_소고기무국_Q4_00003.JPG</path>
	<source>
		<database>fooddata</database>
	</source>
	<size>
		<width>5472</width>
		<height>3648</height>
		<depth>3</depth>
	</size>
	<object>
		<name>ref_spoon</name>
		<bndbox>
			<xmin>3426</xmin>
			<ymin>495</ymin>
			<xmax>3942</xmax>
			<ymax>1274</ymax>
		</bndbox>
	</object>
	<object>
		<name>ref_fork</name>
		<bndbox>
			<xmin>4124</xmin>
			<ymin>430</ymin>
			<xmax>4505</xmax>
			<ymax>1317</ymax>
		</bndbox>
	</object>
	<object>
		<name>ref_coin</name>
		<bndbox>
			<xmin>1837</xmin>
			<ymin>2911</ymin>
			<xmax>2266</xmax>
			<ymax>3266</ymax>
		</bndbox>
	</object>
	<object>
		<name>dish</name>
		<bndbox>
			<xmin>870</xmin>
			<ymin>302</ymin>
			<xmax>3351</xmax>
			<ymax>2342</ymax>
		</bndbox>
	</object>
	<object>
		<name>소고기무국</name>
		<bndbox>
			<xmin>1069</xmin>
			<ymin>678</ymin>
			<xmax>3179</xmax>
			<ymax>1993</ymax>
		</bndbox>
	</object>
</annotation>