<annotation>
	<folder>side국류대접소고기무국q4</folder>
	<filename>side_국류_대접_소고기무국_Q4_00032.JPG</filename>
	<path>/side국류대접소고기무국q4/side_국류_대접_소고기무국_Q4_00032.JPG</path>
	<source>
		<database>fooddata</database>
	</source>
	<size>
		<width>5472</width>
		<height>3648</height>
		<depth>3</depth>
	</size>
	<object>
		<name>ref_spoon</name>
		<bndbox>
			<xmin>763</xmin>
			<ymin>667</ymin>
			<xmax>1332</xmax>
			<ymax>1526</ymax>
		</bndbox>
	</object>
	<object>
		<name>ref_fork</name>
		<bndbox>
			<xmin>1509</xmin>
			<ymin>753</ymin>
			<xmax>1879</xmax>
			<ymax>1687</ymax>
		</bndbox>
	</object>
	<object>
		<name>ref_coin</name>
		<bndbox>
			<xmin>3657</xmin>
			<ymin>2815</ymin>
			<xmax>4103</xmax>
			<ymax>3191</ymax>
		</bndbox>
	</object>
	<object>
		<name>dish</name>
		<bndbox>
			<xmin>2105</xmin>
			<ymin>302</ymin>
			<xmax>4667</xmax>
			<ymax>2439</ymax>
		</bndbox>
	</object>
	<object>
		<name>소고기무국</name>
		<bndbox>
			<xmin>2266</xmin>
			<ymin>704</ymin>
			<xmax>4436</xmax>
			<ymax>2084</ymax>
		</bndbox>
	</object>
</annotation>