<annotation>
	<folder>top국류대접소고기무국q4</folder>
	<filename>top_국류_대접_소고기무국_Q4_00004.JPG</filename>
	<path>/top국류대접소고기무국q4/top_국류_대접_소고기무국_Q4_00004.JPG</path>
	<source>
		<database>fooddata</database>
	</source>
	<size>
		<width>5472</width>
		<height>3648</height>
		<depth>3</depth>
	</size>
	<object>
		<name>ref_spoon</name>
		<bndbox>
			<xmin>3750</xmin>
			<ymin>448</ymin>
			<xmax>4303</xmax>
			<ymax>1410</ymax>
		</bndbox>
	</object>
	<object>
		<name>ref_fork</name>
		<bndbox>
			<xmin>4465</xmin>
			<ymin>505</ymin>
			<xmax>4822</xmax>
			<ymax>1529</ymax>
		</bndbox>
	</object>
	<object>
		<name>ref_coin</name>
		<bndbox>
			<xmin>1298</xmin>
			<ymin>2805</ymin>
			<xmax>1707</xmax>
			<ymax>3219</ymax>
		</bndbox>
	</object>
	<object>
		<name>dish</name>
		<bndbox>
			<xmin>1064</xmin>
			<ymin>305</ymin>
			<xmax>3688</xmax>
			<ymax>2891</ymax>
		</bndbox>
	</object>
	<object>
		<name>소고기무국</name>
		<bndbox>
			<xmin>1322</xmin>
			<ymin>619</ymin>
			<xmax>3479</xmax>
			<ymax>2724</ymax>
		</bndbox>
	</object>
</annotation>