<annotation>
	<folder>top국류대접소고기무국q4</folder>
	<filename>top_국류_대접_소고기무국_Q4_00022.JPG</filename>
	<path>/top국류대접소고기무국q4/top_국류_대접_소고기무국_Q4_00022.JPG</path>
	<source>
		<database>fooddata</database>
	</source>
	<size>
		<width>5472</width>
		<height>3648</height>
		<depth>3</depth>
	</size>
	<object>
		<name>ref_spoon</name>
		<bndbox>
			<xmin>1993</xmin>
			<ymin>3010</ymin>
			<xmax>2803</xmax>
			<ymax>3534</ymax>
		</bndbox>
	</object>
	<object>
		<name>ref_fork</name>
		<bndbox>
			<xmin>2122</xmin>
			<ymin>2519</ymin>
			<xmax>2922</xmax>
			<ymax>2853</ymax>
		</bndbox>
	</object>
	<object>
		<name>ref_coin</name>
		<bndbox>
			<xmin>4041</xmin>
			<ymin>333</ymin>
			<xmax>4374</xmax>
			<ymax>657</ymax>
		</bndbox>
	</object>
	<object>
		<name>dish</name>
		<bndbox>
			<xmin>1917</xmin>
			<ymin>252</ymin>
			<xmax>4146</xmax>
			<ymax>2419</ymax>
		</bndbox>
	</object>
	<object>
		<name>소고기무국</name>
		<bndbox>
			<xmin>2122</xmin>
			<ymin>524</ymin>
			<xmax>3927</xmax>
			<ymax>2286</ymax>
		</bndbox>
	</object>
</annotation>