<annotation>
	<folder>top국류대접소고기무국q4</folder>
	<filename>top_국류_대접_소고기무국_Q4_00026.JPG</filename>
	<path>/top국류대접소고기무국q4/top_국류_대접_소고기무국_Q4_00026.JPG</path>
	<source>
		<database>fooddata</database>
	</source>
	<size>
		<width>5472</width>
		<height>3648</height>
		<depth>3</depth>
	</size>
	<object>
		<name>ref_spoon</name>
		<bndbox>
			<xmin>1988</xmin>
			<ymin>2915</ymin>
			<xmax>2660</xmax>
			<ymax>3372</ymax>
		</bndbox>
	</object>
	<object>
		<name>ref_fork</name>
		<bndbox>
			<xmin>2117</xmin>
			<ymin>2495</ymin>
			<xmax>2831</xmax>
			<ymax>2791</ymax>
		</bndbox>
	</object>
	<object>
		<name>ref_coin</name>
		<bndbox>
			<xmin>2512</xmin>
			<ymin>195</ymin>
			<xmax>2812</xmax>
			<ymax>452</ymax>
		</bndbox>
	</object>
	<object>
		<name>dish</name>
		<bndbox>
			<xmin>2098</xmin>
			<ymin>571</ymin>
			<xmax>4022</xmax>
			<ymax>2424</ymax>
		</bndbox>
	</object>
	<object>
		<name>소고기무국</name>
		<bndbox>
			<xmin>2265</xmin>
			<ymin>833</ymin>
			<xmax>3817</xmax>
			<ymax>2324</ymax>
		</bndbox>
	</object>
</annotation>