<annotation>
	<folder>top국류대접소고기무국q4</folder>
	<filename>top_국류_대접_소고기무국_Q4_00005.JPG</filename>
	<path>/top국류대접소고기무국q4/top_국류_대접_소고기무국_Q4_00005.JPG</path>
	<source>
		<database>fooddata</database>
	</source>
	<size>
		<width>5472</width>
		<height>3648</height>
		<depth>3</depth>
	</size>
	<object>
		<name>ref_spoon</name>
		<bndbox>
			<xmin>3541</xmin>
			<ymin>295</ymin>
			<xmax>4055</xmax>
			<ymax>1148</ymax>
		</bndbox>
	</object>
	<object>
		<name>ref_fork</name>
		<bndbox>
			<xmin>4212</xmin>
			<ymin>310</ymin>
			<xmax>4546</xmax>
			<ymax>1248</ymax>
		</bndbox>
	</object>
	<object>
		<name>ref_coin</name>
		<bndbox>
			<xmin>1341</xmin>
			<ymin>2653</ymin>
			<xmax>1726</xmax>
			<ymax>3053</ymax>
		</bndbox>
	</object>
	<object>
		<name>dish</name>
		<bndbox>
			<xmin>1041</xmin>
			<ymin>210</ymin>
			<xmax>3565</xmax>
			<ymax>2705</ymax>
		</bndbox>
	</object>
	<object>
		<name>소고기무국</name>
		<bndbox>
			<xmin>1288</xmin>
			<ymin>533</ymin>
			<xmax>3346</xmax>
			<ymax>2548</ymax>
		</bndbox>
	</object>
</annotation>