<annotation>
	<folder>top국류대접소고기무국q4</folder>
	<filename>top_국류_대접_소고기무국_Q4_00037.JPG</filename>
	<path>/top국류대접소고기무국q4/top_국류_대접_소고기무국_Q4_00037.JPG</path>
	<source>
		<database>fooddata</database>
	</source>
	<size>
		<width>5472</width>
		<height>3648</height>
		<depth>3</depth>
	</size>
	<object>
		<name>ref_spoon</name>
		<bndbox>
			<xmin>931</xmin>
			<ymin>400</ymin>
			<xmax>1441</xmax>
			<ymax>1191</ymax>
		</bndbox>
	</object>
	<object>
		<name>ref_fork</name>
		<bndbox>
			<xmin>1660</xmin>
			<ymin>429</ymin>
			<xmax>2003</xmax>
			<ymax>1286</ymax>
		</bndbox>
	</object>
	<object>
		<name>ref_coin</name>
		<bndbox>
			<xmin>3727</xmin>
			<ymin>2829</ymin>
			<xmax>4098</xmax>
			<ymax>3210</ymax>
		</bndbox>
	</object>
	<object>
		<name>dish</name>
		<bndbox>
			<xmin>2003</xmin>
			<ymin>581</ymin>
			<xmax>4408</xmax>
			<ymax>2905</ymax>
		</bndbox>
	</object>
	<object>
		<name>소고기무국</name>
		<bndbox>
			<xmin>2217</xmin>
			<ymin>852</ymin>
			<xmax>4150</xmax>
			<ymax>2743</ymax>
		</bndbox>
	</object>
</annotation>