<annotation>
	<folder>top국류대접소고기무국q4</folder>
	<filename>top_국류_대접_소고기무국_Q4_00017.JPG</filename>
	<path>/top국류대접소고기무국q4/top_국류_대접_소고기무국_Q4_00017.JPG</path>
	<source>
		<database>fooddata</database>
	</source>
	<size>
		<width>5472</width>
		<height>3648</height>
		<depth>3</depth>
	</size>
	<object>
		<name>ref_spoon</name>
		<bndbox>
			<xmin>3898</xmin>
			<ymin>229</ymin>
			<xmax>4408</xmax>
			<ymax>1105</ymax>
		</bndbox>
	</object>
	<object>
		<name>ref_fork</name>
		<bndbox>
			<xmin>4612</xmin>
			<ymin>295</ymin>
			<xmax>4946</xmax>
			<ymax>1253</ymax>
		</bndbox>
	</object>
	<object>
		<name>ref_coin</name>
		<bndbox>
			<xmin>1950</xmin>
			<ymin>3038</ymin>
			<xmax>2345</xmax>
			<ymax>3462</ymax>
		</bndbox>
	</object>
	<object>
		<name>dish</name>
		<bndbox>
			<xmin>1188</xmin>
			<ymin>252</ymin>
			<xmax>3736</xmax>
			<ymax>2762</ymax>
		</bndbox>
	</object>
	<object>
		<name>소고기무국</name>
		<bndbox>
			<xmin>1445</xmin>
			<ymin>567</ymin>
			<xmax>3522</xmax>
			<ymax>2600</ymax>
		</bndbox>
	</object>
</annotation>