<annotation>
	<folder>top국류대접소고기무국q4</folder>
	<filename>top_국류_대접_소고기무국_Q4_00049.JPG</filename>
	<path>/top국류대접소고기무국q4/top_국류_대접_소고기무국_Q4_00049.JPG</path>
	<source>
		<database>fooddata</database>
	</source>
	<size>
		<width>5472</width>
		<height>3648</height>
		<depth>3</depth>
	</size>
	<object>
		<name>ref_spoon</name>
		<bndbox>
			<xmin>1226</xmin>
			<ymin>371</ymin>
			<xmax>1750</xmax>
			<ymax>1181</ymax>
		</bndbox>
	</object>
	<object>
		<name>ref_fork</name>
		<bndbox>
			<xmin>1984</xmin>
			<ymin>367</ymin>
			<xmax>2317</xmax>
			<ymax>1267</ymax>
		</bndbox>
	</object>
	<object>
		<name>ref_coin</name>
		<bndbox>
			<xmin>3255</xmin>
			<ymin>2996</ymin>
			<xmax>3631</xmax>
			<ymax>3391</ymax>
		</bndbox>
	</object>
	<object>
		<name>dish</name>
		<bndbox>
			<xmin>2426</xmin>
			<ymin>476</ymin>
			<xmax>4879</xmax>
			<ymax>2862</ymax>
		</bndbox>
	</object>
	<object>
		<name>소고기무국</name>
		<bndbox>
			<xmin>2646</xmin>
			<ymin>748</ymin>
			<xmax>4579</xmax>
			<ymax>2691</ymax>
		</bndbox>
	</object>
</annotation>