<annotation>
	<folder>top국류대접소고기무국q4</folder>
	<filename>top_국류_대접_소고기무국_Q4_00054.JPG</filename>
	<path>/top국류대접소고기무국q4/top_국류_대접_소고기무국_Q4_00054.JPG</path>
	<source>
		<database>fooddata</database>
	</source>
	<size>
		<width>5472</width>
		<height>3648</height>
		<depth>3</depth>
	</size>
	<object>
		<name>ref_spoon</name>
		<bndbox>
			<xmin>822</xmin>
			<ymin>552</ymin>
			<xmax>1374</xmax>
			<ymax>1453</ymax>
		</bndbox>
	</object>
	<object>
		<name>ref_fork</name>
		<bndbox>
			<xmin>1612</xmin>
			<ymin>586</ymin>
			<xmax>1974</xmax>
			<ymax>1505</ymax>
		</bndbox>
	</object>
	<object>
		<name>ref_coin</name>
		<bndbox>
			<xmin>4770</xmin>
			<ymin>1381</ymin>
			<xmax>5165</xmax>
			<ymax>1757</ymax>
		</bndbox>
	</object>
	<object>
		<name>dish</name>
		<bndbox>
			<xmin>2012</xmin>
			<ymin>800</ymin>
			<xmax>4636</xmax>
			<ymax>3357</ymax>
		</bndbox>
	</object>
	<object>
		<name>소고기무국</name>
		<bndbox>
			<xmin>2226</xmin>
			<ymin>1105</ymin>
			<xmax>4360</xmax>
			<ymax>3162</ymax>
		</bndbox>
	</object>
</annotation>