<annotation>
	<folder>top국류대접소고기무국q4</folder>
	<filename>top_국류_대접_소고기무국_Q4_00020.JPG</filename>
	<path>/top국류대접소고기무국q4/top_국류_대접_소고기무국_Q4_00020.JPG</path>
	<source>
		<database>fooddata</database>
	</source>
	<size>
		<width>5472</width>
		<height>3648</height>
		<depth>3</depth>
	</size>
	<object>
		<name>ref_spoon</name>
		<bndbox>
			<xmin>1798</xmin>
			<ymin>2919</ymin>
			<xmax>2631</xmax>
			<ymax>3443</ymax>
		</bndbox>
	</object>
	<object>
		<name>ref_fork</name>
		<bndbox>
			<xmin>1936</xmin>
			<ymin>2434</ymin>
			<xmax>2760</xmax>
			<ymax>2767</ymax>
		</bndbox>
	</object>
	<object>
		<name>ref_coin</name>
		<bndbox>
			<xmin>4127</xmin>
			<ymin>1191</ymin>
			<xmax>4470</xmax>
			<ymax>1524</ymax>
		</bndbox>
	</object>
	<object>
		<name>dish</name>
		<bndbox>
			<xmin>1836</xmin>
			<ymin>171</ymin>
			<xmax>4089</xmax>
			<ymax>2343</ymax>
		</bndbox>
	</object>
	<object>
		<name>소고기무국</name>
		<bndbox>
			<xmin>2055</xmin>
			<ymin>452</ymin>
			<xmax>3869</xmax>
			<ymax>2224</ymax>
		</bndbox>
	</object>
</annotation>