<annotation>
	<folder>top국류대접소고기무국q4</folder>
	<filename>top_국류_대접_소고기무국_Q4_00038.JPG</filename>
	<path>/top국류대접소고기무국q4/top_국류_대접_소고기무국_Q4_00038.JPG</path>
	<source>
		<database>fooddata</database>
	</source>
	<size>
		<width>5472</width>
		<height>3648</height>
		<depth>3</depth>
	</size>
	<object>
		<name>ref_spoon</name>
		<bndbox>
			<xmin>993</xmin>
			<ymin>443</ymin>
			<xmax>1512</xmax>
			<ymax>1295</ymax>
		</bndbox>
	</object>
	<object>
		<name>ref_fork</name>
		<bndbox>
			<xmin>1731</xmin>
			<ymin>471</ymin>
			<xmax>2069</xmax>
			<ymax>1324</ymax>
		</bndbox>
	</object>
	<object>
		<name>ref_coin</name>
		<bndbox>
			<xmin>4165</xmin>
			<ymin>2691</ymin>
			<xmax>4536</xmax>
			<ymax>3067</ymax>
		</bndbox>
	</object>
	<object>
		<name>dish</name>
		<bndbox>
			<xmin>2107</xmin>
			<ymin>633</ymin>
			<xmax>4522</xmax>
			<ymax>2972</ymax>
		</bndbox>
	</object>
	<object>
		<name>소고기무국</name>
		<bndbox>
			<xmin>2322</xmin>
			<ymin>910</ymin>
			<xmax>4236</xmax>
			<ymax>2805</ymax>
		</bndbox>
	</object>
</annotation>