<annotation>
	<folder>side비빔면류원형배달자장면q3</folder>
	<filename>side_비빔면류_원형배달_자장면_Q3_00010.JPG</filename>
	<path>/side비빔면류원형배달자장면q3/side_비빔면류_원형배달_자장면_Q3_00010.JPG</path>
	<source>
		<database>fooddata</database>
	</source>
	<size>
		<width>3008</width>
		<height>2000</height>
		<depth>3</depth>
	</size>
	<object>
		<name>ref_spoon</name>
		<bndbox>
			<xmin>2134</xmin>
			<ymin>445</ymin>
			<xmax>2475</xmax>
			<ymax>830</ymax>
		</bndbox>
	</object>
	<object>
		<name>ref_fork</name>
		<bndbox>
			<xmin>2556</xmin>
			<ymin>462</ymin>
			<xmax>2799</xmax>
			<ymax>897</ymax>
		</bndbox>
	</object>
	<object>
		<name>ref_coin</name>
		<bndbox>
			<xmin>1631</xmin>
			<ymin>136</ymin>
			<xmax>1850</xmax>
			<ymax>297</ymax>
		</bndbox>
	</object>
	<object>
		<name>dish</name>
		<bndbox>
			<xmin>423</xmin>
			<ymin>433</ymin>
			<xmax>2046</xmax>
			<ymax>1879</ymax>
		</bndbox>
	</object>
	<object>
		<name>자장면</name>
		<bndbox>
			<xmin>589</xmin>
			<ymin>710</ymin>
			<xmax>1922</xmax>
			<ymax>1414</ymax>
		</bndbox>
	</object>
</annotation>