<annotation>
	<folder>side비빔면류원형배달자장면q3</folder>
	<filename>side_비빔면류_원형배달_자장면_Q3_00042.JPG</filename>
	<path>/side비빔면류원형배달자장면q3/side_비빔면류_원형배달_자장면_Q3_00042.JPG</path>
	<source>
		<database>fooddata</database>
	</source>
	<size>
		<width>3008</width>
		<height>2000</height>
		<depth>3</depth>
	</size>
	<object>
		<name>ref_spoon</name>
		<bndbox>
			<xmin>437</xmin>
			<ymin>626</ymin>
			<xmax>744</xmax>
			<ymax>987</ymax>
		</bndbox>
	</object>
	<object>
		<name>ref_fork</name>
		<bndbox>
			<xmin>846</xmin>
			<ymin>609</ymin>
			<xmax>1057</xmax>
			<ymax>1008</ymax>
		</bndbox>
	</object>
	<object>
		<name>ref_coin</name>
		<bndbox>
			<xmin>2068</xmin>
			<ymin>266</ymin>
			<xmax>2271</xmax>
			<ymax>418</ymax>
		</bndbox>
	</object>
	<object>
		<name>dish</name>
		<bndbox>
			<xmin>1362</xmin>
			<ymin>574</ymin>
			<xmax>2771</xmax>
			<ymax>1851</ymax>
		</bndbox>
	</object>
	<object>
		<name>자장면</name>
		<bndbox>
			<xmin>1484</xmin>
			<ymin>931</ymin>
			<xmax>2530</xmax>
			<ymax>1460</ymax>
		</bndbox>
	</object>
</annotation>