<annotation>
	<folder>side비빔면류원형배달자장면q3</folder>
	<filename>side_비빔면류_원형배달_자장면_Q3_00043.JPG</filename>
	<path>/side비빔면류원형배달자장면q3/side_비빔면류_원형배달_자장면_Q3_00043.JPG</path>
	<source>
		<database>fooddata</database>
	</source>
	<size>
		<width>3008</width>
		<height>2000</height>
		<depth>3</depth>
	</size>
	<object>
		<name>ref_spoon</name>
		<bndbox>
			<xmin>442</xmin>
			<ymin>564</ymin>
			<xmax>746</xmax>
			<ymax>926</ymax>
		</bndbox>
	</object>
	<object>
		<name>ref_fork</name>
		<bndbox>
			<xmin>853</xmin>
			<ymin>530</ymin>
			<xmax>1059</xmax>
			<ymax>936</ymax>
		</bndbox>
	</object>
	<object>
		<name>ref_coin</name>
		<bndbox>
			<xmin>1636</xmin>
			<ymin>184</ymin>
			<xmax>1839</xmax>
			<ymax>327</ymax>
		</bndbox>
	</object>
	<object>
		<name>dish</name>
		<bndbox>
			<xmin>1364</xmin>
			<ymin>500</ymin>
			<xmax>2788</xmax>
			<ymax>1764</ymax>
		</bndbox>
	</object>
	<object>
		<name>자장면</name>
		<bndbox>
			<xmin>1484</xmin>
			<ymin>743</ymin>
			<xmax>2566</xmax>
			<ymax>1384</ymax>
		</bndbox>
	</object>
</annotation>