<annotation>
	<folder>side비빔면류원형배달자장면q3</folder>
	<filename>side_비빔면류_원형배달_자장면_Q3_00011.JPG</filename>
	<path>/side비빔면류원형배달자장면q3/side_비빔면류_원형배달_자장면_Q3_00011.JPG</path>
	<source>
		<database>fooddata</database>
	</source>
	<size>
		<width>3008</width>
		<height>2000</height>
		<depth>3</depth>
	</size>
	<object>
		<name>ref_spoon</name>
		<bndbox>
			<xmin>2114</xmin>
			<ymin>362</ymin>
			<xmax>2429</xmax>
			<ymax>748</ymax>
		</bndbox>
	</object>
	<object>
		<name>ref_fork</name>
		<bndbox>
			<xmin>2542</xmin>
			<ymin>357</ymin>
			<xmax>2775</xmax>
			<ymax>794</ymax>
		</bndbox>
	</object>
	<object>
		<name>ref_coin</name>
		<bndbox>
			<xmin>1982</xmin>
			<ymin>153</ymin>
			<xmax>2200</xmax>
			<ymax>306</ymax>
		</bndbox>
	</object>
	<object>
		<name>dish</name>
		<bndbox>
			<xmin>422</xmin>
			<ymin>347</ymin>
			<xmax>2061</xmax>
			<ymax>1790</ymax>
		</bndbox>
	</object>
	<object>
		<name>자장면</name>
		<bndbox>
			<xmin>584</xmin>
			<ymin>642</ymin>
			<xmax>1921</xmax>
			<ymax>1343</ymax>
		</bndbox>
	</object>
</annotation>