<annotation>
	<folder>side비빔면류원형배달자장면q3</folder>
	<filename>side_비빔면류_원형배달_자장면_Q3_00008.JPG</filename>
	<path>/side비빔면류원형배달자장면q3/side_비빔면류_원형배달_자장면_Q3_00008.JPG</path>
	<source>
		<database>fooddata</database>
	</source>
	<size>
		<width>3008</width>
		<height>2000</height>
		<depth>3</depth>
	</size>
	<object>
		<name>ref_spoon</name>
		<bndbox>
			<xmin>2093</xmin>
			<ymin>479</ymin>
			<xmax>2393</xmax>
			<ymax>850</ymax>
		</bndbox>
	</object>
	<object>
		<name>ref_fork</name>
		<bndbox>
			<xmin>2486</xmin>
			<ymin>511</ymin>
			<xmax>2713</xmax>
			<ymax>920</ymax>
		</bndbox>
	</object>
	<object>
		<name>ref_coin</name>
		<bndbox>
			<xmin>864</xmin>
			<ymin>149</ymin>
			<xmax>1072</xmax>
			<ymax>296</ymax>
		</bndbox>
	</object>
	<object>
		<name>dish</name>
		<bndbox>
			<xmin>452</xmin>
			<ymin>470</ymin>
			<xmax>1998</xmax>
			<ymax>1795</ymax>
		</bndbox>
	</object>
	<object>
		<name>자장면</name>
		<bndbox>
			<xmin>579</xmin>
			<ymin>764</ymin>
			<xmax>1839</xmax>
			<ymax>1379</ymax>
		</bndbox>
	</object>
</annotation>