<annotation>
	<folder>side비빔면류원형배달자장면q3</folder>
	<filename>side_비빔면류_원형배달_자장면_Q3_00051.JPG</filename>
	<path>/side비빔면류원형배달자장면q3/side_비빔면류_원형배달_자장면_Q3_00051.JPG</path>
	<source>
		<database>fooddata</database>
	</source>
	<size>
		<width>3008</width>
		<height>2000</height>
		<depth>3</depth>
	</size>
	<object>
		<name>ref_spoon</name>
		<bndbox>
			<xmin>239</xmin>
			<ymin>682</ymin>
			<xmax>539</xmax>
			<ymax>1053</ymax>
		</bndbox>
	</object>
	<object>
		<name>ref_fork</name>
		<bndbox>
			<xmin>647</xmin>
			<ymin>658</ymin>
			<xmax>859</xmax>
			<ymax>1069</ymax>
		</bndbox>
	</object>
	<object>
		<name>ref_coin</name>
		<bndbox>
			<xmin>2530</xmin>
			<ymin>914</ymin>
			<xmax>2747</xmax>
			<ymax>1071</ymax>
		</bndbox>
	</object>
	<object>
		<name>dish</name>
		<bndbox>
			<xmin>1078</xmin>
			<ymin>362</ymin>
			<xmax>2449</xmax>
			<ymax>1587</ymax>
		</bndbox>
	</object>
	<object>
		<name>자장면</name>
		<bndbox>
			<xmin>1221</xmin>
			<ymin>616</ymin>
			<xmax>2276</xmax>
			<ymax>1170</ymax>
		</bndbox>
	</object>
</annotation>