<annotation>
	<folder>side비빔면류원형배달자장면q3</folder>
	<filename>side_비빔면류_원형배달_자장면_Q3_00012.JPG</filename>
	<path>/side비빔면류원형배달자장면q3/side_비빔면류_원형배달_자장면_Q3_00012.JPG</path>
	<source>
		<database>fooddata</database>
	</source>
	<size>
		<width>3008</width>
		<height>2000</height>
		<depth>3</depth>
	</size>
	<object>
		<name>ref_spoon</name>
		<bndbox>
			<xmin>2063</xmin>
			<ymin>433</ymin>
			<xmax>2388</xmax>
			<ymax>830</ymax>
		</bndbox>
	</object>
	<object>
		<name>ref_fork</name>
		<bndbox>
			<xmin>2480</xmin>
			<ymin>459</ymin>
			<xmax>2729</xmax>
			<ymax>896</ymax>
		</bndbox>
	</object>
	<object>
		<name>ref_coin</name>
		<bndbox>
			<xmin>2233</xmin>
			<ymin>286</ymin>
			<xmax>2453</xmax>
			<ymax>433</ymax>
		</bndbox>
	</object>
	<object>
		<name>dish</name>
		<bndbox>
			<xmin>366</xmin>
			<ymin>378</ymin>
			<xmax>2020</xmax>
			<ymax>1804</ymax>
		</bndbox>
	</object>
	<object>
		<name>자장면</name>
		<bndbox>
			<xmin>518</xmin>
			<ymin>662</ymin>
			<xmax>1839</xmax>
			<ymax>1333</ymax>
		</bndbox>
	</object>
</annotation>