<annotation>
	<folder>side비빔면류원형배달자장면q3</folder>
	<filename>side_비빔면류_원형배달_자장면_Q3_00021.JPG</filename>
	<path>/side비빔면류원형배달자장면q3/side_비빔면류_원형배달_자장면_Q3_00021.JPG</path>
	<source>
		<database>fooddata</database>
	</source>
	<size>
		<width>3008</width>
		<height>2000</height>
		<depth>3</depth>
	</size>
	<object>
		<name>ref_spoon</name>
		<bndbox>
			<xmin>681</xmin>
			<ymin>1576</ymin>
			<xmax>1167</xmax>
			<ymax>1836</ymax>
		</bndbox>
	</object>
	<object>
		<name>ref_fork</name>
		<bndbox>
			<xmin>777</xmin>
			<ymin>1318</ymin>
			<xmax>1287</xmax>
			<ymax>1572</ymax>
		</bndbox>
	</object>
	<object>
		<name>ref_coin</name>
		<bndbox>
			<xmin>2347</xmin>
			<ymin>601</ymin>
			<xmax>2546</xmax>
			<ymax>748</ymax>
		</bndbox>
	</object>
	<object>
		<name>dish</name>
		<bndbox>
			<xmin>864</xmin>
			<ymin>195</ymin>
			<xmax>2152</xmax>
			<ymax>1312</ymax>
		</bndbox>
	</object>
	<object>
		<name>자장면</name>
		<bndbox>
			<xmin>976</xmin>
			<ymin>428</ymin>
			<xmax>1982</xmax>
			<ymax>911</ymax>
		</bndbox>
	</object>
</annotation>