<annotation>
	<folder>side비빔면류원형배달자장면q3</folder>
	<filename>side_비빔면류_원형배달_자장면_Q3_00005.JPG</filename>
	<path>/side비빔면류원형배달자장면q3/side_비빔면류_원형배달_자장면_Q3_00005.JPG</path>
	<source>
		<database>fooddata</database>
	</source>
	<size>
		<width>3008</width>
		<height>2000</height>
		<depth>3</depth>
	</size>
	<object>
		<name>ref_spoon</name>
		<bndbox>
			<xmin>2266</xmin>
			<ymin>609</ymin>
			<xmax>2566</xmax>
			<ymax>972</ymax>
		</bndbox>
	</object>
	<object>
		<name>ref_fork</name>
		<bndbox>
			<xmin>2657</xmin>
			<ymin>632</ymin>
			<xmax>2884</xmax>
			<ymax>1038</ymax>
		</bndbox>
	</object>
	<object>
		<name>ref_coin</name>
		<bndbox>
			<xmin>226</xmin>
			<ymin>1292</ymin>
			<xmax>478</xmax>
			<ymax>1473</ymax>
		</bndbox>
	</object>
	<object>
		<name>dish</name>
		<bndbox>
			<xmin>737</xmin>
			<ymin>392</ymin>
			<xmax>2215</xmax>
			<ymax>1678</ymax>
		</bndbox>
	</object>
	<object>
		<name>자장면</name>
		<bndbox>
			<xmin>859</xmin>
			<ymin>698</ymin>
			<xmax>2053</xmax>
			<ymax>1262</ymax>
		</bndbox>
	</object>
</annotation>