<annotation>
	<folder>top비빔면류원형배달자장면q3</folder>
	<filename>top_비빔면류_원형배달_자장면_Q3_00036.JPG</filename>
	<path>/top비빔면류원형배달자장면q3/top_비빔면류_원형배달_자장면_Q3_00036.JPG</path>
	<source>
		<database>fooddata</database>
	</source>
	<size>
		<width>3008</width>
		<height>2000</height>
		<depth>3</depth>
	</size>
	<object>
		<name>ref_spoon</name>
		<bndbox>
			<xmin>468</xmin>
			<ymin>268</ymin>
			<xmax>727</xmax>
			<ymax>644</ymax>
		</bndbox>
	</object>
	<object>
		<name>ref_fork</name>
		<bndbox>
			<xmin>841</xmin>
			<ymin>335</ymin>
			<xmax>1014</xmax>
			<ymax>739</ymax>
		</bndbox>
	</object>
	<object>
		<name>ref_coin</name>
		<bndbox>
			<xmin>1366</xmin>
			<ymin>1601</ymin>
			<xmax>1554</xmax>
			<ymax>1789</ymax>
		</bndbox>
	</object>
	<object>
		<name>dish</name>
		<bndbox>
			<xmin>1199</xmin>
			<ymin>136</ymin>
			<xmax>2543</xmax>
			<ymax>1463</ymax>
		</bndbox>
	</object>
	<object>
		<name>자장면</name>
		<bndbox>
			<xmin>1284</xmin>
			<ymin>278</ymin>
			<xmax>2412</xmax>
			<ymax>1381</ymax>
		</bndbox>
	</object>
</annotation>