<annotation>
	<folder>top비빔면류원형배달자장면q3</folder>
	<filename>top_비빔면류_원형배달_자장면_Q3_00040.JPG</filename>
	<path>/top비빔면류원형배달자장면q3/top_비빔면류_원형배달_자장면_Q3_00040.JPG</path>
	<source>
		<database>fooddata</database>
	</source>
	<size>
		<width>3008</width>
		<height>2000</height>
		<depth>3</depth>
	</size>
	<object>
		<name>ref_spoon</name>
		<bndbox>
			<xmin>241</xmin>
			<ymin>402</ymin>
			<xmax>518</xmax>
			<ymax>782</ymax>
		</bndbox>
	</object>
	<object>
		<name>ref_fork</name>
		<bndbox>
			<xmin>649</xmin>
			<ymin>448</ymin>
			<xmax>823</xmax>
			<ymax>871</ymax>
		</bndbox>
	</object>
	<object>
		<name>ref_coin</name>
		<bndbox>
			<xmin>2295</xmin>
			<ymin>1534</ymin>
			<xmax>2479</xmax>
			<ymax>1718</ymax>
		</bndbox>
	</object>
	<object>
		<name>dish</name>
		<bndbox>
			<xmin>1089</xmin>
			<ymin>232</ymin>
			<xmax>2469</xmax>
			<ymax>1594</ymax>
		</bndbox>
	</object>
	<object>
		<name>자장면</name>
		<bndbox>
			<xmin>1174</xmin>
			<ymin>402</ymin>
			<xmax>2302</xmax>
			<ymax>1516</ymax>
		</bndbox>
	</object>
</annotation>