<annotation>
	<folder>top비빔면류원형배달자장면q3</folder>
	<filename>top_비빔면류_원형배달_자장면_Q3_00015.JPG</filename>
	<path>/top비빔면류원형배달자장면q3/top_비빔면류_원형배달_자장면_Q3_00015.JPG</path>
	<source>
		<database>fooddata</database>
	</source>
	<size>
		<width>3008</width>
		<height>2000</height>
		<depth>3</depth>
	</size>
	<object>
		<name>ref_spoon</name>
		<bndbox>
			<xmin>2228</xmin>
			<ymin>218</ymin>
			<xmax>2469</xmax>
			<ymax>573</ymax>
		</bndbox>
	</object>
	<object>
		<name>ref_fork</name>
		<bndbox>
			<xmin>2597</xmin>
			<ymin>388</ymin>
			<xmax>2781</xmax>
			<ymax>789</ymax>
		</bndbox>
	</object>
	<object>
		<name>ref_coin</name>
		<bndbox>
			<xmin>383</xmin>
			<ymin>1491</ymin>
			<xmax>589</xmax>
			<ymax>1686</ymax>
		</bndbox>
	</object>
	<object>
		<name>dish</name>
		<bndbox>
			<xmin>841</xmin>
			<ymin>367</ymin>
			<xmax>2238</xmax>
			<ymax>1725</ymax>
		</bndbox>
	</object>
	<object>
		<name>자장면</name>
		<bndbox>
			<xmin>940</xmin>
			<ymin>537</ymin>
			<xmax>2072</xmax>
			<ymax>1644</ymax>
		</bndbox>
	</object>
</annotation>