<annotation>
	<folder>top비빔면류원형배달자장면q3</folder>
	<filename>top_비빔면류_원형배달_자장면_Q3_00003.JPG</filename>
	<path>/top비빔면류원형배달자장면q3/top_비빔면류_원형배달_자장면_Q3_00003.JPG</path>
	<source>
		<database>fooddata</database>
	</source>
	<size>
		<width>3008</width>
		<height>2000</height>
		<depth>3</depth>
	</size>
	<object>
		<name>ref_spoon</name>
		<bndbox>
			<xmin>2001</xmin>
			<ymin>119</ymin>
			<xmax>2235</xmax>
			<ymax>473</ymax>
		</bndbox>
	</object>
	<object>
		<name>ref_fork</name>
		<bndbox>
			<xmin>2338</xmin>
			<ymin>292</ymin>
			<xmax>2533</xmax>
			<ymax>693</ymax>
		</bndbox>
	</object>
	<object>
		<name>ref_coin</name>
		<bndbox>
			<xmin>497</xmin>
			<ymin>1708</ymin>
			<xmax>692</xmax>
			<ymax>1903</ymax>
		</bndbox>
	</object>
	<object>
		<name>dish</name>
		<bndbox>
			<xmin>536</xmin>
			<ymin>172</ymin>
			<xmax>1908</xmax>
			<ymax>1523</ymax>
		</bndbox>
	</object>
	<object>
		<name>자장면</name>
		<bndbox>
			<xmin>681</xmin>
			<ymin>324</ymin>
			<xmax>1759</xmax>
			<ymax>1420</ymax>
		</bndbox>
	</object>
</annotation>