<annotation>
	<folder>top비빔면류원형배달자장면q3</folder>
	<filename>top_비빔면류_원형배달_자장면_Q3_00053.JPG</filename>
	<path>/top비빔면류원형배달자장면q3/top_비빔면류_원형배달_자장면_Q3_00053.JPG</path>
	<source>
		<database>fooddata</database>
	</source>
	<size>
		<width>3008</width>
		<height>2000</height>
		<depth>3</depth>
	</size>
	<object>
		<name>ref_spoon</name>
		<bndbox>
			<xmin>216</xmin>
			<ymin>463</ymin>
			<xmax>497</xmax>
			<ymax>856</ymax>
		</bndbox>
	</object>
	<object>
		<name>ref_fork</name>
		<bndbox>
			<xmin>631</xmin>
			<ymin>512</ymin>
			<xmax>809</xmax>
			<ymax>938</ymax>
		</bndbox>
	</object>
	<object>
		<name>ref_coin</name>
		<bndbox>
			<xmin>2543</xmin>
			<ymin>597</ymin>
			<xmax>2724</xmax>
			<ymax>782</ymax>
		</bndbox>
	</object>
	<object>
		<name>dish</name>
		<bndbox>
			<xmin>1068</xmin>
			<ymin>289</ymin>
			<xmax>2515</xmax>
			<ymax>1704</ymax>
		</bndbox>
	</object>
	<object>
		<name>자장면</name>
		<bndbox>
			<xmin>1167</xmin>
			<ymin>459</ymin>
			<xmax>2277</xmax>
			<ymax>1605</ymax>
		</bndbox>
	</object>
</annotation>