<annotation>
	<folder>top비빔면류원형배달자장면q3</folder>
	<filename>top_비빔면류_원형배달_자장면_Q3_00054.JPG</filename>
	<path>/top비빔면류원형배달자장면q3/top_비빔면류_원형배달_자장면_Q3_00054.JPG</path>
	<source>
		<database>fooddata</database>
	</source>
	<size>
		<width>3008</width>
		<height>2000</height>
		<depth>3</depth>
	</size>
	<object>
		<name>ref_spoon</name>
		<bndbox>
			<xmin>170</xmin>
			<ymin>452</ymin>
			<xmax>461</xmax>
			<ymax>856</ymax>
		</bndbox>
	</object>
	<object>
		<name>ref_fork</name>
		<bndbox>
			<xmin>596</xmin>
			<ymin>519</ymin>
			<xmax>780</xmax>
			<ymax>956</ymax>
		</bndbox>
	</object>
	<object>
		<name>ref_coin</name>
		<bndbox>
			<xmin>2345</xmin>
			<ymin>310</ymin>
			<xmax>2522</xmax>
			<ymax>484</ymax>
		</bndbox>
	</object>
	<object>
		<name>dish</name>
		<bndbox>
			<xmin>1043</xmin>
			<ymin>317</ymin>
			<xmax>2497</xmax>
			<ymax>1754</ymax>
		</bndbox>
	</object>
	<object>
		<name>자장면</name>
		<bndbox>
			<xmin>1135</xmin>
			<ymin>480</ymin>
			<xmax>2327</xmax>
			<ymax>1637</ymax>
		</bndbox>
	</object>
</annotation>