<annotation>
	<folder>side기타튀김배달종이박스감자튀김(웨지감자)q2</folder>
	<filename>side_기타튀김_배달종이박스_감자튀김(웨지감자)_Q2_00036.JPG</filename>
	<path>/side기타튀김배달종이박스감자튀김(웨지감자)q2/side_기타튀김_배달종이박스_감자튀김(웨지감자)_Q2_00036.JPG</path>
	<source>
		<database>fooddata</database>
	</source>
	<size>
		<width>3008</width>
		<height>2000</height>
		<depth>3</depth>
	</size>
	<object>
		<name>ref_spoon</name>
		<bndbox>
			<xmin>430</xmin>
			<ymin>437</ymin>
			<xmax>692</xmax>
			<ymax>791</ymax>
		</bndbox>
	</object>
	<object>
		<name>ref_fork</name>
		<bndbox>
			<xmin>750</xmin>
			<ymin>476</ymin>
			<xmax>936</xmax>
			<ymax>894</ymax>
		</bndbox>
	</object>
	<object>
		<name>ref_coin</name>
		<bndbox>
			<xmin>1309</xmin>
			<ymin>1497</ymin>
			<xmax>1535</xmax>
			<ymax>1674</ymax>
		</bndbox>
	</object>
	<object>
		<name>dish</name>
		<bndbox>
			<xmin>1233</xmin>
			<ymin>459</ymin>
			<xmax>2391</xmax>
			<ymax>1333</ymax>
		</bndbox>
	</object>
	<object>
		<name>감자튀김(웨지감자)</name>
		<bndbox>
			<xmin>1322</xmin>
			<ymin>712</ymin>
			<xmax>2285</xmax>
			<ymax>1200</ymax>
		</bndbox>
	</object>
</annotation>