<annotation>
	<folder>side기타튀김배달종이박스감자튀김(웨지감자)q2</folder>
	<filename>side_기타튀김_배달종이박스_감자튀김(웨지감자)_Q2_00029.JPG</filename>
	<path>/side기타튀김배달종이박스감자튀김(웨지감자)q2/side_기타튀김_배달종이박스_감자튀김(웨지감자)_Q2_00029.JPG</path>
	<source>
		<database>fooddata</database>
	</source>
	<size>
		<width>3008</width>
		<height>2000</height>
		<depth>3</depth>
	</size>
	<object>
		<name>ref_spoon</name>
		<bndbox>
			<xmin>346</xmin>
			<ymin>1342</ymin>
			<xmax>812</xmax>
			<ymax>1603</ymax>
		</bndbox>
	</object>
	<object>
		<name>ref_fork</name>
		<bndbox>
			<xmin>550</xmin>
			<ymin>1106</ymin>
			<xmax>1025</xmax>
			<ymax>1328</ymax>
		</bndbox>
	</object>
	<object>
		<name>ref_coin</name>
		<bndbox>
			<xmin>1269</xmin>
			<ymin>1674</ymin>
			<xmax>1491</xmax>
			<ymax>1856</ymax>
		</bndbox>
	</object>
	<object>
		<name>dish</name>
		<bndbox>
			<xmin>932</xmin>
			<ymin>153</ymin>
			<xmax>2050</xmax>
			<ymax>1004</ymax>
		</bndbox>
	</object>
	<object>
		<name>감자튀김(웨지감자)</name>
		<bndbox>
			<xmin>1100</xmin>
			<ymin>321</ymin>
			<xmax>1797</xmax>
			<ymax>862</ymax>
		</bndbox>
	</object>
</annotation>