<annotation>
	<folder>side기타튀김배달종이박스감자튀김(웨지감자)q2</folder>
	<filename>side_기타튀김_배달종이박스_감자튀김(웨지감자)_Q2_00010.JPG</filename>
	<path>/side기타튀김배달종이박스감자튀김(웨지감자)q2/side_기타튀김_배달종이박스_감자튀김(웨지감자)_Q2_00010.JPG</path>
	<source>
		<database>fooddata</database>
	</source>
	<size>
		<width>3008</width>
		<height>2000</height>
		<depth>3</depth>
	</size>
	<object>
		<name>ref_spoon</name>
		<bndbox>
			<xmin>1961</xmin>
			<ymin>494</ymin>
			<xmax>2232</xmax>
			<ymax>880</ymax>
		</bndbox>
	</object>
	<object>
		<name>ref_fork</name>
		<bndbox>
			<xmin>2413</xmin>
			<ymin>516</ymin>
			<xmax>2604</xmax>
			<ymax>969</ymax>
		</bndbox>
	</object>
	<object>
		<name>ref_coin</name>
		<bndbox>
			<xmin>315</xmin>
			<ymin>246</ymin>
			<xmax>515</xmax>
			<ymax>388</ymax>
		</bndbox>
	</object>
	<object>
		<name>dish</name>
		<bndbox>
			<xmin>248</xmin>
			<ymin>437</ymin>
			<xmax>1619</xmax>
			<ymax>1488</ymax>
		</bndbox>
	</object>
	<object>
		<name>감자튀김(웨지감자)</name>
		<bndbox>
			<xmin>532</xmin>
			<ymin>756</ymin>
			<xmax>1251</xmax>
			<ymax>1319</ymax>
		</bndbox>
	</object>
</annotation>