<annotation>
	<folder>side기타튀김배달종이박스감자튀김(웨지감자)q2</folder>
	<filename>side_기타튀김_배달종이박스_감자튀김(웨지감자)_Q2_00027.JPG</filename>
	<path>/side기타튀김배달종이박스감자튀김(웨지감자)q2/side_기타튀김_배달종이박스_감자튀김(웨지감자)_Q2_00027.JPG</path>
	<source>
		<database>fooddata</database>
	</source>
	<size>
		<width>3008</width>
		<height>2000</height>
		<depth>3</depth>
	</size>
	<object>
		<name>ref_spoon</name>
		<bndbox>
			<xmin>404</xmin>
			<ymin>1453</ymin>
			<xmax>830</xmax>
			<ymax>1710</ymax>
		</bndbox>
	</object>
	<object>
		<name>ref_fork</name>
		<bndbox>
			<xmin>595</xmin>
			<ymin>1213</ymin>
			<xmax>1105</xmax>
			<ymax>1439</ymax>
		</bndbox>
	</object>
	<object>
		<name>ref_coin</name>
		<bndbox>
			<xmin>945</xmin>
			<ymin>1728</ymin>
			<xmax>1162</xmax>
			<ymax>1909</ymax>
		</bndbox>
	</object>
	<object>
		<name>dish</name>
		<bndbox>
			<xmin>892</xmin>
			<ymin>161</ymin>
			<xmax>2178</xmax>
			<ymax>1191</ymax>
		</bndbox>
	</object>
	<object>
		<name>감자튀김(웨지감자)</name>
		<bndbox>
			<xmin>1233</xmin>
			<ymin>503</ymin>
			<xmax>1917</xmax>
			<ymax>996</ymax>
		</bndbox>
	</object>
</annotation>