<annotation>
	<folder>side기타튀김배달종이박스감자튀김(웨지감자)q2</folder>
	<filename>side_기타튀김_배달종이박스_감자튀김(웨지감자)_Q2_00021.JPG</filename>
	<path>/side기타튀김배달종이박스감자튀김(웨지감자)q2/side_기타튀김_배달종이박스_감자튀김(웨지감자)_Q2_00021.JPG</path>
	<source>
		<database>fooddata</database>
	</source>
	<size>
		<width>3008</width>
		<height>2000</height>
		<depth>3</depth>
	</size>
	<object>
		<name>ref_spoon</name>
		<bndbox>
			<xmin>368</xmin>
			<ymin>1590</ymin>
			<xmax>847</xmax>
			<ymax>1870</ymax>
		</bndbox>
	</object>
	<object>
		<name>ref_fork</name>
		<bndbox>
			<xmin>577</xmin>
			<ymin>1319</ymin>
			<xmax>1114</xmax>
			<ymax>1563</ymax>
		</bndbox>
	</object>
	<object>
		<name>ref_coin</name>
		<bndbox>
			<xmin>2028</xmin>
			<ymin>130</ymin>
			<xmax>2214</xmax>
			<ymax>268</ymax>
		</bndbox>
	</object>
	<object>
		<name>dish</name>
		<bndbox>
			<xmin>883</xmin>
			<ymin>144</ymin>
			<xmax>2285</xmax>
			<ymax>1240</ymax>
		</bndbox>
	</object>
	<object>
		<name>감자튀김(웨지감자)</name>
		<bndbox>
			<xmin>1211</xmin>
			<ymin>494</ymin>
			<xmax>1965</xmax>
			<ymax>1098</ymax>
		</bndbox>
	</object>
</annotation>