<annotation>
	<folder>top기타튀김배달종이박스감자튀김(웨지감자)q2</folder>
	<filename>top_기타튀김_배달종이박스_감자튀김(웨지감자)_Q2_00048.JPG</filename>
	<path>/top기타튀김배달종이박스감자튀김(웨지감자)q2/top_기타튀김_배달종이박스_감자튀김(웨지감자)_Q2_00048.JPG</path>
	<source>
		<database>fooddata</database>
	</source>
	<size>
		<width>3008</width>
		<height>2000</height>
		<depth>3</depth>
	</size>
	<object>
		<name>ref_spoon</name>
		<bndbox>
			<xmin>496</xmin>
			<ymin>457</ymin>
			<xmax>759</xmax>
			<ymax>866</ymax>
		</bndbox>
	</object>
	<object>
		<name>ref_fork</name>
		<bndbox>
			<xmin>828</xmin>
			<ymin>502</ymin>
			<xmax>1002</xmax>
			<ymax>935</ymax>
		</bndbox>
	</object>
	<object>
		<name>ref_coin</name>
		<bndbox>
			<xmin>1051</xmin>
			<ymin>28</ymin>
			<xmax>1241</xmax>
			<ymax>206</ymax>
		</bndbox>
	</object>
	<object>
		<name>dish</name>
		<bndbox>
			<xmin>1196</xmin>
			<ymin>551</ymin>
			<xmax>2524</xmax>
			<ymax>1866</ymax>
		</bndbox>
	</object>
	<object>
		<name>감자튀김(웨지감자)</name>
		<bndbox>
			<xmin>1496</xmin>
			<ymin>935</ymin>
			<xmax>2103</xmax>
			<ymax>1632</ymax>
		</bndbox>
	</object>
</annotation>