<annotation>
	<folder>top기타튀김배달종이박스감자튀김(웨지감자)q2</folder>
	<filename>top_기타튀김_배달종이박스_감자튀김(웨지감자)_Q2_00037.JPG</filename>
	<path>/top기타튀김배달종이박스감자튀김(웨지감자)q2/top_기타튀김_배달종이박스_감자튀김(웨지감자)_Q2_00037.JPG</path>
	<source>
		<database>fooddata</database>
	</source>
	<size>
		<width>3008</width>
		<height>2000</height>
		<depth>3</depth>
	</size>
	<object>
		<name>ref_spoon</name>
		<bndbox>
			<xmin>326</xmin>
			<ymin>251</ymin>
			<xmax>613</xmax>
			<ymax>709</ymax>
		</bndbox>
	</object>
	<object>
		<name>ref_fork</name>
		<bndbox>
			<xmin>682</xmin>
			<ymin>312</ymin>
			<xmax>881</xmax>
			<ymax>814</ymax>
		</bndbox>
	</object>
	<object>
		<name>ref_coin</name>
		<bndbox>
			<xmin>1585</xmin>
			<ymin>1648</ymin>
			<xmax>1816</xmax>
			<ymax>1866</ymax>
		</bndbox>
	</object>
	<object>
		<name>dish</name>
		<bndbox>
			<xmin>1018</xmin>
			<ymin>291</ymin>
			<xmax>2293</xmax>
			<ymax>1478</ymax>
		</bndbox>
	</object>
	<object>
		<name>감자튀김(웨지감자)</name>
		<bndbox>
			<xmin>1492</xmin>
			<ymin>599</ymin>
			<xmax>2115</xmax>
			<ymax>1251</ymax>
		</bndbox>
	</object>
</annotation>