<annotation>
	<folder>top기타튀김배달종이박스감자튀김(웨지감자)q2</folder>
	<filename>top_기타튀김_배달종이박스_감자튀김(웨지감자)_Q2_00032.JPG</filename>
	<path>/top기타튀김배달종이박스감자튀김(웨지감자)q2/top_기타튀김_배달종이박스_감자튀김(웨지감자)_Q2_00032.JPG</path>
	<source>
		<database>fooddata</database>
	</source>
	<size>
		<width>3008</width>
		<height>2000</height>
		<depth>3</depth>
	</size>
	<object>
		<name>ref_spoon</name>
		<bndbox>
			<xmin>876</xmin>
			<ymin>1243</ymin>
			<xmax>1233</xmax>
			<ymax>1490</ymax>
		</bndbox>
	</object>
	<object>
		<name>ref_fork</name>
		<bndbox>
			<xmin>897</xmin>
			<ymin>1510</ymin>
			<xmax>1273</xmax>
			<ymax>1696</ymax>
		</bndbox>
	</object>
	<object>
		<name>ref_coin</name>
		<bndbox>
			<xmin>791</xmin>
			<ymin>968</ymin>
			<xmax>961</xmax>
			<ymax>1130</ymax>
		</bndbox>
	</object>
	<object>
		<name>dish</name>
		<bndbox>
			<xmin>1156</xmin>
			<ymin>105</ymin>
			<xmax>2067</xmax>
			<ymax>1049</ymax>
		</bndbox>
	</object>
	<object>
		<name>감자튀김(웨지감자)</name>
		<bndbox>
			<xmin>1354</xmin>
			<ymin>275</ymin>
			<xmax>1893</xmax>
			<ymax>935</ymax>
		</bndbox>
	</object>
</annotation>