<annotation>
	<folder>top기타튀김배달종이박스감자튀김(웨지감자)q2</folder>
	<filename>top_기타튀김_배달종이박스_감자튀김(웨지감자)_Q2_00050.JPG</filename>
	<path>/top기타튀김배달종이박스감자튀김(웨지감자)q2/top_기타튀김_배달종이박스_감자튀김(웨지감자)_Q2_00050.JPG</path>
	<source>
		<database>fooddata</database>
	</source>
	<size>
		<width>3008</width>
		<height>2000</height>
		<depth>3</depth>
	</size>
	<object>
		<name>ref_spoon</name>
		<bndbox>
			<xmin>573</xmin>
			<ymin>543</ymin>
			<xmax>844</xmax>
			<ymax>960</ymax>
		</bndbox>
	</object>
	<object>
		<name>ref_fork</name>
		<bndbox>
			<xmin>913</xmin>
			<ymin>563</ymin>
			<xmax>1091</xmax>
			<ymax>1012</ymax>
		</bndbox>
	</object>
	<object>
		<name>ref_coin</name>
		<bndbox>
			<xmin>496</xmin>
			<ymin>126</ymin>
			<xmax>682</xmax>
			<ymax>312</ymax>
		</bndbox>
	</object>
	<object>
		<name>dish</name>
		<bndbox>
			<xmin>1196</xmin>
			<ymin>514</ymin>
			<xmax>2573</xmax>
			<ymax>1874</ymax>
		</bndbox>
	</object>
	<object>
		<name>감자튀김(웨지감자)</name>
		<bndbox>
			<xmin>1451</xmin>
			<ymin>773</ymin>
			<xmax>2330</xmax>
			<ymax>1486</ymax>
		</bndbox>
	</object>
</annotation>