<annotation>
	<folder>top기타튀김배달종이박스감자튀김(웨지감자)q2</folder>
	<filename>top_기타튀김_배달종이박스_감자튀김(웨지감자)_Q2_00052.JPG</filename>
	<path>/top기타튀김배달종이박스감자튀김(웨지감자)q2/top_기타튀김_배달종이박스_감자튀김(웨지감자)_Q2_00052.JPG</path>
	<source>
		<database>fooddata</database>
	</source>
	<size>
		<width>3008</width>
		<height>2000</height>
		<depth>3</depth>
	</size>
	<object>
		<name>ref_spoon</name>
		<bndbox>
			<xmin>528</xmin>
			<ymin>470</ymin>
			<xmax>795</xmax>
			<ymax>887</ymax>
		</bndbox>
	</object>
	<object>
		<name>ref_fork</name>
		<bndbox>
			<xmin>864</xmin>
			<ymin>482</ymin>
			<xmax>1047</xmax>
			<ymax>939</ymax>
		</bndbox>
	</object>
	<object>
		<name>ref_coin</name>
		<bndbox>
			<xmin>298</xmin>
			<ymin>1178</ymin>
			<xmax>500</xmax>
			<ymax>1377</ymax>
		</bndbox>
	</object>
	<object>
		<name>dish</name>
		<bndbox>
			<xmin>1221</xmin>
			<ymin>530</ymin>
			<xmax>2362</xmax>
			<ymax>1680</ymax>
		</bndbox>
	</object>
	<object>
		<name>감자튀김(웨지감자)</name>
		<bndbox>
			<xmin>1455</xmin>
			<ymin>709</ymin>
			<xmax>2164</xmax>
			<ymax>1534</ymax>
		</bndbox>
	</object>
</annotation>