<annotation>
	<folder>side반찬면적접시오징어젓갈q4</folder>
	<filename>side_반찬면적_접시_오징어젓갈_Q4_00021.JPG</filename>
	<path>/side반찬면적접시오징어젓갈q4/side_반찬면적_접시_오징어젓갈_Q4_00021.JPG</path>
	<source>
		<database>fooddata</database>
	</source>
	<size>
		<width>3008</width>
		<height>2000</height>
		<depth>3</depth>
	</size>
	<object>
		<name>ref_spoon</name>
		<bndbox>
			<xmin>290</xmin>
			<ymin>1505</ymin>
			<xmax>780</xmax>
			<ymax>1780</ymax>
		</bndbox>
	</object>
	<object>
		<name>ref_fork</name>
		<bndbox>
			<xmin>279</xmin>
			<ymin>1256</ymin>
			<xmax>848</xmax>
			<ymax>1505</ymax>
		</bndbox>
	</object>
	<object>
		<name>ref_coin</name>
		<bndbox>
			<xmin>795</xmin>
			<ymin>333</ymin>
			<xmax>1010</xmax>
			<ymax>484</ymax>
		</bndbox>
	</object>
	<object>
		<name>dish</name>
		<bndbox>
			<xmin>859</xmin>
			<ymin>578</ymin>
			<xmax>1704</xmax>
			<ymax>1139</ymax>
		</bndbox>
	</object>
	<object>
		<name>오징어젓갈</name>
		<bndbox>
			<xmin>1029</xmin>
			<ymin>796</ymin>
			<xmax>1545</xmax>
			<ymax>1064</ymax>
		</bndbox>
	</object>
</annotation>