<annotation>
	<folder>side반찬면적접시오징어젓갈q4</folder>
	<filename>side_반찬면적_접시_오징어젓갈_Q4_00046.JPG</filename>
	<path>/side반찬면적접시오징어젓갈q4/side_반찬면적_접시_오징어젓갈_Q4_00046.JPG</path>
	<source>
		<database>fooddata</database>
	</source>
	<size>
		<width>3008</width>
		<height>2000</height>
		<depth>3</depth>
	</size>
	<object>
		<name>ref_spoon</name>
		<bndbox>
			<xmin>362</xmin>
			<ymin>525</ymin>
			<xmax>694</xmax>
			<ymax>977</ymax>
		</bndbox>
	</object>
	<object>
		<name>ref_fork</name>
		<bndbox>
			<xmin>754</xmin>
			<ymin>533</ymin>
			<xmax>1010</xmax>
			<ymax>1011</ymax>
		</bndbox>
	</object>
	<object>
		<name>ref_coin</name>
		<bndbox>
			<xmin>2231</xmin>
			<ymin>1060</ymin>
			<xmax>2473</xmax>
			<ymax>1245</ymax>
		</bndbox>
	</object>
	<object>
		<name>dish</name>
		<bndbox>
			<xmin>1112</xmin>
			<ymin>608</ymin>
			<xmax>2005</xmax>
			<ymax>1215</ymax>
		</bndbox>
	</object>
	<object>
		<name>오징어젓갈</name>
		<bndbox>
			<xmin>1263</xmin>
			<ymin>781</ymin>
			<xmax>1775</xmax>
			<ymax>1136</ymax>
		</bndbox>
	</object>
</annotation>