<annotation>
	<folder>side반찬면적접시오징어젓갈q4</folder>
	<filename>side_반찬면적_접시_오징어젓갈_Q4_00008.JPG</filename>
	<path>/side반찬면적접시오징어젓갈q4/side_반찬면적_접시_오징어젓갈_Q4_00008.JPG</path>
	<source>
		<database>fooddata</database>
	</source>
	<size>
		<width>3008</width>
		<height>2000</height>
		<depth>3</depth>
	</size>
	<object>
		<name>ref_spoon</name>
		<bndbox>
			<xmin>1527</xmin>
			<ymin>740</ymin>
			<xmax>1839</xmax>
			<ymax>1147</ymax>
		</bndbox>
	</object>
	<object>
		<name>ref_fork</name>
		<bndbox>
			<xmin>1904</xmin>
			<ymin>721</ymin>
			<xmax>2141</xmax>
			<ymax>1170</ymax>
		</bndbox>
	</object>
	<object>
		<name>ref_coin</name>
		<bndbox>
			<xmin>739</xmin>
			<ymin>857</ymin>
			<xmax>957</xmax>
			<ymax>1015</ymax>
		</bndbox>
	</object>
	<object>
		<name>dish</name>
		<bndbox>
			<xmin>611</xmin>
			<ymin>1038</ymin>
			<xmax>1474</xmax>
			<ymax>1622</ymax>
		</bndbox>
	</object>
	<object>
		<name>오징어젓갈</name>
		<bndbox>
			<xmin>799</xmin>
			<ymin>1215</ymin>
			<xmax>1229</xmax>
			<ymax>1543</ymax>
		</bndbox>
	</object>
</annotation>