<annotation>
	<folder>side반찬면적접시오징어젓갈q4-재작업</folder>
	<filename>side_반찬면적_접시_오징어젓갈_Q4_00031.JPG</filename>
	<path>/side반찬면적접시오징어젓갈q4/side_반찬면적_접시_오징어젓갈_Q4_00031.JPG</path>
	<source>
		<database>fooddata</database>
	</source>
	<size>
		<width>3008</width>
		<height>2000</height>
		<depth>3</depth>
	</size>
	<object>
		<name>ref_spoon</name>
		<bndbox>
			<xmin>406</xmin>
			<ymin>1324</ymin>
			<xmax>944</xmax>
			<ymax>1572</ymax>
		</bndbox>
	</object>
	<object>
		<name>ref_fork</name>
		<bndbox>
			<xmin>389</xmin>
			<ymin>1084</ymin>
			<xmax>954</xmax>
			<ymax>1292</ymax>
		</bndbox>
	</object>
	<object>
		<name>ref_coin</name>
		<bndbox>
			<xmin>1782</xmin>
			<ymin>224</ymin>
			<xmax>2008</xmax>
			<ymax>373</ymax>
		</bndbox>
	</object>
	<object>
		<name>dish</name>
		<bndbox>
			<xmin>963</xmin>
			<ymin>381</ymin>
			<xmax>1833</xmax>
			<ymax>946</ymax>
		</bndbox>
	</object>
	<object>
		<name>오징어젓갈</name>
		<bndbox>
			<xmin>1158</xmin>
			<ymin>516</ymin>
			<xmax>1661</xmax>
			<ymax>835</ymax>
		</bndbox>
	</object>
</annotation>