<annotation>
	<folder>side반찬면적접시오징어젓갈q4-재작업</folder>
	<filename>side_반찬면적_접시_오징어젓갈_Q4_00039.JPG</filename>
	<path>/side반찬면적접시오징어젓갈q4/side_반찬면적_접시_오징어젓갈_Q4_00039.JPG</path>
	<source>
		<database>fooddata</database>
	</source>
	<size>
		<width>3008</width>
		<height>2000</height>
		<depth>3</depth>
	</size>
	<object>
		<name>ref_spoon</name>
		<bndbox>
			<xmin>271</xmin>
			<ymin>489</ymin>
			<xmax>597</xmax>
			<ymax>894</ymax>
		</bndbox>
	</object>
	<object>
		<name>ref_fork</name>
		<bndbox>
			<xmin>666</xmin>
			<ymin>482</ymin>
			<xmax>909</xmax>
			<ymax>956</ymax>
		</bndbox>
	</object>
	<object>
		<name>ref_coin</name>
		<bndbox>
			<xmin>2116</xmin>
			<ymin>582</ymin>
			<xmax>2349</xmax>
			<ymax>747</ymax>
		</bndbox>
	</object>
	<object>
		<name>dish</name>
		<bndbox>
			<xmin>951</xmin>
			<ymin>536</ymin>
			<xmax>1828</xmax>
			<ymax>1128</ymax>
		</bndbox>
	</object>
	<object>
		<name>오징어젓갈</name>
		<bndbox>
			<xmin>1104</xmin>
			<ymin>732</ymin>
			<xmax>1674</xmax>
			<ymax>1057</ymax>
		</bndbox>
	</object>
</annotation>