<annotation>
	<folder>side반찬면적접시오징어젓갈q4</folder>
	<filename>side_반찬면적_접시_오징어젓갈_Q4_00002.JPG</filename>
	<path>/side반찬면적접시오징어젓갈q4/side_반찬면적_접시_오징어젓갈_Q4_00002.JPG</path>
	<source>
		<database>fooddata</database>
	</source>
	<size>
		<width>3008</width>
		<height>2000</height>
		<depth>3</depth>
	</size>
	<object>
		<name>ref_spoon</name>
		<bndbox>
			<xmin>1451</xmin>
			<ymin>563</ymin>
			<xmax>1749</xmax>
			<ymax>928</ymax>
		</bndbox>
	</object>
	<object>
		<name>ref_fork</name>
		<bndbox>
			<xmin>1824</xmin>
			<ymin>551</ymin>
			<xmax>2062</xmax>
			<ymax>985</ymax>
		</bndbox>
	</object>
	<object>
		<name>ref_coin</name>
		<bndbox>
			<xmin>984</xmin>
			<ymin>1562</ymin>
			<xmax>1248</xmax>
			<ymax>1750</ymax>
		</bndbox>
	</object>
	<object>
		<name>dish</name>
		<bndbox>
			<xmin>626</xmin>
			<ymin>732</ymin>
			<xmax>1466</xmax>
			<ymax>1302</ymax>
		</bndbox>
	</object>
	<object>
		<name>오징어젓갈</name>
		<bndbox>
			<xmin>795</xmin>
			<ymin>853</ymin>
			<xmax>1259</xmax>
			<ymax>1204</ymax>
		</bndbox>
	</object>
</annotation>