<annotation>
	<folder>side반찬면적접시오징어젓갈q4</folder>
	<filename>side_반찬면적_접시_오징어젓갈_Q4_00023.JPG</filename>
	<path>/side반찬면적접시오징어젓갈q4/side_반찬면적_접시_오징어젓갈_Q4_00023.JPG</path>
	<source>
		<database>fooddata</database>
	</source>
	<size>
		<width>3008</width>
		<height>2000</height>
		<depth>3</depth>
	</size>
	<object>
		<name>ref_spoon</name>
		<bndbox>
			<xmin>305</xmin>
			<ymin>1452</ymin>
			<xmax>822</xmax>
			<ymax>1724</ymax>
		</bndbox>
	</object>
	<object>
		<name>ref_fork</name>
		<bndbox>
			<xmin>294</xmin>
			<ymin>1200</ymin>
			<xmax>886</xmax>
			<ymax>1441</ymax>
		</bndbox>
	</object>
	<object>
		<name>ref_coin</name>
		<bndbox>
			<xmin>271</xmin>
			<ymin>582</ymin>
			<xmax>505</xmax>
			<ymax>740</ymax>
		</bndbox>
	</object>
	<object>
		<name>dish</name>
		<bndbox>
			<xmin>878</xmin>
			<ymin>567</ymin>
			<xmax>1730</xmax>
			<ymax>1121</ymax>
		</bndbox>
	</object>
	<object>
		<name>오징어젓갈</name>
		<bndbox>
			<xmin>1022</xmin>
			<ymin>714</ymin>
			<xmax>1417</xmax>
			<ymax>1064</ymax>
		</bndbox>
	</object>
</annotation>