<annotation>
	<folder>side반찬면적접시오징어젓갈q4</folder>
	<filename>side_반찬면적_접시_오징어젓갈_Q4_00037.JPG</filename>
	<path>/side반찬면적접시오징어젓갈q4/side_반찬면적_접시_오징어젓갈_Q4_00037.JPG</path>
	<source>
		<database>fooddata</database>
	</source>
	<size>
		<width>3008</width>
		<height>2000</height>
		<depth>3</depth>
	</size>
	<object>
		<name>ref_spoon</name>
		<bndbox>
			<xmin>290</xmin>
			<ymin>559</ymin>
			<xmax>626</xmax>
			<ymax>974</ymax>
		</bndbox>
	</object>
	<object>
		<name>ref_fork</name>
		<bndbox>
			<xmin>678</xmin>
			<ymin>563</ymin>
			<xmax>931</xmax>
			<ymax>1023</ymax>
		</bndbox>
	</object>
	<object>
		<name>ref_coin</name>
		<bndbox>
			<xmin>2145</xmin>
			<ymin>1064</ymin>
			<xmax>2386</xmax>
			<ymax>1245</ymax>
		</bndbox>
	</object>
	<object>
		<name>dish</name>
		<bndbox>
			<xmin>1022</xmin>
			<ymin>597</ymin>
			<xmax>1900</xmax>
			<ymax>1200</ymax>
		</bndbox>
	</object>
	<object>
		<name>오징어젓갈</name>
		<bndbox>
			<xmin>1221</xmin>
			<ymin>732</ymin>
			<xmax>1730</xmax>
			<ymax>1117</ymax>
		</bndbox>
	</object>
</annotation>