<annotation>
	<folder>top반찬면적접시오징어젓갈q4</folder>
	<filename>top_반찬면적_접시_오징어젓갈_Q4_00044.JPG</filename>
	<path>/top반찬면적접시오징어젓갈q4/top_반찬면적_접시_오징어젓갈_Q4_00044.JPG</path>
	<source>
		<database>fooddata</database>
	</source>
	<size>
		<width>3008</width>
		<height>2000</height>
		<depth>3</depth>
	</size>
	<object>
		<name>ref_spoon</name>
		<bndbox>
			<xmin>415</xmin>
			<ymin>231</ymin>
			<xmax>769</xmax>
			<ymax>747</ymax>
		</bndbox>
	</object>
	<object>
		<name>ref_fork</name>
		<bndbox>
			<xmin>935</xmin>
			<ymin>295</ymin>
			<xmax>1184</xmax>
			<ymax>883</ymax>
		</bndbox>
	</object>
	<object>
		<name>ref_coin</name>
		<bndbox>
			<xmin>1481</xmin>
			<ymin>122</ymin>
			<xmax>1719</xmax>
			<ymax>355</ymax>
		</bndbox>
	</object>
	<object>
		<name>dish</name>
		<bndbox>
			<xmin>1376</xmin>
			<ymin>729</ymin>
			<xmax>2265</xmax>
			<ymax>1663</ymax>
		</bndbox>
	</object>
	<object>
		<name>오징어젓갈</name>
		<bndbox>
			<xmin>1617</xmin>
			<ymin>1109</ymin>
			<xmax>2062</xmax>
			<ymax>1479</ymax>
		</bndbox>
	</object>
</annotation>