<annotation>
	<folder>top반찬면적접시오징어젓갈q4</folder>
	<filename>top_반찬면적_접시_오징어젓갈_Q4_00017.JPG</filename>
	<path>/top반찬면적접시오징어젓갈q4/top_반찬면적_접시_오징어젓갈_Q4_00017.JPG</path>
	<source>
		<database>fooddata</database>
	</source>
	<size>
		<width>3008</width>
		<height>2000</height>
		<depth>3</depth>
	</size>
	<object>
		<name>ref_spoon</name>
		<bndbox>
			<xmin>739</xmin>
			<ymin>1528</ymin>
			<xmax>1255</xmax>
			<ymax>1863</ymax>
		</bndbox>
	</object>
	<object>
		<name>ref_fork</name>
		<bndbox>
			<xmin>758</xmin>
			<ymin>1230</ymin>
			<xmax>1278</xmax>
			<ymax>1449</ymax>
		</bndbox>
	</object>
	<object>
		<name>ref_coin</name>
		<bndbox>
			<xmin>1990</xmin>
			<ymin>732</ymin>
			<xmax>2209</xmax>
			<ymax>959</ymax>
		</bndbox>
	</object>
	<object>
		<name>dish</name>
		<bndbox>
			<xmin>1067</xmin>
			<ymin>174</ymin>
			<xmax>1896</xmax>
			<ymax>992</ymax>
		</bndbox>
	</object>
	<object>
		<name>오징어젓갈</name>
		<bndbox>
			<xmin>1270</xmin>
			<ymin>416</ymin>
			<xmax>1704</xmax>
			<ymax>823</ymax>
		</bndbox>
	</object>
</annotation>