<annotation>
	<folder>top반찬면적접시오징어젓갈q4</folder>
	<filename>top_반찬면적_접시_오징어젓갈_Q4_00014.JPG</filename>
	<path>/top반찬면적접시오징어젓갈q4/top_반찬면적_접시_오징어젓갈_Q4_00014.JPG</path>
	<source>
		<database>fooddata</database>
	</source>
	<size>
		<width>3008</width>
		<height>2000</height>
		<depth>3</depth>
	</size>
	<object>
		<name>ref_spoon</name>
		<bndbox>
			<xmin>1572</xmin>
			<ymin>129</ymin>
			<xmax>1866</xmax>
			<ymax>589</ymax>
		</bndbox>
	</object>
	<object>
		<name>ref_fork</name>
		<bndbox>
			<xmin>1975</xmin>
			<ymin>84</ymin>
			<xmax>2198</xmax>
			<ymax>597</ymax>
		</bndbox>
	</object>
	<object>
		<name>ref_coin</name>
		<bndbox>
			<xmin>2194</xmin>
			<ymin>1716</ymin>
			<xmax>2416</xmax>
			<ymax>1957</ymax>
		</bndbox>
	</object>
	<object>
		<name>dish</name>
		<bndbox>
			<xmin>735</xmin>
			<ymin>714</ymin>
			<xmax>1561</xmax>
			<ymax>1547</ymax>
		</bndbox>
	</object>
	<object>
		<name>오징어젓갈</name>
		<bndbox>
			<xmin>999</xmin>
			<ymin>928</ymin>
			<xmax>1372</xmax>
			<ymax>1373</ymax>
		</bndbox>
	</object>
</annotation>