<annotation>
	<folder>top반찬면적접시오징어젓갈q4</folder>
	<filename>top_반찬면적_접시_오징어젓갈_Q4_00026.JPG</filename>
	<path>/top반찬면적접시오징어젓갈q4/top_반찬면적_접시_오징어젓갈_Q4_00026.JPG</path>
	<source>
		<database>fooddata</database>
	</source>
	<size>
		<width>3008</width>
		<height>2000</height>
		<depth>3</depth>
	</size>
	<object>
		<name>ref_spoon</name>
		<bndbox>
			<xmin>818</xmin>
			<ymin>1501</ymin>
			<xmax>1289</xmax>
			<ymax>1833</ymax>
		</bndbox>
	</object>
	<object>
		<name>ref_fork</name>
		<bndbox>
			<xmin>833</xmin>
			<ymin>1192</ymin>
			<xmax>1353</xmax>
			<ymax>1418</ymax>
		</bndbox>
	</object>
	<object>
		<name>ref_coin</name>
		<bndbox>
			<xmin>347</xmin>
			<ymin>1008</ymin>
			<xmax>592</xmax>
			<ymax>1241</ymax>
		</bndbox>
	</object>
	<object>
		<name>dish</name>
		<bndbox>
			<xmin>1251</xmin>
			<ymin>280</ymin>
			<xmax>2073</xmax>
			<ymax>1121</ymax>
		</bndbox>
	</object>
	<object>
		<name>오징어젓갈</name>
		<bndbox>
			<xmin>1387</xmin>
			<ymin>506</ymin>
			<xmax>1873</xmax>
			<ymax>932</ymax>
		</bndbox>
	</object>
</annotation>