<annotation>
	<folder>top반찬면적접시오징어젓갈q4</folder>
	<filename>top_반찬면적_접시_오징어젓갈_Q4_00023.JPG</filename>
	<path>/top반찬면적접시오징어젓갈q4/top_반찬면적_접시_오징어젓갈_Q4_00023.JPG</path>
	<source>
		<database>fooddata</database>
	</source>
	<size>
		<width>3008</width>
		<height>2000</height>
		<depth>3</depth>
	</size>
	<object>
		<name>ref_spoon</name>
		<bndbox>
			<xmin>886</xmin>
			<ymin>1531</ymin>
			<xmax>1342</xmax>
			<ymax>1859</ymax>
		</bndbox>
	</object>
	<object>
		<name>ref_fork</name>
		<bndbox>
			<xmin>912</xmin>
			<ymin>1245</ymin>
			<xmax>1410</xmax>
			<ymax>1460</ymax>
		</bndbox>
	</object>
	<object>
		<name>ref_coin</name>
		<bndbox>
			<xmin>1003</xmin>
			<ymin>227</ymin>
			<xmax>1218</xmax>
			<ymax>435</ymax>
		</bndbox>
	</object>
	<object>
		<name>dish</name>
		<bndbox>
			<xmin>1323</xmin>
			<ymin>291</ymin>
			<xmax>2118</xmax>
			<ymax>1075</ymax>
		</bndbox>
	</object>
	<object>
		<name>오징어젓갈</name>
		<bndbox>
			<xmin>1485</xmin>
			<ymin>487</ymin>
			<xmax>1930</xmax>
			<ymax>917</ymax>
		</bndbox>
	</object>
</annotation>