<annotation>
	<folder>side볶음밥류접시삼선볶음밥q5</folder>
	<filename>side_볶음밥류_접시_삼선볶음밥_Q5_00032.JPG</filename>
	<path>/side볶음밥류접시삼선볶음밥q5/side_볶음밥류_접시_삼선볶음밥_Q5_00032.JPG</path>
	<source>
		<database>fooddata</database>
	</source>
	<size>
		<width>5472</width>
		<height>3648</height>
		<depth>3</depth>
	</size>
	<object>
		<name>ref_spoon</name>
		<bndbox>
			<xmin>1333</xmin>
			<ymin>838</ymin>
			<xmax>1786</xmax>
			<ymax>1510</ymax>
		</bndbox>
	</object>
	<object>
		<name>ref_fork</name>
		<bndbox>
			<xmin>872</xmin>
			<ymin>856</ymin>
			<xmax>1185</xmax>
			<ymax>1582</ymax>
		</bndbox>
	</object>
	<object>
		<name>ref_coin</name>
		<bndbox>
			<xmin>3906</xmin>
			<ymin>865</ymin>
			<xmax>4233</xmax>
			<ymax>1098</ymax>
		</bndbox>
	</object>
	<object>
		<name>dish</name>
		<bndbox>
			<xmin>2122</xmin>
			<ymin>596</ymin>
			<xmax>4654</xmax>
			<ymax>2747</ymax>
		</bndbox>
	</object>
	<object>
		<name>삼선볶음밥</name>
		<bndbox>
			<xmin>2234</xmin>
			<ymin>789</ymin>
			<xmax>4417</xmax>
			<ymax>2644</ymax>
		</bndbox>
	</object>
</annotation>