<annotation>
	<folder>side볶음밥류접시삼선볶음밥q5</folder>
	<filename>side_볶음밥류_접시_삼선볶음밥_Q5_00008.JPG</filename>
	<path>/side볶음밥류접시삼선볶음밥q5/side_볶음밥류_접시_삼선볶음밥_Q5_00008.JPG</path>
	<source>
		<database>fooddata</database>
	</source>
	<size>
		<width>5472</width>
		<height>3648</height>
		<depth>3</depth>
	</size>
	<object>
		<name>ref_spoon</name>
		<bndbox>
			<xmin>4608</xmin>
			<ymin>795</ymin>
			<xmax>5093</xmax>
			<ymax>1500</ymax>
		</bndbox>
	</object>
	<object>
		<name>ref_fork</name>
		<bndbox>
			<xmin>4108</xmin>
			<ymin>891</ymin>
			<xmax>4470</xmax>
			<ymax>1672</ymax>
		</bndbox>
	</object>
	<object>
		<name>ref_coin</name>
		<bndbox>
			<xmin>1717</xmin>
			<ymin>876</ymin>
			<xmax>2074</xmax>
			<ymax>1133</ymax>
		</bndbox>
	</object>
	<object>
		<name>dish</name>
		<bndbox>
			<xmin>241</xmin>
			<ymin>1262</ymin>
			<xmax>3846</xmax>
			<ymax>3177</ymax>
		</bndbox>
	</object>
	<object>
		<name>삼선볶음밥</name>
		<bndbox>
			<xmin>698</xmin>
			<ymin>1476</ymin>
			<xmax>3612</xmax>
			<ymax>3081</ymax>
		</bndbox>
	</object>
</annotation>