<annotation>
	<folder>side볶음밥류접시삼선볶음밥q5</folder>
	<filename>side_볶음밥류_접시_삼선볶음밥_Q5_00024.JPG</filename>
	<path>/side볶음밥류접시삼선볶음밥q5/side_볶음밥류_접시_삼선볶음밥_Q5_00024.JPG</path>
	<source>
		<database>fooddata</database>
	</source>
	<size>
		<width>5472</width>
		<height>3648</height>
		<depth>3</depth>
	</size>
	<object>
		<name>ref_spoon</name>
		<bndbox>
			<xmin>1311</xmin>
			<ymin>937</ymin>
			<xmax>1768</xmax>
			<ymax>1604</ymax>
		</bndbox>
	</object>
	<object>
		<name>ref_fork</name>
		<bndbox>
			<xmin>706</xmin>
			<ymin>973</ymin>
			<xmax>1020</xmax>
			<ymax>1712</ymax>
		</bndbox>
	</object>
	<object>
		<name>ref_coin</name>
		<bndbox>
			<xmin>3426</xmin>
			<ymin>932</ymin>
			<xmax>3749</xmax>
			<ymax>1161</ymax>
		</bndbox>
	</object>
	<object>
		<name>dish</name>
		<bndbox>
			<xmin>1638</xmin>
			<ymin>1183</ymin>
			<xmax>5071</xmax>
			<ymax>2752</ymax>
		</bndbox>
	</object>
	<object>
		<name>삼선볶음밥</name>
		<bndbox>
			<xmin>1862</xmin>
			<ymin>1336</ymin>
			<xmax>4757</xmax>
			<ymax>2662</ymax>
		</bndbox>
	</object>
</annotation>