<annotation>
	<folder>side볶음밥류접시삼선볶음밥q5</folder>
	<filename>side_볶음밥류_접시_삼선볶음밥_Q5_00059.JPG</filename>
	<path>/side볶음밥류접시삼선볶음밥q5/side_볶음밥류_접시_삼선볶음밥_Q5_00059.JPG</path>
	<source>
		<database>fooddata</database>
	</source>
	<size>
		<width>5472</width>
		<height>3648</height>
		<depth>3</depth>
	</size>
	<object>
		<name>ref_spoon</name>
		<bndbox>
			<xmin>1060</xmin>
			<ymin>2236</ymin>
			<xmax>1858</xmax>
			<ymax>2640</ymax>
		</bndbox>
	</object>
	<object>
		<name>ref_fork</name>
		<bndbox>
			<xmin>1320</xmin>
			<ymin>2810</ymin>
			<xmax>2185</xmax>
			<ymax>3151</ymax>
		</bndbox>
	</object>
	<object>
		<name>ref_coin</name>
		<bndbox>
			<xmin>4430</xmin>
			<ymin>1098</ymin>
			<xmax>4766</xmax>
			<ymax>1367</ymax>
		</bndbox>
	</object>
	<object>
		<name>dish</name>
		<bndbox>
			<xmin>849</xmin>
			<ymin>484</ymin>
			<xmax>4098</xmax>
			<ymax>1923</ymax>
		</bndbox>
	</object>
	<object>
		<name>삼선볶음밥</name>
		<bndbox>
			<xmin>1087</xmin>
			<ymin>542</ymin>
			<xmax>3919</xmax>
			<ymax>1869</ymax>
		</bndbox>
	</object>
</annotation>