<annotation>
	<folder>side볶음밥류접시삼선볶음밥q5</folder>
	<filename>side_볶음밥류_접시_삼선볶음밥_Q5_00052.JPG</filename>
	<path>/side볶음밥류접시삼선볶음밥q5/side_볶음밥류_접시_삼선볶음밥_Q5_00052.JPG</path>
	<source>
		<database>fooddata</database>
	</source>
	<size>
		<width>5472</width>
		<height>3648</height>
		<depth>3</depth>
	</size>
	<object>
		<name>ref_spoon</name>
		<bndbox>
			<xmin>1683</xmin>
			<ymin>2375</ymin>
			<xmax>2503</xmax>
			<ymax>2788</ymax>
		</bndbox>
	</object>
	<object>
		<name>ref_fork</name>
		<bndbox>
			<xmin>1952</xmin>
			<ymin>2953</ymin>
			<xmax>2866</xmax>
			<ymax>3298</ymax>
		</bndbox>
	</object>
	<object>
		<name>ref_coin</name>
		<bndbox>
			<xmin>625</xmin>
			<ymin>1941</ymin>
			<xmax>997</xmax>
			<ymax>2218</ymax>
		</bndbox>
	</object>
	<object>
		<name>dish</name>
		<bndbox>
			<xmin>1441</xmin>
			<ymin>569</ymin>
			<xmax>4730</xmax>
			<ymax>2048</ymax>
		</bndbox>
	</object>
	<object>
		<name>삼선볶음밥</name>
		<bndbox>
			<xmin>1683</xmin>
			<ymin>645</ymin>
			<xmax>4520</xmax>
			<ymax>1981</ymax>
		</bndbox>
	</object>
</annotation>