<annotation>
	<folder>side볶음밥류접시삼선볶음밥q5</folder>
	<filename>side_볶음밥류_접시_삼선볶음밥_Q5_00037.JPG</filename>
	<path>/side볶음밥류접시삼선볶음밥q5/side_볶음밥류_접시_삼선볶음밥_Q5_00037.JPG</path>
	<source>
		<database>fooddata</database>
	</source>
	<size>
		<width>5472</width>
		<height>3648</height>
		<depth>3</depth>
	</size>
	<object>
		<name>ref_spoon</name>
		<bndbox>
			<xmin>1871</xmin>
			<ymin>2528</ymin>
			<xmax>2700</xmax>
			<ymax>2926</ymax>
		</bndbox>
	</object>
	<object>
		<name>ref_fork</name>
		<bndbox>
			<xmin>2135</xmin>
			<ymin>3092</ymin>
			<xmax>3059</xmax>
			<ymax>3433</ymax>
		</bndbox>
	</object>
	<object>
		<name>ref_coin</name>
		<bndbox>
			<xmin>4560</xmin>
			<ymin>1864</ymin>
			<xmax>4914</xmax>
			<ymax>2129</ymax>
		</bndbox>
	</object>
	<object>
		<name>dish</name>
		<bndbox>
			<xmin>1530</xmin>
			<ymin>578</ymin>
			<xmax>4721</xmax>
			<ymax>1932</ymax>
		</bndbox>
	</object>
	<object>
		<name>삼선볶음밥</name>
		<bndbox>
			<xmin>1732</xmin>
			<ymin>722</ymin>
			<xmax>4488</xmax>
			<ymax>1851</ymax>
		</bndbox>
	</object>
</annotation>