<annotation>
	<folder>side볶음밥류접시삼선볶음밥q5</folder>
	<filename>side_볶음밥류_접시_삼선볶음밥_Q5_00056.JPG</filename>
	<path>/side볶음밥류접시삼선볶음밥q5/side_볶음밥류_접시_삼선볶음밥_Q5_00056.JPG</path>
	<source>
		<database>fooddata</database>
	</source>
	<size>
		<width>5472</width>
		<height>3648</height>
		<depth>3</depth>
	</size>
	<object>
		<name>ref_spoon</name>
		<bndbox>
			<xmin>1427</xmin>
			<ymin>2156</ymin>
			<xmax>2248</xmax>
			<ymax>2568</ymax>
		</bndbox>
	</object>
	<object>
		<name>ref_fork</name>
		<bndbox>
			<xmin>1710</xmin>
			<ymin>2734</ymin>
			<xmax>2584</xmax>
			<ymax>3065</ymax>
		</bndbox>
	</object>
	<object>
		<name>ref_coin</name>
		<bndbox>
			<xmin>2821</xmin>
			<ymin>3079</ymin>
			<xmax>3211</xmax>
			<ymax>3397</ymax>
		</bndbox>
	</object>
	<object>
		<name>dish</name>
		<bndbox>
			<xmin>1208</xmin>
			<ymin>363</ymin>
			<xmax>4470</xmax>
			<ymax>1837</ymax>
		</bndbox>
	</object>
	<object>
		<name>삼선볶음밥</name>
		<bndbox>
			<xmin>1436</xmin>
			<ymin>430</ymin>
			<xmax>4273</xmax>
			<ymax>1761</ymax>
		</bndbox>
	</object>
</annotation>