<annotation>
	<folder>side볶음밥류접시삼선볶음밥q5</folder>
	<filename>side_볶음밥류_접시_삼선볶음밥_Q5_00003.JPG</filename>
	<path>/side볶음밥류접시삼선볶음밥q5/side_볶음밥류_접시_삼선볶음밥_Q5_00003.JPG</path>
	<source>
		<database>fooddata</database>
	</source>
	<size>
		<width>5472</width>
		<height>3648</height>
		<depth>3</depth>
	</size>
	<object>
		<name>ref_spoon</name>
		<bndbox>
			<xmin>4465</xmin>
			<ymin>557</ymin>
			<xmax>4951</xmax>
			<ymax>1267</ymax>
		</bndbox>
	</object>
	<object>
		<name>ref_fork</name>
		<bndbox>
			<xmin>3960</xmin>
			<ymin>657</ymin>
			<xmax>4317</xmax>
			<ymax>1424</ymax>
		</bndbox>
	</object>
	<object>
		<name>ref_coin</name>
		<bndbox>
			<xmin>1912</xmin>
			<ymin>2729</ymin>
			<xmax>2312</xmax>
			<ymax>3053</ymax>
		</bndbox>
	</object>
	<object>
		<name>dish</name>
		<bndbox>
			<xmin>779</xmin>
			<ymin>505</ymin>
			<xmax>4117</xmax>
			<ymax>2357</ymax>
		</bndbox>
	</object>
	<object>
		<name>삼선볶음밥</name>
		<bndbox>
			<xmin>1022</xmin>
			<ymin>691</ymin>
			<xmax>3731</xmax>
			<ymax>2257</ymax>
		</bndbox>
	</object>
</annotation>