<annotation>
	<folder>side볶음밥류접시삼선볶음밥q5</folder>
	<filename>side_볶음밥류_접시_삼선볶음밥_Q5_00033.JPG</filename>
	<path>/side볶음밥류접시삼선볶음밥q5/side_볶음밥류_접시_삼선볶음밥_Q5_00033.JPG</path>
	<source>
		<database>fooddata</database>
	</source>
	<size>
		<width>5472</width>
		<height>3648</height>
		<depth>3</depth>
	</size>
	<object>
		<name>ref_spoon</name>
		<bndbox>
			<xmin>1692</xmin>
			<ymin>2326</ymin>
			<xmax>2534</xmax>
			<ymax>2729</ymax>
		</bndbox>
	</object>
	<object>
		<name>ref_fork</name>
		<bndbox>
			<xmin>1952</xmin>
			<ymin>2900</ymin>
			<xmax>2861</xmax>
			<ymax>3240</ymax>
		</bndbox>
	</object>
	<object>
		<name>ref_coin</name>
		<bndbox>
			<xmin>2920</xmin>
			<ymin>2017</ymin>
			<xmax>3269</xmax>
			<ymax>2299</ymax>
		</bndbox>
	</object>
	<object>
		<name>dish</name>
		<bndbox>
			<xmin>1374</xmin>
			<ymin>390</ymin>
			<xmax>4591</xmax>
			<ymax>1730</ymax>
		</bndbox>
	</object>
	<object>
		<name>삼선볶음밥</name>
		<bndbox>
			<xmin>1580</xmin>
			<ymin>538</ymin>
			<xmax>4372</xmax>
			<ymax>1663</ymax>
		</bndbox>
	</object>
</annotation>