<annotation>
	<folder>side볶음밥류접시삼선볶음밥q5</folder>
	<filename>side_볶음밥류_접시_삼선볶음밥_Q5_00039.JPG</filename>
	<path>/side볶음밥류접시삼선볶음밥q5/side_볶음밥류_접시_삼선볶음밥_Q5_00039.JPG</path>
	<source>
		<database>fooddata</database>
	</source>
	<size>
		<width>5472</width>
		<height>3648</height>
		<depth>3</depth>
	</size>
	<object>
		<name>ref_spoon</name>
		<bndbox>
			<xmin>1400</xmin>
			<ymin>2348</ymin>
			<xmax>2216</xmax>
			<ymax>2756</ymax>
		</bndbox>
	</object>
	<object>
		<name>ref_fork</name>
		<bndbox>
			<xmin>1651</xmin>
			<ymin>2913</ymin>
			<xmax>2539</xmax>
			<ymax>3258</ymax>
		</bndbox>
	</object>
	<object>
		<name>ref_coin</name>
		<bndbox>
			<xmin>4327</xmin>
			<ymin>1223</ymin>
			<xmax>4668</xmax>
			<ymax>1465</ymax>
		</bndbox>
	</object>
	<object>
		<name>dish</name>
		<bndbox>
			<xmin>1024</xmin>
			<ymin>663</ymin>
			<xmax>4242</xmax>
			<ymax>2053</ymax>
		</bndbox>
	</object>
	<object>
		<name>삼선볶음밥</name>
		<bndbox>
			<xmin>1230</xmin>
			<ymin>834</ymin>
			<xmax>4018</xmax>
			<ymax>1967</ymax>
		</bndbox>
	</object>
</annotation>