<annotation>
	<folder>side볶음밥류접시삼선볶음밥q5</folder>
	<filename>side_볶음밥류_접시_삼선볶음밥_Q5_00017.JPG</filename>
	<path>/side볶음밥류접시삼선볶음밥q5/side_볶음밥류_접시_삼선볶음밥_Q5_00017.JPG</path>
	<source>
		<database>fooddata</database>
	</source>
	<size>
		<width>5472</width>
		<height>3648</height>
		<depth>3</depth>
	</size>
	<object>
		<name>ref_spoon</name>
		<bndbox>
			<xmin>1136</xmin>
			<ymin>1147</ymin>
			<xmax>1602</xmax>
			<ymax>1820</ymax>
		</bndbox>
	</object>
	<object>
		<name>ref_fork</name>
		<bndbox>
			<xmin>545</xmin>
			<ymin>1197</ymin>
			<xmax>858</xmax>
			<ymax>1949</ymax>
		</bndbox>
	</object>
	<object>
		<name>ref_coin</name>
		<bndbox>
			<xmin>3247</xmin>
			<ymin>2882</ymin>
			<xmax>3610</xmax>
			<ymax>3182</ymax>
		</bndbox>
	</object>
	<object>
		<name>dish</name>
		<bndbox>
			<xmin>1701</xmin>
			<ymin>1017</ymin>
			<xmax>5008</xmax>
			<ymax>2442</ymax>
		</bndbox>
	</object>
	<object>
		<name>삼선볶음밥</name>
		<bndbox>
			<xmin>1956</xmin>
			<ymin>1183</ymin>
			<xmax>4775</xmax>
			<ymax>2357</ymax>
		</bndbox>
	</object>
</annotation>