<annotation>
	<folder>side볶음밥류접시삼선볶음밥q5</folder>
	<filename>side_볶음밥류_접시_삼선볶음밥_Q5_00029.JPG</filename>
	<path>/side볶음밥류접시삼선볶음밥q5/side_볶음밥류_접시_삼선볶음밥_Q5_00029.JPG</path>
	<source>
		<database>fooddata</database>
	</source>
	<size>
		<width>5472</width>
		<height>3648</height>
		<depth>3</depth>
	</size>
	<object>
		<name>ref_spoon</name>
		<bndbox>
			<xmin>1589</xmin>
			<ymin>1134</ymin>
			<xmax>2028</xmax>
			<ymax>1784</ymax>
		</bndbox>
	</object>
	<object>
		<name>ref_fork</name>
		<bndbox>
			<xmin>1141</xmin>
			<ymin>1188</ymin>
			<xmax>1445</xmax>
			<ymax>1923</ymax>
		</bndbox>
	</object>
	<object>
		<name>ref_coin</name>
		<bndbox>
			<xmin>2897</xmin>
			<ymin>3101</ymin>
			<xmax>3265</xmax>
			<ymax>3419</ymax>
		</bndbox>
	</object>
	<object>
		<name>dish</name>
		<bndbox>
			<xmin>2086</xmin>
			<ymin>834</ymin>
			<xmax>4766</xmax>
			<ymax>2747</ymax>
		</bndbox>
	</object>
	<object>
		<name>삼선볶음밥</name>
		<bndbox>
			<xmin>2270</xmin>
			<ymin>1053</ymin>
			<xmax>4587</xmax>
			<ymax>2658</ymax>
		</bndbox>
	</object>
</annotation>