<annotation>
	<folder>side볶음밥류접시삼선볶음밥q5</folder>
	<filename>side_볶음밥류_접시_삼선볶음밥_Q5_00001.JPG</filename>
	<path>/side볶음밥류접시삼선볶음밥q5/side_볶음밥류_접시_삼선볶음밥_Q5_00001.JPG</path>
	<source>
		<database>fooddata</database>
	</source>
	<size>
		<width>5472</width>
		<height>3648</height>
		<depth>3</depth>
	</size>
	<object>
		<name>ref_spoon</name>
		<bndbox>
			<xmin>4617</xmin>
			<ymin>972</ymin>
			<xmax>5112</xmax>
			<ymax>1667</ymax>
		</bndbox>
	</object>
	<object>
		<name>ref_fork</name>
		<bndbox>
			<xmin>4108</xmin>
			<ymin>1062</ymin>
			<xmax>4465</xmax>
			<ymax>1829</ymax>
		</bndbox>
	</object>
	<object>
		<name>ref_coin</name>
		<bndbox>
			<xmin>3222</xmin>
			<ymin>2919</ymin>
			<xmax>3622</xmax>
			<ymax>3243</ymax>
		</bndbox>
	</object>
	<object>
		<name>dish</name>
		<bndbox>
			<xmin>269</xmin>
			<ymin>1176</ymin>
			<xmax>3984</xmax>
			<ymax>2753</ymax>
		</bndbox>
	</object>
	<object>
		<name>삼선볶음밥</name>
		<bndbox>
			<xmin>541</xmin>
			<ymin>1272</ymin>
			<xmax>3550</xmax>
			<ymax>2662</ymax>
		</bndbox>
	</object>
</annotation>