<annotation>
	<folder>side볶음밥류접시삼선볶음밥q5</folder>
	<filename>side_볶음밥류_접시_삼선볶음밥_Q5_00047.JPG</filename>
	<path>/side볶음밥류접시삼선볶음밥q5/side_볶음밥류_접시_삼선볶음밥_Q5_00047.JPG</path>
	<source>
		<database>fooddata</database>
	</source>
	<size>
		<width>5472</width>
		<height>3648</height>
		<depth>3</depth>
	</size>
	<object>
		<name>ref_spoon</name>
		<bndbox>
			<xmin>1508</xmin>
			<ymin>2416</ymin>
			<xmax>2306</xmax>
			<ymax>2828</ymax>
		</bndbox>
	</object>
	<object>
		<name>ref_fork</name>
		<bndbox>
			<xmin>1790</xmin>
			<ymin>3003</ymin>
			<xmax>2669</xmax>
			<ymax>3325</ymax>
		</bndbox>
	</object>
	<object>
		<name>ref_coin</name>
		<bndbox>
			<xmin>1831</xmin>
			<ymin>444</ymin>
			<xmax>2149</xmax>
			<ymax>668</ymax>
		</bndbox>
	</object>
	<object>
		<name>dish</name>
		<bndbox>
			<xmin>1279</xmin>
			<ymin>614</ymin>
			<xmax>4533</xmax>
			<ymax>2070</ymax>
		</bndbox>
	</object>
	<object>
		<name>삼선볶음밥</name>
		<bndbox>
			<xmin>1499</xmin>
			<ymin>672</ymin>
			<xmax>4327</xmax>
			<ymax>2012</ymax>
		</bndbox>
	</object>
</annotation>