<annotation>
	<folder>side볶음밥류접시삼선볶음밥q5</folder>
	<filename>side_볶음밥류_접시_삼선볶음밥_Q5_00012.JPG</filename>
	<path>/side볶음밥류접시삼선볶음밥q5/side_볶음밥류_접시_삼선볶음밥_Q5_00012.JPG</path>
	<source>
		<database>fooddata</database>
	</source>
	<size>
		<width>5472</width>
		<height>3648</height>
		<depth>3</depth>
	</size>
	<object>
		<name>ref_spoon</name>
		<bndbox>
			<xmin>4441</xmin>
			<ymin>529</ymin>
			<xmax>4922</xmax>
			<ymax>1195</ymax>
		</bndbox>
	</object>
	<object>
		<name>ref_fork</name>
		<bndbox>
			<xmin>3965</xmin>
			<ymin>624</ymin>
			<xmax>4312</xmax>
			<ymax>1367</ymax>
		</bndbox>
	</object>
	<object>
		<name>ref_coin</name>
		<bndbox>
			<xmin>3365</xmin>
			<ymin>2238</ymin>
			<xmax>3746</xmax>
			<ymax>2557</ymax>
		</bndbox>
	</object>
	<object>
		<name>dish</name>
		<bndbox>
			<xmin>460</xmin>
			<ymin>338</ymin>
			<xmax>2955</xmax>
			<ymax>2734</ymax>
		</bndbox>
	</object>
	<object>
		<name>삼선볶음밥</name>
		<bndbox>
			<xmin>650</xmin>
			<ymin>557</ymin>
			<xmax>2669</xmax>
			<ymax>2638</ymax>
		</bndbox>
	</object>
</annotation>