<annotation>
	<folder>side볶음밥류접시삼선볶음밥q5</folder>
	<filename>side_볶음밥류_접시_삼선볶음밥_Q5_00055.JPG</filename>
	<path>/side볶음밥류접시삼선볶음밥q5/side_볶음밥류_접시_삼선볶음밥_Q5_00055.JPG</path>
	<source>
		<database>fooddata</database>
	</source>
	<size>
		<width>5472</width>
		<height>3648</height>
		<depth>3</depth>
	</size>
	<object>
		<name>ref_spoon</name>
		<bndbox>
			<xmin>1580</xmin>
			<ymin>2245</ymin>
			<xmax>2377</xmax>
			<ymax>2649</ymax>
		</bndbox>
	</object>
	<object>
		<name>ref_fork</name>
		<bndbox>
			<xmin>1849</xmin>
			<ymin>2810</ymin>
			<xmax>2714</xmax>
			<ymax>3155</ymax>
		</bndbox>
	</object>
	<object>
		<name>ref_coin</name>
		<bndbox>
			<xmin>778</xmin>
			<ymin>2801</ymin>
			<xmax>1158</xmax>
			<ymax>3128</ymax>
		</bndbox>
	</object>
	<object>
		<name>dish</name>
		<bndbox>
			<xmin>1356</xmin>
			<ymin>466</ymin>
			<xmax>4623</xmax>
			<ymax>1932</ymax>
		</bndbox>
	</object>
	<object>
		<name>삼선볶음밥</name>
		<bndbox>
			<xmin>1584</xmin>
			<ymin>533</ymin>
			<xmax>4421</xmax>
			<ymax>1864</ymax>
		</bndbox>
	</object>
</annotation>