<annotation>
	<folder>top볶음밥류접시삼선볶음밥q5</folder>
	<filename>top_볶음밥류_접시_삼선볶음밥_Q5_00036.JPG</filename>
	<path>/top볶음밥류접시삼선볶음밥q5/top_볶음밥류_접시_삼선볶음밥_Q5_00036.JPG</path>
	<source>
		<database>fooddata</database>
	</source>
	<size>
		<width>720</width>
		<height>480</height>
		<depth>3</depth>
	</size>
	<object>
		<name>ref_spoon</name>
		<bndbox>
			<xmin>103</xmin>
			<ymin>69</ymin>
			<xmax>166</xmax>
			<ymax>194</ymax>
		</bndbox>
	</object>
	<object>
		<name>ref_fork</name>
		<bndbox>
			<xmin>195</xmin>
			<ymin>80</ymin>
			<xmax>235</xmax>
			<ymax>205</ymax>
		</bndbox>
	</object>
	<object>
		<name>ref_coin</name>
		<bndbox>
			<xmin>316</xmin>
			<ymin>380</ymin>
			<xmax>361</xmax>
			<ymax>428</ymax>
		</bndbox>
	</object>
	<object>
		<name>dish</name>
		<bndbox>
			<xmin>236</xmin>
			<ymin>110</ymin>
			<xmax>686</xmax>
			<ymax>375</ymax>
		</bndbox>
	</object>
	<object>
		<name>삼선볶음밥</name>
		<bndbox>
			<xmin>269</xmin>
			<ymin>133</ymin>
			<xmax>644</xmax>
			<ymax>357</ymax>
		</bndbox>
	</object>
</annotation>