<annotation>
	<folder>top볶음밥류접시삼선볶음밥q5</folder>
	<filename>top_볶음밥류_접시_삼선볶음밥_Q5_00028.JPG</filename>
	<path>/top볶음밥류접시삼선볶음밥q5/top_볶음밥류_접시_삼선볶음밥_Q5_00028.JPG</path>
	<source>
		<database>fooddata</database>
	</source>
	<size>
		<width>720</width>
		<height>480</height>
		<depth>3</depth>
	</size>
	<object>
		<name>ref_spoon</name>
		<bndbox>
			<xmin>188</xmin>
			<ymin>393</ymin>
			<xmax>292</xmax>
			<ymax>442</ymax>
		</bndbox>
	</object>
	<object>
		<name>ref_fork</name>
		<bndbox>
			<xmin>203</xmin>
			<ymin>347</ymin>
			<xmax>312</xmax>
			<ymax>380</ymax>
		</bndbox>
	</object>
	<object>
		<name>ref_coin</name>
		<bndbox>
			<xmin>388</xmin>
			<ymin>268</ymin>
			<xmax>423</xmax>
			<ymax>302</ymax>
		</bndbox>
	</object>
	<object>
		<name>dish</name>
		<bndbox>
			<xmin>200</xmin>
			<ymin>41</ymin>
			<xmax>444</xmax>
			<ymax>328</ymax>
		</bndbox>
	</object>
	<object>
		<name>삼선볶음밥</name>
		<bndbox>
			<xmin>222</xmin>
			<ymin>74</ymin>
			<xmax>422</xmax>
			<ymax>304</ymax>
		</bndbox>
	</object>
</annotation>