<annotation>
	<folder>top볶음밥류접시삼선볶음밥q5</folder>
	<filename>top_볶음밥류_접시_삼선볶음밥_Q5_00019.JPG</filename>
	<path>/top볶음밥류접시삼선볶음밥q5/top_볶음밥류_접시_삼선볶음밥_Q5_00019.JPG</path>
	<source>
		<database>fooddata</database>
	</source>
	<size>
		<width>720</width>
		<height>480</height>
		<depth>3</depth>
	</size>
	<object>
		<name>ref_spoon</name>
		<bndbox>
			<xmin>165</xmin>
			<ymin>398</ymin>
			<xmax>293</xmax>
			<ymax>462</ymax>
		</bndbox>
	</object>
	<object>
		<name>ref_fork</name>
		<bndbox>
			<xmin>180</xmin>
			<ymin>338</ymin>
			<xmax>316</xmax>
			<ymax>381</ymax>
		</bndbox>
	</object>
	<object>
		<name>ref_coin</name>
		<bndbox>
			<xmin>538</xmin>
			<ymin>234</ymin>
			<xmax>581</xmax>
			<ymax>277</ymax>
		</bndbox>
	</object>
	<object>
		<name>dish</name>
		<bndbox>
			<xmin>129</xmin>
			<ymin>26</ymin>
			<xmax>540</xmax>
			<ymax>310</ymax>
		</bndbox>
	</object>
	<object>
		<name>삼선볶음밥</name>
		<bndbox>
			<xmin>164</xmin>
			<ymin>53</ymin>
			<xmax>492</xmax>
			<ymax>284</ymax>
		</bndbox>
	</object>
</annotation>