<annotation>
	<folder>top볶음밥류접시삼선볶음밥q5</folder>
	<filename>top_볶음밥류_접시_삼선볶음밥_Q5_00038.JPG</filename>
	<path>/top볶음밥류접시삼선볶음밥q5/top_볶음밥류_접시_삼선볶음밥_Q5_00038.JPG</path>
	<source>
		<database>fooddata</database>
	</source>
	<size>
		<width>720</width>
		<height>480</height>
		<depth>3</depth>
	</size>
	<object>
		<name>ref_spoon</name>
		<bndbox>
			<xmin>112</xmin>
			<ymin>53</ymin>
			<xmax>176</xmax>
			<ymax>180</ymax>
		</bndbox>
	</object>
	<object>
		<name>ref_fork</name>
		<bndbox>
			<xmin>205</xmin>
			<ymin>56</ymin>
			<xmax>247</xmax>
			<ymax>183</ymax>
		</bndbox>
	</object>
	<object>
		<name>ref_coin</name>
		<bndbox>
			<xmin>399</xmin>
			<ymin>384</ymin>
			<xmax>446</xmax>
			<ymax>432</ymax>
		</bndbox>
	</object>
	<object>
		<name>dish</name>
		<bndbox>
			<xmin>241</xmin>
			<ymin>100</ymin>
			<xmax>700</xmax>
			<ymax>368</ymax>
		</bndbox>
	</object>
	<object>
		<name>삼선볶음밥</name>
		<bndbox>
			<xmin>277</xmin>
			<ymin>123</ymin>
			<xmax>657</xmax>
			<ymax>349</ymax>
		</bndbox>
	</object>
</annotation>