<annotation>
	<folder>top볶음밥류접시삼선볶음밥q5</folder>
	<filename>top_볶음밥류_접시_삼선볶음밥_Q5_00048.JPG</filename>
	<path>/top볶음밥류접시삼선볶음밥q5/top_볶음밥류_접시_삼선볶음밥_Q5_00048.JPG</path>
	<source>
		<database>fooddata</database>
	</source>
	<size>
		<width>720</width>
		<height>480</height>
		<depth>3</depth>
	</size>
	<object>
		<name>ref_spoon</name>
		<bndbox>
			<xmin>141</xmin>
			<ymin>64</ymin>
			<xmax>198</xmax>
			<ymax>178</ymax>
		</bndbox>
	</object>
	<object>
		<name>ref_fork</name>
		<bndbox>
			<xmin>227</xmin>
			<ymin>65</ymin>
			<xmax>264</xmax>
			<ymax>179</ymax>
		</bndbox>
	</object>
	<object>
		<name>ref_coin</name>
		<bndbox>
			<xmin>543</xmin>
			<ymin>300</ymin>
			<xmax>586</xmax>
			<ymax>343</ymax>
		</bndbox>
	</object>
	<object>
		<name>dish</name>
		<bndbox>
			<xmin>285</xmin>
			<ymin>18</ymin>
			<xmax>533</xmax>
			<ymax>428</ymax>
		</bndbox>
	</object>
	<object>
		<name>삼선볶음밥</name>
		<bndbox>
			<xmin>305</xmin>
			<ymin>53</ymin>
			<xmax>514</xmax>
			<ymax>394</ymax>
		</bndbox>
	</object>
</annotation>