<annotation>
	<folder>top볶음밥류접시삼선볶음밥q5</folder>
	<filename>top_볶음밥류_접시_삼선볶음밥_Q5_00032.JPG</filename>
	<path>/top볶음밥류접시삼선볶음밥q5/top_볶음밥류_접시_삼선볶음밥_Q5_00032.JPG</path>
	<source>
		<database>fooddata</database>
	</source>
	<size>
		<width>720</width>
		<height>480</height>
		<depth>3</depth>
	</size>
	<object>
		<name>ref_spoon</name>
		<bndbox>
			<xmin>220</xmin>
			<ymin>385</ymin>
			<xmax>313</xmax>
			<ymax>434</ymax>
		</bndbox>
	</object>
	<object>
		<name>ref_fork</name>
		<bndbox>
			<xmin>230</xmin>
			<ymin>341</ymin>
			<xmax>329</xmax>
			<ymax>373</ymax>
		</bndbox>
	</object>
	<object>
		<name>ref_coin</name>
		<bndbox>
			<xmin>424</xmin>
			<ymin>269</ymin>
			<xmax>457</xmax>
			<ymax>301</ymax>
		</bndbox>
	</object>
	<object>
		<name>dish</name>
		<bndbox>
			<xmin>242</xmin>
			<ymin>25</ymin>
			<xmax>435</xmax>
			<ymax>323</ymax>
		</bndbox>
	</object>
	<object>
		<name>삼선볶음밥</name>
		<bndbox>
			<xmin>260</xmin>
			<ymin>55</ymin>
			<xmax>424</xmax>
			<ymax>294</ymax>
		</bndbox>
	</object>
</annotation>