<annotation>
	<folder>side국류뚝배기전주콩나물국밥q5</folder>
	<filename>side_국류_뚝배기_전주콩나물국밥_Q5_00051.JPG</filename>
	<path>/side국류뚝배기전주콩나물국밥q5/side_국류_뚝배기_전주콩나물국밥_Q5_00051.JPG</path>
	<source>
		<database>fooddata</database>
	</source>
	<size>
		<width>5472</width>
		<height>3648</height>
		<depth>3</depth>
	</size>
	<object>
		<name>ref_spoon</name>
		<bndbox>
			<xmin>403</xmin>
			<ymin>1367</ymin>
			<xmax>940</xmax>
			<ymax>2259</ymax>
		</bndbox>
	</object>
	<object>
		<name>ref_fork</name>
		<bndbox>
			<xmin>1067</xmin>
			<ymin>1401</ymin>
			<xmax>1427</xmax>
			<ymax>2353</ymax>
		</bndbox>
	</object>
	<object>
		<name>ref_coin</name>
		<bndbox>
			<xmin>2479</xmin>
			<ymin>393</ymin>
			<xmax>2833</xmax>
			<ymax>620</ymax>
		</bndbox>
	</object>
	<object>
		<name>dish</name>
		<bndbox>
			<xmin>1792</xmin>
			<ymin>720</ymin>
			<xmax>4704</xmax>
			<ymax>3189</ymax>
		</bndbox>
	</object>
	<object>
		<name>전주콩나물국밥</name>
		<bndbox>
			<xmin>2063</xmin>
			<ymin>1057</ymin>
			<xmax>4433</xmax>
			<ymax>2480</ymax>
		</bndbox>
	</object>
</annotation>