<annotation>
	<folder>side국류뚝배기전주콩나물국밥q5</folder>
	<filename>side_국류_뚝배기_전주콩나물국밥_Q5_00042.JPG</filename>
	<path>/side국류뚝배기전주콩나물국밥q5/side_국류_뚝배기_전주콩나물국밥_Q5_00042.JPG</path>
	<source>
		<database>fooddata</database>
	</source>
	<size>
		<width>5472</width>
		<height>3648</height>
		<depth>3</depth>
	</size>
	<object>
		<name>ref_spoon</name>
		<bndbox>
			<xmin>547</xmin>
			<ymin>725</ymin>
			<xmax>1067</xmax>
			<ymax>1533</ymax>
		</bndbox>
	</object>
	<object>
		<name>ref_fork</name>
		<bndbox>
			<xmin>1194</xmin>
			<ymin>786</ymin>
			<xmax>1554</xmax>
			<ymax>1727</ymax>
		</bndbox>
	</object>
	<object>
		<name>ref_coin</name>
		<bndbox>
			<xmin>4377</xmin>
			<ymin>2928</ymin>
			<xmax>4792</xmax>
			<ymax>3266</ymax>
		</bndbox>
	</object>
	<object>
		<name>dish</name>
		<bndbox>
			<xmin>1914</xmin>
			<ymin>155</ymin>
			<xmax>4732</xmax>
			<ymax>2541</ymax>
		</bndbox>
	</object>
	<object>
		<name>전주콩나물국밥</name>
		<bndbox>
			<xmin>2180</xmin>
			<ymin>471</ymin>
			<xmax>4505</xmax>
			<ymax>1866</ymax>
		</bndbox>
	</object>
</annotation>