<annotation>
	<folder>side국류뚝배기전주콩나물국밥q5</folder>
	<filename>side_국류_뚝배기_전주콩나물국밥_Q5_00043.JPG</filename>
	<path>/side국류뚝배기전주콩나물국밥q5/side_국류_뚝배기_전주콩나물국밥_Q5_00043.JPG</path>
	<source>
		<database>fooddata</database>
	</source>
	<size>
		<width>5472</width>
		<height>3648</height>
		<depth>3</depth>
	</size>
	<object>
		<name>ref_spoon</name>
		<bndbox>
			<xmin>414</xmin>
			<ymin>847</ymin>
			<xmax>934</xmax>
			<ymax>1699</ymax>
		</bndbox>
	</object>
	<object>
		<name>ref_fork</name>
		<bndbox>
			<xmin>1061</xmin>
			<ymin>886</ymin>
			<xmax>1432</xmax>
			<ymax>1805</ymax>
		</bndbox>
	</object>
	<object>
		<name>ref_coin</name>
		<bndbox>
			<xmin>4604</xmin>
			<ymin>2829</ymin>
			<xmax>5031</xmax>
			<ymax>3172</ymax>
		</bndbox>
	</object>
	<object>
		<name>dish</name>
		<bndbox>
			<xmin>1792</xmin>
			<ymin>244</ymin>
			<xmax>4643</xmax>
			<ymax>2663</ymax>
		</bndbox>
	</object>
	<object>
		<name>전주콩나물국밥</name>
		<bndbox>
			<xmin>2052</xmin>
			<ymin>559</ymin>
			<xmax>4427</xmax>
			<ymax>1954</ymax>
		</bndbox>
	</object>
</annotation>