<annotation>
	<folder>side국류뚝배기전주콩나물국밥q5</folder>
	<filename>side_국류_뚝배기_전주콩나물국밥_Q5_00015.JPG</filename>
	<path>/side국류뚝배기전주콩나물국밥q5/side_국류_뚝배기_전주콩나물국밥_Q5_00015.JPG</path>
	<source>
		<database>fooddata</database>
	</source>
	<size>
		<width>5472</width>
		<height>3648</height>
		<depth>3</depth>
	</size>
	<object>
		<name>ref_spoon</name>
		<bndbox>
			<xmin>4278</xmin>
			<ymin>1594</ymin>
			<xmax>4770</xmax>
			<ymax>2436</ymax>
		</bndbox>
	</object>
	<object>
		<name>ref_fork</name>
		<bndbox>
			<xmin>4981</xmin>
			<ymin>1644</ymin>
			<xmax>5318</xmax>
			<ymax>2624</ymax>
		</bndbox>
	</object>
	<object>
		<name>ref_coin</name>
		<bndbox>
			<xmin>1277</xmin>
			<ymin>537</ymin>
			<xmax>1615</xmax>
			<ymax>781</ymax>
		</bndbox>
	</object>
	<object>
		<name>dish</name>
		<bndbox>
			<xmin>1183</xmin>
			<ymin>847</ymin>
			<xmax>3934</xmax>
			<ymax>3227</ymax>
		</bndbox>
	</object>
	<object>
		<name>전주콩나물국밥</name>
		<bndbox>
			<xmin>1421</xmin>
			<ymin>1201</ymin>
			<xmax>3724</xmax>
			<ymax>2552</ymax>
		</bndbox>
	</object>
</annotation>