<annotation>
	<folder>side국류뚝배기전주콩나물국밥q5</folder>
	<filename>side_국류_뚝배기_전주콩나물국밥_Q5_00049.JPG</filename>
	<path>/side국류뚝배기전주콩나물국밥q5/side_국류_뚝배기_전주콩나물국밥_Q5_00049.JPG</path>
	<source>
		<database>fooddata</database>
	</source>
	<size>
		<width>5472</width>
		<height>3648</height>
		<depth>3</depth>
	</size>
	<object>
		<name>ref_spoon</name>
		<bndbox>
			<xmin>381</xmin>
			<ymin>1389</ymin>
			<xmax>912</xmax>
			<ymax>2325</ymax>
		</bndbox>
	</object>
	<object>
		<name>ref_fork</name>
		<bndbox>
			<xmin>1034</xmin>
			<ymin>1445</ymin>
			<xmax>1388</xmax>
			<ymax>2386</ymax>
		</bndbox>
	</object>
	<object>
		<name>ref_coin</name>
		<bndbox>
			<xmin>3863</xmin>
			<ymin>659</ymin>
			<xmax>4211</xmax>
			<ymax>897</ymax>
		</bndbox>
	</object>
	<object>
		<name>dish</name>
		<bndbox>
			<xmin>1764</xmin>
			<ymin>797</ymin>
			<xmax>4626</xmax>
			<ymax>3244</ymax>
		</bndbox>
	</object>
	<object>
		<name>전주콩나물국밥</name>
		<bndbox>
			<xmin>2003</xmin>
			<ymin>1129</ymin>
			<xmax>4394</xmax>
			<ymax>2524</ymax>
		</bndbox>
	</object>
</annotation>