<annotation>
	<folder>side국류뚝배기전주콩나물국밥q5</folder>
	<filename>side_국류_뚝배기_전주콩나물국밥_Q5_00054.JPG</filename>
	<path>/side국류뚝배기전주콩나물국밥q5/side_국류_뚝배기_전주콩나물국밥_Q5_00054.JPG</path>
	<source>
		<database>fooddata</database>
	</source>
	<size>
		<width>5472</width>
		<height>3648</height>
		<depth>3</depth>
	</size>
	<object>
		<name>ref_spoon</name>
		<bndbox>
			<xmin>314</xmin>
			<ymin>936</ymin>
			<xmax>840</xmax>
			<ymax>1860</ymax>
		</bndbox>
	</object>
	<object>
		<name>ref_fork</name>
		<bndbox>
			<xmin>978</xmin>
			<ymin>980</ymin>
			<xmax>1349</xmax>
			<ymax>1888</ymax>
		</bndbox>
	</object>
	<object>
		<name>ref_coin</name>
		<bndbox>
			<xmin>4405</xmin>
			<ymin>2851</ymin>
			<xmax>4831</xmax>
			<ymax>3189</ymax>
		</bndbox>
	</object>
	<object>
		<name>dish</name>
		<bndbox>
			<xmin>1698</xmin>
			<ymin>271</ymin>
			<xmax>4604</xmax>
			<ymax>2751</ymax>
		</bndbox>
	</object>
	<object>
		<name>전주콩나물국밥</name>
		<bndbox>
			<xmin>1953</xmin>
			<ymin>609</ymin>
			<xmax>4355</xmax>
			<ymax>2009</ymax>
		</bndbox>
	</object>
</annotation>