<annotation>
	<folder>side국류뚝배기전주콩나물국밥q5</folder>
	<filename>side_국류_뚝배기_전주콩나물국밥_Q5_00020.JPG</filename>
	<path>/side국류뚝배기전주콩나물국밥q5/side_국류_뚝배기_전주콩나물국밥_Q5_00020.JPG</path>
	<source>
		<database>fooddata</database>
	</source>
	<size>
		<width>5472</width>
		<height>3648</height>
		<depth>3</depth>
	</size>
	<object>
		<name>ref_spoon</name>
		<bndbox>
			<xmin>1449</xmin>
			<ymin>3000</ymin>
			<xmax>2473</xmax>
			<ymax>3476</ymax>
		</bndbox>
	</object>
	<object>
		<name>ref_fork</name>
		<bndbox>
			<xmin>1521</xmin>
			<ymin>2563</ymin>
			<xmax>2584</xmax>
			<ymax>2962</ymax>
		</bndbox>
	</object>
	<object>
		<name>ref_coin</name>
		<bndbox>
			<xmin>3990</xmin>
			<ymin>2225</ymin>
			<xmax>4366</xmax>
			<ymax>2524</ymax>
		</bndbox>
	</object>
	<object>
		<name>dish</name>
		<bndbox>
			<xmin>1526</xmin>
			<ymin>172</ymin>
			<xmax>4084</xmax>
			<ymax>2369</ymax>
		</bndbox>
	</object>
	<object>
		<name>전주콩나물국밥</name>
		<bndbox>
			<xmin>1742</xmin>
			<ymin>454</ymin>
			<xmax>3874</xmax>
			<ymax>1733</ymax>
		</bndbox>
	</object>
</annotation>