<annotation>
	<folder>side국류뚝배기전주콩나물국밥q5</folder>
	<filename>side_국류_뚝배기_전주콩나물국밥_Q5_00053.JPG</filename>
	<path>/side국류뚝배기전주콩나물국밥q5/side_국류_뚝배기_전주콩나물국밥_Q5_00053.JPG</path>
	<source>
		<database>fooddata</database>
	</source>
	<size>
		<width>5472</width>
		<height>3648</height>
		<depth>3</depth>
	</size>
	<object>
		<name>ref_spoon</name>
		<bndbox>
			<xmin>364</xmin>
			<ymin>936</ymin>
			<xmax>890</xmax>
			<ymax>1788</ymax>
		</bndbox>
	</object>
	<object>
		<name>ref_fork</name>
		<bndbox>
			<xmin>1034</xmin>
			<ymin>996</ymin>
			<xmax>1399</xmax>
			<ymax>1987</ymax>
		</bndbox>
	</object>
	<object>
		<name>ref_coin</name>
		<bndbox>
			<xmin>3851</xmin>
			<ymin>3139</ymin>
			<xmax>4294</xmax>
			<ymax>3504</ymax>
		</bndbox>
	</object>
	<object>
		<name>dish</name>
		<bndbox>
			<xmin>1748</xmin>
			<ymin>288</ymin>
			<xmax>4643</xmax>
			<ymax>2735</ymax>
		</bndbox>
	</object>
	<object>
		<name>전주콩나물국밥</name>
		<bndbox>
			<xmin>2003</xmin>
			<ymin>620</ymin>
			<xmax>4416</xmax>
			<ymax>2009</ymax>
		</bndbox>
	</object>
</annotation>