<annotation>
	<folder>side국류뚝배기전주콩나물국밥q5</folder>
	<filename>side_국류_뚝배기_전주콩나물국밥_Q5_00046.JPG</filename>
	<path>/side국류뚝배기전주콩나물국밥q5/side_국류_뚝배기_전주콩나물국밥_Q5_00046.JPG</path>
	<source>
		<database>fooddata</database>
	</source>
	<size>
		<width>5472</width>
		<height>3648</height>
		<depth>3</depth>
	</size>
	<object>
		<name>ref_spoon</name>
		<bndbox>
			<xmin>364</xmin>
			<ymin>792</ymin>
			<xmax>884</xmax>
			<ymax>1688</ymax>
		</bndbox>
	</object>
	<object>
		<name>ref_fork</name>
		<bndbox>
			<xmin>1017</xmin>
			<ymin>836</ymin>
			<xmax>1377</xmax>
			<ymax>1838</ymax>
		</bndbox>
	</object>
	<object>
		<name>ref_coin</name>
		<bndbox>
			<xmin>4959</xmin>
			<ymin>1744</ymin>
			<xmax>5363</xmax>
			<ymax>2032</ymax>
		</bndbox>
	</object>
	<object>
		<name>dish</name>
		<bndbox>
			<xmin>1748</xmin>
			<ymin>210</ymin>
			<xmax>4610</xmax>
			<ymax>2641</ymax>
		</bndbox>
	</object>
	<object>
		<name>전주콩나물국밥</name>
		<bndbox>
			<xmin>2014</xmin>
			<ymin>537</ymin>
			<xmax>4388</xmax>
			<ymax>1926</ymax>
		</bndbox>
	</object>
</annotation>