<annotation>
	<folder>side국류뚝배기전주콩나물국밥q5</folder>
	<filename>side_국류_뚝배기_전주콩나물국밥_Q5_00025.JPG</filename>
	<path>/side국류뚝배기전주콩나물국밥q5/side_국류_뚝배기_전주콩나물국밥_Q5_00025.JPG</path>
	<source>
		<database>fooddata</database>
	</source>
	<size>
		<width>5472</width>
		<height>3648</height>
		<depth>3</depth>
	</size>
	<object>
		<name>ref_spoon</name>
		<bndbox>
			<xmin>1471</xmin>
			<ymin>2867</ymin>
			<xmax>2373</xmax>
			<ymax>3299</ymax>
		</bndbox>
	</object>
	<object>
		<name>ref_fork</name>
		<bndbox>
			<xmin>1543</xmin>
			<ymin>2497</ymin>
			<xmax>2501</xmax>
			<ymax>2851</ymax>
		</bndbox>
	</object>
	<object>
		<name>ref_coin</name>
		<bndbox>
			<xmin>3148</xmin>
			<ymin>205</ymin>
			<xmax>3414</xmax>
			<ymax>387</ymax>
		</bndbox>
	</object>
	<object>
		<name>dish</name>
		<bndbox>
			<xmin>1609</xmin>
			<ymin>465</ymin>
			<xmax>3851</xmax>
			<ymax>2375</ymax>
		</bndbox>
	</object>
	<object>
		<name>전주콩나물국밥</name>
		<bndbox>
			<xmin>1803</xmin>
			<ymin>747</ymin>
			<xmax>3652</xmax>
			<ymax>1821</ymax>
		</bndbox>
	</object>
</annotation>