<annotation>
	<folder>side국류뚝배기전주콩나물국밥q5</folder>
	<filename>side_국류_뚝배기_전주콩나물국밥_Q5_00039.JPG</filename>
	<path>/side국류뚝배기전주콩나물국밥q5/side_국류_뚝배기_전주콩나물국밥_Q5_00039.JPG</path>
	<source>
		<database>fooddata</database>
	</source>
	<size>
		<width>5472</width>
		<height>3648</height>
		<depth>3</depth>
	</size>
	<object>
		<name>ref_spoon</name>
		<bndbox>
			<xmin>702</xmin>
			<ymin>720</ymin>
			<xmax>1205</xmax>
			<ymax>1567</ymax>
		</bndbox>
	</object>
	<object>
		<name>ref_fork</name>
		<bndbox>
			<xmin>1344</xmin>
			<ymin>764</ymin>
			<xmax>1698</xmax>
			<ymax>1694</ymax>
		</bndbox>
	</object>
	<object>
		<name>ref_coin</name>
		<bndbox>
			<xmin>3182</xmin>
			<ymin>3089</ymin>
			<xmax>3608</xmax>
			<ymax>3454</ymax>
		</bndbox>
	</object>
	<object>
		<name>dish</name>
		<bndbox>
			<xmin>2058</xmin>
			<ymin>155</ymin>
			<xmax>4870</xmax>
			<ymax>2535</ymax>
		</bndbox>
	</object>
	<object>
		<name>전주콩나물국밥</name>
		<bndbox>
			<xmin>2313</xmin>
			<ymin>493</ymin>
			<xmax>4626</xmax>
			<ymax>1854</ymax>
		</bndbox>
	</object>
</annotation>