<annotation>
	<folder>side국류뚝배기전주콩나물국밥q5</folder>
	<filename>side_국류_뚝배기_전주콩나물국밥_Q5_00037.JPG</filename>
	<path>/side국류뚝배기전주콩나물국밥q5/side_국류_뚝배기_전주콩나물국밥_Q5_00037.JPG</path>
	<source>
		<database>fooddata</database>
	</source>
	<size>
		<width>5472</width>
		<height>3648</height>
		<depth>3</depth>
	</size>
	<object>
		<name>ref_spoon</name>
		<bndbox>
			<xmin>691</xmin>
			<ymin>902</ymin>
			<xmax>1178</xmax>
			<ymax>1694</ymax>
		</bndbox>
	</object>
	<object>
		<name>ref_fork</name>
		<bndbox>
			<xmin>1305</xmin>
			<ymin>936</ymin>
			<xmax>1659</xmax>
			<ymax>1893</ymax>
		</bndbox>
	</object>
	<object>
		<name>ref_coin</name>
		<bndbox>
			<xmin>2191</xmin>
			<ymin>2978</ymin>
			<xmax>2600</xmax>
			<ymax>3316</ymax>
		</bndbox>
	</object>
	<object>
		<name>dish</name>
		<bndbox>
			<xmin>2019</xmin>
			<ymin>316</ymin>
			<xmax>4815</xmax>
			<ymax>2712</ymax>
		</bndbox>
	</object>
	<object>
		<name>전주콩나물국밥</name>
		<bndbox>
			<xmin>2279</xmin>
			<ymin>659</ymin>
			<xmax>4577</xmax>
			<ymax>2021</ymax>
		</bndbox>
	</object>
</annotation>