<annotation>
	<folder>side국류뚝배기전주콩나물국밥q5</folder>
	<filename>side_국류_뚝배기_전주콩나물국밥_Q5_00048.JPG</filename>
	<path>/side국류뚝배기전주콩나물국밥q5/side_국류_뚝배기_전주콩나물국밥_Q5_00048.JPG</path>
	<source>
		<database>fooddata</database>
	</source>
	<size>
		<width>5472</width>
		<height>3648</height>
		<depth>3</depth>
	</size>
	<object>
		<name>ref_spoon</name>
		<bndbox>
			<xmin>403</xmin>
			<ymin>886</ymin>
			<xmax>918</xmax>
			<ymax>1716</ymax>
		</bndbox>
	</object>
	<object>
		<name>ref_fork</name>
		<bndbox>
			<xmin>1045</xmin>
			<ymin>930</ymin>
			<xmax>1405</xmax>
			<ymax>1860</ymax>
		</bndbox>
	</object>
	<object>
		<name>ref_coin</name>
		<bndbox>
			<xmin>4687</xmin>
			<ymin>891</ymin>
			<xmax>5053</xmax>
			<ymax>1146</ymax>
		</bndbox>
	</object>
	<object>
		<name>dish</name>
		<bndbox>
			<xmin>1770</xmin>
			<ymin>321</ymin>
			<xmax>4599</xmax>
			<ymax>2718</ymax>
		</bndbox>
	</object>
	<object>
		<name>전주콩나물국밥</name>
		<bndbox>
			<xmin>2036</xmin>
			<ymin>659</ymin>
			<xmax>4372</xmax>
			<ymax>2037</ymax>
		</bndbox>
	</object>
</annotation>