<annotation>
	<folder>top국류뚝배기전주콩나물국밥q5</folder>
	<filename>top_국류_뚝배기_전주콩나물국밥_Q5_00041.JPG</filename>
	<path>/top국류뚝배기전주콩나물국밥q5/top_국류_뚝배기_전주콩나물국밥_Q5_00041.JPG</path>
	<source>
		<database>fooddata</database>
	</source>
	<size>
		<width>5472</width>
		<height>3648</height>
		<depth>3</depth>
	</size>
	<object>
		<name>ref_spoon</name>
		<bndbox>
			<xmin>943</xmin>
			<ymin>999</ymin>
			<xmax>1414</xmax>
			<ymax>1793</ymax>
		</bndbox>
	</object>
	<object>
		<name>ref_fork</name>
		<bndbox>
			<xmin>1625</xmin>
			<ymin>1102</ymin>
			<xmax>1938</xmax>
			<ymax>1958</ymax>
		</bndbox>
	</object>
	<object>
		<name>ref_coin</name>
		<bndbox>
			<xmin>3605</xmin>
			<ymin>161</ymin>
			<xmax>3942</xmax>
			<ymax>480</ymax>
		</bndbox>
	</object>
	<object>
		<name>dish</name>
		<bndbox>
			<xmin>2068</xmin>
			<ymin>506</ymin>
			<xmax>4771</xmax>
			<ymax>3186</ymax>
		</bndbox>
	</object>
	<object>
		<name>전주콩나물국밥</name>
		<bndbox>
			<xmin>2301</xmin>
			<ymin>762</ymin>
			<xmax>4538</xmax>
			<ymax>2949</ymax>
		</bndbox>
	</object>
</annotation>