<annotation>
	<folder>top국류뚝배기전주콩나물국밥q5</folder>
	<filename>top_국류_뚝배기_전주콩나물국밥_Q5_00010.JPG</filename>
	<path>/top국류뚝배기전주콩나물국밥q5/top_국류_뚝배기_전주콩나물국밥_Q5_00010.JPG</path>
	<source>
		<database>fooddata</database>
	</source>
	<size>
		<width>5472</width>
		<height>3648</height>
		<depth>3</depth>
	</size>
	<object>
		<name>ref_spoon</name>
		<bndbox>
			<xmin>4067</xmin>
			<ymin>336</ymin>
			<xmax>4564</xmax>
			<ymax>1174</ymax>
		</bndbox>
	</object>
	<object>
		<name>ref_fork</name>
		<bndbox>
			<xmin>4717</xmin>
			<ymin>287</ymin>
			<xmax>5066</xmax>
			<ymax>1210</ymax>
		</bndbox>
	</object>
	<object>
		<name>ref_coin</name>
		<bndbox>
			<xmin>679</xmin>
			<ymin>1111</ymin>
			<xmax>1055</xmax>
			<ymax>1479</ymax>
		</bndbox>
	</object>
	<object>
		<name>dish</name>
		<bndbox>
			<xmin>1378</xmin>
			<ymin>170</ymin>
			<xmax>4224</xmax>
			<ymax>2980</ymax>
		</bndbox>
	</object>
	<object>
		<name>전주콩나물국밥</name>
		<bndbox>
			<xmin>1616</xmin>
			<ymin>421</ymin>
			<xmax>3977</xmax>
			<ymax>2734</ymax>
		</bndbox>
	</object>
</annotation>