<annotation>
	<folder>top국류뚝배기전주콩나물국밥q5</folder>
	<filename>top_국류_뚝배기_전주콩나물국밥_Q5_00004.JPG</filename>
	<path>/top국류뚝배기전주콩나물국밥q5/top_국류_뚝배기_전주콩나물국밥_Q5_00004.JPG</path>
	<source>
		<database>fooddata</database>
	</source>
	<size>
		<width>5472</width>
		<height>3648</height>
		<depth>3</depth>
	</size>
	<object>
		<name>ref_spoon</name>
		<bndbox>
			<xmin>3937</xmin>
			<ymin>341</ymin>
			<xmax>4430</xmax>
			<ymax>1197</ymax>
		</bndbox>
	</object>
	<object>
		<name>ref_fork</name>
		<bndbox>
			<xmin>4578</xmin>
			<ymin>287</ymin>
			<xmax>4905</xmax>
			<ymax>1215</ymax>
		</bndbox>
	</object>
	<object>
		<name>ref_coin</name>
		<bndbox>
			<xmin>2673</xmin>
			<ymin>3092</ymin>
			<xmax>3054</xmax>
			<ymax>3478</ymax>
		</bndbox>
	</object>
	<object>
		<name>dish</name>
		<bndbox>
			<xmin>1297</xmin>
			<ymin>179</ymin>
			<xmax>4134</xmax>
			<ymax>2976</ymax>
		</bndbox>
	</object>
	<object>
		<name>전주콩나물국밥</name>
		<bndbox>
			<xmin>1539</xmin>
			<ymin>394</ymin>
			<xmax>3888</xmax>
			<ymax>2729</ymax>
		</bndbox>
	</object>
</annotation>