<annotation>
	<folder>top국류뚝배기전주콩나물국밥q5</folder>
	<filename>top_국류_뚝배기_전주콩나물국밥_Q5_00052.JPG</filename>
	<path>/top국류뚝배기전주콩나물국밥q5/top_국류_뚝배기_전주콩나물국밥_Q5_00052.JPG</path>
	<source>
		<database>fooddata</database>
	</source>
	<size>
		<width>5472</width>
		<height>3648</height>
		<depth>3</depth>
	</size>
	<object>
		<name>ref_spoon</name>
		<bndbox>
			<xmin>804</xmin>
			<ymin>645</ymin>
			<xmax>1284</xmax>
			<ymax>1439</ymax>
		</bndbox>
	</object>
	<object>
		<name>ref_fork</name>
		<bndbox>
			<xmin>1499</xmin>
			<ymin>739</ymin>
			<xmax>1804</xmax>
			<ymax>1591</ymax>
		</bndbox>
	</object>
	<object>
		<name>ref_coin</name>
		<bndbox>
			<xmin>4659</xmin>
			<ymin>1277</ymin>
			<xmax>5017</xmax>
			<ymax>1622</ymax>
		</bndbox>
	</object>
	<object>
		<name>dish</name>
		<bndbox>
			<xmin>1920</xmin>
			<ymin>72</ymin>
			<xmax>4609</xmax>
			<ymax>2720</ymax>
		</bndbox>
	</object>
	<object>
		<name>전주콩나물국밥</name>
		<bndbox>
			<xmin>2162</xmin>
			<ymin>336</ymin>
			<xmax>4376</xmax>
			<ymax>2438</ymax>
		</bndbox>
	</object>
</annotation>