<annotation>
	<folder>top국류뚝배기전주콩나물국밥q5</folder>
	<filename>top_국류_뚝배기_전주콩나물국밥_Q5_00032.JPG</filename>
	<path>/top국류뚝배기전주콩나물국밥q5/top_국류_뚝배기_전주콩나물국밥_Q5_00032.JPG</path>
	<source>
		<database>fooddata</database>
	</source>
	<size>
		<width>5472</width>
		<height>3648</height>
		<depth>3</depth>
	</size>
	<object>
		<name>ref_spoon</name>
		<bndbox>
			<xmin>1714</xmin>
			<ymin>2891</ymin>
			<xmax>2436</xmax>
			<ymax>3348</ymax>
		</bndbox>
	</object>
	<object>
		<name>ref_fork</name>
		<bndbox>
			<xmin>1696</xmin>
			<ymin>2442</ymin>
			<xmax>2485</xmax>
			<ymax>2743</ymax>
		</bndbox>
	</object>
	<object>
		<name>ref_coin</name>
		<bndbox>
			<xmin>1351</xmin>
			<ymin>1125</ymin>
			<xmax>1651</xmax>
			<ymax>1412</ymax>
		</bndbox>
	</object>
	<object>
		<name>dish</name>
		<bndbox>
			<xmin>1772</xmin>
			<ymin>143</ymin>
			<xmax>4009</xmax>
			<ymax>2348</ymax>
		</bndbox>
	</object>
	<object>
		<name>전주콩나물국밥</name>
		<bndbox>
			<xmin>1979</xmin>
			<ymin>376</ymin>
			<xmax>3812</xmax>
			<ymax>2102</ymax>
		</bndbox>
	</object>
</annotation>