<annotation>
	<folder>top국류뚝배기전주콩나물국밥q5</folder>
	<filename>top_국류_뚝배기_전주콩나물국밥_Q5_00034.JPG</filename>
	<path>/top국류뚝배기전주콩나물국밥q5/top_국류_뚝배기_전주콩나물국밥_Q5_00034.JPG</path>
	<source>
		<database>fooddata</database>
	</source>
	<size>
		<width>5472</width>
		<height>3648</height>
		<depth>3</depth>
	</size>
	<object>
		<name>ref_spoon</name>
		<bndbox>
			<xmin>849</xmin>
			<ymin>735</ymin>
			<xmax>1342</xmax>
			<ymax>1542</ymax>
		</bndbox>
	</object>
	<object>
		<name>ref_fork</name>
		<bndbox>
			<xmin>1548</xmin>
			<ymin>851</ymin>
			<xmax>1862</xmax>
			<ymax>1721</ymax>
		</bndbox>
	</object>
	<object>
		<name>ref_coin</name>
		<bndbox>
			<xmin>3301</xmin>
			<ymin>3070</ymin>
			<xmax>3673</xmax>
			<ymax>3451</ymax>
		</bndbox>
	</object>
	<object>
		<name>dish</name>
		<bndbox>
			<xmin>2023</xmin>
			<ymin>291</ymin>
			<xmax>4721</xmax>
			<ymax>2980</ymax>
		</bndbox>
	</object>
	<object>
		<name>전주콩나물국밥</name>
		<bndbox>
			<xmin>2256</xmin>
			<ymin>515</ymin>
			<xmax>4515</xmax>
			<ymax>2711</ymax>
		</bndbox>
	</object>
</annotation>