<annotation>
	<folder>top국류뚝배기전주콩나물국밥q5</folder>
	<filename>top_국류_뚝배기_전주콩나물국밥_Q5_00011.JPG</filename>
	<path>/top국류뚝배기전주콩나물국밥q5/top_국류_뚝배기_전주콩나물국밥_Q5_00011.JPG</path>
	<source>
		<database>fooddata</database>
	</source>
	<size>
		<width>5472</width>
		<height>3648</height>
		<depth>3</depth>
	</size>
	<object>
		<name>ref_spoon</name>
		<bndbox>
			<xmin>4076</xmin>
			<ymin>385</ymin>
			<xmax>4578</xmax>
			<ymax>1228</ymax>
		</bndbox>
	</object>
	<object>
		<name>ref_fork</name>
		<bndbox>
			<xmin>4730</xmin>
			<ymin>336</ymin>
			<xmax>5075</xmax>
			<ymax>1268</ymax>
		</bndbox>
	</object>
	<object>
		<name>ref_coin</name>
		<bndbox>
			<xmin>912</xmin>
			<ymin>350</ymin>
			<xmax>1284</xmax>
			<ymax>713</ymax>
		</bndbox>
	</object>
	<object>
		<name>dish</name>
		<bndbox>
			<xmin>1418</xmin>
			<ymin>269</ymin>
			<xmax>4264</xmax>
			<ymax>3079</ymax>
		</bndbox>
	</object>
	<object>
		<name>전주콩나물국밥</name>
		<bndbox>
			<xmin>1669</xmin>
			<ymin>515</ymin>
			<xmax>4013</xmax>
			<ymax>2832</ymax>
		</bndbox>
	</object>
</annotation>