<annotation>
	<folder>side반찬면적접시깻잎장아찌q3</folder>
	<filename>side_반찬면적_접시_깻잎장아찌_Q3_00016.JPG</filename>
	<path>/side반찬면적접시깻잎장아찌q3/side_반찬면적_접시_깻잎장아찌_Q3_00016.JPG</path>
	<source>
		<database>fooddata</database>
	</source>
	<size>
		<width>3008</width>
		<height>2000</height>
		<depth>3</depth>
	</size>
	<object>
		<name>ref_spoon</name>
		<bndbox>
			<xmin>1658</xmin>
			<ymin>455</ymin>
			<xmax>1943</xmax>
			<ymax>802</ymax>
		</bndbox>
	</object>
	<object>
		<name>ref_fork</name>
		<bndbox>
			<xmin>2063</xmin>
			<ymin>435</ymin>
			<xmax>2275</xmax>
			<ymax>829</ymax>
		</bndbox>
	</object>
	<object>
		<name>ref_coin</name>
		<bndbox>
			<xmin>2564</xmin>
			<ymin>1453</ymin>
			<xmax>2795</xmax>
			<ymax>1618</ymax>
		</bndbox>
	</object>
	<object>
		<name>dish</name>
		<bndbox>
			<xmin>394</xmin>
			<ymin>640</ymin>
			<xmax>1593</xmax>
			<ymax>1464</ymax>
		</bndbox>
	</object>
	<object>
		<name>깻잎장아찌</name>
		<bndbox>
			<xmin>598</xmin>
			<ymin>782</ymin>
			<xmax>1531</xmax>
			<ymax>1303</ymax>
		</bndbox>
	</object>
</annotation>