<annotation>
	<folder>side반찬면적접시깻잎장아찌q3</folder>
	<filename>side_반찬면적_접시_깻잎장아찌_Q3_00017.JPG</filename>
	<path>/side반찬면적접시깻잎장아찌q3/side_반찬면적_접시_깻잎장아찌_Q3_00017.JPG</path>
	<source>
		<database>fooddata</database>
	</source>
	<size>
		<width>3008</width>
		<height>2000</height>
		<depth>3</depth>
	</size>
	<object>
		<name>ref_spoon</name>
		<bndbox>
			<xmin>1631</xmin>
			<ymin>420</ymin>
			<xmax>1912</xmax>
			<ymax>782</ymax>
		</bndbox>
	</object>
	<object>
		<name>ref_fork</name>
		<bndbox>
			<xmin>2040</xmin>
			<ymin>412</ymin>
			<xmax>2244</xmax>
			<ymax>805</ymax>
		</bndbox>
	</object>
	<object>
		<name>ref_coin</name>
		<bndbox>
			<xmin>2236</xmin>
			<ymin>1584</ymin>
			<xmax>2464</xmax>
			<ymax>1753</ymax>
		</bndbox>
	</object>
	<object>
		<name>dish</name>
		<bndbox>
			<xmin>352</xmin>
			<ymin>624</ymin>
			<xmax>1558</xmax>
			<ymax>1457</ymax>
		</bndbox>
	</object>
	<object>
		<name>깻잎장아찌</name>
		<bndbox>
			<xmin>579</xmin>
			<ymin>717</ymin>
			<xmax>1412</xmax>
			<ymax>1303</ymax>
		</bndbox>
	</object>
</annotation>