<annotation>
	<folder>side반찬면적접시깻잎장아찌q3</folder>
	<filename>side_반찬면적_접시_깻잎장아찌_Q3_00030.JPG</filename>
	<path>/side반찬면적접시깻잎장아찌q3/side_반찬면적_접시_깻잎장아찌_Q3_00030.JPG</path>
	<source>
		<database>fooddata</database>
	</source>
	<size>
		<width>3008</width>
		<height>2000</height>
		<depth>3</depth>
	</size>
	<object>
		<name>ref_spoon</name>
		<bndbox>
			<xmin>529</xmin>
			<ymin>1665</ymin>
			<xmax>1003</xmax>
			<ymax>1934</ymax>
		</bndbox>
	</object>
	<object>
		<name>ref_fork</name>
		<bndbox>
			<xmin>583</xmin>
			<ymin>1414</ymin>
			<xmax>1115</xmax>
			<ymax>1676</ymax>
		</bndbox>
	</object>
	<object>
		<name>ref_coin</name>
		<bndbox>
			<xmin>440</xmin>
			<ymin>767</ymin>
			<xmax>660</xmax>
			<ymax>913</ymax>
		</bndbox>
	</object>
	<object>
		<name>dish</name>
		<bndbox>
			<xmin>926</xmin>
			<ymin>613</ymin>
			<xmax>2105</xmax>
			<ymax>1422</ymax>
		</bndbox>
	</object>
	<object>
		<name>깻잎장아찌</name>
		<bndbox>
			<xmin>1038</xmin>
			<ymin>736</ymin>
			<xmax>1943</xmax>
			<ymax>1260</ymax>
		</bndbox>
	</object>
</annotation>