<annotation>
	<folder>side반찬면적접시깻잎장아찌q3</folder>
	<filename>side_반찬면적_접시_깻잎장아찌_Q3_00048.JPG</filename>
	<path>/side반찬면적접시깻잎장아찌q3/side_반찬면적_접시_깻잎장아찌_Q3_00048.JPG</path>
	<source>
		<database>fooddata</database>
	</source>
	<size>
		<width>3008</width>
		<height>2000</height>
		<depth>3</depth>
	</size>
	<object>
		<name>ref_spoon</name>
		<bndbox>
			<xmin>325</xmin>
			<ymin>821</ymin>
			<xmax>629</xmax>
			<ymax>1198</ymax>
		</bndbox>
	</object>
	<object>
		<name>ref_fork</name>
		<bndbox>
			<xmin>768</xmin>
			<ymin>802</ymin>
			<xmax>972</xmax>
			<ymax>1229</ymax>
		</bndbox>
	</object>
	<object>
		<name>ref_coin</name>
		<bndbox>
			<xmin>1581</xmin>
			<ymin>617</ymin>
			<xmax>1781</xmax>
			<ymax>744</ymax>
		</bndbox>
	</object>
	<object>
		<name>dish</name>
		<bndbox>
			<xmin>1134</xmin>
			<ymin>906</ymin>
			<xmax>2363</xmax>
			<ymax>1769</ymax>
		</bndbox>
	</object>
	<object>
		<name>깻잎장아찌</name>
		<bndbox>
			<xmin>1481</xmin>
			<ymin>983</ymin>
			<xmax>2244</xmax>
			<ymax>1653</ymax>
		</bndbox>
	</object>
</annotation>