<annotation>
	<folder>side반찬면적접시깻잎장아찌q3</folder>
	<filename>side_반찬면적_접시_깻잎장아찌_Q3_00013.JPG</filename>
	<path>/side반찬면적접시깻잎장아찌q3/side_반찬면적_접시_깻잎장아찌_Q3_00013.JPG</path>
	<source>
		<database>fooddata</database>
	</source>
	<size>
		<width>3008</width>
		<height>2000</height>
		<depth>3</depth>
	</size>
	<object>
		<name>ref_spoon</name>
		<bndbox>
			<xmin>1847</xmin>
			<ymin>424</ymin>
			<xmax>2136</xmax>
			<ymax>767</ymax>
		</bndbox>
	</object>
	<object>
		<name>ref_fork</name>
		<bndbox>
			<xmin>2255</xmin>
			<ymin>397</ymin>
			<xmax>2464</xmax>
			<ymax>786</ymax>
		</bndbox>
	</object>
	<object>
		<name>ref_coin</name>
		<bndbox>
			<xmin>2610</xmin>
			<ymin>667</ymin>
			<xmax>2818</xmax>
			<ymax>802</ymax>
		</bndbox>
	</object>
	<object>
		<name>dish</name>
		<bndbox>
			<xmin>595</xmin>
			<ymin>624</ymin>
			<xmax>1797</xmax>
			<ymax>1453</ymax>
		</bndbox>
	</object>
	<object>
		<name>깻잎장아찌</name>
		<bndbox>
			<xmin>837</xmin>
			<ymin>697</ymin>
			<xmax>1535</xmax>
			<ymax>1314</ymax>
		</bndbox>
	</object>
</annotation>