<annotation>
	<folder>side반찬면적접시깻잎장아찌q3</folder>
	<filename>side_반찬면적_접시_깻잎장아찌_Q3_00022.JPG</filename>
	<path>/side반찬면적접시깻잎장아찌q3/side_반찬면적_접시_깻잎장아찌_Q3_00022.JPG</path>
	<source>
		<database>fooddata</database>
	</source>
	<size>
		<width>3008</width>
		<height>2000</height>
		<depth>3</depth>
	</size>
	<object>
		<name>ref_spoon</name>
		<bndbox>
			<xmin>1889</xmin>
			<ymin>597</ymin>
			<xmax>2182</xmax>
			<ymax>960</ymax>
		</bndbox>
	</object>
	<object>
		<name>ref_fork</name>
		<bndbox>
			<xmin>2302</xmin>
			<ymin>590</ymin>
			<xmax>2514</xmax>
			<ymax>998</ymax>
		</bndbox>
	</object>
	<object>
		<name>ref_coin</name>
		<bndbox>
			<xmin>309</xmin>
			<ymin>1264</ymin>
			<xmax>541</xmax>
			<ymax>1426</ymax>
		</bndbox>
	</object>
	<object>
		<name>dish</name>
		<bndbox>
			<xmin>579</xmin>
			<ymin>740</ymin>
			<xmax>1793</xmax>
			<ymax>1599</ymax>
		</bndbox>
	</object>
	<object>
		<name>깻잎장아찌</name>
		<bndbox>
			<xmin>672</xmin>
			<ymin>836</ymin>
			<xmax>1573</xmax>
			<ymax>1445</ymax>
		</bndbox>
	</object>
</annotation>