<annotation>
	<folder>side반찬면적접시깻잎장아찌q3</folder>
	<filename>side_반찬면적_접시_깻잎장아찌_Q3_00033.JPG</filename>
	<path>/side반찬면적접시깻잎장아찌q3/side_반찬면적_접시_깻잎장아찌_Q3_00033.JPG</path>
	<source>
		<database>fooddata</database>
	</source>
	<size>
		<width>3008</width>
		<height>2000</height>
		<depth>3</depth>
	</size>
	<object>
		<name>ref_spoon</name>
		<bndbox>
			<xmin>591</xmin>
			<ymin>1549</ymin>
			<xmax>1069</xmax>
			<ymax>1811</ymax>
		</bndbox>
	</object>
	<object>
		<name>ref_fork</name>
		<bndbox>
			<xmin>625</xmin>
			<ymin>1306</ymin>
			<xmax>1161</xmax>
			<ymax>1538</ymax>
		</bndbox>
	</object>
	<object>
		<name>ref_coin</name>
		<bndbox>
			<xmin>2267</xmin>
			<ymin>1206</ymin>
			<xmax>2494</xmax>
			<ymax>1364</ymax>
		</bndbox>
	</object>
	<object>
		<name>dish</name>
		<bndbox>
			<xmin>903</xmin>
			<ymin>474</ymin>
			<xmax>2082</xmax>
			<ymax>1276</ymax>
		</bndbox>
	</object>
	<object>
		<name>깻잎장아찌</name>
		<bndbox>
			<xmin>1196</xmin>
			<ymin>520</ymin>
			<xmax>1916</xmax>
			<ymax>1168</ymax>
		</bndbox>
	</object>
</annotation>