<annotation>
	<folder>top반찬면적접시깻잎장아찌q3</folder>
	<filename>top_반찬면적_접시_깻잎장아찌_Q3_00002.JPG</filename>
	<path>/top반찬면적접시깻잎장아찌q3/top_반찬면적_접시_깻잎장아찌_Q3_00002.JPG</path>
	<source>
		<database>fooddata</database>
	</source>
	<size>
		<width>3008</width>
		<height>2000</height>
		<depth>3</depth>
	</size>
	<object>
		<name>ref_spoon</name>
		<bndbox>
			<xmin>1760</xmin>
			<ymin>265</ymin>
			<xmax>1993</xmax>
			<ymax>626</ymax>
		</bndbox>
	</object>
	<object>
		<name>ref_fork</name>
		<bndbox>
			<xmin>2120</xmin>
			<ymin>245</ymin>
			<xmax>2292</xmax>
			<ymax>646</ymax>
		</bndbox>
	</object>
	<object>
		<name>ref_coin</name>
		<bndbox>
			<xmin>1391</xmin>
			<ymin>1563</ymin>
			<xmax>1576</xmax>
			<ymax>1759</ymax>
		</bndbox>
	</object>
	<object>
		<name>dish</name>
		<bndbox>
			<xmin>769</xmin>
			<ymin>507</ymin>
			<xmax>1735</xmax>
			<ymax>1485</ymax>
		</bndbox>
	</object>
	<object>
		<name>깻잎장아찌</name>
		<bndbox>
			<xmin>859</xmin>
			<ymin>650</ymin>
			<xmax>1555</xmax>
			<ymax>1391</ymax>
		</bndbox>
	</object>
</annotation>