<annotation>
	<folder>top반찬면적접시깻잎장아찌q3</folder>
	<filename>top_반찬면적_접시_깻잎장아찌_Q3_00033.JPG</filename>
	<path>/top반찬면적접시깻잎장아찌q3/top_반찬면적_접시_깻잎장아찌_Q3_00033.JPG</path>
	<source>
		<database>fooddata</database>
	</source>
	<size>
		<width>3008</width>
		<height>2000</height>
		<depth>3</depth>
	</size>
	<object>
		<name>ref_spoon</name>
		<bndbox>
			<xmin>1199</xmin>
			<ymin>1669</ymin>
			<xmax>1567</xmax>
			<ymax>1952</ymax>
		</bndbox>
	</object>
	<object>
		<name>ref_fork</name>
		<bndbox>
			<xmin>1232</xmin>
			<ymin>1407</ymin>
			<xmax>1617</xmax>
			<ymax>1612</ymax>
		</bndbox>
	</object>
	<object>
		<name>ref_coin</name>
		<bndbox>
			<xmin>1780</xmin>
			<ymin>1137</ymin>
			<xmax>1960</xmax>
			<ymax>1329</ymax>
		</bndbox>
	</object>
	<object>
		<name>dish</name>
		<bndbox>
			<xmin>1318</xmin>
			<ymin>130</ymin>
			<xmax>2267</xmax>
			<ymax>1084</ymax>
		</bndbox>
	</object>
	<object>
		<name>깻잎장아찌</name>
		<bndbox>
			<xmin>1445</xmin>
			<ymin>290</ymin>
			<xmax>2194</xmax>
			<ymax>896</ymax>
		</bndbox>
	</object>
</annotation>