<annotation>
	<folder>top반찬면적접시깻잎장아찌q3</folder>
	<filename>top_반찬면적_접시_깻잎장아찌_Q3_00037.JPG</filename>
	<path>/top반찬면적접시깻잎장아찌q3/top_반찬면적_접시_깻잎장아찌_Q3_00037.JPG</path>
	<source>
		<database>fooddata</database>
	</source>
	<size>
		<width>3008</width>
		<height>2000</height>
		<depth>3</depth>
	</size>
	<object>
		<name>ref_spoon</name>
		<bndbox>
			<xmin>327</xmin>
			<ymin>188</ymin>
			<xmax>659</xmax>
			<ymax>662</ymax>
		</bndbox>
	</object>
	<object>
		<name>ref_fork</name>
		<bndbox>
			<xmin>794</xmin>
			<ymin>224</ymin>
			<xmax>1007</xmax>
			<ymax>756</ymax>
		</bndbox>
	</object>
	<object>
		<name>ref_coin</name>
		<bndbox>
			<xmin>2296</xmin>
			<ymin>1321</ymin>
			<xmax>2529</xmax>
			<ymax>1555</ymax>
		</bndbox>
	</object>
	<object>
		<name>dish</name>
		<bndbox>
			<xmin>1199</xmin>
			<ymin>175</ymin>
			<xmax>2443</xmax>
			<ymax>1456</ymax>
		</bndbox>
	</object>
	<object>
		<name>깻잎장아찌</name>
		<bndbox>
			<xmin>1371</xmin>
			<ymin>405</ymin>
			<xmax>2214</xmax>
			<ymax>1231</ymax>
		</bndbox>
	</object>
</annotation>