<annotation>
	<folder>top반찬면적접시깻잎장아찌q3</folder>
	<filename>top_반찬면적_접시_깻잎장아찌_Q3_00044.JPG</filename>
	<path>/top반찬면적접시깻잎장아찌q3/top_반찬면적_접시_깻잎장아찌_Q3_00044.JPG</path>
	<source>
		<database>fooddata</database>
	</source>
	<size>
		<width>3008</width>
		<height>2000</height>
		<depth>3</depth>
	</size>
	<object>
		<name>ref_spoon</name>
		<bndbox>
			<xmin>307</xmin>
			<ymin>380</ymin>
			<xmax>667</xmax>
			<ymax>879</ymax>
		</bndbox>
	</object>
	<object>
		<name>ref_fork</name>
		<bndbox>
			<xmin>790</xmin>
			<ymin>413</ymin>
			<xmax>1015</xmax>
			<ymax>957</ymax>
		</bndbox>
	</object>
	<object>
		<name>ref_coin</name>
		<bndbox>
			<xmin>1355</xmin>
			<ymin>110</ymin>
			<xmax>1580</xmax>
			<ymax>343</ymax>
		</bndbox>
	</object>
	<object>
		<name>dish</name>
		<bndbox>
			<xmin>1207</xmin>
			<ymin>552</ymin>
			<xmax>2488</xmax>
			<ymax>1870</ymax>
		</bndbox>
	</object>
	<object>
		<name>깻잎장아찌</name>
		<bndbox>
			<xmin>1351</xmin>
			<ymin>830</ymin>
			<xmax>2386</xmax>
			<ymax>1620</ymax>
		</bndbox>
	</object>
</annotation>