<annotation>
	<folder>top반찬면적접시깻잎장아찌q3</folder>
	<filename>top_반찬면적_접시_깻잎장아찌_Q3_00031.JPG</filename>
	<path>/top반찬면적접시깻잎장아찌q3/top_반찬면적_접시_깻잎장아찌_Q3_00031.JPG</path>
	<source>
		<database>fooddata</database>
	</source>
	<size>
		<width>3008</width>
		<height>2000</height>
		<depth>3</depth>
	</size>
	<object>
		<name>ref_spoon</name>
		<bndbox>
			<xmin>1097</xmin>
			<ymin>1542</ymin>
			<xmax>1490</xmax>
			<ymax>1841</ymax>
		</bndbox>
	</object>
	<object>
		<name>ref_fork</name>
		<bndbox>
			<xmin>1121</xmin>
			<ymin>1284</ymin>
			<xmax>1539</xmax>
			<ymax>1489</ymax>
		</bndbox>
	</object>
	<object>
		<name>ref_coin</name>
		<bndbox>
			<xmin>999</xmin>
			<ymin>875</ymin>
			<xmax>1199</xmax>
			<ymax>1072</ymax>
		</bndbox>
	</object>
	<object>
		<name>dish</name>
		<bndbox>
			<xmin>1306</xmin>
			<ymin>106</ymin>
			<xmax>2329</xmax>
			<ymax>1137</ymax>
		</bndbox>
	</object>
	<object>
		<name>깻잎장아찌</name>
		<bndbox>
			<xmin>1457</xmin>
			<ymin>208</ymin>
			<xmax>2153</xmax>
			<ymax>1059</ymax>
		</bndbox>
	</object>
</annotation>