<annotation>
	<folder>top반찬면적접시깻잎장아찌q3</folder>
	<filename>top_반찬면적_접시_깻잎장아찌_Q3_00038.JPG</filename>
	<path>/top반찬면적접시깻잎장아찌q3/top_반찬면적_접시_깻잎장아찌_Q3_00038.JPG</path>
	<source>
		<database>fooddata</database>
	</source>
	<size>
		<width>3008</width>
		<height>2000</height>
		<depth>3</depth>
	</size>
	<object>
		<name>ref_spoon</name>
		<bndbox>
			<xmin>246</xmin>
			<ymin>179</ymin>
			<xmax>581</xmax>
			<ymax>666</ymax>
		</bndbox>
	</object>
	<object>
		<name>ref_fork</name>
		<bndbox>
			<xmin>712</xmin>
			<ymin>216</ymin>
			<xmax>929</xmax>
			<ymax>740</ymax>
		</bndbox>
	</object>
	<object>
		<name>ref_coin</name>
		<bndbox>
			<xmin>2370</xmin>
			<ymin>1215</ymin>
			<xmax>2603</xmax>
			<ymax>1444</ymax>
		</bndbox>
	</object>
	<object>
		<name>dish</name>
		<bndbox>
			<xmin>1064</xmin>
			<ymin>229</ymin>
			<xmax>2329</xmax>
			<ymax>1514</ymax>
		</bndbox>
	</object>
	<object>
		<name>깻잎장아찌</name>
		<bndbox>
			<xmin>1179</xmin>
			<ymin>450</ymin>
			<xmax>2185</xmax>
			<ymax>1215</ymax>
		</bndbox>
	</object>
</annotation>