<annotation>
	<folder>top반찬면적접시깻잎장아찌q3</folder>
	<filename>top_반찬면적_접시_깻잎장아찌_Q3_00023.JPG</filename>
	<path>/top반찬면적접시깻잎장아찌q3/top_반찬면적_접시_깻잎장아찌_Q3_00023.JPG</path>
	<source>
		<database>fooddata</database>
	</source>
	<size>
		<width>3008</width>
		<height>2000</height>
		<depth>3</depth>
	</size>
	<object>
		<name>ref_spoon</name>
		<bndbox>
			<xmin>1121</xmin>
			<ymin>1591</ymin>
			<xmax>1461</xmax>
			<ymax>1845</ymax>
		</bndbox>
	</object>
	<object>
		<name>ref_fork</name>
		<bndbox>
			<xmin>1154</xmin>
			<ymin>1366</ymin>
			<xmax>1527</xmax>
			<ymax>1542</ymax>
		</bndbox>
	</object>
	<object>
		<name>ref_coin</name>
		<bndbox>
			<xmin>1977</xmin>
			<ymin>147</ymin>
			<xmax>2144</xmax>
			<ymax>315</ymax>
		</bndbox>
	</object>
	<object>
		<name>dish</name>
		<bndbox>
			<xmin>1359</xmin>
			<ymin>343</ymin>
			<xmax>2251</xmax>
			<ymax>1260</ymax>
		</bndbox>
	</object>
	<object>
		<name>깻잎장아찌</name>
		<bndbox>
			<xmin>1416</xmin>
			<ymin>470</ymin>
			<xmax>2124</xmax>
			<ymax>1129</ymax>
		</bndbox>
	</object>
</annotation>