<annotation>
	<folder>side건더기국류전골냄비곱창전골q5</folder>
	<filename>side_건더기국류_전골냄비_곱창전골_Q5_00046.JPG</filename>
	<path>/side건더기국류전골냄비곱창전골q5/side_건더기국류_전골냄비_곱창전골_Q5_00046.JPG</path>
	<source>
		<database>fooddata</database>
	</source>
	<size>
		<width>3008</width>
		<height>2000</height>
		<depth>3</depth>
	</size>
	<object>
		<name>ref_spoon</name>
		<bndbox>
			<xmin>452</xmin>
			<ymin>520</ymin>
			<xmax>762</xmax>
			<ymax>881</ymax>
		</bndbox>
	</object>
	<object>
		<name>ref_fork</name>
		<bndbox>
			<xmin>808</xmin>
			<ymin>545</ymin>
			<xmax>1031</xmax>
			<ymax>977</ymax>
		</bndbox>
	</object>
	<object>
		<name>ref_coin</name>
		<bndbox>
			<xmin>112</xmin>
			<ymin>1196</ymin>
			<xmax>356</xmax>
			<ymax>1384</ymax>
		</bndbox>
	</object>
	<object>
		<name>dish</name>
		<bndbox>
			<xmin>1128</xmin>
			<ymin>449</ymin>
			<xmax>2683</xmax>
			<ymax>1607</ymax>
		</bndbox>
	</object>
	<object>
		<name>곱창전골</name>
		<bndbox>
			<xmin>1250</xmin>
			<ymin>662</ymin>
			<xmax>2535</xmax>
			<ymax>1445</ymax>
		</bndbox>
	</object>
</annotation>