<annotation>
	<folder>side건더기국류전골냄비곱창전골q5</folder>
	<filename>side_건더기국류_전골냄비_곱창전골_Q5_00045.JPG</filename>
	<path>/side건더기국류전골냄비곱창전골q5/side_건더기국류_전골냄비_곱창전골_Q5_00045.JPG</path>
	<source>
		<database>fooddata</database>
	</source>
	<size>
		<width>3008</width>
		<height>2000</height>
		<depth>3</depth>
	</size>
	<object>
		<name>ref_spoon</name>
		<bndbox>
			<xmin>361</xmin>
			<ymin>560</ymin>
			<xmax>645</xmax>
			<ymax>957</ymax>
		</bndbox>
	</object>
	<object>
		<name>ref_fork</name>
		<bndbox>
			<xmin>701</xmin>
			<ymin>591</ymin>
			<xmax>925</xmax>
			<ymax>1028</ymax>
		</bndbox>
	</object>
	<object>
		<name>ref_coin</name>
		<bndbox>
			<xmin>10</xmin>
			<ymin>1089</ymin>
			<xmax>254</xmax>
			<ymax>1272</ymax>
		</bndbox>
	</object>
	<object>
		<name>dish</name>
		<bndbox>
			<xmin>1037</xmin>
			<ymin>489</ymin>
			<xmax>2576</xmax>
			<ymax>1658</ymax>
		</bndbox>
	</object>
	<object>
		<name>곱창전골</name>
		<bndbox>
			<xmin>1158</xmin>
			<ymin>698</ymin>
			<xmax>2444</xmax>
			<ymax>1500</ymax>
		</bndbox>
	</object>
</annotation>