<annotation>
	<folder>side건더기국류전골냄비곱창전골q5</folder>
	<filename>side_건더기국류_전골냄비_곱창전골_Q5_00024.JPG</filename>
	<path>/side건더기국류전골냄비곱창전골q5/side_건더기국류_전골냄비_곱창전골_Q5_00024.JPG</path>
	<source>
		<database>fooddata</database>
	</source>
	<size>
		<width>3008</width>
		<height>2000</height>
		<depth>3</depth>
	</size>
	<object>
		<name>ref_spoon</name>
		<bndbox>
			<xmin>452</xmin>
			<ymin>1648</ymin>
			<xmax>915</xmax>
			<ymax>1927</ymax>
		</bndbox>
	</object>
	<object>
		<name>ref_fork</name>
		<bndbox>
			<xmin>559</xmin>
			<ymin>1389</ymin>
			<xmax>1072</xmax>
			<ymax>1643</ymax>
		</bndbox>
	</object>
	<object>
		<name>ref_coin</name>
		<bndbox>
			<xmin>2317</xmin>
			<ymin>540</ymin>
			<xmax>2515</xmax>
			<ymax>667</ymax>
		</bndbox>
	</object>
	<object>
		<name>dish</name>
		<bndbox>
			<xmin>762</xmin>
			<ymin>291</ymin>
			<xmax>2098</xmax>
			<ymax>1307</ymax>
		</bndbox>
	</object>
	<object>
		<name>곱창전골</name>
		<bndbox>
			<xmin>869</xmin>
			<ymin>469</ymin>
			<xmax>1982</xmax>
			<ymax>1130</ymax>
		</bndbox>
	</object>
</annotation>