<annotation>
	<folder>side건더기국류전골냄비곱창전골q5</folder>
	<filename>side_건더기국류_전골냄비_곱창전골_Q5_00013.JPG</filename>
	<path>/side건더기국류전골냄비곱창전골q5/side_건더기국류_전골냄비_곱창전골_Q5_00013.JPG</path>
	<source>
		<database>fooddata</database>
	</source>
	<size>
		<width>3008</width>
		<height>2000</height>
		<depth>3</depth>
	</size>
	<object>
		<name>ref_spoon</name>
		<bndbox>
			<xmin>2195</xmin>
			<ymin>591</ymin>
			<xmax>2459</xmax>
			<ymax>931</ymax>
		</bndbox>
	</object>
	<object>
		<name>ref_fork</name>
		<bndbox>
			<xmin>2566</xmin>
			<ymin>627</ymin>
			<xmax>2759</xmax>
			<ymax>997</ymax>
		</bndbox>
	</object>
	<object>
		<name>ref_coin</name>
		<bndbox>
			<xmin>102</xmin>
			<ymin>921</ymin>
			<xmax>320</xmax>
			<ymax>1069</ymax>
		</bndbox>
	</object>
	<object>
		<name>dish</name>
		<bndbox>
			<xmin>518</xmin>
			<ymin>367</ymin>
			<xmax>1910</xmax>
			<ymax>1434</ymax>
		</bndbox>
	</object>
	<object>
		<name>곱창전골</name>
		<bndbox>
			<xmin>620</xmin>
			<ymin>581</ymin>
			<xmax>1753</xmax>
			<ymax>1252</ymax>
		</bndbox>
	</object>
</annotation>