<annotation>
	<folder>side건더기국류전골냄비곱창전골q5</folder>
	<filename>side_건더기국류_전골냄비_곱창전골_Q5_00047.JPG</filename>
	<path>/side건더기국류전골냄비곱창전골q5/side_건더기국류_전골냄비_곱창전골_Q5_00047.JPG</path>
	<source>
		<database>fooddata</database>
	</source>
	<size>
		<width>3008</width>
		<height>2000</height>
		<depth>3</depth>
	</size>
	<object>
		<name>ref_spoon</name>
		<bndbox>
			<xmin>528</xmin>
			<ymin>652</ymin>
			<xmax>813</xmax>
			<ymax>1003</ymax>
		</bndbox>
	</object>
	<object>
		<name>ref_fork</name>
		<bndbox>
			<xmin>864</xmin>
			<ymin>682</ymin>
			<xmax>1052</xmax>
			<ymax>1064</ymax>
		</bndbox>
	</object>
	<object>
		<name>ref_coin</name>
		<bndbox>
			<xmin>102</xmin>
			<ymin>1475</ymin>
			<xmax>346</xmax>
			<ymax>1648</ymax>
		</bndbox>
	</object>
	<object>
		<name>dish</name>
		<bndbox>
			<xmin>1280</xmin>
			<ymin>596</ymin>
			<xmax>2637</xmax>
			<ymax>1638</ymax>
		</bndbox>
	</object>
	<object>
		<name>곱창전골</name>
		<bndbox>
			<xmin>1392</xmin>
			<ymin>804</ymin>
			<xmax>2500</xmax>
			<ymax>1475</ymax>
		</bndbox>
	</object>
</annotation>