<annotation>
	<folder>side건더기국류전골냄비곱창전골q5</folder>
	<filename>side_건더기국류_전골냄비_곱창전골_Q5_00003.JPG</filename>
	<path>/side건더기국류전골냄비곱창전골q5/side_건더기국류_전골냄비_곱창전골_Q5_00003.JPG</path>
	<source>
		<database>fooddata</database>
	</source>
	<size>
		<width>3008</width>
		<height>2000</height>
		<depth>3</depth>
	</size>
	<object>
		<name>ref_spoon</name>
		<bndbox>
			<xmin>2119</xmin>
			<ymin>621</ymin>
			<xmax>2378</xmax>
			<ymax>972</ymax>
		</bndbox>
	</object>
	<object>
		<name>ref_fork</name>
		<bndbox>
			<xmin>2480</xmin>
			<ymin>662</ymin>
			<xmax>2678</xmax>
			<ymax>1043</ymax>
		</bndbox>
	</object>
	<object>
		<name>ref_coin</name>
		<bndbox>
			<xmin>1138</xmin>
			<ymin>1719</ymin>
			<xmax>1362</xmax>
			<ymax>1892</ymax>
		</bndbox>
	</object>
	<object>
		<name>dish</name>
		<bndbox>
			<xmin>401</xmin>
			<ymin>357</ymin>
			<xmax>1783</xmax>
			<ymax>1424</ymax>
		</bndbox>
	</object>
	<object>
		<name>곱창전골</name>
		<bndbox>
			<xmin>508</xmin>
			<ymin>540</ymin>
			<xmax>1687</xmax>
			<ymax>1241</ymax>
		</bndbox>
	</object>
</annotation>