<annotation>
	<folder>top건더기국류전골냄비곱창전골q5</folder>
	<filename>top_건더기국류_전골냄비_곱창전골_Q5_00023.JPG</filename>
	<path>/top건더기국류전골냄비곱창전골q5/top_건더기국류_전골냄비_곱창전골_Q5_00023.JPG</path>
	<source>
		<database>fooddata</database>
	</source>
	<size>
		<width>3008</width>
		<height>2000</height>
		<depth>3</depth>
	</size>
	<object>
		<name>ref_spoon</name>
		<bndbox>
			<xmin>538</xmin>
			<ymin>1737</ymin>
			<xmax>903</xmax>
			<ymax>1962</ymax>
		</bndbox>
	</object>
	<object>
		<name>ref_fork</name>
		<bndbox>
			<xmin>671</xmin>
			<ymin>1495</ymin>
			<xmax>1043</xmax>
			<ymax>1655</ymax>
		</bndbox>
	</object>
	<object>
		<name>ref_coin</name>
		<bndbox>
			<xmin>1733</xmin>
			<ymin>239</ymin>
			<xmax>1862</xmax>
			<ymax>365</ymax>
		</bndbox>
	</object>
	<object>
		<name>dish</name>
		<bndbox>
			<xmin>644</xmin>
			<ymin>212</ymin>
			<xmax>1699</xmax>
			<ymax>1225</ymax>
		</bndbox>
	</object>
	<object>
		<name>곱창전골</name>
		<bndbox>
			<xmin>739</xmin>
			<ymin>314</ymin>
			<xmax>1617</xmax>
			<ymax>1174</ymax>
		</bndbox>
	</object>
</annotation>