<annotation>
	<folder>top건더기국류전골냄비곱창전골q5</folder>
	<filename>top_건더기국류_전골냄비_곱창전골_Q5_00055.JPG</filename>
	<path>/top건더기국류전골냄비곱창전골q5/top_건더기국류_전골냄비_곱창전골_Q5_00055.JPG</path>
	<source>
		<database>fooddata</database>
	</source>
	<size>
		<width>3008</width>
		<height>2000</height>
		<depth>3</depth>
	</size>
	<object>
		<name>ref_spoon</name>
		<bndbox>
			<xmin>542</xmin>
			<ymin>331</ymin>
			<xmax>767</xmax>
			<ymax>717</ymax>
		</bndbox>
	</object>
	<object>
		<name>ref_fork</name>
		<bndbox>
			<xmin>876</xmin>
			<ymin>444</ymin>
			<xmax>1019</xmax>
			<ymax>823</ymax>
		</bndbox>
	</object>
	<object>
		<name>ref_coin</name>
		<bndbox>
			<xmin>272</xmin>
			<ymin>474</ymin>
			<xmax>439</xmax>
			<ymax>635</ymax>
		</bndbox>
	</object>
	<object>
		<name>dish</name>
		<bndbox>
			<xmin>1176</xmin>
			<ymin>338</ymin>
			<xmax>2385</xmax>
			<ymax>1539</ymax>
		</bndbox>
	</object>
	<object>
		<name>곱창전골</name>
		<bndbox>
			<xmin>1248</xmin>
			<ymin>464</ymin>
			<xmax>2251</xmax>
			<ymax>1454</ymax>
		</bndbox>
	</object>
</annotation>