<annotation>
	<folder>top건더기국류전골냄비곱창전골q5</folder>
	<filename>top_건더기국류_전골냄비_곱창전골_Q5_00004.JPG</filename>
	<path>/top건더기국류전골냄비곱창전골q5/top_건더기국류_전골냄비_곱창전골_Q5_00004.JPG</path>
	<source>
		<database>fooddata</database>
	</source>
	<size>
		<width>3008</width>
		<height>2000</height>
		<depth>3</depth>
	</size>
	<object>
		<name>ref_spoon</name>
		<bndbox>
			<xmin>2142</xmin>
			<ymin>331</ymin>
			<xmax>2378</xmax>
			<ymax>717</ymax>
		</bndbox>
	</object>
	<object>
		<name>ref_fork</name>
		<bndbox>
			<xmin>2477</xmin>
			<ymin>386</ymin>
			<xmax>2641</xmax>
			<ymax>795</ymax>
		</bndbox>
	</object>
	<object>
		<name>ref_coin</name>
		<bndbox>
			<xmin>995</xmin>
			<ymin>1563</ymin>
			<xmax>1173</xmax>
			<ymax>1747</ymax>
		</bndbox>
	</object>
	<object>
		<name>dish</name>
		<bndbox>
			<xmin>572</xmin>
			<ymin>201</ymin>
			<xmax>1859</xmax>
			<ymax>1474</ymax>
		</bndbox>
	</object>
	<object>
		<name>곱창전골</name>
		<bndbox>
			<xmin>692</xmin>
			<ymin>328</ymin>
			<xmax>1757</xmax>
			<ymax>1392</ymax>
		</bndbox>
	</object>
</annotation>