<annotation>
	<folder>top건더기국류전골냄비곱창전골q5</folder>
	<filename>top_건더기국류_전골냄비_곱창전골_Q5_00036.JPG</filename>
	<path>/top건더기국류전골냄비곱창전골q5/top_건더기국류_전골냄비_곱창전골_Q5_00036.JPG</path>
	<source>
		<database>fooddata</database>
	</source>
	<size>
		<width>3008</width>
		<height>2000</height>
		<depth>3</depth>
	</size>
	<object>
		<name>ref_spoon</name>
		<bndbox>
			<xmin>675</xmin>
			<ymin>294</ymin>
			<xmax>900</xmax>
			<ymax>662</ymax>
		</bndbox>
	</object>
	<object>
		<name>ref_fork</name>
		<bndbox>
			<xmin>985</xmin>
			<ymin>399</ymin>
			<xmax>1139</xmax>
			<ymax>775</ymax>
		</bndbox>
	</object>
	<object>
		<name>ref_coin</name>
		<bndbox>
			<xmin>494</xmin>
			<ymin>809</ymin>
			<xmax>644</xmax>
			<ymax>969</ymax>
		</bndbox>
	</object>
	<object>
		<name>dish</name>
		<bndbox>
			<xmin>1224</xmin>
			<ymin>294</ymin>
			<xmax>2415</xmax>
			<ymax>1468</ymax>
		</bndbox>
	</object>
	<object>
		<name>곱창전골</name>
		<bndbox>
			<xmin>1292</xmin>
			<ymin>410</ymin>
			<xmax>2299</xmax>
			<ymax>1399</ymax>
		</bndbox>
	</object>
</annotation>