<annotation>
	<folder>top건더기국류전골냄비곱창전골q5</folder>
	<filename>top_건더기국류_전골냄비_곱창전골_Q5_00014.JPG</filename>
	<path>/top건더기국류전골냄비곱창전골q5/top_건더기국류_전골냄비_곱창전골_Q5_00014.JPG</path>
	<source>
		<database>fooddata</database>
	</source>
	<size>
		<width>3008</width>
		<height>2000</height>
		<depth>3</depth>
	</size>
	<object>
		<name>ref_spoon</name>
		<bndbox>
			<xmin>2016</xmin>
			<ymin>345</ymin>
			<xmax>2245</xmax>
			<ymax>727</ymax>
		</bndbox>
	</object>
	<object>
		<name>ref_fork</name>
		<bndbox>
			<xmin>2364</xmin>
			<ymin>382</ymin>
			<xmax>2514</xmax>
			<ymax>799</ymax>
		</bndbox>
	</object>
	<object>
		<name>ref_coin</name>
		<bndbox>
			<xmin>2559</xmin>
			<ymin>321</ymin>
			<xmax>2716</xmax>
			<ymax>485</ymax>
		</bndbox>
	</object>
	<object>
		<name>dish</name>
		<bndbox>
			<xmin>388</xmin>
			<ymin>352</ymin>
			<xmax>1702</xmax>
			<ymax>1631</ymax>
		</bndbox>
	</object>
	<object>
		<name>곱창전골</name>
		<bndbox>
			<xmin>507</xmin>
			<ymin>471</ymin>
			<xmax>1610</xmax>
			<ymax>1553</ymax>
		</bndbox>
	</object>
</annotation>