<annotation>
	<folder>top건더기국류전골냄비곱창전골q5</folder>
	<filename>top_건더기국류_전골냄비_곱창전골_Q5_00054.JPG</filename>
	<path>/top건더기국류전골냄비곱창전골q5/top_건더기국류_전골냄비_곱창전골_Q5_00054.JPG</path>
	<source>
		<database>fooddata</database>
	</source>
	<size>
		<width>3008</width>
		<height>2000</height>
		<depth>3</depth>
	</size>
	<object>
		<name>ref_spoon</name>
		<bndbox>
			<xmin>535</xmin>
			<ymin>355</ymin>
			<xmax>763</xmax>
			<ymax>741</ymax>
		</bndbox>
	</object>
	<object>
		<name>ref_fork</name>
		<bndbox>
			<xmin>866</xmin>
			<ymin>471</ymin>
			<xmax>1013</xmax>
			<ymax>863</ymax>
		</bndbox>
	</object>
	<object>
		<name>ref_coin</name>
		<bndbox>
			<xmin>309</xmin>
			<ymin>666</ymin>
			<xmax>487</xmax>
			<ymax>833</ymax>
		</bndbox>
	</object>
	<object>
		<name>dish</name>
		<bndbox>
			<xmin>1173</xmin>
			<ymin>365</ymin>
			<xmax>2381</xmax>
			<ymax>1570</ymax>
		</bndbox>
	</object>
	<object>
		<name>곱창전골</name>
		<bndbox>
			<xmin>1241</xmin>
			<ymin>491</ymin>
			<xmax>2248</xmax>
			<ymax>1478</ymax>
		</bndbox>
	</object>
</annotation>