<annotation>
	<folder>top건더기국류전골냄비곱창전골q5</folder>
	<filename>top_건더기국류_전골냄비_곱창전골_Q5_00025.JPG</filename>
	<path>/top건더기국류전골냄비곱창전골q5/top_건더기국류_전골냄비_곱창전골_Q5_00025.JPG</path>
	<source>
		<database>fooddata</database>
	</source>
	<size>
		<width>3008</width>
		<height>2000</height>
		<depth>3</depth>
	</size>
	<object>
		<name>ref_spoon</name>
		<bndbox>
			<xmin>559</xmin>
			<ymin>1717</ymin>
			<xmax>903</xmax>
			<ymax>1932</ymax>
		</bndbox>
	</object>
	<object>
		<name>ref_fork</name>
		<bndbox>
			<xmin>678</xmin>
			<ymin>1471</ymin>
			<xmax>1060</xmax>
			<ymax>1635</ymax>
		</bndbox>
	</object>
	<object>
		<name>ref_coin</name>
		<bndbox>
			<xmin>1197</xmin>
			<ymin>68</ymin>
			<xmax>1333</xmax>
			<ymax>198</ymax>
		</bndbox>
	</object>
	<object>
		<name>dish</name>
		<bndbox>
			<xmin>634</xmin>
			<ymin>212</ymin>
			<xmax>1692</xmax>
			<ymax>1239</ymax>
		</bndbox>
	</object>
	<object>
		<name>곱창전골</name>
		<bndbox>
			<xmin>739</xmin>
			<ymin>331</ymin>
			<xmax>1617</xmax>
			<ymax>1171</ymax>
		</bndbox>
	</object>
</annotation>