<annotation>
	<folder>side국류뚝배기순대국q3</folder>
	<filename>side_국류_뚝배기_순대국_Q3_00006.JPG</filename>
	<path>/side국류뚝배기순대국q3/side_국류_뚝배기_순대국_Q3_00006.JPG</path>
	<source>
		<database>fooddata</database>
	</source>
	<size>
		<width>5472</width>
		<height>3648</height>
		<depth>3</depth>
	</size>
	<object>
		<name>ref_spoon</name>
		<bndbox>
			<xmin>4564</xmin>
			<ymin>1286</ymin>
			<xmax>5062</xmax>
			<ymax>2008</ymax>
		</bndbox>
	</object>
	<object>
		<name>ref_fork</name>
		<bndbox>
			<xmin>4058</xmin>
			<ymin>1349</ymin>
			<xmax>4390</xmax>
			<ymax>2174</ymax>
		</bndbox>
	</object>
	<object>
		<name>ref_coin</name>
		<bndbox>
			<xmin>827</xmin>
			<ymin>2819</ymin>
			<xmax>1185</xmax>
			<ymax>3119</ymax>
		</bndbox>
	</object>
	<object>
		<name>dish</name>
		<bndbox>
			<xmin>1158</xmin>
			<ymin>672</ymin>
			<xmax>3686</xmax>
			<ymax>2837</ymax>
		</bndbox>
	</object>
	<object>
		<name>순대국</name>
		<bndbox>
			<xmin>1472</xmin>
			<ymin>1268</ymin>
			<xmax>3381</xmax>
			<ymax>2223</ymax>
		</bndbox>
	</object>
</annotation>