<annotation>
	<folder>side국류뚝배기순대국q3</folder>
	<filename>side_국류_뚝배기_순대국_Q3_00024.JPG</filename>
	<path>/side국류뚝배기순대국q3/side_국류_뚝배기_순대국_Q3_00024.JPG</path>
	<source>
		<database>fooddata</database>
	</source>
	<size>
		<width>5472</width>
		<height>3648</height>
		<depth>3</depth>
	</size>
	<object>
		<name>ref_spoon</name>
		<bndbox>
			<xmin>1719</xmin>
			<ymin>2523</ymin>
			<xmax>2566</xmax>
			<ymax>2900</ymax>
		</bndbox>
	</object>
	<object>
		<name>ref_fork</name>
		<bndbox>
			<xmin>1795</xmin>
			<ymin>3030</ymin>
			<xmax>2642</xmax>
			<ymax>3357</ymax>
		</bndbox>
	</object>
	<object>
		<name>ref_coin</name>
		<bndbox>
			<xmin>1728</xmin>
			<ymin>175</ymin>
			<xmax>1997</xmax>
			<ymax>367</ymax>
		</bndbox>
	</object>
	<object>
		<name>dish</name>
		<bndbox>
			<xmin>1862</xmin>
			<ymin>341</ymin>
			<xmax>4067</xmax>
			<ymax>2250</ymax>
		</bndbox>
	</object>
	<object>
		<name>순대국</name>
		<bndbox>
			<xmin>2144</xmin>
			<ymin>883</ymin>
			<xmax>3794</xmax>
			<ymax>1690</ymax>
		</bndbox>
	</object>
</annotation>