<annotation>
	<folder>side국류뚝배기순대국q3</folder>
	<filename>side_국류_뚝배기_순대국_Q3_00011.JPG</filename>
	<path>/side국류뚝배기순대국q3/side_국류_뚝배기_순대국_Q3_00011.JPG</path>
	<source>
		<database>fooddata</database>
	</source>
	<size>
		<width>5472</width>
		<height>3648</height>
		<depth>3</depth>
	</size>
	<object>
		<name>ref_spoon</name>
		<bndbox>
			<xmin>4600</xmin>
			<ymin>1546</ymin>
			<xmax>5098</xmax>
			<ymax>2277</ymax>
		</bndbox>
	</object>
	<object>
		<name>ref_fork</name>
		<bndbox>
			<xmin>4072</xmin>
			<ymin>1622</ymin>
			<xmax>4412</xmax>
			<ymax>2460</ymax>
		</bndbox>
	</object>
	<object>
		<name>ref_coin</name>
		<bndbox>
			<xmin>2938</xmin>
			<ymin>529</ymin>
			<xmax>3251</xmax>
			<ymax>748</ymax>
		</bndbox>
	</object>
	<object>
		<name>dish</name>
		<bndbox>
			<xmin>1365</xmin>
			<ymin>892</ymin>
			<xmax>3959</xmax>
			<ymax>3164</ymax>
		</bndbox>
	</object>
	<object>
		<name>순대국</name>
		<bndbox>
			<xmin>1674</xmin>
			<ymin>1506</ymin>
			<xmax>3646</xmax>
			<ymax>2519</ymax>
		</bndbox>
	</object>
</annotation>