<annotation>
	<folder>side국류뚝배기순대국q3</folder>
	<filename>side_국류_뚝배기_순대국_Q3_00027.JPG</filename>
	<path>/side국류뚝배기순대국q3/side_국류_뚝배기_순대국_Q3_00027.JPG</path>
	<source>
		<database>fooddata</database>
	</source>
	<size>
		<width>5472</width>
		<height>3648</height>
		<depth>3</depth>
	</size>
	<object>
		<name>ref_spoon</name>
		<bndbox>
			<xmin>1651</xmin>
			<ymin>2595</ymin>
			<xmax>2472</xmax>
			<ymax>3016</ymax>
		</bndbox>
	</object>
	<object>
		<name>ref_fork</name>
		<bndbox>
			<xmin>1728</xmin>
			<ymin>3133</ymin>
			<xmax>2588</xmax>
			<ymax>3509</ymax>
		</bndbox>
	</object>
	<object>
		<name>ref_coin</name>
		<bndbox>
			<xmin>1024</xmin>
			<ymin>1573</ymin>
			<xmax>1374</xmax>
			<ymax>1828</ymax>
		</bndbox>
	</object>
	<object>
		<name>dish</name>
		<bndbox>
			<xmin>1938</xmin>
			<ymin>300</ymin>
			<xmax>4282</xmax>
			<ymax>2326</ymax>
		</bndbox>
	</object>
	<object>
		<name>순대국</name>
		<bndbox>
			<xmin>2216</xmin>
			<ymin>869</ymin>
			<xmax>3968</xmax>
			<ymax>1743</ymax>
		</bndbox>
	</object>
</annotation>