<annotation>
	<folder>side국류뚝배기순대국q3</folder>
	<filename>side_국류_뚝배기_순대국_Q3_00052.JPG</filename>
	<path>/side국류뚝배기순대국q3/side_국류_뚝배기_순대국_Q3_00052.JPG</path>
	<source>
		<database>fooddata</database>
	</source>
	<size>
		<width>5472</width>
		<height>3648</height>
		<depth>3</depth>
	</size>
	<object>
		<name>ref_spoon</name>
		<bndbox>
			<xmin>993</xmin>
			<ymin>1152</ymin>
			<xmax>1521</xmax>
			<ymax>1891</ymax>
		</bndbox>
	</object>
	<object>
		<name>ref_fork</name>
		<bndbox>
			<xmin>356</xmin>
			<ymin>1331</ymin>
			<xmax>742</xmax>
			<ymax>2223</ymax>
		</bndbox>
	</object>
	<object>
		<name>ref_coin</name>
		<bndbox>
			<xmin>1772</xmin>
			<ymin>3025</ymin>
			<xmax>2194</xmax>
			<ymax>3370</ymax>
		</bndbox>
	</object>
	<object>
		<name>dish</name>
		<bndbox>
			<xmin>1759</xmin>
			<ymin>403</ymin>
			<xmax>4668</xmax>
			<ymax>2944</ymax>
		</bndbox>
	</object>
	<object>
		<name>순대국</name>
		<bndbox>
			<xmin>2113</xmin>
			<ymin>1102</ymin>
			<xmax>4287</xmax>
			<ymax>2236</ymax>
		</bndbox>
	</object>
</annotation>