<annotation>
	<folder>side국류뚝배기순대국q3</folder>
	<filename>side_국류_뚝배기_순대국_Q3_00045.JPG</filename>
	<path>/side국류뚝배기순대국q3/side_국류_뚝배기_순대국_Q3_00045.JPG</path>
	<source>
		<database>fooddata</database>
	</source>
	<size>
		<width>5472</width>
		<height>3648</height>
		<depth>3</depth>
	</size>
	<object>
		<name>ref_spoon</name>
		<bndbox>
			<xmin>1060</xmin>
			<ymin>1017</ymin>
			<xmax>1598</xmax>
			<ymax>1761</ymax>
		</bndbox>
	</object>
	<object>
		<name>ref_fork</name>
		<bndbox>
			<xmin>468</xmin>
			<ymin>1219</ymin>
			<xmax>840</xmax>
			<ymax>2070</ymax>
		</bndbox>
	</object>
	<object>
		<name>ref_coin</name>
		<bndbox>
			<xmin>1898</xmin>
			<ymin>2828</ymin>
			<xmax>2315</xmax>
			<ymax>3182</ymax>
		</bndbox>
	</object>
	<object>
		<name>dish</name>
		<bndbox>
			<xmin>1826</xmin>
			<ymin>220</ymin>
			<xmax>4703</xmax>
			<ymax>2729</ymax>
		</bndbox>
	</object>
	<object>
		<name>순대국</name>
		<bndbox>
			<xmin>2176</xmin>
			<ymin>834</ymin>
			<xmax>4443</xmax>
			<ymax>2048</ymax>
		</bndbox>
	</object>
</annotation>