<annotation>
	<folder>side국류뚝배기순대국q3</folder>
	<filename>side_국류_뚝배기_순대국_Q3_00005.JPG</filename>
	<path>/side국류뚝배기순대국q3/side_국류_뚝배기_순대국_Q3_00005.JPG</path>
	<source>
		<database>fooddata</database>
	</source>
	<size>
		<width>5472</width>
		<height>3648</height>
		<depth>3</depth>
	</size>
	<object>
		<name>ref_spoon</name>
		<bndbox>
			<xmin>4488</xmin>
			<ymin>1179</ymin>
			<xmax>4981</xmax>
			<ymax>1918</ymax>
		</bndbox>
	</object>
	<object>
		<name>ref_fork</name>
		<bndbox>
			<xmin>3986</xmin>
			<ymin>1264</ymin>
			<xmax>4314</xmax>
			<ymax>2070</ymax>
		</bndbox>
	</object>
	<object>
		<name>ref_coin</name>
		<bndbox>
			<xmin>1387</xmin>
			<ymin>3106</ymin>
			<xmax>1763</xmax>
			<ymax>3419</ymax>
		</bndbox>
	</object>
	<object>
		<name>dish</name>
		<bndbox>
			<xmin>1154</xmin>
			<ymin>618</ymin>
			<xmax>3686</xmax>
			<ymax>2788</ymax>
		</bndbox>
	</object>
	<object>
		<name>순대국</name>
		<bndbox>
			<xmin>1472</xmin>
			<ymin>1219</ymin>
			<xmax>3381</xmax>
			<ymax>2169</ymax>
		</bndbox>
	</object>
</annotation>