<annotation>
	<folder>side국류뚝배기순대국q3</folder>
	<filename>side_국류_뚝배기_순대국_Q3_00041.JPG</filename>
	<path>/side국류뚝배기순대국q3/side_국류_뚝배기_순대국_Q3_00041.JPG</path>
	<source>
		<database>fooddata</database>
	</source>
	<size>
		<width>5472</width>
		<height>3648</height>
		<depth>3</depth>
	</size>
	<object>
		<name>ref_spoon</name>
		<bndbox>
			<xmin>1217</xmin>
			<ymin>1017</ymin>
			<xmax>1750</xmax>
			<ymax>1779</ymax>
		</bndbox>
	</object>
	<object>
		<name>ref_fork</name>
		<bndbox>
			<xmin>630</xmin>
			<ymin>1210</ymin>
			<xmax>997</xmax>
			<ymax>2079</ymax>
		</bndbox>
	</object>
	<object>
		<name>ref_coin</name>
		<bndbox>
			<xmin>2032</xmin>
			<ymin>2832</ymin>
			<xmax>2445</xmax>
			<ymax>3173</ymax>
		</bndbox>
	</object>
	<object>
		<name>dish</name>
		<bndbox>
			<xmin>1970</xmin>
			<ymin>233</ymin>
			<xmax>4847</xmax>
			<ymax>2747</ymax>
		</bndbox>
	</object>
	<object>
		<name>순대국</name>
		<bndbox>
			<xmin>2324</xmin>
			<ymin>959</ymin>
			<xmax>4484</xmax>
			<ymax>2048</ymax>
		</bndbox>
	</object>
</annotation>