<annotation>
	<folder>side국류뚝배기순대국q3</folder>
	<filename>side_국류_뚝배기_순대국_Q3_00025.JPG</filename>
	<path>/side국류뚝배기순대국q3/side_국류_뚝배기_순대국_Q3_00025.JPG</path>
	<source>
		<database>fooddata</database>
	</source>
	<size>
		<width>5472</width>
		<height>3648</height>
		<depth>3</depth>
	</size>
	<object>
		<name>ref_spoon</name>
		<bndbox>
			<xmin>1701</xmin>
			<ymin>2519</ymin>
			<xmax>2516</xmax>
			<ymax>2900</ymax>
		</bndbox>
	</object>
	<object>
		<name>ref_fork</name>
		<bndbox>
			<xmin>1777</xmin>
			<ymin>3034</ymin>
			<xmax>2655</xmax>
			<ymax>3357</ymax>
		</bndbox>
	</object>
	<object>
		<name>ref_coin</name>
		<bndbox>
			<xmin>1275</xmin>
			<ymin>502</ymin>
			<xmax>1562</xmax>
			<ymax>704</ymax>
		</bndbox>
	</object>
	<object>
		<name>dish</name>
		<bndbox>
			<xmin>1911</xmin>
			<ymin>309</ymin>
			<xmax>4139</xmax>
			<ymax>2236</ymax>
		</bndbox>
	</object>
	<object>
		<name>순대국</name>
		<bndbox>
			<xmin>2194</xmin>
			<ymin>869</ymin>
			<xmax>3865</xmax>
			<ymax>1685</ymax>
		</bndbox>
	</object>
</annotation>