<annotation>
	<folder>side국류뚝배기순대국q3</folder>
	<filename>side_국류_뚝배기_순대국_Q3_00040.JPG</filename>
	<path>/side국류뚝배기순대국q3/side_국류_뚝배기_순대국_Q3_00040.JPG</path>
	<source>
		<database>fooddata</database>
	</source>
	<size>
		<width>5472</width>
		<height>3648</height>
		<depth>3</depth>
	</size>
	<object>
		<name>ref_spoon</name>
		<bndbox>
			<xmin>1279</xmin>
			<ymin>1040</ymin>
			<xmax>1804</xmax>
			<ymax>1779</ymax>
		</bndbox>
	</object>
	<object>
		<name>ref_fork</name>
		<bndbox>
			<xmin>674</xmin>
			<ymin>1206</ymin>
			<xmax>1046</xmax>
			<ymax>2062</ymax>
		</bndbox>
	</object>
	<object>
		<name>ref_coin</name>
		<bndbox>
			<xmin>2064</xmin>
			<ymin>2868</ymin>
			<xmax>2481</xmax>
			<ymax>3213</ymax>
		</bndbox>
	</object>
	<object>
		<name>dish</name>
		<bndbox>
			<xmin>2037</xmin>
			<ymin>300</ymin>
			<xmax>4892</xmax>
			<ymax>2792</ymax>
		</bndbox>
	</object>
	<object>
		<name>순대국</name>
		<bndbox>
			<xmin>2382</xmin>
			<ymin>941</ymin>
			<xmax>4560</xmax>
			<ymax>2111</ymax>
		</bndbox>
	</object>
</annotation>