<annotation>
	<folder>top국류뚝배기순대국q3</folder>
	<filename>top_국류_뚝배기_순대국_Q3_00028.JPG</filename>
	<path>/top국류뚝배기순대국q3/top_국류_뚝배기_순대국_Q3_00028.JPG</path>
	<source>
		<database>fooddata</database>
	</source>
	<size>
		<width>5472</width>
		<height>3648</height>
		<depth>3</depth>
	</size>
	<object>
		<name>ref_spoon</name>
		<bndbox>
			<xmin>1750</xmin>
			<ymin>2998</ymin>
			<xmax>2382</xmax>
			<ymax>3415</ymax>
		</bndbox>
	</object>
	<object>
		<name>ref_fork</name>
		<bndbox>
			<xmin>1795</xmin>
			<ymin>2541</ymin>
			<xmax>2498</xmax>
			<ymax>2810</ymax>
		</bndbox>
	</object>
	<object>
		<name>ref_coin</name>
		<bndbox>
			<xmin>1629</xmin>
			<ymin>1730</ymin>
			<xmax>1902</xmax>
			<ymax>2008</ymax>
		</bndbox>
	</object>
	<object>
		<name>dish</name>
		<bndbox>
			<xmin>1997</xmin>
			<ymin>448</ymin>
			<xmax>4121</xmax>
			<ymax>2554</ymax>
		</bndbox>
	</object>
	<object>
		<name>순대국</name>
		<bndbox>
			<xmin>2225</xmin>
			<ymin>762</ymin>
			<xmax>3874</xmax>
			<ymax>2348</ymax>
		</bndbox>
	</object>
</annotation>