<annotation>
	<folder>top국류뚝배기순대국q3</folder>
	<filename>top_국류_뚝배기_순대국_Q3_00006.JPG</filename>
	<path>/top국류뚝배기순대국q3/top_국류_뚝배기_순대국_Q3_00006.JPG</path>
	<source>
		<database>fooddata</database>
	</source>
	<size>
		<width>5472</width>
		<height>3648</height>
		<depth>3</depth>
	</size>
	<object>
		<name>ref_spoon</name>
		<bndbox>
			<xmin>3964</xmin>
			<ymin>636</ymin>
			<xmax>4403</xmax>
			<ymax>1371</ymax>
		</bndbox>
	</object>
	<object>
		<name>ref_fork</name>
		<bndbox>
			<xmin>4533</xmin>
			<ymin>704</ymin>
			<xmax>4847</xmax>
			<ymax>1470</ymax>
		</bndbox>
	</object>
	<object>
		<name>ref_coin</name>
		<bndbox>
			<xmin>934</xmin>
			<ymin>2425</ymin>
			<xmax>1266</xmax>
			<ymax>2747</ymax>
		</bndbox>
	</object>
	<object>
		<name>dish</name>
		<bndbox>
			<xmin>1257</xmin>
			<ymin>372</ymin>
			<xmax>3753</xmax>
			<ymax>2841</ymax>
		</bndbox>
	</object>
	<object>
		<name>순대국</name>
		<bndbox>
			<xmin>1553</xmin>
			<ymin>690</ymin>
			<xmax>3480</xmax>
			<ymax>2590</ymax>
		</bndbox>
	</object>
</annotation>