<annotation>
	<folder>top국류뚝배기순대국q3</folder>
	<filename>top_국류_뚝배기_순대국_Q3_00049.JPG</filename>
	<path>/top국류뚝배기순대국q3/top_국류_뚝배기_순대국_Q3_00049.JPG</path>
	<source>
		<database>fooddata</database>
	</source>
	<size>
		<width>5472</width>
		<height>3648</height>
		<depth>3</depth>
	</size>
	<object>
		<name>ref_spoon</name>
		<bndbox>
			<xmin>916</xmin>
			<ymin>493</ymin>
			<xmax>1383</xmax>
			<ymax>1282</ymax>
		</bndbox>
	</object>
	<object>
		<name>ref_fork</name>
		<bndbox>
			<xmin>1607</xmin>
			<ymin>538</ymin>
			<xmax>1907</xmax>
			<ymax>1336</ymax>
		</bndbox>
	</object>
	<object>
		<name>ref_coin</name>
		<bndbox>
			<xmin>3319</xmin>
			<ymin>139</ymin>
			<xmax>3650</xmax>
			<ymax>471</ymax>
		</bndbox>
	</object>
	<object>
		<name>dish</name>
		<bndbox>
			<xmin>1880</xmin>
			<ymin>605</ymin>
			<xmax>4582</xmax>
			<ymax>3285</ymax>
		</bndbox>
	</object>
	<object>
		<name>순대국</name>
		<bndbox>
			<xmin>2198</xmin>
			<ymin>964</ymin>
			<xmax>4228</xmax>
			<ymax>2985</ymax>
		</bndbox>
	</object>
</annotation>