<annotation>
	<folder>top국류뚝배기순대국q3</folder>
	<filename>top_국류_뚝배기_순대국_Q3_00044.JPG</filename>
	<path>/top국류뚝배기순대국q3/top_국류_뚝배기_순대국_Q3_00044.JPG</path>
	<source>
		<database>fooddata</database>
	</source>
	<size>
		<width>5472</width>
		<height>3648</height>
		<depth>3</depth>
	</size>
	<object>
		<name>ref_spoon</name>
		<bndbox>
			<xmin>374</xmin>
			<ymin>332</ymin>
			<xmax>903</xmax>
			<ymax>1165</ymax>
		</bndbox>
	</object>
	<object>
		<name>ref_fork</name>
		<bndbox>
			<xmin>1145</xmin>
			<ymin>363</ymin>
			<xmax>1490</xmax>
			<ymax>1228</ymax>
		</bndbox>
	</object>
	<object>
		<name>ref_coin</name>
		<bndbox>
			<xmin>4681</xmin>
			<ymin>973</ymin>
			<xmax>5044</xmax>
			<ymax>1331</ymax>
		</bndbox>
	</object>
	<object>
		<name>dish</name>
		<bndbox>
			<xmin>1513</xmin>
			<ymin>408</ymin>
			<xmax>4403</xmax>
			<ymax>3307</ymax>
		</bndbox>
	</object>
	<object>
		<name>순대국</name>
		<bndbox>
			<xmin>1826</xmin>
			<ymin>784</ymin>
			<xmax>4027</xmax>
			<ymax>2980</ymax>
		</bndbox>
	</object>
</annotation>