<annotation>
	<folder>top국류뚝배기순대국q3</folder>
	<filename>top_국류_뚝배기_순대국_Q3_00030.JPG</filename>
	<path>/top국류뚝배기순대국q3/top_국류_뚝배기_순대국_Q3_00030.JPG</path>
	<source>
		<database>fooddata</database>
	</source>
	<size>
		<width>5472</width>
		<height>3648</height>
		<depth>3</depth>
	</size>
	<object>
		<name>ref_spoon</name>
		<bndbox>
			<xmin>1719</xmin>
			<ymin>2949</ymin>
			<xmax>2382</xmax>
			<ymax>3357</ymax>
		</bndbox>
	</object>
	<object>
		<name>ref_fork</name>
		<bndbox>
			<xmin>1772</xmin>
			<ymin>2496</ymin>
			<xmax>2476</xmax>
			<ymax>2761</ymax>
		</bndbox>
	</object>
	<object>
		<name>ref_coin</name>
		<bndbox>
			<xmin>1472</xmin>
			<ymin>802</ymin>
			<xmax>1750</xmax>
			<ymax>1058</ymax>
		</bndbox>
	</object>
	<object>
		<name>dish</name>
		<bndbox>
			<xmin>1965</xmin>
			<ymin>430</ymin>
			<xmax>4094</xmax>
			<ymax>2532</ymax>
		</bndbox>
	</object>
	<object>
		<name>순대국</name>
		<bndbox>
			<xmin>2203</xmin>
			<ymin>744</ymin>
			<xmax>3843</xmax>
			<ymax>2348</ymax>
		</bndbox>
	</object>
</annotation>