<annotation>
	<folder>top국류뚝배기순대국q3</folder>
	<filename>top_국류_뚝배기_순대국_Q3_00002.JPG</filename>
	<path>/top국류뚝배기순대국q3/top_국류_뚝배기_순대국_Q3_00002.JPG</path>
	<source>
		<database>fooddata</database>
	</source>
	<size>
		<width>5472</width>
		<height>3648</height>
		<depth>3</depth>
	</size>
	<object>
		<name>ref_spoon</name>
		<bndbox>
			<xmin>3726</xmin>
			<ymin>547</ymin>
			<xmax>4197</xmax>
			<ymax>1300</ymax>
		</bndbox>
	</object>
	<object>
		<name>ref_fork</name>
		<bndbox>
			<xmin>4349</xmin>
			<ymin>601</ymin>
			<xmax>4659</xmax>
			<ymax>1407</ymax>
		</bndbox>
	</object>
	<object>
		<name>ref_coin</name>
		<bndbox>
			<xmin>2920</xmin>
			<ymin>2882</ymin>
			<xmax>3278</xmax>
			<ymax>3236</ymax>
		</bndbox>
	</object>
	<object>
		<name>dish</name>
		<bndbox>
			<xmin>800</xmin>
			<ymin>229</ymin>
			<xmax>3498</xmax>
			<ymax>2913</ymax>
		</bndbox>
	</object>
	<object>
		<name>순대국</name>
		<bndbox>
			<xmin>1132</xmin>
			<ymin>587</ymin>
			<xmax>3202</xmax>
			<ymax>2635</ymax>
		</bndbox>
	</object>
</annotation>