<annotation>
	<folder>top국류뚝배기순대국q3</folder>
	<filename>top_국류_뚝배기_순대국_Q3_00036.JPG</filename>
	<path>/top국류뚝배기순대국q3/top_국류_뚝배기_순대국_Q3_00036.JPG</path>
	<source>
		<database>fooddata</database>
	</source>
	<size>
		<width>5472</width>
		<height>3648</height>
		<depth>3</depth>
	</size>
	<object>
		<name>ref_spoon</name>
		<bndbox>
			<xmin>952</xmin>
			<ymin>305</ymin>
			<xmax>1396</xmax>
			<ymax>1062</ymax>
		</bndbox>
	</object>
	<object>
		<name>ref_fork</name>
		<bndbox>
			<xmin>1616</xmin>
			<ymin>314</ymin>
			<xmax>1902</xmax>
			<ymax>1094</ymax>
		</bndbox>
	</object>
	<object>
		<name>ref_coin</name>
		<bndbox>
			<xmin>3466</xmin>
			<ymin>2958</ymin>
			<xmax>3794</xmax>
			<ymax>3289</ymax>
		</bndbox>
	</object>
	<object>
		<name>dish</name>
		<bndbox>
			<xmin>1938</xmin>
			<ymin>269</ymin>
			<xmax>4457</xmax>
			<ymax>2747</ymax>
		</bndbox>
	</object>
	<object>
		<name>순대국</name>
		<bndbox>
			<xmin>2225</xmin>
			<ymin>605</ymin>
			<xmax>4143</xmax>
			<ymax>2496</ymax>
		</bndbox>
	</object>
</annotation>