<annotation>
	<folder>top국류뚝배기순대국q3</folder>
	<filename>top_국류_뚝배기_순대국_Q3_00012.JPG</filename>
	<path>/top국류뚝배기순대국q3/top_국류_뚝배기_순대국_Q3_00012.JPG</path>
	<source>
		<database>fooddata</database>
	</source>
	<size>
		<width>5472</width>
		<height>3648</height>
		<depth>3</depth>
	</size>
	<object>
		<name>ref_spoon</name>
		<bndbox>
			<xmin>3843</xmin>
			<ymin>892</ymin>
			<xmax>4278</xmax>
			<ymax>1618</ymax>
		</bndbox>
	</object>
	<object>
		<name>ref_fork</name>
		<bndbox>
			<xmin>4412</xmin>
			<ymin>968</ymin>
			<xmax>4721</xmax>
			<ymax>1716</ymax>
		</bndbox>
	</object>
	<object>
		<name>ref_coin</name>
		<bndbox>
			<xmin>2723</xmin>
			<ymin>215</ymin>
			<xmax>3027</xmax>
			<ymax>506</ymax>
		</bndbox>
	</object>
	<object>
		<name>dish</name>
		<bndbox>
			<xmin>1029</xmin>
			<ymin>744</ymin>
			<xmax>3547</xmax>
			<ymax>3245</ymax>
		</bndbox>
	</object>
	<object>
		<name>순대국</name>
		<bndbox>
			<xmin>1356</xmin>
			<ymin>1062</ymin>
			<xmax>3278</xmax>
			<ymax>2962</ymax>
		</bndbox>
	</object>
</annotation>