<annotation>
	<folder>top국류뚝배기순대국q3</folder>
	<filename>top_국류_뚝배기_순대국_Q3_00029.JPG</filename>
	<path>/top국류뚝배기순대국q3/top_국류_뚝배기_순대국_Q3_00029.JPG</path>
	<source>
		<database>fooddata</database>
	</source>
	<size>
		<width>5472</width>
		<height>3648</height>
		<depth>3</depth>
	</size>
	<object>
		<name>ref_spoon</name>
		<bndbox>
			<xmin>1781</xmin>
			<ymin>2985</ymin>
			<xmax>2454</xmax>
			<ymax>3402</ymax>
		</bndbox>
	</object>
	<object>
		<name>ref_fork</name>
		<bndbox>
			<xmin>1840</xmin>
			<ymin>2528</ymin>
			<xmax>2548</xmax>
			<ymax>2783</ymax>
		</bndbox>
	</object>
	<object>
		<name>ref_coin</name>
		<bndbox>
			<xmin>1526</xmin>
			<ymin>1286</ymin>
			<xmax>1804</xmax>
			<ymax>1551</ymax>
		</bndbox>
	</object>
	<object>
		<name>dish</name>
		<bndbox>
			<xmin>2041</xmin>
			<ymin>457</ymin>
			<xmax>4175</xmax>
			<ymax>2568</ymax>
		</bndbox>
	</object>
	<object>
		<name>순대국</name>
		<bndbox>
			<xmin>2283</xmin>
			<ymin>762</ymin>
			<xmax>3919</xmax>
			<ymax>2371</ymax>
		</bndbox>
	</object>
</annotation>