<annotation>
	<folder>top국류뚝배기순대국q3</folder>
	<filename>top_국류_뚝배기_순대국_Q3_00005.JPG</filename>
	<path>/top국류뚝배기순대국q3/top_국류_뚝배기_순대국_Q3_00005.JPG</path>
	<source>
		<database>fooddata</database>
	</source>
	<size>
		<width>5472</width>
		<height>3648</height>
		<depth>3</depth>
	</size>
	<object>
		<name>ref_spoon</name>
		<bndbox>
			<xmin>3776</xmin>
			<ymin>511</ymin>
			<xmax>4210</xmax>
			<ymax>1246</ymax>
		</bndbox>
	</object>
	<object>
		<name>ref_fork</name>
		<bndbox>
			<xmin>4354</xmin>
			<ymin>560</ymin>
			<xmax>4641</xmax>
			<ymax>1336</ymax>
		</bndbox>
	</object>
	<object>
		<name>ref_coin</name>
		<bndbox>
			<xmin>1674</xmin>
			<ymin>3128</ymin>
			<xmax>2001</xmax>
			<ymax>3460</ymax>
		</bndbox>
	</object>
	<object>
		<name>dish</name>
		<bndbox>
			<xmin>1051</xmin>
			<ymin>269</ymin>
			<xmax>3538</xmax>
			<ymax>2720</ymax>
		</bndbox>
	</object>
	<object>
		<name>순대국</name>
		<bndbox>
			<xmin>1338</xmin>
			<ymin>596</ymin>
			<xmax>3274</xmax>
			<ymax>2465</ymax>
		</bndbox>
	</object>
</annotation>