<annotation>
	<folder>top국류뚝배기순대국q3</folder>
	<filename>top_국류_뚝배기_순대국_Q3_00025.JPG</filename>
	<path>/top국류뚝배기순대국q3/top_국류_뚝배기_순대국_Q3_00025.JPG</path>
	<source>
		<database>fooddata</database>
	</source>
	<size>
		<width>5472</width>
		<height>3648</height>
		<depth>3</depth>
	</size>
	<object>
		<name>ref_spoon</name>
		<bndbox>
			<xmin>1844</xmin>
			<ymin>2998</ymin>
			<xmax>2494</xmax>
			<ymax>3406</ymax>
		</bndbox>
	</object>
	<object>
		<name>ref_fork</name>
		<bndbox>
			<xmin>1898</xmin>
			<ymin>2546</ymin>
			<xmax>2597</xmax>
			<ymax>2810</ymax>
		</bndbox>
	</object>
	<object>
		<name>ref_coin</name>
		<bndbox>
			<xmin>2095</xmin>
			<ymin>367</ymin>
			<xmax>2360</xmax>
			<ymax>614</ymax>
		</bndbox>
	</object>
	<object>
		<name>dish</name>
		<bndbox>
			<xmin>2014</xmin>
			<ymin>462</ymin>
			<xmax>4130</xmax>
			<ymax>2550</ymax>
		</bndbox>
	</object>
	<object>
		<name>순대국</name>
		<bndbox>
			<xmin>2248</xmin>
			<ymin>757</ymin>
			<xmax>3879</xmax>
			<ymax>2353</ymax>
		</bndbox>
	</object>
</annotation>