<annotation>
	<folder>side국류대접소고기무국q5</folder>
	<filename>side_국류_대접_소고기무국_Q5_00014.JPG</filename>
	<path>/side국류대접소고기무국q5/side_국류_대접_소고기무국_Q5_00014.JPG</path>
	<source>
		<database>fooddata</database>
	</source>
	<size>
		<width>5472</width>
		<height>3648</height>
		<depth>3</depth>
	</size>
	<object>
		<name>ref_spoon</name>
		<bndbox>
			<xmin>3684</xmin>
			<ymin>1752</ymin>
			<xmax>4210</xmax>
			<ymax>2621</ymax>
		</bndbox>
	</object>
	<object>
		<name>ref_fork</name>
		<bndbox>
			<xmin>4419</xmin>
			<ymin>1752</ymin>
			<xmax>4811</xmax>
			<ymax>2734</ymax>
		</bndbox>
	</object>
	<object>
		<name>ref_coin</name>
		<bndbox>
			<xmin>3807</xmin>
			<ymin>1327</ymin>
			<xmax>4178</xmax>
			<ymax>1601</ymax>
		</bndbox>
	</object>
	<object>
		<name>dish</name>
		<bndbox>
			<xmin>1095</xmin>
			<ymin>1284</ymin>
			<xmax>3550</xmax>
			<ymax>3298</ymax>
		</bndbox>
	</object>
	<object>
		<name>소고기무국</name>
		<bndbox>
			<xmin>1246</xmin>
			<ymin>1607</ymin>
			<xmax>3405</xmax>
			<ymax>2954</ymax>
		</bndbox>
	</object>
</annotation>