<annotation>
	<folder>side국류대접소고기무국q5</folder>
	<filename>side_국류_대접_소고기무국_Q5_00036.JPG</filename>
	<path>/side국류대접소고기무국q5/side_국류_대접_소고기무국_Q5_00036.JPG</path>
	<source>
		<database>fooddata</database>
	</source>
	<size>
		<width>5472</width>
		<height>3648</height>
		<depth>3</depth>
	</size>
	<object>
		<name>ref_spoon</name>
		<bndbox>
			<xmin>870</xmin>
			<ymin>597</ymin>
			<xmax>1407</xmax>
			<ymax>1424</ymax>
		</bndbox>
	</object>
	<object>
		<name>ref_fork</name>
		<bndbox>
			<xmin>1557</xmin>
			<ymin>656</ymin>
			<xmax>1922</xmax>
			<ymax>1612</ymax>
		</bndbox>
	</object>
	<object>
		<name>ref_coin</name>
		<bndbox>
			<xmin>3985</xmin>
			<ymin>2654</ymin>
			<xmax>4430</xmax>
			<ymax>3013</ymax>
		</bndbox>
	</object>
	<object>
		<name>dish</name>
		<bndbox>
			<xmin>2019</xmin>
			<ymin>484</ymin>
			<xmax>4500</xmax>
			<ymax>2546</ymax>
		</bndbox>
	</object>
	<object>
		<name>소고기무국</name>
		<bndbox>
			<xmin>2169</xmin>
			<ymin>796</ymin>
			<xmax>4360</xmax>
			<ymax>2197</ymax>
		</bndbox>
	</object>
</annotation>