<annotation>
	<folder>side국류대접소고기무국q5</folder>
	<filename>side_국류_대접_소고기무국_Q5_00029.JPG</filename>
	<path>/side국류대접소고기무국q5/side_국류_대접_소고기무국_Q5_00029.JPG</path>
	<source>
		<database>fooddata</database>
	</source>
	<size>
		<width>5472</width>
		<height>3648</height>
		<depth>3</depth>
	</size>
	<object>
		<name>ref_spoon</name>
		<bndbox>
			<xmin>1412</xmin>
			<ymin>2783</ymin>
			<xmax>2465</xmax>
			<ymax>3330</ymax>
		</bndbox>
	</object>
	<object>
		<name>ref_fork</name>
		<bndbox>
			<xmin>1504</xmin>
			<ymin>2272</ymin>
			<xmax>2755</xmax>
			<ymax>2707</ymax>
		</bndbox>
	</object>
	<object>
		<name>ref_coin</name>
		<bndbox>
			<xmin>1149</xmin>
			<ymin>1317</ymin>
			<xmax>1552</xmax>
			<ymax>1617</ymax>
		</bndbox>
	</object>
	<object>
		<name>dish</name>
		<bndbox>
			<xmin>1965</xmin>
			<ymin>318</ymin>
			<xmax>4323</xmax>
			<ymax>2240</ymax>
		</bndbox>
	</object>
	<object>
		<name>소고기무국</name>
		<bndbox>
			<xmin>2094</xmin>
			<ymin>613</ymin>
			<xmax>4167</xmax>
			<ymax>1896</ymax>
		</bndbox>
	</object>
</annotation>