<annotation>
	<folder>side국류대접소고기무국q5</folder>
	<filename>side_국류_대접_소고기무국_Q5_00017.JPG</filename>
	<path>/side국류대접소고기무국q5/side_국류_대접_소고기무국_Q5_00017.JPG</path>
	<source>
		<database>fooddata</database>
	</source>
	<size>
		<width>5472</width>
		<height>3648</height>
		<depth>3</depth>
	</size>
	<object>
		<name>ref_spoon</name>
		<bndbox>
			<xmin>999</xmin>
			<ymin>2933</ymin>
			<xmax>2277</xmax>
			<ymax>3502</ymax>
		</bndbox>
	</object>
	<object>
		<name>ref_fork</name>
		<bndbox>
			<xmin>1090</xmin>
			<ymin>2374</ymin>
			<xmax>2438</xmax>
			<ymax>2836</ymax>
		</bndbox>
	</object>
	<object>
		<name>ref_coin</name>
		<bndbox>
			<xmin>3705</xmin>
			<ymin>2084</ymin>
			<xmax>4135</xmax>
			<ymax>2417</ymax>
		</bndbox>
	</object>
	<object>
		<name>dish</name>
		<bndbox>
			<xmin>1428</xmin>
			<ymin>269</ymin>
			<xmax>3882</xmax>
			<ymax>2321</ymax>
		</bndbox>
	</object>
	<object>
		<name>소고기무국</name>
		<bndbox>
			<xmin>1552</xmin>
			<ymin>570</ymin>
			<xmax>3748</xmax>
			<ymax>1966</ymax>
		</bndbox>
	</object>
</annotation>