<annotation>
	<folder>side국류대접소고기무국q5</folder>
	<filename>side_국류_대접_소고기무국_Q5_00051.JPG</filename>
	<path>/side국류대접소고기무국q5/side_국류_대접_소고기무국_Q5_00051.JPG</path>
	<source>
		<database>fooddata</database>
	</source>
	<size>
		<width>5472</width>
		<height>3648</height>
		<depth>3</depth>
	</size>
	<object>
		<name>ref_spoon</name>
		<bndbox>
			<xmin>816</xmin>
			<ymin>1021</ymin>
			<xmax>1375</xmax>
			<ymax>1870</ymax>
		</bndbox>
	</object>
	<object>
		<name>ref_fork</name>
		<bndbox>
			<xmin>1514</xmin>
			<ymin>1107</ymin>
			<xmax>1890</xmax>
			<ymax>2084</ymax>
		</bndbox>
	</object>
	<object>
		<name>ref_coin</name>
		<bndbox>
			<xmin>4726</xmin>
			<ymin>1478</ymin>
			<xmax>5134</xmax>
			<ymax>1762</ymax>
		</bndbox>
	</object>
	<object>
		<name>dish</name>
		<bndbox>
			<xmin>1965</xmin>
			<ymin>882</ymin>
			<xmax>4468</xmax>
			<ymax>2965</ymax>
		</bndbox>
	</object>
	<object>
		<name>소고기무국</name>
		<bndbox>
			<xmin>2110</xmin>
			<ymin>1209</ymin>
			<xmax>4274</xmax>
			<ymax>2621</ymax>
		</bndbox>
	</object>
</annotation>