<annotation>
	<folder>side국류대접소고기무국q5</folder>
	<filename>side_국류_대접_소고기무국_Q5_00023.JPG</filename>
	<path>/side국류대접소고기무국q5/side_국류_대접_소고기무국_Q5_00023.JPG</path>
	<source>
		<database>fooddata</database>
	</source>
	<size>
		<width>5472</width>
		<height>3648</height>
		<depth>3</depth>
	</size>
	<object>
		<name>ref_spoon</name>
		<bndbox>
			<xmin>1273</xmin>
			<ymin>3013</ymin>
			<xmax>2427</xmax>
			<ymax>3556</ymax>
		</bndbox>
	</object>
	<object>
		<name>ref_fork</name>
		<bndbox>
			<xmin>1359</xmin>
			<ymin>2493</ymin>
			<xmax>2540</xmax>
			<ymax>2922</ymax>
		</bndbox>
	</object>
	<object>
		<name>ref_coin</name>
		<bndbox>
			<xmin>3072</xmin>
			<ymin>146</ymin>
			<xmax>3410</xmax>
			<ymax>377</ymax>
		</bndbox>
	</object>
	<object>
		<name>dish</name>
		<bndbox>
			<xmin>1600</xmin>
			<ymin>516</ymin>
			<xmax>3915</xmax>
			<ymax>2428</ymax>
		</bndbox>
	</object>
	<object>
		<name>소고기무국</name>
		<bndbox>
			<xmin>1713</xmin>
			<ymin>812</ymin>
			<xmax>3770</xmax>
			<ymax>2084</ymax>
		</bndbox>
	</object>
</annotation>