<annotation>
	<folder>side국류대접소고기무국q5</folder>
	<filename>side_국류_대접_소고기무국_Q5_00011.JPG</filename>
	<path>/side국류대접소고기무국q5/side_국류_대접_소고기무국_Q5_00011.JPG</path>
	<source>
		<database>fooddata</database>
	</source>
	<size>
		<width>5472</width>
		<height>3648</height>
		<depth>3</depth>
	</size>
	<object>
		<name>ref_spoon</name>
		<bndbox>
			<xmin>3866</xmin>
			<ymin>1837</ymin>
			<xmax>4382</xmax>
			<ymax>2659</ymax>
		</bndbox>
	</object>
	<object>
		<name>ref_fork</name>
		<bndbox>
			<xmin>4602</xmin>
			<ymin>1886</ymin>
			<xmax>4994</xmax>
			<ymax>2804</ymax>
		</bndbox>
	</object>
	<object>
		<name>ref_coin</name>
		<bndbox>
			<xmin>2551</xmin>
			<ymin>967</ymin>
			<xmax>2900</xmax>
			<ymax>1204</ymax>
		</bndbox>
	</object>
	<object>
		<name>dish</name>
		<bndbox>
			<xmin>1310</xmin>
			<ymin>1402</ymin>
			<xmax>3732</xmax>
			<ymax>3427</ymax>
		</bndbox>
	</object>
	<object>
		<name>소고기무국</name>
		<bndbox>
			<xmin>1450</xmin>
			<ymin>1719</ymin>
			<xmax>3598</xmax>
			<ymax>3073</ymax>
		</bndbox>
	</object>
</annotation>