<annotation>
	<folder>side국류대접소고기무국q5</folder>
	<filename>side_국류_대접_소고기무국_Q5_00033.JPG</filename>
	<path>/side국류대접소고기무국q5/side_국류_대접_소고기무국_Q5_00033.JPG</path>
	<source>
		<database>fooddata</database>
	</source>
	<size>
		<width>5472</width>
		<height>3648</height>
		<depth>3</depth>
	</size>
	<object>
		<name>ref_spoon</name>
		<bndbox>
			<xmin>945</xmin>
			<ymin>559</ymin>
			<xmax>1482</xmax>
			<ymax>1386</ymax>
		</bndbox>
	</object>
	<object>
		<name>ref_fork</name>
		<bndbox>
			<xmin>1627</xmin>
			<ymin>651</ymin>
			<xmax>1998</xmax>
			<ymax>1590</ymax>
		</bndbox>
	</object>
	<object>
		<name>ref_coin</name>
		<bndbox>
			<xmin>2674</xmin>
			<ymin>2944</ymin>
			<xmax>3125</xmax>
			<ymax>3309</ymax>
		</bndbox>
	</object>
	<object>
		<name>dish</name>
		<bndbox>
			<xmin>2089</xmin>
			<ymin>430</ymin>
			<xmax>4564</xmax>
			<ymax>2493</ymax>
		</bndbox>
	</object>
	<object>
		<name>소고기무국</name>
		<bndbox>
			<xmin>2223</xmin>
			<ymin>769</ymin>
			<xmax>4403</xmax>
			<ymax>2138</ymax>
		</bndbox>
	</object>
</annotation>