<annotation>
	<folder>side국류대접소고기무국q5</folder>
	<filename>side_국류_대접_소고기무국_Q5_00044.JPG</filename>
	<path>/side국류대접소고기무국q5/side_국류_대접_소고기무국_Q5_00044.JPG</path>
	<source>
		<database>fooddata</database>
	</source>
	<size>
		<width>5472</width>
		<height>3648</height>
		<depth>3</depth>
	</size>
	<object>
		<name>ref_spoon</name>
		<bndbox>
			<xmin>838</xmin>
			<ymin>715</ymin>
			<xmax>1380</xmax>
			<ymax>1590</ymax>
		</bndbox>
	</object>
	<object>
		<name>ref_fork</name>
		<bndbox>
			<xmin>1525</xmin>
			<ymin>796</ymin>
			<xmax>1896</xmax>
			<ymax>1741</ymax>
		</bndbox>
	</object>
	<object>
		<name>ref_coin</name>
		<bndbox>
			<xmin>2599</xmin>
			<ymin>232</ymin>
			<xmax>2986</xmax>
			<ymax>484</ymax>
		</bndbox>
	</object>
	<object>
		<name>dish</name>
		<bndbox>
			<xmin>1976</xmin>
			<ymin>597</ymin>
			<xmax>4468</xmax>
			<ymax>2654</ymax>
		</bndbox>
	</object>
	<object>
		<name>소고기무국</name>
		<bndbox>
			<xmin>2137</xmin>
			<ymin>914</ymin>
			<xmax>4274</xmax>
			<ymax>2310</ymax>
		</bndbox>
	</object>
</annotation>