<annotation>
	<folder>side국류대접소고기무국q5</folder>
	<filename>side_국류_대접_소고기무국_Q5_00039.JPG</filename>
	<path>/side국류대접소고기무국q5/side_국류_대접_소고기무국_Q5_00039.JPG</path>
	<source>
		<database>fooddata</database>
	</source>
	<size>
		<width>5472</width>
		<height>3648</height>
		<depth>3</depth>
	</size>
	<object>
		<name>ref_spoon</name>
		<bndbox>
			<xmin>805</xmin>
			<ymin>823</ymin>
			<xmax>1342</xmax>
			<ymax>1644</ymax>
		</bndbox>
	</object>
	<object>
		<name>ref_fork</name>
		<bndbox>
			<xmin>1493</xmin>
			<ymin>914</ymin>
			<xmax>1853</xmax>
			<ymax>1848</ymax>
		</bndbox>
	</object>
	<object>
		<name>ref_coin</name>
		<bndbox>
			<xmin>4462</xmin>
			<ymin>1923</ymin>
			<xmax>4887</xmax>
			<ymax>2229</ymax>
		</bndbox>
	</object>
	<object>
		<name>dish</name>
		<bndbox>
			<xmin>1917</xmin>
			<ymin>737</ymin>
			<xmax>4403</xmax>
			<ymax>2783</ymax>
		</bndbox>
	</object>
	<object>
		<name>소고기무국</name>
		<bndbox>
			<xmin>2089</xmin>
			<ymin>1064</ymin>
			<xmax>4205</xmax>
			<ymax>2439</ymax>
		</bndbox>
	</object>
</annotation>