<annotation>
	<folder>side국류대접소고기무국q5</folder>
	<filename>side_국류_대접_소고기무국_Q5_00050.JPG</filename>
	<path>/side국류대접소고기무국q5/side_국류_대접_소고기무국_Q5_00050.JPG</path>
	<source>
		<database>fooddata</database>
	</source>
	<size>
		<width>5472</width>
		<height>3648</height>
		<depth>3</depth>
	</size>
	<object>
		<name>ref_spoon</name>
		<bndbox>
			<xmin>800</xmin>
			<ymin>1059</ymin>
			<xmax>1342</xmax>
			<ymax>1939</ymax>
		</bndbox>
	</object>
	<object>
		<name>ref_fork</name>
		<bndbox>
			<xmin>1493</xmin>
			<ymin>1129</ymin>
			<xmax>1858</xmax>
			<ymax>2074</ymax>
		</bndbox>
	</object>
	<object>
		<name>ref_coin</name>
		<bndbox>
			<xmin>4403</xmin>
			<ymin>1139</ymin>
			<xmax>4785</xmax>
			<ymax>1413</ymax>
		</bndbox>
	</object>
	<object>
		<name>dish</name>
		<bndbox>
			<xmin>1944</xmin>
			<ymin>930</ymin>
			<xmax>4409</xmax>
			<ymax>3008</ymax>
		</bndbox>
	</object>
	<object>
		<name>소고기무국</name>
		<bndbox>
			<xmin>2100</xmin>
			<ymin>1290</ymin>
			<xmax>4253</xmax>
			<ymax>2664</ymax>
		</bndbox>
	</object>
</annotation>