<annotation>
	<folder>side국류대접소고기무국q5</folder>
	<filename>side_국류_대접_소고기무국_Q5_00026.JPG</filename>
	<path>/side국류대접소고기무국q5/side_국류_대접_소고기무국_Q5_00026.JPG</path>
	<source>
		<database>fooddata</database>
	</source>
	<size>
		<width>5472</width>
		<height>3648</height>
		<depth>3</depth>
	</size>
	<object>
		<name>ref_spoon</name>
		<bndbox>
			<xmin>1375</xmin>
			<ymin>2890</ymin>
			<xmax>2470</xmax>
			<ymax>3427</ymax>
		</bndbox>
	</object>
	<object>
		<name>ref_fork</name>
		<bndbox>
			<xmin>1455</xmin>
			<ymin>2364</ymin>
			<xmax>2674</xmax>
			<ymax>2799</ymax>
		</bndbox>
	</object>
	<object>
		<name>ref_coin</name>
		<bndbox>
			<xmin>1267</xmin>
			<ymin>473</ymin>
			<xmax>1622</xmax>
			<ymax>720</ymax>
		</bndbox>
	</object>
	<object>
		<name>dish</name>
		<bndbox>
			<xmin>1853</xmin>
			<ymin>398</ymin>
			<xmax>4156</xmax>
			<ymax>2331</ymax>
		</bndbox>
	</object>
	<object>
		<name>소고기무국</name>
		<bndbox>
			<xmin>1987</xmin>
			<ymin>710</ymin>
			<xmax>4017</xmax>
			<ymax>1999</ymax>
		</bndbox>
	</object>
</annotation>