<annotation>
	<folder>side국류대접소고기무국q5</folder>
	<filename>side_국류_대접_소고기무국_Q5_00034.JPG</filename>
	<path>/side국류대접소고기무국q5/side_국류_대접_소고기무국_Q5_00034.JPG</path>
	<source>
		<database>fooddata</database>
	</source>
	<size>
		<width>5472</width>
		<height>3648</height>
		<depth>3</depth>
	</size>
	<object>
		<name>ref_spoon</name>
		<bndbox>
			<xmin>832</xmin>
			<ymin>586</ymin>
			<xmax>1375</xmax>
			<ymax>1397</ymax>
		</bndbox>
	</object>
	<object>
		<name>ref_fork</name>
		<bndbox>
			<xmin>1520</xmin>
			<ymin>661</ymin>
			<xmax>1890</xmax>
			<ymax>1574</ymax>
		</bndbox>
	</object>
	<object>
		<name>ref_coin</name>
		<bndbox>
			<xmin>3179</xmin>
			<ymin>3008</ymin>
			<xmax>3630</xmax>
			<ymax>3384</ymax>
		</bndbox>
	</object>
	<object>
		<name>dish</name>
		<bndbox>
			<xmin>1976</xmin>
			<ymin>452</ymin>
			<xmax>4452</xmax>
			<ymax>2519</ymax>
		</bndbox>
	</object>
	<object>
		<name>소고기무국</name>
		<bndbox>
			<xmin>2116</xmin>
			<ymin>790</ymin>
			<xmax>4296</xmax>
			<ymax>2170</ymax>
		</bndbox>
	</object>
</annotation>