<annotation>
	<folder>side국류대접소고기무국q5</folder>
	<filename>side_국류_대접_소고기무국_Q5_00054.JPG</filename>
	<path>/side국류대접소고기무국q5/side_국류_대접_소고기무국_Q5_00054.JPG</path>
	<source>
		<database>fooddata</database>
	</source>
	<size>
		<width>5472</width>
		<height>3648</height>
		<depth>3</depth>
	</size>
	<object>
		<name>ref_spoon</name>
		<bndbox>
			<xmin>666</xmin>
			<ymin>645</ymin>
			<xmax>1214</xmax>
			<ymax>1483</ymax>
		</bndbox>
	</object>
	<object>
		<name>ref_fork</name>
		<bndbox>
			<xmin>1380</xmin>
			<ymin>731</ymin>
			<xmax>1756</xmax>
			<ymax>1633</ymax>
		</bndbox>
	</object>
	<object>
		<name>ref_coin</name>
		<bndbox>
			<xmin>4135</xmin>
			<ymin>2444</ymin>
			<xmax>4575</xmax>
			<ymax>2788</ymax>
		</bndbox>
	</object>
	<object>
		<name>dish</name>
		<bndbox>
			<xmin>1810</xmin>
			<ymin>463</ymin>
			<xmax>4312</xmax>
			<ymax>2530</ymax>
		</bndbox>
	</object>
	<object>
		<name>소고기무국</name>
		<bndbox>
			<xmin>1976</xmin>
			<ymin>780</ymin>
			<xmax>4156</xmax>
			<ymax>2176</ymax>
		</bndbox>
	</object>
</annotation>