<annotation>
	<folder>side국류대접소고기무국q5</folder>
	<filename>side_국류_대접_소고기무국_Q5_00040.JPG</filename>
	<path>/side국류대접소고기무국q5/side_국류_대접_소고기무국_Q5_00040.JPG</path>
	<source>
		<database>fooddata</database>
	</source>
	<size>
		<width>5472</width>
		<height>3648</height>
		<depth>3</depth>
	</size>
	<object>
		<name>ref_spoon</name>
		<bndbox>
			<xmin>763</xmin>
			<ymin>860</ymin>
			<xmax>1305</xmax>
			<ymax>1698</ymax>
		</bndbox>
	</object>
	<object>
		<name>ref_fork</name>
		<bndbox>
			<xmin>1461</xmin>
			<ymin>951</ymin>
			<xmax>1815</xmax>
			<ymax>1816</ymax>
		</bndbox>
	</object>
	<object>
		<name>ref_coin</name>
		<bndbox>
			<xmin>4597</xmin>
			<ymin>1359</ymin>
			<xmax>4994</xmax>
			<ymax>1639</ymax>
		</bndbox>
	</object>
	<object>
		<name>dish</name>
		<bndbox>
			<xmin>1890</xmin>
			<ymin>753</ymin>
			<xmax>4366</xmax>
			<ymax>2815</ymax>
		</bndbox>
	</object>
	<object>
		<name>소고기무국</name>
		<bndbox>
			<xmin>2041</xmin>
			<ymin>1091</ymin>
			<xmax>4210</xmax>
			<ymax>2471</ymax>
		</bndbox>
	</object>
</annotation>