<annotation>
	<folder>side국류대접소고기무국q5</folder>
	<filename>side_국류_대접_소고기무국_Q5_00002.JPG</filename>
	<path>/side국류대접소고기무국q5/side_국류_대접_소고기무국_Q5_00002.JPG</path>
	<source>
		<database>fooddata</database>
	</source>
	<size>
		<width>5472</width>
		<height>3648</height>
		<depth>3</depth>
	</size>
	<object>
		<name>ref_spoon</name>
		<bndbox>
			<xmin>3668</xmin>
			<ymin>935</ymin>
			<xmax>4178</xmax>
			<ymax>1714</ymax>
		</bndbox>
	</object>
	<object>
		<name>ref_fork</name>
		<bndbox>
			<xmin>4393</xmin>
			<ymin>967</ymin>
			<xmax>4769</xmax>
			<ymax>1859</ymax>
		</bndbox>
	</object>
	<object>
		<name>ref_coin</name>
		<bndbox>
			<xmin>3013</xmin>
			<ymin>2503</ymin>
			<xmax>3431</xmax>
			<ymax>2836</ymax>
		</bndbox>
	</object>
	<object>
		<name>dish</name>
		<bndbox>
			<xmin>1095</xmin>
			<ymin>430</ymin>
			<xmax>3501</xmax>
			<ymax>2396</ymax>
		</bndbox>
	</object>
	<object>
		<name>소고기무국</name>
		<bndbox>
			<xmin>1257</xmin>
			<ymin>753</ymin>
			<xmax>3329</xmax>
			<ymax>2052</ymax>
		</bndbox>
	</object>
</annotation>