<annotation>
	<folder>top국류대접소고기무국q5</folder>
	<filename>top_국류_대접_소고기무국_Q5_00023.JPG</filename>
	<path>/top국류대접소고기무국q5/top_국류_대접_소고기무국_Q5_00023.JPG</path>
	<source>
		<database>fooddata</database>
	</source>
	<size>
		<width>5472</width>
		<height>3648</height>
		<depth>3</depth>
	</size>
	<object>
		<name>ref_spoon</name>
		<bndbox>
			<xmin>1848</xmin>
			<ymin>2968</ymin>
			<xmax>2581</xmax>
			<ymax>3409</ymax>
		</bndbox>
	</object>
	<object>
		<name>ref_fork</name>
		<bndbox>
			<xmin>1891</xmin>
			<ymin>2506</ymin>
			<xmax>2654</xmax>
			<ymax>2791</ymax>
		</bndbox>
	</object>
	<object>
		<name>ref_coin</name>
		<bndbox>
			<xmin>2842</xmin>
			<ymin>134</ymin>
			<xmax>3133</xmax>
			<ymax>408</ymax>
		</bndbox>
	</object>
	<object>
		<name>dish</name>
		<bndbox>
			<xmin>1993</xmin>
			<ymin>661</ymin>
			<xmax>3934</xmax>
			<ymax>2543</ymax>
		</bndbox>
	</object>
	<object>
		<name>소고기무국</name>
		<bndbox>
			<xmin>2149</xmin>
			<ymin>866</ymin>
			<xmax>3762</xmax>
			<ymax>2421</ymax>
		</bndbox>
	</object>
</annotation>