<annotation>
	<folder>top국류대접소고기무국q5</folder>
	<filename>top_국류_대접_소고기무국_Q5_00016.JPG</filename>
	<path>/top국류대접소고기무국q5/top_국류_대접_소고기무국_Q5_00016.JPG</path>
	<source>
		<database>fooddata</database>
	</source>
	<size>
		<width>5472</width>
		<height>3648</height>
		<depth>3</depth>
	</size>
	<object>
		<name>ref_spoon</name>
		<bndbox>
			<xmin>3685</xmin>
			<ymin>182</ymin>
			<xmax>4207</xmax>
			<ymax>1079</ymax>
		</bndbox>
	</object>
	<object>
		<name>ref_fork</name>
		<bndbox>
			<xmin>4278</xmin>
			<ymin>279</ymin>
			<xmax>4620</xmax>
			<ymax>1266</ymax>
		</bndbox>
	</object>
	<object>
		<name>ref_coin</name>
		<bndbox>
			<xmin>1594</xmin>
			<ymin>2976</ymin>
			<xmax>1994</xmax>
			<ymax>3389</ymax>
		</bndbox>
	</object>
	<object>
		<name>dish</name>
		<bndbox>
			<xmin>1200</xmin>
			<ymin>304</ymin>
			<xmax>3730</xmax>
			<ymax>2782</ymax>
		</bndbox>
	</object>
	<object>
		<name>소고기무국</name>
		<bndbox>
			<xmin>1400</xmin>
			<ymin>550</ymin>
			<xmax>3543</xmax>
			<ymax>2640</ymax>
		</bndbox>
	</object>
</annotation>