<annotation>
	<folder>top국류대접소고기무국q5</folder>
	<filename>top_국류_대접_소고기무국_Q5_00027.JPG</filename>
	<path>/top국류대접소고기무국q5/top_국류_대접_소고기무국_Q5_00027.JPG</path>
	<source>
		<database>fooddata</database>
	</source>
	<size>
		<width>5472</width>
		<height>3648</height>
		<depth>3</depth>
	</size>
	<object>
		<name>ref_spoon</name>
		<bndbox>
			<xmin>1767</xmin>
			<ymin>2920</ymin>
			<xmax>2536</xmax>
			<ymax>3382</ymax>
		</bndbox>
	</object>
	<object>
		<name>ref_fork</name>
		<bndbox>
			<xmin>1799</xmin>
			<ymin>2430</ymin>
			<xmax>2633</xmax>
			<ymax>2721</ymax>
		</bndbox>
	</object>
	<object>
		<name>ref_coin</name>
		<bndbox>
			<xmin>1602</xmin>
			<ymin>1203</ymin>
			<xmax>1936</xmax>
			<ymax>1526</ymax>
		</bndbox>
	</object>
	<object>
		<name>dish</name>
		<bndbox>
			<xmin>2189</xmin>
			<ymin>343</ymin>
			<xmax>4216</xmax>
			<ymax>2365</ymax>
		</bndbox>
	</object>
	<object>
		<name>소고기무국</name>
		<bndbox>
			<xmin>2334</xmin>
			<ymin>556</ymin>
			<xmax>4033</xmax>
			<ymax>2236</ymax>
		</bndbox>
	</object>
</annotation>