<annotation>
	<folder>rework190files</folder>
	<filename>top_국류_대접_소고기무국_Q5_00036.JPG</filename>
	<path>/top국류대접소고기무국q5/top_국류_대접_소고기무국_Q5_00036.JPG</path>
	<source>
		<database>fooddata</database>
	</source>
	<size>
		<width>5472</width>
		<height>3648</height>
		<depth>3</depth>
	</size>
	<object>
		<name>ref_spoon</name>
		<bndbox>
			<xmin>1174</xmin>
			<ymin>294</ymin>
			<xmax>1738</xmax>
			<ymax>1191</ymax>
		</bndbox>
	</object>
	<object>
		<name>ref_fork</name>
		<bndbox>
			<xmin>2006</xmin>
			<ymin>433</ymin>
			<xmax>2403</xmax>
			<ymax>1394</ymax>
		</bndbox>
	</object>
	<object>
		<name>ref_coin</name>
		<bndbox>
			<xmin>4270</xmin>
			<ymin>2771</ymin>
			<xmax>4696</xmax>
			<ymax>3206</ymax>
		</bndbox>
	</object>
	<object>
		<name>dish</name>
		<bndbox>
			<xmin>2477</xmin>
			<ymin>156</ymin>
			<xmax>5047</xmax>
			<ymax>2688</ymax>
		</bndbox>
	</object>
	<object>
		<name>소고기무국</name>
		<bndbox>
			<xmin>2662</xmin>
			<ymin>433</ymin>
			<xmax>4779</xmax>
			<ymax>2550</ymax>
		</bndbox>
	</object>
</annotation>