<annotation>
	<folder>top국류대접소고기무국q5</folder>
	<filename>top_국류_대접_소고기무국_Q5_00030.JPG</filename>
	<path>/top국류대접소고기무국q5/top_국류_대접_소고기무국_Q5_00030.JPG</path>
	<source>
		<database>fooddata</database>
	</source>
	<size>
		<width>5472</width>
		<height>3648</height>
		<depth>3</depth>
	</size>
	<object>
		<name>ref_spoon</name>
		<bndbox>
			<xmin>1878</xmin>
			<ymin>2853</ymin>
			<xmax>2633</xmax>
			<ymax>3311</ymax>
		</bndbox>
	</object>
	<object>
		<name>ref_fork</name>
		<bndbox>
			<xmin>1910</xmin>
			<ymin>2363</ymin>
			<xmax>2742</xmax>
			<ymax>2666</ymax>
		</bndbox>
	</object>
	<object>
		<name>ref_coin</name>
		<bndbox>
			<xmin>1787</xmin>
			<ymin>1447</ymin>
			<xmax>2097</xmax>
			<ymax>1763</ymax>
		</bndbox>
	</object>
	<object>
		<name>dish</name>
		<bndbox>
			<xmin>2394</xmin>
			<ymin>240</ymin>
			<xmax>4446</xmax>
			<ymax>2227</ymax>
		</bndbox>
	</object>
	<object>
		<name>소고기무국</name>
		<bndbox>
			<xmin>2555</xmin>
			<ymin>472</ymin>
			<xmax>4240</xmax>
			<ymax>2105</ymax>
		</bndbox>
	</object>
</annotation>