<annotation>
	<folder>top국류대접소고기무국q5</folder>
	<filename>top_국류_대접_소고기무국_Q5_00043.JPG</filename>
	<path>/top국류대접소고기무국q5/top_국류_대접_소고기무국_Q5_00043.JPG</path>
	<source>
		<database>fooddata</database>
	</source>
	<size>
		<width>5472</width>
		<height>3648</height>
		<depth>3</depth>
	</size>
	<object>
		<name>ref_spoon</name>
		<bndbox>
			<xmin>613</xmin>
			<ymin>866</ymin>
			<xmax>1168</xmax>
			<ymax>1769</ymax>
		</bndbox>
	</object>
	<object>
		<name>ref_fork</name>
		<bndbox>
			<xmin>1439</xmin>
			<ymin>995</ymin>
			<xmax>1826</xmax>
			<ymax>1956</ymax>
		</bndbox>
	</object>
	<object>
		<name>ref_coin</name>
		<bndbox>
			<xmin>2910</xmin>
			<ymin>156</ymin>
			<xmax>3284</xmax>
			<ymax>524</ymax>
		</bndbox>
	</object>
	<object>
		<name>dish</name>
		<bndbox>
			<xmin>1826</xmin>
			<ymin>808</ymin>
			<xmax>4356</xmax>
			<ymax>3357</ymax>
		</bndbox>
	</object>
	<object>
		<name>소고기무국</name>
		<bndbox>
			<xmin>2065</xmin>
			<ymin>1021</ymin>
			<xmax>4233</xmax>
			<ymax>3169</ymax>
		</bndbox>
	</object>
</annotation>