<annotation>
	<folder>top국류대접소고기무국q5</folder>
	<filename>top_국류_대접_소고기무국_Q5_00034.JPG</filename>
	<path>/top국류대접소고기무국q5/top_국류_대접_소고기무국_Q5_00034.JPG</path>
	<source>
		<database>fooddata</database>
	</source>
	<size>
		<width>5472</width>
		<height>3648</height>
		<depth>3</depth>
	</size>
	<object>
		<name>ref_spoon</name>
		<bndbox>
			<xmin>1110</xmin>
			<ymin>324</ymin>
			<xmax>1658</xmax>
			<ymax>1234</ymax>
		</bndbox>
	</object>
	<object>
		<name>ref_fork</name>
		<bndbox>
			<xmin>1955</xmin>
			<ymin>472</ymin>
			<xmax>2304</xmax>
			<ymax>1485</ymax>
		</bndbox>
	</object>
	<object>
		<name>ref_coin</name>
		<bndbox>
			<xmin>2768</xmin>
			<ymin>2905</ymin>
			<xmax>3175</xmax>
			<ymax>3318</ymax>
		</bndbox>
	</object>
	<object>
		<name>dish</name>
		<bndbox>
			<xmin>2375</xmin>
			<ymin>253</ymin>
			<xmax>4962</xmax>
			<ymax>2795</ymax>
		</bndbox>
	</object>
	<object>
		<name>소고기무국</name>
		<bndbox>
			<xmin>2504</xmin>
			<ymin>543</ymin>
			<xmax>4711</xmax>
			<ymax>2660</ymax>
		</bndbox>
	</object>
</annotation>