<annotation>
	<folder>top국류대접소고기무국q5</folder>
	<filename>top_국류_대접_소고기무국_Q5_00038.JPG</filename>
	<path>/top국류대접소고기무국q5/top_국류_대접_소고기무국_Q5_00038.JPG</path>
	<source>
		<database>fooddata</database>
	</source>
	<size>
		<width>5472</width>
		<height>3648</height>
		<depth>3</depth>
	</size>
	<object>
		<name>ref_spoon</name>
		<bndbox>
			<xmin>632</xmin>
			<ymin>246</ymin>
			<xmax>1213</xmax>
			<ymax>1227</ymax>
		</bndbox>
	</object>
	<object>
		<name>ref_fork</name>
		<bndbox>
			<xmin>1523</xmin>
			<ymin>401</ymin>
			<xmax>1904</xmax>
			<ymax>1453</ymax>
		</bndbox>
	</object>
	<object>
		<name>ref_coin</name>
		<bndbox>
			<xmin>4549</xmin>
			<ymin>2072</ymin>
			<xmax>4969</xmax>
			<ymax>2492</ymax>
		</bndbox>
	</object>
	<object>
		<name>dish</name>
		<bndbox>
			<xmin>1923</xmin>
			<ymin>201</ymin>
			<xmax>4594</xmax>
			<ymax>2866</ymax>
		</bndbox>
	</object>
	<object>
		<name>소고기무국</name>
		<bndbox>
			<xmin>2142</xmin>
			<ymin>479</ymin>
			<xmax>4356</xmax>
			<ymax>2718</ymax>
		</bndbox>
	</object>
</annotation>