<annotation>
	<folder>top국류대접소고기무국q5</folder>
	<filename>top_국류_대접_소고기무국_Q5_00047.JPG</filename>
	<path>/top국류대접소고기무국q5/top_국류_대접_소고기무국_Q5_00047.JPG</path>
	<source>
		<database>fooddata</database>
	</source>
	<size>
		<width>5472</width>
		<height>3648</height>
		<depth>3</depth>
	</size>
	<object>
		<name>ref_spoon</name>
		<bndbox>
			<xmin>839</xmin>
			<ymin>530</ymin>
			<xmax>1394</xmax>
			<ymax>1447</ymax>
		</bndbox>
	</object>
	<object>
		<name>ref_fork</name>
		<bndbox>
			<xmin>1684</xmin>
			<ymin>692</ymin>
			<xmax>2065</xmax>
			<ymax>1698</ymax>
		</bndbox>
	</object>
	<object>
		<name>ref_coin</name>
		<bndbox>
			<xmin>4388</xmin>
			<ymin>679</ymin>
			<xmax>4775</xmax>
			<ymax>1053</ymax>
		</bndbox>
	</object>
	<object>
		<name>dish</name>
		<bndbox>
			<xmin>2078</xmin>
			<ymin>504</ymin>
			<xmax>4698</xmax>
			<ymax>3111</ymax>
		</bndbox>
	</object>
	<object>
		<name>소고기무국</name>
		<bndbox>
			<xmin>2284</xmin>
			<ymin>782</ymin>
			<xmax>4478</xmax>
			<ymax>2924</ymax>
		</bndbox>
	</object>
</annotation>