<annotation>
	<folder>top국류대접소고기무국q5</folder>
	<filename>top_국류_대접_소고기무국_Q5_00007.JPG</filename>
	<path>/top국류대접소고기무국q5/top_국류_대접_소고기무국_Q5_00007.JPG</path>
	<source>
		<database>fooddata</database>
	</source>
	<size>
		<width>5472</width>
		<height>3648</height>
		<depth>3</depth>
	</size>
	<object>
		<name>ref_spoon</name>
		<bndbox>
			<xmin>3794</xmin>
			<ymin>169</ymin>
			<xmax>4330</xmax>
			<ymax>1072</ymax>
		</bndbox>
	</object>
	<object>
		<name>ref_fork</name>
		<bndbox>
			<xmin>4420</xmin>
			<ymin>259</ymin>
			<xmax>4762</xmax>
			<ymax>1279</ymax>
		</bndbox>
	</object>
	<object>
		<name>ref_coin</name>
		<bndbox>
			<xmin>497</xmin>
			<ymin>1808</ymin>
			<xmax>903</xmax>
			<ymax>2208</ymax>
		</bndbox>
	</object>
	<object>
		<name>dish</name>
		<bndbox>
			<xmin>1232</xmin>
			<ymin>343</ymin>
			<xmax>3846</xmax>
			<ymax>2918</ymax>
		</bndbox>
	</object>
	<object>
		<name>소고기무국</name>
		<bndbox>
			<xmin>1465</xmin>
			<ymin>588</ymin>
			<xmax>3639</xmax>
			<ymax>2737</ymax>
		</bndbox>
	</object>
</annotation>