<annotation>
	<folder>top국류대접소고기무국q5</folder>
	<filename>top_국류_대접_소고기무국_Q5_00022.JPG</filename>
	<path>/top국류대접소고기무국q5/top_국류_대접_소고기무국_Q5_00022.JPG</path>
	<source>
		<database>fooddata</database>
	</source>
	<size>
		<width>5472</width>
		<height>3648</height>
		<depth>3</depth>
	</size>
	<object>
		<name>ref_spoon</name>
		<bndbox>
			<xmin>1697</xmin>
			<ymin>3017</ymin>
			<xmax>2407</xmax>
			<ymax>3457</ymax>
		</bndbox>
	</object>
	<object>
		<name>ref_fork</name>
		<bndbox>
			<xmin>1735</xmin>
			<ymin>2565</ymin>
			<xmax>2498</xmax>
			<ymax>2850</ymax>
		</bndbox>
	</object>
	<object>
		<name>ref_coin</name>
		<bndbox>
			<xmin>3047</xmin>
			<ymin>296</ymin>
			<xmax>3337</xmax>
			<ymax>564</ymax>
		</bndbox>
	</object>
	<object>
		<name>dish</name>
		<bndbox>
			<xmin>1848</xmin>
			<ymin>758</ymin>
			<xmax>3762</xmax>
			<ymax>2624</ymax>
		</bndbox>
	</object>
	<object>
		<name>소고기무국</name>
		<bndbox>
			<xmin>2009</xmin>
			<ymin>941</ymin>
			<xmax>3601</xmax>
			<ymax>2506</ymax>
		</bndbox>
	</object>
</annotation>