<annotation>
	<folder>rework190files</folder>
	<filename>top_국류_대접_소고기무국_Q5_00053.JPG</filename>
	<path>/top국류대접소고기무국q5/top_국류_대접_소고기무국_Q5_00053.JPG</path>
	<source>
		<database>fooddata</database>
	</source>
	<size>
		<width>5472</width>
		<height>3648</height>
		<depth>3</depth>
	</size>
	<object>
		<name>ref_spoon</name>
		<bndbox>
			<xmin>1091</xmin>
			<ymin>211</ymin>
			<xmax>1645</xmax>
			<ymax>1117</ymax>
		</bndbox>
	</object>
	<object>
		<name>ref_fork</name>
		<bndbox>
			<xmin>1923</xmin>
			<ymin>377</ymin>
			<xmax>2320</xmax>
			<ymax>1348</ymax>
		</bndbox>
	</object>
	<object>
		<name>ref_coin</name>
		<bndbox>
			<xmin>3503</xmin>
			<ymin>3039</ymin>
			<xmax>3938</xmax>
			<ymax>3474</ymax>
		</bndbox>
	</object>
	<object>
		<name>dish</name>
		<bndbox>
			<xmin>2329</xmin>
			<ymin>202</ymin>
			<xmax>4954</xmax>
			<ymax>2799</ymax>
		</bndbox>
	</object>
	<object>
		<name>소고기무국</name>
		<bndbox>
			<xmin>2523</xmin>
			<ymin>451</ymin>
			<xmax>4696</xmax>
			<ymax>2624</ymax>
		</bndbox>
	</object>
</annotation>