<annotation>
	<folder>side국물면류냉면기떡만둣국q4</folder>
	<filename>side_국물면류_냉면기_떡만둣국_Q4_00013.JPG</filename>
	<path>/side국물면류냉면기떡만둣국q4/side_국물면류_냉면기_떡만둣국_Q4_00013.JPG</path>
	<source>
		<database>fooddata</database>
	</source>
	<size>
		<width>3008</width>
		<height>2000</height>
		<depth>3</depth>
	</size>
	<object>
		<name>ref_spoon</name>
		<bndbox>
			<xmin>1997</xmin>
			<ymin>764</ymin>
			<xmax>2280</xmax>
			<ymax>1150</ymax>
		</bndbox>
	</object>
	<object>
		<name>ref_fork</name>
		<bndbox>
			<xmin>2370</xmin>
			<ymin>799</ymin>
			<xmax>2567</xmax>
			<ymax>1240</ymax>
		</bndbox>
	</object>
	<object>
		<name>ref_coin</name>
		<bndbox>
			<xmin>2211</xmin>
			<ymin>447</ymin>
			<xmax>2395</xmax>
			<ymax>584</ymax>
		</bndbox>
	</object>
	<object>
		<name>dish</name>
		<bndbox>
			<xmin>219</xmin>
			<ymin>396</ymin>
			<xmax>1821</xmax>
			<ymax>1784</ymax>
		</bndbox>
	</object>
	<object>
		<name>떡만둣국</name>
		<bndbox>
			<xmin>347</xmin>
			<ymin>696</ymin>
			<xmax>1701</xmax>
			<ymax>1544</ymax>
		</bndbox>
	</object>
</annotation>