<annotation>
	<folder>side국물면류냉면기떡만둣국q4</folder>
	<filename>side_국물면류_냉면기_떡만둣국_Q4_00054.JPG</filename>
	<path>/side국물면류냉면기떡만둣국q4/side_국물면류_냉면기_떡만둣국_Q4_00054.JPG</path>
	<source>
		<database>fooddata</database>
	</source>
	<size>
		<width>3008</width>
		<height>2000</height>
		<depth>3</depth>
	</size>
	<object>
		<name>ref_spoon</name>
		<bndbox>
			<xmin>343</xmin>
			<ymin>482</ymin>
			<xmax>587</xmax>
			<ymax>820</ymax>
		</bndbox>
	</object>
	<object>
		<name>ref_fork</name>
		<bndbox>
			<xmin>668</xmin>
			<ymin>494</ymin>
			<xmax>827</xmax>
			<ymax>871</ymax>
		</bndbox>
	</object>
	<object>
		<name>ref_coin</name>
		<bndbox>
			<xmin>2494</xmin>
			<ymin>1231</ymin>
			<xmax>2669</xmax>
			<ymax>1373</ymax>
		</bndbox>
	</object>
	<object>
		<name>dish</name>
		<bndbox>
			<xmin>1011</xmin>
			<ymin>289</ymin>
			<xmax>2301</xmax>
			<ymax>1407</ymax>
		</bndbox>
	</object>
	<object>
		<name>떡만둣국</name>
		<bndbox>
			<xmin>1063</xmin>
			<ymin>507</ymin>
			<xmax>2134</xmax>
			<ymax>1214</ymax>
		</bndbox>
	</object>
</annotation>