<annotation>
	<folder>side국물면류냉면기떡만둣국q4</folder>
	<filename>side_국물면류_냉면기_떡만둣국_Q4_00027.JPG</filename>
	<path>/side국물면류냉면기떡만둣국q4/side_국물면류_냉면기_떡만둣국_Q4_00027.JPG</path>
	<source>
		<database>fooddata</database>
	</source>
	<size>
		<width>3008</width>
		<height>2000</height>
		<depth>3</depth>
	</size>
	<object>
		<name>ref_spoon</name>
		<bndbox>
			<xmin>681</xmin>
			<ymin>1647</ymin>
			<xmax>1076</xmax>
			<ymax>1891</ymax>
		</bndbox>
	</object>
	<object>
		<name>ref_fork</name>
		<bndbox>
			<xmin>758</xmin>
			<ymin>1403</ymin>
			<xmax>1183</xmax>
			<ymax>1613</ymax>
		</bndbox>
	</object>
	<object>
		<name>ref_coin</name>
		<bndbox>
			<xmin>1157</xmin>
			<ymin>156</ymin>
			<xmax>1303</xmax>
			<ymax>250</ymax>
		</bndbox>
	</object>
	<object>
		<name>dish</name>
		<bndbox>
			<xmin>776</xmin>
			<ymin>267</ymin>
			<xmax>1950</xmax>
			<ymax>1287</ymax>
		</bndbox>
	</object>
	<object>
		<name>떡만둣국</name>
		<bndbox>
			<xmin>904</xmin>
			<ymin>507</ymin>
			<xmax>1847</xmax>
			<ymax>1099</ymax>
		</bndbox>
	</object>
</annotation>