<annotation>
	<folder>side국물면류냉면기떡만둣국q4</folder>
	<filename>side_국물면류_냉면기_떡만둣국_Q4_00008.JPG</filename>
	<path>/side국물면류냉면기떡만둣국q4/side_국물면류_냉면기_떡만둣국_Q4_00008.JPG</path>
	<source>
		<database>fooddata</database>
	</source>
	<size>
		<width>3008</width>
		<height>2000</height>
		<depth>3</depth>
	</size>
	<object>
		<name>ref_spoon</name>
		<bndbox>
			<xmin>2224</xmin>
			<ymin>649</ymin>
			<xmax>2494</xmax>
			<ymax>1051</ymax>
		</bndbox>
	</object>
	<object>
		<name>ref_fork</name>
		<bndbox>
			<xmin>2584</xmin>
			<ymin>687</ymin>
			<xmax>2781</xmax>
			<ymax>1129</ymax>
		</bndbox>
	</object>
	<object>
		<name>ref_coin</name>
		<bndbox>
			<xmin>561</xmin>
			<ymin>323</ymin>
			<xmax>746</xmax>
			<ymax>460</ymax>
		</bndbox>
	</object>
	<object>
		<name>dish</name>
		<bndbox>
			<xmin>626</xmin>
			<ymin>229</ymin>
			<xmax>2198</xmax>
			<ymax>1604</ymax>
		</bndbox>
	</object>
	<object>
		<name>떡만둣국</name>
		<bndbox>
			<xmin>776</xmin>
			<ymin>563</ymin>
			<xmax>2065</xmax>
			<ymax>1373</ymax>
		</bndbox>
	</object>
</annotation>