<annotation>
	<folder>side국물면류냉면기떡만둣국q4</folder>
	<filename>side_국물면류_냉면기_떡만둣국_Q4_00033.JPG</filename>
	<path>/side국물면류냉면기떡만둣국q4/side_국물면류_냉면기_떡만둣국_Q4_00033.JPG</path>
	<source>
		<database>fooddata</database>
	</source>
	<size>
		<width>3008</width>
		<height>2000</height>
		<depth>3</depth>
	</size>
	<object>
		<name>ref_spoon</name>
		<bndbox>
			<xmin>690</xmin>
			<ymin>1574</ymin>
			<xmax>1101</xmax>
			<ymax>1823</ymax>
		</bndbox>
	</object>
	<object>
		<name>ref_fork</name>
		<bndbox>
			<xmin>767</xmin>
			<ymin>1330</ymin>
			<xmax>1230</xmax>
			<ymax>1536</ymax>
		</bndbox>
	</object>
	<object>
		<name>ref_coin</name>
		<bndbox>
			<xmin>390</xmin>
			<ymin>1189</ymin>
			<xmax>561</xmax>
			<ymax>1326</ymax>
		</bndbox>
	</object>
	<object>
		<name>dish</name>
		<bndbox>
			<xmin>883</xmin>
			<ymin>156</ymin>
			<xmax>2104</xmax>
			<ymax>1219</ymax>
		</bndbox>
	</object>
	<object>
		<name>떡만둣국</name>
		<bndbox>
			<xmin>1003</xmin>
			<ymin>443</ymin>
			<xmax>1967</xmax>
			<ymax>1021</ymax>
		</bndbox>
	</object>
</annotation>