<annotation>
	<folder>side국물면류냉면기떡만둣국q4</folder>
	<filename>side_국물면류_냉면기_떡만둣국_Q4_00022.JPG</filename>
	<path>/side국물면류냉면기떡만둣국q4/side_국물면류_냉면기_떡만둣국_Q4_00022.JPG</path>
	<source>
		<database>fooddata</database>
	</source>
	<size>
		<width>3008</width>
		<height>2000</height>
		<depth>3</depth>
	</size>
	<object>
		<name>ref_spoon</name>
		<bndbox>
			<xmin>733</xmin>
			<ymin>1557</ymin>
			<xmax>1144</xmax>
			<ymax>1810</ymax>
		</bndbox>
	</object>
	<object>
		<name>ref_fork</name>
		<bndbox>
			<xmin>818</xmin>
			<ymin>1296</ymin>
			<xmax>1260</xmax>
			<ymax>1514</ymax>
		</bndbox>
	</object>
	<object>
		<name>ref_coin</name>
		<bndbox>
			<xmin>2305</xmin>
			<ymin>824</ymin>
			<xmax>2472</xmax>
			<ymax>949</ymax>
		</bndbox>
	</object>
	<object>
		<name>dish</name>
		<bndbox>
			<xmin>883</xmin>
			<ymin>117</ymin>
			<xmax>2121</xmax>
			<ymax>1180</ymax>
		</bndbox>
	</object>
	<object>
		<name>떡만둣국</name>
		<bndbox>
			<xmin>1024</xmin>
			<ymin>383</ymin>
			<xmax>1992</xmax>
			<ymax>983</ymax>
		</bndbox>
	</object>
</annotation>