<annotation>
	<folder>side국물면류냉면기떡만둣국q4</folder>
	<filename>side_국물면류_냉면기_떡만둣국_Q4_00060.JPG</filename>
	<path>/side국물면류냉면기떡만둣국q4/side_국물면류_냉면기_떡만둣국_Q4_00060.JPG</path>
	<source>
		<database>fooddata</database>
	</source>
	<size>
		<width>3008</width>
		<height>2000</height>
		<depth>3</depth>
	</size>
	<object>
		<name>ref_spoon</name>
		<bndbox>
			<xmin>296</xmin>
			<ymin>507</ymin>
			<xmax>574</xmax>
			<ymax>876</ymax>
		</bndbox>
	</object>
	<object>
		<name>ref_fork</name>
		<bndbox>
			<xmin>660</xmin>
			<ymin>520</ymin>
			<xmax>853</xmax>
			<ymax>936</ymax>
		</bndbox>
	</object>
	<object>
		<name>ref_coin</name>
		<bndbox>
			<xmin>870</xmin>
			<ymin>237</ymin>
			<xmax>1046</xmax>
			<ymax>370</ymax>
		</bndbox>
	</object>
	<object>
		<name>dish</name>
		<bndbox>
			<xmin>1076</xmin>
			<ymin>310</ymin>
			<xmax>2571</xmax>
			<ymax>1617</ymax>
		</bndbox>
	</object>
	<object>
		<name>떡만둣국</name>
		<bndbox>
			<xmin>1123</xmin>
			<ymin>627</ymin>
			<xmax>2374</xmax>
			<ymax>1411</ymax>
		</bndbox>
	</object>
</annotation>