<annotation>
	<folder>top국물면류냉면기떡만두국q4</folder>
	<filename>top_국물면류_냉면기_떡만둣국_Q4_00046.JPG</filename>
	<path>/top국물면류냉면기떡만둣국q4/top_국물면류_냉면기_떡만둣국_Q4_00046.JPG</path>
	<source>
		<database>fooddata</database>
	</source>
	<size>
		<width>3008</width>
		<height>2000</height>
		<depth>3</depth>
	</size>
	<object>
		<name>ref_spoon</name>
		<bndbox>
			<xmin>326</xmin>
			<ymin>207</ymin>
			<xmax>575</xmax>
			<ymax>615</ymax>
		</bndbox>
	</object>
	<object>
		<name>ref_fork</name>
		<bndbox>
			<xmin>667</xmin>
			<ymin>232</ymin>
			<xmax>848</xmax>
			<ymax>654</ymax>
		</bndbox>
	</object>
	<object>
		<name>ref_coin</name>
		<bndbox>
			<xmin>2334</xmin>
			<ymin>1420</ymin>
			<xmax>2518</xmax>
			<ymax>1598</ymax>
		</bndbox>
	</object>
	<object>
		<name>dish</name>
		<bndbox>
			<xmin>1046</xmin>
			<ymin>147</ymin>
			<xmax>2465</xmax>
			<ymax>1544</ymax>
		</bndbox>
	</object>
	<object>
		<name>떡만둣국</name>
		<bndbox>
			<xmin>1121</xmin>
			<ymin>289</ymin>
			<xmax>2284</xmax>
			<ymax>1456</ymax>
		</bndbox>
	</object>
</annotation>