<annotation>
	<folder>top국물면류냉면기떡만두국q4</folder>
	<filename>top_국물면류_냉면기_떡만둣국_Q4_00016.JPG</filename>
	<path>/top국물면류냉면기떡만둣국q4/top_국물면류_냉면기_떡만둣국_Q4_00016.JPG</path>
	<source>
		<database>fooddata</database>
	</source>
	<size>
		<width>3008</width>
		<height>2000</height>
		<depth>3</depth>
	</size>
	<object>
		<name>ref_spoon</name>
		<bndbox>
			<xmin>2025</xmin>
			<ymin>225</ymin>
			<xmax>2267</xmax>
			<ymax>636</ymax>
		</bndbox>
	</object>
	<object>
		<name>ref_fork</name>
		<bndbox>
			<xmin>2373</xmin>
			<ymin>303</ymin>
			<xmax>2558</xmax>
			<ymax>743</ymax>
		</bndbox>
	</object>
	<object>
		<name>ref_coin</name>
		<bndbox>
			<xmin>284</xmin>
			<ymin>729</ymin>
			<xmax>468</xmax>
			<ymax>910</ymax>
		</bndbox>
	</object>
	<object>
		<name>dish</name>
		<bndbox>
			<xmin>568</xmin>
			<ymin>289</ymin>
			<xmax>1994</xmax>
			<ymax>1708</ymax>
		</bndbox>
	</object>
	<object>
		<name>떡만둣국</name>
		<bndbox>
			<xmin>706</xmin>
			<ymin>438</ymin>
			<xmax>1873</xmax>
			<ymax>1612</ymax>
		</bndbox>
	</object>
</annotation>