<annotation>
	<folder>top국물면류냉면기떡만두국q4</folder>
	<filename>top_국물면류_냉면기_떡만둣국_Q4_00031.JPG</filename>
	<path>/top국물면류냉면기떡만둣국q4/top_국물면류_냉면기_떡만둣국_Q4_00031.JPG</path>
	<source>
		<database>fooddata</database>
	</source>
	<size>
		<width>3008</width>
		<height>2000</height>
		<depth>3</depth>
	</size>
	<object>
		<name>ref_spoon</name>
		<bndbox>
			<xmin>940</xmin>
			<ymin>1608</ymin>
			<xmax>1291</xmax>
			<ymax>1839</ymax>
		</bndbox>
	</object>
	<object>
		<name>ref_fork</name>
		<bndbox>
			<xmin>993</xmin>
			<ymin>1385</ymin>
			<xmax>1376</xmax>
			<ymax>1537</ymax>
		</bndbox>
	</object>
	<object>
		<name>ref_coin</name>
		<bndbox>
			<xmin>1997</xmin>
			<ymin>1101</ymin>
			<xmax>2157</xmax>
			<ymax>1250</ymax>
		</bndbox>
	</object>
	<object>
		<name>dish</name>
		<bndbox>
			<xmin>844</xmin>
			<ymin>136</ymin>
			<xmax>2029</xmax>
			<ymax>1317</ymax>
		</bndbox>
	</object>
	<object>
		<name>떡만둣국</name>
		<bndbox>
			<xmin>944</xmin>
			<ymin>289</ymin>
			<xmax>1940</xmax>
			<ymax>1254</ymax>
		</bndbox>
	</object>
</annotation>