<annotation>
	<folder>top국물면류냉면기떡만두국q4</folder>
	<filename>top_국물면류_냉면기_떡만둣국_Q4_00006.JPG</filename>
	<path>/top국물면류냉면기떡만둣국q4/top_국물면류_냉면기_떡만둣국_Q4_00006.JPG</path>
	<source>
		<database>fooddata</database>
	</source>
	<size>
		<width>3008</width>
		<height>2000</height>
		<depth>3</depth>
	</size>
	<object>
		<name>ref_spoon</name>
		<bndbox>
			<xmin>2029</xmin>
			<ymin>260</ymin>
			<xmax>2270</xmax>
			<ymax>640</ymax>
		</bndbox>
	</object>
	<object>
		<name>ref_fork</name>
		<bndbox>
			<xmin>2373</xmin>
			<ymin>346</ymin>
			<xmax>2550</xmax>
			<ymax>750</ymax>
		</bndbox>
	</object>
	<object>
		<name>ref_coin</name>
		<bndbox>
			<xmin>387</xmin>
			<ymin>750</ymin>
			<xmax>571</xmax>
			<ymax>927</ymax>
		</bndbox>
	</object>
	<object>
		<name>dish</name>
		<bndbox>
			<xmin>646</xmin>
			<ymin>299</ymin>
			<xmax>2061</xmax>
			<ymax>1686</ymax>
		</bndbox>
	</object>
	<object>
		<name>떡만둣국</name>
		<bndbox>
			<xmin>752</xmin>
			<ymin>427</ymin>
			<xmax>1947</xmax>
			<ymax>1601</ymax>
		</bndbox>
	</object>
</annotation>