<annotation>
	<folder>top국물면류냉면기떡만두국q4</folder>
	<filename>top_국물면류_냉면기_떡만둣국_Q4_00010.JPG</filename>
	<path>/top국물면류냉면기떡만둣국q4/top_국물면류_냉면기_떡만둣국_Q4_00010.JPG</path>
	<source>
		<database>fooddata</database>
	</source>
	<size>
		<width>3008</width>
		<height>2000</height>
		<depth>3</depth>
	</size>
	<object>
		<name>ref_spoon</name>
		<bndbox>
			<xmin>1908</xmin>
			<ymin>268</ymin>
			<xmax>2142</xmax>
			<ymax>658</ymax>
		</bndbox>
	</object>
	<object>
		<name>ref_fork</name>
		<bndbox>
			<xmin>2249</xmin>
			<ymin>346</ymin>
			<xmax>2419</xmax>
			<ymax>768</ymax>
		</bndbox>
	</object>
	<object>
		<name>ref_coin</name>
		<bndbox>
			<xmin>1458</xmin>
			<ymin>129</ymin>
			<xmax>1635</xmax>
			<ymax>289</ymax>
		</bndbox>
	</object>
	<object>
		<name>dish</name>
		<bndbox>
			<xmin>525</xmin>
			<ymin>434</ymin>
			<xmax>1930</xmax>
			<ymax>1846</ymax>
		</bndbox>
	</object>
	<object>
		<name>떡만둣국</name>
		<bndbox>
			<xmin>653</xmin>
			<ymin>587</ymin>
			<xmax>1830</xmax>
			<ymax>1750</ymax>
		</bndbox>
	</object>
</annotation>