<annotation>
	<folder>top국물면류냉면기떡만두국q4</folder>
	<filename>top_국물면류_냉면기_떡만둣국_Q4_00043.JPG</filename>
	<path>/top국물면류냉면기떡만둣국q4/top_국물면류_냉면기_떡만둣국_Q4_00043.JPG</path>
	<source>
		<database>fooddata</database>
	</source>
	<size>
		<width>3008</width>
		<height>2000</height>
		<depth>3</depth>
	</size>
	<object>
		<name>ref_spoon</name>
		<bndbox>
			<xmin>287</xmin>
			<ymin>175</ymin>
			<xmax>553</xmax>
			<ymax>594</ymax>
		</bndbox>
	</object>
	<object>
		<name>ref_fork</name>
		<bndbox>
			<xmin>653</xmin>
			<ymin>200</ymin>
			<xmax>834</xmax>
			<ymax>640</ymax>
		</bndbox>
	</object>
	<object>
		<name>ref_coin</name>
		<bndbox>
			<xmin>1515</xmin>
			<ymin>1718</ymin>
			<xmax>1699</xmax>
			<ymax>1910</ymax>
		</bndbox>
	</object>
	<object>
		<name>dish</name>
		<bndbox>
			<xmin>1032</xmin>
			<ymin>108</ymin>
			<xmax>2465</xmax>
			<ymax>1534</ymax>
		</bndbox>
	</object>
	<object>
		<name>떡만둣국</name>
		<bndbox>
			<xmin>1132</xmin>
			<ymin>260</ymin>
			<xmax>2288</xmax>
			<ymax>1438</ymax>
		</bndbox>
	</object>
</annotation>