<annotation>
	<folder>top국물면류냉면기떡만두국q4</folder>
	<filename>top_국물면류_냉면기_떡만둣국_Q4_00015.JPG</filename>
	<path>/top국물면류냉면기떡만둣국q4/top_국물면류_냉면기_떡만둣국_Q4_00015.JPG</path>
	<source>
		<database>fooddata</database>
	</source>
	<size>
		<width>3008</width>
		<height>2000</height>
		<depth>3</depth>
	</size>
	<object>
		<name>ref_spoon</name>
		<bndbox>
			<xmin>1972</xmin>
			<ymin>218</ymin>
			<xmax>2213</xmax>
			<ymax>604</ymax>
		</bndbox>
	</object>
	<object>
		<name>ref_fork</name>
		<bndbox>
			<xmin>2316</xmin>
			<ymin>299</ymin>
			<xmax>2497</xmax>
			<ymax>714</ymax>
		</bndbox>
	</object>
	<object>
		<name>ref_coin</name>
		<bndbox>
			<xmin>319</xmin>
			<ymin>1080</ymin>
			<xmax>500</xmax>
			<ymax>1261</ymax>
		</bndbox>
	</object>
	<object>
		<name>dish</name>
		<bndbox>
			<xmin>596</xmin>
			<ymin>246</ymin>
			<xmax>2015</xmax>
			<ymax>1654</ymax>
		</bndbox>
	</object>
	<object>
		<name>떡만둣국</name>
		<bndbox>
			<xmin>752</xmin>
			<ymin>399</ymin>
			<xmax>1887</xmax>
			<ymax>1552</ymax>
		</bndbox>
	</object>
</annotation>