<annotation>
	<folder>side스프류작은파스타볼콘스프q1</folder>
	<filename>side_스프류_작은파스타볼_콘스프_Q1_00053.JPG</filename>
	<path>/side스프류작은파스타볼콘스프q1/side_스프류_작은파스타볼_콘스프_Q1_00053.JPG</path>
	<source>
		<database>fooddata</database>
	</source>
	<size>
		<width>5472</width>
		<height>3648</height>
		<depth>3</depth>
	</size>
	<object>
		<name>ref_spoon</name>
		<bndbox>
			<xmin>522</xmin>
			<ymin>771</ymin>
			<xmax>1060</xmax>
			<ymax>1654</ymax>
		</bndbox>
	</object>
	<object>
		<name>ref_fork</name>
		<bndbox>
			<xmin>1293</xmin>
			<ymin>820</ymin>
			<xmax>1647</xmax>
			<ymax>1761</ymax>
		</bndbox>
	</object>
	<object>
		<name>ref_coin</name>
		<bndbox>
			<xmin>3852</xmin>
			<ymin>484</ymin>
			<xmax>4206</xmax>
			<ymax>739</ymax>
		</bndbox>
	</object>
	<object>
		<name>dish</name>
		<bndbox>
			<xmin>1817</xmin>
			<ymin>583</ymin>
			<xmax>4331</xmax>
			<ymax>2353</ymax>
		</bndbox>
	</object>
	<object>
		<name>콘스프</name>
		<bndbox>
			<xmin>2516</xmin>
			<ymin>1560</ymin>
			<xmax>3538</xmax>
			<ymax>2223</ymax>
		</bndbox>
	</object>
</annotation>