<annotation>
	<folder>side스프류작은파스타볼콘스프q1</folder>
	<filename>side_스프류_작은파스타볼_콘스프_Q1_00013.JPG</filename>
	<path>/side스프류작은파스타볼콘스프q1/side_스프류_작은파스타볼_콘스프_Q1_00013.JPG</path>
	<source>
		<database>fooddata</database>
	</source>
	<size>
		<width>5472</width>
		<height>3648</height>
		<depth>3</depth>
	</size>
	<object>
		<name>ref_spoon</name>
		<bndbox>
			<xmin>2853</xmin>
			<ymin>964</ymin>
			<xmax>3363</xmax>
			<ymax>1797</ymax>
		</bndbox>
	</object>
	<object>
		<name>ref_fork</name>
		<bndbox>
			<xmin>3516</xmin>
			<ymin>1013</ymin>
			<xmax>3856</xmax>
			<ymax>1905</ymax>
		</bndbox>
	</object>
	<object>
		<name>ref_coin</name>
		<bndbox>
			<xmin>4072</xmin>
			<ymin>1949</ymin>
			<xmax>4452</xmax>
			<ymax>2241</ymax>
		</bndbox>
	</object>
	<object>
		<name>dish</name>
		<bndbox>
			<xmin>352</xmin>
			<ymin>717</ymin>
			<xmax>2879</xmax>
			<ymax>2478</ymax>
		</bndbox>
	</object>
	<object>
		<name>콘스프</name>
		<bndbox>
			<xmin>1096</xmin>
			<ymin>1582</ymin>
			<xmax>2100</xmax>
			<ymax>2339</ymax>
		</bndbox>
	</object>
</annotation>