<annotation>
	<folder>side스프류작은파스타볼콘스프q1</folder>
	<filename>side_스프류_작은파스타볼_콘스프_Q1_00030.JPG</filename>
	<path>/side스프류작은파스타볼콘스프q1/side_스프류_작은파스타볼_콘스프_Q1_00030.JPG</path>
	<source>
		<database>fooddata</database>
	</source>
	<size>
		<width>5472</width>
		<height>3648</height>
		<depth>3</depth>
	</size>
	<object>
		<name>ref_spoon</name>
		<bndbox>
			<xmin>1257</xmin>
			<ymin>2595</ymin>
			<xmax>2292</xmax>
			<ymax>3088</ymax>
		</bndbox>
	</object>
	<object>
		<name>ref_fork</name>
		<bndbox>
			<xmin>1320</xmin>
			<ymin>2160</ymin>
			<xmax>2377</xmax>
			<ymax>2563</ymax>
		</bndbox>
	</object>
	<object>
		<name>ref_coin</name>
		<bndbox>
			<xmin>1020</xmin>
			<ymin>919</ymin>
			<xmax>1383</xmax>
			<ymax>1174</ymax>
		</bndbox>
	</object>
	<object>
		<name>dish</name>
		<bndbox>
			<xmin>1831</xmin>
			<ymin>269</ymin>
			<xmax>4152</xmax>
			<ymax>1918</ymax>
		</bndbox>
	</object>
	<object>
		<name>콘스프</name>
		<bndbox>
			<xmin>2472</xmin>
			<ymin>1102</ymin>
			<xmax>3462</xmax>
			<ymax>1793</ymax>
		</bndbox>
	</object>
</annotation>