<annotation>
	<folder>side스프류작은파스타볼콘스프q1</folder>
	<filename>side_스프류_작은파스타볼_콘스프_Q1_00007.JPG</filename>
	<path>/side스프류작은파스타볼콘스프q1/side_스프류_작은파스타볼_콘스프_Q1_00007.JPG</path>
	<source>
		<database>fooddata</database>
	</source>
	<size>
		<width>5472</width>
		<height>3648</height>
		<depth>3</depth>
	</size>
	<object>
		<name>ref_spoon</name>
		<bndbox>
			<xmin>3968</xmin>
			<ymin>914</ymin>
			<xmax>4493</xmax>
			<ymax>1752</ymax>
		</bndbox>
	</object>
	<object>
		<name>ref_fork</name>
		<bndbox>
			<xmin>4654</xmin>
			<ymin>950</ymin>
			<xmax>5013</xmax>
			<ymax>1887</ymax>
		</bndbox>
	</object>
	<object>
		<name>ref_coin</name>
		<bndbox>
			<xmin>374</xmin>
			<ymin>1367</ymin>
			<xmax>773</xmax>
			<ymax>1649</ymax>
		</bndbox>
	</object>
	<object>
		<name>dish</name>
		<bndbox>
			<xmin>1176</xmin>
			<ymin>708</ymin>
			<xmax>3691</xmax>
			<ymax>2483</ymax>
		</bndbox>
	</object>
	<object>
		<name>콘스프</name>
		<bndbox>
			<xmin>2028</xmin>
			<ymin>1591</ymin>
			<xmax>2974</xmax>
			<ymax>2335</ymax>
		</bndbox>
	</object>
</annotation>