<annotation>
	<folder>side스프류작은파스타볼콘스프q1</folder>
	<filename>side_스프류_작은파스타볼_콘스프_Q1_00049.JPG</filename>
	<path>/side스프류작은파스타볼콘스프q1/side_스프류_작은파스타볼_콘스프_Q1_00049.JPG</path>
	<source>
		<database>fooddata</database>
	</source>
	<size>
		<width>5472</width>
		<height>3648</height>
		<depth>3</depth>
	</size>
	<object>
		<name>ref_spoon</name>
		<bndbox>
			<xmin>634</xmin>
			<ymin>753</ymin>
			<xmax>1172</xmax>
			<ymax>1595</ymax>
		</bndbox>
	</object>
	<object>
		<name>ref_fork</name>
		<bndbox>
			<xmin>1396</xmin>
			<ymin>802</ymin>
			<xmax>1746</xmax>
			<ymax>1725</ymax>
		</bndbox>
	</object>
	<object>
		<name>ref_coin</name>
		<bndbox>
			<xmin>4650</xmin>
			<ymin>2209</ymin>
			<xmax>5053</xmax>
			<ymax>2523</ymax>
		</bndbox>
	</object>
	<object>
		<name>dish</name>
		<bndbox>
			<xmin>1916</xmin>
			<ymin>592</ymin>
			<xmax>4390</xmax>
			<ymax>2335</ymax>
		</bndbox>
	</object>
	<object>
		<name>콘스프</name>
		<bndbox>
			<xmin>2516</xmin>
			<ymin>1439</ymin>
			<xmax>3623</xmax>
			<ymax>2191</ymax>
		</bndbox>
	</object>
</annotation>