<annotation>
	<folder>side스프류작은파스타볼콘스프q1</folder>
	<filename>side_스프류_작은파스타볼_콘스프_Q1_00031.JPG</filename>
	<path>/side스프류작은파스타볼콘스프q1/side_스프류_작은파스타볼_콘스프_Q1_00031.JPG</path>
	<source>
		<database>fooddata</database>
	</source>
	<size>
		<width>5472</width>
		<height>3648</height>
		<depth>3</depth>
	</size>
	<object>
		<name>ref_spoon</name>
		<bndbox>
			<xmin>1257</xmin>
			<ymin>2528</ymin>
			<xmax>2310</xmax>
			<ymax>3016</ymax>
		</bndbox>
	</object>
	<object>
		<name>ref_fork</name>
		<bndbox>
			<xmin>1315</xmin>
			<ymin>2106</ymin>
			<xmax>2436</xmax>
			<ymax>2487</ymax>
		</bndbox>
	</object>
	<object>
		<name>ref_coin</name>
		<bndbox>
			<xmin>1486</xmin>
			<ymin>287</ymin>
			<xmax>1835</xmax>
			<ymax>538</ymax>
		</bndbox>
	</object>
	<object>
		<name>dish</name>
		<bndbox>
			<xmin>1835</xmin>
			<ymin>211</ymin>
			<xmax>4170</xmax>
			<ymax>1860</ymax>
		</bndbox>
	</object>
	<object>
		<name>콘스프</name>
		<bndbox>
			<xmin>2472</xmin>
			<ymin>1049</ymin>
			<xmax>3444</xmax>
			<ymax>1734</ymax>
		</bndbox>
	</object>
</annotation>