<annotation>
	<folder>side스프류작은파스타볼콘스프q1</folder>
	<filename>side_스프류_작은파스타볼_콘스프_Q1_00009.JPG</filename>
	<path>/side스프류작은파스타볼콘스프q1/side_스프류_작은파스타볼_콘스프_Q1_00009.JPG</path>
	<source>
		<database>fooddata</database>
	</source>
	<size>
		<width>5472</width>
		<height>3648</height>
		<depth>3</depth>
	</size>
	<object>
		<name>ref_spoon</name>
		<bndbox>
			<xmin>3807</xmin>
			<ymin>1179</ymin>
			<xmax>4331</xmax>
			<ymax>2039</ymax>
		</bndbox>
	</object>
	<object>
		<name>ref_fork</name>
		<bndbox>
			<xmin>4484</xmin>
			<ymin>1223</ymin>
			<xmax>4842</xmax>
			<ymax>2191</ymax>
		</bndbox>
	</object>
	<object>
		<name>ref_coin</name>
		<bndbox>
			<xmin>1678</xmin>
			<ymin>677</ymin>
			<xmax>2037</xmax>
			<ymax>928</ymax>
		</bndbox>
	</object>
	<object>
		<name>dish</name>
		<bndbox>
			<xmin>966</xmin>
			<ymin>950</ymin>
			<xmax>3471</xmax>
			<ymax>2738</ymax>
		</bndbox>
	</object>
	<object>
		<name>콘스프</name>
		<bndbox>
			<xmin>1701</xmin>
			<ymin>1878</ymin>
			<xmax>2749</xmax>
			<ymax>2590</ymax>
		</bndbox>
	</object>
</annotation>