<annotation>
	<folder>side스프류작은파스타볼콘스프q1</folder>
	<filename>side_스프류_작은파스타볼_콘스프_Q1_00017.JPG</filename>
	<path>/side스프류작은파스타볼콘스프q1/side_스프류_작은파스타볼_콘스프_Q1_00017.JPG</path>
	<source>
		<database>fooddata</database>
	</source>
	<size>
		<width>5472</width>
		<height>3648</height>
		<depth>3</depth>
	</size>
	<object>
		<name>ref_spoon</name>
		<bndbox>
			<xmin>1275</xmin>
			<ymin>2855</ymin>
			<xmax>2337</xmax>
			<ymax>3366</ymax>
		</bndbox>
	</object>
	<object>
		<name>ref_fork</name>
		<bndbox>
			<xmin>1356</xmin>
			<ymin>2420</ymin>
			<xmax>2454</xmax>
			<ymax>2823</ymax>
		</bndbox>
	</object>
	<object>
		<name>ref_coin</name>
		<bndbox>
			<xmin>3888</xmin>
			<ymin>2026</ymin>
			<xmax>4273</xmax>
			<ymax>2317</ymax>
		</bndbox>
	</object>
	<object>
		<name>dish</name>
		<bndbox>
			<xmin>1687</xmin>
			<ymin>332</ymin>
			<xmax>4027</xmax>
			<ymax>1972</ymax>
		</bndbox>
	</object>
	<object>
		<name>콘스프</name>
		<bndbox>
			<xmin>2351</xmin>
			<ymin>1116</ymin>
			<xmax>3328</xmax>
			<ymax>1833</ymax>
		</bndbox>
	</object>
</annotation>