<annotation>
	<folder>side스프류작은파스타볼콘스프q1</folder>
	<filename>side_스프류_작은파스타볼_콘스프_Q1_00022.JPG</filename>
	<path>/side스프류작은파스타볼콘스프q1/side_스프류_작은파스타볼_콘스프_Q1_00022.JPG</path>
	<source>
		<database>fooddata</database>
	</source>
	<size>
		<width>5472</width>
		<height>3648</height>
		<depth>3</depth>
	</size>
	<object>
		<name>ref_spoon</name>
		<bndbox>
			<xmin>1141</xmin>
			<ymin>2819</ymin>
			<xmax>2198</xmax>
			<ymax>3307</ymax>
		</bndbox>
	</object>
	<object>
		<name>ref_fork</name>
		<bndbox>
			<xmin>1212</xmin>
			<ymin>2389</ymin>
			<xmax>2292</xmax>
			<ymax>2783</ymax>
		</bndbox>
	</object>
	<object>
		<name>ref_coin</name>
		<bndbox>
			<xmin>2431</xmin>
			<ymin>233</ymin>
			<xmax>2763</xmax>
			<ymax>457</ymax>
		</bndbox>
	</object>
	<object>
		<name>dish</name>
		<bndbox>
			<xmin>1651</xmin>
			<ymin>520</ymin>
			<xmax>3977</xmax>
			<ymax>2183</ymax>
		</bndbox>
	</object>
	<object>
		<name>콘스프</name>
		<bndbox>
			<xmin>2297</xmin>
			<ymin>1367</ymin>
			<xmax>3292</xmax>
			<ymax>2044</ymax>
		</bndbox>
	</object>
</annotation>