<annotation>
	<folder>side스프류작은파스타볼콘스프q1</folder>
	<filename>side_스프류_작은파스타볼_콘스프_Q1_00026.JPG</filename>
	<path>/side스프류작은파스타볼콘스프q1/side_스프류_작은파스타볼_콘스프_Q1_00026.JPG</path>
	<source>
		<database>fooddata</database>
	</source>
	<size>
		<width>5472</width>
		<height>3648</height>
		<depth>3</depth>
	</size>
	<object>
		<name>ref_spoon</name>
		<bndbox>
			<xmin>1176</xmin>
			<ymin>2689</ymin>
			<xmax>2252</xmax>
			<ymax>3182</ymax>
		</bndbox>
	</object>
	<object>
		<name>ref_fork</name>
		<bndbox>
			<xmin>1244</xmin>
			<ymin>2268</ymin>
			<xmax>2386</xmax>
			<ymax>2662</ymax>
		</bndbox>
	</object>
	<object>
		<name>ref_coin</name>
		<bndbox>
			<xmin>657</xmin>
			<ymin>910</ymin>
			<xmax>1020</xmax>
			<ymax>1170</ymax>
		</bndbox>
	</object>
	<object>
		<name>dish</name>
		<bndbox>
			<xmin>1647</xmin>
			<ymin>390</ymin>
			<xmax>3977</xmax>
			<ymax>2035</ymax>
		</bndbox>
	</object>
	<object>
		<name>콘스프</name>
		<bndbox>
			<xmin>2315</xmin>
			<ymin>1201</ymin>
			<xmax>3292</xmax>
			<ymax>1909</ymax>
		</bndbox>
	</object>
</annotation>