<annotation>
	<folder>side스프류작은파스타볼콘스프q1</folder>
	<filename>side_스프류_작은파스타볼_콘스프_Q1_00045.JPG</filename>
	<path>/side스프류작은파스타볼콘스프q1/side_스프류_작은파스타볼_콘스프_Q1_00045.JPG</path>
	<source>
		<database>fooddata</database>
	</source>
	<size>
		<width>5472</width>
		<height>3648</height>
		<depth>3</depth>
	</size>
	<object>
		<name>ref_spoon</name>
		<bndbox>
			<xmin>692</xmin>
			<ymin>981</ymin>
			<xmax>1221</xmax>
			<ymax>1833</ymax>
		</bndbox>
	</object>
	<object>
		<name>ref_fork</name>
		<bndbox>
			<xmin>1445</xmin>
			<ymin>1040</ymin>
			<xmax>1795</xmax>
			<ymax>1963</ymax>
		</bndbox>
	</object>
	<object>
		<name>ref_coin</name>
		<bndbox>
			<xmin>2158</xmin>
			<ymin>412</ymin>
			<xmax>2503</xmax>
			<ymax>663</ymax>
		</bndbox>
	</object>
	<object>
		<name>dish</name>
		<bndbox>
			<xmin>2073</xmin>
			<ymin>860</ymin>
			<xmax>4582</xmax>
			<ymax>2617</ymax>
		</bndbox>
	</object>
	<object>
		<name>콘스프</name>
		<bndbox>
			<xmin>2696</xmin>
			<ymin>1685</ymin>
			<xmax>3771</xmax>
			<ymax>2402</ymax>
		</bndbox>
	</object>
</annotation>