<annotation>
	<folder>side스프류작은파스타볼콘스프q1</folder>
	<filename>side_스프류_작은파스타볼_콘스프_Q1_00003.JPG</filename>
	<path>/side스프류작은파스타볼콘스프q1/side_스프류_작은파스타볼_콘스프_Q1_00003.JPG</path>
	<source>
		<database>fooddata</database>
	</source>
	<size>
		<width>5472</width>
		<height>3648</height>
		<depth>3</depth>
	</size>
	<object>
		<name>ref_spoon</name>
		<bndbox>
			<xmin>3713</xmin>
			<ymin>816</ymin>
			<xmax>4233</xmax>
			<ymax>1645</ymax>
		</bndbox>
	</object>
	<object>
		<name>ref_fork</name>
		<bndbox>
			<xmin>4394</xmin>
			<ymin>838</ymin>
			<xmax>4748</xmax>
			<ymax>1779</ymax>
		</bndbox>
	</object>
	<object>
		<name>ref_coin</name>
		<bndbox>
			<xmin>1813</xmin>
			<ymin>2841</ymin>
			<xmax>2225</xmax>
			<ymax>3173</ymax>
		</bndbox>
	</object>
	<object>
		<name>dish</name>
		<bndbox>
			<xmin>1230</xmin>
			<ymin>533</ymin>
			<xmax>3695</xmax>
			<ymax>2268</ymax>
		</bndbox>
	</object>
	<object>
		<name>콘스프</name>
		<bndbox>
			<xmin>1943</xmin>
			<ymin>1380</ymin>
			<xmax>3000</xmax>
			<ymax>2088</ymax>
		</bndbox>
	</object>
</annotation>