<annotation>
	<folder>my-project-name</folder>
	<filename>top_스프류_작은파스타볼_콘스프_Q1_00044.JPG</filename>
	<path>/top스프류작은파스타볼콘스프q1/top_스프류_작은파스타볼_콘스프_Q1_00044.JPG</path>
	<source>
		<database>fooddata</database>
	</source>
	<size>
		<width>5472</width>
		<height>3648</height>
		<depth>3</depth>
	</size>
	<object>
		<name>ref_spoon</name>
		<bndbox>
			<xmin>242</xmin>
			<ymin>731</ymin>
			<xmax>817</xmax>
			<ymax>1609</ymax>
		</bndbox>
	</object>
	<object>
		<name>ref_fork</name>
		<bndbox>
			<xmin>1082</xmin>
			<ymin>845</ymin>
			<xmax>1453</xmax>
			<ymax>1790</ymax>
		</bndbox>
	</object>
	<object>
		<name>ref_coin</name>
		<bndbox>
			<xmin>3845</xmin>
			<ymin>223</ymin>
			<xmax>4211</xmax>
			<ymax>589</ymax>
		</bndbox>
	</object>
	<object>
		<name>dish</name>
		<bndbox>
			<xmin>1641</xmin>
			<ymin>463</ymin>
			<xmax>4278</xmax>
			<ymax>3099</ymax>
		</bndbox>
	</object>
	<object>
		<name>콘스프</name>
		<bndbox>
			<xmin>2351</xmin>
			<ymin>1297</ymin>
			<xmax>3503</xmax>
			<ymax>2319</ymax>
		</bndbox>
	</object>
</annotation>