<annotation>
	<folder>my-project-name</folder>
	<filename>top_스프류_작은파스타볼_콘스프_Q1_00039.JPG</filename>
	<path>/top스프류작은파스타볼콘스프q1/top_스프류_작은파스타볼_콘스프_Q1_00039.JPG</path>
	<source>
		<database>fooddata</database>
	</source>
	<size>
		<width>5472</width>
		<height>3648</height>
		<depth>3</depth>
	</size>
	<object>
		<name>ref_spoon</name>
		<bndbox>
			<xmin>861</xmin>
			<ymin>473</ymin>
			<xmax>1345</xmax>
			<ymax>1232</ymax>
		</bndbox>
	</object>
	<object>
		<name>ref_fork</name>
		<bndbox>
			<xmin>1560</xmin>
			<ymin>581</ymin>
			<xmax>1878</xmax>
			<ymax>1388</ymax>
		</bndbox>
	</object>
	<object>
		<name>ref_coin</name>
		<bndbox>
			<xmin>4078</xmin>
			<ymin>2222</ymin>
			<xmax>4407</xmax>
			<ymax>2556</ymax>
		</bndbox>
	</object>
	<object>
		<name>dish</name>
		<bndbox>
			<xmin>2061</xmin>
			<ymin>269</ymin>
			<xmax>4310</xmax>
			<ymax>2502</ymax>
		</bndbox>
	</object>
	<object>
		<name>콘스프</name>
		<bndbox>
			<xmin>2599</xmin>
			<ymin>1065</ymin>
			<xmax>3201</xmax>
			<ymax>1753</ymax>
		</bndbox>
	</object>
</annotation>