<annotation>
	<folder>my-project-name</folder>
	<filename>top_스프류_작은파스타볼_콘스프_Q1_00036.JPG</filename>
	<path>/top스프류작은파스타볼콘스프q1/top_스프류_작은파스타볼_콘스프_Q1_00036.JPG</path>
	<source>
		<database>fooddata</database>
	</source>
	<size>
		<width>5472</width>
		<height>3648</height>
		<depth>3</depth>
	</size>
	<object>
		<name>ref_spoon</name>
		<bndbox>
			<xmin>767</xmin>
			<ymin>386</ymin>
			<xmax>1245</xmax>
			<ymax>1165</ymax>
		</bndbox>
	</object>
	<object>
		<name>ref_fork</name>
		<bndbox>
			<xmin>1470</xmin>
			<ymin>496</ymin>
			<xmax>1787</xmax>
			<ymax>1314</ymax>
		</bndbox>
	</object>
	<object>
		<name>ref_coin</name>
		<bndbox>
			<xmin>3113</xmin>
			<ymin>2698</ymin>
			<xmax>3447</xmax>
			<ymax>3044</ymax>
		</bndbox>
	</object>
	<object>
		<name>dish</name>
		<bndbox>
			<xmin>1972</xmin>
			<ymin>179</ymin>
			<xmax>4226</xmax>
			<ymax>2427</ymax>
		</bndbox>
	</object>
	<object>
		<name>콘스프</name>
		<bndbox>
			<xmin>2577</xmin>
			<ymin>1101</ymin>
			<xmax>3297</xmax>
			<ymax>1845</ymax>
		</bndbox>
	</object>
</annotation>