<annotation>
	<folder>my-project-name</folder>
	<filename>top_스프류_작은파스타볼_콘스프_Q1_00034.JPG</filename>
	<path>/top스프류작은파스타볼콘스프q1/top_스프류_작은파스타볼_콘스프_Q1_00034.JPG</path>
	<source>
		<database>fooddata</database>
	</source>
	<size>
		<width>5472</width>
		<height>3648</height>
		<depth>3</depth>
	</size>
	<object>
		<name>ref_spoon</name>
		<bndbox>
			<xmin>721</xmin>
			<ymin>398</ymin>
			<xmax>1206</xmax>
			<ymax>1165</ymax>
		</bndbox>
	</object>
	<object>
		<name>ref_fork</name>
		<bndbox>
			<xmin>1428</xmin>
			<ymin>520</ymin>
			<xmax>1750</xmax>
			<ymax>1337</ymax>
		</bndbox>
	</object>
	<object>
		<name>ref_coin</name>
		<bndbox>
			<xmin>2295</xmin>
			<ymin>2875</ymin>
			<xmax>2633</xmax>
			<ymax>3228</ymax>
		</bndbox>
	</object>
	<object>
		<name>dish</name>
		<bndbox>
			<xmin>1932</xmin>
			<ymin>222</ymin>
			<xmax>4187</xmax>
			<ymax>2462</ymax>
		</bndbox>
	</object>
	<object>
		<name>콘스프</name>
		<bndbox>
			<xmin>2573</xmin>
			<ymin>1186</ymin>
			<xmax>3294</xmax>
			<ymax>1841</ymax>
		</bndbox>
	</object>
</annotation>