<annotation>
	<folder>my-project-name</folder>
	<filename>top_스프류_작은파스타볼_콘스프_Q1_00011.JPG</filename>
	<path>/top스프류작은파스타볼콘스프q1/top_스프류_작은파스타볼_콘스프_Q1_00011.JPG</path>
	<source>
		<database>fooddata</database>
	</source>
	<size>
		<width>5472</width>
		<height>3648</height>
		<depth>3</depth>
	</size>
	<object>
		<name>ref_spoon</name>
		<bndbox>
			<xmin>4088</xmin>
			<ymin>589</ymin>
			<xmax>4634</xmax>
			<ymax>1424</ymax>
		</bndbox>
	</object>
	<object>
		<name>ref_fork</name>
		<bndbox>
			<xmin>4776</xmin>
			<ymin>793</ymin>
			<xmax>5165</xmax>
			<ymax>1690</ymax>
		</bndbox>
	</object>
	<object>
		<name>ref_coin</name>
		<bndbox>
			<xmin>3328</xmin>
			<ymin>3086</ymin>
			<xmax>3706</xmax>
			<ymax>3464</ymax>
		</bndbox>
	</object>
	<object>
		<name>dish</name>
		<bndbox>
			<xmin>1170</xmin>
			<ymin>489</ymin>
			<xmax>3783</xmax>
			<ymax>3087</ymax>
		</bndbox>
	</object>
	<object>
		<name>콘스프</name>
		<bndbox>
			<xmin>1998</xmin>
			<ymin>1314</ymin>
			<xmax>3032</xmax>
			<ymax>2344</ymax>
		</bndbox>
	</object>
</annotation>