<annotation>
	<folder>my-project-name</folder>
	<filename>top_스프류_작은파스타볼_콘스프_Q1_00045.JPG</filename>
	<path>/top스프류작은파스타볼콘스프q1/top_스프류_작은파스타볼_콘스프_Q1_00045.JPG</path>
	<source>
		<database>fooddata</database>
	</source>
	<size>
		<width>5472</width>
		<height>3648</height>
		<depth>3</depth>
	</size>
	<object>
		<name>ref_spoon</name>
		<bndbox>
			<xmin>415</xmin>
			<ymin>1055</ymin>
			<xmax>974</xmax>
			<ymax>1920</ymax>
		</bndbox>
	</object>
	<object>
		<name>ref_fork</name>
		<bndbox>
			<xmin>1228</xmin>
			<ymin>1165</ymin>
			<xmax>1597</xmax>
			<ymax>2058</ymax>
		</bndbox>
	</object>
	<object>
		<name>ref_coin</name>
		<bndbox>
			<xmin>3251</xmin>
			<ymin>242</ymin>
			<xmax>3609</xmax>
			<ymax>594</ymax>
		</bndbox>
	</object>
	<object>
		<name>dish</name>
		<bndbox>
			<xmin>1799</xmin>
			<ymin>790</ymin>
			<xmax>4387</xmax>
			<ymax>3372</ymax>
		</bndbox>
	</object>
	<object>
		<name>콘스프</name>
		<bndbox>
			<xmin>2439</xmin>
			<ymin>1606</ymin>
			<xmax>3413</xmax>
			<ymax>2558</ymax>
		</bndbox>
	</object>
</annotation>