<annotation>
	<folder>my-project-name</folder>
	<filename>top_스프류_작은파스타볼_콘스프_Q1_00040.JPG</filename>
	<path>/top스프류작은파스타볼콘스프q1/top_스프류_작은파스타볼_콘스프_Q1_00040.JPG</path>
	<source>
		<database>fooddata</database>
	</source>
	<size>
		<width>5472</width>
		<height>3648</height>
		<depth>3</depth>
	</size>
	<object>
		<name>ref_spoon</name>
		<bndbox>
			<xmin>536</xmin>
			<ymin>380</ymin>
			<xmax>1090</xmax>
			<ymax>1251</ymax>
		</bndbox>
	</object>
	<object>
		<name>ref_fork</name>
		<bndbox>
			<xmin>1349</xmin>
			<ymin>502</ymin>
			<xmax>1706</xmax>
			<ymax>1453</ymax>
		</bndbox>
	</object>
	<object>
		<name>ref_coin</name>
		<bndbox>
			<xmin>4462</xmin>
			<ymin>2058</ymin>
			<xmax>4837</xmax>
			<ymax>2439</ymax>
		</bndbox>
	</object>
	<object>
		<name>dish</name>
		<bndbox>
			<xmin>1914</xmin>
			<ymin>138</ymin>
			<xmax>4508</xmax>
			<ymax>2715</ymax>
		</bndbox>
	</object>
	<object>
		<name>콘스프</name>
		<bndbox>
			<xmin>2542</xmin>
			<ymin>1009</ymin>
			<xmax>3465</xmax>
			<ymax>1804</ymax>
		</bndbox>
	</object>
</annotation>