<annotation>
	<folder>side부침개류사각배달달걀말이q2</folder>
	<filename>side_부침개류_사각배달_달걀말이_Q2_00025.JPG</filename>
	<path>/side부침개류사각배달달걀말이q2/side_부침개류_사각배달_달걀말이_Q2_00025.JPG</path>
	<source>
		<database>fooddata</database>
	</source>
	<size>
		<width>3008</width>
		<height>2000</height>
		<depth>3</depth>
	</size>
	<object>
		<name>ref_spoon</name>
		<bndbox>
			<xmin>996</xmin>
			<ymin>1528</ymin>
			<xmax>1446</xmax>
			<ymax>1768</ymax>
		</bndbox>
	</object>
	<object>
		<name>ref_fork</name>
		<bndbox>
			<xmin>1039</xmin>
			<ymin>1263</ymin>
			<xmax>1533</xmax>
			<ymax>1503</ymax>
		</bndbox>
	</object>
	<object>
		<name>ref_coin</name>
		<bndbox>
			<xmin>2506</xmin>
			<ymin>904</ymin>
			<xmax>2716</xmax>
			<ymax>1049</ymax>
		</bndbox>
	</object>
	<object>
		<name>dish</name>
		<bndbox>
			<xmin>891</xmin>
			<ymin>167</ymin>
			<xmax>2470</xmax>
			<ymax>1154</ymax>
		</bndbox>
	</object>
	<object>
		<name>달걀말이</name>
		<bndbox>
			<xmin>1359</xmin>
			<ymin>541</ymin>
			<xmax>2070</xmax>
			<ymax>976</ymax>
		</bndbox>
	</object>
</annotation>