<annotation>
	<folder>side부침개류사각배달달걀말이q2</folder>
	<filename>side_부침개류_사각배달_달걀말이_Q2_00048.JPG</filename>
	<path>/side부침개류사각배달달걀말이q2/side_부침개류_사각배달_달걀말이_Q2_00048.JPG</path>
	<source>
		<database>fooddata</database>
	</source>
	<size>
		<width>3008</width>
		<height>2000</height>
		<depth>3</depth>
	</size>
	<object>
		<name>ref_spoon</name>
		<bndbox>
			<xmin>372</xmin>
			<ymin>541</ymin>
			<xmax>633</xmax>
			<ymax>871</ymax>
		</bndbox>
	</object>
	<object>
		<name>ref_fork</name>
		<bndbox>
			<xmin>734</xmin>
			<ymin>552</ymin>
			<xmax>916</xmax>
			<ymax>911</ymax>
		</bndbox>
	</object>
	<object>
		<name>ref_coin</name>
		<bndbox>
			<xmin>1544</xmin>
			<ymin>1655</ymin>
			<xmax>1769</xmax>
			<ymax>1819</ymax>
		</bndbox>
	</object>
	<object>
		<name>dish</name>
		<bndbox>
			<xmin>941</xmin>
			<ymin>483</ymin>
			<xmax>2520</xmax>
			<ymax>1434</ymax>
		</bndbox>
	</object>
	<object>
		<name>달걀말이</name>
		<bndbox>
			<xmin>1315</xmin>
			<ymin>788</ymin>
			<xmax>2154</xmax>
			<ymax>1318</ymax>
		</bndbox>
	</object>
</annotation>