<annotation>
	<folder>side부침개류사각배달달걀말이q2</folder>
	<filename>side_부침개류_사각배달_달걀말이_Q2_00047.JPG</filename>
	<path>/side부침개류사각배달달걀말이q2/side_부침개류_사각배달_달걀말이_Q2_00047.JPG</path>
	<source>
		<database>fooddata</database>
	</source>
	<size>
		<width>3008</width>
		<height>2000</height>
		<depth>3</depth>
	</size>
	<object>
		<name>ref_spoon</name>
		<bndbox>
			<xmin>397</xmin>
			<ymin>523</ymin>
			<xmax>651</xmax>
			<ymax>849</ymax>
		</bndbox>
	</object>
	<object>
		<name>ref_fork</name>
		<bndbox>
			<xmin>753</xmin>
			<ymin>534</ymin>
			<xmax>938</xmax>
			<ymax>897</ymax>
		</bndbox>
	</object>
	<object>
		<name>ref_coin</name>
		<bndbox>
			<xmin>1348</xmin>
			<ymin>1612</ymin>
			<xmax>1577</xmax>
			<ymax>1768</ymax>
		</bndbox>
	</object>
	<object>
		<name>dish</name>
		<bndbox>
			<xmin>996</xmin>
			<ymin>407</ymin>
			<xmax>2462</xmax>
			<ymax>1456</ymax>
		</bndbox>
	</object>
	<object>
		<name>달걀말이</name>
		<bndbox>
			<xmin>1384</xmin>
			<ymin>708</ymin>
			<xmax>2088</xmax>
			<ymax>1325</ymax>
		</bndbox>
	</object>
</annotation>