<annotation>
	<folder>side부침개류사각배달달걀말이q2</folder>
	<filename>side_부침개류_사각배달_달걀말이_Q2_00034.JPG</filename>
	<path>/side부침개류사각배달달걀말이q2/side_부침개류_사각배달_달걀말이_Q2_00034.JPG</path>
	<source>
		<database>fooddata</database>
	</source>
	<size>
		<width>3008</width>
		<height>2000</height>
		<depth>3</depth>
	</size>
	<object>
		<name>ref_spoon</name>
		<bndbox>
			<xmin>310</xmin>
			<ymin>367</ymin>
			<xmax>589</xmax>
			<ymax>711</ymax>
		</bndbox>
	</object>
	<object>
		<name>ref_fork</name>
		<bndbox>
			<xmin>691</xmin>
			<ymin>377</ymin>
			<xmax>883</xmax>
			<ymax>773</ymax>
		</bndbox>
	</object>
	<object>
		<name>ref_coin</name>
		<bndbox>
			<xmin>1203</xmin>
			<ymin>1619</ymin>
			<xmax>1439</xmax>
			<ymax>1789</ymax>
		</bndbox>
	</object>
	<object>
		<name>dish</name>
		<bndbox>
			<xmin>872</xmin>
			<ymin>330</ymin>
			<xmax>2361</xmax>
			<ymax>1456</ymax>
		</bndbox>
	</object>
	<object>
		<name>달걀말이</name>
		<bndbox>
			<xmin>1199</xmin>
			<ymin>632</ymin>
			<xmax>2009</xmax>
			<ymax>1245</ymax>
		</bndbox>
	</object>
</annotation>