<annotation>
	<folder>side부침개류사각배달달걀말이q2</folder>
	<filename>side_부침개류_사각배달_달걀말이_Q2_00016.JPG</filename>
	<path>/side부침개류사각배달달걀말이q2/side_부침개류_사각배달_달걀말이_Q2_00016.JPG</path>
	<source>
		<database>fooddata</database>
	</source>
	<size>
		<width>3008</width>
		<height>2000</height>
		<depth>3</depth>
	</size>
	<object>
		<name>ref_spoon</name>
		<bndbox>
			<xmin>2107</xmin>
			<ymin>265</ymin>
			<xmax>2408</xmax>
			<ymax>653</ymax>
		</bndbox>
	</object>
	<object>
		<name>ref_fork</name>
		<bndbox>
			<xmin>2524</xmin>
			<ymin>240</ymin>
			<xmax>2738</xmax>
			<ymax>679</ymax>
		</bndbox>
	</object>
	<object>
		<name>ref_coin</name>
		<bndbox>
			<xmin>1130</xmin>
			<ymin>1510</ymin>
			<xmax>1381</xmax>
			<ymax>1702</ymax>
		</bndbox>
	</object>
	<object>
		<name>dish</name>
		<bndbox>
			<xmin>310</xmin>
			<ymin>367</ymin>
			<xmax>1972</xmax>
			<ymax>1332</ymax>
		</bndbox>
	</object>
	<object>
		<name>달걀말이</name>
		<bndbox>
			<xmin>691</xmin>
			<ymin>740</ymin>
			<xmax>1489</xmax>
			<ymax>1176</ymax>
		</bndbox>
	</object>
</annotation>