<annotation>
	<folder>side부침개류사각배달달걀말이q2</folder>
	<filename>side_부침개류_사각배달_달걀말이_Q2_00014.JPG</filename>
	<path>/side부침개류사각배달달걀말이q2/side_부침개류_사각배달_달걀말이_Q2_00014.JPG</path>
	<source>
		<database>fooddata</database>
	</source>
	<size>
		<width>3008</width>
		<height>2000</height>
		<depth>3</depth>
	</size>
	<object>
		<name>ref_spoon</name>
		<bndbox>
			<xmin>2099</xmin>
			<ymin>338</ymin>
			<xmax>2372</xmax>
			<ymax>686</ymax>
		</bndbox>
	</object>
	<object>
		<name>ref_fork</name>
		<bndbox>
			<xmin>2470</xmin>
			<ymin>323</ymin>
			<xmax>2669</xmax>
			<ymax>708</ymax>
		</bndbox>
	</object>
	<object>
		<name>ref_coin</name>
		<bndbox>
			<xmin>1780</xmin>
			<ymin>1205</ymin>
			<xmax>1994</xmax>
			<ymax>1372</ymax>
		</bndbox>
	</object>
	<object>
		<name>dish</name>
		<bndbox>
			<xmin>357</xmin>
			<ymin>370</ymin>
			<xmax>1914</xmax>
			<ymax>1463</ymax>
		</bndbox>
	</object>
	<object>
		<name>달걀말이</name>
		<bndbox>
			<xmin>811</xmin>
			<ymin>744</ymin>
			<xmax>1377</xmax>
			<ymax>1303</ymax>
		</bndbox>
	</object>
</annotation>