<annotation>
	<folder>side부침개류사각배달달걀말이q2</folder>
	<filename>side_부침개류_사각배달_달걀말이_Q2_00038.JPG</filename>
	<path>/side부침개류사각배달달걀말이q2/side_부침개류_사각배달_달걀말이_Q2_00038.JPG</path>
	<source>
		<database>fooddata</database>
	</source>
	<size>
		<width>3008</width>
		<height>2000</height>
		<depth>3</depth>
	</size>
	<object>
		<name>ref_spoon</name>
		<bndbox>
			<xmin>332</xmin>
			<ymin>497</ymin>
			<xmax>604</xmax>
			<ymax>820</ymax>
		</bndbox>
	</object>
	<object>
		<name>ref_fork</name>
		<bndbox>
			<xmin>691</xmin>
			<ymin>512</ymin>
			<xmax>876</xmax>
			<ymax>857</ymax>
		</bndbox>
	</object>
	<object>
		<name>ref_coin</name>
		<bndbox>
			<xmin>2538</xmin>
			<ymin>1670</ymin>
			<xmax>2764</xmax>
			<ymax>1833</ymax>
		</bndbox>
	</object>
	<object>
		<name>dish</name>
		<bndbox>
			<xmin>1018</xmin>
			<ymin>548</ymin>
			<xmax>2607</xmax>
			<ymax>1608</ymax>
		</bndbox>
	</object>
	<object>
		<name>달걀말이</name>
		<bndbox>
			<xmin>1228</xmin>
			<ymin>868</ymin>
			<xmax>2186</xmax>
			<ymax>1426</ymax>
		</bndbox>
	</object>
</annotation>