<annotation>
	<folder>top부침개류사각배달달걀말이q2</folder>
	<filename>top_부침개류_사각배달_달걀말이_Q2_00038.JPG</filename>
	<path>/top부침개류사각배달달걀말이q2/top_부침개류_사각배달_달걀말이_Q2_00038.JPG</path>
	<source>
		<database>fooddata</database>
	</source>
	<size>
		<width>3008</width>
		<height>2000</height>
		<depth>3</depth>
	</size>
	<object>
		<name>ref_spoon</name>
		<bndbox>
			<xmin>589</xmin>
			<ymin>184</ymin>
			<xmax>828</xmax>
			<ymax>530</ymax>
		</bndbox>
	</object>
	<object>
		<name>ref_fork</name>
		<bndbox>
			<xmin>879</xmin>
			<ymin>184</ymin>
			<xmax>1057</xmax>
			<ymax>596</ymax>
		</bndbox>
	</object>
	<object>
		<name>ref_coin</name>
		<bndbox>
			<xmin>1880</xmin>
			<ymin>1541</ymin>
			<xmax>2073</xmax>
			<ymax>1729</ymax>
		</bndbox>
	</object>
	<object>
		<name>dish</name>
		<bndbox>
			<xmin>1169</xmin>
			<ymin>312</ymin>
			<xmax>2505</xmax>
			<ymax>1556</ymax>
		</bndbox>
	</object>
	<object>
		<name>달걀말이</name>
		<bndbox>
			<xmin>1448</xmin>
			<ymin>779</ymin>
			<xmax>2286</xmax>
			<ymax>1201</ymax>
		</bndbox>
	</object>
</annotation>