<annotation>
	<folder>top부침개류사각배달달걀말이q2</folder>
	<filename>top_부침개류_사각배달_달걀말이_Q2_00051.JPG</filename>
	<path>/top부침개류사각배달달걀말이q2/top_부침개류_사각배달_달걀말이_Q2_00051.JPG</path>
	<source>
		<database>fooddata</database>
	</source>
	<size>
		<width>3008</width>
		<height>2000</height>
		<depth>3</depth>
	</size>
	<object>
		<name>ref_spoon</name>
		<bndbox>
			<xmin>361</xmin>
			<ymin>195</ymin>
			<xmax>610</xmax>
			<ymax>550</ymax>
		</bndbox>
	</object>
	<object>
		<name>ref_fork</name>
		<bndbox>
			<xmin>650</xmin>
			<ymin>230</ymin>
			<xmax>828</xmax>
			<ymax>632</ymax>
		</bndbox>
	</object>
	<object>
		<name>ref_coin</name>
		<bndbox>
			<xmin>838</xmin>
			<ymin>1089</ymin>
			<xmax>1016</xmax>
			<ymax>1257</ymax>
		</bndbox>
	</object>
	<object>
		<name>dish</name>
		<bndbox>
			<xmin>1128</xmin>
			<ymin>357</ymin>
			<xmax>2002</xmax>
			<ymax>1541</ymax>
		</bndbox>
	</object>
	<object>
		<name>달걀말이</name>
		<bndbox>
			<xmin>1291</xmin>
			<ymin>540</ymin>
			<xmax>1804</xmax>
			<ymax>1302</ymax>
		</bndbox>
	</object>
</annotation>