<annotation>
	<folder>top부침개류사각배달달걀말이q2</folder>
	<filename>top_부침개류_사각배달_달걀말이_Q2_00047.JPG</filename>
	<path>/top부침개류사각배달달걀말이q2/top_부침개류_사각배달_달걀말이_Q2_00047.JPG</path>
	<source>
		<database>fooddata</database>
	</source>
	<size>
		<width>3008</width>
		<height>2000</height>
		<depth>3</depth>
	</size>
	<object>
		<name>ref_spoon</name>
		<bndbox>
			<xmin>412</xmin>
			<ymin>225</ymin>
			<xmax>650</xmax>
			<ymax>576</ymax>
		</bndbox>
	</object>
	<object>
		<name>ref_fork</name>
		<bndbox>
			<xmin>691</xmin>
			<ymin>256</ymin>
			<xmax>874</xmax>
			<ymax>652</ymax>
		</bndbox>
	</object>
	<object>
		<name>ref_coin</name>
		<bndbox>
			<xmin>1626</xmin>
			<ymin>210</ymin>
			<xmax>1799</xmax>
			<ymax>388</ymax>
		</bndbox>
	</object>
	<object>
		<name>dish</name>
		<bndbox>
			<xmin>955</xmin>
			<ymin>520</ymin>
			<xmax>2261</xmax>
			<ymax>1617</ymax>
		</bndbox>
	</object>
	<object>
		<name>달걀말이</name>
		<bndbox>
			<xmin>1148</xmin>
			<ymin>855</ymin>
			<xmax>1971</xmax>
			<ymax>1246</ymax>
		</bndbox>
	</object>
</annotation>