<annotation>
	<folder>top부침개류사각배달달걀말이q2</folder>
	<filename>top_부침개류_사각배달_달걀말이_Q2_00002.JPG</filename>
	<path>/top부침개류사각배달달걀말이q2/top_부침개류_사각배달_달걀말이_Q2_00002.JPG</path>
	<source>
		<database>fooddata</database>
	</source>
	<size>
		<width>3008</width>
		<height>2000</height>
		<depth>3</depth>
	</size>
	<object>
		<name>ref_spoon</name>
		<bndbox>
			<xmin>1717</xmin>
			<ymin>261</ymin>
			<xmax>1966</xmax>
			<ymax>632</ymax>
		</bndbox>
	</object>
	<object>
		<name>ref_fork</name>
		<bndbox>
			<xmin>2032</xmin>
			<ymin>327</ymin>
			<xmax>2215</xmax>
			<ymax>733</ymax>
		</bndbox>
	</object>
	<object>
		<name>ref_coin</name>
		<bndbox>
			<xmin>1174</xmin>
			<ymin>1556</ymin>
			<xmax>1362</xmax>
			<ymax>1749</ymax>
		</bndbox>
	</object>
	<object>
		<name>dish</name>
		<bndbox>
			<xmin>447</xmin>
			<ymin>134</ymin>
			<xmax>1636</xmax>
			<ymax>1485</ymax>
		</bndbox>
	</object>
	<object>
		<name>달걀말이</name>
		<bndbox>
			<xmin>818</xmin>
			<ymin>555</ymin>
			<xmax>1341</xmax>
			<ymax>1028</ymax>
		</bndbox>
	</object>
</annotation>