<annotation>
	<folder>top부침개류사각배달달걀말이q2</folder>
	<filename>top_부침개류_사각배달_달걀말이_Q2_00016.JPG</filename>
	<path>/top부침개류사각배달달걀말이q2/top_부침개류_사각배달_달걀말이_Q2_00016.JPG</path>
	<source>
		<database>fooddata</database>
	</source>
	<size>
		<width>3008</width>
		<height>2000</height>
		<depth>3</depth>
	</size>
	<object>
		<name>ref_spoon</name>
		<bndbox>
			<xmin>1850</xmin>
			<ymin>245</ymin>
			<xmax>2124</xmax>
			<ymax>652</ymax>
		</bndbox>
	</object>
	<object>
		<name>ref_fork</name>
		<bndbox>
			<xmin>2175</xmin>
			<ymin>306</ymin>
			<xmax>2393</xmax>
			<ymax>723</ymax>
		</bndbox>
	</object>
	<object>
		<name>ref_coin</name>
		<bndbox>
			<xmin>1606</xmin>
			<ymin>896</ymin>
			<xmax>1804</xmax>
			<ymax>1079</ymax>
		</bndbox>
	</object>
	<object>
		<name>dish</name>
		<bndbox>
			<xmin>76</xmin>
			<ymin>306</ymin>
			<xmax>1448</xmax>
			<ymax>1755</ymax>
		</bndbox>
	</object>
	<object>
		<name>달걀말이</name>
		<bndbox>
			<xmin>518</xmin>
			<ymin>743</ymin>
			<xmax>1113</xmax>
			<ymax>1282</ymax>
		</bndbox>
	</object>
</annotation>