<annotation>
	<folder>side국물면류원형배달수제비q2</folder>
	<filename>side_국물면류_원형배달_수제비_Q2_00050.JPG</filename>
	<path>/side국물면류원형배달수제비q2/side_국물면류_원형배달_수제비_Q2_00050.JPG</path>
	<source>
		<database>fooddata</database>
	</source>
	<size>
		<width>3008</width>
		<height>2000</height>
		<depth>3</depth>
	</size>
	<object>
		<name>ref_spoon</name>
		<bndbox>
			<xmin>561</xmin>
			<ymin>582</ymin>
			<xmax>880</xmax>
			<ymax>990</ymax>
		</bndbox>
	</object>
	<object>
		<name>ref_fork</name>
		<bndbox>
			<xmin>951</xmin>
			<ymin>639</ymin>
			<xmax>1170</xmax>
			<ymax>1120</ymax>
		</bndbox>
	</object>
	<object>
		<name>ref_coin</name>
		<bndbox>
			<xmin>113</xmin>
			<ymin>907</ymin>
			<xmax>344</xmax>
			<ymax>1066</ymax>
		</bndbox>
	</object>
	<object>
		<name>dish</name>
		<bndbox>
			<xmin>1327</xmin>
			<ymin>219</ymin>
			<xmax>2917</xmax>
			<ymax>1587</ymax>
		</bndbox>
	</object>
	<object>
		<name>수제비</name>
		<bndbox>
			<xmin>1418</xmin>
			<ymin>558</ymin>
			<xmax>2764</xmax>
			<ymax>1143</ymax>
		</bndbox>
	</object>
</annotation>