<annotation>
	<folder>side국물면류원형배달수제비q2</folder>
	<filename>side_국물면류_원형배달_수제비_Q2_00002.JPG</filename>
	<path>/side국물면류원형배달수제비q2/side_국물면류_원형배달_수제비_Q2_00002.JPG</path>
	<source>
		<database>fooddata</database>
	</source>
	<size>
		<width>3008</width>
		<height>2000</height>
		<depth>3</depth>
	</size>
	<object>
		<name>ref_spoon</name>
		<bndbox>
			<xmin>2013</xmin>
			<ymin>501</ymin>
			<xmax>2305</xmax>
			<ymax>912</ymax>
		</bndbox>
	</object>
	<object>
		<name>ref_fork</name>
		<bndbox>
			<xmin>2420</xmin>
			<ymin>543</ymin>
			<xmax>2622</xmax>
			<ymax>990</ymax>
		</bndbox>
	</object>
	<object>
		<name>ref_coin</name>
		<bndbox>
			<xmin>1263</xmin>
			<ymin>1668</ymin>
			<xmax>1511</xmax>
			<ymax>1860</ymax>
		</bndbox>
	</object>
	<object>
		<name>dish</name>
		<bndbox>
			<xmin>266</xmin>
			<ymin>152</ymin>
			<xmax>1811</xmax>
			<ymax>1521</ymax>
		</bndbox>
	</object>
	<object>
		<name>수제비</name>
		<bndbox>
			<xmin>396</xmin>
			<ymin>484</ymin>
			<xmax>1705</xmax>
			<ymax>1115</ymax>
		</bndbox>
	</object>
</annotation>