<annotation>
	<folder>side국물면류원형배달수제비q2</folder>
	<filename>side_국물면류_원형배달_수제비_Q2_00006.JPG</filename>
	<path>/side국물면류원형배달수제비q2/side_국물면류_원형배달_수제비_Q2_00006.JPG</path>
	<source>
		<database>fooddata</database>
	</source>
	<size>
		<width>3008</width>
		<height>2000</height>
		<depth>3</depth>
	</size>
	<object>
		<name>ref_spoon</name>
		<bndbox>
			<xmin>2229</xmin>
			<ymin>509</ymin>
			<xmax>2519</xmax>
			<ymax>924</ymax>
		</bndbox>
	</object>
	<object>
		<name>ref_fork</name>
		<bndbox>
			<xmin>2632</xmin>
			<ymin>550</ymin>
			<xmax>2846</xmax>
			<ymax>1032</ymax>
		</bndbox>
	</object>
	<object>
		<name>ref_coin</name>
		<bndbox>
			<xmin>94</xmin>
			<ymin>1386</ymin>
			<xmax>334</xmax>
			<ymax>1560</ymax>
		</bndbox>
	</object>
	<object>
		<name>dish</name>
		<bndbox>
			<xmin>546</xmin>
			<ymin>91</ymin>
			<xmax>2062</xmax>
			<ymax>1428</ymax>
		</bndbox>
	</object>
	<object>
		<name>수제비</name>
		<bndbox>
			<xmin>669</xmin>
			<ymin>408</ymin>
			<xmax>1954</xmax>
			<ymax>1020</ymax>
		</bndbox>
	</object>
</annotation>