<annotation>
	<folder>side국물면류원형배달수제비q2</folder>
	<filename>side_국물면류_원형배달_수제비_Q2_00008.JPG</filename>
	<path>/side국물면류원형배달수제비q2/side_국물면류_원형배달_수제비_Q2_00008.JPG</path>
	<source>
		<database>fooddata</database>
	</source>
	<size>
		<width>3008</width>
		<height>2000</height>
		<depth>3</depth>
	</size>
	<object>
		<name>ref_spoon</name>
		<bndbox>
			<xmin>2285</xmin>
			<ymin>587</ymin>
			<xmax>2580</xmax>
			<ymax>1007</ymax>
		</bndbox>
	</object>
	<object>
		<name>ref_fork</name>
		<bndbox>
			<xmin>2701</xmin>
			<ymin>631</ymin>
			<xmax>2904</xmax>
			<ymax>1106</ymax>
		</bndbox>
	</object>
	<object>
		<name>ref_coin</name>
		<bndbox>
			<xmin>64</xmin>
			<ymin>975</ymin>
			<xmax>293</xmax>
			<ymax>1138</ymax>
		</bndbox>
	</object>
	<object>
		<name>dish</name>
		<bndbox>
			<xmin>610</xmin>
			<ymin>201</ymin>
			<xmax>2145</xmax>
			<ymax>1531</ymax>
		</bndbox>
	</object>
	<object>
		<name>수제비</name>
		<bndbox>
			<xmin>715</xmin>
			<ymin>504</ymin>
			<xmax>2040</xmax>
			<ymax>1120</ymax>
		</bndbox>
	</object>
</annotation>