<annotation>
	<folder>side국물면류원형배달수제비q2</folder>
	<filename>side_국물면류_원형배달_수제비_Q2_00014.JPG</filename>
	<path>/side국물면류원형배달수제비q2/side_국물면류_원형배달_수제비_Q2_00014.JPG</path>
	<source>
		<database>fooddata</database>
	</source>
	<size>
		<width>3008</width>
		<height>2000</height>
		<depth>3</depth>
	</size>
	<object>
		<name>ref_spoon</name>
		<bndbox>
			<xmin>2133</xmin>
			<ymin>622</ymin>
			<xmax>2423</xmax>
			<ymax>1047</ymax>
		</bndbox>
	</object>
	<object>
		<name>ref_fork</name>
		<bndbox>
			<xmin>2541</xmin>
			<ymin>668</ymin>
			<xmax>2745</xmax>
			<ymax>1152</ymax>
		</bndbox>
	</object>
	<object>
		<name>ref_coin</name>
		<bndbox>
			<xmin>2371</xmin>
			<ymin>283</ymin>
			<xmax>2573</xmax>
			<ymax>420</ymax>
		</bndbox>
	</object>
	<object>
		<name>dish</name>
		<bndbox>
			<xmin>428</xmin>
			<ymin>319</ymin>
			<xmax>2027</xmax>
			<ymax>1715</ymax>
		</bndbox>
	</object>
	<object>
		<name>수제비</name>
		<bndbox>
			<xmin>538</xmin>
			<ymin>651</ymin>
			<xmax>1904</xmax>
			<ymax>1302</ymax>
		</bndbox>
	</object>
</annotation>