<annotation>
	<folder>side국물면류원형배달수제비q2</folder>
	<filename>side_국물면류_원형배달_수제비_Q2_00022.JPG</filename>
	<path>/side국물면류원형배달수제비q2/side_국물면류_원형배달_수제비_Q2_00022.JPG</path>
	<source>
		<database>fooddata</database>
	</source>
	<size>
		<width>3008</width>
		<height>2000</height>
		<depth>3</depth>
	</size>
	<object>
		<name>ref_spoon</name>
		<bndbox>
			<xmin>504</xmin>
			<ymin>1661</ymin>
			<xmax>981</xmax>
			<ymax>1916</ymax>
		</bndbox>
	</object>
	<object>
		<name>ref_fork</name>
		<bndbox>
			<xmin>674</xmin>
			<ymin>1442</ymin>
			<xmax>1190</xmax>
			<ymax>1658</ymax>
		</bndbox>
	</object>
	<object>
		<name>ref_coin</name>
		<bndbox>
			<xmin>897</xmin>
			<ymin>86</ymin>
			<xmax>1076</xmax>
			<ymax>201</ymax>
		</bndbox>
	</object>
	<object>
		<name>dish</name>
		<bndbox>
			<xmin>779</xmin>
			<ymin>214</ymin>
			<xmax>2106</xmax>
			<ymax>1400</ymax>
		</bndbox>
	</object>
	<object>
		<name>수제비</name>
		<bndbox>
			<xmin>863</xmin>
			<ymin>489</ymin>
			<xmax>2013</xmax>
			<ymax>1054</ymax>
		</bndbox>
	</object>
</annotation>