<annotation>
	<folder>side국물면류원형배달수제비q2</folder>
	<filename>side_국물면류_원형배달_수제비_Q2_00015.JPG</filename>
	<path>/side국물면류원형배달수제비q2/side_국물면류_원형배달_수제비_Q2_00015.JPG</path>
	<source>
		<database>fooddata</database>
	</source>
	<size>
		<width>3008</width>
		<height>2000</height>
		<depth>3</depth>
	</size>
	<object>
		<name>ref_spoon</name>
		<bndbox>
			<xmin>2162</xmin>
			<ymin>622</ymin>
			<xmax>2457</xmax>
			<ymax>1034</ymax>
		</bndbox>
	</object>
	<object>
		<name>ref_fork</name>
		<bndbox>
			<xmin>2575</xmin>
			<ymin>673</ymin>
			<xmax>2784</xmax>
			<ymax>1135</ymax>
		</bndbox>
	</object>
	<object>
		<name>ref_coin</name>
		<bndbox>
			<xmin>2713</xmin>
			<ymin>538</ymin>
			<xmax>2919</xmax>
			<ymax>668</ymax>
		</bndbox>
	</object>
	<object>
		<name>dish</name>
		<bndbox>
			<xmin>369</xmin>
			<ymin>310</ymin>
			<xmax>1971</xmax>
			<ymax>1703</ymax>
		</bndbox>
	</object>
	<object>
		<name>수제비</name>
		<bndbox>
			<xmin>477</xmin>
			<ymin>639</ymin>
			<xmax>1848</xmax>
			<ymax>1280</ymax>
		</bndbox>
	</object>
</annotation>