<annotation>
	<folder>top국물면류원형배달수제비q2</folder>
	<filename>top_국물면류_원형배달_수제비_Q2_00006.JPG</filename>
	<path>/top국물면류원형배달수제비q2/top_국물면류_원형배달_수제비_Q2_00006.JPG</path>
	<source>
		<database>fooddata</database>
	</source>
	<size>
		<width>3008</width>
		<height>2000</height>
		<depth>3</depth>
	</size>
	<object>
		<name>ref_spoon</name>
		<bndbox>
			<xmin>2040</xmin>
			<ymin>204</ymin>
			<xmax>2350</xmax>
			<ymax>710</ymax>
		</bndbox>
	</object>
	<object>
		<name>ref_fork</name>
		<bndbox>
			<xmin>2428</xmin>
			<ymin>196</ymin>
			<xmax>2646</xmax>
			<ymax>701</ymax>
		</bndbox>
	</object>
	<object>
		<name>ref_coin</name>
		<bndbox>
			<xmin>1835</xmin>
			<ymin>1325</ymin>
			<xmax>2066</xmax>
			<ymax>1569</ymax>
		</bndbox>
	</object>
	<object>
		<name>dish</name>
		<bndbox>
			<xmin>253</xmin>
			<ymin>100</ymin>
			<xmax>1988</xmax>
			<ymax>1791</ymax>
		</bndbox>
	</object>
	<object>
		<name>수제비</name>
		<bndbox>
			<xmin>453</xmin>
			<ymin>313</ymin>
			<xmax>1822</xmax>
			<ymax>1678</ymax>
		</bndbox>
	</object>
</annotation>