<annotation>
	<folder>top국물면류원형배달수제비q2</folder>
	<filename>top_국물면류_원형배달_수제비_Q2_00053.JPG</filename>
	<path>/top국물면류원형배달수제비q2/top_국물면류_원형배달_수제비_Q2_00053.JPG</path>
	<source>
		<database>fooddata</database>
	</source>
	<size>
		<width>3008</width>
		<height>2000</height>
		<depth>3</depth>
	</size>
	<object>
		<name>ref_spoon</name>
		<bndbox>
			<xmin>411</xmin>
			<ymin>441</ymin>
			<xmax>720</xmax>
			<ymax>888</ymax>
		</bndbox>
	</object>
	<object>
		<name>ref_fork</name>
		<bndbox>
			<xmin>780</xmin>
			<ymin>459</ymin>
			<xmax>993</xmax>
			<ymax>924</ymax>
		</bndbox>
	</object>
	<object>
		<name>ref_coin</name>
		<bndbox>
			<xmin>2142</xmin>
			<ymin>1576</ymin>
			<xmax>2355</xmax>
			<ymax>1796</ymax>
		</bndbox>
	</object>
	<object>
		<name>dish</name>
		<bndbox>
			<xmin>1188</xmin>
			<ymin>122</ymin>
			<xmax>2639</xmax>
			<ymax>1576</ymax>
		</bndbox>
	</object>
	<object>
		<name>수제비</name>
		<bndbox>
			<xmin>1270</xmin>
			<ymin>335</ymin>
			<xmax>2504</xmax>
			<ymax>1502</ymax>
		</bndbox>
	</object>
</annotation>