<annotation>
	<folder>top국물면류원형배달수제비q2</folder>
	<filename>top_국물면류_원형배달_수제비_Q2_00019.JPG</filename>
	<path>/top국물면류원형배달수제비q2/top_국물면류_원형배달_수제비_Q2_00019.JPG</path>
	<source>
		<database>fooddata</database>
	</source>
	<size>
		<width>3008</width>
		<height>2000</height>
		<depth>3</depth>
	</size>
	<object>
		<name>ref_spoon</name>
		<bndbox>
			<xmin>780</xmin>
			<ymin>1639</ymin>
			<xmax>1203</xmax>
			<ymax>1922</ymax>
		</bndbox>
	</object>
	<object>
		<name>ref_fork</name>
		<bndbox>
			<xmin>837</xmin>
			<ymin>1368</ymin>
			<xmax>1299</xmax>
			<ymax>1582</ymax>
		</bndbox>
	</object>
	<object>
		<name>ref_coin</name>
		<bndbox>
			<xmin>2232</xmin>
			<ymin>684</ymin>
			<xmax>2424</xmax>
			<ymax>871</ymax>
		</bndbox>
	</object>
	<object>
		<name>dish</name>
		<bndbox>
			<xmin>929</xmin>
			<ymin>34</ymin>
			<xmax>2228</xmax>
			<ymax>1316</ymax>
		</bndbox>
	</object>
	<object>
		<name>수제비</name>
		<bndbox>
			<xmin>1024</xmin>
			<ymin>213</ymin>
			<xmax>2075</xmax>
			<ymax>1264</ymax>
		</bndbox>
	</object>
</annotation>