<annotation>
	<folder>top국물면류원형배달수제비q2</folder>
	<filename>top_국물면류_원형배달_수제비_Q2_00044.JPG</filename>
	<path>/top국물면류원형배달수제비q2/top_국물면류_원형배달_수제비_Q2_00044.JPG</path>
	<source>
		<database>fooddata</database>
	</source>
	<size>
		<width>3008</width>
		<height>2000</height>
		<depth>3</depth>
	</size>
	<object>
		<name>ref_spoon</name>
		<bndbox>
			<xmin>234</xmin>
			<ymin>385</ymin>
			<xmax>550</xmax>
			<ymax>828</ymax>
		</bndbox>
	</object>
	<object>
		<name>ref_fork</name>
		<bndbox>
			<xmin>614</xmin>
			<ymin>374</ymin>
			<xmax>837</xmax>
			<ymax>842</ymax>
		</bndbox>
	</object>
	<object>
		<name>ref_coin</name>
		<bndbox>
			<xmin>2568</xmin>
			<ymin>498</ymin>
			<xmax>2777</xmax>
			<ymax>722</ymax>
		</bndbox>
	</object>
	<object>
		<name>dish</name>
		<bndbox>
			<xmin>1018</xmin>
			<ymin>72</ymin>
			<xmax>2504</xmax>
			<ymax>1555</ymax>
		</bndbox>
	</object>
	<object>
		<name>수제비</name>
		<bndbox>
			<xmin>1121</xmin>
			<ymin>239</ymin>
			<xmax>2313</xmax>
			<ymax>1452</ymax>
		</bndbox>
	</object>
</annotation>