<annotation>
	<folder>top국물면류원형배달수제비q2</folder>
	<filename>top_국물면류_원형배달_수제비_Q2_00004.JPG</filename>
	<path>/top국물면류원형배달수제비q2/top_국물면류_원형배달_수제비_Q2_00004.JPG</path>
	<source>
		<database>fooddata</database>
	</source>
	<size>
		<width>3008</width>
		<height>2000</height>
		<depth>3</depth>
	</size>
	<object>
		<name>ref_spoon</name>
		<bndbox>
			<xmin>2036</xmin>
			<ymin>130</ymin>
			<xmax>2350</xmax>
			<ymax>588</ymax>
		</bndbox>
	</object>
	<object>
		<name>ref_fork</name>
		<bndbox>
			<xmin>2424</xmin>
			<ymin>122</ymin>
			<xmax>2664</xmax>
			<ymax>636</ymax>
		</bndbox>
	</object>
	<object>
		<name>ref_coin</name>
		<bndbox>
			<xmin>811</xmin>
			<ymin>1647</ymin>
			<xmax>1064</xmax>
			<ymax>1887</ymax>
		</bndbox>
	</object>
	<object>
		<name>dish</name>
		<bndbox>
			<xmin>462</xmin>
			<ymin>82</ymin>
			<xmax>2093</xmax>
			<ymax>1652</ymax>
		</bndbox>
	</object>
	<object>
		<name>수제비</name>
		<bndbox>
			<xmin>641</xmin>
			<ymin>279</ymin>
			<xmax>1923</xmax>
			<ymax>1530</ymax>
		</bndbox>
	</object>
</annotation>