<annotation>
	<folder>top국물면류원형배달수제비q2</folder>
	<filename>top_국물면류_원형배달_수제비_Q2_00015.JPG</filename>
	<path>/top국물면류원형배달수제비q2/top_국물면류_원형배달_수제비_Q2_00015.JPG</path>
	<source>
		<database>fooddata</database>
	</source>
	<size>
		<width>3008</width>
		<height>2000</height>
		<depth>3</depth>
	</size>
	<object>
		<name>ref_spoon</name>
		<bndbox>
			<xmin>2088</xmin>
			<ymin>170</ymin>
			<xmax>2372</xmax>
			<ymax>605</ymax>
		</bndbox>
	</object>
	<object>
		<name>ref_fork</name>
		<bndbox>
			<xmin>2433</xmin>
			<ymin>170</ymin>
			<xmax>2633</xmax>
			<ymax>636</ymax>
		</bndbox>
	</object>
	<object>
		<name>ref_coin</name>
		<bndbox>
			<xmin>719</xmin>
			<ymin>170</ymin>
			<xmax>942</xmax>
			<ymax>388</ymax>
		</bndbox>
	</object>
	<object>
		<name>dish</name>
		<bndbox>
			<xmin>702</xmin>
			<ymin>252</ymin>
			<xmax>2223</xmax>
			<ymax>1735</ymax>
		</bndbox>
	</object>
	<object>
		<name>수제비</name>
		<bndbox>
			<xmin>828</xmin>
			<ymin>422</ymin>
			<xmax>2058</xmax>
			<ymax>1630</ymax>
		</bndbox>
	</object>
</annotation>