<annotation>
	<folder>top국물면류원형배달수제비q2</folder>
	<filename>top_국물면류_원형배달_수제비_Q2_00021.JPG</filename>
	<path>/top국물면류원형배달수제비q2/top_국물면류_원형배달_수제비_Q2_00021.JPG</path>
	<source>
		<database>fooddata</database>
	</source>
	<size>
		<width>3008</width>
		<height>2000</height>
		<depth>3</depth>
	</size>
	<object>
		<name>ref_spoon</name>
		<bndbox>
			<xmin>737</xmin>
			<ymin>1652</ymin>
			<xmax>1173</xmax>
			<ymax>1944</ymax>
		</bndbox>
	</object>
	<object>
		<name>ref_fork</name>
		<bndbox>
			<xmin>811</xmin>
			<ymin>1390</ymin>
			<xmax>1273</xmax>
			<ymax>1599</ymax>
		</bndbox>
	</object>
	<object>
		<name>ref_coin</name>
		<bndbox>
			<xmin>2062</xmin>
			<ymin>139</ymin>
			<xmax>2267</xmax>
			<ymax>335</ymax>
		</bndbox>
	</object>
	<object>
		<name>dish</name>
		<bndbox>
			<xmin>885</xmin>
			<ymin>82</ymin>
			<xmax>2197</xmax>
			<ymax>1355</ymax>
		</bndbox>
	</object>
	<object>
		<name>수제비</name>
		<bndbox>
			<xmin>990</xmin>
			<ymin>257</ymin>
			<xmax>2040</xmax>
			<ymax>1299</ymax>
		</bndbox>
	</object>
</annotation>