<annotation>
	<folder>top국물면류원형배달수제비q2</folder>
	<filename>top_국물면류_원형배달_수제비_Q2_00023.JPG</filename>
	<path>/top국물면류원형배달수제비q2/top_국물면류_원형배달_수제비_Q2_00023.JPG</path>
	<source>
		<database>fooddata</database>
	</source>
	<size>
		<width>3008</width>
		<height>2000</height>
		<depth>3</depth>
	</size>
	<object>
		<name>ref_spoon</name>
		<bndbox>
			<xmin>785</xmin>
			<ymin>1621</ymin>
			<xmax>1208</xmax>
			<ymax>1896</ymax>
		</bndbox>
	</object>
	<object>
		<name>ref_fork</name>
		<bndbox>
			<xmin>868</xmin>
			<ymin>1381</ymin>
			<xmax>1317</xmax>
			<ymax>1582</ymax>
		</bndbox>
	</object>
	<object>
		<name>ref_coin</name>
		<bndbox>
			<xmin>1469</xmin>
			<ymin>17</ymin>
			<xmax>1652</xmax>
			<ymax>204</ymax>
		</bndbox>
	</object>
	<object>
		<name>dish</name>
		<bndbox>
			<xmin>977</xmin>
			<ymin>252</ymin>
			<xmax>2180</xmax>
			<ymax>1429</ymax>
		</bndbox>
	</object>
	<object>
		<name>수제비</name>
		<bndbox>
			<xmin>1068</xmin>
			<ymin>414</ymin>
			<xmax>2036</xmax>
			<ymax>1364</ymax>
		</bndbox>
	</object>
</annotation>