<annotation>
	<folder>top국물면류원형배달수제비q2</folder>
	<filename>top_국물면류_원형배달_수제비_Q2_00036.JPG</filename>
	<path>/top국물면류원형배달수제비q2/top_국물면류_원형배달_수제비_Q2_00036.JPG</path>
	<source>
		<database>fooddata</database>
	</source>
	<size>
		<width>3008</width>
		<height>2000</height>
		<depth>3</depth>
	</size>
	<object>
		<name>ref_spoon</name>
		<bndbox>
			<xmin>475</xmin>
			<ymin>431</ymin>
			<xmax>770</xmax>
			<ymax>849</ymax>
		</bndbox>
	</object>
	<object>
		<name>ref_fork</name>
		<bndbox>
			<xmin>837</xmin>
			<ymin>431</ymin>
			<xmax>1043</xmax>
			<ymax>913</ymax>
		</bndbox>
	</object>
	<object>
		<name>ref_coin</name>
		<bndbox>
			<xmin>1759</xmin>
			<ymin>1704</ymin>
			<xmax>1976</xmax>
			<ymax>1935</ymax>
		</bndbox>
	</object>
	<object>
		<name>dish</name>
		<bndbox>
			<xmin>1231</xmin>
			<ymin>161</ymin>
			<xmax>2664</xmax>
			<ymax>1594</ymax>
		</bndbox>
	</object>
	<object>
		<name>수제비</name>
		<bndbox>
			<xmin>1316</xmin>
			<ymin>338</ymin>
			<xmax>2469</xmax>
			<ymax>1509</ymax>
		</bndbox>
	</object>
</annotation>