<annotation>
	<folder>top국물면류원형배달수제비q2</folder>
	<filename>top_국물면류_원형배달_수제비_Q2_00007.JPG</filename>
	<path>/top국물면류원형배달수제비q2/top_국물면류_원형배달_수제비_Q2_00007.JPG</path>
	<source>
		<database>fooddata</database>
	</source>
	<size>
		<width>3008</width>
		<height>2000</height>
		<depth>3</depth>
	</size>
	<object>
		<name>ref_spoon</name>
		<bndbox>
			<xmin>2027</xmin>
			<ymin>204</ymin>
			<xmax>2350</xmax>
			<ymax>693</ymax>
		</bndbox>
	</object>
	<object>
		<name>ref_fork</name>
		<bndbox>
			<xmin>2411</xmin>
			<ymin>204</ymin>
			<xmax>2637</xmax>
			<ymax>728</ymax>
		</bndbox>
	</object>
	<object>
		<name>ref_coin</name>
		<bndbox>
			<xmin>1774</xmin>
			<ymin>1534</ymin>
			<xmax>2018</xmax>
			<ymax>1783</ymax>
		</bndbox>
	</object>
	<object>
		<name>dish</name>
		<bndbox>
			<xmin>192</xmin>
			<ymin>61</ymin>
			<xmax>1936</xmax>
			<ymax>1783</ymax>
		</bndbox>
	</object>
	<object>
		<name>수제비</name>
		<bndbox>
			<xmin>401</xmin>
			<ymin>252</ymin>
			<xmax>1774</xmax>
			<ymax>1639</ymax>
		</bndbox>
	</object>
</annotation>