<annotation>
	<folder>side건더기국류뚝배기q4</folder>
	<filename>side_건더기국류_뚝배기_삼계탕_Q4_00005.JPG</filename>
	<path>/side건더기국류뚝배기삼계탕q4/side_건더기국류_뚝배기_삼계탕_Q4_00005.JPG</path>
	<source>
		<database>fooddata</database>
	</source>
	<size>
		<width>5472</width>
		<height>3648</height>
		<depth>3</depth>
	</size>
	<object>
		<name>ref_spoon</name>
		<bndbox>
			<xmin>4185</xmin>
			<ymin>782</ymin>
			<xmax>4739</xmax>
			<ymax>1629</ymax>
		</bndbox>
	</object>
	<object>
		<name>ref_fork</name>
		<bndbox>
			<xmin>4869</xmin>
			<ymin>749</ymin>
			<xmax>5309</xmax>
			<ymax>1661</ymax>
		</bndbox>
	</object>
	<object>
		<name>ref_coin</name>
		<bndbox>
			<xmin>2296</xmin>
			<ymin>3062</ymin>
			<xmax>2752</xmax>
			<ymax>3436</ymax>
		</bndbox>
	</object>
	<object>
		<name>dish</name>
		<bndbox>
			<xmin>1124</xmin>
			<ymin>163</ymin>
			<xmax>4006</xmax>
			<ymax>2655</ymax>
		</bndbox>
	</object>
	<object>
		<name>삼계탕</name>
		<bndbox>
			<xmin>1401</xmin>
			<ymin>668</ymin>
			<xmax>3713</xmax>
			<ymax>1954</ymax>
		</bndbox>
	</object>
</annotation>