<annotation>
	<folder>side건더기국류뚝배기q4</folder>
	<filename>side_건더기국류_뚝배기_삼계탕_Q4_00024.JPG</filename>
	<path>/side건더기국류뚝배기삼계탕q4/side_건더기국류_뚝배기_삼계탕_Q4_00024.JPG</path>
	<source>
		<database>fooddata</database>
	</source>
	<size>
		<width>5472</width>
		<height>3648</height>
		<depth>3</depth>
	</size>
	<object>
		<name>ref_spoon</name>
		<bndbox>
			<xmin>1938</xmin>
			<ymin>3143</ymin>
			<xmax>2769</xmax>
			<ymax>3583</ymax>
		</bndbox>
	</object>
	<object>
		<name>ref_fork</name>
		<bndbox>
			<xmin>2019</xmin>
			<ymin>2801</ymin>
			<xmax>2866</xmax>
			<ymax>3111</ymax>
		</bndbox>
	</object>
	<object>
		<name>ref_coin</name>
		<bndbox>
			<xmin>2068</xmin>
			<ymin>261</ymin>
			<xmax>2378</xmax>
			<ymax>472</ymax>
		</bndbox>
	</object>
	<object>
		<name>dish</name>
		<bndbox>
			<xmin>1889</xmin>
			<ymin>456</ymin>
			<xmax>4202</xmax>
			<ymax>2427</ymax>
		</bndbox>
	</object>
	<object>
		<name>삼계탕</name>
		<bndbox>
			<xmin>2133</xmin>
			<ymin>879</ymin>
			<xmax>3957</xmax>
			<ymax>1905</ymax>
		</bndbox>
	</object>
</annotation>