<annotation>
	<folder>side건더기국류뚝배기q4</folder>
	<filename>side_건더기국류_뚝배기_삼계탕_Q4_00006.JPG</filename>
	<path>/side건더기국류뚝배기삼계탕q4/side_건더기국류_뚝배기_삼계탕_Q4_00006.JPG</path>
	<source>
		<database>fooddata</database>
	</source>
	<size>
		<width>5472</width>
		<height>3648</height>
		<depth>3</depth>
	</size>
	<object>
		<name>ref_spoon</name>
		<bndbox>
			<xmin>4071</xmin>
			<ymin>749</ymin>
			<xmax>4593</xmax>
			<ymax>1612</ymax>
		</bndbox>
	</object>
	<object>
		<name>ref_fork</name>
		<bndbox>
			<xmin>4739</xmin>
			<ymin>733</ymin>
			<xmax>5163</xmax>
			<ymax>1645</ymax>
		</bndbox>
	</object>
	<object>
		<name>ref_coin</name>
		<bndbox>
			<xmin>1547</xmin>
			<ymin>2997</ymin>
			<xmax>1971</xmax>
			<ymax>3355</ymax>
		</bndbox>
	</object>
	<object>
		<name>dish</name>
		<bndbox>
			<xmin>1026</xmin>
			<ymin>147</ymin>
			<xmax>3892</xmax>
			<ymax>2655</ymax>
		</bndbox>
	</object>
	<object>
		<name>삼계탕</name>
		<bndbox>
			<xmin>1303</xmin>
			<ymin>668</ymin>
			<xmax>3632</xmax>
			<ymax>1954</ymax>
		</bndbox>
	</object>
</annotation>