<annotation>
	<folder>side건더기국류뚝배기q4</folder>
	<filename>side_건더기국류_뚝배기_삼계탕_Q4_00010.JPG</filename>
	<path>/side건더기국류뚝배기삼계탕q4/side_건더기국류_뚝배기_삼계탕_Q4_00010.JPG</path>
	<source>
		<database>fooddata</database>
	</source>
	<size>
		<width>5472</width>
		<height>3648</height>
		<depth>3</depth>
	</size>
	<object>
		<name>ref_spoon</name>
		<bndbox>
			<xmin>4071</xmin>
			<ymin>635</ymin>
			<xmax>4593</xmax>
			<ymax>1531</ymax>
		</bndbox>
	</object>
	<object>
		<name>ref_fork</name>
		<bndbox>
			<xmin>4707</xmin>
			<ymin>586</ymin>
			<xmax>5195</xmax>
			<ymax>1531</ymax>
		</bndbox>
	</object>
	<object>
		<name>ref_coin</name>
		<bndbox>
			<xmin>326</xmin>
			<ymin>1596</ymin>
			<xmax>749</xmax>
			<ymax>1922</ymax>
		</bndbox>
	</object>
	<object>
		<name>dish</name>
		<bndbox>
			<xmin>1140</xmin>
			<ymin>277</ymin>
			<xmax>4071</xmax>
			<ymax>2883</ymax>
		</bndbox>
	</object>
	<object>
		<name>삼계탕</name>
		<bndbox>
			<xmin>1401</xmin>
			<ymin>798</ymin>
			<xmax>3811</xmax>
			<ymax>2182</ymax>
		</bndbox>
	</object>
</annotation>