<annotation>
	<folder>side건더기국류뚝배기q4</folder>
	<filename>side_건더기국류_뚝배기_삼계탕_Q4_00052.JPG</filename>
	<path>/side건더기국류뚝배기삼계탕q4/side_건더기국류_뚝배기_삼계탕_Q4_00052.JPG</path>
	<source>
		<database>fooddata</database>
	</source>
	<size>
		<width>5472</width>
		<height>3648</height>
		<depth>3</depth>
	</size>
	<object>
		<name>ref_spoon</name>
		<bndbox>
			<xmin>407</xmin>
			<ymin>1726</ymin>
			<xmax>928</xmax>
			<ymax>2541</ymax>
		</bndbox>
	</object>
	<object>
		<name>ref_fork</name>
		<bndbox>
			<xmin>1107</xmin>
			<ymin>1808</ymin>
			<xmax>1482</xmax>
			<ymax>2817</ymax>
		</bndbox>
	</object>
	<object>
		<name>ref_coin</name>
		<bndbox>
			<xmin>4316</xmin>
			<ymin>700</ymin>
			<xmax>4674</xmax>
			<ymax>945</ymax>
		</bndbox>
	</object>
	<object>
		<name>dish</name>
		<bndbox>
			<xmin>1954</xmin>
			<ymin>798</ymin>
			<xmax>4788</xmax>
			<ymax>3290</ymax>
		</bndbox>
	</object>
	<object>
		<name>삼계탕</name>
		<bndbox>
			<xmin>2231</xmin>
			<ymin>1303</ymin>
			<xmax>4479</xmax>
			<ymax>2589</ymax>
		</bndbox>
	</object>
</annotation>