<annotation>
	<folder>side건더기국류뚝배기q4</folder>
	<filename>side_건더기국류_뚝배기_삼계탕_Q4_00034.JPG</filename>
	<path>/side건더기국류뚝배기삼계탕q4/side_건더기국류_뚝배기_삼계탕_Q4_00034.JPG</path>
	<source>
		<database>fooddata</database>
	</source>
	<size>
		<width>5472</width>
		<height>3648</height>
		<depth>3</depth>
	</size>
	<object>
		<name>ref_spoon</name>
		<bndbox>
			<xmin>1726</xmin>
			<ymin>2964</ymin>
			<xmax>2508</xmax>
			<ymax>3420</ymax>
		</bndbox>
	</object>
	<object>
		<name>ref_fork</name>
		<bndbox>
			<xmin>1791</xmin>
			<ymin>2606</ymin>
			<xmax>2703</xmax>
			<ymax>2948</ymax>
		</bndbox>
	</object>
	<object>
		<name>ref_coin</name>
		<bndbox>
			<xmin>1303</xmin>
			<ymin>1531</ymin>
			<xmax>1629</xmax>
			<ymax>1775</ymax>
		</bndbox>
	</object>
	<object>
		<name>dish</name>
		<bndbox>
			<xmin>2019</xmin>
			<ymin>293</ymin>
			<xmax>4316</xmax>
			<ymax>2313</ymax>
		</bndbox>
	</object>
	<object>
		<name>삼계탕</name>
		<bndbox>
			<xmin>2280</xmin>
			<ymin>717</ymin>
			<xmax>4088</xmax>
			<ymax>1726</ymax>
		</bndbox>
	</object>
</annotation>