<annotation>
	<folder>side건더기국류뚝배기q4</folder>
	<filename>side_건더기국류_뚝배기_삼계탕_Q4_00002.JPG</filename>
	<path>/side건더기국류뚝배기삼계탕q4/side_건더기국류_뚝배기_삼계탕_Q4_00002.JPG</path>
	<source>
		<database>fooddata</database>
	</source>
	<size>
		<width>5472</width>
		<height>3648</height>
		<depth>3</depth>
	</size>
	<object>
		<name>ref_spoon</name>
		<bndbox>
			<xmin>3697</xmin>
			<ymin>928</ymin>
			<xmax>4218</xmax>
			<ymax>1743</ymax>
		</bndbox>
	</object>
	<object>
		<name>ref_fork</name>
		<bndbox>
			<xmin>4544</xmin>
			<ymin>863</ymin>
			<xmax>4951</xmax>
			<ymax>1726</ymax>
		</bndbox>
	</object>
	<object>
		<name>ref_coin</name>
		<bndbox>
			<xmin>3192</xmin>
			<ymin>2915</ymin>
			<xmax>3615</xmax>
			<ymax>3257</ymax>
		</bndbox>
	</object>
	<object>
		<name>dish</name>
		<bndbox>
			<xmin>717</xmin>
			<ymin>423</ymin>
			<xmax>3550</xmax>
			<ymax>2931</ymax>
		</bndbox>
	</object>
	<object>
		<name>삼계탕</name>
		<bndbox>
			<xmin>961</xmin>
			<ymin>782</ymin>
			<xmax>3290</xmax>
			<ymax>2247</ymax>
		</bndbox>
	</object>
</annotation>