<annotation>
	<folder>side건더기국류뚝배기q4</folder>
	<filename>side_건더기국류_뚝배기_삼계탕_Q4_00023.JPG</filename>
	<path>/side건더기국류뚝배기삼계탕q4/side_건더기국류_뚝배기_삼계탕_Q4_00023.JPG</path>
	<source>
		<database>fooddata</database>
	</source>
	<size>
		<width>5472</width>
		<height>3648</height>
		<depth>3</depth>
	</size>
	<object>
		<name>ref_spoon</name>
		<bndbox>
			<xmin>1873</xmin>
			<ymin>3143</ymin>
			<xmax>2671</xmax>
			<ymax>3567</ymax>
		</bndbox>
	</object>
	<object>
		<name>ref_fork</name>
		<bndbox>
			<xmin>1938</xmin>
			<ymin>2785</ymin>
			<xmax>2801</xmax>
			<ymax>3094</ymax>
		</bndbox>
	</object>
	<object>
		<name>ref_coin</name>
		<bndbox>
			<xmin>2361</xmin>
			<ymin>179</ymin>
			<xmax>2638</xmax>
			<ymax>342</ymax>
		</bndbox>
	</object>
	<object>
		<name>dish</name>
		<bndbox>
			<xmin>1857</xmin>
			<ymin>456</ymin>
			<xmax>4137</xmax>
			<ymax>2427</ymax>
		</bndbox>
	</object>
	<object>
		<name>삼계탕</name>
		<bndbox>
			<xmin>2101</xmin>
			<ymin>896</ymin>
			<xmax>3892</xmax>
			<ymax>1889</ymax>
		</bndbox>
	</object>
</annotation>