<annotation>
	<folder>side건더기국류뚝배기q4</folder>
	<filename>side_건더기국류_뚝배기_삼계탕_Q4_00054.JPG</filename>
	<path>/side건더기국류뚝배기삼계탕q4/side_건더기국류_뚝배기_삼계탕_Q4_00054.JPG</path>
	<source>
		<database>fooddata</database>
	</source>
	<size>
		<width>5472</width>
		<height>3648</height>
		<depth>3</depth>
	</size>
	<object>
		<name>ref_spoon</name>
		<bndbox>
			<xmin>733</xmin>
			<ymin>1661</ymin>
			<xmax>1270</xmax>
			<ymax>2573</ymax>
		</bndbox>
	</object>
	<object>
		<name>ref_fork</name>
		<bndbox>
			<xmin>1449</xmin>
			<ymin>1710</ymin>
			<xmax>1808</xmax>
			<ymax>2703</ymax>
		</bndbox>
	</object>
	<object>
		<name>ref_coin</name>
		<bndbox>
			<xmin>2997</xmin>
			<ymin>456</ymin>
			<xmax>3339</xmax>
			<ymax>700</ymax>
		</bndbox>
	</object>
	<object>
		<name>dish</name>
		<bndbox>
			<xmin>2264</xmin>
			<ymin>651</ymin>
			<xmax>5146</xmax>
			<ymax>3159</ymax>
		</bndbox>
	</object>
	<object>
		<name>삼계탕</name>
		<bndbox>
			<xmin>2573</xmin>
			<ymin>1107</ymin>
			<xmax>4853</xmax>
			<ymax>2443</ymax>
		</bndbox>
	</object>
</annotation>