<annotation>
	<folder>재작업1</folder>
	<filename>side_건더기국류_뚝배기_삼계탕_Q4_00044.JPG</filename>
	<path>/side건더기국류뚝배기삼계탕q4/side_건더기국류_뚝배기_삼계탕_Q4_00044.JPG</path>
	<source>
		<database>fooddata</database>
	</source>
	<size>
		<width>5472</width>
		<height>3648</height>
		<depth>3</depth>
	</size>
	<object>
		<name>ref_spoon</name>
		<bndbox>
			<xmin>464</xmin>
			<ymin>1978</ymin>
			<xmax>996</xmax>
			<ymax>2710</ymax>
		</bndbox>
	</object>
	<object>
		<name>ref_fork</name>
		<bndbox>
			<xmin>1187</xmin>
			<ymin>1936</ymin>
			<xmax>1551</xmax>
			<ymax>2743</ymax>
		</bndbox>
	</object>
	<object>
		<name>ref_coin</name>
		<bndbox>
			<xmin>2652</xmin>
			<ymin>639</ymin>
			<xmax>3002</xmax>
			<ymax>882</ymax>
		</bndbox>
	</object>
	<object>
		<name>dish</name>
		<bndbox>
			<xmin>1976</xmin>
			<ymin>924</ymin>
			<xmax>4807</xmax>
			<ymax>3415</ymax>
		</bndbox>
	</object>
	<object>
		<name>삼계탕</name>
		<bndbox>
			<xmin>2242</xmin>
			<ymin>1339</ymin>
			<xmax>4527</xmax>
			<ymax>2696</ymax>
		</bndbox>
	</object>
</annotation>