<annotation>
	<folder>side건더기국류뚝배기q4</folder>
	<filename>side_건더기국류_뚝배기_삼계탕_Q4_00017.JPG</filename>
	<path>/side건더기국류뚝배기삼계탕q4/side_건더기국류_뚝배기_삼계탕_Q4_00017.JPG</path>
	<source>
		<database>fooddata</database>
	</source>
	<size>
		<width>5472</width>
		<height>3648</height>
		<depth>3</depth>
	</size>
	<object>
		<name>ref_spoon</name>
		<bndbox>
			<xmin>3990</xmin>
			<ymin>765</ymin>
			<xmax>4527</xmax>
			<ymax>1596</ymax>
		</bndbox>
	</object>
	<object>
		<name>ref_fork</name>
		<bndbox>
			<xmin>4625</xmin>
			<ymin>700</ymin>
			<xmax>5130</xmax>
			<ymax>1596</ymax>
		</bndbox>
	</object>
	<object>
		<name>ref_coin</name>
		<bndbox>
			<xmin>3567</xmin>
			<ymin>293</ymin>
			<xmax>3925</xmax>
			<ymax>570</ymax>
		</bndbox>
	</object>
	<object>
		<name>dish</name>
		<bndbox>
			<xmin>977</xmin>
			<ymin>489</ymin>
			<xmax>3974</xmax>
			<ymax>3143</ymax>
		</bndbox>
	</object>
	<object>
		<name>삼계탕</name>
		<bndbox>
			<xmin>1303</xmin>
			<ymin>928</ymin>
			<xmax>3648</xmax>
			<ymax>2394</ymax>
		</bndbox>
	</object>
</annotation>