<annotation>
	<folder>top건더기국류뚝배기q4</folder>
	<filename>top_건더기국류_뚝배기_삼계탕_Q4_00021.JPG</filename>
	<path>/top건더기국류뚝배기삼계탕q4/top_건더기국류_뚝배기_삼계탕_Q4_00021.JPG</path>
	<source>
		<database>fooddata</database>
	</source>
	<size>
		<width>5472</width>
		<height>3648</height>
		<depth>3</depth>
	</size>
	<object>
		<name>ref_spoon</name>
		<bndbox>
			<xmin>1817</xmin>
			<ymin>3038</ymin>
			<xmax>2555</xmax>
			<ymax>3515</ymax>
		</bndbox>
	</object>
	<object>
		<name>ref_fork</name>
		<bndbox>
			<xmin>1836</xmin>
			<ymin>2515</ymin>
			<xmax>2626</xmax>
			<ymax>2819</ymax>
		</bndbox>
	</object>
	<object>
		<name>ref_coin</name>
		<bndbox>
			<xmin>3955</xmin>
			<ymin>271</ymin>
			<xmax>4241</xmax>
			<ymax>567</ymax>
		</bndbox>
	</object>
	<object>
		<name>dish</name>
		<bndbox>
			<xmin>1793</xmin>
			<ymin>305</ymin>
			<xmax>4112</xmax>
			<ymax>2557</ymax>
		</bndbox>
	</object>
	<object>
		<name>삼계탕</name>
		<bndbox>
			<xmin>2012</xmin>
			<ymin>619</ymin>
			<xmax>3865</xmax>
			<ymax>2310</ymax>
		</bndbox>
	</object>
</annotation>