<annotation>
	<folder>top건더기국류뚝배기q4</folder>
	<filename>top_건더기국류_뚝배기_삼계탕_Q4_00013.JPG</filename>
	<path>/top건더기국류뚝배기삼계탕q4/top_건더기국류_뚝배기_삼계탕_Q4_00013.JPG</path>
	<source>
		<database>fooddata</database>
	</source>
	<size>
		<width>5472</width>
		<height>3648</height>
		<depth>3</depth>
	</size>
	<object>
		<name>ref_spoon</name>
		<bndbox>
			<xmin>3565</xmin>
			<ymin>576</ymin>
			<xmax>4055</xmax>
			<ymax>1305</ymax>
		</bndbox>
	</object>
	<object>
		<name>ref_fork</name>
		<bndbox>
			<xmin>4279</xmin>
			<ymin>657</ymin>
			<xmax>4603</xmax>
			<ymax>1476</ymax>
		</bndbox>
	</object>
	<object>
		<name>ref_coin</name>
		<bndbox>
			<xmin>2769</xmin>
			<ymin>329</ymin>
			<xmax>3127</xmax>
			<ymax>657</ymax>
		</bndbox>
	</object>
	<object>
		<name>dish</name>
		<bndbox>
			<xmin>421</xmin>
			<ymin>510</ymin>
			<xmax>3227</xmax>
			<ymax>3262</ymax>
		</bndbox>
	</object>
	<object>
		<name>삼계탕</name>
		<bndbox>
			<xmin>693</xmin>
			<ymin>819</ymin>
			<xmax>2974</xmax>
			<ymax>3015</ymax>
		</bndbox>
	</object>
</annotation>