<annotation>
	<folder>top건더기국류뚝배기q4</folder>
	<filename>top_건더기국류_뚝배기_삼계탕_Q4_00002.JPG</filename>
	<path>/top건더기국류뚝배기삼계탕q4/top_건더기국류_뚝배기_삼계탕_Q4_00002.JPG</path>
	<source>
		<database>fooddata</database>
	</source>
	<size>
		<width>5472</width>
		<height>3648</height>
		<depth>3</depth>
	</size>
	<object>
		<name>ref_spoon</name>
		<bndbox>
			<xmin>3669</xmin>
			<ymin>581</ymin>
			<xmax>4179</xmax>
			<ymax>1353</ymax>
		</bndbox>
	</object>
	<object>
		<name>ref_fork</name>
		<bndbox>
			<xmin>4427</xmin>
			<ymin>657</ymin>
			<xmax>4774</xmax>
			<ymax>1533</ymax>
		</bndbox>
	</object>
	<object>
		<name>ref_coin</name>
		<bndbox>
			<xmin>3388</xmin>
			<ymin>2662</ymin>
			<xmax>3760</xmax>
			<ymax>3029</ymax>
		</bndbox>
	</object>
	<object>
		<name>dish</name>
		<bndbox>
			<xmin>783</xmin>
			<ymin>314</ymin>
			<xmax>3674</xmax>
			<ymax>3196</ymax>
		</bndbox>
	</object>
	<object>
		<name>삼계탕</name>
		<bndbox>
			<xmin>1088</xmin>
			<ymin>605</ymin>
			<xmax>3431</xmax>
			<ymax>2896</ymax>
		</bndbox>
	</object>
</annotation>