<annotation>
	<folder>top건더기국류뚝배기q4</folder>
	<filename>top_건더기국류_뚝배기_삼계탕_Q4_00051.JPG</filename>
	<path>/top건더기국류뚝배기삼계탕q4/top_건더기국류_뚝배기_삼계탕_Q4_00051.JPG</path>
	<source>
		<database>fooddata</database>
	</source>
	<size>
		<width>5472</width>
		<height>3648</height>
		<depth>3</depth>
	</size>
	<object>
		<name>ref_spoon</name>
		<bndbox>
			<xmin>250</xmin>
			<ymin>567</ymin>
			<xmax>850</xmax>
			<ymax>1476</ymax>
		</bndbox>
	</object>
	<object>
		<name>ref_fork</name>
		<bndbox>
			<xmin>993</xmin>
			<ymin>643</ymin>
			<xmax>1388</xmax>
			<ymax>1634</ymax>
		</bndbox>
	</object>
	<object>
		<name>ref_coin</name>
		<bndbox>
			<xmin>4736</xmin>
			<ymin>1329</ymin>
			<xmax>5155</xmax>
			<ymax>1748</ymax>
		</bndbox>
	</object>
	<object>
		<name>dish</name>
		<bndbox>
			<xmin>1379</xmin>
			<ymin>262</ymin>
			<xmax>4574</xmax>
			<ymax>3448</ymax>
		</bndbox>
	</object>
	<object>
		<name>삼계탕</name>
		<bndbox>
			<xmin>1707</xmin>
			<ymin>614</ymin>
			<xmax>4246</xmax>
			<ymax>3119</ymax>
		</bndbox>
	</object>
</annotation>