<annotation>
	<folder>top건더기국류뚝배기q4</folder>
	<filename>top_건더기국류_뚝배기_삼계탕_Q4_00036.JPG</filename>
	<path>/top건더기국류뚝배기삼계탕q4/top_건더기국류_뚝배기_삼계탕_Q4_00036.JPG</path>
	<source>
		<database>fooddata</database>
	</source>
	<size>
		<width>5472</width>
		<height>3648</height>
		<depth>3</depth>
	</size>
	<object>
		<name>ref_spoon</name>
		<bndbox>
			<xmin>445</xmin>
			<ymin>719</ymin>
			<xmax>1012</xmax>
			<ymax>1605</ymax>
		</bndbox>
	</object>
	<object>
		<name>ref_fork</name>
		<bndbox>
			<xmin>1141</xmin>
			<ymin>772</ymin>
			<xmax>1536</xmax>
			<ymax>1714</ymax>
		</bndbox>
	</object>
	<object>
		<name>ref_coin</name>
		<bndbox>
			<xmin>4689</xmin>
			<ymin>1153</ymin>
			<xmax>5093</xmax>
			<ymax>1548</ymax>
		</bndbox>
	</object>
	<object>
		<name>dish</name>
		<bndbox>
			<xmin>1560</xmin>
			<ymin>429</ymin>
			<xmax>4627</xmax>
			<ymax>3458</ymax>
		</bndbox>
	</object>
	<object>
		<name>삼계탕</name>
		<bndbox>
			<xmin>1850</xmin>
			<ymin>700</ymin>
			<xmax>4284</xmax>
			<ymax>3157</ymax>
		</bndbox>
	</object>
</annotation>