<annotation>
	<folder>top건더기국류뚝배기q4</folder>
	<filename>top_건더기국류_뚝배기_삼계탕_Q4_00005.JPG</filename>
	<path>/top건더기국류뚝배기삼계탕q4/top_건더기국류_뚝배기_삼계탕_Q4_00005.JPG</path>
	<source>
		<database>fooddata</database>
	</source>
	<size>
		<width>5472</width>
		<height>3648</height>
		<depth>3</depth>
	</size>
	<object>
		<name>ref_spoon</name>
		<bndbox>
			<xmin>3841</xmin>
			<ymin>510</ymin>
			<xmax>4336</xmax>
			<ymax>1267</ymax>
		</bndbox>
	</object>
	<object>
		<name>ref_fork</name>
		<bndbox>
			<xmin>4560</xmin>
			<ymin>619</ymin>
			<xmax>4898</xmax>
			<ymax>1400</ymax>
		</bndbox>
	</object>
	<object>
		<name>ref_coin</name>
		<bndbox>
			<xmin>2250</xmin>
			<ymin>3072</ymin>
			<xmax>2607</xmax>
			<ymax>3448</ymax>
		</bndbox>
	</object>
	<object>
		<name>dish</name>
		<bndbox>
			<xmin>1012</xmin>
			<ymin>229</ymin>
			<xmax>3765</xmax>
			<ymax>2953</ymax>
		</bndbox>
	</object>
	<object>
		<name>삼계탕</name>
		<bndbox>
			<xmin>1298</xmin>
			<ymin>524</ymin>
			<xmax>3498</xmax>
			<ymax>2700</ymax>
		</bndbox>
	</object>
</annotation>