<annotation>
	<folder>top건더기국류뚝배기q4</folder>
	<filename>top_건더기국류_뚝배기_삼계탕_Q4_00022.JPG</filename>
	<path>/top건더기국류뚝배기삼계탕q4/top_건더기국류_뚝배기_삼계탕_Q4_00022.JPG</path>
	<source>
		<database>fooddata</database>
	</source>
	<size>
		<width>5472</width>
		<height>3648</height>
		<depth>3</depth>
	</size>
	<object>
		<name>ref_spoon</name>
		<bndbox>
			<xmin>1869</xmin>
			<ymin>3053</ymin>
			<xmax>2565</xmax>
			<ymax>3496</ymax>
		</bndbox>
	</object>
	<object>
		<name>ref_fork</name>
		<bndbox>
			<xmin>1869</xmin>
			<ymin>2538</ymin>
			<xmax>2579</xmax>
			<ymax>2853</ymax>
		</bndbox>
	</object>
	<object>
		<name>ref_coin</name>
		<bndbox>
			<xmin>3336</xmin>
			<ymin>148</ymin>
			<xmax>3608</xmax>
			<ymax>400</ymax>
		</bndbox>
	</object>
	<object>
		<name>dish</name>
		<bndbox>
			<xmin>1750</xmin>
			<ymin>400</ymin>
			<xmax>3898</xmax>
			<ymax>2495</ymax>
		</bndbox>
	</object>
	<object>
		<name>삼계탕</name>
		<bndbox>
			<xmin>1945</xmin>
			<ymin>638</ymin>
			<xmax>3641</xmax>
			<ymax>2243</ymax>
		</bndbox>
	</object>
</annotation>