<annotation>
	<folder>top건더기국류뚝배기q4</folder>
	<filename>top_건더기국류_뚝배기_삼계탕_Q4_00008.JPG</filename>
	<path>/top건더기국류뚝배기삼계탕q4/top_건더기국류_뚝배기_삼계탕_Q4_00008.JPG</path>
	<source>
		<database>fooddata</database>
	</source>
	<size>
		<width>5472</width>
		<height>3648</height>
		<depth>3</depth>
	</size>
	<object>
		<name>ref_spoon</name>
		<bndbox>
			<xmin>3893</xmin>
			<ymin>591</ymin>
			<xmax>4379</xmax>
			<ymax>1386</ymax>
		</bndbox>
	</object>
	<object>
		<name>ref_fork</name>
		<bndbox>
			<xmin>4608</xmin>
			<ymin>662</ymin>
			<xmax>4922</xmax>
			<ymax>1543</ymax>
		</bndbox>
	</object>
	<object>
		<name>ref_coin</name>
		<bndbox>
			<xmin>560</xmin>
			<ymin>2424</ymin>
			<xmax>936</xmax>
			<ymax>2781</ymax>
		</bndbox>
	</object>
	<object>
		<name>dish</name>
		<bndbox>
			<xmin>1117</xmin>
			<ymin>448</ymin>
			<xmax>3879</xmax>
			<ymax>3205</ymax>
		</bndbox>
	</object>
	<object>
		<name>삼계탕</name>
		<bndbox>
			<xmin>1398</xmin>
			<ymin>738</ymin>
			<xmax>3593</xmax>
			<ymax>2991</ymax>
		</bndbox>
	</object>
</annotation>