<annotation>
	<folder>top건더기국류뚝배기q4</folder>
	<filename>top_건더기국류_뚝배기_삼계탕_Q4_00004.JPG</filename>
	<path>/top건더기국류뚝배기삼계탕q4/top_건더기국류_뚝배기_삼계탕_Q4_00004.JPG</path>
	<source>
		<database>fooddata</database>
	</source>
	<size>
		<width>5472</width>
		<height>3648</height>
		<depth>3</depth>
	</size>
	<object>
		<name>ref_spoon</name>
		<bndbox>
			<xmin>3484</xmin>
			<ymin>571</ymin>
			<xmax>3946</xmax>
			<ymax>1291</ymax>
		</bndbox>
	</object>
	<object>
		<name>ref_fork</name>
		<bndbox>
			<xmin>4165</xmin>
			<ymin>638</ymin>
			<xmax>4493</xmax>
			<ymax>1410</ymax>
		</bndbox>
	</object>
	<object>
		<name>ref_coin</name>
		<bndbox>
			<xmin>2345</xmin>
			<ymin>3062</ymin>
			<xmax>2707</xmax>
			<ymax>3438</ymax>
		</bndbox>
	</object>
	<object>
		<name>dish</name>
		<bndbox>
			<xmin>774</xmin>
			<ymin>305</ymin>
			<xmax>3431</xmax>
			<ymax>2905</ymax>
		</bndbox>
	</object>
	<object>
		<name>삼계탕</name>
		<bndbox>
			<xmin>1050</xmin>
			<ymin>595</ymin>
			<xmax>3103</xmax>
			<ymax>2676</ymax>
		</bndbox>
	</object>
</annotation>