<annotation>
	<folder>side국물면류냉면기떡만둣국q3</folder>
	<filename>side_국물면류_냉면기_떡만둣국_Q3_00034.JPG</filename>
	<path>/side국물면류냉면기떡만둣국q3/side_국물면류_냉면기_떡만둣국_Q3_00034.JPG</path>
	<source>
		<database>fooddata</database>
	</source>
	<size>
		<width>3008</width>
		<height>2000</height>
		<depth>3</depth>
	</size>
	<object>
		<name>ref_spoon</name>
		<bndbox>
			<xmin>441</xmin>
			<ymin>396</ymin>
			<xmax>716</xmax>
			<ymax>777</ymax>
		</bndbox>
	</object>
	<object>
		<name>ref_fork</name>
		<bndbox>
			<xmin>921</xmin>
			<ymin>379</ymin>
			<xmax>1123</xmax>
			<ymax>799</ymax>
		</bndbox>
	</object>
	<object>
		<name>ref_coin</name>
		<bndbox>
			<xmin>1770</xmin>
			<ymin>1690</ymin>
			<xmax>1975</xmax>
			<ymax>1883</ymax>
		</bndbox>
	</object>
	<object>
		<name>dish</name>
		<bndbox>
			<xmin>1161</xmin>
			<ymin>74</ymin>
			<xmax>2669</xmax>
			<ymax>1386</ymax>
		</bndbox>
	</object>
	<object>
		<name>떡만둣국</name>
		<bndbox>
			<xmin>1333</xmin>
			<ymin>494</ymin>
			<xmax>2408</xmax>
			<ymax>1154</ymax>
		</bndbox>
	</object>
</annotation>