<annotation>
	<folder>side국물면류냉면기떡만둣국q3</folder>
	<filename>side_국물면류_냉면기_떡만둣국_Q3_00018.JPG</filename>
	<path>/side국물면류냉면기떡만둣국q3/side_국물면류_냉면기_떡만둣국_Q3_00018.JPG</path>
	<source>
		<database>fooddata</database>
	</source>
	<size>
		<width>3008</width>
		<height>2000</height>
		<depth>3</depth>
	</size>
	<object>
		<name>ref_spoon</name>
		<bndbox>
			<xmin>810</xmin>
			<ymin>1626</ymin>
			<xmax>1221</xmax>
			<ymax>1878</ymax>
		</bndbox>
	</object>
	<object>
		<name>ref_fork</name>
		<bndbox>
			<xmin>934</xmin>
			<ymin>1394</ymin>
			<xmax>1384</xmax>
			<ymax>1621</ymax>
		</bndbox>
	</object>
	<object>
		<name>ref_coin</name>
		<bndbox>
			<xmin>1410</xmin>
			<ymin>53</ymin>
			<xmax>1543</xmax>
			<ymax>152</ymax>
		</bndbox>
	</object>
	<object>
		<name>dish</name>
		<bndbox>
			<xmin>1028</xmin>
			<ymin>246</ymin>
			<xmax>2280</xmax>
			<ymax>1300</ymax>
		</bndbox>
	</object>
	<object>
		<name>떡만둣국</name>
		<bndbox>
			<xmin>1174</xmin>
			<ymin>529</ymin>
			<xmax>2074</xmax>
			<ymax>1086</ymax>
		</bndbox>
	</object>
</annotation>