<annotation>
	<folder>side국물면류냉면기떡만둣국q3</folder>
	<filename>side_국물면류_냉면기_떡만둣국_Q3_00015.JPG</filename>
	<path>/side국물면류냉면기떡만둣국q3/side_국물면류_냉면기_떡만둣국_Q3_00015.JPG</path>
	<source>
		<database>fooddata</database>
	</source>
	<size>
		<width>3008</width>
		<height>2000</height>
		<depth>3</depth>
	</size>
	<object>
		<name>ref_spoon</name>
		<bndbox>
			<xmin>690</xmin>
			<ymin>1518</ymin>
			<xmax>1118</xmax>
			<ymax>1771</ymax>
		</bndbox>
	</object>
	<object>
		<name>ref_fork</name>
		<bndbox>
			<xmin>814</xmin>
			<ymin>1291</ymin>
			<xmax>1277</xmax>
			<ymax>1510</ymax>
		</bndbox>
	</object>
	<object>
		<name>ref_coin</name>
		<bndbox>
			<xmin>446</xmin>
			<ymin>717</ymin>
			<xmax>613</xmax>
			<ymax>841</ymax>
		</bndbox>
	</object>
	<object>
		<name>dish</name>
		<bndbox>
			<xmin>870</xmin>
			<ymin>109</ymin>
			<xmax>2125</xmax>
			<ymax>1167</ymax>
		</bndbox>
	</object>
	<object>
		<name>떡만둣국</name>
		<bndbox>
			<xmin>1028</xmin>
			<ymin>417</ymin>
			<xmax>1941</xmax>
			<ymax>949</ymax>
		</bndbox>
	</object>
</annotation>