<annotation>
	<folder>side국물면류냉면기떡만둣국q3</folder>
	<filename>side_국물면류_냉면기_떡만둣국_Q3_00046.JPG</filename>
	<path>/side국물면류냉면기떡만둣국q3/side_국물면류_냉면기_떡만둣국_Q3_00046.JPG</path>
	<source>
		<database>fooddata</database>
	</source>
	<size>
		<width>3008</width>
		<height>2000</height>
		<depth>3</depth>
	</size>
	<object>
		<name>ref_spoon</name>
		<bndbox>
			<xmin>540</xmin>
			<ymin>370</ymin>
			<xmax>780</xmax>
			<ymax>713</ymax>
		</bndbox>
	</object>
	<object>
		<name>ref_fork</name>
		<bndbox>
			<xmin>853</xmin>
			<ymin>396</ymin>
			<xmax>1024</xmax>
			<ymax>764</ymax>
		</bndbox>
	</object>
	<object>
		<name>ref_coin</name>
		<bndbox>
			<xmin>1294</xmin>
			<ymin>1566</ymin>
			<xmax>1478</xmax>
			<ymax>1728</ymax>
		</bndbox>
	</object>
	<object>
		<name>dish</name>
		<bndbox>
			<xmin>1093</xmin>
			<ymin>147</ymin>
			<xmax>2400</xmax>
			<ymax>1291</ymax>
		</bndbox>
	</object>
	<object>
		<name>떡만둣국</name>
		<bndbox>
			<xmin>1208</xmin>
			<ymin>520</ymin>
			<xmax>2202</xmax>
			<ymax>1094</ymax>
		</bndbox>
	</object>
</annotation>