<annotation>
	<folder>side국물면류냉면기떡만둣국q3</folder>
	<filename>side_국물면류_냉면기_떡만둣국_Q3_00020.JPG</filename>
	<path>/side국물면류냉면기떡만둣국q3/side_국물면류_냉면기_떡만둣국_Q3_00020.JPG</path>
	<source>
		<database>fooddata</database>
	</source>
	<size>
		<width>3008</width>
		<height>2000</height>
		<depth>3</depth>
	</size>
	<object>
		<name>ref_spoon</name>
		<bndbox>
			<xmin>501</xmin>
			<ymin>1604</ymin>
			<xmax>951</xmax>
			<ymax>1874</ymax>
		</bndbox>
	</object>
	<object>
		<name>ref_fork</name>
		<bndbox>
			<xmin>643</xmin>
			<ymin>1351</ymin>
			<xmax>1123</xmax>
			<ymax>1596</ymax>
		</bndbox>
	</object>
	<object>
		<name>ref_coin</name>
		<bndbox>
			<xmin>2061</xmin>
			<ymin>293</ymin>
			<xmax>2224</xmax>
			<ymax>417</ymax>
		</bndbox>
	</object>
	<object>
		<name>dish</name>
		<bndbox>
			<xmin>626</xmin>
			<ymin>92</ymin>
			<xmax>1997</xmax>
			<ymax>1253</ymax>
		</bndbox>
	</object>
	<object>
		<name>떡만둣국</name>
		<bndbox>
			<xmin>810</xmin>
			<ymin>452</ymin>
			<xmax>1800</xmax>
			<ymax>1026</ymax>
		</bndbox>
	</object>
</annotation>