<annotation>
	<folder>side국물면류냉면기떡만둣국q3</folder>
	<filename>side_국물면류_냉면기_떡만둣국_Q3_00050.JPG</filename>
	<path>/side국물면류냉면기떡만둣국q3/side_국물면류_냉면기_떡만둣국_Q3_00050.JPG</path>
	<source>
		<database>fooddata</database>
	</source>
	<size>
		<width>3008</width>
		<height>2000</height>
		<depth>3</depth>
	</size>
	<object>
		<name>ref_spoon</name>
		<bndbox>
			<xmin>257</xmin>
			<ymin>460</ymin>
			<xmax>527</xmax>
			<ymax>846</ymax>
		</bndbox>
	</object>
	<object>
		<name>ref_fork</name>
		<bndbox>
			<xmin>613</xmin>
			<ymin>482</ymin>
			<xmax>801</xmax>
			<ymax>910</ymax>
		</bndbox>
	</object>
	<object>
		<name>ref_coin</name>
		<bndbox>
			<xmin>2644</xmin>
			<ymin>1150</ymin>
			<xmax>2841</xmax>
			<ymax>1313</ymax>
		</bndbox>
	</object>
	<object>
		<name>dish</name>
		<bndbox>
			<xmin>956</xmin>
			<ymin>173</ymin>
			<xmax>2451</xmax>
			<ymax>1480</ymax>
		</bndbox>
	</object>
	<object>
		<name>떡만둣국</name>
		<bndbox>
			<xmin>1144</xmin>
			<ymin>563</ymin>
			<xmax>2181</xmax>
			<ymax>1244</ymax>
		</bndbox>
	</object>
</annotation>