<annotation>
	<folder>side국물면류냉면기떡만둣국q3</folder>
	<filename>side_국물면류_냉면기_떡만둣국_Q3_00009.JPG</filename>
	<path>/side국물면류냉면기떡만둣국q3/side_국물면류_냉면기_떡만둣국_Q3_00009.JPG</path>
	<source>
		<database>fooddata</database>
	</source>
	<size>
		<width>3008</width>
		<height>2000</height>
		<depth>3</depth>
	</size>
	<object>
		<name>ref_spoon</name>
		<bndbox>
			<xmin>2185</xmin>
			<ymin>563</ymin>
			<xmax>2447</xmax>
			<ymax>953</ymax>
		</bndbox>
	</object>
	<object>
		<name>ref_fork</name>
		<bndbox>
			<xmin>2575</xmin>
			<ymin>661</ymin>
			<xmax>2764</xmax>
			<ymax>1103</ymax>
		</bndbox>
	</object>
	<object>
		<name>ref_coin</name>
		<bndbox>
			<xmin>159</xmin>
			<ymin>417</ymin>
			<xmax>339</xmax>
			<ymax>550</ymax>
		</bndbox>
	</object>
	<object>
		<name>dish</name>
		<bndbox>
			<xmin>604</xmin>
			<ymin>122</ymin>
			<xmax>2125</xmax>
			<ymax>1428</ymax>
		</bndbox>
	</object>
	<object>
		<name>떡만둣국</name>
		<bndbox>
			<xmin>806</xmin>
			<ymin>533</ymin>
			<xmax>1971</xmax>
			<ymax>1184</ymax>
		</bndbox>
	</object>
</annotation>