<annotation>
	<folder>side국물면류냉면기떡만둣국q3</folder>
	<filename>side_국물면류_냉면기_떡만둣국_Q3_00011.JPG</filename>
	<path>/side국물면류냉면기떡만둣국q3/side_국물면류_냉면기_떡만둣국_Q3_00011.JPG</path>
	<source>
		<database>fooddata</database>
	</source>
	<size>
		<width>3008</width>
		<height>2000</height>
		<depth>3</depth>
	</size>
	<object>
		<name>ref_spoon</name>
		<bndbox>
			<xmin>2117</xmin>
			<ymin>854</ymin>
			<xmax>2382</xmax>
			<ymax>1236</ymax>
		</bndbox>
	</object>
	<object>
		<name>ref_fork</name>
		<bndbox>
			<xmin>2507</xmin>
			<ymin>957</ymin>
			<xmax>2699</xmax>
			<ymax>1394</ymax>
		</bndbox>
	</object>
	<object>
		<name>ref_coin</name>
		<bndbox>
			<xmin>866</xmin>
			<ymin>284</ymin>
			<xmax>1033</xmax>
			<ymax>404</ymax>
		</bndbox>
	</object>
	<object>
		<name>dish</name>
		<bndbox>
			<xmin>570</xmin>
			<ymin>392</ymin>
			<xmax>2082</xmax>
			<ymax>1698</ymax>
		</bndbox>
	</object>
	<object>
		<name>떡만둣국</name>
		<bndbox>
			<xmin>754</xmin>
			<ymin>756</ymin>
			<xmax>1894</xmax>
			<ymax>1450</ymax>
		</bndbox>
	</object>
</annotation>