<annotation>
	<folder>top국물면류냉면기떡만두국q3</folder>
	<filename>top_국물면류_냉면기_떡만둣국_Q3_00038.JPG</filename>
	<path>/top국물면류냉면기떡만둣국q3/top_국물면류_냉면기_떡만둣국_Q3_00038.JPG</path>
	<source>
		<database>fooddata</database>
	</source>
	<size>
		<width>3008</width>
		<height>2000</height>
		<depth>3</depth>
	</size>
	<object>
		<name>ref_spoon</name>
		<bndbox>
			<xmin>299</xmin>
			<ymin>54</ymin>
			<xmax>538</xmax>
			<ymax>425</ymax>
		</bndbox>
	</object>
	<object>
		<name>ref_fork</name>
		<bndbox>
			<xmin>618</xmin>
			<ymin>73</ymin>
			<xmax>778</xmax>
			<ymax>490</ymax>
		</bndbox>
	</object>
	<object>
		<name>ref_coin</name>
		<bndbox>
			<xmin>1243</xmin>
			<ymin>1648</ymin>
			<xmax>1410</xmax>
			<ymax>1815</ymax>
		</bndbox>
	</object>
	<object>
		<name>dish</name>
		<bndbox>
			<xmin>1072</xmin>
			<ymin>290</ymin>
			<xmax>2390</xmax>
			<ymax>1597</ymax>
		</bndbox>
	</object>
	<object>
		<name>떡만둣국</name>
		<bndbox>
			<xmin>1225</xmin>
			<ymin>486</ymin>
			<xmax>2208</xmax>
			<ymax>1470</ymax>
		</bndbox>
	</object>
</annotation>