<annotation>
	<folder>top국물면류냉면기떡만두국q3</folder>
	<filename>top_국물면류_냉면기_떡만둣국_Q3_00023.JPG</filename>
	<path>/top국물면류냉면기떡만둣국q3/top_국물면류_냉면기_떡만둣국_Q3_00023.JPG</path>
	<source>
		<database>fooddata</database>
	</source>
	<size>
		<width>3008</width>
		<height>2000</height>
		<depth>3</depth>
	</size>
	<object>
		<name>ref_spoon</name>
		<bndbox>
			<xmin>676</xmin>
			<ymin>1623</ymin>
			<xmax>1076</xmax>
			<ymax>1858</ymax>
		</bndbox>
	</object>
	<object>
		<name>ref_fork</name>
		<bndbox>
			<xmin>760</xmin>
			<ymin>1419</ymin>
			<xmax>1185</xmax>
			<ymax>1579</ymax>
		</bndbox>
	</object>
	<object>
		<name>ref_coin</name>
		<bndbox>
			<xmin>2041</xmin>
			<ymin>65</ymin>
			<xmax>2201</xmax>
			<ymax>225</ymax>
		</bndbox>
	</object>
	<object>
		<name>dish</name>
		<bndbox>
			<xmin>764</xmin>
			<ymin>127</ymin>
			<xmax>2056</xmax>
			<ymax>1423</ymax>
		</bndbox>
	</object>
	<object>
		<name>떡만둣국</name>
		<bndbox>
			<xmin>927</xmin>
			<ymin>348</ymin>
			<xmax>1896</xmax>
			<ymax>1292</ymax>
		</bndbox>
	</object>
</annotation>