<annotation>
	<folder>top국물면류냉면기떡만두국q3</folder>
	<filename>top_국물면류_냉면기_떡만둣국_Q3_00004.JPG</filename>
	<path>/top국물면류냉면기떡만둣국q3/top_국물면류_냉면기_떡만둣국_Q3_00004.JPG</path>
	<source>
		<database>fooddata</database>
	</source>
	<size>
		<width>3008</width>
		<height>2000</height>
		<depth>3</depth>
	</size>
	<object>
		<name>ref_spoon</name>
		<bndbox>
			<xmin>1932</xmin>
			<ymin>283</ymin>
			<xmax>2201</xmax>
			<ymax>719</ymax>
		</bndbox>
	</object>
	<object>
		<name>ref_fork</name>
		<bndbox>
			<xmin>2288</xmin>
			<ymin>323</ymin>
			<xmax>2466</xmax>
			<ymax>780</ymax>
		</bndbox>
	</object>
	<object>
		<name>ref_coin</name>
		<bndbox>
			<xmin>433</xmin>
			<ymin>1495</ymin>
			<xmax>633</xmax>
			<ymax>1695</ymax>
		</bndbox>
	</object>
	<object>
		<name>dish</name>
		<bndbox>
			<xmin>393</xmin>
			<ymin>58</ymin>
			<xmax>1943</xmax>
			<ymax>1575</ymax>
		</bndbox>
	</object>
	<object>
		<name>떡만둣국</name>
		<bndbox>
			<xmin>589</xmin>
			<ymin>279</ymin>
			<xmax>1791</xmax>
			<ymax>1459</ymax>
		</bndbox>
	</object>
</annotation>