<annotation>
	<folder>top국물면류냉면기떡만두국q3</folder>
	<filename>top_국물면류_냉면기_떡만둣국_Q3_00036.JPG</filename>
	<path>/top국물면류냉면기떡만둣국q3/top_국물면류_냉면기_떡만둣국_Q3_00036.JPG</path>
	<source>
		<database>fooddata</database>
	</source>
	<size>
		<width>3008</width>
		<height>2000</height>
		<depth>3</depth>
	</size>
	<object>
		<name>ref_spoon</name>
		<bndbox>
			<xmin>252</xmin>
			<ymin>203</ymin>
			<xmax>502</xmax>
			<ymax>603</ymax>
		</bndbox>
	</object>
	<object>
		<name>ref_fork</name>
		<bndbox>
			<xmin>578</xmin>
			<ymin>225</ymin>
			<xmax>749</xmax>
			<ymax>646</ymax>
		</bndbox>
	</object>
	<object>
		<name>ref_coin</name>
		<bndbox>
			<xmin>836</xmin>
			<ymin>1216</ymin>
			<xmax>1014</xmax>
			<ymax>1394</ymax>
		</bndbox>
	</object>
	<object>
		<name>dish</name>
		<bndbox>
			<xmin>1076</xmin>
			<ymin>454</ymin>
			<xmax>2455</xmax>
			<ymax>1837</ymax>
		</bndbox>
	</object>
	<object>
		<name>떡만둣국</name>
		<bndbox>
			<xmin>1228</xmin>
			<ymin>526</ymin>
			<xmax>2274</xmax>
			<ymax>1673</ymax>
		</bndbox>
	</object>
</annotation>