<annotation>
	<folder>top국물면류냉면기떡만두국q3</folder>
	<filename>top_국물면류_냉면기_떡만둣국_Q3_00002.JPG</filename>
	<path>/top국물면류냉면기떡만둣국q3/top_국물면류_냉면기_떡만둣국_Q3_00002.JPG</path>
	<source>
		<database>fooddata</database>
	</source>
	<size>
		<width>3008</width>
		<height>2000</height>
		<depth>3</depth>
	</size>
	<object>
		<name>ref_spoon</name>
		<bndbox>
			<xmin>2001</xmin>
			<ymin>240</ymin>
			<xmax>2263</xmax>
			<ymax>664</ymax>
		</bndbox>
	</object>
	<object>
		<name>ref_fork</name>
		<bndbox>
			<xmin>2368</xmin>
			<ymin>269</ymin>
			<xmax>2546</xmax>
			<ymax>722</ymax>
		</bndbox>
	</object>
	<object>
		<name>ref_coin</name>
		<bndbox>
			<xmin>1326</xmin>
			<ymin>1666</ymin>
			<xmax>1519</xmax>
			<ymax>1862</ymax>
		</bndbox>
	</object>
	<object>
		<name>dish</name>
		<bndbox>
			<xmin>411</xmin>
			<ymin>44</ymin>
			<xmax>1950</xmax>
			<ymax>1561</ymax>
		</bndbox>
	</object>
	<object>
		<name>떡만둣국</name>
		<bndbox>
			<xmin>611</xmin>
			<ymin>279</ymin>
			<xmax>1823</xmax>
			<ymax>1441</ymax>
		</bndbox>
	</object>
</annotation>