<annotation>
	<folder>top국물면류냉면기떡만두국q3</folder>
	<filename>top_국물면류_냉면기_떡만둣국_Q3_00043.JPG</filename>
	<path>/top국물면류냉면기떡만둣국q3/top_국물면류_냉면기_떡만둣국_Q3_00043.JPG</path>
	<source>
		<database>fooddata</database>
	</source>
	<size>
		<width>3008</width>
		<height>2000</height>
		<depth>3</depth>
	</size>
	<object>
		<name>ref_spoon</name>
		<bndbox>
			<xmin>205</xmin>
			<ymin>254</ymin>
			<xmax>462</xmax>
			<ymax>682</ymax>
		</bndbox>
	</object>
	<object>
		<name>ref_fork</name>
		<bndbox>
			<xmin>557</xmin>
			<ymin>279</ymin>
			<xmax>738</xmax>
			<ymax>733</ymax>
		</bndbox>
	</object>
	<object>
		<name>ref_coin</name>
		<bndbox>
			<xmin>2538</xmin>
			<ymin>1143</ymin>
			<xmax>2724</xmax>
			<ymax>1332</ymax>
		</bndbox>
	</object>
	<object>
		<name>dish</name>
		<bndbox>
			<xmin>898</xmin>
			<ymin>330</ymin>
			<xmax>2408</xmax>
			<ymax>1826</ymax>
		</bndbox>
	</object>
	<object>
		<name>떡만둣국</name>
		<bndbox>
			<xmin>1061</xmin>
			<ymin>574</ymin>
			<xmax>2244</xmax>
			<ymax>1659</ymax>
		</bndbox>
	</object>
</annotation>