<annotation>
	<folder>top국물면류냉면기떡만두국q3</folder>
	<filename>top_국물면류_냉면기_떡만둣국_Q3_00039.JPG</filename>
	<path>/top국물면류냉면기떡만둣국q3/top_국물면류_냉면기_떡만둣국_Q3_00039.JPG</path>
	<source>
		<database>fooddata</database>
	</source>
	<size>
		<width>3008</width>
		<height>2000</height>
		<depth>3</depth>
	</size>
	<object>
		<name>ref_spoon</name>
		<bndbox>
			<xmin>270</xmin>
			<ymin>69</ymin>
			<xmax>513</xmax>
			<ymax>450</ymax>
		</bndbox>
	</object>
	<object>
		<name>ref_fork</name>
		<bndbox>
			<xmin>586</xmin>
			<ymin>87</ymin>
			<xmax>749</xmax>
			<ymax>505</ymax>
		</bndbox>
	</object>
	<object>
		<name>ref_coin</name>
		<bndbox>
			<xmin>1548</xmin>
			<ymin>1728</ymin>
			<xmax>1711</xmax>
			<ymax>1891</ymax>
		</bndbox>
	</object>
	<object>
		<name>dish</name>
		<bndbox>
			<xmin>1039</xmin>
			<ymin>283</ymin>
			<xmax>2357</xmax>
			<ymax>1593</ymax>
		</bndbox>
	</object>
	<object>
		<name>떡만둣국</name>
		<bndbox>
			<xmin>1225</xmin>
			<ymin>486</ymin>
			<xmax>2186</xmax>
			<ymax>1474</ymax>
		</bndbox>
	</object>
</annotation>