<annotation>
	<folder>top국물면류냉면기떡만두국q3</folder>
	<filename>top_국물면류_냉면기_떡만둣국_Q3_00045.JPG</filename>
	<path>/top국물면류냉면기떡만둣국q3/top_국물면류_냉면기_떡만둣국_Q3_00045.JPG</path>
	<source>
		<database>fooddata</database>
	</source>
	<size>
		<width>3008</width>
		<height>2000</height>
		<depth>3</depth>
	</size>
	<object>
		<name>ref_spoon</name>
		<bndbox>
			<xmin>339</xmin>
			<ymin>120</ymin>
			<xmax>615</xmax>
			<ymax>566</ymax>
		</bndbox>
	</object>
	<object>
		<name>ref_fork</name>
		<bndbox>
			<xmin>709</xmin>
			<ymin>142</ymin>
			<xmax>887</xmax>
			<ymax>621</ymax>
		</bndbox>
	</object>
	<object>
		<name>ref_coin</name>
		<bndbox>
			<xmin>2491</xmin>
			<ymin>265</ymin>
			<xmax>2680</xmax>
			<ymax>450</ymax>
		</bndbox>
	</object>
	<object>
		<name>dish</name>
		<bndbox>
			<xmin>916</xmin>
			<ymin>290</ymin>
			<xmax>2502</xmax>
			<ymax>1866</ymax>
		</bndbox>
	</object>
	<object>
		<name>떡만둣국</name>
		<bndbox>
			<xmin>1097</xmin>
			<ymin>530</ymin>
			<xmax>2397</xmax>
			<ymax>1659</ymax>
		</bndbox>
	</object>
</annotation>