<annotation>
	<folder>top국물면류냉면기떡만두국q3</folder>
	<filename>top_국물면류_냉면기_떡만둣국_Q3_00014.JPG</filename>
	<path>/top국물면류냉면기떡만둣국q3/top_국물면류_냉면기_떡만둣국_Q3_00014.JPG</path>
	<source>
		<database>fooddata</database>
	</source>
	<size>
		<width>3008</width>
		<height>2000</height>
		<depth>3</depth>
	</size>
	<object>
		<name>ref_spoon</name>
		<bndbox>
			<xmin>2168</xmin>
			<ymin>348</ymin>
			<xmax>2415</xmax>
			<ymax>751</ymax>
		</bndbox>
	</object>
	<object>
		<name>ref_fork</name>
		<bndbox>
			<xmin>2499</xmin>
			<ymin>367</ymin>
			<xmax>2666</xmax>
			<ymax>802</ymax>
		</bndbox>
	</object>
	<object>
		<name>ref_coin</name>
		<bndbox>
			<xmin>1834</xmin>
			<ymin>1013</ymin>
			<xmax>2012</xmax>
			<ymax>1198</ymax>
		</bndbox>
	</object>
	<object>
		<name>dish</name>
		<bndbox>
			<xmin>284</xmin>
			<ymin>356</ymin>
			<xmax>1733</xmax>
			<ymax>1789</ymax>
		</bndbox>
	</object>
	<object>
		<name>떡만둣국</name>
		<bndbox>
			<xmin>451</xmin>
			<ymin>548</ymin>
			<xmax>1591</xmax>
			<ymax>1652</ymax>
		</bndbox>
	</object>
</annotation>