<annotation>
	<folder>top국물면류냉면기떡만두국q3</folder>
	<filename>top_국물면류_냉면기_떡만둣국_Q3_00049.JPG</filename>
	<path>/top국물면류냉면기떡만둣국q3/top_국물면류_냉면기_떡만둣국_Q3_00049.JPG</path>
	<source>
		<database>fooddata</database>
	</source>
	<size>
		<width>3008</width>
		<height>2000</height>
		<depth>3</depth>
	</size>
	<object>
		<name>ref_spoon</name>
		<bndbox>
			<xmin>255</xmin>
			<ymin>200</ymin>
			<xmax>517</xmax>
			<ymax>606</ymax>
		</bndbox>
	</object>
	<object>
		<name>ref_fork</name>
		<bndbox>
			<xmin>593</xmin>
			<ymin>225</ymin>
			<xmax>764</xmax>
			<ymax>675</ymax>
		</bndbox>
	</object>
	<object>
		<name>ref_coin</name>
		<bndbox>
			<xmin>847</xmin>
			<ymin>1590</ymin>
			<xmax>1039</xmax>
			<ymax>1782</ymax>
		</bndbox>
	</object>
	<object>
		<name>dish</name>
		<bndbox>
			<xmin>912</xmin>
			<ymin>356</ymin>
			<xmax>2357</xmax>
			<ymax>1811</ymax>
		</bndbox>
	</object>
	<object>
		<name>떡만둣국</name>
		<bndbox>
			<xmin>1025</xmin>
			<ymin>595</ymin>
			<xmax>2205</xmax>
			<ymax>1691</ymax>
		</bndbox>
	</object>
</annotation>