<annotation>
	<folder>top국물면류냉면기떡만두국q3</folder>
	<filename>top_국물면류_냉면기_떡만둣국_Q3_00032.JPG</filename>
	<path>/top국물면류냉면기떡만둣국q3/top_국물면류_냉면기_떡만둣국_Q3_00032.JPG</path>
	<source>
		<database>fooddata</database>
	</source>
	<size>
		<width>3008</width>
		<height>2000</height>
		<depth>3</depth>
	</size>
	<object>
		<name>ref_spoon</name>
		<bndbox>
			<xmin>727</xmin>
			<ymin>1590</ymin>
			<xmax>1116</xmax>
			<ymax>1833</ymax>
		</bndbox>
	</object>
	<object>
		<name>ref_fork</name>
		<bndbox>
			<xmin>822</xmin>
			<ymin>1390</ymin>
			<xmax>1217</xmax>
			<ymax>1557</ymax>
		</bndbox>
	</object>
	<object>
		<name>ref_coin</name>
		<bndbox>
			<xmin>538</xmin>
			<ymin>1285</ymin>
			<xmax>709</xmax>
			<ymax>1456</ymax>
		</bndbox>
	</object>
	<object>
		<name>dish</name>
		<bndbox>
			<xmin>978</xmin>
			<ymin>83</ymin>
			<xmax>2266</xmax>
			<ymax>1358</ymax>
		</bndbox>
	</object>
	<object>
		<name>떡만둣국</name>
		<bndbox>
			<xmin>1127</xmin>
			<ymin>298</ymin>
			<xmax>2070</xmax>
			<ymax>1249</ymax>
		</bndbox>
	</object>
</annotation>