<annotation>
	<folder>my-project-name</folder>
	<filename>side_기타튀김_접시_채소튀김_Q3_00037.JPG</filename>
	<path>/side기타튀김접시채소튀김q3/side_기타튀김_접시_채소튀김_Q3_00037.JPG</path>
	<source>
		<database>fooddata</database>
	</source>
	<size>
		<width>720</width>
		<height>480</height>
		<depth>3</depth>
	</size>
	<object>
		<name>ref_spoon</name>
		<bndbox>
			<xmin>148</xmin>
			<ymin>54</ymin>
			<xmax>219</xmax>
			<ymax>147</ymax>
		</bndbox>
	</object>
	<object>
		<name>ref_fork</name>
		<bndbox>
			<xmin>242</xmin>
			<ymin>57</ymin>
			<xmax>288</xmax>
			<ymax>164</ymax>
		</bndbox>
	</object>
	<object>
		<name>ref_coin</name>
		<bndbox>
			<xmin>392</xmin>
			<ymin>316</ymin>
			<xmax>446</xmax>
			<ymax>361</ymax>
		</bndbox>
	</object>
	<object>
		<name>dish</name>
		<bndbox>
			<xmin>315</xmin>
			<ymin>65</ymin>
			<xmax>605</xmax>
			<ymax>272</ymax>
		</bndbox>
	</object>
	<object>
		<name>채소튀김</name>
		<bndbox>
			<xmin>376</xmin>
			<ymin>102</ymin>
			<xmax>566</xmax>
			<ymax>217</ymax>
		</bndbox>
	</object>
</annotation>