<annotation>
	<folder>my-project-name</folder>
	<filename>side_기타튀김_접시_채소튀김_Q3_00033.JPG</filename>
	<path>/side기타튀김접시채소튀김q3/side_기타튀김_접시_채소튀김_Q3_00033.JPG</path>
	<source>
		<database>fooddata</database>
	</source>
	<size>
		<width>720</width>
		<height>480</height>
		<depth>3</depth>
	</size>
	<object>
		<name>ref_spoon</name>
		<bndbox>
			<xmin>211</xmin>
			<ymin>365</ymin>
			<xmax>333</xmax>
			<ymax>432</ymax>
		</bndbox>
	</object>
	<object>
		<name>ref_fork</name>
		<bndbox>
			<xmin>214</xmin>
			<ymin>303</ymin>
			<xmax>343</xmax>
			<ymax>358</ymax>
		</bndbox>
	</object>
	<object>
		<name>ref_coin</name>
		<bndbox>
			<xmin>119</xmin>
			<ymin>130</ymin>
			<xmax>169</xmax>
			<ymax>168</ymax>
		</bndbox>
	</object>
	<object>
		<name>dish</name>
		<bndbox>
			<xmin>244</xmin>
			<ymin>74</ymin>
			<xmax>532</xmax>
			<ymax>282</ymax>
		</bndbox>
	</object>
	<object>
		<name>채소튀김</name>
		<bndbox>
			<xmin>297</xmin>
			<ymin>106</ymin>
			<xmax>483</xmax>
			<ymax>251</ymax>
		</bndbox>
	</object>
</annotation>