<annotation>
	<folder>my-project-name</folder>
	<filename>side_기타튀김_접시_채소튀김_Q3_00011.JPG</filename>
	<path>/side기타튀김접시채소튀김q3/side_기타튀김_접시_채소튀김_Q3_00011.JPG</path>
	<source>
		<database>fooddata</database>
	</source>
	<size>
		<width>720</width>
		<height>480</height>
		<depth>3</depth>
	</size>
	<object>
		<name>ref_spoon</name>
		<bndbox>
			<xmin>480</xmin>
			<ymin>143</ymin>
			<xmax>550</xmax>
			<ymax>239</ymax>
		</bndbox>
	</object>
	<object>
		<name>ref_fork</name>
		<bndbox>
			<xmin>591</xmin>
			<ymin>154</ymin>
			<xmax>638</xmax>
			<ymax>262</ymax>
		</bndbox>
	</object>
	<object>
		<name>ref_coin</name>
		<bndbox>
			<xmin>140</xmin>
			<ymin>169</ymin>
			<xmax>190</xmax>
			<ymax>205</ymax>
		</bndbox>
	</object>
	<object>
		<name>dish</name>
		<bndbox>
			<xmin>174</xmin>
			<ymin>190</ymin>
			<xmax>473</xmax>
			<ymax>409</ymax>
		</bndbox>
	</object>
	<object>
		<name>채소튀김</name>
		<bndbox>
			<xmin>225</xmin>
			<ymin>220</ymin>
			<xmax>414</xmax>
			<ymax>366</ymax>
		</bndbox>
	</object>
</annotation>