<annotation>
	<folder>my-project-name</folder>
	<filename>side_기타튀김_접시_채소튀김_Q3_00046.JPG</filename>
	<path>/side기타튀김접시채소튀김q3/side_기타튀김_접시_채소튀김_Q3_00046.JPG</path>
	<source>
		<database>fooddata</database>
	</source>
	<size>
		<width>720</width>
		<height>480</height>
		<depth>3</depth>
	</size>
	<object>
		<name>ref_spoon</name>
		<bndbox>
			<xmin>79</xmin>
			<ymin>79</ymin>
			<xmax>152</xmax>
			<ymax>173</ymax>
		</bndbox>
	</object>
	<object>
		<name>ref_fork</name>
		<bndbox>
			<xmin>177</xmin>
			<ymin>82</ymin>
			<xmax>224</xmax>
			<ymax>192</ymax>
		</bndbox>
	</object>
	<object>
		<name>ref_coin</name>
		<bndbox>
			<xmin>308</xmin>
			<ymin>52</ymin>
			<xmax>356</xmax>
			<ymax>87</ymax>
		</bndbox>
	</object>
	<object>
		<name>dish</name>
		<bndbox>
			<xmin>252</xmin>
			<ymin>90</ymin>
			<xmax>546</xmax>
			<ymax>299</ymax>
		</bndbox>
	</object>
	<object>
		<name>채소튀김</name>
		<bndbox>
			<xmin>362</xmin>
			<ymin>113</ymin>
			<xmax>522</xmax>
			<ymax>237</ymax>
		</bndbox>
	</object>
</annotation>