<annotation>
	<folder>my-project-name</folder>
	<filename>side_기타튀김_접시_채소튀김_Q3_00054.JPG</filename>
	<path>/side기타튀김접시채소튀김q3/side_기타튀김_접시_채소튀김_Q3_00054.JPG</path>
	<source>
		<database>fooddata</database>
	</source>
	<size>
		<width>720</width>
		<height>480</height>
		<depth>3</depth>
	</size>
	<object>
		<name>ref_spoon</name>
		<bndbox>
			<xmin>108</xmin>
			<ymin>22</ymin>
			<xmax>180</xmax>
			<ymax>122</ymax>
		</bndbox>
	</object>
	<object>
		<name>ref_fork</name>
		<bndbox>
			<xmin>204</xmin>
			<ymin>27</ymin>
			<xmax>252</xmax>
			<ymax>139</ymax>
		</bndbox>
	</object>
	<object>
		<name>ref_coin</name>
		<bndbox>
			<xmin>435</xmin>
			<ymin>314</ymin>
			<xmax>491</xmax>
			<ymax>359</ymax>
		</bndbox>
	</object>
	<object>
		<name>dish</name>
		<bndbox>
			<xmin>280</xmin>
			<ymin>37</ymin>
			<xmax>577</xmax>
			<ymax>248</ymax>
		</bndbox>
	</object>
	<object>
		<name>채소튀김</name>
		<bndbox>
			<xmin>337</xmin>
			<ymin>51</ymin>
			<xmax>520</xmax>
			<ymax>223</ymax>
		</bndbox>
	</object>
</annotation>