<annotation>
	<folder>my-project-name</folder>
	<filename>side_기타튀김_접시_채소튀김_Q3_00021.JPG</filename>
	<path>/side기타튀김접시채소튀김q3/side_기타튀김_접시_채소튀김_Q3_00021.JPG</path>
	<source>
		<database>fooddata</database>
	</source>
	<size>
		<width>720</width>
		<height>480</height>
		<depth>3</depth>
	</size>
	<object>
		<name>ref_spoon</name>
		<bndbox>
			<xmin>224</xmin>
			<ymin>388</ymin>
			<xmax>347</xmax>
			<ymax>454</ymax>
		</bndbox>
	</object>
	<object>
		<name>ref_fork</name>
		<bndbox>
			<xmin>227</xmin>
			<ymin>326</ymin>
			<xmax>354</xmax>
			<ymax>378</ymax>
		</bndbox>
	</object>
	<object>
		<name>ref_coin</name>
		<bndbox>
			<xmin>175</xmin>
			<ymin>140</ymin>
			<xmax>224</xmax>
			<ymax>177</ymax>
		</bndbox>
	</object>
	<object>
		<name>dish</name>
		<bndbox>
			<xmin>252</xmin>
			<ymin>85</ymin>
			<xmax>535</xmax>
			<ymax>289</ymax>
		</bndbox>
	</object>
	<object>
		<name>채소튀김</name>
		<bndbox>
			<xmin>304</xmin>
			<ymin>116</ymin>
			<xmax>488</xmax>
			<ymax>259</ymax>
		</bndbox>
	</object>
</annotation>