<annotation>
	<folder>my-project-name</folder>
	<filename>side_기타튀김_접시_채소튀김_Q3_00047.JPG</filename>
	<path>/side기타튀김접시채소튀김q3/side_기타튀김_접시_채소튀김_Q3_00047.JPG</path>
	<source>
		<database>fooddata</database>
	</source>
	<size>
		<width>720</width>
		<height>480</height>
		<depth>3</depth>
	</size>
	<object>
		<name>ref_spoon</name>
		<bndbox>
			<xmin>93</xmin>
			<ymin>115</ymin>
			<xmax>166</xmax>
			<ymax>212</ymax>
		</bndbox>
	</object>
	<object>
		<name>ref_fork</name>
		<bndbox>
			<xmin>188</xmin>
			<ymin>121</ymin>
			<xmax>236</xmax>
			<ymax>229</ymax>
		</bndbox>
	</object>
	<object>
		<name>ref_coin</name>
		<bndbox>
			<xmin>406</xmin>
			<ymin>98</ymin>
			<xmax>453</xmax>
			<ymax>134</ymax>
		</bndbox>
	</object>
	<object>
		<name>dish</name>
		<bndbox>
			<xmin>263</xmin>
			<ymin>135</ymin>
			<xmax>554</xmax>
			<ymax>345</ymax>
		</bndbox>
	</object>
	<object>
		<name>채소튀김</name>
		<bndbox>
			<xmin>369</xmin>
			<ymin>162</ymin>
			<xmax>513</xmax>
			<ymax>322</ymax>
		</bndbox>
	</object>
</annotation>