<annotation>
	<folder>my-project-name</folder>
	<filename>side_기타튀김_접시_채소튀김_Q3_00035.JPG</filename>
	<path>/side기타튀김접시채소튀김q3/side_기타튀김_접시_채소튀김_Q3_00035.JPG</path>
	<source>
		<database>fooddata</database>
	</source>
	<size>
		<width>720</width>
		<height>480</height>
		<depth>3</depth>
	</size>
	<object>
		<name>ref_spoon</name>
		<bndbox>
			<xmin>143</xmin>
			<ymin>55</ymin>
			<xmax>212</xmax>
			<ymax>148</ymax>
		</bndbox>
	</object>
	<object>
		<name>ref_fork</name>
		<bndbox>
			<xmin>235</xmin>
			<ymin>60</ymin>
			<xmax>282</xmax>
			<ymax>163</ymax>
		</bndbox>
	</object>
	<object>
		<name>ref_coin</name>
		<bndbox>
			<xmin>314</xmin>
			<ymin>278</ymin>
			<xmax>368</xmax>
			<ymax>322</ymax>
		</bndbox>
	</object>
	<object>
		<name>dish</name>
		<bndbox>
			<xmin>308</xmin>
			<ymin>67</ymin>
			<xmax>596</xmax>
			<ymax>273</ymax>
		</bndbox>
	</object>
	<object>
		<name>채소튀김</name>
		<bndbox>
			<xmin>371</xmin>
			<ymin>109</ymin>
			<xmax>554</xmax>
			<ymax>229</ymax>
		</bndbox>
	</object>
</annotation>