<annotation>
	<folder>my-project-name</folder>
	<filename>side_기타튀김_접시_채소튀김_Q3_00016.JPG</filename>
	<path>/side기타튀김접시채소튀김q3/side_기타튀김_접시_채소튀김_Q3_00016.JPG</path>
	<source>
		<database>fooddata</database>
	</source>
	<size>
		<width>720</width>
		<height>480</height>
		<depth>3</depth>
	</size>
	<object>
		<name>ref_spoon</name>
		<bndbox>
			<xmin>471</xmin>
			<ymin>81</ymin>
			<xmax>540</xmax>
			<ymax>175</ymax>
		</bndbox>
	</object>
	<object>
		<name>ref_fork</name>
		<bndbox>
			<xmin>579</xmin>
			<ymin>92</ymin>
			<xmax>628</xmax>
			<ymax>200</ymax>
		</bndbox>
	</object>
	<object>
		<name>ref_coin</name>
		<bndbox>
			<xmin>398</xmin>
			<ymin>390</ymin>
			<xmax>453</xmax>
			<ymax>436</ymax>
		</bndbox>
	</object>
	<object>
		<name>dish</name>
		<bndbox>
			<xmin>145</xmin>
			<ymin>139</ymin>
			<xmax>447</xmax>
			<ymax>358</ymax>
		</bndbox>
	</object>
	<object>
		<name>채소튀김</name>
		<bndbox>
			<xmin>212</xmin>
			<ymin>173</ymin>
			<xmax>386</xmax>
			<ymax>309</ymax>
		</bndbox>
	</object>
</annotation>