<annotation>
	<folder>my-project-name</folder>
	<filename>side_기타튀김_접시_채소튀김_Q3_00010.JPG</filename>
	<path>/side기타튀김접시채소튀김q3/side_기타튀김_접시_채소튀김_Q3_00010.JPG</path>
	<source>
		<database>fooddata</database>
	</source>
	<size>
		<width>720</width>
		<height>480</height>
		<depth>3</depth>
	</size>
	<object>
		<name>ref_spoon</name>
		<bndbox>
			<xmin>498</xmin>
			<ymin>140</ymin>
			<xmax>566</xmax>
			<ymax>234</ymax>
		</bndbox>
	</object>
	<object>
		<name>ref_fork</name>
		<bndbox>
			<xmin>608</xmin>
			<ymin>151</ymin>
			<xmax>655</xmax>
			<ymax>258</ymax>
		</bndbox>
	</object>
	<object>
		<name>ref_coin</name>
		<bndbox>
			<xmin>111</xmin>
			<ymin>201</ymin>
			<xmax>162</xmax>
			<ymax>238</ymax>
		</bndbox>
	</object>
	<object>
		<name>dish</name>
		<bndbox>
			<xmin>191</xmin>
			<ymin>180</ymin>
			<xmax>487</xmax>
			<ymax>397</ymax>
		</bndbox>
	</object>
	<object>
		<name>채소튀김</name>
		<bndbox>
			<xmin>246</xmin>
			<ymin>208</ymin>
			<xmax>422</xmax>
			<ymax>368</ymax>
		</bndbox>
	</object>
</annotation>