<annotation>
	<folder>my-project-name</folder>
	<filename>side_기타튀김_접시_채소튀김_Q3_00042.JPG</filename>
	<path>/side기타튀김접시채소튀김q3/side_기타튀김_접시_채소튀김_Q3_00042.JPG</path>
	<source>
		<database>fooddata</database>
	</source>
	<size>
		<width>720</width>
		<height>480</height>
		<depth>3</depth>
	</size>
	<object>
		<name>ref_spoon</name>
		<bndbox>
			<xmin>102</xmin>
			<ymin>62</ymin>
			<xmax>173</xmax>
			<ymax>159</ymax>
		</bndbox>
	</object>
	<object>
		<name>ref_fork</name>
		<bndbox>
			<xmin>197</xmin>
			<ymin>66</ymin>
			<xmax>244</xmax>
			<ymax>175</ymax>
		</bndbox>
	</object>
	<object>
		<name>ref_coin</name>
		<bndbox>
			<xmin>609</xmin>
			<ymin>234</ymin>
			<xmax>664</xmax>
			<ymax>275</ymax>
		</bndbox>
	</object>
	<object>
		<name>dish</name>
		<bndbox>
			<xmin>271</xmin>
			<ymin>76</ymin>
			<xmax>563</xmax>
			<ymax>285</ymax>
		</bndbox>
	</object>
	<object>
		<name>채소튀김</name>
		<bndbox>
			<xmin>317</xmin>
			<ymin>110</ymin>
			<xmax>472</xmax>
			<ymax>256</ymax>
		</bndbox>
	</object>
</annotation>