<annotation>
	<folder>top_기타튀김접시채소튀김q3</folder>
	<filename>top_기타튀김_접시_채소튀김_Q3_00023.JPG</filename>
	<path>/top기타튀김접시채소튀김q3/top_기타튀김_접시_채소튀김_Q3_00023.JPG</path>
	<source>
		<database>fooddata</database>
	</source>
	<size>
		<width>720</width>
		<height>480</height>
		<depth>3</depth>
	</size>
	<object>
		<name>ref_spoon</name>
		<bndbox>
			<xmin>225</xmin>
			<ymin>315</ymin>
			<xmax>330</xmax>
			<ymax>371</ymax>
		</bndbox>
	</object>
	<object>
		<name>ref_fork</name>
		<bndbox>
			<xmin>226</xmin>
			<ymin>385</ymin>
			<xmax>343</xmax>
			<ymax>423</ymax>
		</bndbox>
	</object>
	<object>
		<name>ref_coin</name>
		<bndbox>
			<xmin>408</xmin>
			<ymin>36</ymin>
			<xmax>447</xmax>
			<ymax>72</ymax>
		</bndbox>
	</object>
	<object>
		<name>dish</name>
		<bndbox>
			<xmin>285</xmin>
			<ymin>102</ymin>
			<xmax>503</xmax>
			<ymax>318</ymax>
		</bndbox>
	</object>
	<object>
		<name>채소튀김</name>
		<bndbox>
			<xmin>322</xmin>
			<ymin>146</ymin>
			<xmax>485</xmax>
			<ymax>275</ymax>
		</bndbox>
	</object>
</annotation>