<annotation>
	<folder>top_기타튀김접시채소튀김q3</folder>
	<filename>top_기타튀김_접시_채소튀김_Q3_00053.JPG</filename>
	<path>/top기타튀김접시채소튀김q3/top_기타튀김_접시_채소튀김_Q3_00053.JPG</path>
	<source>
		<database>fooddata</database>
	</source>
	<size>
		<width>720</width>
		<height>480</height>
		<depth>3</depth>
	</size>
	<object>
		<name>ref_spoon</name>
		<bndbox>
			<xmin>196</xmin>
			<ymin>35</ymin>
			<xmax>265</xmax>
			<ymax>158</ymax>
		</bndbox>
	</object>
	<object>
		<name>ref_fork</name>
		<bndbox>
			<xmin>124</xmin>
			<ymin>43</ymin>
			<xmax>170</xmax>
			<ymax>194</ymax>
		</bndbox>
	</object>
	<object>
		<name>ref_coin</name>
		<bndbox>
			<xmin>484</xmin>
			<ymin>386</ymin>
			<xmax>536</xmax>
			<ymax>438</ymax>
		</bndbox>
	</object>
	<object>
		<name>dish</name>
		<bndbox>
			<xmin>293</xmin>
			<ymin>61</ymin>
			<xmax>577</xmax>
			<ymax>345</ymax>
		</bndbox>
	</object>
	<object>
		<name>채소튀김</name>
		<bndbox>
			<xmin>322</xmin>
			<ymin>101</ymin>
			<xmax>530</xmax>
			<ymax>332</ymax>
		</bndbox>
	</object>
</annotation>