<annotation>
	<folder>top_기타튀김접시채소튀김q3</folder>
	<filename>top_기타튀김_접시_채소튀김_Q3_00026.JPG</filename>
	<path>/top기타튀김접시채소튀김q3/top_기타튀김_접시_채소튀김_Q3_00026.JPG</path>
	<source>
		<database>fooddata</database>
	</source>
	<size>
		<width>720</width>
		<height>480</height>
		<depth>3</depth>
	</size>
	<object>
		<name>ref_spoon</name>
		<bndbox>
			<xmin>267</xmin>
			<ymin>261</ymin>
			<xmax>385</xmax>
			<ymax>317</ymax>
		</bndbox>
	</object>
	<object>
		<name>ref_fork</name>
		<bndbox>
			<xmin>271</xmin>
			<ymin>331</ymin>
			<xmax>390</xmax>
			<ymax>370</ymax>
		</bndbox>
	</object>
	<object>
		<name>ref_coin</name>
		<bndbox>
			<xmin>584</xmin>
			<ymin>63</ymin>
			<xmax>625</xmax>
			<ymax>102</ymax>
		</bndbox>
	</object>
	<object>
		<name>dish</name>
		<bndbox>
			<xmin>325</xmin>
			<ymin>36</ymin>
			<xmax>550</xmax>
			<ymax>256</ymax>
		</bndbox>
	</object>
	<object>
		<name>채소튀김</name>
		<bndbox>
			<xmin>356</xmin>
			<ymin>76</ymin>
			<xmax>510</xmax>
			<ymax>222</ymax>
		</bndbox>
	</object>
</annotation>