<annotation>
	<folder>top_기타튀김접시채소튀김q3</folder>
	<filename>top_기타튀김_접시_채소튀김_Q3_00025.JPG</filename>
	<path>/top기타튀김접시채소튀김q3/top_기타튀김_접시_채소튀김_Q3_00025.JPG</path>
	<source>
		<database>fooddata</database>
	</source>
	<size>
		<width>720</width>
		<height>480</height>
		<depth>3</depth>
	</size>
	<object>
		<name>ref_spoon</name>
		<bndbox>
			<xmin>257</xmin>
			<ymin>277</ymin>
			<xmax>358</xmax>
			<ymax>334</ymax>
		</bndbox>
	</object>
	<object>
		<name>ref_fork</name>
		<bndbox>
			<xmin>258</xmin>
			<ymin>347</ymin>
			<xmax>384</xmax>
			<ymax>385</ymax>
		</bndbox>
	</object>
	<object>
		<name>ref_coin</name>
		<bndbox>
			<xmin>542</xmin>
			<ymin>46</ymin>
			<xmax>583</xmax>
			<ymax>82</ymax>
		</bndbox>
	</object>
	<object>
		<name>dish</name>
		<bndbox>
			<xmin>308</xmin>
			<ymin>53</ymin>
			<xmax>529</xmax>
			<ymax>273</ymax>
		</bndbox>
	</object>
	<object>
		<name>채소튀김</name>
		<bndbox>
			<xmin>330</xmin>
			<ymin>91</ymin>
			<xmax>500</xmax>
			<ymax>229</ymax>
		</bndbox>
	</object>
</annotation>