<annotation>
	<folder>top_기타튀김접시채소튀김q3</folder>
	<filename>top_기타튀김_접시_채소튀김_Q3_00012.JPG</filename>
	<path>/top기타튀김접시채소튀김q3/top_기타튀김_접시_채소튀김_Q3_00012.JPG</path>
	<source>
		<database>fooddata</database>
	</source>
	<size>
		<width>720</width>
		<height>480</height>
		<depth>3</depth>
	</size>
	<object>
		<name>ref_spoon</name>
		<bndbox>
			<xmin>564</xmin>
			<ymin>81</ymin>
			<xmax>625</xmax>
			<ymax>199</ymax>
		</bndbox>
	</object>
	<object>
		<name>ref_fork</name>
		<bndbox>
			<xmin>482</xmin>
			<ymin>99</ymin>
			<xmax>525</xmax>
			<ymax>244</ymax>
		</bndbox>
	</object>
	<object>
		<name>ref_coin</name>
		<bndbox>
			<xmin>263</xmin>
			<ymin>24</ymin>
			<xmax>309</xmax>
			<ymax>67</ymax>
		</bndbox>
	</object>
	<object>
		<name>dish</name>
		<bndbox>
			<xmin>206</xmin>
			<ymin>119</ymin>
			<xmax>472</xmax>
			<ymax>384</ymax>
		</bndbox>
	</object>
	<object>
		<name>채소튀김</name>
		<bndbox>
			<xmin>237</xmin>
			<ymin>159</ymin>
			<xmax>413</xmax>
			<ymax>349</ymax>
		</bndbox>
	</object>
</annotation>