<annotation>
	<folder>top_기타튀김접시채소튀김q3</folder>
	<filename>top_기타튀김_접시_채소튀김_Q3_00017.JPG</filename>
	<path>/top기타튀김접시채소튀김q3/top_기타튀김_접시_채소튀김_Q3_00017.JPG</path>
	<source>
		<database>fooddata</database>
	</source>
	<size>
		<width>720</width>
		<height>480</height>
		<depth>3</depth>
	</size>
	<object>
		<name>ref_spoon</name>
		<bndbox>
			<xmin>254</xmin>
			<ymin>309</ymin>
			<xmax>379</xmax>
			<ymax>374</ymax>
		</bndbox>
	</object>
	<object>
		<name>ref_fork</name>
		<bndbox>
			<xmin>259</xmin>
			<ymin>391</ymin>
			<xmax>392</xmax>
			<ymax>434</ymax>
		</bndbox>
	</object>
	<object>
		<name>ref_coin</name>
		<bndbox>
			<xmin>245</xmin>
			<ymin>211</ymin>
			<xmax>289</xmax>
			<ymax>257</ymax>
		</bndbox>
	</object>
	<object>
		<name>dish</name>
		<bndbox>
			<xmin>328</xmin>
			<ymin>45</ymin>
			<xmax>591</xmax>
			<ymax>307</ymax>
		</bndbox>
	</object>
	<object>
		<name>채소튀김</name>
		<bndbox>
			<xmin>349</xmin>
			<ymin>102</ymin>
			<xmax>560</xmax>
			<ymax>256</ymax>
		</bndbox>
	</object>
</annotation>