<annotation>
	<folder>top_기타튀김접시채소튀김q3</folder>
	<filename>top_기타튀김_접시_채소튀김_Q3_00009.JPG</filename>
	<path>/top기타튀김접시채소튀김q3/top_기타튀김_접시_채소튀김_Q3_00009.JPG</path>
	<source>
		<database>fooddata</database>
	</source>
	<size>
		<width>720</width>
		<height>480</height>
		<depth>3</depth>
	</size>
	<object>
		<name>ref_spoon</name>
		<bndbox>
			<xmin>561</xmin>
			<ymin>44</ymin>
			<xmax>625</xmax>
			<ymax>170</ymax>
		</bndbox>
	</object>
	<object>
		<name>ref_fork</name>
		<bndbox>
			<xmin>481</xmin>
			<ymin>62</ymin>
			<xmax>522</xmax>
			<ymax>208</ymax>
		</bndbox>
	</object>
	<object>
		<name>ref_coin</name>
		<bndbox>
			<xmin>110</xmin>
			<ymin>113</ymin>
			<xmax>155</xmax>
			<ymax>158</ymax>
		</bndbox>
	</object>
	<object>
		<name>dish</name>
		<bndbox>
			<xmin>189</xmin>
			<ymin>82</ymin>
			<xmax>455</xmax>
			<ymax>345</ymax>
		</bndbox>
	</object>
	<object>
		<name>채소튀김</name>
		<bndbox>
			<xmin>228</xmin>
			<ymin>138</ymin>
			<xmax>424</xmax>
			<ymax>313</ymax>
		</bndbox>
	</object>
</annotation>