<annotation>
	<folder>top_기타튀김접시채소튀김q3</folder>
	<filename>top_기타튀김_접시_채소튀김_Q3_00010.JPG</filename>
	<path>/top기타튀김접시채소튀김q3/top_기타튀김_접시_채소튀김_Q3_00010.JPG</path>
	<source>
		<database>fooddata</database>
	</source>
	<size>
		<width>720</width>
		<height>480</height>
		<depth>3</depth>
	</size>
	<object>
		<name>ref_spoon</name>
		<bndbox>
			<xmin>566</xmin>
			<ymin>45</ymin>
			<xmax>629</xmax>
			<ymax>171</ymax>
		</bndbox>
	</object>
	<object>
		<name>ref_fork</name>
		<bndbox>
			<xmin>483</xmin>
			<ymin>62</ymin>
			<xmax>526</xmax>
			<ymax>200</ymax>
		</bndbox>
	</object>
	<object>
		<name>ref_coin</name>
		<bndbox>
			<xmin>140</xmin>
			<ymin>57</ymin>
			<xmax>187</xmax>
			<ymax>101</ymax>
		</bndbox>
	</object>
	<object>
		<name>dish</name>
		<bndbox>
			<xmin>195</xmin>
			<ymin>77</ymin>
			<xmax>462</xmax>
			<ymax>342</ymax>
		</bndbox>
	</object>
	<object>
		<name>채소튀김</name>
		<bndbox>
			<xmin>238</xmin>
			<ymin>133</ymin>
			<xmax>414</xmax>
			<ymax>291</ymax>
		</bndbox>
	</object>
</annotation>