<annotation>
	<folder>top_기타튀김접시채소튀김q3</folder>
	<filename>top_기타튀김_접시_채소튀김_Q3_00014.JPG</filename>
	<path>/top기타튀김접시채소튀김q3/top_기타튀김_접시_채소튀김_Q3_00014.JPG</path>
	<source>
		<database>fooddata</database>
	</source>
	<size>
		<width>720</width>
		<height>480</height>
		<depth>3</depth>
	</size>
	<object>
		<name>ref_spoon</name>
		<bndbox>
			<xmin>556</xmin>
			<ymin>90</ymin>
			<xmax>619</xmax>
			<ymax>222</ymax>
		</bndbox>
	</object>
	<object>
		<name>ref_fork</name>
		<bndbox>
			<xmin>477</xmin>
			<ymin>111</ymin>
			<xmax>518</xmax>
			<ymax>237</ymax>
		</bndbox>
	</object>
	<object>
		<name>ref_coin</name>
		<bndbox>
			<xmin>347</xmin>
			<ymin>47</ymin>
			<xmax>392</xmax>
			<ymax>90</ymax>
		</bndbox>
	</object>
	<object>
		<name>dish</name>
		<bndbox>
			<xmin>190</xmin>
			<ymin>141</ymin>
			<xmax>459</xmax>
			<ymax>414</ymax>
		</bndbox>
	</object>
	<object>
		<name>채소튀김</name>
		<bndbox>
			<xmin>239</xmin>
			<ymin>186</ymin>
			<xmax>408</xmax>
			<ymax>357</ymax>
		</bndbox>
	</object>
</annotation>