<annotation>
	<folder>top_기타튀김접시채소튀김q3</folder>
	<filename>top_기타튀김_접시_채소튀김_Q3_00043.JPG</filename>
	<path>/top기타튀김접시채소튀김q3/top_기타튀김_접시_채소튀김_Q3_00043.JPG</path>
	<source>
		<database>fooddata</database>
	</source>
	<size>
		<width>720</width>
		<height>480</height>
		<depth>3</depth>
	</size>
	<object>
		<name>ref_spoon</name>
		<bndbox>
			<xmin>217</xmin>
			<ymin>101</ymin>
			<xmax>282</xmax>
			<ymax>221</ymax>
		</bndbox>
	</object>
	<object>
		<name>ref_fork</name>
		<bndbox>
			<xmin>146</xmin>
			<ymin>106</ymin>
			<xmax>189</xmax>
			<ymax>240</ymax>
		</bndbox>
	</object>
	<object>
		<name>ref_coin</name>
		<bndbox>
			<xmin>438</xmin>
			<ymin>60</ymin>
			<xmax>484</xmax>
			<ymax>106</ymax>
		</bndbox>
	</object>
	<object>
		<name>dish</name>
		<bndbox>
			<xmin>306</xmin>
			<ymin>130</ymin>
			<xmax>583</xmax>
			<ymax>408</ymax>
		</bndbox>
	</object>
	<object>
		<name>채소튀김</name>
		<bndbox>
			<xmin>336</xmin>
			<ymin>166</ymin>
			<xmax>547</xmax>
			<ymax>368</ymax>
		</bndbox>
	</object>
</annotation>