<annotation>
	<folder>재작업2</folder>
	<filename>top_기타튀김_접시_채소튀김_Q3_00008.JPG</filename>
	<path>/top기타튀김접시채소튀김q3/top_기타튀김_접시_채소튀김_Q3_00008.JPG</path>
	<source>
		<database>fooddata</database>
	</source>
	<size>
		<width>720</width>
		<height>480</height>
		<depth>3</depth>
	</size>
	<object>
		<name>ref_spoon</name>
		<bndbox>
			<xmin>550</xmin>
			<ymin>38</ymin>
			<xmax>616</xmax>
			<ymax>142</ymax>
		</bndbox>
	</object>
	<object>
		<name>ref_fork</name>
		<bndbox>
			<xmin>468</xmin>
			<ymin>58</ymin>
			<xmax>514</xmax>
			<ymax>169</ymax>
		</bndbox>
	</object>
	<object>
		<name>ref_coin</name>
		<bndbox>
			<xmin>81</xmin>
			<ymin>160</ymin>
			<xmax>129</xmax>
			<ymax>206</ymax>
		</bndbox>
	</object>
	<object>
		<name>dish</name>
		<bndbox>
			<xmin>180</xmin>
			<ymin>69</ymin>
			<xmax>452</xmax>
			<ymax>339</ymax>
		</bndbox>
	</object>
	<object>
		<name>채소튀김</name>
		<bndbox>
			<xmin>232</xmin>
			<ymin>123</ymin>
			<xmax>406</xmax>
			<ymax>297</ymax>
		</bndbox>
	</object>
</annotation>