<annotation>
	<folder>side돌솥밥류돌솥알밥q2</folder>
	<filename>side_돌솥밥류_돌솥_알밥_Q2_00050.JPG</filename>
	<path>/side돌솥밥류돌솥알밥q2/side_돌솥밥류_돌솥_알밥_Q2_00050.JPG</path>
	<source>
		<database>fooddata</database>
	</source>
	<size>
		<width>5472</width>
		<height>3648</height>
		<depth>3</depth>
	</size>
	<object>
		<name>ref_spoon</name>
		<bndbox>
			<xmin>755</xmin>
			<ymin>876</ymin>
			<xmax>1279</xmax>
			<ymax>1767</ymax>
		</bndbox>
	</object>
	<object>
		<name>ref_fork</name>
		<bndbox>
			<xmin>1493</xmin>
			<ymin>914</ymin>
			<xmax>1841</xmax>
			<ymax>1886</ymax>
		</bndbox>
	</object>
	<object>
		<name>ref_coin</name>
		<bndbox>
			<xmin>2207</xmin>
			<ymin>2634</ymin>
			<xmax>2607</xmax>
			<ymax>2967</ymax>
		</bndbox>
	</object>
	<object>
		<name>dish</name>
		<bndbox>
			<xmin>2122</xmin>
			<ymin>548</ymin>
			<xmax>4398</xmax>
			<ymax>2519</ymax>
		</bndbox>
	</object>
	<object>
		<name>알밥</name>
		<bndbox>
			<xmin>2469</xmin>
			<ymin>914</ymin>
			<xmax>4046</xmax>
			<ymax>1953</ymax>
		</bndbox>
	</object>
</annotation>