<annotation>
	<folder>side돌솥밥류돌솥알밥q2</folder>
	<filename>side_돌솥밥류_돌솥_알밥_Q2_00018.JPG</filename>
	<path>/side돌솥밥류돌솥알밥q2/side_돌솥밥류_돌솥_알밥_Q2_00018.JPG</path>
	<source>
		<database>fooddata</database>
	</source>
	<size>
		<width>5472</width>
		<height>3648</height>
		<depth>3</depth>
	</size>
	<object>
		<name>ref_spoon</name>
		<bndbox>
			<xmin>1503</xmin>
			<ymin>2934</ymin>
			<xmax>2612</xmax>
			<ymax>3400</ymax>
		</bndbox>
	</object>
	<object>
		<name>ref_fork</name>
		<bndbox>
			<xmin>1622</xmin>
			<ymin>2495</ymin>
			<xmax>2746</xmax>
			<ymax>2867</ymax>
		</bndbox>
	</object>
	<object>
		<name>ref_coin</name>
		<bndbox>
			<xmin>4155</xmin>
			<ymin>1581</ymin>
			<xmax>4522</xmax>
			<ymax>1867</ymax>
		</bndbox>
	</object>
	<object>
		<name>dish</name>
		<bndbox>
			<xmin>1817</xmin>
			<ymin>286</ymin>
			<xmax>3955</xmax>
			<ymax>2100</ymax>
		</bndbox>
	</object>
	<object>
		<name>알밥</name>
		<bndbox>
			<xmin>2212</xmin>
			<ymin>486</ymin>
			<xmax>3708</xmax>
			<ymax>1562</ymax>
		</bndbox>
	</object>
</annotation>