<annotation>
	<folder>side돌솥밥류돌솥알밥q2</folder>
	<filename>side_돌솥밥류_돌솥_알밥_Q2_00051.JPG</filename>
	<path>/side돌솥밥류돌솥알밥q2/side_돌솥밥류_돌솥_알밥_Q2_00051.JPG</path>
	<source>
		<database>fooddata</database>
	</source>
	<size>
		<width>5472</width>
		<height>3648</height>
		<depth>3</depth>
	</size>
	<object>
		<name>ref_spoon</name>
		<bndbox>
			<xmin>474</xmin>
			<ymin>914</ymin>
			<xmax>998</xmax>
			<ymax>1810</ymax>
		</bndbox>
	</object>
	<object>
		<name>ref_fork</name>
		<bndbox>
			<xmin>1222</xmin>
			<ymin>957</ymin>
			<xmax>1579</xmax>
			<ymax>1967</ymax>
		</bndbox>
	</object>
	<object>
		<name>ref_coin</name>
		<bndbox>
			<xmin>2322</xmin>
			<ymin>3005</ymin>
			<xmax>2736</xmax>
			<ymax>3348</ymax>
		</bndbox>
	</object>
	<object>
		<name>dish</name>
		<bndbox>
			<xmin>1860</xmin>
			<ymin>605</ymin>
			<xmax>4127</xmax>
			<ymax>2562</ymax>
		</bndbox>
	</object>
	<object>
		<name>알밥</name>
		<bndbox>
			<xmin>2317</xmin>
			<ymin>910</ymin>
			<xmax>3798</xmax>
			<ymax>1995</ymax>
		</bndbox>
	</object>
</annotation>