<annotation>
	<folder>side돌솥밥류돌솥알밥q2</folder>
	<filename>side_돌솥밥류_돌솥_알밥_Q2_00025.JPG</filename>
	<path>/side돌솥밥류돌솥알밥q2/side_돌솥밥류_돌솥_알밥_Q2_00025.JPG</path>
	<source>
		<database>fooddata</database>
	</source>
	<size>
		<width>5472</width>
		<height>3648</height>
		<depth>3</depth>
	</size>
	<object>
		<name>ref_spoon</name>
		<bndbox>
			<xmin>1322</xmin>
			<ymin>3010</ymin>
			<xmax>2422</xmax>
			<ymax>3467</ymax>
		</bndbox>
	</object>
	<object>
		<name>ref_fork</name>
		<bndbox>
			<xmin>1441</xmin>
			<ymin>2586</ymin>
			<xmax>2526</xmax>
			<ymax>2948</ymax>
		</bndbox>
	</object>
	<object>
		<name>ref_coin</name>
		<bndbox>
			<xmin>3260</xmin>
			<ymin>295</ymin>
			<xmax>3588</xmax>
			<ymax>519</ymax>
		</bndbox>
	</object>
	<object>
		<name>dish</name>
		<bndbox>
			<xmin>1712</xmin>
			<ymin>538</ymin>
			<xmax>3788</xmax>
			<ymax>2324</ymax>
		</bndbox>
	</object>
	<object>
		<name>알밥</name>
		<bndbox>
			<xmin>2017</xmin>
			<ymin>976</ymin>
			<xmax>3422</xmax>
			<ymax>1786</ymax>
		</bndbox>
	</object>
</annotation>