<annotation>
	<folder>side돌솥밥류돌솥알밥q2</folder>
	<filename>side_돌솥밥류_돌솥_알밥_Q2_00048.JPG</filename>
	<path>/side돌솥밥류돌솥알밥q2/side_돌솥밥류_돌솥_알밥_Q2_00048.JPG</path>
	<source>
		<database>fooddata</database>
	</source>
	<size>
		<width>5472</width>
		<height>3648</height>
		<depth>3</depth>
	</size>
	<object>
		<name>ref_spoon</name>
		<bndbox>
			<xmin>1079</xmin>
			<ymin>1229</ymin>
			<xmax>1574</xmax>
			<ymax>2105</ymax>
		</bndbox>
	</object>
	<object>
		<name>ref_fork</name>
		<bndbox>
			<xmin>1803</xmin>
			<ymin>1262</ymin>
			<xmax>2141</xmax>
			<ymax>2200</ymax>
		</bndbox>
	</object>
	<object>
		<name>ref_coin</name>
		<bndbox>
			<xmin>1569</xmin>
			<ymin>481</ymin>
			<xmax>1912</xmax>
			<ymax>733</ymax>
		</bndbox>
	</object>
	<object>
		<name>dish</name>
		<bndbox>
			<xmin>2436</xmin>
			<ymin>895</ymin>
			<xmax>4674</xmax>
			<ymax>2829</ymax>
		</bndbox>
	</object>
	<object>
		<name>알밥</name>
		<bndbox>
			<xmin>2688</xmin>
			<ymin>1229</ymin>
			<xmax>4260</xmax>
			<ymax>2286</ymax>
		</bndbox>
	</object>
</annotation>