<annotation>
	<folder>side돌솥밥류돌솥알밥q2</folder>
	<filename>side_돌솥밥류_돌솥_알밥_Q2_00036.JPG</filename>
	<path>/side돌솥밥류돌솥알밥q2/side_돌솥밥류_돌솥_알밥_Q2_00036.JPG</path>
	<source>
		<database>fooddata</database>
	</source>
	<size>
		<width>5472</width>
		<height>3648</height>
		<depth>3</depth>
	</size>
	<object>
		<name>ref_spoon</name>
		<bndbox>
			<xmin>1522</xmin>
			<ymin>1172</ymin>
			<xmax>1950</xmax>
			<ymax>1914</ymax>
		</bndbox>
	</object>
	<object>
		<name>ref_fork</name>
		<bndbox>
			<xmin>2112</xmin>
			<ymin>1205</ymin>
			<xmax>2407</xmax>
			<ymax>2038</ymax>
		</bndbox>
	</object>
	<object>
		<name>ref_coin</name>
		<bndbox>
			<xmin>3974</xmin>
			<ymin>2872</ymin>
			<xmax>4327</xmax>
			<ymax>3157</ymax>
		</bndbox>
	</object>
	<object>
		<name>dish</name>
		<bndbox>
			<xmin>2641</xmin>
			<ymin>924</ymin>
			<xmax>4565</xmax>
			<ymax>2567</ymax>
		</bndbox>
	</object>
	<object>
		<name>알밥</name>
		<bndbox>
			<xmin>2874</xmin>
			<ymin>1281</ymin>
			<xmax>4141</xmax>
			<ymax>2086</ymax>
		</bndbox>
	</object>
</annotation>