<annotation>
	<folder>side돌솥밥류돌솥알밥q2</folder>
	<filename>side_돌솥밥류_돌솥_알밥_Q2_00008.JPG</filename>
	<path>/side돌솥밥류돌솥알밥q2/side_돌솥밥류_돌솥_알밥_Q2_00008.JPG</path>
	<source>
		<database>fooddata</database>
	</source>
	<size>
		<width>5472</width>
		<height>3648</height>
		<depth>3</depth>
	</size>
	<object>
		<name>ref_spoon</name>
		<bndbox>
			<xmin>3698</xmin>
			<ymin>772</ymin>
			<xmax>4169</xmax>
			<ymax>1572</ymax>
		</bndbox>
	</object>
	<object>
		<name>ref_fork</name>
		<bndbox>
			<xmin>4374</xmin>
			<ymin>852</ymin>
			<xmax>4722</xmax>
			<ymax>1734</ymax>
		</bndbox>
	</object>
	<object>
		<name>ref_coin</name>
		<bndbox>
			<xmin>631</xmin>
			<ymin>1686</ymin>
			<xmax>1012</xmax>
			<ymax>1962</ymax>
		</bndbox>
	</object>
	<object>
		<name>dish</name>
		<bndbox>
			<xmin>1536</xmin>
			<ymin>676</ymin>
			<xmax>3717</xmax>
			<ymax>2524</ymax>
		</bndbox>
	</object>
	<object>
		<name>알밥</name>
		<bndbox>
			<xmin>1788</xmin>
			<ymin>1186</ymin>
			<xmax>3341</xmax>
			<ymax>1967</ymax>
		</bndbox>
	</object>
</annotation>