<annotation>
	<folder>side돌솥밥류돌솥알밥q2</folder>
	<filename>side_돌솥밥류_돌솥_알밥_Q2_00033.JPG</filename>
	<path>/side돌솥밥류돌솥알밥q2/side_돌솥밥류_돌솥_알밥_Q2_00033.JPG</path>
	<source>
		<database>fooddata</database>
	</source>
	<size>
		<width>5472</width>
		<height>3648</height>
		<depth>3</depth>
	</size>
	<object>
		<name>ref_spoon</name>
		<bndbox>
			<xmin>1464</xmin>
			<ymin>1095</ymin>
			<xmax>1945</xmax>
			<ymax>1929</ymax>
		</bndbox>
	</object>
	<object>
		<name>ref_fork</name>
		<bndbox>
			<xmin>2136</xmin>
			<ymin>1143</ymin>
			<xmax>2455</xmax>
			<ymax>2072</ymax>
		</bndbox>
	</object>
	<object>
		<name>ref_coin</name>
		<bndbox>
			<xmin>2712</xmin>
			<ymin>3019</ymin>
			<xmax>3098</xmax>
			<ymax>3334</ymax>
		</bndbox>
	</object>
	<object>
		<name>dish</name>
		<bndbox>
			<xmin>2712</xmin>
			<ymin>833</ymin>
			<xmax>4831</xmax>
			<ymax>2648</ymax>
		</bndbox>
	</object>
	<object>
		<name>알밥</name>
		<bndbox>
			<xmin>2950</xmin>
			<ymin>1143</ymin>
			<xmax>4269</xmax>
			<ymax>2072</ymax>
		</bndbox>
	</object>
</annotation>