<annotation>
	<folder>side돌솥밥류돌솥알밥q2</folder>
	<filename>side_돌솥밥류_돌솥_알밥_Q2_00029.JPG</filename>
	<path>/side돌솥밥류돌솥알밥q2/side_돌솥밥류_돌솥_알밥_Q2_00029.JPG</path>
	<source>
		<database>fooddata</database>
	</source>
	<size>
		<width>5472</width>
		<height>3648</height>
		<depth>3</depth>
	</size>
	<object>
		<name>ref_spoon</name>
		<bndbox>
			<xmin>1655</xmin>
			<ymin>2881</ymin>
			<xmax>2679</xmax>
			<ymax>3329</ymax>
		</bndbox>
	</object>
	<object>
		<name>ref_fork</name>
		<bndbox>
			<xmin>1769</xmin>
			<ymin>2472</ymin>
			<xmax>2831</xmax>
			<ymax>2829</ymax>
		</bndbox>
	</object>
	<object>
		<name>ref_coin</name>
		<bndbox>
			<xmin>2012</xmin>
			<ymin>248</ymin>
			<xmax>2326</xmax>
			<ymax>476</ymax>
		</bndbox>
	</object>
	<object>
		<name>dish</name>
		<bndbox>
			<xmin>2079</xmin>
			<ymin>562</ymin>
			<xmax>4089</xmax>
			<ymax>2272</ymax>
		</bndbox>
	</object>
	<object>
		<name>알밥</name>
		<bndbox>
			<xmin>2322</xmin>
			<ymin>795</ymin>
			<xmax>3855</xmax>
			<ymax>1772</ymax>
		</bndbox>
	</object>
</annotation>