<annotation>
	<folder>side돌솥밥류돌솥알밥q2</folder>
	<filename>side_돌솥밥류_돌솥_알밥_Q2_00045.JPG</filename>
	<path>/side돌솥밥류돌솥알밥q2/side_돌솥밥류_돌솥_알밥_Q2_00045.JPG</path>
	<source>
		<database>fooddata</database>
	</source>
	<size>
		<width>5472</width>
		<height>3648</height>
		<depth>3</depth>
	</size>
	<object>
		<name>ref_spoon</name>
		<bndbox>
			<xmin>731</xmin>
			<ymin>1305</ymin>
			<xmax>1241</xmax>
			<ymax>2195</ymax>
		</bndbox>
	</object>
	<object>
		<name>ref_fork</name>
		<bndbox>
			<xmin>1445</xmin>
			<ymin>1353</ymin>
			<xmax>1798</xmax>
			<ymax>2267</ymax>
		</bndbox>
	</object>
	<object>
		<name>ref_coin</name>
		<bndbox>
			<xmin>3055</xmin>
			<ymin>443</ymin>
			<xmax>3393</xmax>
			<ymax>676</ymax>
		</bndbox>
	</object>
	<object>
		<name>dish</name>
		<bndbox>
			<xmin>2079</xmin>
			<ymin>991</ymin>
			<xmax>4298</xmax>
			<ymax>2915</ymax>
		</bndbox>
	</object>
	<object>
		<name>알밥</name>
		<bndbox>
			<xmin>2355</xmin>
			<ymin>1257</ymin>
			<xmax>3979</xmax>
			<ymax>2357</ymax>
		</bndbox>
	</object>
</annotation>