<annotation>
	<folder>top돌솥밥류돌솥알밥q2</folder>
	<filename>top_돌솥밥류_돌솥_알밥_Q2_00003.JPG</filename>
	<path>/top돌솥밥류돌솥알밥q2/top_돌솥밥류_돌솥_알밥_Q2_00003.JPG</path>
	<source>
		<database>fooddata</database>
	</source>
	<size>
		<width>5472</width>
		<height>3648</height>
		<depth>3</depth>
	</size>
	<object>
		<name>ref_spoon</name>
		<bndbox>
			<xmin>3242</xmin>
			<ymin>207</ymin>
			<xmax>3772</xmax>
			<ymax>1113</ymax>
		</bndbox>
	</object>
	<object>
		<name>ref_fork</name>
		<bndbox>
			<xmin>4047</xmin>
			<ymin>323</ymin>
			<xmax>4432</xmax>
			<ymax>1320</ymax>
		</bndbox>
	</object>
	<object>
		<name>ref_coin</name>
		<bndbox>
			<xmin>1324</xmin>
			<ymin>2906</ymin>
			<xmax>1738</xmax>
			<ymax>3335</ymax>
		</bndbox>
	</object>
	<object>
		<name>dish</name>
		<bndbox>
			<xmin>751</xmin>
			<ymin>241</ymin>
			<xmax>3266</xmax>
			<ymax>2718</ymax>
		</bndbox>
	</object>
	<object>
		<name>알밥</name>
		<bndbox>
			<xmin>1117</xmin>
			<ymin>684</ymin>
			<xmax>2741</xmax>
			<ymax>2275</ymax>
		</bndbox>
	</object>
</annotation>