<annotation>
	<folder>top돌솥밥류돌솥알밥q2</folder>
	<filename>top_돌솥밥류_돌솥_알밥_Q2_00007.JPG</filename>
	<path>/top돌솥밥류돌솥알밥q2/top_돌솥밥류_돌솥_알밥_Q2_00007.JPG</path>
	<source>
		<database>fooddata</database>
	</source>
	<size>
		<width>5472</width>
		<height>3648</height>
		<depth>3</depth>
	</size>
	<object>
		<name>ref_spoon</name>
		<bndbox>
			<xmin>3536</xmin>
			<ymin>352</ymin>
			<xmax>4076</xmax>
			<ymax>1258</ymax>
		</bndbox>
	</object>
	<object>
		<name>ref_fork</name>
		<bndbox>
			<xmin>4346</xmin>
			<ymin>467</ymin>
			<xmax>4736</xmax>
			<ymax>1475</ymax>
		</bndbox>
	</object>
	<object>
		<name>ref_coin</name>
		<bndbox>
			<xmin>423</xmin>
			<ymin>1494</ymin>
			<xmax>842</xmax>
			<ymax>1894</ymax>
		</bndbox>
	</object>
	<object>
		<name>dish</name>
		<bndbox>
			<xmin>1136</xmin>
			<ymin>525</ymin>
			<xmax>3656</xmax>
			<ymax>3012</ymax>
		</bndbox>
	</object>
	<object>
		<name>알밥</name>
		<bndbox>
			<xmin>1685</xmin>
			<ymin>911</ymin>
			<xmax>3261</xmax>
			<ymax>2641</ymax>
		</bndbox>
	</object>
</annotation>