<annotation>
	<folder>top돌솥밥류돌솥알밥q2</folder>
	<filename>top_돌솥밥류_돌솥_알밥_Q2_00042.JPG</filename>
	<path>/top돌솥밥류돌솥알밥q2/top_돌솥밥류_돌솥_알밥_Q2_00042.JPG</path>
	<source>
		<database>fooddata</database>
	</source>
	<size>
		<width>5472</width>
		<height>3648</height>
		<depth>3</depth>
	</size>
	<object>
		<name>ref_spoon</name>
		<bndbox>
			<xmin>910</xmin>
			<ymin>467</ymin>
			<xmax>1425</xmax>
			<ymax>1330</ymax>
		</bndbox>
	</object>
	<object>
		<name>ref_fork</name>
		<bndbox>
			<xmin>1599</xmin>
			<ymin>530</ymin>
			<xmax>1936</xmax>
			<ymax>1475</ymax>
		</bndbox>
	</object>
	<object>
		<name>ref_coin</name>
		<bndbox>
			<xmin>4746</xmin>
			<ymin>1696</ymin>
			<xmax>5117</xmax>
			<ymax>2067</ymax>
		</bndbox>
	</object>
	<object>
		<name>dish</name>
		<bndbox>
			<xmin>2037</xmin>
			<ymin>386</ymin>
			<xmax>4336</xmax>
			<ymax>2660</ymax>
		</bndbox>
	</object>
	<object>
		<name>알밥</name>
		<bndbox>
			<xmin>2403</xmin>
			<ymin>747</ymin>
			<xmax>3835</xmax>
			<ymax>2328</ymax>
		</bndbox>
	</object>
</annotation>