<annotation>
	<folder>top돌솥밥류돌솥알밥q2</folder>
	<filename>top_돌솥밥류_돌솥_알밥_Q2_00011.JPG</filename>
	<path>/top돌솥밥류돌솥알밥q2/top_돌솥밥류_돌솥_알밥_Q2_00011.JPG</path>
	<source>
		<database>fooddata</database>
	</source>
	<size>
		<width>5472</width>
		<height>3648</height>
		<depth>3</depth>
	</size>
	<object>
		<name>ref_spoon</name>
		<bndbox>
			<xmin>3796</xmin>
			<ymin>458</ymin>
			<xmax>4326</xmax>
			<ymax>1345</ymax>
		</bndbox>
	</object>
	<object>
		<name>ref_fork</name>
		<bndbox>
			<xmin>4587</xmin>
			<ymin>564</ymin>
			<xmax>4982</xmax>
			<ymax>1532</ymax>
		</bndbox>
	</object>
	<object>
		<name>ref_coin</name>
		<bndbox>
			<xmin>2842</xmin>
			<ymin>448</ymin>
			<xmax>3218</xmax>
			<ymax>824</ymax>
		</bndbox>
	</object>
	<object>
		<name>dish</name>
		<bndbox>
			<xmin>1382</xmin>
			<ymin>853</ymin>
			<xmax>3840</xmax>
			<ymax>3287</ymax>
		</bndbox>
	</object>
	<object>
		<name>알밥</name>
		<bndbox>
			<xmin>1811</xmin>
			<ymin>1557</ymin>
			<xmax>3387</xmax>
			<ymax>2993</ymax>
		</bndbox>
	</object>
</annotation>