<annotation>
	<folder>top돌솥밥류돌솥알밥q2</folder>
	<filename>top_돌솥밥류_돌솥_알밥_Q2_00016.JPG</filename>
	<path>/top돌솥밥류돌솥알밥q2/top_돌솥밥류_돌솥_알밥_Q2_00016.JPG</path>
	<source>
		<database>fooddata</database>
	</source>
	<size>
		<width>5472</width>
		<height>3648</height>
		<depth>3</depth>
	</size>
	<object>
		<name>ref_spoon</name>
		<bndbox>
			<xmin>3570</xmin>
			<ymin>419</ymin>
			<xmax>4090</xmax>
			<ymax>1287</ymax>
		</bndbox>
	</object>
	<object>
		<name>ref_fork</name>
		<bndbox>
			<xmin>4346</xmin>
			<ymin>535</ymin>
			<xmax>4721</xmax>
			<ymax>1504</ymax>
		</bndbox>
	</object>
	<object>
		<name>ref_coin</name>
		<bndbox>
			<xmin>524</xmin>
			<ymin>2140</ymin>
			<xmax>919</xmax>
			<ymax>2535</ymax>
		</bndbox>
	</object>
	<object>
		<name>dish</name>
		<bndbox>
			<xmin>1155</xmin>
			<ymin>699</ymin>
			<xmax>3550</xmax>
			<ymax>3075</ymax>
		</bndbox>
	</object>
	<object>
		<name>알밥</name>
		<bndbox>
			<xmin>1488</xmin>
			<ymin>1118</ymin>
			<xmax>3006</xmax>
			<ymax>2679</ymax>
		</bndbox>
	</object>
</annotation>