<annotation>
	<folder>top돌솥밥류돌솥알밥q2</folder>
	<filename>top_돌솥밥류_돌솥_알밥_Q2_00022.JPG</filename>
	<path>/top돌솥밥류돌솥알밥q2/top_돌솥밥류_돌솥_알밥_Q2_00022.JPG</path>
	<source>
		<database>fooddata</database>
	</source>
	<size>
		<width>5472</width>
		<height>3648</height>
		<depth>3</depth>
	</size>
	<object>
		<name>ref_spoon</name>
		<bndbox>
			<xmin>1478</xmin>
			<ymin>3036</ymin>
			<xmax>2249</xmax>
			<ymax>3499</ymax>
		</bndbox>
	</object>
	<object>
		<name>ref_fork</name>
		<bndbox>
			<xmin>1594</xmin>
			<ymin>2554</ymin>
			<xmax>2413</xmax>
			<ymax>2853</ymax>
		</bndbox>
	</object>
	<object>
		<name>ref_coin</name>
		<bndbox>
			<xmin>2563</xmin>
			<ymin>198</ymin>
			<xmax>2866</xmax>
			<ymax>496</ymax>
		</bndbox>
	</object>
	<object>
		<name>dish</name>
		<bndbox>
			<xmin>1989</xmin>
			<ymin>617</ymin>
			<xmax>3941</xmax>
			<ymax>2544</ymax>
		</bndbox>
	</object>
	<object>
		<name>알밥</name>
		<bndbox>
			<xmin>2399</xmin>
			<ymin>998</ymin>
			<xmax>3681</xmax>
			<ymax>2275</ymax>
		</bndbox>
	</object>
</annotation>