<annotation>
	<folder>top돌솥밥류돌솥알밥q2</folder>
	<filename>top_돌솥밥류_돌솥_알밥_Q2_00034.JPG</filename>
	<path>/top돌솥밥류돌솥알밥q2/top_돌솥밥류_돌솥_알밥_Q2_00034.JPG</path>
	<source>
		<database>fooddata</database>
	</source>
	<size>
		<width>5472</width>
		<height>3648</height>
		<depth>3</depth>
	</size>
	<object>
		<name>ref_spoon</name>
		<bndbox>
			<xmin>861</xmin>
			<ymin>434</ymin>
			<xmax>1406</xmax>
			<ymax>1364</ymax>
		</bndbox>
	</object>
	<object>
		<name>ref_fork</name>
		<bndbox>
			<xmin>1584</xmin>
			<ymin>506</ymin>
			<xmax>1955</xmax>
			<ymax>1523</ymax>
		</bndbox>
	</object>
	<object>
		<name>ref_coin</name>
		<bndbox>
			<xmin>2057</xmin>
			<ymin>2660</ymin>
			<xmax>2461</xmax>
			<ymax>3075</ymax>
		</bndbox>
	</object>
	<object>
		<name>dish</name>
		<bndbox>
			<xmin>2008</xmin>
			<ymin>410</ymin>
			<xmax>4529</xmax>
			<ymax>2896</ymax>
		</bndbox>
	</object>
	<object>
		<name>알밥</name>
		<bndbox>
			<xmin>2519</xmin>
			<ymin>781</ymin>
			<xmax>4148</xmax>
			<ymax>2410</ymax>
		</bndbox>
	</object>
</annotation>