<annotation>
	<folder>top돌솥밥류돌솥알밥q2</folder>
	<filename>top_돌솥밥류_돌솥_알밥_Q2_00002.JPG</filename>
	<path>/top돌솥밥류돌솥알밥q2/top_돌솥밥류_돌솥_알밥_Q2_00002.JPG</path>
	<source>
		<database>fooddata</database>
	</source>
	<size>
		<width>5472</width>
		<height>3648</height>
		<depth>3</depth>
	</size>
	<object>
		<name>ref_spoon</name>
		<bndbox>
			<xmin>3396</xmin>
			<ymin>270</ymin>
			<xmax>3936</xmax>
			<ymax>1161</ymax>
		</bndbox>
	</object>
	<object>
		<name>ref_fork</name>
		<bndbox>
			<xmin>4196</xmin>
			<ymin>400</ymin>
			<xmax>4596</xmax>
			<ymax>1383</ymax>
		</bndbox>
	</object>
	<object>
		<name>ref_coin</name>
		<bndbox>
			<xmin>2182</xmin>
			<ymin>3002</ymin>
			<xmax>2587</xmax>
			<ymax>3426</ymax>
		</bndbox>
	</object>
	<object>
		<name>dish</name>
		<bndbox>
			<xmin>770</xmin>
			<ymin>313</ymin>
			<xmax>3300</xmax>
			<ymax>2805</ymax>
		</bndbox>
	</object>
	<object>
		<name>알밥</name>
		<bndbox>
			<xmin>1107</xmin>
			<ymin>824</ymin>
			<xmax>2635</xmax>
			<ymax>2424</ymax>
		</bndbox>
	</object>
</annotation>