<annotation>
	<folder>side비빔밥덮밥류원형배달제육덮밥q4</folder>
	<filename>side_비빔밥덮밥류_원형배달_제육덮밥_Q4_00033.JPG</filename>
	<path>/side비빔밥덮밥류원형배달제육덮밥q4/side_비빔밥덮밥류_원형배달_제육덮밥_Q4_00033.JPG</path>
	<source>
		<database>fooddata</database>
	</source>
	<size>
		<width>3008</width>
		<height>2000</height>
		<depth>3</depth>
	</size>
	<object>
		<name>ref_spoon</name>
		<bndbox>
			<xmin>444</xmin>
			<ymin>486</ymin>
			<xmax>731</xmax>
			<ymax>820</ymax>
		</bndbox>
	</object>
	<object>
		<name>ref_fork</name>
		<bndbox>
			<xmin>822</xmin>
			<ymin>523</ymin>
			<xmax>1010</xmax>
			<ymax>915</ymax>
		</bndbox>
	</object>
	<object>
		<name>ref_coin</name>
		<bndbox>
			<xmin>2088</xmin>
			<ymin>1670</ymin>
			<xmax>2321</xmax>
			<ymax>1840</ymax>
		</bndbox>
	</object>
	<object>
		<name>dish</name>
		<bndbox>
			<xmin>1094</xmin>
			<ymin>258</ymin>
			<xmax>2564</xmax>
			<ymax>1557</ymax>
		</bndbox>
	</object>
	<object>
		<name>제육덮밥</name>
		<bndbox>
			<xmin>1148</xmin>
			<ymin>392</ymin>
			<xmax>2466</xmax>
			<ymax>1158</ymax>
		</bndbox>
	</object>
</annotation>