<annotation>
	<folder>side비빔밥덮밥류원형배달제육덮밥q4</folder>
	<filename>side_비빔밥덮밥류_원형배달_제육덮밥_Q4_00009.JPG</filename>
	<path>/side비빔밥덮밥류원형배달제육덮밥q4/side_비빔밥덮밥류_원형배달_제육덮밥_Q4_00009.JPG</path>
	<source>
		<database>fooddata</database>
	</source>
	<size>
		<width>3008</width>
		<height>2000</height>
		<depth>3</depth>
	</size>
	<object>
		<name>ref_spoon</name>
		<bndbox>
			<xmin>2063</xmin>
			<ymin>450</ymin>
			<xmax>2321</xmax>
			<ymax>762</ymax>
		</bndbox>
	</object>
	<object>
		<name>ref_fork</name>
		<bndbox>
			<xmin>2404</xmin>
			<ymin>490</ymin>
			<xmax>2589</xmax>
			<ymax>835</ymax>
		</bndbox>
	</object>
	<object>
		<name>ref_coin</name>
		<bndbox>
			<xmin>720</xmin>
			<ymin>1572</ymin>
			<xmax>945</xmax>
			<ymax>1731</ymax>
		</bndbox>
	</object>
	<object>
		<name>dish</name>
		<bndbox>
			<xmin>506</xmin>
			<ymin>272</ymin>
			<xmax>1881</xmax>
			<ymax>1448</ymax>
		</bndbox>
	</object>
	<object>
		<name>제육덮밥</name>
		<bndbox>
			<xmin>582</xmin>
			<ymin>523</ymin>
			<xmax>1794</xmax>
			<ymax>1067</ymax>
		</bndbox>
	</object>
</annotation>