<annotation>
	<folder>side비빔밥덮밥류원형배달제육덮밥q4</folder>
	<filename>side_비빔밥덮밥류_원형배달_제육덮밥_Q4_00007.JPG</filename>
	<path>/side비빔밥덮밥류원형배달제육덮밥q4/side_비빔밥덮밥류_원형배달_제육덮밥_Q4_00007.JPG</path>
	<source>
		<database>fooddata</database>
	</source>
	<size>
		<width>3008</width>
		<height>2000</height>
		<depth>3</depth>
	</size>
	<object>
		<name>ref_spoon</name>
		<bndbox>
			<xmin>2223</xmin>
			<ymin>628</ymin>
			<xmax>2477</xmax>
			<ymax>940</ymax>
		</bndbox>
	</object>
	<object>
		<name>ref_fork</name>
		<bndbox>
			<xmin>2557</xmin>
			<ymin>664</ymin>
			<xmax>2738</xmax>
			<ymax>1020</ymax>
		</bndbox>
	</object>
	<object>
		<name>ref_coin</name>
		<bndbox>
			<xmin>125</xmin>
			<ymin>900</ymin>
			<xmax>317</xmax>
			<ymax>1034</ymax>
		</bndbox>
	</object>
	<object>
		<name>dish</name>
		<bndbox>
			<xmin>771</xmin>
			<ymin>432</ymin>
			<xmax>2136</xmax>
			<ymax>1597</ymax>
		</bndbox>
	</object>
	<object>
		<name>제육덮밥</name>
		<bndbox>
			<xmin>901</xmin>
			<ymin>646</ymin>
			<xmax>2027</xmax>
			<ymax>1227</ymax>
		</bndbox>
	</object>
</annotation>