<annotation>
	<folder>side비빔밥덮밥류원형배달제육덮밥q4</folder>
	<filename>side_비빔밥덮밥류_원형배달_제육덮밥_Q4_00017.JPG</filename>
	<path>/side비빔밥덮밥류원형배달제육덮밥q4/side_비빔밥덮밥류_원형배달_제육덮밥_Q4_00017.JPG</path>
	<source>
		<database>fooddata</database>
	</source>
	<size>
		<width>3008</width>
		<height>2000</height>
		<depth>3</depth>
	</size>
	<object>
		<name>ref_spoon</name>
		<bndbox>
			<xmin>814</xmin>
			<ymin>1568</ymin>
			<xmax>1257</xmax>
			<ymax>1822</ymax>
		</bndbox>
	</object>
	<object>
		<name>ref_fork</name>
		<bndbox>
			<xmin>880</xmin>
			<ymin>1314</ymin>
			<xmax>1370</xmax>
			<ymax>1550</ymax>
		</bndbox>
	</object>
	<object>
		<name>ref_coin</name>
		<bndbox>
			<xmin>186</xmin>
			<ymin>1027</ymin>
			<xmax>404</xmax>
			<ymax>1180</ymax>
		</bndbox>
	</object>
	<object>
		<name>dish</name>
		<bndbox>
			<xmin>956</xmin>
			<ymin>76</ymin>
			<xmax>2332</xmax>
			<ymax>1267</ymax>
		</bndbox>
	</object>
	<object>
		<name>제육덮밥</name>
		<bndbox>
			<xmin>1039</xmin>
			<ymin>105</ymin>
			<xmax>2212</xmax>
			<ymax>893</ymax>
		</bndbox>
	</object>
</annotation>