<annotation>
	<folder>side비빔밥덮밥류원형배달제육덮밥q4</folder>
	<filename>side_비빔밥덮밥류_원형배달_제육덮밥_Q4_00004.JPG</filename>
	<path>/side비빔밥덮밥류원형배달제육덮밥q4/side_비빔밥덮밥류_원형배달_제육덮밥_Q4_00004.JPG</path>
	<source>
		<database>fooddata</database>
	</source>
	<size>
		<width>3008</width>
		<height>2000</height>
		<depth>3</depth>
	</size>
	<object>
		<name>ref_spoon</name>
		<bndbox>
			<xmin>2088</xmin>
			<ymin>407</ymin>
			<xmax>2379</xmax>
			<ymax>748</ymax>
		</bndbox>
	</object>
	<object>
		<name>ref_fork</name>
		<bndbox>
			<xmin>2462</xmin>
			<ymin>454</ymin>
			<xmax>2666</xmax>
			<ymax>846</ymax>
		</bndbox>
	</object>
	<object>
		<name>ref_coin</name>
		<bndbox>
			<xmin>1736</xmin>
			<ymin>784</ymin>
			<xmax>1954</xmax>
			<ymax>936</ymax>
		</bndbox>
	</object>
	<object>
		<name>dish</name>
		<bndbox>
			<xmin>125</xmin>
			<ymin>178</ymin>
			<xmax>1646</xmax>
			<ymax>1492</ymax>
		</bndbox>
	</object>
	<object>
		<name>제육덮밥</name>
		<bndbox>
			<xmin>205</xmin>
			<ymin>323</ymin>
			<xmax>1522</xmax>
			<ymax>1085</ymax>
		</bndbox>
	</object>
</annotation>