<annotation>
	<folder>side비빔밥덮밥류원형배달제육덮밥q4</folder>
	<filename>side_비빔밥덮밥류_원형배달_제육덮밥_Q4_00028.JPG</filename>
	<path>/side비빔밥덮밥류원형배달제육덮밥q4/side_비빔밥덮밥류_원형배달_제육덮밥_Q4_00028.JPG</path>
	<source>
		<database>fooddata</database>
	</source>
	<size>
		<width>3008</width>
		<height>2000</height>
		<depth>3</depth>
	</size>
	<object>
		<name>ref_spoon</name>
		<bndbox>
			<xmin>622</xmin>
			<ymin>1419</ymin>
			<xmax>1029</xmax>
			<ymax>1637</ymax>
		</bndbox>
	</object>
	<object>
		<name>ref_fork</name>
		<bndbox>
			<xmin>673</xmin>
			<ymin>1187</ymin>
			<xmax>1112</xmax>
			<ymax>1394</ymax>
		</bndbox>
	</object>
	<object>
		<name>ref_coin</name>
		<bndbox>
			<xmin>462</xmin>
			<ymin>973</ymin>
			<xmax>662</xmax>
			<ymax>1107</ymax>
		</bndbox>
	</object>
	<object>
		<name>dish</name>
		<bndbox>
			<xmin>793</xmin>
			<ymin>80</ymin>
			<xmax>2038</xmax>
			<ymax>1158</ymax>
		</bndbox>
	</object>
	<object>
		<name>제육덮밥</name>
		<bndbox>
			<xmin>851</xmin>
			<ymin>229</ymin>
			<xmax>1889</xmax>
			<ymax>806</ymax>
		</bndbox>
	</object>
</annotation>