<annotation>
	<folder>side비빔밥덮밥류원형배달제육덮밥q4</folder>
	<filename>side_비빔밥덮밥류_원형배달_제육덮밥_Q4_00031.JPG</filename>
	<path>/side비빔밥덮밥류원형배달제육덮밥q4/side_비빔밥덮밥류_원형배달_제육덮밥_Q4_00031.JPG</path>
	<source>
		<database>fooddata</database>
	</source>
	<size>
		<width>3008</width>
		<height>2000</height>
		<depth>3</depth>
	</size>
	<object>
		<name>ref_spoon</name>
		<bndbox>
			<xmin>484</xmin>
			<ymin>548</ymin>
			<xmax>764</xmax>
			<ymax>882</ymax>
		</bndbox>
	</object>
	<object>
		<name>ref_fork</name>
		<bndbox>
			<xmin>865</xmin>
			<ymin>595</ymin>
			<xmax>1050</xmax>
			<ymax>984</ymax>
		</bndbox>
	</object>
	<object>
		<name>ref_coin</name>
		<bndbox>
			<xmin>1275</xmin>
			<ymin>1666</ymin>
			<xmax>1504</xmax>
			<ymax>1837</ymax>
		</bndbox>
	</object>
	<object>
		<name>dish</name>
		<bndbox>
			<xmin>1127</xmin>
			<ymin>330</ymin>
			<xmax>2593</xmax>
			<ymax>1633</ymax>
		</bndbox>
	</object>
	<object>
		<name>제육덮밥</name>
		<bndbox>
			<xmin>1195</xmin>
			<ymin>472</ymin>
			<xmax>2484</xmax>
			<ymax>1249</ymax>
		</bndbox>
	</object>
</annotation>