<annotation>
	<folder>side비빔밥덮밥류원형배달제육덮밥q4</folder>
	<filename>side_비빔밥덮밥류_원형배달_제육덮밥_Q4_00003.JPG</filename>
	<path>/side비빔밥덮밥류원형배달제육덮밥q4/side_비빔밥덮밥류_원형배달_제육덮밥_Q4_00003.JPG</path>
	<source>
		<database>fooddata</database>
	</source>
	<size>
		<width>3008</width>
		<height>2000</height>
		<depth>3</depth>
	</size>
	<object>
		<name>ref_spoon</name>
		<bndbox>
			<xmin>2088</xmin>
			<ymin>468</ymin>
			<xmax>2375</xmax>
			<ymax>806</ymax>
		</bndbox>
	</object>
	<object>
		<name>ref_fork</name>
		<bndbox>
			<xmin>2462</xmin>
			<ymin>512</ymin>
			<xmax>2666</xmax>
			<ymax>904</ymax>
		</bndbox>
	</object>
	<object>
		<name>ref_coin</name>
		<bndbox>
			<xmin>1754</xmin>
			<ymin>1103</ymin>
			<xmax>1979</xmax>
			<ymax>1256</ymax>
		</bndbox>
	</object>
	<object>
		<name>dish</name>
		<bndbox>
			<xmin>172</xmin>
			<ymin>225</ymin>
			<xmax>1696</xmax>
			<ymax>1535</ymax>
		</bndbox>
	</object>
	<object>
		<name>제육덮밥</name>
		<bndbox>
			<xmin>270</xmin>
			<ymin>388</ymin>
			<xmax>1591</xmax>
			<ymax>1122</ymax>
		</bndbox>
	</object>
</annotation>