<annotation>
	<folder>side비빔밥덮밥류원형배달제육덮밥q4</folder>
	<filename>side_비빔밥덮밥류_원형배달_제육덮밥_Q4_00008.JPG</filename>
	<path>/side비빔밥덮밥류원형배달제육덮밥q4/side_비빔밥덮밥류_원형배달_제육덮밥_Q4_00008.JPG</path>
	<source>
		<database>fooddata</database>
	</source>
	<size>
		<width>3008</width>
		<height>2000</height>
		<depth>3</depth>
	</size>
	<object>
		<name>ref_spoon</name>
		<bndbox>
			<xmin>2067</xmin>
			<ymin>479</ymin>
			<xmax>2324</xmax>
			<ymax>780</ymax>
		</bndbox>
	</object>
	<object>
		<name>ref_fork</name>
		<bndbox>
			<xmin>2404</xmin>
			<ymin>512</ymin>
			<xmax>2589</xmax>
			<ymax>860</ymax>
		</bndbox>
	</object>
	<object>
		<name>ref_coin</name>
		<bndbox>
			<xmin>350</xmin>
			<ymin>1448</ymin>
			<xmax>564</xmax>
			<ymax>1601</ymax>
		</bndbox>
	</object>
	<object>
		<name>dish</name>
		<bndbox>
			<xmin>542</xmin>
			<ymin>294</ymin>
			<xmax>1907</xmax>
			<ymax>1466</ymax>
		</bndbox>
	</object>
	<object>
		<name>제육덮밥</name>
		<bndbox>
			<xmin>582</xmin>
			<ymin>613</ymin>
			<xmax>1813</xmax>
			<ymax>1082</ymax>
		</bndbox>
	</object>
</annotation>