<annotation>
	<folder>top비빔밥덮밥류원형배달제육덮밥q4</folder>
	<filename>top_비빔밥덮밥류_원형배달_제육덮밥_Q4_00040.JPG</filename>
	<path>/top비빔밥덮밥류원형배달제육덮밥q4/top_비빔밥덮밥류_원형배달_제육덮밥_Q4_00040.JPG</path>
	<source>
		<database>fooddata</database>
	</source>
	<size>
		<width>3008</width>
		<height>2000</height>
		<depth>3</depth>
	</size>
	<object>
		<name>ref_spoon</name>
		<bndbox>
			<xmin>446</xmin>
			<ymin>307</ymin>
			<xmax>697</xmax>
			<ymax>693</ymax>
		</bndbox>
	</object>
	<object>
		<name>ref_fork</name>
		<bndbox>
			<xmin>811</xmin>
			<ymin>318</ymin>
			<xmax>993</xmax>
			<ymax>781</ymax>
		</bndbox>
	</object>
	<object>
		<name>ref_coin</name>
		<bndbox>
			<xmin>2416</xmin>
			<ymin>646</ymin>
			<xmax>2599</xmax>
			<ymax>821</ymax>
		</bndbox>
	</object>
	<object>
		<name>dish</name>
		<bndbox>
			<xmin>1033</xmin>
			<ymin>288</ymin>
			<xmax>2358</xmax>
			<ymax>1547</ymax>
		</bndbox>
	</object>
	<object>
		<name>제육덮밥</name>
		<bndbox>
			<xmin>1117</xmin>
			<ymin>383</ymin>
			<xmax>2212</xmax>
			<ymax>1511</ymax>
		</bndbox>
	</object>
</annotation>