<annotation>
	<folder>top비빔밥덮밥류원형배달제육덮밥q4</folder>
	<filename>top_비빔밥덮밥류_원형배달_제육덮밥_Q4_00020.JPG</filename>
	<path>/top비빔밥덮밥류원형배달제육덮밥q4/top_비빔밥덮밥류_원형배달_제육덮밥_Q4_00020.JPG</path>
	<source>
		<database>fooddata</database>
	</source>
	<size>
		<width>3008</width>
		<height>2000</height>
		<depth>3</depth>
	</size>
	<object>
		<name>ref_spoon</name>
		<bndbox>
			<xmin>927</xmin>
			<ymin>1573</ymin>
			<xmax>1274</xmax>
			<ymax>1818</ymax>
		</bndbox>
	</object>
	<object>
		<name>ref_fork</name>
		<bndbox>
			<xmin>982</xmin>
			<ymin>1318</ymin>
			<xmax>1376</xmax>
			<ymax>1482</ymax>
		</bndbox>
	</object>
	<object>
		<name>ref_coin</name>
		<bndbox>
			<xmin>727</xmin>
			<ymin>766</ymin>
			<xmax>895</xmax>
			<ymax>920</ymax>
		</bndbox>
	</object>
	<object>
		<name>dish</name>
		<bndbox>
			<xmin>997</xmin>
			<ymin>99</ymin>
			<xmax>2132</xmax>
			<ymax>1179</ymax>
		</bndbox>
	</object>
	<object>
		<name>제육덮밥</name>
		<bndbox>
			<xmin>1066</xmin>
			<ymin>226</ymin>
			<xmax>2019</xmax>
			<ymax>1157</ymax>
		</bndbox>
	</object>
</annotation>