<annotation>
	<folder>top비빔밥덮밥류원형배달제육덮밥q4</folder>
	<filename>top_비빔밥덮밥류_원형배달_제육덮밥_Q4_00014.JPG</filename>
	<path>/top비빔밥덮밥류원형배달제육덮밥q4/top_비빔밥덮밥류_원형배달_제육덮밥_Q4_00014.JPG</path>
	<source>
		<database>fooddata</database>
	</source>
	<size>
		<width>3008</width>
		<height>2000</height>
		<depth>3</depth>
	</size>
	<object>
		<name>ref_spoon</name>
		<bndbox>
			<xmin>2011</xmin>
			<ymin>372</ymin>
			<xmax>2241</xmax>
			<ymax>730</ymax>
		</bndbox>
	</object>
	<object>
		<name>ref_fork</name>
		<bndbox>
			<xmin>2343</xmin>
			<ymin>438</ymin>
			<xmax>2519</xmax>
			<ymax>836</ymax>
		</bndbox>
	</object>
	<object>
		<name>ref_coin</name>
		<bndbox>
			<xmin>1592</xmin>
			<ymin>299</ymin>
			<xmax>1752</xmax>
			<ymax>449</ymax>
		</bndbox>
	</object>
	<object>
		<name>dish</name>
		<bndbox>
			<xmin>581</xmin>
			<ymin>478</ymin>
			<xmax>1789</xmax>
			<ymax>1624</ymax>
		</bndbox>
	</object>
	<object>
		<name>제육덮밥</name>
		<bndbox>
			<xmin>679</xmin>
			<ymin>588</ymin>
			<xmax>1738</xmax>
			<ymax>1588</ymax>
		</bndbox>
	</object>
</annotation>