<annotation>
	<folder>top비빔밥덮밥류원형배달제육덮밥q4</folder>
	<filename>top_비빔밥덮밥류_원형배달_제육덮밥_Q4_00016.JPG</filename>
	<path>/top비빔밥덮밥류원형배달제육덮밥q4/top_비빔밥덮밥류_원형배달_제육덮밥_Q4_00016.JPG</path>
	<source>
		<database>fooddata</database>
	</source>
	<size>
		<width>3008</width>
		<height>2000</height>
		<depth>3</depth>
	</size>
	<object>
		<name>ref_spoon</name>
		<bndbox>
			<xmin>2033</xmin>
			<ymin>354</ymin>
			<xmax>2270</xmax>
			<ymax>715</ymax>
		</bndbox>
	</object>
	<object>
		<name>ref_fork</name>
		<bndbox>
			<xmin>2376</xmin>
			<ymin>412</ymin>
			<xmax>2548</xmax>
			<ymax>803</ymax>
		</bndbox>
	</object>
	<object>
		<name>ref_coin</name>
		<bndbox>
			<xmin>1818</xmin>
			<ymin>964</ymin>
			<xmax>1989</xmax>
			<ymax>1142</ymax>
		</bndbox>
	</object>
	<object>
		<name>dish</name>
		<bndbox>
			<xmin>442</xmin>
			<ymin>380</ymin>
			<xmax>1665</xmax>
			<ymax>1518</ymax>
		</bndbox>
	</object>
	<object>
		<name>제육덮밥</name>
		<bndbox>
			<xmin>595</xmin>
			<ymin>474</ymin>
			<xmax>1592</xmax>
			<ymax>1493</ymax>
		</bndbox>
	</object>
</annotation>