<annotation>
	<folder>top비빔밥덮밥류원형배달제육덮밥q4</folder>
	<filename>top_비빔밥덮밥류_원형배달_제육덮밥_Q4_00047.JPG</filename>
	<path>/top비빔밥덮밥류원형배달제육덮밥q4/top_비빔밥덮밥류_원형배달_제육덮밥_Q4_00047.JPG</path>
	<source>
		<database>fooddata</database>
	</source>
	<size>
		<width>3008</width>
		<height>2000</height>
		<depth>3</depth>
	</size>
	<object>
		<name>ref_spoon</name>
		<bndbox>
			<xmin>442</xmin>
			<ymin>172</ymin>
			<xmax>690</xmax>
			<ymax>573</ymax>
		</bndbox>
	</object>
	<object>
		<name>ref_fork</name>
		<bndbox>
			<xmin>811</xmin>
			<ymin>197</ymin>
			<xmax>993</xmax>
			<ymax>628</ymax>
		</bndbox>
	</object>
	<object>
		<name>ref_coin</name>
		<bndbox>
			<xmin>2489</xmin>
			<ymin>1303</ymin>
			<xmax>2676</xmax>
			<ymax>1496</ymax>
		</bndbox>
	</object>
	<object>
		<name>dish</name>
		<bndbox>
			<xmin>1245</xmin>
			<ymin>303</ymin>
			<xmax>2559</xmax>
			<ymax>1595</ymax>
		</bndbox>
	</object>
	<object>
		<name>제육덮밥</name>
		<bndbox>
			<xmin>1300</xmin>
			<ymin>438</ymin>
			<xmax>2460</xmax>
			<ymax>1573</ymax>
		</bndbox>
	</object>
</annotation>