<annotation>
	<folder>top비빔밥덮밥류원형배달제육덮밥q4</folder>
	<filename>top_비빔밥덮밥류_원형배달_제육덮밥_Q4_00008.JPG</filename>
	<path>/top비빔밥덮밥류원형배달제육덮밥q4/top_비빔밥덮밥류_원형배달_제육덮밥_Q4_00008.JPG</path>
	<source>
		<database>fooddata</database>
	</source>
	<size>
		<width>3008</width>
		<height>2000</height>
		<depth>3</depth>
	</size>
	<object>
		<name>ref_spoon</name>
		<bndbox>
			<xmin>2011</xmin>
			<ymin>310</ymin>
			<xmax>2234</xmax>
			<ymax>675</ymax>
		</bndbox>
	</object>
	<object>
		<name>ref_fork</name>
		<bndbox>
			<xmin>2340</xmin>
			<ymin>383</ymin>
			<xmax>2515</xmax>
			<ymax>763</ymax>
		</bndbox>
	</object>
	<object>
		<name>ref_coin</name>
		<bndbox>
			<xmin>343</xmin>
			<ymin>1062</ymin>
			<xmax>504</xmax>
			<ymax>1223</ymax>
		</bndbox>
	</object>
	<object>
		<name>dish</name>
		<bndbox>
			<xmin>741</xmin>
			<ymin>431</ymin>
			<xmax>1960</xmax>
			<ymax>1588</ymax>
		</bndbox>
	</object>
	<object>
		<name>제육덮밥</name>
		<bndbox>
			<xmin>836</xmin>
			<ymin>566</ymin>
			<xmax>1873</xmax>
			<ymax>1533</ymax>
		</bndbox>
	</object>
</annotation>