<annotation>
	<folder>top비빔밥덮밥류원형배달제육덮밥q4</folder>
	<filename>top_비빔밥덮밥류_원형배달_제육덮밥_Q4_00006.JPG</filename>
	<path>/top비빔밥덮밥류원형배달제육덮밥q4/top_비빔밥덮밥류_원형배달_제육덮밥_Q4_00006.JPG</path>
	<source>
		<database>fooddata</database>
	</source>
	<size>
		<width>3008</width>
		<height>2000</height>
		<depth>3</depth>
	</size>
	<object>
		<name>ref_spoon</name>
		<bndbox>
			<xmin>1989</xmin>
			<ymin>336</ymin>
			<xmax>2227</xmax>
			<ymax>704</ymax>
		</bndbox>
	</object>
	<object>
		<name>ref_fork</name>
		<bndbox>
			<xmin>2325</xmin>
			<ymin>405</ymin>
			<xmax>2497</xmax>
			<ymax>792</ymax>
		</bndbox>
	</object>
	<object>
		<name>ref_coin</name>
		<bndbox>
			<xmin>464</xmin>
			<ymin>1350</ymin>
			<xmax>632</xmax>
			<ymax>1515</ymax>
		</bndbox>
	</object>
	<object>
		<name>dish</name>
		<bndbox>
			<xmin>679</xmin>
			<ymin>380</ymin>
			<xmax>1887</xmax>
			<ymax>1533</ymax>
		</bndbox>
	</object>
	<object>
		<name>제육덮밥</name>
		<bndbox>
			<xmin>785</xmin>
			<ymin>493</ymin>
			<xmax>1814</xmax>
			<ymax>1504</ymax>
		</bndbox>
	</object>
</annotation>