<annotation>
	<folder>side어육류정형사각배달돈가스q2</folder>
	<filename>side_어육류정형_사각배달_돈가스_Q2_00049.JPG</filename>
	<path>/side어육류정형사각배달돈가스q2/side_어육류정형_사각배달_돈가스_Q2_00049.JPG</path>
	<source>
		<database>fooddata</database>
	</source>
	<size>
		<width>3008</width>
		<height>2000</height>
		<depth>3</depth>
	</size>
	<object>
		<name>ref_spoon</name>
		<bndbox>
			<xmin>117</xmin>
			<ymin>615</ymin>
			<xmax>428</xmax>
			<ymax>1004</ymax>
		</bndbox>
	</object>
	<object>
		<name>ref_fork</name>
		<bndbox>
			<xmin>536</xmin>
			<ymin>658</ymin>
			<xmax>752</xmax>
			<ymax>1099</ymax>
		</bndbox>
	</object>
	<object>
		<name>ref_coin</name>
		<bndbox>
			<xmin>2663</xmin>
			<ymin>1499</ymin>
			<xmax>2924</xmax>
			<ymax>1673</ymax>
		</bndbox>
	</object>
	<object>
		<name>dish</name>
		<bndbox>
			<xmin>866</xmin>
			<ymin>681</ymin>
			<xmax>2529</xmax>
			<ymax>1657</ymax>
		</bndbox>
	</object>
	<object>
		<name>돈가스</name>
		<bndbox>
			<xmin>1269</xmin>
			<ymin>1058</ymin>
			<xmax>2201</xmax>
			<ymax>1385</ymax>
		</bndbox>
	</object>
</annotation>