<annotation>
	<folder>side어육류정형사각배달돈가스q2</folder>
	<filename>side_어육류정형_사각배달_돈가스_Q2_00029.JPG</filename>
	<path>/side어육류정형사각배달돈가스q2/side_어육류정형_사각배달_돈가스_Q2_00029.JPG</path>
	<source>
		<database>fooddata</database>
	</source>
	<size>
		<width>3008</width>
		<height>2000</height>
		<depth>3</depth>
	</size>
	<object>
		<name>ref_spoon</name>
		<bndbox>
			<xmin>670</xmin>
			<ymin>1456</ymin>
			<xmax>1127</xmax>
			<ymax>1703</ymax>
		</bndbox>
	</object>
	<object>
		<name>ref_fork</name>
		<bndbox>
			<xmin>698</xmin>
			<ymin>1225</ymin>
			<xmax>1181</xmax>
			<ymax>1459</ymax>
		</bndbox>
	</object>
	<object>
		<name>ref_coin</name>
		<bndbox>
			<xmin>714</xmin>
			<ymin>187</ymin>
			<xmax>912</xmax>
			<ymax>304</ymax>
		</bndbox>
	</object>
	<object>
		<name>dish</name>
		<bndbox>
			<xmin>722</xmin>
			<ymin>249</ymin>
			<xmax>2184</xmax>
			<ymax>1180</ymax>
		</bndbox>
	</object>
	<object>
		<name>돈가스</name>
		<bndbox>
			<xmin>1159</xmin>
			<ymin>674</ymin>
			<xmax>1825</xmax>
			<ymax>960</ymax>
		</bndbox>
	</object>
</annotation>