<annotation>
	<folder>side어육류정형사각배달돈가스q2</folder>
	<filename>side_어육류정형_사각배달_돈가스_Q2_00041.JPG</filename>
	<path>/side어육류정형사각배달돈가스q2/side_어육류정형_사각배달_돈가스_Q2_00041.JPG</path>
	<source>
		<database>fooddata</database>
	</source>
	<size>
		<width>3008</width>
		<height>2000</height>
		<depth>3</depth>
	</size>
	<object>
		<name>ref_spoon</name>
		<bndbox>
			<xmin>340</xmin>
			<ymin>277</ymin>
			<xmax>646</xmax>
			<ymax>674</ymax>
		</bndbox>
	</object>
	<object>
		<name>ref_fork</name>
		<bndbox>
			<xmin>756</xmin>
			<ymin>329</ymin>
			<xmax>976</xmax>
			<ymax>769</ymax>
		</bndbox>
	</object>
	<object>
		<name>ref_coin</name>
		<bndbox>
			<xmin>1328</xmin>
			<ymin>1671</ymin>
			<xmax>1597</xmax>
			<ymax>1865</ymax>
		</bndbox>
	</object>
	<object>
		<name>dish</name>
		<bndbox>
			<xmin>1088</xmin>
			<ymin>203</ymin>
			<xmax>2348</xmax>
			<ymax>1476</ymax>
		</bndbox>
	</object>
	<object>
		<name>돈가스</name>
		<bndbox>
			<xmin>1328</xmin>
			<ymin>806</ymin>
			<xmax>2054</xmax>
			<ymax>1196</ymax>
		</bndbox>
	</object>
</annotation>