<annotation>
	<folder>side어육류정형사각배달돈가스q2</folder>
	<filename>side_어육류정형_사각배달_돈가스_Q2_00046.JPG</filename>
	<path>/side어육류정형사각배달돈가스q2/side_어육류정형_사각배달_돈가스_Q2_00046.JPG</path>
	<source>
		<database>fooddata</database>
	</source>
	<size>
		<width>3008</width>
		<height>2000</height>
		<depth>3</depth>
	</size>
	<object>
		<name>ref_spoon</name>
		<bndbox>
			<xmin>318</xmin>
			<ymin>462</ymin>
			<xmax>625</xmax>
			<ymax>854</ymax>
		</bndbox>
	</object>
	<object>
		<name>ref_fork</name>
		<bndbox>
			<xmin>730</xmin>
			<ymin>504</ymin>
			<xmax>954</xmax>
			<ymax>941</ymax>
		</bndbox>
	</object>
	<object>
		<name>ref_coin</name>
		<bndbox>
			<xmin>2213</xmin>
			<ymin>422</ymin>
			<xmax>2443</xmax>
			<ymax>585</ymax>
		</bndbox>
	</object>
	<object>
		<name>dish</name>
		<bndbox>
			<xmin>917</xmin>
			<ymin>608</ymin>
			<xmax>2611</xmax>
			<ymax>1657</ymax>
		</bndbox>
	</object>
	<object>
		<name>돈가스</name>
		<bndbox>
			<xmin>1247</xmin>
			<ymin>945</ymin>
			<xmax>2164</xmax>
			<ymax>1377</ymax>
		</bndbox>
	</object>
</annotation>