<annotation>
	<folder>side어육류정형사각배달돈가스q2</folder>
	<filename>side_어육류정형_사각배달_돈가스_Q2_00009.JPG</filename>
	<path>/side어육류정형사각배달돈가스q2/side_어육류정형_사각배달_돈가스_Q2_00009.JPG</path>
	<source>
		<database>fooddata</database>
	</source>
	<size>
		<width>3008</width>
		<height>2000</height>
		<depth>3</depth>
	</size>
	<object>
		<name>ref_spoon</name>
		<bndbox>
			<xmin>2081</xmin>
			<ymin>527</ymin>
			<xmax>2399</xmax>
			<ymax>944</ymax>
		</bndbox>
	</object>
	<object>
		<name>ref_fork</name>
		<bndbox>
			<xmin>2498</xmin>
			<ymin>571</ymin>
			<xmax>2729</xmax>
			<ymax>1040</ymax>
		</bndbox>
	</object>
	<object>
		<name>ref_coin</name>
		<bndbox>
			<xmin>1680</xmin>
			<ymin>1318</ymin>
			<xmax>1944</xmax>
			<ymax>1524</ymax>
		</bndbox>
	</object>
	<object>
		<name>dish</name>
		<bndbox>
			<xmin>222</xmin>
			<ymin>218</ymin>
			<xmax>1827</xmax>
			<ymax>1733</ymax>
		</bndbox>
	</object>
	<object>
		<name>돈가스</name>
		<bndbox>
			<xmin>954</xmin>
			<ymin>702</ymin>
			<xmax>1628</xmax>
			<ymax>1415</ymax>
		</bndbox>
	</object>
</annotation>