<annotation>
	<folder>side어육류정형사각배달돈가스q2</folder>
	<filename>side_어육류정형_사각배달_돈가스_Q2_00014.JPG</filename>
	<path>/side어육류정형사각배달돈가스q2/side_어육류정형_사각배달_돈가스_Q2_00014.JPG</path>
	<source>
		<database>fooddata</database>
	</source>
	<size>
		<width>3008</width>
		<height>2000</height>
		<depth>3</depth>
	</size>
	<object>
		<name>ref_spoon</name>
		<bndbox>
			<xmin>2042</xmin>
			<ymin>649</ymin>
			<xmax>2345</xmax>
			<ymax>1036</ymax>
		</bndbox>
	</object>
	<object>
		<name>ref_fork</name>
		<bndbox>
			<xmin>2435</xmin>
			<ymin>666</ymin>
			<xmax>2649</xmax>
			<ymax>1114</ymax>
		</bndbox>
	</object>
	<object>
		<name>ref_coin</name>
		<bndbox>
			<xmin>110</xmin>
			<ymin>835</ymin>
			<xmax>367</xmax>
			<ymax>1011</ymax>
		</bndbox>
	</object>
	<object>
		<name>dish</name>
		<bndbox>
			<xmin>815</xmin>
			<ymin>492</ymin>
			<xmax>2009</xmax>
			<ymax>1759</ymax>
		</bndbox>
	</object>
	<object>
		<name>돈가스</name>
		<bndbox>
			<xmin>1027</xmin>
			<ymin>820</ymin>
			<xmax>1717</xmax>
			<ymax>1505</ymax>
		</bndbox>
	</object>
</annotation>