<annotation>
	<folder>side어육류정형사각배달돈가스q2</folder>
	<filename>side_어육류정형_사각배달_돈가스_Q2_00001.JPG</filename>
	<path>/side어육류정형사각배달돈가스q2/side_어육류정형_사각배달_돈가스_Q2_00001.JPG</path>
	<source>
		<database>fooddata</database>
	</source>
	<size>
		<width>3008</width>
		<height>2000</height>
		<depth>3</depth>
	</size>
	<object>
		<name>ref_spoon</name>
		<bndbox>
			<xmin>2186</xmin>
			<ymin>343</ymin>
			<xmax>2524</xmax>
			<ymax>776</ymax>
		</bndbox>
	</object>
	<object>
		<name>ref_fork</name>
		<bndbox>
			<xmin>2628</xmin>
			<ymin>365</ymin>
			<xmax>2883</xmax>
			<ymax>845</ymax>
		</bndbox>
	</object>
	<object>
		<name>ref_coin</name>
		<bndbox>
			<xmin>1717</xmin>
			<ymin>104</ymin>
			<xmax>1950</xmax>
			<ymax>263</ymax>
		</bndbox>
	</object>
	<object>
		<name>dish</name>
		<bndbox>
			<xmin>87</xmin>
			<ymin>512</ymin>
			<xmax>1997</xmax>
			<ymax>1651</ymax>
		</bndbox>
	</object>
	<object>
		<name>돈가스</name>
		<bndbox>
			<xmin>697</xmin>
			<ymin>1048</ymin>
			<xmax>1620</xmax>
			<ymax>1350</ymax>
		</bndbox>
	</object>
</annotation>