<annotation>
	<folder>side어육류정형사각배달돈가스q2</folder>
	<filename>side_어육류정형_사각배달_돈가스_Q2_00030.JPG</filename>
	<path>/side어육류정형사각배달돈가스q2/side_어육류정형_사각배달_돈가스_Q2_00030.JPG</path>
	<source>
		<database>fooddata</database>
	</source>
	<size>
		<width>3008</width>
		<height>2000</height>
		<depth>3</depth>
	</size>
	<object>
		<name>ref_spoon</name>
		<bndbox>
			<xmin>741</xmin>
			<ymin>1422</ymin>
			<xmax>1198</xmax>
			<ymax>1679</ymax>
		</bndbox>
	</object>
	<object>
		<name>ref_fork</name>
		<bndbox>
			<xmin>763</xmin>
			<ymin>1215</ymin>
			<xmax>1238</xmax>
			<ymax>1432</ymax>
		</bndbox>
	</object>
	<object>
		<name>ref_coin</name>
		<bndbox>
			<xmin>347</xmin>
			<ymin>466</ymin>
			<xmax>555</xmax>
			<ymax>606</ymax>
		</bndbox>
	</object>
	<object>
		<name>dish</name>
		<bndbox>
			<xmin>858</xmin>
			<ymin>142</ymin>
			<xmax>2281</xmax>
			<ymax>1202</ymax>
		</bndbox>
	</object>
	<object>
		<name>돈가스</name>
		<bndbox>
			<xmin>1264</xmin>
			<ymin>603</ymin>
			<xmax>1787</xmax>
			<ymax>949</ymax>
		</bndbox>
	</object>
</annotation>