<annotation>
	<folder>top어육류정형사각배달돈가스q2</folder>
	<filename>top_어육류정형_사각배달_돈가스_Q2_00028.JPG</filename>
	<path>/top어육류정형사각배달돈가스q2/top_어육류정형_사각배달_돈가스_Q2_00028.JPG</path>
	<source>
		<database>fooddata</database>
	</source>
	<size>
		<width>3008</width>
		<height>2000</height>
		<depth>3</depth>
	</size>
	<object>
		<name>ref_spoon</name>
		<bndbox>
			<xmin>635</xmin>
			<ymin>1596</ymin>
			<xmax>969</xmax>
			<ymax>1831</ymax>
		</bndbox>
	</object>
	<object>
		<name>ref_fork</name>
		<bndbox>
			<xmin>668</xmin>
			<ymin>1325</ymin>
			<xmax>1021</xmax>
			<ymax>1483</ymax>
		</bndbox>
	</object>
	<object>
		<name>ref_coin</name>
		<bndbox>
			<xmin>1780</xmin>
			<ymin>383</ymin>
			<xmax>1937</xmax>
			<ymax>543</ymax>
		</bndbox>
	</object>
	<object>
		<name>dish</name>
		<bndbox>
			<xmin>633</xmin>
			<ymin>122</ymin>
			<xmax>1853</xmax>
			<ymax>1321</ymax>
		</bndbox>
	</object>
	<object>
		<name>돈가스</name>
		<bndbox>
			<xmin>1080</xmin>
			<ymin>491</ymin>
			<xmax>1583</xmax>
			<ymax>1159</ymax>
		</bndbox>
	</object>
</annotation>