<annotation>
	<folder>top어육류정형사각배달돈가스q2</folder>
	<filename>top_어육류정형_사각배달_돈가스_Q2_00003.JPG</filename>
	<path>/top어육류정형사각배달돈가스q2/top_어육류정형_사각배달_돈가스_Q2_00003.JPG</path>
	<source>
		<database>fooddata</database>
	</source>
	<size>
		<width>3008</width>
		<height>2000</height>
		<depth>3</depth>
	</size>
	<object>
		<name>ref_spoon</name>
		<bndbox>
			<xmin>1627</xmin>
			<ymin>740</ymin>
			<xmax>1893</xmax>
			<ymax>1116</ymax>
		</bndbox>
	</object>
	<object>
		<name>ref_fork</name>
		<bndbox>
			<xmin>1919</xmin>
			<ymin>799</ymin>
			<xmax>2135</xmax>
			<ymax>1217</ymax>
		</bndbox>
	</object>
	<object>
		<name>ref_coin</name>
		<bndbox>
			<xmin>936</xmin>
			<ymin>120</ymin>
			<xmax>1115</xmax>
			<ymax>294</ymax>
		</bndbox>
	</object>
	<object>
		<name>dish</name>
		<bndbox>
			<xmin>259</xmin>
			<ymin>418</ymin>
			<xmax>1423</xmax>
			<ymax>1812</ymax>
		</bndbox>
	</object>
	<object>
		<name>돈가스</name>
		<bndbox>
			<xmin>657</xmin>
			<ymin>635</ymin>
			<xmax>1232</xmax>
			<ymax>1492</ymax>
		</bndbox>
	</object>
</annotation>