<annotation>
	<folder>top어육류정형사각배달돈가스q2</folder>
	<filename>top_어육류정형_사각배달_돈가스_Q2_00050.JPG</filename>
	<path>/top어육류정형사각배달돈가스q2/top_어육류정형_사각배달_돈가스_Q2_00050.JPG</path>
	<source>
		<database>fooddata</database>
	</source>
	<size>
		<width>3008</width>
		<height>2000</height>
		<depth>3</depth>
	</size>
	<object>
		<name>ref_spoon</name>
		<bndbox>
			<xmin>650</xmin>
			<ymin>153</ymin>
			<xmax>906</xmax>
			<ymax>522</ymax>
		</bndbox>
	</object>
	<object>
		<name>ref_fork</name>
		<bndbox>
			<xmin>969</xmin>
			<ymin>284</ymin>
			<xmax>1150</xmax>
			<ymax>691</ymax>
		</bndbox>
	</object>
	<object>
		<name>ref_coin</name>
		<bndbox>
			<xmin>2250</xmin>
			<ymin>1192</ymin>
			<xmax>2426</xmax>
			<ymax>1370</ymax>
		</bndbox>
	</object>
	<object>
		<name>dish</name>
		<bndbox>
			<xmin>1117</xmin>
			<ymin>423</ymin>
			<xmax>2222</xmax>
			<ymax>1774</ymax>
		</bndbox>
	</object>
	<object>
		<name>돈가스</name>
		<bndbox>
			<xmin>1317</xmin>
			<ymin>644</ymin>
			<xmax>2062</xmax>
			<ymax>1344</ymax>
		</bndbox>
	</object>
</annotation>