<annotation>
	<folder>top어육류정형사각배달돈가스q2</folder>
	<filename>top_어육류정형_사각배달_돈가스_Q2_00017.JPG</filename>
	<path>/top어육류정형사각배달돈가스q2/top_어육류정형_사각배달_돈가스_Q2_00017.JPG</path>
	<source>
		<database>fooddata</database>
	</source>
	<size>
		<width>3008</width>
		<height>2000</height>
		<depth>3</depth>
	</size>
	<object>
		<name>ref_spoon</name>
		<bndbox>
			<xmin>1787</xmin>
			<ymin>590</ymin>
			<xmax>2034</xmax>
			<ymax>942</ymax>
		</bndbox>
	</object>
	<object>
		<name>ref_fork</name>
		<bndbox>
			<xmin>2053</xmin>
			<ymin>656</ymin>
			<xmax>2266</xmax>
			<ymax>1048</ymax>
		</bndbox>
	</object>
	<object>
		<name>ref_coin</name>
		<bndbox>
			<xmin>647</xmin>
			<ymin>162</ymin>
			<xmax>819</xmax>
			<ymax>324</ymax>
		</bndbox>
	</object>
	<object>
		<name>dish</name>
		<bndbox>
			<xmin>393</xmin>
			<ymin>498</ymin>
			<xmax>1646</xmax>
			<ymax>1826</ymax>
		</bndbox>
	</object>
	<object>
		<name>돈가스</name>
		<bndbox>
			<xmin>779</xmin>
			<ymin>667</ymin>
			<xmax>1420</xmax>
			<ymax>1412</ymax>
		</bndbox>
	</object>
</annotation>