<annotation>
	<folder>top어육류정형사각배달돈가스q2</folder>
	<filename>top_어육류정형_사각배달_돈가스_Q2_00014.JPG</filename>
	<path>/top어육류정형사각배달돈가스q2/top_어육류정형_사각배달_돈가스_Q2_00014.JPG</path>
	<source>
		<database>fooddata</database>
	</source>
	<size>
		<width>3008</width>
		<height>2000</height>
		<depth>3</depth>
	</size>
	<object>
		<name>ref_spoon</name>
		<bndbox>
			<xmin>2048</xmin>
			<ymin>484</ymin>
			<xmax>2309</xmax>
			<ymax>870</ymax>
		</bndbox>
	</object>
	<object>
		<name>ref_fork</name>
		<bndbox>
			<xmin>2335</xmin>
			<ymin>536</ymin>
			<xmax>2560</xmax>
			<ymax>964</ymax>
		</bndbox>
	</object>
	<object>
		<name>ref_coin</name>
		<bndbox>
			<xmin>1684</xmin>
			<ymin>526</ymin>
			<xmax>1867</xmax>
			<ymax>707</ymax>
		</bndbox>
	</object>
	<object>
		<name>dish</name>
		<bndbox>
			<xmin>342</xmin>
			<ymin>402</ymin>
			<xmax>1780</xmax>
			<ymax>1758</ymax>
		</bndbox>
	</object>
	<object>
		<name>돈가스</name>
		<bndbox>
			<xmin>868</xmin>
			<ymin>832</ymin>
			<xmax>1630</xmax>
			<ymax>1551</ymax>
		</bndbox>
	</object>
</annotation>