<annotation>
	<folder>top어육류정형사각배달돈가스q2</folder>
	<filename>top_어육류정형_사각배달_돈가스_Q2_00026.JPG</filename>
	<path>/top어육류정형사각배달돈가스q2/top_어육류정형_사각배달_돈가스_Q2_00026.JPG</path>
	<source>
		<database>fooddata</database>
	</source>
	<size>
		<width>3008</width>
		<height>2000</height>
		<depth>3</depth>
	</size>
	<object>
		<name>ref_spoon</name>
		<bndbox>
			<xmin>727</xmin>
			<ymin>1716</ymin>
			<xmax>1068</xmax>
			<ymax>1944</ymax>
		</bndbox>
	</object>
	<object>
		<name>ref_fork</name>
		<bndbox>
			<xmin>769</xmin>
			<ymin>1457</ymin>
			<xmax>1115</xmax>
			<ymax>1610</ymax>
		</bndbox>
	</object>
	<object>
		<name>ref_coin</name>
		<bndbox>
			<xmin>1117</xmin>
			<ymin>59</ymin>
			<xmax>1272</xmax>
			<ymax>214</ymax>
		</bndbox>
	</object>
	<object>
		<name>dish</name>
		<bndbox>
			<xmin>772</xmin>
			<ymin>423</ymin>
			<xmax>1961</xmax>
			<ymax>1307</ymax>
		</bndbox>
	</object>
	<object>
		<name>돈가스</name>
		<bndbox>
			<xmin>1054</xmin>
			<ymin>606</ymin>
			<xmax>1815</xmax>
			<ymax>1027</ymax>
		</bndbox>
	</object>
</annotation>