<annotation>
	<folder>side비빔밥덮밥류원형배달제육덮밥q3</folder>
	<filename>side_비빔밥덮밥류_원형배달_제육덮밥_Q3_00024.JPG</filename>
	<path>/side비빔밥덮밥류원형배달제육덮밥q3/side_비빔밥덮밥류_원형배달_제육덮밥_Q3_00024.JPG</path>
	<source>
		<database>fooddata</database>
	</source>
	<size>
		<width>3008</width>
		<height>2000</height>
		<depth>3</depth>
	</size>
	<object>
		<name>ref_spoon</name>
		<bndbox>
			<xmin>661</xmin>
			<ymin>1602</ymin>
			<xmax>1199</xmax>
			<ymax>1882</ymax>
		</bndbox>
	</object>
	<object>
		<name>ref_fork</name>
		<bndbox>
			<xmin>732</xmin>
			<ymin>1333</ymin>
			<xmax>1280</xmax>
			<ymax>1582</ymax>
		</bndbox>
	</object>
	<object>
		<name>ref_coin</name>
		<bndbox>
			<xmin>318</xmin>
			<ymin>845</ymin>
			<xmax>534</xmax>
			<ymax>1013</ymax>
		</bndbox>
	</object>
	<object>
		<name>dish</name>
		<bndbox>
			<xmin>896</xmin>
			<ymin>113</ymin>
			<xmax>2255</xmax>
			<ymax>1292</ymax>
		</bndbox>
	</object>
	<object>
		<name>제육덮밥</name>
		<bndbox>
			<xmin>1305</xmin>
			<ymin>401</ymin>
			<xmax>2129</xmax>
			<ymax>906</ymax>
		</bndbox>
	</object>
</annotation>