<annotation>
	<folder>side비빔밥덮밥류원형배달제육덮밥q3</folder>
	<filename>side_비빔밥덮밥류_원형배달_제육덮밥_Q3_00012.JPG</filename>
	<path>/side비빔밥덮밥류원형배달제육덮밥q3/side_비빔밥덮밥류_원형배달_제육덮밥_Q3_00012.JPG</path>
	<source>
		<database>fooddata</database>
	</source>
	<size>
		<width>3008</width>
		<height>2000</height>
		<depth>3</depth>
	</size>
	<object>
		<name>ref_spoon</name>
		<bndbox>
			<xmin>1951</xmin>
			<ymin>550</ymin>
			<xmax>2257</xmax>
			<ymax>940</ymax>
		</bndbox>
	</object>
	<object>
		<name>ref_fork</name>
		<bndbox>
			<xmin>2408</xmin>
			<ymin>568</ymin>
			<xmax>2643</xmax>
			<ymax>1008</ymax>
		</bndbox>
	</object>
	<object>
		<name>ref_coin</name>
		<bndbox>
			<xmin>2003</xmin>
			<ymin>327</ymin>
			<xmax>2220</xmax>
			<ymax>483</ymax>
		</bndbox>
	</object>
	<object>
		<name>dish</name>
		<bndbox>
			<xmin>198</xmin>
			<ymin>344</ymin>
			<xmax>1739</xmax>
			<ymax>1720</ymax>
		</bndbox>
	</object>
	<object>
		<name>제육덮밥</name>
		<bndbox>
			<xmin>502</xmin>
			<ymin>585</ymin>
			<xmax>1620</xmax>
			<ymax>1279</ymax>
		</bndbox>
	</object>
</annotation>