<annotation>
	<folder>side비빔밥덮밥류원형배달제육덮밥q3</folder>
	<filename>side_비빔밥덮밥류_원형배달_제육덮밥_Q3_00023.JPG</filename>
	<path>/side비빔밥덮밥류원형배달제육덮밥q3/side_비빔밥덮밥류_원형배달_제육덮밥_Q3_00023.JPG</path>
	<source>
		<database>fooddata</database>
	</source>
	<size>
		<width>3008</width>
		<height>2000</height>
		<depth>3</depth>
	</size>
	<object>
		<name>ref_spoon</name>
		<bndbox>
			<xmin>666</xmin>
			<ymin>1612</ymin>
			<xmax>1164</xmax>
			<ymax>1882</ymax>
		</bndbox>
	</object>
	<object>
		<name>ref_fork</name>
		<bndbox>
			<xmin>737</xmin>
			<ymin>1343</ymin>
			<xmax>1291</xmax>
			<ymax>1582</ymax>
		</bndbox>
	</object>
	<object>
		<name>ref_coin</name>
		<bndbox>
			<xmin>315</xmin>
			<ymin>440</ymin>
			<xmax>522</xmax>
			<ymax>587</ymax>
		</bndbox>
	</object>
	<object>
		<name>dish</name>
		<bndbox>
			<xmin>925</xmin>
			<ymin>108</ymin>
			<xmax>2272</xmax>
			<ymax>1312</ymax>
		</bndbox>
	</object>
	<object>
		<name>제육덮밥</name>
		<bndbox>
			<xmin>1082</xmin>
			<ymin>383</ymin>
			<xmax>2165</xmax>
			<ymax>906</ymax>
		</bndbox>
	</object>
</annotation>