<annotation>
	<folder>side비빔밥덮밥류원형배달제육덮밥q3</folder>
	<filename>side_비빔밥덮밥류_원형배달_제육덮밥_Q3_00019.JPG</filename>
	<path>/side비빔밥덮밥류원형배달제육덮밥q3/side_비빔밥덮밥류_원형배달_제육덮밥_Q3_00019.JPG</path>
	<source>
		<database>fooddata</database>
	</source>
	<size>
		<width>3008</width>
		<height>2000</height>
		<depth>3</depth>
	</size>
	<object>
		<name>ref_spoon</name>
		<bndbox>
			<xmin>782</xmin>
			<ymin>1573</ymin>
			<xmax>1301</xmax>
			<ymax>1846</ymax>
		</bndbox>
	</object>
	<object>
		<name>ref_fork</name>
		<bndbox>
			<xmin>847</xmin>
			<ymin>1298</ymin>
			<xmax>1397</xmax>
			<ymax>1556</ymax>
		</bndbox>
	</object>
	<object>
		<name>ref_coin</name>
		<bndbox>
			<xmin>2327</xmin>
			<ymin>987</ymin>
			<xmax>2546</xmax>
			<ymax>1160</ymax>
		</bndbox>
	</object>
	<object>
		<name>dish</name>
		<bndbox>
			<xmin>904</xmin>
			<ymin>113</ymin>
			<xmax>2272</xmax>
			<ymax>1302</ymax>
		</bndbox>
	</object>
	<object>
		<name>제육덮밥</name>
		<bndbox>
			<xmin>1004</xmin>
			<ymin>437</ymin>
			<xmax>1839</xmax>
			<ymax>911</ymax>
		</bndbox>
	</object>
</annotation>