<annotation>
	<folder>side비빔밥덮밥류원형배달제육덮밥q3</folder>
	<filename>side_비빔밥덮밥류_원형배달_제육덮밥_Q3_00037.JPG</filename>
	<path>/side비빔밥덮밥류원형배달제육덮밥q3/side_비빔밥덮밥류_원형배달_제육덮밥_Q3_00037.JPG</path>
	<source>
		<database>fooddata</database>
	</source>
	<size>
		<width>3008</width>
		<height>2000</height>
		<depth>3</depth>
	</size>
	<object>
		<name>ref_spoon</name>
		<bndbox>
			<xmin>142</xmin>
			<ymin>607</ymin>
			<xmax>447</xmax>
			<ymax>987</ymax>
		</bndbox>
	</object>
	<object>
		<name>ref_fork</name>
		<bndbox>
			<xmin>599</xmin>
			<ymin>632</ymin>
			<xmax>813</xmax>
			<ymax>1079</ymax>
		</bndbox>
	</object>
	<object>
		<name>ref_coin</name>
		<bndbox>
			<xmin>2571</xmin>
			<ymin>677</ymin>
			<xmax>2790</xmax>
			<ymax>845</ymax>
		</bndbox>
	</object>
	<object>
		<name>dish</name>
		<bndbox>
			<xmin>979</xmin>
			<ymin>393</ymin>
			<xmax>2483</xmax>
			<ymax>1728</ymax>
		</bndbox>
	</object>
	<object>
		<name>제육덮밥</name>
		<bndbox>
			<xmin>1430</xmin>
			<ymin>754</ymin>
			<xmax>2339</xmax>
			<ymax>1333</ymax>
		</bndbox>
	</object>
</annotation>