<annotation>
	<folder>side비빔밥덮밥류원형배달제육덮밥q3</folder>
	<filename>side_비빔밥덮밥류_원형배달_제육덮밥_Q3_00026.JPG</filename>
	<path>/side비빔밥덮밥류원형배달제육덮밥q3/side_비빔밥덮밥류_원형배달_제육덮밥_Q3_00026.JPG</path>
	<source>
		<database>fooddata</database>
	</source>
	<size>
		<width>3008</width>
		<height>2000</height>
		<depth>3</depth>
	</size>
	<object>
		<name>ref_spoon</name>
		<bndbox>
			<xmin>803</xmin>
			<ymin>1617</ymin>
			<xmax>1312</xmax>
			<ymax>1894</ymax>
		</bndbox>
	</object>
	<object>
		<name>ref_fork</name>
		<bndbox>
			<xmin>864</xmin>
			<ymin>1351</ymin>
			<xmax>1392</xmax>
			<ymax>1595</ymax>
		</bndbox>
	</object>
	<object>
		<name>ref_coin</name>
		<bndbox>
			<xmin>473</xmin>
			<ymin>1405</ymin>
			<xmax>711</xmax>
			<ymax>1587</ymax>
		</bndbox>
	</object>
	<object>
		<name>dish</name>
		<bndbox>
			<xmin>1042</xmin>
			<ymin>113</ymin>
			<xmax>2408</xmax>
			<ymax>1297</ymax>
		</bndbox>
	</object>
	<object>
		<name>제육덮밥</name>
		<bndbox>
			<xmin>1463</xmin>
			<ymin>535</ymin>
			<xmax>2276</xmax>
			<ymax>911</ymax>
		</bndbox>
	</object>
</annotation>