<annotation>
	<folder>side비빔밥덮밥류원형배달제육덮밥q3</folder>
	<filename>side_비빔밥덮밥류_원형배달_제육덮밥_Q3_00049.JPG</filename>
	<path>/side비빔밥덮밥류원형배달제육덮밥q3/side_비빔밥덮밥류_원형배달_제육덮밥_Q3_00049.JPG</path>
	<source>
		<database>fooddata</database>
	</source>
	<size>
		<width>3008</width>
		<height>2000</height>
		<depth>3</depth>
	</size>
	<object>
		<name>ref_spoon</name>
		<bndbox>
			<xmin>244</xmin>
			<ymin>610</ymin>
			<xmax>544</xmax>
			<ymax>965</ymax>
		</bndbox>
	</object>
	<object>
		<name>ref_fork</name>
		<bndbox>
			<xmin>671</xmin>
			<ymin>642</ymin>
			<xmax>884</xmax>
			<ymax>1058</ymax>
		</bndbox>
	</object>
	<object>
		<name>ref_coin</name>
		<bndbox>
			<xmin>2638</xmin>
			<ymin>1161</ymin>
			<xmax>2860</xmax>
			<ymax>1339</ymax>
		</bndbox>
	</object>
	<object>
		<name>dish</name>
		<bndbox>
			<xmin>968</xmin>
			<ymin>332</ymin>
			<xmax>2353</xmax>
			<ymax>1574</ymax>
		</bndbox>
	</object>
	<object>
		<name>제육덮밥</name>
		<bndbox>
			<xmin>1087</xmin>
			<ymin>560</ymin>
			<xmax>2032</xmax>
			<ymax>1211</ymax>
		</bndbox>
	</object>
</annotation>