<annotation>
	<folder>side비빔밥덮밥류원형배달제육덮밥q3</folder>
	<filename>side_비빔밥덮밥류_원형배달_제육덮밥_Q3_00016.JPG</filename>
	<path>/side비빔밥덮밥류원형배달제육덮밥q3/side_비빔밥덮밥류_원형배달_제육덮밥_Q3_00016.JPG</path>
	<source>
		<database>fooddata</database>
	</source>
	<size>
		<width>3008</width>
		<height>2000</height>
		<depth>3</depth>
	</size>
	<object>
		<name>ref_spoon</name>
		<bndbox>
			<xmin>1760</xmin>
			<ymin>500</ymin>
			<xmax>2068</xmax>
			<ymax>883</ymax>
		</bndbox>
	</object>
	<object>
		<name>ref_fork</name>
		<bndbox>
			<xmin>2223</xmin>
			<ymin>530</ymin>
			<xmax>2449</xmax>
			<ymax>957</ymax>
		</bndbox>
	</object>
	<object>
		<name>ref_coin</name>
		<bndbox>
			<xmin>2647</xmin>
			<ymin>1200</ymin>
			<xmax>2886</xmax>
			<ymax>1375</ymax>
		</bndbox>
	</object>
	<object>
		<name>dish</name>
		<bndbox>
			<xmin>122</xmin>
			<ymin>246</ymin>
			<xmax>1626</xmax>
			<ymax>1597</ymax>
		</bndbox>
	</object>
	<object>
		<name>제육덮밥</name>
		<bndbox>
			<xmin>325</xmin>
			<ymin>889</ymin>
			<xmax>1359</xmax>
			<ymax>1191</ymax>
		</bndbox>
	</object>
</annotation>