<annotation>
	<folder>top비빔밥덮밥류원형배달제육덮밥q3</folder>
	<filename>top_비빔밥덮밥류_원형배달_제육덮밥_Q3_00041.JPG</filename>
	<path>/top비빔밥덮밥류원형배달제육덮밥q3/top_비빔밥덮밥류_원형배달_제육덮밥_Q3_00041.JPG</path>
	<source>
		<database>fooddata</database>
	</source>
	<size>
		<width>3008</width>
		<height>2000</height>
		<depth>3</depth>
	</size>
	<object>
		<name>ref_spoon</name>
		<bndbox>
			<xmin>564</xmin>
			<ymin>399</ymin>
			<xmax>830</xmax>
			<ymax>775</ymax>
		</bndbox>
	</object>
	<object>
		<name>ref_fork</name>
		<bndbox>
			<xmin>944</xmin>
			<ymin>537</ymin>
			<xmax>1114</xmax>
			<ymax>963</ymax>
		</bndbox>
	</object>
	<object>
		<name>ref_coin</name>
		<bndbox>
			<xmin>302</xmin>
			<ymin>1481</ymin>
			<xmax>493</xmax>
			<ymax>1669</ymax>
		</bndbox>
	</object>
	<object>
		<name>dish</name>
		<bndbox>
			<xmin>1348</xmin>
			<ymin>161</ymin>
			<xmax>2696</xmax>
			<ymax>1463</ymax>
		</bndbox>
	</object>
	<object>
		<name>제육덮밥</name>
		<bndbox>
			<xmin>1419</xmin>
			<ymin>282</ymin>
			<xmax>2572</xmax>
			<ymax>1427</ymax>
		</bndbox>
	</object>
</annotation>