<annotation>
	<folder>top비빔밥덮밥류원형배달제육덮밥q3</folder>
	<filename>top_비빔밥덮밥류_원형배달_제육덮밥_Q3_00014.JPG</filename>
	<path>/top비빔밥덮밥류원형배달제육덮밥q3/top_비빔밥덮밥류_원형배달_제육덮밥_Q3_00014.JPG</path>
	<source>
		<database>fooddata</database>
	</source>
	<size>
		<width>3008</width>
		<height>2000</height>
		<depth>3</depth>
	</size>
	<object>
		<name>ref_spoon</name>
		<bndbox>
			<xmin>2015</xmin>
			<ymin>264</ymin>
			<xmax>2249</xmax>
			<ymax>615</ymax>
		</bndbox>
	</object>
	<object>
		<name>ref_fork</name>
		<bndbox>
			<xmin>2355</xmin>
			<ymin>232</ymin>
			<xmax>2522</xmax>
			<ymax>626</ymax>
		</bndbox>
	</object>
	<object>
		<name>ref_coin</name>
		<bndbox>
			<xmin>784</xmin>
			<ymin>1463</ymin>
			<xmax>972</xmax>
			<ymax>1640</ymax>
		</bndbox>
	</object>
	<object>
		<name>dish</name>
		<bndbox>
			<xmin>851</xmin>
			<ymin>374</ymin>
			<xmax>2135</xmax>
			<ymax>1594</ymax>
		</bndbox>
	</object>
	<object>
		<name>제육덮밥</name>
		<bndbox>
			<xmin>965</xmin>
			<ymin>555</ymin>
			<xmax>2043</xmax>
			<ymax>1559</ymax>
		</bndbox>
	</object>
</annotation>