<annotation>
	<folder>top비빔밥덮밥류원형배달제육덮밥q3</folder>
	<filename>top_비빔밥덮밥류_원형배달_제육덮밥_Q3_00011.JPG</filename>
	<path>/top비빔밥덮밥류원형배달제육덮밥q3/top_비빔밥덮밥류_원형배달_제육덮밥_Q3_00011.JPG</path>
	<source>
		<database>fooddata</database>
	</source>
	<size>
		<width>3008</width>
		<height>2000</height>
		<depth>3</depth>
	</size>
	<object>
		<name>ref_spoon</name>
		<bndbox>
			<xmin>1947</xmin>
			<ymin>367</ymin>
			<xmax>2182</xmax>
			<ymax>704</ymax>
		</bndbox>
	</object>
	<object>
		<name>ref_fork</name>
		<bndbox>
			<xmin>2288</xmin>
			<ymin>335</ymin>
			<xmax>2455</xmax>
			<ymax>725</ymax>
		</bndbox>
	</object>
	<object>
		<name>ref_coin</name>
		<bndbox>
			<xmin>1632</xmin>
			<ymin>1612</ymin>
			<xmax>1806</xmax>
			<ymax>1789</ymax>
		</bndbox>
	</object>
	<object>
		<name>dish</name>
		<bndbox>
			<xmin>738</xmin>
			<ymin>338</ymin>
			<xmax>1976</xmax>
			<ymax>1566</ymax>
		</bndbox>
	</object>
	<object>
		<name>제육덮밥</name>
		<bndbox>
			<xmin>844</xmin>
			<ymin>445</ymin>
			<xmax>1894</xmax>
			<ymax>1527</ymax>
		</bndbox>
	</object>
</annotation>