<annotation>
	<folder>top비빔밥덮밥류원형배달제육덮밥q3</folder>
	<filename>top_비빔밥덮밥류_원형배달_제육덮밥_Q3_00013.JPG</filename>
	<path>/top비빔밥덮밥류원형배달제육덮밥q3/top_비빔밥덮밥류_원형배달_제육덮밥_Q3_00013.JPG</path>
	<source>
		<database>fooddata</database>
	</source>
	<size>
		<width>3008</width>
		<height>2000</height>
		<depth>3</depth>
	</size>
	<object>
		<name>ref_spoon</name>
		<bndbox>
			<xmin>2001</xmin>
			<ymin>282</ymin>
			<xmax>2242</xmax>
			<ymax>629</ymax>
		</bndbox>
	</object>
	<object>
		<name>ref_fork</name>
		<bndbox>
			<xmin>2341</xmin>
			<ymin>246</ymin>
			<xmax>2518</xmax>
			<ymax>633</ymax>
		</bndbox>
	</object>
	<object>
		<name>ref_coin</name>
		<bndbox>
			<xmin>1078</xmin>
			<ymin>1637</ymin>
			<xmax>1263</xmax>
			<ymax>1814</ymax>
		</bndbox>
	</object>
	<object>
		<name>dish</name>
		<bndbox>
			<xmin>816</xmin>
			<ymin>324</ymin>
			<xmax>2086</xmax>
			<ymax>1548</ymax>
		</bndbox>
	</object>
	<object>
		<name>제육덮밥</name>
		<bndbox>
			<xmin>922</xmin>
			<ymin>466</ymin>
			<xmax>1976</xmax>
			<ymax>1513</ymax>
		</bndbox>
	</object>
</annotation>