<annotation>
	<folder>top비빔밥덮밥류원형배달제육덮밥q3</folder>
	<filename>top_비빔밥덮밥류_원형배달_제육덮밥_Q3_00004.JPG</filename>
	<path>/top비빔밥덮밥류원형배달제육덮밥q3/top_비빔밥덮밥류_원형배달_제육덮밥_Q3_00004.JPG</path>
	<source>
		<database>fooddata</database>
	</source>
	<size>
		<width>3008</width>
		<height>2000</height>
		<depth>3</depth>
	</size>
	<object>
		<name>ref_spoon</name>
		<bndbox>
			<xmin>1969</xmin>
			<ymin>179</ymin>
			<xmax>2224</xmax>
			<ymax>551</ymax>
		</bndbox>
	</object>
	<object>
		<name>ref_fork</name>
		<bndbox>
			<xmin>2309</xmin>
			<ymin>147</ymin>
			<xmax>2479</xmax>
			<ymax>573</ymax>
		</bndbox>
	</object>
	<object>
		<name>ref_coin</name>
		<bndbox>
			<xmin>1525</xmin>
			<ymin>456</ymin>
			<xmax>1717</xmax>
			<ymax>640</ymax>
		</bndbox>
	</object>
	<object>
		<name>dish</name>
		<bndbox>
			<xmin>387</xmin>
			<ymin>509</ymin>
			<xmax>1749</xmax>
			<ymax>1842</ymax>
		</bndbox>
	</object>
	<object>
		<name>제육덮밥</name>
		<bndbox>
			<xmin>511</xmin>
			<ymin>636</ymin>
			<xmax>1696</xmax>
			<ymax>1793</ymax>
		</bndbox>
	</object>
</annotation>