<annotation>
	<folder>top비빔밥덮밥류원형배달제육덮밥q3</folder>
	<filename>top_비빔밥덮밥류_원형배달_제육덮밥_Q3_00038.JPG</filename>
	<path>/top비빔밥덮밥류원형배달제육덮밥q3/top_비빔밥덮밥류_원형배달_제육덮밥_Q3_00038.JPG</path>
	<source>
		<database>fooddata</database>
	</source>
	<size>
		<width>3008</width>
		<height>2000</height>
		<depth>3</depth>
	</size>
	<object>
		<name>ref_spoon</name>
		<bndbox>
			<xmin>532</xmin>
			<ymin>335</ymin>
			<xmax>795</xmax>
			<ymax>714</ymax>
		</bndbox>
	</object>
	<object>
		<name>ref_fork</name>
		<bndbox>
			<xmin>922</xmin>
			<ymin>470</ymin>
			<xmax>1093</xmax>
			<ymax>906</ymax>
		</bndbox>
	</object>
	<object>
		<name>ref_coin</name>
		<bndbox>
			<xmin>1142</xmin>
			<ymin>1718</ymin>
			<xmax>1334</xmax>
			<ymax>1917</ymax>
		</bndbox>
	</object>
	<object>
		<name>dish</name>
		<bndbox>
			<xmin>1256</xmin>
			<ymin>104</ymin>
			<xmax>2611</xmax>
			<ymax>1420</ymax>
		</bndbox>
	</object>
	<object>
		<name>제육덮밥</name>
		<bndbox>
			<xmin>1341</xmin>
			<ymin>257</ymin>
			<xmax>2490</xmax>
			<ymax>1388</ymax>
		</bndbox>
	</object>
</annotation>