<annotation>
	<folder>top비빔밥덮밥류원형배달제육덮밥q3</folder>
	<filename>top_비빔밥덮밥류_원형배달_제육덮밥_Q3_00002.JPG</filename>
	<path>/top비빔밥덮밥류원형배달제육덮밥q3/top_비빔밥덮밥류_원형배달_제육덮밥_Q3_00002.JPG</path>
	<source>
		<database>fooddata</database>
	</source>
	<size>
		<width>3008</width>
		<height>2000</height>
		<depth>3</depth>
	</size>
	<object>
		<name>ref_spoon</name>
		<bndbox>
			<xmin>1965</xmin>
			<ymin>211</ymin>
			<xmax>2231</xmax>
			<ymax>576</ymax>
		</bndbox>
	</object>
	<object>
		<name>ref_fork</name>
		<bndbox>
			<xmin>2309</xmin>
			<ymin>175</ymin>
			<xmax>2490</xmax>
			<ymax>615</ymax>
		</bndbox>
	</object>
	<object>
		<name>ref_coin</name>
		<bndbox>
			<xmin>1859</xmin>
			<ymin>1062</ymin>
			<xmax>2047</xmax>
			<ymax>1254</ymax>
		</bndbox>
	</object>
	<object>
		<name>dish</name>
		<bndbox>
			<xmin>443</xmin>
			<ymin>473</ymin>
			<xmax>1830</xmax>
			<ymax>1807</ymax>
		</bndbox>
	</object>
	<object>
		<name>제육덮밥</name>
		<bndbox>
			<xmin>564</xmin>
			<ymin>583</ymin>
			<xmax>1752</xmax>
			<ymax>1754</ymax>
		</bndbox>
	</object>
</annotation>