<annotation>
	<folder>top비빔밥덮밥류원형배달제육덮밥q3</folder>
	<filename>top_비빔밥덮밥류_원형배달_제육덮밥_Q3_00008.JPG</filename>
	<path>/top비빔밥덮밥류원형배달제육덮밥q3/top_비빔밥덮밥류_원형배달_제육덮밥_Q3_00008.JPG</path>
	<source>
		<database>fooddata</database>
	</source>
	<size>
		<width>3008</width>
		<height>2000</height>
		<depth>3</depth>
	</size>
	<object>
		<name>ref_spoon</name>
		<bndbox>
			<xmin>1979</xmin>
			<ymin>83</ymin>
			<xmax>2242</xmax>
			<ymax>466</ymax>
		</bndbox>
	</object>
	<object>
		<name>ref_fork</name>
		<bndbox>
			<xmin>2313</xmin>
			<ymin>62</ymin>
			<xmax>2504</xmax>
			<ymax>480</ymax>
		</bndbox>
	</object>
	<object>
		<name>ref_coin</name>
		<bndbox>
			<xmin>167</xmin>
			<ymin>1225</ymin>
			<xmax>365</xmax>
			<ymax>1413</ymax>
		</bndbox>
	</object>
	<object>
		<name>dish</name>
		<bndbox>
			<xmin>706</xmin>
			<ymin>346</ymin>
			<xmax>2079</xmax>
			<ymax>1672</ymax>
		</bndbox>
	</object>
	<object>
		<name>제육덮밥</name>
		<bndbox>
			<xmin>773</xmin>
			<ymin>463</ymin>
			<xmax>2004</xmax>
			<ymax>1637</ymax>
		</bndbox>
	</object>
</annotation>