<annotation>
	<folder>top비빔밥덮밥류원형배달제육덮밥q3</folder>
	<filename>top_비빔밥덮밥류_원형배달_제육덮밥_Q3_00001.JPG</filename>
	<path>/top비빔밥덮밥류원형배달제육덮밥q3/top_비빔밥덮밥류_원형배달_제육덮밥_Q3_00001.JPG</path>
	<source>
		<database>fooddata</database>
	</source>
	<size>
		<width>3008</width>
		<height>2000</height>
		<depth>3</depth>
	</size>
	<object>
		<name>ref_spoon</name>
		<bndbox>
			<xmin>1894</xmin>
			<ymin>119</ymin>
			<xmax>2153</xmax>
			<ymax>491</ymax>
		</bndbox>
	</object>
	<object>
		<name>ref_fork</name>
		<bndbox>
			<xmin>2228</xmin>
			<ymin>104</ymin>
			<xmax>2416</xmax>
			<ymax>523</ymax>
		</bndbox>
	</object>
	<object>
		<name>ref_coin</name>
		<bndbox>
			<xmin>1742</xmin>
			<ymin>1229</ymin>
			<xmax>1937</xmax>
			<ymax>1420</ymax>
		</bndbox>
	</object>
	<object>
		<name>dish</name>
		<bndbox>
			<xmin>337</xmin>
			<ymin>331</ymin>
			<xmax>1727</xmax>
			<ymax>1651</ymax>
		</bndbox>
	</object>
	<object>
		<name>제육덮밥</name>
		<bndbox>
			<xmin>450</xmin>
			<ymin>431</ymin>
			<xmax>1618</xmax>
			<ymax>1520</ymax>
		</bndbox>
	</object>
</annotation>