<annotation>
	<folder>top비빔밥덮밥류원형배달제육덮밥q3</folder>
	<filename>top_비빔밥덮밥류_원형배달_제육덮밥_Q3_00006.JPG</filename>
	<path>/top비빔밥덮밥류원형배달제육덮밥q3/top_비빔밥덮밥류_원형배달_제육덮밥_Q3_00006.JPG</path>
	<source>
		<database>fooddata</database>
	</source>
	<size>
		<width>3008</width>
		<height>2000</height>
		<depth>3</depth>
	</size>
	<object>
		<name>ref_spoon</name>
		<bndbox>
			<xmin>1947</xmin>
			<ymin>80</ymin>
			<xmax>2206</xmax>
			<ymax>456</ymax>
		</bndbox>
	</object>
	<object>
		<name>ref_fork</name>
		<bndbox>
			<xmin>2284</xmin>
			<ymin>58</ymin>
			<xmax>2465</xmax>
			<ymax>477</ymax>
		</bndbox>
	</object>
	<object>
		<name>ref_coin</name>
		<bndbox>
			<xmin>844</xmin>
			<ymin>200</ymin>
			<xmax>1029</xmax>
			<ymax>385</ymax>
		</bndbox>
	</object>
	<object>
		<name>dish</name>
		<bndbox>
			<xmin>603</xmin>
			<ymin>452</ymin>
			<xmax>1972</xmax>
			<ymax>1793</ymax>
		</bndbox>
	</object>
	<object>
		<name>제육덮밥</name>
		<bndbox>
			<xmin>678</xmin>
			<ymin>573</ymin>
			<xmax>1887</xmax>
			<ymax>1750</ymax>
		</bndbox>
	</object>
</annotation>