<annotation>
	<folder>side주먹밥김밥류접시김밥q1</folder>
	<filename>side_주먹밥김밥류_접시_김밥_Q1_00044.JPG</filename>
	<path>/side주먹밥김밥류접시김밥q1/side_주먹밥김밥류_접시_김밥_Q1_00044.JPG</path>
	<source>
		<database>fooddata</database>
	</source>
	<size>
		<width>720</width>
		<height>480</height>
		<depth>3</depth>
	</size>
	<object>
		<name>ref_spoon</name>
		<bndbox>
			<xmin>192</xmin>
			<ymin>371</ymin>
			<xmax>312</xmax>
			<ymax>433</ymax>
		</bndbox>
	</object>
	<object>
		<name>ref_fork</name>
		<bndbox>
			<xmin>201</xmin>
			<ymin>314</ymin>
			<xmax>335</xmax>
			<ymax>364</ymax>
		</bndbox>
	</object>
	<object>
		<name>ref_coin</name>
		<bndbox>
			<xmin>312</xmin>
			<ymin>50</ymin>
			<xmax>354</xmax>
			<ymax>81</ymax>
		</bndbox>
	</object>
	<object>
		<name>dish</name>
		<bndbox>
			<xmin>103</xmin>
			<ymin>100</ymin>
			<xmax>548</xmax>
			<ymax>290</ymax>
		</bndbox>
	</object>
	<object>
		<name>김밥</name>
		<bndbox>
			<xmin>135</xmin>
			<ymin>123</ymin>
			<xmax>479</xmax>
			<ymax>224</ymax>
		</bndbox>
	</object>
</annotation>