<annotation>
	<folder>side주먹밥김밥류접시김밥q1</folder>
	<filename>side_주먹밥김밥류_접시_김밥_Q1_00035.JPG</filename>
	<path>/side주먹밥김밥류접시김밥q1/side_주먹밥김밥류_접시_김밥_Q1_00035.JPG</path>
	<source>
		<database>fooddata</database>
	</source>
	<size>
		<width>720</width>
		<height>480</height>
		<depth>3</depth>
	</size>
	<object>
		<name>ref_spoon</name>
		<bndbox>
			<xmin>169</xmin>
			<ymin>358</ymin>
			<xmax>309</xmax>
			<ymax>420</ymax>
		</bndbox>
	</object>
	<object>
		<name>ref_fork</name>
		<bndbox>
			<xmin>181</xmin>
			<ymin>298</ymin>
			<xmax>339</xmax>
			<ymax>349</ymax>
		</bndbox>
	</object>
	<object>
		<name>ref_coin</name>
		<bndbox>
			<xmin>546</xmin>
			<ymin>274</ymin>
			<xmax>593</xmax>
			<ymax>314</ymax>
		</bndbox>
	</object>
	<object>
		<name>dish</name>
		<bndbox>
			<xmin>81</xmin>
			<ymin>81</ymin>
			<xmax>536</xmax>
			<ymax>269</ymax>
		</bndbox>
	</object>
	<object>
		<name>김밥</name>
		<bndbox>
			<xmin>192</xmin>
			<ymin>105</ymin>
			<xmax>376</xmax>
			<ymax>240</ymax>
		</bndbox>
	</object>
</annotation>