<annotation>
	<folder>side주먹밥김밥류접시김밥q1</folder>
	<filename>side_주먹밥김밥류_접시_김밥_Q1_00012.JPG</filename>
	<path>/side주먹밥김밥류접시김밥q1/side_주먹밥김밥류_접시_김밥_Q1_00012.JPG</path>
	<source>
		<database>fooddata</database>
	</source>
	<size>
		<width>5472</width>
		<height>3648</height>
		<depth>3</depth>
	</size>
	<object>
		<name>ref_spoon</name>
		<bndbox>
			<xmin>4062</xmin>
			<ymin>946</ymin>
			<xmax>4558</xmax>
			<ymax>1760</ymax>
		</bndbox>
	</object>
	<object>
		<name>ref_fork</name>
		<bndbox>
			<xmin>4759</xmin>
			<ymin>980</ymin>
			<xmax>5104</xmax>
			<ymax>1838</ymax>
		</bndbox>
	</object>
	<object>
		<name>ref_coin</name>
		<bndbox>
			<xmin>3405</xmin>
			<ymin>2579</ymin>
			<xmax>3778</xmax>
			<ymax>2897</ymax>
		</bndbox>
	</object>
	<object>
		<name>dish</name>
		<bndbox>
			<xmin>106</xmin>
			<ymin>579</ymin>
			<xmax>3656</xmax>
			<ymax>3320</ymax>
		</bndbox>
	</object>
	<object>
		<name>김밥</name>
		<bndbox>
			<xmin>1388</xmin>
			<ymin>1543</ymin>
			<xmax>2463</xmax>
			<ymax>2429</ymax>
		</bndbox>
	</object>
</annotation>