<annotation>
	<folder>side주먹밥김밥류접시김밥q1</folder>
	<filename>side_주먹밥김밥류_접시_김밥_Q1_00014.JPG</filename>
	<path>/side주먹밥김밥류접시김밥q1/side_주먹밥김밥류_접시_김밥_Q1_00014.JPG</path>
	<source>
		<database>fooddata</database>
	</source>
	<size>
		<width>5472</width>
		<height>3648</height>
		<depth>3</depth>
	</size>
	<object>
		<name>ref_spoon</name>
		<bndbox>
			<xmin>4079</xmin>
			<ymin>952</ymin>
			<xmax>4525</xmax>
			<ymax>1710</ymax>
		</bndbox>
	</object>
	<object>
		<name>ref_fork</name>
		<bndbox>
			<xmin>4714</xmin>
			<ymin>980</ymin>
			<xmax>5049</xmax>
			<ymax>1838</ymax>
		</bndbox>
	</object>
	<object>
		<name>ref_coin</name>
		<bndbox>
			<xmin>3405</xmin>
			<ymin>2729</ymin>
			<xmax>3761</xmax>
			<ymax>3047</ymax>
		</bndbox>
	</object>
	<object>
		<name>dish</name>
		<bndbox>
			<xmin>446</xmin>
			<ymin>1136</ymin>
			<xmax>3867</xmax>
			<ymax>2696</ymax>
		</bndbox>
	</object>
	<object>
		<name>김밥</name>
		<bndbox>
			<xmin>1415</xmin>
			<ymin>1615</ymin>
			<xmax>2625</xmax>
			<ymax>2234</ymax>
		</bndbox>
	</object>
</annotation>