<annotation>
	<folder>side주먹밥김밥류접시김밥q1</folder>
	<filename>side_주먹밥김밥류_접시_김밥_Q1_00005.JPG</filename>
	<path>/side주먹밥김밥류접시김밥q1/side_주먹밥김밥류_접시_김밥_Q1_00005.JPG</path>
	<source>
		<database>fooddata</database>
	</source>
	<size>
		<width>5472</width>
		<height>3648</height>
		<depth>3</depth>
	</size>
	<object>
		<name>ref_spoon</name>
		<bndbox>
			<xmin>3851</xmin>
			<ymin>757</ymin>
			<xmax>4307</xmax>
			<ymax>1543</ymax>
		</bndbox>
	</object>
	<object>
		<name>ref_fork</name>
		<bndbox>
			<xmin>4503</xmin>
			<ymin>796</ymin>
			<xmax>4876</xmax>
			<ymax>1615</ymax>
		</bndbox>
	</object>
	<object>
		<name>ref_coin</name>
		<bndbox>
			<xmin>3527</xmin>
			<ymin>2334</ymin>
			<xmax>3895</xmax>
			<ymax>2629</ymax>
		</bndbox>
	</object>
	<object>
		<name>dish</name>
		<bndbox>
			<xmin>234</xmin>
			<ymin>690</ymin>
			<xmax>3800</xmax>
			<ymax>2997</ymax>
		</bndbox>
	</object>
	<object>
		<name>김밥</name>
		<bndbox>
			<xmin>1566</xmin>
			<ymin>1236</ymin>
			<xmax>2686</xmax>
			<ymax>2105</ymax>
		</bndbox>
	</object>
</annotation>