<annotation>
	<folder>side주먹밥김밥류접시김밥q1</folder>
	<filename>side_주먹밥김밥류_접시_김밥_Q1_00036.JPG</filename>
	<path>/side주먹밥김밥류접시김밥q1/side_주먹밥김밥류_접시_김밥_Q1_00036.JPG</path>
	<source>
		<database>fooddata</database>
	</source>
	<size>
		<width>720</width>
		<height>480</height>
		<depth>3</depth>
	</size>
	<object>
		<name>ref_spoon</name>
		<bndbox>
			<xmin>208</xmin>
			<ymin>371</ymin>
			<xmax>342</xmax>
			<ymax>431</ymax>
		</bndbox>
	</object>
	<object>
		<name>ref_fork</name>
		<bndbox>
			<xmin>217</xmin>
			<ymin>318</ymin>
			<xmax>345</xmax>
			<ymax>363</ymax>
		</bndbox>
	</object>
	<object>
		<name>ref_coin</name>
		<bndbox>
			<xmin>565</xmin>
			<ymin>220</ymin>
			<xmax>612</xmax>
			<ymax>254</ymax>
		</bndbox>
	</object>
	<object>
		<name>dish</name>
		<bndbox>
			<xmin>120</xmin>
			<ymin>105</ymin>
			<xmax>556</xmax>
			<ymax>286</ymax>
		</bndbox>
	</object>
	<object>
		<name>김밥</name>
		<bndbox>
			<xmin>153</xmin>
			<ymin>129</ymin>
			<xmax>402</xmax>
			<ymax>221</ymax>
		</bndbox>
	</object>
</annotation>