<annotation>
	<folder>side주먹밥김밥류접시김밥q1</folder>
	<filename>side_주먹밥김밥류_접시_김밥_Q1_00006.JPG</filename>
	<path>/side주먹밥김밥류접시김밥q1/side_주먹밥김밥류_접시_김밥_Q1_00006.JPG</path>
	<source>
		<database>fooddata</database>
	</source>
	<size>
		<width>5472</width>
		<height>3648</height>
		<depth>3</depth>
	</size>
	<object>
		<name>ref_spoon</name>
		<bndbox>
			<xmin>3906</xmin>
			<ymin>774</ymin>
			<xmax>4358</xmax>
			<ymax>1543</ymax>
		</bndbox>
	</object>
	<object>
		<name>ref_fork</name>
		<bndbox>
			<xmin>4569</xmin>
			<ymin>829</ymin>
			<xmax>4915</xmax>
			<ymax>1682</ymax>
		</bndbox>
	</object>
	<object>
		<name>ref_coin</name>
		<bndbox>
			<xmin>3695</xmin>
			<ymin>2618</ymin>
			<xmax>4062</xmax>
			<ymax>2930</ymax>
		</bndbox>
	</object>
	<object>
		<name>dish</name>
		<bndbox>
			<xmin>234</xmin>
			<ymin>946</ymin>
			<xmax>3722</xmax>
			<ymax>2679</ymax>
		</bndbox>
	</object>
	<object>
		<name>김밥</name>
		<bndbox>
			<xmin>1471</xmin>
			<ymin>1331</ymin>
			<xmax>2664</xmax>
			<ymax>2100</ymax>
		</bndbox>
	</object>
</annotation>