<annotation>
	<folder>side주먹밥김밥류접시김밥q1</folder>
	<filename>side_주먹밥김밥류_접시_김밥_Q1_00034.JPG</filename>
	<path>/side주먹밥김밥류접시김밥q1/side_주먹밥김밥류_접시_김밥_Q1_00034.JPG</path>
	<source>
		<database>fooddata</database>
	</source>
	<size>
		<width>720</width>
		<height>480</height>
		<depth>3</depth>
	</size>
	<object>
		<name>ref_spoon</name>
		<bndbox>
			<xmin>144</xmin>
			<ymin>113</ymin>
			<xmax>203</xmax>
			<ymax>206</ymax>
		</bndbox>
	</object>
	<object>
		<name>ref_fork</name>
		<bndbox>
			<xmin>219</xmin>
			<ymin>122</ymin>
			<xmax>259</xmax>
			<ymax>224</ymax>
		</bndbox>
	</object>
	<object>
		<name>ref_coin</name>
		<bndbox>
			<xmin>575</xmin>
			<ymin>306</ymin>
			<xmax>623</xmax>
			<ymax>347</ymax>
		</bndbox>
	</object>
	<object>
		<name>dish</name>
		<bndbox>
			<xmin>285</xmin>
			<ymin>81</ymin>
			<xmax>593</xmax>
			<ymax>434</ymax>
		</bndbox>
	</object>
	<object>
		<name>김밥</name>
		<bndbox>
			<xmin>377</xmin>
			<ymin>177</ymin>
			<xmax>533</xmax>
			<ymax>328</ymax>
		</bndbox>
	</object>
</annotation>