<annotation>
	<folder>side주먹밥김밥류접시김밥q1</folder>
	<filename>side_주먹밥김밥류_접시_김밥_Q1_00029.JPG</filename>
	<path>/side주먹밥김밥류접시김밥q1/side_주먹밥김밥류_접시_김밥_Q1_00029.JPG</path>
	<source>
		<database>fooddata</database>
	</source>
	<size>
		<width>720</width>
		<height>480</height>
		<depth>3</depth>
	</size>
	<object>
		<name>ref_spoon</name>
		<bndbox>
			<xmin>106</xmin>
			<ymin>141</ymin>
			<xmax>165</xmax>
			<ymax>247</ymax>
		</bndbox>
	</object>
	<object>
		<name>ref_fork</name>
		<bndbox>
			<xmin>182</xmin>
			<ymin>149</ymin>
			<xmax>221</xmax>
			<ymax>251</ymax>
		</bndbox>
	</object>
	<object>
		<name>ref_coin</name>
		<bndbox>
			<xmin>526</xmin>
			<ymin>412</ymin>
			<xmax>573</xmax>
			<ymax>456</ymax>
		</bndbox>
	</object>
	<object>
		<name>dish</name>
		<bndbox>
			<xmin>230</xmin>
			<ymin>145</ymin>
			<xmax>684</xmax>
			<ymax>392</ymax>
		</bndbox>
	</object>
	<object>
		<name>김밥</name>
		<bndbox>
			<xmin>380</xmin>
			<ymin>191</ymin>
			<xmax>565</xmax>
			<ymax>324</ymax>
		</bndbox>
	</object>
</annotation>