<annotation>
	<folder>side주먹밥김밥류접시김밥q1</folder>
	<filename>side_주먹밥김밥류_접시_김밥_Q1_00039.JPG</filename>
	<path>/side주먹밥김밥류접시김밥q1/side_주먹밥김밥류_접시_김밥_Q1_00039.JPG</path>
	<source>
		<database>fooddata</database>
	</source>
	<size>
		<width>720</width>
		<height>480</height>
		<depth>3</depth>
	</size>
	<object>
		<name>ref_spoon</name>
		<bndbox>
			<xmin>212</xmin>
			<ymin>399</ymin>
			<xmax>327</xmax>
			<ymax>462</ymax>
		</bndbox>
	</object>
	<object>
		<name>ref_fork</name>
		<bndbox>
			<xmin>222</xmin>
			<ymin>344</ymin>
			<xmax>346</xmax>
			<ymax>393</ymax>
		</bndbox>
	</object>
	<object>
		<name>ref_coin</name>
		<bndbox>
			<xmin>554</xmin>
			<ymin>134</ymin>
			<xmax>597</xmax>
			<ymax>164</ymax>
		</bndbox>
	</object>
	<object>
		<name>dish</name>
		<bndbox>
			<xmin>124</xmin>
			<ymin>133</ymin>
			<xmax>562</xmax>
			<ymax>318</ymax>
		</bndbox>
	</object>
	<object>
		<name>김밥</name>
		<bndbox>
			<xmin>234</xmin>
			<ymin>160</ymin>
			<xmax>426</xmax>
			<ymax>264</ymax>
		</bndbox>
	</object>
</annotation>