<annotation>
	<folder>top주먹밥김밥류접시김밥q1</folder>
	<filename>top_주먹밥김밥류_접시_김밥_Q1_00009.JPG</filename>
	<path>/top주먹밥김밥류접시김밥q1/top_주먹밥김밥류_접시_김밥_Q1_00009.JPG</path>
	<source>
		<database>fooddata</database>
	</source>
	<size>
		<width>5472</width>
		<height>3648</height>
		<depth>3</depth>
	</size>
	<object>
		<name>ref_spoon</name>
		<bndbox>
			<xmin>3813</xmin>
			<ymin>672</ymin>
			<xmax>4215</xmax>
			<ymax>1419</ymax>
		</bndbox>
	</object>
	<object>
		<name>ref_fork</name>
		<bndbox>
			<xmin>4317</xmin>
			<ymin>860</ymin>
			<xmax>4586</xmax>
			<ymax>1612</ymax>
		</bndbox>
	</object>
	<object>
		<name>ref_coin</name>
		<bndbox>
			<xmin>3485</xmin>
			<ymin>2428</ymin>
			<xmax>3802</xmax>
			<ymax>2745</ymax>
		</bndbox>
	</object>
	<object>
		<name>dish</name>
		<bndbox>
			<xmin>510</xmin>
			<ymin>312</ymin>
			<xmax>3641</xmax>
			<ymax>2557</ymax>
		</bndbox>
	</object>
	<object>
		<name>김밥</name>
		<bndbox>
			<xmin>1573</xmin>
			<ymin>1043</ymin>
			<xmax>2492</xmax>
			<ymax>1762</ymax>
		</bndbox>
	</object>
</annotation>