<annotation>
	<folder>top주먹밥김밥류접시김밥q1</folder>
	<filename>top_주먹밥김밥류_접시_김밥_Q1_00019.JPG</filename>
	<path>/top주먹밥김밥류접시김밥q1/top_주먹밥김밥류_접시_김밥_Q1_00019.JPG</path>
	<source>
		<database>fooddata</database>
	</source>
	<size>
		<width>5472</width>
		<height>3648</height>
		<depth>3</depth>
	</size>
	<object>
		<name>ref_spoon</name>
		<bndbox>
			<xmin>1224</xmin>
			<ymin>2911</ymin>
			<xmax>2137</xmax>
			<ymax>3416</ymax>
		</bndbox>
	</object>
	<object>
		<name>ref_fork</name>
		<bndbox>
			<xmin>1445</xmin>
			<ymin>2401</ymin>
			<xmax>2384</xmax>
			<ymax>2729</ymax>
		</bndbox>
	</object>
	<object>
		<name>ref_coin</name>
		<bndbox>
			<xmin>3791</xmin>
			<ymin>291</ymin>
			<xmax>4130</xmax>
			<ymax>618</ymax>
		</bndbox>
	</object>
	<object>
		<name>dish</name>
		<bndbox>
			<xmin>779</xmin>
			<ymin>33</ymin>
			<xmax>4221</xmax>
			<ymax>2342</ymax>
		</bndbox>
	</object>
	<object>
		<name>김밥</name>
		<bndbox>
			<xmin>1198</xmin>
			<ymin>371</ymin>
			<xmax>2121</xmax>
			<ymax>1494</ymax>
		</bndbox>
	</object>
</annotation>