<annotation>
	<folder>top주먹밥김밥류접시김밥q1</folder>
	<filename>top_주먹밥김밥류_접시_김밥_Q1_00041.JPG</filename>
	<path>/top주먹밥김밥류접시김밥q1/top_주먹밥김밥류_접시_김밥_Q1_00041.JPG</path>
	<source>
		<database>fooddata</database>
	</source>
	<size>
		<width>5472</width>
		<height>3648</height>
		<depth>3</depth>
	</size>
	<object>
		<name>ref_spoon</name>
		<bndbox>
			<xmin>1380</xmin>
			<ymin>581</ymin>
			<xmax>1815</xmax>
			<ymax>1290</ymax>
		</bndbox>
	</object>
	<object>
		<name>ref_fork</name>
		<bndbox>
			<xmin>1922</xmin>
			<ymin>635</ymin>
			<xmax>2212</xmax>
			<ymax>1462</ymax>
		</bndbox>
	</object>
	<object>
		<name>ref_coin</name>
		<bndbox>
			<xmin>4027</xmin>
			<ymin>248</ymin>
			<xmax>4334</xmax>
			<ymax>549</ymax>
		</bndbox>
	</object>
	<object>
		<name>dish</name>
		<bndbox>
			<xmin>2433</xmin>
			<ymin>345</ymin>
			<xmax>3990</xmax>
			<ymax>3298</ymax>
		</bndbox>
	</object>
	<object>
		<name>김밥</name>
		<bndbox>
			<xmin>2755</xmin>
			<ymin>1295</ymin>
			<xmax>3340</xmax>
			<ymax>2374</ymax>
		</bndbox>
	</object>
</annotation>