<annotation>
	<folder>top주먹밥김밥류접시김밥q1</folder>
	<filename>top_주먹밥김밥류_접시_김밥_Q1_00045.JPG</filename>
	<path>/top주먹밥김밥류접시김밥q1/top_주먹밥김밥류_접시_김밥_Q1_00045.JPG</path>
	<source>
		<database>fooddata</database>
	</source>
	<size>
		<width>5472</width>
		<height>3648</height>
		<depth>3</depth>
	</size>
	<object>
		<name>ref_spoon</name>
		<bndbox>
			<xmin>1541</xmin>
			<ymin>742</ymin>
			<xmax>1901</xmax>
			<ymax>1349</ymax>
		</bndbox>
	</object>
	<object>
		<name>ref_fork</name>
		<bndbox>
			<xmin>1982</xmin>
			<ymin>796</ymin>
			<xmax>2229</xmax>
			<ymax>1456</ymax>
		</bndbox>
	</object>
	<object>
		<name>ref_coin</name>
		<bndbox>
			<xmin>3732</xmin>
			<ymin>635</ymin>
			<xmax>3985</xmax>
			<ymax>882</ymax>
		</bndbox>
	</object>
	<object>
		<name>dish</name>
		<bndbox>
			<xmin>2406</xmin>
			<ymin>559</ymin>
			<xmax>3678</xmax>
			<ymax>2954</ymax>
		</bndbox>
	</object>
	<object>
		<name>김밥</name>
		<bndbox>
			<xmin>2647</xmin>
			<ymin>849</ymin>
			<xmax>3512</xmax>
			<ymax>2493</ymax>
		</bndbox>
	</object>
</annotation>