<annotation>
	<folder>top주먹밥김밥류접시김밥q1</folder>
	<filename>top_주먹밥김밥류_접시_김밥_Q1_00046.JPG</filename>
	<path>/top주먹밥김밥류접시김밥q1/top_주먹밥김밥류_접시_김밥_Q1_00046.JPG</path>
	<source>
		<database>fooddata</database>
	</source>
	<size>
		<width>5472</width>
		<height>3648</height>
		<depth>3</depth>
	</size>
	<object>
		<name>ref_spoon</name>
		<bndbox>
			<xmin>1310</xmin>
			<ymin>608</ymin>
			<xmax>1724</xmax>
			<ymax>1343</ymax>
		</bndbox>
	</object>
	<object>
		<name>ref_fork</name>
		<bndbox>
			<xmin>1826</xmin>
			<ymin>678</ymin>
			<xmax>2110</xmax>
			<ymax>1440</ymax>
		</bndbox>
	</object>
	<object>
		<name>ref_coin</name>
		<bndbox>
			<xmin>3931</xmin>
			<ymin>925</ymin>
			<xmax>4226</xmax>
			<ymax>1215</ymax>
		</bndbox>
	</object>
	<object>
		<name>dish</name>
		<bndbox>
			<xmin>2298</xmin>
			<ymin>404</ymin>
			<xmax>3797</xmax>
			<ymax>3158</ymax>
		</bndbox>
	</object>
	<object>
		<name>김밥</name>
		<bndbox>
			<xmin>2513</xmin>
			<ymin>720</ymin>
			<xmax>3082</xmax>
			<ymax>2858</ymax>
		</bndbox>
	</object>
</annotation>