<annotation>
	<folder>top주먹밥김밥류접시김밥q1</folder>
	<filename>top_주먹밥김밥류_접시_김밥_Q1_00048.JPG</filename>
	<path>/top주먹밥김밥류접시김밥q1/top_주먹밥김밥류_접시_김밥_Q1_00048.JPG</path>
	<source>
		<database>fooddata</database>
	</source>
	<size>
		<width>5472</width>
		<height>3648</height>
		<depth>3</depth>
	</size>
	<object>
		<name>ref_spoon</name>
		<bndbox>
			<xmin>1643</xmin>
			<ymin>565</ymin>
			<xmax>2057</xmax>
			<ymax>1252</ymax>
		</bndbox>
	</object>
	<object>
		<name>ref_fork</name>
		<bndbox>
			<xmin>2164</xmin>
			<ymin>624</ymin>
			<xmax>2433</xmax>
			<ymax>1354</ymax>
		</bndbox>
	</object>
	<object>
		<name>ref_coin</name>
		<bndbox>
			<xmin>4248</xmin>
			<ymin>1880</ymin>
			<xmax>4564</xmax>
			<ymax>2203</ymax>
		</bndbox>
	</object>
	<object>
		<name>dish</name>
		<bndbox>
			<xmin>2631</xmin>
			<ymin>323</ymin>
			<xmax>4178</xmax>
			<ymax>3115</ymax>
		</bndbox>
	</object>
	<object>
		<name>김밥</name>
		<bndbox>
			<xmin>2846</xmin>
			<ymin>1612</ymin>
			<xmax>3582</xmax>
			<ymax>2804</ymax>
		</bndbox>
	</object>
</annotation>