<annotation>
	<folder>top주먹밥김밥류접시김밥q1</folder>
	<filename>top_주먹밥김밥류_접시_김밥_Q1_00013.JPG</filename>
	<path>/top주먹밥김밥류접시김밥q1/top_주먹밥김밥류_접시_김밥_Q1_00013.JPG</path>
	<source>
		<database>fooddata</database>
	</source>
	<size>
		<width>5472</width>
		<height>3648</height>
		<depth>3</depth>
	</size>
	<object>
		<name>ref_spoon</name>
		<bndbox>
			<xmin>3899</xmin>
			<ymin>763</ymin>
			<xmax>4317</xmax>
			<ymax>1462</ymax>
		</bndbox>
	</object>
	<object>
		<name>ref_fork</name>
		<bndbox>
			<xmin>4409</xmin>
			<ymin>967</ymin>
			<xmax>4704</xmax>
			<ymax>1805</ymax>
		</bndbox>
	</object>
	<object>
		<name>ref_coin</name>
		<bndbox>
			<xmin>2814</xmin>
			<ymin>452</ymin>
			<xmax>3125</xmax>
			<ymax>747</ymax>
		</bndbox>
	</object>
	<object>
		<name>dish</name>
		<bndbox>
			<xmin>913</xmin>
			<ymin>226</ymin>
			<xmax>3872</xmax>
			<ymax>3352</ymax>
		</bndbox>
	</object>
	<object>
		<name>김밥</name>
		<bndbox>
			<xmin>1949</xmin>
			<ymin>1204</ymin>
			<xmax>2744</xmax>
			<ymax>2106</ymax>
		</bndbox>
	</object>
</annotation>