<annotation>
	<folder>top주먹밥김밥류접시김밥q1</folder>
	<filename>top_주먹밥김밥류_접시_김밥_Q1_00028.JPG</filename>
	<path>/top주먹밥김밥류접시김밥q1/top_주먹밥김밥류_접시_김밥_Q1_00028.JPG</path>
	<source>
		<database>fooddata</database>
	</source>
	<size>
		<width>5472</width>
		<height>3648</height>
		<depth>3</depth>
	</size>
	<object>
		<name>ref_spoon</name>
		<bndbox>
			<xmin>2073</xmin>
			<ymin>2772</ymin>
			<xmax>2733</xmax>
			<ymax>3169</ymax>
		</bndbox>
	</object>
	<object>
		<name>ref_fork</name>
		<bndbox>
			<xmin>2234</xmin>
			<ymin>2439</ymin>
			<xmax>2932</xmax>
			<ymax>2675</ymax>
		</bndbox>
	</object>
	<object>
		<name>ref_coin</name>
		<bndbox>
			<xmin>2674</xmin>
			<ymin>1999</ymin>
			<xmax>2943</xmax>
			<ymax>2256</ymax>
		</bndbox>
	</object>
	<object>
		<name>dish</name>
		<bndbox>
			<xmin>1933</xmin>
			<ymin>312</ymin>
			<xmax>4350</xmax>
			<ymax>2380</ymax>
		</bndbox>
	</object>
	<object>
		<name>김밥</name>
		<bndbox>
			<xmin>2792</xmin>
			<ymin>919</ymin>
			<xmax>3453</xmax>
			<ymax>1633</ymax>
		</bndbox>
	</object>
</annotation>