<annotation>
	<folder>side생선찜류사각배달문어숙회q5</folder>
	<filename>side_생선찜류_사각배달_문어숙회_Q5_00043.JPG</filename>
	<path>/side생선찜류사각배달문어숙회q5/side_생선찜류_사각배달_문어숙회_Q5_00043.JPG</path>
	<source>
		<database>fooddata</database>
	</source>
	<size>
		<width>3008</width>
		<height>2000</height>
		<depth>3</depth>
	</size>
	<object>
		<name>ref_spoon</name>
		<bndbox>
			<xmin>194</xmin>
			<ymin>683</ymin>
			<xmax>482</xmax>
			<ymax>1059</ymax>
		</bndbox>
	</object>
	<object>
		<name>ref_fork</name>
		<bndbox>
			<xmin>585</xmin>
			<ymin>693</ymin>
			<xmax>784</xmax>
			<ymax>1118</ymax>
		</bndbox>
	</object>
	<object>
		<name>ref_coin</name>
		<bndbox>
			<xmin>1922</xmin>
			<ymin>344</ymin>
			<xmax>2111</xmax>
			<ymax>464</ymax>
		</bndbox>
	</object>
	<object>
		<name>dish</name>
		<bndbox>
			<xmin>954</xmin>
			<ymin>491</ymin>
			<xmax>2116</xmax>
			<ymax>1560</ymax>
		</bndbox>
	</object>
	<object>
		<name>문어숙회</name>
		<bndbox>
			<xmin>1069</xmin>
			<ymin>722</ymin>
			<xmax>1941</xmax>
			<ymax>1428</ymax>
		</bndbox>
	</object>
</annotation>