<annotation>
	<folder>side생선찜류사각배달문어숙회q5</folder>
	<filename>side_생선찜류_사각배달_문어숙회_Q5_00038.JPG</filename>
	<path>/side생선찜류사각배달문어숙회q5/side_생선찜류_사각배달_문어숙회_Q5_00038.JPG</path>
	<source>
		<database>fooddata</database>
	</source>
	<size>
		<width>3008</width>
		<height>2000</height>
		<depth>3</depth>
	</size>
	<object>
		<name>ref_spoon</name>
		<bndbox>
			<xmin>219</xmin>
			<ymin>575</ymin>
			<xmax>499</xmax>
			<ymax>943</ymax>
		</bndbox>
	</object>
	<object>
		<name>ref_fork</name>
		<bndbox>
			<xmin>602</xmin>
			<ymin>585</ymin>
			<xmax>794</xmax>
			<ymax>1002</ymax>
		</bndbox>
	</object>
	<object>
		<name>ref_coin</name>
		<bndbox>
			<xmin>2293</xmin>
			<ymin>1575</ymin>
			<xmax>2526</xmax>
			<ymax>1744</ymax>
		</bndbox>
	</object>
	<object>
		<name>dish</name>
		<bndbox>
			<xmin>1027</xmin>
			<ymin>346</ymin>
			<xmax>2182</xmax>
			<ymax>1423</ymax>
		</bndbox>
	</object>
	<object>
		<name>문어숙회</name>
		<bndbox>
			<xmin>1121</xmin>
			<ymin>580</ymin>
			<xmax>1983</xmax>
			<ymax>1287</ymax>
		</bndbox>
	</object>
</annotation>