<annotation>
	<folder>side생선찜류사각배달문어숙회q5</folder>
	<filename>side_생선찜류_사각배달_문어숙회_Q5_00011.JPG</filename>
	<path>/side생선찜류사각배달문어숙회q5/side_생선찜류_사각배달_문어숙회_Q5_00011.JPG</path>
	<source>
		<database>fooddata</database>
	</source>
	<size>
		<width>3008</width>
		<height>2000</height>
		<depth>3</depth>
	</size>
	<object>
		<name>ref_spoon</name>
		<bndbox>
			<xmin>2126</xmin>
			<ymin>609</ymin>
			<xmax>2371</xmax>
			<ymax>916</ymax>
		</bndbox>
	</object>
	<object>
		<name>ref_fork</name>
		<bndbox>
			<xmin>2502</xmin>
			<ymin>617</ymin>
			<xmax>2678</xmax>
			<ymax>971</ymax>
		</bndbox>
	</object>
	<object>
		<name>ref_coin</name>
		<bndbox>
			<xmin>322</xmin>
			<ymin>821</ymin>
			<xmax>506</xmax>
			<ymax>948</ymax>
		</bndbox>
	</object>
	<object>
		<name>dish</name>
		<bndbox>
			<xmin>779</xmin>
			<ymin>582</ymin>
			<xmax>2180</xmax>
			<ymax>1568</ymax>
		</bndbox>
	</object>
	<object>
		<name>문어숙회</name>
		<bndbox>
			<xmin>941</xmin>
			<ymin>806</ymin>
			<xmax>1988</xmax>
			<ymax>1474</ymax>
		</bndbox>
	</object>
</annotation>