<annotation>
	<folder>side생선찜류사각배달문어숙회q5</folder>
	<filename>side_생선찜류_사각배달_문어숙회_Q5_00042.JPG</filename>
	<path>/side생선찜류사각배달문어숙회q5/side_생선찜류_사각배달_문어숙회_Q5_00042.JPG</path>
	<source>
		<database>fooddata</database>
	</source>
	<size>
		<width>3008</width>
		<height>2000</height>
		<depth>3</depth>
	</size>
	<object>
		<name>ref_spoon</name>
		<bndbox>
			<xmin>131</xmin>
			<ymin>673</ymin>
			<xmax>406</xmax>
			<ymax>1037</ymax>
		</bndbox>
	</object>
	<object>
		<name>ref_fork</name>
		<bndbox>
			<xmin>519</xmin>
			<ymin>693</ymin>
			<xmax>713</xmax>
			<ymax>1108</ymax>
		</bndbox>
	</object>
	<object>
		<name>ref_coin</name>
		<bndbox>
			<xmin>2194</xmin>
			<ymin>708</ymin>
			<xmax>2398</xmax>
			<ymax>853</ymax>
		</bndbox>
	</object>
	<object>
		<name>dish</name>
		<bndbox>
			<xmin>892</xmin>
			<ymin>482</ymin>
			<xmax>2052</xmax>
			<ymax>1555</ymax>
		</bndbox>
	</object>
	<object>
		<name>문어숙회</name>
		<bndbox>
			<xmin>1005</xmin>
			<ymin>725</ymin>
			<xmax>1865</xmax>
			<ymax>1428</ymax>
		</bndbox>
	</object>
</annotation>