<annotation>
	<folder>side생선찜류사각배달문어숙회q5</folder>
	<filename>side_생선찜류_사각배달_문어숙회_Q5_00040.JPG</filename>
	<path>/side생선찜류사각배달문어숙회q5/side_생선찜류_사각배달_문어숙회_Q5_00040.JPG</path>
	<source>
		<database>fooddata</database>
	</source>
	<size>
		<width>3008</width>
		<height>2000</height>
		<depth>3</depth>
	</size>
	<object>
		<name>ref_spoon</name>
		<bndbox>
			<xmin>202</xmin>
			<ymin>776</ymin>
			<xmax>477</xmax>
			<ymax>1147</ymax>
		</bndbox>
	</object>
	<object>
		<name>ref_fork</name>
		<bndbox>
			<xmin>578</xmin>
			<ymin>808</ymin>
			<xmax>777</xmax>
			<ymax>1226</ymax>
		</bndbox>
	</object>
	<object>
		<name>ref_coin</name>
		<bndbox>
			<xmin>2322</xmin>
			<ymin>1029</ymin>
			<xmax>2538</xmax>
			<ymax>1177</ymax>
		</bndbox>
	</object>
	<object>
		<name>dish</name>
		<bndbox>
			<xmin>941</xmin>
			<ymin>624</ymin>
			<xmax>2094</xmax>
			<ymax>1678</ymax>
		</bndbox>
	</object>
	<object>
		<name>문어숙회</name>
		<bndbox>
			<xmin>1074</xmin>
			<ymin>867</ymin>
			<xmax>1929</xmax>
			<ymax>1553</ymax>
		</bndbox>
	</object>
</annotation>