<annotation>
	<folder>top생선찜류사각배달문어숙회q5</folder>
	<filename>top_생선찜류_사각배달_문어숙회_Q5_00007.JPG</filename>
	<path>/top생선찜류사각배달문어숙회q5/top_생선찜류_사각배달_문어숙회_Q5_00007.JPG</path>
	<source>
		<database>fooddata</database>
	</source>
	<size>
		<width>3008</width>
		<height>2000</height>
		<depth>3</depth>
	</size>
	<object>
		<name>ref_spoon</name>
		<bndbox>
			<xmin>2150</xmin>
			<ymin>119</ymin>
			<xmax>2462</xmax>
			<ymax>576</ymax>
		</bndbox>
	</object>
	<object>
		<name>ref_fork</name>
		<bndbox>
			<xmin>2497</xmin>
			<ymin>225</ymin>
			<xmax>2710</xmax>
			<ymax>690</ymax>
		</bndbox>
	</object>
	<object>
		<name>ref_coin</name>
		<bndbox>
			<xmin>1869</xmin>
			<ymin>1612</ymin>
			<xmax>2086</xmax>
			<ymax>1839</ymax>
		</bndbox>
	</object>
	<object>
		<name>dish</name>
		<bndbox>
			<xmin>241</xmin>
			<ymin>392</ymin>
			<xmax>1802</xmax>
			<ymax>1516</ymax>
		</bndbox>
	</object>
	<object>
		<name>문어숙회</name>
		<bndbox>
			<xmin>486</xmin>
			<ymin>583</ymin>
			<xmax>1586</xmax>
			<ymax>1367</ymax>
		</bndbox>
	</object>
</annotation>