<annotation>
	<folder>top생선찜류사각배달문어숙회q5</folder>
	<filename>top_생선찜류_사각배달_문어숙회_Q5_00012.JPG</filename>
	<path>/top생선찜류사각배달문어숙회q5/top_생선찜류_사각배달_문어숙회_Q5_00012.JPG</path>
	<source>
		<database>fooddata</database>
	</source>
	<size>
		<width>3008</width>
		<height>2000</height>
		<depth>3</depth>
	</size>
	<object>
		<name>ref_spoon</name>
		<bndbox>
			<xmin>2171</xmin>
			<ymin>246</ymin>
			<xmax>2458</xmax>
			<ymax>658</ymax>
		</bndbox>
	</object>
	<object>
		<name>ref_fork</name>
		<bndbox>
			<xmin>2483</xmin>
			<ymin>346</ymin>
			<xmax>2699</xmax>
			<ymax>785</ymax>
		</bndbox>
	</object>
	<object>
		<name>ref_coin</name>
		<bndbox>
			<xmin>1813</xmin>
			<ymin>1424</ymin>
			<xmax>2025</xmax>
			<ymax>1651</ymax>
		</bndbox>
	</object>
	<object>
		<name>dish</name>
		<bndbox>
			<xmin>277</xmin>
			<ymin>200</ymin>
			<xmax>1940</xmax>
			<ymax>1750</ymax>
		</bndbox>
	</object>
	<object>
		<name>문어숙회</name>
		<bndbox>
			<xmin>553</xmin>
			<ymin>466</ymin>
			<xmax>1674</xmax>
			<ymax>1544</ymax>
		</bndbox>
	</object>
</annotation>