<annotation>
	<folder>top생선찜류사각배달문어숙회q5</folder>
	<filename>top_생선찜류_사각배달_문어숙회_Q5_00052.JPG</filename>
	<path>/top생선찜류사각배달문어숙회q5/top_생선찜류_사각배달_문어숙회_Q5_00052.JPG</path>
	<source>
		<database>fooddata</database>
	</source>
	<size>
		<width>3008</width>
		<height>2000</height>
		<depth>3</depth>
	</size>
	<object>
		<name>ref_spoon</name>
		<bndbox>
			<xmin>557</xmin>
			<ymin>108</ymin>
			<xmax>834</xmax>
			<ymax>544</ymax>
		</bndbox>
	</object>
	<object>
		<name>ref_fork</name>
		<bndbox>
			<xmin>890</xmin>
			<ymin>150</ymin>
			<xmax>1103</xmax>
			<ymax>636</ymax>
		</bndbox>
	</object>
	<object>
		<name>ref_coin</name>
		<bndbox>
			<xmin>1618</xmin>
			<ymin>1651</ymin>
			<xmax>1852</xmax>
			<ymax>1878</ymax>
		</bndbox>
	</object>
	<object>
		<name>dish</name>
		<bndbox>
			<xmin>1210</xmin>
			<ymin>80</ymin>
			<xmax>2291</xmax>
			<ymax>1466</ymax>
		</bndbox>
	</object>
	<object>
		<name>문어숙회</name>
		<bndbox>
			<xmin>1362</xmin>
			<ymin>331</ymin>
			<xmax>2118</xmax>
			<ymax>1317</ymax>
		</bndbox>
	</object>
</annotation>