<annotation>
	<folder>top생선찜류사각배달문어숙회q5</folder>
	<filename>top_생선찜류_사각배달_문어숙회_Q5_00003.JPG</filename>
	<path>/top생선찜류사각배달문어숙회q5/top_생선찜류_사각배달_문어숙회_Q5_00003.JPG</path>
	<source>
		<database>fooddata</database>
	</source>
	<size>
		<width>3008</width>
		<height>2000</height>
		<depth>3</depth>
	</size>
	<object>
		<name>ref_spoon</name>
		<bndbox>
			<xmin>2064</xmin>
			<ymin>94</ymin>
			<xmax>2359</xmax>
			<ymax>544</ymax>
		</bndbox>
	</object>
	<object>
		<name>ref_fork</name>
		<bndbox>
			<xmin>2405</xmin>
			<ymin>189</ymin>
			<xmax>2614</xmax>
			<ymax>654</ymax>
		</bndbox>
	</object>
	<object>
		<name>ref_coin</name>
		<bndbox>
			<xmin>1781</xmin>
			<ymin>477</ymin>
			<xmax>2001</xmax>
			<ymax>697</ymax>
		</bndbox>
	</object>
	<object>
		<name>dish</name>
		<bndbox>
			<xmin>245</xmin>
			<ymin>218</ymin>
			<xmax>1674</xmax>
			<ymax>1892</ymax>
		</bndbox>
	</object>
	<object>
		<name>문어숙회</name>
		<bndbox>
			<xmin>497</xmin>
			<ymin>459</ymin>
			<xmax>1461</xmax>
			<ymax>1637</ymax>
		</bndbox>
	</object>
</annotation>