<annotation>
	<folder>top생선찜류사각배달문어숙회q5</folder>
	<filename>top_생선찜류_사각배달_문어숙회_Q5_00036.JPG</filename>
	<path>/top생선찜류사각배달문어숙회q5/top_생선찜류_사각배달_문어숙회_Q5_00036.JPG</path>
	<source>
		<database>fooddata</database>
	</source>
	<size>
		<width>3008</width>
		<height>2000</height>
		<depth>3</depth>
	</size>
	<object>
		<name>ref_spoon</name>
		<bndbox>
			<xmin>880</xmin>
			<ymin>1495</ymin>
			<xmax>1234</xmax>
			<ymax>1757</ymax>
		</bndbox>
	</object>
	<object>
		<name>ref_fork</name>
		<bndbox>
			<xmin>912</xmin>
			<ymin>1282</ymin>
			<xmax>1298</xmax>
			<ymax>1452</ymax>
		</bndbox>
	</object>
	<object>
		<name>ref_coin</name>
		<bndbox>
			<xmin>1830</xmin>
			<ymin>409</ymin>
			<xmax>2001</xmax>
			<ymax>583</ymax>
		</bndbox>
	</object>
	<object>
		<name>dish</name>
		<bndbox>
			<xmin>951</xmin>
			<ymin>111</ymin>
			<xmax>1788</xmax>
			<ymax>1183</ymax>
		</bndbox>
	</object>
	<object>
		<name>문어숙회</name>
		<bndbox>
			<xmin>1043</xmin>
			<ymin>289</ymin>
			<xmax>1674</xmax>
			<ymax>1101</ymax>
		</bndbox>
	</object>
</annotation>