<annotation>
	<folder>top생선찜류사각배달문어숙회q5</folder>
	<filename>top_생선찜류_사각배달_문어숙회_Q5_00045.JPG</filename>
	<path>/top생선찜류사각배달문어숙회q5/top_생선찜류_사각배달_문어숙회_Q5_00045.JPG</path>
	<source>
		<database>fooddata</database>
	</source>
	<size>
		<width>3008</width>
		<height>2000</height>
		<depth>3</depth>
	</size>
	<object>
		<name>ref_spoon</name>
		<bndbox>
			<xmin>624</xmin>
			<ymin>264</ymin>
			<xmax>887</xmax>
			<ymax>633</ymax>
		</bndbox>
	</object>
	<object>
		<name>ref_fork</name>
		<bndbox>
			<xmin>940</xmin>
			<ymin>303</ymin>
			<xmax>1128</xmax>
			<ymax>722</ymax>
		</bndbox>
	</object>
	<object>
		<name>ref_coin</name>
		<bndbox>
			<xmin>2416</xmin>
			<ymin>1144</ymin>
			<xmax>2604</xmax>
			<ymax>1339</ymax>
		</bndbox>
	</object>
	<object>
		<name>dish</name>
		<bndbox>
			<xmin>1263</xmin>
			<ymin>275</ymin>
			<xmax>2252</xmax>
			<ymax>1587</ymax>
		</bndbox>
	</object>
	<object>
		<name>문어숙회</name>
		<bndbox>
			<xmin>1390</xmin>
			<ymin>431</ymin>
			<xmax>2128</xmax>
			<ymax>1310</ymax>
		</bndbox>
	</object>
</annotation>