<annotation>
	<folder>top생선찜류사각배달문어숙회q5</folder>
	<filename>top_생선찜류_사각배달_문어숙회_Q5_00026.JPG</filename>
	<path>/top생선찜류사각배달문어숙회q5/top_생선찜류_사각배달_문어숙회_Q5_00026.JPG</path>
	<source>
		<database>fooddata</database>
	</source>
	<size>
		<width>3008</width>
		<height>2000</height>
		<depth>3</depth>
	</size>
	<object>
		<name>ref_spoon</name>
		<bndbox>
			<xmin>752</xmin>
			<ymin>1463</ymin>
			<xmax>1139</xmax>
			<ymax>1722</ymax>
		</bndbox>
	</object>
	<object>
		<name>ref_fork</name>
		<bndbox>
			<xmin>784</xmin>
			<ymin>1239</ymin>
			<xmax>1171</xmax>
			<ymax>1420</ymax>
		</bndbox>
	</object>
	<object>
		<name>ref_coin</name>
		<bndbox>
			<xmin>1401</xmin>
			<ymin>1715</ymin>
			<xmax>1586</xmax>
			<ymax>1906</ymax>
		</bndbox>
	</object>
	<object>
		<name>dish</name>
		<bndbox>
			<xmin>702</xmin>
			<ymin>108</ymin>
			<xmax>1908</xmax>
			<ymax>998</ymax>
		</bndbox>
	</object>
	<object>
		<name>문어숙회</name>
		<bndbox>
			<xmin>837</xmin>
			<ymin>282</ymin>
			<xmax>1699</xmax>
			<ymax>892</ymax>
		</bndbox>
	</object>
</annotation>