<annotation>
	<folder>side돌솥밥류돌솥영양돌솥밥q2</folder>
	<filename>side_돌솥밥류_돌솥_영양돌솥밥_Q2_00009.JPG</filename>
	<path>/side돌솥밥류돌솥영양돌솥밥q2/side_돌솥밥류_돌솥_영양돌솥밥_Q2_00009.JPG</path>
	<source>
		<database>fooddata</database>
	</source>
	<size>
		<width>720</width>
		<height>480</height>
		<depth>3</depth>
	</size>
	<object>
		<name>ref_spoon</name>
		<bndbox>
			<xmin>536</xmin>
			<ymin>116</ymin>
			<xmax>603</xmax>
			<ymax>202</ymax>
		</bndbox>
	</object>
	<object>
		<name>ref_fork</name>
		<bndbox>
			<xmin>619</xmin>
			<ymin>112</ymin>
			<xmax>670</xmax>
			<ymax>214</ymax>
		</bndbox>
	</object>
	<object>
		<name>ref_coin</name>
		<bndbox>
			<xmin>127</xmin>
			<ymin>171</ymin>
			<xmax>174</xmax>
			<ymax>205</ymax>
		</bndbox>
	</object>
	<object>
		<name>dish</name>
		<bndbox>
			<xmin>197</xmin>
			<ymin>58</ymin>
			<xmax>527</xmax>
			<ymax>331</ymax>
		</bndbox>
	</object>
	<object>
		<name>영양돌솥밥</name>
		<bndbox>
			<xmin>368</xmin>
			<ymin>118</ymin>
			<xmax>486</xmax>
			<ymax>238</ymax>
		</bndbox>
	</object>
</annotation>