<annotation>
	<folder>side돌솥밥류돌솥영양돌솥밥q2</folder>
	<filename>side_돌솥밥류_돌솥_영양돌솥밥_Q2_00047.JPG</filename>
	<path>/side돌솥밥류돌솥영양돌솥밥q2/side_돌솥밥류_돌솥_영양돌솥밥_Q2_00047.JPG</path>
	<source>
		<database>fooddata</database>
	</source>
	<size>
		<width>720</width>
		<height>480</height>
		<depth>3</depth>
	</size>
	<object>
		<name>ref_spoon</name>
		<bndbox>
			<xmin>90</xmin>
			<ymin>190</ymin>
			<xmax>160</xmax>
			<ymax>285</ymax>
		</bndbox>
	</object>
	<object>
		<name>ref_fork</name>
		<bndbox>
			<xmin>178</xmin>
			<ymin>202</ymin>
			<xmax>228</xmax>
			<ymax>310</ymax>
		</bndbox>
	</object>
	<object>
		<name>ref_coin</name>
		<bndbox>
			<xmin>184</xmin>
			<ymin>141</ymin>
			<xmax>230</xmax>
			<ymax>174</ymax>
		</bndbox>
	</object>
	<object>
		<name>dish</name>
		<bndbox>
			<xmin>246</xmin>
			<ymin>134</ymin>
			<xmax>603</xmax>
			<ymax>427</ymax>
		</bndbox>
	</object>
	<object>
		<name>영양돌솥밥</name>
		<bndbox>
			<xmin>327</xmin>
			<ymin>193</ymin>
			<xmax>555</xmax>
			<ymax>327</ymax>
		</bndbox>
	</object>
</annotation>