<annotation>
	<folder>side돌솥밥류돌솥영양돌솥밥q2</folder>
	<filename>side_돌솥밥류_돌솥_영양돌솥밥_Q2_00014.JPG</filename>
	<path>/side돌솥밥류돌솥영양돌솥밥q2/side_돌솥밥류_돌솥_영양돌솥밥_Q2_00014.JPG</path>
	<source>
		<database>fooddata</database>
	</source>
	<size>
		<width>720</width>
		<height>480</height>
		<depth>3</depth>
	</size>
	<object>
		<name>ref_spoon</name>
		<bndbox>
			<xmin>169</xmin>
			<ymin>375</ymin>
			<xmax>272</xmax>
			<ymax>435</ymax>
		</bndbox>
	</object>
	<object>
		<name>ref_fork</name>
		<bndbox>
			<xmin>198</xmin>
			<ymin>319</ymin>
			<xmax>316</xmax>
			<ymax>365</ymax>
		</bndbox>
	</object>
	<object>
		<name>ref_coin</name>
		<bndbox>
			<xmin>530</xmin>
			<ymin>221</ymin>
			<xmax>574</xmax>
			<ymax>255</ymax>
		</bndbox>
	</object>
	<object>
		<name>dish</name>
		<bndbox>
			<xmin>217</xmin>
			<ymin>42</ymin>
			<xmax>512</xmax>
			<ymax>286</ymax>
		</bndbox>
	</object>
	<object>
		<name>영양돌솥밥</name>
		<bndbox>
			<xmin>265</xmin>
			<ymin>83</ymin>
			<xmax>448</xmax>
			<ymax>204</ymax>
		</bndbox>
	</object>
</annotation>