<annotation>
	<folder>side돌솥밥류돌솥영양돌솥밥q2</folder>
	<filename>side_돌솥밥류_돌솥_영양돌솥밥_Q2_00036.JPG</filename>
	<path>/side돌솥밥류돌솥영양돌솥밥q2/side_돌솥밥류_돌솥_영양돌솥밥_Q2_00036.JPG</path>
	<source>
		<database>fooddata</database>
	</source>
	<size>
		<width>720</width>
		<height>480</height>
		<depth>3</depth>
	</size>
	<object>
		<name>ref_spoon</name>
		<bndbox>
			<xmin>47</xmin>
			<ymin>138</ymin>
			<xmax>119</xmax>
			<ymax>235</ymax>
		</bndbox>
	</object>
	<object>
		<name>ref_fork</name>
		<bndbox>
			<xmin>137</xmin>
			<ymin>153</ymin>
			<xmax>187</xmax>
			<ymax>256</ymax>
		</bndbox>
	</object>
	<object>
		<name>ref_coin</name>
		<bndbox>
			<xmin>585</xmin>
			<ymin>148</ymin>
			<xmax>633</xmax>
			<ymax>186</ymax>
		</bndbox>
	</object>
	<object>
		<name>dish</name>
		<bndbox>
			<xmin>202</xmin>
			<ymin>86</ymin>
			<xmax>562</xmax>
			<ymax>379</ymax>
		</bndbox>
	</object>
	<object>
		<name>영양돌솥밥</name>
		<bndbox>
			<xmin>256</xmin>
			<ymin>148</ymin>
			<xmax>503</xmax>
			<ymax>284</ymax>
		</bndbox>
	</object>
</annotation>