<annotation>
	<folder>side돌솥밥류돌솥영양돌솥밥q2</folder>
	<filename>side_돌솥밥류_돌솥_영양돌솥밥_Q2_00003.JPG</filename>
	<path>/side돌솥밥류돌솥영양돌솥밥q2/side_돌솥밥류_돌솥_영양돌솥밥_Q2_00003.JPG</path>
	<source>
		<database>fooddata</database>
	</source>
	<size>
		<width>720</width>
		<height>480</height>
		<depth>3</depth>
	</size>
	<object>
		<name>ref_spoon</name>
		<bndbox>
			<xmin>534</xmin>
			<ymin>131</ymin>
			<xmax>598</xmax>
			<ymax>221</ymax>
		</bndbox>
	</object>
	<object>
		<name>ref_fork</name>
		<bndbox>
			<xmin>615</xmin>
			<ymin>127</ymin>
			<xmax>665</xmax>
			<ymax>228</ymax>
		</bndbox>
	</object>
	<object>
		<name>ref_coin</name>
		<bndbox>
			<xmin>323</xmin>
			<ymin>398</ymin>
			<xmax>372</xmax>
			<ymax>441</ymax>
		</bndbox>
	</object>
	<object>
		<name>dish</name>
		<bndbox>
			<xmin>113</xmin>
			<ymin>70</ymin>
			<xmax>441</xmax>
			<ymax>338</ymax>
		</bndbox>
	</object>
	<object>
		<name>영양돌솥밥</name>
		<bndbox>
			<xmin>164</xmin>
			<ymin>97</ymin>
			<xmax>362</xmax>
			<ymax>243</ymax>
		</bndbox>
	</object>
</annotation>