<annotation>
	<folder>side돌솥밥류돌솥영양돌솥밥q2</folder>
	<filename>side_돌솥밥류_돌솥_영양돌솥밥_Q2_00018.JPG</filename>
	<path>/side돌솥밥류돌솥영양돌솥밥q2/side_돌솥밥류_돌솥_영양돌솥밥_Q2_00018.JPG</path>
	<source>
		<database>fooddata</database>
	</source>
	<size>
		<width>720</width>
		<height>480</height>
		<depth>3</depth>
	</size>
	<object>
		<name>ref_spoon</name>
		<bndbox>
			<xmin>171</xmin>
			<ymin>367</ymin>
			<xmax>277</xmax>
			<ymax>429</ymax>
		</bndbox>
	</object>
	<object>
		<name>ref_fork</name>
		<bndbox>
			<xmin>202</xmin>
			<ymin>308</ymin>
			<xmax>318</xmax>
			<ymax>358</ymax>
		</bndbox>
	</object>
	<object>
		<name>ref_coin</name>
		<bndbox>
			<xmin>481</xmin>
			<ymin>61</ymin>
			<xmax>520</xmax>
			<ymax>92</ymax>
		</bndbox>
	</object>
	<object>
		<name>dish</name>
		<bndbox>
			<xmin>216</xmin>
			<ymin>48</ymin>
			<xmax>516</xmax>
			<ymax>292</ymax>
		</bndbox>
	</object>
	<object>
		<name>영양돌솥밥</name>
		<bndbox>
			<xmin>266</xmin>
			<ymin>101</ymin>
			<xmax>473</xmax>
			<ymax>210</ymax>
		</bndbox>
	</object>
</annotation>