<annotation>
	<folder>top돌솥밥류돌솥영양돌솥밥q2</folder>
	<filename>top_돌솥밥류_돌솥_영양돌솥밥_Q2_00038.JPG</filename>
	<path>/top돌솥밥류돌솥영양돌솥밥q2/top_돌솥밥류_돌솥_영양돌솥밥_Q2_00038.JPG</path>
	<source>
		<database>fooddata</database>
	</source>
	<size>
		<width>720</width>
		<height>480</height>
		<depth>3</depth>
	</size>
	<object>
		<name>ref_spoon</name>
		<bndbox>
			<xmin>57</xmin>
			<ymin>147</ymin>
			<xmax>122</xmax>
			<ymax>254</ymax>
		</bndbox>
	</object>
	<object>
		<name>ref_fork</name>
		<bndbox>
			<xmin>143</xmin>
			<ymin>162</ymin>
			<xmax>188</xmax>
			<ymax>271</ymax>
		</bndbox>
	</object>
	<object>
		<name>ref_coin</name>
		<bndbox>
			<xmin>218</xmin>
			<ymin>27</ymin>
			<xmax>264</xmax>
			<ymax>69</ymax>
		</bndbox>
	</object>
	<object>
		<name>dish</name>
		<bndbox>
			<xmin>217</xmin>
			<ymin>102</ymin>
			<xmax>557</xmax>
			<ymax>436</ymax>
		</bndbox>
	</object>
	<object>
		<name>영양돌솥밥</name>
		<bndbox>
			<xmin>266</xmin>
			<ymin>137</ymin>
			<xmax>508</xmax>
			<ymax>387</ymax>
		</bndbox>
	</object>
</annotation>