<annotation>
	<folder>top돌솥밥류돌솥영양돌솥밥q2</folder>
	<filename>top_돌솥밥류_돌솥_영양돌솥밥_Q2_00018.JPG</filename>
	<path>/top돌솥밥류돌솥영양돌솥밥q2/top_돌솥밥류_돌솥_영양돌솥밥_Q2_00018.JPG</path>
	<source>
		<database>fooddata</database>
	</source>
	<size>
		<width>720</width>
		<height>480</height>
		<depth>3</depth>
	</size>
	<object>
		<name>ref_spoon</name>
		<bndbox>
			<xmin>179</xmin>
			<ymin>399</ymin>
			<xmax>273</xmax>
			<ymax>457</ymax>
		</bndbox>
	</object>
	<object>
		<name>ref_fork</name>
		<bndbox>
			<xmin>196</xmin>
			<ymin>343</ymin>
			<xmax>298</xmax>
			<ymax>382</ymax>
		</bndbox>
	</object>
	<object>
		<name>ref_coin</name>
		<bndbox>
			<xmin>405</xmin>
			<ymin>34</ymin>
			<xmax>444</xmax>
			<ymax>69</ymax>
		</bndbox>
	</object>
	<object>
		<name>dish</name>
		<bndbox>
			<xmin>215</xmin>
			<ymin>79</ymin>
			<xmax>490</xmax>
			<ymax>347</ymax>
		</bndbox>
	</object>
	<object>
		<name>영양돌솥밥</name>
		<bndbox>
			<xmin>248</xmin>
			<ymin>102</ymin>
			<xmax>417</xmax>
			<ymax>292</ymax>
		</bndbox>
	</object>
</annotation>