<annotation>
	<folder>top돌솥밥류돌솥영양돌솥밥q2</folder>
	<filename>top_돌솥밥류_돌솥_영양돌솥밥_Q2_00004.JPG</filename>
	<path>/top돌솥밥류돌솥영양돌솥밥q2/top_돌솥밥류_돌솥_영양돌솥밥_Q2_00004.JPG</path>
	<source>
		<database>fooddata</database>
	</source>
	<size>
		<width>720</width>
		<height>480</height>
		<depth>3</depth>
	</size>
	<object>
		<name>ref_spoon</name>
		<bndbox>
			<xmin>529</xmin>
			<ymin>50</ymin>
			<xmax>593</xmax>
			<ymax>152</ymax>
		</bndbox>
	</object>
	<object>
		<name>ref_fork</name>
		<bndbox>
			<xmin>611</xmin>
			<ymin>68</ymin>
			<xmax>659</xmax>
			<ymax>182</ymax>
		</bndbox>
	</object>
	<object>
		<name>ref_coin</name>
		<bndbox>
			<xmin>249</xmin>
			<ymin>393</ymin>
			<xmax>296</xmax>
			<ymax>442</ymax>
		</bndbox>
	</object>
	<object>
		<name>dish</name>
		<bndbox>
			<xmin>175</xmin>
			<ymin>35</ymin>
			<xmax>510</xmax>
			<ymax>362</ymax>
		</bndbox>
	</object>
	<object>
		<name>영양돌솥밥</name>
		<bndbox>
			<xmin>221</xmin>
			<ymin>66</ymin>
			<xmax>466</xmax>
			<ymax>299</ymax>
		</bndbox>
	</object>
</annotation>