<annotation>
	<folder>top돌솥밥류돌솥영양돌솥밥q2</folder>
	<filename>top_돌솥밥류_돌솥_영양돌솥밥_Q2_00022.JPG</filename>
	<path>/top돌솥밥류돌솥영양돌솥밥q2/top_돌솥밥류_돌솥_영양돌솥밥_Q2_00022.JPG</path>
	<source>
		<database>fooddata</database>
	</source>
	<size>
		<width>720</width>
		<height>480</height>
		<depth>3</depth>
	</size>
	<object>
		<name>ref_spoon</name>
		<bndbox>
			<xmin>180</xmin>
			<ymin>398</ymin>
			<xmax>278</xmax>
			<ymax>458</ymax>
		</bndbox>
	</object>
	<object>
		<name>ref_fork</name>
		<bndbox>
			<xmin>198</xmin>
			<ymin>341</ymin>
			<xmax>300</xmax>
			<ymax>382</ymax>
		</bndbox>
	</object>
	<object>
		<name>ref_coin</name>
		<bndbox>
			<xmin>266</xmin>
			<ymin>30</ymin>
			<xmax>304</xmax>
			<ymax>64</ymax>
		</bndbox>
	</object>
	<object>
		<name>dish</name>
		<bndbox>
			<xmin>223</xmin>
			<ymin>71</ymin>
			<xmax>506</xmax>
			<ymax>342</ymax>
		</bndbox>
	</object>
	<object>
		<name>영양돌솥밥</name>
		<bndbox>
			<xmin>266</xmin>
			<ymin>96</ymin>
			<xmax>471</xmax>
			<ymax>263</ymax>
		</bndbox>
	</object>
</annotation>