<annotation>
	<folder>top돌솥밥류돌솥영양돌솥밥q2</folder>
	<filename>top_돌솥밥류_돌솥_영양돌솥밥_Q2_00028.JPG</filename>
	<path>/top돌솥밥류돌솥영양돌솥밥q2/top_돌솥밥류_돌솥_영양돌솥밥_Q2_00028.JPG</path>
	<source>
		<database>fooddata</database>
	</source>
	<size>
		<width>720</width>
		<height>480</height>
		<depth>3</depth>
	</size>
	<object>
		<name>ref_spoon</name>
		<bndbox>
			<xmin>141</xmin>
			<ymin>99</ymin>
			<xmax>205</xmax>
			<ymax>202</ymax>
		</bndbox>
	</object>
	<object>
		<name>ref_fork</name>
		<bndbox>
			<xmin>226</xmin>
			<ymin>112</ymin>
			<xmax>269</xmax>
			<ymax>222</ymax>
		</bndbox>
	</object>
	<object>
		<name>ref_coin</name>
		<bndbox>
			<xmin>613</xmin>
			<ymin>294</ymin>
			<xmax>660</xmax>
			<ymax>341</ymax>
		</bndbox>
	</object>
	<object>
		<name>dish</name>
		<bndbox>
			<xmin>305</xmin>
			<ymin>41</ymin>
			<xmax>635</xmax>
			<ymax>362</ymax>
		</bndbox>
	</object>
	<object>
		<name>영양돌솥밥</name>
		<bndbox>
			<xmin>355</xmin>
			<ymin>75</ymin>
			<xmax>597</xmax>
			<ymax>297</ymax>
		</bndbox>
	</object>
</annotation>