<annotation>
	<folder>top돌솥밥류돌솥영양돌솥밥q2</folder>
	<filename>top_돌솥밥류_돌솥_영양돌솥밥_Q2_00035.JPG</filename>
	<path>/top돌솥밥류돌솥영양돌솥밥q2/top_돌솥밥류_돌솥_영양돌솥밥_Q2_00035.JPG</path>
	<source>
		<database>fooddata</database>
	</source>
	<size>
		<width>720</width>
		<height>480</height>
		<depth>3</depth>
	</size>
	<object>
		<name>ref_spoon</name>
		<bndbox>
			<xmin>98</xmin>
			<ymin>157</ymin>
			<xmax>161</xmax>
			<ymax>258</ymax>
		</bndbox>
	</object>
	<object>
		<name>ref_fork</name>
		<bndbox>
			<xmin>183</xmin>
			<ymin>168</ymin>
			<xmax>227</xmax>
			<ymax>275</ymax>
		</bndbox>
	</object>
	<object>
		<name>ref_coin</name>
		<bndbox>
			<xmin>412</xmin>
			<ymin>24</ymin>
			<xmax>457</xmax>
			<ymax>65</ymax>
		</bndbox>
	</object>
	<object>
		<name>dish</name>
		<bndbox>
			<xmin>259</xmin>
			<ymin>102</ymin>
			<xmax>593</xmax>
			<ymax>428</ymax>
		</bndbox>
	</object>
	<object>
		<name>영양돌솥밥</name>
		<bndbox>
			<xmin>364</xmin>
			<ymin>133</ymin>
			<xmax>555</xmax>
			<ymax>375</ymax>
		</bndbox>
	</object>
</annotation>