<annotation>
	<folder>top돌솥밥류돌솥영양돌솥밥q2</folder>
	<filename>top_돌솥밥류_돌솥_영양돌솥밥_Q2_00007.JPG</filename>
	<path>/top돌솥밥류돌솥영양돌솥밥q2/top_돌솥밥류_돌솥_영양돌솥밥_Q2_00007.JPG</path>
	<source>
		<database>fooddata</database>
	</source>
	<size>
		<width>720</width>
		<height>480</height>
		<depth>3</depth>
	</size>
	<object>
		<name>ref_spoon</name>
		<bndbox>
			<xmin>534</xmin>
			<ymin>57</ymin>
			<xmax>599</xmax>
			<ymax>159</ymax>
		</bndbox>
	</object>
	<object>
		<name>ref_fork</name>
		<bndbox>
			<xmin>614</xmin>
			<ymin>76</ymin>
			<xmax>662</xmax>
			<ymax>189</ymax>
		</bndbox>
	</object>
	<object>
		<name>ref_coin</name>
		<bndbox>
			<xmin>100</xmin>
			<ymin>282</ymin>
			<xmax>146</xmax>
			<ymax>327</ymax>
		</bndbox>
	</object>
	<object>
		<name>dish</name>
		<bndbox>
			<xmin>170</xmin>
			<ymin>52</ymin>
			<xmax>505</xmax>
			<ymax>381</ymax>
		</bndbox>
	</object>
	<object>
		<name>영양돌솥밥</name>
		<bndbox>
			<xmin>265</xmin>
			<ymin>83</ymin>
			<xmax>462</xmax>
			<ymax>333</ymax>
		</bndbox>
	</object>
</annotation>