<annotation>
	<folder>top돌솥밥류돌솥영양돌솥밥q2</folder>
	<filename>top_돌솥밥류_돌솥_영양돌솥밥_Q2_00047.JPG</filename>
	<path>/top돌솥밥류돌솥영양돌솥밥q2/top_돌솥밥류_돌솥_영양돌솥밥_Q2_00047.JPG</path>
	<source>
		<database>fooddata</database>
	</source>
	<size>
		<width>720</width>
		<height>480</height>
		<depth>3</depth>
	</size>
	<object>
		<name>ref_spoon</name>
		<bndbox>
			<xmin>58</xmin>
			<ymin>174</ymin>
			<xmax>127</xmax>
			<ymax>285</ymax>
		</bndbox>
	</object>
	<object>
		<name>ref_fork</name>
		<bndbox>
			<xmin>149</xmin>
			<ymin>180</ymin>
			<xmax>197</xmax>
			<ymax>296</ymax>
		</bndbox>
	</object>
	<object>
		<name>ref_coin</name>
		<bndbox>
			<xmin>464</xmin>
			<ymin>36</ymin>
			<xmax>511</xmax>
			<ymax>81</ymax>
		</bndbox>
	</object>
	<object>
		<name>dish</name>
		<bndbox>
			<xmin>228</xmin>
			<ymin>91</ymin>
			<xmax>585</xmax>
			<ymax>442</ymax>
		</bndbox>
	</object>
	<object>
		<name>영양돌솥밥</name>
		<bndbox>
			<xmin>273</xmin>
			<ymin>131</ymin>
			<xmax>538</xmax>
			<ymax>387</ymax>
		</bndbox>
	</object>
</annotation>