<annotation>
	<folder>top돌솥밥류돌솥영양돌솥밥q2</folder>
	<filename>top_돌솥밥류_돌솥_영양돌솥밥_Q2_00024.JPG</filename>
	<path>/top돌솥밥류돌솥영양돌솥밥q2/top_돌솥밥류_돌솥_영양돌솥밥_Q2_00024.JPG</path>
	<source>
		<database>fooddata</database>
	</source>
	<size>
		<width>720</width>
		<height>480</height>
		<depth>3</depth>
	</size>
	<object>
		<name>ref_spoon</name>
		<bndbox>
			<xmin>168</xmin>
			<ymin>80</ymin>
			<xmax>231</xmax>
			<ymax>184</ymax>
		</bndbox>
	</object>
	<object>
		<name>ref_fork</name>
		<bndbox>
			<xmin>251</xmin>
			<ymin>93</ymin>
			<xmax>294</xmax>
			<ymax>205</ymax>
		</bndbox>
	</object>
	<object>
		<name>ref_coin</name>
		<bndbox>
			<xmin>390</xmin>
			<ymin>383</ymin>
			<xmax>437</xmax>
			<ymax>432</ymax>
		</bndbox>
	</object>
	<object>
		<name>dish</name>
		<bndbox>
			<xmin>331</xmin>
			<ymin>31</ymin>
			<xmax>668</xmax>
			<ymax>358</ymax>
		</bndbox>
	</object>
	<object>
		<name>영양돌솥밥</name>
		<bndbox>
			<xmin>380</xmin>
			<ymin>65</ymin>
			<xmax>573</xmax>
			<ymax>287</ymax>
		</bndbox>
	</object>
</annotation>