<annotation>
	<folder>side비빔밥덮밥류접시류산슬덮밥q3</folder>
	<filename>side_비빔밥덮밥류_접시_류산슬덮밥_Q3_00045.JPG</filename>
	<path>/side비빔밥덮밥류접시류산슬덮밥q3/side_비빔밥덮밥류_접시_류산슬덮밥_Q3_00045.JPG</path>
	<source>
		<database>fooddata</database>
	</source>
	<size>
		<width>3008</width>
		<height>2000</height>
		<depth>3</depth>
	</size>
	<object>
		<name>ref_spoon</name>
		<bndbox>
			<xmin>480</xmin>
			<ymin>771</ymin>
			<xmax>733</xmax>
			<ymax>1126</ymax>
		</bndbox>
	</object>
	<object>
		<name>ref_fork</name>
		<bndbox>
			<xmin>818</xmin>
			<ymin>768</ymin>
			<xmax>992</xmax>
			<ymax>1160</ymax>
		</bndbox>
	</object>
	<object>
		<name>ref_coin</name>
		<bndbox>
			<xmin>221</xmin>
			<ymin>1157</ymin>
			<xmax>405</xmax>
			<ymax>1290</ymax>
		</bndbox>
	</object>
	<object>
		<name>dish</name>
		<bndbox>
			<xmin>1200</xmin>
			<ymin>635</ymin>
			<xmax>2456</xmax>
			<ymax>1809</ymax>
		</bndbox>
	</object>
	<object>
		<name>류산슬덮밥</name>
		<bndbox>
			<xmin>1292</xmin>
			<ymin>877</ymin>
			<xmax>2337</xmax>
			<ymax>1416</ymax>
		</bndbox>
	</object>
</annotation>