<annotation>
	<folder>side비빔밥덮밥류접시류산슬덮밥q3</folder>
	<filename>side_비빔밥덮밥류_접시_류산슬덮밥_Q3_00032.JPG</filename>
	<path>/side비빔밥덮밥류접시류산슬덮밥q3/side_비빔밥덮밥류_접시_류산슬덮밥_Q3_00032.JPG</path>
	<source>
		<database>fooddata</database>
	</source>
	<size>
		<width>3008</width>
		<height>2000</height>
		<depth>3</depth>
	</size>
	<object>
		<name>ref_spoon</name>
		<bndbox>
			<xmin>511</xmin>
			<ymin>1526</ymin>
			<xmax>1030</xmax>
			<ymax>1758</ymax>
		</bndbox>
	</object>
	<object>
		<name>ref_fork</name>
		<bndbox>
			<xmin>562</xmin>
			<ymin>1304</ymin>
			<xmax>1115</xmax>
			<ymax>1512</ymax>
		</bndbox>
	</object>
	<object>
		<name>ref_coin</name>
		<bndbox>
			<xmin>292</xmin>
			<ymin>1024</ymin>
			<xmax>504</xmax>
			<ymax>1160</ymax>
		</bndbox>
	</object>
	<object>
		<name>dish</name>
		<bndbox>
			<xmin>856</xmin>
			<ymin>133</ymin>
			<xmax>2129</xmax>
			<ymax>1270</ymax>
		</bndbox>
	</object>
	<object>
		<name>류산슬덮밥</name>
		<bndbox>
			<xmin>944</xmin>
			<ymin>423</ymin>
			<xmax>1989</xmax>
			<ymax>846</ymax>
		</bndbox>
	</object>
</annotation>