<annotation>
	<folder>side비빔밥덮밥류접시류산슬덮밥q3</folder>
	<filename>side_비빔밥덮밥류_접시_류산슬덮밥_Q3_00048.JPG</filename>
	<path>/side비빔밥덮밥류접시류산슬덮밥q3/side_비빔밥덮밥류_접시_류산슬덮밥_Q3_00048.JPG</path>
	<source>
		<database>fooddata</database>
	</source>
	<size>
		<width>3008</width>
		<height>2000</height>
		<depth>3</depth>
	</size>
	<object>
		<name>ref_spoon</name>
		<bndbox>
			<xmin>494</xmin>
			<ymin>437</ymin>
			<xmax>757</xmax>
			<ymax>795</ymax>
		</bndbox>
	</object>
	<object>
		<name>ref_fork</name>
		<bndbox>
			<xmin>838</xmin>
			<ymin>451</ymin>
			<xmax>1009</xmax>
			<ymax>860</ymax>
		</bndbox>
	</object>
	<object>
		<name>ref_coin</name>
		<bndbox>
			<xmin>907</xmin>
			<ymin>1672</ymin>
			<xmax>1115</xmax>
			<ymax>1836</ymax>
		</bndbox>
	</object>
	<object>
		<name>dish</name>
		<bndbox>
			<xmin>1217</xmin>
			<ymin>413</ymin>
			<xmax>2484</xmax>
			<ymax>1584</ymax>
		</bndbox>
	</object>
	<object>
		<name>류산슬덮밥</name>
		<bndbox>
			<xmin>1316</xmin>
			<ymin>689</ymin>
			<xmax>2357</xmax>
			<ymax>1201</ymax>
		</bndbox>
	</object>
</annotation>