<annotation>
	<folder>side비빔밥덮밥류접시류산슬덮밥q3</folder>
	<filename>side_비빔밥덮밥류_접시_류산슬덮밥_Q3_00027.JPG</filename>
	<path>/side비빔밥덮밥류접시류산슬덮밥q3/side_비빔밥덮밥류_접시_류산슬덮밥_Q3_00027.JPG</path>
	<source>
		<database>fooddata</database>
	</source>
	<size>
		<width>3008</width>
		<height>2000</height>
		<depth>3</depth>
	</size>
	<object>
		<name>ref_spoon</name>
		<bndbox>
			<xmin>432</xmin>
			<ymin>1478</ymin>
			<xmax>951</xmax>
			<ymax>1717</ymax>
		</bndbox>
	</object>
	<object>
		<name>ref_fork</name>
		<bndbox>
			<xmin>494</xmin>
			<ymin>1246</ymin>
			<xmax>1053</xmax>
			<ymax>1474</ymax>
		</bndbox>
	</object>
	<object>
		<name>ref_coin</name>
		<bndbox>
			<xmin>2484</xmin>
			<ymin>1195</ymin>
			<xmax>2695</xmax>
			<ymax>1348</ymax>
		</bndbox>
	</object>
	<object>
		<name>dish</name>
		<bndbox>
			<xmin>716</xmin>
			<ymin>133</ymin>
			<xmax>1999</xmax>
			<ymax>1304</ymax>
		</bndbox>
	</object>
	<object>
		<name>류산슬덮밥</name>
		<bndbox>
			<xmin>842</xmin>
			<ymin>365</ymin>
			<xmax>1924</xmax>
			<ymax>874</ymax>
		</bndbox>
	</object>
</annotation>