<annotation>
	<folder>side비빔밥덮밥류접시류산슬덮밥q3</folder>
	<filename>side_비빔밥덮밥류_접시_류산슬덮밥_Q3_00011.JPG</filename>
	<path>/side비빔밥덮밥류접시류산슬덮밥q3/side_비빔밥덮밥류_접시_류산슬덮밥_Q3_00011.JPG</path>
	<source>
		<database>fooddata</database>
	</source>
	<size>
		<width>3008</width>
		<height>2000</height>
		<depth>3</depth>
	</size>
	<object>
		<name>ref_spoon</name>
		<bndbox>
			<xmin>2033</xmin>
			<ymin>747</ymin>
			<xmax>2330</xmax>
			<ymax>1171</ymax>
		</bndbox>
	</object>
	<object>
		<name>ref_fork</name>
		<bndbox>
			<xmin>2460</xmin>
			<ymin>788</ymin>
			<xmax>2668</xmax>
			<ymax>1256</ymax>
		</bndbox>
	</object>
	<object>
		<name>ref_coin</name>
		<bndbox>
			<xmin>1606</xmin>
			<ymin>437</ymin>
			<xmax>1804</xmax>
			<ymax>570</ymax>
		</bndbox>
	</object>
	<object>
		<name>dish</name>
		<bndbox>
			<xmin>183</xmin>
			<ymin>515</ymin>
			<xmax>1623</xmax>
			<ymax>1850</ymax>
		</bndbox>
	</object>
	<object>
		<name>류산슬덮밥</name>
		<bndbox>
			<xmin>272</xmin>
			<ymin>843</ymin>
			<xmax>1524</xmax>
			<ymax>1396</ymax>
		</bndbox>
	</object>
</annotation>