<annotation>
	<folder>side비빔밥덮밥류접시류산슬덮밥q3</folder>
	<filename>side_비빔밥덮밥류_접시_류산슬덮밥_Q3_00009.JPG</filename>
	<path>/side비빔밥덮밥류접시류산슬덮밥q3/side_비빔밥덮밥류_접시_류산슬덮밥_Q3_00009.JPG</path>
	<source>
		<database>fooddata</database>
	</source>
	<size>
		<width>3008</width>
		<height>2000</height>
		<depth>3</depth>
	</size>
	<object>
		<name>ref_spoon</name>
		<bndbox>
			<xmin>2170</xmin>
			<ymin>594</ymin>
			<xmax>2466</xmax>
			<ymax>1024</ymax>
		</bndbox>
	</object>
	<object>
		<name>ref_fork</name>
		<bndbox>
			<xmin>2589</xmin>
			<ymin>628</ymin>
			<xmax>2804</xmax>
			<ymax>1092</ymax>
		</bndbox>
	</object>
	<object>
		<name>ref_coin</name>
		<bndbox>
			<xmin>439</xmin>
			<ymin>369</ymin>
			<xmax>637</xmax>
			<ymax>495</ymax>
		</bndbox>
	</object>
	<object>
		<name>dish</name>
		<bndbox>
			<xmin>490</xmin>
			<ymin>317</ymin>
			<xmax>1927</xmax>
			<ymax>1638</ymax>
		</bndbox>
	</object>
	<object>
		<name>류산슬덮밥</name>
		<bndbox>
			<xmin>613</xmin>
			<ymin>485</ymin>
			<xmax>1835</xmax>
			<ymax>1188</ymax>
		</bndbox>
	</object>
</annotation>