<annotation>
	<folder>side비빔밥덮밥류접시류산슬덮밥q3</folder>
	<filename>side_비빔밥덮밥류_접시_류산슬덮밥_Q3_00053.JPG</filename>
	<path>/side비빔밥덮밥류접시류산슬덮밥q3/side_비빔밥덮밥류_접시_류산슬덮밥_Q3_00053.JPG</path>
	<source>
		<database>fooddata</database>
	</source>
	<size>
		<width>3008</width>
		<height>2000</height>
		<depth>3</depth>
	</size>
	<object>
		<name>ref_spoon</name>
		<bndbox>
			<xmin>364</xmin>
			<ymin>655</ymin>
			<xmax>623</xmax>
			<ymax>1020</ymax>
		</bndbox>
	</object>
	<object>
		<name>ref_fork</name>
		<bndbox>
			<xmin>705</xmin>
			<ymin>666</ymin>
			<xmax>879</xmax>
			<ymax>1068</ymax>
		</bndbox>
	</object>
	<object>
		<name>ref_coin</name>
		<bndbox>
			<xmin>2402</xmin>
			<ymin>1546</ymin>
			<xmax>2603</xmax>
			<ymax>1700</ymax>
		</bndbox>
	</object>
	<object>
		<name>dish</name>
		<bndbox>
			<xmin>982</xmin>
			<ymin>485</ymin>
			<xmax>2200</xmax>
			<ymax>1614</ymax>
		</bndbox>
	</object>
	<object>
		<name>류산슬덮밥</name>
		<bndbox>
			<xmin>1088</xmin>
			<ymin>737</ymin>
			<xmax>2067</xmax>
			<ymax>1229</ymax>
		</bndbox>
	</object>
</annotation>