<annotation>
	<folder>top비빔밥덮밥류접시류산슬덮밥q3</folder>
	<filename>top_비빔밥덮밥류_접시_류산슬덮밥_Q3_00045.JPG</filename>
	<path>/top비빔밥덮밥류접시류산슬덮밥q3/top_비빔밥덮밥류_접시_류산슬덮밥_Q3_00045.JPG</path>
	<source>
		<database>fooddata</database>
	</source>
	<size>
		<width>3008</width>
		<height>2000</height>
		<depth>3</depth>
	</size>
	<object>
		<name>ref_spoon</name>
		<bndbox>
			<xmin>452</xmin>
			<ymin>380</ymin>
			<xmax>719</xmax>
			<ymax>855</ymax>
		</bndbox>
	</object>
	<object>
		<name>ref_fork</name>
		<bndbox>
			<xmin>807</xmin>
			<ymin>403</ymin>
			<xmax>986</xmax>
			<ymax>918</ymax>
		</bndbox>
	</object>
	<object>
		<name>ref_coin</name>
		<bndbox>
			<xmin>1348</xmin>
			<ymin>161</ymin>
			<xmax>1537</xmax>
			<ymax>346</ymax>
		</bndbox>
	</object>
	<object>
		<name>dish</name>
		<bndbox>
			<xmin>1032</xmin>
			<ymin>522</ymin>
			<xmax>2314</xmax>
			<ymax>1792</ymax>
		</bndbox>
	</object>
	<object>
		<name>류산슬덮밥</name>
		<bndbox>
			<xmin>1150</xmin>
			<ymin>620</ymin>
			<xmax>2257</xmax>
			<ymax>1691</ymax>
		</bndbox>
	</object>
</annotation>