<annotation>
	<folder>top비빔밥덮밥류접시류산슬덮밥q3</folder>
	<filename>top_비빔밥덮밥류_접시_류산슬덮밥_Q3_00025.JPG</filename>
	<path>/top비빔밥덮밥류접시류산슬덮밥q3/top_비빔밥덮밥류_접시_류산슬덮밥_Q3_00025.JPG</path>
	<source>
		<database>fooddata</database>
	</source>
	<size>
		<width>3008</width>
		<height>2000</height>
		<depth>3</depth>
	</size>
	<object>
		<name>ref_spoon</name>
		<bndbox>
			<xmin>563</xmin>
			<ymin>1552</ymin>
			<xmax>978</xmax>
			<ymax>1783</ymax>
		</bndbox>
	</object>
	<object>
		<name>ref_fork</name>
		<bndbox>
			<xmin>651</xmin>
			<ymin>1310</ymin>
			<xmax>1088</xmax>
			<ymax>1456</ymax>
		</bndbox>
	</object>
	<object>
		<name>ref_coin</name>
		<bndbox>
			<xmin>1960</xmin>
			<ymin>767</ymin>
			<xmax>2117</xmax>
			<ymax>929</ymax>
		</bndbox>
	</object>
	<object>
		<name>dish</name>
		<bndbox>
			<xmin>751</xmin>
			<ymin>168</ymin>
			<xmax>1774</xmax>
			<ymax>1154</ymax>
		</bndbox>
	</object>
	<object>
		<name>류산슬덮밥</name>
		<bndbox>
			<xmin>1010</xmin>
			<ymin>272</ymin>
			<xmax>1723</xmax>
			<ymax>1111</ymax>
		</bndbox>
	</object>
</annotation>