<annotation>
	<folder>top비빔밥덮밥류접시류산슬덮밥q3</folder>
	<filename>top_비빔밥덮밥류_접시_류산슬덮밥_Q3_00039.JPG</filename>
	<path>/top비빔밥덮밥류접시류산슬덮밥q3/top_비빔밥덮밥류_접시_류산슬덮밥_Q3_00039.JPG</path>
	<source>
		<database>fooddata</database>
	</source>
	<size>
		<width>3008</width>
		<height>2000</height>
		<depth>3</depth>
	</size>
	<object>
		<name>ref_spoon</name>
		<bndbox>
			<xmin>428</xmin>
			<ymin>75</ymin>
			<xmax>672</xmax>
			<ymax>518</ymax>
		</bndbox>
	</object>
	<object>
		<name>ref_fork</name>
		<bndbox>
			<xmin>733</xmin>
			<ymin>128</ymin>
			<xmax>905</xmax>
			<ymax>594</ymax>
		</bndbox>
	</object>
	<object>
		<name>ref_coin</name>
		<bndbox>
			<xmin>1795</xmin>
			<ymin>1598</ymin>
			<xmax>1973</xmax>
			<ymax>1780</ymax>
		</bndbox>
	</object>
	<object>
		<name>dish</name>
		<bndbox>
			<xmin>978</xmin>
			<ymin>233</ymin>
			<xmax>2132</xmax>
			<ymax>1363</ymax>
		</bndbox>
	</object>
	<object>
		<name>류산슬덮밥</name>
		<bndbox>
			<xmin>1051</xmin>
			<ymin>516</ymin>
			<xmax>2057</xmax>
			<ymax>1325</ymax>
		</bndbox>
	</object>
</annotation>