<annotation>
	<folder>top비빔밥덮밥류접시류산슬덮밥q3</folder>
	<filename>top_비빔밥덮밥류_접시_류산슬덮밥_Q3_00002.JPG</filename>
	<path>/top비빔밥덮밥류접시류산슬덮밥q3/top_비빔밥덮밥류_접시_류산슬덮밥_Q3_00002.JPG</path>
	<source>
		<database>fooddata</database>
	</source>
	<size>
		<width>3008</width>
		<height>2000</height>
		<depth>3</depth>
	</size>
	<object>
		<name>ref_spoon</name>
		<bndbox>
			<xmin>1689</xmin>
			<ymin>200</ymin>
			<xmax>1952</xmax>
			<ymax>644</ymax>
		</bndbox>
	</object>
	<object>
		<name>ref_fork</name>
		<bndbox>
			<xmin>2052</xmin>
			<ymin>319</ymin>
			<xmax>2243</xmax>
			<ymax>822</ymax>
		</bndbox>
	</object>
	<object>
		<name>ref_coin</name>
		<bndbox>
			<xmin>684</xmin>
			<ymin>1618</ymin>
			<xmax>872</xmax>
			<ymax>1808</ymax>
		</bndbox>
	</object>
	<object>
		<name>dish</name>
		<bndbox>
			<xmin>289</xmin>
			<ymin>214</ymin>
			<xmax>1487</xmax>
			<ymax>1387</ymax>
		</bndbox>
	</object>
	<object>
		<name>류산슬덮밥</name>
		<bndbox>
			<xmin>426</xmin>
			<ymin>310</ymin>
			<xmax>1447</xmax>
			<ymax>1271</ymax>
		</bndbox>
	</object>
</annotation>