<annotation>
	<folder>top비빔밥덮밥류접시류산슬덮밥q3</folder>
	<filename>top_비빔밥덮밥류_접시_류산슬덮밥_Q3_00006.JPG</filename>
	<path>/top비빔밥덮밥류접시류산슬덮밥q3/top_비빔밥덮밥류_접시_류산슬덮밥_Q3_00006.JPG</path>
	<source>
		<database>fooddata</database>
	</source>
	<size>
		<width>3008</width>
		<height>2000</height>
		<depth>3</depth>
	</size>
	<object>
		<name>ref_spoon</name>
		<bndbox>
			<xmin>2117</xmin>
			<ymin>232</ymin>
			<xmax>2401</xmax>
			<ymax>728</ymax>
		</bndbox>
	</object>
	<object>
		<name>ref_fork</name>
		<bndbox>
			<xmin>2523</xmin>
			<ymin>350</ymin>
			<xmax>2724</xmax>
			<ymax>895</ymax>
		</bndbox>
	</object>
	<object>
		<name>ref_coin</name>
		<bndbox>
			<xmin>213</xmin>
			<ymin>1014</ymin>
			<xmax>406</xmax>
			<ymax>1210</ymax>
		</bndbox>
	</object>
	<object>
		<name>dish</name>
		<bndbox>
			<xmin>706</xmin>
			<ymin>344</ymin>
			<xmax>2017</xmax>
			<ymax>1622</ymax>
		</bndbox>
	</object>
	<object>
		<name>류산슬덮밥</name>
		<bndbox>
			<xmin>851</xmin>
			<ymin>548</ymin>
			<xmax>1955</xmax>
			<ymax>1575</ymax>
		</bndbox>
	</object>
</annotation>