<annotation>
	<folder>side육류부피원형배달라볶q3</folder>
	<filename>side_육류부피_원형배달_라볶이_Q3_00049.JPG</filename>
	<path>/side육류부피원형배달라볶이q3/side_육류부피_원형배달_라볶이_Q3_00049.JPG</path>
	<source>
		<database>fooddata</database>
	</source>
	<size>
		<width>3008</width>
		<height>2000</height>
		<depth>3</depth>
	</size>
	<object>
		<name>ref_spoon</name>
		<bndbox>
			<xmin>732</xmin>
			<ymin>382</ymin>
			<xmax>1086</xmax>
			<ymax>845</ymax>
		</bndbox>
	</object>
	<object>
		<name>ref_fork</name>
		<bndbox>
			<xmin>1151</xmin>
			<ymin>479</ymin>
			<xmax>1390</xmax>
			<ymax>1019</ymax>
		</bndbox>
	</object>
	<object>
		<name>ref_coin</name>
		<bndbox>
			<xmin>632</xmin>
			<ymin>210</ymin>
			<xmax>874</xmax>
			<ymax>382</ymax>
		</bndbox>
	</object>
	<object>
		<name>dish</name>
		<bndbox>
			<xmin>1582</xmin>
			<ymin>458</ymin>
			<xmax>2793</xmax>
			<ymax>1645</ymax>
		</bndbox>
	</object>
	<object>
		<name>라볶이</name>
		<bndbox>
			<xmin>1724</xmin>
			<ymin>662</ymin>
			<xmax>2663</xmax>
			<ymax>1232</ymax>
		</bndbox>
	</object>
</annotation>