<annotation>
	<folder>side육류부피원형배달라볶q3</folder>
	<filename>side_육류부피_원형배달_라볶이_Q3_00040.JPG</filename>
	<path>/side육류부피원형배달라볶이q3/side_육류부피_원형배달_라볶이_Q3_00040.JPG</path>
	<source>
		<database>fooddata</database>
	</source>
	<size>
		<width>3008</width>
		<height>2000</height>
		<depth>3</depth>
	</size>
	<object>
		<name>ref_spoon</name>
		<bndbox>
			<xmin>552</xmin>
			<ymin>151</ymin>
			<xmax>906</xmax>
			<ymax>635</ymax>
		</bndbox>
	</object>
	<object>
		<name>ref_fork</name>
		<bndbox>
			<xmin>965</xmin>
			<ymin>249</ymin>
			<xmax>1210</xmax>
			<ymax>801</ymax>
		</bndbox>
	</object>
	<object>
		<name>ref_coin</name>
		<bndbox>
			<xmin>555</xmin>
			<ymin>1621</ymin>
			<xmax>850</xmax>
			<ymax>1852</ymax>
		</bndbox>
	</object>
	<object>
		<name>dish</name>
		<bndbox>
			<xmin>1314</xmin>
			<ymin>178</ymin>
			<xmax>2503</xmax>
			<ymax>1344</ymax>
		</bndbox>
	</object>
	<object>
		<name>라볶이</name>
		<bndbox>
			<xmin>1470</xmin>
			<ymin>503</ymin>
			<xmax>2400</xmax>
			<ymax>942</ymax>
		</bndbox>
	</object>
</annotation>