<annotation>
	<folder>side육류부피원형배달라볶q3</folder>
	<filename>side_육류부피_원형배달_라볶이_Q3_00018.JPG</filename>
	<path>/side육류부피원형배달라볶이q3/side_육류부피_원형배달_라볶이_Q3_00018.JPG</path>
	<source>
		<database>fooddata</database>
	</source>
	<size>
		<width>3008</width>
		<height>2000</height>
		<depth>3</depth>
	</size>
	<object>
		<name>ref_spoon</name>
		<bndbox>
			<xmin>525</xmin>
			<ymin>1556</ymin>
			<xmax>1134</xmax>
			<ymax>1887</ymax>
		</bndbox>
	</object>
	<object>
		<name>ref_fork</name>
		<bndbox>
			<xmin>720</xmin>
			<ymin>1320</ymin>
			<xmax>1346</xmax>
			<ymax>1607</ymax>
		</bndbox>
	</object>
	<object>
		<name>ref_coin</name>
		<bndbox>
			<xmin>558</xmin>
			<ymin>842</ymin>
			<xmax>821</xmax>
			<ymax>1037</ymax>
		</bndbox>
	</object>
	<object>
		<name>dish</name>
		<bndbox>
			<xmin>1198</xmin>
			<ymin>187</ymin>
			<xmax>2294</xmax>
			<ymax>1300</ymax>
		</bndbox>
	</object>
	<object>
		<name>라볶이</name>
		<bndbox>
			<xmin>1311</xmin>
			<ymin>529</ymin>
			<xmax>2199</xmax>
			<ymax>925</ymax>
		</bndbox>
	</object>
</annotation>