<annotation>
	<folder>side육류부피원형배달라볶q3</folder>
	<filename>side_육류부피_원형배달_라볶이_Q3_00021.JPG</filename>
	<path>/side육류부피원형배달라볶이q3/side_육류부피_원형배달_라볶이_Q3_00021.JPG</path>
	<source>
		<database>fooddata</database>
	</source>
	<size>
		<width>3008</width>
		<height>2000</height>
		<depth>3</depth>
	</size>
	<object>
		<name>ref_spoon</name>
		<bndbox>
			<xmin>437</xmin>
			<ymin>1607</ymin>
			<xmax>1048</xmax>
			<ymax>1937</ymax>
		</bndbox>
	</object>
	<object>
		<name>ref_fork</name>
		<bndbox>
			<xmin>638</xmin>
			<ymin>1365</ymin>
			<xmax>1263</xmax>
			<ymax>1660</ymax>
		</bndbox>
	</object>
	<object>
		<name>ref_coin</name>
		<bndbox>
			<xmin>756</xmin>
			<ymin>317</ymin>
			<xmax>1001</xmax>
			<ymax>497</ymax>
		</bndbox>
	</object>
	<object>
		<name>dish</name>
		<bndbox>
			<xmin>1198</xmin>
			<ymin>272</ymin>
			<xmax>2308</xmax>
			<ymax>1368</ymax>
		</bndbox>
	</object>
	<object>
		<name>라볶이</name>
		<bndbox>
			<xmin>1258</xmin>
			<ymin>488</ymin>
			<xmax>2181</xmax>
			<ymax>978</ymax>
		</bndbox>
	</object>
</annotation>