<annotation>
	<folder>side육류부피원형배달라볶q3</folder>
	<filename>side_육류부피_원형배달_라볶이_Q3_00042.JPG</filename>
	<path>/side육류부피원형배달라볶이q3/side_육류부피_원형배달_라볶이_Q3_00042.JPG</path>
	<source>
		<database>fooddata</database>
	</source>
	<size>
		<width>3008</width>
		<height>2000</height>
		<depth>3</depth>
	</size>
	<object>
		<name>ref_spoon</name>
		<bndbox>
			<xmin>623</xmin>
			<ymin>184</ymin>
			<xmax>974</xmax>
			<ymax>653</ymax>
		</bndbox>
	</object>
	<object>
		<name>ref_fork</name>
		<bndbox>
			<xmin>1033</xmin>
			<ymin>278</ymin>
			<xmax>1281</xmax>
			<ymax>824</ymax>
		</bndbox>
	</object>
	<object>
		<name>ref_coin</name>
		<bndbox>
			<xmin>118</xmin>
			<ymin>1320</ymin>
			<xmax>407</xmax>
			<ymax>1556</ymax>
		</bndbox>
	</object>
	<object>
		<name>dish</name>
		<bndbox>
			<xmin>1405</xmin>
			<ymin>199</ymin>
			<xmax>2586</xmax>
			<ymax>1365</ymax>
		</bndbox>
	</object>
	<object>
		<name>라볶이</name>
		<bndbox>
			<xmin>1547</xmin>
			<ymin>514</ymin>
			<xmax>2447</xmax>
			<ymax>969</ymax>
		</bndbox>
	</object>
</annotation>