<annotation>
	<folder>side육류부피원형배달라볶q3</folder>
	<filename>side_육류부피_원형배달_라볶이_Q3_00016.JPG</filename>
	<path>/side육류부피원형배달라볶이q3/side_육류부피_원형배달_라볶이_Q3_00016.JPG</path>
	<source>
		<database>fooddata</database>
	</source>
	<size>
		<width>3008</width>
		<height>2000</height>
		<depth>3</depth>
	</size>
	<object>
		<name>ref_spoon</name>
		<bndbox>
			<xmin>1565</xmin>
			<ymin>506</ymin>
			<xmax>1907</xmax>
			<ymax>966</ymax>
		</bndbox>
	</object>
	<object>
		<name>ref_fork</name>
		<bndbox>
			<xmin>1978</xmin>
			<ymin>570</ymin>
			<xmax>2214</xmax>
			<ymax>1096</ymax>
		</bndbox>
	</object>
	<object>
		<name>ref_coin</name>
		<bndbox>
			<xmin>2438</xmin>
			<ymin>1013</ymin>
			<xmax>2704</xmax>
			<ymax>1205</ymax>
		</bndbox>
	</object>
	<object>
		<name>dish</name>
		<bndbox>
			<xmin>289</xmin>
			<ymin>452</ymin>
			<xmax>1449</xmax>
			<ymax>1574</ymax>
		</bndbox>
	</object>
	<object>
		<name>라볶이</name>
		<bndbox>
			<xmin>404</xmin>
			<ymin>703</ymin>
			<xmax>1334</xmax>
			<ymax>1173</ymax>
		</bndbox>
	</object>
</annotation>