<annotation>
	<folder>top육류부피원형배달라볶이q3</folder>
	<filename>top_육류부피_원형배달_라볶이_Q3_00006.JPG</filename>
	<path>/top육류부피원형배달라볶이q3/top_육류부피_원형배달_라볶이_Q3_00006.JPG</path>
	<source>
		<database>fooddata</database>
	</source>
	<size>
		<width>3008</width>
		<height>2000</height>
		<depth>3</depth>
	</size>
	<object>
		<name>ref_spoon</name>
		<bndbox>
			<xmin>1937</xmin>
			<ymin>290</ymin>
			<xmax>2259</xmax>
			<ymax>804</ymax>
		</bndbox>
	</object>
	<object>
		<name>ref_fork</name>
		<bndbox>
			<xmin>2340</xmin>
			<ymin>345</ymin>
			<xmax>2559</xmax>
			<ymax>909</ymax>
		</bndbox>
	</object>
	<object>
		<name>ref_coin</name>
		<bndbox>
			<xmin>572</xmin>
			<ymin>258</ymin>
			<xmax>799</xmax>
			<ymax>480</ymax>
		</bndbox>
	</object>
	<object>
		<name>dish</name>
		<bndbox>
			<xmin>700</xmin>
			<ymin>676</ymin>
			<xmax>1836</xmax>
			<ymax>1843</ymax>
		</bndbox>
	</object>
	<object>
		<name>라볶이</name>
		<bndbox>
			<xmin>948</xmin>
			<ymin>794</ymin>
			<xmax>1770</xmax>
			<ymax>1715</ymax>
		</bndbox>
	</object>
</annotation>