<annotation>
	<folder>top육류부피원형배달라볶이q3</folder>
	<filename>top_육류부피_원형배달_라볶이_Q3_00050.JPG</filename>
	<path>/top육류부피원형배달라볶이q3/top_육류부피_원형배달_라볶이_Q3_00050.JPG</path>
	<source>
		<database>fooddata</database>
	</source>
	<size>
		<width>3008</width>
		<height>2000</height>
		<depth>3</depth>
	</size>
	<object>
		<name>ref_spoon</name>
		<bndbox>
			<xmin>734</xmin>
			<ymin>120</ymin>
			<xmax>1044</xmax>
			<ymax>619</ymax>
		</bndbox>
	</object>
	<object>
		<name>ref_fork</name>
		<bndbox>
			<xmin>1167</xmin>
			<ymin>227</ymin>
			<xmax>1360</xmax>
			<ymax>757</ymax>
		</bndbox>
	</object>
	<object>
		<name>ref_coin</name>
		<bndbox>
			<xmin>368</xmin>
			<ymin>1057</ymin>
			<xmax>593</xmax>
			<ymax>1285</ymax>
		</bndbox>
	</object>
	<object>
		<name>dish</name>
		<bndbox>
			<xmin>1593</xmin>
			<ymin>452</ymin>
			<xmax>2666</xmax>
			<ymax>1538</ymax>
		</bndbox>
	</object>
	<object>
		<name>라볶이</name>
		<bndbox>
			<xmin>1637</xmin>
			<ymin>556</ymin>
			<xmax>2559</xmax>
			<ymax>1467</ymax>
		</bndbox>
	</object>
</annotation>