<annotation>
	<folder>top육류부피원형배달라볶이q3</folder>
	<filename>top_육류부피_원형배달_라볶이_Q3_00038.JPG</filename>
	<path>/top육류부피원형배달라볶이q3/top_육류부피_원형배달_라볶이_Q3_00038.JPG</path>
	<source>
		<database>fooddata</database>
	</source>
	<size>
		<width>3008</width>
		<height>2000</height>
		<depth>3</depth>
	</size>
	<object>
		<name>ref_spoon</name>
		<bndbox>
			<xmin>645</xmin>
			<ymin>115</ymin>
			<xmax>948</xmax>
			<ymax>603</ymax>
		</bndbox>
	</object>
	<object>
		<name>ref_fork</name>
		<bndbox>
			<xmin>1068</xmin>
			<ymin>204</ymin>
			<xmax>1259</xmax>
			<ymax>728</ymax>
		</bndbox>
	</object>
	<object>
		<name>ref_coin</name>
		<bndbox>
			<xmin>316</xmin>
			<ymin>1227</ymin>
			<xmax>535</xmax>
			<ymax>1444</ymax>
		</bndbox>
	</object>
	<object>
		<name>dish</name>
		<bndbox>
			<xmin>1538</xmin>
			<ymin>407</ymin>
			<xmax>2590</xmax>
			<ymax>1462</ymax>
		</bndbox>
	</object>
	<object>
		<name>라볶이</name>
		<bndbox>
			<xmin>1603</xmin>
			<ymin>559</ymin>
			<xmax>2491</xmax>
			<ymax>1405</ymax>
		</bndbox>
	</object>
</annotation>