<annotation>
	<folder>top육류부피원형배달라볶이q3</folder>
	<filename>top_육류부피_원형배달_라볶이_Q3_00052.JPG</filename>
	<path>/top육류부피원형배달라볶이q3/top_육류부피_원형배달_라볶이_Q3_00052.JPG</path>
	<source>
		<database>fooddata</database>
	</source>
	<size>
		<width>3008</width>
		<height>2000</height>
		<depth>3</depth>
	</size>
	<object>
		<name>ref_spoon</name>
		<bndbox>
			<xmin>700</xmin>
			<ymin>170</ymin>
			<xmax>1005</xmax>
			<ymax>663</ymax>
		</bndbox>
	</object>
	<object>
		<name>ref_fork</name>
		<bndbox>
			<xmin>1123</xmin>
			<ymin>272</ymin>
			<xmax>1321</xmax>
			<ymax>809</ymax>
		</bndbox>
	</object>
	<object>
		<name>ref_coin</name>
		<bndbox>
			<xmin>295</xmin>
			<ymin>619</ymin>
			<xmax>514</xmax>
			<ymax>841</ymax>
		</bndbox>
	</object>
	<object>
		<name>dish</name>
		<bndbox>
			<xmin>1554</xmin>
			<ymin>467</ymin>
			<xmax>2637</xmax>
			<ymax>1554</ymax>
		</bndbox>
	</object>
	<object>
		<name>라볶이</name>
		<bndbox>
			<xmin>1606</xmin>
			<ymin>606</ymin>
			<xmax>2530</xmax>
			<ymax>1473</ymax>
		</bndbox>
	</object>
</annotation>