<annotation>
	<folder>top육류부피원형배달라볶이q3</folder>
	<filename>top_육류부피_원형배달_라볶이_Q3_00003.JPG</filename>
	<path>/top육류부피원형배달라볶이q3/top_육류부피_원형배달_라볶이_Q3_00003.JPG</path>
	<source>
		<database>fooddata</database>
	</source>
	<size>
		<width>3008</width>
		<height>2000</height>
		<depth>3</depth>
	</size>
	<object>
		<name>ref_spoon</name>
		<bndbox>
			<xmin>2097</xmin>
			<ymin>188</ymin>
			<xmax>2441</xmax>
			<ymax>726</ymax>
		</bndbox>
	</object>
	<object>
		<name>ref_fork</name>
		<bndbox>
			<xmin>2517</xmin>
			<ymin>251</ymin>
			<xmax>2749</xmax>
			<ymax>841</ymax>
		</bndbox>
	</object>
	<object>
		<name>ref_coin</name>
		<bndbox>
			<xmin>214</xmin>
			<ymin>1222</ymin>
			<xmax>465</xmax>
			<ymax>1467</ymax>
		</bndbox>
	</object>
	<object>
		<name>dish</name>
		<bndbox>
			<xmin>700</xmin>
			<ymin>595</ymin>
			<xmax>1950</xmax>
			<ymax>1791</ymax>
		</bndbox>
	</object>
	<object>
		<name>라볶이</name>
		<bndbox>
			<xmin>833</xmin>
			<ymin>710</ymin>
			<xmax>1749</xmax>
			<ymax>1658</ymax>
		</bndbox>
	</object>
</annotation>