<annotation>
	<folder>top육류부피원형배달라볶이q3</folder>
	<filename>top_육류부피_원형배달_라볶이_Q3_00016.JPG</filename>
	<path>/top육류부피원형배달라볶이q3/top_육류부피_원형배달_라볶이_Q3_00016.JPG</path>
	<source>
		<database>fooddata</database>
	</source>
	<size>
		<width>3008</width>
		<height>2000</height>
		<depth>3</depth>
	</size>
	<object>
		<name>ref_spoon</name>
		<bndbox>
			<xmin>1598</xmin>
			<ymin>57</ymin>
			<xmax>1883</xmax>
			<ymax>543</ymax>
		</bndbox>
	</object>
	<object>
		<name>ref_fork</name>
		<bndbox>
			<xmin>1964</xmin>
			<ymin>97</ymin>
			<xmax>2144</xmax>
			<ymax>608</ymax>
		</bndbox>
	</object>
	<object>
		<name>ref_coin</name>
		<bndbox>
			<xmin>2167</xmin>
			<ymin>1632</ymin>
			<xmax>2373</xmax>
			<ymax>1846</ymax>
		</bndbox>
	</object>
	<object>
		<name>dish</name>
		<bndbox>
			<xmin>363</xmin>
			<ymin>415</ymin>
			<xmax>1418</xmax>
			<ymax>1433</ymax>
		</bndbox>
	</object>
	<object>
		<name>라볶이</name>
		<bndbox>
			<xmin>494</xmin>
			<ymin>504</ymin>
			<xmax>1358</xmax>
			<ymax>1201</ymax>
		</bndbox>
	</object>
</annotation>