<annotation>
	<folder>top육류부피원형배달라볶이q3</folder>
	<filename>top_육류부피_원형배달_라볶이_Q3_00039.JPG</filename>
	<path>/top육류부피원형배달라볶이q3/top_육류부피_원형배달_라볶이_Q3_00039.JPG</path>
	<source>
		<database>fooddata</database>
	</source>
	<size>
		<width>3008</width>
		<height>2000</height>
		<depth>3</depth>
	</size>
	<object>
		<name>ref_spoon</name>
		<bndbox>
			<xmin>653</xmin>
			<ymin>107</ymin>
			<xmax>956</xmax>
			<ymax>593</ymax>
		</bndbox>
	</object>
	<object>
		<name>ref_fork</name>
		<bndbox>
			<xmin>1073</xmin>
			<ymin>204</ymin>
			<xmax>1264</xmax>
			<ymax>731</ymax>
		</bndbox>
	</object>
	<object>
		<name>ref_coin</name>
		<bndbox>
			<xmin>316</xmin>
			<ymin>1026</ymin>
			<xmax>533</xmax>
			<ymax>1248</ymax>
		</bndbox>
	</object>
	<object>
		<name>dish</name>
		<bndbox>
			<xmin>1548</xmin>
			<ymin>405</ymin>
			<xmax>2598</xmax>
			<ymax>1457</ymax>
		</bndbox>
	</object>
	<object>
		<name>라볶이</name>
		<bndbox>
			<xmin>1608</xmin>
			<ymin>556</ymin>
			<xmax>2499</xmax>
			<ymax>1397</ymax>
		</bndbox>
	</object>
</annotation>