<annotation>
	<folder>top육류부피원형배달라볶이q3</folder>
	<filename>top_육류부피_원형배달_라볶이_Q3_00049.JPG</filename>
	<path>/top육류부피원형배달라볶이q3/top_육류부피_원형배달_라볶이_Q3_00049.JPG</path>
	<source>
		<database>fooddata</database>
	</source>
	<size>
		<width>3008</width>
		<height>2000</height>
		<depth>3</depth>
	</size>
	<object>
		<name>ref_spoon</name>
		<bndbox>
			<xmin>684</xmin>
			<ymin>123</ymin>
			<xmax>987</xmax>
			<ymax>616</ymax>
		</bndbox>
	</object>
	<object>
		<name>ref_fork</name>
		<bndbox>
			<xmin>1112</xmin>
			<ymin>227</ymin>
			<xmax>1311</xmax>
			<ymax>755</ymax>
		</bndbox>
	</object>
	<object>
		<name>ref_coin</name>
		<bndbox>
			<xmin>337</xmin>
			<ymin>1251</ymin>
			<xmax>556</xmax>
			<ymax>1473</ymax>
		</bndbox>
	</object>
	<object>
		<name>dish</name>
		<bndbox>
			<xmin>1520</xmin>
			<ymin>446</ymin>
			<xmax>2603</xmax>
			<ymax>1535</ymax>
		</bndbox>
	</object>
	<object>
		<name>라볶이</name>
		<bndbox>
			<xmin>1577</xmin>
			<ymin>556</ymin>
			<xmax>2494</xmax>
			<ymax>1454</ymax>
		</bndbox>
	</object>
</annotation>