<annotation>
	<folder>side비빔면류냉면기쫄면q5</folder>
	<filename>side_비빔면류_냉면기_쫄면_Q5_00046.JPG</filename>
	<path>/side비빔면류냉면기쫄면q5/side_비빔면류_냉면기_쫄면_Q5_00046.JPG</path>
	<source>
		<database>fooddata</database>
	</source>
	<size>
		<width>3008</width>
		<height>2000</height>
		<depth>3</depth>
	</size>
	<object>
		<name>ref_spoon</name>
		<bndbox>
			<xmin>208</xmin>
			<ymin>592</ymin>
			<xmax>500</xmax>
			<ymax>976</ymax>
		</bndbox>
	</object>
	<object>
		<name>ref_fork</name>
		<bndbox>
			<xmin>684</xmin>
			<ymin>580</ymin>
			<xmax>880</xmax>
			<ymax>980</ymax>
		</bndbox>
	</object>
	<object>
		<name>ref_coin</name>
		<bndbox>
			<xmin>1548</xmin>
			<ymin>1776</ymin>
			<xmax>1784</xmax>
			<ymax>1932</ymax>
		</bndbox>
	</object>
	<object>
		<name>dish</name>
		<bndbox>
			<xmin>940</xmin>
			<ymin>64</ymin>
			<xmax>2604</xmax>
			<ymax>1244</ymax>
		</bndbox>
	</object>
	<object>
		<name>쫄면</name>
		<bndbox>
			<xmin>1160</xmin>
			<ymin>312</ymin>
			<xmax>2408</xmax>
			<ymax>964</ymax>
		</bndbox>
	</object>
</annotation>