<annotation>
	<folder>side비빔면류냉면기쫄면q5</folder>
	<filename>side_비빔면류_냉면기_쫄면_Q5_00031.JPG</filename>
	<path>/side비빔면류냉면기쫄면q5/side_비빔면류_냉면기_쫄면_Q5_00031.JPG</path>
	<source>
		<database>fooddata</database>
	</source>
	<size>
		<width>3008</width>
		<height>2000</height>
		<depth>3</depth>
	</size>
	<object>
		<name>ref_spoon</name>
		<bndbox>
			<xmin>676</xmin>
			<ymin>1676</ymin>
			<xmax>1124</xmax>
			<ymax>1916</ymax>
		</bndbox>
	</object>
	<object>
		<name>ref_fork</name>
		<bndbox>
			<xmin>744</xmin>
			<ymin>1436</ymin>
			<xmax>1224</xmax>
			<ymax>1640</ymax>
		</bndbox>
	</object>
	<object>
		<name>ref_coin</name>
		<bndbox>
			<xmin>1368</xmin>
			<ymin>44</ymin>
			<xmax>1528</xmax>
			<ymax>132</ymax>
		</bndbox>
	</object>
	<object>
		<name>dish</name>
		<bndbox>
			<xmin>632</xmin>
			<ymin>196</ymin>
			<xmax>2124</xmax>
			<ymax>1260</ymax>
		</bndbox>
	</object>
	<object>
		<name>쫄면</name>
		<bndbox>
			<xmin>796</xmin>
			<ymin>444</ymin>
			<xmax>1904</xmax>
			<ymax>1012</ymax>
		</bndbox>
	</object>
</annotation>