<annotation>
	<folder>side비빔면류냉면기쫄면q5</folder>
	<filename>side_비빔면류_냉면기_쫄면_Q5_00032.JPG</filename>
	<path>/side비빔면류냉면기쫄면q5/side_비빔면류_냉면기_쫄면_Q5_00032.JPG</path>
	<source>
		<database>fooddata</database>
	</source>
	<size>
		<width>3008</width>
		<height>2000</height>
		<depth>3</depth>
	</size>
	<object>
		<name>ref_spoon</name>
		<bndbox>
			<xmin>648</xmin>
			<ymin>1652</ymin>
			<xmax>1132</xmax>
			<ymax>1884</ymax>
		</bndbox>
	</object>
	<object>
		<name>ref_fork</name>
		<bndbox>
			<xmin>708</xmin>
			<ymin>1400</ymin>
			<xmax>1212</xmax>
			<ymax>1620</ymax>
		</bndbox>
	</object>
	<object>
		<name>ref_coin</name>
		<bndbox>
			<xmin>1996</xmin>
			<ymin>228</ymin>
			<xmax>2164</xmax>
			<ymax>332</ymax>
		</bndbox>
	</object>
	<object>
		<name>dish</name>
		<bndbox>
			<xmin>544</xmin>
			<ymin>160</ymin>
			<xmax>2044</xmax>
			<ymax>1228</ymax>
		</bndbox>
	</object>
	<object>
		<name>쫄면</name>
		<bndbox>
			<xmin>744</xmin>
			<ymin>388</ymin>
			<xmax>1820</xmax>
			<ymax>980</ymax>
		</bndbox>
	</object>
</annotation>