<annotation>
	<folder>side비빔면류냉면기쫄면q5</folder>
	<filename>side_비빔면류_냉면기_쫄면_Q5_00011.JPG</filename>
	<path>/side비빔면류냉면기쫄면q5/side_비빔면류_냉면기_쫄면_Q5_00011.JPG</path>
	<source>
		<database>fooddata</database>
	</source>
	<size>
		<width>3008</width>
		<height>2000</height>
		<depth>3</depth>
	</size>
	<object>
		<name>ref_spoon</name>
		<bndbox>
			<xmin>2132</xmin>
			<ymin>852</ymin>
			<xmax>2408</xmax>
			<ymax>1192</ymax>
		</bndbox>
	</object>
	<object>
		<name>ref_fork</name>
		<bndbox>
			<xmin>2472</xmin>
			<ymin>852</ymin>
			<xmax>2652</xmax>
			<ymax>1228</ymax>
		</bndbox>
	</object>
	<object>
		<name>ref_coin</name>
		<bndbox>
			<xmin>1616</xmin>
			<ymin>316</ymin>
			<xmax>1796</xmax>
			<ymax>404</ymax>
		</bndbox>
	</object>
	<object>
		<name>dish</name>
		<bndbox>
			<xmin>136</xmin>
			<ymin>492</ymin>
			<xmax>1796</xmax>
			<ymax>1668</ymax>
		</bndbox>
	</object>
	<object>
		<name>쫄면</name>
		<bndbox>
			<xmin>408</xmin>
			<ymin>728</ymin>
			<xmax>1612</xmax>
			<ymax>1400</ymax>
		</bndbox>
	</object>
</annotation>