<annotation>
	<folder>side비빔면류냉면기쫄면q5</folder>
	<filename>side_비빔면류_냉면기_쫄면_Q5_00015.JPG</filename>
	<path>/side비빔면류냉면기쫄면q5/side_비빔면류_냉면기_쫄면_Q5_00015.JPG</path>
	<source>
		<database>fooddata</database>
	</source>
	<size>
		<width>3008</width>
		<height>2000</height>
		<depth>3</depth>
	</size>
	<object>
		<name>ref_spoon</name>
		<bndbox>
			<xmin>2152</xmin>
			<ymin>736</ymin>
			<xmax>2432</xmax>
			<ymax>1108</ymax>
		</bndbox>
	</object>
	<object>
		<name>ref_fork</name>
		<bndbox>
			<xmin>2484</xmin>
			<ymin>732</ymin>
			<xmax>2688</xmax>
			<ymax>1124</ymax>
		</bndbox>
	</object>
	<object>
		<name>ref_coin</name>
		<bndbox>
			<xmin>2420</xmin>
			<ymin>592</ymin>
			<xmax>2616</xmax>
			<ymax>712</ymax>
		</bndbox>
	</object>
	<object>
		<name>dish</name>
		<bndbox>
			<xmin>156</xmin>
			<ymin>404</ymin>
			<xmax>1880</xmax>
			<ymax>1620</ymax>
		</bndbox>
	</object>
	<object>
		<name>쫄면</name>
		<bndbox>
			<xmin>376</xmin>
			<ymin>652</ymin>
			<xmax>1620</xmax>
			<ymax>1356</ymax>
		</bndbox>
	</object>
</annotation>