<annotation>
	<folder>side비빔면류냉면기쫄면q5</folder>
	<filename>side_비빔면류_냉면기_쫄면_Q5_00012.JPG</filename>
	<path>/side비빔면류냉면기쫄면q5/side_비빔면류_냉면기_쫄면_Q5_00012.JPG</path>
	<source>
		<database>fooddata</database>
	</source>
	<size>
		<width>3008</width>
		<height>2000</height>
		<depth>3</depth>
	</size>
	<object>
		<name>ref_spoon</name>
		<bndbox>
			<xmin>2212</xmin>
			<ymin>792</ymin>
			<xmax>2476</xmax>
			<ymax>1132</ymax>
		</bndbox>
	</object>
	<object>
		<name>ref_fork</name>
		<bndbox>
			<xmin>2540</xmin>
			<ymin>788</ymin>
			<xmax>2732</xmax>
			<ymax>1172</ymax>
		</bndbox>
	</object>
	<object>
		<name>ref_coin</name>
		<bndbox>
			<xmin>1988</xmin>
			<ymin>296</ymin>
			<xmax>2172</xmax>
			<ymax>388</ymax>
		</bndbox>
	</object>
	<object>
		<name>dish</name>
		<bndbox>
			<xmin>144</xmin>
			<ymin>512</ymin>
			<xmax>1844</xmax>
			<ymax>1736</ymax>
		</bndbox>
	</object>
	<object>
		<name>쫄면</name>
		<bndbox>
			<xmin>424</xmin>
			<ymin>796</ymin>
			<xmax>1636</xmax>
			<ymax>1492</ymax>
		</bndbox>
	</object>
</annotation>