<annotation>
	<folder>side비빔면류냉면기쫄면q5</folder>
	<filename>side_비빔면류_냉면기_쫄면_Q5_00035.JPG</filename>
	<path>/side비빔면류냉면기쫄면q5/side_비빔면류_냉면기_쫄면_Q5_00035.JPG</path>
	<source>
		<database>fooddata</database>
	</source>
	<size>
		<width>3008</width>
		<height>2000</height>
		<depth>3</depth>
	</size>
	<object>
		<name>ref_spoon</name>
		<bndbox>
			<xmin>272</xmin>
			<ymin>728</ymin>
			<xmax>536</xmax>
			<ymax>1036</ymax>
		</bndbox>
	</object>
	<object>
		<name>ref_fork</name>
		<bndbox>
			<xmin>696</xmin>
			<ymin>752</ymin>
			<xmax>868</xmax>
			<ymax>1116</ymax>
		</bndbox>
	</object>
	<object>
		<name>ref_coin</name>
		<bndbox>
			<xmin>1328</xmin>
			<ymin>1704</ymin>
			<xmax>1524</xmax>
			<ymax>1844</ymax>
		</bndbox>
	</object>
	<object>
		<name>dish</name>
		<bndbox>
			<xmin>1004</xmin>
			<ymin>336</ymin>
			<xmax>2480</xmax>
			<ymax>1392</ymax>
		</bndbox>
	</object>
	<object>
		<name>쫄면</name>
		<bndbox>
			<xmin>1180</xmin>
			<ymin>568</ymin>
			<xmax>2240</xmax>
			<ymax>1156</ymax>
		</bndbox>
	</object>
</annotation>