<annotation>
	<folder>top비빔면류냉면기쫄면q5</folder>
	<filename>top_비빔면류_냉면기_쫄면_Q5_00024.JPG</filename>
	<path>/top비빔면류냉면기쫄면q5/top_비빔면류_냉면기_쫄면_Q5_00024.JPG</path>
	<source>
		<database>fooddata</database>
	</source>
	<size>
		<width>3008</width>
		<height>2000</height>
		<depth>3</depth>
	</size>
	<object>
		<name>ref_spoon</name>
		<bndbox>
			<xmin>754</xmin>
			<ymin>1705</ymin>
			<xmax>1087</xmax>
			<ymax>1923</ymax>
		</bndbox>
	</object>
	<object>
		<name>ref_fork</name>
		<bndbox>
			<xmin>821</xmin>
			<ymin>1448</ymin>
			<xmax>1185</xmax>
			<ymax>1603</ymax>
		</bndbox>
	</object>
	<object>
		<name>ref_coin</name>
		<bndbox>
			<xmin>723</xmin>
			<ymin>326</ymin>
			<xmax>870</xmax>
			<ymax>476</ymax>
		</bndbox>
	</object>
	<object>
		<name>dish</name>
		<bndbox>
			<xmin>843</xmin>
			<ymin>241</ymin>
			<xmax>2125</xmax>
			<ymax>1501</ymax>
		</bndbox>
	</object>
	<object>
		<name>쫄면</name>
		<bndbox>
			<xmin>1105</xmin>
			<ymin>547</ymin>
			<xmax>1899</xmax>
			<ymax>1315</ymax>
		</bndbox>
	</object>
</annotation>