<annotation>
	<folder>top비빔면류냉면기쫄면q5</folder>
	<filename>top_비빔면류_냉면기_쫄면_Q5_00042.JPG</filename>
	<path>/top비빔면류냉면기쫄면q5/top_비빔면류_냉면기_쫄면_Q5_00042.JPG</path>
	<source>
		<database>fooddata</database>
	</source>
	<size>
		<width>3008</width>
		<height>2000</height>
		<depth>3</depth>
	</size>
	<object>
		<name>ref_spoon</name>
		<bndbox>
			<xmin>337</xmin>
			<ymin>423</ymin>
			<xmax>559</xmax>
			<ymax>774</ymax>
		</bndbox>
	</object>
	<object>
		<name>ref_fork</name>
		<bndbox>
			<xmin>639</xmin>
			<ymin>459</ymin>
			<xmax>790</xmax>
			<ymax>831</ymax>
		</bndbox>
	</object>
	<object>
		<name>ref_coin</name>
		<bndbox>
			<xmin>1686</xmin>
			<ymin>73</ymin>
			<xmax>1841</xmax>
			<ymax>219</ymax>
		</bndbox>
	</object>
	<object>
		<name>dish</name>
		<bndbox>
			<xmin>785</xmin>
			<ymin>508</ymin>
			<xmax>2196</xmax>
			<ymax>1923</ymax>
		</bndbox>
	</object>
	<object>
		<name>쫄면</name>
		<bndbox>
			<xmin>1065</xmin>
			<ymin>747</ymin>
			<xmax>1957</xmax>
			<ymax>1630</ymax>
		</bndbox>
	</object>
</annotation>