<annotation>
	<folder>top비빔면류냉면기쫄면q5</folder>
	<filename>top_비빔면류_냉면기_쫄면_Q5_00016.JPG</filename>
	<path>/top비빔면류냉면기쫄면q5/top_비빔면류_냉면기_쫄면_Q5_00016.JPG</path>
	<source>
		<database>fooddata</database>
	</source>
	<size>
		<width>3008</width>
		<height>2000</height>
		<depth>3</depth>
	</size>
	<object>
		<name>ref_spoon</name>
		<bndbox>
			<xmin>2152</xmin>
			<ymin>565</ymin>
			<xmax>2387</xmax>
			<ymax>907</ymax>
		</bndbox>
	</object>
	<object>
		<name>ref_fork</name>
		<bndbox>
			<xmin>2436</xmin>
			<ymin>627</ymin>
			<xmax>2600</xmax>
			<ymax>1013</ymax>
		</bndbox>
	</object>
	<object>
		<name>ref_coin</name>
		<bndbox>
			<xmin>1792</xmin>
			<ymin>978</ymin>
			<xmax>1948</xmax>
			<ymax>1129</ymax>
		</bndbox>
	</object>
	<object>
		<name>dish</name>
		<bndbox>
			<xmin>120</xmin>
			<ymin>481</ymin>
			<xmax>1491</xmax>
			<ymax>1834</ymax>
		</bndbox>
	</object>
	<object>
		<name>쫄면</name>
		<bndbox>
			<xmin>426</xmin>
			<ymin>783</ymin>
			<xmax>1269</xmax>
			<ymax>1626</ymax>
		</bndbox>
	</object>
</annotation>