<annotation>
	<folder>top비빔면류냉면기쫄면q5</folder>
	<filename>top_비빔면류_냉면기_쫄면_Q5_00019.JPG</filename>
	<path>/top비빔면류냉면기쫄면q5/top_비빔면류_냉면기_쫄면_Q5_00019.JPG</path>
	<source>
		<database>fooddata</database>
	</source>
	<size>
		<width>3008</width>
		<height>2000</height>
		<depth>3</depth>
	</size>
	<object>
		<name>ref_spoon</name>
		<bndbox>
			<xmin>821</xmin>
			<ymin>1630</ymin>
			<xmax>1145</xmax>
			<ymax>1830</ymax>
		</bndbox>
	</object>
	<object>
		<name>ref_fork</name>
		<bndbox>
			<xmin>892</xmin>
			<ymin>1382</ymin>
			<xmax>1220</xmax>
			<ymax>1537</ymax>
		</bndbox>
	</object>
	<object>
		<name>ref_coin</name>
		<bndbox>
			<xmin>2258</xmin>
			<ymin>871</ymin>
			<xmax>2405</xmax>
			<ymax>1004</ymax>
		</bndbox>
	</object>
	<object>
		<name>dish</name>
		<bndbox>
			<xmin>870</xmin>
			<ymin>281</ymin>
			<xmax>2067</xmax>
			<ymax>1448</ymax>
		</bndbox>
	</object>
	<object>
		<name>쫄면</name>
		<bndbox>
			<xmin>1069</xmin>
			<ymin>512</ymin>
			<xmax>1828</xmax>
			<ymax>1248</ymax>
		</bndbox>
	</object>
</annotation>