<annotation>
	<folder>top비빔면류냉면기쫄면q5</folder>
	<filename>top_비빔면류_냉면기_쫄면_Q5_00038.JPG</filename>
	<path>/top비빔면류냉면기쫄면q5/top_비빔면류_냉면기_쫄면_Q5_00038.JPG</path>
	<source>
		<database>fooddata</database>
	</source>
	<size>
		<width>3008</width>
		<height>2000</height>
		<depth>3</depth>
	</size>
	<object>
		<name>ref_spoon</name>
		<bndbox>
			<xmin>435</xmin>
			<ymin>308</ymin>
			<xmax>679</xmax>
			<ymax>667</ymax>
		</bndbox>
	</object>
	<object>
		<name>ref_fork</name>
		<bndbox>
			<xmin>763</xmin>
			<ymin>348</ymin>
			<xmax>918</xmax>
			<ymax>752</ymax>
		</bndbox>
	</object>
	<object>
		<name>ref_coin</name>
		<bndbox>
			<xmin>2134</xmin>
			<ymin>1643</ymin>
			<xmax>2316</xmax>
			<ymax>1807</ymax>
		</bndbox>
	</object>
	<object>
		<name>dish</name>
		<bndbox>
			<xmin>980</xmin>
			<ymin>179</ymin>
			<xmax>2449</xmax>
			<ymax>1634</ymax>
		</bndbox>
	</object>
	<object>
		<name>쫄면</name>
		<bndbox>
			<xmin>1224</xmin>
			<ymin>441</ymin>
			<xmax>2209</xmax>
			<ymax>1399</ymax>
		</bndbox>
	</object>
</annotation>