<annotation>
	<folder>top비빔면류냉면기쫄면q5</folder>
	<filename>top_비빔면류_냉면기_쫄면_Q5_00006.JPG</filename>
	<path>/top비빔면류냉면기쫄면q5/top_비빔면류_냉면기_쫄면_Q5_00006.JPG</path>
	<source>
		<database>fooddata</database>
	</source>
	<size>
		<width>3008</width>
		<height>2000</height>
		<depth>3</depth>
	</size>
	<object>
		<name>ref_spoon</name>
		<bndbox>
			<xmin>2028</xmin>
			<ymin>539</ymin>
			<xmax>2254</xmax>
			<ymax>889</ymax>
		</bndbox>
	</object>
	<object>
		<name>ref_fork</name>
		<bndbox>
			<xmin>2316</xmin>
			<ymin>605</ymin>
			<xmax>2471</xmax>
			<ymax>991</ymax>
		</bndbox>
	</object>
	<object>
		<name>ref_coin</name>
		<bndbox>
			<xmin>235</xmin>
			<ymin>1333</ymin>
			<xmax>399</xmax>
			<ymax>1492</ymax>
		</bndbox>
	</object>
	<object>
		<name>dish</name>
		<bndbox>
			<xmin>408</xmin>
			<ymin>423</ymin>
			<xmax>1784</xmax>
			<ymax>1776</ymax>
		</bndbox>
	</object>
	<object>
		<name>쫄면</name>
		<bndbox>
			<xmin>674</xmin>
			<ymin>712</ymin>
			<xmax>1531</xmax>
			<ymax>1541</ymax>
		</bndbox>
	</object>
</annotation>