<annotation>
	<folder>side밥류밥그릇오곡밥q3</folder>
	<filename>side_밥류_밥그릇_오곡밥_Q3_00040.JPG</filename>
	<path>/side밥류밥그릇오곡밥q3/side_밥류_밥그릇_오곡밥_Q3_00040.JPG</path>
	<source>
		<database>fooddata</database>
	</source>
	<size>
		<width>5472</width>
		<height>3648</height>
		<depth>3</depth>
	</size>
	<object>
		<name>ref_spoon</name>
		<bndbox>
			<xmin>1078</xmin>
			<ymin>614</ymin>
			<xmax>1600</xmax>
			<ymax>1330</ymax>
		</bndbox>
	</object>
	<object>
		<name>ref_fork</name>
		<bndbox>
			<xmin>1716</xmin>
			<ymin>679</ymin>
			<xmax>2097</xmax>
			<ymax>1479</ymax>
		</bndbox>
	</object>
	<object>
		<name>ref_coin</name>
		<bndbox>
			<xmin>3956</xmin>
			<ymin>627</ymin>
			<xmax>4356</xmax>
			<ymax>898</ymax>
		</bndbox>
	</object>
	<object>
		<name>dish</name>
		<bndbox>
			<xmin>2168</xmin>
			<ymin>724</ymin>
			<xmax>3956</xmax>
			<ymax>2208</ymax>
		</bndbox>
	</object>
	<object>
		<name>오곡밥</name>
		<bndbox>
			<xmin>2271</xmin>
			<ymin>1021</ymin>
			<xmax>3852</xmax>
			<ymax>1924</ymax>
		</bndbox>
	</object>
</annotation>