<annotation>
	<folder>side밥류밥그릇오곡밥q3</folder>
	<filename>side_밥류_밥그릇_오곡밥_Q3_00004.JPG</filename>
	<path>/side밥류밥그릇오곡밥q3/side_밥류_밥그릇_오곡밥_Q3_00004.JPG</path>
	<source>
		<database>fooddata</database>
	</source>
	<size>
		<width>5472</width>
		<height>3648</height>
		<depth>3</depth>
	</size>
	<object>
		<name>ref_spoon</name>
		<bndbox>
			<xmin>3588</xmin>
			<ymin>814</ymin>
			<xmax>4130</xmax>
			<ymax>1524</ymax>
		</bndbox>
	</object>
	<object>
		<name>ref_fork</name>
		<bndbox>
			<xmin>4343</xmin>
			<ymin>930</ymin>
			<xmax>4717</xmax>
			<ymax>1743</ymax>
		</bndbox>
	</object>
	<object>
		<name>ref_coin</name>
		<bndbox>
			<xmin>1562</xmin>
			<ymin>2466</ymin>
			<xmax>1994</xmax>
			<ymax>2782</ymax>
		</bndbox>
	</object>
	<object>
		<name>dish</name>
		<bndbox>
			<xmin>1762</xmin>
			<ymin>524</ymin>
			<xmax>3556</xmax>
			<ymax>1950</ymax>
		</bndbox>
	</object>
	<object>
		<name>오곡밥</name>
		<bndbox>
			<xmin>1871</xmin>
			<ymin>1053</ymin>
			<xmax>3459</xmax>
			<ymax>1685</ymax>
		</bndbox>
	</object>
</annotation>