<annotation>
	<folder>side밥류밥그릇오곡밥q3</folder>
	<filename>side_밥류_밥그릇_오곡밥_Q3_00045.JPG</filename>
	<path>/side밥류밥그릇오곡밥q3/side_밥류_밥그릇_오곡밥_Q3_00045.JPG</path>
	<source>
		<database>fooddata</database>
	</source>
	<size>
		<width>5472</width>
		<height>3648</height>
		<depth>3</depth>
	</size>
	<object>
		<name>ref_spoon</name>
		<bndbox>
			<xmin>1194</xmin>
			<ymin>627</ymin>
			<xmax>1697</xmax>
			<ymax>1382</ymax>
		</bndbox>
	</object>
	<object>
		<name>ref_fork</name>
		<bndbox>
			<xmin>1839</xmin>
			<ymin>692</ymin>
			<xmax>2200</xmax>
			<ymax>1537</ymax>
		</bndbox>
	</object>
	<object>
		<name>ref_coin</name>
		<bndbox>
			<xmin>3601</xmin>
			<ymin>2537</ymin>
			<xmax>4039</xmax>
			<ymax>2879</ymax>
		</bndbox>
	</object>
	<object>
		<name>dish</name>
		<bndbox>
			<xmin>2271</xmin>
			<ymin>646</ymin>
			<xmax>4078</xmax>
			<ymax>2131</ymax>
		</bndbox>
	</object>
	<object>
		<name>오곡밥</name>
		<bndbox>
			<xmin>2536</xmin>
			<ymin>730</ymin>
			<xmax>3943</xmax>
			<ymax>1859</ymax>
		</bndbox>
	</object>
</annotation>