<annotation>
	<folder>side밥류밥그릇오곡밥q3</folder>
	<filename>side_밥류_밥그릇_오곡밥_Q3_00029.JPG</filename>
	<path>/side밥류밥그릇오곡밥q3/side_밥류_밥그릇_오곡밥_Q3_00029.JPG</path>
	<source>
		<database>fooddata</database>
	</source>
	<size>
		<width>5472</width>
		<height>3648</height>
		<depth>3</depth>
	</size>
	<object>
		<name>ref_spoon</name>
		<bndbox>
			<xmin>1271</xmin>
			<ymin>756</ymin>
			<xmax>1794</xmax>
			<ymax>1466</ymax>
		</bndbox>
	</object>
	<object>
		<name>ref_fork</name>
		<bndbox>
			<xmin>1910</xmin>
			<ymin>814</ymin>
			<xmax>2278</xmax>
			<ymax>1621</ymax>
		</bndbox>
	</object>
	<object>
		<name>ref_coin</name>
		<bndbox>
			<xmin>4607</xmin>
			<ymin>1647</ymin>
			<xmax>5033</xmax>
			<ymax>1943</ymax>
		</bndbox>
	</object>
	<object>
		<name>dish</name>
		<bndbox>
			<xmin>2375</xmin>
			<ymin>840</ymin>
			<xmax>4214</xmax>
			<ymax>2337</ymax>
		</bndbox>
	</object>
	<object>
		<name>오곡밥</name>
		<bndbox>
			<xmin>2575</xmin>
			<ymin>1085</ymin>
			<xmax>4046</xmax>
			<ymax>2053</ymax>
		</bndbox>
	</object>
</annotation>