<annotation>
	<folder>side밥류밥그릇오곡밥q3</folder>
	<filename>side_밥류_밥그릇_오곡밥_Q3_00005.JPG</filename>
	<path>/side밥류밥그릇오곡밥q3/side_밥류_밥그릇_오곡밥_Q3_00005.JPG</path>
	<source>
		<database>fooddata</database>
	</source>
	<size>
		<width>5472</width>
		<height>3648</height>
		<depth>3</depth>
	</size>
	<object>
		<name>ref_spoon</name>
		<bndbox>
			<xmin>3562</xmin>
			<ymin>685</ymin>
			<xmax>4098</xmax>
			<ymax>1414</ymax>
		</bndbox>
	</object>
	<object>
		<name>ref_fork</name>
		<bndbox>
			<xmin>4291</xmin>
			<ymin>782</ymin>
			<xmax>4691</xmax>
			<ymax>1614</ymax>
		</bndbox>
	</object>
	<object>
		<name>ref_coin</name>
		<bndbox>
			<xmin>1097</xmin>
			<ymin>2098</ymin>
			<xmax>1516</xmax>
			<ymax>2427</ymax>
		</bndbox>
	</object>
	<object>
		<name>dish</name>
		<bndbox>
			<xmin>1645</xmin>
			<ymin>459</ymin>
			<xmax>3446</xmax>
			<ymax>1918</ymax>
		</bndbox>
	</object>
	<object>
		<name>오곡밥</name>
		<bndbox>
			<xmin>1762</xmin>
			<ymin>640</ymin>
			<xmax>2942</xmax>
			<ymax>1634</ymax>
		</bndbox>
	</object>
</annotation>