<annotation>
	<folder>side밥류밥그릇오곡밥q3</folder>
	<filename>side_밥류_밥그릇_오곡밥_Q3_00016.JPG</filename>
	<path>/side밥류밥그릇오곡밥q3/side_밥류_밥그릇_오곡밥_Q3_00016.JPG</path>
	<source>
		<database>fooddata</database>
	</source>
	<size>
		<width>5472</width>
		<height>3648</height>
		<depth>3</depth>
	</size>
	<object>
		<name>ref_spoon</name>
		<bndbox>
			<xmin>736</xmin>
			<ymin>2363</ymin>
			<xmax>1678</xmax>
			<ymax>2898</ymax>
		</bndbox>
	</object>
	<object>
		<name>ref_fork</name>
		<bndbox>
			<xmin>1097</xmin>
			<ymin>1976</ymin>
			<xmax>2194</xmax>
			<ymax>2473</ymax>
		</bndbox>
	</object>
	<object>
		<name>ref_coin</name>
		<bndbox>
			<xmin>3065</xmin>
			<ymin>356</ymin>
			<xmax>3439</xmax>
			<ymax>614</ymax>
		</bndbox>
	</object>
	<object>
		<name>dish</name>
		<bndbox>
			<xmin>1471</xmin>
			<ymin>375</ymin>
			<xmax>3259</xmax>
			<ymax>1814</ymax>
		</bndbox>
	</object>
	<object>
		<name>오곡밥</name>
		<bndbox>
			<xmin>1555</xmin>
			<ymin>750</ymin>
			<xmax>3078</xmax>
			<ymax>1537</ymax>
		</bndbox>
	</object>
</annotation>