<annotation>
	<folder>side밥류밥그릇오곡밥q3</folder>
	<filename>side_밥류_밥그릇_오곡밥_Q3_00052.JPG</filename>
	<path>/side밥류밥그릇오곡밥q3/side_밥류_밥그릇_오곡밥_Q3_00052.JPG</path>
	<source>
		<database>fooddata</database>
	</source>
	<size>
		<width>5472</width>
		<height>3648</height>
		<depth>3</depth>
	</size>
	<object>
		<name>ref_spoon</name>
		<bndbox>
			<xmin>1078</xmin>
			<ymin>524</ymin>
			<xmax>1607</xmax>
			<ymax>1227</ymax>
		</bndbox>
	</object>
	<object>
		<name>ref_fork</name>
		<bndbox>
			<xmin>1723</xmin>
			<ymin>550</ymin>
			<xmax>2097</xmax>
			<ymax>1427</ymax>
		</bndbox>
	</object>
	<object>
		<name>ref_coin</name>
		<bndbox>
			<xmin>4001</xmin>
			<ymin>2163</ymin>
			<xmax>4440</xmax>
			<ymax>2485</ymax>
		</bndbox>
	</object>
	<object>
		<name>dish</name>
		<bndbox>
			<xmin>2504</xmin>
			<ymin>530</ymin>
			<xmax>4356</xmax>
			<ymax>2027</ymax>
		</bndbox>
	</object>
	<object>
		<name>오곡밥</name>
		<bndbox>
			<xmin>2768</xmin>
			<ymin>859</ymin>
			<xmax>4117</xmax>
			<ymax>1750</ymax>
		</bndbox>
	</object>
</annotation>