<annotation>
	<folder>top밥류밥그릇오곡밥q3</folder>
	<filename>top_밥류_밥그릇_오곡밥_Q3_00024.JPG</filename>
	<path>/top밥류밥그릇오곡밥q3/top_밥류_밥그릇_오곡밥_Q3_00024.JPG</path>
	<source>
		<database>fooddata</database>
	</source>
	<size>
		<width>5472</width>
		<height>3648</height>
		<depth>3</depth>
	</size>
	<object>
		<name>ref_spoon</name>
		<bndbox>
			<xmin>1539</xmin>
			<ymin>385</ymin>
			<xmax>2109</xmax>
			<ymax>1250</ymax>
		</bndbox>
	</object>
	<object>
		<name>ref_fork</name>
		<bndbox>
			<xmin>2261</xmin>
			<ymin>359</ymin>
			<xmax>2637</xmax>
			<ymax>1282</ymax>
		</bndbox>
	</object>
	<object>
		<name>ref_coin</name>
		<bndbox>
			<xmin>3556</xmin>
			<ymin>2711</ymin>
			<xmax>3986</xmax>
			<ymax>3133</ymax>
		</bndbox>
	</object>
	<object>
		<name>dish</name>
		<bndbox>
			<xmin>2785</xmin>
			<ymin>744</ymin>
			<xmax>4721</xmax>
			<ymax>2653</ymax>
		</bndbox>
	</object>
	<object>
		<name>오곡밥</name>
		<bndbox>
			<xmin>2902</xmin>
			<ymin>856</ymin>
			<xmax>4475</xmax>
			<ymax>2510</ymax>
		</bndbox>
	</object>
</annotation>