<annotation>
	<folder>top밥류밥그릇오곡밥q3</folder>
	<filename>top_밥류_밥그릇_오곡밥_Q3_00021.JPG</filename>
	<path>/top밥류밥그릇오곡밥q3/top_밥류_밥그릇_오곡밥_Q3_00021.JPG</path>
	<source>
		<database>fooddata</database>
	</source>
	<size>
		<width>5472</width>
		<height>3648</height>
		<depth>3</depth>
	</size>
	<object>
		<name>ref_spoon</name>
		<bndbox>
			<xmin>1826</xmin>
			<ymin>2805</ymin>
			<xmax>2570</xmax>
			<ymax>3316</ymax>
		</bndbox>
	</object>
	<object>
		<name>ref_fork</name>
		<bndbox>
			<xmin>1858</xmin>
			<ymin>2259</ymin>
			<xmax>2700</xmax>
			<ymax>2604</ymax>
		</bndbox>
	</object>
	<object>
		<name>ref_coin</name>
		<bndbox>
			<xmin>2651</xmin>
			<ymin>166</ymin>
			<xmax>2987</xmax>
			<ymax>484</ymax>
		</bndbox>
	</object>
	<object>
		<name>dish</name>
		<bndbox>
			<xmin>2530</xmin>
			<ymin>717</ymin>
			<xmax>4161</xmax>
			<ymax>2286</ymax>
		</bndbox>
	</object>
	<object>
		<name>오곡밥</name>
		<bndbox>
			<xmin>2584</xmin>
			<ymin>1053</ymin>
			<xmax>3825</xmax>
			<ymax>2232</ymax>
		</bndbox>
	</object>
</annotation>