<annotation>
	<folder>top밥류밥그릇오곡밥q3</folder>
	<filename>top_밥류_밥그릇_오곡밥_Q3_00036.JPG</filename>
	<path>/top밥류밥그릇오곡밥q3/top_밥류_밥그릇_오곡밥_Q3_00036.JPG</path>
	<source>
		<database>fooddata</database>
	</source>
	<size>
		<width>5472</width>
		<height>3648</height>
		<depth>3</depth>
	</size>
	<object>
		<name>ref_spoon</name>
		<bndbox>
			<xmin>1082</xmin>
			<ymin>336</ymin>
			<xmax>1705</xmax>
			<ymax>1268</ymax>
		</bndbox>
	</object>
	<object>
		<name>ref_fork</name>
		<bndbox>
			<xmin>1902</xmin>
			<ymin>291</ymin>
			<xmax>2324</xmax>
			<ymax>1318</ymax>
		</bndbox>
	</object>
	<object>
		<name>ref_coin</name>
		<bndbox>
			<xmin>4036</xmin>
			<ymin>2864</ymin>
			<xmax>4497</xmax>
			<ymax>3334</ymax>
		</bndbox>
	</object>
	<object>
		<name>dish</name>
		<bndbox>
			<xmin>2306</xmin>
			<ymin>771</ymin>
			<xmax>4520</xmax>
			<ymax>2918</ymax>
		</bndbox>
	</object>
	<object>
		<name>오곡밥</name>
		<bndbox>
			<xmin>2476</xmin>
			<ymin>923</ymin>
			<xmax>4408</xmax>
			<ymax>2738</ymax>
		</bndbox>
	</object>
</annotation>