<annotation>
	<folder>top밥류밥그릇오곡밥q3</folder>
	<filename>top_밥류_밥그릇_오곡밥_Q3_00006.JPG</filename>
	<path>/top밥류밥그릇오곡밥q3/top_밥류_밥그릇_오곡밥_Q3_00006.JPG</path>
	<source>
		<database>fooddata</database>
	</source>
	<size>
		<width>5472</width>
		<height>3648</height>
		<depth>3</depth>
	</size>
	<object>
		<name>ref_spoon</name>
		<bndbox>
			<xmin>3722</xmin>
			<ymin>654</ymin>
			<xmax>4309</xmax>
			<ymax>1569</ymax>
		</bndbox>
	</object>
	<object>
		<name>ref_fork</name>
		<bndbox>
			<xmin>4564</xmin>
			<ymin>695</ymin>
			<xmax>4959</xmax>
			<ymax>1712</ymax>
		</bndbox>
	</object>
	<object>
		<name>ref_coin</name>
		<bndbox>
			<xmin>1150</xmin>
			<ymin>2702</ymin>
			<xmax>1598</xmax>
			<ymax>3151</ymax>
		</bndbox>
	</object>
	<object>
		<name>dish</name>
		<bndbox>
			<xmin>1607</xmin>
			<ymin>1120</ymin>
			<xmax>3709</xmax>
			<ymax>3236</ymax>
		</bndbox>
	</object>
	<object>
		<name>오곡밥</name>
		<bndbox>
			<xmin>1710</xmin>
			<ymin>1241</ymin>
			<xmax>3489</xmax>
			<ymax>2788</ymax>
		</bndbox>
	</object>
</annotation>