<annotation>
	<folder>top밥류밥그릇오곡밥q3</folder>
	<filename>top_밥류_밥그릇_오곡밥_Q3_00008.JPG</filename>
	<path>/top밥류밥그릇오곡밥q3/top_밥류_밥그릇_오곡밥_Q3_00008.JPG</path>
	<source>
		<database>fooddata</database>
	</source>
	<size>
		<width>5472</width>
		<height>3648</height>
		<depth>3</depth>
	</size>
	<object>
		<name>ref_spoon</name>
		<bndbox>
			<xmin>3821</xmin>
			<ymin>605</ymin>
			<xmax>4426</xmax>
			<ymax>1537</ymax>
		</bndbox>
	</object>
	<object>
		<name>ref_fork</name>
		<bndbox>
			<xmin>4694</xmin>
			<ymin>605</ymin>
			<xmax>5102</xmax>
			<ymax>1591</ymax>
		</bndbox>
	</object>
	<object>
		<name>ref_coin</name>
		<bndbox>
			<xmin>1297</xmin>
			<ymin>1546</ymin>
			<xmax>1714</xmax>
			<ymax>1963</ymax>
		</bndbox>
	</object>
	<object>
		<name>dish</name>
		<bndbox>
			<xmin>1840</xmin>
			<ymin>1237</ymin>
			<xmax>3933</xmax>
			<ymax>3352</ymax>
		</bndbox>
	</object>
	<object>
		<name>오곡밥</name>
		<bndbox>
			<xmin>2167</xmin>
			<ymin>1353</ymin>
			<xmax>3843</xmax>
			<ymax>3025</ymax>
		</bndbox>
	</object>
</annotation>