<annotation>
	<folder>top밥류밥그릇오곡밥q3</folder>
	<filename>top_밥류_밥그릇_오곡밥_Q3_00019.JPG</filename>
	<path>/top밥류밥그릇오곡밥q3/top_밥류_밥그릇_오곡밥_Q3_00019.JPG</path>
	<source>
		<database>fooddata</database>
	</source>
	<size>
		<width>5472</width>
		<height>3648</height>
		<depth>3</depth>
	</size>
	<object>
		<name>ref_spoon</name>
		<bndbox>
			<xmin>1781</xmin>
			<ymin>2797</ymin>
			<xmax>2543</xmax>
			<ymax>3316</ymax>
		</bndbox>
	</object>
	<object>
		<name>ref_fork</name>
		<bndbox>
			<xmin>1831</xmin>
			<ymin>2245</ymin>
			<xmax>2682</xmax>
			<ymax>2590</ymax>
		</bndbox>
	</object>
	<object>
		<name>ref_coin</name>
		<bndbox>
			<xmin>3242</xmin>
			<ymin>161</ymin>
			<xmax>3579</xmax>
			<ymax>484</ymax>
		</bndbox>
	</object>
	<object>
		<name>dish</name>
		<bndbox>
			<xmin>2225</xmin>
			<ymin>605</ymin>
			<xmax>3870</xmax>
			<ymax>2191</ymax>
		</bndbox>
	</object>
	<object>
		<name>오곡밥</name>
		<bndbox>
			<xmin>2454</xmin>
			<ymin>959</ymin>
			<xmax>3762</xmax>
			<ymax>2120</ymax>
		</bndbox>
	</object>
</annotation>