<annotation>
	<folder>top밥류밥그릇오곡밥q3</folder>
	<filename>top_밥류_밥그릇_오곡밥_Q3_00046.JPG</filename>
	<path>/top밥류밥그릇오곡밥q3/top_밥류_밥그릇_오곡밥_Q3_00046.JPG</path>
	<source>
		<database>fooddata</database>
	</source>
	<size>
		<width>5472</width>
		<height>3648</height>
		<depth>3</depth>
	</size>
	<object>
		<name>ref_spoon</name>
		<bndbox>
			<xmin>970</xmin>
			<ymin>224</ymin>
			<xmax>1593</xmax>
			<ymax>1161</ymax>
		</bndbox>
	</object>
	<object>
		<name>ref_fork</name>
		<bndbox>
			<xmin>1786</xmin>
			<ymin>184</ymin>
			<xmax>2194</xmax>
			<ymax>1241</ymax>
		</bndbox>
	</object>
	<object>
		<name>ref_coin</name>
		<bndbox>
			<xmin>4139</xmin>
			<ymin>2478</ymin>
			<xmax>4596</xmax>
			<ymax>2935</ymax>
		</bndbox>
	</object>
	<object>
		<name>dish</name>
		<bndbox>
			<xmin>2149</xmin>
			<ymin>596</ymin>
			<xmax>4309</xmax>
			<ymax>2698</ymax>
		</bndbox>
	</object>
	<object>
		<name>오곡밥</name>
		<bndbox>
			<xmin>2297</xmin>
			<ymin>757</ymin>
			<xmax>4175</xmax>
			<ymax>2563</ymax>
		</bndbox>
	</object>
</annotation>