<annotation>
	<folder>top밥류밥그릇오곡밥q3</folder>
	<filename>top_밥류_밥그릇_오곡밥_Q3_00010.JPG</filename>
	<path>/top밥류밥그릇오곡밥q3/top_밥류_밥그릇_오곡밥_Q3_00010.JPG</path>
	<source>
		<database>fooddata</database>
	</source>
	<size>
		<width>5472</width>
		<height>3648</height>
		<depth>3</depth>
	</size>
	<object>
		<name>ref_spoon</name>
		<bndbox>
			<xmin>3655</xmin>
			<ymin>722</ymin>
			<xmax>4228</xmax>
			<ymax>1578</ymax>
		</bndbox>
	</object>
	<object>
		<name>ref_fork</name>
		<bndbox>
			<xmin>4466</xmin>
			<ymin>735</ymin>
			<xmax>4842</xmax>
			<ymax>1663</ymax>
		</bndbox>
	</object>
	<object>
		<name>ref_coin</name>
		<bndbox>
			<xmin>2611</xmin>
			<ymin>264</ymin>
			<xmax>3009</xmax>
			<ymax>654</ymax>
		</bndbox>
	</object>
	<object>
		<name>dish</name>
		<bndbox>
			<xmin>1920</xmin>
			<ymin>1273</ymin>
			<xmax>3924</xmax>
			<ymax>3249</ymax>
		</bndbox>
	</object>
	<object>
		<name>오곡밥</name>
		<bndbox>
			<xmin>2149</xmin>
			<ymin>1730</ymin>
			<xmax>3807</xmax>
			<ymax>3146</ymax>
		</bndbox>
	</object>
</annotation>