<annotation>
	<folder>top밥류밥그릇오곡밥q3</folder>
	<filename>top_밥류_밥그릇_오곡밥_Q3_00022.JPG</filename>
	<path>/top밥류밥그릇오곡밥q3/top_밥류_밥그릇_오곡밥_Q3_00022.JPG</path>
	<source>
		<database>fooddata</database>
	</source>
	<size>
		<width>5472</width>
		<height>3648</height>
		<depth>3</depth>
	</size>
	<object>
		<name>ref_spoon</name>
		<bndbox>
			<xmin>1858</xmin>
			<ymin>2729</ymin>
			<xmax>2624</xmax>
			<ymax>3245</ymax>
		</bndbox>
	</object>
	<object>
		<name>ref_fork</name>
		<bndbox>
			<xmin>1911</xmin>
			<ymin>2205</ymin>
			<xmax>2705</xmax>
			<ymax>2528</ymax>
		</bndbox>
	</object>
	<object>
		<name>ref_coin</name>
		<bndbox>
			<xmin>1920</xmin>
			<ymin>363</ymin>
			<xmax>2256</xmax>
			<ymax>677</ymax>
		</bndbox>
	</object>
	<object>
		<name>dish</name>
		<bndbox>
			<xmin>2655</xmin>
			<ymin>713</ymin>
			<xmax>4251</xmax>
			<ymax>2290</ymax>
		</bndbox>
	</object>
	<object>
		<name>오곡밥</name>
		<bndbox>
			<xmin>2714</xmin>
			<ymin>829</ymin>
			<xmax>3968</xmax>
			<ymax>2079</ymax>
		</bndbox>
	</object>
</annotation>