<annotation>
	<folder>top밥류밥그릇오곡밥q3</folder>
	<filename>top_밥류_밥그릇_오곡밥_Q3_00001.JPG</filename>
	<path>/top밥류밥그릇오곡밥q3/top_밥류_밥그릇_오곡밥_Q3_00001.JPG</path>
	<source>
		<database>fooddata</database>
	</source>
	<size>
		<width>5472</width>
		<height>3648</height>
		<depth>3</depth>
	</size>
	<object>
		<name>ref_spoon</name>
		<bndbox>
			<xmin>3135</xmin>
			<ymin>282</ymin>
			<xmax>3682</xmax>
			<ymax>1143</ymax>
		</bndbox>
	</object>
	<object>
		<name>ref_fork</name>
		<bndbox>
			<xmin>3906</xmin>
			<ymin>341</ymin>
			<xmax>4287</xmax>
			<ymax>1241</ymax>
		</bndbox>
	</object>
	<object>
		<name>ref_coin</name>
		<bndbox>
			<xmin>2507</xmin>
			<ymin>2770</ymin>
			<xmax>2906</xmax>
			<ymax>3200</ymax>
		</bndbox>
	</object>
	<object>
		<name>dish</name>
		<bndbox>
			<xmin>1132</xmin>
			<ymin>565</ymin>
			<xmax>3086</xmax>
			<ymax>2465</ymax>
		</bndbox>
	</object>
	<object>
		<name>오곡밥</name>
		<bndbox>
			<xmin>1477</xmin>
			<ymin>663</ymin>
			<xmax>3000</xmax>
			<ymax>2362</ymax>
		</bndbox>
	</object>
</annotation>