<annotation>
	<folder>top밥류밥그릇오곡밥q3</folder>
	<filename>top_밥류_밥그릇_오곡밥_Q3_00027.JPG</filename>
	<path>/top밥류밥그릇오곡밥q3/top_밥류_밥그릇_오곡밥_Q3_00027.JPG</path>
	<source>
		<database>fooddata</database>
	</source>
	<size>
		<width>5472</width>
		<height>3648</height>
		<depth>3</depth>
	</size>
	<object>
		<name>ref_spoon</name>
		<bndbox>
			<xmin>1006</xmin>
			<ymin>506</ymin>
			<xmax>1616</xmax>
			<ymax>1416</ymax>
		</bndbox>
	</object>
	<object>
		<name>ref_fork</name>
		<bndbox>
			<xmin>1799</xmin>
			<ymin>439</ymin>
			<xmax>2207</xmax>
			<ymax>1470</ymax>
		</bndbox>
	</object>
	<object>
		<name>ref_coin</name>
		<bndbox>
			<xmin>4573</xmin>
			<ymin>1985</ymin>
			<xmax>5013</xmax>
			<ymax>2420</ymax>
		</bndbox>
	</object>
	<object>
		<name>dish</name>
		<bndbox>
			<xmin>2319</xmin>
			<ymin>838</ymin>
			<xmax>4439</xmax>
			<ymax>2922</ymax>
		</bndbox>
	</object>
	<object>
		<name>오곡밥</name>
		<bndbox>
			<xmin>2467</xmin>
			<ymin>968</ymin>
			<xmax>4175</xmax>
			<ymax>2765</ymax>
		</bndbox>
	</object>
</annotation>