<annotation>
	<folder>top밥류밥그릇오곡밥q3</folder>
	<filename>top_밥류_밥그릇_오곡밥_Q3_00012.JPG</filename>
	<path>/top밥류밥그릇오곡밥q3/top_밥류_밥그릇_오곡밥_Q3_00012.JPG</path>
	<source>
		<database>fooddata</database>
	</source>
	<size>
		<width>5472</width>
		<height>3648</height>
		<depth>3</depth>
	</size>
	<object>
		<name>ref_spoon</name>
		<bndbox>
			<xmin>1575</xmin>
			<ymin>2783</ymin>
			<xmax>2440</xmax>
			<ymax>3343</ymax>
		</bndbox>
	</object>
	<object>
		<name>ref_fork</name>
		<bndbox>
			<xmin>1598</xmin>
			<ymin>2191</ymin>
			<xmax>2494</xmax>
			<ymax>2550</ymax>
		</bndbox>
	</object>
	<object>
		<name>ref_coin</name>
		<bndbox>
			<xmin>3798</xmin>
			<ymin>1430</ymin>
			<xmax>4179</xmax>
			<ymax>1788</ymax>
		</bndbox>
	</object>
	<object>
		<name>dish</name>
		<bndbox>
			<xmin>2104</xmin>
			<ymin>224</ymin>
			<xmax>3874</xmax>
			<ymax>1994</ymax>
		</bndbox>
	</object>
	<object>
		<name>오곡밥</name>
		<bndbox>
			<xmin>2400</xmin>
			<ymin>601</ymin>
			<xmax>3780</xmax>
			<ymax>1918</ymax>
		</bndbox>
	</object>
</annotation>