<annotation>
	<folder>top밥류밥그릇오곡밥q3</folder>
	<filename>top_밥류_밥그릇_오곡밥_Q3_00002.JPG</filename>
	<path>/top밥류밥그릇오곡밥q3/top_밥류_밥그릇_오곡밥_Q3_00002.JPG</path>
	<source>
		<database>fooddata</database>
	</source>
	<size>
		<width>5472</width>
		<height>3648</height>
		<depth>3</depth>
	</size>
	<object>
		<name>ref_spoon</name>
		<bndbox>
			<xmin>3314</xmin>
			<ymin>323</ymin>
			<xmax>3843</xmax>
			<ymax>1138</ymax>
		</bndbox>
	</object>
	<object>
		<name>ref_fork</name>
		<bndbox>
			<xmin>4067</xmin>
			<ymin>390</ymin>
			<xmax>4430</xmax>
			<ymax>1277</ymax>
		</bndbox>
	</object>
	<object>
		<name>ref_coin</name>
		<bndbox>
			<xmin>2637</xmin>
			<ymin>2711</ymin>
			<xmax>3041</xmax>
			<ymax>3115</ymax>
		</bndbox>
	</object>
	<object>
		<name>dish</name>
		<bndbox>
			<xmin>1521</xmin>
			<ymin>542</ymin>
			<xmax>3413</xmax>
			<ymax>2407</ymax>
		</bndbox>
	</object>
	<object>
		<name>오곡밥</name>
		<bndbox>
			<xmin>1665</xmin>
			<ymin>973</ymin>
			<xmax>3301</xmax>
			<ymax>2330</ymax>
		</bndbox>
	</object>
</annotation>