<annotation>
	<folder>side어육류면적철판닭갈비q5</folder>
	<filename>side_어육류면적_철판_닭갈비_Q5_00007.JPG</filename>
	<path>/side어육류면적철판닭갈비q5/side_어육류면적_철판_닭갈비_Q5_00007.JPG</path>
	<source>
		<database>fooddata</database>
	</source>
	<size>
		<width>3008</width>
		<height>2000</height>
		<depth>3</depth>
	</size>
	<object>
		<name>ref_spoon</name>
		<bndbox>
			<xmin>2036</xmin>
			<ymin>681</ymin>
			<xmax>2276</xmax>
			<ymax>1035</ymax>
		</bndbox>
	</object>
	<object>
		<name>ref_fork</name>
		<bndbox>
			<xmin>2329</xmin>
			<ymin>681</ymin>
			<xmax>2507</xmax>
			<ymax>1075</ymax>
		</bndbox>
	</object>
	<object>
		<name>ref_coin</name>
		<bndbox>
			<xmin>435</xmin>
			<ymin>561</ymin>
			<xmax>608</xmax>
			<ymax>685</ymax>
		</bndbox>
	</object>
	<object>
		<name>dish</name>
		<bndbox>
			<xmin>559</xmin>
			<ymin>512</ymin>
			<xmax>1912</xmax>
			<ymax>1506</ymax>
		</bndbox>
	</object>
	<object>
		<name>닭갈비</name>
		<bndbox>
			<xmin>771</xmin>
			<ymin>660</ymin>
			<xmax>1696</xmax>
			<ymax>1332</ymax>
		</bndbox>
	</object>
</annotation>