<annotation>
	<folder>side어육류면적철판닭갈비q5</folder>
	<filename>side_어육류면적_철판_닭갈비_Q5_00001.JPG</filename>
	<path>/side어육류면적철판닭갈비q5/side_어육류면적_철판_닭갈비_Q5_00001.JPG</path>
	<source>
		<database>fooddata</database>
	</source>
	<size>
		<width>3008</width>
		<height>2000</height>
		<depth>3</depth>
	</size>
	<object>
		<name>ref_spoon</name>
		<bndbox>
			<xmin>1952</xmin>
			<ymin>667</ymin>
			<xmax>2187</xmax>
			<ymax>1000</ymax>
		</bndbox>
	</object>
	<object>
		<name>ref_fork</name>
		<bndbox>
			<xmin>2245</xmin>
			<ymin>667</ymin>
			<xmax>2422</xmax>
			<ymax>1058</ymax>
		</bndbox>
	</object>
	<object>
		<name>ref_coin</name>
		<bndbox>
			<xmin>1650</xmin>
			<ymin>1528</ymin>
			<xmax>1854</xmax>
			<ymax>1679</ymax>
		</bndbox>
	</object>
	<object>
		<name>dish</name>
		<bndbox>
			<xmin>421</xmin>
			<ymin>468</ymin>
			<xmax>1690</xmax>
			<ymax>1448</ymax>
		</bndbox>
	</object>
	<object>
		<name>닭갈비</name>
		<bndbox>
			<xmin>627</xmin>
			<ymin>655</ymin>
			<xmax>1517</xmax>
			<ymax>1328</ymax>
		</bndbox>
	</object>
</annotation>