<annotation>
	<folder>side어육류면적철판닭갈비q5</folder>
	<filename>side_어육류면적_철판_닭갈비_Q5_00045.JPG</filename>
	<path>/side어육류면적철판닭갈비q5/side_어육류면적_철판_닭갈비_Q5_00045.JPG</path>
	<source>
		<database>fooddata</database>
	</source>
	<size>
		<width>3008</width>
		<height>2000</height>
		<depth>3</depth>
	</size>
	<object>
		<name>ref_spoon</name>
		<bndbox>
			<xmin>209</xmin>
			<ymin>587</ymin>
			<xmax>492</xmax>
			<ymax>1004</ymax>
		</bndbox>
	</object>
	<object>
		<name>ref_fork</name>
		<bndbox>
			<xmin>572</xmin>
			<ymin>618</ymin>
			<xmax>781</xmax>
			<ymax>1067</ymax>
		</bndbox>
	</object>
	<object>
		<name>ref_coin</name>
		<bndbox>
			<xmin>874</xmin>
			<ymin>246</ymin>
			<xmax>1065</xmax>
			<ymax>388</ymax>
		</bndbox>
	</object>
	<object>
		<name>dish</name>
		<bndbox>
			<xmin>1007</xmin>
			<ymin>490</ymin>
			<xmax>2591</xmax>
			<ymax>1630</ymax>
		</bndbox>
	</object>
	<object>
		<name>닭갈비</name>
		<bndbox>
			<xmin>1127</xmin>
			<ymin>650</ymin>
			<xmax>2405</xmax>
			<ymax>1524</ymax>
		</bndbox>
	</object>
</annotation>