<annotation>
	<folder>side어육류면적철판닭갈비q5</folder>
	<filename>side_어육류면적_철판_닭갈비_Q5_00041.JPG</filename>
	<path>/side어육류면적철판닭갈비q5/side_어육류면적_철판_닭갈비_Q5_00041.JPG</path>
	<source>
		<database>fooddata</database>
	</source>
	<size>
		<width>3008</width>
		<height>2000</height>
		<depth>3</depth>
	</size>
	<object>
		<name>ref_spoon</name>
		<bndbox>
			<xmin>368</xmin>
			<ymin>468</ymin>
			<xmax>621</xmax>
			<ymax>840</ymax>
		</bndbox>
	</object>
	<object>
		<name>ref_fork</name>
		<bndbox>
			<xmin>701</xmin>
			<ymin>481</ymin>
			<xmax>878</xmax>
			<ymax>894</ymax>
		</bndbox>
	</object>
	<object>
		<name>ref_coin</name>
		<bndbox>
			<xmin>2524</xmin>
			<ymin>1515</ymin>
			<xmax>2737</xmax>
			<ymax>1683</ymax>
		</bndbox>
	</object>
	<object>
		<name>dish</name>
		<bndbox>
			<xmin>1078</xmin>
			<ymin>317</ymin>
			<xmax>2476</xmax>
			<ymax>1337</ymax>
		</bndbox>
	</object>
	<object>
		<name>닭갈비</name>
		<bndbox>
			<xmin>1207</xmin>
			<ymin>489</ymin>
			<xmax>2303</xmax>
			<ymax>1254</ymax>
		</bndbox>
	</object>
</annotation>