<annotation>
	<folder>side어육류면적철판닭갈비q5</folder>
	<filename>side_어육류면적_철판_닭갈비_Q5_00015.JPG</filename>
	<path>/side어육류면적철판닭갈비q5/side_어육류면적_철판_닭갈비_Q5_00015.JPG</path>
	<source>
		<database>fooddata</database>
	</source>
	<size>
		<width>3008</width>
		<height>2000</height>
		<depth>3</depth>
	</size>
	<object>
		<name>ref_spoon</name>
		<bndbox>
			<xmin>2019</xmin>
			<ymin>610</ymin>
			<xmax>2258</xmax>
			<ymax>987</ymax>
		</bndbox>
	</object>
	<object>
		<name>ref_fork</name>
		<bndbox>
			<xmin>2320</xmin>
			<ymin>618</ymin>
			<xmax>2511</xmax>
			<ymax>1018</ymax>
		</bndbox>
	</object>
	<object>
		<name>ref_coin</name>
		<bndbox>
			<xmin>1628</xmin>
			<ymin>1630</ymin>
			<xmax>1846</xmax>
			<ymax>1799</ymax>
		</bndbox>
	</object>
	<object>
		<name>dish</name>
		<bndbox>
			<xmin>280</xmin>
			<ymin>303</ymin>
			<xmax>1668</xmax>
			<ymax>1311</ymax>
		</bndbox>
	</object>
	<object>
		<name>닭갈비</name>
		<bndbox>
			<xmin>501</xmin>
			<ymin>499</ymin>
			<xmax>1473</xmax>
			<ymax>1190</ymax>
		</bndbox>
	</object>
</annotation>