<annotation>
	<folder>top어육류면적철판닭갈비q5</folder>
	<filename>top_어육류면적_철판_닭갈비_Q5_00052.JPG</filename>
	<path>/top어육류면적철판닭갈비q5/top_어육류면적_철판_닭갈비_Q5_00052.JPG</path>
	<source>
		<database>fooddata</database>
	</source>
	<size>
		<width>3008</width>
		<height>2000</height>
		<depth>3</depth>
	</size>
	<object>
		<name>ref_spoon</name>
		<bndbox>
			<xmin>349</xmin>
			<ymin>408</ymin>
			<xmax>584</xmax>
			<ymax>800</ymax>
		</bndbox>
	</object>
	<object>
		<name>ref_fork</name>
		<bndbox>
			<xmin>690</xmin>
			<ymin>408</ymin>
			<xmax>850</xmax>
			<ymax>797</ymax>
		</bndbox>
	</object>
	<object>
		<name>ref_coin</name>
		<bndbox>
			<xmin>2166</xmin>
			<ymin>1414</ymin>
			<xmax>2321</xmax>
			<ymax>1574</ymax>
		</bndbox>
	</object>
	<object>
		<name>dish</name>
		<bndbox>
			<xmin>1054</xmin>
			<ymin>315</ymin>
			<xmax>2321</xmax>
			<ymax>1510</ymax>
		</bndbox>
	</object>
	<object>
		<name>닭갈비</name>
		<bndbox>
			<xmin>1198</xmin>
			<ymin>395</ymin>
			<xmax>2094</xmax>
			<ymax>1422</ymax>
		</bndbox>
	</object>
</annotation>