<annotation>
	<folder>top어육류면적철판닭갈비q5</folder>
	<filename>top_어육류면적_철판_닭갈비_Q5_00049.JPG</filename>
	<path>/top어육류면적철판닭갈비q5/top_어육류면적_철판_닭갈비_Q5_00049.JPG</path>
	<source>
		<database>fooddata</database>
	</source>
	<size>
		<width>3008</width>
		<height>2000</height>
		<depth>3</depth>
	</size>
	<object>
		<name>ref_spoon</name>
		<bndbox>
			<xmin>463</xmin>
			<ymin>397</ymin>
			<xmax>695</xmax>
			<ymax>779</ymax>
		</bndbox>
	</object>
	<object>
		<name>ref_fork</name>
		<bndbox>
			<xmin>793</xmin>
			<ymin>387</ymin>
			<xmax>948</xmax>
			<ymax>782</ymax>
		</bndbox>
	</object>
	<object>
		<name>ref_coin</name>
		<bndbox>
			<xmin>1918</xmin>
			<ymin>1765</ymin>
			<xmax>2083</xmax>
			<ymax>1941</ymax>
		</bndbox>
	</object>
	<object>
		<name>dish</name>
		<bndbox>
			<xmin>1159</xmin>
			<ymin>255</ymin>
			<xmax>2419</xmax>
			<ymax>1427</ymax>
		</bndbox>
	</object>
	<object>
		<name>닭갈비</name>
		<bndbox>
			<xmin>1312</xmin>
			<ymin>361</ymin>
			<xmax>2194</xmax>
			<ymax>1352</ymax>
		</bndbox>
	</object>
</annotation>