<annotation>
	<folder>top어육류면적철판닭갈비q5</folder>
	<filename>top_어육류면적_철판_닭갈비_Q5_00037.JPG</filename>
	<path>/top어육류면적철판닭갈비q5/top_어육류면적_철판_닭갈비_Q5_00037.JPG</path>
	<source>
		<database>fooddata</database>
	</source>
	<size>
		<width>3008</width>
		<height>2000</height>
		<depth>3</depth>
	</size>
	<object>
		<name>ref_spoon</name>
		<bndbox>
			<xmin>279</xmin>
			<ymin>354</ymin>
			<xmax>535</xmax>
			<ymax>785</ymax>
		</bndbox>
	</object>
	<object>
		<name>ref_fork</name>
		<bndbox>
			<xmin>641</xmin>
			<ymin>354</ymin>
			<xmax>829</xmax>
			<ymax>795</ymax>
		</bndbox>
	</object>
	<object>
		<name>ref_coin</name>
		<bndbox>
			<xmin>2047</xmin>
			<ymin>1644</ymin>
			<xmax>2212</xmax>
			<ymax>1814</ymax>
		</bndbox>
	</object>
	<object>
		<name>dish</name>
		<bndbox>
			<xmin>1105</xmin>
			<ymin>139</ymin>
			<xmax>2478</xmax>
			<ymax>1569</ymax>
		</bndbox>
	</object>
	<object>
		<name>닭갈비</name>
		<bndbox>
			<xmin>1244</xmin>
			<ymin>335</ymin>
			<xmax>2274</xmax>
			<ymax>1360</ymax>
		</bndbox>
	</object>
</annotation>