<annotation>
	<folder>top어육류면적철판닭갈비q5</folder>
	<filename>top_어육류면적_철판_닭갈비_Q5_00053.JPG</filename>
	<path>/top어육류면적철판닭갈비q5/top_어육류면적_철판_닭갈비_Q5_00053.JPG</path>
	<source>
		<database>fooddata</database>
	</source>
	<size>
		<width>3008</width>
		<height>2000</height>
		<depth>3</depth>
	</size>
	<object>
		<name>ref_spoon</name>
		<bndbox>
			<xmin>155</xmin>
			<ymin>408</ymin>
			<xmax>424</xmax>
			<ymax>839</ymax>
		</bndbox>
	</object>
	<object>
		<name>ref_fork</name>
		<bndbox>
			<xmin>545</xmin>
			<ymin>405</ymin>
			<xmax>726</xmax>
			<ymax>836</ymax>
		</bndbox>
	</object>
	<object>
		<name>ref_coin</name>
		<bndbox>
			<xmin>2488</xmin>
			<ymin>1146</ymin>
			<xmax>2651</xmax>
			<ymax>1319</ymax>
		</bndbox>
	</object>
	<object>
		<name>dish</name>
		<bndbox>
			<xmin>963</xmin>
			<ymin>294</ymin>
			<xmax>2395</xmax>
			<ymax>1652</ymax>
		</bndbox>
	</object>
	<object>
		<name>닭갈비</name>
		<bndbox>
			<xmin>1128</xmin>
			<ymin>395</ymin>
			<xmax>2166</xmax>
			<ymax>1559</ymax>
		</bndbox>
	</object>
</annotation>