<annotation>
	<folder>top어육류면적철판닭갈비q5</folder>
	<filename>top_어육류면적_철판_닭갈비_Q5_00040.JPG</filename>
	<path>/top어육류면적철판닭갈비q5/top_어육류면적_철판_닭갈비_Q5_00040.JPG</path>
	<source>
		<database>fooddata</database>
	</source>
	<size>
		<width>3008</width>
		<height>2000</height>
		<depth>3</depth>
	</size>
	<object>
		<name>ref_spoon</name>
		<bndbox>
			<xmin>179</xmin>
			<ymin>359</ymin>
			<xmax>437</xmax>
			<ymax>803</ymax>
		</bndbox>
	</object>
	<object>
		<name>ref_fork</name>
		<bndbox>
			<xmin>555</xmin>
			<ymin>354</ymin>
			<xmax>741</xmax>
			<ymax>800</ymax>
		</bndbox>
	</object>
	<object>
		<name>ref_coin</name>
		<bndbox>
			<xmin>2416</xmin>
			<ymin>1437</ymin>
			<xmax>2584</xmax>
			<ymax>1610</ymax>
		</bndbox>
	</object>
	<object>
		<name>dish</name>
		<bndbox>
			<xmin>1043</xmin>
			<ymin>114</ymin>
			<xmax>2419</xmax>
			<ymax>1541</ymax>
		</bndbox>
	</object>
	<object>
		<name>닭갈비</name>
		<bndbox>
			<xmin>1183</xmin>
			<ymin>312</ymin>
			<xmax>2210</xmax>
			<ymax>1339</ymax>
		</bndbox>
	</object>
</annotation>