<annotation>
	<folder>top어육류면적철판닭갈비q5</folder>
	<filename>top_어육류면적_철판_닭갈비_Q5_00002.JPG</filename>
	<path>/top어육류면적철판닭갈비q5/top_어육류면적_철판_닭갈비_Q5_00002.JPG</path>
	<source>
		<database>fooddata</database>
	</source>
	<size>
		<width>3008</width>
		<height>2000</height>
		<depth>3</depth>
	</size>
	<object>
		<name>ref_spoon</name>
		<bndbox>
			<xmin>2145</xmin>
			<ymin>263</ymin>
			<xmax>2349</xmax>
			<ymax>617</ymax>
		</bndbox>
	</object>
	<object>
		<name>ref_fork</name>
		<bndbox>
			<xmin>2395</xmin>
			<ymin>377</ymin>
			<xmax>2555</xmax>
			<ymax>772</ymax>
		</bndbox>
	</object>
	<object>
		<name>ref_coin</name>
		<bndbox>
			<xmin>1701</xmin>
			<ymin>1644</ymin>
			<xmax>1859</xmax>
			<ymax>1801</ymax>
		</bndbox>
	</object>
	<object>
		<name>dish</name>
		<bndbox>
			<xmin>612</xmin>
			<ymin>279</ymin>
			<xmax>1897</xmax>
			<ymax>1574</ymax>
		</bndbox>
	</object>
	<object>
		<name>닭갈비</name>
		<bndbox>
			<xmin>819</xmin>
			<ymin>485</ymin>
			<xmax>1691</xmax>
			<ymax>1370</ymax>
		</bndbox>
	</object>
</annotation>