<annotation>
	<folder>side기타튀김배달종이박스감자튀김(웨지감자)q5</folder>
	<filename>side_기타튀김_배달종이박스_감자튀김(웨지감자)_Q5_00015.JPG</filename>
	<path>/side기타튀김배달종이박스감자튀김(웨지감자)q5/side_기타튀김_배달종이박스_감자튀김(웨지감자)_Q5_00015.JPG</path>
	<source>
		<database>fooddata</database>
	</source>
	<size>
		<width>3008</width>
		<height>2000</height>
		<depth>3</depth>
	</size>
	<object>
		<name>ref_spoon</name>
		<bndbox>
			<xmin>2297</xmin>
			<ymin>749</ymin>
			<xmax>2578</xmax>
			<ymax>1125</ymax>
		</bndbox>
	</object>
	<object>
		<name>ref_fork</name>
		<bndbox>
			<xmin>1928</xmin>
			<ymin>690</ymin>
			<xmax>2124</xmax>
			<ymax>1118</ymax>
		</bndbox>
	</object>
	<object>
		<name>ref_coin</name>
		<bndbox>
			<xmin>1231</xmin>
			<ymin>306</ymin>
			<xmax>1430</xmax>
			<ymax>446</ymax>
		</bndbox>
	</object>
	<object>
		<name>dish</name>
		<bndbox>
			<xmin>474</xmin>
			<ymin>498</ymin>
			<xmax>1829</xmax>
			<ymax>1546</ymax>
		</bndbox>
	</object>
	<object>
		<name>감자튀김(웨지감자)</name>
		<bndbox>
			<xmin>718</xmin>
			<ymin>720</ymin>
			<xmax>1618</xmax>
			<ymax>1417</ymax>
		</bndbox>
	</object>
</annotation>