<annotation>
	<folder>side기타튀김배달종이박스감자튀김(웨지감자)q5</folder>
	<filename>side_기타튀김_배달종이박스_감자튀김(웨지감자)_Q5_00041.JPG</filename>
	<path>/side기타튀김배달종이박스감자튀김(웨지감자)q5/side_기타튀김_배달종이박스_감자튀김(웨지감자)_Q5_00041.JPG</path>
	<source>
		<database>fooddata</database>
	</source>
	<size>
		<width>3008</width>
		<height>2000</height>
		<depth>3</depth>
	</size>
	<object>
		<name>ref_spoon</name>
		<bndbox>
			<xmin>736</xmin>
			<ymin>546</ymin>
			<xmax>1032</xmax>
			<ymax>930</ymax>
		</bndbox>
	</object>
	<object>
		<name>ref_fork</name>
		<bndbox>
			<xmin>323</xmin>
			<ymin>528</ymin>
			<xmax>526</xmax>
			<ymax>959</ymax>
		</bndbox>
	</object>
	<object>
		<name>ref_coin</name>
		<bndbox>
			<xmin>2371</xmin>
			<ymin>679</ymin>
			<xmax>2581</xmax>
			<ymax>823</ymax>
		</bndbox>
	</object>
	<object>
		<name>dish</name>
		<bndbox>
			<xmin>962</xmin>
			<ymin>635</ymin>
			<xmax>2530</xmax>
			<ymax>1856</ymax>
		</bndbox>
	</object>
	<object>
		<name>감자튀김(웨지감자)</name>
		<bndbox>
			<xmin>1032</xmin>
			<ymin>882</ymin>
			<xmax>2275</xmax>
			<ymax>1672</ymax>
		</bndbox>
	</object>
</annotation>