<annotation>
	<folder>side기타튀김배달종이박스감자튀김(웨지감자)q5</folder>
	<filename>side_기타튀김_배달종이박스_감자튀김(웨지감자)_Q5_00046.JPG</filename>
	<path>/side기타튀김배달종이박스감자튀김(웨지감자)q5/side_기타튀김_배달종이박스_감자튀김(웨지감자)_Q5_00046.JPG</path>
	<source>
		<database>fooddata</database>
	</source>
	<size>
		<width>3008</width>
		<height>2000</height>
		<depth>3</depth>
	</size>
	<object>
		<name>ref_spoon</name>
		<bndbox>
			<xmin>762</xmin>
			<ymin>299</ymin>
			<xmax>1061</xmax>
			<ymax>694</ymax>
		</bndbox>
	</object>
	<object>
		<name>ref_fork</name>
		<bndbox>
			<xmin>338</xmin>
			<ymin>306</ymin>
			<xmax>545</xmax>
			<ymax>771</ymax>
		</bndbox>
	</object>
	<object>
		<name>ref_coin</name>
		<bndbox>
			<xmin>1231</xmin>
			<ymin>1424</ymin>
			<xmax>1478</xmax>
			<ymax>1620</ymax>
		</bndbox>
	</object>
	<object>
		<name>dish</name>
		<bndbox>
			<xmin>1080</xmin>
			<ymin>251</ymin>
			<xmax>2508</xmax>
			<ymax>1424</ymax>
		</bndbox>
	</object>
	<object>
		<name>감자튀김(웨지감자)</name>
		<bndbox>
			<xmin>1260</xmin>
			<ymin>351</ymin>
			<xmax>2386</xmax>
			<ymax>1288</ymax>
		</bndbox>
	</object>
</annotation>