<annotation>
	<folder>side기타튀김배달종이박스감자튀김(웨지감자)q5</folder>
	<filename>side_기타튀김_배달종이박스_감자튀김(웨지감자)_Q5_00006.JPG</filename>
	<path>/side기타튀김배달종이박스감자튀김(웨지감자)q5/side_기타튀김_배달종이박스_감자튀김(웨지감자)_Q5_00006.JPG</path>
	<source>
		<database>fooddata</database>
	</source>
	<size>
		<width>3008</width>
		<height>2000</height>
		<depth>3</depth>
	</size>
	<object>
		<name>ref_spoon</name>
		<bndbox>
			<xmin>2327</xmin>
			<ymin>395</ymin>
			<xmax>2618</xmax>
			<ymax>801</ymax>
		</bndbox>
	</object>
	<object>
		<name>ref_fork</name>
		<bndbox>
			<xmin>1943</xmin>
			<ymin>365</ymin>
			<xmax>2142</xmax>
			<ymax>823</ymax>
		</bndbox>
	</object>
	<object>
		<name>ref_coin</name>
		<bndbox>
			<xmin>32</xmin>
			<ymin>1133</ymin>
			<xmax>283</xmax>
			<ymax>1310</ymax>
		</bndbox>
	</object>
	<object>
		<name>dish</name>
		<bndbox>
			<xmin>286</xmin>
			<ymin>148</ymin>
			<xmax>1862</xmax>
			<ymax>1358</ymax>
		</bndbox>
	</object>
	<object>
		<name>감자튀김(웨지감자)</name>
		<bndbox>
			<xmin>545</xmin>
			<ymin>428</ymin>
			<xmax>1515</xmax>
			<ymax>1218</ymax>
		</bndbox>
	</object>
</annotation>