<annotation>
	<folder>side기타튀김배달종이박스감자튀김(웨지감자)q5</folder>
	<filename>side_기타튀김_배달종이박스_감자튀김(웨지감자)_Q5_00022.JPG</filename>
	<path>/side기타튀김배달종이박스감자튀김(웨지감자)q5/side_기타튀김_배달종이박스_감자튀김(웨지감자)_Q5_00022.JPG</path>
	<source>
		<database>fooddata</database>
	</source>
	<size>
		<width>3008</width>
		<height>2000</height>
		<depth>3</depth>
	</size>
	<object>
		<name>ref_spoon</name>
		<bndbox>
			<xmin>360</xmin>
			<ymin>1144</ymin>
			<xmax>840</xmax>
			<ymax>1443</ymax>
		</bndbox>
	</object>
	<object>
		<name>ref_fork</name>
		<bndbox>
			<xmin>404</xmin>
			<ymin>1458</ymin>
			<xmax>954</xmax>
			<ymax>1756</ymax>
		</bndbox>
	</object>
	<object>
		<name>ref_coin</name>
		<bndbox>
			<xmin>294</xmin>
			<ymin>690</ymin>
			<xmax>530</xmax>
			<ymax>863</ymax>
		</bndbox>
	</object>
	<object>
		<name>dish</name>
		<bndbox>
			<xmin>847</xmin>
			<ymin>140</ymin>
			<xmax>2124</xmax>
			<ymax>1151</ymax>
		</bndbox>
	</object>
	<object>
		<name>감자튀김(웨지감자)</name>
		<bndbox>
			<xmin>991</xmin>
			<ymin>347</ymin>
			<xmax>2039</xmax>
			<ymax>1015</ymax>
		</bndbox>
	</object>
</annotation>