<annotation>
	<folder>top기타튀김배달종이박스감자튀김(웨지감자)q5</folder>
	<filename>top_기타튀김_배달종이박스_감자튀김(웨지감자)_Q5_00040.JPG</filename>
	<path>/top기타튀김배달종이박스감자튀김(웨지감자)q5/top_기타튀김_배달종이박스_감자튀김(웨지감자)_Q5_00040.JPG</path>
	<source>
		<database>fooddata</database>
	</source>
	<size>
		<width>3008</width>
		<height>2000</height>
		<depth>3</depth>
	</size>
	<object>
		<name>ref_spoon</name>
		<bndbox>
			<xmin>396</xmin>
			<ymin>332</ymin>
			<xmax>711</xmax>
			<ymax>764</ymax>
		</bndbox>
	</object>
	<object>
		<name>ref_fork</name>
		<bndbox>
			<xmin>803</xmin>
			<ymin>378</ymin>
			<xmax>1031</xmax>
			<ymax>860</ymax>
		</bndbox>
	</object>
	<object>
		<name>ref_coin</name>
		<bndbox>
			<xmin>168</xmin>
			<ymin>982</ymin>
			<xmax>386</xmax>
			<ymax>1201</ymax>
		</bndbox>
	</object>
	<object>
		<name>dish</name>
		<bndbox>
			<xmin>1357</xmin>
			<ymin>515</ymin>
			<xmax>2495</xmax>
			<ymax>1531</ymax>
		</bndbox>
	</object>
	<object>
		<name>감자튀김(웨지감자)</name>
		<bndbox>
			<xmin>1443</xmin>
			<ymin>596</ymin>
			<xmax>2388</xmax>
			<ymax>1506</ymax>
		</bndbox>
	</object>
</annotation>