<annotation>
	<folder>top기타튀김배달종이박스감자튀김(웨지감자)q5</folder>
	<filename>top_기타튀김_배달종이박스_감자튀김(웨지감자)_Q5_00044.JPG</filename>
	<path>/top기타튀김배달종이박스감자튀김(웨지감자)q5/top_기타튀김_배달종이박스_감자튀김(웨지감자)_Q5_00044.JPG</path>
	<source>
		<database>fooddata</database>
	</source>
	<size>
		<width>3008</width>
		<height>2000</height>
		<depth>3</depth>
	</size>
	<object>
		<name>ref_spoon</name>
		<bndbox>
			<xmin>589</xmin>
			<ymin>494</ymin>
			<xmax>904</xmax>
			<ymax>957</ymax>
		</bndbox>
	</object>
	<object>
		<name>ref_fork</name>
		<bndbox>
			<xmin>986</xmin>
			<ymin>560</ymin>
			<xmax>1225</xmax>
			<ymax>1079</ymax>
		</bndbox>
	</object>
	<object>
		<name>ref_coin</name>
		<bndbox>
			<xmin>793</xmin>
			<ymin>52</ymin>
			<xmax>1016</xmax>
			<ymax>266</ymax>
		</bndbox>
	</object>
	<object>
		<name>dish</name>
		<bndbox>
			<xmin>1611</xmin>
			<ymin>713</ymin>
			<xmax>2800</xmax>
			<ymax>1780</ymax>
		</bndbox>
	</object>
	<object>
		<name>감자튀김(웨지감자)</name>
		<bndbox>
			<xmin>1687</xmin>
			<ymin>799</ymin>
			<xmax>2673</xmax>
			<ymax>1749</ymax>
		</bndbox>
	</object>
</annotation>