<annotation>
	<folder>top기타튀김배달종이박스감자튀김(웨지감자)q5</folder>
	<filename>top_기타튀김_배달종이박스_감자튀김(웨지감자)_Q5_00041.JPG</filename>
	<path>/top기타튀김배달종이박스감자튀김(웨지감자)q5/top_기타튀김_배달종이박스_감자튀김(웨지감자)_Q5_00041.JPG</path>
	<source>
		<database>fooddata</database>
	</source>
	<size>
		<width>3008</width>
		<height>2000</height>
		<depth>3</depth>
	</size>
	<object>
		<name>ref_spoon</name>
		<bndbox>
			<xmin>457</xmin>
			<ymin>347</ymin>
			<xmax>757</xmax>
			<ymax>815</ymax>
		</bndbox>
	</object>
	<object>
		<name>ref_fork</name>
		<bndbox>
			<xmin>833</xmin>
			<ymin>388</ymin>
			<xmax>1077</xmax>
			<ymax>876</ymax>
		</bndbox>
	</object>
	<object>
		<name>ref_coin</name>
		<bndbox>
			<xmin>127</xmin>
			<ymin>815</ymin>
			<xmax>361</xmax>
			<ymax>1038</ymax>
		</bndbox>
	</object>
	<object>
		<name>dish</name>
		<bndbox>
			<xmin>1402</xmin>
			<ymin>510</ymin>
			<xmax>2535</xmax>
			<ymax>1546</ymax>
		</bndbox>
	</object>
	<object>
		<name>감자튀김(웨지감자)</name>
		<bndbox>
			<xmin>1484</xmin>
			<ymin>611</ymin>
			<xmax>2449</xmax>
			<ymax>1521</ymax>
		</bndbox>
	</object>
</annotation>