<annotation>
	<folder>top기타튀김배달종이박스감자튀김(웨지감자)q5</folder>
	<filename>top_기타튀김_배달종이박스_감자튀김(웨지감자)_Q5_00049.JPG</filename>
	<path>/top기타튀김배달종이박스감자튀김(웨지감자)q5/top_기타튀김_배달종이박스_감자튀김(웨지감자)_Q5_00049.JPG</path>
	<source>
		<database>fooddata</database>
	</source>
	<size>
		<width>3008</width>
		<height>2000</height>
		<depth>3</depth>
	</size>
	<object>
		<name>ref_spoon</name>
		<bndbox>
			<xmin>473</xmin>
			<ymin>169</ymin>
			<xmax>772</xmax>
			<ymax>581</ymax>
		</bndbox>
	</object>
	<object>
		<name>ref_fork</name>
		<bndbox>
			<xmin>849</xmin>
			<ymin>184</ymin>
			<xmax>1082</xmax>
			<ymax>677</ymax>
		</bndbox>
	</object>
	<object>
		<name>ref_coin</name>
		<bndbox>
			<xmin>1728</xmin>
			<ymin>1511</ymin>
			<xmax>1951</xmax>
			<ymax>1734</ymax>
		</bndbox>
	</object>
	<object>
		<name>dish</name>
		<bndbox>
			<xmin>1372</xmin>
			<ymin>103</ymin>
			<xmax>2622</xmax>
			<ymax>1236</ymax>
		</bndbox>
	</object>
	<object>
		<name>감자튀김(웨지감자)</name>
		<bndbox>
			<xmin>1514</xmin>
			<ymin>301</ymin>
			<xmax>2500</xmax>
			<ymax>1130</ymax>
		</bndbox>
	</object>
</annotation>