<annotation>
	<folder>top기타튀김배달종이박스감자튀김(웨지감자)q5</folder>
	<filename>top_기타튀김_배달종이박스_감자튀김(웨지감자)_Q5_00045.JPG</filename>
	<path>/top기타튀김배달종이박스감자튀김(웨지감자)q5/top_기타튀김_배달종이박스_감자튀김(웨지감자)_Q5_00045.JPG</path>
	<source>
		<database>fooddata</database>
	</source>
	<size>
		<width>3008</width>
		<height>2000</height>
		<depth>3</depth>
	</size>
	<object>
		<name>ref_spoon</name>
		<bndbox>
			<xmin>493</xmin>
			<ymin>606</ymin>
			<xmax>788</xmax>
			<ymax>1023</ymax>
		</bndbox>
	</object>
	<object>
		<name>ref_fork</name>
		<bndbox>
			<xmin>879</xmin>
			<ymin>652</ymin>
			<xmax>1098</xmax>
			<ymax>1135</ymax>
		</bndbox>
	</object>
	<object>
		<name>ref_coin</name>
		<bndbox>
			<xmin>1016</xmin>
			<ymin>78</ymin>
			<xmax>1219</xmax>
			<ymax>266</ymax>
		</bndbox>
	</object>
	<object>
		<name>dish</name>
		<bndbox>
			<xmin>1453</xmin>
			<ymin>794</ymin>
			<xmax>2561</xmax>
			<ymax>1765</ymax>
		</bndbox>
	</object>
	<object>
		<name>감자튀김(웨지감자)</name>
		<bndbox>
			<xmin>1504</xmin>
			<ymin>860</ymin>
			<xmax>2439</xmax>
			<ymax>1714</ymax>
		</bndbox>
	</object>
</annotation>