<annotation>
	<folder>side볶음밥류접시삼선볶음밥q1</folder>
	<filename>side_볶음밥류_접시_삼선볶음밥_Q1_00057.JPG</filename>
	<path>/side볶음밥류접시삼선볶음밥q1/side_볶음밥류_접시_삼선볶음밥_Q1_00057.JPG</path>
	<source>
		<database>fooddata</database>
	</source>
	<size>
		<width>720</width>
		<height>480</height>
		<depth>3</depth>
	</size>
	<object>
		<name>ref_spoon</name>
		<bndbox>
			<xmin>62</xmin>
			<ymin>395</ymin>
			<xmax>189</xmax>
			<ymax>459</ymax>
		</bndbox>
	</object>
	<object>
		<name>ref_fork</name>
		<bndbox>
			<xmin>81</xmin>
			<ymin>340</ymin>
			<xmax>214</xmax>
			<ymax>390</ymax>
		</bndbox>
	</object>
	<object>
		<name>ref_coin</name>
		<bndbox>
			<xmin>307</xmin>
			<ymin>26</ymin>
			<xmax>354</xmax>
			<ymax>58</ymax>
		</bndbox>
	</object>
	<object>
		<name>dish</name>
		<bndbox>
			<xmin>56</xmin>
			<ymin>100</ymin>
			<xmax>535</xmax>
			<ymax>301</ymax>
		</bndbox>
	</object>
	<object>
		<name>삼선볶음밥</name>
		<bndbox>
			<xmin>159</xmin>
			<ymin>143</ymin>
			<xmax>463</xmax>
			<ymax>278</ymax>
		</bndbox>
	</object>
</annotation>