<annotation>
	<folder>side볶음밥류접시삼선볶음밥q1</folder>
	<filename>side_볶음밥류_접시_삼선볶음밥_Q1_00019.JPG</filename>
	<path>/side볶음밥류접시삼선볶음밥q1/side_볶음밥류_접시_삼선볶음밥_Q1_00019.JPG</path>
	<source>
		<database>fooddata</database>
	</source>
	<size>
		<width>720</width>
		<height>480</height>
		<depth>3</depth>
	</size>
	<object>
		<name>ref_spoon</name>
		<bndbox>
			<xmin>65</xmin>
			<ymin>160</ymin>
			<xmax>131</xmax>
			<ymax>258</ymax>
		</bndbox>
	</object>
	<object>
		<name>ref_fork</name>
		<bndbox>
			<xmin>161</xmin>
			<ymin>165</ymin>
			<xmax>206</xmax>
			<ymax>272</ymax>
		</bndbox>
	</object>
	<object>
		<name>ref_coin</name>
		<bndbox>
			<xmin>468</xmin>
			<ymin>132</ymin>
			<xmax>514</xmax>
			<ymax>163</ymax>
		</bndbox>
	</object>
	<object>
		<name>dish</name>
		<bndbox>
			<xmin>248</xmin>
			<ymin>150</ymin>
			<xmax>662</xmax>
			<ymax>419</ymax>
		</bndbox>
	</object>
	<object>
		<name>삼선볶음밥</name>
		<bndbox>
			<xmin>337</xmin>
			<ymin>218</ymin>
			<xmax>576</xmax>
			<ymax>385</ymax>
		</bndbox>
	</object>
</annotation>