<annotation>
	<folder>side볶음밥류접시삼선볶음밥q1</folder>
	<filename>side_볶음밥류_접시_삼선볶음밥_Q1_00053.JPG</filename>
	<path>/side볶음밥류접시삼선볶음밥q1/side_볶음밥류_접시_삼선볶음밥_Q1_00053.JPG</path>
	<source>
		<database>fooddata</database>
	</source>
	<size>
		<width>720</width>
		<height>480</height>
		<depth>3</depth>
	</size>
	<object>
		<name>ref_spoon</name>
		<bndbox>
			<xmin>101</xmin>
			<ymin>359</ymin>
			<xmax>225</xmax>
			<ymax>424</ymax>
		</bndbox>
	</object>
	<object>
		<name>ref_fork</name>
		<bndbox>
			<xmin>119</xmin>
			<ymin>304</ymin>
			<xmax>250</xmax>
			<ymax>358</ymax>
		</bndbox>
	</object>
	<object>
		<name>ref_coin</name>
		<bndbox>
			<xmin>608</xmin>
			<ymin>154</ymin>
			<xmax>659</xmax>
			<ymax>191</ymax>
		</bndbox>
	</object>
	<object>
		<name>dish</name>
		<bndbox>
			<xmin>96</xmin>
			<ymin>65</ymin>
			<xmax>574</xmax>
			<ymax>267</ymax>
		</bndbox>
	</object>
	<object>
		<name>삼선볶음밥</name>
		<bndbox>
			<xmin>211</xmin>
			<ymin>132</ymin>
			<xmax>507</xmax>
			<ymax>247</ymax>
		</bndbox>
	</object>
</annotation>