<annotation>
	<folder>side볶음밥류접시삼선볶음밥q1</folder>
	<filename>side_볶음밥류_접시_삼선볶음밥_Q1_00020.JPG</filename>
	<path>/side볶음밥류접시삼선볶음밥q1/side_볶음밥류_접시_삼선볶음밥_Q1_00020.JPG</path>
	<source>
		<database>fooddata</database>
	</source>
	<size>
		<width>720</width>
		<height>480</height>
		<depth>3</depth>
	</size>
	<object>
		<name>ref_spoon</name>
		<bndbox>
			<xmin>41</xmin>
			<ymin>158</ymin>
			<xmax>107</xmax>
			<ymax>258</ymax>
		</bndbox>
	</object>
	<object>
		<name>ref_fork</name>
		<bndbox>
			<xmin>139</xmin>
			<ymin>158</ymin>
			<xmax>185</xmax>
			<ymax>261</ymax>
		</bndbox>
	</object>
	<object>
		<name>ref_coin</name>
		<bndbox>
			<xmin>351</xmin>
			<ymin>77</ymin>
			<xmax>395</xmax>
			<ymax>109</ymax>
		</bndbox>
	</object>
	<object>
		<name>dish</name>
		<bndbox>
			<xmin>202</xmin>
			<ymin>149</ymin>
			<xmax>660</xmax>
			<ymax>352</ymax>
		</bndbox>
	</object>
	<object>
		<name>삼선볶음밥</name>
		<bndbox>
			<xmin>309</xmin>
			<ymin>201</ymin>
			<xmax>572</xmax>
			<ymax>330</ymax>
		</bndbox>
	</object>
</annotation>