<annotation>
	<folder>side볶음밥류접시삼선볶음밥q1</folder>
	<filename>side_볶음밥류_접시_삼선볶음밥_Q1_00005.JPG</filename>
	<path>/side볶음밥류접시삼선볶음밥q1/side_볶음밥류_접시_삼선볶음밥_Q1_00005.JPG</path>
	<source>
		<database>fooddata</database>
	</source>
	<size>
		<width>720</width>
		<height>480</height>
		<depth>3</depth>
	</size>
	<object>
		<name>ref_spoon</name>
		<bndbox>
			<xmin>502</xmin>
			<ymin>127</ymin>
			<xmax>568</xmax>
			<ymax>217</ymax>
		</bndbox>
	</object>
	<object>
		<name>ref_fork</name>
		<bndbox>
			<xmin>588</xmin>
			<ymin>128</ymin>
			<xmax>635</xmax>
			<ymax>227</ymax>
		</bndbox>
	</object>
	<object>
		<name>ref_coin</name>
		<bndbox>
			<xmin>104</xmin>
			<ymin>232</ymin>
			<xmax>156</xmax>
			<ymax>270</ymax>
		</bndbox>
	</object>
	<object>
		<name>dish</name>
		<bndbox>
			<xmin>169</xmin>
			<ymin>85</ymin>
			<xmax>483</xmax>
			<ymax>414</ymax>
		</bndbox>
	</object>
	<object>
		<name>삼선볶음밥</name>
		<bndbox>
			<xmin>238</xmin>
			<ymin>223</ymin>
			<xmax>397</xmax>
			<ymax>338</ymax>
		</bndbox>
	</object>
</annotation>