<annotation>
	<folder>side볶음밥류접시삼선볶음밥q1</folder>
	<filename>side_볶음밥류_접시_삼선볶음밥_Q1_00050.JPG</filename>
	<path>/side볶음밥류접시삼선볶음밥q1/side_볶음밥류_접시_삼선볶음밥_Q1_00050.JPG</path>
	<source>
		<database>fooddata</database>
	</source>
	<size>
		<width>720</width>
		<height>480</height>
		<depth>3</depth>
	</size>
	<object>
		<name>ref_spoon</name>
		<bndbox>
			<xmin>91</xmin>
			<ymin>328</ymin>
			<xmax>212</xmax>
			<ymax>392</ymax>
		</bndbox>
	</object>
	<object>
		<name>ref_fork</name>
		<bndbox>
			<xmin>108</xmin>
			<ymin>274</ymin>
			<xmax>236</xmax>
			<ymax>327</ymax>
		</bndbox>
	</object>
	<object>
		<name>ref_coin</name>
		<bndbox>
			<xmin>518</xmin>
			<ymin>280</ymin>
			<xmax>571</xmax>
			<ymax>321</ymax>
		</bndbox>
	</object>
	<object>
		<name>dish</name>
		<bndbox>
			<xmin>86</xmin>
			<ymin>38</ymin>
			<xmax>563</xmax>
			<ymax>239</ymax>
		</bndbox>
	</object>
	<object>
		<name>삼선볶음밥</name>
		<bndbox>
			<xmin>154</xmin>
			<ymin>75</ymin>
			<xmax>455</xmax>
			<ymax>221</ymax>
		</bndbox>
	</object>
</annotation>