<annotation>
	<folder>side볶음밥류접시삼선볶음밥q1</folder>
	<filename>side_볶음밥류_접시_삼선볶음밥_Q1_00047.JPG</filename>
	<path>/side볶음밥류접시삼선볶음밥q1/side_볶음밥류_접시_삼선볶음밥_Q1_00047.JPG</path>
	<source>
		<database>fooddata</database>
	</source>
	<size>
		<width>720</width>
		<height>480</height>
		<depth>3</depth>
	</size>
	<object>
		<name>ref_spoon</name>
		<bndbox>
			<xmin>124</xmin>
			<ymin>330</ymin>
			<xmax>244</xmax>
			<ymax>395</ymax>
		</bndbox>
	</object>
	<object>
		<name>ref_fork</name>
		<bndbox>
			<xmin>143</xmin>
			<ymin>274</ymin>
			<xmax>271</xmax>
			<ymax>329</ymax>
		</bndbox>
	</object>
	<object>
		<name>ref_coin</name>
		<bndbox>
			<xmin>257</xmin>
			<ymin>408</ymin>
			<xmax>314</xmax>
			<ymax>456</ymax>
		</bndbox>
	</object>
	<object>
		<name>dish</name>
		<bndbox>
			<xmin>115</xmin>
			<ymin>43</ymin>
			<xmax>591</xmax>
			<ymax>245</ymax>
		</bndbox>
	</object>
	<object>
		<name>삼선볶음밥</name>
		<bndbox>
			<xmin>189</xmin>
			<ymin>93</ymin>
			<xmax>499</xmax>
			<ymax>219</ymax>
		</bndbox>
	</object>
</annotation>