<annotation>
	<folder>top볶음밥류접시삼선볶음밥q1</folder>
	<filename>top_볶음밥류_접시_삼선볶음밥_Q1_00050.JPG</filename>
	<path>/top볶음밥류접시삼선볶음밥q1/top_볶음밥류_접시_삼선볶음밥_Q1_00050.JPG</path>
	<source>
		<database>fooddata</database>
	</source>
	<size>
		<width>720</width>
		<height>480</height>
		<depth>3</depth>
	</size>
	<object>
		<name>ref_spoon</name>
		<bndbox>
			<xmin>175</xmin>
			<ymin>309</ymin>
			<xmax>276</xmax>
			<ymax>368</ymax>
		</bndbox>
	</object>
	<object>
		<name>ref_fork</name>
		<bndbox>
			<xmin>190</xmin>
			<ymin>386</ymin>
			<xmax>299</xmax>
			<ymax>430</ymax>
		</bndbox>
	</object>
	<object>
		<name>ref_coin</name>
		<bndbox>
			<xmin>544</xmin>
			<ymin>51</ymin>
			<xmax>583</xmax>
			<ymax>88</ymax>
		</bndbox>
	</object>
	<object>
		<name>dish</name>
		<bndbox>
			<xmin>135</xmin>
			<ymin>38</ymin>
			<xmax>543</xmax>
			<ymax>275</ymax>
		</bndbox>
	</object>
	<object>
		<name>삼선볶음밥</name>
		<bndbox>
			<xmin>216</xmin>
			<ymin>74</ymin>
			<xmax>441</xmax>
			<ymax>251</ymax>
		</bndbox>
	</object>
</annotation>