<annotation>
	<folder>top볶음밥류접시삼선볶음밥q1</folder>
	<filename>top_볶음밥류_접시_삼선볶음밥_Q1_00052.JPG</filename>
	<path>/top볶음밥류접시삼선볶음밥q1/top_볶음밥류_접시_삼선볶음밥_Q1_00052.JPG</path>
	<source>
		<database>fooddata</database>
	</source>
	<size>
		<width>720</width>
		<height>480</height>
		<depth>3</depth>
	</size>
	<object>
		<name>ref_spoon</name>
		<bndbox>
			<xmin>184</xmin>
			<ymin>330</ymin>
			<xmax>281</xmax>
			<ymax>389</ymax>
		</bndbox>
	</object>
	<object>
		<name>ref_fork</name>
		<bndbox>
			<xmin>197</xmin>
			<ymin>407</ymin>
			<xmax>301</xmax>
			<ymax>448</ymax>
		</bndbox>
	</object>
	<object>
		<name>ref_coin</name>
		<bndbox>
			<xmin>443</xmin>
			<ymin>24</ymin>
			<xmax>481</xmax>
			<ymax>60</ymax>
		</bndbox>
	</object>
	<object>
		<name>dish</name>
		<bndbox>
			<xmin>155</xmin>
			<ymin>76</ymin>
			<xmax>546</xmax>
			<ymax>305</ymax>
		</bndbox>
	</object>
	<object>
		<name>삼선볶음밥</name>
		<bndbox>
			<xmin>213</xmin>
			<ymin>118</ymin>
			<xmax>489</xmax>
			<ymax>279</ymax>
		</bndbox>
	</object>
</annotation>