<annotation>
	<folder>top볶음밥류접시삼선볶음밥q1</folder>
	<filename>top_볶음밥류_접시_삼선볶음밥_Q1_00047.JPG</filename>
	<path>/top볶음밥류접시삼선볶음밥q1/top_볶음밥류_접시_삼선볶음밥_Q1_00047.JPG</path>
	<source>
		<database>fooddata</database>
	</source>
	<size>
		<width>720</width>
		<height>480</height>
		<depth>3</depth>
	</size>
	<object>
		<name>ref_spoon</name>
		<bndbox>
			<xmin>232</xmin>
			<ymin>314</ymin>
			<xmax>328</xmax>
			<ymax>374</ymax>
		</bndbox>
	</object>
	<object>
		<name>ref_fork</name>
		<bndbox>
			<xmin>245</xmin>
			<ymin>394</ymin>
			<xmax>348</xmax>
			<ymax>436</ymax>
		</bndbox>
	</object>
	<object>
		<name>ref_coin</name>
		<bndbox>
			<xmin>589</xmin>
			<ymin>238</ymin>
			<xmax>632</xmax>
			<ymax>280</ymax>
		</bndbox>
	</object>
	<object>
		<name>dish</name>
		<bndbox>
			<xmin>198</xmin>
			<ymin>44</ymin>
			<xmax>612</xmax>
			<ymax>284</ymax>
		</bndbox>
	</object>
	<object>
		<name>삼선볶음밥</name>
		<bndbox>
			<xmin>286</xmin>
			<ymin>83</ymin>
			<xmax>510</xmax>
			<ymax>260</ymax>
		</bndbox>
	</object>
</annotation>