<annotation>
	<folder>top볶음밥류접시삼선볶음밥q1</folder>
	<filename>top_볶음밥류_접시_삼선볶음밥_Q1_00027.JPG</filename>
	<path>/top볶음밥류접시삼선볶음밥q1/top_볶음밥류_접시_삼선볶음밥_Q1_00027.JPG</path>
	<source>
		<database>fooddata</database>
	</source>
	<size>
		<width>720</width>
		<height>480</height>
		<depth>3</depth>
	</size>
	<object>
		<name>ref_spoon</name>
		<bndbox>
			<xmin>230</xmin>
			<ymin>321</ymin>
			<xmax>317</xmax>
			<ymax>377</ymax>
		</bndbox>
	</object>
	<object>
		<name>ref_fork</name>
		<bndbox>
			<xmin>240</xmin>
			<ymin>396</ymin>
			<xmax>339</xmax>
			<ymax>433</ymax>
		</bndbox>
	</object>
	<object>
		<name>ref_coin</name>
		<bndbox>
			<xmin>448</xmin>
			<ymin>263</ymin>
			<xmax>486</xmax>
			<ymax>301</ymax>
		</bndbox>
	</object>
	<object>
		<name>dish</name>
		<bndbox>
			<xmin>209</xmin>
			<ymin>44</ymin>
			<xmax>586</xmax>
			<ymax>262</ymax>
		</bndbox>
	</object>
	<object>
		<name>삼선볶음밥</name>
		<bndbox>
			<xmin>257</xmin>
			<ymin>82</ymin>
			<xmax>507</xmax>
			<ymax>226</ymax>
		</bndbox>
	</object>
</annotation>