<annotation>
	<folder>side죽류대접호박죽q1</folder>
	<filename>side_죽류_대접_호박죽_Q1_00051.JPG</filename>
	<path>/side죽류대접호박죽q1/side_죽류_대접_호박죽_Q1_00051.JPG</path>
	<source>
		<database>fooddata</database>
	</source>
	<size>
		<width>5472</width>
		<height>3648</height>
		<depth>3</depth>
	</size>
	<object>
		<name>ref_spoon</name>
		<bndbox>
			<xmin>496</xmin>
			<ymin>946</ymin>
			<xmax>986</xmax>
			<ymax>1726</ymax>
		</bndbox>
	</object>
	<object>
		<name>ref_fork</name>
		<bndbox>
			<xmin>1254</xmin>
			<ymin>958</ymin>
			<xmax>1588</xmax>
			<ymax>1916</ymax>
		</bndbox>
	</object>
	<object>
		<name>ref_coin</name>
		<bndbox>
			<xmin>4112</xmin>
			<ymin>2278</ymin>
			<xmax>4497</xmax>
			<ymax>2607</ymax>
		</bndbox>
	</object>
	<object>
		<name>dish</name>
		<bndbox>
			<xmin>1828</xmin>
			<ymin>411</ymin>
			<xmax>4190</xmax>
			<ymax>2100</ymax>
		</bndbox>
	</object>
	<object>
		<name>호박죽</name>
		<bndbox>
			<xmin>2396</xmin>
			<ymin>1086</ymin>
			<xmax>3656</xmax>
			<ymax>2000</ymax>
		</bndbox>
	</object>
</annotation>