<annotation>
	<folder>side죽류대접호박죽q1</folder>
	<filename>side_죽류_대접_호박죽_Q1_00010.JPG</filename>
	<path>/side죽류대접호박죽q1/side_죽류_대접_호박죽_Q1_00010.JPG</path>
	<source>
		<database>fooddata</database>
	</source>
	<size>
		<width>5472</width>
		<height>3648</height>
		<depth>3</depth>
	</size>
	<object>
		<name>ref_spoon</name>
		<bndbox>
			<xmin>3511</xmin>
			<ymin>1114</ymin>
			<xmax>4001</xmax>
			<ymax>1922</ymax>
		</bndbox>
	</object>
	<object>
		<name>ref_fork</name>
		<bndbox>
			<xmin>4112</xmin>
			<ymin>1130</ymin>
			<xmax>4458</xmax>
			<ymax>1966</ymax>
		</bndbox>
	</object>
	<object>
		<name>ref_coin</name>
		<bndbox>
			<xmin>2118</xmin>
			<ymin>506</ymin>
			<xmax>2446</xmax>
			<ymax>751</ymax>
		</bndbox>
	</object>
	<object>
		<name>dish</name>
		<bndbox>
			<xmin>1003</xmin>
			<ymin>846</ymin>
			<xmax>3338</xmax>
			<ymax>2468</ymax>
		</bndbox>
	</object>
	<object>
		<name>호박죽</name>
		<bndbox>
			<xmin>1622</xmin>
			<ymin>1576</ymin>
			<xmax>2814</xmax>
			<ymax>2373</ymax>
		</bndbox>
	</object>
</annotation>