<annotation>
	<folder>rework190files</folder>
	<filename>side_죽류_대접_호박죽_Q1_00023.JPG</filename>
	<path>/side죽류대접호박죽q1/side_죽류_대접_호박죽_Q1_00023.JPG</path>
	<source>
		<database>fooddata</database>
	</source>
	<size>
		<width>5472</width>
		<height>3648</height>
		<depth>3</depth>
	</size>
	<object>
		<name>ref_spoon</name>
		<bndbox>
			<xmin>1673</xmin>
			<ymin>2947</ymin>
			<xmax>2699</xmax>
			<ymax>3446</ymax>
		</bndbox>
	</object>
	<object>
		<name>ref_fork</name>
		<bndbox>
			<xmin>1765</xmin>
			<ymin>2503</ymin>
			<xmax>2754</xmax>
			<ymax>2919</ymax>
		</bndbox>
	</object>
	<object>
		<name>ref_coin</name>
		<bndbox>
			<xmin>2699</xmin>
			<ymin>220</ymin>
			<xmax>3050</xmax>
			<ymax>461</ymax>
		</bndbox>
	</object>
	<object>
		<name>dish</name>
		<bndbox>
			<xmin>1950</xmin>
			<ymin>553</ymin>
			<xmax>4261</xmax>
			<ymax>2171</ymax>
		</bndbox>
	</object>
	<object>
		<name>호박죽</name>
		<bndbox>
			<xmin>2523</xmin>
			<ymin>1265</ymin>
			<xmax>3420</xmax>
			<ymax>1967</ymax>
		</bndbox>
	</object>
</annotation>