<annotation>
	<folder>side죽류대접호박죽q1</folder>
	<filename>side_죽류_대접_호박죽_Q1_00013.JPG</filename>
	<path>/side죽류대접호박죽q1/side_죽류_대접_호박죽_Q1_00013.JPG</path>
	<source>
		<database>fooddata</database>
	</source>
	<size>
		<width>5472</width>
		<height>3648</height>
		<depth>3</depth>
	</size>
	<object>
		<name>ref_spoon</name>
		<bndbox>
			<xmin>3405</xmin>
			<ymin>1086</ymin>
			<xmax>3878</xmax>
			<ymax>1782</ymax>
		</bndbox>
	</object>
	<object>
		<name>ref_fork</name>
		<bndbox>
			<xmin>4012</xmin>
			<ymin>1097</ymin>
			<xmax>4335</xmax>
			<ymax>2011</ymax>
		</bndbox>
	</object>
	<object>
		<name>ref_coin</name>
		<bndbox>
			<xmin>764</xmin>
			<ymin>2763</ymin>
			<xmax>1181</xmax>
			<ymax>3064</ymax>
		</bndbox>
	</object>
	<object>
		<name>dish</name>
		<bndbox>
			<xmin>903</xmin>
			<ymin>813</ymin>
			<xmax>3282</xmax>
			<ymax>2440</ymax>
		</bndbox>
	</object>
	<object>
		<name>호박죽</name>
		<bndbox>
			<xmin>1527</xmin>
			<ymin>1543</ymin>
			<xmax>2714</xmax>
			<ymax>2351</ymax>
		</bndbox>
	</object>
</annotation>