<annotation>
	<folder>side죽류대접호박죽q1</folder>
	<filename>side_죽류_대접_호박죽_Q1_00041.JPG</filename>
	<path>/side죽류대접호박죽q1/side_죽류_대접_호박죽_Q1_00041.JPG</path>
	<source>
		<database>fooddata</database>
	</source>
	<size>
		<width>5472</width>
		<height>3648</height>
		<depth>3</depth>
	</size>
	<object>
		<name>ref_spoon</name>
		<bndbox>
			<xmin>424</xmin>
			<ymin>1236</ymin>
			<xmax>908</xmax>
			<ymax>2111</ymax>
		</bndbox>
	</object>
	<object>
		<name>ref_fork</name>
		<bndbox>
			<xmin>1176</xmin>
			<ymin>1270</ymin>
			<xmax>1521</xmax>
			<ymax>2245</ymax>
		</bndbox>
	</object>
	<object>
		<name>ref_coin</name>
		<bndbox>
			<xmin>4508</xmin>
			<ymin>1922</ymin>
			<xmax>4909</xmax>
			<ymax>2222</ymax>
		</bndbox>
	</object>
	<object>
		<name>dish</name>
		<bndbox>
			<xmin>1728</xmin>
			<ymin>813</ymin>
			<xmax>4079</xmax>
			<ymax>2456</ymax>
		</bndbox>
	</object>
	<object>
		<name>호박죽</name>
		<bndbox>
			<xmin>2246</xmin>
			<ymin>1537</ymin>
			<xmax>3544</xmax>
			<ymax>2378</ymax>
		</bndbox>
	</object>
</annotation>