<annotation>
	<folder>side죽류대접호박죽q1</folder>
	<filename>side_죽류_대접_호박죽_Q1_00002.JPG</filename>
	<path>/side죽류대접호박죽q1/side_죽류_대접_호박죽_Q1_00002.JPG</path>
	<source>
		<database>fooddata</database>
	</source>
	<size>
		<width>5472</width>
		<height>3648</height>
		<depth>3</depth>
	</size>
	<object>
		<name>ref_spoon</name>
		<bndbox>
			<xmin>3823</xmin>
			<ymin>907</ymin>
			<xmax>4313</xmax>
			<ymax>1738</ymax>
		</bndbox>
	</object>
	<object>
		<name>ref_fork</name>
		<bndbox>
			<xmin>4436</xmin>
			<ymin>907</ymin>
			<xmax>4770</xmax>
			<ymax>1738</ymax>
		</bndbox>
	</object>
	<object>
		<name>ref_coin</name>
		<bndbox>
			<xmin>1611</xmin>
			<ymin>2975</ymin>
			<xmax>2001</xmax>
			<ymax>3287</ymax>
		</bndbox>
	</object>
	<object>
		<name>dish</name>
		<bndbox>
			<xmin>1170</xmin>
			<ymin>595</ymin>
			<xmax>3466</xmax>
			<ymax>2189</ymax>
		</bndbox>
	</object>
	<object>
		<name>호박죽</name>
		<bndbox>
			<xmin>1794</xmin>
			<ymin>1297</ymin>
			<xmax>2948</xmax>
			<ymax>2083</ymax>
		</bndbox>
	</object>
</annotation>