<annotation>
	<folder>side죽류대접호박죽q1</folder>
	<filename>side_죽류_대접_호박죽_Q1_00029.JPG</filename>
	<path>/side죽류대접호박죽q1/side_죽류_대접_호박죽_Q1_00029.JPG</path>
	<source>
		<database>fooddata</database>
	</source>
	<size>
		<width>5472</width>
		<height>3648</height>
		<depth>3</depth>
	</size>
	<object>
		<name>ref_spoon</name>
		<bndbox>
			<xmin>1516</xmin>
			<ymin>2824</ymin>
			<xmax>2591</xmax>
			<ymax>3315</ymax>
		</bndbox>
	</object>
	<object>
		<name>ref_fork</name>
		<bndbox>
			<xmin>1627</xmin>
			<ymin>2395</ymin>
			<xmax>2809</xmax>
			<ymax>2780</ymax>
		</bndbox>
	</object>
	<object>
		<name>ref_coin</name>
		<bndbox>
			<xmin>1454</xmin>
			<ymin>1063</ymin>
			<xmax>1811</xmax>
			<ymax>1314</ymax>
		</bndbox>
	</object>
	<object>
		<name>dish</name>
		<bndbox>
			<xmin>1895</xmin>
			<ymin>345</ymin>
			<xmax>4196</xmax>
			<ymax>1933</ymax>
		</bndbox>
	</object>
	<object>
		<name>호박죽</name>
		<bndbox>
			<xmin>2446</xmin>
			<ymin>1008</ymin>
			<xmax>3639</xmax>
			<ymax>1866</ymax>
		</bndbox>
	</object>
</annotation>