<annotation>
	<folder>side죽류대접호박죽q1</folder>
	<filename>side_죽류_대접_호박죽_Q1_00020.JPG</filename>
	<path>/side죽류대접호박죽q1/side_죽류_대접_호박죽_Q1_00020.JPG</path>
	<source>
		<database>fooddata</database>
	</source>
	<size>
		<width>5472</width>
		<height>3648</height>
		<depth>3</depth>
	</size>
	<object>
		<name>ref_spoon</name>
		<bndbox>
			<xmin>1544</xmin>
			<ymin>2824</ymin>
			<xmax>2575</xmax>
			<ymax>3309</ymax>
		</bndbox>
	</object>
	<object>
		<name>ref_fork</name>
		<bndbox>
			<xmin>1655</xmin>
			<ymin>2395</ymin>
			<xmax>2742</xmax>
			<ymax>2774</ymax>
		</bndbox>
	</object>
	<object>
		<name>ref_coin</name>
		<bndbox>
			<xmin>4107</xmin>
			<ymin>595</ymin>
			<xmax>4436</xmax>
			<ymax>846</ymax>
		</bndbox>
	</object>
	<object>
		<name>dish</name>
		<bndbox>
			<xmin>1661</xmin>
			<ymin>489</ymin>
			<xmax>3934</xmax>
			<ymax>2094</ymax>
		</bndbox>
	</object>
	<object>
		<name>호박죽</name>
		<bndbox>
			<xmin>2218</xmin>
			<ymin>1225</ymin>
			<xmax>3427</xmax>
			<ymax>2005</ymax>
		</bndbox>
	</object>
</annotation>