<annotation>
	<folder>side죽류대접호박죽q1</folder>
	<filename>side_죽류_대접_호박죽_Q1_00004.JPG</filename>
	<path>/side죽류대접호박죽q1/side_죽류_대접_호박죽_Q1_00004.JPG</path>
	<source>
		<database>fooddata</database>
	</source>
	<size>
		<width>5472</width>
		<height>3648</height>
		<depth>3</depth>
	</size>
	<object>
		<name>ref_spoon</name>
		<bndbox>
			<xmin>3884</xmin>
			<ymin>963</ymin>
			<xmax>4363</xmax>
			<ymax>1699</ymax>
		</bndbox>
	</object>
	<object>
		<name>ref_fork</name>
		<bndbox>
			<xmin>4497</xmin>
			<ymin>963</ymin>
			<xmax>4831</xmax>
			<ymax>1827</ymax>
		</bndbox>
	</object>
	<object>
		<name>ref_coin</name>
		<bndbox>
			<xmin>563</xmin>
			<ymin>2401</ymin>
			<xmax>936</xmax>
			<ymax>2724</ymax>
		</bndbox>
	</object>
	<object>
		<name>dish</name>
		<bndbox>
			<xmin>1287</xmin>
			<ymin>645</ymin>
			<xmax>3605</xmax>
			<ymax>2267</ymax>
		</bndbox>
	</object>
	<object>
		<name>호박죽</name>
		<bndbox>
			<xmin>1867</xmin>
			<ymin>1398</ymin>
			<xmax>3065</xmax>
			<ymax>2172</ymax>
		</bndbox>
	</object>
</annotation>