<annotation>
	<folder>side죽류대접호박죽q1</folder>
	<filename>side_죽류_대접_호박죽_Q1_00025.JPG</filename>
	<path>/side죽류대접호박죽q1/side_죽류_대접_호박죽_Q1_00025.JPG</path>
	<source>
		<database>fooddata</database>
	</source>
	<size>
		<width>5472</width>
		<height>3648</height>
		<depth>3</depth>
	</size>
	<object>
		<name>ref_spoon</name>
		<bndbox>
			<xmin>1611</xmin>
			<ymin>2930</ymin>
			<xmax>2653</xmax>
			<ymax>3409</ymax>
		</bndbox>
	</object>
	<object>
		<name>ref_fork</name>
		<bndbox>
			<xmin>1711</xmin>
			<ymin>2468</ymin>
			<xmax>2853</xmax>
			<ymax>2874</ymax>
		</bndbox>
	</object>
	<object>
		<name>ref_coin</name>
		<bndbox>
			<xmin>1750</xmin>
			<ymin>356</ymin>
			<xmax>2095</xmax>
			<ymax>595</ymax>
		</bndbox>
	</object>
	<object>
		<name>dish</name>
		<bndbox>
			<xmin>1934</xmin>
			<ymin>517</ymin>
			<xmax>4246</xmax>
			<ymax>2083</ymax>
		</bndbox>
	</object>
	<object>
		<name>호박죽</name>
		<bndbox>
			<xmin>2502</xmin>
			<ymin>1164</ymin>
			<xmax>3678</xmax>
			<ymax>2011</ymax>
		</bndbox>
	</object>
</annotation>