<annotation>
	<folder>side죽류대접호박죽q1</folder>
	<filename>side_죽류_대접_호박죽_Q1_00032.JPG</filename>
	<path>/side죽류대접호박죽q1/side_죽류_대접_호박죽_Q1_00032.JPG</path>
	<source>
		<database>fooddata</database>
	</source>
	<size>
		<width>5472</width>
		<height>3648</height>
		<depth>3</depth>
	</size>
	<object>
		<name>ref_spoon</name>
		<bndbox>
			<xmin>1048</xmin>
			<ymin>963</ymin>
			<xmax>1521</xmax>
			<ymax>1832</ymax>
		</bndbox>
	</object>
	<object>
		<name>ref_fork</name>
		<bndbox>
			<xmin>1783</xmin>
			<ymin>1002</ymin>
			<xmax>2106</xmax>
			<ymax>1933</ymax>
		</bndbox>
	</object>
	<object>
		<name>ref_coin</name>
		<bndbox>
			<xmin>2502</xmin>
			<ymin>2607</ymin>
			<xmax>2875</xmax>
			<ymax>2952</ymax>
		</bndbox>
	</object>
	<object>
		<name>dish</name>
		<bndbox>
			<xmin>2324</xmin>
			<ymin>573</ymin>
			<xmax>4659</xmax>
			<ymax>2217</ymax>
		</bndbox>
	</object>
	<object>
		<name>호박죽</name>
		<bndbox>
			<xmin>2875</xmin>
			<ymin>1314</ymin>
			<xmax>4112</xmax>
			<ymax>2128</ymax>
		</bndbox>
	</object>
</annotation>