<annotation>
	<folder>top죽류대접호박죽q1</folder>
	<filename>top_죽류_대접_호박죽_Q1_00007.JPG</filename>
	<path>/top죽류대접호박죽q1/top_죽류_대접_호박죽_Q1_00007.JPG</path>
	<source>
		<database>fooddata</database>
	</source>
	<size>
		<width>5472</width>
		<height>3648</height>
		<depth>3</depth>
	</size>
	<object>
		<name>ref_spoon</name>
		<bndbox>
			<xmin>3355</xmin>
			<ymin>504</ymin>
			<xmax>3839</xmax>
			<ymax>1292</ymax>
		</bndbox>
	</object>
	<object>
		<name>ref_fork</name>
		<bndbox>
			<xmin>3923</xmin>
			<ymin>846</ymin>
			<xmax>4259</xmax>
			<ymax>1724</ymax>
		</bndbox>
	</object>
	<object>
		<name>ref_coin</name>
		<bndbox>
			<xmin>4007</xmin>
			<ymin>220</ymin>
			<xmax>4356</xmax>
			<ymax>550</ymax>
		</bndbox>
	</object>
	<object>
		<name>dish</name>
		<bndbox>
			<xmin>865</xmin>
			<ymin>795</ymin>
			<xmax>3278</xmax>
			<ymax>3215</ymax>
		</bndbox>
	</object>
	<object>
		<name>호박죽</name>
		<bndbox>
			<xmin>1581</xmin>
			<ymin>1479</ymin>
			<xmax>2633</xmax>
			<ymax>2563</ymax>
		</bndbox>
	</object>
</annotation>