<annotation>
	<folder>top죽류대접호박죽q1</folder>
	<filename>top_죽류_대접_호박죽_Q1_00029.JPG</filename>
	<path>/top죽류대접호박죽q1/top_죽류_대접_호박죽_Q1_00029.JPG</path>
	<source>
		<database>fooddata</database>
	</source>
	<size>
		<width>5472</width>
		<height>3648</height>
		<depth>3</depth>
	</size>
	<object>
		<name>ref_spoon</name>
		<bndbox>
			<xmin>1949</xmin>
			<ymin>2750</ymin>
			<xmax>2659</xmax>
			<ymax>3189</ymax>
		</bndbox>
	</object>
	<object>
		<name>ref_fork</name>
		<bndbox>
			<xmin>1936</xmin>
			<ymin>2337</ymin>
			<xmax>2710</xmax>
			<ymax>2660</ymax>
		</bndbox>
	</object>
	<object>
		<name>ref_coin</name>
		<bndbox>
			<xmin>1716</xmin>
			<ymin>485</ymin>
			<xmax>2007</xmax>
			<ymax>788</ymax>
		</bndbox>
	</object>
	<object>
		<name>dish</name>
		<bndbox>
			<xmin>2252</xmin>
			<ymin>272</ymin>
			<xmax>4252</xmax>
			<ymax>2247</ymax>
		</bndbox>
	</object>
	<object>
		<name>호박죽</name>
		<bndbox>
			<xmin>2768</xmin>
			<ymin>866</ymin>
			<xmax>3639</xmax>
			<ymax>1756</ymax>
		</bndbox>
	</object>
</annotation>