<annotation>
	<folder>top죽류대접호박죽q1</folder>
	<filename>top_죽류_대접_호박죽_Q1_00054.JPG</filename>
	<path>/top죽류대접호박죽q1/top_죽류_대접_호박죽_Q1_00054.JPG</path>
	<source>
		<database>fooddata</database>
	</source>
	<size>
		<width>5472</width>
		<height>3648</height>
		<depth>3</depth>
	</size>
	<object>
		<name>ref_spoon</name>
		<bndbox>
			<xmin>916</xmin>
			<ymin>595</ymin>
			<xmax>1465</xmax>
			<ymax>1543</ymax>
		</bndbox>
	</object>
	<object>
		<name>ref_fork</name>
		<bndbox>
			<xmin>1542</xmin>
			<ymin>814</ymin>
			<xmax>1910</xmax>
			<ymax>1789</ymax>
		</bndbox>
	</object>
	<object>
		<name>ref_coin</name>
		<bndbox>
			<xmin>4143</xmin>
			<ymin>253</ymin>
			<xmax>4543</xmax>
			<ymax>659</ymax>
		</bndbox>
	</object>
	<object>
		<name>dish</name>
		<bndbox>
			<xmin>2000</xmin>
			<ymin>782</ymin>
			<xmax>4678</xmax>
			<ymax>3453</ymax>
		</bndbox>
	</object>
	<object>
		<name>호박죽</name>
		<bndbox>
			<xmin>2530</xmin>
			<ymin>1440</ymin>
			<xmax>3975</xmax>
			<ymax>2763</ymax>
		</bndbox>
	</object>
</annotation>