<annotation>
	<folder>top죽류대접호박죽q1</folder>
	<filename>top_죽류_대접_호박죽_Q1_00037.JPG</filename>
	<path>/top죽류대접호박죽q1/top_죽류_대접_호박죽_Q1_00037.JPG</path>
	<source>
		<database>fooddata</database>
	</source>
	<size>
		<width>5472</width>
		<height>3648</height>
		<depth>3</depth>
	</size>
	<object>
		<name>ref_spoon</name>
		<bndbox>
			<xmin>1562</xmin>
			<ymin>2944</ymin>
			<xmax>2323</xmax>
			<ymax>3415</ymax>
		</bndbox>
	</object>
	<object>
		<name>ref_fork</name>
		<bndbox>
			<xmin>1587</xmin>
			<ymin>2531</ymin>
			<xmax>2342</xmax>
			<ymax>2834</ymax>
		</bndbox>
	</object>
	<object>
		<name>ref_coin</name>
		<bndbox>
			<xmin>3775</xmin>
			<ymin>1943</ymin>
			<xmax>4085</xmax>
			<ymax>2272</ymax>
		</bndbox>
	</object>
	<object>
		<name>dish</name>
		<bndbox>
			<xmin>1697</xmin>
			<ymin>266</ymin>
			<xmax>3749</xmax>
			<ymax>2285</ymax>
		</bndbox>
	</object>
	<object>
		<name>호박죽</name>
		<bndbox>
			<xmin>2271</xmin>
			<ymin>879</ymin>
			<xmax>3155</xmax>
			<ymax>1808</ymax>
		</bndbox>
	</object>
</annotation>