<annotation>
	<folder>top죽류대접호박죽q1</folder>
	<filename>top_죽류_대접_호박죽_Q1_00026.JPG</filename>
	<path>/top죽류대접호박죽q1/top_죽류_대접_호박죽_Q1_00026.JPG</path>
	<source>
		<database>fooddata</database>
	</source>
	<size>
		<width>5472</width>
		<height>3648</height>
		<depth>3</depth>
	</size>
	<object>
		<name>ref_spoon</name>
		<bndbox>
			<xmin>1723</xmin>
			<ymin>2982</ymin>
			<xmax>2484</xmax>
			<ymax>3447</ymax>
		</bndbox>
	</object>
	<object>
		<name>ref_fork</name>
		<bndbox>
			<xmin>1768</xmin>
			<ymin>2569</ymin>
			<xmax>2568</xmax>
			<ymax>2873</ymax>
		</bndbox>
	</object>
	<object>
		<name>ref_coin</name>
		<bndbox>
			<xmin>4304</xmin>
			<ymin>1001</ymin>
			<xmax>4640</xmax>
			<ymax>1356</ymax>
		</bndbox>
	</object>
	<object>
		<name>dish</name>
		<bndbox>
			<xmin>2071</xmin>
			<ymin>382</ymin>
			<xmax>4233</xmax>
			<ymax>2518</ymax>
		</bndbox>
	</object>
	<object>
		<name>호박죽</name>
		<bndbox>
			<xmin>2646</xmin>
			<ymin>1072</ymin>
			<xmax>3639</xmax>
			<ymax>2008</ymax>
		</bndbox>
	</object>
</annotation>