<annotation>
	<folder>top죽류대접호박죽q1</folder>
	<filename>top_죽류_대접_호박죽_Q1_00028.JPG</filename>
	<path>/top죽류대접호박죽q1/top_죽류_대접_호박죽_Q1_00028.JPG</path>
	<source>
		<database>fooddata</database>
	</source>
	<size>
		<width>5472</width>
		<height>3648</height>
		<depth>3</depth>
	</size>
	<object>
		<name>ref_spoon</name>
		<bndbox>
			<xmin>1962</xmin>
			<ymin>2756</ymin>
			<xmax>2723</xmax>
			<ymax>3195</ymax>
		</bndbox>
	</object>
	<object>
		<name>ref_fork</name>
		<bndbox>
			<xmin>1962</xmin>
			<ymin>2350</ymin>
			<xmax>2730</xmax>
			<ymax>2660</ymax>
		</bndbox>
	</object>
	<object>
		<name>ref_coin</name>
		<bndbox>
			<xmin>1613</xmin>
			<ymin>1201</ymin>
			<xmax>1916</xmax>
			<ymax>1492</ymax>
		</bndbox>
	</object>
	<object>
		<name>dish</name>
		<bndbox>
			<xmin>2239</xmin>
			<ymin>259</ymin>
			<xmax>4259</xmax>
			<ymax>2240</ymax>
		</bndbox>
	</object>
	<object>
		<name>호박죽</name>
		<bndbox>
			<xmin>2762</xmin>
			<ymin>866</ymin>
			<xmax>3626</xmax>
			<ymax>1756</ymax>
		</bndbox>
	</object>
</annotation>