<annotation>
	<folder>top죽류대접호박죽q1</folder>
	<filename>top_죽류_대접_호박죽_Q1_00031.JPG</filename>
	<path>/top죽류대접호박죽q1/top_죽류_대접_호박죽_Q1_00031.JPG</path>
	<source>
		<database>fooddata</database>
	</source>
	<size>
		<width>5472</width>
		<height>3648</height>
		<depth>3</depth>
	</size>
	<object>
		<name>ref_spoon</name>
		<bndbox>
			<xmin>1884</xmin>
			<ymin>2982</ymin>
			<xmax>2549</xmax>
			<ymax>3376</ymax>
		</bndbox>
	</object>
	<object>
		<name>ref_fork</name>
		<bndbox>
			<xmin>1916</xmin>
			<ymin>2634</ymin>
			<xmax>2568</xmax>
			<ymax>2892</ymax>
		</bndbox>
	</object>
	<object>
		<name>ref_coin</name>
		<bndbox>
			<xmin>3214</xmin>
			<ymin>291</ymin>
			<xmax>3472</xmax>
			<ymax>537</ymax>
		</bndbox>
	</object>
	<object>
		<name>dish</name>
		<bndbox>
			<xmin>2175</xmin>
			<ymin>827</ymin>
			<xmax>3898</xmax>
			<ymax>2537</ymax>
		</bndbox>
	</object>
	<object>
		<name>호박죽</name>
		<bndbox>
			<xmin>2633</xmin>
			<ymin>1330</ymin>
			<xmax>3420</xmax>
			<ymax>2092</ymax>
		</bndbox>
	</object>
</annotation>