<annotation>
	<folder>top죽류대접호박죽q1</folder>
	<filename>top_죽류_대접_호박죽_Q1_00019.JPG</filename>
	<path>/top죽류대접호박죽q1/top_죽류_대접_호박죽_Q1_00019.JPG</path>
	<source>
		<database>fooddata</database>
	</source>
	<size>
		<width>5472</width>
		<height>3648</height>
		<depth>3</depth>
	</size>
	<object>
		<name>ref_spoon</name>
		<bndbox>
			<xmin>4162</xmin>
			<ymin>220</ymin>
			<xmax>4685</xmax>
			<ymax>1079</ymax>
		</bndbox>
	</object>
	<object>
		<name>ref_fork</name>
		<bndbox>
			<xmin>4788</xmin>
			<ymin>562</ymin>
			<xmax>5182</xmax>
			<ymax>1543</ymax>
		</bndbox>
	</object>
	<object>
		<name>ref_coin</name>
		<bndbox>
			<xmin>1600</xmin>
			<ymin>2724</ymin>
			<xmax>1975</xmax>
			<ymax>3118</ymax>
		</bndbox>
	</object>
	<object>
		<name>dish</name>
		<bndbox>
			<xmin>1633</xmin>
			<ymin>633</ymin>
			<xmax>4156</xmax>
			<ymax>3189</ymax>
		</bndbox>
	</object>
	<object>
		<name>호박죽</name>
		<bndbox>
			<xmin>2368</xmin>
			<ymin>1356</ymin>
			<xmax>3485</xmax>
			<ymax>2479</ymax>
		</bndbox>
	</object>
</annotation>