<annotation>
	<folder>top죽류대접호박죽q1</folder>
	<filename>top_죽류_대접_호박죽_Q1_00057.JPG</filename>
	<path>/top죽류대접호박죽q1/top_죽류_대접_호박죽_Q1_00057.JPG</path>
	<source>
		<database>fooddata</database>
	</source>
	<size>
		<width>5472</width>
		<height>3648</height>
		<depth>3</depth>
	</size>
	<object>
		<name>ref_spoon</name>
		<bndbox>
			<xmin>1394</xmin>
			<ymin>350</ymin>
			<xmax>1865</xmax>
			<ymax>1195</ymax>
		</bndbox>
	</object>
	<object>
		<name>ref_fork</name>
		<bndbox>
			<xmin>1942</xmin>
			<ymin>517</ymin>
			<xmax>2271</xmax>
			<ymax>1427</ymax>
		</bndbox>
	</object>
	<object>
		<name>ref_coin</name>
		<bndbox>
			<xmin>4356</xmin>
			<ymin>2511</ymin>
			<xmax>4723</xmax>
			<ymax>2879</ymax>
		</bndbox>
	</object>
	<object>
		<name>dish</name>
		<bndbox>
			<xmin>2349</xmin>
			<ymin>388</ymin>
			<xmax>4743</xmax>
			<ymax>2737</ymax>
		</bndbox>
	</object>
	<object>
		<name>호박죽</name>
		<bndbox>
			<xmin>2801</xmin>
			<ymin>1001</ymin>
			<xmax>4169</xmax>
			<ymax>2189</ymax>
		</bndbox>
	</object>
</annotation>