<annotation>
	<folder>top죽류대접호박죽q1</folder>
	<filename>top_죽류_대접_호박죽_Q1_00060.JPG</filename>
	<path>/top죽류대접호박죽q1/top_죽류_대접_호박죽_Q1_00060.JPG</path>
	<source>
		<database>fooddata</database>
	</source>
	<size>
		<width>5472</width>
		<height>3648</height>
		<depth>3</depth>
	</size>
	<object>
		<name>ref_spoon</name>
		<bndbox>
			<xmin>697</xmin>
			<ymin>466</ymin>
			<xmax>1239</xmax>
			<ymax>1401</ymax>
		</bndbox>
	</object>
	<object>
		<name>ref_fork</name>
		<bndbox>
			<xmin>1342</xmin>
			<ymin>640</ymin>
			<xmax>1710</xmax>
			<ymax>1582</ymax>
		</bndbox>
	</object>
	<object>
		<name>ref_coin</name>
		<bndbox>
			<xmin>4678</xmin>
			<ymin>2079</ymin>
			<xmax>5072</xmax>
			<ymax>2473</ymax>
		</bndbox>
	</object>
	<object>
		<name>dish</name>
		<bndbox>
			<xmin>1846</xmin>
			<ymin>446</ymin>
			<xmax>4465</xmax>
			<ymax>3066</ymax>
		</bndbox>
	</object>
	<object>
		<name>호박죽</name>
		<bndbox>
			<xmin>2317</xmin>
			<ymin>1072</ymin>
			<xmax>3839</xmax>
			<ymax>2440</ymax>
		</bndbox>
	</object>
</annotation>