<annotation>
	<folder>side비빔면류원형배달자장면q4</folder>
	<filename>side_비빔면류_원형배달_자장면_Q4_00008.JPG</filename>
	<path>/side비빔면류원형배달자장면q4/side_비빔면류_원형배달_자장면_Q4_00008.JPG</path>
	<source>
		<database>fooddata</database>
	</source>
	<size>
		<width>3008</width>
		<height>2000</height>
		<depth>3</depth>
	</size>
	<object>
		<name>ref_spoon</name>
		<bndbox>
			<xmin>2098</xmin>
			<ymin>723</ymin>
			<xmax>2383</xmax>
			<ymax>1069</ymax>
		</bndbox>
	</object>
	<object>
		<name>ref_fork</name>
		<bndbox>
			<xmin>2569</xmin>
			<ymin>723</ymin>
			<xmax>2788</xmax>
			<ymax>1114</ymax>
		</bndbox>
	</object>
	<object>
		<name>ref_coin</name>
		<bndbox>
			<xmin>274</xmin>
			<ymin>703</ymin>
			<xmax>493</xmax>
			<ymax>845</ymax>
		</bndbox>
	</object>
	<object>
		<name>dish</name>
		<bndbox>
			<xmin>666</xmin>
			<ymin>550</ymin>
			<xmax>2034</xmax>
			<ymax>1749</ymax>
		</bndbox>
	</object>
	<object>
		<name>자장면</name>
		<bndbox>
			<xmin>762</xmin>
			<ymin>784</ymin>
			<xmax>1890</xmax>
			<ymax>1354</ymax>
		</bndbox>
	</object>
</annotation>