<annotation>
	<folder>side비빔면류원형배달자장면q4</folder>
	<filename>side_비빔면류_원형배달_자장면_Q4_00002.JPG</filename>
	<path>/side비빔면류원형배달자장면q4/side_비빔면류_원형배달_자장면_Q4_00002.JPG</path>
	<source>
		<database>fooddata</database>
	</source>
	<size>
		<width>3008</width>
		<height>2000</height>
		<depth>3</depth>
	</size>
	<object>
		<name>ref_spoon</name>
		<bndbox>
			<xmin>1662</xmin>
			<ymin>487</ymin>
			<xmax>1987</xmax>
			<ymax>881</ymax>
		</bndbox>
	</object>
	<object>
		<name>ref_fork</name>
		<bndbox>
			<xmin>2179</xmin>
			<ymin>489</ymin>
			<xmax>2419</xmax>
			<ymax>916</ymax>
		</bndbox>
	</object>
	<object>
		<name>ref_coin</name>
		<bndbox>
			<xmin>1235</xmin>
			<ymin>1678</ymin>
			<xmax>1501</xmax>
			<ymax>1861</ymax>
		</bndbox>
	</object>
	<object>
		<name>dish</name>
		<bndbox>
			<xmin>163</xmin>
			<ymin>296</ymin>
			<xmax>1687</xmax>
			<ymax>1612</ymax>
		</bndbox>
	</object>
	<object>
		<name>자장면</name>
		<bndbox>
			<xmin>285</xmin>
			<ymin>591</ymin>
			<xmax>1565</xmax>
			<ymax>1175</ymax>
		</bndbox>
	</object>
</annotation>