<annotation>
	<folder>side비빔면류원형배달자장면q4</folder>
	<filename>side_비빔면류_원형배달_자장면_Q4_00043.JPG</filename>
	<path>/side비빔면류원형배달자장면q4/side_비빔면류_원형배달_자장면_Q4_00043.JPG</path>
	<source>
		<database>fooddata</database>
	</source>
	<size>
		<width>3008</width>
		<height>2000</height>
		<depth>3</depth>
	</size>
	<object>
		<name>ref_spoon</name>
		<bndbox>
			<xmin>191</xmin>
			<ymin>845</ymin>
			<xmax>493</xmax>
			<ymax>1206</ymax>
		</bndbox>
	</object>
	<object>
		<name>ref_fork</name>
		<bndbox>
			<xmin>600</xmin>
			<ymin>839</ymin>
			<xmax>833</xmax>
			<ymax>1262</ymax>
		</bndbox>
	</object>
	<object>
		<name>ref_coin</name>
		<bndbox>
			<xmin>2700</xmin>
			<ymin>1107</ymin>
			<xmax>2921</xmax>
			<ymax>1265</ymax>
		</bndbox>
	</object>
	<object>
		<name>dish</name>
		<bndbox>
			<xmin>1061</xmin>
			<ymin>489</ymin>
			<xmax>2423</xmax>
			<ymax>1704</ymax>
		</bndbox>
	</object>
	<object>
		<name>자장면</name>
		<bndbox>
			<xmin>1169</xmin>
			<ymin>748</ymin>
			<xmax>2271</xmax>
			<ymax>1292</ymax>
		</bndbox>
	</object>
</annotation>