<annotation>
	<folder>side비빔면류원형배달자장면q4</folder>
	<filename>side_비빔면류_원형배달_자장면_Q4_00025.JPG</filename>
	<path>/side비빔면류원형배달자장면q4/side_비빔면류_원형배달_자장면_Q4_00025.JPG</path>
	<source>
		<database>fooddata</database>
	</source>
	<size>
		<width>3008</width>
		<height>2000</height>
		<depth>3</depth>
	</size>
	<object>
		<name>ref_spoon</name>
		<bndbox>
			<xmin>724</xmin>
			<ymin>1621</ymin>
			<xmax>1291</xmax>
			<ymax>1943</ymax>
		</bndbox>
	</object>
	<object>
		<name>ref_fork</name>
		<bndbox>
			<xmin>851</xmin>
			<ymin>1322</ymin>
			<xmax>1423</xmax>
			<ymax>1607</ymax>
		</bndbox>
	</object>
	<object>
		<name>ref_coin</name>
		<bndbox>
			<xmin>330</xmin>
			<ymin>606</ymin>
			<xmax>574</xmax>
			<ymax>765</ymax>
		</bndbox>
	</object>
	<object>
		<name>dish</name>
		<bndbox>
			<xmin>1077</xmin>
			<ymin>164</ymin>
			<xmax>2551</xmax>
			<ymax>1424</ymax>
		</bndbox>
	</object>
	<object>
		<name>자장면</name>
		<bndbox>
			<xmin>1225</xmin>
			<ymin>413</ymin>
			<xmax>2419</xmax>
			<ymax>992</ymax>
		</bndbox>
	</object>
</annotation>