<annotation>
	<folder>side비빔면류원형배달자장면q4</folder>
	<filename>side_비빔면류_원형배달_자장면_Q4_00020.JPG</filename>
	<path>/side비빔면류원형배달자장면q4/side_비빔면류_원형배달_자장면_Q4_00020.JPG</path>
	<source>
		<database>fooddata</database>
	</source>
	<size>
		<width>3008</width>
		<height>2000</height>
		<depth>3</depth>
	</size>
	<object>
		<name>ref_spoon</name>
		<bndbox>
			<xmin>782</xmin>
			<ymin>1658</ymin>
			<xmax>1326</xmax>
			<ymax>1963</ymax>
		</bndbox>
	</object>
	<object>
		<name>ref_fork</name>
		<bndbox>
			<xmin>915</xmin>
			<ymin>1379</ymin>
			<xmax>1479</xmax>
			<ymax>1663</ymax>
		</bndbox>
	</object>
	<object>
		<name>ref_coin</name>
		<bndbox>
			<xmin>2581</xmin>
			<ymin>728</ymin>
			<xmax>2805</xmax>
			<ymax>900</ymax>
		</bndbox>
	</object>
	<object>
		<name>dish</name>
		<bndbox>
			<xmin>1077</xmin>
			<ymin>190</ymin>
			<xmax>2448</xmax>
			<ymax>1353</ymax>
		</bndbox>
	</object>
	<object>
		<name>자장면</name>
		<bndbox>
			<xmin>1188</xmin>
			<ymin>417</ymin>
			<xmax>2347</xmax>
			<ymax>942</ymax>
		</bndbox>
	</object>
</annotation>