<annotation>
	<folder>top비빔면류원형배달자장면q4</folder>
	<filename>top_비빔면류_원형배달_자장면_Q4_00026.JPG</filename>
	<path>/top비빔면류원형배달자장면q4/top_비빔면류_원형배달_자장면_Q4_00026.JPG</path>
	<source>
		<database>fooddata</database>
	</source>
	<size>
		<width>3008</width>
		<height>2000</height>
		<depth>3</depth>
	</size>
	<object>
		<name>ref_spoon</name>
		<bndbox>
			<xmin>778</xmin>
			<ymin>1652</ymin>
			<xmax>1134</xmax>
			<ymax>1906</ymax>
		</bndbox>
	</object>
	<object>
		<name>ref_fork</name>
		<bndbox>
			<xmin>876</xmin>
			<ymin>1430</ymin>
			<xmax>1243</xmax>
			<ymax>1586</ymax>
		</bndbox>
	</object>
	<object>
		<name>ref_coin</name>
		<bndbox>
			<xmin>415</xmin>
			<ymin>425</ymin>
			<xmax>586</xmax>
			<ymax>592</ymax>
		</bndbox>
	</object>
	<object>
		<name>dish</name>
		<bndbox>
			<xmin>970</xmin>
			<ymin>152</ymin>
			<xmax>2172</xmax>
			<ymax>1310</ymax>
		</bndbox>
	</object>
	<object>
		<name>자장면</name>
		<bndbox>
			<xmin>1061</xmin>
			<ymin>316</ymin>
			<xmax>1990</xmax>
			<ymax>1256</ymax>
		</bndbox>
	</object>
</annotation>