<annotation>
	<folder>top비빔면류원형배달자장면q4</folder>
	<filename>top_비빔면류_원형배달_자장면_Q4_00043.JPG</filename>
	<path>/top비빔면류원형배달자장면q4/top_비빔면류_원형배달_자장면_Q4_00043.JPG</path>
	<source>
		<database>fooddata</database>
	</source>
	<size>
		<width>3008</width>
		<height>2000</height>
		<depth>3</depth>
	</size>
	<object>
		<name>ref_spoon</name>
		<bndbox>
			<xmin>466</xmin>
			<ymin>370</ymin>
			<xmax>720</xmax>
			<ymax>737</ymax>
		</bndbox>
	</object>
	<object>
		<name>ref_fork</name>
		<bndbox>
			<xmin>803</xmin>
			<ymin>403</ymin>
			<xmax>967</xmax>
			<ymax>824</ymax>
		</bndbox>
	</object>
	<object>
		<name>ref_coin</name>
		<bndbox>
			<xmin>1998</xmin>
			<ymin>131</ymin>
			<xmax>2168</xmax>
			<ymax>298</ymax>
		</bndbox>
	</object>
	<object>
		<name>dish</name>
		<bndbox>
			<xmin>1239</xmin>
			<ymin>475</ymin>
			<xmax>2586</xmax>
			<ymax>1819</ymax>
		</bndbox>
	</object>
	<object>
		<name>자장면</name>
		<bndbox>
			<xmin>1315</xmin>
			<ymin>617</ymin>
			<xmax>2404</xmax>
			<ymax>1710</ymax>
		</bndbox>
	</object>
</annotation>