<annotation>
	<folder>top비빔면류원형배달자장면q4</folder>
	<filename>top_비빔면류_원형배달_자장면_Q4_00032.JPG</filename>
	<path>/top비빔면류원형배달자장면q4/top_비빔면류_원형배달_자장면_Q4_00032.JPG</path>
	<source>
		<database>fooddata</database>
	</source>
	<size>
		<width>3008</width>
		<height>2000</height>
		<depth>3</depth>
	</size>
	<object>
		<name>ref_spoon</name>
		<bndbox>
			<xmin>967</xmin>
			<ymin>1572</ymin>
			<xmax>1283</xmax>
			<ymax>1797</ymax>
		</bndbox>
	</object>
	<object>
		<name>ref_fork</name>
		<bndbox>
			<xmin>1065</xmin>
			<ymin>1347</ymin>
			<xmax>1410</xmax>
			<ymax>1492</ymax>
		</bndbox>
	</object>
	<object>
		<name>ref_coin</name>
		<bndbox>
			<xmin>2208</xmin>
			<ymin>392</ymin>
			<xmax>2361</xmax>
			<ymax>541</ymax>
		</bndbox>
	</object>
	<object>
		<name>dish</name>
		<bndbox>
			<xmin>1039</xmin>
			<ymin>142</ymin>
			<xmax>2186</xmax>
			<ymax>1260</ymax>
		</bndbox>
	</object>
	<object>
		<name>자장면</name>
		<bndbox>
			<xmin>1145</xmin>
			<ymin>272</ymin>
			<xmax>2063</xmax>
			<ymax>1198</ymax>
		</bndbox>
	</object>
</annotation>