<annotation>
	<folder>top비빔면류원형배달자장면q4</folder>
	<filename>top_비빔면류_원형배달_자장면_Q4_00019.JPG</filename>
	<path>/top비빔면류원형배달자장면q4/top_비빔면류_원형배달_자장면_Q4_00019.JPG</path>
	<source>
		<database>fooddata</database>
	</source>
	<size>
		<width>3008</width>
		<height>2000</height>
		<depth>3</depth>
	</size>
	<object>
		<name>ref_spoon</name>
		<bndbox>
			<xmin>860</xmin>
			<ymin>1683</ymin>
			<xmax>1278</xmax>
			<ymax>1946</ymax>
		</bndbox>
	</object>
	<object>
		<name>ref_fork</name>
		<bndbox>
			<xmin>959</xmin>
			<ymin>1452</ymin>
			<xmax>1371</xmax>
			<ymax>1619</ymax>
		</bndbox>
	</object>
	<object>
		<name>ref_coin</name>
		<bndbox>
			<xmin>2298</xmin>
			<ymin>1015</ymin>
			<xmax>2460</xmax>
			<ymax>1184</ymax>
		</bndbox>
	</object>
	<object>
		<name>dish</name>
		<bndbox>
			<xmin>1025</xmin>
			<ymin>96</ymin>
			<xmax>2303</xmax>
			<ymax>1334</ymax>
		</bndbox>
	</object>
	<object>
		<name>자장면</name>
		<bndbox>
			<xmin>1138</xmin>
			<ymin>248</ymin>
			<xmax>2128</xmax>
			<ymax>1270</ymax>
		</bndbox>
	</object>
</annotation>