<annotation>
	<folder>top비빔면류원형배달자장면q4</folder>
	<filename>top_비빔면류_원형배달_자장면_Q4_00016.JPG</filename>
	<path>/top비빔면류원형배달자장면q4/top_비빔면류_원형배달_자장면_Q4_00016.JPG</path>
	<source>
		<database>fooddata</database>
	</source>
	<size>
		<width>3008</width>
		<height>2000</height>
		<depth>3</depth>
	</size>
	<object>
		<name>ref_spoon</name>
		<bndbox>
			<xmin>1954</xmin>
			<ymin>272</ymin>
			<xmax>2172</xmax>
			<ymax>603</ymax>
		</bndbox>
	</object>
	<object>
		<name>ref_fork</name>
		<bndbox>
			<xmin>2303</xmin>
			<ymin>287</ymin>
			<xmax>2451</xmax>
			<ymax>664</ymax>
		</bndbox>
	</object>
	<object>
		<name>ref_coin</name>
		<bndbox>
			<xmin>121</xmin>
			<ymin>936</ymin>
			<xmax>310</xmax>
			<ymax>1114</ymax>
		</bndbox>
	</object>
	<object>
		<name>dish</name>
		<bndbox>
			<xmin>618</xmin>
			<ymin>392</ymin>
			<xmax>1921</xmax>
			<ymax>1666</ymax>
		</bndbox>
	</object>
	<object>
		<name>자장면</name>
		<bndbox>
			<xmin>727</xmin>
			<ymin>544</ymin>
			<xmax>1809</xmax>
			<ymax>1590</ymax>
		</bndbox>
	</object>
</annotation>