<annotation>
	<folder>side주먹밥김밥류사각배달소고기김밥q2</folder>
	<filename>side_주먹밥김밥류_사각배달_소고기김밥_Q2_00039.JPG</filename>
	<path>/side주먹밥김밥류사각배달소고기김밥q2/side_주먹밥김밥류_사각배달_소고기김밥_Q2_00039.JPG</path>
	<source>
		<database>fooddata</database>
	</source>
	<size>
		<width>3008</width>
		<height>2000</height>
		<depth>3</depth>
	</size>
	<object>
		<name>ref_spoon</name>
		<bndbox>
			<xmin>182</xmin>
			<ymin>308</ymin>
			<xmax>475</xmax>
			<ymax>672</ymax>
		</bndbox>
	</object>
	<object>
		<name>ref_fork</name>
		<bndbox>
			<xmin>559</xmin>
			<ymin>321</ymin>
			<xmax>768</xmax>
			<ymax>729</ymax>
		</bndbox>
	</object>
	<object>
		<name>ref_coin</name>
		<bndbox>
			<xmin>2498</xmin>
			<ymin>1148</ymin>
			<xmax>2740</xmax>
			<ymax>1311</ymax>
		</bndbox>
	</object>
	<object>
		<name>dish</name>
		<bndbox>
			<xmin>1050</xmin>
			<ymin>157</ymin>
			<xmax>1937</xmax>
			<ymax>1270</ymax>
		</bndbox>
	</object>
	<object>
		<name>소고기김밥</name>
		<bndbox>
			<xmin>1105</xmin>
			<ymin>685</ymin>
			<xmax>1897</xmax>
			<ymax>1003</ymax>
		</bndbox>
	</object>
</annotation>