<annotation>
	<folder>side주먹밥김밥류사각배달소고기김밥q2</folder>
	<filename>side_주먹밥김밥류_사각배달_소고기김밥_Q2_00014.JPG</filename>
	<path>/side주먹밥김밥류사각배달소고기김밥q2/side_주먹밥김밥류_사각배달_소고기김밥_Q2_00014.JPG</path>
	<source>
		<database>fooddata</database>
	</source>
	<size>
		<width>3008</width>
		<height>2000</height>
		<depth>3</depth>
	</size>
	<object>
		<name>ref_spoon</name>
		<bndbox>
			<xmin>2165</xmin>
			<ymin>485</ymin>
			<xmax>2462</xmax>
			<ymax>836</ymax>
		</bndbox>
	</object>
	<object>
		<name>ref_fork</name>
		<bndbox>
			<xmin>2582</xmin>
			<ymin>468</ymin>
			<xmax>2782</xmax>
			<ymax>858</ymax>
		</bndbox>
	</object>
	<object>
		<name>ref_coin</name>
		<bndbox>
			<xmin>2005</xmin>
			<ymin>996</ymin>
			<xmax>2223</xmax>
			<ymax>1151</ymax>
		</bndbox>
	</object>
	<object>
		<name>dish</name>
		<bndbox>
			<xmin>204</xmin>
			<ymin>521</ymin>
			<xmax>1717</xmax>
			<ymax>1590</ymax>
		</bndbox>
	</object>
	<object>
		<name>소고기김밥</name>
		<bndbox>
			<xmin>563</xmin>
			<ymin>680</ymin>
			<xmax>1340</xmax>
			<ymax>1343</ymax>
		</bndbox>
	</object>
</annotation>