<annotation>
	<folder>side주먹밥김밥류사각배달소고기김밥q2</folder>
	<filename>side_주먹밥김밥류_사각배달_소고기김밥_Q2_00029.JPG</filename>
	<path>/side주먹밥김밥류사각배달소고기김밥q2/side_주먹밥김밥류_사각배달_소고기김밥_Q2_00029.JPG</path>
	<source>
		<database>fooddata</database>
	</source>
	<size>
		<width>3008</width>
		<height>2000</height>
		<depth>3</depth>
	</size>
	<object>
		<name>ref_spoon</name>
		<bndbox>
			<xmin>390</xmin>
			<ymin>1643</ymin>
			<xmax>834</xmax>
			<ymax>1870</ymax>
		</bndbox>
	</object>
	<object>
		<name>ref_fork</name>
		<bndbox>
			<xmin>453</xmin>
			<ymin>1395</ymin>
			<xmax>923</xmax>
			<ymax>1608</ymax>
		</bndbox>
	</object>
	<object>
		<name>ref_coin</name>
		<bndbox>
			<xmin>271</xmin>
			<ymin>871</ymin>
			<xmax>466</xmax>
			<ymax>1009</ymax>
		</bndbox>
	</object>
	<object>
		<name>dish</name>
		<bndbox>
			<xmin>595</xmin>
			<ymin>348</ymin>
			<xmax>1806</xmax>
			<ymax>1356</ymax>
		</bndbox>
	</object>
	<object>
		<name>소고기김밥</name>
		<bndbox>
			<xmin>788</xmin>
			<ymin>496</ymin>
			<xmax>1478</xmax>
			<ymax>1070</ymax>
		</bndbox>
	</object>
</annotation>