<annotation>
	<folder>side주먹밥김밥류사각배달소고기김밥q2</folder>
	<filename>side_주먹밥김밥류_사각배달_소고기김밥_Q2_00007.JPG</filename>
	<path>/side주먹밥김밥류사각배달소고기김밥q2/side_주먹밥김밥류_사각배달_소고기김밥_Q2_00007.JPG</path>
	<source>
		<database>fooddata</database>
	</source>
	<size>
		<width>3008</width>
		<height>2000</height>
		<depth>3</depth>
	</size>
	<object>
		<name>ref_spoon</name>
		<bndbox>
			<xmin>2076</xmin>
			<ymin>667</ymin>
			<xmax>2365</xmax>
			<ymax>1027</ymax>
		</bndbox>
	</object>
	<object>
		<name>ref_fork</name>
		<bndbox>
			<xmin>2484</xmin>
			<ymin>672</ymin>
			<xmax>2680</xmax>
			<ymax>1071</ymax>
		</bndbox>
	</object>
	<object>
		<name>ref_coin</name>
		<bndbox>
			<xmin>825</xmin>
			<ymin>1670</ymin>
			<xmax>1051</xmax>
			<ymax>1847</ymax>
		</bndbox>
	</object>
	<object>
		<name>dish</name>
		<bndbox>
			<xmin>186</xmin>
			<ymin>571</ymin>
			<xmax>1628</xmax>
			<ymax>1455</ymax>
		</bndbox>
	</object>
	<object>
		<name>소고기김밥</name>
		<bndbox>
			<xmin>481</xmin>
			<ymin>694</ymin>
			<xmax>1450</xmax>
			<ymax>1223</ymax>
		</bndbox>
	</object>
</annotation>