<annotation>
	<folder>side주먹밥김밥류사각배달소고기김밥q2</folder>
	<filename>side_주먹밥김밥류_사각배달_소고기김밥_Q2_00008.JPG</filename>
	<path>/side주먹밥김밥류사각배달소고기김밥q2/side_주먹밥김밥류_사각배달_소고기김밥_Q2_00008.JPG</path>
	<source>
		<database>fooddata</database>
	</source>
	<size>
		<width>3008</width>
		<height>2000</height>
		<depth>3</depth>
	</size>
	<object>
		<name>ref_spoon</name>
		<bndbox>
			<xmin>1970</xmin>
			<ymin>618</ymin>
			<xmax>2254</xmax>
			<ymax>969</ymax>
		</bndbox>
	</object>
	<object>
		<name>ref_fork</name>
		<bndbox>
			<xmin>2374</xmin>
			<ymin>618</ymin>
			<xmax>2569</xmax>
			<ymax>1018</ymax>
		</bndbox>
	</object>
	<object>
		<name>ref_coin</name>
		<bndbox>
			<xmin>1065</xmin>
			<ymin>1688</ymin>
			<xmax>1295</xmax>
			<ymax>1865</ymax>
		</bndbox>
	</object>
	<object>
		<name>dish</name>
		<bndbox>
			<xmin>444</xmin>
			<ymin>460</ymin>
			<xmax>1745</xmax>
			<ymax>1628</ymax>
		</bndbox>
	</object>
	<object>
		<name>소고기김밥</name>
		<bndbox>
			<xmin>895</xmin>
			<ymin>660</ymin>
			<xmax>1527</xmax>
			<ymax>1377</ymax>
		</bndbox>
	</object>
</annotation>