<annotation>
	<folder>side주먹밥김밥류사각배달소고기김밥q2</folder>
	<filename>side_주먹밥김밥류_사각배달_소고기김밥_Q2_00046.JPG</filename>
	<path>/side주먹밥김밥류사각배달소고기김밥q2/side_주먹밥김밥류_사각배달_소고기김밥_Q2_00046.JPG</path>
	<source>
		<database>fooddata</database>
	</source>
	<size>
		<width>3008</width>
		<height>2000</height>
		<depth>3</depth>
	</size>
	<object>
		<name>ref_spoon</name>
		<bndbox>
			<xmin>302</xmin>
			<ymin>405</ymin>
			<xmax>599</xmax>
			<ymax>787</ymax>
		</bndbox>
	</object>
	<object>
		<name>ref_fork</name>
		<bndbox>
			<xmin>683</xmin>
			<ymin>414</ymin>
			<xmax>883</xmax>
			<ymax>831</ymax>
		</bndbox>
	</object>
	<object>
		<name>ref_coin</name>
		<bndbox>
			<xmin>1488</xmin>
			<ymin>158</ymin>
			<xmax>1699</xmax>
			<ymax>290</ymax>
		</bndbox>
	</object>
	<object>
		<name>dish</name>
		<bndbox>
			<xmin>955</xmin>
			<ymin>276</ymin>
			<xmax>2348</xmax>
			<ymax>1507</ymax>
		</bndbox>
	</object>
	<object>
		<name>소고기김밥</name>
		<bndbox>
			<xmin>1423</xmin>
			<ymin>451</ymin>
			<xmax>2218</xmax>
			<ymax>1033</ymax>
		</bndbox>
	</object>
</annotation>