<annotation>
	<folder>top주먹밥김밥류사각배달소고기김밥q2</folder>
	<filename>top_주먹밥김밥류_사각배달_소고기김밥_Q2_00031.JPG</filename>
	<path>/top주먹밥김밥류사각배달소고기김밥q2/top_주먹밥김밥류_사각배달_소고기김밥_Q2_00031.JPG</path>
	<source>
		<database>fooddata</database>
	</source>
	<size>
		<width>3008</width>
		<height>2000</height>
		<depth>3</depth>
	</size>
	<object>
		<name>ref_spoon</name>
		<bndbox>
			<xmin>559</xmin>
			<ymin>1546</ymin>
			<xmax>967</xmax>
			<ymax>1812</ymax>
		</bndbox>
	</object>
	<object>
		<name>ref_fork</name>
		<bndbox>
			<xmin>643</xmin>
			<ymin>1293</ymin>
			<xmax>1078</xmax>
			<ymax>1488</ymax>
		</bndbox>
	</object>
	<object>
		<name>ref_coin</name>
		<bndbox>
			<xmin>1646</xmin>
			<ymin>1019</ymin>
			<xmax>1833</xmax>
			<ymax>1200</ymax>
		</bndbox>
	</object>
	<object>
		<name>dish</name>
		<bndbox>
			<xmin>865</xmin>
			<ymin>224</ymin>
			<xmax>2063</xmax>
			<ymax>1022</ymax>
		</bndbox>
	</object>
	<object>
		<name>소고기김밥</name>
		<bndbox>
			<xmin>980</xmin>
			<ymin>268</ymin>
			<xmax>1890</xmax>
			<ymax>747</ymax>
		</bndbox>
	</object>
</annotation>