<annotation>
	<folder>top주먹밥김밥류사각배달소고기김밥q2</folder>
	<filename>top_주먹밥김밥류_사각배달_소고기김밥_Q2_00010.JPG</filename>
	<path>/top주먹밥김밥류사각배달소고기김밥q2/top_주먹밥김밥류_사각배달_소고기김밥_Q2_00010.JPG</path>
	<source>
		<database>fooddata</database>
	</source>
	<size>
		<width>3008</width>
		<height>2000</height>
		<depth>3</depth>
	</size>
	<object>
		<name>ref_spoon</name>
		<bndbox>
			<xmin>1863</xmin>
			<ymin>219</ymin>
			<xmax>2121</xmax>
			<ymax>596</ymax>
		</bndbox>
	</object>
	<object>
		<name>ref_fork</name>
		<bndbox>
			<xmin>2178</xmin>
			<ymin>264</ymin>
			<xmax>2374</xmax>
			<ymax>689</ymax>
		</bndbox>
	</object>
	<object>
		<name>ref_coin</name>
		<bndbox>
			<xmin>1446</xmin>
			<ymin>1266</ymin>
			<xmax>1628</xmax>
			<ymax>1453</ymax>
		</bndbox>
	</object>
	<object>
		<name>dish</name>
		<bndbox>
			<xmin>386</xmin>
			<ymin>268</ymin>
			<xmax>1584</xmax>
			<ymax>1591</ymax>
		</bndbox>
	</object>
	<object>
		<name>소고기김밥</name>
		<bndbox>
			<xmin>499</xmin>
			<ymin>815</ymin>
			<xmax>1257</xmax>
			<ymax>1525</ymax>
		</bndbox>
	</object>
</annotation>