<annotation>
	<folder>top주먹밥김밥류사각배달소고기김밥q2</folder>
	<filename>top_주먹밥김밥류_사각배달_소고기김밥_Q2_00005.JPG</filename>
	<path>/top주먹밥김밥류사각배달소고기김밥q2/top_주먹밥김밥류_사각배달_소고기김밥_Q2_00005.JPG</path>
	<source>
		<database>fooddata</database>
	</source>
	<size>
		<width>3008</width>
		<height>2000</height>
		<depth>3</depth>
	</size>
	<object>
		<name>ref_spoon</name>
		<bndbox>
			<xmin>1899</xmin>
			<ymin>188</ymin>
			<xmax>2152</xmax>
			<ymax>570</ymax>
		</bndbox>
	</object>
	<object>
		<name>ref_fork</name>
		<bndbox>
			<xmin>2209</xmin>
			<ymin>232</ymin>
			<xmax>2409</xmax>
			<ymax>650</ymax>
		</bndbox>
	</object>
	<object>
		<name>ref_coin</name>
		<bndbox>
			<xmin>617</xmin>
			<ymin>1350</ymin>
			<xmax>799</xmax>
			<ymax>1532</ymax>
		</bndbox>
	</object>
	<object>
		<name>dish</name>
		<bndbox>
			<xmin>359</xmin>
			<ymin>428</ymin>
			<xmax>1628</xmax>
			<ymax>1319</ymax>
		</bndbox>
	</object>
	<object>
		<name>소고기김밥</name>
		<bndbox>
			<xmin>963</xmin>
			<ymin>588</ymin>
			<xmax>1588</xmax>
			<ymax>1264</ymax>
		</bndbox>
	</object>
</annotation>