<annotation>
	<folder>top주먹밥김밥류사각배달소고기김밥q2</folder>
	<filename>top_주먹밥김밥류_사각배달_소고기김밥_Q2_00049.JPG</filename>
	<path>/top주먹밥김밥류사각배달소고기김밥q2/top_주먹밥김밥류_사각배달_소고기김밥_Q2_00049.JPG</path>
	<source>
		<database>fooddata</database>
	</source>
	<size>
		<width>3008</width>
		<height>2000</height>
		<depth>3</depth>
	</size>
	<object>
		<name>ref_spoon</name>
		<bndbox>
			<xmin>448</xmin>
			<ymin>339</ymin>
			<xmax>710</xmax>
			<ymax>707</ymax>
		</bndbox>
	</object>
	<object>
		<name>ref_fork</name>
		<bndbox>
			<xmin>714</xmin>
			<ymin>445</ymin>
			<xmax>896</xmax>
			<ymax>858</ymax>
		</bndbox>
	</object>
	<object>
		<name>ref_coin</name>
		<bndbox>
			<xmin>1730</xmin>
			<ymin>1510</ymin>
			<xmax>1912</xmax>
			<ymax>1692</ymax>
		</bndbox>
	</object>
	<object>
		<name>dish</name>
		<bndbox>
			<xmin>928</xmin>
			<ymin>575</ymin>
			<xmax>2160</xmax>
			<ymax>1445</ymax>
		</bndbox>
	</object>
	<object>
		<name>소고기김밥</name>
		<bndbox>
			<xmin>1263</xmin>
			<ymin>725</ymin>
			<xmax>2020</xmax>
			<ymax>1356</ymax>
		</bndbox>
	</object>
</annotation>