<annotation>
	<folder>top주먹밥김밥류사각배달소고기김밥q2</folder>
	<filename>top_주먹밥김밥류_사각배달_소고기김밥_Q2_00028.JPG</filename>
	<path>/top주먹밥김밥류사각배달소고기김밥q2/top_주먹밥김밥류_사각배달_소고기김밥_Q2_00028.JPG</path>
	<source>
		<database>fooddata</database>
	</source>
	<size>
		<width>3008</width>
		<height>2000</height>
		<depth>3</depth>
	</size>
	<object>
		<name>ref_spoon</name>
		<bndbox>
			<xmin>568</xmin>
			<ymin>1661</ymin>
			<xmax>945</xmax>
			<ymax>1914</ymax>
		</bndbox>
	</object>
	<object>
		<name>ref_fork</name>
		<bndbox>
			<xmin>652</xmin>
			<ymin>1421</ymin>
			<xmax>1074</xmax>
			<ymax>1599</ymax>
		</bndbox>
	</object>
	<object>
		<name>ref_coin</name>
		<bndbox>
			<xmin>1189</xmin>
			<ymin>1204</ymin>
			<xmax>1362</xmax>
			<ymax>1382</ymax>
		</bndbox>
	</object>
	<object>
		<name>dish</name>
		<bndbox>
			<xmin>976</xmin>
			<ymin>99</ymin>
			<xmax>2116</xmax>
			<ymax>1315</ymax>
		</bndbox>
	</object>
	<object>
		<name>소고기김밥</name>
		<bndbox>
			<xmin>1109</xmin>
			<ymin>453</ymin>
			<xmax>1797</xmax>
			<ymax>1166</ymax>
		</bndbox>
	</object>
</annotation>