<annotation>
	<folder>top주먹밥김밥류사각배달소고기김밥q2</folder>
	<filename>top_주먹밥김밥류_사각배달_소고기김밥_Q2_00036.JPG</filename>
	<path>/top주먹밥김밥류사각배달소고기김밥q2/top_주먹밥김밥류_사각배달_소고기김밥_Q2_00036.JPG</path>
	<source>
		<database>fooddata</database>
	</source>
	<size>
		<width>3008</width>
		<height>2000</height>
		<depth>3</depth>
	</size>
	<object>
		<name>ref_spoon</name>
		<bndbox>
			<xmin>683</xmin>
			<ymin>241</ymin>
			<xmax>932</xmax>
			<ymax>610</ymax>
		</bndbox>
	</object>
	<object>
		<name>ref_fork</name>
		<bndbox>
			<xmin>936</xmin>
			<ymin>352</ymin>
			<xmax>1118</xmax>
			<ymax>787</ymax>
		</bndbox>
	</object>
	<object>
		<name>ref_coin</name>
		<bndbox>
			<xmin>1961</xmin>
			<ymin>1532</ymin>
			<xmax>2152</xmax>
			<ymax>1723</ymax>
		</bndbox>
	</object>
	<object>
		<name>dish</name>
		<bndbox>
			<xmin>1198</xmin>
			<ymin>564</ymin>
			<xmax>2374</xmax>
			<ymax>1321</ymax>
		</bndbox>
	</object>
	<object>
		<name>소고기김밥</name>
		<bndbox>
			<xmin>1505</xmin>
			<ymin>619</ymin>
			<xmax>2280</xmax>
			<ymax>1223</ymax>
		</bndbox>
	</object>
</annotation>