<annotation>
	<folder>top주먹밥김밥류사각배달소고기김밥q2</folder>
	<filename>top_주먹밥김밥류_사각배달_소고기김밥_Q2_00012.JPG</filename>
	<path>/top주먹밥김밥류사각배달소고기김밥q2/top_주먹밥김밥류_사각배달_소고기김밥_Q2_00012.JPG</path>
	<source>
		<database>fooddata</database>
	</source>
	<size>
		<width>3008</width>
		<height>2000</height>
		<depth>3</depth>
	</size>
	<object>
		<name>ref_spoon</name>
		<bndbox>
			<xmin>1841</xmin>
			<ymin>201</ymin>
			<xmax>2112</xmax>
			<ymax>592</ymax>
		</bndbox>
	</object>
	<object>
		<name>ref_fork</name>
		<bndbox>
			<xmin>2161</xmin>
			<ymin>237</ymin>
			<xmax>2360</xmax>
			<ymax>667</ymax>
		</bndbox>
	</object>
	<object>
		<name>ref_coin</name>
		<bndbox>
			<xmin>1544</xmin>
			<ymin>960</ymin>
			<xmax>1727</xmax>
			<ymax>1140</ymax>
		</bndbox>
	</object>
	<object>
		<name>dish</name>
		<bndbox>
			<xmin>200</xmin>
			<ymin>694</ymin>
			<xmax>1389</xmax>
			<ymax>1444</ymax>
		</bndbox>
	</object>
	<object>
		<name>소고기김밥</name>
		<bndbox>
			<xmin>266</xmin>
			<ymin>737</ymin>
			<xmax>895</xmax>
			<ymax>1392</ymax>
		</bndbox>
	</object>
</annotation>