<annotation>
	<folder>side육류부피원형배달라볶이q4</folder>
	<filename>side_육류부피_원형배달_라볶이_Q4_00035.JPG</filename>
	<path>/side육류부피원형배달라볶이q4/side_육류부피_원형배달_라볶이_Q4_00035.JPG</path>
	<source>
		<database>fooddata</database>
	</source>
	<size>
		<width>3008</width>
		<height>2000</height>
		<depth>3</depth>
	</size>
	<object>
		<name>ref_spoon</name>
		<bndbox>
			<xmin>437</xmin>
			<ymin>364</ymin>
			<xmax>762</xmax>
			<ymax>783</ymax>
		</bndbox>
	</object>
	<object>
		<name>ref_fork</name>
		<bndbox>
			<xmin>880</xmin>
			<ymin>408</ymin>
			<xmax>1104</xmax>
			<ymax>877</ymax>
		</bndbox>
	</object>
	<object>
		<name>ref_coin</name>
		<bndbox>
			<xmin>673</xmin>
			<ymin>1651</ymin>
			<xmax>945</xmax>
			<ymax>1866</ymax>
		</bndbox>
	</object>
	<object>
		<name>dish</name>
		<bndbox>
			<xmin>1311</xmin>
			<ymin>190</ymin>
			<xmax>2373</xmax>
			<ymax>1217</ymax>
		</bndbox>
	</object>
	<object>
		<name>라볶이</name>
		<bndbox>
			<xmin>1432</xmin>
			<ymin>305</ymin>
			<xmax>2279</xmax>
			<ymax>839</ymax>
		</bndbox>
	</object>
</annotation>