<annotation>
	<folder>side육류부피원형배달라볶이q4</folder>
	<filename>side_육류부피_원형배달_라볶이_Q4_00022.JPG</filename>
	<path>/side육류부피원형배달라볶이q4/side_육류부피_원형배달_라볶이_Q4_00022.JPG</path>
	<source>
		<database>fooddata</database>
	</source>
	<size>
		<width>3008</width>
		<height>2000</height>
		<depth>3</depth>
	</size>
	<object>
		<name>ref_spoon</name>
		<bndbox>
			<xmin>310</xmin>
			<ymin>1533</ymin>
			<xmax>921</xmax>
			<ymax>1869</ymax>
		</bndbox>
	</object>
	<object>
		<name>ref_fork</name>
		<bndbox>
			<xmin>608</xmin>
			<ymin>1273</ymin>
			<xmax>1252</xmax>
			<ymax>1577</ymax>
		</bndbox>
	</object>
	<object>
		<name>ref_coin</name>
		<bndbox>
			<xmin>2072</xmin>
			<ymin>63</ymin>
			<xmax>2323</xmax>
			<ymax>234</ymax>
		</bndbox>
	</object>
	<object>
		<name>dish</name>
		<bndbox>
			<xmin>1030</xmin>
			<ymin>151</ymin>
			<xmax>2179</xmax>
			<ymax>1267</ymax>
		</bndbox>
	</object>
	<object>
		<name>라볶이</name>
		<bndbox>
			<xmin>1110</xmin>
			<ymin>320</ymin>
			<xmax>1981</xmax>
			<ymax>883</ymax>
		</bndbox>
	</object>
</annotation>