<annotation>
	<folder>side육류부피원형배달라볶이q4</folder>
	<filename>side_육류부피_원형배달_라볶이_Q4_00044.JPG</filename>
	<path>/side육류부피원형배달라볶이q4/side_육류부피_원형배달_라볶이_Q4_00044.JPG</path>
	<source>
		<database>fooddata</database>
	</source>
	<size>
		<width>3008</width>
		<height>2000</height>
		<depth>3</depth>
	</size>
	<object>
		<name>ref_spoon</name>
		<bndbox>
			<xmin>602</xmin>
			<ymin>547</ymin>
			<xmax>948</xmax>
			<ymax>990</ymax>
		</bndbox>
	</object>
	<object>
		<name>ref_fork</name>
		<bndbox>
			<xmin>1072</xmin>
			<ymin>594</ymin>
			<xmax>1311</xmax>
			<ymax>1108</ymax>
		</bndbox>
	</object>
	<object>
		<name>ref_coin</name>
		<bndbox>
			<xmin>136</xmin>
			<ymin>818</ymin>
			<xmax>396</xmax>
			<ymax>1013</ymax>
		</bndbox>
	</object>
	<object>
		<name>dish</name>
		<bndbox>
			<xmin>1500</xmin>
			<ymin>387</ymin>
			<xmax>2618</xmax>
			<ymax>1497</ymax>
		</bndbox>
	</object>
	<object>
		<name>라볶이</name>
		<bndbox>
			<xmin>1594</xmin>
			<ymin>553</ymin>
			<xmax>2506</xmax>
			<ymax>1105</ymax>
		</bndbox>
	</object>
</annotation>