<annotation>
	<folder>side육류부피원형배달라볶이q4</folder>
	<filename>side_육류부피_원형배달_라볶이_Q4_00041.JPG</filename>
	<path>/side육류부피원형배달라볶이q4/side_육류부피_원형배달_라볶이_Q4_00041.JPG</path>
	<source>
		<database>fooddata</database>
	</source>
	<size>
		<width>3008</width>
		<height>2000</height>
		<depth>3</depth>
	</size>
	<object>
		<name>ref_spoon</name>
		<bndbox>
			<xmin>626</xmin>
			<ymin>506</ymin>
			<xmax>956</xmax>
			<ymax>937</ymax>
		</bndbox>
	</object>
	<object>
		<name>ref_fork</name>
		<bndbox>
			<xmin>1069</xmin>
			<ymin>547</ymin>
			<xmax>1296</xmax>
			<ymax>1049</ymax>
		</bndbox>
	</object>
	<object>
		<name>ref_coin</name>
		<bndbox>
			<xmin>239</xmin>
			<ymin>1066</ymin>
			<xmax>502</xmax>
			<ymax>1255</ymax>
		</bndbox>
	</object>
	<object>
		<name>dish</name>
		<bndbox>
			<xmin>1452</xmin>
			<ymin>373</ymin>
			<xmax>2515</xmax>
			<ymax>1415</ymax>
		</bndbox>
	</object>
	<object>
		<name>라볶이</name>
		<bndbox>
			<xmin>1529</xmin>
			<ymin>511</ymin>
			<xmax>2385</xmax>
			<ymax>1049</ymax>
		</bndbox>
	</object>
</annotation>