<annotation>
	<folder>side육류부피원형배달라볶이q4</folder>
	<filename>side_육류부피_원형배달_라볶이_Q4_00024.JPG</filename>
	<path>/side육류부피원형배달라볶이q4/side_육류부피_원형배달_라볶이_Q4_00024.JPG</path>
	<source>
		<database>fooddata</database>
	</source>
	<size>
		<width>3008</width>
		<height>2000</height>
		<depth>3</depth>
	</size>
	<object>
		<name>ref_spoon</name>
		<bndbox>
			<xmin>487</xmin>
			<ymin>1610</ymin>
			<xmax>1033</xmax>
			<ymax>1911</ymax>
		</bndbox>
	</object>
	<object>
		<name>ref_fork</name>
		<bndbox>
			<xmin>756</xmin>
			<ymin>1376</ymin>
			<xmax>1334</xmax>
			<ymax>1657</ymax>
		</bndbox>
	</object>
	<object>
		<name>ref_coin</name>
		<bndbox>
			<xmin>1095</xmin>
			<ymin>172</ymin>
			<xmax>1317</xmax>
			<ymax>325</ymax>
		</bndbox>
	</object>
	<object>
		<name>dish</name>
		<bndbox>
			<xmin>1175</xmin>
			<ymin>358</ymin>
			<xmax>2205</xmax>
			<ymax>1368</ymax>
		</bndbox>
	</object>
	<object>
		<name>라볶이</name>
		<bndbox>
			<xmin>1237</xmin>
			<ymin>535</ymin>
			<xmax>2078</xmax>
			<ymax>993</ymax>
		</bndbox>
	</object>
</annotation>