<annotation>
	<folder>side육류부피원형배달라볶이q4</folder>
	<filename>side_육류부피_원형배달_라볶이_Q4_00026.JPG</filename>
	<path>/side육류부피원형배달라볶이q4/side_육류부피_원형배달_라볶이_Q4_00026.JPG</path>
	<source>
		<database>fooddata</database>
	</source>
	<size>
		<width>3008</width>
		<height>2000</height>
		<depth>3</depth>
	</size>
	<object>
		<name>ref_spoon</name>
		<bndbox>
			<xmin>407</xmin>
			<ymin>1497</ymin>
			<xmax>986</xmax>
			<ymax>1816</ymax>
		</bndbox>
	</object>
	<object>
		<name>ref_fork</name>
		<bndbox>
			<xmin>694</xmin>
			<ymin>1252</ymin>
			<xmax>1311</xmax>
			<ymax>1530</ymax>
		</bndbox>
	</object>
	<object>
		<name>ref_coin</name>
		<bndbox>
			<xmin>304</xmin>
			<ymin>765</ymin>
			<xmax>567</xmax>
			<ymax>954</ymax>
		</bndbox>
	</object>
	<object>
		<name>dish</name>
		<bndbox>
			<xmin>1258</xmin>
			<ymin>181</ymin>
			<xmax>2353</xmax>
			<ymax>1270</ymax>
		</bndbox>
	</object>
	<object>
		<name>라볶이</name>
		<bndbox>
			<xmin>1381</xmin>
			<ymin>411</ymin>
			<xmax>2255</xmax>
			<ymax>886</ymax>
		</bndbox>
	</object>
</annotation>