<annotation>
	<folder>side육류부피원형배달라볶이q4</folder>
	<filename>side_육류부피_원형배달_라볶이_Q4_00032.JPG</filename>
	<path>/side육류부피원형배달라볶이q4/side_육류부피_원형배달_라볶이_Q4_00032.JPG</path>
	<source>
		<database>fooddata</database>
	</source>
	<size>
		<width>3008</width>
		<height>2000</height>
		<depth>3</depth>
	</size>
	<object>
		<name>ref_spoon</name>
		<bndbox>
			<xmin>295</xmin>
			<ymin>506</ymin>
			<xmax>644</xmax>
			<ymax>942</ymax>
		</bndbox>
	</object>
	<object>
		<name>ref_fork</name>
		<bndbox>
			<xmin>765</xmin>
			<ymin>541</ymin>
			<xmax>998</xmax>
			<ymax>1043</ymax>
		</bndbox>
	</object>
	<object>
		<name>ref_coin</name>
		<bndbox>
			<xmin>1263</xmin>
			<ymin>1565</ymin>
			<xmax>1547</xmax>
			<ymax>1778</ymax>
		</bndbox>
	</object>
	<object>
		<name>dish</name>
		<bndbox>
			<xmin>1210</xmin>
			<ymin>311</ymin>
			<xmax>2332</xmax>
			<ymax>1391</ymax>
		</bndbox>
	</object>
	<object>
		<name>라볶이</name>
		<bndbox>
			<xmin>1320</xmin>
			<ymin>500</ymin>
			<xmax>2255</xmax>
			<ymax>990</ymax>
		</bndbox>
	</object>
</annotation>