<annotation>
	<folder>top육류부피원형배달라볶이q4</folder>
	<filename>top_육류부피_원형배달_라볶이_Q4_00039.JPG</filename>
	<path>/top육류부피원형배달라볶이q4/top_육류부피_원형배달_라볶이_Q4_00039.JPG</path>
	<source>
		<database>fooddata</database>
	</source>
	<size>
		<width>3008</width>
		<height>2000</height>
		<depth>3</depth>
	</size>
	<object>
		<name>ref_spoon</name>
		<bndbox>
			<xmin>818</xmin>
			<ymin>189</ymin>
			<xmax>1128</xmax>
			<ymax>678</ymax>
		</bndbox>
	</object>
	<object>
		<name>ref_fork</name>
		<bndbox>
			<xmin>1236</xmin>
			<ymin>278</ymin>
			<xmax>1435</xmax>
			<ymax>818</ymax>
		</bndbox>
	</object>
	<object>
		<name>ref_coin</name>
		<bndbox>
			<xmin>541</xmin>
			<ymin>801</ymin>
			<xmax>764</xmax>
			<ymax>1017</ymax>
		</bndbox>
	</object>
	<object>
		<name>dish</name>
		<bndbox>
			<xmin>1624</xmin>
			<ymin>509</ymin>
			<xmax>2701</xmax>
			<ymax>1590</ymax>
		</bndbox>
	</object>
	<object>
		<name>라볶이</name>
		<bndbox>
			<xmin>1688</xmin>
			<ymin>604</ymin>
			<xmax>2573</xmax>
			<ymax>1504</ymax>
		</bndbox>
	</object>
</annotation>