<annotation>
	<folder>top육류부피원형배달라볶이q4</folder>
	<filename>top_육류부피_원형배달_라볶이_Q4_00020.JPG</filename>
	<path>/top육류부피원형배달라볶이q4/top_육류부피_원형배달_라볶이_Q4_00020.JPG</path>
	<source>
		<database>fooddata</database>
	</source>
	<size>
		<width>3008</width>
		<height>2000</height>
		<depth>3</depth>
	</size>
	<object>
		<name>ref_spoon</name>
		<bndbox>
			<xmin>654</xmin>
			<ymin>1538</ymin>
			<xmax>1135</xmax>
			<ymax>1848</ymax>
		</bndbox>
	</object>
	<object>
		<name>ref_fork</name>
		<bndbox>
			<xmin>818</xmin>
			<ymin>1258</ymin>
			<xmax>1317</xmax>
			<ymax>1455</ymax>
		</bndbox>
	</object>
	<object>
		<name>ref_coin</name>
		<bndbox>
			<xmin>2231</xmin>
			<ymin>428</ymin>
			<xmax>2433</xmax>
			<ymax>629</ymax>
		</bndbox>
	</object>
	<object>
		<name>dish</name>
		<bndbox>
			<xmin>1177</xmin>
			<ymin>76</ymin>
			<xmax>2190</xmax>
			<ymax>1061</ymax>
		</bndbox>
	</object>
	<object>
		<name>라볶이</name>
		<bndbox>
			<xmin>1261</xmin>
			<ymin>189</ymin>
			<xmax>2074</xmax>
			<ymax>1010</ymax>
		</bndbox>
	</object>
</annotation>