<annotation>
	<folder>top육류부피원형배달라볶이q4</folder>
	<filename>top_육류부피_원형배달_라볶이_Q4_00017.JPG</filename>
	<path>/top육류부피원형배달라볶이q4/top_육류부피_원형배달_라볶이_Q4_00017.JPG</path>
	<source>
		<database>fooddata</database>
	</source>
	<size>
		<width>3008</width>
		<height>2000</height>
		<depth>3</depth>
	</size>
	<object>
		<name>ref_spoon</name>
		<bndbox>
			<xmin>600</xmin>
			<ymin>1548</ymin>
			<xmax>1094</xmax>
			<ymax>1870</ymax>
		</bndbox>
	</object>
	<object>
		<name>ref_fork</name>
		<bndbox>
			<xmin>769</xmin>
			<ymin>1265</ymin>
			<xmax>1300</xmax>
			<ymax>1464</ymax>
		</bndbox>
	</object>
	<object>
		<name>ref_coin</name>
		<bndbox>
			<xmin>2018</xmin>
			<ymin>946</ymin>
			<xmax>2224</xmax>
			<ymax>1155</ymax>
		</bndbox>
	</object>
	<object>
		<name>dish</name>
		<bndbox>
			<xmin>1062</xmin>
			<ymin>52</ymin>
			<xmax>2076</xmax>
			<ymax>1042</ymax>
		</bndbox>
	</object>
	<object>
		<name>라볶이</name>
		<bndbox>
			<xmin>1126</xmin>
			<ymin>184</ymin>
			<xmax>1949</xmax>
			<ymax>1010</ymax>
		</bndbox>
	</object>
</annotation>