<annotation>
	<folder>top육류부피원형배달라볶이q4</folder>
	<filename>top_육류부피_원형배달_라볶이_Q4_00001.JPG</filename>
	<path>/top육류부피원형배달라볶이q4/top_육류부피_원형배달_라볶이_Q4_00001.JPG</path>
	<source>
		<database>fooddata</database>
	</source>
	<size>
		<width>3008</width>
		<height>2000</height>
		<depth>3</depth>
	</size>
	<object>
		<name>ref_spoon</name>
		<bndbox>
			<xmin>1794</xmin>
			<ymin>84</ymin>
			<xmax>2104</xmax>
			<ymax>590</ymax>
		</bndbox>
	</object>
	<object>
		<name>ref_fork</name>
		<bndbox>
			<xmin>2153</xmin>
			<ymin>201</ymin>
			<xmax>2386</xmax>
			<ymax>749</ymax>
		</bndbox>
	</object>
	<object>
		<name>ref_coin</name>
		<bndbox>
			<xmin>1357</xmin>
			<ymin>1504</ymin>
			<xmax>1583</xmax>
			<ymax>1737</ymax>
		</bndbox>
	</object>
	<object>
		<name>dish</name>
		<bndbox>
			<xmin>622</xmin>
			<ymin>307</ymin>
			<xmax>1728</xmax>
			<ymax>1425</ymax>
		</bndbox>
	</object>
	<object>
		<name>라볶이</name>
		<bndbox>
			<xmin>725</xmin>
			<ymin>457</ymin>
			<xmax>1637</xmax>
			<ymax>1354</ymax>
		</bndbox>
	</object>
</annotation>