<annotation>
	<folder>top육류부피원형배달라볶이q4</folder>
	<filename>top_육류부피_원형배달_라볶이_Q4_00003.JPG</filename>
	<path>/top육류부피원형배달라볶이q4/top_육류부피_원형배달_라볶이_Q4_00003.JPG</path>
	<source>
		<database>fooddata</database>
	</source>
	<size>
		<width>3008</width>
		<height>2000</height>
		<depth>3</depth>
	</size>
	<object>
		<name>ref_spoon</name>
		<bndbox>
			<xmin>1718</xmin>
			<ymin>93</ymin>
			<xmax>2025</xmax>
			<ymax>587</ymax>
		</bndbox>
	</object>
	<object>
		<name>ref_fork</name>
		<bndbox>
			<xmin>2072</xmin>
			<ymin>211</ymin>
			<xmax>2305</xmax>
			<ymax>769</ymax>
		</bndbox>
	</object>
	<object>
		<name>ref_coin</name>
		<bndbox>
			<xmin>760</xmin>
			<ymin>1558</ymin>
			<xmax>990</xmax>
			<ymax>1796</ymax>
		</bndbox>
	</object>
	<object>
		<name>dish</name>
		<bndbox>
			<xmin>558</xmin>
			<ymin>295</ymin>
			<xmax>1688</xmax>
			<ymax>1378</ymax>
		</bndbox>
	</object>
	<object>
		<name>라볶이</name>
		<bndbox>
			<xmin>681</xmin>
			<ymin>415</ymin>
			<xmax>1583</xmax>
			<ymax>1310</ymax>
		</bndbox>
	</object>
</annotation>