<annotation>
	<folder>top육류부피원형배달라볶이q4</folder>
	<filename>top_육류부피_원형배달_라볶이_Q4_00016.JPG</filename>
	<path>/top육류부피원형배달라볶이q4/top_육류부피_원형배달_라볶이_Q4_00016.JPG</path>
	<source>
		<database>fooddata</database>
	</source>
	<size>
		<width>3008</width>
		<height>2000</height>
		<depth>3</depth>
	</size>
	<object>
		<name>ref_spoon</name>
		<bndbox>
			<xmin>1575</xmin>
			<ymin>155</ymin>
			<xmax>1912</xmax>
			<ymax>713</ymax>
		</bndbox>
	</object>
	<object>
		<name>ref_fork</name>
		<bndbox>
			<xmin>2000</xmin>
			<ymin>251</ymin>
			<xmax>2231</xmax>
			<ymax>850</ymax>
		</bndbox>
	</object>
	<object>
		<name>ref_coin</name>
		<bndbox>
			<xmin>2334</xmin>
			<ymin>754</ymin>
			<xmax>2578</xmax>
			<ymax>995</ymax>
		</bndbox>
	</object>
	<object>
		<name>dish</name>
		<bndbox>
			<xmin>271</xmin>
			<ymin>523</ymin>
			<xmax>1506</xmax>
			<ymax>1744</ymax>
		</bndbox>
	</object>
	<object>
		<name>라볶이</name>
		<bndbox>
			<xmin>452</xmin>
			<ymin>656</ymin>
			<xmax>1433</xmax>
			<ymax>1631</ymax>
		</bndbox>
	</object>
</annotation>