<annotation>
	<folder>side어육류면적사각배달훈제연어q5</folder>
	<filename>side_어육류면적_사각배달_훈제연어_Q5_00046.JPG</filename>
	<path>/side어육류면적사각배달훈제연어q5/side_어육류면적_사각배달_훈제연어_Q5_00046.JPG</path>
	<source>
		<database>fooddata</database>
	</source>
	<size>
		<width>3008</width>
		<height>2000</height>
		<depth>3</depth>
	</size>
	<object>
		<name>ref_spoon</name>
		<bndbox>
			<xmin>302</xmin>
			<ymin>481</ymin>
			<xmax>634</xmax>
			<ymax>911</ymax>
		</bndbox>
	</object>
	<object>
		<name>ref_fork</name>
		<bndbox>
			<xmin>723</xmin>
			<ymin>494</ymin>
			<xmax>945</xmax>
			<ymax>947</ymax>
		</bndbox>
	</object>
	<object>
		<name>ref_coin</name>
		<bndbox>
			<xmin>1313</xmin>
			<ymin>219</ymin>
			<xmax>1535</xmax>
			<ymax>374</ymax>
		</bndbox>
	</object>
	<object>
		<name>dish</name>
		<bndbox>
			<xmin>1083</xmin>
			<ymin>512</ymin>
			<xmax>2831</xmax>
			<ymax>1559</ymax>
		</bndbox>
	</object>
	<object>
		<name>훈제연어</name>
		<bndbox>
			<xmin>1230</xmin>
			<ymin>870</ymin>
			<xmax>2561</xmax>
			<ymax>1263</ymax>
		</bndbox>
	</object>
</annotation>