<annotation>
	<folder>side어육류면적사각배달훈제연어q5</folder>
	<filename>side_어육류면적_사각배달_훈제연어_Q5_00025.JPG</filename>
	<path>/side어육류면적사각배달훈제연어q5/side_어육류면적_사각배달_훈제연어_Q5_00025.JPG</path>
	<source>
		<database>fooddata</database>
	</source>
	<size>
		<width>3008</width>
		<height>2000</height>
		<depth>3</depth>
	</size>
	<object>
		<name>ref_spoon</name>
		<bndbox>
			<xmin>665</xmin>
			<ymin>1550</ymin>
			<xmax>1162</xmax>
			<ymax>1843</ymax>
		</bndbox>
	</object>
	<object>
		<name>ref_fork</name>
		<bndbox>
			<xmin>719</xmin>
			<ymin>1319</ymin>
			<xmax>1273</xmax>
			<ymax>1581</ymax>
		</bndbox>
	</object>
	<object>
		<name>ref_coin</name>
		<bndbox>
			<xmin>395</xmin>
			<ymin>703</ymin>
			<xmax>626</xmax>
			<ymax>867</ymax>
		</bndbox>
	</object>
	<object>
		<name>dish</name>
		<bndbox>
			<xmin>1056</xmin>
			<ymin>91</ymin>
			<xmax>2205</xmax>
			<ymax>1275</ymax>
		</bndbox>
	</object>
	<object>
		<name>훈제연어</name>
		<bndbox>
			<xmin>1150</xmin>
			<ymin>448</ymin>
			<xmax>1957</xmax>
			<ymax>996</ymax>
		</bndbox>
	</object>
</annotation>