<annotation>
	<folder>side어육류면적사각배달훈제연어q5</folder>
	<filename>side_어육류면적_사각배달_훈제연어_Q5_00050.JPG</filename>
	<path>/side어육류면적사각배달훈제연어q5/side_어육류면적_사각배달_훈제연어_Q5_00050.JPG</path>
	<source>
		<database>fooddata</database>
	</source>
	<size>
		<width>3008</width>
		<height>2000</height>
		<depth>3</depth>
	</size>
	<object>
		<name>ref_spoon</name>
		<bndbox>
			<xmin>155</xmin>
			<ymin>499</ymin>
			<xmax>484</xmax>
			<ymax>925</ymax>
		</bndbox>
	</object>
	<object>
		<name>ref_fork</name>
		<bndbox>
			<xmin>572</xmin>
			<ymin>508</ymin>
			<xmax>799</xmax>
			<ymax>960</ymax>
		</bndbox>
	</object>
	<object>
		<name>ref_coin</name>
		<bndbox>
			<xmin>2116</xmin>
			<ymin>472</ymin>
			<xmax>2343</xmax>
			<ymax>632</ymax>
		</bndbox>
	</object>
	<object>
		<name>dish</name>
		<bndbox>
			<xmin>1126</xmin>
			<ymin>605</ymin>
			<xmax>2879</xmax>
			<ymax>1667</ymax>
		</bndbox>
	</object>
	<object>
		<name>훈제연어</name>
		<bndbox>
			<xmin>1266</xmin>
			<ymin>967</ymin>
			<xmax>2604</xmax>
			<ymax>1377</ymax>
		</bndbox>
	</object>
</annotation>