<annotation>
	<folder>side어육류면적사각배달훈제연어q5</folder>
	<filename>side_어육류면적_사각배달_훈제연어_Q5_00031.JPG</filename>
	<path>/side어육류면적사각배달훈제연어q5/side_어육류면적_사각배달_훈제연어_Q5_00031.JPG</path>
	<source>
		<database>fooddata</database>
	</source>
	<size>
		<width>3008</width>
		<height>2000</height>
		<depth>3</depth>
	</size>
	<object>
		<name>ref_spoon</name>
		<bndbox>
			<xmin>528</xmin>
			<ymin>1661</ymin>
			<xmax>1038</xmax>
			<ymax>1945</ymax>
		</bndbox>
	</object>
	<object>
		<name>ref_fork</name>
		<bndbox>
			<xmin>577</xmin>
			<ymin>1435</ymin>
			<xmax>1118</xmax>
			<ymax>1692</ymax>
		</bndbox>
	</object>
	<object>
		<name>ref_coin</name>
		<bndbox>
			<xmin>1602</xmin>
			<ymin>1262</ymin>
			<xmax>1828</xmax>
			<ymax>1435</ymax>
		</bndbox>
	</object>
	<object>
		<name>dish</name>
		<bndbox>
			<xmin>621</xmin>
			<ymin>51</ymin>
			<xmax>2005</xmax>
			<ymax>1234</ymax>
		</bndbox>
	</object>
	<object>
		<name>훈제연어</name>
		<bndbox>
			<xmin>852</xmin>
			<ymin>391</ymin>
			<xmax>1724</xmax>
			<ymax>955</ymax>
		</bndbox>
	</object>
</annotation>