<annotation>
	<folder>side어육류면적사각배달훈제연어q5</folder>
	<filename>side_어육류면적_사각배달_훈제연어_Q5_00035.JPG</filename>
	<path>/side어육류면적사각배달훈제연어q5/side_어육류면적_사각배달_훈제연어_Q5_00035.JPG</path>
	<source>
		<database>fooddata</database>
	</source>
	<size>
		<width>3008</width>
		<height>2000</height>
		<depth>3</depth>
	</size>
	<object>
		<name>ref_spoon</name>
		<bndbox>
			<xmin>413</xmin>
			<ymin>277</ymin>
			<xmax>732</xmax>
			<ymax>672</ymax>
		</bndbox>
	</object>
	<object>
		<name>ref_fork</name>
		<bndbox>
			<xmin>807</xmin>
			<ymin>299</ymin>
			<xmax>1020</xmax>
			<ymax>729</ymax>
		</bndbox>
	</object>
	<object>
		<name>ref_coin</name>
		<bndbox>
			<xmin>2116</xmin>
			<ymin>1581</ymin>
			<xmax>2374</xmax>
			<ymax>1772</ymax>
		</bndbox>
	</object>
	<object>
		<name>dish</name>
		<bndbox>
			<xmin>1233</xmin>
			<ymin>130</ymin>
			<xmax>2445</xmax>
			<ymax>1408</ymax>
		</bndbox>
	</object>
	<object>
		<name>훈제연어</name>
		<bndbox>
			<xmin>1349</xmin>
			<ymin>472</ymin>
			<xmax>2254</xmax>
			<ymax>1129</ymax>
		</bndbox>
	</object>
</annotation>