<annotation>
	<folder>top어육류면적사각배달훈제연어q5</folder>
	<filename>top_어육류면적_사각배달_훈제연어_Q5_00050.JPG</filename>
	<path>/top어육류면적사각배달훈제연어q5/top_어육류면적_사각배달_훈제연어_Q5_00050.JPG</path>
	<source>
		<database>fooddata</database>
	</source>
	<size>
		<width>3008</width>
		<height>2000</height>
		<depth>3</depth>
	</size>
	<object>
		<name>ref_spoon</name>
		<bndbox>
			<xmin>722</xmin>
			<ymin>97</ymin>
			<xmax>984</xmax>
			<ymax>475</ymax>
		</bndbox>
	</object>
	<object>
		<name>ref_fork</name>
		<bndbox>
			<xmin>1048</xmin>
			<ymin>165</ymin>
			<xmax>1215</xmax>
			<ymax>574</ymax>
		</bndbox>
	</object>
	<object>
		<name>ref_coin</name>
		<bndbox>
			<xmin>1963</xmin>
			<ymin>1756</ymin>
			<xmax>2140</xmax>
			<ymax>1942</ymax>
		</bndbox>
	</object>
	<object>
		<name>dish</name>
		<bndbox>
			<xmin>1317</xmin>
			<ymin>104</ymin>
			<xmax>2336</xmax>
			<ymax>1441</ymax>
		</bndbox>
	</object>
	<object>
		<name>훈제연어</name>
		<bndbox>
			<xmin>1424</xmin>
			<ymin>323</ymin>
			<xmax>2161</xmax>
			<ymax>1355</ymax>
		</bndbox>
	</object>
</annotation>