<annotation>
	<folder>top어육류면적사각배달훈제연어q5</folder>
	<filename>top_어육류면적_사각배달_훈제연어_Q5_00015.JPG</filename>
	<path>/top어육류면적사각배달훈제연어q5/top_어육류면적_사각배달_훈제연어_Q5_00015.JPG</path>
	<source>
		<database>fooddata</database>
	</source>
	<size>
		<width>3008</width>
		<height>2000</height>
		<depth>3</depth>
	</size>
	<object>
		<name>ref_spoon</name>
		<bndbox>
			<xmin>1937</xmin>
			<ymin>168</ymin>
			<xmax>2201</xmax>
			<ymax>554</ymax>
		</bndbox>
	</object>
	<object>
		<name>ref_fork</name>
		<bndbox>
			<xmin>2346</xmin>
			<ymin>221</ymin>
			<xmax>2537</xmax>
			<ymax>651</ymax>
		</bndbox>
	</object>
	<object>
		<name>ref_coin</name>
		<bndbox>
			<xmin>1106</xmin>
			<ymin>1487</ymin>
			<xmax>1297</xmax>
			<ymax>1677</ymax>
		</bndbox>
	</object>
	<object>
		<name>dish</name>
		<bndbox>
			<xmin>463</xmin>
			<ymin>353</ymin>
			<xmax>1874</xmax>
			<ymax>1352</ymax>
		</bndbox>
	</object>
	<object>
		<name>훈제연어</name>
		<bndbox>
			<xmin>603</xmin>
			<ymin>531</ymin>
			<xmax>1752</xmax>
			<ymax>1266</ymax>
		</bndbox>
	</object>
</annotation>