<annotation>
	<folder>top어육류면적사각배달훈제연어q5</folder>
	<filename>top_어육류면적_사각배달_훈제연어_Q5_00035.JPG</filename>
	<path>/top어육류면적사각배달훈제연어q5/top_어육류면적_사각배달_훈제연어_Q5_00035.JPG</path>
	<source>
		<database>fooddata</database>
	</source>
	<size>
		<width>3008</width>
		<height>2000</height>
		<depth>3</depth>
	</size>
	<object>
		<name>ref_spoon</name>
		<bndbox>
			<xmin>529</xmin>
			<ymin>175</ymin>
			<xmax>794</xmax>
			<ymax>564</ymax>
		</bndbox>
	</object>
	<object>
		<name>ref_fork</name>
		<bndbox>
			<xmin>862</xmin>
			<ymin>244</ymin>
			<xmax>1038</xmax>
			<ymax>668</ymax>
		</bndbox>
	</object>
	<object>
		<name>ref_coin</name>
		<bndbox>
			<xmin>928</xmin>
			<ymin>1665</ymin>
			<xmax>1121</xmax>
			<ymax>1855</ymax>
		</bndbox>
	</object>
	<object>
		<name>dish</name>
		<bndbox>
			<xmin>1134</xmin>
			<ymin>155</ymin>
			<xmax>2163</xmax>
			<ymax>1537</ymax>
		</bndbox>
	</object>
	<object>
		<name>훈제연어</name>
		<bndbox>
			<xmin>1246</xmin>
			<ymin>371</ymin>
			<xmax>1996</xmax>
			<ymax>1454</ymax>
		</bndbox>
	</object>
</annotation>