<annotation>
	<folder>top어육류면적사각배달훈제연어q5</folder>
	<filename>top_어육류면적_사각배달_훈제연어_Q5_00045.JPG</filename>
	<path>/top어육류면적사각배달훈제연어q5/top_어육류면적_사각배달_훈제연어_Q5_00045.JPG</path>
	<source>
		<database>fooddata</database>
	</source>
	<size>
		<width>3008</width>
		<height>2000</height>
		<depth>3</depth>
	</size>
	<object>
		<name>ref_spoon</name>
		<bndbox>
			<xmin>857</xmin>
			<ymin>440</ymin>
			<xmax>1106</xmax>
			<ymax>808</ymax>
		</bndbox>
	</object>
	<object>
		<name>ref_fork</name>
		<bndbox>
			<xmin>1172</xmin>
			<ymin>513</ymin>
			<xmax>1337</xmax>
			<ymax>907</ymax>
		</bndbox>
	</object>
	<object>
		<name>ref_coin</name>
		<bndbox>
			<xmin>882</xmin>
			<ymin>99</ymin>
			<xmax>1058</xmax>
			<ymax>267</ymax>
		</bndbox>
	</object>
	<object>
		<name>dish</name>
		<bndbox>
			<xmin>1426</xmin>
			<ymin>422</ymin>
			<xmax>2445</xmax>
			<ymax>1774</ymax>
		</bndbox>
	</object>
	<object>
		<name>훈제연어</name>
		<bndbox>
			<xmin>1531</xmin>
			<ymin>656</ymin>
			<xmax>2270</xmax>
			<ymax>1690</ymax>
		</bndbox>
	</object>
</annotation>