<annotation>
	<folder>top어육류면적사각배달훈제연어q5</folder>
	<filename>top_어육류면적_사각배달_훈제연어_Q5_00036.JPG</filename>
	<path>/top어육류면적사각배달훈제연어q5/top_어육류면적_사각배달_훈제연어_Q5_00036.JPG</path>
	<source>
		<database>fooddata</database>
	</source>
	<size>
		<width>3008</width>
		<height>2000</height>
		<depth>3</depth>
	</size>
	<object>
		<name>ref_spoon</name>
		<bndbox>
			<xmin>578</xmin>
			<ymin>140</ymin>
			<xmax>844</xmax>
			<ymax>526</ymax>
		</bndbox>
	</object>
	<object>
		<name>ref_fork</name>
		<bndbox>
			<xmin>913</xmin>
			<ymin>211</ymin>
			<xmax>1083</xmax>
			<ymax>625</ymax>
		</bndbox>
	</object>
	<object>
		<name>ref_coin</name>
		<bndbox>
			<xmin>727</xmin>
			<ymin>1672</ymin>
			<xmax>921</xmax>
			<ymax>1865</ymax>
		</bndbox>
	</object>
	<object>
		<name>dish</name>
		<bndbox>
			<xmin>1185</xmin>
			<ymin>125</ymin>
			<xmax>2222</xmax>
			<ymax>1504</ymax>
		</bndbox>
	</object>
	<object>
		<name>훈제연어</name>
		<bndbox>
			<xmin>1294</xmin>
			<ymin>323</ymin>
			<xmax>2036</xmax>
			<ymax>1418</ymax>
		</bndbox>
	</object>
</annotation>