<annotation>
	<folder>top어육류면적사각배달훈제연어q5</folder>
	<filename>top_어육류면적_사각배달_훈제연어_Q5_00014.JPG</filename>
	<path>/top어육류면적사각배달훈제연어q5/top_어육류면적_사각배달_훈제연어_Q5_00014.JPG</path>
	<source>
		<database>fooddata</database>
	</source>
	<size>
		<width>3008</width>
		<height>2000</height>
		<depth>3</depth>
	</size>
	<object>
		<name>ref_spoon</name>
		<bndbox>
			<xmin>1919</xmin>
			<ymin>196</ymin>
			<xmax>2179</xmax>
			<ymax>600</ymax>
		</bndbox>
	</object>
	<object>
		<name>ref_fork</name>
		<bndbox>
			<xmin>2321</xmin>
			<ymin>257</ymin>
			<xmax>2514</xmax>
			<ymax>673</ymax>
		</bndbox>
	</object>
	<object>
		<name>ref_coin</name>
		<bndbox>
			<xmin>745</xmin>
			<ymin>1548</ymin>
			<xmax>936</xmax>
			<ymax>1738</ymax>
		</bndbox>
	</object>
	<object>
		<name>dish</name>
		<bndbox>
			<xmin>443</xmin>
			<ymin>363</ymin>
			<xmax>1853</xmax>
			<ymax>1377</ymax>
		</bndbox>
	</object>
	<object>
		<name>훈제연어</name>
		<bndbox>
			<xmin>580</xmin>
			<ymin>557</ymin>
			<xmax>1731</xmax>
			<ymax>1288</ymax>
		</bndbox>
	</object>
</annotation>