<annotation>
	<folder>side반찬부피접시양념게장q5</folder>
	<filename>side_반찬부피_접시_양념게장_Q5_00032.JPG</filename>
	<path>/side반찬부피접시양념게장q5/side_반찬부피_접시_양념게장_Q5_00032.JPG</path>
	<source>
		<database>fooddata</database>
	</source>
	<size>
		<width>720</width>
		<height>480</height>
		<depth>3</depth>
	</size>
	<object>
		<name>ref_spoon</name>
		<bndbox>
			<xmin>137</xmin>
			<ymin>91</ymin>
			<xmax>205</xmax>
			<ymax>184</ymax>
		</bndbox>
	</object>
	<object>
		<name>ref_fork</name>
		<bndbox>
			<xmin>223</xmin>
			<ymin>98</ymin>
			<xmax>267</xmax>
			<ymax>200</ymax>
		</bndbox>
	</object>
	<object>
		<name>ref_coin</name>
		<bndbox>
			<xmin>294</xmin>
			<ymin>353</ymin>
			<xmax>348</xmax>
			<ymax>396</ymax>
		</bndbox>
	</object>
	<object>
		<name>dish</name>
		<bndbox>
			<xmin>296</xmin>
			<ymin>89</ymin>
			<xmax>653</xmax>
			<ymax>350</ymax>
		</bndbox>
	</object>
	<object>
		<name>양념게장</name>
		<bndbox>
			<xmin>333</xmin>
			<ymin>108</ymin>
			<xmax>618</xmax>
			<ymax>323</ymax>
		</bndbox>
	</object>
</annotation>