<annotation>
	<folder>side반찬부피접시양념게장q5</folder>
	<filename>side_반찬부피_접시_양념게장_Q5_00039.JPG</filename>
	<path>/side반찬부피접시양념게장q5/side_반찬부피_접시_양념게장_Q5_00039.JPG</path>
	<source>
		<database>fooddata</database>
	</source>
	<size>
		<width>720</width>
		<height>480</height>
		<depth>3</depth>
	</size>
	<object>
		<name>ref_spoon</name>
		<bndbox>
			<xmin>63</xmin>
			<ymin>61</ymin>
			<xmax>133</xmax>
			<ymax>158</ymax>
		</bndbox>
	</object>
	<object>
		<name>ref_fork</name>
		<bndbox>
			<xmin>153</xmin>
			<ymin>71</ymin>
			<xmax>199</xmax>
			<ymax>173</ymax>
		</bndbox>
	</object>
	<object>
		<name>ref_coin</name>
		<bndbox>
			<xmin>623</xmin>
			<ymin>310</ymin>
			<xmax>678</xmax>
			<ymax>354</ymax>
		</bndbox>
	</object>
	<object>
		<name>dish</name>
		<bndbox>
			<xmin>242</xmin>
			<ymin>57</ymin>
			<xmax>607</xmax>
			<ymax>321</ymax>
		</bndbox>
	</object>
	<object>
		<name>양념게장</name>
		<bndbox>
			<xmin>274</xmin>
			<ymin>97</ymin>
			<xmax>585</xmax>
			<ymax>297</ymax>
		</bndbox>
	</object>
</annotation>