<annotation>
	<folder>side반찬부피접시양념게장q5</folder>
	<filename>side_반찬부피_접시_양념게장_Q5_00001.JPG</filename>
	<path>/side반찬부피접시양념게장q5/side_반찬부피_접시_양념게장_Q5_00001.JPG</path>
	<source>
		<database>fooddata</database>
	</source>
	<size>
		<width>720</width>
		<height>480</height>
		<depth>3</depth>
	</size>
	<object>
		<name>ref_spoon</name>
		<bndbox>
			<xmin>458</xmin>
			<ymin>87</ymin>
			<xmax>526</xmax>
			<ymax>178</ymax>
		</bndbox>
	</object>
	<object>
		<name>ref_fork</name>
		<bndbox>
			<xmin>560</xmin>
			<ymin>89</ymin>
			<xmax>608</xmax>
			<ymax>192</ymax>
		</bndbox>
	</object>
	<object>
		<name>ref_coin</name>
		<bndbox>
			<xmin>411</xmin>
			<ymin>361</ymin>
			<xmax>464</xmax>
			<ymax>405</ymax>
		</bndbox>
	</object>
	<object>
		<name>dish</name>
		<bndbox>
			<xmin>119</xmin>
			<ymin>81</ymin>
			<xmax>476</xmax>
			<ymax>342</ymax>
		</bndbox>
	</object>
	<object>
		<name>양념게장</name>
		<bndbox>
			<xmin>173</xmin>
			<ymin>107</ymin>
			<xmax>430</xmax>
			<ymax>321</ymax>
		</bndbox>
	</object>
</annotation>