<annotation>
	<folder>side반찬부피접시양념게장q5</folder>
	<filename>side_반찬부피_접시_양념게장_Q5_00016.JPG</filename>
	<path>/side반찬부피접시양념게장q5/side_반찬부피_접시_양념게장_Q5_00016.JPG</path>
	<source>
		<database>fooddata</database>
	</source>
	<size>
		<width>720</width>
		<height>480</height>
		<depth>3</depth>
	</size>
	<object>
		<name>ref_spoon</name>
		<bndbox>
			<xmin>496</xmin>
			<ymin>93</ymin>
			<xmax>564</xmax>
			<ymax>187</ymax>
		</bndbox>
	</object>
	<object>
		<name>ref_fork</name>
		<bndbox>
			<xmin>595</xmin>
			<ymin>93</ymin>
			<xmax>644</xmax>
			<ymax>197</ymax>
		</bndbox>
	</object>
	<object>
		<name>ref_coin</name>
		<bndbox>
			<xmin>218</xmin>
			<ymin>379</ymin>
			<xmax>271</xmax>
			<ymax>424</ymax>
		</bndbox>
	</object>
	<object>
		<name>dish</name>
		<bndbox>
			<xmin>105</xmin>
			<ymin>70</ymin>
			<xmax>465</xmax>
			<ymax>337</ymax>
		</bndbox>
	</object>
	<object>
		<name>양념게장</name>
		<bndbox>
			<xmin>148</xmin>
			<ymin>94</ymin>
			<xmax>415</xmax>
			<ymax>318</ymax>
		</bndbox>
	</object>
</annotation>