<annotation>
	<folder>side반찬부피접시양념게장q5</folder>
	<filename>side_반찬부피_접시_양념게장_Q5_00045.JPG</filename>
	<path>/side반찬부피접시양념게장q5/side_반찬부피_접시_양념게장_Q5_00045.JPG</path>
	<source>
		<database>fooddata</database>
	</source>
	<size>
		<width>720</width>
		<height>480</height>
		<depth>3</depth>
	</size>
	<object>
		<name>ref_spoon</name>
		<bndbox>
			<xmin>83</xmin>
			<ymin>107</ymin>
			<xmax>154</xmax>
			<ymax>203</ymax>
		</bndbox>
	</object>
	<object>
		<name>ref_fork</name>
		<bndbox>
			<xmin>173</xmin>
			<ymin>115</ymin>
			<xmax>219</xmax>
			<ymax>221</ymax>
		</bndbox>
	</object>
	<object>
		<name>ref_coin</name>
		<bndbox>
			<xmin>392</xmin>
			<ymin>37</ymin>
			<xmax>437</xmax>
			<ymax>68</ymax>
		</bndbox>
	</object>
	<object>
		<name>dish</name>
		<bndbox>
			<xmin>236</xmin>
			<ymin>111</ymin>
			<xmax>607</xmax>
			<ymax>383</ymax>
		</bndbox>
	</object>
	<object>
		<name>양념게장</name>
		<bndbox>
			<xmin>275</xmin>
			<ymin>131</ymin>
			<xmax>519</xmax>
			<ymax>361</ymax>
		</bndbox>
	</object>
</annotation>