<annotation>
	<folder>side반찬부피접시양념게장q5</folder>
	<filename>side_반찬부피_접시_양념게장_Q5_00033.JPG</filename>
	<path>/side반찬부피접시양념게장q5/side_반찬부피_접시_양념게장_Q5_00033.JPG</path>
	<source>
		<database>fooddata</database>
	</source>
	<size>
		<width>720</width>
		<height>480</height>
		<depth>3</depth>
	</size>
	<object>
		<name>ref_spoon</name>
		<bndbox>
			<xmin>128</xmin>
			<ymin>71</ymin>
			<xmax>195</xmax>
			<ymax>164</ymax>
		</bndbox>
	</object>
	<object>
		<name>ref_fork</name>
		<bndbox>
			<xmin>214</xmin>
			<ymin>79</ymin>
			<xmax>259</xmax>
			<ymax>183</ymax>
		</bndbox>
	</object>
	<object>
		<name>ref_coin</name>
		<bndbox>
			<xmin>328</xmin>
			<ymin>359</ymin>
			<xmax>380</xmax>
			<ymax>402</ymax>
		</bndbox>
	</object>
	<object>
		<name>dish</name>
		<bndbox>
			<xmin>288</xmin>
			<ymin>69</ymin>
			<xmax>646</xmax>
			<ymax>330</ymax>
		</bndbox>
	</object>
	<object>
		<name>양념게장</name>
		<bndbox>
			<xmin>323</xmin>
			<ymin>88</ymin>
			<xmax>607</xmax>
			<ymax>302</ymax>
		</bndbox>
	</object>
</annotation>