<annotation>
	<folder>side반찬부피접시양념게장q5</folder>
	<filename>side_반찬부피_접시_양념게장_Q5_00002.JPG</filename>
	<path>/side반찬부피접시양념게장q5/side_반찬부피_접시_양념게장_Q5_00002.JPG</path>
	<source>
		<database>fooddata</database>
	</source>
	<size>
		<width>720</width>
		<height>480</height>
		<depth>3</depth>
	</size>
	<object>
		<name>ref_spoon</name>
		<bndbox>
			<xmin>446</xmin>
			<ymin>82</ymin>
			<xmax>511</xmax>
			<ymax>170</ymax>
		</bndbox>
	</object>
	<object>
		<name>ref_fork</name>
		<bndbox>
			<xmin>547</xmin>
			<ymin>85</ymin>
			<xmax>593</xmax>
			<ymax>185</ymax>
		</bndbox>
	</object>
	<object>
		<name>ref_coin</name>
		<bndbox>
			<xmin>321</xmin>
			<ymin>374</ymin>
			<xmax>373</xmax>
			<ymax>418</ymax>
		</bndbox>
	</object>
	<object>
		<name>dish</name>
		<bndbox>
			<xmin>94</xmin>
			<ymin>74</ymin>
			<xmax>454</xmax>
			<ymax>337</ymax>
		</bndbox>
	</object>
	<object>
		<name>양념게장</name>
		<bndbox>
			<xmin>151</xmin>
			<ymin>104</ymin>
			<xmax>419</xmax>
			<ymax>307</ymax>
		</bndbox>
	</object>
</annotation>