<annotation>
	<folder>side반찬부피접시양념게장q5</folder>
	<filename>side_반찬부피_접시_양념게장_Q5_00041.JPG</filename>
	<path>/side반찬부피접시양념게장q5/side_반찬부피_접시_양념게장_Q5_00041.JPG</path>
	<source>
		<database>fooddata</database>
	</source>
	<size>
		<width>720</width>
		<height>480</height>
		<depth>3</depth>
	</size>
	<object>
		<name>ref_spoon</name>
		<bndbox>
			<xmin>67</xmin>
			<ymin>117</ymin>
			<xmax>139</xmax>
			<ymax>211</ymax>
		</bndbox>
	</object>
	<object>
		<name>ref_fork</name>
		<bndbox>
			<xmin>157</xmin>
			<ymin>126</ymin>
			<xmax>202</xmax>
			<ymax>232</ymax>
		</bndbox>
	</object>
	<object>
		<name>ref_coin</name>
		<bndbox>
			<xmin>647</xmin>
			<ymin>284</ymin>
			<xmax>698</xmax>
			<ymax>324</ymax>
		</bndbox>
	</object>
	<object>
		<name>dish</name>
		<bndbox>
			<xmin>218</xmin>
			<ymin>130</ymin>
			<xmax>585</xmax>
			<ymax>399</ymax>
		</bndbox>
	</object>
	<object>
		<name>양념게장</name>
		<bndbox>
			<xmin>264</xmin>
			<ymin>150</ymin>
			<xmax>558</xmax>
			<ymax>379</ymax>
		</bndbox>
	</object>
</annotation>