<annotation>
	<folder>top반찬부피접시양념게장q5</folder>
	<filename>top_반찬부피_접시_양념게장_Q5_00004.JPG</filename>
	<path>/top반찬부피접시양념게장q5/top_반찬부피_접시_양념게장_Q5_00004.JPG</path>
	<source>
		<database>fooddata</database>
	</source>
	<size>
		<width>720</width>
		<height>480</height>
		<depth>3</depth>
	</size>
	<object>
		<name>ref_spoon</name>
		<bndbox>
			<xmin>471</xmin>
			<ymin>26</ymin>
			<xmax>538</xmax>
			<ymax>148</ymax>
		</bndbox>
	</object>
	<object>
		<name>ref_fork</name>
		<bndbox>
			<xmin>559</xmin>
			<ymin>26</ymin>
			<xmax>602</xmax>
			<ymax>159</ymax>
		</bndbox>
	</object>
	<object>
		<name>ref_coin</name>
		<bndbox>
			<xmin>204</xmin>
			<ymin>405</ymin>
			<xmax>257</xmax>
			<ymax>452</ymax>
		</bndbox>
	</object>
	<object>
		<name>dish</name>
		<bndbox>
			<xmin>120</xmin>
			<ymin>30</ymin>
			<xmax>454</xmax>
			<ymax>356</ymax>
		</bndbox>
	</object>
	<object>
		<name>양념게장</name>
		<bndbox>
			<xmin>195</xmin>
			<ymin>94</ymin>
			<xmax>403</xmax>
			<ymax>315</ymax>
		</bndbox>
	</object>
</annotation>