<annotation>
	<folder>top반찬부피접시양념게장q5</folder>
	<filename>top_반찬부피_접시_양념게장_Q5_00027.JPG</filename>
	<path>/top반찬부피접시양념게장q5/top_반찬부피_접시_양념게장_Q5_00027.JPG</path>
	<source>
		<database>fooddata</database>
	</source>
	<size>
		<width>720</width>
		<height>480</height>
		<depth>3</depth>
	</size>
	<object>
		<name>ref_spoon</name>
		<bndbox>
			<xmin>287</xmin>
			<ymin>399</ymin>
			<xmax>373</xmax>
			<ymax>452</ymax>
		</bndbox>
	</object>
	<object>
		<name>ref_fork</name>
		<bndbox>
			<xmin>291</xmin>
			<ymin>339</ymin>
			<xmax>379</xmax>
			<ymax>377</ymax>
		</bndbox>
	</object>
	<object>
		<name>ref_coin</name>
		<bndbox>
			<xmin>384</xmin>
			<ymin>24</ymin>
			<xmax>420</xmax>
			<ymax>60</ymax>
		</bndbox>
	</object>
	<object>
		<name>dish</name>
		<bndbox>
			<xmin>279</xmin>
			<ymin>77</ymin>
			<xmax>521</xmax>
			<ymax>315</ymax>
		</bndbox>
	</object>
	<object>
		<name>양념게장</name>
		<bndbox>
			<xmin>317</xmin>
			<ymin>111</ymin>
			<xmax>493</xmax>
			<ymax>289</ymax>
		</bndbox>
	</object>
</annotation>