<annotation>
	<folder>top반찬부피접시양념게장q5</folder>
	<filename>top_반찬부피_접시_양념게장_Q5_00038.JPG</filename>
	<path>/top반찬부피접시양념게장q5/top_반찬부피_접시_양념게장_Q5_00038.JPG</path>
	<source>
		<database>fooddata</database>
	</source>
	<size>
		<width>720</width>
		<height>480</height>
		<depth>3</depth>
	</size>
	<object>
		<name>ref_spoon</name>
		<bndbox>
			<xmin>148</xmin>
			<ymin>30</ymin>
			<xmax>210</xmax>
			<ymax>139</ymax>
		</bndbox>
	</object>
	<object>
		<name>ref_fork</name>
		<bndbox>
			<xmin>242</xmin>
			<ymin>41</ymin>
			<xmax>287</xmax>
			<ymax>163</ymax>
		</bndbox>
	</object>
	<object>
		<name>ref_coin</name>
		<bndbox>
			<xmin>527</xmin>
			<ymin>379</ymin>
			<xmax>572</xmax>
			<ymax>431</ymax>
		</bndbox>
	</object>
	<object>
		<name>dish</name>
		<bndbox>
			<xmin>328</xmin>
			<ymin>47</ymin>
			<xmax>624</xmax>
			<ymax>347</ymax>
		</bndbox>
	</object>
	<object>
		<name>양념게장</name>
		<bndbox>
			<xmin>354</xmin>
			<ymin>94</ymin>
			<xmax>587</xmax>
			<ymax>300</ymax>
		</bndbox>
	</object>
</annotation>