<annotation>
	<folder>top반찬부피접시양념게장q5</folder>
	<filename>top_반찬부피_접시_양념게장_Q5_00037.JPG</filename>
	<path>/top반찬부피접시양념게장q5/top_반찬부피_접시_양념게장_Q5_00037.JPG</path>
	<source>
		<database>fooddata</database>
	</source>
	<size>
		<width>720</width>
		<height>480</height>
		<depth>3</depth>
	</size>
	<object>
		<name>ref_spoon</name>
		<bndbox>
			<xmin>150</xmin>
			<ymin>34</ymin>
			<xmax>212</xmax>
			<ymax>144</ymax>
		</bndbox>
	</object>
	<object>
		<name>ref_fork</name>
		<bndbox>
			<xmin>246</xmin>
			<ymin>47</ymin>
			<xmax>287</xmax>
			<ymax>167</ymax>
		</bndbox>
	</object>
	<object>
		<name>ref_coin</name>
		<bndbox>
			<xmin>375</xmin>
			<ymin>392</ymin>
			<xmax>424</xmax>
			<ymax>441</ymax>
		</bndbox>
	</object>
	<object>
		<name>dish</name>
		<bndbox>
			<xmin>324</xmin>
			<ymin>56</ymin>
			<xmax>628</xmax>
			<ymax>358</ymax>
		</bndbox>
	</object>
	<object>
		<name>양념게장</name>
		<bndbox>
			<xmin>356</xmin>
			<ymin>94</ymin>
			<xmax>589</xmax>
			<ymax>304</ymax>
		</bndbox>
	</object>
</annotation>