<annotation>
	<folder>top반찬부피접시양념게장q5</folder>
	<filename>top_반찬부피_접시_양념게장_Q5_00031.JPG</filename>
	<path>/top반찬부피접시양념게장q5/top_반찬부피_접시_양념게장_Q5_00031.JPG</path>
	<source>
		<database>fooddata</database>
	</source>
	<size>
		<width>720</width>
		<height>480</height>
		<depth>3</depth>
	</size>
	<object>
		<name>ref_spoon</name>
		<bndbox>
			<xmin>300</xmin>
			<ymin>390</ymin>
			<xmax>384</xmax>
			<ymax>444</ymax>
		</bndbox>
	</object>
	<object>
		<name>ref_fork</name>
		<bndbox>
			<xmin>304</xmin>
			<ymin>336</ymin>
			<xmax>396</xmax>
			<ymax>373</ymax>
		</bndbox>
	</object>
	<object>
		<name>ref_coin</name>
		<bndbox>
			<xmin>274</xmin>
			<ymin>26</ymin>
			<xmax>315</xmax>
			<ymax>60</ymax>
		</bndbox>
	</object>
	<object>
		<name>dish</name>
		<bndbox>
			<xmin>287</xmin>
			<ymin>73</ymin>
			<xmax>531</xmax>
			<ymax>313</ymax>
		</bndbox>
	</object>
	<object>
		<name>양념게장</name>
		<bndbox>
			<xmin>321</xmin>
			<ymin>99</ymin>
			<xmax>495</xmax>
			<ymax>253</ymax>
		</bndbox>
	</object>
</annotation>