<annotation>
	<folder>top반찬부피접시양념게장q5</folder>
	<filename>top_반찬부피_접시_양념게장_Q5_00017.JPG</filename>
	<path>/top반찬부피접시양념게장q5/top_반찬부피_접시_양념게장_Q5_00017.JPG</path>
	<source>
		<database>fooddata</database>
	</source>
	<size>
		<width>720</width>
		<height>480</height>
		<depth>3</depth>
	</size>
	<object>
		<name>ref_spoon</name>
		<bndbox>
			<xmin>510</xmin>
			<ymin>43</ymin>
			<xmax>576</xmax>
			<ymax>167</ymax>
		</bndbox>
	</object>
	<object>
		<name>ref_fork</name>
		<bndbox>
			<xmin>596</xmin>
			<ymin>47</ymin>
			<xmax>641</xmax>
			<ymax>180</ymax>
		</bndbox>
	</object>
	<object>
		<name>ref_coin</name>
		<bndbox>
			<xmin>429</xmin>
			<ymin>336</ymin>
			<xmax>476</xmax>
			<ymax>388</ymax>
		</bndbox>
	</object>
	<object>
		<name>dish</name>
		<bndbox>
			<xmin>111</xmin>
			<ymin>69</ymin>
			<xmax>441</xmax>
			<ymax>396</ymax>
		</bndbox>
	</object>
	<object>
		<name>양념게장</name>
		<bndbox>
			<xmin>189</xmin>
			<ymin>114</ymin>
			<xmax>392</xmax>
			<ymax>345</ymax>
		</bndbox>
	</object>
</annotation>