<annotation>
	<folder>top반찬부피접시양념게장q5</folder>
	<filename>top_반찬부피_접시_양념게장_Q5_00048.JPG</filename>
	<path>/top반찬부피접시양념게장q5/top_반찬부피_접시_양념게장_Q5_00048.JPG</path>
	<source>
		<database>fooddata</database>
	</source>
	<size>
		<width>720</width>
		<height>480</height>
		<depth>3</depth>
	</size>
	<object>
		<name>ref_spoon</name>
		<bndbox>
			<xmin>94</xmin>
			<ymin>77</ymin>
			<xmax>161</xmax>
			<ymax>191</ymax>
		</bndbox>
	</object>
	<object>
		<name>ref_fork</name>
		<bndbox>
			<xmin>195</xmin>
			<ymin>88</ymin>
			<xmax>240</xmax>
			<ymax>212</ymax>
		</bndbox>
	</object>
	<object>
		<name>ref_coin</name>
		<bndbox>
			<xmin>501</xmin>
			<ymin>19</ymin>
			<xmax>544</xmax>
			<ymax>62</ymax>
		</bndbox>
	</object>
	<object>
		<name>dish</name>
		<bndbox>
			<xmin>281</xmin>
			<ymin>94</ymin>
			<xmax>589</xmax>
			<ymax>396</ymax>
		</bndbox>
	</object>
	<object>
		<name>양념게장</name>
		<bndbox>
			<xmin>345</xmin>
			<ymin>161</ymin>
			<xmax>566</xmax>
			<ymax>366</ymax>
		</bndbox>
	</object>
</annotation>