<annotation>
	<folder>top반찬부피접시양념게장q5</folder>
	<filename>top_반찬부피_접시_양념게장_Q5_00047.JPG</filename>
	<path>/top반찬부피접시양념게장q5/top_반찬부피_접시_양념게장_Q5_00047.JPG</path>
	<source>
		<database>fooddata</database>
	</source>
	<size>
		<width>720</width>
		<height>480</height>
		<depth>3</depth>
	</size>
	<object>
		<name>ref_spoon</name>
		<bndbox>
			<xmin>88</xmin>
			<ymin>56</ymin>
			<xmax>156</xmax>
			<ymax>186</ymax>
		</bndbox>
	</object>
	<object>
		<name>ref_fork</name>
		<bndbox>
			<xmin>197</xmin>
			<ymin>69</ymin>
			<xmax>242</xmax>
			<ymax>206</ymax>
		</bndbox>
	</object>
	<object>
		<name>ref_coin</name>
		<bndbox>
			<xmin>581</xmin>
			<ymin>58</ymin>
			<xmax>630</xmax>
			<ymax>103</ymax>
		</bndbox>
	</object>
	<object>
		<name>dish</name>
		<bndbox>
			<xmin>291</xmin>
			<ymin>79</ymin>
			<xmax>630</xmax>
			<ymax>418</ymax>
		</bndbox>
	</object>
	<object>
		<name>양념게장</name>
		<bndbox>
			<xmin>360</xmin>
			<ymin>150</ymin>
			<xmax>606</xmax>
			<ymax>377</ymax>
		</bndbox>
	</object>
</annotation>