<annotation>
	<folder>side비빔면류냉면기회냉면q4</folder>
	<filename>side_비빔면류_냉면기_회냉면_Q4_00017.JPG</filename>
	<path>/side비빔면류냉면기회냉면q4/side_비빔면류_냉면기_회냉면_Q4_00017.JPG</path>
	<source>
		<database>fooddata</database>
	</source>
	<size>
		<width>3008</width>
		<height>2000</height>
		<depth>3</depth>
	</size>
	<object>
		<name>ref_spoon</name>
		<bndbox>
			<xmin>927</xmin>
			<ymin>1537</ymin>
			<xmax>1322</xmax>
			<ymax>1746</ymax>
		</bndbox>
	</object>
	<object>
		<name>ref_fork</name>
		<bndbox>
			<xmin>962</xmin>
			<ymin>1295</ymin>
			<xmax>1383</xmax>
			<ymax>1497</ymax>
		</bndbox>
	</object>
	<object>
		<name>ref_coin</name>
		<bndbox>
			<xmin>2483</xmin>
			<ymin>816</ymin>
			<xmax>2654</xmax>
			<ymax>935</ymax>
		</bndbox>
	</object>
	<object>
		<name>dish</name>
		<bndbox>
			<xmin>1094</xmin>
			<ymin>146</ymin>
			<xmax>2328</xmax>
			<ymax>1039</ymax>
		</bndbox>
	</object>
	<object>
		<name>회냉면</name>
		<bndbox>
			<xmin>1174</xmin>
			<ymin>360</ymin>
			<xmax>2137</xmax>
			<ymax>874</ymax>
		</bndbox>
	</object>
</annotation>