<annotation>
	<folder>side비빔면류냉면기회냉면q4</folder>
	<filename>side_비빔면류_냉면기_회냉면_Q4_00033.JPG</filename>
	<path>/side비빔면류냉면기회냉면q4/side_비빔면류_냉면기_회냉면_Q4_00033.JPG</path>
	<source>
		<database>fooddata</database>
	</source>
	<size>
		<width>3008</width>
		<height>2000</height>
		<depth>3</depth>
	</size>
	<object>
		<name>ref_spoon</name>
		<bndbox>
			<xmin>490</xmin>
			<ymin>689</ymin>
			<xmax>725</xmax>
			<ymax>987</ymax>
		</bndbox>
	</object>
	<object>
		<name>ref_fork</name>
		<bndbox>
			<xmin>823</xmin>
			<ymin>700</ymin>
			<xmax>986</xmax>
			<ymax>1036</ymax>
		</bndbox>
	</object>
	<object>
		<name>ref_coin</name>
		<bndbox>
			<xmin>1806</xmin>
			<ymin>1608</ymin>
			<xmax>2006</xmax>
			<ymax>1751</ymax>
		</bndbox>
	</object>
	<object>
		<name>dish</name>
		<bndbox>
			<xmin>1218</xmin>
			<ymin>348</ymin>
			<xmax>2494</xmax>
			<ymax>1281</ymax>
		</bndbox>
	</object>
	<object>
		<name>회냉면</name>
		<bndbox>
			<xmin>1326</xmin>
			<ymin>550</ymin>
			<xmax>2351</xmax>
			<ymax>1135</ymax>
		</bndbox>
	</object>
</annotation>