<annotation>
	<folder>side비빔면류냉면기회냉면q4</folder>
	<filename>side_비빔면류_냉면기_회냉면_Q4_00041.JPG</filename>
	<path>/side비빔면류냉면기회냉면q4/side_비빔면류_냉면기_회냉면_Q4_00041.JPG</path>
	<source>
		<database>fooddata</database>
	</source>
	<size>
		<width>3008</width>
		<height>2000</height>
		<depth>3</depth>
	</size>
	<object>
		<name>ref_spoon</name>
		<bndbox>
			<xmin>201</xmin>
			<ymin>691</ymin>
			<xmax>445</xmax>
			<ymax>985</ymax>
		</bndbox>
	</object>
	<object>
		<name>ref_fork</name>
		<bndbox>
			<xmin>527</xmin>
			<ymin>726</ymin>
			<xmax>697</xmax>
			<ymax>1067</ymax>
		</bndbox>
	</object>
	<object>
		<name>ref_coin</name>
		<bndbox>
			<xmin>2210</xmin>
			<ymin>792</ymin>
			<xmax>2372</xmax>
			<ymax>907</ymax>
		</bndbox>
	</object>
	<object>
		<name>dish</name>
		<bndbox>
			<xmin>816</xmin>
			<ymin>548</ymin>
			<xmax>2097</xmax>
			<ymax>1509</ymax>
		</bndbox>
	</object>
	<object>
		<name>회냉면</name>
		<bndbox>
			<xmin>941</xmin>
			<ymin>754</ymin>
			<xmax>2003</xmax>
			<ymax>1356</ymax>
		</bndbox>
	</object>
</annotation>