<annotation>
	<folder>side비빔면류냉면기회냉면q4</folder>
	<filename>side_비빔면류_냉면기_회냉면_Q4_00009.JPG</filename>
	<path>/side비빔면류냉면기회냉면q4/side_비빔면류_냉면기_회냉면_Q4_00009.JPG</path>
	<source>
		<database>fooddata</database>
	</source>
	<size>
		<width>3008</width>
		<height>2000</height>
		<depth>3</depth>
	</size>
	<object>
		<name>ref_spoon</name>
		<bndbox>
			<xmin>2168</xmin>
			<ymin>738</ymin>
			<xmax>2398</xmax>
			<ymax>1025</ymax>
		</bndbox>
	</object>
	<object>
		<name>ref_fork</name>
		<bndbox>
			<xmin>2539</xmin>
			<ymin>707</ymin>
			<xmax>2725</xmax>
			<ymax>1029</ymax>
		</bndbox>
	</object>
	<object>
		<name>ref_coin</name>
		<bndbox>
			<xmin>1251</xmin>
			<ymin>475</ymin>
			<xmax>1409</xmax>
			<ymax>571</ymax>
		</bndbox>
	</object>
	<object>
		<name>dish</name>
		<bndbox>
			<xmin>718</xmin>
			<ymin>618</ymin>
			<xmax>2024</xmax>
			<ymax>1568</ymax>
		</bndbox>
	</object>
	<object>
		<name>회냉면</name>
		<bndbox>
			<xmin>962</xmin>
			<ymin>797</ymin>
			<xmax>1912</xmax>
			<ymax>1408</ymax>
		</bndbox>
	</object>
</annotation>