<annotation>
	<folder>side비빔면류냉면기회냉면q4</folder>
	<filename>side_비빔면류_냉면기_회냉면_Q4_00012.JPG</filename>
	<path>/side비빔면류냉면기회냉면q4/side_비빔면류_냉면기_회냉면_Q4_00012.JPG</path>
	<source>
		<database>fooddata</database>
	</source>
	<size>
		<width>3008</width>
		<height>2000</height>
		<depth>3</depth>
	</size>
	<object>
		<name>ref_spoon</name>
		<bndbox>
			<xmin>2189</xmin>
			<ymin>649</ymin>
			<xmax>2426</xmax>
			<ymax>940</ymax>
		</bndbox>
	</object>
	<object>
		<name>ref_fork</name>
		<bndbox>
			<xmin>2560</xmin>
			<ymin>604</ymin>
			<xmax>2755</xmax>
			<ymax>933</ymax>
		</bndbox>
	</object>
	<object>
		<name>ref_coin</name>
		<bndbox>
			<xmin>2154</xmin>
			<ymin>494</ymin>
			<xmax>2316</xmax>
			<ymax>602</ymax>
		</bndbox>
	</object>
	<object>
		<name>dish</name>
		<bndbox>
			<xmin>729</xmin>
			<ymin>578</ymin>
			<xmax>2046</xmax>
			<ymax>1532</ymax>
		</bndbox>
	</object>
	<object>
		<name>회냉면</name>
		<bndbox>
			<xmin>946</xmin>
			<ymin>787</ymin>
			<xmax>1921</xmax>
			<ymax>1365</ymax>
		</bndbox>
	</object>
</annotation>