<annotation>
	<folder>side비빔면류냉면기회냉면q4</folder>
	<filename>side_비빔면류_냉면기_회냉면_Q4_00032.JPG</filename>
	<path>/side비빔면류냉면기회냉면q4/side_비빔면류_냉면기_회냉면_Q4_00032.JPG</path>
	<source>
		<database>fooddata</database>
	</source>
	<size>
		<width>3008</width>
		<height>2000</height>
		<depth>3</depth>
	</size>
	<object>
		<name>ref_spoon</name>
		<bndbox>
			<xmin>513</xmin>
			<ymin>707</ymin>
			<xmax>753</xmax>
			<ymax>1006</ymax>
		</bndbox>
	</object>
	<object>
		<name>ref_fork</name>
		<bndbox>
			<xmin>845</xmin>
			<ymin>729</ymin>
			<xmax>1009</xmax>
			<ymax>1079</ymax>
		</bndbox>
	</object>
	<object>
		<name>ref_coin</name>
		<bndbox>
			<xmin>1644</xmin>
			<ymin>1692</ymin>
			<xmax>1839</xmax>
			<ymax>1835</ymax>
		</bndbox>
	</object>
	<object>
		<name>dish</name>
		<bndbox>
			<xmin>1244</xmin>
			<ymin>421</ymin>
			<xmax>2516</xmax>
			<ymax>1361</ymax>
		</bndbox>
	</object>
	<object>
		<name>회냉면</name>
		<bndbox>
			<xmin>1348</xmin>
			<ymin>616</ymin>
			<xmax>2356</xmax>
			<ymax>1208</ymax>
		</bndbox>
	</object>
</annotation>