<annotation>
	<folder>side비빔면류냉면기회냉면q4</folder>
	<filename>side_비빔면류_냉면기_회냉면_Q4_00040.JPG</filename>
	<path>/side비빔면류냉면기회냉면q4/side_비빔면류_냉면기_회냉면_Q4_00040.JPG</path>
	<source>
		<database>fooddata</database>
	</source>
	<size>
		<width>3008</width>
		<height>2000</height>
		<depth>3</depth>
	</size>
	<object>
		<name>ref_spoon</name>
		<bndbox>
			<xmin>161</xmin>
			<ymin>451</ymin>
			<xmax>403</xmax>
			<ymax>745</ymax>
		</bndbox>
	</object>
	<object>
		<name>ref_fork</name>
		<bndbox>
			<xmin>490</xmin>
			<ymin>482</ymin>
			<xmax>657</xmax>
			<ymax>827</ymax>
		</bndbox>
	</object>
	<object>
		<name>ref_coin</name>
		<bndbox>
			<xmin>2274</xmin>
			<ymin>740</ymin>
			<xmax>2445</xmax>
			<ymax>860</ymax>
		</bndbox>
	</object>
	<object>
		<name>dish</name>
		<bndbox>
			<xmin>755</xmin>
			<ymin>284</ymin>
			<xmax>2053</xmax>
			<ymax>1250</ymax>
		</bndbox>
	</object>
	<object>
		<name>회냉면</name>
		<bndbox>
			<xmin>896</xmin>
			<ymin>496</ymin>
			<xmax>1956</xmax>
			<ymax>1107</ymax>
		</bndbox>
	</object>
</annotation>