<annotation>
	<folder>top비빔면류냉면기회냉면q4</folder>
	<filename>top_비빔면류_냉면기_회냉면_Q4_00019.JPG</filename>
	<path>/top비빔면류냉면기회냉면q4/top_비빔면류_냉면기_회냉면_Q4_00019.JPG</path>
	<source>
		<database>fooddata</database>
	</source>
	<size>
		<width>3008</width>
		<height>2000</height>
		<depth>3</depth>
	</size>
	<object>
		<name>ref_spoon</name>
		<bndbox>
			<xmin>955</xmin>
			<ymin>1633</ymin>
			<xmax>1326</xmax>
			<ymax>1897</ymax>
		</bndbox>
	</object>
	<object>
		<name>ref_fork</name>
		<bndbox>
			<xmin>1026</xmin>
			<ymin>1404</ymin>
			<xmax>1382</xmax>
			<ymax>1587</ymax>
		</bndbox>
	</object>
	<object>
		<name>ref_coin</name>
		<bndbox>
			<xmin>2393</xmin>
			<ymin>962</ymin>
			<xmax>2571</xmax>
			<ymax>1135</ymax>
		</bndbox>
	</object>
	<object>
		<name>dish</name>
		<bndbox>
			<xmin>965</xmin>
			<ymin>103</ymin>
			<xmax>2276</xmax>
			<ymax>1404</ymax>
		</bndbox>
	</object>
	<object>
		<name>회냉면</name>
		<bndbox>
			<xmin>1158</xmin>
			<ymin>337</ymin>
			<xmax>2104</xmax>
			<ymax>1201</ymax>
		</bndbox>
	</object>
</annotation>