<annotation>
	<folder>top비빔면류냉면기회냉면q4</folder>
	<filename>top_비빔면류_냉면기_회냉면_Q4_00017.JPG</filename>
	<path>/top비빔면류냉면기회냉면q4/top_비빔면류_냉면기_회냉면_Q4_00017.JPG</path>
	<source>
		<database>fooddata</database>
	</source>
	<size>
		<width>3008</width>
		<height>2000</height>
		<depth>3</depth>
	</size>
	<object>
		<name>ref_spoon</name>
		<bndbox>
			<xmin>1001</xmin>
			<ymin>1658</ymin>
			<xmax>1382</xmax>
			<ymax>1917</ymax>
		</bndbox>
	</object>
	<object>
		<name>ref_fork</name>
		<bndbox>
			<xmin>1057</xmin>
			<ymin>1424</ymin>
			<xmax>1453</xmax>
			<ymax>1612</ymax>
		</bndbox>
	</object>
	<object>
		<name>ref_coin</name>
		<bndbox>
			<xmin>2205</xmin>
			<ymin>1099</ymin>
			<xmax>2368</xmax>
			<ymax>1282</ymax>
		</bndbox>
	</object>
	<object>
		<name>dish</name>
		<bndbox>
			<xmin>976</xmin>
			<ymin>144</ymin>
			<xmax>2297</xmax>
			<ymax>1445</ymax>
		</bndbox>
	</object>
	<object>
		<name>회냉면</name>
		<bndbox>
			<xmin>1219</xmin>
			<ymin>388</ymin>
			<xmax>2124</xmax>
			<ymax>1252</ymax>
		</bndbox>
	</object>
</annotation>