<annotation>
	<folder>top비빔면류냉면기회냉면q4</folder>
	<filename>top_비빔면류_냉면기_회냉면_Q4_00020.JPG</filename>
	<path>/top비빔면류냉면기회냉면q4/top_비빔면류_냉면기_회냉면_Q4_00020.JPG</path>
	<source>
		<database>fooddata</database>
	</source>
	<size>
		<width>3008</width>
		<height>2000</height>
		<depth>3</depth>
	</size>
	<object>
		<name>ref_spoon</name>
		<bndbox>
			<xmin>945</xmin>
			<ymin>1633</ymin>
			<xmax>1316</xmax>
			<ymax>1887</ymax>
		</bndbox>
	</object>
	<object>
		<name>ref_fork</name>
		<bndbox>
			<xmin>1006</xmin>
			<ymin>1399</ymin>
			<xmax>1413</xmax>
			<ymax>1567</ymax>
		</bndbox>
	</object>
	<object>
		<name>ref_coin</name>
		<bndbox>
			<xmin>2439</xmin>
			<ymin>855</ymin>
			<xmax>2627</xmax>
			<ymax>1038</ymax>
		</bndbox>
	</object>
	<object>
		<name>dish</name>
		<bndbox>
			<xmin>955</xmin>
			<ymin>93</ymin>
			<xmax>2281</xmax>
			<ymax>1404</ymax>
		</bndbox>
	</object>
	<object>
		<name>회냉면</name>
		<bndbox>
			<xmin>1179</xmin>
			<ymin>372</ymin>
			<xmax>2032</xmax>
			<ymax>1211</ymax>
		</bndbox>
	</object>
</annotation>