<annotation>
	<folder>top비빔면류냉면기회냉면q4</folder>
	<filename>top_비빔면류_냉면기_회냉면_Q4_00030.JPG</filename>
	<path>/top비빔면류냉면기회냉면q4/top_비빔면류_냉면기_회냉면_Q4_00030.JPG</path>
	<source>
		<database>fooddata</database>
	</source>
	<size>
		<width>3008</width>
		<height>2000</height>
		<depth>3</depth>
	</size>
	<object>
		<name>ref_spoon</name>
		<bndbox>
			<xmin>986</xmin>
			<ymin>1638</ymin>
			<xmax>1336</xmax>
			<ymax>1892</ymax>
		</bndbox>
	</object>
	<object>
		<name>ref_fork</name>
		<bndbox>
			<xmin>1057</xmin>
			<ymin>1409</ymin>
			<xmax>1423</xmax>
			<ymax>1597</ymax>
		</bndbox>
	</object>
	<object>
		<name>ref_coin</name>
		<bndbox>
			<xmin>686</xmin>
			<ymin>439</ymin>
			<xmax>854</xmax>
			<ymax>611</ymax>
		</bndbox>
	</object>
	<object>
		<name>dish</name>
		<bndbox>
			<xmin>970</xmin>
			<ymin>37</ymin>
			<xmax>2266</xmax>
			<ymax>1302</ymax>
		</bndbox>
	</object>
	<object>
		<name>회냉면</name>
		<bndbox>
			<xmin>1153</xmin>
			<ymin>245</ymin>
			<xmax>2032</xmax>
			<ymax>1155</ymax>
		</bndbox>
	</object>
</annotation>