<annotation>
	<folder>top비빔면류냉면기회냉면q4</folder>
	<filename>top_비빔면류_냉면기_회냉면_Q4_00044.JPG</filename>
	<path>/top비빔면류냉면기회냉면q4/top_비빔면류_냉면기_회냉면_Q4_00044.JPG</path>
	<source>
		<database>fooddata</database>
	</source>
	<size>
		<width>3008</width>
		<height>2000</height>
		<depth>3</depth>
	</size>
	<object>
		<name>ref_spoon</name>
		<bndbox>
			<xmin>457</xmin>
			<ymin>510</ymin>
			<xmax>737</xmax>
			<ymax>891</ymax>
		</bndbox>
	</object>
	<object>
		<name>ref_fork</name>
		<bndbox>
			<xmin>798</xmin>
			<ymin>515</ymin>
			<xmax>996</xmax>
			<ymax>967</ymax>
		</bndbox>
	</object>
	<object>
		<name>ref_coin</name>
		<bndbox>
			<xmin>1982</xmin>
			<ymin>113</ymin>
			<xmax>2154</xmax>
			<ymax>286</ymax>
		</bndbox>
	</object>
	<object>
		<name>dish</name>
		<bndbox>
			<xmin>1219</xmin>
			<ymin>337</ymin>
			<xmax>2662</xmax>
			<ymax>1800</ymax>
		</bndbox>
	</object>
	<object>
		<name>회냉면</name>
		<bndbox>
			<xmin>1397</xmin>
			<ymin>621</ymin>
			<xmax>2378</xmax>
			<ymax>1582</ymax>
		</bndbox>
	</object>
</annotation>