<annotation>
	<folder>side반찬면적접시오징어젓갈q1</folder>
	<filename>side_반찬면적_접시_오징어젓갈_Q1_00002.JPG</filename>
	<path>/side반찬면적접시오징어젓갈q1/side_반찬면적_접시_오징어젓갈_Q1_00002.JPG</path>
	<source>
		<database>fooddata</database>
	</source>
	<size>
		<width>3008</width>
		<height>2000</height>
		<depth>3</depth>
	</size>
	<object>
		<name>ref_spoon</name>
		<bndbox>
			<xmin>1628</xmin>
			<ymin>561</ymin>
			<xmax>1970</xmax>
			<ymax>947</ymax>
		</bndbox>
	</object>
	<object>
		<name>ref_fork</name>
		<bndbox>
			<xmin>2085</xmin>
			<ymin>587</ymin>
			<xmax>2343</xmax>
			<ymax>1022</ymax>
		</bndbox>
	</object>
	<object>
		<name>ref_coin</name>
		<bndbox>
			<xmin>1154</xmin>
			<ymin>1528</ymin>
			<xmax>1411</xmax>
			<ymax>1728</ymax>
		</bndbox>
	</object>
	<object>
		<name>dish</name>
		<bndbox>
			<xmin>697</xmin>
			<ymin>738</ymin>
			<xmax>1593</xmax>
			<ymax>1342</ymax>
		</bndbox>
	</object>
	<object>
		<name>오징어젓갈</name>
		<bndbox>
			<xmin>985</xmin>
			<ymin>1000</ymin>
			<xmax>1273</xmax>
			<ymax>1244</ymax>
		</bndbox>
	</object>
</annotation>