<annotation>
	<folder>side반찬면적접시오징어젓갈q1</folder>
	<filename>side_반찬면적_접시_오징어젓갈_Q1_00051.JPG</filename>
	<path>/side반찬면적접시오징어젓갈q1/side_반찬면적_접시_오징어젓갈_Q1_00051.JPG</path>
	<source>
		<database>fooddata</database>
	</source>
	<size>
		<width>3008</width>
		<height>2000</height>
		<depth>3</depth>
	</size>
	<object>
		<name>ref_spoon</name>
		<bndbox>
			<xmin>395</xmin>
			<ymin>481</ymin>
			<xmax>732</xmax>
			<ymax>907</ymax>
		</bndbox>
	</object>
	<object>
		<name>ref_fork</name>
		<bndbox>
			<xmin>768</xmin>
			<ymin>485</ymin>
			<xmax>1020</xmax>
			<ymax>960</ymax>
		</bndbox>
	</object>
	<object>
		<name>ref_coin</name>
		<bndbox>
			<xmin>1402</xmin>
			<ymin>379</ymin>
			<xmax>1642</xmax>
			<ymax>539</ymax>
		</bndbox>
	</object>
	<object>
		<name>dish</name>
		<bndbox>
			<xmin>1180</xmin>
			<ymin>743</ymin>
			<xmax>2063</xmax>
			<ymax>1359</ymax>
		</bndbox>
	</object>
	<object>
		<name>오징어젓갈</name>
		<bndbox>
			<xmin>1402</xmin>
			<ymin>973</ymin>
			<xmax>1784</xmax>
			<ymax>1217</ymax>
		</bndbox>
	</object>
</annotation>