<annotation>
	<folder>side반찬면적접시오징어젓갈q1</folder>
	<filename>side_반찬면적_접시_오징어젓갈_Q1_00036.JPG</filename>
	<path>/side반찬면적접시오징어젓갈q1/side_반찬면적_접시_오징어젓갈_Q1_00036.JPG</path>
	<source>
		<database>fooddata</database>
	</source>
	<size>
		<width>3008</width>
		<height>2000</height>
		<depth>3</depth>
	</size>
	<object>
		<name>ref_spoon</name>
		<bndbox>
			<xmin>581</xmin>
			<ymin>246</ymin>
			<xmax>923</xmax>
			<ymax>672</ymax>
		</bndbox>
	</object>
	<object>
		<name>ref_fork</name>
		<bndbox>
			<xmin>958</xmin>
			<ymin>250</ymin>
			<xmax>1216</xmax>
			<ymax>720</ymax>
		</bndbox>
	</object>
	<object>
		<name>ref_coin</name>
		<bndbox>
			<xmin>2427</xmin>
			<ymin>982</ymin>
			<xmax>2680</xmax>
			<ymax>1177</ymax>
		</bndbox>
	</object>
	<object>
		<name>dish</name>
		<bndbox>
			<xmin>1415</xmin>
			<ymin>326</ymin>
			<xmax>2303</xmax>
			<ymax>938</ymax>
		</bndbox>
	</object>
	<object>
		<name>오징어젓갈</name>
		<bndbox>
			<xmin>1779</xmin>
			<ymin>552</ymin>
			<xmax>2067</xmax>
			<ymax>818</ymax>
		</bndbox>
	</object>
</annotation>