<annotation>
	<folder>side반찬면적접시오징어젓갈q1</folder>
	<filename>side_반찬면적_접시_오징어젓갈_Q1_00015.JPG</filename>
	<path>/side반찬면적접시오징어젓갈q1/side_반찬면적_접시_오징어젓갈_Q1_00015.JPG</path>
	<source>
		<database>fooddata</database>
	</source>
	<size>
		<width>3008</width>
		<height>2000</height>
		<depth>3</depth>
	</size>
	<object>
		<name>ref_spoon</name>
		<bndbox>
			<xmin>1517</xmin>
			<ymin>166</ymin>
			<xmax>1846</xmax>
			<ymax>552</ymax>
		</bndbox>
	</object>
	<object>
		<name>ref_fork</name>
		<bndbox>
			<xmin>1970</xmin>
			<ymin>135</ymin>
			<xmax>2240</xmax>
			<ymax>587</ymax>
		</bndbox>
	</object>
	<object>
		<name>ref_coin</name>
		<bndbox>
			<xmin>1233</xmin>
			<ymin>1293</ymin>
			<xmax>1504</xmax>
			<ymax>1484</ymax>
		</bndbox>
	</object>
	<object>
		<name>dish</name>
		<bndbox>
			<xmin>497</xmin>
			<ymin>574</ymin>
			<xmax>1406</xmax>
			<ymax>1177</ymax>
		</bndbox>
	</object>
	<object>
		<name>오징어젓갈</name>
		<bndbox>
			<xmin>790</xmin>
			<ymin>849</ymin>
			<xmax>1096</xmax>
			<ymax>1067</ymax>
		</bndbox>
	</object>
</annotation>