<annotation>
	<folder>side반찬면적접시오징어젓갈q1</folder>
	<filename>side_반찬면적_접시_오징어젓갈_Q1_00007.JPG</filename>
	<path>/side반찬면적접시오징어젓갈q1/side_반찬면적_접시_오징어젓갈_Q1_00007.JPG</path>
	<source>
		<database>fooddata</database>
	</source>
	<size>
		<width>3008</width>
		<height>2000</height>
		<depth>3</depth>
	</size>
	<object>
		<name>ref_spoon</name>
		<bndbox>
			<xmin>1739</xmin>
			<ymin>268</ymin>
			<xmax>2076</xmax>
			<ymax>645</ymax>
		</bndbox>
	</object>
	<object>
		<name>ref_fork</name>
		<bndbox>
			<xmin>2196</xmin>
			<ymin>241</ymin>
			<xmax>2471</xmax>
			<ymax>694</ymax>
		</bndbox>
	</object>
	<object>
		<name>ref_coin</name>
		<bndbox>
			<xmin>319</xmin>
			<ymin>672</ymin>
			<xmax>577</xmax>
			<ymax>840</ymax>
		</bndbox>
	</object>
	<object>
		<name>dish</name>
		<bndbox>
			<xmin>759</xmin>
			<ymin>627</ymin>
			<xmax>1677</xmax>
			<ymax>1222</ymax>
		</bndbox>
	</object>
	<object>
		<name>오징어젓갈</name>
		<bndbox>
			<xmin>1074</xmin>
			<ymin>889</ymin>
			<xmax>1375</xmax>
			<ymax>1115</ymax>
		</bndbox>
	</object>
</annotation>