<annotation>
	<folder>side반찬면적접시오징어젓갈q1</folder>
	<filename>side_반찬면적_접시_오징어젓갈_Q1_00050.JPG</filename>
	<path>/side반찬면적접시오징어젓갈q1/side_반찬면적_접시_오징어젓갈_Q1_00050.JPG</path>
	<source>
		<database>fooddata</database>
	</source>
	<size>
		<width>3008</width>
		<height>2000</height>
		<depth>3</depth>
	</size>
	<object>
		<name>ref_spoon</name>
		<bndbox>
			<xmin>408</xmin>
			<ymin>667</ymin>
			<xmax>741</xmax>
			<ymax>1067</ymax>
		</bndbox>
	</object>
	<object>
		<name>ref_fork</name>
		<bndbox>
			<xmin>768</xmin>
			<ymin>636</ymin>
			<xmax>1038</xmax>
			<ymax>1093</ymax>
		</bndbox>
	</object>
	<object>
		<name>ref_coin</name>
		<bndbox>
			<xmin>1868</xmin>
			<ymin>428</ymin>
			<xmax>2103</xmax>
			<ymax>583</ymax>
		</bndbox>
	</object>
	<object>
		<name>dish</name>
		<bndbox>
			<xmin>1176</xmin>
			<ymin>796</ymin>
			<xmax>2059</xmax>
			<ymax>1395</ymax>
		</bndbox>
	</object>
	<object>
		<name>오징어젓갈</name>
		<bndbox>
			<xmin>1424</xmin>
			<ymin>1089</ymin>
			<xmax>1788</xmax>
			<ymax>1319</ymax>
		</bndbox>
	</object>
</annotation>