<annotation>
	<folder>side반찬면적접시오징어젓갈q1</folder>
	<filename>side_반찬면적_접시_오징어젓갈_Q1_00016.JPG</filename>
	<path>/side반찬면적접시오징어젓갈q1/side_반찬면적_접시_오징어젓갈_Q1_00016.JPG</path>
	<source>
		<database>fooddata</database>
	</source>
	<size>
		<width>3008</width>
		<height>2000</height>
		<depth>3</depth>
	</size>
	<object>
		<name>ref_spoon</name>
		<bndbox>
			<xmin>1486</xmin>
			<ymin>130</ymin>
			<xmax>1832</xmax>
			<ymax>516</ymax>
		</bndbox>
	</object>
	<object>
		<name>ref_fork</name>
		<bndbox>
			<xmin>1948</xmin>
			<ymin>86</ymin>
			<xmax>2218</xmax>
			<ymax>543</ymax>
		</bndbox>
	</object>
	<object>
		<name>ref_coin</name>
		<bndbox>
			<xmin>710</xmin>
			<ymin>1368</ymin>
			<xmax>1003</xmax>
			<ymax>1581</ymax>
		</bndbox>
	</object>
	<object>
		<name>dish</name>
		<bndbox>
			<xmin>426</xmin>
			<ymin>543</ymin>
			<xmax>1349</xmax>
			<ymax>1138</ymax>
		</bndbox>
	</object>
	<object>
		<name>오징어젓갈</name>
		<bndbox>
			<xmin>714</xmin>
			<ymin>805</ymin>
			<xmax>1051</xmax>
			<ymax>1040</ymax>
		</bndbox>
	</object>
</annotation>