<annotation>
	<folder>top반찬면적접시오징어젓갈q1</folder>
	<filename>top_반찬면적_접시_오징어젓갈_Q1_00052.JPG</filename>
	<path>/top반찬면적접시오징어젓갈q1/top_반찬면적_접시_오징어젓갈_Q1_00052.JPG</path>
	<source>
		<database>fooddata</database>
	</source>
	<size>
		<width>3008</width>
		<height>2000</height>
		<depth>3</depth>
	</size>
	<object>
		<name>ref_spoon</name>
		<bndbox>
			<xmin>588</xmin>
			<ymin>114</ymin>
			<xmax>961</xmax>
			<ymax>657</ymax>
		</bndbox>
	</object>
	<object>
		<name>ref_fork</name>
		<bndbox>
			<xmin>1074</xmin>
			<ymin>174</ymin>
			<xmax>1334</xmax>
			<ymax>793</ymax>
		</bndbox>
	</object>
	<object>
		<name>ref_coin</name>
		<bndbox>
			<xmin>1779</xmin>
			<ymin>1641</ymin>
			<xmax>2051</xmax>
			<ymax>1908</ymax>
		</bndbox>
	</object>
	<object>
		<name>dish</name>
		<bndbox>
			<xmin>1504</xmin>
			<ymin>480</ymin>
			<xmax>2458</xmax>
			<ymax>1456</ymax>
		</bndbox>
	</object>
	<object>
		<name>오징어젓갈</name>
		<bndbox>
			<xmin>1768</xmin>
			<ymin>910</ymin>
			<xmax>2096</xmax>
			<ymax>1177</ymax>
		</bndbox>
	</object>
</annotation>