<annotation>
	<folder>top반찬면적접시오징어젓갈q1</folder>
	<filename>top_반찬면적_접시_오징어젓갈_Q1_00027.JPG</filename>
	<path>/top반찬면적접시오징어젓갈q1/top_반찬면적_접시_오징어젓갈_Q1_00027.JPG</path>
	<source>
		<database>fooddata</database>
	</source>
	<size>
		<width>3008</width>
		<height>2000</height>
		<depth>3</depth>
	</size>
	<object>
		<name>ref_spoon</name>
		<bndbox>
			<xmin>777</xmin>
			<ymin>1599</ymin>
			<xmax>1251</xmax>
			<ymax>1908</ymax>
		</bndbox>
	</object>
	<object>
		<name>ref_fork</name>
		<bndbox>
			<xmin>957</xmin>
			<ymin>1320</ymin>
			<xmax>1447</xmax>
			<ymax>1547</ymax>
		</bndbox>
	</object>
	<object>
		<name>ref_coin</name>
		<bndbox>
			<xmin>2296</xmin>
			<ymin>1011</ymin>
			<xmax>2518</xmax>
			<ymax>1230</ymax>
		</bndbox>
	</object>
	<object>
		<name>dish</name>
		<bndbox>
			<xmin>1372</xmin>
			<ymin>469</ymin>
			<xmax>2149</xmax>
			<ymax>1260</ymax>
		</bndbox>
	</object>
	<object>
		<name>오징어젓갈</name>
		<bndbox>
			<xmin>1598</xmin>
			<ymin>747</ymin>
			<xmax>1888</xmax>
			<ymax>1000</ymax>
		</bndbox>
	</object>
</annotation>