<annotation>
	<folder>top반찬면적접시오징어젓갈q1</folder>
	<filename>top_반찬면적_접시_오징어젓갈_Q1_00003.JPG</filename>
	<path>/top반찬면적접시오징어젓갈q1/top_반찬면적_접시_오징어젓갈_Q1_00003.JPG</path>
	<source>
		<database>fooddata</database>
	</source>
	<size>
		<width>3008</width>
		<height>2000</height>
		<depth>3</depth>
	</size>
	<object>
		<name>ref_spoon</name>
		<bndbox>
			<xmin>1870</xmin>
			<ymin>201</ymin>
			<xmax>2201</xmax>
			<ymax>702</ymax>
		</bndbox>
	</object>
	<object>
		<name>ref_fork</name>
		<bndbox>
			<xmin>2265</xmin>
			<ymin>178</ymin>
			<xmax>2503</xmax>
			<ymax>744</ymax>
		</bndbox>
	</object>
	<object>
		<name>ref_coin</name>
		<bndbox>
			<xmin>1037</xmin>
			<ymin>1577</ymin>
			<xmax>1300</xmax>
			<ymax>1844</ymax>
		</bndbox>
	</object>
	<object>
		<name>dish</name>
		<bndbox>
			<xmin>882</xmin>
			<ymin>404</ymin>
			<xmax>1832</xmax>
			<ymax>1358</ymax>
		</bndbox>
	</object>
	<object>
		<name>오징어젓갈</name>
		<bndbox>
			<xmin>1176</xmin>
			<ymin>747</ymin>
			<xmax>1481</xmax>
			<ymax>1083</ymax>
		</bndbox>
	</object>
</annotation>