<annotation>
	<folder>top반찬면적접시오징어젓갈q1</folder>
	<filename>top_반찬면적_접시_오징어젓갈_Q1_00004.JPG</filename>
	<path>/top반찬면적접시오징어젓갈q1/top_반찬면적_접시_오징어젓갈_Q1_00004.JPG</path>
	<source>
		<database>fooddata</database>
	</source>
	<size>
		<width>3008</width>
		<height>2000</height>
		<depth>3</depth>
	</size>
	<object>
		<name>ref_spoon</name>
		<bndbox>
			<xmin>1809</xmin>
			<ymin>220</ymin>
			<xmax>2156</xmax>
			<ymax>732</ymax>
		</bndbox>
	</object>
	<object>
		<name>ref_fork</name>
		<bndbox>
			<xmin>2220</xmin>
			<ymin>216</ymin>
			<xmax>2461</xmax>
			<ymax>785</ymax>
		</bndbox>
	</object>
	<object>
		<name>ref_coin</name>
		<bndbox>
			<xmin>663</xmin>
			<ymin>1452</ymin>
			<xmax>931</xmax>
			<ymax>1712</ymax>
		</bndbox>
	</object>
	<object>
		<name>dish</name>
		<bndbox>
			<xmin>746</xmin>
			<ymin>461</ymin>
			<xmax>1681</xmax>
			<ymax>1400</ymax>
		</bndbox>
	</object>
	<object>
		<name>오징어젓갈</name>
		<bndbox>
			<xmin>1071</xmin>
			<ymin>751</ymin>
			<xmax>1368</xmax>
			<ymax>1106</ymax>
		</bndbox>
	</object>
</annotation>