<annotation>
	<folder>top반찬면적접시오징어젓갈q1</folder>
	<filename>top_반찬면적_접시_오징어젓갈_Q1_00011.JPG</filename>
	<path>/top반찬면적접시오징어젓갈q1/top_반찬면적_접시_오징어젓갈_Q1_00011.JPG</path>
	<source>
		<database>fooddata</database>
	</source>
	<size>
		<width>3008</width>
		<height>2000</height>
		<depth>3</depth>
	</size>
	<object>
		<name>ref_spoon</name>
		<bndbox>
			<xmin>1949</xmin>
			<ymin>525</ymin>
			<xmax>2284</xmax>
			<ymax>1068</ymax>
		</bndbox>
	</object>
	<object>
		<name>ref_fork</name>
		<bndbox>
			<xmin>2345</xmin>
			<ymin>502</ymin>
			<xmax>2608</xmax>
			<ymax>1064</ymax>
		</bndbox>
	</object>
	<object>
		<name>ref_coin</name>
		<bndbox>
			<xmin>1659</xmin>
			<ymin>144</ymin>
			<xmax>1904</xmax>
			<ymax>378</ymax>
		</bndbox>
	</object>
	<object>
		<name>dish</name>
		<bndbox>
			<xmin>837</xmin>
			<ymin>834</ymin>
			<xmax>1787</xmax>
			<ymax>1773</ymax>
		</bndbox>
	</object>
	<object>
		<name>오징어젓갈</name>
		<bndbox>
			<xmin>1131</xmin>
			<ymin>1185</ymin>
			<xmax>1493</xmax>
			<ymax>1456</ymax>
		</bndbox>
	</object>
</annotation>