<annotation>
	<folder>top반찬면적접시오징어젓갈q1</folder>
	<filename>top_반찬면적_접시_오징어젓갈_Q1_00020.JPG</filename>
	<path>/top반찬면적접시오징어젓갈q1/top_반찬면적_접시_오징어젓갈_Q1_00020.JPG</path>
	<source>
		<database>fooddata</database>
	</source>
	<size>
		<width>3008</width>
		<height>2000</height>
		<depth>3</depth>
	</size>
	<object>
		<name>ref_spoon</name>
		<bndbox>
			<xmin>652</xmin>
			<ymin>1596</ymin>
			<xmax>1101</xmax>
			<ymax>1908</ymax>
		</bndbox>
	</object>
	<object>
		<name>ref_fork</name>
		<bndbox>
			<xmin>841</xmin>
			<ymin>1332</ymin>
			<xmax>1327</xmax>
			<ymax>1547</ymax>
		</bndbox>
	</object>
	<object>
		<name>ref_coin</name>
		<bndbox>
			<xmin>2051</xmin>
			<ymin>246</ymin>
			<xmax>2250</xmax>
			<ymax>457</ymax>
		</bndbox>
	</object>
	<object>
		<name>dish</name>
		<bndbox>
			<xmin>1395</xmin>
			<ymin>442</ymin>
			<xmax>2167</xmax>
			<ymax>1226</ymax>
		</bndbox>
	</object>
	<object>
		<name>오징어젓갈</name>
		<bndbox>
			<xmin>1632</xmin>
			<ymin>695</ymin>
			<xmax>1892</xmax>
			<ymax>1004</ymax>
		</bndbox>
	</object>
</annotation>