<annotation>
	<folder>side육류부피원형배달라볶이q5</folder>
	<filename>side_육류부피_원형배달_라볶이_Q5_00044.JPG</filename>
	<path>/side육류부피원형배달라볶이q5/side_육류부피_원형배달_라볶이_Q5_00044.JPG</path>
	<source>
		<database>fooddata</database>
	</source>
	<size>
		<width>3008</width>
		<height>2000</height>
		<depth>3</depth>
	</size>
	<object>
		<name>ref_spoon</name>
		<bndbox>
			<xmin>254</xmin>
			<ymin>447</ymin>
			<xmax>576</xmax>
			<ymax>880</ymax>
		</bndbox>
	</object>
	<object>
		<name>ref_fork</name>
		<bndbox>
			<xmin>685</xmin>
			<ymin>500</ymin>
			<xmax>909</xmax>
			<ymax>999</ymax>
		</bndbox>
	</object>
	<object>
		<name>ref_coin</name>
		<bndbox>
			<xmin>924</xmin>
			<ymin>1379</ymin>
			<xmax>1181</xmax>
			<ymax>1580</ymax>
		</bndbox>
	</object>
	<object>
		<name>dish</name>
		<bndbox>
			<xmin>1148</xmin>
			<ymin>417</ymin>
			<xmax>2214</xmax>
			<ymax>1424</ymax>
		</bndbox>
	</object>
	<object>
		<name>라볶이</name>
		<bndbox>
			<xmin>1249</xmin>
			<ymin>576</ymin>
			<xmax>2143</xmax>
			<ymax>1072</ymax>
		</bndbox>
	</object>
</annotation>