<annotation>
	<folder>side육류부피원형배달라볶이q5</folder>
	<filename>side_육류부피_원형배달_라볶이_Q5_00032.JPG</filename>
	<path>/side육류부피원형배달라볶이q5/side_육류부피_원형배달_라볶이_Q5_00032.JPG</path>
	<source>
		<database>fooddata</database>
	</source>
	<size>
		<width>3008</width>
		<height>2000</height>
		<depth>3</depth>
	</size>
	<object>
		<name>ref_spoon</name>
		<bndbox>
			<xmin>207</xmin>
			<ymin>1267</ymin>
			<xmax>756</xmax>
			<ymax>1574</ymax>
		</bndbox>
	</object>
	<object>
		<name>ref_fork</name>
		<bndbox>
			<xmin>407</xmin>
			<ymin>1010</ymin>
			<xmax>986</xmax>
			<ymax>1279</ymax>
		</bndbox>
	</object>
	<object>
		<name>ref_coin</name>
		<bndbox>
			<xmin>1181</xmin>
			<ymin>1642</ymin>
			<xmax>1443</xmax>
			<ymax>1858</ymax>
		</bndbox>
	</object>
	<object>
		<name>dish</name>
		<bndbox>
			<xmin>782</xmin>
			<ymin>66</ymin>
			<xmax>1807</xmax>
			<ymax>1049</ymax>
		</bndbox>
	</object>
	<object>
		<name>라볶이</name>
		<bndbox>
			<xmin>871</xmin>
			<ymin>175</ymin>
			<xmax>1753</xmax>
			<ymax>694</ymax>
		</bndbox>
	</object>
</annotation>