<annotation>
	<folder>side육류부피원형배달라볶이q5</folder>
	<filename>side_육류부피_원형배달_라볶이_Q5_00021.JPG</filename>
	<path>/side육류부피원형배달라볶이q5/side_육류부피_원형배달_라볶이_Q5_00021.JPG</path>
	<source>
		<database>fooddata</database>
	</source>
	<size>
		<width>3008</width>
		<height>2000</height>
		<depth>3</depth>
	</size>
	<object>
		<name>ref_spoon</name>
		<bndbox>
			<xmin>242</xmin>
			<ymin>1548</ymin>
			<xmax>827</xmax>
			<ymax>1881</ymax>
		</bndbox>
	</object>
	<object>
		<name>ref_fork</name>
		<bndbox>
			<xmin>475</xmin>
			<ymin>1267</ymin>
			<xmax>1101</xmax>
			<ymax>1568</ymax>
		</bndbox>
	</object>
	<object>
		<name>ref_coin</name>
		<bndbox>
			<xmin>2125</xmin>
			<ymin>426</ymin>
			<xmax>2364</xmax>
			<ymax>594</ymax>
		</bndbox>
	</object>
	<object>
		<name>dish</name>
		<bndbox>
			<xmin>880</xmin>
			<ymin>213</ymin>
			<xmax>1948</xmax>
			<ymax>1273</ymax>
		</bndbox>
	</object>
	<object>
		<name>라볶이</name>
		<bndbox>
			<xmin>933</xmin>
			<ymin>299</ymin>
			<xmax>1842</xmax>
			<ymax>901</ymax>
		</bndbox>
	</object>
</annotation>