<annotation>
	<folder>side육류부피원형배달라볶이q5</folder>
	<filename>side_육류부피_원형배달_라볶이_Q5_00042.JPG</filename>
	<path>/side육류부피원형배달라볶이q5/side_육류부피_원형배달_라볶이_Q5_00042.JPG</path>
	<source>
		<database>fooddata</database>
	</source>
	<size>
		<width>3008</width>
		<height>2000</height>
		<depth>3</depth>
	</size>
	<object>
		<name>ref_spoon</name>
		<bndbox>
			<xmin>236</xmin>
			<ymin>538</ymin>
			<xmax>555</xmax>
			<ymax>990</ymax>
		</bndbox>
	</object>
	<object>
		<name>ref_fork</name>
		<bndbox>
			<xmin>667</xmin>
			<ymin>600</ymin>
			<xmax>886</xmax>
			<ymax>1096</ymax>
		</bndbox>
	</object>
	<object>
		<name>ref_coin</name>
		<bndbox>
			<xmin>2367</xmin>
			<ymin>1335</ymin>
			<xmax>2621</xmax>
			<ymax>1527</ymax>
		</bndbox>
	</object>
	<object>
		<name>dish</name>
		<bndbox>
			<xmin>1131</xmin>
			<ymin>506</ymin>
			<xmax>2199</xmax>
			<ymax>1527</ymax>
		</bndbox>
	</object>
	<object>
		<name>라볶이</name>
		<bndbox>
			<xmin>1246</xmin>
			<ymin>662</ymin>
			<xmax>2105</xmax>
			<ymax>1179</ymax>
		</bndbox>
	</object>
</annotation>