<annotation>
	<folder>side육류부피원형배달라볶이q5</folder>
	<filename>side_육류부피_원형배달_라볶이_Q5_00005.JPG</filename>
	<path>/side육류부피원형배달라볶이q5/side_육류부피_원형배달_라볶이_Q5_00005.JPG</path>
	<source>
		<database>fooddata</database>
	</source>
	<size>
		<width>3008</width>
		<height>2000</height>
		<depth>3</depth>
	</size>
	<object>
		<name>ref_spoon</name>
		<bndbox>
			<xmin>1889</xmin>
			<ymin>420</ymin>
			<xmax>2226</xmax>
			<ymax>877</ymax>
		</bndbox>
	</object>
	<object>
		<name>ref_fork</name>
		<bndbox>
			<xmin>2326</xmin>
			<ymin>511</ymin>
			<xmax>2565</xmax>
			<ymax>1046</ymax>
		</bndbox>
	</object>
	<object>
		<name>ref_coin</name>
		<bndbox>
			<xmin>71</xmin>
			<ymin>1249</ymin>
			<xmax>348</xmax>
			<ymax>1462</ymax>
		</bndbox>
	</object>
	<object>
		<name>dish</name>
		<bndbox>
			<xmin>638</xmin>
			<ymin>263</ymin>
			<xmax>1745</xmax>
			<ymax>1341</ymax>
		</bndbox>
	</object>
	<object>
		<name>라볶이</name>
		<bndbox>
			<xmin>691</xmin>
			<ymin>476</ymin>
			<xmax>1653</xmax>
			<ymax>960</ymax>
		</bndbox>
	</object>
</annotation>