<annotation>
	<folder>top육류부피원형배달라볶이q5</folder>
	<filename>top_육류부피_원형배달_라볶이_Q5_00006.JPG</filename>
	<path>/top육류부피원형배달라볶이q5/top_육류부피_원형배달_라볶이_Q5_00006.JPG</path>
	<source>
		<database>fooddata</database>
	</source>
	<size>
		<width>3008</width>
		<height>2000</height>
		<depth>3</depth>
	</size>
	<object>
		<name>ref_spoon</name>
		<bndbox>
			<xmin>1736</xmin>
			<ymin>164</ymin>
			<xmax>2018</xmax>
			<ymax>637</ymax>
		</bndbox>
	</object>
	<object>
		<name>ref_fork</name>
		<bndbox>
			<xmin>2178</xmin>
			<ymin>326</ymin>
			<xmax>2392</xmax>
			<ymax>836</ymax>
		</bndbox>
	</object>
	<object>
		<name>ref_coin</name>
		<bndbox>
			<xmin>285</xmin>
			<ymin>1295</ymin>
			<xmax>504</xmax>
			<ymax>1509</ymax>
		</bndbox>
	</object>
	<object>
		<name>dish</name>
		<bndbox>
			<xmin>645</xmin>
			<ymin>358</ymin>
			<xmax>1663</xmax>
			<ymax>1386</ymax>
		</bndbox>
	</object>
	<object>
		<name>라볶이</name>
		<bndbox>
			<xmin>760</xmin>
			<ymin>507</ymin>
			<xmax>1577</xmax>
			<ymax>1334</ymax>
		</bndbox>
	</object>
</annotation>