<annotation>
	<folder>top육류부피원형배달라볶이q5</folder>
	<filename>top_육류부피_원형배달_라볶이_Q5_00045.JPG</filename>
	<path>/top육류부피원형배달라볶이q5/top_육류부피_원형배달_라볶이_Q5_00045.JPG</path>
	<source>
		<database>fooddata</database>
	</source>
	<size>
		<width>3008</width>
		<height>2000</height>
		<depth>3</depth>
	</size>
	<object>
		<name>ref_spoon</name>
		<bndbox>
			<xmin>624</xmin>
			<ymin>68</ymin>
			<xmax>901</xmax>
			<ymax>525</ymax>
		</bndbox>
	</object>
	<object>
		<name>ref_fork</name>
		<bndbox>
			<xmin>1071</xmin>
			<ymin>170</ymin>
			<xmax>1259</xmax>
			<ymax>676</ymax>
		</bndbox>
	</object>
	<object>
		<name>ref_coin</name>
		<bndbox>
			<xmin>859</xmin>
			<ymin>1640</ymin>
			<xmax>1060</xmax>
			<ymax>1851</ymax>
		</bndbox>
	</object>
	<object>
		<name>dish</name>
		<bndbox>
			<xmin>1321</xmin>
			<ymin>415</ymin>
			<xmax>2266</xmax>
			<ymax>1345</ymax>
		</bndbox>
	</object>
	<object>
		<name>라볶이</name>
		<bndbox>
			<xmin>1387</xmin>
			<ymin>496</ymin>
			<xmax>2170</xmax>
			<ymax>1290</ymax>
		</bndbox>
	</object>
</annotation>