<annotation>
	<folder>top육류부피원형배달라볶이q5</folder>
	<filename>top_육류부피_원형배달_라볶이_Q5_00029.JPG</filename>
	<path>/top육류부피원형배달라볶이q5/top_육류부피_원형배달_라볶이_Q5_00029.JPG</path>
	<source>
		<database>fooddata</database>
	</source>
	<size>
		<width>3008</width>
		<height>2000</height>
		<depth>3</depth>
	</size>
	<object>
		<name>ref_spoon</name>
		<bndbox>
			<xmin>749</xmin>
			<ymin>1418</ymin>
			<xmax>1219</xmax>
			<ymax>1708</ymax>
		</bndbox>
	</object>
	<object>
		<name>ref_fork</name>
		<bndbox>
			<xmin>817</xmin>
			<ymin>1133</ymin>
			<xmax>1313</xmax>
			<ymax>1329</ymax>
		</bndbox>
	</object>
	<object>
		<name>ref_coin</name>
		<bndbox>
			<xmin>2146</xmin>
			<ymin>914</ymin>
			<xmax>2350</xmax>
			<ymax>1120</ymax>
		</bndbox>
	</object>
	<object>
		<name>dish</name>
		<bndbox>
			<xmin>1125</xmin>
			<ymin>104</ymin>
			<xmax>2131</xmax>
			<ymax>1073</ymax>
		</bndbox>
	</object>
	<object>
		<name>라볶이</name>
		<bndbox>
			<xmin>1212</xmin>
			<ymin>188</ymin>
			<xmax>2026</xmax>
			<ymax>1034</ymax>
		</bndbox>
	</object>
</annotation>