<annotation>
	<folder>top육류부피원형배달라볶이q5</folder>
	<filename>top_육류부피_원형배달_라볶이_Q5_00016.JPG</filename>
	<path>/top육류부피원형배달라볶이q5/top_육류부피_원형배달_라볶이_Q5_00016.JPG</path>
	<source>
		<database>fooddata</database>
	</source>
	<size>
		<width>3008</width>
		<height>2000</height>
		<depth>3</depth>
	</size>
	<object>
		<name>ref_spoon</name>
		<bndbox>
			<xmin>1786</xmin>
			<ymin>99</ymin>
			<xmax>2081</xmax>
			<ymax>585</ymax>
		</bndbox>
	</object>
	<object>
		<name>ref_fork</name>
		<bndbox>
			<xmin>2235</xmin>
			<ymin>128</ymin>
			<xmax>2447</xmax>
			<ymax>658</ymax>
		</bndbox>
	</object>
	<object>
		<name>ref_coin</name>
		<bndbox>
			<xmin>1287</xmin>
			<ymin>1658</ymin>
			<xmax>1517</xmax>
			<ymax>1885</ymax>
		</bndbox>
	</object>
	<object>
		<name>dish</name>
		<bndbox>
			<xmin>687</xmin>
			<ymin>428</ymin>
			<xmax>1762</xmax>
			<ymax>1475</ymax>
		</bndbox>
	</object>
	<object>
		<name>라볶이</name>
		<bndbox>
			<xmin>789</xmin>
			<ymin>556</ymin>
			<xmax>1658</xmax>
			<ymax>1405</ymax>
		</bndbox>
	</object>
</annotation>