<annotation>
	<folder>top육류부피원형배달라볶이q5</folder>
	<filename>top_육류부피_원형배달_라볶이_Q5_00053.JPG</filename>
	<path>/top육류부피원형배달라볶이q5/top_육류부피_원형배달_라볶이_Q5_00053.JPG</path>
	<source>
		<database>fooddata</database>
	</source>
	<size>
		<width>3008</width>
		<height>2000</height>
		<depth>3</depth>
	</size>
	<object>
		<name>ref_spoon</name>
		<bndbox>
			<xmin>744</xmin>
			<ymin>138</ymin>
			<xmax>1058</xmax>
			<ymax>648</ymax>
		</bndbox>
	</object>
	<object>
		<name>ref_fork</name>
		<bndbox>
			<xmin>1256</xmin>
			<ymin>266</ymin>
			<xmax>1465</xmax>
			<ymax>828</ymax>
		</bndbox>
	</object>
	<object>
		<name>ref_coin</name>
		<bndbox>
			<xmin>303</xmin>
			<ymin>201</ymin>
			<xmax>533</xmax>
			<ymax>431</ymax>
		</bndbox>
	</object>
	<object>
		<name>dish</name>
		<bndbox>
			<xmin>1561</xmin>
			<ymin>548</ymin>
			<xmax>2655</xmax>
			<ymax>1640</ymax>
		</bndbox>
	</object>
	<object>
		<name>라볶이</name>
		<bndbox>
			<xmin>1619</xmin>
			<ymin>640</ymin>
			<xmax>2551</xmax>
			<ymax>1569</ymax>
		</bndbox>
	</object>
</annotation>