<annotation>
	<folder>top육류부피원형배달라볶이q5</folder>
	<filename>top_육류부피_원형배달_라볶이_Q5_00036.JPG</filename>
	<path>/top육류부피원형배달라볶이q5/top_육류부피_원형배달_라볶이_Q5_00036.JPG</path>
	<source>
		<database>fooddata</database>
	</source>
	<size>
		<width>3008</width>
		<height>2000</height>
		<depth>3</depth>
	</size>
	<object>
		<name>ref_spoon</name>
		<bndbox>
			<xmin>499</xmin>
			<ymin>97</ymin>
			<xmax>815</xmax>
			<ymax>582</ymax>
		</bndbox>
	</object>
	<object>
		<name>ref_fork</name>
		<bndbox>
			<xmin>1003</xmin>
			<ymin>232</ymin>
			<xmax>1204</xmax>
			<ymax>778</ymax>
		</bndbox>
	</object>
	<object>
		<name>ref_coin</name>
		<bndbox>
			<xmin>1551</xmin>
			<ymin>1569</ymin>
			<xmax>1778</xmax>
			<ymax>1802</ymax>
		</bndbox>
	</object>
	<object>
		<name>dish</name>
		<bndbox>
			<xmin>1340</xmin>
			<ymin>439</ymin>
			<xmax>2397</xmax>
			<ymax>1493</ymax>
		</bndbox>
	</object>
	<object>
		<name>라볶이</name>
		<bndbox>
			<xmin>1389</xmin>
			<ymin>564</ymin>
			<xmax>2285</xmax>
			<ymax>1428</ymax>
		</bndbox>
	</object>
</annotation>