<annotation>
	<folder>my-project-name</folder>
	<filename>side_기타튀김_접시_채소튀김_Q1_00022.JPG</filename>
	<path>/side기타튀김접시채소튀김q1/side_기타튀김_접시_채소튀김_Q1_00022.JPG</path>
	<source>
		<database>fooddata</database>
	</source>
	<size>
		<width>720</width>
		<height>480</height>
		<depth>3</depth>
	</size>
	<object>
		<name>ref_spoon</name>
		<bndbox>
			<xmin>191</xmin>
			<ymin>354</ymin>
			<xmax>307</xmax>
			<ymax>414</ymax>
		</bndbox>
	</object>
	<object>
		<name>ref_fork</name>
		<bndbox>
			<xmin>229</xmin>
			<ymin>302</ymin>
			<xmax>347</xmax>
			<ymax>352</ymax>
		</bndbox>
	</object>
	<object>
		<name>ref_coin</name>
		<bndbox>
			<xmin>316</xmin>
			<ymin>254</ymin>
			<xmax>363</xmax>
			<ymax>291</ymax>
		</bndbox>
	</object>
	<object>
		<name>dish</name>
		<bndbox>
			<xmin>308</xmin>
			<ymin>49</ymin>
			<xmax>561</xmax>
			<ymax>227</ymax>
		</bndbox>
	</object>
	<object>
		<name>채소튀김</name>
		<bndbox>
			<xmin>363</xmin>
			<ymin>64</ymin>
			<xmax>537</xmax>
			<ymax>153</ymax>
		</bndbox>
	</object>
</annotation>