<annotation>
	<folder>my-project-name</folder>
	<filename>side_기타튀김_접시_채소튀김_Q1_00032.JPG</filename>
	<path>/side기타튀김접시채소튀김q1/side_기타튀김_접시_채소튀김_Q1_00032.JPG</path>
	<source>
		<database>fooddata</database>
	</source>
	<size>
		<width>720</width>
		<height>480</height>
		<depth>3</depth>
	</size>
	<object>
		<name>ref_spoon</name>
		<bndbox>
			<xmin>155</xmin>
			<ymin>368</ymin>
			<xmax>279</xmax>
			<ymax>433</ymax>
		</bndbox>
	</object>
	<object>
		<name>ref_fork</name>
		<bndbox>
			<xmin>194</xmin>
			<ymin>311</ymin>
			<xmax>324</xmax>
			<ymax>363</ymax>
		</bndbox>
	</object>
	<object>
		<name>ref_coin</name>
		<bndbox>
			<xmin>531</xmin>
			<ymin>66</ymin>
			<xmax>578</xmax>
			<ymax>102</ymax>
		</bndbox>
	</object>
	<object>
		<name>dish</name>
		<bndbox>
			<xmin>249</xmin>
			<ymin>73</ymin>
			<xmax>532</xmax>
			<ymax>279</ymax>
		</bndbox>
	</object>
	<object>
		<name>채소튀김</name>
		<bndbox>
			<xmin>266</xmin>
			<ymin>106</ymin>
			<xmax>452</xmax>
			<ymax>215</ymax>
		</bndbox>
	</object>
</annotation>