<annotation>
	<folder>my-project-name</folder>
	<filename>side_기타튀김_접시_채소튀김_Q1_00050.JPG</filename>
	<path>/side기타튀김접시채소튀김q1/side_기타튀김_접시_채소튀김_Q1_00050.JPG</path>
	<source>
		<database>fooddata</database>
	</source>
	<size>
		<width>720</width>
		<height>480</height>
		<depth>3</depth>
	</size>
	<object>
		<name>ref_spoon</name>
		<bndbox>
			<xmin>122</xmin>
			<ymin>149</ymin>
			<xmax>194</xmax>
			<ymax>247</ymax>
		</bndbox>
	</object>
	<object>
		<name>ref_fork</name>
		<bndbox>
			<xmin>212</xmin>
			<ymin>147</ymin>
			<xmax>259</xmax>
			<ymax>257</ymax>
		</bndbox>
	</object>
	<object>
		<name>ref_coin</name>
		<bndbox>
			<xmin>494</xmin>
			<ymin>100</ymin>
			<xmax>539</xmax>
			<ymax>135</ymax>
		</bndbox>
	</object>
	<object>
		<name>dish</name>
		<bndbox>
			<xmin>293</xmin>
			<ymin>137</ymin>
			<xmax>585</xmax>
			<ymax>348</ymax>
		</bndbox>
	</object>
	<object>
		<name>채소튀김</name>
		<bndbox>
			<xmin>337</xmin>
			<ymin>213</ymin>
			<xmax>517</xmax>
			<ymax>301</ymax>
		</bndbox>
	</object>
</annotation>