<annotation>
	<folder>my-project-name</folder>
	<filename>side_기타튀김_접시_채소튀김_Q1_00049.JPG</filename>
	<path>/side기타튀김접시채소튀김q1/side_기타튀김_접시_채소튀김_Q1_00049.JPG</path>
	<source>
		<database>fooddata</database>
	</source>
	<size>
		<width>720</width>
		<height>480</height>
		<depth>3</depth>
	</size>
	<object>
		<name>ref_spoon</name>
		<bndbox>
			<xmin>115</xmin>
			<ymin>134</ymin>
			<xmax>187</xmax>
			<ymax>232</ymax>
		</bndbox>
	</object>
	<object>
		<name>ref_fork</name>
		<bndbox>
			<xmin>205</xmin>
			<ymin>131</ymin>
			<xmax>253</xmax>
			<ymax>241</ymax>
		</bndbox>
	</object>
	<object>
		<name>ref_coin</name>
		<bndbox>
			<xmin>591</xmin>
			<ymin>128</ymin>
			<xmax>641</xmax>
			<ymax>165</ymax>
		</bndbox>
	</object>
	<object>
		<name>dish</name>
		<bndbox>
			<xmin>286</xmin>
			<ymin>124</ymin>
			<xmax>577</xmax>
			<ymax>334</ymax>
		</bndbox>
	</object>
	<object>
		<name>채소튀김</name>
		<bndbox>
			<xmin>338</xmin>
			<ymin>152</ymin>
			<xmax>513</xmax>
			<ymax>235</ymax>
		</bndbox>
	</object>
</annotation>