<annotation>
	<folder>my-project-name</folder>
	<filename>side_기타튀김_접시_채소튀김_Q1_00008.JPG</filename>
	<path>/side기타튀김접시채소튀김q1/side_기타튀김_접시_채소튀김_Q1_00008.JPG</path>
	<source>
		<database>fooddata</database>
	</source>
	<size>
		<width>720</width>
		<height>480</height>
		<depth>3</depth>
	</size>
	<object>
		<name>ref_spoon</name>
		<bndbox>
			<xmin>485</xmin>
			<ymin>126</ymin>
			<xmax>553</xmax>
			<ymax>222</ymax>
		</bndbox>
	</object>
	<object>
		<name>ref_fork</name>
		<bndbox>
			<xmin>577</xmin>
			<ymin>128</ymin>
			<xmax>625</xmax>
			<ymax>234</ymax>
		</bndbox>
	</object>
	<object>
		<name>ref_coin</name>
		<bndbox>
			<xmin>94</xmin>
			<ymin>315</ymin>
			<xmax>148</xmax>
			<ymax>357</ymax>
		</bndbox>
	</object>
	<object>
		<name>dish</name>
		<bndbox>
			<xmin>196</xmin>
			<ymin>149</ymin>
			<xmax>487</xmax>
			<ymax>362</ymax>
		</bndbox>
	</object>
	<object>
		<name>채소튀김</name>
		<bndbox>
			<xmin>252</xmin>
			<ymin>227</ymin>
			<xmax>412</xmax>
			<ymax>333</ymax>
		</bndbox>
	</object>
</annotation>