<annotation>
	<folder>my-project-name</folder>
	<filename>side_기타튀김_접시_채소튀김_Q1_00020.JPG</filename>
	<path>/side기타튀김접시채소튀김q1/side_기타튀김_접시_채소튀김_Q1_00020.JPG</path>
	<source>
		<database>fooddata</database>
	</source>
	<size>
		<width>720</width>
		<height>480</height>
		<depth>3</depth>
	</size>
	<object>
		<name>ref_spoon</name>
		<bndbox>
			<xmin>178</xmin>
			<ymin>395</ymin>
			<xmax>292</xmax>
			<ymax>455</ymax>
		</bndbox>
	</object>
	<object>
		<name>ref_fork</name>
		<bndbox>
			<xmin>214</xmin>
			<ymin>344</ymin>
			<xmax>330</xmax>
			<ymax>394</ymax>
		</bndbox>
	</object>
	<object>
		<name>ref_coin</name>
		<bndbox>
			<xmin>413</xmin>
			<ymin>298</ymin>
			<xmax>460</xmax>
			<ymax>335</ymax>
		</bndbox>
	</object>
	<object>
		<name>dish</name>
		<bndbox>
			<xmin>294</xmin>
			<ymin>94</ymin>
			<xmax>541</xmax>
			<ymax>271</ymax>
		</bndbox>
	</object>
	<object>
		<name>채소튀김</name>
		<bndbox>
			<xmin>391</xmin>
			<ymin>145</ymin>
			<xmax>504</xmax>
			<ymax>247</ymax>
		</bndbox>
	</object>
</annotation>