<annotation>
	<folder>my-project-name</folder>
	<filename>side_기타튀김_접시_채소튀김_Q1_00013.JPG</filename>
	<path>/side기타튀김접시채소튀김q1/side_기타튀김_접시_채소튀김_Q1_00013.JPG</path>
	<source>
		<database>fooddata</database>
	</source>
	<size>
		<width>720</width>
		<height>480</height>
		<depth>3</depth>
	</size>
	<object>
		<name>ref_spoon</name>
		<bndbox>
			<xmin>489</xmin>
			<ymin>152</ymin>
			<xmax>558</xmax>
			<ymax>248</ymax>
		</bndbox>
	</object>
	<object>
		<name>ref_fork</name>
		<bndbox>
			<xmin>580</xmin>
			<ymin>154</ymin>
			<xmax>630</xmax>
			<ymax>260</ymax>
		</bndbox>
	</object>
	<object>
		<name>ref_coin</name>
		<bndbox>
			<xmin>269</xmin>
			<ymin>151</ymin>
			<xmax>315</xmax>
			<ymax>186</ymax>
		</bndbox>
	</object>
	<object>
		<name>dish</name>
		<bndbox>
			<xmin>168</xmin>
			<ymin>198</ymin>
			<xmax>463</xmax>
			<ymax>414</ymax>
		</bndbox>
	</object>
	<object>
		<name>채소튀김</name>
		<bndbox>
			<xmin>213</xmin>
			<ymin>211</ymin>
			<xmax>354</xmax>
			<ymax>335</ymax>
		</bndbox>
	</object>
</annotation>