<annotation>
	<folder>top_기타튀김접시채소튀김q1</folder>
	<filename>top_기타튀김_접시_채소튀김_Q1_00052.JPG</filename>
	<path>/top기타튀김접시채소튀김q1/top_기타튀김_접시_채소튀김_Q1_00052.JPG</path>
	<source>
		<database>fooddata</database>
	</source>
	<size>
		<width>720</width>
		<height>480</height>
		<depth>3</depth>
	</size>
	<object>
		<name>ref_spoon</name>
		<bndbox>
			<xmin>282</xmin>
			<ymin>49</ymin>
			<xmax>346</xmax>
			<ymax>182</ymax>
		</bndbox>
	</object>
	<object>
		<name>ref_fork</name>
		<bndbox>
			<xmin>221</xmin>
			<ymin>54</ymin>
			<xmax>262</xmax>
			<ymax>207</ymax>
		</bndbox>
	</object>
	<object>
		<name>ref_coin</name>
		<bndbox>
			<xmin>130</xmin>
			<ymin>204</ymin>
			<xmax>178</xmax>
			<ymax>250</ymax>
		</bndbox>
	</object>
	<object>
		<name>dish</name>
		<bndbox>
			<xmin>365</xmin>
			<ymin>70</ymin>
			<xmax>636</xmax>
			<ymax>337</ymax>
		</bndbox>
	</object>
	<object>
		<name>채소튀김</name>
		<bndbox>
			<xmin>402</xmin>
			<ymin>144</ymin>
			<xmax>575</xmax>
			<ymax>278</ymax>
		</bndbox>
	</object>
</annotation>