<annotation>
	<folder>top_기타튀김접시채소튀김q1</folder>
	<filename>top_기타튀김_접시_채소튀김_Q1_00016.JPG</filename>
	<path>/top기타튀김접시채소튀김q1/top_기타튀김_접시_채소튀김_Q1_00016.JPG</path>
	<source>
		<database>fooddata</database>
	</source>
	<size>
		<width>720</width>
		<height>480</height>
		<depth>3</depth>
	</size>
	<object>
		<name>ref_spoon</name>
		<bndbox>
			<xmin>589</xmin>
			<ymin>58</ymin>
			<xmax>663</xmax>
			<ymax>199</ymax>
		</bndbox>
	</object>
	<object>
		<name>ref_fork</name>
		<bndbox>
			<xmin>513</xmin>
			<ymin>64</ymin>
			<xmax>565</xmax>
			<ymax>227</ymax>
		</bndbox>
	</object>
	<object>
		<name>ref_coin</name>
		<bndbox>
			<xmin>219</xmin>
			<ymin>15</ymin>
			<xmax>271</xmax>
			<ymax>66</ymax>
		</bndbox>
	</object>
	<object>
		<name>dish</name>
		<bndbox>
			<xmin>158</xmin>
			<ymin>95</ymin>
			<xmax>470</xmax>
			<ymax>406</ymax>
		</bndbox>
	</object>
	<object>
		<name>채소튀김</name>
		<bndbox>
			<xmin>275</xmin>
			<ymin>198</ymin>
			<xmax>424</xmax>
			<ymax>340</ymax>
		</bndbox>
	</object>
</annotation>