<annotation>
	<folder>top_기타튀김접시채소튀김q1</folder>
	<filename>top_기타튀김_접시_채소튀김_Q1_00026.JPG</filename>
	<path>/top기타튀김접시채소튀김q1/top_기타튀김_접시_채소튀김_Q1_00026.JPG</path>
	<source>
		<database>fooddata</database>
	</source>
	<size>
		<width>720</width>
		<height>480</height>
		<depth>3</depth>
	</size>
	<object>
		<name>ref_spoon</name>
		<bndbox>
			<xmin>205</xmin>
			<ymin>312</ymin>
			<xmax>325</xmax>
			<ymax>373</ymax>
		</bndbox>
	</object>
	<object>
		<name>ref_fork</name>
		<bndbox>
			<xmin>206</xmin>
			<ymin>385</ymin>
			<xmax>347</xmax>
			<ymax>428</ymax>
		</bndbox>
	</object>
	<object>
		<name>ref_coin</name>
		<bndbox>
			<xmin>452</xmin>
			<ymin>51</ymin>
			<xmax>493</xmax>
			<ymax>90</ymax>
		</bndbox>
	</object>
	<object>
		<name>dish</name>
		<bndbox>
			<xmin>243</xmin>
			<ymin>79</ymin>
			<xmax>477</xmax>
			<ymax>308</ymax>
		</bndbox>
	</object>
	<object>
		<name>채소튀김</name>
		<bndbox>
			<xmin>281</xmin>
			<ymin>152</ymin>
			<xmax>387</xmax>
			<ymax>286</ymax>
		</bndbox>
	</object>
</annotation>