<annotation>
	<folder>top_기타튀김접시채소튀김q1</folder>
	<filename>top_기타튀김_접시_채소튀김_Q1_00021.JPG</filename>
	<path>/top기타튀김접시채소튀김q1/top_기타튀김_접시_채소튀김_Q1_00021.JPG</path>
	<source>
		<database>fooddata</database>
	</source>
	<size>
		<width>720</width>
		<height>480</height>
		<depth>3</depth>
	</size>
	<object>
		<name>ref_spoon</name>
		<bndbox>
			<xmin>172</xmin>
			<ymin>316</ymin>
			<xmax>322</xmax>
			<ymax>384</ymax>
		</bndbox>
	</object>
	<object>
		<name>ref_fork</name>
		<bndbox>
			<xmin>172</xmin>
			<ymin>401</ymin>
			<xmax>313</xmax>
			<ymax>446</ymax>
		</bndbox>
	</object>
	<object>
		<name>ref_coin</name>
		<bndbox>
			<xmin>212</xmin>
			<ymin>39</ymin>
			<xmax>258</xmax>
			<ymax>84</ymax>
		</bndbox>
	</object>
	<object>
		<name>dish</name>
		<bndbox>
			<xmin>250</xmin>
			<ymin>45</ymin>
			<xmax>512</xmax>
			<ymax>304</ymax>
		</bndbox>
	</object>
	<object>
		<name>채소튀김</name>
		<bndbox>
			<xmin>331</xmin>
			<ymin>144</ymin>
			<xmax>493</xmax>
			<ymax>259</ymax>
		</bndbox>
	</object>
</annotation>