<annotation>
	<folder>top_기타튀김접시채소튀김q1</folder>
	<filename>top_기타튀김_접시_채소튀김_Q1_00006.JPG</filename>
	<path>/top기타튀김접시채소튀김q1/top_기타튀김_접시_채소튀김_Q1_00006.JPG</path>
	<source>
		<database>fooddata</database>
	</source>
	<size>
		<width>720</width>
		<height>480</height>
		<depth>3</depth>
	</size>
	<object>
		<name>ref_spoon</name>
		<bndbox>
			<xmin>596</xmin>
			<ymin>89</ymin>
			<xmax>669</xmax>
			<ymax>225</ymax>
		</bndbox>
	</object>
	<object>
		<name>ref_fork</name>
		<bndbox>
			<xmin>516</xmin>
			<ymin>87</ymin>
			<xmax>578</xmax>
			<ymax>247</ymax>
		</bndbox>
	</object>
	<object>
		<name>ref_coin</name>
		<bndbox>
			<xmin>85</xmin>
			<ymin>280</ymin>
			<xmax>139</xmax>
			<ymax>335</ymax>
		</bndbox>
	</object>
	<object>
		<name>dish</name>
		<bndbox>
			<xmin>172</xmin>
			<ymin>90</ymin>
			<xmax>478</xmax>
			<ymax>394</ymax>
		</bndbox>
	</object>
	<object>
		<name>채소튀김</name>
		<bndbox>
			<xmin>225</xmin>
			<ymin>179</ymin>
			<xmax>366</xmax>
			<ymax>314</ymax>
		</bndbox>
	</object>
</annotation>