<annotation>
	<folder>top_기타튀김접시채소튀김q1</folder>
	<filename>top_기타튀김_접시_채소튀김_Q1_00023.JPG</filename>
	<path>/top기타튀김접시채소튀김q1/top_기타튀김_접시_채소튀김_Q1_00023.JPG</path>
	<source>
		<database>fooddata</database>
	</source>
	<size>
		<width>720</width>
		<height>480</height>
		<depth>3</depth>
	</size>
	<object>
		<name>ref_spoon</name>
		<bndbox>
			<xmin>204</xmin>
			<ymin>335</ymin>
			<xmax>336</xmax>
			<ymax>396</ymax>
		</bndbox>
	</object>
	<object>
		<name>ref_fork</name>
		<bndbox>
			<xmin>202</xmin>
			<ymin>412</ymin>
			<xmax>331</xmax>
			<ymax>456</ymax>
		</bndbox>
	</object>
	<object>
		<name>ref_coin</name>
		<bndbox>
			<xmin>324</xmin>
			<ymin>32</ymin>
			<xmax>368</xmax>
			<ymax>70</ymax>
		</bndbox>
	</object>
	<object>
		<name>dish</name>
		<bndbox>
			<xmin>263</xmin>
			<ymin>95</ymin>
			<xmax>501</xmax>
			<ymax>328</ymax>
		</bndbox>
	</object>
	<object>
		<name>채소튀김</name>
		<bndbox>
			<xmin>312</xmin>
			<ymin>177</ymin>
			<xmax>453</xmax>
			<ymax>298</ymax>
		</bndbox>
	</object>
</annotation>