<annotation>
	<folder>재작업2</folder>
	<filename>top_기타튀김_접시_채소튀김_Q1_00013.JPG</filename>
	<path>/top기타튀김접시채소튀김q1/top_기타튀김_접시_채소튀김_Q1_00013.JPG</path>
	<source>
		<database>fooddata</database>
	</source>
	<size>
		<width>720</width>
		<height>480</height>
		<depth>3</depth>
	</size>
	<object>
		<name>ref_spoon</name>
		<bndbox>
			<xmin>605</xmin>
			<ymin>84</ymin>
			<xmax>680</xmax>
			<ymax>202</ymax>
		</bndbox>
	</object>
	<object>
		<name>ref_fork</name>
		<bndbox>
			<xmin>533</xmin>
			<ymin>90</ymin>
			<xmax>586</xmax>
			<ymax>215</ymax>
		</bndbox>
	</object>
	<object>
		<name>ref_coin</name>
		<bndbox>
			<xmin>352</xmin>
			<ymin>33</ymin>
			<xmax>405</xmax>
			<ymax>84</ymax>
		</bndbox>
	</object>
	<object>
		<name>dish</name>
		<bndbox>
			<xmin>174</xmin>
			<ymin>120</ymin>
			<xmax>489</xmax>
			<ymax>436</ymax>
		</bndbox>
	</object>
	<object>
		<name>채소튀김</name>
		<bndbox>
			<xmin>287</xmin>
			<ymin>180</ymin>
			<xmax>438</xmax>
			<ymax>320</ymax>
		</bndbox>
	</object>
</annotation>