<annotation>
	<folder>top_기타튀김접시채소튀김q1</folder>
	<filename>top_기타튀김_접시_채소튀김_Q1_00036.JPG</filename>
	<path>/top기타튀김접시채소튀김q1/top_기타튀김_접시_채소튀김_Q1_00036.JPG</path>
	<source>
		<database>fooddata</database>
	</source>
	<size>
		<width>720</width>
		<height>480</height>
		<depth>3</depth>
	</size>
	<object>
		<name>ref_spoon</name>
		<bndbox>
			<xmin>232</xmin>
			<ymin>50</ymin>
			<xmax>296</xmax>
			<ymax>173</ymax>
		</bndbox>
	</object>
	<object>
		<name>ref_fork</name>
		<bndbox>
			<xmin>168</xmin>
			<ymin>52</ymin>
			<xmax>212</xmax>
			<ymax>196</ymax>
		</bndbox>
	</object>
	<object>
		<name>ref_coin</name>
		<bndbox>
			<xmin>382</xmin>
			<ymin>380</ymin>
			<xmax>433</xmax>
			<ymax>429</ymax>
		</bndbox>
	</object>
	<object>
		<name>dish</name>
		<bndbox>
			<xmin>313</xmin>
			<ymin>79</ymin>
			<xmax>585</xmax>
			<ymax>350</ymax>
		</bndbox>
	</object>
	<object>
		<name>채소튀김</name>
		<bndbox>
			<xmin>350</xmin>
			<ymin>130</ymin>
			<xmax>496</xmax>
			<ymax>315</ymax>
		</bndbox>
	</object>
</annotation>