<annotation>
	<folder>top_기타튀김접시채소튀김q1</folder>
	<filename>top_기타튀김_접시_채소튀김_Q1_00002.JPG</filename>
	<path>/top기타튀김접시채소튀김q1/top_기타튀김_접시_채소튀김_Q1_00002.JPG</path>
	<source>
		<database>fooddata</database>
	</source>
	<size>
		<width>720</width>
		<height>480</height>
		<depth>3</depth>
	</size>
	<object>
		<name>ref_spoon</name>
		<bndbox>
			<xmin>584</xmin>
			<ymin>54</ymin>
			<xmax>657</xmax>
			<ymax>183</ymax>
		</bndbox>
	</object>
	<object>
		<name>ref_fork</name>
		<bndbox>
			<xmin>514</xmin>
			<ymin>47</ymin>
			<xmax>565</xmax>
			<ymax>215</ymax>
		</bndbox>
	</object>
	<object>
		<name>ref_coin</name>
		<bndbox>
			<xmin>345</xmin>
			<ymin>364</ymin>
			<xmax>398</xmax>
			<ymax>419</ymax>
		</bndbox>
	</object>
	<object>
		<name>dish</name>
		<bndbox>
			<xmin>183</xmin>
			<ymin>37</ymin>
			<xmax>480</xmax>
			<ymax>337</ymax>
		</bndbox>
	</object>
	<object>
		<name>채소튀김</name>
		<bndbox>
			<xmin>259</xmin>
			<ymin>144</ymin>
			<xmax>398</xmax>
			<ymax>287</ymax>
		</bndbox>
	</object>
</annotation>