<annotation>
	<folder>side비빔면류원형배달자장면q1</folder>
	<filename>side_비빔면류_원형배달_자장면_Q1_00053.JPG</filename>
	<path>/side비빔면류원형배달자장면q1/side_비빔면류_원형배달_자장면_Q1_00053.JPG</path>
	<source>
		<database>fooddata</database>
	</source>
	<size>
		<width>3008</width>
		<height>2000</height>
		<depth>3</depth>
	</size>
	<object>
		<name>ref_spoon</name>
		<bndbox>
			<xmin>307</xmin>
			<ymin>728</ymin>
			<xmax>581</xmax>
			<ymax>1055</ymax>
		</bndbox>
	</object>
	<object>
		<name>ref_fork</name>
		<bndbox>
			<xmin>741</xmin>
			<ymin>728</ymin>
			<xmax>925</xmax>
			<ymax>1084</ymax>
		</bndbox>
	</object>
	<object>
		<name>ref_coin</name>
		<bndbox>
			<xmin>1923</xmin>
			<ymin>282</ymin>
			<xmax>2116</xmax>
			<ymax>409</ymax>
		</bndbox>
	</object>
	<object>
		<name>dish</name>
		<bndbox>
			<xmin>1203</xmin>
			<ymin>478</ymin>
			<xmax>2582</xmax>
			<ymax>1706</ymax>
		</bndbox>
	</object>
	<object>
		<name>자장면</name>
		<bndbox>
			<xmin>1314</xmin>
			<ymin>806</ymin>
			<xmax>2480</xmax>
			<ymax>1338</ymax>
		</bndbox>
	</object>
</annotation>