<annotation>
	<folder>side비빔면류원형배달자장면q1</folder>
	<filename>side_비빔면류_원형배달_자장면_Q1_00044.JPG</filename>
	<path>/side비빔면류원형배달자장면q1/side_비빔면류_원형배달_자장면_Q1_00044.JPG</path>
	<source>
		<database>fooddata</database>
	</source>
	<size>
		<width>3008</width>
		<height>2000</height>
		<depth>3</depth>
	</size>
	<object>
		<name>ref_spoon</name>
		<bndbox>
			<xmin>156</xmin>
			<ymin>671</ymin>
			<xmax>430</xmax>
			<ymax>1014</ymax>
		</bndbox>
	</object>
	<object>
		<name>ref_fork</name>
		<bndbox>
			<xmin>602</xmin>
			<ymin>642</ymin>
			<xmax>794</xmax>
			<ymax>1018</ymax>
		</bndbox>
	</object>
	<object>
		<name>ref_coin</name>
		<bndbox>
			<xmin>1367</xmin>
			<ymin>1497</ymin>
			<xmax>1592</xmax>
			<ymax>1669</ymax>
		</bndbox>
	</object>
	<object>
		<name>dish</name>
		<bndbox>
			<xmin>1052</xmin>
			<ymin>126</ymin>
			<xmax>2398</xmax>
			<ymax>1317</ymax>
		</bndbox>
	</object>
	<object>
		<name>자장면</name>
		<bndbox>
			<xmin>1183</xmin>
			<ymin>445</ymin>
			<xmax>2181</xmax>
			<ymax>945</ymax>
		</bndbox>
	</object>
</annotation>