<annotation>
	<folder>side비빔면류원형배달자장면q1</folder>
	<filename>side_비빔면류_원형배달_자장면_Q1_00010.JPG</filename>
	<path>/side비빔면류원형배달자장면q1/side_비빔면류_원형배달_자장면_Q1_00010.JPG</path>
	<source>
		<database>fooddata</database>
	</source>
	<size>
		<width>3008</width>
		<height>2000</height>
		<depth>3</depth>
	</size>
	<object>
		<name>ref_spoon</name>
		<bndbox>
			<xmin>2181</xmin>
			<ymin>445</ymin>
			<xmax>2439</xmax>
			<ymax>773</ymax>
		</bndbox>
	</object>
	<object>
		<name>ref_fork</name>
		<bndbox>
			<xmin>2578</xmin>
			<ymin>433</ymin>
			<xmax>2767</xmax>
			<ymax>781</ymax>
		</bndbox>
	</object>
	<object>
		<name>ref_coin</name>
		<bndbox>
			<xmin>1891</xmin>
			<ymin>1591</ymin>
			<xmax>2116</xmax>
			<ymax>1751</ymax>
		</bndbox>
	</object>
	<object>
		<name>dish</name>
		<bndbox>
			<xmin>565</xmin>
			<ymin>445</ymin>
			<xmax>1948</xmax>
			<ymax>1673</ymax>
		</bndbox>
	</object>
	<object>
		<name>자장면</name>
		<bndbox>
			<xmin>712</xmin>
			<ymin>765</ymin>
			<xmax>1793</xmax>
			<ymax>1297</ymax>
		</bndbox>
	</object>
</annotation>