<annotation>
	<folder>side비빔면류원형배달자장면q1</folder>
	<filename>side_비빔면류_원형배달_자장면_Q1_00013.JPG</filename>
	<path>/side비빔면류원형배달자장면q1/side_비빔면류_원형배달_자장면_Q1_00013.JPG</path>
	<source>
		<database>fooddata</database>
	</source>
	<size>
		<width>3008</width>
		<height>2000</height>
		<depth>3</depth>
	</size>
	<object>
		<name>ref_spoon</name>
		<bndbox>
			<xmin>2144</xmin>
			<ymin>376</ymin>
			<xmax>2402</xmax>
			<ymax>695</ymax>
		</bndbox>
	</object>
	<object>
		<name>ref_fork</name>
		<bndbox>
			<xmin>2533</xmin>
			<ymin>360</ymin>
			<xmax>2734</xmax>
			<ymax>707</ymax>
		</bndbox>
	</object>
	<object>
		<name>ref_coin</name>
		<bndbox>
			<xmin>1850</xmin>
			<ymin>773</ymin>
			<xmax>2054</xmax>
			<ymax>916</ymax>
		</bndbox>
	</object>
	<object>
		<name>dish</name>
		<bndbox>
			<xmin>389</xmin>
			<ymin>323</ymin>
			<xmax>1772</xmax>
			<ymax>1530</ymax>
		</bndbox>
	</object>
	<object>
		<name>자장면</name>
		<bndbox>
			<xmin>536</xmin>
			<ymin>683</ymin>
			<xmax>1674</xmax>
			<ymax>1149</ymax>
		</bndbox>
	</object>
</annotation>