<annotation>
	<folder>side비빔면류원형배달자장면q1</folder>
	<filename>side_비빔면류_원형배달_자장면_Q1_00008.JPG</filename>
	<path>/side비빔면류원형배달자장면q1/side_비빔면류_원형배달_자장면_Q1_00008.JPG</path>
	<source>
		<database>fooddata</database>
	</source>
	<size>
		<width>3008</width>
		<height>2000</height>
		<depth>3</depth>
	</size>
	<object>
		<name>ref_spoon</name>
		<bndbox>
			<xmin>2267</xmin>
			<ymin>482</ymin>
			<xmax>2525</xmax>
			<ymax>793</ymax>
		</bndbox>
	</object>
	<object>
		<name>ref_fork</name>
		<bndbox>
			<xmin>2664</xmin>
			<ymin>470</ymin>
			<xmax>2852</xmax>
			<ymax>822</ymax>
		</bndbox>
	</object>
	<object>
		<name>ref_coin</name>
		<bndbox>
			<xmin>593</xmin>
			<ymin>1673</ymin>
			<xmax>819</xmax>
			<ymax>1845</ymax>
		</bndbox>
	</object>
	<object>
		<name>dish</name>
		<bndbox>
			<xmin>753</xmin>
			<ymin>474</ymin>
			<xmax>2144</xmax>
			<ymax>1690</ymax>
		</bndbox>
	</object>
	<object>
		<name>자장면</name>
		<bndbox>
			<xmin>864</xmin>
			<ymin>887</ymin>
			<xmax>1977</xmax>
			<ymax>1325</ymax>
		</bndbox>
	</object>
</annotation>