<annotation>
	<folder>side비빔면류원형배달자장면q1</folder>
	<filename>side_비빔면류_원형배달_자장면_Q1_00016.JPG</filename>
	<path>/side비빔면류원형배달자장면q1/side_비빔면류_원형배달_자장면_Q1_00016.JPG</path>
	<source>
		<database>fooddata</database>
	</source>
	<size>
		<width>3008</width>
		<height>2000</height>
		<depth>3</depth>
	</size>
	<object>
		<name>ref_spoon</name>
		<bndbox>
			<xmin>2030</xmin>
			<ymin>519</ymin>
			<xmax>2284</xmax>
			<ymax>834</ymax>
		</bndbox>
	</object>
	<object>
		<name>ref_fork</name>
		<bndbox>
			<xmin>2427</xmin>
			<ymin>495</ymin>
			<xmax>2619</xmax>
			<ymax>838</ymax>
		</bndbox>
	</object>
	<object>
		<name>ref_coin</name>
		<bndbox>
			<xmin>372</xmin>
			<ymin>486</ymin>
			<xmax>569</xmax>
			<ymax>617</ymax>
		</bndbox>
	</object>
	<object>
		<name>dish</name>
		<bndbox>
			<xmin>618</xmin>
			<ymin>511</ymin>
			<xmax>1997</xmax>
			<ymax>1743</ymax>
		</bndbox>
	</object>
	<object>
		<name>자장면</name>
		<bndbox>
			<xmin>823</xmin>
			<ymin>818</ymin>
			<xmax>1911</xmax>
			<ymax>1350</ymax>
		</bndbox>
	</object>
</annotation>