<annotation>
	<folder>side비빔면류원형배달자장면q1</folder>
	<filename>side_비빔면류_원형배달_자장면_Q1_00045.JPG</filename>
	<path>/side비빔면류원형배달자장면q1/side_비빔면류_원형배달_자장면_Q1_00045.JPG</path>
	<source>
		<database>fooddata</database>
	</source>
	<size>
		<width>3008</width>
		<height>2000</height>
		<depth>3</depth>
	</size>
	<object>
		<name>ref_spoon</name>
		<bndbox>
			<xmin>180</xmin>
			<ymin>609</ymin>
			<xmax>450</xmax>
			<ymax>949</ymax>
		</bndbox>
	</object>
	<object>
		<name>ref_fork</name>
		<bndbox>
			<xmin>626</xmin>
			<ymin>576</ymin>
			<xmax>819</xmax>
			<ymax>957</ymax>
		</bndbox>
	</object>
	<object>
		<name>ref_coin</name>
		<bndbox>
			<xmin>1752</xmin>
			<ymin>1407</ymin>
			<xmax>1973</xmax>
			<ymax>1575</ymax>
		</bndbox>
	</object>
	<object>
		<name>dish</name>
		<bndbox>
			<xmin>1085</xmin>
			<ymin>65</ymin>
			<xmax>2423</xmax>
			<ymax>1268</ymax>
		</bndbox>
	</object>
	<object>
		<name>자장면</name>
		<bndbox>
			<xmin>1191</xmin>
			<ymin>396</ymin>
			<xmax>1997</xmax>
			<ymax>879</ymax>
		</bndbox>
	</object>
</annotation>