<annotation>
	<folder>side비빔면류원형배달자장면q1</folder>
	<filename>side_비빔면류_원형배달_자장면_Q1_00018.JPG</filename>
	<path>/side비빔면류원형배달자장면q1/side_비빔면류_원형배달_자장면_Q1_00018.JPG</path>
	<source>
		<database>fooddata</database>
	</source>
	<size>
		<width>3008</width>
		<height>2000</height>
		<depth>3</depth>
	</size>
	<object>
		<name>ref_spoon</name>
		<bndbox>
			<xmin>696</xmin>
			<ymin>1595</ymin>
			<xmax>1134</xmax>
			<ymax>1845</ymax>
		</bndbox>
	</object>
	<object>
		<name>ref_fork</name>
		<bndbox>
			<xmin>798</xmin>
			<ymin>1334</ymin>
			<xmax>1252</xmax>
			<ymax>1579</ymax>
		</bndbox>
	</object>
	<object>
		<name>ref_coin</name>
		<bndbox>
			<xmin>2435</xmin>
			<ymin>1068</ymin>
			<xmax>2648</xmax>
			<ymax>1215</ymax>
		</bndbox>
	</object>
	<object>
		<name>dish</name>
		<bndbox>
			<xmin>966</xmin>
			<ymin>200</ymin>
			<xmax>2325</xmax>
			<ymax>1379</ymax>
		</bndbox>
	</object>
	<object>
		<name>자장면</name>
		<bndbox>
			<xmin>1072</xmin>
			<ymin>466</ymin>
			<xmax>2169</xmax>
			<ymax>994</ymax>
		</bndbox>
	</object>
</annotation>