<annotation>
	<folder>side비빔면류원형배달자장면q1</folder>
	<filename>side_비빔면류_원형배달_자장면_Q1_00022.JPG</filename>
	<path>/side비빔면류원형배달자장면q1/side_비빔면류_원형배달_자장면_Q1_00022.JPG</path>
	<source>
		<database>fooddata</database>
	</source>
	<size>
		<width>3008</width>
		<height>2000</height>
		<depth>3</depth>
	</size>
	<object>
		<name>ref_spoon</name>
		<bndbox>
			<xmin>696</xmin>
			<ymin>1604</ymin>
			<xmax>1134</xmax>
			<ymax>1857</ymax>
		</bndbox>
	</object>
	<object>
		<name>ref_fork</name>
		<bndbox>
			<xmin>794</xmin>
			<ymin>1338</ymin>
			<xmax>1256</xmax>
			<ymax>1591</ymax>
		</bndbox>
	</object>
	<object>
		<name>ref_coin</name>
		<bndbox>
			<xmin>1956</xmin>
			<ymin>139</ymin>
			<xmax>2136</xmax>
			<ymax>257</ymax>
		</bndbox>
	</object>
	<object>
		<name>dish</name>
		<bndbox>
			<xmin>999</xmin>
			<ymin>269</ymin>
			<xmax>2365</xmax>
			<ymax>1444</ymax>
		</bndbox>
	</object>
	<object>
		<name>자장면</name>
		<bndbox>
			<xmin>1080</xmin>
			<ymin>560</ymin>
			<xmax>2218</xmax>
			<ymax>1076</ymax>
		</bndbox>
	</object>
</annotation>