<annotation>
	<folder>top비빔면류원형배달자장면q1</folder>
	<filename>top_비빔면류_원형배달_자장면_Q1_00014.JPG</filename>
	<path>/top비빔면류원형배달자장면q1/top_비빔면류_원형배달_자장면_Q1_00014.JPG</path>
	<source>
		<database>fooddata</database>
	</source>
	<size>
		<width>3008</width>
		<height>2000</height>
		<depth>3</depth>
	</size>
	<object>
		<name>ref_spoon</name>
		<bndbox>
			<xmin>2095</xmin>
			<ymin>266</ymin>
			<xmax>2355</xmax>
			<ymax>668</ymax>
		</bndbox>
	</object>
	<object>
		<name>ref_fork</name>
		<bndbox>
			<xmin>2419</xmin>
			<ymin>281</ymin>
			<xmax>2622</xmax>
			<ymax>726</ymax>
		</bndbox>
	</object>
	<object>
		<name>ref_coin</name>
		<bndbox>
			<xmin>2694</xmin>
			<ymin>693</ymin>
			<xmax>2876</xmax>
			<ymax>896</ymax>
		</bndbox>
	</object>
	<object>
		<name>dish</name>
		<bndbox>
			<xmin>516</xmin>
			<ymin>469</ymin>
			<xmax>1922</xmax>
			<ymax>1876</ymax>
		</bndbox>
	</object>
	<object>
		<name>자장면</name>
		<bndbox>
			<xmin>833</xmin>
			<ymin>812</ymin>
			<xmax>1646</xmax>
			<ymax>1729</ymax>
		</bndbox>
	</object>
</annotation>