<annotation>
	<folder>top비빔면류원형배달자장면q1</folder>
	<filename>top_비빔면류_원형배달_자장면_Q1_00022.JPG</filename>
	<path>/top비빔면류원형배달자장면q1/top_비빔면류_원형배달_자장면_Q1_00022.JPG</path>
	<source>
		<database>fooddata</database>
	</source>
	<size>
		<width>3008</width>
		<height>2000</height>
		<depth>3</depth>
	</size>
	<object>
		<name>ref_spoon</name>
		<bndbox>
			<xmin>738</xmin>
			<ymin>1596</ymin>
			<xmax>1123</xmax>
			<ymax>1863</ymax>
		</bndbox>
	</object>
	<object>
		<name>ref_fork</name>
		<bndbox>
			<xmin>813</xmin>
			<ymin>1358</ymin>
			<xmax>1194</xmax>
			<ymax>1551</ymax>
		</bndbox>
	</object>
	<object>
		<name>ref_coin</name>
		<bndbox>
			<xmin>2053</xmin>
			<ymin>158</ymin>
			<xmax>2214</xmax>
			<ymax>317</ymax>
		</bndbox>
	</object>
	<object>
		<name>dish</name>
		<bndbox>
			<xmin>965</xmin>
			<ymin>189</ymin>
			<xmax>2114</xmax>
			<ymax>1317</ymax>
		</bndbox>
	</object>
	<object>
		<name>자장면</name>
		<bndbox>
			<xmin>1067</xmin>
			<ymin>367</ymin>
			<xmax>1877</xmax>
			<ymax>1196</ymax>
		</bndbox>
	</object>
</annotation>