<annotation>
	<folder>top비빔면류원형배달자장면q1</folder>
	<filename>top_비빔면류_원형배달_자장면_Q1_00049.JPG</filename>
	<path>/top비빔면류원형배달자장면q1/top_비빔면류_원형배달_자장면_Q1_00049.JPG</path>
	<source>
		<database>fooddata</database>
	</source>
	<size>
		<width>3008</width>
		<height>2000</height>
		<depth>3</depth>
	</size>
	<object>
		<name>ref_spoon</name>
		<bndbox>
			<xmin>224</xmin>
			<ymin>408</ymin>
			<xmax>549</xmax>
			<ymax>845</ymax>
		</bndbox>
	</object>
	<object>
		<name>ref_fork</name>
		<bndbox>
			<xmin>696</xmin>
			<ymin>423</ymin>
			<xmax>915</xmax>
			<ymax>906</ymax>
		</bndbox>
	</object>
	<object>
		<name>ref_coin</name>
		<bndbox>
			<xmin>2668</xmin>
			<ymin>915</ymin>
			<xmax>2884</xmax>
			<ymax>1119</ymax>
		</bndbox>
	</object>
	<object>
		<name>dish</name>
		<bndbox>
			<xmin>1072</xmin>
			<ymin>296</ymin>
			<xmax>2530</xmax>
			<ymax>1755</ymax>
		</bndbox>
	</object>
	<object>
		<name>자장면</name>
		<bndbox>
			<xmin>1209</xmin>
			<ymin>725</ymin>
			<xmax>2276</xmax>
			<ymax>1577</ymax>
		</bndbox>
	</object>
</annotation>