<annotation>
	<folder>top비빔면류원형배달자장면q1</folder>
	<filename>top_비빔면류_원형배달_자장면_Q1_00013.JPG</filename>
	<path>/top비빔면류원형배달자장면q1/top_비빔면류_원형배달_자장면_Q1_00013.JPG</path>
	<source>
		<database>fooddata</database>
	</source>
	<size>
		<width>3008</width>
		<height>2000</height>
		<depth>3</depth>
	</size>
	<object>
		<name>ref_spoon</name>
		<bndbox>
			<xmin>2022</xmin>
			<ymin>365</ymin>
			<xmax>2266</xmax>
			<ymax>723</ymax>
		</bndbox>
	</object>
	<object>
		<name>ref_fork</name>
		<bndbox>
			<xmin>2333</xmin>
			<ymin>381</ymin>
			<xmax>2509</xmax>
			<ymax>774</ymax>
		</bndbox>
	</object>
	<object>
		<name>ref_coin</name>
		<bndbox>
			<xmin>2112</xmin>
			<ymin>134</ymin>
			<xmax>2278</xmax>
			<ymax>309</ymax>
		</bndbox>
	</object>
	<object>
		<name>dish</name>
		<bndbox>
			<xmin>625</xmin>
			<ymin>621</ymin>
			<xmax>1936</xmax>
			<ymax>1897</ymax>
		</bndbox>
	</object>
	<object>
		<name>자장면</name>
		<bndbox>
			<xmin>894</xmin>
			<ymin>909</ymin>
			<xmax>1778</xmax>
			<ymax>1704</ymax>
		</bndbox>
	</object>
</annotation>