<annotation>
	<folder>top비빔면류원형배달자장면q1</folder>
	<filename>top_비빔면류_원형배달_자장면_Q1_00054.JPG</filename>
	<path>/top비빔면류원형배달자장면q1/top_비빔면류_원형배달_자장면_Q1_00054.JPG</path>
	<source>
		<database>fooddata</database>
	</source>
	<size>
		<width>3008</width>
		<height>2000</height>
		<depth>3</depth>
	</size>
	<object>
		<name>ref_spoon</name>
		<bndbox>
			<xmin>234</xmin>
			<ymin>304</ymin>
			<xmax>569</xmax>
			<ymax>776</ymax>
		</bndbox>
	</object>
	<object>
		<name>ref_fork</name>
		<bndbox>
			<xmin>722</xmin>
			<ymin>306</ymin>
			<xmax>951</xmax>
			<ymax>840</ymax>
		</bndbox>
	</object>
	<object>
		<name>ref_coin</name>
		<bndbox>
			<xmin>1961</xmin>
			<ymin>1707</ymin>
			<xmax>2195</xmax>
			<ymax>1953</ymax>
		</bndbox>
	</object>
	<object>
		<name>dish</name>
		<bndbox>
			<xmin>1189</xmin>
			<ymin>52</ymin>
			<xmax>2723</xmax>
			<ymax>1556</ymax>
		</bndbox>
	</object>
	<object>
		<name>자장면</name>
		<bndbox>
			<xmin>1307</xmin>
			<ymin>605</ymin>
			<xmax>2279</xmax>
			<ymax>1417</ymax>
		</bndbox>
	</object>
</annotation>