<annotation>
	<folder>side어육류정형철판햄버거스테이크q5</folder>
	<filename>side_어육류정형_철판_햄버거스테이크_Q5_00011.JPG</filename>
	<path>/side어육류정형철판햄버거스테이크q5/side_어육류정형_철판_햄버거스테이크_Q5_00011.JPG</path>
	<source>
		<database>fooddata</database>
	</source>
	<size>
		<width>3008</width>
		<height>2000</height>
		<depth>3</depth>
	</size>
	<object>
		<name>ref_spoon</name>
		<bndbox>
			<xmin>2256</xmin>
			<ymin>510</ymin>
			<xmax>2515</xmax>
			<ymax>845</ymax>
		</bndbox>
	</object>
	<object>
		<name>ref_fork</name>
		<bndbox>
			<xmin>2602</xmin>
			<ymin>500</ymin>
			<xmax>2795</xmax>
			<ymax>896</ymax>
		</bndbox>
	</object>
	<object>
		<name>ref_coin</name>
		<bndbox>
			<xmin>218</xmin>
			<ymin>921</ymin>
			<xmax>427</xmax>
			<ymax>1069</ymax>
		</bndbox>
	</object>
	<object>
		<name>dish</name>
		<bndbox>
			<xmin>782</xmin>
			<ymin>454</ymin>
			<xmax>2043</xmax>
			<ymax>1379</ymax>
		</bndbox>
	</object>
	<object>
		<name>햄버거스테이크</name>
		<bndbox>
			<xmin>849</xmin>
			<ymin>469</ymin>
			<xmax>1987</xmax>
			<ymax>1287</ymax>
		</bndbox>
	</object>
</annotation>