<annotation>
	<folder>side어육류정형철판햄버거스테이크q5</folder>
	<filename>side_어육류정형_철판_햄버거스테이크_Q5_00008.JPG</filename>
	<path>/side어육류정형철판햄버거스테이크q5/side_어육류정형_철판_햄버거스테이크_Q5_00008.JPG</path>
	<source>
		<database>fooddata</database>
	</source>
	<size>
		<width>3008</width>
		<height>2000</height>
		<depth>3</depth>
	</size>
	<object>
		<name>ref_spoon</name>
		<bndbox>
			<xmin>2226</xmin>
			<ymin>571</ymin>
			<xmax>2474</xmax>
			<ymax>952</ymax>
		</bndbox>
	</object>
	<object>
		<name>ref_fork</name>
		<bndbox>
			<xmin>2561</xmin>
			<ymin>571</ymin>
			<xmax>2749</xmax>
			<ymax>972</ymax>
		</bndbox>
	</object>
	<object>
		<name>ref_coin</name>
		<bndbox>
			<xmin>152</xmin>
			<ymin>1561</ymin>
			<xmax>366</xmax>
			<ymax>1724</ymax>
		</bndbox>
	</object>
	<object>
		<name>dish</name>
		<bndbox>
			<xmin>711</xmin>
			<ymin>520</ymin>
			<xmax>1982</xmax>
			<ymax>1434</ymax>
		</bndbox>
	</object>
	<object>
		<name>햄버거스테이크</name>
		<bndbox>
			<xmin>793</xmin>
			<ymin>581</ymin>
			<xmax>1865</xmax>
			<ymax>1338</ymax>
		</bndbox>
	</object>
</annotation>