<annotation>
	<folder>side어육류정형철판햄버거스테이크q5</folder>
	<filename>side_어육류정형_철판_햄버거스테이크_Q5_00046.JPG</filename>
	<path>/side어육류정형철판햄버거스테이크q5/side_어육류정형_철판_햄버거스테이크_Q5_00046.JPG</path>
	<source>
		<database>fooddata</database>
	</source>
	<size>
		<width>3008</width>
		<height>2000</height>
		<depth>3</depth>
	</size>
	<object>
		<name>ref_spoon</name>
		<bndbox>
			<xmin>127</xmin>
			<ymin>479</ymin>
			<xmax>406</xmax>
			<ymax>855</ymax>
		</bndbox>
	</object>
	<object>
		<name>ref_fork</name>
		<bndbox>
			<xmin>437</xmin>
			<ymin>530</ymin>
			<xmax>671</xmax>
			<ymax>936</ymax>
		</bndbox>
	</object>
	<object>
		<name>ref_coin</name>
		<bndbox>
			<xmin>2673</xmin>
			<ymin>1231</ymin>
			<xmax>2881</xmax>
			<ymax>1394</ymax>
		</bndbox>
	</object>
	<object>
		<name>dish</name>
		<bndbox>
			<xmin>879</xmin>
			<ymin>530</ymin>
			<xmax>2170</xmax>
			<ymax>1495</ymax>
		</bndbox>
	</object>
	<object>
		<name>햄버거스테이크</name>
		<bndbox>
			<xmin>965</xmin>
			<ymin>576</ymin>
			<xmax>2088</xmax>
			<ymax>1399</ymax>
		</bndbox>
	</object>
</annotation>