<annotation>
	<folder>side어육류정형철판햄버거스테이크q5</folder>
	<filename>side_어육류정형_철판_햄버거스테이크_Q5_00029.JPG</filename>
	<path>/side어육류정형철판햄버거스테이크q5/side_어육류정형_철판_햄버거스테이크_Q5_00029.JPG</path>
	<source>
		<database>fooddata</database>
	</source>
	<size>
		<width>3008</width>
		<height>2000</height>
		<depth>3</depth>
	</size>
	<object>
		<name>ref_spoon</name>
		<bndbox>
			<xmin>655</xmin>
			<ymin>1668</ymin>
			<xmax>1164</xmax>
			<ymax>1943</ymax>
		</bndbox>
	</object>
	<object>
		<name>ref_fork</name>
		<bndbox>
			<xmin>772</xmin>
			<ymin>1480</ymin>
			<xmax>1321</xmax>
			<ymax>1709</ymax>
		</bndbox>
	</object>
	<object>
		<name>ref_coin</name>
		<bndbox>
			<xmin>1768</xmin>
			<ymin>174</ymin>
			<xmax>1931</xmax>
			<ymax>286</ymax>
		</bndbox>
	</object>
	<object>
		<name>dish</name>
		<bndbox>
			<xmin>828</xmin>
			<ymin>408</ymin>
			<xmax>2063</xmax>
			<ymax>1292</ymax>
		</bndbox>
	</object>
	<object>
		<name>햄버거스테이크</name>
		<bndbox>
			<xmin>1011</xmin>
			<ymin>474</ymin>
			<xmax>2032</xmax>
			<ymax>1191</ymax>
		</bndbox>
	</object>
</annotation>