<annotation>
	<folder>side어육류정형철판햄버거스테이크q5</folder>
	<filename>side_어육류정형_철판_햄버거스테이크_Q5_00004.JPG</filename>
	<path>/side어육류정형철판햄버거스테이크q5/side_어육류정형_철판_햄버거스테이크_Q5_00004.JPG</path>
	<source>
		<database>fooddata</database>
	</source>
	<size>
		<width>3008</width>
		<height>2000</height>
		<depth>3</depth>
	</size>
	<object>
		<name>ref_spoon</name>
		<bndbox>
			<xmin>2017</xmin>
			<ymin>520</ymin>
			<xmax>2256</xmax>
			<ymax>845</ymax>
		</bndbox>
	</object>
	<object>
		<name>ref_fork</name>
		<bndbox>
			<xmin>2327</xmin>
			<ymin>520</ymin>
			<xmax>2500</xmax>
			<ymax>886</ymax>
		</bndbox>
	</object>
	<object>
		<name>ref_coin</name>
		<bndbox>
			<xmin>1270</xmin>
			<ymin>1607</ymin>
			<xmax>1489</xmax>
			<ymax>1770</ymax>
		</bndbox>
	</object>
	<object>
		<name>dish</name>
		<bndbox>
			<xmin>645</xmin>
			<ymin>439</ymin>
			<xmax>1814</xmax>
			<ymax>1252</ymax>
		</bndbox>
	</object>
	<object>
		<name>햄버거스테이크</name>
		<bndbox>
			<xmin>711</xmin>
			<ymin>489</ymin>
			<xmax>1758</xmax>
			<ymax>1145</ymax>
		</bndbox>
	</object>
</annotation>