<annotation>
	<folder>side어육류정형철판햄버거스테이크q5</folder>
	<filename>side_어육류정형_철판_햄버거스테이크_Q5_00041.JPG</filename>
	<path>/side어육류정형철판햄버거스테이크q5/side_어육류정형_철판_햄버거스테이크_Q5_00041.JPG</path>
	<source>
		<database>fooddata</database>
	</source>
	<size>
		<width>3008</width>
		<height>2000</height>
		<depth>3</depth>
	</size>
	<object>
		<name>ref_spoon</name>
		<bndbox>
			<xmin>249</xmin>
			<ymin>378</ymin>
			<xmax>528</xmax>
			<ymax>754</ymax>
		</bndbox>
	</object>
	<object>
		<name>ref_fork</name>
		<bndbox>
			<xmin>584</xmin>
			<ymin>378</ymin>
			<xmax>793</xmax>
			<ymax>804</ymax>
		</bndbox>
	</object>
	<object>
		<name>ref_coin</name>
		<bndbox>
			<xmin>1768</xmin>
			<ymin>98</ymin>
			<xmax>1961</xmax>
			<ymax>240</ymax>
		</bndbox>
	</object>
	<object>
		<name>dish</name>
		<bndbox>
			<xmin>1037</xmin>
			<ymin>332</ymin>
			<xmax>2454</xmax>
			<ymax>1368</ymax>
		</bndbox>
	</object>
	<object>
		<name>햄버거스테이크</name>
		<bndbox>
			<xmin>1189</xmin>
			<ymin>423</ymin>
			<xmax>2353</xmax>
			<ymax>1292</ymax>
		</bndbox>
	</object>
</annotation>