<annotation>
	<folder>side어육류정형철판햄버거스테이크q5</folder>
	<filename>side_어육류정형_철판_햄버거스테이크_Q5_00056.JPG</filename>
	<path>/side어육류정형철판햄버거스테이크q5/side_어육류정형_철판_햄버거스테이크_Q5_00056.JPG</path>
	<source>
		<database>fooddata</database>
	</source>
	<size>
		<width>3008</width>
		<height>2000</height>
		<depth>3</depth>
	</size>
	<object>
		<name>ref_spoon</name>
		<bndbox>
			<xmin>376</xmin>
			<ymin>459</ymin>
			<xmax>635</xmax>
			<ymax>809</ymax>
		</bndbox>
	</object>
	<object>
		<name>ref_fork</name>
		<bndbox>
			<xmin>686</xmin>
			<ymin>479</ymin>
			<xmax>899</xmax>
			<ymax>906</ymax>
		</bndbox>
	</object>
	<object>
		<name>ref_coin</name>
		<bndbox>
			<xmin>1778</xmin>
			<ymin>1744</ymin>
			<xmax>2007</xmax>
			<ymax>1922</ymax>
		</bndbox>
	</object>
	<object>
		<name>dish</name>
		<bndbox>
			<xmin>1118</xmin>
			<ymin>474</ymin>
			<xmax>2449</xmax>
			<ymax>1450</ymax>
		</bndbox>
	</object>
	<object>
		<name>햄버거스테이크</name>
		<bndbox>
			<xmin>1275</xmin>
			<ymin>586</ymin>
			<xmax>2358</xmax>
			<ymax>1363</ymax>
		</bndbox>
	</object>
</annotation>