<annotation>
	<folder>side어육류정형철판햄버거스테이크q5</folder>
	<filename>side_어육류정형_철판_햄버거스테이크_Q5_00044.JPG</filename>
	<path>/side어육류정형철판햄버거스테이크q5/side_어육류정형_철판_햄버거스테이크_Q5_00044.JPG</path>
	<source>
		<database>fooddata</database>
	</source>
	<size>
		<width>3008</width>
		<height>2000</height>
		<depth>3</depth>
	</size>
	<object>
		<name>ref_spoon</name>
		<bndbox>
			<xmin>351</xmin>
			<ymin>500</ymin>
			<xmax>605</xmax>
			<ymax>865</ymax>
		</bndbox>
	</object>
	<object>
		<name>ref_fork</name>
		<bndbox>
			<xmin>655</xmin>
			<ymin>535</ymin>
			<xmax>864</xmax>
			<ymax>957</ymax>
		</bndbox>
	</object>
	<object>
		<name>ref_coin</name>
		<bndbox>
			<xmin>2632</xmin>
			<ymin>723</ymin>
			<xmax>2830</xmax>
			<ymax>860</ymax>
		</bndbox>
	</object>
	<object>
		<name>dish</name>
		<bndbox>
			<xmin>1072</xmin>
			<ymin>550</ymin>
			<xmax>2353</xmax>
			<ymax>1516</ymax>
		</bndbox>
	</object>
	<object>
		<name>햄버거스테이크</name>
		<bndbox>
			<xmin>1138</xmin>
			<ymin>601</ymin>
			<xmax>2286</xmax>
			<ymax>1384</ymax>
		</bndbox>
	</object>
</annotation>