<annotation>
	<folder>top어육류정형철판햄버거스테이크q5</folder>
	<filename>top_어육류정형_철판_햄버거스테이크_Q5_00047.JPG</filename>
	<path>/top어육류정형철판햄버거스테이크q5/top_어육류정형_철판_햄버거스테이크_Q5_00047.JPG</path>
	<source>
		<database>fooddata</database>
	</source>
	<size>
		<width>3008</width>
		<height>2000</height>
		<depth>3</depth>
	</size>
	<object>
		<name>ref_spoon</name>
		<bndbox>
			<xmin>204</xmin>
			<ymin>268</ymin>
			<xmax>463</xmax>
			<ymax>651</ymax>
		</bndbox>
	</object>
	<object>
		<name>ref_fork</name>
		<bndbox>
			<xmin>568</xmin>
			<ymin>293</ymin>
			<xmax>737</xmax>
			<ymax>721</ymax>
		</bndbox>
	</object>
	<object>
		<name>ref_coin</name>
		<bndbox>
			<xmin>862</xmin>
			<ymin>1702</ymin>
			<xmax>1056</xmax>
			<ymax>1901</ymax>
		</bndbox>
	</object>
	<object>
		<name>dish</name>
		<bndbox>
			<xmin>941</xmin>
			<ymin>338</ymin>
			<xmax>2112</xmax>
			<ymax>1468</ymax>
		</bndbox>
	</object>
	<object>
		<name>햄버거스테이크</name>
		<bndbox>
			<xmin>1021</xmin>
			<ymin>507</ymin>
			<xmax>2007</xmax>
			<ymax>1359</ymax>
		</bndbox>
	</object>
</annotation>