<annotation>
	<folder>top어육류정형철판햄버거스테이크q5</folder>
	<filename>top_어육류정형_철판_햄버거스테이크_Q5_00051.JPG</filename>
	<path>/top어육류정형철판햄버거스테이크q5/top_어육류정형_철판_햄버거스테이크_Q5_00051.JPG</path>
	<source>
		<database>fooddata</database>
	</source>
	<size>
		<width>3008</width>
		<height>2000</height>
		<depth>3</depth>
	</size>
	<object>
		<name>ref_spoon</name>
		<bndbox>
			<xmin>224</xmin>
			<ymin>213</ymin>
			<xmax>478</xmax>
			<ymax>617</ymax>
		</bndbox>
	</object>
	<object>
		<name>ref_fork</name>
		<bndbox>
			<xmin>563</xmin>
			<ymin>253</ymin>
			<xmax>737</xmax>
			<ymax>701</ymax>
		</bndbox>
	</object>
	<object>
		<name>ref_coin</name>
		<bndbox>
			<xmin>767</xmin>
			<ymin>1717</ymin>
			<xmax>951</xmax>
			<ymax>1911</ymax>
		</bndbox>
	</object>
	<object>
		<name>dish</name>
		<bndbox>
			<xmin>921</xmin>
			<ymin>368</ymin>
			<xmax>2102</xmax>
			<ymax>1533</ymax>
		</bndbox>
	</object>
	<object>
		<name>햄버거스테이크</name>
		<bndbox>
			<xmin>1001</xmin>
			<ymin>582</ymin>
			<xmax>1997</xmax>
			<ymax>1388</ymax>
		</bndbox>
	</object>
</annotation>