<annotation>
	<folder>top어육류정형철판햄버거스테이크q5</folder>
	<filename>top_어육류정형_철판_햄버거스테이크_Q5_00018.JPG</filename>
	<path>/top어육류정형철판햄버거스테이크q5/top_어육류정형_철판_햄버거스테이크_Q5_00018.JPG</path>
	<source>
		<database>fooddata</database>
	</source>
	<size>
		<width>3008</width>
		<height>2000</height>
		<depth>3</depth>
	</size>
	<object>
		<name>ref_spoon</name>
		<bndbox>
			<xmin>901</xmin>
			<ymin>1682</ymin>
			<xmax>1240</xmax>
			<ymax>1881</ymax>
		</bndbox>
	</object>
	<object>
		<name>ref_fork</name>
		<bndbox>
			<xmin>966</xmin>
			<ymin>1493</ymin>
			<xmax>1290</xmax>
			<ymax>1618</ymax>
		</bndbox>
	</object>
	<object>
		<name>ref_coin</name>
		<bndbox>
			<xmin>712</xmin>
			<ymin>1279</ymin>
			<xmax>847</xmax>
			<ymax>1403</ymax>
		</bndbox>
	</object>
	<object>
		<name>dish</name>
		<bndbox>
			<xmin>1051</xmin>
			<ymin>492</ymin>
			<xmax>1878</xmax>
			<ymax>1304</ymax>
		</bndbox>
	</object>
	<object>
		<name>햄버거스테이크</name>
		<bndbox>
			<xmin>1140</xmin>
			<ymin>557</ymin>
			<xmax>1763</xmax>
			<ymax>1244</ymax>
		</bndbox>
	</object>
</annotation>