<annotation>
	<folder>top어육류정형철판햄버거스테이크q5</folder>
	<filename>top_어육류정형_철판_햄버거스테이크_Q5_00053.JPG</filename>
	<path>/top어육류정형철판햄버거스테이크q5/top_어육류정형_철판_햄버거스테이크_Q5_00053.JPG</path>
	<source>
		<database>fooddata</database>
	</source>
	<size>
		<width>3008</width>
		<height>2000</height>
		<depth>3</depth>
	</size>
	<object>
		<name>ref_spoon</name>
		<bndbox>
			<xmin>269</xmin>
			<ymin>238</ymin>
			<xmax>528</xmax>
			<ymax>661</ymax>
		</bndbox>
	</object>
	<object>
		<name>ref_fork</name>
		<bndbox>
			<xmin>632</xmin>
			<ymin>283</ymin>
			<xmax>802</xmax>
			<ymax>741</ymax>
		</bndbox>
	</object>
	<object>
		<name>ref_coin</name>
		<bndbox>
			<xmin>916</xmin>
			<ymin>1702</ymin>
			<xmax>1116</xmax>
			<ymax>1896</ymax>
		</bndbox>
	</object>
	<object>
		<name>dish</name>
		<bndbox>
			<xmin>1011</xmin>
			<ymin>308</ymin>
			<xmax>2201</xmax>
			<ymax>1478</ymax>
		</bndbox>
	</object>
	<object>
		<name>햄버거스테이크</name>
		<bndbox>
			<xmin>1106</xmin>
			<ymin>497</ymin>
			<xmax>2102</xmax>
			<ymax>1398</ymax>
		</bndbox>
	</object>
</annotation>