<annotation>
	<folder>top어육류정형철판햄버거스테이크q5</folder>
	<filename>top_어육류정형_철판_햄버거스테이크_Q5_00035.JPG</filename>
	<path>/top어육류정형철판햄버거스테이크q5/top_어육류정형_철판_햄버거스테이크_Q5_00035.JPG</path>
	<source>
		<database>fooddata</database>
	</source>
	<size>
		<width>3008</width>
		<height>2000</height>
		<depth>3</depth>
	</size>
	<object>
		<name>ref_spoon</name>
		<bndbox>
			<xmin>772</xmin>
			<ymin>1702</ymin>
			<xmax>1121</xmax>
			<ymax>1911</ymax>
		</bndbox>
	</object>
	<object>
		<name>ref_fork</name>
		<bndbox>
			<xmin>837</xmin>
			<ymin>1508</ymin>
			<xmax>1185</xmax>
			<ymax>1637</ymax>
		</bndbox>
	</object>
	<object>
		<name>ref_coin</name>
		<bndbox>
			<xmin>1997</xmin>
			<ymin>930</ymin>
			<xmax>2141</xmax>
			<ymax>1070</ymax>
		</bndbox>
	</object>
	<object>
		<name>dish</name>
		<bndbox>
			<xmin>906</xmin>
			<ymin>397</ymin>
			<xmax>1773</xmax>
			<ymax>1274</ymax>
		</bndbox>
	</object>
	<object>
		<name>햄버거스테이크</name>
		<bndbox>
			<xmin>1026</xmin>
			<ymin>452</ymin>
			<xmax>1703</xmax>
			<ymax>1199</ymax>
		</bndbox>
	</object>
</annotation>