<annotation>
	<folder>top어육류정형철판햄버거스테이크q5</folder>
	<filename>top_어육류정형_철판_햄버거스테이크_Q5_00006.JPG</filename>
	<path>/top어육류정형철판햄버거스테이크q5/top_어육류정형_철판_햄버거스테이크_Q5_00006.JPG</path>
	<source>
		<database>fooddata</database>
	</source>
	<size>
		<width>3008</width>
		<height>2000</height>
		<depth>3</depth>
	</size>
	<object>
		<name>ref_spoon</name>
		<bndbox>
			<xmin>2107</xmin>
			<ymin>303</ymin>
			<xmax>2326</xmax>
			<ymax>656</ymax>
		</bndbox>
	</object>
	<object>
		<name>ref_fork</name>
		<bndbox>
			<xmin>2395</xmin>
			<ymin>308</ymin>
			<xmax>2565</xmax>
			<ymax>706</ymax>
		</bndbox>
	</object>
	<object>
		<name>ref_coin</name>
		<bndbox>
			<xmin>812</xmin>
			<ymin>1608</ymin>
			<xmax>966</xmax>
			<ymax>1772</ymax>
		</bndbox>
	</object>
	<object>
		<name>dish</name>
		<bndbox>
			<xmin>707</xmin>
			<ymin>293</ymin>
			<xmax>1753</xmax>
			<ymax>1339</ymax>
		</bndbox>
	</object>
	<object>
		<name>햄버거스테이크</name>
		<bndbox>
			<xmin>852</xmin>
			<ymin>348</ymin>
			<xmax>1658</xmax>
			<ymax>1184</ymax>
		</bndbox>
	</object>
</annotation>