<annotation>
	<folder>top어육류정형철판햄버거스테이크q5</folder>
	<filename>top_어육류정형_철판_햄버거스테이크_Q5_00031.JPG</filename>
	<path>/top어육류정형철판햄버거스테이크q5/top_어육류정형_철판_햄버거스테이크_Q5_00031.JPG</path>
	<source>
		<database>fooddata</database>
	</source>
	<size>
		<width>3008</width>
		<height>2000</height>
		<depth>3</depth>
	</size>
	<object>
		<name>ref_spoon</name>
		<bndbox>
			<xmin>772</xmin>
			<ymin>1712</ymin>
			<xmax>1121</xmax>
			<ymax>1916</ymax>
		</bndbox>
	</object>
	<object>
		<name>ref_fork</name>
		<bndbox>
			<xmin>827</xmin>
			<ymin>1513</ymin>
			<xmax>1170</xmax>
			<ymax>1652</ymax>
		</bndbox>
	</object>
	<object>
		<name>ref_coin</name>
		<bndbox>
			<xmin>1708</xmin>
			<ymin>69</ymin>
			<xmax>1853</xmax>
			<ymax>198</ymax>
		</bndbox>
	</object>
	<object>
		<name>dish</name>
		<bndbox>
			<xmin>936</xmin>
			<ymin>253</ymin>
			<xmax>1798</xmax>
			<ymax>1085</ymax>
		</bndbox>
	</object>
	<object>
		<name>햄버거스테이크</name>
		<bndbox>
			<xmin>991</xmin>
			<ymin>343</ymin>
			<xmax>1688</xmax>
			<ymax>935</ymax>
		</bndbox>
	</object>
</annotation>